seed,seat,candidate_money,opponent_money,margin,result,candidate_status,opponent_status,game_done,wall_seconds,action_calls,agent_errors,invalid_action_shapes,runtime_p50_ms,runtime_p95_ms,runtime_p99_ms,runtime_max_ms,field_counts,market_counts,market_quantities,variant,opponent,overlay_price_shocks,overlay_price_shocks_WOOL,overlay_changed_market_actions,overlay_recoveries,overlay_recoveries_WOOL,overlay_price_shocks_STRAWBERRY,overlay_recoveries_STRAWBERRY,overlay_delayed_units,overlay_delayed_STRAWBERRY,overlay_released_units,overlay_released_STRAWBERRY,overlay_terminal_flush_units,overlay_terminal_flush_MELON,overlay_terminal_flush_STRAWBERRY,overlay_terminal_flush_MILK,overlay_terminal_flush_WOOL,overlay_pending_MELON,overlay_pending_STRAWBERRY,overlay_pending_MILK,overlay_pending_WOOL,overlay_last_step,overlay_field_changed,overlay_nonpremium_changed,overlay_price_shocks_MILK,overlay_recoveries_MILK,overlay_delayed_MILK,overlay_released_MILK,overlay_delayed_WOOL,overlay_released_WOOL,overlay_price_shocks_MELON,overlay_recoveries_MELON,overlay_delayed_MELON,overlay_released_MELON
17,0,143061.0,149929.0,-6868.0,loss,DONE,DONE,1,2.778861375001725,719,0,0,0.008541,0.04434590000000002,0.06811744,0.233083,"{""BUILD_PASTURE"": 14, ""CARE"": 308, ""COLLECT_FERTILIZER"": 318, ""DIG"": 25, ""DROP"": 80, ""EAST"": 857, ""FEED"": 319, ""FERTILIZE"": 107, ""HARVEST"": 338, ""NORTH"": 1236, ""PASS"": 377, ""PICKUP"": 339, ""PLACE"": 27, ""PLANT"": 131, ""SOUTH"": 929, ""WATER"": 851, ""WEST"": 1098}","{""BUY_ANIMAL"": 14, ""BUY_LAND"": 2, ""BUY_PRODUCT"": 279, ""BUY_SEED"": 54, ""HIRE"": 306, ""SELL"": 481}","{""BUY_ANIMAL:COW"": 8, ""BUY_ANIMAL:SHEEP"": 6, ""BUY_PRODUCT:WHEAT"": 967, ""BUY_SEED:MELON"": 21, ""BUY_SEED:STRAWBERRY"": 44, ""BUY_SEED:WHEAT"": 66, ""SELL:CARROT"": 13, ""SELL:EGG"": 8, ""SELL:FERTILIZER"": 445, ""SELL:MELON"": 224, ""SELL:MILK"": 682, ""SELL:STRAWBERRY"": 636, ""SELL:TOMATO"": 4, ""SELL:WHEAT"": 1108, ""SELL:WOOL"": 373}",control,v012,,,,,,,,,,,,,,,,,,,,,,,,,,,,,,,,,
17,1,149929.0,143061.0,6868.0,win,DONE,DONE,1,2.890495624997129,719,0,0,0.006792,0.03929170000000001,0.05871694000000002,0.088917,"{""BUILD_PASTURE"": 14, ""CARE"": 308, ""COLLECT_FERTILIZER"": 318, ""DIG"": 25, ""DROP"": 80, ""EAST"": 857, ""FEED"": 319, ""FERTILIZE"": 107, ""HARVEST"": 338, ""NORTH"": 1236, ""PASS"": 377, ""PICKUP"": 339, ""PLACE"": 27, ""PLANT"": 131, ""SOUTH"": 929, ""WATER"": 851, ""WEST"": 1098}","{""BUY_ANIMAL"": 14, ""BUY_LAND"": 2, ""BUY_PRODUCT"": 279, ""BUY_SEED"": 54, ""HIRE"": 306, ""SELL"": 481}","{""BUY_ANIMAL:COW"": 8, ""BUY_ANIMAL:SHEEP"": 6, ""BUY_PRODUCT:WHEAT"": 967, ""BUY_SEED:MELON"": 21, ""BUY_SEED:STRAWBERRY"": 44, ""BUY_SEED:WHEAT"": 66, ""SELL:CARROT"": 13, ""SELL:EGG"": 8, ""SELL:FERTILIZER"": 445, ""SELL:MELON"": 224, ""SELL:MILK"": 682, ""SELL:STRAWBERRY"": 636, ""SELL:TOMATO"": 4, ""SELL:WHEAT"": 1108, ""SELL:WOOL"": 373}",control,v012,,,,,,,,,,,,,,,,,,,,,,,,,,,,,,,,,
42,0,131077.0,131180.0,-103.0,loss,DONE,DONE,1,2.9093074580014218,719,0,0,0.0085,0.058478800000000004,0.07292294000000019,0.333583,"{""BUILD_PASTURE"": 14, ""CARE"": 308, ""COLLECT_FERTILIZER"": 318, ""DIG"": 25, ""DROP"": 80, ""EAST"": 857, ""FEED"": 319, ""FERTILIZE"": 107, ""HARVEST"": 338, ""NORTH"": 1236, ""PASS"": 377, ""PICKUP"": 339, ""PLACE"": 27, ""PLANT"": 131, ""SOUTH"": 929, ""WATER"": 851, ""WEST"": 1098}","{""BUY_ANIMAL"": 14, ""BUY_LAND"": 2, ""BUY_PRODUCT"": 279, ""BUY_SEED"": 54, ""HIRE"": 306, ""SELL"": 481}","{""BUY_ANIMAL:COW"": 8, ""BUY_ANIMAL:SHEEP"": 6, ""BUY_PRODUCT:WHEAT"": 967, ""BUY_SEED:MELON"": 21, ""BUY_SEED:STRAWBERRY"": 44, ""BUY_SEED:WHEAT"": 66, ""SELL:CARROT"": 13, ""SELL:EGG"": 8, ""SELL:FERTILIZER"": 445, ""SELL:MELON"": 224, ""SELL:MILK"": 682, ""SELL:STRAWBERRY"": 636, ""SELL:TOMATO"": 4, ""SELL:WHEAT"": 1108, ""SELL:WOOL"": 373}",control,v012,,,,,,,,,,,,,,,,,,,,,,,,,,,,,,,,,
42,1,131180.0,131077.0,103.0,win,DONE,DONE,1,2.902024374998291,719,0,0,0.006792,0.04030000000000001,0.0603973800000001,0.19125,"{""BUILD_PASTURE"": 14, ""CARE"": 308, ""COLLECT_FERTILIZER"": 318, ""DIG"": 25, ""DROP"": 80, ""EAST"": 857, ""FEED"": 319, ""FERTILIZE"": 107, ""HARVEST"": 338, ""NORTH"": 1236, ""PASS"": 377, ""PICKUP"": 339, ""PLACE"": 27, ""PLANT"": 131, ""SOUTH"": 929, ""WATER"": 851, ""WEST"": 1098}","{""BUY_ANIMAL"": 14, ""BUY_LAND"": 2, ""BUY_PRODUCT"": 279, ""BUY_SEED"": 54, ""HIRE"": 306, ""SELL"": 481}","{""BUY_ANIMAL:COW"": 8, ""BUY_ANIMAL:SHEEP"": 6, ""BUY_PRODUCT:WHEAT"": 967, ""BUY_SEED:MELON"": 21, ""BUY_SEED:STRAWBERRY"": 44, ""BUY_SEED:WHEAT"": 66, ""SELL:CARROT"": 13, ""SELL:EGG"": 8, ""SELL:FERTILIZER"": 445, ""SELL:MELON"": 224, ""SELL:MILK"": 682, ""SELL:STRAWBERRY"": 636, ""SELL:TOMATO"": 4, ""SELL:WHEAT"": 1108, ""SELL:WOOL"": 373}",control,v012,,,,,,,,,,,,,,,,,,,,,,,,,,,,,,,,,
2026,0,110046.0,107955.0,2091.0,win,DONE,DONE,1,2.9595136659991113,719,0,0,0.008334,0.04699160000000013,0.06913750000000005,0.295375,"{""BUILD_PASTURE"": 14, ""CARE"": 308, ""COLLECT_FERTILIZER"": 318, ""DIG"": 25, ""DROP"": 80, ""EAST"": 857, ""FEED"": 319, ""FERTILIZE"": 107, ""HARVEST"": 338, ""NORTH"": 1236, ""PASS"": 377, ""PICKUP"": 339, ""PLACE"": 27, ""PLANT"": 131, ""SOUTH"": 929, ""WATER"": 851, ""WEST"": 1098}","{""BUY_ANIMAL"": 14, ""BUY_LAND"": 2, ""BUY_PRODUCT"": 279, ""BUY_SEED"": 54, ""HIRE"": 306, ""SELL"": 450}","{""BUY_ANIMAL:COW"": 8, ""BUY_ANIMAL:SHEEP"": 6, ""BUY_PRODUCT:WHEAT"": 967, ""BUY_SEED:MELON"": 21, ""BUY_SEED:STRAWBERRY"": 44, ""BUY_SEED:WHEAT"": 66, ""SELL:CARROT"": 13, ""SELL:EGG"": 8, ""SELL:FERTILIZER"": 437, ""SELL:MELON"": 224, ""SELL:MILK"": 614, ""SELL:STRAWBERRY"": 567, ""SELL:TOMATO"": 4, ""SELL:WHEAT"": 1108, ""SELL:WOOL"": 354}",control,v012,,,,,,,,,,,,,,,,,,,,,,,,,,,,,,,,,
2026,1,107955.0,110046.0,-2091.0,loss,DONE,DONE,1,2.843727083003614,719,0,0,0.006917,0.040629800000000015,0.06,0.130458,"{""BUILD_PASTURE"": 14, ""CARE"": 308, ""COLLECT_FERTILIZER"": 318, ""DIG"": 25, ""DROP"": 80, ""EAST"": 857, ""FEED"": 319, ""FERTILIZE"": 107, ""HARVEST"": 338, ""NORTH"": 1236, ""PASS"": 377, ""PICKUP"": 339, ""PLACE"": 27, ""PLANT"": 131, ""SOUTH"": 929, ""WATER"": 851, ""WEST"": 1098}","{""BUY_ANIMAL"": 14, ""BUY_LAND"": 2, ""BUY_PRODUCT"": 279, ""BUY_SEED"": 54, ""HIRE"": 306, ""SELL"": 450}","{""BUY_ANIMAL:COW"": 8, ""BUY_ANIMAL:SHEEP"": 6, ""BUY_PRODUCT:WHEAT"": 967, ""BUY_SEED:MELON"": 21, ""BUY_SEED:STRAWBERRY"": 44, ""BUY_SEED:WHEAT"": 66, ""SELL:CARROT"": 13, ""SELL:EGG"": 8, ""SELL:FERTILIZER"": 437, ""SELL:MELON"": 224, ""SELL:MILK"": 614, ""SELL:STRAWBERRY"": 567, ""SELL:TOMATO"": 4, ""SELL:WHEAT"": 1108, ""SELL:WOOL"": 354}",control,v012,,,,,,,,,,,,,,,,,,,,,,,,,,,,,,,,,
217,0,103544.0,103313.0,231.0,win,DONE,DONE,1,2.912659583002096,719,0,0,0.008375,0.05660060000000001,0.10470756000000175,0.294834,"{""BUILD_PASTURE"": 14, ""CARE"": 308, ""COLLECT_FERTILIZER"": 318, ""DIG"": 25, ""DROP"": 80, ""EAST"": 857, ""FEED"": 319, ""FERTILIZE"": 107, ""HARVEST"": 338, ""NORTH"": 1236, ""PASS"": 377, ""PICKUP"": 339, ""PLACE"": 27, ""PLANT"": 131, ""SOUTH"": 929, ""WATER"": 851, ""WEST"": 1098}","{""BUY_ANIMAL"": 14, ""BUY_LAND"": 2, ""BUY_PRODUCT"": 279, ""BUY_SEED"": 54, ""HIRE"": 306, ""SELL"": 481}","{""BUY_ANIMAL:COW"": 8, ""BUY_ANIMAL:SHEEP"": 6, ""BUY_PRODUCT:WHEAT"": 967, ""BUY_SEED:MELON"": 21, ""BUY_SEED:STRAWBERRY"": 44, ""BUY_SEED:WHEAT"": 66, ""SELL:CARROT"": 13, ""SELL:EGG"": 8, ""SELL:FERTILIZER"": 445, ""SELL:MELON"": 224, ""SELL:MILK"": 682, ""SELL:STRAWBERRY"": 636, ""SELL:TOMATO"": 4, ""SELL:WHEAT"": 1108, ""SELL:WOOL"": 373}",control,v012,,,,,,,,,,,,,,,,,,,,,,,,,,,,,,,,,
217,1,103313.0,103544.0,-231.0,loss,DONE,DONE,1,2.937603250000393,719,0,0,0.00675,0.039904100000000005,0.05746994000000001,0.123,"{""BUILD_PASTURE"": 14, ""CARE"": 308, ""COLLECT_FERTILIZER"": 318, ""DIG"": 25, ""DROP"": 80, ""EAST"": 857, ""FEED"": 319, ""FERTILIZE"": 107, ""HARVEST"": 338, ""NORTH"": 1236, ""PASS"": 377, ""PICKUP"": 339, ""PLACE"": 27, ""PLANT"": 131, ""SOUTH"": 929, ""WATER"": 851, ""WEST"": 1098}","{""BUY_ANIMAL"": 14, ""BUY_LAND"": 2, ""BUY_PRODUCT"": 279, ""BUY_SEED"": 54, ""HIRE"": 306, ""SELL"": 481}","{""BUY_ANIMAL:COW"": 8, ""BUY_ANIMAL:SHEEP"": 6, ""BUY_PRODUCT:WHEAT"": 967, ""BUY_SEED:MELON"": 21, ""BUY_SEED:STRAWBERRY"": 44, ""BUY_SEED:WHEAT"": 66, ""SELL:CARROT"": 13, ""SELL:EGG"": 8, ""SELL:FERTILIZER"": 445, ""SELL:MELON"": 224, ""SELL:MILK"": 682, ""SELL:STRAWBERRY"": 636, ""SELL:TOMATO"": 4, ""SELL:WHEAT"": 1108, ""SELL:WOOL"": 373}",control,v012,,,,,,,,,,,,,,,,,,,,,,,,,,,,,,,,,
317,0,131722.0,131863.0,-141.0,loss,DONE,DONE,1,3.021383250001236,719,0,0,0.009,0.04952530000000006,0.07725706000000007,0.22325,"{""BUILD_PASTURE"": 14, ""CARE"": 308, ""COLLECT_FERTILIZER"": 318, ""DIG"": 25, ""DROP"": 80, ""EAST"": 857, ""FEED"": 319, ""FERTILIZE"": 107, ""HARVEST"": 338, ""NORTH"": 1236, ""PASS"": 377, ""PICKUP"": 339, ""PLACE"": 27, ""PLANT"": 131, ""SOUTH"": 929, ""WATER"": 851, ""WEST"": 1098}","{""BUY_ANIMAL"": 14, ""BUY_LAND"": 2, ""BUY_PRODUCT"": 279, ""BUY_SEED"": 54, ""HIRE"": 306, ""SELL"": 450}","{""BUY_ANIMAL:COW"": 8, ""BUY_ANIMAL:SHEEP"": 6, ""BUY_PRODUCT:WHEAT"": 967, ""BUY_SEED:MELON"": 21, ""BUY_SEED:STRAWBERRY"": 44, ""BUY_SEED:WHEAT"": 66, ""SELL:CARROT"": 13, ""SELL:EGG"": 8, ""SELL:FERTILIZER"": 437, ""SELL:MELON"": 224, ""SELL:MILK"": 614, ""SELL:STRAWBERRY"": 567, ""SELL:TOMATO"": 4, ""SELL:WHEAT"": 1108, ""SELL:WOOL"": 354}",control,v012,,,,,,,,,,,,,,,,,,,,,,,,,,,,,,,,,
317,1,131863.0,131722.0,141.0,win,DONE,DONE,1,3.038442249999207,719,0,0,0.007084,0.0425503,0.05944744000000002,0.402167,"{""BUILD_PASTURE"": 14, ""CARE"": 308, ""COLLECT_FERTILIZER"": 318, ""DIG"": 25, ""DROP"": 80, ""EAST"": 857, ""FEED"": 319, ""FERTILIZE"": 107, ""HARVEST"": 338, ""NORTH"": 1236, ""PASS"": 377, ""PICKUP"": 339, ""PLACE"": 27, ""PLANT"": 131, ""SOUTH"": 929, ""WATER"": 851, ""WEST"": 1098}","{""BUY_ANIMAL"": 14, ""BUY_LAND"": 2, ""BUY_PRODUCT"": 279, ""BUY_SEED"": 54, ""HIRE"": 306, ""SELL"": 450}","{""BUY_ANIMAL:COW"": 8, ""BUY_ANIMAL:SHEEP"": 6, ""BUY_PRODUCT:WHEAT"": 967, ""BUY_SEED:MELON"": 21, ""BUY_SEED:STRAWBERRY"": 44, ""BUY_SEED:WHEAT"": 66, ""SELL:CARROT"": 13, ""SELL:EGG"": 8, ""SELL:FERTILIZER"": 437, ""SELL:MELON"": 224, ""SELL:MILK"": 614, ""SELL:STRAWBERRY"": 567, ""SELL:TOMATO"": 4, ""SELL:WHEAT"": 1108, ""SELL:WOOL"": 354}",control,v012,,,,,,,,,,,,,,,,,,,,,,,,,,,,,,,,,
733,0,126245.0,126194.0,51.0,win,DONE,DONE,1,2.933797334000701,719,0,0,0.008333,0.04533340000000002,0.06768632000000001,0.306459,"{""BUILD_PASTURE"": 14, ""CARE"": 308, ""COLLECT_FERTILIZER"": 318, ""DIG"": 25, ""DROP"": 80, ""EAST"": 857, ""FEED"": 319, ""FERTILIZE"": 107, ""HARVEST"": 338, ""NORTH"": 1236, ""PASS"": 377, ""PICKUP"": 339, ""PLACE"": 27, ""PLANT"": 131, ""SOUTH"": 929, ""WATER"": 851, ""WEST"": 1098}","{""BUY_ANIMAL"": 14, ""BUY_LAND"": 2, ""BUY_PRODUCT"": 279, ""BUY_SEED"": 54, ""HIRE"": 306, ""SELL"": 450}","{""BUY_ANIMAL:COW"": 8, ""BUY_ANIMAL:SHEEP"": 6, ""BUY_PRODUCT:WHEAT"": 967, ""BUY_SEED:MELON"": 21, ""BUY_SEED:STRAWBERRY"": 44, ""BUY_SEED:WHEAT"": 66, ""SELL:CARROT"": 13, ""SELL:EGG"": 8, ""SELL:FERTILIZER"": 437, ""SELL:MELON"": 224, ""SELL:MILK"": 614, ""SELL:STRAWBERRY"": 567, ""SELL:TOMATO"": 4, ""SELL:WHEAT"": 1108, ""SELL:WOOL"": 354}",control,v012,,,,,,,,,,,,,,,,,,,,,,,,,,,,,,,,,
733,1,126194.0,126245.0,-51.0,loss,DONE,DONE,1,2.8623344999941764,719,0,0,0.006833,0.0404337,0.061651940000000106,0.24525,"{""BUILD_PASTURE"": 14, ""CARE"": 308, ""COLLECT_FERTILIZER"": 318, ""DIG"": 25, ""DROP"": 80, ""EAST"": 857, ""FEED"": 319, ""FERTILIZE"": 107, ""HARVEST"": 338, ""NORTH"": 1236, ""PASS"": 377, ""PICKUP"": 339, ""PLACE"": 27, ""PLANT"": 131, ""SOUTH"": 929, ""WATER"": 851, ""WEST"": 1098}","{""BUY_ANIMAL"": 14, ""BUY_LAND"": 2, ""BUY_PRODUCT"": 279, ""BUY_SEED"": 54, ""HIRE"": 306, ""SELL"": 450}","{""BUY_ANIMAL:COW"": 8, ""BUY_ANIMAL:SHEEP"": 6, ""BUY_PRODUCT:WHEAT"": 967, ""BUY_SEED:MELON"": 21, ""BUY_SEED:STRAWBERRY"": 44, ""BUY_SEED:WHEAT"": 66, ""SELL:CARROT"": 13, ""SELL:EGG"": 8, ""SELL:FERTILIZER"": 437, ""SELL:MELON"": 224, ""SELL:MILK"": 614, ""SELL:STRAWBERRY"": 567, ""SELL:TOMATO"": 4, ""SELL:WHEAT"": 1108, ""SELL:WOOL"": 354}",control,v012,,,,,,,,,,,,,,,,,,,,,,,,,,,,,,,,,
17,0,138456.0,98790.0,39666.0,win,DONE,DONE,1,3.2375649999958114,719,0,0,0.009208,0.05596660000000002,0.15318118000000291,0.250791,"{""BUILD_PASTURE"": 14, ""CARE"": 308, ""COLLECT_FERTILIZER"": 318, ""DIG"": 25, ""DROP"": 80, ""EAST"": 857, ""FEED"": 319, ""FERTILIZE"": 107, ""HARVEST"": 338, ""NORTH"": 1236, ""PASS"": 377, ""PICKUP"": 339, ""PLACE"": 27, ""PLANT"": 131, ""SOUTH"": 929, ""WATER"": 851, ""WEST"": 1098}","{""BUY_ANIMAL"": 14, ""BUY_LAND"": 2, ""BUY_PRODUCT"": 279, ""BUY_SEED"": 54, ""HIRE"": 306, ""SELL"": 481}","{""BUY_ANIMAL:COW"": 8, ""BUY_ANIMAL:SHEEP"": 6, ""BUY_PRODUCT:WHEAT"": 967, ""BUY_SEED:MELON"": 21, ""BUY_SEED:STRAWBERRY"": 44, ""BUY_SEED:WHEAT"": 66, ""SELL:CARROT"": 13, ""SELL:EGG"": 8, ""SELL:FERTILIZER"": 445, ""SELL:MELON"": 224, ""SELL:MILK"": 682, ""SELL:STRAWBERRY"": 636, ""SELL:TOMATO"": 4, ""SELL:WHEAT"": 1108, ""SELL:WOOL"": 373}",control,baseline,,,,,,,,,,,,,,,,,,,,,,,,,,,,,,,,,
17,1,139022.0,99020.0,40002.0,win,DONE,DONE,1,3.2809216660025413,719,0,0,0.00875,0.018112200000000033,0.06556888000000001,0.06975,"{""BUILD_PASTURE"": 14, ""CARE"": 308, ""COLLECT_FERTILIZER"": 318, ""DIG"": 25, ""DROP"": 80, ""EAST"": 857, ""FEED"": 319, ""FERTILIZE"": 107, ""HARVEST"": 338, ""NORTH"": 1236, ""PASS"": 377, ""PICKUP"": 339, ""PLACE"": 27, ""PLANT"": 131, ""SOUTH"": 929, ""WATER"": 851, ""WEST"": 1098}","{""BUY_ANIMAL"": 14, ""BUY_LAND"": 2, ""BUY_PRODUCT"": 279, ""BUY_SEED"": 54, ""HIRE"": 306, ""SELL"": 481}","{""BUY_ANIMAL:COW"": 8, ""BUY_ANIMAL:SHEEP"": 6, ""BUY_PRODUCT:WHEAT"": 967, ""BUY_SEED:MELON"": 21, ""BUY_SEED:STRAWBERRY"": 44, ""BUY_SEED:WHEAT"": 66, ""SELL:CARROT"": 13, ""SELL:EGG"": 8, ""SELL:FERTILIZER"": 445, ""SELL:MELON"": 224, ""SELL:MILK"": 682, ""SELL:STRAWBERRY"": 636, ""SELL:TOMATO"": 4, ""SELL:WHEAT"": 1108, ""SELL:WOOL"": 373}",control,baseline,,,,,,,,,,,,,,,,,,,,,,,,,,,,,,,,,
42,0,169035.0,114209.0,54826.0,win,DONE,DONE,1,3.3013680419971934,719,0,0,0.009417,0.0556711,0.09289250000000017,0.27825,"{""BUILD_PASTURE"": 14, ""CARE"": 308, ""COLLECT_FERTILIZER"": 318, ""DIG"": 25, ""DROP"": 80, ""EAST"": 857, ""FEED"": 319, ""FERTILIZE"": 107, ""HARVEST"": 338, ""NORTH"": 1236, ""PASS"": 377, ""PICKUP"": 339, ""PLACE"": 27, ""PLANT"": 131, ""SOUTH"": 929, ""WATER"": 851, ""WEST"": 1098}","{""BUY_ANIMAL"": 14, ""BUY_LAND"": 2, ""BUY_PRODUCT"": 279, ""BUY_SEED"": 54, ""HIRE"": 306, ""SELL"": 481}","{""BUY_ANIMAL:COW"": 8, ""BUY_ANIMAL:SHEEP"": 6, ""BUY_PRODUCT:WHEAT"": 967, ""BUY_SEED:MELON"": 21, ""BUY_SEED:STRAWBERRY"": 44, ""BUY_SEED:WHEAT"": 66, ""SELL:CARROT"": 13, ""SELL:EGG"": 8, ""SELL:FERTILIZER"": 445, ""SELL:MELON"": 224, ""SELL:MILK"": 682, ""SELL:STRAWBERRY"": 636, ""SELL:TOMATO"": 4, ""SELL:WHEAT"": 1108, ""SELL:WOOL"": 373}",control,baseline,,,,,,,,,,,,,,,,,,,,,,,,,,,,,,,,,
42,1,165295.0,107976.0,57319.0,win,DONE,DONE,1,3.2671060420034337,719,0,0,0.008792,0.01475060000000001,0.06613394000000003,0.170667,"{""BUILD_PASTURE"": 14, ""CARE"": 308, ""COLLECT_FERTILIZER"": 318, ""DIG"": 25, ""DROP"": 80, ""EAST"": 857, ""FEED"": 319, ""FERTILIZE"": 107, ""HARVEST"": 338, ""NORTH"": 1236, ""PASS"": 377, ""PICKUP"": 339, ""PLACE"": 27, ""PLANT"": 131, ""SOUTH"": 929, ""WATER"": 851, ""WEST"": 1098}","{""BUY_ANIMAL"": 14, ""BUY_LAND"": 2, ""BUY_PRODUCT"": 279, ""BUY_SEED"": 54, ""HIRE"": 306, ""SELL"": 481}","{""BUY_ANIMAL:COW"": 8, ""BUY_ANIMAL:SHEEP"": 6, ""BUY_PRODUCT:WHEAT"": 967, ""BUY_SEED:MELON"": 21, ""BUY_SEED:STRAWBERRY"": 44, ""BUY_SEED:WHEAT"": 66, ""SELL:CARROT"": 13, ""SELL:EGG"": 8, ""SELL:FERTILIZER"": 445, ""SELL:MELON"": 224, ""SELL:MILK"": 682, ""SELL:STRAWBERRY"": 636, ""SELL:TOMATO"": 4, ""SELL:WHEAT"": 1108, ""SELL:WOOL"": 373}",control,baseline,,,,,,,,,,,,,,,,,,,,,,,,,,,,,,,,,
2026,0,149880.0,92219.0,57661.0,win,DONE,DONE,1,3.2241802500066115,719,0,0,0.009167,0.058895500000000045,0.14771256000000252,0.202209,"{""BUILD_PASTURE"": 14, ""CARE"": 308, ""COLLECT_FERTILIZER"": 318, ""DIG"": 25, ""DROP"": 80, ""EAST"": 857, ""FEED"": 319, ""FERTILIZE"": 107, ""HARVEST"": 338, ""NORTH"": 1236, ""PASS"": 377, ""PICKUP"": 339, ""PLACE"": 27, ""PLANT"": 131, ""SOUTH"": 929, ""WATER"": 851, ""WEST"": 1098}","{""BUY_ANIMAL"": 14, ""BUY_LAND"": 2, ""BUY_PRODUCT"": 279, ""BUY_SEED"": 54, ""HIRE"": 306, ""SELL"": 481}","{""BUY_ANIMAL:COW"": 8, ""BUY_ANIMAL:SHEEP"": 6, ""BUY_PRODUCT:WHEAT"": 967, ""BUY_SEED:MELON"": 21, ""BUY_SEED:STRAWBERRY"": 44, ""BUY_SEED:WHEAT"": 66, ""SELL:CARROT"": 13, ""SELL:EGG"": 8, ""SELL:FERTILIZER"": 445, ""SELL:MELON"": 224, ""SELL:MILK"": 682, ""SELL:STRAWBERRY"": 636, ""SELL:TOMATO"": 4, ""SELL:WHEAT"": 1108, ""SELL:WOOL"": 373}",control,baseline,,,,,,,,,,,,,,,,,,,,,,,,,,,,,,,,,
2026,1,144292.0,93378.0,50914.0,win,DONE,DONE,1,3.226010499995027,719,0,0,0.00875,0.015428800000000022,0.06627706000000001,0.072625,"{""BUILD_PASTURE"": 14, ""CARE"": 308, ""COLLECT_FERTILIZER"": 318, ""DIG"": 25, ""DROP"": 80, ""EAST"": 857, ""FEED"": 319, ""FERTILIZE"": 107, ""HARVEST"": 338, ""NORTH"": 1236, ""PASS"": 377, ""PICKUP"": 339, ""PLACE"": 27, ""PLANT"": 131, ""SOUTH"": 929, ""WATER"": 851, ""WEST"": 1098}","{""BUY_ANIMAL"": 14, ""BUY_LAND"": 2, ""BUY_PRODUCT"": 279, ""BUY_SEED"": 54, ""HIRE"": 306, ""SELL"": 481}","{""BUY_ANIMAL:COW"": 8, ""BUY_ANIMAL:SHEEP"": 6, ""BUY_PRODUCT:WHEAT"": 967, ""BUY_SEED:MELON"": 21, ""BUY_SEED:STRAWBERRY"": 44, ""BUY_SEED:WHEAT"": 66, ""SELL:CARROT"": 13, ""SELL:EGG"": 8, ""SELL:FERTILIZER"": 445, ""SELL:MELON"": 224, ""SELL:MILK"": 682, ""SELL:STRAWBERRY"": 636, ""SELL:TOMATO"": 4, ""SELL:WHEAT"": 1108, ""SELL:WOOL"": 373}",control,baseline,,,,,,,,,,,,,,,,,,,,,,,,,,,,,,,,,
217,0,159799.0,100089.0,59710.0,win,DONE,DONE,1,3.2874121249988093,719,0,0,0.009125,0.05392470000000002,0.09184994000000014,0.228333,"{""BUILD_PASTURE"": 14, ""CARE"": 308, ""COLLECT_FERTILIZER"": 318, ""DIG"": 25, ""DROP"": 80, ""EAST"": 857, ""FEED"": 319, ""FERTILIZE"": 107, ""HARVEST"": 338, ""NORTH"": 1236, ""PASS"": 377, ""PICKUP"": 339, ""PLACE"": 27, ""PLANT"": 131, ""SOUTH"": 929, ""WATER"": 851, ""WEST"": 1098}","{""BUY_ANIMAL"": 14, ""BUY_LAND"": 2, ""BUY_PRODUCT"": 279, ""BUY_SEED"": 54, ""HIRE"": 306, ""SELL"": 481}","{""BUY_ANIMAL:COW"": 8, ""BUY_ANIMAL:SHEEP"": 6, ""BUY_PRODUCT:WHEAT"": 967, ""BUY_SEED:MELON"": 21, ""BUY_SEED:STRAWBERRY"": 44, ""BUY_SEED:WHEAT"": 66, ""SELL:CARROT"": 13, ""SELL:EGG"": 8, ""SELL:FERTILIZER"": 445, ""SELL:MELON"": 224, ""SELL:MILK"": 682, ""SELL:STRAWBERRY"": 636, ""SELL:TOMATO"": 4, ""SELL:WHEAT"": 1108, ""SELL:WOOL"": 373}",control,baseline,,,,,,,,,,,,,,,,,,,,,,,,,,,,,,,,,
217,1,160062.0,104811.0,55251.0,win,DONE,DONE,1,3.2829890830034856,719,0,0,0.00875,0.04212560000000001,0.06835744000000005,0.176917,"{""BUILD_PASTURE"": 14, ""CARE"": 308, ""COLLECT_FERTILIZER"": 318, ""DIG"": 25, ""DROP"": 80, ""EAST"": 857, ""FEED"": 319, ""FERTILIZE"": 107, ""HARVEST"": 338, ""NORTH"": 1236, ""PASS"": 377, ""PICKUP"": 339, ""PLACE"": 27, ""PLANT"": 131, ""SOUTH"": 929, ""WATER"": 851, ""WEST"": 1098}","{""BUY_ANIMAL"": 14, ""BUY_LAND"": 2, ""BUY_PRODUCT"": 279, ""BUY_SEED"": 54, ""HIRE"": 306, ""SELL"": 481}","{""BUY_ANIMAL:COW"": 8, ""BUY_ANIMAL:SHEEP"": 6, ""BUY_PRODUCT:WHEAT"": 967, ""BUY_SEED:MELON"": 21, ""BUY_SEED:STRAWBERRY"": 44, ""BUY_SEED:WHEAT"": 66, ""SELL:CARROT"": 13, ""SELL:EGG"": 8, ""SELL:FERTILIZER"": 445, ""SELL:MELON"": 224, ""SELL:MILK"": 682, ""SELL:STRAWBERRY"": 636, ""SELL:TOMATO"": 4, ""SELL:WHEAT"": 1108, ""SELL:WOOL"": 373}",control,baseline,,,,,,,,,,,,,,,,,,,,,,,,,,,,,,,,,
317,0,156747.0,108891.0,47856.0,win,DONE,DONE,1,3.3118073329969775,719,0,0,0.009291,0.055224700000000036,0.10389632000000015,0.229209,"{""BUILD_PASTURE"": 14, ""CARE"": 308, ""COLLECT_FERTILIZER"": 318, ""DIG"": 25, ""DROP"": 80, ""EAST"": 857, ""FEED"": 319, ""FERTILIZE"": 107, ""HARVEST"": 338, ""NORTH"": 1236, ""PASS"": 377, ""PICKUP"": 339, ""PLACE"": 27, ""PLANT"": 131, ""SOUTH"": 929, ""WATER"": 851, ""WEST"": 1098}","{""BUY_ANIMAL"": 14, ""BUY_LAND"": 2, ""BUY_PRODUCT"": 279, ""BUY_SEED"": 54, ""HIRE"": 306, ""SELL"": 481}","{""BUY_ANIMAL:COW"": 8, ""BUY_ANIMAL:SHEEP"": 6, ""BUY_PRODUCT:WHEAT"": 967, ""BUY_SEED:MELON"": 21, ""BUY_SEED:STRAWBERRY"": 44, ""BUY_SEED:WHEAT"": 66, ""SELL:CARROT"": 13, ""SELL:EGG"": 8, ""SELL:FERTILIZER"": 445, ""SELL:MELON"": 224, ""SELL:MILK"": 682, ""SELL:STRAWBERRY"": 636, ""SELL:TOMATO"": 4, ""SELL:WHEAT"": 1108, ""SELL:WOOL"": 373}",control,baseline,,,,,,,,,,,,,,,,,,,,,,,,,,,,,,,,,
317,1,156818.0,108485.0,48333.0,win,DONE,DONE,1,3.302621041999373,719,0,0,0.008667,0.013650000000000006,0.06483382,0.080292,"{""BUILD_PASTURE"": 14, ""CARE"": 308, ""COLLECT_FERTILIZER"": 318, ""DIG"": 25, ""DROP"": 80, ""EAST"": 857, ""FEED"": 319, ""FERTILIZE"": 107, ""HARVEST"": 338, ""NORTH"": 1236, ""PASS"": 377, ""PICKUP"": 339, ""PLACE"": 27, ""PLANT"": 131, ""SOUTH"": 929, ""WATER"": 851, ""WEST"": 1098}","{""BUY_ANIMAL"": 14, ""BUY_LAND"": 2, ""BUY_PRODUCT"": 279, ""BUY_SEED"": 54, ""HIRE"": 306, ""SELL"": 481}","{""BUY_ANIMAL:COW"": 8, ""BUY_ANIMAL:SHEEP"": 6, ""BUY_PRODUCT:WHEAT"": 967, ""BUY_SEED:MELON"": 21, ""BUY_SEED:STRAWBERRY"": 44, ""BUY_SEED:WHEAT"": 66, ""SELL:CARROT"": 13, ""SELL:EGG"": 8, ""SELL:FERTILIZER"": 445, ""SELL:MELON"": 224, ""SELL:MILK"": 682, ""SELL:STRAWBERRY"": 636, ""SELL:TOMATO"": 4, ""SELL:WHEAT"": 1108, ""SELL:WOOL"": 373}",control,baseline,,,,,,,,,,,,,,,,,,,,,,,,,,,,,,,,,
733,0,159652.0,105862.0,53790.0,win,DONE,DONE,1,3.2440399159968365,719,0,0,0.00925,0.04976250000000009,0.07309550000000004,0.28925,"{""BUILD_PASTURE"": 14, ""CARE"": 308, ""COLLECT_FERTILIZER"": 318, ""DIG"": 25, ""DROP"": 80, ""EAST"": 857, ""FEED"": 319, ""FERTILIZE"": 107, ""HARVEST"": 338, ""NORTH"": 1236, ""PASS"": 377, ""PICKUP"": 339, ""PLACE"": 27, ""PLANT"": 131, ""SOUTH"": 929, ""WATER"": 851, ""WEST"": 1098}","{""BUY_ANIMAL"": 14, ""BUY_LAND"": 2, ""BUY_PRODUCT"": 279, ""BUY_SEED"": 54, ""HIRE"": 306, ""SELL"": 481}","{""BUY_ANIMAL:COW"": 8, ""BUY_ANIMAL:SHEEP"": 6, ""BUY_PRODUCT:WHEAT"": 967, ""BUY_SEED:MELON"": 21, ""BUY_SEED:STRAWBERRY"": 44, ""BUY_SEED:WHEAT"": 66, ""SELL:CARROT"": 13, ""SELL:EGG"": 8, ""SELL:FERTILIZER"": 445, ""SELL:MELON"": 224, ""SELL:MILK"": 682, ""SELL:STRAWBERRY"": 636, ""SELL:TOMATO"": 4, ""SELL:WHEAT"": 1108, ""SELL:WOOL"": 373}",control,baseline,,,,,,,,,,,,,,,,,,,,,,,,,,,,,,,,,
733,1,166725.0,107848.0,58877.0,win,DONE,DONE,1,3.2376732920020004,719,0,0,0.008708,0.019546100000000028,0.06587100000000001,0.078666,"{""BUILD_PASTURE"": 14, ""CARE"": 308, ""COLLECT_FERTILIZER"": 318, ""DIG"": 25, ""DROP"": 80, ""EAST"": 857, ""FEED"": 319, ""FERTILIZE"": 107, ""HARVEST"": 338, ""NORTH"": 1236, ""PASS"": 377, ""PICKUP"": 339, ""PLACE"": 27, ""PLANT"": 131, ""SOUTH"": 929, ""WATER"": 851, ""WEST"": 1098}","{""BUY_ANIMAL"": 14, ""BUY_LAND"": 2, ""BUY_PRODUCT"": 279, ""BUY_SEED"": 54, ""HIRE"": 306, ""SELL"": 481}","{""BUY_ANIMAL:COW"": 8, ""BUY_ANIMAL:SHEEP"": 6, ""BUY_PRODUCT:WHEAT"": 967, ""BUY_SEED:MELON"": 21, ""BUY_SEED:STRAWBERRY"": 44, ""BUY_SEED:WHEAT"": 66, ""SELL:CARROT"": 13, ""SELL:EGG"": 8, ""SELL:FERTILIZER"": 445, ""SELL:MELON"": 224, ""SELL:MILK"": 682, ""SELL:STRAWBERRY"": 636, ""SELL:TOMATO"": 4, ""SELL:WHEAT"": 1108, ""SELL:WOOL"": 373}",control,baseline,,,,,,,,,,,,,,,,,,,,,,,,,,,,,,,,,
17,0,143303.0,149739.0,-6436.0,loss,DONE,DONE,1,2.886720874994353,719,0,0,0.008375,0.04644200000000001,0.06874700000000002,0.276708,"{""BUILD_PASTURE"": 14, ""CARE"": 308, ""COLLECT_FERTILIZER"": 318, ""DIG"": 25, ""DROP"": 80, ""EAST"": 857, ""FEED"": 319, ""FERTILIZE"": 107, ""HARVEST"": 338, ""NORTH"": 1236, ""PASS"": 377, ""PICKUP"": 339, ""PLACE"": 27, ""PLANT"": 131, ""SOUTH"": 929, ""WATER"": 851, ""WEST"": 1098}","{""BUY_ANIMAL"": 14, ""BUY_LAND"": 2, ""BUY_PRODUCT"": 279, ""BUY_SEED"": 54, ""HIRE"": 306, ""SELL"": 481}","{""BUY_ANIMAL:COW"": 8, ""BUY_ANIMAL:SHEEP"": 6, ""BUY_PRODUCT:WHEAT"": 967, ""BUY_SEED:MELON"": 21, ""BUY_SEED:STRAWBERRY"": 44, ""BUY_SEED:WHEAT"": 66, ""SELL:CARROT"": 13, ""SELL:EGG"": 8, ""SELL:FERTILIZER"": 445, ""SELL:MELON"": 224, ""SELL:MILK"": 682, ""SELL:STRAWBERRY"": 636, ""SELL:TOMATO"": 4, ""SELL:WHEAT"": 1108, ""SELL:WOOL"": 373}",control,v18,,,,,,,,,,,,,,,,,,,,,,,,,,,,,,,,,
17,1,150270.0,142751.0,7519.0,win,DONE,DONE,1,2.933276333998947,719,0,0,0.006958,0.04074610000000002,0.057992440000000006,0.082208,"{""BUILD_PASTURE"": 14, ""CARE"": 308, ""COLLECT_FERTILIZER"": 318, ""DIG"": 25, ""DROP"": 80, ""EAST"": 857, ""FEED"": 319, ""FERTILIZE"": 107, ""HARVEST"": 338, ""NORTH"": 1236, ""PASS"": 377, ""PICKUP"": 339, ""PLACE"": 27, ""PLANT"": 131, ""SOUTH"": 929, ""WATER"": 851, ""WEST"": 1098}","{""BUY_ANIMAL"": 14, ""BUY_LAND"": 2, ""BUY_PRODUCT"": 279, ""BUY_SEED"": 54, ""HIRE"": 306, ""SELL"": 481}","{""BUY_ANIMAL:COW"": 8, ""BUY_ANIMAL:SHEEP"": 6, ""BUY_PRODUCT:WHEAT"": 967, ""BUY_SEED:MELON"": 21, ""BUY_SEED:STRAWBERRY"": 44, ""BUY_SEED:WHEAT"": 66, ""SELL:CARROT"": 13, ""SELL:EGG"": 8, ""SELL:FERTILIZER"": 445, ""SELL:MELON"": 224, ""SELL:MILK"": 682, ""SELL:STRAWBERRY"": 636, ""SELL:TOMATO"": 4, ""SELL:WHEAT"": 1108, ""SELL:WOOL"": 373}",control,v18,,,,,,,,,,,,,,,,,,,,,,,,,,,,,,,,,
42,0,131272.0,130982.0,290.0,win,DONE,DONE,1,2.926052750000963,719,0,0,0.008417,0.050441700000000075,0.07032244000000001,0.291208,"{""BUILD_PASTURE"": 14, ""CARE"": 308, ""COLLECT_FERTILIZER"": 318, ""DIG"": 25, ""DROP"": 80, ""EAST"": 857, ""FEED"": 319, ""FERTILIZE"": 107, ""HARVEST"": 338, ""NORTH"": 1236, ""PASS"": 377, ""PICKUP"": 339, ""PLACE"": 27, ""PLANT"": 131, ""SOUTH"": 929, ""WATER"": 851, ""WEST"": 1098}","{""BUY_ANIMAL"": 14, ""BUY_LAND"": 2, ""BUY_PRODUCT"": 279, ""BUY_SEED"": 54, ""HIRE"": 306, ""SELL"": 481}","{""BUY_ANIMAL:COW"": 8, ""BUY_ANIMAL:SHEEP"": 6, ""BUY_PRODUCT:WHEAT"": 967, ""BUY_SEED:MELON"": 21, ""BUY_SEED:STRAWBERRY"": 44, ""BUY_SEED:WHEAT"": 66, ""SELL:CARROT"": 13, ""SELL:EGG"": 8, ""SELL:FERTILIZER"": 445, ""SELL:MELON"": 224, ""SELL:MILK"": 682, ""SELL:STRAWBERRY"": 636, ""SELL:TOMATO"": 4, ""SELL:WHEAT"": 1108, ""SELL:WOOL"": 373}",control,v18,,,,,,,,,,,,,,,,,,,,,,,,,,,,,,,,,
42,1,131371.0,130883.0,488.0,win,DONE,DONE,1,2.8634172919992125,719,0,0,0.006917,0.03990800000000002,0.059261940000000006,0.092208,"{""BUILD_PASTURE"": 14, ""CARE"": 308, ""COLLECT_FERTILIZER"": 318, ""DIG"": 25, ""DROP"": 80, ""EAST"": 857, ""FEED"": 319, ""FERTILIZE"": 107, ""HARVEST"": 338, ""NORTH"": 1236, ""PASS"": 377, ""PICKUP"": 339, ""PLACE"": 27, ""PLANT"": 131, ""SOUTH"": 929, ""WATER"": 851, ""WEST"": 1098}","{""BUY_ANIMAL"": 14, ""BUY_LAND"": 2, ""BUY_PRODUCT"": 279, ""BUY_SEED"": 54, ""HIRE"": 306, ""SELL"": 481}","{""BUY_ANIMAL:COW"": 8, ""BUY_ANIMAL:SHEEP"": 6, ""BUY_PRODUCT:WHEAT"": 967, ""BUY_SEED:MELON"": 21, ""BUY_SEED:STRAWBERRY"": 44, ""BUY_SEED:WHEAT"": 66, ""SELL:CARROT"": 13, ""SELL:EGG"": 8, ""SELL:FERTILIZER"": 445, ""SELL:MELON"": 224, ""SELL:MILK"": 682, ""SELL:STRAWBERRY"": 636, ""SELL:TOMATO"": 4, ""SELL:WHEAT"": 1108, ""SELL:WOOL"": 373}",control,v18,,,,,,,,,,,,,,,,,,,,,,,,,,,,,,,,,
2026,0,110294.0,108311.0,1983.0,win,DONE,DONE,1,3.18441220800014,719,0,0,0.009125,0.053533300000000034,0.07978488000000013,0.26275,"{""BUILD_PASTURE"": 14, ""CARE"": 308, ""COLLECT_FERTILIZER"": 318, ""DIG"": 25, ""DROP"": 80, ""EAST"": 857, ""FEED"": 319, ""FERTILIZE"": 107, ""HARVEST"": 338, ""NORTH"": 1236, ""PASS"": 377, ""PICKUP"": 339, ""PLACE"": 27, ""PLANT"": 131, ""SOUTH"": 929, ""WATER"": 851, ""WEST"": 1098}","{""BUY_ANIMAL"": 14, ""BUY_LAND"": 2, ""BUY_PRODUCT"": 279, ""BUY_SEED"": 54, ""HIRE"": 306, ""SELL"": 450}","{""BUY_ANIMAL:COW"": 8, ""BUY_ANIMAL:SHEEP"": 6, ""BUY_PRODUCT:WHEAT"": 967, ""BUY_SEED:MELON"": 21, ""BUY_SEED:STRAWBERRY"": 44, ""BUY_SEED:WHEAT"": 66, ""SELL:CARROT"": 13, ""SELL:EGG"": 8, ""SELL:FERTILIZER"": 437, ""SELL:MELON"": 224, ""SELL:MILK"": 614, ""SELL:STRAWBERRY"": 567, ""SELL:TOMATO"": 4, ""SELL:WHEAT"": 1108, ""SELL:WOOL"": 354}",control,v18,,,,,,,,,,,,,,,,,,,,,,,,,,,,,,,,,
2026,1,108510.0,110476.0,-1966.0,loss,DONE,DONE,1,2.8329802499938523,719,0,0,0.006916,0.042429100000000074,0.06160694000000012,0.259291,"{""BUILD_PASTURE"": 14, ""CARE"": 308, ""COLLECT_FERTILIZER"": 318, ""DIG"": 25, ""DROP"": 80, ""EAST"": 857, ""FEED"": 319, ""FERTILIZE"": 107, ""HARVEST"": 338, ""NORTH"": 1236, ""PASS"": 377, ""PICKUP"": 339, ""PLACE"": 27, ""PLANT"": 131, ""SOUTH"": 929, ""WATER"": 851, ""WEST"": 1098}","{""BUY_ANIMAL"": 14, ""BUY_LAND"": 2, ""BUY_PRODUCT"": 279, ""BUY_SEED"": 54, ""HIRE"": 306, ""SELL"": 450}","{""BUY_ANIMAL:COW"": 8, ""BUY_ANIMAL:SHEEP"": 6, ""BUY_PRODUCT:WHEAT"": 967, ""BUY_SEED:MELON"": 21, ""BUY_SEED:STRAWBERRY"": 44, ""BUY_SEED:WHEAT"": 66, ""SELL:CARROT"": 13, ""SELL:EGG"": 8, ""SELL:FERTILIZER"": 437, ""SELL:MELON"": 224, ""SELL:MILK"": 614, ""SELL:STRAWBERRY"": 567, ""SELL:TOMATO"": 4, ""SELL:WHEAT"": 1108, ""SELL:WOOL"": 354}",control,v18,,,,,,,,,,,,,,,,,,,,,,,,,,,,,,,,,
217,0,103643.0,102890.0,753.0,win,DONE,DONE,1,2.959690416995727,719,0,0,0.0085,0.04754640000000007,0.06919388000000001,0.248875,"{""BUILD_PASTURE"": 14, ""CARE"": 308, ""COLLECT_FERTILIZER"": 318, ""DIG"": 25, ""DROP"": 80, ""EAST"": 857, ""FEED"": 319, ""FERTILIZE"": 107, ""HARVEST"": 338, ""NORTH"": 1236, ""PASS"": 377, ""PICKUP"": 339, ""PLACE"": 27, ""PLANT"": 131, ""SOUTH"": 929, ""WATER"": 851, ""WEST"": 1098}","{""BUY_ANIMAL"": 14, ""BUY_LAND"": 2, ""BUY_PRODUCT"": 279, ""BUY_SEED"": 54, ""HIRE"": 306, ""SELL"": 481}","{""BUY_ANIMAL:COW"": 8, ""BUY_ANIMAL:SHEEP"": 6, ""BUY_PRODUCT:WHEAT"": 967, ""BUY_SEED:MELON"": 21, ""BUY_SEED:STRAWBERRY"": 44, ""BUY_SEED:WHEAT"": 66, ""SELL:CARROT"": 13, ""SELL:EGG"": 8, ""SELL:FERTILIZER"": 445, ""SELL:MELON"": 224, ""SELL:MILK"": 682, ""SELL:STRAWBERRY"": 636, ""SELL:TOMATO"": 4, ""SELL:WHEAT"": 1108, ""SELL:WOOL"": 373}",control,v18,,,,,,,,,,,,,,,,,,,,,,,,,,,,,,,,,
217,1,103410.0,103123.0,287.0,win,DONE,DONE,1,2.8691736249966198,719,0,0,0.006917,0.04210360000000005,0.060602500000000004,0.222875,"{""BUILD_PASTURE"": 14, ""CARE"": 308, ""COLLECT_FERTILIZER"": 318, ""DIG"": 25, ""DROP"": 80, ""EAST"": 857, ""FEED"": 319, ""FERTILIZE"": 107, ""HARVEST"": 338, ""NORTH"": 1236, ""PASS"": 377, ""PICKUP"": 339, ""PLACE"": 27, ""PLANT"": 131, ""SOUTH"": 929, ""WATER"": 851, ""WEST"": 1098}","{""BUY_ANIMAL"": 14, ""BUY_LAND"": 2, ""BUY_PRODUCT"": 279, ""BUY_SEED"": 54, ""HIRE"": 306, ""SELL"": 481}","{""BUY_ANIMAL:COW"": 8, ""BUY_ANIMAL:SHEEP"": 6, ""BUY_PRODUCT:WHEAT"": 967, ""BUY_SEED:MELON"": 21, ""BUY_SEED:STRAWBERRY"": 44, ""BUY_SEED:WHEAT"": 66, ""SELL:CARROT"": 13, ""SELL:EGG"": 8, ""SELL:FERTILIZER"": 445, ""SELL:MELON"": 224, ""SELL:MILK"": 682, ""SELL:STRAWBERRY"": 636, ""SELL:TOMATO"": 4, ""SELL:WHEAT"": 1108, ""SELL:WOOL"": 373}",control,v18,,,,,,,,,,,,,,,,,,,,,,,,,,,,,,,,,
317,0,132897.0,132208.0,689.0,win,DONE,DONE,1,2.9535304169985466,719,0,0,0.0085,0.044708,0.06807262000000001,0.214167,"{""BUILD_PASTURE"": 14, ""CARE"": 308, ""COLLECT_FERTILIZER"": 318, ""DIG"": 25, ""DROP"": 80, ""EAST"": 857, ""FEED"": 319, ""FERTILIZE"": 107, ""HARVEST"": 338, ""NORTH"": 1236, ""PASS"": 377, ""PICKUP"": 339, ""PLACE"": 27, ""PLANT"": 131, ""SOUTH"": 929, ""WATER"": 851, ""WEST"": 1098}","{""BUY_ANIMAL"": 14, ""BUY_LAND"": 2, ""BUY_PRODUCT"": 279, ""BUY_SEED"": 54, ""HIRE"": 306, ""SELL"": 450}","{""BUY_ANIMAL:COW"": 8, ""BUY_ANIMAL:SHEEP"": 6, ""BUY_PRODUCT:WHEAT"": 967, ""BUY_SEED:MELON"": 21, ""BUY_SEED:STRAWBERRY"": 44, ""BUY_SEED:WHEAT"": 66, ""SELL:CARROT"": 13, ""SELL:EGG"": 8, ""SELL:FERTILIZER"": 437, ""SELL:MELON"": 224, ""SELL:MILK"": 614, ""SELL:STRAWBERRY"": 567, ""SELL:TOMATO"": 4, ""SELL:WHEAT"": 1108, ""SELL:WOOL"": 354}",control,v18,,,,,,,,,,,,,,,,,,,,,,,,,,,,,,,,,
317,1,133038.0,132067.0,971.0,win,DONE,DONE,1,2.9372723330016015,719,0,0,0.006875,0.0396786,0.06100250000000007,0.227,"{""BUILD_PASTURE"": 14, ""CARE"": 308, ""COLLECT_FERTILIZER"": 318, ""DIG"": 25, ""DROP"": 80, ""EAST"": 857, ""FEED"": 319, ""FERTILIZE"": 107, ""HARVEST"": 338, ""NORTH"": 1236, ""PASS"": 377, ""PICKUP"": 339, ""PLACE"": 27, ""PLANT"": 131, ""SOUTH"": 929, ""WATER"": 851, ""WEST"": 1098}","{""BUY_ANIMAL"": 14, ""BUY_LAND"": 2, ""BUY_PRODUCT"": 279, ""BUY_SEED"": 54, ""HIRE"": 306, ""SELL"": 450}","{""BUY_ANIMAL:COW"": 8, ""BUY_ANIMAL:SHEEP"": 6, ""BUY_PRODUCT:WHEAT"": 967, ""BUY_SEED:MELON"": 21, ""BUY_SEED:STRAWBERRY"": 44, ""BUY_SEED:WHEAT"": 66, ""SELL:CARROT"": 13, ""SELL:EGG"": 8, ""SELL:FERTILIZER"": 437, ""SELL:MELON"": 224, ""SELL:MILK"": 614, ""SELL:STRAWBERRY"": 567, ""SELL:TOMATO"": 4, ""SELL:WHEAT"": 1108, ""SELL:WOOL"": 354}",control,v18,,,,,,,,,,,,,,,,,,,,,,,,,,,,,,,,,
733,0,126688.0,126504.0,184.0,win,DONE,DONE,1,2.956786499998998,719,0,0,0.008625,0.046525000000000004,0.06946612000000002,0.192875,"{""BUILD_PASTURE"": 14, ""CARE"": 308, ""COLLECT_FERTILIZER"": 318, ""DIG"": 25, ""DROP"": 80, ""EAST"": 857, ""FEED"": 319, ""FERTILIZE"": 107, ""HARVEST"": 338, ""NORTH"": 1236, ""PASS"": 377, ""PICKUP"": 339, ""PLACE"": 27, ""PLANT"": 131, ""SOUTH"": 929, ""WATER"": 851, ""WEST"": 1098}","{""BUY_ANIMAL"": 14, ""BUY_LAND"": 2, ""BUY_PRODUCT"": 279, ""BUY_SEED"": 54, ""HIRE"": 306, ""SELL"": 450}","{""BUY_ANIMAL:COW"": 8, ""BUY_ANIMAL:SHEEP"": 6, ""BUY_PRODUCT:WHEAT"": 967, ""BUY_SEED:MELON"": 21, ""BUY_SEED:STRAWBERRY"": 44, ""BUY_SEED:WHEAT"": 66, ""SELL:CARROT"": 13, ""SELL:EGG"": 8, ""SELL:FERTILIZER"": 437, ""SELL:MELON"": 224, ""SELL:MILK"": 614, ""SELL:STRAWBERRY"": 567, ""SELL:TOMATO"": 4, ""SELL:WHEAT"": 1108, ""SELL:WOOL"": 354}",control,v18,,,,,,,,,,,,,,,,,,,,,,,,,,,,,,,,,
733,1,126639.0,126552.0,87.0,win,DONE,DONE,1,3.091346708002675,719,0,0,0.007167,0.040978900000000006,0.06273106000000002,0.23025,"{""BUILD_PASTURE"": 14, ""CARE"": 308, ""COLLECT_FERTILIZER"": 318, ""DIG"": 25, ""DROP"": 80, ""EAST"": 857, ""FEED"": 319, ""FERTILIZE"": 107, ""HARVEST"": 338, ""NORTH"": 1236, ""PASS"": 377, ""PICKUP"": 339, ""PLACE"": 27, ""PLANT"": 131, ""SOUTH"": 929, ""WATER"": 851, ""WEST"": 1098}","{""BUY_ANIMAL"": 14, ""BUY_LAND"": 2, ""BUY_PRODUCT"": 279, ""BUY_SEED"": 54, ""HIRE"": 306, ""SELL"": 450}","{""BUY_ANIMAL:COW"": 8, ""BUY_ANIMAL:SHEEP"": 6, ""BUY_PRODUCT:WHEAT"": 967, ""BUY_SEED:MELON"": 21, ""BUY_SEED:STRAWBERRY"": 44, ""BUY_SEED:WHEAT"": 66, ""SELL:CARROT"": 13, ""SELL:EGG"": 8, ""SELL:FERTILIZER"": 437, ""SELL:MELON"": 224, ""SELL:MILK"": 614, ""SELL:STRAWBERRY"": 567, ""SELL:TOMATO"": 4, ""SELL:WHEAT"": 1108, ""SELL:WOOL"": 354}",control,v18,,,,,,,,,,,,,,,,,,,,,,,,,,,,,,,,,
17,0,122213.0,110272.0,11941.0,win,DONE,DONE,1,2.9020267500018235,719,0,20,0.008667,0.05799140000000001,0.15076944000000364,0.335208,"{""BUILD_PASTURE"": 14, ""CARE"": 308, ""COLLECT_FERTILIZER"": 318, ""DIG"": 25, ""DROP"": 80, ""EAST"": 857, ""FEED"": 319, ""FERTILIZE"": 107, ""HARVEST"": 338, ""NORTH"": 1236, ""PASS"": 377, ""PICKUP"": 339, ""PLACE"": 27, ""PLANT"": 131, ""SOUTH"": 929, ""WATER"": 851, ""WEST"": 1098}","{""BUY_ANIMAL"": 14, ""BUY_LAND"": 2, ""BUY_PRODUCT"": 279, ""BUY_SEED"": 54, ""HIRE"": 306, ""SELL"": 481}","{""BUY_ANIMAL:COW"": 8, ""BUY_ANIMAL:SHEEP"": 6, ""BUY_PRODUCT:WHEAT"": 967, ""BUY_SEED:MELON"": 21, ""BUY_SEED:STRAWBERRY"": 44, ""BUY_SEED:WHEAT"": 66, ""SELL:CARROT"": 13, ""SELL:EGG"": 8, ""SELL:FERTILIZER"": 445, ""SELL:MELON"": 224, ""SELL:MILK"": 682, ""SELL:STRAWBERRY"": 636, ""SELL:TOMATO"": 4, ""SELL:WHEAT"": 1108, ""SELL:WOOL"": 373}",control,hamburger,,,,,,,,,,,,,,,,,,,,,,,,,,,,,,,,,
17,1,101598.0,81744.0,19854.0,win,DONE,DONE,1,2.864114708994748,719,0,0,0.008375,0.056303500000000034,0.07208494000000004,56.2555,"{""BUILD_PASTURE"": 14, ""CARE"": 308, ""COLLECT_FERTILIZER"": 318, ""DIG"": 25, ""DROP"": 80, ""EAST"": 857, ""FEED"": 319, ""FERTILIZE"": 107, ""HARVEST"": 338, ""NORTH"": 1236, ""PASS"": 377, ""PICKUP"": 339, ""PLACE"": 27, ""PLANT"": 131, ""SOUTH"": 929, ""WATER"": 851, ""WEST"": 1098}","{""BUY_ANIMAL"": 14, ""BUY_LAND"": 2, ""BUY_PRODUCT"": 279, ""BUY_SEED"": 54, ""HIRE"": 306, ""SELL"": 450}","{""BUY_ANIMAL:COW"": 8, ""BUY_ANIMAL:SHEEP"": 6, ""BUY_PRODUCT:WHEAT"": 967, ""BUY_SEED:MELON"": 21, ""BUY_SEED:STRAWBERRY"": 44, ""BUY_SEED:WHEAT"": 66, ""SELL:CARROT"": 13, ""SELL:EGG"": 8, ""SELL:FERTILIZER"": 437, ""SELL:MELON"": 224, ""SELL:MILK"": 614, ""SELL:STRAWBERRY"": 567, ""SELL:TOMATO"": 4, ""SELL:WHEAT"": 1108, ""SELL:WOOL"": 354}",control,hamburger,,,,,,,,,,,,,,,,,,,,,,,,,,,,,,,,,
42,0,131740.0,115542.0,16198.0,win,DONE,DONE,1,2.917788125007064,719,0,0,0.009834,0.05600800000000001,0.07848206000000002,0.229125,"{""BUILD_PASTURE"": 14, ""CARE"": 308, ""COLLECT_FERTILIZER"": 318, ""DIG"": 25, ""DROP"": 80, ""EAST"": 857, ""FEED"": 319, ""FERTILIZE"": 107, ""HARVEST"": 338, ""NORTH"": 1236, ""PASS"": 377, ""PICKUP"": 339, ""PLACE"": 27, ""PLANT"": 131, ""SOUTH"": 929, ""WATER"": 851, ""WEST"": 1098}","{""BUY_ANIMAL"": 14, ""BUY_LAND"": 2, ""BUY_PRODUCT"": 279, ""BUY_SEED"": 54, ""HIRE"": 306, ""SELL"": 481}","{""BUY_ANIMAL:COW"": 8, ""BUY_ANIMAL:SHEEP"": 6, ""BUY_PRODUCT:WHEAT"": 967, ""BUY_SEED:MELON"": 21, ""BUY_SEED:STRAWBERRY"": 44, ""BUY_SEED:WHEAT"": 66, ""SELL:CARROT"": 13, ""SELL:EGG"": 8, ""SELL:FERTILIZER"": 445, ""SELL:MELON"": 224, ""SELL:MILK"": 682, ""SELL:STRAWBERRY"": 636, ""SELL:TOMATO"": 4, ""SELL:WHEAT"": 1108, ""SELL:WOOL"": 373}",control,hamburger,,,,,,,,,,,,,,,,,,,,,,,,,,,,,,,,,
42,1,132744.0,114484.0,18260.0,win,DONE,DONE,1,2.8010078750012326,719,0,0,0.0085,0.046183000000000016,0.06982682000000003,0.221167,"{""BUILD_PASTURE"": 14, ""CARE"": 308, ""COLLECT_FERTILIZER"": 318, ""DIG"": 25, ""DROP"": 80, ""EAST"": 857, ""FEED"": 319, ""FERTILIZE"": 107, ""HARVEST"": 338, ""NORTH"": 1236, ""PASS"": 377, ""PICKUP"": 339, ""PLACE"": 27, ""PLANT"": 131, ""SOUTH"": 929, ""WATER"": 851, ""WEST"": 1098}","{""BUY_ANIMAL"": 14, ""BUY_LAND"": 2, ""BUY_PRODUCT"": 279, ""BUY_SEED"": 54, ""HIRE"": 306, ""SELL"": 481}","{""BUY_ANIMAL:COW"": 8, ""BUY_ANIMAL:SHEEP"": 6, ""BUY_PRODUCT:WHEAT"": 967, ""BUY_SEED:MELON"": 21, ""BUY_SEED:STRAWBERRY"": 44, ""BUY_SEED:WHEAT"": 66, ""SELL:CARROT"": 13, ""SELL:EGG"": 8, ""SELL:FERTILIZER"": 445, ""SELL:MELON"": 224, ""SELL:MILK"": 682, ""SELL:STRAWBERRY"": 636, ""SELL:TOMATO"": 4, ""SELL:WHEAT"": 1108, ""SELL:WOOL"": 373}",control,hamburger,,,,,,,,,,,,,,,,,,,,,,,,,,,,,,,,,
2026,0,156084.0,138931.0,17153.0,win,DONE,DONE,1,2.826281834000838,719,0,0,0.008458,0.05247920000000007,0.087873760000001,0.304417,"{""BUILD_PASTURE"": 14, ""CARE"": 308, ""COLLECT_FERTILIZER"": 318, ""DIG"": 25, ""DROP"": 80, ""EAST"": 857, ""FEED"": 319, ""FERTILIZE"": 107, ""HARVEST"": 338, ""NORTH"": 1236, ""PASS"": 377, ""PICKUP"": 339, ""PLACE"": 27, ""PLANT"": 131, ""SOUTH"": 929, ""WATER"": 851, ""WEST"": 1098}","{""BUY_ANIMAL"": 14, ""BUY_LAND"": 2, ""BUY_PRODUCT"": 279, ""BUY_SEED"": 54, ""HIRE"": 306, ""SELL"": 481}","{""BUY_ANIMAL:COW"": 8, ""BUY_ANIMAL:SHEEP"": 6, ""BUY_PRODUCT:WHEAT"": 967, ""BUY_SEED:MELON"": 21, ""BUY_SEED:STRAWBERRY"": 44, ""BUY_SEED:WHEAT"": 66, ""SELL:CARROT"": 13, ""SELL:EGG"": 8, ""SELL:FERTILIZER"": 445, ""SELL:MELON"": 224, ""SELL:MILK"": 682, ""SELL:STRAWBERRY"": 636, ""SELL:TOMATO"": 4, ""SELL:WHEAT"": 1108, ""SELL:WOOL"": 373}",control,hamburger,,,,,,,,,,,,,,,,,,,,,,,,,,,,,,,,,
2026,1,154895.0,136486.0,18409.0,win,DONE,DONE,1,2.8648200840034406,719,0,0,0.008375,0.04819520000000012,0.06878800000000002,0.10425,"{""BUILD_PASTURE"": 14, ""CARE"": 308, ""COLLECT_FERTILIZER"": 318, ""DIG"": 25, ""DROP"": 80, ""EAST"": 857, ""FEED"": 319, ""FERTILIZE"": 107, ""HARVEST"": 338, ""NORTH"": 1236, ""PASS"": 377, ""PICKUP"": 339, ""PLACE"": 27, ""PLANT"": 131, ""SOUTH"": 929, ""WATER"": 851, ""WEST"": 1098}","{""BUY_ANIMAL"": 14, ""BUY_LAND"": 2, ""BUY_PRODUCT"": 279, ""BUY_SEED"": 54, ""HIRE"": 306, ""SELL"": 471}","{""BUY_ANIMAL:COW"": 8, ""BUY_ANIMAL:SHEEP"": 6, ""BUY_PRODUCT:WHEAT"": 967, ""BUY_SEED:MELON"": 21, ""BUY_SEED:STRAWBERRY"": 44, ""BUY_SEED:WHEAT"": 66, ""SELL:CARROT"": 13, ""SELL:EGG"": 8, ""SELL:FERTILIZER"": 445, ""SELL:MELON"": 224, ""SELL:MILK"": 662, ""SELL:STRAWBERRY"": 620, ""SELL:TOMATO"": 4, ""SELL:WHEAT"": 1108, ""SELL:WOOL"": 367}",control,hamburger,,,,,,,,,,,,,,,,,,,,,,,,,,,,,,,,,
217,0,128398.0,110452.0,17946.0,win,DONE,DONE,1,2.712621750004473,719,0,0,0.008542,0.05599650000000001,0.0785988800000002,0.332875,"{""BUILD_PASTURE"": 14, ""CARE"": 308, ""COLLECT_FERTILIZER"": 318, ""DIG"": 25, ""DROP"": 80, ""EAST"": 857, ""FEED"": 319, ""FERTILIZE"": 107, ""HARVEST"": 338, ""NORTH"": 1236, ""PASS"": 377, ""PICKUP"": 339, ""PLACE"": 27, ""PLANT"": 131, ""SOUTH"": 929, ""WATER"": 851, ""WEST"": 1098}","{""BUY_ANIMAL"": 14, ""BUY_LAND"": 2, ""BUY_PRODUCT"": 279, ""BUY_SEED"": 54, ""HIRE"": 306, ""SELL"": 450}","{""BUY_ANIMAL:COW"": 8, ""BUY_ANIMAL:SHEEP"": 6, ""BUY_PRODUCT:WHEAT"": 967, ""BUY_SEED:MELON"": 21, ""BUY_SEED:STRAWBERRY"": 44, ""BUY_SEED:WHEAT"": 66, ""SELL:CARROT"": 13, ""SELL:EGG"": 8, ""SELL:FERTILIZER"": 437, ""SELL:MELON"": 224, ""SELL:MILK"": 614, ""SELL:STRAWBERRY"": 567, ""SELL:TOMATO"": 4, ""SELL:WHEAT"": 1108, ""SELL:WOOL"": 354}",control,hamburger,,,,,,,,,,,,,,,,,,,,,,,,,,,,,,,,,
217,1,128640.0,109787.0,18853.0,win,DONE,DONE,1,2.7775902499997756,719,0,0,0.008375,0.0449461,0.06934494000000002,0.090625,"{""BUILD_PASTURE"": 14, ""CARE"": 308, ""COLLECT_FERTILIZER"": 318, ""DIG"": 25, ""DROP"": 80, ""EAST"": 857, ""FEED"": 319, ""FERTILIZE"": 107, ""HARVEST"": 338, ""NORTH"": 1236, ""PASS"": 377, ""PICKUP"": 339, ""PLACE"": 27, ""PLANT"": 131, ""SOUTH"": 929, ""WATER"": 851, ""WEST"": 1098}","{""BUY_ANIMAL"": 14, ""BUY_LAND"": 2, ""BUY_PRODUCT"": 279, ""BUY_SEED"": 54, ""HIRE"": 306, ""SELL"": 450}","{""BUY_ANIMAL:COW"": 8, ""BUY_ANIMAL:SHEEP"": 6, ""BUY_PRODUCT:WHEAT"": 967, ""BUY_SEED:MELON"": 21, ""BUY_SEED:STRAWBERRY"": 44, ""BUY_SEED:WHEAT"": 66, ""SELL:CARROT"": 13, ""SELL:EGG"": 8, ""SELL:FERTILIZER"": 437, ""SELL:MELON"": 224, ""SELL:MILK"": 614, ""SELL:STRAWBERRY"": 567, ""SELL:TOMATO"": 4, ""SELL:WHEAT"": 1108, ""SELL:WOOL"": 354}",control,hamburger,,,,,,,,,,,,,,,,,,,,,,,,,,,,,,,,,
317,0,166366.0,149248.0,17118.0,win,DONE,DONE,1,2.8427722080014064,719,0,0,0.0085,0.057275600000000024,0.16100600000000342,0.379291,"{""BUILD_PASTURE"": 14, ""CARE"": 308, ""COLLECT_FERTILIZER"": 318, ""DIG"": 25, ""DROP"": 80, ""EAST"": 857, ""FEED"": 319, ""FERTILIZE"": 107, ""HARVEST"": 338, ""NORTH"": 1236, ""PASS"": 377, ""PICKUP"": 339, ""PLACE"": 27, ""PLANT"": 131, ""SOUTH"": 929, ""WATER"": 851, ""WEST"": 1098}","{""BUY_ANIMAL"": 14, ""BUY_LAND"": 2, ""BUY_PRODUCT"": 279, ""BUY_SEED"": 54, ""HIRE"": 306, ""SELL"": 481}","{""BUY_ANIMAL:COW"": 8, ""BUY_ANIMAL:SHEEP"": 6, ""BUY_PRODUCT:WHEAT"": 967, ""BUY_SEED:MELON"": 21, ""BUY_SEED:STRAWBERRY"": 44, ""BUY_SEED:WHEAT"": 66, ""SELL:CARROT"": 13, ""SELL:EGG"": 8, ""SELL:FERTILIZER"": 445, ""SELL:MELON"": 224, ""SELL:MILK"": 682, ""SELL:STRAWBERRY"": 636, ""SELL:TOMATO"": 4, ""SELL:WHEAT"": 1108, ""SELL:WOOL"": 373}",control,hamburger,,,,,,,,,,,,,,,,,,,,,,,,,,,,,,,,,
317,1,166518.0,149250.0,17268.0,win,DONE,DONE,1,2.8520054999971762,719,0,0,0.008375,0.048754400000000045,0.06817794000000002,109.1165,"{""BUILD_PASTURE"": 14, ""CARE"": 308, ""COLLECT_FERTILIZER"": 318, ""DIG"": 25, ""DROP"": 80, ""EAST"": 857, ""FEED"": 319, ""FERTILIZE"": 107, ""HARVEST"": 338, ""NORTH"": 1236, ""PASS"": 377, ""PICKUP"": 339, ""PLACE"": 27, ""PLANT"": 131, ""SOUTH"": 929, ""WATER"": 851, ""WEST"": 1098}","{""BUY_ANIMAL"": 14, ""BUY_LAND"": 2, ""BUY_PRODUCT"": 279, ""BUY_SEED"": 54, ""HIRE"": 306, ""SELL"": 481}","{""BUY_ANIMAL:COW"": 8, ""BUY_ANIMAL:SHEEP"": 6, ""BUY_PRODUCT:WHEAT"": 967, ""BUY_SEED:MELON"": 21, ""BUY_SEED:STRAWBERRY"": 44, ""BUY_SEED:WHEAT"": 66, ""SELL:CARROT"": 13, ""SELL:EGG"": 8, ""SELL:FERTILIZER"": 445, ""SELL:MELON"": 224, ""SELL:MILK"": 682, ""SELL:STRAWBERRY"": 636, ""SELL:TOMATO"": 4, ""SELL:WHEAT"": 1108, ""SELL:WOOL"": 373}",control,hamburger,,,,,,,,,,,,,,,,,,,,,,,,,,,,,,,,,
733,0,154937.0,137827.0,17110.0,win,DONE,DONE,1,2.8100768750009593,719,0,0,0.008708,0.05578360000000003,0.10206944000000034,0.290791,"{""BUILD_PASTURE"": 14, ""CARE"": 308, ""COLLECT_FERTILIZER"": 318, ""DIG"": 25, ""DROP"": 80, ""EAST"": 857, ""FEED"": 319, ""FERTILIZE"": 107, ""HARVEST"": 338, ""NORTH"": 1236, ""PASS"": 377, ""PICKUP"": 339, ""PLACE"": 27, ""PLANT"": 131, ""SOUTH"": 929, ""WATER"": 851, ""WEST"": 1098}","{""BUY_ANIMAL"": 14, ""BUY_LAND"": 2, ""BUY_PRODUCT"": 279, ""BUY_SEED"": 54, ""HIRE"": 306, ""SELL"": 481}","{""BUY_ANIMAL:COW"": 8, ""BUY_ANIMAL:SHEEP"": 6, ""BUY_PRODUCT:WHEAT"": 967, ""BUY_SEED:MELON"": 21, ""BUY_SEED:STRAWBERRY"": 44, ""BUY_SEED:WHEAT"": 66, ""SELL:CARROT"": 13, ""SELL:EGG"": 8, ""SELL:FERTILIZER"": 445, ""SELL:MELON"": 224, ""SELL:MILK"": 682, ""SELL:STRAWBERRY"": 636, ""SELL:TOMATO"": 4, ""SELL:WHEAT"": 1108, ""SELL:WOOL"": 373}",control,hamburger,,,,,,,,,,,,,,,,,,,,,,,,,,,,,,,,,
733,1,155147.0,137827.0,17320.0,win,DONE,DONE,1,2.8045472079975298,719,0,0,0.008333,0.052888100000000014,0.06839368000000001,46.140792,"{""BUILD_PASTURE"": 14, ""CARE"": 308, ""COLLECT_FERTILIZER"": 318, ""DIG"": 25, ""DROP"": 80, ""EAST"": 857, ""FEED"": 319, ""FERTILIZE"": 107, ""HARVEST"": 338, ""NORTH"": 1236, ""PASS"": 377, ""PICKUP"": 339, ""PLACE"": 27, ""PLANT"": 131, ""SOUTH"": 929, ""WATER"": 851, ""WEST"": 1098}","{""BUY_ANIMAL"": 14, ""BUY_LAND"": 2, ""BUY_PRODUCT"": 279, ""BUY_SEED"": 54, ""HIRE"": 306, ""SELL"": 481}","{""BUY_ANIMAL:COW"": 8, ""BUY_ANIMAL:SHEEP"": 6, ""BUY_PRODUCT:WHEAT"": 967, ""BUY_SEED:MELON"": 21, ""BUY_SEED:STRAWBERRY"": 44, ""BUY_SEED:WHEAT"": 66, ""SELL:CARROT"": 13, ""SELL:EGG"": 8, ""SELL:FERTILIZER"": 445, ""SELL:MELON"": 224, ""SELL:MILK"": 682, ""SELL:STRAWBERRY"": 636, ""SELL:TOMATO"": 4, ""SELL:WHEAT"": 1108, ""SELL:WOOL"": 373}",control,hamburger,,,,,,,,,,,,,,,,,,,,,,,,,,,,,,,,,
17,0,139039.0,140583.0,-1544.0,loss,DONE,DONE,1,2.8061991249996936,719,0,0,0.0085,0.04555770000000003,0.07244376000000011,0.236083,"{""BUILD_PASTURE"": 14, ""CARE"": 308, ""COLLECT_FERTILIZER"": 318, ""DIG"": 25, ""DROP"": 80, ""EAST"": 857, ""FEED"": 319, ""FERTILIZE"": 107, ""HARVEST"": 338, ""NORTH"": 1236, ""PASS"": 377, ""PICKUP"": 339, ""PLACE"": 27, ""PLANT"": 131, ""SOUTH"": 929, ""WATER"": 851, ""WEST"": 1098}","{""BUY_ANIMAL"": 14, ""BUY_LAND"": 2, ""BUY_PRODUCT"": 279, ""BUY_SEED"": 54, ""HIRE"": 306, ""SELL"": 481}","{""BUY_ANIMAL:COW"": 8, ""BUY_ANIMAL:SHEEP"": 6, ""BUY_PRODUCT:WHEAT"": 967, ""BUY_SEED:MELON"": 21, ""BUY_SEED:STRAWBERRY"": 44, ""BUY_SEED:WHEAT"": 66, ""SELL:CARROT"": 13, ""SELL:EGG"": 8, ""SELL:FERTILIZER"": 445, ""SELL:MELON"": 224, ""SELL:MILK"": 682, ""SELL:STRAWBERRY"": 636, ""SELL:TOMATO"": 4, ""SELL:WHEAT"": 1108, ""SELL:WOOL"": 373}",control,frontier,,,,,,,,,,,,,,,,,,,,,,,,,,,,,,,,,
17,1,148369.0,132796.0,15573.0,win,DONE,DONE,1,2.847677334000764,719,0,0,0.008417,0.04273330000000003,0.06730806000000004,88.994958,"{""BUILD_PASTURE"": 14, ""CARE"": 308, ""COLLECT_FERTILIZER"": 318, ""DIG"": 25, ""DROP"": 80, ""EAST"": 857, ""FEED"": 319, ""FERTILIZE"": 107, ""HARVEST"": 338, ""NORTH"": 1236, ""PASS"": 377, ""PICKUP"": 339, ""PLACE"": 27, ""PLANT"": 131, ""SOUTH"": 929, ""WATER"": 851, ""WEST"": 1098}","{""BUY_ANIMAL"": 14, ""BUY_LAND"": 2, ""BUY_PRODUCT"": 279, ""BUY_SEED"": 54, ""HIRE"": 306, ""SELL"": 481}","{""BUY_ANIMAL:COW"": 8, ""BUY_ANIMAL:SHEEP"": 6, ""BUY_PRODUCT:WHEAT"": 967, ""BUY_SEED:MELON"": 21, ""BUY_SEED:STRAWBERRY"": 44, ""BUY_SEED:WHEAT"": 66, ""SELL:CARROT"": 13, ""SELL:EGG"": 8, ""SELL:FERTILIZER"": 445, ""SELL:MELON"": 224, ""SELL:MILK"": 682, ""SELL:STRAWBERRY"": 636, ""SELL:TOMATO"": 4, ""SELL:WHEAT"": 1108, ""SELL:WOOL"": 373}",control,frontier,,,,,,,,,,,,,,,,,,,,,,,,,,,,,,,,,
42,0,126087.0,122652.0,3435.0,win,DONE,DONE,1,2.841390749999846,719,0,0,0.008625,0.0451164,0.07017306000000008,0.092125,"{""BUILD_PASTURE"": 14, ""CARE"": 308, ""COLLECT_FERTILIZER"": 318, ""DIG"": 25, ""DROP"": 80, ""EAST"": 857, ""FEED"": 319, ""FERTILIZE"": 107, ""HARVEST"": 338, ""NORTH"": 1236, ""PASS"": 377, ""PICKUP"": 339, ""PLACE"": 27, ""PLANT"": 131, ""SOUTH"": 929, ""WATER"": 851, ""WEST"": 1098}","{""BUY_ANIMAL"": 14, ""BUY_LAND"": 2, ""BUY_PRODUCT"": 279, ""BUY_SEED"": 54, ""HIRE"": 306, ""SELL"": 481}","{""BUY_ANIMAL:COW"": 8, ""BUY_ANIMAL:SHEEP"": 6, ""BUY_PRODUCT:WHEAT"": 967, ""BUY_SEED:MELON"": 21, ""BUY_SEED:STRAWBERRY"": 44, ""BUY_SEED:WHEAT"": 66, ""SELL:CARROT"": 13, ""SELL:EGG"": 8, ""SELL:FERTILIZER"": 445, ""SELL:MELON"": 224, ""SELL:MILK"": 682, ""SELL:STRAWBERRY"": 636, ""SELL:TOMATO"": 4, ""SELL:WHEAT"": 1108, ""SELL:WOOL"": 373}",control,frontier,,,,,,,,,,,,,,,,,,,,,,,,,,,,,,,,,
42,1,126201.0,122578.0,3623.0,win,DONE,DONE,1,2.9260625839960994,719,0,0,0.0085,0.04362470000000001,0.06769306000000001,0.176167,"{""BUILD_PASTURE"": 14, ""CARE"": 308, ""COLLECT_FERTILIZER"": 318, ""DIG"": 25, ""DROP"": 80, ""EAST"": 857, ""FEED"": 319, ""FERTILIZE"": 107, ""HARVEST"": 338, ""NORTH"": 1236, ""PASS"": 377, ""PICKUP"": 339, ""PLACE"": 27, ""PLANT"": 131, ""SOUTH"": 929, ""WATER"": 851, ""WEST"": 1098}","{""BUY_ANIMAL"": 14, ""BUY_LAND"": 2, ""BUY_PRODUCT"": 279, ""BUY_SEED"": 54, ""HIRE"": 306, ""SELL"": 481}","{""BUY_ANIMAL:COW"": 8, ""BUY_ANIMAL:SHEEP"": 6, ""BUY_PRODUCT:WHEAT"": 967, ""BUY_SEED:MELON"": 21, ""BUY_SEED:STRAWBERRY"": 44, ""BUY_SEED:WHEAT"": 66, ""SELL:CARROT"": 13, ""SELL:EGG"": 8, ""SELL:FERTILIZER"": 445, ""SELL:MELON"": 224, ""SELL:MILK"": 682, ""SELL:STRAWBERRY"": 636, ""SELL:TOMATO"": 4, ""SELL:WHEAT"": 1108, ""SELL:WOOL"": 373}",control,frontier,,,,,,,,,,,,,,,,,,,,,,,,,,,,,,,,,
2026,0,104279.0,94803.0,9476.0,win,DONE,DONE,1,2.9286803329960094,719,0,0,0.0085,0.0455503,0.07053818000000002,0.223667,"{""BUILD_PASTURE"": 14, ""CARE"": 308, ""COLLECT_FERTILIZER"": 318, ""DIG"": 25, ""DROP"": 80, ""EAST"": 857, ""FEED"": 319, ""FERTILIZE"": 107, ""HARVEST"": 338, ""NORTH"": 1236, ""PASS"": 377, ""PICKUP"": 339, ""PLACE"": 27, ""PLANT"": 131, ""SOUTH"": 929, ""WATER"": 851, ""WEST"": 1098}","{""BUY_ANIMAL"": 14, ""BUY_LAND"": 2, ""BUY_PRODUCT"": 279, ""BUY_SEED"": 54, ""HIRE"": 306, ""SELL"": 450}","{""BUY_ANIMAL:COW"": 8, ""BUY_ANIMAL:SHEEP"": 6, ""BUY_PRODUCT:WHEAT"": 967, ""BUY_SEED:MELON"": 21, ""BUY_SEED:STRAWBERRY"": 44, ""BUY_SEED:WHEAT"": 66, ""SELL:CARROT"": 13, ""SELL:EGG"": 8, ""SELL:FERTILIZER"": 437, ""SELL:MELON"": 224, ""SELL:MILK"": 614, ""SELL:STRAWBERRY"": 567, ""SELL:TOMATO"": 4, ""SELL:WHEAT"": 1108, ""SELL:WOOL"": 354}",control,frontier,,,,,,,,,,,,,,,,,,,,,,,,,,,,,,,,,
2026,1,102261.0,96843.0,5418.0,win,DONE,DONE,1,2.9241879580004024,719,0,0,0.008458,0.044108,0.06640106000000001,0.180375,"{""BUILD_PASTURE"": 14, ""CARE"": 308, ""COLLECT_FERTILIZER"": 318, ""DIG"": 25, ""DROP"": 80, ""EAST"": 857, ""FEED"": 319, ""FERTILIZE"": 107, ""HARVEST"": 338, ""NORTH"": 1236, ""PASS"": 377, ""PICKUP"": 339, ""PLACE"": 27, ""PLANT"": 131, ""SOUTH"": 929, ""WATER"": 851, ""WEST"": 1098}","{""BUY_ANIMAL"": 14, ""BUY_LAND"": 2, ""BUY_PRODUCT"": 279, ""BUY_SEED"": 54, ""HIRE"": 306, ""SELL"": 450}","{""BUY_ANIMAL:COW"": 8, ""BUY_ANIMAL:SHEEP"": 6, ""BUY_PRODUCT:WHEAT"": 967, ""BUY_SEED:MELON"": 21, ""BUY_SEED:STRAWBERRY"": 44, ""BUY_SEED:WHEAT"": 66, ""SELL:CARROT"": 13, ""SELL:EGG"": 8, ""SELL:FERTILIZER"": 437, ""SELL:MELON"": 224, ""SELL:MILK"": 614, ""SELL:STRAWBERRY"": 567, ""SELL:TOMATO"": 4, ""SELL:WHEAT"": 1108, ""SELL:WOOL"": 354}",control,frontier,,,,,,,,,,,,,,,,,,,,,,,,,,,,,,,,,
217,0,105649.0,87326.0,18323.0,win,DONE,DONE,1,2.9095931250049034,719,0,0,0.0085,0.04501220000000001,0.07073862000000002,0.284666,"{""BUILD_PASTURE"": 14, ""CARE"": 308, ""COLLECT_FERTILIZER"": 318, ""DIG"": 25, ""DROP"": 80, ""EAST"": 857, ""FEED"": 319, ""FERTILIZE"": 107, ""HARVEST"": 338, ""NORTH"": 1236, ""PASS"": 377, ""PICKUP"": 339, ""PLACE"": 27, ""PLANT"": 131, ""SOUTH"": 929, ""WATER"": 851, ""WEST"": 1098}","{""BUY_ANIMAL"": 14, ""BUY_LAND"": 2, ""BUY_PRODUCT"": 279, ""BUY_SEED"": 54, ""HIRE"": 306, ""SELL"": 481}","{""BUY_ANIMAL:COW"": 8, ""BUY_ANIMAL:SHEEP"": 6, ""BUY_PRODUCT:WHEAT"": 967, ""BUY_SEED:MELON"": 21, ""BUY_SEED:STRAWBERRY"": 44, ""BUY_SEED:WHEAT"": 66, ""SELL:CARROT"": 13, ""SELL:EGG"": 8, ""SELL:FERTILIZER"": 445, ""SELL:MELON"": 224, ""SELL:MILK"": 682, ""SELL:STRAWBERRY"": 636, ""SELL:TOMATO"": 4, ""SELL:WHEAT"": 1108, ""SELL:WOOL"": 373}",control,frontier,,,,,,,,,,,,,,,,,,,,,,,,,,,,,,,,,
217,1,105907.0,87410.0,18497.0,win,DONE,DONE,1,2.7501054169988493,719,0,0,0.008375,0.04489640000000002,0.06749244000000001,0.286375,"{""BUILD_PASTURE"": 14, ""CARE"": 308, ""COLLECT_FERTILIZER"": 318, ""DIG"": 25, ""DROP"": 80, ""EAST"": 857, ""FEED"": 319, ""FERTILIZE"": 107, ""HARVEST"": 338, ""NORTH"": 1236, ""PASS"": 377, ""PICKUP"": 339, ""PLACE"": 27, ""PLANT"": 131, ""SOUTH"": 929, ""WATER"": 851, ""WEST"": 1098}","{""BUY_ANIMAL"": 14, ""BUY_LAND"": 2, ""BUY_PRODUCT"": 279, ""BUY_SEED"": 54, ""HIRE"": 306, ""SELL"": 481}","{""BUY_ANIMAL:COW"": 8, ""BUY_ANIMAL:SHEEP"": 6, ""BUY_PRODUCT:WHEAT"": 967, ""BUY_SEED:MELON"": 21, ""BUY_SEED:STRAWBERRY"": 44, ""BUY_SEED:WHEAT"": 66, ""SELL:CARROT"": 13, ""SELL:EGG"": 8, ""SELL:FERTILIZER"": 445, ""SELL:MELON"": 224, ""SELL:MILK"": 682, ""SELL:STRAWBERRY"": 636, ""SELL:TOMATO"": 4, ""SELL:WHEAT"": 1108, ""SELL:WOOL"": 373}",control,frontier,,,,,,,,,,,,,,,,,,,,,,,,,,,,,,,,,
317,0,129238.0,122241.0,6997.0,win,DONE,DONE,1,2.8518995830017957,719,0,0,0.008542,0.04403340000000001,0.06898488000000001,0.255875,"{""BUILD_PASTURE"": 14, ""CARE"": 308, ""COLLECT_FERTILIZER"": 318, ""DIG"": 25, ""DROP"": 80, ""EAST"": 857, ""FEED"": 319, ""FERTILIZE"": 107, ""HARVEST"": 338, ""NORTH"": 1236, ""PASS"": 377, ""PICKUP"": 339, ""PLACE"": 27, ""PLANT"": 131, ""SOUTH"": 929, ""WATER"": 851, ""WEST"": 1098}","{""BUY_ANIMAL"": 14, ""BUY_LAND"": 2, ""BUY_PRODUCT"": 279, ""BUY_SEED"": 54, ""HIRE"": 306, ""SELL"": 450}","{""BUY_ANIMAL:COW"": 8, ""BUY_ANIMAL:SHEEP"": 6, ""BUY_PRODUCT:WHEAT"": 967, ""BUY_SEED:MELON"": 21, ""BUY_SEED:STRAWBERRY"": 44, ""BUY_SEED:WHEAT"": 66, ""SELL:CARROT"": 13, ""SELL:EGG"": 8, ""SELL:FERTILIZER"": 437, ""SELL:MELON"": 224, ""SELL:MILK"": 614, ""SELL:STRAWBERRY"": 567, ""SELL:TOMATO"": 4, ""SELL:WHEAT"": 1108, ""SELL:WOOL"": 354}",control,frontier,,,,,,,,,,,,,,,,,,,,,,,,,,,,,,,,,
317,1,129389.0,122246.0,7143.0,win,DONE,DONE,1,2.8442777919990476,719,0,0,0.0085,0.04601600000000002,0.06741738000000003,0.089708,"{""BUILD_PASTURE"": 14, ""CARE"": 308, ""COLLECT_FERTILIZER"": 318, ""DIG"": 25, ""DROP"": 80, ""EAST"": 857, ""FEED"": 319, ""FERTILIZE"": 107, ""HARVEST"": 338, ""NORTH"": 1236, ""PASS"": 377, ""PICKUP"": 339, ""PLACE"": 27, ""PLANT"": 131, ""SOUTH"": 929, ""WATER"": 851, ""WEST"": 1098}","{""BUY_ANIMAL"": 14, ""BUY_LAND"": 2, ""BUY_PRODUCT"": 279, ""BUY_SEED"": 54, ""HIRE"": 306, ""SELL"": 450}","{""BUY_ANIMAL:COW"": 8, ""BUY_ANIMAL:SHEEP"": 6, ""BUY_PRODUCT:WHEAT"": 967, ""BUY_SEED:MELON"": 21, ""BUY_SEED:STRAWBERRY"": 44, ""BUY_SEED:WHEAT"": 66, ""SELL:CARROT"": 13, ""SELL:EGG"": 8, ""SELL:FERTILIZER"": 437, ""SELL:MELON"": 224, ""SELL:MILK"": 614, ""SELL:STRAWBERRY"": 567, ""SELL:TOMATO"": 4, ""SELL:WHEAT"": 1108, ""SELL:WOOL"": 354}",control,frontier,,,,,,,,,,,,,,,,,,,,,,,,,,,,,,,,,
733,0,120805.0,113712.0,7093.0,win,DONE,DONE,1,2.7772507080007927,719,0,0,0.008625,0.04915800000000002,0.07188106000000008,0.259417,"{""BUILD_PASTURE"": 14, ""CARE"": 308, ""COLLECT_FERTILIZER"": 318, ""DIG"": 25, ""DROP"": 80, ""EAST"": 857, ""FEED"": 319, ""FERTILIZE"": 107, ""HARVEST"": 338, ""NORTH"": 1236, ""PASS"": 377, ""PICKUP"": 339, ""PLACE"": 27, ""PLANT"": 131, ""SOUTH"": 929, ""WATER"": 851, ""WEST"": 1098}","{""BUY_ANIMAL"": 14, ""BUY_LAND"": 2, ""BUY_PRODUCT"": 279, ""BUY_SEED"": 54, ""HIRE"": 306, ""SELL"": 450}","{""BUY_ANIMAL:COW"": 8, ""BUY_ANIMAL:SHEEP"": 6, ""BUY_PRODUCT:WHEAT"": 967, ""BUY_SEED:MELON"": 21, ""BUY_SEED:STRAWBERRY"": 44, ""BUY_SEED:WHEAT"": 66, ""SELL:CARROT"": 13, ""SELL:EGG"": 8, ""SELL:FERTILIZER"": 437, ""SELL:MELON"": 224, ""SELL:MILK"": 614, ""SELL:STRAWBERRY"": 567, ""SELL:TOMATO"": 4, ""SELL:WHEAT"": 1108, ""SELL:WOOL"": 354}",control,frontier,,,,,,,,,,,,,,,,,,,,,,,,,,,,,,,,,
733,1,120766.0,113484.0,7282.0,win,DONE,DONE,1,2.921085583002423,719,0,0,0.008542,0.043779200000000004,0.06679994000000003,0.243625,"{""BUILD_PASTURE"": 14, ""CARE"": 308, ""COLLECT_FERTILIZER"": 318, ""DIG"": 25, ""DROP"": 80, ""EAST"": 857, ""FEED"": 319, ""FERTILIZE"": 107, ""HARVEST"": 338, ""NORTH"": 1236, ""PASS"": 377, ""PICKUP"": 339, ""PLACE"": 27, ""PLANT"": 131, ""SOUTH"": 929, ""WATER"": 851, ""WEST"": 1098}","{""BUY_ANIMAL"": 14, ""BUY_LAND"": 2, ""BUY_PRODUCT"": 279, ""BUY_SEED"": 54, ""HIRE"": 306, ""SELL"": 450}","{""BUY_ANIMAL:COW"": 8, ""BUY_ANIMAL:SHEEP"": 6, ""BUY_PRODUCT:WHEAT"": 967, ""BUY_SEED:MELON"": 21, ""BUY_SEED:STRAWBERRY"": 44, ""BUY_SEED:WHEAT"": 66, ""SELL:CARROT"": 13, ""SELL:EGG"": 8, ""SELL:FERTILIZER"": 437, ""SELL:MELON"": 224, ""SELL:MILK"": 614, ""SELL:STRAWBERRY"": 567, ""SELL:TOMATO"": 4, ""SELL:WHEAT"": 1108, ""SELL:WOOL"": 354}",control,frontier,,,,,,,,,,,,,,,,,,,,,,,,,,,,,,,,,
17,0,143134.0,149752.0,-6618.0,loss,DONE,DONE,1,2.8832179580058437,719,0,0,0.021166,0.07462440000000001,0.1580670000000032,0.229375,"{""BUILD_PASTURE"": 14, ""CARE"": 308, ""COLLECT_FERTILIZER"": 318, ""DIG"": 25, ""DROP"": 80, ""EAST"": 857, ""FEED"": 319, ""FERTILIZE"": 107, ""HARVEST"": 338, ""NORTH"": 1236, ""PASS"": 377, ""PICKUP"": 339, ""PLACE"": 27, ""PLANT"": 131, ""SOUTH"": 929, ""WATER"": 851, ""WEST"": 1098}","{""BUY_ANIMAL"": 14, ""BUY_LAND"": 2, ""BUY_PRODUCT"": 279, ""BUY_SEED"": 54, ""HIRE"": 306, ""SELL"": 484}","{""BUY_ANIMAL:COW"": 8, ""BUY_ANIMAL:SHEEP"": 6, ""BUY_PRODUCT:WHEAT"": 967, ""BUY_SEED:MELON"": 21, ""BUY_SEED:STRAWBERRY"": 44, ""BUY_SEED:WHEAT"": 66, ""SELL:CARROT"": 13, ""SELL:EGG"": 8, ""SELL:FERTILIZER"": 445, ""SELL:MELON"": 236, ""SELL:MILK"": 691, ""SELL:STRAWBERRY"": 634, ""SELL:TOMATO"": 4, ""SELL:WHEAT"": 1108, ""SELL:WOOL"": 390}",default,v012,12,2,7,7,1,10,6,3,3,2,2,50,12,12,9,17,0,0,0,0,718,0,0,,,,,,,,,,
17,1,150023.0,142869.0,7154.0,win,DONE,DONE,1,2.940356459002942,719,0,0,0.019583,0.05280810000000002,0.10394006000000001,0.266541,"{""BUILD_PASTURE"": 14, ""CARE"": 308, ""COLLECT_FERTILIZER"": 318, ""DIG"": 25, ""DROP"": 80, ""EAST"": 857, ""FEED"": 319, ""FERTILIZE"": 107, ""HARVEST"": 338, ""NORTH"": 1236, ""PASS"": 377, ""PICKUP"": 339, ""PLACE"": 27, ""PLANT"": 131, ""SOUTH"": 929, ""WATER"": 851, ""WEST"": 1098}","{""BUY_ANIMAL"": 14, ""BUY_LAND"": 2, ""BUY_PRODUCT"": 279, ""BUY_SEED"": 54, ""HIRE"": 306, ""SELL"": 484}","{""BUY_ANIMAL:COW"": 8, ""BUY_ANIMAL:SHEEP"": 6, ""BUY_PRODUCT:WHEAT"": 967, ""BUY_SEED:MELON"": 21, ""BUY_SEED:STRAWBERRY"": 44, ""BUY_SEED:WHEAT"": 66, ""SELL:CARROT"": 13, ""SELL:EGG"": 8, ""SELL:FERTILIZER"": 445, ""SELL:MELON"": 236, ""SELL:MILK"": 691, ""SELL:STRAWBERRY"": 635, ""SELL:TOMATO"": 4, ""SELL:WHEAT"": 1108, ""SELL:WOOL"": 394}",default,v012,12,2,7,7,1,10,6,3,3,2,2,55,12,13,9,21,0,0,0,0,718,0,0,,,,,,,,,,
42,0,131262.0,130873.0,389.0,win,DONE,DONE,1,2.929354082996724,719,0,0,0.021167,0.06402890000000001,0.10173756000000007,0.317583,"{""BUILD_PASTURE"": 14, ""CARE"": 308, ""COLLECT_FERTILIZER"": 318, ""DIG"": 25, ""DROP"": 80, ""EAST"": 857, ""FEED"": 319, ""FERTILIZE"": 107, ""HARVEST"": 338, ""NORTH"": 1236, ""PASS"": 377, ""PICKUP"": 339, ""PLACE"": 27, ""PLANT"": 131, ""SOUTH"": 929, ""WATER"": 851, ""WEST"": 1098}","{""BUY_ANIMAL"": 14, ""BUY_LAND"": 2, ""BUY_PRODUCT"": 279, ""BUY_SEED"": 54, ""HIRE"": 306, ""SELL"": 484}","{""BUY_ANIMAL:COW"": 8, ""BUY_ANIMAL:SHEEP"": 6, ""BUY_PRODUCT:WHEAT"": 967, ""BUY_SEED:MELON"": 21, ""BUY_SEED:STRAWBERRY"": 44, ""BUY_SEED:WHEAT"": 66, ""SELL:CARROT"": 13, ""SELL:EGG"": 8, ""SELL:FERTILIZER"": 445, ""SELL:MELON"": 236, ""SELL:MILK"": 690, ""SELL:STRAWBERRY"": 636, ""SELL:TOMATO"": 4, ""SELL:WHEAT"": 1108, ""SELL:WOOL"": 394}",default,v012,26,,26,18,,7,4,13,2,12,2,55,12,13,9,21,0,0,0,0,718,0,0,19,14,11,10,,,,,,
42,1,131365.0,130770.0,595.0,win,DONE,DONE,1,2.9222457080031745,719,0,0,0.019625,0.057537500000000005,0.09681306000000019,0.257208,"{""BUILD_PASTURE"": 14, ""CARE"": 308, ""COLLECT_FERTILIZER"": 318, ""DIG"": 25, ""DROP"": 80, ""EAST"": 857, ""FEED"": 319, ""FERTILIZE"": 107, ""HARVEST"": 338, ""NORTH"": 1236, ""PASS"": 377, ""PICKUP"": 339, ""PLACE"": 27, ""PLANT"": 131, ""SOUTH"": 929, ""WATER"": 851, ""WEST"": 1098}","{""BUY_ANIMAL"": 14, ""BUY_LAND"": 2, ""BUY_PRODUCT"": 279, ""BUY_SEED"": 54, ""HIRE"": 306, ""SELL"": 484}","{""BUY_ANIMAL:COW"": 8, ""BUY_ANIMAL:SHEEP"": 6, ""BUY_PRODUCT:WHEAT"": 967, ""BUY_SEED:MELON"": 21, ""BUY_SEED:STRAWBERRY"": 44, ""BUY_SEED:WHEAT"": 66, ""SELL:CARROT"": 13, ""SELL:EGG"": 8, ""SELL:FERTILIZER"": 445, ""SELL:MELON"": 236, ""SELL:MILK"": 690, ""SELL:STRAWBERRY"": 636, ""SELL:TOMATO"": 4, ""SELL:WHEAT"": 1108, ""SELL:WOOL"": 394}",default,v012,26,,26,18,,7,4,13,2,12,2,55,12,13,9,21,0,0,0,0,718,0,0,19,14,11,10,,,,,,
2026,0,111933.0,106124.0,5809.0,win,DONE,DONE,1,2.845739958997001,719,0,0,0.021292,0.06105830000000013,0.08476006000000008,0.331583,"{""BUILD_PASTURE"": 14, ""CARE"": 308, ""COLLECT_FERTILIZER"": 318, ""DIG"": 25, ""DROP"": 80, ""EAST"": 857, ""FEED"": 319, ""FERTILIZE"": 107, ""HARVEST"": 338, ""NORTH"": 1236, ""PASS"": 377, ""PICKUP"": 339, ""PLACE"": 27, ""PLANT"": 131, ""SOUTH"": 929, ""WATER"": 851, ""WEST"": 1098}","{""BUY_ANIMAL"": 14, ""BUY_LAND"": 2, ""BUY_PRODUCT"": 279, ""BUY_SEED"": 54, ""HIRE"": 306, ""SELL"": 453}","{""BUY_ANIMAL:COW"": 8, ""BUY_ANIMAL:SHEEP"": 6, ""BUY_PRODUCT:WHEAT"": 967, ""BUY_SEED:MELON"": 21, ""BUY_SEED:STRAWBERRY"": 44, ""BUY_SEED:WHEAT"": 66, ""SELL:CARROT"": 13, ""SELL:EGG"": 8, ""SELL:FERTILIZER"": 437, ""SELL:MELON"": 236, ""SELL:MILK"": 622, ""SELL:STRAWBERRY"": 567, ""SELL:TOMATO"": 4, ""SELL:WHEAT"": 1108, ""SELL:WOOL"": 375}",default,v012,57,20,34,28,10,8,4,16,2,15,2,55,12,13,9,21,0,0,0,0,718,0,0,29,14,10,9,4,4,,,,
2026,1,109842.0,108215.0,1627.0,win,DONE,DONE,1,2.923560916999122,719,0,0,0.019791,0.05365830000000006,0.0969125000000001,0.278583,"{""BUILD_PASTURE"": 14, ""CARE"": 308, ""COLLECT_FERTILIZER"": 318, ""DIG"": 25, ""DROP"": 80, ""EAST"": 857, ""FEED"": 319, ""FERTILIZE"": 107, ""HARVEST"": 338, ""NORTH"": 1236, ""PASS"": 377, ""PICKUP"": 339, ""PLACE"": 27, ""PLANT"": 131, ""SOUTH"": 929, ""WATER"": 851, ""WEST"": 1098}","{""BUY_ANIMAL"": 14, ""BUY_LAND"": 2, ""BUY_PRODUCT"": 279, ""BUY_SEED"": 54, ""HIRE"": 306, ""SELL"": 453}","{""BUY_ANIMAL:COW"": 8, ""BUY_ANIMAL:SHEEP"": 6, ""BUY_PRODUCT:WHEAT"": 967, ""BUY_SEED:MELON"": 21, ""BUY_SEED:STRAWBERRY"": 44, ""BUY_SEED:WHEAT"": 66, ""SELL:CARROT"": 13, ""SELL:EGG"": 8, ""SELL:FERTILIZER"": 437, ""SELL:MELON"": 236, ""SELL:MILK"": 622, ""SELL:STRAWBERRY"": 565, ""SELL:TOMATO"": 4, ""SELL:WHEAT"": 1108, ""SELL:WOOL"": 375}",default,v012,57,20,34,28,10,8,4,16,2,15,2,53,12,11,9,21,0,0,0,0,718,0,0,29,14,10,9,4,4,,,,
217,0,103685.0,103044.0,641.0,win,DONE,DONE,1,2.855657500003872,719,0,0,0.021375,0.06899140000000001,0.09068312000000014,0.201416,"{""BUILD_PASTURE"": 14, ""CARE"": 308, ""COLLECT_FERTILIZER"": 318, ""DIG"": 25, ""DROP"": 80, ""EAST"": 857, ""FEED"": 319, ""FERTILIZE"": 107, ""HARVEST"": 338, ""NORTH"": 1236, ""PASS"": 377, ""PICKUP"": 339, ""PLACE"": 27, ""PLANT"": 131, ""SOUTH"": 929, ""WATER"": 851, ""WEST"": 1098}","{""BUY_ANIMAL"": 14, ""BUY_LAND"": 2, ""BUY_PRODUCT"": 279, ""BUY_SEED"": 54, ""HIRE"": 306, ""SELL"": 484}","{""BUY_ANIMAL:COW"": 8, ""BUY_ANIMAL:SHEEP"": 6, ""BUY_PRODUCT:WHEAT"": 967, ""BUY_SEED:MELON"": 21, ""BUY_SEED:STRAWBERRY"": 44, ""BUY_SEED:WHEAT"": 66, ""SELL:CARROT"": 13, ""SELL:EGG"": 8, ""SELL:FERTILIZER"": 445, ""SELL:MELON"": 236, ""SELL:MILK"": 688, ""SELL:STRAWBERRY"": 634, ""SELL:TOMATO"": 4, ""SELL:WHEAT"": 1108, ""SELL:WOOL"": 394}",default,v012,60,,41,26,,19,8,22,7,17,5,55,12,13,9,21,0,0,0,0,718,0,0,41,18,15,12,,,,,,
217,1,103456.0,103275.0,181.0,win,DONE,DONE,1,2.877121666999301,719,0,0,0.019709,0.05356660000000001,0.09358818000000013,0.195875,"{""BUILD_PASTURE"": 14, ""CARE"": 308, ""COLLECT_FERTILIZER"": 318, ""DIG"": 25, ""DROP"": 80, ""EAST"": 857, ""FEED"": 319, ""FERTILIZE"": 107, ""HARVEST"": 338, ""NORTH"": 1236, ""PASS"": 377, ""PICKUP"": 339, ""PLACE"": 27, ""PLANT"": 131, ""SOUTH"": 929, ""WATER"": 851, ""WEST"": 1098}","{""BUY_ANIMAL"": 14, ""BUY_LAND"": 2, ""BUY_PRODUCT"": 279, ""BUY_SEED"": 54, ""HIRE"": 306, ""SELL"": 484}","{""BUY_ANIMAL:COW"": 8, ""BUY_ANIMAL:SHEEP"": 6, ""BUY_PRODUCT:WHEAT"": 967, ""BUY_SEED:MELON"": 21, ""BUY_SEED:STRAWBERRY"": 44, ""BUY_SEED:WHEAT"": 66, ""SELL:CARROT"": 13, ""SELL:EGG"": 8, ""SELL:FERTILIZER"": 445, ""SELL:MELON"": 236, ""SELL:MILK"": 688, ""SELL:STRAWBERRY"": 634, ""SELL:TOMATO"": 4, ""SELL:WHEAT"": 1108, ""SELL:WOOL"": 394}",default,v012,60,,41,26,,19,8,22,7,17,5,55,12,13,9,21,0,0,0,0,718,0,0,41,18,15,12,,,,,,
317,0,131599.0,131741.0,-142.0,loss,DONE,DONE,1,2.8648519170019426,719,0,0,0.021125,0.06202020000000005,0.08482318000000004,0.230166,"{""BUILD_PASTURE"": 14, ""CARE"": 308, ""COLLECT_FERTILIZER"": 318, ""DIG"": 25, ""DROP"": 80, ""EAST"": 857, ""FEED"": 319, ""FERTILIZE"": 107, ""HARVEST"": 338, ""NORTH"": 1236, ""PASS"": 377, ""PICKUP"": 339, ""PLACE"": 27, ""PLANT"": 131, ""SOUTH"": 929, ""WATER"": 851, ""WEST"": 1098}","{""BUY_ANIMAL"": 14, ""BUY_LAND"": 2, ""BUY_PRODUCT"": 279, ""BUY_SEED"": 54, ""HIRE"": 306, ""SELL"": 453}","{""BUY_ANIMAL:COW"": 8, ""BUY_ANIMAL:SHEEP"": 6, ""BUY_PRODUCT:WHEAT"": 967, ""BUY_SEED:MELON"": 21, ""BUY_SEED:STRAWBERRY"": 44, ""BUY_SEED:WHEAT"": 66, ""SELL:CARROT"": 13, ""SELL:EGG"": 8, ""SELL:FERTILIZER"": 437, ""SELL:MELON"": 236, ""SELL:MILK"": 623, ""SELL:STRAWBERRY"": 566, ""SELL:TOMATO"": 4, ""SELL:WHEAT"": 1108, ""SELL:WOOL"": 373}",default,v012,40,31,20,16,12,9,4,9,3,6,2,55,12,13,9,21,0,0,0,0,718,0,0,,,,,6,4,,,,
317,1,131740.0,131600.0,140.0,win,DONE,DONE,1,2.936980124999536,719,0,0,0.019667,0.058779200000000066,0.1030313200000001,0.248,"{""BUILD_PASTURE"": 14, ""CARE"": 308, ""COLLECT_FERTILIZER"": 318, ""DIG"": 25, ""DROP"": 80, ""EAST"": 857, ""FEED"": 319, ""FERTILIZE"": 107, ""HARVEST"": 338, ""NORTH"": 1236, ""PASS"": 377, ""PICKUP"": 339, ""PLACE"": 27, ""PLANT"": 131, ""SOUTH"": 929, ""WATER"": 851, ""WEST"": 1098}","{""BUY_ANIMAL"": 14, ""BUY_LAND"": 2, ""BUY_PRODUCT"": 279, ""BUY_SEED"": 54, ""HIRE"": 306, ""SELL"": 453}","{""BUY_ANIMAL:COW"": 8, ""BUY_ANIMAL:SHEEP"": 6, ""BUY_PRODUCT:WHEAT"": 967, ""BUY_SEED:MELON"": 21, ""BUY_SEED:STRAWBERRY"": 44, ""BUY_SEED:WHEAT"": 66, ""SELL:CARROT"": 13, ""SELL:EGG"": 8, ""SELL:FERTILIZER"": 437, ""SELL:MELON"": 236, ""SELL:MILK"": 623, ""SELL:STRAWBERRY"": 566, ""SELL:TOMATO"": 4, ""SELL:WHEAT"": 1108, ""SELL:WOOL"": 373}",default,v012,40,31,20,16,12,9,4,9,3,6,2,55,12,13,9,21,0,0,0,0,718,0,0,,,,,6,4,,,,
733,0,128080.0,124429.0,3651.0,win,DONE,DONE,1,2.919827833000454,719,0,0,0.022083,0.0687288,0.10755056000000016,0.333,"{""BUILD_PASTURE"": 14, ""CARE"": 308, ""COLLECT_FERTILIZER"": 318, ""DIG"": 25, ""DROP"": 80, ""EAST"": 857, ""FEED"": 319, ""FERTILIZE"": 107, ""HARVEST"": 338, ""NORTH"": 1236, ""PASS"": 377, ""PICKUP"": 339, ""PLACE"": 27, ""PLANT"": 131, ""SOUTH"": 929, ""WATER"": 851, ""WEST"": 1098}","{""BUY_ANIMAL"": 14, ""BUY_LAND"": 2, ""BUY_PRODUCT"": 279, ""BUY_SEED"": 54, ""HIRE"": 306, ""SELL"": 453}","{""BUY_ANIMAL:COW"": 8, ""BUY_ANIMAL:SHEEP"": 6, ""BUY_PRODUCT:WHEAT"": 967, ""BUY_SEED:MELON"": 21, ""BUY_SEED:STRAWBERRY"": 44, ""BUY_SEED:WHEAT"": 66, ""SELL:CARROT"": 13, ""SELL:EGG"": 8, ""SELL:FERTILIZER"": 437, ""SELL:MELON"": 236, ""SELL:MILK"": 623, ""SELL:STRAWBERRY"": 567, ""SELL:TOMATO"": 4, ""SELL:WHEAT"": 1108, ""SELL:WOOL"": 375}",default,v012,38,20,23,21,10,6,4,10,2,10,2,55,12,13,9,21,0,0,0,0,718,0,0,12,7,4,4,4,4,,,,
733,1,128029.0,124480.0,3549.0,win,DONE,DONE,1,2.8595211659994675,719,0,0,0.019667,0.05314170000000001,0.08325682000000029,0.112542,"{""BUILD_PASTURE"": 14, ""CARE"": 308, ""COLLECT_FERTILIZER"": 318, ""DIG"": 25, ""DROP"": 80, ""EAST"": 857, ""FEED"": 319, ""FERTILIZE"": 107, ""HARVEST"": 338, ""NORTH"": 1236, ""PASS"": 377, ""PICKUP"": 339, ""PLACE"": 27, ""PLANT"": 131, ""SOUTH"": 929, ""WATER"": 851, ""WEST"": 1098}","{""BUY_ANIMAL"": 14, ""BUY_LAND"": 2, ""BUY_PRODUCT"": 279, ""BUY_SEED"": 54, ""HIRE"": 306, ""SELL"": 453}","{""BUY_ANIMAL:COW"": 8, ""BUY_ANIMAL:SHEEP"": 6, ""BUY_PRODUCT:WHEAT"": 967, ""BUY_SEED:MELON"": 21, ""BUY_SEED:STRAWBERRY"": 44, ""BUY_SEED:WHEAT"": 66, ""SELL:CARROT"": 13, ""SELL:EGG"": 8, ""SELL:FERTILIZER"": 437, ""SELL:MELON"": 236, ""SELL:MILK"": 623, ""SELL:STRAWBERRY"": 567, ""SELL:TOMATO"": 4, ""SELL:WHEAT"": 1108, ""SELL:WOOL"": 375}",default,v012,38,20,23,21,10,6,4,10,2,10,2,55,12,13,9,21,0,0,0,0,718,0,0,12,7,4,4,4,4,,,,
17,0,138399.0,98771.0,39628.0,win,DONE,DONE,1,3.2788928750014747,719,0,0,0.022417,0.07210420000000002,0.12498750000000028,0.293708,"{""BUILD_PASTURE"": 14, ""CARE"": 308, ""COLLECT_FERTILIZER"": 318, ""DIG"": 25, ""DROP"": 80, ""EAST"": 857, ""FEED"": 319, ""FERTILIZE"": 107, ""HARVEST"": 338, ""NORTH"": 1236, ""PASS"": 377, ""PICKUP"": 339, ""PLACE"": 27, ""PLANT"": 131, ""SOUTH"": 929, ""WATER"": 851, ""WEST"": 1098}","{""BUY_ANIMAL"": 14, ""BUY_LAND"": 2, ""BUY_PRODUCT"": 279, ""BUY_SEED"": 54, ""HIRE"": 306, ""SELL"": 484}","{""BUY_ANIMAL:COW"": 8, ""BUY_ANIMAL:SHEEP"": 6, ""BUY_PRODUCT:WHEAT"": 967, ""BUY_SEED:MELON"": 21, ""BUY_SEED:STRAWBERRY"": 44, ""BUY_SEED:WHEAT"": 66, ""SELL:CARROT"": 13, ""SELL:EGG"": 8, ""SELL:FERTILIZER"": 445, ""SELL:MELON"": 236, ""SELL:MILK"": 691, ""SELL:STRAWBERRY"": 634, ""SELL:TOMATO"": 4, ""SELL:WHEAT"": 1108, ""SELL:WOOL"": 394}",default,baseline,3,,3,3,,3,3,1,1,1,1,53,12,11,9,21,0,0,0,0,718,0,0,,,,,,,,,,
17,1,138962.0,99001.0,39961.0,win,DONE,DONE,1,3.271106250002049,719,0,0,0.021375,0.06715,0.08568238000000013,0.189959,"{""BUILD_PASTURE"": 14, ""CARE"": 308, ""COLLECT_FERTILIZER"": 318, ""DIG"": 25, ""DROP"": 80, ""EAST"": 857, ""FEED"": 319, ""FERTILIZE"": 107, ""HARVEST"": 338, ""NORTH"": 1236, ""PASS"": 377, ""PICKUP"": 339, ""PLACE"": 27, ""PLANT"": 131, ""SOUTH"": 929, ""WATER"": 851, ""WEST"": 1098}","{""BUY_ANIMAL"": 14, ""BUY_LAND"": 2, ""BUY_PRODUCT"": 279, ""BUY_SEED"": 54, ""HIRE"": 306, ""SELL"": 484}","{""BUY_ANIMAL:COW"": 8, ""BUY_ANIMAL:SHEEP"": 6, ""BUY_PRODUCT:WHEAT"": 967, ""BUY_SEED:MELON"": 21, ""BUY_SEED:STRAWBERRY"": 44, ""BUY_SEED:WHEAT"": 66, ""SELL:CARROT"": 13, ""SELL:EGG"": 8, ""SELL:FERTILIZER"": 445, ""SELL:MELON"": 236, ""SELL:MILK"": 691, ""SELL:STRAWBERRY"": 636, ""SELL:TOMATO"": 4, ""SELL:WHEAT"": 1108, ""SELL:WOOL"": 394}",default,baseline,5,,4,5,,4,4,1,1,1,1,55,12,13,9,21,0,0,0,0,718,0,0,,,,,,,1,1,,
42,0,168970.0,114195.0,54775.0,win,DONE,DONE,1,3.1860109160043066,719,0,0,0.02225,0.07331640000000006,0.12149044000000016,0.227291,"{""BUILD_PASTURE"": 14, ""CARE"": 308, ""COLLECT_FERTILIZER"": 318, ""DIG"": 25, ""DROP"": 80, ""EAST"": 857, ""FEED"": 319, ""FERTILIZE"": 107, ""HARVEST"": 338, ""NORTH"": 1236, ""PASS"": 377, ""PICKUP"": 339, ""PLACE"": 27, ""PLANT"": 131, ""SOUTH"": 929, ""WATER"": 851, ""WEST"": 1098}","{""BUY_ANIMAL"": 14, ""BUY_LAND"": 2, ""BUY_PRODUCT"": 279, ""BUY_SEED"": 54, ""HIRE"": 306, ""SELL"": 484}","{""BUY_ANIMAL:COW"": 8, ""BUY_ANIMAL:SHEEP"": 6, ""BUY_PRODUCT:WHEAT"": 967, ""BUY_SEED:MELON"": 21, ""BUY_SEED:STRAWBERRY"": 44, ""BUY_SEED:WHEAT"": 66, ""SELL:CARROT"": 13, ""SELL:EGG"": 8, ""SELL:FERTILIZER"": 445, ""SELL:MELON"": 236, ""SELL:MILK"": 691, ""SELL:STRAWBERRY"": 636, ""SELL:TOMATO"": 4, ""SELL:WHEAT"": 1108, ""SELL:WOOL"": 394}",default,baseline,,,1,,,,,,,,,55,12,13,9,21,0,0,0,0,718,0,0,,,,,,,,,,
42,1,165240.0,107960.0,57280.0,win,DONE,DONE,1,3.229631583999435,719,0,0,0.021292,0.05279610000000009,0.08192494000000002,0.272458,"{""BUILD_PASTURE"": 14, ""CARE"": 308, ""COLLECT_FERTILIZER"": 318, ""DIG"": 25, ""DROP"": 80, ""EAST"": 857, ""FEED"": 319, ""FERTILIZE"": 107, ""HARVEST"": 338, ""NORTH"": 1236, ""PASS"": 377, ""PICKUP"": 339, ""PLACE"": 27, ""PLANT"": 131, ""SOUTH"": 929, ""WATER"": 851, ""WEST"": 1098}","{""BUY_ANIMAL"": 14, ""BUY_LAND"": 2, ""BUY_PRODUCT"": 279, ""BUY_SEED"": 54, ""HIRE"": 306, ""SELL"": 484}","{""BUY_ANIMAL:COW"": 8, ""BUY_ANIMAL:SHEEP"": 6, ""BUY_PRODUCT:WHEAT"": 967, ""BUY_SEED:MELON"": 21, ""BUY_SEED:STRAWBERRY"": 44, ""BUY_SEED:WHEAT"": 66, ""SELL:CARROT"": 13, ""SELL:EGG"": 8, ""SELL:FERTILIZER"": 445, ""SELL:MELON"": 236, ""SELL:MILK"": 691, ""SELL:STRAWBERRY"": 636, ""SELL:TOMATO"": 4, ""SELL:WHEAT"": 1108, ""SELL:WOOL"": 394}",default,baseline,,,1,,,,,,,,,55,12,13,9,21,0,0,0,0,718,0,0,,,,,,,,,,
2026,0,149754.0,91837.0,57917.0,win,DONE,DONE,1,3.2522343329983414,719,0,0,0.02275,0.07329560000000002,0.18450506000000025,0.3005,"{""BUILD_PASTURE"": 14, ""CARE"": 308, ""COLLECT_FERTILIZER"": 318, ""DIG"": 25, ""DROP"": 80, ""EAST"": 857, ""FEED"": 319, ""FERTILIZE"": 107, ""HARVEST"": 338, ""NORTH"": 1236, ""PASS"": 377, ""PICKUP"": 339, ""PLACE"": 27, ""PLANT"": 131, ""SOUTH"": 929, ""WATER"": 851, ""WEST"": 1098}","{""BUY_ANIMAL"": 14, ""BUY_LAND"": 2, ""BUY_PRODUCT"": 279, ""BUY_SEED"": 54, ""HIRE"": 306, ""SELL"": 483}","{""BUY_ANIMAL:COW"": 8, ""BUY_ANIMAL:SHEEP"": 6, ""BUY_PRODUCT:WHEAT"": 967, ""BUY_SEED:MELON"": 21, ""BUY_SEED:STRAWBERRY"": 44, ""BUY_SEED:WHEAT"": 66, ""SELL:CARROT"": 13, ""SELL:EGG"": 8, ""SELL:FERTILIZER"": 445, ""SELL:MELON"": 236, ""SELL:MILK"": 691, ""SELL:STRAWBERRY"": 636, ""SELL:TOMATO"": 4, ""SELL:WHEAT"": 1108, ""SELL:WOOL"": 393}",default,baseline,15,15,9,7,7,,,4,,3,,55,12,13,9,21,0,0,0,0,718,0,0,,,,,4,3,,,,
2026,1,144223.0,93397.0,50826.0,win,DONE,DONE,1,3.2605430830008117,719,0,0,0.021417,0.036891700000000006,0.08288294000000002,0.097583,"{""BUILD_PASTURE"": 14, ""CARE"": 308, ""COLLECT_FERTILIZER"": 318, ""DIG"": 25, ""DROP"": 80, ""EAST"": 857, ""FEED"": 319, ""FERTILIZE"": 107, ""HARVEST"": 338, ""NORTH"": 1236, ""PASS"": 377, ""PICKUP"": 339, ""PLACE"": 27, ""PLANT"": 131, ""SOUTH"": 929, ""WATER"": 851, ""WEST"": 1098}","{""BUY_ANIMAL"": 14, ""BUY_LAND"": 2, ""BUY_PRODUCT"": 279, ""BUY_SEED"": 54, ""HIRE"": 306, ""SELL"": 484}","{""BUY_ANIMAL:COW"": 8, ""BUY_ANIMAL:SHEEP"": 6, ""BUY_PRODUCT:WHEAT"": 967, ""BUY_SEED:MELON"": 21, ""BUY_SEED:STRAWBERRY"": 44, ""BUY_SEED:WHEAT"": 66, ""SELL:CARROT"": 13, ""SELL:EGG"": 8, ""SELL:FERTILIZER"": 445, ""SELL:MELON"": 236, ""SELL:MILK"": 691, ""SELL:STRAWBERRY"": 636, ""SELL:TOMATO"": 4, ""SELL:WHEAT"": 1108, ""SELL:WOOL"": 394}",default,baseline,20,20,11,9,9,,,5,,5,,55,12,13,9,21,0,0,0,0,718,0,0,,,,,5,5,,,,
217,0,159740.0,100071.0,59669.0,win,DONE,DONE,1,3.233986792001815,719,0,0,0.02225,0.07234139999999999,0.1569850000000005,0.288625,"{""BUILD_PASTURE"": 14, ""CARE"": 308, ""COLLECT_FERTILIZER"": 318, ""DIG"": 25, ""DROP"": 80, ""EAST"": 857, ""FEED"": 319, ""FERTILIZE"": 107, ""HARVEST"": 338, ""NORTH"": 1236, ""PASS"": 377, ""PICKUP"": 339, ""PLACE"": 27, ""PLANT"": 131, ""SOUTH"": 929, ""WATER"": 851, ""WEST"": 1098}","{""BUY_ANIMAL"": 14, ""BUY_LAND"": 2, ""BUY_PRODUCT"": 279, ""BUY_SEED"": 54, ""HIRE"": 306, ""SELL"": 484}","{""BUY_ANIMAL:COW"": 8, ""BUY_ANIMAL:SHEEP"": 6, ""BUY_PRODUCT:WHEAT"": 967, ""BUY_SEED:MELON"": 21, ""BUY_SEED:STRAWBERRY"": 44, ""BUY_SEED:WHEAT"": 66, ""SELL:CARROT"": 13, ""SELL:EGG"": 8, ""SELL:FERTILIZER"": 445, ""SELL:MELON"": 235, ""SELL:MILK"": 691, ""SELL:STRAWBERRY"": 636, ""SELL:TOMATO"": 4, ""SELL:WHEAT"": 1108, ""SELL:WOOL"": 394}",default,baseline,1,,4,1,,,,2,,1,,55,12,13,9,21,0,0,0,0,718,0,0,,,,,,,1,1,2,1
217,1,160003.0,104796.0,55207.0,win,DONE,DONE,1,3.263523791996704,719,0,0,0.021292,0.060862500000000104,0.09472438000000075,0.284458,"{""BUILD_PASTURE"": 14, ""CARE"": 308, ""COLLECT_FERTILIZER"": 318, ""DIG"": 25, ""DROP"": 80, ""EAST"": 857, ""FEED"": 319, ""FERTILIZE"": 107, ""HARVEST"": 338, ""NORTH"": 1236, ""PASS"": 377, ""PICKUP"": 339, ""PLACE"": 27, ""PLANT"": 131, ""SOUTH"": 929, ""WATER"": 851, ""WEST"": 1098}","{""BUY_ANIMAL"": 14, ""BUY_LAND"": 2, ""BUY_PRODUCT"": 279, ""BUY_SEED"": 54, ""HIRE"": 306, ""SELL"": 484}","{""BUY_ANIMAL:COW"": 8, ""BUY_ANIMAL:SHEEP"": 6, ""BUY_PRODUCT:WHEAT"": 967, ""BUY_SEED:MELON"": 21, ""BUY_SEED:STRAWBERRY"": 44, ""BUY_SEED:WHEAT"": 66, ""SELL:CARROT"": 13, ""SELL:EGG"": 8, ""SELL:FERTILIZER"": 445, ""SELL:MELON"": 236, ""SELL:MILK"": 691, ""SELL:STRAWBERRY"": 636, ""SELL:TOMATO"": 4, ""SELL:WHEAT"": 1108, ""SELL:WOOL"": 394}",default,baseline,,,1,,,,,,,,,55,12,13,9,21,0,0,0,0,718,0,0,,,,,,,,,,
317,0,156676.0,108888.0,47788.0,win,DONE,DONE,1,3.2249944170034723,719,0,0,0.022458,0.0690785000000001,0.10326306000000005,0.219042,"{""BUILD_PASTURE"": 14, ""CARE"": 308, ""COLLECT_FERTILIZER"": 318, ""DIG"": 25, ""DROP"": 80, ""EAST"": 857, ""FEED"": 319, ""FERTILIZE"": 107, ""HARVEST"": 338, ""NORTH"": 1236, ""PASS"": 377, ""PICKUP"": 339, ""PLACE"": 27, ""PLANT"": 131, ""SOUTH"": 929, ""WATER"": 851, ""WEST"": 1098}","{""BUY_ANIMAL"": 14, ""BUY_LAND"": 2, ""BUY_PRODUCT"": 279, ""BUY_SEED"": 54, ""HIRE"": 306, ""SELL"": 484}","{""BUY_ANIMAL:COW"": 8, ""BUY_ANIMAL:SHEEP"": 6, ""BUY_PRODUCT:WHEAT"": 967, ""BUY_SEED:MELON"": 21, ""BUY_SEED:STRAWBERRY"": 44, ""BUY_SEED:WHEAT"": 66, ""SELL:CARROT"": 13, ""SELL:EGG"": 8, ""SELL:FERTILIZER"": 445, ""SELL:MELON"": 236, ""SELL:MILK"": 691, ""SELL:STRAWBERRY"": 636, ""SELL:TOMATO"": 4, ""SELL:WHEAT"": 1108, ""SELL:WOOL"": 394}",default,baseline,,,1,,,,,,,,,55,12,13,9,21,0,0,0,0,718,0,0,,,,,,,,,,
317,1,156748.0,108481.0,48267.0,win,DONE,DONE,1,3.2227435420063557,719,0,0,0.021458,0.03240840000000001,0.08065944000000001,0.098833,"{""BUILD_PASTURE"": 14, ""CARE"": 308, ""COLLECT_FERTILIZER"": 318, ""DIG"": 25, ""DROP"": 80, ""EAST"": 857, ""FEED"": 319, ""FERTILIZE"": 107, ""HARVEST"": 338, ""NORTH"": 1236, ""PASS"": 377, ""PICKUP"": 339, ""PLACE"": 27, ""PLANT"": 131, ""SOUTH"": 929, ""WATER"": 851, ""WEST"": 1098}","{""BUY_ANIMAL"": 14, ""BUY_LAND"": 2, ""BUY_PRODUCT"": 279, ""BUY_SEED"": 54, ""HIRE"": 306, ""SELL"": 484}","{""BUY_ANIMAL:COW"": 8, ""BUY_ANIMAL:SHEEP"": 6, ""BUY_PRODUCT:WHEAT"": 967, ""BUY_SEED:MELON"": 21, ""BUY_SEED:STRAWBERRY"": 44, ""BUY_SEED:WHEAT"": 66, ""SELL:CARROT"": 13, ""SELL:EGG"": 8, ""SELL:FERTILIZER"": 445, ""SELL:MELON"": 236, ""SELL:MILK"": 691, ""SELL:STRAWBERRY"": 636, ""SELL:TOMATO"": 4, ""SELL:WHEAT"": 1108, ""SELL:WOOL"": 394}",default,baseline,,,1,,,,,,,,,55,12,13,9,21,0,0,0,0,718,0,0,,,,,,,,,,
733,0,159586.0,105853.0,53733.0,win,DONE,DONE,1,3.210024041996803,719,0,0,0.022708,0.07817920000000002,0.1745125000000013,0.228208,"{""BUILD_PASTURE"": 14, ""CARE"": 308, ""COLLECT_FERTILIZER"": 318, ""DIG"": 25, ""DROP"": 80, ""EAST"": 857, ""FEED"": 319, ""FERTILIZE"": 107, ""HARVEST"": 338, ""NORTH"": 1236, ""PASS"": 377, ""PICKUP"": 339, ""PLACE"": 27, ""PLANT"": 131, ""SOUTH"": 929, ""WATER"": 851, ""WEST"": 1098}","{""BUY_ANIMAL"": 14, ""BUY_LAND"": 2, ""BUY_PRODUCT"": 279, ""BUY_SEED"": 54, ""HIRE"": 306, ""SELL"": 484}","{""BUY_ANIMAL:COW"": 8, ""BUY_ANIMAL:SHEEP"": 6, ""BUY_PRODUCT:WHEAT"": 967, ""BUY_SEED:MELON"": 21, ""BUY_SEED:STRAWBERRY"": 44, ""BUY_SEED:WHEAT"": 66, ""SELL:CARROT"": 13, ""SELL:EGG"": 8, ""SELL:FERTILIZER"": 445, ""SELL:MELON"": 236, ""SELL:MILK"": 691, ""SELL:STRAWBERRY"": 636, ""SELL:TOMATO"": 4, ""SELL:WHEAT"": 1108, ""SELL:WOOL"": 394}",default,baseline,,,1,,,,,,,,,55,12,13,9,21,0,0,0,0,718,0,0,,,,,,,,,,
733,1,166664.0,107835.0,58829.0,win,DONE,DONE,1,3.1878682500027935,719,0,0,0.021375,0.0371753,0.08229256000000001,0.261459,"{""BUILD_PASTURE"": 14, ""CARE"": 308, ""COLLECT_FERTILIZER"": 318, ""DIG"": 25, ""DROP"": 80, ""EAST"": 857, ""FEED"": 319, ""FERTILIZE"": 107, ""HARVEST"": 338, ""NORTH"": 1236, ""PASS"": 377, ""PICKUP"": 339, ""PLACE"": 27, ""PLANT"": 131, ""SOUTH"": 929, ""WATER"": 851, ""WEST"": 1098}","{""BUY_ANIMAL"": 14, ""BUY_LAND"": 2, ""BUY_PRODUCT"": 279, ""BUY_SEED"": 54, ""HIRE"": 306, ""SELL"": 484}","{""BUY_ANIMAL:COW"": 8, ""BUY_ANIMAL:SHEEP"": 6, ""BUY_PRODUCT:WHEAT"": 967, ""BUY_SEED:MELON"": 21, ""BUY_SEED:STRAWBERRY"": 44, ""BUY_SEED:WHEAT"": 66, ""SELL:CARROT"": 13, ""SELL:EGG"": 8, ""SELL:FERTILIZER"": 445, ""SELL:MELON"": 236, ""SELL:MILK"": 691, ""SELL:STRAWBERRY"": 636, ""SELL:TOMATO"": 4, ""SELL:WHEAT"": 1108, ""SELL:WOOL"": 394}",default,baseline,,,1,,,,,,,,,55,12,13,9,21,0,0,0,0,718,0,0,,,,,,,,,,
17,0,143376.0,149562.0,-6186.0,loss,DONE,DONE,1,2.8784724159995676,719,0,0,0.021083,0.06952530000000005,0.0991474400000002,75.856125,"{""BUILD_PASTURE"": 14, ""CARE"": 308, ""COLLECT_FERTILIZER"": 318, ""DIG"": 25, ""DROP"": 80, ""EAST"": 857, ""FEED"": 319, ""FERTILIZE"": 107, ""HARVEST"": 338, ""NORTH"": 1236, ""PASS"": 377, ""PICKUP"": 339, ""PLACE"": 27, ""PLANT"": 131, ""SOUTH"": 929, ""WATER"": 851, ""WEST"": 1098}","{""BUY_ANIMAL"": 14, ""BUY_LAND"": 2, ""BUY_PRODUCT"": 279, ""BUY_SEED"": 54, ""HIRE"": 306, ""SELL"": 484}","{""BUY_ANIMAL:COW"": 8, ""BUY_ANIMAL:SHEEP"": 6, ""BUY_PRODUCT:WHEAT"": 967, ""BUY_SEED:MELON"": 21, ""BUY_SEED:STRAWBERRY"": 44, ""BUY_SEED:WHEAT"": 66, ""SELL:CARROT"": 13, ""SELL:EGG"": 8, ""SELL:FERTILIZER"": 445, ""SELL:MELON"": 236, ""SELL:MILK"": 691, ""SELL:STRAWBERRY"": 634, ""SELL:TOMATO"": 4, ""SELL:WHEAT"": 1108, ""SELL:WOOL"": 390}",default,v18,13,2,7,7,1,11,6,3,3,2,2,50,12,12,9,17,0,0,0,0,718,0,0,,,,,,,,,,
17,1,150364.0,142559.0,7805.0,win,DONE,DONE,1,2.9039295830007177,719,0,0,0.019666,0.057775000000000035,0.09569500000000004,0.245333,"{""BUILD_PASTURE"": 14, ""CARE"": 308, ""COLLECT_FERTILIZER"": 318, ""DIG"": 25, ""DROP"": 80, ""EAST"": 857, ""FEED"": 319, ""FERTILIZE"": 107, ""HARVEST"": 338, ""NORTH"": 1236, ""PASS"": 377, ""PICKUP"": 339, ""PLACE"": 27, ""PLANT"": 131, ""SOUTH"": 929, ""WATER"": 851, ""WEST"": 1098}","{""BUY_ANIMAL"": 14, ""BUY_LAND"": 2, ""BUY_PRODUCT"": 279, ""BUY_SEED"": 54, ""HIRE"": 306, ""SELL"": 484}","{""BUY_ANIMAL:COW"": 8, ""BUY_ANIMAL:SHEEP"": 6, ""BUY_PRODUCT:WHEAT"": 967, ""BUY_SEED:MELON"": 21, ""BUY_SEED:STRAWBERRY"": 44, ""BUY_SEED:WHEAT"": 66, ""SELL:CARROT"": 13, ""SELL:EGG"": 8, ""SELL:FERTILIZER"": 445, ""SELL:MELON"": 236, ""SELL:MILK"": 691, ""SELL:STRAWBERRY"": 635, ""SELL:TOMATO"": 4, ""SELL:WHEAT"": 1108, ""SELL:WOOL"": 394}",default,v18,12,2,7,7,1,10,6,3,3,2,2,55,12,13,9,21,0,0,0,0,718,0,0,,,,,,,,,,
42,0,131471.0,130675.0,796.0,win,DONE,DONE,1,2.8351778330033994,719,0,0,0.021,0.06053780000000003,0.08435182000000009,0.100917,"{""BUILD_PASTURE"": 14, ""CARE"": 308, ""COLLECT_FERTILIZER"": 318, ""DIG"": 25, ""DROP"": 80, ""EAST"": 857, ""FEED"": 319, ""FERTILIZE"": 107, ""HARVEST"": 338, ""NORTH"": 1236, ""PASS"": 377, ""PICKUP"": 339, ""PLACE"": 27, ""PLANT"": 131, ""SOUTH"": 929, ""WATER"": 851, ""WEST"": 1098}","{""BUY_ANIMAL"": 14, ""BUY_LAND"": 2, ""BUY_PRODUCT"": 279, ""BUY_SEED"": 54, ""HIRE"": 306, ""SELL"": 484}","{""BUY_ANIMAL:COW"": 8, ""BUY_ANIMAL:SHEEP"": 6, ""BUY_PRODUCT:WHEAT"": 967, ""BUY_SEED:MELON"": 21, ""BUY_SEED:STRAWBERRY"": 44, ""BUY_SEED:WHEAT"": 66, ""SELL:CARROT"": 13, ""SELL:EGG"": 8, ""SELL:FERTILIZER"": 445, ""SELL:MELON"": 236, ""SELL:MILK"": 690, ""SELL:STRAWBERRY"": 636, ""SELL:TOMATO"": 4, ""SELL:WHEAT"": 1108, ""SELL:WOOL"": 394}",default,v18,25,,26,18,,6,4,13,1,12,1,55,12,13,9,21,0,0,0,0,718,0,0,19,14,12,11,,,,,,
42,1,131570.0,130576.0,994.0,win,DONE,DONE,1,2.9169718339981046,719,0,0,0.019625,0.05330420000000001,0.07690000000000005,0.291292,"{""BUILD_PASTURE"": 14, ""CARE"": 308, ""COLLECT_FERTILIZER"": 318, ""DIG"": 25, ""DROP"": 80, ""EAST"": 857, ""FEED"": 319, ""FERTILIZE"": 107, ""HARVEST"": 338, ""NORTH"": 1236, ""PASS"": 377, ""PICKUP"": 339, ""PLACE"": 27, ""PLANT"": 131, ""SOUTH"": 929, ""WATER"": 851, ""WEST"": 1098}","{""BUY_ANIMAL"": 14, ""BUY_LAND"": 2, ""BUY_PRODUCT"": 279, ""BUY_SEED"": 54, ""HIRE"": 306, ""SELL"": 484}","{""BUY_ANIMAL:COW"": 8, ""BUY_ANIMAL:SHEEP"": 6, ""BUY_PRODUCT:WHEAT"": 967, ""BUY_SEED:MELON"": 21, ""BUY_SEED:STRAWBERRY"": 44, ""BUY_SEED:WHEAT"": 66, ""SELL:CARROT"": 13, ""SELL:EGG"": 8, ""SELL:FERTILIZER"": 445, ""SELL:MELON"": 236, ""SELL:MILK"": 690, ""SELL:STRAWBERRY"": 636, ""SELL:TOMATO"": 4, ""SELL:WHEAT"": 1108, ""SELL:WOOL"": 394}",default,v18,25,,26,18,,6,4,13,1,12,1,55,12,13,9,21,0,0,0,0,718,0,0,19,14,12,11,,,,,,
2026,0,112047.0,106356.0,5691.0,win,DONE,DONE,1,2.847090750001371,719,0,0,0.021125,0.06841280000000008,0.10374868000000007,0.373625,"{""BUILD_PASTURE"": 14, ""CARE"": 308, ""COLLECT_FERTILIZER"": 318, ""DIG"": 25, ""DROP"": 80, ""EAST"": 857, ""FEED"": 319, ""FERTILIZE"": 107, ""HARVEST"": 338, ""NORTH"": 1236, ""PASS"": 377, ""PICKUP"": 339, ""PLACE"": 27, ""PLANT"": 131, ""SOUTH"": 929, ""WATER"": 851, ""WEST"": 1098}","{""BUY_ANIMAL"": 14, ""BUY_LAND"": 2, ""BUY_PRODUCT"": 279, ""BUY_SEED"": 54, ""HIRE"": 306, ""SELL"": 453}","{""BUY_ANIMAL:COW"": 8, ""BUY_ANIMAL:SHEEP"": 6, ""BUY_PRODUCT:WHEAT"": 967, ""BUY_SEED:MELON"": 21, ""BUY_SEED:STRAWBERRY"": 44, ""BUY_SEED:WHEAT"": 66, ""SELL:CARROT"": 13, ""SELL:EGG"": 8, ""SELL:FERTILIZER"": 437, ""SELL:MELON"": 236, ""SELL:MILK"": 622, ""SELL:STRAWBERRY"": 567, ""SELL:TOMATO"": 4, ""SELL:WHEAT"": 1108, ""SELL:WOOL"": 375}",default,v18,59,20,31,29,10,8,4,15,1,14,1,55,12,13,9,21,0,0,0,0,718,0,0,31,15,10,9,4,4,,,,
2026,1,110263.0,108521.0,1742.0,win,DONE,DONE,1,2.8517436670008465,719,0,0,0.019834,0.05291660000000001,0.09488400000000013,0.245959,"{""BUILD_PASTURE"": 14, ""CARE"": 308, ""COLLECT_FERTILIZER"": 318, ""DIG"": 25, ""DROP"": 80, ""EAST"": 857, ""FEED"": 319, ""FERTILIZE"": 107, ""HARVEST"": 338, ""NORTH"": 1236, ""PASS"": 377, ""PICKUP"": 339, ""PLACE"": 27, ""PLANT"": 131, ""SOUTH"": 929, ""WATER"": 851, ""WEST"": 1098}","{""BUY_ANIMAL"": 14, ""BUY_LAND"": 2, ""BUY_PRODUCT"": 279, ""BUY_SEED"": 54, ""HIRE"": 306, ""SELL"": 453}","{""BUY_ANIMAL:COW"": 8, ""BUY_ANIMAL:SHEEP"": 6, ""BUY_PRODUCT:WHEAT"": 967, ""BUY_SEED:MELON"": 21, ""BUY_SEED:STRAWBERRY"": 44, ""BUY_SEED:WHEAT"": 66, ""SELL:CARROT"": 13, ""SELL:EGG"": 8, ""SELL:FERTILIZER"": 437, ""SELL:MELON"": 236, ""SELL:MILK"": 622, ""SELL:STRAWBERRY"": 565, ""SELL:TOMATO"": 4, ""SELL:WHEAT"": 1108, ""SELL:WOOL"": 375}",default,v18,59,20,31,29,10,8,4,15,1,14,1,53,12,11,9,21,0,0,0,0,718,0,0,31,15,10,9,4,4,,,,
217,0,103809.0,102559.0,1250.0,win,DONE,DONE,1,2.966409749999002,719,0,0,0.021583,0.06164190000000002,0.09019612000000009,0.187958,"{""BUILD_PASTURE"": 14, ""CARE"": 308, ""COLLECT_FERTILIZER"": 318, ""DIG"": 25, ""DROP"": 80, ""EAST"": 857, ""FEED"": 319, ""FERTILIZE"": 107, ""HARVEST"": 338, ""NORTH"": 1236, ""PASS"": 377, ""PICKUP"": 339, ""PLACE"": 27, ""PLANT"": 131, ""SOUTH"": 929, ""WATER"": 851, ""WEST"": 1098}","{""BUY_ANIMAL"": 14, ""BUY_LAND"": 2, ""BUY_PRODUCT"": 279, ""BUY_SEED"": 54, ""HIRE"": 306, ""SELL"": 484}","{""BUY_ANIMAL:COW"": 8, ""BUY_ANIMAL:SHEEP"": 6, ""BUY_PRODUCT:WHEAT"": 967, ""BUY_SEED:MELON"": 21, ""BUY_SEED:STRAWBERRY"": 44, ""BUY_SEED:WHEAT"": 66, ""SELL:CARROT"": 13, ""SELL:EGG"": 8, ""SELL:FERTILIZER"": 445, ""SELL:MELON"": 236, ""SELL:MILK"": 688, ""SELL:STRAWBERRY"": 634, ""SELL:TOMATO"": 4, ""SELL:WHEAT"": 1108, ""SELL:WOOL"": 394}",default,v18,65,,41,27,,20,8,23,7,18,5,55,12,13,9,21,0,0,0,0,718,0,0,45,19,16,13,,,,,,
217,1,103580.0,102790.0,790.0,win,DONE,DONE,1,2.8316554589982843,719,0,0,0.019667,0.057425300000000006,0.08565682000000004,0.194,"{""BUILD_PASTURE"": 14, ""CARE"": 308, ""COLLECT_FERTILIZER"": 318, ""DIG"": 25, ""DROP"": 80, ""EAST"": 857, ""FEED"": 319, ""FERTILIZE"": 107, ""HARVEST"": 338, ""NORTH"": 1236, ""PASS"": 377, ""PICKUP"": 339, ""PLACE"": 27, ""PLANT"": 131, ""SOUTH"": 929, ""WATER"": 851, ""WEST"": 1098}","{""BUY_ANIMAL"": 14, ""BUY_LAND"": 2, ""BUY_PRODUCT"": 279, ""BUY_SEED"": 54, ""HIRE"": 306, ""SELL"": 484}","{""BUY_ANIMAL:COW"": 8, ""BUY_ANIMAL:SHEEP"": 6, ""BUY_PRODUCT:WHEAT"": 967, ""BUY_SEED:MELON"": 21, ""BUY_SEED:STRAWBERRY"": 44, ""BUY_SEED:WHEAT"": 66, ""SELL:CARROT"": 13, ""SELL:EGG"": 8, ""SELL:FERTILIZER"": 445, ""SELL:MELON"": 236, ""SELL:MILK"": 688, ""SELL:STRAWBERRY"": 634, ""SELL:TOMATO"": 4, ""SELL:WHEAT"": 1108, ""SELL:WOOL"": 394}",default,v18,65,,41,27,,20,8,23,7,18,5,55,12,13,9,21,0,0,0,0,718,0,0,45,19,16,13,,,,,,
317,0,132745.0,132121.0,624.0,win,DONE,DONE,1,2.9168591249981546,719,0,0,0.020959,0.06775000000000009,0.16126706000000315,0.347542,"{""BUILD_PASTURE"": 14, ""CARE"": 308, ""COLLECT_FERTILIZER"": 318, ""DIG"": 25, ""DROP"": 80, ""EAST"": 857, ""FEED"": 319, ""FERTILIZE"": 107, ""HARVEST"": 338, ""NORTH"": 1236, ""PASS"": 377, ""PICKUP"": 339, ""PLACE"": 27, ""PLANT"": 131, ""SOUTH"": 929, ""WATER"": 851, ""WEST"": 1098}","{""BUY_ANIMAL"": 14, ""BUY_LAND"": 2, ""BUY_PRODUCT"": 279, ""BUY_SEED"": 54, ""HIRE"": 306, ""SELL"": 453}","{""BUY_ANIMAL:COW"": 8, ""BUY_ANIMAL:SHEEP"": 6, ""BUY_PRODUCT:WHEAT"": 967, ""BUY_SEED:MELON"": 21, ""BUY_SEED:STRAWBERRY"": 44, ""BUY_SEED:WHEAT"": 66, ""SELL:CARROT"": 13, ""SELL:EGG"": 8, ""SELL:FERTILIZER"": 437, ""SELL:MELON"": 236, ""SELL:MILK"": 623, ""SELL:STRAWBERRY"": 567, ""SELL:TOMATO"": 4, ""SELL:WHEAT"": 1108, ""SELL:WOOL"": 373}",default,v18,39,31,17,16,12,8,4,7,1,5,1,55,12,13,9,21,0,0,0,0,718,0,0,,,,,6,4,,,,
317,1,132886.0,131980.0,906.0,win,DONE,DONE,1,2.862405083003978,719,0,0,0.01975,0.05316730000000002,0.07545312000000007,0.109542,"{""BUILD_PASTURE"": 14, ""CARE"": 308, ""COLLECT_FERTILIZER"": 318, ""DIG"": 25, ""DROP"": 80, ""EAST"": 857, ""FEED"": 319, ""FERTILIZE"": 107, ""HARVEST"": 338, ""NORTH"": 1236, ""PASS"": 377, ""PICKUP"": 339, ""PLACE"": 27, ""PLANT"": 131, ""SOUTH"": 929, ""WATER"": 851, ""WEST"": 1098}","{""BUY_ANIMAL"": 14, ""BUY_LAND"": 2, ""BUY_PRODUCT"": 279, ""BUY_SEED"": 54, ""HIRE"": 306, ""SELL"": 453}","{""BUY_ANIMAL:COW"": 8, ""BUY_ANIMAL:SHEEP"": 6, ""BUY_PRODUCT:WHEAT"": 967, ""BUY_SEED:MELON"": 21, ""BUY_SEED:STRAWBERRY"": 44, ""BUY_SEED:WHEAT"": 66, ""SELL:CARROT"": 13, ""SELL:EGG"": 8, ""SELL:FERTILIZER"": 437, ""SELL:MELON"": 236, ""SELL:MILK"": 623, ""SELL:STRAWBERRY"": 567, ""SELL:TOMATO"": 4, ""SELL:WHEAT"": 1108, ""SELL:WOOL"": 373}",default,v18,39,31,17,16,12,8,4,7,1,5,1,55,12,13,9,21,0,0,0,0,718,0,0,,,,,6,4,,,,
733,0,128377.0,124582.0,3795.0,win,DONE,DONE,1,2.8579135410036542,719,0,0,0.021084,0.06839940000000005,0.16436206000000297,0.325041,"{""BUILD_PASTURE"": 14, ""CARE"": 308, ""COLLECT_FERTILIZER"": 318, ""DIG"": 25, ""DROP"": 80, ""EAST"": 857, ""FEED"": 319, ""FERTILIZE"": 107, ""HARVEST"": 338, ""NORTH"": 1236, ""PASS"": 377, ""PICKUP"": 339, ""PLACE"": 27, ""PLANT"": 131, ""SOUTH"": 929, ""WATER"": 851, ""WEST"": 1098}","{""BUY_ANIMAL"": 14, ""BUY_LAND"": 2, ""BUY_PRODUCT"": 279, ""BUY_SEED"": 54, ""HIRE"": 306, ""SELL"": 453}","{""BUY_ANIMAL:COW"": 8, ""BUY_ANIMAL:SHEEP"": 6, ""BUY_PRODUCT:WHEAT"": 967, ""BUY_SEED:MELON"": 21, ""BUY_SEED:STRAWBERRY"": 44, ""BUY_SEED:WHEAT"": 66, ""SELL:CARROT"": 13, ""SELL:EGG"": 8, ""SELL:FERTILIZER"": 437, ""SELL:MELON"": 236, ""SELL:MILK"": 623, ""SELL:STRAWBERRY"": 567, ""SELL:TOMATO"": 4, ""SELL:WHEAT"": 1108, ""SELL:WOOL"": 375}",default,v18,34,20,18,19,10,4,2,8,,8,,55,12,13,9,21,0,0,0,0,718,0,0,10,7,4,4,4,4,,,,
733,1,128328.0,124630.0,3698.0,win,DONE,DONE,1,2.9076144580030814,719,0,0,0.02,0.057478900000000006,0.10735306000000003,0.245542,"{""BUILD_PASTURE"": 14, ""CARE"": 308, ""COLLECT_FERTILIZER"": 318, ""DIG"": 25, ""DROP"": 80, ""EAST"": 857, ""FEED"": 319, ""FERTILIZE"": 107, ""HARVEST"": 338, ""NORTH"": 1236, ""PASS"": 377, ""PICKUP"": 339, ""PLACE"": 27, ""PLANT"": 131, ""SOUTH"": 929, ""WATER"": 851, ""WEST"": 1098}","{""BUY_ANIMAL"": 14, ""BUY_LAND"": 2, ""BUY_PRODUCT"": 279, ""BUY_SEED"": 54, ""HIRE"": 306, ""SELL"": 453}","{""BUY_ANIMAL:COW"": 8, ""BUY_ANIMAL:SHEEP"": 6, ""BUY_PRODUCT:WHEAT"": 967, ""BUY_SEED:MELON"": 21, ""BUY_SEED:STRAWBERRY"": 44, ""BUY_SEED:WHEAT"": 66, ""SELL:CARROT"": 13, ""SELL:EGG"": 8, ""SELL:FERTILIZER"": 437, ""SELL:MELON"": 236, ""SELL:MILK"": 623, ""SELL:STRAWBERRY"": 567, ""SELL:TOMATO"": 4, ""SELL:WHEAT"": 1108, ""SELL:WOOL"": 375}",default,v18,34,20,18,19,10,4,2,8,,8,,55,12,13,9,21,0,0,0,0,718,0,0,10,7,4,4,4,4,,,,
17,0,122160.0,110248.0,11912.0,win,DONE,DONE,1,2.8551578340047854,719,0,20,0.021375,0.07327090000000006,0.2680150600000024,136.807625,"{""BUILD_PASTURE"": 14, ""CARE"": 308, ""COLLECT_FERTILIZER"": 318, ""DIG"": 25, ""DROP"": 80, ""EAST"": 857, ""FEED"": 319, ""FERTILIZE"": 107, ""HARVEST"": 338, ""NORTH"": 1236, ""PASS"": 377, ""PICKUP"": 339, ""PLACE"": 27, ""PLANT"": 131, ""SOUTH"": 929, ""WATER"": 851, ""WEST"": 1098}","{""BUY_ANIMAL"": 14, ""BUY_LAND"": 2, ""BUY_PRODUCT"": 279, ""BUY_SEED"": 54, ""HIRE"": 306, ""SELL"": 483}","{""BUY_ANIMAL:COW"": 8, ""BUY_ANIMAL:SHEEP"": 6, ""BUY_PRODUCT:WHEAT"": 967, ""BUY_SEED:MELON"": 21, ""BUY_SEED:STRAWBERRY"": 44, ""BUY_SEED:WHEAT"": 66, ""SELL:CARROT"": 13, ""SELL:EGG"": 8, ""SELL:FERTILIZER"": 445, ""SELL:MELON"": 236, ""SELL:MILK"": 691, ""SELL:STRAWBERRY"": 635, ""SELL:TOMATO"": 4, ""SELL:WHEAT"": 1108, ""SELL:WOOL"": 388}",default,hamburger,28,22,14,16,11,4,4,6,1,4,1,50,12,12,9,17,0,0,0,0,718,0,0,2,1,,,5,3,,,,
17,1,101552.0,81741.0,19811.0,win,DONE,DONE,1,2.813044249996892,719,0,0,0.021,0.06648330000000002,0.09900850000000004,0.356709,"{""BUILD_PASTURE"": 14, ""CARE"": 308, ""COLLECT_FERTILIZER"": 318, ""DIG"": 25, ""DROP"": 80, ""EAST"": 857, ""FEED"": 319, ""FERTILIZE"": 107, ""HARVEST"": 338, ""NORTH"": 1236, ""PASS"": 377, ""PICKUP"": 339, ""PLACE"": 27, ""PLANT"": 131, ""SOUTH"": 929, ""WATER"": 851, ""WEST"": 1098}","{""BUY_ANIMAL"": 14, ""BUY_LAND"": 2, ""BUY_PRODUCT"": 279, ""BUY_SEED"": 54, ""HIRE"": 306, ""SELL"": 453}","{""BUY_ANIMAL:COW"": 8, ""BUY_ANIMAL:SHEEP"": 6, ""BUY_PRODUCT:WHEAT"": 967, ""BUY_SEED:MELON"": 21, ""BUY_SEED:STRAWBERRY"": 44, ""BUY_SEED:WHEAT"": 66, ""SELL:CARROT"": 13, ""SELL:EGG"": 8, ""SELL:FERTILIZER"": 437, ""SELL:MELON"": 236, ""SELL:MILK"": 623, ""SELL:STRAWBERRY"": 565, ""SELL:TOMATO"": 4, ""SELL:WHEAT"": 1108, ""SELL:WOOL"": 374}",default,hamburger,61,28,20,29,13,26,10,10,5,7,3,55,12,13,9,21,0,0,0,0,718,0,0,7,6,1,1,4,3,,,,
42,0,131740.0,115450.0,16290.0,win,DONE,DONE,1,2.7831437089989777,719,0,0,0.021917,0.07147470000000003,0.11716062000000015,38.417667,"{""BUILD_PASTURE"": 14, ""CARE"": 308, ""COLLECT_FERTILIZER"": 318, ""DIG"": 25, ""DROP"": 80, ""EAST"": 857, ""FEED"": 319, ""FERTILIZE"": 107, ""HARVEST"": 338, ""NORTH"": 1236, ""PASS"": 377, ""PICKUP"": 339, ""PLACE"": 27, ""PLANT"": 131, ""SOUTH"": 929, ""WATER"": 851, ""WEST"": 1098}","{""BUY_ANIMAL"": 14, ""BUY_LAND"": 2, ""BUY_PRODUCT"": 279, ""BUY_SEED"": 54, ""HIRE"": 306, ""SELL"": 484}","{""BUY_ANIMAL:COW"": 8, ""BUY_ANIMAL:SHEEP"": 6, ""BUY_PRODUCT:WHEAT"": 967, ""BUY_SEED:MELON"": 21, ""BUY_SEED:STRAWBERRY"": 44, ""BUY_SEED:WHEAT"": 66, ""SELL:CARROT"": 13, ""SELL:EGG"": 8, ""SELL:FERTILIZER"": 445, ""SELL:MELON"": 236, ""SELL:MILK"": 690, ""SELL:STRAWBERRY"": 636, ""SELL:TOMATO"": 4, ""SELL:WHEAT"": 1108, ""SELL:WOOL"": 394}",default,hamburger,31,,16,16,,,,8,,7,,55,12,13,9,21,0,0,0,0,718,0,0,31,16,8,7,,,,,,
42,1,132748.0,114392.0,18356.0,win,DONE,DONE,1,2.7768335830041906,719,0,0,0.021042,0.06447080000000008,0.08649618000000002,0.277958,"{""BUILD_PASTURE"": 14, ""CARE"": 308, ""COLLECT_FERTILIZER"": 318, ""DIG"": 25, ""DROP"": 80, ""EAST"": 857, ""FEED"": 319, ""FERTILIZE"": 107, ""HARVEST"": 338, ""NORTH"": 1236, ""PASS"": 377, ""PICKUP"": 339, ""PLACE"": 27, ""PLANT"": 131, ""SOUTH"": 929, ""WATER"": 851, ""WEST"": 1098}","{""BUY_ANIMAL"": 14, ""BUY_LAND"": 2, ""BUY_PRODUCT"": 279, ""BUY_SEED"": 54, ""HIRE"": 306, ""SELL"": 484}","{""BUY_ANIMAL:COW"": 8, ""BUY_ANIMAL:SHEEP"": 6, ""BUY_PRODUCT:WHEAT"": 967, ""BUY_SEED:MELON"": 21, ""BUY_SEED:STRAWBERRY"": 44, ""BUY_SEED:WHEAT"": 66, ""SELL:CARROT"": 13, ""SELL:EGG"": 8, ""SELL:FERTILIZER"": 445, ""SELL:MELON"": 236, ""SELL:MILK"": 690, ""SELL:STRAWBERRY"": 636, ""SELL:TOMATO"": 4, ""SELL:WHEAT"": 1108, ""SELL:WOOL"": 394}",default,hamburger,31,,16,16,,,,8,,7,,55,12,13,9,21,0,0,0,0,718,0,0,31,16,8,7,,,,,,
2026,0,156045.0,138875.0,17170.0,win,DONE,DONE,1,2.7591972919981345,719,0,0,0.021083,0.06922470000000003,0.18530568000000364,37.298167,"{""BUILD_PASTURE"": 14, ""CARE"": 308, ""COLLECT_FERTILIZER"": 318, ""DIG"": 25, ""DROP"": 80, ""EAST"": 857, ""FEED"": 319, ""FERTILIZE"": 107, ""HARVEST"": 338, ""NORTH"": 1236, ""PASS"": 377, ""PICKUP"": 339, ""PLACE"": 27, ""PLANT"": 131, ""SOUTH"": 929, ""WATER"": 851, ""WEST"": 1098}","{""BUY_ANIMAL"": 14, ""BUY_LAND"": 2, ""BUY_PRODUCT"": 279, ""BUY_SEED"": 54, ""HIRE"": 306, ""SELL"": 484}","{""BUY_ANIMAL:COW"": 8, ""BUY_ANIMAL:SHEEP"": 6, ""BUY_PRODUCT:WHEAT"": 967, ""BUY_SEED:MELON"": 21, ""BUY_SEED:STRAWBERRY"": 44, ""BUY_SEED:WHEAT"": 66, ""SELL:CARROT"": 13, ""SELL:EGG"": 8, ""SELL:FERTILIZER"": 445, ""SELL:MELON"": 236, ""SELL:MILK"": 691, ""SELL:STRAWBERRY"": 636, ""SELL:TOMATO"": 4, ""SELL:WHEAT"": 1108, ""SELL:WOOL"": 394}",default,hamburger,5,1,4,4,1,,,1,,1,,55,12,13,9,21,0,0,0,0,718,0,0,4,3,1,1,,,,,,
2026,1,154660.0,136324.0,18336.0,win,DONE,DONE,1,2.8078305829985766,719,0,0,0.021167,0.06188780000000002,0.09726944000000022,0.24925,"{""BUILD_PASTURE"": 14, ""CARE"": 308, ""COLLECT_FERTILIZER"": 318, ""DIG"": 25, ""DROP"": 80, ""EAST"": 857, ""FEED"": 319, ""FERTILIZE"": 107, ""HARVEST"": 338, ""NORTH"": 1236, ""PASS"": 377, ""PICKUP"": 339, ""PLACE"": 27, ""PLANT"": 131, ""SOUTH"": 929, ""WATER"": 851, ""WEST"": 1098}","{""BUY_ANIMAL"": 14, ""BUY_LAND"": 2, ""BUY_PRODUCT"": 279, ""BUY_SEED"": 54, ""HIRE"": 306, ""SELL"": 473}","{""BUY_ANIMAL:COW"": 8, ""BUY_ANIMAL:SHEEP"": 6, ""BUY_PRODUCT:WHEAT"": 967, ""BUY_SEED:MELON"": 21, ""BUY_SEED:STRAWBERRY"": 44, ""BUY_SEED:WHEAT"": 66, ""SELL:CARROT"": 13, ""SELL:EGG"": 8, ""SELL:FERTILIZER"": 445, ""SELL:MELON"": 236, ""SELL:MILK"": 671, ""SELL:STRAWBERRY"": 620, ""SELL:TOMATO"": 4, ""SELL:WHEAT"": 1108, ""SELL:WOOL"": 387}",default,hamburger,17,15,10,9,8,,,4,,3,,55,12,13,9,21,0,0,0,0,718,0,0,2,1,,,4,3,,,,
217,0,128348.0,110422.0,17926.0,win,DONE,DONE,1,2.8184732500012615,719,0,0,0.021542,0.06978340000000001,0.1139726200000007,0.317542,"{""BUILD_PASTURE"": 14, ""CARE"": 308, ""COLLECT_FERTILIZER"": 318, ""DIG"": 25, ""DROP"": 80, ""EAST"": 857, ""FEED"": 319, ""FERTILIZE"": 107, ""HARVEST"": 338, ""NORTH"": 1236, ""PASS"": 377, ""PICKUP"": 339, ""PLACE"": 27, ""PLANT"": 131, ""SOUTH"": 929, ""WATER"": 851, ""WEST"": 1098}","{""BUY_ANIMAL"": 14, ""BUY_LAND"": 2, ""BUY_PRODUCT"": 279, ""BUY_SEED"": 54, ""HIRE"": 306, ""SELL"": 453}","{""BUY_ANIMAL:COW"": 8, ""BUY_ANIMAL:SHEEP"": 6, ""BUY_PRODUCT:WHEAT"": 967, ""BUY_SEED:MELON"": 21, ""BUY_SEED:STRAWBERRY"": 44, ""BUY_SEED:WHEAT"": 66, ""SELL:CARROT"": 13, ""SELL:EGG"": 8, ""SELL:FERTILIZER"": 437, ""SELL:MELON"": 236, ""SELL:MILK"": 623, ""SELL:STRAWBERRY"": 567, ""SELL:TOMATO"": 4, ""SELL:WHEAT"": 1108, ""SELL:WOOL"": 374}",default,hamburger,35,30,12,19,14,1,1,5,,4,,55,12,13,9,21,0,0,0,0,718,0,0,4,4,1,1,4,3,,,,
217,1,128590.0,109757.0,18833.0,win,DONE,DONE,1,2.7710841250009253,719,0,0,0.021208,0.061854200000000026,0.10241812000000004,0.32725,"{""BUILD_PASTURE"": 14, ""CARE"": 308, ""COLLECT_FERTILIZER"": 318, ""DIG"": 25, ""DROP"": 80, ""EAST"": 857, ""FEED"": 319, ""FERTILIZE"": 107, ""HARVEST"": 338, ""NORTH"": 1236, ""PASS"": 377, ""PICKUP"": 339, ""PLACE"": 27, ""PLANT"": 131, ""SOUTH"": 929, ""WATER"": 851, ""WEST"": 1098}","{""BUY_ANIMAL"": 14, ""BUY_LAND"": 2, ""BUY_PRODUCT"": 279, ""BUY_SEED"": 54, ""HIRE"": 306, ""SELL"": 453}","{""BUY_ANIMAL:COW"": 8, ""BUY_ANIMAL:SHEEP"": 6, ""BUY_PRODUCT:WHEAT"": 967, ""BUY_SEED:MELON"": 21, ""BUY_SEED:STRAWBERRY"": 44, ""BUY_SEED:WHEAT"": 66, ""SELL:CARROT"": 13, ""SELL:EGG"": 8, ""SELL:FERTILIZER"": 437, ""SELL:MELON"": 236, ""SELL:MILK"": 623, ""SELL:STRAWBERRY"": 567, ""SELL:TOMATO"": 4, ""SELL:WHEAT"": 1108, ""SELL:WOOL"": 374}",default,hamburger,35,30,12,19,14,1,1,5,,4,,55,12,13,9,21,0,0,0,0,718,0,0,4,4,1,1,4,3,,,,
317,0,166305.0,149229.0,17076.0,win,DONE,DONE,1,2.78237220900337,719,0,0,0.021541,0.06917530000000001,0.10415943999999999,0.256833,"{""BUILD_PASTURE"": 14, ""CARE"": 308, ""COLLECT_FERTILIZER"": 318, ""DIG"": 25, ""DROP"": 80, ""EAST"": 857, ""FEED"": 319, ""FERTILIZE"": 107, ""HARVEST"": 338, ""NORTH"": 1236, ""PASS"": 377, ""PICKUP"": 339, ""PLACE"": 27, ""PLANT"": 131, ""SOUTH"": 929, ""WATER"": 851, ""WEST"": 1098}","{""BUY_ANIMAL"": 14, ""BUY_LAND"": 2, ""BUY_PRODUCT"": 279, ""BUY_SEED"": 54, ""HIRE"": 306, ""SELL"": 484}","{""BUY_ANIMAL:COW"": 8, ""BUY_ANIMAL:SHEEP"": 6, ""BUY_PRODUCT:WHEAT"": 967, ""BUY_SEED:MELON"": 21, ""BUY_SEED:STRAWBERRY"": 44, ""BUY_SEED:WHEAT"": 66, ""SELL:CARROT"": 13, ""SELL:EGG"": 8, ""SELL:FERTILIZER"": 445, ""SELL:MELON"": 236, ""SELL:MILK"": 691, ""SELL:STRAWBERRY"": 636, ""SELL:TOMATO"": 4, ""SELL:WHEAT"": 1108, ""SELL:WOOL"": 394}",default,hamburger,,,1,,,,,,,,,55,12,13,9,21,0,0,0,0,718,0,0,,,,,,,,,,
317,1,166457.0,149231.0,17226.0,win,DONE,DONE,1,2.710810875003517,719,0,0,0.020875,0.05711250000000005,0.08370500000000002,0.3285,"{""BUILD_PASTURE"": 14, ""CARE"": 308, ""COLLECT_FERTILIZER"": 318, ""DIG"": 25, ""DROP"": 80, ""EAST"": 857, ""FEED"": 319, ""FERTILIZE"": 107, ""HARVEST"": 338, ""NORTH"": 1236, ""PASS"": 377, ""PICKUP"": 339, ""PLACE"": 27, ""PLANT"": 131, ""SOUTH"": 929, ""WATER"": 851, ""WEST"": 1098}","{""BUY_ANIMAL"": 14, ""BUY_LAND"": 2, ""BUY_PRODUCT"": 279, ""BUY_SEED"": 54, ""HIRE"": 306, ""SELL"": 484}","{""BUY_ANIMAL:COW"": 8, ""BUY_ANIMAL:SHEEP"": 6, ""BUY_PRODUCT:WHEAT"": 967, ""BUY_SEED:MELON"": 21, ""BUY_SEED:STRAWBERRY"": 44, ""BUY_SEED:WHEAT"": 66, ""SELL:CARROT"": 13, ""SELL:EGG"": 8, ""SELL:FERTILIZER"": 445, ""SELL:MELON"": 236, ""SELL:MILK"": 691, ""SELL:STRAWBERRY"": 636, ""SELL:TOMATO"": 4, ""SELL:WHEAT"": 1108, ""SELL:WOOL"": 394}",default,hamburger,,,1,,,,,,,,,55,12,13,9,21,0,0,0,0,718,0,0,,,,,,,,,,
733,0,154936.0,137734.0,17202.0,win,DONE,DONE,1,2.713219333003508,719,0,0,0.021417,0.07690830000000001,0.2047226200000004,41.208709,"{""BUILD_PASTURE"": 14, ""CARE"": 308, ""COLLECT_FERTILIZER"": 318, ""DIG"": 25, ""DROP"": 80, ""EAST"": 857, ""FEED"": 319, ""FERTILIZE"": 107, ""HARVEST"": 338, ""NORTH"": 1236, ""PASS"": 377, ""PICKUP"": 339, ""PLACE"": 27, ""PLANT"": 131, ""SOUTH"": 929, ""WATER"": 851, ""WEST"": 1098}","{""BUY_ANIMAL"": 14, ""BUY_LAND"": 2, ""BUY_PRODUCT"": 279, ""BUY_SEED"": 54, ""HIRE"": 306, ""SELL"": 484}","{""BUY_ANIMAL:COW"": 8, ""BUY_ANIMAL:SHEEP"": 6, ""BUY_PRODUCT:WHEAT"": 967, ""BUY_SEED:MELON"": 21, ""BUY_SEED:STRAWBERRY"": 44, ""BUY_SEED:WHEAT"": 66, ""SELL:CARROT"": 13, ""SELL:EGG"": 8, ""SELL:FERTILIZER"": 445, ""SELL:MELON"": 236, ""SELL:MILK"": 691, ""SELL:STRAWBERRY"": 636, ""SELL:TOMATO"": 4, ""SELL:WHEAT"": 1108, ""SELL:WOOL"": 394}",default,hamburger,4,,3,4,,,,1,,1,,55,12,13,9,21,0,0,0,0,718,0,0,4,4,1,1,,,,,,
733,1,155146.0,137734.0,17412.0,win,DONE,DONE,1,2.7799129579943838,719,0,0,0.021125,0.0636334,0.10067394000000049,0.335875,"{""BUILD_PASTURE"": 14, ""CARE"": 308, ""COLLECT_FERTILIZER"": 318, ""DIG"": 25, ""DROP"": 80, ""EAST"": 857, ""FEED"": 319, ""FERTILIZE"": 107, ""HARVEST"": 338, ""NORTH"": 1236, ""PASS"": 377, ""PICKUP"": 339, ""PLACE"": 27, ""PLANT"": 131, ""SOUTH"": 929, ""WATER"": 851, ""WEST"": 1098}","{""BUY_ANIMAL"": 14, ""BUY_LAND"": 2, ""BUY_PRODUCT"": 279, ""BUY_SEED"": 54, ""HIRE"": 306, ""SELL"": 484}","{""BUY_ANIMAL:COW"": 8, ""BUY_ANIMAL:SHEEP"": 6, ""BUY_PRODUCT:WHEAT"": 967, ""BUY_SEED:MELON"": 21, ""BUY_SEED:STRAWBERRY"": 44, ""BUY_SEED:WHEAT"": 66, ""SELL:CARROT"": 13, ""SELL:EGG"": 8, ""SELL:FERTILIZER"": 445, ""SELL:MELON"": 236, ""SELL:MILK"": 691, ""SELL:STRAWBERRY"": 636, ""SELL:TOMATO"": 4, ""SELL:WHEAT"": 1108, ""SELL:WOOL"": 394}",default,hamburger,4,,3,4,,,,1,,1,,55,12,13,9,21,0,0,0,0,718,0,0,4,4,1,1,,,,,,
17,0,138955.0,140583.0,-1628.0,loss,DONE,DONE,1,2.828441749996273,719,0,0,0.021208,0.058316600000000024,0.08558812000000005,0.193208,"{""BUILD_PASTURE"": 14, ""CARE"": 308, ""COLLECT_FERTILIZER"": 318, ""DIG"": 25, ""DROP"": 80, ""EAST"": 857, ""FEED"": 319, ""FERTILIZE"": 107, ""HARVEST"": 338, ""NORTH"": 1236, ""PASS"": 377, ""PICKUP"": 339, ""PLACE"": 27, ""PLANT"": 131, ""SOUTH"": 929, ""WATER"": 851, ""WEST"": 1098}","{""BUY_ANIMAL"": 14, ""BUY_LAND"": 2, ""BUY_PRODUCT"": 279, ""BUY_SEED"": 54, ""HIRE"": 306, ""SELL"": 484}","{""BUY_ANIMAL:COW"": 8, ""BUY_ANIMAL:SHEEP"": 6, ""BUY_PRODUCT:WHEAT"": 967, ""BUY_SEED:MELON"": 21, ""BUY_SEED:STRAWBERRY"": 44, ""BUY_SEED:WHEAT"": 66, ""SELL:CARROT"": 13, ""SELL:EGG"": 8, ""SELL:FERTILIZER"": 445, ""SELL:MELON"": 236, ""SELL:MILK"": 691, ""SELL:STRAWBERRY"": 635, ""SELL:TOMATO"": 4, ""SELL:WHEAT"": 1108, ""SELL:WOOL"": 390}",default,frontier,14,2,6,9,1,12,8,1,1,1,1,50,12,12,9,17,0,0,0,0,718,0,0,,,,,,,,,,
17,1,148293.0,132796.0,15497.0,win,DONE,DONE,1,2.830168957996648,719,0,0,0.020958,0.05978720000000007,0.10098756000000007,0.216625,"{""BUILD_PASTURE"": 14, ""CARE"": 308, ""COLLECT_FERTILIZER"": 318, ""DIG"": 25, ""DROP"": 80, ""EAST"": 857, ""FEED"": 319, ""FERTILIZE"": 107, ""HARVEST"": 338, ""NORTH"": 1236, ""PASS"": 377, ""PICKUP"": 339, ""PLACE"": 27, ""PLANT"": 131, ""SOUTH"": 929, ""WATER"": 851, ""WEST"": 1098}","{""BUY_ANIMAL"": 14, ""BUY_LAND"": 2, ""BUY_PRODUCT"": 279, ""BUY_SEED"": 54, ""HIRE"": 306, ""SELL"": 484}","{""BUY_ANIMAL:COW"": 8, ""BUY_ANIMAL:SHEEP"": 6, ""BUY_PRODUCT:WHEAT"": 967, ""BUY_SEED:MELON"": 21, ""BUY_SEED:STRAWBERRY"": 44, ""BUY_SEED:WHEAT"": 66, ""SELL:CARROT"": 13, ""SELL:EGG"": 8, ""SELL:FERTILIZER"": 445, ""SELL:MELON"": 236, ""SELL:MILK"": 691, ""SELL:STRAWBERRY"": 636, ""SELL:TOMATO"": 4, ""SELL:WHEAT"": 1108, ""SELL:WOOL"": 394}",default,frontier,9,2,5,7,1,7,6,1,1,1,1,55,12,13,9,21,0,0,0,0,718,0,0,,,,,,,,,,
42,0,126003.0,122652.0,3351.0,win,DONE,DONE,1,2.828595459002827,719,0,0,0.021459,0.06601670000000001,0.0882500600000001,0.291584,"{""BUILD_PASTURE"": 14, ""CARE"": 308, ""COLLECT_FERTILIZER"": 318, ""DIG"": 25, ""DROP"": 80, ""EAST"": 857, ""FEED"": 319, ""FERTILIZE"": 107, ""HARVEST"": 338, ""NORTH"": 1236, ""PASS"": 377, ""PICKUP"": 339, ""PLACE"": 27, ""PLANT"": 131, ""SOUTH"": 929, ""WATER"": 851, ""WEST"": 1098}","{""BUY_ANIMAL"": 14, ""BUY_LAND"": 2, ""BUY_PRODUCT"": 279, ""BUY_SEED"": 54, ""HIRE"": 306, ""SELL"": 484}","{""BUY_ANIMAL:COW"": 8, ""BUY_ANIMAL:SHEEP"": 6, ""BUY_PRODUCT:WHEAT"": 967, ""BUY_SEED:MELON"": 21, ""BUY_SEED:STRAWBERRY"": 44, ""BUY_SEED:WHEAT"": 66, ""SELL:CARROT"": 13, ""SELL:EGG"": 8, ""SELL:FERTILIZER"": 445, ""SELL:MELON"": 236, ""SELL:MILK"": 691, ""SELL:STRAWBERRY"": 636, ""SELL:TOMATO"": 4, ""SELL:WHEAT"": 1108, ""SELL:WOOL"": 394}",default,frontier,15,,13,11,,2,2,6,1,6,1,55,12,13,9,21,0,0,0,0,718,0,0,13,9,5,5,,,,,,
42,1,126117.0,122578.0,3539.0,win,DONE,DONE,1,2.8361897920040064,719,0,0,0.021333,0.06022950000000001,0.10405000000000043,0.283791,"{""BUILD_PASTURE"": 14, ""CARE"": 308, ""COLLECT_FERTILIZER"": 318, ""DIG"": 25, ""DROP"": 80, ""EAST"": 857, ""FEED"": 319, ""FERTILIZE"": 107, ""HARVEST"": 338, ""NORTH"": 1236, ""PASS"": 377, ""PICKUP"": 339, ""PLACE"": 27, ""PLANT"": 131, ""SOUTH"": 929, ""WATER"": 851, ""WEST"": 1098}","{""BUY_ANIMAL"": 14, ""BUY_LAND"": 2, ""BUY_PRODUCT"": 279, ""BUY_SEED"": 54, ""HIRE"": 306, ""SELL"": 484}","{""BUY_ANIMAL:COW"": 8, ""BUY_ANIMAL:SHEEP"": 6, ""BUY_PRODUCT:WHEAT"": 967, ""BUY_SEED:MELON"": 21, ""BUY_SEED:STRAWBERRY"": 44, ""BUY_SEED:WHEAT"": 66, ""SELL:CARROT"": 13, ""SELL:EGG"": 8, ""SELL:FERTILIZER"": 445, ""SELL:MELON"": 236, ""SELL:MILK"": 691, ""SELL:STRAWBERRY"": 636, ""SELL:TOMATO"": 4, ""SELL:WHEAT"": 1108, ""SELL:WOOL"": 394}",default,frontier,15,,13,11,,2,2,6,1,6,1,55,12,13,9,21,0,0,0,0,718,0,0,13,9,5,5,,,,,,
2026,0,103991.0,95002.0,8989.0,win,DONE,DONE,1,2.878847541003779,719,0,0,0.021417,0.06916250000000004,0.16864700000000318,0.27625,"{""BUILD_PASTURE"": 14, ""CARE"": 308, ""COLLECT_FERTILIZER"": 318, ""DIG"": 25, ""DROP"": 80, ""EAST"": 857, ""FEED"": 319, ""FERTILIZE"": 107, ""HARVEST"": 338, ""NORTH"": 1236, ""PASS"": 377, ""PICKUP"": 339, ""PLACE"": 27, ""PLANT"": 131, ""SOUTH"": 929, ""WATER"": 851, ""WEST"": 1098}","{""BUY_ANIMAL"": 14, ""BUY_LAND"": 2, ""BUY_PRODUCT"": 279, ""BUY_SEED"": 54, ""HIRE"": 306, ""SELL"": 453}","{""BUY_ANIMAL:COW"": 8, ""BUY_ANIMAL:SHEEP"": 6, ""BUY_PRODUCT:WHEAT"": 967, ""BUY_SEED:MELON"": 21, ""BUY_SEED:STRAWBERRY"": 44, ""BUY_SEED:WHEAT"": 66, ""SELL:CARROT"": 13, ""SELL:EGG"": 8, ""SELL:FERTILIZER"": 437, ""SELL:MELON"": 236, ""SELL:MILK"": 623, ""SELL:STRAWBERRY"": 567, ""SELL:TOMATO"": 4, ""SELL:WHEAT"": 1108, ""SELL:WOOL"": 375}",default,frontier,58,29,23,36,16,5,5,9,1,9,1,55,12,13,9,21,0,0,0,0,718,0,0,24,15,5,5,3,3,,,,
2026,1,102215.0,96804.0,5411.0,win,DONE,DONE,1,2.8201600419997703,719,0,0,0.021167,0.06830830000000007,0.11521700000000012,0.743667,"{""BUILD_PASTURE"": 14, ""CARE"": 308, ""COLLECT_FERTILIZER"": 318, ""DIG"": 25, ""DROP"": 80, ""EAST"": 857, ""FEED"": 319, ""FERTILIZE"": 107, ""HARVEST"": 338, ""NORTH"": 1236, ""PASS"": 377, ""PICKUP"": 339, ""PLACE"": 27, ""PLANT"": 131, ""SOUTH"": 929, ""WATER"": 851, ""WEST"": 1098}","{""BUY_ANIMAL"": 14, ""BUY_LAND"": 2, ""BUY_PRODUCT"": 279, ""BUY_SEED"": 54, ""HIRE"": 306, ""SELL"": 453}","{""BUY_ANIMAL:COW"": 8, ""BUY_ANIMAL:SHEEP"": 6, ""BUY_PRODUCT:WHEAT"": 967, ""BUY_SEED:MELON"": 21, ""BUY_SEED:STRAWBERRY"": 44, ""BUY_SEED:WHEAT"": 66, ""SELL:CARROT"": 13, ""SELL:EGG"": 8, ""SELL:FERTILIZER"": 437, ""SELL:MELON"": 236, ""SELL:MILK"": 623, ""SELL:STRAWBERRY"": 565, ""SELL:TOMATO"": 4, ""SELL:WHEAT"": 1108, ""SELL:WOOL"": 375}",default,frontier,58,29,23,36,16,5,5,9,1,9,1,53,12,11,9,21,0,0,0,0,718,0,0,24,15,5,5,3,3,,,,
217,0,105587.0,87355.0,18232.0,win,DONE,DONE,1,2.8218056249970687,719,0,0,0.021417,0.0687122,0.0881212400000001,0.255958,"{""BUILD_PASTURE"": 14, ""CARE"": 308, ""COLLECT_FERTILIZER"": 318, ""DIG"": 25, ""DROP"": 80, ""EAST"": 857, ""FEED"": 319, ""FERTILIZE"": 107, ""HARVEST"": 338, ""NORTH"": 1236, ""PASS"": 377, ""PICKUP"": 339, ""PLACE"": 27, ""PLANT"": 131, ""SOUTH"": 929, ""WATER"": 851, ""WEST"": 1098}","{""BUY_ANIMAL"": 14, ""BUY_LAND"": 2, ""BUY_PRODUCT"": 279, ""BUY_SEED"": 54, ""HIRE"": 306, ""SELL"": 484}","{""BUY_ANIMAL:COW"": 8, ""BUY_ANIMAL:SHEEP"": 6, ""BUY_PRODUCT:WHEAT"": 967, ""BUY_SEED:MELON"": 21, ""BUY_SEED:STRAWBERRY"": 44, ""BUY_SEED:WHEAT"": 66, ""SELL:CARROT"": 13, ""SELL:EGG"": 8, ""SELL:FERTILIZER"": 445, ""SELL:MELON"": 236, ""SELL:MILK"": 690, ""SELL:STRAWBERRY"": 635, ""SELL:TOMATO"": 4, ""SELL:WHEAT"": 1108, ""SELL:WOOL"": 394}",default,frontier,66,,29,36,,22,11,14,5,12,4,55,12,13,9,21,0,0,0,0,718,0,0,44,25,9,8,,,,,,
217,1,105845.0,87439.0,18406.0,win,DONE,DONE,1,2.8157016670011217,719,0,0,0.0215,0.06562560000000005,0.10769944000000017,0.255083,"{""BUILD_PASTURE"": 14, ""CARE"": 308, ""COLLECT_FERTILIZER"": 318, ""DIG"": 25, ""DROP"": 80, ""EAST"": 857, ""FEED"": 319, ""FERTILIZE"": 107, ""HARVEST"": 338, ""NORTH"": 1236, ""PASS"": 377, ""PICKUP"": 339, ""PLACE"": 27, ""PLANT"": 131, ""SOUTH"": 929, ""WATER"": 851, ""WEST"": 1098}","{""BUY_ANIMAL"": 14, ""BUY_LAND"": 2, ""BUY_PRODUCT"": 279, ""BUY_SEED"": 54, ""HIRE"": 306, ""SELL"": 484}","{""BUY_ANIMAL:COW"": 8, ""BUY_ANIMAL:SHEEP"": 6, ""BUY_PRODUCT:WHEAT"": 967, ""BUY_SEED:MELON"": 21, ""BUY_SEED:STRAWBERRY"": 44, ""BUY_SEED:WHEAT"": 66, ""SELL:CARROT"": 13, ""SELL:EGG"": 8, ""SELL:FERTILIZER"": 445, ""SELL:MELON"": 236, ""SELL:MILK"": 690, ""SELL:STRAWBERRY"": 635, ""SELL:TOMATO"": 4, ""SELL:WHEAT"": 1108, ""SELL:WOOL"": 394}",default,frontier,62,,29,35,,18,10,14,5,12,4,55,12,13,9,21,0,0,0,0,718,0,0,44,25,9,8,,,,,,
317,0,129175.0,122230.0,6945.0,win,DONE,DONE,1,2.8481272920034826,719,0,0,0.021291,0.06547080000000005,0.09929262000000044,80.899875,"{""BUILD_PASTURE"": 14, ""CARE"": 308, ""COLLECT_FERTILIZER"": 318, ""DIG"": 25, ""DROP"": 80, ""EAST"": 857, ""FEED"": 319, ""FERTILIZE"": 107, ""HARVEST"": 338, ""NORTH"": 1236, ""PASS"": 377, ""PICKUP"": 339, ""PLACE"": 27, ""PLANT"": 131, ""SOUTH"": 929, ""WATER"": 851, ""WEST"": 1098}","{""BUY_ANIMAL"": 14, ""BUY_LAND"": 2, ""BUY_PRODUCT"": 279, ""BUY_SEED"": 54, ""HIRE"": 306, ""SELL"": 453}","{""BUY_ANIMAL:COW"": 8, ""BUY_ANIMAL:SHEEP"": 6, ""BUY_PRODUCT:WHEAT"": 967, ""BUY_SEED:MELON"": 21, ""BUY_SEED:STRAWBERRY"": 44, ""BUY_SEED:WHEAT"": 66, ""SELL:CARROT"": 13, ""SELL:EGG"": 8, ""SELL:FERTILIZER"": 437, ""SELL:MELON"": 236, ""SELL:MILK"": 623, ""SELL:STRAWBERRY"": 567, ""SELL:TOMATO"": 4, ""SELL:WHEAT"": 1108, ""SELL:WOOL"": 375}",default,frontier,44,37,15,23,18,7,5,5,1,5,1,55,12,13,9,21,0,0,0,0,718,0,0,,,,,4,4,,,,
317,1,129326.0,122235.0,7091.0,win,DONE,DONE,1,2.8399345409998205,719,0,0,0.020958,0.06587500000000006,0.10172432000000001,0.371917,"{""BUILD_PASTURE"": 14, ""CARE"": 308, ""COLLECT_FERTILIZER"": 318, ""DIG"": 25, ""DROP"": 80, ""EAST"": 857, ""FEED"": 319, ""FERTILIZE"": 107, ""HARVEST"": 338, ""NORTH"": 1236, ""PASS"": 377, ""PICKUP"": 339, ""PLACE"": 27, ""PLANT"": 131, ""SOUTH"": 929, ""WATER"": 851, ""WEST"": 1098}","{""BUY_ANIMAL"": 14, ""BUY_LAND"": 2, ""BUY_PRODUCT"": 279, ""BUY_SEED"": 54, ""HIRE"": 306, ""SELL"": 453}","{""BUY_ANIMAL:COW"": 8, ""BUY_ANIMAL:SHEEP"": 6, ""BUY_PRODUCT:WHEAT"": 967, ""BUY_SEED:MELON"": 21, ""BUY_SEED:STRAWBERRY"": 44, ""BUY_SEED:WHEAT"": 66, ""SELL:CARROT"": 13, ""SELL:EGG"": 8, ""SELL:FERTILIZER"": 437, ""SELL:MELON"": 236, ""SELL:MILK"": 623, ""SELL:STRAWBERRY"": 567, ""SELL:TOMATO"": 4, ""SELL:WHEAT"": 1108, ""SELL:WOOL"": 375}",default,frontier,44,37,15,23,18,7,5,5,1,5,1,55,12,13,9,21,0,0,0,0,718,0,0,,,,,4,4,,,,
733,0,120536.0,113886.0,6650.0,win,DONE,DONE,1,2.8947028330003377,719,0,0,0.021208,0.05985420000000002,0.08581050000000001,0.193458,"{""BUILD_PASTURE"": 14, ""CARE"": 308, ""COLLECT_FERTILIZER"": 318, ""DIG"": 25, ""DROP"": 80, ""EAST"": 857, ""FEED"": 319, ""FERTILIZE"": 107, ""HARVEST"": 338, ""NORTH"": 1236, ""PASS"": 377, ""PICKUP"": 339, ""PLACE"": 27, ""PLANT"": 131, ""SOUTH"": 929, ""WATER"": 851, ""WEST"": 1098}","{""BUY_ANIMAL"": 14, ""BUY_LAND"": 2, ""BUY_PRODUCT"": 279, ""BUY_SEED"": 54, ""HIRE"": 306, ""SELL"": 453}","{""BUY_ANIMAL:COW"": 8, ""BUY_ANIMAL:SHEEP"": 6, ""BUY_PRODUCT:WHEAT"": 967, ""BUY_SEED:MELON"": 21, ""BUY_SEED:STRAWBERRY"": 44, ""BUY_SEED:WHEAT"": 66, ""SELL:CARROT"": 13, ""SELL:EGG"": 8, ""SELL:FERTILIZER"": 437, ""SELL:MELON"": 236, ""SELL:MILK"": 623, ""SELL:STRAWBERRY"": 567, ""SELL:TOMATO"": 4, ""SELL:WHEAT"": 1108, ""SELL:WOOL"": 375}",default,frontier,36,29,14,23,16,3,3,5,1,5,1,55,12,13,9,21,0,0,0,0,718,0,0,4,4,1,1,3,3,,,,
733,1,120497.0,113658.0,6839.0,win,DONE,DONE,1,2.8769604999979492,719,0,0,0.021041,0.06469620000000001,0.10301624000000004,0.303209,"{""BUILD_PASTURE"": 14, ""CARE"": 308, ""COLLECT_FERTILIZER"": 318, ""DIG"": 25, ""DROP"": 80, ""EAST"": 857, ""FEED"": 319, ""FERTILIZE"": 107, ""HARVEST"": 338, ""NORTH"": 1236, ""PASS"": 377, ""PICKUP"": 339, ""PLACE"": 27, ""PLANT"": 131, ""SOUTH"": 929, ""WATER"": 851, ""WEST"": 1098}","{""BUY_ANIMAL"": 14, ""BUY_LAND"": 2, ""BUY_PRODUCT"": 279, ""BUY_SEED"": 54, ""HIRE"": 306, ""SELL"": 453}","{""BUY_ANIMAL:COW"": 8, ""BUY_ANIMAL:SHEEP"": 6, ""BUY_PRODUCT:WHEAT"": 967, ""BUY_SEED:MELON"": 21, ""BUY_SEED:STRAWBERRY"": 44, ""BUY_SEED:WHEAT"": 66, ""SELL:CARROT"": 13, ""SELL:EGG"": 8, ""SELL:FERTILIZER"": 437, ""SELL:MELON"": 236, ""SELL:MILK"": 623, ""SELL:STRAWBERRY"": 567, ""SELL:TOMATO"": 4, ""SELL:WHEAT"": 1108, ""SELL:WOOL"": 375}",default,frontier,36,29,14,23,16,3,3,5,1,5,1,55,12,13,9,21,0,0,0,0,718,0,0,4,4,1,1,3,3,,,,
