seed,seat,candidate_money,opponent_money,margin,result,candidate_status,opponent_status,game_done,wall_seconds,final_shed_MELON,final_shed_STRAWBERRY,final_shed_MILK,final_shed_WOOL,action_calls,agent_errors,invalid_action_shapes,runtime_p50_ms,runtime_p95_ms,runtime_p99_ms,runtime_max_ms,field_counts,market_counts,market_quantities,variant,opponent,v020_no_premium_slot,v020_normal_market_passthrough,v020_base_WOOL,v020_chosen_WOOL,v020_pending_WOOL,v020_candidate_evaluations_WOOL,v020_released_WOOL,v020_market_actions,v020_base_MILK,v020_chosen_MILK,v020_pending_MILK,v020_candidate_evaluations_MILK,v020_released_MILK,v020_terminal_phase,v020_variant,v020_last_step,v020_items,v020_pending,v020_history,v020_field_changed,v020_nonpremium_changed,v020_adjusted_items,v020_adjusted_units,v020_changed_market_actions
17,0,143061.0,149929.0,-6868.0,loss,DONE,DONE,1,3.8680553999729455,0,0,0,0,719,0,0,0.0234,0.06810000000000006,0.10911000000000003,0.2977,"{""BUILD_PASTURE"": 14, ""CARE"": 308, ""COLLECT_FERTILIZER"": 318, ""DIG"": 25, ""DROP"": 80, ""EAST"": 857, ""FEED"": 319, ""FERTILIZE"": 107, ""HARVEST"": 338, ""NORTH"": 1236, ""PASS"": 377, ""PICKUP"": 339, ""PLACE"": 27, ""PLANT"": 131, ""SOUTH"": 929, ""WATER"": 851, ""WEST"": 1098}","{""BUY_ANIMAL"": 14, ""BUY_LAND"": 2, ""BUY_PRODUCT"": 279, ""BUY_SEED"": 54, ""HIRE"": 306, ""SELL"": 481}","{""BUY_ANIMAL:COW"": 8, ""BUY_ANIMAL:SHEEP"": 6, ""BUY_PRODUCT:WHEAT"": 967, ""BUY_SEED:MELON"": 21, ""BUY_SEED:STRAWBERRY"": 44, ""BUY_SEED:WHEAT"": 66, ""SELL:CARROT"": 13, ""SELL:EGG"": 8, ""SELL:FERTILIZER"": 445, ""SELL:MELON"": 224, ""SELL:MILK"": 682, ""SELL:STRAWBERRY"": 636, ""SELL:TOMATO"": 4, ""SELL:WHEAT"": 1108, ""SELL:WOOL"": 373}",control,v012,,,,,,,,,,,,,,,,,,,,,,,,
17,1,149929.0,143061.0,6868.0,win,DONE,DONE,1,3.923323300026823,0,0,0,0,719,0,0,0.0188,0.055510000000000004,0.10126600000000006,0.2701,"{""BUILD_PASTURE"": 14, ""CARE"": 308, ""COLLECT_FERTILIZER"": 318, ""DIG"": 25, ""DROP"": 80, ""EAST"": 857, ""FEED"": 319, ""FERTILIZE"": 107, ""HARVEST"": 338, ""NORTH"": 1236, ""PASS"": 377, ""PICKUP"": 339, ""PLACE"": 27, ""PLANT"": 131, ""SOUTH"": 929, ""WATER"": 851, ""WEST"": 1098}","{""BUY_ANIMAL"": 14, ""BUY_LAND"": 2, ""BUY_PRODUCT"": 279, ""BUY_SEED"": 54, ""HIRE"": 306, ""SELL"": 481}","{""BUY_ANIMAL:COW"": 8, ""BUY_ANIMAL:SHEEP"": 6, ""BUY_PRODUCT:WHEAT"": 967, ""BUY_SEED:MELON"": 21, ""BUY_SEED:STRAWBERRY"": 44, ""BUY_SEED:WHEAT"": 66, ""SELL:CARROT"": 13, ""SELL:EGG"": 8, ""SELL:FERTILIZER"": 445, ""SELL:MELON"": 224, ""SELL:MILK"": 682, ""SELL:STRAWBERRY"": 636, ""SELL:TOMATO"": 4, ""SELL:WHEAT"": 1108, ""SELL:WOOL"": 373}",control,v012,,,,,,,,,,,,,,,,,,,,,,,,
42,0,131077.0,131180.0,-103.0,loss,DONE,DONE,1,3.930168999999296,0,0,0,0,719,0,0,0.0227,0.0787,0.12795400000000048,0.324,"{""BUILD_PASTURE"": 14, ""CARE"": 308, ""COLLECT_FERTILIZER"": 318, ""DIG"": 25, ""DROP"": 80, ""EAST"": 857, ""FEED"": 319, ""FERTILIZE"": 107, ""HARVEST"": 338, ""NORTH"": 1236, ""PASS"": 377, ""PICKUP"": 339, ""PLACE"": 27, ""PLANT"": 131, ""SOUTH"": 929, ""WATER"": 851, ""WEST"": 1098}","{""BUY_ANIMAL"": 14, ""BUY_LAND"": 2, ""BUY_PRODUCT"": 279, ""BUY_SEED"": 54, ""HIRE"": 306, ""SELL"": 481}","{""BUY_ANIMAL:COW"": 8, ""BUY_ANIMAL:SHEEP"": 6, ""BUY_PRODUCT:WHEAT"": 967, ""BUY_SEED:MELON"": 21, ""BUY_SEED:STRAWBERRY"": 44, ""BUY_SEED:WHEAT"": 66, ""SELL:CARROT"": 13, ""SELL:EGG"": 8, ""SELL:FERTILIZER"": 445, ""SELL:MELON"": 224, ""SELL:MILK"": 682, ""SELL:STRAWBERRY"": 636, ""SELL:TOMATO"": 4, ""SELL:WHEAT"": 1108, ""SELL:WOOL"": 373}",control,v012,,,,,,,,,,,,,,,,,,,,,,,,
42,1,131180.0,131077.0,103.0,win,DONE,DONE,1,4.090014000015799,0,0,0,0,719,0,0,0.0189,0.060910000000000006,0.11645800000000084,0.32,"{""BUILD_PASTURE"": 14, ""CARE"": 308, ""COLLECT_FERTILIZER"": 318, ""DIG"": 25, ""DROP"": 80, ""EAST"": 857, ""FEED"": 319, ""FERTILIZE"": 107, ""HARVEST"": 338, ""NORTH"": 1236, ""PASS"": 377, ""PICKUP"": 339, ""PLACE"": 27, ""PLANT"": 131, ""SOUTH"": 929, ""WATER"": 851, ""WEST"": 1098}","{""BUY_ANIMAL"": 14, ""BUY_LAND"": 2, ""BUY_PRODUCT"": 279, ""BUY_SEED"": 54, ""HIRE"": 306, ""SELL"": 481}","{""BUY_ANIMAL:COW"": 8, ""BUY_ANIMAL:SHEEP"": 6, ""BUY_PRODUCT:WHEAT"": 967, ""BUY_SEED:MELON"": 21, ""BUY_SEED:STRAWBERRY"": 44, ""BUY_SEED:WHEAT"": 66, ""SELL:CARROT"": 13, ""SELL:EGG"": 8, ""SELL:FERTILIZER"": 445, ""SELL:MELON"": 224, ""SELL:MILK"": 682, ""SELL:STRAWBERRY"": 636, ""SELL:TOMATO"": 4, ""SELL:WHEAT"": 1108, ""SELL:WOOL"": 373}",control,v012,,,,,,,,,,,,,,,,,,,,,,,,
2026,0,110046.0,107955.0,2091.0,win,DONE,DONE,1,3.950006500002928,0,0,0,0,719,0,0,0.0223,0.07135000000000012,0.11872400000000016,0.3126,"{""BUILD_PASTURE"": 14, ""CARE"": 308, ""COLLECT_FERTILIZER"": 318, ""DIG"": 25, ""DROP"": 80, ""EAST"": 857, ""FEED"": 319, ""FERTILIZE"": 107, ""HARVEST"": 338, ""NORTH"": 1236, ""PASS"": 377, ""PICKUP"": 339, ""PLACE"": 27, ""PLANT"": 131, ""SOUTH"": 929, ""WATER"": 851, ""WEST"": 1098}","{""BUY_ANIMAL"": 14, ""BUY_LAND"": 2, ""BUY_PRODUCT"": 279, ""BUY_SEED"": 54, ""HIRE"": 306, ""SELL"": 450}","{""BUY_ANIMAL:COW"": 8, ""BUY_ANIMAL:SHEEP"": 6, ""BUY_PRODUCT:WHEAT"": 967, ""BUY_SEED:MELON"": 21, ""BUY_SEED:STRAWBERRY"": 44, ""BUY_SEED:WHEAT"": 66, ""SELL:CARROT"": 13, ""SELL:EGG"": 8, ""SELL:FERTILIZER"": 437, ""SELL:MELON"": 224, ""SELL:MILK"": 614, ""SELL:STRAWBERRY"": 567, ""SELL:TOMATO"": 4, ""SELL:WHEAT"": 1108, ""SELL:WOOL"": 354}",control,v012,,,,,,,,,,,,,,,,,,,,,,,,
2026,1,107955.0,110046.0,-2091.0,loss,DONE,DONE,1,4.092421299952548,0,0,0,0,719,0,0,0.0204,0.05615000000000004,0.11317800000000039,0.924,"{""BUILD_PASTURE"": 14, ""CARE"": 308, ""COLLECT_FERTILIZER"": 318, ""DIG"": 25, ""DROP"": 80, ""EAST"": 857, ""FEED"": 319, ""FERTILIZE"": 107, ""HARVEST"": 338, ""NORTH"": 1236, ""PASS"": 377, ""PICKUP"": 339, ""PLACE"": 27, ""PLANT"": 131, ""SOUTH"": 929, ""WATER"": 851, ""WEST"": 1098}","{""BUY_ANIMAL"": 14, ""BUY_LAND"": 2, ""BUY_PRODUCT"": 279, ""BUY_SEED"": 54, ""HIRE"": 306, ""SELL"": 450}","{""BUY_ANIMAL:COW"": 8, ""BUY_ANIMAL:SHEEP"": 6, ""BUY_PRODUCT:WHEAT"": 967, ""BUY_SEED:MELON"": 21, ""BUY_SEED:STRAWBERRY"": 44, ""BUY_SEED:WHEAT"": 66, ""SELL:CARROT"": 13, ""SELL:EGG"": 8, ""SELL:FERTILIZER"": 437, ""SELL:MELON"": 224, ""SELL:MILK"": 614, ""SELL:STRAWBERRY"": 567, ""SELL:TOMATO"": 4, ""SELL:WHEAT"": 1108, ""SELL:WOOL"": 354}",control,v012,,,,,,,,,,,,,,,,,,,,,,,,
217,0,103544.0,103313.0,231.0,win,DONE,DONE,1,4.141535100003239,0,0,0,0,719,0,0,0.0264,0.07789000000000007,0.13848000000000069,0.3499,"{""BUILD_PASTURE"": 14, ""CARE"": 308, ""COLLECT_FERTILIZER"": 318, ""DIG"": 25, ""DROP"": 80, ""EAST"": 857, ""FEED"": 319, ""FERTILIZE"": 107, ""HARVEST"": 338, ""NORTH"": 1236, ""PASS"": 377, ""PICKUP"": 339, ""PLACE"": 27, ""PLANT"": 131, ""SOUTH"": 929, ""WATER"": 851, ""WEST"": 1098}","{""BUY_ANIMAL"": 14, ""BUY_LAND"": 2, ""BUY_PRODUCT"": 279, ""BUY_SEED"": 54, ""HIRE"": 306, ""SELL"": 481}","{""BUY_ANIMAL:COW"": 8, ""BUY_ANIMAL:SHEEP"": 6, ""BUY_PRODUCT:WHEAT"": 967, ""BUY_SEED:MELON"": 21, ""BUY_SEED:STRAWBERRY"": 44, ""BUY_SEED:WHEAT"": 66, ""SELL:CARROT"": 13, ""SELL:EGG"": 8, ""SELL:FERTILIZER"": 445, ""SELL:MELON"": 224, ""SELL:MILK"": 682, ""SELL:STRAWBERRY"": 636, ""SELL:TOMATO"": 4, ""SELL:WHEAT"": 1108, ""SELL:WOOL"": 373}",control,v012,,,,,,,,,,,,,,,,,,,,,,,,
217,1,103313.0,103544.0,-231.0,loss,DONE,DONE,1,4.172991900006309,0,0,0,0,719,0,0,0.0203,0.06508000000000004,0.11316000000000065,0.2104,"{""BUILD_PASTURE"": 14, ""CARE"": 308, ""COLLECT_FERTILIZER"": 318, ""DIG"": 25, ""DROP"": 80, ""EAST"": 857, ""FEED"": 319, ""FERTILIZE"": 107, ""HARVEST"": 338, ""NORTH"": 1236, ""PASS"": 377, ""PICKUP"": 339, ""PLACE"": 27, ""PLANT"": 131, ""SOUTH"": 929, ""WATER"": 851, ""WEST"": 1098}","{""BUY_ANIMAL"": 14, ""BUY_LAND"": 2, ""BUY_PRODUCT"": 279, ""BUY_SEED"": 54, ""HIRE"": 306, ""SELL"": 481}","{""BUY_ANIMAL:COW"": 8, ""BUY_ANIMAL:SHEEP"": 6, ""BUY_PRODUCT:WHEAT"": 967, ""BUY_SEED:MELON"": 21, ""BUY_SEED:STRAWBERRY"": 44, ""BUY_SEED:WHEAT"": 66, ""SELL:CARROT"": 13, ""SELL:EGG"": 8, ""SELL:FERTILIZER"": 445, ""SELL:MELON"": 224, ""SELL:MILK"": 682, ""SELL:STRAWBERRY"": 636, ""SELL:TOMATO"": 4, ""SELL:WHEAT"": 1108, ""SELL:WOOL"": 373}",control,v012,,,,,,,,,,,,,,,,,,,,,,,,
317,0,131722.0,131863.0,-141.0,loss,DONE,DONE,1,4.055649200046901,0,0,0,0,719,0,0,0.0248,0.06797000000000006,0.10458400000000007,0.3098,"{""BUILD_PASTURE"": 14, ""CARE"": 308, ""COLLECT_FERTILIZER"": 318, ""DIG"": 25, ""DROP"": 80, ""EAST"": 857, ""FEED"": 319, ""FERTILIZE"": 107, ""HARVEST"": 338, ""NORTH"": 1236, ""PASS"": 377, ""PICKUP"": 339, ""PLACE"": 27, ""PLANT"": 131, ""SOUTH"": 929, ""WATER"": 851, ""WEST"": 1098}","{""BUY_ANIMAL"": 14, ""BUY_LAND"": 2, ""BUY_PRODUCT"": 279, ""BUY_SEED"": 54, ""HIRE"": 306, ""SELL"": 450}","{""BUY_ANIMAL:COW"": 8, ""BUY_ANIMAL:SHEEP"": 6, ""BUY_PRODUCT:WHEAT"": 967, ""BUY_SEED:MELON"": 21, ""BUY_SEED:STRAWBERRY"": 44, ""BUY_SEED:WHEAT"": 66, ""SELL:CARROT"": 13, ""SELL:EGG"": 8, ""SELL:FERTILIZER"": 437, ""SELL:MELON"": 224, ""SELL:MILK"": 614, ""SELL:STRAWBERRY"": 567, ""SELL:TOMATO"": 4, ""SELL:WHEAT"": 1108, ""SELL:WOOL"": 354}",control,v012,,,,,,,,,,,,,,,,,,,,,,,,
317,1,131863.0,131722.0,141.0,win,DONE,DONE,1,4.246161799994297,0,0,0,0,719,0,0,0.0199,0.059399999999999994,0.14315600000000028,0.5362,"{""BUILD_PASTURE"": 14, ""CARE"": 308, ""COLLECT_FERTILIZER"": 318, ""DIG"": 25, ""DROP"": 80, ""EAST"": 857, ""FEED"": 319, ""FERTILIZE"": 107, ""HARVEST"": 338, ""NORTH"": 1236, ""PASS"": 377, ""PICKUP"": 339, ""PLACE"": 27, ""PLANT"": 131, ""SOUTH"": 929, ""WATER"": 851, ""WEST"": 1098}","{""BUY_ANIMAL"": 14, ""BUY_LAND"": 2, ""BUY_PRODUCT"": 279, ""BUY_SEED"": 54, ""HIRE"": 306, ""SELL"": 450}","{""BUY_ANIMAL:COW"": 8, ""BUY_ANIMAL:SHEEP"": 6, ""BUY_PRODUCT:WHEAT"": 967, ""BUY_SEED:MELON"": 21, ""BUY_SEED:STRAWBERRY"": 44, ""BUY_SEED:WHEAT"": 66, ""SELL:CARROT"": 13, ""SELL:EGG"": 8, ""SELL:FERTILIZER"": 437, ""SELL:MELON"": 224, ""SELL:MILK"": 614, ""SELL:STRAWBERRY"": 567, ""SELL:TOMATO"": 4, ""SELL:WHEAT"": 1108, ""SELL:WOOL"": 354}",control,v012,,,,,,,,,,,,,,,,,,,,,,,,
733,0,126245.0,126194.0,51.0,win,DONE,DONE,1,4.417326399998274,0,0,0,0,719,0,0,0.0258,0.07944000000000004,0.12521400000000038,0.3752,"{""BUILD_PASTURE"": 14, ""CARE"": 308, ""COLLECT_FERTILIZER"": 318, ""DIG"": 25, ""DROP"": 80, ""EAST"": 857, ""FEED"": 319, ""FERTILIZE"": 107, ""HARVEST"": 338, ""NORTH"": 1236, ""PASS"": 377, ""PICKUP"": 339, ""PLACE"": 27, ""PLANT"": 131, ""SOUTH"": 929, ""WATER"": 851, ""WEST"": 1098}","{""BUY_ANIMAL"": 14, ""BUY_LAND"": 2, ""BUY_PRODUCT"": 279, ""BUY_SEED"": 54, ""HIRE"": 306, ""SELL"": 450}","{""BUY_ANIMAL:COW"": 8, ""BUY_ANIMAL:SHEEP"": 6, ""BUY_PRODUCT:WHEAT"": 967, ""BUY_SEED:MELON"": 21, ""BUY_SEED:STRAWBERRY"": 44, ""BUY_SEED:WHEAT"": 66, ""SELL:CARROT"": 13, ""SELL:EGG"": 8, ""SELL:FERTILIZER"": 437, ""SELL:MELON"": 224, ""SELL:MILK"": 614, ""SELL:STRAWBERRY"": 567, ""SELL:TOMATO"": 4, ""SELL:WHEAT"": 1108, ""SELL:WOOL"": 354}",control,v012,,,,,,,,,,,,,,,,,,,,,,,,
733,1,126194.0,126245.0,-51.0,loss,DONE,DONE,1,4.497703600034583,0,0,0,0,719,0,0,0.024,0.06567000000000003,0.11486800000000011,0.2296,"{""BUILD_PASTURE"": 14, ""CARE"": 308, ""COLLECT_FERTILIZER"": 318, ""DIG"": 25, ""DROP"": 80, ""EAST"": 857, ""FEED"": 319, ""FERTILIZE"": 107, ""HARVEST"": 338, ""NORTH"": 1236, ""PASS"": 377, ""PICKUP"": 339, ""PLACE"": 27, ""PLANT"": 131, ""SOUTH"": 929, ""WATER"": 851, ""WEST"": 1098}","{""BUY_ANIMAL"": 14, ""BUY_LAND"": 2, ""BUY_PRODUCT"": 279, ""BUY_SEED"": 54, ""HIRE"": 306, ""SELL"": 450}","{""BUY_ANIMAL:COW"": 8, ""BUY_ANIMAL:SHEEP"": 6, ""BUY_PRODUCT:WHEAT"": 967, ""BUY_SEED:MELON"": 21, ""BUY_SEED:STRAWBERRY"": 44, ""BUY_SEED:WHEAT"": 66, ""SELL:CARROT"": 13, ""SELL:EGG"": 8, ""SELL:FERTILIZER"": 437, ""SELL:MELON"": 224, ""SELL:MILK"": 614, ""SELL:STRAWBERRY"": 567, ""SELL:TOMATO"": 4, ""SELL:WHEAT"": 1108, ""SELL:WOOL"": 354}",control,v012,,,,,,,,,,,,,,,,,,,,,,,,
17,0,142869.0,150023.0,-7154.0,loss,DONE,DONE,1,4.943649799970444,0,0,0,0,719,0,0,0.0306,0.09871,0.1638960000000004,0.4298,"{""BUILD_PASTURE"": 14, ""CARE"": 308, ""COLLECT_FERTILIZER"": 318, ""DIG"": 25, ""DROP"": 80, ""EAST"": 857, ""FEED"": 319, ""FERTILIZE"": 107, ""HARVEST"": 338, ""NORTH"": 1236, ""PASS"": 377, ""PICKUP"": 339, ""PLACE"": 27, ""PLANT"": 131, ""SOUTH"": 929, ""WATER"": 851, ""WEST"": 1098}","{""BUY_ANIMAL"": 14, ""BUY_LAND"": 2, ""BUY_PRODUCT"": 279, ""BUY_SEED"": 54, ""HIRE"": 306, ""SELL"": 481}","{""BUY_ANIMAL:COW"": 8, ""BUY_ANIMAL:SHEEP"": 6, ""BUY_PRODUCT:WHEAT"": 967, ""BUY_SEED:MELON"": 21, ""BUY_SEED:STRAWBERRY"": 44, ""BUY_SEED:WHEAT"": 66, ""SELL:CARROT"": 13, ""SELL:EGG"": 8, ""SELL:FERTILIZER"": 445, ""SELL:MELON"": 224, ""SELL:MILK"": 682, ""SELL:STRAWBERRY"": 636, ""SELL:TOMATO"": 4, ""SELL:WHEAT"": 1108, ""SELL:WOOL"": 373}",control,v015a,,,,,,,,,,,,,,,,,,,,,,,,
17,1,149752.0,143134.0,6618.0,win,DONE,DONE,1,4.318313799973112,0,0,0,0,719,0,0,0.0187,0.056360000000000035,0.10478600000000013,0.7079,"{""BUILD_PASTURE"": 14, ""CARE"": 308, ""COLLECT_FERTILIZER"": 318, ""DIG"": 25, ""DROP"": 80, ""EAST"": 857, ""FEED"": 319, ""FERTILIZE"": 107, ""HARVEST"": 338, ""NORTH"": 1236, ""PASS"": 377, ""PICKUP"": 339, ""PLACE"": 27, ""PLANT"": 131, ""SOUTH"": 929, ""WATER"": 851, ""WEST"": 1098}","{""BUY_ANIMAL"": 14, ""BUY_LAND"": 2, ""BUY_PRODUCT"": 279, ""BUY_SEED"": 54, ""HIRE"": 306, ""SELL"": 481}","{""BUY_ANIMAL:COW"": 8, ""BUY_ANIMAL:SHEEP"": 6, ""BUY_PRODUCT:WHEAT"": 967, ""BUY_SEED:MELON"": 21, ""BUY_SEED:STRAWBERRY"": 44, ""BUY_SEED:WHEAT"": 66, ""SELL:CARROT"": 13, ""SELL:EGG"": 8, ""SELL:FERTILIZER"": 445, ""SELL:MELON"": 224, ""SELL:MILK"": 682, ""SELL:STRAWBERRY"": 636, ""SELL:TOMATO"": 4, ""SELL:WHEAT"": 1108, ""SELL:WOOL"": 373}",control,v015a,,,,,,,,,,,,,,,,,,,,,,,,
42,0,130770.0,131365.0,-595.0,loss,DONE,DONE,1,4.057490599981975,0,0,0,0,719,0,0,0.0234,0.07473000000000002,0.12236000000000014,0.6109,"{""BUILD_PASTURE"": 14, ""CARE"": 308, ""COLLECT_FERTILIZER"": 318, ""DIG"": 25, ""DROP"": 80, ""EAST"": 857, ""FEED"": 319, ""FERTILIZE"": 107, ""HARVEST"": 338, ""NORTH"": 1236, ""PASS"": 377, ""PICKUP"": 339, ""PLACE"": 27, ""PLANT"": 131, ""SOUTH"": 929, ""WATER"": 851, ""WEST"": 1098}","{""BUY_ANIMAL"": 14, ""BUY_LAND"": 2, ""BUY_PRODUCT"": 279, ""BUY_SEED"": 54, ""HIRE"": 306, ""SELL"": 481}","{""BUY_ANIMAL:COW"": 8, ""BUY_ANIMAL:SHEEP"": 6, ""BUY_PRODUCT:WHEAT"": 967, ""BUY_SEED:MELON"": 21, ""BUY_SEED:STRAWBERRY"": 44, ""BUY_SEED:WHEAT"": 66, ""SELL:CARROT"": 13, ""SELL:EGG"": 8, ""SELL:FERTILIZER"": 445, ""SELL:MELON"": 224, ""SELL:MILK"": 682, ""SELL:STRAWBERRY"": 636, ""SELL:TOMATO"": 4, ""SELL:WHEAT"": 1108, ""SELL:WOOL"": 373}",control,v015a,,,,,,,,,,,,,,,,,,,,,,,,
42,1,130873.0,131262.0,-389.0,loss,DONE,DONE,1,4.3068936000345275,0,0,0,0,719,0,0,0.0191,0.0676,0.14612200000000009,0.1775,"{""BUILD_PASTURE"": 14, ""CARE"": 308, ""COLLECT_FERTILIZER"": 318, ""DIG"": 25, ""DROP"": 80, ""EAST"": 857, ""FEED"": 319, ""FERTILIZE"": 107, ""HARVEST"": 338, ""NORTH"": 1236, ""PASS"": 377, ""PICKUP"": 339, ""PLACE"": 27, ""PLANT"": 131, ""SOUTH"": 929, ""WATER"": 851, ""WEST"": 1098}","{""BUY_ANIMAL"": 14, ""BUY_LAND"": 2, ""BUY_PRODUCT"": 279, ""BUY_SEED"": 54, ""HIRE"": 306, ""SELL"": 481}","{""BUY_ANIMAL:COW"": 8, ""BUY_ANIMAL:SHEEP"": 6, ""BUY_PRODUCT:WHEAT"": 967, ""BUY_SEED:MELON"": 21, ""BUY_SEED:STRAWBERRY"": 44, ""BUY_SEED:WHEAT"": 66, ""SELL:CARROT"": 13, ""SELL:EGG"": 8, ""SELL:FERTILIZER"": 445, ""SELL:MELON"": 224, ""SELL:MILK"": 682, ""SELL:STRAWBERRY"": 636, ""SELL:TOMATO"": 4, ""SELL:WHEAT"": 1108, ""SELL:WOOL"": 373}",control,v015a,,,,,,,,,,,,,,,,,,,,,,,,
2026,0,108215.0,109842.0,-1627.0,loss,DONE,DONE,1,4.164831600035541,0,0,0,0,719,0,0,0.0255,0.09038000000000003,0.16542800000000055,0.4617,"{""BUILD_PASTURE"": 14, ""CARE"": 308, ""COLLECT_FERTILIZER"": 318, ""DIG"": 25, ""DROP"": 80, ""EAST"": 857, ""FEED"": 319, ""FERTILIZE"": 107, ""HARVEST"": 338, ""NORTH"": 1236, ""PASS"": 377, ""PICKUP"": 339, ""PLACE"": 27, ""PLANT"": 131, ""SOUTH"": 929, ""WATER"": 851, ""WEST"": 1098}","{""BUY_ANIMAL"": 14, ""BUY_LAND"": 2, ""BUY_PRODUCT"": 279, ""BUY_SEED"": 54, ""HIRE"": 306, ""SELL"": 450}","{""BUY_ANIMAL:COW"": 8, ""BUY_ANIMAL:SHEEP"": 6, ""BUY_PRODUCT:WHEAT"": 967, ""BUY_SEED:MELON"": 21, ""BUY_SEED:STRAWBERRY"": 44, ""BUY_SEED:WHEAT"": 66, ""SELL:CARROT"": 13, ""SELL:EGG"": 8, ""SELL:FERTILIZER"": 437, ""SELL:MELON"": 224, ""SELL:MILK"": 614, ""SELL:STRAWBERRY"": 567, ""SELL:TOMATO"": 4, ""SELL:WHEAT"": 1108, ""SELL:WOOL"": 354}",control,v015a,,,,,,,,,,,,,,,,,,,,,,,,
2026,1,106124.0,111933.0,-5809.0,loss,DONE,DONE,1,4.180637799960095,0,0,0,0,719,0,0,0.0181,0.05316000000000006,0.10027200000000022,0.4688,"{""BUILD_PASTURE"": 14, ""CARE"": 308, ""COLLECT_FERTILIZER"": 318, ""DIG"": 25, ""DROP"": 80, ""EAST"": 857, ""FEED"": 319, ""FERTILIZE"": 107, ""HARVEST"": 338, ""NORTH"": 1236, ""PASS"": 377, ""PICKUP"": 339, ""PLACE"": 27, ""PLANT"": 131, ""SOUTH"": 929, ""WATER"": 851, ""WEST"": 1098}","{""BUY_ANIMAL"": 14, ""BUY_LAND"": 2, ""BUY_PRODUCT"": 279, ""BUY_SEED"": 54, ""HIRE"": 306, ""SELL"": 450}","{""BUY_ANIMAL:COW"": 8, ""BUY_ANIMAL:SHEEP"": 6, ""BUY_PRODUCT:WHEAT"": 967, ""BUY_SEED:MELON"": 21, ""BUY_SEED:STRAWBERRY"": 44, ""BUY_SEED:WHEAT"": 66, ""SELL:CARROT"": 13, ""SELL:EGG"": 8, ""SELL:FERTILIZER"": 437, ""SELL:MELON"": 224, ""SELL:MILK"": 614, ""SELL:STRAWBERRY"": 567, ""SELL:TOMATO"": 4, ""SELL:WHEAT"": 1108, ""SELL:WOOL"": 354}",control,v015a,,,,,,,,,,,,,,,,,,,,,,,,
217,0,103275.0,103456.0,-181.0,loss,DONE,DONE,1,4.225155799998902,0,0,0,0,719,0,0,0.0252,0.07898000000000001,0.1538340000000002,0.3787,"{""BUILD_PASTURE"": 14, ""CARE"": 308, ""COLLECT_FERTILIZER"": 318, ""DIG"": 25, ""DROP"": 80, ""EAST"": 857, ""FEED"": 319, ""FERTILIZE"": 107, ""HARVEST"": 338, ""NORTH"": 1236, ""PASS"": 377, ""PICKUP"": 339, ""PLACE"": 27, ""PLANT"": 131, ""SOUTH"": 929, ""WATER"": 851, ""WEST"": 1098}","{""BUY_ANIMAL"": 14, ""BUY_LAND"": 2, ""BUY_PRODUCT"": 279, ""BUY_SEED"": 54, ""HIRE"": 306, ""SELL"": 481}","{""BUY_ANIMAL:COW"": 8, ""BUY_ANIMAL:SHEEP"": 6, ""BUY_PRODUCT:WHEAT"": 967, ""BUY_SEED:MELON"": 21, ""BUY_SEED:STRAWBERRY"": 44, ""BUY_SEED:WHEAT"": 66, ""SELL:CARROT"": 13, ""SELL:EGG"": 8, ""SELL:FERTILIZER"": 445, ""SELL:MELON"": 224, ""SELL:MILK"": 682, ""SELL:STRAWBERRY"": 636, ""SELL:TOMATO"": 4, ""SELL:WHEAT"": 1108, ""SELL:WOOL"": 373}",control,v015a,,,,,,,,,,,,,,,,,,,,,,,,
217,1,103044.0,103685.0,-641.0,loss,DONE,DONE,1,4.1720557999797165,0,0,0,0,719,0,0,0.018,0.05218000000000016,0.10763200000000013,0.3342,"{""BUILD_PASTURE"": 14, ""CARE"": 308, ""COLLECT_FERTILIZER"": 318, ""DIG"": 25, ""DROP"": 80, ""EAST"": 857, ""FEED"": 319, ""FERTILIZE"": 107, ""HARVEST"": 338, ""NORTH"": 1236, ""PASS"": 377, ""PICKUP"": 339, ""PLACE"": 27, ""PLANT"": 131, ""SOUTH"": 929, ""WATER"": 851, ""WEST"": 1098}","{""BUY_ANIMAL"": 14, ""BUY_LAND"": 2, ""BUY_PRODUCT"": 279, ""BUY_SEED"": 54, ""HIRE"": 306, ""SELL"": 481}","{""BUY_ANIMAL:COW"": 8, ""BUY_ANIMAL:SHEEP"": 6, ""BUY_PRODUCT:WHEAT"": 967, ""BUY_SEED:MELON"": 21, ""BUY_SEED:STRAWBERRY"": 44, ""BUY_SEED:WHEAT"": 66, ""SELL:CARROT"": 13, ""SELL:EGG"": 8, ""SELL:FERTILIZER"": 445, ""SELL:MELON"": 224, ""SELL:MILK"": 682, ""SELL:STRAWBERRY"": 636, ""SELL:TOMATO"": 4, ""SELL:WHEAT"": 1108, ""SELL:WOOL"": 373}",control,v015a,,,,,,,,,,,,,,,,,,,,,,,,
317,0,131600.0,131740.0,-140.0,loss,DONE,DONE,1,4.088078200002201,0,0,0,0,719,0,0,0.0242,0.06606000000000008,0.11815000000000012,0.5076,"{""BUILD_PASTURE"": 14, ""CARE"": 308, ""COLLECT_FERTILIZER"": 318, ""DIG"": 25, ""DROP"": 80, ""EAST"": 857, ""FEED"": 319, ""FERTILIZE"": 107, ""HARVEST"": 338, ""NORTH"": 1236, ""PASS"": 377, ""PICKUP"": 339, ""PLACE"": 27, ""PLANT"": 131, ""SOUTH"": 929, ""WATER"": 851, ""WEST"": 1098}","{""BUY_ANIMAL"": 14, ""BUY_LAND"": 2, ""BUY_PRODUCT"": 279, ""BUY_SEED"": 54, ""HIRE"": 306, ""SELL"": 450}","{""BUY_ANIMAL:COW"": 8, ""BUY_ANIMAL:SHEEP"": 6, ""BUY_PRODUCT:WHEAT"": 967, ""BUY_SEED:MELON"": 21, ""BUY_SEED:STRAWBERRY"": 44, ""BUY_SEED:WHEAT"": 66, ""SELL:CARROT"": 13, ""SELL:EGG"": 8, ""SELL:FERTILIZER"": 437, ""SELL:MELON"": 224, ""SELL:MILK"": 614, ""SELL:STRAWBERRY"": 567, ""SELL:TOMATO"": 4, ""SELL:WHEAT"": 1108, ""SELL:WOOL"": 354}",control,v015a,,,,,,,,,,,,,,,,,,,,,,,,
317,1,131741.0,131599.0,142.0,win,DONE,DONE,1,4.130719400011003,0,0,0,0,719,0,0,0.0175,0.048220000000000054,0.0955,0.1334,"{""BUILD_PASTURE"": 14, ""CARE"": 308, ""COLLECT_FERTILIZER"": 318, ""DIG"": 25, ""DROP"": 80, ""EAST"": 857, ""FEED"": 319, ""FERTILIZE"": 107, ""HARVEST"": 338, ""NORTH"": 1236, ""PASS"": 377, ""PICKUP"": 339, ""PLACE"": 27, ""PLANT"": 131, ""SOUTH"": 929, ""WATER"": 851, ""WEST"": 1098}","{""BUY_ANIMAL"": 14, ""BUY_LAND"": 2, ""BUY_PRODUCT"": 279, ""BUY_SEED"": 54, ""HIRE"": 306, ""SELL"": 450}","{""BUY_ANIMAL:COW"": 8, ""BUY_ANIMAL:SHEEP"": 6, ""BUY_PRODUCT:WHEAT"": 967, ""BUY_SEED:MELON"": 21, ""BUY_SEED:STRAWBERRY"": 44, ""BUY_SEED:WHEAT"": 66, ""SELL:CARROT"": 13, ""SELL:EGG"": 8, ""SELL:FERTILIZER"": 437, ""SELL:MELON"": 224, ""SELL:MILK"": 614, ""SELL:STRAWBERRY"": 567, ""SELL:TOMATO"": 4, ""SELL:WHEAT"": 1108, ""SELL:WOOL"": 354}",control,v015a,,,,,,,,,,,,,,,,,,,,,,,,
733,0,124480.0,128029.0,-3549.0,loss,DONE,DONE,1,4.062830900016706,0,0,0,0,719,0,0,0.0248,0.07532000000000001,0.1267040000000001,0.3748,"{""BUILD_PASTURE"": 14, ""CARE"": 308, ""COLLECT_FERTILIZER"": 318, ""DIG"": 25, ""DROP"": 80, ""EAST"": 857, ""FEED"": 319, ""FERTILIZE"": 107, ""HARVEST"": 338, ""NORTH"": 1236, ""PASS"": 377, ""PICKUP"": 339, ""PLACE"": 27, ""PLANT"": 131, ""SOUTH"": 929, ""WATER"": 851, ""WEST"": 1098}","{""BUY_ANIMAL"": 14, ""BUY_LAND"": 2, ""BUY_PRODUCT"": 279, ""BUY_SEED"": 54, ""HIRE"": 306, ""SELL"": 450}","{""BUY_ANIMAL:COW"": 8, ""BUY_ANIMAL:SHEEP"": 6, ""BUY_PRODUCT:WHEAT"": 967, ""BUY_SEED:MELON"": 21, ""BUY_SEED:STRAWBERRY"": 44, ""BUY_SEED:WHEAT"": 66, ""SELL:CARROT"": 13, ""SELL:EGG"": 8, ""SELL:FERTILIZER"": 437, ""SELL:MELON"": 224, ""SELL:MILK"": 614, ""SELL:STRAWBERRY"": 567, ""SELL:TOMATO"": 4, ""SELL:WHEAT"": 1108, ""SELL:WOOL"": 354}",control,v015a,,,,,,,,,,,,,,,,,,,,,,,,
733,1,124429.0,128080.0,-3651.0,loss,DONE,DONE,1,4.133146000036504,0,0,0,0,719,0,0,0.017,0.05209000000000016,0.10589400000000009,0.1675,"{""BUILD_PASTURE"": 14, ""CARE"": 308, ""COLLECT_FERTILIZER"": 318, ""DIG"": 25, ""DROP"": 80, ""EAST"": 857, ""FEED"": 319, ""FERTILIZE"": 107, ""HARVEST"": 338, ""NORTH"": 1236, ""PASS"": 377, ""PICKUP"": 339, ""PLACE"": 27, ""PLANT"": 131, ""SOUTH"": 929, ""WATER"": 851, ""WEST"": 1098}","{""BUY_ANIMAL"": 14, ""BUY_LAND"": 2, ""BUY_PRODUCT"": 279, ""BUY_SEED"": 54, ""HIRE"": 306, ""SELL"": 450}","{""BUY_ANIMAL:COW"": 8, ""BUY_ANIMAL:SHEEP"": 6, ""BUY_PRODUCT:WHEAT"": 967, ""BUY_SEED:MELON"": 21, ""BUY_SEED:STRAWBERRY"": 44, ""BUY_SEED:WHEAT"": 66, ""SELL:CARROT"": 13, ""SELL:EGG"": 8, ""SELL:FERTILIZER"": 437, ""SELL:MELON"": 224, ""SELL:MILK"": 614, ""SELL:STRAWBERRY"": 567, ""SELL:TOMATO"": 4, ""SELL:WHEAT"": 1108, ""SELL:WOOL"": 354}",control,v015a,,,,,,,,,,,,,,,,,,,,,,,,
17,0,138456.0,98790.0,39666.0,win,DONE,DONE,1,5.020951199985575,0,0,0,0,719,0,0,0.0303,0.09705000000000001,0.16971600000000045,0.4994,"{""BUILD_PASTURE"": 14, ""CARE"": 308, ""COLLECT_FERTILIZER"": 318, ""DIG"": 25, ""DROP"": 80, ""EAST"": 857, ""FEED"": 319, ""FERTILIZE"": 107, ""HARVEST"": 338, ""NORTH"": 1236, ""PASS"": 377, ""PICKUP"": 339, ""PLACE"": 27, ""PLANT"": 131, ""SOUTH"": 929, ""WATER"": 851, ""WEST"": 1098}","{""BUY_ANIMAL"": 14, ""BUY_LAND"": 2, ""BUY_PRODUCT"": 279, ""BUY_SEED"": 54, ""HIRE"": 306, ""SELL"": 481}","{""BUY_ANIMAL:COW"": 8, ""BUY_ANIMAL:SHEEP"": 6, ""BUY_PRODUCT:WHEAT"": 967, ""BUY_SEED:MELON"": 21, ""BUY_SEED:STRAWBERRY"": 44, ""BUY_SEED:WHEAT"": 66, ""SELL:CARROT"": 13, ""SELL:EGG"": 8, ""SELL:FERTILIZER"": 445, ""SELL:MELON"": 224, ""SELL:MILK"": 682, ""SELL:STRAWBERRY"": 636, ""SELL:TOMATO"": 4, ""SELL:WHEAT"": 1108, ""SELL:WOOL"": 373}",control,baseline,,,,,,,,,,,,,,,,,,,,,,,,
17,1,139022.0,99020.0,40002.0,win,DONE,DONE,1,4.842166499991436,0,0,0,0,719,0,0,0.0246,0.06269000000000009,0.11386800000000037,0.1531,"{""BUILD_PASTURE"": 14, ""CARE"": 308, ""COLLECT_FERTILIZER"": 318, ""DIG"": 25, ""DROP"": 80, ""EAST"": 857, ""FEED"": 319, ""FERTILIZE"": 107, ""HARVEST"": 338, ""NORTH"": 1236, ""PASS"": 377, ""PICKUP"": 339, ""PLACE"": 27, ""PLANT"": 131, ""SOUTH"": 929, ""WATER"": 851, ""WEST"": 1098}","{""BUY_ANIMAL"": 14, ""BUY_LAND"": 2, ""BUY_PRODUCT"": 279, ""BUY_SEED"": 54, ""HIRE"": 306, ""SELL"": 481}","{""BUY_ANIMAL:COW"": 8, ""BUY_ANIMAL:SHEEP"": 6, ""BUY_PRODUCT:WHEAT"": 967, ""BUY_SEED:MELON"": 21, ""BUY_SEED:STRAWBERRY"": 44, ""BUY_SEED:WHEAT"": 66, ""SELL:CARROT"": 13, ""SELL:EGG"": 8, ""SELL:FERTILIZER"": 445, ""SELL:MELON"": 224, ""SELL:MILK"": 682, ""SELL:STRAWBERRY"": 636, ""SELL:TOMATO"": 4, ""SELL:WHEAT"": 1108, ""SELL:WOOL"": 373}",control,baseline,,,,,,,,,,,,,,,,,,,,,,,,
42,0,169035.0,114209.0,54826.0,win,DONE,DONE,1,4.7426536999992095,0,0,0,0,719,0,0,0.0292,0.08194000000000001,0.16254000000000085,0.476,"{""BUILD_PASTURE"": 14, ""CARE"": 308, ""COLLECT_FERTILIZER"": 318, ""DIG"": 25, ""DROP"": 80, ""EAST"": 857, ""FEED"": 319, ""FERTILIZE"": 107, ""HARVEST"": 338, ""NORTH"": 1236, ""PASS"": 377, ""PICKUP"": 339, ""PLACE"": 27, ""PLANT"": 131, ""SOUTH"": 929, ""WATER"": 851, ""WEST"": 1098}","{""BUY_ANIMAL"": 14, ""BUY_LAND"": 2, ""BUY_PRODUCT"": 279, ""BUY_SEED"": 54, ""HIRE"": 306, ""SELL"": 481}","{""BUY_ANIMAL:COW"": 8, ""BUY_ANIMAL:SHEEP"": 6, ""BUY_PRODUCT:WHEAT"": 967, ""BUY_SEED:MELON"": 21, ""BUY_SEED:STRAWBERRY"": 44, ""BUY_SEED:WHEAT"": 66, ""SELL:CARROT"": 13, ""SELL:EGG"": 8, ""SELL:FERTILIZER"": 445, ""SELL:MELON"": 224, ""SELL:MILK"": 682, ""SELL:STRAWBERRY"": 636, ""SELL:TOMATO"": 4, ""SELL:WHEAT"": 1108, ""SELL:WOOL"": 373}",control,baseline,,,,,,,,,,,,,,,,,,,,,,,,
42,1,165295.0,107976.0,57319.0,win,DONE,DONE,1,4.784661900019273,0,0,0,0,719,0,0,0.0251,0.054250000000000034,0.10198400000000006,0.2043,"{""BUILD_PASTURE"": 14, ""CARE"": 308, ""COLLECT_FERTILIZER"": 318, ""DIG"": 25, ""DROP"": 80, ""EAST"": 857, ""FEED"": 319, ""FERTILIZE"": 107, ""HARVEST"": 338, ""NORTH"": 1236, ""PASS"": 377, ""PICKUP"": 339, ""PLACE"": 27, ""PLANT"": 131, ""SOUTH"": 929, ""WATER"": 851, ""WEST"": 1098}","{""BUY_ANIMAL"": 14, ""BUY_LAND"": 2, ""BUY_PRODUCT"": 279, ""BUY_SEED"": 54, ""HIRE"": 306, ""SELL"": 481}","{""BUY_ANIMAL:COW"": 8, ""BUY_ANIMAL:SHEEP"": 6, ""BUY_PRODUCT:WHEAT"": 967, ""BUY_SEED:MELON"": 21, ""BUY_SEED:STRAWBERRY"": 44, ""BUY_SEED:WHEAT"": 66, ""SELL:CARROT"": 13, ""SELL:EGG"": 8, ""SELL:FERTILIZER"": 445, ""SELL:MELON"": 224, ""SELL:MILK"": 682, ""SELL:STRAWBERRY"": 636, ""SELL:TOMATO"": 4, ""SELL:WHEAT"": 1108, ""SELL:WOOL"": 373}",control,baseline,,,,,,,,,,,,,,,,,,,,,,,,
2026,0,149880.0,92219.0,57661.0,win,DONE,DONE,1,5.147849400003906,0,0,0,0,719,0,0,0.0293,0.09991,0.18039600000000014,0.519,"{""BUILD_PASTURE"": 14, ""CARE"": 308, ""COLLECT_FERTILIZER"": 318, ""DIG"": 25, ""DROP"": 80, ""EAST"": 857, ""FEED"": 319, ""FERTILIZE"": 107, ""HARVEST"": 338, ""NORTH"": 1236, ""PASS"": 377, ""PICKUP"": 339, ""PLACE"": 27, ""PLANT"": 131, ""SOUTH"": 929, ""WATER"": 851, ""WEST"": 1098}","{""BUY_ANIMAL"": 14, ""BUY_LAND"": 2, ""BUY_PRODUCT"": 279, ""BUY_SEED"": 54, ""HIRE"": 306, ""SELL"": 481}","{""BUY_ANIMAL:COW"": 8, ""BUY_ANIMAL:SHEEP"": 6, ""BUY_PRODUCT:WHEAT"": 967, ""BUY_SEED:MELON"": 21, ""BUY_SEED:STRAWBERRY"": 44, ""BUY_SEED:WHEAT"": 66, ""SELL:CARROT"": 13, ""SELL:EGG"": 8, ""SELL:FERTILIZER"": 445, ""SELL:MELON"": 224, ""SELL:MILK"": 682, ""SELL:STRAWBERRY"": 636, ""SELL:TOMATO"": 4, ""SELL:WHEAT"": 1108, ""SELL:WOOL"": 373}",control,baseline,,,,,,,,,,,,,,,,,,,,,,,,
2026,1,144292.0,93378.0,50914.0,win,DONE,DONE,1,4.977938899945002,0,0,0,0,719,0,0,0.0256,0.06098000000000002,0.12628800000000018,0.1669,"{""BUILD_PASTURE"": 14, ""CARE"": 308, ""COLLECT_FERTILIZER"": 318, ""DIG"": 25, ""DROP"": 80, ""EAST"": 857, ""FEED"": 319, ""FERTILIZE"": 107, ""HARVEST"": 338, ""NORTH"": 1236, ""PASS"": 377, ""PICKUP"": 339, ""PLACE"": 27, ""PLANT"": 131, ""SOUTH"": 929, ""WATER"": 851, ""WEST"": 1098}","{""BUY_ANIMAL"": 14, ""BUY_LAND"": 2, ""BUY_PRODUCT"": 279, ""BUY_SEED"": 54, ""HIRE"": 306, ""SELL"": 481}","{""BUY_ANIMAL:COW"": 8, ""BUY_ANIMAL:SHEEP"": 6, ""BUY_PRODUCT:WHEAT"": 967, ""BUY_SEED:MELON"": 21, ""BUY_SEED:STRAWBERRY"": 44, ""BUY_SEED:WHEAT"": 66, ""SELL:CARROT"": 13, ""SELL:EGG"": 8, ""SELL:FERTILIZER"": 445, ""SELL:MELON"": 224, ""SELL:MILK"": 682, ""SELL:STRAWBERRY"": 636, ""SELL:TOMATO"": 4, ""SELL:WHEAT"": 1108, ""SELL:WOOL"": 373}",control,baseline,,,,,,,,,,,,,,,,,,,,,,,,
217,0,159799.0,100089.0,59710.0,win,DONE,DONE,1,5.074493799998891,0,0,0,0,719,0,0,0.0294,0.09939000000000003,0.24468200000000123,0.6536,"{""BUILD_PASTURE"": 14, ""CARE"": 308, ""COLLECT_FERTILIZER"": 318, ""DIG"": 25, ""DROP"": 80, ""EAST"": 857, ""FEED"": 319, ""FERTILIZE"": 107, ""HARVEST"": 338, ""NORTH"": 1236, ""PASS"": 377, ""PICKUP"": 339, ""PLACE"": 27, ""PLANT"": 131, ""SOUTH"": 929, ""WATER"": 851, ""WEST"": 1098}","{""BUY_ANIMAL"": 14, ""BUY_LAND"": 2, ""BUY_PRODUCT"": 279, ""BUY_SEED"": 54, ""HIRE"": 306, ""SELL"": 481}","{""BUY_ANIMAL:COW"": 8, ""BUY_ANIMAL:SHEEP"": 6, ""BUY_PRODUCT:WHEAT"": 967, ""BUY_SEED:MELON"": 21, ""BUY_SEED:STRAWBERRY"": 44, ""BUY_SEED:WHEAT"": 66, ""SELL:CARROT"": 13, ""SELL:EGG"": 8, ""SELL:FERTILIZER"": 445, ""SELL:MELON"": 224, ""SELL:MILK"": 682, ""SELL:STRAWBERRY"": 636, ""SELL:TOMATO"": 4, ""SELL:WHEAT"": 1108, ""SELL:WOOL"": 373}",control,baseline,,,,,,,,,,,,,,,,,,,,,,,,
217,1,160062.0,104811.0,55251.0,win,DONE,DONE,1,5.457166199979838,0,0,0,0,719,0,0,0.0282,0.08126,0.13168400000000005,0.2897,"{""BUILD_PASTURE"": 14, ""CARE"": 308, ""COLLECT_FERTILIZER"": 318, ""DIG"": 25, ""DROP"": 80, ""EAST"": 857, ""FEED"": 319, ""FERTILIZE"": 107, ""HARVEST"": 338, ""NORTH"": 1236, ""PASS"": 377, ""PICKUP"": 339, ""PLACE"": 27, ""PLANT"": 131, ""SOUTH"": 929, ""WATER"": 851, ""WEST"": 1098}","{""BUY_ANIMAL"": 14, ""BUY_LAND"": 2, ""BUY_PRODUCT"": 279, ""BUY_SEED"": 54, ""HIRE"": 306, ""SELL"": 481}","{""BUY_ANIMAL:COW"": 8, ""BUY_ANIMAL:SHEEP"": 6, ""BUY_PRODUCT:WHEAT"": 967, ""BUY_SEED:MELON"": 21, ""BUY_SEED:STRAWBERRY"": 44, ""BUY_SEED:WHEAT"": 66, ""SELL:CARROT"": 13, ""SELL:EGG"": 8, ""SELL:FERTILIZER"": 445, ""SELL:MELON"": 224, ""SELL:MILK"": 682, ""SELL:STRAWBERRY"": 636, ""SELL:TOMATO"": 4, ""SELL:WHEAT"": 1108, ""SELL:WOOL"": 373}",control,baseline,,,,,,,,,,,,,,,,,,,,,,,,
317,0,156747.0,108891.0,47856.0,win,DONE,DONE,1,5.342594299989287,0,0,0,0,719,0,0,0.0304,0.10389999999999999,0.2098580000000001,0.6361,"{""BUILD_PASTURE"": 14, ""CARE"": 308, ""COLLECT_FERTILIZER"": 318, ""DIG"": 25, ""DROP"": 80, ""EAST"": 857, ""FEED"": 319, ""FERTILIZE"": 107, ""HARVEST"": 338, ""NORTH"": 1236, ""PASS"": 377, ""PICKUP"": 339, ""PLACE"": 27, ""PLANT"": 131, ""SOUTH"": 929, ""WATER"": 851, ""WEST"": 1098}","{""BUY_ANIMAL"": 14, ""BUY_LAND"": 2, ""BUY_PRODUCT"": 279, ""BUY_SEED"": 54, ""HIRE"": 306, ""SELL"": 481}","{""BUY_ANIMAL:COW"": 8, ""BUY_ANIMAL:SHEEP"": 6, ""BUY_PRODUCT:WHEAT"": 967, ""BUY_SEED:MELON"": 21, ""BUY_SEED:STRAWBERRY"": 44, ""BUY_SEED:WHEAT"": 66, ""SELL:CARROT"": 13, ""SELL:EGG"": 8, ""SELL:FERTILIZER"": 445, ""SELL:MELON"": 224, ""SELL:MILK"": 682, ""SELL:STRAWBERRY"": 636, ""SELL:TOMATO"": 4, ""SELL:WHEAT"": 1108, ""SELL:WOOL"": 373}",control,baseline,,,,,,,,,,,,,,,,,,,,,,,,
317,1,156818.0,108485.0,48333.0,win,DONE,DONE,1,4.514700300002005,0,0,0,0,719,0,0,0.0221,0.04369000000000002,0.09752000000000005,0.1647,"{""BUILD_PASTURE"": 14, ""CARE"": 308, ""COLLECT_FERTILIZER"": 318, ""DIG"": 25, ""DROP"": 80, ""EAST"": 857, ""FEED"": 319, ""FERTILIZE"": 107, ""HARVEST"": 338, ""NORTH"": 1236, ""PASS"": 377, ""PICKUP"": 339, ""PLACE"": 27, ""PLANT"": 131, ""SOUTH"": 929, ""WATER"": 851, ""WEST"": 1098}","{""BUY_ANIMAL"": 14, ""BUY_LAND"": 2, ""BUY_PRODUCT"": 279, ""BUY_SEED"": 54, ""HIRE"": 306, ""SELL"": 481}","{""BUY_ANIMAL:COW"": 8, ""BUY_ANIMAL:SHEEP"": 6, ""BUY_PRODUCT:WHEAT"": 967, ""BUY_SEED:MELON"": 21, ""BUY_SEED:STRAWBERRY"": 44, ""BUY_SEED:WHEAT"": 66, ""SELL:CARROT"": 13, ""SELL:EGG"": 8, ""SELL:FERTILIZER"": 445, ""SELL:MELON"": 224, ""SELL:MILK"": 682, ""SELL:STRAWBERRY"": 636, ""SELL:TOMATO"": 4, ""SELL:WHEAT"": 1108, ""SELL:WOOL"": 373}",control,baseline,,,,,,,,,,,,,,,,,,,,,,,,
733,0,159652.0,105862.0,53790.0,win,DONE,DONE,1,4.483638199977577,0,0,0,0,719,0,0,0.024,0.07752,0.12234800000000007,0.4166,"{""BUILD_PASTURE"": 14, ""CARE"": 308, ""COLLECT_FERTILIZER"": 318, ""DIG"": 25, ""DROP"": 80, ""EAST"": 857, ""FEED"": 319, ""FERTILIZE"": 107, ""HARVEST"": 338, ""NORTH"": 1236, ""PASS"": 377, ""PICKUP"": 339, ""PLACE"": 27, ""PLANT"": 131, ""SOUTH"": 929, ""WATER"": 851, ""WEST"": 1098}","{""BUY_ANIMAL"": 14, ""BUY_LAND"": 2, ""BUY_PRODUCT"": 279, ""BUY_SEED"": 54, ""HIRE"": 306, ""SELL"": 481}","{""BUY_ANIMAL:COW"": 8, ""BUY_ANIMAL:SHEEP"": 6, ""BUY_PRODUCT:WHEAT"": 967, ""BUY_SEED:MELON"": 21, ""BUY_SEED:STRAWBERRY"": 44, ""BUY_SEED:WHEAT"": 66, ""SELL:CARROT"": 13, ""SELL:EGG"": 8, ""SELL:FERTILIZER"": 445, ""SELL:MELON"": 224, ""SELL:MILK"": 682, ""SELL:STRAWBERRY"": 636, ""SELL:TOMATO"": 4, ""SELL:WHEAT"": 1108, ""SELL:WOOL"": 373}",control,baseline,,,,,,,,,,,,,,,,,,,,,,,,
733,1,166725.0,107848.0,58877.0,win,DONE,DONE,1,4.5705079000326805,0,0,0,0,719,0,0,0.0234,0.048480000000000016,0.12195600000000004,0.1721,"{""BUILD_PASTURE"": 14, ""CARE"": 308, ""COLLECT_FERTILIZER"": 318, ""DIG"": 25, ""DROP"": 80, ""EAST"": 857, ""FEED"": 319, ""FERTILIZE"": 107, ""HARVEST"": 338, ""NORTH"": 1236, ""PASS"": 377, ""PICKUP"": 339, ""PLACE"": 27, ""PLANT"": 131, ""SOUTH"": 929, ""WATER"": 851, ""WEST"": 1098}","{""BUY_ANIMAL"": 14, ""BUY_LAND"": 2, ""BUY_PRODUCT"": 279, ""BUY_SEED"": 54, ""HIRE"": 306, ""SELL"": 481}","{""BUY_ANIMAL:COW"": 8, ""BUY_ANIMAL:SHEEP"": 6, ""BUY_PRODUCT:WHEAT"": 967, ""BUY_SEED:MELON"": 21, ""BUY_SEED:STRAWBERRY"": 44, ""BUY_SEED:WHEAT"": 66, ""SELL:CARROT"": 13, ""SELL:EGG"": 8, ""SELL:FERTILIZER"": 445, ""SELL:MELON"": 224, ""SELL:MILK"": 682, ""SELL:STRAWBERRY"": 636, ""SELL:TOMATO"": 4, ""SELL:WHEAT"": 1108, ""SELL:WOOL"": 373}",control,baseline,,,,,,,,,,,,,,,,,,,,,,,,
17,0,143303.0,149739.0,-6436.0,loss,DONE,DONE,1,4.205588099954184,0,0,0,0,719,0,0,0.0273,0.0870600000000001,0.15546400000000027,0.5909,"{""BUILD_PASTURE"": 14, ""CARE"": 308, ""COLLECT_FERTILIZER"": 318, ""DIG"": 25, ""DROP"": 80, ""EAST"": 857, ""FEED"": 319, ""FERTILIZE"": 107, ""HARVEST"": 338, ""NORTH"": 1236, ""PASS"": 377, ""PICKUP"": 339, ""PLACE"": 27, ""PLANT"": 131, ""SOUTH"": 929, ""WATER"": 851, ""WEST"": 1098}","{""BUY_ANIMAL"": 14, ""BUY_LAND"": 2, ""BUY_PRODUCT"": 279, ""BUY_SEED"": 54, ""HIRE"": 306, ""SELL"": 481}","{""BUY_ANIMAL:COW"": 8, ""BUY_ANIMAL:SHEEP"": 6, ""BUY_PRODUCT:WHEAT"": 967, ""BUY_SEED:MELON"": 21, ""BUY_SEED:STRAWBERRY"": 44, ""BUY_SEED:WHEAT"": 66, ""SELL:CARROT"": 13, ""SELL:EGG"": 8, ""SELL:FERTILIZER"": 445, ""SELL:MELON"": 224, ""SELL:MILK"": 682, ""SELL:STRAWBERRY"": 636, ""SELL:TOMATO"": 4, ""SELL:WHEAT"": 1108, ""SELL:WOOL"": 373}",control,v18,,,,,,,,,,,,,,,,,,,,,,,,
17,1,150270.0,142751.0,7519.0,win,DONE,DONE,1,4.094154799997341,0,0,0,0,719,0,0,0.0198,0.06653000000000005,0.12334000000000034,0.7711,"{""BUILD_PASTURE"": 14, ""CARE"": 308, ""COLLECT_FERTILIZER"": 318, ""DIG"": 25, ""DROP"": 80, ""EAST"": 857, ""FEED"": 319, ""FERTILIZE"": 107, ""HARVEST"": 338, ""NORTH"": 1236, ""PASS"": 377, ""PICKUP"": 339, ""PLACE"": 27, ""PLANT"": 131, ""SOUTH"": 929, ""WATER"": 851, ""WEST"": 1098}","{""BUY_ANIMAL"": 14, ""BUY_LAND"": 2, ""BUY_PRODUCT"": 279, ""BUY_SEED"": 54, ""HIRE"": 306, ""SELL"": 481}","{""BUY_ANIMAL:COW"": 8, ""BUY_ANIMAL:SHEEP"": 6, ""BUY_PRODUCT:WHEAT"": 967, ""BUY_SEED:MELON"": 21, ""BUY_SEED:STRAWBERRY"": 44, ""BUY_SEED:WHEAT"": 66, ""SELL:CARROT"": 13, ""SELL:EGG"": 8, ""SELL:FERTILIZER"": 445, ""SELL:MELON"": 224, ""SELL:MILK"": 682, ""SELL:STRAWBERRY"": 636, ""SELL:TOMATO"": 4, ""SELL:WHEAT"": 1108, ""SELL:WOOL"": 373}",control,v18,,,,,,,,,,,,,,,,,,,,,,,,
42,0,131272.0,130982.0,290.0,win,DONE,DONE,1,4.366807899961714,0,0,0,0,719,0,0,0.0248,0.07334000000000004,0.13486600000000032,0.506,"{""BUILD_PASTURE"": 14, ""CARE"": 308, ""COLLECT_FERTILIZER"": 318, ""DIG"": 25, ""DROP"": 80, ""EAST"": 857, ""FEED"": 319, ""FERTILIZE"": 107, ""HARVEST"": 338, ""NORTH"": 1236, ""PASS"": 377, ""PICKUP"": 339, ""PLACE"": 27, ""PLANT"": 131, ""SOUTH"": 929, ""WATER"": 851, ""WEST"": 1098}","{""BUY_ANIMAL"": 14, ""BUY_LAND"": 2, ""BUY_PRODUCT"": 279, ""BUY_SEED"": 54, ""HIRE"": 306, ""SELL"": 481}","{""BUY_ANIMAL:COW"": 8, ""BUY_ANIMAL:SHEEP"": 6, ""BUY_PRODUCT:WHEAT"": 967, ""BUY_SEED:MELON"": 21, ""BUY_SEED:STRAWBERRY"": 44, ""BUY_SEED:WHEAT"": 66, ""SELL:CARROT"": 13, ""SELL:EGG"": 8, ""SELL:FERTILIZER"": 445, ""SELL:MELON"": 224, ""SELL:MILK"": 682, ""SELL:STRAWBERRY"": 636, ""SELL:TOMATO"": 4, ""SELL:WHEAT"": 1108, ""SELL:WOOL"": 373}",control,v18,,,,,,,,,,,,,,,,,,,,,,,,
42,1,131371.0,130883.0,488.0,win,DONE,DONE,1,4.245193299953826,0,0,0,0,719,0,0,0.0198,0.07138000000000003,0.14048400000000005,0.3769,"{""BUILD_PASTURE"": 14, ""CARE"": 308, ""COLLECT_FERTILIZER"": 318, ""DIG"": 25, ""DROP"": 80, ""EAST"": 857, ""FEED"": 319, ""FERTILIZE"": 107, ""HARVEST"": 338, ""NORTH"": 1236, ""PASS"": 377, ""PICKUP"": 339, ""PLACE"": 27, ""PLANT"": 131, ""SOUTH"": 929, ""WATER"": 851, ""WEST"": 1098}","{""BUY_ANIMAL"": 14, ""BUY_LAND"": 2, ""BUY_PRODUCT"": 279, ""BUY_SEED"": 54, ""HIRE"": 306, ""SELL"": 481}","{""BUY_ANIMAL:COW"": 8, ""BUY_ANIMAL:SHEEP"": 6, ""BUY_PRODUCT:WHEAT"": 967, ""BUY_SEED:MELON"": 21, ""BUY_SEED:STRAWBERRY"": 44, ""BUY_SEED:WHEAT"": 66, ""SELL:CARROT"": 13, ""SELL:EGG"": 8, ""SELL:FERTILIZER"": 445, ""SELL:MELON"": 224, ""SELL:MILK"": 682, ""SELL:STRAWBERRY"": 636, ""SELL:TOMATO"": 4, ""SELL:WHEAT"": 1108, ""SELL:WOOL"": 373}",control,v18,,,,,,,,,,,,,,,,,,,,,,,,
2026,0,110294.0,108311.0,1983.0,win,DONE,DONE,1,4.469473999983165,0,0,0,0,719,0,0,0.0288,0.08211,0.1491160000000007,0.5378,"{""BUILD_PASTURE"": 14, ""CARE"": 308, ""COLLECT_FERTILIZER"": 318, ""DIG"": 25, ""DROP"": 80, ""EAST"": 857, ""FEED"": 319, ""FERTILIZE"": 107, ""HARVEST"": 338, ""NORTH"": 1236, ""PASS"": 377, ""PICKUP"": 339, ""PLACE"": 27, ""PLANT"": 131, ""SOUTH"": 929, ""WATER"": 851, ""WEST"": 1098}","{""BUY_ANIMAL"": 14, ""BUY_LAND"": 2, ""BUY_PRODUCT"": 279, ""BUY_SEED"": 54, ""HIRE"": 306, ""SELL"": 450}","{""BUY_ANIMAL:COW"": 8, ""BUY_ANIMAL:SHEEP"": 6, ""BUY_PRODUCT:WHEAT"": 967, ""BUY_SEED:MELON"": 21, ""BUY_SEED:STRAWBERRY"": 44, ""BUY_SEED:WHEAT"": 66, ""SELL:CARROT"": 13, ""SELL:EGG"": 8, ""SELL:FERTILIZER"": 437, ""SELL:MELON"": 224, ""SELL:MILK"": 614, ""SELL:STRAWBERRY"": 567, ""SELL:TOMATO"": 4, ""SELL:WHEAT"": 1108, ""SELL:WOOL"": 354}",control,v18,,,,,,,,,,,,,,,,,,,,,,,,
2026,1,108510.0,110476.0,-1966.0,loss,DONE,DONE,1,4.361881599994376,0,0,0,0,719,0,0,0.0216,0.07682,0.1316240000000009,0.5026,"{""BUILD_PASTURE"": 14, ""CARE"": 308, ""COLLECT_FERTILIZER"": 318, ""DIG"": 25, ""DROP"": 80, ""EAST"": 857, ""FEED"": 319, ""FERTILIZE"": 107, ""HARVEST"": 338, ""NORTH"": 1236, ""PASS"": 377, ""PICKUP"": 339, ""PLACE"": 27, ""PLANT"": 131, ""SOUTH"": 929, ""WATER"": 851, ""WEST"": 1098}","{""BUY_ANIMAL"": 14, ""BUY_LAND"": 2, ""BUY_PRODUCT"": 279, ""BUY_SEED"": 54, ""HIRE"": 306, ""SELL"": 450}","{""BUY_ANIMAL:COW"": 8, ""BUY_ANIMAL:SHEEP"": 6, ""BUY_PRODUCT:WHEAT"": 967, ""BUY_SEED:MELON"": 21, ""BUY_SEED:STRAWBERRY"": 44, ""BUY_SEED:WHEAT"": 66, ""SELL:CARROT"": 13, ""SELL:EGG"": 8, ""SELL:FERTILIZER"": 437, ""SELL:MELON"": 224, ""SELL:MILK"": 614, ""SELL:STRAWBERRY"": 567, ""SELL:TOMATO"": 4, ""SELL:WHEAT"": 1108, ""SELL:WOOL"": 354}",control,v18,,,,,,,,,,,,,,,,,,,,,,,,
217,0,103643.0,102890.0,753.0,win,DONE,DONE,1,4.798954099998809,0,0,0,0,719,0,0,0.0302,0.08520000000000003,0.1430160000000007,0.2471,"{""BUILD_PASTURE"": 14, ""CARE"": 308, ""COLLECT_FERTILIZER"": 318, ""DIG"": 25, ""DROP"": 80, ""EAST"": 857, ""FEED"": 319, ""FERTILIZE"": 107, ""HARVEST"": 338, ""NORTH"": 1236, ""PASS"": 377, ""PICKUP"": 339, ""PLACE"": 27, ""PLANT"": 131, ""SOUTH"": 929, ""WATER"": 851, ""WEST"": 1098}","{""BUY_ANIMAL"": 14, ""BUY_LAND"": 2, ""BUY_PRODUCT"": 279, ""BUY_SEED"": 54, ""HIRE"": 306, ""SELL"": 481}","{""BUY_ANIMAL:COW"": 8, ""BUY_ANIMAL:SHEEP"": 6, ""BUY_PRODUCT:WHEAT"": 967, ""BUY_SEED:MELON"": 21, ""BUY_SEED:STRAWBERRY"": 44, ""BUY_SEED:WHEAT"": 66, ""SELL:CARROT"": 13, ""SELL:EGG"": 8, ""SELL:FERTILIZER"": 445, ""SELL:MELON"": 224, ""SELL:MILK"": 682, ""SELL:STRAWBERRY"": 636, ""SELL:TOMATO"": 4, ""SELL:WHEAT"": 1108, ""SELL:WOOL"": 373}",control,v18,,,,,,,,,,,,,,,,,,,,,,,,
217,1,103410.0,103123.0,287.0,win,DONE,DONE,1,4.637568600010127,0,0,0,0,719,0,0,0.0225,0.07523000000000002,0.12661600000000017,0.3391,"{""BUILD_PASTURE"": 14, ""CARE"": 308, ""COLLECT_FERTILIZER"": 318, ""DIG"": 25, ""DROP"": 80, ""EAST"": 857, ""FEED"": 319, ""FERTILIZE"": 107, ""HARVEST"": 338, ""NORTH"": 1236, ""PASS"": 377, ""PICKUP"": 339, ""PLACE"": 27, ""PLANT"": 131, ""SOUTH"": 929, ""WATER"": 851, ""WEST"": 1098}","{""BUY_ANIMAL"": 14, ""BUY_LAND"": 2, ""BUY_PRODUCT"": 279, ""BUY_SEED"": 54, ""HIRE"": 306, ""SELL"": 481}","{""BUY_ANIMAL:COW"": 8, ""BUY_ANIMAL:SHEEP"": 6, ""BUY_PRODUCT:WHEAT"": 967, ""BUY_SEED:MELON"": 21, ""BUY_SEED:STRAWBERRY"": 44, ""BUY_SEED:WHEAT"": 66, ""SELL:CARROT"": 13, ""SELL:EGG"": 8, ""SELL:FERTILIZER"": 445, ""SELL:MELON"": 224, ""SELL:MILK"": 682, ""SELL:STRAWBERRY"": 636, ""SELL:TOMATO"": 4, ""SELL:WHEAT"": 1108, ""SELL:WOOL"": 373}",control,v18,,,,,,,,,,,,,,,,,,,,,,,,
317,0,132897.0,132208.0,689.0,win,DONE,DONE,1,4.474294800020289,0,0,0,0,719,0,0,0.0264,0.08126000000000005,0.1177080000000002,0.2041,"{""BUILD_PASTURE"": 14, ""CARE"": 308, ""COLLECT_FERTILIZER"": 318, ""DIG"": 25, ""DROP"": 80, ""EAST"": 857, ""FEED"": 319, ""FERTILIZE"": 107, ""HARVEST"": 338, ""NORTH"": 1236, ""PASS"": 377, ""PICKUP"": 339, ""PLACE"": 27, ""PLANT"": 131, ""SOUTH"": 929, ""WATER"": 851, ""WEST"": 1098}","{""BUY_ANIMAL"": 14, ""BUY_LAND"": 2, ""BUY_PRODUCT"": 279, ""BUY_SEED"": 54, ""HIRE"": 306, ""SELL"": 450}","{""BUY_ANIMAL:COW"": 8, ""BUY_ANIMAL:SHEEP"": 6, ""BUY_PRODUCT:WHEAT"": 967, ""BUY_SEED:MELON"": 21, ""BUY_SEED:STRAWBERRY"": 44, ""BUY_SEED:WHEAT"": 66, ""SELL:CARROT"": 13, ""SELL:EGG"": 8, ""SELL:FERTILIZER"": 437, ""SELL:MELON"": 224, ""SELL:MILK"": 614, ""SELL:STRAWBERRY"": 567, ""SELL:TOMATO"": 4, ""SELL:WHEAT"": 1108, ""SELL:WOOL"": 354}",control,v18,,,,,,,,,,,,,,,,,,,,,,,,
317,1,133038.0,132067.0,971.0,win,DONE,DONE,1,4.434568700031377,0,0,0,0,719,0,0,0.0188,0.06198000000000004,0.12402800000000003,0.3266,"{""BUILD_PASTURE"": 14, ""CARE"": 308, ""COLLECT_FERTILIZER"": 318, ""DIG"": 25, ""DROP"": 80, ""EAST"": 857, ""FEED"": 319, ""FERTILIZE"": 107, ""HARVEST"": 338, ""NORTH"": 1236, ""PASS"": 377, ""PICKUP"": 339, ""PLACE"": 27, ""PLANT"": 131, ""SOUTH"": 929, ""WATER"": 851, ""WEST"": 1098}","{""BUY_ANIMAL"": 14, ""BUY_LAND"": 2, ""BUY_PRODUCT"": 279, ""BUY_SEED"": 54, ""HIRE"": 306, ""SELL"": 450}","{""BUY_ANIMAL:COW"": 8, ""BUY_ANIMAL:SHEEP"": 6, ""BUY_PRODUCT:WHEAT"": 967, ""BUY_SEED:MELON"": 21, ""BUY_SEED:STRAWBERRY"": 44, ""BUY_SEED:WHEAT"": 66, ""SELL:CARROT"": 13, ""SELL:EGG"": 8, ""SELL:FERTILIZER"": 437, ""SELL:MELON"": 224, ""SELL:MILK"": 614, ""SELL:STRAWBERRY"": 567, ""SELL:TOMATO"": 4, ""SELL:WHEAT"": 1108, ""SELL:WOOL"": 354}",control,v18,,,,,,,,,,,,,,,,,,,,,,,,
733,0,126688.0,126504.0,184.0,win,DONE,DONE,1,4.299342299986165,0,0,0,0,719,0,0,0.0248,0.07012,0.114982,0.3363,"{""BUILD_PASTURE"": 14, ""CARE"": 308, ""COLLECT_FERTILIZER"": 318, ""DIG"": 25, ""DROP"": 80, ""EAST"": 857, ""FEED"": 319, ""FERTILIZE"": 107, ""HARVEST"": 338, ""NORTH"": 1236, ""PASS"": 377, ""PICKUP"": 339, ""PLACE"": 27, ""PLANT"": 131, ""SOUTH"": 929, ""WATER"": 851, ""WEST"": 1098}","{""BUY_ANIMAL"": 14, ""BUY_LAND"": 2, ""BUY_PRODUCT"": 279, ""BUY_SEED"": 54, ""HIRE"": 306, ""SELL"": 450}","{""BUY_ANIMAL:COW"": 8, ""BUY_ANIMAL:SHEEP"": 6, ""BUY_PRODUCT:WHEAT"": 967, ""BUY_SEED:MELON"": 21, ""BUY_SEED:STRAWBERRY"": 44, ""BUY_SEED:WHEAT"": 66, ""SELL:CARROT"": 13, ""SELL:EGG"": 8, ""SELL:FERTILIZER"": 437, ""SELL:MELON"": 224, ""SELL:MILK"": 614, ""SELL:STRAWBERRY"": 567, ""SELL:TOMATO"": 4, ""SELL:WHEAT"": 1108, ""SELL:WOOL"": 354}",control,v18,,,,,,,,,,,,,,,,,,,,,,,,
733,1,126639.0,126552.0,87.0,win,DONE,DONE,1,4.141915699990932,0,0,0,0,719,0,0,0.0205,0.06077000000000001,0.09817400000000003,0.2922,"{""BUILD_PASTURE"": 14, ""CARE"": 308, ""COLLECT_FERTILIZER"": 318, ""DIG"": 25, ""DROP"": 80, ""EAST"": 857, ""FEED"": 319, ""FERTILIZE"": 107, ""HARVEST"": 338, ""NORTH"": 1236, ""PASS"": 377, ""PICKUP"": 339, ""PLACE"": 27, ""PLANT"": 131, ""SOUTH"": 929, ""WATER"": 851, ""WEST"": 1098}","{""BUY_ANIMAL"": 14, ""BUY_LAND"": 2, ""BUY_PRODUCT"": 279, ""BUY_SEED"": 54, ""HIRE"": 306, ""SELL"": 450}","{""BUY_ANIMAL:COW"": 8, ""BUY_ANIMAL:SHEEP"": 6, ""BUY_PRODUCT:WHEAT"": 967, ""BUY_SEED:MELON"": 21, ""BUY_SEED:STRAWBERRY"": 44, ""BUY_SEED:WHEAT"": 66, ""SELL:CARROT"": 13, ""SELL:EGG"": 8, ""SELL:FERTILIZER"": 437, ""SELL:MELON"": 224, ""SELL:MILK"": 614, ""SELL:STRAWBERRY"": 567, ""SELL:TOMATO"": 4, ""SELL:WHEAT"": 1108, ""SELL:WOOL"": 354}",control,v18,,,,,,,,,,,,,,,,,,,,,,,,
17,0,122213.0,110272.0,11941.0,win,DONE,DONE,1,4.656741399958264,0,0,0,0,719,0,20,0.0294,0.09873000000000005,0.16947200000000023,0.728,"{""BUILD_PASTURE"": 14, ""CARE"": 308, ""COLLECT_FERTILIZER"": 318, ""DIG"": 25, ""DROP"": 80, ""EAST"": 857, ""FEED"": 319, ""FERTILIZE"": 107, ""HARVEST"": 338, ""NORTH"": 1236, ""PASS"": 377, ""PICKUP"": 339, ""PLACE"": 27, ""PLANT"": 131, ""SOUTH"": 929, ""WATER"": 851, ""WEST"": 1098}","{""BUY_ANIMAL"": 14, ""BUY_LAND"": 2, ""BUY_PRODUCT"": 279, ""BUY_SEED"": 54, ""HIRE"": 306, ""SELL"": 481}","{""BUY_ANIMAL:COW"": 8, ""BUY_ANIMAL:SHEEP"": 6, ""BUY_PRODUCT:WHEAT"": 967, ""BUY_SEED:MELON"": 21, ""BUY_SEED:STRAWBERRY"": 44, ""BUY_SEED:WHEAT"": 66, ""SELL:CARROT"": 13, ""SELL:EGG"": 8, ""SELL:FERTILIZER"": 445, ""SELL:MELON"": 224, ""SELL:MILK"": 682, ""SELL:STRAWBERRY"": 636, ""SELL:TOMATO"": 4, ""SELL:WHEAT"": 1108, ""SELL:WOOL"": 373}",control,hamburger,,,,,,,,,,,,,,,,,,,,,,,,
17,1,101598.0,81744.0,19854.0,win,DONE,DONE,1,3.994410399987828,0,0,0,0,719,0,0,0.0226,0.06457000000000004,0.10370800000000022,0.1452,"{""BUILD_PASTURE"": 14, ""CARE"": 308, ""COLLECT_FERTILIZER"": 318, ""DIG"": 25, ""DROP"": 80, ""EAST"": 857, ""FEED"": 319, ""FERTILIZE"": 107, ""HARVEST"": 338, ""NORTH"": 1236, ""PASS"": 377, ""PICKUP"": 339, ""PLACE"": 27, ""PLANT"": 131, ""SOUTH"": 929, ""WATER"": 851, ""WEST"": 1098}","{""BUY_ANIMAL"": 14, ""BUY_LAND"": 2, ""BUY_PRODUCT"": 279, ""BUY_SEED"": 54, ""HIRE"": 306, ""SELL"": 450}","{""BUY_ANIMAL:COW"": 8, ""BUY_ANIMAL:SHEEP"": 6, ""BUY_PRODUCT:WHEAT"": 967, ""BUY_SEED:MELON"": 21, ""BUY_SEED:STRAWBERRY"": 44, ""BUY_SEED:WHEAT"": 66, ""SELL:CARROT"": 13, ""SELL:EGG"": 8, ""SELL:FERTILIZER"": 437, ""SELL:MELON"": 224, ""SELL:MILK"": 614, ""SELL:STRAWBERRY"": 567, ""SELL:TOMATO"": 4, ""SELL:WHEAT"": 1108, ""SELL:WOOL"": 354}",control,hamburger,,,,,,,,,,,,,,,,,,,,,,,,
42,0,131740.0,115542.0,16198.0,win,DONE,DONE,1,3.8495674000005238,0,0,0,0,719,0,0,0.0255,0.08211000000000004,0.28542400000000767,0.4427,"{""BUILD_PASTURE"": 14, ""CARE"": 308, ""COLLECT_FERTILIZER"": 318, ""DIG"": 25, ""DROP"": 80, ""EAST"": 857, ""FEED"": 319, ""FERTILIZE"": 107, ""HARVEST"": 338, ""NORTH"": 1236, ""PASS"": 377, ""PICKUP"": 339, ""PLACE"": 27, ""PLANT"": 131, ""SOUTH"": 929, ""WATER"": 851, ""WEST"": 1098}","{""BUY_ANIMAL"": 14, ""BUY_LAND"": 2, ""BUY_PRODUCT"": 279, ""BUY_SEED"": 54, ""HIRE"": 306, ""SELL"": 481}","{""BUY_ANIMAL:COW"": 8, ""BUY_ANIMAL:SHEEP"": 6, ""BUY_PRODUCT:WHEAT"": 967, ""BUY_SEED:MELON"": 21, ""BUY_SEED:STRAWBERRY"": 44, ""BUY_SEED:WHEAT"": 66, ""SELL:CARROT"": 13, ""SELL:EGG"": 8, ""SELL:FERTILIZER"": 445, ""SELL:MELON"": 224, ""SELL:MILK"": 682, ""SELL:STRAWBERRY"": 636, ""SELL:TOMATO"": 4, ""SELL:WHEAT"": 1108, ""SELL:WOOL"": 373}",control,hamburger,,,,,,,,,,,,,,,,,,,,,,,,
42,1,132744.0,114484.0,18260.0,win,DONE,DONE,1,4.004629599978216,0,0,0,0,719,0,0,0.0222,0.06923000000000006,0.10757400000000003,0.3506,"{""BUILD_PASTURE"": 14, ""CARE"": 308, ""COLLECT_FERTILIZER"": 318, ""DIG"": 25, ""DROP"": 80, ""EAST"": 857, ""FEED"": 319, ""FERTILIZE"": 107, ""HARVEST"": 338, ""NORTH"": 1236, ""PASS"": 377, ""PICKUP"": 339, ""PLACE"": 27, ""PLANT"": 131, ""SOUTH"": 929, ""WATER"": 851, ""WEST"": 1098}","{""BUY_ANIMAL"": 14, ""BUY_LAND"": 2, ""BUY_PRODUCT"": 279, ""BUY_SEED"": 54, ""HIRE"": 306, ""SELL"": 481}","{""BUY_ANIMAL:COW"": 8, ""BUY_ANIMAL:SHEEP"": 6, ""BUY_PRODUCT:WHEAT"": 967, ""BUY_SEED:MELON"": 21, ""BUY_SEED:STRAWBERRY"": 44, ""BUY_SEED:WHEAT"": 66, ""SELL:CARROT"": 13, ""SELL:EGG"": 8, ""SELL:FERTILIZER"": 445, ""SELL:MELON"": 224, ""SELL:MILK"": 682, ""SELL:STRAWBERRY"": 636, ""SELL:TOMATO"": 4, ""SELL:WHEAT"": 1108, ""SELL:WOOL"": 373}",control,hamburger,,,,,,,,,,,,,,,,,,,,,,,,
2026,0,156084.0,138931.0,17153.0,win,DONE,DONE,1,4.157699100032914,0,0,0,0,719,0,0,0.0256,0.0806100000000001,0.1721600000000014,0.4662,"{""BUILD_PASTURE"": 14, ""CARE"": 308, ""COLLECT_FERTILIZER"": 318, ""DIG"": 25, ""DROP"": 80, ""EAST"": 857, ""FEED"": 319, ""FERTILIZE"": 107, ""HARVEST"": 338, ""NORTH"": 1236, ""PASS"": 377, ""PICKUP"": 339, ""PLACE"": 27, ""PLANT"": 131, ""SOUTH"": 929, ""WATER"": 851, ""WEST"": 1098}","{""BUY_ANIMAL"": 14, ""BUY_LAND"": 2, ""BUY_PRODUCT"": 279, ""BUY_SEED"": 54, ""HIRE"": 306, ""SELL"": 481}","{""BUY_ANIMAL:COW"": 8, ""BUY_ANIMAL:SHEEP"": 6, ""BUY_PRODUCT:WHEAT"": 967, ""BUY_SEED:MELON"": 21, ""BUY_SEED:STRAWBERRY"": 44, ""BUY_SEED:WHEAT"": 66, ""SELL:CARROT"": 13, ""SELL:EGG"": 8, ""SELL:FERTILIZER"": 445, ""SELL:MELON"": 224, ""SELL:MILK"": 682, ""SELL:STRAWBERRY"": 636, ""SELL:TOMATO"": 4, ""SELL:WHEAT"": 1108, ""SELL:WOOL"": 373}",control,hamburger,,,,,,,,,,,,,,,,,,,,,,,,
2026,1,154895.0,136486.0,18409.0,win,DONE,DONE,1,4.155552699987311,0,0,0,0,719,0,0,0.0254,0.07477000000000002,0.18356200000000145,221.7696,"{""BUILD_PASTURE"": 14, ""CARE"": 308, ""COLLECT_FERTILIZER"": 318, ""DIG"": 25, ""DROP"": 80, ""EAST"": 857, ""FEED"": 319, ""FERTILIZE"": 107, ""HARVEST"": 338, ""NORTH"": 1236, ""PASS"": 377, ""PICKUP"": 339, ""PLACE"": 27, ""PLANT"": 131, ""SOUTH"": 929, ""WATER"": 851, ""WEST"": 1098}","{""BUY_ANIMAL"": 14, ""BUY_LAND"": 2, ""BUY_PRODUCT"": 279, ""BUY_SEED"": 54, ""HIRE"": 306, ""SELL"": 471}","{""BUY_ANIMAL:COW"": 8, ""BUY_ANIMAL:SHEEP"": 6, ""BUY_PRODUCT:WHEAT"": 967, ""BUY_SEED:MELON"": 21, ""BUY_SEED:STRAWBERRY"": 44, ""BUY_SEED:WHEAT"": 66, ""SELL:CARROT"": 13, ""SELL:EGG"": 8, ""SELL:FERTILIZER"": 445, ""SELL:MELON"": 224, ""SELL:MILK"": 662, ""SELL:STRAWBERRY"": 620, ""SELL:TOMATO"": 4, ""SELL:WHEAT"": 1108, ""SELL:WOOL"": 367}",control,hamburger,,,,,,,,,,,,,,,,,,,,,,,,
217,0,128398.0,110452.0,17946.0,win,DONE,DONE,1,4.3484127999981865,0,0,0,0,719,0,0,0.0292,0.09071000000000001,0.18231400000000014,278.6309,"{""BUILD_PASTURE"": 14, ""CARE"": 308, ""COLLECT_FERTILIZER"": 318, ""DIG"": 25, ""DROP"": 80, ""EAST"": 857, ""FEED"": 319, ""FERTILIZE"": 107, ""HARVEST"": 338, ""NORTH"": 1236, ""PASS"": 377, ""PICKUP"": 339, ""PLACE"": 27, ""PLANT"": 131, ""SOUTH"": 929, ""WATER"": 851, ""WEST"": 1098}","{""BUY_ANIMAL"": 14, ""BUY_LAND"": 2, ""BUY_PRODUCT"": 279, ""BUY_SEED"": 54, ""HIRE"": 306, ""SELL"": 450}","{""BUY_ANIMAL:COW"": 8, ""BUY_ANIMAL:SHEEP"": 6, ""BUY_PRODUCT:WHEAT"": 967, ""BUY_SEED:MELON"": 21, ""BUY_SEED:STRAWBERRY"": 44, ""BUY_SEED:WHEAT"": 66, ""SELL:CARROT"": 13, ""SELL:EGG"": 8, ""SELL:FERTILIZER"": 437, ""SELL:MELON"": 224, ""SELL:MILK"": 614, ""SELL:STRAWBERRY"": 567, ""SELL:TOMATO"": 4, ""SELL:WHEAT"": 1108, ""SELL:WOOL"": 354}",control,hamburger,,,,,,,,,,,,,,,,,,,,,,,,
217,1,128640.0,109787.0,18853.0,win,DONE,DONE,1,4.253734900034033,0,0,0,0,719,0,0,0.0259,0.07772000000000001,0.10965800000000009,0.4374,"{""BUILD_PASTURE"": 14, ""CARE"": 308, ""COLLECT_FERTILIZER"": 318, ""DIG"": 25, ""DROP"": 80, ""EAST"": 857, ""FEED"": 319, ""FERTILIZE"": 107, ""HARVEST"": 338, ""NORTH"": 1236, ""PASS"": 377, ""PICKUP"": 339, ""PLACE"": 27, ""PLANT"": 131, ""SOUTH"": 929, ""WATER"": 851, ""WEST"": 1098}","{""BUY_ANIMAL"": 14, ""BUY_LAND"": 2, ""BUY_PRODUCT"": 279, ""BUY_SEED"": 54, ""HIRE"": 306, ""SELL"": 450}","{""BUY_ANIMAL:COW"": 8, ""BUY_ANIMAL:SHEEP"": 6, ""BUY_PRODUCT:WHEAT"": 967, ""BUY_SEED:MELON"": 21, ""BUY_SEED:STRAWBERRY"": 44, ""BUY_SEED:WHEAT"": 66, ""SELL:CARROT"": 13, ""SELL:EGG"": 8, ""SELL:FERTILIZER"": 437, ""SELL:MELON"": 224, ""SELL:MILK"": 614, ""SELL:STRAWBERRY"": 567, ""SELL:TOMATO"": 4, ""SELL:WHEAT"": 1108, ""SELL:WOOL"": 354}",control,hamburger,,,,,,,,,,,,,,,,,,,,,,,,
317,0,166366.0,149248.0,17118.0,win,DONE,DONE,1,3.7797001999570057,0,0,0,0,719,0,0,0.0248,0.07526000000000004,0.1387340000000002,0.3947,"{""BUILD_PASTURE"": 14, ""CARE"": 308, ""COLLECT_FERTILIZER"": 318, ""DIG"": 25, ""DROP"": 80, ""EAST"": 857, ""FEED"": 319, ""FERTILIZE"": 107, ""HARVEST"": 338, ""NORTH"": 1236, ""PASS"": 377, ""PICKUP"": 339, ""PLACE"": 27, ""PLANT"": 131, ""SOUTH"": 929, ""WATER"": 851, ""WEST"": 1098}","{""BUY_ANIMAL"": 14, ""BUY_LAND"": 2, ""BUY_PRODUCT"": 279, ""BUY_SEED"": 54, ""HIRE"": 306, ""SELL"": 481}","{""BUY_ANIMAL:COW"": 8, ""BUY_ANIMAL:SHEEP"": 6, ""BUY_PRODUCT:WHEAT"": 967, ""BUY_SEED:MELON"": 21, ""BUY_SEED:STRAWBERRY"": 44, ""BUY_SEED:WHEAT"": 66, ""SELL:CARROT"": 13, ""SELL:EGG"": 8, ""SELL:FERTILIZER"": 445, ""SELL:MELON"": 224, ""SELL:MILK"": 682, ""SELL:STRAWBERRY"": 636, ""SELL:TOMATO"": 4, ""SELL:WHEAT"": 1108, ""SELL:WOOL"": 373}",control,hamburger,,,,,,,,,,,,,,,,,,,,,,,,
317,1,166518.0,149250.0,17268.0,win,DONE,DONE,1,4.559820700029377,0,0,0,0,719,0,0,0.0273,0.08253,0.12917800000000015,0.516,"{""BUILD_PASTURE"": 14, ""CARE"": 308, ""COLLECT_FERTILIZER"": 318, ""DIG"": 25, ""DROP"": 80, ""EAST"": 857, ""FEED"": 319, ""FERTILIZE"": 107, ""HARVEST"": 338, ""NORTH"": 1236, ""PASS"": 377, ""PICKUP"": 339, ""PLACE"": 27, ""PLANT"": 131, ""SOUTH"": 929, ""WATER"": 851, ""WEST"": 1098}","{""BUY_ANIMAL"": 14, ""BUY_LAND"": 2, ""BUY_PRODUCT"": 279, ""BUY_SEED"": 54, ""HIRE"": 306, ""SELL"": 481}","{""BUY_ANIMAL:COW"": 8, ""BUY_ANIMAL:SHEEP"": 6, ""BUY_PRODUCT:WHEAT"": 967, ""BUY_SEED:MELON"": 21, ""BUY_SEED:STRAWBERRY"": 44, ""BUY_SEED:WHEAT"": 66, ""SELL:CARROT"": 13, ""SELL:EGG"": 8, ""SELL:FERTILIZER"": 445, ""SELL:MELON"": 224, ""SELL:MILK"": 682, ""SELL:STRAWBERRY"": 636, ""SELL:TOMATO"": 4, ""SELL:WHEAT"": 1108, ""SELL:WOOL"": 373}",control,hamburger,,,,,,,,,,,,,,,,,,,,,,,,
733,0,154937.0,137827.0,17110.0,win,DONE,DONE,1,4.485689799999818,0,0,0,0,719,0,0,0.0292,0.09450000000000003,0.21703600000000148,0.7457,"{""BUILD_PASTURE"": 14, ""CARE"": 308, ""COLLECT_FERTILIZER"": 318, ""DIG"": 25, ""DROP"": 80, ""EAST"": 857, ""FEED"": 319, ""FERTILIZE"": 107, ""HARVEST"": 338, ""NORTH"": 1236, ""PASS"": 377, ""PICKUP"": 339, ""PLACE"": 27, ""PLANT"": 131, ""SOUTH"": 929, ""WATER"": 851, ""WEST"": 1098}","{""BUY_ANIMAL"": 14, ""BUY_LAND"": 2, ""BUY_PRODUCT"": 279, ""BUY_SEED"": 54, ""HIRE"": 306, ""SELL"": 481}","{""BUY_ANIMAL:COW"": 8, ""BUY_ANIMAL:SHEEP"": 6, ""BUY_PRODUCT:WHEAT"": 967, ""BUY_SEED:MELON"": 21, ""BUY_SEED:STRAWBERRY"": 44, ""BUY_SEED:WHEAT"": 66, ""SELL:CARROT"": 13, ""SELL:EGG"": 8, ""SELL:FERTILIZER"": 445, ""SELL:MELON"": 224, ""SELL:MILK"": 682, ""SELL:STRAWBERRY"": 636, ""SELL:TOMATO"": 4, ""SELL:WHEAT"": 1108, ""SELL:WOOL"": 373}",control,hamburger,,,,,,,,,,,,,,,,,,,,,,,,
733,1,155147.0,137827.0,17320.0,win,DONE,DONE,1,4.342025899968576,0,0,0,0,719,0,0,0.0243,0.07693,0.1291380000000008,0.6032,"{""BUILD_PASTURE"": 14, ""CARE"": 308, ""COLLECT_FERTILIZER"": 318, ""DIG"": 25, ""DROP"": 80, ""EAST"": 857, ""FEED"": 319, ""FERTILIZE"": 107, ""HARVEST"": 338, ""NORTH"": 1236, ""PASS"": 377, ""PICKUP"": 339, ""PLACE"": 27, ""PLANT"": 131, ""SOUTH"": 929, ""WATER"": 851, ""WEST"": 1098}","{""BUY_ANIMAL"": 14, ""BUY_LAND"": 2, ""BUY_PRODUCT"": 279, ""BUY_SEED"": 54, ""HIRE"": 306, ""SELL"": 481}","{""BUY_ANIMAL:COW"": 8, ""BUY_ANIMAL:SHEEP"": 6, ""BUY_PRODUCT:WHEAT"": 967, ""BUY_SEED:MELON"": 21, ""BUY_SEED:STRAWBERRY"": 44, ""BUY_SEED:WHEAT"": 66, ""SELL:CARROT"": 13, ""SELL:EGG"": 8, ""SELL:FERTILIZER"": 445, ""SELL:MELON"": 224, ""SELL:MILK"": 682, ""SELL:STRAWBERRY"": 636, ""SELL:TOMATO"": 4, ""SELL:WHEAT"": 1108, ""SELL:WOOL"": 373}",control,hamburger,,,,,,,,,,,,,,,,,,,,,,,,
17,0,139039.0,140583.0,-1544.0,loss,DONE,DONE,1,4.321849700005259,0,0,0,0,719,0,0,0.0261,0.08249000000000002,0.11852200000000011,0.4119,"{""BUILD_PASTURE"": 14, ""CARE"": 308, ""COLLECT_FERTILIZER"": 318, ""DIG"": 25, ""DROP"": 80, ""EAST"": 857, ""FEED"": 319, ""FERTILIZE"": 107, ""HARVEST"": 338, ""NORTH"": 1236, ""PASS"": 377, ""PICKUP"": 339, ""PLACE"": 27, ""PLANT"": 131, ""SOUTH"": 929, ""WATER"": 851, ""WEST"": 1098}","{""BUY_ANIMAL"": 14, ""BUY_LAND"": 2, ""BUY_PRODUCT"": 279, ""BUY_SEED"": 54, ""HIRE"": 306, ""SELL"": 481}","{""BUY_ANIMAL:COW"": 8, ""BUY_ANIMAL:SHEEP"": 6, ""BUY_PRODUCT:WHEAT"": 967, ""BUY_SEED:MELON"": 21, ""BUY_SEED:STRAWBERRY"": 44, ""BUY_SEED:WHEAT"": 66, ""SELL:CARROT"": 13, ""SELL:EGG"": 8, ""SELL:FERTILIZER"": 445, ""SELL:MELON"": 224, ""SELL:MILK"": 682, ""SELL:STRAWBERRY"": 636, ""SELL:TOMATO"": 4, ""SELL:WHEAT"": 1108, ""SELL:WOOL"": 373}",control,frontier,,,,,,,,,,,,,,,,,,,,,,,,
17,1,148369.0,132796.0,15573.0,win,DONE,DONE,1,4.315874800027814,0,0,0,0,719,0,0,0.0237,0.07617000000000002,0.12295600000000054,0.4106,"{""BUILD_PASTURE"": 14, ""CARE"": 308, ""COLLECT_FERTILIZER"": 318, ""DIG"": 25, ""DROP"": 80, ""EAST"": 857, ""FEED"": 319, ""FERTILIZE"": 107, ""HARVEST"": 338, ""NORTH"": 1236, ""PASS"": 377, ""PICKUP"": 339, ""PLACE"": 27, ""PLANT"": 131, ""SOUTH"": 929, ""WATER"": 851, ""WEST"": 1098}","{""BUY_ANIMAL"": 14, ""BUY_LAND"": 2, ""BUY_PRODUCT"": 279, ""BUY_SEED"": 54, ""HIRE"": 306, ""SELL"": 481}","{""BUY_ANIMAL:COW"": 8, ""BUY_ANIMAL:SHEEP"": 6, ""BUY_PRODUCT:WHEAT"": 967, ""BUY_SEED:MELON"": 21, ""BUY_SEED:STRAWBERRY"": 44, ""BUY_SEED:WHEAT"": 66, ""SELL:CARROT"": 13, ""SELL:EGG"": 8, ""SELL:FERTILIZER"": 445, ""SELL:MELON"": 224, ""SELL:MILK"": 682, ""SELL:STRAWBERRY"": 636, ""SELL:TOMATO"": 4, ""SELL:WHEAT"": 1108, ""SELL:WOOL"": 373}",control,frontier,,,,,,,,,,,,,,,,,,,,,,,,
42,0,126087.0,122652.0,3435.0,win,DONE,DONE,1,4.346737699990626,0,0,0,0,719,0,0,0.0256,0.07536000000000004,0.14983000000000007,0.3253,"{""BUILD_PASTURE"": 14, ""CARE"": 308, ""COLLECT_FERTILIZER"": 318, ""DIG"": 25, ""DROP"": 80, ""EAST"": 857, ""FEED"": 319, ""FERTILIZE"": 107, ""HARVEST"": 338, ""NORTH"": 1236, ""PASS"": 377, ""PICKUP"": 339, ""PLACE"": 27, ""PLANT"": 131, ""SOUTH"": 929, ""WATER"": 851, ""WEST"": 1098}","{""BUY_ANIMAL"": 14, ""BUY_LAND"": 2, ""BUY_PRODUCT"": 279, ""BUY_SEED"": 54, ""HIRE"": 306, ""SELL"": 481}","{""BUY_ANIMAL:COW"": 8, ""BUY_ANIMAL:SHEEP"": 6, ""BUY_PRODUCT:WHEAT"": 967, ""BUY_SEED:MELON"": 21, ""BUY_SEED:STRAWBERRY"": 44, ""BUY_SEED:WHEAT"": 66, ""SELL:CARROT"": 13, ""SELL:EGG"": 8, ""SELL:FERTILIZER"": 445, ""SELL:MELON"": 224, ""SELL:MILK"": 682, ""SELL:STRAWBERRY"": 636, ""SELL:TOMATO"": 4, ""SELL:WHEAT"": 1108, ""SELL:WOOL"": 373}",control,frontier,,,,,,,,,,,,,,,,,,,,,,,,
42,1,126201.0,122578.0,3623.0,win,DONE,DONE,1,4.515139400027692,0,0,0,0,719,0,0,0.0258,0.0712300000000001,0.10569200000000004,0.3431,"{""BUILD_PASTURE"": 14, ""CARE"": 308, ""COLLECT_FERTILIZER"": 318, ""DIG"": 25, ""DROP"": 80, ""EAST"": 857, ""FEED"": 319, ""FERTILIZE"": 107, ""HARVEST"": 338, ""NORTH"": 1236, ""PASS"": 377, ""PICKUP"": 339, ""PLACE"": 27, ""PLANT"": 131, ""SOUTH"": 929, ""WATER"": 851, ""WEST"": 1098}","{""BUY_ANIMAL"": 14, ""BUY_LAND"": 2, ""BUY_PRODUCT"": 279, ""BUY_SEED"": 54, ""HIRE"": 306, ""SELL"": 481}","{""BUY_ANIMAL:COW"": 8, ""BUY_ANIMAL:SHEEP"": 6, ""BUY_PRODUCT:WHEAT"": 967, ""BUY_SEED:MELON"": 21, ""BUY_SEED:STRAWBERRY"": 44, ""BUY_SEED:WHEAT"": 66, ""SELL:CARROT"": 13, ""SELL:EGG"": 8, ""SELL:FERTILIZER"": 445, ""SELL:MELON"": 224, ""SELL:MILK"": 682, ""SELL:STRAWBERRY"": 636, ""SELL:TOMATO"": 4, ""SELL:WHEAT"": 1108, ""SELL:WOOL"": 373}",control,frontier,,,,,,,,,,,,,,,,,,,,,,,,
2026,0,104279.0,94803.0,9476.0,win,DONE,DONE,1,4.4113346000085585,0,0,0,0,719,0,0,0.0253,0.07986000000000008,0.13374600000000003,0.5941,"{""BUILD_PASTURE"": 14, ""CARE"": 308, ""COLLECT_FERTILIZER"": 318, ""DIG"": 25, ""DROP"": 80, ""EAST"": 857, ""FEED"": 319, ""FERTILIZE"": 107, ""HARVEST"": 338, ""NORTH"": 1236, ""PASS"": 377, ""PICKUP"": 339, ""PLACE"": 27, ""PLANT"": 131, ""SOUTH"": 929, ""WATER"": 851, ""WEST"": 1098}","{""BUY_ANIMAL"": 14, ""BUY_LAND"": 2, ""BUY_PRODUCT"": 279, ""BUY_SEED"": 54, ""HIRE"": 306, ""SELL"": 450}","{""BUY_ANIMAL:COW"": 8, ""BUY_ANIMAL:SHEEP"": 6, ""BUY_PRODUCT:WHEAT"": 967, ""BUY_SEED:MELON"": 21, ""BUY_SEED:STRAWBERRY"": 44, ""BUY_SEED:WHEAT"": 66, ""SELL:CARROT"": 13, ""SELL:EGG"": 8, ""SELL:FERTILIZER"": 437, ""SELL:MELON"": 224, ""SELL:MILK"": 614, ""SELL:STRAWBERRY"": 567, ""SELL:TOMATO"": 4, ""SELL:WHEAT"": 1108, ""SELL:WOOL"": 354}",control,frontier,,,,,,,,,,,,,,,,,,,,,,,,
2026,1,102261.0,96843.0,5418.0,win,DONE,DONE,1,4.125430200016126,0,0,0,0,719,0,0,0.0234,0.06566000000000004,0.1025940000000001,0.3868,"{""BUILD_PASTURE"": 14, ""CARE"": 308, ""COLLECT_FERTILIZER"": 318, ""DIG"": 25, ""DROP"": 80, ""EAST"": 857, ""FEED"": 319, ""FERTILIZE"": 107, ""HARVEST"": 338, ""NORTH"": 1236, ""PASS"": 377, ""PICKUP"": 339, ""PLACE"": 27, ""PLANT"": 131, ""SOUTH"": 929, ""WATER"": 851, ""WEST"": 1098}","{""BUY_ANIMAL"": 14, ""BUY_LAND"": 2, ""BUY_PRODUCT"": 279, ""BUY_SEED"": 54, ""HIRE"": 306, ""SELL"": 450}","{""BUY_ANIMAL:COW"": 8, ""BUY_ANIMAL:SHEEP"": 6, ""BUY_PRODUCT:WHEAT"": 967, ""BUY_SEED:MELON"": 21, ""BUY_SEED:STRAWBERRY"": 44, ""BUY_SEED:WHEAT"": 66, ""SELL:CARROT"": 13, ""SELL:EGG"": 8, ""SELL:FERTILIZER"": 437, ""SELL:MELON"": 224, ""SELL:MILK"": 614, ""SELL:STRAWBERRY"": 567, ""SELL:TOMATO"": 4, ""SELL:WHEAT"": 1108, ""SELL:WOOL"": 354}",control,frontier,,,,,,,,,,,,,,,,,,,,,,,,
217,0,105649.0,87326.0,18323.0,win,DONE,DONE,1,4.063081500004046,0,0,0,0,719,0,0,0.0221,0.07664000000000003,0.14804400000000045,0.5565,"{""BUILD_PASTURE"": 14, ""CARE"": 308, ""COLLECT_FERTILIZER"": 318, ""DIG"": 25, ""DROP"": 80, ""EAST"": 857, ""FEED"": 319, ""FERTILIZE"": 107, ""HARVEST"": 338, ""NORTH"": 1236, ""PASS"": 377, ""PICKUP"": 339, ""PLACE"": 27, ""PLANT"": 131, ""SOUTH"": 929, ""WATER"": 851, ""WEST"": 1098}","{""BUY_ANIMAL"": 14, ""BUY_LAND"": 2, ""BUY_PRODUCT"": 279, ""BUY_SEED"": 54, ""HIRE"": 306, ""SELL"": 481}","{""BUY_ANIMAL:COW"": 8, ""BUY_ANIMAL:SHEEP"": 6, ""BUY_PRODUCT:WHEAT"": 967, ""BUY_SEED:MELON"": 21, ""BUY_SEED:STRAWBERRY"": 44, ""BUY_SEED:WHEAT"": 66, ""SELL:CARROT"": 13, ""SELL:EGG"": 8, ""SELL:FERTILIZER"": 445, ""SELL:MELON"": 224, ""SELL:MILK"": 682, ""SELL:STRAWBERRY"": 636, ""SELL:TOMATO"": 4, ""SELL:WHEAT"": 1108, ""SELL:WOOL"": 373}",control,frontier,,,,,,,,,,,,,,,,,,,,,,,,
217,1,105907.0,87410.0,18497.0,win,DONE,DONE,1,5.4156741999904625,0,0,0,0,719,0,0,0.0304,0.07778000000000007,0.1753560000000003,0.4616,"{""BUILD_PASTURE"": 14, ""CARE"": 308, ""COLLECT_FERTILIZER"": 318, ""DIG"": 25, ""DROP"": 80, ""EAST"": 857, ""FEED"": 319, ""FERTILIZE"": 107, ""HARVEST"": 338, ""NORTH"": 1236, ""PASS"": 377, ""PICKUP"": 339, ""PLACE"": 27, ""PLANT"": 131, ""SOUTH"": 929, ""WATER"": 851, ""WEST"": 1098}","{""BUY_ANIMAL"": 14, ""BUY_LAND"": 2, ""BUY_PRODUCT"": 279, ""BUY_SEED"": 54, ""HIRE"": 306, ""SELL"": 481}","{""BUY_ANIMAL:COW"": 8, ""BUY_ANIMAL:SHEEP"": 6, ""BUY_PRODUCT:WHEAT"": 967, ""BUY_SEED:MELON"": 21, ""BUY_SEED:STRAWBERRY"": 44, ""BUY_SEED:WHEAT"": 66, ""SELL:CARROT"": 13, ""SELL:EGG"": 8, ""SELL:FERTILIZER"": 445, ""SELL:MELON"": 224, ""SELL:MILK"": 682, ""SELL:STRAWBERRY"": 636, ""SELL:TOMATO"": 4, ""SELL:WHEAT"": 1108, ""SELL:WOOL"": 373}",control,frontier,,,,,,,,,,,,,,,,,,,,,,,,
317,0,129238.0,122241.0,6997.0,win,DONE,DONE,1,4.594403000024613,0,0,0,0,719,0,0,0.0227,0.0774300000000001,0.1567360000000005,0.4735,"{""BUILD_PASTURE"": 14, ""CARE"": 308, ""COLLECT_FERTILIZER"": 318, ""DIG"": 25, ""DROP"": 80, ""EAST"": 857, ""FEED"": 319, ""FERTILIZE"": 107, ""HARVEST"": 338, ""NORTH"": 1236, ""PASS"": 377, ""PICKUP"": 339, ""PLACE"": 27, ""PLANT"": 131, ""SOUTH"": 929, ""WATER"": 851, ""WEST"": 1098}","{""BUY_ANIMAL"": 14, ""BUY_LAND"": 2, ""BUY_PRODUCT"": 279, ""BUY_SEED"": 54, ""HIRE"": 306, ""SELL"": 450}","{""BUY_ANIMAL:COW"": 8, ""BUY_ANIMAL:SHEEP"": 6, ""BUY_PRODUCT:WHEAT"": 967, ""BUY_SEED:MELON"": 21, ""BUY_SEED:STRAWBERRY"": 44, ""BUY_SEED:WHEAT"": 66, ""SELL:CARROT"": 13, ""SELL:EGG"": 8, ""SELL:FERTILIZER"": 437, ""SELL:MELON"": 224, ""SELL:MILK"": 614, ""SELL:STRAWBERRY"": 567, ""SELL:TOMATO"": 4, ""SELL:WHEAT"": 1108, ""SELL:WOOL"": 354}",control,frontier,,,,,,,,,,,,,,,,,,,,,,,,
317,1,129389.0,122246.0,7143.0,win,DONE,DONE,1,4.302910399972461,0,0,0,0,719,0,0,0.0211,0.059260000000000014,0.10066000000000015,0.1881,"{""BUILD_PASTURE"": 14, ""CARE"": 308, ""COLLECT_FERTILIZER"": 318, ""DIG"": 25, ""DROP"": 80, ""EAST"": 857, ""FEED"": 319, ""FERTILIZE"": 107, ""HARVEST"": 338, ""NORTH"": 1236, ""PASS"": 377, ""PICKUP"": 339, ""PLACE"": 27, ""PLANT"": 131, ""SOUTH"": 929, ""WATER"": 851, ""WEST"": 1098}","{""BUY_ANIMAL"": 14, ""BUY_LAND"": 2, ""BUY_PRODUCT"": 279, ""BUY_SEED"": 54, ""HIRE"": 306, ""SELL"": 450}","{""BUY_ANIMAL:COW"": 8, ""BUY_ANIMAL:SHEEP"": 6, ""BUY_PRODUCT:WHEAT"": 967, ""BUY_SEED:MELON"": 21, ""BUY_SEED:STRAWBERRY"": 44, ""BUY_SEED:WHEAT"": 66, ""SELL:CARROT"": 13, ""SELL:EGG"": 8, ""SELL:FERTILIZER"": 437, ""SELL:MELON"": 224, ""SELL:MILK"": 614, ""SELL:STRAWBERRY"": 567, ""SELL:TOMATO"": 4, ""SELL:WHEAT"": 1108, ""SELL:WOOL"": 354}",control,frontier,,,,,,,,,,,,,,,,,,,,,,,,
733,0,120805.0,113712.0,7093.0,win,DONE,DONE,1,3.941714200016577,0,0,0,0,719,0,0,0.0181,0.07612000000000001,0.1441520000000002,0.2575,"{""BUILD_PASTURE"": 14, ""CARE"": 308, ""COLLECT_FERTILIZER"": 318, ""DIG"": 25, ""DROP"": 80, ""EAST"": 857, ""FEED"": 319, ""FERTILIZE"": 107, ""HARVEST"": 338, ""NORTH"": 1236, ""PASS"": 377, ""PICKUP"": 339, ""PLACE"": 27, ""PLANT"": 131, ""SOUTH"": 929, ""WATER"": 851, ""WEST"": 1098}","{""BUY_ANIMAL"": 14, ""BUY_LAND"": 2, ""BUY_PRODUCT"": 279, ""BUY_SEED"": 54, ""HIRE"": 306, ""SELL"": 450}","{""BUY_ANIMAL:COW"": 8, ""BUY_ANIMAL:SHEEP"": 6, ""BUY_PRODUCT:WHEAT"": 967, ""BUY_SEED:MELON"": 21, ""BUY_SEED:STRAWBERRY"": 44, ""BUY_SEED:WHEAT"": 66, ""SELL:CARROT"": 13, ""SELL:EGG"": 8, ""SELL:FERTILIZER"": 437, ""SELL:MELON"": 224, ""SELL:MILK"": 614, ""SELL:STRAWBERRY"": 567, ""SELL:TOMATO"": 4, ""SELL:WHEAT"": 1108, ""SELL:WOOL"": 354}",control,frontier,,,,,,,,,,,,,,,,,,,,,,,,
733,1,120766.0,113484.0,7282.0,win,DONE,DONE,1,3.8017109999782406,0,0,0,0,719,0,0,0.016,0.05026000000000001,0.09463800000000003,0.1946,"{""BUILD_PASTURE"": 14, ""CARE"": 308, ""COLLECT_FERTILIZER"": 318, ""DIG"": 25, ""DROP"": 80, ""EAST"": 857, ""FEED"": 319, ""FERTILIZE"": 107, ""HARVEST"": 338, ""NORTH"": 1236, ""PASS"": 377, ""PICKUP"": 339, ""PLACE"": 27, ""PLANT"": 131, ""SOUTH"": 929, ""WATER"": 851, ""WEST"": 1098}","{""BUY_ANIMAL"": 14, ""BUY_LAND"": 2, ""BUY_PRODUCT"": 279, ""BUY_SEED"": 54, ""HIRE"": 306, ""SELL"": 450}","{""BUY_ANIMAL:COW"": 8, ""BUY_ANIMAL:SHEEP"": 6, ""BUY_PRODUCT:WHEAT"": 967, ""BUY_SEED:MELON"": 21, ""BUY_SEED:STRAWBERRY"": 44, ""BUY_SEED:WHEAT"": 66, ""SELL:CARROT"": 13, ""SELL:EGG"": 8, ""SELL:FERTILIZER"": 437, ""SELL:MELON"": 224, ""SELL:MILK"": 614, ""SELL:STRAWBERRY"": 567, ""SELL:TOMATO"": 4, ""SELL:WHEAT"": 1108, ""SELL:WOOL"": 354}",control,frontier,,,,,,,,,,,,,,,,,,,,,,,,
17,0,175667.0,3495.0,172172.0,win,DONE,DONE,1,2.3153342999867164,0,0,0,0,719,0,0,0.0149,0.049120000000000004,0.0975400000000001,0.3505,"{""BUILD_PASTURE"": 14, ""CARE"": 308, ""COLLECT_FERTILIZER"": 318, ""DIG"": 25, ""DROP"": 80, ""EAST"": 857, ""FEED"": 319, ""FERTILIZE"": 107, ""HARVEST"": 338, ""NORTH"": 1236, ""PASS"": 377, ""PICKUP"": 339, ""PLACE"": 27, ""PLANT"": 131, ""SOUTH"": 929, ""WATER"": 851, ""WEST"": 1098}","{""BUY_ANIMAL"": 14, ""BUY_LAND"": 2, ""BUY_PRODUCT"": 279, ""BUY_SEED"": 54, ""HIRE"": 306, ""SELL"": 481}","{""BUY_ANIMAL:COW"": 8, ""BUY_ANIMAL:SHEEP"": 6, ""BUY_PRODUCT:WHEAT"": 967, ""BUY_SEED:MELON"": 21, ""BUY_SEED:STRAWBERRY"": 44, ""BUY_SEED:WHEAT"": 66, ""SELL:CARROT"": 13, ""SELL:EGG"": 8, ""SELL:FERTILIZER"": 445, ""SELL:MELON"": 224, ""SELL:MILK"": 682, ""SELL:STRAWBERRY"": 636, ""SELL:TOMATO"": 4, ""SELL:WHEAT"": 1108, ""SELL:WOOL"": 373}",control,starter,,,,,,,,,,,,,,,,,,,,,,,,
17,1,188626.0,3489.0,185137.0,win,DONE,DONE,1,2.811220899980981,0,0,0,0,719,0,0,0.0191,0.07300999999999999,0.139164,0.3793,"{""BUILD_PASTURE"": 14, ""CARE"": 308, ""COLLECT_FERTILIZER"": 318, ""DIG"": 25, ""DROP"": 80, ""EAST"": 857, ""FEED"": 319, ""FERTILIZE"": 107, ""HARVEST"": 338, ""NORTH"": 1236, ""PASS"": 377, ""PICKUP"": 339, ""PLACE"": 27, ""PLANT"": 131, ""SOUTH"": 929, ""WATER"": 851, ""WEST"": 1098}","{""BUY_ANIMAL"": 14, ""BUY_LAND"": 2, ""BUY_PRODUCT"": 279, ""BUY_SEED"": 54, ""HIRE"": 306, ""SELL"": 481}","{""BUY_ANIMAL:COW"": 8, ""BUY_ANIMAL:SHEEP"": 6, ""BUY_PRODUCT:WHEAT"": 967, ""BUY_SEED:MELON"": 21, ""BUY_SEED:STRAWBERRY"": 44, ""BUY_SEED:WHEAT"": 66, ""SELL:CARROT"": 13, ""SELL:EGG"": 8, ""SELL:FERTILIZER"": 445, ""SELL:MELON"": 224, ""SELL:MILK"": 682, ""SELL:STRAWBERRY"": 636, ""SELL:TOMATO"": 4, ""SELL:WHEAT"": 1108, ""SELL:WOOL"": 373}",control,starter,,,,,,,,,,,,,,,,,,,,,,,,
42,0,196430.0,3504.0,192926.0,win,DONE,DONE,1,3.0225707000354305,0,0,0,0,719,0,0,0.0214,0.08240000000000001,0.16016200000000047,1.0682,"{""BUILD_PASTURE"": 14, ""CARE"": 308, ""COLLECT_FERTILIZER"": 318, ""DIG"": 25, ""DROP"": 80, ""EAST"": 857, ""FEED"": 319, ""FERTILIZE"": 107, ""HARVEST"": 338, ""NORTH"": 1236, ""PASS"": 377, ""PICKUP"": 339, ""PLACE"": 27, ""PLANT"": 131, ""SOUTH"": 929, ""WATER"": 851, ""WEST"": 1098}","{""BUY_ANIMAL"": 14, ""BUY_LAND"": 2, ""BUY_PRODUCT"": 279, ""BUY_SEED"": 54, ""HIRE"": 306, ""SELL"": 481}","{""BUY_ANIMAL:COW"": 8, ""BUY_ANIMAL:SHEEP"": 6, ""BUY_PRODUCT:WHEAT"": 967, ""BUY_SEED:MELON"": 21, ""BUY_SEED:STRAWBERRY"": 44, ""BUY_SEED:WHEAT"": 66, ""SELL:CARROT"": 13, ""SELL:EGG"": 8, ""SELL:FERTILIZER"": 445, ""SELL:MELON"": 224, ""SELL:MILK"": 682, ""SELL:STRAWBERRY"": 636, ""SELL:TOMATO"": 4, ""SELL:WHEAT"": 1108, ""SELL:WOOL"": 373}",control,starter,,,,,,,,,,,,,,,,,,,,,,,,
42,1,196324.0,3504.0,192820.0,win,DONE,DONE,1,2.7958143000141717,0,0,0,0,719,0,0,0.0174,0.06594000000000003,0.12184600000000001,0.5774,"{""BUILD_PASTURE"": 14, ""CARE"": 308, ""COLLECT_FERTILIZER"": 318, ""DIG"": 25, ""DROP"": 80, ""EAST"": 857, ""FEED"": 319, ""FERTILIZE"": 107, ""HARVEST"": 338, ""NORTH"": 1236, ""PASS"": 377, ""PICKUP"": 339, ""PLACE"": 27, ""PLANT"": 131, ""SOUTH"": 929, ""WATER"": 851, ""WEST"": 1098}","{""BUY_ANIMAL"": 14, ""BUY_LAND"": 2, ""BUY_PRODUCT"": 279, ""BUY_SEED"": 54, ""HIRE"": 306, ""SELL"": 481}","{""BUY_ANIMAL:COW"": 8, ""BUY_ANIMAL:SHEEP"": 6, ""BUY_PRODUCT:WHEAT"": 967, ""BUY_SEED:MELON"": 21, ""BUY_SEED:STRAWBERRY"": 44, ""BUY_SEED:WHEAT"": 66, ""SELL:CARROT"": 13, ""SELL:EGG"": 8, ""SELL:FERTILIZER"": 445, ""SELL:MELON"": 224, ""SELL:MILK"": 682, ""SELL:STRAWBERRY"": 636, ""SELL:TOMATO"": 4, ""SELL:WHEAT"": 1108, ""SELL:WOOL"": 373}",control,starter,,,,,,,,,,,,,,,,,,,,,,,,
2026,0,181062.0,3507.0,177555.0,win,DONE,DONE,1,2.5000772000057623,0,0,0,0,719,0,0,0.0152,0.05691,0.10539600000000013,0.2066,"{""BUILD_PASTURE"": 14, ""CARE"": 308, ""COLLECT_FERTILIZER"": 318, ""DIG"": 25, ""DROP"": 80, ""EAST"": 857, ""FEED"": 319, ""FERTILIZE"": 107, ""HARVEST"": 338, ""NORTH"": 1236, ""PASS"": 377, ""PICKUP"": 339, ""PLACE"": 27, ""PLANT"": 131, ""SOUTH"": 929, ""WATER"": 851, ""WEST"": 1098}","{""BUY_ANIMAL"": 14, ""BUY_LAND"": 2, ""BUY_PRODUCT"": 279, ""BUY_SEED"": 54, ""HIRE"": 306, ""SELL"": 481}","{""BUY_ANIMAL:COW"": 8, ""BUY_ANIMAL:SHEEP"": 6, ""BUY_PRODUCT:WHEAT"": 967, ""BUY_SEED:MELON"": 21, ""BUY_SEED:STRAWBERRY"": 44, ""BUY_SEED:WHEAT"": 66, ""SELL:CARROT"": 13, ""SELL:EGG"": 8, ""SELL:FERTILIZER"": 445, ""SELL:MELON"": 224, ""SELL:MILK"": 682, ""SELL:STRAWBERRY"": 636, ""SELL:TOMATO"": 4, ""SELL:WHEAT"": 1108, ""SELL:WOOL"": 373}",control,starter,,,,,,,,,,,,,,,,,,,,,,,,
2026,1,183320.0,3507.0,179813.0,win,DONE,DONE,1,2.4935380999813788,0,0,0,0,719,0,0,0.015,0.04609000000000007,0.08951000000000002,146.7191,"{""BUILD_PASTURE"": 14, ""CARE"": 308, ""COLLECT_FERTILIZER"": 318, ""DIG"": 25, ""DROP"": 80, ""EAST"": 857, ""FEED"": 319, ""FERTILIZE"": 107, ""HARVEST"": 338, ""NORTH"": 1236, ""PASS"": 377, ""PICKUP"": 339, ""PLACE"": 27, ""PLANT"": 131, ""SOUTH"": 929, ""WATER"": 851, ""WEST"": 1098}","{""BUY_ANIMAL"": 14, ""BUY_LAND"": 2, ""BUY_PRODUCT"": 279, ""BUY_SEED"": 54, ""HIRE"": 306, ""SELL"": 481}","{""BUY_ANIMAL:COW"": 8, ""BUY_ANIMAL:SHEEP"": 6, ""BUY_PRODUCT:WHEAT"": 967, ""BUY_SEED:MELON"": 21, ""BUY_SEED:STRAWBERRY"": 44, ""BUY_SEED:WHEAT"": 66, ""SELL:CARROT"": 13, ""SELL:EGG"": 8, ""SELL:FERTILIZER"": 445, ""SELL:MELON"": 224, ""SELL:MILK"": 682, ""SELL:STRAWBERRY"": 636, ""SELL:TOMATO"": 4, ""SELL:WHEAT"": 1108, ""SELL:WOOL"": 373}",control,starter,,,,,,,,,,,,,,,,,,,,,,,,
217,0,184614.0,3497.0,181117.0,win,DONE,DONE,1,2.4590233999770135,0,0,0,0,719,0,0,0.0154,0.04988000000000006,0.09166400000000001,139.6567,"{""BUILD_PASTURE"": 14, ""CARE"": 308, ""COLLECT_FERTILIZER"": 318, ""DIG"": 25, ""DROP"": 80, ""EAST"": 857, ""FEED"": 319, ""FERTILIZE"": 107, ""HARVEST"": 338, ""NORTH"": 1236, ""PASS"": 377, ""PICKUP"": 339, ""PLACE"": 27, ""PLANT"": 131, ""SOUTH"": 929, ""WATER"": 851, ""WEST"": 1098}","{""BUY_ANIMAL"": 14, ""BUY_LAND"": 2, ""BUY_PRODUCT"": 279, ""BUY_SEED"": 54, ""HIRE"": 306, ""SELL"": 481}","{""BUY_ANIMAL:COW"": 8, ""BUY_ANIMAL:SHEEP"": 6, ""BUY_PRODUCT:WHEAT"": 967, ""BUY_SEED:MELON"": 21, ""BUY_SEED:STRAWBERRY"": 44, ""BUY_SEED:WHEAT"": 66, ""SELL:CARROT"": 13, ""SELL:EGG"": 8, ""SELL:FERTILIZER"": 445, ""SELL:MELON"": 224, ""SELL:MILK"": 682, ""SELL:STRAWBERRY"": 636, ""SELL:TOMATO"": 4, ""SELL:WHEAT"": 1108, ""SELL:WOOL"": 373}",control,starter,,,,,,,,,,,,,,,,,,,,,,,,
217,1,185925.0,3499.0,182426.0,win,DONE,DONE,1,2.4545671999803744,0,0,0,0,719,0,0,0.0143,0.04617000000000002,0.10870800000000022,0.4731,"{""BUILD_PASTURE"": 14, ""CARE"": 308, ""COLLECT_FERTILIZER"": 318, ""DIG"": 25, ""DROP"": 80, ""EAST"": 857, ""FEED"": 319, ""FERTILIZE"": 107, ""HARVEST"": 338, ""NORTH"": 1236, ""PASS"": 377, ""PICKUP"": 339, ""PLACE"": 27, ""PLANT"": 131, ""SOUTH"": 929, ""WATER"": 851, ""WEST"": 1098}","{""BUY_ANIMAL"": 14, ""BUY_LAND"": 2, ""BUY_PRODUCT"": 279, ""BUY_SEED"": 54, ""HIRE"": 306, ""SELL"": 481}","{""BUY_ANIMAL:COW"": 8, ""BUY_ANIMAL:SHEEP"": 6, ""BUY_PRODUCT:WHEAT"": 967, ""BUY_SEED:MELON"": 21, ""BUY_SEED:STRAWBERRY"": 44, ""BUY_SEED:WHEAT"": 66, ""SELL:CARROT"": 13, ""SELL:EGG"": 8, ""SELL:FERTILIZER"": 445, ""SELL:MELON"": 224, ""SELL:MILK"": 682, ""SELL:STRAWBERRY"": 636, ""SELL:TOMATO"": 4, ""SELL:WHEAT"": 1108, ""SELL:WOOL"": 373}",control,starter,,,,,,,,,,,,,,,,,,,,,,,,
317,0,184253.0,3507.0,180746.0,win,DONE,DONE,1,2.4015686999773607,0,0,0,0,719,0,0,0.0152,0.06150000000000003,0.08701200000000008,0.4883,"{""BUILD_PASTURE"": 14, ""CARE"": 308, ""COLLECT_FERTILIZER"": 318, ""DIG"": 25, ""DROP"": 80, ""EAST"": 857, ""FEED"": 319, ""FERTILIZE"": 107, ""HARVEST"": 338, ""NORTH"": 1236, ""PASS"": 377, ""PICKUP"": 339, ""PLACE"": 27, ""PLANT"": 131, ""SOUTH"": 929, ""WATER"": 851, ""WEST"": 1098}","{""BUY_ANIMAL"": 14, ""BUY_LAND"": 2, ""BUY_PRODUCT"": 279, ""BUY_SEED"": 54, ""HIRE"": 306, ""SELL"": 481}","{""BUY_ANIMAL:COW"": 8, ""BUY_ANIMAL:SHEEP"": 6, ""BUY_PRODUCT:WHEAT"": 967, ""BUY_SEED:MELON"": 21, ""BUY_SEED:STRAWBERRY"": 44, ""BUY_SEED:WHEAT"": 66, ""SELL:CARROT"": 13, ""SELL:EGG"": 8, ""SELL:FERTILIZER"": 445, ""SELL:MELON"": 224, ""SELL:MILK"": 682, ""SELL:STRAWBERRY"": 636, ""SELL:TOMATO"": 4, ""SELL:WHEAT"": 1108, ""SELL:WOOL"": 373}",control,starter,,,,,,,,,,,,,,,,,,,,,,,,
317,1,184406.0,3507.0,180899.0,win,DONE,DONE,1,2.3179783999803476,0,0,0,0,719,0,0,0.0139,0.050270000000000245,0.08641400000000013,0.1835,"{""BUILD_PASTURE"": 14, ""CARE"": 308, ""COLLECT_FERTILIZER"": 318, ""DIG"": 25, ""DROP"": 80, ""EAST"": 857, ""FEED"": 319, ""FERTILIZE"": 107, ""HARVEST"": 338, ""NORTH"": 1236, ""PASS"": 377, ""PICKUP"": 339, ""PLACE"": 27, ""PLANT"": 131, ""SOUTH"": 929, ""WATER"": 851, ""WEST"": 1098}","{""BUY_ANIMAL"": 14, ""BUY_LAND"": 2, ""BUY_PRODUCT"": 279, ""BUY_SEED"": 54, ""HIRE"": 306, ""SELL"": 481}","{""BUY_ANIMAL:COW"": 8, ""BUY_ANIMAL:SHEEP"": 6, ""BUY_PRODUCT:WHEAT"": 967, ""BUY_SEED:MELON"": 21, ""BUY_SEED:STRAWBERRY"": 44, ""BUY_SEED:WHEAT"": 66, ""SELL:CARROT"": 13, ""SELL:EGG"": 8, ""SELL:FERTILIZER"": 445, ""SELL:MELON"": 224, ""SELL:MILK"": 682, ""SELL:STRAWBERRY"": 636, ""SELL:TOMATO"": 4, ""SELL:WHEAT"": 1108, ""SELL:WOOL"": 373}",control,starter,,,,,,,,,,,,,,,,,,,,,,,,
733,0,191611.0,3503.0,188108.0,win,DONE,DONE,1,2.3852905000094324,0,0,0,0,719,0,0,0.0149,0.04803000000000001,0.10578800000000016,0.3434,"{""BUILD_PASTURE"": 14, ""CARE"": 308, ""COLLECT_FERTILIZER"": 318, ""DIG"": 25, ""DROP"": 80, ""EAST"": 857, ""FEED"": 319, ""FERTILIZE"": 107, ""HARVEST"": 338, ""NORTH"": 1236, ""PASS"": 377, ""PICKUP"": 339, ""PLACE"": 27, ""PLANT"": 131, ""SOUTH"": 929, ""WATER"": 851, ""WEST"": 1098}","{""BUY_ANIMAL"": 14, ""BUY_LAND"": 2, ""BUY_PRODUCT"": 279, ""BUY_SEED"": 54, ""HIRE"": 306, ""SELL"": 481}","{""BUY_ANIMAL:COW"": 8, ""BUY_ANIMAL:SHEEP"": 6, ""BUY_PRODUCT:WHEAT"": 967, ""BUY_SEED:MELON"": 21, ""BUY_SEED:STRAWBERRY"": 44, ""BUY_SEED:WHEAT"": 66, ""SELL:CARROT"": 13, ""SELL:EGG"": 8, ""SELL:FERTILIZER"": 445, ""SELL:MELON"": 224, ""SELL:MILK"": 682, ""SELL:STRAWBERRY"": 636, ""SELL:TOMATO"": 4, ""SELL:WHEAT"": 1108, ""SELL:WOOL"": 373}",control,starter,,,,,,,,,,,,,,,,,,,,,,,,
733,1,190251.0,3503.0,186748.0,win,DONE,DONE,1,2.4472698000026867,0,0,0,0,719,0,0,0.0145,0.06254000000000001,0.087564,0.2745,"{""BUILD_PASTURE"": 14, ""CARE"": 308, ""COLLECT_FERTILIZER"": 318, ""DIG"": 25, ""DROP"": 80, ""EAST"": 857, ""FEED"": 319, ""FERTILIZE"": 107, ""HARVEST"": 338, ""NORTH"": 1236, ""PASS"": 377, ""PICKUP"": 339, ""PLACE"": 27, ""PLANT"": 131, ""SOUTH"": 929, ""WATER"": 851, ""WEST"": 1098}","{""BUY_ANIMAL"": 14, ""BUY_LAND"": 2, ""BUY_PRODUCT"": 279, ""BUY_SEED"": 54, ""HIRE"": 306, ""SELL"": 481}","{""BUY_ANIMAL:COW"": 8, ""BUY_ANIMAL:SHEEP"": 6, ""BUY_PRODUCT:WHEAT"": 967, ""BUY_SEED:MELON"": 21, ""BUY_SEED:STRAWBERRY"": 44, ""BUY_SEED:WHEAT"": 66, ""SELL:CARROT"": 13, ""SELL:EGG"": 8, ""SELL:FERTILIZER"": 445, ""SELL:MELON"": 224, ""SELL:MILK"": 682, ""SELL:STRAWBERRY"": 636, ""SELL:TOMATO"": 4, ""SELL:WHEAT"": 1108, ""SELL:WOOL"": 373}",control,starter,,,,,,,,,,,,,,,,,,,,,,,,
17,0,168143.0,10.0,168133.0,win,DONE,DONE,1,2.4770212000003085,0,0,0,0,719,0,0,0.015,0.04680000000000002,0.08763000000000008,0.2024,"{""BUILD_PASTURE"": 14, ""CARE"": 308, ""COLLECT_FERTILIZER"": 318, ""DIG"": 25, ""DROP"": 80, ""EAST"": 857, ""FEED"": 319, ""FERTILIZE"": 107, ""HARVEST"": 338, ""NORTH"": 1236, ""PASS"": 377, ""PICKUP"": 339, ""PLACE"": 27, ""PLANT"": 131, ""SOUTH"": 929, ""WATER"": 851, ""WEST"": 1098}","{""BUY_ANIMAL"": 14, ""BUY_LAND"": 2, ""BUY_PRODUCT"": 279, ""BUY_SEED"": 54, ""HIRE"": 306, ""SELL"": 481}","{""BUY_ANIMAL:COW"": 8, ""BUY_ANIMAL:SHEEP"": 6, ""BUY_PRODUCT:WHEAT"": 967, ""BUY_SEED:MELON"": 21, ""BUY_SEED:STRAWBERRY"": 44, ""BUY_SEED:WHEAT"": 66, ""SELL:CARROT"": 13, ""SELL:EGG"": 8, ""SELL:FERTILIZER"": 445, ""SELL:MELON"": 224, ""SELL:MILK"": 682, ""SELL:STRAWBERRY"": 636, ""SELL:TOMATO"": 4, ""SELL:WHEAT"": 1108, ""SELL:WOOL"": 373}",control,random,,,,,,,,,,,,,,,,,,,,,,,,
17,1,182810.0,0.0,182810.0,win,DONE,DONE,1,2.508014799968805,0,0,0,0,719,0,0,0.0151,0.07663,0.14594000000000035,0.3055,"{""BUILD_PASTURE"": 14, ""CARE"": 308, ""COLLECT_FERTILIZER"": 318, ""DIG"": 25, ""DROP"": 80, ""EAST"": 857, ""FEED"": 319, ""FERTILIZE"": 107, ""HARVEST"": 338, ""NORTH"": 1236, ""PASS"": 377, ""PICKUP"": 339, ""PLACE"": 27, ""PLANT"": 131, ""SOUTH"": 929, ""WATER"": 851, ""WEST"": 1098}","{""BUY_ANIMAL"": 14, ""BUY_LAND"": 2, ""BUY_PRODUCT"": 279, ""BUY_SEED"": 54, ""HIRE"": 306, ""SELL"": 481}","{""BUY_ANIMAL:COW"": 8, ""BUY_ANIMAL:SHEEP"": 6, ""BUY_PRODUCT:WHEAT"": 967, ""BUY_SEED:MELON"": 21, ""BUY_SEED:STRAWBERRY"": 44, ""BUY_SEED:WHEAT"": 66, ""SELL:CARROT"": 13, ""SELL:EGG"": 8, ""SELL:FERTILIZER"": 445, ""SELL:MELON"": 224, ""SELL:MILK"": 682, ""SELL:STRAWBERRY"": 636, ""SELL:TOMATO"": 4, ""SELL:WHEAT"": 1108, ""SELL:WOOL"": 373}",control,random,,,,,,,,,,,,,,,,,,,,,,,,
42,0,172976.0,0.0,172976.0,win,DONE,DONE,1,2.5350056999595836,0,0,0,0,719,0,0,0.0151,0.06413000000000003,0.10024400000000047,0.2254,"{""BUILD_PASTURE"": 14, ""CARE"": 308, ""COLLECT_FERTILIZER"": 318, ""DIG"": 25, ""DROP"": 80, ""EAST"": 857, ""FEED"": 319, ""FERTILIZE"": 107, ""HARVEST"": 338, ""NORTH"": 1236, ""PASS"": 377, ""PICKUP"": 339, ""PLACE"": 27, ""PLANT"": 131, ""SOUTH"": 929, ""WATER"": 851, ""WEST"": 1098}","{""BUY_ANIMAL"": 14, ""BUY_LAND"": 2, ""BUY_PRODUCT"": 279, ""BUY_SEED"": 54, ""HIRE"": 306, ""SELL"": 481}","{""BUY_ANIMAL:COW"": 8, ""BUY_ANIMAL:SHEEP"": 6, ""BUY_PRODUCT:WHEAT"": 967, ""BUY_SEED:MELON"": 21, ""BUY_SEED:STRAWBERRY"": 44, ""BUY_SEED:WHEAT"": 66, ""SELL:CARROT"": 13, ""SELL:EGG"": 8, ""SELL:FERTILIZER"": 445, ""SELL:MELON"": 224, ""SELL:MILK"": 682, ""SELL:STRAWBERRY"": 636, ""SELL:TOMATO"": 4, ""SELL:WHEAT"": 1108, ""SELL:WOOL"": 373}",control,random,,,,,,,,,,,,,,,,,,,,,,,,
42,1,182699.0,0.0,182699.0,win,DONE,DONE,1,2.509117499983404,0,0,0,0,719,0,0,0.0152,0.06951000000000004,0.1371020000000008,0.2722,"{""BUILD_PASTURE"": 14, ""CARE"": 308, ""COLLECT_FERTILIZER"": 318, ""DIG"": 25, ""DROP"": 80, ""EAST"": 857, ""FEED"": 319, ""FERTILIZE"": 107, ""HARVEST"": 338, ""NORTH"": 1236, ""PASS"": 377, ""PICKUP"": 339, ""PLACE"": 27, ""PLANT"": 131, ""SOUTH"": 929, ""WATER"": 851, ""WEST"": 1098}","{""BUY_ANIMAL"": 14, ""BUY_LAND"": 2, ""BUY_PRODUCT"": 279, ""BUY_SEED"": 54, ""HIRE"": 306, ""SELL"": 481}","{""BUY_ANIMAL:COW"": 8, ""BUY_ANIMAL:SHEEP"": 6, ""BUY_PRODUCT:WHEAT"": 967, ""BUY_SEED:MELON"": 21, ""BUY_SEED:STRAWBERRY"": 44, ""BUY_SEED:WHEAT"": 66, ""SELL:CARROT"": 13, ""SELL:EGG"": 8, ""SELL:FERTILIZER"": 445, ""SELL:MELON"": 224, ""SELL:MILK"": 682, ""SELL:STRAWBERRY"": 636, ""SELL:TOMATO"": 4, ""SELL:WHEAT"": 1108, ""SELL:WOOL"": 373}",control,random,,,,,,,,,,,,,,,,,,,,,,,,
2026,0,199222.0,0.0,199222.0,win,DONE,DONE,1,2.5568328000372276,0,0,0,0,719,0,0,0.0147,0.06560000000000005,0.11992400000000092,138.0036,"{""BUILD_PASTURE"": 14, ""CARE"": 308, ""COLLECT_FERTILIZER"": 318, ""DIG"": 25, ""DROP"": 80, ""EAST"": 857, ""FEED"": 319, ""FERTILIZE"": 107, ""HARVEST"": 338, ""NORTH"": 1236, ""PASS"": 377, ""PICKUP"": 339, ""PLACE"": 27, ""PLANT"": 131, ""SOUTH"": 929, ""WATER"": 851, ""WEST"": 1098}","{""BUY_ANIMAL"": 14, ""BUY_LAND"": 2, ""BUY_PRODUCT"": 279, ""BUY_SEED"": 54, ""HIRE"": 306, ""SELL"": 481}","{""BUY_ANIMAL:COW"": 8, ""BUY_ANIMAL:SHEEP"": 6, ""BUY_PRODUCT:WHEAT"": 967, ""BUY_SEED:MELON"": 21, ""BUY_SEED:STRAWBERRY"": 44, ""BUY_SEED:WHEAT"": 66, ""SELL:CARROT"": 13, ""SELL:EGG"": 8, ""SELL:FERTILIZER"": 445, ""SELL:MELON"": 224, ""SELL:MILK"": 682, ""SELL:STRAWBERRY"": 636, ""SELL:TOMATO"": 4, ""SELL:WHEAT"": 1108, ""SELL:WOOL"": 373}",control,random,,,,,,,,,,,,,,,,,,,,,,,,
2026,1,175862.0,0.0,175862.0,win,DONE,DONE,1,2.525534800020978,0,0,0,0,719,0,0,0.0147,0.06636,0.12782600000000147,0.2866,"{""BUILD_PASTURE"": 14, ""CARE"": 308, ""COLLECT_FERTILIZER"": 318, ""DIG"": 25, ""DROP"": 80, ""EAST"": 857, ""FEED"": 319, ""FERTILIZE"": 107, ""HARVEST"": 338, ""NORTH"": 1236, ""PASS"": 377, ""PICKUP"": 339, ""PLACE"": 27, ""PLANT"": 131, ""SOUTH"": 929, ""WATER"": 851, ""WEST"": 1098}","{""BUY_ANIMAL"": 14, ""BUY_LAND"": 2, ""BUY_PRODUCT"": 279, ""BUY_SEED"": 54, ""HIRE"": 306, ""SELL"": 481}","{""BUY_ANIMAL:COW"": 8, ""BUY_ANIMAL:SHEEP"": 6, ""BUY_PRODUCT:WHEAT"": 967, ""BUY_SEED:MELON"": 21, ""BUY_SEED:STRAWBERRY"": 44, ""BUY_SEED:WHEAT"": 66, ""SELL:CARROT"": 13, ""SELL:EGG"": 8, ""SELL:FERTILIZER"": 445, ""SELL:MELON"": 224, ""SELL:MILK"": 682, ""SELL:STRAWBERRY"": 636, ""SELL:TOMATO"": 4, ""SELL:WHEAT"": 1108, ""SELL:WOOL"": 373}",control,random,,,,,,,,,,,,,,,,,,,,,,,,
217,0,186364.0,0.0,186364.0,win,DONE,DONE,1,2.52178210002603,0,0,0,0,719,0,0,0.0151,0.06545000000000001,0.08706600000000006,0.3072,"{""BUILD_PASTURE"": 14, ""CARE"": 308, ""COLLECT_FERTILIZER"": 318, ""DIG"": 25, ""DROP"": 80, ""EAST"": 857, ""FEED"": 319, ""FERTILIZE"": 107, ""HARVEST"": 338, ""NORTH"": 1236, ""PASS"": 377, ""PICKUP"": 339, ""PLACE"": 27, ""PLANT"": 131, ""SOUTH"": 929, ""WATER"": 851, ""WEST"": 1098}","{""BUY_ANIMAL"": 14, ""BUY_LAND"": 2, ""BUY_PRODUCT"": 279, ""BUY_SEED"": 54, ""HIRE"": 306, ""SELL"": 481}","{""BUY_ANIMAL:COW"": 8, ""BUY_ANIMAL:SHEEP"": 6, ""BUY_PRODUCT:WHEAT"": 967, ""BUY_SEED:MELON"": 21, ""BUY_SEED:STRAWBERRY"": 44, ""BUY_SEED:WHEAT"": 66, ""SELL:CARROT"": 13, ""SELL:EGG"": 8, ""SELL:FERTILIZER"": 445, ""SELL:MELON"": 224, ""SELL:MILK"": 682, ""SELL:STRAWBERRY"": 636, ""SELL:TOMATO"": 4, ""SELL:WHEAT"": 1108, ""SELL:WOOL"": 373}",control,random,,,,,,,,,,,,,,,,,,,,,,,,
217,1,186096.0,0.0,186096.0,win,DONE,DONE,1,2.378032299980987,0,0,0,0,719,0,0,0.0139,0.04903000000000001,0.08883200000000013,0.1406,"{""BUILD_PASTURE"": 14, ""CARE"": 308, ""COLLECT_FERTILIZER"": 318, ""DIG"": 25, ""DROP"": 80, ""EAST"": 857, ""FEED"": 319, ""FERTILIZE"": 107, ""HARVEST"": 338, ""NORTH"": 1236, ""PASS"": 377, ""PICKUP"": 339, ""PLACE"": 27, ""PLANT"": 131, ""SOUTH"": 929, ""WATER"": 851, ""WEST"": 1098}","{""BUY_ANIMAL"": 14, ""BUY_LAND"": 2, ""BUY_PRODUCT"": 279, ""BUY_SEED"": 54, ""HIRE"": 306, ""SELL"": 481}","{""BUY_ANIMAL:COW"": 8, ""BUY_ANIMAL:SHEEP"": 6, ""BUY_PRODUCT:WHEAT"": 967, ""BUY_SEED:MELON"": 21, ""BUY_SEED:STRAWBERRY"": 44, ""BUY_SEED:WHEAT"": 66, ""SELL:CARROT"": 13, ""SELL:EGG"": 8, ""SELL:FERTILIZER"": 445, ""SELL:MELON"": 224, ""SELL:MILK"": 682, ""SELL:STRAWBERRY"": 636, ""SELL:TOMATO"": 4, ""SELL:WHEAT"": 1108, ""SELL:WOOL"": 373}",control,random,,,,,,,,,,,,,,,,,,,,,,,,
317,0,187427.0,0.0,187427.0,win,DONE,DONE,1,2.5457459000172094,0,0,0,0,719,0,0,0.0146,0.06571,0.08609400000000009,0.264,"{""BUILD_PASTURE"": 14, ""CARE"": 308, ""COLLECT_FERTILIZER"": 318, ""DIG"": 25, ""DROP"": 80, ""EAST"": 857, ""FEED"": 319, ""FERTILIZE"": 107, ""HARVEST"": 338, ""NORTH"": 1236, ""PASS"": 377, ""PICKUP"": 339, ""PLACE"": 27, ""PLANT"": 131, ""SOUTH"": 929, ""WATER"": 851, ""WEST"": 1098}","{""BUY_ANIMAL"": 14, ""BUY_LAND"": 2, ""BUY_PRODUCT"": 279, ""BUY_SEED"": 54, ""HIRE"": 306, ""SELL"": 481}","{""BUY_ANIMAL:COW"": 8, ""BUY_ANIMAL:SHEEP"": 6, ""BUY_PRODUCT:WHEAT"": 967, ""BUY_SEED:MELON"": 21, ""BUY_SEED:STRAWBERRY"": 44, ""BUY_SEED:WHEAT"": 66, ""SELL:CARROT"": 13, ""SELL:EGG"": 8, ""SELL:FERTILIZER"": 445, ""SELL:MELON"": 224, ""SELL:MILK"": 682, ""SELL:STRAWBERRY"": 636, ""SELL:TOMATO"": 4, ""SELL:WHEAT"": 1108, ""SELL:WOOL"": 373}",control,random,,,,,,,,,,,,,,,,,,,,,,,,
317,1,184744.0,100.0,184644.0,win,DONE,DONE,1,2.5418645999743603,0,0,0,0,719,0,0,0.0144,0.06593,0.10703800000000005,0.1509,"{""BUILD_PASTURE"": 14, ""CARE"": 308, ""COLLECT_FERTILIZER"": 318, ""DIG"": 25, ""DROP"": 80, ""EAST"": 857, ""FEED"": 319, ""FERTILIZE"": 107, ""HARVEST"": 338, ""NORTH"": 1236, ""PASS"": 377, ""PICKUP"": 339, ""PLACE"": 27, ""PLANT"": 131, ""SOUTH"": 929, ""WATER"": 851, ""WEST"": 1098}","{""BUY_ANIMAL"": 14, ""BUY_LAND"": 2, ""BUY_PRODUCT"": 279, ""BUY_SEED"": 54, ""HIRE"": 306, ""SELL"": 481}","{""BUY_ANIMAL:COW"": 8, ""BUY_ANIMAL:SHEEP"": 6, ""BUY_PRODUCT:WHEAT"": 967, ""BUY_SEED:MELON"": 21, ""BUY_SEED:STRAWBERRY"": 44, ""BUY_SEED:WHEAT"": 66, ""SELL:CARROT"": 13, ""SELL:EGG"": 8, ""SELL:FERTILIZER"": 445, ""SELL:MELON"": 224, ""SELL:MILK"": 682, ""SELL:STRAWBERRY"": 636, ""SELL:TOMATO"": 4, ""SELL:WHEAT"": 1108, ""SELL:WOOL"": 373}",control,random,,,,,,,,,,,,,,,,,,,,,,,,
733,0,186431.0,0.0,186431.0,win,DONE,DONE,1,2.5420336999814026,0,0,0,0,719,0,0,0.0152,0.06466000000000001,0.1391440000000002,0.2112,"{""BUILD_PASTURE"": 14, ""CARE"": 308, ""COLLECT_FERTILIZER"": 318, ""DIG"": 25, ""DROP"": 80, ""EAST"": 857, ""FEED"": 319, ""FERTILIZE"": 107, ""HARVEST"": 338, ""NORTH"": 1236, ""PASS"": 377, ""PICKUP"": 339, ""PLACE"": 27, ""PLANT"": 131, ""SOUTH"": 929, ""WATER"": 851, ""WEST"": 1098}","{""BUY_ANIMAL"": 14, ""BUY_LAND"": 2, ""BUY_PRODUCT"": 279, ""BUY_SEED"": 54, ""HIRE"": 306, ""SELL"": 481}","{""BUY_ANIMAL:COW"": 8, ""BUY_ANIMAL:SHEEP"": 6, ""BUY_PRODUCT:WHEAT"": 967, ""BUY_SEED:MELON"": 21, ""BUY_SEED:STRAWBERRY"": 44, ""BUY_SEED:WHEAT"": 66, ""SELL:CARROT"": 13, ""SELL:EGG"": 8, ""SELL:FERTILIZER"": 445, ""SELL:MELON"": 224, ""SELL:MILK"": 682, ""SELL:STRAWBERRY"": 636, ""SELL:TOMATO"": 4, ""SELL:WHEAT"": 1108, ""SELL:WOOL"": 373}",control,random,,,,,,,,,,,,,,,,,,,,,,,,
733,1,190536.0,0.0,190536.0,win,DONE,DONE,1,2.541463500005193,0,0,0,0,719,0,0,0.0152,0.07194000000000009,0.15307200000000049,122.1269,"{""BUILD_PASTURE"": 14, ""CARE"": 308, ""COLLECT_FERTILIZER"": 318, ""DIG"": 25, ""DROP"": 80, ""EAST"": 857, ""FEED"": 319, ""FERTILIZE"": 107, ""HARVEST"": 338, ""NORTH"": 1236, ""PASS"": 377, ""PICKUP"": 339, ""PLACE"": 27, ""PLANT"": 131, ""SOUTH"": 929, ""WATER"": 851, ""WEST"": 1098}","{""BUY_ANIMAL"": 14, ""BUY_LAND"": 2, ""BUY_PRODUCT"": 279, ""BUY_SEED"": 54, ""HIRE"": 306, ""SELL"": 481}","{""BUY_ANIMAL:COW"": 8, ""BUY_ANIMAL:SHEEP"": 6, ""BUY_PRODUCT:WHEAT"": 967, ""BUY_SEED:MELON"": 21, ""BUY_SEED:STRAWBERRY"": 44, ""BUY_SEED:WHEAT"": 66, ""SELL:CARROT"": 13, ""SELL:EGG"": 8, ""SELL:FERTILIZER"": 445, ""SELL:MELON"": 224, ""SELL:MILK"": 682, ""SELL:STRAWBERRY"": 636, ""SELL:TOMATO"": 4, ""SELL:WHEAT"": 1108, ""SELL:WOOL"": 373}",control,random,,,,,,,,,,,,,,,,,,,,,,,,
17,0,143061.0,149929.0,-6868.0,loss,DONE,DONE,1,3.6739675999851897,0,0,0,0,719,0,0,0.0242,0.2160800000000005,5.709304,9.9176,"{""BUILD_PASTURE"": 14, ""CARE"": 308, ""COLLECT_FERTILIZER"": 318, ""DIG"": 25, ""DROP"": 80, ""EAST"": 857, ""FEED"": 319, ""FERTILIZE"": 107, ""HARVEST"": 338, ""NORTH"": 1236, ""PASS"": 377, ""PICKUP"": 339, ""PLACE"": 27, ""PLANT"": 131, ""SOUTH"": 929, ""WATER"": 851, ""WEST"": 1098}","{""BUY_ANIMAL"": 14, ""BUY_LAND"": 2, ""BUY_PRODUCT"": 279, ""BUY_SEED"": 54, ""HIRE"": 306, ""SELL"": 481}","{""BUY_ANIMAL:COW"": 8, ""BUY_ANIMAL:SHEEP"": 6, ""BUY_PRODUCT:WHEAT"": 967, ""BUY_SEED:MELON"": 21, ""BUY_SEED:STRAWBERRY"": 44, ""BUY_SEED:WHEAT"": 66, ""SELL:CARROT"": 13, ""SELL:EGG"": 8, ""SELL:FERTILIZER"": 445, ""SELL:MELON"": 224, ""SELL:MILK"": 682, ""SELL:STRAWBERRY"": 636, ""SELL:TOMATO"": 4, ""SELL:WHEAT"": 1108, ""SELL:WOOL"": 373}",conservative,v012,608,77,142,142,0,49,0,34,208,208,0,105,0,11,conservative,718,"{""MILK"": {""base"": 3, ""carried_value"": 807, ""chosen"": 3, ""deferred"": 0, ""gain"": 0.0, ""opponent_future"": 16.0, ""opponent_now"": 0.0, ""released"": 0, ""residual_value"": 0.0, ""step"": 716}, ""WOOL"": {""base"": 12, ""carried_value"": 1912, ""chosen"": 12, ""deferred"": 0, ""gain"": 0.0, ""opponent_future"": 6.6667, ""opponent_now"": 0.0, ""released"": 0, ""residual_value"": 0.0, ""step"": 715}}","{""MILK"": 0, ""WOOL"": 0}","[{""chosen"": {""WOOL"": 6}, ""pending"": {""WOOL"": 0}, ""step"": 280}, {""chosen"": {""WOOL"": 7}, ""pending"": {""WOOL"": 0}, ""step"": 358}, {""chosen"": {""WOOL"": 4}, ""pending"": {""WOOL"": 0}, ""step"": 365}, {""chosen"": {""MILK"": 9, ""WOOL"": 4}, ""pending"": {""MILK"": 0, ""WOOL"": 0}, ""step"": 366}, {""chosen"": {""MILK"": 9}, ""pending"": {""MILK"": 0, ""WOOL"": 0}, ""step"": 386}, {""chosen"": {""WOOL"": 1}, ""pending"": {""MILK"": 0, ""WOOL"": 0}, ""step"": 460}, {""chosen"": {""MILK"": 15}, ""pending"": {""MILK"": 0, ""WOOL"": 0}, ""step"": 536}, {""chosen"": {""WOOL"": 24}, ""pending"": {""MILK"": 0, ""WOOL"": 0}, ""step"": 538}, {""chosen"": {""MILK"": 4}, ""pending"": {""MILK"": 0, ""WOOL"": 0}, ""step"": 565}, {""chosen"": {""MILK"": 6}, ""pending"": {""MILK"": 0, ""WOOL"": 0}, ""step"": 607}, {""chosen"": {""WOOL"": 1}, ""pending"": {""MILK"": 0, ""WOOL"": 0}, ""step"": 625}, {""chosen"": {""WOOL"": 2}, ""pending"": {""MILK"": 0, ""WOOL"": 0}, ""step"": 627}, {""chosen"": {""MILK"": 15}, ""pending"": {""MILK"": 0, ""WOOL"": 0}, ""step"": 633}, {""chosen"": {""MILK"": 9}, ""pending"": {""MILK"": 0, ""WOOL"": 0}, ""step"": 656}, {""chosen"": {""MILK"": 9, ""WOOL"": 1}, ""pending"": {""MILK"": 0, ""WOOL"": 0}, ""step"": 657}, {""chosen"": {""WOOL"": 1}, ""pending"": {""MILK"": 0, ""WOOL"": 0}, ""step"": 660}, {""chosen"": {""MILK"": 10, ""WOOL"": 1}, ""pending"": {""MILK"": 0, ""WOOL"": 0}, ""step"": 661}, {""chosen"": {""MILK"": 4}, ""pending"": {""MILK"": 0, ""WOOL"": 0}, ""step"": 667}, {""chosen"": {""MILK"": 15}, ""pending"": {""MILK"": 0, ""WOOL"": 0}, ""step"": 670}, {""chosen"": {""MILK"": 12}, ""pending"": {""MILK"": 0, ""WOOL"": 0}, ""step"": 673}, {""chosen"": {""MILK"": 8}, ""pending"": {""MILK"": 0, ""WOOL"": 0}, ""step"": 674}, {""chosen"": {""MILK"": 8}, ""pending"": {""MILK"": 0, ""WOOL"": 0}, ""step"": 678}, {""chosen"": {""MILK"": 9}, ""pending"": {""MILK"": 0, ""WOOL"": 0}, ""step"": 685}, {""chosen"": {""MILK"": 13}, ""pending"": {""MILK"": 0, ""WOOL"": 0}, ""step"": 686}, {""chosen"": {""MILK"": 9}, ""pending"": {""MILK"": 0, ""WOOL"": 0}, ""step"": 698}, {""chosen"": {""WOOL"": 22}, ""pending"": {""MILK"": 0, ""WOOL"": 0}, ""step"": 699}, {""chosen"": {""MILK"": 11}, ""pending"": {""MILK"": 0, ""WOOL"": 0}, ""step"": 702}, {""chosen"": {""MILK"": 3, ""WOOL"": 24}, ""pending"": {""MILK"": 0, ""WOOL"": 0}, ""step"": 703}, {""chosen"": {""WOOL"": 12}, ""pending"": {""MILK"": 0, ""WOOL"": 0}, ""step"": 709}, {""chosen"": {""MILK"": 9}, ""pending"": {""MILK"": 0, ""WOOL"": 0}, ""step"": 710}, {""chosen"": {""MILK"": 12, ""WOOL"": 20}, ""pending"": {""MILK"": 0, ""WOOL"": 0}, ""step"": 712}, {""chosen"": {""MILK"": 3}, ""pending"": {""MILK"": 0, ""WOOL"": 0}, ""step"": 713}, {""chosen"": {""MILK"": 3, ""WOOL"": 12}, ""pending"": {""MILK"": 0, ""WOOL"": 0}, ""step"": 715}, {""chosen"": {""MILK"": 3}, ""pending"": {""MILK"": 0, ""WOOL"": 0}, ""step"": 716}]",0,0,,,
17,1,149954.0,143037.0,6917.0,win,DONE,DONE,1,3.7925981000298634,0,0,0,0,719,0,0,0.0214,0.3726900000000187,6.069302000000029,10.1411,"{""BUILD_PASTURE"": 14, ""CARE"": 308, ""COLLECT_FERTILIZER"": 318, ""DIG"": 25, ""DROP"": 80, ""EAST"": 857, ""FEED"": 319, ""FERTILIZE"": 107, ""HARVEST"": 338, ""NORTH"": 1236, ""PASS"": 377, ""PICKUP"": 339, ""PLACE"": 27, ""PLANT"": 131, ""SOUTH"": 929, ""WATER"": 851, ""WEST"": 1098}","{""BUY_ANIMAL"": 14, ""BUY_LAND"": 2, ""BUY_PRODUCT"": 279, ""BUY_SEED"": 54, ""HIRE"": 306, ""SELL"": 480}","{""BUY_ANIMAL:COW"": 8, ""BUY_ANIMAL:SHEEP"": 6, ""BUY_PRODUCT:WHEAT"": 967, ""BUY_SEED:MELON"": 21, ""BUY_SEED:STRAWBERRY"": 44, ""BUY_SEED:WHEAT"": 66, ""SELL:CARROT"": 13, ""SELL:EGG"": 8, ""SELL:FERTILIZER"": 445, ""SELL:MELON"": 224, ""SELL:MILK"": 682, ""SELL:STRAWBERRY"": 636, ""SELL:TOMATO"": 4, ""SELL:WHEAT"": 1108, ""SELL:WOOL"": 369}",conservative,v012,608,75,151,147,0,57,1,36,217,217,0,106,0,11,conservative,718,"{""MILK"": {""base"": 3, ""carried_value"": 807, ""chosen"": 3, ""deferred"": 0, ""gain"": 0.0, ""opponent_future"": 16.0, ""opponent_now"": 0.0, ""released"": 0, ""residual_value"": 0.0, ""step"": 716}, ""WOOL"": {""base"": 12, ""carried_value"": 2868, ""chosen"": 12, ""deferred"": 0, ""gain"": 0.0, ""opponent_future"": 5.3333, ""opponent_now"": 0.0, ""released"": 0, ""residual_value"": 0.0, ""step"": 715}}","{""MILK"": 0, ""WOOL"": 0}","[{""chosen"": {""WOOL"": 6}, ""pending"": {""WOOL"": 0}, ""step"": 280}, {""chosen"": {""WOOL"": 7}, ""pending"": {""WOOL"": 0}, ""step"": 358}, {""chosen"": {""WOOL"": 3}, ""pending"": {""WOOL"": 1}, ""step"": 365}, {""chosen"": {""MILK"": 9, ""WOOL"": 0}, ""pending"": {""MILK"": 0, ""WOOL"": 1}, ""step"": 366}, {""chosen"": {""MILK"": 9}, ""pending"": {""MILK"": 0, ""WOOL"": 1}, ""step"": 367}, {""chosen"": {""WOOL"": 10}, ""pending"": {""MILK"": 0, ""WOOL"": 0}, ""step"": 370}, {""chosen"": {""MILK"": 9}, ""pending"": {""MILK"": 0, ""WOOL"": 0}, ""step"": 386}, {""chosen"": {""WOOL"": 1}, ""pending"": {""MILK"": 0, ""WOOL"": 0}, ""step"": 460}, {""chosen"": {""MILK"": 15}, ""pending"": {""MILK"": 0, ""WOOL"": 0}, ""step"": 536}, {""chosen"": {""WOOL"": 24}, ""pending"": {""MILK"": 0, ""WOOL"": 0}, ""step"": 538}, {""chosen"": {""MILK"": 4}, ""pending"": {""MILK"": 0, ""WOOL"": 0}, ""step"": 565}, {""chosen"": {""MILK"": 6}, ""pending"": {""MILK"": 0, ""WOOL"": 0}, ""step"": 607}, {""chosen"": {""WOOL"": 1}, ""pending"": {""MILK"": 0, ""WOOL"": 0}, ""step"": 625}, {""chosen"": {""WOOL"": 2}, ""pending"": {""MILK"": 0, ""WOOL"": 0}, ""step"": 627}, {""chosen"": {""MILK"": 15}, ""pending"": {""MILK"": 0, ""WOOL"": 0}, ""step"": 633}, {""chosen"": {""MILK"": 9}, ""pending"": {""MILK"": 0, ""WOOL"": 0}, ""step"": 656}, {""chosen"": {""MILK"": 9, ""WOOL"": 1}, ""pending"": {""MILK"": 0, ""WOOL"": 0}, ""step"": 657}, {""chosen"": {""WOOL"": 1}, ""pending"": {""MILK"": 0, ""WOOL"": 0}, ""step"": 660}, {""chosen"": {""MILK"": 10, ""WOOL"": 1}, ""pending"": {""MILK"": 0, ""WOOL"": 0}, ""step"": 661}, {""chosen"": {""MILK"": 4}, ""pending"": {""MILK"": 0, ""WOOL"": 0}, ""step"": 667}, {""chosen"": {""MILK"": 15}, ""pending"": {""MILK"": 0, ""WOOL"": 0}, ""step"": 670}, {""chosen"": {""MILK"": 12}, ""pending"": {""MILK"": 0, ""WOOL"": 0}, ""step"": 673}, {""chosen"": {""MILK"": 8}, ""pending"": {""MILK"": 0, ""WOOL"": 0}, ""step"": 674}, {""chosen"": {""MILK"": 8}, ""pending"": {""MILK"": 0, ""WOOL"": 0}, ""step"": 678}, {""chosen"": {""MILK"": 9}, ""pending"": {""MILK"": 0, ""WOOL"": 0}, ""step"": 685}, {""chosen"": {""MILK"": 13}, ""pending"": {""MILK"": 0, ""WOOL"": 0}, ""step"": 686}, {""chosen"": {""MILK"": 9}, ""pending"": {""MILK"": 0, ""WOOL"": 0}, ""step"": 698}, {""chosen"": {""WOOL"": 22}, ""pending"": {""MILK"": 0, ""WOOL"": 0}, ""step"": 699}, {""chosen"": {""MILK"": 11}, ""pending"": {""MILK"": 0, ""WOOL"": 0}, ""step"": 702}, {""chosen"": {""MILK"": 3, ""WOOL"": 24}, ""pending"": {""MILK"": 0, ""WOOL"": 0}, ""step"": 703}, {""chosen"": {""WOOL"": 12}, ""pending"": {""MILK"": 0, ""WOOL"": 0}, ""step"": 709}, {""chosen"": {""MILK"": 9}, ""pending"": {""MILK"": 0, ""WOOL"": 0}, ""step"": 710}, {""chosen"": {""MILK"": 12, ""WOOL"": 20}, ""pending"": {""MILK"": 0, ""WOOL"": 0}, ""step"": 712}, {""chosen"": {""MILK"": 3}, ""pending"": {""MILK"": 0, ""WOOL"": 0}, ""step"": 713}, {""chosen"": {""MILK"": 3, ""WOOL"": 12}, ""pending"": {""MILK"": 0, ""WOOL"": 0}, ""step"": 715}, {""chosen"": {""MILK"": 3}, ""pending"": {""MILK"": 0, ""WOOL"": 0}, ""step"": 716}]",0,0,3,6,3
42,0,131450.0,132302.0,-852.0,loss,DONE,DONE,1,3.806675900006667,0,0,0,0,719,0,0,0.0253,2.252780000000001,6.786976000000006,9.5003,"{""BUILD_PASTURE"": 14, ""CARE"": 308, ""COLLECT_FERTILIZER"": 318, ""DIG"": 25, ""DROP"": 80, ""EAST"": 857, ""FEED"": 319, ""FERTILIZE"": 107, ""HARVEST"": 338, ""NORTH"": 1236, ""PASS"": 377, ""PICKUP"": 339, ""PLACE"": 27, ""PLANT"": 131, ""SOUTH"": 929, ""WATER"": 851, ""WEST"": 1098}","{""BUY_ANIMAL"": 14, ""BUY_LAND"": 2, ""BUY_PRODUCT"": 279, ""BUY_SEED"": 54, ""HIRE"": 306, ""SELL"": 470}","{""BUY_ANIMAL:COW"": 8, ""BUY_ANIMAL:SHEEP"": 6, ""BUY_PRODUCT:WHEAT"": 967, ""BUY_SEED:MELON"": 21, ""BUY_SEED:STRAWBERRY"": 44, ""BUY_SEED:WHEAT"": 66, ""SELL:CARROT"": 13, ""SELL:EGG"": 8, ""SELL:FERTILIZER"": 445, ""SELL:MELON"": 224, ""SELL:MILK"": 538, ""SELL:STRAWBERRY"": 636, ""SELL:TOMATO"": 4, ""SELL:WHEAT"": 1108, ""SELL:WOOL"": 373}",conservative,v012,608,63,145,145,0,44,0,48,384,240,0,170,13,11,conservative,718,"{""MILK"": {""base"": 3, ""carried_value"": 624, ""chosen"": 3, ""deferred"": 0, ""gain"": 0.0, ""opponent_future"": 16.0, ""opponent_now"": 0.0, ""released"": 0, ""residual_value"": 0.0, ""step"": 716}, ""WOOL"": {""base"": 12, ""carried_value"": 2904, ""chosen"": 12, ""deferred"": 0, ""gain"": 0.0, ""opponent_future"": 6.6667, ""opponent_now"": 0.0, ""released"": 0, ""residual_value"": 0.0, ""step"": 715}}","{""MILK"": 0, ""WOOL"": 0}","[{""chosen"": {""WOOL"": 6}, ""pending"": {""WOOL"": 0}, ""step"": 280}, {""chosen"": {""MILK"": 12}, ""pending"": {""MILK"": 0, ""WOOL"": 0}, ""step"": 294}, {""chosen"": {""WOOL"": 4}, ""pending"": {""MILK"": 0, ""WOOL"": 0}, ""step"": 365}, {""chosen"": {""MILK"": 9}, ""pending"": {""MILK"": 0, ""WOOL"": 0}, ""step"": 367}, {""chosen"": {""MILK"": 9}, ""pending"": {""MILK"": 0, ""WOOL"": 0}, ""step"": 387}, {""chosen"": {""MILK"": 9}, ""pending"": {""MILK"": 0, ""WOOL"": 0}, ""step"": 409}, {""chosen"": {""MILK"": 7}, ""pending"": {""MILK"": 1, ""WOOL"": 0}, ""step"": 438}, {""chosen"": {""MILK"": 0}, ""pending"": {""MILK"": 1, ""WOOL"": 0}, ""step"": 439}, {""chosen"": {""MILK"": 5}, ""pending"": {""MILK"": 0, ""WOOL"": 0}, ""step"": 440}, {""chosen"": {""MILK"": 9}, ""pending"": {""MILK"": 0, ""WOOL"": 0}, ""step"": 471}, {""chosen"": {""MILK"": 0}, ""pending"": {""MILK"": 1, ""WOOL"": 0}, ""step"": 484}, {""chosen"": {""MILK"": 0}, ""pending"": {""MILK"": 1, ""WOOL"": 0}, ""step"": 485}, {""chosen"": {""MILK"": 16}, ""pending"": {""MILK"": 0, ""WOOL"": 0}, ""step"": 489}, {""chosen"": {""MILK"": 15}, ""pending"": {""MILK"": 0, ""WOOL"": 0}, ""step"": 536}, {""chosen"": {""MILK"": 19, ""WOOL"": 24}, ""pending"": {""MILK"": 0, ""WOOL"": 0}, ""step"": 537}, {""chosen"": {""MILK"": 4}, ""pending"": {""MILK"": 0, ""WOOL"": 0}, ""step"": 565}, {""chosen"": {""MILK"": 0, ""WOOL"": 3}, ""pending"": {""MILK"": 1, ""WOOL"": 0}, ""step"": 566}, {""chosen"": {""MILK"": 2}, ""pending"": {""MILK"": 0, ""WOOL"": 0}, ""step"": 569}, {""chosen"": {""MILK"": 6}, ""pending"": {""MILK"": 0, ""WOOL"": 0}, ""step"": 607}, {""chosen"": {""MILK"": 0}, ""pending"": {""MILK"": 1, ""WOOL"": 0}, ""step"": 608}, {""chosen"": {""MILK"": 0}, ""pending"": {""MILK"": 1, ""WOOL"": 0}, ""step"": 609}, {""chosen"": {""MILK"": 7, ""WOOL"": 9}, ""pending"": {""MILK"": 0, ""WOOL"": 0}, ""step"": 612}, {""chosen"": {""WOOL"": 3}, ""pending"": {""MILK"": 0, ""WOOL"": 0}, ""step"": 616}, {""chosen"": {""WOOL"": 1}, ""pending"": {""MILK"": 0, ""WOOL"": 0}, ""step"": 625}, {""chosen"": {""WOOL"": 2}, ""pending"": {""MILK"": 0, ""WOOL"": 0}, ""step"": 627}, {""chosen"": {""MILK"": 15}, ""pending"": {""MILK"": 0, ""WOOL"": 0}, ""step"": 633}, {""chosen"": {""MILK"": 30}, ""pending"": {""MILK"": 0, ""WOOL"": 0}, ""step"": 637}, {""chosen"": {""MILK"": 0}, ""pending"": {""MILK"": 1, ""WOOL"": 0}, ""step"": 656}, {""chosen"": {""MILK"": 0, ""WOOL"": 1}, ""pending"": {""MILK"": 1, ""WOOL"": 0}, ""step"": 657}, {""chosen"": {""WOOL"": 1}, ""pending"": {""MILK"": 1, ""WOOL"": 0}, ""step"": 660}, {""chosen"": {""MILK"": 1, ""WOOL"": 1}, ""pending"": {""MILK"": 1, ""WOOL"": 0}, ""step"": 661}, {""chosen"": {""MILK"": 1}, ""pending"": {""MILK"": 1, ""WOOL"": 0}, ""step"": 667}, {""chosen"": {""MILK"": 1}, ""pending"": {""MILK"": 1, ""WOOL"": 0}, ""step"": 670}, {""chosen"": {""MILK"": 1}, ""pending"": {""MILK"": 1, ""WOOL"": 0}, ""step"": 673}, {""chosen"": {""MILK"": 1}, ""pending"": {""MILK"": 1, ""WOOL"": 0}, ""step"": 674}, {""chosen"": {""MILK"": 1}, ""pending"": {""MILK"": 1, ""WOOL"": 0}, ""step"": 678}, {""chosen"": {""MILK"": 1}, ""pending"": {""MILK"": 1, ""WOOL"": 0}, ""step"": 685}, {""chosen"": {""MILK"": 5}, ""pending"": {""MILK"": 1, ""WOOL"": 0}, ""step"": 686}, {""chosen"": {""MILK"": 10}, ""pending"": {""MILK"": 0, ""WOOL"": 0}, ""step"": 698}, {""chosen"": {""WOOL"": 22}, ""pending"": {""MILK"": 0, ""WOOL"": 0}, ""step"": 699}, {""chosen"": {""MILK"": 11}, ""pending"": {""MILK"": 0, ""WOOL"": 0}, ""step"": 702}, {""chosen"": {""MILK"": 3, ""WOOL"": 24}, ""pending"": {""MILK"": 0, ""WOOL"": 0}, ""step"": 703}, {""chosen"": {""WOOL"": 12}, ""pending"": {""MILK"": 0, ""WOOL"": 0}, ""step"": 709}, {""chosen"": {""MILK"": 9}, ""pending"": {""MILK"": 0, ""WOOL"": 0}, ""step"": 710}, {""chosen"": {""MILK"": 12, ""WOOL"": 20}, ""pending"": {""MILK"": 0, ""WOOL"": 0}, ""step"": 712}, {""chosen"": {""MILK"": 3}, ""pending"": {""MILK"": 0, ""WOOL"": 0}, ""step"": 713}, {""chosen"": {""MILK"": 3, ""WOOL"": 12}, ""pending"": {""MILK"": 0, ""WOOL"": 0}, ""step"": 715}, {""chosen"": {""MILK"": 3}, ""pending"": {""MILK"": 0, ""WOOL"": 0}, ""step"": 716}]",0,0,22,154,22
42,1,131553.0,132199.0,-646.0,loss,DONE,DONE,1,3.8765627999673598,0,0,0,0,719,0,0,0.0205,2.42162,6.673066000000001,9.6604,"{""BUILD_PASTURE"": 14, ""CARE"": 308, ""COLLECT_FERTILIZER"": 318, ""DIG"": 25, ""DROP"": 80, ""EAST"": 857, ""FEED"": 319, ""FERTILIZE"": 107, ""HARVEST"": 338, ""NORTH"": 1236, ""PASS"": 377, ""PICKUP"": 339, ""PLACE"": 27, ""PLANT"": 131, ""SOUTH"": 929, ""WATER"": 851, ""WEST"": 1098}","{""BUY_ANIMAL"": 14, ""BUY_LAND"": 2, ""BUY_PRODUCT"": 279, ""BUY_SEED"": 54, ""HIRE"": 306, ""SELL"": 470}","{""BUY_ANIMAL:COW"": 8, ""BUY_ANIMAL:SHEEP"": 6, ""BUY_PRODUCT:WHEAT"": 967, ""BUY_SEED:MELON"": 21, ""BUY_SEED:STRAWBERRY"": 44, ""BUY_SEED:WHEAT"": 66, ""SELL:CARROT"": 13, ""SELL:EGG"": 8, ""SELL:FERTILIZER"": 445, ""SELL:MELON"": 224, ""SELL:MILK"": 538, ""SELL:STRAWBERRY"": 636, ""SELL:TOMATO"": 4, ""SELL:WHEAT"": 1108, ""SELL:WOOL"": 373}",conservative,v012,608,63,145,145,0,44,0,48,384,240,0,170,13,11,conservative,718,"{""MILK"": {""base"": 3, ""carried_value"": 624, ""chosen"": 3, ""deferred"": 0, ""gain"": 0.0, ""opponent_future"": 16.0, ""opponent_now"": 0.0, ""released"": 0, ""residual_value"": 0.0, ""step"": 716}, ""WOOL"": {""base"": 12, ""carried_value"": 2904, ""chosen"": 12, ""deferred"": 0, ""gain"": 0.0, ""opponent_future"": 6.6667, ""opponent_now"": 0.0, ""released"": 0, ""residual_value"": 0.0, ""step"": 715}}","{""MILK"": 0, ""WOOL"": 0}","[{""chosen"": {""WOOL"": 6}, ""pending"": {""WOOL"": 0}, ""step"": 280}, {""chosen"": {""MILK"": 12}, ""pending"": {""MILK"": 0, ""WOOL"": 0}, ""step"": 294}, {""chosen"": {""WOOL"": 4}, ""pending"": {""MILK"": 0, ""WOOL"": 0}, ""step"": 365}, {""chosen"": {""MILK"": 9}, ""pending"": {""MILK"": 0, ""WOOL"": 0}, ""step"": 367}, {""chosen"": {""MILK"": 9}, ""pending"": {""MILK"": 0, ""WOOL"": 0}, ""step"": 387}, {""chosen"": {""MILK"": 9}, ""pending"": {""MILK"": 0, ""WOOL"": 0}, ""step"": 409}, {""chosen"": {""MILK"": 7}, ""pending"": {""MILK"": 1, ""WOOL"": 0}, ""step"": 438}, {""chosen"": {""MILK"": 0}, ""pending"": {""MILK"": 1, ""WOOL"": 0}, ""step"": 439}, {""chosen"": {""MILK"": 5}, ""pending"": {""MILK"": 0, ""WOOL"": 0}, ""step"": 440}, {""chosen"": {""MILK"": 9}, ""pending"": {""MILK"": 0, ""WOOL"": 0}, ""step"": 471}, {""chosen"": {""MILK"": 0}, ""pending"": {""MILK"": 1, ""WOOL"": 0}, ""step"": 484}, {""chosen"": {""MILK"": 0}, ""pending"": {""MILK"": 1, ""WOOL"": 0}, ""step"": 485}, {""chosen"": {""MILK"": 16}, ""pending"": {""MILK"": 0, ""WOOL"": 0}, ""step"": 489}, {""chosen"": {""MILK"": 15}, ""pending"": {""MILK"": 0, ""WOOL"": 0}, ""step"": 536}, {""chosen"": {""MILK"": 19, ""WOOL"": 24}, ""pending"": {""MILK"": 0, ""WOOL"": 0}, ""step"": 537}, {""chosen"": {""MILK"": 4}, ""pending"": {""MILK"": 0, ""WOOL"": 0}, ""step"": 565}, {""chosen"": {""MILK"": 0, ""WOOL"": 3}, ""pending"": {""MILK"": 1, ""WOOL"": 0}, ""step"": 566}, {""chosen"": {""MILK"": 2}, ""pending"": {""MILK"": 0, ""WOOL"": 0}, ""step"": 569}, {""chosen"": {""MILK"": 6}, ""pending"": {""MILK"": 0, ""WOOL"": 0}, ""step"": 607}, {""chosen"": {""MILK"": 0}, ""pending"": {""MILK"": 1, ""WOOL"": 0}, ""step"": 608}, {""chosen"": {""MILK"": 0}, ""pending"": {""MILK"": 1, ""WOOL"": 0}, ""step"": 609}, {""chosen"": {""MILK"": 7, ""WOOL"": 9}, ""pending"": {""MILK"": 0, ""WOOL"": 0}, ""step"": 612}, {""chosen"": {""WOOL"": 3}, ""pending"": {""MILK"": 0, ""WOOL"": 0}, ""step"": 616}, {""chosen"": {""WOOL"": 1}, ""pending"": {""MILK"": 0, ""WOOL"": 0}, ""step"": 625}, {""chosen"": {""WOOL"": 2}, ""pending"": {""MILK"": 0, ""WOOL"": 0}, ""step"": 627}, {""chosen"": {""MILK"": 15}, ""pending"": {""MILK"": 0, ""WOOL"": 0}, ""step"": 633}, {""chosen"": {""MILK"": 30}, ""pending"": {""MILK"": 0, ""WOOL"": 0}, ""step"": 637}, {""chosen"": {""MILK"": 0}, ""pending"": {""MILK"": 1, ""WOOL"": 0}, ""step"": 656}, {""chosen"": {""MILK"": 0, ""WOOL"": 1}, ""pending"": {""MILK"": 1, ""WOOL"": 0}, ""step"": 657}, {""chosen"": {""WOOL"": 1}, ""pending"": {""MILK"": 1, ""WOOL"": 0}, ""step"": 660}, {""chosen"": {""MILK"": 1, ""WOOL"": 1}, ""pending"": {""MILK"": 1, ""WOOL"": 0}, ""step"": 661}, {""chosen"": {""MILK"": 1}, ""pending"": {""MILK"": 1, ""WOOL"": 0}, ""step"": 667}, {""chosen"": {""MILK"": 1}, ""pending"": {""MILK"": 1, ""WOOL"": 0}, ""step"": 670}, {""chosen"": {""MILK"": 1}, ""pending"": {""MILK"": 1, ""WOOL"": 0}, ""step"": 673}, {""chosen"": {""MILK"": 1}, ""pending"": {""MILK"": 1, ""WOOL"": 0}, ""step"": 674}, {""chosen"": {""MILK"": 1}, ""pending"": {""MILK"": 1, ""WOOL"": 0}, ""step"": 678}, {""chosen"": {""MILK"": 1}, ""pending"": {""MILK"": 1, ""WOOL"": 0}, ""step"": 685}, {""chosen"": {""MILK"": 5}, ""pending"": {""MILK"": 1, ""WOOL"": 0}, ""step"": 686}, {""chosen"": {""MILK"": 10}, ""pending"": {""MILK"": 0, ""WOOL"": 0}, ""step"": 698}, {""chosen"": {""WOOL"": 22}, ""pending"": {""MILK"": 0, ""WOOL"": 0}, ""step"": 699}, {""chosen"": {""MILK"": 11}, ""pending"": {""MILK"": 0, ""WOOL"": 0}, ""step"": 702}, {""chosen"": {""MILK"": 3, ""WOOL"": 24}, ""pending"": {""MILK"": 0, ""WOOL"": 0}, ""step"": 703}, {""chosen"": {""WOOL"": 12}, ""pending"": {""MILK"": 0, ""WOOL"": 0}, ""step"": 709}, {""chosen"": {""MILK"": 9}, ""pending"": {""MILK"": 0, ""WOOL"": 0}, ""step"": 710}, {""chosen"": {""MILK"": 12, ""WOOL"": 20}, ""pending"": {""MILK"": 0, ""WOOL"": 0}, ""step"": 712}, {""chosen"": {""MILK"": 3}, ""pending"": {""MILK"": 0, ""WOOL"": 0}, ""step"": 713}, {""chosen"": {""MILK"": 3, ""WOOL"": 12}, ""pending"": {""MILK"": 0, ""WOOL"": 0}, ""step"": 715}, {""chosen"": {""MILK"": 3}, ""pending"": {""MILK"": 0, ""WOOL"": 0}, ""step"": 716}]",0,0,22,154,22
2026,0,110623.0,108924.0,1699.0,win,DONE,DONE,1,3.822040700004436,0,0,0,0,719,0,0,0.0248,2.3665700000000043,5.914898000000004,9.2741,"{""BUILD_PASTURE"": 14, ""CARE"": 308, ""COLLECT_FERTILIZER"": 318, ""DIG"": 25, ""DROP"": 80, ""EAST"": 857, ""FEED"": 319, ""FERTILIZE"": 107, ""HARVEST"": 338, ""NORTH"": 1236, ""PASS"": 377, ""PICKUP"": 339, ""PLACE"": 27, ""PLANT"": 131, ""SOUTH"": 929, ""WATER"": 851, ""WEST"": 1098}","{""BUY_ANIMAL"": 14, ""BUY_LAND"": 2, ""BUY_PRODUCT"": 279, ""BUY_SEED"": 54, ""HIRE"": 306, ""SELL"": 445}","{""BUY_ANIMAL:COW"": 8, ""BUY_ANIMAL:SHEEP"": 6, ""BUY_PRODUCT:WHEAT"": 967, ""BUY_SEED:MELON"": 21, ""BUY_SEED:STRAWBERRY"": 44, ""BUY_SEED:WHEAT"": 66, ""SELL:CARROT"": 13, ""SELL:EGG"": 8, ""SELL:FERTILIZER"": 437, ""SELL:MELON"": 224, ""SELL:MILK"": 514, ""SELL:STRAWBERRY"": 567, ""SELL:TOMATO"": 4, ""SELL:WHEAT"": 1108, ""SELL:WOOL"": 344}",conservative,v012,621,44,189,179,0,57,3,54,411,311,0,136,11,11,conservative,718,"{""MILK"": {""base"": 3, ""carried_value"": 573, ""chosen"": 3, ""deferred"": 0, ""gain"": 0.0, ""opponent_future"": 16.0, ""opponent_now"": 0.0, ""released"": 0, ""residual_value"": 0.0, ""step"": 716}, ""WOOL"": {""base"": 12, ""carried_value"": 2772, ""chosen"": 12, ""deferred"": 0, ""gain"": 0.0, ""opponent_future"": 6.6667, ""opponent_now"": 0.0, ""released"": 0, ""residual_value"": 0.0, ""step"": 715}}","{""MILK"": 0, ""WOOL"": 0}","[{""chosen"": {""WOOL"": 6}, ""pending"": {""WOOL"": 0}, ""step"": 280}, {""chosen"": {""MILK"": 9}, ""pending"": {""MILK"": 0, ""WOOL"": 0}, ""step"": 293}, {""chosen"": {""MILK"": 12}, ""pending"": {""MILK"": 0, ""WOOL"": 0}, ""step"": 294}, {""chosen"": {""WOOL"": 6}, ""pending"": {""MILK"": 0, ""WOOL"": 0}, ""step"": 354}, {""chosen"": {""WOOL"": 7}, ""pending"": {""MILK"": 0, ""WOOL"": 0}, ""step"": 358}, {""chosen"": {""WOOL"": 4}, ""pending"": {""MILK"": 0, ""WOOL"": 0}, ""step"": 365}, {""chosen"": {""MILK"": 9, ""WOOL"": 4}, ""pending"": {""MILK"": 0, ""WOOL"": 0}, ""step"": 366}, {""chosen"": {""MILK"": 9}, ""pending"": {""MILK"": 0, ""WOOL"": 0}, ""step"": 367}, {""chosen"": {""MILK"": 9}, ""pending"": {""MILK"": 0, ""WOOL"": 0}, ""step"": 386}, {""chosen"": {""MILK"": 9}, ""pending"": {""MILK"": 0, ""WOOL"": 0}, ""step"": 387}, {""chosen"": {""MILK"": 9}, ""pending"": {""MILK"": 0, ""WOOL"": 0}, ""step"": 409}, {""chosen"": {""WOOL"": 3}, ""pending"": {""MILK"": 0, ""WOOL"": 0}, ""step"": 424}, {""chosen"": {""MILK"": 20}, ""pending"": {""MILK"": 0, ""WOOL"": 0}, ""step"": 444}, {""chosen"": {""MILK"": 6}, ""pending"": {""MILK"": 0, ""WOOL"": 0}, ""step"": 450}, {""chosen"": {""MILK"": 12}, ""pending"": {""MILK"": 0, ""WOOL"": 0}, ""step"": 475}, {""chosen"": {""MILK"": 11}, ""pending"": {""MILK"": 0, ""WOOL"": 0}, ""step"": 477}, {""chosen"": {""MILK"": 2}, ""pending"": {""MILK"": 0, ""WOOL"": 0}, ""step"": 520}, {""chosen"": {""MILK"": 15}, ""pending"": {""MILK"": 0, ""WOOL"": 0}, ""step"": 536}, {""chosen"": {""MILK"": 19, ""WOOL"": 24}, ""pending"": {""MILK"": 0, ""WOOL"": 0}, ""step"": 537}, {""chosen"": {""WOOL"": 24}, ""pending"": {""MILK"": 0, ""WOOL"": 0}, ""step"": 538}, {""chosen"": {""MILK"": 4}, ""pending"": {""MILK"": 0, ""WOOL"": 0}, ""step"": 565}, {""chosen"": {""MILK"": 4, ""WOOL"": 3}, ""pending"": {""MILK"": 0, ""WOOL"": 0}, ""step"": 566}, {""chosen"": {""MILK"": 1}, ""pending"": {""MILK"": 0, ""WOOL"": 0}, ""step"": 569}, {""chosen"": {""MILK"": 12}, ""pending"": {""MILK"": 0, ""WOOL"": 0}, ""step"": 573}, {""chosen"": {""MILK"": 6}, ""pending"": {""MILK"": 0, ""WOOL"": 0}, ""step"": 607}, {""chosen"": {""MILK"": 15}, ""pending"": {""MILK"": 0, ""WOOL"": 0}, ""step"": 608}, {""chosen"": {""MILK"": 9}, ""pending"": {""MILK"": 0, ""WOOL"": 0}, ""step"": 609}, {""chosen"": {""WOOL"": 3}, ""pending"": {""MILK"": 0, ""WOOL"": 0}, ""step"": 616}, {""chosen"": {""MILK"": 14, ""WOOL"": 9}, ""pending"": {""MILK"": 0, ""WOOL"": 0}, ""step"": 617}, {""chosen"": {""WOOL"": 1}, ""pending"": {""MILK"": 0, ""WOOL"": 0}, ""step"": 625}, {""chosen"": {""WOOL"": 2}, ""pending"": {""MILK"": 0, ""WOOL"": 0}, ""step"": 627}, {""chosen"": {""MILK"": 15}, ""pending"": {""MILK"": 0, ""WOOL"": 0}, ""step"": 633}, {""chosen"": {""MILK"": 30}, ""pending"": {""MILK"": 0, ""WOOL"": 0}, ""step"": 637}, {""chosen"": {""MILK"": 0}, ""pending"": {""MILK"": 1, ""WOOL"": 0}, ""step"": 656}, {""chosen"": {""MILK"": 0, ""WOOL"": 1}, ""pending"": {""MILK"": 1, ""WOOL"": 0}, ""step"": 657}, {""chosen"": {""WOOL"": 0}, ""pending"": {""MILK"": 1, ""WOOL"": 1}, ""step"": 660}, {""chosen"": {""MILK"": 1, ""WOOL"": 1}, ""pending"": {""MILK"": 1, ""WOOL"": 1}, ""step"": 661}, {""chosen"": {""MILK"": 1}, ""pending"": {""MILK"": 1, ""WOOL"": 1}, ""step"": 667}, {""chosen"": {""MILK"": 1}, ""pending"": {""MILK"": 1, ""WOOL"": 1}, ""step"": 670}, {""chosen"": {""MILK"": 1}, ""pending"": {""MILK"": 1, ""WOOL"": 1}, ""step"": 673}, {""chosen"": {""MILK"": 1}, ""pending"": {""MILK"": 1, ""WOOL"": 1}, ""step"": 674}, {""chosen"": {""MILK"": 1}, ""pending"": {""MILK"": 1, ""WOOL"": 1}, ""step"": 678}, {""chosen"": {""MILK"": 1}, ""pending"": {""MILK"": 1, ""WOOL"": 1}, ""step"": 685}, {""chosen"": {""MILK"": 1}, ""pending"": {""MILK"": 1, ""WOOL"": 1}, ""step"": 686}, {""chosen"": {""MILK"": 4}, ""pending"": {""MILK"": 1, ""WOOL"": 1}, ""step"": 698}, {""chosen"": {""WOOL"": 12}, ""pending"": {""MILK"": 1, ""WOOL"": 1}, ""step"": 699}, {""chosen"": {""MILK"": 4}, ""pending"": {""MILK"": 1, ""WOOL"": 1}, ""step"": 702}, {""chosen"": {""MILK"": 4, ""WOOL"": 25}, ""pending"": {""MILK"": 0, ""WOOL"": 0}, ""step"": 703}, {""chosen"": {""WOOL"": 12}, ""pending"": {""MILK"": 0, ""WOOL"": 0}, ""step"": 709}, {""chosen"": {""MILK"": 9}, ""pending"": {""MILK"": 0, ""WOOL"": 0}, ""step"": 710}, {""chosen"": {""MILK"": 12, ""WOOL"": 20}, ""pending"": {""MILK"": 0, ""WOOL"": 0}, ""step"": 712}, {""chosen"": {""MILK"": 3}, ""pending"": {""MILK"": 0, ""WOOL"": 0}, ""step"": 713}, {""chosen"": {""MILK"": 3, ""WOOL"": 12}, ""pending"": {""MILK"": 0, ""WOOL"": 0}, ""step"": 715}, {""chosen"": {""MILK"": 3}, ""pending"": {""MILK"": 0, ""WOOL"": 0}, ""step"": 716}]",0,0,16,114,15
2026,1,108705.0,111012.0,-2307.0,loss,DONE,DONE,1,4.057813699997496,0,0,0,0,719,0,0,0.0218,2.5656600000000003,5.903564000000014,9.7551,"{""BUILD_PASTURE"": 14, ""CARE"": 308, ""COLLECT_FERTILIZER"": 318, ""DIG"": 25, ""DROP"": 80, ""EAST"": 857, ""FEED"": 319, ""FERTILIZE"": 107, ""HARVEST"": 338, ""NORTH"": 1236, ""PASS"": 377, ""PICKUP"": 339, ""PLACE"": 27, ""PLANT"": 131, ""SOUTH"": 929, ""WATER"": 851, ""WEST"": 1098}","{""BUY_ANIMAL"": 14, ""BUY_LAND"": 2, ""BUY_PRODUCT"": 279, ""BUY_SEED"": 54, ""HIRE"": 306, ""SELL"": 445}","{""BUY_ANIMAL:COW"": 8, ""BUY_ANIMAL:SHEEP"": 6, ""BUY_PRODUCT:WHEAT"": 967, ""BUY_SEED:MELON"": 21, ""BUY_SEED:STRAWBERRY"": 44, ""BUY_SEED:WHEAT"": 66, ""SELL:CARROT"": 13, ""SELL:EGG"": 8, ""SELL:FERTILIZER"": 437, ""SELL:MELON"": 224, ""SELL:MILK"": 514, ""SELL:STRAWBERRY"": 567, ""SELL:TOMATO"": 4, ""SELL:WHEAT"": 1108, ""SELL:WOOL"": 344}",conservative,v012,621,44,189,179,0,57,3,54,411,311,0,136,11,11,conservative,718,"{""MILK"": {""base"": 3, ""carried_value"": 573, ""chosen"": 3, ""deferred"": 0, ""gain"": 0.0, ""opponent_future"": 16.0, ""opponent_now"": 0.0, ""released"": 0, ""residual_value"": 0.0, ""step"": 716}, ""WOOL"": {""base"": 12, ""carried_value"": 2772, ""chosen"": 12, ""deferred"": 0, ""gain"": 0.0, ""opponent_future"": 6.6667, ""opponent_now"": 0.0, ""released"": 0, ""residual_value"": 0.0, ""step"": 715}}","{""MILK"": 0, ""WOOL"": 0}","[{""chosen"": {""WOOL"": 6}, ""pending"": {""WOOL"": 0}, ""step"": 280}, {""chosen"": {""MILK"": 9}, ""pending"": {""MILK"": 0, ""WOOL"": 0}, ""step"": 293}, {""chosen"": {""MILK"": 12}, ""pending"": {""MILK"": 0, ""WOOL"": 0}, ""step"": 294}, {""chosen"": {""WOOL"": 6}, ""pending"": {""MILK"": 0, ""WOOL"": 0}, ""step"": 354}, {""chosen"": {""WOOL"": 7}, ""pending"": {""MILK"": 0, ""WOOL"": 0}, ""step"": 358}, {""chosen"": {""WOOL"": 4}, ""pending"": {""MILK"": 0, ""WOOL"": 0}, ""step"": 365}, {""chosen"": {""MILK"": 9, ""WOOL"": 4}, ""pending"": {""MILK"": 0, ""WOOL"": 0}, ""step"": 366}, {""chosen"": {""MILK"": 9}, ""pending"": {""MILK"": 0, ""WOOL"": 0}, ""step"": 367}, {""chosen"": {""MILK"": 9}, ""pending"": {""MILK"": 0, ""WOOL"": 0}, ""step"": 386}, {""chosen"": {""MILK"": 9}, ""pending"": {""MILK"": 0, ""WOOL"": 0}, ""step"": 387}, {""chosen"": {""MILK"": 9}, ""pending"": {""MILK"": 0, ""WOOL"": 0}, ""step"": 409}, {""chosen"": {""WOOL"": 3}, ""pending"": {""MILK"": 0, ""WOOL"": 0}, ""step"": 424}, {""chosen"": {""MILK"": 20}, ""pending"": {""MILK"": 0, ""WOOL"": 0}, ""step"": 444}, {""chosen"": {""MILK"": 6}, ""pending"": {""MILK"": 0, ""WOOL"": 0}, ""step"": 450}, {""chosen"": {""MILK"": 12}, ""pending"": {""MILK"": 0, ""WOOL"": 0}, ""step"": 475}, {""chosen"": {""MILK"": 11}, ""pending"": {""MILK"": 0, ""WOOL"": 0}, ""step"": 477}, {""chosen"": {""MILK"": 2}, ""pending"": {""MILK"": 0, ""WOOL"": 0}, ""step"": 520}, {""chosen"": {""MILK"": 15}, ""pending"": {""MILK"": 0, ""WOOL"": 0}, ""step"": 536}, {""chosen"": {""MILK"": 19, ""WOOL"": 24}, ""pending"": {""MILK"": 0, ""WOOL"": 0}, ""step"": 537}, {""chosen"": {""WOOL"": 24}, ""pending"": {""MILK"": 0, ""WOOL"": 0}, ""step"": 538}, {""chosen"": {""MILK"": 4}, ""pending"": {""MILK"": 0, ""WOOL"": 0}, ""step"": 565}, {""chosen"": {""MILK"": 4, ""WOOL"": 3}, ""pending"": {""MILK"": 0, ""WOOL"": 0}, ""step"": 566}, {""chosen"": {""MILK"": 1}, ""pending"": {""MILK"": 0, ""WOOL"": 0}, ""step"": 569}, {""chosen"": {""MILK"": 12}, ""pending"": {""MILK"": 0, ""WOOL"": 0}, ""step"": 573}, {""chosen"": {""MILK"": 6}, ""pending"": {""MILK"": 0, ""WOOL"": 0}, ""step"": 607}, {""chosen"": {""MILK"": 15}, ""pending"": {""MILK"": 0, ""WOOL"": 0}, ""step"": 608}, {""chosen"": {""MILK"": 9}, ""pending"": {""MILK"": 0, ""WOOL"": 0}, ""step"": 609}, {""chosen"": {""WOOL"": 3}, ""pending"": {""MILK"": 0, ""WOOL"": 0}, ""step"": 616}, {""chosen"": {""MILK"": 14, ""WOOL"": 9}, ""pending"": {""MILK"": 0, ""WOOL"": 0}, ""step"": 617}, {""chosen"": {""WOOL"": 1}, ""pending"": {""MILK"": 0, ""WOOL"": 0}, ""step"": 625}, {""chosen"": {""WOOL"": 2}, ""pending"": {""MILK"": 0, ""WOOL"": 0}, ""step"": 627}, {""chosen"": {""MILK"": 15}, ""pending"": {""MILK"": 0, ""WOOL"": 0}, ""step"": 633}, {""chosen"": {""MILK"": 30}, ""pending"": {""MILK"": 0, ""WOOL"": 0}, ""step"": 637}, {""chosen"": {""MILK"": 0}, ""pending"": {""MILK"": 1, ""WOOL"": 0}, ""step"": 656}, {""chosen"": {""MILK"": 0, ""WOOL"": 1}, ""pending"": {""MILK"": 1, ""WOOL"": 0}, ""step"": 657}, {""chosen"": {""WOOL"": 0}, ""pending"": {""MILK"": 1, ""WOOL"": 1}, ""step"": 660}, {""chosen"": {""MILK"": 1, ""WOOL"": 1}, ""pending"": {""MILK"": 1, ""WOOL"": 1}, ""step"": 661}, {""chosen"": {""MILK"": 1}, ""pending"": {""MILK"": 1, ""WOOL"": 1}, ""step"": 667}, {""chosen"": {""MILK"": 1}, ""pending"": {""MILK"": 1, ""WOOL"": 1}, ""step"": 670}, {""chosen"": {""MILK"": 1}, ""pending"": {""MILK"": 1, ""WOOL"": 1}, ""step"": 673}, {""chosen"": {""MILK"": 1}, ""pending"": {""MILK"": 1, ""WOOL"": 1}, ""step"": 674}, {""chosen"": {""MILK"": 1}, ""pending"": {""MILK"": 1, ""WOOL"": 1}, ""step"": 678}, {""chosen"": {""MILK"": 1}, ""pending"": {""MILK"": 1, ""WOOL"": 1}, ""step"": 685}, {""chosen"": {""MILK"": 1}, ""pending"": {""MILK"": 1, ""WOOL"": 1}, ""step"": 686}, {""chosen"": {""MILK"": 4}, ""pending"": {""MILK"": 1, ""WOOL"": 1}, ""step"": 698}, {""chosen"": {""WOOL"": 12}, ""pending"": {""MILK"": 1, ""WOOL"": 1}, ""step"": 699}, {""chosen"": {""MILK"": 4}, ""pending"": {""MILK"": 1, ""WOOL"": 1}, ""step"": 702}, {""chosen"": {""MILK"": 4, ""WOOL"": 25}, ""pending"": {""MILK"": 0, ""WOOL"": 0}, ""step"": 703}, {""chosen"": {""WOOL"": 12}, ""pending"": {""MILK"": 0, ""WOOL"": 0}, ""step"": 709}, {""chosen"": {""MILK"": 9}, ""pending"": {""MILK"": 0, ""WOOL"": 0}, ""step"": 710}, {""chosen"": {""MILK"": 12, ""WOOL"": 20}, ""pending"": {""MILK"": 0, ""WOOL"": 0}, ""step"": 712}, {""chosen"": {""MILK"": 3}, ""pending"": {""MILK"": 0, ""WOOL"": 0}, ""step"": 713}, {""chosen"": {""MILK"": 3, ""WOOL"": 12}, ""pending"": {""MILK"": 0, ""WOOL"": 0}, ""step"": 715}, {""chosen"": {""MILK"": 3}, ""pending"": {""MILK"": 0, ""WOOL"": 0}, ""step"": 716}]",0,0,16,114,15
217,0,103695.0,104717.0,-1022.0,loss,DONE,DONE,1,3.7872990999603644,0,0,24,0,719,0,0,0.0253,2.65525,5.9274860000000045,9.5355,"{""BUILD_PASTURE"": 14, ""CARE"": 308, ""COLLECT_FERTILIZER"": 318, ""DIG"": 25, ""DROP"": 80, ""EAST"": 857, ""FEED"": 319, ""FERTILIZE"": 107, ""HARVEST"": 338, ""NORTH"": 1236, ""PASS"": 377, ""PICKUP"": 339, ""PLACE"": 27, ""PLANT"": 131, ""SOUTH"": 929, ""WATER"": 851, ""WEST"": 1098}","{""BUY_ANIMAL"": 14, ""BUY_LAND"": 2, ""BUY_PRODUCT"": 279, ""BUY_SEED"": 54, ""HIRE"": 306, ""SELL"": 476}","{""BUY_ANIMAL:COW"": 8, ""BUY_ANIMAL:SHEEP"": 6, ""BUY_PRODUCT:WHEAT"": 967, ""BUY_SEED:MELON"": 21, ""BUY_SEED:STRAWBERRY"": 44, ""BUY_SEED:WHEAT"": 66, ""SELL:CARROT"": 13, ""SELL:EGG"": 8, ""SELL:FERTILIZER"": 445, ""SELL:MELON"": 224, ""SELL:MILK"": 556, ""SELL:STRAWBERRY"": 636, ""SELL:TOMATO"": 4, ""SELL:WHEAT"": 1108, ""SELL:WOOL"": 373}",conservative,v012,608,62,133,133,0,42,0,49,383,257,1,144,15,11,conservative,718,"{""MILK"": {""base"": 3, ""carried_value"": 603, ""chosen"": 1, ""deferred"": 1, ""gain"": 168.9429, ""opponent_future"": 16.0, ""opponent_now"": 0.0, ""released"": 1, ""residual_value"": 3968.0, ""step"": 716}, ""WOOL"": {""base"": 12, ""carried_value"": 2904, ""chosen"": 12, ""deferred"": 0, ""gain"": 0.0, ""opponent_future"": 6.6667, ""opponent_now"": 0.0, ""released"": 0, ""residual_value"": 0.0, ""step"": 715}}","{""MILK"": 1, ""WOOL"": 0}","[{""chosen"": {""WOOL"": 6}, ""pending"": {""WOOL"": 0}, ""step"": 280}, {""chosen"": {""MILK"": 12}, ""pending"": {""MILK"": 0, ""WOOL"": 0}, ""step"": 294}, {""chosen"": {""MILK"": 3}, ""pending"": {""MILK"": 0, ""WOOL"": 0}, ""step"": 343}, {""chosen"": {""WOOL"": 4}, ""pending"": {""MILK"": 0, ""WOOL"": 0}, ""step"": 365}, {""chosen"": {""MILK"": 9}, ""pending"": {""MILK"": 0, ""WOOL"": 0}, ""step"": 367}, {""chosen"": {""MILK"": 9}, ""pending"": {""MILK"": 0, ""WOOL"": 0}, ""step"": 387}, {""chosen"": {""MILK"": 9}, ""pending"": {""MILK"": 0, ""WOOL"": 0}, ""step"": 409}, {""chosen"": {""MILK"": 8}, ""pending"": {""MILK"": 0, ""WOOL"": 0}, ""step"": 438}, {""chosen"": {""MILK"": 5}, ""pending"": {""MILK"": 0, ""WOOL"": 0}, ""step"": 439}, {""chosen"": {""MILK"": 4}, ""pending"": {""MILK"": 0, ""WOOL"": 0}, ""step"": 440}, {""chosen"": {""MILK"": 9}, ""pending"": {""MILK"": 0, ""WOOL"": 0}, ""step"": 471}, {""chosen"": {""MILK"": 15}, ""pending"": {""MILK"": 0, ""WOOL"": 0}, ""step"": 484}, {""chosen"": {""MILK"": 15}, ""pending"": {""MILK"": 0, ""WOOL"": 0}, ""step"": 485}, {""chosen"": {""MILK"": 2}, ""pending"": {""MILK"": 0, ""WOOL"": 0}, ""step"": 521}, {""chosen"": {""MILK"": 2}, ""pending"": {""MILK"": 0, ""WOOL"": 0}, ""step"": 524}, {""chosen"": {""MILK"": 15}, ""pending"": {""MILK"": 0, ""WOOL"": 0}, ""step"": 536}, {""chosen"": {""MILK"": 19, ""WOOL"": 24}, ""pending"": {""MILK"": 0, ""WOOL"": 0}, ""step"": 537}, {""chosen"": {""MILK"": 4}, ""pending"": {""MILK"": 0, ""WOOL"": 0}, ""step"": 565}, {""chosen"": {""MILK"": 4, ""WOOL"": 3}, ""pending"": {""MILK"": 0, ""WOOL"": 0}, ""step"": 566}, {""chosen"": {""MILK"": 2}, ""pending"": {""MILK"": 0, ""WOOL"": 0}, ""step"": 572}, {""chosen"": {""MILK"": 12}, ""pending"": {""MILK"": 0, ""WOOL"": 0}, ""step"": 573}, {""chosen"": {""MILK"": 6}, ""pending"": {""MILK"": 0, ""WOOL"": 0}, ""step"": 607}, {""chosen"": {""MILK"": 15}, ""pending"": {""MILK"": 0, ""WOOL"": 0}, ""step"": 608}, {""chosen"": {""MILK"": 9}, ""pending"": {""MILK"": 0, ""WOOL"": 0}, ""step"": 609}, {""chosen"": {""WOOL"": 1}, ""pending"": {""MILK"": 0, ""WOOL"": 0}, ""step"": 625}, {""chosen"": {""WOOL"": 2}, ""pending"": {""MILK"": 0, ""WOOL"": 0}, ""step"": 627}, {""chosen"": {""MILK"": 15}, ""pending"": {""MILK"": 0, ""WOOL"": 0}, ""step"": 633}, {""chosen"": {""MILK"": 30}, ""pending"": {""MILK"": 0, ""WOOL"": 0}, ""step"": 637}, {""chosen"": {""MILK"": 0}, ""pending"": {""MILK"": 1, ""WOOL"": 0}, ""step"": 656}, {""chosen"": {""MILK"": 0, ""WOOL"": 1}, ""pending"": {""MILK"": 1, ""WOOL"": 0}, ""step"": 657}, {""chosen"": {""WOOL"": 1}, ""pending"": {""MILK"": 1, ""WOOL"": 0}, ""step"": 660}, {""chosen"": {""MILK"": 1, ""WOOL"": 1}, ""pending"": {""MILK"": 1, ""WOOL"": 0}, ""step"": 661}, {""chosen"": {""MILK"": 1}, ""pending"": {""MILK"": 1, ""WOOL"": 0}, ""step"": 667}, {""chosen"": {""MILK"": 1}, ""pending"": {""MILK"": 1, ""WOOL"": 0}, ""step"": 670}, {""chosen"": {""MILK"": 1}, ""pending"": {""MILK"": 1, ""WOOL"": 0}, ""step"": 673}, {""chosen"": {""MILK"": 1}, ""pending"": {""MILK"": 1, ""WOOL"": 0}, ""step"": 674}, {""chosen"": {""MILK"": 1}, ""pending"": {""MILK"": 1, ""WOOL"": 0}, ""step"": 678}, {""chosen"": {""MILK"": 1}, ""pending"": {""MILK"": 1, ""WOOL"": 0}, ""step"": 685}, {""chosen"": {""MILK"": 1}, ""pending"": {""MILK"": 1, ""WOOL"": 0}, ""step"": 686}, {""chosen"": {""MILK"": 1}, ""pending"": {""MILK"": 1, ""WOOL"": 0}, ""step"": 698}, {""chosen"": {""WOOL"": 22}, ""pending"": {""MILK"": 1, ""WOOL"": 0}, ""step"": 699}, {""chosen"": {""MILK"": 1}, ""pending"": {""MILK"": 1, ""WOOL"": 0}, ""step"": 702}, {""chosen"": {""MILK"": 1, ""WOOL"": 24}, ""pending"": {""MILK"": 1, ""WOOL"": 0}, ""step"": 703}, {""chosen"": {""WOOL"": 12}, ""pending"": {""MILK"": 1, ""WOOL"": 0}, ""step"": 709}, {""chosen"": {""MILK"": 10}, ""pending"": {""MILK"": 0, ""WOOL"": 0}, ""step"": 710}, {""chosen"": {""MILK"": 0, ""WOOL"": 20}, ""pending"": {""MILK"": 1, ""WOOL"": 0}, ""step"": 712}, {""chosen"": {""MILK"": 1}, ""pending"": {""MILK"": 1, ""WOOL"": 0}, ""step"": 713}, {""chosen"": {""MILK"": 1, ""WOOL"": 12}, ""pending"": {""MILK"": 1, ""WOOL"": 0}, ""step"": 715}, {""chosen"": {""MILK"": 1}, ""pending"": {""MILK"": 1, ""WOOL"": 0}, ""step"": 716}]",0,0,18,128,18
217,1,103520.0,104948.0,-1428.0,loss,DONE,DONE,1,3.827298399992287,0,0,24,0,719,0,0,0.0209,2.5197,6.204818000000001,9.6763,"{""BUILD_PASTURE"": 14, ""CARE"": 308, ""COLLECT_FERTILIZER"": 318, ""DIG"": 25, ""DROP"": 80, ""EAST"": 857, ""FEED"": 319, ""FERTILIZE"": 107, ""HARVEST"": 338, ""NORTH"": 1236, ""PASS"": 377, ""PICKUP"": 339, ""PLACE"": 27, ""PLANT"": 131, ""SOUTH"": 929, ""WATER"": 851, ""WEST"": 1098}","{""BUY_ANIMAL"": 14, ""BUY_LAND"": 2, ""BUY_PRODUCT"": 279, ""BUY_SEED"": 54, ""HIRE"": 306, ""SELL"": 476}","{""BUY_ANIMAL:COW"": 8, ""BUY_ANIMAL:SHEEP"": 6, ""BUY_PRODUCT:WHEAT"": 967, ""BUY_SEED:MELON"": 21, ""BUY_SEED:STRAWBERRY"": 44, ""BUY_SEED:WHEAT"": 66, ""SELL:CARROT"": 13, ""SELL:EGG"": 8, ""SELL:FERTILIZER"": 445, ""SELL:MELON"": 224, ""SELL:MILK"": 556, ""SELL:STRAWBERRY"": 636, ""SELL:TOMATO"": 4, ""SELL:WHEAT"": 1108, ""SELL:WOOL"": 373}",conservative,v012,608,62,133,133,0,42,0,49,383,257,1,144,15,11,conservative,718,"{""MILK"": {""base"": 3, ""carried_value"": 603, ""chosen"": 1, ""deferred"": 1, ""gain"": 168.9429, ""opponent_future"": 16.0, ""opponent_now"": 0.0, ""released"": 1, ""residual_value"": 3968.0, ""step"": 716}, ""WOOL"": {""base"": 12, ""carried_value"": 2904, ""chosen"": 12, ""deferred"": 0, ""gain"": 0.0, ""opponent_future"": 6.6667, ""opponent_now"": 0.0, ""released"": 0, ""residual_value"": 0.0, ""step"": 715}}","{""MILK"": 1, ""WOOL"": 0}","[{""chosen"": {""WOOL"": 6}, ""pending"": {""WOOL"": 0}, ""step"": 280}, {""chosen"": {""MILK"": 12}, ""pending"": {""MILK"": 0, ""WOOL"": 0}, ""step"": 294}, {""chosen"": {""MILK"": 3}, ""pending"": {""MILK"": 0, ""WOOL"": 0}, ""step"": 343}, {""chosen"": {""WOOL"": 4}, ""pending"": {""MILK"": 0, ""WOOL"": 0}, ""step"": 365}, {""chosen"": {""MILK"": 9}, ""pending"": {""MILK"": 0, ""WOOL"": 0}, ""step"": 367}, {""chosen"": {""MILK"": 9}, ""pending"": {""MILK"": 0, ""WOOL"": 0}, ""step"": 387}, {""chosen"": {""MILK"": 9}, ""pending"": {""MILK"": 0, ""WOOL"": 0}, ""step"": 409}, {""chosen"": {""MILK"": 8}, ""pending"": {""MILK"": 0, ""WOOL"": 0}, ""step"": 438}, {""chosen"": {""MILK"": 5}, ""pending"": {""MILK"": 0, ""WOOL"": 0}, ""step"": 439}, {""chosen"": {""MILK"": 4}, ""pending"": {""MILK"": 0, ""WOOL"": 0}, ""step"": 440}, {""chosen"": {""MILK"": 9}, ""pending"": {""MILK"": 0, ""WOOL"": 0}, ""step"": 471}, {""chosen"": {""MILK"": 15}, ""pending"": {""MILK"": 0, ""WOOL"": 0}, ""step"": 484}, {""chosen"": {""MILK"": 15}, ""pending"": {""MILK"": 0, ""WOOL"": 0}, ""step"": 485}, {""chosen"": {""MILK"": 2}, ""pending"": {""MILK"": 0, ""WOOL"": 0}, ""step"": 521}, {""chosen"": {""MILK"": 2}, ""pending"": {""MILK"": 0, ""WOOL"": 0}, ""step"": 524}, {""chosen"": {""MILK"": 15}, ""pending"": {""MILK"": 0, ""WOOL"": 0}, ""step"": 536}, {""chosen"": {""MILK"": 19, ""WOOL"": 24}, ""pending"": {""MILK"": 0, ""WOOL"": 0}, ""step"": 537}, {""chosen"": {""MILK"": 4}, ""pending"": {""MILK"": 0, ""WOOL"": 0}, ""step"": 565}, {""chosen"": {""MILK"": 4, ""WOOL"": 3}, ""pending"": {""MILK"": 0, ""WOOL"": 0}, ""step"": 566}, {""chosen"": {""MILK"": 2}, ""pending"": {""MILK"": 0, ""WOOL"": 0}, ""step"": 572}, {""chosen"": {""MILK"": 12}, ""pending"": {""MILK"": 0, ""WOOL"": 0}, ""step"": 573}, {""chosen"": {""MILK"": 6}, ""pending"": {""MILK"": 0, ""WOOL"": 0}, ""step"": 607}, {""chosen"": {""MILK"": 15}, ""pending"": {""MILK"": 0, ""WOOL"": 0}, ""step"": 608}, {""chosen"": {""MILK"": 9}, ""pending"": {""MILK"": 0, ""WOOL"": 0}, ""step"": 609}, {""chosen"": {""WOOL"": 1}, ""pending"": {""MILK"": 0, ""WOOL"": 0}, ""step"": 625}, {""chosen"": {""WOOL"": 2}, ""pending"": {""MILK"": 0, ""WOOL"": 0}, ""step"": 627}, {""chosen"": {""MILK"": 15}, ""pending"": {""MILK"": 0, ""WOOL"": 0}, ""step"": 633}, {""chosen"": {""MILK"": 30}, ""pending"": {""MILK"": 0, ""WOOL"": 0}, ""step"": 637}, {""chosen"": {""MILK"": 0}, ""pending"": {""MILK"": 1, ""WOOL"": 0}, ""step"": 656}, {""chosen"": {""MILK"": 0, ""WOOL"": 1}, ""pending"": {""MILK"": 1, ""WOOL"": 0}, ""step"": 657}, {""chosen"": {""WOOL"": 1}, ""pending"": {""MILK"": 1, ""WOOL"": 0}, ""step"": 660}, {""chosen"": {""MILK"": 1, ""WOOL"": 1}, ""pending"": {""MILK"": 1, ""WOOL"": 0}, ""step"": 661}, {""chosen"": {""MILK"": 1}, ""pending"": {""MILK"": 1, ""WOOL"": 0}, ""step"": 667}, {""chosen"": {""MILK"": 1}, ""pending"": {""MILK"": 1, ""WOOL"": 0}, ""step"": 670}, {""chosen"": {""MILK"": 1}, ""pending"": {""MILK"": 1, ""WOOL"": 0}, ""step"": 673}, {""chosen"": {""MILK"": 1}, ""pending"": {""MILK"": 1, ""WOOL"": 0}, ""step"": 674}, {""chosen"": {""MILK"": 1}, ""pending"": {""MILK"": 1, ""WOOL"": 0}, ""step"": 678}, {""chosen"": {""MILK"": 1}, ""pending"": {""MILK"": 1, ""WOOL"": 0}, ""step"": 685}, {""chosen"": {""MILK"": 1}, ""pending"": {""MILK"": 1, ""WOOL"": 0}, ""step"": 686}, {""chosen"": {""MILK"": 1}, ""pending"": {""MILK"": 1, ""WOOL"": 0}, ""step"": 698}, {""chosen"": {""WOOL"": 22}, ""pending"": {""MILK"": 1, ""WOOL"": 0}, ""step"": 699}, {""chosen"": {""MILK"": 1}, ""pending"": {""MILK"": 1, ""WOOL"": 0}, ""step"": 702}, {""chosen"": {""MILK"": 1, ""WOOL"": 24}, ""pending"": {""MILK"": 1, ""WOOL"": 0}, ""step"": 703}, {""chosen"": {""WOOL"": 12}, ""pending"": {""MILK"": 1, ""WOOL"": 0}, ""step"": 709}, {""chosen"": {""MILK"": 10}, ""pending"": {""MILK"": 0, ""WOOL"": 0}, ""step"": 710}, {""chosen"": {""MILK"": 0, ""WOOL"": 20}, ""pending"": {""MILK"": 1, ""WOOL"": 0}, ""step"": 712}, {""chosen"": {""MILK"": 1}, ""pending"": {""MILK"": 1, ""WOOL"": 0}, ""step"": 713}, {""chosen"": {""MILK"": 1, ""WOOL"": 12}, ""pending"": {""MILK"": 1, ""WOOL"": 0}, ""step"": 715}, {""chosen"": {""MILK"": 1}, ""pending"": {""MILK"": 1, ""WOOL"": 0}, ""step"": 716}]",0,0,18,128,18
317,0,131774.0,132321.0,-547.0,loss,DONE,DONE,1,3.7700209000031464,0,0,0,0,719,0,0,0.0246,1.9464300000000003,5.865500000000012,9.4936,"{""BUILD_PASTURE"": 14, ""CARE"": 308, ""COLLECT_FERTILIZER"": 318, ""DIG"": 25, ""DROP"": 80, ""EAST"": 857, ""FEED"": 319, ""FERTILIZE"": 107, ""HARVEST"": 338, ""NORTH"": 1236, ""PASS"": 377, ""PICKUP"": 339, ""PLACE"": 27, ""PLANT"": 131, ""SOUTH"": 929, ""WATER"": 851, ""WEST"": 1098}","{""BUY_ANIMAL"": 14, ""BUY_LAND"": 2, ""BUY_PRODUCT"": 279, ""BUY_SEED"": 54, ""HIRE"": 306, ""SELL"": 448}","{""BUY_ANIMAL:COW"": 8, ""BUY_ANIMAL:SHEEP"": 6, ""BUY_PRODUCT:WHEAT"": 967, ""BUY_SEED:MELON"": 21, ""BUY_SEED:STRAWBERRY"": 44, ""BUY_SEED:WHEAT"": 66, ""SELL:CARROT"": 13, ""SELL:EGG"": 8, ""SELL:FERTILIZER"": 437, ""SELL:MELON"": 224, ""SELL:MILK"": 614, ""SELL:STRAWBERRY"": 567, ""SELL:TOMATO"": 4, ""SELL:WHEAT"": 1108, ""SELL:WOOL"": 307}",conservative,v012,621,55,171,124,0,65,6,43,268,268,0,113,0,11,conservative,718,"{""MILK"": {""base"": 3, ""carried_value"": 768, ""chosen"": 3, ""deferred"": 0, ""gain"": 0.0, ""opponent_future"": 16.0, ""opponent_now"": 0.0, ""released"": 0, ""residual_value"": 0.0, ""step"": 716}, ""WOOL"": {""base"": 12, ""carried_value"": 2700, ""chosen"": 12, ""deferred"": 0, ""gain"": 0.0, ""opponent_future"": 6.6667, ""opponent_now"": 0.0, ""released"": 0, ""residual_value"": 0.0, ""step"": 715}}","{""MILK"": 0, ""WOOL"": 0}","[{""chosen"": {""WOOL"": 6}, ""pending"": {""WOOL"": 0}, ""step"": 280}, {""chosen"": {""MILK"": 9}, ""pending"": {""MILK"": 0, ""WOOL"": 0}, ""step"": 293}, {""chosen"": {""WOOL"": 6}, ""pending"": {""MILK"": 0, ""WOOL"": 0}, ""step"": 354}, {""chosen"": {""WOOL"": 7}, ""pending"": {""MILK"": 0, ""WOOL"": 0}, ""step"": 358}, {""chosen"": {""WOOL"": 4}, ""pending"": {""MILK"": 0, ""WOOL"": 0}, ""step"": 365}, {""chosen"": {""MILK"": 9, ""WOOL"": 4}, ""pending"": {""MILK"": 0, ""WOOL"": 0}, ""step"": 366}, {""chosen"": {""MILK"": 9}, ""pending"": {""MILK"": 0, ""WOOL"": 0}, ""step"": 386}, {""chosen"": {""WOOL"": 3}, ""pending"": {""MILK"": 0, ""WOOL"": 0}, ""step"": 424}, {""chosen"": {""MILK"": 6}, ""pending"": {""MILK"": 0, ""WOOL"": 0}, ""step"": 450}, {""chosen"": {""MILK"": 12}, ""pending"": {""MILK"": 0, ""WOOL"": 0}, ""step"": 475}, {""chosen"": {""MILK"": 15}, ""pending"": {""MILK"": 0, ""WOOL"": 0}, ""step"": 536}, {""chosen"": {""WOOL"": 24}, ""pending"": {""MILK"": 0, ""WOOL"": 0}, ""step"": 538}, {""chosen"": {""MILK"": 4}, ""pending"": {""MILK"": 0, ""WOOL"": 0}, ""step"": 565}, {""chosen"": {""MILK"": 1}, ""pending"": {""MILK"": 0, ""WOOL"": 0}, ""step"": 569}, {""chosen"": {""MILK"": 6}, ""pending"": {""MILK"": 0, ""WOOL"": 0}, ""step"": 607}, {""chosen"": {""MILK"": 9}, ""pending"": {""MILK"": 0, ""WOOL"": 0}, ""step"": 609}, {""chosen"": {""MILK"": 9, ""WOOL"": 8}, ""pending"": {""MILK"": 0, ""WOOL"": 1}, ""step"": 613}, {""chosen"": {""WOOL"": 3}, ""pending"": {""MILK"": 0, ""WOOL"": 1}, ""step"": 616}, {""chosen"": {""MILK"": 14, ""WOOL"": 0}, ""pending"": {""MILK"": 0, ""WOOL"": 1}, ""step"": 617}, {""chosen"": {""WOOL"": 2}, ""pending"": {""MILK"": 0, ""WOOL"": 0}, ""step"": 625}, {""chosen"": {""WOOL"": 2}, ""pending"": {""MILK"": 0, ""WOOL"": 0}, ""step"": 627}, {""chosen"": {""MILK"": 15}, ""pending"": {""MILK"": 0, ""WOOL"": 0}, ""step"": 633}, {""chosen"": {""MILK"": 9}, ""pending"": {""MILK"": 0, ""WOOL"": 0}, ""step"": 656}, {""chosen"": {""MILK"": 9, ""WOOL"": 0}, ""pending"": {""MILK"": 0, ""WOOL"": 1}, ""step"": 657}, {""chosen"": {""WOOL"": 1}, ""pending"": {""MILK"": 0, ""WOOL"": 1}, ""step"": 660}, {""chosen"": {""MILK"": 10, ""WOOL"": 1}, ""pending"": {""MILK"": 0, ""WOOL"": 1}, ""step"": 661}, {""chosen"": {""MILK"": 4}, ""pending"": {""MILK"": 0, ""WOOL"": 1}, ""step"": 667}, {""chosen"": {""MILK"": 15}, ""pending"": {""MILK"": 0, ""WOOL"": 1}, ""step"": 670}, {""chosen"": {""MILK"": 12}, ""pending"": {""MILK"": 0, ""WOOL"": 1}, ""step"": 673}, {""chosen"": {""MILK"": 8}, ""pending"": {""MILK"": 0, ""WOOL"": 1}, ""step"": 674}, {""chosen"": {""MILK"": 8}, ""pending"": {""MILK"": 0, ""WOOL"": 1}, ""step"": 678}, {""chosen"": {""MILK"": 9}, ""pending"": {""MILK"": 0, ""WOOL"": 1}, ""step"": 685}, {""chosen"": {""MILK"": 13}, ""pending"": {""MILK"": 0, ""WOOL"": 1}, ""step"": 686}, {""chosen"": {""MILK"": 9}, ""pending"": {""MILK"": 0, ""WOOL"": 1}, ""step"": 698}, {""chosen"": {""WOOL"": 1}, ""pending"": {""MILK"": 0, ""WOOL"": 1}, ""step"": 699}, {""chosen"": {""MILK"": 11}, ""pending"": {""MILK"": 0, ""WOOL"": 1}, ""step"": 702}, {""chosen"": {""MILK"": 3, ""WOOL"": 7}, ""pending"": {""MILK"": 0, ""WOOL"": 1}, ""step"": 703}, {""chosen"": {""WOOL"": 13}, ""pending"": {""MILK"": 0, ""WOOL"": 0}, ""step"": 709}, {""chosen"": {""MILK"": 9}, ""pending"": {""MILK"": 0, ""WOOL"": 0}, ""step"": 710}, {""chosen"": {""MILK"": 12, ""WOOL"": 20}, ""pending"": {""MILK"": 0, ""WOOL"": 0}, ""step"": 712}, {""chosen"": {""MILK"": 3}, ""pending"": {""MILK"": 0, ""WOOL"": 0}, ""step"": 713}, {""chosen"": {""MILK"": 3, ""WOOL"": 12}, ""pending"": {""MILK"": 0, ""WOOL"": 0}, ""step"": 715}, {""chosen"": {""MILK"": 3}, ""pending"": {""MILK"": 0, ""WOOL"": 0}, ""step"": 716}]",0,0,7,51,7
317,1,131915.0,132180.0,-265.0,loss,DONE,DONE,1,3.8231813000165857,0,0,0,0,719,0,0,0.0211,1.8801700000000006,5.893452000000009,9.5699,"{""BUILD_PASTURE"": 14, ""CARE"": 308, ""COLLECT_FERTILIZER"": 318, ""DIG"": 25, ""DROP"": 80, ""EAST"": 857, ""FEED"": 319, ""FERTILIZE"": 107, ""HARVEST"": 338, ""NORTH"": 1236, ""PASS"": 377, ""PICKUP"": 339, ""PLACE"": 27, ""PLANT"": 131, ""SOUTH"": 929, ""WATER"": 851, ""WEST"": 1098}","{""BUY_ANIMAL"": 14, ""BUY_LAND"": 2, ""BUY_PRODUCT"": 279, ""BUY_SEED"": 54, ""HIRE"": 306, ""SELL"": 448}","{""BUY_ANIMAL:COW"": 8, ""BUY_ANIMAL:SHEEP"": 6, ""BUY_PRODUCT:WHEAT"": 967, ""BUY_SEED:MELON"": 21, ""BUY_SEED:STRAWBERRY"": 44, ""BUY_SEED:WHEAT"": 66, ""SELL:CARROT"": 13, ""SELL:EGG"": 8, ""SELL:FERTILIZER"": 437, ""SELL:MELON"": 224, ""SELL:MILK"": 614, ""SELL:STRAWBERRY"": 567, ""SELL:TOMATO"": 4, ""SELL:WHEAT"": 1108, ""SELL:WOOL"": 307}",conservative,v012,621,55,171,124,0,65,6,43,268,268,0,113,0,11,conservative,718,"{""MILK"": {""base"": 3, ""carried_value"": 768, ""chosen"": 3, ""deferred"": 0, ""gain"": 0.0, ""opponent_future"": 16.0, ""opponent_now"": 0.0, ""released"": 0, ""residual_value"": 0.0, ""step"": 716}, ""WOOL"": {""base"": 12, ""carried_value"": 2700, ""chosen"": 12, ""deferred"": 0, ""gain"": 0.0, ""opponent_future"": 6.6667, ""opponent_now"": 0.0, ""released"": 0, ""residual_value"": 0.0, ""step"": 715}}","{""MILK"": 0, ""WOOL"": 0}","[{""chosen"": {""WOOL"": 6}, ""pending"": {""WOOL"": 0}, ""step"": 280}, {""chosen"": {""MILK"": 9}, ""pending"": {""MILK"": 0, ""WOOL"": 0}, ""step"": 293}, {""chosen"": {""WOOL"": 6}, ""pending"": {""MILK"": 0, ""WOOL"": 0}, ""step"": 354}, {""chosen"": {""WOOL"": 7}, ""pending"": {""MILK"": 0, ""WOOL"": 0}, ""step"": 358}, {""chosen"": {""WOOL"": 4}, ""pending"": {""MILK"": 0, ""WOOL"": 0}, ""step"": 365}, {""chosen"": {""MILK"": 9, ""WOOL"": 4}, ""pending"": {""MILK"": 0, ""WOOL"": 0}, ""step"": 366}, {""chosen"": {""MILK"": 9}, ""pending"": {""MILK"": 0, ""WOOL"": 0}, ""step"": 386}, {""chosen"": {""WOOL"": 3}, ""pending"": {""MILK"": 0, ""WOOL"": 0}, ""step"": 424}, {""chosen"": {""MILK"": 6}, ""pending"": {""MILK"": 0, ""WOOL"": 0}, ""step"": 450}, {""chosen"": {""MILK"": 12}, ""pending"": {""MILK"": 0, ""WOOL"": 0}, ""step"": 475}, {""chosen"": {""MILK"": 15}, ""pending"": {""MILK"": 0, ""WOOL"": 0}, ""step"": 536}, {""chosen"": {""WOOL"": 24}, ""pending"": {""MILK"": 0, ""WOOL"": 0}, ""step"": 538}, {""chosen"": {""MILK"": 4}, ""pending"": {""MILK"": 0, ""WOOL"": 0}, ""step"": 565}, {""chosen"": {""MILK"": 1}, ""pending"": {""MILK"": 0, ""WOOL"": 0}, ""step"": 569}, {""chosen"": {""MILK"": 6}, ""pending"": {""MILK"": 0, ""WOOL"": 0}, ""step"": 607}, {""chosen"": {""MILK"": 9}, ""pending"": {""MILK"": 0, ""WOOL"": 0}, ""step"": 609}, {""chosen"": {""MILK"": 9, ""WOOL"": 8}, ""pending"": {""MILK"": 0, ""WOOL"": 1}, ""step"": 613}, {""chosen"": {""WOOL"": 3}, ""pending"": {""MILK"": 0, ""WOOL"": 1}, ""step"": 616}, {""chosen"": {""MILK"": 14, ""WOOL"": 0}, ""pending"": {""MILK"": 0, ""WOOL"": 1}, ""step"": 617}, {""chosen"": {""WOOL"": 2}, ""pending"": {""MILK"": 0, ""WOOL"": 0}, ""step"": 625}, {""chosen"": {""WOOL"": 2}, ""pending"": {""MILK"": 0, ""WOOL"": 0}, ""step"": 627}, {""chosen"": {""MILK"": 15}, ""pending"": {""MILK"": 0, ""WOOL"": 0}, ""step"": 633}, {""chosen"": {""MILK"": 9}, ""pending"": {""MILK"": 0, ""WOOL"": 0}, ""step"": 656}, {""chosen"": {""MILK"": 9, ""WOOL"": 0}, ""pending"": {""MILK"": 0, ""WOOL"": 1}, ""step"": 657}, {""chosen"": {""WOOL"": 1}, ""pending"": {""MILK"": 0, ""WOOL"": 1}, ""step"": 660}, {""chosen"": {""MILK"": 10, ""WOOL"": 1}, ""pending"": {""MILK"": 0, ""WOOL"": 1}, ""step"": 661}, {""chosen"": {""MILK"": 4}, ""pending"": {""MILK"": 0, ""WOOL"": 1}, ""step"": 667}, {""chosen"": {""MILK"": 15}, ""pending"": {""MILK"": 0, ""WOOL"": 1}, ""step"": 670}, {""chosen"": {""MILK"": 12}, ""pending"": {""MILK"": 0, ""WOOL"": 1}, ""step"": 673}, {""chosen"": {""MILK"": 8}, ""pending"": {""MILK"": 0, ""WOOL"": 1}, ""step"": 674}, {""chosen"": {""MILK"": 8}, ""pending"": {""MILK"": 0, ""WOOL"": 1}, ""step"": 678}, {""chosen"": {""MILK"": 9}, ""pending"": {""MILK"": 0, ""WOOL"": 1}, ""step"": 685}, {""chosen"": {""MILK"": 13}, ""pending"": {""MILK"": 0, ""WOOL"": 1}, ""step"": 686}, {""chosen"": {""MILK"": 9}, ""pending"": {""MILK"": 0, ""WOOL"": 1}, ""step"": 698}, {""chosen"": {""WOOL"": 1}, ""pending"": {""MILK"": 0, ""WOOL"": 1}, ""step"": 699}, {""chosen"": {""MILK"": 11}, ""pending"": {""MILK"": 0, ""WOOL"": 1}, ""step"": 702}, {""chosen"": {""MILK"": 3, ""WOOL"": 7}, ""pending"": {""MILK"": 0, ""WOOL"": 1}, ""step"": 703}, {""chosen"": {""WOOL"": 13}, ""pending"": {""MILK"": 0, ""WOOL"": 0}, ""step"": 709}, {""chosen"": {""MILK"": 9}, ""pending"": {""MILK"": 0, ""WOOL"": 0}, ""step"": 710}, {""chosen"": {""MILK"": 12, ""WOOL"": 20}, ""pending"": {""MILK"": 0, ""WOOL"": 0}, ""step"": 712}, {""chosen"": {""MILK"": 3}, ""pending"": {""MILK"": 0, ""WOOL"": 0}, ""step"": 713}, {""chosen"": {""MILK"": 3, ""WOOL"": 12}, ""pending"": {""MILK"": 0, ""WOOL"": 0}, ""step"": 715}, {""chosen"": {""MILK"": 3}, ""pending"": {""MILK"": 0, ""WOOL"": 0}, ""step"": 716}]",0,0,7,51,7
733,0,126639.0,126750.0,-111.0,loss,DONE,DONE,1,3.835142600000836,0,0,0,0,719,0,0,0.0248,2.27807,6.247552000000012,9.4164,"{""BUILD_PASTURE"": 14, ""CARE"": 308, ""COLLECT_FERTILIZER"": 318, ""DIG"": 25, ""DROP"": 80, ""EAST"": 857, ""FEED"": 319, ""FERTILIZE"": 107, ""HARVEST"": 338, ""NORTH"": 1236, ""PASS"": 377, ""PICKUP"": 339, ""PLACE"": 27, ""PLANT"": 131, ""SOUTH"": 929, ""WATER"": 851, ""WEST"": 1098}","{""BUY_ANIMAL"": 14, ""BUY_LAND"": 2, ""BUY_PRODUCT"": 279, ""BUY_SEED"": 54, ""HIRE"": 306, ""SELL"": 445}","{""BUY_ANIMAL:COW"": 8, ""BUY_ANIMAL:SHEEP"": 6, ""BUY_PRODUCT:WHEAT"": 967, ""BUY_SEED:MELON"": 21, ""BUY_SEED:STRAWBERRY"": 44, ""BUY_SEED:WHEAT"": 66, ""SELL:CARROT"": 13, ""SELL:EGG"": 8, ""SELL:FERTILIZER"": 437, ""SELL:MELON"": 224, ""SELL:MILK"": 537, ""SELL:STRAWBERRY"": 567, ""SELL:TOMATO"": 4, ""SELL:WHEAT"": 1108, ""SELL:WOOL"": 344}",conservative,v012,621,47,198,188,0,58,3,51,372,295,0,137,8,11,conservative,718,"{""MILK"": {""base"": 3, ""carried_value"": 663, ""chosen"": 3, ""deferred"": 0, ""gain"": 0.0, ""opponent_future"": 16.0, ""opponent_now"": 0.0, ""released"": 0, ""residual_value"": 0.0, ""step"": 716}, ""WOOL"": {""base"": 12, ""carried_value"": 2772, ""chosen"": 12, ""deferred"": 0, ""gain"": 0.0, ""opponent_future"": 6.6667, ""opponent_now"": 0.0, ""released"": 0, ""residual_value"": 0.0, ""step"": 715}}","{""MILK"": 0, ""WOOL"": 0}","[{""chosen"": {""WOOL"": 6}, ""pending"": {""WOOL"": 0}, ""step"": 280}, {""chosen"": {""MILK"": 9}, ""pending"": {""MILK"": 0, ""WOOL"": 0}, ""step"": 293}, {""chosen"": {""MILK"": 12}, ""pending"": {""MILK"": 0, ""WOOL"": 0}, ""step"": 294}, {""chosen"": {""WOOL"": 6}, ""pending"": {""MILK"": 0, ""WOOL"": 0}, ""step"": 354}, {""chosen"": {""WOOL"": 7}, ""pending"": {""MILK"": 0, ""WOOL"": 0}, ""step"": 358}, {""chosen"": {""WOOL"": 4}, ""pending"": {""MILK"": 0, ""WOOL"": 0}, ""step"": 365}, {""chosen"": {""MILK"": 9, ""WOOL"": 4}, ""pending"": {""MILK"": 0, ""WOOL"": 0}, ""step"": 366}, {""chosen"": {""MILK"": 9}, ""pending"": {""MILK"": 0, ""WOOL"": 0}, ""step"": 367}, {""chosen"": {""MILK"": 9}, ""pending"": {""MILK"": 0, ""WOOL"": 0}, ""step"": 386}, {""chosen"": {""MILK"": 9}, ""pending"": {""MILK"": 0, ""WOOL"": 0}, ""step"": 387}, {""chosen"": {""MILK"": 9}, ""pending"": {""MILK"": 0, ""WOOL"": 0}, ""step"": 409}, {""chosen"": {""WOOL"": 3}, ""pending"": {""MILK"": 0, ""WOOL"": 0}, ""step"": 424}, {""chosen"": {""MILK"": 6}, ""pending"": {""MILK"": 0, ""WOOL"": 0}, ""step"": 450}, {""chosen"": {""MILK"": 12}, ""pending"": {""MILK"": 0, ""WOOL"": 0}, ""step"": 475}, {""chosen"": {""MILK"": 15}, ""pending"": {""MILK"": 0, ""WOOL"": 0}, ""step"": 536}, {""chosen"": {""MILK"": 19, ""WOOL"": 24}, ""pending"": {""MILK"": 0, ""WOOL"": 0}, ""step"": 537}, {""chosen"": {""WOOL"": 24}, ""pending"": {""MILK"": 0, ""WOOL"": 0}, ""step"": 538}, {""chosen"": {""MILK"": 4}, ""pending"": {""MILK"": 0, ""WOOL"": 0}, ""step"": 565}, {""chosen"": {""MILK"": 4, ""WOOL"": 3}, ""pending"": {""MILK"": 0, ""WOOL"": 0}, ""step"": 566}, {""chosen"": {""MILK"": 1}, ""pending"": {""MILK"": 0, ""WOOL"": 0}, ""step"": 569}, {""chosen"": {""MILK"": 6}, ""pending"": {""MILK"": 0, ""WOOL"": 0}, ""step"": 607}, {""chosen"": {""MILK"": 14}, ""pending"": {""MILK"": 1, ""WOOL"": 0}, ""step"": 608}, {""chosen"": {""MILK"": 0}, ""pending"": {""MILK"": 1, ""WOOL"": 0}, ""step"": 609}, {""chosen"": {""MILK"": 7, ""WOOL"": 9}, ""pending"": {""MILK"": 0, ""WOOL"": 0}, ""step"": 612}, {""chosen"": {""WOOL"": 3}, ""pending"": {""MILK"": 0, ""WOOL"": 0}, ""step"": 616}, {""chosen"": {""MILK"": 14, ""WOOL"": 9}, ""pending"": {""MILK"": 0, ""WOOL"": 0}, ""step"": 617}, {""chosen"": {""WOOL"": 1}, ""pending"": {""MILK"": 0, ""WOOL"": 0}, ""step"": 625}, {""chosen"": {""WOOL"": 2}, ""pending"": {""MILK"": 0, ""WOOL"": 0}, ""step"": 627}, {""chosen"": {""MILK"": 15}, ""pending"": {""MILK"": 0, ""WOOL"": 0}, ""step"": 633}, {""chosen"": {""MILK"": 30}, ""pending"": {""MILK"": 0, ""WOOL"": 0}, ""step"": 637}, {""chosen"": {""MILK"": 0}, ""pending"": {""MILK"": 1, ""WOOL"": 0}, ""step"": 656}, {""chosen"": {""MILK"": 0, ""WOOL"": 1}, ""pending"": {""MILK"": 1, ""WOOL"": 0}, ""step"": 657}, {""chosen"": {""WOOL"": 0}, ""pending"": {""MILK"": 1, ""WOOL"": 1}, ""step"": 660}, {""chosen"": {""MILK"": 1, ""WOOL"": 1}, ""pending"": {""MILK"": 1, ""WOOL"": 1}, ""step"": 661}, {""chosen"": {""MILK"": 1}, ""pending"": {""MILK"": 1, ""WOOL"": 1}, ""step"": 667}, {""chosen"": {""MILK"": 1}, ""pending"": {""MILK"": 1, ""WOOL"": 1}, ""step"": 670}, {""chosen"": {""MILK"": 1}, ""pending"": {""MILK"": 1, ""WOOL"": 1}, ""step"": 673}, {""chosen"": {""MILK"": 1}, ""pending"": {""MILK"": 1, ""WOOL"": 1}, ""step"": 674}, {""chosen"": {""MILK"": 1}, ""pending"": {""MILK"": 1, ""WOOL"": 1}, ""step"": 678}, {""chosen"": {""MILK"": 10}, ""pending"": {""MILK"": 0, ""WOOL"": 1}, ""step"": 685}, {""chosen"": {""MILK"": 13}, ""pending"": {""MILK"": 0, ""WOOL"": 1}, ""step"": 686}, {""chosen"": {""MILK"": 9}, ""pending"": {""MILK"": 0, ""WOOL"": 1}, ""step"": 698}, {""chosen"": {""WOOL"": 12}, ""pending"": {""MILK"": 0, ""WOOL"": 1}, ""step"": 699}, {""chosen"": {""MILK"": 11}, ""pending"": {""MILK"": 0, ""WOOL"": 1}, ""step"": 702}, {""chosen"": {""MILK"": 3, ""WOOL"": 25}, ""pending"": {""MILK"": 0, ""WOOL"": 0}, ""step"": 703}, {""chosen"": {""WOOL"": 12}, ""pending"": {""MILK"": 0, ""WOOL"": 0}, ""step"": 709}, {""chosen"": {""MILK"": 9}, ""pending"": {""MILK"": 0, ""WOOL"": 0}, ""step"": 710}, {""chosen"": {""MILK"": 12, ""WOOL"": 20}, ""pending"": {""MILK"": 0, ""WOOL"": 0}, ""step"": 712}, {""chosen"": {""MILK"": 3}, ""pending"": {""MILK"": 0, ""WOOL"": 0}, ""step"": 713}, {""chosen"": {""MILK"": 3, ""WOOL"": 12}, ""pending"": {""MILK"": 0, ""WOOL"": 0}, ""step"": 715}, {""chosen"": {""MILK"": 3}, ""pending"": {""MILK"": 0, ""WOOL"": 0}, ""step"": 716}]",0,0,15,93,15
733,1,126588.0,126801.0,-213.0,loss,DONE,DONE,1,3.8311664999928325,0,0,0,0,719,0,0,0.0203,2.021910000000003,5.987437999999999,9.6152,"{""BUILD_PASTURE"": 14, ""CARE"": 308, ""COLLECT_FERTILIZER"": 318, ""DIG"": 25, ""DROP"": 80, ""EAST"": 857, ""FEED"": 319, ""FERTILIZE"": 107, ""HARVEST"": 338, ""NORTH"": 1236, ""PASS"": 377, ""PICKUP"": 339, ""PLACE"": 27, ""PLANT"": 131, ""SOUTH"": 929, ""WATER"": 851, ""WEST"": 1098}","{""BUY_ANIMAL"": 14, ""BUY_LAND"": 2, ""BUY_PRODUCT"": 279, ""BUY_SEED"": 54, ""HIRE"": 306, ""SELL"": 445}","{""BUY_ANIMAL:COW"": 8, ""BUY_ANIMAL:SHEEP"": 6, ""BUY_PRODUCT:WHEAT"": 967, ""BUY_SEED:MELON"": 21, ""BUY_SEED:STRAWBERRY"": 44, ""BUY_SEED:WHEAT"": 66, ""SELL:CARROT"": 13, ""SELL:EGG"": 8, ""SELL:FERTILIZER"": 437, ""SELL:MELON"": 224, ""SELL:MILK"": 537, ""SELL:STRAWBERRY"": 567, ""SELL:TOMATO"": 4, ""SELL:WHEAT"": 1108, ""SELL:WOOL"": 344}",conservative,v012,621,47,198,188,0,58,3,51,372,295,0,137,8,11,conservative,718,"{""MILK"": {""base"": 3, ""carried_value"": 663, ""chosen"": 3, ""deferred"": 0, ""gain"": 0.0, ""opponent_future"": 16.0, ""opponent_now"": 0.0, ""released"": 0, ""residual_value"": 0.0, ""step"": 716}, ""WOOL"": {""base"": 12, ""carried_value"": 2772, ""chosen"": 12, ""deferred"": 0, ""gain"": 0.0, ""opponent_future"": 6.6667, ""opponent_now"": 0.0, ""released"": 0, ""residual_value"": 0.0, ""step"": 715}}","{""MILK"": 0, ""WOOL"": 0}","[{""chosen"": {""WOOL"": 6}, ""pending"": {""WOOL"": 0}, ""step"": 280}, {""chosen"": {""MILK"": 9}, ""pending"": {""MILK"": 0, ""WOOL"": 0}, ""step"": 293}, {""chosen"": {""MILK"": 12}, ""pending"": {""MILK"": 0, ""WOOL"": 0}, ""step"": 294}, {""chosen"": {""WOOL"": 6}, ""pending"": {""MILK"": 0, ""WOOL"": 0}, ""step"": 354}, {""chosen"": {""WOOL"": 7}, ""pending"": {""MILK"": 0, ""WOOL"": 0}, ""step"": 358}, {""chosen"": {""WOOL"": 4}, ""pending"": {""MILK"": 0, ""WOOL"": 0}, ""step"": 365}, {""chosen"": {""MILK"": 9, ""WOOL"": 4}, ""pending"": {""MILK"": 0, ""WOOL"": 0}, ""step"": 366}, {""chosen"": {""MILK"": 9}, ""pending"": {""MILK"": 0, ""WOOL"": 0}, ""step"": 367}, {""chosen"": {""MILK"": 9}, ""pending"": {""MILK"": 0, ""WOOL"": 0}, ""step"": 386}, {""chosen"": {""MILK"": 9}, ""pending"": {""MILK"": 0, ""WOOL"": 0}, ""step"": 387}, {""chosen"": {""MILK"": 9}, ""pending"": {""MILK"": 0, ""WOOL"": 0}, ""step"": 409}, {""chosen"": {""WOOL"": 3}, ""pending"": {""MILK"": 0, ""WOOL"": 0}, ""step"": 424}, {""chosen"": {""MILK"": 6}, ""pending"": {""MILK"": 0, ""WOOL"": 0}, ""step"": 450}, {""chosen"": {""MILK"": 12}, ""pending"": {""MILK"": 0, ""WOOL"": 0}, ""step"": 475}, {""chosen"": {""MILK"": 15}, ""pending"": {""MILK"": 0, ""WOOL"": 0}, ""step"": 536}, {""chosen"": {""MILK"": 19, ""WOOL"": 24}, ""pending"": {""MILK"": 0, ""WOOL"": 0}, ""step"": 537}, {""chosen"": {""WOOL"": 24}, ""pending"": {""MILK"": 0, ""WOOL"": 0}, ""step"": 538}, {""chosen"": {""MILK"": 4}, ""pending"": {""MILK"": 0, ""WOOL"": 0}, ""step"": 565}, {""chosen"": {""MILK"": 4, ""WOOL"": 3}, ""pending"": {""MILK"": 0, ""WOOL"": 0}, ""step"": 566}, {""chosen"": {""MILK"": 1}, ""pending"": {""MILK"": 0, ""WOOL"": 0}, ""step"": 569}, {""chosen"": {""MILK"": 6}, ""pending"": {""MILK"": 0, ""WOOL"": 0}, ""step"": 607}, {""chosen"": {""MILK"": 14}, ""pending"": {""MILK"": 1, ""WOOL"": 0}, ""step"": 608}, {""chosen"": {""MILK"": 0}, ""pending"": {""MILK"": 1, ""WOOL"": 0}, ""step"": 609}, {""chosen"": {""MILK"": 7, ""WOOL"": 9}, ""pending"": {""MILK"": 0, ""WOOL"": 0}, ""step"": 612}, {""chosen"": {""WOOL"": 3}, ""pending"": {""MILK"": 0, ""WOOL"": 0}, ""step"": 616}, {""chosen"": {""MILK"": 14, ""WOOL"": 9}, ""pending"": {""MILK"": 0, ""WOOL"": 0}, ""step"": 617}, {""chosen"": {""WOOL"": 1}, ""pending"": {""MILK"": 0, ""WOOL"": 0}, ""step"": 625}, {""chosen"": {""WOOL"": 2}, ""pending"": {""MILK"": 0, ""WOOL"": 0}, ""step"": 627}, {""chosen"": {""MILK"": 15}, ""pending"": {""MILK"": 0, ""WOOL"": 0}, ""step"": 633}, {""chosen"": {""MILK"": 30}, ""pending"": {""MILK"": 0, ""WOOL"": 0}, ""step"": 637}, {""chosen"": {""MILK"": 0}, ""pending"": {""MILK"": 1, ""WOOL"": 0}, ""step"": 656}, {""chosen"": {""MILK"": 0, ""WOOL"": 1}, ""pending"": {""MILK"": 1, ""WOOL"": 0}, ""step"": 657}, {""chosen"": {""WOOL"": 0}, ""pending"": {""MILK"": 1, ""WOOL"": 1}, ""step"": 660}, {""chosen"": {""MILK"": 1, ""WOOL"": 1}, ""pending"": {""MILK"": 1, ""WOOL"": 1}, ""step"": 661}, {""chosen"": {""MILK"": 1}, ""pending"": {""MILK"": 1, ""WOOL"": 1}, ""step"": 667}, {""chosen"": {""MILK"": 1}, ""pending"": {""MILK"": 1, ""WOOL"": 1}, ""step"": 670}, {""chosen"": {""MILK"": 1}, ""pending"": {""MILK"": 1, ""WOOL"": 1}, ""step"": 673}, {""chosen"": {""MILK"": 1}, ""pending"": {""MILK"": 1, ""WOOL"": 1}, ""step"": 674}, {""chosen"": {""MILK"": 1}, ""pending"": {""MILK"": 1, ""WOOL"": 1}, ""step"": 678}, {""chosen"": {""MILK"": 10}, ""pending"": {""MILK"": 0, ""WOOL"": 1}, ""step"": 685}, {""chosen"": {""MILK"": 13}, ""pending"": {""MILK"": 0, ""WOOL"": 1}, ""step"": 686}, {""chosen"": {""MILK"": 9}, ""pending"": {""MILK"": 0, ""WOOL"": 1}, ""step"": 698}, {""chosen"": {""WOOL"": 12}, ""pending"": {""MILK"": 0, ""WOOL"": 1}, ""step"": 699}, {""chosen"": {""MILK"": 11}, ""pending"": {""MILK"": 0, ""WOOL"": 1}, ""step"": 702}, {""chosen"": {""MILK"": 3, ""WOOL"": 25}, ""pending"": {""MILK"": 0, ""WOOL"": 0}, ""step"": 703}, {""chosen"": {""WOOL"": 12}, ""pending"": {""MILK"": 0, ""WOOL"": 0}, ""step"": 709}, {""chosen"": {""MILK"": 9}, ""pending"": {""MILK"": 0, ""WOOL"": 0}, ""step"": 710}, {""chosen"": {""MILK"": 12, ""WOOL"": 20}, ""pending"": {""MILK"": 0, ""WOOL"": 0}, ""step"": 712}, {""chosen"": {""MILK"": 3}, ""pending"": {""MILK"": 0, ""WOOL"": 0}, ""step"": 713}, {""chosen"": {""MILK"": 3, ""WOOL"": 12}, ""pending"": {""MILK"": 0, ""WOOL"": 0}, ""step"": 715}, {""chosen"": {""MILK"": 3}, ""pending"": {""MILK"": 0, ""WOOL"": 0}, ""step"": 716}]",0,0,15,93,15
17,0,142869.0,150023.0,-7154.0,loss,DONE,DONE,1,3.7882299999473616,0,0,0,0,719,0,0,0.0251,0.24642000000000072,5.709826000000002,9.8118,"{""BUILD_PASTURE"": 14, ""CARE"": 308, ""COLLECT_FERTILIZER"": 318, ""DIG"": 25, ""DROP"": 80, ""EAST"": 857, ""FEED"": 319, ""FERTILIZE"": 107, ""HARVEST"": 338, ""NORTH"": 1236, ""PASS"": 377, ""PICKUP"": 339, ""PLACE"": 27, ""PLANT"": 131, ""SOUTH"": 929, ""WATER"": 851, ""WEST"": 1098}","{""BUY_ANIMAL"": 14, ""BUY_LAND"": 2, ""BUY_PRODUCT"": 279, ""BUY_SEED"": 54, ""HIRE"": 306, ""SELL"": 481}","{""BUY_ANIMAL:COW"": 8, ""BUY_ANIMAL:SHEEP"": 6, ""BUY_PRODUCT:WHEAT"": 967, ""BUY_SEED:MELON"": 21, ""BUY_SEED:STRAWBERRY"": 44, ""BUY_SEED:WHEAT"": 66, ""SELL:CARROT"": 13, ""SELL:EGG"": 8, ""SELL:FERTILIZER"": 445, ""SELL:MELON"": 224, ""SELL:MILK"": 682, ""SELL:STRAWBERRY"": 636, ""SELL:TOMATO"": 4, ""SELL:WHEAT"": 1108, ""SELL:WOOL"": 373}",conservative,v015a,608,77,142,142,0,49,0,34,208,208,0,105,0,11,conservative,718,"{""MILK"": {""base"": 3, ""carried_value"": 807, ""chosen"": 3, ""deferred"": 0, ""gain"": 0.0, ""opponent_future"": 16.0, ""opponent_now"": 0.0, ""released"": 0, ""residual_value"": 0.0, ""step"": 716}, ""WOOL"": {""base"": 12, ""carried_value"": 1912, ""chosen"": 12, ""deferred"": 0, ""gain"": 0.0, ""opponent_future"": 6.6667, ""opponent_now"": 0.0, ""released"": 0, ""residual_value"": 0.0, ""step"": 715}}","{""MILK"": 0, ""WOOL"": 0}","[{""chosen"": {""WOOL"": 6}, ""pending"": {""WOOL"": 0}, ""step"": 280}, {""chosen"": {""WOOL"": 7}, ""pending"": {""WOOL"": 0}, ""step"": 358}, {""chosen"": {""WOOL"": 4}, ""pending"": {""WOOL"": 0}, ""step"": 365}, {""chosen"": {""MILK"": 9, ""WOOL"": 4}, ""pending"": {""MILK"": 0, ""WOOL"": 0}, ""step"": 366}, {""chosen"": {""MILK"": 9}, ""pending"": {""MILK"": 0, ""WOOL"": 0}, ""step"": 386}, {""chosen"": {""WOOL"": 1}, ""pending"": {""MILK"": 0, ""WOOL"": 0}, ""step"": 460}, {""chosen"": {""MILK"": 15}, ""pending"": {""MILK"": 0, ""WOOL"": 0}, ""step"": 536}, {""chosen"": {""WOOL"": 24}, ""pending"": {""MILK"": 0, ""WOOL"": 0}, ""step"": 538}, {""chosen"": {""MILK"": 4}, ""pending"": {""MILK"": 0, ""WOOL"": 0}, ""step"": 565}, {""chosen"": {""MILK"": 6}, ""pending"": {""MILK"": 0, ""WOOL"": 0}, ""step"": 607}, {""chosen"": {""WOOL"": 1}, ""pending"": {""MILK"": 0, ""WOOL"": 0}, ""step"": 625}, {""chosen"": {""WOOL"": 2}, ""pending"": {""MILK"": 0, ""WOOL"": 0}, ""step"": 627}, {""chosen"": {""MILK"": 15}, ""pending"": {""MILK"": 0, ""WOOL"": 0}, ""step"": 633}, {""chosen"": {""MILK"": 9}, ""pending"": {""MILK"": 0, ""WOOL"": 0}, ""step"": 656}, {""chosen"": {""MILK"": 9, ""WOOL"": 1}, ""pending"": {""MILK"": 0, ""WOOL"": 0}, ""step"": 657}, {""chosen"": {""WOOL"": 1}, ""pending"": {""MILK"": 0, ""WOOL"": 0}, ""step"": 660}, {""chosen"": {""MILK"": 10, ""WOOL"": 1}, ""pending"": {""MILK"": 0, ""WOOL"": 0}, ""step"": 661}, {""chosen"": {""MILK"": 4}, ""pending"": {""MILK"": 0, ""WOOL"": 0}, ""step"": 667}, {""chosen"": {""MILK"": 15}, ""pending"": {""MILK"": 0, ""WOOL"": 0}, ""step"": 670}, {""chosen"": {""MILK"": 12}, ""pending"": {""MILK"": 0, ""WOOL"": 0}, ""step"": 673}, {""chosen"": {""MILK"": 8}, ""pending"": {""MILK"": 0, ""WOOL"": 0}, ""step"": 674}, {""chosen"": {""MILK"": 8}, ""pending"": {""MILK"": 0, ""WOOL"": 0}, ""step"": 678}, {""chosen"": {""MILK"": 9}, ""pending"": {""MILK"": 0, ""WOOL"": 0}, ""step"": 685}, {""chosen"": {""MILK"": 13}, ""pending"": {""MILK"": 0, ""WOOL"": 0}, ""step"": 686}, {""chosen"": {""MILK"": 9}, ""pending"": {""MILK"": 0, ""WOOL"": 0}, ""step"": 698}, {""chosen"": {""WOOL"": 22}, ""pending"": {""MILK"": 0, ""WOOL"": 0}, ""step"": 699}, {""chosen"": {""MILK"": 11}, ""pending"": {""MILK"": 0, ""WOOL"": 0}, ""step"": 702}, {""chosen"": {""MILK"": 3, ""WOOL"": 24}, ""pending"": {""MILK"": 0, ""WOOL"": 0}, ""step"": 703}, {""chosen"": {""WOOL"": 12}, ""pending"": {""MILK"": 0, ""WOOL"": 0}, ""step"": 709}, {""chosen"": {""MILK"": 9}, ""pending"": {""MILK"": 0, ""WOOL"": 0}, ""step"": 710}, {""chosen"": {""MILK"": 12, ""WOOL"": 20}, ""pending"": {""MILK"": 0, ""WOOL"": 0}, ""step"": 712}, {""chosen"": {""MILK"": 3}, ""pending"": {""MILK"": 0, ""WOOL"": 0}, ""step"": 713}, {""chosen"": {""MILK"": 3, ""WOOL"": 12}, ""pending"": {""MILK"": 0, ""WOOL"": 0}, ""step"": 715}, {""chosen"": {""MILK"": 3}, ""pending"": {""MILK"": 0, ""WOOL"": 0}, ""step"": 716}]",0,0,,,
17,1,149777.0,143110.0,6667.0,win,DONE,DONE,1,3.7859446999500506,0,0,0,0,719,0,0,0.0184,0.40125000000001704,6.18418800000001,9.7081,"{""BUILD_PASTURE"": 14, ""CARE"": 308, ""COLLECT_FERTILIZER"": 318, ""DIG"": 25, ""DROP"": 80, ""EAST"": 857, ""FEED"": 319, ""FERTILIZE"": 107, ""HARVEST"": 338, ""NORTH"": 1236, ""PASS"": 377, ""PICKUP"": 339, ""PLACE"": 27, ""PLANT"": 131, ""SOUTH"": 929, ""WATER"": 851, ""WEST"": 1098}","{""BUY_ANIMAL"": 14, ""BUY_LAND"": 2, ""BUY_PRODUCT"": 279, ""BUY_SEED"": 54, ""HIRE"": 306, ""SELL"": 480}","{""BUY_ANIMAL:COW"": 8, ""BUY_ANIMAL:SHEEP"": 6, ""BUY_PRODUCT:WHEAT"": 967, ""BUY_SEED:MELON"": 21, ""BUY_SEED:STRAWBERRY"": 44, ""BUY_SEED:WHEAT"": 66, ""SELL:CARROT"": 13, ""SELL:EGG"": 8, ""SELL:FERTILIZER"": 445, ""SELL:MELON"": 224, ""SELL:MILK"": 682, ""SELL:STRAWBERRY"": 636, ""SELL:TOMATO"": 4, ""SELL:WHEAT"": 1108, ""SELL:WOOL"": 369}",conservative,v015a,608,75,151,147,0,57,1,36,217,217,0,106,0,11,conservative,718,"{""MILK"": {""base"": 3, ""carried_value"": 807, ""chosen"": 3, ""deferred"": 0, ""gain"": 0.0, ""opponent_future"": 16.0, ""opponent_now"": 0.0, ""released"": 0, ""residual_value"": 0.0, ""step"": 716}, ""WOOL"": {""base"": 12, ""carried_value"": 2868, ""chosen"": 12, ""deferred"": 0, ""gain"": 0.0, ""opponent_future"": 5.3333, ""opponent_now"": 0.0, ""released"": 0, ""residual_value"": 0.0, ""step"": 715}}","{""MILK"": 0, ""WOOL"": 0}","[{""chosen"": {""WOOL"": 6}, ""pending"": {""WOOL"": 0}, ""step"": 280}, {""chosen"": {""WOOL"": 7}, ""pending"": {""WOOL"": 0}, ""step"": 358}, {""chosen"": {""WOOL"": 3}, ""pending"": {""WOOL"": 1}, ""step"": 365}, {""chosen"": {""MILK"": 9, ""WOOL"": 0}, ""pending"": {""MILK"": 0, ""WOOL"": 1}, ""step"": 366}, {""chosen"": {""MILK"": 9}, ""pending"": {""MILK"": 0, ""WOOL"": 1}, ""step"": 367}, {""chosen"": {""WOOL"": 10}, ""pending"": {""MILK"": 0, ""WOOL"": 0}, ""step"": 370}, {""chosen"": {""MILK"": 9}, ""pending"": {""MILK"": 0, ""WOOL"": 0}, ""step"": 386}, {""chosen"": {""WOOL"": 1}, ""pending"": {""MILK"": 0, ""WOOL"": 0}, ""step"": 460}, {""chosen"": {""MILK"": 15}, ""pending"": {""MILK"": 0, ""WOOL"": 0}, ""step"": 536}, {""chosen"": {""WOOL"": 24}, ""pending"": {""MILK"": 0, ""WOOL"": 0}, ""step"": 538}, {""chosen"": {""MILK"": 4}, ""pending"": {""MILK"": 0, ""WOOL"": 0}, ""step"": 565}, {""chosen"": {""MILK"": 6}, ""pending"": {""MILK"": 0, ""WOOL"": 0}, ""step"": 607}, {""chosen"": {""WOOL"": 1}, ""pending"": {""MILK"": 0, ""WOOL"": 0}, ""step"": 625}, {""chosen"": {""WOOL"": 2}, ""pending"": {""MILK"": 0, ""WOOL"": 0}, ""step"": 627}, {""chosen"": {""MILK"": 15}, ""pending"": {""MILK"": 0, ""WOOL"": 0}, ""step"": 633}, {""chosen"": {""MILK"": 9}, ""pending"": {""MILK"": 0, ""WOOL"": 0}, ""step"": 656}, {""chosen"": {""MILK"": 9, ""WOOL"": 1}, ""pending"": {""MILK"": 0, ""WOOL"": 0}, ""step"": 657}, {""chosen"": {""WOOL"": 1}, ""pending"": {""MILK"": 0, ""WOOL"": 0}, ""step"": 660}, {""chosen"": {""MILK"": 10, ""WOOL"": 1}, ""pending"": {""MILK"": 0, ""WOOL"": 0}, ""step"": 661}, {""chosen"": {""MILK"": 4}, ""pending"": {""MILK"": 0, ""WOOL"": 0}, ""step"": 667}, {""chosen"": {""MILK"": 15}, ""pending"": {""MILK"": 0, ""WOOL"": 0}, ""step"": 670}, {""chosen"": {""MILK"": 12}, ""pending"": {""MILK"": 0, ""WOOL"": 0}, ""step"": 673}, {""chosen"": {""MILK"": 8}, ""pending"": {""MILK"": 0, ""WOOL"": 0}, ""step"": 674}, {""chosen"": {""MILK"": 8}, ""pending"": {""MILK"": 0, ""WOOL"": 0}, ""step"": 678}, {""chosen"": {""MILK"": 9}, ""pending"": {""MILK"": 0, ""WOOL"": 0}, ""step"": 685}, {""chosen"": {""MILK"": 13}, ""pending"": {""MILK"": 0, ""WOOL"": 0}, ""step"": 686}, {""chosen"": {""MILK"": 9}, ""pending"": {""MILK"": 0, ""WOOL"": 0}, ""step"": 698}, {""chosen"": {""WOOL"": 22}, ""pending"": {""MILK"": 0, ""WOOL"": 0}, ""step"": 699}, {""chosen"": {""MILK"": 11}, ""pending"": {""MILK"": 0, ""WOOL"": 0}, ""step"": 702}, {""chosen"": {""MILK"": 3, ""WOOL"": 24}, ""pending"": {""MILK"": 0, ""WOOL"": 0}, ""step"": 703}, {""chosen"": {""WOOL"": 12}, ""pending"": {""MILK"": 0, ""WOOL"": 0}, ""step"": 709}, {""chosen"": {""MILK"": 9}, ""pending"": {""MILK"": 0, ""WOOL"": 0}, ""step"": 710}, {""chosen"": {""MILK"": 12, ""WOOL"": 20}, ""pending"": {""MILK"": 0, ""WOOL"": 0}, ""step"": 712}, {""chosen"": {""MILK"": 3}, ""pending"": {""MILK"": 0, ""WOOL"": 0}, ""step"": 713}, {""chosen"": {""MILK"": 3, ""WOOL"": 12}, ""pending"": {""MILK"": 0, ""WOOL"": 0}, ""step"": 715}, {""chosen"": {""MILK"": 3}, ""pending"": {""MILK"": 0, ""WOOL"": 0}, ""step"": 716}]",0,0,3,6,3
42,0,131147.0,132485.0,-1338.0,loss,DONE,DONE,1,3.8601526000420563,0,0,0,0,719,0,0,0.0254,2.3211700000000017,7.066224000000013,159.6221,"{""BUILD_PASTURE"": 14, ""CARE"": 308, ""COLLECT_FERTILIZER"": 318, ""DIG"": 25, ""DROP"": 80, ""EAST"": 857, ""FEED"": 319, ""FERTILIZE"": 107, ""HARVEST"": 338, ""NORTH"": 1236, ""PASS"": 377, ""PICKUP"": 339, ""PLACE"": 27, ""PLANT"": 131, ""SOUTH"": 929, ""WATER"": 851, ""WEST"": 1098}","{""BUY_ANIMAL"": 14, ""BUY_LAND"": 2, ""BUY_PRODUCT"": 279, ""BUY_SEED"": 54, ""HIRE"": 306, ""SELL"": 470}","{""BUY_ANIMAL:COW"": 8, ""BUY_ANIMAL:SHEEP"": 6, ""BUY_PRODUCT:WHEAT"": 967, ""BUY_SEED:MELON"": 21, ""BUY_SEED:STRAWBERRY"": 44, ""BUY_SEED:WHEAT"": 66, ""SELL:CARROT"": 13, ""SELL:EGG"": 8, ""SELL:FERTILIZER"": 445, ""SELL:MELON"": 224, ""SELL:MILK"": 538, ""SELL:STRAWBERRY"": 636, ""SELL:TOMATO"": 4, ""SELL:WHEAT"": 1108, ""SELL:WOOL"": 373}",conservative,v015a,608,63,145,145,0,44,0,48,384,240,0,170,13,11,conservative,718,"{""MILK"": {""base"": 3, ""carried_value"": 624, ""chosen"": 3, ""deferred"": 0, ""gain"": 0.0, ""opponent_future"": 16.0, ""opponent_now"": 0.0, ""released"": 0, ""residual_value"": 0.0, ""step"": 716}, ""WOOL"": {""base"": 12, ""carried_value"": 2904, ""chosen"": 12, ""deferred"": 0, ""gain"": 0.0, ""opponent_future"": 6.6667, ""opponent_now"": 0.0, ""released"": 0, ""residual_value"": 0.0, ""step"": 715}}","{""MILK"": 0, ""WOOL"": 0}","[{""chosen"": {""WOOL"": 6}, ""pending"": {""WOOL"": 0}, ""step"": 280}, {""chosen"": {""MILK"": 12}, ""pending"": {""MILK"": 0, ""WOOL"": 0}, ""step"": 294}, {""chosen"": {""WOOL"": 4}, ""pending"": {""MILK"": 0, ""WOOL"": 0}, ""step"": 365}, {""chosen"": {""MILK"": 9}, ""pending"": {""MILK"": 0, ""WOOL"": 0}, ""step"": 367}, {""chosen"": {""MILK"": 9}, ""pending"": {""MILK"": 0, ""WOOL"": 0}, ""step"": 387}, {""chosen"": {""MILK"": 9}, ""pending"": {""MILK"": 0, ""WOOL"": 0}, ""step"": 409}, {""chosen"": {""MILK"": 7}, ""pending"": {""MILK"": 1, ""WOOL"": 0}, ""step"": 438}, {""chosen"": {""MILK"": 0}, ""pending"": {""MILK"": 1, ""WOOL"": 0}, ""step"": 439}, {""chosen"": {""MILK"": 5}, ""pending"": {""MILK"": 0, ""WOOL"": 0}, ""step"": 440}, {""chosen"": {""MILK"": 9}, ""pending"": {""MILK"": 0, ""WOOL"": 0}, ""step"": 471}, {""chosen"": {""MILK"": 0}, ""pending"": {""MILK"": 1, ""WOOL"": 0}, ""step"": 484}, {""chosen"": {""MILK"": 0}, ""pending"": {""MILK"": 1, ""WOOL"": 0}, ""step"": 485}, {""chosen"": {""MILK"": 16}, ""pending"": {""MILK"": 0, ""WOOL"": 0}, ""step"": 489}, {""chosen"": {""MILK"": 15}, ""pending"": {""MILK"": 0, ""WOOL"": 0}, ""step"": 536}, {""chosen"": {""MILK"": 19, ""WOOL"": 24}, ""pending"": {""MILK"": 0, ""WOOL"": 0}, ""step"": 537}, {""chosen"": {""MILK"": 4}, ""pending"": {""MILK"": 0, ""WOOL"": 0}, ""step"": 565}, {""chosen"": {""MILK"": 0, ""WOOL"": 3}, ""pending"": {""MILK"": 1, ""WOOL"": 0}, ""step"": 566}, {""chosen"": {""MILK"": 2}, ""pending"": {""MILK"": 0, ""WOOL"": 0}, ""step"": 569}, {""chosen"": {""MILK"": 6}, ""pending"": {""MILK"": 0, ""WOOL"": 0}, ""step"": 607}, {""chosen"": {""MILK"": 0}, ""pending"": {""MILK"": 1, ""WOOL"": 0}, ""step"": 608}, {""chosen"": {""MILK"": 0}, ""pending"": {""MILK"": 1, ""WOOL"": 0}, ""step"": 609}, {""chosen"": {""MILK"": 7, ""WOOL"": 9}, ""pending"": {""MILK"": 0, ""WOOL"": 0}, ""step"": 612}, {""chosen"": {""WOOL"": 3}, ""pending"": {""MILK"": 0, ""WOOL"": 0}, ""step"": 616}, {""chosen"": {""WOOL"": 1}, ""pending"": {""MILK"": 0, ""WOOL"": 0}, ""step"": 625}, {""chosen"": {""WOOL"": 2}, ""pending"": {""MILK"": 0, ""WOOL"": 0}, ""step"": 627}, {""chosen"": {""MILK"": 15}, ""pending"": {""MILK"": 0, ""WOOL"": 0}, ""step"": 633}, {""chosen"": {""MILK"": 30}, ""pending"": {""MILK"": 0, ""WOOL"": 0}, ""step"": 637}, {""chosen"": {""MILK"": 0}, ""pending"": {""MILK"": 1, ""WOOL"": 0}, ""step"": 656}, {""chosen"": {""MILK"": 0, ""WOOL"": 1}, ""pending"": {""MILK"": 1, ""WOOL"": 0}, ""step"": 657}, {""chosen"": {""WOOL"": 1}, ""pending"": {""MILK"": 1, ""WOOL"": 0}, ""step"": 660}, {""chosen"": {""MILK"": 1, ""WOOL"": 1}, ""pending"": {""MILK"": 1, ""WOOL"": 0}, ""step"": 661}, {""chosen"": {""MILK"": 1}, ""pending"": {""MILK"": 1, ""WOOL"": 0}, ""step"": 667}, {""chosen"": {""MILK"": 1}, ""pending"": {""MILK"": 1, ""WOOL"": 0}, ""step"": 670}, {""chosen"": {""MILK"": 1}, ""pending"": {""MILK"": 1, ""WOOL"": 0}, ""step"": 673}, {""chosen"": {""MILK"": 1}, ""pending"": {""MILK"": 1, ""WOOL"": 0}, ""step"": 674}, {""chosen"": {""MILK"": 1}, ""pending"": {""MILK"": 1, ""WOOL"": 0}, ""step"": 678}, {""chosen"": {""MILK"": 1}, ""pending"": {""MILK"": 1, ""WOOL"": 0}, ""step"": 685}, {""chosen"": {""MILK"": 5}, ""pending"": {""MILK"": 1, ""WOOL"": 0}, ""step"": 686}, {""chosen"": {""MILK"": 10}, ""pending"": {""MILK"": 0, ""WOOL"": 0}, ""step"": 698}, {""chosen"": {""WOOL"": 22}, ""pending"": {""MILK"": 0, ""WOOL"": 0}, ""step"": 699}, {""chosen"": {""MILK"": 11}, ""pending"": {""MILK"": 0, ""WOOL"": 0}, ""step"": 702}, {""chosen"": {""MILK"": 3, ""WOOL"": 24}, ""pending"": {""MILK"": 0, ""WOOL"": 0}, ""step"": 703}, {""chosen"": {""WOOL"": 12}, ""pending"": {""MILK"": 0, ""WOOL"": 0}, ""step"": 709}, {""chosen"": {""MILK"": 9}, ""pending"": {""MILK"": 0, ""WOOL"": 0}, ""step"": 710}, {""chosen"": {""MILK"": 12, ""WOOL"": 20}, ""pending"": {""MILK"": 0, ""WOOL"": 0}, ""step"": 712}, {""chosen"": {""MILK"": 3}, ""pending"": {""MILK"": 0, ""WOOL"": 0}, ""step"": 713}, {""chosen"": {""MILK"": 3, ""WOOL"": 12}, ""pending"": {""MILK"": 0, ""WOOL"": 0}, ""step"": 715}, {""chosen"": {""MILK"": 3}, ""pending"": {""MILK"": 0, ""WOOL"": 0}, ""step"": 716}]",0,0,22,154,22
42,1,131250.0,132382.0,-1132.0,loss,DONE,DONE,1,3.884010500041768,0,0,0,0,719,0,0,0.0184,2.2417600000000046,6.7821620000000005,9.3856,"{""BUILD_PASTURE"": 14, ""CARE"": 308, ""COLLECT_FERTILIZER"": 318, ""DIG"": 25, ""DROP"": 80, ""EAST"": 857, ""FEED"": 319, ""FERTILIZE"": 107, ""HARVEST"": 338, ""NORTH"": 1236, ""PASS"": 377, ""PICKUP"": 339, ""PLACE"": 27, ""PLANT"": 131, ""SOUTH"": 929, ""WATER"": 851, ""WEST"": 1098}","{""BUY_ANIMAL"": 14, ""BUY_LAND"": 2, ""BUY_PRODUCT"": 279, ""BUY_SEED"": 54, ""HIRE"": 306, ""SELL"": 470}","{""BUY_ANIMAL:COW"": 8, ""BUY_ANIMAL:SHEEP"": 6, ""BUY_PRODUCT:WHEAT"": 967, ""BUY_SEED:MELON"": 21, ""BUY_SEED:STRAWBERRY"": 44, ""BUY_SEED:WHEAT"": 66, ""SELL:CARROT"": 13, ""SELL:EGG"": 8, ""SELL:FERTILIZER"": 445, ""SELL:MELON"": 224, ""SELL:MILK"": 538, ""SELL:STRAWBERRY"": 636, ""SELL:TOMATO"": 4, ""SELL:WHEAT"": 1108, ""SELL:WOOL"": 373}",conservative,v015a,608,63,145,145,0,44,0,48,384,240,0,170,13,11,conservative,718,"{""MILK"": {""base"": 3, ""carried_value"": 624, ""chosen"": 3, ""deferred"": 0, ""gain"": 0.0, ""opponent_future"": 16.0, ""opponent_now"": 0.0, ""released"": 0, ""residual_value"": 0.0, ""step"": 716}, ""WOOL"": {""base"": 12, ""carried_value"": 2904, ""chosen"": 12, ""deferred"": 0, ""gain"": 0.0, ""opponent_future"": 6.6667, ""opponent_now"": 0.0, ""released"": 0, ""residual_value"": 0.0, ""step"": 715}}","{""MILK"": 0, ""WOOL"": 0}","[{""chosen"": {""WOOL"": 6}, ""pending"": {""WOOL"": 0}, ""step"": 280}, {""chosen"": {""MILK"": 12}, ""pending"": {""MILK"": 0, ""WOOL"": 0}, ""step"": 294}, {""chosen"": {""WOOL"": 4}, ""pending"": {""MILK"": 0, ""WOOL"": 0}, ""step"": 365}, {""chosen"": {""MILK"": 9}, ""pending"": {""MILK"": 0, ""WOOL"": 0}, ""step"": 367}, {""chosen"": {""MILK"": 9}, ""pending"": {""MILK"": 0, ""WOOL"": 0}, ""step"": 387}, {""chosen"": {""MILK"": 9}, ""pending"": {""MILK"": 0, ""WOOL"": 0}, ""step"": 409}, {""chosen"": {""MILK"": 7}, ""pending"": {""MILK"": 1, ""WOOL"": 0}, ""step"": 438}, {""chosen"": {""MILK"": 0}, ""pending"": {""MILK"": 1, ""WOOL"": 0}, ""step"": 439}, {""chosen"": {""MILK"": 5}, ""pending"": {""MILK"": 0, ""WOOL"": 0}, ""step"": 440}, {""chosen"": {""MILK"": 9}, ""pending"": {""MILK"": 0, ""WOOL"": 0}, ""step"": 471}, {""chosen"": {""MILK"": 0}, ""pending"": {""MILK"": 1, ""WOOL"": 0}, ""step"": 484}, {""chosen"": {""MILK"": 0}, ""pending"": {""MILK"": 1, ""WOOL"": 0}, ""step"": 485}, {""chosen"": {""MILK"": 16}, ""pending"": {""MILK"": 0, ""WOOL"": 0}, ""step"": 489}, {""chosen"": {""MILK"": 15}, ""pending"": {""MILK"": 0, ""WOOL"": 0}, ""step"": 536}, {""chosen"": {""MILK"": 19, ""WOOL"": 24}, ""pending"": {""MILK"": 0, ""WOOL"": 0}, ""step"": 537}, {""chosen"": {""MILK"": 4}, ""pending"": {""MILK"": 0, ""WOOL"": 0}, ""step"": 565}, {""chosen"": {""MILK"": 0, ""WOOL"": 3}, ""pending"": {""MILK"": 1, ""WOOL"": 0}, ""step"": 566}, {""chosen"": {""MILK"": 2}, ""pending"": {""MILK"": 0, ""WOOL"": 0}, ""step"": 569}, {""chosen"": {""MILK"": 6}, ""pending"": {""MILK"": 0, ""WOOL"": 0}, ""step"": 607}, {""chosen"": {""MILK"": 0}, ""pending"": {""MILK"": 1, ""WOOL"": 0}, ""step"": 608}, {""chosen"": {""MILK"": 0}, ""pending"": {""MILK"": 1, ""WOOL"": 0}, ""step"": 609}, {""chosen"": {""MILK"": 7, ""WOOL"": 9}, ""pending"": {""MILK"": 0, ""WOOL"": 0}, ""step"": 612}, {""chosen"": {""WOOL"": 3}, ""pending"": {""MILK"": 0, ""WOOL"": 0}, ""step"": 616}, {""chosen"": {""WOOL"": 1}, ""pending"": {""MILK"": 0, ""WOOL"": 0}, ""step"": 625}, {""chosen"": {""WOOL"": 2}, ""pending"": {""MILK"": 0, ""WOOL"": 0}, ""step"": 627}, {""chosen"": {""MILK"": 15}, ""pending"": {""MILK"": 0, ""WOOL"": 0}, ""step"": 633}, {""chosen"": {""MILK"": 30}, ""pending"": {""MILK"": 0, ""WOOL"": 0}, ""step"": 637}, {""chosen"": {""MILK"": 0}, ""pending"": {""MILK"": 1, ""WOOL"": 0}, ""step"": 656}, {""chosen"": {""MILK"": 0, ""WOOL"": 1}, ""pending"": {""MILK"": 1, ""WOOL"": 0}, ""step"": 657}, {""chosen"": {""WOOL"": 1}, ""pending"": {""MILK"": 1, ""WOOL"": 0}, ""step"": 660}, {""chosen"": {""MILK"": 1, ""WOOL"": 1}, ""pending"": {""MILK"": 1, ""WOOL"": 0}, ""step"": 661}, {""chosen"": {""MILK"": 1}, ""pending"": {""MILK"": 1, ""WOOL"": 0}, ""step"": 667}, {""chosen"": {""MILK"": 1}, ""pending"": {""MILK"": 1, ""WOOL"": 0}, ""step"": 670}, {""chosen"": {""MILK"": 1}, ""pending"": {""MILK"": 1, ""WOOL"": 0}, ""step"": 673}, {""chosen"": {""MILK"": 1}, ""pending"": {""MILK"": 1, ""WOOL"": 0}, ""step"": 674}, {""chosen"": {""MILK"": 1}, ""pending"": {""MILK"": 1, ""WOOL"": 0}, ""step"": 678}, {""chosen"": {""MILK"": 1}, ""pending"": {""MILK"": 1, ""WOOL"": 0}, ""step"": 685}, {""chosen"": {""MILK"": 5}, ""pending"": {""MILK"": 1, ""WOOL"": 0}, ""step"": 686}, {""chosen"": {""MILK"": 10}, ""pending"": {""MILK"": 0, ""WOOL"": 0}, ""step"": 698}, {""chosen"": {""WOOL"": 22}, ""pending"": {""MILK"": 0, ""WOOL"": 0}, ""step"": 699}, {""chosen"": {""MILK"": 11}, ""pending"": {""MILK"": 0, ""WOOL"": 0}, ""step"": 702}, {""chosen"": {""MILK"": 3, ""WOOL"": 24}, ""pending"": {""MILK"": 0, ""WOOL"": 0}, ""step"": 703}, {""chosen"": {""WOOL"": 12}, ""pending"": {""MILK"": 0, ""WOOL"": 0}, ""step"": 709}, {""chosen"": {""MILK"": 9}, ""pending"": {""MILK"": 0, ""WOOL"": 0}, ""step"": 710}, {""chosen"": {""MILK"": 12, ""WOOL"": 20}, ""pending"": {""MILK"": 0, ""WOOL"": 0}, ""step"": 712}, {""chosen"": {""MILK"": 3}, ""pending"": {""MILK"": 0, ""WOOL"": 0}, ""step"": 713}, {""chosen"": {""MILK"": 3, ""WOOL"": 12}, ""pending"": {""MILK"": 0, ""WOOL"": 0}, ""step"": 715}, {""chosen"": {""MILK"": 3}, ""pending"": {""MILK"": 0, ""WOOL"": 0}, ""step"": 716}]",0,0,22,154,22
2026,0,108876.0,110969.0,-2093.0,loss,DONE,DONE,1,3.8376928999787197,0,0,0,0,719,0,0,0.025,2.259760000000002,6.541598000000012,10.4608,"{""BUILD_PASTURE"": 14, ""CARE"": 308, ""COLLECT_FERTILIZER"": 318, ""DIG"": 25, ""DROP"": 80, ""EAST"": 857, ""FEED"": 319, ""FERTILIZE"": 107, ""HARVEST"": 338, ""NORTH"": 1236, ""PASS"": 377, ""PICKUP"": 339, ""PLACE"": 27, ""PLANT"": 131, ""SOUTH"": 929, ""WATER"": 851, ""WEST"": 1098}","{""BUY_ANIMAL"": 14, ""BUY_LAND"": 2, ""BUY_PRODUCT"": 279, ""BUY_SEED"": 54, ""HIRE"": 306, ""SELL"": 442}","{""BUY_ANIMAL:COW"": 8, ""BUY_ANIMAL:SHEEP"": 6, ""BUY_PRODUCT:WHEAT"": 967, ""BUY_SEED:MELON"": 21, ""BUY_SEED:STRAWBERRY"": 44, ""BUY_SEED:WHEAT"": 66, ""SELL:CARROT"": 13, ""SELL:EGG"": 8, ""SELL:FERTILIZER"": 437, ""SELL:MELON"": 224, ""SELL:MILK"": 491, ""SELL:STRAWBERRY"": 567, ""SELL:TOMATO"": 4, ""SELL:WHEAT"": 1108, ""SELL:WOOL"": 333}",conservative,v015a,621,42,198,177,0,58,2,56,419,296,0,150,13,11,conservative,718,"{""MILK"": {""base"": 3, ""carried_value"": 573, ""chosen"": 3, ""deferred"": 0, ""gain"": 0.0, ""opponent_future"": 16.0, ""opponent_now"": 0.0, ""released"": 0, ""residual_value"": 0.0, ""step"": 716}, ""WOOL"": {""base"": 12, ""carried_value"": 2772, ""chosen"": 12, ""deferred"": 0, ""gain"": 0.0, ""opponent_future"": 6.6667, ""opponent_now"": 0.0, ""released"": 0, ""residual_value"": 0.0, ""step"": 715}}","{""MILK"": 0, ""WOOL"": 0}","[{""chosen"": {""WOOL"": 6}, ""pending"": {""WOOL"": 0}, ""step"": 280}, {""chosen"": {""MILK"": 9}, ""pending"": {""MILK"": 0, ""WOOL"": 0}, ""step"": 293}, {""chosen"": {""MILK"": 12}, ""pending"": {""MILK"": 0, ""WOOL"": 0}, ""step"": 294}, {""chosen"": {""WOOL"": 6}, ""pending"": {""MILK"": 0, ""WOOL"": 0}, ""step"": 354}, {""chosen"": {""WOOL"": 7}, ""pending"": {""MILK"": 0, ""WOOL"": 0}, ""step"": 358}, {""chosen"": {""WOOL"": 4}, ""pending"": {""MILK"": 0, ""WOOL"": 0}, ""step"": 365}, {""chosen"": {""MILK"": 9, ""WOOL"": 4}, ""pending"": {""MILK"": 0, ""WOOL"": 0}, ""step"": 366}, {""chosen"": {""MILK"": 9}, ""pending"": {""MILK"": 0, ""WOOL"": 0}, ""step"": 367}, {""chosen"": {""MILK"": 9}, ""pending"": {""MILK"": 0, ""WOOL"": 0}, ""step"": 386}, {""chosen"": {""MILK"": 9}, ""pending"": {""MILK"": 0, ""WOOL"": 0}, ""step"": 387}, {""chosen"": {""MILK"": 9}, ""pending"": {""MILK"": 0, ""WOOL"": 0}, ""step"": 409}, {""chosen"": {""WOOL"": 3}, ""pending"": {""MILK"": 0, ""WOOL"": 0}, ""step"": 424}, {""chosen"": {""MILK"": 20}, ""pending"": {""MILK"": 0, ""WOOL"": 0}, ""step"": 444}, {""chosen"": {""MILK"": 6}, ""pending"": {""MILK"": 0, ""WOOL"": 0}, ""step"": 450}, {""chosen"": {""MILK"": 12}, ""pending"": {""MILK"": 0, ""WOOL"": 0}, ""step"": 475}, {""chosen"": {""MILK"": 11}, ""pending"": {""MILK"": 0, ""WOOL"": 0}, ""step"": 477}, {""chosen"": {""MILK"": 2}, ""pending"": {""MILK"": 0, ""WOOL"": 0}, ""step"": 520}, {""chosen"": {""MILK"": 15}, ""pending"": {""MILK"": 0, ""WOOL"": 0}, ""step"": 536}, {""chosen"": {""MILK"": 19, ""WOOL"": 24}, ""pending"": {""MILK"": 0, ""WOOL"": 0}, ""step"": 537}, {""chosen"": {""WOOL"": 24}, ""pending"": {""MILK"": 0, ""WOOL"": 0}, ""step"": 538}, {""chosen"": {""MILK"": 4}, ""pending"": {""MILK"": 0, ""WOOL"": 0}, ""step"": 565}, {""chosen"": {""MILK"": 4, ""WOOL"": 3}, ""pending"": {""MILK"": 0, ""WOOL"": 0}, ""step"": 566}, {""chosen"": {""MILK"": 1}, ""pending"": {""MILK"": 0, ""WOOL"": 0}, ""step"": 569}, {""chosen"": {""MILK"": 1}, ""pending"": {""MILK"": 1, ""WOOL"": 0}, ""step"": 572}, {""chosen"": {""MILK"": 13}, ""pending"": {""MILK"": 0, ""WOOL"": 0}, ""step"": 573}, {""chosen"": {""MILK"": 6}, ""pending"": {""MILK"": 0, ""WOOL"": 0}, ""step"": 607}, {""chosen"": {""MILK"": 0}, ""pending"": {""MILK"": 1, ""WOOL"": 0}, ""step"": 608}, {""chosen"": {""MILK"": 0}, ""pending"": {""MILK"": 1, ""WOOL"": 0}, ""step"": 609}, {""chosen"": {""MILK"": 7, ""WOOL"": 9}, ""pending"": {""MILK"": 0, ""WOOL"": 0}, ""step"": 612}, {""chosen"": {""WOOL"": 3}, ""pending"": {""MILK"": 0, ""WOOL"": 0}, ""step"": 616}, {""chosen"": {""MILK"": 14, ""WOOL"": 9}, ""pending"": {""MILK"": 0, ""WOOL"": 0}, ""step"": 617}, {""chosen"": {""WOOL"": 1}, ""pending"": {""MILK"": 0, ""WOOL"": 0}, ""step"": 625}, {""chosen"": {""WOOL"": 2}, ""pending"": {""MILK"": 0, ""WOOL"": 0}, ""step"": 627}, {""chosen"": {""MILK"": 15}, ""pending"": {""MILK"": 0, ""WOOL"": 0}, ""step"": 633}, {""chosen"": {""MILK"": 30}, ""pending"": {""MILK"": 0, ""WOOL"": 0}, ""step"": 637}, {""chosen"": {""MILK"": 0}, ""pending"": {""MILK"": 1, ""WOOL"": 0}, ""step"": 656}, {""chosen"": {""MILK"": 0, ""WOOL"": 1}, ""pending"": {""MILK"": 1, ""WOOL"": 0}, ""step"": 657}, {""chosen"": {""WOOL"": 1}, ""pending"": {""MILK"": 1, ""WOOL"": 0}, ""step"": 660}, {""chosen"": {""MILK"": 1, ""WOOL"": 0}, ""pending"": {""MILK"": 1, ""WOOL"": 1}, ""step"": 661}, {""chosen"": {""MILK"": 1}, ""pending"": {""MILK"": 1, ""WOOL"": 1}, ""step"": 667}, {""chosen"": {""MILK"": 1}, ""pending"": {""MILK"": 1, ""WOOL"": 1}, ""step"": 670}, {""chosen"": {""MILK"": 1}, ""pending"": {""MILK"": 1, ""WOOL"": 1}, ""step"": 673}, {""chosen"": {""MILK"": 1}, ""pending"": {""MILK"": 1, ""WOOL"": 1}, ""step"": 674}, {""chosen"": {""MILK"": 1}, ""pending"": {""MILK"": 1, ""WOOL"": 1}, ""step"": 678}, {""chosen"": {""MILK"": 1}, ""pending"": {""MILK"": 1, ""WOOL"": 1}, ""step"": 685}, {""chosen"": {""MILK"": 1}, ""pending"": {""MILK"": 1, ""WOOL"": 1}, ""step"": 686}, {""chosen"": {""MILK"": 1}, ""pending"": {""MILK"": 1, ""WOOL"": 1}, ""step"": 698}, {""chosen"": {""WOOL"": 1}, ""pending"": {""MILK"": 1, ""WOOL"": 1}, ""step"": 699}, {""chosen"": {""MILK"": 7}, ""pending"": {""MILK"": 1, ""WOOL"": 1}, ""step"": 702}, {""chosen"": {""MILK"": 4, ""WOOL"": 25}, ""pending"": {""MILK"": 0, ""WOOL"": 0}, ""step"": 703}, {""chosen"": {""WOOL"": 12}, ""pending"": {""MILK"": 0, ""WOOL"": 0}, ""step"": 709}, {""chosen"": {""MILK"": 9}, ""pending"": {""MILK"": 0, ""WOOL"": 0}, ""step"": 710}, {""chosen"": {""MILK"": 12, ""WOOL"": 20}, ""pending"": {""MILK"": 0, ""WOOL"": 0}, ""step"": 712}, {""chosen"": {""MILK"": 3}, ""pending"": {""MILK"": 0, ""WOOL"": 0}, ""step"": 713}, {""chosen"": {""MILK"": 3, ""WOOL"": 12}, ""pending"": {""MILK"": 0, ""WOOL"": 0}, ""step"": 715}, {""chosen"": {""MILK"": 3}, ""pending"": {""MILK"": 0, ""WOOL"": 0}, ""step"": 716}]",0,0,21,152,19
2026,1,106958.0,113057.0,-6099.0,loss,DONE,DONE,1,4.017990100022871,0,0,0,0,719,0,0,0.0187,2.429360000000002,6.889444000000024,10.6505,"{""BUILD_PASTURE"": 14, ""CARE"": 308, ""COLLECT_FERTILIZER"": 318, ""DIG"": 25, ""DROP"": 80, ""EAST"": 857, ""FEED"": 319, ""FERTILIZE"": 107, ""HARVEST"": 338, ""NORTH"": 1236, ""PASS"": 377, ""PICKUP"": 339, ""PLACE"": 27, ""PLANT"": 131, ""SOUTH"": 929, ""WATER"": 851, ""WEST"": 1098}","{""BUY_ANIMAL"": 14, ""BUY_LAND"": 2, ""BUY_PRODUCT"": 279, ""BUY_SEED"": 54, ""HIRE"": 306, ""SELL"": 442}","{""BUY_ANIMAL:COW"": 8, ""BUY_ANIMAL:SHEEP"": 6, ""BUY_PRODUCT:WHEAT"": 967, ""BUY_SEED:MELON"": 21, ""BUY_SEED:STRAWBERRY"": 44, ""BUY_SEED:WHEAT"": 66, ""SELL:CARROT"": 13, ""SELL:EGG"": 8, ""SELL:FERTILIZER"": 437, ""SELL:MELON"": 224, ""SELL:MILK"": 491, ""SELL:STRAWBERRY"": 567, ""SELL:TOMATO"": 4, ""SELL:WHEAT"": 1108, ""SELL:WOOL"": 333}",conservative,v015a,621,42,198,177,0,58,2,56,419,296,0,150,13,11,conservative,718,"{""MILK"": {""base"": 3, ""carried_value"": 573, ""chosen"": 3, ""deferred"": 0, ""gain"": 0.0, ""opponent_future"": 16.0, ""opponent_now"": 0.0, ""released"": 0, ""residual_value"": 0.0, ""step"": 716}, ""WOOL"": {""base"": 12, ""carried_value"": 2772, ""chosen"": 12, ""deferred"": 0, ""gain"": 0.0, ""opponent_future"": 6.6667, ""opponent_now"": 0.0, ""released"": 0, ""residual_value"": 0.0, ""step"": 715}}","{""MILK"": 0, ""WOOL"": 0}","[{""chosen"": {""WOOL"": 6}, ""pending"": {""WOOL"": 0}, ""step"": 280}, {""chosen"": {""MILK"": 9}, ""pending"": {""MILK"": 0, ""WOOL"": 0}, ""step"": 293}, {""chosen"": {""MILK"": 12}, ""pending"": {""MILK"": 0, ""WOOL"": 0}, ""step"": 294}, {""chosen"": {""WOOL"": 6}, ""pending"": {""MILK"": 0, ""WOOL"": 0}, ""step"": 354}, {""chosen"": {""WOOL"": 7}, ""pending"": {""MILK"": 0, ""WOOL"": 0}, ""step"": 358}, {""chosen"": {""WOOL"": 4}, ""pending"": {""MILK"": 0, ""WOOL"": 0}, ""step"": 365}, {""chosen"": {""MILK"": 9, ""WOOL"": 4}, ""pending"": {""MILK"": 0, ""WOOL"": 0}, ""step"": 366}, {""chosen"": {""MILK"": 9}, ""pending"": {""MILK"": 0, ""WOOL"": 0}, ""step"": 367}, {""chosen"": {""MILK"": 9}, ""pending"": {""MILK"": 0, ""WOOL"": 0}, ""step"": 386}, {""chosen"": {""MILK"": 9}, ""pending"": {""MILK"": 0, ""WOOL"": 0}, ""step"": 387}, {""chosen"": {""MILK"": 9}, ""pending"": {""MILK"": 0, ""WOOL"": 0}, ""step"": 409}, {""chosen"": {""WOOL"": 3}, ""pending"": {""MILK"": 0, ""WOOL"": 0}, ""step"": 424}, {""chosen"": {""MILK"": 20}, ""pending"": {""MILK"": 0, ""WOOL"": 0}, ""step"": 444}, {""chosen"": {""MILK"": 6}, ""pending"": {""MILK"": 0, ""WOOL"": 0}, ""step"": 450}, {""chosen"": {""MILK"": 12}, ""pending"": {""MILK"": 0, ""WOOL"": 0}, ""step"": 475}, {""chosen"": {""MILK"": 11}, ""pending"": {""MILK"": 0, ""WOOL"": 0}, ""step"": 477}, {""chosen"": {""MILK"": 2}, ""pending"": {""MILK"": 0, ""WOOL"": 0}, ""step"": 520}, {""chosen"": {""MILK"": 15}, ""pending"": {""MILK"": 0, ""WOOL"": 0}, ""step"": 536}, {""chosen"": {""MILK"": 19, ""WOOL"": 24}, ""pending"": {""MILK"": 0, ""WOOL"": 0}, ""step"": 537}, {""chosen"": {""WOOL"": 24}, ""pending"": {""MILK"": 0, ""WOOL"": 0}, ""step"": 538}, {""chosen"": {""MILK"": 4}, ""pending"": {""MILK"": 0, ""WOOL"": 0}, ""step"": 565}, {""chosen"": {""MILK"": 4, ""WOOL"": 3}, ""pending"": {""MILK"": 0, ""WOOL"": 0}, ""step"": 566}, {""chosen"": {""MILK"": 1}, ""pending"": {""MILK"": 0, ""WOOL"": 0}, ""step"": 569}, {""chosen"": {""MILK"": 1}, ""pending"": {""MILK"": 1, ""WOOL"": 0}, ""step"": 572}, {""chosen"": {""MILK"": 13}, ""pending"": {""MILK"": 0, ""WOOL"": 0}, ""step"": 573}, {""chosen"": {""MILK"": 6}, ""pending"": {""MILK"": 0, ""WOOL"": 0}, ""step"": 607}, {""chosen"": {""MILK"": 0}, ""pending"": {""MILK"": 1, ""WOOL"": 0}, ""step"": 608}, {""chosen"": {""MILK"": 0}, ""pending"": {""MILK"": 1, ""WOOL"": 0}, ""step"": 609}, {""chosen"": {""MILK"": 7, ""WOOL"": 9}, ""pending"": {""MILK"": 0, ""WOOL"": 0}, ""step"": 612}, {""chosen"": {""WOOL"": 3}, ""pending"": {""MILK"": 0, ""WOOL"": 0}, ""step"": 616}, {""chosen"": {""MILK"": 14, ""WOOL"": 9}, ""pending"": {""MILK"": 0, ""WOOL"": 0}, ""step"": 617}, {""chosen"": {""WOOL"": 1}, ""pending"": {""MILK"": 0, ""WOOL"": 0}, ""step"": 625}, {""chosen"": {""WOOL"": 2}, ""pending"": {""MILK"": 0, ""WOOL"": 0}, ""step"": 627}, {""chosen"": {""MILK"": 15}, ""pending"": {""MILK"": 0, ""WOOL"": 0}, ""step"": 633}, {""chosen"": {""MILK"": 30}, ""pending"": {""MILK"": 0, ""WOOL"": 0}, ""step"": 637}, {""chosen"": {""MILK"": 0}, ""pending"": {""MILK"": 1, ""WOOL"": 0}, ""step"": 656}, {""chosen"": {""MILK"": 0, ""WOOL"": 1}, ""pending"": {""MILK"": 1, ""WOOL"": 0}, ""step"": 657}, {""chosen"": {""WOOL"": 1}, ""pending"": {""MILK"": 1, ""WOOL"": 0}, ""step"": 660}, {""chosen"": {""MILK"": 1, ""WOOL"": 0}, ""pending"": {""MILK"": 1, ""WOOL"": 1}, ""step"": 661}, {""chosen"": {""MILK"": 1}, ""pending"": {""MILK"": 1, ""WOOL"": 1}, ""step"": 667}, {""chosen"": {""MILK"": 1}, ""pending"": {""MILK"": 1, ""WOOL"": 1}, ""step"": 670}, {""chosen"": {""MILK"": 1}, ""pending"": {""MILK"": 1, ""WOOL"": 1}, ""step"": 673}, {""chosen"": {""MILK"": 1}, ""pending"": {""MILK"": 1, ""WOOL"": 1}, ""step"": 674}, {""chosen"": {""MILK"": 1}, ""pending"": {""MILK"": 1, ""WOOL"": 1}, ""step"": 678}, {""chosen"": {""MILK"": 1}, ""pending"": {""MILK"": 1, ""WOOL"": 1}, ""step"": 685}, {""chosen"": {""MILK"": 1}, ""pending"": {""MILK"": 1, ""WOOL"": 1}, ""step"": 686}, {""chosen"": {""MILK"": 1}, ""pending"": {""MILK"": 1, ""WOOL"": 1}, ""step"": 698}, {""chosen"": {""WOOL"": 1}, ""pending"": {""MILK"": 1, ""WOOL"": 1}, ""step"": 699}, {""chosen"": {""MILK"": 7}, ""pending"": {""MILK"": 1, ""WOOL"": 1}, ""step"": 702}, {""chosen"": {""MILK"": 4, ""WOOL"": 25}, ""pending"": {""MILK"": 0, ""WOOL"": 0}, ""step"": 703}, {""chosen"": {""WOOL"": 12}, ""pending"": {""MILK"": 0, ""WOOL"": 0}, ""step"": 709}, {""chosen"": {""MILK"": 9}, ""pending"": {""MILK"": 0, ""WOOL"": 0}, ""step"": 710}, {""chosen"": {""MILK"": 12, ""WOOL"": 20}, ""pending"": {""MILK"": 0, ""WOOL"": 0}, ""step"": 712}, {""chosen"": {""MILK"": 3}, ""pending"": {""MILK"": 0, ""WOOL"": 0}, ""step"": 713}, {""chosen"": {""MILK"": 3, ""WOOL"": 12}, ""pending"": {""MILK"": 0, ""WOOL"": 0}, ""step"": 715}, {""chosen"": {""MILK"": 3}, ""pending"": {""MILK"": 0, ""WOOL"": 0}, ""step"": 716}]",0,0,21,152,19
217,0,103501.0,104801.0,-1300.0,loss,DONE,DONE,1,3.846834999974817,0,0,24,0,719,0,0,0.0245,2.6242600000000005,5.763690000000005,9.5645,"{""BUILD_PASTURE"": 14, ""CARE"": 308, ""COLLECT_FERTILIZER"": 318, ""DIG"": 25, ""DROP"": 80, ""EAST"": 857, ""FEED"": 319, ""FERTILIZE"": 107, ""HARVEST"": 338, ""NORTH"": 1236, ""PASS"": 377, ""PICKUP"": 339, ""PLACE"": 27, ""PLANT"": 131, ""SOUTH"": 929, ""WATER"": 851, ""WEST"": 1098}","{""BUY_ANIMAL"": 14, ""BUY_LAND"": 2, ""BUY_PRODUCT"": 279, ""BUY_SEED"": 54, ""HIRE"": 306, ""SELL"": 476}","{""BUY_ANIMAL:COW"": 8, ""BUY_ANIMAL:SHEEP"": 6, ""BUY_PRODUCT:WHEAT"": 967, ""BUY_SEED:MELON"": 21, ""BUY_SEED:STRAWBERRY"": 44, ""BUY_SEED:WHEAT"": 66, ""SELL:CARROT"": 13, ""SELL:EGG"": 8, ""SELL:FERTILIZER"": 445, ""SELL:MELON"": 224, ""SELL:MILK"": 556, ""SELL:STRAWBERRY"": 636, ""SELL:TOMATO"": 4, ""SELL:WHEAT"": 1108, ""SELL:WOOL"": 373}",conservative,v015a,608,62,142,142,0,43,0,49,385,259,1,144,15,11,conservative,718,"{""MILK"": {""base"": 3, ""carried_value"": 603, ""chosen"": 1, ""deferred"": 1, ""gain"": 168.9429, ""opponent_future"": 16.0, ""opponent_now"": 0.0, ""released"": 1, ""residual_value"": 3968.0, ""step"": 716}, ""WOOL"": {""base"": 12, ""carried_value"": 2904, ""chosen"": 12, ""deferred"": 0, ""gain"": 0.0, ""opponent_future"": 6.6667, ""opponent_now"": 0.0, ""released"": 0, ""residual_value"": 0.0, ""step"": 715}}","{""MILK"": 1, ""WOOL"": 0}","[{""chosen"": {""WOOL"": 6}, ""pending"": {""WOOL"": 0}, ""step"": 280}, {""chosen"": {""MILK"": 12}, ""pending"": {""MILK"": 0, ""WOOL"": 0}, ""step"": 294}, {""chosen"": {""MILK"": 3}, ""pending"": {""MILK"": 0, ""WOOL"": 0}, ""step"": 343}, {""chosen"": {""WOOL"": 4}, ""pending"": {""MILK"": 0, ""WOOL"": 0}, ""step"": 365}, {""chosen"": {""MILK"": 9}, ""pending"": {""MILK"": 0, ""WOOL"": 0}, ""step"": 367}, {""chosen"": {""MILK"": 9}, ""pending"": {""MILK"": 0, ""WOOL"": 0}, ""step"": 387}, {""chosen"": {""MILK"": 9}, ""pending"": {""MILK"": 0, ""WOOL"": 0}, ""step"": 409}, {""chosen"": {""MILK"": 8}, ""pending"": {""MILK"": 0, ""WOOL"": 0}, ""step"": 438}, {""chosen"": {""MILK"": 5}, ""pending"": {""MILK"": 0, ""WOOL"": 0}, ""step"": 439}, {""chosen"": {""MILK"": 9}, ""pending"": {""MILK"": 0, ""WOOL"": 0}, ""step"": 471}, {""chosen"": {""MILK"": 15}, ""pending"": {""MILK"": 0, ""WOOL"": 0}, ""step"": 484}, {""chosen"": {""MILK"": 15}, ""pending"": {""MILK"": 0, ""WOOL"": 0}, ""step"": 485}, {""chosen"": {""MILK"": 2}, ""pending"": {""MILK"": 0, ""WOOL"": 0}, ""step"": 521}, {""chosen"": {""MILK"": 2}, ""pending"": {""MILK"": 0, ""WOOL"": 0}, ""step"": 524}, {""chosen"": {""MILK"": 15}, ""pending"": {""MILK"": 0, ""WOOL"": 0}, ""step"": 536}, {""chosen"": {""MILK"": 19, ""WOOL"": 24}, ""pending"": {""MILK"": 0, ""WOOL"": 0}, ""step"": 537}, {""chosen"": {""MILK"": 4}, ""pending"": {""MILK"": 0, ""WOOL"": 0}, ""step"": 565}, {""chosen"": {""MILK"": 4, ""WOOL"": 3}, ""pending"": {""MILK"": 0, ""WOOL"": 0}, ""step"": 566}, {""chosen"": {""MILK"": 2}, ""pending"": {""MILK"": 0, ""WOOL"": 0}, ""step"": 572}, {""chosen"": {""MILK"": 12}, ""pending"": {""MILK"": 0, ""WOOL"": 0}, ""step"": 573}, {""chosen"": {""MILK"": 6}, ""pending"": {""MILK"": 0, ""WOOL"": 0}, ""step"": 607}, {""chosen"": {""MILK"": 15}, ""pending"": {""MILK"": 0, ""WOOL"": 0}, ""step"": 608}, {""chosen"": {""MILK"": 9}, ""pending"": {""MILK"": 0, ""WOOL"": 0}, ""step"": 609}, {""chosen"": {""MILK"": 6, ""WOOL"": 9}, ""pending"": {""MILK"": 0, ""WOOL"": 0}, ""step"": 612}, {""chosen"": {""WOOL"": 1}, ""pending"": {""MILK"": 0, ""WOOL"": 0}, ""step"": 625}, {""chosen"": {""WOOL"": 2}, ""pending"": {""MILK"": 0, ""WOOL"": 0}, ""step"": 627}, {""chosen"": {""MILK"": 15}, ""pending"": {""MILK"": 0, ""WOOL"": 0}, ""step"": 633}, {""chosen"": {""MILK"": 30}, ""pending"": {""MILK"": 0, ""WOOL"": 0}, ""step"": 637}, {""chosen"": {""MILK"": 0}, ""pending"": {""MILK"": 1, ""WOOL"": 0}, ""step"": 656}, {""chosen"": {""MILK"": 0, ""WOOL"": 1}, ""pending"": {""MILK"": 1, ""WOOL"": 0}, ""step"": 657}, {""chosen"": {""WOOL"": 1}, ""pending"": {""MILK"": 1, ""WOOL"": 0}, ""step"": 660}, {""chosen"": {""MILK"": 1, ""WOOL"": 1}, ""pending"": {""MILK"": 1, ""WOOL"": 0}, ""step"": 661}, {""chosen"": {""MILK"": 1}, ""pending"": {""MILK"": 1, ""WOOL"": 0}, ""step"": 667}, {""chosen"": {""MILK"": 1}, ""pending"": {""MILK"": 1, ""WOOL"": 0}, ""step"": 670}, {""chosen"": {""MILK"": 1}, ""pending"": {""MILK"": 1, ""WOOL"": 0}, ""step"": 673}, {""chosen"": {""MILK"": 1}, ""pending"": {""MILK"": 1, ""WOOL"": 0}, ""step"": 674}, {""chosen"": {""MILK"": 1}, ""pending"": {""MILK"": 1, ""WOOL"": 0}, ""step"": 678}, {""chosen"": {""MILK"": 1}, ""pending"": {""MILK"": 1, ""WOOL"": 0}, ""step"": 685}, {""chosen"": {""MILK"": 1}, ""pending"": {""MILK"": 1, ""WOOL"": 0}, ""step"": 686}, {""chosen"": {""MILK"": 1}, ""pending"": {""MILK"": 1, ""WOOL"": 0}, ""step"": 698}, {""chosen"": {""WOOL"": 22}, ""pending"": {""MILK"": 1, ""WOOL"": 0}, ""step"": 699}, {""chosen"": {""MILK"": 1}, ""pending"": {""MILK"": 1, ""WOOL"": 0}, ""step"": 702}, {""chosen"": {""MILK"": 1, ""WOOL"": 24}, ""pending"": {""MILK"": 1, ""WOOL"": 0}, ""step"": 703}, {""chosen"": {""WOOL"": 12}, ""pending"": {""MILK"": 1, ""WOOL"": 0}, ""step"": 709}, {""chosen"": {""MILK"": 10}, ""pending"": {""MILK"": 0, ""WOOL"": 0}, ""step"": 710}, {""chosen"": {""MILK"": 0, ""WOOL"": 20}, ""pending"": {""MILK"": 1, ""WOOL"": 0}, ""step"": 712}, {""chosen"": {""MILK"": 1}, ""pending"": {""MILK"": 1, ""WOOL"": 0}, ""step"": 713}, {""chosen"": {""MILK"": 1, ""WOOL"": 12}, ""pending"": {""MILK"": 1, ""WOOL"": 0}, ""step"": 715}, {""chosen"": {""MILK"": 1}, ""pending"": {""MILK"": 1, ""WOOL"": 0}, ""step"": 716}]",0,0,18,128,18
217,1,103326.0,105030.0,-1704.0,loss,DONE,DONE,1,3.8260615000035614,0,0,24,0,719,0,0,0.0189,2.537320000000001,5.940436000000023,9.4261,"{""BUILD_PASTURE"": 14, ""CARE"": 308, ""COLLECT_FERTILIZER"": 318, ""DIG"": 25, ""DROP"": 80, ""EAST"": 857, ""FEED"": 319, ""FERTILIZE"": 107, ""HARVEST"": 338, ""NORTH"": 1236, ""PASS"": 377, ""PICKUP"": 339, ""PLACE"": 27, ""PLANT"": 131, ""SOUTH"": 929, ""WATER"": 851, ""WEST"": 1098}","{""BUY_ANIMAL"": 14, ""BUY_LAND"": 2, ""BUY_PRODUCT"": 279, ""BUY_SEED"": 54, ""HIRE"": 306, ""SELL"": 476}","{""BUY_ANIMAL:COW"": 8, ""BUY_ANIMAL:SHEEP"": 6, ""BUY_PRODUCT:WHEAT"": 967, ""BUY_SEED:MELON"": 21, ""BUY_SEED:STRAWBERRY"": 44, ""BUY_SEED:WHEAT"": 66, ""SELL:CARROT"": 13, ""SELL:EGG"": 8, ""SELL:FERTILIZER"": 445, ""SELL:MELON"": 224, ""SELL:MILK"": 556, ""SELL:STRAWBERRY"": 636, ""SELL:TOMATO"": 4, ""SELL:WHEAT"": 1108, ""SELL:WOOL"": 373}",conservative,v015a,608,62,142,142,0,43,0,49,385,259,1,144,15,11,conservative,718,"{""MILK"": {""base"": 3, ""carried_value"": 603, ""chosen"": 1, ""deferred"": 1, ""gain"": 168.9429, ""opponent_future"": 16.0, ""opponent_now"": 0.0, ""released"": 1, ""residual_value"": 3968.0, ""step"": 716}, ""WOOL"": {""base"": 12, ""carried_value"": 2904, ""chosen"": 12, ""deferred"": 0, ""gain"": 0.0, ""opponent_future"": 6.6667, ""opponent_now"": 0.0, ""released"": 0, ""residual_value"": 0.0, ""step"": 715}}","{""MILK"": 1, ""WOOL"": 0}","[{""chosen"": {""WOOL"": 6}, ""pending"": {""WOOL"": 0}, ""step"": 280}, {""chosen"": {""MILK"": 12}, ""pending"": {""MILK"": 0, ""WOOL"": 0}, ""step"": 294}, {""chosen"": {""MILK"": 3}, ""pending"": {""MILK"": 0, ""WOOL"": 0}, ""step"": 343}, {""chosen"": {""WOOL"": 4}, ""pending"": {""MILK"": 0, ""WOOL"": 0}, ""step"": 365}, {""chosen"": {""MILK"": 9}, ""pending"": {""MILK"": 0, ""WOOL"": 0}, ""step"": 367}, {""chosen"": {""MILK"": 9}, ""pending"": {""MILK"": 0, ""WOOL"": 0}, ""step"": 387}, {""chosen"": {""MILK"": 9}, ""pending"": {""MILK"": 0, ""WOOL"": 0}, ""step"": 409}, {""chosen"": {""MILK"": 8}, ""pending"": {""MILK"": 0, ""WOOL"": 0}, ""step"": 438}, {""chosen"": {""MILK"": 5}, ""pending"": {""MILK"": 0, ""WOOL"": 0}, ""step"": 439}, {""chosen"": {""MILK"": 9}, ""pending"": {""MILK"": 0, ""WOOL"": 0}, ""step"": 471}, {""chosen"": {""MILK"": 15}, ""pending"": {""MILK"": 0, ""WOOL"": 0}, ""step"": 484}, {""chosen"": {""MILK"": 15}, ""pending"": {""MILK"": 0, ""WOOL"": 0}, ""step"": 485}, {""chosen"": {""MILK"": 2}, ""pending"": {""MILK"": 0, ""WOOL"": 0}, ""step"": 521}, {""chosen"": {""MILK"": 2}, ""pending"": {""MILK"": 0, ""WOOL"": 0}, ""step"": 524}, {""chosen"": {""MILK"": 15}, ""pending"": {""MILK"": 0, ""WOOL"": 0}, ""step"": 536}, {""chosen"": {""MILK"": 19, ""WOOL"": 24}, ""pending"": {""MILK"": 0, ""WOOL"": 0}, ""step"": 537}, {""chosen"": {""MILK"": 4}, ""pending"": {""MILK"": 0, ""WOOL"": 0}, ""step"": 565}, {""chosen"": {""MILK"": 4, ""WOOL"": 3}, ""pending"": {""MILK"": 0, ""WOOL"": 0}, ""step"": 566}, {""chosen"": {""MILK"": 2}, ""pending"": {""MILK"": 0, ""WOOL"": 0}, ""step"": 572}, {""chosen"": {""MILK"": 12}, ""pending"": {""MILK"": 0, ""WOOL"": 0}, ""step"": 573}, {""chosen"": {""MILK"": 6}, ""pending"": {""MILK"": 0, ""WOOL"": 0}, ""step"": 607}, {""chosen"": {""MILK"": 15}, ""pending"": {""MILK"": 0, ""WOOL"": 0}, ""step"": 608}, {""chosen"": {""MILK"": 9}, ""pending"": {""MILK"": 0, ""WOOL"": 0}, ""step"": 609}, {""chosen"": {""MILK"": 6, ""WOOL"": 9}, ""pending"": {""MILK"": 0, ""WOOL"": 0}, ""step"": 612}, {""chosen"": {""WOOL"": 1}, ""pending"": {""MILK"": 0, ""WOOL"": 0}, ""step"": 625}, {""chosen"": {""WOOL"": 2}, ""pending"": {""MILK"": 0, ""WOOL"": 0}, ""step"": 627}, {""chosen"": {""MILK"": 15}, ""pending"": {""MILK"": 0, ""WOOL"": 0}, ""step"": 633}, {""chosen"": {""MILK"": 30}, ""pending"": {""MILK"": 0, ""WOOL"": 0}, ""step"": 637}, {""chosen"": {""MILK"": 0}, ""pending"": {""MILK"": 1, ""WOOL"": 0}, ""step"": 656}, {""chosen"": {""MILK"": 0, ""WOOL"": 1}, ""pending"": {""MILK"": 1, ""WOOL"": 0}, ""step"": 657}, {""chosen"": {""WOOL"": 1}, ""pending"": {""MILK"": 1, ""WOOL"": 0}, ""step"": 660}, {""chosen"": {""MILK"": 1, ""WOOL"": 1}, ""pending"": {""MILK"": 1, ""WOOL"": 0}, ""step"": 661}, {""chosen"": {""MILK"": 1}, ""pending"": {""MILK"": 1, ""WOOL"": 0}, ""step"": 667}, {""chosen"": {""MILK"": 1}, ""pending"": {""MILK"": 1, ""WOOL"": 0}, ""step"": 670}, {""chosen"": {""MILK"": 1}, ""pending"": {""MILK"": 1, ""WOOL"": 0}, ""step"": 673}, {""chosen"": {""MILK"": 1}, ""pending"": {""MILK"": 1, ""WOOL"": 0}, ""step"": 674}, {""chosen"": {""MILK"": 1}, ""pending"": {""MILK"": 1, ""WOOL"": 0}, ""step"": 678}, {""chosen"": {""MILK"": 1}, ""pending"": {""MILK"": 1, ""WOOL"": 0}, ""step"": 685}, {""chosen"": {""MILK"": 1}, ""pending"": {""MILK"": 1, ""WOOL"": 0}, ""step"": 686}, {""chosen"": {""MILK"": 1}, ""pending"": {""MILK"": 1, ""WOOL"": 0}, ""step"": 698}, {""chosen"": {""WOOL"": 22}, ""pending"": {""MILK"": 1, ""WOOL"": 0}, ""step"": 699}, {""chosen"": {""MILK"": 1}, ""pending"": {""MILK"": 1, ""WOOL"": 0}, ""step"": 702}, {""chosen"": {""MILK"": 1, ""WOOL"": 24}, ""pending"": {""MILK"": 1, ""WOOL"": 0}, ""step"": 703}, {""chosen"": {""WOOL"": 12}, ""pending"": {""MILK"": 1, ""WOOL"": 0}, ""step"": 709}, {""chosen"": {""MILK"": 10}, ""pending"": {""MILK"": 0, ""WOOL"": 0}, ""step"": 710}, {""chosen"": {""MILK"": 0, ""WOOL"": 20}, ""pending"": {""MILK"": 1, ""WOOL"": 0}, ""step"": 712}, {""chosen"": {""MILK"": 1}, ""pending"": {""MILK"": 1, ""WOOL"": 0}, ""step"": 713}, {""chosen"": {""MILK"": 1, ""WOOL"": 12}, ""pending"": {""MILK"": 1, ""WOOL"": 0}, ""step"": 715}, {""chosen"": {""MILK"": 1}, ""pending"": {""MILK"": 1, ""WOOL"": 0}, ""step"": 716}]",0,0,18,128,18
317,0,132052.0,131867.0,185.0,win,DONE,DONE,1,3.9681585999787785,0,0,0,0,719,0,0,0.0246,1.997570000000003,6.022206000000011,9.4896,"{""BUILD_PASTURE"": 14, ""CARE"": 308, ""COLLECT_FERTILIZER"": 318, ""DIG"": 25, ""DROP"": 80, ""EAST"": 857, ""FEED"": 319, ""FERTILIZE"": 107, ""HARVEST"": 338, ""NORTH"": 1236, ""PASS"": 377, ""PICKUP"": 339, ""PLACE"": 27, ""PLANT"": 131, ""SOUTH"": 929, ""WATER"": 851, ""WEST"": 1098}","{""BUY_ANIMAL"": 14, ""BUY_LAND"": 2, ""BUY_PRODUCT"": 279, ""BUY_SEED"": 54, ""HIRE"": 306, ""SELL"": 448}","{""BUY_ANIMAL:COW"": 8, ""BUY_ANIMAL:SHEEP"": 6, ""BUY_PRODUCT:WHEAT"": 967, ""BUY_SEED:MELON"": 21, ""BUY_SEED:STRAWBERRY"": 44, ""BUY_SEED:WHEAT"": 66, ""SELL:CARROT"": 13, ""SELL:EGG"": 8, ""SELL:FERTILIZER"": 437, ""SELL:MELON"": 224, ""SELL:MILK"": 614, ""SELL:STRAWBERRY"": 567, ""SELL:TOMATO"": 4, ""SELL:WHEAT"": 1108, ""SELL:WOOL"": 307}",conservative,v015a,621,55,171,124,0,65,6,43,268,268,0,113,0,11,conservative,718,"{""MILK"": {""base"": 3, ""carried_value"": 768, ""chosen"": 3, ""deferred"": 0, ""gain"": 0.0, ""opponent_future"": 16.0, ""opponent_now"": 0.0, ""released"": 0, ""residual_value"": 0.0, ""step"": 716}, ""WOOL"": {""base"": 12, ""carried_value"": 2700, ""chosen"": 12, ""deferred"": 0, ""gain"": 0.0, ""opponent_future"": 6.6667, ""opponent_now"": 0.0, ""released"": 0, ""residual_value"": 0.0, ""step"": 715}}","{""MILK"": 0, ""WOOL"": 0}","[{""chosen"": {""WOOL"": 6}, ""pending"": {""WOOL"": 0}, ""step"": 280}, {""chosen"": {""MILK"": 9}, ""pending"": {""MILK"": 0, ""WOOL"": 0}, ""step"": 293}, {""chosen"": {""WOOL"": 6}, ""pending"": {""MILK"": 0, ""WOOL"": 0}, ""step"": 354}, {""chosen"": {""WOOL"": 7}, ""pending"": {""MILK"": 0, ""WOOL"": 0}, ""step"": 358}, {""chosen"": {""WOOL"": 4}, ""pending"": {""MILK"": 0, ""WOOL"": 0}, ""step"": 365}, {""chosen"": {""MILK"": 9, ""WOOL"": 4}, ""pending"": {""MILK"": 0, ""WOOL"": 0}, ""step"": 366}, {""chosen"": {""MILK"": 9}, ""pending"": {""MILK"": 0, ""WOOL"": 0}, ""step"": 386}, {""chosen"": {""WOOL"": 3}, ""pending"": {""MILK"": 0, ""WOOL"": 0}, ""step"": 424}, {""chosen"": {""MILK"": 6}, ""pending"": {""MILK"": 0, ""WOOL"": 0}, ""step"": 450}, {""chosen"": {""MILK"": 12}, ""pending"": {""MILK"": 0, ""WOOL"": 0}, ""step"": 475}, {""chosen"": {""MILK"": 15}, ""pending"": {""MILK"": 0, ""WOOL"": 0}, ""step"": 536}, {""chosen"": {""WOOL"": 24}, ""pending"": {""MILK"": 0, ""WOOL"": 0}, ""step"": 538}, {""chosen"": {""MILK"": 4}, ""pending"": {""MILK"": 0, ""WOOL"": 0}, ""step"": 565}, {""chosen"": {""MILK"": 1}, ""pending"": {""MILK"": 0, ""WOOL"": 0}, ""step"": 569}, {""chosen"": {""MILK"": 6}, ""pending"": {""MILK"": 0, ""WOOL"": 0}, ""step"": 607}, {""chosen"": {""MILK"": 9}, ""pending"": {""MILK"": 0, ""WOOL"": 0}, ""step"": 609}, {""chosen"": {""MILK"": 9, ""WOOL"": 8}, ""pending"": {""MILK"": 0, ""WOOL"": 1}, ""step"": 613}, {""chosen"": {""WOOL"": 3}, ""pending"": {""MILK"": 0, ""WOOL"": 1}, ""step"": 616}, {""chosen"": {""MILK"": 14, ""WOOL"": 0}, ""pending"": {""MILK"": 0, ""WOOL"": 1}, ""step"": 617}, {""chosen"": {""WOOL"": 2}, ""pending"": {""MILK"": 0, ""WOOL"": 0}, ""step"": 625}, {""chosen"": {""WOOL"": 2}, ""pending"": {""MILK"": 0, ""WOOL"": 0}, ""step"": 627}, {""chosen"": {""MILK"": 15}, ""pending"": {""MILK"": 0, ""WOOL"": 0}, ""step"": 633}, {""chosen"": {""MILK"": 9}, ""pending"": {""MILK"": 0, ""WOOL"": 0}, ""step"": 656}, {""chosen"": {""MILK"": 9, ""WOOL"": 0}, ""pending"": {""MILK"": 0, ""WOOL"": 1}, ""step"": 657}, {""chosen"": {""WOOL"": 1}, ""pending"": {""MILK"": 0, ""WOOL"": 1}, ""step"": 660}, {""chosen"": {""MILK"": 10, ""WOOL"": 1}, ""pending"": {""MILK"": 0, ""WOOL"": 1}, ""step"": 661}, {""chosen"": {""MILK"": 4}, ""pending"": {""MILK"": 0, ""WOOL"": 1}, ""step"": 667}, {""chosen"": {""MILK"": 15}, ""pending"": {""MILK"": 0, ""WOOL"": 1}, ""step"": 670}, {""chosen"": {""MILK"": 12}, ""pending"": {""MILK"": 0, ""WOOL"": 1}, ""step"": 673}, {""chosen"": {""MILK"": 8}, ""pending"": {""MILK"": 0, ""WOOL"": 1}, ""step"": 674}, {""chosen"": {""MILK"": 8}, ""pending"": {""MILK"": 0, ""WOOL"": 1}, ""step"": 678}, {""chosen"": {""MILK"": 9}, ""pending"": {""MILK"": 0, ""WOOL"": 1}, ""step"": 685}, {""chosen"": {""MILK"": 13}, ""pending"": {""MILK"": 0, ""WOOL"": 1}, ""step"": 686}, {""chosen"": {""MILK"": 9}, ""pending"": {""MILK"": 0, ""WOOL"": 1}, ""step"": 698}, {""chosen"": {""WOOL"": 1}, ""pending"": {""MILK"": 0, ""WOOL"": 1}, ""step"": 699}, {""chosen"": {""MILK"": 11}, ""pending"": {""MILK"": 0, ""WOOL"": 1}, ""step"": 702}, {""chosen"": {""MILK"": 3, ""WOOL"": 7}, ""pending"": {""MILK"": 0, ""WOOL"": 1}, ""step"": 703}, {""chosen"": {""WOOL"": 13}, ""pending"": {""MILK"": 0, ""WOOL"": 0}, ""step"": 709}, {""chosen"": {""MILK"": 9}, ""pending"": {""MILK"": 0, ""WOOL"": 0}, ""step"": 710}, {""chosen"": {""MILK"": 12, ""WOOL"": 20}, ""pending"": {""MILK"": 0, ""WOOL"": 0}, ""step"": 712}, {""chosen"": {""MILK"": 3}, ""pending"": {""MILK"": 0, ""WOOL"": 0}, ""step"": 713}, {""chosen"": {""MILK"": 3, ""WOOL"": 12}, ""pending"": {""MILK"": 0, ""WOOL"": 0}, ""step"": 715}, {""chosen"": {""MILK"": 3}, ""pending"": {""MILK"": 0, ""WOOL"": 0}, ""step"": 716}]",0,0,7,51,7
317,1,132193.0,131726.0,467.0,win,DONE,DONE,1,3.8357663999777287,0,0,0,0,719,0,0,0.0186,1.9988300000000006,5.771862000000002,10.2855,"{""BUILD_PASTURE"": 14, ""CARE"": 308, ""COLLECT_FERTILIZER"": 318, ""DIG"": 25, ""DROP"": 80, ""EAST"": 857, ""FEED"": 319, ""FERTILIZE"": 107, ""HARVEST"": 338, ""NORTH"": 1236, ""PASS"": 377, ""PICKUP"": 339, ""PLACE"": 27, ""PLANT"": 131, ""SOUTH"": 929, ""WATER"": 851, ""WEST"": 1098}","{""BUY_ANIMAL"": 14, ""BUY_LAND"": 2, ""BUY_PRODUCT"": 279, ""BUY_SEED"": 54, ""HIRE"": 306, ""SELL"": 448}","{""BUY_ANIMAL:COW"": 8, ""BUY_ANIMAL:SHEEP"": 6, ""BUY_PRODUCT:WHEAT"": 967, ""BUY_SEED:MELON"": 21, ""BUY_SEED:STRAWBERRY"": 44, ""BUY_SEED:WHEAT"": 66, ""SELL:CARROT"": 13, ""SELL:EGG"": 8, ""SELL:FERTILIZER"": 437, ""SELL:MELON"": 224, ""SELL:MILK"": 614, ""SELL:STRAWBERRY"": 567, ""SELL:TOMATO"": 4, ""SELL:WHEAT"": 1108, ""SELL:WOOL"": 307}",conservative,v015a,621,55,171,124,0,65,6,43,268,268,0,113,0,11,conservative,718,"{""MILK"": {""base"": 3, ""carried_value"": 768, ""chosen"": 3, ""deferred"": 0, ""gain"": 0.0, ""opponent_future"": 16.0, ""opponent_now"": 0.0, ""released"": 0, ""residual_value"": 0.0, ""step"": 716}, ""WOOL"": {""base"": 12, ""carried_value"": 2700, ""chosen"": 12, ""deferred"": 0, ""gain"": 0.0, ""opponent_future"": 6.6667, ""opponent_now"": 0.0, ""released"": 0, ""residual_value"": 0.0, ""step"": 715}}","{""MILK"": 0, ""WOOL"": 0}","[{""chosen"": {""WOOL"": 6}, ""pending"": {""WOOL"": 0}, ""step"": 280}, {""chosen"": {""MILK"": 9}, ""pending"": {""MILK"": 0, ""WOOL"": 0}, ""step"": 293}, {""chosen"": {""WOOL"": 6}, ""pending"": {""MILK"": 0, ""WOOL"": 0}, ""step"": 354}, {""chosen"": {""WOOL"": 7}, ""pending"": {""MILK"": 0, ""WOOL"": 0}, ""step"": 358}, {""chosen"": {""WOOL"": 4}, ""pending"": {""MILK"": 0, ""WOOL"": 0}, ""step"": 365}, {""chosen"": {""MILK"": 9, ""WOOL"": 4}, ""pending"": {""MILK"": 0, ""WOOL"": 0}, ""step"": 366}, {""chosen"": {""MILK"": 9}, ""pending"": {""MILK"": 0, ""WOOL"": 0}, ""step"": 386}, {""chosen"": {""WOOL"": 3}, ""pending"": {""MILK"": 0, ""WOOL"": 0}, ""step"": 424}, {""chosen"": {""MILK"": 6}, ""pending"": {""MILK"": 0, ""WOOL"": 0}, ""step"": 450}, {""chosen"": {""MILK"": 12}, ""pending"": {""MILK"": 0, ""WOOL"": 0}, ""step"": 475}, {""chosen"": {""MILK"": 15}, ""pending"": {""MILK"": 0, ""WOOL"": 0}, ""step"": 536}, {""chosen"": {""WOOL"": 24}, ""pending"": {""MILK"": 0, ""WOOL"": 0}, ""step"": 538}, {""chosen"": {""MILK"": 4}, ""pending"": {""MILK"": 0, ""WOOL"": 0}, ""step"": 565}, {""chosen"": {""MILK"": 1}, ""pending"": {""MILK"": 0, ""WOOL"": 0}, ""step"": 569}, {""chosen"": {""MILK"": 6}, ""pending"": {""MILK"": 0, ""WOOL"": 0}, ""step"": 607}, {""chosen"": {""MILK"": 9}, ""pending"": {""MILK"": 0, ""WOOL"": 0}, ""step"": 609}, {""chosen"": {""MILK"": 9, ""WOOL"": 8}, ""pending"": {""MILK"": 0, ""WOOL"": 1}, ""step"": 613}, {""chosen"": {""WOOL"": 3}, ""pending"": {""MILK"": 0, ""WOOL"": 1}, ""step"": 616}, {""chosen"": {""MILK"": 14, ""WOOL"": 0}, ""pending"": {""MILK"": 0, ""WOOL"": 1}, ""step"": 617}, {""chosen"": {""WOOL"": 2}, ""pending"": {""MILK"": 0, ""WOOL"": 0}, ""step"": 625}, {""chosen"": {""WOOL"": 2}, ""pending"": {""MILK"": 0, ""WOOL"": 0}, ""step"": 627}, {""chosen"": {""MILK"": 15}, ""pending"": {""MILK"": 0, ""WOOL"": 0}, ""step"": 633}, {""chosen"": {""MILK"": 9}, ""pending"": {""MILK"": 0, ""WOOL"": 0}, ""step"": 656}, {""chosen"": {""MILK"": 9, ""WOOL"": 0}, ""pending"": {""MILK"": 0, ""WOOL"": 1}, ""step"": 657}, {""chosen"": {""WOOL"": 1}, ""pending"": {""MILK"": 0, ""WOOL"": 1}, ""step"": 660}, {""chosen"": {""MILK"": 10, ""WOOL"": 1}, ""pending"": {""MILK"": 0, ""WOOL"": 1}, ""step"": 661}, {""chosen"": {""MILK"": 4}, ""pending"": {""MILK"": 0, ""WOOL"": 1}, ""step"": 667}, {""chosen"": {""MILK"": 15}, ""pending"": {""MILK"": 0, ""WOOL"": 1}, ""step"": 670}, {""chosen"": {""MILK"": 12}, ""pending"": {""MILK"": 0, ""WOOL"": 1}, ""step"": 673}, {""chosen"": {""MILK"": 8}, ""pending"": {""MILK"": 0, ""WOOL"": 1}, ""step"": 674}, {""chosen"": {""MILK"": 8}, ""pending"": {""MILK"": 0, ""WOOL"": 1}, ""step"": 678}, {""chosen"": {""MILK"": 9}, ""pending"": {""MILK"": 0, ""WOOL"": 1}, ""step"": 685}, {""chosen"": {""MILK"": 13}, ""pending"": {""MILK"": 0, ""WOOL"": 1}, ""step"": 686}, {""chosen"": {""MILK"": 9}, ""pending"": {""MILK"": 0, ""WOOL"": 1}, ""step"": 698}, {""chosen"": {""WOOL"": 1}, ""pending"": {""MILK"": 0, ""WOOL"": 1}, ""step"": 699}, {""chosen"": {""MILK"": 11}, ""pending"": {""MILK"": 0, ""WOOL"": 1}, ""step"": 702}, {""chosen"": {""MILK"": 3, ""WOOL"": 7}, ""pending"": {""MILK"": 0, ""WOOL"": 1}, ""step"": 703}, {""chosen"": {""WOOL"": 13}, ""pending"": {""MILK"": 0, ""WOOL"": 0}, ""step"": 709}, {""chosen"": {""MILK"": 9}, ""pending"": {""MILK"": 0, ""WOOL"": 0}, ""step"": 710}, {""chosen"": {""MILK"": 12, ""WOOL"": 20}, ""pending"": {""MILK"": 0, ""WOOL"": 0}, ""step"": 712}, {""chosen"": {""MILK"": 3}, ""pending"": {""MILK"": 0, ""WOOL"": 0}, ""step"": 713}, {""chosen"": {""MILK"": 3, ""WOOL"": 12}, ""pending"": {""MILK"": 0, ""WOOL"": 0}, ""step"": 715}, {""chosen"": {""MILK"": 3}, ""pending"": {""MILK"": 0, ""WOOL"": 0}, ""step"": 716}]",0,0,7,51,7
733,0,124956.0,128534.0,-3578.0,loss,DONE,DONE,1,3.859643599949777,0,0,0,0,719,0,0,0.0251,2.2159300000000033,6.291296000000019,10.7431,"{""BUILD_PASTURE"": 14, ""CARE"": 308, ""COLLECT_FERTILIZER"": 318, ""DIG"": 25, ""DROP"": 80, ""EAST"": 857, ""FEED"": 319, ""FERTILIZE"": 107, ""HARVEST"": 338, ""NORTH"": 1236, ""PASS"": 377, ""PICKUP"": 339, ""PLACE"": 27, ""PLANT"": 131, ""SOUTH"": 929, ""WATER"": 851, ""WEST"": 1098}","{""BUY_ANIMAL"": 14, ""BUY_LAND"": 2, ""BUY_PRODUCT"": 279, ""BUY_SEED"": 54, ""HIRE"": 306, ""SELL"": 445}","{""BUY_ANIMAL:COW"": 8, ""BUY_ANIMAL:SHEEP"": 6, ""BUY_PRODUCT:WHEAT"": 967, ""BUY_SEED:MELON"": 21, ""BUY_SEED:STRAWBERRY"": 44, ""BUY_SEED:WHEAT"": 66, ""SELL:CARROT"": 13, ""SELL:EGG"": 8, ""SELL:FERTILIZER"": 437, ""SELL:MELON"": 224, ""SELL:MILK"": 537, ""SELL:STRAWBERRY"": 567, ""SELL:TOMATO"": 4, ""SELL:WHEAT"": 1108, ""SELL:WOOL"": 333}",conservative,v015a,621,47,198,177,0,58,2,51,372,295,0,137,8,11,conservative,718,"{""MILK"": {""base"": 3, ""carried_value"": 663, ""chosen"": 3, ""deferred"": 0, ""gain"": 0.0, ""opponent_future"": 16.0, ""opponent_now"": 0.0, ""released"": 0, ""residual_value"": 0.0, ""step"": 716}, ""WOOL"": {""base"": 12, ""carried_value"": 2772, ""chosen"": 12, ""deferred"": 0, ""gain"": 0.0, ""opponent_future"": 6.6667, ""opponent_now"": 0.0, ""released"": 0, ""residual_value"": 0.0, ""step"": 715}}","{""MILK"": 0, ""WOOL"": 0}","[{""chosen"": {""WOOL"": 6}, ""pending"": {""WOOL"": 0}, ""step"": 280}, {""chosen"": {""MILK"": 9}, ""pending"": {""MILK"": 0, ""WOOL"": 0}, ""step"": 293}, {""chosen"": {""MILK"": 12}, ""pending"": {""MILK"": 0, ""WOOL"": 0}, ""step"": 294}, {""chosen"": {""WOOL"": 6}, ""pending"": {""MILK"": 0, ""WOOL"": 0}, ""step"": 354}, {""chosen"": {""WOOL"": 7}, ""pending"": {""MILK"": 0, ""WOOL"": 0}, ""step"": 358}, {""chosen"": {""WOOL"": 4}, ""pending"": {""MILK"": 0, ""WOOL"": 0}, ""step"": 365}, {""chosen"": {""MILK"": 9, ""WOOL"": 4}, ""pending"": {""MILK"": 0, ""WOOL"": 0}, ""step"": 366}, {""chosen"": {""MILK"": 9}, ""pending"": {""MILK"": 0, ""WOOL"": 0}, ""step"": 367}, {""chosen"": {""MILK"": 9}, ""pending"": {""MILK"": 0, ""WOOL"": 0}, ""step"": 386}, {""chosen"": {""MILK"": 9}, ""pending"": {""MILK"": 0, ""WOOL"": 0}, ""step"": 387}, {""chosen"": {""MILK"": 9}, ""pending"": {""MILK"": 0, ""WOOL"": 0}, ""step"": 409}, {""chosen"": {""WOOL"": 3}, ""pending"": {""MILK"": 0, ""WOOL"": 0}, ""step"": 424}, {""chosen"": {""MILK"": 6}, ""pending"": {""MILK"": 0, ""WOOL"": 0}, ""step"": 450}, {""chosen"": {""MILK"": 12}, ""pending"": {""MILK"": 0, ""WOOL"": 0}, ""step"": 475}, {""chosen"": {""MILK"": 15}, ""pending"": {""MILK"": 0, ""WOOL"": 0}, ""step"": 536}, {""chosen"": {""MILK"": 19, ""WOOL"": 24}, ""pending"": {""MILK"": 0, ""WOOL"": 0}, ""step"": 537}, {""chosen"": {""WOOL"": 24}, ""pending"": {""MILK"": 0, ""WOOL"": 0}, ""step"": 538}, {""chosen"": {""MILK"": 4}, ""pending"": {""MILK"": 0, ""WOOL"": 0}, ""step"": 565}, {""chosen"": {""MILK"": 4, ""WOOL"": 3}, ""pending"": {""MILK"": 0, ""WOOL"": 0}, ""step"": 566}, {""chosen"": {""MILK"": 1}, ""pending"": {""MILK"": 0, ""WOOL"": 0}, ""step"": 569}, {""chosen"": {""MILK"": 6}, ""pending"": {""MILK"": 0, ""WOOL"": 0}, ""step"": 607}, {""chosen"": {""MILK"": 14}, ""pending"": {""MILK"": 1, ""WOOL"": 0}, ""step"": 608}, {""chosen"": {""MILK"": 0}, ""pending"": {""MILK"": 1, ""WOOL"": 0}, ""step"": 609}, {""chosen"": {""MILK"": 7, ""WOOL"": 9}, ""pending"": {""MILK"": 0, ""WOOL"": 0}, ""step"": 612}, {""chosen"": {""WOOL"": 3}, ""pending"": {""MILK"": 0, ""WOOL"": 0}, ""step"": 616}, {""chosen"": {""MILK"": 14, ""WOOL"": 9}, ""pending"": {""MILK"": 0, ""WOOL"": 0}, ""step"": 617}, {""chosen"": {""WOOL"": 1}, ""pending"": {""MILK"": 0, ""WOOL"": 0}, ""step"": 625}, {""chosen"": {""WOOL"": 2}, ""pending"": {""MILK"": 0, ""WOOL"": 0}, ""step"": 627}, {""chosen"": {""MILK"": 15}, ""pending"": {""MILK"": 0, ""WOOL"": 0}, ""step"": 633}, {""chosen"": {""MILK"": 30}, ""pending"": {""MILK"": 0, ""WOOL"": 0}, ""step"": 637}, {""chosen"": {""MILK"": 0}, ""pending"": {""MILK"": 1, ""WOOL"": 0}, ""step"": 656}, {""chosen"": {""MILK"": 0, ""WOOL"": 1}, ""pending"": {""MILK"": 1, ""WOOL"": 0}, ""step"": 657}, {""chosen"": {""WOOL"": 1}, ""pending"": {""MILK"": 1, ""WOOL"": 0}, ""step"": 660}, {""chosen"": {""MILK"": 1, ""WOOL"": 0}, ""pending"": {""MILK"": 1, ""WOOL"": 1}, ""step"": 661}, {""chosen"": {""MILK"": 1}, ""pending"": {""MILK"": 1, ""WOOL"": 1}, ""step"": 667}, {""chosen"": {""MILK"": 1}, ""pending"": {""MILK"": 1, ""WOOL"": 1}, ""step"": 670}, {""chosen"": {""MILK"": 1}, ""pending"": {""MILK"": 1, ""WOOL"": 1}, ""step"": 673}, {""chosen"": {""MILK"": 1}, ""pending"": {""MILK"": 1, ""WOOL"": 1}, ""step"": 674}, {""chosen"": {""MILK"": 1}, ""pending"": {""MILK"": 1, ""WOOL"": 1}, ""step"": 678}, {""chosen"": {""MILK"": 10}, ""pending"": {""MILK"": 0, ""WOOL"": 1}, ""step"": 685}, {""chosen"": {""MILK"": 13}, ""pending"": {""MILK"": 0, ""WOOL"": 1}, ""step"": 686}, {""chosen"": {""MILK"": 9}, ""pending"": {""MILK"": 0, ""WOOL"": 1}, ""step"": 698}, {""chosen"": {""WOOL"": 1}, ""pending"": {""MILK"": 0, ""WOOL"": 1}, ""step"": 699}, {""chosen"": {""MILK"": 11}, ""pending"": {""MILK"": 0, ""WOOL"": 1}, ""step"": 702}, {""chosen"": {""MILK"": 3, ""WOOL"": 25}, ""pending"": {""MILK"": 0, ""WOOL"": 0}, ""step"": 703}, {""chosen"": {""WOOL"": 12}, ""pending"": {""MILK"": 0, ""WOOL"": 0}, ""step"": 709}, {""chosen"": {""MILK"": 9}, ""pending"": {""MILK"": 0, ""WOOL"": 0}, ""step"": 710}, {""chosen"": {""MILK"": 12, ""WOOL"": 20}, ""pending"": {""MILK"": 0, ""WOOL"": 0}, ""step"": 712}, {""chosen"": {""MILK"": 3}, ""pending"": {""MILK"": 0, ""WOOL"": 0}, ""step"": 713}, {""chosen"": {""MILK"": 3, ""WOOL"": 12}, ""pending"": {""MILK"": 0, ""WOOL"": 0}, ""step"": 715}, {""chosen"": {""MILK"": 3}, ""pending"": {""MILK"": 0, ""WOOL"": 0}, ""step"": 716}]",0,0,15,104,14
733,1,124905.0,128585.0,-3680.0,loss,DONE,DONE,1,3.8511592999566346,0,0,0,0,719,0,0,0.0187,2.2298400000000007,6.15621800000002,9.3084,"{""BUILD_PASTURE"": 14, ""CARE"": 308, ""COLLECT_FERTILIZER"": 318, ""DIG"": 25, ""DROP"": 80, ""EAST"": 857, ""FEED"": 319, ""FERTILIZE"": 107, ""HARVEST"": 338, ""NORTH"": 1236, ""PASS"": 377, ""PICKUP"": 339, ""PLACE"": 27, ""PLANT"": 131, ""SOUTH"": 929, ""WATER"": 851, ""WEST"": 1098}","{""BUY_ANIMAL"": 14, ""BUY_LAND"": 2, ""BUY_PRODUCT"": 279, ""BUY_SEED"": 54, ""HIRE"": 306, ""SELL"": 445}","{""BUY_ANIMAL:COW"": 8, ""BUY_ANIMAL:SHEEP"": 6, ""BUY_PRODUCT:WHEAT"": 967, ""BUY_SEED:MELON"": 21, ""BUY_SEED:STRAWBERRY"": 44, ""BUY_SEED:WHEAT"": 66, ""SELL:CARROT"": 13, ""SELL:EGG"": 8, ""SELL:FERTILIZER"": 437, ""SELL:MELON"": 224, ""SELL:MILK"": 537, ""SELL:STRAWBERRY"": 567, ""SELL:TOMATO"": 4, ""SELL:WHEAT"": 1108, ""SELL:WOOL"": 333}",conservative,v015a,621,47,198,177,0,58,2,51,372,295,0,137,8,11,conservative,718,"{""MILK"": {""base"": 3, ""carried_value"": 663, ""chosen"": 3, ""deferred"": 0, ""gain"": 0.0, ""opponent_future"": 16.0, ""opponent_now"": 0.0, ""released"": 0, ""residual_value"": 0.0, ""step"": 716}, ""WOOL"": {""base"": 12, ""carried_value"": 2772, ""chosen"": 12, ""deferred"": 0, ""gain"": 0.0, ""opponent_future"": 6.6667, ""opponent_now"": 0.0, ""released"": 0, ""residual_value"": 0.0, ""step"": 715}}","{""MILK"": 0, ""WOOL"": 0}","[{""chosen"": {""WOOL"": 6}, ""pending"": {""WOOL"": 0}, ""step"": 280}, {""chosen"": {""MILK"": 9}, ""pending"": {""MILK"": 0, ""WOOL"": 0}, ""step"": 293}, {""chosen"": {""MILK"": 12}, ""pending"": {""MILK"": 0, ""WOOL"": 0}, ""step"": 294}, {""chosen"": {""WOOL"": 6}, ""pending"": {""MILK"": 0, ""WOOL"": 0}, ""step"": 354}, {""chosen"": {""WOOL"": 7}, ""pending"": {""MILK"": 0, ""WOOL"": 0}, ""step"": 358}, {""chosen"": {""WOOL"": 4}, ""pending"": {""MILK"": 0, ""WOOL"": 0}, ""step"": 365}, {""chosen"": {""MILK"": 9, ""WOOL"": 4}, ""pending"": {""MILK"": 0, ""WOOL"": 0}, ""step"": 366}, {""chosen"": {""MILK"": 9}, ""pending"": {""MILK"": 0, ""WOOL"": 0}, ""step"": 367}, {""chosen"": {""MILK"": 9}, ""pending"": {""MILK"": 0, ""WOOL"": 0}, ""step"": 386}, {""chosen"": {""MILK"": 9}, ""pending"": {""MILK"": 0, ""WOOL"": 0}, ""step"": 387}, {""chosen"": {""MILK"": 9}, ""pending"": {""MILK"": 0, ""WOOL"": 0}, ""step"": 409}, {""chosen"": {""WOOL"": 3}, ""pending"": {""MILK"": 0, ""WOOL"": 0}, ""step"": 424}, {""chosen"": {""MILK"": 6}, ""pending"": {""MILK"": 0, ""WOOL"": 0}, ""step"": 450}, {""chosen"": {""MILK"": 12}, ""pending"": {""MILK"": 0, ""WOOL"": 0}, ""step"": 475}, {""chosen"": {""MILK"": 15}, ""pending"": {""MILK"": 0, ""WOOL"": 0}, ""step"": 536}, {""chosen"": {""MILK"": 19, ""WOOL"": 24}, ""pending"": {""MILK"": 0, ""WOOL"": 0}, ""step"": 537}, {""chosen"": {""WOOL"": 24}, ""pending"": {""MILK"": 0, ""WOOL"": 0}, ""step"": 538}, {""chosen"": {""MILK"": 4}, ""pending"": {""MILK"": 0, ""WOOL"": 0}, ""step"": 565}, {""chosen"": {""MILK"": 4, ""WOOL"": 3}, ""pending"": {""MILK"": 0, ""WOOL"": 0}, ""step"": 566}, {""chosen"": {""MILK"": 1}, ""pending"": {""MILK"": 0, ""WOOL"": 0}, ""step"": 569}, {""chosen"": {""MILK"": 6}, ""pending"": {""MILK"": 0, ""WOOL"": 0}, ""step"": 607}, {""chosen"": {""MILK"": 14}, ""pending"": {""MILK"": 1, ""WOOL"": 0}, ""step"": 608}, {""chosen"": {""MILK"": 0}, ""pending"": {""MILK"": 1, ""WOOL"": 0}, ""step"": 609}, {""chosen"": {""MILK"": 7, ""WOOL"": 9}, ""pending"": {""MILK"": 0, ""WOOL"": 0}, ""step"": 612}, {""chosen"": {""WOOL"": 3}, ""pending"": {""MILK"": 0, ""WOOL"": 0}, ""step"": 616}, {""chosen"": {""MILK"": 14, ""WOOL"": 9}, ""pending"": {""MILK"": 0, ""WOOL"": 0}, ""step"": 617}, {""chosen"": {""WOOL"": 1}, ""pending"": {""MILK"": 0, ""WOOL"": 0}, ""step"": 625}, {""chosen"": {""WOOL"": 2}, ""pending"": {""MILK"": 0, ""WOOL"": 0}, ""step"": 627}, {""chosen"": {""MILK"": 15}, ""pending"": {""MILK"": 0, ""WOOL"": 0}, ""step"": 633}, {""chosen"": {""MILK"": 30}, ""pending"": {""MILK"": 0, ""WOOL"": 0}, ""step"": 637}, {""chosen"": {""MILK"": 0}, ""pending"": {""MILK"": 1, ""WOOL"": 0}, ""step"": 656}, {""chosen"": {""MILK"": 0, ""WOOL"": 1}, ""pending"": {""MILK"": 1, ""WOOL"": 0}, ""step"": 657}, {""chosen"": {""WOOL"": 1}, ""pending"": {""MILK"": 1, ""WOOL"": 0}, ""step"": 660}, {""chosen"": {""MILK"": 1, ""WOOL"": 0}, ""pending"": {""MILK"": 1, ""WOOL"": 1}, ""step"": 661}, {""chosen"": {""MILK"": 1}, ""pending"": {""MILK"": 1, ""WOOL"": 1}, ""step"": 667}, {""chosen"": {""MILK"": 1}, ""pending"": {""MILK"": 1, ""WOOL"": 1}, ""step"": 670}, {""chosen"": {""MILK"": 1}, ""pending"": {""MILK"": 1, ""WOOL"": 1}, ""step"": 673}, {""chosen"": {""MILK"": 1}, ""pending"": {""MILK"": 1, ""WOOL"": 1}, ""step"": 674}, {""chosen"": {""MILK"": 1}, ""pending"": {""MILK"": 1, ""WOOL"": 1}, ""step"": 678}, {""chosen"": {""MILK"": 10}, ""pending"": {""MILK"": 0, ""WOOL"": 1}, ""step"": 685}, {""chosen"": {""MILK"": 13}, ""pending"": {""MILK"": 0, ""WOOL"": 1}, ""step"": 686}, {""chosen"": {""MILK"": 9}, ""pending"": {""MILK"": 0, ""WOOL"": 1}, ""step"": 698}, {""chosen"": {""WOOL"": 1}, ""pending"": {""MILK"": 0, ""WOOL"": 1}, ""step"": 699}, {""chosen"": {""MILK"": 11}, ""pending"": {""MILK"": 0, ""WOOL"": 1}, ""step"": 702}, {""chosen"": {""MILK"": 3, ""WOOL"": 25}, ""pending"": {""MILK"": 0, ""WOOL"": 0}, ""step"": 703}, {""chosen"": {""WOOL"": 12}, ""pending"": {""MILK"": 0, ""WOOL"": 0}, ""step"": 709}, {""chosen"": {""MILK"": 9}, ""pending"": {""MILK"": 0, ""WOOL"": 0}, ""step"": 710}, {""chosen"": {""MILK"": 12, ""WOOL"": 20}, ""pending"": {""MILK"": 0, ""WOOL"": 0}, ""step"": 712}, {""chosen"": {""MILK"": 3}, ""pending"": {""MILK"": 0, ""WOOL"": 0}, ""step"": 713}, {""chosen"": {""MILK"": 3, ""WOOL"": 12}, ""pending"": {""MILK"": 0, ""WOOL"": 0}, ""step"": 715}, {""chosen"": {""MILK"": 3}, ""pending"": {""MILK"": 0, ""WOOL"": 0}, ""step"": 716}]",0,0,15,104,14
17,0,138529.0,98790.0,39739.0,win,DONE,DONE,1,4.204871399968397,0,0,0,0,719,0,0,0.0256,0.19354000000000005,5.961910000000018,9.8404,"{""BUILD_PASTURE"": 14, ""CARE"": 308, ""COLLECT_FERTILIZER"": 318, ""DIG"": 25, ""DROP"": 80, ""EAST"": 857, ""FEED"": 319, ""FERTILIZE"": 107, ""HARVEST"": 338, ""NORTH"": 1236, ""PASS"": 377, ""PICKUP"": 339, ""PLACE"": 27, ""PLANT"": 131, ""SOUTH"": 929, ""WATER"": 851, ""WEST"": 1098}","{""BUY_ANIMAL"": 14, ""BUY_LAND"": 2, ""BUY_PRODUCT"": 279, ""BUY_SEED"": 54, ""HIRE"": 306, ""SELL"": 480}","{""BUY_ANIMAL:COW"": 8, ""BUY_ANIMAL:SHEEP"": 6, ""BUY_PRODUCT:WHEAT"": 967, ""BUY_SEED:MELON"": 21, ""BUY_SEED:STRAWBERRY"": 44, ""BUY_SEED:WHEAT"": 66, ""SELL:CARROT"": 13, ""SELL:EGG"": 8, ""SELL:FERTILIZER"": 445, ""SELL:MELON"": 224, ""SELL:MILK"": 658, ""SELL:STRAWBERRY"": 636, ""SELL:TOMATO"": 4, ""SELL:WHEAT"": 1108, ""SELL:WOOL"": 373}",conservative,baseline,608,82,108,108,0,42,0,29,191,167,0,104,3,11,conservative,718,"{""MILK"": {""base"": 3, ""carried_value"": 750, ""chosen"": 3, ""deferred"": 0, ""gain"": 0.0, ""opponent_future"": 18.0, ""opponent_now"": 0.0, ""released"": 0, ""residual_value"": 0.0, ""step"": 716}, ""WOOL"": {""base"": 12, ""carried_value"": 2904, ""chosen"": 12, ""deferred"": 0, ""gain"": 0.0, ""opponent_future"": 4.0, ""opponent_now"": 0.0, ""released"": 0, ""residual_value"": 0.0, ""step"": 715}}","{""MILK"": 0, ""WOOL"": 0}","[{""chosen"": {""WOOL"": 6}, ""pending"": {""WOOL"": 0}, ""step"": 280}, {""chosen"": {""WOOL"": 4}, ""pending"": {""WOOL"": 0}, ""step"": 365}, {""chosen"": {""MILK"": 9, ""WOOL"": 4}, ""pending"": {""MILK"": 0, ""WOOL"": 0}, ""step"": 366}, {""chosen"": {""MILK"": 9}, ""pending"": {""MILK"": 0, ""WOOL"": 0}, ""step"": 386}, {""chosen"": {""MILK"": 2}, ""pending"": {""MILK"": 0, ""WOOL"": 0}, ""step"": 520}, {""chosen"": {""MILK"": 6}, ""pending"": {""MILK"": 0, ""WOOL"": 0}, ""step"": 607}, {""chosen"": {""WOOL"": 1}, ""pending"": {""MILK"": 0, ""WOOL"": 0}, ""step"": 625}, {""chosen"": {""MILK"": 15}, ""pending"": {""MILK"": 0, ""WOOL"": 0}, ""step"": 633}, {""chosen"": {""MILK"": 0}, ""pending"": {""MILK"": 1, ""WOOL"": 0}, ""step"": 656}, {""chosen"": {""MILK"": 1, ""WOOL"": 1}, ""pending"": {""MILK"": 1, ""WOOL"": 0}, ""step"": 657}, {""chosen"": {""WOOL"": 1}, ""pending"": {""MILK"": 1, ""WOOL"": 0}, ""step"": 660}, {""chosen"": {""MILK"": 2, ""WOOL"": 1}, ""pending"": {""MILK"": 1, ""WOOL"": 0}, ""step"": 661}, {""chosen"": {""MILK"": 5}, ""pending"": {""MILK"": 0, ""WOOL"": 0}, ""step"": 667}, {""chosen"": {""MILK"": 15}, ""pending"": {""MILK"": 0, ""WOOL"": 0}, ""step"": 670}, {""chosen"": {""MILK"": 12}, ""pending"": {""MILK"": 0, ""WOOL"": 0}, ""step"": 673}, {""chosen"": {""MILK"": 8}, ""pending"": {""MILK"": 0, ""WOOL"": 0}, ""step"": 674}, {""chosen"": {""MILK"": 8}, ""pending"": {""MILK"": 0, ""WOOL"": 0}, ""step"": 678}, {""chosen"": {""MILK"": 9}, ""pending"": {""MILK"": 0, ""WOOL"": 0}, ""step"": 685}, {""chosen"": {""MILK"": 13}, ""pending"": {""MILK"": 0, ""WOOL"": 0}, ""step"": 686}, {""chosen"": {""MILK"": 9}, ""pending"": {""MILK"": 0, ""WOOL"": 0}, ""step"": 698}, {""chosen"": {""WOOL"": 22}, ""pending"": {""MILK"": 0, ""WOOL"": 0}, ""step"": 699}, {""chosen"": {""MILK"": 11}, ""pending"": {""MILK"": 0, ""WOOL"": 0}, ""step"": 702}, {""chosen"": {""MILK"": 3, ""WOOL"": 24}, ""pending"": {""MILK"": 0, ""WOOL"": 0}, ""step"": 703}, {""chosen"": {""WOOL"": 12}, ""pending"": {""MILK"": 0, ""WOOL"": 0}, ""step"": 709}, {""chosen"": {""MILK"": 9}, ""pending"": {""MILK"": 0, ""WOOL"": 0}, ""step"": 710}, {""chosen"": {""MILK"": 12, ""WOOL"": 20}, ""pending"": {""MILK"": 0, ""WOOL"": 0}, ""step"": 712}, {""chosen"": {""MILK"": 3}, ""pending"": {""MILK"": 0, ""WOOL"": 0}, ""step"": 713}, {""chosen"": {""MILK"": 3, ""WOOL"": 12}, ""pending"": {""MILK"": 0, ""WOOL"": 0}, ""step"": 715}, {""chosen"": {""MILK"": 3}, ""pending"": {""MILK"": 0, ""WOOL"": 0}, ""step"": 716}]",0,0,4,26,4
17,1,139080.0,99020.0,40060.0,win,DONE,DONE,1,4.08288200001698,0,0,0,0,719,0,0,0.0218,0.18245000000000003,6.307662000000014,9.4453,"{""BUILD_PASTURE"": 14, ""CARE"": 308, ""COLLECT_FERTILIZER"": 318, ""DIG"": 25, ""DROP"": 80, ""EAST"": 857, ""FEED"": 319, ""FERTILIZE"": 107, ""HARVEST"": 338, ""NORTH"": 1236, ""PASS"": 377, ""PICKUP"": 339, ""PLACE"": 27, ""PLANT"": 131, ""SOUTH"": 929, ""WATER"": 851, ""WEST"": 1098}","{""BUY_ANIMAL"": 14, ""BUY_LAND"": 2, ""BUY_PRODUCT"": 279, ""BUY_SEED"": 54, ""HIRE"": 306, ""SELL"": 480}","{""BUY_ANIMAL:COW"": 8, ""BUY_ANIMAL:SHEEP"": 6, ""BUY_PRODUCT:WHEAT"": 967, ""BUY_SEED:MELON"": 21, ""BUY_SEED:STRAWBERRY"": 44, ""BUY_SEED:WHEAT"": 66, ""SELL:CARROT"": 13, ""SELL:EGG"": 8, ""SELL:FERTILIZER"": 445, ""SELL:MELON"": 224, ""SELL:MILK"": 666, ""SELL:STRAWBERRY"": 636, ""SELL:TOMATO"": 4, ""SELL:WHEAT"": 1108, ""SELL:WOOL"": 373}",conservative,baseline,608,81,108,108,0,42,0,30,206,190,0,105,2,11,conservative,718,"{""MILK"": {""base"": 3, ""carried_value"": 747, ""chosen"": 3, ""deferred"": 0, ""gain"": 0.0, ""opponent_future"": 18.0, ""opponent_now"": 0.0, ""released"": 0, ""residual_value"": 0.0, ""step"": 716}, ""WOOL"": {""base"": 12, ""carried_value"": 2904, ""chosen"": 12, ""deferred"": 0, ""gain"": 0.0, ""opponent_future"": 4.0, ""opponent_now"": 0.0, ""released"": 0, ""residual_value"": 0.0, ""step"": 715}}","{""MILK"": 0, ""WOOL"": 0}","[{""chosen"": {""WOOL"": 6}, ""pending"": {""WOOL"": 0}, ""step"": 280}, {""chosen"": {""WOOL"": 4}, ""pending"": {""WOOL"": 0}, ""step"": 365}, {""chosen"": {""MILK"": 9, ""WOOL"": 4}, ""pending"": {""MILK"": 0, ""WOOL"": 0}, ""step"": 366}, {""chosen"": {""MILK"": 9}, ""pending"": {""MILK"": 0, ""WOOL"": 0}, ""step"": 386}, {""chosen"": {""MILK"": 2}, ""pending"": {""MILK"": 0, ""WOOL"": 0}, ""step"": 520}, {""chosen"": {""MILK"": 15}, ""pending"": {""MILK"": 0, ""WOOL"": 0}, ""step"": 536}, {""chosen"": {""MILK"": 6}, ""pending"": {""MILK"": 0, ""WOOL"": 0}, ""step"": 607}, {""chosen"": {""WOOL"": 1}, ""pending"": {""MILK"": 0, ""WOOL"": 0}, ""step"": 625}, {""chosen"": {""MILK"": 15}, ""pending"": {""MILK"": 0, ""WOOL"": 0}, ""step"": 633}, {""chosen"": {""MILK"": 0}, ""pending"": {""MILK"": 1, ""WOOL"": 0}, ""step"": 656}, {""chosen"": {""MILK"": 1, ""WOOL"": 1}, ""pending"": {""MILK"": 1, ""WOOL"": 0}, ""step"": 657}, {""chosen"": {""WOOL"": 1}, ""pending"": {""MILK"": 1, ""WOOL"": 0}, ""step"": 660}, {""chosen"": {""MILK"": 11, ""WOOL"": 1}, ""pending"": {""MILK"": 0, ""WOOL"": 0}, ""step"": 661}, {""chosen"": {""MILK"": 4}, ""pending"": {""MILK"": 0, ""WOOL"": 0}, ""step"": 667}, {""chosen"": {""MILK"": 15}, ""pending"": {""MILK"": 0, ""WOOL"": 0}, ""step"": 670}, {""chosen"": {""MILK"": 12}, ""pending"": {""MILK"": 0, ""WOOL"": 0}, ""step"": 673}, {""chosen"": {""MILK"": 8}, ""pending"": {""MILK"": 0, ""WOOL"": 0}, ""step"": 674}, {""chosen"": {""MILK"": 8}, ""pending"": {""MILK"": 0, ""WOOL"": 0}, ""step"": 678}, {""chosen"": {""MILK"": 9}, ""pending"": {""MILK"": 0, ""WOOL"": 0}, ""step"": 685}, {""chosen"": {""MILK"": 13}, ""pending"": {""MILK"": 0, ""WOOL"": 0}, ""step"": 686}, {""chosen"": {""MILK"": 9}, ""pending"": {""MILK"": 0, ""WOOL"": 0}, ""step"": 698}, {""chosen"": {""WOOL"": 22}, ""pending"": {""MILK"": 0, ""WOOL"": 0}, ""step"": 699}, {""chosen"": {""MILK"": 11}, ""pending"": {""MILK"": 0, ""WOOL"": 0}, ""step"": 702}, {""chosen"": {""MILK"": 3, ""WOOL"": 24}, ""pending"": {""MILK"": 0, ""WOOL"": 0}, ""step"": 703}, {""chosen"": {""WOOL"": 12}, ""pending"": {""MILK"": 0, ""WOOL"": 0}, ""step"": 709}, {""chosen"": {""MILK"": 9}, ""pending"": {""MILK"": 0, ""WOOL"": 0}, ""step"": 710}, {""chosen"": {""MILK"": 12, ""WOOL"": 20}, ""pending"": {""MILK"": 0, ""WOOL"": 0}, ""step"": 712}, {""chosen"": {""MILK"": 3}, ""pending"": {""MILK"": 0, ""WOOL"": 0}, ""step"": 713}, {""chosen"": {""MILK"": 3, ""WOOL"": 12}, ""pending"": {""MILK"": 0, ""WOOL"": 0}, ""step"": 715}, {""chosen"": {""MILK"": 3}, ""pending"": {""MILK"": 0, ""WOOL"": 0}, ""step"": 716}]",0,0,3,18,3
42,0,169035.0,114209.0,54826.0,win,DONE,DONE,1,4.167125899984967,0,0,0,0,719,0,0,0.0259,0.19479000000000005,5.64223000000001,9.367,"{""BUILD_PASTURE"": 14, ""CARE"": 308, ""COLLECT_FERTILIZER"": 318, ""DIG"": 25, ""DROP"": 80, ""EAST"": 857, ""FEED"": 319, ""FERTILIZE"": 107, ""HARVEST"": 338, ""NORTH"": 1236, ""PASS"": 377, ""PICKUP"": 339, ""PLACE"": 27, ""PLANT"": 131, ""SOUTH"": 929, ""WATER"": 851, ""WEST"": 1098}","{""BUY_ANIMAL"": 14, ""BUY_LAND"": 2, ""BUY_PRODUCT"": 279, ""BUY_SEED"": 54, ""HIRE"": 306, ""SELL"": 481}","{""BUY_ANIMAL:COW"": 8, ""BUY_ANIMAL:SHEEP"": 6, ""BUY_PRODUCT:WHEAT"": 967, ""BUY_SEED:MELON"": 21, ""BUY_SEED:STRAWBERRY"": 44, ""BUY_SEED:WHEAT"": 66, ""SELL:CARROT"": 13, ""SELL:EGG"": 8, ""SELL:FERTILIZER"": 445, ""SELL:MELON"": 224, ""SELL:MILK"": 682, ""SELL:STRAWBERRY"": 636, ""SELL:TOMATO"": 4, ""SELL:WHEAT"": 1108, ""SELL:WOOL"": 373}",conservative,baseline,608,88,99,99,0,37,0,23,152,152,0,100,0,11,conservative,718,"{""MILK"": {""base"": 3, ""carried_value"": 810, ""chosen"": 3, ""deferred"": 0, ""gain"": 0.0, ""opponent_future"": 16.0, ""opponent_now"": 0.0, ""released"": 0, ""residual_value"": 0.0, ""step"": 716}, ""WOOL"": {""base"": 12, ""carried_value"": 2916, ""chosen"": 12, ""deferred"": 0, ""gain"": 0.0, ""opponent_future"": 5.3333, ""opponent_now"": 0.0, ""released"": 0, ""residual_value"": 0.0, ""step"": 715}}","{""MILK"": 0, ""WOOL"": 0}","[{""chosen"": {""WOOL"": 6}, ""pending"": {""WOOL"": 0}, ""step"": 280}, {""chosen"": {""MILK"": 2}, ""pending"": {""MILK"": 0, ""WOOL"": 0}, ""step"": 520}, {""chosen"": {""MILK"": 9}, ""pending"": {""MILK"": 0, ""WOOL"": 0}, ""step"": 656}, {""chosen"": {""MILK"": 9, ""WOOL"": 1}, ""pending"": {""MILK"": 0, ""WOOL"": 0}, ""step"": 657}, {""chosen"": {""WOOL"": 1}, ""pending"": {""MILK"": 0, ""WOOL"": 0}, ""step"": 660}, {""chosen"": {""MILK"": 10, ""WOOL"": 1}, ""pending"": {""MILK"": 0, ""WOOL"": 0}, ""step"": 661}, {""chosen"": {""MILK"": 4}, ""pending"": {""MILK"": 0, ""WOOL"": 0}, ""step"": 667}, {""chosen"": {""MILK"": 15}, ""pending"": {""MILK"": 0, ""WOOL"": 0}, ""step"": 670}, {""chosen"": {""MILK"": 12}, ""pending"": {""MILK"": 0, ""WOOL"": 0}, ""step"": 673}, {""chosen"": {""MILK"": 8}, ""pending"": {""MILK"": 0, ""WOOL"": 0}, ""step"": 674}, {""chosen"": {""MILK"": 8}, ""pending"": {""MILK"": 0, ""WOOL"": 0}, ""step"": 678}, {""chosen"": {""MILK"": 9}, ""pending"": {""MILK"": 0, ""WOOL"": 0}, ""step"": 685}, {""chosen"": {""MILK"": 13}, ""pending"": {""MILK"": 0, ""WOOL"": 0}, ""step"": 686}, {""chosen"": {""MILK"": 9}, ""pending"": {""MILK"": 0, ""WOOL"": 0}, ""step"": 698}, {""chosen"": {""WOOL"": 22}, ""pending"": {""MILK"": 0, ""WOOL"": 0}, ""step"": 699}, {""chosen"": {""MILK"": 11}, ""pending"": {""MILK"": 0, ""WOOL"": 0}, ""step"": 702}, {""chosen"": {""MILK"": 3, ""WOOL"": 24}, ""pending"": {""MILK"": 0, ""WOOL"": 0}, ""step"": 703}, {""chosen"": {""WOOL"": 12}, ""pending"": {""MILK"": 0, ""WOOL"": 0}, ""step"": 709}, {""chosen"": {""MILK"": 9}, ""pending"": {""MILK"": 0, ""WOOL"": 0}, ""step"": 710}, {""chosen"": {""MILK"": 12, ""WOOL"": 20}, ""pending"": {""MILK"": 0, ""WOOL"": 0}, ""step"": 712}, {""chosen"": {""MILK"": 3}, ""pending"": {""MILK"": 0, ""WOOL"": 0}, ""step"": 713}, {""chosen"": {""MILK"": 3, ""WOOL"": 12}, ""pending"": {""MILK"": 0, ""WOOL"": 0}, ""step"": 715}, {""chosen"": {""MILK"": 3}, ""pending"": {""MILK"": 0, ""WOOL"": 0}, ""step"": 716}]",0,0,,,
42,1,165295.0,107976.0,57319.0,win,DONE,DONE,1,4.167155800038017,0,0,0,0,719,0,0,0.0214,0.13938000000000003,5.529606000000002,9.0234,"{""BUILD_PASTURE"": 14, ""CARE"": 308, ""COLLECT_FERTILIZER"": 318, ""DIG"": 25, ""DROP"": 80, ""EAST"": 857, ""FEED"": 319, ""FERTILIZE"": 107, ""HARVEST"": 338, ""NORTH"": 1236, ""PASS"": 377, ""PICKUP"": 339, ""PLACE"": 27, ""PLANT"": 131, ""SOUTH"": 929, ""WATER"": 851, ""WEST"": 1098}","{""BUY_ANIMAL"": 14, ""BUY_LAND"": 2, ""BUY_PRODUCT"": 279, ""BUY_SEED"": 54, ""HIRE"": 306, ""SELL"": 481}","{""BUY_ANIMAL:COW"": 8, ""BUY_ANIMAL:SHEEP"": 6, ""BUY_PRODUCT:WHEAT"": 967, ""BUY_SEED:MELON"": 21, ""BUY_SEED:STRAWBERRY"": 44, ""BUY_SEED:WHEAT"": 66, ""SELL:CARROT"": 13, ""SELL:EGG"": 8, ""SELL:FERTILIZER"": 445, ""SELL:MELON"": 224, ""SELL:MILK"": 682, ""SELL:STRAWBERRY"": 636, ""SELL:TOMATO"": 4, ""SELL:WHEAT"": 1108, ""SELL:WOOL"": 373}",conservative,baseline,608,88,99,99,0,37,0,23,152,152,0,100,0,11,conservative,718,"{""MILK"": {""base"": 3, ""carried_value"": 783, ""chosen"": 3, ""deferred"": 0, ""gain"": 0.0, ""opponent_future"": 16.0, ""opponent_now"": 0.0, ""released"": 0, ""residual_value"": 0.0, ""step"": 716}, ""WOOL"": {""base"": 12, ""carried_value"": 2916, ""chosen"": 12, ""deferred"": 0, ""gain"": 0.0, ""opponent_future"": 5.3333, ""opponent_now"": 0.0, ""released"": 0, ""residual_value"": 0.0, ""step"": 715}}","{""MILK"": 0, ""WOOL"": 0}","[{""chosen"": {""WOOL"": 6}, ""pending"": {""WOOL"": 0}, ""step"": 280}, {""chosen"": {""MILK"": 2}, ""pending"": {""MILK"": 0, ""WOOL"": 0}, ""step"": 520}, {""chosen"": {""MILK"": 9}, ""pending"": {""MILK"": 0, ""WOOL"": 0}, ""step"": 656}, {""chosen"": {""MILK"": 9, ""WOOL"": 1}, ""pending"": {""MILK"": 0, ""WOOL"": 0}, ""step"": 657}, {""chosen"": {""WOOL"": 1}, ""pending"": {""MILK"": 0, ""WOOL"": 0}, ""step"": 660}, {""chosen"": {""MILK"": 10, ""WOOL"": 1}, ""pending"": {""MILK"": 0, ""WOOL"": 0}, ""step"": 661}, {""chosen"": {""MILK"": 4}, ""pending"": {""MILK"": 0, ""WOOL"": 0}, ""step"": 667}, {""chosen"": {""MILK"": 15}, ""pending"": {""MILK"": 0, ""WOOL"": 0}, ""step"": 670}, {""chosen"": {""MILK"": 12}, ""pending"": {""MILK"": 0, ""WOOL"": 0}, ""step"": 673}, {""chosen"": {""MILK"": 8}, ""pending"": {""MILK"": 0, ""WOOL"": 0}, ""step"": 674}, {""chosen"": {""MILK"": 8}, ""pending"": {""MILK"": 0, ""WOOL"": 0}, ""step"": 678}, {""chosen"": {""MILK"": 9}, ""pending"": {""MILK"": 0, ""WOOL"": 0}, ""step"": 685}, {""chosen"": {""MILK"": 13}, ""pending"": {""MILK"": 0, ""WOOL"": 0}, ""step"": 686}, {""chosen"": {""MILK"": 9}, ""pending"": {""MILK"": 0, ""WOOL"": 0}, ""step"": 698}, {""chosen"": {""WOOL"": 22}, ""pending"": {""MILK"": 0, ""WOOL"": 0}, ""step"": 699}, {""chosen"": {""MILK"": 11}, ""pending"": {""MILK"": 0, ""WOOL"": 0}, ""step"": 702}, {""chosen"": {""MILK"": 3, ""WOOL"": 24}, ""pending"": {""MILK"": 0, ""WOOL"": 0}, ""step"": 703}, {""chosen"": {""WOOL"": 12}, ""pending"": {""MILK"": 0, ""WOOL"": 0}, ""step"": 709}, {""chosen"": {""MILK"": 9}, ""pending"": {""MILK"": 0, ""WOOL"": 0}, ""step"": 710}, {""chosen"": {""MILK"": 12, ""WOOL"": 20}, ""pending"": {""MILK"": 0, ""WOOL"": 0}, ""step"": 712}, {""chosen"": {""MILK"": 3}, ""pending"": {""MILK"": 0, ""WOOL"": 0}, ""step"": 713}, {""chosen"": {""MILK"": 3, ""WOOL"": 12}, ""pending"": {""MILK"": 0, ""WOOL"": 0}, ""step"": 715}, {""chosen"": {""MILK"": 3}, ""pending"": {""MILK"": 0, ""WOOL"": 0}, ""step"": 716}]",0,0,,,
2026,0,149980.0,92231.0,57749.0,win,DONE,DONE,1,4.203494599962141,0,0,0,0,719,0,0,0.0259,1.6075500000000043,6.510238000000019,9.2303,"{""BUILD_PASTURE"": 14, ""CARE"": 308, ""COLLECT_FERTILIZER"": 318, ""DIG"": 25, ""DROP"": 80, ""EAST"": 857, ""FEED"": 319, ""FERTILIZE"": 107, ""HARVEST"": 338, ""NORTH"": 1236, ""PASS"": 377, ""PICKUP"": 339, ""PLACE"": 27, ""PLANT"": 131, ""SOUTH"": 929, ""WATER"": 851, ""WEST"": 1098}","{""BUY_ANIMAL"": 14, ""BUY_LAND"": 2, ""BUY_PRODUCT"": 279, ""BUY_SEED"": 54, ""HIRE"": 306, ""SELL"": 479}","{""BUY_ANIMAL:COW"": 8, ""BUY_ANIMAL:SHEEP"": 6, ""BUY_PRODUCT:WHEAT"": 967, ""BUY_SEED:MELON"": 21, ""BUY_SEED:STRAWBERRY"": 44, ""BUY_SEED:WHEAT"": 66, ""SELL:CARROT"": 13, ""SELL:EGG"": 8, ""SELL:FERTILIZER"": 445, ""SELL:MELON"": 224, ""SELL:MILK"": 646, ""SELL:STRAWBERRY"": 636, ""SELL:TOMATO"": 4, ""SELL:WHEAT"": 1108, ""SELL:WOOL"": 373}",conservative,baseline,608,72,167,167,0,54,0,39,249,213,0,120,6,11,conservative,718,"{""MILK"": {""base"": 3, ""carried_value"": 732, ""chosen"": 3, ""deferred"": 0, ""gain"": 0.0, ""opponent_future"": 16.0, ""opponent_now"": 0.0, ""released"": 0, ""residual_value"": 0.0, ""step"": 716}, ""WOOL"": {""base"": 12, ""carried_value"": 2844, ""chosen"": 12, ""deferred"": 0, ""gain"": 0.0, ""opponent_future"": 5.3333, ""opponent_now"": 0.0, ""released"": 0, ""residual_value"": 0.0, ""step"": 715}}","{""MILK"": 0, ""WOOL"": 0}","[{""chosen"": {""WOOL"": 6}, ""pending"": {""WOOL"": 0}, ""step"": 280}, {""chosen"": {""WOOL"": 4}, ""pending"": {""WOOL"": 0}, ""step"": 365}, {""chosen"": {""MILK"": 9, ""WOOL"": 4}, ""pending"": {""MILK"": 0, ""WOOL"": 0}, ""step"": 366}, {""chosen"": {""MILK"": 9}, ""pending"": {""MILK"": 0, ""WOOL"": 0}, ""step"": 386}, {""chosen"": {""WOOL"": 3}, ""pending"": {""MILK"": 0, ""WOOL"": 0}, ""step"": 424}, {""chosen"": {""MILK"": 3}, ""pending"": {""MILK"": 0, ""WOOL"": 0}, ""step"": 437}, {""chosen"": {""WOOL"": 2}, ""pending"": {""MILK"": 0, ""WOOL"": 0}, ""step"": 448}, {""chosen"": {""WOOL"": 2}, ""pending"": {""MILK"": 0, ""WOOL"": 0}, ""step"": 449}, {""chosen"": {""MILK"": 6}, ""pending"": {""MILK"": 0, ""WOOL"": 0}, ""step"": 450}, {""chosen"": {""WOOL"": 4}, ""pending"": {""MILK"": 0, ""WOOL"": 0}, ""step"": 457}, {""chosen"": {""WOOL"": 1}, ""pending"": {""MILK"": 0, ""WOOL"": 0}, ""step"": 460}, {""chosen"": {""MILK"": 14}, ""pending"": {""MILK"": 1, ""WOOL"": 0}, ""step"": 484}, {""chosen"": {""MILK"": 15}, ""pending"": {""MILK"": 1, ""WOOL"": 0}, ""step"": 485}, {""chosen"": {""MILK"": 16}, ""pending"": {""MILK"": 0, ""WOOL"": 0}, ""step"": 489}, {""chosen"": {""MILK"": 2}, ""pending"": {""MILK"": 0, ""WOOL"": 0}, ""step"": 520}, {""chosen"": {""MILK"": 19, ""WOOL"": 24}, ""pending"": {""MILK"": 0, ""WOOL"": 0}, ""step"": 537}, {""chosen"": {""WOOL"": 24}, ""pending"": {""MILK"": 0, ""WOOL"": 0}, ""step"": 538}, {""chosen"": {""MILK"": 6}, ""pending"": {""MILK"": 0, ""WOOL"": 0}, ""step"": 607}, {""chosen"": {""MILK"": 0}, ""pending"": {""MILK"": 1, ""WOOL"": 0}, ""step"": 656}, {""chosen"": {""MILK"": 1, ""WOOL"": 1}, ""pending"": {""MILK"": 1, ""WOOL"": 0}, ""step"": 657}, {""chosen"": {""WOOL"": 1}, ""pending"": {""MILK"": 1, ""WOOL"": 0}, ""step"": 660}, {""chosen"": {""MILK"": 1, ""WOOL"": 1}, ""pending"": {""MILK"": 1, ""WOOL"": 0}, ""step"": 661}, {""chosen"": {""MILK"": 1}, ""pending"": {""MILK"": 1, ""WOOL"": 0}, ""step"": 667}, {""chosen"": {""MILK"": 16}, ""pending"": {""MILK"": 0, ""WOOL"": 0}, ""step"": 670}, {""chosen"": {""MILK"": 3}, ""pending"": {""MILK"": 1, ""WOOL"": 0}, ""step"": 673}, {""chosen"": {""MILK"": 9}, ""pending"": {""MILK"": 0, ""WOOL"": 0}, ""step"": 674}, {""chosen"": {""MILK"": 8}, ""pending"": {""MILK"": 0, ""WOOL"": 0}, ""step"": 678}, {""chosen"": {""MILK"": 9}, ""pending"": {""MILK"": 0, ""WOOL"": 0}, ""step"": 685}, {""chosen"": {""MILK"": 13}, ""pending"": {""MILK"": 0, ""WOOL"": 0}, ""step"": 686}, {""chosen"": {""MILK"": 9}, ""pending"": {""MILK"": 0, ""WOOL"": 0}, ""step"": 698}, {""chosen"": {""WOOL"": 22}, ""pending"": {""MILK"": 0, ""WOOL"": 0}, ""step"": 699}, {""chosen"": {""MILK"": 11}, ""pending"": {""MILK"": 0, ""WOOL"": 0}, ""step"": 702}, {""chosen"": {""MILK"": 3, ""WOOL"": 24}, ""pending"": {""MILK"": 0, ""WOOL"": 0}, ""step"": 703}, {""chosen"": {""WOOL"": 12}, ""pending"": {""MILK"": 0, ""WOOL"": 0}, ""step"": 709}, {""chosen"": {""MILK"": 9}, ""pending"": {""MILK"": 0, ""WOOL"": 0}, ""step"": 710}, {""chosen"": {""MILK"": 12, ""WOOL"": 20}, ""pending"": {""MILK"": 0, ""WOOL"": 0}, ""step"": 712}, {""chosen"": {""MILK"": 3}, ""pending"": {""MILK"": 0, ""WOOL"": 0}, ""step"": 713}, {""chosen"": {""MILK"": 3, ""WOOL"": 12}, ""pending"": {""MILK"": 0, ""WOOL"": 0}, ""step"": 715}, {""chosen"": {""MILK"": 3}, ""pending"": {""MILK"": 0, ""WOOL"": 0}, ""step"": 716}]",0,0,9,42,9
2026,1,144456.0,93425.0,51031.0,win,DONE,DONE,1,4.13472480000928,0,0,0,0,719,0,0,0.0216,1.9985600000000003,5.897422000000008,9.2921,"{""BUILD_PASTURE"": 14, ""CARE"": 308, ""COLLECT_FERTILIZER"": 318, ""DIG"": 25, ""DROP"": 80, ""EAST"": 857, ""FEED"": 319, ""FERTILIZE"": 107, ""HARVEST"": 338, ""NORTH"": 1236, ""PASS"": 377, ""PICKUP"": 339, ""PLACE"": 27, ""PLANT"": 131, ""SOUTH"": 929, ""WATER"": 851, ""WEST"": 1098}","{""BUY_ANIMAL"": 14, ""BUY_LAND"": 2, ""BUY_PRODUCT"": 279, ""BUY_SEED"": 54, ""HIRE"": 306, ""SELL"": 478}","{""BUY_ANIMAL:COW"": 8, ""BUY_ANIMAL:SHEEP"": 6, ""BUY_PRODUCT:WHEAT"": 967, ""BUY_SEED:MELON"": 21, ""BUY_SEED:STRAWBERRY"": 44, ""BUY_SEED:WHEAT"": 66, ""SELL:CARROT"": 13, ""SELL:EGG"": 8, ""SELL:FERTILIZER"": 445, ""SELL:MELON"": 224, ""SELL:MILK"": 674, ""SELL:STRAWBERRY"": 636, ""SELL:TOMATO"": 4, ""SELL:WHEAT"": 1108, ""SELL:WOOL"": 350}",conservative,baseline,608,68,198,175,0,60,6,43,281,273,0,124,2,11,conservative,718,"{""MILK"": {""base"": 3, ""carried_value"": 756, ""chosen"": 3, ""deferred"": 0, ""gain"": 0.0, ""opponent_future"": 16.0, ""opponent_now"": 0.0, ""released"": 0, ""residual_value"": 0.0, ""step"": 716}, ""WOOL"": {""base"": 12, ""carried_value"": 2796, ""chosen"": 12, ""deferred"": 0, ""gain"": 0.0, ""opponent_future"": 5.3333, ""opponent_now"": 0.0, ""released"": 0, ""residual_value"": 0.0, ""step"": 715}}","{""MILK"": 0, ""WOOL"": 0}","[{""chosen"": {""WOOL"": 6}, ""pending"": {""WOOL"": 0}, ""step"": 280}, {""chosen"": {""WOOL"": 7}, ""pending"": {""WOOL"": 0}, ""step"": 358}, {""chosen"": {""WOOL"": 4}, ""pending"": {""WOOL"": 0}, ""step"": 365}, {""chosen"": {""MILK"": 9, ""WOOL"": 4}, ""pending"": {""MILK"": 0, ""WOOL"": 0}, ""step"": 366}, {""chosen"": {""MILK"": 9}, ""pending"": {""MILK"": 0, ""WOOL"": 0}, ""step"": 386}, {""chosen"": {""WOOL"": 3}, ""pending"": {""MILK"": 0, ""WOOL"": 0}, ""step"": 424}, {""chosen"": {""MILK"": 3}, ""pending"": {""MILK"": 0, ""WOOL"": 0}, ""step"": 437}, {""chosen"": {""MILK"": 8}, ""pending"": {""MILK"": 0, ""WOOL"": 0}, ""step"": 438}, {""chosen"": {""WOOL"": 2}, ""pending"": {""MILK"": 0, ""WOOL"": 0}, ""step"": 448}, {""chosen"": {""WOOL"": 1}, ""pending"": {""MILK"": 0, ""WOOL"": 0}, ""step"": 460}, {""chosen"": {""MILK"": 14}, ""pending"": {""MILK"": 1, ""WOOL"": 0}, ""step"": 484}, {""chosen"": {""MILK"": 15}, ""pending"": {""MILK"": 1, ""WOOL"": 0}, ""step"": 485}, {""chosen"": {""MILK"": 16}, ""pending"": {""MILK"": 0, ""WOOL"": 0}, ""step"": 489}, {""chosen"": {""MILK"": 2}, ""pending"": {""MILK"": 0, ""WOOL"": 0}, ""step"": 520}, {""chosen"": {""MILK"": 19, ""WOOL"": 24}, ""pending"": {""MILK"": 0, ""WOOL"": 0}, ""step"": 537}, {""chosen"": {""WOOL"": 24}, ""pending"": {""MILK"": 0, ""WOOL"": 0}, ""step"": 538}, {""chosen"": {""MILK"": 1}, ""pending"": {""MILK"": 0, ""WOOL"": 0}, ""step"": 569}, {""chosen"": {""MILK"": 6}, ""pending"": {""MILK"": 0, ""WOOL"": 0}, ""step"": 607}, {""chosen"": {""MILK"": 6, ""WOOL"": 8}, ""pending"": {""MILK"": 0, ""WOOL"": 1}, ""step"": 612}, {""chosen"": {""MILK"": 9, ""WOOL"": 10}, ""pending"": {""MILK"": 0, ""WOOL"": 0}, ""step"": 613}, {""chosen"": {""WOOL"": 0}, ""pending"": {""MILK"": 0, ""WOOL"": 1}, ""step"": 616}, {""chosen"": {""MILK"": 14, ""WOOL"": 10}, ""pending"": {""MILK"": 0, ""WOOL"": 0}, ""step"": 617}, {""chosen"": {""MILK"": 0}, ""pending"": {""MILK"": 1, ""WOOL"": 0}, ""step"": 656}, {""chosen"": {""MILK"": 10, ""WOOL"": 0}, ""pending"": {""MILK"": 0, ""WOOL"": 1}, ""step"": 657}, {""chosen"": {""WOOL"": 1}, ""pending"": {""MILK"": 0, ""WOOL"": 1}, ""step"": 660}, {""chosen"": {""MILK"": 10, ""WOOL"": 1}, ""pending"": {""MILK"": 0, ""WOOL"": 1}, ""step"": 661}, {""chosen"": {""MILK"": 4}, ""pending"": {""MILK"": 0, ""WOOL"": 1}, ""step"": 667}, {""chosen"": {""MILK"": 15}, ""pending"": {""MILK"": 0, ""WOOL"": 1}, ""step"": 670}, {""chosen"": {""MILK"": 12}, ""pending"": {""MILK"": 0, ""WOOL"": 1}, ""step"": 673}, {""chosen"": {""MILK"": 8}, ""pending"": {""MILK"": 0, ""WOOL"": 1}, ""step"": 674}, {""chosen"": {""MILK"": 8}, ""pending"": {""MILK"": 0, ""WOOL"": 1}, ""step"": 678}, {""chosen"": {""MILK"": 9}, ""pending"": {""MILK"": 0, ""WOOL"": 1}, ""step"": 685}, {""chosen"": {""MILK"": 13}, ""pending"": {""MILK"": 0, ""WOOL"": 1}, ""step"": 686}, {""chosen"": {""MILK"": 9}, ""pending"": {""MILK"": 0, ""WOOL"": 1}, ""step"": 698}, {""chosen"": {""WOOL"": 1}, ""pending"": {""MILK"": 0, ""WOOL"": 1}, ""step"": 699}, {""chosen"": {""MILK"": 11}, ""pending"": {""MILK"": 0, ""WOOL"": 1}, ""step"": 702}, {""chosen"": {""MILK"": 3, ""WOOL"": 25}, ""pending"": {""MILK"": 0, ""WOOL"": 0}, ""step"": 703}, {""chosen"": {""WOOL"": 12}, ""pending"": {""MILK"": 0, ""WOOL"": 0}, ""step"": 709}, {""chosen"": {""MILK"": 9}, ""pending"": {""MILK"": 0, ""WOOL"": 0}, ""step"": 710}, {""chosen"": {""MILK"": 12, ""WOOL"": 20}, ""pending"": {""MILK"": 0, ""WOOL"": 0}, ""step"": 712}, {""chosen"": {""MILK"": 3}, ""pending"": {""MILK"": 0, ""WOOL"": 0}, ""step"": 713}, {""chosen"": {""MILK"": 3, ""WOOL"": 12}, ""pending"": {""MILK"": 0, ""WOOL"": 0}, ""step"": 715}, {""chosen"": {""MILK"": 3}, ""pending"": {""MILK"": 0, ""WOOL"": 0}, ""step"": 716}]",0,0,11,41,10
217,0,159883.0,100089.0,59794.0,win,DONE,DONE,1,4.1754034999758005,0,0,0,0,719,0,0,0.026,0.20297000000000007,5.808226000000022,9.1812,"{""BUILD_PASTURE"": 14, ""CARE"": 308, ""COLLECT_FERTILIZER"": 318, ""DIG"": 25, ""DROP"": 80, ""EAST"": 857, ""FEED"": 319, ""FERTILIZE"": 107, ""HARVEST"": 338, ""NORTH"": 1236, ""PASS"": 377, ""PICKUP"": 339, ""PLACE"": 27, ""PLANT"": 131, ""SOUTH"": 929, ""WATER"": 851, ""WEST"": 1098}","{""BUY_ANIMAL"": 14, ""BUY_LAND"": 2, ""BUY_PRODUCT"": 279, ""BUY_SEED"": 54, ""HIRE"": 306, ""SELL"": 480}","{""BUY_ANIMAL:COW"": 8, ""BUY_ANIMAL:SHEEP"": 6, ""BUY_PRODUCT:WHEAT"": 967, ""BUY_SEED:MELON"": 21, ""BUY_SEED:STRAWBERRY"": 44, ""BUY_SEED:WHEAT"": 66, ""SELL:CARROT"": 13, ""SELL:EGG"": 8, ""SELL:FERTILIZER"": 445, ""SELL:MELON"": 224, ""SELL:MILK"": 657, ""SELL:STRAWBERRY"": 636, ""SELL:TOMATO"": 4, ""SELL:WHEAT"": 1108, ""SELL:WOOL"": 373}",conservative,baseline,608,81,143,143,0,49,0,30,170,145,0,102,3,11,conservative,718,"{""MILK"": {""base"": 3, ""carried_value"": 750, ""chosen"": 3, ""deferred"": 0, ""gain"": 0.0, ""opponent_future"": 16.0, ""opponent_now"": 0.0, ""released"": 0, ""residual_value"": 0.0, ""step"": 716}, ""WOOL"": {""base"": 12, ""carried_value"": 2892, ""chosen"": 12, ""deferred"": 0, ""gain"": 0.0, ""opponent_future"": 5.3333, ""opponent_now"": 0.0, ""released"": 0, ""residual_value"": 0.0, ""step"": 715}}","{""MILK"": 0, ""WOOL"": 0}","[{""chosen"": {""WOOL"": 6}, ""pending"": {""WOOL"": 0}, ""step"": 280}, {""chosen"": {""WOOL"": 7}, ""pending"": {""WOOL"": 0}, ""step"": 358}, {""chosen"": {""WOOL"": 4}, ""pending"": {""WOOL"": 0}, ""step"": 365}, {""chosen"": {""MILK"": 9, ""WOOL"": 4}, ""pending"": {""MILK"": 0, ""WOOL"": 0}, ""step"": 366}, {""chosen"": {""MILK"": 9}, ""pending"": {""MILK"": 0, ""WOOL"": 0}, ""step"": 386}, {""chosen"": {""WOOL"": 4}, ""pending"": {""MILK"": 0, ""WOOL"": 0}, ""step"": 457}, {""chosen"": {""WOOL"": 1}, ""pending"": {""MILK"": 0, ""WOOL"": 0}, ""step"": 460}, {""chosen"": {""MILK"": 2}, ""pending"": {""MILK"": 0, ""WOOL"": 0}, ""step"": 520}, {""chosen"": {""WOOL"": 24}, ""pending"": {""MILK"": 0, ""WOOL"": 0}, ""step"": 538}, {""chosen"": {""MILK"": 0}, ""pending"": {""MILK"": 1, ""WOOL"": 0}, ""step"": 656}, {""chosen"": {""MILK"": 1, ""WOOL"": 1}, ""pending"": {""MILK"": 1, ""WOOL"": 0}, ""step"": 657}, {""chosen"": {""WOOL"": 1}, ""pending"": {""MILK"": 1, ""WOOL"": 0}, ""step"": 660}, {""chosen"": {""MILK"": 1, ""WOOL"": 1}, ""pending"": {""MILK"": 1, ""WOOL"": 0}, ""step"": 661}, {""chosen"": {""MILK"": 5}, ""pending"": {""MILK"": 0, ""WOOL"": 0}, ""step"": 667}, {""chosen"": {""MILK"": 15}, ""pending"": {""MILK"": 0, ""WOOL"": 0}, ""step"": 670}, {""chosen"": {""MILK"": 12}, ""pending"": {""MILK"": 0, ""WOOL"": 0}, ""step"": 673}, {""chosen"": {""MILK"": 8}, ""pending"": {""MILK"": 0, ""WOOL"": 0}, ""step"": 674}, {""chosen"": {""MILK"": 8}, ""pending"": {""MILK"": 0, ""WOOL"": 0}, ""step"": 678}, {""chosen"": {""MILK"": 9}, ""pending"": {""MILK"": 0, ""WOOL"": 0}, ""step"": 685}, {""chosen"": {""MILK"": 13}, ""pending"": {""MILK"": 0, ""WOOL"": 0}, ""step"": 686}, {""chosen"": {""MILK"": 9}, ""pending"": {""MILK"": 0, ""WOOL"": 0}, ""step"": 698}, {""chosen"": {""WOOL"": 22}, ""pending"": {""MILK"": 0, ""WOOL"": 0}, ""step"": 699}, {""chosen"": {""MILK"": 11}, ""pending"": {""MILK"": 0, ""WOOL"": 0}, ""step"": 702}, {""chosen"": {""MILK"": 3, ""WOOL"": 24}, ""pending"": {""MILK"": 0, ""WOOL"": 0}, ""step"": 703}, {""chosen"": {""WOOL"": 12}, ""pending"": {""MILK"": 0, ""WOOL"": 0}, ""step"": 709}, {""chosen"": {""MILK"": 9}, ""pending"": {""MILK"": 0, ""WOOL"": 0}, ""step"": 710}, {""chosen"": {""MILK"": 12, ""WOOL"": 20}, ""pending"": {""MILK"": 0, ""WOOL"": 0}, ""step"": 712}, {""chosen"": {""MILK"": 3}, ""pending"": {""MILK"": 0, ""WOOL"": 0}, ""step"": 713}, {""chosen"": {""MILK"": 3, ""WOOL"": 12}, ""pending"": {""MILK"": 0, ""WOOL"": 0}, ""step"": 715}, {""chosen"": {""MILK"": 3}, ""pending"": {""MILK"": 0, ""WOOL"": 0}, ""step"": 716}]",0,0,4,27,4
217,1,160062.0,104811.0,55251.0,win,DONE,DONE,1,4.110876099963207,0,0,0,0,719,0,0,0.0218,0.17796,5.900016000000013,9.911,"{""BUILD_PASTURE"": 14, ""CARE"": 308, ""COLLECT_FERTILIZER"": 318, ""DIG"": 25, ""DROP"": 80, ""EAST"": 857, ""FEED"": 319, ""FERTILIZE"": 107, ""HARVEST"": 338, ""NORTH"": 1236, ""PASS"": 377, ""PICKUP"": 339, ""PLACE"": 27, ""PLANT"": 131, ""SOUTH"": 929, ""WATER"": 851, ""WEST"": 1098}","{""BUY_ANIMAL"": 14, ""BUY_LAND"": 2, ""BUY_PRODUCT"": 279, ""BUY_SEED"": 54, ""HIRE"": 306, ""SELL"": 481}","{""BUY_ANIMAL:COW"": 8, ""BUY_ANIMAL:SHEEP"": 6, ""BUY_PRODUCT:WHEAT"": 967, ""BUY_SEED:MELON"": 21, ""BUY_SEED:STRAWBERRY"": 44, ""BUY_SEED:WHEAT"": 66, ""SELL:CARROT"": 13, ""SELL:EGG"": 8, ""SELL:FERTILIZER"": 445, ""SELL:MELON"": 224, ""SELL:MILK"": 682, ""SELL:STRAWBERRY"": 636, ""SELL:TOMATO"": 4, ""SELL:WHEAT"": 1108, ""SELL:WOOL"": 373}",conservative,baseline,608,85,114,114,0,43,0,26,161,161,0,101,0,11,conservative,718,"{""MILK"": {""base"": 3, ""carried_value"": 774, ""chosen"": 3, ""deferred"": 0, ""gain"": 0.0, ""opponent_future"": 16.0, ""opponent_now"": 0.0, ""released"": 0, ""residual_value"": 0.0, ""step"": 716}, ""WOOL"": {""base"": 12, ""carried_value"": 2892, ""chosen"": 12, ""deferred"": 0, ""gain"": 0.0, ""opponent_future"": 5.3333, ""opponent_now"": 0.0, ""released"": 0, ""residual_value"": 0.0, ""step"": 715}}","{""MILK"": 0, ""WOOL"": 0}","[{""chosen"": {""WOOL"": 6}, ""pending"": {""WOOL"": 0}, ""step"": 280}, {""chosen"": {""WOOL"": 7}, ""pending"": {""WOOL"": 0}, ""step"": 358}, {""chosen"": {""WOOL"": 4}, ""pending"": {""WOOL"": 0}, ""step"": 365}, {""chosen"": {""MILK"": 9, ""WOOL"": 4}, ""pending"": {""MILK"": 0, ""WOOL"": 0}, ""step"": 366}, {""chosen"": {""MILK"": 2}, ""pending"": {""MILK"": 0, ""WOOL"": 0}, ""step"": 520}, {""chosen"": {""MILK"": 9}, ""pending"": {""MILK"": 0, ""WOOL"": 0}, ""step"": 656}, {""chosen"": {""MILK"": 9, ""WOOL"": 1}, ""pending"": {""MILK"": 0, ""WOOL"": 0}, ""step"": 657}, {""chosen"": {""WOOL"": 1}, ""pending"": {""MILK"": 0, ""WOOL"": 0}, ""step"": 660}, {""chosen"": {""MILK"": 10, ""WOOL"": 1}, ""pending"": {""MILK"": 0, ""WOOL"": 0}, ""step"": 661}, {""chosen"": {""MILK"": 4}, ""pending"": {""MILK"": 0, ""WOOL"": 0}, ""step"": 667}, {""chosen"": {""MILK"": 15}, ""pending"": {""MILK"": 0, ""WOOL"": 0}, ""step"": 670}, {""chosen"": {""MILK"": 12}, ""pending"": {""MILK"": 0, ""WOOL"": 0}, ""step"": 673}, {""chosen"": {""MILK"": 8}, ""pending"": {""MILK"": 0, ""WOOL"": 0}, ""step"": 674}, {""chosen"": {""MILK"": 8}, ""pending"": {""MILK"": 0, ""WOOL"": 0}, ""step"": 678}, {""chosen"": {""MILK"": 9}, ""pending"": {""MILK"": 0, ""WOOL"": 0}, ""step"": 685}, {""chosen"": {""MILK"": 13}, ""pending"": {""MILK"": 0, ""WOOL"": 0}, ""step"": 686}, {""chosen"": {""MILK"": 9}, ""pending"": {""MILK"": 0, ""WOOL"": 0}, ""step"": 698}, {""chosen"": {""WOOL"": 22}, ""pending"": {""MILK"": 0, ""WOOL"": 0}, ""step"": 699}, {""chosen"": {""MILK"": 11}, ""pending"": {""MILK"": 0, ""WOOL"": 0}, ""step"": 702}, {""chosen"": {""MILK"": 3, ""WOOL"": 24}, ""pending"": {""MILK"": 0, ""WOOL"": 0}, ""step"": 703}, {""chosen"": {""WOOL"": 12}, ""pending"": {""MILK"": 0, ""WOOL"": 0}, ""step"": 709}, {""chosen"": {""MILK"": 9}, ""pending"": {""MILK"": 0, ""WOOL"": 0}, ""step"": 710}, {""chosen"": {""MILK"": 12, ""WOOL"": 20}, ""pending"": {""MILK"": 0, ""WOOL"": 0}, ""step"": 712}, {""chosen"": {""MILK"": 3}, ""pending"": {""MILK"": 0, ""WOOL"": 0}, ""step"": 713}, {""chosen"": {""MILK"": 3, ""WOOL"": 12}, ""pending"": {""MILK"": 0, ""WOOL"": 0}, ""step"": 715}, {""chosen"": {""MILK"": 3}, ""pending"": {""MILK"": 0, ""WOOL"": 0}, ""step"": 716}]",0,0,,,
317,0,156747.0,108891.0,47856.0,win,DONE,DONE,1,4.096024899976328,0,0,0,0,719,0,0,0.0253,0.19658000000000012,5.753524000000008,9.5551,"{""BUILD_PASTURE"": 14, ""CARE"": 308, ""COLLECT_FERTILIZER"": 318, ""DIG"": 25, ""DROP"": 80, ""EAST"": 857, ""FEED"": 319, ""FERTILIZE"": 107, ""HARVEST"": 338, ""NORTH"": 1236, ""PASS"": 377, ""PICKUP"": 339, ""PLACE"": 27, ""PLANT"": 131, ""SOUTH"": 929, ""WATER"": 851, ""WEST"": 1098}","{""BUY_ANIMAL"": 14, ""BUY_LAND"": 2, ""BUY_PRODUCT"": 279, ""BUY_SEED"": 54, ""HIRE"": 306, ""SELL"": 481}","{""BUY_ANIMAL:COW"": 8, ""BUY_ANIMAL:SHEEP"": 6, ""BUY_PRODUCT:WHEAT"": 967, ""BUY_SEED:MELON"": 21, ""BUY_SEED:STRAWBERRY"": 44, ""BUY_SEED:WHEAT"": 66, ""SELL:CARROT"": 13, ""SELL:EGG"": 8, ""SELL:FERTILIZER"": 445, ""SELL:MELON"": 224, ""SELL:MILK"": 682, ""SELL:STRAWBERRY"": 636, ""SELL:TOMATO"": 4, ""SELL:WHEAT"": 1108, ""SELL:WOOL"": 373}",conservative,baseline,608,85,100,100,0,38,0,26,173,173,0,102,0,11,conservative,718,"{""MILK"": {""base"": 3, ""carried_value"": 825, ""chosen"": 3, ""deferred"": 0, ""gain"": 0.0, ""opponent_future"": 12.0, ""opponent_now"": 0.0, ""released"": 0, ""residual_value"": 0.0, ""step"": 716}, ""WOOL"": {""base"": 12, ""carried_value"": 2952, ""chosen"": 12, ""deferred"": 0, ""gain"": 0.0, ""opponent_future"": 8.0, ""opponent_now"": 0.0, ""released"": 0, ""residual_value"": 0.0, ""step"": 715}}","{""MILK"": 0, ""WOOL"": 0}","[{""chosen"": {""WOOL"": 6}, ""pending"": {""WOOL"": 0}, ""step"": 280}, {""chosen"": {""MILK"": 2}, ""pending"": {""MILK"": 0, ""WOOL"": 0}, ""step"": 520}, {""chosen"": {""MILK"": 6}, ""pending"": {""MILK"": 0, ""WOOL"": 0}, ""step"": 607}, {""chosen"": {""WOOL"": 1}, ""pending"": {""MILK"": 0, ""WOOL"": 0}, ""step"": 625}, {""chosen"": {""MILK"": 15}, ""pending"": {""MILK"": 0, ""WOOL"": 0}, ""step"": 633}, {""chosen"": {""MILK"": 9}, ""pending"": {""MILK"": 0, ""WOOL"": 0}, ""step"": 656}, {""chosen"": {""MILK"": 9, ""WOOL"": 1}, ""pending"": {""MILK"": 0, ""WOOL"": 0}, ""step"": 657}, {""chosen"": {""WOOL"": 1}, ""pending"": {""MILK"": 0, ""WOOL"": 0}, ""step"": 660}, {""chosen"": {""MILK"": 10, ""WOOL"": 1}, ""pending"": {""MILK"": 0, ""WOOL"": 0}, ""step"": 661}, {""chosen"": {""MILK"": 4}, ""pending"": {""MILK"": 0, ""WOOL"": 0}, ""step"": 667}, {""chosen"": {""MILK"": 15}, ""pending"": {""MILK"": 0, ""WOOL"": 0}, ""step"": 670}, {""chosen"": {""MILK"": 12}, ""pending"": {""MILK"": 0, ""WOOL"": 0}, ""step"": 673}, {""chosen"": {""MILK"": 8}, ""pending"": {""MILK"": 0, ""WOOL"": 0}, ""step"": 674}, {""chosen"": {""MILK"": 8}, ""pending"": {""MILK"": 0, ""WOOL"": 0}, ""step"": 678}, {""chosen"": {""MILK"": 9}, ""pending"": {""MILK"": 0, ""WOOL"": 0}, ""step"": 685}, {""chosen"": {""MILK"": 13}, ""pending"": {""MILK"": 0, ""WOOL"": 0}, ""step"": 686}, {""chosen"": {""MILK"": 9}, ""pending"": {""MILK"": 0, ""WOOL"": 0}, ""step"": 698}, {""chosen"": {""WOOL"": 22}, ""pending"": {""MILK"": 0, ""WOOL"": 0}, ""step"": 699}, {""chosen"": {""MILK"": 11}, ""pending"": {""MILK"": 0, ""WOOL"": 0}, ""step"": 702}, {""chosen"": {""MILK"": 3, ""WOOL"": 24}, ""pending"": {""MILK"": 0, ""WOOL"": 0}, ""step"": 703}, {""chosen"": {""WOOL"": 12}, ""pending"": {""MILK"": 0, ""WOOL"": 0}, ""step"": 709}, {""chosen"": {""MILK"": 9}, ""pending"": {""MILK"": 0, ""WOOL"": 0}, ""step"": 710}, {""chosen"": {""MILK"": 12, ""WOOL"": 20}, ""pending"": {""MILK"": 0, ""WOOL"": 0}, ""step"": 712}, {""chosen"": {""MILK"": 3}, ""pending"": {""MILK"": 0, ""WOOL"": 0}, ""step"": 713}, {""chosen"": {""MILK"": 3, ""WOOL"": 12}, ""pending"": {""MILK"": 0, ""WOOL"": 0}, ""step"": 715}, {""chosen"": {""MILK"": 3}, ""pending"": {""MILK"": 0, ""WOOL"": 0}, ""step"": 716}]",0,0,,,
317,1,156818.0,108485.0,48333.0,win,DONE,DONE,1,4.093984900042415,0,0,0,0,719,0,0,0.0214,0.1638400000000003,6.026838000000012,9.6926,"{""BUILD_PASTURE"": 14, ""CARE"": 308, ""COLLECT_FERTILIZER"": 318, ""DIG"": 25, ""DROP"": 80, ""EAST"": 857, ""FEED"": 319, ""FERTILIZE"": 107, ""HARVEST"": 338, ""NORTH"": 1236, ""PASS"": 377, ""PICKUP"": 339, ""PLACE"": 27, ""PLANT"": 131, ""SOUTH"": 929, ""WATER"": 851, ""WEST"": 1098}","{""BUY_ANIMAL"": 14, ""BUY_LAND"": 2, ""BUY_PRODUCT"": 279, ""BUY_SEED"": 54, ""HIRE"": 306, ""SELL"": 481}","{""BUY_ANIMAL:COW"": 8, ""BUY_ANIMAL:SHEEP"": 6, ""BUY_PRODUCT:WHEAT"": 967, ""BUY_SEED:MELON"": 21, ""BUY_SEED:STRAWBERRY"": 44, ""BUY_SEED:WHEAT"": 66, ""SELL:CARROT"": 13, ""SELL:EGG"": 8, ""SELL:FERTILIZER"": 445, ""SELL:MELON"": 224, ""SELL:MILK"": 682, ""SELL:STRAWBERRY"": 636, ""SELL:TOMATO"": 4, ""SELL:WHEAT"": 1108, ""SELL:WOOL"": 373}",conservative,baseline,608,85,100,100,0,38,0,26,173,173,0,102,0,11,conservative,718,"{""MILK"": {""base"": 3, ""carried_value"": 825, ""chosen"": 3, ""deferred"": 0, ""gain"": 0.0, ""opponent_future"": 12.0, ""opponent_now"": 0.0, ""released"": 0, ""residual_value"": 0.0, ""step"": 716}, ""WOOL"": {""base"": 12, ""carried_value"": 2952, ""chosen"": 12, ""deferred"": 0, ""gain"": 0.0, ""opponent_future"": 8.0, ""opponent_now"": 0.0, ""released"": 0, ""residual_value"": 0.0, ""step"": 715}}","{""MILK"": 0, ""WOOL"": 0}","[{""chosen"": {""WOOL"": 6}, ""pending"": {""WOOL"": 0}, ""step"": 280}, {""chosen"": {""MILK"": 2}, ""pending"": {""MILK"": 0, ""WOOL"": 0}, ""step"": 520}, {""chosen"": {""MILK"": 6}, ""pending"": {""MILK"": 0, ""WOOL"": 0}, ""step"": 607}, {""chosen"": {""WOOL"": 1}, ""pending"": {""MILK"": 0, ""WOOL"": 0}, ""step"": 625}, {""chosen"": {""MILK"": 15}, ""pending"": {""MILK"": 0, ""WOOL"": 0}, ""step"": 633}, {""chosen"": {""MILK"": 9}, ""pending"": {""MILK"": 0, ""WOOL"": 0}, ""step"": 656}, {""chosen"": {""MILK"": 9, ""WOOL"": 1}, ""pending"": {""MILK"": 0, ""WOOL"": 0}, ""step"": 657}, {""chosen"": {""WOOL"": 1}, ""pending"": {""MILK"": 0, ""WOOL"": 0}, ""step"": 660}, {""chosen"": {""MILK"": 10, ""WOOL"": 1}, ""pending"": {""MILK"": 0, ""WOOL"": 0}, ""step"": 661}, {""chosen"": {""MILK"": 4}, ""pending"": {""MILK"": 0, ""WOOL"": 0}, ""step"": 667}, {""chosen"": {""MILK"": 15}, ""pending"": {""MILK"": 0, ""WOOL"": 0}, ""step"": 670}, {""chosen"": {""MILK"": 12}, ""pending"": {""MILK"": 0, ""WOOL"": 0}, ""step"": 673}, {""chosen"": {""MILK"": 8}, ""pending"": {""MILK"": 0, ""WOOL"": 0}, ""step"": 674}, {""chosen"": {""MILK"": 8}, ""pending"": {""MILK"": 0, ""WOOL"": 0}, ""step"": 678}, {""chosen"": {""MILK"": 9}, ""pending"": {""MILK"": 0, ""WOOL"": 0}, ""step"": 685}, {""chosen"": {""MILK"": 13}, ""pending"": {""MILK"": 0, ""WOOL"": 0}, ""step"": 686}, {""chosen"": {""MILK"": 9}, ""pending"": {""MILK"": 0, ""WOOL"": 0}, ""step"": 698}, {""chosen"": {""WOOL"": 22}, ""pending"": {""MILK"": 0, ""WOOL"": 0}, ""step"": 699}, {""chosen"": {""MILK"": 11}, ""pending"": {""MILK"": 0, ""WOOL"": 0}, ""step"": 702}, {""chosen"": {""MILK"": 3, ""WOOL"": 24}, ""pending"": {""MILK"": 0, ""WOOL"": 0}, ""step"": 703}, {""chosen"": {""WOOL"": 12}, ""pending"": {""MILK"": 0, ""WOOL"": 0}, ""step"": 709}, {""chosen"": {""MILK"": 9}, ""pending"": {""MILK"": 0, ""WOOL"": 0}, ""step"": 710}, {""chosen"": {""MILK"": 12, ""WOOL"": 20}, ""pending"": {""MILK"": 0, ""WOOL"": 0}, ""step"": 712}, {""chosen"": {""MILK"": 3}, ""pending"": {""MILK"": 0, ""WOOL"": 0}, ""step"": 713}, {""chosen"": {""MILK"": 3, ""WOOL"": 12}, ""pending"": {""MILK"": 0, ""WOOL"": 0}, ""step"": 715}, {""chosen"": {""MILK"": 3}, ""pending"": {""MILK"": 0, ""WOOL"": 0}, ""step"": 716}]",0,0,,,
733,0,159652.0,105862.0,53790.0,win,DONE,DONE,1,4.066012299968861,0,0,0,0,719,0,0,0.0258,0.17622000000000015,5.567754,9.3761,"{""BUILD_PASTURE"": 14, ""CARE"": 308, ""COLLECT_FERTILIZER"": 318, ""DIG"": 25, ""DROP"": 80, ""EAST"": 857, ""FEED"": 319, ""FERTILIZE"": 107, ""HARVEST"": 338, ""NORTH"": 1236, ""PASS"": 377, ""PICKUP"": 339, ""PLACE"": 27, ""PLANT"": 131, ""SOUTH"": 929, ""WATER"": 851, ""WEST"": 1098}","{""BUY_ANIMAL"": 14, ""BUY_LAND"": 2, ""BUY_PRODUCT"": 279, ""BUY_SEED"": 54, ""HIRE"": 306, ""SELL"": 481}","{""BUY_ANIMAL:COW"": 8, ""BUY_ANIMAL:SHEEP"": 6, ""BUY_PRODUCT:WHEAT"": 967, ""BUY_SEED:MELON"": 21, ""BUY_SEED:STRAWBERRY"": 44, ""BUY_SEED:WHEAT"": 66, ""SELL:CARROT"": 13, ""SELL:EGG"": 8, ""SELL:FERTILIZER"": 445, ""SELL:MELON"": 224, ""SELL:MILK"": 682, ""SELL:STRAWBERRY"": 636, ""SELL:TOMATO"": 4, ""SELL:WHEAT"": 1108, ""SELL:WOOL"": 373}",conservative,baseline,608,85,99,99,0,37,0,26,181,181,0,106,0,11,conservative,718,"{""MILK"": {""base"": 3, ""carried_value"": 798, ""chosen"": 3, ""deferred"": 0, ""gain"": 0.0, ""opponent_future"": 8.0, ""opponent_now"": 0.0, ""released"": 0, ""residual_value"": 0.0, ""step"": 716}, ""WOOL"": {""base"": 12, ""carried_value"": 2892, ""chosen"": 12, ""deferred"": 0, ""gain"": 0.0, ""opponent_future"": 10.6667, ""opponent_now"": 0.0, ""released"": 0, ""residual_value"": 0.0, ""step"": 715}}","{""MILK"": 0, ""WOOL"": 0}","[{""chosen"": {""WOOL"": 6}, ""pending"": {""WOOL"": 0}, ""step"": 280}, {""chosen"": {""MILK"": 9}, ""pending"": {""MILK"": 0, ""WOOL"": 0}, ""step"": 409}, {""chosen"": {""MILK"": 5}, ""pending"": {""MILK"": 0, ""WOOL"": 0}, ""step"": 439}, {""chosen"": {""MILK"": 15}, ""pending"": {""MILK"": 0, ""WOOL"": 0}, ""step"": 485}, {""chosen"": {""MILK"": 2}, ""pending"": {""MILK"": 0, ""WOOL"": 0}, ""step"": 520}, {""chosen"": {""MILK"": 9}, ""pending"": {""MILK"": 0, ""WOOL"": 0}, ""step"": 656}, {""chosen"": {""MILK"": 9, ""WOOL"": 1}, ""pending"": {""MILK"": 0, ""WOOL"": 0}, ""step"": 657}, {""chosen"": {""WOOL"": 1}, ""pending"": {""MILK"": 0, ""WOOL"": 0}, ""step"": 660}, {""chosen"": {""MILK"": 10, ""WOOL"": 1}, ""pending"": {""MILK"": 0, ""WOOL"": 0}, ""step"": 661}, {""chosen"": {""MILK"": 4}, ""pending"": {""MILK"": 0, ""WOOL"": 0}, ""step"": 667}, {""chosen"": {""MILK"": 15}, ""pending"": {""MILK"": 0, ""WOOL"": 0}, ""step"": 670}, {""chosen"": {""MILK"": 12}, ""pending"": {""MILK"": 0, ""WOOL"": 0}, ""step"": 673}, {""chosen"": {""MILK"": 8}, ""pending"": {""MILK"": 0, ""WOOL"": 0}, ""step"": 674}, {""chosen"": {""MILK"": 8}, ""pending"": {""MILK"": 0, ""WOOL"": 0}, ""step"": 678}, {""chosen"": {""MILK"": 9}, ""pending"": {""MILK"": 0, ""WOOL"": 0}, ""step"": 685}, {""chosen"": {""MILK"": 13}, ""pending"": {""MILK"": 0, ""WOOL"": 0}, ""step"": 686}, {""chosen"": {""MILK"": 9}, ""pending"": {""MILK"": 0, ""WOOL"": 0}, ""step"": 698}, {""chosen"": {""WOOL"": 22}, ""pending"": {""MILK"": 0, ""WOOL"": 0}, ""step"": 699}, {""chosen"": {""MILK"": 11}, ""pending"": {""MILK"": 0, ""WOOL"": 0}, ""step"": 702}, {""chosen"": {""MILK"": 3, ""WOOL"": 24}, ""pending"": {""MILK"": 0, ""WOOL"": 0}, ""step"": 703}, {""chosen"": {""WOOL"": 12}, ""pending"": {""MILK"": 0, ""WOOL"": 0}, ""step"": 709}, {""chosen"": {""MILK"": 9}, ""pending"": {""MILK"": 0, ""WOOL"": 0}, ""step"": 710}, {""chosen"": {""MILK"": 12, ""WOOL"": 20}, ""pending"": {""MILK"": 0, ""WOOL"": 0}, ""step"": 712}, {""chosen"": {""MILK"": 3}, ""pending"": {""MILK"": 0, ""WOOL"": 0}, ""step"": 713}, {""chosen"": {""MILK"": 3, ""WOOL"": 12}, ""pending"": {""MILK"": 0, ""WOOL"": 0}, ""step"": 715}, {""chosen"": {""MILK"": 3}, ""pending"": {""MILK"": 0, ""WOOL"": 0}, ""step"": 716}]",0,0,,,
733,1,166725.0,107848.0,58877.0,win,DONE,DONE,1,4.15720960003091,0,0,0,0,719,0,0,0.0215,0.18142000000000008,5.6425520000000065,9.5408,"{""BUILD_PASTURE"": 14, ""CARE"": 308, ""COLLECT_FERTILIZER"": 318, ""DIG"": 25, ""DROP"": 80, ""EAST"": 857, ""FEED"": 319, ""FERTILIZE"": 107, ""HARVEST"": 338, ""NORTH"": 1236, ""PASS"": 377, ""PICKUP"": 339, ""PLACE"": 27, ""PLANT"": 131, ""SOUTH"": 929, ""WATER"": 851, ""WEST"": 1098}","{""BUY_ANIMAL"": 14, ""BUY_LAND"": 2, ""BUY_PRODUCT"": 279, ""BUY_SEED"": 54, ""HIRE"": 306, ""SELL"": 481}","{""BUY_ANIMAL:COW"": 8, ""BUY_ANIMAL:SHEEP"": 6, ""BUY_PRODUCT:WHEAT"": 967, ""BUY_SEED:MELON"": 21, ""BUY_SEED:STRAWBERRY"": 44, ""BUY_SEED:WHEAT"": 66, ""SELL:CARROT"": 13, ""SELL:EGG"": 8, ""SELL:FERTILIZER"": 445, ""SELL:MELON"": 224, ""SELL:MILK"": 682, ""SELL:STRAWBERRY"": 636, ""SELL:TOMATO"": 4, ""SELL:WHEAT"": 1108, ""SELL:WOOL"": 373}",conservative,baseline,608,88,99,99,0,37,0,23,152,152,0,100,0,11,conservative,718,"{""MILK"": {""base"": 3, ""carried_value"": 810, ""chosen"": 3, ""deferred"": 0, ""gain"": 0.0, ""opponent_future"": 8.0, ""opponent_now"": 0.0, ""released"": 0, ""residual_value"": 0.0, ""step"": 716}, ""WOOL"": {""base"": 12, ""carried_value"": 2904, ""chosen"": 12, ""deferred"": 0, ""gain"": 0.0, ""opponent_future"": 10.6667, ""opponent_now"": 0.0, ""released"": 0, ""residual_value"": 0.0, ""step"": 715}}","{""MILK"": 0, ""WOOL"": 0}","[{""chosen"": {""WOOL"": 6}, ""pending"": {""WOOL"": 0}, ""step"": 280}, {""chosen"": {""MILK"": 2}, ""pending"": {""MILK"": 0, ""WOOL"": 0}, ""step"": 520}, {""chosen"": {""MILK"": 9}, ""pending"": {""MILK"": 0, ""WOOL"": 0}, ""step"": 656}, {""chosen"": {""MILK"": 9, ""WOOL"": 1}, ""pending"": {""MILK"": 0, ""WOOL"": 0}, ""step"": 657}, {""chosen"": {""WOOL"": 1}, ""pending"": {""MILK"": 0, ""WOOL"": 0}, ""step"": 660}, {""chosen"": {""MILK"": 10, ""WOOL"": 1}, ""pending"": {""MILK"": 0, ""WOOL"": 0}, ""step"": 661}, {""chosen"": {""MILK"": 4}, ""pending"": {""MILK"": 0, ""WOOL"": 0}, ""step"": 667}, {""chosen"": {""MILK"": 15}, ""pending"": {""MILK"": 0, ""WOOL"": 0}, ""step"": 670}, {""chosen"": {""MILK"": 12}, ""pending"": {""MILK"": 0, ""WOOL"": 0}, ""step"": 673}, {""chosen"": {""MILK"": 8}, ""pending"": {""MILK"": 0, ""WOOL"": 0}, ""step"": 674}, {""chosen"": {""MILK"": 8}, ""pending"": {""MILK"": 0, ""WOOL"": 0}, ""step"": 678}, {""chosen"": {""MILK"": 9}, ""pending"": {""MILK"": 0, ""WOOL"": 0}, ""step"": 685}, {""chosen"": {""MILK"": 13}, ""pending"": {""MILK"": 0, ""WOOL"": 0}, ""step"": 686}, {""chosen"": {""MILK"": 9}, ""pending"": {""MILK"": 0, ""WOOL"": 0}, ""step"": 698}, {""chosen"": {""WOOL"": 22}, ""pending"": {""MILK"": 0, ""WOOL"": 0}, ""step"": 699}, {""chosen"": {""MILK"": 11}, ""pending"": {""MILK"": 0, ""WOOL"": 0}, ""step"": 702}, {""chosen"": {""MILK"": 3, ""WOOL"": 24}, ""pending"": {""MILK"": 0, ""WOOL"": 0}, ""step"": 703}, {""chosen"": {""WOOL"": 12}, ""pending"": {""MILK"": 0, ""WOOL"": 0}, ""step"": 709}, {""chosen"": {""MILK"": 9}, ""pending"": {""MILK"": 0, ""WOOL"": 0}, ""step"": 710}, {""chosen"": {""MILK"": 12, ""WOOL"": 20}, ""pending"": {""MILK"": 0, ""WOOL"": 0}, ""step"": 712}, {""chosen"": {""MILK"": 3}, ""pending"": {""MILK"": 0, ""WOOL"": 0}, ""step"": 713}, {""chosen"": {""MILK"": 3, ""WOOL"": 12}, ""pending"": {""MILK"": 0, ""WOOL"": 0}, ""step"": 715}, {""chosen"": {""MILK"": 3}, ""pending"": {""MILK"": 0, ""WOOL"": 0}, ""step"": 716}]",0,0,,,
17,0,143303.0,149739.0,-6436.0,loss,DONE,DONE,1,3.690794800000731,0,0,0,0,719,0,0,0.0238,0.2739200000000003,6.126292000000003,10.0341,"{""BUILD_PASTURE"": 14, ""CARE"": 308, ""COLLECT_FERTILIZER"": 318, ""DIG"": 25, ""DROP"": 80, ""EAST"": 857, ""FEED"": 319, ""FERTILIZE"": 107, ""HARVEST"": 338, ""NORTH"": 1236, ""PASS"": 377, ""PICKUP"": 339, ""PLACE"": 27, ""PLANT"": 131, ""SOUTH"": 929, ""WATER"": 851, ""WEST"": 1098}","{""BUY_ANIMAL"": 14, ""BUY_LAND"": 2, ""BUY_PRODUCT"": 279, ""BUY_SEED"": 54, ""HIRE"": 306, ""SELL"": 481}","{""BUY_ANIMAL:COW"": 8, ""BUY_ANIMAL:SHEEP"": 6, ""BUY_PRODUCT:WHEAT"": 967, ""BUY_SEED:MELON"": 21, ""BUY_SEED:STRAWBERRY"": 44, ""BUY_SEED:WHEAT"": 66, ""SELL:CARROT"": 13, ""SELL:EGG"": 8, ""SELL:FERTILIZER"": 445, ""SELL:MELON"": 224, ""SELL:MILK"": 682, ""SELL:STRAWBERRY"": 636, ""SELL:TOMATO"": 4, ""SELL:WHEAT"": 1108, ""SELL:WOOL"": 373}",conservative,v18,608,76,142,142,0,49,0,35,238,238,0,106,0,11,conservative,718,"{""MILK"": {""base"": 3, ""carried_value"": 807, ""chosen"": 3, ""deferred"": 0, ""gain"": 0.0, ""opponent_future"": 16.0, ""opponent_now"": 0.0, ""released"": 0, ""residual_value"": 0.0, ""step"": 716}, ""WOOL"": {""base"": 12, ""carried_value"": 1912, ""chosen"": 12, ""deferred"": 0, ""gain"": 0.0, ""opponent_future"": 6.6667, ""opponent_now"": 0.0, ""released"": 0, ""residual_value"": 0.0, ""step"": 715}}","{""MILK"": 0, ""WOOL"": 0}","[{""chosen"": {""WOOL"": 6}, ""pending"": {""WOOL"": 0}, ""step"": 280}, {""chosen"": {""WOOL"": 7}, ""pending"": {""WOOL"": 0}, ""step"": 358}, {""chosen"": {""WOOL"": 4}, ""pending"": {""WOOL"": 0}, ""step"": 365}, {""chosen"": {""MILK"": 9, ""WOOL"": 4}, ""pending"": {""MILK"": 0, ""WOOL"": 0}, ""step"": 366}, {""chosen"": {""MILK"": 9}, ""pending"": {""MILK"": 0, ""WOOL"": 0}, ""step"": 386}, {""chosen"": {""WOOL"": 1}, ""pending"": {""MILK"": 0, ""WOOL"": 0}, ""step"": 460}, {""chosen"": {""MILK"": 15}, ""pending"": {""MILK"": 0, ""WOOL"": 0}, ""step"": 536}, {""chosen"": {""WOOL"": 24}, ""pending"": {""MILK"": 0, ""WOOL"": 0}, ""step"": 538}, {""chosen"": {""MILK"": 4}, ""pending"": {""MILK"": 0, ""WOOL"": 0}, ""step"": 565}, {""chosen"": {""MILK"": 6}, ""pending"": {""MILK"": 0, ""WOOL"": 0}, ""step"": 607}, {""chosen"": {""WOOL"": 1}, ""pending"": {""MILK"": 0, ""WOOL"": 0}, ""step"": 625}, {""chosen"": {""WOOL"": 2}, ""pending"": {""MILK"": 0, ""WOOL"": 0}, ""step"": 627}, {""chosen"": {""MILK"": 15}, ""pending"": {""MILK"": 0, ""WOOL"": 0}, ""step"": 633}, {""chosen"": {""MILK"": 30}, ""pending"": {""MILK"": 0, ""WOOL"": 0}, ""step"": 637}, {""chosen"": {""MILK"": 9}, ""pending"": {""MILK"": 0, ""WOOL"": 0}, ""step"": 656}, {""chosen"": {""MILK"": 9, ""WOOL"": 1}, ""pending"": {""MILK"": 0, ""WOOL"": 0}, ""step"": 657}, {""chosen"": {""WOOL"": 1}, ""pending"": {""MILK"": 0, ""WOOL"": 0}, ""step"": 660}, {""chosen"": {""MILK"": 10, ""WOOL"": 1}, ""pending"": {""MILK"": 0, ""WOOL"": 0}, ""step"": 661}, {""chosen"": {""MILK"": 4}, ""pending"": {""MILK"": 0, ""WOOL"": 0}, ""step"": 667}, {""chosen"": {""MILK"": 15}, ""pending"": {""MILK"": 0, ""WOOL"": 0}, ""step"": 670}, {""chosen"": {""MILK"": 12}, ""pending"": {""MILK"": 0, ""WOOL"": 0}, ""step"": 673}, {""chosen"": {""MILK"": 8}, ""pending"": {""MILK"": 0, ""WOOL"": 0}, ""step"": 674}, {""chosen"": {""MILK"": 8}, ""pending"": {""MILK"": 0, ""WOOL"": 0}, ""step"": 678}, {""chosen"": {""MILK"": 9}, ""pending"": {""MILK"": 0, ""WOOL"": 0}, ""step"": 685}, {""chosen"": {""MILK"": 13}, ""pending"": {""MILK"": 0, ""WOOL"": 0}, ""step"": 686}, {""chosen"": {""MILK"": 9}, ""pending"": {""MILK"": 0, ""WOOL"": 0}, ""step"": 698}, {""chosen"": {""WOOL"": 22}, ""pending"": {""MILK"": 0, ""WOOL"": 0}, ""step"": 699}, {""chosen"": {""MILK"": 11}, ""pending"": {""MILK"": 0, ""WOOL"": 0}, ""step"": 702}, {""chosen"": {""MILK"": 3, ""WOOL"": 24}, ""pending"": {""MILK"": 0, ""WOOL"": 0}, ""step"": 703}, {""chosen"": {""WOOL"": 12}, ""pending"": {""MILK"": 0, ""WOOL"": 0}, ""step"": 709}, {""chosen"": {""MILK"": 9}, ""pending"": {""MILK"": 0, ""WOOL"": 0}, ""step"": 710}, {""chosen"": {""MILK"": 12, ""WOOL"": 20}, ""pending"": {""MILK"": 0, ""WOOL"": 0}, ""step"": 712}, {""chosen"": {""MILK"": 3}, ""pending"": {""MILK"": 0, ""WOOL"": 0}, ""step"": 713}, {""chosen"": {""MILK"": 3, ""WOOL"": 12}, ""pending"": {""MILK"": 0, ""WOOL"": 0}, ""step"": 715}, {""chosen"": {""MILK"": 3}, ""pending"": {""MILK"": 0, ""WOOL"": 0}, ""step"": 716}]",0,0,,,
17,1,150295.0,142727.0,7568.0,win,DONE,DONE,1,3.773474400048144,0,0,0,0,719,0,0,0.0215,1.0953500000000025,5.929264000000006,16.0265,"{""BUILD_PASTURE"": 14, ""CARE"": 308, ""COLLECT_FERTILIZER"": 318, ""DIG"": 25, ""DROP"": 80, ""EAST"": 857, ""FEED"": 319, ""FERTILIZE"": 107, ""HARVEST"": 338, ""NORTH"": 1236, ""PASS"": 377, ""PICKUP"": 339, ""PLACE"": 27, ""PLANT"": 131, ""SOUTH"": 929, ""WATER"": 851, ""WEST"": 1098}","{""BUY_ANIMAL"": 14, ""BUY_LAND"": 2, ""BUY_PRODUCT"": 279, ""BUY_SEED"": 54, ""HIRE"": 306, ""SELL"": 480}","{""BUY_ANIMAL:COW"": 8, ""BUY_ANIMAL:SHEEP"": 6, ""BUY_PRODUCT:WHEAT"": 967, ""BUY_SEED:MELON"": 21, ""BUY_SEED:STRAWBERRY"": 44, ""BUY_SEED:WHEAT"": 66, ""SELL:CARROT"": 13, ""SELL:EGG"": 8, ""SELL:FERTILIZER"": 445, ""SELL:MELON"": 224, ""SELL:MILK"": 682, ""SELL:STRAWBERRY"": 636, ""SELL:TOMATO"": 4, ""SELL:WHEAT"": 1108, ""SELL:WOOL"": 369}",conservative,v18,608,74,151,147,0,57,1,37,247,247,0,107,0,11,conservative,718,"{""MILK"": {""base"": 3, ""carried_value"": 807, ""chosen"": 3, ""deferred"": 0, ""gain"": 0.0, ""opponent_future"": 16.0, ""opponent_now"": 0.0, ""released"": 0, ""residual_value"": 0.0, ""step"": 716}, ""WOOL"": {""base"": 12, ""carried_value"": 2868, ""chosen"": 12, ""deferred"": 0, ""gain"": 0.0, ""opponent_future"": 5.3333, ""opponent_now"": 0.0, ""released"": 0, ""residual_value"": 0.0, ""step"": 715}}","{""MILK"": 0, ""WOOL"": 0}","[{""chosen"": {""WOOL"": 6}, ""pending"": {""WOOL"": 0}, ""step"": 280}, {""chosen"": {""WOOL"": 7}, ""pending"": {""WOOL"": 0}, ""step"": 358}, {""chosen"": {""WOOL"": 3}, ""pending"": {""WOOL"": 1}, ""step"": 365}, {""chosen"": {""MILK"": 9, ""WOOL"": 0}, ""pending"": {""MILK"": 0, ""WOOL"": 1}, ""step"": 366}, {""chosen"": {""MILK"": 9}, ""pending"": {""MILK"": 0, ""WOOL"": 1}, ""step"": 367}, {""chosen"": {""WOOL"": 10}, ""pending"": {""MILK"": 0, ""WOOL"": 0}, ""step"": 370}, {""chosen"": {""MILK"": 9}, ""pending"": {""MILK"": 0, ""WOOL"": 0}, ""step"": 386}, {""chosen"": {""WOOL"": 1}, ""pending"": {""MILK"": 0, ""WOOL"": 0}, ""step"": 460}, {""chosen"": {""MILK"": 15}, ""pending"": {""MILK"": 0, ""WOOL"": 0}, ""step"": 536}, {""chosen"": {""WOOL"": 24}, ""pending"": {""MILK"": 0, ""WOOL"": 0}, ""step"": 538}, {""chosen"": {""MILK"": 4}, ""pending"": {""MILK"": 0, ""WOOL"": 0}, ""step"": 565}, {""chosen"": {""MILK"": 6}, ""pending"": {""MILK"": 0, ""WOOL"": 0}, ""step"": 607}, {""chosen"": {""WOOL"": 1}, ""pending"": {""MILK"": 0, ""WOOL"": 0}, ""step"": 625}, {""chosen"": {""WOOL"": 2}, ""pending"": {""MILK"": 0, ""WOOL"": 0}, ""step"": 627}, {""chosen"": {""MILK"": 15}, ""pending"": {""MILK"": 0, ""WOOL"": 0}, ""step"": 633}, {""chosen"": {""MILK"": 30}, ""pending"": {""MILK"": 0, ""WOOL"": 0}, ""step"": 637}, {""chosen"": {""MILK"": 9}, ""pending"": {""MILK"": 0, ""WOOL"": 0}, ""step"": 656}, {""chosen"": {""MILK"": 9, ""WOOL"": 1}, ""pending"": {""MILK"": 0, ""WOOL"": 0}, ""step"": 657}, {""chosen"": {""WOOL"": 1}, ""pending"": {""MILK"": 0, ""WOOL"": 0}, ""step"": 660}, {""chosen"": {""MILK"": 10, ""WOOL"": 1}, ""pending"": {""MILK"": 0, ""WOOL"": 0}, ""step"": 661}, {""chosen"": {""MILK"": 4}, ""pending"": {""MILK"": 0, ""WOOL"": 0}, ""step"": 667}, {""chosen"": {""MILK"": 15}, ""pending"": {""MILK"": 0, ""WOOL"": 0}, ""step"": 670}, {""chosen"": {""MILK"": 12}, ""pending"": {""MILK"": 0, ""WOOL"": 0}, ""step"": 673}, {""chosen"": {""MILK"": 8}, ""pending"": {""MILK"": 0, ""WOOL"": 0}, ""step"": 674}, {""chosen"": {""MILK"": 8}, ""pending"": {""MILK"": 0, ""WOOL"": 0}, ""step"": 678}, {""chosen"": {""MILK"": 9}, ""pending"": {""MILK"": 0, ""WOOL"": 0}, ""step"": 685}, {""chosen"": {""MILK"": 13}, ""pending"": {""MILK"": 0, ""WOOL"": 0}, ""step"": 686}, {""chosen"": {""MILK"": 9}, ""pending"": {""MILK"": 0, ""WOOL"": 0}, ""step"": 698}, {""chosen"": {""WOOL"": 22}, ""pending"": {""MILK"": 0, ""WOOL"": 0}, ""step"": 699}, {""chosen"": {""MILK"": 11}, ""pending"": {""MILK"": 0, ""WOOL"": 0}, ""step"": 702}, {""chosen"": {""MILK"": 3, ""WOOL"": 24}, ""pending"": {""MILK"": 0, ""WOOL"": 0}, ""step"": 703}, {""chosen"": {""WOOL"": 12}, ""pending"": {""MILK"": 0, ""WOOL"": 0}, ""step"": 709}, {""chosen"": {""MILK"": 9}, ""pending"": {""MILK"": 0, ""WOOL"": 0}, ""step"": 710}, {""chosen"": {""MILK"": 12, ""WOOL"": 20}, ""pending"": {""MILK"": 0, ""WOOL"": 0}, ""step"": 712}, {""chosen"": {""MILK"": 3}, ""pending"": {""MILK"": 0, ""WOOL"": 0}, ""step"": 713}, {""chosen"": {""MILK"": 3, ""WOOL"": 12}, ""pending"": {""MILK"": 0, ""WOOL"": 0}, ""step"": 715}, {""chosen"": {""MILK"": 3}, ""pending"": {""MILK"": 0, ""WOOL"": 0}, ""step"": 716}]",0,0,3,6,3
42,0,131778.0,132216.0,-438.0,loss,DONE,DONE,1,4.027340099972207,0,0,0,0,719,0,0,0.0253,2.1251000000000015,7.116658000000002,13.345,"{""BUILD_PASTURE"": 14, ""CARE"": 308, ""COLLECT_FERTILIZER"": 318, ""DIG"": 25, ""DROP"": 80, ""EAST"": 857, ""FEED"": 319, ""FERTILIZE"": 107, ""HARVEST"": 338, ""NORTH"": 1236, ""PASS"": 377, ""PICKUP"": 339, ""PLACE"": 27, ""PLANT"": 131, ""SOUTH"": 929, ""WATER"": 851, ""WEST"": 1098}","{""BUY_ANIMAL"": 14, ""BUY_LAND"": 2, ""BUY_PRODUCT"": 279, ""BUY_SEED"": 54, ""HIRE"": 306, ""SELL"": 469}","{""BUY_ANIMAL:COW"": 8, ""BUY_ANIMAL:SHEEP"": 6, ""BUY_PRODUCT:WHEAT"": 967, ""BUY_SEED:MELON"": 21, ""BUY_SEED:STRAWBERRY"": 44, ""BUY_SEED:WHEAT"": 66, ""SELL:CARROT"": 13, ""SELL:EGG"": 8, ""SELL:FERTILIZER"": 445, ""SELL:MELON"": 224, ""SELL:MILK"": 524, ""SELL:STRAWBERRY"": 636, ""SELL:TOMATO"": 4, ""SELL:WHEAT"": 1108, ""SELL:WOOL"": 373}",conservative,v18,608,63,145,145,0,44,0,48,384,226,0,170,14,11,conservative,718,"{""MILK"": {""base"": 3, ""carried_value"": 624, ""chosen"": 3, ""deferred"": 0, ""gain"": 0.0, ""opponent_future"": 16.0, ""opponent_now"": 0.0, ""released"": 0, ""residual_value"": 0.0, ""step"": 716}, ""WOOL"": {""base"": 12, ""carried_value"": 2904, ""chosen"": 12, ""deferred"": 0, ""gain"": 0.0, ""opponent_future"": 6.6667, ""opponent_now"": 0.0, ""released"": 0, ""residual_value"": 0.0, ""step"": 715}}","{""MILK"": 0, ""WOOL"": 0}","[{""chosen"": {""WOOL"": 6}, ""pending"": {""WOOL"": 0}, ""step"": 280}, {""chosen"": {""MILK"": 12}, ""pending"": {""MILK"": 0, ""WOOL"": 0}, ""step"": 294}, {""chosen"": {""WOOL"": 4}, ""pending"": {""MILK"": 0, ""WOOL"": 0}, ""step"": 365}, {""chosen"": {""MILK"": 9}, ""pending"": {""MILK"": 0, ""WOOL"": 0}, ""step"": 367}, {""chosen"": {""MILK"": 9}, ""pending"": {""MILK"": 0, ""WOOL"": 0}, ""step"": 387}, {""chosen"": {""MILK"": 9}, ""pending"": {""MILK"": 0, ""WOOL"": 0}, ""step"": 409}, {""chosen"": {""MILK"": 7}, ""pending"": {""MILK"": 1, ""WOOL"": 0}, ""step"": 438}, {""chosen"": {""MILK"": 0}, ""pending"": {""MILK"": 1, ""WOOL"": 0}, ""step"": 439}, {""chosen"": {""MILK"": 5}, ""pending"": {""MILK"": 0, ""WOOL"": 0}, ""step"": 440}, {""chosen"": {""MILK"": 9}, ""pending"": {""MILK"": 0, ""WOOL"": 0}, ""step"": 471}, {""chosen"": {""MILK"": 0}, ""pending"": {""MILK"": 1, ""WOOL"": 0}, ""step"": 484}, {""chosen"": {""MILK"": 0}, ""pending"": {""MILK"": 1, ""WOOL"": 0}, ""step"": 485}, {""chosen"": {""MILK"": 16}, ""pending"": {""MILK"": 0, ""WOOL"": 0}, ""step"": 489}, {""chosen"": {""MILK"": 15}, ""pending"": {""MILK"": 0, ""WOOL"": 0}, ""step"": 536}, {""chosen"": {""MILK"": 19, ""WOOL"": 24}, ""pending"": {""MILK"": 0, ""WOOL"": 0}, ""step"": 537}, {""chosen"": {""MILK"": 4}, ""pending"": {""MILK"": 0, ""WOOL"": 0}, ""step"": 565}, {""chosen"": {""MILK"": 0, ""WOOL"": 3}, ""pending"": {""MILK"": 1, ""WOOL"": 0}, ""step"": 566}, {""chosen"": {""MILK"": 2}, ""pending"": {""MILK"": 0, ""WOOL"": 0}, ""step"": 569}, {""chosen"": {""MILK"": 6}, ""pending"": {""MILK"": 0, ""WOOL"": 0}, ""step"": 607}, {""chosen"": {""MILK"": 0}, ""pending"": {""MILK"": 1, ""WOOL"": 0}, ""step"": 608}, {""chosen"": {""MILK"": 0}, ""pending"": {""MILK"": 1, ""WOOL"": 0}, ""step"": 609}, {""chosen"": {""MILK"": 7, ""WOOL"": 9}, ""pending"": {""MILK"": 0, ""WOOL"": 0}, ""step"": 612}, {""chosen"": {""WOOL"": 3}, ""pending"": {""MILK"": 0, ""WOOL"": 0}, ""step"": 616}, {""chosen"": {""WOOL"": 1}, ""pending"": {""MILK"": 0, ""WOOL"": 0}, ""step"": 625}, {""chosen"": {""WOOL"": 2}, ""pending"": {""MILK"": 0, ""WOOL"": 0}, ""step"": 627}, {""chosen"": {""MILK"": 0}, ""pending"": {""MILK"": 1, ""WOOL"": 0}, ""step"": 633}, {""chosen"": {""MILK"": 31}, ""pending"": {""MILK"": 0, ""WOOL"": 0}, ""step"": 637}, {""chosen"": {""MILK"": 0}, ""pending"": {""MILK"": 1, ""WOOL"": 0}, ""step"": 656}, {""chosen"": {""MILK"": 0, ""WOOL"": 1}, ""pending"": {""MILK"": 1, ""WOOL"": 0}, ""step"": 657}, {""chosen"": {""WOOL"": 1}, ""pending"": {""MILK"": 1, ""WOOL"": 0}, ""step"": 660}, {""chosen"": {""MILK"": 1, ""WOOL"": 1}, ""pending"": {""MILK"": 1, ""WOOL"": 0}, ""step"": 661}, {""chosen"": {""MILK"": 1}, ""pending"": {""MILK"": 1, ""WOOL"": 0}, ""step"": 667}, {""chosen"": {""MILK"": 1}, ""pending"": {""MILK"": 1, ""WOOL"": 0}, ""step"": 670}, {""chosen"": {""MILK"": 1}, ""pending"": {""MILK"": 1, ""WOOL"": 0}, ""step"": 673}, {""chosen"": {""MILK"": 1}, ""pending"": {""MILK"": 1, ""WOOL"": 0}, ""step"": 674}, {""chosen"": {""MILK"": 1}, ""pending"": {""MILK"": 1, ""WOOL"": 0}, ""step"": 678}, {""chosen"": {""MILK"": 1}, ""pending"": {""MILK"": 1, ""WOOL"": 0}, ""step"": 685}, {""chosen"": {""MILK"": 5}, ""pending"": {""MILK"": 1, ""WOOL"": 0}, ""step"": 686}, {""chosen"": {""MILK"": 10}, ""pending"": {""MILK"": 0, ""WOOL"": 0}, ""step"": 698}, {""chosen"": {""WOOL"": 22}, ""pending"": {""MILK"": 0, ""WOOL"": 0}, ""step"": 699}, {""chosen"": {""MILK"": 11}, ""pending"": {""MILK"": 0, ""WOOL"": 0}, ""step"": 702}, {""chosen"": {""MILK"": 3, ""WOOL"": 24}, ""pending"": {""MILK"": 0, ""WOOL"": 0}, ""step"": 703}, {""chosen"": {""WOOL"": 12}, ""pending"": {""MILK"": 0, ""WOOL"": 0}, ""step"": 709}, {""chosen"": {""MILK"": 9}, ""pending"": {""MILK"": 0, ""WOOL"": 0}, ""step"": 710}, {""chosen"": {""MILK"": 12, ""WOOL"": 20}, ""pending"": {""MILK"": 0, ""WOOL"": 0}, ""step"": 712}, {""chosen"": {""MILK"": 3}, ""pending"": {""MILK"": 0, ""WOOL"": 0}, ""step"": 713}, {""chosen"": {""MILK"": 3, ""WOOL"": 12}, ""pending"": {""MILK"": 0, ""WOOL"": 0}, ""step"": 715}, {""chosen"": {""MILK"": 3}, ""pending"": {""MILK"": 0, ""WOOL"": 0}, ""step"": 716}]",0,0,24,170,24
42,1,131877.0,132117.0,-240.0,loss,DONE,DONE,1,4.022227500041481,0,0,0,0,719,0,0,0.0216,2.166390000000006,7.016416000000001,9.2728,"{""BUILD_PASTURE"": 14, ""CARE"": 308, ""COLLECT_FERTILIZER"": 318, ""DIG"": 25, ""DROP"": 80, ""EAST"": 857, ""FEED"": 319, ""FERTILIZE"": 107, ""HARVEST"": 338, ""NORTH"": 1236, ""PASS"": 377, ""PICKUP"": 339, ""PLACE"": 27, ""PLANT"": 131, ""SOUTH"": 929, ""WATER"": 851, ""WEST"": 1098}","{""BUY_ANIMAL"": 14, ""BUY_LAND"": 2, ""BUY_PRODUCT"": 279, ""BUY_SEED"": 54, ""HIRE"": 306, ""SELL"": 469}","{""BUY_ANIMAL:COW"": 8, ""BUY_ANIMAL:SHEEP"": 6, ""BUY_PRODUCT:WHEAT"": 967, ""BUY_SEED:MELON"": 21, ""BUY_SEED:STRAWBERRY"": 44, ""BUY_SEED:WHEAT"": 66, ""SELL:CARROT"": 13, ""SELL:EGG"": 8, ""SELL:FERTILIZER"": 445, ""SELL:MELON"": 224, ""SELL:MILK"": 524, ""SELL:STRAWBERRY"": 636, ""SELL:TOMATO"": 4, ""SELL:WHEAT"": 1108, ""SELL:WOOL"": 373}",conservative,v18,608,63,145,145,0,44,0,48,384,226,0,170,14,11,conservative,718,"{""MILK"": {""base"": 3, ""carried_value"": 624, ""chosen"": 3, ""deferred"": 0, ""gain"": 0.0, ""opponent_future"": 16.0, ""opponent_now"": 0.0, ""released"": 0, ""residual_value"": 0.0, ""step"": 716}, ""WOOL"": {""base"": 12, ""carried_value"": 2904, ""chosen"": 12, ""deferred"": 0, ""gain"": 0.0, ""opponent_future"": 6.6667, ""opponent_now"": 0.0, ""released"": 0, ""residual_value"": 0.0, ""step"": 715}}","{""MILK"": 0, ""WOOL"": 0}","[{""chosen"": {""WOOL"": 6}, ""pending"": {""WOOL"": 0}, ""step"": 280}, {""chosen"": {""MILK"": 12}, ""pending"": {""MILK"": 0, ""WOOL"": 0}, ""step"": 294}, {""chosen"": {""WOOL"": 4}, ""pending"": {""MILK"": 0, ""WOOL"": 0}, ""step"": 365}, {""chosen"": {""MILK"": 9}, ""pending"": {""MILK"": 0, ""WOOL"": 0}, ""step"": 367}, {""chosen"": {""MILK"": 9}, ""pending"": {""MILK"": 0, ""WOOL"": 0}, ""step"": 387}, {""chosen"": {""MILK"": 9}, ""pending"": {""MILK"": 0, ""WOOL"": 0}, ""step"": 409}, {""chosen"": {""MILK"": 7}, ""pending"": {""MILK"": 1, ""WOOL"": 0}, ""step"": 438}, {""chosen"": {""MILK"": 0}, ""pending"": {""MILK"": 1, ""WOOL"": 0}, ""step"": 439}, {""chosen"": {""MILK"": 5}, ""pending"": {""MILK"": 0, ""WOOL"": 0}, ""step"": 440}, {""chosen"": {""MILK"": 9}, ""pending"": {""MILK"": 0, ""WOOL"": 0}, ""step"": 471}, {""chosen"": {""MILK"": 0}, ""pending"": {""MILK"": 1, ""WOOL"": 0}, ""step"": 484}, {""chosen"": {""MILK"": 0}, ""pending"": {""MILK"": 1, ""WOOL"": 0}, ""step"": 485}, {""chosen"": {""MILK"": 16}, ""pending"": {""MILK"": 0, ""WOOL"": 0}, ""step"": 489}, {""chosen"": {""MILK"": 15}, ""pending"": {""MILK"": 0, ""WOOL"": 0}, ""step"": 536}, {""chosen"": {""MILK"": 19, ""WOOL"": 24}, ""pending"": {""MILK"": 0, ""WOOL"": 0}, ""step"": 537}, {""chosen"": {""MILK"": 4}, ""pending"": {""MILK"": 0, ""WOOL"": 0}, ""step"": 565}, {""chosen"": {""MILK"": 0, ""WOOL"": 3}, ""pending"": {""MILK"": 1, ""WOOL"": 0}, ""step"": 566}, {""chosen"": {""MILK"": 2}, ""pending"": {""MILK"": 0, ""WOOL"": 0}, ""step"": 569}, {""chosen"": {""MILK"": 6}, ""pending"": {""MILK"": 0, ""WOOL"": 0}, ""step"": 607}, {""chosen"": {""MILK"": 0}, ""pending"": {""MILK"": 1, ""WOOL"": 0}, ""step"": 608}, {""chosen"": {""MILK"": 0}, ""pending"": {""MILK"": 1, ""WOOL"": 0}, ""step"": 609}, {""chosen"": {""MILK"": 7, ""WOOL"": 9}, ""pending"": {""MILK"": 0, ""WOOL"": 0}, ""step"": 612}, {""chosen"": {""WOOL"": 3}, ""pending"": {""MILK"": 0, ""WOOL"": 0}, ""step"": 616}, {""chosen"": {""WOOL"": 1}, ""pending"": {""MILK"": 0, ""WOOL"": 0}, ""step"": 625}, {""chosen"": {""WOOL"": 2}, ""pending"": {""MILK"": 0, ""WOOL"": 0}, ""step"": 627}, {""chosen"": {""MILK"": 0}, ""pending"": {""MILK"": 1, ""WOOL"": 0}, ""step"": 633}, {""chosen"": {""MILK"": 31}, ""pending"": {""MILK"": 0, ""WOOL"": 0}, ""step"": 637}, {""chosen"": {""MILK"": 0}, ""pending"": {""MILK"": 1, ""WOOL"": 0}, ""step"": 656}, {""chosen"": {""MILK"": 0, ""WOOL"": 1}, ""pending"": {""MILK"": 1, ""WOOL"": 0}, ""step"": 657}, {""chosen"": {""WOOL"": 1}, ""pending"": {""MILK"": 1, ""WOOL"": 0}, ""step"": 660}, {""chosen"": {""MILK"": 1, ""WOOL"": 1}, ""pending"": {""MILK"": 1, ""WOOL"": 0}, ""step"": 661}, {""chosen"": {""MILK"": 1}, ""pending"": {""MILK"": 1, ""WOOL"": 0}, ""step"": 667}, {""chosen"": {""MILK"": 1}, ""pending"": {""MILK"": 1, ""WOOL"": 0}, ""step"": 670}, {""chosen"": {""MILK"": 1}, ""pending"": {""MILK"": 1, ""WOOL"": 0}, ""step"": 673}, {""chosen"": {""MILK"": 1}, ""pending"": {""MILK"": 1, ""WOOL"": 0}, ""step"": 674}, {""chosen"": {""MILK"": 1}, ""pending"": {""MILK"": 1, ""WOOL"": 0}, ""step"": 678}, {""chosen"": {""MILK"": 1}, ""pending"": {""MILK"": 1, ""WOOL"": 0}, ""step"": 685}, {""chosen"": {""MILK"": 5}, ""pending"": {""MILK"": 1, ""WOOL"": 0}, ""step"": 686}, {""chosen"": {""MILK"": 10}, ""pending"": {""MILK"": 0, ""WOOL"": 0}, ""step"": 698}, {""chosen"": {""WOOL"": 22}, ""pending"": {""MILK"": 0, ""WOOL"": 0}, ""step"": 699}, {""chosen"": {""MILK"": 11}, ""pending"": {""MILK"": 0, ""WOOL"": 0}, ""step"": 702}, {""chosen"": {""MILK"": 3, ""WOOL"": 24}, ""pending"": {""MILK"": 0, ""WOOL"": 0}, ""step"": 703}, {""chosen"": {""WOOL"": 12}, ""pending"": {""MILK"": 0, ""WOOL"": 0}, ""step"": 709}, {""chosen"": {""MILK"": 9}, ""pending"": {""MILK"": 0, ""WOOL"": 0}, ""step"": 710}, {""chosen"": {""MILK"": 12, ""WOOL"": 20}, ""pending"": {""MILK"": 0, ""WOOL"": 0}, ""step"": 712}, {""chosen"": {""MILK"": 3}, ""pending"": {""MILK"": 0, ""WOOL"": 0}, ""step"": 713}, {""chosen"": {""MILK"": 3, ""WOOL"": 12}, ""pending"": {""MILK"": 0, ""WOOL"": 0}, ""step"": 715}, {""chosen"": {""MILK"": 3}, ""pending"": {""MILK"": 0, ""WOOL"": 0}, ""step"": 716}]",0,0,24,170,24
2026,0,111015.0,109647.0,1368.0,win,DONE,DONE,1,3.842454000026919,0,0,0,0,719,0,0,0.0249,2.392560000000001,7.176046000000008,10.7408,"{""BUILD_PASTURE"": 14, ""CARE"": 308, ""COLLECT_FERTILIZER"": 318, ""DIG"": 25, ""DROP"": 80, ""EAST"": 857, ""FEED"": 319, ""FERTILIZE"": 107, ""HARVEST"": 338, ""NORTH"": 1236, ""PASS"": 377, ""PICKUP"": 339, ""PLACE"": 27, ""PLANT"": 131, ""SOUTH"": 929, ""WATER"": 851, ""WEST"": 1098}","{""BUY_ANIMAL"": 14, ""BUY_LAND"": 2, ""BUY_PRODUCT"": 279, ""BUY_SEED"": 54, ""HIRE"": 306, ""SELL"": 438}","{""BUY_ANIMAL:COW"": 8, ""BUY_ANIMAL:SHEEP"": 6, ""BUY_PRODUCT:WHEAT"": 967, ""BUY_SEED:MELON"": 21, ""BUY_SEED:STRAWBERRY"": 44, ""BUY_SEED:WHEAT"": 66, ""SELL:CARROT"": 13, ""SELL:EGG"": 8, ""SELL:FERTILIZER"": 437, ""SELL:MELON"": 224, ""SELL:MILK"": 472, ""SELL:STRAWBERRY"": 567, ""SELL:TOMATO"": 4, ""SELL:WHEAT"": 1108, ""SELL:WOOL"": 344}",conservative,v18,621,40,200,190,0,60,2,58,412,270,0,161,17,11,conservative,718,"{""MILK"": {""base"": 3, ""carried_value"": 573, ""chosen"": 3, ""deferred"": 0, ""gain"": 0.0, ""opponent_future"": 16.0, ""opponent_now"": 0.0, ""released"": 0, ""residual_value"": 0.0, ""step"": 716}, ""WOOL"": {""base"": 12, ""carried_value"": 2772, ""chosen"": 12, ""deferred"": 0, ""gain"": 0.0, ""opponent_future"": 6.6667, ""opponent_now"": 0.0, ""released"": 0, ""residual_value"": 0.0, ""step"": 715}}","{""MILK"": 0, ""WOOL"": 0}","[{""chosen"": {""WOOL"": 6}, ""pending"": {""WOOL"": 0}, ""step"": 280}, {""chosen"": {""MILK"": 9}, ""pending"": {""MILK"": 0, ""WOOL"": 0}, ""step"": 293}, {""chosen"": {""MILK"": 12}, ""pending"": {""MILK"": 0, ""WOOL"": 0}, ""step"": 294}, {""chosen"": {""WOOL"": 6}, ""pending"": {""MILK"": 0, ""WOOL"": 0}, ""step"": 354}, {""chosen"": {""WOOL"": 7}, ""pending"": {""MILK"": 0, ""WOOL"": 0}, ""step"": 358}, {""chosen"": {""WOOL"": 4}, ""pending"": {""MILK"": 0, ""WOOL"": 0}, ""step"": 365}, {""chosen"": {""MILK"": 9, ""WOOL"": 4}, ""pending"": {""MILK"": 0, ""WOOL"": 0}, ""step"": 366}, {""chosen"": {""MILK"": 9}, ""pending"": {""MILK"": 0, ""WOOL"": 0}, ""step"": 367}, {""chosen"": {""MILK"": 9}, ""pending"": {""MILK"": 0, ""WOOL"": 0}, ""step"": 386}, {""chosen"": {""MILK"": 9}, ""pending"": {""MILK"": 0, ""WOOL"": 0}, ""step"": 387}, {""chosen"": {""MILK"": 9}, ""pending"": {""MILK"": 0, ""WOOL"": 0}, ""step"": 409}, {""chosen"": {""WOOL"": 3}, ""pending"": {""MILK"": 0, ""WOOL"": 0}, ""step"": 424}, {""chosen"": {""WOOL"": 2}, ""pending"": {""MILK"": 0, ""WOOL"": 0}, ""step"": 449}, {""chosen"": {""MILK"": 12}, ""pending"": {""MILK"": 0, ""WOOL"": 0}, ""step"": 475}, {""chosen"": {""MILK"": 11}, ""pending"": {""MILK"": 0, ""WOOL"": 0}, ""step"": 477}, {""chosen"": {""MILK"": 14}, ""pending"": {""MILK"": 1, ""WOOL"": 0}, ""step"": 489}, {""chosen"": {""MILK"": 3}, ""pending"": {""MILK"": 0, ""WOOL"": 0}, ""step"": 520}, {""chosen"": {""MILK"": 0}, ""pending"": {""MILK"": 1, ""WOOL"": 0}, ""step"": 521}, {""chosen"": {""MILK"": 3}, ""pending"": {""MILK"": 0, ""WOOL"": 0}, ""step"": 524}, {""chosen"": {""MILK"": 15}, ""pending"": {""MILK"": 0, ""WOOL"": 0}, ""step"": 536}, {""chosen"": {""MILK"": 19, ""WOOL"": 24}, ""pending"": {""MILK"": 0, ""WOOL"": 0}, ""step"": 537}, {""chosen"": {""WOOL"": 24}, ""pending"": {""MILK"": 0, ""WOOL"": 0}, ""step"": 538}, {""chosen"": {""MILK"": 4}, ""pending"": {""MILK"": 0, ""WOOL"": 0}, ""step"": 565}, {""chosen"": {""MILK"": 0, ""WOOL"": 3}, ""pending"": {""MILK"": 1, ""WOOL"": 0}, ""step"": 566}, {""chosen"": {""MILK"": 2}, ""pending"": {""MILK"": 0, ""WOOL"": 0}, ""step"": 569}, {""chosen"": {""MILK"": 0}, ""pending"": {""MILK"": 1, ""WOOL"": 0}, ""step"": 572}, {""chosen"": {""MILK"": 13}, ""pending"": {""MILK"": 0, ""WOOL"": 0}, ""step"": 573}, {""chosen"": {""MILK"": 6}, ""pending"": {""MILK"": 0, ""WOOL"": 0}, ""step"": 607}, {""chosen"": {""MILK"": 0}, ""pending"": {""MILK"": 1, ""WOOL"": 0}, ""step"": 608}, {""chosen"": {""MILK"": 0}, ""pending"": {""MILK"": 1, ""WOOL"": 0}, ""step"": 609}, {""chosen"": {""MILK"": 7, ""WOOL"": 9}, ""pending"": {""MILK"": 0, ""WOOL"": 0}, ""step"": 612}, {""chosen"": {""WOOL"": 3}, ""pending"": {""MILK"": 0, ""WOOL"": 0}, ""step"": 616}, {""chosen"": {""MILK"": 14, ""WOOL"": 9}, ""pending"": {""MILK"": 0, ""WOOL"": 0}, ""step"": 617}, {""chosen"": {""WOOL"": 1}, ""pending"": {""MILK"": 0, ""WOOL"": 0}, ""step"": 625}, {""chosen"": {""WOOL"": 2}, ""pending"": {""MILK"": 0, ""WOOL"": 0}, ""step"": 627}, {""chosen"": {""MILK"": 0}, ""pending"": {""MILK"": 1, ""WOOL"": 0}, ""step"": 633}, {""chosen"": {""MILK"": 31}, ""pending"": {""MILK"": 0, ""WOOL"": 0}, ""step"": 637}, {""chosen"": {""MILK"": 0}, ""pending"": {""MILK"": 1, ""WOOL"": 0}, ""step"": 656}, {""chosen"": {""MILK"": 0, ""WOOL"": 1}, ""pending"": {""MILK"": 1, ""WOOL"": 0}, ""step"": 657}, {""chosen"": {""WOOL"": 1}, ""pending"": {""MILK"": 1, ""WOOL"": 0}, ""step"": 660}, {""chosen"": {""MILK"": 1, ""WOOL"": 0}, ""pending"": {""MILK"": 1, ""WOOL"": 1}, ""step"": 661}, {""chosen"": {""MILK"": 1}, ""pending"": {""MILK"": 1, ""WOOL"": 1}, ""step"": 667}, {""chosen"": {""MILK"": 1}, ""pending"": {""MILK"": 1, ""WOOL"": 1}, ""step"": 670}, {""chosen"": {""MILK"": 1}, ""pending"": {""MILK"": 1, ""WOOL"": 1}, ""step"": 673}, {""chosen"": {""MILK"": 1}, ""pending"": {""MILK"": 1, ""WOOL"": 1}, ""step"": 674}, {""chosen"": {""MILK"": 1}, ""pending"": {""MILK"": 1, ""WOOL"": 1}, ""step"": 678}, {""chosen"": {""MILK"": 1}, ""pending"": {""MILK"": 1, ""WOOL"": 1}, ""step"": 685}, {""chosen"": {""MILK"": 1}, ""pending"": {""MILK"": 1, ""WOOL"": 1}, ""step"": 686}, {""chosen"": {""MILK"": 4}, ""pending"": {""MILK"": 1, ""WOOL"": 1}, ""step"": 698}, {""chosen"": {""WOOL"": 12}, ""pending"": {""MILK"": 1, ""WOOL"": 1}, ""step"": 699}, {""chosen"": {""MILK"": 4}, ""pending"": {""MILK"": 1, ""WOOL"": 1}, ""step"": 702}, {""chosen"": {""MILK"": 4, ""WOOL"": 25}, ""pending"": {""MILK"": 0, ""WOOL"": 0}, ""step"": 703}, {""chosen"": {""WOOL"": 12}, ""pending"": {""MILK"": 0, ""WOOL"": 0}, ""step"": 709}, {""chosen"": {""MILK"": 9}, ""pending"": {""MILK"": 0, ""WOOL"": 0}, ""step"": 710}, {""chosen"": {""MILK"": 12, ""WOOL"": 20}, ""pending"": {""MILK"": 0, ""WOOL"": 0}, ""step"": 712}, {""chosen"": {""MILK"": 3}, ""pending"": {""MILK"": 0, ""WOOL"": 0}, ""step"": 713}, {""chosen"": {""MILK"": 3, ""WOOL"": 12}, ""pending"": {""MILK"": 0, ""WOOL"": 0}, ""step"": 715}, {""chosen"": {""MILK"": 3}, ""pending"": {""MILK"": 0, ""WOOL"": 0}, ""step"": 716}]",0,0,29,168,27
2026,1,109404.0,111809.0,-2405.0,loss,DONE,DONE,1,3.9589034999953583,0,0,0,0,719,0,0,0.0214,2.519550000000001,7.524268000000005,10.056,"{""BUILD_PASTURE"": 14, ""CARE"": 308, ""COLLECT_FERTILIZER"": 318, ""DIG"": 25, ""DROP"": 80, ""EAST"": 857, ""FEED"": 319, ""FERTILIZE"": 107, ""HARVEST"": 338, ""NORTH"": 1236, ""PASS"": 377, ""PICKUP"": 339, ""PLACE"": 27, ""PLANT"": 131, ""SOUTH"": 929, ""WATER"": 851, ""WEST"": 1098}","{""BUY_ANIMAL"": 14, ""BUY_LAND"": 2, ""BUY_PRODUCT"": 279, ""BUY_SEED"": 54, ""HIRE"": 306, ""SELL"": 438}","{""BUY_ANIMAL:COW"": 8, ""BUY_ANIMAL:SHEEP"": 6, ""BUY_PRODUCT:WHEAT"": 967, ""BUY_SEED:MELON"": 21, ""BUY_SEED:STRAWBERRY"": 44, ""BUY_SEED:WHEAT"": 66, ""SELL:CARROT"": 13, ""SELL:EGG"": 8, ""SELL:FERTILIZER"": 437, ""SELL:MELON"": 224, ""SELL:MILK"": 472, ""SELL:STRAWBERRY"": 567, ""SELL:TOMATO"": 4, ""SELL:WHEAT"": 1108, ""SELL:WOOL"": 344}",conservative,v18,621,40,200,190,0,60,2,58,412,270,0,161,17,11,conservative,718,"{""MILK"": {""base"": 3, ""carried_value"": 573, ""chosen"": 3, ""deferred"": 0, ""gain"": 0.0, ""opponent_future"": 16.0, ""opponent_now"": 0.0, ""released"": 0, ""residual_value"": 0.0, ""step"": 716}, ""WOOL"": {""base"": 12, ""carried_value"": 2772, ""chosen"": 12, ""deferred"": 0, ""gain"": 0.0, ""opponent_future"": 6.6667, ""opponent_now"": 0.0, ""released"": 0, ""residual_value"": 0.0, ""step"": 715}}","{""MILK"": 0, ""WOOL"": 0}","[{""chosen"": {""WOOL"": 6}, ""pending"": {""WOOL"": 0}, ""step"": 280}, {""chosen"": {""MILK"": 9}, ""pending"": {""MILK"": 0, ""WOOL"": 0}, ""step"": 293}, {""chosen"": {""MILK"": 12}, ""pending"": {""MILK"": 0, ""WOOL"": 0}, ""step"": 294}, {""chosen"": {""WOOL"": 6}, ""pending"": {""MILK"": 0, ""WOOL"": 0}, ""step"": 354}, {""chosen"": {""WOOL"": 7}, ""pending"": {""MILK"": 0, ""WOOL"": 0}, ""step"": 358}, {""chosen"": {""WOOL"": 4}, ""pending"": {""MILK"": 0, ""WOOL"": 0}, ""step"": 365}, {""chosen"": {""MILK"": 9, ""WOOL"": 4}, ""pending"": {""MILK"": 0, ""WOOL"": 0}, ""step"": 366}, {""chosen"": {""MILK"": 9}, ""pending"": {""MILK"": 0, ""WOOL"": 0}, ""step"": 367}, {""chosen"": {""MILK"": 9}, ""pending"": {""MILK"": 0, ""WOOL"": 0}, ""step"": 386}, {""chosen"": {""MILK"": 9}, ""pending"": {""MILK"": 0, ""WOOL"": 0}, ""step"": 387}, {""chosen"": {""MILK"": 9}, ""pending"": {""MILK"": 0, ""WOOL"": 0}, ""step"": 409}, {""chosen"": {""WOOL"": 3}, ""pending"": {""MILK"": 0, ""WOOL"": 0}, ""step"": 424}, {""chosen"": {""WOOL"": 2}, ""pending"": {""MILK"": 0, ""WOOL"": 0}, ""step"": 449}, {""chosen"": {""MILK"": 12}, ""pending"": {""MILK"": 0, ""WOOL"": 0}, ""step"": 475}, {""chosen"": {""MILK"": 11}, ""pending"": {""MILK"": 0, ""WOOL"": 0}, ""step"": 477}, {""chosen"": {""MILK"": 14}, ""pending"": {""MILK"": 1, ""WOOL"": 0}, ""step"": 489}, {""chosen"": {""MILK"": 3}, ""pending"": {""MILK"": 0, ""WOOL"": 0}, ""step"": 520}, {""chosen"": {""MILK"": 0}, ""pending"": {""MILK"": 1, ""WOOL"": 0}, ""step"": 521}, {""chosen"": {""MILK"": 3}, ""pending"": {""MILK"": 0, ""WOOL"": 0}, ""step"": 524}, {""chosen"": {""MILK"": 15}, ""pending"": {""MILK"": 0, ""WOOL"": 0}, ""step"": 536}, {""chosen"": {""MILK"": 19, ""WOOL"": 24}, ""pending"": {""MILK"": 0, ""WOOL"": 0}, ""step"": 537}, {""chosen"": {""WOOL"": 24}, ""pending"": {""MILK"": 0, ""WOOL"": 0}, ""step"": 538}, {""chosen"": {""MILK"": 4}, ""pending"": {""MILK"": 0, ""WOOL"": 0}, ""step"": 565}, {""chosen"": {""MILK"": 0, ""WOOL"": 3}, ""pending"": {""MILK"": 1, ""WOOL"": 0}, ""step"": 566}, {""chosen"": {""MILK"": 2}, ""pending"": {""MILK"": 0, ""WOOL"": 0}, ""step"": 569}, {""chosen"": {""MILK"": 0}, ""pending"": {""MILK"": 1, ""WOOL"": 0}, ""step"": 572}, {""chosen"": {""MILK"": 13}, ""pending"": {""MILK"": 0, ""WOOL"": 0}, ""step"": 573}, {""chosen"": {""MILK"": 6}, ""pending"": {""MILK"": 0, ""WOOL"": 0}, ""step"": 607}, {""chosen"": {""MILK"": 0}, ""pending"": {""MILK"": 1, ""WOOL"": 0}, ""step"": 608}, {""chosen"": {""MILK"": 0}, ""pending"": {""MILK"": 1, ""WOOL"": 0}, ""step"": 609}, {""chosen"": {""MILK"": 7, ""WOOL"": 9}, ""pending"": {""MILK"": 0, ""WOOL"": 0}, ""step"": 612}, {""chosen"": {""WOOL"": 3}, ""pending"": {""MILK"": 0, ""WOOL"": 0}, ""step"": 616}, {""chosen"": {""MILK"": 14, ""WOOL"": 9}, ""pending"": {""MILK"": 0, ""WOOL"": 0}, ""step"": 617}, {""chosen"": {""WOOL"": 1}, ""pending"": {""MILK"": 0, ""WOOL"": 0}, ""step"": 625}, {""chosen"": {""WOOL"": 2}, ""pending"": {""MILK"": 0, ""WOOL"": 0}, ""step"": 627}, {""chosen"": {""MILK"": 0}, ""pending"": {""MILK"": 1, ""WOOL"": 0}, ""step"": 633}, {""chosen"": {""MILK"": 31}, ""pending"": {""MILK"": 0, ""WOOL"": 0}, ""step"": 637}, {""chosen"": {""MILK"": 0}, ""pending"": {""MILK"": 1, ""WOOL"": 0}, ""step"": 656}, {""chosen"": {""MILK"": 0, ""WOOL"": 1}, ""pending"": {""MILK"": 1, ""WOOL"": 0}, ""step"": 657}, {""chosen"": {""WOOL"": 1}, ""pending"": {""MILK"": 1, ""WOOL"": 0}, ""step"": 660}, {""chosen"": {""MILK"": 1, ""WOOL"": 0}, ""pending"": {""MILK"": 1, ""WOOL"": 1}, ""step"": 661}, {""chosen"": {""MILK"": 1}, ""pending"": {""MILK"": 1, ""WOOL"": 1}, ""step"": 667}, {""chosen"": {""MILK"": 1}, ""pending"": {""MILK"": 1, ""WOOL"": 1}, ""step"": 670}, {""chosen"": {""MILK"": 1}, ""pending"": {""MILK"": 1, ""WOOL"": 1}, ""step"": 673}, {""chosen"": {""MILK"": 1}, ""pending"": {""MILK"": 1, ""WOOL"": 1}, ""step"": 674}, {""chosen"": {""MILK"": 1}, ""pending"": {""MILK"": 1, ""WOOL"": 1}, ""step"": 678}, {""chosen"": {""MILK"": 1}, ""pending"": {""MILK"": 1, ""WOOL"": 1}, ""step"": 685}, {""chosen"": {""MILK"": 1}, ""pending"": {""MILK"": 1, ""WOOL"": 1}, ""step"": 686}, {""chosen"": {""MILK"": 4}, ""pending"": {""MILK"": 1, ""WOOL"": 1}, ""step"": 698}, {""chosen"": {""WOOL"": 12}, ""pending"": {""MILK"": 1, ""WOOL"": 1}, ""step"": 699}, {""chosen"": {""MILK"": 4}, ""pending"": {""MILK"": 1, ""WOOL"": 1}, ""step"": 702}, {""chosen"": {""MILK"": 4, ""WOOL"": 25}, ""pending"": {""MILK"": 0, ""WOOL"": 0}, ""step"": 703}, {""chosen"": {""WOOL"": 12}, ""pending"": {""MILK"": 0, ""WOOL"": 0}, ""step"": 709}, {""chosen"": {""MILK"": 9}, ""pending"": {""MILK"": 0, ""WOOL"": 0}, ""step"": 710}, {""chosen"": {""MILK"": 12, ""WOOL"": 20}, ""pending"": {""MILK"": 0, ""WOOL"": 0}, ""step"": 712}, {""chosen"": {""MILK"": 3}, ""pending"": {""MILK"": 0, ""WOOL"": 0}, ""step"": 713}, {""chosen"": {""MILK"": 3, ""WOOL"": 12}, ""pending"": {""MILK"": 0, ""WOOL"": 0}, ""step"": 715}, {""chosen"": {""MILK"": 3}, ""pending"": {""MILK"": 0, ""WOOL"": 0}, ""step"": 716}]",0,0,29,168,27
217,0,103699.0,104430.0,-731.0,loss,DONE,DONE,1,5.498464300006162,0,0,24,0,719,0,0,0.0504,2.9324700000000004,6.126616000000012,10.9416,"{""BUILD_PASTURE"": 14, ""CARE"": 308, ""COLLECT_FERTILIZER"": 318, ""DIG"": 25, ""DROP"": 80, ""EAST"": 857, ""FEED"": 319, ""FERTILIZE"": 107, ""HARVEST"": 338, ""NORTH"": 1236, ""PASS"": 377, ""PICKUP"": 339, ""PLACE"": 27, ""PLANT"": 131, ""SOUTH"": 929, ""WATER"": 851, ""WEST"": 1098}","{""BUY_ANIMAL"": 14, ""BUY_LAND"": 2, ""BUY_PRODUCT"": 279, ""BUY_SEED"": 54, ""HIRE"": 306, ""SELL"": 476}","{""BUY_ANIMAL:COW"": 8, ""BUY_ANIMAL:SHEEP"": 6, ""BUY_PRODUCT:WHEAT"": 967, ""BUY_SEED:MELON"": 21, ""BUY_SEED:STRAWBERRY"": 44, ""BUY_SEED:WHEAT"": 66, ""SELL:CARROT"": 13, ""SELL:EGG"": 8, ""SELL:FERTILIZER"": 445, ""SELL:MELON"": 224, ""SELL:MILK"": 556, ""SELL:STRAWBERRY"": 636, ""SELL:TOMATO"": 4, ""SELL:WHEAT"": 1108, ""SELL:WOOL"": 373}",conservative,v18,608,62,133,133,0,42,0,49,383,257,1,145,15,11,conservative,718,"{""MILK"": {""base"": 3, ""carried_value"": 603, ""chosen"": 1, ""deferred"": 1, ""gain"": 168.9429, ""opponent_future"": 16.0, ""opponent_now"": 0.0, ""released"": 1, ""residual_value"": 3968.0, ""step"": 716}, ""WOOL"": {""base"": 12, ""carried_value"": 2904, ""chosen"": 12, ""deferred"": 0, ""gain"": 0.0, ""opponent_future"": 6.6667, ""opponent_now"": 0.0, ""released"": 0, ""residual_value"": 0.0, ""step"": 715}}","{""MILK"": 1, ""WOOL"": 0}","[{""chosen"": {""WOOL"": 6}, ""pending"": {""WOOL"": 0}, ""step"": 280}, {""chosen"": {""MILK"": 12}, ""pending"": {""MILK"": 0, ""WOOL"": 0}, ""step"": 294}, {""chosen"": {""MILK"": 3}, ""pending"": {""MILK"": 0, ""WOOL"": 0}, ""step"": 343}, {""chosen"": {""WOOL"": 4}, ""pending"": {""MILK"": 0, ""WOOL"": 0}, ""step"": 365}, {""chosen"": {""MILK"": 9}, ""pending"": {""MILK"": 0, ""WOOL"": 0}, ""step"": 367}, {""chosen"": {""MILK"": 9}, ""pending"": {""MILK"": 0, ""WOOL"": 0}, ""step"": 387}, {""chosen"": {""MILK"": 9}, ""pending"": {""MILK"": 0, ""WOOL"": 0}, ""step"": 409}, {""chosen"": {""MILK"": 8}, ""pending"": {""MILK"": 0, ""WOOL"": 0}, ""step"": 438}, {""chosen"": {""MILK"": 5}, ""pending"": {""MILK"": 0, ""WOOL"": 0}, ""step"": 439}, {""chosen"": {""MILK"": 4}, ""pending"": {""MILK"": 0, ""WOOL"": 0}, ""step"": 440}, {""chosen"": {""MILK"": 9}, ""pending"": {""MILK"": 0, ""WOOL"": 0}, ""step"": 471}, {""chosen"": {""MILK"": 15}, ""pending"": {""MILK"": 0, ""WOOL"": 0}, ""step"": 484}, {""chosen"": {""MILK"": 15}, ""pending"": {""MILK"": 0, ""WOOL"": 0}, ""step"": 485}, {""chosen"": {""MILK"": 2}, ""pending"": {""MILK"": 0, ""WOOL"": 0}, ""step"": 521}, {""chosen"": {""MILK"": 2}, ""pending"": {""MILK"": 0, ""WOOL"": 0}, ""step"": 524}, {""chosen"": {""MILK"": 15}, ""pending"": {""MILK"": 0, ""WOOL"": 0}, ""step"": 536}, {""chosen"": {""MILK"": 19, ""WOOL"": 24}, ""pending"": {""MILK"": 0, ""WOOL"": 0}, ""step"": 537}, {""chosen"": {""MILK"": 4}, ""pending"": {""MILK"": 0, ""WOOL"": 0}, ""step"": 565}, {""chosen"": {""MILK"": 4, ""WOOL"": 3}, ""pending"": {""MILK"": 0, ""WOOL"": 0}, ""step"": 566}, {""chosen"": {""MILK"": 2}, ""pending"": {""MILK"": 0, ""WOOL"": 0}, ""step"": 572}, {""chosen"": {""MILK"": 12}, ""pending"": {""MILK"": 0, ""WOOL"": 0}, ""step"": 573}, {""chosen"": {""MILK"": 6}, ""pending"": {""MILK"": 0, ""WOOL"": 0}, ""step"": 607}, {""chosen"": {""MILK"": 15}, ""pending"": {""MILK"": 0, ""WOOL"": 0}, ""step"": 608}, {""chosen"": {""MILK"": 9}, ""pending"": {""MILK"": 0, ""WOOL"": 0}, ""step"": 609}, {""chosen"": {""WOOL"": 1}, ""pending"": {""MILK"": 0, ""WOOL"": 0}, ""step"": 625}, {""chosen"": {""WOOL"": 2}, ""pending"": {""MILK"": 0, ""WOOL"": 0}, ""step"": 627}, {""chosen"": {""MILK"": 15}, ""pending"": {""MILK"": 0, ""WOOL"": 0}, ""step"": 633}, {""chosen"": {""MILK"": 30}, ""pending"": {""MILK"": 0, ""WOOL"": 0}, ""step"": 637}, {""chosen"": {""MILK"": 0}, ""pending"": {""MILK"": 1, ""WOOL"": 0}, ""step"": 656}, {""chosen"": {""MILK"": 0, ""WOOL"": 1}, ""pending"": {""MILK"": 1, ""WOOL"": 0}, ""step"": 657}, {""chosen"": {""WOOL"": 1}, ""pending"": {""MILK"": 1, ""WOOL"": 0}, ""step"": 660}, {""chosen"": {""MILK"": 1, ""WOOL"": 1}, ""pending"": {""MILK"": 1, ""WOOL"": 0}, ""step"": 661}, {""chosen"": {""MILK"": 1}, ""pending"": {""MILK"": 1, ""WOOL"": 0}, ""step"": 667}, {""chosen"": {""MILK"": 1}, ""pending"": {""MILK"": 1, ""WOOL"": 0}, ""step"": 670}, {""chosen"": {""MILK"": 1}, ""pending"": {""MILK"": 1, ""WOOL"": 0}, ""step"": 673}, {""chosen"": {""MILK"": 1}, ""pending"": {""MILK"": 1, ""WOOL"": 0}, ""step"": 674}, {""chosen"": {""MILK"": 1}, ""pending"": {""MILK"": 1, ""WOOL"": 0}, ""step"": 678}, {""chosen"": {""MILK"": 1}, ""pending"": {""MILK"": 1, ""WOOL"": 0}, ""step"": 685}, {""chosen"": {""MILK"": 1}, ""pending"": {""MILK"": 1, ""WOOL"": 0}, ""step"": 686}, {""chosen"": {""MILK"": 1}, ""pending"": {""MILK"": 1, ""WOOL"": 0}, ""step"": 698}, {""chosen"": {""WOOL"": 22}, ""pending"": {""MILK"": 1, ""WOOL"": 0}, ""step"": 699}, {""chosen"": {""MILK"": 1}, ""pending"": {""MILK"": 1, ""WOOL"": 0}, ""step"": 702}, {""chosen"": {""MILK"": 1, ""WOOL"": 24}, ""pending"": {""MILK"": 1, ""WOOL"": 0}, ""step"": 703}, {""chosen"": {""WOOL"": 12}, ""pending"": {""MILK"": 1, ""WOOL"": 0}, ""step"": 709}, {""chosen"": {""MILK"": 10}, ""pending"": {""MILK"": 0, ""WOOL"": 0}, ""step"": 710}, {""chosen"": {""MILK"": 0, ""WOOL"": 20}, ""pending"": {""MILK"": 1, ""WOOL"": 0}, ""step"": 712}, {""chosen"": {""MILK"": 1}, ""pending"": {""MILK"": 1, ""WOOL"": 0}, ""step"": 713}, {""chosen"": {""MILK"": 1, ""WOOL"": 12}, ""pending"": {""MILK"": 1, ""WOOL"": 0}, ""step"": 715}, {""chosen"": {""MILK"": 1}, ""pending"": {""MILK"": 1, ""WOOL"": 0}, ""step"": 716}]",0,0,18,128,18
217,1,103522.0,104663.0,-1141.0,loss,DONE,DONE,1,4.699178199982271,0,0,24,0,719,0,0,0.036,2.841210000000002,6.275910000000005,9.8447,"{""BUILD_PASTURE"": 14, ""CARE"": 308, ""COLLECT_FERTILIZER"": 318, ""DIG"": 25, ""DROP"": 80, ""EAST"": 857, ""FEED"": 319, ""FERTILIZE"": 107, ""HARVEST"": 338, ""NORTH"": 1236, ""PASS"": 377, ""PICKUP"": 339, ""PLACE"": 27, ""PLANT"": 131, ""SOUTH"": 929, ""WATER"": 851, ""WEST"": 1098}","{""BUY_ANIMAL"": 14, ""BUY_LAND"": 2, ""BUY_PRODUCT"": 279, ""BUY_SEED"": 54, ""HIRE"": 306, ""SELL"": 476}","{""BUY_ANIMAL:COW"": 8, ""BUY_ANIMAL:SHEEP"": 6, ""BUY_PRODUCT:WHEAT"": 967, ""BUY_SEED:MELON"": 21, ""BUY_SEED:STRAWBERRY"": 44, ""BUY_SEED:WHEAT"": 66, ""SELL:CARROT"": 13, ""SELL:EGG"": 8, ""SELL:FERTILIZER"": 445, ""SELL:MELON"": 224, ""SELL:MILK"": 556, ""SELL:STRAWBERRY"": 636, ""SELL:TOMATO"": 4, ""SELL:WHEAT"": 1108, ""SELL:WOOL"": 373}",conservative,v18,608,62,133,133,0,42,0,49,383,257,1,145,15,11,conservative,718,"{""MILK"": {""base"": 3, ""carried_value"": 603, ""chosen"": 1, ""deferred"": 1, ""gain"": 168.9429, ""opponent_future"": 16.0, ""opponent_now"": 0.0, ""released"": 1, ""residual_value"": 3968.0, ""step"": 716}, ""WOOL"": {""base"": 12, ""carried_value"": 2904, ""chosen"": 12, ""deferred"": 0, ""gain"": 0.0, ""opponent_future"": 6.6667, ""opponent_now"": 0.0, ""released"": 0, ""residual_value"": 0.0, ""step"": 715}}","{""MILK"": 1, ""WOOL"": 0}","[{""chosen"": {""WOOL"": 6}, ""pending"": {""WOOL"": 0}, ""step"": 280}, {""chosen"": {""MILK"": 12}, ""pending"": {""MILK"": 0, ""WOOL"": 0}, ""step"": 294}, {""chosen"": {""MILK"": 3}, ""pending"": {""MILK"": 0, ""WOOL"": 0}, ""step"": 343}, {""chosen"": {""WOOL"": 4}, ""pending"": {""MILK"": 0, ""WOOL"": 0}, ""step"": 365}, {""chosen"": {""MILK"": 9}, ""pending"": {""MILK"": 0, ""WOOL"": 0}, ""step"": 367}, {""chosen"": {""MILK"": 9}, ""pending"": {""MILK"": 0, ""WOOL"": 0}, ""step"": 387}, {""chosen"": {""MILK"": 9}, ""pending"": {""MILK"": 0, ""WOOL"": 0}, ""step"": 409}, {""chosen"": {""MILK"": 8}, ""pending"": {""MILK"": 0, ""WOOL"": 0}, ""step"": 438}, {""chosen"": {""MILK"": 5}, ""pending"": {""MILK"": 0, ""WOOL"": 0}, ""step"": 439}, {""chosen"": {""MILK"": 4}, ""pending"": {""MILK"": 0, ""WOOL"": 0}, ""step"": 440}, {""chosen"": {""MILK"": 9}, ""pending"": {""MILK"": 0, ""WOOL"": 0}, ""step"": 471}, {""chosen"": {""MILK"": 15}, ""pending"": {""MILK"": 0, ""WOOL"": 0}, ""step"": 484}, {""chosen"": {""MILK"": 15}, ""pending"": {""MILK"": 0, ""WOOL"": 0}, ""step"": 485}, {""chosen"": {""MILK"": 2}, ""pending"": {""MILK"": 0, ""WOOL"": 0}, ""step"": 521}, {""chosen"": {""MILK"": 2}, ""pending"": {""MILK"": 0, ""WOOL"": 0}, ""step"": 524}, {""chosen"": {""MILK"": 15}, ""pending"": {""MILK"": 0, ""WOOL"": 0}, ""step"": 536}, {""chosen"": {""MILK"": 19, ""WOOL"": 24}, ""pending"": {""MILK"": 0, ""WOOL"": 0}, ""step"": 537}, {""chosen"": {""MILK"": 4}, ""pending"": {""MILK"": 0, ""WOOL"": 0}, ""step"": 565}, {""chosen"": {""MILK"": 4, ""WOOL"": 3}, ""pending"": {""MILK"": 0, ""WOOL"": 0}, ""step"": 566}, {""chosen"": {""MILK"": 2}, ""pending"": {""MILK"": 0, ""WOOL"": 0}, ""step"": 572}, {""chosen"": {""MILK"": 12}, ""pending"": {""MILK"": 0, ""WOOL"": 0}, ""step"": 573}, {""chosen"": {""MILK"": 6}, ""pending"": {""MILK"": 0, ""WOOL"": 0}, ""step"": 607}, {""chosen"": {""MILK"": 15}, ""pending"": {""MILK"": 0, ""WOOL"": 0}, ""step"": 608}, {""chosen"": {""MILK"": 9}, ""pending"": {""MILK"": 0, ""WOOL"": 0}, ""step"": 609}, {""chosen"": {""WOOL"": 1}, ""pending"": {""MILK"": 0, ""WOOL"": 0}, ""step"": 625}, {""chosen"": {""WOOL"": 2}, ""pending"": {""MILK"": 0, ""WOOL"": 0}, ""step"": 627}, {""chosen"": {""MILK"": 15}, ""pending"": {""MILK"": 0, ""WOOL"": 0}, ""step"": 633}, {""chosen"": {""MILK"": 30}, ""pending"": {""MILK"": 0, ""WOOL"": 0}, ""step"": 637}, {""chosen"": {""MILK"": 0}, ""pending"": {""MILK"": 1, ""WOOL"": 0}, ""step"": 656}, {""chosen"": {""MILK"": 0, ""WOOL"": 1}, ""pending"": {""MILK"": 1, ""WOOL"": 0}, ""step"": 657}, {""chosen"": {""WOOL"": 1}, ""pending"": {""MILK"": 1, ""WOOL"": 0}, ""step"": 660}, {""chosen"": {""MILK"": 1, ""WOOL"": 1}, ""pending"": {""MILK"": 1, ""WOOL"": 0}, ""step"": 661}, {""chosen"": {""MILK"": 1}, ""pending"": {""MILK"": 1, ""WOOL"": 0}, ""step"": 667}, {""chosen"": {""MILK"": 1}, ""pending"": {""MILK"": 1, ""WOOL"": 0}, ""step"": 670}, {""chosen"": {""MILK"": 1}, ""pending"": {""MILK"": 1, ""WOOL"": 0}, ""step"": 673}, {""chosen"": {""MILK"": 1}, ""pending"": {""MILK"": 1, ""WOOL"": 0}, ""step"": 674}, {""chosen"": {""MILK"": 1}, ""pending"": {""MILK"": 1, ""WOOL"": 0}, ""step"": 678}, {""chosen"": {""MILK"": 1}, ""pending"": {""MILK"": 1, ""WOOL"": 0}, ""step"": 685}, {""chosen"": {""MILK"": 1}, ""pending"": {""MILK"": 1, ""WOOL"": 0}, ""step"": 686}, {""chosen"": {""MILK"": 1}, ""pending"": {""MILK"": 1, ""WOOL"": 0}, ""step"": 698}, {""chosen"": {""WOOL"": 22}, ""pending"": {""MILK"": 1, ""WOOL"": 0}, ""step"": 699}, {""chosen"": {""MILK"": 1}, ""pending"": {""MILK"": 1, ""WOOL"": 0}, ""step"": 702}, {""chosen"": {""MILK"": 1, ""WOOL"": 24}, ""pending"": {""MILK"": 1, ""WOOL"": 0}, ""step"": 703}, {""chosen"": {""WOOL"": 12}, ""pending"": {""MILK"": 1, ""WOOL"": 0}, ""step"": 709}, {""chosen"": {""MILK"": 10}, ""pending"": {""MILK"": 0, ""WOOL"": 0}, ""step"": 710}, {""chosen"": {""MILK"": 0, ""WOOL"": 20}, ""pending"": {""MILK"": 1, ""WOOL"": 0}, ""step"": 712}, {""chosen"": {""MILK"": 1}, ""pending"": {""MILK"": 1, ""WOOL"": 0}, ""step"": 713}, {""chosen"": {""MILK"": 1, ""WOOL"": 12}, ""pending"": {""MILK"": 1, ""WOOL"": 0}, ""step"": 715}, {""chosen"": {""MILK"": 1}, ""pending"": {""MILK"": 1, ""WOOL"": 0}, ""step"": 716}]",0,0,18,128,18
317,0,132954.0,132652.0,302.0,win,DONE,DONE,1,4.063160399964545,0,0,0,0,719,0,0,0.0304,2.17134,6.585296000000017,9.9075,"{""BUILD_PASTURE"": 14, ""CARE"": 308, ""COLLECT_FERTILIZER"": 318, ""DIG"": 25, ""DROP"": 80, ""EAST"": 857, ""FEED"": 319, ""FERTILIZE"": 107, ""HARVEST"": 338, ""NORTH"": 1236, ""PASS"": 377, ""PICKUP"": 339, ""PLACE"": 27, ""PLANT"": 131, ""SOUTH"": 929, ""WATER"": 851, ""WEST"": 1098}","{""BUY_ANIMAL"": 14, ""BUY_LAND"": 2, ""BUY_PRODUCT"": 279, ""BUY_SEED"": 54, ""HIRE"": 306, ""SELL"": 448}","{""BUY_ANIMAL:COW"": 8, ""BUY_ANIMAL:SHEEP"": 6, ""BUY_PRODUCT:WHEAT"": 967, ""BUY_SEED:MELON"": 21, ""BUY_SEED:STRAWBERRY"": 44, ""BUY_SEED:WHEAT"": 66, ""SELL:CARROT"": 13, ""SELL:EGG"": 8, ""SELL:FERTILIZER"": 437, ""SELL:MELON"": 224, ""SELL:MILK"": 614, ""SELL:STRAWBERRY"": 567, ""SELL:TOMATO"": 4, ""SELL:WHEAT"": 1108, ""SELL:WOOL"": 307}",conservative,v18,621,54,173,126,0,67,6,44,292,292,0,113,0,11,conservative,718,"{""MILK"": {""base"": 3, ""carried_value"": 768, ""chosen"": 3, ""deferred"": 0, ""gain"": 0.0, ""opponent_future"": 16.0, ""opponent_now"": 0.0, ""released"": 0, ""residual_value"": 0.0, ""step"": 716}, ""WOOL"": {""base"": 12, ""carried_value"": 2712, ""chosen"": 12, ""deferred"": 0, ""gain"": 0.0, ""opponent_future"": 6.6667, ""opponent_now"": 0.0, ""released"": 0, ""residual_value"": 0.0, ""step"": 715}}","{""MILK"": 0, ""WOOL"": 0}","[{""chosen"": {""WOOL"": 6}, ""pending"": {""WOOL"": 0}, ""step"": 280}, {""chosen"": {""MILK"": 9}, ""pending"": {""MILK"": 0, ""WOOL"": 0}, ""step"": 293}, {""chosen"": {""WOOL"": 6}, ""pending"": {""MILK"": 0, ""WOOL"": 0}, ""step"": 354}, {""chosen"": {""WOOL"": 7}, ""pending"": {""MILK"": 0, ""WOOL"": 0}, ""step"": 358}, {""chosen"": {""WOOL"": 4}, ""pending"": {""MILK"": 0, ""WOOL"": 0}, ""step"": 365}, {""chosen"": {""MILK"": 9, ""WOOL"": 4}, ""pending"": {""MILK"": 0, ""WOOL"": 0}, ""step"": 366}, {""chosen"": {""MILK"": 9}, ""pending"": {""MILK"": 0, ""WOOL"": 0}, ""step"": 386}, {""chosen"": {""WOOL"": 3}, ""pending"": {""MILK"": 0, ""WOOL"": 0}, ""step"": 424}, {""chosen"": {""WOOL"": 2}, ""pending"": {""MILK"": 0, ""WOOL"": 0}, ""step"": 449}, {""chosen"": {""MILK"": 12}, ""pending"": {""MILK"": 0, ""WOOL"": 0}, ""step"": 475}, {""chosen"": {""MILK"": 15}, ""pending"": {""MILK"": 0, ""WOOL"": 0}, ""step"": 536}, {""chosen"": {""WOOL"": 24}, ""pending"": {""MILK"": 0, ""WOOL"": 0}, ""step"": 538}, {""chosen"": {""MILK"": 4}, ""pending"": {""MILK"": 0, ""WOOL"": 0}, ""step"": 565}, {""chosen"": {""MILK"": 1}, ""pending"": {""MILK"": 0, ""WOOL"": 0}, ""step"": 569}, {""chosen"": {""MILK"": 6}, ""pending"": {""MILK"": 0, ""WOOL"": 0}, ""step"": 607}, {""chosen"": {""MILK"": 9}, ""pending"": {""MILK"": 0, ""WOOL"": 0}, ""step"": 609}, {""chosen"": {""MILK"": 9, ""WOOL"": 8}, ""pending"": {""MILK"": 0, ""WOOL"": 1}, ""step"": 613}, {""chosen"": {""WOOL"": 3}, ""pending"": {""MILK"": 0, ""WOOL"": 1}, ""step"": 616}, {""chosen"": {""MILK"": 14, ""WOOL"": 0}, ""pending"": {""MILK"": 0, ""WOOL"": 1}, ""step"": 617}, {""chosen"": {""WOOL"": 2}, ""pending"": {""MILK"": 0, ""WOOL"": 0}, ""step"": 625}, {""chosen"": {""WOOL"": 2}, ""pending"": {""MILK"": 0, ""WOOL"": 0}, ""step"": 627}, {""chosen"": {""MILK"": 15}, ""pending"": {""MILK"": 0, ""WOOL"": 0}, ""step"": 633}, {""chosen"": {""MILK"": 30}, ""pending"": {""MILK"": 0, ""WOOL"": 0}, ""step"": 637}, {""chosen"": {""MILK"": 9}, ""pending"": {""MILK"": 0, ""WOOL"": 0}, ""step"": 656}, {""chosen"": {""MILK"": 9, ""WOOL"": 0}, ""pending"": {""MILK"": 0, ""WOOL"": 1}, ""step"": 657}, {""chosen"": {""WOOL"": 1}, ""pending"": {""MILK"": 0, ""WOOL"": 1}, ""step"": 660}, {""chosen"": {""MILK"": 10, ""WOOL"": 1}, ""pending"": {""MILK"": 0, ""WOOL"": 1}, ""step"": 661}, {""chosen"": {""MILK"": 4}, ""pending"": {""MILK"": 0, ""WOOL"": 1}, ""step"": 667}, {""chosen"": {""MILK"": 15}, ""pending"": {""MILK"": 0, ""WOOL"": 1}, ""step"": 670}, {""chosen"": {""MILK"": 12}, ""pending"": {""MILK"": 0, ""WOOL"": 1}, ""step"": 673}, {""chosen"": {""MILK"": 8}, ""pending"": {""MILK"": 0, ""WOOL"": 1}, ""step"": 674}, {""chosen"": {""MILK"": 8}, ""pending"": {""MILK"": 0, ""WOOL"": 1}, ""step"": 678}, {""chosen"": {""MILK"": 9}, ""pending"": {""MILK"": 0, ""WOOL"": 1}, ""step"": 685}, {""chosen"": {""MILK"": 13}, ""pending"": {""MILK"": 0, ""WOOL"": 1}, ""step"": 686}, {""chosen"": {""MILK"": 9}, ""pending"": {""MILK"": 0, ""WOOL"": 1}, ""step"": 698}, {""chosen"": {""WOOL"": 1}, ""pending"": {""MILK"": 0, ""WOOL"": 1}, ""step"": 699}, {""chosen"": {""MILK"": 11}, ""pending"": {""MILK"": 0, ""WOOL"": 1}, ""step"": 702}, {""chosen"": {""MILK"": 3, ""WOOL"": 7}, ""pending"": {""MILK"": 0, ""WOOL"": 1}, ""step"": 703}, {""chosen"": {""WOOL"": 13}, ""pending"": {""MILK"": 0, ""WOOL"": 0}, ""step"": 709}, {""chosen"": {""MILK"": 9}, ""pending"": {""MILK"": 0, ""WOOL"": 0}, ""step"": 710}, {""chosen"": {""MILK"": 12, ""WOOL"": 20}, ""pending"": {""MILK"": 0, ""WOOL"": 0}, ""step"": 712}, {""chosen"": {""MILK"": 3}, ""pending"": {""MILK"": 0, ""WOOL"": 0}, ""step"": 713}, {""chosen"": {""MILK"": 3, ""WOOL"": 12}, ""pending"": {""MILK"": 0, ""WOOL"": 0}, ""step"": 715}, {""chosen"": {""MILK"": 3}, ""pending"": {""MILK"": 0, ""WOOL"": 0}, ""step"": 716}]",0,0,7,51,7
317,1,133095.0,132511.0,584.0,win,DONE,DONE,1,4.017136300040875,0,0,0,0,719,0,0,0.0255,2.0490400000000006,6.1767660000000095,9.8439,"{""BUILD_PASTURE"": 14, ""CARE"": 308, ""COLLECT_FERTILIZER"": 318, ""DIG"": 25, ""DROP"": 80, ""EAST"": 857, ""FEED"": 319, ""FERTILIZE"": 107, ""HARVEST"": 338, ""NORTH"": 1236, ""PASS"": 377, ""PICKUP"": 339, ""PLACE"": 27, ""PLANT"": 131, ""SOUTH"": 929, ""WATER"": 851, ""WEST"": 1098}","{""BUY_ANIMAL"": 14, ""BUY_LAND"": 2, ""BUY_PRODUCT"": 279, ""BUY_SEED"": 54, ""HIRE"": 306, ""SELL"": 448}","{""BUY_ANIMAL:COW"": 8, ""BUY_ANIMAL:SHEEP"": 6, ""BUY_PRODUCT:WHEAT"": 967, ""BUY_SEED:MELON"": 21, ""BUY_SEED:STRAWBERRY"": 44, ""BUY_SEED:WHEAT"": 66, ""SELL:CARROT"": 13, ""SELL:EGG"": 8, ""SELL:FERTILIZER"": 437, ""SELL:MELON"": 224, ""SELL:MILK"": 614, ""SELL:STRAWBERRY"": 567, ""SELL:TOMATO"": 4, ""SELL:WHEAT"": 1108, ""SELL:WOOL"": 307}",conservative,v18,621,54,173,126,0,67,6,44,292,292,0,113,0,11,conservative,718,"{""MILK"": {""base"": 3, ""carried_value"": 768, ""chosen"": 3, ""deferred"": 0, ""gain"": 0.0, ""opponent_future"": 16.0, ""opponent_now"": 0.0, ""released"": 0, ""residual_value"": 0.0, ""step"": 716}, ""WOOL"": {""base"": 12, ""carried_value"": 2712, ""chosen"": 12, ""deferred"": 0, ""gain"": 0.0, ""opponent_future"": 6.6667, ""opponent_now"": 0.0, ""released"": 0, ""residual_value"": 0.0, ""step"": 715}}","{""MILK"": 0, ""WOOL"": 0}","[{""chosen"": {""WOOL"": 6}, ""pending"": {""WOOL"": 0}, ""step"": 280}, {""chosen"": {""MILK"": 9}, ""pending"": {""MILK"": 0, ""WOOL"": 0}, ""step"": 293}, {""chosen"": {""WOOL"": 6}, ""pending"": {""MILK"": 0, ""WOOL"": 0}, ""step"": 354}, {""chosen"": {""WOOL"": 7}, ""pending"": {""MILK"": 0, ""WOOL"": 0}, ""step"": 358}, {""chosen"": {""WOOL"": 4}, ""pending"": {""MILK"": 0, ""WOOL"": 0}, ""step"": 365}, {""chosen"": {""MILK"": 9, ""WOOL"": 4}, ""pending"": {""MILK"": 0, ""WOOL"": 0}, ""step"": 366}, {""chosen"": {""MILK"": 9}, ""pending"": {""MILK"": 0, ""WOOL"": 0}, ""step"": 386}, {""chosen"": {""WOOL"": 3}, ""pending"": {""MILK"": 0, ""WOOL"": 0}, ""step"": 424}, {""chosen"": {""WOOL"": 2}, ""pending"": {""MILK"": 0, ""WOOL"": 0}, ""step"": 449}, {""chosen"": {""MILK"": 12}, ""pending"": {""MILK"": 0, ""WOOL"": 0}, ""step"": 475}, {""chosen"": {""MILK"": 15}, ""pending"": {""MILK"": 0, ""WOOL"": 0}, ""step"": 536}, {""chosen"": {""WOOL"": 24}, ""pending"": {""MILK"": 0, ""WOOL"": 0}, ""step"": 538}, {""chosen"": {""MILK"": 4}, ""pending"": {""MILK"": 0, ""WOOL"": 0}, ""step"": 565}, {""chosen"": {""MILK"": 1}, ""pending"": {""MILK"": 0, ""WOOL"": 0}, ""step"": 569}, {""chosen"": {""MILK"": 6}, ""pending"": {""MILK"": 0, ""WOOL"": 0}, ""step"": 607}, {""chosen"": {""MILK"": 9}, ""pending"": {""MILK"": 0, ""WOOL"": 0}, ""step"": 609}, {""chosen"": {""MILK"": 9, ""WOOL"": 8}, ""pending"": {""MILK"": 0, ""WOOL"": 1}, ""step"": 613}, {""chosen"": {""WOOL"": 3}, ""pending"": {""MILK"": 0, ""WOOL"": 1}, ""step"": 616}, {""chosen"": {""MILK"": 14, ""WOOL"": 0}, ""pending"": {""MILK"": 0, ""WOOL"": 1}, ""step"": 617}, {""chosen"": {""WOOL"": 2}, ""pending"": {""MILK"": 0, ""WOOL"": 0}, ""step"": 625}, {""chosen"": {""WOOL"": 2}, ""pending"": {""MILK"": 0, ""WOOL"": 0}, ""step"": 627}, {""chosen"": {""MILK"": 15}, ""pending"": {""MILK"": 0, ""WOOL"": 0}, ""step"": 633}, {""chosen"": {""MILK"": 30}, ""pending"": {""MILK"": 0, ""WOOL"": 0}, ""step"": 637}, {""chosen"": {""MILK"": 9}, ""pending"": {""MILK"": 0, ""WOOL"": 0}, ""step"": 656}, {""chosen"": {""MILK"": 9, ""WOOL"": 0}, ""pending"": {""MILK"": 0, ""WOOL"": 1}, ""step"": 657}, {""chosen"": {""WOOL"": 1}, ""pending"": {""MILK"": 0, ""WOOL"": 1}, ""step"": 660}, {""chosen"": {""MILK"": 10, ""WOOL"": 1}, ""pending"": {""MILK"": 0, ""WOOL"": 1}, ""step"": 661}, {""chosen"": {""MILK"": 4}, ""pending"": {""MILK"": 0, ""WOOL"": 1}, ""step"": 667}, {""chosen"": {""MILK"": 15}, ""pending"": {""MILK"": 0, ""WOOL"": 1}, ""step"": 670}, {""chosen"": {""MILK"": 12}, ""pending"": {""MILK"": 0, ""WOOL"": 1}, ""step"": 673}, {""chosen"": {""MILK"": 8}, ""pending"": {""MILK"": 0, ""WOOL"": 1}, ""step"": 674}, {""chosen"": {""MILK"": 8}, ""pending"": {""MILK"": 0, ""WOOL"": 1}, ""step"": 678}, {""chosen"": {""MILK"": 9}, ""pending"": {""MILK"": 0, ""WOOL"": 1}, ""step"": 685}, {""chosen"": {""MILK"": 13}, ""pending"": {""MILK"": 0, ""WOOL"": 1}, ""step"": 686}, {""chosen"": {""MILK"": 9}, ""pending"": {""MILK"": 0, ""WOOL"": 1}, ""step"": 698}, {""chosen"": {""WOOL"": 1}, ""pending"": {""MILK"": 0, ""WOOL"": 1}, ""step"": 699}, {""chosen"": {""MILK"": 11}, ""pending"": {""MILK"": 0, ""WOOL"": 1}, ""step"": 702}, {""chosen"": {""MILK"": 3, ""WOOL"": 7}, ""pending"": {""MILK"": 0, ""WOOL"": 1}, ""step"": 703}, {""chosen"": {""WOOL"": 13}, ""pending"": {""MILK"": 0, ""WOOL"": 0}, ""step"": 709}, {""chosen"": {""MILK"": 9}, ""pending"": {""MILK"": 0, ""WOOL"": 0}, ""step"": 710}, {""chosen"": {""MILK"": 12, ""WOOL"": 20}, ""pending"": {""MILK"": 0, ""WOOL"": 0}, ""step"": 712}, {""chosen"": {""MILK"": 3}, ""pending"": {""MILK"": 0, ""WOOL"": 0}, ""step"": 713}, {""chosen"": {""MILK"": 3, ""WOOL"": 12}, ""pending"": {""MILK"": 0, ""WOOL"": 0}, ""step"": 715}, {""chosen"": {""MILK"": 3}, ""pending"": {""MILK"": 0, ""WOOL"": 0}, ""step"": 716}]",0,0,7,51,7
733,0,127218.0,127149.0,69.0,win,DONE,DONE,1,4.1906950999982655,0,0,0,0,719,0,0,0.0274,2.382360000000002,6.793260000000031,9.7937,"{""BUILD_PASTURE"": 14, ""CARE"": 308, ""COLLECT_FERTILIZER"": 318, ""DIG"": 25, ""DROP"": 80, ""EAST"": 857, ""FEED"": 319, ""FERTILIZE"": 107, ""HARVEST"": 338, ""NORTH"": 1236, ""PASS"": 377, ""PICKUP"": 339, ""PLACE"": 27, ""PLANT"": 131, ""SOUTH"": 929, ""WATER"": 851, ""WEST"": 1098}","{""BUY_ANIMAL"": 14, ""BUY_LAND"": 2, ""BUY_PRODUCT"": 279, ""BUY_SEED"": 54, ""HIRE"": 306, ""SELL"": 444}","{""BUY_ANIMAL:COW"": 8, ""BUY_ANIMAL:SHEEP"": 6, ""BUY_PRODUCT:WHEAT"": 967, ""BUY_SEED:MELON"": 21, ""BUY_SEED:STRAWBERRY"": 44, ""BUY_SEED:WHEAT"": 66, ""SELL:CARROT"": 13, ""SELL:EGG"": 8, ""SELL:FERTILIZER"": 437, ""SELL:MELON"": 224, ""SELL:MILK"": 523, ""SELL:STRAWBERRY"": 567, ""SELL:TOMATO"": 4, ""SELL:WHEAT"": 1108, ""SELL:WOOL"": 344}",conservative,v18,621,46,200,190,0,60,2,52,381,290,0,138,9,11,conservative,718,"{""MILK"": {""base"": 3, ""carried_value"": 663, ""chosen"": 3, ""deferred"": 0, ""gain"": 0.0, ""opponent_future"": 16.0, ""opponent_now"": 0.0, ""released"": 0, ""residual_value"": 0.0, ""step"": 716}, ""WOOL"": {""base"": 12, ""carried_value"": 2772, ""chosen"": 12, ""deferred"": 0, ""gain"": 0.0, ""opponent_future"": 6.6667, ""opponent_now"": 0.0, ""released"": 0, ""residual_value"": 0.0, ""step"": 715}}","{""MILK"": 0, ""WOOL"": 0}","[{""chosen"": {""WOOL"": 6}, ""pending"": {""WOOL"": 0}, ""step"": 280}, {""chosen"": {""MILK"": 9}, ""pending"": {""MILK"": 0, ""WOOL"": 0}, ""step"": 293}, {""chosen"": {""MILK"": 12}, ""pending"": {""MILK"": 0, ""WOOL"": 0}, ""step"": 294}, {""chosen"": {""WOOL"": 6}, ""pending"": {""MILK"": 0, ""WOOL"": 0}, ""step"": 354}, {""chosen"": {""WOOL"": 7}, ""pending"": {""MILK"": 0, ""WOOL"": 0}, ""step"": 358}, {""chosen"": {""WOOL"": 4}, ""pending"": {""MILK"": 0, ""WOOL"": 0}, ""step"": 365}, {""chosen"": {""MILK"": 9, ""WOOL"": 4}, ""pending"": {""MILK"": 0, ""WOOL"": 0}, ""step"": 366}, {""chosen"": {""MILK"": 9}, ""pending"": {""MILK"": 0, ""WOOL"": 0}, ""step"": 367}, {""chosen"": {""MILK"": 9}, ""pending"": {""MILK"": 0, ""WOOL"": 0}, ""step"": 386}, {""chosen"": {""MILK"": 9}, ""pending"": {""MILK"": 0, ""WOOL"": 0}, ""step"": 387}, {""chosen"": {""MILK"": 9}, ""pending"": {""MILK"": 0, ""WOOL"": 0}, ""step"": 409}, {""chosen"": {""WOOL"": 3}, ""pending"": {""MILK"": 0, ""WOOL"": 0}, ""step"": 424}, {""chosen"": {""WOOL"": 2}, ""pending"": {""MILK"": 0, ""WOOL"": 0}, ""step"": 449}, {""chosen"": {""MILK"": 12}, ""pending"": {""MILK"": 0, ""WOOL"": 0}, ""step"": 475}, {""chosen"": {""MILK"": 15}, ""pending"": {""MILK"": 0, ""WOOL"": 0}, ""step"": 489}, {""chosen"": {""MILK"": 15}, ""pending"": {""MILK"": 0, ""WOOL"": 0}, ""step"": 536}, {""chosen"": {""MILK"": 19, ""WOOL"": 24}, ""pending"": {""MILK"": 0, ""WOOL"": 0}, ""step"": 537}, {""chosen"": {""WOOL"": 24}, ""pending"": {""MILK"": 0, ""WOOL"": 0}, ""step"": 538}, {""chosen"": {""MILK"": 4}, ""pending"": {""MILK"": 0, ""WOOL"": 0}, ""step"": 565}, {""chosen"": {""MILK"": 4, ""WOOL"": 3}, ""pending"": {""MILK"": 0, ""WOOL"": 0}, ""step"": 566}, {""chosen"": {""MILK"": 1}, ""pending"": {""MILK"": 0, ""WOOL"": 0}, ""step"": 569}, {""chosen"": {""MILK"": 6}, ""pending"": {""MILK"": 0, ""WOOL"": 0}, ""step"": 607}, {""chosen"": {""MILK"": 14}, ""pending"": {""MILK"": 1, ""WOOL"": 0}, ""step"": 608}, {""chosen"": {""MILK"": 0}, ""pending"": {""MILK"": 1, ""WOOL"": 0}, ""step"": 609}, {""chosen"": {""MILK"": 7, ""WOOL"": 9}, ""pending"": {""MILK"": 0, ""WOOL"": 0}, ""step"": 612}, {""chosen"": {""WOOL"": 3}, ""pending"": {""MILK"": 0, ""WOOL"": 0}, ""step"": 616}, {""chosen"": {""MILK"": 14, ""WOOL"": 9}, ""pending"": {""MILK"": 0, ""WOOL"": 0}, ""step"": 617}, {""chosen"": {""WOOL"": 1}, ""pending"": {""MILK"": 0, ""WOOL"": 0}, ""step"": 625}, {""chosen"": {""WOOL"": 2}, ""pending"": {""MILK"": 0, ""WOOL"": 0}, ""step"": 627}, {""chosen"": {""MILK"": 0}, ""pending"": {""MILK"": 1, ""WOOL"": 0}, ""step"": 633}, {""chosen"": {""MILK"": 31}, ""pending"": {""MILK"": 0, ""WOOL"": 0}, ""step"": 637}, {""chosen"": {""MILK"": 0}, ""pending"": {""MILK"": 1, ""WOOL"": 0}, ""step"": 656}, {""chosen"": {""MILK"": 0, ""WOOL"": 1}, ""pending"": {""MILK"": 1, ""WOOL"": 0}, ""step"": 657}, {""chosen"": {""WOOL"": 1}, ""pending"": {""MILK"": 1, ""WOOL"": 0}, ""step"": 660}, {""chosen"": {""MILK"": 1, ""WOOL"": 0}, ""pending"": {""MILK"": 1, ""WOOL"": 1}, ""step"": 661}, {""chosen"": {""MILK"": 1}, ""pending"": {""MILK"": 1, ""WOOL"": 1}, ""step"": 667}, {""chosen"": {""MILK"": 1}, ""pending"": {""MILK"": 1, ""WOOL"": 1}, ""step"": 670}, {""chosen"": {""MILK"": 1}, ""pending"": {""MILK"": 1, ""WOOL"": 1}, ""step"": 673}, {""chosen"": {""MILK"": 1}, ""pending"": {""MILK"": 1, ""WOOL"": 1}, ""step"": 674}, {""chosen"": {""MILK"": 1}, ""pending"": {""MILK"": 1, ""WOOL"": 1}, ""step"": 678}, {""chosen"": {""MILK"": 10}, ""pending"": {""MILK"": 0, ""WOOL"": 1}, ""step"": 685}, {""chosen"": {""MILK"": 13}, ""pending"": {""MILK"": 0, ""WOOL"": 1}, ""step"": 686}, {""chosen"": {""MILK"": 9}, ""pending"": {""MILK"": 0, ""WOOL"": 1}, ""step"": 698}, {""chosen"": {""WOOL"": 12}, ""pending"": {""MILK"": 0, ""WOOL"": 1}, ""step"": 699}, {""chosen"": {""MILK"": 11}, ""pending"": {""MILK"": 0, ""WOOL"": 1}, ""step"": 702}, {""chosen"": {""MILK"": 3, ""WOOL"": 25}, ""pending"": {""MILK"": 0, ""WOOL"": 0}, ""step"": 703}, {""chosen"": {""WOOL"": 12}, ""pending"": {""MILK"": 0, ""WOOL"": 0}, ""step"": 709}, {""chosen"": {""MILK"": 9}, ""pending"": {""MILK"": 0, ""WOOL"": 0}, ""step"": 710}, {""chosen"": {""MILK"": 12, ""WOOL"": 20}, ""pending"": {""MILK"": 0, ""WOOL"": 0}, ""step"": 712}, {""chosen"": {""MILK"": 3}, ""pending"": {""MILK"": 0, ""WOOL"": 0}, ""step"": 713}, {""chosen"": {""MILK"": 3, ""WOOL"": 12}, ""pending"": {""MILK"": 0, ""WOOL"": 0}, ""step"": 715}, {""chosen"": {""MILK"": 3}, ""pending"": {""MILK"": 0, ""WOOL"": 0}, ""step"": 716}]",0,0,17,109,16
733,1,127169.0,127197.0,-28.0,loss,DONE,DONE,1,4.153307100001257,0,0,0,0,719,0,0,0.0221,2.1992000000000016,6.414708000000001,9.5322,"{""BUILD_PASTURE"": 14, ""CARE"": 308, ""COLLECT_FERTILIZER"": 318, ""DIG"": 25, ""DROP"": 80, ""EAST"": 857, ""FEED"": 319, ""FERTILIZE"": 107, ""HARVEST"": 338, ""NORTH"": 1236, ""PASS"": 377, ""PICKUP"": 339, ""PLACE"": 27, ""PLANT"": 131, ""SOUTH"": 929, ""WATER"": 851, ""WEST"": 1098}","{""BUY_ANIMAL"": 14, ""BUY_LAND"": 2, ""BUY_PRODUCT"": 279, ""BUY_SEED"": 54, ""HIRE"": 306, ""SELL"": 444}","{""BUY_ANIMAL:COW"": 8, ""BUY_ANIMAL:SHEEP"": 6, ""BUY_PRODUCT:WHEAT"": 967, ""BUY_SEED:MELON"": 21, ""BUY_SEED:STRAWBERRY"": 44, ""BUY_SEED:WHEAT"": 66, ""SELL:CARROT"": 13, ""SELL:EGG"": 8, ""SELL:FERTILIZER"": 437, ""SELL:MELON"": 224, ""SELL:MILK"": 523, ""SELL:STRAWBERRY"": 567, ""SELL:TOMATO"": 4, ""SELL:WHEAT"": 1108, ""SELL:WOOL"": 344}",conservative,v18,621,46,200,190,0,60,2,52,381,290,0,138,9,11,conservative,718,"{""MILK"": {""base"": 3, ""carried_value"": 663, ""chosen"": 3, ""deferred"": 0, ""gain"": 0.0, ""opponent_future"": 16.0, ""opponent_now"": 0.0, ""released"": 0, ""residual_value"": 0.0, ""step"": 716}, ""WOOL"": {""base"": 12, ""carried_value"": 2772, ""chosen"": 12, ""deferred"": 0, ""gain"": 0.0, ""opponent_future"": 6.6667, ""opponent_now"": 0.0, ""released"": 0, ""residual_value"": 0.0, ""step"": 715}}","{""MILK"": 0, ""WOOL"": 0}","[{""chosen"": {""WOOL"": 6}, ""pending"": {""WOOL"": 0}, ""step"": 280}, {""chosen"": {""MILK"": 9}, ""pending"": {""MILK"": 0, ""WOOL"": 0}, ""step"": 293}, {""chosen"": {""MILK"": 12}, ""pending"": {""MILK"": 0, ""WOOL"": 0}, ""step"": 294}, {""chosen"": {""WOOL"": 6}, ""pending"": {""MILK"": 0, ""WOOL"": 0}, ""step"": 354}, {""chosen"": {""WOOL"": 7}, ""pending"": {""MILK"": 0, ""WOOL"": 0}, ""step"": 358}, {""chosen"": {""WOOL"": 4}, ""pending"": {""MILK"": 0, ""WOOL"": 0}, ""step"": 365}, {""chosen"": {""MILK"": 9, ""WOOL"": 4}, ""pending"": {""MILK"": 0, ""WOOL"": 0}, ""step"": 366}, {""chosen"": {""MILK"": 9}, ""pending"": {""MILK"": 0, ""WOOL"": 0}, ""step"": 367}, {""chosen"": {""MILK"": 9}, ""pending"": {""MILK"": 0, ""WOOL"": 0}, ""step"": 386}, {""chosen"": {""MILK"": 9}, ""pending"": {""MILK"": 0, ""WOOL"": 0}, ""step"": 387}, {""chosen"": {""MILK"": 9}, ""pending"": {""MILK"": 0, ""WOOL"": 0}, ""step"": 409}, {""chosen"": {""WOOL"": 3}, ""pending"": {""MILK"": 0, ""WOOL"": 0}, ""step"": 424}, {""chosen"": {""WOOL"": 2}, ""pending"": {""MILK"": 0, ""WOOL"": 0}, ""step"": 449}, {""chosen"": {""MILK"": 12}, ""pending"": {""MILK"": 0, ""WOOL"": 0}, ""step"": 475}, {""chosen"": {""MILK"": 15}, ""pending"": {""MILK"": 0, ""WOOL"": 0}, ""step"": 489}, {""chosen"": {""MILK"": 15}, ""pending"": {""MILK"": 0, ""WOOL"": 0}, ""step"": 536}, {""chosen"": {""MILK"": 19, ""WOOL"": 24}, ""pending"": {""MILK"": 0, ""WOOL"": 0}, ""step"": 537}, {""chosen"": {""WOOL"": 24}, ""pending"": {""MILK"": 0, ""WOOL"": 0}, ""step"": 538}, {""chosen"": {""MILK"": 4}, ""pending"": {""MILK"": 0, ""WOOL"": 0}, ""step"": 565}, {""chosen"": {""MILK"": 4, ""WOOL"": 3}, ""pending"": {""MILK"": 0, ""WOOL"": 0}, ""step"": 566}, {""chosen"": {""MILK"": 1}, ""pending"": {""MILK"": 0, ""WOOL"": 0}, ""step"": 569}, {""chosen"": {""MILK"": 6}, ""pending"": {""MILK"": 0, ""WOOL"": 0}, ""step"": 607}, {""chosen"": {""MILK"": 14}, ""pending"": {""MILK"": 1, ""WOOL"": 0}, ""step"": 608}, {""chosen"": {""MILK"": 0}, ""pending"": {""MILK"": 1, ""WOOL"": 0}, ""step"": 609}, {""chosen"": {""MILK"": 7, ""WOOL"": 9}, ""pending"": {""MILK"": 0, ""WOOL"": 0}, ""step"": 612}, {""chosen"": {""WOOL"": 3}, ""pending"": {""MILK"": 0, ""WOOL"": 0}, ""step"": 616}, {""chosen"": {""MILK"": 14, ""WOOL"": 9}, ""pending"": {""MILK"": 0, ""WOOL"": 0}, ""step"": 617}, {""chosen"": {""WOOL"": 1}, ""pending"": {""MILK"": 0, ""WOOL"": 0}, ""step"": 625}, {""chosen"": {""WOOL"": 2}, ""pending"": {""MILK"": 0, ""WOOL"": 0}, ""step"": 627}, {""chosen"": {""MILK"": 0}, ""pending"": {""MILK"": 1, ""WOOL"": 0}, ""step"": 633}, {""chosen"": {""MILK"": 31}, ""pending"": {""MILK"": 0, ""WOOL"": 0}, ""step"": 637}, {""chosen"": {""MILK"": 0}, ""pending"": {""MILK"": 1, ""WOOL"": 0}, ""step"": 656}, {""chosen"": {""MILK"": 0, ""WOOL"": 1}, ""pending"": {""MILK"": 1, ""WOOL"": 0}, ""step"": 657}, {""chosen"": {""WOOL"": 1}, ""pending"": {""MILK"": 1, ""WOOL"": 0}, ""step"": 660}, {""chosen"": {""MILK"": 1, ""WOOL"": 0}, ""pending"": {""MILK"": 1, ""WOOL"": 1}, ""step"": 661}, {""chosen"": {""MILK"": 1}, ""pending"": {""MILK"": 1, ""WOOL"": 1}, ""step"": 667}, {""chosen"": {""MILK"": 1}, ""pending"": {""MILK"": 1, ""WOOL"": 1}, ""step"": 670}, {""chosen"": {""MILK"": 1}, ""pending"": {""MILK"": 1, ""WOOL"": 1}, ""step"": 673}, {""chosen"": {""MILK"": 1}, ""pending"": {""MILK"": 1, ""WOOL"": 1}, ""step"": 674}, {""chosen"": {""MILK"": 1}, ""pending"": {""MILK"": 1, ""WOOL"": 1}, ""step"": 678}, {""chosen"": {""MILK"": 10}, ""pending"": {""MILK"": 0, ""WOOL"": 1}, ""step"": 685}, {""chosen"": {""MILK"": 13}, ""pending"": {""MILK"": 0, ""WOOL"": 1}, ""step"": 686}, {""chosen"": {""MILK"": 9}, ""pending"": {""MILK"": 0, ""WOOL"": 1}, ""step"": 698}, {""chosen"": {""WOOL"": 12}, ""pending"": {""MILK"": 0, ""WOOL"": 1}, ""step"": 699}, {""chosen"": {""MILK"": 11}, ""pending"": {""MILK"": 0, ""WOOL"": 1}, ""step"": 702}, {""chosen"": {""MILK"": 3, ""WOOL"": 25}, ""pending"": {""MILK"": 0, ""WOOL"": 0}, ""step"": 703}, {""chosen"": {""WOOL"": 12}, ""pending"": {""MILK"": 0, ""WOOL"": 0}, ""step"": 709}, {""chosen"": {""MILK"": 9}, ""pending"": {""MILK"": 0, ""WOOL"": 0}, ""step"": 710}, {""chosen"": {""MILK"": 12, ""WOOL"": 20}, ""pending"": {""MILK"": 0, ""WOOL"": 0}, ""step"": 712}, {""chosen"": {""MILK"": 3}, ""pending"": {""MILK"": 0, ""WOOL"": 0}, ""step"": 713}, {""chosen"": {""MILK"": 3, ""WOOL"": 12}, ""pending"": {""MILK"": 0, ""WOOL"": 0}, ""step"": 715}, {""chosen"": {""MILK"": 3}, ""pending"": {""MILK"": 0, ""WOOL"": 0}, ""step"": 716}]",0,0,17,109,16
17,0,122407.0,110308.0,12099.0,win,DONE,DONE,1,3.9678313999902457,0,0,0,0,719,0,20,0.0288,1.888060000000001,6.2789700000000295,138.483,"{""BUILD_PASTURE"": 14, ""CARE"": 308, ""COLLECT_FERTILIZER"": 318, ""DIG"": 25, ""DROP"": 80, ""EAST"": 857, ""FEED"": 319, ""FERTILIZE"": 107, ""HARVEST"": 338, ""NORTH"": 1236, ""PASS"": 377, ""PICKUP"": 339, ""PLACE"": 27, ""PLANT"": 131, ""SOUTH"": 929, ""WATER"": 851, ""WEST"": 1098}","{""BUY_ANIMAL"": 14, ""BUY_LAND"": 2, ""BUY_PRODUCT"": 279, ""BUY_SEED"": 54, ""HIRE"": 306, ""SELL"": 478}","{""BUY_ANIMAL:COW"": 8, ""BUY_ANIMAL:SHEEP"": 6, ""BUY_PRODUCT:WHEAT"": 967, ""BUY_SEED:MELON"": 21, ""BUY_SEED:STRAWBERRY"": 44, ""BUY_SEED:WHEAT"": 66, ""SELL:CARROT"": 13, ""SELL:EGG"": 8, ""SELL:FERTILIZER"": 445, ""SELL:MELON"": 224, ""SELL:MILK"": 646, ""SELL:STRAWBERRY"": 636, ""SELL:TOMATO"": 4, ""SELL:WHEAT"": 1108, ""SELL:WOOL"": 352}",conservative,hamburger,608,64,161,140,0,56,4,47,275,239,0,123,6,11,conservative,718,"{""MILK"": {""base"": 3, ""carried_value"": 717, ""chosen"": 3, ""deferred"": 0, ""gain"": 0.0, ""opponent_future"": 16.0, ""opponent_now"": 0.0, ""released"": 0, ""residual_value"": 0.0, ""step"": 716}, ""WOOL"": {""base"": 12, ""carried_value"": 1840, ""chosen"": 12, ""deferred"": 0, ""gain"": 0.0, ""opponent_future"": 6.6667, ""opponent_now"": 0.0, ""released"": 0, ""residual_value"": 0.0, ""step"": 715}}","{""MILK"": 0, ""WOOL"": 0}","[{""chosen"": {""WOOL"": 6}, ""pending"": {""WOOL"": 0}, ""step"": 280}, {""chosen"": {""MILK"": 12}, ""pending"": {""MILK"": 0, ""WOOL"": 0}, ""step"": 294}, {""chosen"": {""MILK"": 2}, ""pending"": {""MILK"": 0, ""WOOL"": 0}, ""step"": 308}, {""chosen"": {""WOOL"": 7}, ""pending"": {""MILK"": 0, ""WOOL"": 0}, ""step"": 358}, {""chosen"": {""WOOL"": 4}, ""pending"": {""MILK"": 0, ""WOOL"": 0}, ""step"": 365}, {""chosen"": {""MILK"": 9}, ""pending"": {""MILK"": 0, ""WOOL"": 0}, ""step"": 367}, {""chosen"": {""MILK"": 9}, ""pending"": {""MILK"": 0, ""WOOL"": 0}, ""step"": 409}, {""chosen"": {""MILK"": 3}, ""pending"": {""MILK"": 0, ""WOOL"": 0}, ""step"": 437}, {""chosen"": {""WOOL"": 2}, ""pending"": {""MILK"": 0, ""WOOL"": 0}, ""step"": 448}, {""chosen"": {""WOOL"": 2}, ""pending"": {""MILK"": 0, ""WOOL"": 0}, ""step"": 449}, {""chosen"": {""MILK"": 6}, ""pending"": {""MILK"": 0, ""WOOL"": 0}, ""step"": 450}, {""chosen"": {""WOOL"": 4}, ""pending"": {""MILK"": 0, ""WOOL"": 0}, ""step"": 457}, {""chosen"": {""WOOL"": 1}, ""pending"": {""MILK"": 0, ""WOOL"": 0}, ""step"": 460}, {""chosen"": {""MILK"": 14}, ""pending"": {""MILK"": 1, ""WOOL"": 0}, ""step"": 484}, {""chosen"": {""MILK"": 15}, ""pending"": {""MILK"": 1, ""WOOL"": 0}, ""step"": 485}, {""chosen"": {""MILK"": 16}, ""pending"": {""MILK"": 0, ""WOOL"": 0}, ""step"": 489}, {""chosen"": {""MILK"": 15}, ""pending"": {""MILK"": 0, ""WOOL"": 0}, ""step"": 536}, {""chosen"": {""WOOL"": 24}, ""pending"": {""MILK"": 0, ""WOOL"": 0}, ""step"": 538}, {""chosen"": {""MILK"": 1}, ""pending"": {""MILK"": 0, ""WOOL"": 0}, ""step"": 569}, {""chosen"": {""MILK"": 2}, ""pending"": {""MILK"": 0, ""WOOL"": 0}, ""step"": 572}, {""chosen"": {""MILK"": 6}, ""pending"": {""MILK"": 0, ""WOOL"": 0}, ""step"": 607}, {""chosen"": {""WOOL"": 3}, ""pending"": {""MILK"": 0, ""WOOL"": 0}, ""step"": 616}, {""chosen"": {""WOOL"": 1}, ""pending"": {""MILK"": 0, ""WOOL"": 0}, ""step"": 625}, {""chosen"": {""WOOL"": 2}, ""pending"": {""MILK"": 0, ""WOOL"": 0}, ""step"": 627}, {""chosen"": {""WOOL"": 12}, ""pending"": {""MILK"": 0, ""WOOL"": 0}, ""step"": 631}, {""chosen"": {""MILK"": 15}, ""pending"": {""MILK"": 0, ""WOOL"": 0}, ""step"": 633}, {""chosen"": {""MILK"": 0}, ""pending"": {""MILK"": 1, ""WOOL"": 0}, ""step"": 656}, {""chosen"": {""MILK"": 1, ""WOOL"": 0}, ""pending"": {""MILK"": 1, ""WOOL"": 1}, ""step"": 657}, {""chosen"": {""WOOL"": 1}, ""pending"": {""MILK"": 1, ""WOOL"": 1}, ""step"": 660}, {""chosen"": {""MILK"": 1, ""WOOL"": 1}, ""pending"": {""MILK"": 1, ""WOOL"": 1}, ""step"": 661}, {""chosen"": {""MILK"": 1}, ""pending"": {""MILK"": 1, ""WOOL"": 1}, ""step"": 667}, {""chosen"": {""MILK"": 16}, ""pending"": {""MILK"": 0, ""WOOL"": 1}, ""step"": 670}, {""chosen"": {""MILK"": 3}, ""pending"": {""MILK"": 1, ""WOOL"": 1}, ""step"": 673}, {""chosen"": {""MILK"": 9}, ""pending"": {""MILK"": 0, ""WOOL"": 1}, ""step"": 674}, {""chosen"": {""MILK"": 8}, ""pending"": {""MILK"": 0, ""WOOL"": 1}, ""step"": 678}, {""chosen"": {""MILK"": 9}, ""pending"": {""MILK"": 0, ""WOOL"": 1}, ""step"": 685}, {""chosen"": {""MILK"": 13}, ""pending"": {""MILK"": 0, ""WOOL"": 1}, ""step"": 686}, {""chosen"": {""MILK"": 9}, ""pending"": {""MILK"": 0, ""WOOL"": 1}, ""step"": 698}, {""chosen"": {""WOOL"": 1}, ""pending"": {""MILK"": 0, ""WOOL"": 1}, ""step"": 699}, {""chosen"": {""MILK"": 11}, ""pending"": {""MILK"": 0, ""WOOL"": 1}, ""step"": 702}, {""chosen"": {""MILK"": 3, ""WOOL"": 25}, ""pending"": {""MILK"": 0, ""WOOL"": 0}, ""step"": 703}, {""chosen"": {""WOOL"": 12}, ""pending"": {""MILK"": 0, ""WOOL"": 0}, ""step"": 709}, {""chosen"": {""MILK"": 9}, ""pending"": {""MILK"": 0, ""WOOL"": 0}, ""step"": 710}, {""chosen"": {""MILK"": 12, ""WOOL"": 20}, ""pending"": {""MILK"": 0, ""WOOL"": 0}, ""step"": 712}, {""chosen"": {""MILK"": 3}, ""pending"": {""MILK"": 0, ""WOOL"": 0}, ""step"": 713}, {""chosen"": {""MILK"": 3, ""WOOL"": 12}, ""pending"": {""MILK"": 0, ""WOOL"": 0}, ""step"": 715}, {""chosen"": {""MILK"": 3}, ""pending"": {""MILK"": 0, ""WOOL"": 0}, ""step"": 716}]",0,0,12,65,11
17,1,102645.0,82076.0,20569.0,win,DONE,DONE,1,3.895053200016264,0,0,0,0,719,0,0,0.0247,2.361510000000002,7.1475800000000245,9.4177,"{""BUILD_PASTURE"": 14, ""CARE"": 308, ""COLLECT_FERTILIZER"": 318, ""DIG"": 25, ""DROP"": 80, ""EAST"": 857, ""FEED"": 319, ""FERTILIZE"": 107, ""HARVEST"": 338, ""NORTH"": 1236, ""PASS"": 377, ""PICKUP"": 339, ""PLACE"": 27, ""PLANT"": 131, ""SOUTH"": 929, ""WATER"": 851, ""WEST"": 1098}","{""BUY_ANIMAL"": 14, ""BUY_LAND"": 2, ""BUY_PRODUCT"": 279, ""BUY_SEED"": 54, ""HIRE"": 306, ""SELL"": 444}","{""BUY_ANIMAL:COW"": 8, ""BUY_ANIMAL:SHEEP"": 6, ""BUY_PRODUCT:WHEAT"": 967, ""BUY_SEED:MELON"": 21, ""BUY_SEED:STRAWBERRY"": 44, ""BUY_SEED:WHEAT"": 66, ""SELL:CARROT"": 13, ""SELL:EGG"": 8, ""SELL:FERTILIZER"": 437, ""SELL:MELON"": 224, ""SELL:MILK"": 529, ""SELL:STRAWBERRY"": 567, ""SELL:TOMATO"": 4, ""SELL:WHEAT"": 1108, ""SELL:WOOL"": 333}",conservative,hamburger,621,41,230,209,0,62,5,57,382,297,0,148,11,11,conservative,718,"{""MILK"": {""base"": 3, ""carried_value"": 660, ""chosen"": 3, ""deferred"": 0, ""gain"": 0.0, ""opponent_future"": 16.0, ""opponent_now"": 0.0, ""released"": 0, ""residual_value"": 0.0, ""step"": 716}, ""WOOL"": {""base"": 12, ""carried_value"": 2736, ""chosen"": 12, ""deferred"": 0, ""gain"": 0.0, ""opponent_future"": 6.6667, ""opponent_now"": 0.0, ""released"": 0, ""residual_value"": 0.0, ""step"": 715}}","{""MILK"": 0, ""WOOL"": 0}","[{""chosen"": {""WOOL"": 6}, ""pending"": {""WOOL"": 0}, ""step"": 280}, {""chosen"": {""MILK"": 12}, ""pending"": {""MILK"": 0, ""WOOL"": 0}, ""step"": 294}, {""chosen"": {""MILK"": 2}, ""pending"": {""MILK"": 0, ""WOOL"": 0}, ""step"": 308}, {""chosen"": {""WOOL"": 7}, ""pending"": {""MILK"": 0, ""WOOL"": 0}, ""step"": 358}, {""chosen"": {""WOOL"": 4}, ""pending"": {""MILK"": 0, ""WOOL"": 0}, ""step"": 365}, {""chosen"": {""MILK"": 9, ""WOOL"": 4}, ""pending"": {""MILK"": 0, ""WOOL"": 0}, ""step"": 366}, {""chosen"": {""MILK"": 9}, ""pending"": {""MILK"": 0, ""WOOL"": 0}, ""step"": 367}, {""chosen"": {""WOOL"": 8}, ""pending"": {""MILK"": 0, ""WOOL"": 0}, ""step"": 384}, {""chosen"": {""MILK"": 9}, ""pending"": {""MILK"": 0, ""WOOL"": 0}, ""step"": 386}, {""chosen"": {""MILK"": 9}, ""pending"": {""MILK"": 0, ""WOOL"": 0}, ""step"": 387}, {""chosen"": {""MILK"": 9}, ""pending"": {""MILK"": 0, ""WOOL"": 0}, ""step"": 409}, {""chosen"": {""WOOL"": 3}, ""pending"": {""MILK"": 0, ""WOOL"": 0}, ""step"": 424}, {""chosen"": {""MILK"": 3}, ""pending"": {""MILK"": 0, ""WOOL"": 0}, ""step"": 442}, {""chosen"": {""WOOL"": 2}, ""pending"": {""MILK"": 0, ""WOOL"": 0}, ""step"": 449}, {""chosen"": {""MILK"": 12}, ""pending"": {""MILK"": 0, ""WOOL"": 0}, ""step"": 475}, {""chosen"": {""MILK"": 14}, ""pending"": {""MILK"": 1, ""WOOL"": 0}, ""step"": 489}, {""chosen"": {""MILK"": 3}, ""pending"": {""MILK"": 0, ""WOOL"": 0}, ""step"": 520}, {""chosen"": {""MILK"": 15}, ""pending"": {""MILK"": 0, ""WOOL"": 0}, ""step"": 536}, {""chosen"": {""MILK"": 19, ""WOOL"": 24}, ""pending"": {""MILK"": 0, ""WOOL"": 0}, ""step"": 537}, {""chosen"": {""WOOL"": 24}, ""pending"": {""MILK"": 0, ""WOOL"": 0}, ""step"": 538}, {""chosen"": {""WOOL"": 2}, ""pending"": {""MILK"": 0, ""WOOL"": 0}, ""step"": 549}, {""chosen"": {""WOOL"": 8}, ""pending"": {""MILK"": 0, ""WOOL"": 0}, ""step"": 552}, {""chosen"": {""MILK"": 1}, ""pending"": {""MILK"": 0, ""WOOL"": 0}, ""step"": 569}, {""chosen"": {""MILK"": 2}, ""pending"": {""MILK"": 0, ""WOOL"": 0}, ""step"": 572}, {""chosen"": {""MILK"": 6}, ""pending"": {""MILK"": 0, ""WOOL"": 0}, ""step"": 607}, {""chosen"": {""MILK"": 0}, ""pending"": {""MILK"": 1, ""WOOL"": 0}, ""step"": 608}, {""chosen"": {""MILK"": 10}, ""pending"": {""MILK"": 0, ""WOOL"": 0}, ""step"": 609}, {""chosen"": {""MILK"": 0, ""WOOL"": 9}, ""pending"": {""MILK"": 1, ""WOOL"": 0}, ""step"": 612}, {""chosen"": {""MILK"": 10, ""WOOL"": 9}, ""pending"": {""MILK"": 0, ""WOOL"": 0}, ""step"": 613}, {""chosen"": {""WOOL"": 2}, ""pending"": {""MILK"": 0, ""WOOL"": 1}, ""step"": 616}, {""chosen"": {""MILK"": 14, ""WOOL"": 10}, ""pending"": {""MILK"": 0, ""WOOL"": 0}, ""step"": 617}, {""chosen"": {""WOOL"": 1}, ""pending"": {""MILK"": 0, ""WOOL"": 0}, ""step"": 625}, {""chosen"": {""WOOL"": 2}, ""pending"": {""MILK"": 0, ""WOOL"": 0}, ""step"": 627}, {""chosen"": {""WOOL"": 12}, ""pending"": {""MILK"": 0, ""WOOL"": 0}, ""step"": 631}, {""chosen"": {""MILK"": 15}, ""pending"": {""MILK"": 0, ""WOOL"": 0}, ""step"": 633}, {""chosen"": {""MILK"": 30}, ""pending"": {""MILK"": 0, ""WOOL"": 0}, ""step"": 637}, {""chosen"": {""MILK"": 0}, ""pending"": {""MILK"": 1, ""WOOL"": 0}, ""step"": 656}, {""chosen"": {""MILK"": 1, ""WOOL"": 0}, ""pending"": {""MILK"": 1, ""WOOL"": 1}, ""step"": 657}, {""chosen"": {""WOOL"": 1}, ""pending"": {""MILK"": 1, ""WOOL"": 1}, ""step"": 660}, {""chosen"": {""MILK"": 1, ""WOOL"": 1}, ""pending"": {""MILK"": 1, ""WOOL"": 1}, ""step"": 661}, {""chosen"": {""MILK"": 1}, ""pending"": {""MILK"": 1, ""WOOL"": 1}, ""step"": 667}, {""chosen"": {""MILK"": 1}, ""pending"": {""MILK"": 1, ""WOOL"": 1}, ""step"": 670}, {""chosen"": {""MILK"": 1}, ""pending"": {""MILK"": 1, ""WOOL"": 1}, ""step"": 673}, {""chosen"": {""MILK"": 1}, ""pending"": {""MILK"": 1, ""WOOL"": 1}, ""step"": 674}, {""chosen"": {""MILK"": 2}, ""pending"": {""MILK"": 1, ""WOOL"": 1}, ""step"": 678}, {""chosen"": {""MILK"": 10}, ""pending"": {""MILK"": 0, ""WOOL"": 1}, ""step"": 685}, {""chosen"": {""MILK"": 13}, ""pending"": {""MILK"": 0, ""WOOL"": 1}, ""step"": 686}, {""chosen"": {""MILK"": 9}, ""pending"": {""MILK"": 0, ""WOOL"": 1}, ""step"": 698}, {""chosen"": {""WOOL"": 1}, ""pending"": {""MILK"": 0, ""WOOL"": 1}, ""step"": 699}, {""chosen"": {""MILK"": 11}, ""pending"": {""MILK"": 0, ""WOOL"": 1}, ""step"": 702}, {""chosen"": {""MILK"": 3, ""WOOL"": 25}, ""pending"": {""MILK"": 0, ""WOOL"": 0}, ""step"": 703}, {""chosen"": {""WOOL"": 12}, ""pending"": {""MILK"": 0, ""WOOL"": 0}, ""step"": 709}, {""chosen"": {""MILK"": 9}, ""pending"": {""MILK"": 0, ""WOOL"": 0}, ""step"": 710}, {""chosen"": {""MILK"": 12, ""WOOL"": 20}, ""pending"": {""MILK"": 0, ""WOOL"": 0}, ""step"": 712}, {""chosen"": {""MILK"": 3}, ""pending"": {""MILK"": 0, ""WOOL"": 0}, ""step"": 713}, {""chosen"": {""MILK"": 3, ""WOOL"": 12}, ""pending"": {""MILK"": 0, ""WOOL"": 0}, ""step"": 715}, {""chosen"": {""MILK"": 3}, ""pending"": {""MILK"": 0, ""WOOL"": 0}, ""step"": 716}]",0,0,20,118,19
42,0,132431.0,116462.0,15969.0,win,DONE,DONE,1,3.8527232000487857,0,0,0,0,719,0,0,0.0268,2.4766000000000012,6.695192000000007,10.0709,"{""BUILD_PASTURE"": 14, ""CARE"": 308, ""COLLECT_FERTILIZER"": 318, ""DIG"": 25, ""DROP"": 80, ""EAST"": 857, ""FEED"": 319, ""FERTILIZE"": 107, ""HARVEST"": 338, ""NORTH"": 1236, ""PASS"": 377, ""PICKUP"": 339, ""PLACE"": 27, ""PLANT"": 131, ""SOUTH"": 929, ""WATER"": 851, ""WEST"": 1098}","{""BUY_ANIMAL"": 14, ""BUY_LAND"": 2, ""BUY_PRODUCT"": 279, ""BUY_SEED"": 54, ""HIRE"": 306, ""SELL"": 473}","{""BUY_ANIMAL:COW"": 8, ""BUY_ANIMAL:SHEEP"": 6, ""BUY_PRODUCT:WHEAT"": 967, ""BUY_SEED:MELON"": 21, ""BUY_SEED:STRAWBERRY"": 44, ""BUY_SEED:WHEAT"": 66, ""SELL:CARROT"": 13, ""SELL:EGG"": 8, ""SELL:FERTILIZER"": 445, ""SELL:MELON"": 224, ""SELL:MILK"": 565, ""SELL:STRAWBERRY"": 636, ""SELL:TOMATO"": 4, ""SELL:WHEAT"": 1108, ""SELL:WOOL"": 373}",conservative,hamburger,608,55,180,180,0,49,0,56,406,289,0,164,17,11,conservative,718,"{""MILK"": {""base"": 3, ""carried_value"": 570, ""chosen"": 3, ""deferred"": 0, ""gain"": 0.0, ""opponent_future"": 16.0, ""opponent_now"": 0.0, ""released"": 0, ""residual_value"": 0.0, ""step"": 716}, ""WOOL"": {""base"": 12, ""carried_value"": 2892, ""chosen"": 12, ""deferred"": 0, ""gain"": 0.0, ""opponent_future"": 6.6667, ""opponent_now"": 0.0, ""released"": 0, ""residual_value"": 0.0, ""step"": 715}}","{""MILK"": 0, ""WOOL"": 0}","[{""chosen"": {""WOOL"": 6}, ""pending"": {""WOOL"": 0}, ""step"": 280}, {""chosen"": {""MILK"": 12}, ""pending"": {""MILK"": 0, ""WOOL"": 0}, ""step"": 294}, {""chosen"": {""MILK"": 2}, ""pending"": {""MILK"": 0, ""WOOL"": 0}, ""step"": 308}, {""chosen"": {""WOOL"": 4}, ""pending"": {""MILK"": 0, ""WOOL"": 0}, ""step"": 365}, {""chosen"": {""MILK"": 9}, ""pending"": {""MILK"": 0, ""WOOL"": 0}, ""step"": 367}, {""chosen"": {""MILK"": 9}, ""pending"": {""MILK"": 0, ""WOOL"": 0}, ""step"": 387}, {""chosen"": {""MILK"": 28}, ""pending"": {""MILK"": 0, ""WOOL"": 0}, ""step"": 391}, {""chosen"": {""MILK"": 9}, ""pending"": {""MILK"": 0, ""WOOL"": 0}, ""step"": 409}, {""chosen"": {""MILK"": 3}, ""pending"": {""MILK"": 0, ""WOOL"": 0}, ""step"": 437}, {""chosen"": {""MILK"": 8}, ""pending"": {""MILK"": 0, ""WOOL"": 0}, ""step"": 438}, {""chosen"": {""MILK"": 5}, ""pending"": {""MILK"": 0, ""WOOL"": 0}, ""step"": 439}, {""chosen"": {""WOOL"": 4}, ""pending"": {""MILK"": 0, ""WOOL"": 0}, ""step"": 457}, {""chosen"": {""MILK"": 9}, ""pending"": {""MILK"": 0, ""WOOL"": 0}, ""step"": 471}, {""chosen"": {""MILK"": 15}, ""pending"": {""MILK"": 0, ""WOOL"": 0}, ""step"": 484}, {""chosen"": {""MILK"": 15}, ""pending"": {""MILK"": 0, ""WOOL"": 0}, ""step"": 485}, {""chosen"": {""MILK"": 1}, ""pending"": {""MILK"": 1, ""WOOL"": 0}, ""step"": 524}, {""chosen"": {""MILK"": 3}, ""pending"": {""MILK"": 0, ""WOOL"": 0}, ""step"": 525}, {""chosen"": {""MILK"": 15}, ""pending"": {""MILK"": 0, ""WOOL"": 0}, ""step"": 536}, {""chosen"": {""MILK"": 19, ""WOOL"": 24}, ""pending"": {""MILK"": 0, ""WOOL"": 0}, ""step"": 537}, {""chosen"": {""WOOL"": 2}, ""pending"": {""MILK"": 0, ""WOOL"": 0}, ""step"": 549}, {""chosen"": {""WOOL"": 8}, ""pending"": {""MILK"": 0, ""WOOL"": 0}, ""step"": 552}, {""chosen"": {""MILK"": 0, ""WOOL"": 3}, ""pending"": {""MILK"": 1, ""WOOL"": 0}, ""step"": 566}, {""chosen"": {""MILK"": 2}, ""pending"": {""MILK"": 0, ""WOOL"": 0}, ""step"": 569}, {""chosen"": {""MILK"": 0}, ""pending"": {""MILK"": 1, ""WOOL"": 0}, ""step"": 572}, {""chosen"": {""MILK"": 13}, ""pending"": {""MILK"": 0, ""WOOL"": 0}, ""step"": 573}, {""chosen"": {""MILK"": 6}, ""pending"": {""MILK"": 0, ""WOOL"": 0}, ""step"": 607}, {""chosen"": {""MILK"": 0}, ""pending"": {""MILK"": 1, ""WOOL"": 0}, ""step"": 608}, {""chosen"": {""MILK"": 10}, ""pending"": {""MILK"": 0, ""WOOL"": 0}, ""step"": 609}, {""chosen"": {""MILK"": 0, ""WOOL"": 9}, ""pending"": {""MILK"": 1, ""WOOL"": 0}, ""step"": 612}, {""chosen"": {""MILK"": 10, ""WOOL"": 9}, ""pending"": {""MILK"": 0, ""WOOL"": 0}, ""step"": 613}, {""chosen"": {""WOOL"": 3}, ""pending"": {""MILK"": 0, ""WOOL"": 0}, ""step"": 616}, {""chosen"": {""WOOL"": 1}, ""pending"": {""MILK"": 0, ""WOOL"": 0}, ""step"": 625}, {""chosen"": {""WOOL"": 2}, ""pending"": {""MILK"": 0, ""WOOL"": 0}, ""step"": 627}, {""chosen"": {""WOOL"": 12}, ""pending"": {""MILK"": 0, ""WOOL"": 0}, ""step"": 631}, {""chosen"": {""MILK"": 30}, ""pending"": {""MILK"": 0, ""WOOL"": 0}, ""step"": 637}, {""chosen"": {""MILK"": 0}, ""pending"": {""MILK"": 1, ""WOOL"": 0}, ""step"": 656}, {""chosen"": {""MILK"": 1, ""WOOL"": 1}, ""pending"": {""MILK"": 1, ""WOOL"": 0}, ""step"": 657}, {""chosen"": {""WOOL"": 1}, ""pending"": {""MILK"": 1, ""WOOL"": 0}, ""step"": 660}, {""chosen"": {""MILK"": 1, ""WOOL"": 1}, ""pending"": {""MILK"": 1, ""WOOL"": 0}, ""step"": 661}, {""chosen"": {""MILK"": 1}, ""pending"": {""MILK"": 1, ""WOOL"": 0}, ""step"": 667}, {""chosen"": {""MILK"": 1}, ""pending"": {""MILK"": 1, ""WOOL"": 0}, ""step"": 670}, {""chosen"": {""MILK"": 1}, ""pending"": {""MILK"": 1, ""WOOL"": 0}, ""step"": 673}, {""chosen"": {""MILK"": 1}, ""pending"": {""MILK"": 1, ""WOOL"": 0}, ""step"": 674}, {""chosen"": {""MILK"": 1}, ""pending"": {""MILK"": 1, ""WOOL"": 0}, ""step"": 678}, {""chosen"": {""MILK"": 1}, ""pending"": {""MILK"": 1, ""WOOL"": 0}, ""step"": 685}, {""chosen"": {""MILK"": 1}, ""pending"": {""MILK"": 1, ""WOOL"": 0}, ""step"": 686}, {""chosen"": {""MILK"": 6}, ""pending"": {""MILK"": 1, ""WOOL"": 0}, ""step"": 698}, {""chosen"": {""WOOL"": 22}, ""pending"": {""MILK"": 1, ""WOOL"": 0}, ""step"": 699}, {""chosen"": {""MILK"": 7}, ""pending"": {""MILK"": 1, ""WOOL"": 0}, ""step"": 702}, {""chosen"": {""MILK"": 4, ""WOOL"": 24}, ""pending"": {""MILK"": 0, ""WOOL"": 0}, ""step"": 703}, {""chosen"": {""WOOL"": 12}, ""pending"": {""MILK"": 0, ""WOOL"": 0}, ""step"": 709}, {""chosen"": {""MILK"": 9}, ""pending"": {""MILK"": 0, ""WOOL"": 0}, ""step"": 710}, {""chosen"": {""MILK"": 12, ""WOOL"": 20}, ""pending"": {""MILK"": 0, ""WOOL"": 0}, ""step"": 712}, {""chosen"": {""MILK"": 3}, ""pending"": {""MILK"": 0, ""WOOL"": 0}, ""step"": 713}, {""chosen"": {""MILK"": 3, ""WOOL"": 12}, ""pending"": {""MILK"": 0, ""WOOL"": 0}, ""step"": 715}, {""chosen"": {""MILK"": 3}, ""pending"": {""MILK"": 0, ""WOOL"": 0}, ""step"": 716}]",0,0,23,129,23
42,1,133435.0,115404.0,18031.0,win,DONE,DONE,1,3.860721100005321,0,0,0,0,719,0,0,0.0247,2.5015,6.713228000000002,9.5406,"{""BUILD_PASTURE"": 14, ""CARE"": 308, ""COLLECT_FERTILIZER"": 318, ""DIG"": 25, ""DROP"": 80, ""EAST"": 857, ""FEED"": 319, ""FERTILIZE"": 107, ""HARVEST"": 338, ""NORTH"": 1236, ""PASS"": 377, ""PICKUP"": 339, ""PLACE"": 27, ""PLANT"": 131, ""SOUTH"": 929, ""WATER"": 851, ""WEST"": 1098}","{""BUY_ANIMAL"": 14, ""BUY_LAND"": 2, ""BUY_PRODUCT"": 279, ""BUY_SEED"": 54, ""HIRE"": 306, ""SELL"": 473}","{""BUY_ANIMAL:COW"": 8, ""BUY_ANIMAL:SHEEP"": 6, ""BUY_PRODUCT:WHEAT"": 967, ""BUY_SEED:MELON"": 21, ""BUY_SEED:STRAWBERRY"": 44, ""BUY_SEED:WHEAT"": 66, ""SELL:CARROT"": 13, ""SELL:EGG"": 8, ""SELL:FERTILIZER"": 445, ""SELL:MELON"": 224, ""SELL:MILK"": 565, ""SELL:STRAWBERRY"": 636, ""SELL:TOMATO"": 4, ""SELL:WHEAT"": 1108, ""SELL:WOOL"": 373}",conservative,hamburger,608,55,180,180,0,49,0,56,406,289,0,164,17,11,conservative,718,"{""MILK"": {""base"": 3, ""carried_value"": 570, ""chosen"": 3, ""deferred"": 0, ""gain"": 0.0, ""opponent_future"": 16.0, ""opponent_now"": 0.0, ""released"": 0, ""residual_value"": 0.0, ""step"": 716}, ""WOOL"": {""base"": 12, ""carried_value"": 2892, ""chosen"": 12, ""deferred"": 0, ""gain"": 0.0, ""opponent_future"": 6.6667, ""opponent_now"": 0.0, ""released"": 0, ""residual_value"": 0.0, ""step"": 715}}","{""MILK"": 0, ""WOOL"": 0}","[{""chosen"": {""WOOL"": 6}, ""pending"": {""WOOL"": 0}, ""step"": 280}, {""chosen"": {""MILK"": 12}, ""pending"": {""MILK"": 0, ""WOOL"": 0}, ""step"": 294}, {""chosen"": {""MILK"": 2}, ""pending"": {""MILK"": 0, ""WOOL"": 0}, ""step"": 308}, {""chosen"": {""WOOL"": 4}, ""pending"": {""MILK"": 0, ""WOOL"": 0}, ""step"": 365}, {""chosen"": {""MILK"": 9}, ""pending"": {""MILK"": 0, ""WOOL"": 0}, ""step"": 367}, {""chosen"": {""MILK"": 9}, ""pending"": {""MILK"": 0, ""WOOL"": 0}, ""step"": 387}, {""chosen"": {""MILK"": 28}, ""pending"": {""MILK"": 0, ""WOOL"": 0}, ""step"": 391}, {""chosen"": {""MILK"": 9}, ""pending"": {""MILK"": 0, ""WOOL"": 0}, ""step"": 409}, {""chosen"": {""MILK"": 3}, ""pending"": {""MILK"": 0, ""WOOL"": 0}, ""step"": 437}, {""chosen"": {""MILK"": 8}, ""pending"": {""MILK"": 0, ""WOOL"": 0}, ""step"": 438}, {""chosen"": {""MILK"": 5}, ""pending"": {""MILK"": 0, ""WOOL"": 0}, ""step"": 439}, {""chosen"": {""WOOL"": 4}, ""pending"": {""MILK"": 0, ""WOOL"": 0}, ""step"": 457}, {""chosen"": {""MILK"": 9}, ""pending"": {""MILK"": 0, ""WOOL"": 0}, ""step"": 471}, {""chosen"": {""MILK"": 15}, ""pending"": {""MILK"": 0, ""WOOL"": 0}, ""step"": 484}, {""chosen"": {""MILK"": 15}, ""pending"": {""MILK"": 0, ""WOOL"": 0}, ""step"": 485}, {""chosen"": {""MILK"": 1}, ""pending"": {""MILK"": 1, ""WOOL"": 0}, ""step"": 524}, {""chosen"": {""MILK"": 3}, ""pending"": {""MILK"": 0, ""WOOL"": 0}, ""step"": 525}, {""chosen"": {""MILK"": 15}, ""pending"": {""MILK"": 0, ""WOOL"": 0}, ""step"": 536}, {""chosen"": {""MILK"": 19, ""WOOL"": 24}, ""pending"": {""MILK"": 0, ""WOOL"": 0}, ""step"": 537}, {""chosen"": {""WOOL"": 2}, ""pending"": {""MILK"": 0, ""WOOL"": 0}, ""step"": 549}, {""chosen"": {""WOOL"": 8}, ""pending"": {""MILK"": 0, ""WOOL"": 0}, ""step"": 552}, {""chosen"": {""MILK"": 0, ""WOOL"": 3}, ""pending"": {""MILK"": 1, ""WOOL"": 0}, ""step"": 566}, {""chosen"": {""MILK"": 2}, ""pending"": {""MILK"": 0, ""WOOL"": 0}, ""step"": 569}, {""chosen"": {""MILK"": 0}, ""pending"": {""MILK"": 1, ""WOOL"": 0}, ""step"": 572}, {""chosen"": {""MILK"": 13}, ""pending"": {""MILK"": 0, ""WOOL"": 0}, ""step"": 573}, {""chosen"": {""MILK"": 6}, ""pending"": {""MILK"": 0, ""WOOL"": 0}, ""step"": 607}, {""chosen"": {""MILK"": 0}, ""pending"": {""MILK"": 1, ""WOOL"": 0}, ""step"": 608}, {""chosen"": {""MILK"": 10}, ""pending"": {""MILK"": 0, ""WOOL"": 0}, ""step"": 609}, {""chosen"": {""MILK"": 0, ""WOOL"": 9}, ""pending"": {""MILK"": 1, ""WOOL"": 0}, ""step"": 612}, {""chosen"": {""MILK"": 10, ""WOOL"": 9}, ""pending"": {""MILK"": 0, ""WOOL"": 0}, ""step"": 613}, {""chosen"": {""WOOL"": 3}, ""pending"": {""MILK"": 0, ""WOOL"": 0}, ""step"": 616}, {""chosen"": {""WOOL"": 1}, ""pending"": {""MILK"": 0, ""WOOL"": 0}, ""step"": 625}, {""chosen"": {""WOOL"": 2}, ""pending"": {""MILK"": 0, ""WOOL"": 0}, ""step"": 627}, {""chosen"": {""WOOL"": 12}, ""pending"": {""MILK"": 0, ""WOOL"": 0}, ""step"": 631}, {""chosen"": {""MILK"": 30}, ""pending"": {""MILK"": 0, ""WOOL"": 0}, ""step"": 637}, {""chosen"": {""MILK"": 0}, ""pending"": {""MILK"": 1, ""WOOL"": 0}, ""step"": 656}, {""chosen"": {""MILK"": 1, ""WOOL"": 1}, ""pending"": {""MILK"": 1, ""WOOL"": 0}, ""step"": 657}, {""chosen"": {""WOOL"": 1}, ""pending"": {""MILK"": 1, ""WOOL"": 0}, ""step"": 660}, {""chosen"": {""MILK"": 1, ""WOOL"": 1}, ""pending"": {""MILK"": 1, ""WOOL"": 0}, ""step"": 661}, {""chosen"": {""MILK"": 1}, ""pending"": {""MILK"": 1, ""WOOL"": 0}, ""step"": 667}, {""chosen"": {""MILK"": 1}, ""pending"": {""MILK"": 1, ""WOOL"": 0}, ""step"": 670}, {""chosen"": {""MILK"": 1}, ""pending"": {""MILK"": 1, ""WOOL"": 0}, ""step"": 673}, {""chosen"": {""MILK"": 1}, ""pending"": {""MILK"": 1, ""WOOL"": 0}, ""step"": 674}, {""chosen"": {""MILK"": 1}, ""pending"": {""MILK"": 1, ""WOOL"": 0}, ""step"": 678}, {""chosen"": {""MILK"": 1}, ""pending"": {""MILK"": 1, ""WOOL"": 0}, ""step"": 685}, {""chosen"": {""MILK"": 1}, ""pending"": {""MILK"": 1, ""WOOL"": 0}, ""step"": 686}, {""chosen"": {""MILK"": 6}, ""pending"": {""MILK"": 1, ""WOOL"": 0}, ""step"": 698}, {""chosen"": {""WOOL"": 22}, ""pending"": {""MILK"": 1, ""WOOL"": 0}, ""step"": 699}, {""chosen"": {""MILK"": 7}, ""pending"": {""MILK"": 1, ""WOOL"": 0}, ""step"": 702}, {""chosen"": {""MILK"": 4, ""WOOL"": 24}, ""pending"": {""MILK"": 0, ""WOOL"": 0}, ""step"": 703}, {""chosen"": {""WOOL"": 12}, ""pending"": {""MILK"": 0, ""WOOL"": 0}, ""step"": 709}, {""chosen"": {""MILK"": 9}, ""pending"": {""MILK"": 0, ""WOOL"": 0}, ""step"": 710}, {""chosen"": {""MILK"": 12, ""WOOL"": 20}, ""pending"": {""MILK"": 0, ""WOOL"": 0}, ""step"": 712}, {""chosen"": {""MILK"": 3}, ""pending"": {""MILK"": 0, ""WOOL"": 0}, ""step"": 713}, {""chosen"": {""MILK"": 3, ""WOOL"": 12}, ""pending"": {""MILK"": 0, ""WOOL"": 0}, ""step"": 715}, {""chosen"": {""MILK"": 3}, ""pending"": {""MILK"": 0, ""WOOL"": 0}, ""step"": 716}]",0,0,23,129,23
2026,0,156401.0,139013.0,17388.0,win,DONE,DONE,1,3.699984900013078,0,0,0,0,719,0,0,0.0268,2.0366800000000023,6.927596000000015,10.0693,"{""BUILD_PASTURE"": 14, ""CARE"": 308, ""COLLECT_FERTILIZER"": 318, ""DIG"": 25, ""DROP"": 80, ""EAST"": 857, ""FEED"": 319, ""FERTILIZE"": 107, ""HARVEST"": 338, ""NORTH"": 1236, ""PASS"": 377, ""PICKUP"": 339, ""PLACE"": 27, ""PLANT"": 131, ""SOUTH"": 929, ""WATER"": 851, ""WEST"": 1098}","{""BUY_ANIMAL"": 14, ""BUY_LAND"": 2, ""BUY_PRODUCT"": 279, ""BUY_SEED"": 54, ""HIRE"": 306, ""SELL"": 477}","{""BUY_ANIMAL:COW"": 8, ""BUY_ANIMAL:SHEEP"": 6, ""BUY_PRODUCT:WHEAT"": 967, ""BUY_SEED:MELON"": 21, ""BUY_SEED:STRAWBERRY"": 44, ""BUY_SEED:WHEAT"": 66, ""SELL:CARROT"": 13, ""SELL:EGG"": 8, ""SELL:FERTILIZER"": 445, ""SELL:MELON"": 224, ""SELL:MILK"": 607, ""SELL:STRAWBERRY"": 636, ""SELL:TOMATO"": 4, ""SELL:WHEAT"": 1108, ""SELL:WOOL"": 373}",conservative,hamburger,608,64,183,183,0,54,1,47,320,245,0,152,9,11,conservative,718,"{""MILK"": {""base"": 3, ""carried_value"": 690, ""chosen"": 3, ""deferred"": 0, ""gain"": 0.0, ""opponent_future"": 16.0, ""opponent_now"": 0.0, ""released"": 0, ""residual_value"": 0.0, ""step"": 716}, ""WOOL"": {""base"": 12, ""carried_value"": 2856, ""chosen"": 12, ""deferred"": 0, ""gain"": 0.0, ""opponent_future"": 6.6667, ""opponent_now"": 0.0, ""released"": 0, ""residual_value"": 0.0, ""step"": 715}}","{""MILK"": 0, ""WOOL"": 0}","[{""chosen"": {""WOOL"": 6}, ""pending"": {""WOOL"": 0}, ""step"": 280}, {""chosen"": {""MILK"": 12}, ""pending"": {""MILK"": 0, ""WOOL"": 0}, ""step"": 294}, {""chosen"": {""MILK"": 2}, ""pending"": {""MILK"": 0, ""WOOL"": 0}, ""step"": 308}, {""chosen"": {""WOOL"": 7}, ""pending"": {""MILK"": 0, ""WOOL"": 0}, ""step"": 358}, {""chosen"": {""WOOL"": 3}, ""pending"": {""MILK"": 0, ""WOOL"": 1}, ""step"": 365}, {""chosen"": {""MILK"": 9, ""WOOL"": 5}, ""pending"": {""MILK"": 0, ""WOOL"": 0}, ""step"": 366}, {""chosen"": {""MILK"": 9}, ""pending"": {""MILK"": 0, ""WOOL"": 0}, ""step"": 367}, {""chosen"": {""MILK"": 9}, ""pending"": {""MILK"": 0, ""WOOL"": 0}, ""step"": 387}, {""chosen"": {""MILK"": 9}, ""pending"": {""MILK"": 0, ""WOOL"": 0}, ""step"": 409}, {""chosen"": {""MILK"": 7}, ""pending"": {""MILK"": 1, ""WOOL"": 0}, ""step"": 438}, {""chosen"": {""MILK"": 0}, ""pending"": {""MILK"": 1, ""WOOL"": 0}, ""step"": 439}, {""chosen"": {""MILK"": 5}, ""pending"": {""MILK"": 0, ""WOOL"": 0}, ""step"": 440}, {""chosen"": {""WOOL"": 4}, ""pending"": {""MILK"": 0, ""WOOL"": 0}, ""step"": 457}, {""chosen"": {""MILK"": 9}, ""pending"": {""MILK"": 0, ""WOOL"": 0}, ""step"": 471}, {""chosen"": {""MILK"": 0}, ""pending"": {""MILK"": 1, ""WOOL"": 0}, ""step"": 484}, {""chosen"": {""MILK"": 16}, ""pending"": {""MILK"": 0, ""WOOL"": 0}, ""step"": 485}, {""chosen"": {""MILK"": 15}, ""pending"": {""MILK"": 0, ""WOOL"": 0}, ""step"": 489}, {""chosen"": {""MILK"": 15}, ""pending"": {""MILK"": 0, ""WOOL"": 0}, ""step"": 536}, {""chosen"": {""MILK"": 19, ""WOOL"": 24}, ""pending"": {""MILK"": 0, ""WOOL"": 0}, ""step"": 537}, {""chosen"": {""WOOL"": 24}, ""pending"": {""MILK"": 0, ""WOOL"": 0}, ""step"": 538}, {""chosen"": {""WOOL"": 2}, ""pending"": {""MILK"": 0, ""WOOL"": 0}, ""step"": 549}, {""chosen"": {""MILK"": 6}, ""pending"": {""MILK"": 0, ""WOOL"": 0}, ""step"": 607}, {""chosen"": {""MILK"": 9}, ""pending"": {""MILK"": 0, ""WOOL"": 0}, ""step"": 609}, {""chosen"": {""WOOL"": 1}, ""pending"": {""MILK"": 0, ""WOOL"": 0}, ""step"": 625}, {""chosen"": {""WOOL"": 2}, ""pending"": {""MILK"": 0, ""WOOL"": 0}, ""step"": 627}, {""chosen"": {""WOOL"": 12}, ""pending"": {""MILK"": 0, ""WOOL"": 0}, ""step"": 631}, {""chosen"": {""MILK"": 0}, ""pending"": {""MILK"": 1, ""WOOL"": 0}, ""step"": 656}, {""chosen"": {""MILK"": 1, ""WOOL"": 1}, ""pending"": {""MILK"": 1, ""WOOL"": 0}, ""step"": 657}, {""chosen"": {""WOOL"": 1}, ""pending"": {""MILK"": 1, ""WOOL"": 0}, ""step"": 660}, {""chosen"": {""MILK"": 1, ""WOOL"": 1}, ""pending"": {""MILK"": 1, ""WOOL"": 0}, ""step"": 661}, {""chosen"": {""MILK"": 1}, ""pending"": {""MILK"": 1, ""WOOL"": 0}, ""step"": 667}, {""chosen"": {""MILK"": 1}, ""pending"": {""MILK"": 1, ""WOOL"": 0}, ""step"": 670}, {""chosen"": {""MILK"": 1}, ""pending"": {""MILK"": 1, ""WOOL"": 0}, ""step"": 673}, {""chosen"": {""MILK"": 5}, ""pending"": {""MILK"": 1, ""WOOL"": 0}, ""step"": 674}, {""chosen"": {""MILK"": 9}, ""pending"": {""MILK"": 0, ""WOOL"": 0}, ""step"": 678}, {""chosen"": {""MILK"": 9}, ""pending"": {""MILK"": 0, ""WOOL"": 0}, ""step"": 685}, {""chosen"": {""MILK"": 13}, ""pending"": {""MILK"": 0, ""WOOL"": 0}, ""step"": 686}, {""chosen"": {""MILK"": 9}, ""pending"": {""MILK"": 0, ""WOOL"": 0}, ""step"": 698}, {""chosen"": {""WOOL"": 22}, ""pending"": {""MILK"": 0, ""WOOL"": 0}, ""step"": 699}, {""chosen"": {""MILK"": 11}, ""pending"": {""MILK"": 0, ""WOOL"": 0}, ""step"": 702}, {""chosen"": {""MILK"": 3, ""WOOL"": 24}, ""pending"": {""MILK"": 0, ""WOOL"": 0}, ""step"": 703}, {""chosen"": {""WOOL"": 12}, ""pending"": {""MILK"": 0, ""WOOL"": 0}, ""step"": 709}, {""chosen"": {""MILK"": 9}, ""pending"": {""MILK"": 0, ""WOOL"": 0}, ""step"": 710}, {""chosen"": {""MILK"": 12, ""WOOL"": 20}, ""pending"": {""MILK"": 0, ""WOOL"": 0}, ""step"": 712}, {""chosen"": {""MILK"": 3}, ""pending"": {""MILK"": 0, ""WOOL"": 0}, ""step"": 713}, {""chosen"": {""MILK"": 3, ""WOOL"": 12}, ""pending"": {""MILK"": 0, ""WOOL"": 0}, ""step"": 715}, {""chosen"": {""MILK"": 3}, ""pending"": {""MILK"": 0, ""WOOL"": 0}, ""step"": 716}]",0,0,15,83,15
2026,1,155036.0,136516.0,18520.0,win,DONE,DONE,1,3.8575234999880195,0,0,0,0,719,0,0,0.025,2.0432000000000023,5.939740000000005,156.887,"{""BUILD_PASTURE"": 14, ""CARE"": 308, ""COLLECT_FERTILIZER"": 318, ""DIG"": 25, ""DROP"": 80, ""EAST"": 857, ""FEED"": 319, ""FERTILIZE"": 107, ""HARVEST"": 338, ""NORTH"": 1236, ""PASS"": 377, ""PICKUP"": 339, ""PLACE"": 27, ""PLANT"": 131, ""SOUTH"": 929, ""WATER"": 851, ""WEST"": 1098}","{""BUY_ANIMAL"": 14, ""BUY_LAND"": 2, ""BUY_PRODUCT"": 279, ""BUY_SEED"": 54, ""HIRE"": 306, ""SELL"": 468}","{""BUY_ANIMAL:COW"": 8, ""BUY_ANIMAL:SHEEP"": 6, ""BUY_PRODUCT:WHEAT"": 967, ""BUY_SEED:MELON"": 21, ""BUY_SEED:STRAWBERRY"": 44, ""BUY_SEED:WHEAT"": 66, ""SELL:CARROT"": 13, ""SELL:EGG"": 8, ""SELL:FERTILIZER"": 445, ""SELL:MELON"": 224, ""SELL:MILK"": 634, ""SELL:STRAWBERRY"": 620, ""SELL:TOMATO"": 4, ""SELL:WHEAT"": 1108, ""SELL:WOOL"": 354}",conservative,hamburger,614,57,165,152,0,64,3,48,294,266,0,125,5,11,conservative,718,"{""MILK"": {""base"": 3, ""carried_value"": 717, ""chosen"": 3, ""deferred"": 0, ""gain"": 0.0, ""opponent_future"": 16.0, ""opponent_now"": 0.0, ""released"": 0, ""residual_value"": 0.0, ""step"": 716}, ""WOOL"": {""base"": 12, ""carried_value"": 2808, ""chosen"": 12, ""deferred"": 0, ""gain"": 0.0, ""opponent_future"": 6.6667, ""opponent_now"": 0.0, ""released"": 0, ""residual_value"": 0.0, ""step"": 715}}","{""MILK"": 0, ""WOOL"": 0}","[{""chosen"": {""WOOL"": 6}, ""pending"": {""WOOL"": 0}, ""step"": 280}, {""chosen"": {""MILK"": 12}, ""pending"": {""MILK"": 0, ""WOOL"": 0}, ""step"": 294}, {""chosen"": {""MILK"": 2}, ""pending"": {""MILK"": 0, ""WOOL"": 0}, ""step"": 308}, {""chosen"": {""WOOL"": 7}, ""pending"": {""MILK"": 0, ""WOOL"": 0}, ""step"": 358}, {""chosen"": {""WOOL"": 4}, ""pending"": {""MILK"": 0, ""WOOL"": 0}, ""step"": 365}, {""chosen"": {""MILK"": 9, ""WOOL"": 4}, ""pending"": {""MILK"": 0, ""WOOL"": 0}, ""step"": 366}, {""chosen"": {""MILK"": 9}, ""pending"": {""MILK"": 0, ""WOOL"": 0}, ""step"": 367}, {""chosen"": {""WOOL"": 8}, ""pending"": {""MILK"": 0, ""WOOL"": 0}, ""step"": 384}, {""chosen"": {""MILK"": 9}, ""pending"": {""MILK"": 0, ""WOOL"": 0}, ""step"": 386}, {""chosen"": {""MILK"": 9}, ""pending"": {""MILK"": 0, ""WOOL"": 0}, ""step"": 409}, {""chosen"": {""WOOL"": 3}, ""pending"": {""MILK"": 0, ""WOOL"": 0}, ""step"": 424}, {""chosen"": {""MILK"": 3}, ""pending"": {""MILK"": 0, ""WOOL"": 0}, ""step"": 442}, {""chosen"": {""MILK"": 6}, ""pending"": {""MILK"": 0, ""WOOL"": 0}, ""step"": 450}, {""chosen"": {""WOOL"": 0}, ""pending"": {""MILK"": 0, ""WOOL"": 1}, ""step"": 460}, {""chosen"": {""WOOL"": 5}, ""pending"": {""MILK"": 0, ""WOOL"": 0}, ""step"": 461}, {""chosen"": {""WOOL"": 0}, ""pending"": {""MILK"": 0, ""WOOL"": 1}, ""step"": 466}, {""chosen"": {""MILK"": 9, ""WOOL"": 5}, ""pending"": {""MILK"": 0, ""WOOL"": 0}, ""step"": 470}, {""chosen"": {""MILK"": 9}, ""pending"": {""MILK"": 0, ""WOOL"": 0}, ""step"": 471}, {""chosen"": {""MILK"": 14}, ""pending"": {""MILK"": 1, ""WOOL"": 0}, ""step"": 484}, {""chosen"": {""MILK"": 15}, ""pending"": {""MILK"": 1, ""WOOL"": 0}, ""step"": 485}, {""chosen"": {""MILK"": 16}, ""pending"": {""MILK"": 0, ""WOOL"": 0}, ""step"": 489}, {""chosen"": {""MILK"": 15}, ""pending"": {""MILK"": 0, ""WOOL"": 0}, ""step"": 536}, {""chosen"": {""WOOL"": 24}, ""pending"": {""MILK"": 0, ""WOOL"": 0}, ""step"": 538}, {""chosen"": {""MILK"": 1}, ""pending"": {""MILK"": 0, ""WOOL"": 0}, ""step"": 569}, {""chosen"": {""MILK"": 6}, ""pending"": {""MILK"": 0, ""WOOL"": 0}, ""step"": 607}, {""chosen"": {""WOOL"": 1}, ""pending"": {""MILK"": 0, ""WOOL"": 0}, ""step"": 625}, {""chosen"": {""WOOL"": 2}, ""pending"": {""MILK"": 0, ""WOOL"": 0}, ""step"": 627}, {""chosen"": {""MILK"": 0}, ""pending"": {""MILK"": 1, ""WOOL"": 0}, ""step"": 656}, {""chosen"": {""MILK"": 1, ""WOOL"": 1}, ""pending"": {""MILK"": 1, ""WOOL"": 0}, ""step"": 657}, {""chosen"": {""WOOL"": 1}, ""pending"": {""MILK"": 1, ""WOOL"": 0}, ""step"": 660}, {""chosen"": {""MILK"": 1, ""WOOL"": 1}, ""pending"": {""MILK"": 1, ""WOOL"": 0}, ""step"": 661}, {""chosen"": {""MILK"": 1}, ""pending"": {""MILK"": 1, ""WOOL"": 0}, ""step"": 667}, {""chosen"": {""MILK"": 16}, ""pending"": {""MILK"": 0, ""WOOL"": 0}, ""step"": 670}, {""chosen"": {""MILK"": 12}, ""pending"": {""MILK"": 0, ""WOOL"": 0}, ""step"": 673}, {""chosen"": {""MILK"": 8}, ""pending"": {""MILK"": 0, ""WOOL"": 0}, ""step"": 674}, {""chosen"": {""MILK"": 8}, ""pending"": {""MILK"": 0, ""WOOL"": 0}, ""step"": 678}, {""chosen"": {""MILK"": 9}, ""pending"": {""MILK"": 0, ""WOOL"": 0}, ""step"": 685}, {""chosen"": {""MILK"": 13}, ""pending"": {""MILK"": 0, ""WOOL"": 0}, ""step"": 686}, {""chosen"": {""MILK"": 9}, ""pending"": {""MILK"": 0, ""WOOL"": 0}, ""step"": 698}, {""chosen"": {""WOOL"": 11}, ""pending"": {""MILK"": 0, ""WOOL"": 1}, ""step"": 699}, {""chosen"": {""MILK"": 11}, ""pending"": {""MILK"": 0, ""WOOL"": 1}, ""step"": 702}, {""chosen"": {""MILK"": 3, ""WOOL"": 25}, ""pending"": {""MILK"": 0, ""WOOL"": 0}, ""step"": 703}, {""chosen"": {""WOOL"": 12}, ""pending"": {""MILK"": 0, ""WOOL"": 0}, ""step"": 709}, {""chosen"": {""MILK"": 9}, ""pending"": {""MILK"": 0, ""WOOL"": 0}, ""step"": 710}, {""chosen"": {""MILK"": 12, ""WOOL"": 20}, ""pending"": {""MILK"": 0, ""WOOL"": 0}, ""step"": 712}, {""chosen"": {""MILK"": 3}, ""pending"": {""MILK"": 0, ""WOOL"": 0}, ""step"": 713}, {""chosen"": {""MILK"": 3, ""WOOL"": 12}, ""pending"": {""MILK"": 0, ""WOOL"": 0}, ""step"": 715}, {""chosen"": {""MILK"": 3}, ""pending"": {""MILK"": 0, ""WOOL"": 0}, ""step"": 716}]",0,0,13,51,13
217,0,128763.0,110534.0,18229.0,win,DONE,DONE,1,3.6953598999534734,0,0,0,0,719,0,0,0.0268,2.244280000000001,5.983164000000008,12.0702,"{""BUILD_PASTURE"": 14, ""CARE"": 308, ""COLLECT_FERTILIZER"": 318, ""DIG"": 25, ""DROP"": 80, ""EAST"": 857, ""FEED"": 319, ""FERTILIZE"": 107, ""HARVEST"": 338, ""NORTH"": 1236, ""PASS"": 377, ""PICKUP"": 339, ""PLACE"": 27, ""PLANT"": 131, ""SOUTH"": 929, ""WATER"": 851, ""WEST"": 1098}","{""BUY_ANIMAL"": 14, ""BUY_LAND"": 2, ""BUY_PRODUCT"": 279, ""BUY_SEED"": 54, ""HIRE"": 306, ""SELL"": 447}","{""BUY_ANIMAL:COW"": 8, ""BUY_ANIMAL:SHEEP"": 6, ""BUY_PRODUCT:WHEAT"": 967, ""BUY_SEED:MELON"": 21, ""BUY_SEED:STRAWBERRY"": 44, ""BUY_SEED:WHEAT"": 66, ""SELL:CARROT"": 13, ""SELL:EGG"": 8, ""SELL:FERTILIZER"": 437, ""SELL:MELON"": 224, ""SELL:MILK"": 558, ""SELL:STRAWBERRY"": 567, ""SELL:TOMATO"": 4, ""SELL:WHEAT"": 1108, ""SELL:WOOL"": 333}",conservative,hamburger,621,48,204,183,0,59,5,50,326,270,0,123,7,11,conservative,718,"{""MILK"": {""base"": 3, ""carried_value"": 690, ""chosen"": 3, ""deferred"": 0, ""gain"": 0.0, ""opponent_future"": 16.0, ""opponent_now"": 0.0, ""released"": 0, ""residual_value"": 0.0, ""step"": 716}, ""WOOL"": {""base"": 12, ""carried_value"": 2736, ""chosen"": 12, ""deferred"": 0, ""gain"": 0.0, ""opponent_future"": 6.6667, ""opponent_now"": 0.0, ""released"": 0, ""residual_value"": 0.0, ""step"": 715}}","{""MILK"": 0, ""WOOL"": 0}","[{""chosen"": {""WOOL"": 6}, ""pending"": {""WOOL"": 0}, ""step"": 280}, {""chosen"": {""WOOL"": 7}, ""pending"": {""WOOL"": 0}, ""step"": 358}, {""chosen"": {""WOOL"": 4}, ""pending"": {""WOOL"": 0}, ""step"": 365}, {""chosen"": {""MILK"": 9, ""WOOL"": 4}, ""pending"": {""MILK"": 0, ""WOOL"": 0}, ""step"": 366}, {""chosen"": {""MILK"": 9}, ""pending"": {""MILK"": 0, ""WOOL"": 0}, ""step"": 367}, {""chosen"": {""WOOL"": 8}, ""pending"": {""MILK"": 0, ""WOOL"": 0}, ""step"": 384}, {""chosen"": {""MILK"": 9}, ""pending"": {""MILK"": 0, ""WOOL"": 0}, ""step"": 386}, {""chosen"": {""MILK"": 9}, ""pending"": {""MILK"": 0, ""WOOL"": 0}, ""step"": 387}, {""chosen"": {""MILK"": 9}, ""pending"": {""MILK"": 0, ""WOOL"": 0}, ""step"": 409}, {""chosen"": {""WOOL"": 3}, ""pending"": {""MILK"": 0, ""WOOL"": 0}, ""step"": 424}, {""chosen"": {""MILK"": 3}, ""pending"": {""MILK"": 0, ""WOOL"": 0}, ""step"": 442}, {""chosen"": {""MILK"": 20}, ""pending"": {""MILK"": 0, ""WOOL"": 0}, ""step"": 444}, {""chosen"": {""WOOL"": 2}, ""pending"": {""MILK"": 0, ""WOOL"": 0}, ""step"": 449}, {""chosen"": {""MILK"": 12}, ""pending"": {""MILK"": 0, ""WOOL"": 0}, ""step"": 475}, {""chosen"": {""MILK"": 15}, ""pending"": {""MILK"": 0, ""WOOL"": 0}, ""step"": 489}, {""chosen"": {""MILK"": 15}, ""pending"": {""MILK"": 0, ""WOOL"": 0}, ""step"": 536}, {""chosen"": {""MILK"": 19, ""WOOL"": 24}, ""pending"": {""MILK"": 0, ""WOOL"": 0}, ""step"": 537}, {""chosen"": {""WOOL"": 24}, ""pending"": {""MILK"": 0, ""WOOL"": 0}, ""step"": 538}, {""chosen"": {""WOOL"": 2}, ""pending"": {""MILK"": 0, ""WOOL"": 0}, ""step"": 549}, {""chosen"": {""MILK"": 1}, ""pending"": {""MILK"": 0, ""WOOL"": 0}, ""step"": 569}, {""chosen"": {""MILK"": 2}, ""pending"": {""MILK"": 0, ""WOOL"": 0}, ""step"": 572}, {""chosen"": {""MILK"": 6}, ""pending"": {""MILK"": 0, ""WOOL"": 0}, ""step"": 607}, {""chosen"": {""MILK"": 9}, ""pending"": {""MILK"": 0, ""WOOL"": 0}, ""step"": 609}, {""chosen"": {""WOOL"": 2}, ""pending"": {""MILK"": 0, ""WOOL"": 1}, ""step"": 616}, {""chosen"": {""MILK"": 14, ""WOOL"": 10}, ""pending"": {""MILK"": 0, ""WOOL"": 0}, ""step"": 617}, {""chosen"": {""WOOL"": 1}, ""pending"": {""MILK"": 0, ""WOOL"": 0}, ""step"": 625}, {""chosen"": {""WOOL"": 2}, ""pending"": {""MILK"": 0, ""WOOL"": 0}, ""step"": 627}, {""chosen"": {""WOOL"": 12}, ""pending"": {""MILK"": 0, ""WOOL"": 0}, ""step"": 631}, {""chosen"": {""MILK"": 15}, ""pending"": {""MILK"": 0, ""WOOL"": 0}, ""step"": 633}, {""chosen"": {""MILK"": 0}, ""pending"": {""MILK"": 1, ""WOOL"": 0}, ""step"": 656}, {""chosen"": {""MILK"": 1, ""WOOL"": 0}, ""pending"": {""MILK"": 1, ""WOOL"": 1}, ""step"": 657}, {""chosen"": {""WOOL"": 1}, ""pending"": {""MILK"": 1, ""WOOL"": 1}, ""step"": 660}, {""chosen"": {""MILK"": 1, ""WOOL"": 1}, ""pending"": {""MILK"": 1, ""WOOL"": 1}, ""step"": 661}, {""chosen"": {""MILK"": 1}, ""pending"": {""MILK"": 1, ""WOOL"": 1}, ""step"": 667}, {""chosen"": {""MILK"": 1}, ""pending"": {""MILK"": 1, ""WOOL"": 1}, ""step"": 670}, {""chosen"": {""MILK"": 1}, ""pending"": {""MILK"": 1, ""WOOL"": 1}, ""step"": 673}, {""chosen"": {""MILK"": 5}, ""pending"": {""MILK"": 1, ""WOOL"": 1}, ""step"": 674}, {""chosen"": {""MILK"": 9}, ""pending"": {""MILK"": 0, ""WOOL"": 1}, ""step"": 678}, {""chosen"": {""MILK"": 9}, ""pending"": {""MILK"": 0, ""WOOL"": 1}, ""step"": 685}, {""chosen"": {""MILK"": 13}, ""pending"": {""MILK"": 0, ""WOOL"": 1}, ""step"": 686}, {""chosen"": {""MILK"": 9}, ""pending"": {""MILK"": 0, ""WOOL"": 1}, ""step"": 698}, {""chosen"": {""WOOL"": 1}, ""pending"": {""MILK"": 0, ""WOOL"": 1}, ""step"": 699}, {""chosen"": {""MILK"": 11}, ""pending"": {""MILK"": 0, ""WOOL"": 1}, ""step"": 702}, {""chosen"": {""MILK"": 3, ""WOOL"": 25}, ""pending"": {""MILK"": 0, ""WOOL"": 0}, ""step"": 703}, {""chosen"": {""WOOL"": 12}, ""pending"": {""MILK"": 0, ""WOOL"": 0}, ""step"": 709}, {""chosen"": {""MILK"": 9}, ""pending"": {""MILK"": 0, ""WOOL"": 0}, ""step"": 710}, {""chosen"": {""MILK"": 12, ""WOOL"": 20}, ""pending"": {""MILK"": 0, ""WOOL"": 0}, ""step"": 712}, {""chosen"": {""MILK"": 3}, ""pending"": {""MILK"": 0, ""WOOL"": 0}, ""step"": 713}, {""chosen"": {""MILK"": 3, ""WOOL"": 12}, ""pending"": {""MILK"": 0, ""WOOL"": 0}, ""step"": 715}, {""chosen"": {""MILK"": 3}, ""pending"": {""MILK"": 0, ""WOOL"": 0}, ""step"": 716}]",0,0,13,83,12
217,1,129005.0,109869.0,19136.0,win,DONE,DONE,1,3.8616179999662563,0,0,0,0,719,0,0,0.0249,2.212170000000001,5.796980000000009,9.1107,"{""BUILD_PASTURE"": 14, ""CARE"": 308, ""COLLECT_FERTILIZER"": 318, ""DIG"": 25, ""DROP"": 80, ""EAST"": 857, ""FEED"": 319, ""FERTILIZE"": 107, ""HARVEST"": 338, ""NORTH"": 1236, ""PASS"": 377, ""PICKUP"": 339, ""PLACE"": 27, ""PLANT"": 131, ""SOUTH"": 929, ""WATER"": 851, ""WEST"": 1098}","{""BUY_ANIMAL"": 14, ""BUY_LAND"": 2, ""BUY_PRODUCT"": 279, ""BUY_SEED"": 54, ""HIRE"": 306, ""SELL"": 447}","{""BUY_ANIMAL:COW"": 8, ""BUY_ANIMAL:SHEEP"": 6, ""BUY_PRODUCT:WHEAT"": 967, ""BUY_SEED:MELON"": 21, ""BUY_SEED:STRAWBERRY"": 44, ""BUY_SEED:WHEAT"": 66, ""SELL:CARROT"": 13, ""SELL:EGG"": 8, ""SELL:FERTILIZER"": 437, ""SELL:MELON"": 224, ""SELL:MILK"": 558, ""SELL:STRAWBERRY"": 567, ""SELL:TOMATO"": 4, ""SELL:WHEAT"": 1108, ""SELL:WOOL"": 333}",conservative,hamburger,621,48,204,183,0,59,5,50,326,270,0,123,7,11,conservative,718,"{""MILK"": {""base"": 3, ""carried_value"": 690, ""chosen"": 3, ""deferred"": 0, ""gain"": 0.0, ""opponent_future"": 16.0, ""opponent_now"": 0.0, ""released"": 0, ""residual_value"": 0.0, ""step"": 716}, ""WOOL"": {""base"": 12, ""carried_value"": 2736, ""chosen"": 12, ""deferred"": 0, ""gain"": 0.0, ""opponent_future"": 6.6667, ""opponent_now"": 0.0, ""released"": 0, ""residual_value"": 0.0, ""step"": 715}}","{""MILK"": 0, ""WOOL"": 0}","[{""chosen"": {""WOOL"": 6}, ""pending"": {""WOOL"": 0}, ""step"": 280}, {""chosen"": {""WOOL"": 7}, ""pending"": {""WOOL"": 0}, ""step"": 358}, {""chosen"": {""WOOL"": 4}, ""pending"": {""WOOL"": 0}, ""step"": 365}, {""chosen"": {""MILK"": 9, ""WOOL"": 4}, ""pending"": {""MILK"": 0, ""WOOL"": 0}, ""step"": 366}, {""chosen"": {""MILK"": 9}, ""pending"": {""MILK"": 0, ""WOOL"": 0}, ""step"": 367}, {""chosen"": {""WOOL"": 8}, ""pending"": {""MILK"": 0, ""WOOL"": 0}, ""step"": 384}, {""chosen"": {""MILK"": 9}, ""pending"": {""MILK"": 0, ""WOOL"": 0}, ""step"": 386}, {""chosen"": {""MILK"": 9}, ""pending"": {""MILK"": 0, ""WOOL"": 0}, ""step"": 387}, {""chosen"": {""MILK"": 9}, ""pending"": {""MILK"": 0, ""WOOL"": 0}, ""step"": 409}, {""chosen"": {""WOOL"": 3}, ""pending"": {""MILK"": 0, ""WOOL"": 0}, ""step"": 424}, {""chosen"": {""MILK"": 3}, ""pending"": {""MILK"": 0, ""WOOL"": 0}, ""step"": 442}, {""chosen"": {""MILK"": 20}, ""pending"": {""MILK"": 0, ""WOOL"": 0}, ""step"": 444}, {""chosen"": {""WOOL"": 2}, ""pending"": {""MILK"": 0, ""WOOL"": 0}, ""step"": 449}, {""chosen"": {""MILK"": 12}, ""pending"": {""MILK"": 0, ""WOOL"": 0}, ""step"": 475}, {""chosen"": {""MILK"": 15}, ""pending"": {""MILK"": 0, ""WOOL"": 0}, ""step"": 489}, {""chosen"": {""MILK"": 15}, ""pending"": {""MILK"": 0, ""WOOL"": 0}, ""step"": 536}, {""chosen"": {""MILK"": 19, ""WOOL"": 24}, ""pending"": {""MILK"": 0, ""WOOL"": 0}, ""step"": 537}, {""chosen"": {""WOOL"": 24}, ""pending"": {""MILK"": 0, ""WOOL"": 0}, ""step"": 538}, {""chosen"": {""WOOL"": 2}, ""pending"": {""MILK"": 0, ""WOOL"": 0}, ""step"": 549}, {""chosen"": {""MILK"": 1}, ""pending"": {""MILK"": 0, ""WOOL"": 0}, ""step"": 569}, {""chosen"": {""MILK"": 2}, ""pending"": {""MILK"": 0, ""WOOL"": 0}, ""step"": 572}, {""chosen"": {""MILK"": 6}, ""pending"": {""MILK"": 0, ""WOOL"": 0}, ""step"": 607}, {""chosen"": {""MILK"": 9}, ""pending"": {""MILK"": 0, ""WOOL"": 0}, ""step"": 609}, {""chosen"": {""WOOL"": 2}, ""pending"": {""MILK"": 0, ""WOOL"": 1}, ""step"": 616}, {""chosen"": {""MILK"": 14, ""WOOL"": 10}, ""pending"": {""MILK"": 0, ""WOOL"": 0}, ""step"": 617}, {""chosen"": {""WOOL"": 1}, ""pending"": {""MILK"": 0, ""WOOL"": 0}, ""step"": 625}, {""chosen"": {""WOOL"": 2}, ""pending"": {""MILK"": 0, ""WOOL"": 0}, ""step"": 627}, {""chosen"": {""WOOL"": 12}, ""pending"": {""MILK"": 0, ""WOOL"": 0}, ""step"": 631}, {""chosen"": {""MILK"": 15}, ""pending"": {""MILK"": 0, ""WOOL"": 0}, ""step"": 633}, {""chosen"": {""MILK"": 0}, ""pending"": {""MILK"": 1, ""WOOL"": 0}, ""step"": 656}, {""chosen"": {""MILK"": 1, ""WOOL"": 0}, ""pending"": {""MILK"": 1, ""WOOL"": 1}, ""step"": 657}, {""chosen"": {""WOOL"": 1}, ""pending"": {""MILK"": 1, ""WOOL"": 1}, ""step"": 660}, {""chosen"": {""MILK"": 1, ""WOOL"": 1}, ""pending"": {""MILK"": 1, ""WOOL"": 1}, ""step"": 661}, {""chosen"": {""MILK"": 1}, ""pending"": {""MILK"": 1, ""WOOL"": 1}, ""step"": 667}, {""chosen"": {""MILK"": 1}, ""pending"": {""MILK"": 1, ""WOOL"": 1}, ""step"": 670}, {""chosen"": {""MILK"": 1}, ""pending"": {""MILK"": 1, ""WOOL"": 1}, ""step"": 673}, {""chosen"": {""MILK"": 5}, ""pending"": {""MILK"": 1, ""WOOL"": 1}, ""step"": 674}, {""chosen"": {""MILK"": 9}, ""pending"": {""MILK"": 0, ""WOOL"": 1}, ""step"": 678}, {""chosen"": {""MILK"": 9}, ""pending"": {""MILK"": 0, ""WOOL"": 1}, ""step"": 685}, {""chosen"": {""MILK"": 13}, ""pending"": {""MILK"": 0, ""WOOL"": 1}, ""step"": 686}, {""chosen"": {""MILK"": 9}, ""pending"": {""MILK"": 0, ""WOOL"": 1}, ""step"": 698}, {""chosen"": {""WOOL"": 1}, ""pending"": {""MILK"": 0, ""WOOL"": 1}, ""step"": 699}, {""chosen"": {""MILK"": 11}, ""pending"": {""MILK"": 0, ""WOOL"": 1}, ""step"": 702}, {""chosen"": {""MILK"": 3, ""WOOL"": 25}, ""pending"": {""MILK"": 0, ""WOOL"": 0}, ""step"": 703}, {""chosen"": {""WOOL"": 12}, ""pending"": {""MILK"": 0, ""WOOL"": 0}, ""step"": 709}, {""chosen"": {""MILK"": 9}, ""pending"": {""MILK"": 0, ""WOOL"": 0}, ""step"": 710}, {""chosen"": {""MILK"": 12, ""WOOL"": 20}, ""pending"": {""MILK"": 0, ""WOOL"": 0}, ""step"": 712}, {""chosen"": {""MILK"": 3}, ""pending"": {""MILK"": 0, ""WOOL"": 0}, ""step"": 713}, {""chosen"": {""MILK"": 3, ""WOOL"": 12}, ""pending"": {""MILK"": 0, ""WOOL"": 0}, ""step"": 715}, {""chosen"": {""MILK"": 3}, ""pending"": {""MILK"": 0, ""WOOL"": 0}, ""step"": 716}]",0,0,13,83,12
317,0,166366.0,149248.0,17118.0,win,DONE,DONE,1,3.614560700021684,0,0,0,0,719,0,0,0.0268,0.2352000000000001,5.721844000000003,13.6453,"{""BUILD_PASTURE"": 14, ""CARE"": 308, ""COLLECT_FERTILIZER"": 318, ""DIG"": 25, ""DROP"": 80, ""EAST"": 857, ""FEED"": 319, ""FERTILIZE"": 107, ""HARVEST"": 338, ""NORTH"": 1236, ""PASS"": 377, ""PICKUP"": 339, ""PLACE"": 27, ""PLANT"": 131, ""SOUTH"": 929, ""WATER"": 851, ""WEST"": 1098}","{""BUY_ANIMAL"": 14, ""BUY_LAND"": 2, ""BUY_PRODUCT"": 279, ""BUY_SEED"": 54, ""HIRE"": 306, ""SELL"": 481}","{""BUY_ANIMAL:COW"": 8, ""BUY_ANIMAL:SHEEP"": 6, ""BUY_PRODUCT:WHEAT"": 967, ""BUY_SEED:MELON"": 21, ""BUY_SEED:STRAWBERRY"": 44, ""BUY_SEED:WHEAT"": 66, ""SELL:CARROT"": 13, ""SELL:EGG"": 8, ""SELL:FERTILIZER"": 445, ""SELL:MELON"": 224, ""SELL:MILK"": 682, ""SELL:STRAWBERRY"": 636, ""SELL:TOMATO"": 4, ""SELL:WHEAT"": 1108, ""SELL:WOOL"": 373}",conservative,hamburger,608,84,106,106,0,40,0,27,171,171,0,101,0,11,conservative,718,"{""MILK"": {""base"": 3, ""carried_value"": 804, ""chosen"": 3, ""deferred"": 0, ""gain"": 0.0, ""opponent_future"": 16.0, ""opponent_now"": 0.0, ""released"": 0, ""residual_value"": 0.0, ""step"": 716}, ""WOOL"": {""base"": 12, ""carried_value"": 2892, ""chosen"": 12, ""deferred"": 0, ""gain"": 0.0, ""opponent_future"": 6.6667, ""opponent_now"": 0.0, ""released"": 0, ""residual_value"": 0.0, ""step"": 715}}","{""MILK"": 0, ""WOOL"": 0}","[{""chosen"": {""WOOL"": 6}, ""pending"": {""WOOL"": 0}, ""step"": 280}, {""chosen"": {""WOOL"": 4}, ""pending"": {""WOOL"": 0}, ""step"": 365}, {""chosen"": {""MILK"": 15}, ""pending"": {""MILK"": 0, ""WOOL"": 0}, ""step"": 536}, {""chosen"": {""MILK"": 6}, ""pending"": {""MILK"": 0, ""WOOL"": 0}, ""step"": 607}, {""chosen"": {""WOOL"": 1}, ""pending"": {""MILK"": 0, ""WOOL"": 0}, ""step"": 625}, {""chosen"": {""WOOL"": 2}, ""pending"": {""MILK"": 0, ""WOOL"": 0}, ""step"": 627}, {""chosen"": {""MILK"": 9}, ""pending"": {""MILK"": 0, ""WOOL"": 0}, ""step"": 656}, {""chosen"": {""MILK"": 9, ""WOOL"": 1}, ""pending"": {""MILK"": 0, ""WOOL"": 0}, ""step"": 657}, {""chosen"": {""WOOL"": 1}, ""pending"": {""MILK"": 0, ""WOOL"": 0}, ""step"": 660}, {""chosen"": {""MILK"": 10, ""WOOL"": 1}, ""pending"": {""MILK"": 0, ""WOOL"": 0}, ""step"": 661}, {""chosen"": {""MILK"": 4}, ""pending"": {""MILK"": 0, ""WOOL"": 0}, ""step"": 667}, {""chosen"": {""MILK"": 15}, ""pending"": {""MILK"": 0, ""WOOL"": 0}, ""step"": 670}, {""chosen"": {""MILK"": 12}, ""pending"": {""MILK"": 0, ""WOOL"": 0}, ""step"": 673}, {""chosen"": {""MILK"": 8}, ""pending"": {""MILK"": 0, ""WOOL"": 0}, ""step"": 674}, {""chosen"": {""MILK"": 8}, ""pending"": {""MILK"": 0, ""WOOL"": 0}, ""step"": 678}, {""chosen"": {""MILK"": 9}, ""pending"": {""MILK"": 0, ""WOOL"": 0}, ""step"": 685}, {""chosen"": {""MILK"": 13}, ""pending"": {""MILK"": 0, ""WOOL"": 0}, ""step"": 686}, {""chosen"": {""MILK"": 9}, ""pending"": {""MILK"": 0, ""WOOL"": 0}, ""step"": 698}, {""chosen"": {""WOOL"": 22}, ""pending"": {""MILK"": 0, ""WOOL"": 0}, ""step"": 699}, {""chosen"": {""MILK"": 11}, ""pending"": {""MILK"": 0, ""WOOL"": 0}, ""step"": 702}, {""chosen"": {""MILK"": 3, ""WOOL"": 24}, ""pending"": {""MILK"": 0, ""WOOL"": 0}, ""step"": 703}, {""chosen"": {""WOOL"": 12}, ""pending"": {""MILK"": 0, ""WOOL"": 0}, ""step"": 709}, {""chosen"": {""MILK"": 9}, ""pending"": {""MILK"": 0, ""WOOL"": 0}, ""step"": 710}, {""chosen"": {""MILK"": 12, ""WOOL"": 20}, ""pending"": {""MILK"": 0, ""WOOL"": 0}, ""step"": 712}, {""chosen"": {""MILK"": 3}, ""pending"": {""MILK"": 0, ""WOOL"": 0}, ""step"": 713}, {""chosen"": {""MILK"": 3, ""WOOL"": 12}, ""pending"": {""MILK"": 0, ""WOOL"": 0}, ""step"": 715}, {""chosen"": {""MILK"": 3}, ""pending"": {""MILK"": 0, ""WOOL"": 0}, ""step"": 716}]",0,0,,,
317,1,166518.0,149250.0,17268.0,win,DONE,DONE,1,3.855043300020043,0,0,0,0,719,0,0,0.0259,0.1950700000000001,5.915034000000006,9.7862,"{""BUILD_PASTURE"": 14, ""CARE"": 308, ""COLLECT_FERTILIZER"": 318, ""DIG"": 25, ""DROP"": 80, ""EAST"": 857, ""FEED"": 319, ""FERTILIZE"": 107, ""HARVEST"": 338, ""NORTH"": 1236, ""PASS"": 377, ""PICKUP"": 339, ""PLACE"": 27, ""PLANT"": 131, ""SOUTH"": 929, ""WATER"": 851, ""WEST"": 1098}","{""BUY_ANIMAL"": 14, ""BUY_LAND"": 2, ""BUY_PRODUCT"": 279, ""BUY_SEED"": 54, ""HIRE"": 306, ""SELL"": 481}","{""BUY_ANIMAL:COW"": 8, ""BUY_ANIMAL:SHEEP"": 6, ""BUY_PRODUCT:WHEAT"": 967, ""BUY_SEED:MELON"": 21, ""BUY_SEED:STRAWBERRY"": 44, ""BUY_SEED:WHEAT"": 66, ""SELL:CARROT"": 13, ""SELL:EGG"": 8, ""SELL:FERTILIZER"": 445, ""SELL:MELON"": 224, ""SELL:MILK"": 682, ""SELL:STRAWBERRY"": 636, ""SELL:TOMATO"": 4, ""SELL:WHEAT"": 1108, ""SELL:WOOL"": 373}",conservative,hamburger,608,84,106,106,0,40,0,27,171,171,0,101,0,11,conservative,718,"{""MILK"": {""base"": 3, ""carried_value"": 804, ""chosen"": 3, ""deferred"": 0, ""gain"": 0.0, ""opponent_future"": 16.0, ""opponent_now"": 0.0, ""released"": 0, ""residual_value"": 0.0, ""step"": 716}, ""WOOL"": {""base"": 12, ""carried_value"": 2892, ""chosen"": 12, ""deferred"": 0, ""gain"": 0.0, ""opponent_future"": 6.6667, ""opponent_now"": 0.0, ""released"": 0, ""residual_value"": 0.0, ""step"": 715}}","{""MILK"": 0, ""WOOL"": 0}","[{""chosen"": {""WOOL"": 6}, ""pending"": {""WOOL"": 0}, ""step"": 280}, {""chosen"": {""WOOL"": 4}, ""pending"": {""WOOL"": 0}, ""step"": 365}, {""chosen"": {""MILK"": 15}, ""pending"": {""MILK"": 0, ""WOOL"": 0}, ""step"": 536}, {""chosen"": {""MILK"": 6}, ""pending"": {""MILK"": 0, ""WOOL"": 0}, ""step"": 607}, {""chosen"": {""WOOL"": 1}, ""pending"": {""MILK"": 0, ""WOOL"": 0}, ""step"": 625}, {""chosen"": {""WOOL"": 2}, ""pending"": {""MILK"": 0, ""WOOL"": 0}, ""step"": 627}, {""chosen"": {""MILK"": 9}, ""pending"": {""MILK"": 0, ""WOOL"": 0}, ""step"": 656}, {""chosen"": {""MILK"": 9, ""WOOL"": 1}, ""pending"": {""MILK"": 0, ""WOOL"": 0}, ""step"": 657}, {""chosen"": {""WOOL"": 1}, ""pending"": {""MILK"": 0, ""WOOL"": 0}, ""step"": 660}, {""chosen"": {""MILK"": 10, ""WOOL"": 1}, ""pending"": {""MILK"": 0, ""WOOL"": 0}, ""step"": 661}, {""chosen"": {""MILK"": 4}, ""pending"": {""MILK"": 0, ""WOOL"": 0}, ""step"": 667}, {""chosen"": {""MILK"": 15}, ""pending"": {""MILK"": 0, ""WOOL"": 0}, ""step"": 670}, {""chosen"": {""MILK"": 12}, ""pending"": {""MILK"": 0, ""WOOL"": 0}, ""step"": 673}, {""chosen"": {""MILK"": 8}, ""pending"": {""MILK"": 0, ""WOOL"": 0}, ""step"": 674}, {""chosen"": {""MILK"": 8}, ""pending"": {""MILK"": 0, ""WOOL"": 0}, ""step"": 678}, {""chosen"": {""MILK"": 9}, ""pending"": {""MILK"": 0, ""WOOL"": 0}, ""step"": 685}, {""chosen"": {""MILK"": 13}, ""pending"": {""MILK"": 0, ""WOOL"": 0}, ""step"": 686}, {""chosen"": {""MILK"": 9}, ""pending"": {""MILK"": 0, ""WOOL"": 0}, ""step"": 698}, {""chosen"": {""WOOL"": 22}, ""pending"": {""MILK"": 0, ""WOOL"": 0}, ""step"": 699}, {""chosen"": {""MILK"": 11}, ""pending"": {""MILK"": 0, ""WOOL"": 0}, ""step"": 702}, {""chosen"": {""MILK"": 3, ""WOOL"": 24}, ""pending"": {""MILK"": 0, ""WOOL"": 0}, ""step"": 703}, {""chosen"": {""WOOL"": 12}, ""pending"": {""MILK"": 0, ""WOOL"": 0}, ""step"": 709}, {""chosen"": {""MILK"": 9}, ""pending"": {""MILK"": 0, ""WOOL"": 0}, ""step"": 710}, {""chosen"": {""MILK"": 12, ""WOOL"": 20}, ""pending"": {""MILK"": 0, ""WOOL"": 0}, ""step"": 712}, {""chosen"": {""MILK"": 3}, ""pending"": {""MILK"": 0, ""WOOL"": 0}, ""step"": 713}, {""chosen"": {""MILK"": 3, ""WOOL"": 12}, ""pending"": {""MILK"": 0, ""WOOL"": 0}, ""step"": 715}, {""chosen"": {""MILK"": 3}, ""pending"": {""MILK"": 0, ""WOOL"": 0}, ""step"": 716}]",0,0,,,
733,0,155820.0,138172.0,17648.0,win,DONE,DONE,1,3.7238761000335217,0,0,0,0,719,0,0,0.0271,1.5739000000000014,6.864758,9.9712,"{""BUILD_PASTURE"": 14, ""CARE"": 308, ""COLLECT_FERTILIZER"": 318, ""DIG"": 25, ""DROP"": 80, ""EAST"": 857, ""FEED"": 319, ""FERTILIZE"": 107, ""HARVEST"": 338, ""NORTH"": 1236, ""PASS"": 377, ""PICKUP"": 339, ""PLACE"": 27, ""PLANT"": 131, ""SOUTH"": 929, ""WATER"": 851, ""WEST"": 1098}","{""BUY_ANIMAL"": 14, ""BUY_LAND"": 2, ""BUY_PRODUCT"": 279, ""BUY_SEED"": 54, ""HIRE"": 306, ""SELL"": 474}","{""BUY_ANIMAL:COW"": 8, ""BUY_ANIMAL:SHEEP"": 6, ""BUY_PRODUCT:WHEAT"": 967, ""BUY_SEED:MELON"": 21, ""BUY_SEED:STRAWBERRY"": 44, ""BUY_SEED:WHEAT"": 66, ""SELL:CARROT"": 13, ""SELL:EGG"": 8, ""SELL:FERTILIZER"": 445, ""SELL:MELON"": 224, ""SELL:MILK"": 581, ""SELL:STRAWBERRY"": 636, ""SELL:TOMATO"": 4, ""SELL:WHEAT"": 1108, ""SELL:WOOL"": 373}",conservative,hamburger,608,68,165,165,0,46,0,43,322,221,0,144,12,11,conservative,718,"{""MILK"": {""base"": 3, ""carried_value"": 660, ""chosen"": 3, ""deferred"": 0, ""gain"": 0.0, ""opponent_future"": 16.0, ""opponent_now"": 0.0, ""released"": 0, ""residual_value"": 0.0, ""step"": 716}, ""WOOL"": {""base"": 12, ""carried_value"": 2916, ""chosen"": 12, ""deferred"": 0, ""gain"": 0.0, ""opponent_future"": 6.6667, ""opponent_now"": 0.0, ""released"": 0, ""residual_value"": 0.0, ""step"": 715}}","{""MILK"": 0, ""WOOL"": 0}","[{""chosen"": {""WOOL"": 6}, ""pending"": {""WOOL"": 0}, ""step"": 280}, {""chosen"": {""WOOL"": 4}, ""pending"": {""WOOL"": 0}, ""step"": 365}, {""chosen"": {""MILK"": 9}, ""pending"": {""MILK"": 0, ""WOOL"": 0}, ""step"": 409}, {""chosen"": {""MILK"": 5}, ""pending"": {""MILK"": 0, ""WOOL"": 0}, ""step"": 439}, {""chosen"": {""MILK"": 14}, ""pending"": {""MILK"": 1, ""WOOL"": 0}, ""step"": 484}, {""chosen"": {""MILK"": 0}, ""pending"": {""MILK"": 1, ""WOOL"": 0}, ""step"": 485}, {""chosen"": {""MILK"": 16}, ""pending"": {""MILK"": 0, ""WOOL"": 0}, ""step"": 489}, {""chosen"": {""MILK"": 0}, ""pending"": {""MILK"": 1, ""WOOL"": 0}, ""step"": 524}, {""chosen"": {""MILK"": 3}, ""pending"": {""MILK"": 0, ""WOOL"": 0}, ""step"": 525}, {""chosen"": {""MILK"": 15}, ""pending"": {""MILK"": 0, ""WOOL"": 0}, ""step"": 536}, {""chosen"": {""MILK"": 19, ""WOOL"": 24}, ""pending"": {""MILK"": 0, ""WOOL"": 0}, ""step"": 537}, {""chosen"": {""WOOL"": 2}, ""pending"": {""MILK"": 0, ""WOOL"": 0}, ""step"": 549}, {""chosen"": {""MILK"": 6}, ""pending"": {""MILK"": 0, ""WOOL"": 0}, ""step"": 607}, {""chosen"": {""MILK"": 0}, ""pending"": {""MILK"": 1, ""WOOL"": 0}, ""step"": 608}, {""chosen"": {""MILK"": 10}, ""pending"": {""MILK"": 0, ""WOOL"": 0}, ""step"": 609}, {""chosen"": {""MILK"": 0, ""WOOL"": 9}, ""pending"": {""MILK"": 1, ""WOOL"": 0}, ""step"": 612}, {""chosen"": {""MILK"": 10, ""WOOL"": 9}, ""pending"": {""MILK"": 0, ""WOOL"": 0}, ""step"": 613}, {""chosen"": {""WOOL"": 3}, ""pending"": {""MILK"": 0, ""WOOL"": 0}, ""step"": 616}, {""chosen"": {""WOOL"": 1}, ""pending"": {""MILK"": 0, ""WOOL"": 0}, ""step"": 625}, {""chosen"": {""WOOL"": 2}, ""pending"": {""MILK"": 0, ""WOOL"": 0}, ""step"": 627}, {""chosen"": {""WOOL"": 12}, ""pending"": {""MILK"": 0, ""WOOL"": 0}, ""step"": 631}, {""chosen"": {""MILK"": 30}, ""pending"": {""MILK"": 0, ""WOOL"": 0}, ""step"": 637}, {""chosen"": {""MILK"": 0}, ""pending"": {""MILK"": 1, ""WOOL"": 0}, ""step"": 656}, {""chosen"": {""MILK"": 1, ""WOOL"": 1}, ""pending"": {""MILK"": 1, ""WOOL"": 0}, ""step"": 657}, {""chosen"": {""WOOL"": 1}, ""pending"": {""MILK"": 1, ""WOOL"": 0}, ""step"": 660}, {""chosen"": {""MILK"": 1, ""WOOL"": 1}, ""pending"": {""MILK"": 1, ""WOOL"": 0}, ""step"": 661}, {""chosen"": {""MILK"": 1}, ""pending"": {""MILK"": 1, ""WOOL"": 0}, ""step"": 667}, {""chosen"": {""MILK"": 1}, ""pending"": {""MILK"": 1, ""WOOL"": 0}, ""step"": 670}, {""chosen"": {""MILK"": 1}, ""pending"": {""MILK"": 1, ""WOOL"": 0}, ""step"": 673}, {""chosen"": {""MILK"": 1}, ""pending"": {""MILK"": 1, ""WOOL"": 0}, ""step"": 674}, {""chosen"": {""MILK"": 2}, ""pending"": {""MILK"": 1, ""WOOL"": 0}, ""step"": 678}, {""chosen"": {""MILK"": 10}, ""pending"": {""MILK"": 0, ""WOOL"": 0}, ""step"": 685}, {""chosen"": {""MILK"": 13}, ""pending"": {""MILK"": 0, ""WOOL"": 0}, ""step"": 686}, {""chosen"": {""MILK"": 9}, ""pending"": {""MILK"": 0, ""WOOL"": 0}, ""step"": 698}, {""chosen"": {""WOOL"": 22}, ""pending"": {""MILK"": 0, ""WOOL"": 0}, ""step"": 699}, {""chosen"": {""MILK"": 11}, ""pending"": {""MILK"": 0, ""WOOL"": 0}, ""step"": 702}, {""chosen"": {""MILK"": 3, ""WOOL"": 24}, ""pending"": {""MILK"": 0, ""WOOL"": 0}, ""step"": 703}, {""chosen"": {""WOOL"": 12}, ""pending"": {""MILK"": 0, ""WOOL"": 0}, ""step"": 709}, {""chosen"": {""MILK"": 9}, ""pending"": {""MILK"": 0, ""WOOL"": 0}, ""step"": 710}, {""chosen"": {""MILK"": 12, ""WOOL"": 20}, ""pending"": {""MILK"": 0, ""WOOL"": 0}, ""step"": 712}, {""chosen"": {""MILK"": 3}, ""pending"": {""MILK"": 0, ""WOOL"": 0}, ""step"": 713}, {""chosen"": {""MILK"": 3, ""WOOL"": 12}, ""pending"": {""MILK"": 0, ""WOOL"": 0}, ""step"": 715}, {""chosen"": {""MILK"": 3}, ""pending"": {""MILK"": 0, ""WOOL"": 0}, ""step"": 716}]",0,0,18,111,18
733,1,156030.0,138172.0,17858.0,win,DONE,DONE,1,3.691211600031238,0,0,0,0,719,0,0,0.0243,1.4991100000000017,6.698920000000002,9.5769,"{""BUILD_PASTURE"": 14, ""CARE"": 308, ""COLLECT_FERTILIZER"": 318, ""DIG"": 25, ""DROP"": 80, ""EAST"": 857, ""FEED"": 319, ""FERTILIZE"": 107, ""HARVEST"": 338, ""NORTH"": 1236, ""PASS"": 377, ""PICKUP"": 339, ""PLACE"": 27, ""PLANT"": 131, ""SOUTH"": 929, ""WATER"": 851, ""WEST"": 1098}","{""BUY_ANIMAL"": 14, ""BUY_LAND"": 2, ""BUY_PRODUCT"": 279, ""BUY_SEED"": 54, ""HIRE"": 306, ""SELL"": 474}","{""BUY_ANIMAL:COW"": 8, ""BUY_ANIMAL:SHEEP"": 6, ""BUY_PRODUCT:WHEAT"": 967, ""BUY_SEED:MELON"": 21, ""BUY_SEED:STRAWBERRY"": 44, ""BUY_SEED:WHEAT"": 66, ""SELL:CARROT"": 13, ""SELL:EGG"": 8, ""SELL:FERTILIZER"": 445, ""SELL:MELON"": 224, ""SELL:MILK"": 581, ""SELL:STRAWBERRY"": 636, ""SELL:TOMATO"": 4, ""SELL:WHEAT"": 1108, ""SELL:WOOL"": 373}",conservative,hamburger,608,68,165,165,0,46,0,43,322,221,0,144,12,11,conservative,718,"{""MILK"": {""base"": 3, ""carried_value"": 660, ""chosen"": 3, ""deferred"": 0, ""gain"": 0.0, ""opponent_future"": 16.0, ""opponent_now"": 0.0, ""released"": 0, ""residual_value"": 0.0, ""step"": 716}, ""WOOL"": {""base"": 12, ""carried_value"": 2916, ""chosen"": 12, ""deferred"": 0, ""gain"": 0.0, ""opponent_future"": 6.6667, ""opponent_now"": 0.0, ""released"": 0, ""residual_value"": 0.0, ""step"": 715}}","{""MILK"": 0, ""WOOL"": 0}","[{""chosen"": {""WOOL"": 6}, ""pending"": {""WOOL"": 0}, ""step"": 280}, {""chosen"": {""WOOL"": 4}, ""pending"": {""WOOL"": 0}, ""step"": 365}, {""chosen"": {""MILK"": 9}, ""pending"": {""MILK"": 0, ""WOOL"": 0}, ""step"": 409}, {""chosen"": {""MILK"": 5}, ""pending"": {""MILK"": 0, ""WOOL"": 0}, ""step"": 439}, {""chosen"": {""MILK"": 14}, ""pending"": {""MILK"": 1, ""WOOL"": 0}, ""step"": 484}, {""chosen"": {""MILK"": 0}, ""pending"": {""MILK"": 1, ""WOOL"": 0}, ""step"": 485}, {""chosen"": {""MILK"": 16}, ""pending"": {""MILK"": 0, ""WOOL"": 0}, ""step"": 489}, {""chosen"": {""MILK"": 0}, ""pending"": {""MILK"": 1, ""WOOL"": 0}, ""step"": 524}, {""chosen"": {""MILK"": 3}, ""pending"": {""MILK"": 0, ""WOOL"": 0}, ""step"": 525}, {""chosen"": {""MILK"": 15}, ""pending"": {""MILK"": 0, ""WOOL"": 0}, ""step"": 536}, {""chosen"": {""MILK"": 19, ""WOOL"": 24}, ""pending"": {""MILK"": 0, ""WOOL"": 0}, ""step"": 537}, {""chosen"": {""WOOL"": 2}, ""pending"": {""MILK"": 0, ""WOOL"": 0}, ""step"": 549}, {""chosen"": {""MILK"": 6}, ""pending"": {""MILK"": 0, ""WOOL"": 0}, ""step"": 607}, {""chosen"": {""MILK"": 0}, ""pending"": {""MILK"": 1, ""WOOL"": 0}, ""step"": 608}, {""chosen"": {""MILK"": 10}, ""pending"": {""MILK"": 0, ""WOOL"": 0}, ""step"": 609}, {""chosen"": {""MILK"": 0, ""WOOL"": 9}, ""pending"": {""MILK"": 1, ""WOOL"": 0}, ""step"": 612}, {""chosen"": {""MILK"": 10, ""WOOL"": 9}, ""pending"": {""MILK"": 0, ""WOOL"": 0}, ""step"": 613}, {""chosen"": {""WOOL"": 3}, ""pending"": {""MILK"": 0, ""WOOL"": 0}, ""step"": 616}, {""chosen"": {""WOOL"": 1}, ""pending"": {""MILK"": 0, ""WOOL"": 0}, ""step"": 625}, {""chosen"": {""WOOL"": 2}, ""pending"": {""MILK"": 0, ""WOOL"": 0}, ""step"": 627}, {""chosen"": {""WOOL"": 12}, ""pending"": {""MILK"": 0, ""WOOL"": 0}, ""step"": 631}, {""chosen"": {""MILK"": 30}, ""pending"": {""MILK"": 0, ""WOOL"": 0}, ""step"": 637}, {""chosen"": {""MILK"": 0}, ""pending"": {""MILK"": 1, ""WOOL"": 0}, ""step"": 656}, {""chosen"": {""MILK"": 1, ""WOOL"": 1}, ""pending"": {""MILK"": 1, ""WOOL"": 0}, ""step"": 657}, {""chosen"": {""WOOL"": 1}, ""pending"": {""MILK"": 1, ""WOOL"": 0}, ""step"": 660}, {""chosen"": {""MILK"": 1, ""WOOL"": 1}, ""pending"": {""MILK"": 1, ""WOOL"": 0}, ""step"": 661}, {""chosen"": {""MILK"": 1}, ""pending"": {""MILK"": 1, ""WOOL"": 0}, ""step"": 667}, {""chosen"": {""MILK"": 1}, ""pending"": {""MILK"": 1, ""WOOL"": 0}, ""step"": 670}, {""chosen"": {""MILK"": 1}, ""pending"": {""MILK"": 1, ""WOOL"": 0}, ""step"": 673}, {""chosen"": {""MILK"": 1}, ""pending"": {""MILK"": 1, ""WOOL"": 0}, ""step"": 674}, {""chosen"": {""MILK"": 2}, ""pending"": {""MILK"": 1, ""WOOL"": 0}, ""step"": 678}, {""chosen"": {""MILK"": 10}, ""pending"": {""MILK"": 0, ""WOOL"": 0}, ""step"": 685}, {""chosen"": {""MILK"": 13}, ""pending"": {""MILK"": 0, ""WOOL"": 0}, ""step"": 686}, {""chosen"": {""MILK"": 9}, ""pending"": {""MILK"": 0, ""WOOL"": 0}, ""step"": 698}, {""chosen"": {""WOOL"": 22}, ""pending"": {""MILK"": 0, ""WOOL"": 0}, ""step"": 699}, {""chosen"": {""MILK"": 11}, ""pending"": {""MILK"": 0, ""WOOL"": 0}, ""step"": 702}, {""chosen"": {""MILK"": 3, ""WOOL"": 24}, ""pending"": {""MILK"": 0, ""WOOL"": 0}, ""step"": 703}, {""chosen"": {""WOOL"": 12}, ""pending"": {""MILK"": 0, ""WOOL"": 0}, ""step"": 709}, {""chosen"": {""MILK"": 9}, ""pending"": {""MILK"": 0, ""WOOL"": 0}, ""step"": 710}, {""chosen"": {""MILK"": 12, ""WOOL"": 20}, ""pending"": {""MILK"": 0, ""WOOL"": 0}, ""step"": 712}, {""chosen"": {""MILK"": 3}, ""pending"": {""MILK"": 0, ""WOOL"": 0}, ""step"": 713}, {""chosen"": {""MILK"": 3, ""WOOL"": 12}, ""pending"": {""MILK"": 0, ""WOOL"": 0}, ""step"": 715}, {""chosen"": {""MILK"": 3}, ""pending"": {""MILK"": 0, ""WOOL"": 0}, ""step"": 716}]",0,0,18,111,18
17,0,139039.0,140583.0,-1544.0,loss,DONE,DONE,1,3.8593267000396736,0,0,0,0,719,0,0,0.0265,0.21198000000000014,5.741440000000002,14.4349,"{""BUILD_PASTURE"": 14, ""CARE"": 308, ""COLLECT_FERTILIZER"": 318, ""DIG"": 25, ""DROP"": 80, ""EAST"": 857, ""FEED"": 319, ""FERTILIZE"": 107, ""HARVEST"": 338, ""NORTH"": 1236, ""PASS"": 377, ""PICKUP"": 339, ""PLACE"": 27, ""PLANT"": 131, ""SOUTH"": 929, ""WATER"": 851, ""WEST"": 1098}","{""BUY_ANIMAL"": 14, ""BUY_LAND"": 2, ""BUY_PRODUCT"": 279, ""BUY_SEED"": 54, ""HIRE"": 306, ""SELL"": 481}","{""BUY_ANIMAL:COW"": 8, ""BUY_ANIMAL:SHEEP"": 6, ""BUY_PRODUCT:WHEAT"": 967, ""BUY_SEED:MELON"": 21, ""BUY_SEED:STRAWBERRY"": 44, ""BUY_SEED:WHEAT"": 66, ""SELL:CARROT"": 13, ""SELL:EGG"": 8, ""SELL:FERTILIZER"": 445, ""SELL:MELON"": 224, ""SELL:MILK"": 682, ""SELL:STRAWBERRY"": 636, ""SELL:TOMATO"": 4, ""SELL:WHEAT"": 1108, ""SELL:WOOL"": 373}",conservative,frontier,608,79,137,137,0,45,0,32,198,198,0,104,0,11,conservative,718,"{""MILK"": {""base"": 3, ""carried_value"": 804, ""chosen"": 3, ""deferred"": 0, ""gain"": 0.0, ""opponent_future"": 16.0, ""opponent_now"": 0.0, ""released"": 0, ""residual_value"": 0.0, ""step"": 716}, ""WOOL"": {""base"": 12, ""carried_value"": 1904, ""chosen"": 12, ""deferred"": 0, ""gain"": 0.0, ""opponent_future"": 8.0, ""opponent_now"": 0.0, ""released"": 0, ""residual_value"": 0.0, ""step"": 715}}","{""MILK"": 0, ""WOOL"": 0}","[{""chosen"": {""WOOL"": 6}, ""pending"": {""WOOL"": 0}, ""step"": 280}, {""chosen"": {""WOOL"": 7}, ""pending"": {""WOOL"": 0}, ""step"": 358}, {""chosen"": {""WOOL"": 4}, ""pending"": {""WOOL"": 0}, ""step"": 365}, {""chosen"": {""MILK"": 9}, ""pending"": {""MILK"": 0, ""WOOL"": 0}, ""step"": 386}, {""chosen"": {""MILK"": 3}, ""pending"": {""MILK"": 0, ""WOOL"": 0}, ""step"": 437}, {""chosen"": {""MILK"": 15}, ""pending"": {""MILK"": 0, ""WOOL"": 0}, ""step"": 536}, {""chosen"": {""WOOL"": 24}, ""pending"": {""MILK"": 0, ""WOOL"": 0}, ""step"": 538}, {""chosen"": {""MILK"": 6}, ""pending"": {""MILK"": 0, ""WOOL"": 0}, ""step"": 607}, {""chosen"": {""WOOL"": 1}, ""pending"": {""MILK"": 0, ""WOOL"": 0}, ""step"": 625}, {""chosen"": {""WOOL"": 2}, ""pending"": {""MILK"": 0, ""WOOL"": 0}, ""step"": 627}, {""chosen"": {""MILK"": 15}, ""pending"": {""MILK"": 0, ""WOOL"": 0}, ""step"": 633}, {""chosen"": {""MILK"": 9}, ""pending"": {""MILK"": 0, ""WOOL"": 0}, ""step"": 656}, {""chosen"": {""MILK"": 9, ""WOOL"": 1}, ""pending"": {""MILK"": 0, ""WOOL"": 0}, ""step"": 657}, {""chosen"": {""WOOL"": 1}, ""pending"": {""MILK"": 0, ""WOOL"": 0}, ""step"": 660}, {""chosen"": {""MILK"": 10, ""WOOL"": 1}, ""pending"": {""MILK"": 0, ""WOOL"": 0}, ""step"": 661}, {""chosen"": {""MILK"": 4}, ""pending"": {""MILK"": 0, ""WOOL"": 0}, ""step"": 667}, {""chosen"": {""MILK"": 15}, ""pending"": {""MILK"": 0, ""WOOL"": 0}, ""step"": 670}, {""chosen"": {""MILK"": 12}, ""pending"": {""MILK"": 0, ""WOOL"": 0}, ""step"": 673}, {""chosen"": {""MILK"": 8}, ""pending"": {""MILK"": 0, ""WOOL"": 0}, ""step"": 674}, {""chosen"": {""MILK"": 8}, ""pending"": {""MILK"": 0, ""WOOL"": 0}, ""step"": 678}, {""chosen"": {""MILK"": 9}, ""pending"": {""MILK"": 0, ""WOOL"": 0}, ""step"": 685}, {""chosen"": {""MILK"": 13}, ""pending"": {""MILK"": 0, ""WOOL"": 0}, ""step"": 686}, {""chosen"": {""MILK"": 9}, ""pending"": {""MILK"": 0, ""WOOL"": 0}, ""step"": 698}, {""chosen"": {""WOOL"": 22}, ""pending"": {""MILK"": 0, ""WOOL"": 0}, ""step"": 699}, {""chosen"": {""MILK"": 11}, ""pending"": {""MILK"": 0, ""WOOL"": 0}, ""step"": 702}, {""chosen"": {""MILK"": 3, ""WOOL"": 24}, ""pending"": {""MILK"": 0, ""WOOL"": 0}, ""step"": 703}, {""chosen"": {""WOOL"": 12}, ""pending"": {""MILK"": 0, ""WOOL"": 0}, ""step"": 709}, {""chosen"": {""MILK"": 9}, ""pending"": {""MILK"": 0, ""WOOL"": 0}, ""step"": 710}, {""chosen"": {""MILK"": 12, ""WOOL"": 20}, ""pending"": {""MILK"": 0, ""WOOL"": 0}, ""step"": 712}, {""chosen"": {""MILK"": 3}, ""pending"": {""MILK"": 0, ""WOOL"": 0}, ""step"": 713}, {""chosen"": {""MILK"": 3, ""WOOL"": 12}, ""pending"": {""MILK"": 0, ""WOOL"": 0}, ""step"": 715}, {""chosen"": {""MILK"": 3}, ""pending"": {""MILK"": 0, ""WOOL"": 0}, ""step"": 716}]",0,0,,,
17,1,148378.0,132796.0,15582.0,win,DONE,DONE,1,3.958334199967794,0,0,0,0,719,0,0,0.0243,0.22943000000000044,5.673388000000003,10.9058,"{""BUILD_PASTURE"": 14, ""CARE"": 308, ""COLLECT_FERTILIZER"": 318, ""DIG"": 25, ""DROP"": 80, ""EAST"": 857, ""FEED"": 319, ""FERTILIZE"": 107, ""HARVEST"": 338, ""NORTH"": 1236, ""PASS"": 377, ""PICKUP"": 339, ""PLACE"": 27, ""PLANT"": 131, ""SOUTH"": 929, ""WATER"": 851, ""WEST"": 1098}","{""BUY_ANIMAL"": 14, ""BUY_LAND"": 2, ""BUY_PRODUCT"": 279, ""BUY_SEED"": 54, ""HIRE"": 306, ""SELL"": 480}","{""BUY_ANIMAL:COW"": 8, ""BUY_ANIMAL:SHEEP"": 6, ""BUY_PRODUCT:WHEAT"": 967, ""BUY_SEED:MELON"": 21, ""BUY_SEED:STRAWBERRY"": 44, ""BUY_SEED:WHEAT"": 66, ""SELL:CARROT"": 13, ""SELL:EGG"": 8, ""SELL:FERTILIZER"": 445, ""SELL:MELON"": 224, ""SELL:MILK"": 682, ""SELL:STRAWBERRY"": 636, ""SELL:TOMATO"": 4, ""SELL:WHEAT"": 1108, ""SELL:WOOL"": 369}",conservative,frontier,608,76,150,146,0,55,1,35,216,216,0,106,0,11,conservative,718,"{""MILK"": {""base"": 3, ""carried_value"": 804, ""chosen"": 3, ""deferred"": 0, ""gain"": 0.0, ""opponent_future"": 16.0, ""opponent_now"": 0.0, ""released"": 0, ""residual_value"": 0.0, ""step"": 716}, ""WOOL"": {""base"": 12, ""carried_value"": 2856, ""chosen"": 12, ""deferred"": 0, ""gain"": 0.0, ""opponent_future"": 6.6667, ""opponent_now"": 0.0, ""released"": 0, ""residual_value"": 0.0, ""step"": 715}}","{""MILK"": 0, ""WOOL"": 0}","[{""chosen"": {""WOOL"": 6}, ""pending"": {""WOOL"": 0}, ""step"": 280}, {""chosen"": {""WOOL"": 7}, ""pending"": {""WOOL"": 0}, ""step"": 358}, {""chosen"": {""WOOL"": 3}, ""pending"": {""WOOL"": 1}, ""step"": 365}, {""chosen"": {""MILK"": 9, ""WOOL"": 0}, ""pending"": {""MILK"": 0, ""WOOL"": 1}, ""step"": 366}, {""chosen"": {""MILK"": 9}, ""pending"": {""MILK"": 0, ""WOOL"": 1}, ""step"": 367}, {""chosen"": {""WOOL"": 10}, ""pending"": {""MILK"": 0, ""WOOL"": 0}, ""step"": 370}, {""chosen"": {""MILK"": 9}, ""pending"": {""MILK"": 0, ""WOOL"": 0}, ""step"": 386}, {""chosen"": {""MILK"": 3}, ""pending"": {""MILK"": 0, ""WOOL"": 0}, ""step"": 437}, {""chosen"": {""MILK"": 15}, ""pending"": {""MILK"": 0, ""WOOL"": 0}, ""step"": 536}, {""chosen"": {""WOOL"": 24}, ""pending"": {""MILK"": 0, ""WOOL"": 0}, ""step"": 538}, {""chosen"": {""MILK"": 6}, ""pending"": {""MILK"": 0, ""WOOL"": 0}, ""step"": 607}, {""chosen"": {""WOOL"": 1}, ""pending"": {""MILK"": 0, ""WOOL"": 0}, ""step"": 625}, {""chosen"": {""WOOL"": 2}, ""pending"": {""MILK"": 0, ""WOOL"": 0}, ""step"": 627}, {""chosen"": {""MILK"": 15}, ""pending"": {""MILK"": 0, ""WOOL"": 0}, ""step"": 633}, {""chosen"": {""MILK"": 9}, ""pending"": {""MILK"": 0, ""WOOL"": 0}, ""step"": 656}, {""chosen"": {""MILK"": 9, ""WOOL"": 1}, ""pending"": {""MILK"": 0, ""WOOL"": 0}, ""step"": 657}, {""chosen"": {""WOOL"": 1}, ""pending"": {""MILK"": 0, ""WOOL"": 0}, ""step"": 660}, {""chosen"": {""MILK"": 10, ""WOOL"": 1}, ""pending"": {""MILK"": 0, ""WOOL"": 0}, ""step"": 661}, {""chosen"": {""MILK"": 4}, ""pending"": {""MILK"": 0, ""WOOL"": 0}, ""step"": 667}, {""chosen"": {""MILK"": 15}, ""pending"": {""MILK"": 0, ""WOOL"": 0}, ""step"": 670}, {""chosen"": {""MILK"": 12}, ""pending"": {""MILK"": 0, ""WOOL"": 0}, ""step"": 673}, {""chosen"": {""MILK"": 8}, ""pending"": {""MILK"": 0, ""WOOL"": 0}, ""step"": 674}, {""chosen"": {""MILK"": 8}, ""pending"": {""MILK"": 0, ""WOOL"": 0}, ""step"": 678}, {""chosen"": {""MILK"": 9}, ""pending"": {""MILK"": 0, ""WOOL"": 0}, ""step"": 685}, {""chosen"": {""MILK"": 13}, ""pending"": {""MILK"": 0, ""WOOL"": 0}, ""step"": 686}, {""chosen"": {""MILK"": 9}, ""pending"": {""MILK"": 0, ""WOOL"": 0}, ""step"": 698}, {""chosen"": {""WOOL"": 22}, ""pending"": {""MILK"": 0, ""WOOL"": 0}, ""step"": 699}, {""chosen"": {""MILK"": 11}, ""pending"": {""MILK"": 0, ""WOOL"": 0}, ""step"": 702}, {""chosen"": {""MILK"": 3, ""WOOL"": 24}, ""pending"": {""MILK"": 0, ""WOOL"": 0}, ""step"": 703}, {""chosen"": {""WOOL"": 12}, ""pending"": {""MILK"": 0, ""WOOL"": 0}, ""step"": 709}, {""chosen"": {""MILK"": 9}, ""pending"": {""MILK"": 0, ""WOOL"": 0}, ""step"": 710}, {""chosen"": {""MILK"": 12, ""WOOL"": 20}, ""pending"": {""MILK"": 0, ""WOOL"": 0}, ""step"": 712}, {""chosen"": {""MILK"": 3}, ""pending"": {""MILK"": 0, ""WOOL"": 0}, ""step"": 713}, {""chosen"": {""MILK"": 3, ""WOOL"": 12}, ""pending"": {""MILK"": 0, ""WOOL"": 0}, ""step"": 715}, {""chosen"": {""MILK"": 3}, ""pending"": {""MILK"": 0, ""WOOL"": 0}, ""step"": 716}]",0,0,3,6,3
42,0,126968.0,123107.0,3861.0,win,DONE,DONE,1,3.860740899981465,0,0,0,0,719,0,0,0.0264,2.4654400000000027,6.568876000000016,10.1231,"{""BUILD_PASTURE"": 14, ""CARE"": 308, ""COLLECT_FERTILIZER"": 318, ""DIG"": 25, ""DROP"": 80, ""EAST"": 857, ""FEED"": 319, ""FERTILIZE"": 107, ""HARVEST"": 338, ""NORTH"": 1236, ""PASS"": 377, ""PICKUP"": 339, ""PLACE"": 27, ""PLANT"": 131, ""SOUTH"": 929, ""WATER"": 851, ""WEST"": 1098}","{""BUY_ANIMAL"": 14, ""BUY_LAND"": 2, ""BUY_PRODUCT"": 279, ""BUY_SEED"": 54, ""HIRE"": 306, ""SELL"": 475}","{""BUY_ANIMAL:COW"": 8, ""BUY_ANIMAL:SHEEP"": 6, ""BUY_PRODUCT:WHEAT"": 967, ""BUY_SEED:MELON"": 21, ""BUY_SEED:STRAWBERRY"": 44, ""BUY_SEED:WHEAT"": 66, ""SELL:CARROT"": 13, ""SELL:EGG"": 8, ""SELL:FERTILIZER"": 445, ""SELL:MELON"": 224, ""SELL:MILK"": 580, ""SELL:STRAWBERRY"": 636, ""SELL:TOMATO"": 4, ""SELL:WHEAT"": 1108, ""SELL:WOOL"": 373}",conservative,frontier,608,62,166,166,0,47,0,49,375,273,0,148,13,11,conservative,718,"{""MILK"": {""base"": 3, ""carried_value"": 618, ""chosen"": 3, ""deferred"": 0, ""gain"": 0.0, ""opponent_future"": 16.0, ""opponent_now"": 0.0, ""released"": 0, ""residual_value"": 0.0, ""step"": 716}, ""WOOL"": {""base"": 12, ""carried_value"": 2904, ""chosen"": 12, ""deferred"": 0, ""gain"": 0.0, ""opponent_future"": 8.0, ""opponent_now"": 0.0, ""released"": 0, ""residual_value"": 0.0, ""step"": 715}}","{""MILK"": 0, ""WOOL"": 0}","[{""chosen"": {""WOOL"": 6}, ""pending"": {""WOOL"": 0}, ""step"": 280}, {""chosen"": {""WOOL"": 4}, ""pending"": {""WOOL"": 0}, ""step"": 365}, {""chosen"": {""MILK"": 9}, ""pending"": {""MILK"": 0, ""WOOL"": 0}, ""step"": 367}, {""chosen"": {""MILK"": 9}, ""pending"": {""MILK"": 0, ""WOOL"": 0}, ""step"": 386}, {""chosen"": {""MILK"": 9}, ""pending"": {""MILK"": 0, ""WOOL"": 0}, ""step"": 387}, {""chosen"": {""MILK"": 9}, ""pending"": {""MILK"": 0, ""WOOL"": 0}, ""step"": 409}, {""chosen"": {""MILK"": 3}, ""pending"": {""MILK"": 0, ""WOOL"": 0}, ""step"": 437}, {""chosen"": {""MILK"": 5}, ""pending"": {""MILK"": 0, ""WOOL"": 0}, ""step"": 439}, {""chosen"": {""WOOL"": 4}, ""pending"": {""MILK"": 0, ""WOOL"": 0}, ""step"": 457}, {""chosen"": {""MILK"": 9}, ""pending"": {""MILK"": 0, ""WOOL"": 0}, ""step"": 471}, {""chosen"": {""MILK"": 15}, ""pending"": {""MILK"": 0, ""WOOL"": 0}, ""step"": 484}, {""chosen"": {""MILK"": 15}, ""pending"": {""MILK"": 0, ""WOOL"": 0}, ""step"": 485}, {""chosen"": {""MILK"": 15}, ""pending"": {""MILK"": 0, ""WOOL"": 0}, ""step"": 536}, {""chosen"": {""MILK"": 19, ""WOOL"": 24}, ""pending"": {""MILK"": 0, ""WOOL"": 0}, ""step"": 537}, {""chosen"": {""WOOL"": 8}, ""pending"": {""MILK"": 0, ""WOOL"": 0}, ""step"": 552}, {""chosen"": {""MILK"": 4, ""WOOL"": 3}, ""pending"": {""MILK"": 0, ""WOOL"": 0}, ""step"": 566}, {""chosen"": {""MILK"": 1}, ""pending"": {""MILK"": 1, ""WOOL"": 0}, ""step"": 572}, {""chosen"": {""MILK"": 13}, ""pending"": {""MILK"": 0, ""WOOL"": 0}, ""step"": 573}, {""chosen"": {""MILK"": 6}, ""pending"": {""MILK"": 0, ""WOOL"": 0}, ""step"": 607}, {""chosen"": {""MILK"": 0}, ""pending"": {""MILK"": 1, ""WOOL"": 0}, ""step"": 608}, {""chosen"": {""MILK"": 10}, ""pending"": {""MILK"": 0, ""WOOL"": 0}, ""step"": 609}, {""chosen"": {""MILK"": 0, ""WOOL"": 9}, ""pending"": {""MILK"": 1, ""WOOL"": 0}, ""step"": 612}, {""chosen"": {""MILK"": 10, ""WOOL"": 9}, ""pending"": {""MILK"": 0, ""WOOL"": 0}, ""step"": 613}, {""chosen"": {""WOOL"": 3}, ""pending"": {""MILK"": 0, ""WOOL"": 0}, ""step"": 616}, {""chosen"": {""WOOL"": 1}, ""pending"": {""MILK"": 0, ""WOOL"": 0}, ""step"": 625}, {""chosen"": {""WOOL"": 2}, ""pending"": {""MILK"": 0, ""WOOL"": 0}, ""step"": 627}, {""chosen"": {""MILK"": 15}, ""pending"": {""MILK"": 0, ""WOOL"": 0}, ""step"": 633}, {""chosen"": {""MILK"": 30}, ""pending"": {""MILK"": 0, ""WOOL"": 0}, ""step"": 637}, {""chosen"": {""MILK"": 0}, ""pending"": {""MILK"": 1, ""WOOL"": 0}, ""step"": 656}, {""chosen"": {""MILK"": 1, ""WOOL"": 1}, ""pending"": {""MILK"": 1, ""WOOL"": 0}, ""step"": 657}, {""chosen"": {""WOOL"": 1}, ""pending"": {""MILK"": 1, ""WOOL"": 0}, ""step"": 660}, {""chosen"": {""MILK"": 1, ""WOOL"": 1}, ""pending"": {""MILK"": 1, ""WOOL"": 0}, ""step"": 661}, {""chosen"": {""MILK"": 1}, ""pending"": {""MILK"": 1, ""WOOL"": 0}, ""step"": 667}, {""chosen"": {""MILK"": 1}, ""pending"": {""MILK"": 1, ""WOOL"": 0}, ""step"": 670}, {""chosen"": {""MILK"": 1}, ""pending"": {""MILK"": 1, ""WOOL"": 0}, ""step"": 673}, {""chosen"": {""MILK"": 1}, ""pending"": {""MILK"": 1, ""WOOL"": 0}, ""step"": 674}, {""chosen"": {""MILK"": 1}, ""pending"": {""MILK"": 1, ""WOOL"": 0}, ""step"": 678}, {""chosen"": {""MILK"": 1}, ""pending"": {""MILK"": 1, ""WOOL"": 0}, ""step"": 685}, {""chosen"": {""MILK"": 5}, ""pending"": {""MILK"": 1, ""WOOL"": 0}, ""step"": 686}, {""chosen"": {""MILK"": 10}, ""pending"": {""MILK"": 0, ""WOOL"": 0}, ""step"": 698}, {""chosen"": {""WOOL"": 22}, ""pending"": {""MILK"": 0, ""WOOL"": 0}, ""step"": 699}, {""chosen"": {""MILK"": 11}, ""pending"": {""MILK"": 0, ""WOOL"": 0}, ""step"": 702}, {""chosen"": {""MILK"": 3, ""WOOL"": 24}, ""pending"": {""MILK"": 0, ""WOOL"": 0}, ""step"": 703}, {""chosen"": {""WOOL"": 12}, ""pending"": {""MILK"": 0, ""WOOL"": 0}, ""step"": 709}, {""chosen"": {""MILK"": 9}, ""pending"": {""MILK"": 0, ""WOOL"": 0}, ""step"": 710}, {""chosen"": {""MILK"": 12, ""WOOL"": 20}, ""pending"": {""MILK"": 0, ""WOOL"": 0}, ""step"": 712}, {""chosen"": {""MILK"": 3}, ""pending"": {""MILK"": 0, ""WOOL"": 0}, ""step"": 713}, {""chosen"": {""MILK"": 3, ""WOOL"": 12}, ""pending"": {""MILK"": 0, ""WOOL"": 0}, ""step"": 715}, {""chosen"": {""MILK"": 3}, ""pending"": {""MILK"": 0, ""WOOL"": 0}, ""step"": 716}]",0,0,17,110,17
42,1,127082.0,123033.0,4049.0,win,DONE,DONE,1,4.008693300012965,0,0,0,0,719,0,0,0.0244,2.561000000000002,6.7667020000000155,9.6244,"{""BUILD_PASTURE"": 14, ""CARE"": 308, ""COLLECT_FERTILIZER"": 318, ""DIG"": 25, ""DROP"": 80, ""EAST"": 857, ""FEED"": 319, ""FERTILIZE"": 107, ""HARVEST"": 338, ""NORTH"": 1236, ""PASS"": 377, ""PICKUP"": 339, ""PLACE"": 27, ""PLANT"": 131, ""SOUTH"": 929, ""WATER"": 851, ""WEST"": 1098}","{""BUY_ANIMAL"": 14, ""BUY_LAND"": 2, ""BUY_PRODUCT"": 279, ""BUY_SEED"": 54, ""HIRE"": 306, ""SELL"": 475}","{""BUY_ANIMAL:COW"": 8, ""BUY_ANIMAL:SHEEP"": 6, ""BUY_PRODUCT:WHEAT"": 967, ""BUY_SEED:MELON"": 21, ""BUY_SEED:STRAWBERRY"": 44, ""BUY_SEED:WHEAT"": 66, ""SELL:CARROT"": 13, ""SELL:EGG"": 8, ""SELL:FERTILIZER"": 445, ""SELL:MELON"": 224, ""SELL:MILK"": 580, ""SELL:STRAWBERRY"": 636, ""SELL:TOMATO"": 4, ""SELL:WHEAT"": 1108, ""SELL:WOOL"": 373}",conservative,frontier,608,62,166,166,0,47,0,49,375,273,0,148,13,11,conservative,718,"{""MILK"": {""base"": 3, ""carried_value"": 618, ""chosen"": 3, ""deferred"": 0, ""gain"": 0.0, ""opponent_future"": 16.0, ""opponent_now"": 0.0, ""released"": 0, ""residual_value"": 0.0, ""step"": 716}, ""WOOL"": {""base"": 12, ""carried_value"": 2904, ""chosen"": 12, ""deferred"": 0, ""gain"": 0.0, ""opponent_future"": 8.0, ""opponent_now"": 0.0, ""released"": 0, ""residual_value"": 0.0, ""step"": 715}}","{""MILK"": 0, ""WOOL"": 0}","[{""chosen"": {""WOOL"": 6}, ""pending"": {""WOOL"": 0}, ""step"": 280}, {""chosen"": {""WOOL"": 4}, ""pending"": {""WOOL"": 0}, ""step"": 365}, {""chosen"": {""MILK"": 9}, ""pending"": {""MILK"": 0, ""WOOL"": 0}, ""step"": 367}, {""chosen"": {""MILK"": 9}, ""pending"": {""MILK"": 0, ""WOOL"": 0}, ""step"": 386}, {""chosen"": {""MILK"": 9}, ""pending"": {""MILK"": 0, ""WOOL"": 0}, ""step"": 387}, {""chosen"": {""MILK"": 9}, ""pending"": {""MILK"": 0, ""WOOL"": 0}, ""step"": 409}, {""chosen"": {""MILK"": 3}, ""pending"": {""MILK"": 0, ""WOOL"": 0}, ""step"": 437}, {""chosen"": {""MILK"": 5}, ""pending"": {""MILK"": 0, ""WOOL"": 0}, ""step"": 439}, {""chosen"": {""WOOL"": 4}, ""pending"": {""MILK"": 0, ""WOOL"": 0}, ""step"": 457}, {""chosen"": {""MILK"": 9}, ""pending"": {""MILK"": 0, ""WOOL"": 0}, ""step"": 471}, {""chosen"": {""MILK"": 15}, ""pending"": {""MILK"": 0, ""WOOL"": 0}, ""step"": 484}, {""chosen"": {""MILK"": 15}, ""pending"": {""MILK"": 0, ""WOOL"": 0}, ""step"": 485}, {""chosen"": {""MILK"": 15}, ""pending"": {""MILK"": 0, ""WOOL"": 0}, ""step"": 536}, {""chosen"": {""MILK"": 19, ""WOOL"": 24}, ""pending"": {""MILK"": 0, ""WOOL"": 0}, ""step"": 537}, {""chosen"": {""WOOL"": 8}, ""pending"": {""MILK"": 0, ""WOOL"": 0}, ""step"": 552}, {""chosen"": {""MILK"": 4, ""WOOL"": 3}, ""pending"": {""MILK"": 0, ""WOOL"": 0}, ""step"": 566}, {""chosen"": {""MILK"": 1}, ""pending"": {""MILK"": 1, ""WOOL"": 0}, ""step"": 572}, {""chosen"": {""MILK"": 13}, ""pending"": {""MILK"": 0, ""WOOL"": 0}, ""step"": 573}, {""chosen"": {""MILK"": 6}, ""pending"": {""MILK"": 0, ""WOOL"": 0}, ""step"": 607}, {""chosen"": {""MILK"": 0}, ""pending"": {""MILK"": 1, ""WOOL"": 0}, ""step"": 608}, {""chosen"": {""MILK"": 10}, ""pending"": {""MILK"": 0, ""WOOL"": 0}, ""step"": 609}, {""chosen"": {""MILK"": 0, ""WOOL"": 9}, ""pending"": {""MILK"": 1, ""WOOL"": 0}, ""step"": 612}, {""chosen"": {""MILK"": 10, ""WOOL"": 9}, ""pending"": {""MILK"": 0, ""WOOL"": 0}, ""step"": 613}, {""chosen"": {""WOOL"": 3}, ""pending"": {""MILK"": 0, ""WOOL"": 0}, ""step"": 616}, {""chosen"": {""WOOL"": 1}, ""pending"": {""MILK"": 0, ""WOOL"": 0}, ""step"": 625}, {""chosen"": {""WOOL"": 2}, ""pending"": {""MILK"": 0, ""WOOL"": 0}, ""step"": 627}, {""chosen"": {""MILK"": 15}, ""pending"": {""MILK"": 0, ""WOOL"": 0}, ""step"": 633}, {""chosen"": {""MILK"": 30}, ""pending"": {""MILK"": 0, ""WOOL"": 0}, ""step"": 637}, {""chosen"": {""MILK"": 0}, ""pending"": {""MILK"": 1, ""WOOL"": 0}, ""step"": 656}, {""chosen"": {""MILK"": 1, ""WOOL"": 1}, ""pending"": {""MILK"": 1, ""WOOL"": 0}, ""step"": 657}, {""chosen"": {""WOOL"": 1}, ""pending"": {""MILK"": 1, ""WOOL"": 0}, ""step"": 660}, {""chosen"": {""MILK"": 1, ""WOOL"": 1}, ""pending"": {""MILK"": 1, ""WOOL"": 0}, ""step"": 661}, {""chosen"": {""MILK"": 1}, ""pending"": {""MILK"": 1, ""WOOL"": 0}, ""step"": 667}, {""chosen"": {""MILK"": 1}, ""pending"": {""MILK"": 1, ""WOOL"": 0}, ""step"": 670}, {""chosen"": {""MILK"": 1}, ""pending"": {""MILK"": 1, ""WOOL"": 0}, ""step"": 673}, {""chosen"": {""MILK"": 1}, ""pending"": {""MILK"": 1, ""WOOL"": 0}, ""step"": 674}, {""chosen"": {""MILK"": 1}, ""pending"": {""MILK"": 1, ""WOOL"": 0}, ""step"": 678}, {""chosen"": {""MILK"": 1}, ""pending"": {""MILK"": 1, ""WOOL"": 0}, ""step"": 685}, {""chosen"": {""MILK"": 5}, ""pending"": {""MILK"": 1, ""WOOL"": 0}, ""step"": 686}, {""chosen"": {""MILK"": 10}, ""pending"": {""MILK"": 0, ""WOOL"": 0}, ""step"": 698}, {""chosen"": {""WOOL"": 22}, ""pending"": {""MILK"": 0, ""WOOL"": 0}, ""step"": 699}, {""chosen"": {""MILK"": 11}, ""pending"": {""MILK"": 0, ""WOOL"": 0}, ""step"": 702}, {""chosen"": {""MILK"": 3, ""WOOL"": 24}, ""pending"": {""MILK"": 0, ""WOOL"": 0}, ""step"": 703}, {""chosen"": {""WOOL"": 12}, ""pending"": {""MILK"": 0, ""WOOL"": 0}, ""step"": 709}, {""chosen"": {""MILK"": 9}, ""pending"": {""MILK"": 0, ""WOOL"": 0}, ""step"": 710}, {""chosen"": {""MILK"": 12, ""WOOL"": 20}, ""pending"": {""MILK"": 0, ""WOOL"": 0}, ""step"": 712}, {""chosen"": {""MILK"": 3}, ""pending"": {""MILK"": 0, ""WOOL"": 0}, ""step"": 713}, {""chosen"": {""MILK"": 3, ""WOOL"": 12}, ""pending"": {""MILK"": 0, ""WOOL"": 0}, ""step"": 715}, {""chosen"": {""MILK"": 3}, ""pending"": {""MILK"": 0, ""WOOL"": 0}, ""step"": 716}]",0,0,17,110,17
2026,0,105237.0,95647.0,9590.0,win,DONE,DONE,1,4.0295255000237375,0,0,0,0,719,0,0,0.0263,2.469700000000001,6.711396000000003,9.4059,"{""BUILD_PASTURE"": 14, ""CARE"": 308, ""COLLECT_FERTILIZER"": 318, ""DIG"": 25, ""DROP"": 80, ""EAST"": 857, ""FEED"": 319, ""FERTILIZE"": 107, ""HARVEST"": 338, ""NORTH"": 1236, ""PASS"": 377, ""PICKUP"": 339, ""PLACE"": 27, ""PLANT"": 131, ""SOUTH"": 929, ""WATER"": 851, ""WEST"": 1098}","{""BUY_ANIMAL"": 14, ""BUY_LAND"": 2, ""BUY_PRODUCT"": 279, ""BUY_SEED"": 54, ""HIRE"": 306, ""SELL"": 442}","{""BUY_ANIMAL:COW"": 8, ""BUY_ANIMAL:SHEEP"": 6, ""BUY_PRODUCT:WHEAT"": 967, ""BUY_SEED:MELON"": 21, ""BUY_SEED:STRAWBERRY"": 44, ""BUY_SEED:WHEAT"": 66, ""SELL:CARROT"": 13, ""SELL:EGG"": 8, ""SELL:FERTILIZER"": 437, ""SELL:MELON"": 224, ""SELL:MILK"": 496, ""SELL:STRAWBERRY"": 567, ""SELL:TOMATO"": 4, ""SELL:WHEAT"": 1108, ""SELL:WOOL"": 333}",conservative,frontier,621,45,188,167,0,56,4,53,378,260,0,153,15,11,conservative,718,"{""MILK"": {""base"": 3, ""carried_value"": 561, ""chosen"": 3, ""deferred"": 0, ""gain"": 0.0, ""opponent_future"": 16.0, ""opponent_now"": 0.0, ""released"": 0, ""residual_value"": 0.0, ""step"": 716}, ""WOOL"": {""base"": 12, ""carried_value"": 2736, ""chosen"": 12, ""deferred"": 0, ""gain"": 0.0, ""opponent_future"": 8.0, ""opponent_now"": 0.0, ""released"": 0, ""residual_value"": 0.0, ""step"": 715}}","{""MILK"": 0, ""WOOL"": 0}","[{""chosen"": {""WOOL"": 6}, ""pending"": {""WOOL"": 0}, ""step"": 280}, {""chosen"": {""MILK"": 9}, ""pending"": {""MILK"": 0, ""WOOL"": 0}, ""step"": 293}, {""chosen"": {""WOOL"": 6}, ""pending"": {""MILK"": 0, ""WOOL"": 0}, ""step"": 354}, {""chosen"": {""WOOL"": 7}, ""pending"": {""MILK"": 0, ""WOOL"": 0}, ""step"": 358}, {""chosen"": {""WOOL"": 4}, ""pending"": {""MILK"": 0, ""WOOL"": 0}, ""step"": 365}, {""chosen"": {""MILK"": 9, ""WOOL"": 4}, ""pending"": {""MILK"": 0, ""WOOL"": 0}, ""step"": 366}, {""chosen"": {""MILK"": 9}, ""pending"": {""MILK"": 0, ""WOOL"": 0}, ""step"": 367}, {""chosen"": {""MILK"": 9}, ""pending"": {""MILK"": 0, ""WOOL"": 0}, ""step"": 386}, {""chosen"": {""MILK"": 9}, ""pending"": {""MILK"": 0, ""WOOL"": 0}, ""step"": 387}, {""chosen"": {""MILK"": 9}, ""pending"": {""MILK"": 0, ""WOOL"": 0}, ""step"": 409}, {""chosen"": {""WOOL"": 3}, ""pending"": {""MILK"": 0, ""WOOL"": 0}, ""step"": 424}, {""chosen"": {""MILK"": 6}, ""pending"": {""MILK"": 0, ""WOOL"": 0}, ""step"": 450}, {""chosen"": {""MILK"": 12}, ""pending"": {""MILK"": 0, ""WOOL"": 0}, ""step"": 475}, {""chosen"": {""MILK"": 11}, ""pending"": {""MILK"": 0, ""WOOL"": 0}, ""step"": 477}, {""chosen"": {""MILK"": 14}, ""pending"": {""MILK"": 1, ""WOOL"": 0}, ""step"": 489}, {""chosen"": {""MILK"": 3}, ""pending"": {""MILK"": 0, ""WOOL"": 0}, ""step"": 520}, {""chosen"": {""MILK"": 0}, ""pending"": {""MILK"": 1, ""WOOL"": 0}, ""step"": 536}, {""chosen"": {""MILK"": 20, ""WOOL"": 24}, ""pending"": {""MILK"": 0, ""WOOL"": 0}, ""step"": 537}, {""chosen"": {""WOOL"": 24}, ""pending"": {""MILK"": 0, ""WOOL"": 0}, ""step"": 538}, {""chosen"": {""WOOL"": 8}, ""pending"": {""MILK"": 0, ""WOOL"": 0}, ""step"": 552}, {""chosen"": {""MILK"": 0, ""WOOL"": 3}, ""pending"": {""MILK"": 1, ""WOOL"": 0}, ""step"": 566}, {""chosen"": {""MILK"": 2}, ""pending"": {""MILK"": 0, ""WOOL"": 0}, ""step"": 569}, {""chosen"": {""MILK"": 0}, ""pending"": {""MILK"": 1, ""WOOL"": 0}, ""step"": 572}, {""chosen"": {""MILK"": 13}, ""pending"": {""MILK"": 0, ""WOOL"": 0}, ""step"": 573}, {""chosen"": {""MILK"": 6}, ""pending"": {""MILK"": 0, ""WOOL"": 0}, ""step"": 607}, {""chosen"": {""MILK"": 15}, ""pending"": {""MILK"": 0, ""WOOL"": 0}, ""step"": 608}, {""chosen"": {""MILK"": 9}, ""pending"": {""MILK"": 0, ""WOOL"": 0}, ""step"": 609}, {""chosen"": {""WOOL"": 3}, ""pending"": {""MILK"": 0, ""WOOL"": 0}, ""step"": 616}, {""chosen"": {""WOOL"": 1}, ""pending"": {""MILK"": 0, ""WOOL"": 0}, ""step"": 625}, {""chosen"": {""WOOL"": 2}, ""pending"": {""MILK"": 0, ""WOOL"": 0}, ""step"": 627}, {""chosen"": {""MILK"": 15}, ""pending"": {""MILK"": 0, ""WOOL"": 0}, ""step"": 633}, {""chosen"": {""MILK"": 30}, ""pending"": {""MILK"": 0, ""WOOL"": 0}, ""step"": 637}, {""chosen"": {""MILK"": 0}, ""pending"": {""MILK"": 1, ""WOOL"": 0}, ""step"": 656}, {""chosen"": {""MILK"": 1, ""WOOL"": 0}, ""pending"": {""MILK"": 1, ""WOOL"": 1}, ""step"": 657}, {""chosen"": {""WOOL"": 1}, ""pending"": {""MILK"": 1, ""WOOL"": 1}, ""step"": 660}, {""chosen"": {""MILK"": 1, ""WOOL"": 1}, ""pending"": {""MILK"": 1, ""WOOL"": 1}, ""step"": 661}, {""chosen"": {""MILK"": 0}, ""pending"": {""MILK"": 1, ""WOOL"": 1}, ""step"": 667}, {""chosen"": {""MILK"": 1}, ""pending"": {""MILK"": 1, ""WOOL"": 1}, ""step"": 670}, {""chosen"": {""MILK"": 1}, ""pending"": {""MILK"": 1, ""WOOL"": 1}, ""step"": 673}, {""chosen"": {""MILK"": 1}, ""pending"": {""MILK"": 1, ""WOOL"": 1}, ""step"": 674}, {""chosen"": {""MILK"": 1}, ""pending"": {""MILK"": 1, ""WOOL"": 1}, ""step"": 678}, {""chosen"": {""MILK"": 1}, ""pending"": {""MILK"": 1, ""WOOL"": 1}, ""step"": 685}, {""chosen"": {""MILK"": 1}, ""pending"": {""MILK"": 1, ""WOOL"": 1}, ""step"": 686}, {""chosen"": {""MILK"": 1}, ""pending"": {""MILK"": 1, ""WOOL"": 1}, ""step"": 698}, {""chosen"": {""WOOL"": 1}, ""pending"": {""MILK"": 1, ""WOOL"": 1}, ""step"": 699}, {""chosen"": {""MILK"": 7}, ""pending"": {""MILK"": 1, ""WOOL"": 1}, ""step"": 702}, {""chosen"": {""MILK"": 4, ""WOOL"": 25}, ""pending"": {""MILK"": 0, ""WOOL"": 0}, ""step"": 703}, {""chosen"": {""WOOL"": 12}, ""pending"": {""MILK"": 0, ""WOOL"": 0}, ""step"": 709}, {""chosen"": {""MILK"": 9}, ""pending"": {""MILK"": 0, ""WOOL"": 0}, ""step"": 710}, {""chosen"": {""MILK"": 12, ""WOOL"": 20}, ""pending"": {""MILK"": 0, ""WOOL"": 0}, ""step"": 712}, {""chosen"": {""MILK"": 3}, ""pending"": {""MILK"": 0, ""WOOL"": 0}, ""step"": 713}, {""chosen"": {""MILK"": 3, ""WOOL"": 12}, ""pending"": {""MILK"": 0, ""WOOL"": 0}, ""step"": 715}, {""chosen"": {""MILK"": 3}, ""pending"": {""MILK"": 0, ""WOOL"": 0}, ""step"": 716}]",0,0,24,151,22
2026,1,103391.0,97687.0,5704.0,win,DONE,DONE,1,3.86720580002293,0,0,0,0,719,0,0,0.0246,2.459380000000001,6.721984000000001,9.3887,"{""BUILD_PASTURE"": 14, ""CARE"": 308, ""COLLECT_FERTILIZER"": 318, ""DIG"": 25, ""DROP"": 80, ""EAST"": 857, ""FEED"": 319, ""FERTILIZE"": 107, ""HARVEST"": 338, ""NORTH"": 1236, ""PASS"": 377, ""PICKUP"": 339, ""PLACE"": 27, ""PLANT"": 131, ""SOUTH"": 929, ""WATER"": 851, ""WEST"": 1098}","{""BUY_ANIMAL"": 14, ""BUY_LAND"": 2, ""BUY_PRODUCT"": 279, ""BUY_SEED"": 54, ""HIRE"": 306, ""SELL"": 442}","{""BUY_ANIMAL:COW"": 8, ""BUY_ANIMAL:SHEEP"": 6, ""BUY_PRODUCT:WHEAT"": 967, ""BUY_SEED:MELON"": 21, ""BUY_SEED:STRAWBERRY"": 44, ""BUY_SEED:WHEAT"": 66, ""SELL:CARROT"": 13, ""SELL:EGG"": 8, ""SELL:FERTILIZER"": 437, ""SELL:MELON"": 224, ""SELL:MILK"": 496, ""SELL:STRAWBERRY"": 567, ""SELL:TOMATO"": 4, ""SELL:WHEAT"": 1108, ""SELL:WOOL"": 333}",conservative,frontier,621,45,188,167,0,56,4,53,378,260,0,153,15,11,conservative,718,"{""MILK"": {""base"": 3, ""carried_value"": 561, ""chosen"": 3, ""deferred"": 0, ""gain"": 0.0, ""opponent_future"": 16.0, ""opponent_now"": 0.0, ""released"": 0, ""residual_value"": 0.0, ""step"": 716}, ""WOOL"": {""base"": 12, ""carried_value"": 2736, ""chosen"": 12, ""deferred"": 0, ""gain"": 0.0, ""opponent_future"": 8.0, ""opponent_now"": 0.0, ""released"": 0, ""residual_value"": 0.0, ""step"": 715}}","{""MILK"": 0, ""WOOL"": 0}","[{""chosen"": {""WOOL"": 6}, ""pending"": {""WOOL"": 0}, ""step"": 280}, {""chosen"": {""MILK"": 9}, ""pending"": {""MILK"": 0, ""WOOL"": 0}, ""step"": 293}, {""chosen"": {""WOOL"": 6}, ""pending"": {""MILK"": 0, ""WOOL"": 0}, ""step"": 354}, {""chosen"": {""WOOL"": 7}, ""pending"": {""MILK"": 0, ""WOOL"": 0}, ""step"": 358}, {""chosen"": {""WOOL"": 4}, ""pending"": {""MILK"": 0, ""WOOL"": 0}, ""step"": 365}, {""chosen"": {""MILK"": 9, ""WOOL"": 4}, ""pending"": {""MILK"": 0, ""WOOL"": 0}, ""step"": 366}, {""chosen"": {""MILK"": 9}, ""pending"": {""MILK"": 0, ""WOOL"": 0}, ""step"": 367}, {""chosen"": {""MILK"": 9}, ""pending"": {""MILK"": 0, ""WOOL"": 0}, ""step"": 386}, {""chosen"": {""MILK"": 9}, ""pending"": {""MILK"": 0, ""WOOL"": 0}, ""step"": 387}, {""chosen"": {""MILK"": 9}, ""pending"": {""MILK"": 0, ""WOOL"": 0}, ""step"": 409}, {""chosen"": {""WOOL"": 3}, ""pending"": {""MILK"": 0, ""WOOL"": 0}, ""step"": 424}, {""chosen"": {""MILK"": 6}, ""pending"": {""MILK"": 0, ""WOOL"": 0}, ""step"": 450}, {""chosen"": {""MILK"": 12}, ""pending"": {""MILK"": 0, ""WOOL"": 0}, ""step"": 475}, {""chosen"": {""MILK"": 11}, ""pending"": {""MILK"": 0, ""WOOL"": 0}, ""step"": 477}, {""chosen"": {""MILK"": 14}, ""pending"": {""MILK"": 1, ""WOOL"": 0}, ""step"": 489}, {""chosen"": {""MILK"": 3}, ""pending"": {""MILK"": 0, ""WOOL"": 0}, ""step"": 520}, {""chosen"": {""MILK"": 0}, ""pending"": {""MILK"": 1, ""WOOL"": 0}, ""step"": 536}, {""chosen"": {""MILK"": 20, ""WOOL"": 24}, ""pending"": {""MILK"": 0, ""WOOL"": 0}, ""step"": 537}, {""chosen"": {""WOOL"": 24}, ""pending"": {""MILK"": 0, ""WOOL"": 0}, ""step"": 538}, {""chosen"": {""WOOL"": 8}, ""pending"": {""MILK"": 0, ""WOOL"": 0}, ""step"": 552}, {""chosen"": {""MILK"": 0, ""WOOL"": 3}, ""pending"": {""MILK"": 1, ""WOOL"": 0}, ""step"": 566}, {""chosen"": {""MILK"": 2}, ""pending"": {""MILK"": 0, ""WOOL"": 0}, ""step"": 569}, {""chosen"": {""MILK"": 0}, ""pending"": {""MILK"": 1, ""WOOL"": 0}, ""step"": 572}, {""chosen"": {""MILK"": 13}, ""pending"": {""MILK"": 0, ""WOOL"": 0}, ""step"": 573}, {""chosen"": {""MILK"": 6}, ""pending"": {""MILK"": 0, ""WOOL"": 0}, ""step"": 607}, {""chosen"": {""MILK"": 15}, ""pending"": {""MILK"": 0, ""WOOL"": 0}, ""step"": 608}, {""chosen"": {""MILK"": 9}, ""pending"": {""MILK"": 0, ""WOOL"": 0}, ""step"": 609}, {""chosen"": {""WOOL"": 3}, ""pending"": {""MILK"": 0, ""WOOL"": 0}, ""step"": 616}, {""chosen"": {""WOOL"": 1}, ""pending"": {""MILK"": 0, ""WOOL"": 0}, ""step"": 625}, {""chosen"": {""WOOL"": 2}, ""pending"": {""MILK"": 0, ""WOOL"": 0}, ""step"": 627}, {""chosen"": {""MILK"": 15}, ""pending"": {""MILK"": 0, ""WOOL"": 0}, ""step"": 633}, {""chosen"": {""MILK"": 30}, ""pending"": {""MILK"": 0, ""WOOL"": 0}, ""step"": 637}, {""chosen"": {""MILK"": 0}, ""pending"": {""MILK"": 1, ""WOOL"": 0}, ""step"": 656}, {""chosen"": {""MILK"": 1, ""WOOL"": 0}, ""pending"": {""MILK"": 1, ""WOOL"": 1}, ""step"": 657}, {""chosen"": {""WOOL"": 1}, ""pending"": {""MILK"": 1, ""WOOL"": 1}, ""step"": 660}, {""chosen"": {""MILK"": 1, ""WOOL"": 1}, ""pending"": {""MILK"": 1, ""WOOL"": 1}, ""step"": 661}, {""chosen"": {""MILK"": 0}, ""pending"": {""MILK"": 1, ""WOOL"": 1}, ""step"": 667}, {""chosen"": {""MILK"": 1}, ""pending"": {""MILK"": 1, ""WOOL"": 1}, ""step"": 670}, {""chosen"": {""MILK"": 1}, ""pending"": {""MILK"": 1, ""WOOL"": 1}, ""step"": 673}, {""chosen"": {""MILK"": 1}, ""pending"": {""MILK"": 1, ""WOOL"": 1}, ""step"": 674}, {""chosen"": {""MILK"": 1}, ""pending"": {""MILK"": 1, ""WOOL"": 1}, ""step"": 678}, {""chosen"": {""MILK"": 1}, ""pending"": {""MILK"": 1, ""WOOL"": 1}, ""step"": 685}, {""chosen"": {""MILK"": 1}, ""pending"": {""MILK"": 1, ""WOOL"": 1}, ""step"": 686}, {""chosen"": {""MILK"": 1}, ""pending"": {""MILK"": 1, ""WOOL"": 1}, ""step"": 698}, {""chosen"": {""WOOL"": 1}, ""pending"": {""MILK"": 1, ""WOOL"": 1}, ""step"": 699}, {""chosen"": {""MILK"": 7}, ""pending"": {""MILK"": 1, ""WOOL"": 1}, ""step"": 702}, {""chosen"": {""MILK"": 4, ""WOOL"": 25}, ""pending"": {""MILK"": 0, ""WOOL"": 0}, ""step"": 703}, {""chosen"": {""WOOL"": 12}, ""pending"": {""MILK"": 0, ""WOOL"": 0}, ""step"": 709}, {""chosen"": {""MILK"": 9}, ""pending"": {""MILK"": 0, ""WOOL"": 0}, ""step"": 710}, {""chosen"": {""MILK"": 12, ""WOOL"": 20}, ""pending"": {""MILK"": 0, ""WOOL"": 0}, ""step"": 712}, {""chosen"": {""MILK"": 3}, ""pending"": {""MILK"": 0, ""WOOL"": 0}, ""step"": 713}, {""chosen"": {""MILK"": 3, ""WOOL"": 12}, ""pending"": {""MILK"": 0, ""WOOL"": 0}, ""step"": 715}, {""chosen"": {""MILK"": 3}, ""pending"": {""MILK"": 0, ""WOOL"": 0}, ""step"": 716}]",0,0,24,151,22
217,0,105649.0,87326.0,18323.0,win,DONE,DONE,1,4.010583900031634,0,0,0,0,719,0,0,0.0263,2.5706700000000002,5.916374000000001,8.9543,"{""BUILD_PASTURE"": 14, ""CARE"": 308, ""COLLECT_FERTILIZER"": 318, ""DIG"": 25, ""DROP"": 80, ""EAST"": 857, ""FEED"": 319, ""FERTILIZE"": 107, ""HARVEST"": 338, ""NORTH"": 1236, ""PASS"": 377, ""PICKUP"": 339, ""PLACE"": 27, ""PLANT"": 131, ""SOUTH"": 929, ""WATER"": 851, ""WEST"": 1098}","{""BUY_ANIMAL"": 14, ""BUY_LAND"": 2, ""BUY_PRODUCT"": 279, ""BUY_SEED"": 54, ""HIRE"": 306, ""SELL"": 481}","{""BUY_ANIMAL:COW"": 8, ""BUY_ANIMAL:SHEEP"": 6, ""BUY_PRODUCT:WHEAT"": 967, ""BUY_SEED:MELON"": 21, ""BUY_SEED:STRAWBERRY"": 44, ""BUY_SEED:WHEAT"": 66, ""SELL:CARROT"": 13, ""SELL:EGG"": 8, ""SELL:FERTILIZER"": 445, ""SELL:MELON"": 224, ""SELL:MILK"": 682, ""SELL:STRAWBERRY"": 636, ""SELL:TOMATO"": 4, ""SELL:WHEAT"": 1108, ""SELL:WOOL"": 373}",conservative,frontier,608,61,153,153,0,46,0,50,370,370,0,131,0,11,conservative,718,"{""MILK"": {""base"": 3, ""carried_value"": 516, ""chosen"": 3, ""deferred"": 0, ""gain"": 0.0, ""opponent_future"": 16.0, ""opponent_now"": 0.0, ""released"": 0, ""residual_value"": 0.0, ""step"": 716}, ""WOOL"": {""base"": 12, ""carried_value"": 2928, ""chosen"": 12, ""deferred"": 0, ""gain"": 0.0, ""opponent_future"": 5.3333, ""opponent_now"": 0.0, ""released"": 0, ""residual_value"": 0.0, ""step"": 715}}","{""MILK"": 0, ""WOOL"": 0}","[{""chosen"": {""WOOL"": 6}, ""pending"": {""WOOL"": 0}, ""step"": 280}, {""chosen"": {""MILK"": 12}, ""pending"": {""MILK"": 0, ""WOOL"": 0}, ""step"": 294}, {""chosen"": {""MILK"": 2}, ""pending"": {""MILK"": 0, ""WOOL"": 0}, ""step"": 308}, {""chosen"": {""MILK"": 3}, ""pending"": {""MILK"": 0, ""WOOL"": 0}, ""step"": 343}, {""chosen"": {""WOOL"": 6}, ""pending"": {""MILK"": 0, ""WOOL"": 0}, ""step"": 354}, {""chosen"": {""WOOL"": 4}, ""pending"": {""MILK"": 0, ""WOOL"": 0}, ""step"": 365}, {""chosen"": {""MILK"": 9}, ""pending"": {""MILK"": 0, ""WOOL"": 0}, ""step"": 367}, {""chosen"": {""MILK"": 9}, ""pending"": {""MILK"": 0, ""WOOL"": 0}, ""step"": 386}, {""chosen"": {""MILK"": 9}, ""pending"": {""MILK"": 0, ""WOOL"": 0}, ""step"": 387}, {""chosen"": {""MILK"": 9}, ""pending"": {""MILK"": 0, ""WOOL"": 0}, ""step"": 409}, {""chosen"": {""MILK"": 8}, ""pending"": {""MILK"": 0, ""WOOL"": 0}, ""step"": 438}, {""chosen"": {""MILK"": 5}, ""pending"": {""MILK"": 0, ""WOOL"": 0}, ""step"": 439}, {""chosen"": {""WOOL"": 4}, ""pending"": {""MILK"": 0, ""WOOL"": 0}, ""step"": 457}, {""chosen"": {""MILK"": 9}, ""pending"": {""MILK"": 0, ""WOOL"": 0}, ""step"": 471}, {""chosen"": {""MILK"": 15}, ""pending"": {""MILK"": 0, ""WOOL"": 0}, ""step"": 484}, {""chosen"": {""MILK"": 15}, ""pending"": {""MILK"": 0, ""WOOL"": 0}, ""step"": 485}, {""chosen"": {""MILK"": 15}, ""pending"": {""MILK"": 0, ""WOOL"": 0}, ""step"": 536}, {""chosen"": {""MILK"": 19, ""WOOL"": 24}, ""pending"": {""MILK"": 0, ""WOOL"": 0}, ""step"": 537}, {""chosen"": {""WOOL"": 2}, ""pending"": {""MILK"": 0, ""WOOL"": 0}, ""step"": 549}, {""chosen"": {""WOOL"": 8}, ""pending"": {""MILK"": 0, ""WOOL"": 0}, ""step"": 552}, {""chosen"": {""MILK"": 4, ""WOOL"": 3}, ""pending"": {""MILK"": 0, ""WOOL"": 0}, ""step"": 566}, {""chosen"": {""MILK"": 2}, ""pending"": {""MILK"": 0, ""WOOL"": 0}, ""step"": 572}, {""chosen"": {""MILK"": 6}, ""pending"": {""MILK"": 0, ""WOOL"": 0}, ""step"": 607}, {""chosen"": {""MILK"": 15}, ""pending"": {""MILK"": 0, ""WOOL"": 0}, ""step"": 608}, {""chosen"": {""MILK"": 9}, ""pending"": {""MILK"": 0, ""WOOL"": 0}, ""step"": 609}, {""chosen"": {""WOOL"": 1}, ""pending"": {""MILK"": 0, ""WOOL"": 0}, ""step"": 625}, {""chosen"": {""WOOL"": 2}, ""pending"": {""MILK"": 0, ""WOOL"": 0}, ""step"": 627}, {""chosen"": {""MILK"": 15}, ""pending"": {""MILK"": 0, ""WOOL"": 0}, ""step"": 633}, {""chosen"": {""MILK"": 30}, ""pending"": {""MILK"": 0, ""WOOL"": 0}, ""step"": 637}, {""chosen"": {""MILK"": 9}, ""pending"": {""MILK"": 0, ""WOOL"": 0}, ""step"": 656}, {""chosen"": {""MILK"": 9, ""WOOL"": 1}, ""pending"": {""MILK"": 0, ""WOOL"": 0}, ""step"": 657}, {""chosen"": {""WOOL"": 1}, ""pending"": {""MILK"": 0, ""WOOL"": 0}, ""step"": 660}, {""chosen"": {""MILK"": 10, ""WOOL"": 1}, ""pending"": {""MILK"": 0, ""WOOL"": 0}, ""step"": 661}, {""chosen"": {""MILK"": 4}, ""pending"": {""MILK"": 0, ""WOOL"": 0}, ""step"": 667}, {""chosen"": {""MILK"": 15}, ""pending"": {""MILK"": 0, ""WOOL"": 0}, ""step"": 670}, {""chosen"": {""MILK"": 12}, ""pending"": {""MILK"": 0, ""WOOL"": 0}, ""step"": 673}, {""chosen"": {""MILK"": 8}, ""pending"": {""MILK"": 0, ""WOOL"": 0}, ""step"": 674}, {""chosen"": {""MILK"": 8}, ""pending"": {""MILK"": 0, ""WOOL"": 0}, ""step"": 678}, {""chosen"": {""MILK"": 9}, ""pending"": {""MILK"": 0, ""WOOL"": 0}, ""step"": 685}, {""chosen"": {""MILK"": 13}, ""pending"": {""MILK"": 0, ""WOOL"": 0}, ""step"": 686}, {""chosen"": {""MILK"": 9}, ""pending"": {""MILK"": 0, ""WOOL"": 0}, ""step"": 698}, {""chosen"": {""WOOL"": 22}, ""pending"": {""MILK"": 0, ""WOOL"": 0}, ""step"": 699}, {""chosen"": {""MILK"": 11}, ""pending"": {""MILK"": 0, ""WOOL"": 0}, ""step"": 702}, {""chosen"": {""MILK"": 3, ""WOOL"": 24}, ""pending"": {""MILK"": 0, ""WOOL"": 0}, ""step"": 703}, {""chosen"": {""WOOL"": 12}, ""pending"": {""MILK"": 0, ""WOOL"": 0}, ""step"": 709}, {""chosen"": {""MILK"": 9}, ""pending"": {""MILK"": 0, ""WOOL"": 0}, ""step"": 710}, {""chosen"": {""MILK"": 12, ""WOOL"": 20}, ""pending"": {""MILK"": 0, ""WOOL"": 0}, ""step"": 712}, {""chosen"": {""MILK"": 3}, ""pending"": {""MILK"": 0, ""WOOL"": 0}, ""step"": 713}, {""chosen"": {""MILK"": 3, ""WOOL"": 12}, ""pending"": {""MILK"": 0, ""WOOL"": 0}, ""step"": 715}, {""chosen"": {""MILK"": 3}, ""pending"": {""MILK"": 0, ""WOOL"": 0}, ""step"": 716}]",0,0,,,
217,1,105907.0,87410.0,18497.0,win,DONE,DONE,1,3.998285499983467,0,0,0,0,719,0,0,0.0258,2.514870000000002,5.650186000000004,8.9727,"{""BUILD_PASTURE"": 14, ""CARE"": 308, ""COLLECT_FERTILIZER"": 318, ""DIG"": 25, ""DROP"": 80, ""EAST"": 857, ""FEED"": 319, ""FERTILIZE"": 107, ""HARVEST"": 338, ""NORTH"": 1236, ""PASS"": 377, ""PICKUP"": 339, ""PLACE"": 27, ""PLANT"": 131, ""SOUTH"": 929, ""WATER"": 851, ""WEST"": 1098}","{""BUY_ANIMAL"": 14, ""BUY_LAND"": 2, ""BUY_PRODUCT"": 279, ""BUY_SEED"": 54, ""HIRE"": 306, ""SELL"": 481}","{""BUY_ANIMAL:COW"": 8, ""BUY_ANIMAL:SHEEP"": 6, ""BUY_PRODUCT:WHEAT"": 967, ""BUY_SEED:MELON"": 21, ""BUY_SEED:STRAWBERRY"": 44, ""BUY_SEED:WHEAT"": 66, ""SELL:CARROT"": 13, ""SELL:EGG"": 8, ""SELL:FERTILIZER"": 445, ""SELL:MELON"": 224, ""SELL:MILK"": 682, ""SELL:STRAWBERRY"": 636, ""SELL:TOMATO"": 4, ""SELL:WHEAT"": 1108, ""SELL:WOOL"": 373}",conservative,frontier,608,61,153,153,0,46,0,50,370,370,0,131,0,11,conservative,718,"{""MILK"": {""base"": 3, ""carried_value"": 516, ""chosen"": 3, ""deferred"": 0, ""gain"": 0.0, ""opponent_future"": 16.0, ""opponent_now"": 0.0, ""released"": 0, ""residual_value"": 0.0, ""step"": 716}, ""WOOL"": {""base"": 12, ""carried_value"": 2928, ""chosen"": 12, ""deferred"": 0, ""gain"": 0.0, ""opponent_future"": 5.3333, ""opponent_now"": 0.0, ""released"": 0, ""residual_value"": 0.0, ""step"": 715}}","{""MILK"": 0, ""WOOL"": 0}","[{""chosen"": {""WOOL"": 6}, ""pending"": {""WOOL"": 0}, ""step"": 280}, {""chosen"": {""MILK"": 12}, ""pending"": {""MILK"": 0, ""WOOL"": 0}, ""step"": 294}, {""chosen"": {""MILK"": 2}, ""pending"": {""MILK"": 0, ""WOOL"": 0}, ""step"": 308}, {""chosen"": {""MILK"": 3}, ""pending"": {""MILK"": 0, ""WOOL"": 0}, ""step"": 343}, {""chosen"": {""WOOL"": 6}, ""pending"": {""MILK"": 0, ""WOOL"": 0}, ""step"": 354}, {""chosen"": {""WOOL"": 4}, ""pending"": {""MILK"": 0, ""WOOL"": 0}, ""step"": 365}, {""chosen"": {""MILK"": 9}, ""pending"": {""MILK"": 0, ""WOOL"": 0}, ""step"": 367}, {""chosen"": {""MILK"": 9}, ""pending"": {""MILK"": 0, ""WOOL"": 0}, ""step"": 386}, {""chosen"": {""MILK"": 9}, ""pending"": {""MILK"": 0, ""WOOL"": 0}, ""step"": 387}, {""chosen"": {""MILK"": 9}, ""pending"": {""MILK"": 0, ""WOOL"": 0}, ""step"": 409}, {""chosen"": {""MILK"": 8}, ""pending"": {""MILK"": 0, ""WOOL"": 0}, ""step"": 438}, {""chosen"": {""MILK"": 5}, ""pending"": {""MILK"": 0, ""WOOL"": 0}, ""step"": 439}, {""chosen"": {""WOOL"": 4}, ""pending"": {""MILK"": 0, ""WOOL"": 0}, ""step"": 457}, {""chosen"": {""MILK"": 9}, ""pending"": {""MILK"": 0, ""WOOL"": 0}, ""step"": 471}, {""chosen"": {""MILK"": 15}, ""pending"": {""MILK"": 0, ""WOOL"": 0}, ""step"": 484}, {""chosen"": {""MILK"": 15}, ""pending"": {""MILK"": 0, ""WOOL"": 0}, ""step"": 485}, {""chosen"": {""MILK"": 15}, ""pending"": {""MILK"": 0, ""WOOL"": 0}, ""step"": 536}, {""chosen"": {""MILK"": 19, ""WOOL"": 24}, ""pending"": {""MILK"": 0, ""WOOL"": 0}, ""step"": 537}, {""chosen"": {""WOOL"": 2}, ""pending"": {""MILK"": 0, ""WOOL"": 0}, ""step"": 549}, {""chosen"": {""WOOL"": 8}, ""pending"": {""MILK"": 0, ""WOOL"": 0}, ""step"": 552}, {""chosen"": {""MILK"": 4, ""WOOL"": 3}, ""pending"": {""MILK"": 0, ""WOOL"": 0}, ""step"": 566}, {""chosen"": {""MILK"": 2}, ""pending"": {""MILK"": 0, ""WOOL"": 0}, ""step"": 572}, {""chosen"": {""MILK"": 6}, ""pending"": {""MILK"": 0, ""WOOL"": 0}, ""step"": 607}, {""chosen"": {""MILK"": 15}, ""pending"": {""MILK"": 0, ""WOOL"": 0}, ""step"": 608}, {""chosen"": {""MILK"": 9}, ""pending"": {""MILK"": 0, ""WOOL"": 0}, ""step"": 609}, {""chosen"": {""WOOL"": 1}, ""pending"": {""MILK"": 0, ""WOOL"": 0}, ""step"": 625}, {""chosen"": {""WOOL"": 2}, ""pending"": {""MILK"": 0, ""WOOL"": 0}, ""step"": 627}, {""chosen"": {""MILK"": 15}, ""pending"": {""MILK"": 0, ""WOOL"": 0}, ""step"": 633}, {""chosen"": {""MILK"": 30}, ""pending"": {""MILK"": 0, ""WOOL"": 0}, ""step"": 637}, {""chosen"": {""MILK"": 9}, ""pending"": {""MILK"": 0, ""WOOL"": 0}, ""step"": 656}, {""chosen"": {""MILK"": 9, ""WOOL"": 1}, ""pending"": {""MILK"": 0, ""WOOL"": 0}, ""step"": 657}, {""chosen"": {""WOOL"": 1}, ""pending"": {""MILK"": 0, ""WOOL"": 0}, ""step"": 660}, {""chosen"": {""MILK"": 10, ""WOOL"": 1}, ""pending"": {""MILK"": 0, ""WOOL"": 0}, ""step"": 661}, {""chosen"": {""MILK"": 4}, ""pending"": {""MILK"": 0, ""WOOL"": 0}, ""step"": 667}, {""chosen"": {""MILK"": 15}, ""pending"": {""MILK"": 0, ""WOOL"": 0}, ""step"": 670}, {""chosen"": {""MILK"": 12}, ""pending"": {""MILK"": 0, ""WOOL"": 0}, ""step"": 673}, {""chosen"": {""MILK"": 8}, ""pending"": {""MILK"": 0, ""WOOL"": 0}, ""step"": 674}, {""chosen"": {""MILK"": 8}, ""pending"": {""MILK"": 0, ""WOOL"": 0}, ""step"": 678}, {""chosen"": {""MILK"": 9}, ""pending"": {""MILK"": 0, ""WOOL"": 0}, ""step"": 685}, {""chosen"": {""MILK"": 13}, ""pending"": {""MILK"": 0, ""WOOL"": 0}, ""step"": 686}, {""chosen"": {""MILK"": 9}, ""pending"": {""MILK"": 0, ""WOOL"": 0}, ""step"": 698}, {""chosen"": {""WOOL"": 22}, ""pending"": {""MILK"": 0, ""WOOL"": 0}, ""step"": 699}, {""chosen"": {""MILK"": 11}, ""pending"": {""MILK"": 0, ""WOOL"": 0}, ""step"": 702}, {""chosen"": {""MILK"": 3, ""WOOL"": 24}, ""pending"": {""MILK"": 0, ""WOOL"": 0}, ""step"": 703}, {""chosen"": {""WOOL"": 12}, ""pending"": {""MILK"": 0, ""WOOL"": 0}, ""step"": 709}, {""chosen"": {""MILK"": 9}, ""pending"": {""MILK"": 0, ""WOOL"": 0}, ""step"": 710}, {""chosen"": {""MILK"": 12, ""WOOL"": 20}, ""pending"": {""MILK"": 0, ""WOOL"": 0}, ""step"": 712}, {""chosen"": {""MILK"": 3}, ""pending"": {""MILK"": 0, ""WOOL"": 0}, ""step"": 713}, {""chosen"": {""MILK"": 3, ""WOOL"": 12}, ""pending"": {""MILK"": 0, ""WOOL"": 0}, ""step"": 715}, {""chosen"": {""MILK"": 3}, ""pending"": {""MILK"": 0, ""WOOL"": 0}, ""step"": 716}]",0,0,,,
317,0,129354.0,122369.0,6985.0,win,DONE,DONE,1,3.948880200041458,0,0,0,0,719,0,0,0.026,1.7871900000000003,5.7304420000000045,9.5815,"{""BUILD_PASTURE"": 14, ""CARE"": 308, ""COLLECT_FERTILIZER"": 318, ""DIG"": 25, ""DROP"": 80, ""EAST"": 857, ""FEED"": 319, ""FERTILIZE"": 107, ""HARVEST"": 338, ""NORTH"": 1236, ""PASS"": 377, ""PICKUP"": 339, ""PLACE"": 27, ""PLANT"": 131, ""SOUTH"": 929, ""WATER"": 851, ""WEST"": 1098}","{""BUY_ANIMAL"": 14, ""BUY_LAND"": 2, ""BUY_PRODUCT"": 279, ""BUY_SEED"": 54, ""HIRE"": 306, ""SELL"": 448}","{""BUY_ANIMAL:COW"": 8, ""BUY_ANIMAL:SHEEP"": 6, ""BUY_PRODUCT:WHEAT"": 967, ""BUY_SEED:MELON"": 21, ""BUY_SEED:STRAWBERRY"": 44, ""BUY_SEED:WHEAT"": 66, ""SELL:CARROT"": 13, ""SELL:EGG"": 8, ""SELL:FERTILIZER"": 437, ""SELL:MELON"": 224, ""SELL:MILK"": 606, ""SELL:STRAWBERRY"": 567, ""SELL:TOMATO"": 4, ""SELL:WHEAT"": 1108, ""SELL:WOOL"": 328}",conservative,frontier,621,57,162,136,0,54,6,41,248,240,0,110,1,11,conservative,718,"{""MILK"": {""base"": 3, ""carried_value"": 762, ""chosen"": 3, ""deferred"": 0, ""gain"": 0.0, ""opponent_future"": 16.0, ""opponent_now"": 0.0, ""released"": 0, ""residual_value"": 0.0, ""step"": 716}, ""WOOL"": {""base"": 12, ""carried_value"": 2700, ""chosen"": 12, ""deferred"": 0, ""gain"": 0.0, ""opponent_future"": 8.0, ""opponent_now"": 0.0, ""released"": 0, ""residual_value"": 0.0, ""step"": 715}}","{""MILK"": 0, ""WOOL"": 0}","[{""chosen"": {""WOOL"": 6}, ""pending"": {""WOOL"": 0}, ""step"": 280}, {""chosen"": {""MILK"": 9}, ""pending"": {""MILK"": 0, ""WOOL"": 0}, ""step"": 293}, {""chosen"": {""WOOL"": 6}, ""pending"": {""MILK"": 0, ""WOOL"": 0}, ""step"": 354}, {""chosen"": {""WOOL"": 7}, ""pending"": {""MILK"": 0, ""WOOL"": 0}, ""step"": 358}, {""chosen"": {""WOOL"": 4}, ""pending"": {""MILK"": 0, ""WOOL"": 0}, ""step"": 365}, {""chosen"": {""MILK"": 9, ""WOOL"": 4}, ""pending"": {""MILK"": 0, ""WOOL"": 0}, ""step"": 366}, {""chosen"": {""MILK"": 9}, ""pending"": {""MILK"": 0, ""WOOL"": 0}, ""step"": 386}, {""chosen"": {""WOOL"": 3}, ""pending"": {""MILK"": 0, ""WOOL"": 0}, ""step"": 424}, {""chosen"": {""MILK"": 6}, ""pending"": {""MILK"": 0, ""WOOL"": 0}, ""step"": 450}, {""chosen"": {""MILK"": 12}, ""pending"": {""MILK"": 0, ""WOOL"": 0}, ""step"": 475}, {""chosen"": {""MILK"": 15}, ""pending"": {""MILK"": 0, ""WOOL"": 0}, ""step"": 536}, {""chosen"": {""WOOL"": 24}, ""pending"": {""MILK"": 0, ""WOOL"": 0}, ""step"": 538}, {""chosen"": {""MILK"": 1}, ""pending"": {""MILK"": 0, ""WOOL"": 0}, ""step"": 569}, {""chosen"": {""MILK"": 2}, ""pending"": {""MILK"": 0, ""WOOL"": 0}, ""step"": 572}, {""chosen"": {""MILK"": 6}, ""pending"": {""MILK"": 0, ""WOOL"": 0}, ""step"": 607}, {""chosen"": {""WOOL"": 2}, ""pending"": {""MILK"": 0, ""WOOL"": 1}, ""step"": 616}, {""chosen"": {""MILK"": 14, ""WOOL"": 10}, ""pending"": {""MILK"": 0, ""WOOL"": 0}, ""step"": 617}, {""chosen"": {""WOOL"": 1}, ""pending"": {""MILK"": 0, ""WOOL"": 0}, ""step"": 625}, {""chosen"": {""WOOL"": 2}, ""pending"": {""MILK"": 0, ""WOOL"": 0}, ""step"": 627}, {""chosen"": {""MILK"": 15}, ""pending"": {""MILK"": 0, ""WOOL"": 0}, ""step"": 633}, {""chosen"": {""MILK"": 0}, ""pending"": {""MILK"": 1, ""WOOL"": 0}, ""step"": 656}, {""chosen"": {""MILK"": 10, ""WOOL"": 0}, ""pending"": {""MILK"": 0, ""WOOL"": 1}, ""step"": 657}, {""chosen"": {""WOOL"": 1}, ""pending"": {""MILK"": 0, ""WOOL"": 1}, ""step"": 660}, {""chosen"": {""MILK"": 10, ""WOOL"": 1}, ""pending"": {""MILK"": 0, ""WOOL"": 1}, ""step"": 661}, {""chosen"": {""MILK"": 4}, ""pending"": {""MILK"": 0, ""WOOL"": 1}, ""step"": 667}, {""chosen"": {""MILK"": 15}, ""pending"": {""MILK"": 0, ""WOOL"": 1}, ""step"": 670}, {""chosen"": {""MILK"": 12}, ""pending"": {""MILK"": 0, ""WOOL"": 1}, ""step"": 673}, {""chosen"": {""MILK"": 8}, ""pending"": {""MILK"": 0, ""WOOL"": 1}, ""step"": 674}, {""chosen"": {""MILK"": 8}, ""pending"": {""MILK"": 0, ""WOOL"": 1}, ""step"": 678}, {""chosen"": {""MILK"": 9}, ""pending"": {""MILK"": 0, ""WOOL"": 1}, ""step"": 685}, {""chosen"": {""MILK"": 13}, ""pending"": {""MILK"": 0, ""WOOL"": 1}, ""step"": 686}, {""chosen"": {""MILK"": 9}, ""pending"": {""MILK"": 0, ""WOOL"": 1}, ""step"": 698}, {""chosen"": {""WOOL"": 1}, ""pending"": {""MILK"": 0, ""WOOL"": 1}, ""step"": 699}, {""chosen"": {""MILK"": 11}, ""pending"": {""MILK"": 0, ""WOOL"": 1}, ""step"": 702}, {""chosen"": {""MILK"": 3, ""WOOL"": 19}, ""pending"": {""MILK"": 0, ""WOOL"": 1}, ""step"": 703}, {""chosen"": {""WOOL"": 13}, ""pending"": {""MILK"": 0, ""WOOL"": 0}, ""step"": 709}, {""chosen"": {""MILK"": 9}, ""pending"": {""MILK"": 0, ""WOOL"": 0}, ""step"": 710}, {""chosen"": {""MILK"": 12, ""WOOL"": 20}, ""pending"": {""MILK"": 0, ""WOOL"": 0}, ""step"": 712}, {""chosen"": {""MILK"": 3}, ""pending"": {""MILK"": 0, ""WOOL"": 0}, ""step"": 713}, {""chosen"": {""MILK"": 3, ""WOOL"": 12}, ""pending"": {""MILK"": 0, ""WOOL"": 0}, ""step"": 715}, {""chosen"": {""MILK"": 3}, ""pending"": {""MILK"": 0, ""WOOL"": 0}, ""step"": 716}]",0,0,8,40,7
317,1,129505.0,122374.0,7131.0,win,DONE,DONE,1,3.7925426999572664,0,0,0,0,719,0,0,0.0253,1.7681300000000006,5.760374000000001,9.6848,"{""BUILD_PASTURE"": 14, ""CARE"": 308, ""COLLECT_FERTILIZER"": 318, ""DIG"": 25, ""DROP"": 80, ""EAST"": 857, ""FEED"": 319, ""FERTILIZE"": 107, ""HARVEST"": 338, ""NORTH"": 1236, ""PASS"": 377, ""PICKUP"": 339, ""PLACE"": 27, ""PLANT"": 131, ""SOUTH"": 929, ""WATER"": 851, ""WEST"": 1098}","{""BUY_ANIMAL"": 14, ""BUY_LAND"": 2, ""BUY_PRODUCT"": 279, ""BUY_SEED"": 54, ""HIRE"": 306, ""SELL"": 448}","{""BUY_ANIMAL:COW"": 8, ""BUY_ANIMAL:SHEEP"": 6, ""BUY_PRODUCT:WHEAT"": 967, ""BUY_SEED:MELON"": 21, ""BUY_SEED:STRAWBERRY"": 44, ""BUY_SEED:WHEAT"": 66, ""SELL:CARROT"": 13, ""SELL:EGG"": 8, ""SELL:FERTILIZER"": 437, ""SELL:MELON"": 224, ""SELL:MILK"": 606, ""SELL:STRAWBERRY"": 567, ""SELL:TOMATO"": 4, ""SELL:WHEAT"": 1108, ""SELL:WOOL"": 328}",conservative,frontier,621,57,162,136,0,54,6,41,248,240,0,110,1,11,conservative,718,"{""MILK"": {""base"": 3, ""carried_value"": 762, ""chosen"": 3, ""deferred"": 0, ""gain"": 0.0, ""opponent_future"": 16.0, ""opponent_now"": 0.0, ""released"": 0, ""residual_value"": 0.0, ""step"": 716}, ""WOOL"": {""base"": 12, ""carried_value"": 2700, ""chosen"": 12, ""deferred"": 0, ""gain"": 0.0, ""opponent_future"": 8.0, ""opponent_now"": 0.0, ""released"": 0, ""residual_value"": 0.0, ""step"": 715}}","{""MILK"": 0, ""WOOL"": 0}","[{""chosen"": {""WOOL"": 6}, ""pending"": {""WOOL"": 0}, ""step"": 280}, {""chosen"": {""MILK"": 9}, ""pending"": {""MILK"": 0, ""WOOL"": 0}, ""step"": 293}, {""chosen"": {""WOOL"": 6}, ""pending"": {""MILK"": 0, ""WOOL"": 0}, ""step"": 354}, {""chosen"": {""WOOL"": 7}, ""pending"": {""MILK"": 0, ""WOOL"": 0}, ""step"": 358}, {""chosen"": {""WOOL"": 4}, ""pending"": {""MILK"": 0, ""WOOL"": 0}, ""step"": 365}, {""chosen"": {""MILK"": 9, ""WOOL"": 4}, ""pending"": {""MILK"": 0, ""WOOL"": 0}, ""step"": 366}, {""chosen"": {""MILK"": 9}, ""pending"": {""MILK"": 0, ""WOOL"": 0}, ""step"": 386}, {""chosen"": {""WOOL"": 3}, ""pending"": {""MILK"": 0, ""WOOL"": 0}, ""step"": 424}, {""chosen"": {""MILK"": 6}, ""pending"": {""MILK"": 0, ""WOOL"": 0}, ""step"": 450}, {""chosen"": {""MILK"": 12}, ""pending"": {""MILK"": 0, ""WOOL"": 0}, ""step"": 475}, {""chosen"": {""MILK"": 15}, ""pending"": {""MILK"": 0, ""WOOL"": 0}, ""step"": 536}, {""chosen"": {""WOOL"": 24}, ""pending"": {""MILK"": 0, ""WOOL"": 0}, ""step"": 538}, {""chosen"": {""MILK"": 1}, ""pending"": {""MILK"": 0, ""WOOL"": 0}, ""step"": 569}, {""chosen"": {""MILK"": 2}, ""pending"": {""MILK"": 0, ""WOOL"": 0}, ""step"": 572}, {""chosen"": {""MILK"": 6}, ""pending"": {""MILK"": 0, ""WOOL"": 0}, ""step"": 607}, {""chosen"": {""WOOL"": 2}, ""pending"": {""MILK"": 0, ""WOOL"": 1}, ""step"": 616}, {""chosen"": {""MILK"": 14, ""WOOL"": 10}, ""pending"": {""MILK"": 0, ""WOOL"": 0}, ""step"": 617}, {""chosen"": {""WOOL"": 1}, ""pending"": {""MILK"": 0, ""WOOL"": 0}, ""step"": 625}, {""chosen"": {""WOOL"": 2}, ""pending"": {""MILK"": 0, ""WOOL"": 0}, ""step"": 627}, {""chosen"": {""MILK"": 15}, ""pending"": {""MILK"": 0, ""WOOL"": 0}, ""step"": 633}, {""chosen"": {""MILK"": 0}, ""pending"": {""MILK"": 1, ""WOOL"": 0}, ""step"": 656}, {""chosen"": {""MILK"": 10, ""WOOL"": 0}, ""pending"": {""MILK"": 0, ""WOOL"": 1}, ""step"": 657}, {""chosen"": {""WOOL"": 1}, ""pending"": {""MILK"": 0, ""WOOL"": 1}, ""step"": 660}, {""chosen"": {""MILK"": 10, ""WOOL"": 1}, ""pending"": {""MILK"": 0, ""WOOL"": 1}, ""step"": 661}, {""chosen"": {""MILK"": 4}, ""pending"": {""MILK"": 0, ""WOOL"": 1}, ""step"": 667}, {""chosen"": {""MILK"": 15}, ""pending"": {""MILK"": 0, ""WOOL"": 1}, ""step"": 670}, {""chosen"": {""MILK"": 12}, ""pending"": {""MILK"": 0, ""WOOL"": 1}, ""step"": 673}, {""chosen"": {""MILK"": 8}, ""pending"": {""MILK"": 0, ""WOOL"": 1}, ""step"": 674}, {""chosen"": {""MILK"": 8}, ""pending"": {""MILK"": 0, ""WOOL"": 1}, ""step"": 678}, {""chosen"": {""MILK"": 9}, ""pending"": {""MILK"": 0, ""WOOL"": 1}, ""step"": 685}, {""chosen"": {""MILK"": 13}, ""pending"": {""MILK"": 0, ""WOOL"": 1}, ""step"": 686}, {""chosen"": {""MILK"": 9}, ""pending"": {""MILK"": 0, ""WOOL"": 1}, ""step"": 698}, {""chosen"": {""WOOL"": 1}, ""pending"": {""MILK"": 0, ""WOOL"": 1}, ""step"": 699}, {""chosen"": {""MILK"": 11}, ""pending"": {""MILK"": 0, ""WOOL"": 1}, ""step"": 702}, {""chosen"": {""MILK"": 3, ""WOOL"": 19}, ""pending"": {""MILK"": 0, ""WOOL"": 1}, ""step"": 703}, {""chosen"": {""WOOL"": 13}, ""pending"": {""MILK"": 0, ""WOOL"": 0}, ""step"": 709}, {""chosen"": {""MILK"": 9}, ""pending"": {""MILK"": 0, ""WOOL"": 0}, ""step"": 710}, {""chosen"": {""MILK"": 12, ""WOOL"": 20}, ""pending"": {""MILK"": 0, ""WOOL"": 0}, ""step"": 712}, {""chosen"": {""MILK"": 3}, ""pending"": {""MILK"": 0, ""WOOL"": 0}, ""step"": 713}, {""chosen"": {""MILK"": 3, ""WOOL"": 12}, ""pending"": {""MILK"": 0, ""WOOL"": 0}, ""step"": 715}, {""chosen"": {""MILK"": 3}, ""pending"": {""MILK"": 0, ""WOOL"": 0}, ""step"": 716}]",0,0,8,40,7
733,0,121646.0,114001.0,7645.0,win,DONE,DONE,1,3.917674000025727,0,0,0,0,719,0,0,0.0264,2.265090000000002,7.4835800000000035,11.4532,"{""BUILD_PASTURE"": 14, ""CARE"": 308, ""COLLECT_FERTILIZER"": 318, ""DIG"": 25, ""DROP"": 80, ""EAST"": 857, ""FEED"": 319, ""FERTILIZE"": 107, ""HARVEST"": 338, ""NORTH"": 1236, ""PASS"": 377, ""PICKUP"": 339, ""PLACE"": 27, ""PLANT"": 131, ""SOUTH"": 929, ""WATER"": 851, ""WEST"": 1098}","{""BUY_ANIMAL"": 14, ""BUY_LAND"": 2, ""BUY_PRODUCT"": 279, ""BUY_SEED"": 54, ""HIRE"": 306, ""SELL"": 442}","{""BUY_ANIMAL:COW"": 8, ""BUY_ANIMAL:SHEEP"": 6, ""BUY_PRODUCT:WHEAT"": 967, ""BUY_SEED:MELON"": 21, ""BUY_SEED:STRAWBERRY"": 44, ""BUY_SEED:WHEAT"": 66, ""SELL:CARROT"": 13, ""SELL:EGG"": 8, ""SELL:FERTILIZER"": 437, ""SELL:MELON"": 224, ""SELL:MILK"": 506, ""SELL:STRAWBERRY"": 567, ""SELL:TOMATO"": 4, ""SELL:WHEAT"": 1108, ""SELL:WOOL"": 333}",conservative,frontier,621,48,198,177,0,57,4,50,374,266,0,146,12,11,conservative,718,"{""MILK"": {""base"": 3, ""carried_value"": 657, ""chosen"": 3, ""deferred"": 0, ""gain"": 0.0, ""opponent_future"": 16.0, ""opponent_now"": 0.0, ""released"": 0, ""residual_value"": 0.0, ""step"": 716}, ""WOOL"": {""base"": 12, ""carried_value"": 2736, ""chosen"": 12, ""deferred"": 0, ""gain"": 0.0, ""opponent_future"": 8.0, ""opponent_now"": 0.0, ""released"": 0, ""residual_value"": 0.0, ""step"": 715}}","{""MILK"": 0, ""WOOL"": 0}","[{""chosen"": {""WOOL"": 6}, ""pending"": {""WOOL"": 0}, ""step"": 280}, {""chosen"": {""MILK"": 9}, ""pending"": {""MILK"": 0, ""WOOL"": 0}, ""step"": 293}, {""chosen"": {""WOOL"": 6}, ""pending"": {""MILK"": 0, ""WOOL"": 0}, ""step"": 354}, {""chosen"": {""WOOL"": 7}, ""pending"": {""MILK"": 0, ""WOOL"": 0}, ""step"": 358}, {""chosen"": {""WOOL"": 4}, ""pending"": {""MILK"": 0, ""WOOL"": 0}, ""step"": 365}, {""chosen"": {""MILK"": 9, ""WOOL"": 4}, ""pending"": {""MILK"": 0, ""WOOL"": 0}, ""step"": 366}, {""chosen"": {""MILK"": 9}, ""pending"": {""MILK"": 0, ""WOOL"": 0}, ""step"": 386}, {""chosen"": {""MILK"": 9}, ""pending"": {""MILK"": 0, ""WOOL"": 0}, ""step"": 409}, {""chosen"": {""WOOL"": 3}, ""pending"": {""MILK"": 0, ""WOOL"": 0}, ""step"": 424}, {""chosen"": {""MILK"": 6}, ""pending"": {""MILK"": 0, ""WOOL"": 0}, ""step"": 450}, {""chosen"": {""MILK"": 12}, ""pending"": {""MILK"": 0, ""WOOL"": 0}, ""step"": 475}, {""chosen"": {""MILK"": 15}, ""pending"": {""MILK"": 0, ""WOOL"": 0}, ""step"": 489}, {""chosen"": {""MILK"": 14}, ""pending"": {""MILK"": 1, ""WOOL"": 0}, ""step"": 536}, {""chosen"": {""MILK"": 0, ""WOOL"": 24}, ""pending"": {""MILK"": 1, ""WOOL"": 0}, ""step"": 537}, {""chosen"": {""WOOL"": 24}, ""pending"": {""MILK"": 1, ""WOOL"": 0}, ""step"": 538}, {""chosen"": {""MILK"": 25}, ""pending"": {""MILK"": 0, ""WOOL"": 0}, ""step"": 541}, {""chosen"": {""MILK"": 0, ""WOOL"": 3}, ""pending"": {""MILK"": 1, ""WOOL"": 0}, ""step"": 566}, {""chosen"": {""MILK"": 2}, ""pending"": {""MILK"": 0, ""WOOL"": 0}, ""step"": 569}, {""chosen"": {""MILK"": 2}, ""pending"": {""MILK"": 0, ""WOOL"": 0}, ""step"": 572}, {""chosen"": {""MILK"": 6}, ""pending"": {""MILK"": 0, ""WOOL"": 0}, ""step"": 607}, {""chosen"": {""MILK"": 0}, ""pending"": {""MILK"": 1, ""WOOL"": 0}, ""step"": 608}, {""chosen"": {""MILK"": 10}, ""pending"": {""MILK"": 0, ""WOOL"": 0}, ""step"": 609}, {""chosen"": {""MILK"": 0, ""WOOL"": 9}, ""pending"": {""MILK"": 1, ""WOOL"": 0}, ""step"": 612}, {""chosen"": {""MILK"": 10, ""WOOL"": 9}, ""pending"": {""MILK"": 0, ""WOOL"": 0}, ""step"": 613}, {""chosen"": {""WOOL"": 3}, ""pending"": {""MILK"": 0, ""WOOL"": 0}, ""step"": 616}, {""chosen"": {""WOOL"": 1}, ""pending"": {""MILK"": 0, ""WOOL"": 0}, ""step"": 625}, {""chosen"": {""WOOL"": 2}, ""pending"": {""MILK"": 0, ""WOOL"": 0}, ""step"": 627}, {""chosen"": {""MILK"": 15}, ""pending"": {""MILK"": 0, ""WOOL"": 0}, ""step"": 633}, {""chosen"": {""MILK"": 30}, ""pending"": {""MILK"": 0, ""WOOL"": 0}, ""step"": 637}, {""chosen"": {""MILK"": 0}, ""pending"": {""MILK"": 1, ""WOOL"": 0}, ""step"": 656}, {""chosen"": {""MILK"": 1, ""WOOL"": 0}, ""pending"": {""MILK"": 1, ""WOOL"": 1}, ""step"": 657}, {""chosen"": {""WOOL"": 1}, ""pending"": {""MILK"": 1, ""WOOL"": 1}, ""step"": 660}, {""chosen"": {""MILK"": 1, ""WOOL"": 1}, ""pending"": {""MILK"": 1, ""WOOL"": 1}, ""step"": 661}, {""chosen"": {""MILK"": 1}, ""pending"": {""MILK"": 1, ""WOOL"": 1}, ""step"": 667}, {""chosen"": {""MILK"": 1}, ""pending"": {""MILK"": 1, ""WOOL"": 1}, ""step"": 670}, {""chosen"": {""MILK"": 1}, ""pending"": {""MILK"": 1, ""WOOL"": 1}, ""step"": 673}, {""chosen"": {""MILK"": 1}, ""pending"": {""MILK"": 1, ""WOOL"": 1}, ""step"": 674}, {""chosen"": {""MILK"": 1}, ""pending"": {""MILK"": 1, ""WOOL"": 1}, ""step"": 678}, {""chosen"": {""MILK"": 10}, ""pending"": {""MILK"": 0, ""WOOL"": 1}, ""step"": 685}, {""chosen"": {""MILK"": 13}, ""pending"": {""MILK"": 0, ""WOOL"": 1}, ""step"": 686}, {""chosen"": {""MILK"": 9}, ""pending"": {""MILK"": 0, ""WOOL"": 1}, ""step"": 698}, {""chosen"": {""WOOL"": 1}, ""pending"": {""MILK"": 0, ""WOOL"": 1}, ""step"": 699}, {""chosen"": {""MILK"": 11}, ""pending"": {""MILK"": 0, ""WOOL"": 1}, ""step"": 702}, {""chosen"": {""MILK"": 3, ""WOOL"": 25}, ""pending"": {""MILK"": 0, ""WOOL"": 0}, ""step"": 703}, {""chosen"": {""WOOL"": 12}, ""pending"": {""MILK"": 0, ""WOOL"": 0}, ""step"": 709}, {""chosen"": {""MILK"": 9}, ""pending"": {""MILK"": 0, ""WOOL"": 0}, ""step"": 710}, {""chosen"": {""MILK"": 12, ""WOOL"": 20}, ""pending"": {""MILK"": 0, ""WOOL"": 0}, ""step"": 712}, {""chosen"": {""MILK"": 3}, ""pending"": {""MILK"": 0, ""WOOL"": 0}, ""step"": 713}, {""chosen"": {""MILK"": 3, ""WOOL"": 12}, ""pending"": {""MILK"": 0, ""WOOL"": 0}, ""step"": 715}, {""chosen"": {""MILK"": 3}, ""pending"": {""MILK"": 0, ""WOOL"": 0}, ""step"": 716}]",0,0,21,141,20
733,1,121607.0,113773.0,7834.0,win,DONE,DONE,1,3.8878056000103243,0,0,0,0,719,0,0,0.0239,2.13634,6.360312000000011,8.8132,"{""BUILD_PASTURE"": 14, ""CARE"": 308, ""COLLECT_FERTILIZER"": 318, ""DIG"": 25, ""DROP"": 80, ""EAST"": 857, ""FEED"": 319, ""FERTILIZE"": 107, ""HARVEST"": 338, ""NORTH"": 1236, ""PASS"": 377, ""PICKUP"": 339, ""PLACE"": 27, ""PLANT"": 131, ""SOUTH"": 929, ""WATER"": 851, ""WEST"": 1098}","{""BUY_ANIMAL"": 14, ""BUY_LAND"": 2, ""BUY_PRODUCT"": 279, ""BUY_SEED"": 54, ""HIRE"": 306, ""SELL"": 442}","{""BUY_ANIMAL:COW"": 8, ""BUY_ANIMAL:SHEEP"": 6, ""BUY_PRODUCT:WHEAT"": 967, ""BUY_SEED:MELON"": 21, ""BUY_SEED:STRAWBERRY"": 44, ""BUY_SEED:WHEAT"": 66, ""SELL:CARROT"": 13, ""SELL:EGG"": 8, ""SELL:FERTILIZER"": 437, ""SELL:MELON"": 224, ""SELL:MILK"": 506, ""SELL:STRAWBERRY"": 567, ""SELL:TOMATO"": 4, ""SELL:WHEAT"": 1108, ""SELL:WOOL"": 333}",conservative,frontier,621,48,198,177,0,57,4,50,374,266,0,146,12,11,conservative,718,"{""MILK"": {""base"": 3, ""carried_value"": 657, ""chosen"": 3, ""deferred"": 0, ""gain"": 0.0, ""opponent_future"": 16.0, ""opponent_now"": 0.0, ""released"": 0, ""residual_value"": 0.0, ""step"": 716}, ""WOOL"": {""base"": 12, ""carried_value"": 2736, ""chosen"": 12, ""deferred"": 0, ""gain"": 0.0, ""opponent_future"": 8.0, ""opponent_now"": 0.0, ""released"": 0, ""residual_value"": 0.0, ""step"": 715}}","{""MILK"": 0, ""WOOL"": 0}","[{""chosen"": {""WOOL"": 6}, ""pending"": {""WOOL"": 0}, ""step"": 280}, {""chosen"": {""MILK"": 9}, ""pending"": {""MILK"": 0, ""WOOL"": 0}, ""step"": 293}, {""chosen"": {""WOOL"": 6}, ""pending"": {""MILK"": 0, ""WOOL"": 0}, ""step"": 354}, {""chosen"": {""WOOL"": 7}, ""pending"": {""MILK"": 0, ""WOOL"": 0}, ""step"": 358}, {""chosen"": {""WOOL"": 4}, ""pending"": {""MILK"": 0, ""WOOL"": 0}, ""step"": 365}, {""chosen"": {""MILK"": 9, ""WOOL"": 4}, ""pending"": {""MILK"": 0, ""WOOL"": 0}, ""step"": 366}, {""chosen"": {""MILK"": 9}, ""pending"": {""MILK"": 0, ""WOOL"": 0}, ""step"": 386}, {""chosen"": {""MILK"": 9}, ""pending"": {""MILK"": 0, ""WOOL"": 0}, ""step"": 409}, {""chosen"": {""WOOL"": 3}, ""pending"": {""MILK"": 0, ""WOOL"": 0}, ""step"": 424}, {""chosen"": {""MILK"": 6}, ""pending"": {""MILK"": 0, ""WOOL"": 0}, ""step"": 450}, {""chosen"": {""MILK"": 12}, ""pending"": {""MILK"": 0, ""WOOL"": 0}, ""step"": 475}, {""chosen"": {""MILK"": 15}, ""pending"": {""MILK"": 0, ""WOOL"": 0}, ""step"": 489}, {""chosen"": {""MILK"": 14}, ""pending"": {""MILK"": 1, ""WOOL"": 0}, ""step"": 536}, {""chosen"": {""MILK"": 0, ""WOOL"": 24}, ""pending"": {""MILK"": 1, ""WOOL"": 0}, ""step"": 537}, {""chosen"": {""WOOL"": 24}, ""pending"": {""MILK"": 1, ""WOOL"": 0}, ""step"": 538}, {""chosen"": {""MILK"": 25}, ""pending"": {""MILK"": 0, ""WOOL"": 0}, ""step"": 541}, {""chosen"": {""MILK"": 0, ""WOOL"": 3}, ""pending"": {""MILK"": 1, ""WOOL"": 0}, ""step"": 566}, {""chosen"": {""MILK"": 2}, ""pending"": {""MILK"": 0, ""WOOL"": 0}, ""step"": 569}, {""chosen"": {""MILK"": 2}, ""pending"": {""MILK"": 0, ""WOOL"": 0}, ""step"": 572}, {""chosen"": {""MILK"": 6}, ""pending"": {""MILK"": 0, ""WOOL"": 0}, ""step"": 607}, {""chosen"": {""MILK"": 0}, ""pending"": {""MILK"": 1, ""WOOL"": 0}, ""step"": 608}, {""chosen"": {""MILK"": 10}, ""pending"": {""MILK"": 0, ""WOOL"": 0}, ""step"": 609}, {""chosen"": {""MILK"": 0, ""WOOL"": 9}, ""pending"": {""MILK"": 1, ""WOOL"": 0}, ""step"": 612}, {""chosen"": {""MILK"": 10, ""WOOL"": 9}, ""pending"": {""MILK"": 0, ""WOOL"": 0}, ""step"": 613}, {""chosen"": {""WOOL"": 3}, ""pending"": {""MILK"": 0, ""WOOL"": 0}, ""step"": 616}, {""chosen"": {""WOOL"": 1}, ""pending"": {""MILK"": 0, ""WOOL"": 0}, ""step"": 625}, {""chosen"": {""WOOL"": 2}, ""pending"": {""MILK"": 0, ""WOOL"": 0}, ""step"": 627}, {""chosen"": {""MILK"": 15}, ""pending"": {""MILK"": 0, ""WOOL"": 0}, ""step"": 633}, {""chosen"": {""MILK"": 30}, ""pending"": {""MILK"": 0, ""WOOL"": 0}, ""step"": 637}, {""chosen"": {""MILK"": 0}, ""pending"": {""MILK"": 1, ""WOOL"": 0}, ""step"": 656}, {""chosen"": {""MILK"": 1, ""WOOL"": 0}, ""pending"": {""MILK"": 1, ""WOOL"": 1}, ""step"": 657}, {""chosen"": {""WOOL"": 1}, ""pending"": {""MILK"": 1, ""WOOL"": 1}, ""step"": 660}, {""chosen"": {""MILK"": 1, ""WOOL"": 1}, ""pending"": {""MILK"": 1, ""WOOL"": 1}, ""step"": 661}, {""chosen"": {""MILK"": 1}, ""pending"": {""MILK"": 1, ""WOOL"": 1}, ""step"": 667}, {""chosen"": {""MILK"": 1}, ""pending"": {""MILK"": 1, ""WOOL"": 1}, ""step"": 670}, {""chosen"": {""MILK"": 1}, ""pending"": {""MILK"": 1, ""WOOL"": 1}, ""step"": 673}, {""chosen"": {""MILK"": 1}, ""pending"": {""MILK"": 1, ""WOOL"": 1}, ""step"": 674}, {""chosen"": {""MILK"": 1}, ""pending"": {""MILK"": 1, ""WOOL"": 1}, ""step"": 678}, {""chosen"": {""MILK"": 10}, ""pending"": {""MILK"": 0, ""WOOL"": 1}, ""step"": 685}, {""chosen"": {""MILK"": 13}, ""pending"": {""MILK"": 0, ""WOOL"": 1}, ""step"": 686}, {""chosen"": {""MILK"": 9}, ""pending"": {""MILK"": 0, ""WOOL"": 1}, ""step"": 698}, {""chosen"": {""WOOL"": 1}, ""pending"": {""MILK"": 0, ""WOOL"": 1}, ""step"": 699}, {""chosen"": {""MILK"": 11}, ""pending"": {""MILK"": 0, ""WOOL"": 1}, ""step"": 702}, {""chosen"": {""MILK"": 3, ""WOOL"": 25}, ""pending"": {""MILK"": 0, ""WOOL"": 0}, ""step"": 703}, {""chosen"": {""WOOL"": 12}, ""pending"": {""MILK"": 0, ""WOOL"": 0}, ""step"": 709}, {""chosen"": {""MILK"": 9}, ""pending"": {""MILK"": 0, ""WOOL"": 0}, ""step"": 710}, {""chosen"": {""MILK"": 12, ""WOOL"": 20}, ""pending"": {""MILK"": 0, ""WOOL"": 0}, ""step"": 712}, {""chosen"": {""MILK"": 3}, ""pending"": {""MILK"": 0, ""WOOL"": 0}, ""step"": 713}, {""chosen"": {""MILK"": 3, ""WOOL"": 12}, ""pending"": {""MILK"": 0, ""WOOL"": 0}, ""step"": 715}, {""chosen"": {""MILK"": 3}, ""pending"": {""MILK"": 0, ""WOOL"": 0}, ""step"": 716}]",0,0,21,141,20
17,0,175667.0,3495.0,172172.0,win,DONE,DONE,1,2.5001818999880925,0,0,0,0,719,0,0,0.0223,0.10417000000000001,5.43013600000001,134.392,"{""BUILD_PASTURE"": 14, ""CARE"": 308, ""COLLECT_FERTILIZER"": 318, ""DIG"": 25, ""DROP"": 80, ""EAST"": 857, ""FEED"": 319, ""FERTILIZE"": 107, ""HARVEST"": 338, ""NORTH"": 1236, ""PASS"": 377, ""PICKUP"": 339, ""PLACE"": 27, ""PLANT"": 131, ""SOUTH"": 929, ""WATER"": 851, ""WEST"": 1098}","{""BUY_ANIMAL"": 14, ""BUY_LAND"": 2, ""BUY_PRODUCT"": 279, ""BUY_SEED"": 54, ""HIRE"": 306, ""SELL"": 481}","{""BUY_ANIMAL:COW"": 8, ""BUY_ANIMAL:SHEEP"": 6, ""BUY_PRODUCT:WHEAT"": 967, ""BUY_SEED:MELON"": 21, ""BUY_SEED:STRAWBERRY"": 44, ""BUY_SEED:WHEAT"": 66, ""SELL:CARROT"": 13, ""SELL:EGG"": 8, ""SELL:FERTILIZER"": 445, ""SELL:MELON"": 224, ""SELL:MILK"": 682, ""SELL:STRAWBERRY"": 636, ""SELL:TOMATO"": 4, ""SELL:WHEAT"": 1108, ""SELL:WOOL"": 373}",conservative,starter,608,89,99,99,0,37,0,22,150,150,0,99,0,11,conservative,718,"{""MILK"": {""base"": 3, ""carried_value"": 942, ""chosen"": 3, ""deferred"": 0, ""gain"": 0.0, ""opponent_future"": 0.0, ""opponent_now"": 0.0, ""released"": 0, ""residual_value"": 0.0, ""step"": 716}, ""WOOL"": {""base"": 12, ""carried_value"": 1968, ""chosen"": 12, ""deferred"": 0, ""gain"": 0.0, ""opponent_future"": 0.0, ""opponent_now"": 0.0, ""released"": 0, ""residual_value"": 0.0, ""step"": 715}}","{""MILK"": 0, ""WOOL"": 0}","[{""chosen"": {""WOOL"": 6}, ""pending"": {""WOOL"": 0}, ""step"": 280}, {""chosen"": {""MILK"": 9}, ""pending"": {""MILK"": 0, ""WOOL"": 0}, ""step"": 656}, {""chosen"": {""MILK"": 9, ""WOOL"": 1}, ""pending"": {""MILK"": 0, ""WOOL"": 0}, ""step"": 657}, {""chosen"": {""WOOL"": 1}, ""pending"": {""MILK"": 0, ""WOOL"": 0}, ""step"": 660}, {""chosen"": {""MILK"": 10, ""WOOL"": 1}, ""pending"": {""MILK"": 0, ""WOOL"": 0}, ""step"": 661}, {""chosen"": {""MILK"": 4}, ""pending"": {""MILK"": 0, ""WOOL"": 0}, ""step"": 667}, {""chosen"": {""MILK"": 15}, ""pending"": {""MILK"": 0, ""WOOL"": 0}, ""step"": 670}, {""chosen"": {""MILK"": 12}, ""pending"": {""MILK"": 0, ""WOOL"": 0}, ""step"": 673}, {""chosen"": {""MILK"": 8}, ""pending"": {""MILK"": 0, ""WOOL"": 0}, ""step"": 674}, {""chosen"": {""MILK"": 8}, ""pending"": {""MILK"": 0, ""WOOL"": 0}, ""step"": 678}, {""chosen"": {""MILK"": 9}, ""pending"": {""MILK"": 0, ""WOOL"": 0}, ""step"": 685}, {""chosen"": {""MILK"": 13}, ""pending"": {""MILK"": 0, ""WOOL"": 0}, ""step"": 686}, {""chosen"": {""MILK"": 9}, ""pending"": {""MILK"": 0, ""WOOL"": 0}, ""step"": 698}, {""chosen"": {""WOOL"": 22}, ""pending"": {""MILK"": 0, ""WOOL"": 0}, ""step"": 699}, {""chosen"": {""MILK"": 11}, ""pending"": {""MILK"": 0, ""WOOL"": 0}, ""step"": 702}, {""chosen"": {""MILK"": 3, ""WOOL"": 24}, ""pending"": {""MILK"": 0, ""WOOL"": 0}, ""step"": 703}, {""chosen"": {""WOOL"": 12}, ""pending"": {""MILK"": 0, ""WOOL"": 0}, ""step"": 709}, {""chosen"": {""MILK"": 9}, ""pending"": {""MILK"": 0, ""WOOL"": 0}, ""step"": 710}, {""chosen"": {""MILK"": 12, ""WOOL"": 20}, ""pending"": {""MILK"": 0, ""WOOL"": 0}, ""step"": 712}, {""chosen"": {""MILK"": 3}, ""pending"": {""MILK"": 0, ""WOOL"": 0}, ""step"": 713}, {""chosen"": {""MILK"": 3, ""WOOL"": 12}, ""pending"": {""MILK"": 0, ""WOOL"": 0}, ""step"": 715}, {""chosen"": {""MILK"": 3}, ""pending"": {""MILK"": 0, ""WOOL"": 0}, ""step"": 716}]",0,0,,,
17,1,188626.0,3489.0,185137.0,win,DONE,DONE,1,2.4037590000079945,0,0,0,0,719,0,0,0.0206,0.09574,5.3917120000000125,8.8934,"{""BUILD_PASTURE"": 14, ""CARE"": 308, ""COLLECT_FERTILIZER"": 318, ""DIG"": 25, ""DROP"": 80, ""EAST"": 857, ""FEED"": 319, ""FERTILIZE"": 107, ""HARVEST"": 338, ""NORTH"": 1236, ""PASS"": 377, ""PICKUP"": 339, ""PLACE"": 27, ""PLANT"": 131, ""SOUTH"": 929, ""WATER"": 851, ""WEST"": 1098}","{""BUY_ANIMAL"": 14, ""BUY_LAND"": 2, ""BUY_PRODUCT"": 279, ""BUY_SEED"": 54, ""HIRE"": 306, ""SELL"": 481}","{""BUY_ANIMAL:COW"": 8, ""BUY_ANIMAL:SHEEP"": 6, ""BUY_PRODUCT:WHEAT"": 967, ""BUY_SEED:MELON"": 21, ""BUY_SEED:STRAWBERRY"": 44, ""BUY_SEED:WHEAT"": 66, ""SELL:CARROT"": 13, ""SELL:EGG"": 8, ""SELL:FERTILIZER"": 445, ""SELL:MELON"": 224, ""SELL:MILK"": 682, ""SELL:STRAWBERRY"": 636, ""SELL:TOMATO"": 4, ""SELL:WHEAT"": 1108, ""SELL:WOOL"": 373}",conservative,starter,608,88,123,123,0,39,0,23,150,150,0,99,0,11,conservative,718,"{""MILK"": {""base"": 3, ""carried_value"": 978, ""chosen"": 3, ""deferred"": 0, ""gain"": 0.0, ""opponent_future"": 0.0, ""opponent_now"": 0.0, ""released"": 0, ""residual_value"": 0.0, ""step"": 716}, ""WOOL"": {""base"": 12, ""carried_value"": 2916, ""chosen"": 12, ""deferred"": 0, ""gain"": 0.0, ""opponent_future"": 0.0, ""opponent_now"": 0.0, ""released"": 0, ""residual_value"": 0.0, ""step"": 715}}","{""MILK"": 0, ""WOOL"": 0}","[{""chosen"": {""WOOL"": 6}, ""pending"": {""WOOL"": 0}, ""step"": 280}, {""chosen"": {""WOOL"": 24}, ""pending"": {""WOOL"": 0}, ""step"": 538}, {""chosen"": {""MILK"": 9}, ""pending"": {""MILK"": 0, ""WOOL"": 0}, ""step"": 656}, {""chosen"": {""MILK"": 9, ""WOOL"": 1}, ""pending"": {""MILK"": 0, ""WOOL"": 0}, ""step"": 657}, {""chosen"": {""WOOL"": 1}, ""pending"": {""MILK"": 0, ""WOOL"": 0}, ""step"": 660}, {""chosen"": {""MILK"": 10, ""WOOL"": 1}, ""pending"": {""MILK"": 0, ""WOOL"": 0}, ""step"": 661}, {""chosen"": {""MILK"": 4}, ""pending"": {""MILK"": 0, ""WOOL"": 0}, ""step"": 667}, {""chosen"": {""MILK"": 15}, ""pending"": {""MILK"": 0, ""WOOL"": 0}, ""step"": 670}, {""chosen"": {""MILK"": 12}, ""pending"": {""MILK"": 0, ""WOOL"": 0}, ""step"": 673}, {""chosen"": {""MILK"": 8}, ""pending"": {""MILK"": 0, ""WOOL"": 0}, ""step"": 674}, {""chosen"": {""MILK"": 8}, ""pending"": {""MILK"": 0, ""WOOL"": 0}, ""step"": 678}, {""chosen"": {""MILK"": 9}, ""pending"": {""MILK"": 0, ""WOOL"": 0}, ""step"": 685}, {""chosen"": {""MILK"": 13}, ""pending"": {""MILK"": 0, ""WOOL"": 0}, ""step"": 686}, {""chosen"": {""MILK"": 9}, ""pending"": {""MILK"": 0, ""WOOL"": 0}, ""step"": 698}, {""chosen"": {""WOOL"": 22}, ""pending"": {""MILK"": 0, ""WOOL"": 0}, ""step"": 699}, {""chosen"": {""MILK"": 11}, ""pending"": {""MILK"": 0, ""WOOL"": 0}, ""step"": 702}, {""chosen"": {""MILK"": 3, ""WOOL"": 24}, ""pending"": {""MILK"": 0, ""WOOL"": 0}, ""step"": 703}, {""chosen"": {""WOOL"": 12}, ""pending"": {""MILK"": 0, ""WOOL"": 0}, ""step"": 709}, {""chosen"": {""MILK"": 9}, ""pending"": {""MILK"": 0, ""WOOL"": 0}, ""step"": 710}, {""chosen"": {""MILK"": 12, ""WOOL"": 20}, ""pending"": {""MILK"": 0, ""WOOL"": 0}, ""step"": 712}, {""chosen"": {""MILK"": 3}, ""pending"": {""MILK"": 0, ""WOOL"": 0}, ""step"": 713}, {""chosen"": {""MILK"": 3, ""WOOL"": 12}, ""pending"": {""MILK"": 0, ""WOOL"": 0}, ""step"": 715}, {""chosen"": {""MILK"": 3}, ""pending"": {""MILK"": 0, ""WOOL"": 0}, ""step"": 716}]",0,0,,,
42,0,196430.0,3504.0,192926.0,win,DONE,DONE,1,2.3873235000064597,0,0,0,0,719,0,0,0.0205,0.09282000000000003,5.236872000000006,8.524,"{""BUILD_PASTURE"": 14, ""CARE"": 308, ""COLLECT_FERTILIZER"": 318, ""DIG"": 25, ""DROP"": 80, ""EAST"": 857, ""FEED"": 319, ""FERTILIZE"": 107, ""HARVEST"": 338, ""NORTH"": 1236, ""PASS"": 377, ""PICKUP"": 339, ""PLACE"": 27, ""PLANT"": 131, ""SOUTH"": 929, ""WATER"": 851, ""WEST"": 1098}","{""BUY_ANIMAL"": 14, ""BUY_LAND"": 2, ""BUY_PRODUCT"": 279, ""BUY_SEED"": 54, ""HIRE"": 306, ""SELL"": 481}","{""BUY_ANIMAL:COW"": 8, ""BUY_ANIMAL:SHEEP"": 6, ""BUY_PRODUCT:WHEAT"": 967, ""BUY_SEED:MELON"": 21, ""BUY_SEED:STRAWBERRY"": 44, ""BUY_SEED:WHEAT"": 66, ""SELL:CARROT"": 13, ""SELL:EGG"": 8, ""SELL:FERTILIZER"": 445, ""SELL:MELON"": 224, ""SELL:MILK"": 682, ""SELL:STRAWBERRY"": 636, ""SELL:TOMATO"": 4, ""SELL:WHEAT"": 1108, ""SELL:WOOL"": 373}",conservative,starter,608,89,99,99,0,37,0,22,150,150,0,99,0,11,conservative,718,"{""MILK"": {""base"": 3, ""carried_value"": 942, ""chosen"": 3, ""deferred"": 0, ""gain"": 0.0, ""opponent_future"": 0.0, ""opponent_now"": 0.0, ""released"": 0, ""residual_value"": 0.0, ""step"": 716}, ""WOOL"": {""base"": 12, ""carried_value"": 2952, ""chosen"": 12, ""deferred"": 0, ""gain"": 0.0, ""opponent_future"": 0.0, ""opponent_now"": 0.0, ""released"": 0, ""residual_value"": 0.0, ""step"": 715}}","{""MILK"": 0, ""WOOL"": 0}","[{""chosen"": {""WOOL"": 6}, ""pending"": {""WOOL"": 0}, ""step"": 280}, {""chosen"": {""MILK"": 9}, ""pending"": {""MILK"": 0, ""WOOL"": 0}, ""step"": 656}, {""chosen"": {""MILK"": 9, ""WOOL"": 1}, ""pending"": {""MILK"": 0, ""WOOL"": 0}, ""step"": 657}, {""chosen"": {""WOOL"": 1}, ""pending"": {""MILK"": 0, ""WOOL"": 0}, ""step"": 660}, {""chosen"": {""MILK"": 10, ""WOOL"": 1}, ""pending"": {""MILK"": 0, ""WOOL"": 0}, ""step"": 661}, {""chosen"": {""MILK"": 4}, ""pending"": {""MILK"": 0, ""WOOL"": 0}, ""step"": 667}, {""chosen"": {""MILK"": 15}, ""pending"": {""MILK"": 0, ""WOOL"": 0}, ""step"": 670}, {""chosen"": {""MILK"": 12}, ""pending"": {""MILK"": 0, ""WOOL"": 0}, ""step"": 673}, {""chosen"": {""MILK"": 8}, ""pending"": {""MILK"": 0, ""WOOL"": 0}, ""step"": 674}, {""chosen"": {""MILK"": 8}, ""pending"": {""MILK"": 0, ""WOOL"": 0}, ""step"": 678}, {""chosen"": {""MILK"": 9}, ""pending"": {""MILK"": 0, ""WOOL"": 0}, ""step"": 685}, {""chosen"": {""MILK"": 13}, ""pending"": {""MILK"": 0, ""WOOL"": 0}, ""step"": 686}, {""chosen"": {""MILK"": 9}, ""pending"": {""MILK"": 0, ""WOOL"": 0}, ""step"": 698}, {""chosen"": {""WOOL"": 22}, ""pending"": {""MILK"": 0, ""WOOL"": 0}, ""step"": 699}, {""chosen"": {""MILK"": 11}, ""pending"": {""MILK"": 0, ""WOOL"": 0}, ""step"": 702}, {""chosen"": {""MILK"": 3, ""WOOL"": 24}, ""pending"": {""MILK"": 0, ""WOOL"": 0}, ""step"": 703}, {""chosen"": {""WOOL"": 12}, ""pending"": {""MILK"": 0, ""WOOL"": 0}, ""step"": 709}, {""chosen"": {""MILK"": 9}, ""pending"": {""MILK"": 0, ""WOOL"": 0}, ""step"": 710}, {""chosen"": {""MILK"": 12, ""WOOL"": 20}, ""pending"": {""MILK"": 0, ""WOOL"": 0}, ""step"": 712}, {""chosen"": {""MILK"": 3}, ""pending"": {""MILK"": 0, ""WOOL"": 0}, ""step"": 713}, {""chosen"": {""MILK"": 3, ""WOOL"": 12}, ""pending"": {""MILK"": 0, ""WOOL"": 0}, ""step"": 715}, {""chosen"": {""MILK"": 3}, ""pending"": {""MILK"": 0, ""WOOL"": 0}, ""step"": 716}]",0,0,,,
42,1,196324.0,3504.0,192820.0,win,DONE,DONE,1,2.385153899958823,0,0,0,0,719,0,0,0.0216,0.09884000000000001,5.171566000000003,8.6845,"{""BUILD_PASTURE"": 14, ""CARE"": 308, ""COLLECT_FERTILIZER"": 318, ""DIG"": 25, ""DROP"": 80, ""EAST"": 857, ""FEED"": 319, ""FERTILIZE"": 107, ""HARVEST"": 338, ""NORTH"": 1236, ""PASS"": 377, ""PICKUP"": 339, ""PLACE"": 27, ""PLANT"": 131, ""SOUTH"": 929, ""WATER"": 851, ""WEST"": 1098}","{""BUY_ANIMAL"": 14, ""BUY_LAND"": 2, ""BUY_PRODUCT"": 279, ""BUY_SEED"": 54, ""HIRE"": 306, ""SELL"": 481}","{""BUY_ANIMAL:COW"": 8, ""BUY_ANIMAL:SHEEP"": 6, ""BUY_PRODUCT:WHEAT"": 967, ""BUY_SEED:MELON"": 21, ""BUY_SEED:STRAWBERRY"": 44, ""BUY_SEED:WHEAT"": 66, ""SELL:CARROT"": 13, ""SELL:EGG"": 8, ""SELL:FERTILIZER"": 445, ""SELL:MELON"": 224, ""SELL:MILK"": 682, ""SELL:STRAWBERRY"": 636, ""SELL:TOMATO"": 4, ""SELL:WHEAT"": 1108, ""SELL:WOOL"": 373}",conservative,starter,608,89,99,99,0,37,0,22,150,150,0,99,0,11,conservative,718,"{""MILK"": {""base"": 3, ""carried_value"": 942, ""chosen"": 3, ""deferred"": 0, ""gain"": 0.0, ""opponent_future"": 0.0, ""opponent_now"": 0.0, ""released"": 0, ""residual_value"": 0.0, ""step"": 716}, ""WOOL"": {""base"": 12, ""carried_value"": 2952, ""chosen"": 12, ""deferred"": 0, ""gain"": 0.0, ""opponent_future"": 0.0, ""opponent_now"": 0.0, ""released"": 0, ""residual_value"": 0.0, ""step"": 715}}","{""MILK"": 0, ""WOOL"": 0}","[{""chosen"": {""WOOL"": 6}, ""pending"": {""WOOL"": 0}, ""step"": 280}, {""chosen"": {""MILK"": 9}, ""pending"": {""MILK"": 0, ""WOOL"": 0}, ""step"": 656}, {""chosen"": {""MILK"": 9, ""WOOL"": 1}, ""pending"": {""MILK"": 0, ""WOOL"": 0}, ""step"": 657}, {""chosen"": {""WOOL"": 1}, ""pending"": {""MILK"": 0, ""WOOL"": 0}, ""step"": 660}, {""chosen"": {""MILK"": 10, ""WOOL"": 1}, ""pending"": {""MILK"": 0, ""WOOL"": 0}, ""step"": 661}, {""chosen"": {""MILK"": 4}, ""pending"": {""MILK"": 0, ""WOOL"": 0}, ""step"": 667}, {""chosen"": {""MILK"": 15}, ""pending"": {""MILK"": 0, ""WOOL"": 0}, ""step"": 670}, {""chosen"": {""MILK"": 12}, ""pending"": {""MILK"": 0, ""WOOL"": 0}, ""step"": 673}, {""chosen"": {""MILK"": 8}, ""pending"": {""MILK"": 0, ""WOOL"": 0}, ""step"": 674}, {""chosen"": {""MILK"": 8}, ""pending"": {""MILK"": 0, ""WOOL"": 0}, ""step"": 678}, {""chosen"": {""MILK"": 9}, ""pending"": {""MILK"": 0, ""WOOL"": 0}, ""step"": 685}, {""chosen"": {""MILK"": 13}, ""pending"": {""MILK"": 0, ""WOOL"": 0}, ""step"": 686}, {""chosen"": {""MILK"": 9}, ""pending"": {""MILK"": 0, ""WOOL"": 0}, ""step"": 698}, {""chosen"": {""WOOL"": 22}, ""pending"": {""MILK"": 0, ""WOOL"": 0}, ""step"": 699}, {""chosen"": {""MILK"": 11}, ""pending"": {""MILK"": 0, ""WOOL"": 0}, ""step"": 702}, {""chosen"": {""MILK"": 3, ""WOOL"": 24}, ""pending"": {""MILK"": 0, ""WOOL"": 0}, ""step"": 703}, {""chosen"": {""WOOL"": 12}, ""pending"": {""MILK"": 0, ""WOOL"": 0}, ""step"": 709}, {""chosen"": {""MILK"": 9}, ""pending"": {""MILK"": 0, ""WOOL"": 0}, ""step"": 710}, {""chosen"": {""MILK"": 12, ""WOOL"": 20}, ""pending"": {""MILK"": 0, ""WOOL"": 0}, ""step"": 712}, {""chosen"": {""MILK"": 3}, ""pending"": {""MILK"": 0, ""WOOL"": 0}, ""step"": 713}, {""chosen"": {""MILK"": 3, ""WOOL"": 12}, ""pending"": {""MILK"": 0, ""WOOL"": 0}, ""step"": 715}, {""chosen"": {""MILK"": 3}, ""pending"": {""MILK"": 0, ""WOOL"": 0}, ""step"": 716}]",0,0,,,
2026,0,181062.0,3507.0,177555.0,win,DONE,DONE,1,2.4802030000137165,0,0,0,0,719,0,0,0.0244,0.11379000000000007,5.730804000000002,10.503,"{""BUILD_PASTURE"": 14, ""CARE"": 308, ""COLLECT_FERTILIZER"": 318, ""DIG"": 25, ""DROP"": 80, ""EAST"": 857, ""FEED"": 319, ""FERTILIZE"": 107, ""HARVEST"": 338, ""NORTH"": 1236, ""PASS"": 377, ""PICKUP"": 339, ""PLACE"": 27, ""PLANT"": 131, ""SOUTH"": 929, ""WATER"": 851, ""WEST"": 1098}","{""BUY_ANIMAL"": 14, ""BUY_LAND"": 2, ""BUY_PRODUCT"": 279, ""BUY_SEED"": 54, ""HIRE"": 306, ""SELL"": 481}","{""BUY_ANIMAL:COW"": 8, ""BUY_ANIMAL:SHEEP"": 6, ""BUY_PRODUCT:WHEAT"": 967, ""BUY_SEED:MELON"": 21, ""BUY_SEED:STRAWBERRY"": 44, ""BUY_SEED:WHEAT"": 66, ""SELL:CARROT"": 13, ""SELL:EGG"": 8, ""SELL:FERTILIZER"": 445, ""SELL:MELON"": 224, ""SELL:MILK"": 682, ""SELL:STRAWBERRY"": 636, ""SELL:TOMATO"": 4, ""SELL:WHEAT"": 1108, ""SELL:WOOL"": 373}",conservative,starter,608,88,99,99,0,37,0,23,165,165,0,101,0,11,conservative,718,"{""MILK"": {""base"": 3, ""carried_value"": 837, ""chosen"": 3, ""deferred"": 0, ""gain"": 0.0, ""opponent_future"": 0.0, ""opponent_now"": 0.0, ""released"": 0, ""residual_value"": 0.0, ""step"": 716}, ""WOOL"": {""base"": 12, ""carried_value"": 3012, ""chosen"": 12, ""deferred"": 0, ""gain"": 0.0, ""opponent_future"": 0.0, ""opponent_now"": 0.0, ""released"": 0, ""residual_value"": 0.0, ""step"": 715}}","{""MILK"": 0, ""WOOL"": 0}","[{""chosen"": {""WOOL"": 6}, ""pending"": {""WOOL"": 0}, ""step"": 280}, {""chosen"": {""MILK"": 15}, ""pending"": {""MILK"": 0, ""WOOL"": 0}, ""step"": 485}, {""chosen"": {""MILK"": 9}, ""pending"": {""MILK"": 0, ""WOOL"": 0}, ""step"": 656}, {""chosen"": {""MILK"": 9, ""WOOL"": 1}, ""pending"": {""MILK"": 0, ""WOOL"": 0}, ""step"": 657}, {""chosen"": {""WOOL"": 1}, ""pending"": {""MILK"": 0, ""WOOL"": 0}, ""step"": 660}, {""chosen"": {""MILK"": 10, ""WOOL"": 1}, ""pending"": {""MILK"": 0, ""WOOL"": 0}, ""step"": 661}, {""chosen"": {""MILK"": 4}, ""pending"": {""MILK"": 0, ""WOOL"": 0}, ""step"": 667}, {""chosen"": {""MILK"": 15}, ""pending"": {""MILK"": 0, ""WOOL"": 0}, ""step"": 670}, {""chosen"": {""MILK"": 12}, ""pending"": {""MILK"": 0, ""WOOL"": 0}, ""step"": 673}, {""chosen"": {""MILK"": 8}, ""pending"": {""MILK"": 0, ""WOOL"": 0}, ""step"": 674}, {""chosen"": {""MILK"": 8}, ""pending"": {""MILK"": 0, ""WOOL"": 0}, ""step"": 678}, {""chosen"": {""MILK"": 9}, ""pending"": {""MILK"": 0, ""WOOL"": 0}, ""step"": 685}, {""chosen"": {""MILK"": 13}, ""pending"": {""MILK"": 0, ""WOOL"": 0}, ""step"": 686}, {""chosen"": {""MILK"": 9}, ""pending"": {""MILK"": 0, ""WOOL"": 0}, ""step"": 698}, {""chosen"": {""WOOL"": 22}, ""pending"": {""MILK"": 0, ""WOOL"": 0}, ""step"": 699}, {""chosen"": {""MILK"": 11}, ""pending"": {""MILK"": 0, ""WOOL"": 0}, ""step"": 702}, {""chosen"": {""MILK"": 3, ""WOOL"": 24}, ""pending"": {""MILK"": 0, ""WOOL"": 0}, ""step"": 703}, {""chosen"": {""WOOL"": 12}, ""pending"": {""MILK"": 0, ""WOOL"": 0}, ""step"": 709}, {""chosen"": {""MILK"": 9}, ""pending"": {""MILK"": 0, ""WOOL"": 0}, ""step"": 710}, {""chosen"": {""MILK"": 12, ""WOOL"": 20}, ""pending"": {""MILK"": 0, ""WOOL"": 0}, ""step"": 712}, {""chosen"": {""MILK"": 3}, ""pending"": {""MILK"": 0, ""WOOL"": 0}, ""step"": 713}, {""chosen"": {""MILK"": 3, ""WOOL"": 12}, ""pending"": {""MILK"": 0, ""WOOL"": 0}, ""step"": 715}, {""chosen"": {""MILK"": 3}, ""pending"": {""MILK"": 0, ""WOOL"": 0}, ""step"": 716}]",0,0,,,
2026,1,183320.0,3507.0,179813.0,win,DONE,DONE,1,2.754382799961604,0,0,0,0,719,0,0,0.0332,0.14002000000000012,5.57270000000002,9.8622,"{""BUILD_PASTURE"": 14, ""CARE"": 308, ""COLLECT_FERTILIZER"": 318, ""DIG"": 25, ""DROP"": 80, ""EAST"": 857, ""FEED"": 319, ""FERTILIZE"": 107, ""HARVEST"": 338, ""NORTH"": 1236, ""PASS"": 377, ""PICKUP"": 339, ""PLACE"": 27, ""PLANT"": 131, ""SOUTH"": 929, ""WATER"": 851, ""WEST"": 1098}","{""BUY_ANIMAL"": 14, ""BUY_LAND"": 2, ""BUY_PRODUCT"": 279, ""BUY_SEED"": 54, ""HIRE"": 306, ""SELL"": 481}","{""BUY_ANIMAL:COW"": 8, ""BUY_ANIMAL:SHEEP"": 6, ""BUY_PRODUCT:WHEAT"": 967, ""BUY_SEED:MELON"": 21, ""BUY_SEED:STRAWBERRY"": 44, ""BUY_SEED:WHEAT"": 66, ""SELL:CARROT"": 13, ""SELL:EGG"": 8, ""SELL:FERTILIZER"": 445, ""SELL:MELON"": 224, ""SELL:MILK"": 682, ""SELL:STRAWBERRY"": 636, ""SELL:TOMATO"": 4, ""SELL:WHEAT"": 1108, ""SELL:WOOL"": 373}",conservative,starter,608,89,99,99,0,37,0,22,150,150,0,99,0,11,conservative,718,"{""MILK"": {""base"": 3, ""carried_value"": 885, ""chosen"": 3, ""deferred"": 0, ""gain"": 0.0, ""opponent_future"": 0.0, ""opponent_now"": 0.0, ""released"": 0, ""residual_value"": 0.0, ""step"": 716}, ""WOOL"": {""base"": 12, ""carried_value"": 3012, ""chosen"": 12, ""deferred"": 0, ""gain"": 0.0, ""opponent_future"": 0.0, ""opponent_now"": 0.0, ""released"": 0, ""residual_value"": 0.0, ""step"": 715}}","{""MILK"": 0, ""WOOL"": 0}","[{""chosen"": {""WOOL"": 6}, ""pending"": {""WOOL"": 0}, ""step"": 280}, {""chosen"": {""MILK"": 9}, ""pending"": {""MILK"": 0, ""WOOL"": 0}, ""step"": 656}, {""chosen"": {""MILK"": 9, ""WOOL"": 1}, ""pending"": {""MILK"": 0, ""WOOL"": 0}, ""step"": 657}, {""chosen"": {""WOOL"": 1}, ""pending"": {""MILK"": 0, ""WOOL"": 0}, ""step"": 660}, {""chosen"": {""MILK"": 10, ""WOOL"": 1}, ""pending"": {""MILK"": 0, ""WOOL"": 0}, ""step"": 661}, {""chosen"": {""MILK"": 4}, ""pending"": {""MILK"": 0, ""WOOL"": 0}, ""step"": 667}, {""chosen"": {""MILK"": 15}, ""pending"": {""MILK"": 0, ""WOOL"": 0}, ""step"": 670}, {""chosen"": {""MILK"": 12}, ""pending"": {""MILK"": 0, ""WOOL"": 0}, ""step"": 673}, {""chosen"": {""MILK"": 8}, ""pending"": {""MILK"": 0, ""WOOL"": 0}, ""step"": 674}, {""chosen"": {""MILK"": 8}, ""pending"": {""MILK"": 0, ""WOOL"": 0}, ""step"": 678}, {""chosen"": {""MILK"": 9}, ""pending"": {""MILK"": 0, ""WOOL"": 0}, ""step"": 685}, {""chosen"": {""MILK"": 13}, ""pending"": {""MILK"": 0, ""WOOL"": 0}, ""step"": 686}, {""chosen"": {""MILK"": 9}, ""pending"": {""MILK"": 0, ""WOOL"": 0}, ""step"": 698}, {""chosen"": {""WOOL"": 22}, ""pending"": {""MILK"": 0, ""WOOL"": 0}, ""step"": 699}, {""chosen"": {""MILK"": 11}, ""pending"": {""MILK"": 0, ""WOOL"": 0}, ""step"": 702}, {""chosen"": {""MILK"": 3, ""WOOL"": 24}, ""pending"": {""MILK"": 0, ""WOOL"": 0}, ""step"": 703}, {""chosen"": {""WOOL"": 12}, ""pending"": {""MILK"": 0, ""WOOL"": 0}, ""step"": 709}, {""chosen"": {""MILK"": 9}, ""pending"": {""MILK"": 0, ""WOOL"": 0}, ""step"": 710}, {""chosen"": {""MILK"": 12, ""WOOL"": 20}, ""pending"": {""MILK"": 0, ""WOOL"": 0}, ""step"": 712}, {""chosen"": {""MILK"": 3}, ""pending"": {""MILK"": 0, ""WOOL"": 0}, ""step"": 713}, {""chosen"": {""MILK"": 3, ""WOOL"": 12}, ""pending"": {""MILK"": 0, ""WOOL"": 0}, ""step"": 715}, {""chosen"": {""MILK"": 3}, ""pending"": {""MILK"": 0, ""WOOL"": 0}, ""step"": 716}]",0,0,,,
217,0,184614.0,3497.0,181117.0,win,DONE,DONE,1,2.586354000028223,0,0,0,0,719,0,0,0.0253,0.12862,5.317312000000003,8.9899,"{""BUILD_PASTURE"": 14, ""CARE"": 308, ""COLLECT_FERTILIZER"": 318, ""DIG"": 25, ""DROP"": 80, ""EAST"": 857, ""FEED"": 319, ""FERTILIZE"": 107, ""HARVEST"": 338, ""NORTH"": 1236, ""PASS"": 377, ""PICKUP"": 339, ""PLACE"": 27, ""PLANT"": 131, ""SOUTH"": 929, ""WATER"": 851, ""WEST"": 1098}","{""BUY_ANIMAL"": 14, ""BUY_LAND"": 2, ""BUY_PRODUCT"": 279, ""BUY_SEED"": 54, ""HIRE"": 306, ""SELL"": 481}","{""BUY_ANIMAL:COW"": 8, ""BUY_ANIMAL:SHEEP"": 6, ""BUY_PRODUCT:WHEAT"": 967, ""BUY_SEED:MELON"": 21, ""BUY_SEED:STRAWBERRY"": 44, ""BUY_SEED:WHEAT"": 66, ""SELL:CARROT"": 13, ""SELL:EGG"": 8, ""SELL:FERTILIZER"": 445, ""SELL:MELON"": 224, ""SELL:MILK"": 682, ""SELL:STRAWBERRY"": 636, ""SELL:TOMATO"": 4, ""SELL:WHEAT"": 1108, ""SELL:WOOL"": 373}",conservative,starter,608,89,99,99,0,37,0,22,150,150,0,99,0,11,conservative,718,"{""MILK"": {""base"": 3, ""carried_value"": 885, ""chosen"": 3, ""deferred"": 0, ""gain"": 0.0, ""opponent_future"": 0.0, ""opponent_now"": 0.0, ""released"": 0, ""residual_value"": 0.0, ""step"": 716}, ""WOOL"": {""base"": 12, ""carried_value"": 2940, ""chosen"": 12, ""deferred"": 0, ""gain"": 0.0, ""opponent_future"": 0.0, ""opponent_now"": 0.0, ""released"": 0, ""residual_value"": 0.0, ""step"": 715}}","{""MILK"": 0, ""WOOL"": 0}","[{""chosen"": {""WOOL"": 6}, ""pending"": {""WOOL"": 0}, ""step"": 280}, {""chosen"": {""MILK"": 9}, ""pending"": {""MILK"": 0, ""WOOL"": 0}, ""step"": 656}, {""chosen"": {""MILK"": 9, ""WOOL"": 1}, ""pending"": {""MILK"": 0, ""WOOL"": 0}, ""step"": 657}, {""chosen"": {""WOOL"": 1}, ""pending"": {""MILK"": 0, ""WOOL"": 0}, ""step"": 660}, {""chosen"": {""MILK"": 10, ""WOOL"": 1}, ""pending"": {""MILK"": 0, ""WOOL"": 0}, ""step"": 661}, {""chosen"": {""MILK"": 4}, ""pending"": {""MILK"": 0, ""WOOL"": 0}, ""step"": 667}, {""chosen"": {""MILK"": 15}, ""pending"": {""MILK"": 0, ""WOOL"": 0}, ""step"": 670}, {""chosen"": {""MILK"": 12}, ""pending"": {""MILK"": 0, ""WOOL"": 0}, ""step"": 673}, {""chosen"": {""MILK"": 8}, ""pending"": {""MILK"": 0, ""WOOL"": 0}, ""step"": 674}, {""chosen"": {""MILK"": 8}, ""pending"": {""MILK"": 0, ""WOOL"": 0}, ""step"": 678}, {""chosen"": {""MILK"": 9}, ""pending"": {""MILK"": 0, ""WOOL"": 0}, ""step"": 685}, {""chosen"": {""MILK"": 13}, ""pending"": {""MILK"": 0, ""WOOL"": 0}, ""step"": 686}, {""chosen"": {""MILK"": 9}, ""pending"": {""MILK"": 0, ""WOOL"": 0}, ""step"": 698}, {""chosen"": {""WOOL"": 22}, ""pending"": {""MILK"": 0, ""WOOL"": 0}, ""step"": 699}, {""chosen"": {""MILK"": 11}, ""pending"": {""MILK"": 0, ""WOOL"": 0}, ""step"": 702}, {""chosen"": {""MILK"": 3, ""WOOL"": 24}, ""pending"": {""MILK"": 0, ""WOOL"": 0}, ""step"": 703}, {""chosen"": {""WOOL"": 12}, ""pending"": {""MILK"": 0, ""WOOL"": 0}, ""step"": 709}, {""chosen"": {""MILK"": 9}, ""pending"": {""MILK"": 0, ""WOOL"": 0}, ""step"": 710}, {""chosen"": {""MILK"": 12, ""WOOL"": 20}, ""pending"": {""MILK"": 0, ""WOOL"": 0}, ""step"": 712}, {""chosen"": {""MILK"": 3}, ""pending"": {""MILK"": 0, ""WOOL"": 0}, ""step"": 713}, {""chosen"": {""MILK"": 3, ""WOOL"": 12}, ""pending"": {""MILK"": 0, ""WOOL"": 0}, ""step"": 715}, {""chosen"": {""MILK"": 3}, ""pending"": {""MILK"": 0, ""WOOL"": 0}, ""step"": 716}]",0,0,,,
217,1,185925.0,3499.0,182426.0,win,DONE,DONE,1,2.7890004999935627,0,0,0,0,719,0,0,0.0299,0.12630000000000013,5.519054000000011,150.2214,"{""BUILD_PASTURE"": 14, ""CARE"": 308, ""COLLECT_FERTILIZER"": 318, ""DIG"": 25, ""DROP"": 80, ""EAST"": 857, ""FEED"": 319, ""FERTILIZE"": 107, ""HARVEST"": 338, ""NORTH"": 1236, ""PASS"": 377, ""PICKUP"": 339, ""PLACE"": 27, ""PLANT"": 131, ""SOUTH"": 929, ""WATER"": 851, ""WEST"": 1098}","{""BUY_ANIMAL"": 14, ""BUY_LAND"": 2, ""BUY_PRODUCT"": 279, ""BUY_SEED"": 54, ""HIRE"": 306, ""SELL"": 481}","{""BUY_ANIMAL:COW"": 8, ""BUY_ANIMAL:SHEEP"": 6, ""BUY_PRODUCT:WHEAT"": 967, ""BUY_SEED:MELON"": 21, ""BUY_SEED:STRAWBERRY"": 44, ""BUY_SEED:WHEAT"": 66, ""SELL:CARROT"": 13, ""SELL:EGG"": 8, ""SELL:FERTILIZER"": 445, ""SELL:MELON"": 224, ""SELL:MILK"": 682, ""SELL:STRAWBERRY"": 636, ""SELL:TOMATO"": 4, ""SELL:WHEAT"": 1108, ""SELL:WOOL"": 373}",conservative,starter,608,89,99,99,0,37,0,22,150,150,0,99,0,11,conservative,718,"{""MILK"": {""base"": 3, ""carried_value"": 867, ""chosen"": 3, ""deferred"": 0, ""gain"": 0.0, ""opponent_future"": 0.0, ""opponent_now"": 0.0, ""released"": 0, ""residual_value"": 0.0, ""step"": 716}, ""WOOL"": {""base"": 12, ""carried_value"": 2940, ""chosen"": 12, ""deferred"": 0, ""gain"": 0.0, ""opponent_future"": 0.0, ""opponent_now"": 0.0, ""released"": 0, ""residual_value"": 0.0, ""step"": 715}}","{""MILK"": 0, ""WOOL"": 0}","[{""chosen"": {""WOOL"": 6}, ""pending"": {""WOOL"": 0}, ""step"": 280}, {""chosen"": {""MILK"": 9}, ""pending"": {""MILK"": 0, ""WOOL"": 0}, ""step"": 656}, {""chosen"": {""MILK"": 9, ""WOOL"": 1}, ""pending"": {""MILK"": 0, ""WOOL"": 0}, ""step"": 657}, {""chosen"": {""WOOL"": 1}, ""pending"": {""MILK"": 0, ""WOOL"": 0}, ""step"": 660}, {""chosen"": {""MILK"": 10, ""WOOL"": 1}, ""pending"": {""MILK"": 0, ""WOOL"": 0}, ""step"": 661}, {""chosen"": {""MILK"": 4}, ""pending"": {""MILK"": 0, ""WOOL"": 0}, ""step"": 667}, {""chosen"": {""MILK"": 15}, ""pending"": {""MILK"": 0, ""WOOL"": 0}, ""step"": 670}, {""chosen"": {""MILK"": 12}, ""pending"": {""MILK"": 0, ""WOOL"": 0}, ""step"": 673}, {""chosen"": {""MILK"": 8}, ""pending"": {""MILK"": 0, ""WOOL"": 0}, ""step"": 674}, {""chosen"": {""MILK"": 8}, ""pending"": {""MILK"": 0, ""WOOL"": 0}, ""step"": 678}, {""chosen"": {""MILK"": 9}, ""pending"": {""MILK"": 0, ""WOOL"": 0}, ""step"": 685}, {""chosen"": {""MILK"": 13}, ""pending"": {""MILK"": 0, ""WOOL"": 0}, ""step"": 686}, {""chosen"": {""MILK"": 9}, ""pending"": {""MILK"": 0, ""WOOL"": 0}, ""step"": 698}, {""chosen"": {""WOOL"": 22}, ""pending"": {""MILK"": 0, ""WOOL"": 0}, ""step"": 699}, {""chosen"": {""MILK"": 11}, ""pending"": {""MILK"": 0, ""WOOL"": 0}, ""step"": 702}, {""chosen"": {""MILK"": 3, ""WOOL"": 24}, ""pending"": {""MILK"": 0, ""WOOL"": 0}, ""step"": 703}, {""chosen"": {""WOOL"": 12}, ""pending"": {""MILK"": 0, ""WOOL"": 0}, ""step"": 709}, {""chosen"": {""MILK"": 9}, ""pending"": {""MILK"": 0, ""WOOL"": 0}, ""step"": 710}, {""chosen"": {""MILK"": 12, ""WOOL"": 20}, ""pending"": {""MILK"": 0, ""WOOL"": 0}, ""step"": 712}, {""chosen"": {""MILK"": 3}, ""pending"": {""MILK"": 0, ""WOOL"": 0}, ""step"": 713}, {""chosen"": {""MILK"": 3, ""WOOL"": 12}, ""pending"": {""MILK"": 0, ""WOOL"": 0}, ""step"": 715}, {""chosen"": {""MILK"": 3}, ""pending"": {""MILK"": 0, ""WOOL"": 0}, ""step"": 716}]",0,0,,,
317,0,184253.0,3507.0,180746.0,win,DONE,DONE,1,2.5030510000069626,0,0,0,0,719,0,0,0.0239,0.09718000000000007,5.273276000000005,8.8451,"{""BUILD_PASTURE"": 14, ""CARE"": 308, ""COLLECT_FERTILIZER"": 318, ""DIG"": 25, ""DROP"": 80, ""EAST"": 857, ""FEED"": 319, ""FERTILIZE"": 107, ""HARVEST"": 338, ""NORTH"": 1236, ""PASS"": 377, ""PICKUP"": 339, ""PLACE"": 27, ""PLANT"": 131, ""SOUTH"": 929, ""WATER"": 851, ""WEST"": 1098}","{""BUY_ANIMAL"": 14, ""BUY_LAND"": 2, ""BUY_PRODUCT"": 279, ""BUY_SEED"": 54, ""HIRE"": 306, ""SELL"": 481}","{""BUY_ANIMAL:COW"": 8, ""BUY_ANIMAL:SHEEP"": 6, ""BUY_PRODUCT:WHEAT"": 967, ""BUY_SEED:MELON"": 21, ""BUY_SEED:STRAWBERRY"": 44, ""BUY_SEED:WHEAT"": 66, ""SELL:CARROT"": 13, ""SELL:EGG"": 8, ""SELL:FERTILIZER"": 445, ""SELL:MELON"": 224, ""SELL:MILK"": 682, ""SELL:STRAWBERRY"": 636, ""SELL:TOMATO"": 4, ""SELL:WHEAT"": 1108, ""SELL:WOOL"": 373}",conservative,starter,608,89,99,99,0,37,0,22,150,150,0,99,0,11,conservative,718,"{""MILK"": {""base"": 3, ""carried_value"": 885, ""chosen"": 3, ""deferred"": 0, ""gain"": 0.0, ""opponent_future"": 0.0, ""opponent_now"": 0.0, ""released"": 0, ""residual_value"": 0.0, ""step"": 716}, ""WOOL"": {""base"": 12, ""carried_value"": 2988, ""chosen"": 12, ""deferred"": 0, ""gain"": 0.0, ""opponent_future"": 0.0, ""opponent_now"": 0.0, ""released"": 0, ""residual_value"": 0.0, ""step"": 715}}","{""MILK"": 0, ""WOOL"": 0}","[{""chosen"": {""WOOL"": 6}, ""pending"": {""WOOL"": 0}, ""step"": 280}, {""chosen"": {""MILK"": 9}, ""pending"": {""MILK"": 0, ""WOOL"": 0}, ""step"": 656}, {""chosen"": {""MILK"": 9, ""WOOL"": 1}, ""pending"": {""MILK"": 0, ""WOOL"": 0}, ""step"": 657}, {""chosen"": {""WOOL"": 1}, ""pending"": {""MILK"": 0, ""WOOL"": 0}, ""step"": 660}, {""chosen"": {""MILK"": 10, ""WOOL"": 1}, ""pending"": {""MILK"": 0, ""WOOL"": 0}, ""step"": 661}, {""chosen"": {""MILK"": 4}, ""pending"": {""MILK"": 0, ""WOOL"": 0}, ""step"": 667}, {""chosen"": {""MILK"": 15}, ""pending"": {""MILK"": 0, ""WOOL"": 0}, ""step"": 670}, {""chosen"": {""MILK"": 12}, ""pending"": {""MILK"": 0, ""WOOL"": 0}, ""step"": 673}, {""chosen"": {""MILK"": 8}, ""pending"": {""MILK"": 0, ""WOOL"": 0}, ""step"": 674}, {""chosen"": {""MILK"": 8}, ""pending"": {""MILK"": 0, ""WOOL"": 0}, ""step"": 678}, {""chosen"": {""MILK"": 9}, ""pending"": {""MILK"": 0, ""WOOL"": 0}, ""step"": 685}, {""chosen"": {""MILK"": 13}, ""pending"": {""MILK"": 0, ""WOOL"": 0}, ""step"": 686}, {""chosen"": {""MILK"": 9}, ""pending"": {""MILK"": 0, ""WOOL"": 0}, ""step"": 698}, {""chosen"": {""WOOL"": 22}, ""pending"": {""MILK"": 0, ""WOOL"": 0}, ""step"": 699}, {""chosen"": {""MILK"": 11}, ""pending"": {""MILK"": 0, ""WOOL"": 0}, ""step"": 702}, {""chosen"": {""MILK"": 3, ""WOOL"": 24}, ""pending"": {""MILK"": 0, ""WOOL"": 0}, ""step"": 703}, {""chosen"": {""WOOL"": 12}, ""pending"": {""MILK"": 0, ""WOOL"": 0}, ""step"": 709}, {""chosen"": {""MILK"": 9}, ""pending"": {""MILK"": 0, ""WOOL"": 0}, ""step"": 710}, {""chosen"": {""MILK"": 12, ""WOOL"": 20}, ""pending"": {""MILK"": 0, ""WOOL"": 0}, ""step"": 712}, {""chosen"": {""MILK"": 3}, ""pending"": {""MILK"": 0, ""WOOL"": 0}, ""step"": 713}, {""chosen"": {""MILK"": 3, ""WOOL"": 12}, ""pending"": {""MILK"": 0, ""WOOL"": 0}, ""step"": 715}, {""chosen"": {""MILK"": 3}, ""pending"": {""MILK"": 0, ""WOOL"": 0}, ""step"": 716}]",0,0,,,
317,1,184406.0,3507.0,180899.0,win,DONE,DONE,1,2.4807056999998167,0,0,0,0,719,0,0,0.0244,0.10468000000000004,5.331206000000002,8.8971,"{""BUILD_PASTURE"": 14, ""CARE"": 308, ""COLLECT_FERTILIZER"": 318, ""DIG"": 25, ""DROP"": 80, ""EAST"": 857, ""FEED"": 319, ""FERTILIZE"": 107, ""HARVEST"": 338, ""NORTH"": 1236, ""PASS"": 377, ""PICKUP"": 339, ""PLACE"": 27, ""PLANT"": 131, ""SOUTH"": 929, ""WATER"": 851, ""WEST"": 1098}","{""BUY_ANIMAL"": 14, ""BUY_LAND"": 2, ""BUY_PRODUCT"": 279, ""BUY_SEED"": 54, ""HIRE"": 306, ""SELL"": 481}","{""BUY_ANIMAL:COW"": 8, ""BUY_ANIMAL:SHEEP"": 6, ""BUY_PRODUCT:WHEAT"": 967, ""BUY_SEED:MELON"": 21, ""BUY_SEED:STRAWBERRY"": 44, ""BUY_SEED:WHEAT"": 66, ""SELL:CARROT"": 13, ""SELL:EGG"": 8, ""SELL:FERTILIZER"": 445, ""SELL:MELON"": 224, ""SELL:MILK"": 682, ""SELL:STRAWBERRY"": 636, ""SELL:TOMATO"": 4, ""SELL:WHEAT"": 1108, ""SELL:WOOL"": 373}",conservative,starter,608,89,99,99,0,37,0,22,150,150,0,99,0,11,conservative,718,"{""MILK"": {""base"": 3, ""carried_value"": 885, ""chosen"": 3, ""deferred"": 0, ""gain"": 0.0, ""opponent_future"": 0.0, ""opponent_now"": 0.0, ""released"": 0, ""residual_value"": 0.0, ""step"": 716}, ""WOOL"": {""base"": 12, ""carried_value"": 2988, ""chosen"": 12, ""deferred"": 0, ""gain"": 0.0, ""opponent_future"": 0.0, ""opponent_now"": 0.0, ""released"": 0, ""residual_value"": 0.0, ""step"": 715}}","{""MILK"": 0, ""WOOL"": 0}","[{""chosen"": {""WOOL"": 6}, ""pending"": {""WOOL"": 0}, ""step"": 280}, {""chosen"": {""MILK"": 9}, ""pending"": {""MILK"": 0, ""WOOL"": 0}, ""step"": 656}, {""chosen"": {""MILK"": 9, ""WOOL"": 1}, ""pending"": {""MILK"": 0, ""WOOL"": 0}, ""step"": 657}, {""chosen"": {""WOOL"": 1}, ""pending"": {""MILK"": 0, ""WOOL"": 0}, ""step"": 660}, {""chosen"": {""MILK"": 10, ""WOOL"": 1}, ""pending"": {""MILK"": 0, ""WOOL"": 0}, ""step"": 661}, {""chosen"": {""MILK"": 4}, ""pending"": {""MILK"": 0, ""WOOL"": 0}, ""step"": 667}, {""chosen"": {""MILK"": 15}, ""pending"": {""MILK"": 0, ""WOOL"": 0}, ""step"": 670}, {""chosen"": {""MILK"": 12}, ""pending"": {""MILK"": 0, ""WOOL"": 0}, ""step"": 673}, {""chosen"": {""MILK"": 8}, ""pending"": {""MILK"": 0, ""WOOL"": 0}, ""step"": 674}, {""chosen"": {""MILK"": 8}, ""pending"": {""MILK"": 0, ""WOOL"": 0}, ""step"": 678}, {""chosen"": {""MILK"": 9}, ""pending"": {""MILK"": 0, ""WOOL"": 0}, ""step"": 685}, {""chosen"": {""MILK"": 13}, ""pending"": {""MILK"": 0, ""WOOL"": 0}, ""step"": 686}, {""chosen"": {""MILK"": 9}, ""pending"": {""MILK"": 0, ""WOOL"": 0}, ""step"": 698}, {""chosen"": {""WOOL"": 22}, ""pending"": {""MILK"": 0, ""WOOL"": 0}, ""step"": 699}, {""chosen"": {""MILK"": 11}, ""pending"": {""MILK"": 0, ""WOOL"": 0}, ""step"": 702}, {""chosen"": {""MILK"": 3, ""WOOL"": 24}, ""pending"": {""MILK"": 0, ""WOOL"": 0}, ""step"": 703}, {""chosen"": {""WOOL"": 12}, ""pending"": {""MILK"": 0, ""WOOL"": 0}, ""step"": 709}, {""chosen"": {""MILK"": 9}, ""pending"": {""MILK"": 0, ""WOOL"": 0}, ""step"": 710}, {""chosen"": {""MILK"": 12, ""WOOL"": 20}, ""pending"": {""MILK"": 0, ""WOOL"": 0}, ""step"": 712}, {""chosen"": {""MILK"": 3}, ""pending"": {""MILK"": 0, ""WOOL"": 0}, ""step"": 713}, {""chosen"": {""MILK"": 3, ""WOOL"": 12}, ""pending"": {""MILK"": 0, ""WOOL"": 0}, ""step"": 715}, {""chosen"": {""MILK"": 3}, ""pending"": {""MILK"": 0, ""WOOL"": 0}, ""step"": 716}]",0,0,,,
733,0,191611.0,3503.0,188108.0,win,DONE,DONE,1,2.4166251000133343,0,0,0,0,719,0,0,0.0238,0.11641,5.285650000000005,9.0988,"{""BUILD_PASTURE"": 14, ""CARE"": 308, ""COLLECT_FERTILIZER"": 318, ""DIG"": 25, ""DROP"": 80, ""EAST"": 857, ""FEED"": 319, ""FERTILIZE"": 107, ""HARVEST"": 338, ""NORTH"": 1236, ""PASS"": 377, ""PICKUP"": 339, ""PLACE"": 27, ""PLANT"": 131, ""SOUTH"": 929, ""WATER"": 851, ""WEST"": 1098}","{""BUY_ANIMAL"": 14, ""BUY_LAND"": 2, ""BUY_PRODUCT"": 279, ""BUY_SEED"": 54, ""HIRE"": 306, ""SELL"": 481}","{""BUY_ANIMAL:COW"": 8, ""BUY_ANIMAL:SHEEP"": 6, ""BUY_PRODUCT:WHEAT"": 967, ""BUY_SEED:MELON"": 21, ""BUY_SEED:STRAWBERRY"": 44, ""BUY_SEED:WHEAT"": 66, ""SELL:CARROT"": 13, ""SELL:EGG"": 8, ""SELL:FERTILIZER"": 445, ""SELL:MELON"": 224, ""SELL:MILK"": 682, ""SELL:STRAWBERRY"": 636, ""SELL:TOMATO"": 4, ""SELL:WHEAT"": 1108, ""SELL:WOOL"": 373}",conservative,starter,608,88,123,123,0,39,0,23,150,150,0,99,0,11,conservative,718,"{""MILK"": {""base"": 3, ""carried_value"": 912, ""chosen"": 3, ""deferred"": 0, ""gain"": 0.0, ""opponent_future"": 0.0, ""opponent_now"": 0.0, ""released"": 0, ""residual_value"": 0.0, ""step"": 716}, ""WOOL"": {""base"": 12, ""carried_value"": 2916, ""chosen"": 12, ""deferred"": 0, ""gain"": 0.0, ""opponent_future"": 0.0, ""opponent_now"": 0.0, ""released"": 0, ""residual_value"": 0.0, ""step"": 715}}","{""MILK"": 0, ""WOOL"": 0}","[{""chosen"": {""WOOL"": 6}, ""pending"": {""WOOL"": 0}, ""step"": 280}, {""chosen"": {""WOOL"": 24}, ""pending"": {""WOOL"": 0}, ""step"": 538}, {""chosen"": {""MILK"": 9}, ""pending"": {""MILK"": 0, ""WOOL"": 0}, ""step"": 656}, {""chosen"": {""MILK"": 9, ""WOOL"": 1}, ""pending"": {""MILK"": 0, ""WOOL"": 0}, ""step"": 657}, {""chosen"": {""WOOL"": 1}, ""pending"": {""MILK"": 0, ""WOOL"": 0}, ""step"": 660}, {""chosen"": {""MILK"": 10, ""WOOL"": 1}, ""pending"": {""MILK"": 0, ""WOOL"": 0}, ""step"": 661}, {""chosen"": {""MILK"": 4}, ""pending"": {""MILK"": 0, ""WOOL"": 0}, ""step"": 667}, {""chosen"": {""MILK"": 15}, ""pending"": {""MILK"": 0, ""WOOL"": 0}, ""step"": 670}, {""chosen"": {""MILK"": 12}, ""pending"": {""MILK"": 0, ""WOOL"": 0}, ""step"": 673}, {""chosen"": {""MILK"": 8}, ""pending"": {""MILK"": 0, ""WOOL"": 0}, ""step"": 674}, {""chosen"": {""MILK"": 8}, ""pending"": {""MILK"": 0, ""WOOL"": 0}, ""step"": 678}, {""chosen"": {""MILK"": 9}, ""pending"": {""MILK"": 0, ""WOOL"": 0}, ""step"": 685}, {""chosen"": {""MILK"": 13}, ""pending"": {""MILK"": 0, ""WOOL"": 0}, ""step"": 686}, {""chosen"": {""MILK"": 9}, ""pending"": {""MILK"": 0, ""WOOL"": 0}, ""step"": 698}, {""chosen"": {""WOOL"": 22}, ""pending"": {""MILK"": 0, ""WOOL"": 0}, ""step"": 699}, {""chosen"": {""MILK"": 11}, ""pending"": {""MILK"": 0, ""WOOL"": 0}, ""step"": 702}, {""chosen"": {""MILK"": 3, ""WOOL"": 24}, ""pending"": {""MILK"": 0, ""WOOL"": 0}, ""step"": 703}, {""chosen"": {""WOOL"": 12}, ""pending"": {""MILK"": 0, ""WOOL"": 0}, ""step"": 709}, {""chosen"": {""MILK"": 9}, ""pending"": {""MILK"": 0, ""WOOL"": 0}, ""step"": 710}, {""chosen"": {""MILK"": 12, ""WOOL"": 20}, ""pending"": {""MILK"": 0, ""WOOL"": 0}, ""step"": 712}, {""chosen"": {""MILK"": 3}, ""pending"": {""MILK"": 0, ""WOOL"": 0}, ""step"": 713}, {""chosen"": {""MILK"": 3, ""WOOL"": 12}, ""pending"": {""MILK"": 0, ""WOOL"": 0}, ""step"": 715}, {""chosen"": {""MILK"": 3}, ""pending"": {""MILK"": 0, ""WOOL"": 0}, ""step"": 716}]",0,0,,,
733,1,190251.0,3503.0,186748.0,win,DONE,DONE,1,2.4649948999867775,0,0,0,0,719,0,0,0.0246,0.12255000000000012,5.689838000000023,8.9488,"{""BUILD_PASTURE"": 14, ""CARE"": 308, ""COLLECT_FERTILIZER"": 318, ""DIG"": 25, ""DROP"": 80, ""EAST"": 857, ""FEED"": 319, ""FERTILIZE"": 107, ""HARVEST"": 338, ""NORTH"": 1236, ""PASS"": 377, ""PICKUP"": 339, ""PLACE"": 27, ""PLANT"": 131, ""SOUTH"": 929, ""WATER"": 851, ""WEST"": 1098}","{""BUY_ANIMAL"": 14, ""BUY_LAND"": 2, ""BUY_PRODUCT"": 279, ""BUY_SEED"": 54, ""HIRE"": 306, ""SELL"": 481}","{""BUY_ANIMAL:COW"": 8, ""BUY_ANIMAL:SHEEP"": 6, ""BUY_PRODUCT:WHEAT"": 967, ""BUY_SEED:MELON"": 21, ""BUY_SEED:STRAWBERRY"": 44, ""BUY_SEED:WHEAT"": 66, ""SELL:CARROT"": 13, ""SELL:EGG"": 8, ""SELL:FERTILIZER"": 445, ""SELL:MELON"": 224, ""SELL:MILK"": 682, ""SELL:STRAWBERRY"": 636, ""SELL:TOMATO"": 4, ""SELL:WHEAT"": 1108, ""SELL:WOOL"": 373}",conservative,starter,608,88,123,123,0,39,0,23,150,150,0,99,0,11,conservative,718,"{""MILK"": {""base"": 3, ""carried_value"": 912, ""chosen"": 3, ""deferred"": 0, ""gain"": 0.0, ""opponent_future"": 0.0, ""opponent_now"": 0.0, ""released"": 0, ""residual_value"": 0.0, ""step"": 716}, ""WOOL"": {""base"": 12, ""carried_value"": 2916, ""chosen"": 12, ""deferred"": 0, ""gain"": 0.0, ""opponent_future"": 0.0, ""opponent_now"": 0.0, ""released"": 0, ""residual_value"": 0.0, ""step"": 715}}","{""MILK"": 0, ""WOOL"": 0}","[{""chosen"": {""WOOL"": 6}, ""pending"": {""WOOL"": 0}, ""step"": 280}, {""chosen"": {""WOOL"": 24}, ""pending"": {""WOOL"": 0}, ""step"": 538}, {""chosen"": {""MILK"": 9}, ""pending"": {""MILK"": 0, ""WOOL"": 0}, ""step"": 656}, {""chosen"": {""MILK"": 9, ""WOOL"": 1}, ""pending"": {""MILK"": 0, ""WOOL"": 0}, ""step"": 657}, {""chosen"": {""WOOL"": 1}, ""pending"": {""MILK"": 0, ""WOOL"": 0}, ""step"": 660}, {""chosen"": {""MILK"": 10, ""WOOL"": 1}, ""pending"": {""MILK"": 0, ""WOOL"": 0}, ""step"": 661}, {""chosen"": {""MILK"": 4}, ""pending"": {""MILK"": 0, ""WOOL"": 0}, ""step"": 667}, {""chosen"": {""MILK"": 15}, ""pending"": {""MILK"": 0, ""WOOL"": 0}, ""step"": 670}, {""chosen"": {""MILK"": 12}, ""pending"": {""MILK"": 0, ""WOOL"": 0}, ""step"": 673}, {""chosen"": {""MILK"": 8}, ""pending"": {""MILK"": 0, ""WOOL"": 0}, ""step"": 674}, {""chosen"": {""MILK"": 8}, ""pending"": {""MILK"": 0, ""WOOL"": 0}, ""step"": 678}, {""chosen"": {""MILK"": 9}, ""pending"": {""MILK"": 0, ""WOOL"": 0}, ""step"": 685}, {""chosen"": {""MILK"": 13}, ""pending"": {""MILK"": 0, ""WOOL"": 0}, ""step"": 686}, {""chosen"": {""MILK"": 9}, ""pending"": {""MILK"": 0, ""WOOL"": 0}, ""step"": 698}, {""chosen"": {""WOOL"": 22}, ""pending"": {""MILK"": 0, ""WOOL"": 0}, ""step"": 699}, {""chosen"": {""MILK"": 11}, ""pending"": {""MILK"": 0, ""WOOL"": 0}, ""step"": 702}, {""chosen"": {""MILK"": 3, ""WOOL"": 24}, ""pending"": {""MILK"": 0, ""WOOL"": 0}, ""step"": 703}, {""chosen"": {""WOOL"": 12}, ""pending"": {""MILK"": 0, ""WOOL"": 0}, ""step"": 709}, {""chosen"": {""MILK"": 9}, ""pending"": {""MILK"": 0, ""WOOL"": 0}, ""step"": 710}, {""chosen"": {""MILK"": 12, ""WOOL"": 20}, ""pending"": {""MILK"": 0, ""WOOL"": 0}, ""step"": 712}, {""chosen"": {""MILK"": 3}, ""pending"": {""MILK"": 0, ""WOOL"": 0}, ""step"": 713}, {""chosen"": {""MILK"": 3, ""WOOL"": 12}, ""pending"": {""MILK"": 0, ""WOOL"": 0}, ""step"": 715}, {""chosen"": {""MILK"": 3}, ""pending"": {""MILK"": 0, ""WOOL"": 0}, ""step"": 716}]",0,0,,,
17,0,179327.0,0.0,179327.0,win,DONE,DONE,1,2.7317414000281133,0,0,0,0,719,0,0,0.0272,0.13813,5.648580000000006,188.5563,"{""BUILD_PASTURE"": 14, ""CARE"": 308, ""COLLECT_FERTILIZER"": 318, ""DIG"": 25, ""DROP"": 80, ""EAST"": 857, ""FEED"": 319, ""FERTILIZE"": 107, ""HARVEST"": 338, ""NORTH"": 1236, ""PASS"": 377, ""PICKUP"": 339, ""PLACE"": 27, ""PLANT"": 131, ""SOUTH"": 929, ""WATER"": 851, ""WEST"": 1098}","{""BUY_ANIMAL"": 14, ""BUY_LAND"": 2, ""BUY_PRODUCT"": 279, ""BUY_SEED"": 54, ""HIRE"": 306, ""SELL"": 481}","{""BUY_ANIMAL:COW"": 8, ""BUY_ANIMAL:SHEEP"": 6, ""BUY_PRODUCT:WHEAT"": 967, ""BUY_SEED:MELON"": 21, ""BUY_SEED:STRAWBERRY"": 44, ""BUY_SEED:WHEAT"": 66, ""SELL:CARROT"": 13, ""SELL:EGG"": 8, ""SELL:FERTILIZER"": 445, ""SELL:MELON"": 224, ""SELL:MILK"": 682, ""SELL:STRAWBERRY"": 636, ""SELL:TOMATO"": 4, ""SELL:WHEAT"": 1108, ""SELL:WOOL"": 373}",conservative,random,608,89,99,99,0,37,0,22,150,150,0,99,0,11,conservative,718,"{""MILK"": {""base"": 3, ""carried_value"": 927, ""chosen"": 3, ""deferred"": 0, ""gain"": 0.0, ""opponent_future"": 0.0, ""opponent_now"": 0.0, ""released"": 0, ""residual_value"": 0.0, ""step"": 716}, ""WOOL"": {""base"": 12, ""carried_value"": 2008, ""chosen"": 12, ""deferred"": 0, ""gain"": 0.0, ""opponent_future"": 0.0, ""opponent_now"": 0.0, ""released"": 0, ""residual_value"": 0.0, ""step"": 715}}","{""MILK"": 0, ""WOOL"": 0}","[{""chosen"": {""WOOL"": 6}, ""pending"": {""WOOL"": 0}, ""step"": 280}, {""chosen"": {""MILK"": 9}, ""pending"": {""MILK"": 0, ""WOOL"": 0}, ""step"": 656}, {""chosen"": {""MILK"": 9, ""WOOL"": 1}, ""pending"": {""MILK"": 0, ""WOOL"": 0}, ""step"": 657}, {""chosen"": {""WOOL"": 1}, ""pending"": {""MILK"": 0, ""WOOL"": 0}, ""step"": 660}, {""chosen"": {""MILK"": 10, ""WOOL"": 1}, ""pending"": {""MILK"": 0, ""WOOL"": 0}, ""step"": 661}, {""chosen"": {""MILK"": 4}, ""pending"": {""MILK"": 0, ""WOOL"": 0}, ""step"": 667}, {""chosen"": {""MILK"": 15}, ""pending"": {""MILK"": 0, ""WOOL"": 0}, ""step"": 670}, {""chosen"": {""MILK"": 12}, ""pending"": {""MILK"": 0, ""WOOL"": 0}, ""step"": 673}, {""chosen"": {""MILK"": 8}, ""pending"": {""MILK"": 0, ""WOOL"": 0}, ""step"": 674}, {""chosen"": {""MILK"": 8}, ""pending"": {""MILK"": 0, ""WOOL"": 0}, ""step"": 678}, {""chosen"": {""MILK"": 9}, ""pending"": {""MILK"": 0, ""WOOL"": 0}, ""step"": 685}, {""chosen"": {""MILK"": 13}, ""pending"": {""MILK"": 0, ""WOOL"": 0}, ""step"": 686}, {""chosen"": {""MILK"": 9}, ""pending"": {""MILK"": 0, ""WOOL"": 0}, ""step"": 698}, {""chosen"": {""WOOL"": 22}, ""pending"": {""MILK"": 0, ""WOOL"": 0}, ""step"": 699}, {""chosen"": {""MILK"": 11}, ""pending"": {""MILK"": 0, ""WOOL"": 0}, ""step"": 702}, {""chosen"": {""MILK"": 3, ""WOOL"": 24}, ""pending"": {""MILK"": 0, ""WOOL"": 0}, ""step"": 703}, {""chosen"": {""WOOL"": 12}, ""pending"": {""MILK"": 0, ""WOOL"": 0}, ""step"": 709}, {""chosen"": {""MILK"": 9}, ""pending"": {""MILK"": 0, ""WOOL"": 0}, ""step"": 710}, {""chosen"": {""MILK"": 12, ""WOOL"": 20}, ""pending"": {""MILK"": 0, ""WOOL"": 0}, ""step"": 712}, {""chosen"": {""MILK"": 3}, ""pending"": {""MILK"": 0, ""WOOL"": 0}, ""step"": 713}, {""chosen"": {""MILK"": 3, ""WOOL"": 12}, ""pending"": {""MILK"": 0, ""WOOL"": 0}, ""step"": 715}, {""chosen"": {""MILK"": 3}, ""pending"": {""MILK"": 0, ""WOOL"": 0}, ""step"": 716}]",0,0,,,
17,1,177043.0,0.0,177043.0,win,DONE,DONE,1,2.545883600017987,0,0,0,0,719,0,0,0.026,0.13578,6.67783000000003,169.5666,"{""BUILD_PASTURE"": 14, ""CARE"": 308, ""COLLECT_FERTILIZER"": 318, ""DIG"": 25, ""DROP"": 80, ""EAST"": 857, ""FEED"": 319, ""FERTILIZE"": 107, ""HARVEST"": 338, ""NORTH"": 1236, ""PASS"": 377, ""PICKUP"": 339, ""PLACE"": 27, ""PLANT"": 131, ""SOUTH"": 929, ""WATER"": 851, ""WEST"": 1098}","{""BUY_ANIMAL"": 14, ""BUY_LAND"": 2, ""BUY_PRODUCT"": 279, ""BUY_SEED"": 54, ""HIRE"": 306, ""SELL"": 481}","{""BUY_ANIMAL:COW"": 8, ""BUY_ANIMAL:SHEEP"": 6, ""BUY_PRODUCT:WHEAT"": 967, ""BUY_SEED:MELON"": 21, ""BUY_SEED:STRAWBERRY"": 44, ""BUY_SEED:WHEAT"": 66, ""SELL:CARROT"": 13, ""SELL:EGG"": 8, ""SELL:FERTILIZER"": 445, ""SELL:MELON"": 224, ""SELL:MILK"": 682, ""SELL:STRAWBERRY"": 636, ""SELL:TOMATO"": 4, ""SELL:WHEAT"": 1108, ""SELL:WOOL"": 373}",conservative,random,608,89,99,99,0,37,0,22,150,150,0,99,0,11,conservative,718,"{""MILK"": {""base"": 3, ""carried_value"": 927, ""chosen"": 3, ""deferred"": 0, ""gain"": 0.0, ""opponent_future"": 0.0, ""opponent_now"": 0.0, ""released"": 0, ""residual_value"": 0.0, ""step"": 716}, ""WOOL"": {""base"": 12, ""carried_value"": 3000, ""chosen"": 12, ""deferred"": 0, ""gain"": 0.0, ""opponent_future"": 0.0, ""opponent_now"": 0.0, ""released"": 0, ""residual_value"": 0.0, ""step"": 715}}","{""MILK"": 0, ""WOOL"": 0}","[{""chosen"": {""WOOL"": 6}, ""pending"": {""WOOL"": 0}, ""step"": 280}, {""chosen"": {""MILK"": 9}, ""pending"": {""MILK"": 0, ""WOOL"": 0}, ""step"": 656}, {""chosen"": {""MILK"": 9, ""WOOL"": 1}, ""pending"": {""MILK"": 0, ""WOOL"": 0}, ""step"": 657}, {""chosen"": {""WOOL"": 1}, ""pending"": {""MILK"": 0, ""WOOL"": 0}, ""step"": 660}, {""chosen"": {""MILK"": 10, ""WOOL"": 1}, ""pending"": {""MILK"": 0, ""WOOL"": 0}, ""step"": 661}, {""chosen"": {""MILK"": 4}, ""pending"": {""MILK"": 0, ""WOOL"": 0}, ""step"": 667}, {""chosen"": {""MILK"": 15}, ""pending"": {""MILK"": 0, ""WOOL"": 0}, ""step"": 670}, {""chosen"": {""MILK"": 12}, ""pending"": {""MILK"": 0, ""WOOL"": 0}, ""step"": 673}, {""chosen"": {""MILK"": 8}, ""pending"": {""MILK"": 0, ""WOOL"": 0}, ""step"": 674}, {""chosen"": {""MILK"": 8}, ""pending"": {""MILK"": 0, ""WOOL"": 0}, ""step"": 678}, {""chosen"": {""MILK"": 9}, ""pending"": {""MILK"": 0, ""WOOL"": 0}, ""step"": 685}, {""chosen"": {""MILK"": 13}, ""pending"": {""MILK"": 0, ""WOOL"": 0}, ""step"": 686}, {""chosen"": {""MILK"": 9}, ""pending"": {""MILK"": 0, ""WOOL"": 0}, ""step"": 698}, {""chosen"": {""WOOL"": 22}, ""pending"": {""MILK"": 0, ""WOOL"": 0}, ""step"": 699}, {""chosen"": {""MILK"": 11}, ""pending"": {""MILK"": 0, ""WOOL"": 0}, ""step"": 702}, {""chosen"": {""MILK"": 3, ""WOOL"": 24}, ""pending"": {""MILK"": 0, ""WOOL"": 0}, ""step"": 703}, {""chosen"": {""WOOL"": 12}, ""pending"": {""MILK"": 0, ""WOOL"": 0}, ""step"": 709}, {""chosen"": {""MILK"": 9}, ""pending"": {""MILK"": 0, ""WOOL"": 0}, ""step"": 710}, {""chosen"": {""MILK"": 12, ""WOOL"": 20}, ""pending"": {""MILK"": 0, ""WOOL"": 0}, ""step"": 712}, {""chosen"": {""MILK"": 3}, ""pending"": {""MILK"": 0, ""WOOL"": 0}, ""step"": 713}, {""chosen"": {""MILK"": 3, ""WOOL"": 12}, ""pending"": {""MILK"": 0, ""WOOL"": 0}, ""step"": 715}, {""chosen"": {""MILK"": 3}, ""pending"": {""MILK"": 0, ""WOOL"": 0}, ""step"": 716}]",0,0,,,
42,0,189058.0,0.0,189058.0,win,DONE,DONE,1,2.798445599968545,0,0,0,0,719,0,0,0.027,0.21830000000000008,6.011590000000001,14.8761,"{""BUILD_PASTURE"": 14, ""CARE"": 308, ""COLLECT_FERTILIZER"": 318, ""DIG"": 25, ""DROP"": 80, ""EAST"": 857, ""FEED"": 319, ""FERTILIZE"": 107, ""HARVEST"": 338, ""NORTH"": 1236, ""PASS"": 377, ""PICKUP"": 339, ""PLACE"": 27, ""PLANT"": 131, ""SOUTH"": 929, ""WATER"": 851, ""WEST"": 1098}","{""BUY_ANIMAL"": 14, ""BUY_LAND"": 2, ""BUY_PRODUCT"": 279, ""BUY_SEED"": 54, ""HIRE"": 306, ""SELL"": 481}","{""BUY_ANIMAL:COW"": 8, ""BUY_ANIMAL:SHEEP"": 6, ""BUY_PRODUCT:WHEAT"": 967, ""BUY_SEED:MELON"": 21, ""BUY_SEED:STRAWBERRY"": 44, ""BUY_SEED:WHEAT"": 66, ""SELL:CARROT"": 13, ""SELL:EGG"": 8, ""SELL:FERTILIZER"": 445, ""SELL:MELON"": 224, ""SELL:MILK"": 682, ""SELL:STRAWBERRY"": 636, ""SELL:TOMATO"": 4, ""SELL:WHEAT"": 1108, ""SELL:WOOL"": 373}",conservative,random,608,88,123,123,0,39,0,23,150,150,0,99,0,11,conservative,718,"{""MILK"": {""base"": 3, ""carried_value"": 978, ""chosen"": 3, ""deferred"": 0, ""gain"": 0.0, ""opponent_future"": 0.0, ""opponent_now"": 0.0, ""released"": 0, ""residual_value"": 0.0, ""step"": 716}, ""WOOL"": {""base"": 12, ""carried_value"": 2892, ""chosen"": 12, ""deferred"": 0, ""gain"": 0.0, ""opponent_future"": 0.0, ""opponent_now"": 0.0, ""released"": 0, ""residual_value"": 0.0, ""step"": 715}}","{""MILK"": 0, ""WOOL"": 0}","[{""chosen"": {""WOOL"": 6}, ""pending"": {""WOOL"": 0}, ""step"": 280}, {""chosen"": {""WOOL"": 24}, ""pending"": {""WOOL"": 0}, ""step"": 538}, {""chosen"": {""MILK"": 9}, ""pending"": {""MILK"": 0, ""WOOL"": 0}, ""step"": 656}, {""chosen"": {""MILK"": 9, ""WOOL"": 1}, ""pending"": {""MILK"": 0, ""WOOL"": 0}, ""step"": 657}, {""chosen"": {""WOOL"": 1}, ""pending"": {""MILK"": 0, ""WOOL"": 0}, ""step"": 660}, {""chosen"": {""MILK"": 10, ""WOOL"": 1}, ""pending"": {""MILK"": 0, ""WOOL"": 0}, ""step"": 661}, {""chosen"": {""MILK"": 4}, ""pending"": {""MILK"": 0, ""WOOL"": 0}, ""step"": 667}, {""chosen"": {""MILK"": 15}, ""pending"": {""MILK"": 0, ""WOOL"": 0}, ""step"": 670}, {""chosen"": {""MILK"": 12}, ""pending"": {""MILK"": 0, ""WOOL"": 0}, ""step"": 673}, {""chosen"": {""MILK"": 8}, ""pending"": {""MILK"": 0, ""WOOL"": 0}, ""step"": 674}, {""chosen"": {""MILK"": 8}, ""pending"": {""MILK"": 0, ""WOOL"": 0}, ""step"": 678}, {""chosen"": {""MILK"": 9}, ""pending"": {""MILK"": 0, ""WOOL"": 0}, ""step"": 685}, {""chosen"": {""MILK"": 13}, ""pending"": {""MILK"": 0, ""WOOL"": 0}, ""step"": 686}, {""chosen"": {""MILK"": 9}, ""pending"": {""MILK"": 0, ""WOOL"": 0}, ""step"": 698}, {""chosen"": {""WOOL"": 22}, ""pending"": {""MILK"": 0, ""WOOL"": 0}, ""step"": 699}, {""chosen"": {""MILK"": 11}, ""pending"": {""MILK"": 0, ""WOOL"": 0}, ""step"": 702}, {""chosen"": {""MILK"": 3, ""WOOL"": 24}, ""pending"": {""MILK"": 0, ""WOOL"": 0}, ""step"": 703}, {""chosen"": {""WOOL"": 12}, ""pending"": {""MILK"": 0, ""WOOL"": 0}, ""step"": 709}, {""chosen"": {""MILK"": 9}, ""pending"": {""MILK"": 0, ""WOOL"": 0}, ""step"": 710}, {""chosen"": {""MILK"": 12, ""WOOL"": 20}, ""pending"": {""MILK"": 0, ""WOOL"": 0}, ""step"": 712}, {""chosen"": {""MILK"": 3}, ""pending"": {""MILK"": 0, ""WOOL"": 0}, ""step"": 713}, {""chosen"": {""MILK"": 3, ""WOOL"": 12}, ""pending"": {""MILK"": 0, ""WOOL"": 0}, ""step"": 715}, {""chosen"": {""MILK"": 3}, ""pending"": {""MILK"": 0, ""WOOL"": 0}, ""step"": 716}]",0,0,,,
42,1,184082.0,10.0,184072.0,win,DONE,DONE,1,3.9226840999908745,0,0,0,0,719,0,0,0.0572,0.42638000000000015,5.963164000000004,11.3402,"{""BUILD_PASTURE"": 14, ""CARE"": 308, ""COLLECT_FERTILIZER"": 318, ""DIG"": 25, ""DROP"": 80, ""EAST"": 857, ""FEED"": 319, ""FERTILIZE"": 107, ""HARVEST"": 338, ""NORTH"": 1236, ""PASS"": 377, ""PICKUP"": 339, ""PLACE"": 27, ""PLANT"": 131, ""SOUTH"": 929, ""WATER"": 851, ""WEST"": 1098}","{""BUY_ANIMAL"": 14, ""BUY_LAND"": 2, ""BUY_PRODUCT"": 279, ""BUY_SEED"": 54, ""HIRE"": 306, ""SELL"": 481}","{""BUY_ANIMAL:COW"": 8, ""BUY_ANIMAL:SHEEP"": 6, ""BUY_PRODUCT:WHEAT"": 967, ""BUY_SEED:MELON"": 21, ""BUY_SEED:STRAWBERRY"": 44, ""BUY_SEED:WHEAT"": 66, ""SELL:CARROT"": 13, ""SELL:EGG"": 8, ""SELL:FERTILIZER"": 445, ""SELL:MELON"": 224, ""SELL:MILK"": 682, ""SELL:STRAWBERRY"": 636, ""SELL:TOMATO"": 4, ""SELL:WHEAT"": 1108, ""SELL:WOOL"": 373}",conservative,random,608,89,99,99,0,37,0,22,150,150,0,99,0,11,conservative,718,"{""MILK"": {""base"": 3, ""carried_value"": 927, ""chosen"": 3, ""deferred"": 0, ""gain"": 0.0, ""opponent_future"": 0.0, ""opponent_now"": 0.0, ""released"": 0, ""residual_value"": 0.0, ""step"": 716}, ""WOOL"": {""base"": 12, ""carried_value"": 2976, ""chosen"": 12, ""deferred"": 0, ""gain"": 0.0, ""opponent_future"": 0.0, ""opponent_now"": 0.0, ""released"": 0, ""residual_value"": 0.0, ""step"": 715}}","{""MILK"": 0, ""WOOL"": 0}","[{""chosen"": {""WOOL"": 6}, ""pending"": {""WOOL"": 0}, ""step"": 280}, {""chosen"": {""MILK"": 9}, ""pending"": {""MILK"": 0, ""WOOL"": 0}, ""step"": 656}, {""chosen"": {""MILK"": 9, ""WOOL"": 1}, ""pending"": {""MILK"": 0, ""WOOL"": 0}, ""step"": 657}, {""chosen"": {""WOOL"": 1}, ""pending"": {""MILK"": 0, ""WOOL"": 0}, ""step"": 660}, {""chosen"": {""MILK"": 10, ""WOOL"": 1}, ""pending"": {""MILK"": 0, ""WOOL"": 0}, ""step"": 661}, {""chosen"": {""MILK"": 4}, ""pending"": {""MILK"": 0, ""WOOL"": 0}, ""step"": 667}, {""chosen"": {""MILK"": 15}, ""pending"": {""MILK"": 0, ""WOOL"": 0}, ""step"": 670}, {""chosen"": {""MILK"": 12}, ""pending"": {""MILK"": 0, ""WOOL"": 0}, ""step"": 673}, {""chosen"": {""MILK"": 8}, ""pending"": {""MILK"": 0, ""WOOL"": 0}, ""step"": 674}, {""chosen"": {""MILK"": 8}, ""pending"": {""MILK"": 0, ""WOOL"": 0}, ""step"": 678}, {""chosen"": {""MILK"": 9}, ""pending"": {""MILK"": 0, ""WOOL"": 0}, ""step"": 685}, {""chosen"": {""MILK"": 13}, ""pending"": {""MILK"": 0, ""WOOL"": 0}, ""step"": 686}, {""chosen"": {""MILK"": 9}, ""pending"": {""MILK"": 0, ""WOOL"": 0}, ""step"": 698}, {""chosen"": {""WOOL"": 22}, ""pending"": {""MILK"": 0, ""WOOL"": 0}, ""step"": 699}, {""chosen"": {""MILK"": 11}, ""pending"": {""MILK"": 0, ""WOOL"": 0}, ""step"": 702}, {""chosen"": {""MILK"": 3, ""WOOL"": 24}, ""pending"": {""MILK"": 0, ""WOOL"": 0}, ""step"": 703}, {""chosen"": {""WOOL"": 12}, ""pending"": {""MILK"": 0, ""WOOL"": 0}, ""step"": 709}, {""chosen"": {""MILK"": 9}, ""pending"": {""MILK"": 0, ""WOOL"": 0}, ""step"": 710}, {""chosen"": {""MILK"": 12, ""WOOL"": 20}, ""pending"": {""MILK"": 0, ""WOOL"": 0}, ""step"": 712}, {""chosen"": {""MILK"": 3}, ""pending"": {""MILK"": 0, ""WOOL"": 0}, ""step"": 713}, {""chosen"": {""MILK"": 3, ""WOOL"": 12}, ""pending"": {""MILK"": 0, ""WOOL"": 0}, ""step"": 715}, {""chosen"": {""MILK"": 3}, ""pending"": {""MILK"": 0, ""WOOL"": 0}, ""step"": 716}]",0,0,,,
2026,0,194522.0,0.0,194522.0,win,DONE,DONE,1,4.446147300011944,0,0,0,0,719,0,0,0.0643,0.4851000000000004,8.971626000000043,28.5452,"{""BUILD_PASTURE"": 14, ""CARE"": 308, ""COLLECT_FERTILIZER"": 318, ""DIG"": 25, ""DROP"": 80, ""EAST"": 857, ""FEED"": 319, ""FERTILIZE"": 107, ""HARVEST"": 338, ""NORTH"": 1236, ""PASS"": 377, ""PICKUP"": 339, ""PLACE"": 27, ""PLANT"": 131, ""SOUTH"": 929, ""WATER"": 851, ""WEST"": 1098}","{""BUY_ANIMAL"": 14, ""BUY_LAND"": 2, ""BUY_PRODUCT"": 279, ""BUY_SEED"": 54, ""HIRE"": 306, ""SELL"": 481}","{""BUY_ANIMAL:COW"": 8, ""BUY_ANIMAL:SHEEP"": 6, ""BUY_PRODUCT:WHEAT"": 967, ""BUY_SEED:MELON"": 21, ""BUY_SEED:STRAWBERRY"": 44, ""BUY_SEED:WHEAT"": 66, ""SELL:CARROT"": 13, ""SELL:EGG"": 8, ""SELL:FERTILIZER"": 445, ""SELL:MELON"": 224, ""SELL:MILK"": 682, ""SELL:STRAWBERRY"": 636, ""SELL:TOMATO"": 4, ""SELL:WHEAT"": 1108, ""SELL:WOOL"": 373}",conservative,random,608,89,99,99,0,37,0,22,150,150,0,99,0,11,conservative,718,"{""MILK"": {""base"": 3, ""carried_value"": 912, ""chosen"": 3, ""deferred"": 0, ""gain"": 0.0, ""opponent_future"": 0.0, ""opponent_now"": 0.0, ""released"": 0, ""residual_value"": 0.0, ""step"": 716}, ""WOOL"": {""base"": 12, ""carried_value"": 2976, ""chosen"": 12, ""deferred"": 0, ""gain"": 0.0, ""opponent_future"": 0.0, ""opponent_now"": 0.0, ""released"": 0, ""residual_value"": 0.0, ""step"": 715}}","{""MILK"": 0, ""WOOL"": 0}","[{""chosen"": {""WOOL"": 6}, ""pending"": {""WOOL"": 0}, ""step"": 280}, {""chosen"": {""MILK"": 9}, ""pending"": {""MILK"": 0, ""WOOL"": 0}, ""step"": 656}, {""chosen"": {""MILK"": 9, ""WOOL"": 1}, ""pending"": {""MILK"": 0, ""WOOL"": 0}, ""step"": 657}, {""chosen"": {""WOOL"": 1}, ""pending"": {""MILK"": 0, ""WOOL"": 0}, ""step"": 660}, {""chosen"": {""MILK"": 10, ""WOOL"": 1}, ""pending"": {""MILK"": 0, ""WOOL"": 0}, ""step"": 661}, {""chosen"": {""MILK"": 4}, ""pending"": {""MILK"": 0, ""WOOL"": 0}, ""step"": 667}, {""chosen"": {""MILK"": 15}, ""pending"": {""MILK"": 0, ""WOOL"": 0}, ""step"": 670}, {""chosen"": {""MILK"": 12}, ""pending"": {""MILK"": 0, ""WOOL"": 0}, ""step"": 673}, {""chosen"": {""MILK"": 8}, ""pending"": {""MILK"": 0, ""WOOL"": 0}, ""step"": 674}, {""chosen"": {""MILK"": 8}, ""pending"": {""MILK"": 0, ""WOOL"": 0}, ""step"": 678}, {""chosen"": {""MILK"": 9}, ""pending"": {""MILK"": 0, ""WOOL"": 0}, ""step"": 685}, {""chosen"": {""MILK"": 13}, ""pending"": {""MILK"": 0, ""WOOL"": 0}, ""step"": 686}, {""chosen"": {""MILK"": 9}, ""pending"": {""MILK"": 0, ""WOOL"": 0}, ""step"": 698}, {""chosen"": {""WOOL"": 22}, ""pending"": {""MILK"": 0, ""WOOL"": 0}, ""step"": 699}, {""chosen"": {""MILK"": 11}, ""pending"": {""MILK"": 0, ""WOOL"": 0}, ""step"": 702}, {""chosen"": {""MILK"": 3, ""WOOL"": 24}, ""pending"": {""MILK"": 0, ""WOOL"": 0}, ""step"": 703}, {""chosen"": {""WOOL"": 12}, ""pending"": {""MILK"": 0, ""WOOL"": 0}, ""step"": 709}, {""chosen"": {""MILK"": 9}, ""pending"": {""MILK"": 0, ""WOOL"": 0}, ""step"": 710}, {""chosen"": {""MILK"": 12, ""WOOL"": 20}, ""pending"": {""MILK"": 0, ""WOOL"": 0}, ""step"": 712}, {""chosen"": {""MILK"": 3}, ""pending"": {""MILK"": 0, ""WOOL"": 0}, ""step"": 713}, {""chosen"": {""MILK"": 3, ""WOOL"": 12}, ""pending"": {""MILK"": 0, ""WOOL"": 0}, ""step"": 715}, {""chosen"": {""MILK"": 3}, ""pending"": {""MILK"": 0, ""WOOL"": 0}, ""step"": 716}]",0,0,,,
2026,1,177689.0,0.0,177689.0,win,DONE,DONE,1,3.393482399987988,0,0,0,0,719,0,0,0.0453,0.20198000000000008,5.860970000000004,9.8729,"{""BUILD_PASTURE"": 14, ""CARE"": 308, ""COLLECT_FERTILIZER"": 318, ""DIG"": 25, ""DROP"": 80, ""EAST"": 857, ""FEED"": 319, ""FERTILIZE"": 107, ""HARVEST"": 338, ""NORTH"": 1236, ""PASS"": 377, ""PICKUP"": 339, ""PLACE"": 27, ""PLANT"": 131, ""SOUTH"": 929, ""WATER"": 851, ""WEST"": 1098}","{""BUY_ANIMAL"": 14, ""BUY_LAND"": 2, ""BUY_PRODUCT"": 279, ""BUY_SEED"": 54, ""HIRE"": 306, ""SELL"": 481}","{""BUY_ANIMAL:COW"": 8, ""BUY_ANIMAL:SHEEP"": 6, ""BUY_PRODUCT:WHEAT"": 967, ""BUY_SEED:MELON"": 21, ""BUY_SEED:STRAWBERRY"": 44, ""BUY_SEED:WHEAT"": 66, ""SELL:CARROT"": 13, ""SELL:EGG"": 8, ""SELL:FERTILIZER"": 445, ""SELL:MELON"": 224, ""SELL:MILK"": 682, ""SELL:STRAWBERRY"": 636, ""SELL:TOMATO"": 4, ""SELL:WHEAT"": 1108, ""SELL:WOOL"": 373}",conservative,random,608,84,123,123,0,39,0,27,188,188,0,107,0,11,conservative,718,"{""MILK"": {""base"": 3, ""carried_value"": 852, ""chosen"": 3, ""deferred"": 0, ""gain"": 0.0, ""opponent_future"": 0.0, ""opponent_now"": 0.0, ""released"": 0, ""residual_value"": 0.0, ""step"": 716}, ""WOOL"": {""base"": 12, ""carried_value"": 2892, ""chosen"": 12, ""deferred"": 0, ""gain"": 0.0, ""opponent_future"": 0.0, ""opponent_now"": 0.0, ""released"": 0, ""residual_value"": 0.0, ""step"": 715}}","{""MILK"": 0, ""WOOL"": 0}","[{""chosen"": {""WOOL"": 6}, ""pending"": {""WOOL"": 0}, ""step"": 280}, {""chosen"": {""MILK"": 9}, ""pending"": {""MILK"": 0, ""WOOL"": 0}, ""step"": 367}, {""chosen"": {""MILK"": 9}, ""pending"": {""MILK"": 0, ""WOOL"": 0}, ""step"": 387}, {""chosen"": {""MILK"": 5}, ""pending"": {""MILK"": 0, ""WOOL"": 0}, ""step"": 439}, {""chosen"": {""MILK"": 15}, ""pending"": {""MILK"": 0, ""WOOL"": 0}, ""step"": 485}, {""chosen"": {""WOOL"": 24}, ""pending"": {""MILK"": 0, ""WOOL"": 0}, ""step"": 538}, {""chosen"": {""MILK"": 9}, ""pending"": {""MILK"": 0, ""WOOL"": 0}, ""step"": 656}, {""chosen"": {""MILK"": 9, ""WOOL"": 1}, ""pending"": {""MILK"": 0, ""WOOL"": 0}, ""step"": 657}, {""chosen"": {""WOOL"": 1}, ""pending"": {""MILK"": 0, ""WOOL"": 0}, ""step"": 660}, {""chosen"": {""MILK"": 10, ""WOOL"": 1}, ""pending"": {""MILK"": 0, ""WOOL"": 0}, ""step"": 661}, {""chosen"": {""MILK"": 4}, ""pending"": {""MILK"": 0, ""WOOL"": 0}, ""step"": 667}, {""chosen"": {""MILK"": 15}, ""pending"": {""MILK"": 0, ""WOOL"": 0}, ""step"": 670}, {""chosen"": {""MILK"": 12}, ""pending"": {""MILK"": 0, ""WOOL"": 0}, ""step"": 673}, {""chosen"": {""MILK"": 8}, ""pending"": {""MILK"": 0, ""WOOL"": 0}, ""step"": 674}, {""chosen"": {""MILK"": 8}, ""pending"": {""MILK"": 0, ""WOOL"": 0}, ""step"": 678}, {""chosen"": {""MILK"": 9}, ""pending"": {""MILK"": 0, ""WOOL"": 0}, ""step"": 685}, {""chosen"": {""MILK"": 13}, ""pending"": {""MILK"": 0, ""WOOL"": 0}, ""step"": 686}, {""chosen"": {""MILK"": 9}, ""pending"": {""MILK"": 0, ""WOOL"": 0}, ""step"": 698}, {""chosen"": {""WOOL"": 22}, ""pending"": {""MILK"": 0, ""WOOL"": 0}, ""step"": 699}, {""chosen"": {""MILK"": 11}, ""pending"": {""MILK"": 0, ""WOOL"": 0}, ""step"": 702}, {""chosen"": {""MILK"": 3, ""WOOL"": 24}, ""pending"": {""MILK"": 0, ""WOOL"": 0}, ""step"": 703}, {""chosen"": {""WOOL"": 12}, ""pending"": {""MILK"": 0, ""WOOL"": 0}, ""step"": 709}, {""chosen"": {""MILK"": 9}, ""pending"": {""MILK"": 0, ""WOOL"": 0}, ""step"": 710}, {""chosen"": {""MILK"": 12, ""WOOL"": 20}, ""pending"": {""MILK"": 0, ""WOOL"": 0}, ""step"": 712}, {""chosen"": {""MILK"": 3}, ""pending"": {""MILK"": 0, ""WOOL"": 0}, ""step"": 713}, {""chosen"": {""MILK"": 3, ""WOOL"": 12}, ""pending"": {""MILK"": 0, ""WOOL"": 0}, ""step"": 715}, {""chosen"": {""MILK"": 3}, ""pending"": {""MILK"": 0, ""WOOL"": 0}, ""step"": 716}]",0,0,,,
217,0,168887.0,0.0,168887.0,win,DONE,DONE,1,3.057462900003884,0,0,0,0,719,0,0,0.0339,0.23435000000000059,5.980900000000021,13.6539,"{""BUILD_PASTURE"": 14, ""CARE"": 308, ""COLLECT_FERTILIZER"": 318, ""DIG"": 25, ""DROP"": 80, ""EAST"": 857, ""FEED"": 319, ""FERTILIZE"": 107, ""HARVEST"": 338, ""NORTH"": 1236, ""PASS"": 377, ""PICKUP"": 339, ""PLACE"": 27, ""PLANT"": 131, ""SOUTH"": 929, ""WATER"": 851, ""WEST"": 1098}","{""BUY_ANIMAL"": 14, ""BUY_LAND"": 2, ""BUY_PRODUCT"": 279, ""BUY_SEED"": 54, ""HIRE"": 306, ""SELL"": 481}","{""BUY_ANIMAL:COW"": 8, ""BUY_ANIMAL:SHEEP"": 6, ""BUY_PRODUCT:WHEAT"": 967, ""BUY_SEED:MELON"": 21, ""BUY_SEED:STRAWBERRY"": 44, ""BUY_SEED:WHEAT"": 66, ""SELL:CARROT"": 13, ""SELL:EGG"": 8, ""SELL:FERTILIZER"": 445, ""SELL:MELON"": 224, ""SELL:MILK"": 677, ""SELL:STRAWBERRY"": 636, ""SELL:TOMATO"": 4, ""SELL:WHEAT"": 1108, ""SELL:WOOL"": 373}",conservative,random,608,82,123,123,0,38,0,29,225,220,0,113,1,11,conservative,718,"{""MILK"": {""base"": 3, ""carried_value"": 798, ""chosen"": 3, ""deferred"": 0, ""gain"": 0.0, ""opponent_future"": 0.0, ""opponent_now"": 0.0, ""released"": 0, ""residual_value"": 0.0, ""step"": 716}, ""WOOL"": {""base"": 12, ""carried_value"": 2976, ""chosen"": 12, ""deferred"": 0, ""gain"": 0.0, ""opponent_future"": 0.0, ""opponent_now"": 0.0, ""released"": 0, ""residual_value"": 0.0, ""step"": 715}}","{""MILK"": 0, ""WOOL"": 0}","[{""chosen"": {""WOOL"": 6}, ""pending"": {""WOOL"": 0}, ""step"": 280}, {""chosen"": {""MILK"": 9}, ""pending"": {""MILK"": 0, ""WOOL"": 0}, ""step"": 367}, {""chosen"": {""MILK"": 9}, ""pending"": {""MILK"": 0, ""WOOL"": 0}, ""step"": 387}, {""chosen"": {""MILK"": 9}, ""pending"": {""MILK"": 0, ""WOOL"": 0}, ""step"": 409}, {""chosen"": {""MILK"": 5}, ""pending"": {""MILK"": 0, ""WOOL"": 0}, ""step"": 439}, {""chosen"": {""MILK"": 9}, ""pending"": {""MILK"": 0, ""WOOL"": 0}, ""step"": 471}, {""chosen"": {""MILK"": 15}, ""pending"": {""MILK"": 0, ""WOOL"": 0}, ""step"": 485}, {""chosen"": {""MILK"": 19, ""WOOL"": 24}, ""pending"": {""MILK"": 0, ""WOOL"": 0}, ""step"": 537}, {""chosen"": {""MILK"": 3}, ""pending"": {""MILK"": 1, ""WOOL"": 0}, ""step"": 656}, {""chosen"": {""MILK"": 10, ""WOOL"": 1}, ""pending"": {""MILK"": 0, ""WOOL"": 0}, ""step"": 657}, {""chosen"": {""WOOL"": 1}, ""pending"": {""MILK"": 0, ""WOOL"": 0}, ""step"": 660}, {""chosen"": {""MILK"": 10, ""WOOL"": 1}, ""pending"": {""MILK"": 0, ""WOOL"": 0}, ""step"": 661}, {""chosen"": {""MILK"": 4}, ""pending"": {""MILK"": 0, ""WOOL"": 0}, ""step"": 667}, {""chosen"": {""MILK"": 15}, ""pending"": {""MILK"": 0, ""WOOL"": 0}, ""step"": 670}, {""chosen"": {""MILK"": 12}, ""pending"": {""MILK"": 0, ""WOOL"": 0}, ""step"": 673}, {""chosen"": {""MILK"": 8}, ""pending"": {""MILK"": 0, ""WOOL"": 0}, ""step"": 674}, {""chosen"": {""MILK"": 8}, ""pending"": {""MILK"": 0, ""WOOL"": 0}, ""step"": 678}, {""chosen"": {""MILK"": 9}, ""pending"": {""MILK"": 0, ""WOOL"": 0}, ""step"": 685}, {""chosen"": {""MILK"": 13}, ""pending"": {""MILK"": 0, ""WOOL"": 0}, ""step"": 686}, {""chosen"": {""MILK"": 9}, ""pending"": {""MILK"": 0, ""WOOL"": 0}, ""step"": 698}, {""chosen"": {""WOOL"": 22}, ""pending"": {""MILK"": 0, ""WOOL"": 0}, ""step"": 699}, {""chosen"": {""MILK"": 11}, ""pending"": {""MILK"": 0, ""WOOL"": 0}, ""step"": 702}, {""chosen"": {""MILK"": 3, ""WOOL"": 24}, ""pending"": {""MILK"": 0, ""WOOL"": 0}, ""step"": 703}, {""chosen"": {""WOOL"": 12}, ""pending"": {""MILK"": 0, ""WOOL"": 0}, ""step"": 709}, {""chosen"": {""MILK"": 9}, ""pending"": {""MILK"": 0, ""WOOL"": 0}, ""step"": 710}, {""chosen"": {""MILK"": 12, ""WOOL"": 20}, ""pending"": {""MILK"": 0, ""WOOL"": 0}, ""step"": 712}, {""chosen"": {""MILK"": 3}, ""pending"": {""MILK"": 0, ""WOOL"": 0}, ""step"": 713}, {""chosen"": {""MILK"": 3, ""WOOL"": 12}, ""pending"": {""MILK"": 0, ""WOOL"": 0}, ""step"": 715}, {""chosen"": {""MILK"": 3}, ""pending"": {""MILK"": 0, ""WOOL"": 0}, ""step"": 716}]",0,0,2,7,2
217,1,180014.0,0.0,180014.0,win,DONE,DONE,1,3.1126281999750063,0,0,0,0,719,0,0,0.0358,0.24667000000000025,7.090734000000014,168.6622,"{""BUILD_PASTURE"": 14, ""CARE"": 308, ""COLLECT_FERTILIZER"": 318, ""DIG"": 25, ""DROP"": 80, ""EAST"": 857, ""FEED"": 319, ""FERTILIZE"": 107, ""HARVEST"": 338, ""NORTH"": 1236, ""PASS"": 377, ""PICKUP"": 339, ""PLACE"": 27, ""PLANT"": 131, ""SOUTH"": 929, ""WATER"": 851, ""WEST"": 1098}","{""BUY_ANIMAL"": 14, ""BUY_LAND"": 2, ""BUY_PRODUCT"": 279, ""BUY_SEED"": 54, ""HIRE"": 306, ""SELL"": 481}","{""BUY_ANIMAL:COW"": 8, ""BUY_ANIMAL:SHEEP"": 6, ""BUY_PRODUCT:WHEAT"": 967, ""BUY_SEED:MELON"": 21, ""BUY_SEED:STRAWBERRY"": 44, ""BUY_SEED:WHEAT"": 66, ""SELL:CARROT"": 13, ""SELL:EGG"": 8, ""SELL:FERTILIZER"": 445, ""SELL:MELON"": 224, ""SELL:MILK"": 682, ""SELL:STRAWBERRY"": 636, ""SELL:TOMATO"": 4, ""SELL:WHEAT"": 1108, ""SELL:WOOL"": 373}",conservative,random,608,89,99,99,0,37,0,22,150,150,0,99,0,11,conservative,718,"{""MILK"": {""base"": 3, ""carried_value"": 885, ""chosen"": 3, ""deferred"": 0, ""gain"": 0.0, ""opponent_future"": 0.0, ""opponent_now"": 0.0, ""released"": 0, ""residual_value"": 0.0, ""step"": 716}, ""WOOL"": {""base"": 12, ""carried_value"": 2952, ""chosen"": 12, ""deferred"": 0, ""gain"": 0.0, ""opponent_future"": 0.0, ""opponent_now"": 0.0, ""released"": 0, ""residual_value"": 0.0, ""step"": 715}}","{""MILK"": 0, ""WOOL"": 0}","[{""chosen"": {""WOOL"": 6}, ""pending"": {""WOOL"": 0}, ""step"": 280}, {""chosen"": {""MILK"": 9}, ""pending"": {""MILK"": 0, ""WOOL"": 0}, ""step"": 656}, {""chosen"": {""MILK"": 9, ""WOOL"": 1}, ""pending"": {""MILK"": 0, ""WOOL"": 0}, ""step"": 657}, {""chosen"": {""WOOL"": 1}, ""pending"": {""MILK"": 0, ""WOOL"": 0}, ""step"": 660}, {""chosen"": {""MILK"": 10, ""WOOL"": 1}, ""pending"": {""MILK"": 0, ""WOOL"": 0}, ""step"": 661}, {""chosen"": {""MILK"": 4}, ""pending"": {""MILK"": 0, ""WOOL"": 0}, ""step"": 667}, {""chosen"": {""MILK"": 15}, ""pending"": {""MILK"": 0, ""WOOL"": 0}, ""step"": 670}, {""chosen"": {""MILK"": 12}, ""pending"": {""MILK"": 0, ""WOOL"": 0}, ""step"": 673}, {""chosen"": {""MILK"": 8}, ""pending"": {""MILK"": 0, ""WOOL"": 0}, ""step"": 674}, {""chosen"": {""MILK"": 8}, ""pending"": {""MILK"": 0, ""WOOL"": 0}, ""step"": 678}, {""chosen"": {""MILK"": 9}, ""pending"": {""MILK"": 0, ""WOOL"": 0}, ""step"": 685}, {""chosen"": {""MILK"": 13}, ""pending"": {""MILK"": 0, ""WOOL"": 0}, ""step"": 686}, {""chosen"": {""MILK"": 9}, ""pending"": {""MILK"": 0, ""WOOL"": 0}, ""step"": 698}, {""chosen"": {""WOOL"": 22}, ""pending"": {""MILK"": 0, ""WOOL"": 0}, ""step"": 699}, {""chosen"": {""MILK"": 11}, ""pending"": {""MILK"": 0, ""WOOL"": 0}, ""step"": 702}, {""chosen"": {""MILK"": 3, ""WOOL"": 24}, ""pending"": {""MILK"": 0, ""WOOL"": 0}, ""step"": 703}, {""chosen"": {""WOOL"": 12}, ""pending"": {""MILK"": 0, ""WOOL"": 0}, ""step"": 709}, {""chosen"": {""MILK"": 9}, ""pending"": {""MILK"": 0, ""WOOL"": 0}, ""step"": 710}, {""chosen"": {""MILK"": 12, ""WOOL"": 20}, ""pending"": {""MILK"": 0, ""WOOL"": 0}, ""step"": 712}, {""chosen"": {""MILK"": 3}, ""pending"": {""MILK"": 0, ""WOOL"": 0}, ""step"": 713}, {""chosen"": {""MILK"": 3, ""WOOL"": 12}, ""pending"": {""MILK"": 0, ""WOOL"": 0}, ""step"": 715}, {""chosen"": {""MILK"": 3}, ""pending"": {""MILK"": 0, ""WOOL"": 0}, ""step"": 716}]",0,0,,,
317,0,193780.0,0.0,193780.0,win,DONE,DONE,1,2.9682656000368297,0,0,0,0,719,0,0,0.0315,0.1684300000000001,6.437218000000001,168.9096,"{""BUILD_PASTURE"": 14, ""CARE"": 308, ""COLLECT_FERTILIZER"": 318, ""DIG"": 25, ""DROP"": 80, ""EAST"": 857, ""FEED"": 319, ""FERTILIZE"": 107, ""HARVEST"": 338, ""NORTH"": 1236, ""PASS"": 377, ""PICKUP"": 339, ""PLACE"": 27, ""PLANT"": 131, ""SOUTH"": 929, ""WATER"": 851, ""WEST"": 1098}","{""BUY_ANIMAL"": 14, ""BUY_LAND"": 2, ""BUY_PRODUCT"": 279, ""BUY_SEED"": 54, ""HIRE"": 306, ""SELL"": 481}","{""BUY_ANIMAL:COW"": 8, ""BUY_ANIMAL:SHEEP"": 6, ""BUY_PRODUCT:WHEAT"": 967, ""BUY_SEED:MELON"": 21, ""BUY_SEED:STRAWBERRY"": 44, ""BUY_SEED:WHEAT"": 66, ""SELL:CARROT"": 13, ""SELL:EGG"": 8, ""SELL:FERTILIZER"": 445, ""SELL:MELON"": 224, ""SELL:MILK"": 682, ""SELL:STRAWBERRY"": 636, ""SELL:TOMATO"": 4, ""SELL:WHEAT"": 1108, ""SELL:WOOL"": 373}",conservative,random,608,89,99,99,0,37,0,22,150,150,0,99,0,11,conservative,718,"{""MILK"": {""base"": 3, ""carried_value"": 954, ""chosen"": 3, ""deferred"": 0, ""gain"": 0.0, ""opponent_future"": 0.0, ""opponent_now"": 0.0, ""released"": 0, ""residual_value"": 0.0, ""step"": 716}, ""WOOL"": {""base"": 12, ""carried_value"": 2988, ""chosen"": 12, ""deferred"": 0, ""gain"": 0.0, ""opponent_future"": 0.0, ""opponent_now"": 0.0, ""released"": 0, ""residual_value"": 0.0, ""step"": 715}}","{""MILK"": 0, ""WOOL"": 0}","[{""chosen"": {""WOOL"": 6}, ""pending"": {""WOOL"": 0}, ""step"": 280}, {""chosen"": {""MILK"": 9}, ""pending"": {""MILK"": 0, ""WOOL"": 0}, ""step"": 656}, {""chosen"": {""MILK"": 9, ""WOOL"": 1}, ""pending"": {""MILK"": 0, ""WOOL"": 0}, ""step"": 657}, {""chosen"": {""WOOL"": 1}, ""pending"": {""MILK"": 0, ""WOOL"": 0}, ""step"": 660}, {""chosen"": {""MILK"": 10, ""WOOL"": 1}, ""pending"": {""MILK"": 0, ""WOOL"": 0}, ""step"": 661}, {""chosen"": {""MILK"": 4}, ""pending"": {""MILK"": 0, ""WOOL"": 0}, ""step"": 667}, {""chosen"": {""MILK"": 15}, ""pending"": {""MILK"": 0, ""WOOL"": 0}, ""step"": 670}, {""chosen"": {""MILK"": 12}, ""pending"": {""MILK"": 0, ""WOOL"": 0}, ""step"": 673}, {""chosen"": {""MILK"": 8}, ""pending"": {""MILK"": 0, ""WOOL"": 0}, ""step"": 674}, {""chosen"": {""MILK"": 8}, ""pending"": {""MILK"": 0, ""WOOL"": 0}, ""step"": 678}, {""chosen"": {""MILK"": 9}, ""pending"": {""MILK"": 0, ""WOOL"": 0}, ""step"": 685}, {""chosen"": {""MILK"": 13}, ""pending"": {""MILK"": 0, ""WOOL"": 0}, ""step"": 686}, {""chosen"": {""MILK"": 9}, ""pending"": {""MILK"": 0, ""WOOL"": 0}, ""step"": 698}, {""chosen"": {""WOOL"": 22}, ""pending"": {""MILK"": 0, ""WOOL"": 0}, ""step"": 699}, {""chosen"": {""MILK"": 11}, ""pending"": {""MILK"": 0, ""WOOL"": 0}, ""step"": 702}, {""chosen"": {""MILK"": 3, ""WOOL"": 24}, ""pending"": {""MILK"": 0, ""WOOL"": 0}, ""step"": 703}, {""chosen"": {""WOOL"": 12}, ""pending"": {""MILK"": 0, ""WOOL"": 0}, ""step"": 709}, {""chosen"": {""MILK"": 9}, ""pending"": {""MILK"": 0, ""WOOL"": 0}, ""step"": 710}, {""chosen"": {""MILK"": 12, ""WOOL"": 20}, ""pending"": {""MILK"": 0, ""WOOL"": 0}, ""step"": 712}, {""chosen"": {""MILK"": 3}, ""pending"": {""MILK"": 0, ""WOOL"": 0}, ""step"": 713}, {""chosen"": {""MILK"": 3, ""WOOL"": 12}, ""pending"": {""MILK"": 0, ""WOOL"": 0}, ""step"": 715}, {""chosen"": {""MILK"": 3}, ""pending"": {""MILK"": 0, ""WOOL"": 0}, ""step"": 716}]",0,0,,,
317,1,184565.0,50.0,184515.0,win,DONE,DONE,1,2.783375500002876,0,0,0,0,719,0,0,0.0279,0.13944000000000012,5.961414000000012,9.2743,"{""BUILD_PASTURE"": 14, ""CARE"": 308, ""COLLECT_FERTILIZER"": 318, ""DIG"": 25, ""DROP"": 80, ""EAST"": 857, ""FEED"": 319, ""FERTILIZE"": 107, ""HARVEST"": 338, ""NORTH"": 1236, ""PASS"": 377, ""PICKUP"": 339, ""PLACE"": 27, ""PLANT"": 131, ""SOUTH"": 929, ""WATER"": 851, ""WEST"": 1098}","{""BUY_ANIMAL"": 14, ""BUY_LAND"": 2, ""BUY_PRODUCT"": 279, ""BUY_SEED"": 54, ""HIRE"": 306, ""SELL"": 481}","{""BUY_ANIMAL:COW"": 8, ""BUY_ANIMAL:SHEEP"": 6, ""BUY_PRODUCT:WHEAT"": 967, ""BUY_SEED:MELON"": 21, ""BUY_SEED:STRAWBERRY"": 44, ""BUY_SEED:WHEAT"": 66, ""SELL:CARROT"": 13, ""SELL:EGG"": 8, ""SELL:FERTILIZER"": 445, ""SELL:MELON"": 224, ""SELL:MILK"": 682, ""SELL:STRAWBERRY"": 636, ""SELL:TOMATO"": 4, ""SELL:WHEAT"": 1108, ""SELL:WOOL"": 373}",conservative,random,608,89,99,99,0,37,0,22,150,150,0,99,0,11,conservative,718,"{""MILK"": {""base"": 3, ""carried_value"": 885, ""chosen"": 3, ""deferred"": 0, ""gain"": 0.0, ""opponent_future"": 0.0, ""opponent_now"": 0.0, ""released"": 0, ""residual_value"": 0.0, ""step"": 716}, ""WOOL"": {""base"": 12, ""carried_value"": 2940, ""chosen"": 12, ""deferred"": 0, ""gain"": 0.0, ""opponent_future"": 0.0, ""opponent_now"": 0.0, ""released"": 0, ""residual_value"": 0.0, ""step"": 715}}","{""MILK"": 0, ""WOOL"": 0}","[{""chosen"": {""WOOL"": 6}, ""pending"": {""WOOL"": 0}, ""step"": 280}, {""chosen"": {""MILK"": 9}, ""pending"": {""MILK"": 0, ""WOOL"": 0}, ""step"": 656}, {""chosen"": {""MILK"": 9, ""WOOL"": 1}, ""pending"": {""MILK"": 0, ""WOOL"": 0}, ""step"": 657}, {""chosen"": {""WOOL"": 1}, ""pending"": {""MILK"": 0, ""WOOL"": 0}, ""step"": 660}, {""chosen"": {""MILK"": 10, ""WOOL"": 1}, ""pending"": {""MILK"": 0, ""WOOL"": 0}, ""step"": 661}, {""chosen"": {""MILK"": 4}, ""pending"": {""MILK"": 0, ""WOOL"": 0}, ""step"": 667}, {""chosen"": {""MILK"": 15}, ""pending"": {""MILK"": 0, ""WOOL"": 0}, ""step"": 670}, {""chosen"": {""MILK"": 12}, ""pending"": {""MILK"": 0, ""WOOL"": 0}, ""step"": 673}, {""chosen"": {""MILK"": 8}, ""pending"": {""MILK"": 0, ""WOOL"": 0}, ""step"": 674}, {""chosen"": {""MILK"": 8}, ""pending"": {""MILK"": 0, ""WOOL"": 0}, ""step"": 678}, {""chosen"": {""MILK"": 9}, ""pending"": {""MILK"": 0, ""WOOL"": 0}, ""step"": 685}, {""chosen"": {""MILK"": 13}, ""pending"": {""MILK"": 0, ""WOOL"": 0}, ""step"": 686}, {""chosen"": {""MILK"": 9}, ""pending"": {""MILK"": 0, ""WOOL"": 0}, ""step"": 698}, {""chosen"": {""WOOL"": 22}, ""pending"": {""MILK"": 0, ""WOOL"": 0}, ""step"": 699}, {""chosen"": {""MILK"": 11}, ""pending"": {""MILK"": 0, ""WOOL"": 0}, ""step"": 702}, {""chosen"": {""MILK"": 3, ""WOOL"": 24}, ""pending"": {""MILK"": 0, ""WOOL"": 0}, ""step"": 703}, {""chosen"": {""WOOL"": 12}, ""pending"": {""MILK"": 0, ""WOOL"": 0}, ""step"": 709}, {""chosen"": {""MILK"": 9}, ""pending"": {""MILK"": 0, ""WOOL"": 0}, ""step"": 710}, {""chosen"": {""MILK"": 12, ""WOOL"": 20}, ""pending"": {""MILK"": 0, ""WOOL"": 0}, ""step"": 712}, {""chosen"": {""MILK"": 3}, ""pending"": {""MILK"": 0, ""WOOL"": 0}, ""step"": 713}, {""chosen"": {""MILK"": 3, ""WOOL"": 12}, ""pending"": {""MILK"": 0, ""WOOL"": 0}, ""step"": 715}, {""chosen"": {""MILK"": 3}, ""pending"": {""MILK"": 0, ""WOOL"": 0}, ""step"": 716}]",0,0,,,
733,0,191643.0,0.0,191643.0,win,DONE,DONE,1,3.486023900040891,0,0,0,0,719,0,0,0.0536,0.24023000000000017,7.152026000000003,231.5362,"{""BUILD_PASTURE"": 14, ""CARE"": 308, ""COLLECT_FERTILIZER"": 318, ""DIG"": 25, ""DROP"": 80, ""EAST"": 857, ""FEED"": 319, ""FERTILIZE"": 107, ""HARVEST"": 338, ""NORTH"": 1236, ""PASS"": 377, ""PICKUP"": 339, ""PLACE"": 27, ""PLANT"": 131, ""SOUTH"": 929, ""WATER"": 851, ""WEST"": 1098}","{""BUY_ANIMAL"": 14, ""BUY_LAND"": 2, ""BUY_PRODUCT"": 279, ""BUY_SEED"": 54, ""HIRE"": 306, ""SELL"": 481}","{""BUY_ANIMAL:COW"": 8, ""BUY_ANIMAL:SHEEP"": 6, ""BUY_PRODUCT:WHEAT"": 967, ""BUY_SEED:MELON"": 21, ""BUY_SEED:STRAWBERRY"": 44, ""BUY_SEED:WHEAT"": 66, ""SELL:CARROT"": 13, ""SELL:EGG"": 8, ""SELL:FERTILIZER"": 445, ""SELL:MELON"": 224, ""SELL:MILK"": 682, ""SELL:STRAWBERRY"": 636, ""SELL:TOMATO"": 4, ""SELL:WHEAT"": 1108, ""SELL:WOOL"": 373}",conservative,random,608,89,99,99,0,37,0,22,150,150,0,99,0,11,conservative,718,"{""MILK"": {""base"": 3, ""carried_value"": 954, ""chosen"": 3, ""deferred"": 0, ""gain"": 0.0, ""opponent_future"": 0.0, ""opponent_now"": 0.0, ""released"": 0, ""residual_value"": 0.0, ""step"": 716}, ""WOOL"": {""base"": 12, ""carried_value"": 2988, ""chosen"": 12, ""deferred"": 0, ""gain"": 0.0, ""opponent_future"": 0.0, ""opponent_now"": 0.0, ""released"": 0, ""residual_value"": 0.0, ""step"": 715}}","{""MILK"": 0, ""WOOL"": 0}","[{""chosen"": {""WOOL"": 6}, ""pending"": {""WOOL"": 0}, ""step"": 280}, {""chosen"": {""MILK"": 9}, ""pending"": {""MILK"": 0, ""WOOL"": 0}, ""step"": 656}, {""chosen"": {""MILK"": 9, ""WOOL"": 1}, ""pending"": {""MILK"": 0, ""WOOL"": 0}, ""step"": 657}, {""chosen"": {""WOOL"": 1}, ""pending"": {""MILK"": 0, ""WOOL"": 0}, ""step"": 660}, {""chosen"": {""MILK"": 10, ""WOOL"": 1}, ""pending"": {""MILK"": 0, ""WOOL"": 0}, ""step"": 661}, {""chosen"": {""MILK"": 4}, ""pending"": {""MILK"": 0, ""WOOL"": 0}, ""step"": 667}, {""chosen"": {""MILK"": 15}, ""pending"": {""MILK"": 0, ""WOOL"": 0}, ""step"": 670}, {""chosen"": {""MILK"": 12}, ""pending"": {""MILK"": 0, ""WOOL"": 0}, ""step"": 673}, {""chosen"": {""MILK"": 8}, ""pending"": {""MILK"": 0, ""WOOL"": 0}, ""step"": 674}, {""chosen"": {""MILK"": 8}, ""pending"": {""MILK"": 0, ""WOOL"": 0}, ""step"": 678}, {""chosen"": {""MILK"": 9}, ""pending"": {""MILK"": 0, ""WOOL"": 0}, ""step"": 685}, {""chosen"": {""MILK"": 13}, ""pending"": {""MILK"": 0, ""WOOL"": 0}, ""step"": 686}, {""chosen"": {""MILK"": 9}, ""pending"": {""MILK"": 0, ""WOOL"": 0}, ""step"": 698}, {""chosen"": {""WOOL"": 22}, ""pending"": {""MILK"": 0, ""WOOL"": 0}, ""step"": 699}, {""chosen"": {""MILK"": 11}, ""pending"": {""MILK"": 0, ""WOOL"": 0}, ""step"": 702}, {""chosen"": {""MILK"": 3, ""WOOL"": 24}, ""pending"": {""MILK"": 0, ""WOOL"": 0}, ""step"": 703}, {""chosen"": {""WOOL"": 12}, ""pending"": {""MILK"": 0, ""WOOL"": 0}, ""step"": 709}, {""chosen"": {""MILK"": 9}, ""pending"": {""MILK"": 0, ""WOOL"": 0}, ""step"": 710}, {""chosen"": {""MILK"": 12, ""WOOL"": 20}, ""pending"": {""MILK"": 0, ""WOOL"": 0}, ""step"": 712}, {""chosen"": {""MILK"": 3}, ""pending"": {""MILK"": 0, ""WOOL"": 0}, ""step"": 713}, {""chosen"": {""MILK"": 3, ""WOOL"": 12}, ""pending"": {""MILK"": 0, ""WOOL"": 0}, ""step"": 715}, {""chosen"": {""MILK"": 3}, ""pending"": {""MILK"": 0, ""WOOL"": 0}, ""step"": 716}]",0,0,,,
733,1,192660.0,0.0,192660.0,win,DONE,DONE,1,2.7098373000044376,0,0,0,0,719,0,0,0.0328,0.1563500000000001,5.674062000000008,9.7976,"{""BUILD_PASTURE"": 14, ""CARE"": 308, ""COLLECT_FERTILIZER"": 318, ""DIG"": 25, ""DROP"": 80, ""EAST"": 857, ""FEED"": 319, ""FERTILIZE"": 107, ""HARVEST"": 338, ""NORTH"": 1236, ""PASS"": 377, ""PICKUP"": 339, ""PLACE"": 27, ""PLANT"": 131, ""SOUTH"": 929, ""WATER"": 851, ""WEST"": 1098}","{""BUY_ANIMAL"": 14, ""BUY_LAND"": 2, ""BUY_PRODUCT"": 279, ""BUY_SEED"": 54, ""HIRE"": 306, ""SELL"": 481}","{""BUY_ANIMAL:COW"": 8, ""BUY_ANIMAL:SHEEP"": 6, ""BUY_PRODUCT:WHEAT"": 967, ""BUY_SEED:MELON"": 21, ""BUY_SEED:STRAWBERRY"": 44, ""BUY_SEED:WHEAT"": 66, ""SELL:CARROT"": 13, ""SELL:EGG"": 8, ""SELL:FERTILIZER"": 445, ""SELL:MELON"": 224, ""SELL:MILK"": 682, ""SELL:STRAWBERRY"": 636, ""SELL:TOMATO"": 4, ""SELL:WHEAT"": 1108, ""SELL:WOOL"": 373}",conservative,random,608,88,123,123,0,39,0,23,150,150,0,99,0,11,conservative,718,"{""MILK"": {""base"": 3, ""carried_value"": 966, ""chosen"": 3, ""deferred"": 0, ""gain"": 0.0, ""opponent_future"": 0.0, ""opponent_now"": 0.0, ""released"": 0, ""residual_value"": 0.0, ""step"": 716}, ""WOOL"": {""base"": 12, ""carried_value"": 2916, ""chosen"": 12, ""deferred"": 0, ""gain"": 0.0, ""opponent_future"": 0.0, ""opponent_now"": 0.0, ""released"": 0, ""residual_value"": 0.0, ""step"": 715}}","{""MILK"": 0, ""WOOL"": 0}","[{""chosen"": {""WOOL"": 6}, ""pending"": {""WOOL"": 0}, ""step"": 280}, {""chosen"": {""WOOL"": 24}, ""pending"": {""WOOL"": 0}, ""step"": 538}, {""chosen"": {""MILK"": 9}, ""pending"": {""MILK"": 0, ""WOOL"": 0}, ""step"": 656}, {""chosen"": {""MILK"": 9, ""WOOL"": 1}, ""pending"": {""MILK"": 0, ""WOOL"": 0}, ""step"": 657}, {""chosen"": {""WOOL"": 1}, ""pending"": {""MILK"": 0, ""WOOL"": 0}, ""step"": 660}, {""chosen"": {""MILK"": 10, ""WOOL"": 1}, ""pending"": {""MILK"": 0, ""WOOL"": 0}, ""step"": 661}, {""chosen"": {""MILK"": 4}, ""pending"": {""MILK"": 0, ""WOOL"": 0}, ""step"": 667}, {""chosen"": {""MILK"": 15}, ""pending"": {""MILK"": 0, ""WOOL"": 0}, ""step"": 670}, {""chosen"": {""MILK"": 12}, ""pending"": {""MILK"": 0, ""WOOL"": 0}, ""step"": 673}, {""chosen"": {""MILK"": 8}, ""pending"": {""MILK"": 0, ""WOOL"": 0}, ""step"": 674}, {""chosen"": {""MILK"": 8}, ""pending"": {""MILK"": 0, ""WOOL"": 0}, ""step"": 678}, {""chosen"": {""MILK"": 9}, ""pending"": {""MILK"": 0, ""WOOL"": 0}, ""step"": 685}, {""chosen"": {""MILK"": 13}, ""pending"": {""MILK"": 0, ""WOOL"": 0}, ""step"": 686}, {""chosen"": {""MILK"": 9}, ""pending"": {""MILK"": 0, ""WOOL"": 0}, ""step"": 698}, {""chosen"": {""WOOL"": 22}, ""pending"": {""MILK"": 0, ""WOOL"": 0}, ""step"": 699}, {""chosen"": {""MILK"": 11}, ""pending"": {""MILK"": 0, ""WOOL"": 0}, ""step"": 702}, {""chosen"": {""MILK"": 3, ""WOOL"": 24}, ""pending"": {""MILK"": 0, ""WOOL"": 0}, ""step"": 703}, {""chosen"": {""WOOL"": 12}, ""pending"": {""MILK"": 0, ""WOOL"": 0}, ""step"": 709}, {""chosen"": {""MILK"": 9}, ""pending"": {""MILK"": 0, ""WOOL"": 0}, ""step"": 710}, {""chosen"": {""MILK"": 12, ""WOOL"": 20}, ""pending"": {""MILK"": 0, ""WOOL"": 0}, ""step"": 712}, {""chosen"": {""MILK"": 3}, ""pending"": {""MILK"": 0, ""WOOL"": 0}, ""step"": 713}, {""chosen"": {""MILK"": 3, ""WOOL"": 12}, ""pending"": {""MILK"": 0, ""WOOL"": 0}, ""step"": 715}, {""chosen"": {""MILK"": 3}, ""pending"": {""MILK"": 0, ""WOOL"": 0}, ""step"": 716}]",0,0,,,
