seed,seat,candidate_money,opponent_money,margin,result,candidate_status,opponent_status,game_done,wall_seconds,final_shed_MELON,final_shed_STRAWBERRY,final_shed_MILK,final_shed_WOOL,action_calls,agent_errors,invalid_action_shapes,runtime_p50_ms,runtime_p95_ms,runtime_p99_ms,runtime_max_ms,field_counts,market_counts,market_quantities,replay,variant,source,v020_no_premium_slot,v020_normal_market_passthrough,v020_base_MILK,v020_chosen_MILK,v020_pending_MILK,v020_candidate_evaluations_MILK,v020_released_MILK,v020_market_actions,v020_adjusted_items,v020_adjusted_units,v020_changed_market_actions,v020_terminal_phase,v020_variant,v020_last_step,v020_items,v020_pending,v020_history,v020_field_changed,v020_nonpremium_changed,v020_base_MELON,v020_chosen_MELON,v020_pending_MELON,v020_candidate_evaluations_MELON,v020_released_MELON,v020_base_STRAWBERRY,v020_chosen_STRAWBERRY,v020_pending_STRAWBERRY,v020_candidate_evaluations_STRAWBERRY,v020_released_STRAWBERRY,v020_base_WOOL,v020_chosen_WOOL,v020_pending_WOOL,v020_candidate_evaluations_WOOL,v020_released_WOOL
1128153300,0,165806.0,167165.0,-1359.0,loss,DONE,DONE,1,3.921173899958376,0,0,0,0,719,0,0,0.0215,0.06579000000000002,0.10174800000000006,0.3892,"{""BUILD_PASTURE"": 14, ""CARE"": 308, ""COLLECT_FERTILIZER"": 318, ""DIG"": 25, ""DROP"": 80, ""EAST"": 857, ""FEED"": 319, ""FERTILIZE"": 107, ""HARVEST"": 338, ""NORTH"": 1236, ""PASS"": 377, ""PICKUP"": 339, ""PLACE"": 27, ""PLANT"": 131, ""SOUTH"": 929, ""WATER"": 851, ""WEST"": 1098}","{""BUY_ANIMAL"": 14, ""BUY_LAND"": 2, ""BUY_PRODUCT"": 279, ""BUY_SEED"": 54, ""HIRE"": 306, ""SELL"": 481}","{""BUY_ANIMAL:COW"": 8, ""BUY_ANIMAL:SHEEP"": 6, ""BUY_PRODUCT:WHEAT"": 967, ""BUY_SEED:MELON"": 21, ""BUY_SEED:STRAWBERRY"": 44, ""BUY_SEED:WHEAT"": 66, ""SELL:CARROT"": 13, ""SELL:EGG"": 8, ""SELL:FERTILIZER"": 445, ""SELL:MELON"": 224, ""SELL:MILK"": 682, ""SELL:STRAWBERRY"": 636, ""SELL:TOMATO"": 4, ""SELL:WHEAT"": 1108, ""SELL:WOOL"": 373}",90114415,control,C:\Users\Administrator\Desktop\code\kaggriculture\baseline\history\v015a_market_collision\log\90114415.json,,,,,,,,,,,,,,,,,,,,,,,,,,,,,,,,,,
1128153300,0,165862.0,167165.0,-1303.0,loss,DONE,DONE,1,4.017661899968516,0,0,0,0,719,0,0,0.0353,0.18739,5.575698000000005,11.5079,"{""BUILD_PASTURE"": 14, ""CARE"": 308, ""COLLECT_FERTILIZER"": 318, ""DIG"": 25, ""DROP"": 80, ""EAST"": 857, ""FEED"": 319, ""FERTILIZE"": 107, ""HARVEST"": 338, ""NORTH"": 1236, ""PASS"": 377, ""PICKUP"": 339, ""PLACE"": 27, ""PLANT"": 131, ""SOUTH"": 929, ""WATER"": 851, ""WEST"": 1098}","{""BUY_ANIMAL"": 14, ""BUY_LAND"": 2, ""BUY_PRODUCT"": 279, ""BUY_SEED"": 54, ""HIRE"": 306, ""SELL"": 480}","{""BUY_ANIMAL:COW"": 8, ""BUY_ANIMAL:SHEEP"": 6, ""BUY_PRODUCT:WHEAT"": 967, ""BUY_SEED:MELON"": 21, ""BUY_SEED:STRAWBERRY"": 44, ""BUY_SEED:WHEAT"": 66, ""SELL:CARROT"": 13, ""SELL:EGG"": 8, ""SELL:FERTILIZER"": 445, ""SELL:MELON"": 224, ""SELL:MILK"": 666, ""SELL:STRAWBERRY"": 636, ""SELL:TOMATO"": 4, ""SELL:WHEAT"": 1108, ""SELL:WOOL"": 373}",90114415,balanced,C:\Users\Administrator\Desktop\code\kaggriculture\baseline\history\v015a_market_collision\log\90114415.json,642,54,204,188,0,104,2,23,3,18,3,11,balanced,718,"{""MILK"": {""base"": 3, ""carried_value"": 747, ""chosen"": 3, ""deferred"": 0, ""gain"": 0.0, ""opponent_future"": 16.0, ""opponent_now"": 0.0, ""released"": 0, ""residual_value"": 0.0, ""step"": 716}}","{""MILK"": 0}","[{""chosen"": {""MILK"": 9}, ""pending"": {""MILK"": 0}, ""step"": 293}, {""chosen"": {""MILK"": 9}, ""pending"": {""MILK"": 0}, ""step"": 366}, {""chosen"": {""MILK"": 15}, ""pending"": {""MILK"": 0}, ""step"": 536}, {""chosen"": {""MILK"": 6}, ""pending"": {""MILK"": 0}, ""step"": 607}, {""chosen"": {""MILK"": 15}, ""pending"": {""MILK"": 0}, ""step"": 633}, {""chosen"": {""MILK"": 0}, ""pending"": {""MILK"": 1}, ""step"": 656}, {""chosen"": {""MILK"": 1}, ""pending"": {""MILK"": 1}, ""step"": 657}, {""chosen"": {""MILK"": 11}, ""pending"": {""MILK"": 0}, ""step"": 661}, {""chosen"": {""MILK"": 4}, ""pending"": {""MILK"": 0}, ""step"": 667}, {""chosen"": {""MILK"": 15}, ""pending"": {""MILK"": 0}, ""step"": 670}, {""chosen"": {""MILK"": 12}, ""pending"": {""MILK"": 0}, ""step"": 673}, {""chosen"": {""MILK"": 8}, ""pending"": {""MILK"": 0}, ""step"": 674}, {""chosen"": {""MILK"": 8}, ""pending"": {""MILK"": 0}, ""step"": 678}, {""chosen"": {""MILK"": 9}, ""pending"": {""MILK"": 0}, ""step"": 685}, {""chosen"": {""MILK"": 13}, ""pending"": {""MILK"": 0}, ""step"": 686}, {""chosen"": {""MILK"": 9}, ""pending"": {""MILK"": 0}, ""step"": 698}, {""chosen"": {""MILK"": 11}, ""pending"": {""MILK"": 0}, ""step"": 702}, {""chosen"": {""MILK"": 3}, ""pending"": {""MILK"": 0}, ""step"": 703}, {""chosen"": {""MILK"": 9}, ""pending"": {""MILK"": 0}, ""step"": 710}, {""chosen"": {""MILK"": 12}, ""pending"": {""MILK"": 0}, ""step"": 712}, {""chosen"": {""MILK"": 3}, ""pending"": {""MILK"": 0}, ""step"": 713}, {""chosen"": {""MILK"": 3}, ""pending"": {""MILK"": 0}, ""step"": 715}, {""chosen"": {""MILK"": 3}, ""pending"": {""MILK"": 0}, ""step"": 716}]",0,0,,,,,,,,,,,,,,,
1128153300,0,165862.0,167165.0,-1303.0,loss,DONE,DONE,1,4.253034499997739,0,0,0,0,719,0,0,0.0383,2.4272700000000005,7.702908000000005,13.8836,"{""BUILD_PASTURE"": 14, ""CARE"": 308, ""COLLECT_FERTILIZER"": 318, ""DIG"": 25, ""DROP"": 80, ""EAST"": 857, ""FEED"": 319, ""FERTILIZE"": 107, ""HARVEST"": 338, ""NORTH"": 1236, ""PASS"": 377, ""PICKUP"": 339, ""PLACE"": 27, ""PLANT"": 131, ""SOUTH"": 929, ""WATER"": 851, ""WEST"": 1098}","{""BUY_ANIMAL"": 14, ""BUY_LAND"": 2, ""BUY_PRODUCT"": 279, ""BUY_SEED"": 54, ""HIRE"": 306, ""SELL"": 480}","{""BUY_ANIMAL:COW"": 8, ""BUY_ANIMAL:SHEEP"": 6, ""BUY_PRODUCT:WHEAT"": 967, ""BUY_SEED:MELON"": 21, ""BUY_SEED:STRAWBERRY"": 44, ""BUY_SEED:WHEAT"": 66, ""SELL:CARROT"": 13, ""SELL:EGG"": 8, ""SELL:FERTILIZER"": 445, ""SELL:MELON"": 224, ""SELL:MILK"": 666, ""SELL:STRAWBERRY"": 636, ""SELL:TOMATO"": 4, ""SELL:WHEAT"": 1108, ""SELL:WOOL"": 373}",90114415,sensitive,C:\Users\Administrator\Desktop\code\kaggriculture\baseline\history\v015a_market_collision\log\90114415.json,526,148,150,134,0,99,2,45,3,18,3,11,sensitive,718,"{""MELON"": {""base"": 3, ""carried_value"": 0, ""chosen"": 3, ""deferred"": 0, ""gain"": 0.0, ""opponent_future"": 0.0, ""opponent_now"": 0.0, ""released"": 0, ""residual_value"": 0.0, ""step"": 714}, ""MILK"": {""base"": 3, ""carried_value"": 747, ""chosen"": 3, ""deferred"": 0, ""gain"": 0.0, ""opponent_future"": 16.0, ""opponent_now"": 0.0, ""released"": 0, ""residual_value"": 0.0, ""step"": 716}, ""STRAWBERRY"": {""base"": 3, ""carried_value"": 711, ""chosen"": 3, ""deferred"": 0, ""gain"": 0.0, ""opponent_future"": 0.0, ""opponent_now"": 0.0, ""released"": 0, ""residual_value"": 0.0, ""step"": 717}, ""WOOL"": {""base"": 12, ""carried_value"": 2904, ""chosen"": 12, ""deferred"": 0, ""gain"": 0.0, ""opponent_future"": 6.6667, ""opponent_now"": 0.0, ""released"": 0, ""residual_value"": 0.0, ""step"": 715}}","{""MELON"": 0, ""MILK"": 0, ""STRAWBERRY"": 0, ""WOOL"": 0}","[{""chosen"": {""MELON"": 16}, ""pending"": {""MELON"": 0}, ""step"": 259}, {""chosen"": {""STRAWBERRY"": 4}, ""pending"": {""MELON"": 0, ""STRAWBERRY"": 0}, ""step"": 269}, {""chosen"": {""STRAWBERRY"": 14}, ""pending"": {""MELON"": 0, ""STRAWBERRY"": 0}, ""step"": 528}, {""chosen"": {""MELON"": 6}, ""pending"": {""MELON"": 0, ""STRAWBERRY"": 0}, ""step"": 563}, {""chosen"": {""MELON"": 8, ""STRAWBERRY"": 35}, ""pending"": {""MELON"": 0, ""STRAWBERRY"": 0}, ""step"": 578}, {""chosen"": {""STRAWBERRY"": 21}, ""pending"": {""MELON"": 0, ""STRAWBERRY"": 0}, ""step"": 600}, {""chosen"": {""MELON"": 6, ""WOOL"": 1}, ""pending"": {""MELON"": 0, ""STRAWBERRY"": 0, ""WOOL"": 0}, ""step"": 625}, {""chosen"": {""WOOL"": 2}, ""pending"": {""MELON"": 0, ""STRAWBERRY"": 0, ""WOOL"": 0}, ""step"": 627}, {""chosen"": {""MELON"": 6}, ""pending"": {""MELON"": 0, ""STRAWBERRY"": 0, ""WOOL"": 0}, ""step"": 649}, {""chosen"": {""MILK"": 0}, ""pending"": {""MELON"": 0, ""MILK"": 1, ""STRAWBERRY"": 0, ""WOOL"": 0}, ""step"": 656}, {""chosen"": {""MILK"": 1, ""STRAWBERRY"": 2, ""WOOL"": 1}, ""pending"": {""MELON"": 0, ""MILK"": 1, ""STRAWBERRY"": 0, ""WOOL"": 0}, ""step"": 657}, {""chosen"": {""WOOL"": 1}, ""pending"": {""MELON"": 0, ""MILK"": 1, ""STRAWBERRY"": 0, ""WOOL"": 0}, ""step"": 660}, {""chosen"": {""MILK"": 11, ""STRAWBERRY"": 2, ""WOOL"": 1}, ""pending"": {""MELON"": 0, ""MILK"": 0, ""STRAWBERRY"": 0, ""WOOL"": 0}, ""step"": 661}, {""chosen"": {""STRAWBERRY"": 8}, ""pending"": {""MELON"": 0, ""MILK"": 0, ""STRAWBERRY"": 0, ""WOOL"": 0}, ""step"": 663}, {""chosen"": {""STRAWBERRY"": 11}, ""pending"": {""MELON"": 0, ""MILK"": 0, ""STRAWBERRY"": 0, ""WOOL"": 0}, ""step"": 664}, {""chosen"": {""STRAWBERRY"": 4}, ""pending"": {""MELON"": 0, ""MILK"": 0, ""STRAWBERRY"": 0, ""WOOL"": 0}, ""step"": 665}, {""chosen"": {""MILK"": 4}, ""pending"": {""MELON"": 0, ""MILK"": 0, ""STRAWBERRY"": 0, ""WOOL"": 0}, ""step"": 667}, {""chosen"": {""STRAWBERRY"": 8}, ""pending"": {""MELON"": 0, ""MILK"": 0, ""STRAWBERRY"": 0, ""WOOL"": 0}, ""step"": 668}, {""chosen"": {""STRAWBERRY"": 4}, ""pending"": {""MELON"": 0, ""MILK"": 0, ""STRAWBERRY"": 0, ""WOOL"": 0}, ""step"": 669}, {""chosen"": {""MILK"": 15}, ""pending"": {""MELON"": 0, ""MILK"": 0, ""STRAWBERRY"": 0, ""WOOL"": 0}, ""step"": 670}, {""chosen"": {""MILK"": 12}, ""pending"": {""MELON"": 0, ""MILK"": 0, ""STRAWBERRY"": 0, ""WOOL"": 0}, ""step"": 673}, {""chosen"": {""MILK"": 8}, ""pending"": {""MELON"": 0, ""MILK"": 0, ""STRAWBERRY"": 0, ""WOOL"": 0}, ""step"": 674}, {""chosen"": {""MILK"": 8}, ""pending"": {""MELON"": 0, ""MILK"": 0, ""STRAWBERRY"": 0, ""WOOL"": 0}, ""step"": 678}, {""chosen"": {""STRAWBERRY"": 3}, ""pending"": {""MELON"": 0, ""MILK"": 0, ""STRAWBERRY"": 0, ""WOOL"": 0}, ""step"": 681}, {""chosen"": {""STRAWBERRY"": 12}, ""pending"": {""MELON"": 0, ""MILK"": 0, ""STRAWBERRY"": 0, ""WOOL"": 0}, ""step"": 682}, {""chosen"": {""MILK"": 9, ""STRAWBERRY"": 3}, ""pending"": {""MELON"": 0, ""MILK"": 0, ""STRAWBERRY"": 0, ""WOOL"": 0}, ""step"": 685}, {""chosen"": {""MILK"": 13, ""STRAWBERRY"": 23}, ""pending"": {""MELON"": 0, ""MILK"": 0, ""STRAWBERRY"": 0, ""WOOL"": 0}, ""step"": 686}, {""chosen"": {""STRAWBERRY"": 3}, ""pending"": {""MELON"": 0, ""MILK"": 0, ""STRAWBERRY"": 0, ""WOOL"": 0}, ""step"": 688}, {""chosen"": {""STRAWBERRY"": 6}, ""pending"": {""MELON"": 0, ""MILK"": 0, ""STRAWBERRY"": 0, ""WOOL"": 0}, ""step"": 689}, {""chosen"": {""STRAWBERRY"": 14}, ""pending"": {""MELON"": 0, ""MILK"": 0, ""STRAWBERRY"": 0, ""WOOL"": 0}, ""step"": 690}, {""chosen"": {""STRAWBERRY"": 13}, ""pending"": {""MELON"": 0, ""MILK"": 0, ""STRAWBERRY"": 0, ""WOOL"": 0}, ""step"": 697}, {""chosen"": {""MILK"": 9}, ""pending"": {""MELON"": 0, ""MILK"": 0, ""STRAWBERRY"": 0, ""WOOL"": 0}, ""step"": 698}, {""chosen"": {""WOOL"": 22}, ""pending"": {""MELON"": 0, ""MILK"": 0, ""STRAWBERRY"": 0, ""WOOL"": 0}, ""step"": 699}, {""chosen"": {""MILK"": 11}, ""pending"": {""MELON"": 0, ""MILK"": 0, ""STRAWBERRY"": 0, ""WOOL"": 0}, ""step"": 702}, {""chosen"": {""MILK"": 3, ""WOOL"": 24}, ""pending"": {""MELON"": 0, ""MILK"": 0, ""STRAWBERRY"": 0, ""WOOL"": 0}, ""step"": 703}, {""chosen"": {""MELON"": 1}, ""pending"": {""MELON"": 0, ""MILK"": 0, ""STRAWBERRY"": 0, ""WOOL"": 0}, ""step"": 707}, {""chosen"": {""MELON"": 8, ""WOOL"": 12}, ""pending"": {""MELON"": 0, ""MILK"": 0, ""STRAWBERRY"": 0, ""WOOL"": 0}, ""step"": 709}, {""chosen"": {""MELON"": 3, ""MILK"": 9}, ""pending"": {""MELON"": 0, ""MILK"": 0, ""STRAWBERRY"": 0, ""WOOL"": 0}, ""step"": 710}, {""chosen"": {""MELON"": 1}, ""pending"": {""MELON"": 0, ""MILK"": 0, ""STRAWBERRY"": 0, ""WOOL"": 0}, ""step"": 711}, {""chosen"": {""MILK"": 12, ""WOOL"": 20}, ""pending"": {""MELON"": 0, ""MILK"": 0, ""STRAWBERRY"": 0, ""WOOL"": 0}, ""step"": 712}, {""chosen"": {""MELON"": 8, ""MILK"": 3, ""STRAWBERRY"": 6}, ""pending"": {""MELON"": 0, ""MILK"": 0, ""STRAWBERRY"": 0, ""WOOL"": 0}, ""step"": 713}, {""chosen"": {""MELON"": 3}, ""pending"": {""MELON"": 0, ""MILK"": 0, ""STRAWBERRY"": 0, ""WOOL"": 0}, ""step"": 714}, {""chosen"": {""MILK"": 3, ""WOOL"": 12}, ""pending"": {""MELON"": 0, ""MILK"": 0, ""STRAWBERRY"": 0, ""WOOL"": 0}, ""step"": 715}, {""chosen"": {""MILK"": 3}, ""pending"": {""MELON"": 0, ""MILK"": 0, ""STRAWBERRY"": 0, ""WOOL"": 0}, ""step"": 716}, {""chosen"": {""STRAWBERRY"": 3}, ""pending"": {""MELON"": 0, ""MILK"": 0, ""STRAWBERRY"": 0, ""WOOL"": 0}, ""step"": 717}]",0,0,66,66,0,38,0,199,199,0,91,0,96,96,0,38,0
1128153300,0,165862.0,167165.0,-1303.0,loss,DONE,DONE,1,3.907624800049234,0,0,0,0,719,0,0,0.0335,0.2113,6.177974000000018,11.8047,"{""BUILD_PASTURE"": 14, ""CARE"": 308, ""COLLECT_FERTILIZER"": 318, ""DIG"": 25, ""DROP"": 80, ""EAST"": 857, ""FEED"": 319, ""FERTILIZE"": 107, ""HARVEST"": 338, ""NORTH"": 1236, ""PASS"": 377, ""PICKUP"": 339, ""PLACE"": 27, ""PLANT"": 131, ""SOUTH"": 929, ""WATER"": 851, ""WEST"": 1098}","{""BUY_ANIMAL"": 14, ""BUY_LAND"": 2, ""BUY_PRODUCT"": 279, ""BUY_SEED"": 54, ""HIRE"": 306, ""SELL"": 480}","{""BUY_ANIMAL:COW"": 8, ""BUY_ANIMAL:SHEEP"": 6, ""BUY_PRODUCT:WHEAT"": 967, ""BUY_SEED:MELON"": 21, ""BUY_SEED:STRAWBERRY"": 44, ""BUY_SEED:WHEAT"": 66, ""SELL:CARROT"": 13, ""SELL:EGG"": 8, ""SELL:FERTILIZER"": 445, ""SELL:MELON"": 224, ""SELL:MILK"": 666, ""SELL:STRAWBERRY"": 636, ""SELL:TOMATO"": 4, ""SELL:WHEAT"": 1108, ""SELL:WOOL"": 373}",90114415,conservative,C:\Users\Administrator\Desktop\code\kaggriculture\baseline\history\v015a_market_collision\log\90114415.json,608,84,171,155,0,101,2,27,3,18,3,11,conservative,718,"{""MILK"": {""base"": 3, ""carried_value"": 747, ""chosen"": 3, ""deferred"": 0, ""gain"": 0.0, ""opponent_future"": 16.0, ""opponent_now"": 0.0, ""released"": 0, ""residual_value"": 0.0, ""step"": 716}, ""WOOL"": {""base"": 12, ""carried_value"": 2904, ""chosen"": 12, ""deferred"": 0, ""gain"": 0.0, ""opponent_future"": 6.6667, ""opponent_now"": 0.0, ""released"": 0, ""residual_value"": 0.0, ""step"": 715}}","{""MILK"": 0, ""WOOL"": 0}","[{""chosen"": {""WOOL"": 6}, ""pending"": {""WOOL"": 0}, ""step"": 280}, {""chosen"": {""WOOL"": 4}, ""pending"": {""WOOL"": 0}, ""step"": 365}, {""chosen"": {""MILK"": 15}, ""pending"": {""MILK"": 0, ""WOOL"": 0}, ""step"": 536}, {""chosen"": {""MILK"": 6}, ""pending"": {""MILK"": 0, ""WOOL"": 0}, ""step"": 607}, {""chosen"": {""WOOL"": 1}, ""pending"": {""MILK"": 0, ""WOOL"": 0}, ""step"": 625}, {""chosen"": {""WOOL"": 2}, ""pending"": {""MILK"": 0, ""WOOL"": 0}, ""step"": 627}, {""chosen"": {""MILK"": 0}, ""pending"": {""MILK"": 1, ""WOOL"": 0}, ""step"": 656}, {""chosen"": {""MILK"": 1, ""WOOL"": 1}, ""pending"": {""MILK"": 1, ""WOOL"": 0}, ""step"": 657}, {""chosen"": {""WOOL"": 1}, ""pending"": {""MILK"": 1, ""WOOL"": 0}, ""step"": 660}, {""chosen"": {""MILK"": 11, ""WOOL"": 1}, ""pending"": {""MILK"": 0, ""WOOL"": 0}, ""step"": 661}, {""chosen"": {""MILK"": 4}, ""pending"": {""MILK"": 0, ""WOOL"": 0}, ""step"": 667}, {""chosen"": {""MILK"": 15}, ""pending"": {""MILK"": 0, ""WOOL"": 0}, ""step"": 670}, {""chosen"": {""MILK"": 12}, ""pending"": {""MILK"": 0, ""WOOL"": 0}, ""step"": 673}, {""chosen"": {""MILK"": 8}, ""pending"": {""MILK"": 0, ""WOOL"": 0}, ""step"": 674}, {""chosen"": {""MILK"": 8}, ""pending"": {""MILK"": 0, ""WOOL"": 0}, ""step"": 678}, {""chosen"": {""MILK"": 9}, ""pending"": {""MILK"": 0, ""WOOL"": 0}, ""step"": 685}, {""chosen"": {""MILK"": 13}, ""pending"": {""MILK"": 0, ""WOOL"": 0}, ""step"": 686}, {""chosen"": {""MILK"": 9}, ""pending"": {""MILK"": 0, ""WOOL"": 0}, ""step"": 698}, {""chosen"": {""WOOL"": 22}, ""pending"": {""MILK"": 0, ""WOOL"": 0}, ""step"": 699}, {""chosen"": {""MILK"": 11}, ""pending"": {""MILK"": 0, ""WOOL"": 0}, ""step"": 702}, {""chosen"": {""MILK"": 3, ""WOOL"": 24}, ""pending"": {""MILK"": 0, ""WOOL"": 0}, ""step"": 703}, {""chosen"": {""WOOL"": 12}, ""pending"": {""MILK"": 0, ""WOOL"": 0}, ""step"": 709}, {""chosen"": {""MILK"": 9}, ""pending"": {""MILK"": 0, ""WOOL"": 0}, ""step"": 710}, {""chosen"": {""MILK"": 12, ""WOOL"": 20}, ""pending"": {""MILK"": 0, ""WOOL"": 0}, ""step"": 712}, {""chosen"": {""MILK"": 3}, ""pending"": {""MILK"": 0, ""WOOL"": 0}, ""step"": 713}, {""chosen"": {""MILK"": 3, ""WOOL"": 12}, ""pending"": {""MILK"": 0, ""WOOL"": 0}, ""step"": 715}, {""chosen"": {""MILK"": 3}, ""pending"": {""MILK"": 0, ""WOOL"": 0}, ""step"": 716}]",0,0,,,,,,,,,,,106,106,0,40,0
1997281353,0,143256.0,144028.0,-772.0,loss,DONE,DONE,1,3.856482299976051,0,0,0,0,719,0,0,0.0207,0.07455000000000002,0.16381800000000274,0.332,"{""BUILD_PASTURE"": 14, ""CARE"": 308, ""COLLECT_FERTILIZER"": 318, ""DIG"": 25, ""DROP"": 80, ""EAST"": 857, ""FEED"": 319, ""FERTILIZE"": 107, ""HARVEST"": 338, ""NORTH"": 1236, ""PASS"": 377, ""PICKUP"": 339, ""PLACE"": 27, ""PLANT"": 131, ""SOUTH"": 929, ""WATER"": 851, ""WEST"": 1098}","{""BUY_ANIMAL"": 14, ""BUY_LAND"": 2, ""BUY_PRODUCT"": 279, ""BUY_SEED"": 54, ""HIRE"": 306, ""SELL"": 450}","{""BUY_ANIMAL:COW"": 8, ""BUY_ANIMAL:SHEEP"": 6, ""BUY_PRODUCT:WHEAT"": 967, ""BUY_SEED:MELON"": 21, ""BUY_SEED:STRAWBERRY"": 44, ""BUY_SEED:WHEAT"": 66, ""SELL:CARROT"": 13, ""SELL:EGG"": 8, ""SELL:FERTILIZER"": 437, ""SELL:MELON"": 224, ""SELL:MILK"": 614, ""SELL:STRAWBERRY"": 567, ""SELL:TOMATO"": 4, ""SELL:WHEAT"": 1108, ""SELL:WOOL"": 354}",90120538,control,C:\Users\Administrator\Desktop\code\kaggriculture\baseline\history\v015a_market_collision\log\90120538.json,,,,,,,,,,,,,,,,,,,,,,,,,,,,,,,,,,
1997281353,0,143256.0,144028.0,-772.0,loss,DONE,DONE,1,4.116184599988628,0,0,0,0,719,0,0,0.0339,0.22469000000000033,5.470792000000001,8.3929,"{""BUILD_PASTURE"": 14, ""CARE"": 308, ""COLLECT_FERTILIZER"": 318, ""DIG"": 25, ""DROP"": 80, ""EAST"": 857, ""FEED"": 319, ""FERTILIZE"": 107, ""HARVEST"": 338, ""NORTH"": 1236, ""PASS"": 377, ""PICKUP"": 339, ""PLACE"": 27, ""PLANT"": 131, ""SOUTH"": 929, ""WATER"": 851, ""WEST"": 1098}","{""BUY_ANIMAL"": 14, ""BUY_LAND"": 2, ""BUY_PRODUCT"": 279, ""BUY_SEED"": 54, ""HIRE"": 306, ""SELL"": 450}","{""BUY_ANIMAL:COW"": 8, ""BUY_ANIMAL:SHEEP"": 6, ""BUY_PRODUCT:WHEAT"": 967, ""BUY_SEED:MELON"": 21, ""BUY_SEED:STRAWBERRY"": 44, ""BUY_SEED:WHEAT"": 66, ""SELL:CARROT"": 13, ""SELL:EGG"": 8, ""SELL:FERTILIZER"": 437, ""SELL:MELON"": 224, ""SELL:MILK"": 614, ""SELL:STRAWBERRY"": 567, ""SELL:TOMATO"": 4, ""SELL:WHEAT"": 1108, ""SELL:WOOL"": 354}",90120538,balanced,C:\Users\Administrator\Desktop\code\kaggriculture\baseline\history\v015a_market_collision\log\90120538.json,650,41,255,255,0,109,0,28,,,,11,balanced,718,"{""MILK"": {""base"": 3, ""carried_value"": 786, ""chosen"": 3, ""deferred"": 0, ""gain"": 0.0, ""opponent_future"": 14.0, ""opponent_now"": 0.0, ""released"": 0, ""residual_value"": 0.0, ""step"": 716}}","{""MILK"": 0}","[{""chosen"": {""MILK"": 9}, ""pending"": {""MILK"": 0}, ""step"": 293}, {""chosen"": {""MILK"": 9}, ""pending"": {""MILK"": 0}, ""step"": 366}, {""chosen"": {""MILK"": 9}, ""pending"": {""MILK"": 0}, ""step"": 386}, {""chosen"": {""MILK"": 3}, ""pending"": {""MILK"": 0}, ""step"": 442}, {""chosen"": {""MILK"": 15}, ""pending"": {""MILK"": 0}, ""step"": 536}, {""chosen"": {""MILK"": 24}, ""pending"": {""MILK"": 0}, ""step"": 541}, {""chosen"": {""MILK"": 1}, ""pending"": {""MILK"": 0}, ""step"": 569}, {""chosen"": {""MILK"": 6}, ""pending"": {""MILK"": 0}, ""step"": 607}, {""chosen"": {""MILK"": 14}, ""pending"": {""MILK"": 0}, ""step"": 617}, {""chosen"": {""MILK"": 15}, ""pending"": {""MILK"": 0}, ""step"": 633}, {""chosen"": {""MILK"": 9}, ""pending"": {""MILK"": 0}, ""step"": 656}, {""chosen"": {""MILK"": 9}, ""pending"": {""MILK"": 0}, ""step"": 657}, {""chosen"": {""MILK"": 10}, ""pending"": {""MILK"": 0}, ""step"": 661}, {""chosen"": {""MILK"": 4}, ""pending"": {""MILK"": 0}, ""step"": 667}, {""chosen"": {""MILK"": 15}, ""pending"": {""MILK"": 0}, ""step"": 670}, {""chosen"": {""MILK"": 12}, ""pending"": {""MILK"": 0}, ""step"": 673}, {""chosen"": {""MILK"": 8}, ""pending"": {""MILK"": 0}, ""step"": 674}, {""chosen"": {""MILK"": 8}, ""pending"": {""MILK"": 0}, ""step"": 678}, {""chosen"": {""MILK"": 9}, ""pending"": {""MILK"": 0}, ""step"": 685}, {""chosen"": {""MILK"": 13}, ""pending"": {""MILK"": 0}, ""step"": 686}, {""chosen"": {""MILK"": 9}, ""pending"": {""MILK"": 0}, ""step"": 698}, {""chosen"": {""MILK"": 11}, ""pending"": {""MILK"": 0}, ""step"": 702}, {""chosen"": {""MILK"": 3}, ""pending"": {""MILK"": 0}, ""step"": 703}, {""chosen"": {""MILK"": 9}, ""pending"": {""MILK"": 0}, ""step"": 710}, {""chosen"": {""MILK"": 12}, ""pending"": {""MILK"": 0}, ""step"": 712}, {""chosen"": {""MILK"": 3}, ""pending"": {""MILK"": 0}, ""step"": 713}, {""chosen"": {""MILK"": 3}, ""pending"": {""MILK"": 0}, ""step"": 715}, {""chosen"": {""MILK"": 3}, ""pending"": {""MILK"": 0}, ""step"": 716}]",0,0,,,,,,,,,,,,,,,
1997281353,0,143397.0,144055.0,-658.0,loss,DONE,DONE,1,4.00498259998858,0,0,0,0,719,0,0,0.0376,3.031370000000003,7.265716000000021,14.0577,"{""BUILD_PASTURE"": 14, ""CARE"": 308, ""COLLECT_FERTILIZER"": 318, ""DIG"": 25, ""DROP"": 80, ""EAST"": 857, ""FEED"": 319, ""FERTILIZE"": 107, ""HARVEST"": 338, ""NORTH"": 1236, ""PASS"": 377, ""PICKUP"": 339, ""PLACE"": 27, ""PLANT"": 131, ""SOUTH"": 929, ""WATER"": 851, ""WEST"": 1098}","{""BUY_ANIMAL"": 14, ""BUY_LAND"": 2, ""BUY_PRODUCT"": 279, ""BUY_SEED"": 54, ""HIRE"": 306, ""SELL"": 448}","{""BUY_ANIMAL:COW"": 8, ""BUY_ANIMAL:SHEEP"": 6, ""BUY_PRODUCT:WHEAT"": 967, ""BUY_SEED:MELON"": 21, ""BUY_SEED:STRAWBERRY"": 44, ""BUY_SEED:WHEAT"": 66, ""SELL:CARROT"": 13, ""SELL:EGG"": 8, ""SELL:FERTILIZER"": 437, ""SELL:MELON"": 224, ""SELL:MILK"": 614, ""SELL:STRAWBERRY"": 556, ""SELL:TOMATO"": 4, ""SELL:WHEAT"": 1108, ""SELL:WOOL"": 333}",90120538,sensitive,C:\Users\Administrator\Desktop\code\kaggriculture\baseline\history\v015a_market_collision\log\90120538.json,546,112,188,188,0,103,0,61,11,38,10,11,sensitive,718,"{""MELON"": {""base"": 3, ""carried_value"": 0, ""chosen"": 3, ""deferred"": 0, ""gain"": 0.0, ""opponent_future"": 0.0, ""opponent_now"": 0.0, ""released"": 0, ""residual_value"": 0.0, ""step"": 714}, ""MILK"": {""base"": 3, ""carried_value"": 786, ""chosen"": 3, ""deferred"": 0, ""gain"": 0.0, ""opponent_future"": 14.0, ""opponent_now"": 0.0, ""released"": 0, ""residual_value"": 0.0, ""step"": 716}, ""STRAWBERRY"": {""base"": 3, ""carried_value"": 639, ""chosen"": 3, ""deferred"": 0, ""gain"": 0.0, ""opponent_future"": 0.0, ""opponent_now"": 0.0, ""released"": 0, ""residual_value"": 0.0, ""step"": 717}, ""WOOL"": {""base"": 12, ""carried_value"": 2772, ""chosen"": 12, ""deferred"": 0, ""gain"": 0.0, ""opponent_future"": 6.6667, ""opponent_now"": 0.0, ""released"": 0, ""residual_value"": 0.0, ""step"": 715}}","{""MELON"": 0, ""MILK"": 0, ""STRAWBERRY"": 0, ""WOOL"": 0}","[{""chosen"": {""MELON"": 16}, ""pending"": {""MELON"": 0}, ""step"": 259}, {""chosen"": {""STRAWBERRY"": 4}, ""pending"": {""MELON"": 0, ""STRAWBERRY"": 0}, ""step"": 269}, {""chosen"": {""STRAWBERRY"": 6}, ""pending"": {""MELON"": 0, ""STRAWBERRY"": 0}, ""step"": 292}, {""chosen"": {""WOOL"": 6}, ""pending"": {""MELON"": 0, ""STRAWBERRY"": 0, ""WOOL"": 0}, ""step"": 354}, {""chosen"": {""WOOL"": 7}, ""pending"": {""MELON"": 0, ""STRAWBERRY"": 0, ""WOOL"": 0}, ""step"": 358}, {""chosen"": {""MELON"": 6, ""STRAWBERRY"": 4}, ""pending"": {""MELON"": 0, ""STRAWBERRY"": 0, ""WOOL"": 0}, ""step"": 359}, {""chosen"": {""MELON"": 7}, ""pending"": {""MELON"": 0, ""STRAWBERRY"": 0, ""WOOL"": 0}, ""step"": 362}, {""chosen"": {""MILK"": 9, ""WOOL"": 4}, ""pending"": {""MELON"": 0, ""MILK"": 0, ""STRAWBERRY"": 0, ""WOOL"": 0}, ""step"": 366}, {""chosen"": {""MILK"": 9}, ""pending"": {""MELON"": 0, ""MILK"": 0, ""STRAWBERRY"": 0, ""WOOL"": 0}, ""step"": 386}, {""chosen"": {""WOOL"": 3}, ""pending"": {""MELON"": 0, ""MILK"": 0, ""STRAWBERRY"": 0, ""WOOL"": 0}, ""step"": 424}, {""chosen"": {""WOOL"": 2}, ""pending"": {""MELON"": 0, ""MILK"": 0, ""STRAWBERRY"": 0, ""WOOL"": 0}, ""step"": 449}, {""chosen"": {""STRAWBERRY"": 10}, ""pending"": {""MELON"": 0, ""MILK"": 0, ""STRAWBERRY"": 0, ""WOOL"": 0}, ""step"": 471}, {""chosen"": {""MELON"": 10, ""STRAWBERRY"": 2}, ""pending"": {""MELON"": 0, ""MILK"": 0, ""STRAWBERRY"": 0, ""WOOL"": 0}, ""step"": 527}, {""chosen"": {""STRAWBERRY"": 14}, ""pending"": {""MELON"": 0, ""MILK"": 0, ""STRAWBERRY"": 0, ""WOOL"": 0}, ""step"": 528}, {""chosen"": {""WOOL"": 24}, ""pending"": {""MELON"": 0, ""MILK"": 0, ""STRAWBERRY"": 0, ""WOOL"": 0}, ""step"": 538}, {""chosen"": {""MELON"": 6}, ""pending"": {""MELON"": 0, ""MILK"": 0, ""STRAWBERRY"": 0, ""WOOL"": 0}, ""step"": 563}, {""chosen"": {""MELON"": 9}, ""pending"": {""MELON"": 0, ""MILK"": 0, ""STRAWBERRY"": 0, ""WOOL"": 0}, ""step"": 567}, {""chosen"": {""MELON"": 8, ""STRAWBERRY"": 35}, ""pending"": {""MELON"": 0, ""MILK"": 0, ""STRAWBERRY"": 0, ""WOOL"": 0}, ""step"": 578}, {""chosen"": {""STRAWBERRY"": 21}, ""pending"": {""MELON"": 0, ""MILK"": 0, ""STRAWBERRY"": 0, ""WOOL"": 0}, ""step"": 600}, {""chosen"": {""MILK"": 6}, ""pending"": {""MELON"": 0, ""MILK"": 0, ""STRAWBERRY"": 0, ""WOOL"": 0}, ""step"": 607}, {""chosen"": {""WOOL"": 2}, ""pending"": {""MELON"": 0, ""MILK"": 0, ""STRAWBERRY"": 0, ""WOOL"": 1}, ""step"": 616}, {""chosen"": {""MILK"": 14, ""STRAWBERRY"": 6, ""WOOL"": 10}, ""pending"": {""MELON"": 0, ""MILK"": 0, ""STRAWBERRY"": 0, ""WOOL"": 0}, ""step"": 617}, {""chosen"": {""MELON"": 6, ""WOOL"": 1}, ""pending"": {""MELON"": 0, ""MILK"": 0, ""STRAWBERRY"": 0, ""WOOL"": 0}, ""step"": 625}, {""chosen"": {""WOOL"": 2}, ""pending"": {""MELON"": 0, ""MILK"": 0, ""STRAWBERRY"": 0, ""WOOL"": 0}, ""step"": 627}, {""chosen"": {""MELON"": 6}, ""pending"": {""MELON"": 0, ""MILK"": 0, ""STRAWBERRY"": 0, ""WOOL"": 0}, ""step"": 649}, {""chosen"": {""MILK"": 9}, ""pending"": {""MELON"": 0, ""MILK"": 0, ""STRAWBERRY"": 0, ""WOOL"": 0}, ""step"": 656}, {""chosen"": {""MILK"": 9, ""STRAWBERRY"": 0, ""WOOL"": 0}, ""pending"": {""MELON"": 0, ""MILK"": 0, ""STRAWBERRY"": 1, ""WOOL"": 1}, ""step"": 657}, {""chosen"": {""WOOL"": 1}, ""pending"": {""MELON"": 0, ""MILK"": 0, ""STRAWBERRY"": 1, ""WOOL"": 1}, ""step"": 660}, {""chosen"": {""MILK"": 10, ""STRAWBERRY"": 1, ""WOOL"": 1}, ""pending"": {""MELON"": 0, ""MILK"": 0, ""STRAWBERRY"": 1, ""WOOL"": 1}, ""step"": 661}, {""chosen"": {""STRAWBERRY"": 1}, ""pending"": {""MELON"": 0, ""MILK"": 0, ""STRAWBERRY"": 1, ""WOOL"": 1}, ""step"": 663}, {""chosen"": {""STRAWBERRY"": 10}, ""pending"": {""MELON"": 0, ""MILK"": 0, ""STRAWBERRY"": 1, ""WOOL"": 1}, ""step"": 664}, {""chosen"": {""STRAWBERRY"": 3}, ""pending"": {""MELON"": 0, ""MILK"": 0, ""STRAWBERRY"": 1, ""WOOL"": 1}, ""step"": 665}, {""chosen"": {""MILK"": 4}, ""pending"": {""MELON"": 0, ""MILK"": 0, ""STRAWBERRY"": 1, ""WOOL"": 1}, ""step"": 667}, {""chosen"": {""STRAWBERRY"": 9}, ""pending"": {""MELON"": 0, ""MILK"": 0, ""STRAWBERRY"": 0, ""WOOL"": 1}, ""step"": 668}, {""chosen"": {""STRAWBERRY"": 4}, ""pending"": {""MELON"": 0, ""MILK"": 0, ""STRAWBERRY"": 0, ""WOOL"": 1}, ""step"": 669}, {""chosen"": {""MILK"": 15}, ""pending"": {""MELON"": 0, ""MILK"": 0, ""STRAWBERRY"": 0, ""WOOL"": 1}, ""step"": 670}, {""chosen"": {""MILK"": 12}, ""pending"": {""MELON"": 0, ""MILK"": 0, ""STRAWBERRY"": 0, ""WOOL"": 1}, ""step"": 673}, {""chosen"": {""MILK"": 8}, ""pending"": {""MELON"": 0, ""MILK"": 0, ""STRAWBERRY"": 0, ""WOOL"": 1}, ""step"": 674}, {""chosen"": {""MILK"": 8}, ""pending"": {""MELON"": 0, ""MILK"": 0, ""STRAWBERRY"": 0, ""WOOL"": 1}, ""step"": 678}, {""chosen"": {""STRAWBERRY"": 3}, ""pending"": {""MELON"": 0, ""MILK"": 0, ""STRAWBERRY"": 0, ""WOOL"": 1}, ""step"": 681}, {""chosen"": {""STRAWBERRY"": 12}, ""pending"": {""MELON"": 0, ""MILK"": 0, ""STRAWBERRY"": 0, ""WOOL"": 1}, ""step"": 682}, {""chosen"": {""MILK"": 9, ""STRAWBERRY"": 3}, ""pending"": {""MELON"": 0, ""MILK"": 0, ""STRAWBERRY"": 0, ""WOOL"": 1}, ""step"": 685}, {""chosen"": {""MILK"": 13, ""STRAWBERRY"": 23}, ""pending"": {""MELON"": 0, ""MILK"": 0, ""STRAWBERRY"": 0, ""WOOL"": 1}, ""step"": 686}, {""chosen"": {""STRAWBERRY"": 3}, ""pending"": {""MELON"": 0, ""MILK"": 0, ""STRAWBERRY"": 0, ""WOOL"": 1}, ""step"": 688}, {""chosen"": {""STRAWBERRY"": 6}, ""pending"": {""MELON"": 0, ""MILK"": 0, ""STRAWBERRY"": 0, ""WOOL"": 1}, ""step"": 689}, {""chosen"": {""STRAWBERRY"": 14}, ""pending"": {""MELON"": 0, ""MILK"": 0, ""STRAWBERRY"": 0, ""WOOL"": 1}, ""step"": 690}, {""chosen"": {""STRAWBERRY"": 13}, ""pending"": {""MELON"": 0, ""MILK"": 0, ""STRAWBERRY"": 0, ""WOOL"": 1}, ""step"": 697}, {""chosen"": {""MILK"": 9}, ""pending"": {""MELON"": 0, ""MILK"": 0, ""STRAWBERRY"": 0, ""WOOL"": 1}, ""step"": 698}, {""chosen"": {""WOOL"": 1}, ""pending"": {""MELON"": 0, ""MILK"": 0, ""STRAWBERRY"": 0, ""WOOL"": 1}, ""step"": 699}, {""chosen"": {""MILK"": 11}, ""pending"": {""MELON"": 0, ""MILK"": 0, ""STRAWBERRY"": 0, ""WOOL"": 1}, ""step"": 702}, {""chosen"": {""MILK"": 3, ""WOOL"": 25}, ""pending"": {""MELON"": 0, ""MILK"": 0, ""STRAWBERRY"": 0, ""WOOL"": 0}, ""step"": 703}, {""chosen"": {""MELON"": 1}, ""pending"": {""MELON"": 0, ""MILK"": 0, ""STRAWBERRY"": 0, ""WOOL"": 0}, ""step"": 707}, {""chosen"": {""MELON"": 8, ""WOOL"": 12}, ""pending"": {""MELON"": 0, ""MILK"": 0, ""STRAWBERRY"": 0, ""WOOL"": 0}, ""step"": 709}, {""chosen"": {""MELON"": 3, ""MILK"": 9}, ""pending"": {""MELON"": 0, ""MILK"": 0, ""STRAWBERRY"": 0, ""WOOL"": 0}, ""step"": 710}, {""chosen"": {""MELON"": 1}, ""pending"": {""MELON"": 0, ""MILK"": 0, ""STRAWBERRY"": 0, ""WOOL"": 0}, ""step"": 711}, {""chosen"": {""MILK"": 12, ""WOOL"": 20}, ""pending"": {""MELON"": 0, ""MILK"": 0, ""STRAWBERRY"": 0, ""WOOL"": 0}, ""step"": 712}, {""chosen"": {""MELON"": 8, ""MILK"": 3, ""STRAWBERRY"": 6}, ""pending"": {""MELON"": 0, ""MILK"": 0, ""STRAWBERRY"": 0, ""WOOL"": 0}, ""step"": 713}, {""chosen"": {""MELON"": 3}, ""pending"": {""MELON"": 0, ""MILK"": 0, ""STRAWBERRY"": 0, ""WOOL"": 0}, ""step"": 714}, {""chosen"": {""MILK"": 3, ""WOOL"": 12}, ""pending"": {""MELON"": 0, ""MILK"": 0, ""STRAWBERRY"": 0, ""WOOL"": 0}, ""step"": 715}, {""chosen"": {""MILK"": 3}, ""pending"": {""MELON"": 0, ""MILK"": 0, ""STRAWBERRY"": 0, ""WOOL"": 0}, ""step"": 716}, {""chosen"": {""STRAWBERRY"": 3}, ""pending"": {""MELON"": 0, ""MILK"": 0, ""STRAWBERRY"": 0, ""WOOL"": 0}, ""step"": 717}]",0,0,98,98,0,42,0,227,216,0,96,5,154,133,0,53,5
1997281353,0,143336.0,144055.0,-719.0,loss,DONE,DONE,1,4.069487000000663,0,0,0,0,719,0,0,0.0361,1.2355400000000005,5.986138000000005,9.9959,"{""BUILD_PASTURE"": 14, ""CARE"": 308, ""COLLECT_FERTILIZER"": 318, ""DIG"": 25, ""DROP"": 80, ""EAST"": 857, ""FEED"": 319, ""FERTILIZE"": 107, ""HARVEST"": 338, ""NORTH"": 1236, ""PASS"": 377, ""PICKUP"": 339, ""PLACE"": 27, ""PLANT"": 131, ""SOUTH"": 929, ""WATER"": 851, ""WEST"": 1098}","{""BUY_ANIMAL"": 14, ""BUY_LAND"": 2, ""BUY_PRODUCT"": 279, ""BUY_SEED"": 54, ""HIRE"": 306, ""SELL"": 449}","{""BUY_ANIMAL:COW"": 8, ""BUY_ANIMAL:SHEEP"": 6, ""BUY_PRODUCT:WHEAT"": 967, ""BUY_SEED:MELON"": 21, ""BUY_SEED:STRAWBERRY"": 44, ""BUY_SEED:WHEAT"": 66, ""SELL:CARROT"": 13, ""SELL:EGG"": 8, ""SELL:FERTILIZER"": 437, ""SELL:MELON"": 224, ""SELL:MILK"": 614, ""SELL:STRAWBERRY"": 567, ""SELL:TOMATO"": 4, ""SELL:WHEAT"": 1108, ""SELL:WOOL"": 333}",90120538,conservative,C:\Users\Administrator\Desktop\code\kaggriculture\baseline\history\v015a_market_collision\log\90120538.json,621,61,211,211,0,106,0,37,3,23,3,11,conservative,718,"{""MILK"": {""base"": 3, ""carried_value"": 786, ""chosen"": 3, ""deferred"": 0, ""gain"": 0.0, ""opponent_future"": 14.0, ""opponent_now"": 0.0, ""released"": 0, ""residual_value"": 0.0, ""step"": 716}, ""WOOL"": {""base"": 12, ""carried_value"": 2772, ""chosen"": 12, ""deferred"": 0, ""gain"": 0.0, ""opponent_future"": 6.6667, ""opponent_now"": 0.0, ""released"": 0, ""residual_value"": 0.0, ""step"": 715}}","{""MILK"": 0, ""WOOL"": 0}","[{""chosen"": {""WOOL"": 6}, ""pending"": {""WOOL"": 0}, ""step"": 280}, {""chosen"": {""MILK"": 9}, ""pending"": {""MILK"": 0, ""WOOL"": 0}, ""step"": 293}, {""chosen"": {""WOOL"": 6}, ""pending"": {""MILK"": 0, ""WOOL"": 0}, ""step"": 354}, {""chosen"": {""WOOL"": 7}, ""pending"": {""MILK"": 0, ""WOOL"": 0}, ""step"": 358}, {""chosen"": {""WOOL"": 4}, ""pending"": {""MILK"": 0, ""WOOL"": 0}, ""step"": 365}, {""chosen"": {""MILK"": 9, ""WOOL"": 4}, ""pending"": {""MILK"": 0, ""WOOL"": 0}, ""step"": 366}, {""chosen"": {""MILK"": 9}, ""pending"": {""MILK"": 0, ""WOOL"": 0}, ""step"": 386}, {""chosen"": {""WOOL"": 3}, ""pending"": {""MILK"": 0, ""WOOL"": 0}, ""step"": 424}, {""chosen"": {""MILK"": 12}, ""pending"": {""MILK"": 0, ""WOOL"": 0}, ""step"": 475}, {""chosen"": {""MILK"": 15}, ""pending"": {""MILK"": 0, ""WOOL"": 0}, ""step"": 536}, {""chosen"": {""WOOL"": 24}, ""pending"": {""MILK"": 0, ""WOOL"": 0}, ""step"": 538}, {""chosen"": {""MILK"": 1}, ""pending"": {""MILK"": 0, ""WOOL"": 0}, ""step"": 569}, {""chosen"": {""MILK"": 6}, ""pending"": {""MILK"": 0, ""WOOL"": 0}, ""step"": 607}, {""chosen"": {""WOOL"": 3}, ""pending"": {""MILK"": 0, ""WOOL"": 0}, ""step"": 616}, {""chosen"": {""WOOL"": 1}, ""pending"": {""MILK"": 0, ""WOOL"": 0}, ""step"": 625}, {""chosen"": {""WOOL"": 2}, ""pending"": {""MILK"": 0, ""WOOL"": 0}, ""step"": 627}, {""chosen"": {""MILK"": 9}, ""pending"": {""MILK"": 0, ""WOOL"": 0}, ""step"": 656}, {""chosen"": {""MILK"": 9, ""WOOL"": 0}, ""pending"": {""MILK"": 0, ""WOOL"": 1}, ""step"": 657}, {""chosen"": {""WOOL"": 1}, ""pending"": {""MILK"": 0, ""WOOL"": 1}, ""step"": 660}, {""chosen"": {""MILK"": 10, ""WOOL"": 1}, ""pending"": {""MILK"": 0, ""WOOL"": 1}, ""step"": 661}, {""chosen"": {""MILK"": 4}, ""pending"": {""MILK"": 0, ""WOOL"": 1}, ""step"": 667}, {""chosen"": {""MILK"": 15}, ""pending"": {""MILK"": 0, ""WOOL"": 1}, ""step"": 670}, {""chosen"": {""MILK"": 12}, ""pending"": {""MILK"": 0, ""WOOL"": 1}, ""step"": 673}, {""chosen"": {""MILK"": 8}, ""pending"": {""MILK"": 0, ""WOOL"": 1}, ""step"": 674}, {""chosen"": {""MILK"": 8}, ""pending"": {""MILK"": 0, ""WOOL"": 1}, ""step"": 678}, {""chosen"": {""MILK"": 9}, ""pending"": {""MILK"": 0, ""WOOL"": 1}, ""step"": 685}, {""chosen"": {""MILK"": 13}, ""pending"": {""MILK"": 0, ""WOOL"": 1}, ""step"": 686}, {""chosen"": {""MILK"": 9}, ""pending"": {""MILK"": 0, ""WOOL"": 1}, ""step"": 698}, {""chosen"": {""WOOL"": 1}, ""pending"": {""MILK"": 0, ""WOOL"": 1}, ""step"": 699}, {""chosen"": {""MILK"": 11}, ""pending"": {""MILK"": 0, ""WOOL"": 1}, ""step"": 702}, {""chosen"": {""MILK"": 3, ""WOOL"": 25}, ""pending"": {""MILK"": 0, ""WOOL"": 0}, ""step"": 703}, {""chosen"": {""WOOL"": 12}, ""pending"": {""MILK"": 0, ""WOOL"": 0}, ""step"": 709}, {""chosen"": {""MILK"": 9}, ""pending"": {""MILK"": 0, ""WOOL"": 0}, ""step"": 710}, {""chosen"": {""MILK"": 12, ""WOOL"": 20}, ""pending"": {""MILK"": 0, ""WOOL"": 0}, ""step"": 712}, {""chosen"": {""MILK"": 3}, ""pending"": {""MILK"": 0, ""WOOL"": 0}, ""step"": 713}, {""chosen"": {""MILK"": 3, ""WOOL"": 12}, ""pending"": {""MILK"": 0, ""WOOL"": 0}, ""step"": 715}, {""chosen"": {""MILK"": 3}, ""pending"": {""MILK"": 0, ""WOOL"": 0}, ""step"": 716}]",0,0,,,,,,,,,,,153,132,0,53,4
301142260,1,151436.0,153513.0,-2077.0,loss,DONE,DONE,1,3.6906983999651857,0,0,0,0,719,0,0,0.0194,0.05971000000000005,0.11581000000000002,0.4736,"{""BUILD_PASTURE"": 14, ""CARE"": 308, ""COLLECT_FERTILIZER"": 318, ""DIG"": 25, ""DROP"": 80, ""EAST"": 857, ""FEED"": 319, ""FERTILIZE"": 107, ""HARVEST"": 338, ""NORTH"": 1236, ""PASS"": 377, ""PICKUP"": 339, ""PLACE"": 27, ""PLANT"": 131, ""SOUTH"": 929, ""WATER"": 851, ""WEST"": 1098}","{""BUY_ANIMAL"": 14, ""BUY_LAND"": 2, ""BUY_PRODUCT"": 279, ""BUY_SEED"": 54, ""HIRE"": 306, ""SELL"": 481}","{""BUY_ANIMAL:COW"": 8, ""BUY_ANIMAL:SHEEP"": 6, ""BUY_PRODUCT:WHEAT"": 967, ""BUY_SEED:MELON"": 21, ""BUY_SEED:STRAWBERRY"": 44, ""BUY_SEED:WHEAT"": 66, ""SELL:CARROT"": 13, ""SELL:EGG"": 8, ""SELL:FERTILIZER"": 445, ""SELL:MELON"": 224, ""SELL:MILK"": 682, ""SELL:STRAWBERRY"": 636, ""SELL:TOMATO"": 4, ""SELL:WHEAT"": 1108, ""SELL:WOOL"": 373}",90126604,control,C:\Users\Administrator\Desktop\code\kaggriculture\baseline\history\v015a_market_collision\log\90126604.json,,,,,,,,,,,,,,,,,,,,,,,,,,,,,,,,,,
301142260,1,151436.0,153513.0,-2077.0,loss,DONE,DONE,1,4.015552999975625,0,0,0,0,719,0,0,0.0332,0.1637,5.421502000000013,7.7562,"{""BUILD_PASTURE"": 14, ""CARE"": 308, ""COLLECT_FERTILIZER"": 318, ""DIG"": 25, ""DROP"": 80, ""EAST"": 857, ""FEED"": 319, ""FERTILIZE"": 107, ""HARVEST"": 338, ""NORTH"": 1236, ""PASS"": 377, ""PICKUP"": 339, ""PLACE"": 27, ""PLANT"": 131, ""SOUTH"": 929, ""WATER"": 851, ""WEST"": 1098}","{""BUY_ANIMAL"": 14, ""BUY_LAND"": 2, ""BUY_PRODUCT"": 279, ""BUY_SEED"": 54, ""HIRE"": 306, ""SELL"": 481}","{""BUY_ANIMAL:COW"": 8, ""BUY_ANIMAL:SHEEP"": 6, ""BUY_PRODUCT:WHEAT"": 967, ""BUY_SEED:MELON"": 21, ""BUY_SEED:STRAWBERRY"": 44, ""BUY_SEED:WHEAT"": 66, ""SELL:CARROT"": 13, ""SELL:EGG"": 8, ""SELL:FERTILIZER"": 445, ""SELL:MELON"": 224, ""SELL:MILK"": 682, ""SELL:STRAWBERRY"": 636, ""SELL:TOMATO"": 4, ""SELL:WHEAT"": 1108, ""SELL:WOOL"": 373}",90126604,balanced,C:\Users\Administrator\Desktop\code\kaggriculture\baseline\history\v015a_market_collision\log\90126604.json,642,53,208,208,0,105,0,24,,,,11,balanced,718,"{""MILK"": {""base"": 3, ""carried_value"": 807, ""chosen"": 3, ""deferred"": 0, ""gain"": 0.0, ""opponent_future"": 16.0, ""opponent_now"": 0.0, ""released"": 0, ""residual_value"": 0.0, ""step"": 716}}","{""MILK"": 0}","[{""chosen"": {""MILK"": 9}, ""pending"": {""MILK"": 0}, ""step"": 293}, {""chosen"": {""MILK"": 9}, ""pending"": {""MILK"": 0}, ""step"": 366}, {""chosen"": {""MILK"": 15}, ""pending"": {""MILK"": 0}, ""step"": 536}, {""chosen"": {""MILK"": 4}, ""pending"": {""MILK"": 0}, ""step"": 562}, {""chosen"": {""MILK"": 6}, ""pending"": {""MILK"": 0}, ""step"": 607}, {""chosen"": {""MILK"": 15}, ""pending"": {""MILK"": 0}, ""step"": 633}, {""chosen"": {""MILK"": 9}, ""pending"": {""MILK"": 0}, ""step"": 656}, {""chosen"": {""MILK"": 9}, ""pending"": {""MILK"": 0}, ""step"": 657}, {""chosen"": {""MILK"": 10}, ""pending"": {""MILK"": 0}, ""step"": 661}, {""chosen"": {""MILK"": 4}, ""pending"": {""MILK"": 0}, ""step"": 667}, {""chosen"": {""MILK"": 15}, ""pending"": {""MILK"": 0}, ""step"": 670}, {""chosen"": {""MILK"": 12}, ""pending"": {""MILK"": 0}, ""step"": 673}, {""chosen"": {""MILK"": 8}, ""pending"": {""MILK"": 0}, ""step"": 674}, {""chosen"": {""MILK"": 8}, ""pending"": {""MILK"": 0}, ""step"": 678}, {""chosen"": {""MILK"": 9}, ""pending"": {""MILK"": 0}, ""step"": 685}, {""chosen"": {""MILK"": 13}, ""pending"": {""MILK"": 0}, ""step"": 686}, {""chosen"": {""MILK"": 9}, ""pending"": {""MILK"": 0}, ""step"": 698}, {""chosen"": {""MILK"": 11}, ""pending"": {""MILK"": 0}, ""step"": 702}, {""chosen"": {""MILK"": 3}, ""pending"": {""MILK"": 0}, ""step"": 703}, {""chosen"": {""MILK"": 9}, ""pending"": {""MILK"": 0}, ""step"": 710}, {""chosen"": {""MILK"": 12}, ""pending"": {""MILK"": 0}, ""step"": 712}, {""chosen"": {""MILK"": 3}, ""pending"": {""MILK"": 0}, ""step"": 713}, {""chosen"": {""MILK"": 3}, ""pending"": {""MILK"": 0}, ""step"": 715}, {""chosen"": {""MILK"": 3}, ""pending"": {""MILK"": 0}, ""step"": 716}]",0,0,,,,,,,,,,,,,,,
301142260,1,151728.0,154009.0,-2281.0,loss,DONE,DONE,1,4.223233300028369,0,0,0,0,719,0,0,0.0352,3.0562899999999997,7.312034000000019,14.5308,"{""BUILD_PASTURE"": 14, ""CARE"": 308, ""COLLECT_FERTILIZER"": 318, ""DIG"": 25, ""DROP"": 80, ""EAST"": 857, ""FEED"": 319, ""FERTILIZE"": 107, ""HARVEST"": 338, ""NORTH"": 1236, ""PASS"": 377, ""PICKUP"": 339, ""PLACE"": 27, ""PLANT"": 131, ""SOUTH"": 929, ""WATER"": 851, ""WEST"": 1098}","{""BUY_ANIMAL"": 14, ""BUY_LAND"": 2, ""BUY_PRODUCT"": 279, ""BUY_SEED"": 54, ""HIRE"": 306, ""SELL"": 479}","{""BUY_ANIMAL:COW"": 8, ""BUY_ANIMAL:SHEEP"": 6, ""BUY_PRODUCT:WHEAT"": 967, ""BUY_SEED:MELON"": 21, ""BUY_SEED:STRAWBERRY"": 44, ""BUY_SEED:WHEAT"": 66, ""SELL:CARROT"": 13, ""SELL:EGG"": 8, ""SELL:FERTILIZER"": 445, ""SELL:MELON"": 224, ""SELL:MILK"": 682, ""SELL:STRAWBERRY"": 573, ""SELL:TOMATO"": 4, ""SELL:WHEAT"": 1108, ""SELL:WOOL"": 373}",90126604,sensitive,C:\Users\Administrator\Desktop\code\kaggriculture\baseline\history\v015a_market_collision\log\90126604.json,526,143,171,171,0,101,0,50,12,65,12,11,sensitive,718,"{""MELON"": {""base"": 3, ""carried_value"": 0, ""chosen"": 3, ""deferred"": 0, ""gain"": 0.0, ""opponent_future"": 0.0, ""opponent_now"": 0.0, ""released"": 0, ""residual_value"": 0.0, ""step"": 714}, ""MILK"": {""base"": 3, ""carried_value"": 810, ""chosen"": 3, ""deferred"": 0, ""gain"": 0.0, ""opponent_future"": 16.0, ""opponent_now"": 0.0, ""released"": 0, ""residual_value"": 0.0, ""step"": 716}, ""STRAWBERRY"": {""base"": 3, ""carried_value"": 576, ""chosen"": 3, ""deferred"": 0, ""gain"": 0.0, ""opponent_future"": 0.0, ""opponent_now"": 0.0, ""released"": 0, ""residual_value"": 0.0, ""step"": 717}, ""WOOL"": {""base"": 12, ""carried_value"": 2904, ""chosen"": 12, ""deferred"": 0, ""gain"": 0.0, ""opponent_future"": 6.6667, ""opponent_now"": 0.0, ""released"": 0, ""residual_value"": 0.0, ""step"": 715}}","{""MELON"": 0, ""MILK"": 0, ""STRAWBERRY"": 0, ""WOOL"": 0}","[{""chosen"": {""MELON"": 16}, ""pending"": {""MELON"": 0}, ""step"": 259}, {""chosen"": {""STRAWBERRY"": 4}, ""pending"": {""MELON"": 0, ""STRAWBERRY"": 0}, ""step"": 269}, {""chosen"": {""STRAWBERRY"": 14}, ""pending"": {""MELON"": 0, ""STRAWBERRY"": 0}, ""step"": 528}, {""chosen"": {""WOOL"": 8}, ""pending"": {""MELON"": 0, ""STRAWBERRY"": 0, ""WOOL"": 0}, ""step"": 552}, {""chosen"": {""MELON"": 6}, ""pending"": {""MELON"": 0, ""STRAWBERRY"": 0, ""WOOL"": 0}, ""step"": 563}, {""chosen"": {""MELON"": 8, ""STRAWBERRY"": 35}, ""pending"": {""MELON"": 0, ""STRAWBERRY"": 0, ""WOOL"": 0}, ""step"": 578}, {""chosen"": {""STRAWBERRY"": 21}, ""pending"": {""MELON"": 0, ""STRAWBERRY"": 0, ""WOOL"": 0}, ""step"": 600}, {""chosen"": {""MILK"": 6}, ""pending"": {""MELON"": 0, ""MILK"": 0, ""STRAWBERRY"": 0, ""WOOL"": 0}, ""step"": 607}, {""chosen"": {""STRAWBERRY"": 6}, ""pending"": {""MELON"": 0, ""MILK"": 0, ""STRAWBERRY"": 0, ""WOOL"": 0}, ""step"": 619}, {""chosen"": {""MELON"": 6}, ""pending"": {""MELON"": 0, ""MILK"": 0, ""STRAWBERRY"": 0, ""WOOL"": 0}, ""step"": 622}, {""chosen"": {""MELON"": 6, ""WOOL"": 1}, ""pending"": {""MELON"": 0, ""MILK"": 0, ""STRAWBERRY"": 0, ""WOOL"": 0}, ""step"": 625}, {""chosen"": {""WOOL"": 2}, ""pending"": {""MELON"": 0, ""MILK"": 0, ""STRAWBERRY"": 0, ""WOOL"": 0}, ""step"": 627}, {""chosen"": {""MILK"": 15, ""STRAWBERRY"": 20}, ""pending"": {""MELON"": 0, ""MILK"": 0, ""STRAWBERRY"": 0, ""WOOL"": 0}, ""step"": 633}, {""chosen"": {""MELON"": 6}, ""pending"": {""MELON"": 0, ""MILK"": 0, ""STRAWBERRY"": 0, ""WOOL"": 0}, ""step"": 649}, {""chosen"": {""MILK"": 9}, ""pending"": {""MELON"": 0, ""MILK"": 0, ""STRAWBERRY"": 0, ""WOOL"": 0}, ""step"": 656}, {""chosen"": {""MILK"": 9, ""STRAWBERRY"": 0, ""WOOL"": 1}, ""pending"": {""MELON"": 0, ""MILK"": 0, ""STRAWBERRY"": 1, ""WOOL"": 0}, ""step"": 657}, {""chosen"": {""WOOL"": 1}, ""pending"": {""MELON"": 0, ""MILK"": 0, ""STRAWBERRY"": 1, ""WOOL"": 0}, ""step"": 660}, {""chosen"": {""MILK"": 10, ""STRAWBERRY"": 1, ""WOOL"": 1}, ""pending"": {""MELON"": 0, ""MILK"": 0, ""STRAWBERRY"": 1, ""WOOL"": 0}, ""step"": 661}, {""chosen"": {""STRAWBERRY"": 1}, ""pending"": {""MELON"": 0, ""MILK"": 0, ""STRAWBERRY"": 1, ""WOOL"": 0}, ""step"": 663}, {""chosen"": {""STRAWBERRY"": 1}, ""pending"": {""MELON"": 0, ""MILK"": 0, ""STRAWBERRY"": 1, ""WOOL"": 0}, ""step"": 664}, {""chosen"": {""STRAWBERRY"": 1}, ""pending"": {""MELON"": 0, ""MILK"": 0, ""STRAWBERRY"": 1, ""WOOL"": 0}, ""step"": 665}, {""chosen"": {""MILK"": 4}, ""pending"": {""MELON"": 0, ""MILK"": 0, ""STRAWBERRY"": 1, ""WOOL"": 0}, ""step"": 667}, {""chosen"": {""STRAWBERRY"": 1}, ""pending"": {""MELON"": 0, ""MILK"": 0, ""STRAWBERRY"": 1, ""WOOL"": 0}, ""step"": 668}, {""chosen"": {""STRAWBERRY"": 1}, ""pending"": {""MELON"": 0, ""MILK"": 0, ""STRAWBERRY"": 1, ""WOOL"": 0}, ""step"": 669}, {""chosen"": {""MILK"": 15}, ""pending"": {""MELON"": 0, ""MILK"": 0, ""STRAWBERRY"": 1, ""WOOL"": 0}, ""step"": 670}, {""chosen"": {""MILK"": 12}, ""pending"": {""MELON"": 0, ""MILK"": 0, ""STRAWBERRY"": 1, ""WOOL"": 0}, ""step"": 673}, {""chosen"": {""MILK"": 8}, ""pending"": {""MELON"": 0, ""MILK"": 0, ""STRAWBERRY"": 1, ""WOOL"": 0}, ""step"": 674}, {""chosen"": {""MILK"": 8}, ""pending"": {""MELON"": 0, ""MILK"": 0, ""STRAWBERRY"": 1, ""WOOL"": 0}, ""step"": 678}, {""chosen"": {""STRAWBERRY"": 1}, ""pending"": {""MELON"": 0, ""MILK"": 0, ""STRAWBERRY"": 1, ""WOOL"": 0}, ""step"": 681}, {""chosen"": {""STRAWBERRY"": 1}, ""pending"": {""MELON"": 0, ""MILK"": 0, ""STRAWBERRY"": 1, ""WOOL"": 0}, ""step"": 682}, {""chosen"": {""MILK"": 9, ""STRAWBERRY"": 1}, ""pending"": {""MELON"": 0, ""MILK"": 0, ""STRAWBERRY"": 1, ""WOOL"": 0}, ""step"": 685}, {""chosen"": {""MILK"": 13, ""STRAWBERRY"": 7}, ""pending"": {""MELON"": 0, ""MILK"": 0, ""STRAWBERRY"": 1, ""WOOL"": 0}, ""step"": 686}, {""chosen"": {""STRAWBERRY"": 4}, ""pending"": {""MELON"": 0, ""MILK"": 0, ""STRAWBERRY"": 0, ""WOOL"": 0}, ""step"": 688}, {""chosen"": {""STRAWBERRY"": 6}, ""pending"": {""MELON"": 0, ""MILK"": 0, ""STRAWBERRY"": 0, ""WOOL"": 0}, ""step"": 689}, {""chosen"": {""STRAWBERRY"": 14}, ""pending"": {""MELON"": 0, ""MILK"": 0, ""STRAWBERRY"": 0, ""WOOL"": 0}, ""step"": 690}, {""chosen"": {""STRAWBERRY"": 13}, ""pending"": {""MELON"": 0, ""MILK"": 0, ""STRAWBERRY"": 0, ""WOOL"": 0}, ""step"": 697}, {""chosen"": {""MILK"": 9}, ""pending"": {""MELON"": 0, ""MILK"": 0, ""STRAWBERRY"": 0, ""WOOL"": 0}, ""step"": 698}, {""chosen"": {""WOOL"": 22}, ""pending"": {""MELON"": 0, ""MILK"": 0, ""STRAWBERRY"": 0, ""WOOL"": 0}, ""step"": 699}, {""chosen"": {""MILK"": 11}, ""pending"": {""MELON"": 0, ""MILK"": 0, ""STRAWBERRY"": 0, ""WOOL"": 0}, ""step"": 702}, {""chosen"": {""MILK"": 3, ""WOOL"": 24}, ""pending"": {""MELON"": 0, ""MILK"": 0, ""STRAWBERRY"": 0, ""WOOL"": 0}, ""step"": 703}, {""chosen"": {""MELON"": 1}, ""pending"": {""MELON"": 0, ""MILK"": 0, ""STRAWBERRY"": 0, ""WOOL"": 0}, ""step"": 707}, {""chosen"": {""MELON"": 8, ""WOOL"": 12}, ""pending"": {""MELON"": 0, ""MILK"": 0, ""STRAWBERRY"": 0, ""WOOL"": 0}, ""step"": 709}, {""chosen"": {""MELON"": 3, ""MILK"": 9}, ""pending"": {""MELON"": 0, ""MILK"": 0, ""STRAWBERRY"": 0, ""WOOL"": 0}, ""step"": 710}, {""chosen"": {""MELON"": 1}, ""pending"": {""MELON"": 0, ""MILK"": 0, ""STRAWBERRY"": 0, ""WOOL"": 0}, ""step"": 711}, {""chosen"": {""MILK"": 12, ""WOOL"": 20}, ""pending"": {""MELON"": 0, ""MILK"": 0, ""STRAWBERRY"": 0, ""WOOL"": 0}, ""step"": 712}, {""chosen"": {""MELON"": 8, ""MILK"": 3, ""STRAWBERRY"": 6}, ""pending"": {""MELON"": 0, ""MILK"": 0, ""STRAWBERRY"": 0, ""WOOL"": 0}, ""step"": 713}, {""chosen"": {""MELON"": 3}, ""pending"": {""MELON"": 0, ""MILK"": 0, ""STRAWBERRY"": 0, ""WOOL"": 0}, ""step"": 714}, {""chosen"": {""MILK"": 3, ""WOOL"": 12}, ""pending"": {""MELON"": 0, ""MILK"": 0, ""STRAWBERRY"": 0, ""WOOL"": 0}, ""step"": 715}, {""chosen"": {""MILK"": 3}, ""pending"": {""MELON"": 0, ""MILK"": 0, ""STRAWBERRY"": 0, ""WOOL"": 0}, ""step"": 716}, {""chosen"": {""STRAWBERRY"": 3}, ""pending"": {""MELON"": 0, ""MILK"": 0, ""STRAWBERRY"": 0, ""WOOL"": 0}, ""step"": 717}]",0,0,72,72,0,39,0,225,162,0,95,11,104,104,0,39,0
301142260,1,151436.0,153513.0,-2077.0,loss,DONE,DONE,1,3.9909618999809027,0,0,0,0,719,0,0,0.0384,0.24923000000000012,6.924982000000025,10.8316,"{""BUILD_PASTURE"": 14, ""CARE"": 308, ""COLLECT_FERTILIZER"": 318, ""DIG"": 25, ""DROP"": 80, ""EAST"": 857, ""FEED"": 319, ""FERTILIZE"": 107, ""HARVEST"": 338, ""NORTH"": 1236, ""PASS"": 377, ""PICKUP"": 339, ""PLACE"": 27, ""PLANT"": 131, ""SOUTH"": 929, ""WATER"": 851, ""WEST"": 1098}","{""BUY_ANIMAL"": 14, ""BUY_LAND"": 2, ""BUY_PRODUCT"": 279, ""BUY_SEED"": 54, ""HIRE"": 306, ""SELL"": 481}","{""BUY_ANIMAL:COW"": 8, ""BUY_ANIMAL:SHEEP"": 6, ""BUY_PRODUCT:WHEAT"": 967, ""BUY_SEED:MELON"": 21, ""BUY_SEED:STRAWBERRY"": 44, ""BUY_SEED:WHEAT"": 66, ""SELL:CARROT"": 13, ""SELL:EGG"": 8, ""SELL:FERTILIZER"": 445, ""SELL:MELON"": 224, ""SELL:MILK"": 682, ""SELL:STRAWBERRY"": 636, ""SELL:TOMATO"": 4, ""SELL:WHEAT"": 1108, ""SELL:WOOL"": 373}",90126604,conservative,C:\Users\Administrator\Desktop\code\kaggriculture\baseline\history\v015a_market_collision\log\90126604.json,608,82,186,186,0,102,0,29,,,,11,conservative,718,"{""MILK"": {""base"": 3, ""carried_value"": 807, ""chosen"": 3, ""deferred"": 0, ""gain"": 0.0, ""opponent_future"": 16.0, ""opponent_now"": 0.0, ""released"": 0, ""residual_value"": 0.0, ""step"": 716}, ""WOOL"": {""base"": 12, ""carried_value"": 2904, ""chosen"": 12, ""deferred"": 0, ""gain"": 0.0, ""opponent_future"": 6.6667, ""opponent_now"": 0.0, ""released"": 0, ""residual_value"": 0.0, ""step"": 715}}","{""MILK"": 0, ""WOOL"": 0}","[{""chosen"": {""WOOL"": 6}, ""pending"": {""WOOL"": 0}, ""step"": 280}, {""chosen"": {""WOOL"": 4}, ""pending"": {""WOOL"": 0}, ""step"": 365}, {""chosen"": {""MILK"": 15}, ""pending"": {""MILK"": 0, ""WOOL"": 0}, ""step"": 536}, {""chosen"": {""WOOL"": 8}, ""pending"": {""MILK"": 0, ""WOOL"": 0}, ""step"": 552}, {""chosen"": {""MILK"": 6}, ""pending"": {""MILK"": 0, ""WOOL"": 0}, ""step"": 607}, {""chosen"": {""WOOL"": 1}, ""pending"": {""MILK"": 0, ""WOOL"": 0}, ""step"": 625}, {""chosen"": {""WOOL"": 2}, ""pending"": {""MILK"": 0, ""WOOL"": 0}, ""step"": 627}, {""chosen"": {""MILK"": 15}, ""pending"": {""MILK"": 0, ""WOOL"": 0}, ""step"": 633}, {""chosen"": {""MILK"": 9}, ""pending"": {""MILK"": 0, ""WOOL"": 0}, ""step"": 656}, {""chosen"": {""MILK"": 9, ""WOOL"": 1}, ""pending"": {""MILK"": 0, ""WOOL"": 0}, ""step"": 657}, {""chosen"": {""WOOL"": 1}, ""pending"": {""MILK"": 0, ""WOOL"": 0}, ""step"": 660}, {""chosen"": {""MILK"": 10, ""WOOL"": 1}, ""pending"": {""MILK"": 0, ""WOOL"": 0}, ""step"": 661}, {""chosen"": {""MILK"": 4}, ""pending"": {""MILK"": 0, ""WOOL"": 0}, ""step"": 667}, {""chosen"": {""MILK"": 15}, ""pending"": {""MILK"": 0, ""WOOL"": 0}, ""step"": 670}, {""chosen"": {""MILK"": 12}, ""pending"": {""MILK"": 0, ""WOOL"": 0}, ""step"": 673}, {""chosen"": {""MILK"": 8}, ""pending"": {""MILK"": 0, ""WOOL"": 0}, ""step"": 674}, {""chosen"": {""MILK"": 8}, ""pending"": {""MILK"": 0, ""WOOL"": 0}, ""step"": 678}, {""chosen"": {""MILK"": 9}, ""pending"": {""MILK"": 0, ""WOOL"": 0}, ""step"": 685}, {""chosen"": {""MILK"": 13}, ""pending"": {""MILK"": 0, ""WOOL"": 0}, ""step"": 686}, {""chosen"": {""MILK"": 9}, ""pending"": {""MILK"": 0, ""WOOL"": 0}, ""step"": 698}, {""chosen"": {""WOOL"": 22}, ""pending"": {""MILK"": 0, ""WOOL"": 0}, ""step"": 699}, {""chosen"": {""MILK"": 11}, ""pending"": {""MILK"": 0, ""WOOL"": 0}, ""step"": 702}, {""chosen"": {""MILK"": 3, ""WOOL"": 24}, ""pending"": {""MILK"": 0, ""WOOL"": 0}, ""step"": 703}, {""chosen"": {""WOOL"": 12}, ""pending"": {""MILK"": 0, ""WOOL"": 0}, ""step"": 709}, {""chosen"": {""MILK"": 9}, ""pending"": {""MILK"": 0, ""WOOL"": 0}, ""step"": 710}, {""chosen"": {""MILK"": 12, ""WOOL"": 20}, ""pending"": {""MILK"": 0, ""WOOL"": 0}, ""step"": 712}, {""chosen"": {""MILK"": 3}, ""pending"": {""MILK"": 0, ""WOOL"": 0}, ""step"": 713}, {""chosen"": {""MILK"": 3, ""WOOL"": 12}, ""pending"": {""MILK"": 0, ""WOOL"": 0}, ""step"": 715}, {""chosen"": {""MILK"": 3}, ""pending"": {""MILK"": 0, ""WOOL"": 0}, ""step"": 716}]",0,0,,,,,,,,,,,114,114,0,41,0
678168934,0,128445.0,133273.0,-4828.0,loss,DONE,DONE,1,4.41275429999223,0,0,0,0,719,0,0,0.0274,0.07946000000000002,0.14671000000000003,0.3566,"{""BUILD_PASTURE"": 14, ""CARE"": 308, ""COLLECT_FERTILIZER"": 318, ""DIG"": 25, ""DROP"": 80, ""EAST"": 857, ""FEED"": 319, ""FERTILIZE"": 107, ""HARVEST"": 338, ""NORTH"": 1236, ""PASS"": 377, ""PICKUP"": 339, ""PLACE"": 27, ""PLANT"": 131, ""SOUTH"": 929, ""WATER"": 851, ""WEST"": 1098}","{""BUY_ANIMAL"": 14, ""BUY_LAND"": 2, ""BUY_PRODUCT"": 279, ""BUY_SEED"": 54, ""HIRE"": 306, ""SELL"": 458}","{""BUY_ANIMAL:COW"": 8, ""BUY_ANIMAL:SHEEP"": 6, ""BUY_PRODUCT:WHEAT"": 967, ""BUY_SEED:MELON"": 21, ""BUY_SEED:STRAWBERRY"": 44, ""BUY_SEED:WHEAT"": 66, ""SELL:CARROT"": 13, ""SELL:EGG"": 8, ""SELL:FERTILIZER"": 444, ""SELL:MELON"": 224, ""SELL:MILK"": 644, ""SELL:STRAWBERRY"": 595, ""SELL:TOMATO"": 4, ""SELL:WHEAT"": 1108, ""SELL:WOOL"": 354}",90137595,control,C:\Users\Administrator\Desktop\code\kaggriculture\baseline\history\v015a_market_collision\log\90137595.json,,,,,,,,,,,,,,,,,,,,,,,,,,,,,,,,,,
678168934,0,129152.0,133602.0,-4450.0,loss,DONE,DONE,1,4.362220000009984,0,0,0,0,719,0,0,0.0415,2.2986,6.720562,233.8016,"{""BUILD_PASTURE"": 14, ""CARE"": 308, ""COLLECT_FERTILIZER"": 318, ""DIG"": 25, ""DROP"": 80, ""EAST"": 857, ""FEED"": 319, ""FERTILIZE"": 107, ""HARVEST"": 338, ""NORTH"": 1236, ""PASS"": 377, ""PICKUP"": 339, ""PLACE"": 27, ""PLANT"": 131, ""SOUTH"": 929, ""WATER"": 851, ""WEST"": 1098}","{""BUY_ANIMAL"": 14, ""BUY_LAND"": 2, ""BUY_PRODUCT"": 279, ""BUY_SEED"": 54, ""HIRE"": 306, ""SELL"": 451}","{""BUY_ANIMAL:COW"": 8, ""BUY_ANIMAL:SHEEP"": 6, ""BUY_PRODUCT:WHEAT"": 967, ""BUY_SEED:MELON"": 21, ""BUY_SEED:STRAWBERRY"": 44, ""BUY_SEED:WHEAT"": 66, ""SELL:CARROT"": 13, ""SELL:EGG"": 8, ""SELL:FERTILIZER"": 444, ""SELL:MELON"": 224, ""SELL:MILK"": 540, ""SELL:STRAWBERRY"": 595, ""SELL:TOMATO"": 4, ""SELL:WHEAT"": 1108, ""SELL:WOOL"": 354}",90137595,balanced,C:\Users\Administrator\Desktop\code\kaggriculture\baseline\history\v015a_market_collision\log\90137595.json,648,26,467,363,0,161,12,45,18,114,18,11,balanced,718,"{""MILK"": {""base"": 3, ""carried_value"": 663, ""chosen"": 3, ""deferred"": 0, ""gain"": 0.0, ""opponent_future"": 16.0, ""opponent_now"": 0.0, ""released"": 0, ""residual_value"": 0.0, ""step"": 716}}","{""MILK"": 0}","[{""chosen"": {""MILK"": 9}, ""pending"": {""MILK"": 0}, ""step"": 293}, {""chosen"": {""MILK"": 12}, ""pending"": {""MILK"": 0}, ""step"": 294}, {""chosen"": {""MILK"": 9}, ""pending"": {""MILK"": 0}, ""step"": 366}, {""chosen"": {""MILK"": 9}, ""pending"": {""MILK"": 0}, ""step"": 367}, {""chosen"": {""MILK"": 9}, ""pending"": {""MILK"": 0}, ""step"": 386}, {""chosen"": {""MILK"": 9}, ""pending"": {""MILK"": 0}, ""step"": 387}, {""chosen"": {""MILK"": 9}, ""pending"": {""MILK"": 0}, ""step"": 409}, {""chosen"": {""MILK"": 3}, ""pending"": {""MILK"": 0}, ""step"": 442}, {""chosen"": {""MILK"": 5}, ""pending"": {""MILK"": 0}, ""step"": 443}, {""chosen"": {""MILK"": 20}, ""pending"": {""MILK"": 0}, ""step"": 444}, {""chosen"": {""MILK"": 11}, ""pending"": {""MILK"": 0}, ""step"": 477}, {""chosen"": {""MILK"": 14}, ""pending"": {""MILK"": 1}, ""step"": 484}, {""chosen"": {""MILK"": 0}, ""pending"": {""MILK"": 1}, ""step"": 485}, {""chosen"": {""MILK"": 16}, ""pending"": {""MILK"": 0}, ""step"": 489}, {""chosen"": {""MILK"": 15}, ""pending"": {""MILK"": 0}, ""step"": 536}, {""chosen"": {""MILK"": 19}, ""pending"": {""MILK"": 0}, ""step"": 537}, {""chosen"": {""MILK"": 24}, ""pending"": {""MILK"": 0}, ""step"": 541}, {""chosen"": {""MILK"": 0}, ""pending"": {""MILK"": 1}, ""step"": 566}, {""chosen"": {""MILK"": 2}, ""pending"": {""MILK"": 0}, ""step"": 569}, {""chosen"": {""MILK"": 6}, ""pending"": {""MILK"": 0}, ""step"": 607}, {""chosen"": {""MILK"": 0}, ""pending"": {""MILK"": 1}, ""step"": 608}, {""chosen"": {""MILK"": 10}, ""pending"": {""MILK"": 0}, ""step"": 609}, {""chosen"": {""MILK"": 0}, ""pending"": {""MILK"": 1}, ""step"": 612}, {""chosen"": {""MILK"": 10}, ""pending"": {""MILK"": 0}, ""step"": 613}, {""chosen"": {""MILK"": 14}, ""pending"": {""MILK"": 0}, ""step"": 617}, {""chosen"": {""MILK"": 15}, ""pending"": {""MILK"": 0}, ""step"": 633}, {""chosen"": {""MILK"": 30}, ""pending"": {""MILK"": 0}, ""step"": 637}, {""chosen"": {""MILK"": 0}, ""pending"": {""MILK"": 1}, ""step"": 656}, {""chosen"": {""MILK"": 1}, ""pending"": {""MILK"": 1}, ""step"": 657}, {""chosen"": {""MILK"": 1}, ""pending"": {""MILK"": 1}, ""step"": 661}, {""chosen"": {""MILK"": 1}, ""pending"": {""MILK"": 1}, ""step"": 667}, {""chosen"": {""MILK"": 1}, ""pending"": {""MILK"": 1}, ""step"": 670}, {""chosen"": {""MILK"": 1}, ""pending"": {""MILK"": 1}, ""step"": 673}, {""chosen"": {""MILK"": 1}, ""pending"": {""MILK"": 1}, ""step"": 674}, {""chosen"": {""MILK"": 1}, ""pending"": {""MILK"": 1}, ""step"": 678}, {""chosen"": {""MILK"": 10}, ""pending"": {""MILK"": 0}, ""step"": 685}, {""chosen"": {""MILK"": 13}, ""pending"": {""MILK"": 0}, ""step"": 686}, {""chosen"": {""MILK"": 9}, ""pending"": {""MILK"": 0}, ""step"": 698}, {""chosen"": {""MILK"": 11}, ""pending"": {""MILK"": 0}, ""step"": 702}, {""chosen"": {""MILK"": 3}, ""pending"": {""MILK"": 0}, ""step"": 703}, {""chosen"": {""MILK"": 9}, ""pending"": {""MILK"": 0}, ""step"": 710}, {""chosen"": {""MILK"": 12}, ""pending"": {""MILK"": 0}, ""step"": 712}, {""chosen"": {""MILK"": 3}, ""pending"": {""MILK"": 0}, ""step"": 713}, {""chosen"": {""MILK"": 3}, ""pending"": {""MILK"": 0}, ""step"": 715}, {""chosen"": {""MILK"": 3}, ""pending"": {""MILK"": 0}, ""step"": 716}]",0,0,,,,,,,,,,,,,,,
678168934,0,129191.0,133532.0,-4341.0,loss,DONE,DONE,1,4.862361099978443,0,0,0,0,719,0,0,0.0472,4.486480000000003,8.814686000000007,14.0323,"{""BUILD_PASTURE"": 14, ""CARE"": 308, ""COLLECT_FERTILIZER"": 318, ""DIG"": 25, ""DROP"": 80, ""EAST"": 857, ""FEED"": 319, ""FERTILIZE"": 107, ""HARVEST"": 338, ""NORTH"": 1236, ""PASS"": 377, ""PICKUP"": 339, ""PLACE"": 27, ""PLANT"": 131, ""SOUTH"": 929, ""WATER"": 851, ""WEST"": 1098}","{""BUY_ANIMAL"": 14, ""BUY_LAND"": 2, ""BUY_PRODUCT"": 279, ""BUY_SEED"": 54, ""HIRE"": 306, ""SELL"": 448}","{""BUY_ANIMAL:COW"": 8, ""BUY_ANIMAL:SHEEP"": 6, ""BUY_PRODUCT:WHEAT"": 967, ""BUY_SEED:MELON"": 21, ""BUY_SEED:STRAWBERRY"": 44, ""BUY_SEED:WHEAT"": 66, ""SELL:CARROT"": 13, ""SELL:EGG"": 8, ""SELL:FERTILIZER"": 444, ""SELL:MELON"": 224, ""SELL:MILK"": 529, ""SELL:STRAWBERRY"": 595, ""SELL:TOMATO"": 4, ""SELL:WHEAT"": 1108, ""SELL:WOOL"": 313}",90137595,sensitive,C:\Users\Administrator\Desktop\code\kaggriculture\baseline\history\v015a_market_collision\log\90137595.json,540,90,440,325,0,164,14,89,31,178,29,11,sensitive,718,"{""MELON"": {""base"": 3, ""carried_value"": 0, ""chosen"": 3, ""deferred"": 0, ""gain"": 0.0, ""opponent_future"": 0.0, ""opponent_now"": 0.0, ""released"": 0, ""residual_value"": 0.0, ""step"": 714}, ""MILK"": {""base"": 3, ""carried_value"": 663, ""chosen"": 3, ""deferred"": 0, ""gain"": 0.0, ""opponent_future"": 16.0, ""opponent_now"": 0.0, ""released"": 0, ""residual_value"": 0.0, ""step"": 716}, ""STRAWBERRY"": {""base"": 3, ""carried_value"": 684, ""chosen"": 3, ""deferred"": 0, ""gain"": 0.0, ""opponent_future"": 0.0, ""opponent_now"": 0.0, ""released"": 0, ""residual_value"": 0.0, ""step"": 717}, ""WOOL"": {""base"": 12, ""carried_value"": 2784, ""chosen"": 12, ""deferred"": 0, ""gain"": 0.0, ""opponent_future"": 6.6667, ""opponent_now"": 0.0, ""released"": 0, ""residual_value"": 0.0, ""step"": 715}}","{""MELON"": 0, ""MILK"": 0, ""STRAWBERRY"": 0, ""WOOL"": 0}","[{""chosen"": {""MELON"": 16}, ""pending"": {""MELON"": 0}, ""step"": 259}, {""chosen"": {""STRAWBERRY"": 4}, ""pending"": {""MELON"": 0, ""STRAWBERRY"": 0}, ""step"": 269}, {""chosen"": {""STRAWBERRY"": 6}, ""pending"": {""MELON"": 0, ""STRAWBERRY"": 0}, ""step"": 292}, {""chosen"": {""MILK"": 12}, ""pending"": {""MELON"": 0, ""MILK"": 0, ""STRAWBERRY"": 0}, ""step"": 294}, {""chosen"": {""WOOL"": 6}, ""pending"": {""MELON"": 0, ""MILK"": 0, ""STRAWBERRY"": 0, ""WOOL"": 0}, ""step"": 354}, {""chosen"": {""WOOL"": 7}, ""pending"": {""MELON"": 0, ""MILK"": 0, ""STRAWBERRY"": 0, ""WOOL"": 0}, ""step"": 358}, {""chosen"": {""MELON"": 6, ""STRAWBERRY"": 4}, ""pending"": {""MELON"": 0, ""MILK"": 0, ""STRAWBERRY"": 0, ""WOOL"": 0}, ""step"": 359}, {""chosen"": {""MILK"": 9, ""WOOL"": 4}, ""pending"": {""MELON"": 0, ""MILK"": 0, ""STRAWBERRY"": 0, ""WOOL"": 0}, ""step"": 366}, {""chosen"": {""MILK"": 9}, ""pending"": {""MELON"": 0, ""MILK"": 0, ""STRAWBERRY"": 0, ""WOOL"": 0}, ""step"": 367}, {""chosen"": {""MILK"": 9}, ""pending"": {""MELON"": 0, ""MILK"": 0, ""STRAWBERRY"": 0, ""WOOL"": 0}, ""step"": 386}, {""chosen"": {""MILK"": 9}, ""pending"": {""MELON"": 0, ""MILK"": 0, ""STRAWBERRY"": 0, ""WOOL"": 0}, ""step"": 387}, {""chosen"": {""MILK"": 9}, ""pending"": {""MELON"": 0, ""MILK"": 0, ""STRAWBERRY"": 0, ""WOOL"": 0}, ""step"": 409}, {""chosen"": {""WOOL"": 3}, ""pending"": {""MELON"": 0, ""MILK"": 0, ""STRAWBERRY"": 0, ""WOOL"": 0}, ""step"": 424}, {""chosen"": {""MILK"": 5}, ""pending"": {""MELON"": 0, ""MILK"": 0, ""STRAWBERRY"": 0, ""WOOL"": 0}, ""step"": 443}, {""chosen"": {""MILK"": 20}, ""pending"": {""MELON"": 0, ""MILK"": 0, ""STRAWBERRY"": 0, ""WOOL"": 0}, ""step"": 444}, {""chosen"": {""WOOL"": 1}, ""pending"": {""MELON"": 0, ""MILK"": 0, ""STRAWBERRY"": 0, ""WOOL"": 1}, ""step"": 449}, {""chosen"": {""MILK"": 6, ""STRAWBERRY"": 1}, ""pending"": {""MELON"": 0, ""MILK"": 0, ""STRAWBERRY"": 0, ""WOOL"": 1}, ""step"": 450}, {""chosen"": {""WOOL"": 5}, ""pending"": {""MELON"": 0, ""MILK"": 0, ""STRAWBERRY"": 0, ""WOOL"": 0}, ""step"": 461}, {""chosen"": {""STRAWBERRY"": 1}, ""pending"": {""MELON"": 0, ""MILK"": 0, ""STRAWBERRY"": 0, ""WOOL"": 0}, ""step"": 469}, {""chosen"": {""STRAWBERRY"": 10}, ""pending"": {""MELON"": 0, ""MILK"": 0, ""STRAWBERRY"": 0, ""WOOL"": 0}, ""step"": 471}, {""chosen"": {""MILK"": 11}, ""pending"": {""MELON"": 0, ""MILK"": 0, ""STRAWBERRY"": 0, ""WOOL"": 0}, ""step"": 477}, {""chosen"": {""STRAWBERRY"": 6}, ""pending"": {""MELON"": 0, ""MILK"": 0, ""STRAWBERRY"": 0, ""WOOL"": 0}, ""step"": 478}, {""chosen"": {""MILK"": 14}, ""pending"": {""MELON"": 0, ""MILK"": 1, ""STRAWBERRY"": 0, ""WOOL"": 0}, ""step"": 484}, {""chosen"": {""MILK"": 0}, ""pending"": {""MELON"": 0, ""MILK"": 1, ""STRAWBERRY"": 0, ""WOOL"": 0}, ""step"": 485}, {""chosen"": {""STRAWBERRY"": 20}, ""pending"": {""MELON"": 0, ""MILK"": 1, ""STRAWBERRY"": 0, ""WOOL"": 0}, ""step"": 486}, {""chosen"": {""STRAWBERRY"": 3}, ""pending"": {""MELON"": 0, ""MILK"": 1, ""STRAWBERRY"": 0, ""WOOL"": 0}, ""step"": 488}, {""chosen"": {""MILK"": 16}, ""pending"": {""MELON"": 0, ""MILK"": 0, ""STRAWBERRY"": 0, ""WOOL"": 0}, ""step"": 489}, {""chosen"": {""STRAWBERRY"": 14}, ""pending"": {""MELON"": 0, ""MILK"": 0, ""STRAWBERRY"": 0, ""WOOL"": 0}, ""step"": 528}, {""chosen"": {""MILK"": 0}, ""pending"": {""MELON"": 0, ""MILK"": 1, ""STRAWBERRY"": 0, ""WOOL"": 0}, ""step"": 536}, {""chosen"": {""MILK"": 20, ""WOOL"": 24}, ""pending"": {""MELON"": 0, ""MILK"": 0, ""STRAWBERRY"": 0, ""WOOL"": 0}, ""step"": 537}, {""chosen"": {""WOOL"": 0}, ""pending"": {""MELON"": 0, ""MILK"": 0, ""STRAWBERRY"": 0, ""WOOL"": 1}, ""step"": 538}, {""chosen"": {""MILK"": 24}, ""pending"": {""MELON"": 0, ""MILK"": 0, ""STRAWBERRY"": 0, ""WOOL"": 1}, ""step"": 541}, {""chosen"": {""WOOL"": 45}, ""pending"": {""MELON"": 0, ""MILK"": 0, ""STRAWBERRY"": 0, ""WOOL"": 0}, ""step"": 542}, {""chosen"": {""STRAWBERRY"": 2}, ""pending"": {""MELON"": 0, ""MILK"": 0, ""STRAWBERRY"": 0, ""WOOL"": 0}, ""step"": 543}, {""chosen"": {""MELON"": 6, ""MILK"": 0, ""STRAWBERRY"": 13}, ""pending"": {""MELON"": 0, ""MILK"": 1, ""STRAWBERRY"": 0, ""WOOL"": 0}, ""step"": 562}, {""chosen"": {""MELON"": 6}, ""pending"": {""MELON"": 0, ""MILK"": 1, ""STRAWBERRY"": 0, ""WOOL"": 0}, ""step"": 563}, {""chosen"": {""MILK"": 5}, ""pending"": {""MELON"": 0, ""MILK"": 0, ""STRAWBERRY"": 0, ""WOOL"": 0}, ""step"": 565}, {""chosen"": {""MILK"": 0, ""STRAWBERRY"": 14, ""WOOL"": 3}, ""pending"": {""MELON"": 0, ""MILK"": 1, ""STRAWBERRY"": 0, ""WOOL"": 0}, ""step"": 566}, {""chosen"": {""MELON"": 9}, ""pending"": {""MELON"": 0, ""MILK"": 1, ""STRAWBERRY"": 0, ""WOOL"": 0}, ""step"": 567}, {""chosen"": {""MILK"": 2, ""STRAWBERRY"": 4}, ""pending"": {""MELON"": 0, ""MILK"": 0, ""STRAWBERRY"": 0, ""WOOL"": 0}, ""step"": 569}, {""chosen"": {""MELON"": 8, ""STRAWBERRY"": 35}, ""pending"": {""MELON"": 0, ""MILK"": 0, ""STRAWBERRY"": 0, ""WOOL"": 0}, ""step"": 578}, {""chosen"": {""STRAWBERRY"": 21}, ""pending"": {""MELON"": 0, ""MILK"": 0, ""STRAWBERRY"": 0, ""WOOL"": 0}, ""step"": 600}, {""chosen"": {""MILK"": 0}, ""pending"": {""MELON"": 0, ""MILK"": 1, ""STRAWBERRY"": 0, ""WOOL"": 0}, ""step"": 607}, {""chosen"": {""MILK"": 16}, ""pending"": {""MELON"": 0, ""MILK"": 0, ""STRAWBERRY"": 0, ""WOOL"": 0}, ""step"": 608}, {""chosen"": {""MILK"": 0}, ""pending"": {""MELON"": 0, ""MILK"": 1, ""STRAWBERRY"": 0, ""WOOL"": 0}, ""step"": 609}, {""chosen"": {""MILK"": 7, ""WOOL"": 5}, ""pending"": {""MELON"": 0, ""MILK"": 0, ""STRAWBERRY"": 0, ""WOOL"": 1}, ""step"": 612}, {""chosen"": {""MILK"": 9, ""WOOL"": 10}, ""pending"": {""MELON"": 0, ""MILK"": 0, ""STRAWBERRY"": 0, ""WOOL"": 0}, ""step"": 613}, {""chosen"": {""WOOL"": 3}, ""pending"": {""MELON"": 0, ""MILK"": 0, ""STRAWBERRY"": 0, ""WOOL"": 0}, ""step"": 616}, {""chosen"": {""MELON"": 6, ""WOOL"": 1}, ""pending"": {""MELON"": 0, ""MILK"": 0, ""STRAWBERRY"": 0, ""WOOL"": 0}, ""step"": 625}, {""chosen"": {""WOOL"": 2}, ""pending"": {""MELON"": 0, ""MILK"": 0, ""STRAWBERRY"": 0, ""WOOL"": 0}, ""step"": 627}, {""chosen"": {""WOOL"": 12}, ""pending"": {""MELON"": 0, ""MILK"": 0, ""STRAWBERRY"": 0, ""WOOL"": 0}, ""step"": 631}, {""chosen"": {""MILK"": 30, ""STRAWBERRY"": 20}, ""pending"": {""MELON"": 0, ""MILK"": 0, ""STRAWBERRY"": 0, ""WOOL"": 0}, ""step"": 637}, {""chosen"": {""MELON"": 6}, ""pending"": {""MELON"": 0, ""MILK"": 0, ""STRAWBERRY"": 0, ""WOOL"": 0}, ""step"": 649}, {""chosen"": {""MILK"": 0}, ""pending"": {""MELON"": 0, ""MILK"": 1, ""STRAWBERRY"": 0, ""WOOL"": 0}, ""step"": 656}, {""chosen"": {""MILK"": 1, ""STRAWBERRY"": 2, ""WOOL"": 0}, ""pending"": {""MELON"": 0, ""MILK"": 1, ""STRAWBERRY"": 0, ""WOOL"": 1}, ""step"": 657}, {""chosen"": {""WOOL"": 1}, ""pending"": {""MELON"": 0, ""MILK"": 1, ""STRAWBERRY"": 0, ""WOOL"": 1}, ""step"": 660}, {""chosen"": {""MILK"": 1, ""STRAWBERRY"": 2, ""WOOL"": 1}, ""pending"": {""MELON"": 0, ""MILK"": 1, ""STRAWBERRY"": 0, ""WOOL"": 1}, ""step"": 661}, {""chosen"": {""STRAWBERRY"": 8}, ""pending"": {""MELON"": 0, ""MILK"": 1, ""STRAWBERRY"": 0, ""WOOL"": 1}, ""step"": 663}, {""chosen"": {""STRAWBERRY"": 11}, ""pending"": {""MELON"": 0, ""MILK"": 1, ""STRAWBERRY"": 0, ""WOOL"": 1}, ""step"": 664}, {""chosen"": {""STRAWBERRY"": 4}, ""pending"": {""MELON"": 0, ""MILK"": 1, ""STRAWBERRY"": 0, ""WOOL"": 1}, ""step"": 665}, {""chosen"": {""MILK"": 1}, ""pending"": {""MELON"": 0, ""MILK"": 1, ""STRAWBERRY"": 0, ""WOOL"": 1}, ""step"": 667}, {""chosen"": {""STRAWBERRY"": 8}, ""pending"": {""MELON"": 0, ""MILK"": 1, ""STRAWBERRY"": 0, ""WOOL"": 1}, ""step"": 668}, {""chosen"": {""STRAWBERRY"": 4}, ""pending"": {""MELON"": 0, ""MILK"": 1, ""STRAWBERRY"": 0, ""WOOL"": 1}, ""step"": 669}, {""chosen"": {""MILK"": 1}, ""pending"": {""MELON"": 0, ""MILK"": 1, ""STRAWBERRY"": 0, ""WOOL"": 1}, ""step"": 670}, {""chosen"": {""MILK"": 1}, ""pending"": {""MELON"": 0, ""MILK"": 1, ""STRAWBERRY"": 0, ""WOOL"": 1}, ""step"": 673}, {""chosen"": {""MILK"": 1}, ""pending"": {""MELON"": 0, ""MILK"": 1, ""STRAWBERRY"": 0, ""WOOL"": 1}, ""step"": 674}, {""chosen"": {""MILK"": 1}, ""pending"": {""MELON"": 0, ""MILK"": 1, ""STRAWBERRY"": 0, ""WOOL"": 1}, ""step"": 678}, {""chosen"": {""STRAWBERRY"": 3}, ""pending"": {""MELON"": 0, ""MILK"": 1, ""STRAWBERRY"": 0, ""WOOL"": 1}, ""step"": 681}, {""chosen"": {""STRAWBERRY"": 12}, ""pending"": {""MELON"": 0, ""MILK"": 1, ""STRAWBERRY"": 0, ""WOOL"": 1}, ""step"": 682}, {""chosen"": {""MILK"": 10, ""STRAWBERRY"": 3}, ""pending"": {""MELON"": 0, ""MILK"": 0, ""STRAWBERRY"": 0, ""WOOL"": 1}, ""step"": 685}, {""chosen"": {""MILK"": 13, ""STRAWBERRY"": 23}, ""pending"": {""MELON"": 0, ""MILK"": 0, ""STRAWBERRY"": 0, ""WOOL"": 1}, ""step"": 686}, {""chosen"": {""STRAWBERRY"": 3}, ""pending"": {""MELON"": 0, ""MILK"": 0, ""STRAWBERRY"": 0, ""WOOL"": 1}, ""step"": 688}, {""chosen"": {""STRAWBERRY"": 6}, ""pending"": {""MELON"": 0, ""MILK"": 0, ""STRAWBERRY"": 0, ""WOOL"": 1}, ""step"": 689}, {""chosen"": {""STRAWBERRY"": 14}, ""pending"": {""MELON"": 0, ""MILK"": 0, ""STRAWBERRY"": 0, ""WOOL"": 1}, ""step"": 690}, {""chosen"": {""STRAWBERRY"": 13}, ""pending"": {""MELON"": 0, ""MILK"": 0, ""STRAWBERRY"": 0, ""WOOL"": 1}, ""step"": 697}, {""chosen"": {""MILK"": 9}, ""pending"": {""MELON"": 0, ""MILK"": 0, ""STRAWBERRY"": 0, ""WOOL"": 1}, ""step"": 698}, {""chosen"": {""WOOL"": 7}, ""pending"": {""MELON"": 0, ""MILK"": 0, ""STRAWBERRY"": 0, ""WOOL"": 1}, ""step"": 699}, {""chosen"": {""MILK"": 11}, ""pending"": {""MELON"": 0, ""MILK"": 0, ""STRAWBERRY"": 0, ""WOOL"": 1}, ""step"": 702}, {""chosen"": {""MILK"": 3, ""WOOL"": 25}, ""pending"": {""MELON"": 0, ""MILK"": 0, ""STRAWBERRY"": 0, ""WOOL"": 0}, ""step"": 703}, {""chosen"": {""MELON"": 1}, ""pending"": {""MELON"": 0, ""MILK"": 0, ""STRAWBERRY"": 0, ""WOOL"": 0}, ""step"": 707}, {""chosen"": {""MELON"": 8, ""WOOL"": 12}, ""pending"": {""MELON"": 0, ""MILK"": 0, ""STRAWBERRY"": 0, ""WOOL"": 0}, ""step"": 709}, {""chosen"": {""MELON"": 3, ""MILK"": 9}, ""pending"": {""MELON"": 0, ""MILK"": 0, ""STRAWBERRY"": 0, ""WOOL"": 0}, ""step"": 710}, {""chosen"": {""MELON"": 1}, ""pending"": {""MELON"": 0, ""MILK"": 0, ""STRAWBERRY"": 0, ""WOOL"": 0}, ""step"": 711}, {""chosen"": {""MILK"": 12, ""WOOL"": 20}, ""pending"": {""MELON"": 0, ""MILK"": 0, ""STRAWBERRY"": 0, ""WOOL"": 0}, ""step"": 712}, {""chosen"": {""MELON"": 8, ""MILK"": 3, ""STRAWBERRY"": 6}, ""pending"": {""MELON"": 0, ""MILK"": 0, ""STRAWBERRY"": 0, ""WOOL"": 0}, ""step"": 713}, {""chosen"": {""MELON"": 3}, ""pending"": {""MELON"": 0, ""MILK"": 0, ""STRAWBERRY"": 0, ""WOOL"": 0}, ""step"": 714}, {""chosen"": {""MILK"": 3, ""WOOL"": 12}, ""pending"": {""MELON"": 0, ""MILK"": 0, ""STRAWBERRY"": 0, ""WOOL"": 0}, ""step"": 715}, {""chosen"": {""MILK"": 3}, ""pending"": {""MELON"": 0, ""MILK"": 0, ""STRAWBERRY"": 0, ""WOOL"": 0}, ""step"": 716}, {""chosen"": {""STRAWBERRY"": 3}, ""pending"": {""MELON"": 0, ""MILK"": 0, ""STRAWBERRY"": 0, ""WOOL"": 0}, ""step"": 717}]",0,0,87,87,0,41,0,303,303,0,104,0,250,209,0,70,7
678168934,0,129146.0,133670.0,-4524.0,loss,DONE,DONE,1,4.064089799998328,0,0,0,0,719,0,0,0.0392,2.4696700000000016,7.094632000000017,9.9104,"{""BUILD_PASTURE"": 14, ""CARE"": 308, ""COLLECT_FERTILIZER"": 318, ""DIG"": 25, ""DROP"": 80, ""EAST"": 857, ""FEED"": 319, ""FERTILIZE"": 107, ""HARVEST"": 338, ""NORTH"": 1236, ""PASS"": 377, ""PICKUP"": 339, ""PLACE"": 27, ""PLANT"": 131, ""SOUTH"": 929, ""WATER"": 851, ""WEST"": 1098}","{""BUY_ANIMAL"": 14, ""BUY_LAND"": 2, ""BUY_PRODUCT"": 279, ""BUY_SEED"": 54, ""HIRE"": 306, ""SELL"": 450}","{""BUY_ANIMAL:COW"": 8, ""BUY_ANIMAL:SHEEP"": 6, ""BUY_PRODUCT:WHEAT"": 967, ""BUY_SEED:MELON"": 21, ""BUY_SEED:STRAWBERRY"": 44, ""BUY_SEED:WHEAT"": 66, ""SELL:CARROT"": 13, ""SELL:EGG"": 8, ""SELL:FERTILIZER"": 444, ""SELL:MELON"": 224, ""SELL:MILK"": 540, ""SELL:STRAWBERRY"": 595, ""SELL:TOMATO"": 4, ""SELL:WHEAT"": 1108, ""SELL:WOOL"": 339}",90137595,conservative,C:\Users\Administrator\Desktop\code\kaggriculture\baseline\history\v015a_market_collision\log\90137595.json,619,42,444,340,0,160,12,58,21,131,21,11,conservative,718,"{""MILK"": {""base"": 3, ""carried_value"": 663, ""chosen"": 3, ""deferred"": 0, ""gain"": 0.0, ""opponent_future"": 16.0, ""opponent_now"": 0.0, ""released"": 0, ""residual_value"": 0.0, ""step"": 716}, ""WOOL"": {""base"": 12, ""carried_value"": 2784, ""chosen"": 12, ""deferred"": 0, ""gain"": 0.0, ""opponent_future"": 6.6667, ""opponent_now"": 0.0, ""released"": 0, ""residual_value"": 0.0, ""step"": 715}}","{""MILK"": 0, ""WOOL"": 0}","[{""chosen"": {""WOOL"": 6}, ""pending"": {""WOOL"": 0}, ""step"": 280}, {""chosen"": {""MILK"": 9}, ""pending"": {""MILK"": 0, ""WOOL"": 0}, ""step"": 293}, {""chosen"": {""MILK"": 12}, ""pending"": {""MILK"": 0, ""WOOL"": 0}, ""step"": 294}, {""chosen"": {""WOOL"": 6}, ""pending"": {""MILK"": 0, ""WOOL"": 0}, ""step"": 354}, {""chosen"": {""WOOL"": 7}, ""pending"": {""MILK"": 0, ""WOOL"": 0}, ""step"": 358}, {""chosen"": {""WOOL"": 4}, ""pending"": {""MILK"": 0, ""WOOL"": 0}, ""step"": 365}, {""chosen"": {""MILK"": 9, ""WOOL"": 4}, ""pending"": {""MILK"": 0, ""WOOL"": 0}, ""step"": 366}, {""chosen"": {""MILK"": 9}, ""pending"": {""MILK"": 0, ""WOOL"": 0}, ""step"": 367}, {""chosen"": {""MILK"": 9}, ""pending"": {""MILK"": 0, ""WOOL"": 0}, ""step"": 386}, {""chosen"": {""MILK"": 9}, ""pending"": {""MILK"": 0, ""WOOL"": 0}, ""step"": 387}, {""chosen"": {""MILK"": 9}, ""pending"": {""MILK"": 0, ""WOOL"": 0}, ""step"": 409}, {""chosen"": {""WOOL"": 3}, ""pending"": {""MILK"": 0, ""WOOL"": 0}, ""step"": 424}, {""chosen"": {""MILK"": 5}, ""pending"": {""MILK"": 0, ""WOOL"": 0}, ""step"": 443}, {""chosen"": {""MILK"": 20}, ""pending"": {""MILK"": 0, ""WOOL"": 0}, ""step"": 444}, {""chosen"": {""MILK"": 6}, ""pending"": {""MILK"": 0, ""WOOL"": 0}, ""step"": 450}, {""chosen"": {""WOOL"": 4}, ""pending"": {""MILK"": 0, ""WOOL"": 0}, ""step"": 470}, {""chosen"": {""MILK"": 12}, ""pending"": {""MILK"": 0, ""WOOL"": 0}, ""step"": 475}, {""chosen"": {""MILK"": 11}, ""pending"": {""MILK"": 0, ""WOOL"": 0}, ""step"": 477}, {""chosen"": {""MILK"": 14}, ""pending"": {""MILK"": 1, ""WOOL"": 0}, ""step"": 484}, {""chosen"": {""MILK"": 0}, ""pending"": {""MILK"": 1, ""WOOL"": 0}, ""step"": 485}, {""chosen"": {""MILK"": 16}, ""pending"": {""MILK"": 0, ""WOOL"": 0}, ""step"": 489}, {""chosen"": {""MILK"": 15}, ""pending"": {""MILK"": 0, ""WOOL"": 0}, ""step"": 536}, {""chosen"": {""MILK"": 19, ""WOOL"": 24}, ""pending"": {""MILK"": 0, ""WOOL"": 0}, ""step"": 537}, {""chosen"": {""WOOL"": 24}, ""pending"": {""MILK"": 0, ""WOOL"": 0}, ""step"": 538}, {""chosen"": {""MILK"": 0, ""WOOL"": 3}, ""pending"": {""MILK"": 1, ""WOOL"": 0}, ""step"": 566}, {""chosen"": {""MILK"": 2}, ""pending"": {""MILK"": 0, ""WOOL"": 0}, ""step"": 569}, {""chosen"": {""MILK"": 6}, ""pending"": {""MILK"": 0, ""WOOL"": 0}, ""step"": 607}, {""chosen"": {""MILK"": 0}, ""pending"": {""MILK"": 1, ""WOOL"": 0}, ""step"": 608}, {""chosen"": {""MILK"": 10}, ""pending"": {""MILK"": 0, ""WOOL"": 0}, ""step"": 609}, {""chosen"": {""MILK"": 0, ""WOOL"": 9}, ""pending"": {""MILK"": 1, ""WOOL"": 0}, ""step"": 612}, {""chosen"": {""MILK"": 10, ""WOOL"": 9}, ""pending"": {""MILK"": 0, ""WOOL"": 0}, ""step"": 613}, {""chosen"": {""WOOL"": 3}, ""pending"": {""MILK"": 0, ""WOOL"": 0}, ""step"": 616}, {""chosen"": {""WOOL"": 1}, ""pending"": {""MILK"": 0, ""WOOL"": 0}, ""step"": 625}, {""chosen"": {""WOOL"": 2}, ""pending"": {""MILK"": 0, ""WOOL"": 0}, ""step"": 627}, {""chosen"": {""WOOL"": 12}, ""pending"": {""MILK"": 0, ""WOOL"": 0}, ""step"": 631}, {""chosen"": {""MILK"": 15}, ""pending"": {""MILK"": 0, ""WOOL"": 0}, ""step"": 633}, {""chosen"": {""MILK"": 30}, ""pending"": {""MILK"": 0, ""WOOL"": 0}, ""step"": 637}, {""chosen"": {""MILK"": 0}, ""pending"": {""MILK"": 1, ""WOOL"": 0}, ""step"": 656}, {""chosen"": {""MILK"": 1, ""WOOL"": 1}, ""pending"": {""MILK"": 1, ""WOOL"": 0}, ""step"": 657}, {""chosen"": {""WOOL"": 0}, ""pending"": {""MILK"": 1, ""WOOL"": 1}, ""step"": 660}, {""chosen"": {""MILK"": 1, ""WOOL"": 1}, ""pending"": {""MILK"": 1, ""WOOL"": 1}, ""step"": 661}, {""chosen"": {""MILK"": 1}, ""pending"": {""MILK"": 1, ""WOOL"": 1}, ""step"": 667}, {""chosen"": {""MILK"": 1}, ""pending"": {""MILK"": 1, ""WOOL"": 1}, ""step"": 670}, {""chosen"": {""MILK"": 1}, ""pending"": {""MILK"": 1, ""WOOL"": 1}, ""step"": 673}, {""chosen"": {""MILK"": 1}, ""pending"": {""MILK"": 1, ""WOOL"": 1}, ""step"": 674}, {""chosen"": {""MILK"": 1}, ""pending"": {""MILK"": 1, ""WOOL"": 1}, ""step"": 678}, {""chosen"": {""MILK"": 10}, ""pending"": {""MILK"": 0, ""WOOL"": 1}, ""step"": 685}, {""chosen"": {""MILK"": 13}, ""pending"": {""MILK"": 0, ""WOOL"": 1}, ""step"": 686}, {""chosen"": {""MILK"": 9}, ""pending"": {""MILK"": 0, ""WOOL"": 1}, ""step"": 698}, {""chosen"": {""WOOL"": 7}, ""pending"": {""MILK"": 0, ""WOOL"": 1}, ""step"": 699}, {""chosen"": {""MILK"": 11}, ""pending"": {""MILK"": 0, ""WOOL"": 1}, ""step"": 702}, {""chosen"": {""MILK"": 3, ""WOOL"": 25}, ""pending"": {""MILK"": 0, ""WOOL"": 0}, ""step"": 703}, {""chosen"": {""WOOL"": 12}, ""pending"": {""MILK"": 0, ""WOOL"": 0}, ""step"": 709}, {""chosen"": {""MILK"": 9}, ""pending"": {""MILK"": 0, ""WOOL"": 0}, ""step"": 710}, {""chosen"": {""MILK"": 12, ""WOOL"": 20}, ""pending"": {""MILK"": 0, ""WOOL"": 0}, ""step"": 712}, {""chosen"": {""MILK"": 3}, ""pending"": {""MILK"": 0, ""WOOL"": 0}, ""step"": 713}, {""chosen"": {""MILK"": 3, ""WOOL"": 12}, ""pending"": {""MILK"": 0, ""WOOL"": 0}, ""step"": 715}, {""chosen"": {""MILK"": 3}, ""pending"": {""MILK"": 0, ""WOOL"": 0}, ""step"": 716}]",0,0,,,,,,,,,,,214,199,0,60,3
505948568,0,126758.0,131283.0,-4525.0,loss,DONE,DONE,1,4.086444799962919,0,0,0,0,719,0,0,0.024,0.06805000000000001,0.12629200000000004,0.347,"{""BUILD_PASTURE"": 14, ""CARE"": 308, ""COLLECT_FERTILIZER"": 318, ""DIG"": 25, ""DROP"": 80, ""EAST"": 857, ""FEED"": 319, ""FERTILIZE"": 107, ""HARVEST"": 338, ""NORTH"": 1236, ""PASS"": 377, ""PICKUP"": 339, ""PLACE"": 27, ""PLANT"": 131, ""SOUTH"": 929, ""WATER"": 851, ""WEST"": 1098}","{""BUY_ANIMAL"": 14, ""BUY_LAND"": 2, ""BUY_PRODUCT"": 279, ""BUY_SEED"": 54, ""HIRE"": 306, ""SELL"": 481}","{""BUY_ANIMAL:COW"": 8, ""BUY_ANIMAL:SHEEP"": 6, ""BUY_PRODUCT:WHEAT"": 967, ""BUY_SEED:MELON"": 21, ""BUY_SEED:STRAWBERRY"": 44, ""BUY_SEED:WHEAT"": 66, ""SELL:CARROT"": 13, ""SELL:EGG"": 8, ""SELL:FERTILIZER"": 445, ""SELL:MELON"": 224, ""SELL:MILK"": 682, ""SELL:STRAWBERRY"": 636, ""SELL:TOMATO"": 4, ""SELL:WHEAT"": 1108, ""SELL:WOOL"": 373}",90140955,control,C:\Users\Administrator\Desktop\code\kaggriculture\baseline\history\v015a_market_collision\log\90140955.json,,,,,,,,,,,,,,,,,,,,,,,,,,,,,,,,,,
505948568,0,127802.0,131839.0,-4037.0,loss,DONE,DONE,1,4.40845539997099,0,0,0,0,719,0,0,0.0391,2.083270000000005,6.636558000000001,7.8397,"{""BUILD_PASTURE"": 14, ""CARE"": 308, ""COLLECT_FERTILIZER"": 318, ""DIG"": 25, ""DROP"": 80, ""EAST"": 857, ""FEED"": 319, ""FERTILIZE"": 107, ""HARVEST"": 338, ""NORTH"": 1236, ""PASS"": 377, ""PICKUP"": 339, ""PLACE"": 27, ""PLANT"": 131, ""SOUTH"": 929, ""WATER"": 851, ""WEST"": 1098}","{""BUY_ANIMAL"": 14, ""BUY_LAND"": 2, ""BUY_PRODUCT"": 279, ""BUY_SEED"": 54, ""HIRE"": 306, ""SELL"": 474}","{""BUY_ANIMAL:COW"": 8, ""BUY_ANIMAL:SHEEP"": 6, ""BUY_PRODUCT:WHEAT"": 967, ""BUY_SEED:MELON"": 21, ""BUY_SEED:STRAWBERRY"": 44, ""BUY_SEED:WHEAT"": 66, ""SELL:CARROT"": 13, ""SELL:EGG"": 8, ""SELL:FERTILIZER"": 445, ""SELL:MELON"": 224, ""SELL:MILK"": 563, ""SELL:STRAWBERRY"": 636, ""SELL:TOMATO"": 4, ""SELL:WHEAT"": 1108, ""SELL:WOOL"": 373}",90140955,balanced,C:\Users\Administrator\Desktop\code\kaggriculture\baseline\history\v015a_market_collision\log\90140955.json,642,36,398,279,0,176,16,41,22,129,22,11,balanced,718,"{""MILK"": {""base"": 3, ""carried_value"": 573, ""chosen"": 3, ""deferred"": 0, ""gain"": 0.0, ""opponent_future"": 16.0, ""opponent_now"": 0.0, ""released"": 0, ""residual_value"": 0.0, ""step"": 716}}","{""MILK"": 0}","[{""chosen"": {""MILK"": 9}, ""pending"": {""MILK"": 0}, ""step"": 293}, {""chosen"": {""MILK"": 9}, ""pending"": {""MILK"": 0}, ""step"": 366}, {""chosen"": {""MILK"": 9}, ""pending"": {""MILK"": 0}, ""step"": 387}, {""chosen"": {""MILK"": 9}, ""pending"": {""MILK"": 0}, ""step"": 409}, {""chosen"": {""MILK"": 7}, ""pending"": {""MILK"": 1}, ""step"": 438}, {""chosen"": {""MILK"": 0}, ""pending"": {""MILK"": 1}, ""step"": 439}, {""chosen"": {""MILK"": 5}, ""pending"": {""MILK"": 0}, ""step"": 440}, {""chosen"": {""MILK"": 9}, ""pending"": {""MILK"": 0}, ""step"": 471}, {""chosen"": {""MILK"": 15}, ""pending"": {""MILK"": 0}, ""step"": 484}, {""chosen"": {""MILK"": 15}, ""pending"": {""MILK"": 0}, ""step"": 485}, {""chosen"": {""MILK"": 0}, ""pending"": {""MILK"": 1}, ""step"": 536}, {""chosen"": {""MILK"": 20}, ""pending"": {""MILK"": 0}, ""step"": 537}, {""chosen"": {""MILK"": 24}, ""pending"": {""MILK"": 0}, ""step"": 541}, {""chosen"": {""MILK"": 4}, ""pending"": {""MILK"": 0}, ""step"": 562}, {""chosen"": {""MILK"": 0}, ""pending"": {""MILK"": 1}, ""step"": 566}, {""chosen"": {""MILK"": 2}, ""pending"": {""MILK"": 0}, ""step"": 569}, {""chosen"": {""MILK"": 0}, ""pending"": {""MILK"": 1}, ""step"": 572}, {""chosen"": {""MILK"": 13}, ""pending"": {""MILK"": 0}, ""step"": 573}, {""chosen"": {""MILK"": 6}, ""pending"": {""MILK"": 0}, ""step"": 607}, {""chosen"": {""MILK"": 15}, ""pending"": {""MILK"": 0}, ""step"": 608}, {""chosen"": {""MILK"": 9}, ""pending"": {""MILK"": 0}, ""step"": 609}, {""chosen"": {""MILK"": 15}, ""pending"": {""MILK"": 0}, ""step"": 633}, {""chosen"": {""MILK"": 30}, ""pending"": {""MILK"": 0}, ""step"": 637}, {""chosen"": {""MILK"": 0}, ""pending"": {""MILK"": 1}, ""step"": 656}, {""chosen"": {""MILK"": 1}, ""pending"": {""MILK"": 1}, ""step"": 657}, {""chosen"": {""MILK"": 1}, ""pending"": {""MILK"": 1}, ""step"": 661}, {""chosen"": {""MILK"": 1}, ""pending"": {""MILK"": 1}, ""step"": 667}, {""chosen"": {""MILK"": 1}, ""pending"": {""MILK"": 1}, ""step"": 670}, {""chosen"": {""MILK"": 1}, ""pending"": {""MILK"": 1}, ""step"": 673}, {""chosen"": {""MILK"": 1}, ""pending"": {""MILK"": 1}, ""step"": 674}, {""chosen"": {""MILK"": 1}, ""pending"": {""MILK"": 1}, ""step"": 678}, {""chosen"": {""MILK"": 1}, ""pending"": {""MILK"": 1}, ""step"": 685}, {""chosen"": {""MILK"": 1}, ""pending"": {""MILK"": 1}, ""step"": 686}, {""chosen"": {""MILK"": 4}, ""pending"": {""MILK"": 1}, ""step"": 698}, {""chosen"": {""MILK"": 7}, ""pending"": {""MILK"": 1}, ""step"": 702}, {""chosen"": {""MILK"": 4}, ""pending"": {""MILK"": 0}, ""step"": 703}, {""chosen"": {""MILK"": 9}, ""pending"": {""MILK"": 0}, ""step"": 710}, {""chosen"": {""MILK"": 12}, ""pending"": {""MILK"": 0}, ""step"": 712}, {""chosen"": {""MILK"": 3}, ""pending"": {""MILK"": 0}, ""step"": 713}, {""chosen"": {""MILK"": 3}, ""pending"": {""MILK"": 0}, ""step"": 715}, {""chosen"": {""MILK"": 3}, ""pending"": {""MILK"": 0}, ""step"": 716}]",0,0,,,,,,,,,,,,,,,
505948568,0,128297.0,132732.0,-4435.0,loss,DONE,DONE,1,4.251709400035907,0,0,0,0,719,0,0,0.04,4.659220000000001,9.025608000000041,14.6041,"{""BUILD_PASTURE"": 14, ""CARE"": 308, ""COLLECT_FERTILIZER"": 318, ""DIG"": 25, ""DROP"": 80, ""EAST"": 857, ""FEED"": 319, ""FERTILIZE"": 107, ""HARVEST"": 338, ""NORTH"": 1236, ""PASS"": 377, ""PICKUP"": 339, ""PLACE"": 27, ""PLANT"": 131, ""SOUTH"": 929, ""WATER"": 851, ""WEST"": 1098}","{""BUY_ANIMAL"": 14, ""BUY_LAND"": 2, ""BUY_PRODUCT"": 279, ""BUY_SEED"": 54, ""HIRE"": 306, ""SELL"": 472}","{""BUY_ANIMAL:COW"": 8, ""BUY_ANIMAL:SHEEP"": 6, ""BUY_PRODUCT:WHEAT"": 967, ""BUY_SEED:MELON"": 21, ""BUY_SEED:STRAWBERRY"": 44, ""BUY_SEED:WHEAT"": 66, ""SELL:CARROT"": 13, ""SELL:EGG"": 8, ""SELL:FERTILIZER"": 445, ""SELL:MELON"": 224, ""SELL:MILK"": 568, ""SELL:STRAWBERRY"": 591, ""SELL:TOMATO"": 4, ""SELL:WHEAT"": 1108, ""SELL:WOOL"": 373}",90140955,sensitive,C:\Users\Administrator\Desktop\code\kaggriculture\baseline\history\v015a_market_collision\log\90140955.json,526,121,331,217,0,161,16,72,32,171,29,11,sensitive,718,"{""MELON"": {""base"": 3, ""carried_value"": 0, ""chosen"": 3, ""deferred"": 0, ""gain"": 0.0, ""opponent_future"": 0.0, ""opponent_now"": 0.0, ""released"": 0, ""residual_value"": 0.0, ""step"": 714}, ""MILK"": {""base"": 3, ""carried_value"": 585, ""chosen"": 3, ""deferred"": 0, ""gain"": 0.0, ""opponent_future"": 16.0, ""opponent_now"": 0.0, ""released"": 0, ""residual_value"": 0.0, ""step"": 716}, ""STRAWBERRY"": {""base"": 3, ""carried_value"": 609, ""chosen"": 3, ""deferred"": 0, ""gain"": 0.0, ""opponent_future"": 0.0, ""opponent_now"": 0.0, ""released"": 0, ""residual_value"": 0.0, ""step"": 717}, ""WOOL"": {""base"": 12, ""carried_value"": 2928, ""chosen"": 12, ""deferred"": 0, ""gain"": 0.0, ""opponent_future"": 6.6667, ""opponent_now"": 0.0, ""released"": 0, ""residual_value"": 0.0, ""step"": 715}}","{""MELON"": 0, ""MILK"": 0, ""STRAWBERRY"": 0, ""WOOL"": 0}","[{""chosen"": {""MELON"": 16}, ""pending"": {""MELON"": 0}, ""step"": 259}, {""chosen"": {""STRAWBERRY"": 4}, ""pending"": {""MELON"": 0, ""STRAWBERRY"": 0}, ""step"": 269}, {""chosen"": {""MILK"": 9}, ""pending"": {""MELON"": 0, ""MILK"": 0, ""STRAWBERRY"": 0}, ""step"": 387}, {""chosen"": {""MILK"": 9}, ""pending"": {""MELON"": 0, ""MILK"": 0, ""STRAWBERRY"": 0}, ""step"": 409}, {""chosen"": {""MILK"": 7}, ""pending"": {""MELON"": 0, ""MILK"": 1, ""STRAWBERRY"": 0}, ""step"": 438}, {""chosen"": {""MILK"": 0}, ""pending"": {""MELON"": 0, ""MILK"": 1, ""STRAWBERRY"": 0}, ""step"": 439}, {""chosen"": {""MILK"": 5}, ""pending"": {""MELON"": 0, ""MILK"": 0, ""STRAWBERRY"": 0}, ""step"": 440}, {""chosen"": {""MILK"": 0, ""STRAWBERRY"": 2, ""WOOL"": 4}, ""pending"": {""MELON"": 0, ""MILK"": 1, ""STRAWBERRY"": 0, ""WOOL"": 0}, ""step"": 470}, {""chosen"": {""MILK"": 10, ""STRAWBERRY"": 10}, ""pending"": {""MELON"": 0, ""MILK"": 0, ""STRAWBERRY"": 0, ""WOOL"": 0}, ""step"": 471}, {""chosen"": {""STRAWBERRY"": 1}, ""pending"": {""MELON"": 0, ""MILK"": 0, ""STRAWBERRY"": 0, ""WOOL"": 0}, ""step"": 472}, {""chosen"": {""STRAWBERRY"": 6}, ""pending"": {""MELON"": 0, ""MILK"": 0, ""STRAWBERRY"": 0, ""WOOL"": 0}, ""step"": 478}, {""chosen"": {""STRAWBERRY"": 12}, ""pending"": {""MELON"": 0, ""MILK"": 0, ""STRAWBERRY"": 0, ""WOOL"": 0}, ""step"": 481}, {""chosen"": {""MILK"": 15}, ""pending"": {""MELON"": 0, ""MILK"": 0, ""STRAWBERRY"": 0, ""WOOL"": 0}, ""step"": 485}, {""chosen"": {""STRAWBERRY"": 3}, ""pending"": {""MELON"": 0, ""MILK"": 0, ""STRAWBERRY"": 0, ""WOOL"": 0}, ""step"": 526}, {""chosen"": {""STRAWBERRY"": 14}, ""pending"": {""MELON"": 0, ""MILK"": 0, ""STRAWBERRY"": 0, ""WOOL"": 0}, ""step"": 528}, {""chosen"": {""STRAWBERRY"": 14}, ""pending"": {""MELON"": 0, ""MILK"": 0, ""STRAWBERRY"": 0, ""WOOL"": 0}, ""step"": 531}, {""chosen"": {""MILK"": 19, ""WOOL"": 24}, ""pending"": {""MELON"": 0, ""MILK"": 0, ""STRAWBERRY"": 0, ""WOOL"": 0}, ""step"": 537}, {""chosen"": {""WOOL"": 8}, ""pending"": {""MELON"": 0, ""MILK"": 0, ""STRAWBERRY"": 0, ""WOOL"": 0}, ""step"": 552}, {""chosen"": {""MELON"": 6}, ""pending"": {""MELON"": 0, ""MILK"": 0, ""STRAWBERRY"": 0, ""WOOL"": 0}, ""step"": 563}, {""chosen"": {""MILK"": 0, ""STRAWBERRY"": 14, ""WOOL"": 3}, ""pending"": {""MELON"": 0, ""MILK"": 1, ""STRAWBERRY"": 0, ""WOOL"": 0}, ""step"": 566}, {""chosen"": {""MELON"": 9}, ""pending"": {""MELON"": 0, ""MILK"": 1, ""STRAWBERRY"": 0, ""WOOL"": 0}, ""step"": 567}, {""chosen"": {""MILK"": 2, ""STRAWBERRY"": 4}, ""pending"": {""MELON"": 0, ""MILK"": 0, ""STRAWBERRY"": 0, ""WOOL"": 0}, ""step"": 569}, {""chosen"": {""MILK"": 0}, ""pending"": {""MELON"": 0, ""MILK"": 1, ""STRAWBERRY"": 0, ""WOOL"": 0}, ""step"": 572}, {""chosen"": {""MILK"": 13, ""STRAWBERRY"": 6}, ""pending"": {""MELON"": 0, ""MILK"": 0, ""STRAWBERRY"": 0, ""WOOL"": 0}, ""step"": 573}, {""chosen"": {""MELON"": 6, ""STRAWBERRY"": 29}, ""pending"": {""MELON"": 0, ""MILK"": 0, ""STRAWBERRY"": 0, ""WOOL"": 0}, ""step"": 576}, {""chosen"": {""MELON"": 8, ""STRAWBERRY"": 35}, ""pending"": {""MELON"": 0, ""MILK"": 0, ""STRAWBERRY"": 0, ""WOOL"": 0}, ""step"": 578}, {""chosen"": {""STRAWBERRY"": 4}, ""pending"": {""MELON"": 0, ""MILK"": 0, ""STRAWBERRY"": 0, ""WOOL"": 0}, ""step"": 598}, {""chosen"": {""STRAWBERRY"": 21}, ""pending"": {""MELON"": 0, ""MILK"": 0, ""STRAWBERRY"": 0, ""WOOL"": 0}, ""step"": 600}, {""chosen"": {""MILK"": 6}, ""pending"": {""MELON"": 0, ""MILK"": 0, ""STRAWBERRY"": 0, ""WOOL"": 0}, ""step"": 607}, {""chosen"": {""MILK"": 15}, ""pending"": {""MELON"": 0, ""MILK"": 0, ""STRAWBERRY"": 0, ""WOOL"": 0}, ""step"": 608}, {""chosen"": {""MILK"": 9}, ""pending"": {""MELON"": 0, ""MILK"": 0, ""STRAWBERRY"": 0, ""WOOL"": 0}, ""step"": 609}, {""chosen"": {""MELON"": 6, ""WOOL"": 1}, ""pending"": {""MELON"": 0, ""MILK"": 0, ""STRAWBERRY"": 0, ""WOOL"": 0}, ""step"": 625}, {""chosen"": {""WOOL"": 2}, ""pending"": {""MELON"": 0, ""MILK"": 0, ""STRAWBERRY"": 0, ""WOOL"": 0}, ""step"": 627}, {""chosen"": {""MILK"": 15, ""STRAWBERRY"": 20}, ""pending"": {""MELON"": 0, ""MILK"": 0, ""STRAWBERRY"": 0, ""WOOL"": 0}, ""step"": 633}, {""chosen"": {""MILK"": 30, ""STRAWBERRY"": 20}, ""pending"": {""MELON"": 0, ""MILK"": 0, ""STRAWBERRY"": 0, ""WOOL"": 0}, ""step"": 637}, {""chosen"": {""MELON"": 6}, ""pending"": {""MELON"": 0, ""MILK"": 0, ""STRAWBERRY"": 0, ""WOOL"": 0}, ""step"": 649}, {""chosen"": {""MILK"": 0}, ""pending"": {""MELON"": 0, ""MILK"": 1, ""STRAWBERRY"": 0, ""WOOL"": 0}, ""step"": 656}, {""chosen"": {""MILK"": 1, ""STRAWBERRY"": 0, ""WOOL"": 1}, ""pending"": {""MELON"": 0, ""MILK"": 1, ""STRAWBERRY"": 1, ""WOOL"": 0}, ""step"": 657}, {""chosen"": {""WOOL"": 1}, ""pending"": {""MELON"": 0, ""MILK"": 1, ""STRAWBERRY"": 1, ""WOOL"": 0}, ""step"": 660}, {""chosen"": {""MILK"": 1, ""STRAWBERRY"": 1, ""WOOL"": 1}, ""pending"": {""MELON"": 0, ""MILK"": 1, ""STRAWBERRY"": 1, ""WOOL"": 0}, ""step"": 661}, {""chosen"": {""STRAWBERRY"": 1}, ""pending"": {""MELON"": 0, ""MILK"": 1, ""STRAWBERRY"": 1, ""WOOL"": 0}, ""step"": 663}, {""chosen"": {""STRAWBERRY"": 1}, ""pending"": {""MELON"": 0, ""MILK"": 1, ""STRAWBERRY"": 1, ""WOOL"": 0}, ""step"": 664}, {""chosen"": {""STRAWBERRY"": 1}, ""pending"": {""MELON"": 0, ""MILK"": 1, ""STRAWBERRY"": 1, ""WOOL"": 0}, ""step"": 665}, {""chosen"": {""MILK"": 1}, ""pending"": {""MELON"": 0, ""MILK"": 1, ""STRAWBERRY"": 1, ""WOOL"": 0}, ""step"": 667}, {""chosen"": {""STRAWBERRY"": 1}, ""pending"": {""MELON"": 0, ""MILK"": 1, ""STRAWBERRY"": 1, ""WOOL"": 0}, ""step"": 668}, {""chosen"": {""STRAWBERRY"": 1}, ""pending"": {""MELON"": 0, ""MILK"": 1, ""STRAWBERRY"": 1, ""WOOL"": 0}, ""step"": 669}, {""chosen"": {""MILK"": 1}, ""pending"": {""MELON"": 0, ""MILK"": 1, ""STRAWBERRY"": 1, ""WOOL"": 0}, ""step"": 670}, {""chosen"": {""MILK"": 1}, ""pending"": {""MELON"": 0, ""MILK"": 1, ""STRAWBERRY"": 1, ""WOOL"": 0}, ""step"": 673}, {""chosen"": {""MILK"": 1}, ""pending"": {""MELON"": 0, ""MILK"": 1, ""STRAWBERRY"": 1, ""WOOL"": 0}, ""step"": 674}, {""chosen"": {""MILK"": 1}, ""pending"": {""MELON"": 0, ""MILK"": 1, ""STRAWBERRY"": 1, ""WOOL"": 0}, ""step"": 678}, {""chosen"": {""STRAWBERRY"": 1}, ""pending"": {""MELON"": 0, ""MILK"": 1, ""STRAWBERRY"": 1, ""WOOL"": 0}, ""step"": 681}, {""chosen"": {""STRAWBERRY"": 1}, ""pending"": {""MELON"": 0, ""MILK"": 1, ""STRAWBERRY"": 1, ""WOOL"": 0}, ""step"": 682}, {""chosen"": {""MILK"": 1, ""STRAWBERRY"": 4}, ""pending"": {""MELON"": 0, ""MILK"": 1, ""STRAWBERRY"": 0, ""WOOL"": 0}, ""step"": 685}, {""chosen"": {""MILK"": 1, ""STRAWBERRY"": 23}, ""pending"": {""MELON"": 0, ""MILK"": 1, ""STRAWBERRY"": 0, ""WOOL"": 0}, ""step"": 686}, {""chosen"": {""STRAWBERRY"": 3}, ""pending"": {""MELON"": 0, ""MILK"": 1, ""STRAWBERRY"": 0, ""WOOL"": 0}, ""step"": 688}, {""chosen"": {""STRAWBERRY"": 6}, ""pending"": {""MELON"": 0, ""MILK"": 1, ""STRAWBERRY"": 0, ""WOOL"": 0}, ""step"": 689}, {""chosen"": {""STRAWBERRY"": 14}, ""pending"": {""MELON"": 0, ""MILK"": 1, ""STRAWBERRY"": 0, ""WOOL"": 0}, ""step"": 690}, {""chosen"": {""STRAWBERRY"": 13}, ""pending"": {""MELON"": 0, ""MILK"": 1, ""STRAWBERRY"": 0, ""WOOL"": 0}, ""step"": 697}, {""chosen"": {""MILK"": 6}, ""pending"": {""MELON"": 0, ""MILK"": 1, ""STRAWBERRY"": 0, ""WOOL"": 0}, ""step"": 698}, {""chosen"": {""WOOL"": 22}, ""pending"": {""MELON"": 0, ""MILK"": 1, ""STRAWBERRY"": 0, ""WOOL"": 0}, ""step"": 699}, {""chosen"": {""MILK"": 4}, ""pending"": {""MELON"": 0, ""MILK"": 1, ""STRAWBERRY"": 0, ""WOOL"": 0}, ""step"": 702}, {""chosen"": {""MILK"": 4, ""WOOL"": 24}, ""pending"": {""MELON"": 0, ""MILK"": 0, ""STRAWBERRY"": 0, ""WOOL"": 0}, ""step"": 703}, {""chosen"": {""MELON"": 1}, ""pending"": {""MELON"": 0, ""MILK"": 0, ""STRAWBERRY"": 0, ""WOOL"": 0}, ""step"": 707}, {""chosen"": {""MELON"": 8, ""WOOL"": 12}, ""pending"": {""MELON"": 0, ""MILK"": 0, ""STRAWBERRY"": 0, ""WOOL"": 0}, ""step"": 709}, {""chosen"": {""MELON"": 3, ""MILK"": 9}, ""pending"": {""MELON"": 0, ""MILK"": 0, ""STRAWBERRY"": 0, ""WOOL"": 0}, ""step"": 710}, {""chosen"": {""MELON"": 1}, ""pending"": {""MELON"": 0, ""MILK"": 0, ""STRAWBERRY"": 0, ""WOOL"": 0}, ""step"": 711}, {""chosen"": {""MILK"": 12, ""WOOL"": 20}, ""pending"": {""MELON"": 0, ""MILK"": 0, ""STRAWBERRY"": 0, ""WOOL"": 0}, ""step"": 712}, {""chosen"": {""MELON"": 8, ""MILK"": 3, ""STRAWBERRY"": 6}, ""pending"": {""MELON"": 0, ""MILK"": 0, ""STRAWBERRY"": 0, ""WOOL"": 0}, ""step"": 713}, {""chosen"": {""MELON"": 3}, ""pending"": {""MELON"": 0, ""MILK"": 0, ""STRAWBERRY"": 0, ""WOOL"": 0}, ""step"": 714}, {""chosen"": {""MILK"": 3, ""WOOL"": 12}, ""pending"": {""MELON"": 0, ""MILK"": 0, ""STRAWBERRY"": 0, ""WOOL"": 0}, ""step"": 715}, {""chosen"": {""MILK"": 3}, ""pending"": {""MELON"": 0, ""MILK"": 0, ""STRAWBERRY"": 0, ""WOOL"": 0}, ""step"": 716}, {""chosen"": {""STRAWBERRY"": 3}, ""pending"": {""MELON"": 0, ""MILK"": 0, ""STRAWBERRY"": 0, ""WOOL"": 0}, ""step"": 717}]",0,0,81,81,0,40,0,344,299,0,106,9,135,135,0,42,0
505948568,0,127733.0,131837.0,-4104.0,loss,DONE,DONE,1,4.390087699983269,0,0,0,0,719,0,0,0.0444,2.637360000000001,7.171738000000025,10.2795,"{""BUILD_PASTURE"": 14, ""CARE"": 308, ""COLLECT_FERTILIZER"": 318, ""DIG"": 25, ""DROP"": 80, ""EAST"": 857, ""FEED"": 319, ""FERTILIZE"": 107, ""HARVEST"": 338, ""NORTH"": 1236, ""PASS"": 377, ""PICKUP"": 339, ""PLACE"": 27, ""PLANT"": 131, ""SOUTH"": 929, ""WATER"": 851, ""WEST"": 1098}","{""BUY_ANIMAL"": 14, ""BUY_LAND"": 2, ""BUY_PRODUCT"": 279, ""BUY_SEED"": 54, ""HIRE"": 306, ""SELL"": 478}","{""BUY_ANIMAL:COW"": 8, ""BUY_ANIMAL:SHEEP"": 6, ""BUY_PRODUCT:WHEAT"": 967, ""BUY_SEED:MELON"": 21, ""BUY_SEED:STRAWBERRY"": 44, ""BUY_SEED:WHEAT"": 66, ""SELL:CARROT"": 13, ""SELL:EGG"": 8, ""SELL:FERTILIZER"": 445, ""SELL:MELON"": 224, ""SELL:MILK"": 586, ""SELL:STRAWBERRY"": 636, ""SELL:TOMATO"": 4, ""SELL:WHEAT"": 1108, ""SELL:WOOL"": 373}",90140955,conservative,C:\Users\Administrator\Desktop\code\kaggriculture\baseline\history\v015a_market_collision\log\90140955.json,608,67,356,260,0,144,13,44,15,100,15,11,conservative,718,"{""MILK"": {""base"": 3, ""carried_value"": 573, ""chosen"": 3, ""deferred"": 0, ""gain"": 0.0, ""opponent_future"": 16.0, ""opponent_now"": 0.0, ""released"": 0, ""residual_value"": 0.0, ""step"": 716}, ""WOOL"": {""base"": 12, ""carried_value"": 2928, ""chosen"": 12, ""deferred"": 0, ""gain"": 0.0, ""opponent_future"": 6.6667, ""opponent_now"": 0.0, ""released"": 0, ""residual_value"": 0.0, ""step"": 715}}","{""MILK"": 0, ""WOOL"": 0}","[{""chosen"": {""WOOL"": 6}, ""pending"": {""WOOL"": 0}, ""step"": 280}, {""chosen"": {""WOOL"": 4}, ""pending"": {""WOOL"": 0}, ""step"": 365}, {""chosen"": {""MILK"": 9}, ""pending"": {""MILK"": 0, ""WOOL"": 0}, ""step"": 387}, {""chosen"": {""MILK"": 9}, ""pending"": {""MILK"": 0, ""WOOL"": 0}, ""step"": 409}, {""chosen"": {""MILK"": 8}, ""pending"": {""MILK"": 0, ""WOOL"": 0}, ""step"": 438}, {""chosen"": {""MILK"": 5}, ""pending"": {""MILK"": 0, ""WOOL"": 0}, ""step"": 439}, {""chosen"": {""MILK"": 9, ""WOOL"": 4}, ""pending"": {""MILK"": 0, ""WOOL"": 0}, ""step"": 470}, {""chosen"": {""MILK"": 9}, ""pending"": {""MILK"": 0, ""WOOL"": 0}, ""step"": 471}, {""chosen"": {""MILK"": 15}, ""pending"": {""MILK"": 0, ""WOOL"": 0}, ""step"": 484}, {""chosen"": {""MILK"": 15}, ""pending"": {""MILK"": 0, ""WOOL"": 0}, ""step"": 485}, {""chosen"": {""MILK"": 15}, ""pending"": {""MILK"": 0, ""WOOL"": 0}, ""step"": 536}, {""chosen"": {""MILK"": 19, ""WOOL"": 24}, ""pending"": {""MILK"": 0, ""WOOL"": 0}, ""step"": 537}, {""chosen"": {""WOOL"": 8}, ""pending"": {""MILK"": 0, ""WOOL"": 0}, ""step"": 552}, {""chosen"": {""MILK"": 4, ""WOOL"": 3}, ""pending"": {""MILK"": 0, ""WOOL"": 0}, ""step"": 566}, {""chosen"": {""MILK"": 1}, ""pending"": {""MILK"": 1, ""WOOL"": 0}, ""step"": 572}, {""chosen"": {""MILK"": 13}, ""pending"": {""MILK"": 0, ""WOOL"": 0}, ""step"": 573}, {""chosen"": {""MILK"": 6}, ""pending"": {""MILK"": 0, ""WOOL"": 0}, ""step"": 607}, {""chosen"": {""MILK"": 15}, ""pending"": {""MILK"": 0, ""WOOL"": 0}, ""step"": 608}, {""chosen"": {""MILK"": 9}, ""pending"": {""MILK"": 0, ""WOOL"": 0}, ""step"": 609}, {""chosen"": {""WOOL"": 1}, ""pending"": {""MILK"": 0, ""WOOL"": 0}, ""step"": 625}, {""chosen"": {""WOOL"": 2}, ""pending"": {""MILK"": 0, ""WOOL"": 0}, ""step"": 627}, {""chosen"": {""MILK"": 15}, ""pending"": {""MILK"": 0, ""WOOL"": 0}, ""step"": 633}, {""chosen"": {""MILK"": 30}, ""pending"": {""MILK"": 0, ""WOOL"": 0}, ""step"": 637}, {""chosen"": {""MILK"": 0}, ""pending"": {""MILK"": 1, ""WOOL"": 0}, ""step"": 656}, {""chosen"": {""MILK"": 1, ""WOOL"": 1}, ""pending"": {""MILK"": 1, ""WOOL"": 0}, ""step"": 657}, {""chosen"": {""WOOL"": 1}, ""pending"": {""MILK"": 1, ""WOOL"": 0}, ""step"": 660}, {""chosen"": {""MILK"": 1, ""WOOL"": 1}, ""pending"": {""MILK"": 1, ""WOOL"": 0}, ""step"": 661}, {""chosen"": {""MILK"": 1}, ""pending"": {""MILK"": 1, ""WOOL"": 0}, ""step"": 667}, {""chosen"": {""MILK"": 1}, ""pending"": {""MILK"": 1, ""WOOL"": 0}, ""step"": 670}, {""chosen"": {""MILK"": 1}, ""pending"": {""MILK"": 1, ""WOOL"": 0}, ""step"": 673}, {""chosen"": {""MILK"": 1}, ""pending"": {""MILK"": 1, ""WOOL"": 0}, ""step"": 674}, {""chosen"": {""MILK"": 1}, ""pending"": {""MILK"": 1, ""WOOL"": 0}, ""step"": 678}, {""chosen"": {""MILK"": 1}, ""pending"": {""MILK"": 1, ""WOOL"": 0}, ""step"": 685}, {""chosen"": {""MILK"": 1}, ""pending"": {""MILK"": 1, ""WOOL"": 0}, ""step"": 686}, {""chosen"": {""MILK"": 4}, ""pending"": {""MILK"": 1, ""WOOL"": 0}, ""step"": 698}, {""chosen"": {""WOOL"": 22}, ""pending"": {""MILK"": 1, ""WOOL"": 0}, ""step"": 699}, {""chosen"": {""MILK"": 7}, ""pending"": {""MILK"": 1, ""WOOL"": 0}, ""step"": 702}, {""chosen"": {""MILK"": 4, ""WOOL"": 24}, ""pending"": {""MILK"": 0, ""WOOL"": 0}, ""step"": 703}, {""chosen"": {""WOOL"": 12}, ""pending"": {""MILK"": 0, ""WOOL"": 0}, ""step"": 709}, {""chosen"": {""MILK"": 9}, ""pending"": {""MILK"": 0, ""WOOL"": 0}, ""step"": 710}, {""chosen"": {""MILK"": 12, ""WOOL"": 20}, ""pending"": {""MILK"": 0, ""WOOL"": 0}, ""step"": 712}, {""chosen"": {""MILK"": 3}, ""pending"": {""MILK"": 0, ""WOOL"": 0}, ""step"": 713}, {""chosen"": {""MILK"": 3, ""WOOL"": 12}, ""pending"": {""MILK"": 0, ""WOOL"": 0}, ""step"": 715}, {""chosen"": {""MILK"": 3}, ""pending"": {""MILK"": 0, ""WOOL"": 0}, ""step"": 716}]",0,0,,,,,,,,,,,145,145,0,44,0
1900815269,0,99998.0,108146.0,-8148.0,loss,DONE,DONE,1,4.106711899978109,0,0,0,0,719,0,0,0.0248,0.07968000000000004,0.16202400000000117,0.4078,"{""BUILD_PASTURE"": 14, ""CARE"": 308, ""COLLECT_FERTILIZER"": 318, ""DIG"": 25, ""DROP"": 80, ""EAST"": 857, ""FEED"": 319, ""FERTILIZE"": 107, ""HARVEST"": 338, ""NORTH"": 1236, ""PASS"": 377, ""PICKUP"": 339, ""PLACE"": 27, ""PLANT"": 131, ""SOUTH"": 929, ""WATER"": 851, ""WEST"": 1098}","{""BUY_ANIMAL"": 14, ""BUY_LAND"": 2, ""BUY_PRODUCT"": 279, ""BUY_SEED"": 54, ""HIRE"": 306, ""SELL"": 471}","{""BUY_ANIMAL:COW"": 8, ""BUY_ANIMAL:SHEEP"": 6, ""BUY_PRODUCT:WHEAT"": 967, ""BUY_SEED:MELON"": 21, ""BUY_SEED:STRAWBERRY"": 44, ""BUY_SEED:WHEAT"": 66, ""SELL:CARROT"": 13, ""SELL:EGG"": 8, ""SELL:FERTILIZER"": 445, ""SELL:MELON"": 224, ""SELL:MILK"": 662, ""SELL:STRAWBERRY"": 620, ""SELL:TOMATO"": 4, ""SELL:WHEAT"": 1108, ""SELL:WOOL"": 367}",90143872,control,C:\Users\Administrator\Desktop\code\kaggriculture\baseline\history\v015a_market_collision\log\90143872.json,,,,,,,,,,,,,,,,,,,,,,,,,,,,,,,,,,
1900815269,0,100033.0,108340.0,-8307.0,loss,DONE,DONE,1,4.507342900033109,0,0,0,0,719,0,0,0.044,2.3657,5.578274000000008,7.6879,"{""BUILD_PASTURE"": 14, ""CARE"": 308, ""COLLECT_FERTILIZER"": 318, ""DIG"": 25, ""DROP"": 80, ""EAST"": 857, ""FEED"": 319, ""FERTILIZE"": 107, ""HARVEST"": 338, ""NORTH"": 1236, ""PASS"": 377, ""PICKUP"": 339, ""PLACE"": 27, ""PLANT"": 131, ""SOUTH"": 929, ""WATER"": 851, ""WEST"": 1098}","{""BUY_ANIMAL"": 14, ""BUY_LAND"": 2, ""BUY_PRODUCT"": 279, ""BUY_SEED"": 54, ""HIRE"": 306, ""SELL"": 466}","{""BUY_ANIMAL:COW"": 8, ""BUY_ANIMAL:SHEEP"": 6, ""BUY_PRODUCT:WHEAT"": 967, ""BUY_SEED:MELON"": 21, ""BUY_SEED:STRAWBERRY"": 44, ""BUY_SEED:WHEAT"": 66, ""SELL:CARROT"": 13, ""SELL:EGG"": 8, ""SELL:FERTILIZER"": 445, ""SELL:MELON"": 224, ""SELL:MILK"": 612, ""SELL:STRAWBERRY"": 620, ""SELL:TOMATO"": 4, ""SELL:WHEAT"": 1108, ""SELL:WOOL"": 367}",90143872,balanced,C:\Users\Administrator\Desktop\code\kaggriculture\baseline\history\v015a_market_collision\log\90143872.json,646,29,433,383,0,136,6,44,9,56,9,11,balanced,718,"{""MILK"": {""base"": 3, ""carried_value"": 507, ""chosen"": 3, ""deferred"": 0, ""gain"": 0.0, ""opponent_future"": 16.0, ""opponent_now"": 0.0, ""released"": 0, ""residual_value"": 0.0, ""step"": 716}}","{""MILK"": 0}","[{""chosen"": {""MILK"": 9}, ""pending"": {""MILK"": 0}, ""step"": 293}, {""chosen"": {""MILK"": 12}, ""pending"": {""MILK"": 0}, ""step"": 294}, {""chosen"": {""MILK"": 9}, ""pending"": {""MILK"": 0}, ""step"": 366}, {""chosen"": {""MILK"": 9}, ""pending"": {""MILK"": 0}, ""step"": 367}, {""chosen"": {""MILK"": 9}, ""pending"": {""MILK"": 0}, ""step"": 386}, {""chosen"": {""MILK"": 9}, ""pending"": {""MILK"": 0}, ""step"": 387}, {""chosen"": {""MILK"": 9}, ""pending"": {""MILK"": 0}, ""step"": 409}, {""chosen"": {""MILK"": 3}, ""pending"": {""MILK"": 0}, ""step"": 442}, {""chosen"": {""MILK"": 5}, ""pending"": {""MILK"": 0}, ""step"": 443}, {""chosen"": {""MILK"": 20}, ""pending"": {""MILK"": 0}, ""step"": 444}, {""chosen"": {""MILK"": 9}, ""pending"": {""MILK"": 0}, ""step"": 471}, {""chosen"": {""MILK"": 15}, ""pending"": {""MILK"": 0}, ""step"": 484}, {""chosen"": {""MILK"": 2}, ""pending"": {""MILK"": 0}, ""step"": 524}, {""chosen"": {""MILK"": 15}, ""pending"": {""MILK"": 0}, ""step"": 536}, {""chosen"": {""MILK"": 19}, ""pending"": {""MILK"": 0}, ""step"": 537}, {""chosen"": {""MILK"": 24}, ""pending"": {""MILK"": 0}, ""step"": 541}, {""chosen"": {""MILK"": 4}, ""pending"": {""MILK"": 0}, ""step"": 562}, {""chosen"": {""MILK"": 4}, ""pending"": {""MILK"": 0}, ""step"": 566}, {""chosen"": {""MILK"": 2}, ""pending"": {""MILK"": 0}, ""step"": 572}, {""chosen"": {""MILK"": 6}, ""pending"": {""MILK"": 0}, ""step"": 607}, {""chosen"": {""MILK"": 15}, ""pending"": {""MILK"": 0}, ""step"": 608}, {""chosen"": {""MILK"": 9}, ""pending"": {""MILK"": 0}, ""step"": 609}, {""chosen"": {""MILK"": 6}, ""pending"": {""MILK"": 0}, ""step"": 612}, {""chosen"": {""MILK"": 14}, ""pending"": {""MILK"": 0}, ""step"": 617}, {""chosen"": {""MILK"": 15}, ""pending"": {""MILK"": 0}, ""step"": 633}, {""chosen"": {""MILK"": 30}, ""pending"": {""MILK"": 0}, ""step"": 637}, {""chosen"": {""MILK"": 9}, ""pending"": {""MILK"": 0}, ""step"": 656}, {""chosen"": {""MILK"": 9}, ""pending"": {""MILK"": 0}, ""step"": 657}, {""chosen"": {""MILK"": 10}, ""pending"": {""MILK"": 0}, ""step"": 661}, {""chosen"": {""MILK"": 4}, ""pending"": {""MILK"": 0}, ""step"": 667}, {""chosen"": {""MILK"": 15}, ""pending"": {""MILK"": 0}, ""step"": 670}, {""chosen"": {""MILK"": 0}, ""pending"": {""MILK"": 1}, ""step"": 673}, {""chosen"": {""MILK"": 9}, ""pending"": {""MILK"": 0}, ""step"": 674}, {""chosen"": {""MILK"": 0}, ""pending"": {""MILK"": 1}, ""step"": 678}, {""chosen"": {""MILK"": 1}, ""pending"": {""MILK"": 1}, ""step"": 685}, {""chosen"": {""MILK"": 1}, ""pending"": {""MILK"": 1}, ""step"": 686}, {""chosen"": {""MILK"": 10}, ""pending"": {""MILK"": 0}, ""step"": 698}, {""chosen"": {""MILK"": 0}, ""pending"": {""MILK"": 1}, ""step"": 702}, {""chosen"": {""MILK"": 1}, ""pending"": {""MILK"": 1}, ""step"": 703}, {""chosen"": {""MILK"": 10}, ""pending"": {""MILK"": 0}, ""step"": 710}, {""chosen"": {""MILK"": 12}, ""pending"": {""MILK"": 0}, ""step"": 712}, {""chosen"": {""MILK"": 3}, ""pending"": {""MILK"": 0}, ""step"": 713}, {""chosen"": {""MILK"": 3}, ""pending"": {""MILK"": 0}, ""step"": 715}, {""chosen"": {""MILK"": 3}, ""pending"": {""MILK"": 0}, ""step"": 716}]",0,0,,,,,,,,,,,,,,,
1900815269,0,100973.0,108823.0,-7850.0,loss,DONE,DONE,1,4.531756500015035,0,0,0,0,719,0,0,0.0415,4.438590000000003,8.724734000000002,16.6137,"{""BUILD_PASTURE"": 14, ""CARE"": 308, ""COLLECT_FERTILIZER"": 318, ""DIG"": 25, ""DROP"": 80, ""EAST"": 857, ""FEED"": 319, ""FERTILIZE"": 107, ""HARVEST"": 338, ""NORTH"": 1236, ""PASS"": 377, ""PICKUP"": 339, ""PLACE"": 27, ""PLANT"": 131, ""SOUTH"": 929, ""WATER"": 851, ""WEST"": 1098}","{""BUY_ANIMAL"": 14, ""BUY_LAND"": 2, ""BUY_PRODUCT"": 279, ""BUY_SEED"": 54, ""HIRE"": 306, ""SELL"": 468}","{""BUY_ANIMAL:COW"": 8, ""BUY_ANIMAL:SHEEP"": 6, ""BUY_PRODUCT:WHEAT"": 967, ""BUY_SEED:MELON"": 21, ""BUY_SEED:STRAWBERRY"": 44, ""BUY_SEED:WHEAT"": 66, ""SELL:CARROT"": 13, ""SELL:EGG"": 8, ""SELL:FERTILIZER"": 445, ""SELL:MELON"": 224, ""SELL:MILK"": 662, ""SELL:STRAWBERRY"": 575, ""SELL:TOMATO"": 4, ""SELL:WHEAT"": 1108, ""SELL:WOOL"": 346}",90143872,sensitive,C:\Users\Administrator\Desktop\code\kaggriculture\baseline\history\v015a_market_collision\log\90143872.json,532,99,379,379,0,171,1,88,14,72,14,11,sensitive,718,"{""MELON"": {""base"": 3, ""carried_value"": 0, ""chosen"": 3, ""deferred"": 0, ""gain"": 0.0, ""opponent_future"": 0.0, ""opponent_now"": 0.0, ""released"": 0, ""residual_value"": 0.0, ""step"": 714}, ""MILK"": {""base"": 3, ""carried_value"": 531, ""chosen"": 3, ""deferred"": 0, ""gain"": 0.0, ""opponent_future"": 16.0, ""opponent_now"": 0.0, ""released"": 0, ""residual_value"": 0.0, ""step"": 716}, ""STRAWBERRY"": {""base"": 3, ""carried_value"": 600, ""chosen"": 3, ""deferred"": 0, ""gain"": 0.0, ""opponent_future"": 0.0, ""opponent_now"": 0.0, ""released"": 0, ""residual_value"": 0.0, ""step"": 717}, ""WOOL"": {""base"": 12, ""carried_value"": 2796, ""chosen"": 12, ""deferred"": 0, ""gain"": 0.0, ""opponent_future"": 6.6667, ""opponent_now"": 0.0, ""released"": 0, ""residual_value"": 0.0, ""step"": 715}}","{""MELON"": 0, ""MILK"": 0, ""STRAWBERRY"": 0, ""WOOL"": 0}","[{""chosen"": {""MELON"": 16}, ""pending"": {""MELON"": 0}, ""step"": 259}, {""chosen"": {""STRAWBERRY"": 4}, ""pending"": {""MELON"": 0, ""STRAWBERRY"": 0}, ""step"": 269}, {""chosen"": {""STRAWBERRY"": 6}, ""pending"": {""MELON"": 0, ""STRAWBERRY"": 0}, ""step"": 292}, {""chosen"": {""MILK"": 12}, ""pending"": {""MELON"": 0, ""MILK"": 0, ""STRAWBERRY"": 0}, ""step"": 294}, {""chosen"": {""WOOL"": 6}, ""pending"": {""MELON"": 0, ""MILK"": 0, ""STRAWBERRY"": 0, ""WOOL"": 0}, ""step"": 354}, {""chosen"": {""WOOL"": 7}, ""pending"": {""MELON"": 0, ""MILK"": 0, ""STRAWBERRY"": 0, ""WOOL"": 0}, ""step"": 358}, {""chosen"": {""MELON"": 6, ""STRAWBERRY"": 4}, ""pending"": {""MELON"": 0, ""MILK"": 0, ""STRAWBERRY"": 0, ""WOOL"": 0}, ""step"": 359}, {""chosen"": {""WOOL"": 4}, ""pending"": {""MELON"": 0, ""MILK"": 0, ""STRAWBERRY"": 0, ""WOOL"": 0}, ""step"": 365}, {""chosen"": {""MILK"": 9, ""WOOL"": 4}, ""pending"": {""MELON"": 0, ""MILK"": 0, ""STRAWBERRY"": 0, ""WOOL"": 0}, ""step"": 366}, {""chosen"": {""MILK"": 9}, ""pending"": {""MELON"": 0, ""MILK"": 0, ""STRAWBERRY"": 0, ""WOOL"": 0}, ""step"": 367}, {""chosen"": {""MILK"": 9}, ""pending"": {""MELON"": 0, ""MILK"": 0, ""STRAWBERRY"": 0, ""WOOL"": 0}, ""step"": 386}, {""chosen"": {""MILK"": 9}, ""pending"": {""MELON"": 0, ""MILK"": 0, ""STRAWBERRY"": 0, ""WOOL"": 0}, ""step"": 387}, {""chosen"": {""MILK"": 9}, ""pending"": {""MELON"": 0, ""MILK"": 0, ""STRAWBERRY"": 0, ""WOOL"": 0}, ""step"": 409}, {""chosen"": {""WOOL"": 3}, ""pending"": {""MELON"": 0, ""MILK"": 0, ""STRAWBERRY"": 0, ""WOOL"": 0}, ""step"": 424}, {""chosen"": {""STRAWBERRY"": 17}, ""pending"": {""MELON"": 0, ""MILK"": 0, ""STRAWBERRY"": 0, ""WOOL"": 0}, ""step"": 441}, {""chosen"": {""MILK"": 3}, ""pending"": {""MELON"": 0, ""MILK"": 0, ""STRAWBERRY"": 0, ""WOOL"": 0}, ""step"": 442}, {""chosen"": {""MILK"": 5}, ""pending"": {""MELON"": 0, ""MILK"": 0, ""STRAWBERRY"": 0, ""WOOL"": 0}, ""step"": 443}, {""chosen"": {""MILK"": 20}, ""pending"": {""MELON"": 0, ""MILK"": 0, ""STRAWBERRY"": 0, ""WOOL"": 0}, ""step"": 444}, {""chosen"": {""MILK"": 6, ""STRAWBERRY"": 1}, ""pending"": {""MELON"": 0, ""MILK"": 0, ""STRAWBERRY"": 0, ""WOOL"": 0}, ""step"": 450}, {""chosen"": {""WOOL"": 4}, ""pending"": {""MELON"": 0, ""MILK"": 0, ""STRAWBERRY"": 0, ""WOOL"": 0}, ""step"": 456}, {""chosen"": {""WOOL"": 1}, ""pending"": {""MELON"": 0, ""MILK"": 0, ""STRAWBERRY"": 0, ""WOOL"": 0}, ""step"": 460}, {""chosen"": {""STRAWBERRY"": 1}, ""pending"": {""MELON"": 0, ""MILK"": 0, ""STRAWBERRY"": 0, ""WOOL"": 0}, ""step"": 464}, {""chosen"": {""STRAWBERRY"": 10}, ""pending"": {""MELON"": 0, ""MILK"": 0, ""STRAWBERRY"": 0, ""WOOL"": 0}, ""step"": 467}, {""chosen"": {""STRAWBERRY"": 1}, ""pending"": {""MELON"": 0, ""MILK"": 0, ""STRAWBERRY"": 0, ""WOOL"": 0}, ""step"": 468}, {""chosen"": {""MILK"": 9, ""STRAWBERRY"": 10}, ""pending"": {""MELON"": 0, ""MILK"": 0, ""STRAWBERRY"": 0, ""WOOL"": 0}, ""step"": 471}, {""chosen"": {""STRAWBERRY"": 6}, ""pending"": {""MELON"": 0, ""MILK"": 0, ""STRAWBERRY"": 0, ""WOOL"": 0}, ""step"": 478}, {""chosen"": {""STRAWBERRY"": 12}, ""pending"": {""MELON"": 0, ""MILK"": 0, ""STRAWBERRY"": 0, ""WOOL"": 0}, ""step"": 482}, {""chosen"": {""MILK"": 1}, ""pending"": {""MELON"": 0, ""MILK"": 1, ""STRAWBERRY"": 0, ""WOOL"": 0}, ""step"": 524}, {""chosen"": {""MILK"": 3}, ""pending"": {""MELON"": 0, ""MILK"": 0, ""STRAWBERRY"": 0, ""WOOL"": 0}, ""step"": 525}, {""chosen"": {""STRAWBERRY"": 3}, ""pending"": {""MELON"": 0, ""MILK"": 0, ""STRAWBERRY"": 0, ""WOOL"": 0}, ""step"": 526}, {""chosen"": {""STRAWBERRY"": 14}, ""pending"": {""MELON"": 0, ""MILK"": 0, ""STRAWBERRY"": 0, ""WOOL"": 0}, ""step"": 528}, {""chosen"": {""MILK"": 15}, ""pending"": {""MELON"": 0, ""MILK"": 0, ""STRAWBERRY"": 0, ""WOOL"": 0}, ""step"": 536}, {""chosen"": {""MILK"": 19, ""WOOL"": 24}, ""pending"": {""MELON"": 0, ""MILK"": 0, ""STRAWBERRY"": 0, ""WOOL"": 0}, ""step"": 537}, {""chosen"": {""WOOL"": 24}, ""pending"": {""MELON"": 0, ""MILK"": 0, ""STRAWBERRY"": 0, ""WOOL"": 0}, ""step"": 538}, {""chosen"": {""MELON"": 6, ""MILK"": 4, ""STRAWBERRY"": 13}, ""pending"": {""MELON"": 0, ""MILK"": 0, ""STRAWBERRY"": 0, ""WOOL"": 0}, ""step"": 562}, {""chosen"": {""MELON"": 6}, ""pending"": {""MELON"": 0, ""MILK"": 0, ""STRAWBERRY"": 0, ""WOOL"": 0}, ""step"": 563}, {""chosen"": {""MILK"": 4, ""STRAWBERRY"": 14, ""WOOL"": 3}, ""pending"": {""MELON"": 0, ""MILK"": 0, ""STRAWBERRY"": 0, ""WOOL"": 0}, ""step"": 566}, {""chosen"": {""MELON"": 9}, ""pending"": {""MELON"": 0, ""MILK"": 0, ""STRAWBERRY"": 0, ""WOOL"": 0}, ""step"": 567}, {""chosen"": {""MILK"": 2}, ""pending"": {""MELON"": 0, ""MILK"": 0, ""STRAWBERRY"": 0, ""WOOL"": 0}, ""step"": 572}, {""chosen"": {""MELON"": 8, ""STRAWBERRY"": 35}, ""pending"": {""MELON"": 0, ""MILK"": 0, ""STRAWBERRY"": 0, ""WOOL"": 0}, ""step"": 578}, {""chosen"": {""STRAWBERRY"": 21}, ""pending"": {""MELON"": 0, ""MILK"": 0, ""STRAWBERRY"": 0, ""WOOL"": 0}, ""step"": 600}, {""chosen"": {""MILK"": 6}, ""pending"": {""MELON"": 0, ""MILK"": 0, ""STRAWBERRY"": 0, ""WOOL"": 0}, ""step"": 607}, {""chosen"": {""MILK"": 15}, ""pending"": {""MELON"": 0, ""MILK"": 0, ""STRAWBERRY"": 0, ""WOOL"": 0}, ""step"": 608}, {""chosen"": {""MILK"": 9}, ""pending"": {""MELON"": 0, ""MILK"": 0, ""STRAWBERRY"": 0, ""WOOL"": 0}, ""step"": 609}, {""chosen"": {""MILK"": 6, ""WOOL"": 9}, ""pending"": {""MELON"": 0, ""MILK"": 0, ""STRAWBERRY"": 0, ""WOOL"": 0}, ""step"": 612}, {""chosen"": {""WOOL"": 3}, ""pending"": {""MELON"": 0, ""MILK"": 0, ""STRAWBERRY"": 0, ""WOOL"": 0}, ""step"": 616}, {""chosen"": {""MELON"": 6, ""WOOL"": 1}, ""pending"": {""MELON"": 0, ""MILK"": 0, ""STRAWBERRY"": 0, ""WOOL"": 0}, ""step"": 625}, {""chosen"": {""WOOL"": 2}, ""pending"": {""MELON"": 0, ""MILK"": 0, ""STRAWBERRY"": 0, ""WOOL"": 0}, ""step"": 627}, {""chosen"": {""WOOL"": 12}, ""pending"": {""MELON"": 0, ""MILK"": 0, ""STRAWBERRY"": 0, ""WOOL"": 0}, ""step"": 631}, {""chosen"": {""MILK"": 15, ""STRAWBERRY"": 20}, ""pending"": {""MELON"": 0, ""MILK"": 0, ""STRAWBERRY"": 0, ""WOOL"": 0}, ""step"": 633}, {""chosen"": {""MILK"": 30, ""STRAWBERRY"": 20}, ""pending"": {""MELON"": 0, ""MILK"": 0, ""STRAWBERRY"": 0, ""WOOL"": 0}, ""step"": 637}, {""chosen"": {""MELON"": 6}, ""pending"": {""MELON"": 0, ""MILK"": 0, ""STRAWBERRY"": 0, ""WOOL"": 0}, ""step"": 649}, {""chosen"": {""MILK"": 9}, ""pending"": {""MELON"": 0, ""MILK"": 0, ""STRAWBERRY"": 0, ""WOOL"": 0}, ""step"": 656}, {""chosen"": {""MILK"": 9, ""STRAWBERRY"": 0, ""WOOL"": 1}, ""pending"": {""MELON"": 0, ""MILK"": 0, ""STRAWBERRY"": 1, ""WOOL"": 0}, ""step"": 657}, {""chosen"": {""WOOL"": 1}, ""pending"": {""MELON"": 0, ""MILK"": 0, ""STRAWBERRY"": 1, ""WOOL"": 0}, ""step"": 660}, {""chosen"": {""MILK"": 10, ""STRAWBERRY"": 1, ""WOOL"": 1}, ""pending"": {""MELON"": 0, ""MILK"": 0, ""STRAWBERRY"": 1, ""WOOL"": 0}, ""step"": 661}, {""chosen"": {""STRAWBERRY"": 1}, ""pending"": {""MELON"": 0, ""MILK"": 0, ""STRAWBERRY"": 1, ""WOOL"": 0}, ""step"": 663}, {""chosen"": {""STRAWBERRY"": 1}, ""pending"": {""MELON"": 0, ""MILK"": 0, ""STRAWBERRY"": 1, ""WOOL"": 0}, ""step"": 664}, {""chosen"": {""STRAWBERRY"": 1}, ""pending"": {""MELON"": 0, ""MILK"": 0, ""STRAWBERRY"": 1, ""WOOL"": 0}, ""step"": 665}, {""chosen"": {""MILK"": 4}, ""pending"": {""MELON"": 0, ""MILK"": 0, ""STRAWBERRY"": 1, ""WOOL"": 0}, ""step"": 667}, {""chosen"": {""STRAWBERRY"": 1}, ""pending"": {""MELON"": 0, ""MILK"": 0, ""STRAWBERRY"": 1, ""WOOL"": 0}, ""step"": 668}, {""chosen"": {""STRAWBERRY"": 1}, ""pending"": {""MELON"": 0, ""MILK"": 0, ""STRAWBERRY"": 1, ""WOOL"": 0}, ""step"": 669}, {""chosen"": {""MILK"": 15}, ""pending"": {""MELON"": 0, ""MILK"": 0, ""STRAWBERRY"": 1, ""WOOL"": 0}, ""step"": 670}, {""chosen"": {""MILK"": 12}, ""pending"": {""MELON"": 0, ""MILK"": 0, ""STRAWBERRY"": 1, ""WOOL"": 0}, ""step"": 673}, {""chosen"": {""MILK"": 8}, ""pending"": {""MELON"": 0, ""MILK"": 0, ""STRAWBERRY"": 1, ""WOOL"": 0}, ""step"": 674}, {""chosen"": {""MILK"": 8}, ""pending"": {""MELON"": 0, ""MILK"": 0, ""STRAWBERRY"": 1, ""WOOL"": 0}, ""step"": 678}, {""chosen"": {""STRAWBERRY"": 1}, ""pending"": {""MELON"": 0, ""MILK"": 0, ""STRAWBERRY"": 1, ""WOOL"": 0}, ""step"": 681}, {""chosen"": {""STRAWBERRY"": 1}, ""pending"": {""MELON"": 0, ""MILK"": 0, ""STRAWBERRY"": 1, ""WOOL"": 0}, ""step"": 682}, {""chosen"": {""MILK"": 9, ""STRAWBERRY"": 4}, ""pending"": {""MELON"": 0, ""MILK"": 0, ""STRAWBERRY"": 0, ""WOOL"": 0}, ""step"": 685}, {""chosen"": {""MILK"": 13, ""STRAWBERRY"": 23}, ""pending"": {""MELON"": 0, ""MILK"": 0, ""STRAWBERRY"": 0, ""WOOL"": 0}, ""step"": 686}, {""chosen"": {""STRAWBERRY"": 3}, ""pending"": {""MELON"": 0, ""MILK"": 0, ""STRAWBERRY"": 0, ""WOOL"": 0}, ""step"": 688}, {""chosen"": {""STRAWBERRY"": 6}, ""pending"": {""MELON"": 0, ""MILK"": 0, ""STRAWBERRY"": 0, ""WOOL"": 0}, ""step"": 689}, {""chosen"": {""STRAWBERRY"": 14}, ""pending"": {""MELON"": 0, ""MILK"": 0, ""STRAWBERRY"": 0, ""WOOL"": 0}, ""step"": 690}, {""chosen"": {""STRAWBERRY"": 13}, ""pending"": {""MELON"": 0, ""MILK"": 0, ""STRAWBERRY"": 0, ""WOOL"": 0}, ""step"": 697}, {""chosen"": {""MILK"": 9}, ""pending"": {""MELON"": 0, ""MILK"": 0, ""STRAWBERRY"": 0, ""WOOL"": 0}, ""step"": 698}, {""chosen"": {""WOOL"": 0}, ""pending"": {""MELON"": 0, ""MILK"": 0, ""STRAWBERRY"": 0, ""WOOL"": 1}, ""step"": 699}, {""chosen"": {""MILK"": 11}, ""pending"": {""MELON"": 0, ""MILK"": 0, ""STRAWBERRY"": 0, ""WOOL"": 1}, ""step"": 702}, {""chosen"": {""MILK"": 3, ""WOOL"": 25}, ""pending"": {""MELON"": 0, ""MILK"": 0, ""STRAWBERRY"": 0, ""WOOL"": 0}, ""step"": 703}, {""chosen"": {""MELON"": 1}, ""pending"": {""MELON"": 0, ""MILK"": 0, ""STRAWBERRY"": 0, ""WOOL"": 0}, ""step"": 707}, {""chosen"": {""MELON"": 8, ""WOOL"": 12}, ""pending"": {""MELON"": 0, ""MILK"": 0, ""STRAWBERRY"": 0, ""WOOL"": 0}, ""step"": 709}, {""chosen"": {""MELON"": 3, ""MILK"": 9}, ""pending"": {""MELON"": 0, ""MILK"": 0, ""STRAWBERRY"": 0, ""WOOL"": 0}, ""step"": 710}, {""chosen"": {""MELON"": 1}, ""pending"": {""MELON"": 0, ""MILK"": 0, ""STRAWBERRY"": 0, ""WOOL"": 0}, ""step"": 711}, {""chosen"": {""MILK"": 12, ""WOOL"": 20}, ""pending"": {""MELON"": 0, ""MILK"": 0, ""STRAWBERRY"": 0, ""WOOL"": 0}, ""step"": 712}, {""chosen"": {""MELON"": 8, ""MILK"": 3, ""STRAWBERRY"": 6}, ""pending"": {""MELON"": 0, ""MILK"": 0, ""STRAWBERRY"": 0, ""WOOL"": 0}, ""step"": 713}, {""chosen"": {""MELON"": 3}, ""pending"": {""MELON"": 0, ""MILK"": 0, ""STRAWBERRY"": 0, ""WOOL"": 0}, ""step"": 714}, {""chosen"": {""MILK"": 3, ""WOOL"": 12}, ""pending"": {""MELON"": 0, ""MILK"": 0, ""STRAWBERRY"": 0, ""WOOL"": 0}, ""step"": 715}, {""chosen"": {""MILK"": 3}, ""pending"": {""MELON"": 0, ""MILK"": 0, ""STRAWBERRY"": 0, ""WOOL"": 0}, ""step"": 716}, {""chosen"": {""STRAWBERRY"": 3}, ""pending"": {""MELON"": 0, ""MILK"": 0, ""STRAWBERRY"": 0, ""WOOL"": 0}, ""step"": 717}]",0,0,87,87,0,41,0,337,292,0,107,9,200,179,0,61,1
1900815269,0,100474.0,108528.0,-8054.0,loss,DONE,DONE,1,4.580113000003621,0,0,0,0,719,0,0,0.0445,2.94742,6.507704000000006,264.0946,"{""BUILD_PASTURE"": 14, ""CARE"": 308, ""COLLECT_FERTILIZER"": 318, ""DIG"": 25, ""DROP"": 80, ""EAST"": 857, ""FEED"": 319, ""FERTILIZE"": 107, ""HARVEST"": 338, ""NORTH"": 1236, ""PASS"": 377, ""PICKUP"": 339, ""PLACE"": 27, ""PLANT"": 131, ""SOUTH"": 929, ""WATER"": 851, ""WEST"": 1098}","{""BUY_ANIMAL"": 14, ""BUY_LAND"": 2, ""BUY_PRODUCT"": 279, ""BUY_SEED"": 54, ""HIRE"": 306, ""SELL"": 467}","{""BUY_ANIMAL:COW"": 8, ""BUY_ANIMAL:SHEEP"": 6, ""BUY_PRODUCT:WHEAT"": 967, ""BUY_SEED:MELON"": 21, ""BUY_SEED:STRAWBERRY"": 44, ""BUY_SEED:WHEAT"": 66, ""SELL:CARROT"": 13, ""SELL:EGG"": 8, ""SELL:FERTILIZER"": 445, ""SELL:MELON"": 224, ""SELL:MILK"": 605, ""SELL:STRAWBERRY"": 620, ""SELL:TOMATO"": 4, ""SELL:WHEAT"": 1108, ""SELL:WOOL"": 347}",90143872,conservative,C:\Users\Administrator\Desktop\code\kaggriculture\baseline\history\v015a_market_collision\log\90143872.json,614,47,406,349,0,138,7,58,11,83,10,11,conservative,718,"{""MILK"": {""base"": 3, ""carried_value"": 507, ""chosen"": 3, ""deferred"": 0, ""gain"": 0.0, ""opponent_future"": 16.0, ""opponent_now"": 0.0, ""released"": 0, ""residual_value"": 0.0, ""step"": 716}, ""WOOL"": {""base"": 12, ""carried_value"": 2796, ""chosen"": 12, ""deferred"": 0, ""gain"": 0.0, ""opponent_future"": 6.6667, ""opponent_now"": 0.0, ""released"": 0, ""residual_value"": 0.0, ""step"": 715}}","{""MILK"": 0, ""WOOL"": 0}","[{""chosen"": {""WOOL"": 6}, ""pending"": {""WOOL"": 0}, ""step"": 280}, {""chosen"": {""MILK"": 9}, ""pending"": {""MILK"": 0, ""WOOL"": 0}, ""step"": 293}, {""chosen"": {""MILK"": 12}, ""pending"": {""MILK"": 0, ""WOOL"": 0}, ""step"": 294}, {""chosen"": {""WOOL"": 6}, ""pending"": {""MILK"": 0, ""WOOL"": 0}, ""step"": 354}, {""chosen"": {""WOOL"": 7}, ""pending"": {""MILK"": 0, ""WOOL"": 0}, ""step"": 358}, {""chosen"": {""WOOL"": 4}, ""pending"": {""MILK"": 0, ""WOOL"": 0}, ""step"": 365}, {""chosen"": {""MILK"": 9, ""WOOL"": 4}, ""pending"": {""MILK"": 0, ""WOOL"": 0}, ""step"": 366}, {""chosen"": {""MILK"": 9}, ""pending"": {""MILK"": 0, ""WOOL"": 0}, ""step"": 367}, {""chosen"": {""MILK"": 9}, ""pending"": {""MILK"": 0, ""WOOL"": 0}, ""step"": 386}, {""chosen"": {""MILK"": 9}, ""pending"": {""MILK"": 0, ""WOOL"": 0}, ""step"": 387}, {""chosen"": {""MILK"": 9}, ""pending"": {""MILK"": 0, ""WOOL"": 0}, ""step"": 409}, {""chosen"": {""WOOL"": 3}, ""pending"": {""MILK"": 0, ""WOOL"": 0}, ""step"": 424}, {""chosen"": {""MILK"": 3}, ""pending"": {""MILK"": 0, ""WOOL"": 0}, ""step"": 442}, {""chosen"": {""MILK"": 5}, ""pending"": {""MILK"": 0, ""WOOL"": 0}, ""step"": 443}, {""chosen"": {""MILK"": 20}, ""pending"": {""MILK"": 0, ""WOOL"": 0}, ""step"": 444}, {""chosen"": {""MILK"": 6}, ""pending"": {""MILK"": 0, ""WOOL"": 0}, ""step"": 450}, {""chosen"": {""WOOL"": 4}, ""pending"": {""MILK"": 0, ""WOOL"": 0}, ""step"": 456}, {""chosen"": {""WOOL"": 1}, ""pending"": {""MILK"": 0, ""WOOL"": 0}, ""step"": 460}, {""chosen"": {""MILK"": 9, ""WOOL"": 4}, ""pending"": {""MILK"": 0, ""WOOL"": 0}, ""step"": 470}, {""chosen"": {""MILK"": 9}, ""pending"": {""MILK"": 0, ""WOOL"": 0}, ""step"": 471}, {""chosen"": {""MILK"": 15}, ""pending"": {""MILK"": 0, ""WOOL"": 0}, ""step"": 484}, {""chosen"": {""MILK"": 2}, ""pending"": {""MILK"": 0, ""WOOL"": 0}, ""step"": 524}, {""chosen"": {""MILK"": 15}, ""pending"": {""MILK"": 0, ""WOOL"": 0}, ""step"": 536}, {""chosen"": {""MILK"": 19, ""WOOL"": 24}, ""pending"": {""MILK"": 0, ""WOOL"": 0}, ""step"": 537}, {""chosen"": {""WOOL"": 24}, ""pending"": {""MILK"": 0, ""WOOL"": 0}, ""step"": 538}, {""chosen"": {""MILK"": 4, ""WOOL"": 3}, ""pending"": {""MILK"": 0, ""WOOL"": 0}, ""step"": 566}, {""chosen"": {""MILK"": 2}, ""pending"": {""MILK"": 0, ""WOOL"": 0}, ""step"": 572}, {""chosen"": {""MILK"": 6}, ""pending"": {""MILK"": 0, ""WOOL"": 0}, ""step"": 607}, {""chosen"": {""MILK"": 15}, ""pending"": {""MILK"": 0, ""WOOL"": 0}, ""step"": 608}, {""chosen"": {""MILK"": 9}, ""pending"": {""MILK"": 0, ""WOOL"": 0}, ""step"": 609}, {""chosen"": {""MILK"": 6, ""WOOL"": 9}, ""pending"": {""MILK"": 0, ""WOOL"": 0}, ""step"": 612}, {""chosen"": {""WOOL"": 3}, ""pending"": {""MILK"": 0, ""WOOL"": 0}, ""step"": 616}, {""chosen"": {""WOOL"": 1}, ""pending"": {""MILK"": 0, ""WOOL"": 0}, ""step"": 625}, {""chosen"": {""WOOL"": 2}, ""pending"": {""MILK"": 0, ""WOOL"": 0}, ""step"": 627}, {""chosen"": {""WOOL"": 12}, ""pending"": {""MILK"": 0, ""WOOL"": 0}, ""step"": 631}, {""chosen"": {""MILK"": 15}, ""pending"": {""MILK"": 0, ""WOOL"": 0}, ""step"": 633}, {""chosen"": {""MILK"": 30}, ""pending"": {""MILK"": 0, ""WOOL"": 0}, ""step"": 637}, {""chosen"": {""MILK"": 9}, ""pending"": {""MILK"": 0, ""WOOL"": 0}, ""step"": 656}, {""chosen"": {""MILK"": 9, ""WOOL"": 1}, ""pending"": {""MILK"": 0, ""WOOL"": 0}, ""step"": 657}, {""chosen"": {""WOOL"": 1}, ""pending"": {""MILK"": 0, ""WOOL"": 0}, ""step"": 660}, {""chosen"": {""MILK"": 10, ""WOOL"": 1}, ""pending"": {""MILK"": 0, ""WOOL"": 0}, ""step"": 661}, {""chosen"": {""MILK"": 4}, ""pending"": {""MILK"": 0, ""WOOL"": 0}, ""step"": 667}, {""chosen"": {""MILK"": 15}, ""pending"": {""MILK"": 0, ""WOOL"": 0}, ""step"": 670}, {""chosen"": {""MILK"": 0}, ""pending"": {""MILK"": 1, ""WOOL"": 0}, ""step"": 673}, {""chosen"": {""MILK"": 1}, ""pending"": {""MILK"": 1, ""WOOL"": 0}, ""step"": 674}, {""chosen"": {""MILK"": 1}, ""pending"": {""MILK"": 1, ""WOOL"": 0}, ""step"": 678}, {""chosen"": {""MILK"": 1}, ""pending"": {""MILK"": 1, ""WOOL"": 0}, ""step"": 685}, {""chosen"": {""MILK"": 1}, ""pending"": {""MILK"": 1, ""WOOL"": 0}, ""step"": 686}, {""chosen"": {""MILK"": 10}, ""pending"": {""MILK"": 0, ""WOOL"": 0}, ""step"": 698}, {""chosen"": {""WOOL"": 1}, ""pending"": {""MILK"": 0, ""WOOL"": 1}, ""step"": 699}, {""chosen"": {""MILK"": 0}, ""pending"": {""MILK"": 1, ""WOOL"": 1}, ""step"": 702}, {""chosen"": {""MILK"": 1, ""WOOL"": 25}, ""pending"": {""MILK"": 1, ""WOOL"": 0}, ""step"": 703}, {""chosen"": {""WOOL"": 12}, ""pending"": {""MILK"": 1, ""WOOL"": 0}, ""step"": 709}, {""chosen"": {""MILK"": 10}, ""pending"": {""MILK"": 0, ""WOOL"": 0}, ""step"": 710}, {""chosen"": {""MILK"": 12, ""WOOL"": 20}, ""pending"": {""MILK"": 0, ""WOOL"": 0}, ""step"": 712}, {""chosen"": {""MILK"": 3}, ""pending"": {""MILK"": 0, ""WOOL"": 0}, ""step"": 713}, {""chosen"": {""MILK"": 3, ""WOOL"": 12}, ""pending"": {""MILK"": 0, ""WOOL"": 0}, ""step"": 715}, {""chosen"": {""MILK"": 3}, ""pending"": {""MILK"": 0, ""WOOL"": 0}, ""step"": 716}]",0,0,,,,,,,,,,,210,190,0,63,1
594548754,0,130336.0,135131.0,-4795.0,loss,DONE,DONE,1,4.47125290002441,0,0,0,0,719,0,0,0.0283,0.08222000000000003,0.14513800000000004,0.5121,"{""BUILD_PASTURE"": 14, ""CARE"": 308, ""COLLECT_FERTILIZER"": 318, ""DIG"": 25, ""DROP"": 80, ""EAST"": 857, ""FEED"": 319, ""FERTILIZE"": 107, ""HARVEST"": 338, ""NORTH"": 1236, ""PASS"": 377, ""PICKUP"": 339, ""PLACE"": 27, ""PLANT"": 131, ""SOUTH"": 929, ""WATER"": 851, ""WEST"": 1098}","{""BUY_ANIMAL"": 14, ""BUY_LAND"": 2, ""BUY_PRODUCT"": 279, ""BUY_SEED"": 54, ""HIRE"": 306, ""SELL"": 481}","{""BUY_ANIMAL:COW"": 8, ""BUY_ANIMAL:SHEEP"": 6, ""BUY_PRODUCT:WHEAT"": 967, ""BUY_SEED:MELON"": 21, ""BUY_SEED:STRAWBERRY"": 44, ""BUY_SEED:WHEAT"": 66, ""SELL:CARROT"": 13, ""SELL:EGG"": 8, ""SELL:FERTILIZER"": 445, ""SELL:MELON"": 224, ""SELL:MILK"": 682, ""SELL:STRAWBERRY"": 636, ""SELL:TOMATO"": 4, ""SELL:WHEAT"": 1108, ""SELL:WOOL"": 373}",90144575,control,C:\Users\Administrator\Desktop\code\kaggriculture\baseline\history\v015a_market_collision\log\90144575.json,,,,,,,,,,,,,,,,,,,,,,,,,,,,,,,,,,
594548754,0,131211.0,135682.0,-4471.0,loss,DONE,DONE,1,4.539588999992702,0,0,0,0,719,0,0,0.0445,2.300160000000001,6.354768000000007,8.6019,"{""BUILD_PASTURE"": 14, ""CARE"": 308, ""COLLECT_FERTILIZER"": 318, ""DIG"": 25, ""DROP"": 80, ""EAST"": 857, ""FEED"": 319, ""FERTILIZE"": 107, ""HARVEST"": 338, ""NORTH"": 1236, ""PASS"": 377, ""PICKUP"": 339, ""PLACE"": 27, ""PLANT"": 131, ""SOUTH"": 929, ""WATER"": 851, ""WEST"": 1098}","{""BUY_ANIMAL"": 14, ""BUY_LAND"": 2, ""BUY_PRODUCT"": 279, ""BUY_SEED"": 54, ""HIRE"": 306, ""SELL"": 475}","{""BUY_ANIMAL:COW"": 8, ""BUY_ANIMAL:SHEEP"": 6, ""BUY_PRODUCT:WHEAT"": 967, ""BUY_SEED:MELON"": 21, ""BUY_SEED:STRAWBERRY"": 44, ""BUY_SEED:WHEAT"": 66, ""SELL:CARROT"": 13, ""SELL:EGG"": 8, ""SELL:FERTILIZER"": 445, ""SELL:MELON"": 224, ""SELL:MILK"": 577, ""SELL:STRAWBERRY"": 636, ""SELL:TOMATO"": 4, ""SELL:WHEAT"": 1108, ""SELL:WOOL"": 373}",90144575,balanced,C:\Users\Administrator\Desktop\code\kaggriculture\baseline\history\v015a_market_collision\log\90144575.json,642,36,397,292,0,149,13,41,17,113,17,11,balanced,718,"{""MILK"": {""base"": 3, ""carried_value"": 624, ""chosen"": 3, ""deferred"": 0, ""gain"": 0.0, ""opponent_future"": 16.0, ""opponent_now"": 0.0, ""released"": 0, ""residual_value"": 0.0, ""step"": 716}}","{""MILK"": 0}","[{""chosen"": {""MILK"": 9}, ""pending"": {""MILK"": 0}, ""step"": 293}, {""chosen"": {""MILK"": 12}, ""pending"": {""MILK"": 0}, ""step"": 294}, {""chosen"": {""MILK"": 9}, ""pending"": {""MILK"": 0}, ""step"": 366}, {""chosen"": {""MILK"": 9}, ""pending"": {""MILK"": 0}, ""step"": 367}, {""chosen"": {""MILK"": 9}, ""pending"": {""MILK"": 0}, ""step"": 387}, {""chosen"": {""MILK"": 9}, ""pending"": {""MILK"": 0}, ""step"": 409}, {""chosen"": {""MILK"": 5}, ""pending"": {""MILK"": 0}, ""step"": 439}, {""chosen"": {""MILK"": 9}, ""pending"": {""MILK"": 0}, ""step"": 471}, {""chosen"": {""MILK"": 15}, ""pending"": {""MILK"": 0}, ""step"": 484}, {""chosen"": {""MILK"": 15}, ""pending"": {""MILK"": 0}, ""step"": 485}, {""chosen"": {""MILK"": 15}, ""pending"": {""MILK"": 0}, ""step"": 536}, {""chosen"": {""MILK"": 19}, ""pending"": {""MILK"": 0}, ""step"": 537}, {""chosen"": {""MILK"": 4}, ""pending"": {""MILK"": 0}, ""step"": 562}, {""chosen"": {""MILK"": 4}, ""pending"": {""MILK"": 0}, ""step"": 566}, {""chosen"": {""MILK"": 1}, ""pending"": {""MILK"": 1}, ""step"": 572}, {""chosen"": {""MILK"": 13}, ""pending"": {""MILK"": 0}, ""step"": 573}, {""chosen"": {""MILK"": 6}, ""pending"": {""MILK"": 0}, ""step"": 607}, {""chosen"": {""MILK"": 0}, ""pending"": {""MILK"": 1}, ""step"": 608}, {""chosen"": {""MILK"": 10}, ""pending"": {""MILK"": 0}, ""step"": 609}, {""chosen"": {""MILK"": 0}, ""pending"": {""MILK"": 1}, ""step"": 612}, {""chosen"": {""MILK"": 10}, ""pending"": {""MILK"": 0}, ""step"": 613}, {""chosen"": {""MILK"": 15}, ""pending"": {""MILK"": 0}, ""step"": 633}, {""chosen"": {""MILK"": 30}, ""pending"": {""MILK"": 0}, ""step"": 637}, {""chosen"": {""MILK"": 0}, ""pending"": {""MILK"": 1}, ""step"": 656}, {""chosen"": {""MILK"": 1}, ""pending"": {""MILK"": 1}, ""step"": 657}, {""chosen"": {""MILK"": 1}, ""pending"": {""MILK"": 1}, ""step"": 661}, {""chosen"": {""MILK"": 1}, ""pending"": {""MILK"": 1}, ""step"": 667}, {""chosen"": {""MILK"": 1}, ""pending"": {""MILK"": 1}, ""step"": 670}, {""chosen"": {""MILK"": 1}, ""pending"": {""MILK"": 1}, ""step"": 673}, {""chosen"": {""MILK"": 1}, ""pending"": {""MILK"": 1}, ""step"": 674}, {""chosen"": {""MILK"": 1}, ""pending"": {""MILK"": 1}, ""step"": 678}, {""chosen"": {""MILK"": 1}, ""pending"": {""MILK"": 1}, ""step"": 685}, {""chosen"": {""MILK"": 2}, ""pending"": {""MILK"": 1}, ""step"": 686}, {""chosen"": {""MILK"": 10}, ""pending"": {""MILK"": 0}, ""step"": 698}, {""chosen"": {""MILK"": 11}, ""pending"": {""MILK"": 0}, ""step"": 702}, {""chosen"": {""MILK"": 3}, ""pending"": {""MILK"": 0}, ""step"": 703}, {""chosen"": {""MILK"": 9}, ""pending"": {""MILK"": 0}, ""step"": 710}, {""chosen"": {""MILK"": 12}, ""pending"": {""MILK"": 0}, ""step"": 712}, {""chosen"": {""MILK"": 3}, ""pending"": {""MILK"": 0}, ""step"": 713}, {""chosen"": {""MILK"": 3}, ""pending"": {""MILK"": 0}, ""step"": 715}, {""chosen"": {""MILK"": 3}, ""pending"": {""MILK"": 0}, ""step"": 716}]",0,0,,,,,,,,,,,,,,,
594548754,0,131248.0,136615.0,-5367.0,loss,DONE,DONE,1,4.519760900002439,0,0,0,0,719,0,0,0.0423,4.941800000000004,8.982260000000014,240.4882,"{""BUILD_PASTURE"": 14, ""CARE"": 308, ""COLLECT_FERTILIZER"": 318, ""DIG"": 25, ""DROP"": 80, ""EAST"": 857, ""FEED"": 319, ""FERTILIZE"": 107, ""HARVEST"": 338, ""NORTH"": 1236, ""PASS"": 377, ""PICKUP"": 339, ""PLACE"": 27, ""PLANT"": 131, ""SOUTH"": 929, ""WATER"": 851, ""WEST"": 1098}","{""BUY_ANIMAL"": 14, ""BUY_LAND"": 2, ""BUY_PRODUCT"": 279, ""BUY_SEED"": 54, ""HIRE"": 306, ""SELL"": 470}","{""BUY_ANIMAL:COW"": 8, ""BUY_ANIMAL:SHEEP"": 6, ""BUY_PRODUCT:WHEAT"": 967, ""BUY_SEED:MELON"": 21, ""BUY_SEED:STRAWBERRY"": 44, ""BUY_SEED:WHEAT"": 66, ""SELL:CARROT"": 13, ""SELL:EGG"": 8, ""SELL:FERTILIZER"": 445, ""SELL:MELON"": 224, ""SELL:MILK"": 575, ""SELL:STRAWBERRY"": 597, ""SELL:TOMATO"": 4, ""SELL:WHEAT"": 1108, ""SELL:WOOL"": 373}",90144575,sensitive,C:\Users\Administrator\Desktop\code\kaggriculture\baseline\history\v015a_market_collision\log\90144575.json,526,122,352,245,0,166,16,71,33,162,30,11,sensitive,718,"{""MELON"": {""base"": 3, ""carried_value"": 0, ""chosen"": 3, ""deferred"": 0, ""gain"": 0.0, ""opponent_future"": 0.0, ""opponent_now"": 0.0, ""released"": 0, ""residual_value"": 0.0, ""step"": 714}, ""MILK"": {""base"": 3, ""carried_value"": 633, ""chosen"": 3, ""deferred"": 0, ""gain"": 0.0, ""opponent_future"": 16.0, ""opponent_now"": 0.0, ""released"": 0, ""residual_value"": 0.0, ""step"": 716}, ""STRAWBERRY"": {""base"": 3, ""carried_value"": 404, ""chosen"": 3, ""deferred"": 0, ""gain"": 0.0, ""opponent_future"": 0.0, ""opponent_now"": 0.0, ""released"": 0, ""residual_value"": 0.0, ""step"": 717}, ""WOOL"": {""base"": 12, ""carried_value"": 2952, ""chosen"": 12, ""deferred"": 0, ""gain"": 0.0, ""opponent_future"": 6.6667, ""opponent_now"": 0.0, ""released"": 0, ""residual_value"": 0.0, ""step"": 715}}","{""MELON"": 0, ""MILK"": 0, ""STRAWBERRY"": 0, ""WOOL"": 0}","[{""chosen"": {""MELON"": 16}, ""pending"": {""MELON"": 0}, ""step"": 259}, {""chosen"": {""STRAWBERRY"": 4}, ""pending"": {""MELON"": 0, ""STRAWBERRY"": 0}, ""step"": 269}, {""chosen"": {""MILK"": 12}, ""pending"": {""MELON"": 0, ""MILK"": 0, ""STRAWBERRY"": 0}, ""step"": 294}, {""chosen"": {""MILK"": 9}, ""pending"": {""MELON"": 0, ""MILK"": 0, ""STRAWBERRY"": 0}, ""step"": 367}, {""chosen"": {""MILK"": 9}, ""pending"": {""MELON"": 0, ""MILK"": 0, ""STRAWBERRY"": 0}, ""step"": 387}, {""chosen"": {""MILK"": 9}, ""pending"": {""MELON"": 0, ""MILK"": 0, ""STRAWBERRY"": 0}, ""step"": 409}, {""chosen"": {""MILK"": 2, ""STRAWBERRY"": 8}, ""pending"": {""MELON"": 0, ""MILK"": 1, ""STRAWBERRY"": 0}, ""step"": 437}, {""chosen"": {""MILK"": 9}, ""pending"": {""MELON"": 0, ""MILK"": 0, ""STRAWBERRY"": 0}, ""step"": 438}, {""chosen"": {""MILK"": 0}, ""pending"": {""MELON"": 0, ""MILK"": 1, ""STRAWBERRY"": 0}, ""step"": 439}, {""chosen"": {""MILK"": 5}, ""pending"": {""MELON"": 0, ""MILK"": 0, ""STRAWBERRY"": 0}, ""step"": 440}, {""chosen"": {""STRAWBERRY"": 1}, ""pending"": {""MELON"": 0, ""MILK"": 0, ""STRAWBERRY"": 0}, ""step"": 464}, {""chosen"": {""MILK"": 9, ""STRAWBERRY"": 10}, ""pending"": {""MELON"": 0, ""MILK"": 0, ""STRAWBERRY"": 0}, ""step"": 471}, {""chosen"": {""STRAWBERRY"": 6}, ""pending"": {""MELON"": 0, ""MILK"": 0, ""STRAWBERRY"": 0}, ""step"": 478}, {""chosen"": {""STRAWBERRY"": 12}, ""pending"": {""MELON"": 0, ""MILK"": 0, ""STRAWBERRY"": 0}, ""step"": 481}, {""chosen"": {""MILK"": 15}, ""pending"": {""MELON"": 0, ""MILK"": 0, ""STRAWBERRY"": 0}, ""step"": 485}, {""chosen"": {""STRAWBERRY"": 14}, ""pending"": {""MELON"": 0, ""MILK"": 0, ""STRAWBERRY"": 0}, ""step"": 528}, {""chosen"": {""STRAWBERRY"": 14}, ""pending"": {""MELON"": 0, ""MILK"": 0, ""STRAWBERRY"": 0}, ""step"": 531}, {""chosen"": {""MILK"": 19, ""WOOL"": 24}, ""pending"": {""MELON"": 0, ""MILK"": 0, ""STRAWBERRY"": 0, ""WOOL"": 0}, ""step"": 537}, {""chosen"": {""MELON"": 6}, ""pending"": {""MELON"": 0, ""MILK"": 0, ""STRAWBERRY"": 0, ""WOOL"": 0}, ""step"": 563}, {""chosen"": {""MILK"": 0, ""STRAWBERRY"": 14, ""WOOL"": 3}, ""pending"": {""MELON"": 0, ""MILK"": 1, ""STRAWBERRY"": 0, ""WOOL"": 0}, ""step"": 566}, {""chosen"": {""MELON"": 9}, ""pending"": {""MELON"": 0, ""MILK"": 1, ""STRAWBERRY"": 0, ""WOOL"": 0}, ""step"": 567}, {""chosen"": {""MILK"": 2, ""STRAWBERRY"": 4}, ""pending"": {""MELON"": 0, ""MILK"": 0, ""STRAWBERRY"": 0, ""WOOL"": 0}, ""step"": 569}, {""chosen"": {""MILK"": 0}, ""pending"": {""MELON"": 0, ""MILK"": 1, ""STRAWBERRY"": 0, ""WOOL"": 0}, ""step"": 572}, {""chosen"": {""MILK"": 13, ""STRAWBERRY"": 6}, ""pending"": {""MELON"": 0, ""MILK"": 0, ""STRAWBERRY"": 0, ""WOOL"": 0}, ""step"": 573}, {""chosen"": {""MELON"": 8, ""STRAWBERRY"": 35}, ""pending"": {""MELON"": 0, ""MILK"": 0, ""STRAWBERRY"": 0, ""WOOL"": 0}, ""step"": 578}, {""chosen"": {""STRAWBERRY"": 21}, ""pending"": {""MELON"": 0, ""MILK"": 0, ""STRAWBERRY"": 0, ""WOOL"": 0}, ""step"": 600}, {""chosen"": {""MILK"": 0}, ""pending"": {""MELON"": 0, ""MILK"": 1, ""STRAWBERRY"": 0, ""WOOL"": 0}, ""step"": 607}, {""chosen"": {""MILK"": 16}, ""pending"": {""MELON"": 0, ""MILK"": 0, ""STRAWBERRY"": 0, ""WOOL"": 0}, ""step"": 608}, {""chosen"": {""MILK"": 0}, ""pending"": {""MELON"": 0, ""MILK"": 1, ""STRAWBERRY"": 0, ""WOOL"": 0}, ""step"": 609}, {""chosen"": {""MILK"": 7, ""WOOL"": 9}, ""pending"": {""MELON"": 0, ""MILK"": 0, ""STRAWBERRY"": 0, ""WOOL"": 0}, ""step"": 612}, {""chosen"": {""MELON"": 6, ""WOOL"": 1}, ""pending"": {""MELON"": 0, ""MILK"": 0, ""STRAWBERRY"": 0, ""WOOL"": 0}, ""step"": 625}, {""chosen"": {""WOOL"": 2}, ""pending"": {""MELON"": 0, ""MILK"": 0, ""STRAWBERRY"": 0, ""WOOL"": 0}, ""step"": 627}, {""chosen"": {""MILK"": 15, ""STRAWBERRY"": 20}, ""pending"": {""MELON"": 0, ""MILK"": 0, ""STRAWBERRY"": 0, ""WOOL"": 0}, ""step"": 633}, {""chosen"": {""MILK"": 30, ""STRAWBERRY"": 20}, ""pending"": {""MELON"": 0, ""MILK"": 0, ""STRAWBERRY"": 0, ""WOOL"": 0}, ""step"": 637}, {""chosen"": {""MELON"": 6}, ""pending"": {""MELON"": 0, ""MILK"": 0, ""STRAWBERRY"": 0, ""WOOL"": 0}, ""step"": 649}, {""chosen"": {""MILK"": 0}, ""pending"": {""MELON"": 0, ""MILK"": 1, ""STRAWBERRY"": 0, ""WOOL"": 0}, ""step"": 656}, {""chosen"": {""MILK"": 1, ""STRAWBERRY"": 0, ""WOOL"": 1}, ""pending"": {""MELON"": 0, ""MILK"": 1, ""STRAWBERRY"": 1, ""WOOL"": 0}, ""step"": 657}, {""chosen"": {""WOOL"": 1}, ""pending"": {""MELON"": 0, ""MILK"": 1, ""STRAWBERRY"": 1, ""WOOL"": 0}, ""step"": 660}, {""chosen"": {""MILK"": 1, ""STRAWBERRY"": 1, ""WOOL"": 1}, ""pending"": {""MELON"": 0, ""MILK"": 1, ""STRAWBERRY"": 1, ""WOOL"": 0}, ""step"": 661}, {""chosen"": {""STRAWBERRY"": 0}, ""pending"": {""MELON"": 0, ""MILK"": 1, ""STRAWBERRY"": 1, ""WOOL"": 0}, ""step"": 663}, {""chosen"": {""STRAWBERRY"": 1}, ""pending"": {""MELON"": 0, ""MILK"": 1, ""STRAWBERRY"": 1, ""WOOL"": 0}, ""step"": 664}, {""chosen"": {""STRAWBERRY"": 1}, ""pending"": {""MELON"": 0, ""MILK"": 1, ""STRAWBERRY"": 1, ""WOOL"": 0}, ""step"": 665}, {""chosen"": {""MILK"": 1}, ""pending"": {""MELON"": 0, ""MILK"": 1, ""STRAWBERRY"": 1, ""WOOL"": 0}, ""step"": 667}, {""chosen"": {""STRAWBERRY"": 1}, ""pending"": {""MELON"": 0, ""MILK"": 1, ""STRAWBERRY"": 1, ""WOOL"": 0}, ""step"": 668}, {""chosen"": {""STRAWBERRY"": 2}, ""pending"": {""MELON"": 0, ""MILK"": 1, ""STRAWBERRY"": 1, ""WOOL"": 0}, ""step"": 669}, {""chosen"": {""MILK"": 1}, ""pending"": {""MELON"": 0, ""MILK"": 1, ""STRAWBERRY"": 1, ""WOOL"": 0}, ""step"": 670}, {""chosen"": {""MILK"": 1}, ""pending"": {""MELON"": 0, ""MILK"": 1, ""STRAWBERRY"": 1, ""WOOL"": 0}, ""step"": 673}, {""chosen"": {""MILK"": 1}, ""pending"": {""MELON"": 0, ""MILK"": 1, ""STRAWBERRY"": 1, ""WOOL"": 0}, ""step"": 674}, {""chosen"": {""MILK"": 1}, ""pending"": {""MELON"": 0, ""MILK"": 1, ""STRAWBERRY"": 1, ""WOOL"": 0}, ""step"": 678}, {""chosen"": {""STRAWBERRY"": 1}, ""pending"": {""MELON"": 0, ""MILK"": 1, ""STRAWBERRY"": 1, ""WOOL"": 0}, ""step"": 681}, {""chosen"": {""STRAWBERRY"": 7}, ""pending"": {""MELON"": 0, ""MILK"": 1, ""STRAWBERRY"": 1, ""WOOL"": 0}, ""step"": 682}, {""chosen"": {""MILK"": 1, ""STRAWBERRY"": 4}, ""pending"": {""MELON"": 0, ""MILK"": 1, ""STRAWBERRY"": 0, ""WOOL"": 0}, ""step"": 685}, {""chosen"": {""MILK"": 2, ""STRAWBERRY"": 23}, ""pending"": {""MELON"": 0, ""MILK"": 1, ""STRAWBERRY"": 0, ""WOOL"": 0}, ""step"": 686}, {""chosen"": {""STRAWBERRY"": 3}, ""pending"": {""MELON"": 0, ""MILK"": 1, ""STRAWBERRY"": 0, ""WOOL"": 0}, ""step"": 688}, {""chosen"": {""STRAWBERRY"": 6}, ""pending"": {""MELON"": 0, ""MILK"": 1, ""STRAWBERRY"": 0, ""WOOL"": 0}, ""step"": 689}, {""chosen"": {""STRAWBERRY"": 14}, ""pending"": {""MELON"": 0, ""MILK"": 1, ""STRAWBERRY"": 0, ""WOOL"": 0}, ""step"": 690}, {""chosen"": {""STRAWBERRY"": 13}, ""pending"": {""MELON"": 0, ""MILK"": 1, ""STRAWBERRY"": 0, ""WOOL"": 0}, ""step"": 697}, {""chosen"": {""MILK"": 10}, ""pending"": {""MELON"": 0, ""MILK"": 0, ""STRAWBERRY"": 0, ""WOOL"": 0}, ""step"": 698}, {""chosen"": {""WOOL"": 22}, ""pending"": {""MELON"": 0, ""MILK"": 0, ""STRAWBERRY"": 0, ""WOOL"": 0}, ""step"": 699}, {""chosen"": {""MILK"": 11}, ""pending"": {""MELON"": 0, ""MILK"": 0, ""STRAWBERRY"": 0, ""WOOL"": 0}, ""step"": 702}, {""chosen"": {""MILK"": 3, ""WOOL"": 24}, ""pending"": {""MELON"": 0, ""MILK"": 0, ""STRAWBERRY"": 0, ""WOOL"": 0}, ""step"": 703}, {""chosen"": {""MELON"": 1}, ""pending"": {""MELON"": 0, ""MILK"": 0, ""STRAWBERRY"": 0, ""WOOL"": 0}, ""step"": 707}, {""chosen"": {""MELON"": 8, ""WOOL"": 12}, ""pending"": {""MELON"": 0, ""MILK"": 0, ""STRAWBERRY"": 0, ""WOOL"": 0}, ""step"": 709}, {""chosen"": {""MELON"": 3, ""MILK"": 9}, ""pending"": {""MELON"": 0, ""MILK"": 0, ""STRAWBERRY"": 0, ""WOOL"": 0}, ""step"": 710}, {""chosen"": {""MELON"": 1}, ""pending"": {""MELON"": 0, ""MILK"": 0, ""STRAWBERRY"": 0, ""WOOL"": 0}, ""step"": 711}, {""chosen"": {""MILK"": 12, ""WOOL"": 20}, ""pending"": {""MELON"": 0, ""MILK"": 0, ""STRAWBERRY"": 0, ""WOOL"": 0}, ""step"": 712}, {""chosen"": {""MELON"": 8, ""MILK"": 3, ""STRAWBERRY"": 6}, ""pending"": {""MELON"": 0, ""MILK"": 0, ""STRAWBERRY"": 0, ""WOOL"": 0}, ""step"": 713}, {""chosen"": {""MELON"": 3}, ""pending"": {""MELON"": 0, ""MILK"": 0, ""STRAWBERRY"": 0, ""WOOL"": 0}, ""step"": 714}, {""chosen"": {""MILK"": 3, ""WOOL"": 12}, ""pending"": {""MELON"": 0, ""MILK"": 0, ""STRAWBERRY"": 0, ""WOOL"": 0}, ""step"": 715}, {""chosen"": {""MILK"": 3}, ""pending"": {""MELON"": 0, ""MILK"": 0, ""STRAWBERRY"": 0, ""WOOL"": 0}, ""step"": 716}, {""chosen"": {""STRAWBERRY"": 3}, ""pending"": {""MELON"": 0, ""MILK"": 0, ""STRAWBERRY"": 0, ""WOOL"": 0}, ""step"": 717}]",0,0,75,75,0,39,0,314,275,0,103,8,132,132,0,41,0
594548754,0,131166.0,135625.0,-4459.0,loss,DONE,DONE,1,4.709459800040349,0,0,0,0,719,0,0,0.0462,2.669890000000001,7.208064000000007,14.5221,"{""BUILD_PASTURE"": 14, ""CARE"": 308, ""COLLECT_FERTILIZER"": 318, ""DIG"": 25, ""DROP"": 80, ""EAST"": 857, ""FEED"": 319, ""FERTILIZE"": 107, ""HARVEST"": 338, ""NORTH"": 1236, ""PASS"": 377, ""PICKUP"": 339, ""PLACE"": 27, ""PLANT"": 131, ""SOUTH"": 929, ""WATER"": 851, ""WEST"": 1098}","{""BUY_ANIMAL"": 14, ""BUY_LAND"": 2, ""BUY_PRODUCT"": 279, ""BUY_SEED"": 54, ""HIRE"": 306, ""SELL"": 475}","{""BUY_ANIMAL:COW"": 8, ""BUY_ANIMAL:SHEEP"": 6, ""BUY_PRODUCT:WHEAT"": 967, ""BUY_SEED:MELON"": 21, ""BUY_SEED:STRAWBERRY"": 44, ""BUY_SEED:WHEAT"": 66, ""SELL:CARROT"": 13, ""SELL:EGG"": 8, ""SELL:FERTILIZER"": 445, ""SELL:MELON"": 224, ""SELL:MILK"": 580, ""SELL:STRAWBERRY"": 636, ""SELL:TOMATO"": 4, ""SELL:WHEAT"": 1108, ""SELL:WOOL"": 373}",90144575,conservative,C:\Users\Administrator\Desktop\code\kaggriculture\baseline\history\v015a_market_collision\log\90144575.json,608,64,375,273,0,146,13,47,17,110,17,11,conservative,718,"{""MILK"": {""base"": 3, ""carried_value"": 624, ""chosen"": 3, ""deferred"": 0, ""gain"": 0.0, ""opponent_future"": 16.0, ""opponent_now"": 0.0, ""released"": 0, ""residual_value"": 0.0, ""step"": 716}, ""WOOL"": {""base"": 12, ""carried_value"": 2952, ""chosen"": 12, ""deferred"": 0, ""gain"": 0.0, ""opponent_future"": 6.6667, ""opponent_now"": 0.0, ""released"": 0, ""residual_value"": 0.0, ""step"": 715}}","{""MILK"": 0, ""WOOL"": 0}","[{""chosen"": {""WOOL"": 6}, ""pending"": {""WOOL"": 0}, ""step"": 280}, {""chosen"": {""MILK"": 12}, ""pending"": {""MILK"": 0, ""WOOL"": 0}, ""step"": 294}, {""chosen"": {""WOOL"": 4}, ""pending"": {""MILK"": 0, ""WOOL"": 0}, ""step"": 365}, {""chosen"": {""MILK"": 9}, ""pending"": {""MILK"": 0, ""WOOL"": 0}, ""step"": 367}, {""chosen"": {""MILK"": 9}, ""pending"": {""MILK"": 0, ""WOOL"": 0}, ""step"": 387}, {""chosen"": {""MILK"": 9}, ""pending"": {""MILK"": 0, ""WOOL"": 0}, ""step"": 409}, {""chosen"": {""MILK"": 5}, ""pending"": {""MILK"": 0, ""WOOL"": 0}, ""step"": 439}, {""chosen"": {""WOOL"": 4}, ""pending"": {""MILK"": 0, ""WOOL"": 0}, ""step"": 466}, {""chosen"": {""MILK"": 9}, ""pending"": {""MILK"": 0, ""WOOL"": 0}, ""step"": 471}, {""chosen"": {""MILK"": 15}, ""pending"": {""MILK"": 0, ""WOOL"": 0}, ""step"": 484}, {""chosen"": {""MILK"": 15}, ""pending"": {""MILK"": 0, ""WOOL"": 0}, ""step"": 485}, {""chosen"": {""MILK"": 15}, ""pending"": {""MILK"": 0, ""WOOL"": 0}, ""step"": 536}, {""chosen"": {""MILK"": 19, ""WOOL"": 24}, ""pending"": {""MILK"": 0, ""WOOL"": 0}, ""step"": 537}, {""chosen"": {""MILK"": 4, ""WOOL"": 3}, ""pending"": {""MILK"": 0, ""WOOL"": 0}, ""step"": 566}, {""chosen"": {""MILK"": 1}, ""pending"": {""MILK"": 1, ""WOOL"": 0}, ""step"": 572}, {""chosen"": {""MILK"": 13}, ""pending"": {""MILK"": 0, ""WOOL"": 0}, ""step"": 573}, {""chosen"": {""MILK"": 6}, ""pending"": {""MILK"": 0, ""WOOL"": 0}, ""step"": 607}, {""chosen"": {""MILK"": 0}, ""pending"": {""MILK"": 1, ""WOOL"": 0}, ""step"": 608}, {""chosen"": {""MILK"": 10}, ""pending"": {""MILK"": 0, ""WOOL"": 0}, ""step"": 609}, {""chosen"": {""MILK"": 0, ""WOOL"": 9}, ""pending"": {""MILK"": 1, ""WOOL"": 0}, ""step"": 612}, {""chosen"": {""MILK"": 10, ""WOOL"": 9}, ""pending"": {""MILK"": 0, ""WOOL"": 0}, ""step"": 613}, {""chosen"": {""WOOL"": 3}, ""pending"": {""MILK"": 0, ""WOOL"": 0}, ""step"": 616}, {""chosen"": {""WOOL"": 1}, ""pending"": {""MILK"": 0, ""WOOL"": 0}, ""step"": 625}, {""chosen"": {""WOOL"": 2}, ""pending"": {""MILK"": 0, ""WOOL"": 0}, ""step"": 627}, {""chosen"": {""MILK"": 15}, ""pending"": {""MILK"": 0, ""WOOL"": 0}, ""step"": 633}, {""chosen"": {""MILK"": 30}, ""pending"": {""MILK"": 0, ""WOOL"": 0}, ""step"": 637}, {""chosen"": {""MILK"": 0}, ""pending"": {""MILK"": 1, ""WOOL"": 0}, ""step"": 656}, {""chosen"": {""MILK"": 1, ""WOOL"": 1}, ""pending"": {""MILK"": 1, ""WOOL"": 0}, ""step"": 657}, {""chosen"": {""WOOL"": 1}, ""pending"": {""MILK"": 1, ""WOOL"": 0}, ""step"": 660}, {""chosen"": {""MILK"": 1, ""WOOL"": 1}, ""pending"": {""MILK"": 1, ""WOOL"": 0}, ""step"": 661}, {""chosen"": {""MILK"": 1}, ""pending"": {""MILK"": 1, ""WOOL"": 0}, ""step"": 667}, {""chosen"": {""MILK"": 1}, ""pending"": {""MILK"": 1, ""WOOL"": 0}, ""step"": 670}, {""chosen"": {""MILK"": 1}, ""pending"": {""MILK"": 1, ""WOOL"": 0}, ""step"": 673}, {""chosen"": {""MILK"": 1}, ""pending"": {""MILK"": 1, ""WOOL"": 0}, ""step"": 674}, {""chosen"": {""MILK"": 1}, ""pending"": {""MILK"": 1, ""WOOL"": 0}, ""step"": 678}, {""chosen"": {""MILK"": 1}, ""pending"": {""MILK"": 1, ""WOOL"": 0}, ""step"": 685}, {""chosen"": {""MILK"": 5}, ""pending"": {""MILK"": 1, ""WOOL"": 0}, ""step"": 686}, {""chosen"": {""MILK"": 10}, ""pending"": {""MILK"": 0, ""WOOL"": 0}, ""step"": 698}, {""chosen"": {""WOOL"": 22}, ""pending"": {""MILK"": 0, ""WOOL"": 0}, ""step"": 699}, {""chosen"": {""MILK"": 11}, ""pending"": {""MILK"": 0, ""WOOL"": 0}, ""step"": 702}, {""chosen"": {""MILK"": 3, ""WOOL"": 24}, ""pending"": {""MILK"": 0, ""WOOL"": 0}, ""step"": 703}, {""chosen"": {""WOOL"": 12}, ""pending"": {""MILK"": 0, ""WOOL"": 0}, ""step"": 709}, {""chosen"": {""MILK"": 9}, ""pending"": {""MILK"": 0, ""WOOL"": 0}, ""step"": 710}, {""chosen"": {""MILK"": 12, ""WOOL"": 20}, ""pending"": {""MILK"": 0, ""WOOL"": 0}, ""step"": 712}, {""chosen"": {""MILK"": 3}, ""pending"": {""MILK"": 0, ""WOOL"": 0}, ""step"": 713}, {""chosen"": {""MILK"": 3, ""WOOL"": 12}, ""pending"": {""MILK"": 0, ""WOOL"": 0}, ""step"": 715}, {""chosen"": {""MILK"": 3}, ""pending"": {""MILK"": 0, ""WOOL"": 0}, ""step"": 716}]",0,0,,,,,,,,,,,158,158,0,46,0
1881897382,1,144422.0,136807.0,7615.0,win,DONE,DONE,1,4.531160700018518,0,0,0,0,719,0,0,0.0288,0.08154000000000006,0.14542000000000005,0.6819,"{""BUILD_PASTURE"": 14, ""CARE"": 308, ""COLLECT_FERTILIZER"": 318, ""DIG"": 25, ""DROP"": 80, ""EAST"": 857, ""FEED"": 319, ""FERTILIZE"": 107, ""HARVEST"": 338, ""NORTH"": 1236, ""PASS"": 377, ""PICKUP"": 339, ""PLACE"": 27, ""PLANT"": 131, ""SOUTH"": 929, ""WATER"": 851, ""WEST"": 1098}","{""BUY_ANIMAL"": 14, ""BUY_LAND"": 2, ""BUY_PRODUCT"": 279, ""BUY_SEED"": 54, ""HIRE"": 306, ""SELL"": 450}","{""BUY_ANIMAL:COW"": 8, ""BUY_ANIMAL:SHEEP"": 6, ""BUY_PRODUCT:WHEAT"": 967, ""BUY_SEED:MELON"": 21, ""BUY_SEED:STRAWBERRY"": 44, ""BUY_SEED:WHEAT"": 66, ""SELL:CARROT"": 13, ""SELL:EGG"": 8, ""SELL:FERTILIZER"": 437, ""SELL:MELON"": 224, ""SELL:MILK"": 614, ""SELL:STRAWBERRY"": 567, ""SELL:TOMATO"": 4, ""SELL:WHEAT"": 1108, ""SELL:WOOL"": 354}",90166570,control,C:\Users\Administrator\Desktop\code\kaggriculture\baseline\history\v015a_market_collision\log\90166570.json,,,,,,,,,,,,,,,,,,,,,,,,,,,,,,,,,,
1881897382,1,144422.0,136807.0,7615.0,win,DONE,DONE,1,4.554893199994694,0,0,0,0,719,0,0,0.0497,0.2575600000000002,6.399136000000018,9.8318,"{""BUILD_PASTURE"": 14, ""CARE"": 308, ""COLLECT_FERTILIZER"": 318, ""DIG"": 25, ""DROP"": 80, ""EAST"": 857, ""FEED"": 319, ""FERTILIZE"": 107, ""HARVEST"": 338, ""NORTH"": 1236, ""PASS"": 377, ""PICKUP"": 339, ""PLACE"": 27, ""PLANT"": 131, ""SOUTH"": 929, ""WATER"": 851, ""WEST"": 1098}","{""BUY_ANIMAL"": 14, ""BUY_LAND"": 2, ""BUY_PRODUCT"": 279, ""BUY_SEED"": 54, ""HIRE"": 306, ""SELL"": 450}","{""BUY_ANIMAL:COW"": 8, ""BUY_ANIMAL:SHEEP"": 6, ""BUY_PRODUCT:WHEAT"": 967, ""BUY_SEED:MELON"": 21, ""BUY_SEED:STRAWBERRY"": 44, ""BUY_SEED:WHEAT"": 66, ""SELL:CARROT"": 13, ""SELL:EGG"": 8, ""SELL:FERTILIZER"": 437, ""SELL:MELON"": 224, ""SELL:MILK"": 614, ""SELL:STRAWBERRY"": 567, ""SELL:TOMATO"": 4, ""SELL:WHEAT"": 1108, ""SELL:WOOL"": 354}",90166570,balanced,C:\Users\Administrator\Desktop\code\kaggriculture\baseline\history\v015a_market_collision\log\90166570.json,650,39,294,294,0,111,0,30,,,,11,balanced,718,"{""MILK"": {""base"": 3, ""carried_value"": 822, ""chosen"": 3, ""deferred"": 0, ""gain"": 0.0, ""opponent_future"": 12.0, ""opponent_now"": 0.0, ""released"": 0, ""residual_value"": 0.0, ""step"": 716}}","{""MILK"": 0}","[{""chosen"": {""MILK"": 9}, ""pending"": {""MILK"": 0}, ""step"": 293}, {""chosen"": {""MILK"": 9}, ""pending"": {""MILK"": 0}, ""step"": 366}, {""chosen"": {""MILK"": 9}, ""pending"": {""MILK"": 0}, ""step"": 386}, {""chosen"": {""MILK"": 3}, ""pending"": {""MILK"": 0}, ""step"": 442}, {""chosen"": {""MILK"": 20}, ""pending"": {""MILK"": 0}, ""step"": 444}, {""chosen"": {""MILK"": 15}, ""pending"": {""MILK"": 0}, ""step"": 536}, {""chosen"": {""MILK"": 19}, ""pending"": {""MILK"": 0}, ""step"": 537}, {""chosen"": {""MILK"": 24}, ""pending"": {""MILK"": 0}, ""step"": 541}, {""chosen"": {""MILK"": 1}, ""pending"": {""MILK"": 0}, ""step"": 569}, {""chosen"": {""MILK"": 6}, ""pending"": {""MILK"": 0}, ""step"": 607}, {""chosen"": {""MILK"": 14}, ""pending"": {""MILK"": 0}, ""step"": 617}, {""chosen"": {""MILK"": 15}, ""pending"": {""MILK"": 0}, ""step"": 633}, {""chosen"": {""MILK"": 9}, ""pending"": {""MILK"": 0}, ""step"": 656}, {""chosen"": {""MILK"": 9}, ""pending"": {""MILK"": 0}, ""step"": 657}, {""chosen"": {""MILK"": 10}, ""pending"": {""MILK"": 0}, ""step"": 661}, {""chosen"": {""MILK"": 4}, ""pending"": {""MILK"": 0}, ""step"": 667}, {""chosen"": {""MILK"": 15}, ""pending"": {""MILK"": 0}, ""step"": 670}, {""chosen"": {""MILK"": 12}, ""pending"": {""MILK"": 0}, ""step"": 673}, {""chosen"": {""MILK"": 8}, ""pending"": {""MILK"": 0}, ""step"": 674}, {""chosen"": {""MILK"": 8}, ""pending"": {""MILK"": 0}, ""step"": 678}, {""chosen"": {""MILK"": 9}, ""pending"": {""MILK"": 0}, ""step"": 685}, {""chosen"": {""MILK"": 13}, ""pending"": {""MILK"": 0}, ""step"": 686}, {""chosen"": {""MILK"": 9}, ""pending"": {""MILK"": 0}, ""step"": 698}, {""chosen"": {""MILK"": 11}, ""pending"": {""MILK"": 0}, ""step"": 702}, {""chosen"": {""MILK"": 3}, ""pending"": {""MILK"": 0}, ""step"": 703}, {""chosen"": {""MILK"": 9}, ""pending"": {""MILK"": 0}, ""step"": 710}, {""chosen"": {""MILK"": 12}, ""pending"": {""MILK"": 0}, ""step"": 712}, {""chosen"": {""MILK"": 3}, ""pending"": {""MILK"": 0}, ""step"": 713}, {""chosen"": {""MILK"": 3}, ""pending"": {""MILK"": 0}, ""step"": 715}, {""chosen"": {""MILK"": 3}, ""pending"": {""MILK"": 0}, ""step"": 716}]",0,0,,,,,,,,,,,,,,,
1881897382,1,144594.0,136814.0,7780.0,win,DONE,DONE,1,4.69255899998825,0,0,0,0,719,0,0,0.0461,3.7701600000000006,8.118338000000026,14.3915,"{""BUILD_PASTURE"": 14, ""CARE"": 308, ""COLLECT_FERTILIZER"": 318, ""DIG"": 25, ""DROP"": 80, ""EAST"": 857, ""FEED"": 319, ""FERTILIZE"": 107, ""HARVEST"": 338, ""NORTH"": 1236, ""PASS"": 377, ""PICKUP"": 339, ""PLACE"": 27, ""PLANT"": 131, ""SOUTH"": 929, ""WATER"": 851, ""WEST"": 1098}","{""BUY_ANIMAL"": 14, ""BUY_LAND"": 2, ""BUY_PRODUCT"": 279, ""BUY_SEED"": 54, ""HIRE"": 306, ""SELL"": 448}","{""BUY_ANIMAL:COW"": 8, ""BUY_ANIMAL:SHEEP"": 6, ""BUY_PRODUCT:WHEAT"": 967, ""BUY_SEED:MELON"": 21, ""BUY_SEED:STRAWBERRY"": 44, ""BUY_SEED:WHEAT"": 66, ""SELL:CARROT"": 13, ""SELL:EGG"": 8, ""SELL:FERTILIZER"": 437, ""SELL:MELON"": 224, ""SELL:MILK"": 614, ""SELL:STRAWBERRY"": 558, ""SELL:TOMATO"": 4, ""SELL:WHEAT"": 1108, ""SELL:WOOL"": 333}",90166570,sensitive,C:\Users\Administrator\Desktop\code\kaggriculture\baseline\history\v015a_market_collision\log\90166570.json,546,110,242,242,0,106,0,63,9,36,8,11,sensitive,718,"{""MELON"": {""base"": 3, ""carried_value"": 0, ""chosen"": 3, ""deferred"": 0, ""gain"": 0.0, ""opponent_future"": 0.0, ""opponent_now"": 0.0, ""released"": 0, ""residual_value"": 0.0, ""step"": 714}, ""MILK"": {""base"": 3, ""carried_value"": 822, ""chosen"": 3, ""deferred"": 0, ""gain"": 0.0, ""opponent_future"": 12.0, ""opponent_now"": 0.0, ""released"": 0, ""residual_value"": 0.0, ""step"": 716}, ""STRAWBERRY"": {""base"": 3, ""carried_value"": 639, ""chosen"": 3, ""deferred"": 0, ""gain"": 0.0, ""opponent_future"": 0.0, ""opponent_now"": 0.0, ""released"": 0, ""residual_value"": 0.0, ""step"": 717}, ""WOOL"": {""base"": 12, ""carried_value"": 2784, ""chosen"": 12, ""deferred"": 0, ""gain"": 0.0, ""opponent_future"": 6.6667, ""opponent_now"": 0.0, ""released"": 0, ""residual_value"": 0.0, ""step"": 715}}","{""MELON"": 0, ""MILK"": 0, ""STRAWBERRY"": 0, ""WOOL"": 0}","[{""chosen"": {""MELON"": 16}, ""pending"": {""MELON"": 0}, ""step"": 259}, {""chosen"": {""STRAWBERRY"": 4}, ""pending"": {""MELON"": 0, ""STRAWBERRY"": 0}, ""step"": 269}, {""chosen"": {""STRAWBERRY"": 6}, ""pending"": {""MELON"": 0, ""STRAWBERRY"": 0}, ""step"": 292}, {""chosen"": {""WOOL"": 6}, ""pending"": {""MELON"": 0, ""STRAWBERRY"": 0, ""WOOL"": 0}, ""step"": 354}, {""chosen"": {""WOOL"": 7}, ""pending"": {""MELON"": 0, ""STRAWBERRY"": 0, ""WOOL"": 0}, ""step"": 358}, {""chosen"": {""MELON"": 6, ""STRAWBERRY"": 4}, ""pending"": {""MELON"": 0, ""STRAWBERRY"": 0, ""WOOL"": 0}, ""step"": 359}, {""chosen"": {""WOOL"": 4}, ""pending"": {""MELON"": 0, ""STRAWBERRY"": 0, ""WOOL"": 0}, ""step"": 365}, {""chosen"": {""MILK"": 9, ""WOOL"": 4}, ""pending"": {""MELON"": 0, ""MILK"": 0, ""STRAWBERRY"": 0, ""WOOL"": 0}, ""step"": 366}, {""chosen"": {""MILK"": 9}, ""pending"": {""MELON"": 0, ""MILK"": 0, ""STRAWBERRY"": 0, ""WOOL"": 0}, ""step"": 386}, {""chosen"": {""WOOL"": 3}, ""pending"": {""MELON"": 0, ""MILK"": 0, ""STRAWBERRY"": 0, ""WOOL"": 0}, ""step"": 424}, {""chosen"": {""MILK"": 20}, ""pending"": {""MELON"": 0, ""MILK"": 0, ""STRAWBERRY"": 0, ""WOOL"": 0}, ""step"": 444}, {""chosen"": {""WOOL"": 2}, ""pending"": {""MELON"": 0, ""MILK"": 0, ""STRAWBERRY"": 0, ""WOOL"": 0}, ""step"": 449}, {""chosen"": {""STRAWBERRY"": 10}, ""pending"": {""MELON"": 0, ""MILK"": 0, ""STRAWBERRY"": 0, ""WOOL"": 0}, ""step"": 471}, {""chosen"": {""STRAWBERRY"": 14}, ""pending"": {""MELON"": 0, ""MILK"": 0, ""STRAWBERRY"": 0, ""WOOL"": 0}, ""step"": 528}, {""chosen"": {""MILK"": 19, ""WOOL"": 24}, ""pending"": {""MELON"": 0, ""MILK"": 0, ""STRAWBERRY"": 0, ""WOOL"": 0}, ""step"": 537}, {""chosen"": {""WOOL"": 24}, ""pending"": {""MELON"": 0, ""MILK"": 0, ""STRAWBERRY"": 0, ""WOOL"": 0}, ""step"": 538}, {""chosen"": {""MELON"": 6}, ""pending"": {""MELON"": 0, ""MILK"": 0, ""STRAWBERRY"": 0, ""WOOL"": 0}, ""step"": 563}, {""chosen"": {""MELON"": 9}, ""pending"": {""MELON"": 0, ""MILK"": 0, ""STRAWBERRY"": 0, ""WOOL"": 0}, ""step"": 567}, {""chosen"": {""MELON"": 8, ""STRAWBERRY"": 35}, ""pending"": {""MELON"": 0, ""MILK"": 0, ""STRAWBERRY"": 0, ""WOOL"": 0}, ""step"": 578}, {""chosen"": {""STRAWBERRY"": 21}, ""pending"": {""MELON"": 0, ""MILK"": 0, ""STRAWBERRY"": 0, ""WOOL"": 0}, ""step"": 600}, {""chosen"": {""MILK"": 6}, ""pending"": {""MELON"": 0, ""MILK"": 0, ""STRAWBERRY"": 0, ""WOOL"": 0}, ""step"": 607}, {""chosen"": {""WOOL"": 2}, ""pending"": {""MELON"": 0, ""MILK"": 0, ""STRAWBERRY"": 0, ""WOOL"": 1}, ""step"": 616}, {""chosen"": {""MILK"": 14, ""STRAWBERRY"": 6, ""WOOL"": 10}, ""pending"": {""MELON"": 0, ""MILK"": 0, ""STRAWBERRY"": 0, ""WOOL"": 0}, ""step"": 617}, {""chosen"": {""MELON"": 6, ""WOOL"": 1}, ""pending"": {""MELON"": 0, ""MILK"": 0, ""STRAWBERRY"": 0, ""WOOL"": 0}, ""step"": 625}, {""chosen"": {""WOOL"": 2}, ""pending"": {""MELON"": 0, ""MILK"": 0, ""STRAWBERRY"": 0, ""WOOL"": 0}, ""step"": 627}, {""chosen"": {""MILK"": 15, ""STRAWBERRY"": 20}, ""pending"": {""MELON"": 0, ""MILK"": 0, ""STRAWBERRY"": 0, ""WOOL"": 0}, ""step"": 633}, {""chosen"": {""MELON"": 6}, ""pending"": {""MELON"": 0, ""MILK"": 0, ""STRAWBERRY"": 0, ""WOOL"": 0}, ""step"": 649}, {""chosen"": {""MILK"": 9}, ""pending"": {""MELON"": 0, ""MILK"": 0, ""STRAWBERRY"": 0, ""WOOL"": 0}, ""step"": 656}, {""chosen"": {""MILK"": 9, ""STRAWBERRY"": 0, ""WOOL"": 0}, ""pending"": {""MELON"": 0, ""MILK"": 0, ""STRAWBERRY"": 1, ""WOOL"": 1}, ""step"": 657}, {""chosen"": {""WOOL"": 1}, ""pending"": {""MELON"": 0, ""MILK"": 0, ""STRAWBERRY"": 1, ""WOOL"": 1}, ""step"": 660}, {""chosen"": {""MILK"": 10, ""STRAWBERRY"": 1, ""WOOL"": 1}, ""pending"": {""MELON"": 0, ""MILK"": 0, ""STRAWBERRY"": 1, ""WOOL"": 1}, ""step"": 661}, {""chosen"": {""STRAWBERRY"": 1}, ""pending"": {""MELON"": 0, ""MILK"": 0, ""STRAWBERRY"": 1, ""WOOL"": 1}, ""step"": 663}, {""chosen"": {""STRAWBERRY"": 12}, ""pending"": {""MELON"": 0, ""MILK"": 0, ""STRAWBERRY"": 0, ""WOOL"": 1}, ""step"": 664}, {""chosen"": {""STRAWBERRY"": 4}, ""pending"": {""MELON"": 0, ""MILK"": 0, ""STRAWBERRY"": 0, ""WOOL"": 1}, ""step"": 665}, {""chosen"": {""MILK"": 4}, ""pending"": {""MELON"": 0, ""MILK"": 0, ""STRAWBERRY"": 0, ""WOOL"": 1}, ""step"": 667}, {""chosen"": {""STRAWBERRY"": 8}, ""pending"": {""MELON"": 0, ""MILK"": 0, ""STRAWBERRY"": 0, ""WOOL"": 1}, ""step"": 668}, {""chosen"": {""STRAWBERRY"": 4}, ""pending"": {""MELON"": 0, ""MILK"": 0, ""STRAWBERRY"": 0, ""WOOL"": 1}, ""step"": 669}, {""chosen"": {""MILK"": 15}, ""pending"": {""MELON"": 0, ""MILK"": 0, ""STRAWBERRY"": 0, ""WOOL"": 1}, ""step"": 670}, {""chosen"": {""MILK"": 12}, ""pending"": {""MELON"": 0, ""MILK"": 0, ""STRAWBERRY"": 0, ""WOOL"": 1}, ""step"": 673}, {""chosen"": {""MILK"": 8}, ""pending"": {""MELON"": 0, ""MILK"": 0, ""STRAWBERRY"": 0, ""WOOL"": 1}, ""step"": 674}, {""chosen"": {""MILK"": 8}, ""pending"": {""MELON"": 0, ""MILK"": 0, ""STRAWBERRY"": 0, ""WOOL"": 1}, ""step"": 678}, {""chosen"": {""STRAWBERRY"": 3}, ""pending"": {""MELON"": 0, ""MILK"": 0, ""STRAWBERRY"": 0, ""WOOL"": 1}, ""step"": 681}, {""chosen"": {""STRAWBERRY"": 12}, ""pending"": {""MELON"": 0, ""MILK"": 0, ""STRAWBERRY"": 0, ""WOOL"": 1}, ""step"": 682}, {""chosen"": {""MILK"": 9, ""STRAWBERRY"": 3}, ""pending"": {""MELON"": 0, ""MILK"": 0, ""STRAWBERRY"": 0, ""WOOL"": 1}, ""step"": 685}, {""chosen"": {""MILK"": 13, ""STRAWBERRY"": 23}, ""pending"": {""MELON"": 0, ""MILK"": 0, ""STRAWBERRY"": 0, ""WOOL"": 1}, ""step"": 686}, {""chosen"": {""STRAWBERRY"": 3}, ""pending"": {""MELON"": 0, ""MILK"": 0, ""STRAWBERRY"": 0, ""WOOL"": 1}, ""step"": 688}, {""chosen"": {""STRAWBERRY"": 6}, ""pending"": {""MELON"": 0, ""MILK"": 0, ""STRAWBERRY"": 0, ""WOOL"": 1}, ""step"": 689}, {""chosen"": {""STRAWBERRY"": 14}, ""pending"": {""MELON"": 0, ""MILK"": 0, ""STRAWBERRY"": 0, ""WOOL"": 1}, ""step"": 690}, {""chosen"": {""STRAWBERRY"": 13}, ""pending"": {""MELON"": 0, ""MILK"": 0, ""STRAWBERRY"": 0, ""WOOL"": 1}, ""step"": 697}, {""chosen"": {""MILK"": 9}, ""pending"": {""MELON"": 0, ""MILK"": 0, ""STRAWBERRY"": 0, ""WOOL"": 1}, ""step"": 698}, {""chosen"": {""WOOL"": 1}, ""pending"": {""MELON"": 0, ""MILK"": 0, ""STRAWBERRY"": 0, ""WOOL"": 1}, ""step"": 699}, {""chosen"": {""MILK"": 11}, ""pending"": {""MELON"": 0, ""MILK"": 0, ""STRAWBERRY"": 0, ""WOOL"": 1}, ""step"": 702}, {""chosen"": {""MILK"": 3, ""WOOL"": 25}, ""pending"": {""MELON"": 0, ""MILK"": 0, ""STRAWBERRY"": 0, ""WOOL"": 0}, ""step"": 703}, {""chosen"": {""MELON"": 1}, ""pending"": {""MELON"": 0, ""MILK"": 0, ""STRAWBERRY"": 0, ""WOOL"": 0}, ""step"": 707}, {""chosen"": {""MELON"": 8, ""WOOL"": 12}, ""pending"": {""MELON"": 0, ""MILK"": 0, ""STRAWBERRY"": 0, ""WOOL"": 0}, ""step"": 709}, {""chosen"": {""MELON"": 3, ""MILK"": 9}, ""pending"": {""MELON"": 0, ""MILK"": 0, ""STRAWBERRY"": 0, ""WOOL"": 0}, ""step"": 710}, {""chosen"": {""MELON"": 1}, ""pending"": {""MELON"": 0, ""MILK"": 0, ""STRAWBERRY"": 0, ""WOOL"": 0}, ""step"": 711}, {""chosen"": {""MILK"": 12, ""WOOL"": 20}, ""pending"": {""MELON"": 0, ""MILK"": 0, ""STRAWBERRY"": 0, ""WOOL"": 0}, ""step"": 712}, {""chosen"": {""MELON"": 8, ""MILK"": 3, ""STRAWBERRY"": 6}, ""pending"": {""MELON"": 0, ""MILK"": 0, ""STRAWBERRY"": 0, ""WOOL"": 0}, ""step"": 713}, {""chosen"": {""MELON"": 3}, ""pending"": {""MELON"": 0, ""MILK"": 0, ""STRAWBERRY"": 0, ""WOOL"": 0}, ""step"": 714}, {""chosen"": {""MILK"": 3, ""WOOL"": 12}, ""pending"": {""MELON"": 0, ""MILK"": 0, ""STRAWBERRY"": 0, ""WOOL"": 0}, ""step"": 715}, {""chosen"": {""MILK"": 3}, ""pending"": {""MELON"": 0, ""MILK"": 0, ""STRAWBERRY"": 0, ""WOOL"": 0}, ""step"": 716}, {""chosen"": {""STRAWBERRY"": 3}, ""pending"": {""MELON"": 0, ""MILK"": 0, ""STRAWBERRY"": 0, ""WOOL"": 0}, ""step"": 717}]",0,0,81,81,0,40,0,245,236,0,97,3,182,161,0,57,5
1881897382,1,144545.0,136814.0,7731.0,win,DONE,DONE,1,4.522476999962237,0,0,0,0,719,0,0,0.0451,1.8467700000000034,6.437502000000004,10.5151,"{""BUILD_PASTURE"": 14, ""CARE"": 308, ""COLLECT_FERTILIZER"": 318, ""DIG"": 25, ""DROP"": 80, ""EAST"": 857, ""FEED"": 319, ""FERTILIZE"": 107, ""HARVEST"": 338, ""NORTH"": 1236, ""PASS"": 377, ""PICKUP"": 339, ""PLACE"": 27, ""PLANT"": 131, ""SOUTH"": 929, ""WATER"": 851, ""WEST"": 1098}","{""BUY_ANIMAL"": 14, ""BUY_LAND"": 2, ""BUY_PRODUCT"": 279, ""BUY_SEED"": 54, ""HIRE"": 306, ""SELL"": 449}","{""BUY_ANIMAL:COW"": 8, ""BUY_ANIMAL:SHEEP"": 6, ""BUY_PRODUCT:WHEAT"": 967, ""BUY_SEED:MELON"": 21, ""BUY_SEED:STRAWBERRY"": 44, ""BUY_SEED:WHEAT"": 66, ""SELL:CARROT"": 13, ""SELL:EGG"": 8, ""SELL:FERTILIZER"": 437, ""SELL:MELON"": 224, ""SELL:MILK"": 614, ""SELL:STRAWBERRY"": 567, ""SELL:TOMATO"": 4, ""SELL:WHEAT"": 1108, ""SELL:WOOL"": 333}",90166570,conservative,C:\Users\Administrator\Desktop\code\kaggriculture\baseline\history\v015a_market_collision\log\90166570.json,621,58,265,265,0,109,0,40,3,23,3,11,conservative,718,"{""MILK"": {""base"": 3, ""carried_value"": 822, ""chosen"": 3, ""deferred"": 0, ""gain"": 0.0, ""opponent_future"": 12.0, ""opponent_now"": 0.0, ""released"": 0, ""residual_value"": 0.0, ""step"": 716}, ""WOOL"": {""base"": 12, ""carried_value"": 2784, ""chosen"": 12, ""deferred"": 0, ""gain"": 0.0, ""opponent_future"": 6.6667, ""opponent_now"": 0.0, ""released"": 0, ""residual_value"": 0.0, ""step"": 715}}","{""MILK"": 0, ""WOOL"": 0}","[{""chosen"": {""WOOL"": 6}, ""pending"": {""WOOL"": 0}, ""step"": 280}, {""chosen"": {""MILK"": 9}, ""pending"": {""MILK"": 0, ""WOOL"": 0}, ""step"": 293}, {""chosen"": {""WOOL"": 6}, ""pending"": {""MILK"": 0, ""WOOL"": 0}, ""step"": 354}, {""chosen"": {""WOOL"": 7}, ""pending"": {""MILK"": 0, ""WOOL"": 0}, ""step"": 358}, {""chosen"": {""WOOL"": 4}, ""pending"": {""MILK"": 0, ""WOOL"": 0}, ""step"": 365}, {""chosen"": {""MILK"": 9, ""WOOL"": 4}, ""pending"": {""MILK"": 0, ""WOOL"": 0}, ""step"": 366}, {""chosen"": {""MILK"": 9}, ""pending"": {""MILK"": 0, ""WOOL"": 0}, ""step"": 386}, {""chosen"": {""WOOL"": 3}, ""pending"": {""MILK"": 0, ""WOOL"": 0}, ""step"": 424}, {""chosen"": {""MILK"": 20}, ""pending"": {""MILK"": 0, ""WOOL"": 0}, ""step"": 444}, {""chosen"": {""MILK"": 12}, ""pending"": {""MILK"": 0, ""WOOL"": 0}, ""step"": 475}, {""chosen"": {""MILK"": 15}, ""pending"": {""MILK"": 0, ""WOOL"": 0}, ""step"": 536}, {""chosen"": {""MILK"": 19, ""WOOL"": 24}, ""pending"": {""MILK"": 0, ""WOOL"": 0}, ""step"": 537}, {""chosen"": {""WOOL"": 24}, ""pending"": {""MILK"": 0, ""WOOL"": 0}, ""step"": 538}, {""chosen"": {""MILK"": 1}, ""pending"": {""MILK"": 0, ""WOOL"": 0}, ""step"": 569}, {""chosen"": {""MILK"": 6}, ""pending"": {""MILK"": 0, ""WOOL"": 0}, ""step"": 607}, {""chosen"": {""WOOL"": 3}, ""pending"": {""MILK"": 0, ""WOOL"": 0}, ""step"": 616}, {""chosen"": {""WOOL"": 1}, ""pending"": {""MILK"": 0, ""WOOL"": 0}, ""step"": 625}, {""chosen"": {""WOOL"": 2}, ""pending"": {""MILK"": 0, ""WOOL"": 0}, ""step"": 627}, {""chosen"": {""MILK"": 15}, ""pending"": {""MILK"": 0, ""WOOL"": 0}, ""step"": 633}, {""chosen"": {""MILK"": 9}, ""pending"": {""MILK"": 0, ""WOOL"": 0}, ""step"": 656}, {""chosen"": {""MILK"": 9, ""WOOL"": 0}, ""pending"": {""MILK"": 0, ""WOOL"": 1}, ""step"": 657}, {""chosen"": {""WOOL"": 1}, ""pending"": {""MILK"": 0, ""WOOL"": 1}, ""step"": 660}, {""chosen"": {""MILK"": 10, ""WOOL"": 1}, ""pending"": {""MILK"": 0, ""WOOL"": 1}, ""step"": 661}, {""chosen"": {""MILK"": 4}, ""pending"": {""MILK"": 0, ""WOOL"": 1}, ""step"": 667}, {""chosen"": {""MILK"": 15}, ""pending"": {""MILK"": 0, ""WOOL"": 1}, ""step"": 670}, {""chosen"": {""MILK"": 12}, ""pending"": {""MILK"": 0, ""WOOL"": 1}, ""step"": 673}, {""chosen"": {""MILK"": 8}, ""pending"": {""MILK"": 0, ""WOOL"": 1}, ""step"": 674}, {""chosen"": {""MILK"": 8}, ""pending"": {""MILK"": 0, ""WOOL"": 1}, ""step"": 678}, {""chosen"": {""MILK"": 9}, ""pending"": {""MILK"": 0, ""WOOL"": 1}, ""step"": 685}, {""chosen"": {""MILK"": 13}, ""pending"": {""MILK"": 0, ""WOOL"": 1}, ""step"": 686}, {""chosen"": {""MILK"": 9}, ""pending"": {""MILK"": 0, ""WOOL"": 1}, ""step"": 698}, {""chosen"": {""WOOL"": 1}, ""pending"": {""MILK"": 0, ""WOOL"": 1}, ""step"": 699}, {""chosen"": {""MILK"": 11}, ""pending"": {""MILK"": 0, ""WOOL"": 1}, ""step"": 702}, {""chosen"": {""MILK"": 3, ""WOOL"": 25}, ""pending"": {""MILK"": 0, ""WOOL"": 0}, ""step"": 703}, {""chosen"": {""WOOL"": 12}, ""pending"": {""MILK"": 0, ""WOOL"": 0}, ""step"": 709}, {""chosen"": {""MILK"": 9}, ""pending"": {""MILK"": 0, ""WOOL"": 0}, ""step"": 710}, {""chosen"": {""MILK"": 12, ""WOOL"": 20}, ""pending"": {""MILK"": 0, ""WOOL"": 0}, ""step"": 712}, {""chosen"": {""MILK"": 3}, ""pending"": {""MILK"": 0, ""WOOL"": 0}, ""step"": 713}, {""chosen"": {""MILK"": 3, ""WOOL"": 12}, ""pending"": {""MILK"": 0, ""WOOL"": 0}, ""step"": 715}, {""chosen"": {""MILK"": 3}, ""pending"": {""MILK"": 0, ""WOOL"": 0}, ""step"": 716}]",0,0,,,,,,,,,,,177,156,0,55,4
626531926,0,145734.0,143754.0,1980.0,win,DONE,DONE,1,4.382444499991834,0,0,0,0,719,0,0,0.0268,0.08444000000000003,0.18478600000000237,0.393,"{""BUILD_PASTURE"": 14, ""CARE"": 308, ""COLLECT_FERTILIZER"": 318, ""DIG"": 25, ""DROP"": 80, ""EAST"": 857, ""FEED"": 319, ""FERTILIZE"": 107, ""HARVEST"": 338, ""NORTH"": 1236, ""PASS"": 377, ""PICKUP"": 339, ""PLACE"": 27, ""PLANT"": 131, ""SOUTH"": 929, ""WATER"": 851, ""WEST"": 1098}","{""BUY_ANIMAL"": 14, ""BUY_LAND"": 2, ""BUY_PRODUCT"": 279, ""BUY_SEED"": 54, ""HIRE"": 306, ""SELL"": 471}","{""BUY_ANIMAL:COW"": 8, ""BUY_ANIMAL:SHEEP"": 6, ""BUY_PRODUCT:WHEAT"": 967, ""BUY_SEED:MELON"": 21, ""BUY_SEED:STRAWBERRY"": 44, ""BUY_SEED:WHEAT"": 66, ""SELL:CARROT"": 13, ""SELL:EGG"": 8, ""SELL:FERTILIZER"": 445, ""SELL:MELON"": 224, ""SELL:MILK"": 662, ""SELL:STRAWBERRY"": 620, ""SELL:TOMATO"": 4, ""SELL:WHEAT"": 1108, ""SELL:WOOL"": 367}",90169920,control,C:\Users\Administrator\Desktop\code\kaggriculture\baseline\history\v015a_market_collision\log\90169920.json,,,,,,,,,,,,,,,,,,,,,,,,,,,,,,,,,,
626531926,0,145745.0,143754.0,1991.0,win,DONE,DONE,1,4.084844299999531,0,0,0,0,719,0,0,0.0425,0.3847400000000003,6.184222000000009,8.3493,"{""BUILD_PASTURE"": 14, ""CARE"": 308, ""COLLECT_FERTILIZER"": 318, ""DIG"": 25, ""DROP"": 80, ""EAST"": 857, ""FEED"": 319, ""FERTILIZE"": 107, ""HARVEST"": 338, ""NORTH"": 1236, ""PASS"": 377, ""PICKUP"": 339, ""PLACE"": 27, ""PLANT"": 131, ""SOUTH"": 929, ""WATER"": 851, ""WEST"": 1098}","{""BUY_ANIMAL"": 14, ""BUY_LAND"": 2, ""BUY_PRODUCT"": 279, ""BUY_SEED"": 54, ""HIRE"": 306, ""SELL"": 471}","{""BUY_ANIMAL:COW"": 8, ""BUY_ANIMAL:SHEEP"": 6, ""BUY_PRODUCT:WHEAT"": 967, ""BUY_SEED:MELON"": 21, ""BUY_SEED:STRAWBERRY"": 44, ""BUY_SEED:WHEAT"": 66, ""SELL:CARROT"": 13, ""SELL:EGG"": 8, ""SELL:FERTILIZER"": 445, ""SELL:MELON"": 224, ""SELL:MILK"": 657, ""SELL:STRAWBERRY"": 620, ""SELL:TOMATO"": 4, ""SELL:WHEAT"": 1108, ""SELL:WOOL"": 367}",90169920,balanced,C:\Users\Administrator\Desktop\code\kaggriculture\baseline\history\v015a_market_collision\log\90169920.json,646,41,280,275,0,113,1,32,2,7,2,11,balanced,718,"{""MILK"": {""base"": 3, ""carried_value"": 771, ""chosen"": 3, ""deferred"": 0, ""gain"": 0.0, ""opponent_future"": 16.0, ""opponent_now"": 0.0, ""released"": 0, ""residual_value"": 0.0, ""step"": 716}}","{""MILK"": 0}","[{""chosen"": {""MILK"": 9}, ""pending"": {""MILK"": 0}, ""step"": 293}, {""chosen"": {""MILK"": 3}, ""pending"": {""MILK"": 0}, ""step"": 343}, {""chosen"": {""MILK"": 4}, ""pending"": {""MILK"": 0}, ""step"": 344}, {""chosen"": {""MILK"": 9}, ""pending"": {""MILK"": 0}, ""step"": 366}, {""chosen"": {""MILK"": 9}, ""pending"": {""MILK"": 0}, ""step"": 386}, {""chosen"": {""MILK"": 3}, ""pending"": {""MILK"": 0}, ""step"": 442}, {""chosen"": {""MILK"": 9}, ""pending"": {""MILK"": 0}, ""step"": 470}, {""chosen"": {""MILK"": 15}, ""pending"": {""MILK"": 0}, ""step"": 536}, {""chosen"": {""MILK"": 24}, ""pending"": {""MILK"": 0}, ""step"": 541}, {""chosen"": {""MILK"": 1}, ""pending"": {""MILK"": 0}, ""step"": 569}, {""chosen"": {""MILK"": 6}, ""pending"": {""MILK"": 0}, ""step"": 607}, {""chosen"": {""MILK"": 9}, ""pending"": {""MILK"": 0}, ""step"": 609}, {""chosen"": {""MILK"": 14}, ""pending"": {""MILK"": 0}, ""step"": 617}, {""chosen"": {""MILK"": 15}, ""pending"": {""MILK"": 0}, ""step"": 633}, {""chosen"": {""MILK"": 3}, ""pending"": {""MILK"": 1}, ""step"": 656}, {""chosen"": {""MILK"": 10}, ""pending"": {""MILK"": 0}, ""step"": 657}, {""chosen"": {""MILK"": 10}, ""pending"": {""MILK"": 0}, ""step"": 661}, {""chosen"": {""MILK"": 4}, ""pending"": {""MILK"": 0}, ""step"": 667}, {""chosen"": {""MILK"": 15}, ""pending"": {""MILK"": 0}, ""step"": 670}, {""chosen"": {""MILK"": 12}, ""pending"": {""MILK"": 0}, ""step"": 673}, {""chosen"": {""MILK"": 8}, ""pending"": {""MILK"": 0}, ""step"": 674}, {""chosen"": {""MILK"": 8}, ""pending"": {""MILK"": 0}, ""step"": 678}, {""chosen"": {""MILK"": 9}, ""pending"": {""MILK"": 0}, ""step"": 685}, {""chosen"": {""MILK"": 13}, ""pending"": {""MILK"": 0}, ""step"": 686}, {""chosen"": {""MILK"": 9}, ""pending"": {""MILK"": 0}, ""step"": 698}, {""chosen"": {""MILK"": 11}, ""pending"": {""MILK"": 0}, ""step"": 702}, {""chosen"": {""MILK"": 3}, ""pending"": {""MILK"": 0}, ""step"": 703}, {""chosen"": {""MILK"": 9}, ""pending"": {""MILK"": 0}, ""step"": 710}, {""chosen"": {""MILK"": 12}, ""pending"": {""MILK"": 0}, ""step"": 712}, {""chosen"": {""MILK"": 3}, ""pending"": {""MILK"": 0}, ""step"": 713}, {""chosen"": {""MILK"": 3}, ""pending"": {""MILK"": 0}, ""step"": 715}, {""chosen"": {""MILK"": 3}, ""pending"": {""MILK"": 0}, ""step"": 716}]",0,0,,,,,,,,,,,,,,,
626531926,0,145904.0,143756.0,2148.0,win,DONE,DONE,1,4.323787499975879,0,0,0,0,719,0,0,0.0447,3.7667800000000105,8.015296000000015,14.5104,"{""BUILD_PASTURE"": 14, ""CARE"": 308, ""COLLECT_FERTILIZER"": 318, ""DIG"": 25, ""DROP"": 80, ""EAST"": 857, ""FEED"": 319, ""FERTILIZE"": 107, ""HARVEST"": 338, ""NORTH"": 1236, ""PASS"": 377, ""PICKUP"": 339, ""PLACE"": 27, ""PLANT"": 131, ""SOUTH"": 929, ""WATER"": 851, ""WEST"": 1098}","{""BUY_ANIMAL"": 14, ""BUY_LAND"": 2, ""BUY_PRODUCT"": 279, ""BUY_SEED"": 54, ""HIRE"": 306, ""SELL"": 469}","{""BUY_ANIMAL:COW"": 8, ""BUY_ANIMAL:SHEEP"": 6, ""BUY_PRODUCT:WHEAT"": 967, ""BUY_SEED:MELON"": 21, ""BUY_SEED:STRAWBERRY"": 44, ""BUY_SEED:WHEAT"": 66, ""SELL:CARROT"": 13, ""SELL:EGG"": 8, ""SELL:FERTILIZER"": 445, ""SELL:MELON"": 224, ""SELL:MILK"": 657, ""SELL:STRAWBERRY"": 620, ""SELL:TOMATO"": 4, ""SELL:WHEAT"": 1108, ""SELL:WOOL"": 341}",90169920,sensitive,C:\Users\Administrator\Desktop\code\kaggriculture\baseline\history\v015a_market_collision\log\90169920.json,532,114,191,186,0,106,1,73,10,39,9,11,sensitive,718,"{""MELON"": {""base"": 3, ""carried_value"": 0, ""chosen"": 3, ""deferred"": 0, ""gain"": 0.0, ""opponent_future"": 0.0, ""opponent_now"": 0.0, ""released"": 0, ""residual_value"": 0.0, ""step"": 714}, ""MILK"": {""base"": 3, ""carried_value"": 771, ""chosen"": 3, ""deferred"": 0, ""gain"": 0.0, ""opponent_future"": 16.0, ""opponent_now"": 0.0, ""released"": 0, ""residual_value"": 0.0, ""step"": 716}, ""STRAWBERRY"": {""base"": 3, ""carried_value"": 684, ""chosen"": 3, ""deferred"": 0, ""gain"": 0.0, ""opponent_future"": 0.0, ""opponent_now"": 1.0, ""released"": 0, ""residual_value"": 0.0, ""step"": 717}, ""WOOL"": {""base"": 12, ""carried_value"": 2772, ""chosen"": 12, ""deferred"": 0, ""gain"": 0.0, ""opponent_future"": 8.0, ""opponent_now"": 4.0, ""released"": 0, ""residual_value"": 0.0, ""step"": 715}}","{""MELON"": 0, ""MILK"": 0, ""STRAWBERRY"": 0, ""WOOL"": 0}","[{""chosen"": {""MELON"": 11}, ""pending"": {""MELON"": 0}, ""step"": 262}, {""chosen"": {""MILK"": 3}, ""pending"": {""MELON"": 0, ""MILK"": 0}, ""step"": 343}, {""chosen"": {""MILK"": 4}, ""pending"": {""MELON"": 0, ""MILK"": 0}, ""step"": 344}, {""chosen"": {""WOOL"": 6}, ""pending"": {""MELON"": 0, ""MILK"": 0, ""WOOL"": 0}, ""step"": 353}, {""chosen"": {""WOOL"": 6}, ""pending"": {""MELON"": 0, ""MILK"": 0, ""WOOL"": 0}, ""step"": 354}, {""chosen"": {""WOOL"": 7}, ""pending"": {""MELON"": 0, ""MILK"": 0, ""WOOL"": 0}, ""step"": 358}, {""chosen"": {""MELON"": 6, ""STRAWBERRY"": 4}, ""pending"": {""MELON"": 0, ""MILK"": 0, ""STRAWBERRY"": 0, ""WOOL"": 0}, ""step"": 359}, {""chosen"": {""MELON"": 7}, ""pending"": {""MELON"": 0, ""MILK"": 0, ""STRAWBERRY"": 0, ""WOOL"": 0}, ""step"": 362}, {""chosen"": {""MILK"": 9, ""WOOL"": 4}, ""pending"": {""MELON"": 0, ""MILK"": 0, ""STRAWBERRY"": 0, ""WOOL"": 0}, ""step"": 366}, {""chosen"": {""WOOL"": 8}, ""pending"": {""MELON"": 0, ""MILK"": 0, ""STRAWBERRY"": 0, ""WOOL"": 0}, ""step"": 384}, {""chosen"": {""MILK"": 9}, ""pending"": {""MELON"": 0, ""MILK"": 0, ""STRAWBERRY"": 0, ""WOOL"": 0}, ""step"": 386}, {""chosen"": {""STRAWBERRY"": 5}, ""pending"": {""MELON"": 0, ""MILK"": 0, ""STRAWBERRY"": 0, ""WOOL"": 0}, ""step"": 421}, {""chosen"": {""WOOL"": 3}, ""pending"": {""MELON"": 0, ""MILK"": 0, ""STRAWBERRY"": 0, ""WOOL"": 0}, ""step"": 424}, {""chosen"": {""MILK"": 6, ""STRAWBERRY"": 1}, ""pending"": {""MELON"": 0, ""MILK"": 0, ""STRAWBERRY"": 0, ""WOOL"": 0}, ""step"": 450}, {""chosen"": {""WOOL"": 3}, ""pending"": {""MELON"": 0, ""MILK"": 0, ""STRAWBERRY"": 0, ""WOOL"": 1}, ""step"": 456}, {""chosen"": {""WOOL"": 5}, ""pending"": {""MELON"": 0, ""MILK"": 0, ""STRAWBERRY"": 0, ""WOOL"": 0}, ""step"": 457}, {""chosen"": {""WOOL"": 0}, ""pending"": {""MELON"": 0, ""MILK"": 0, ""STRAWBERRY"": 0, ""WOOL"": 1}, ""step"": 460}, {""chosen"": {""WOOL"": 5}, ""pending"": {""MELON"": 0, ""MILK"": 0, ""STRAWBERRY"": 0, ""WOOL"": 0}, ""step"": 461}, {""chosen"": {""STRAWBERRY"": 1}, ""pending"": {""MELON"": 0, ""MILK"": 0, ""STRAWBERRY"": 0, ""WOOL"": 0}, ""step"": 464}, {""chosen"": {""STRAWBERRY"": 10}, ""pending"": {""MELON"": 0, ""MILK"": 0, ""STRAWBERRY"": 0, ""WOOL"": 0}, ""step"": 467}, {""chosen"": {""STRAWBERRY"": 14}, ""pending"": {""MELON"": 0, ""MILK"": 0, ""STRAWBERRY"": 0, ""WOOL"": 0}, ""step"": 504}, {""chosen"": {""MELON"": 2}, ""pending"": {""MELON"": 0, ""MILK"": 0, ""STRAWBERRY"": 0, ""WOOL"": 0}, ""step"": 506}, {""chosen"": {""STRAWBERRY"": 3}, ""pending"": {""MELON"": 0, ""MILK"": 0, ""STRAWBERRY"": 0, ""WOOL"": 0}, ""step"": 526}, {""chosen"": {""STRAWBERRY"": 14}, ""pending"": {""MELON"": 0, ""MILK"": 0, ""STRAWBERRY"": 0, ""WOOL"": 0}, ""step"": 528}, {""chosen"": {""WOOL"": 24}, ""pending"": {""MELON"": 0, ""MILK"": 0, ""STRAWBERRY"": 0, ""WOOL"": 0}, ""step"": 538}, {""chosen"": {""STRAWBERRY"": 6}, ""pending"": {""MELON"": 0, ""MILK"": 0, ""STRAWBERRY"": 0, ""WOOL"": 0}, ""step"": 548}, {""chosen"": {""MELON"": 6}, ""pending"": {""MELON"": 0, ""MILK"": 0, ""STRAWBERRY"": 0, ""WOOL"": 0}, ""step"": 563}, {""chosen"": {""MILK"": 1, ""STRAWBERRY"": 4}, ""pending"": {""MELON"": 0, ""MILK"": 0, ""STRAWBERRY"": 0, ""WOOL"": 0}, ""step"": 569}, {""chosen"": {""MELON"": 6, ""STRAWBERRY"": 29}, ""pending"": {""MELON"": 0, ""MILK"": 0, ""STRAWBERRY"": 0, ""WOOL"": 0}, ""step"": 576}, {""chosen"": {""MELON"": 8, ""STRAWBERRY"": 35}, ""pending"": {""MELON"": 0, ""MILK"": 0, ""STRAWBERRY"": 0, ""WOOL"": 0}, ""step"": 578}, {""chosen"": {""STRAWBERRY"": 2}, ""pending"": {""MELON"": 0, ""MILK"": 0, ""STRAWBERRY"": 0, ""WOOL"": 0}, ""step"": 589}, {""chosen"": {""STRAWBERRY"": 4}, ""pending"": {""MELON"": 0, ""MILK"": 0, ""STRAWBERRY"": 0, ""WOOL"": 0}, ""step"": 594}, {""chosen"": {""STRAWBERRY"": 21}, ""pending"": {""MELON"": 0, ""MILK"": 0, ""STRAWBERRY"": 0, ""WOOL"": 0}, ""step"": 600}, {""chosen"": {""MILK"": 9}, ""pending"": {""MELON"": 0, ""MILK"": 0, ""STRAWBERRY"": 0, ""WOOL"": 0}, ""step"": 609}, {""chosen"": {""WOOL"": 3}, ""pending"": {""MELON"": 0, ""MILK"": 0, ""STRAWBERRY"": 0, ""WOOL"": 0}, ""step"": 616}, {""chosen"": {""WOOL"": 2}, ""pending"": {""MELON"": 0, ""MILK"": 0, ""STRAWBERRY"": 0, ""WOOL"": 0}, ""step"": 627}, {""chosen"": {""MELON"": 6}, ""pending"": {""MELON"": 0, ""MILK"": 0, ""STRAWBERRY"": 0, ""WOOL"": 0}, ""step"": 649}, {""chosen"": {""MILK"": 3}, ""pending"": {""MELON"": 0, ""MILK"": 1, ""STRAWBERRY"": 0, ""WOOL"": 0}, ""step"": 656}, {""chosen"": {""MILK"": 10, ""STRAWBERRY"": 2, ""WOOL"": 0}, ""pending"": {""MELON"": 0, ""MILK"": 0, ""STRAWBERRY"": 0, ""WOOL"": 1}, ""step"": 657}, {""chosen"": {""WOOL"": 1}, ""pending"": {""MELON"": 0, ""MILK"": 0, ""STRAWBERRY"": 0, ""WOOL"": 1}, ""step"": 660}, {""chosen"": {""MILK"": 10, ""STRAWBERRY"": 2, ""WOOL"": 1}, ""pending"": {""MELON"": 0, ""MILK"": 0, ""STRAWBERRY"": 0, ""WOOL"": 1}, ""step"": 661}, {""chosen"": {""STRAWBERRY"": 8}, ""pending"": {""MELON"": 0, ""MILK"": 0, ""STRAWBERRY"": 0, ""WOOL"": 1}, ""step"": 663}, {""chosen"": {""STRAWBERRY"": 11}, ""pending"": {""MELON"": 0, ""MILK"": 0, ""STRAWBERRY"": 0, ""WOOL"": 1}, ""step"": 664}, {""chosen"": {""STRAWBERRY"": 4}, ""pending"": {""MELON"": 0, ""MILK"": 0, ""STRAWBERRY"": 0, ""WOOL"": 1}, ""step"": 665}, {""chosen"": {""MILK"": 4}, ""pending"": {""MELON"": 0, ""MILK"": 0, ""STRAWBERRY"": 0, ""WOOL"": 1}, ""step"": 667}, {""chosen"": {""STRAWBERRY"": 8}, ""pending"": {""MELON"": 0, ""MILK"": 0, ""STRAWBERRY"": 0, ""WOOL"": 1}, ""step"": 668}, {""chosen"": {""STRAWBERRY"": 4}, ""pending"": {""MELON"": 0, ""MILK"": 0, ""STRAWBERRY"": 0, ""WOOL"": 1}, ""step"": 669}, {""chosen"": {""MILK"": 15}, ""pending"": {""MELON"": 0, ""MILK"": 0, ""STRAWBERRY"": 0, ""WOOL"": 1}, ""step"": 670}, {""chosen"": {""MILK"": 12}, ""pending"": {""MELON"": 0, ""MILK"": 0, ""STRAWBERRY"": 0, ""WOOL"": 1}, ""step"": 673}, {""chosen"": {""MILK"": 8}, ""pending"": {""MELON"": 0, ""MILK"": 0, ""STRAWBERRY"": 0, ""WOOL"": 1}, ""step"": 674}, {""chosen"": {""MILK"": 8}, ""pending"": {""MELON"": 0, ""MILK"": 0, ""STRAWBERRY"": 0, ""WOOL"": 1}, ""step"": 678}, {""chosen"": {""STRAWBERRY"": 3}, ""pending"": {""MELON"": 0, ""MILK"": 0, ""STRAWBERRY"": 0, ""WOOL"": 1}, ""step"": 681}, {""chosen"": {""STRAWBERRY"": 12}, ""pending"": {""MELON"": 0, ""MILK"": 0, ""STRAWBERRY"": 0, ""WOOL"": 1}, ""step"": 682}, {""chosen"": {""MILK"": 9, ""STRAWBERRY"": 3}, ""pending"": {""MELON"": 0, ""MILK"": 0, ""STRAWBERRY"": 0, ""WOOL"": 1}, ""step"": 685}, {""chosen"": {""MILK"": 13, ""STRAWBERRY"": 23}, ""pending"": {""MELON"": 0, ""MILK"": 0, ""STRAWBERRY"": 0, ""WOOL"": 1}, ""step"": 686}, {""chosen"": {""STRAWBERRY"": 3}, ""pending"": {""MELON"": 0, ""MILK"": 0, ""STRAWBERRY"": 0, ""WOOL"": 1}, ""step"": 688}, {""chosen"": {""STRAWBERRY"": 6}, ""pending"": {""MELON"": 0, ""MILK"": 0, ""STRAWBERRY"": 0, ""WOOL"": 1}, ""step"": 689}, {""chosen"": {""STRAWBERRY"": 14}, ""pending"": {""MELON"": 0, ""MILK"": 0, ""STRAWBERRY"": 0, ""WOOL"": 1}, ""step"": 690}, {""chosen"": {""STRAWBERRY"": 13}, ""pending"": {""MELON"": 0, ""MILK"": 0, ""STRAWBERRY"": 0, ""WOOL"": 1}, ""step"": 697}, {""chosen"": {""MILK"": 9}, ""pending"": {""MELON"": 0, ""MILK"": 0, ""STRAWBERRY"": 0, ""WOOL"": 1}, ""step"": 698}, {""chosen"": {""WOOL"": 1}, ""pending"": {""MELON"": 0, ""MILK"": 0, ""STRAWBERRY"": 0, ""WOOL"": 1}, ""step"": 699}, {""chosen"": {""MILK"": 11}, ""pending"": {""MELON"": 0, ""MILK"": 0, ""STRAWBERRY"": 0, ""WOOL"": 1}, ""step"": 702}, {""chosen"": {""MILK"": 3, ""WOOL"": 19}, ""pending"": {""MELON"": 0, ""MILK"": 0, ""STRAWBERRY"": 0, ""WOOL"": 1}, ""step"": 703}, {""chosen"": {""MELON"": 1}, ""pending"": {""MELON"": 0, ""MILK"": 0, ""STRAWBERRY"": 0, ""WOOL"": 1}, ""step"": 707}, {""chosen"": {""MELON"": 8, ""WOOL"": 13}, ""pending"": {""MELON"": 0, ""MILK"": 0, ""STRAWBERRY"": 0, ""WOOL"": 0}, ""step"": 709}, {""chosen"": {""MELON"": 3, ""MILK"": 9}, ""pending"": {""MELON"": 0, ""MILK"": 0, ""STRAWBERRY"": 0, ""WOOL"": 0}, ""step"": 710}, {""chosen"": {""MELON"": 1}, ""pending"": {""MELON"": 0, ""MILK"": 0, ""STRAWBERRY"": 0, ""WOOL"": 0}, ""step"": 711}, {""chosen"": {""MILK"": 12, ""WOOL"": 20}, ""pending"": {""MELON"": 0, ""MILK"": 0, ""STRAWBERRY"": 0, ""WOOL"": 0}, ""step"": 712}, {""chosen"": {""MELON"": 8, ""MILK"": 3, ""STRAWBERRY"": 6}, ""pending"": {""MELON"": 0, ""MILK"": 0, ""STRAWBERRY"": 0, ""WOOL"": 0}, ""step"": 713}, {""chosen"": {""MELON"": 3}, ""pending"": {""MELON"": 0, ""MILK"": 0, ""STRAWBERRY"": 0, ""WOOL"": 0}, ""step"": 714}, {""chosen"": {""MILK"": 3, ""WOOL"": 12}, ""pending"": {""MELON"": 0, ""MILK"": 0, ""STRAWBERRY"": 0, ""WOOL"": 0}, ""step"": 715}, {""chosen"": {""MILK"": 3}, ""pending"": {""MELON"": 0, ""MILK"": 0, ""STRAWBERRY"": 0, ""WOOL"": 0}, ""step"": 716}, {""chosen"": {""STRAWBERRY"": 3}, ""pending"": {""MELON"": 0, ""MILK"": 0, ""STRAWBERRY"": 0, ""WOOL"": 0}, ""step"": 717}]",0,0,76,76,0,40,0,278,278,0,102,0,169,143,0,65,7
626531926,0,145842.0,143756.0,2086.0,win,DONE,DONE,1,4.298641000001226,0,0,0,0,719,0,0,0.041,1.9919100000000005,6.505282000000001,9.8136,"{""BUILD_PASTURE"": 14, ""CARE"": 308, ""COLLECT_FERTILIZER"": 318, ""DIG"": 25, ""DROP"": 80, ""EAST"": 857, ""FEED"": 319, ""FERTILIZE"": 107, ""HARVEST"": 338, ""NORTH"": 1236, ""PASS"": 377, ""PICKUP"": 339, ""PLACE"": 27, ""PLANT"": 131, ""SOUTH"": 929, ""WATER"": 851, ""WEST"": 1098}","{""BUY_ANIMAL"": 14, ""BUY_LAND"": 2, ""BUY_PRODUCT"": 279, ""BUY_SEED"": 54, ""HIRE"": 306, ""SELL"": 470}","{""BUY_ANIMAL:COW"": 8, ""BUY_ANIMAL:SHEEP"": 6, ""BUY_PRODUCT:WHEAT"": 967, ""BUY_SEED:MELON"": 21, ""BUY_SEED:STRAWBERRY"": 44, ""BUY_SEED:WHEAT"": 66, ""SELL:CARROT"": 13, ""SELL:EGG"": 8, ""SELL:FERTILIZER"": 445, ""SELL:MELON"": 224, ""SELL:MILK"": 657, ""SELL:STRAWBERRY"": 620, ""SELL:TOMATO"": 4, ""SELL:WHEAT"": 1108, ""SELL:WOOL"": 346}",90169920,conservative,C:\Users\Administrator\Desktop\code\kaggriculture\baseline\history\v015a_market_collision\log\90169920.json,614,60,212,207,0,108,1,45,5,30,4,11,conservative,718,"{""MILK"": {""base"": 3, ""carried_value"": 771, ""chosen"": 3, ""deferred"": 0, ""gain"": 0.0, ""opponent_future"": 16.0, ""opponent_now"": 0.0, ""released"": 0, ""residual_value"": 0.0, ""step"": 716}, ""WOOL"": {""base"": 12, ""carried_value"": 2772, ""chosen"": 12, ""deferred"": 0, ""gain"": 0.0, ""opponent_future"": 8.0, ""opponent_now"": 4.0, ""released"": 0, ""residual_value"": 0.0, ""step"": 715}}","{""MILK"": 0, ""WOOL"": 0}","[{""chosen"": {""WOOL"": 6}, ""pending"": {""WOOL"": 0}, ""step"": 280}, {""chosen"": {""MILK"": 3}, ""pending"": {""MILK"": 0, ""WOOL"": 0}, ""step"": 343}, {""chosen"": {""MILK"": 4}, ""pending"": {""MILK"": 0, ""WOOL"": 0}, ""step"": 344}, {""chosen"": {""WOOL"": 6}, ""pending"": {""MILK"": 0, ""WOOL"": 0}, ""step"": 353}, {""chosen"": {""WOOL"": 6}, ""pending"": {""MILK"": 0, ""WOOL"": 0}, ""step"": 354}, {""chosen"": {""WOOL"": 7}, ""pending"": {""MILK"": 0, ""WOOL"": 0}, ""step"": 358}, {""chosen"": {""WOOL"": 4}, ""pending"": {""MILK"": 0, ""WOOL"": 0}, ""step"": 365}, {""chosen"": {""MILK"": 9, ""WOOL"": 4}, ""pending"": {""MILK"": 0, ""WOOL"": 0}, ""step"": 366}, {""chosen"": {""WOOL"": 8}, ""pending"": {""MILK"": 0, ""WOOL"": 0}, ""step"": 384}, {""chosen"": {""MILK"": 9}, ""pending"": {""MILK"": 0, ""WOOL"": 0}, ""step"": 386}, {""chosen"": {""WOOL"": 4}, ""pending"": {""MILK"": 0, ""WOOL"": 0}, ""step"": 423}, {""chosen"": {""WOOL"": 3}, ""pending"": {""MILK"": 0, ""WOOL"": 0}, ""step"": 424}, {""chosen"": {""MILK"": 6}, ""pending"": {""MILK"": 0, ""WOOL"": 0}, ""step"": 450}, {""chosen"": {""WOOL"": 4}, ""pending"": {""MILK"": 0, ""WOOL"": 0}, ""step"": 456}, {""chosen"": {""WOOL"": 1}, ""pending"": {""MILK"": 0, ""WOOL"": 0}, ""step"": 460}, {""chosen"": {""WOOL"": 4}, ""pending"": {""MILK"": 0, ""WOOL"": 0}, ""step"": 466}, {""chosen"": {""MILK"": 15}, ""pending"": {""MILK"": 0, ""WOOL"": 0}, ""step"": 536}, {""chosen"": {""WOOL"": 24}, ""pending"": {""MILK"": 0, ""WOOL"": 0}, ""step"": 538}, {""chosen"": {""WOOL"": 2}, ""pending"": {""MILK"": 0, ""WOOL"": 0}, ""step"": 549}, {""chosen"": {""MILK"": 1}, ""pending"": {""MILK"": 0, ""WOOL"": 0}, ""step"": 569}, {""chosen"": {""MILK"": 6}, ""pending"": {""MILK"": 0, ""WOOL"": 0}, ""step"": 607}, {""chosen"": {""MILK"": 9}, ""pending"": {""MILK"": 0, ""WOOL"": 0}, ""step"": 609}, {""chosen"": {""WOOL"": 3}, ""pending"": {""MILK"": 0, ""WOOL"": 0}, ""step"": 616}, {""chosen"": {""WOOL"": 2}, ""pending"": {""MILK"": 0, ""WOOL"": 0}, ""step"": 627}, {""chosen"": {""MILK"": 3}, ""pending"": {""MILK"": 1, ""WOOL"": 0}, ""step"": 656}, {""chosen"": {""MILK"": 10, ""WOOL"": 0}, ""pending"": {""MILK"": 0, ""WOOL"": 1}, ""step"": 657}, {""chosen"": {""WOOL"": 1}, ""pending"": {""MILK"": 0, ""WOOL"": 1}, ""step"": 660}, {""chosen"": {""MILK"": 10, ""WOOL"": 1}, ""pending"": {""MILK"": 0, ""WOOL"": 1}, ""step"": 661}, {""chosen"": {""MILK"": 4}, ""pending"": {""MILK"": 0, ""WOOL"": 1}, ""step"": 667}, {""chosen"": {""MILK"": 15}, ""pending"": {""MILK"": 0, ""WOOL"": 1}, ""step"": 670}, {""chosen"": {""MILK"": 12}, ""pending"": {""MILK"": 0, ""WOOL"": 1}, ""step"": 673}, {""chosen"": {""MILK"": 8}, ""pending"": {""MILK"": 0, ""WOOL"": 1}, ""step"": 674}, {""chosen"": {""MILK"": 8}, ""pending"": {""MILK"": 0, ""WOOL"": 1}, ""step"": 678}, {""chosen"": {""MILK"": 9}, ""pending"": {""MILK"": 0, ""WOOL"": 1}, ""step"": 685}, {""chosen"": {""MILK"": 13}, ""pending"": {""MILK"": 0, ""WOOL"": 1}, ""step"": 686}, {""chosen"": {""MILK"": 9}, ""pending"": {""MILK"": 0, ""WOOL"": 1}, ""step"": 698}, {""chosen"": {""WOOL"": 1}, ""pending"": {""MILK"": 0, ""WOOL"": 1}, ""step"": 699}, {""chosen"": {""MILK"": 11}, ""pending"": {""MILK"": 0, ""WOOL"": 1}, ""step"": 702}, {""chosen"": {""MILK"": 3, ""WOOL"": 25}, ""pending"": {""MILK"": 0, ""WOOL"": 0}, ""step"": 703}, {""chosen"": {""WOOL"": 12}, ""pending"": {""MILK"": 0, ""WOOL"": 0}, ""step"": 709}, {""chosen"": {""MILK"": 9}, ""pending"": {""MILK"": 0, ""WOOL"": 0}, ""step"": 710}, {""chosen"": {""MILK"": 12, ""WOOL"": 20}, ""pending"": {""MILK"": 0, ""WOOL"": 0}, ""step"": 712}, {""chosen"": {""MILK"": 3}, ""pending"": {""MILK"": 0, ""WOOL"": 0}, ""step"": 713}, {""chosen"": {""MILK"": 3, ""WOOL"": 12}, ""pending"": {""MILK"": 0, ""WOOL"": 0}, ""step"": 715}, {""chosen"": {""MILK"": 3}, ""pending"": {""MILK"": 0, ""WOOL"": 0}, ""step"": 716}]",0,0,,,,,,,,,,,181,160,0,65,4
1161867655,1,90708.0,95562.0,-4854.0,loss,DONE,DONE,1,4.03227990004234,0,0,0,0,719,0,0,0.025,0.07529000000000002,0.12441200000000033,0.4787,"{""BUILD_PASTURE"": 14, ""CARE"": 308, ""COLLECT_FERTILIZER"": 318, ""DIG"": 25, ""DROP"": 80, ""EAST"": 857, ""FEED"": 319, ""FERTILIZE"": 107, ""HARVEST"": 338, ""NORTH"": 1236, ""PASS"": 377, ""PICKUP"": 339, ""PLACE"": 27, ""PLANT"": 131, ""SOUTH"": 929, ""WATER"": 851, ""WEST"": 1098}","{""BUY_ANIMAL"": 14, ""BUY_LAND"": 2, ""BUY_PRODUCT"": 279, ""BUY_SEED"": 54, ""HIRE"": 306, ""SELL"": 481}","{""BUY_ANIMAL:COW"": 8, ""BUY_ANIMAL:SHEEP"": 6, ""BUY_PRODUCT:WHEAT"": 967, ""BUY_SEED:MELON"": 21, ""BUY_SEED:STRAWBERRY"": 44, ""BUY_SEED:WHEAT"": 66, ""SELL:CARROT"": 13, ""SELL:EGG"": 8, ""SELL:FERTILIZER"": 445, ""SELL:MELON"": 224, ""SELL:MILK"": 682, ""SELL:STRAWBERRY"": 636, ""SELL:TOMATO"": 4, ""SELL:WHEAT"": 1108, ""SELL:WOOL"": 373}",90170023,control,C:\Users\Administrator\Desktop\code\kaggriculture\baseline\history\v015a_market_collision\log\90170023.json,,,,,,,,,,,,,,,,,,,,,,,,,,,,,,,,,,
1161867655,1,90556.0,95439.0,-4883.0,loss,DONE,DONE,1,4.385979900020175,0,0,0,0,719,0,0,0.0405,2.5606500000000016,6.994792000000006,8.4551,"{""BUILD_PASTURE"": 14, ""CARE"": 308, ""COLLECT_FERTILIZER"": 318, ""DIG"": 25, ""DROP"": 80, ""EAST"": 857, ""FEED"": 319, ""FERTILIZE"": 107, ""HARVEST"": 338, ""NORTH"": 1236, ""PASS"": 377, ""PICKUP"": 339, ""PLACE"": 27, ""PLANT"": 131, ""SOUTH"": 929, ""WATER"": 851, ""WEST"": 1098}","{""BUY_ANIMAL"": 14, ""BUY_LAND"": 2, ""BUY_PRODUCT"": 279, ""BUY_SEED"": 54, ""HIRE"": 306, ""SELL"": 479}","{""BUY_ANIMAL:COW"": 8, ""BUY_ANIMAL:SHEEP"": 6, ""BUY_PRODUCT:WHEAT"": 967, ""BUY_SEED:MELON"": 21, ""BUY_SEED:STRAWBERRY"": 44, ""BUY_SEED:WHEAT"": 66, ""SELL:CARROT"": 13, ""SELL:EGG"": 8, ""SELL:FERTILIZER"": 445, ""SELL:MELON"": 224, ""SELL:MILK"": 679, ""SELL:STRAWBERRY"": 636, ""SELL:TOMATO"": 4, ""SELL:WHEAT"": 1108, ""SELL:WOOL"": 373}",90170023,balanced,C:\Users\Administrator\Desktop\code\kaggriculture\baseline\history\v015a_market_collision\log\90170023.json,642,32,401,398,0,211,3,45,6,9,6,11,balanced,718,"{""MILK"": {""base"": 3, ""carried_value"": 516, ""chosen"": 3, ""deferred"": 0, ""gain"": 0.0, ""opponent_future"": 16.0, ""opponent_now"": 0.0, ""released"": 0, ""residual_value"": 0.0, ""step"": 716}}","{""MILK"": 0}","[{""chosen"": {""MILK"": 8}, ""pending"": {""MILK"": 1}, ""step"": 293}, {""chosen"": {""MILK"": 12}, ""pending"": {""MILK"": 1}, ""step"": 294}, {""chosen"": {""MILK"": 21}, ""pending"": {""MILK"": 0}, ""step"": 295}, {""chosen"": {""MILK"": 0}, ""pending"": {""MILK"": 1}, ""step"": 342}, {""chosen"": {""MILK"": 4}, ""pending"": {""MILK"": 0}, ""step"": 343}, {""chosen"": {""MILK"": 9}, ""pending"": {""MILK"": 0}, ""step"": 366}, {""chosen"": {""MILK"": 9}, ""pending"": {""MILK"": 0}, ""step"": 367}, {""chosen"": {""MILK"": 9}, ""pending"": {""MILK"": 0}, ""step"": 387}, {""chosen"": {""MILK"": 9}, ""pending"": {""MILK"": 0}, ""step"": 409}, {""chosen"": {""MILK"": 8}, ""pending"": {""MILK"": 0}, ""step"": 438}, {""chosen"": {""MILK"": 5}, ""pending"": {""MILK"": 0}, ""step"": 439}, {""chosen"": {""MILK"": 4}, ""pending"": {""MILK"": 0}, ""step"": 440}, {""chosen"": {""MILK"": 9}, ""pending"": {""MILK"": 0}, ""step"": 471}, {""chosen"": {""MILK"": 15}, ""pending"": {""MILK"": 0}, ""step"": 484}, {""chosen"": {""MILK"": 0}, ""pending"": {""MILK"": 1}, ""step"": 521}, {""chosen"": {""MILK"": 3}, ""pending"": {""MILK"": 0}, ""step"": 524}, {""chosen"": {""MILK"": 15}, ""pending"": {""MILK"": 0}, ""step"": 536}, {""chosen"": {""MILK"": 19}, ""pending"": {""MILK"": 0}, ""step"": 537}, {""chosen"": {""MILK"": 4}, ""pending"": {""MILK"": 0}, ""step"": 562}, {""chosen"": {""MILK"": 4}, ""pending"": {""MILK"": 0}, ""step"": 565}, {""chosen"": {""MILK"": 4}, ""pending"": {""MILK"": 0}, ""step"": 566}, {""chosen"": {""MILK"": 2}, ""pending"": {""MILK"": 0}, ""step"": 572}, {""chosen"": {""MILK"": 6}, ""pending"": {""MILK"": 0}, ""step"": 607}, {""chosen"": {""MILK"": 15}, ""pending"": {""MILK"": 0}, ""step"": 608}, {""chosen"": {""MILK"": 9}, ""pending"": {""MILK"": 0}, ""step"": 609}, {""chosen"": {""MILK"": 15}, ""pending"": {""MILK"": 0}, ""step"": 633}, {""chosen"": {""MILK"": 30}, ""pending"": {""MILK"": 0}, ""step"": 637}, {""chosen"": {""MILK"": 9}, ""pending"": {""MILK"": 0}, ""step"": 656}, {""chosen"": {""MILK"": 9}, ""pending"": {""MILK"": 0}, ""step"": 657}, {""chosen"": {""MILK"": 10}, ""pending"": {""MILK"": 0}, ""step"": 661}, {""chosen"": {""MILK"": 4}, ""pending"": {""MILK"": 0}, ""step"": 667}, {""chosen"": {""MILK"": 15}, ""pending"": {""MILK"": 0}, ""step"": 670}, {""chosen"": {""MILK"": 12}, ""pending"": {""MILK"": 0}, ""step"": 673}, {""chosen"": {""MILK"": 8}, ""pending"": {""MILK"": 0}, ""step"": 674}, {""chosen"": {""MILK"": 8}, ""pending"": {""MILK"": 0}, ""step"": 678}, {""chosen"": {""MILK"": 9}, ""pending"": {""MILK"": 0}, ""step"": 685}, {""chosen"": {""MILK"": 13}, ""pending"": {""MILK"": 0}, ""step"": 686}, {""chosen"": {""MILK"": 9}, ""pending"": {""MILK"": 0}, ""step"": 698}, {""chosen"": {""MILK"": 11}, ""pending"": {""MILK"": 0}, ""step"": 702}, {""chosen"": {""MILK"": 3}, ""pending"": {""MILK"": 0}, ""step"": 703}, {""chosen"": {""MILK"": 9}, ""pending"": {""MILK"": 0}, ""step"": 710}, {""chosen"": {""MILK"": 12}, ""pending"": {""MILK"": 0}, ""step"": 712}, {""chosen"": {""MILK"": 3}, ""pending"": {""MILK"": 0}, ""step"": 713}, {""chosen"": {""MILK"": 3}, ""pending"": {""MILK"": 0}, ""step"": 715}, {""chosen"": {""MILK"": 3}, ""pending"": {""MILK"": 0}, ""step"": 716}]",0,0,,,,,,,,,,,,,,,
1161867655,1,89972.0,96823.0,-6851.0,loss,DONE,DONE,1,4.76743120001629,0,37,0,0,719,0,0,0.0434,5.6601,9.892054000000014,14.4832,"{""BUILD_PASTURE"": 14, ""CARE"": 308, ""COLLECT_FERTILIZER"": 318, ""DIG"": 25, ""DROP"": 80, ""EAST"": 857, ""FEED"": 319, ""FERTILIZE"": 107, ""HARVEST"": 338, ""NORTH"": 1236, ""PASS"": 377, ""PICKUP"": 339, ""PLACE"": 27, ""PLANT"": 131, ""SOUTH"": 929, ""WATER"": 851, ""WEST"": 1098}","{""BUY_ANIMAL"": 14, ""BUY_LAND"": 2, ""BUY_PRODUCT"": 279, ""BUY_SEED"": 54, ""HIRE"": 306, ""SELL"": 475}","{""BUY_ANIMAL:COW"": 8, ""BUY_ANIMAL:SHEEP"": 6, ""BUY_PRODUCT:WHEAT"": 967, ""BUY_SEED:MELON"": 21, ""BUY_SEED:STRAWBERRY"": 44, ""BUY_SEED:WHEAT"": 66, ""SELL:CARROT"": 13, ""SELL:EGG"": 8, ""SELL:FERTILIZER"": 445, ""SELL:MELON"": 224, ""SELL:MILK"": 667, ""SELL:STRAWBERRY"": 528, ""SELL:TOMATO"": 4, ""SELL:WHEAT"": 1108, ""SELL:WOOL"": 373}",90170023,sensitive,C:\Users\Administrator\Desktop\code\kaggriculture\baseline\history\v015a_market_collision\log\90170023.json,526,108,356,341,0,209,3,85,23,131,23,11,sensitive,718,"{""MELON"": {""base"": 3, ""carried_value"": 0, ""chosen"": 3, ""deferred"": 0, ""gain"": 0.0, ""opponent_future"": 0.0, ""opponent_now"": 0.0, ""released"": 0, ""residual_value"": 0.0, ""step"": 714}, ""MILK"": {""base"": 3, ""carried_value"": 525, ""chosen"": 3, ""deferred"": 0, ""gain"": 0.0, ""opponent_future"": 16.0, ""opponent_now"": 0.0, ""released"": 0, ""residual_value"": 0.0, ""step"": 716}, ""STRAWBERRY"": {""base"": 3, ""carried_value"": 585, ""chosen"": 1, ""deferred"": 1, ""gain"": 133.05, ""opponent_future"": 0.0, ""opponent_now"": 0.0, ""released"": 1, ""residual_value"": 6332.0, ""step"": 717}, ""WOOL"": {""base"": 12, ""carried_value"": 2904, ""chosen"": 12, ""deferred"": 0, ""gain"": 0.0, ""opponent_future"": 6.6667, ""opponent_now"": 0.0, ""released"": 0, ""residual_value"": 0.0, ""step"": 715}}","{""MELON"": 0, ""MILK"": 0, ""STRAWBERRY"": 1, ""WOOL"": 0}","[{""chosen"": {""MELON"": 16}, ""pending"": {""MELON"": 0}, ""step"": 259}, {""chosen"": {""STRAWBERRY"": 4}, ""pending"": {""MELON"": 0, ""STRAWBERRY"": 0}, ""step"": 269}, {""chosen"": {""STRAWBERRY"": 6}, ""pending"": {""MELON"": 0, ""STRAWBERRY"": 0}, ""step"": 292}, {""chosen"": {""MILK"": 12}, ""pending"": {""MELON"": 0, ""MILK"": 0, ""STRAWBERRY"": 0}, ""step"": 294}, {""chosen"": {""MILK"": 2}, ""pending"": {""MELON"": 0, ""MILK"": 1, ""STRAWBERRY"": 0}, ""step"": 342}, {""chosen"": {""MILK"": 4}, ""pending"": {""MELON"": 0, ""MILK"": 0, ""STRAWBERRY"": 0}, ""step"": 343}, {""chosen"": {""WOOL"": 4}, ""pending"": {""MELON"": 0, ""MILK"": 0, ""STRAWBERRY"": 0, ""WOOL"": 0}, ""step"": 365}, {""chosen"": {""MILK"": 9}, ""pending"": {""MELON"": 0, ""MILK"": 0, ""STRAWBERRY"": 0, ""WOOL"": 0}, ""step"": 367}, {""chosen"": {""MILK"": 9}, ""pending"": {""MELON"": 0, ""MILK"": 0, ""STRAWBERRY"": 0, ""WOOL"": 0}, ""step"": 386}, {""chosen"": {""MILK"": 9}, ""pending"": {""MELON"": 0, ""MILK"": 0, ""STRAWBERRY"": 0, ""WOOL"": 0}, ""step"": 387}, {""chosen"": {""MILK"": 9}, ""pending"": {""MELON"": 0, ""MILK"": 0, ""STRAWBERRY"": 0, ""WOOL"": 0}, ""step"": 409}, {""chosen"": {""MILK"": 3, ""STRAWBERRY"": 8}, ""pending"": {""MELON"": 0, ""MILK"": 0, ""STRAWBERRY"": 0, ""WOOL"": 0}, ""step"": 437}, {""chosen"": {""MILK"": 8}, ""pending"": {""MELON"": 0, ""MILK"": 0, ""STRAWBERRY"": 0, ""WOOL"": 0}, ""step"": 438}, {""chosen"": {""MILK"": 5}, ""pending"": {""MELON"": 0, ""MILK"": 0, ""STRAWBERRY"": 0, ""WOOL"": 0}, ""step"": 439}, {""chosen"": {""MILK"": 4}, ""pending"": {""MELON"": 0, ""MILK"": 0, ""STRAWBERRY"": 0, ""WOOL"": 0}, ""step"": 440}, {""chosen"": {""STRAWBERRY"": 1}, ""pending"": {""MELON"": 0, ""MILK"": 0, ""STRAWBERRY"": 0, ""WOOL"": 0}, ""step"": 469}, {""chosen"": {""MILK"": 9, ""STRAWBERRY"": 10}, ""pending"": {""MELON"": 0, ""MILK"": 0, ""STRAWBERRY"": 0, ""WOOL"": 0}, ""step"": 471}, {""chosen"": {""STRAWBERRY"": 6}, ""pending"": {""MELON"": 0, ""MILK"": 0, ""STRAWBERRY"": 0, ""WOOL"": 0}, ""step"": 478}, {""chosen"": {""MILK"": 15}, ""pending"": {""MELON"": 0, ""MILK"": 0, ""STRAWBERRY"": 0, ""WOOL"": 0}, ""step"": 484}, {""chosen"": {""MELON"": 2, ""STRAWBERRY"": 18}, ""pending"": {""MELON"": 0, ""MILK"": 0, ""STRAWBERRY"": 0, ""WOOL"": 0}, ""step"": 505}, {""chosen"": {""MILK"": 0}, ""pending"": {""MELON"": 0, ""MILK"": 1, ""STRAWBERRY"": 0, ""WOOL"": 0}, ""step"": 521}, {""chosen"": {""MILK"": 3}, ""pending"": {""MELON"": 0, ""MILK"": 0, ""STRAWBERRY"": 0, ""WOOL"": 0}, ""step"": 524}, {""chosen"": {""STRAWBERRY"": 3}, ""pending"": {""MELON"": 0, ""MILK"": 0, ""STRAWBERRY"": 0, ""WOOL"": 0}, ""step"": 526}, {""chosen"": {""STRAWBERRY"": 14}, ""pending"": {""MELON"": 0, ""MILK"": 0, ""STRAWBERRY"": 0, ""WOOL"": 0}, ""step"": 528}, {""chosen"": {""STRAWBERRY"": 14}, ""pending"": {""MELON"": 0, ""MILK"": 0, ""STRAWBERRY"": 0, ""WOOL"": 0}, ""step"": 531}, {""chosen"": {""MILK"": 0}, ""pending"": {""MELON"": 0, ""MILK"": 1, ""STRAWBERRY"": 0, ""WOOL"": 0}, ""step"": 536}, {""chosen"": {""MILK"": 20, ""WOOL"": 24}, ""pending"": {""MELON"": 0, ""MILK"": 0, ""STRAWBERRY"": 0, ""WOOL"": 0}, ""step"": 537}, {""chosen"": {""WOOL"": 24}, ""pending"": {""MELON"": 0, ""MILK"": 0, ""STRAWBERRY"": 0, ""WOOL"": 0}, ""step"": 538}, {""chosen"": {""MELON"": 6, ""MILK"": 4, ""STRAWBERRY"": 13}, ""pending"": {""MELON"": 0, ""MILK"": 0, ""STRAWBERRY"": 0, ""WOOL"": 0}, ""step"": 562}, {""chosen"": {""MELON"": 6}, ""pending"": {""MELON"": 0, ""MILK"": 0, ""STRAWBERRY"": 0, ""WOOL"": 0}, ""step"": 563}, {""chosen"": {""MILK"": 4, ""STRAWBERRY"": 14, ""WOOL"": 3}, ""pending"": {""MELON"": 0, ""MILK"": 0, ""STRAWBERRY"": 0, ""WOOL"": 0}, ""step"": 566}, {""chosen"": {""MELON"": 9}, ""pending"": {""MELON"": 0, ""MILK"": 0, ""STRAWBERRY"": 0, ""WOOL"": 0}, ""step"": 567}, {""chosen"": {""MILK"": 2}, ""pending"": {""MELON"": 0, ""MILK"": 0, ""STRAWBERRY"": 0, ""WOOL"": 0}, ""step"": 572}, {""chosen"": {""MELON"": 6, ""STRAWBERRY"": 29}, ""pending"": {""MELON"": 0, ""MILK"": 0, ""STRAWBERRY"": 0, ""WOOL"": 0}, ""step"": 576}, {""chosen"": {""MELON"": 8, ""STRAWBERRY"": 35}, ""pending"": {""MELON"": 0, ""MILK"": 0, ""STRAWBERRY"": 0, ""WOOL"": 0}, ""step"": 578}, {""chosen"": {""STRAWBERRY"": 4}, ""pending"": {""MELON"": 0, ""MILK"": 0, ""STRAWBERRY"": 0, ""WOOL"": 0}, ""step"": 598}, {""chosen"": {""MELON"": 6, ""STRAWBERRY"": 4}, ""pending"": {""MELON"": 0, ""MILK"": 0, ""STRAWBERRY"": 0, ""WOOL"": 0}, ""step"": 599}, {""chosen"": {""STRAWBERRY"": 21}, ""pending"": {""MELON"": 0, ""MILK"": 0, ""STRAWBERRY"": 0, ""WOOL"": 0}, ""step"": 600}, {""chosen"": {""MILK"": 6}, ""pending"": {""MELON"": 0, ""MILK"": 0, ""STRAWBERRY"": 0, ""WOOL"": 0}, ""step"": 607}, {""chosen"": {""MILK"": 15}, ""pending"": {""MELON"": 0, ""MILK"": 0, ""STRAWBERRY"": 0, ""WOOL"": 0}, ""step"": 608}, {""chosen"": {""MILK"": 9}, ""pending"": {""MELON"": 0, ""MILK"": 0, ""STRAWBERRY"": 0, ""WOOL"": 0}, ""step"": 609}, {""chosen"": {""STRAWBERRY"": 6}, ""pending"": {""MELON"": 0, ""MILK"": 0, ""STRAWBERRY"": 0, ""WOOL"": 0}, ""step"": 619}, {""chosen"": {""MELON"": 6}, ""pending"": {""MELON"": 0, ""MILK"": 0, ""STRAWBERRY"": 0, ""WOOL"": 0}, ""step"": 622}, {""chosen"": {""MELON"": 6, ""WOOL"": 1}, ""pending"": {""MELON"": 0, ""MILK"": 0, ""STRAWBERRY"": 0, ""WOOL"": 0}, ""step"": 625}, {""chosen"": {""WOOL"": 2}, ""pending"": {""MELON"": 0, ""MILK"": 0, ""STRAWBERRY"": 0, ""WOOL"": 0}, ""step"": 627}, {""chosen"": {""WOOL"": 12}, ""pending"": {""MELON"": 0, ""MILK"": 0, ""STRAWBERRY"": 0, ""WOOL"": 0}, ""step"": 631}, {""chosen"": {""STRAWBERRY"": 20}, ""pending"": {""MELON"": 0, ""MILK"": 0, ""STRAWBERRY"": 0, ""WOOL"": 0}, ""step"": 632}, {""chosen"": {""MILK"": 30, ""STRAWBERRY"": 20}, ""pending"": {""MELON"": 0, ""MILK"": 0, ""STRAWBERRY"": 0, ""WOOL"": 0}, ""step"": 637}, {""chosen"": {""MELON"": 6}, ""pending"": {""MELON"": 0, ""MILK"": 0, ""STRAWBERRY"": 0, ""WOOL"": 0}, ""step"": 649}, {""chosen"": {""MILK"": 9}, ""pending"": {""MELON"": 0, ""MILK"": 0, ""STRAWBERRY"": 0, ""WOOL"": 0}, ""step"": 656}, {""chosen"": {""MILK"": 9, ""STRAWBERRY"": 0, ""WOOL"": 1}, ""pending"": {""MELON"": 0, ""MILK"": 0, ""STRAWBERRY"": 1, ""WOOL"": 0}, ""step"": 657}, {""chosen"": {""WOOL"": 1}, ""pending"": {""MELON"": 0, ""MILK"": 0, ""STRAWBERRY"": 1, ""WOOL"": 0}, ""step"": 660}, {""chosen"": {""MILK"": 10, ""STRAWBERRY"": 1, ""WOOL"": 1}, ""pending"": {""MELON"": 0, ""MILK"": 0, ""STRAWBERRY"": 1, ""WOOL"": 0}, ""step"": 661}, {""chosen"": {""STRAWBERRY"": 0}, ""pending"": {""MELON"": 0, ""MILK"": 0, ""STRAWBERRY"": 1, ""WOOL"": 0}, ""step"": 663}, {""chosen"": {""STRAWBERRY"": 1}, ""pending"": {""MELON"": 0, ""MILK"": 0, ""STRAWBERRY"": 1, ""WOOL"": 0}, ""step"": 664}, {""chosen"": {""STRAWBERRY"": 1}, ""pending"": {""MELON"": 0, ""MILK"": 0, ""STRAWBERRY"": 1, ""WOOL"": 0}, ""step"": 665}, {""chosen"": {""MILK"": 4}, ""pending"": {""MELON"": 0, ""MILK"": 0, ""STRAWBERRY"": 1, ""WOOL"": 0}, ""step"": 667}, {""chosen"": {""STRAWBERRY"": 1}, ""pending"": {""MELON"": 0, ""MILK"": 0, ""STRAWBERRY"": 1, ""WOOL"": 0}, ""step"": 668}, {""chosen"": {""STRAWBERRY"": 1}, ""pending"": {""MELON"": 0, ""MILK"": 0, ""STRAWBERRY"": 1, ""WOOL"": 0}, ""step"": 669}, {""chosen"": {""MILK"": 15}, ""pending"": {""MELON"": 0, ""MILK"": 0, ""STRAWBERRY"": 1, ""WOOL"": 0}, ""step"": 670}, {""chosen"": {""MILK"": 12}, ""pending"": {""MELON"": 0, ""MILK"": 0, ""STRAWBERRY"": 1, ""WOOL"": 0}, ""step"": 673}, {""chosen"": {""MILK"": 8}, ""pending"": {""MELON"": 0, ""MILK"": 0, ""STRAWBERRY"": 1, ""WOOL"": 0}, ""step"": 674}, {""chosen"": {""MILK"": 8}, ""pending"": {""MELON"": 0, ""MILK"": 0, ""STRAWBERRY"": 1, ""WOOL"": 0}, ""step"": 678}, {""chosen"": {""STRAWBERRY"": 1}, ""pending"": {""MELON"": 0, ""MILK"": 0, ""STRAWBERRY"": 1, ""WOOL"": 0}, ""step"": 681}, {""chosen"": {""STRAWBERRY"": 1}, ""pending"": {""MELON"": 0, ""MILK"": 0, ""STRAWBERRY"": 1, ""WOOL"": 0}, ""step"": 682}, {""chosen"": {""MILK"": 9, ""STRAWBERRY"": 4}, ""pending"": {""MELON"": 0, ""MILK"": 0, ""STRAWBERRY"": 0, ""WOOL"": 0}, ""step"": 685}, {""chosen"": {""MILK"": 13, ""STRAWBERRY"": 0}, ""pending"": {""MELON"": 0, ""MILK"": 0, ""STRAWBERRY"": 1, ""WOOL"": 0}, ""step"": 686}, {""chosen"": {""STRAWBERRY"": 1}, ""pending"": {""MELON"": 0, ""MILK"": 0, ""STRAWBERRY"": 1, ""WOOL"": 0}, ""step"": 688}, {""chosen"": {""STRAWBERRY"": 1}, ""pending"": {""MELON"": 0, ""MILK"": 0, ""STRAWBERRY"": 1, ""WOOL"": 0}, ""step"": 689}, {""chosen"": {""STRAWBERRY"": 1}, ""pending"": {""MELON"": 0, ""MILK"": 0, ""STRAWBERRY"": 1, ""WOOL"": 0}, ""step"": 690}, {""chosen"": {""STRAWBERRY"": 1}, ""pending"": {""MELON"": 0, ""MILK"": 0, ""STRAWBERRY"": 1, ""WOOL"": 0}, ""step"": 697}, {""chosen"": {""MILK"": 9}, ""pending"": {""MELON"": 0, ""MILK"": 0, ""STRAWBERRY"": 1, ""WOOL"": 0}, ""step"": 698}, {""chosen"": {""WOOL"": 22}, ""pending"": {""MELON"": 0, ""MILK"": 0, ""STRAWBERRY"": 1, ""WOOL"": 0}, ""step"": 699}, {""chosen"": {""MILK"": 11}, ""pending"": {""MELON"": 0, ""MILK"": 0, ""STRAWBERRY"": 1, ""WOOL"": 0}, ""step"": 702}, {""chosen"": {""MILK"": 3, ""WOOL"": 24}, ""pending"": {""MELON"": 0, ""MILK"": 0, ""STRAWBERRY"": 1, ""WOOL"": 0}, ""step"": 703}, {""chosen"": {""MELON"": 1}, ""pending"": {""MELON"": 0, ""MILK"": 0, ""STRAWBERRY"": 1, ""WOOL"": 0}, ""step"": 707}, {""chosen"": {""MELON"": 8, ""WOOL"": 12}, ""pending"": {""MELON"": 0, ""MILK"": 0, ""STRAWBERRY"": 1, ""WOOL"": 0}, ""step"": 709}, {""chosen"": {""MELON"": 3, ""MILK"": 9}, ""pending"": {""MELON"": 0, ""MILK"": 0, ""STRAWBERRY"": 1, ""WOOL"": 0}, ""step"": 710}, {""chosen"": {""MELON"": 1}, ""pending"": {""MELON"": 0, ""MILK"": 0, ""STRAWBERRY"": 1, ""WOOL"": 0}, ""step"": 711}, {""chosen"": {""MILK"": 12, ""WOOL"": 20}, ""pending"": {""MELON"": 0, ""MILK"": 0, ""STRAWBERRY"": 1, ""WOOL"": 0}, ""step"": 712}, {""chosen"": {""MELON"": 8, ""MILK"": 3, ""STRAWBERRY"": 1}, ""pending"": {""MELON"": 0, ""MILK"": 0, ""STRAWBERRY"": 1, ""WOOL"": 0}, ""step"": 713}, {""chosen"": {""MELON"": 3}, ""pending"": {""MELON"": 0, ""MILK"": 0, ""STRAWBERRY"": 1, ""WOOL"": 0}, ""step"": 714}, {""chosen"": {""MILK"": 3, ""WOOL"": 12}, ""pending"": {""MELON"": 0, ""MILK"": 0, ""STRAWBERRY"": 1, ""WOOL"": 0}, ""step"": 715}, {""chosen"": {""MILK"": 3}, ""pending"": {""MELON"": 0, ""MILK"": 0, ""STRAWBERRY"": 1, ""WOOL"": 0}, ""step"": 716}, {""chosen"": {""STRAWBERRY"": 1}, ""pending"": {""MELON"": 0, ""MILK"": 0, ""STRAWBERRY"": 1, ""WOOL"": 0}, ""step"": 717}]",0,0,101,101,0,44,0,375,267,1,114,14,163,163,0,43,0
1161867655,1,90659.0,95682.0,-5023.0,loss,DONE,DONE,1,4.493047000025399,0,0,0,0,719,0,0,0.0402,4.353260000000005,8.227232000000003,11.0036,"{""BUILD_PASTURE"": 14, ""CARE"": 308, ""COLLECT_FERTILIZER"": 318, ""DIG"": 25, ""DROP"": 80, ""EAST"": 857, ""FEED"": 319, ""FERTILIZE"": 107, ""HARVEST"": 338, ""NORTH"": 1236, ""PASS"": 377, ""PICKUP"": 339, ""PLACE"": 27, ""PLANT"": 131, ""SOUTH"": 929, ""WATER"": 851, ""WEST"": 1098}","{""BUY_ANIMAL"": 14, ""BUY_LAND"": 2, ""BUY_PRODUCT"": 279, ""BUY_SEED"": 54, ""HIRE"": 306, ""SELL"": 473}","{""BUY_ANIMAL:COW"": 8, ""BUY_ANIMAL:SHEEP"": 6, ""BUY_PRODUCT:WHEAT"": 967, ""BUY_SEED:MELON"": 21, ""BUY_SEED:STRAWBERRY"": 44, ""BUY_SEED:WHEAT"": 66, ""SELL:CARROT"": 13, ""SELL:EGG"": 8, ""SELL:FERTILIZER"": 445, ""SELL:MELON"": 224, ""SELL:MILK"": 607, ""SELL:STRAWBERRY"": 636, ""SELL:TOMATO"": 4, ""SELL:WHEAT"": 1108, ""SELL:WOOL"": 373}",90170023,conservative,C:\Users\Administrator\Desktop\code\kaggriculture\baseline\history\v015a_market_collision\log\90170023.json,608,53,415,340,0,229,11,58,18,89,18,11,conservative,718,"{""MILK"": {""base"": 3, ""carried_value"": 516, ""chosen"": 3, ""deferred"": 0, ""gain"": 0.0, ""opponent_future"": 16.0, ""opponent_now"": 0.0, ""released"": 0, ""residual_value"": 0.0, ""step"": 716}, ""WOOL"": {""base"": 12, ""carried_value"": 2904, ""chosen"": 12, ""deferred"": 0, ""gain"": 0.0, ""opponent_future"": 6.6667, ""opponent_now"": 0.0, ""released"": 0, ""residual_value"": 0.0, ""step"": 715}}","{""MILK"": 0, ""WOOL"": 0}","[{""chosen"": {""WOOL"": 6}, ""pending"": {""WOOL"": 0}, ""step"": 280}, {""chosen"": {""MILK"": 8}, ""pending"": {""MILK"": 1, ""WOOL"": 0}, ""step"": 293}, {""chosen"": {""MILK"": 12}, ""pending"": {""MILK"": 1, ""WOOL"": 0}, ""step"": 294}, {""chosen"": {""MILK"": 21}, ""pending"": {""MILK"": 0, ""WOOL"": 0}, ""step"": 295}, {""chosen"": {""MILK"": 0}, ""pending"": {""MILK"": 1, ""WOOL"": 0}, ""step"": 342}, {""chosen"": {""MILK"": 4}, ""pending"": {""MILK"": 0, ""WOOL"": 0}, ""step"": 343}, {""chosen"": {""WOOL"": 4}, ""pending"": {""MILK"": 0, ""WOOL"": 0}, ""step"": 365}, {""chosen"": {""MILK"": 9}, ""pending"": {""MILK"": 0, ""WOOL"": 0}, ""step"": 367}, {""chosen"": {""MILK"": 9}, ""pending"": {""MILK"": 0, ""WOOL"": 0}, ""step"": 386}, {""chosen"": {""MILK"": 9}, ""pending"": {""MILK"": 0, ""WOOL"": 0}, ""step"": 387}, {""chosen"": {""MILK"": 9}, ""pending"": {""MILK"": 0, ""WOOL"": 0}, ""step"": 409}, {""chosen"": {""MILK"": 3}, ""pending"": {""MILK"": 0, ""WOOL"": 0}, ""step"": 437}, {""chosen"": {""MILK"": 8}, ""pending"": {""MILK"": 0, ""WOOL"": 0}, ""step"": 438}, {""chosen"": {""MILK"": 5}, ""pending"": {""MILK"": 0, ""WOOL"": 0}, ""step"": 439}, {""chosen"": {""MILK"": 4}, ""pending"": {""MILK"": 0, ""WOOL"": 0}, ""step"": 440}, {""chosen"": {""MILK"": 9, ""WOOL"": 4}, ""pending"": {""MILK"": 0, ""WOOL"": 0}, ""step"": 470}, {""chosen"": {""MILK"": 9}, ""pending"": {""MILK"": 0, ""WOOL"": 0}, ""step"": 471}, {""chosen"": {""MILK"": 15}, ""pending"": {""MILK"": 0, ""WOOL"": 0}, ""step"": 484}, {""chosen"": {""MILK"": 2}, ""pending"": {""MILK"": 0, ""WOOL"": 0}, ""step"": 521}, {""chosen"": {""MILK"": 0}, ""pending"": {""MILK"": 1, ""WOOL"": 0}, ""step"": 524}, {""chosen"": {""MILK"": 3}, ""pending"": {""MILK"": 0, ""WOOL"": 0}, ""step"": 525}, {""chosen"": {""MILK"": 15}, ""pending"": {""MILK"": 0, ""WOOL"": 0}, ""step"": 536}, {""chosen"": {""MILK"": 19, ""WOOL"": 24}, ""pending"": {""MILK"": 0, ""WOOL"": 0}, ""step"": 537}, {""chosen"": {""WOOL"": 24}, ""pending"": {""MILK"": 0, ""WOOL"": 0}, ""step"": 538}, {""chosen"": {""WOOL"": 2}, ""pending"": {""MILK"": 0, ""WOOL"": 0}, ""step"": 549}, {""chosen"": {""MILK"": 4}, ""pending"": {""MILK"": 0, ""WOOL"": 0}, ""step"": 562}, {""chosen"": {""MILK"": 4}, ""pending"": {""MILK"": 0, ""WOOL"": 0}, ""step"": 565}, {""chosen"": {""MILK"": 4, ""WOOL"": 3}, ""pending"": {""MILK"": 0, ""WOOL"": 0}, ""step"": 566}, {""chosen"": {""MILK"": 2}, ""pending"": {""MILK"": 0, ""WOOL"": 0}, ""step"": 572}, {""chosen"": {""MILK"": 6}, ""pending"": {""MILK"": 0, ""WOOL"": 0}, ""step"": 607}, {""chosen"": {""MILK"": 15}, ""pending"": {""MILK"": 0, ""WOOL"": 0}, ""step"": 608}, {""chosen"": {""MILK"": 9}, ""pending"": {""MILK"": 0, ""WOOL"": 0}, ""step"": 609}, {""chosen"": {""WOOL"": 1}, ""pending"": {""MILK"": 0, ""WOOL"": 0}, ""step"": 625}, {""chosen"": {""WOOL"": 2}, ""pending"": {""MILK"": 0, ""WOOL"": 0}, ""step"": 627}, {""chosen"": {""WOOL"": 12}, ""pending"": {""MILK"": 0, ""WOOL"": 0}, ""step"": 631}, {""chosen"": {""MILK"": 0}, ""pending"": {""MILK"": 1, ""WOOL"": 0}, ""step"": 633}, {""chosen"": {""MILK"": 31}, ""pending"": {""MILK"": 0, ""WOOL"": 0}, ""step"": 637}, {""chosen"": {""MILK"": 9}, ""pending"": {""MILK"": 0, ""WOOL"": 0}, ""step"": 656}, {""chosen"": {""MILK"": 9, ""WOOL"": 1}, ""pending"": {""MILK"": 0, ""WOOL"": 0}, ""step"": 657}, {""chosen"": {""WOOL"": 1}, ""pending"": {""MILK"": 0, ""WOOL"": 0}, ""step"": 660}, {""chosen"": {""MILK"": 10, ""WOOL"": 1}, ""pending"": {""MILK"": 0, ""WOOL"": 0}, ""step"": 661}, {""chosen"": {""MILK"": 4}, ""pending"": {""MILK"": 0, ""WOOL"": 0}, ""step"": 667}, {""chosen"": {""MILK"": 15}, ""pending"": {""MILK"": 0, ""WOOL"": 0}, ""step"": 670}, {""chosen"": {""MILK"": 0}, ""pending"": {""MILK"": 1, ""WOOL"": 0}, ""step"": 673}, {""chosen"": {""MILK"": 9}, ""pending"": {""MILK"": 0, ""WOOL"": 0}, ""step"": 674}, {""chosen"": {""MILK"": 0}, ""pending"": {""MILK"": 1, ""WOOL"": 0}, ""step"": 678}, {""chosen"": {""MILK"": 1}, ""pending"": {""MILK"": 1, ""WOOL"": 0}, ""step"": 685}, {""chosen"": {""MILK"": 1}, ""pending"": {""MILK"": 1, ""WOOL"": 0}, ""step"": 686}, {""chosen"": {""MILK"": 10}, ""pending"": {""MILK"": 0, ""WOOL"": 0}, ""step"": 698}, {""chosen"": {""WOOL"": 22}, ""pending"": {""MILK"": 0, ""WOOL"": 0}, ""step"": 699}, {""chosen"": {""MILK"": 0}, ""pending"": {""MILK"": 1, ""WOOL"": 0}, ""step"": 702}, {""chosen"": {""MILK"": 1, ""WOOL"": 24}, ""pending"": {""MILK"": 1, ""WOOL"": 0}, ""step"": 703}, {""chosen"": {""WOOL"": 12}, ""pending"": {""MILK"": 1, ""WOOL"": 0}, ""step"": 709}, {""chosen"": {""MILK"": 1}, ""pending"": {""MILK"": 1, ""WOOL"": 0}, ""step"": 710}, {""chosen"": {""MILK"": 13, ""WOOL"": 20}, ""pending"": {""MILK"": 0, ""WOOL"": 0}, ""step"": 712}, {""chosen"": {""MILK"": 3}, ""pending"": {""MILK"": 0, ""WOOL"": 0}, ""step"": 713}, {""chosen"": {""MILK"": 3, ""WOOL"": 12}, ""pending"": {""MILK"": 0, ""WOOL"": 0}, ""step"": 715}, {""chosen"": {""MILK"": 3}, ""pending"": {""MILK"": 0, ""WOOL"": 0}, ""step"": 716}]",0,0,,,,,,,,,,,175,175,0,46,0
