seed,seat,candidate_money,opponent_money,margin,result,candidate_status,opponent_status,game_done,action_calls,agent_errors,invalid_action_shapes,runtime_p50_ms,runtime_p95_ms,runtime_p99_ms,runtime_max_ms,wall_seconds,route_fallbacks,route_switches,route_history,daily_cash,field_counts,market_counts,market_quantities,candidate,opponent,v009_state
17,0,139270.0,3484.0,135786.0,win,DONE,DONE,1,719,0,0,0.599167,1.0859205000000003,1.2623624400000006,1.530542,2.213300290997722,0,0,[],"{""0"": 98.0, ""1"": 87.0, ""10"": 10293.0, ""11"": 12820.0, ""12"": 12500.0, ""13"": 17785.0, ""14"": 18090.0, ""15"": 19803.0, ""16"": 28532.0, ""17"": 31246.0, ""18"": 35501.0, ""19"": 43276.0, ""2"": 91.0, ""20"": 60700.0, ""21"": 76193.0, ""22"": 80610.0, ""23"": 86196.0, ""24"": 92942.0, ""25"": 106439.0, ""26"": 108781.0, ""27"": 122006.0, ""28"": 135363.0, ""3"": 107.0, ""4"": 110.0, ""5"": 256.0, ""6"": 737.0, ""7"": 226.0, ""8"": 516.0, ""9"": 1705.0}","{""BUILD_PASTURE"": 12, ""CARE"": 236, ""COLLECT_FERTILIZER"": 273, ""DIG"": 17, ""DROP"": 86, ""EAST"": 943, ""FEED"": 260, ""HARVEST"": 203, ""NORTH"": 1323, ""PASS"": 1661, ""PICKUP"": 69, ""PLACE"": 12, ""PLANT"": 103, ""SOUTH"": 908, ""WATER"": 740, ""WEST"": 1141}","{""BUY_ANIMAL"": 7, ""BUY_LAND"": 2, ""BUY_PRODUCT"": 197, ""BUY_SEED"": 51, ""HIRE"": 321, ""SELL"": 187}","{""BUY_ANIMAL:COW"": 9, ""BUY_ANIMAL:SHEEP"": 3, ""BUY_PRODUCT:WHEAT"": 537, ""BUY_SEED:CARROT"": 13, ""BUY_SEED:MELON"": 20, ""BUY_SEED:STRAWBERRY"": 37, ""BUY_SEED:WHEAT"": 35, ""SELL:CARROT"": 36, ""SELL:FERTILIZER"": 273, ""SELL:MELON"": 120, ""SELL:MILK"": 224, ""SELL:STRAWBERRY"": 125, ""SELL:WHEAT"": 397, ""SELL:WOOL"": 81}",current,starter,{}
17,1,138229.0,3499.0,134730.0,win,DONE,DONE,1,719,0,0,0.600709,1.0926372,1.32009188,29.363,2.212761500006309,0,0,[],"{""0"": 98.0, ""1"": 87.0, ""10"": 10272.0, ""11"": 13228.0, ""12"": 13076.0, ""13"": 18237.0, ""14"": 21217.0, ""15"": 22884.0, ""16"": 27855.0, ""17"": 32786.0, ""18"": 35237.0, ""19"": 45509.0, ""2"": 91.0, ""20"": 61121.0, ""21"": 71970.0, ""22"": 80631.0, ""23"": 86446.0, ""24"": 90300.0, ""25"": 93860.0, ""26"": 104170.0, ""27"": 119104.0, ""28"": 133033.0, ""3"": 107.0, ""4"": 81.0, ""5"": 255.0, ""6"": 731.0, ""7"": 163.0, ""8"": 504.0, ""9"": 1913.0}","{""BUILD_PASTURE"": 12, ""CARE"": 239, ""COLLECT_FERTILIZER"": 271, ""DIG"": 15, ""DROP"": 88, ""EAST"": 952, ""FEED"": 259, ""HARVEST"": 212, ""NORTH"": 1357, ""PASS"": 1600, ""PICKUP"": 66, ""PLACE"": 12, ""PLANT"": 108, ""SOUTH"": 949, ""WATER"": 744, ""WEST"": 1121}","{""BUY_ANIMAL"": 7, ""BUY_LAND"": 2, ""BUY_PRODUCT"": 216, ""BUY_SEED"": 59, ""HIRE"": 322, ""SELL"": 192}","{""BUY_ANIMAL:COW"": 7, ""BUY_ANIMAL:SHEEP"": 5, ""BUY_PRODUCT:WHEAT"": 551, ""BUY_SEED:CARROT"": 13, ""BUY_SEED:MELON"": 20, ""BUY_SEED:STRAWBERRY"": 37, ""BUY_SEED:WHEAT"": 38, ""SELL:CARROT"": 39, ""SELL:FERTILIZER"": 271, ""SELL:MELON"": 119, ""SELL:MILK"": 177, ""SELL:STRAWBERRY"": 128, ""SELL:WHEAT"": 420, ""SELL:WOOL"": 130}",current,starter,{}
42,0,139426.0,3495.0,135931.0,win,DONE,DONE,1,719,0,0,0.595292,1.0988791,1.2372519400000008,1.58275,2.194284291996155,0,0,[],"{""0"": 98.0, ""1"": 87.0, ""10"": 8215.0, ""11"": 13125.0, ""12"": 15419.0, ""13"": 18167.0, ""14"": 18633.0, ""15"": 20532.0, ""16"": 28678.0, ""17"": 31673.0, ""18"": 33402.0, ""19"": 43859.0, ""2"": 91.0, ""20"": 61210.0, ""21"": 79244.0, ""22"": 81171.0, ""23"": 85417.0, ""24"": 93338.0, ""25"": 107875.0, ""26"": 110654.0, ""27"": 121636.0, ""28"": 135354.0, ""3"": 107.0, ""4"": 110.0, ""5"": 256.0, ""6"": 739.0, ""7"": 127.0, ""8"": 1892.0, ""9"": 1826.0}","{""BUILD_PASTURE"": 12, ""CARE"": 240, ""COLLECT_FERTILIZER"": 272, ""DIG"": 25, ""DROP"": 91, ""EAST"": 921, ""FEED"": 264, ""HARVEST"": 201, ""NORTH"": 1301, ""PASS"": 1636, ""PICKUP"": 65, ""PLACE"": 12, ""PLANT"": 101, ""SOUTH"": 1004, ""WATER"": 728, ""WEST"": 1096}","{""BUY_ANIMAL"": 6, ""BUY_LAND"": 2, ""BUY_PRODUCT"": 198, ""BUY_SEED"": 48, ""HIRE"": 320, ""SELL"": 180}","{""BUY_ANIMAL:COW"": 10, ""BUY_ANIMAL:SHEEP"": 2, ""BUY_PRODUCT:WHEAT"": 530, ""BUY_SEED:CARROT"": 11, ""BUY_SEED:MELON"": 20, ""BUY_SEED:STRAWBERRY"": 37, ""BUY_SEED:WHEAT"": 37, ""SELL:CARROT"": 27, ""SELL:FERTILIZER"": 272, ""SELL:MELON"": 119, ""SELL:MILK"": 246, ""SELL:STRAWBERRY"": 121, ""SELL:WHEAT"": 389, ""SELL:WOOL"": 68}",current,starter,{}
42,1,140738.0,3497.0,137241.0,win,DONE,DONE,1,719,0,0,0.584542,1.1060215,1.3262293200000002,31.864917,2.2289400000008754,0,0,[],"{""0"": 98.0, ""1"": 87.0, ""10"": 8298.0, ""11"": 13105.0, ""12"": 12816.0, ""13"": 18291.0, ""14"": 18594.0, ""15"": 20450.0, ""16"": 25606.0, ""17"": 30256.0, ""18"": 34349.0, ""19"": 46117.0, ""2"": 91.0, ""20"": 62538.0, ""21"": 78254.0, ""22"": 84490.0, ""23"": 86343.0, ""24"": 92825.0, ""25"": 103379.0, ""26"": 112693.0, ""27"": 122642.0, ""28"": 136963.0, ""3"": 107.0, ""4"": 110.0, ""5"": 256.0, ""6"": 739.0, ""7"": 222.0, ""8"": 1794.0, ""9"": 1857.0}","{""BUILD_PASTURE"": 12, ""CARE"": 236, ""COLLECT_FERTILIZER"": 274, ""DIG"": 19, ""DROP"": 88, ""EAST"": 908, ""FEED"": 261, ""HARVEST"": 200, ""NORTH"": 1344, ""PASS"": 1680, ""PICKUP"": 65, ""PLACE"": 12, ""PLANT"": 98, ""SOUTH"": 952, ""WATER"": 745, ""WEST"": 1073}","{""BUY_ANIMAL"": 6, ""BUY_LAND"": 2, ""BUY_PRODUCT"": 214, ""BUY_SEED"": 42, ""HIRE"": 320, ""SELL"": 184}","{""BUY_ANIMAL:COW"": 10, ""BUY_ANIMAL:SHEEP"": 2, ""BUY_PRODUCT:WHEAT"": 538, ""BUY_SEED:CARROT"": 12, ""BUY_SEED:MELON"": 20, ""BUY_SEED:STRAWBERRY"": 37, ""BUY_SEED:WHEAT"": 32, ""SELL:CARROT"": 27, ""SELL:FERTILIZER"": 274, ""SELL:MELON"": 119, ""SELL:MILK"": 239, ""SELL:STRAWBERRY"": 124, ""SELL:WHEAT"": 391, ""SELL:WOOL"": 64}",current,starter,{}
2026,0,136263.0,3493.0,132770.0,win,DONE,DONE,1,719,0,0,0.607084,1.0677333,1.2582040000000005,1.60625,2.189442708004208,0,0,[],"{""0"": 98.0, ""1"": 87.0, ""10"": 10761.0, ""11"": 12261.0, ""12"": 12339.0, ""13"": 17249.0, ""14"": 20508.0, ""15"": 23425.0, ""16"": 26801.0, ""17"": 31634.0, ""18"": 34780.0, ""19"": 45856.0, ""2"": 91.0, ""20"": 61046.0, ""21"": 70844.0, ""22"": 79342.0, ""23"": 85416.0, ""24"": 87988.0, ""25"": 98269.0, ""26"": 108969.0, ""27"": 116530.0, ""28"": 131349.0, ""3"": 107.0, ""4"": 81.0, ""5"": 255.0, ""6"": 731.0, ""7"": 104.0, ""8"": 263.0, ""9"": 1396.0}","{""BUILD_PASTURE"": 12, ""CARE"": 242, ""COLLECT_FERTILIZER"": 267, ""DIG"": 17, ""DROP"": 88, ""EAST"": 900, ""FEED"": 263, ""HARVEST"": 202, ""NORTH"": 1334, ""PASS"": 1661, ""PICKUP"": 69, ""PLACE"": 12, ""PLANT"": 107, ""SOUTH"": 1015, ""WATER"": 753, ""WEST"": 1128}","{""BUY_ANIMAL"": 7, ""BUY_LAND"": 2, ""BUY_PRODUCT"": 206, ""BUY_SEED"": 56, ""HIRE"": 325, ""SELL"": 197}","{""BUY_ANIMAL:COW"": 5, ""BUY_ANIMAL:SHEEP"": 7, ""BUY_PRODUCT:WHEAT"": 537, ""BUY_SEED:CARROT"": 12, ""BUY_SEED:MELON"": 20, ""BUY_SEED:STRAWBERRY"": 37, ""BUY_SEED:WHEAT"": 41, ""SELL:CARROT"": 30, ""SELL:FERTILIZER"": 267, ""SELL:MELON"": 119, ""SELL:MILK"": 131, ""SELL:STRAWBERRY"": 127, ""SELL:WHEAT"": 407, ""SELL:WOOL"": 178}",current,starter,{}
2026,1,135325.0,3493.0,131832.0,win,DONE,DONE,1,719,0,0,0.602708,1.0948625,1.27601882,1.513459,2.22176162499818,0,0,[],"{""0"": 98.0, ""1"": 87.0, ""10"": 10761.0, ""11"": 12261.0, ""12"": 12339.0, ""13"": 17249.0, ""14"": 20468.0, ""15"": 23384.0, ""16"": 26853.0, ""17"": 31603.0, ""18"": 33356.0, ""19"": 40289.0, ""2"": 91.0, ""20"": 58512.0, ""21"": 66501.0, ""22"": 76326.0, ""23"": 82272.0, ""24"": 86940.0, ""25"": 95440.0, ""26"": 105159.0, ""27"": 116154.0, ""28"": 131413.0, ""3"": 107.0, ""4"": 81.0, ""5"": 255.0, ""6"": 731.0, ""7"": 104.0, ""8"": 263.0, ""9"": 1396.0}","{""BUILD_PASTURE"": 12, ""CARE"": 245, ""COLLECT_FERTILIZER"": 273, ""DIG"": 17, ""DROP"": 79, ""EAST"": 903, ""FEED"": 260, ""HARVEST"": 201, ""NORTH"": 1300, ""PASS"": 1670, ""PICKUP"": 69, ""PLACE"": 12, ""PLANT"": 106, ""SOUTH"": 995, ""WATER"": 759, ""WEST"": 1120}","{""BUY_ANIMAL"": 7, ""BUY_LAND"": 2, ""BUY_PRODUCT"": 200, ""BUY_SEED"": 56, ""HIRE"": 323, ""SELL"": 193}","{""BUY_ANIMAL:COW"": 5, ""BUY_ANIMAL:SHEEP"": 7, ""BUY_PRODUCT:WHEAT"": 523, ""BUY_SEED:CARROT"": 13, ""BUY_SEED:MELON"": 20, ""BUY_SEED:STRAWBERRY"": 37, ""BUY_SEED:WHEAT"": 39, ""SELL:CARROT"": 33, ""SELL:FERTILIZER"": 273, ""SELL:MELON"": 119, ""SELL:MILK"": 126, ""SELL:STRAWBERRY"": 127, ""SELL:WHEAT"": 393, ""SELL:WOOL"": 176}",current,starter,{}
217,0,134591.0,3497.0,131094.0,win,DONE,DONE,1,719,0,0,0.593041,1.0899419000000004,1.2897554999999998,32.239208,2.2083771670004353,0,0,[],"{""0"": 98.0, ""1"": 87.0, ""10"": 9645.0, ""11"": 12874.0, ""12"": 12623.0, ""13"": 17989.0, ""14"": 18335.0, ""15"": 20096.0, ""16"": 25438.0, ""17"": 30884.0, ""18"": 37163.0, ""19"": 44128.0, ""2"": 91.0, ""20"": 57581.0, ""21"": 76911.0, ""22"": 78846.0, ""23"": 83750.0, ""24"": 92764.0, ""25"": 101678.0, ""26"": 107120.0, ""27"": 117903.0, ""28"": 130929.0, ""3"": 107.0, ""4"": 110.0, ""5"": 256.0, ""6"": 739.0, ""7"": 222.0, ""8"": 1794.0, ""9"": 1846.0}","{""BUILD_PASTURE"": 12, ""CARE"": 245, ""COLLECT_FERTILIZER"": 274, ""DIG"": 22, ""DROP"": 82, ""EAST"": 897, ""FEED"": 262, ""HARVEST"": 198, ""NORTH"": 1318, ""PASS"": 1647, ""PICKUP"": 66, ""PLACE"": 12, ""PLANT"": 99, ""SOUTH"": 944, ""WATER"": 749, ""WEST"": 1116}","{""BUY_ANIMAL"": 7, ""BUY_LAND"": 2, ""BUY_PRODUCT"": 207, ""BUY_SEED"": 49, ""HIRE"": 319, ""SELL"": 181}","{""BUY_ANIMAL:COW"": 9, ""BUY_ANIMAL:SHEEP"": 3, ""BUY_PRODUCT:WHEAT"": 540, ""BUY_SEED:CARROT"": 12, ""BUY_SEED:MELON"": 20, ""BUY_SEED:STRAWBERRY"": 37, ""BUY_SEED:WHEAT"": 38, ""SELL:CARROT"": 27, ""SELL:FERTILIZER"": 274, ""SELL:MELON"": 120, ""SELL:MILK"": 231, ""SELL:STRAWBERRY"": 121, ""SELL:WHEAT"": 402, ""SELL:WOOL"": 78}",current,starter,{}
217,1,140567.0,3477.0,137090.0,win,DONE,DONE,1,719,0,0,0.604458,1.0866211,1.2818680600000016,10.866959,2.239866083000379,0,0,[],"{""0"": 98.0, ""1"": 87.0, ""10"": 10492.0, ""11"": 13015.0, ""12"": 15683.0, ""13"": 18265.0, ""14"": 18586.0, ""15"": 24558.0, ""16"": 25807.0, ""17"": 31509.0, ""18"": 38645.0, ""19"": 43574.0, ""2"": 91.0, ""20"": 63105.0, ""21"": 76821.0, ""22"": 81592.0, ""23"": 86388.0, ""24"": 96621.0, ""25"": 102451.0, ""26"": 110608.0, ""27"": 122176.0, ""28"": 135629.0, ""3"": 107.0, ""4"": 81.0, ""5"": 255.0, ""6"": 731.0, ""7"": 138.0, ""8"": 664.0, ""9"": 1960.0}","{""BUILD_PASTURE"": 12, ""CARE"": 242, ""COLLECT_FERTILIZER"": 272, ""DIG"": 24, ""DROP"": 92, ""EAST"": 945, ""FEED"": 260, ""HARVEST"": 198, ""NORTH"": 1345, ""PASS"": 1590, ""PICKUP"": 66, ""PLACE"": 12, ""PLANT"": 101, ""SOUTH"": 990, ""WATER"": 731, ""WEST"": 1128}","{""BUY_ANIMAL"": 6, ""BUY_LAND"": 2, ""BUY_PRODUCT"": 216, ""BUY_SEED"": 46, ""HIRE"": 322, ""SELL"": 196}","{""BUY_ANIMAL:COW"": 8, ""BUY_ANIMAL:SHEEP"": 4, ""BUY_PRODUCT:WHEAT"": 532, ""BUY_SEED:CARROT"": 11, ""BUY_SEED:MELON"": 20, ""BUY_SEED:STRAWBERRY"": 37, ""BUY_SEED:WHEAT"": 36, ""SELL:CARROT"": 30, ""SELL:FERTILIZER"": 272, ""SELL:MELON"": 119, ""SELL:MILK"": 208, ""SELL:STRAWBERRY"": 122, ""SELL:WHEAT"": 389, ""SELL:WOOL"": 96}",current,starter,{}
317,0,132023.0,3475.0,128548.0,win,DONE,DONE,1,719,0,0,0.57375,1.0892125000000001,1.2696718200000001,1.550542,2.1767042499996023,0,0,[],"{""0"": 98.0, ""1"": 87.0, ""10"": 9731.0, ""11"": 12760.0, ""12"": 12509.0, ""13"": 17969.0, ""14"": 18315.0, ""15"": 19871.0, ""16"": 25491.0, ""17"": 30918.0, ""18"": 38970.0, ""19"": 43906.0, ""2"": 91.0, ""20"": 59012.0, ""21"": 74664.0, ""22"": 78934.0, ""23"": 81055.0, ""24"": 91323.0, ""25"": 97169.0, ""26"": 108737.0, ""27"": 115098.0, ""28"": 128671.0, ""3"": 107.0, ""4"": 110.0, ""5"": 256.0, ""6"": 739.0, ""7"": 222.0, ""8"": 1794.0, ""9"": 1846.0}","{""BUILD_PASTURE"": 12, ""CARE"": 248, ""COLLECT_FERTILIZER"": 274, ""DIG"": 28, ""DROP"": 75, ""EAST"": 911, ""FEED"": 258, ""HARVEST"": 195, ""NORTH"": 1271, ""PASS"": 1705, ""PICKUP"": 65, ""PLACE"": 12, ""PLANT"": 99, ""SOUTH"": 917, ""WATER"": 755, ""WEST"": 1098}","{""BUY_ANIMAL"": 7, ""BUY_LAND"": 2, ""BUY_PRODUCT"": 205, ""BUY_SEED"": 44, ""HIRE"": 318, ""SELL"": 172}","{""BUY_ANIMAL:COW"": 7, ""BUY_ANIMAL:SHEEP"": 5, ""BUY_PRODUCT:WHEAT"": 533, ""BUY_SEED:CARROT"": 12, ""BUY_SEED:MELON"": 20, ""BUY_SEED:STRAWBERRY"": 37, ""BUY_SEED:WHEAT"": 35, ""SELL:CARROT"": 30, ""SELL:FERTILIZER"": 274, ""SELL:MELON"": 120, ""SELL:MILK"": 187, ""SELL:STRAWBERRY"": 121, ""SELL:WHEAT"": 395, ""SELL:WOOL"": 114}",current,starter,{}
317,1,132121.0,3475.0,128646.0,win,DONE,DONE,1,719,0,0,0.569875,1.0919955,1.2639155000000002,1.451583,2.201540333000594,0,0,[],"{""0"": 98.0, ""1"": 87.0, ""10"": 9731.0, ""11"": 12760.0, ""12"": 12509.0, ""13"": 17969.0, ""14"": 18315.0, ""15"": 19871.0, ""16"": 25491.0, ""17"": 30918.0, ""18"": 38970.0, ""19"": 43906.0, ""2"": 91.0, ""20"": 59012.0, ""21"": 74664.0, ""22"": 78934.0, ""23"": 81055.0, ""24"": 91323.0, ""25"": 97169.0, ""26"": 107752.0, ""27"": 115186.0, ""28"": 128721.0, ""3"": 107.0, ""4"": 110.0, ""5"": 256.0, ""6"": 739.0, ""7"": 222.0, ""8"": 1794.0, ""9"": 1846.0}","{""BUILD_PASTURE"": 12, ""CARE"": 250, ""COLLECT_FERTILIZER"": 274, ""DIG"": 29, ""DROP"": 76, ""EAST"": 921, ""FEED"": 258, ""HARVEST"": 195, ""NORTH"": 1283, ""PASS"": 1656, ""PICKUP"": 65, ""PLACE"": 12, ""PLANT"": 100, ""SOUTH"": 932, ""WATER"": 759, ""WEST"": 1101}","{""BUY_ANIMAL"": 7, ""BUY_LAND"": 2, ""BUY_PRODUCT"": 204, ""BUY_SEED"": 44, ""HIRE"": 318, ""SELL"": 180}","{""BUY_ANIMAL:COW"": 7, ""BUY_ANIMAL:SHEEP"": 5, ""BUY_PRODUCT:WHEAT"": 531, ""BUY_SEED:CARROT"": 12, ""BUY_SEED:MELON"": 20, ""BUY_SEED:STRAWBERRY"": 37, ""BUY_SEED:WHEAT"": 35, ""SELL:CARROT"": 27, ""SELL:FERTILIZER"": 274, ""SELL:MELON"": 120, ""SELL:MILK"": 187, ""SELL:STRAWBERRY"": 121, ""SELL:WHEAT"": 397, ""SELL:WOOL"": 114}",current,starter,{}
733,0,135613.0,3505.0,132108.0,win,DONE,DONE,1,719,0,0,0.601958,1.1141878,1.2561105600000018,1.471042,2.1841735420020996,0,0,[],"{""0"": 98.0, ""1"": 87.0, ""10"": 9686.0, ""11"": 13053.0, ""12"": 12822.0, ""13"": 18306.0, ""14"": 18666.0, ""15"": 20337.0, ""16"": 26122.0, ""17"": 31806.0, ""18"": 36007.0, ""19"": 44284.0, ""2"": 91.0, ""20"": 59503.0, ""21"": 78306.0, ""22"": 81062.0, ""23"": 85511.0, ""24"": 95212.0, ""25"": 106530.0, ""26"": 113352.0, ""27"": 119396.0, ""28"": 132811.0, ""3"": 107.0, ""4"": 110.0, ""5"": 256.0, ""6"": 737.0, ""7"": 226.0, ""8"": 1808.0, ""9"": 1870.0}","{""BUILD_PASTURE"": 12, ""CARE"": 233, ""COLLECT_FERTILIZER"": 269, ""DIG"": 18, ""DROP"": 79, ""EAST"": 902, ""FEED"": 259, ""HARVEST"": 204, ""NORTH"": 1332, ""PASS"": 1677, ""PICKUP"": 66, ""PLACE"": 12, ""PLANT"": 103, ""SOUTH"": 949, ""WATER"": 745, ""WEST"": 1108}","{""BUY_ANIMAL"": 6, ""BUY_LAND"": 2, ""BUY_PRODUCT"": 210, ""BUY_SEED"": 44, ""HIRE"": 320, ""SELL"": 175}","{""BUY_ANIMAL:COW"": 10, ""BUY_ANIMAL:SHEEP"": 2, ""BUY_PRODUCT:WHEAT"": 538, ""BUY_SEED:CARROT"": 12, ""BUY_SEED:MELON"": 20, ""BUY_SEED:STRAWBERRY"": 37, ""BUY_SEED:WHEAT"": 34, ""SELL:CARROT"": 36, ""SELL:FERTILIZER"": 269, ""SELL:MELON"": 120, ""SELL:MILK"": 241, ""SELL:STRAWBERRY"": 121, ""SELL:WHEAT"": 401, ""SELL:WOOL"": 66}",current,starter,{}
733,1,136662.0,3505.0,133157.0,win,DONE,DONE,1,719,0,0,0.590208,1.0906503,1.2652155600000001,1.422083,2.17545883400453,0,0,[],"{""0"": 98.0, ""1"": 87.0, ""10"": 9686.0, ""11"": 13053.0, ""12"": 12822.0, ""13"": 18306.0, ""14"": 18627.0, ""15"": 23421.0, ""16"": 25952.0, ""17"": 31677.0, ""18"": 35134.0, ""19"": 44150.0, ""2"": 91.0, ""20"": 59632.0, ""21"": 81204.0, ""22"": 80923.0, ""23"": 85369.0, ""24"": 94077.0, ""25"": 104236.0, ""26"": 111564.0, ""27"": 121000.0, ""28"": 133588.0, ""3"": 107.0, ""4"": 110.0, ""5"": 256.0, ""6"": 737.0, ""7"": 226.0, ""8"": 1808.0, ""9"": 1870.0}","{""BUILD_PASTURE"": 12, ""CARE"": 241, ""COLLECT_FERTILIZER"": 273, ""DIG"": 15, ""DROP"": 84, ""EAST"": 921, ""FEED"": 259, ""HARVEST"": 203, ""NORTH"": 1313, ""PASS"": 1686, ""PICKUP"": 67, ""PLACE"": 12, ""PLANT"": 102, ""SOUTH"": 909, ""WATER"": 751, ""WEST"": 1123}","{""BUY_ANIMAL"": 6, ""BUY_LAND"": 2, ""BUY_PRODUCT"": 214, ""BUY_SEED"": 46, ""HIRE"": 320, ""SELL"": 173}","{""BUY_ANIMAL:COW"": 10, ""BUY_ANIMAL:SHEEP"": 2, ""BUY_PRODUCT:WHEAT"": 532, ""BUY_SEED:CARROT"": 12, ""BUY_SEED:MELON"": 20, ""BUY_SEED:STRAWBERRY"": 37, ""BUY_SEED:WHEAT"": 33, ""SELL:CARROT"": 36, ""SELL:FERTILIZER"": 273, ""SELL:MELON"": 120, ""SELL:MILK"": 243, ""SELL:STRAWBERRY"": 121, ""SELL:WHEAT"": 391, ""SELL:WOOL"": 68}",current,starter,{}
17,0,133079.0,0.0,133079.0,win,DONE,DONE,1,719,0,0,0.615042,1.1054291,1.26619306,1.420041,2.273802458999853,0,0,[],"{""0"": 98.0, ""1"": 87.0, ""10"": 10772.0, ""11"": 12279.0, ""12"": 12373.0, ""13"": 17327.0, ""14"": 20613.0, ""15"": 23586.0, ""16"": 27066.0, ""17"": 31765.0, ""18"": 36788.0, ""19"": 42359.0, ""2"": 91.0, ""20"": 59983.0, ""21"": 65410.0, ""22"": 74387.0, ""23"": 81361.0, ""24"": 87858.0, ""25"": 95513.0, ""26"": 104077.0, ""27"": 113493.0, ""28"": 129596.0, ""3"": 107.0, ""4"": 81.0, ""5"": 255.0, ""6"": 733.0, ""7"": 106.0, ""8"": 265.0, ""9"": 1409.0}","{""BUILD_PASTURE"": 12, ""CARE"": 242, ""COLLECT_FERTILIZER"": 267, ""DIG"": 20, ""DROP"": 81, ""EAST"": 954, ""FEED"": 260, ""HARVEST"": 203, ""NORTH"": 1309, ""PASS"": 1653, ""PICKUP"": 69, ""PLACE"": 12, ""PLANT"": 106, ""SOUTH"": 951, ""WATER"": 740, ""WEST"": 1163}","{""BUY_ANIMAL"": 7, ""BUY_LAND"": 2, ""BUY_PRODUCT"": 220, ""BUY_SEED"": 54, ""HIRE"": 324, ""SELL"": 191}","{""BUY_ANIMAL:COW"": 5, ""BUY_ANIMAL:SHEEP"": 7, ""BUY_PRODUCT:WHEAT"": 538, ""BUY_SEED:CARROT"": 13, ""BUY_SEED:MELON"": 20, ""BUY_SEED:STRAWBERRY"": 37, ""BUY_SEED:WHEAT"": 36, ""SELL:CARROT"": 39, ""SELL:FERTILIZER"": 267, ""SELL:MELON"": 119, ""SELL:MILK"": 132, ""SELL:STRAWBERRY"": 125, ""SELL:WHEAT"": 404, ""SELL:WOOL"": 174}",current,random,{}
17,1,136040.0,0.0,136040.0,win,DONE,DONE,1,719,0,0,0.614958,1.1311746999999999,1.3454150000000002,1.469084,2.299228416995902,0,0,[],"{""0"": 98.0, ""1"": 87.0, ""10"": 10524.0, ""11"": 13476.0, ""12"": 13258.0, ""13"": 21158.0, ""14"": 21487.0, ""15"": 23152.0, ""16"": 28326.0, ""17"": 33532.0, ""18"": 33813.0, ""19"": 40518.0, ""2"": 91.0, ""20"": 62919.0, ""21"": 66065.0, ""22"": 82033.0, ""23"": 86095.0, ""24"": 89833.0, ""25"": 95077.0, ""26"": 101736.0, ""27"": 118333.0, ""28"": 131070.0, ""3"": 107.0, ""4"": 81.0, ""5"": 255.0, ""6"": 732.0, ""7"": 173.0, ""8"": 1623.0, ""9"": 2060.0}","{""BUILD_PASTURE"": 12, ""CARE"": 245, ""COLLECT_FERTILIZER"": 268, ""DIG"": 16, ""DROP"": 94, ""EAST"": 939, ""FEED"": 250, ""HARVEST"": 202, ""NORTH"": 1344, ""PASS"": 1613, ""PICKUP"": 68, ""PLACE"": 12, ""PLANT"": 107, ""SOUTH"": 952, ""WATER"": 722, ""WEST"": 1161}","{""BUY_ANIMAL"": 7, ""BUY_LAND"": 2, ""BUY_PRODUCT"": 210, ""BUY_SEED"": 56, ""HIRE"": 322, ""SELL"": 184}","{""BUY_ANIMAL:COW"": 7, ""BUY_ANIMAL:SHEEP"": 5, ""BUY_PRODUCT:WHEAT"": 596, ""BUY_SEED:CARROT"": 13, ""BUY_SEED:MELON"": 20, ""BUY_SEED:STRAWBERRY"": 37, ""BUY_SEED:WHEAT"": 39, ""SELL:CARROT"": 33, ""SELL:FERTILIZER"": 268, ""SELL:MELON"": 119, ""SELL:MILK"": 169, ""SELL:STRAWBERRY"": 124, ""SELL:WHEAT"": 457, ""SELL:WOOL"": 129}",current,random,{}
42,0,140737.0,120.0,140617.0,win,DONE,DONE,1,719,0,0,0.603916,1.111825,1.2961063800000003,1.418084,2.2763548330040067,0,0,[],"{""0"": 98.0, ""1"": 87.0, ""10"": 9003.0, ""11"": 13094.0, ""12"": 16266.0, ""13"": 18191.0, ""14"": 18726.0, ""15"": 20586.0, ""16"": 25708.0, ""17"": 31602.0, ""18"": 38100.0, ""19"": 44051.0, ""2"": 91.0, ""20"": 63392.0, ""21"": 76525.0, ""22"": 80856.0, ""23"": 86501.0, ""24"": 100328.0, ""25"": 104295.0, ""26"": 113944.0, ""27"": 119693.0, ""28"": 136331.0, ""3"": 107.0, ""4"": 110.0, ""5"": 256.0, ""6"": 741.0, ""7"": 129.0, ""8"": 537.0, ""9"": 1934.0}","{""BUILD_PASTURE"": 12, ""CARE"": 238, ""COLLECT_FERTILIZER"": 273, ""DIG"": 23, ""DROP"": 76, ""EAST"": 908, ""FEED"": 261, ""HARVEST"": 201, ""NORTH"": 1314, ""PASS"": 1629, ""PICKUP"": 67, ""PLACE"": 12, ""PLANT"": 104, ""SOUTH"": 990, ""WATER"": 758, ""WEST"": 1120}","{""BUY_ANIMAL"": 6, ""BUY_LAND"": 2, ""BUY_PRODUCT"": 194, ""BUY_SEED"": 48, ""HIRE"": 321, ""SELL"": 180}","{""BUY_ANIMAL:COW"": 8, ""BUY_ANIMAL:SHEEP"": 4, ""BUY_PRODUCT:WHEAT"": 523, ""BUY_SEED:CARROT"": 12, ""BUY_SEED:MELON"": 20, ""BUY_SEED:STRAWBERRY"": 37, ""BUY_SEED:WHEAT"": 37, ""SELL:CARROT"": 30, ""SELL:FERTILIZER"": 273, ""SELL:MELON"": 118, ""SELL:MILK"": 210, ""SELL:STRAWBERRY"": 118, ""SELL:WHEAT"": 392, ""SELL:WOOL"": 92}",current,random,{}
42,1,136624.0,0.0,136624.0,win,DONE,DONE,1,719,0,0,0.6115,1.1217077,1.3095601200000007,38.986459,2.3036984159989515,0,0,[],"{""0"": 98.0, ""1"": 87.0, ""10"": 10299.0, ""11"": 12826.0, ""12"": 12506.0, ""13"": 17783.0, ""14"": 18098.0, ""15"": 22811.0, ""16"": 25031.0, ""17"": 30500.0, ""18"": 33565.0, ""19"": 40446.0, ""2"": 91.0, ""20"": 58194.0, ""21"": 76080.0, ""22"": 79863.0, ""23"": 82238.0, ""24"": 85697.0, ""25"": 102245.0, ""26"": 108515.0, ""27"": 117750.0, ""28"": 133547.0, ""3"": 107.0, ""4"": 110.0, ""5"": 256.0, ""6"": 739.0, ""7"": 228.0, ""8"": 518.0, ""9"": 1711.0}","{""BUILD_PASTURE"": 12, ""CARE"": 220, ""COLLECT_FERTILIZER"": 272, ""DIG"": 17, ""DROP"": 91, ""EAST"": 953, ""FEED"": 259, ""HARVEST"": 201, ""NORTH"": 1326, ""PASS"": 1600, ""PICKUP"": 67, ""PLACE"": 12, ""PLANT"": 104, ""SOUTH"": 971, ""WATER"": 739, ""WEST"": 1146}","{""BUY_ANIMAL"": 7, ""BUY_LAND"": 2, ""BUY_PRODUCT"": 201, ""BUY_SEED"": 48, ""HIRE"": 321, ""SELL"": 185}","{""BUY_ANIMAL:COW"": 9, ""BUY_ANIMAL:SHEEP"": 3, ""BUY_PRODUCT:WHEAT"": 532, ""BUY_SEED:CARROT"": 12, ""BUY_SEED:MELON"": 20, ""BUY_SEED:STRAWBERRY"": 37, ""BUY_SEED:WHEAT"": 35, ""SELL:CARROT"": 36, ""SELL:FERTILIZER"": 272, ""SELL:MELON"": 115, ""SELL:MILK"": 221, ""SELL:STRAWBERRY"": 125, ""SELL:WHEAT"": 393, ""SELL:WOOL"": 73}",current,random,{}
2026,0,140190.0,0.0,140190.0,win,DONE,DONE,1,719,0,0,0.608,1.0867461,1.288723,1.491083,2.296569083999202,0,0,[],"{""0"": 98.0, ""1"": 87.0, ""10"": 10282.0, ""11"": 13275.0, ""12"": 13114.0, ""13"": 18335.0, ""14"": 21349.0, ""15"": 26170.0, ""16"": 28391.0, ""17"": 33358.0, ""18"": 35180.0, ""19"": 48169.0, ""2"": 91.0, ""20"": 62242.0, ""21"": 67232.0, ""22"": 80322.0, ""23"": 87530.0, ""24"": 92395.0, ""25"": 98429.0, ""26"": 106262.0, ""27"": 119420.0, ""28"": 135481.0, ""3"": 107.0, ""4"": 81.0, ""5"": 255.0, ""6"": 733.0, ""7"": 165.0, ""8"": 506.0, ""9"": 1919.0}","{""BUILD_PASTURE"": 12, ""CARE"": 246, ""COLLECT_FERTILIZER"": 271, ""DIG"": 21, ""DROP"": 88, ""EAST"": 995, ""FEED"": 256, ""HARVEST"": 211, ""NORTH"": 1305, ""PASS"": 1610, ""PICKUP"": 63, ""PLACE"": 12, ""PLANT"": 107, ""SOUTH"": 928, ""WATER"": 739, ""WEST"": 1187}","{""BUY_ANIMAL"": 7, ""BUY_LAND"": 2, ""BUY_PRODUCT"": 201, ""BUY_SEED"": 56, ""HIRE"": 324, ""SELL"": 190}","{""BUY_ANIMAL:COW"": 7, ""BUY_ANIMAL:SHEEP"": 5, ""BUY_PRODUCT:WHEAT"": 603, ""BUY_SEED:CARROT"": 12, ""BUY_SEED:MELON"": 20, ""BUY_SEED:STRAWBERRY"": 37, ""BUY_SEED:WHEAT"": 39, ""SELL:CARROT"": 30, ""SELL:FERTILIZER"": 271, ""SELL:MELON"": 120, ""SELL:MILK"": 178, ""SELL:STRAWBERRY"": 127, ""SELL:WHEAT"": 474, ""SELL:WOOL"": 132}",current,random,{}
2026,1,131441.0,0.0,131441.0,win,DONE,DONE,1,719,0,0,0.624917,1.1143247,1.28574994,30.08425,2.3019262080051703,0,0,[],"{""0"": 98.0, ""1"": 87.0, ""10"": 7722.0, ""11"": 12251.0, ""12"": 12286.0, ""13"": 17171.0, ""14"": 18752.0, ""15"": 20160.0, ""16"": 24779.0, ""17"": 29793.0, ""18"": 33471.0, ""19"": 43039.0, ""2"": 91.0, ""20"": 59848.0, ""21"": 66365.0, ""22"": 72164.0, ""23"": 79349.0, ""24"": 82055.0, ""25"": 89981.0, ""26"": 101759.0, ""27"": 109879.0, ""28"": 126470.0, ""3"": 107.0, ""4"": 110.0, ""5"": 256.0, ""6"": 739.0, ""7"": 105.0, ""8"": 250.0, ""9"": 1538.0}","{""BUILD_PASTURE"": 12, ""CARE"": 238, ""COLLECT_FERTILIZER"": 275, ""DIG"": 17, ""DROP"": 86, ""EAST"": 914, ""FEED"": 264, ""HARVEST"": 212, ""NORTH"": 1347, ""PASS"": 1587, ""PICKUP"": 66, ""PLACE"": 12, ""PLANT"": 107, ""SOUTH"": 1014, ""WATER"": 764, ""WEST"": 1111}","{""BUY_ANIMAL"": 7, ""BUY_LAND"": 2, ""BUY_PRODUCT"": 189, ""BUY_SEED"": 53, ""HIRE"": 323, ""SELL"": 194}","{""BUY_ANIMAL:COW"": 7, ""BUY_ANIMAL:SHEEP"": 5, ""BUY_PRODUCT:WHEAT"": 537, ""BUY_SEED:CARROT"": 13, ""BUY_SEED:MELON"": 20, ""BUY_SEED:STRAWBERRY"": 37, ""BUY_SEED:WHEAT"": 39, ""SELL:CARROT"": 33, ""SELL:FERTILIZER"": 275, ""SELL:MELON"": 119, ""SELL:MILK"": 187, ""SELL:STRAWBERRY"": 128, ""SELL:WHEAT"": 411, ""SELL:WOOL"": 121}",current,random,{}
217,0,137388.0,0.0,137388.0,win,DONE,DONE,1,719,0,0,0.6105,1.099917,1.3067555000000004,30.277,2.3473201250017155,0,0,[],"{""0"": 98.0, ""1"": 87.0, ""10"": 7246.0, ""11"": 12568.0, ""12"": 12620.0, ""13"": 17542.0, ""14"": 19122.0, ""15"": 20679.0, ""16"": 24400.0, ""17"": 27990.0, ""18"": 34820.0, ""19"": 41496.0, ""2"": 91.0, ""20"": 59121.0, ""21"": 66012.0, ""22"": 73508.0, ""23"": 79274.0, ""24"": 87720.0, ""25"": 96344.0, ""26"": 108403.0, ""27"": 117060.0, ""28"": 131906.0, ""3"": 107.0, ""4"": 81.0, ""5"": 255.0, ""6"": 740.0, ""7"": 88.0, ""8"": 124.0, ""9"": 1526.0}","{""BUILD_PASTURE"": 12, ""CARE"": 241, ""COLLECT_FERTILIZER"": 269, ""DIG"": 19, ""DROP"": 81, ""EAST"": 912, ""FEED"": 260, ""HARVEST"": 204, ""NORTH"": 1315, ""PASS"": 1598, ""PICKUP"": 66, ""PLACE"": 12, ""PLANT"": 106, ""SOUTH"": 985, ""WATER"": 745, ""WEST"": 1111}","{""BUY_ANIMAL"": 8, ""BUY_LAND"": 2, ""BUY_PRODUCT"": 207, ""BUY_SEED"": 54, ""HIRE"": 319, ""SELL"": 179}","{""BUY_ANIMAL:COW"": 8, ""BUY_ANIMAL:SHEEP"": 4, ""BUY_PRODUCT:WHEAT"": 529, ""BUY_SEED:CARROT"": 13, ""BUY_SEED:MELON"": 20, ""BUY_SEED:STRAWBERRY"": 37, ""BUY_SEED:WHEAT"": 41, ""SELL:CARROT"": 33, ""SELL:FERTILIZER"": 269, ""SELL:MELON"": 119, ""SELL:MILK"": 200, ""SELL:STRAWBERRY"": 128, ""SELL:WHEAT"": 384, ""SELL:WOOL"": 105}",current,random,{}
217,1,125556.0,0.0,125556.0,win,DONE,DONE,1,719,0,0,0.625417,1.1061202,1.2873538800000015,1.413166,2.2835422909993213,0,0,[],"{""0"": 98.0, ""1"": 87.0, ""10"": 7724.0, ""11"": 12303.0, ""12"": 12193.0, ""13"": 17087.0, ""14"": 18622.0, ""15"": 19932.0, ""16"": 26908.0, ""17"": 28260.0, ""18"": 31674.0, ""19"": 38197.0, ""2"": 91.0, ""20"": 53185.0, ""21"": 64597.0, ""22"": 72169.0, ""23"": 77051.0, ""24"": 80351.0, ""25"": 92547.0, ""26"": 101273.0, ""27"": 106671.0, ""28"": 121931.0, ""3"": 107.0, ""4"": 110.0, ""5"": 256.0, ""6"": 741.0, ""7"": 90.0, ""8"": 103.0, ""9"": 1578.0}","{""BUILD_PASTURE"": 12, ""CARE"": 237, ""COLLECT_FERTILIZER"": 271, ""DIG"": 19, ""DROP"": 87, ""EAST"": 950, ""FEED"": 258, ""HARVEST"": 210, ""NORTH"": 1335, ""PASS"": 1570, ""PICKUP"": 69, ""PLACE"": 12, ""PLANT"": 110, ""SOUTH"": 990, ""WATER"": 749, ""WEST"": 1190}","{""BUY_ANIMAL"": 7, ""BUY_LAND"": 2, ""BUY_PRODUCT"": 196, ""BUY_SEED"": 56, ""HIRE"": 325, ""SELL"": 194}","{""BUY_ANIMAL:COW"": 7, ""BUY_ANIMAL:SHEEP"": 5, ""BUY_PRODUCT:WHEAT"": 540, ""BUY_SEED:CARROT"": 12, ""BUY_SEED:MELON"": 20, ""BUY_SEED:STRAWBERRY"": 37, ""BUY_SEED:WHEAT"": 42, ""SELL:CARROT"": 33, ""SELL:FERTILIZER"": 271, ""SELL:MELON"": 119, ""SELL:MILK"": 181, ""SELL:STRAWBERRY"": 128, ""SELL:WHEAT"": 419, ""SELL:WOOL"": 118}",current,random,{}
317,0,134381.0,60.0,134321.0,win,DONE,DONE,1,719,0,0,0.619834,1.1300417,1.3296560600000018,40.492791,2.305278084000747,0,0,[],"{""0"": 98.0, ""1"": 87.0, ""10"": 7738.0, ""11"": 12394.0, ""12"": 12401.0, ""13"": 17374.0, ""14"": 18952.0, ""15"": 24073.0, ""16"": 25151.0, ""17"": 30272.0, ""18"": 32678.0, ""19"": 42362.0, ""2"": 91.0, ""20"": 59478.0, ""21"": 65612.0, ""22"": 76654.0, ""23"": 83010.0, ""24"": 85710.0, ""25"": 92696.0, ""26"": 104916.0, ""27"": 115670.0, ""28"": 129046.0, ""3"": 107.0, ""4"": 110.0, ""5"": 256.0, ""6"": 741.0, ""7"": 100.0, ""8"": 236.0, ""9"": 1519.0}","{""BUILD_PASTURE"": 12, ""CARE"": 245, ""COLLECT_FERTILIZER"": 272, ""DIG"": 16, ""DROP"": 89, ""EAST"": 946, ""FEED"": 260, ""HARVEST"": 214, ""NORTH"": 1362, ""PASS"": 1582, ""PICKUP"": 65, ""PLACE"": 12, ""PLANT"": 110, ""SOUTH"": 1012, ""WATER"": 765, ""WEST"": 1111}","{""BUY_ANIMAL"": 8, ""BUY_LAND"": 2, ""BUY_PRODUCT"": 196, ""BUY_SEED"": 56, ""HIRE"": 325, ""SELL"": 193}","{""BUY_ANIMAL:COW"": 8, ""BUY_ANIMAL:SHEEP"": 4, ""BUY_PRODUCT:WHEAT"": 537, ""BUY_SEED:CARROT"": 12, ""BUY_SEED:MELON"": 20, ""BUY_SEED:STRAWBERRY"": 37, ""BUY_SEED:WHEAT"": 44, ""SELL:CARROT"": 30, ""SELL:FERTILIZER"": 272, ""SELL:MELON"": 118, ""SELL:MILK"": 204, ""SELL:STRAWBERRY"": 128, ""SELL:WHEAT"": 418, ""SELL:WOOL"": 106}",current,random,{}
317,1,131886.0,0.0,131886.0,win,DONE,DONE,1,719,0,0,0.631042,1.1171292,1.3216200600000003,1.498542,2.331938582996372,0,0,[],"{""0"": 98.0, ""1"": 87.0, ""10"": 7738.0, ""11"": 12394.0, ""12"": 12401.0, ""13"": 17374.0, ""14"": 18952.0, ""15"": 24037.0, ""16"": 25117.0, ""17"": 30089.0, ""18"": 32389.0, ""19"": 41783.0, ""2"": 91.0, ""20"": 55002.0, ""21"": 67561.0, ""22"": 72800.0, ""23"": 80944.0, ""24"": 85084.0, ""25"": 91571.0, ""26"": 101212.0, ""27"": 111239.0, ""28"": 126949.0, ""3"": 107.0, ""4"": 110.0, ""5"": 256.0, ""6"": 741.0, ""7"": 100.0, ""8"": 236.0, ""9"": 1519.0}","{""BUILD_PASTURE"": 12, ""CARE"": 232, ""COLLECT_FERTILIZER"": 268, ""DIG"": 15, ""DROP"": 83, ""EAST"": 945, ""FEED"": 263, ""HARVEST"": 217, ""NORTH"": 1384, ""PASS"": 1508, ""PICKUP"": 65, ""PLACE"": 12, ""PLANT"": 112, ""SOUTH"": 1017, ""WATER"": 762, ""WEST"": 1152}","{""BUY_ANIMAL"": 8, ""BUY_LAND"": 2, ""BUY_PRODUCT"": 197, ""BUY_SEED"": 55, ""HIRE"": 324, ""SELL"": 187}","{""BUY_ANIMAL:COW"": 8, ""BUY_ANIMAL:SHEEP"": 4, ""BUY_PRODUCT:WHEAT"": 536, ""BUY_SEED:CARROT"": 12, ""BUY_SEED:MELON"": 20, ""BUY_SEED:STRAWBERRY"": 37, ""BUY_SEED:WHEAT"": 43, ""SELL:CARROT"": 33, ""SELL:FERTILIZER"": 268, ""SELL:MELON"": 119, ""SELL:MILK"": 204, ""SELL:STRAWBERRY"": 128, ""SELL:WHEAT"": 412, ""SELL:WOOL"": 102}",current,random,{}
733,0,129852.0,0.0,129852.0,win,DONE,DONE,1,719,0,0,0.610916,1.1080670000000001,1.2837919400000002,43.879208,2.290281125002366,0,0,[],"{""0"": 98.0, ""1"": 87.0, ""10"": 10405.0, ""11"": 12776.0, ""12"": 12536.0, ""13"": 17922.0, ""14"": 18397.0, ""15"": 22776.0, ""16"": 24992.0, ""17"": 30433.0, ""18"": 34487.0, ""19"": 40848.0, ""2"": 91.0, ""20"": 60828.0, ""21"": 72216.0, ""22"": 77122.0, ""23"": 82520.0, ""24"": 85693.0, ""25"": 94960.0, ""26"": 104267.0, ""27"": 115380.0, ""28"": 127173.0, ""3"": 107.0, ""4"": 81.0, ""5"": 255.0, ""6"": 739.0, ""7"": 248.0, ""8"": 564.0, ""9"": 1768.0}","{""BUILD_PASTURE"": 12, ""CARE"": 236, ""COLLECT_FERTILIZER"": 270, ""DIG"": 21, ""DROP"": 92, ""EAST"": 888, ""FEED"": 257, ""HARVEST"": 205, ""NORTH"": 1355, ""PASS"": 1650, ""PICKUP"": 69, ""PLACE"": 12, ""PLANT"": 107, ""SOUTH"": 978, ""WATER"": 734, ""WEST"": 1098}","{""BUY_ANIMAL"": 7, ""BUY_LAND"": 2, ""BUY_PRODUCT"": 202, ""BUY_SEED"": 49, ""HIRE"": 321, ""SELL"": 191}","{""BUY_ANIMAL:COW"": 7, ""BUY_ANIMAL:SHEEP"": 5, ""BUY_PRODUCT:WHEAT"": 534, ""BUY_SEED:CARROT"": 13, ""BUY_SEED:MELON"": 20, ""BUY_SEED:STRAWBERRY"": 37, ""BUY_SEED:WHEAT"": 38, ""SELL:CARROT"": 33, ""SELL:FERTILIZER"": 270, ""SELL:MELON"": 118, ""SELL:MILK"": 186, ""SELL:STRAWBERRY"": 127, ""SELL:WHEAT"": 406, ""SELL:WOOL"": 106}",current,random,{}
733,1,131606.0,0.0,131606.0,win,DONE,DONE,1,719,0,0,0.617541,1.1090208,1.2775455600000003,1.46925,2.272582166995562,0,0,[],"{""0"": 98.0, ""1"": 87.0, ""10"": 10346.0, ""11"": 12681.0, ""12"": 12449.0, ""13"": 17817.0, ""14"": 18102.0, ""15"": 19689.0, ""16"": 24849.0, ""17"": 30410.0, ""18"": 38355.0, ""19"": 43624.0, ""2"": 91.0, ""20"": 58625.0, ""21"": 73618.0, ""22"": 78138.0, ""23"": 80742.0, ""24"": 83744.0, ""25"": 97771.0, ""26"": 106367.0, ""27"": 114691.0, ""28"": 128107.0, ""3"": 107.0, ""4"": 110.0, ""5"": 256.0, ""6"": 739.0, ""7"": 228.0, ""8"": 518.0, ""9"": 1712.0}","{""BUILD_PASTURE"": 12, ""CARE"": 238, ""COLLECT_FERTILIZER"": 273, ""DIG"": 18, ""DROP"": 87, ""EAST"": 930, ""FEED"": 261, ""HARVEST"": 198, ""NORTH"": 1311, ""PASS"": 1648, ""PICKUP"": 67, ""PLACE"": 12, ""PLANT"": 105, ""SOUTH"": 986, ""WATER"": 754, ""WEST"": 1111}","{""BUY_ANIMAL"": 7, ""BUY_LAND"": 2, ""BUY_PRODUCT"": 203, ""BUY_SEED"": 51, ""HIRE"": 322, ""SELL"": 194}","{""BUY_ANIMAL:COW"": 7, ""BUY_ANIMAL:SHEEP"": 5, ""BUY_PRODUCT:WHEAT"": 539, ""BUY_SEED:CARROT"": 13, ""BUY_SEED:MELON"": 20, ""BUY_SEED:STRAWBERRY"": 37, ""BUY_SEED:WHEAT"": 38, ""SELL:CARROT"": 32, ""SELL:FERTILIZER"": 273, ""SELL:MELON"": 115, ""SELL:MILK"": 184, ""SELL:STRAWBERRY"": 124, ""SELL:WHEAT"": 411, ""SELL:WOOL"": 116}",current,random,{}
17,0,105366.0,149976.0,-44610.0,loss,DONE,DONE,1,719,0,0,0.6155,1.1036173,1.2911701200000003,5.091833,3.2281310420003138,0,0,[],"{""0"": 98.0, ""1"": 94.0, ""10"": 7516.0, ""11"": 13609.0, ""12"": 11602.0, ""13"": 15253.0, ""14"": 16504.0, ""15"": 18572.0, ""16"": 22270.0, ""17"": 25731.0, ""18"": 27726.0, ""19"": 31085.0, ""2"": 81.0, ""20"": 43995.0, ""21"": 51589.0, ""22"": 57221.0, ""23"": 63004.0, ""24"": 65875.0, ""25"": 72203.0, ""26"": 81252.0, ""27"": 88843.0, ""28"": 103061.0, ""3"": 134.0, ""4"": 93.0, ""5"": 399.0, ""6"": 664.0, ""7"": 110.0, ""8"": 1063.0, ""9"": 1611.0}","{""BUILD_PASTURE"": 12, ""CARE"": 229, ""COLLECT_FERTILIZER"": 268, ""DIG"": 17, ""DROP"": 78, ""EAST"": 887, ""FEED"": 252, ""HARVEST"": 200, ""NORTH"": 1286, ""PASS"": 1728, ""PICKUP"": 69, ""PLACE"": 12, ""PLANT"": 105, ""SOUTH"": 940, ""WATER"": 758, ""WEST"": 1114}","{""BUY_ANIMAL"": 7, ""BUY_LAND"": 2, ""BUY_PRODUCT"": 187, ""BUY_SEED"": 47, ""HIRE"": 320, ""SELL"": 182}","{""BUY_ANIMAL:COW"": 9, ""BUY_ANIMAL:SHEEP"": 3, ""BUY_PRODUCT:WHEAT"": 523, ""BUY_SEED:CARROT"": 13, ""BUY_SEED:MELON"": 20, ""BUY_SEED:STRAWBERRY"": 37, ""BUY_SEED:WHEAT"": 37, ""SELL:CARROT"": 33, ""SELL:FERTILIZER"": 268, ""SELL:MELON"": 117, ""SELL:MILK"": 211, ""SELL:STRAWBERRY"": 124, ""SELL:WHEAT"": 411, ""SELL:WOOL"": 76}",current,hamburger,{}
17,1,91933.0,132779.0,-40846.0,loss,DONE,DONE,1,719,0,0,0.600458,1.1268378,1.3219069400000019,1.528,3.1582985409986577,0,0,[],"{""0"": 98.0, ""1"": 94.0, ""10"": 9466.0, ""11"": 13506.0, ""12"": 11198.0, ""13"": 14373.0, ""14"": 17679.0, ""15"": 19085.0, ""16"": 22593.0, ""17"": 24831.0, ""18"": 26032.0, ""19"": 29088.0, ""2"": 81.0, ""20"": 43651.0, ""21"": 43893.0, ""22"": 46337.0, ""23"": 52568.0, ""24"": 61861.0, ""25"": 72299.0, ""26"": 73818.0, ""27"": 78658.0, ""28"": 91198.0, ""3"": 134.0, ""4"": 93.0, ""5"": 399.0, ""6"": 670.0, ""7"": 99.0, ""8"": 767.0, ""9"": 1604.0}","{""BUILD_PASTURE"": 12, ""CARE"": 219, ""COLLECT_FERTILIZER"": 272, ""DIG"": 15, ""DROP"": 75, ""EAST"": 862, ""FEED"": 259, ""HARVEST"": 188, ""NORTH"": 1309, ""PASS"": 1726, ""PICKUP"": 71, ""PLACE"": 12, ""PLANT"": 102, ""SOUTH"": 978, ""WATER"": 768, ""WEST"": 1090}","{""BUY_ANIMAL"": 6, ""BUY_LAND"": 2, ""BUY_PRODUCT"": 197, ""BUY_SEED"": 53, ""HIRE"": 320, ""SELL"": 187}","{""BUY_ANIMAL:COW"": 8, ""BUY_ANIMAL:SHEEP"": 4, ""BUY_PRODUCT:WHEAT"": 528, ""BUY_SEED:CARROT"": 13, ""BUY_SEED:MELON"": 20, ""BUY_SEED:STRAWBERRY"": 37, ""BUY_SEED:WHEAT"": 36, ""SELL:CARROT"": 33, ""SELL:FERTILIZER"": 272, ""SELL:MELON"": 117, ""SELL:MILK"": 180, ""SELL:STRAWBERRY"": 125, ""SELL:WHEAT"": 391, ""SELL:WOOL"": 102}",current,hamburger,{}
42,0,91962.0,132217.0,-40255.0,loss,DONE,DONE,1,719,0,0,0.625,1.1890006000000002,1.6173470000000016,29.739083,3.401849832996959,0,0,[],"{""0"": 98.0, ""1"": 94.0, ""10"": 4412.0, ""11"": 12900.0, ""12"": 10328.0, ""13"": 13259.0, ""14"": 15816.0, ""15"": 16827.0, ""16"": 20027.0, ""17"": 22272.0, ""18"": 26249.0, ""19"": 32353.0, ""2"": 81.0, ""20"": 41287.0, ""21"": 43549.0, ""22"": 49657.0, ""23"": 57749.0, ""24"": 69593.0, ""25"": 70850.0, ""26"": 75891.0, ""27"": 78416.0, ""28"": 91005.0, ""3"": 134.0, ""4"": 93.0, ""5"": 399.0, ""6"": 663.0, ""7"": 90.0, ""8"": 701.0, ""9"": 1140.0}","{""BUILD_PASTURE"": 12, ""CARE"": 239, ""COLLECT_FERTILIZER"": 271, ""DIG"": 25, ""DROP"": 81, ""EAST"": 852, ""FEED"": 254, ""HARVEST"": 188, ""NORTH"": 1305, ""PASS"": 1588, ""PICKUP"": 71, ""PLACE"": 12, ""PLANT"": 102, ""SOUTH"": 1003, ""WATER"": 725, ""WEST"": 1100}","{""BUY_ANIMAL"": 6, ""BUY_LAND"": 2, ""BUY_PRODUCT"": 197, ""BUY_SEED"": 53, ""HIRE"": 314, ""SELL"": 172}","{""BUY_ANIMAL:COW"": 4, ""BUY_ANIMAL:SHEEP"": 8, ""BUY_PRODUCT:WHEAT"": 524, ""BUY_SEED:CARROT"": 14, ""BUY_SEED:MELON"": 20, ""BUY_SEED:STRAWBERRY"": 37, ""BUY_SEED:WHEAT"": 37, ""SELL:CARROT"": 30, ""SELL:FERTILIZER"": 271, ""SELL:MELON"": 115, ""SELL:MILK"": 111, ""SELL:STRAWBERRY"": 119, ""SELL:WHEAT"": 392, ""SELL:WOOL"": 176}",current,hamburger,{}
42,1,97302.0,147152.0,-49850.0,loss,DONE,DONE,1,719,0,0,0.599042,1.1095958,1.2990625000000002,1.737167,3.147080750000896,0,0,[],"{""0"": 98.0, ""1"": 94.0, ""10"": 4412.0, ""11"": 12900.0, ""12"": 10328.0, ""13"": 13259.0, ""14"": 15816.0, ""15"": 16828.0, ""16"": 20174.0, ""17"": 22512.0, ""18"": 27691.0, ""19"": 33159.0, ""2"": 81.0, ""20"": 44118.0, ""21"": 45773.0, ""22"": 51711.0, ""23"": 59261.0, ""24"": 67624.0, ""25"": 75660.0, ""26"": 81234.0, ""27"": 83687.0, ""28"": 96178.0, ""3"": 134.0, ""4"": 93.0, ""5"": 399.0, ""6"": 663.0, ""7"": 90.0, ""8"": 701.0, ""9"": 1140.0}","{""BUILD_PASTURE"": 12, ""CARE"": 236, ""COLLECT_FERTILIZER"": 272, ""DIG"": 26, ""DROP"": 76, ""EAST"": 881, ""FEED"": 257, ""HARVEST"": 190, ""NORTH"": 1261, ""PASS"": 1588, ""PICKUP"": 71, ""PLACE"": 12, ""PLANT"": 103, ""SOUTH"": 981, ""WATER"": 716, ""WEST"": 1118}","{""BUY_ANIMAL"": 6, ""BUY_LAND"": 2, ""BUY_PRODUCT"": 190, ""BUY_SEED"": 52, ""HIRE"": 313, ""SELL"": 181}","{""BUY_ANIMAL:COW"": 4, ""BUY_ANIMAL:SHEEP"": 8, ""BUY_PRODUCT:WHEAT"": 515, ""BUY_SEED:CARROT"": 13, ""BUY_SEED:MELON"": 20, ""BUY_SEED:STRAWBERRY"": 37, ""BUY_SEED:WHEAT"": 37, ""SELL:CARROT"": 27, ""SELL:FERTILIZER"": 272, ""SELL:MELON"": 114, ""SELL:MILK"": 114, ""SELL:STRAWBERRY"": 119, ""SELL:WHEAT"": 380, ""SELL:WOOL"": 171}",current,hamburger,{}
2026,0,105520.0,157598.0,-52078.0,loss,DONE,DONE,1,719,0,0,0.619875,1.1008208000000002,1.2768020000000004,1.559083,3.1932232919934904,0,0,[],"{""0"": 98.0, ""1"": 94.0, ""10"": 5737.0, ""11"": 13169.0, ""12"": 13312.0, ""13"": 13307.0, ""14"": 16712.0, ""15"": 19947.0, ""16"": 22438.0, ""17"": 25405.0, ""18"": 25984.0, ""19"": 34531.0, ""2"": 81.0, ""20"": 45983.0, ""21"": 50126.0, ""22"": 61654.0, ""23"": 64485.0, ""24"": 66957.0, ""25"": 73623.0, ""26"": 84528.0, ""27"": 90136.0, ""28"": 103897.0, ""3"": 134.0, ""4"": 94.0, ""5"": 393.0, ""6"": 654.0, ""7"": 107.0, ""8"": 746.0, ""9"": 1103.0}","{""BUILD_PASTURE"": 12, ""CARE"": 243, ""COLLECT_FERTILIZER"": 266, ""DIG"": 15, ""DROP"": 79, ""EAST"": 853, ""FEED"": 243, ""HARVEST"": 201, ""NORTH"": 1362, ""PASS"": 1619, ""PICKUP"": 67, ""PLACE"": 12, ""PLANT"": 114, ""SOUTH"": 1002, ""WATER"": 764, ""WEST"": 1105}","{""BUY_ANIMAL"": 7, ""BUY_LAND"": 2, ""BUY_PRODUCT"": 193, ""BUY_SEED"": 53, ""HIRE"": 320, ""SELL"": 184}","{""BUY_ANIMAL:COW"": 2, ""BUY_ANIMAL:SHEEP"": 10, ""BUY_PRODUCT:WHEAT"": 518, ""BUY_SEED:CARROT"": 16, ""BUY_SEED:MELON"": 20, ""BUY_SEED:STRAWBERRY"": 37, ""BUY_SEED:WHEAT"": 41, ""SELL:CARROT"": 48, ""SELL:FERTILIZER"": 266, ""SELL:MELON"": 110, ""SELL:MILK"": 66, ""SELL:STRAWBERRY"": 128, ""SELL:WHEAT"": 422, ""SELL:WOOL"": 208}",current,hamburger,{}
2026,1,100989.0,144345.0,-43356.0,loss,DONE,DONE,1,719,0,0,0.622292,1.0909709,1.262667,1.556083,3.22556504199747,0,0,[],"{""0"": 98.0, ""1"": 94.0, ""10"": 5737.0, ""11"": 13169.0, ""12"": 13312.0, ""13"": 13342.0, ""14"": 16708.0, ""15"": 19886.0, ""16"": 22061.0, ""17"": 25217.0, ""18"": 27330.0, ""19"": 36272.0, ""2"": 81.0, ""20"": 49571.0, ""21"": 51558.0, ""22"": 60347.0, ""23"": 64684.0, ""24"": 67811.0, ""25"": 74198.0, ""26"": 84293.0, ""27"": 87195.0, ""28"": 99454.0, ""3"": 134.0, ""4"": 94.0, ""5"": 393.0, ""6"": 654.0, ""7"": 107.0, ""8"": 746.0, ""9"": 1103.0}","{""BUILD_PASTURE"": 12, ""CARE"": 243, ""COLLECT_FERTILIZER"": 263, ""DIG"": 22, ""DROP"": 72, ""EAST"": 901, ""FEED"": 249, ""HARVEST"": 200, ""NORTH"": 1316, ""PASS"": 1635, ""PICKUP"": 67, ""PLACE"": 12, ""PLANT"": 108, ""SOUTH"": 981, ""WATER"": 743, ""WEST"": 1111}","{""BUY_ANIMAL"": 7, ""BUY_LAND"": 2, ""BUY_PRODUCT"": 197, ""BUY_SEED"": 49, ""HIRE"": 319, ""SELL"": 176}","{""BUY_ANIMAL:COW"": 2, ""BUY_ANIMAL:SHEEP"": 10, ""BUY_PRODUCT:WHEAT"": 516, ""BUY_SEED:CARROT"": 14, ""BUY_SEED:MELON"": 20, ""BUY_SEED:STRAWBERRY"": 37, ""BUY_SEED:WHEAT"": 39, ""SELL:CARROT"": 36, ""SELL:FERTILIZER"": 263, ""SELL:MELON"": 116, ""SELL:MILK"": 69, ""SELL:STRAWBERRY"": 128, ""SELL:WHEAT"": 406, ""SELL:WOOL"": 218}",current,hamburger,{}
217,0,93382.0,147090.0,-53708.0,loss,DONE,DONE,1,719,0,0,0.61875,1.0992955,1.28758112,65.600458,3.177040875001694,0,0,[],"{""0"": 98.0, ""1"": 94.0, ""10"": 8818.0, ""11"": 11243.0, ""12"": 10884.0, ""13"": 14734.0, ""14"": 17099.0, ""15"": 21304.0, ""16"": 22216.0, ""17"": 24075.0, ""18"": 25716.0, ""19"": 30147.0, ""2"": 81.0, ""20"": 40469.0, ""21"": 44712.0, ""22"": 50860.0, ""23"": 56230.0, ""24"": 58846.0, ""25"": 65772.0, ""26"": 74051.0, ""27"": 79377.0, ""28"": 90648.0, ""3"": 134.0, ""4"": 94.0, ""5"": 393.0, ""6"": 661.0, ""7"": 80.0, ""8"": 848.0, ""9"": 1357.0}","{""BUILD_PASTURE"": 12, ""CARE"": 218, ""COLLECT_FERTILIZER"": 270, ""DIG"": 22, ""DROP"": 78, ""EAST"": 826, ""FEED"": 259, ""HARVEST"": 183, ""NORTH"": 1331, ""PASS"": 1615, ""PICKUP"": 70, ""PLACE"": 12, ""PLANT"": 99, ""SOUTH"": 1023, ""WATER"": 762, ""WEST"": 1087}","{""BUY_ANIMAL"": 7, ""BUY_LAND"": 2, ""BUY_PRODUCT"": 206, ""BUY_SEED"": 48, ""HIRE"": 316, ""SELL"": 185}","{""BUY_ANIMAL:COW"": 8, ""BUY_ANIMAL:SHEEP"": 4, ""BUY_PRODUCT:WHEAT"": 529, ""BUY_SEED:CARROT"": 12, ""BUY_SEED:MELON"": 20, ""BUY_SEED:STRAWBERRY"": 37, ""BUY_SEED:WHEAT"": 36, ""SELL:CARROT"": 24, ""SELL:FERTILIZER"": 270, ""SELL:MELON"": 119, ""SELL:MILK"": 167, ""SELL:STRAWBERRY"": 124, ""SELL:WHEAT"": 383, ""SELL:WOOL"": 110}",current,hamburger,{}
217,1,88730.0,134542.0,-45812.0,loss,DONE,DONE,1,719,0,0,0.620584,1.1070536,1.2904450600000001,55.005834,3.1473168329976033,0,0,[],"{""0"": 98.0, ""1"": 94.0, ""10"": 8818.0, ""11"": 11243.0, ""12"": 10884.0, ""13"": 14734.0, ""14"": 17099.0, ""15"": 21233.0, ""16"": 21460.0, ""17"": 23069.0, ""18"": 24400.0, ""19"": 27737.0, ""2"": 81.0, ""20"": 38835.0, ""21"": 42216.0, ""22"": 49193.0, ""23"": 51693.0, ""24"": 55845.0, ""25"": 62664.0, ""26"": 70143.0, ""27"": 75011.0, ""28"": 85335.0, ""3"": 134.0, ""4"": 94.0, ""5"": 393.0, ""6"": 661.0, ""7"": 80.0, ""8"": 848.0, ""9"": 1357.0}","{""BUILD_PASTURE"": 12, ""CARE"": 212, ""COLLECT_FERTILIZER"": 269, ""DIG"": 22, ""DROP"": 69, ""EAST"": 854, ""FEED"": 260, ""HARVEST"": 188, ""NORTH"": 1303, ""PASS"": 1639, ""PICKUP"": 70, ""PLACE"": 12, ""PLANT"": 98, ""SOUTH"": 1015, ""WATER"": 760, ""WEST"": 1105}","{""BUY_ANIMAL"": 7, ""BUY_LAND"": 2, ""BUY_PRODUCT"": 205, ""BUY_SEED"": 47, ""HIRE"": 317, ""SELL"": 192}","{""BUY_ANIMAL:COW"": 8, ""BUY_ANIMAL:SHEEP"": 4, ""BUY_PRODUCT:WHEAT"": 527, ""BUY_SEED:CARROT"": 13, ""BUY_SEED:MELON"": 20, ""BUY_SEED:STRAWBERRY"": 37, ""BUY_SEED:WHEAT"": 33, ""SELL:CARROT"": 29, ""SELL:FERTILIZER"": 269, ""SELL:MELON"": 115, ""SELL:MILK"": 179, ""SELL:STRAWBERRY"": 124, ""SELL:WHEAT"": 382, ""SELL:WOOL"": 98}",current,hamburger,{}
317,0,100165.0,149802.0,-49637.0,loss,DONE,DONE,1,719,0,0,0.625125,1.1011369,1.2783520000000006,36.127584,3.1775498329952825,0,0,[],"{""0"": 98.0, ""1"": 94.0, ""10"": 8249.0, ""11"": 13561.0, ""12"": 11134.0, ""13"": 14854.0, ""14"": 16084.0, ""15"": 18501.0, ""16"": 22715.0, ""17"": 25102.0, ""18"": 28274.0, ""19"": 34532.0, ""2"": 81.0, ""20"": 47249.0, ""21"": 53447.0, ""22"": 57287.0, ""23"": 60294.0, ""24"": 66165.0, ""25"": 71456.0, ""26"": 79356.0, ""27"": 85372.0, ""28"": 97812.0, ""3"": 134.0, ""4"": 94.0, ""5"": 393.0, ""6"": 654.0, ""7"": 111.0, ""8"": 1171.0, ""9"": 1617.0}","{""BUILD_PASTURE"": 12, ""CARE"": 232, ""COLLECT_FERTILIZER"": 269, ""DIG"": 18, ""DROP"": 81, ""EAST"": 891, ""FEED"": 260, ""HARVEST"": 199, ""NORTH"": 1300, ""PASS"": 1647, ""PICKUP"": 69, ""PLACE"": 12, ""PLANT"": 103, ""SOUTH"": 983, ""WATER"": 749, ""WEST"": 1109}","{""BUY_ANIMAL"": 8, ""BUY_LAND"": 2, ""BUY_PRODUCT"": 202, ""BUY_SEED"": 48, ""HIRE"": 319, ""SELL"": 186}","{""BUY_ANIMAL:COW"": 8, ""BUY_ANIMAL:SHEEP"": 4, ""BUY_PRODUCT:WHEAT"": 527, ""BUY_SEED:CARROT"": 14, ""BUY_SEED:MELON"": 20, ""BUY_SEED:STRAWBERRY"": 37, ""BUY_SEED:WHEAT"": 37, ""SELL:CARROT"": 33, ""SELL:FERTILIZER"": 269, ""SELL:MELON"": 114, ""SELL:MILK"": 195, ""SELL:STRAWBERRY"": 125, ""SELL:WHEAT"": 393, ""SELL:WOOL"": 107}",current,hamburger,{}
317,1,100328.0,149815.0,-49487.0,loss,DONE,DONE,1,719,0,0,0.6165,1.0696,1.2946310600000004,1.477084,3.1185565829946427,0,0,[],"{""0"": 98.0, ""1"": 94.0, ""10"": 8249.0, ""11"": 13561.0, ""12"": 11134.0, ""13"": 14854.0, ""14"": 16084.0, ""15"": 18501.0, ""16"": 22715.0, ""17"": 25102.0, ""18"": 28274.0, ""19"": 34532.0, ""2"": 81.0, ""20"": 47249.0, ""21"": 53447.0, ""22"": 57287.0, ""23"": 60294.0, ""24"": 66266.0, ""25"": 71509.0, ""26"": 78454.0, ""27"": 85619.0, ""28"": 97923.0, ""3"": 134.0, ""4"": 94.0, ""5"": 393.0, ""6"": 654.0, ""7"": 111.0, ""8"": 1171.0, ""9"": 1617.0}","{""BUILD_PASTURE"": 12, ""CARE"": 232, ""COLLECT_FERTILIZER"": 269, ""DIG"": 16, ""DROP"": 81, ""EAST"": 883, ""FEED"": 260, ""HARVEST"": 199, ""NORTH"": 1311, ""PASS"": 1625, ""PICKUP"": 69, ""PLACE"": 12, ""PLANT"": 103, ""SOUTH"": 980, ""WATER"": 749, ""WEST"": 1109}","{""BUY_ANIMAL"": 8, ""BUY_LAND"": 2, ""BUY_PRODUCT"": 199, ""BUY_SEED"": 49, ""HIRE"": 318, ""SELL"": 182}","{""BUY_ANIMAL:COW"": 8, ""BUY_ANIMAL:SHEEP"": 4, ""BUY_PRODUCT:WHEAT"": 526, ""BUY_SEED:CARROT"": 15, ""BUY_SEED:MELON"": 20, ""BUY_SEED:STRAWBERRY"": 37, ""BUY_SEED:WHEAT"": 37, ""SELL:CARROT"": 33, ""SELL:FERTILIZER"": 269, ""SELL:MELON"": 114, ""SELL:MILK"": 195, ""SELL:STRAWBERRY"": 125, ""SELL:WHEAT"": 394, ""SELL:WOOL"": 107}",current,hamburger,{}
733,0,112804.0,167694.0,-54890.0,loss,DONE,DONE,1,719,0,0,0.619209,1.0938289,1.26092688,17.608958,3.226377584003785,0,0,[],"{""0"": 98.0, ""1"": 94.0, ""10"": 8257.0, ""11"": 13537.0, ""12"": 11303.0, ""13"": 15348.0, ""14"": 19508.0, ""15"": 23035.0, ""16"": 24955.0, ""17"": 28227.0, ""18"": 31246.0, ""19"": 37914.0, ""2"": 81.0, ""20"": 49581.0, ""21"": 55088.0, ""22"": 62418.0, ""23"": 68190.0, ""24"": 74174.0, ""25"": 80855.0, ""26"": 89684.0, ""27"": 95594.0, ""28"": 111143.0, ""3"": 134.0, ""4"": 94.0, ""5"": 393.0, ""6"": 655.0, ""7"": 111.0, ""8"": 1108.0, ""9"": 1459.0}","{""BUILD_PASTURE"": 12, ""CARE"": 245, ""COLLECT_FERTILIZER"": 270, ""DIG"": 13, ""DROP"": 73, ""EAST"": 866, ""FEED"": 256, ""HARVEST"": 199, ""NORTH"": 1336, ""PASS"": 1667, ""PICKUP"": 66, ""PLACE"": 12, ""PLANT"": 107, ""SOUTH"": 1001, ""WATER"": 748, ""WEST"": 1085}","{""BUY_ANIMAL"": 8, ""BUY_LAND"": 2, ""BUY_PRODUCT"": 191, ""BUY_SEED"": 49, ""HIRE"": 320, ""SELL"": 178}","{""BUY_ANIMAL:COW"": 5, ""BUY_ANIMAL:SHEEP"": 7, ""BUY_PRODUCT:WHEAT"": 521, ""BUY_SEED:CARROT"": 14, ""BUY_SEED:MELON"": 20, ""BUY_SEED:STRAWBERRY"": 37, ""BUY_SEED:WHEAT"": 39, ""SELL:CARROT"": 33, ""SELL:FERTILIZER"": 270, ""SELL:MELON"": 110, ""SELL:MILK"": 119, ""SELL:STRAWBERRY"": 124, ""SELL:WHEAT"": 400, ""SELL:WOOL"": 178}",current,hamburger,{}
733,1,113756.0,168119.0,-54363.0,loss,DONE,DONE,1,719,0,0,0.614208,1.0827663,1.2559600600000005,1.609,3.184597792002023,0,0,[],"{""0"": 98.0, ""1"": 94.0, ""10"": 8257.0, ""11"": 13537.0, ""12"": 11303.0, ""13"": 15348.0, ""14"": 19508.0, ""15"": 23035.0, ""16"": 25041.0, ""17"": 28182.0, ""18"": 31302.0, ""19"": 38007.0, ""2"": 81.0, ""20"": 50367.0, ""21"": 56037.0, ""22"": 64435.0, ""23"": 71933.0, ""24"": 74743.0, ""25"": 86165.0, ""26"": 90302.0, ""27"": 96582.0, ""28"": 112334.0, ""3"": 134.0, ""4"": 94.0, ""5"": 393.0, ""6"": 655.0, ""7"": 111.0, ""8"": 1108.0, ""9"": 1459.0}","{""BUILD_PASTURE"": 12, ""CARE"": 243, ""COLLECT_FERTILIZER"": 270, ""DIG"": 14, ""DROP"": 75, ""EAST"": 871, ""FEED"": 254, ""HARVEST"": 204, ""NORTH"": 1323, ""PASS"": 1672, ""PICKUP"": 67, ""PLACE"": 12, ""PLANT"": 110, ""SOUTH"": 981, ""WATER"": 738, ""WEST"": 1109}","{""BUY_ANIMAL"": 8, ""BUY_LAND"": 2, ""BUY_PRODUCT"": 197, ""BUY_SEED"": 49, ""HIRE"": 320, ""SELL"": 172}","{""BUY_ANIMAL:COW"": 5, ""BUY_ANIMAL:SHEEP"": 7, ""BUY_PRODUCT:WHEAT"": 515, ""BUY_SEED:CARROT"": 15, ""BUY_SEED:MELON"": 20, ""BUY_SEED:STRAWBERRY"": 37, ""BUY_SEED:WHEAT"": 40, ""SELL:CARROT"": 39, ""SELL:FERTILIZER"": 270, ""SELL:MELON"": 111, ""SELL:MILK"": 120, ""SELL:STRAWBERRY"": 124, ""SELL:WHEAT"": 396, ""SELL:WOOL"": 180}",current,hamburger,{}
17,0,95599.0,130730.0,-35131.0,loss,DONE,DONE,1,719,0,0,0.601917,1.1098164000000001,1.441827500000002,7.5335,3.1812792499986244,0,0,[],"{""0"": 98.0, ""1"": 94.0, ""10"": 9819.0, ""11"": 11602.0, ""12"": 11245.0, ""13"": 15026.0, ""14"": 16383.0, ""15"": 18357.0, ""16"": 21974.0, ""17"": 23320.0, ""18"": 24931.0, ""19"": 29237.0, ""2"": 82.0, ""20"": 44008.0, ""21"": 52114.0, ""22"": 55726.0, ""23"": 59879.0, ""24"": 64991.0, ""25"": 70990.0, ""26"": 80246.0, ""27"": 81780.0, ""28"": 92927.0, ""3"": 136.0, ""4"": 95.0, ""5"": 402.0, ""6"": 666.0, ""7"": 80.0, ""8"": 1002.0, ""9"": 1600.0}","{""BUILD_PASTURE"": 12, ""CARE"": 226, ""COLLECT_FERTILIZER"": 271, ""DIG"": 23, ""DROP"": 80, ""EAST"": 923, ""FEED"": 259, ""HARVEST"": 200, ""NORTH"": 1367, ""PASS"": 1532, ""PICKUP"": 67, ""PLACE"": 12, ""PLANT"": 101, ""SOUTH"": 969, ""WATER"": 725, ""WEST"": 1102}","{""BUY_ANIMAL"": 7, ""BUY_LAND"": 2, ""BUY_PRODUCT"": 194, ""BUY_SEED"": 48, ""HIRE"": 316, ""SELL"": 193}","{""BUY_ANIMAL:COW"": 9, ""BUY_ANIMAL:SHEEP"": 3, ""BUY_PRODUCT:WHEAT"": 523, ""BUY_SEED:CARROT"": 16, ""BUY_SEED:MELON"": 20, ""BUY_SEED:STRAWBERRY"": 37, ""BUY_SEED:WHEAT"": 32, ""SELL:CARROT"": 36, ""SELL:FERTILIZER"": 271, ""SELL:MELON"": 118, ""SELL:MILK"": 211, ""SELL:STRAWBERRY"": 125, ""SELL:WHEAT"": 375, ""SELL:WOOL"": 78}",current,frontier,{}
17,1,95786.0,138039.0,-42253.0,loss,DONE,DONE,1,719,0,0,0.588291,1.0929714000000001,1.2889594400000004,66.750125,3.15358883299632,0,0,[],"{""0"": 98.0, ""1"": 94.0, ""10"": 9598.0, ""11"": 11191.0, ""12"": 10907.0, ""13"": 14325.0, ""14"": 18003.0, ""15"": 19620.0, ""16"": 23070.0, ""17"": 25105.0, ""18"": 26288.0, ""19"": 34887.0, ""2"": 82.0, ""20"": 44238.0, ""21"": 45263.0, ""22"": 49395.0, ""23"": 62046.0, ""24"": 62918.0, ""25"": 73169.0, ""26"": 75344.0, ""27"": 80702.0, ""28"": 92987.0, ""3"": 136.0, ""4"": 95.0, ""5"": 402.0, ""6"": 672.0, ""7"": 109.0, ""8"": 589.0, ""9"": 1476.0}","{""BUILD_PASTURE"": 12, ""CARE"": 222, ""COLLECT_FERTILIZER"": 267, ""DIG"": 26, ""DROP"": 70, ""EAST"": 906, ""FEED"": 260, ""HARVEST"": 191, ""NORTH"": 1295, ""PASS"": 1570, ""PICKUP"": 73, ""PLACE"": 12, ""PLANT"": 99, ""SOUTH"": 944, ""WATER"": 721, ""WEST"": 1117}","{""BUY_ANIMAL"": 7, ""BUY_LAND"": 2, ""BUY_PRODUCT"": 196, ""BUY_SEED"": 51, ""HIRE"": 312, ""SELL"": 182}","{""BUY_ANIMAL:COW"": 7, ""BUY_ANIMAL:SHEEP"": 5, ""BUY_PRODUCT:WHEAT"": 526, ""BUY_SEED:CARROT"": 14, ""BUY_SEED:MELON"": 20, ""BUY_SEED:STRAWBERRY"": 37, ""BUY_SEED:WHEAT"": 36, ""SELL:CARROT"": 30, ""SELL:FERTILIZER"": 267, ""SELL:MELON"": 111, ""SELL:MILK"": 172, ""SELL:STRAWBERRY"": 120, ""SELL:WHEAT"": 380, ""SELL:WOOL"": 107}",current,frontier,{}
42,0,86956.0,138588.0,-51632.0,loss,DONE,DONE,1,719,0,0,0.59725,1.1147417000000002,1.30232262,1.66325,3.1184918340004515,0,0,[],"{""0"": 98.0, ""1"": 94.0, ""10"": 8227.0, ""11"": 9785.0, ""12"": 9490.0, ""13"": 13184.0, ""14"": 16431.0, ""15"": 17418.0, ""16"": 20252.0, ""17"": 21808.0, ""18"": 23730.0, ""19"": 27698.0, ""2"": 82.0, ""20"": 37606.0, ""21"": 38971.0, ""22"": 42849.0, ""23"": 50631.0, ""24"": 57368.0, ""25"": 62261.0, ""26"": 70134.0, ""27"": 72427.0, ""28"": 85239.0, ""3"": 136.0, ""4"": 95.0, ""5"": 402.0, ""6"": 665.0, ""7"": 100.0, ""8"": 662.0, ""9"": 885.0}","{""BUILD_PASTURE"": 12, ""CARE"": 208, ""COLLECT_FERTILIZER"": 272, ""DIG"": 26, ""DROP"": 78, ""EAST"": 824, ""FEED"": 253, ""HARVEST"": 184, ""NORTH"": 1346, ""PASS"": 1563, ""PICKUP"": 73, ""PLACE"": 12, ""PLANT"": 100, ""SOUTH"": 1012, ""WATER"": 726, ""WEST"": 1135}","{""BUY_ANIMAL"": 6, ""BUY_LAND"": 2, ""BUY_PRODUCT"": 199, ""BUY_SEED"": 53, ""HIRE"": 314, ""SELL"": 181}","{""BUY_ANIMAL:COW"": 6, ""BUY_ANIMAL:SHEEP"": 6, ""BUY_PRODUCT:WHEAT"": 516, ""BUY_SEED:CARROT"": 12, ""BUY_SEED:MELON"": 20, ""BUY_SEED:STRAWBERRY"": 37, ""BUY_SEED:WHEAT"": 36, ""SELL:CARROT"": 27, ""SELL:FERTILIZER"": 272, ""SELL:MELON"": 119, ""SELL:MILK"": 123, ""SELL:STRAWBERRY"": 122, ""SELL:WHEAT"": 379, ""SELL:WOOL"": 134}",current,frontier,{}
42,1,85845.0,133075.0,-47230.0,loss,DONE,DONE,1,719,0,0,0.606208,1.0758830000000004,1.305686240000001,66.175458,3.163110166999104,0,0,[],"{""0"": 98.0, ""1"": 94.0, ""10"": 8227.0, ""11"": 9785.0, ""12"": 9490.0, ""13"": 13184.0, ""14"": 16431.0, ""15"": 17418.0, ""16"": 20252.0, ""17"": 21808.0, ""18"": 23730.0, ""19"": 27698.0, ""2"": 82.0, ""20"": 37606.0, ""21"": 38971.0, ""22"": 42679.0, ""23"": 53059.0, ""24"": 58636.0, ""25"": 62886.0, ""26"": 68502.0, ""27"": 71694.0, ""28"": 84218.0, ""3"": 136.0, ""4"": 95.0, ""5"": 402.0, ""6"": 665.0, ""7"": 100.0, ""8"": 662.0, ""9"": 885.0}","{""BUILD_PASTURE"": 12, ""CARE"": 212, ""COLLECT_FERTILIZER"": 272, ""DIG"": 22, ""DROP"": 87, ""EAST"": 819, ""FEED"": 253, ""HARVEST"": 183, ""NORTH"": 1331, ""PASS"": 1567, ""PICKUP"": 74, ""PLACE"": 12, ""PLANT"": 99, ""SOUTH"": 1005, ""WATER"": 722, ""WEST"": 1132}","{""BUY_ANIMAL"": 6, ""BUY_LAND"": 2, ""BUY_PRODUCT"": 199, ""BUY_SEED"": 53, ""HIRE"": 313, ""SELL"": 184}","{""BUY_ANIMAL:COW"": 6, ""BUY_ANIMAL:SHEEP"": 6, ""BUY_PRODUCT:WHEAT"": 516, ""BUY_SEED:CARROT"": 12, ""BUY_SEED:MELON"": 20, ""BUY_SEED:STRAWBERRY"": 37, ""BUY_SEED:WHEAT"": 36, ""SELL:CARROT"": 24, ""SELL:FERTILIZER"": 272, ""SELL:MELON"": 119, ""SELL:MILK"": 124, ""SELL:STRAWBERRY"": 122, ""SELL:WHEAT"": 379, ""SELL:WOOL"": 137}",current,frontier,{}
2026,0,102225.0,132694.0,-30469.0,loss,DONE,DONE,1,719,0,0,0.608541,1.1054167000000001,1.2517481200000005,1.483834,3.132569125002192,0,0,[],"{""0"": 98.0, ""1"": 94.0, ""10"": 7498.0, ""11"": 10349.0, ""12"": 10081.0, ""13"": 13732.0, ""14"": 17943.0, ""15"": 21050.0, ""16"": 23238.0, ""17"": 25649.0, ""18"": 30677.0, ""19"": 34916.0, ""2"": 82.0, ""20"": 47977.0, ""21"": 51895.0, ""22"": 57951.0, ""23"": 64025.0, ""24"": 69205.0, ""25"": 73268.0, ""26"": 84566.0, ""27"": 89545.0, ""28"": 99675.0, ""3"": 136.0, ""4"": 97.0, ""5"": 398.0, ""6"": 662.0, ""7"": 85.0, ""8"": 558.0, ""9"": 1055.0}","{""BUILD_PASTURE"": 12, ""CARE"": 253, ""COLLECT_FERTILIZER"": 273, ""DIG"": 23, ""DROP"": 71, ""EAST"": 924, ""FEED"": 256, ""HARVEST"": 197, ""NORTH"": 1328, ""PASS"": 1575, ""PICKUP"": 70, ""PLACE"": 12, ""PLANT"": 103, ""SOUTH"": 924, ""WATER"": 741, ""WEST"": 1129}","{""BUY_ANIMAL"": 7, ""BUY_LAND"": 2, ""BUY_PRODUCT"": 200, ""BUY_SEED"": 50, ""HIRE"": 317, ""SELL"": 178}","{""BUY_ANIMAL:COW"": 2, ""BUY_ANIMAL:SHEEP"": 10, ""BUY_PRODUCT:WHEAT"": 517, ""BUY_SEED:CARROT"": 16, ""BUY_SEED:MELON"": 20, ""BUY_SEED:STRAWBERRY"": 37, ""BUY_SEED:WHEAT"": 37, ""SELL:CARROT"": 36, ""SELL:FERTILIZER"": 273, ""SELL:MELON"": 114, ""SELL:MILK"": 69, ""SELL:STRAWBERRY"": 125, ""SELL:WHEAT"": 380, ""SELL:WOOL"": 226}",current,frontier,{}
2026,1,100056.0,124324.0,-24268.0,loss,DONE,DONE,1,719,0,0,0.615583,1.0873461999999998,1.2679473800000012,1.627208,3.160517250005796,0,0,[],"{""0"": 98.0, ""1"": 94.0, ""10"": 7498.0, ""11"": 10349.0, ""12"": 10040.0, ""13"": 16459.0, ""14"": 17825.0, ""15"": 20871.0, ""16"": 22684.0, ""17"": 27321.0, ""18"": 30373.0, ""19"": 35706.0, ""2"": 82.0, ""20"": 49539.0, ""21"": 51455.0, ""22"": 58237.0, ""23"": 62081.0, ""24"": 68179.0, ""25"": 73147.0, ""26"": 82185.0, ""27"": 86906.0, ""28"": 97403.0, ""3"": 136.0, ""4"": 97.0, ""5"": 398.0, ""6"": 662.0, ""7"": 85.0, ""8"": 558.0, ""9"": 1055.0}","{""BUILD_PASTURE"": 12, ""CARE"": 252, ""COLLECT_FERTILIZER"": 270, ""DIG"": 21, ""DROP"": 71, ""EAST"": 895, ""FEED"": 260, ""HARVEST"": 194, ""NORTH"": 1321, ""PASS"": 1609, ""PICKUP"": 70, ""PLACE"": 12, ""PLANT"": 101, ""SOUTH"": 934, ""WATER"": 721, ""WEST"": 1106}","{""BUY_ANIMAL"": 7, ""BUY_LAND"": 2, ""BUY_PRODUCT"": 203, ""BUY_SEED"": 45, ""HIRE"": 315, ""SELL"": 175}","{""BUY_ANIMAL:COW"": 2, ""BUY_ANIMAL:SHEEP"": 10, ""BUY_PRODUCT:WHEAT"": 525, ""BUY_SEED:CARROT"": 14, ""BUY_SEED:MELON"": 20, ""BUY_SEED:STRAWBERRY"": 37, ""BUY_SEED:WHEAT"": 35, ""SELL:CARROT"": 32, ""SELL:FERTILIZER"": 270, ""SELL:MELON"": 112, ""SELL:MILK"": 69, ""SELL:STRAWBERRY"": 123, ""SELL:WHEAT"": 379, ""SELL:WOOL"": 232}",current,frontier,{}
217,0,94572.0,134254.0,-39682.0,loss,DONE,DONE,1,719,0,0,0.614916,1.1092542,1.26320806,1.578166,3.123840915999608,0,0,[],"{""0"": 98.0, ""1"": 94.0, ""10"": 8839.0, ""11"": 11259.0, ""12"": 10947.0, ""13"": 14797.0, ""14"": 17125.0, ""15"": 19019.0, ""16"": 21853.0, ""17"": 23591.0, ""18"": 25144.0, ""19"": 35004.0, ""2"": 82.0, ""20"": 44121.0, ""21"": 47916.0, ""22"": 53277.0, ""23"": 55657.0, ""24"": 60042.0, ""25"": 67258.0, ""26"": 74381.0, ""27"": 80961.0, ""28"": 91864.0, ""3"": 136.0, ""4"": 97.0, ""5"": 398.0, ""6"": 669.0, ""7"": 95.0, ""8"": 863.0, ""9"": 1372.0}","{""BUILD_PASTURE"": 12, ""CARE"": 223, ""COLLECT_FERTILIZER"": 275, ""DIG"": 14, ""DROP"": 81, ""EAST"": 878, ""FEED"": 259, ""HARVEST"": 192, ""NORTH"": 1298, ""PASS"": 1620, ""PICKUP"": 70, ""PLACE"": 12, ""PLANT"": 101, ""SOUTH"": 972, ""WATER"": 773, ""WEST"": 1108}","{""BUY_ANIMAL"": 7, ""BUY_LAND"": 2, ""BUY_PRODUCT"": 192, ""BUY_SEED"": 49, ""HIRE"": 317, ""SELL"": 194}","{""BUY_ANIMAL:COW"": 8, ""BUY_ANIMAL:SHEEP"": 4, ""BUY_PRODUCT:WHEAT"": 520, ""BUY_SEED:CARROT"": 14, ""BUY_SEED:MELON"": 20, ""BUY_SEED:STRAWBERRY"": 37, ""BUY_SEED:WHEAT"": 35, ""SELL:CARROT"": 30, ""SELL:FERTILIZER"": 275, ""SELL:MELON"": 116, ""SELL:MILK"": 191, ""SELL:STRAWBERRY"": 123, ""SELL:WHEAT"": 388, ""SELL:WOOL"": 93}",current,frontier,{}
217,1,97995.0,143148.0,-45153.0,loss,DONE,DONE,1,719,0,0,0.612167,1.1234164,1.3064000600000016,1.448542,3.1370202920006705,0,0,[],"{""0"": 98.0, ""1"": 94.0, ""10"": 8839.0, ""11"": 11259.0, ""12"": 10947.0, ""13"": 14797.0, ""14"": 17125.0, ""15"": 19077.0, ""16"": 22657.0, ""17"": 24053.0, ""18"": 26131.0, ""19"": 33741.0, ""2"": 82.0, ""20"": 43018.0, ""21"": 47706.0, ""22"": 53664.0, ""23"": 61886.0, ""24"": 64426.0, ""25"": 73895.0, ""26"": 79416.0, ""27"": 84333.0, ""28"": 95253.0, ""3"": 136.0, ""4"": 97.0, ""5"": 398.0, ""6"": 669.0, ""7"": 95.0, ""8"": 863.0, ""9"": 1372.0}","{""BUILD_PASTURE"": 12, ""CARE"": 235, ""COLLECT_FERTILIZER"": 275, ""DIG"": 18, ""DROP"": 84, ""EAST"": 850, ""FEED"": 257, ""HARVEST"": 195, ""NORTH"": 1339, ""PASS"": 1582, ""PICKUP"": 70, ""PLACE"": 12, ""PLANT"": 102, ""SOUTH"": 1018, ""WATER"": 745, ""WEST"": 1096}","{""BUY_ANIMAL"": 7, ""BUY_LAND"": 2, ""BUY_PRODUCT"": 195, ""BUY_SEED"": 51, ""HIRE"": 317, ""SELL"": 192}","{""BUY_ANIMAL:COW"": 8, ""BUY_ANIMAL:SHEEP"": 4, ""BUY_PRODUCT:WHEAT"": 521, ""BUY_SEED:CARROT"": 15, ""BUY_SEED:MELON"": 20, ""BUY_SEED:STRAWBERRY"": 37, ""BUY_SEED:WHEAT"": 35, ""SELL:CARROT"": 35, ""SELL:FERTILIZER"": 275, ""SELL:MELON"": 114, ""SELL:MILK"": 186, ""SELL:STRAWBERRY"": 123, ""SELL:WHEAT"": 384, ""SELL:WOOL"": 108}",current,frontier,{}
317,0,97041.0,151099.0,-54058.0,loss,DONE,DONE,1,719,0,0,0.617458,1.1246834,1.3317988200000037,55.5765,3.2071597079993808,0,0,[],"{""0"": 98.0, ""1"": 94.0, ""10"": 9832.0, ""11"": 11629.0, ""12"": 11280.0, ""13"": 15025.0, ""14"": 16388.0, ""15"": 18296.0, ""16"": 21726.0, ""17"": 24200.0, ""18"": 26191.0, ""19"": 30665.0, ""2"": 82.0, ""20"": 43683.0, ""21"": 47329.0, ""22"": 53045.0, ""23"": 56020.0, ""24"": 62057.0, ""25"": 67887.0, ""26"": 75357.0, ""27"": 85535.0, ""28"": 94525.0, ""3"": 136.0, ""4"": 97.0, ""5"": 398.0, ""6"": 662.0, ""7"": 88.0, ""8"": 1022.0, ""9"": 1606.0}","{""BUILD_PASTURE"": 12, ""CARE"": 210, ""COLLECT_FERTILIZER"": 272, ""DIG"": 20, ""DROP"": 78, ""EAST"": 908, ""FEED"": 259, ""HARVEST"": 191, ""NORTH"": 1349, ""PASS"": 1514, ""PICKUP"": 68, ""PLACE"": 12, ""PLANT"": 99, ""SOUTH"": 993, ""WATER"": 743, ""WEST"": 1141}","{""BUY_ANIMAL"": 7, ""BUY_LAND"": 2, ""BUY_PRODUCT"": 202, ""BUY_SEED"": 46, ""HIRE"": 316, ""SELL"": 188}","{""BUY_ANIMAL:COW"": 9, ""BUY_ANIMAL:SHEEP"": 3, ""BUY_PRODUCT:WHEAT"": 525, ""BUY_SEED:CARROT"": 14, ""BUY_SEED:MELON"": 20, ""BUY_SEED:STRAWBERRY"": 37, ""BUY_SEED:WHEAT"": 33, ""SELL:CARROT"": 30, ""SELL:FERTILIZER"": 272, ""SELL:MELON"": 114, ""SELL:MILK"": 197, ""SELL:STRAWBERRY"": 125, ""SELL:WHEAT"": 381, ""SELL:WOOL"": 83}",current,frontier,{}
317,1,96775.0,151087.0,-54312.0,loss,DONE,DONE,1,719,0,0,0.625875,1.0868667000000003,1.28417182,1.517833,3.1752415420050966,0,0,[],"{""0"": 98.0, ""1"": 94.0, ""10"": 9832.0, ""11"": 11629.0, ""12"": 11280.0, ""13"": 15025.0, ""14"": 16388.0, ""15"": 18296.0, ""16"": 21726.0, ""17"": 24200.0, ""18"": 26191.0, ""19"": 30665.0, ""2"": 82.0, ""20"": 43683.0, ""21"": 47329.0, ""22"": 53045.0, ""23"": 56020.0, ""24"": 62005.0, ""25"": 70427.0, ""26"": 75437.0, ""27"": 83161.0, ""28"": 94047.0, ""3"": 136.0, ""4"": 97.0, ""5"": 398.0, ""6"": 662.0, ""7"": 88.0, ""8"": 1022.0, ""9"": 1606.0}","{""BUILD_PASTURE"": 12, ""CARE"": 208, ""COLLECT_FERTILIZER"": 274, ""DIG"": 21, ""DROP"": 79, ""EAST"": 920, ""FEED"": 259, ""HARVEST"": 190, ""NORTH"": 1354, ""PASS"": 1513, ""PICKUP"": 68, ""PLACE"": 12, ""PLANT"": 98, ""SOUTH"": 981, ""WATER"": 747, ""WEST"": 1133}","{""BUY_ANIMAL"": 7, ""BUY_LAND"": 2, ""BUY_PRODUCT"": 201, ""BUY_SEED"": 46, ""HIRE"": 316, ""SELL"": 182}","{""BUY_ANIMAL:COW"": 9, ""BUY_ANIMAL:SHEEP"": 3, ""BUY_PRODUCT:WHEAT"": 526, ""BUY_SEED:CARROT"": 14, ""BUY_SEED:MELON"": 20, ""BUY_SEED:STRAWBERRY"": 37, ""BUY_SEED:WHEAT"": 33, ""SELL:CARROT"": 30, ""SELL:FERTILIZER"": 274, ""SELL:MELON"": 114, ""SELL:MILK"": 197, ""SELL:STRAWBERRY"": 125, ""SELL:WHEAT"": 380, ""SELL:WOOL"": 82}",current,frontier,{}
733,0,108254.0,158428.0,-50174.0,loss,DONE,DONE,1,719,0,0,0.623375,1.1107631,1.29966556,54.130583,3.175325791002251,0,0,[],"{""0"": 98.0, ""1"": 94.0, ""10"": 9423.0, ""11"": 13902.0, ""12"": 11374.0, ""13"": 14886.0, ""14"": 19128.0, ""15"": 21709.0, ""16"": 22863.0, ""17"": 26226.0, ""18"": 31928.0, ""19"": 37524.0, ""2"": 82.0, ""20"": 48168.0, ""21"": 59207.0, ""22"": 62639.0, ""23"": 69372.0, ""24"": 70917.0, ""25"": 84008.0, ""26"": 88862.0, ""27"": 96200.0, ""28"": 107093.0, ""3"": 136.0, ""4"": 97.0, ""5"": 398.0, ""6"": 663.0, ""7"": 93.0, ""8"": 561.0, ""9"": 1761.0}","{""BUILD_PASTURE"": 12, ""CARE"": 244, ""COLLECT_FERTILIZER"": 268, ""DIG"": 18, ""DROP"": 87, ""EAST"": 932, ""FEED"": 252, ""HARVEST"": 191, ""NORTH"": 1319, ""PASS"": 1614, ""PICKUP"": 68, ""PLACE"": 12, ""PLANT"": 102, ""SOUTH"": 943, ""WATER"": 708, ""WEST"": 1136}","{""BUY_ANIMAL"": 7, ""BUY_LAND"": 2, ""BUY_PRODUCT"": 198, ""BUY_SEED"": 47, ""HIRE"": 318, ""SELL"": 179}","{""BUY_ANIMAL:COW"": 3, ""BUY_ANIMAL:SHEEP"": 9, ""BUY_PRODUCT:WHEAT"": 522, ""BUY_SEED:CARROT"": 13, ""BUY_SEED:MELON"": 20, ""BUY_SEED:STRAWBERRY"": 37, ""BUY_SEED:WHEAT"": 35, ""SELL:CARROT"": 33, ""SELL:FERTILIZER"": 268, ""SELL:MELON"": 113, ""SELL:MILK"": 94, ""SELL:STRAWBERRY"": 124, ""SELL:WHEAT"": 386, ""SELL:WOOL"": 194}",current,frontier,{}
733,1,105127.0,151540.0,-46413.0,loss,DONE,DONE,1,719,0,0,0.612292,1.0938959000000001,1.25206562,1.693375,3.1279472920068656,0,0,[],"{""0"": 98.0, ""1"": 94.0, ""10"": 9423.0, ""11"": 13902.0, ""12"": 11374.0, ""13"": 14886.0, ""14"": 19128.0, ""15"": 21707.0, ""16"": 22864.0, ""17"": 26152.0, ""18"": 31087.0, ""19"": 38586.0, ""2"": 82.0, ""20"": 45288.0, ""21"": 51735.0, ""22"": 59289.0, ""23"": 65716.0, ""24"": 71464.0, ""25"": 85773.0, ""26"": 87829.0, ""27"": 93975.0, ""28"": 104234.0, ""3"": 136.0, ""4"": 97.0, ""5"": 398.0, ""6"": 663.0, ""7"": 93.0, ""8"": 561.0, ""9"": 1761.0}","{""BUILD_PASTURE"": 12, ""CARE"": 243, ""COLLECT_FERTILIZER"": 269, ""DIG"": 15, ""DROP"": 84, ""EAST"": 871, ""FEED"": 253, ""HARVEST"": 190, ""NORTH"": 1288, ""PASS"": 1682, ""PICKUP"": 68, ""PLACE"": 12, ""PLANT"": 102, ""SOUTH"": 950, ""WATER"": 749, ""WEST"": 1095}","{""BUY_ANIMAL"": 7, ""BUY_LAND"": 2, ""BUY_PRODUCT"": 199, ""BUY_SEED"": 49, ""HIRE"": 317, ""SELL"": 178}","{""BUY_ANIMAL:COW"": 3, ""BUY_ANIMAL:SHEEP"": 9, ""BUY_PRODUCT:WHEAT"": 529, ""BUY_SEED:CARROT"": 14, ""BUY_SEED:MELON"": 20, ""BUY_SEED:STRAWBERRY"": 37, ""BUY_SEED:WHEAT"": 36, ""SELL:CARROT"": 33, ""SELL:FERTILIZER"": 269, ""SELL:MELON"": 111, ""SELL:MILK"": 92, ""SELL:STRAWBERRY"": 124, ""SELL:WHEAT"": 399, ""SELL:WOOL"": 194}",current,frontier,{}
17,0,139287.0,3484.0,135803.0,win,DONE,DONE,1,719,0,0,0.632375,1.1154369000000002,1.2873015000000014,32.626334,2.231692542001838,0,0,[],"{""0"": 98.0, ""1"": 87.0, ""10"": 10293.0, ""11"": 12820.0, ""12"": 12500.0, ""13"": 17785.0, ""14"": 18090.0, ""15"": 19803.0, ""16"": 28532.0, ""17"": 31246.0, ""18"": 35501.0, ""19"": 43276.0, ""2"": 91.0, ""20"": 60717.0, ""21"": 76210.0, ""22"": 80627.0, ""23"": 86213.0, ""24"": 92959.0, ""25"": 106456.0, ""26"": 108798.0, ""27"": 122023.0, ""28"": 135380.0, ""3"": 107.0, ""4"": 110.0, ""5"": 256.0, ""6"": 737.0, ""7"": 226.0, ""8"": 516.0, ""9"": 1705.0}","{""BUILD_PASTURE"": 12, ""CARE"": 236, ""COLLECT_FERTILIZER"": 273, ""DIG"": 17, ""DROP"": 86, ""EAST"": 943, ""FEED"": 260, ""HARVEST"": 203, ""NORTH"": 1323, ""PASS"": 1661, ""PICKUP"": 69, ""PLACE"": 12, ""PLANT"": 103, ""SOUTH"": 908, ""WATER"": 740, ""WEST"": 1141}","{""BUY_ANIMAL"": 7, ""BUY_LAND"": 2, ""BUY_PRODUCT"": 197, ""BUY_SEED"": 51, ""HIRE"": 321, ""SELL"": 190}","{""BUY_ANIMAL:COW"": 9, ""BUY_ANIMAL:SHEEP"": 3, ""BUY_PRODUCT:WHEAT"": 537, ""BUY_SEED:CARROT"": 13, ""BUY_SEED:MELON"": 20, ""BUY_SEED:STRAWBERRY"": 37, ""BUY_SEED:WHEAT"": 35, ""SELL:CARROT"": 36, ""SELL:FERTILIZER"": 273, ""SELL:MELON"": 120, ""SELL:MILK"": 224, ""SELL:STRAWBERRY"": 125, ""SELL:WHEAT"": 397, ""SELL:WOOL"": 81}",v009a_market_memory,starter,"{""extra_sells"": 0, ""last_step"": 718, ""previous_inventory"": {""MELON"": 9980, ""MILK"": 9706, ""STRAWBERRY"": 9607, ""WOOL"": 9869}, ""previous_prices"": {""MELON"": 277.0, ""MILK"": 309.0, ""STRAWBERRY"": 287.0, ""WOOL"": 242.0}, ""reduced_sells"": 14, ""regimes"": {""MELON"": ""TIGHT"", ""MILK"": ""TIGHT"", ""STRAWBERRY"": ""TIGHT"", ""WOOL"": ""TIGHT""}, ""reordered_sells"": 10}"
17,1,138229.0,3499.0,134730.0,win,DONE,DONE,1,719,0,0,0.629958,1.1138044000000005,1.3420124400000037,1.436375,2.20687216600345,0,0,[],"{""0"": 98.0, ""1"": 87.0, ""10"": 10272.0, ""11"": 13228.0, ""12"": 13076.0, ""13"": 18237.0, ""14"": 21217.0, ""15"": 22884.0, ""16"": 27855.0, ""17"": 32786.0, ""18"": 35237.0, ""19"": 45509.0, ""2"": 91.0, ""20"": 61121.0, ""21"": 71970.0, ""22"": 80631.0, ""23"": 86446.0, ""24"": 90300.0, ""25"": 93860.0, ""26"": 104170.0, ""27"": 119104.0, ""28"": 133033.0, ""3"": 107.0, ""4"": 81.0, ""5"": 255.0, ""6"": 731.0, ""7"": 163.0, ""8"": 504.0, ""9"": 1913.0}","{""BUILD_PASTURE"": 12, ""CARE"": 239, ""COLLECT_FERTILIZER"": 271, ""DIG"": 15, ""DROP"": 88, ""EAST"": 952, ""FEED"": 259, ""HARVEST"": 212, ""NORTH"": 1357, ""PASS"": 1600, ""PICKUP"": 66, ""PLACE"": 12, ""PLANT"": 108, ""SOUTH"": 949, ""WATER"": 744, ""WEST"": 1121}","{""BUY_ANIMAL"": 7, ""BUY_LAND"": 2, ""BUY_PRODUCT"": 216, ""BUY_SEED"": 59, ""HIRE"": 322, ""SELL"": 194}","{""BUY_ANIMAL:COW"": 7, ""BUY_ANIMAL:SHEEP"": 5, ""BUY_PRODUCT:WHEAT"": 551, ""BUY_SEED:CARROT"": 13, ""BUY_SEED:MELON"": 20, ""BUY_SEED:STRAWBERRY"": 37, ""BUY_SEED:WHEAT"": 38, ""SELL:CARROT"": 39, ""SELL:FERTILIZER"": 271, ""SELL:MELON"": 119, ""SELL:MILK"": 177, ""SELL:STRAWBERRY"": 128, ""SELL:WHEAT"": 420, ""SELL:WOOL"": 130}",v009a_market_memory,starter,"{""extra_sells"": 0, ""last_step"": 718, ""previous_inventory"": {""MELON"": 9979, ""MILK"": 9749, ""STRAWBERRY"": 9610, ""WOOL"": 9666}, ""previous_prices"": {""MELON"": 277.0, ""MILK"": 298.0, ""STRAWBERRY"": 286.0, ""WOOL"": 250.0}, ""reduced_sells"": 4, ""regimes"": {""MELON"": ""TIGHT"", ""MILK"": ""TIGHT"", ""STRAWBERRY"": ""TIGHT"", ""WOOL"": ""TIGHT""}, ""reordered_sells"": 9}"
42,0,139433.0,3495.0,135938.0,win,DONE,DONE,1,719,0,0,0.626459,1.1329622,1.3141204400000024,1.521,2.214226124997367,0,0,[],"{""0"": 98.0, ""1"": 87.0, ""10"": 8215.0, ""11"": 13125.0, ""12"": 15419.0, ""13"": 18167.0, ""14"": 18633.0, ""15"": 20532.0, ""16"": 28678.0, ""17"": 31673.0, ""18"": 33402.0, ""19"": 43859.0, ""2"": 91.0, ""20"": 61210.0, ""21"": 79251.0, ""22"": 81178.0, ""23"": 85424.0, ""24"": 93345.0, ""25"": 107882.0, ""26"": 110661.0, ""27"": 121643.0, ""28"": 135361.0, ""3"": 107.0, ""4"": 110.0, ""5"": 256.0, ""6"": 739.0, ""7"": 127.0, ""8"": 1892.0, ""9"": 1826.0}","{""BUILD_PASTURE"": 12, ""CARE"": 240, ""COLLECT_FERTILIZER"": 272, ""DIG"": 25, ""DROP"": 91, ""EAST"": 921, ""FEED"": 264, ""HARVEST"": 201, ""NORTH"": 1301, ""PASS"": 1636, ""PICKUP"": 65, ""PLACE"": 12, ""PLANT"": 101, ""SOUTH"": 1004, ""WATER"": 728, ""WEST"": 1096}","{""BUY_ANIMAL"": 6, ""BUY_LAND"": 2, ""BUY_PRODUCT"": 198, ""BUY_SEED"": 48, ""HIRE"": 320, ""SELL"": 182}","{""BUY_ANIMAL:COW"": 10, ""BUY_ANIMAL:SHEEP"": 2, ""BUY_PRODUCT:WHEAT"": 530, ""BUY_SEED:CARROT"": 11, ""BUY_SEED:MELON"": 20, ""BUY_SEED:STRAWBERRY"": 37, ""BUY_SEED:WHEAT"": 37, ""SELL:CARROT"": 27, ""SELL:FERTILIZER"": 272, ""SELL:MELON"": 119, ""SELL:MILK"": 246, ""SELL:STRAWBERRY"": 121, ""SELL:WHEAT"": 389, ""SELL:WOOL"": 68}",v009a_market_memory,starter,"{""extra_sells"": 0, ""last_step"": 718, ""previous_inventory"": {""MELON"": 9979, ""MILK"": 9764, ""STRAWBERRY"": 9585, ""WOOL"": 9748}, ""previous_prices"": {""MELON"": 277.0, ""MILK"": 294.0, ""STRAWBERRY"": 291.0, ""WOOL"": 247.0}, ""reduced_sells"": 6, ""regimes"": {""MELON"": ""TIGHT"", ""MILK"": ""TIGHT"", ""STRAWBERRY"": ""TIGHT"", ""WOOL"": ""TIGHT""}, ""reordered_sells"": 7}"
42,1,140738.0,3497.0,137241.0,win,DONE,DONE,1,719,0,0,0.625,1.1283792,1.3217286200000018,52.995166,2.233803709001222,0,0,[],"{""0"": 98.0, ""1"": 87.0, ""10"": 8298.0, ""11"": 13105.0, ""12"": 12816.0, ""13"": 18291.0, ""14"": 18594.0, ""15"": 20450.0, ""16"": 25606.0, ""17"": 30256.0, ""18"": 34349.0, ""19"": 46117.0, ""2"": 91.0, ""20"": 62538.0, ""21"": 78254.0, ""22"": 84490.0, ""23"": 86343.0, ""24"": 92825.0, ""25"": 103379.0, ""26"": 112693.0, ""27"": 122642.0, ""28"": 136963.0, ""3"": 107.0, ""4"": 110.0, ""5"": 256.0, ""6"": 739.0, ""7"": 222.0, ""8"": 1794.0, ""9"": 1857.0}","{""BUILD_PASTURE"": 12, ""CARE"": 236, ""COLLECT_FERTILIZER"": 274, ""DIG"": 19, ""DROP"": 88, ""EAST"": 908, ""FEED"": 261, ""HARVEST"": 200, ""NORTH"": 1344, ""PASS"": 1680, ""PICKUP"": 65, ""PLACE"": 12, ""PLANT"": 98, ""SOUTH"": 952, ""WATER"": 745, ""WEST"": 1073}","{""BUY_ANIMAL"": 6, ""BUY_LAND"": 2, ""BUY_PRODUCT"": 214, ""BUY_SEED"": 42, ""HIRE"": 320, ""SELL"": 185}","{""BUY_ANIMAL:COW"": 10, ""BUY_ANIMAL:SHEEP"": 2, ""BUY_PRODUCT:WHEAT"": 538, ""BUY_SEED:CARROT"": 12, ""BUY_SEED:MELON"": 20, ""BUY_SEED:STRAWBERRY"": 37, ""BUY_SEED:WHEAT"": 32, ""SELL:CARROT"": 27, ""SELL:FERTILIZER"": 274, ""SELL:MELON"": 119, ""SELL:MILK"": 239, ""SELL:STRAWBERRY"": 124, ""SELL:WHEAT"": 391, ""SELL:WOOL"": 64}",v009a_market_memory,starter,"{""extra_sells"": 0, ""last_step"": 718, ""previous_inventory"": {""MELON"": 9979, ""MILK"": 9775, ""STRAWBERRY"": 9462, ""WOOL"": 9708}, ""previous_prices"": {""MELON"": 277.0, ""MILK"": 290.0, ""STRAWBERRY"": 315.0, ""WOOL"": 249.0}, ""reduced_sells"": 3, ""regimes"": {""MELON"": ""TIGHT"", ""MILK"": ""TIGHT"", ""STRAWBERRY"": ""TIGHT"", ""WOOL"": ""TIGHT""}, ""reordered_sells"": 10}"
2026,0,136268.0,3493.0,132775.0,win,DONE,DONE,1,719,0,0,0.637458,1.1087589,1.2746450600000008,1.478625,2.2129278749998775,0,0,[],"{""0"": 98.0, ""1"": 87.0, ""10"": 10761.0, ""11"": 12261.0, ""12"": 12339.0, ""13"": 17249.0, ""14"": 20508.0, ""15"": 23425.0, ""16"": 26801.0, ""17"": 31634.0, ""18"": 34780.0, ""19"": 45856.0, ""2"": 91.0, ""20"": 61046.0, ""21"": 70844.0, ""22"": 79342.0, ""23"": 85420.0, ""24"": 87992.0, ""25"": 98273.0, ""26"": 108973.0, ""27"": 116535.0, ""28"": 131354.0, ""3"": 107.0, ""4"": 81.0, ""5"": 255.0, ""6"": 731.0, ""7"": 104.0, ""8"": 263.0, ""9"": 1396.0}","{""BUILD_PASTURE"": 12, ""CARE"": 242, ""COLLECT_FERTILIZER"": 267, ""DIG"": 17, ""DROP"": 88, ""EAST"": 900, ""FEED"": 263, ""HARVEST"": 202, ""NORTH"": 1334, ""PASS"": 1661, ""PICKUP"": 69, ""PLACE"": 12, ""PLANT"": 107, ""SOUTH"": 1015, ""WATER"": 753, ""WEST"": 1128}","{""BUY_ANIMAL"": 7, ""BUY_LAND"": 2, ""BUY_PRODUCT"": 206, ""BUY_SEED"": 56, ""HIRE"": 325, ""SELL"": 200}","{""BUY_ANIMAL:COW"": 5, ""BUY_ANIMAL:SHEEP"": 7, ""BUY_PRODUCT:WHEAT"": 537, ""BUY_SEED:CARROT"": 12, ""BUY_SEED:MELON"": 20, ""BUY_SEED:STRAWBERRY"": 37, ""BUY_SEED:WHEAT"": 41, ""SELL:CARROT"": 30, ""SELL:FERTILIZER"": 267, ""SELL:MELON"": 119, ""SELL:MILK"": 131, ""SELL:STRAWBERRY"": 127, ""SELL:WHEAT"": 407, ""SELL:WOOL"": 178}",v009a_market_memory,starter,"{""extra_sells"": 0, ""last_step"": 718, ""previous_inventory"": {""MELON"": 9979, ""MILK"": 9757, ""STRAWBERRY"": 9537, ""WOOL"": 9714}, ""previous_prices"": {""MELON"": 277.0, ""MILK"": 295.0, ""STRAWBERRY"": 301.0, ""WOOL"": 249.0}, ""reduced_sells"": 9, ""regimes"": {""MELON"": ""TIGHT"", ""MILK"": ""TIGHT"", ""STRAWBERRY"": ""TIGHT"", ""WOOL"": ""TIGHT""}, ""reordered_sells"": 8}"
2026,1,135325.0,3493.0,131832.0,win,DONE,DONE,1,719,0,0,0.625375,1.1076631,1.3370405000000019,1.575834,2.196342041999742,0,0,[],"{""0"": 98.0, ""1"": 87.0, ""10"": 10761.0, ""11"": 12261.0, ""12"": 12339.0, ""13"": 17249.0, ""14"": 20468.0, ""15"": 23384.0, ""16"": 26853.0, ""17"": 31603.0, ""18"": 33356.0, ""19"": 40289.0, ""2"": 91.0, ""20"": 58512.0, ""21"": 66501.0, ""22"": 76326.0, ""23"": 82272.0, ""24"": 86940.0, ""25"": 95440.0, ""26"": 105159.0, ""27"": 116154.0, ""28"": 131413.0, ""3"": 107.0, ""4"": 81.0, ""5"": 255.0, ""6"": 731.0, ""7"": 104.0, ""8"": 263.0, ""9"": 1396.0}","{""BUILD_PASTURE"": 12, ""CARE"": 245, ""COLLECT_FERTILIZER"": 273, ""DIG"": 17, ""DROP"": 79, ""EAST"": 903, ""FEED"": 260, ""HARVEST"": 201, ""NORTH"": 1300, ""PASS"": 1670, ""PICKUP"": 69, ""PLACE"": 12, ""PLANT"": 106, ""SOUTH"": 995, ""WATER"": 759, ""WEST"": 1120}","{""BUY_ANIMAL"": 7, ""BUY_LAND"": 2, ""BUY_PRODUCT"": 200, ""BUY_SEED"": 56, ""HIRE"": 323, ""SELL"": 195}","{""BUY_ANIMAL:COW"": 5, ""BUY_ANIMAL:SHEEP"": 7, ""BUY_PRODUCT:WHEAT"": 523, ""BUY_SEED:CARROT"": 13, ""BUY_SEED:MELON"": 20, ""BUY_SEED:STRAWBERRY"": 37, ""BUY_SEED:WHEAT"": 39, ""SELL:CARROT"": 33, ""SELL:FERTILIZER"": 273, ""SELL:MELON"": 119, ""SELL:MILK"": 126, ""SELL:STRAWBERRY"": 127, ""SELL:WHEAT"": 393, ""SELL:WOOL"": 176}",v009a_market_memory,starter,"{""extra_sells"": 0, ""last_step"": 718, ""previous_inventory"": {""MELON"": 9979, ""MILK"": 9752, ""STRAWBERRY"": 9537, ""WOOL"": 9712}, ""previous_prices"": {""MELON"": 277.0, ""MILK"": 297.0, ""STRAWBERRY"": 301.0, ""WOOL"": 249.0}, ""reduced_sells"": 12, ""regimes"": {""MELON"": ""TIGHT"", ""MILK"": ""TIGHT"", ""STRAWBERRY"": ""TIGHT"", ""WOOL"": ""TIGHT""}, ""reordered_sells"": 10}"
217,0,134634.0,3497.0,131137.0,win,DONE,DONE,1,719,0,0,0.623959,1.1177538999999999,1.2635356200000003,1.553417,2.2248512920050416,0,0,[],"{""0"": 98.0, ""1"": 87.0, ""10"": 9671.0, ""11"": 12900.0, ""12"": 12649.0, ""13"": 18015.0, ""14"": 18361.0, ""15"": 20122.0, ""16"": 25464.0, ""17"": 30910.0, ""18"": 37189.0, ""19"": 44154.0, ""2"": 91.0, ""20"": 57624.0, ""21"": 76954.0, ""22"": 78889.0, ""23"": 83793.0, ""24"": 92807.0, ""25"": 101721.0, ""26"": 107163.0, ""27"": 117946.0, ""28"": 130972.0, ""3"": 107.0, ""4"": 110.0, ""5"": 256.0, ""6"": 739.0, ""7"": 222.0, ""8"": 1794.0, ""9"": 1846.0}","{""BUILD_PASTURE"": 12, ""CARE"": 245, ""COLLECT_FERTILIZER"": 274, ""DIG"": 22, ""DROP"": 82, ""EAST"": 897, ""FEED"": 262, ""HARVEST"": 198, ""NORTH"": 1318, ""PASS"": 1647, ""PICKUP"": 66, ""PLACE"": 12, ""PLANT"": 99, ""SOUTH"": 944, ""WATER"": 749, ""WEST"": 1116}","{""BUY_ANIMAL"": 7, ""BUY_LAND"": 2, ""BUY_PRODUCT"": 207, ""BUY_SEED"": 49, ""HIRE"": 319, ""SELL"": 189}","{""BUY_ANIMAL:COW"": 9, ""BUY_ANIMAL:SHEEP"": 3, ""BUY_PRODUCT:WHEAT"": 540, ""BUY_SEED:CARROT"": 12, ""BUY_SEED:MELON"": 20, ""BUY_SEED:STRAWBERRY"": 37, ""BUY_SEED:WHEAT"": 38, ""SELL:CARROT"": 27, ""SELL:FERTILIZER"": 274, ""SELL:MELON"": 120, ""SELL:MILK"": 231, ""SELL:STRAWBERRY"": 121, ""SELL:WHEAT"": 402, ""SELL:WOOL"": 78}",v009a_market_memory,starter,"{""extra_sells"": 0, ""last_step"": 718, ""previous_inventory"": {""MELON"": 9980, ""MILK"": 9749, ""STRAWBERRY"": 9675, ""WOOL"": 9830}, ""previous_prices"": {""MELON"": 277.0, ""MILK"": 298.0, ""STRAWBERRY"": 271.0, ""WOOL"": 244.0}, ""reduced_sells"": 27, ""regimes"": {""MELON"": ""TIGHT"", ""MILK"": ""TIGHT"", ""STRAWBERRY"": ""TIGHT"", ""WOOL"": ""TIGHT""}, ""reordered_sells"": 10}"
217,1,140572.0,3477.0,137095.0,win,DONE,DONE,1,719,0,0,0.636458,1.1108172000000003,1.3250139400000018,1.468166,2.2323507920009433,0,0,[],"{""0"": 98.0, ""1"": 87.0, ""10"": 10492.0, ""11"": 13015.0, ""12"": 15683.0, ""13"": 18265.0, ""14"": 18586.0, ""15"": 24558.0, ""16"": 25807.0, ""17"": 31509.0, ""18"": 38645.0, ""19"": 43574.0, ""2"": 91.0, ""20"": 63105.0, ""21"": 76821.0, ""22"": 81592.0, ""23"": 86388.0, ""24"": 96621.0, ""25"": 102451.0, ""26"": 110608.0, ""27"": 122181.0, ""28"": 135634.0, ""3"": 107.0, ""4"": 81.0, ""5"": 255.0, ""6"": 731.0, ""7"": 138.0, ""8"": 664.0, ""9"": 1960.0}","{""BUILD_PASTURE"": 12, ""CARE"": 242, ""COLLECT_FERTILIZER"": 272, ""DIG"": 24, ""DROP"": 92, ""EAST"": 945, ""FEED"": 260, ""HARVEST"": 198, ""NORTH"": 1345, ""PASS"": 1590, ""PICKUP"": 66, ""PLACE"": 12, ""PLANT"": 101, ""SOUTH"": 990, ""WATER"": 731, ""WEST"": 1128}","{""BUY_ANIMAL"": 6, ""BUY_LAND"": 2, ""BUY_PRODUCT"": 216, ""BUY_SEED"": 46, ""HIRE"": 322, ""SELL"": 200}","{""BUY_ANIMAL:COW"": 8, ""BUY_ANIMAL:SHEEP"": 4, ""BUY_PRODUCT:WHEAT"": 532, ""BUY_SEED:CARROT"": 11, ""BUY_SEED:MELON"": 20, ""BUY_SEED:STRAWBERRY"": 37, ""BUY_SEED:WHEAT"": 36, ""SELL:CARROT"": 30, ""SELL:FERTILIZER"": 272, ""SELL:MELON"": 119, ""SELL:MILK"": 208, ""SELL:STRAWBERRY"": 122, ""SELL:WHEAT"": 389, ""SELL:WOOL"": 96}",v009a_market_memory,starter,"{""extra_sells"": 0, ""last_step"": 718, ""previous_inventory"": {""MELON"": 9979, ""MILK"": 9672, ""STRAWBERRY"": 9586, ""WOOL"": 9704}, ""previous_prices"": {""MELON"": 277.0, ""MILK"": 317.0, ""STRAWBERRY"": 291.0, ""WOOL"": 249.0}, ""reduced_sells"": 10, ""regimes"": {""MELON"": ""TIGHT"", ""MILK"": ""TIGHT"", ""STRAWBERRY"": ""TIGHT"", ""WOOL"": ""TIGHT""}, ""reordered_sells"": 12}"
317,0,132057.0,3475.0,128582.0,win,DONE,DONE,1,719,0,0,0.601458,1.1192667,1.326127440000002,1.395459,2.1627193329986767,0,0,[],"{""0"": 98.0, ""1"": 87.0, ""10"": 9757.0, ""11"": 12786.0, ""12"": 12535.0, ""13"": 17995.0, ""14"": 18341.0, ""15"": 19897.0, ""16"": 25517.0, ""17"": 30944.0, ""18"": 38996.0, ""19"": 43932.0, ""2"": 91.0, ""20"": 59046.0, ""21"": 74698.0, ""22"": 78968.0, ""23"": 81089.0, ""24"": 91357.0, ""25"": 97203.0, ""26"": 108771.0, ""27"": 115132.0, ""28"": 128705.0, ""3"": 107.0, ""4"": 110.0, ""5"": 256.0, ""6"": 739.0, ""7"": 222.0, ""8"": 1794.0, ""9"": 1846.0}","{""BUILD_PASTURE"": 12, ""CARE"": 248, ""COLLECT_FERTILIZER"": 274, ""DIG"": 28, ""DROP"": 75, ""EAST"": 911, ""FEED"": 258, ""HARVEST"": 195, ""NORTH"": 1271, ""PASS"": 1705, ""PICKUP"": 65, ""PLACE"": 12, ""PLANT"": 99, ""SOUTH"": 917, ""WATER"": 755, ""WEST"": 1098}","{""BUY_ANIMAL"": 7, ""BUY_LAND"": 2, ""BUY_PRODUCT"": 205, ""BUY_SEED"": 44, ""HIRE"": 318, ""SELL"": 178}","{""BUY_ANIMAL:COW"": 7, ""BUY_ANIMAL:SHEEP"": 5, ""BUY_PRODUCT:WHEAT"": 533, ""BUY_SEED:CARROT"": 12, ""BUY_SEED:MELON"": 20, ""BUY_SEED:STRAWBERRY"": 37, ""BUY_SEED:WHEAT"": 35, ""SELL:CARROT"": 30, ""SELL:FERTILIZER"": 274, ""SELL:MELON"": 120, ""SELL:MILK"": 187, ""SELL:STRAWBERRY"": 121, ""SELL:WHEAT"": 395, ""SELL:WOOL"": 114}",v009a_market_memory,starter,"{""extra_sells"": 0, ""last_step"": 718, ""previous_inventory"": {""MELON"": 9980, ""MILK"": 9723, ""STRAWBERRY"": 9675, ""WOOL"": 9722}, ""previous_prices"": {""MELON"": 277.0, ""MILK"": 305.0, ""STRAWBERRY"": 271.0, ""WOOL"": 248.0}, ""reduced_sells"": 23, ""regimes"": {""MELON"": ""TIGHT"", ""MILK"": ""TIGHT"", ""STRAWBERRY"": ""TIGHT"", ""WOOL"": ""TIGHT""}, ""reordered_sells"": 8}"
317,1,132155.0,3475.0,128680.0,win,DONE,DONE,1,719,0,0,0.6085,1.1292914000000003,1.34413438,28.754708,2.2551833339966834,0,0,[],"{""0"": 98.0, ""1"": 87.0, ""10"": 9757.0, ""11"": 12786.0, ""12"": 12535.0, ""13"": 17995.0, ""14"": 18341.0, ""15"": 19897.0, ""16"": 25517.0, ""17"": 30944.0, ""18"": 38996.0, ""19"": 43932.0, ""2"": 91.0, ""20"": 59046.0, ""21"": 74698.0, ""22"": 78968.0, ""23"": 81089.0, ""24"": 91357.0, ""25"": 97203.0, ""26"": 107786.0, ""27"": 115220.0, ""28"": 128755.0, ""3"": 107.0, ""4"": 110.0, ""5"": 256.0, ""6"": 739.0, ""7"": 222.0, ""8"": 1794.0, ""9"": 1846.0}","{""BUILD_PASTURE"": 12, ""CARE"": 250, ""COLLECT_FERTILIZER"": 274, ""DIG"": 29, ""DROP"": 76, ""EAST"": 921, ""FEED"": 258, ""HARVEST"": 195, ""NORTH"": 1283, ""PASS"": 1656, ""PICKUP"": 65, ""PLACE"": 12, ""PLANT"": 100, ""SOUTH"": 932, ""WATER"": 759, ""WEST"": 1101}","{""BUY_ANIMAL"": 7, ""BUY_LAND"": 2, ""BUY_PRODUCT"": 204, ""BUY_SEED"": 44, ""HIRE"": 318, ""SELL"": 186}","{""BUY_ANIMAL:COW"": 7, ""BUY_ANIMAL:SHEEP"": 5, ""BUY_PRODUCT:WHEAT"": 531, ""BUY_SEED:CARROT"": 12, ""BUY_SEED:MELON"": 20, ""BUY_SEED:STRAWBERRY"": 37, ""BUY_SEED:WHEAT"": 35, ""SELL:CARROT"": 27, ""SELL:FERTILIZER"": 274, ""SELL:MELON"": 120, ""SELL:MILK"": 187, ""SELL:STRAWBERRY"": 121, ""SELL:WHEAT"": 397, ""SELL:WOOL"": 114}",v009a_market_memory,starter,"{""extra_sells"": 0, ""last_step"": 718, ""previous_inventory"": {""MELON"": 9980, ""MILK"": 9723, ""STRAWBERRY"": 9675, ""WOOL"": 9722}, ""previous_prices"": {""MELON"": 277.0, ""MILK"": 305.0, ""STRAWBERRY"": 271.0, ""WOOL"": 248.0}, ""reduced_sells"": 23, ""regimes"": {""MELON"": ""TIGHT"", ""MILK"": ""TIGHT"", ""STRAWBERRY"": ""TIGHT"", ""WOOL"": ""TIGHT""}, ""reordered_sells"": 8}"
733,0,135639.0,3505.0,132134.0,win,DONE,DONE,1,719,0,0,0.62625,1.1153461,1.318232000000001,1.460167,2.22393945800286,0,0,[],"{""0"": 98.0, ""1"": 87.0, ""10"": 9712.0, ""11"": 13079.0, ""12"": 12848.0, ""13"": 18332.0, ""14"": 18692.0, ""15"": 20363.0, ""16"": 26148.0, ""17"": 31832.0, ""18"": 36033.0, ""19"": 44310.0, ""2"": 91.0, ""20"": 59529.0, ""21"": 78332.0, ""22"": 81088.0, ""23"": 85537.0, ""24"": 95238.0, ""25"": 106556.0, ""26"": 113378.0, ""27"": 119422.0, ""28"": 132837.0, ""3"": 107.0, ""4"": 110.0, ""5"": 256.0, ""6"": 737.0, ""7"": 226.0, ""8"": 1808.0, ""9"": 1870.0}","{""BUILD_PASTURE"": 12, ""CARE"": 233, ""COLLECT_FERTILIZER"": 269, ""DIG"": 18, ""DROP"": 79, ""EAST"": 902, ""FEED"": 259, ""HARVEST"": 204, ""NORTH"": 1332, ""PASS"": 1677, ""PICKUP"": 66, ""PLACE"": 12, ""PLANT"": 103, ""SOUTH"": 949, ""WATER"": 745, ""WEST"": 1108}","{""BUY_ANIMAL"": 6, ""BUY_LAND"": 2, ""BUY_PRODUCT"": 210, ""BUY_SEED"": 44, ""HIRE"": 320, ""SELL"": 180}","{""BUY_ANIMAL:COW"": 10, ""BUY_ANIMAL:SHEEP"": 2, ""BUY_PRODUCT:WHEAT"": 538, ""BUY_SEED:CARROT"": 12, ""BUY_SEED:MELON"": 20, ""BUY_SEED:STRAWBERRY"": 37, ""BUY_SEED:WHEAT"": 34, ""SELL:CARROT"": 36, ""SELL:FERTILIZER"": 269, ""SELL:MELON"": 120, ""SELL:MILK"": 241, ""SELL:STRAWBERRY"": 121, ""SELL:WHEAT"": 401, ""SELL:WOOL"": 66}",v009a_market_memory,starter,"{""extra_sells"": 0, ""last_step"": 718, ""previous_inventory"": {""MELON"": 9980, ""MILK"": 9777, ""STRAWBERRY"": 9657, ""WOOL"": 9710}, ""previous_prices"": {""MELON"": 277.0, ""MILK"": 290.0, ""STRAWBERRY"": 276.0, ""WOOL"": 249.0}, ""reduced_sells"": 19, ""regimes"": {""MELON"": ""TIGHT"", ""MILK"": ""TIGHT"", ""STRAWBERRY"": ""TIGHT"", ""WOOL"": ""TIGHT""}, ""reordered_sells"": 11}"
733,1,136688.0,3505.0,133183.0,win,DONE,DONE,1,719,0,0,0.621291,1.1293786000000001,1.3650686800000011,32.713167,2.241752624999208,0,0,[],"{""0"": 98.0, ""1"": 87.0, ""10"": 9712.0, ""11"": 13079.0, ""12"": 12848.0, ""13"": 18332.0, ""14"": 18653.0, ""15"": 23447.0, ""16"": 25978.0, ""17"": 31703.0, ""18"": 35160.0, ""19"": 44176.0, ""2"": 91.0, ""20"": 59658.0, ""21"": 81230.0, ""22"": 80949.0, ""23"": 85395.0, ""24"": 94103.0, ""25"": 104262.0, ""26"": 111590.0, ""27"": 121026.0, ""28"": 133614.0, ""3"": 107.0, ""4"": 110.0, ""5"": 256.0, ""6"": 737.0, ""7"": 226.0, ""8"": 1808.0, ""9"": 1870.0}","{""BUILD_PASTURE"": 12, ""CARE"": 241, ""COLLECT_FERTILIZER"": 273, ""DIG"": 15, ""DROP"": 84, ""EAST"": 921, ""FEED"": 259, ""HARVEST"": 203, ""NORTH"": 1313, ""PASS"": 1686, ""PICKUP"": 67, ""PLACE"": 12, ""PLANT"": 102, ""SOUTH"": 909, ""WATER"": 751, ""WEST"": 1123}","{""BUY_ANIMAL"": 6, ""BUY_LAND"": 2, ""BUY_PRODUCT"": 214, ""BUY_SEED"": 46, ""HIRE"": 320, ""SELL"": 176}","{""BUY_ANIMAL:COW"": 10, ""BUY_ANIMAL:SHEEP"": 2, ""BUY_PRODUCT:WHEAT"": 532, ""BUY_SEED:CARROT"": 12, ""BUY_SEED:MELON"": 20, ""BUY_SEED:STRAWBERRY"": 37, ""BUY_SEED:WHEAT"": 33, ""SELL:CARROT"": 36, ""SELL:FERTILIZER"": 273, ""SELL:MELON"": 120, ""SELL:MILK"": 243, ""SELL:STRAWBERRY"": 121, ""SELL:WHEAT"": 391, ""SELL:WOOL"": 68}",v009a_market_memory,starter,"{""extra_sells"": 0, ""last_step"": 718, ""previous_inventory"": {""MELON"": 9980, ""MILK"": 9779, ""STRAWBERRY"": 9657, ""WOOL"": 9712}, ""previous_prices"": {""MELON"": 277.0, ""MILK"": 289.0, ""STRAWBERRY"": 276.0, ""WOOL"": 249.0}, ""reduced_sells"": 12, ""regimes"": {""MELON"": ""TIGHT"", ""MILK"": ""TIGHT"", ""STRAWBERRY"": ""TIGHT"", ""WOOL"": ""TIGHT""}, ""reordered_sells"": 10}"
17,0,136915.0,0.0,136915.0,win,DONE,DONE,1,719,0,0,0.635209,1.1631539000000002,1.358908,45.43125,2.3432700830016984,0,0,[],"{""0"": 98.0, ""1"": 87.0, ""10"": 10278.0, ""11"": 13234.0, ""12"": 13082.0, ""13"": 18281.0, ""14"": 21302.0, ""15"": 26697.0, ""16"": 28131.0, ""17"": 32984.0, ""18"": 35484.0, ""19"": 45080.0, ""2"": 91.0, ""20"": 63219.0, ""21"": 65312.0, ""22"": 83752.0, ""23"": 85830.0, ""24"": 93875.0, ""25"": 94700.0, ""26"": 103011.0, ""27"": 118743.0, ""28"": 132467.0, ""3"": 107.0, ""4"": 81.0, ""5"": 255.0, ""6"": 733.0, ""7"": 165.0, ""8"": 506.0, ""9"": 1919.0}","{""BUILD_PASTURE"": 12, ""CARE"": 239, ""COLLECT_FERTILIZER"": 272, ""DIG"": 16, ""DROP"": 101, ""EAST"": 975, ""FEED"": 258, ""HARVEST"": 212, ""NORTH"": 1313, ""PASS"": 1599, ""PICKUP"": 66, ""PLACE"": 12, ""PLANT"": 109, ""SOUTH"": 935, ""WATER"": 751, ""WEST"": 1179}","{""BUY_ANIMAL"": 7, ""BUY_LAND"": 2, ""BUY_PRODUCT"": 203, ""BUY_SEED"": 59, ""HIRE"": 324, ""SELL"": 212}","{""BUY_ANIMAL:COW"": 7, ""BUY_ANIMAL:SHEEP"": 5, ""BUY_PRODUCT:WHEAT"": 570, ""BUY_SEED:CARROT"": 13, ""BUY_SEED:MELON"": 20, ""BUY_SEED:STRAWBERRY"": 37, ""BUY_SEED:WHEAT"": 39, ""SELL:CARROT"": 39, ""SELL:FERTILIZER"": 272, ""SELL:MELON"": 120, ""SELL:MILK"": 177, ""SELL:STRAWBERRY"": 122, ""SELL:WHEAT"": 447, ""SELL:WOOL"": 130}",v009a_market_memory,random,"{""extra_sells"": 0, ""last_step"": 718, ""previous_inventory"": {""MELON"": 9980, ""MILK"": 9767, ""STRAWBERRY"": 9568, ""WOOL"": 9666}, ""previous_prices"": {""MELON"": 277.0, ""MILK"": 293.0, ""STRAWBERRY"": 295.0, ""WOOL"": 250.0}, ""reduced_sells"": 19, ""regimes"": {""MELON"": ""TIGHT"", ""MILK"": ""TIGHT"", ""STRAWBERRY"": ""TIGHT"", ""WOOL"": ""TIGHT""}, ""reordered_sells"": 11}"
17,1,137899.0,0.0,137899.0,win,DONE,DONE,1,719,0,0,0.634625,1.1585628000000001,1.3073679400000002,1.473125,2.283828999999969,0,0,[],"{""0"": 98.0, ""1"": 87.0, ""10"": 10358.0, ""11"": 12916.0, ""12"": 12703.0, ""13"": 18097.0, ""14"": 18431.0, ""15"": 20077.0, ""16"": 25426.0, ""17"": 31003.0, ""18"": 36107.0, ""19"": 40743.0, ""2"": 91.0, ""20"": 58969.0, ""21"": 72569.0, ""22"": 76446.0, ""23"": 83639.0, ""24"": 89839.0, ""25"": 102522.0, ""26"": 109780.0, ""27"": 119324.0, ""28"": 133368.0, ""3"": 107.0, ""4"": 81.0, ""5"": 255.0, ""6"": 739.0, ""7"": 248.0, ""8"": 564.0, ""9"": 1768.0}","{""BUILD_PASTURE"": 12, ""CARE"": 235, ""COLLECT_FERTILIZER"": 268, ""DIG"": 20, ""DROP"": 82, ""EAST"": 872, ""FEED"": 258, ""HARVEST"": 201, ""NORTH"": 1352, ""PASS"": 1628, ""PICKUP"": 67, ""PLACE"": 12, ""PLANT"": 106, ""SOUTH"": 997, ""WATER"": 745, ""WEST"": 1129}","{""BUY_ANIMAL"": 7, ""BUY_LAND"": 2, ""BUY_PRODUCT"": 214, ""BUY_SEED"": 49, ""HIRE"": 321, ""SELL"": 186}","{""BUY_ANIMAL:COW"": 9, ""BUY_ANIMAL:SHEEP"": 3, ""BUY_PRODUCT:WHEAT"": 541, ""BUY_SEED:CARROT"": 12, ""BUY_SEED:MELON"": 20, ""BUY_SEED:STRAWBERRY"": 37, ""BUY_SEED:WHEAT"": 38, ""SELL:CARROT"": 33, ""SELL:FERTILIZER"": 268, ""SELL:MELON"": 118, ""SELL:MILK"": 221, ""SELL:STRAWBERRY"": 124, ""SELL:WHEAT"": 417, ""SELL:WOOL"": 76}",v009a_market_memory,random,"{""extra_sells"": 0, ""last_step"": 718, ""previous_inventory"": {""MELON"": 9978, ""MILK"": 9721, ""STRAWBERRY"": 9588, ""WOOL"": 9720}, ""previous_prices"": {""MELON"": 277.0, ""MILK"": 305.0, ""STRAWBERRY"": 291.0, ""WOOL"": 248.0}, ""reduced_sells"": 9, ""regimes"": {""MELON"": ""TIGHT"", ""MILK"": ""TIGHT"", ""STRAWBERRY"": ""TIGHT"", ""WOOL"": ""TIGHT""}, ""reordered_sells"": 8}"
42,0,140012.0,0.0,140012.0,win,DONE,DONE,1,719,0,0,0.636292,1.1905378,1.3774120600000026,50.674584,2.323391999998421,0,0,[],"{""0"": 98.0, ""1"": 87.0, ""10"": 8138.0, ""11"": 12891.0, ""12"": 15126.0, ""13"": 17910.0, ""14"": 18423.0, ""15"": 20017.0, ""16"": 25589.0, ""17"": 31243.0, ""18"": 36448.0, ""19"": 43903.0, ""2"": 91.0, ""20"": 63210.0, ""21"": 78623.0, ""22"": 80737.0, ""23"": 85053.0, ""24"": 98329.0, ""25"": 101280.0, ""26"": 116005.0, ""27"": 123553.0, ""28"": 136560.0, ""3"": 107.0, ""4"": 110.0, ""5"": 256.0, ""6"": 746.0, ""7"": 140.0, ""8"": 525.0, ""9"": 1689.0}","{""BUILD_PASTURE"": 12, ""CARE"": 241, ""COLLECT_FERTILIZER"": 274, ""DIG"": 18, ""DROP"": 87, ""EAST"": 862, ""FEED"": 260, ""HARVEST"": 200, ""NORTH"": 1318, ""PASS"": 1674, ""PICKUP"": 67, ""PLACE"": 12, ""PLANT"": 104, ""SOUTH"": 994, ""WATER"": 743, ""WEST"": 1103}","{""BUY_ANIMAL"": 7, ""BUY_LAND"": 2, ""BUY_PRODUCT"": 199, ""BUY_SEED"": 48, ""HIRE"": 320, ""SELL"": 189}","{""BUY_ANIMAL:COW"": 9, ""BUY_ANIMAL:SHEEP"": 3, ""BUY_PRODUCT:WHEAT"": 528, ""BUY_SEED:CARROT"": 12, ""BUY_SEED:MELON"": 20, ""BUY_SEED:STRAWBERRY"": 37, ""BUY_SEED:WHEAT"": 35, ""SELL:CARROT"": 36, ""SELL:FERTILIZER"": 274, ""SELL:MELON"": 118, ""SELL:MILK"": 227, ""SELL:STRAWBERRY"": 121, ""SELL:WHEAT"": 389, ""SELL:WOOL"": 77}",v009a_market_memory,random,"{""extra_sells"": 0, ""last_step"": 718, ""previous_inventory"": {""MELON"": 9978, ""MILK"": 9727, ""STRAWBERRY"": 9513, ""WOOL"": 9721}, ""previous_prices"": {""MELON"": 277.0, ""MILK"": 304.0, ""STRAWBERRY"": 305.0, ""WOOL"": 248.0}, ""reduced_sells"": 3, ""regimes"": {""MELON"": ""TIGHT"", ""MILK"": ""TIGHT"", ""STRAWBERRY"": ""TIGHT"", ""WOOL"": ""TIGHT""}, ""reordered_sells"": 8}"
42,1,138465.0,0.0,138465.0,win,DONE,DONE,1,719,0,0,0.640916,1.1568411000000003,1.3305910600000006,42.514708,2.326433292000729,0,0,[],"{""0"": 98.0, ""1"": 87.0, ""10"": 10285.0, ""11"": 12802.0, ""12"": 12472.0, ""13"": 17746.0, ""14"": 18053.0, ""15"": 19982.0, ""16"": 25132.0, ""17"": 29455.0, ""18"": 32683.0, ""19"": 39685.0, ""2"": 91.0, ""20"": 60587.0, ""21"": 73780.0, ""22"": 77500.0, ""23"": 83735.0, ""24"": 88238.0, ""25"": 101786.0, ""26"": 111522.0, ""27"": 117588.0, ""28"": 134559.0, ""3"": 107.0, ""4"": 110.0, ""5"": 256.0, ""6"": 741.0, ""7"": 224.0, ""8"": 503.0, ""9"": 1698.0}","{""BUILD_PASTURE"": 12, ""CARE"": 233, ""COLLECT_FERTILIZER"": 269, ""DIG"": 20, ""DROP"": 77, ""EAST"": 902, ""FEED"": 262, ""HARVEST"": 205, ""NORTH"": 1303, ""PASS"": 1614, ""PICKUP"": 69, ""PLACE"": 12, ""PLANT"": 106, ""SOUTH"": 1003, ""WATER"": 760, ""WEST"": 1118}","{""BUY_ANIMAL"": 7, ""BUY_LAND"": 2, ""BUY_PRODUCT"": 196, ""BUY_SEED"": 52, ""HIRE"": 320, ""SELL"": 181}","{""BUY_ANIMAL:COW"": 9, ""BUY_ANIMAL:SHEEP"": 3, ""BUY_PRODUCT:WHEAT"": 535, ""BUY_SEED:CARROT"": 13, ""BUY_SEED:MELON"": 20, ""BUY_SEED:STRAWBERRY"": 37, ""BUY_SEED:WHEAT"": 39, ""SELL:CARROT"": 33, ""SELL:FERTILIZER"": 269, ""SELL:MELON"": 118, ""SELL:MILK"": 222, ""SELL:STRAWBERRY"": 125, ""SELL:WHEAT"": 407, ""SELL:WOOL"": 76}",v009a_market_memory,random,"{""extra_sells"": 0, ""last_step"": 718, ""previous_inventory"": {""MELON"": 9978, ""MILK"": 9740, ""STRAWBERRY"": 9517, ""WOOL"": 9864}, ""previous_prices"": {""MELON"": 277.0, ""MILK"": 300.0, ""STRAWBERRY"": 305.0, ""WOOL"": 242.0}, ""reduced_sells"": 5, ""regimes"": {""MELON"": ""TIGHT"", ""MILK"": ""TIGHT"", ""STRAWBERRY"": ""TIGHT"", ""WOOL"": ""TIGHT""}, ""reordered_sells"": 9}"
2026,0,128952.0,0.0,128952.0,win,DONE,DONE,1,719,0,0,0.667083,1.2266753000000001,1.5566499400000002,46.284959,2.503081792005105,0,0,[],"{""0"": 98.0, ""1"": 87.0, ""10"": 8237.0, ""11"": 12252.0, ""12"": 12288.0, ""13"": 17136.0, ""14"": 18604.0, ""15"": 19967.0, ""16"": 24708.0, ""17"": 29616.0, ""18"": 33279.0, ""19"": 39911.0, ""2"": 91.0, ""20"": 60863.0, ""21"": 63565.0, ""22"": 70905.0, ""23"": 77867.0, ""24"": 86099.0, ""25"": 88538.0, ""26"": 103707.0, ""27"": 108917.0, ""28"": 123730.0, ""3"": 107.0, ""4"": 110.0, ""5"": 256.0, ""6"": 739.0, ""7"": 105.0, ""8"": 250.0, ""9"": 1538.0}","{""BUILD_PASTURE"": 12, ""CARE"": 248, ""COLLECT_FERTILIZER"": 269, ""DIG"": 19, ""DROP"": 73, ""EAST"": 918, ""FEED"": 258, ""HARVEST"": 200, ""NORTH"": 1311, ""PASS"": 1637, ""PICKUP"": 68, ""PLACE"": 12, ""PLANT"": 106, ""SOUTH"": 972, ""WATER"": 729, ""WEST"": 1128}","{""BUY_ANIMAL"": 7, ""BUY_LAND"": 2, ""BUY_PRODUCT"": 202, ""BUY_SEED"": 59, ""HIRE"": 320, ""SELL"": 180}","{""BUY_ANIMAL:COW"": 7, ""BUY_ANIMAL:SHEEP"": 5, ""BUY_PRODUCT:WHEAT"": 527, ""BUY_SEED:CARROT"": 14, ""BUY_SEED:MELON"": 20, ""BUY_SEED:STRAWBERRY"": 37, ""BUY_SEED:WHEAT"": 41, ""SELL:CARROT"": 33, ""SELL:FERTILIZER"": 269, ""SELL:MELON"": 120, ""SELL:MILK"": 185, ""SELL:STRAWBERRY"": 128, ""SELL:WHEAT"": 374, ""SELL:WOOL"": 119}",v009a_market_memory,random,"{""extra_sells"": 0, ""last_step"": 718, ""previous_inventory"": {""MELON"": 9980, ""MILK"": 9793, ""STRAWBERRY"": 9664, ""WOOL"": 9835}, ""previous_prices"": {""MELON"": 277.0, ""MILK"": 285.0, ""STRAWBERRY"": 274.0, ""WOOL"": 244.0}, ""reduced_sells"": 16, ""regimes"": {""MELON"": ""TIGHT"", ""MILK"": ""TIGHT"", ""STRAWBERRY"": ""TIGHT"", ""WOOL"": ""TIGHT""}, ""reordered_sells"": 6}"
2026,1,132295.0,0.0,132295.0,win,DONE,DONE,1,719,0,0,0.626167,1.1388583000000003,1.3453031800000004,41.009708,2.2732113329984713,0,0,[],"{""0"": 98.0, ""1"": 87.0, ""10"": 10282.0, ""11"": 13229.0, ""12"": 13069.0, ""13"": 18259.0, ""14"": 21317.0, ""15"": 22996.0, ""16"": 28128.0, ""17"": 31077.0, ""18"": 31838.0, ""19"": 43427.0, ""2"": 91.0, ""20"": 60573.0, ""21"": 63178.0, ""22"": 79737.0, ""23"": 82292.0, ""24"": 86687.0, ""25"": 93377.0, ""26"": 101331.0, ""27"": 112681.0, ""28"": 127297.0, ""3"": 107.0, ""4"": 81.0, ""5"": 255.0, ""6"": 733.0, ""7"": 165.0, ""8"": 506.0, ""9"": 1919.0}","{""BUILD_PASTURE"": 12, ""CARE"": 252, ""COLLECT_FERTILIZER"": 272, ""DIG"": 21, ""DROP"": 91, ""EAST"": 959, ""FEED"": 253, ""HARVEST"": 201, ""NORTH"": 1311, ""PASS"": 1574, ""PICKUP"": 66, ""PLACE"": 12, ""PLANT"": 105, ""SOUTH"": 941, ""WATER"": 742, ""WEST"": 1151}","{""BUY_ANIMAL"": 7, ""BUY_LAND"": 2, ""BUY_PRODUCT"": 208, ""BUY_SEED"": 57, ""HIRE"": 320, ""SELL"": 199}","{""BUY_ANIMAL:COW"": 7, ""BUY_ANIMAL:SHEEP"": 5, ""BUY_PRODUCT:WHEAT"": 533, ""BUY_SEED:CARROT"": 13, ""BUY_SEED:MELON"": 20, ""BUY_SEED:STRAWBERRY"": 37, ""BUY_SEED:WHEAT"": 38, ""SELL:CARROT"": 30, ""SELL:FERTILIZER"": 272, ""SELL:MELON"": 120, ""SELL:MILK"": 176, ""SELL:STRAWBERRY"": 128, ""SELL:WHEAT"": 401, ""SELL:WOOL"": 119}",v009a_market_memory,random,"{""extra_sells"": 0, ""last_step"": 718, ""previous_inventory"": {""MELON"": 9980, ""MILK"": 9802, ""STRAWBERRY"": 9628, ""WOOL"": 9655}, ""previous_prices"": {""MELON"": 277.0, ""MILK"": 282.0, ""STRAWBERRY"": 282.0, ""WOOL"": 250.0}, ""reduced_sells"": 18, ""regimes"": {""MELON"": ""TIGHT"", ""MILK"": ""TIGHT"", ""STRAWBERRY"": ""TIGHT"", ""WOOL"": ""TIGHT""}, ""reordered_sells"": 12}"
217,0,136849.0,0.0,136849.0,win,DONE,DONE,1,719,0,0,0.642792,1.1501914,1.3006595,1.499208,2.342820958001539,0,0,[],"{""0"": 98.0, ""1"": 87.0, ""10"": 10300.0, ""11"": 12837.0, ""12"": 12602.0, ""13"": 17797.0, ""14"": 18112.0, ""15"": 19762.0, ""16"": 24736.0, ""17"": 29113.0, ""18"": 33466.0, ""19"": 40079.0, ""2"": 91.0, ""20"": 56553.0, ""21"": 72485.0, ""22"": 76638.0, ""23"": 82743.0, ""24"": 89605.0, ""25"": 101225.0, ""26"": 111320.0, ""27"": 118572.0, ""28"": 133321.0, ""3"": 107.0, ""4"": 81.0, ""5"": 255.0, ""6"": 740.0, ""7"": 242.0, ""8"": 546.0, ""9"": 1751.0}","{""BUILD_PASTURE"": 12, ""CARE"": 236, ""COLLECT_FERTILIZER"": 269, ""DIG"": 22, ""DROP"": 83, ""EAST"": 964, ""FEED"": 262, ""HARVEST"": 206, ""NORTH"": 1304, ""PASS"": 1628, ""PICKUP"": 66, ""PLACE"": 12, ""PLANT"": 103, ""SOUTH"": 940, ""WATER"": 741, ""WEST"": 1115}","{""BUY_ANIMAL"": 7, ""BUY_LAND"": 2, ""BUY_PRODUCT"": 198, ""BUY_SEED"": 49, ""HIRE"": 320, ""SELL"": 194}","{""BUY_ANIMAL:COW"": 9, ""BUY_ANIMAL:SHEEP"": 3, ""BUY_PRODUCT:WHEAT"": 538, ""BUY_SEED:CARROT"": 12, ""BUY_SEED:MELON"": 20, ""BUY_SEED:STRAWBERRY"": 37, ""BUY_SEED:WHEAT"": 36, ""SELL:CARROT"": 33, ""SELL:FERTILIZER"": 269, ""SELL:MELON"": 115, ""SELL:MILK"": 222, ""SELL:STRAWBERRY"": 126, ""SELL:WHEAT"": 401, ""SELL:WOOL"": 78}",v009a_market_memory,random,"{""extra_sells"": 0, ""last_step"": 718, ""previous_inventory"": {""MELON"": 9975, ""MILK"": 9740, ""STRAWBERRY"": 9554, ""WOOL"": 9866}, ""previous_prices"": {""MELON"": 279.0, ""MILK"": 300.0, ""STRAWBERRY"": 297.0, ""WOOL"": 242.0}, ""reduced_sells"": 4, ""regimes"": {""MELON"": ""TIGHT"", ""MILK"": ""TIGHT"", ""STRAWBERRY"": ""TIGHT"", ""WOOL"": ""TIGHT""}, ""reordered_sells"": 8}"
217,1,124984.0,0.0,124984.0,win,DONE,DONE,1,719,0,0,0.661333,1.1545212,1.4038010600000035,45.539709,2.39676533400052,0,0,[],"{""0"": 98.0, ""1"": 87.0, ""10"": 7724.0, ""11"": 12303.0, ""12"": 12193.0, ""13"": 17115.0, ""14"": 18522.0, ""15"": 20021.0, ""16"": 26853.0, ""17"": 28869.0, ""18"": 32229.0, ""19"": 38005.0, ""2"": 91.0, ""20"": 57651.0, ""21"": 60300.0, ""22"": 67332.0, ""23"": 74130.0, ""24"": 77652.0, ""25"": 84479.0, ""26"": 96042.0, ""27"": 106411.0, ""28"": 119857.0, ""3"": 107.0, ""4"": 110.0, ""5"": 256.0, ""6"": 741.0, ""7"": 90.0, ""8"": 103.0, ""9"": 1578.0}","{""BUILD_PASTURE"": 12, ""CARE"": 216, ""COLLECT_FERTILIZER"": 273, ""DIG"": 18, ""DROP"": 85, ""EAST"": 933, ""FEED"": 268, ""HARVEST"": 203, ""NORTH"": 1387, ""PASS"": 1541, ""PICKUP"": 67, ""PLACE"": 12, ""PLANT"": 106, ""SOUTH"": 1008, ""WATER"": 770, ""WEST"": 1102}","{""BUY_ANIMAL"": 7, ""BUY_LAND"": 2, ""BUY_PRODUCT"": 193, ""BUY_SEED"": 59, ""HIRE"": 322, ""SELL"": 200}","{""BUY_ANIMAL:COW"": 7, ""BUY_ANIMAL:SHEEP"": 5, ""BUY_PRODUCT:WHEAT"": 538, ""BUY_SEED:CARROT"": 12, ""BUY_SEED:MELON"": 20, ""BUY_SEED:STRAWBERRY"": 37, ""BUY_SEED:WHEAT"": 41, ""SELL:CARROT"": 30, ""SELL:FERTILIZER"": 273, ""SELL:MELON"": 119, ""SELL:MILK"": 171, ""SELL:STRAWBERRY"": 128, ""SELL:WHEAT"": 404, ""SELL:WOOL"": 121}",v009a_market_memory,random,"{""extra_sells"": 0, ""last_step"": 718, ""previous_inventory"": {""MELON"": 9979, ""MILK"": 9833, ""STRAWBERRY"": 9610, ""WOOL"": 9873}, ""previous_prices"": {""MELON"": 277.0, ""MILK"": 272.0, ""STRAWBERRY"": 286.0, ""WOOL"": 242.0}, ""reduced_sells"": 9, ""regimes"": {""MELON"": ""TIGHT"", ""MILK"": ""TIGHT"", ""STRAWBERRY"": ""TIGHT"", ""WOOL"": ""TIGHT""}, ""reordered_sells"": 13}"
317,0,130928.0,0.0,130928.0,win,DONE,DONE,1,719,0,0,0.652,1.1303452,1.3232499400000015,40.154834,2.2716387500040582,0,0,[],"{""0"": 98.0, ""1"": 87.0, ""10"": 6982.0, ""11"": 12374.0, ""12"": 12416.0, ""13"": 17489.0, ""14"": 20826.0, ""15"": 23742.0, ""16"": 26127.0, ""17"": 30549.0, ""18"": 34172.0, ""19"": 40725.0, ""2"": 91.0, ""20"": 57673.0, ""21"": 67795.0, ""22"": 72133.0, ""23"": 79368.0, ""24"": 85300.0, ""25"": 92776.0, ""26"": 106197.0, ""27"": 111981.0, ""28"": 126665.0, ""3"": 107.0, ""4"": 81.0, ""5"": 255.0, ""6"": 733.0, ""7"": 106.0, ""8"": 265.0, ""9"": 1402.0}","{""BUILD_PASTURE"": 12, ""CARE"": 253, ""COLLECT_FERTILIZER"": 274, ""DIG"": 12, ""DROP"": 79, ""EAST"": 924, ""FEED"": 260, ""HARVEST"": 207, ""NORTH"": 1317, ""PASS"": 1620, ""PICKUP"": 65, ""PLACE"": 12, ""PLANT"": 108, ""SOUTH"": 1021, ""WATER"": 716, ""WEST"": 1148}","{""BUY_ANIMAL"": 7, ""BUY_LAND"": 2, ""BUY_PRODUCT"": 197, ""BUY_SEED"": 53, ""HIRE"": 323, ""SELL"": 189}","{""BUY_ANIMAL:COW"": 5, ""BUY_ANIMAL:SHEEP"": 7, ""BUY_PRODUCT:WHEAT"": 531, ""BUY_SEED:CARROT"": 12, ""BUY_SEED:MELON"": 20, ""BUY_SEED:STRAWBERRY"": 37, ""BUY_SEED:WHEAT"": 39, ""SELL:CARROT"": 36, ""SELL:FERTILIZER"": 274, ""SELL:MELON"": 115, ""SELL:MILK"": 126, ""SELL:STRAWBERRY"": 128, ""SELL:WHEAT"": 404, ""SELL:WOOL"": 179}",v009a_market_memory,random,"{""extra_sells"": 0, ""last_step"": 718, ""previous_inventory"": {""MELON"": 9975, ""MILK"": 9752, ""STRAWBERRY"": 9700, ""WOOL"": 9715}, ""previous_prices"": {""MELON"": 279.0, ""MILK"": 297.0, ""STRAWBERRY"": 265.0, ""WOOL"": 249.0}, ""reduced_sells"": 21, ""regimes"": {""MELON"": ""TIGHT"", ""MILK"": ""TIGHT"", ""STRAWBERRY"": ""TIGHT"", ""WOOL"": ""TIGHT""}, ""reordered_sells"": 6}"
317,1,133552.0,0.0,133552.0,win,DONE,DONE,1,719,0,0,0.627125,1.1580083,1.30209062,1.566291,2.312891417001083,0,0,[],"{""0"": 98.0, ""1"": 87.0, ""10"": 8284.0, ""11"": 12962.0, ""12"": 15288.0, ""13"": 17998.0, ""14"": 18339.0, ""15"": 19927.0, ""16"": 25348.0, ""17"": 29326.0, ""18"": 33514.0, ""19"": 41794.0, ""2"": 91.0, ""20"": 56277.0, ""21"": 75716.0, ""22"": 78060.0, ""23"": 80695.0, ""24"": 85096.0, ""25"": 95330.0, ""26"": 107394.0, ""27"": 115549.0, ""28"": 129946.0, ""3"": 107.0, ""4"": 110.0, ""5"": 256.0, ""6"": 741.0, ""7"": 224.0, ""8"": 1796.0, ""9"": 1858.0}","{""BUILD_PASTURE"": 12, ""CARE"": 234, ""COLLECT_FERTILIZER"": 273, ""DIG"": 12, ""DROP"": 77, ""EAST"": 903, ""FEED"": 261, ""HARVEST"": 195, ""NORTH"": 1261, ""PASS"": 1684, ""PICKUP"": 67, ""PLACE"": 12, ""PLANT"": 100, ""SOUTH"": 968, ""WATER"": 765, ""WEST"": 1097}","{""BUY_ANIMAL"": 7, ""BUY_LAND"": 2, ""BUY_PRODUCT"": 208, ""BUY_SEED"": 46, ""HIRE"": 318, ""SELL"": 184}","{""BUY_ANIMAL:COW"": 9, ""BUY_ANIMAL:SHEEP"": 3, ""BUY_PRODUCT:WHEAT"": 527, ""BUY_SEED:CARROT"": 14, ""BUY_SEED:MELON"": 20, ""BUY_SEED:STRAWBERRY"": 37, ""BUY_SEED:WHEAT"": 33, ""SELL:CARROT"": 33, ""SELL:FERTILIZER"": 273, ""SELL:MELON"": 118, ""SELL:MILK"": 218, ""SELL:STRAWBERRY"": 124, ""SELL:WHEAT"": 384, ""SELL:WOOL"": 76}",v009a_market_memory,random,"{""extra_sells"": 0, ""last_step"": 718, ""previous_inventory"": {""MELON"": 9978, ""MILK"": 9808, ""STRAWBERRY"": 9498, ""WOOL"": 9828}, ""previous_prices"": {""MELON"": 277.0, ""MILK"": 280.0, ""STRAWBERRY"": 308.0, ""WOOL"": 244.0}, ""reduced_sells"": 14, ""regimes"": {""MELON"": ""TIGHT"", ""MILK"": ""TIGHT"", ""STRAWBERRY"": ""TIGHT"", ""WOOL"": ""TIGHT""}, ""reordered_sells"": 13}"
733,0,133440.0,0.0,133440.0,win,DONE,DONE,1,719,0,0,0.631959,1.1649961,1.3386293200000008,1.489542,2.3097517089991015,0,0,[],"{""0"": 98.0, ""1"": 87.0, ""10"": 8277.0, ""11"": 12955.0, ""12"": 15303.0, ""13"": 18035.0, ""14"": 18373.0, ""15"": 20005.0, ""16"": 25263.0, ""17"": 30538.0, ""18"": 32297.0, ""19"": 42894.0, ""2"": 91.0, ""20"": 59493.0, ""21"": 74674.0, ""22"": 78567.0, ""23"": 81088.0, ""24"": 88884.0, ""25"": 98653.0, ""26"": 107324.0, ""27"": 116364.0, ""28"": 130393.0, ""3"": 107.0, ""4"": 110.0, ""5"": 256.0, ""6"": 741.0, ""7"": 224.0, ""8"": 1796.0, ""9"": 1851.0}","{""BUILD_PASTURE"": 12, ""CARE"": 222, ""COLLECT_FERTILIZER"": 271, ""DIG"": 17, ""DROP"": 84, ""EAST"": 927, ""FEED"": 260, ""HARVEST"": 198, ""NORTH"": 1322, ""PASS"": 1684, ""PICKUP"": 67, ""PLACE"": 12, ""PLANT"": 105, ""SOUTH"": 932, ""WATER"": 757, ""WEST"": 1121}","{""BUY_ANIMAL"": 7, ""BUY_LAND"": 2, ""BUY_PRODUCT"": 203, ""BUY_SEED"": 47, ""HIRE"": 321, ""SELL"": 187}","{""BUY_ANIMAL:COW"": 9, ""BUY_ANIMAL:SHEEP"": 3, ""BUY_PRODUCT:WHEAT"": 532, ""BUY_SEED:CARROT"": 12, ""BUY_SEED:MELON"": 20, ""BUY_SEED:STRAWBERRY"": 37, ""BUY_SEED:WHEAT"": 36, ""SELL:CARROT"": 36, ""SELL:FERTILIZER"": 271, ""SELL:MELON"": 118, ""SELL:MILK"": 218, ""SELL:STRAWBERRY"": 124, ""SELL:WHEAT"": 400, ""SELL:WOOL"": 75}",v009a_market_memory,random,"{""extra_sells"": 0, ""last_step"": 718, ""previous_inventory"": {""MELON"": 9978, ""MILK"": 9790, ""STRAWBERRY"": 9534, ""WOOL"": 9719}, ""previous_prices"": {""MELON"": 277.0, ""MILK"": 286.0, ""STRAWBERRY"": 301.0, ""WOOL"": 248.0}, ""reduced_sells"": 20, ""regimes"": {""MELON"": ""TIGHT"", ""MILK"": ""TIGHT"", ""STRAWBERRY"": ""TIGHT"", ""WOOL"": ""TIGHT""}, ""reordered_sells"": 13}"
733,1,131228.0,0.0,131228.0,win,DONE,DONE,1,719,0,0,0.65575,1.1768666000000005,1.33126144,1.601542,2.2838551249951706,0,0,[],"{""0"": 98.0, ""1"": 87.0, ""10"": 10245.0, ""11"": 12762.0, ""12"": 12511.0, ""13"": 17672.0, ""14"": 17937.0, ""15"": 19606.0, ""16"": 24443.0, ""17"": 30178.0, ""18"": 32663.0, ""19"": 39607.0, ""2"": 91.0, ""20"": 57447.0, ""21"": 72031.0, ""22"": 77768.0, ""23"": 81181.0, ""24"": 81711.0, ""25"": 93737.0, ""26"": 106576.0, ""27"": 114755.0, ""28"": 127416.0, ""3"": 107.0, ""4"": 110.0, ""5"": 256.0, ""6"": 741.0, ""7"": 224.0, ""8"": 503.0, ""9"": 1698.0}","{""BUILD_PASTURE"": 12, ""CARE"": 222, ""COLLECT_FERTILIZER"": 266, ""DIG"": 20, ""DROP"": 77, ""EAST"": 923, ""FEED"": 257, ""HARVEST"": 200, ""NORTH"": 1340, ""PASS"": 1577, ""PICKUP"": 67, ""PLACE"": 12, ""PLANT"": 108, ""SOUTH"": 989, ""WATER"": 751, ""WEST"": 1119}","{""BUY_ANIMAL"": 7, ""BUY_LAND"": 2, ""BUY_PRODUCT"": 194, ""BUY_SEED"": 50, ""HIRE"": 319, ""SELL"": 182}","{""BUY_ANIMAL:COW"": 9, ""BUY_ANIMAL:SHEEP"": 3, ""BUY_PRODUCT:WHEAT"": 531, ""BUY_SEED:CARROT"": 12, ""BUY_SEED:MELON"": 20, ""BUY_SEED:STRAWBERRY"": 37, ""BUY_SEED:WHEAT"": 41, ""SELL:CARROT"": 33, ""SELL:FERTILIZER"": 266, ""SELL:MELON"": 119, ""SELL:MILK"": 213, ""SELL:STRAWBERRY"": 126, ""SELL:WHEAT"": 393, ""SELL:WOOL"": 76}",v009a_market_memory,random,"{""extra_sells"": 0, ""last_step"": 718, ""previous_inventory"": {""MELON"": 9979, ""MILK"": 9803, ""STRAWBERRY"": 9518, ""WOOL"": 9864}, ""previous_prices"": {""MELON"": 277.0, ""MILK"": 282.0, ""STRAWBERRY"": 304.0, ""WOOL"": 242.0}, ""reduced_sells"": 8, ""regimes"": {""MELON"": ""TIGHT"", ""MILK"": ""TIGHT"", ""STRAWBERRY"": ""TIGHT"", ""WOOL"": ""TIGHT""}, ""reordered_sells"": 11}"
17,0,105425.0,150049.0,-44624.0,loss,DONE,DONE,1,719,0,0,0.649958,1.1518664,1.3241638199999999,1.50175,3.177184166997904,0,0,[],"{""0"": 98.0, ""1"": 94.0, ""10"": 7517.0, ""11"": 13550.0, ""12"": 11543.0, ""13"": 15194.0, ""14"": 16450.0, ""15"": 18534.0, ""16"": 22254.0, ""17"": 25715.0, ""18"": 27702.0, ""19"": 31061.0, ""2"": 81.0, ""20"": 43977.0, ""21"": 51613.0, ""22"": 57245.0, ""23"": 63028.0, ""24"": 65935.0, ""25"": 72263.0, ""26"": 81312.0, ""27"": 88903.0, ""28"": 103120.0, ""3"": 134.0, ""4"": 93.0, ""5"": 399.0, ""6"": 664.0, ""7"": 110.0, ""8"": 1064.0, ""9"": 1612.0}","{""BUILD_PASTURE"": 12, ""CARE"": 229, ""COLLECT_FERTILIZER"": 268, ""DIG"": 17, ""DROP"": 78, ""EAST"": 887, ""FEED"": 252, ""HARVEST"": 200, ""NORTH"": 1286, ""PASS"": 1728, ""PICKUP"": 69, ""PLACE"": 12, ""PLANT"": 105, ""SOUTH"": 940, ""WATER"": 758, ""WEST"": 1114}","{""BUY_ANIMAL"": 7, ""BUY_LAND"": 2, ""BUY_PRODUCT"": 187, ""BUY_SEED"": 47, ""HIRE"": 320, ""SELL"": 203}","{""BUY_ANIMAL:COW"": 9, ""BUY_ANIMAL:SHEEP"": 3, ""BUY_PRODUCT:WHEAT"": 523, ""BUY_SEED:CARROT"": 13, ""BUY_SEED:MELON"": 20, ""BUY_SEED:STRAWBERRY"": 37, ""BUY_SEED:WHEAT"": 37, ""SELL:CARROT"": 33, ""SELL:FERTILIZER"": 268, ""SELL:MELON"": 117, ""SELL:MILK"": 211, ""SELL:STRAWBERRY"": 124, ""SELL:WHEAT"": 411, ""SELL:WOOL"": 76}",v009a_market_memory,hamburger,"{""extra_sells"": 0, ""last_step"": 718, ""previous_inventory"": {""MELON"": 10096, ""MILK"": 9923, ""STRAWBERRY"": 9879, ""WOOL"": 9983}, ""previous_prices"": {""MELON"": 158.0, ""MILK"": 236.0, ""STRAWBERRY"": 212.0, ""WOOL"": 225.0}, ""reduced_sells"": 50, ""regimes"": {""MELON"": ""GLUT"", ""MILK"": ""TIGHT"", ""STRAWBERRY"": ""TIGHT"", ""WOOL"": ""TIGHT""}, ""reordered_sells"": 9}"
17,1,92412.0,132932.0,-40520.0,loss,DONE,DONE,1,719,0,0,0.623875,1.1221131,1.3088550000000003,1.646333,3.157692209002562,0,0,[],"{""0"": 98.0, ""1"": 94.0, ""10"": 9466.0, ""11"": 13506.0, ""12"": 11198.0, ""13"": 14373.0, ""14"": 17684.0, ""15"": 19090.0, ""16"": 22617.0, ""17"": 24870.0, ""18"": 26070.0, ""19"": 29126.0, ""2"": 81.0, ""20"": 43589.0, ""21"": 43909.0, ""22"": 46383.0, ""23"": 52634.0, ""24"": 62277.0, ""25"": 67892.0, ""26"": 74028.0, ""27"": 79198.0, ""28"": 91677.0, ""3"": 134.0, ""4"": 93.0, ""5"": 399.0, ""6"": 670.0, ""7"": 99.0, ""8"": 767.0, ""9"": 1604.0}","{""BUILD_PASTURE"": 12, ""CARE"": 220, ""COLLECT_FERTILIZER"": 272, ""DIG"": 19, ""DROP"": 68, ""EAST"": 839, ""FEED"": 259, ""HARVEST"": 186, ""NORTH"": 1296, ""PASS"": 1757, ""PICKUP"": 71, ""PLACE"": 12, ""PLANT"": 100, ""SOUTH"": 944, ""WATER"": 781, ""WEST"": 1056}","{""BUY_ANIMAL"": 6, ""BUY_LAND"": 2, ""BUY_PRODUCT"": 198, ""BUY_SEED"": 53, ""HIRE"": 317, ""SELL"": 210}","{""BUY_ANIMAL:COW"": 8, ""BUY_ANIMAL:SHEEP"": 4, ""BUY_PRODUCT:WHEAT"": 524, ""BUY_SEED:CARROT"": 13, ""BUY_SEED:MELON"": 20, ""BUY_SEED:STRAWBERRY"": 37, ""BUY_SEED:WHEAT"": 36, ""SELL:CARROT"": 30, ""SELL:FERTILIZER"": 272, ""SELL:MELON"": 117, ""SELL:MILK"": 180, ""SELL:STRAWBERRY"": 125, ""SELL:WHEAT"": 388, ""SELL:WOOL"": 103}",v009a_market_memory,hamburger,"{""extra_sells"": 0, ""last_step"": 718, ""previous_inventory"": {""MELON"": 10092, ""MILK"": 10000, ""STRAWBERRY"": 9874, ""WOOL"": 9974}, ""previous_prices"": {""MELON"": 165.0, ""MILK"": 160.0, ""STRAWBERRY"": 214.0, ""WOOL"": 228.0}, ""reduced_sells"": 69, ""regimes"": {""MELON"": ""GLUT"", ""MILK"": ""NORMAL"", ""STRAWBERRY"": ""TIGHT"", ""WOOL"": ""TIGHT""}, ""reordered_sells"": 14}"
42,0,91212.0,135679.0,-44467.0,loss,DONE,DONE,1,719,0,0,0.645,1.1438875,1.380094000000001,12.41875,3.245101207998232,0,0,[],"{""0"": 98.0, ""1"": 94.0, ""10"": 4412.0, ""11"": 12868.0, ""12"": 10296.0, ""13"": 13241.0, ""14"": 15803.0, ""15"": 16827.0, ""16"": 20045.0, ""17"": 22304.0, ""18"": 26298.0, ""19"": 32402.0, ""2"": 81.0, ""20"": 41283.0, ""21"": 43681.0, ""22"": 49842.0, ""23"": 54908.0, ""24"": 64299.0, ""25"": 70772.0, ""26"": 76352.0, ""27"": 78120.0, ""28"": 90378.0, ""3"": 134.0, ""4"": 93.0, ""5"": 399.0, ""6"": 663.0, ""7"": 90.0, ""8"": 701.0, ""9"": 1140.0}","{""BUILD_PASTURE"": 12, ""CARE"": 235, ""COLLECT_FERTILIZER"": 270, ""DIG"": 26, ""DROP"": 69, ""EAST"": 849, ""FEED"": 254, ""HARVEST"": 188, ""NORTH"": 1319, ""PASS"": 1616, ""PICKUP"": 70, ""PLACE"": 12, ""PLANT"": 102, ""SOUTH"": 998, ""WATER"": 714, ""WEST"": 1112}","{""BUY_ANIMAL"": 6, ""BUY_LAND"": 2, ""BUY_PRODUCT"": 196, ""BUY_SEED"": 54, ""HIRE"": 315, ""SELL"": 212}","{""BUY_ANIMAL:COW"": 4, ""BUY_ANIMAL:SHEEP"": 8, ""BUY_PRODUCT:WHEAT"": 520, ""BUY_SEED:CARROT"": 14, ""BUY_SEED:MELON"": 20, ""BUY_SEED:STRAWBERRY"": 37, ""BUY_SEED:WHEAT"": 38, ""SELL:CARROT"": 30, ""SELL:FERTILIZER"": 270, ""SELL:MELON"": 114, ""SELL:MILK"": 112, ""SELL:STRAWBERRY"": 119, ""SELL:WHEAT"": 387, ""SELL:WOOL"": 170}",v009a_market_memory,hamburger,"{""extra_sells"": 0, ""last_step"": 718, ""previous_inventory"": {""MELON"": 10093, ""MILK"": 9968, ""STRAWBERRY"": 9946, ""WOOL"": 9946}, ""previous_prices"": {""MELON"": 164.0, ""MILK"": 209.0, ""STRAWBERRY"": 182.0, ""WOOL"": 234.0}, ""reduced_sells"": 81, ""regimes"": {""MELON"": ""GLUT"", ""MILK"": ""TIGHT"", ""STRAWBERRY"": ""TIGHT"", ""WOOL"": ""TIGHT""}, ""reordered_sells"": 14}"
42,1,97165.0,147417.0,-50252.0,loss,DONE,DONE,1,719,0,0,0.637583,1.1466753,1.32647262,46.628792,3.135331541998312,0,0,[],"{""0"": 98.0, ""1"": 94.0, ""10"": 4412.0, ""11"": 12868.0, ""12"": 10296.0, ""13"": 13241.0, ""14"": 15803.0, ""15"": 16833.0, ""16"": 20179.0, ""17"": 22541.0, ""18"": 27698.0, ""19"": 33166.0, ""2"": 81.0, ""20"": 44136.0, ""21"": 45815.0, ""22"": 51753.0, ""23"": 59276.0, ""24"": 67655.0, ""25"": 75599.0, ""26"": 81097.0, ""27"": 83563.0, ""28"": 96041.0, ""3"": 134.0, ""4"": 93.0, ""5"": 399.0, ""6"": 663.0, ""7"": 90.0, ""8"": 701.0, ""9"": 1140.0}","{""BUILD_PASTURE"": 12, ""CARE"": 236, ""COLLECT_FERTILIZER"": 272, ""DIG"": 26, ""DROP"": 76, ""EAST"": 881, ""FEED"": 257, ""HARVEST"": 190, ""NORTH"": 1261, ""PASS"": 1588, ""PICKUP"": 71, ""PLACE"": 12, ""PLANT"": 103, ""SOUTH"": 981, ""WATER"": 716, ""WEST"": 1118}","{""BUY_ANIMAL"": 6, ""BUY_LAND"": 2, ""BUY_PRODUCT"": 190, ""BUY_SEED"": 52, ""HIRE"": 313, ""SELL"": 208}","{""BUY_ANIMAL:COW"": 4, ""BUY_ANIMAL:SHEEP"": 8, ""BUY_PRODUCT:WHEAT"": 515, ""BUY_SEED:CARROT"": 13, ""BUY_SEED:MELON"": 20, ""BUY_SEED:STRAWBERRY"": 37, ""BUY_SEED:WHEAT"": 37, ""SELL:CARROT"": 27, ""SELL:FERTILIZER"": 272, ""SELL:MELON"": 114, ""SELL:MILK"": 114, ""SELL:STRAWBERRY"": 119, ""SELL:WHEAT"": 380, ""SELL:WOOL"": 171}",v009a_market_memory,hamburger,"{""extra_sells"": 0, ""last_step"": 718, ""previous_inventory"": {""MELON"": 10093, ""MILK"": 9934, ""STRAWBERRY"": 9885, ""WOOL"": 9947}, ""previous_prices"": {""MELON"": 164.0, ""MILK"": 231.0, ""STRAWBERRY"": 210.0, ""WOOL"": 234.0}, ""reduced_sells"": 61, ""regimes"": {""MELON"": ""GLUT"", ""MILK"": ""TIGHT"", ""STRAWBERRY"": ""TIGHT"", ""WOOL"": ""TIGHT""}, ""reordered_sells"": 12}"
2026,0,105482.0,157710.0,-52228.0,loss,DONE,DONE,1,719,0,0,0.661667,1.1556333,1.3693484999999999,44.973542,3.273265417003131,0,0,[],"{""0"": 98.0, ""1"": 94.0, ""10"": 5737.0, ""11"": 13120.0, ""12"": 13263.0, ""13"": 13258.0, ""14"": 16668.0, ""15"": 19903.0, ""16"": 22394.0, ""17"": 25361.0, ""18"": 25939.0, ""19"": 34474.0, ""2"": 81.0, ""20"": 45926.0, ""21"": 49792.0, ""22"": 61598.0, ""23"": 64408.0, ""24"": 66888.0, ""25"": 73554.0, ""26"": 84459.0, ""27"": 90092.0, ""28"": 103859.0, ""3"": 134.0, ""4"": 94.0, ""5"": 393.0, ""6"": 654.0, ""7"": 107.0, ""8"": 746.0, ""9"": 1103.0}","{""BUILD_PASTURE"": 12, ""CARE"": 243, ""COLLECT_FERTILIZER"": 266, ""DIG"": 15, ""DROP"": 79, ""EAST"": 856, ""FEED"": 243, ""HARVEST"": 201, ""NORTH"": 1357, ""PASS"": 1622, ""PICKUP"": 67, ""PLACE"": 12, ""PLANT"": 114, ""SOUTH"": 999, ""WATER"": 764, ""WEST"": 1107}","{""BUY_ANIMAL"": 7, ""BUY_LAND"": 2, ""BUY_PRODUCT"": 193, ""BUY_SEED"": 53, ""HIRE"": 320, ""SELL"": 199}","{""BUY_ANIMAL:COW"": 2, ""BUY_ANIMAL:SHEEP"": 10, ""BUY_PRODUCT:WHEAT"": 518, ""BUY_SEED:CARROT"": 16, ""BUY_SEED:MELON"": 20, ""BUY_SEED:STRAWBERRY"": 37, ""BUY_SEED:WHEAT"": 41, ""SELL:CARROT"": 48, ""SELL:FERTILIZER"": 266, ""SELL:MELON"": 110, ""SELL:MILK"": 66, ""SELL:STRAWBERRY"": 128, ""SELL:WHEAT"": 422, ""SELL:WOOL"": 208}",v009a_market_memory,hamburger,"{""extra_sells"": 0, ""last_step"": 718, ""previous_inventory"": {""MELON"": 10089, ""MILK"": 9904, ""STRAWBERRY"": 9883, ""WOOL"": 9912}, ""previous_prices"": {""MELON"": 171.0, ""MILK"": 245.0, ""STRAWBERRY"": 211.0, ""WOOL"": 239.0}, ""reduced_sells"": 45, ""regimes"": {""MELON"": ""GLUT"", ""MILK"": ""TIGHT"", ""STRAWBERRY"": ""TIGHT"", ""WOOL"": ""TIGHT""}, ""reordered_sells"": 11}"
2026,1,100429.0,144332.0,-43903.0,loss,DONE,DONE,1,719,0,0,0.669583,1.1588706,1.33118182,1.550625,3.1703716670017457,0,0,[],"{""0"": 98.0, ""1"": 94.0, ""10"": 5737.0, ""11"": 13120.0, ""12"": 13263.0, ""13"": 13293.0, ""14"": 16664.0, ""15"": 19842.0, ""16"": 22017.0, ""17"": 25173.0, ""18"": 27286.0, ""19"": 36228.0, ""2"": 81.0, ""20"": 49533.0, ""21"": 52700.0, ""22"": 60315.0, ""23"": 64671.0, ""24"": 67814.0, ""25"": 74656.0, ""26"": 85931.0, ""27"": 87624.0, ""28"": 99039.0, ""3"": 134.0, ""4"": 94.0, ""5"": 393.0, ""6"": 654.0, ""7"": 107.0, ""8"": 746.0, ""9"": 1103.0}","{""BUILD_PASTURE"": 12, ""CARE"": 237, ""COLLECT_FERTILIZER"": 264, ""DIG"": 16, ""DROP"": 80, ""EAST"": 865, ""FEED"": 249, ""HARVEST"": 201, ""NORTH"": 1328, ""PASS"": 1684, ""PICKUP"": 67, ""PLACE"": 12, ""PLANT"": 109, ""SOUTH"": 1002, ""WATER"": 738, ""WEST"": 1095}","{""BUY_ANIMAL"": 7, ""BUY_LAND"": 2, ""BUY_PRODUCT"": 195, ""BUY_SEED"": 49, ""HIRE"": 320, ""SELL"": 200}","{""BUY_ANIMAL:COW"": 2, ""BUY_ANIMAL:SHEEP"": 10, ""BUY_PRODUCT:WHEAT"": 516, ""BUY_SEED:CARROT"": 14, ""BUY_SEED:MELON"": 20, ""BUY_SEED:STRAWBERRY"": 37, ""BUY_SEED:WHEAT"": 39, ""SELL:CARROT"": 39, ""SELL:FERTILIZER"": 264, ""SELL:MELON"": 116, ""SELL:MILK"": 68, ""SELL:STRAWBERRY"": 128, ""SELL:WHEAT"": 402, ""SELL:WOOL"": 216}",v009a_market_memory,hamburger,"{""extra_sells"": 0, ""last_step"": 718, ""previous_inventory"": {""MELON"": 10095, ""MILK"": 9906, ""STRAWBERRY"": 9991, ""WOOL"": 9920}, ""previous_prices"": {""MELON"": 160.0, ""MILK"": 244.0, ""STRAWBERRY"": 145.0, ""WOOL"": 238.0}, ""reduced_sells"": 52, ""regimes"": {""MELON"": ""GLUT"", ""MILK"": ""TIGHT"", ""STRAWBERRY"": ""TIGHT"", ""WOOL"": ""TIGHT""}, ""reordered_sells"": 10}"
217,0,93494.0,147303.0,-53809.0,loss,DONE,DONE,1,719,0,0,0.659625,1.1518327,1.3271755600000004,1.539291,3.188250999999582,0,0,[],"{""0"": 98.0, ""1"": 94.0, ""10"": 8839.0, ""11"": 11264.0, ""12"": 10905.0, ""13"": 14755.0, ""14"": 17125.0, ""15"": 21348.0, ""16"": 22272.0, ""17"": 24138.0, ""18"": 25787.0, ""19"": 30231.0, ""2"": 81.0, ""20"": 40402.0, ""21"": 44842.0, ""22"": 50990.0, ""23"": 56386.0, ""24"": 59019.0, ""25"": 65898.0, ""26"": 74177.0, ""27"": 79533.0, ""28"": 90760.0, ""3"": 134.0, ""4"": 94.0, ""5"": 393.0, ""6"": 661.0, ""7"": 80.0, ""8"": 848.0, ""9"": 1357.0}","{""BUILD_PASTURE"": 12, ""CARE"": 218, ""COLLECT_FERTILIZER"": 270, ""DIG"": 22, ""DROP"": 78, ""EAST"": 826, ""FEED"": 259, ""HARVEST"": 183, ""NORTH"": 1331, ""PASS"": 1615, ""PICKUP"": 70, ""PLACE"": 12, ""PLANT"": 99, ""SOUTH"": 1023, ""WATER"": 762, ""WEST"": 1087}","{""BUY_ANIMAL"": 7, ""BUY_LAND"": 2, ""BUY_PRODUCT"": 206, ""BUY_SEED"": 48, ""HIRE"": 316, ""SELL"": 213}","{""BUY_ANIMAL:COW"": 8, ""BUY_ANIMAL:SHEEP"": 4, ""BUY_PRODUCT:WHEAT"": 529, ""BUY_SEED:CARROT"": 12, ""BUY_SEED:MELON"": 20, ""BUY_SEED:STRAWBERRY"": 37, ""BUY_SEED:WHEAT"": 36, ""SELL:CARROT"": 24, ""SELL:FERTILIZER"": 270, ""SELL:MELON"": 119, ""SELL:MILK"": 167, ""SELL:STRAWBERRY"": 124, ""SELL:WHEAT"": 383, ""SELL:WOOL"": 110}",v009a_market_memory,hamburger,"{""extra_sells"": 0, ""last_step"": 718, ""previous_inventory"": {""MELON"": 10098, ""MILK"": 10005, ""STRAWBERRY"": 9825, ""WOOL"": 9958}, ""previous_prices"": {""MELON"": 154.0, ""MILK"": 150.0, ""STRAWBERRY"": 231.0, ""WOOL"": 232.0}, ""reduced_sells"": 59, ""regimes"": {""MELON"": ""GLUT"", ""MILK"": ""NORMAL"", ""STRAWBERRY"": ""TIGHT"", ""WOOL"": ""TIGHT""}, ""reordered_sells"": 10}"
217,1,89282.0,134359.0,-45077.0,loss,DONE,DONE,1,719,0,0,0.63625,1.1294167000000002,1.31876126,1.62925,3.1696343750008964,0,0,[],"{""0"": 98.0, ""1"": 94.0, ""10"": 8839.0, ""11"": 11264.0, ""12"": 10905.0, ""13"": 14755.0, ""14"": 17125.0, ""15"": 21277.0, ""16"": 21521.0, ""17"": 23141.0, ""18"": 24471.0, ""19"": 27808.0, ""2"": 81.0, ""20"": 38912.0, ""21"": 42793.0, ""22"": 49270.0, ""23"": 51004.0, ""24"": 55768.0, ""25"": 63951.0, ""26"": 70440.0, ""27"": 75843.0, ""28"": 85916.0, ""3"": 134.0, ""4"": 94.0, ""5"": 393.0, ""6"": 661.0, ""7"": 80.0, ""8"": 848.0, ""9"": 1357.0}","{""BUILD_PASTURE"": 12, ""CARE"": 217, ""COLLECT_FERTILIZER"": 269, ""DIG"": 25, ""DROP"": 71, ""EAST"": 850, ""FEED"": 260, ""HARVEST"": 187, ""NORTH"": 1288, ""PASS"": 1656, ""PICKUP"": 70, ""PLACE"": 12, ""PLANT"": 97, ""SOUTH"": 1020, ""WATER"": 757, ""WEST"": 1100}","{""BUY_ANIMAL"": 7, ""BUY_LAND"": 2, ""BUY_PRODUCT"": 207, ""BUY_SEED"": 47, ""HIRE"": 317, ""SELL"": 223}","{""BUY_ANIMAL:COW"": 8, ""BUY_ANIMAL:SHEEP"": 4, ""BUY_PRODUCT:WHEAT"": 527, ""BUY_SEED:CARROT"": 13, ""BUY_SEED:MELON"": 20, ""BUY_SEED:STRAWBERRY"": 37, ""BUY_SEED:WHEAT"": 33, ""SELL:CARROT"": 29, ""SELL:FERTILIZER"": 269, ""SELL:MELON"": 115, ""SELL:MILK"": 182, ""SELL:STRAWBERRY"": 124, ""SELL:WHEAT"": 379, ""SELL:WOOL"": 99}",v009a_market_memory,hamburger,"{""extra_sells"": 0, ""last_step"": 718, ""previous_inventory"": {""MELON"": 10094, ""MILK"": 9984, ""STRAWBERRY"": 9836, ""WOOL"": 10018}, ""previous_prices"": {""MELON"": 162.0, ""MILK"": 195.0, ""STRAWBERRY"": 228.0, ""WOOL"": 181.0}, ""reduced_sells"": 58, ""regimes"": {""MELON"": ""GLUT"", ""MILK"": ""TIGHT"", ""STRAWBERRY"": ""TIGHT"", ""WOOL"": ""NORMAL""}, ""reordered_sells"": 9}"
317,0,100646.0,150078.0,-49432.0,loss,DONE,DONE,1,719,0,0,0.66075,1.1497625,1.3521424400000006,38.964959,3.150388333997398,0,0,[],"{""0"": 98.0, ""1"": 94.0, ""10"": 8255.0, ""11"": 13567.0, ""12"": 11140.0, ""13"": 14860.0, ""14"": 16095.0, ""15"": 18512.0, ""16"": 22776.0, ""17"": 25163.0, ""18"": 28303.0, ""19"": 34548.0, ""2"": 81.0, ""20"": 46389.0, ""21"": 53191.0, ""22"": 57336.0, ""23"": 59899.0, ""24"": 66285.0, ""25"": 72377.0, ""26"": 80571.0, ""27"": 85786.0, ""28"": 97988.0, ""3"": 134.0, ""4"": 94.0, ""5"": 393.0, ""6"": 654.0, ""7"": 111.0, ""8"": 1171.0, ""9"": 1617.0}","{""BUILD_PASTURE"": 12, ""CARE"": 230, ""COLLECT_FERTILIZER"": 269, ""DIG"": 17, ""DROP"": 77, ""EAST"": 890, ""FEED"": 260, ""HARVEST"": 199, ""NORTH"": 1306, ""PASS"": 1611, ""PICKUP"": 69, ""PLACE"": 12, ""PLANT"": 105, ""SOUTH"": 974, ""WATER"": 754, ""WEST"": 1125}","{""BUY_ANIMAL"": 8, ""BUY_LAND"": 2, ""BUY_PRODUCT"": 207, ""BUY_SEED"": 48, ""HIRE"": 318, ""SELL"": 201}","{""BUY_ANIMAL:COW"": 8, ""BUY_ANIMAL:SHEEP"": 4, ""BUY_PRODUCT:WHEAT"": 527, ""BUY_SEED:CARROT"": 14, ""BUY_SEED:MELON"": 20, ""BUY_SEED:STRAWBERRY"": 37, ""BUY_SEED:WHEAT"": 37, ""SELL:CARROT"": 33, ""SELL:FERTILIZER"": 269, ""SELL:MELON"": 114, ""SELL:MILK"": 193, ""SELL:STRAWBERRY"": 125, ""SELL:WHEAT"": 397, ""SELL:WOOL"": 107}",v009a_market_memory,hamburger,"{""extra_sells"": 0, ""last_step"": 718, ""previous_inventory"": {""MELON"": 10093, ""MILK"": 9995, ""STRAWBERRY"": 9916, ""WOOL"": 9919}, ""previous_prices"": {""MELON"": 164.0, ""MILK"": 179.0, ""STRAWBERRY"": 197.0, ""WOOL"": 238.0}, ""reduced_sells"": 54, ""regimes"": {""MELON"": ""GLUT"", ""MILK"": ""TIGHT"", ""STRAWBERRY"": ""TIGHT"", ""WOOL"": ""TIGHT""}, ""reordered_sells"": 15}"
317,1,100466.0,149854.0,-49388.0,loss,DONE,DONE,1,719,0,0,0.657917,1.1544797999999998,1.3681830600000002,48.317542,3.2417663339947467,0,0,[],"{""0"": 98.0, ""1"": 94.0, ""10"": 8255.0, ""11"": 13567.0, ""12"": 11140.0, ""13"": 14860.0, ""14"": 16095.0, ""15"": 18512.0, ""16"": 22776.0, ""17"": 25163.0, ""18"": 28303.0, ""19"": 34548.0, ""2"": 81.0, ""20"": 46389.0, ""21"": 53191.0, ""22"": 57336.0, ""23"": 59899.0, ""24"": 68724.0, ""25"": 73615.0, ""26"": 82538.0, ""27"": 85807.0, ""28"": 98207.0, ""3"": 134.0, ""4"": 94.0, ""5"": 393.0, ""6"": 654.0, ""7"": 111.0, ""8"": 1171.0, ""9"": 1617.0}","{""BUILD_PASTURE"": 12, ""CARE"": 230, ""COLLECT_FERTILIZER"": 269, ""DIG"": 18, ""DROP"": 82, ""EAST"": 885, ""FEED"": 260, ""HARVEST"": 199, ""NORTH"": 1313, ""PASS"": 1644, ""PICKUP"": 69, ""PLACE"": 12, ""PLANT"": 105, ""SOUTH"": 975, ""WATER"": 751, ""WEST"": 1108}","{""BUY_ANIMAL"": 8, ""BUY_LAND"": 2, ""BUY_PRODUCT"": 209, ""BUY_SEED"": 49, ""HIRE"": 319, ""SELL"": 203}","{""BUY_ANIMAL:COW"": 8, ""BUY_ANIMAL:SHEEP"": 4, ""BUY_PRODUCT:WHEAT"": 523, ""BUY_SEED:CARROT"": 15, ""BUY_SEED:MELON"": 20, ""BUY_SEED:STRAWBERRY"": 37, ""BUY_SEED:WHEAT"": 37, ""SELL:CARROT"": 36, ""SELL:FERTILIZER"": 269, ""SELL:MELON"": 114, ""SELL:MILK"": 193, ""SELL:STRAWBERRY"": 125, ""SELL:WHEAT"": 389, ""SELL:WOOL"": 107}",v009a_market_memory,hamburger,"{""extra_sells"": 0, ""last_step"": 718, ""previous_inventory"": {""MELON"": 10093, ""MILK"": 9995, ""STRAWBERRY"": 9916, ""WOOL"": 9919}, ""previous_prices"": {""MELON"": 164.0, ""MILK"": 179.0, ""STRAWBERRY"": 197.0, ""WOOL"": 238.0}, ""reduced_sells"": 52, ""regimes"": {""MELON"": ""GLUT"", ""MILK"": ""TIGHT"", ""STRAWBERRY"": ""TIGHT"", ""WOOL"": ""TIGHT""}, ""reordered_sells"": 16}"
733,0,112840.0,167721.0,-54881.0,loss,DONE,DONE,1,719,0,0,0.667875,1.1730535,1.3618781800000013,1.613041,3.1881883750029374,0,0,[],"{""0"": 98.0, ""1"": 94.0, ""10"": 8257.0, ""11"": 13537.0, ""12"": 11303.0, ""13"": 15348.0, ""14"": 19513.0, ""15"": 23040.0, ""16"": 24960.0, ""17"": 28232.0, ""18"": 31251.0, ""19"": 37919.0, ""2"": 81.0, ""20"": 49586.0, ""21"": 55131.0, ""22"": 62461.0, ""23"": 68233.0, ""24"": 74231.0, ""25"": 80912.0, ""26"": 89741.0, ""27"": 95652.0, ""28"": 111179.0, ""3"": 134.0, ""4"": 94.0, ""5"": 393.0, ""6"": 655.0, ""7"": 111.0, ""8"": 1108.0, ""9"": 1459.0}","{""BUILD_PASTURE"": 12, ""CARE"": 245, ""COLLECT_FERTILIZER"": 270, ""DIG"": 13, ""DROP"": 73, ""EAST"": 866, ""FEED"": 256, ""HARVEST"": 199, ""NORTH"": 1336, ""PASS"": 1667, ""PICKUP"": 66, ""PLACE"": 12, ""PLANT"": 107, ""SOUTH"": 1001, ""WATER"": 748, ""WEST"": 1085}","{""BUY_ANIMAL"": 8, ""BUY_LAND"": 2, ""BUY_PRODUCT"": 191, ""BUY_SEED"": 49, ""HIRE"": 320, ""SELL"": 191}","{""BUY_ANIMAL:COW"": 5, ""BUY_ANIMAL:SHEEP"": 7, ""BUY_PRODUCT:WHEAT"": 521, ""BUY_SEED:CARROT"": 14, ""BUY_SEED:MELON"": 20, ""BUY_SEED:STRAWBERRY"": 37, ""BUY_SEED:WHEAT"": 39, ""SELL:CARROT"": 33, ""SELL:FERTILIZER"": 270, ""SELL:MELON"": 110, ""SELL:MILK"": 119, ""SELL:STRAWBERRY"": 124, ""SELL:WHEAT"": 400, ""SELL:WOOL"": 178}",v009a_market_memory,hamburger,"{""extra_sells"": 0, ""last_step"": 718, ""previous_inventory"": {""MELON"": 10089, ""MILK"": 9921, ""STRAWBERRY"": 9800, ""WOOL"": 9882}, ""previous_prices"": {""MELON"": 171.0, ""MILK"": 237.0, ""STRAWBERRY"": 239.0, ""WOOL"": 241.0}, ""reduced_sells"": 31, ""regimes"": {""MELON"": ""GLUT"", ""MILK"": ""TIGHT"", ""STRAWBERRY"": ""TIGHT"", ""WOOL"": ""TIGHT""}, ""reordered_sells"": 7}"
733,1,113788.0,168141.0,-54353.0,loss,DONE,DONE,1,719,0,0,0.664334,1.1414328,1.3425094400000004,30.318625,3.2511325419982313,0,0,[],"{""0"": 98.0, ""1"": 94.0, ""10"": 8257.0, ""11"": 13537.0, ""12"": 11303.0, ""13"": 15348.0, ""14"": 19513.0, ""15"": 23040.0, ""16"": 25046.0, ""17"": 28187.0, ""18"": 31301.0, ""19"": 38006.0, ""2"": 81.0, ""20"": 50366.0, ""21"": 56060.0, ""22"": 64458.0, ""23"": 71956.0, ""24"": 74780.0, ""25"": 86202.0, ""26"": 90339.0, ""27"": 96616.0, ""28"": 112366.0, ""3"": 134.0, ""4"": 94.0, ""5"": 393.0, ""6"": 655.0, ""7"": 111.0, ""8"": 1108.0, ""9"": 1459.0}","{""BUILD_PASTURE"": 12, ""CARE"": 243, ""COLLECT_FERTILIZER"": 270, ""DIG"": 14, ""DROP"": 75, ""EAST"": 871, ""FEED"": 254, ""HARVEST"": 204, ""NORTH"": 1323, ""PASS"": 1672, ""PICKUP"": 67, ""PLACE"": 12, ""PLANT"": 110, ""SOUTH"": 981, ""WATER"": 738, ""WEST"": 1109}","{""BUY_ANIMAL"": 8, ""BUY_LAND"": 2, ""BUY_PRODUCT"": 197, ""BUY_SEED"": 49, ""HIRE"": 320, ""SELL"": 185}","{""BUY_ANIMAL:COW"": 5, ""BUY_ANIMAL:SHEEP"": 7, ""BUY_PRODUCT:WHEAT"": 515, ""BUY_SEED:CARROT"": 15, ""BUY_SEED:MELON"": 20, ""BUY_SEED:STRAWBERRY"": 37, ""BUY_SEED:WHEAT"": 40, ""SELL:CARROT"": 39, ""SELL:FERTILIZER"": 270, ""SELL:MELON"": 111, ""SELL:MILK"": 120, ""SELL:STRAWBERRY"": 124, ""SELL:WHEAT"": 396, ""SELL:WOOL"": 180}",v009a_market_memory,hamburger,"{""extra_sells"": 0, ""last_step"": 718, ""previous_inventory"": {""MELON"": 10090, ""MILK"": 9904, ""STRAWBERRY"": 9825, ""WOOL"": 9884}, ""previous_prices"": {""MELON"": 169.0, ""MILK"": 245.0, ""STRAWBERRY"": 231.0, ""WOOL"": 241.0}, ""reduced_sells"": 30, ""regimes"": {""MELON"": ""GLUT"", ""MILK"": ""TIGHT"", ""STRAWBERRY"": ""TIGHT"", ""WOOL"": ""TIGHT""}, ""reordered_sells"": 11}"
17,0,95524.0,130724.0,-35200.0,loss,DONE,DONE,1,719,0,0,0.672208,1.1423750000000001,1.3679723800000005,1.591333,3.1627783750009257,0,0,[],"{""0"": 98.0, ""1"": 94.0, ""10"": 9820.0, ""11"": 11603.0, ""12"": 11246.0, ""13"": 15027.0, ""14"": 16389.0, ""15"": 18389.0, ""16"": 22065.0, ""17"": 23411.0, ""18"": 25022.0, ""19"": 29328.0, ""2"": 82.0, ""20"": 45135.0, ""21"": 51653.0, ""22"": 55853.0, ""23"": 59476.0, ""24"": 65209.0, ""25"": 73414.0, ""26"": 75985.0, ""27"": 83403.0, ""28"": 92935.0, ""3"": 136.0, ""4"": 95.0, ""5"": 402.0, ""6"": 666.0, ""7"": 80.0, ""8"": 1003.0, ""9"": 1601.0}","{""BUILD_PASTURE"": 12, ""CARE"": 223, ""COLLECT_FERTILIZER"": 271, ""DIG"": 15, ""DROP"": 90, ""EAST"": 934, ""FEED"": 259, ""HARVEST"": 198, ""NORTH"": 1375, ""PASS"": 1542, ""PICKUP"": 66, ""PLACE"": 12, ""PLANT"": 100, ""SOUTH"": 978, ""WATER"": 725, ""WEST"": 1115}","{""BUY_ANIMAL"": 7, ""BUY_LAND"": 2, ""BUY_PRODUCT"": 193, ""BUY_SEED"": 47, ""HIRE"": 318, ""SELL"": 226}","{""BUY_ANIMAL:COW"": 9, ""BUY_ANIMAL:SHEEP"": 3, ""BUY_PRODUCT:WHEAT"": 520, ""BUY_SEED:CARROT"": 15, ""BUY_SEED:MELON"": 20, ""BUY_SEED:STRAWBERRY"": 37, ""BUY_SEED:WHEAT"": 32, ""SELL:CARROT"": 33, ""SELL:FERTILIZER"": 271, ""SELL:MELON"": 118, ""SELL:MILK"": 209, ""SELL:STRAWBERRY"": 125, ""SELL:WHEAT"": 370, ""SELL:WOOL"": 79}",v009a_market_memory,frontier,"{""extra_sells"": 0, ""last_step"": 718, ""previous_inventory"": {""MELON"": 10097, ""MILK"": 9939, ""STRAWBERRY"": 9952, ""WOOL"": 10012}, ""previous_prices"": {""MELON"": 156.0, ""MILK"": 228.0, ""STRAWBERRY"": 178.0, ""WOOL"": 192.0}, ""reduced_sells"": 64, ""regimes"": {""MELON"": ""GLUT"", ""MILK"": ""TIGHT"", ""STRAWBERRY"": ""TIGHT"", ""WOOL"": ""NORMAL""}, ""reordered_sells"": 8}"
17,1,102243.0,142108.0,-39865.0,loss,DONE,DONE,1,719,0,0,0.640333,1.1512994,1.3447606200000002,1.711708,3.1708890830050223,0,0,[],"{""0"": 98.0, ""1"": 94.0, ""10"": 7766.0, ""11"": 11032.0, ""12"": 10705.0, ""13"": 14483.0, ""14"": 18041.0, ""15"": 19371.0, ""16"": 23520.0, ""17"": 25765.0, ""18"": 26860.0, ""19"": 34788.0, ""2"": 82.0, ""20"": 45533.0, ""21"": 50500.0, ""22"": 52147.0, ""23"": 60152.0, ""24"": 67937.0, ""25"": 76331.0, ""26"": 79868.0, ""27"": 86397.0, ""28"": 99744.0, ""3"": 136.0, ""4"": 95.0, ""5"": 402.0, ""6"": 672.0, ""7"": 109.0, ""8"": 677.0, ""9"": 1257.0}","{""BUILD_PASTURE"": 12, ""CARE"": 229, ""COLLECT_FERTILIZER"": 272, ""DIG"": 18, ""DROP"": 72, ""EAST"": 860, ""FEED"": 255, ""HARVEST"": 195, ""NORTH"": 1298, ""PASS"": 1648, ""PICKUP"": 73, ""PLACE"": 12, ""PLANT"": 101, ""SOUTH"": 967, ""WATER"": 728, ""WEST"": 1110}","{""BUY_ANIMAL"": 6, ""BUY_LAND"": 2, ""BUY_PRODUCT"": 187, ""BUY_SEED"": 51, ""HIRE"": 315, ""SELL"": 195}","{""BUY_ANIMAL:COW"": 8, ""BUY_ANIMAL:SHEEP"": 4, ""BUY_PRODUCT:WHEAT"": 517, ""BUY_SEED:CARROT"": 14, ""BUY_SEED:MELON"": 20, ""BUY_SEED:STRAWBERRY"": 37, ""BUY_SEED:WHEAT"": 37, ""SELL:CARROT"": 30, ""SELL:FERTILIZER"": 272, ""SELL:MELON"": 112, ""SELL:MILK"": 184, ""SELL:STRAWBERRY"": 123, ""SELL:WHEAT"": 380, ""SELL:WOOL"": 96}",v009a_market_memory,frontier,"{""extra_sells"": 0, ""last_step"": 718, ""previous_inventory"": {""MELON"": 10087, ""MILK"": 9896, ""STRAWBERRY"": 9792, ""WOOL"": 10006}, ""previous_prices"": {""MELON"": 174.0, ""MILK"": 249.0, ""STRAWBERRY"": 241.0, ""WOOL"": 198.0}, ""reduced_sells"": 40, ""regimes"": {""MELON"": ""GLUT"", ""MILK"": ""TIGHT"", ""STRAWBERRY"": ""TIGHT"", ""WOOL"": ""NORMAL""}, ""reordered_sells"": 4}"
42,0,88094.0,138304.0,-50210.0,loss,DONE,DONE,1,719,0,0,0.639708,1.1345205,1.3464231200000032,35.543209,3.187177416002669,0,0,[],"{""0"": 98.0, ""1"": 94.0, ""10"": 8227.0, ""11"": 9785.0, ""12"": 9490.0, ""13"": 13184.0, ""14"": 16436.0, ""15"": 17423.0, ""16"": 20276.0, ""17"": 21859.0, ""18"": 23807.0, ""19"": 27815.0, ""2"": 82.0, ""20"": 36436.0, ""21"": 39292.0, ""22"": 43115.0, ""23"": 53179.0, ""24"": 57983.0, ""25"": 63166.0, ""26"": 69854.0, ""27"": 74307.0, ""28"": 86519.0, ""3"": 136.0, ""4"": 95.0, ""5"": 402.0, ""6"": 665.0, ""7"": 100.0, ""8"": 662.0, ""9"": 885.0}","{""BUILD_PASTURE"": 12, ""CARE"": 212, ""COLLECT_FERTILIZER"": 272, ""DIG"": 21, ""DROP"": 86, ""EAST"": 820, ""FEED"": 255, ""HARVEST"": 180, ""NORTH"": 1352, ""PASS"": 1549, ""PICKUP"": 74, ""PLACE"": 12, ""PLANT"": 96, ""SOUTH"": 1036, ""WATER"": 726, ""WEST"": 1123}","{""BUY_ANIMAL"": 6, ""BUY_LAND"": 2, ""BUY_PRODUCT"": 198, ""BUY_SEED"": 53, ""HIRE"": 314, ""SELL"": 220}","{""BUY_ANIMAL:COW"": 6, ""BUY_ANIMAL:SHEEP"": 6, ""BUY_PRODUCT:WHEAT"": 524, ""BUY_SEED:CARROT"": 12, ""BUY_SEED:MELON"": 20, ""BUY_SEED:STRAWBERRY"": 37, ""BUY_SEED:WHEAT"": 36, ""SELL:CARROT"": 26, ""SELL:FERTILIZER"": 272, ""SELL:MELON"": 119, ""SELL:MILK"": 126, ""SELL:STRAWBERRY"": 122, ""SELL:WHEAT"": 378, ""SELL:WOOL"": 137}",v009a_market_memory,frontier,"{""extra_sells"": 0, ""last_step"": 718, ""previous_inventory"": {""MELON"": 10098, ""MILK"": 9964, ""STRAWBERRY"": 9877, ""WOOL"": 9984}, ""previous_prices"": {""MELON"": 154.0, ""MILK"": 212.0, ""STRAWBERRY"": 213.0, ""WOOL"": 224.0}, ""reduced_sells"": 63, ""regimes"": {""MELON"": ""GLUT"", ""MILK"": ""TIGHT"", ""STRAWBERRY"": ""TIGHT"", ""WOOL"": ""TIGHT""}, ""reordered_sells"": 13}"
42,1,85356.0,133256.0,-47900.0,loss,DONE,DONE,1,719,0,0,0.643958,1.122225,1.317578940000002,64.959958,3.13537058300426,0,0,[],"{""0"": 98.0, ""1"": 94.0, ""10"": 8227.0, ""11"": 9785.0, ""12"": 9490.0, ""13"": 13184.0, ""14"": 16436.0, ""15"": 17423.0, ""16"": 20276.0, ""17"": 21859.0, ""18"": 23807.0, ""19"": 27815.0, ""2"": 82.0, ""20"": 36436.0, ""21"": 39292.0, ""22"": 42945.0, ""23"": 52554.0, ""24"": 57366.0, ""25"": 61721.0, ""26"": 68190.0, ""27"": 71144.0, ""28"": 83640.0, ""3"": 136.0, ""4"": 95.0, ""5"": 402.0, ""6"": 665.0, ""7"": 100.0, ""8"": 662.0, ""9"": 885.0}","{""BUILD_PASTURE"": 12, ""CARE"": 213, ""COLLECT_FERTILIZER"": 266, ""DIG"": 23, ""DROP"": 79, ""EAST"": 828, ""FEED"": 255, ""HARVEST"": 180, ""NORTH"": 1350, ""PASS"": 1564, ""PICKUP"": 74, ""PLACE"": 12, ""PLANT"": 96, ""SOUTH"": 1019, ""WATER"": 715, ""WEST"": 1116}","{""BUY_ANIMAL"": 6, ""BUY_LAND"": 2, ""BUY_PRODUCT"": 192, ""BUY_SEED"": 53, ""HIRE"": 313, ""SELL"": 209}","{""BUY_ANIMAL:COW"": 6, ""BUY_ANIMAL:SHEEP"": 6, ""BUY_PRODUCT:WHEAT"": 521, ""BUY_SEED:CARROT"": 12, ""BUY_SEED:MELON"": 20, ""BUY_SEED:STRAWBERRY"": 37, ""BUY_SEED:WHEAT"": 36, ""SELL:CARROT"": 26, ""SELL:FERTILIZER"": 266, ""SELL:MELON"": 119, ""SELL:MILK"": 125, ""SELL:STRAWBERRY"": 122, ""SELL:WHEAT"": 370, ""SELL:WOOL"": 138}",v009a_market_memory,frontier,"{""extra_sells"": 0, ""last_step"": 718, ""previous_inventory"": {""MELON"": 10098, ""MILK"": 9981, ""STRAWBERRY"": 9888, ""WOOL"": 9985}, ""previous_prices"": {""MELON"": 154.0, ""MILK"": 198.0, ""STRAWBERRY"": 209.0, ""WOOL"": 224.0}, ""reduced_sells"": 60, ""regimes"": {""MELON"": ""GLUT"", ""MILK"": ""TIGHT"", ""STRAWBERRY"": ""TIGHT"", ""WOOL"": ""TIGHT""}, ""reordered_sells"": 13}"
2026,0,102879.0,132915.0,-30036.0,loss,DONE,DONE,1,719,0,0,0.649875,1.1317917000000002,1.3193086200000002,1.711833,3.1406391249984154,0,0,[],"{""0"": 98.0, ""1"": 94.0, ""10"": 7502.0, ""11"": 10353.0, ""12"": 10085.0, ""13"": 13746.0, ""14"": 17962.0, ""15"": 21069.0, ""16"": 23257.0, ""17"": 25680.0, ""18"": 30707.0, ""19"": 34940.0, ""2"": 82.0, ""20"": 48002.0, ""21"": 51994.0, ""22"": 58049.0, ""23"": 63409.0, ""24"": 69189.0, ""25"": 73041.0, ""26"": 86075.0, ""27"": 90219.0, ""28"": 100133.0, ""3"": 136.0, ""4"": 97.0, ""5"": 398.0, ""6"": 662.0, ""7"": 85.0, ""8"": 558.0, ""9"": 1055.0}","{""BUILD_PASTURE"": 12, ""CARE"": 254, ""COLLECT_FERTILIZER"": 268, ""DIG"": 24, ""DROP"": 66, ""EAST"": 914, ""FEED"": 257, ""HARVEST"": 197, ""NORTH"": 1287, ""PASS"": 1604, ""PICKUP"": 70, ""PLACE"": 12, ""PLANT"": 103, ""SOUTH"": 927, ""WATER"": 750, ""WEST"": 1122}","{""BUY_ANIMAL"": 7, ""BUY_LAND"": 2, ""BUY_PRODUCT"": 199, ""BUY_SEED"": 49, ""HIRE"": 316, ""SELL"": 196}","{""BUY_ANIMAL:COW"": 2, ""BUY_ANIMAL:SHEEP"": 10, ""BUY_PRODUCT:WHEAT"": 517, ""BUY_SEED:CARROT"": 14, ""BUY_SEED:MELON"": 20, ""BUY_SEED:STRAWBERRY"": 37, ""BUY_SEED:WHEAT"": 37, ""SELL:CARROT"": 36, ""SELL:FERTILIZER"": 268, ""SELL:MELON"": 114, ""SELL:MILK"": 70, ""SELL:STRAWBERRY"": 125, ""SELL:WHEAT"": 384, ""SELL:WOOL"": 227}",v009a_market_memory,frontier,"{""extra_sells"": 0, ""last_step"": 718, ""previous_inventory"": {""MELON"": 10093, ""MILK"": 9980, ""STRAWBERRY"": 9898, ""WOOL"": 9930}, ""previous_prices"": {""MELON"": 164.0, ""MILK"": 199.0, ""STRAWBERRY"": 205.0, ""WOOL"": 237.0}, ""reduced_sells"": 52, ""regimes"": {""MELON"": ""GLUT"", ""MILK"": ""TIGHT"", ""STRAWBERRY"": ""TIGHT"", ""WOOL"": ""TIGHT""}, ""reordered_sells"": 10}"
2026,1,100315.0,124147.0,-23832.0,loss,DONE,DONE,1,719,0,0,0.667833,1.1234122,1.336718000000002,1.571167,3.181067500001518,0,0,[],"{""0"": 98.0, ""1"": 94.0, ""10"": 7502.0, ""11"": 10353.0, ""12"": 10044.0, ""13"": 16473.0, ""14"": 17844.0, ""15"": 20886.0, ""16"": 22699.0, ""17"": 27298.0, ""18"": 30470.0, ""19"": 35675.0, ""2"": 82.0, ""20"": 50505.0, ""21"": 51772.0, ""22"": 58210.0, ""23"": 62053.0, ""24"": 70886.0, ""25"": 72706.0, ""26"": 81845.0, ""27"": 86735.0, ""28"": 97574.0, ""3"": 136.0, ""4"": 97.0, ""5"": 398.0, ""6"": 662.0, ""7"": 85.0, ""8"": 558.0, ""9"": 1055.0}","{""BUILD_PASTURE"": 12, ""CARE"": 253, ""COLLECT_FERTILIZER"": 268, ""DIG"": 22, ""DROP"": 68, ""EAST"": 886, ""FEED"": 261, ""HARVEST"": 195, ""NORTH"": 1324, ""PASS"": 1616, ""PICKUP"": 70, ""PLACE"": 12, ""PLANT"": 101, ""SOUTH"": 961, ""WATER"": 728, ""WEST"": 1116}","{""BUY_ANIMAL"": 7, ""BUY_LAND"": 2, ""BUY_PRODUCT"": 204, ""BUY_SEED"": 44, ""HIRE"": 317, ""SELL"": 202}","{""BUY_ANIMAL:COW"": 2, ""BUY_ANIMAL:SHEEP"": 10, ""BUY_PRODUCT:WHEAT"": 527, ""BUY_SEED:CARROT"": 14, ""BUY_SEED:MELON"": 20, ""BUY_SEED:STRAWBERRY"": 37, ""BUY_SEED:WHEAT"": 35, ""SELL:CARROT"": 32, ""SELL:FERTILIZER"": 268, ""SELL:MELON"": 114, ""SELL:MILK"": 70, ""SELL:STRAWBERRY"": 123, ""SELL:WHEAT"": 384, ""SELL:WOOL"": 233}",v009a_market_memory,frontier,"{""extra_sells"": 0, ""last_step"": 718, ""previous_inventory"": {""MELON"": 10093, ""MILK"": 9993, ""STRAWBERRY"": 9932, ""WOOL"": 9936}, ""previous_prices"": {""MELON"": 164.0, ""MILK"": 183.0, ""STRAWBERRY"": 189.0, ""WOOL"": 236.0}, ""reduced_sells"": 55, ""regimes"": {""MELON"": ""GLUT"", ""MILK"": ""TIGHT"", ""STRAWBERRY"": ""TIGHT"", ""WOOL"": ""TIGHT""}, ""reordered_sells"": 9}"
217,0,94947.0,134183.0,-39236.0,loss,DONE,DONE,1,719,0,0,0.6525,1.1389872,1.3120049400000005,1.680375,3.180711374996463,0,0,[],"{""0"": 98.0, ""1"": 94.0, ""10"": 8860.0, ""11"": 11280.0, ""12"": 10968.0, ""13"": 14818.0, ""14"": 17151.0, ""15"": 19075.0, ""16"": 21926.0, ""17"": 23675.0, ""18"": 25228.0, ""19"": 35088.0, ""2"": 82.0, ""20"": 44204.0, ""21"": 48024.0, ""22"": 53385.0, ""23"": 55797.0, ""24"": 60228.0, ""25"": 67520.0, ""26"": 74670.0, ""27"": 81295.0, ""28"": 92239.0, ""3"": 136.0, ""4"": 97.0, ""5"": 398.0, ""6"": 669.0, ""7"": 95.0, ""8"": 863.0, ""9"": 1372.0}","{""BUILD_PASTURE"": 12, ""CARE"": 223, ""COLLECT_FERTILIZER"": 275, ""DIG"": 14, ""DROP"": 81, ""EAST"": 878, ""FEED"": 259, ""HARVEST"": 192, ""NORTH"": 1298, ""PASS"": 1620, ""PICKUP"": 70, ""PLACE"": 12, ""PLANT"": 101, ""SOUTH"": 972, ""WATER"": 773, ""WEST"": 1108}","{""BUY_ANIMAL"": 7, ""BUY_LAND"": 2, ""BUY_PRODUCT"": 192, ""BUY_SEED"": 49, ""HIRE"": 317, ""SELL"": 223}","{""BUY_ANIMAL:COW"": 8, ""BUY_ANIMAL:SHEEP"": 4, ""BUY_PRODUCT:WHEAT"": 520, ""BUY_SEED:CARROT"": 14, ""BUY_SEED:MELON"": 20, ""BUY_SEED:STRAWBERRY"": 37, ""BUY_SEED:WHEAT"": 35, ""SELL:CARROT"": 30, ""SELL:FERTILIZER"": 275, ""SELL:MELON"": 116, ""SELL:MILK"": 191, ""SELL:STRAWBERRY"": 123, ""SELL:WHEAT"": 388, ""SELL:WOOL"": 93}",v009a_market_memory,frontier,"{""extra_sells"": 0, ""last_step"": 718, ""previous_inventory"": {""MELON"": 10095, ""MILK"": 9957, ""STRAWBERRY"": 9878, ""WOOL"": 10017}, ""previous_prices"": {""MELON"": 160.0, ""MILK"": 217.0, ""STRAWBERRY"": 213.0, ""WOOL"": 183.0}, ""reduced_sells"": 59, ""regimes"": {""MELON"": ""GLUT"", ""MILK"": ""TIGHT"", ""STRAWBERRY"": ""TIGHT"", ""WOOL"": ""NORMAL""}, ""reordered_sells"": 13}"
217,1,97304.0,144284.0,-46980.0,loss,DONE,DONE,1,719,0,0,0.650375,1.1832577000000002,1.3938369400000008,1.768375,3.184619207997457,0,0,[],"{""0"": 98.0, ""1"": 94.0, ""10"": 8860.0, ""11"": 11280.0, ""12"": 10968.0, ""13"": 14818.0, ""14"": 17151.0, ""15"": 19111.0, ""16"": 22703.0, ""17"": 24099.0, ""18"": 26192.0, ""19"": 33824.0, ""2"": 82.0, ""20"": 43024.0, ""21"": 47779.0, ""22"": 53737.0, ""23"": 57627.0, ""24"": 62654.0, ""25"": 71418.0, ""26"": 76820.0, ""27"": 85209.0, ""28"": 94638.0, ""3"": 136.0, ""4"": 97.0, ""5"": 398.0, ""6"": 669.0, ""7"": 95.0, ""8"": 863.0, ""9"": 1372.0}","{""BUILD_PASTURE"": 12, ""CARE"": 232, ""COLLECT_FERTILIZER"": 275, ""DIG"": 18, ""DROP"": 82, ""EAST"": 844, ""FEED"": 257, ""HARVEST"": 191, ""NORTH"": 1339, ""PASS"": 1590, ""PICKUP"": 70, ""PLACE"": 12, ""PLANT"": 101, ""SOUTH"": 1010, ""WATER"": 741, ""WEST"": 1092}","{""BUY_ANIMAL"": 7, ""BUY_LAND"": 2, ""BUY_PRODUCT"": 193, ""BUY_SEED"": 51, ""HIRE"": 316, ""SELL"": 226}","{""BUY_ANIMAL:COW"": 8, ""BUY_ANIMAL:SHEEP"": 4, ""BUY_PRODUCT:WHEAT"": 516, ""BUY_SEED:CARROT"": 15, ""BUY_SEED:MELON"": 20, ""BUY_SEED:STRAWBERRY"": 37, ""BUY_SEED:WHEAT"": 35, ""SELL:CARROT"": 33, ""SELL:FERTILIZER"": 275, ""SELL:MELON"": 114, ""SELL:MILK"": 185, ""SELL:STRAWBERRY"": 123, ""SELL:WHEAT"": 374, ""SELL:WOOL"": 104}",v009a_market_memory,frontier,"{""extra_sells"": 0, ""last_step"": 718, ""previous_inventory"": {""MELON"": 10093, ""MILK"": 9987, ""STRAWBERRY"": 9889, ""WOOL"": 9952}, ""previous_prices"": {""MELON"": 164.0, ""MILK"": 191.0, ""STRAWBERRY"": 208.0, ""WOOL"": 233.0}, ""reduced_sells"": 66, ""regimes"": {""MELON"": ""GLUT"", ""MILK"": ""TIGHT"", ""STRAWBERRY"": ""TIGHT"", ""WOOL"": ""TIGHT""}, ""reordered_sells"": 12}"
317,0,98596.0,149727.0,-51131.0,loss,DONE,DONE,1,719,0,0,0.677375,1.1376087,1.2939238200000003,1.521,3.1897263749997364,0,0,[],"{""0"": 98.0, ""1"": 94.0, ""10"": 9833.0, ""11"": 11630.0, ""12"": 11281.0, ""13"": 15026.0, ""14"": 16394.0, ""15"": 18328.0, ""16"": 21817.0, ""17"": 24291.0, ""18"": 26282.0, ""19"": 30791.0, ""2"": 82.0, ""20"": 45336.0, ""21"": 50491.0, ""22"": 53479.0, ""23"": 54416.0, ""24"": 63687.0, ""25"": 70651.0, ""26"": 77037.0, ""27"": 88300.0, ""28"": 95258.0, ""3"": 136.0, ""4"": 97.0, ""5"": 398.0, ""6"": 662.0, ""7"": 88.0, ""8"": 1023.0, ""9"": 1607.0}","{""BUILD_PASTURE"": 12, ""CARE"": 219, ""COLLECT_FERTILIZER"": 269, ""DIG"": 12, ""DROP"": 81, ""EAST"": 961, ""FEED"": 261, ""HARVEST"": 192, ""NORTH"": 1361, ""PASS"": 1505, ""PICKUP"": 68, ""PLACE"": 12, ""PLANT"": 98, ""SOUTH"": 1013, ""WATER"": 746, ""WEST"": 1130}","{""BUY_ANIMAL"": 7, ""BUY_LAND"": 2, ""BUY_PRODUCT"": 209, ""BUY_SEED"": 45, ""HIRE"": 319, ""SELL"": 202}","{""BUY_ANIMAL:COW"": 9, ""BUY_ANIMAL:SHEEP"": 3, ""BUY_PRODUCT:WHEAT"": 530, ""BUY_SEED:CARROT"": 13, ""BUY_SEED:MELON"": 20, ""BUY_SEED:STRAWBERRY"": 37, ""BUY_SEED:WHEAT"": 33, ""SELL:CARROT"": 30, ""SELL:FERTILIZER"": 269, ""SELL:MELON"": 113, ""SELL:MILK"": 210, ""SELL:STRAWBERRY"": 125, ""SELL:WHEAT"": 380, ""SELL:WOOL"": 81}",v009a_market_memory,frontier,"{""extra_sells"": 0, ""last_step"": 718, ""previous_inventory"": {""MELON"": 10092, ""MILK"": 9994, ""STRAWBERRY"": 9790, ""WOOL"": 9962}, ""previous_prices"": {""MELON"": 165.0, ""MILK"": 181.0, ""STRAWBERRY"": 242.0, ""WOOL"": 231.0}, ""reduced_sells"": 39, ""regimes"": {""MELON"": ""GLUT"", ""MILK"": ""TIGHT"", ""STRAWBERRY"": ""TIGHT"", ""WOOL"": ""TIGHT""}, ""reordered_sells"": 11}"
317,1,98547.0,150073.0,-51526.0,loss,DONE,DONE,1,719,0,0,0.668667,1.1428417000000002,1.3089325600000001,1.57175,3.1904910419980297,0,0,[],"{""0"": 98.0, ""1"": 94.0, ""10"": 9833.0, ""11"": 11630.0, ""12"": 11281.0, ""13"": 15026.0, ""14"": 16394.0, ""15"": 18328.0, ""16"": 21817.0, ""17"": 24291.0, ""18"": 26282.0, ""19"": 30791.0, ""2"": 82.0, ""20"": 45336.0, ""21"": 50491.0, ""22"": 53479.0, ""23"": 54416.0, ""24"": 63687.0, ""25"": 70651.0, ""26"": 75728.0, ""27"": 84119.0, ""28"": 95133.0, ""3"": 136.0, ""4"": 97.0, ""5"": 398.0, ""6"": 662.0, ""7"": 88.0, ""8"": 1023.0, ""9"": 1607.0}","{""BUILD_PASTURE"": 12, ""CARE"": 219, ""COLLECT_FERTILIZER"": 272, ""DIG"": 16, ""DROP"": 80, ""EAST"": 955, ""FEED"": 261, ""HARVEST"": 191, ""NORTH"": 1334, ""PASS"": 1506, ""PICKUP"": 68, ""PLACE"": 12, ""PLANT"": 97, ""SOUTH"": 1007, ""WATER"": 748, ""WEST"": 1136}","{""BUY_ANIMAL"": 7, ""BUY_LAND"": 2, ""BUY_PRODUCT"": 204, ""BUY_SEED"": 45, ""HIRE"": 318, ""SELL"": 207}","{""BUY_ANIMAL:COW"": 9, ""BUY_ANIMAL:SHEEP"": 3, ""BUY_PRODUCT:WHEAT"": 524, ""BUY_SEED:CARROT"": 13, ""BUY_SEED:MELON"": 20, ""BUY_SEED:STRAWBERRY"": 37, ""BUY_SEED:WHEAT"": 33, ""SELL:CARROT"": 30, ""SELL:FERTILIZER"": 272, ""SELL:MELON"": 113, ""SELL:MILK"": 210, ""SELL:STRAWBERRY"": 125, ""SELL:WHEAT"": 372, ""SELL:WOOL"": 81}",v009a_market_memory,frontier,"{""extra_sells"": 0, ""last_step"": 718, ""previous_inventory"": {""MELON"": 10092, ""MILK"": 9994, ""STRAWBERRY"": 9790, ""WOOL"": 9962}, ""previous_prices"": {""MELON"": 165.0, ""MILK"": 181.0, ""STRAWBERRY"": 242.0, ""WOOL"": 231.0}, ""reduced_sells"": 50, ""regimes"": {""MELON"": ""GLUT"", ""MILK"": ""TIGHT"", ""STRAWBERRY"": ""TIGHT"", ""WOOL"": ""TIGHT""}, ""reordered_sells"": 10}"
733,0,108030.0,158498.0,-50468.0,loss,DONE,DONE,1,719,0,0,0.66575,1.1725423000000001,1.41487994,46.763833,3.1514112500008196,0,0,[],"{""0"": 98.0, ""1"": 94.0, ""10"": 9423.0, ""11"": 13915.0, ""12"": 11387.0, ""13"": 14899.0, ""14"": 19146.0, ""15"": 21727.0, ""16"": 22881.0, ""17"": 26244.0, ""18"": 31922.0, ""19"": 37523.0, ""2"": 82.0, ""20"": 48794.0, ""21"": 59442.0, ""22"": 63396.0, ""23"": 69364.0, ""24"": 71902.0, ""25"": 84594.0, ""26"": 89443.0, ""27"": 95136.0, ""28"": 107558.0, ""3"": 136.0, ""4"": 97.0, ""5"": 398.0, ""6"": 663.0, ""7"": 93.0, ""8"": 561.0, ""9"": 1761.0}","{""BUILD_PASTURE"": 12, ""CARE"": 248, ""COLLECT_FERTILIZER"": 269, ""DIG"": 22, ""DROP"": 90, ""EAST"": 914, ""FEED"": 252, ""HARVEST"": 191, ""NORTH"": 1355, ""PASS"": 1633, ""PICKUP"": 68, ""PLACE"": 12, ""PLANT"": 102, ""SOUTH"": 950, ""WATER"": 709, ""WEST"": 1102}","{""BUY_ANIMAL"": 7, ""BUY_LAND"": 2, ""BUY_PRODUCT"": 201, ""BUY_SEED"": 47, ""HIRE"": 319, ""SELL"": 194}","{""BUY_ANIMAL:COW"": 3, ""BUY_ANIMAL:SHEEP"": 9, ""BUY_PRODUCT:WHEAT"": 525, ""BUY_SEED:CARROT"": 13, ""BUY_SEED:MELON"": 20, ""BUY_SEED:STRAWBERRY"": 37, ""BUY_SEED:WHEAT"": 35, ""SELL:CARROT"": 33, ""SELL:FERTILIZER"": 269, ""SELL:MELON"": 113, ""SELL:MILK"": 92, ""SELL:STRAWBERRY"": 124, ""SELL:WHEAT"": 387, ""SELL:WOOL"": 196}",v009a_market_memory,frontier,"{""extra_sells"": 0, ""last_step"": 718, ""previous_inventory"": {""MELON"": 10092, ""MILK"": 9894, ""STRAWBERRY"": 9872, ""WOOL"": 9900}, ""previous_prices"": {""MELON"": 165.0, ""MILK"": 249.0, ""STRAWBERRY"": 215.0, ""WOOL"": 240.0}, ""reduced_sells"": 35, ""regimes"": {""MELON"": ""GLUT"", ""MILK"": ""TIGHT"", ""STRAWBERRY"": ""TIGHT"", ""WOOL"": ""TIGHT""}, ""reordered_sells"": 11}"
733,1,105092.0,151725.0,-46633.0,loss,DONE,DONE,1,719,0,0,0.649042,1.1549753,1.346234940000001,1.544625,3.284282542001165,0,0,[],"{""0"": 98.0, ""1"": 94.0, ""10"": 9423.0, ""11"": 13915.0, ""12"": 11387.0, ""13"": 14899.0, ""14"": 19146.0, ""15"": 21725.0, ""16"": 22882.0, ""17"": 26170.0, ""18"": 31062.0, ""19"": 38562.0, ""2"": 82.0, ""20"": 45272.0, ""21"": 51762.0, ""22"": 59316.0, ""23"": 65805.0, ""24"": 71425.0, ""25"": 85736.0, ""26"": 87775.0, ""27"": 93927.0, ""28"": 104091.0, ""3"": 136.0, ""4"": 97.0, ""5"": 398.0, ""6"": 663.0, ""7"": 93.0, ""8"": 561.0, ""9"": 1761.0}","{""BUILD_PASTURE"": 12, ""CARE"": 243, ""COLLECT_FERTILIZER"": 269, ""DIG"": 15, ""DROP"": 82, ""EAST"": 872, ""FEED"": 253, ""HARVEST"": 190, ""NORTH"": 1284, ""PASS"": 1691, ""PICKUP"": 68, ""PLACE"": 12, ""PLANT"": 102, ""SOUTH"": 946, ""WATER"": 749, ""WEST"": 1094}","{""BUY_ANIMAL"": 7, ""BUY_LAND"": 2, ""BUY_PRODUCT"": 199, ""BUY_SEED"": 49, ""HIRE"": 317, ""SELL"": 195}","{""BUY_ANIMAL:COW"": 3, ""BUY_ANIMAL:SHEEP"": 9, ""BUY_PRODUCT:WHEAT"": 529, ""BUY_SEED:CARROT"": 14, ""BUY_SEED:MELON"": 20, ""BUY_SEED:STRAWBERRY"": 37, ""BUY_SEED:WHEAT"": 36, ""SELL:CARROT"": 33, ""SELL:FERTILIZER"": 269, ""SELL:MELON"": 111, ""SELL:MILK"": 92, ""SELL:STRAWBERRY"": 124, ""SELL:WHEAT"": 399, ""SELL:WOOL"": 194}",v009a_market_memory,frontier,"{""extra_sells"": 0, ""last_step"": 718, ""previous_inventory"": {""MELON"": 10090, ""MILK"": 9948, ""STRAWBERRY"": 9897, ""WOOL"": 9898}, ""previous_prices"": {""MELON"": 169.0, ""MILK"": 223.0, ""STRAWBERRY"": 205.0, ""WOOL"": 240.0}, ""reduced_sells"": 43, ""regimes"": {""MELON"": ""GLUT"", ""MILK"": ""TIGHT"", ""STRAWBERRY"": ""TIGHT"", ""WOOL"": ""TIGHT""}, ""reordered_sells"": 13}"
17,0,139270.0,3484.0,135786.0,win,DONE,DONE,1,719,0,0,0.615208,1.0931083000000004,1.2596474400000006,1.50675,2.1929883749980945,0,0,[],"{""0"": 98.0, ""1"": 87.0, ""10"": 10293.0, ""11"": 12820.0, ""12"": 12500.0, ""13"": 17785.0, ""14"": 18090.0, ""15"": 19803.0, ""16"": 28532.0, ""17"": 31246.0, ""18"": 35501.0, ""19"": 43276.0, ""2"": 91.0, ""20"": 60700.0, ""21"": 76193.0, ""22"": 80610.0, ""23"": 86196.0, ""24"": 92942.0, ""25"": 106439.0, ""26"": 108781.0, ""27"": 122006.0, ""28"": 135363.0, ""3"": 107.0, ""4"": 110.0, ""5"": 256.0, ""6"": 737.0, ""7"": 226.0, ""8"": 516.0, ""9"": 1705.0}","{""BUILD_PASTURE"": 12, ""CARE"": 236, ""COLLECT_FERTILIZER"": 273, ""DIG"": 17, ""DROP"": 86, ""EAST"": 943, ""FEED"": 260, ""HARVEST"": 203, ""NORTH"": 1323, ""PASS"": 1661, ""PICKUP"": 69, ""PLACE"": 12, ""PLANT"": 103, ""SOUTH"": 908, ""WATER"": 740, ""WEST"": 1141}","{""BUY_ANIMAL"": 7, ""BUY_LAND"": 2, ""BUY_PRODUCT"": 197, ""BUY_SEED"": 51, ""HIRE"": 321, ""SELL"": 187}","{""BUY_ANIMAL:COW"": 9, ""BUY_ANIMAL:SHEEP"": 3, ""BUY_PRODUCT:WHEAT"": 537, ""BUY_SEED:CARROT"": 13, ""BUY_SEED:MELON"": 20, ""BUY_SEED:STRAWBERRY"": 37, ""BUY_SEED:WHEAT"": 35, ""SELL:CARROT"": 36, ""SELL:FERTILIZER"": 273, ""SELL:MELON"": 120, ""SELL:MILK"": 224, ""SELL:STRAWBERRY"": 125, ""SELL:WHEAT"": 397, ""SELL:WOOL"": 81}",v009b_public_meta_counter,starter,"{""activation_count"": 0, ""active"": false, ""checkpoints"": 24, ""confidence"": 0, ""deactivation_count"": 0, ""extra_sells"": 0, ""last_score"": 0, ""last_step"": 718, ""low_streak"": 24, ""modified_sells"": 0, ""previous_inventory"": {""MELON"": 9980, ""MILK"": 9706, ""STRAWBERRY"": 9607, ""WOOL"": 9869}, ""previous_prices"": {""MELON"": 277.0, ""MILK"": 309.0, ""STRAWBERRY"": 287.0, ""WOOL"": 242.0}, ""regimes"": {""MELON"": ""TIGHT"", ""MILK"": ""TIGHT"", ""STRAWBERRY"": ""TIGHT"", ""WOOL"": ""TIGHT""}, ""reordered_sells"": 0}"
17,1,138229.0,3499.0,134730.0,win,DONE,DONE,1,719,0,0,0.615,1.0960417000000002,1.3069406200000002,1.401625,2.1941865409971797,0,0,[],"{""0"": 98.0, ""1"": 87.0, ""10"": 10272.0, ""11"": 13228.0, ""12"": 13076.0, ""13"": 18237.0, ""14"": 21217.0, ""15"": 22884.0, ""16"": 27855.0, ""17"": 32786.0, ""18"": 35237.0, ""19"": 45509.0, ""2"": 91.0, ""20"": 61121.0, ""21"": 71970.0, ""22"": 80631.0, ""23"": 86446.0, ""24"": 90300.0, ""25"": 93860.0, ""26"": 104170.0, ""27"": 119104.0, ""28"": 133033.0, ""3"": 107.0, ""4"": 81.0, ""5"": 255.0, ""6"": 731.0, ""7"": 163.0, ""8"": 504.0, ""9"": 1913.0}","{""BUILD_PASTURE"": 12, ""CARE"": 239, ""COLLECT_FERTILIZER"": 271, ""DIG"": 15, ""DROP"": 88, ""EAST"": 952, ""FEED"": 259, ""HARVEST"": 212, ""NORTH"": 1357, ""PASS"": 1600, ""PICKUP"": 66, ""PLACE"": 12, ""PLANT"": 108, ""SOUTH"": 949, ""WATER"": 744, ""WEST"": 1121}","{""BUY_ANIMAL"": 7, ""BUY_LAND"": 2, ""BUY_PRODUCT"": 216, ""BUY_SEED"": 59, ""HIRE"": 322, ""SELL"": 192}","{""BUY_ANIMAL:COW"": 7, ""BUY_ANIMAL:SHEEP"": 5, ""BUY_PRODUCT:WHEAT"": 551, ""BUY_SEED:CARROT"": 13, ""BUY_SEED:MELON"": 20, ""BUY_SEED:STRAWBERRY"": 37, ""BUY_SEED:WHEAT"": 38, ""SELL:CARROT"": 39, ""SELL:FERTILIZER"": 271, ""SELL:MELON"": 119, ""SELL:MILK"": 177, ""SELL:STRAWBERRY"": 128, ""SELL:WHEAT"": 420, ""SELL:WOOL"": 130}",v009b_public_meta_counter,starter,"{""activation_count"": 0, ""active"": false, ""checkpoints"": 24, ""confidence"": 0, ""deactivation_count"": 0, ""extra_sells"": 0, ""last_score"": 0, ""last_step"": 718, ""low_streak"": 24, ""modified_sells"": 0, ""previous_inventory"": {""MELON"": 9979, ""MILK"": 9749, ""STRAWBERRY"": 9610, ""WOOL"": 9666}, ""previous_prices"": {""MELON"": 277.0, ""MILK"": 298.0, ""STRAWBERRY"": 286.0, ""WOOL"": 250.0}, ""regimes"": {""MELON"": ""TIGHT"", ""MILK"": ""TIGHT"", ""STRAWBERRY"": ""TIGHT"", ""WOOL"": ""TIGHT""}, ""reordered_sells"": 0}"
42,0,139426.0,3495.0,135931.0,win,DONE,DONE,1,719,0,0,0.610708,1.1115667,1.2408569400000002,1.470083,2.212431291001849,0,0,[],"{""0"": 98.0, ""1"": 87.0, ""10"": 8215.0, ""11"": 13125.0, ""12"": 15419.0, ""13"": 18167.0, ""14"": 18633.0, ""15"": 20532.0, ""16"": 28678.0, ""17"": 31673.0, ""18"": 33402.0, ""19"": 43859.0, ""2"": 91.0, ""20"": 61210.0, ""21"": 79244.0, ""22"": 81171.0, ""23"": 85417.0, ""24"": 93338.0, ""25"": 107875.0, ""26"": 110654.0, ""27"": 121636.0, ""28"": 135354.0, ""3"": 107.0, ""4"": 110.0, ""5"": 256.0, ""6"": 739.0, ""7"": 127.0, ""8"": 1892.0, ""9"": 1826.0}","{""BUILD_PASTURE"": 12, ""CARE"": 240, ""COLLECT_FERTILIZER"": 272, ""DIG"": 25, ""DROP"": 91, ""EAST"": 921, ""FEED"": 264, ""HARVEST"": 201, ""NORTH"": 1301, ""PASS"": 1636, ""PICKUP"": 65, ""PLACE"": 12, ""PLANT"": 101, ""SOUTH"": 1004, ""WATER"": 728, ""WEST"": 1096}","{""BUY_ANIMAL"": 6, ""BUY_LAND"": 2, ""BUY_PRODUCT"": 198, ""BUY_SEED"": 48, ""HIRE"": 320, ""SELL"": 180}","{""BUY_ANIMAL:COW"": 10, ""BUY_ANIMAL:SHEEP"": 2, ""BUY_PRODUCT:WHEAT"": 530, ""BUY_SEED:CARROT"": 11, ""BUY_SEED:MELON"": 20, ""BUY_SEED:STRAWBERRY"": 37, ""BUY_SEED:WHEAT"": 37, ""SELL:CARROT"": 27, ""SELL:FERTILIZER"": 272, ""SELL:MELON"": 119, ""SELL:MILK"": 246, ""SELL:STRAWBERRY"": 121, ""SELL:WHEAT"": 389, ""SELL:WOOL"": 68}",v009b_public_meta_counter,starter,"{""activation_count"": 0, ""active"": false, ""checkpoints"": 24, ""confidence"": 0, ""deactivation_count"": 0, ""extra_sells"": 0, ""last_score"": 0, ""last_step"": 718, ""low_streak"": 24, ""modified_sells"": 0, ""previous_inventory"": {""MELON"": 9979, ""MILK"": 9764, ""STRAWBERRY"": 9585, ""WOOL"": 9748}, ""previous_prices"": {""MELON"": 277.0, ""MILK"": 294.0, ""STRAWBERRY"": 291.0, ""WOOL"": 247.0}, ""regimes"": {""MELON"": ""TIGHT"", ""MILK"": ""TIGHT"", ""STRAWBERRY"": ""TIGHT"", ""WOOL"": ""TIGHT""}, ""reordered_sells"": 0}"
42,1,140738.0,3497.0,137241.0,win,DONE,DONE,1,719,0,0,0.605333,1.0933083000000001,1.2916024400000008,1.660292,2.17038308300107,0,0,[],"{""0"": 98.0, ""1"": 87.0, ""10"": 8298.0, ""11"": 13105.0, ""12"": 12816.0, ""13"": 18291.0, ""14"": 18594.0, ""15"": 20450.0, ""16"": 25606.0, ""17"": 30256.0, ""18"": 34349.0, ""19"": 46117.0, ""2"": 91.0, ""20"": 62538.0, ""21"": 78254.0, ""22"": 84490.0, ""23"": 86343.0, ""24"": 92825.0, ""25"": 103379.0, ""26"": 112693.0, ""27"": 122642.0, ""28"": 136963.0, ""3"": 107.0, ""4"": 110.0, ""5"": 256.0, ""6"": 739.0, ""7"": 222.0, ""8"": 1794.0, ""9"": 1857.0}","{""BUILD_PASTURE"": 12, ""CARE"": 236, ""COLLECT_FERTILIZER"": 274, ""DIG"": 19, ""DROP"": 88, ""EAST"": 908, ""FEED"": 261, ""HARVEST"": 200, ""NORTH"": 1344, ""PASS"": 1680, ""PICKUP"": 65, ""PLACE"": 12, ""PLANT"": 98, ""SOUTH"": 952, ""WATER"": 745, ""WEST"": 1073}","{""BUY_ANIMAL"": 6, ""BUY_LAND"": 2, ""BUY_PRODUCT"": 214, ""BUY_SEED"": 42, ""HIRE"": 320, ""SELL"": 184}","{""BUY_ANIMAL:COW"": 10, ""BUY_ANIMAL:SHEEP"": 2, ""BUY_PRODUCT:WHEAT"": 538, ""BUY_SEED:CARROT"": 12, ""BUY_SEED:MELON"": 20, ""BUY_SEED:STRAWBERRY"": 37, ""BUY_SEED:WHEAT"": 32, ""SELL:CARROT"": 27, ""SELL:FERTILIZER"": 274, ""SELL:MELON"": 119, ""SELL:MILK"": 239, ""SELL:STRAWBERRY"": 124, ""SELL:WHEAT"": 391, ""SELL:WOOL"": 64}",v009b_public_meta_counter,starter,"{""activation_count"": 0, ""active"": false, ""checkpoints"": 24, ""confidence"": 0, ""deactivation_count"": 0, ""extra_sells"": 0, ""last_score"": 0, ""last_step"": 718, ""low_streak"": 24, ""modified_sells"": 0, ""previous_inventory"": {""MELON"": 9979, ""MILK"": 9775, ""STRAWBERRY"": 9462, ""WOOL"": 9708}, ""previous_prices"": {""MELON"": 277.0, ""MILK"": 290.0, ""STRAWBERRY"": 315.0, ""WOOL"": 249.0}, ""regimes"": {""MELON"": ""TIGHT"", ""MILK"": ""TIGHT"", ""STRAWBERRY"": ""TIGHT"", ""WOOL"": ""TIGHT""}, ""reordered_sells"": 0}"
2026,0,136263.0,3493.0,132770.0,win,DONE,DONE,1,719,0,0,0.623167,1.1124872,1.3390693200000001,29.437917,2.2367942089986173,0,0,[],"{""0"": 98.0, ""1"": 87.0, ""10"": 10761.0, ""11"": 12261.0, ""12"": 12339.0, ""13"": 17249.0, ""14"": 20508.0, ""15"": 23425.0, ""16"": 26801.0, ""17"": 31634.0, ""18"": 34780.0, ""19"": 45856.0, ""2"": 91.0, ""20"": 61046.0, ""21"": 70844.0, ""22"": 79342.0, ""23"": 85416.0, ""24"": 87988.0, ""25"": 98269.0, ""26"": 108969.0, ""27"": 116530.0, ""28"": 131349.0, ""3"": 107.0, ""4"": 81.0, ""5"": 255.0, ""6"": 731.0, ""7"": 104.0, ""8"": 263.0, ""9"": 1396.0}","{""BUILD_PASTURE"": 12, ""CARE"": 242, ""COLLECT_FERTILIZER"": 267, ""DIG"": 17, ""DROP"": 88, ""EAST"": 900, ""FEED"": 263, ""HARVEST"": 202, ""NORTH"": 1334, ""PASS"": 1661, ""PICKUP"": 69, ""PLACE"": 12, ""PLANT"": 107, ""SOUTH"": 1015, ""WATER"": 753, ""WEST"": 1128}","{""BUY_ANIMAL"": 7, ""BUY_LAND"": 2, ""BUY_PRODUCT"": 206, ""BUY_SEED"": 56, ""HIRE"": 325, ""SELL"": 197}","{""BUY_ANIMAL:COW"": 5, ""BUY_ANIMAL:SHEEP"": 7, ""BUY_PRODUCT:WHEAT"": 537, ""BUY_SEED:CARROT"": 12, ""BUY_SEED:MELON"": 20, ""BUY_SEED:STRAWBERRY"": 37, ""BUY_SEED:WHEAT"": 41, ""SELL:CARROT"": 30, ""SELL:FERTILIZER"": 267, ""SELL:MELON"": 119, ""SELL:MILK"": 131, ""SELL:STRAWBERRY"": 127, ""SELL:WHEAT"": 407, ""SELL:WOOL"": 178}",v009b_public_meta_counter,starter,"{""activation_count"": 0, ""active"": false, ""checkpoints"": 24, ""confidence"": 0, ""deactivation_count"": 0, ""extra_sells"": 0, ""last_score"": 0, ""last_step"": 718, ""low_streak"": 24, ""modified_sells"": 0, ""previous_inventory"": {""MELON"": 9979, ""MILK"": 9757, ""STRAWBERRY"": 9537, ""WOOL"": 9714}, ""previous_prices"": {""MELON"": 277.0, ""MILK"": 295.0, ""STRAWBERRY"": 301.0, ""WOOL"": 249.0}, ""regimes"": {""MELON"": ""TIGHT"", ""MILK"": ""TIGHT"", ""STRAWBERRY"": ""TIGHT"", ""WOOL"": ""TIGHT""}, ""reordered_sells"": 0}"
2026,1,135325.0,3493.0,131832.0,win,DONE,DONE,1,719,0,0,0.611125,1.0724039,1.2855620000000012,1.4175,2.2160515419964213,0,0,[],"{""0"": 98.0, ""1"": 87.0, ""10"": 10761.0, ""11"": 12261.0, ""12"": 12339.0, ""13"": 17249.0, ""14"": 20468.0, ""15"": 23384.0, ""16"": 26853.0, ""17"": 31603.0, ""18"": 33356.0, ""19"": 40289.0, ""2"": 91.0, ""20"": 58512.0, ""21"": 66501.0, ""22"": 76326.0, ""23"": 82272.0, ""24"": 86940.0, ""25"": 95440.0, ""26"": 105159.0, ""27"": 116154.0, ""28"": 131413.0, ""3"": 107.0, ""4"": 81.0, ""5"": 255.0, ""6"": 731.0, ""7"": 104.0, ""8"": 263.0, ""9"": 1396.0}","{""BUILD_PASTURE"": 12, ""CARE"": 245, ""COLLECT_FERTILIZER"": 273, ""DIG"": 17, ""DROP"": 79, ""EAST"": 903, ""FEED"": 260, ""HARVEST"": 201, ""NORTH"": 1300, ""PASS"": 1670, ""PICKUP"": 69, ""PLACE"": 12, ""PLANT"": 106, ""SOUTH"": 995, ""WATER"": 759, ""WEST"": 1120}","{""BUY_ANIMAL"": 7, ""BUY_LAND"": 2, ""BUY_PRODUCT"": 200, ""BUY_SEED"": 56, ""HIRE"": 323, ""SELL"": 193}","{""BUY_ANIMAL:COW"": 5, ""BUY_ANIMAL:SHEEP"": 7, ""BUY_PRODUCT:WHEAT"": 523, ""BUY_SEED:CARROT"": 13, ""BUY_SEED:MELON"": 20, ""BUY_SEED:STRAWBERRY"": 37, ""BUY_SEED:WHEAT"": 39, ""SELL:CARROT"": 33, ""SELL:FERTILIZER"": 273, ""SELL:MELON"": 119, ""SELL:MILK"": 126, ""SELL:STRAWBERRY"": 127, ""SELL:WHEAT"": 393, ""SELL:WOOL"": 176}",v009b_public_meta_counter,starter,"{""activation_count"": 0, ""active"": false, ""checkpoints"": 24, ""confidence"": 0, ""deactivation_count"": 0, ""extra_sells"": 0, ""last_score"": 0, ""last_step"": 718, ""low_streak"": 24, ""modified_sells"": 0, ""previous_inventory"": {""MELON"": 9979, ""MILK"": 9752, ""STRAWBERRY"": 9537, ""WOOL"": 9712}, ""previous_prices"": {""MELON"": 277.0, ""MILK"": 297.0, ""STRAWBERRY"": 301.0, ""WOOL"": 249.0}, ""regimes"": {""MELON"": ""TIGHT"", ""MILK"": ""TIGHT"", ""STRAWBERRY"": ""TIGHT"", ""WOOL"": ""TIGHT""}, ""reordered_sells"": 0}"
217,0,134591.0,3497.0,131094.0,win,DONE,DONE,1,719,0,0,0.608792,1.1153127999999999,1.26618444,1.595,2.232548250001855,0,0,[],"{""0"": 98.0, ""1"": 87.0, ""10"": 9645.0, ""11"": 12874.0, ""12"": 12623.0, ""13"": 17989.0, ""14"": 18335.0, ""15"": 20096.0, ""16"": 25438.0, ""17"": 30884.0, ""18"": 37163.0, ""19"": 44128.0, ""2"": 91.0, ""20"": 57581.0, ""21"": 76911.0, ""22"": 78846.0, ""23"": 83750.0, ""24"": 92764.0, ""25"": 101678.0, ""26"": 107120.0, ""27"": 117903.0, ""28"": 130929.0, ""3"": 107.0, ""4"": 110.0, ""5"": 256.0, ""6"": 739.0, ""7"": 222.0, ""8"": 1794.0, ""9"": 1846.0}","{""BUILD_PASTURE"": 12, ""CARE"": 245, ""COLLECT_FERTILIZER"": 274, ""DIG"": 22, ""DROP"": 82, ""EAST"": 897, ""FEED"": 262, ""HARVEST"": 198, ""NORTH"": 1318, ""PASS"": 1647, ""PICKUP"": 66, ""PLACE"": 12, ""PLANT"": 99, ""SOUTH"": 944, ""WATER"": 749, ""WEST"": 1116}","{""BUY_ANIMAL"": 7, ""BUY_LAND"": 2, ""BUY_PRODUCT"": 207, ""BUY_SEED"": 49, ""HIRE"": 319, ""SELL"": 181}","{""BUY_ANIMAL:COW"": 9, ""BUY_ANIMAL:SHEEP"": 3, ""BUY_PRODUCT:WHEAT"": 540, ""BUY_SEED:CARROT"": 12, ""BUY_SEED:MELON"": 20, ""BUY_SEED:STRAWBERRY"": 37, ""BUY_SEED:WHEAT"": 38, ""SELL:CARROT"": 27, ""SELL:FERTILIZER"": 274, ""SELL:MELON"": 120, ""SELL:MILK"": 231, ""SELL:STRAWBERRY"": 121, ""SELL:WHEAT"": 402, ""SELL:WOOL"": 78}",v009b_public_meta_counter,starter,"{""activation_count"": 0, ""active"": false, ""checkpoints"": 24, ""confidence"": 0, ""deactivation_count"": 0, ""extra_sells"": 0, ""last_score"": 0, ""last_step"": 718, ""low_streak"": 24, ""modified_sells"": 0, ""previous_inventory"": {""MELON"": 9980, ""MILK"": 9749, ""STRAWBERRY"": 9675, ""WOOL"": 9830}, ""previous_prices"": {""MELON"": 277.0, ""MILK"": 298.0, ""STRAWBERRY"": 271.0, ""WOOL"": 244.0}, ""regimes"": {""MELON"": ""TIGHT"", ""MILK"": ""TIGHT"", ""STRAWBERRY"": ""TIGHT"", ""WOOL"": ""TIGHT""}, ""reordered_sells"": 0}"
217,1,140567.0,3477.0,137090.0,win,DONE,DONE,1,719,0,0,0.613833,1.093517,1.2951588200000013,1.680292,2.190643625006487,0,0,[],"{""0"": 98.0, ""1"": 87.0, ""10"": 10492.0, ""11"": 13015.0, ""12"": 15683.0, ""13"": 18265.0, ""14"": 18586.0, ""15"": 24558.0, ""16"": 25807.0, ""17"": 31509.0, ""18"": 38645.0, ""19"": 43574.0, ""2"": 91.0, ""20"": 63105.0, ""21"": 76821.0, ""22"": 81592.0, ""23"": 86388.0, ""24"": 96621.0, ""25"": 102451.0, ""26"": 110608.0, ""27"": 122176.0, ""28"": 135629.0, ""3"": 107.0, ""4"": 81.0, ""5"": 255.0, ""6"": 731.0, ""7"": 138.0, ""8"": 664.0, ""9"": 1960.0}","{""BUILD_PASTURE"": 12, ""CARE"": 242, ""COLLECT_FERTILIZER"": 272, ""DIG"": 24, ""DROP"": 92, ""EAST"": 945, ""FEED"": 260, ""HARVEST"": 198, ""NORTH"": 1345, ""PASS"": 1590, ""PICKUP"": 66, ""PLACE"": 12, ""PLANT"": 101, ""SOUTH"": 990, ""WATER"": 731, ""WEST"": 1128}","{""BUY_ANIMAL"": 6, ""BUY_LAND"": 2, ""BUY_PRODUCT"": 216, ""BUY_SEED"": 46, ""HIRE"": 322, ""SELL"": 196}","{""BUY_ANIMAL:COW"": 8, ""BUY_ANIMAL:SHEEP"": 4, ""BUY_PRODUCT:WHEAT"": 532, ""BUY_SEED:CARROT"": 11, ""BUY_SEED:MELON"": 20, ""BUY_SEED:STRAWBERRY"": 37, ""BUY_SEED:WHEAT"": 36, ""SELL:CARROT"": 30, ""SELL:FERTILIZER"": 272, ""SELL:MELON"": 119, ""SELL:MILK"": 208, ""SELL:STRAWBERRY"": 122, ""SELL:WHEAT"": 389, ""SELL:WOOL"": 96}",v009b_public_meta_counter,starter,"{""activation_count"": 0, ""active"": false, ""checkpoints"": 24, ""confidence"": 0, ""deactivation_count"": 0, ""extra_sells"": 0, ""last_score"": 0, ""last_step"": 718, ""low_streak"": 24, ""modified_sells"": 0, ""previous_inventory"": {""MELON"": 9979, ""MILK"": 9672, ""STRAWBERRY"": 9586, ""WOOL"": 9704}, ""previous_prices"": {""MELON"": 277.0, ""MILK"": 317.0, ""STRAWBERRY"": 291.0, ""WOOL"": 249.0}, ""regimes"": {""MELON"": ""TIGHT"", ""MILK"": ""TIGHT"", ""STRAWBERRY"": ""TIGHT"", ""WOOL"": ""TIGHT""}, ""reordered_sells"": 0}"
317,0,132023.0,3475.0,128548.0,win,DONE,DONE,1,719,0,0,0.591958,1.0956083,1.2206093800000006,1.384583,2.199624082997616,0,0,[],"{""0"": 98.0, ""1"": 87.0, ""10"": 9731.0, ""11"": 12760.0, ""12"": 12509.0, ""13"": 17969.0, ""14"": 18315.0, ""15"": 19871.0, ""16"": 25491.0, ""17"": 30918.0, ""18"": 38970.0, ""19"": 43906.0, ""2"": 91.0, ""20"": 59012.0, ""21"": 74664.0, ""22"": 78934.0, ""23"": 81055.0, ""24"": 91323.0, ""25"": 97169.0, ""26"": 108737.0, ""27"": 115098.0, ""28"": 128671.0, ""3"": 107.0, ""4"": 110.0, ""5"": 256.0, ""6"": 739.0, ""7"": 222.0, ""8"": 1794.0, ""9"": 1846.0}","{""BUILD_PASTURE"": 12, ""CARE"": 248, ""COLLECT_FERTILIZER"": 274, ""DIG"": 28, ""DROP"": 75, ""EAST"": 911, ""FEED"": 258, ""HARVEST"": 195, ""NORTH"": 1271, ""PASS"": 1705, ""PICKUP"": 65, ""PLACE"": 12, ""PLANT"": 99, ""SOUTH"": 917, ""WATER"": 755, ""WEST"": 1098}","{""BUY_ANIMAL"": 7, ""BUY_LAND"": 2, ""BUY_PRODUCT"": 205, ""BUY_SEED"": 44, ""HIRE"": 318, ""SELL"": 172}","{""BUY_ANIMAL:COW"": 7, ""BUY_ANIMAL:SHEEP"": 5, ""BUY_PRODUCT:WHEAT"": 533, ""BUY_SEED:CARROT"": 12, ""BUY_SEED:MELON"": 20, ""BUY_SEED:STRAWBERRY"": 37, ""BUY_SEED:WHEAT"": 35, ""SELL:CARROT"": 30, ""SELL:FERTILIZER"": 274, ""SELL:MELON"": 120, ""SELL:MILK"": 187, ""SELL:STRAWBERRY"": 121, ""SELL:WHEAT"": 395, ""SELL:WOOL"": 114}",v009b_public_meta_counter,starter,"{""activation_count"": 0, ""active"": false, ""checkpoints"": 24, ""confidence"": 0, ""deactivation_count"": 0, ""extra_sells"": 0, ""last_score"": 0, ""last_step"": 718, ""low_streak"": 24, ""modified_sells"": 0, ""previous_inventory"": {""MELON"": 9980, ""MILK"": 9723, ""STRAWBERRY"": 9675, ""WOOL"": 9722}, ""previous_prices"": {""MELON"": 277.0, ""MILK"": 305.0, ""STRAWBERRY"": 271.0, ""WOOL"": 248.0}, ""regimes"": {""MELON"": ""TIGHT"", ""MILK"": ""TIGHT"", ""STRAWBERRY"": ""TIGHT"", ""WOOL"": ""TIGHT""}, ""reordered_sells"": 0}"
317,1,132121.0,3475.0,128646.0,win,DONE,DONE,1,719,0,0,0.591875,1.1002167,1.2640345000000015,1.422125,2.1650840000002063,0,0,[],"{""0"": 98.0, ""1"": 87.0, ""10"": 9731.0, ""11"": 12760.0, ""12"": 12509.0, ""13"": 17969.0, ""14"": 18315.0, ""15"": 19871.0, ""16"": 25491.0, ""17"": 30918.0, ""18"": 38970.0, ""19"": 43906.0, ""2"": 91.0, ""20"": 59012.0, ""21"": 74664.0, ""22"": 78934.0, ""23"": 81055.0, ""24"": 91323.0, ""25"": 97169.0, ""26"": 107752.0, ""27"": 115186.0, ""28"": 128721.0, ""3"": 107.0, ""4"": 110.0, ""5"": 256.0, ""6"": 739.0, ""7"": 222.0, ""8"": 1794.0, ""9"": 1846.0}","{""BUILD_PASTURE"": 12, ""CARE"": 250, ""COLLECT_FERTILIZER"": 274, ""DIG"": 29, ""DROP"": 76, ""EAST"": 921, ""FEED"": 258, ""HARVEST"": 195, ""NORTH"": 1283, ""PASS"": 1656, ""PICKUP"": 65, ""PLACE"": 12, ""PLANT"": 100, ""SOUTH"": 932, ""WATER"": 759, ""WEST"": 1101}","{""BUY_ANIMAL"": 7, ""BUY_LAND"": 2, ""BUY_PRODUCT"": 204, ""BUY_SEED"": 44, ""HIRE"": 318, ""SELL"": 180}","{""BUY_ANIMAL:COW"": 7, ""BUY_ANIMAL:SHEEP"": 5, ""BUY_PRODUCT:WHEAT"": 531, ""BUY_SEED:CARROT"": 12, ""BUY_SEED:MELON"": 20, ""BUY_SEED:STRAWBERRY"": 37, ""BUY_SEED:WHEAT"": 35, ""SELL:CARROT"": 27, ""SELL:FERTILIZER"": 274, ""SELL:MELON"": 120, ""SELL:MILK"": 187, ""SELL:STRAWBERRY"": 121, ""SELL:WHEAT"": 397, ""SELL:WOOL"": 114}",v009b_public_meta_counter,starter,"{""activation_count"": 0, ""active"": false, ""checkpoints"": 24, ""confidence"": 0, ""deactivation_count"": 0, ""extra_sells"": 0, ""last_score"": 0, ""last_step"": 718, ""low_streak"": 24, ""modified_sells"": 0, ""previous_inventory"": {""MELON"": 9980, ""MILK"": 9723, ""STRAWBERRY"": 9675, ""WOOL"": 9722}, ""previous_prices"": {""MELON"": 277.0, ""MILK"": 305.0, ""STRAWBERRY"": 271.0, ""WOOL"": 248.0}, ""regimes"": {""MELON"": ""TIGHT"", ""MILK"": ""TIGHT"", ""STRAWBERRY"": ""TIGHT"", ""WOOL"": ""TIGHT""}, ""reordered_sells"": 0}"
733,0,135613.0,3505.0,132108.0,win,DONE,DONE,1,719,0,0,0.615542,1.1076164,1.254566180000001,1.442167,2.21850387500308,0,0,[],"{""0"": 98.0, ""1"": 87.0, ""10"": 9686.0, ""11"": 13053.0, ""12"": 12822.0, ""13"": 18306.0, ""14"": 18666.0, ""15"": 20337.0, ""16"": 26122.0, ""17"": 31806.0, ""18"": 36007.0, ""19"": 44284.0, ""2"": 91.0, ""20"": 59503.0, ""21"": 78306.0, ""22"": 81062.0, ""23"": 85511.0, ""24"": 95212.0, ""25"": 106530.0, ""26"": 113352.0, ""27"": 119396.0, ""28"": 132811.0, ""3"": 107.0, ""4"": 110.0, ""5"": 256.0, ""6"": 737.0, ""7"": 226.0, ""8"": 1808.0, ""9"": 1870.0}","{""BUILD_PASTURE"": 12, ""CARE"": 233, ""COLLECT_FERTILIZER"": 269, ""DIG"": 18, ""DROP"": 79, ""EAST"": 902, ""FEED"": 259, ""HARVEST"": 204, ""NORTH"": 1332, ""PASS"": 1677, ""PICKUP"": 66, ""PLACE"": 12, ""PLANT"": 103, ""SOUTH"": 949, ""WATER"": 745, ""WEST"": 1108}","{""BUY_ANIMAL"": 6, ""BUY_LAND"": 2, ""BUY_PRODUCT"": 210, ""BUY_SEED"": 44, ""HIRE"": 320, ""SELL"": 175}","{""BUY_ANIMAL:COW"": 10, ""BUY_ANIMAL:SHEEP"": 2, ""BUY_PRODUCT:WHEAT"": 538, ""BUY_SEED:CARROT"": 12, ""BUY_SEED:MELON"": 20, ""BUY_SEED:STRAWBERRY"": 37, ""BUY_SEED:WHEAT"": 34, ""SELL:CARROT"": 36, ""SELL:FERTILIZER"": 269, ""SELL:MELON"": 120, ""SELL:MILK"": 241, ""SELL:STRAWBERRY"": 121, ""SELL:WHEAT"": 401, ""SELL:WOOL"": 66}",v009b_public_meta_counter,starter,"{""activation_count"": 0, ""active"": false, ""checkpoints"": 24, ""confidence"": 0, ""deactivation_count"": 0, ""extra_sells"": 0, ""last_score"": 0, ""last_step"": 718, ""low_streak"": 24, ""modified_sells"": 0, ""previous_inventory"": {""MELON"": 9980, ""MILK"": 9777, ""STRAWBERRY"": 9657, ""WOOL"": 9710}, ""previous_prices"": {""MELON"": 277.0, ""MILK"": 290.0, ""STRAWBERRY"": 276.0, ""WOOL"": 249.0}, ""regimes"": {""MELON"": ""TIGHT"", ""MILK"": ""TIGHT"", ""STRAWBERRY"": ""TIGHT"", ""WOOL"": ""TIGHT""}, ""reordered_sells"": 0}"
733,1,136662.0,3505.0,133157.0,win,DONE,DONE,1,719,0,0,0.613792,1.1206337,1.2697213200000004,1.552333,2.2347449579974636,0,0,[],"{""0"": 98.0, ""1"": 87.0, ""10"": 9686.0, ""11"": 13053.0, ""12"": 12822.0, ""13"": 18306.0, ""14"": 18627.0, ""15"": 23421.0, ""16"": 25952.0, ""17"": 31677.0, ""18"": 35134.0, ""19"": 44150.0, ""2"": 91.0, ""20"": 59632.0, ""21"": 81204.0, ""22"": 80923.0, ""23"": 85369.0, ""24"": 94077.0, ""25"": 104236.0, ""26"": 111564.0, ""27"": 121000.0, ""28"": 133588.0, ""3"": 107.0, ""4"": 110.0, ""5"": 256.0, ""6"": 737.0, ""7"": 226.0, ""8"": 1808.0, ""9"": 1870.0}","{""BUILD_PASTURE"": 12, ""CARE"": 241, ""COLLECT_FERTILIZER"": 273, ""DIG"": 15, ""DROP"": 84, ""EAST"": 921, ""FEED"": 259, ""HARVEST"": 203, ""NORTH"": 1313, ""PASS"": 1686, ""PICKUP"": 67, ""PLACE"": 12, ""PLANT"": 102, ""SOUTH"": 909, ""WATER"": 751, ""WEST"": 1123}","{""BUY_ANIMAL"": 6, ""BUY_LAND"": 2, ""BUY_PRODUCT"": 214, ""BUY_SEED"": 46, ""HIRE"": 320, ""SELL"": 173}","{""BUY_ANIMAL:COW"": 10, ""BUY_ANIMAL:SHEEP"": 2, ""BUY_PRODUCT:WHEAT"": 532, ""BUY_SEED:CARROT"": 12, ""BUY_SEED:MELON"": 20, ""BUY_SEED:STRAWBERRY"": 37, ""BUY_SEED:WHEAT"": 33, ""SELL:CARROT"": 36, ""SELL:FERTILIZER"": 273, ""SELL:MELON"": 120, ""SELL:MILK"": 243, ""SELL:STRAWBERRY"": 121, ""SELL:WHEAT"": 391, ""SELL:WOOL"": 68}",v009b_public_meta_counter,starter,"{""activation_count"": 0, ""active"": false, ""checkpoints"": 24, ""confidence"": 0, ""deactivation_count"": 0, ""extra_sells"": 0, ""last_score"": 0, ""last_step"": 718, ""low_streak"": 24, ""modified_sells"": 0, ""previous_inventory"": {""MELON"": 9980, ""MILK"": 9779, ""STRAWBERRY"": 9657, ""WOOL"": 9712}, ""previous_prices"": {""MELON"": 277.0, ""MILK"": 289.0, ""STRAWBERRY"": 276.0, ""WOOL"": 249.0}, ""regimes"": {""MELON"": ""TIGHT"", ""MILK"": ""TIGHT"", ""STRAWBERRY"": ""TIGHT"", ""WOOL"": ""TIGHT""}, ""reordered_sells"": 0}"
17,0,137985.0,0.0,137985.0,win,DONE,DONE,1,719,0,0,0.63125,1.1402086,1.3589860600000003,1.450708,2.280842542000755,0,0,[],"{""0"": 98.0, ""1"": 87.0, ""10"": 16020.0, ""11"": 13580.0, ""12"": 13401.0, ""13"": 18788.0, ""14"": 21988.0, ""15"": 27362.0, ""16"": 30849.0, ""17"": 33076.0, ""18"": 33202.0, ""19"": 42752.0, ""2"": 91.0, ""20"": 61907.0, ""21"": 64640.0, ""22"": 85989.0, ""23"": 88358.0, ""24"": 91535.0, ""25"": 95133.0, ""26"": 108383.0, ""27"": 120197.0, ""28"": 132811.0, ""3"": 107.0, ""4"": 81.0, ""5"": 255.0, ""6"": 733.0, ""7"": 165.0, ""8"": 506.0, ""9"": 1989.0}","{""BUILD_PASTURE"": 12, ""CARE"": 240, ""COLLECT_FERTILIZER"": 271, ""DIG"": 17, ""DROP"": 104, ""EAST"": 957, ""FEED"": 255, ""HARVEST"": 201, ""NORTH"": 1382, ""PASS"": 1519, ""PICKUP"": 66, ""PLACE"": 12, ""PLANT"": 106, ""SOUTH"": 1016, ""WATER"": 717, ""WEST"": 1138}","{""BUY_ANIMAL"": 7, ""BUY_LAND"": 2, ""BUY_PRODUCT"": 211, ""BUY_SEED"": 56, ""HIRE"": 322, ""SELL"": 185}","{""BUY_ANIMAL:COW"": 7, ""BUY_ANIMAL:SHEEP"": 5, ""BUY_PRODUCT:WHEAT"": 506, ""BUY_SEED:CARROT"": 12, ""BUY_SEED:MELON"": 20, ""BUY_SEED:STRAWBERRY"": 37, ""BUY_SEED:WHEAT"": 38, ""SELL:CARROT"": 30, ""SELL:FERTILIZER"": 271, ""SELL:MELON"": 119, ""SELL:MILK"": 174, ""SELL:STRAWBERRY"": 128, ""SELL:WHEAT"": 356, ""SELL:WOOL"": 129}",v009b_public_meta_counter,random,"{""activation_count"": 0, ""active"": false, ""checkpoints"": 24, ""confidence"": 0, ""deactivation_count"": 0, ""extra_sells"": 0, ""last_score"": 0, ""last_step"": 718, ""low_streak"": 24, ""modified_sells"": 0, ""previous_inventory"": {""MELON"": 9979, ""MILK"": 9692, ""STRAWBERRY"": 9628, ""WOOL"": 9665}, ""previous_prices"": {""MELON"": 277.0, ""MILK"": 313.0, ""STRAWBERRY"": 282.0, ""WOOL"": 250.0}, ""regimes"": {""MELON"": ""TIGHT"", ""MILK"": ""TIGHT"", ""STRAWBERRY"": ""TIGHT"", ""WOOL"": ""TIGHT""}, ""reordered_sells"": 0}"
17,1,142303.0,0.0,142303.0,win,DONE,DONE,1,719,0,0,0.614583,1.1198878,1.3419493200000003,1.573958,2.306914749999123,0,0,[],"{""0"": 98.0, ""1"": 87.0, ""10"": 16019.0, ""11"": 13583.0, ""12"": 13418.0, ""13"": 18774.0, ""14"": 21902.0, ""15"": 23718.0, ""16"": 31118.0, ""17"": 33304.0, ""18"": 35941.0, ""19"": 48501.0, ""2"": 91.0, ""20"": 60039.0, ""21"": 67429.0, ""22"": 83305.0, ""23"": 87805.0, ""24"": 93792.0, ""25"": 99960.0, ""26"": 109658.0, ""27"": 125832.0, ""28"": 136574.0, ""3"": 107.0, ""4"": 81.0, ""5"": 255.0, ""6"": 733.0, ""7"": 165.0, ""8"": 506.0, ""9"": 1989.0}","{""BUILD_PASTURE"": 12, ""CARE"": 244, ""COLLECT_FERTILIZER"": 276, ""DIG"": 19, ""DROP"": 93, ""EAST"": 956, ""FEED"": 261, ""HARVEST"": 212, ""NORTH"": 1331, ""PASS"": 1545, ""PICKUP"": 66, ""PLACE"": 12, ""PLANT"": 106, ""SOUTH"": 977, ""WATER"": 751, ""WEST"": 1146}","{""BUY_ANIMAL"": 7, ""BUY_LAND"": 2, ""BUY_PRODUCT"": 212, ""BUY_SEED"": 57, ""HIRE"": 322, ""SELL"": 198}","{""BUY_ANIMAL:COW"": 7, ""BUY_ANIMAL:SHEEP"": 5, ""BUY_PRODUCT:WHEAT"": 583, ""BUY_SEED:CARROT"": 12, ""BUY_SEED:MELON"": 20, ""BUY_SEED:STRAWBERRY"": 37, ""BUY_SEED:WHEAT"": 40, ""SELL:CARROT"": 33, ""SELL:FERTILIZER"": 276, ""SELL:MELON"": 120, ""SELL:MILK"": 181, ""SELL:STRAWBERRY"": 128, ""SELL:WHEAT"": 455, ""SELL:WOOL"": 132}",v009b_public_meta_counter,random,"{""activation_count"": 0, ""active"": false, ""checkpoints"": 24, ""confidence"": 0, ""deactivation_count"": 0, ""extra_sells"": 0, ""last_score"": 0, ""last_step"": 718, ""low_streak"": 24, ""modified_sells"": 0, ""previous_inventory"": {""MELON"": 9980, ""MILK"": 9681, ""STRAWBERRY"": 9646, ""WOOL"": 9668}, ""previous_prices"": {""MELON"": 277.0, ""MILK"": 315.0, ""STRAWBERRY"": 278.0, ""WOOL"": 250.0}, ""regimes"": {""MELON"": ""TIGHT"", ""MILK"": ""TIGHT"", ""STRAWBERRY"": ""TIGHT"", ""WOOL"": ""TIGHT""}, ""reordered_sells"": 0}"
42,0,132967.0,0.0,132967.0,win,DONE,DONE,1,719,0,0,0.637792,1.1245410999999998,1.2510026200000006,1.519417,2.326054249999288,0,0,[],"{""0"": 98.0, ""1"": 87.0, ""10"": 8101.0, ""11"": 12637.0, ""12"": 12460.0, ""13"": 17670.0, ""14"": 18145.0, ""15"": 20065.0, ""16"": 25543.0, ""17"": 31068.0, ""18"": 34480.0, ""19"": 40704.0, ""2"": 91.0, ""20"": 62648.0, ""21"": 72600.0, ""22"": 77498.0, ""23"": 83429.0, ""24"": 90490.0, ""25"": 98158.0, ""26"": 110363.0, ""27"": 116271.0, ""28"": 129118.0, ""3"": 107.0, ""4"": 110.0, ""5"": 256.0, ""6"": 739.0, ""7"": 133.0, ""8"": 518.0, ""9"": 1677.0}","{""BUILD_PASTURE"": 12, ""CARE"": 246, ""COLLECT_FERTILIZER"": 267, ""DIG"": 24, ""DROP"": 74, ""EAST"": 936, ""FEED"": 258, ""HARVEST"": 196, ""NORTH"": 1301, ""PASS"": 1614, ""PICKUP"": 67, ""PLACE"": 12, ""PLANT"": 108, ""SOUTH"": 951, ""WATER"": 740, ""WEST"": 1153}","{""BUY_ANIMAL"": 7, ""BUY_LAND"": 2, ""BUY_PRODUCT"": 204, ""BUY_SEED"": 52, ""HIRE"": 320, ""SELL"": 191}","{""BUY_ANIMAL:COW"": 7, ""BUY_ANIMAL:SHEEP"": 5, ""BUY_PRODUCT:WHEAT"": 526, ""BUY_SEED:CARROT"": 12, ""BUY_SEED:MELON"": 20, ""BUY_SEED:STRAWBERRY"": 37, ""BUY_SEED:WHEAT"": 42, ""SELL:CARROT"": 30, ""SELL:FERTILIZER"": 267, ""SELL:MELON"": 119, ""SELL:MILK"": 185, ""SELL:STRAWBERRY"": 117, ""SELL:WHEAT"": 409, ""SELL:WOOL"": 116}",v009b_public_meta_counter,random,"{""activation_count"": 0, ""active"": false, ""checkpoints"": 24, ""confidence"": 0, ""deactivation_count"": 0, ""extra_sells"": 0, ""last_score"": 0, ""last_step"": 718, ""low_streak"": 24, ""modified_sells"": 0, ""previous_inventory"": {""MELON"": 9979, ""MILK"": 9721, ""STRAWBERRY"": 9635, ""WOOL"": 9724}, ""previous_prices"": {""MELON"": 277.0, ""MILK"": 305.0, ""STRAWBERRY"": 280.0, ""WOOL"": 248.0}, ""regimes"": {""MELON"": ""TIGHT"", ""MILK"": ""TIGHT"", ""STRAWBERRY"": ""TIGHT"", ""WOOL"": ""TIGHT""}, ""reordered_sells"": 0}"
42,1,143259.0,0.0,143259.0,win,DONE,DONE,1,719,0,0,0.611792,1.1331003000000002,1.3109694400000007,1.426375,2.275706000000355,0,0,[],"{""0"": 98.0, ""1"": 87.0, ""10"": 8443.0, ""11"": 13369.0, ""12"": 13080.0, ""13"": 18633.0, ""14"": 18989.0, ""15"": 20277.0, ""16"": 24337.0, ""17"": 30426.0, ""18"": 35235.0, ""19"": 46594.0, ""2"": 91.0, ""20"": 63612.0, ""21"": 80962.0, ""22"": 82194.0, ""23"": 86802.0, ""24"": 100444.0, ""25"": 102784.0, ""26"": 118272.0, ""27"": 128297.0, ""28"": 139584.0, ""3"": 107.0, ""4"": 110.0, ""5"": 256.0, ""6"": 741.0, ""7"": 224.0, ""8"": 1906.0, ""9"": 1962.0}","{""BUILD_PASTURE"": 12, ""CARE"": 239, ""COLLECT_FERTILIZER"": 272, ""DIG"": 19, ""DROP"": 93, ""EAST"": 927, ""FEED"": 254, ""HARVEST"": 199, ""NORTH"": 1318, ""PASS"": 1655, ""PICKUP"": 68, ""PLACE"": 12, ""PLANT"": 103, ""SOUTH"": 942, ""WATER"": 744, ""WEST"": 1113}","{""BUY_ANIMAL"": 6, ""BUY_LAND"": 2, ""BUY_PRODUCT"": 201, ""BUY_SEED"": 46, ""HIRE"": 320, ""SELL"": 188}","{""BUY_ANIMAL:COW"": 10, ""BUY_ANIMAL:SHEEP"": 2, ""BUY_PRODUCT:WHEAT"": 526, ""BUY_SEED:CARROT"": 12, ""BUY_SEED:MELON"": 20, ""BUY_SEED:STRAWBERRY"": 37, ""BUY_SEED:WHEAT"": 34, ""SELL:CARROT"": 36, ""SELL:FERTILIZER"": 272, ""SELL:MELON"": 117, ""SELL:MILK"": 234, ""SELL:STRAWBERRY"": 120, ""SELL:WHEAT"": 394, ""SELL:WOOL"": 62}",v009b_public_meta_counter,random,"{""activation_count"": 0, ""active"": false, ""checkpoints"": 24, ""confidence"": 0, ""deactivation_count"": 0, ""extra_sells"": 0, ""last_score"": 0, ""last_step"": 718, ""low_streak"": 24, ""modified_sells"": 0, ""previous_inventory"": {""MELON"": 9977, ""MILK"": 9662, ""STRAWBERRY"": 9494, ""WOOL"": 9850}, ""previous_prices"": {""MELON"": 278.0, ""MILK"": 320.0, ""STRAWBERRY"": 309.0, ""WOOL"": 243.0}, ""regimes"": {""MELON"": ""TIGHT"", ""MILK"": ""TIGHT"", ""STRAWBERRY"": ""TIGHT"", ""WOOL"": ""TIGHT""}, ""reordered_sells"": 0}"
2026,0,131343.0,0.0,131343.0,win,DONE,DONE,1,719,0,0,0.630792,1.1104961000000002,1.3009130000000013,44.818583,2.420093207998434,0,0,[],"{""0"": 98.0, ""1"": 87.0, ""10"": 7745.0, ""11"": 12401.0, ""12"": 12456.0, ""13"": 17389.0, ""14"": 19009.0, ""15"": 20475.0, ""16"": 28006.0, ""17"": 30121.0, ""18"": 32529.0, ""19"": 42149.0, ""2"": 91.0, ""20"": 59548.0, ""21"": 62539.0, ""22"": 70675.0, ""23"": 77522.0, ""24"": 80663.0, ""25"": 94954.0, ""26"": 104781.0, ""27"": 111936.0, ""28"": 128187.0, ""3"": 107.0, ""4"": 110.0, ""5"": 256.0, ""6"": 741.0, ""7"": 100.0, ""8"": 236.0, ""9"": 1526.0}","{""BUILD_PASTURE"": 12, ""CARE"": 214, ""COLLECT_FERTILIZER"": 275, ""DIG"": 14, ""DROP"": 80, ""EAST"": 910, ""FEED"": 265, ""HARVEST"": 204, ""NORTH"": 1327, ""PASS"": 1660, ""PICKUP"": 67, ""PLACE"": 12, ""PLANT"": 107, ""SOUTH"": 992, ""WATER"": 782, ""WEST"": 1106}","{""BUY_ANIMAL"": 8, ""BUY_LAND"": 2, ""BUY_PRODUCT"": 196, ""BUY_SEED"": 58, ""HIRE"": 323, ""SELL"": 193}","{""BUY_ANIMAL:COW"": 8, ""BUY_ANIMAL:SHEEP"": 4, ""BUY_PRODUCT:WHEAT"": 526, ""BUY_SEED:CARROT"": 13, ""BUY_SEED:MELON"": 20, ""BUY_SEED:STRAWBERRY"": 37, ""BUY_SEED:WHEAT"": 38, ""SELL:CARROT"": 39, ""SELL:FERTILIZER"": 275, ""SELL:MELON"": 119, ""SELL:MILK"": 189, ""SELL:STRAWBERRY"": 128, ""SELL:WHEAT"": 393, ""SELL:WOOL"": 103}",v009b_public_meta_counter,random,"{""activation_count"": 0, ""active"": false, ""checkpoints"": 24, ""confidence"": 0, ""deactivation_count"": 0, ""extra_sells"": 0, ""last_score"": 0, ""last_step"": 718, ""low_streak"": 24, ""modified_sells"": 0, ""previous_inventory"": {""MELON"": 9979, ""MILK"": 9833, ""STRAWBERRY"": 9520, ""WOOL"": 9783}, ""previous_prices"": {""MELON"": 277.0, ""MILK"": 272.0, ""STRAWBERRY"": 304.0, ""WOOL"": 246.0}, ""regimes"": {""MELON"": ""TIGHT"", ""MILK"": ""TIGHT"", ""STRAWBERRY"": ""TIGHT"", ""WOOL"": ""TIGHT""}, ""reordered_sells"": 0}"
2026,1,131561.0,0.0,131561.0,win,DONE,DONE,1,719,0,0,0.618833,1.1322584,1.3349149400000018,1.426125,2.2663861670007464,0,0,[],"{""0"": 98.0, ""1"": 87.0, ""10"": 16020.0, ""11"": 13534.0, ""12"": 13355.0, ""13"": 18623.0, ""14"": 21823.0, ""15"": 23608.0, ""16"": 27937.0, ""17"": 32594.0, ""18"": 33815.0, ""19"": 42539.0, ""2"": 91.0, ""20"": 58019.0, ""21"": 62315.0, ""22"": 76706.0, ""23"": 80983.0, ""24"": 86601.0, ""25"": 93154.0, ""26"": 100251.0, ""27"": 110036.0, ""28"": 126812.0, ""3"": 107.0, ""4"": 81.0, ""5"": 255.0, ""6"": 733.0, ""7"": 165.0, ""8"": 506.0, ""9"": 1989.0}","{""BUILD_PASTURE"": 12, ""CARE"": 237, ""COLLECT_FERTILIZER"": 272, ""DIG"": 16, ""DROP"": 93, ""EAST"": 951, ""FEED"": 254, ""HARVEST"": 209, ""NORTH"": 1362, ""PASS"": 1532, ""PICKUP"": 65, ""PLACE"": 12, ""PLANT"": 108, ""SOUTH"": 1001, ""WATER"": 743, ""WEST"": 1161}","{""BUY_ANIMAL"": 7, ""BUY_LAND"": 2, ""BUY_PRODUCT"": 210, ""BUY_SEED"": 58, ""HIRE"": 323, ""SELL"": 199}","{""BUY_ANIMAL:COW"": 7, ""BUY_ANIMAL:SHEEP"": 5, ""BUY_PRODUCT:WHEAT"": 581, ""BUY_SEED:CARROT"": 14, ""BUY_SEED:MELON"": 20, ""BUY_SEED:STRAWBERRY"": 37, ""BUY_SEED:WHEAT"": 37, ""SELL:CARROT"": 42, ""SELL:FERTILIZER"": 272, ""SELL:MELON"": 120, ""SELL:MILK"": 174, ""SELL:STRAWBERRY"": 128, ""SELL:WHEAT"": 449, ""SELL:WOOL"": 128}",v009b_public_meta_counter,random,"{""activation_count"": 0, ""active"": false, ""checkpoints"": 24, ""confidence"": 0, ""deactivation_count"": 0, ""extra_sells"": 0, ""last_score"": 0, ""last_step"": 718, ""low_streak"": 24, ""modified_sells"": 0, ""previous_inventory"": {""MELON"": 9980, ""MILK"": 9800, ""STRAWBERRY"": 9718, ""WOOL"": 9664}, ""previous_prices"": {""MELON"": 277.0, ""MILK"": 283.0, ""STRAWBERRY"": 261.0, ""WOOL"": 250.0}, ""regimes"": {""MELON"": ""TIGHT"", ""MILK"": ""TIGHT"", ""STRAWBERRY"": ""TIGHT"", ""WOOL"": ""TIGHT""}, ""reordered_sells"": 0}"
217,0,136222.0,0.0,136222.0,win,DONE,DONE,1,719,0,0,0.621,1.1334042000000002,1.3382168800000007,42.725625,2.3030912910035113,0,0,[],"{""0"": 98.0, ""1"": 87.0, ""10"": 10282.0, ""11"": 12789.0, ""12"": 12490.0, ""13"": 17760.0, ""14"": 18101.0, ""15"": 19851.0, ""16"": 24998.0, ""17"": 30537.0, ""18"": 33723.0, ""19"": 41354.0, ""2"": 91.0, ""20"": 62538.0, ""21"": 73985.0, ""22"": 79447.0, ""23"": 84252.0, ""24"": 90867.0, ""25"": 98345.0, ""26"": 108393.0, ""27"": 117870.0, ""28"": 132600.0, ""3"": 107.0, ""4"": 110.0, ""5"": 256.0, ""6"": 741.0, ""7"": 224.0, ""8"": 503.0, ""9"": 1697.0}","{""BUILD_PASTURE"": 12, ""CARE"": 244, ""COLLECT_FERTILIZER"": 273, ""DIG"": 17, ""DROP"": 83, ""EAST"": 885, ""FEED"": 261, ""HARVEST"": 204, ""NORTH"": 1303, ""PASS"": 1700, ""PICKUP"": 69, ""PLACE"": 12, ""PLANT"": 101, ""SOUTH"": 974, ""WATER"": 734, ""WEST"": 1096}","{""BUY_ANIMAL"": 7, ""BUY_LAND"": 2, ""BUY_PRODUCT"": 198, ""BUY_SEED"": 48, ""HIRE"": 320, ""SELL"": 183}","{""BUY_ANIMAL:COW"": 9, ""BUY_ANIMAL:SHEEP"": 3, ""BUY_PRODUCT:WHEAT"": 526, ""BUY_SEED:CARROT"": 12, ""BUY_SEED:MELON"": 20, ""BUY_SEED:STRAWBERRY"": 37, ""BUY_SEED:WHEAT"": 34, ""SELL:CARROT"": 30, ""SELL:FERTILIZER"": 273, ""SELL:MELON"": 119, ""SELL:MILK"": 228, ""SELL:STRAWBERRY"": 125, ""SELL:WHEAT"": 385, ""SELL:WOOL"": 82}",v009b_public_meta_counter,random,"{""activation_count"": 0, ""active"": false, ""checkpoints"": 24, ""confidence"": 0, ""deactivation_count"": 0, ""extra_sells"": 0, ""last_score"": 0, ""last_step"": 718, ""low_streak"": 24, ""modified_sells"": 0, ""previous_inventory"": {""MELON"": 9979, ""MILK"": 9782, ""STRAWBERRY"": 9625, ""WOOL"": 9798}, ""previous_prices"": {""MELON"": 277.0, ""MILK"": 288.0, ""STRAWBERRY"": 283.0, ""WOOL"": 246.0}, ""regimes"": {""MELON"": ""TIGHT"", ""MILK"": ""TIGHT"", ""STRAWBERRY"": ""TIGHT"", ""WOOL"": ""TIGHT""}, ""reordered_sells"": 0}"
217,1,133840.0,0.0,133840.0,win,DONE,DONE,1,719,0,0,0.61575,1.129058,1.315939880000001,44.162083,2.3035516669988283,0,0,[],"{""0"": 98.0, ""1"": 87.0, ""10"": 8147.0, ""11"": 12920.0, ""12"": 12686.0, ""13"": 17882.0, ""14"": 18201.0, ""15"": 19877.0, ""16"": 25010.0, ""17"": 30802.0, ""18"": 33934.0, ""19"": 46721.0, ""2"": 91.0, ""20"": 58890.0, ""21"": 66706.0, ""22"": 74977.0, ""23"": 79883.0, ""24"": 90474.0, ""25"": 102478.0, ""26"": 105989.0, ""27"": 115596.0, ""28"": 129783.0, ""3"": 107.0, ""4"": 81.0, ""5"": 255.0, ""6"": 740.0, ""7"": 147.0, ""8"": 546.0, ""9"": 1716.0}","{""BUILD_PASTURE"": 12, ""CARE"": 241, ""COLLECT_FERTILIZER"": 272, ""DIG"": 27, ""DROP"": 82, ""EAST"": 912, ""FEED"": 259, ""HARVEST"": 200, ""NORTH"": 1288, ""PASS"": 1600, ""PICKUP"": 68, ""PLACE"": 12, ""PLANT"": 104, ""SOUTH"": 995, ""WATER"": 744, ""WEST"": 1109}","{""BUY_ANIMAL"": 7, ""BUY_LAND"": 2, ""BUY_PRODUCT"": 208, ""BUY_SEED"": 51, ""HIRE"": 318, ""SELL"": 187}","{""BUY_ANIMAL:COW"": 9, ""BUY_ANIMAL:SHEEP"": 3, ""BUY_PRODUCT:WHEAT"": 525, ""BUY_SEED:CARROT"": 14, ""BUY_SEED:MELON"": 20, ""BUY_SEED:STRAWBERRY"": 37, ""BUY_SEED:WHEAT"": 36, ""SELL:CARROT"": 36, ""SELL:FERTILIZER"": 272, ""SELL:MELON"": 115, ""SELL:MILK"": 226, ""SELL:STRAWBERRY"": 121, ""SELL:WHEAT"": 391, ""SELL:WOOL"": 81}",v009b_public_meta_counter,random,"{""activation_count"": 0, ""active"": false, ""checkpoints"": 24, ""confidence"": 0, ""deactivation_count"": 0, ""extra_sells"": 0, ""last_score"": 0, ""last_step"": 718, ""low_streak"": 24, ""modified_sells"": 0, ""previous_inventory"": {""MELON"": 9975, ""MILK"": 9762, ""STRAWBERRY"": 9621, ""WOOL"": 9869}, ""previous_prices"": {""MELON"": 279.0, ""MILK"": 294.0, ""STRAWBERRY"": 284.0, ""WOOL"": 242.0}, ""regimes"": {""MELON"": ""TIGHT"", ""MILK"": ""TIGHT"", ""STRAWBERRY"": ""TIGHT"", ""WOOL"": ""TIGHT""}, ""reordered_sells"": 0}"
317,0,132052.0,0.0,132052.0,win,DONE,DONE,1,719,0,0,0.61375,1.1240375,1.3516575600000003,46.569917,2.2563324169968837,0,0,[],"{""0"": 98.0, ""1"": 87.0, ""10"": 8370.0, ""11"": 12933.0, ""12"": 12684.0, ""13"": 18112.0, ""14"": 18502.0, ""15"": 20178.0, ""16"": 25747.0, ""17"": 33637.0, ""18"": 34439.0, ""19"": 41747.0, ""2"": 91.0, ""20"": 57323.0, ""21"": 71810.0, ""22"": 78654.0, ""23"": 82279.0, ""24"": 88776.0, ""25"": 97192.0, ""26"": 107171.0, ""27"": 114311.0, ""28"": 127890.0, ""3"": 107.0, ""4"": 110.0, ""5"": 256.0, ""6"": 741.0, ""7"": 224.0, ""8"": 1796.0, ""9"": 1859.0}","{""BUILD_PASTURE"": 12, ""CARE"": 235, ""COLLECT_FERTILIZER"": 267, ""DIG"": 26, ""DROP"": 71, ""EAST"": 944, ""FEED"": 258, ""HARVEST"": 189, ""NORTH"": 1285, ""PASS"": 1615, ""PICKUP"": 69, ""PLACE"": 12, ""PLANT"": 103, ""SOUTH"": 949, ""WATER"": 756, ""WEST"": 1110}","{""BUY_ANIMAL"": 7, ""BUY_LAND"": 2, ""BUY_PRODUCT"": 202, ""BUY_SEED"": 49, ""HIRE"": 317, ""SELL"": 166}","{""BUY_ANIMAL:COW"": 7, ""BUY_ANIMAL:SHEEP"": 5, ""BUY_PRODUCT:WHEAT"": 529, ""BUY_SEED:CARROT"": 13, ""BUY_SEED:MELON"": 20, ""BUY_SEED:STRAWBERRY"": 37, ""BUY_SEED:WHEAT"": 41, ""SELL:CARROT"": 27, ""SELL:FERTILIZER"": 267, ""SELL:MELON"": 118, ""SELL:MILK"": 177, ""SELL:STRAWBERRY"": 121, ""SELL:WHEAT"": 392, ""SELL:WOOL"": 117}",v009b_public_meta_counter,random,"{""activation_count"": 0, ""active"": false, ""checkpoints"": 24, ""confidence"": 0, ""deactivation_count"": 0, ""extra_sells"": 0, ""last_score"": 0, ""last_step"": 718, ""low_streak"": 24, ""modified_sells"": 0, ""previous_inventory"": {""MELON"": 9978, ""MILK"": 9785, ""STRAWBERRY"": 9531, ""WOOL"": 9725}, ""previous_prices"": {""MELON"": 277.0, ""MILK"": 287.0, ""STRAWBERRY"": 302.0, ""WOOL"": 248.0}, ""regimes"": {""MELON"": ""TIGHT"", ""MILK"": ""TIGHT"", ""STRAWBERRY"": ""TIGHT"", ""WOOL"": ""TIGHT""}, ""reordered_sells"": 0}"
317,1,140381.0,0.0,140381.0,win,DONE,DONE,1,719,0,0,0.625417,1.1317959000000002,1.3071295000000007,45.286417,2.293831125003635,0,0,[],"{""0"": 98.0, ""1"": 87.0, ""10"": 8526.0, ""11"": 15583.0, ""12"": 13284.0, ""13"": 18520.0, ""14"": 20436.0, ""15"": 22479.0, ""16"": 27689.0, ""17"": 33004.0, ""18"": 36675.0, ""19"": 42535.0, ""2"": 91.0, ""20"": 64741.0, ""21"": 68869.0, ""22"": 85148.0, ""23"": 88479.0, ""24"": 93425.0, ""25"": 100920.0, ""26"": 111942.0, ""27"": 123266.0, ""28"": 137124.0, ""3"": 107.0, ""4"": 81.0, ""5"": 255.0, ""6"": 732.0, ""7"": 109.0, ""8"": 1422.0, ""9"": 1909.0}","{""BUILD_PASTURE"": 12, ""CARE"": 240, ""COLLECT_FERTILIZER"": 268, ""DIG"": 18, ""DROP"": 86, ""EAST"": 927, ""FEED"": 259, ""HARVEST"": 201, ""NORTH"": 1282, ""PASS"": 1670, ""PICKUP"": 69, ""PLACE"": 12, ""PLANT"": 104, ""SOUTH"": 949, ""WATER"": 733, ""WEST"": 1169}","{""BUY_ANIMAL"": 8, ""BUY_LAND"": 2, ""BUY_PRODUCT"": 201, ""BUY_SEED"": 54, ""HIRE"": 322, ""SELL"": 186}","{""BUY_ANIMAL:COW"": 8, ""BUY_ANIMAL:SHEEP"": 4, ""BUY_PRODUCT:WHEAT"": 544, ""BUY_SEED:CARROT"": 12, ""BUY_SEED:MELON"": 20, ""BUY_SEED:STRAWBERRY"": 37, ""BUY_SEED:WHEAT"": 39, ""SELL:CARROT"": 30, ""SELL:FERTILIZER"": 268, ""SELL:MELON"": 119, ""SELL:MILK"": 201, ""SELL:STRAWBERRY"": 123, ""SELL:WHEAT"": 398, ""SELL:WOOL"": 106}",v009b_public_meta_counter,random,"{""activation_count"": 0, ""active"": false, ""checkpoints"": 24, ""confidence"": 0, ""deactivation_count"": 0, ""extra_sells"": 0, ""last_score"": 0, ""last_step"": 718, ""low_streak"": 24, ""modified_sells"": 0, ""previous_inventory"": {""MELON"": 9979, ""MILK"": 9737, ""STRAWBERRY"": 9533, ""WOOL"": 9678}, ""previous_prices"": {""MELON"": 277.0, ""MILK"": 301.0, ""STRAWBERRY"": 302.0, ""WOOL"": 250.0}, ""regimes"": {""MELON"": ""TIGHT"", ""MILK"": ""TIGHT"", ""STRAWBERRY"": ""TIGHT"", ""WOOL"": ""TIGHT""}, ""reordered_sells"": 0}"
733,0,144708.0,0.0,144708.0,win,DONE,DONE,1,719,0,0,0.645666,1.130225,1.2945738800000008,1.579,2.3501097499975003,0,0,[],"{""0"": 98.0, ""1"": 87.0, ""10"": 8526.0, ""11"": 15583.0, ""12"": 13420.0, ""13"": 18666.0, ""14"": 19105.0, ""15"": 21266.0, ""16"": 26585.0, ""17"": 31943.0, ""18"": 36511.0, ""19"": 41378.0, ""2"": 91.0, ""20"": 63168.0, ""21"": 69111.0, ""22"": 85965.0, ""23"": 89814.0, ""24"": 92171.0, ""25"": 105401.0, ""26"": 112082.0, ""27"": 124212.0, ""28"": 140430.0, ""3"": 107.0, ""4"": 81.0, ""5"": 255.0, ""6"": 732.0, ""7"": 109.0, ""8"": 1422.0, ""9"": 1909.0}","{""BUILD_PASTURE"": 12, ""CARE"": 242, ""COLLECT_FERTILIZER"": 271, ""DIG"": 21, ""DROP"": 73, ""EAST"": 949, ""FEED"": 261, ""HARVEST"": 208, ""NORTH"": 1291, ""PASS"": 1667, ""PICKUP"": 70, ""PLACE"": 12, ""PLANT"": 107, ""SOUTH"": 941, ""WATER"": 751, ""WEST"": 1148}","{""BUY_ANIMAL"": 7, ""BUY_LAND"": 2, ""BUY_PRODUCT"": 203, ""BUY_SEED"": 54, ""HIRE"": 323, ""SELL"": 192}","{""BUY_ANIMAL:COW"": 9, ""BUY_ANIMAL:SHEEP"": 3, ""BUY_PRODUCT:WHEAT"": 536, ""BUY_SEED:CARROT"": 12, ""BUY_SEED:MELON"": 20, ""BUY_SEED:STRAWBERRY"": 37, ""BUY_SEED:WHEAT"": 40, ""SELL:CARROT"": 30, ""SELL:FERTILIZER"": 271, ""SELL:MELON"": 119, ""SELL:MILK"": 221, ""SELL:STRAWBERRY"": 123, ""SELL:WHEAT"": 415, ""SELL:WOOL"": 88}",v009b_public_meta_counter,random,"{""activation_count"": 0, ""active"": false, ""checkpoints"": 24, ""confidence"": 0, ""deactivation_count"": 0, ""extra_sells"": 0, ""last_score"": 0, ""last_step"": 718, ""low_streak"": 24, ""modified_sells"": 0, ""previous_inventory"": {""MELON"": 9979, ""MILK"": 9685, ""STRAWBERRY"": 9569, ""WOOL"": 9660}, ""previous_prices"": {""MELON"": 277.0, ""MILK"": 314.0, ""STRAWBERRY"": 294.0, ""WOOL"": 250.0}, ""regimes"": {""MELON"": ""TIGHT"", ""MILK"": ""TIGHT"", ""STRAWBERRY"": ""TIGHT"", ""WOOL"": ""TIGHT""}, ""reordered_sells"": 0}"
733,1,140648.0,0.0,140648.0,win,DONE,DONE,1,719,0,0,0.628791,1.1454584,1.30210556,1.537167,2.24261941700388,0,0,[],"{""0"": 98.0, ""1"": 87.0, ""10"": 8435.0, ""11"": 13337.0, ""12"": 13080.0, ""13"": 18463.0, ""14"": 18733.0, ""15"": 20581.0, ""16"": 24208.0, ""17"": 29037.0, ""18"": 32672.0, ""19"": 37745.0, ""2"": 91.0, ""20"": 60661.0, ""21"": 72069.0, ""22"": 80490.0, ""23"": 86678.0, ""24"": 96175.0, ""25"": 103117.0, ""26"": 112822.0, ""27"": 120541.0, ""28"": 136547.0, ""3"": 107.0, ""4"": 110.0, ""5"": 256.0, ""6"": 741.0, ""7"": 224.0, ""8"": 1906.0, ""9"": 1961.0}","{""BUILD_PASTURE"": 12, ""CARE"": 245, ""COLLECT_FERTILIZER"": 267, ""DIG"": 25, ""DROP"": 72, ""EAST"": 909, ""FEED"": 253, ""HARVEST"": 192, ""NORTH"": 1310, ""PASS"": 1634, ""PICKUP"": 68, ""PLACE"": 12, ""PLANT"": 100, ""SOUTH"": 1013, ""WATER"": 733, ""WEST"": 1100}","{""BUY_ANIMAL"": 6, ""BUY_LAND"": 2, ""BUY_PRODUCT"": 198, ""BUY_SEED"": 45, ""HIRE"": 319, ""SELL"": 163}","{""BUY_ANIMAL:COW"": 10, ""BUY_ANIMAL:SHEEP"": 2, ""BUY_PRODUCT:WHEAT"": 528, ""BUY_SEED:CARROT"": 11, ""BUY_SEED:MELON"": 20, ""BUY_SEED:STRAWBERRY"": 37, ""BUY_SEED:WHEAT"": 37, ""SELL:CARROT"": 24, ""SELL:FERTILIZER"": 267, ""SELL:MELON"": 118, ""SELL:MILK"": 230, ""SELL:STRAWBERRY"": 120, ""SELL:WHEAT"": 397, ""SELL:WOOL"": 65}",v009b_public_meta_counter,random,"{""activation_count"": 0, ""active"": false, ""checkpoints"": 24, ""confidence"": 0, ""deactivation_count"": 0, ""extra_sells"": 0, ""last_score"": 0, ""last_step"": 718, ""low_streak"": 24, ""modified_sells"": 0, ""previous_inventory"": {""MELON"": 9978, ""MILK"": 9676, ""STRAWBERRY"": 9548, ""WOOL"": 9745}, ""previous_prices"": {""MELON"": 277.0, ""MILK"": 316.0, ""STRAWBERRY"": 299.0, ""WOOL"": 248.0}, ""regimes"": {""MELON"": ""TIGHT"", ""MILK"": ""TIGHT"", ""STRAWBERRY"": ""TIGHT"", ""WOOL"": ""TIGHT""}, ""reordered_sells"": 0}"
17,0,105366.0,149976.0,-44610.0,loss,DONE,DONE,1,719,0,0,0.656167,1.1420711,1.3482413800000002,35.481208,3.223001499995007,0,0,[],"{""0"": 98.0, ""1"": 94.0, ""10"": 7516.0, ""11"": 13609.0, ""12"": 11602.0, ""13"": 15253.0, ""14"": 16504.0, ""15"": 18572.0, ""16"": 22270.0, ""17"": 25731.0, ""18"": 27726.0, ""19"": 31085.0, ""2"": 81.0, ""20"": 43995.0, ""21"": 51589.0, ""22"": 57221.0, ""23"": 63004.0, ""24"": 65875.0, ""25"": 72203.0, ""26"": 81252.0, ""27"": 88843.0, ""28"": 103061.0, ""3"": 134.0, ""4"": 93.0, ""5"": 399.0, ""6"": 664.0, ""7"": 110.0, ""8"": 1063.0, ""9"": 1611.0}","{""BUILD_PASTURE"": 12, ""CARE"": 229, ""COLLECT_FERTILIZER"": 268, ""DIG"": 17, ""DROP"": 78, ""EAST"": 887, ""FEED"": 252, ""HARVEST"": 200, ""NORTH"": 1286, ""PASS"": 1728, ""PICKUP"": 69, ""PLACE"": 12, ""PLANT"": 105, ""SOUTH"": 940, ""WATER"": 758, ""WEST"": 1114}","{""BUY_ANIMAL"": 7, ""BUY_LAND"": 2, ""BUY_PRODUCT"": 187, ""BUY_SEED"": 47, ""HIRE"": 320, ""SELL"": 182}","{""BUY_ANIMAL:COW"": 9, ""BUY_ANIMAL:SHEEP"": 3, ""BUY_PRODUCT:WHEAT"": 523, ""BUY_SEED:CARROT"": 13, ""BUY_SEED:MELON"": 20, ""BUY_SEED:STRAWBERRY"": 37, ""BUY_SEED:WHEAT"": 37, ""SELL:CARROT"": 33, ""SELL:FERTILIZER"": 268, ""SELL:MELON"": 117, ""SELL:MILK"": 211, ""SELL:STRAWBERRY"": 124, ""SELL:WHEAT"": 411, ""SELL:WOOL"": 76}",v009b_public_meta_counter,hamburger,"{""activation_count"": 1, ""active"": true, ""checkpoints"": 24, ""confidence"": 8, ""deactivation_count"": 0, ""extra_sells"": 0, ""last_score"": 2, ""last_step"": 718, ""low_streak"": 0, ""modified_sells"": 0, ""previous_inventory"": {""MELON"": 10096, ""MILK"": 9923, ""STRAWBERRY"": 9879, ""WOOL"": 9983}, ""previous_prices"": {""MELON"": 158.0, ""MILK"": 236.0, ""STRAWBERRY"": 212.0, ""WOOL"": 225.0}, ""regimes"": {""MELON"": ""GLUT"", ""MILK"": ""TIGHT"", ""STRAWBERRY"": ""TIGHT"", ""WOOL"": ""TIGHT""}, ""reordered_sells"": 0}"
17,1,91933.0,132779.0,-40846.0,loss,DONE,DONE,1,719,0,0,0.647708,1.1297042000000002,1.3554605000000008,1.583833,3.138954875001218,0,0,[],"{""0"": 98.0, ""1"": 94.0, ""10"": 9466.0, ""11"": 13506.0, ""12"": 11198.0, ""13"": 14373.0, ""14"": 17679.0, ""15"": 19085.0, ""16"": 22593.0, ""17"": 24831.0, ""18"": 26032.0, ""19"": 29088.0, ""2"": 81.0, ""20"": 43651.0, ""21"": 43893.0, ""22"": 46337.0, ""23"": 52568.0, ""24"": 61861.0, ""25"": 72299.0, ""26"": 73818.0, ""27"": 78658.0, ""28"": 91198.0, ""3"": 134.0, ""4"": 93.0, ""5"": 399.0, ""6"": 670.0, ""7"": 99.0, ""8"": 767.0, ""9"": 1604.0}","{""BUILD_PASTURE"": 12, ""CARE"": 219, ""COLLECT_FERTILIZER"": 272, ""DIG"": 15, ""DROP"": 75, ""EAST"": 862, ""FEED"": 259, ""HARVEST"": 188, ""NORTH"": 1309, ""PASS"": 1726, ""PICKUP"": 71, ""PLACE"": 12, ""PLANT"": 102, ""SOUTH"": 978, ""WATER"": 768, ""WEST"": 1090}","{""BUY_ANIMAL"": 6, ""BUY_LAND"": 2, ""BUY_PRODUCT"": 197, ""BUY_SEED"": 53, ""HIRE"": 320, ""SELL"": 187}","{""BUY_ANIMAL:COW"": 8, ""BUY_ANIMAL:SHEEP"": 4, ""BUY_PRODUCT:WHEAT"": 528, ""BUY_SEED:CARROT"": 13, ""BUY_SEED:MELON"": 20, ""BUY_SEED:STRAWBERRY"": 37, ""BUY_SEED:WHEAT"": 36, ""SELL:CARROT"": 33, ""SELL:FERTILIZER"": 272, ""SELL:MELON"": 117, ""SELL:MILK"": 180, ""SELL:STRAWBERRY"": 125, ""SELL:WHEAT"": 391, ""SELL:WOOL"": 102}",v009b_public_meta_counter,hamburger,"{""activation_count"": 1, ""active"": true, ""checkpoints"": 24, ""confidence"": 8, ""deactivation_count"": 0, ""extra_sells"": 0, ""last_score"": 2, ""last_step"": 718, ""low_streak"": 0, ""modified_sells"": 0, ""previous_inventory"": {""MELON"": 10092, ""MILK"": 10000, ""STRAWBERRY"": 9874, ""WOOL"": 9973}, ""previous_prices"": {""MELON"": 165.0, ""MILK"": 160.0, ""STRAWBERRY"": 214.0, ""WOOL"": 229.0}, ""regimes"": {""MELON"": ""GLUT"", ""MILK"": ""NORMAL"", ""STRAWBERRY"": ""TIGHT"", ""WOOL"": ""TIGHT""}, ""reordered_sells"": 0}"
42,0,91962.0,132217.0,-40255.0,loss,DONE,DONE,1,719,0,0,0.63475,1.1442078,1.3221064400000007,1.595958,3.193221374996938,0,0,[],"{""0"": 98.0, ""1"": 94.0, ""10"": 4412.0, ""11"": 12900.0, ""12"": 10328.0, ""13"": 13259.0, ""14"": 15816.0, ""15"": 16827.0, ""16"": 20027.0, ""17"": 22272.0, ""18"": 26249.0, ""19"": 32353.0, ""2"": 81.0, ""20"": 41287.0, ""21"": 43549.0, ""22"": 49657.0, ""23"": 57749.0, ""24"": 69593.0, ""25"": 70850.0, ""26"": 75891.0, ""27"": 78416.0, ""28"": 91005.0, ""3"": 134.0, ""4"": 93.0, ""5"": 399.0, ""6"": 663.0, ""7"": 90.0, ""8"": 701.0, ""9"": 1140.0}","{""BUILD_PASTURE"": 12, ""CARE"": 239, ""COLLECT_FERTILIZER"": 271, ""DIG"": 25, ""DROP"": 81, ""EAST"": 852, ""FEED"": 254, ""HARVEST"": 188, ""NORTH"": 1305, ""PASS"": 1588, ""PICKUP"": 71, ""PLACE"": 12, ""PLANT"": 102, ""SOUTH"": 1003, ""WATER"": 725, ""WEST"": 1100}","{""BUY_ANIMAL"": 6, ""BUY_LAND"": 2, ""BUY_PRODUCT"": 197, ""BUY_SEED"": 53, ""HIRE"": 314, ""SELL"": 172}","{""BUY_ANIMAL:COW"": 4, ""BUY_ANIMAL:SHEEP"": 8, ""BUY_PRODUCT:WHEAT"": 524, ""BUY_SEED:CARROT"": 14, ""BUY_SEED:MELON"": 20, ""BUY_SEED:STRAWBERRY"": 37, ""BUY_SEED:WHEAT"": 37, ""SELL:CARROT"": 30, ""SELL:FERTILIZER"": 271, ""SELL:MELON"": 115, ""SELL:MILK"": 111, ""SELL:STRAWBERRY"": 119, ""SELL:WHEAT"": 392, ""SELL:WOOL"": 176}",v009b_public_meta_counter,hamburger,"{""activation_count"": 1, ""active"": true, ""checkpoints"": 24, ""confidence"": 8, ""deactivation_count"": 0, ""extra_sells"": 0, ""last_score"": 2, ""last_step"": 718, ""low_streak"": 0, ""modified_sells"": 0, ""previous_inventory"": {""MELON"": 10094, ""MILK"": 9985, ""STRAWBERRY"": 9946, ""WOOL"": 9952}, ""previous_prices"": {""MELON"": 162.0, ""MILK"": 194.0, ""STRAWBERRY"": 182.0, ""WOOL"": 233.0}, ""regimes"": {""MELON"": ""GLUT"", ""MILK"": ""TIGHT"", ""STRAWBERRY"": ""TIGHT"", ""WOOL"": ""TIGHT""}, ""reordered_sells"": 0}"
42,1,97302.0,147152.0,-49850.0,loss,DONE,DONE,1,719,0,0,0.632375,1.1381711,1.3296760000000003,1.564958,3.132786625006702,0,0,[],"{""0"": 98.0, ""1"": 94.0, ""10"": 4412.0, ""11"": 12900.0, ""12"": 10328.0, ""13"": 13259.0, ""14"": 15816.0, ""15"": 16828.0, ""16"": 20174.0, ""17"": 22512.0, ""18"": 27691.0, ""19"": 33159.0, ""2"": 81.0, ""20"": 44118.0, ""21"": 45773.0, ""22"": 51711.0, ""23"": 59261.0, ""24"": 67624.0, ""25"": 75660.0, ""26"": 81234.0, ""27"": 83687.0, ""28"": 96178.0, ""3"": 134.0, ""4"": 93.0, ""5"": 399.0, ""6"": 663.0, ""7"": 90.0, ""8"": 701.0, ""9"": 1140.0}","{""BUILD_PASTURE"": 12, ""CARE"": 236, ""COLLECT_FERTILIZER"": 272, ""DIG"": 26, ""DROP"": 76, ""EAST"": 881, ""FEED"": 257, ""HARVEST"": 190, ""NORTH"": 1261, ""PASS"": 1588, ""PICKUP"": 71, ""PLACE"": 12, ""PLANT"": 103, ""SOUTH"": 981, ""WATER"": 716, ""WEST"": 1118}","{""BUY_ANIMAL"": 6, ""BUY_LAND"": 2, ""BUY_PRODUCT"": 190, ""BUY_SEED"": 52, ""HIRE"": 313, ""SELL"": 181}","{""BUY_ANIMAL:COW"": 4, ""BUY_ANIMAL:SHEEP"": 8, ""BUY_PRODUCT:WHEAT"": 515, ""BUY_SEED:CARROT"": 13, ""BUY_SEED:MELON"": 20, ""BUY_SEED:STRAWBERRY"": 37, ""BUY_SEED:WHEAT"": 37, ""SELL:CARROT"": 27, ""SELL:FERTILIZER"": 272, ""SELL:MELON"": 114, ""SELL:MILK"": 114, ""SELL:STRAWBERRY"": 119, ""SELL:WHEAT"": 380, ""SELL:WOOL"": 171}",v009b_public_meta_counter,hamburger,"{""activation_count"": 1, ""active"": true, ""checkpoints"": 24, ""confidence"": 8, ""deactivation_count"": 0, ""extra_sells"": 0, ""last_score"": 2, ""last_step"": 718, ""low_streak"": 0, ""modified_sells"": 0, ""previous_inventory"": {""MELON"": 10093, ""MILK"": 9934, ""STRAWBERRY"": 9885, ""WOOL"": 9947}, ""previous_prices"": {""MELON"": 164.0, ""MILK"": 231.0, ""STRAWBERRY"": 210.0, ""WOOL"": 234.0}, ""regimes"": {""MELON"": ""GLUT"", ""MILK"": ""TIGHT"", ""STRAWBERRY"": ""TIGHT"", ""WOOL"": ""TIGHT""}, ""reordered_sells"": 0}"
2026,0,105520.0,157598.0,-52078.0,loss,DONE,DONE,1,719,0,0,0.658708,1.1500624999999998,1.3360223800000002,1.554917,3.212712874999852,0,0,[],"{""0"": 98.0, ""1"": 94.0, ""10"": 5737.0, ""11"": 13169.0, ""12"": 13312.0, ""13"": 13307.0, ""14"": 16712.0, ""15"": 19947.0, ""16"": 22438.0, ""17"": 25405.0, ""18"": 25984.0, ""19"": 34531.0, ""2"": 81.0, ""20"": 45983.0, ""21"": 50126.0, ""22"": 61654.0, ""23"": 64485.0, ""24"": 66957.0, ""25"": 73623.0, ""26"": 84528.0, ""27"": 90136.0, ""28"": 103897.0, ""3"": 134.0, ""4"": 94.0, ""5"": 393.0, ""6"": 654.0, ""7"": 107.0, ""8"": 746.0, ""9"": 1103.0}","{""BUILD_PASTURE"": 12, ""CARE"": 243, ""COLLECT_FERTILIZER"": 266, ""DIG"": 15, ""DROP"": 79, ""EAST"": 853, ""FEED"": 243, ""HARVEST"": 201, ""NORTH"": 1362, ""PASS"": 1619, ""PICKUP"": 67, ""PLACE"": 12, ""PLANT"": 114, ""SOUTH"": 1002, ""WATER"": 764, ""WEST"": 1105}","{""BUY_ANIMAL"": 7, ""BUY_LAND"": 2, ""BUY_PRODUCT"": 193, ""BUY_SEED"": 53, ""HIRE"": 320, ""SELL"": 184}","{""BUY_ANIMAL:COW"": 2, ""BUY_ANIMAL:SHEEP"": 10, ""BUY_PRODUCT:WHEAT"": 518, ""BUY_SEED:CARROT"": 16, ""BUY_SEED:MELON"": 20, ""BUY_SEED:STRAWBERRY"": 37, ""BUY_SEED:WHEAT"": 41, ""SELL:CARROT"": 48, ""SELL:FERTILIZER"": 266, ""SELL:MELON"": 110, ""SELL:MILK"": 66, ""SELL:STRAWBERRY"": 128, ""SELL:WHEAT"": 422, ""SELL:WOOL"": 208}",v009b_public_meta_counter,hamburger,"{""activation_count"": 1, ""active"": true, ""checkpoints"": 24, ""confidence"": 8, ""deactivation_count"": 0, ""extra_sells"": 0, ""last_score"": 2, ""last_step"": 718, ""low_streak"": 0, ""modified_sells"": 0, ""previous_inventory"": {""MELON"": 10089, ""MILK"": 9904, ""STRAWBERRY"": 9883, ""WOOL"": 9912}, ""previous_prices"": {""MELON"": 171.0, ""MILK"": 245.0, ""STRAWBERRY"": 211.0, ""WOOL"": 239.0}, ""regimes"": {""MELON"": ""GLUT"", ""MILK"": ""TIGHT"", ""STRAWBERRY"": ""TIGHT"", ""WOOL"": ""TIGHT""}, ""reordered_sells"": 0}"
2026,1,100989.0,144345.0,-43356.0,loss,DONE,DONE,1,719,0,0,0.667541,1.1382084000000001,1.3129063800000003,34.955167,3.1956540410028538,0,0,[],"{""0"": 98.0, ""1"": 94.0, ""10"": 5737.0, ""11"": 13169.0, ""12"": 13312.0, ""13"": 13342.0, ""14"": 16708.0, ""15"": 19886.0, ""16"": 22061.0, ""17"": 25217.0, ""18"": 27330.0, ""19"": 36272.0, ""2"": 81.0, ""20"": 49571.0, ""21"": 51558.0, ""22"": 60347.0, ""23"": 64684.0, ""24"": 67811.0, ""25"": 74198.0, ""26"": 84293.0, ""27"": 87195.0, ""28"": 99454.0, ""3"": 134.0, ""4"": 94.0, ""5"": 393.0, ""6"": 654.0, ""7"": 107.0, ""8"": 746.0, ""9"": 1103.0}","{""BUILD_PASTURE"": 12, ""CARE"": 243, ""COLLECT_FERTILIZER"": 263, ""DIG"": 22, ""DROP"": 72, ""EAST"": 901, ""FEED"": 249, ""HARVEST"": 200, ""NORTH"": 1316, ""PASS"": 1635, ""PICKUP"": 67, ""PLACE"": 12, ""PLANT"": 108, ""SOUTH"": 981, ""WATER"": 743, ""WEST"": 1111}","{""BUY_ANIMAL"": 7, ""BUY_LAND"": 2, ""BUY_PRODUCT"": 197, ""BUY_SEED"": 49, ""HIRE"": 319, ""SELL"": 176}","{""BUY_ANIMAL:COW"": 2, ""BUY_ANIMAL:SHEEP"": 10, ""BUY_PRODUCT:WHEAT"": 516, ""BUY_SEED:CARROT"": 14, ""BUY_SEED:MELON"": 20, ""BUY_SEED:STRAWBERRY"": 37, ""BUY_SEED:WHEAT"": 39, ""SELL:CARROT"": 36, ""SELL:FERTILIZER"": 263, ""SELL:MELON"": 116, ""SELL:MILK"": 69, ""SELL:STRAWBERRY"": 128, ""SELL:WHEAT"": 406, ""SELL:WOOL"": 218}",v009b_public_meta_counter,hamburger,"{""activation_count"": 1, ""active"": true, ""checkpoints"": 24, ""confidence"": 8, ""deactivation_count"": 0, ""extra_sells"": 0, ""last_score"": 2, ""last_step"": 718, ""low_streak"": 0, ""modified_sells"": 0, ""previous_inventory"": {""MELON"": 10095, ""MILK"": 9907, ""STRAWBERRY"": 9991, ""WOOL"": 9922}, ""previous_prices"": {""MELON"": 160.0, ""MILK"": 244.0, ""STRAWBERRY"": 145.0, ""WOOL"": 237.0}, ""regimes"": {""MELON"": ""GLUT"", ""MILK"": ""TIGHT"", ""STRAWBERRY"": ""TIGHT"", ""WOOL"": ""TIGHT""}, ""reordered_sells"": 0}"
217,0,93372.0,147090.0,-53718.0,loss,DONE,DONE,1,719,0,0,0.663042,1.1546750000000001,1.33366738,38.918792,3.142826375005825,0,0,[],"{""0"": 98.0, ""1"": 94.0, ""10"": 8818.0, ""11"": 11243.0, ""12"": 10884.0, ""13"": 14734.0, ""14"": 17099.0, ""15"": 21304.0, ""16"": 22216.0, ""17"": 24075.0, ""18"": 25716.0, ""19"": 30147.0, ""2"": 81.0, ""20"": 40459.0, ""21"": 44702.0, ""22"": 50850.0, ""23"": 56220.0, ""24"": 58836.0, ""25"": 65762.0, ""26"": 74041.0, ""27"": 79367.0, ""28"": 90638.0, ""3"": 134.0, ""4"": 94.0, ""5"": 393.0, ""6"": 661.0, ""7"": 80.0, ""8"": 848.0, ""9"": 1357.0}","{""BUILD_PASTURE"": 12, ""CARE"": 218, ""COLLECT_FERTILIZER"": 270, ""DIG"": 22, ""DROP"": 78, ""EAST"": 826, ""FEED"": 259, ""HARVEST"": 183, ""NORTH"": 1331, ""PASS"": 1615, ""PICKUP"": 70, ""PLACE"": 12, ""PLANT"": 99, ""SOUTH"": 1023, ""WATER"": 762, ""WEST"": 1087}","{""BUY_ANIMAL"": 7, ""BUY_LAND"": 2, ""BUY_PRODUCT"": 206, ""BUY_SEED"": 48, ""HIRE"": 316, ""SELL"": 184}","{""BUY_ANIMAL:COW"": 8, ""BUY_ANIMAL:SHEEP"": 4, ""BUY_PRODUCT:WHEAT"": 529, ""BUY_SEED:CARROT"": 12, ""BUY_SEED:MELON"": 20, ""BUY_SEED:STRAWBERRY"": 37, ""BUY_SEED:WHEAT"": 36, ""SELL:CARROT"": 24, ""SELL:FERTILIZER"": 270, ""SELL:MELON"": 119, ""SELL:MILK"": 167, ""SELL:STRAWBERRY"": 124, ""SELL:WHEAT"": 383, ""SELL:WOOL"": 110}",v009b_public_meta_counter,hamburger,"{""activation_count"": 1, ""active"": true, ""checkpoints"": 24, ""confidence"": 8, ""deactivation_count"": 0, ""extra_sells"": 0, ""last_score"": 2, ""last_step"": 718, ""low_streak"": 0, ""modified_sells"": 1, ""previous_inventory"": {""MELON"": 10098, ""MILK"": 10005, ""STRAWBERRY"": 9825, ""WOOL"": 9958}, ""previous_prices"": {""MELON"": 154.0, ""MILK"": 150.0, ""STRAWBERRY"": 231.0, ""WOOL"": 232.0}, ""regimes"": {""MELON"": ""GLUT"", ""MILK"": ""NORMAL"", ""STRAWBERRY"": ""TIGHT"", ""WOOL"": ""TIGHT""}, ""reordered_sells"": 0}"
217,1,88707.0,134542.0,-45835.0,loss,DONE,DONE,1,719,0,0,0.646916,1.1314878000000004,1.3217056200000006,1.716666,3.1639773749993765,0,0,[],"{""0"": 98.0, ""1"": 94.0, ""10"": 8818.0, ""11"": 11243.0, ""12"": 10884.0, ""13"": 14734.0, ""14"": 17099.0, ""15"": 21233.0, ""16"": 21460.0, ""17"": 23069.0, ""18"": 24400.0, ""19"": 27737.0, ""2"": 81.0, ""20"": 38835.0, ""21"": 42216.0, ""22"": 49170.0, ""23"": 51670.0, ""24"": 55822.0, ""25"": 62641.0, ""26"": 70120.0, ""27"": 74988.0, ""28"": 85312.0, ""3"": 134.0, ""4"": 94.0, ""5"": 393.0, ""6"": 661.0, ""7"": 80.0, ""8"": 848.0, ""9"": 1357.0}","{""BUILD_PASTURE"": 12, ""CARE"": 212, ""COLLECT_FERTILIZER"": 269, ""DIG"": 22, ""DROP"": 69, ""EAST"": 854, ""FEED"": 260, ""HARVEST"": 188, ""NORTH"": 1303, ""PASS"": 1639, ""PICKUP"": 70, ""PLACE"": 12, ""PLANT"": 98, ""SOUTH"": 1015, ""WATER"": 760, ""WEST"": 1105}","{""BUY_ANIMAL"": 7, ""BUY_LAND"": 2, ""BUY_PRODUCT"": 205, ""BUY_SEED"": 47, ""HIRE"": 317, ""SELL"": 192}","{""BUY_ANIMAL:COW"": 8, ""BUY_ANIMAL:SHEEP"": 4, ""BUY_PRODUCT:WHEAT"": 527, ""BUY_SEED:CARROT"": 13, ""BUY_SEED:MELON"": 20, ""BUY_SEED:STRAWBERRY"": 37, ""BUY_SEED:WHEAT"": 33, ""SELL:CARROT"": 29, ""SELL:FERTILIZER"": 269, ""SELL:MELON"": 115, ""SELL:MILK"": 179, ""SELL:STRAWBERRY"": 124, ""SELL:WHEAT"": 382, ""SELL:WOOL"": 98}",v009b_public_meta_counter,hamburger,"{""activation_count"": 1, ""active"": true, ""checkpoints"": 24, ""confidence"": 8, ""deactivation_count"": 0, ""extra_sells"": 0, ""last_score"": 2, ""last_step"": 718, ""low_streak"": 0, ""modified_sells"": 1, ""previous_inventory"": {""MELON"": 10094, ""MILK"": 9981, ""STRAWBERRY"": 9836, ""WOOL"": 10017}, ""previous_prices"": {""MELON"": 162.0, ""MILK"": 198.0, ""STRAWBERRY"": 228.0, ""WOOL"": 183.0}, ""regimes"": {""MELON"": ""GLUT"", ""MILK"": ""TIGHT"", ""STRAWBERRY"": ""TIGHT"", ""WOOL"": ""NORMAL""}, ""reordered_sells"": 0}"
317,0,100165.0,149802.0,-49637.0,loss,DONE,DONE,1,719,0,0,0.660375,1.1536167,1.3680544400000016,1.890292,3.236011667002458,0,0,[],"{""0"": 98.0, ""1"": 94.0, ""10"": 8249.0, ""11"": 13561.0, ""12"": 11134.0, ""13"": 14854.0, ""14"": 16084.0, ""15"": 18501.0, ""16"": 22715.0, ""17"": 25102.0, ""18"": 28274.0, ""19"": 34532.0, ""2"": 81.0, ""20"": 47249.0, ""21"": 53447.0, ""22"": 57287.0, ""23"": 60294.0, ""24"": 66165.0, ""25"": 71456.0, ""26"": 79356.0, ""27"": 85372.0, ""28"": 97812.0, ""3"": 134.0, ""4"": 94.0, ""5"": 393.0, ""6"": 654.0, ""7"": 111.0, ""8"": 1171.0, ""9"": 1617.0}","{""BUILD_PASTURE"": 12, ""CARE"": 232, ""COLLECT_FERTILIZER"": 269, ""DIG"": 18, ""DROP"": 81, ""EAST"": 891, ""FEED"": 260, ""HARVEST"": 199, ""NORTH"": 1300, ""PASS"": 1647, ""PICKUP"": 69, ""PLACE"": 12, ""PLANT"": 103, ""SOUTH"": 983, ""WATER"": 749, ""WEST"": 1109}","{""BUY_ANIMAL"": 8, ""BUY_LAND"": 2, ""BUY_PRODUCT"": 202, ""BUY_SEED"": 48, ""HIRE"": 319, ""SELL"": 186}","{""BUY_ANIMAL:COW"": 8, ""BUY_ANIMAL:SHEEP"": 4, ""BUY_PRODUCT:WHEAT"": 527, ""BUY_SEED:CARROT"": 14, ""BUY_SEED:MELON"": 20, ""BUY_SEED:STRAWBERRY"": 37, ""BUY_SEED:WHEAT"": 37, ""SELL:CARROT"": 33, ""SELL:FERTILIZER"": 269, ""SELL:MELON"": 114, ""SELL:MILK"": 195, ""SELL:STRAWBERRY"": 125, ""SELL:WHEAT"": 393, ""SELL:WOOL"": 107}",v009b_public_meta_counter,hamburger,"{""activation_count"": 1, ""active"": true, ""checkpoints"": 24, ""confidence"": 8, ""deactivation_count"": 0, ""extra_sells"": 0, ""last_score"": 2, ""last_step"": 718, ""low_streak"": 0, ""modified_sells"": 0, ""previous_inventory"": {""MELON"": 10093, ""MILK"": 9997, ""STRAWBERRY"": 9916, ""WOOL"": 9919}, ""previous_prices"": {""MELON"": 164.0, ""MILK"": 175.0, ""STRAWBERRY"": 197.0, ""WOOL"": 238.0}, ""regimes"": {""MELON"": ""GLUT"", ""MILK"": ""TIGHT"", ""STRAWBERRY"": ""TIGHT"", ""WOOL"": ""TIGHT""}, ""reordered_sells"": 0}"
317,1,100328.0,149815.0,-49487.0,loss,DONE,DONE,1,719,0,0,0.656791,1.1448503,1.3041069400000012,1.823417,3.1824915000033798,0,0,[],"{""0"": 98.0, ""1"": 94.0, ""10"": 8249.0, ""11"": 13561.0, ""12"": 11134.0, ""13"": 14854.0, ""14"": 16084.0, ""15"": 18501.0, ""16"": 22715.0, ""17"": 25102.0, ""18"": 28274.0, ""19"": 34532.0, ""2"": 81.0, ""20"": 47249.0, ""21"": 53447.0, ""22"": 57287.0, ""23"": 60294.0, ""24"": 66266.0, ""25"": 71509.0, ""26"": 78454.0, ""27"": 85619.0, ""28"": 97923.0, ""3"": 134.0, ""4"": 94.0, ""5"": 393.0, ""6"": 654.0, ""7"": 111.0, ""8"": 1171.0, ""9"": 1617.0}","{""BUILD_PASTURE"": 12, ""CARE"": 232, ""COLLECT_FERTILIZER"": 269, ""DIG"": 16, ""DROP"": 81, ""EAST"": 883, ""FEED"": 260, ""HARVEST"": 199, ""NORTH"": 1311, ""PASS"": 1625, ""PICKUP"": 69, ""PLACE"": 12, ""PLANT"": 103, ""SOUTH"": 980, ""WATER"": 749, ""WEST"": 1109}","{""BUY_ANIMAL"": 8, ""BUY_LAND"": 2, ""BUY_PRODUCT"": 199, ""BUY_SEED"": 49, ""HIRE"": 318, ""SELL"": 182}","{""BUY_ANIMAL:COW"": 8, ""BUY_ANIMAL:SHEEP"": 4, ""BUY_PRODUCT:WHEAT"": 526, ""BUY_SEED:CARROT"": 15, ""BUY_SEED:MELON"": 20, ""BUY_SEED:STRAWBERRY"": 37, ""BUY_SEED:WHEAT"": 37, ""SELL:CARROT"": 33, ""SELL:FERTILIZER"": 269, ""SELL:MELON"": 114, ""SELL:MILK"": 195, ""SELL:STRAWBERRY"": 125, ""SELL:WHEAT"": 394, ""SELL:WOOL"": 107}",v009b_public_meta_counter,hamburger,"{""activation_count"": 1, ""active"": true, ""checkpoints"": 24, ""confidence"": 8, ""deactivation_count"": 0, ""extra_sells"": 0, ""last_score"": 2, ""last_step"": 718, ""low_streak"": 0, ""modified_sells"": 0, ""previous_inventory"": {""MELON"": 10093, ""MILK"": 9997, ""STRAWBERRY"": 9916, ""WOOL"": 9919}, ""previous_prices"": {""MELON"": 164.0, ""MILK"": 175.0, ""STRAWBERRY"": 197.0, ""WOOL"": 238.0}, ""regimes"": {""MELON"": ""GLUT"", ""MILK"": ""TIGHT"", ""STRAWBERRY"": ""TIGHT"", ""WOOL"": ""TIGHT""}, ""reordered_sells"": 0}"
733,0,112804.0,167694.0,-54890.0,loss,DONE,DONE,1,719,0,0,0.656958,1.1533169,1.3200424400000004,1.521833,3.2075636250010575,0,0,[],"{""0"": 98.0, ""1"": 94.0, ""10"": 8257.0, ""11"": 13537.0, ""12"": 11303.0, ""13"": 15348.0, ""14"": 19508.0, ""15"": 23035.0, ""16"": 24955.0, ""17"": 28227.0, ""18"": 31246.0, ""19"": 37914.0, ""2"": 81.0, ""20"": 49581.0, ""21"": 55088.0, ""22"": 62418.0, ""23"": 68190.0, ""24"": 74174.0, ""25"": 80855.0, ""26"": 89684.0, ""27"": 95594.0, ""28"": 111143.0, ""3"": 134.0, ""4"": 94.0, ""5"": 393.0, ""6"": 655.0, ""7"": 111.0, ""8"": 1108.0, ""9"": 1459.0}","{""BUILD_PASTURE"": 12, ""CARE"": 245, ""COLLECT_FERTILIZER"": 270, ""DIG"": 13, ""DROP"": 73, ""EAST"": 866, ""FEED"": 256, ""HARVEST"": 199, ""NORTH"": 1336, ""PASS"": 1667, ""PICKUP"": 66, ""PLACE"": 12, ""PLANT"": 107, ""SOUTH"": 1001, ""WATER"": 748, ""WEST"": 1085}","{""BUY_ANIMAL"": 8, ""BUY_LAND"": 2, ""BUY_PRODUCT"": 191, ""BUY_SEED"": 49, ""HIRE"": 320, ""SELL"": 178}","{""BUY_ANIMAL:COW"": 5, ""BUY_ANIMAL:SHEEP"": 7, ""BUY_PRODUCT:WHEAT"": 521, ""BUY_SEED:CARROT"": 14, ""BUY_SEED:MELON"": 20, ""BUY_SEED:STRAWBERRY"": 37, ""BUY_SEED:WHEAT"": 39, ""SELL:CARROT"": 33, ""SELL:FERTILIZER"": 270, ""SELL:MELON"": 110, ""SELL:MILK"": 119, ""SELL:STRAWBERRY"": 124, ""SELL:WHEAT"": 400, ""SELL:WOOL"": 178}",v009b_public_meta_counter,hamburger,"{""activation_count"": 1, ""active"": true, ""checkpoints"": 24, ""confidence"": 8, ""deactivation_count"": 0, ""extra_sells"": 0, ""last_score"": 2, ""last_step"": 718, ""low_streak"": 0, ""modified_sells"": 0, ""previous_inventory"": {""MELON"": 10089, ""MILK"": 9921, ""STRAWBERRY"": 9800, ""WOOL"": 9882}, ""previous_prices"": {""MELON"": 171.0, ""MILK"": 237.0, ""STRAWBERRY"": 239.0, ""WOOL"": 241.0}, ""regimes"": {""MELON"": ""GLUT"", ""MILK"": ""TIGHT"", ""STRAWBERRY"": ""TIGHT"", ""WOOL"": ""TIGHT""}, ""reordered_sells"": 0}"
733,1,113756.0,168119.0,-54363.0,loss,DONE,DONE,1,719,0,0,0.661167,1.146133,1.3134750000000022,1.511791,3.166676666995045,0,0,[],"{""0"": 98.0, ""1"": 94.0, ""10"": 8257.0, ""11"": 13537.0, ""12"": 11303.0, ""13"": 15348.0, ""14"": 19508.0, ""15"": 23035.0, ""16"": 25041.0, ""17"": 28182.0, ""18"": 31302.0, ""19"": 38007.0, ""2"": 81.0, ""20"": 50367.0, ""21"": 56037.0, ""22"": 64435.0, ""23"": 71933.0, ""24"": 74743.0, ""25"": 86165.0, ""26"": 90302.0, ""27"": 96582.0, ""28"": 112334.0, ""3"": 134.0, ""4"": 94.0, ""5"": 393.0, ""6"": 655.0, ""7"": 111.0, ""8"": 1108.0, ""9"": 1459.0}","{""BUILD_PASTURE"": 12, ""CARE"": 243, ""COLLECT_FERTILIZER"": 270, ""DIG"": 14, ""DROP"": 75, ""EAST"": 871, ""FEED"": 254, ""HARVEST"": 204, ""NORTH"": 1323, ""PASS"": 1672, ""PICKUP"": 67, ""PLACE"": 12, ""PLANT"": 110, ""SOUTH"": 981, ""WATER"": 738, ""WEST"": 1109}","{""BUY_ANIMAL"": 8, ""BUY_LAND"": 2, ""BUY_PRODUCT"": 197, ""BUY_SEED"": 49, ""HIRE"": 320, ""SELL"": 172}","{""BUY_ANIMAL:COW"": 5, ""BUY_ANIMAL:SHEEP"": 7, ""BUY_PRODUCT:WHEAT"": 515, ""BUY_SEED:CARROT"": 15, ""BUY_SEED:MELON"": 20, ""BUY_SEED:STRAWBERRY"": 37, ""BUY_SEED:WHEAT"": 40, ""SELL:CARROT"": 39, ""SELL:FERTILIZER"": 270, ""SELL:MELON"": 111, ""SELL:MILK"": 120, ""SELL:STRAWBERRY"": 124, ""SELL:WHEAT"": 396, ""SELL:WOOL"": 180}",v009b_public_meta_counter,hamburger,"{""activation_count"": 1, ""active"": true, ""checkpoints"": 24, ""confidence"": 8, ""deactivation_count"": 0, ""extra_sells"": 0, ""last_score"": 2, ""last_step"": 718, ""low_streak"": 0, ""modified_sells"": 0, ""previous_inventory"": {""MELON"": 10090, ""MILK"": 9904, ""STRAWBERRY"": 9825, ""WOOL"": 9884}, ""previous_prices"": {""MELON"": 169.0, ""MILK"": 245.0, ""STRAWBERRY"": 231.0, ""WOOL"": 241.0}, ""regimes"": {""MELON"": ""GLUT"", ""MILK"": ""TIGHT"", ""STRAWBERRY"": ""TIGHT"", ""WOOL"": ""TIGHT""}, ""reordered_sells"": 0}"
17,0,95599.0,130730.0,-35131.0,loss,DONE,DONE,1,719,0,0,0.656875,1.1464577,1.3570081200000013,1.796833,3.1968201670024428,0,0,[],"{""0"": 98.0, ""1"": 94.0, ""10"": 9819.0, ""11"": 11602.0, ""12"": 11245.0, ""13"": 15026.0, ""14"": 16383.0, ""15"": 18357.0, ""16"": 21974.0, ""17"": 23320.0, ""18"": 24931.0, ""19"": 29237.0, ""2"": 82.0, ""20"": 44008.0, ""21"": 52114.0, ""22"": 55726.0, ""23"": 59879.0, ""24"": 64991.0, ""25"": 70990.0, ""26"": 80246.0, ""27"": 81780.0, ""28"": 92927.0, ""3"": 136.0, ""4"": 95.0, ""5"": 402.0, ""6"": 666.0, ""7"": 80.0, ""8"": 1002.0, ""9"": 1600.0}","{""BUILD_PASTURE"": 12, ""CARE"": 226, ""COLLECT_FERTILIZER"": 271, ""DIG"": 23, ""DROP"": 80, ""EAST"": 923, ""FEED"": 259, ""HARVEST"": 200, ""NORTH"": 1367, ""PASS"": 1532, ""PICKUP"": 67, ""PLACE"": 12, ""PLANT"": 101, ""SOUTH"": 969, ""WATER"": 725, ""WEST"": 1102}","{""BUY_ANIMAL"": 7, ""BUY_LAND"": 2, ""BUY_PRODUCT"": 194, ""BUY_SEED"": 48, ""HIRE"": 316, ""SELL"": 193}","{""BUY_ANIMAL:COW"": 9, ""BUY_ANIMAL:SHEEP"": 3, ""BUY_PRODUCT:WHEAT"": 523, ""BUY_SEED:CARROT"": 16, ""BUY_SEED:MELON"": 20, ""BUY_SEED:STRAWBERRY"": 37, ""BUY_SEED:WHEAT"": 32, ""SELL:CARROT"": 36, ""SELL:FERTILIZER"": 271, ""SELL:MELON"": 118, ""SELL:MILK"": 211, ""SELL:STRAWBERRY"": 125, ""SELL:WHEAT"": 375, ""SELL:WOOL"": 78}",v009b_public_meta_counter,frontier,"{""activation_count"": 1, ""active"": true, ""checkpoints"": 24, ""confidence"": 8, ""deactivation_count"": 0, ""extra_sells"": 0, ""last_score"": 2, ""last_step"": 718, ""low_streak"": 0, ""modified_sells"": 0, ""previous_inventory"": {""MELON"": 10097, ""MILK"": 9941, ""STRAWBERRY"": 9952, ""WOOL"": 10011}, ""previous_prices"": {""MELON"": 156.0, ""MILK"": 227.0, ""STRAWBERRY"": 178.0, ""WOOL"": 193.0}, ""regimes"": {""MELON"": ""GLUT"", ""MILK"": ""TIGHT"", ""STRAWBERRY"": ""TIGHT"", ""WOOL"": ""NORMAL""}, ""reordered_sells"": 0}"
17,1,95786.0,138039.0,-42253.0,loss,DONE,DONE,1,719,0,0,0.638667,1.13375,1.3188860600000014,1.563042,3.1155435420005233,0,0,[],"{""0"": 98.0, ""1"": 94.0, ""10"": 9598.0, ""11"": 11191.0, ""12"": 10907.0, ""13"": 14325.0, ""14"": 18003.0, ""15"": 19620.0, ""16"": 23070.0, ""17"": 25105.0, ""18"": 26288.0, ""19"": 34887.0, ""2"": 82.0, ""20"": 44238.0, ""21"": 45263.0, ""22"": 49395.0, ""23"": 62046.0, ""24"": 62918.0, ""25"": 73169.0, ""26"": 75344.0, ""27"": 80702.0, ""28"": 92987.0, ""3"": 136.0, ""4"": 95.0, ""5"": 402.0, ""6"": 672.0, ""7"": 109.0, ""8"": 589.0, ""9"": 1476.0}","{""BUILD_PASTURE"": 12, ""CARE"": 222, ""COLLECT_FERTILIZER"": 267, ""DIG"": 26, ""DROP"": 70, ""EAST"": 906, ""FEED"": 260, ""HARVEST"": 191, ""NORTH"": 1295, ""PASS"": 1570, ""PICKUP"": 73, ""PLACE"": 12, ""PLANT"": 99, ""SOUTH"": 944, ""WATER"": 721, ""WEST"": 1117}","{""BUY_ANIMAL"": 7, ""BUY_LAND"": 2, ""BUY_PRODUCT"": 196, ""BUY_SEED"": 51, ""HIRE"": 312, ""SELL"": 182}","{""BUY_ANIMAL:COW"": 7, ""BUY_ANIMAL:SHEEP"": 5, ""BUY_PRODUCT:WHEAT"": 526, ""BUY_SEED:CARROT"": 14, ""BUY_SEED:MELON"": 20, ""BUY_SEED:STRAWBERRY"": 37, ""BUY_SEED:WHEAT"": 36, ""SELL:CARROT"": 30, ""SELL:FERTILIZER"": 267, ""SELL:MELON"": 111, ""SELL:MILK"": 172, ""SELL:STRAWBERRY"": 120, ""SELL:WHEAT"": 380, ""SELL:WOOL"": 107}",v009b_public_meta_counter,frontier,"{""activation_count"": 1, ""active"": true, ""checkpoints"": 24, ""confidence"": 8, ""deactivation_count"": 0, ""extra_sells"": 0, ""last_score"": 2, ""last_step"": 718, ""low_streak"": 0, ""modified_sells"": 0, ""previous_inventory"": {""MELON"": 10086, ""MILK"": 9920, ""STRAWBERRY"": 9861, ""WOOL"": 9971}, ""previous_prices"": {""MELON"": 176.0, ""MILK"": 238.0, ""STRAWBERRY"": 219.0, ""WOOL"": 229.0}, ""regimes"": {""MELON"": ""GLUT"", ""MILK"": ""TIGHT"", ""STRAWBERRY"": ""TIGHT"", ""WOOL"": ""TIGHT""}, ""reordered_sells"": 0}"
42,0,86917.0,138614.0,-51697.0,loss,DONE,DONE,1,719,0,0,0.643667,1.1476250000000003,1.4231880600000002,36.320292,3.167711958005384,0,0,[],"{""0"": 98.0, ""1"": 94.0, ""10"": 8227.0, ""11"": 9785.0, ""12"": 9490.0, ""13"": 13184.0, ""14"": 16431.0, ""15"": 17418.0, ""16"": 20252.0, ""17"": 21808.0, ""18"": 23730.0, ""19"": 27698.0, ""2"": 82.0, ""20"": 37606.0, ""21"": 38971.0, ""22"": 42810.0, ""23"": 50592.0, ""24"": 57329.0, ""25"": 62222.0, ""26"": 70095.0, ""27"": 72388.0, ""28"": 85200.0, ""3"": 136.0, ""4"": 95.0, ""5"": 402.0, ""6"": 665.0, ""7"": 100.0, ""8"": 662.0, ""9"": 885.0}","{""BUILD_PASTURE"": 12, ""CARE"": 208, ""COLLECT_FERTILIZER"": 272, ""DIG"": 26, ""DROP"": 78, ""EAST"": 824, ""FEED"": 253, ""HARVEST"": 184, ""NORTH"": 1346, ""PASS"": 1563, ""PICKUP"": 73, ""PLACE"": 12, ""PLANT"": 100, ""SOUTH"": 1012, ""WATER"": 726, ""WEST"": 1135}","{""BUY_ANIMAL"": 6, ""BUY_LAND"": 2, ""BUY_PRODUCT"": 199, ""BUY_SEED"": 53, ""HIRE"": 314, ""SELL"": 181}","{""BUY_ANIMAL:COW"": 6, ""BUY_ANIMAL:SHEEP"": 6, ""BUY_PRODUCT:WHEAT"": 516, ""BUY_SEED:CARROT"": 12, ""BUY_SEED:MELON"": 20, ""BUY_SEED:STRAWBERRY"": 37, ""BUY_SEED:WHEAT"": 36, ""SELL:CARROT"": 27, ""SELL:FERTILIZER"": 272, ""SELL:MELON"": 119, ""SELL:MILK"": 123, ""SELL:STRAWBERRY"": 122, ""SELL:WHEAT"": 379, ""SELL:WOOL"": 134}",v009b_public_meta_counter,frontier,"{""activation_count"": 1, ""active"": true, ""checkpoints"": 24, ""confidence"": 8, ""deactivation_count"": 0, ""extra_sells"": 0, ""last_score"": 2, ""last_step"": 718, ""low_streak"": 0, ""modified_sells"": 1, ""previous_inventory"": {""MELON"": 10098, ""MILK"": 9961, ""STRAWBERRY"": 9877, ""WOOL"": 9981}, ""previous_prices"": {""MELON"": 154.0, ""MILK"": 214.0, ""STRAWBERRY"": 213.0, ""WOOL"": 226.0}, ""regimes"": {""MELON"": ""GLUT"", ""MILK"": ""TIGHT"", ""STRAWBERRY"": ""TIGHT"", ""WOOL"": ""TIGHT""}, ""reordered_sells"": 1}"
42,1,85827.0,133082.0,-47255.0,loss,DONE,DONE,1,719,0,0,0.651875,1.1293715,1.3575595600000008,28.992959,3.2099545000019134,0,0,[],"{""0"": 98.0, ""1"": 94.0, ""10"": 8227.0, ""11"": 9785.0, ""12"": 9490.0, ""13"": 13184.0, ""14"": 16431.0, ""15"": 17418.0, ""16"": 20252.0, ""17"": 21808.0, ""18"": 23730.0, ""19"": 27698.0, ""2"": 82.0, ""20"": 37606.0, ""21"": 38971.0, ""22"": 42661.0, ""23"": 53041.0, ""24"": 58618.0, ""25"": 62868.0, ""26"": 68484.0, ""27"": 71676.0, ""28"": 84200.0, ""3"": 136.0, ""4"": 95.0, ""5"": 402.0, ""6"": 665.0, ""7"": 100.0, ""8"": 662.0, ""9"": 885.0}","{""BUILD_PASTURE"": 12, ""CARE"": 212, ""COLLECT_FERTILIZER"": 272, ""DIG"": 22, ""DROP"": 87, ""EAST"": 819, ""FEED"": 253, ""HARVEST"": 183, ""NORTH"": 1331, ""PASS"": 1567, ""PICKUP"": 74, ""PLACE"": 12, ""PLANT"": 99, ""SOUTH"": 1005, ""WATER"": 722, ""WEST"": 1132}","{""BUY_ANIMAL"": 6, ""BUY_LAND"": 2, ""BUY_PRODUCT"": 199, ""BUY_SEED"": 53, ""HIRE"": 313, ""SELL"": 184}","{""BUY_ANIMAL:COW"": 6, ""BUY_ANIMAL:SHEEP"": 6, ""BUY_PRODUCT:WHEAT"": 516, ""BUY_SEED:CARROT"": 12, ""BUY_SEED:MELON"": 20, ""BUY_SEED:STRAWBERRY"": 37, ""BUY_SEED:WHEAT"": 36, ""SELL:CARROT"": 24, ""SELL:FERTILIZER"": 272, ""SELL:MELON"": 119, ""SELL:MILK"": 124, ""SELL:STRAWBERRY"": 122, ""SELL:WHEAT"": 379, ""SELL:WOOL"": 137}",v009b_public_meta_counter,frontier,"{""activation_count"": 1, ""active"": true, ""checkpoints"": 24, ""confidence"": 8, ""deactivation_count"": 0, ""extra_sells"": 0, ""last_score"": 2, ""last_step"": 718, ""low_streak"": 0, ""modified_sells"": 1, ""previous_inventory"": {""MELON"": 10098, ""MILK"": 9980, ""STRAWBERRY"": 9888, ""WOOL"": 9984}, ""previous_prices"": {""MELON"": 154.0, ""MILK"": 199.0, ""STRAWBERRY"": 209.0, ""WOOL"": 224.0}, ""regimes"": {""MELON"": ""GLUT"", ""MILK"": ""TIGHT"", ""STRAWBERRY"": ""TIGHT"", ""WOOL"": ""TIGHT""}, ""reordered_sells"": 1}"
2026,0,102225.0,132694.0,-30469.0,loss,DONE,DONE,1,719,0,0,0.656417,1.1539872000000002,1.3345711200000003,1.537833,3.157191000005696,0,0,[],"{""0"": 98.0, ""1"": 94.0, ""10"": 7498.0, ""11"": 10349.0, ""12"": 10081.0, ""13"": 13732.0, ""14"": 17943.0, ""15"": 21050.0, ""16"": 23238.0, ""17"": 25649.0, ""18"": 30677.0, ""19"": 34916.0, ""2"": 82.0, ""20"": 47977.0, ""21"": 51895.0, ""22"": 57951.0, ""23"": 64025.0, ""24"": 69205.0, ""25"": 73268.0, ""26"": 84566.0, ""27"": 89545.0, ""28"": 99675.0, ""3"": 136.0, ""4"": 97.0, ""5"": 398.0, ""6"": 662.0, ""7"": 85.0, ""8"": 558.0, ""9"": 1055.0}","{""BUILD_PASTURE"": 12, ""CARE"": 253, ""COLLECT_FERTILIZER"": 273, ""DIG"": 23, ""DROP"": 71, ""EAST"": 924, ""FEED"": 256, ""HARVEST"": 197, ""NORTH"": 1328, ""PASS"": 1575, ""PICKUP"": 70, ""PLACE"": 12, ""PLANT"": 103, ""SOUTH"": 924, ""WATER"": 741, ""WEST"": 1129}","{""BUY_ANIMAL"": 7, ""BUY_LAND"": 2, ""BUY_PRODUCT"": 200, ""BUY_SEED"": 50, ""HIRE"": 317, ""SELL"": 178}","{""BUY_ANIMAL:COW"": 2, ""BUY_ANIMAL:SHEEP"": 10, ""BUY_PRODUCT:WHEAT"": 517, ""BUY_SEED:CARROT"": 16, ""BUY_SEED:MELON"": 20, ""BUY_SEED:STRAWBERRY"": 37, ""BUY_SEED:WHEAT"": 37, ""SELL:CARROT"": 36, ""SELL:FERTILIZER"": 273, ""SELL:MELON"": 114, ""SELL:MILK"": 69, ""SELL:STRAWBERRY"": 125, ""SELL:WHEAT"": 380, ""SELL:WOOL"": 226}",v009b_public_meta_counter,frontier,"{""activation_count"": 1, ""active"": true, ""checkpoints"": 24, ""confidence"": 8, ""deactivation_count"": 0, ""extra_sells"": 0, ""last_score"": 2, ""last_step"": 718, ""low_streak"": 0, ""modified_sells"": 0, ""previous_inventory"": {""MELON"": 10093, ""MILK"": 9979, ""STRAWBERRY"": 9898, ""WOOL"": 9929}, ""previous_prices"": {""MELON"": 164.0, ""MILK"": 200.0, ""STRAWBERRY"": 205.0, ""WOOL"": 237.0}, ""regimes"": {""MELON"": ""GLUT"", ""MILK"": ""TIGHT"", ""STRAWBERRY"": ""TIGHT"", ""WOOL"": ""TIGHT""}, ""reordered_sells"": 0}"
2026,1,100056.0,124324.0,-24268.0,loss,DONE,DONE,1,719,0,0,0.650666,1.1307997,1.2901218200000002,1.678,3.1863270419999026,0,0,[],"{""0"": 98.0, ""1"": 94.0, ""10"": 7498.0, ""11"": 10349.0, ""12"": 10040.0, ""13"": 16459.0, ""14"": 17825.0, ""15"": 20871.0, ""16"": 22684.0, ""17"": 27321.0, ""18"": 30373.0, ""19"": 35706.0, ""2"": 82.0, ""20"": 49539.0, ""21"": 51455.0, ""22"": 58237.0, ""23"": 62081.0, ""24"": 68179.0, ""25"": 73147.0, ""26"": 82185.0, ""27"": 86906.0, ""28"": 97403.0, ""3"": 136.0, ""4"": 97.0, ""5"": 398.0, ""6"": 662.0, ""7"": 85.0, ""8"": 558.0, ""9"": 1055.0}","{""BUILD_PASTURE"": 12, ""CARE"": 252, ""COLLECT_FERTILIZER"": 270, ""DIG"": 21, ""DROP"": 71, ""EAST"": 895, ""FEED"": 260, ""HARVEST"": 194, ""NORTH"": 1321, ""PASS"": 1609, ""PICKUP"": 70, ""PLACE"": 12, ""PLANT"": 101, ""SOUTH"": 934, ""WATER"": 721, ""WEST"": 1106}","{""BUY_ANIMAL"": 7, ""BUY_LAND"": 2, ""BUY_PRODUCT"": 203, ""BUY_SEED"": 45, ""HIRE"": 315, ""SELL"": 175}","{""BUY_ANIMAL:COW"": 2, ""BUY_ANIMAL:SHEEP"": 10, ""BUY_PRODUCT:WHEAT"": 525, ""BUY_SEED:CARROT"": 14, ""BUY_SEED:MELON"": 20, ""BUY_SEED:STRAWBERRY"": 37, ""BUY_SEED:WHEAT"": 35, ""SELL:CARROT"": 32, ""SELL:FERTILIZER"": 270, ""SELL:MELON"": 112, ""SELL:MILK"": 69, ""SELL:STRAWBERRY"": 123, ""SELL:WHEAT"": 379, ""SELL:WOOL"": 232}",v009b_public_meta_counter,frontier,"{""activation_count"": 1, ""active"": true, ""checkpoints"": 24, ""confidence"": 8, ""deactivation_count"": 0, ""extra_sells"": 0, ""last_score"": 2, ""last_step"": 718, ""low_streak"": 0, ""modified_sells"": 0, ""previous_inventory"": {""MELON"": 10091, ""MILK"": 9992, ""STRAWBERRY"": 9932, ""WOOL"": 9935}, ""previous_prices"": {""MELON"": 167.0, ""MILK"": 185.0, ""STRAWBERRY"": 189.0, ""WOOL"": 236.0}, ""regimes"": {""MELON"": ""GLUT"", ""MILK"": ""TIGHT"", ""STRAWBERRY"": ""TIGHT"", ""WOOL"": ""TIGHT""}, ""reordered_sells"": 0}"
217,0,94572.0,134254.0,-39682.0,loss,DONE,DONE,1,719,0,0,0.647666,1.151875,1.301676940000001,1.572334,3.1439366250051535,0,0,[],"{""0"": 98.0, ""1"": 94.0, ""10"": 8839.0, ""11"": 11259.0, ""12"": 10947.0, ""13"": 14797.0, ""14"": 17125.0, ""15"": 19019.0, ""16"": 21853.0, ""17"": 23591.0, ""18"": 25144.0, ""19"": 35004.0, ""2"": 82.0, ""20"": 44121.0, ""21"": 47916.0, ""22"": 53277.0, ""23"": 55657.0, ""24"": 60042.0, ""25"": 67258.0, ""26"": 74381.0, ""27"": 80961.0, ""28"": 91864.0, ""3"": 136.0, ""4"": 97.0, ""5"": 398.0, ""6"": 669.0, ""7"": 95.0, ""8"": 863.0, ""9"": 1372.0}","{""BUILD_PASTURE"": 12, ""CARE"": 223, ""COLLECT_FERTILIZER"": 275, ""DIG"": 14, ""DROP"": 81, ""EAST"": 878, ""FEED"": 259, ""HARVEST"": 192, ""NORTH"": 1298, ""PASS"": 1620, ""PICKUP"": 70, ""PLACE"": 12, ""PLANT"": 101, ""SOUTH"": 972, ""WATER"": 773, ""WEST"": 1108}","{""BUY_ANIMAL"": 7, ""BUY_LAND"": 2, ""BUY_PRODUCT"": 192, ""BUY_SEED"": 49, ""HIRE"": 317, ""SELL"": 194}","{""BUY_ANIMAL:COW"": 8, ""BUY_ANIMAL:SHEEP"": 4, ""BUY_PRODUCT:WHEAT"": 520, ""BUY_SEED:CARROT"": 14, ""BUY_SEED:MELON"": 20, ""BUY_SEED:STRAWBERRY"": 37, ""BUY_SEED:WHEAT"": 35, ""SELL:CARROT"": 30, ""SELL:FERTILIZER"": 275, ""SELL:MELON"": 116, ""SELL:MILK"": 191, ""SELL:STRAWBERRY"": 123, ""SELL:WHEAT"": 388, ""SELL:WOOL"": 93}",v009b_public_meta_counter,frontier,"{""activation_count"": 1, ""active"": true, ""checkpoints"": 24, ""confidence"": 8, ""deactivation_count"": 0, ""extra_sells"": 0, ""last_score"": 2, ""last_step"": 718, ""low_streak"": 0, ""modified_sells"": 0, ""previous_inventory"": {""MELON"": 10095, ""MILK"": 9957, ""STRAWBERRY"": 9878, ""WOOL"": 10017}, ""previous_prices"": {""MELON"": 160.0, ""MILK"": 217.0, ""STRAWBERRY"": 213.0, ""WOOL"": 183.0}, ""regimes"": {""MELON"": ""GLUT"", ""MILK"": ""TIGHT"", ""STRAWBERRY"": ""TIGHT"", ""WOOL"": ""NORMAL""}, ""reordered_sells"": 0}"
217,1,97995.0,143148.0,-45153.0,loss,DONE,DONE,1,719,0,0,0.651875,1.1565336,1.332899440000002,1.541833,3.168286417007039,0,0,[],"{""0"": 98.0, ""1"": 94.0, ""10"": 8839.0, ""11"": 11259.0, ""12"": 10947.0, ""13"": 14797.0, ""14"": 17125.0, ""15"": 19077.0, ""16"": 22657.0, ""17"": 24053.0, ""18"": 26131.0, ""19"": 33741.0, ""2"": 82.0, ""20"": 43018.0, ""21"": 47706.0, ""22"": 53664.0, ""23"": 61886.0, ""24"": 64426.0, ""25"": 73895.0, ""26"": 79416.0, ""27"": 84333.0, ""28"": 95253.0, ""3"": 136.0, ""4"": 97.0, ""5"": 398.0, ""6"": 669.0, ""7"": 95.0, ""8"": 863.0, ""9"": 1372.0}","{""BUILD_PASTURE"": 12, ""CARE"": 235, ""COLLECT_FERTILIZER"": 275, ""DIG"": 18, ""DROP"": 84, ""EAST"": 850, ""FEED"": 257, ""HARVEST"": 195, ""NORTH"": 1339, ""PASS"": 1582, ""PICKUP"": 70, ""PLACE"": 12, ""PLANT"": 102, ""SOUTH"": 1018, ""WATER"": 745, ""WEST"": 1096}","{""BUY_ANIMAL"": 7, ""BUY_LAND"": 2, ""BUY_PRODUCT"": 195, ""BUY_SEED"": 51, ""HIRE"": 317, ""SELL"": 192}","{""BUY_ANIMAL:COW"": 8, ""BUY_ANIMAL:SHEEP"": 4, ""BUY_PRODUCT:WHEAT"": 521, ""BUY_SEED:CARROT"": 15, ""BUY_SEED:MELON"": 20, ""BUY_SEED:STRAWBERRY"": 37, ""BUY_SEED:WHEAT"": 35, ""SELL:CARROT"": 35, ""SELL:FERTILIZER"": 275, ""SELL:MELON"": 114, ""SELL:MILK"": 186, ""SELL:STRAWBERRY"": 123, ""SELL:WHEAT"": 384, ""SELL:WOOL"": 108}",v009b_public_meta_counter,frontier,"{""activation_count"": 1, ""active"": true, ""checkpoints"": 24, ""confidence"": 8, ""deactivation_count"": 0, ""extra_sells"": 0, ""last_score"": 2, ""last_step"": 718, ""low_streak"": 0, ""modified_sells"": 0, ""previous_inventory"": {""MELON"": 10093, ""MILK"": 9988, ""STRAWBERRY"": 9889, ""WOOL"": 9956}, ""previous_prices"": {""MELON"": 164.0, ""MILK"": 190.0, ""STRAWBERRY"": 208.0, ""WOOL"": 233.0}, ""regimes"": {""MELON"": ""GLUT"", ""MILK"": ""TIGHT"", ""STRAWBERRY"": ""TIGHT"", ""WOOL"": ""TIGHT""}, ""reordered_sells"": 0}"
317,0,97041.0,151099.0,-54058.0,loss,DONE,DONE,1,719,0,0,0.658042,1.1702256000000002,1.3774436200000006,3.186959,3.173139334001462,0,0,[],"{""0"": 98.0, ""1"": 94.0, ""10"": 9832.0, ""11"": 11629.0, ""12"": 11280.0, ""13"": 15025.0, ""14"": 16388.0, ""15"": 18296.0, ""16"": 21726.0, ""17"": 24200.0, ""18"": 26191.0, ""19"": 30665.0, ""2"": 82.0, ""20"": 43683.0, ""21"": 47329.0, ""22"": 53045.0, ""23"": 56020.0, ""24"": 62057.0, ""25"": 67887.0, ""26"": 75357.0, ""27"": 85535.0, ""28"": 94525.0, ""3"": 136.0, ""4"": 97.0, ""5"": 398.0, ""6"": 662.0, ""7"": 88.0, ""8"": 1022.0, ""9"": 1606.0}","{""BUILD_PASTURE"": 12, ""CARE"": 210, ""COLLECT_FERTILIZER"": 272, ""DIG"": 20, ""DROP"": 78, ""EAST"": 908, ""FEED"": 259, ""HARVEST"": 191, ""NORTH"": 1349, ""PASS"": 1514, ""PICKUP"": 68, ""PLACE"": 12, ""PLANT"": 99, ""SOUTH"": 993, ""WATER"": 743, ""WEST"": 1141}","{""BUY_ANIMAL"": 7, ""BUY_LAND"": 2, ""BUY_PRODUCT"": 202, ""BUY_SEED"": 46, ""HIRE"": 316, ""SELL"": 188}","{""BUY_ANIMAL:COW"": 9, ""BUY_ANIMAL:SHEEP"": 3, ""BUY_PRODUCT:WHEAT"": 525, ""BUY_SEED:CARROT"": 14, ""BUY_SEED:MELON"": 20, ""BUY_SEED:STRAWBERRY"": 37, ""BUY_SEED:WHEAT"": 33, ""SELL:CARROT"": 30, ""SELL:FERTILIZER"": 272, ""SELL:MELON"": 114, ""SELL:MILK"": 197, ""SELL:STRAWBERRY"": 125, ""SELL:WHEAT"": 381, ""SELL:WOOL"": 83}",v009b_public_meta_counter,frontier,"{""activation_count"": 1, ""active"": true, ""checkpoints"": 24, ""confidence"": 8, ""deactivation_count"": 0, ""extra_sells"": 0, ""last_score"": 2, ""last_step"": 718, ""low_streak"": 0, ""modified_sells"": 0, ""previous_inventory"": {""MELON"": 10093, ""MILK"": 9981, ""STRAWBERRY"": 9790, ""WOOL"": 9964}, ""previous_prices"": {""MELON"": 164.0, ""MILK"": 198.0, ""STRAWBERRY"": 242.0, ""WOOL"": 231.0}, ""regimes"": {""MELON"": ""GLUT"", ""MILK"": ""TIGHT"", ""STRAWBERRY"": ""TIGHT"", ""WOOL"": ""TIGHT""}, ""reordered_sells"": 0}"
317,1,96775.0,151087.0,-54312.0,loss,DONE,DONE,1,719,0,0,0.659959,1.1385994,1.3781795000000012,37.559458,3.1618113750009798,0,0,[],"{""0"": 98.0, ""1"": 94.0, ""10"": 9832.0, ""11"": 11629.0, ""12"": 11280.0, ""13"": 15025.0, ""14"": 16388.0, ""15"": 18296.0, ""16"": 21726.0, ""17"": 24200.0, ""18"": 26191.0, ""19"": 30665.0, ""2"": 82.0, ""20"": 43683.0, ""21"": 47329.0, ""22"": 53045.0, ""23"": 56020.0, ""24"": 62005.0, ""25"": 70427.0, ""26"": 75437.0, ""27"": 83161.0, ""28"": 94047.0, ""3"": 136.0, ""4"": 97.0, ""5"": 398.0, ""6"": 662.0, ""7"": 88.0, ""8"": 1022.0, ""9"": 1606.0}","{""BUILD_PASTURE"": 12, ""CARE"": 208, ""COLLECT_FERTILIZER"": 274, ""DIG"": 21, ""DROP"": 79, ""EAST"": 920, ""FEED"": 259, ""HARVEST"": 190, ""NORTH"": 1354, ""PASS"": 1513, ""PICKUP"": 68, ""PLACE"": 12, ""PLANT"": 98, ""SOUTH"": 981, ""WATER"": 747, ""WEST"": 1133}","{""BUY_ANIMAL"": 7, ""BUY_LAND"": 2, ""BUY_PRODUCT"": 201, ""BUY_SEED"": 46, ""HIRE"": 316, ""SELL"": 182}","{""BUY_ANIMAL:COW"": 9, ""BUY_ANIMAL:SHEEP"": 3, ""BUY_PRODUCT:WHEAT"": 526, ""BUY_SEED:CARROT"": 14, ""BUY_SEED:MELON"": 20, ""BUY_SEED:STRAWBERRY"": 37, ""BUY_SEED:WHEAT"": 33, ""SELL:CARROT"": 30, ""SELL:FERTILIZER"": 274, ""SELL:MELON"": 114, ""SELL:MILK"": 197, ""SELL:STRAWBERRY"": 125, ""SELL:WHEAT"": 380, ""SELL:WOOL"": 82}",v009b_public_meta_counter,frontier,"{""activation_count"": 1, ""active"": true, ""checkpoints"": 24, ""confidence"": 8, ""deactivation_count"": 0, ""extra_sells"": 0, ""last_score"": 2, ""last_step"": 718, ""low_streak"": 0, ""modified_sells"": 0, ""previous_inventory"": {""MELON"": 10093, ""MILK"": 9981, ""STRAWBERRY"": 9790, ""WOOL"": 9963}, ""previous_prices"": {""MELON"": 164.0, ""MILK"": 198.0, ""STRAWBERRY"": 242.0, ""WOOL"": 231.0}, ""regimes"": {""MELON"": ""GLUT"", ""MILK"": ""TIGHT"", ""STRAWBERRY"": ""TIGHT"", ""WOOL"": ""TIGHT""}, ""reordered_sells"": 0}"
733,0,108254.0,158428.0,-50174.0,loss,DONE,DONE,1,719,0,0,0.668166,1.1627173000000002,1.3755725000000008,1.823584,3.235634292002942,0,0,[],"{""0"": 98.0, ""1"": 94.0, ""10"": 9423.0, ""11"": 13902.0, ""12"": 11374.0, ""13"": 14886.0, ""14"": 19128.0, ""15"": 21709.0, ""16"": 22863.0, ""17"": 26226.0, ""18"": 31928.0, ""19"": 37524.0, ""2"": 82.0, ""20"": 48168.0, ""21"": 59207.0, ""22"": 62639.0, ""23"": 69372.0, ""24"": 70917.0, ""25"": 84008.0, ""26"": 88862.0, ""27"": 96200.0, ""28"": 107093.0, ""3"": 136.0, ""4"": 97.0, ""5"": 398.0, ""6"": 663.0, ""7"": 93.0, ""8"": 561.0, ""9"": 1761.0}","{""BUILD_PASTURE"": 12, ""CARE"": 244, ""COLLECT_FERTILIZER"": 268, ""DIG"": 18, ""DROP"": 87, ""EAST"": 932, ""FEED"": 252, ""HARVEST"": 191, ""NORTH"": 1319, ""PASS"": 1614, ""PICKUP"": 68, ""PLACE"": 12, ""PLANT"": 102, ""SOUTH"": 943, ""WATER"": 708, ""WEST"": 1136}","{""BUY_ANIMAL"": 7, ""BUY_LAND"": 2, ""BUY_PRODUCT"": 198, ""BUY_SEED"": 47, ""HIRE"": 318, ""SELL"": 179}","{""BUY_ANIMAL:COW"": 3, ""BUY_ANIMAL:SHEEP"": 9, ""BUY_PRODUCT:WHEAT"": 522, ""BUY_SEED:CARROT"": 13, ""BUY_SEED:MELON"": 20, ""BUY_SEED:STRAWBERRY"": 37, ""BUY_SEED:WHEAT"": 35, ""SELL:CARROT"": 33, ""SELL:FERTILIZER"": 268, ""SELL:MELON"": 113, ""SELL:MILK"": 94, ""SELL:STRAWBERRY"": 124, ""SELL:WHEAT"": 386, ""SELL:WOOL"": 194}",v009b_public_meta_counter,frontier,"{""activation_count"": 1, ""active"": true, ""checkpoints"": 24, ""confidence"": 8, ""deactivation_count"": 0, ""extra_sells"": 0, ""last_score"": 2, ""last_step"": 718, ""low_streak"": 0, ""modified_sells"": 0, ""previous_inventory"": {""MELON"": 10092, ""MILK"": 9896, ""STRAWBERRY"": 9872, ""WOOL"": 9898}, ""previous_prices"": {""MELON"": 165.0, ""MILK"": 249.0, ""STRAWBERRY"": 215.0, ""WOOL"": 240.0}, ""regimes"": {""MELON"": ""GLUT"", ""MILK"": ""TIGHT"", ""STRAWBERRY"": ""TIGHT"", ""WOOL"": ""TIGHT""}, ""reordered_sells"": 0}"
733,1,105127.0,151540.0,-46413.0,loss,DONE,DONE,1,719,0,0,0.652958,1.1607039000000001,1.3156638800000002,2.052792,3.161394583999936,0,0,[],"{""0"": 98.0, ""1"": 94.0, ""10"": 9423.0, ""11"": 13902.0, ""12"": 11374.0, ""13"": 14886.0, ""14"": 19128.0, ""15"": 21707.0, ""16"": 22864.0, ""17"": 26152.0, ""18"": 31087.0, ""19"": 38586.0, ""2"": 82.0, ""20"": 45288.0, ""21"": 51735.0, ""22"": 59289.0, ""23"": 65716.0, ""24"": 71464.0, ""25"": 85773.0, ""26"": 87829.0, ""27"": 93975.0, ""28"": 104234.0, ""3"": 136.0, ""4"": 97.0, ""5"": 398.0, ""6"": 663.0, ""7"": 93.0, ""8"": 561.0, ""9"": 1761.0}","{""BUILD_PASTURE"": 12, ""CARE"": 243, ""COLLECT_FERTILIZER"": 269, ""DIG"": 15, ""DROP"": 84, ""EAST"": 871, ""FEED"": 253, ""HARVEST"": 190, ""NORTH"": 1288, ""PASS"": 1682, ""PICKUP"": 68, ""PLACE"": 12, ""PLANT"": 102, ""SOUTH"": 950, ""WATER"": 749, ""WEST"": 1095}","{""BUY_ANIMAL"": 7, ""BUY_LAND"": 2, ""BUY_PRODUCT"": 199, ""BUY_SEED"": 49, ""HIRE"": 317, ""SELL"": 178}","{""BUY_ANIMAL:COW"": 3, ""BUY_ANIMAL:SHEEP"": 9, ""BUY_PRODUCT:WHEAT"": 529, ""BUY_SEED:CARROT"": 14, ""BUY_SEED:MELON"": 20, ""BUY_SEED:STRAWBERRY"": 37, ""BUY_SEED:WHEAT"": 36, ""SELL:CARROT"": 33, ""SELL:FERTILIZER"": 269, ""SELL:MELON"": 111, ""SELL:MILK"": 92, ""SELL:STRAWBERRY"": 124, ""SELL:WHEAT"": 399, ""SELL:WOOL"": 194}",v009b_public_meta_counter,frontier,"{""activation_count"": 1, ""active"": true, ""checkpoints"": 24, ""confidence"": 8, ""deactivation_count"": 0, ""extra_sells"": 0, ""last_score"": 2, ""last_step"": 718, ""low_streak"": 0, ""modified_sells"": 0, ""previous_inventory"": {""MELON"": 10090, ""MILK"": 9948, ""STRAWBERRY"": 9897, ""WOOL"": 9898}, ""previous_prices"": {""MELON"": 169.0, ""MILK"": 223.0, ""STRAWBERRY"": 205.0, ""WOOL"": 240.0}, ""regimes"": {""MELON"": ""GLUT"", ""MILK"": ""TIGHT"", ""STRAWBERRY"": ""TIGHT"", ""WOOL"": ""TIGHT""}, ""reordered_sells"": 0}"
