candidate,opponent,seed,seat,candidate_money,opponent_money,margin,result,candidate_status,opponent_status,game_done,action_calls,agent_errors,invalid_action_shapes,runtime_p50_ms,runtime_p95_ms,runtime_p99_ms,runtime_max_ms,wall_seconds,field_counts,field_item_counts,market_counts,market_quantities
current,hamburger,17,0,105366.0,149976.0,-44610.0,loss,DONE,DONE,1,719,0,0,0.828167,1.4888750000000002,1.8457275600000003,25.968875,4.313035584000318,"{""BUILD_PASTURE"": 12, ""CARE"": 229, ""COLLECT_FERTILIZER"": 268, ""DIG"": 17, ""DROP"": 78, ""EAST"": 887, ""FEED"": 252, ""HARVEST"": 200, ""NORTH"": 1286, ""PASS"": 1728, ""PICKUP"": 69, ""PLACE"": 12, ""PLANT"": 105, ""SOUTH"": 940, ""WATER"": 758, ""WEST"": 1114}","{""PICKUP:COW"": 9, ""PICKUP:SHEEP"": 3, ""PICKUP:WHEAT"": 57, ""PLACE:COW"": 9, ""PLACE:SHEEP"": 3, ""PLANT:CARROT"": 11, ""PLANT:MELON"": 20, ""PLANT:STRAWBERRY"": 37, ""PLANT:WHEAT"": 37}","{""BUY_ANIMAL"": 7, ""BUY_LAND"": 2, ""BUY_PRODUCT"": 187, ""BUY_SEED"": 47, ""HIRE"": 320, ""SELL"": 182}","{""BUY_ANIMAL:COW"": 9, ""BUY_ANIMAL:SHEEP"": 3, ""BUY_PRODUCT:WHEAT"": 523, ""BUY_SEED:CARROT"": 13, ""BUY_SEED:MELON"": 20, ""BUY_SEED:STRAWBERRY"": 37, ""BUY_SEED:WHEAT"": 37, ""SELL:CARROT"": 33, ""SELL:FERTILIZER"": 268, ""SELL:MELON"": 117, ""SELL:MILK"": 211, ""SELL:STRAWBERRY"": 124, ""SELL:WHEAT"": 411, ""SELL:WOOL"": 76}"
current,hamburger,17,1,91933.0,132779.0,-40846.0,loss,DONE,DONE,1,719,0,0,0.8165,1.5360003000000002,1.8698068800000018,3.472875,4.315680333002092,"{""BUILD_PASTURE"": 12, ""CARE"": 219, ""COLLECT_FERTILIZER"": 272, ""DIG"": 15, ""DROP"": 75, ""EAST"": 862, ""FEED"": 259, ""HARVEST"": 188, ""NORTH"": 1309, ""PASS"": 1726, ""PICKUP"": 71, ""PLACE"": 12, ""PLANT"": 102, ""SOUTH"": 978, ""WATER"": 768, ""WEST"": 1090}","{""PICKUP:COW"": 8, ""PICKUP:SHEEP"": 4, ""PICKUP:WHEAT"": 59, ""PLACE:COW"": 8, ""PLACE:SHEEP"": 4, ""PLANT:CARROT"": 11, ""PLANT:MELON"": 20, ""PLANT:STRAWBERRY"": 37, ""PLANT:WHEAT"": 34}","{""BUY_ANIMAL"": 6, ""BUY_LAND"": 2, ""BUY_PRODUCT"": 197, ""BUY_SEED"": 53, ""HIRE"": 320, ""SELL"": 187}","{""BUY_ANIMAL:COW"": 8, ""BUY_ANIMAL:SHEEP"": 4, ""BUY_PRODUCT:WHEAT"": 528, ""BUY_SEED:CARROT"": 13, ""BUY_SEED:MELON"": 20, ""BUY_SEED:STRAWBERRY"": 37, ""BUY_SEED:WHEAT"": 36, ""SELL:CARROT"": 33, ""SELL:FERTILIZER"": 272, ""SELL:MELON"": 117, ""SELL:MILK"": 180, ""SELL:STRAWBERRY"": 125, ""SELL:WHEAT"": 391, ""SELL:WOOL"": 102}"
current,hamburger,42,0,91962.0,132217.0,-40255.0,loss,DONE,DONE,1,719,0,0,0.816792,1.5661836000000007,1.8037425600000008,2.896916,4.329701957998623,"{""BUILD_PASTURE"": 12, ""CARE"": 239, ""COLLECT_FERTILIZER"": 271, ""DIG"": 25, ""DROP"": 81, ""EAST"": 852, ""FEED"": 254, ""HARVEST"": 188, ""NORTH"": 1305, ""PASS"": 1588, ""PICKUP"": 71, ""PLACE"": 12, ""PLANT"": 102, ""SOUTH"": 1003, ""WATER"": 725, ""WEST"": 1100}","{""PICKUP:COW"": 4, ""PICKUP:SHEEP"": 8, ""PICKUP:WHEAT"": 59, ""PLACE:COW"": 4, ""PLACE:SHEEP"": 8, ""PLANT:CARROT"": 10, ""PLANT:MELON"": 20, ""PLANT:STRAWBERRY"": 37, ""PLANT:WHEAT"": 35}","{""BUY_ANIMAL"": 6, ""BUY_LAND"": 2, ""BUY_PRODUCT"": 197, ""BUY_SEED"": 53, ""HIRE"": 314, ""SELL"": 172}","{""BUY_ANIMAL:COW"": 4, ""BUY_ANIMAL:SHEEP"": 8, ""BUY_PRODUCT:WHEAT"": 524, ""BUY_SEED:CARROT"": 14, ""BUY_SEED:MELON"": 20, ""BUY_SEED:STRAWBERRY"": 37, ""BUY_SEED:WHEAT"": 37, ""SELL:CARROT"": 30, ""SELL:FERTILIZER"": 271, ""SELL:MELON"": 115, ""SELL:MILK"": 111, ""SELL:STRAWBERRY"": 119, ""SELL:WHEAT"": 392, ""SELL:WOOL"": 176}"
current,hamburger,42,1,97302.0,147152.0,-49850.0,loss,DONE,DONE,1,719,0,0,0.835917,1.5835791,1.9458724400000025,26.727083,4.359384082999895,"{""BUILD_PASTURE"": 12, ""CARE"": 236, ""COLLECT_FERTILIZER"": 272, ""DIG"": 26, ""DROP"": 76, ""EAST"": 881, ""FEED"": 257, ""HARVEST"": 190, ""NORTH"": 1261, ""PASS"": 1588, ""PICKUP"": 71, ""PLACE"": 12, ""PLANT"": 103, ""SOUTH"": 981, ""WATER"": 716, ""WEST"": 1118}","{""PICKUP:COW"": 4, ""PICKUP:SHEEP"": 8, ""PICKUP:WHEAT"": 59, ""PLACE:COW"": 4, ""PLACE:SHEEP"": 8, ""PLANT:CARROT"": 10, ""PLANT:MELON"": 20, ""PLANT:STRAWBERRY"": 37, ""PLANT:WHEAT"": 36}","{""BUY_ANIMAL"": 6, ""BUY_LAND"": 2, ""BUY_PRODUCT"": 190, ""BUY_SEED"": 52, ""HIRE"": 313, ""SELL"": 181}","{""BUY_ANIMAL:COW"": 4, ""BUY_ANIMAL:SHEEP"": 8, ""BUY_PRODUCT:WHEAT"": 515, ""BUY_SEED:CARROT"": 13, ""BUY_SEED:MELON"": 20, ""BUY_SEED:STRAWBERRY"": 37, ""BUY_SEED:WHEAT"": 37, ""SELL:CARROT"": 27, ""SELL:FERTILIZER"": 272, ""SELL:MELON"": 114, ""SELL:MILK"": 114, ""SELL:STRAWBERRY"": 119, ""SELL:WHEAT"": 380, ""SELL:WOOL"": 171}"
current,hamburger,217,0,93382.0,147090.0,-53708.0,loss,DONE,DONE,1,719,0,0,0.885459,1.5759334,1.9259950000000021,2.463333,4.401835791002668,"{""BUILD_PASTURE"": 12, ""CARE"": 218, ""COLLECT_FERTILIZER"": 270, ""DIG"": 22, ""DROP"": 78, ""EAST"": 826, ""FEED"": 259, ""HARVEST"": 183, ""NORTH"": 1331, ""PASS"": 1615, ""PICKUP"": 70, ""PLACE"": 12, ""PLANT"": 99, ""SOUTH"": 1023, ""WATER"": 762, ""WEST"": 1087}","{""PICKUP:COW"": 8, ""PICKUP:SHEEP"": 4, ""PICKUP:WHEAT"": 58, ""PLACE:COW"": 8, ""PLACE:SHEEP"": 4, ""PLANT:CARROT"": 9, ""PLANT:MELON"": 20, ""PLANT:STRAWBERRY"": 37, ""PLANT:WHEAT"": 33}","{""BUY_ANIMAL"": 7, ""BUY_LAND"": 2, ""BUY_PRODUCT"": 206, ""BUY_SEED"": 48, ""HIRE"": 316, ""SELL"": 185}","{""BUY_ANIMAL:COW"": 8, ""BUY_ANIMAL:SHEEP"": 4, ""BUY_PRODUCT:WHEAT"": 529, ""BUY_SEED:CARROT"": 12, ""BUY_SEED:MELON"": 20, ""BUY_SEED:STRAWBERRY"": 37, ""BUY_SEED:WHEAT"": 36, ""SELL:CARROT"": 24, ""SELL:FERTILIZER"": 270, ""SELL:MELON"": 119, ""SELL:MILK"": 167, ""SELL:STRAWBERRY"": 124, ""SELL:WHEAT"": 383, ""SELL:WOOL"": 110}"
current,hamburger,217,1,88730.0,134542.0,-45812.0,loss,DONE,DONE,1,719,0,0,0.86625,1.5930997000000002,1.9662405000000018,28.183,4.502421624998533,"{""BUILD_PASTURE"": 12, ""CARE"": 212, ""COLLECT_FERTILIZER"": 269, ""DIG"": 22, ""DROP"": 69, ""EAST"": 854, ""FEED"": 260, ""HARVEST"": 188, ""NORTH"": 1303, ""PASS"": 1639, ""PICKUP"": 70, ""PLACE"": 12, ""PLANT"": 98, ""SOUTH"": 1015, ""WATER"": 760, ""WEST"": 1105}","{""PICKUP:COW"": 8, ""PICKUP:SHEEP"": 4, ""PICKUP:WHEAT"": 58, ""PLACE:COW"": 8, ""PLACE:SHEEP"": 4, ""PLANT:CARROT"": 10, ""PLANT:MELON"": 20, ""PLANT:STRAWBERRY"": 37, ""PLANT:WHEAT"": 31}","{""BUY_ANIMAL"": 7, ""BUY_LAND"": 2, ""BUY_PRODUCT"": 205, ""BUY_SEED"": 47, ""HIRE"": 317, ""SELL"": 192}","{""BUY_ANIMAL:COW"": 8, ""BUY_ANIMAL:SHEEP"": 4, ""BUY_PRODUCT:WHEAT"": 527, ""BUY_SEED:CARROT"": 13, ""BUY_SEED:MELON"": 20, ""BUY_SEED:STRAWBERRY"": 37, ""BUY_SEED:WHEAT"": 33, ""SELL:CARROT"": 29, ""SELL:FERTILIZER"": 269, ""SELL:MELON"": 115, ""SELL:MILK"": 179, ""SELL:STRAWBERRY"": 124, ""SELL:WHEAT"": 382, ""SELL:WOOL"": 98}"
current,hamburger,317,0,100165.0,149802.0,-49637.0,loss,DONE,DONE,1,719,0,0,0.876166,1.5820080000000003,1.8830450600000002,3.214667,4.468625417001022,"{""BUILD_PASTURE"": 12, ""CARE"": 232, ""COLLECT_FERTILIZER"": 269, ""DIG"": 18, ""DROP"": 81, ""EAST"": 891, ""FEED"": 260, ""HARVEST"": 199, ""NORTH"": 1300, ""PASS"": 1647, ""PICKUP"": 69, ""PLACE"": 12, ""PLANT"": 103, ""SOUTH"": 983, ""WATER"": 749, ""WEST"": 1109}","{""PICKUP:COW"": 8, ""PICKUP:SHEEP"": 4, ""PICKUP:WHEAT"": 57, ""PLACE:COW"": 8, ""PLACE:SHEEP"": 4, ""PLANT:CARROT"": 11, ""PLANT:MELON"": 20, ""PLANT:STRAWBERRY"": 37, ""PLANT:WHEAT"": 35}","{""BUY_ANIMAL"": 8, ""BUY_LAND"": 2, ""BUY_PRODUCT"": 202, ""BUY_SEED"": 48, ""HIRE"": 319, ""SELL"": 186}","{""BUY_ANIMAL:COW"": 8, ""BUY_ANIMAL:SHEEP"": 4, ""BUY_PRODUCT:WHEAT"": 527, ""BUY_SEED:CARROT"": 14, ""BUY_SEED:MELON"": 20, ""BUY_SEED:STRAWBERRY"": 37, ""BUY_SEED:WHEAT"": 37, ""SELL:CARROT"": 33, ""SELL:FERTILIZER"": 269, ""SELL:MELON"": 114, ""SELL:MILK"": 195, ""SELL:STRAWBERRY"": 125, ""SELL:WHEAT"": 393, ""SELL:WOOL"": 107}"
current,hamburger,317,1,100328.0,149815.0,-49487.0,loss,DONE,DONE,1,719,0,0,0.86225,1.5013083,1.7644629400000011,2.31825,4.289519792000647,"{""BUILD_PASTURE"": 12, ""CARE"": 232, ""COLLECT_FERTILIZER"": 269, ""DIG"": 16, ""DROP"": 81, ""EAST"": 883, ""FEED"": 260, ""HARVEST"": 199, ""NORTH"": 1311, ""PASS"": 1625, ""PICKUP"": 69, ""PLACE"": 12, ""PLANT"": 103, ""SOUTH"": 980, ""WATER"": 749, ""WEST"": 1109}","{""PICKUP:COW"": 8, ""PICKUP:SHEEP"": 4, ""PICKUP:WHEAT"": 57, ""PLACE:COW"": 8, ""PLACE:SHEEP"": 4, ""PLANT:CARROT"": 11, ""PLANT:MELON"": 20, ""PLANT:STRAWBERRY"": 37, ""PLANT:WHEAT"": 35}","{""BUY_ANIMAL"": 8, ""BUY_LAND"": 2, ""BUY_PRODUCT"": 199, ""BUY_SEED"": 49, ""HIRE"": 318, ""SELL"": 182}","{""BUY_ANIMAL:COW"": 8, ""BUY_ANIMAL:SHEEP"": 4, ""BUY_PRODUCT:WHEAT"": 526, ""BUY_SEED:CARROT"": 15, ""BUY_SEED:MELON"": 20, ""BUY_SEED:STRAWBERRY"": 37, ""BUY_SEED:WHEAT"": 37, ""SELL:CARROT"": 33, ""SELL:FERTILIZER"": 269, ""SELL:MELON"": 114, ""SELL:MILK"": 195, ""SELL:STRAWBERRY"": 125, ""SELL:WHEAT"": 394, ""SELL:WOOL"": 107}"
current,hamburger,733,0,112804.0,167694.0,-54890.0,loss,DONE,DONE,1,719,0,0,0.774625,1.4780131,2.425600000000009,42.753291,4.348532915999385,"{""BUILD_PASTURE"": 12, ""CARE"": 245, ""COLLECT_FERTILIZER"": 270, ""DIG"": 13, ""DROP"": 73, ""EAST"": 866, ""FEED"": 256, ""HARVEST"": 199, ""NORTH"": 1336, ""PASS"": 1667, ""PICKUP"": 66, ""PLACE"": 12, ""PLANT"": 107, ""SOUTH"": 1001, ""WATER"": 748, ""WEST"": 1085}","{""PICKUP:COW"": 5, ""PICKUP:SHEEP"": 7, ""PICKUP:WHEAT"": 54, ""PLACE:COW"": 5, ""PLACE:SHEEP"": 7, ""PLANT:CARROT"": 11, ""PLANT:MELON"": 20, ""PLANT:STRAWBERRY"": 37, ""PLANT:WHEAT"": 39}","{""BUY_ANIMAL"": 8, ""BUY_LAND"": 2, ""BUY_PRODUCT"": 191, ""BUY_SEED"": 49, ""HIRE"": 320, ""SELL"": 178}","{""BUY_ANIMAL:COW"": 5, ""BUY_ANIMAL:SHEEP"": 7, ""BUY_PRODUCT:WHEAT"": 521, ""BUY_SEED:CARROT"": 14, ""BUY_SEED:MELON"": 20, ""BUY_SEED:STRAWBERRY"": 37, ""BUY_SEED:WHEAT"": 39, ""SELL:CARROT"": 33, ""SELL:FERTILIZER"": 270, ""SELL:MELON"": 110, ""SELL:MILK"": 119, ""SELL:STRAWBERRY"": 124, ""SELL:WHEAT"": 400, ""SELL:WOOL"": 178}"
current,hamburger,733,1,113756.0,168119.0,-54363.0,loss,DONE,DONE,1,719,0,0,0.698541,1.2796869000000002,1.5031970000000028,2.067083,3.6585837089987763,"{""BUILD_PASTURE"": 12, ""CARE"": 243, ""COLLECT_FERTILIZER"": 270, ""DIG"": 14, ""DROP"": 75, ""EAST"": 871, ""FEED"": 254, ""HARVEST"": 204, ""NORTH"": 1323, ""PASS"": 1672, ""PICKUP"": 67, ""PLACE"": 12, ""PLANT"": 110, ""SOUTH"": 981, ""WATER"": 738, ""WEST"": 1109}","{""PICKUP:COW"": 5, ""PICKUP:SHEEP"": 7, ""PICKUP:WHEAT"": 55, ""PLACE:COW"": 5, ""PLACE:SHEEP"": 7, ""PLANT:CARROT"": 13, ""PLANT:MELON"": 20, ""PLANT:STRAWBERRY"": 37, ""PLANT:WHEAT"": 40}","{""BUY_ANIMAL"": 8, ""BUY_LAND"": 2, ""BUY_PRODUCT"": 197, ""BUY_SEED"": 49, ""HIRE"": 320, ""SELL"": 172}","{""BUY_ANIMAL:COW"": 5, ""BUY_ANIMAL:SHEEP"": 7, ""BUY_PRODUCT:WHEAT"": 515, ""BUY_SEED:CARROT"": 15, ""BUY_SEED:MELON"": 20, ""BUY_SEED:STRAWBERRY"": 37, ""BUY_SEED:WHEAT"": 40, ""SELL:CARROT"": 39, ""SELL:FERTILIZER"": 270, ""SELL:MELON"": 111, ""SELL:MILK"": 120, ""SELL:STRAWBERRY"": 124, ""SELL:WHEAT"": 396, ""SELL:WOOL"": 180}"
current,hamburger,2026,0,105520.0,157598.0,-52078.0,loss,DONE,DONE,1,719,0,0,0.860333,1.6494916000000002,2.060708680000004,3.688292,4.451380333000998,"{""BUILD_PASTURE"": 12, ""CARE"": 243, ""COLLECT_FERTILIZER"": 266, ""DIG"": 15, ""DROP"": 79, ""EAST"": 853, ""FEED"": 243, ""HARVEST"": 201, ""NORTH"": 1362, ""PASS"": 1619, ""PICKUP"": 67, ""PLACE"": 12, ""PLANT"": 114, ""SOUTH"": 1002, ""WATER"": 764, ""WEST"": 1105}","{""PICKUP:COW"": 2, ""PICKUP:SHEEP"": 10, ""PICKUP:WHEAT"": 55, ""PLACE:COW"": 2, ""PLACE:SHEEP"": 10, ""PLANT:CARROT"": 16, ""PLANT:MELON"": 20, ""PLANT:STRAWBERRY"": 37, ""PLANT:WHEAT"": 41}","{""BUY_ANIMAL"": 7, ""BUY_LAND"": 2, ""BUY_PRODUCT"": 193, ""BUY_SEED"": 53, ""HIRE"": 320, ""SELL"": 184}","{""BUY_ANIMAL:COW"": 2, ""BUY_ANIMAL:SHEEP"": 10, ""BUY_PRODUCT:WHEAT"": 518, ""BUY_SEED:CARROT"": 16, ""BUY_SEED:MELON"": 20, ""BUY_SEED:STRAWBERRY"": 37, ""BUY_SEED:WHEAT"": 41, ""SELL:CARROT"": 48, ""SELL:FERTILIZER"": 266, ""SELL:MELON"": 110, ""SELL:MILK"": 66, ""SELL:STRAWBERRY"": 128, ""SELL:WHEAT"": 422, ""SELL:WOOL"": 208}"
current,hamburger,2026,1,100989.0,144345.0,-43356.0,loss,DONE,DONE,1,719,0,0,0.863375,1.5834457999999998,1.9949456800000003,12.662625,4.468918875001691,"{""BUILD_PASTURE"": 12, ""CARE"": 243, ""COLLECT_FERTILIZER"": 263, ""DIG"": 22, ""DROP"": 72, ""EAST"": 901, ""FEED"": 249, ""HARVEST"": 200, ""NORTH"": 1316, ""PASS"": 1635, ""PICKUP"": 67, ""PLACE"": 12, ""PLANT"": 108, ""SOUTH"": 981, ""WATER"": 743, ""WEST"": 1111}","{""PICKUP:COW"": 2, ""PICKUP:SHEEP"": 10, ""PICKUP:WHEAT"": 55, ""PLACE:COW"": 2, ""PLACE:SHEEP"": 10, ""PLANT:CARROT"": 12, ""PLANT:MELON"": 20, ""PLANT:STRAWBERRY"": 37, ""PLANT:WHEAT"": 39}","{""BUY_ANIMAL"": 7, ""BUY_LAND"": 2, ""BUY_PRODUCT"": 197, ""BUY_SEED"": 49, ""HIRE"": 319, ""SELL"": 176}","{""BUY_ANIMAL:COW"": 2, ""BUY_ANIMAL:SHEEP"": 10, ""BUY_PRODUCT:WHEAT"": 516, ""BUY_SEED:CARROT"": 14, ""BUY_SEED:MELON"": 20, ""BUY_SEED:STRAWBERRY"": 37, ""BUY_SEED:WHEAT"": 39, ""SELL:CARROT"": 36, ""SELL:FERTILIZER"": 263, ""SELL:MELON"": 116, ""SELL:MILK"": 69, ""SELL:STRAWBERRY"": 128, ""SELL:WHEAT"": 406, ""SELL:WOOL"": 218}"
current,random,17,0,132988.0,0.0,132988.0,win,DONE,DONE,1,719,0,0,0.770375,1.4444916000000003,1.7833331200000022,3.455791,2.9058240420017682,"{""BUILD_PASTURE"": 12, ""CARE"": 248, ""COLLECT_FERTILIZER"": 267, ""DIG"": 19, ""DROP"": 84, ""EAST"": 941, ""FEED"": 260, ""HARVEST"": 200, ""NORTH"": 1332, ""PASS"": 1530, ""PICKUP"": 65, ""PLACE"": 12, ""PLANT"": 108, ""SOUTH"": 961, ""WATER"": 746, ""WEST"": 1153}","{""PICKUP:COW"": 6, ""PICKUP:SHEEP"": 6, ""PICKUP:WHEAT"": 53, ""PLACE:COW"": 6, ""PLACE:SHEEP"": 6, ""PLANT:CARROT"": 14, ""PLANT:MELON"": 20, ""PLANT:STRAWBERRY"": 37, ""PLANT:WHEAT"": 37}","{""BUY_ANIMAL"": 6, ""BUY_LAND"": 2, ""BUY_PRODUCT"": 195, ""BUY_SEED"": 62, ""HIRE"": 319, ""SELL"": 187}","{""BUY_ANIMAL:COW"": 6, ""BUY_ANIMAL:SHEEP"": 6, ""BUY_PRODUCT:WHEAT"": 520, ""BUY_SEED:CARROT"": 16, ""BUY_SEED:MELON"": 20, ""BUY_SEED:STRAWBERRY"": 37, ""BUY_SEED:WHEAT"": 41, ""SELL:CARROT"": 39, ""SELL:FERTILIZER"": 267, ""SELL:MELON"": 120, ""SELL:MILK"": 154, ""SELL:STRAWBERRY"": 125, ""SELL:WHEAT"": 376, ""SELL:WOOL"": 142}"
current,random,17,1,134121.0,0.0,134121.0,win,DONE,DONE,1,719,0,0,0.789,1.4489250000000002,1.6830095,31.846875,2.9905305830034195,"{""BUILD_PASTURE"": 12, ""CARE"": 244, ""COLLECT_FERTILIZER"": 273, ""DIG"": 14, ""DROP"": 83, ""EAST"": 931, ""FEED"": 258, ""HARVEST"": 210, ""NORTH"": 1341, ""PASS"": 1656, ""PICKUP"": 69, ""PLACE"": 12, ""PLANT"": 106, ""SOUTH"": 942, ""WATER"": 735, ""WEST"": 1141}","{""PICKUP:COW"": 8, ""PICKUP:SHEEP"": 5, ""PICKUP:WHEAT"": 56, ""PLACE:COW"": 8, ""PLACE:SHEEP"": 4, ""PLANT:CARROT"": 11, ""PLANT:MELON"": 20, ""PLANT:STRAWBERRY"": 37, ""PLANT:WHEAT"": 38}","{""BUY_ANIMAL"": 8, ""BUY_LAND"": 2, ""BUY_PRODUCT"": 200, ""BUY_SEED"": 56, ""HIRE"": 323, ""SELL"": 188}","{""BUY_ANIMAL:COW"": 8, ""BUY_ANIMAL:SHEEP"": 4, ""BUY_PRODUCT:WHEAT"": 529, ""BUY_SEED:CARROT"": 12, ""BUY_SEED:MELON"": 20, ""BUY_SEED:STRAWBERRY"": 37, ""BUY_SEED:WHEAT"": 38, ""SELL:CARROT"": 33, ""SELL:FERTILIZER"": 273, ""SELL:MELON"": 120, ""SELL:MILK"": 200, ""SELL:STRAWBERRY"": 128, ""SELL:WHEAT"": 400, ""SELL:WOOL"": 105}"
current,random,42,0,140183.0,0.0,140183.0,win,DONE,DONE,1,719,0,0,0.752583,1.4610291000000002,1.8809304400000006,37.996291,2.8907197499975155,"{""BUILD_PASTURE"": 12, ""CARE"": 238, ""COLLECT_FERTILIZER"": 274, ""DIG"": 19, ""DROP"": 84, ""EAST"": 837, ""FEED"": 260, ""HARVEST"": 204, ""NORTH"": 1343, ""PASS"": 1660, ""PICKUP"": 67, ""PLACE"": 12, ""PLANT"": 105, ""SOUTH"": 1031, ""WATER"": 742, ""WEST"": 1076}","{""PICKUP:COW"": 9, ""PICKUP:SHEEP"": 3, ""PICKUP:WHEAT"": 55, ""PLACE:COW"": 9, ""PLACE:SHEEP"": 3, ""PLANT:CARROT"": 12, ""PLANT:MELON"": 20, ""PLANT:STRAWBERRY"": 37, ""PLANT:WHEAT"": 36}","{""BUY_ANIMAL"": 7, ""BUY_LAND"": 2, ""BUY_PRODUCT"": 201, ""BUY_SEED"": 48, ""HIRE"": 320, ""SELL"": 188}","{""BUY_ANIMAL:COW"": 9, ""BUY_ANIMAL:SHEEP"": 3, ""BUY_PRODUCT:WHEAT"": 526, ""BUY_SEED:CARROT"": 12, ""BUY_SEED:MELON"": 20, ""BUY_SEED:STRAWBERRY"": 37, ""BUY_SEED:WHEAT"": 36, ""SELL:CARROT"": 36, ""SELL:FERTILIZER"": 274, ""SELL:MELON"": 117, ""SELL:MILK"": 229, ""SELL:STRAWBERRY"": 121, ""SELL:WHEAT"": 388, ""SELL:WOOL"": 76}"
current,random,42,1,135762.0,0.0,135762.0,win,DONE,DONE,1,719,0,0,0.790708,1.4509663000000002,1.8967406200000023,33.47525,3.0580911669967463,"{""BUILD_PASTURE"": 12, ""CARE"": 247, ""COLLECT_FERTILIZER"": 274, ""DIG"": 12, ""DROP"": 88, ""EAST"": 958, ""FEED"": 255, ""HARVEST"": 209, ""NORTH"": 1324, ""PASS"": 1602, ""PICKUP"": 64, ""PLACE"": 12, ""PLANT"": 108, ""SOUTH"": 999, ""WATER"": 750, ""WEST"": 1134}","{""PICKUP:COW"": 6, ""PICKUP:SHEEP"": 6, ""PICKUP:WHEAT"": 52, ""PLACE:COW"": 6, ""PLACE:SHEEP"": 6, ""PLANT:CARROT"": 13, ""PLANT:MELON"": 20, ""PLANT:STRAWBERRY"": 37, ""PLANT:WHEAT"": 38}","{""BUY_ANIMAL"": 6, ""BUY_LAND"": 2, ""BUY_PRODUCT"": 206, ""BUY_SEED"": 55, ""HIRE"": 324, ""SELL"": 199}","{""BUY_ANIMAL:COW"": 6, ""BUY_ANIMAL:SHEEP"": 6, ""BUY_PRODUCT:WHEAT"": 597, ""BUY_SEED:CARROT"": 14, ""BUY_SEED:MELON"": 20, ""BUY_SEED:STRAWBERRY"": 37, ""BUY_SEED:WHEAT"": 38, ""SELL:CARROT"": 39, ""SELL:FERTILIZER"": 274, ""SELL:MELON"": 119, ""SELL:MILK"": 154, ""SELL:STRAWBERRY"": 130, ""SELL:WHEAT"": 464, ""SELL:WOOL"": 152}"
current,random,217,0,131534.0,150.0,131384.0,win,DONE,DONE,1,719,0,0,0.787,1.4629159999999999,1.8020149400000005,22.850791,2.981543916001101,"{""BUILD_PASTURE"": 12, ""CARE"": 245, ""COLLECT_FERTILIZER"": 264, ""DIG"": 22, ""DROP"": 73, ""EAST"": 881, ""FEED"": 258, ""HARVEST"": 201, ""NORTH"": 1319, ""PASS"": 1708, ""PICKUP"": 67, ""PLACE"": 12, ""PLANT"": 101, ""SOUTH"": 970, ""WATER"": 725, ""WEST"": 1106}","{""PICKUP:COW"": 10, ""PICKUP:SHEEP"": 3, ""PICKUP:WHEAT"": 54, ""PLACE:COW"": 9, ""PLACE:SHEEP"": 3, ""PLANT:CARROT"": 11, ""PLANT:MELON"": 20, ""PLANT:STRAWBERRY"": 37, ""PLANT:WHEAT"": 33}","{""BUY_ANIMAL"": 7, ""BUY_LAND"": 2, ""BUY_PRODUCT"": 204, ""BUY_SEED"": 44, ""HIRE"": 320, ""SELL"": 178}","{""BUY_ANIMAL:COW"": 9, ""BUY_ANIMAL:SHEEP"": 3, ""BUY_PRODUCT:WHEAT"": 534, ""BUY_SEED:CARROT"": 11, ""BUY_SEED:MELON"": 20, ""BUY_SEED:STRAWBERRY"": 37, ""BUY_SEED:WHEAT"": 33, ""SELL:CARROT"": 33, ""SELL:FERTILIZER"": 264, ""SELL:MELON"": 119, ""SELL:MILK"": 217, ""SELL:STRAWBERRY"": 126, ""SELL:WHEAT"": 389, ""SELL:WOOL"": 81}"
current,random,217,1,138319.0,0.0,138319.0,win,DONE,DONE,1,719,0,0,0.812959,1.5207583000000002,1.887629940000002,2.10925,3.0115587079999386,"{""BUILD_PASTURE"": 12, ""CARE"": 225, ""COLLECT_FERTILIZER"": 266, ""DIG"": 21, ""DROP"": 89, ""EAST"": 939, ""FEED"": 258, ""HARVEST"": 210, ""NORTH"": 1341, ""PASS"": 1625, ""PICKUP"": 66, ""PLACE"": 12, ""PLANT"": 107, ""SOUTH"": 955, ""WATER"": 742, ""WEST"": 1116}","{""PICKUP:COW"": 9, ""PICKUP:SHEEP"": 3, ""PICKUP:WHEAT"": 54, ""PLACE:COW"": 9, ""PLACE:SHEEP"": 3, ""PLANT:CARROT"": 11, ""PLANT:MELON"": 20, ""PLANT:STRAWBERRY"": 37, ""PLANT:WHEAT"": 39}","{""BUY_ANIMAL"": 7, ""BUY_LAND"": 2, ""BUY_PRODUCT"": 193, ""BUY_SEED"": 48, ""HIRE"": 321, ""SELL"": 190}","{""BUY_ANIMAL:COW"": 9, ""BUY_ANIMAL:SHEEP"": 3, ""BUY_PRODUCT:WHEAT"": 504, ""BUY_SEED:CARROT"": 11, ""BUY_SEED:MELON"": 20, ""BUY_SEED:STRAWBERRY"": 37, ""BUY_SEED:WHEAT"": 39, ""SELL:CARROT"": 30, ""SELL:FERTILIZER"": 266, ""SELL:MELON"": 117, ""SELL:MILK"": 223, ""SELL:STRAWBERRY"": 128, ""SELL:WHEAT"": 384, ""SELL:WOOL"": 78}"
current,random,317,0,133781.0,0.0,133781.0,win,DONE,DONE,1,719,0,0,0.82,1.5424336000000003,1.8591181200000015,37.222875,3.0542732079993584,"{""BUILD_PASTURE"": 12, ""CARE"": 240, ""COLLECT_FERTILIZER"": 269, ""DIG"": 18, ""DROP"": 87, ""EAST"": 900, ""FEED"": 258, ""HARVEST"": 196, ""NORTH"": 1312, ""PASS"": 1605, ""PICKUP"": 69, ""PLACE"": 12, ""PLANT"": 104, ""SOUTH"": 975, ""WATER"": 762, ""WEST"": 1103}","{""PICKUP:COW"": 7, ""PICKUP:SHEEP"": 6, ""PICKUP:WHEAT"": 56, ""PLACE:COW"": 7, ""PLACE:SHEEP"": 5, ""PLANT:CARROT"": 13, ""PLANT:MELON"": 20, ""PLANT:STRAWBERRY"": 37, ""PLANT:WHEAT"": 34}","{""BUY_ANIMAL"": 7, ""BUY_LAND"": 2, ""BUY_PRODUCT"": 197, ""BUY_SEED"": 49, ""HIRE"": 318, ""SELL"": 186}","{""BUY_ANIMAL:COW"": 7, ""BUY_ANIMAL:SHEEP"": 5, ""BUY_PRODUCT:WHEAT"": 528, ""BUY_SEED:CARROT"": 13, ""BUY_SEED:MELON"": 20, ""BUY_SEED:STRAWBERRY"": 37, ""BUY_SEED:WHEAT"": 39, ""SELL:CARROT"": 32, ""SELL:FERTILIZER"": 269, ""SELL:MELON"": 119, ""SELL:MILK"": 184, ""SELL:STRAWBERRY"": 121, ""SELL:WHEAT"": 397, ""SELL:WOOL"": 114}"
current,random,317,1,137693.0,0.0,137693.0,win,DONE,DONE,1,719,0,0,0.825333,1.5298375,1.8624014400000002,36.160875,3.052943499998946,"{""BUILD_PASTURE"": 12, ""CARE"": 236, ""COLLECT_FERTILIZER"": 269, ""DIG"": 17, ""DROP"": 86, ""EAST"": 968, ""FEED"": 267, ""HARVEST"": 209, ""NORTH"": 1332, ""PASS"": 1620, ""PICKUP"": 69, ""PLACE"": 12, ""PLANT"": 107, ""SOUTH"": 956, ""WATER"": 735, ""WEST"": 1176}","{""PICKUP:COW"": 8, ""PICKUP:SHEEP"": 5, ""PICKUP:WHEAT"": 56, ""PLACE:COW"": 8, ""PLACE:SHEEP"": 4, ""PLANT:CARROT"": 14, ""PLANT:MELON"": 20, ""PLANT:STRAWBERRY"": 37, ""PLANT:WHEAT"": 36}","{""BUY_ANIMAL"": 8, ""BUY_LAND"": 2, ""BUY_PRODUCT"": 215, ""BUY_SEED"": 52, ""HIRE"": 325, ""SELL"": 179}","{""BUY_ANIMAL:COW"": 8, ""BUY_ANIMAL:SHEEP"": 4, ""BUY_PRODUCT:WHEAT"": 544, ""BUY_SEED:CARROT"": 14, ""BUY_SEED:MELON"": 20, ""BUY_SEED:STRAWBERRY"": 37, ""BUY_SEED:WHEAT"": 36, ""SELL:CARROT"": 39, ""SELL:FERTILIZER"": 269, ""SELL:MELON"": 120, ""SELL:MILK"": 205, ""SELL:STRAWBERRY"": 119, ""SELL:WHEAT"": 400, ""SELL:WOOL"": 108}"
current,random,733,0,128481.0,10.0,128471.0,win,DONE,DONE,1,719,0,0,0.861541,1.5402,1.9208413800000024,35.135667,3.0799553750002815,"{""BUILD_PASTURE"": 12, ""CARE"": 235, ""COLLECT_FERTILIZER"": 269, ""DIG"": 14, ""DROP"": 78, ""EAST"": 958, ""FEED"": 257, ""HARVEST"": 200, ""NORTH"": 1330, ""PASS"": 1580, ""PICKUP"": 65, ""PLACE"": 12, ""PLANT"": 103, ""SOUTH"": 958, ""WATER"": 735, ""WEST"": 1147}","{""PICKUP:COW"": 7, ""PICKUP:SHEEP"": 5, ""PICKUP:WHEAT"": 53, ""PLACE:COW"": 7, ""PLACE:SHEEP"": 5, ""PLANT:CARROT"": 13, ""PLANT:MELON"": 20, ""PLANT:STRAWBERRY"": 37, ""PLANT:WHEAT"": 33}","{""BUY_ANIMAL"": 7, ""BUY_LAND"": 2, ""BUY_PRODUCT"": 210, ""BUY_SEED"": 55, ""HIRE"": 320, ""SELL"": 183}","{""BUY_ANIMAL:COW"": 7, ""BUY_ANIMAL:SHEEP"": 5, ""BUY_PRODUCT:WHEAT"": 525, ""BUY_SEED:CARROT"": 14, ""BUY_SEED:MELON"": 20, ""BUY_SEED:STRAWBERRY"": 37, ""BUY_SEED:WHEAT"": 39, ""SELL:CARROT"": 33, ""SELL:FERTILIZER"": 269, ""SELL:MELON"": 119, ""SELL:MILK"": 173, ""SELL:STRAWBERRY"": 128, ""SELL:WHEAT"": 389, ""SELL:WOOL"": 120}"
current,random,733,1,144569.0,0.0,144569.0,win,DONE,DONE,1,719,0,0,0.826166,1.5981458,1.8824439400000004,33.238542,3.1331658749986673,"{""BUILD_PASTURE"": 12, ""CARE"": 241, ""COLLECT_FERTILIZER"": 274, ""DIG"": 20, ""DROP"": 87, ""EAST"": 970, ""FEED"": 263, ""HARVEST"": 202, ""NORTH"": 1307, ""PASS"": 1629, ""PICKUP"": 65, ""PLACE"": 12, ""PLANT"": 99, ""SOUTH"": 930, ""WATER"": 745, ""WEST"": 1114}","{""PICKUP:COW"": 10, ""PICKUP:SHEEP"": 2, ""PICKUP:WHEAT"": 53, ""PLACE:COW"": 10, ""PLACE:SHEEP"": 2, ""PLANT:CARROT"": 9, ""PLANT:MELON"": 20, ""PLANT:STRAWBERRY"": 37, ""PLANT:WHEAT"": 33}","{""BUY_ANIMAL"": 6, ""BUY_LAND"": 2, ""BUY_PRODUCT"": 206, ""BUY_SEED"": 44, ""HIRE"": 320, ""SELL"": 185}","{""BUY_ANIMAL:COW"": 10, ""BUY_ANIMAL:SHEEP"": 2, ""BUY_PRODUCT:WHEAT"": 540, ""BUY_SEED:CARROT"": 11, ""BUY_SEED:MELON"": 20, ""BUY_SEED:STRAWBERRY"": 37, ""BUY_SEED:WHEAT"": 33, ""SELL:CARROT"": 27, ""SELL:FERTILIZER"": 274, ""SELL:MELON"": 118, ""SELL:MILK"": 247, ""SELL:STRAWBERRY"": 124, ""SELL:WHEAT"": 393, ""SELL:WOOL"": 66}"
current,random,2026,0,132702.0,290.0,132412.0,win,DONE,DONE,1,719,0,0,0.808334,1.4964744000000003,1.7504198800000002,35.805958,2.943018750000192,"{""BUILD_PASTURE"": 12, ""CARE"": 244, ""COLLECT_FERTILIZER"": 265, ""DIG"": 21, ""DROP"": 79, ""EAST"": 923, ""FEED"": 261, ""HARVEST"": 206, ""NORTH"": 1352, ""PASS"": 1595, ""PICKUP"": 66, ""PLACE"": 12, ""PLANT"": 108, ""SOUTH"": 1019, ""WATER"": 727, ""WEST"": 1138}","{""PICKUP:COW"": 6, ""PICKUP:SHEEP"": 6, ""PICKUP:WHEAT"": 54, ""PLACE:COW"": 6, ""PLACE:SHEEP"": 6, ""PLANT:CARROT"": 12, ""PLANT:MELON"": 20, ""PLANT:STRAWBERRY"": 37, ""PLANT:WHEAT"": 39}","{""BUY_ANIMAL"": 8, ""BUY_LAND"": 2, ""BUY_PRODUCT"": 194, ""BUY_SEED"": 56, ""HIRE"": 323, ""SELL"": 183}","{""BUY_ANIMAL:COW"": 6, ""BUY_ANIMAL:SHEEP"": 6, ""BUY_PRODUCT:WHEAT"": 539, ""BUY_SEED:CARROT"": 12, ""BUY_SEED:MELON"": 20, ""BUY_SEED:STRAWBERRY"": 37, ""BUY_SEED:WHEAT"": 39, ""SELL:CARROT"": 36, ""SELL:FERTILIZER"": 265, ""SELL:MELON"": 118, ""SELL:MILK"": 146, ""SELL:STRAWBERRY"": 128, ""SELL:WHEAT"": 406, ""SELL:WOOL"": 159}"
current,random,2026,1,127864.0,0.0,127864.0,win,DONE,DONE,1,719,0,0,0.804625,1.5200128000000002,1.821493060000002,36.154875,3.033064374998503,"{""BUILD_PASTURE"": 12, ""CARE"": 232, ""COLLECT_FERTILIZER"": 270, ""DIG"": 16, ""DROP"": 86, ""EAST"": 910, ""FEED"": 262, ""HARVEST"": 200, ""NORTH"": 1361, ""PASS"": 1579, ""PICKUP"": 67, ""PLACE"": 12, ""PLANT"": 110, ""SOUTH"": 1031, ""WATER"": 764, ""WEST"": 1111}","{""PICKUP:COW"": 5, ""PICKUP:SHEEP"": 7, ""PICKUP:WHEAT"": 55, ""PLACE:COW"": 5, ""PLACE:SHEEP"": 7, ""PLANT:CARROT"": 12, ""PLANT:MELON"": 20, ""PLANT:STRAWBERRY"": 37, ""PLANT:WHEAT"": 41}","{""BUY_ANIMAL"": 7, ""BUY_LAND"": 2, ""BUY_PRODUCT"": 203, ""BUY_SEED"": 58, ""HIRE"": 323, ""SELL"": 192}","{""BUY_ANIMAL:COW"": 5, ""BUY_ANIMAL:SHEEP"": 7, ""BUY_PRODUCT:WHEAT"": 531, ""BUY_SEED:CARROT"": 13, ""BUY_SEED:MELON"": 20, ""BUY_SEED:STRAWBERRY"": 37, ""BUY_SEED:WHEAT"": 42, ""SELL:CARROT"": 33, ""SELL:FERTILIZER"": 270, ""SELL:MELON"": 118, ""SELL:MILK"": 134, ""SELL:STRAWBERRY"": 128, ""SELL:WHEAT"": 401, ""SELL:WOOL"": 158}"
current,starter,17,0,139270.0,3484.0,135786.0,win,DONE,DONE,1,719,0,0,0.654625,1.2128413,1.5126300600000007,2.052333,2.501777415996912,"{""BUILD_PASTURE"": 12, ""CARE"": 236, ""COLLECT_FERTILIZER"": 273, ""DIG"": 17, ""DROP"": 86, ""EAST"": 943, ""FEED"": 260, ""HARVEST"": 203, ""NORTH"": 1323, ""PASS"": 1661, ""PICKUP"": 69, ""PLACE"": 12, ""PLANT"": 103, ""SOUTH"": 908, ""WATER"": 740, ""WEST"": 1141}","{""PICKUP:COW"": 9, ""PICKUP:SHEEP"": 4, ""PICKUP:WHEAT"": 56, ""PLACE:COW"": 9, ""PLACE:SHEEP"": 3, ""PLANT:CARROT"": 12, ""PLANT:MELON"": 20, ""PLANT:STRAWBERRY"": 37, ""PLANT:WHEAT"": 34}","{""BUY_ANIMAL"": 7, ""BUY_LAND"": 2, ""BUY_PRODUCT"": 197, ""BUY_SEED"": 51, ""HIRE"": 321, ""SELL"": 187}","{""BUY_ANIMAL:COW"": 9, ""BUY_ANIMAL:SHEEP"": 3, ""BUY_PRODUCT:WHEAT"": 537, ""BUY_SEED:CARROT"": 13, ""BUY_SEED:MELON"": 20, ""BUY_SEED:STRAWBERRY"": 37, ""BUY_SEED:WHEAT"": 35, ""SELL:CARROT"": 36, ""SELL:FERTILIZER"": 273, ""SELL:MELON"": 120, ""SELL:MILK"": 224, ""SELL:STRAWBERRY"": 125, ""SELL:WHEAT"": 397, ""SELL:WOOL"": 81}"
current,starter,17,1,138229.0,3499.0,134730.0,win,DONE,DONE,1,719,0,0,0.648834,1.2271375000000002,1.438967440000001,2.443916,2.39994841600128,"{""BUILD_PASTURE"": 12, ""CARE"": 239, ""COLLECT_FERTILIZER"": 271, ""DIG"": 15, ""DROP"": 88, ""EAST"": 952, ""FEED"": 259, ""HARVEST"": 212, ""NORTH"": 1357, ""PASS"": 1600, ""PICKUP"": 66, ""PLACE"": 12, ""PLANT"": 108, ""SOUTH"": 949, ""WATER"": 744, ""WEST"": 1121}","{""PICKUP:COW"": 7, ""PICKUP:SHEEP"": 5, ""PICKUP:WHEAT"": 54, ""PLACE:COW"": 7, ""PLACE:SHEEP"": 5, ""PLANT:CARROT"": 13, ""PLANT:MELON"": 20, ""PLANT:STRAWBERRY"": 37, ""PLANT:WHEAT"": 38}","{""BUY_ANIMAL"": 7, ""BUY_LAND"": 2, ""BUY_PRODUCT"": 216, ""BUY_SEED"": 59, ""HIRE"": 322, ""SELL"": 192}","{""BUY_ANIMAL:COW"": 7, ""BUY_ANIMAL:SHEEP"": 5, ""BUY_PRODUCT:WHEAT"": 551, ""BUY_SEED:CARROT"": 13, ""BUY_SEED:MELON"": 20, ""BUY_SEED:STRAWBERRY"": 37, ""BUY_SEED:WHEAT"": 38, ""SELL:CARROT"": 39, ""SELL:FERTILIZER"": 271, ""SELL:MELON"": 119, ""SELL:MILK"": 177, ""SELL:STRAWBERRY"": 128, ""SELL:WHEAT"": 420, ""SELL:WOOL"": 130}"
current,starter,42,0,139426.0,3495.0,135931.0,win,DONE,DONE,1,719,0,0,0.651375,1.1947705000000002,1.5197161800000019,4.779459,2.3819747080015077,"{""BUILD_PASTURE"": 12, ""CARE"": 240, ""COLLECT_FERTILIZER"": 272, ""DIG"": 25, ""DROP"": 91, ""EAST"": 921, ""FEED"": 264, ""HARVEST"": 201, ""NORTH"": 1301, ""PASS"": 1636, ""PICKUP"": 65, ""PLACE"": 12, ""PLANT"": 101, ""SOUTH"": 1004, ""WATER"": 728, ""WEST"": 1096}","{""PICKUP:COW"": 10, ""PICKUP:SHEEP"": 2, ""PICKUP:WHEAT"": 53, ""PLACE:COW"": 10, ""PLACE:SHEEP"": 2, ""PLANT:CARROT"": 9, ""PLANT:MELON"": 20, ""PLANT:STRAWBERRY"": 37, ""PLANT:WHEAT"": 35}","{""BUY_ANIMAL"": 6, ""BUY_LAND"": 2, ""BUY_PRODUCT"": 198, ""BUY_SEED"": 48, ""HIRE"": 320, ""SELL"": 180}","{""BUY_ANIMAL:COW"": 10, ""BUY_ANIMAL:SHEEP"": 2, ""BUY_PRODUCT:WHEAT"": 530, ""BUY_SEED:CARROT"": 11, ""BUY_SEED:MELON"": 20, ""BUY_SEED:STRAWBERRY"": 37, ""BUY_SEED:WHEAT"": 37, ""SELL:CARROT"": 27, ""SELL:FERTILIZER"": 272, ""SELL:MELON"": 119, ""SELL:MILK"": 246, ""SELL:STRAWBERRY"": 121, ""SELL:WHEAT"": 389, ""SELL:WOOL"": 68}"
current,starter,42,1,140738.0,3497.0,137241.0,win,DONE,DONE,1,719,0,0,0.649625,1.1907083,1.4027354400000007,2.143334,2.41855045900229,"{""BUILD_PASTURE"": 12, ""CARE"": 236, ""COLLECT_FERTILIZER"": 274, ""DIG"": 19, ""DROP"": 88, ""EAST"": 908, ""FEED"": 261, ""HARVEST"": 200, ""NORTH"": 1344, ""PASS"": 1680, ""PICKUP"": 65, ""PLACE"": 12, ""PLANT"": 98, ""SOUTH"": 952, ""WATER"": 745, ""WEST"": 1073}","{""PICKUP:COW"": 10, ""PICKUP:SHEEP"": 2, ""PICKUP:WHEAT"": 53, ""PLACE:COW"": 10, ""PLACE:SHEEP"": 2, ""PLANT:CARROT"": 9, ""PLANT:MELON"": 20, ""PLANT:STRAWBERRY"": 37, ""PLANT:WHEAT"": 32}","{""BUY_ANIMAL"": 6, ""BUY_LAND"": 2, ""BUY_PRODUCT"": 214, ""BUY_SEED"": 42, ""HIRE"": 320, ""SELL"": 184}","{""BUY_ANIMAL:COW"": 10, ""BUY_ANIMAL:SHEEP"": 2, ""BUY_PRODUCT:WHEAT"": 538, ""BUY_SEED:CARROT"": 12, ""BUY_SEED:MELON"": 20, ""BUY_SEED:STRAWBERRY"": 37, ""BUY_SEED:WHEAT"": 32, ""SELL:CARROT"": 27, ""SELL:FERTILIZER"": 274, ""SELL:MELON"": 119, ""SELL:MILK"": 239, ""SELL:STRAWBERRY"": 124, ""SELL:WHEAT"": 391, ""SELL:WOOL"": 64}"
current,starter,217,0,134591.0,3497.0,131094.0,win,DONE,DONE,1,719,0,0,0.643209,1.2136625000000003,1.4769350600000024,2.418708,2.4460836670004937,"{""BUILD_PASTURE"": 12, ""CARE"": 245, ""COLLECT_FERTILIZER"": 274, ""DIG"": 22, ""DROP"": 82, ""EAST"": 897, ""FEED"": 262, ""HARVEST"": 198, ""NORTH"": 1318, ""PASS"": 1647, ""PICKUP"": 66, ""PLACE"": 12, ""PLANT"": 99, ""SOUTH"": 944, ""WATER"": 749, ""WEST"": 1116}","{""PICKUP:COW"": 9, ""PICKUP:SHEEP"": 3, ""PICKUP:WHEAT"": 54, ""PLACE:COW"": 9, ""PLACE:SHEEP"": 3, ""PLANT:CARROT"": 9, ""PLANT:MELON"": 20, ""PLANT:STRAWBERRY"": 37, ""PLANT:WHEAT"": 33}","{""BUY_ANIMAL"": 7, ""BUY_LAND"": 2, ""BUY_PRODUCT"": 207, ""BUY_SEED"": 49, ""HIRE"": 319, ""SELL"": 181}","{""BUY_ANIMAL:COW"": 9, ""BUY_ANIMAL:SHEEP"": 3, ""BUY_PRODUCT:WHEAT"": 540, ""BUY_SEED:CARROT"": 12, ""BUY_SEED:MELON"": 20, ""BUY_SEED:STRAWBERRY"": 37, ""BUY_SEED:WHEAT"": 38, ""SELL:CARROT"": 27, ""SELL:FERTILIZER"": 274, ""SELL:MELON"": 120, ""SELL:MILK"": 231, ""SELL:STRAWBERRY"": 121, ""SELL:WHEAT"": 402, ""SELL:WOOL"": 78}"
current,starter,217,1,140567.0,3477.0,137090.0,win,DONE,DONE,1,719,0,0,0.674459,1.265125,1.555259380000002,48.332875,2.5073719170031836,"{""BUILD_PASTURE"": 12, ""CARE"": 242, ""COLLECT_FERTILIZER"": 272, ""DIG"": 24, ""DROP"": 92, ""EAST"": 945, ""FEED"": 260, ""HARVEST"": 198, ""NORTH"": 1345, ""PASS"": 1590, ""PICKUP"": 66, ""PLACE"": 12, ""PLANT"": 101, ""SOUTH"": 990, ""WATER"": 731, ""WEST"": 1128}","{""PICKUP:COW"": 9, ""PICKUP:SHEEP"": 4, ""PICKUP:WHEAT"": 53, ""PLACE:COW"": 8, ""PLACE:SHEEP"": 4, ""PLANT:CARROT"": 10, ""PLANT:MELON"": 20, ""PLANT:STRAWBERRY"": 37, ""PLANT:WHEAT"": 34}","{""BUY_ANIMAL"": 6, ""BUY_LAND"": 2, ""BUY_PRODUCT"": 216, ""BUY_SEED"": 46, ""HIRE"": 322, ""SELL"": 196}","{""BUY_ANIMAL:COW"": 8, ""BUY_ANIMAL:SHEEP"": 4, ""BUY_PRODUCT:WHEAT"": 532, ""BUY_SEED:CARROT"": 11, ""BUY_SEED:MELON"": 20, ""BUY_SEED:STRAWBERRY"": 37, ""BUY_SEED:WHEAT"": 36, ""SELL:CARROT"": 30, ""SELL:FERTILIZER"": 272, ""SELL:MELON"": 119, ""SELL:MILK"": 208, ""SELL:STRAWBERRY"": 122, ""SELL:WHEAT"": 389, ""SELL:WOOL"": 96}"
current,starter,317,0,132023.0,3475.0,128548.0,win,DONE,DONE,1,719,0,0,0.67,1.2673791000000003,1.57468444,1.785625,2.4904204590020527,"{""BUILD_PASTURE"": 12, ""CARE"": 248, ""COLLECT_FERTILIZER"": 274, ""DIG"": 28, ""DROP"": 75, ""EAST"": 911, ""FEED"": 258, ""HARVEST"": 195, ""NORTH"": 1271, ""PASS"": 1705, ""PICKUP"": 65, ""PLACE"": 12, ""PLANT"": 99, ""SOUTH"": 917, ""WATER"": 755, ""WEST"": 1098}","{""PICKUP:COW"": 7, ""PICKUP:SHEEP"": 5, ""PICKUP:WHEAT"": 53, ""PLACE:COW"": 7, ""PLACE:SHEEP"": 5, ""PLANT:CARROT"": 10, ""PLANT:MELON"": 20, ""PLANT:STRAWBERRY"": 37, ""PLANT:WHEAT"": 32}","{""BUY_ANIMAL"": 7, ""BUY_LAND"": 2, ""BUY_PRODUCT"": 205, ""BUY_SEED"": 44, ""HIRE"": 318, ""SELL"": 172}","{""BUY_ANIMAL:COW"": 7, ""BUY_ANIMAL:SHEEP"": 5, ""BUY_PRODUCT:WHEAT"": 533, ""BUY_SEED:CARROT"": 12, ""BUY_SEED:MELON"": 20, ""BUY_SEED:STRAWBERRY"": 37, ""BUY_SEED:WHEAT"": 35, ""SELL:CARROT"": 30, ""SELL:FERTILIZER"": 274, ""SELL:MELON"": 120, ""SELL:MILK"": 187, ""SELL:STRAWBERRY"": 121, ""SELL:WHEAT"": 395, ""SELL:WOOL"": 114}"
current,starter,317,1,132121.0,3475.0,128646.0,win,DONE,DONE,1,719,0,0,0.677667,1.2882875,1.5280550000000002,1.703458,2.5656213340007525,"{""BUILD_PASTURE"": 12, ""CARE"": 250, ""COLLECT_FERTILIZER"": 274, ""DIG"": 29, ""DROP"": 76, ""EAST"": 921, ""FEED"": 258, ""HARVEST"": 195, ""NORTH"": 1283, ""PASS"": 1656, ""PICKUP"": 65, ""PLACE"": 12, ""PLANT"": 100, ""SOUTH"": 932, ""WATER"": 759, ""WEST"": 1101}","{""PICKUP:COW"": 7, ""PICKUP:SHEEP"": 5, ""PICKUP:WHEAT"": 53, ""PLACE:COW"": 7, ""PLACE:SHEEP"": 5, ""PLANT:CARROT"": 10, ""PLANT:MELON"": 20, ""PLANT:STRAWBERRY"": 37, ""PLANT:WHEAT"": 33}","{""BUY_ANIMAL"": 7, ""BUY_LAND"": 2, ""BUY_PRODUCT"": 204, ""BUY_SEED"": 44, ""HIRE"": 318, ""SELL"": 180}","{""BUY_ANIMAL:COW"": 7, ""BUY_ANIMAL:SHEEP"": 5, ""BUY_PRODUCT:WHEAT"": 531, ""BUY_SEED:CARROT"": 12, ""BUY_SEED:MELON"": 20, ""BUY_SEED:STRAWBERRY"": 37, ""BUY_SEED:WHEAT"": 35, ""SELL:CARROT"": 27, ""SELL:FERTILIZER"": 274, ""SELL:MELON"": 120, ""SELL:MILK"": 187, ""SELL:STRAWBERRY"": 121, ""SELL:WHEAT"": 397, ""SELL:WOOL"": 114}"
current,starter,733,0,135613.0,3505.0,132108.0,win,DONE,DONE,1,719,0,0,0.706208,1.3334044000000003,1.6145186800000004,2.1725,2.5967925840013777,"{""BUILD_PASTURE"": 12, ""CARE"": 233, ""COLLECT_FERTILIZER"": 269, ""DIG"": 18, ""DROP"": 79, ""EAST"": 902, ""FEED"": 259, ""HARVEST"": 204, ""NORTH"": 1332, ""PASS"": 1677, ""PICKUP"": 66, ""PLACE"": 12, ""PLANT"": 103, ""SOUTH"": 949, ""WATER"": 745, ""WEST"": 1108}","{""PICKUP:COW"": 10, ""PICKUP:SHEEP"": 2, ""PICKUP:WHEAT"": 54, ""PLACE:COW"": 10, ""PLACE:SHEEP"": 2, ""PLANT:CARROT"": 12, ""PLANT:MELON"": 20, ""PLANT:STRAWBERRY"": 37, ""PLANT:WHEAT"": 34}","{""BUY_ANIMAL"": 6, ""BUY_LAND"": 2, ""BUY_PRODUCT"": 210, ""BUY_SEED"": 44, ""HIRE"": 320, ""SELL"": 175}","{""BUY_ANIMAL:COW"": 10, ""BUY_ANIMAL:SHEEP"": 2, ""BUY_PRODUCT:WHEAT"": 538, ""BUY_SEED:CARROT"": 12, ""BUY_SEED:MELON"": 20, ""BUY_SEED:STRAWBERRY"": 37, ""BUY_SEED:WHEAT"": 34, ""SELL:CARROT"": 36, ""SELL:FERTILIZER"": 269, ""SELL:MELON"": 120, ""SELL:MILK"": 241, ""SELL:STRAWBERRY"": 121, ""SELL:WHEAT"": 401, ""SELL:WOOL"": 66}"
current,starter,733,1,136662.0,3505.0,133157.0,win,DONE,DONE,1,719,0,0,0.712416,1.3543289,1.6534619400000012,21.092542,2.6772123749979073,"{""BUILD_PASTURE"": 12, ""CARE"": 241, ""COLLECT_FERTILIZER"": 273, ""DIG"": 15, ""DROP"": 84, ""EAST"": 921, ""FEED"": 259, ""HARVEST"": 203, ""NORTH"": 1313, ""PASS"": 1686, ""PICKUP"": 67, ""PLACE"": 12, ""PLANT"": 102, ""SOUTH"": 909, ""WATER"": 751, ""WEST"": 1123}","{""PICKUP:COW"": 10, ""PICKUP:SHEEP"": 2, ""PICKUP:WHEAT"": 55, ""PLACE:COW"": 10, ""PLACE:SHEEP"": 2, ""PLANT:CARROT"": 12, ""PLANT:MELON"": 20, ""PLANT:STRAWBERRY"": 37, ""PLANT:WHEAT"": 33}","{""BUY_ANIMAL"": 6, ""BUY_LAND"": 2, ""BUY_PRODUCT"": 214, ""BUY_SEED"": 46, ""HIRE"": 320, ""SELL"": 173}","{""BUY_ANIMAL:COW"": 10, ""BUY_ANIMAL:SHEEP"": 2, ""BUY_PRODUCT:WHEAT"": 532, ""BUY_SEED:CARROT"": 12, ""BUY_SEED:MELON"": 20, ""BUY_SEED:STRAWBERRY"": 37, ""BUY_SEED:WHEAT"": 33, ""SELL:CARROT"": 36, ""SELL:FERTILIZER"": 273, ""SELL:MELON"": 120, ""SELL:MILK"": 243, ""SELL:STRAWBERRY"": 121, ""SELL:WHEAT"": 391, ""SELL:WOOL"": 68}"
current,starter,2026,0,136263.0,3493.0,132770.0,win,DONE,DONE,1,719,0,0,0.658375,1.2021536,1.48417444,35.831542,2.5099737499986077,"{""BUILD_PASTURE"": 12, ""CARE"": 242, ""COLLECT_FERTILIZER"": 267, ""DIG"": 17, ""DROP"": 88, ""EAST"": 900, ""FEED"": 263, ""HARVEST"": 202, ""NORTH"": 1334, ""PASS"": 1661, ""PICKUP"": 69, ""PLACE"": 12, ""PLANT"": 107, ""SOUTH"": 1015, ""WATER"": 753, ""WEST"": 1128}","{""PICKUP:COW"": 5, ""PICKUP:SHEEP"": 8, ""PICKUP:WHEAT"": 56, ""PLACE:COW"": 5, ""PLACE:SHEEP"": 7, ""PLANT:CARROT"": 10, ""PLANT:MELON"": 20, ""PLANT:STRAWBERRY"": 37, ""PLANT:WHEAT"": 40}","{""BUY_ANIMAL"": 7, ""BUY_LAND"": 2, ""BUY_PRODUCT"": 206, ""BUY_SEED"": 56, ""HIRE"": 325, ""SELL"": 197}","{""BUY_ANIMAL:COW"": 5, ""BUY_ANIMAL:SHEEP"": 7, ""BUY_PRODUCT:WHEAT"": 537, ""BUY_SEED:CARROT"": 12, ""BUY_SEED:MELON"": 20, ""BUY_SEED:STRAWBERRY"": 37, ""BUY_SEED:WHEAT"": 41, ""SELL:CARROT"": 30, ""SELL:FERTILIZER"": 267, ""SELL:MELON"": 119, ""SELL:MILK"": 131, ""SELL:STRAWBERRY"": 127, ""SELL:WHEAT"": 407, ""SELL:WOOL"": 178}"
current,starter,2026,1,135325.0,3493.0,131832.0,win,DONE,DONE,1,719,0,0,0.631625,1.1840414000000001,1.4121295000000003,1.733292,2.432943833999161,"{""BUILD_PASTURE"": 12, ""CARE"": 245, ""COLLECT_FERTILIZER"": 273, ""DIG"": 17, ""DROP"": 79, ""EAST"": 903, ""FEED"": 260, ""HARVEST"": 201, ""NORTH"": 1300, ""PASS"": 1670, ""PICKUP"": 69, ""PLACE"": 12, ""PLANT"": 106, ""SOUTH"": 995, ""WATER"": 759, ""WEST"": 1120}","{""PICKUP:COW"": 5, ""PICKUP:SHEEP"": 8, ""PICKUP:WHEAT"": 56, ""PLACE:COW"": 5, ""PLACE:SHEEP"": 7, ""PLANT:CARROT"": 11, ""PLANT:MELON"": 20, ""PLANT:STRAWBERRY"": 37, ""PLANT:WHEAT"": 38}","{""BUY_ANIMAL"": 7, ""BUY_LAND"": 2, ""BUY_PRODUCT"": 200, ""BUY_SEED"": 56, ""HIRE"": 323, ""SELL"": 193}","{""BUY_ANIMAL:COW"": 5, ""BUY_ANIMAL:SHEEP"": 7, ""BUY_PRODUCT:WHEAT"": 523, ""BUY_SEED:CARROT"": 13, ""BUY_SEED:MELON"": 20, ""BUY_SEED:STRAWBERRY"": 37, ""BUY_SEED:WHEAT"": 39, ""SELL:CARROT"": 33, ""SELL:FERTILIZER"": 273, ""SELL:MELON"": 119, ""SELL:MILK"": 126, ""SELL:STRAWBERRY"": 127, ""SELL:WHEAT"": 393, ""SELL:WOOL"": 176}"
v007a_terminal_safe,hamburger,17,0,105366.0,149976.0,-44610.0,loss,DONE,DONE,1,719,0,0,0.832791,1.5544955000000003,1.814642500000001,17.53275,4.296006958000362,"{""BUILD_PASTURE"": 12, ""CARE"": 229, ""COLLECT_FERTILIZER"": 268, ""DIG"": 17, ""DROP"": 78, ""EAST"": 887, ""FEED"": 252, ""HARVEST"": 200, ""NORTH"": 1286, ""PASS"": 1728, ""PICKUP"": 69, ""PLACE"": 12, ""PLANT"": 105, ""SOUTH"": 940, ""WATER"": 758, ""WEST"": 1114}","{""PICKUP:COW"": 9, ""PICKUP:SHEEP"": 3, ""PICKUP:WHEAT"": 57, ""PLACE:COW"": 9, ""PLACE:SHEEP"": 3, ""PLANT:CARROT"": 11, ""PLANT:MELON"": 20, ""PLANT:STRAWBERRY"": 37, ""PLANT:WHEAT"": 37}","{""BUY_ANIMAL"": 7, ""BUY_LAND"": 2, ""BUY_PRODUCT"": 187, ""BUY_SEED"": 47, ""HIRE"": 320, ""SELL"": 182}","{""BUY_ANIMAL:COW"": 9, ""BUY_ANIMAL:SHEEP"": 3, ""BUY_PRODUCT:WHEAT"": 523, ""BUY_SEED:CARROT"": 13, ""BUY_SEED:MELON"": 20, ""BUY_SEED:STRAWBERRY"": 37, ""BUY_SEED:WHEAT"": 37, ""SELL:CARROT"": 33, ""SELL:FERTILIZER"": 268, ""SELL:MELON"": 117, ""SELL:MILK"": 211, ""SELL:STRAWBERRY"": 124, ""SELL:WHEAT"": 411, ""SELL:WOOL"": 76}"
v007a_terminal_safe,hamburger,17,1,91933.0,132779.0,-40846.0,loss,DONE,DONE,1,719,0,0,0.810791,1.5366952000000003,1.7948593800000003,2.480416,4.295778750001773,"{""BUILD_PASTURE"": 12, ""CARE"": 219, ""COLLECT_FERTILIZER"": 272, ""DIG"": 15, ""DROP"": 75, ""EAST"": 862, ""FEED"": 259, ""HARVEST"": 188, ""NORTH"": 1309, ""PASS"": 1726, ""PICKUP"": 71, ""PLACE"": 12, ""PLANT"": 102, ""SOUTH"": 978, ""WATER"": 768, ""WEST"": 1090}","{""PICKUP:COW"": 8, ""PICKUP:SHEEP"": 4, ""PICKUP:WHEAT"": 59, ""PLACE:COW"": 8, ""PLACE:SHEEP"": 4, ""PLANT:CARROT"": 11, ""PLANT:MELON"": 20, ""PLANT:STRAWBERRY"": 37, ""PLANT:WHEAT"": 34}","{""BUY_ANIMAL"": 6, ""BUY_LAND"": 2, ""BUY_PRODUCT"": 197, ""BUY_SEED"": 53, ""HIRE"": 320, ""SELL"": 187}","{""BUY_ANIMAL:COW"": 8, ""BUY_ANIMAL:SHEEP"": 4, ""BUY_PRODUCT:WHEAT"": 528, ""BUY_SEED:CARROT"": 13, ""BUY_SEED:MELON"": 20, ""BUY_SEED:STRAWBERRY"": 37, ""BUY_SEED:WHEAT"": 36, ""SELL:CARROT"": 33, ""SELL:FERTILIZER"": 272, ""SELL:MELON"": 117, ""SELL:MILK"": 180, ""SELL:STRAWBERRY"": 125, ""SELL:WHEAT"": 391, ""SELL:WOOL"": 102}"
v007a_terminal_safe,hamburger,42,0,91962.0,132217.0,-40255.0,loss,DONE,DONE,1,719,0,0,0.815459,1.5598667000000002,1.8567530000000008,64.635917,4.3474660419997235,"{""BUILD_PASTURE"": 12, ""CARE"": 239, ""COLLECT_FERTILIZER"": 271, ""DIG"": 25, ""DROP"": 81, ""EAST"": 852, ""FEED"": 254, ""HARVEST"": 188, ""NORTH"": 1305, ""PASS"": 1588, ""PICKUP"": 71, ""PLACE"": 12, ""PLANT"": 102, ""SOUTH"": 1003, ""WATER"": 725, ""WEST"": 1100}","{""PICKUP:COW"": 4, ""PICKUP:SHEEP"": 8, ""PICKUP:WHEAT"": 59, ""PLACE:COW"": 4, ""PLACE:SHEEP"": 8, ""PLANT:CARROT"": 10, ""PLANT:MELON"": 20, ""PLANT:STRAWBERRY"": 37, ""PLANT:WHEAT"": 35}","{""BUY_ANIMAL"": 6, ""BUY_LAND"": 2, ""BUY_PRODUCT"": 197, ""BUY_SEED"": 53, ""HIRE"": 314, ""SELL"": 172}","{""BUY_ANIMAL:COW"": 4, ""BUY_ANIMAL:SHEEP"": 8, ""BUY_PRODUCT:WHEAT"": 524, ""BUY_SEED:CARROT"": 14, ""BUY_SEED:MELON"": 20, ""BUY_SEED:STRAWBERRY"": 37, ""BUY_SEED:WHEAT"": 37, ""SELL:CARROT"": 30, ""SELL:FERTILIZER"": 271, ""SELL:MELON"": 115, ""SELL:MILK"": 111, ""SELL:STRAWBERRY"": 119, ""SELL:WHEAT"": 392, ""SELL:WOOL"": 176}"
v007a_terminal_safe,hamburger,42,1,97302.0,147152.0,-49850.0,loss,DONE,DONE,1,719,0,0,0.826291,1.5215164000000003,1.8965400000000012,2.705125,4.277322957997967,"{""BUILD_PASTURE"": 12, ""CARE"": 236, ""COLLECT_FERTILIZER"": 272, ""DIG"": 26, ""DROP"": 76, ""EAST"": 881, ""FEED"": 257, ""HARVEST"": 190, ""NORTH"": 1261, ""PASS"": 1588, ""PICKUP"": 71, ""PLACE"": 12, ""PLANT"": 103, ""SOUTH"": 981, ""WATER"": 716, ""WEST"": 1118}","{""PICKUP:COW"": 4, ""PICKUP:SHEEP"": 8, ""PICKUP:WHEAT"": 59, ""PLACE:COW"": 4, ""PLACE:SHEEP"": 8, ""PLANT:CARROT"": 10, ""PLANT:MELON"": 20, ""PLANT:STRAWBERRY"": 37, ""PLANT:WHEAT"": 36}","{""BUY_ANIMAL"": 6, ""BUY_LAND"": 2, ""BUY_PRODUCT"": 190, ""BUY_SEED"": 52, ""HIRE"": 313, ""SELL"": 181}","{""BUY_ANIMAL:COW"": 4, ""BUY_ANIMAL:SHEEP"": 8, ""BUY_PRODUCT:WHEAT"": 515, ""BUY_SEED:CARROT"": 13, ""BUY_SEED:MELON"": 20, ""BUY_SEED:STRAWBERRY"": 37, ""BUY_SEED:WHEAT"": 37, ""SELL:CARROT"": 27, ""SELL:FERTILIZER"": 272, ""SELL:MELON"": 114, ""SELL:MILK"": 114, ""SELL:STRAWBERRY"": 119, ""SELL:WHEAT"": 380, ""SELL:WOOL"": 171}"
v007a_terminal_safe,hamburger,217,0,93382.0,147090.0,-53708.0,loss,DONE,DONE,1,719,0,0,0.860125,1.6115830000000004,1.9999688800000013,45.6495,4.387065167000401,"{""BUILD_PASTURE"": 12, ""CARE"": 218, ""COLLECT_FERTILIZER"": 270, ""DIG"": 22, ""DROP"": 78, ""EAST"": 826, ""FEED"": 259, ""HARVEST"": 183, ""NORTH"": 1331, ""PASS"": 1615, ""PICKUP"": 70, ""PLACE"": 12, ""PLANT"": 99, ""SOUTH"": 1023, ""WATER"": 762, ""WEST"": 1087}","{""PICKUP:COW"": 8, ""PICKUP:SHEEP"": 4, ""PICKUP:WHEAT"": 58, ""PLACE:COW"": 8, ""PLACE:SHEEP"": 4, ""PLANT:CARROT"": 9, ""PLANT:MELON"": 20, ""PLANT:STRAWBERRY"": 37, ""PLANT:WHEAT"": 33}","{""BUY_ANIMAL"": 7, ""BUY_LAND"": 2, ""BUY_PRODUCT"": 206, ""BUY_SEED"": 48, ""HIRE"": 316, ""SELL"": 185}","{""BUY_ANIMAL:COW"": 8, ""BUY_ANIMAL:SHEEP"": 4, ""BUY_PRODUCT:WHEAT"": 529, ""BUY_SEED:CARROT"": 12, ""BUY_SEED:MELON"": 20, ""BUY_SEED:STRAWBERRY"": 37, ""BUY_SEED:WHEAT"": 36, ""SELL:CARROT"": 24, ""SELL:FERTILIZER"": 270, ""SELL:MELON"": 119, ""SELL:MILK"": 167, ""SELL:STRAWBERRY"": 124, ""SELL:WHEAT"": 383, ""SELL:WOOL"": 110}"
v007a_terminal_safe,hamburger,217,1,88730.0,134542.0,-45812.0,loss,DONE,DONE,1,719,0,0,0.875875,1.5911959000000002,1.9246987400000002,2.315417,4.473232624997763,"{""BUILD_PASTURE"": 12, ""CARE"": 212, ""COLLECT_FERTILIZER"": 269, ""DIG"": 22, ""DROP"": 69, ""EAST"": 854, ""FEED"": 260, ""HARVEST"": 188, ""NORTH"": 1303, ""PASS"": 1639, ""PICKUP"": 70, ""PLACE"": 12, ""PLANT"": 98, ""SOUTH"": 1015, ""WATER"": 760, ""WEST"": 1105}","{""PICKUP:COW"": 8, ""PICKUP:SHEEP"": 4, ""PICKUP:WHEAT"": 58, ""PLACE:COW"": 8, ""PLACE:SHEEP"": 4, ""PLANT:CARROT"": 10, ""PLANT:MELON"": 20, ""PLANT:STRAWBERRY"": 37, ""PLANT:WHEAT"": 31}","{""BUY_ANIMAL"": 7, ""BUY_LAND"": 2, ""BUY_PRODUCT"": 205, ""BUY_SEED"": 47, ""HIRE"": 317, ""SELL"": 192}","{""BUY_ANIMAL:COW"": 8, ""BUY_ANIMAL:SHEEP"": 4, ""BUY_PRODUCT:WHEAT"": 527, ""BUY_SEED:CARROT"": 13, ""BUY_SEED:MELON"": 20, ""BUY_SEED:STRAWBERRY"": 37, ""BUY_SEED:WHEAT"": 33, ""SELL:CARROT"": 29, ""SELL:FERTILIZER"": 269, ""SELL:MELON"": 115, ""SELL:MILK"": 179, ""SELL:STRAWBERRY"": 124, ""SELL:WHEAT"": 382, ""SELL:WOOL"": 98}"
v007a_terminal_safe,hamburger,317,0,100165.0,149802.0,-49637.0,loss,DONE,DONE,1,719,0,0,0.8795,1.568175,1.9329050000000005,27.595709,4.486239624999143,"{""BUILD_PASTURE"": 12, ""CARE"": 232, ""COLLECT_FERTILIZER"": 269, ""DIG"": 18, ""DROP"": 81, ""EAST"": 891, ""FEED"": 260, ""HARVEST"": 199, ""NORTH"": 1300, ""PASS"": 1647, ""PICKUP"": 69, ""PLACE"": 12, ""PLANT"": 103, ""SOUTH"": 983, ""WATER"": 749, ""WEST"": 1109}","{""PICKUP:COW"": 8, ""PICKUP:SHEEP"": 4, ""PICKUP:WHEAT"": 57, ""PLACE:COW"": 8, ""PLACE:SHEEP"": 4, ""PLANT:CARROT"": 11, ""PLANT:MELON"": 20, ""PLANT:STRAWBERRY"": 37, ""PLANT:WHEAT"": 35}","{""BUY_ANIMAL"": 8, ""BUY_LAND"": 2, ""BUY_PRODUCT"": 202, ""BUY_SEED"": 48, ""HIRE"": 319, ""SELL"": 186}","{""BUY_ANIMAL:COW"": 8, ""BUY_ANIMAL:SHEEP"": 4, ""BUY_PRODUCT:WHEAT"": 527, ""BUY_SEED:CARROT"": 14, ""BUY_SEED:MELON"": 20, ""BUY_SEED:STRAWBERRY"": 37, ""BUY_SEED:WHEAT"": 37, ""SELL:CARROT"": 33, ""SELL:FERTILIZER"": 269, ""SELL:MELON"": 114, ""SELL:MILK"": 195, ""SELL:STRAWBERRY"": 125, ""SELL:WHEAT"": 393, ""SELL:WOOL"": 107}"
v007a_terminal_safe,hamburger,317,1,100328.0,149815.0,-49487.0,loss,DONE,DONE,1,719,0,0,0.847708,1.5054464000000003,1.8255520600000024,5.138375,4.288168457998836,"{""BUILD_PASTURE"": 12, ""CARE"": 232, ""COLLECT_FERTILIZER"": 269, ""DIG"": 16, ""DROP"": 81, ""EAST"": 883, ""FEED"": 260, ""HARVEST"": 199, ""NORTH"": 1311, ""PASS"": 1625, ""PICKUP"": 69, ""PLACE"": 12, ""PLANT"": 103, ""SOUTH"": 980, ""WATER"": 749, ""WEST"": 1109}","{""PICKUP:COW"": 8, ""PICKUP:SHEEP"": 4, ""PICKUP:WHEAT"": 57, ""PLACE:COW"": 8, ""PLACE:SHEEP"": 4, ""PLANT:CARROT"": 11, ""PLANT:MELON"": 20, ""PLANT:STRAWBERRY"": 37, ""PLANT:WHEAT"": 35}","{""BUY_ANIMAL"": 8, ""BUY_LAND"": 2, ""BUY_PRODUCT"": 199, ""BUY_SEED"": 49, ""HIRE"": 318, ""SELL"": 182}","{""BUY_ANIMAL:COW"": 8, ""BUY_ANIMAL:SHEEP"": 4, ""BUY_PRODUCT:WHEAT"": 526, ""BUY_SEED:CARROT"": 15, ""BUY_SEED:MELON"": 20, ""BUY_SEED:STRAWBERRY"": 37, ""BUY_SEED:WHEAT"": 37, ""SELL:CARROT"": 33, ""SELL:FERTILIZER"": 269, ""SELL:MELON"": 114, ""SELL:MILK"": 195, ""SELL:STRAWBERRY"": 125, ""SELL:WHEAT"": 394, ""SELL:WOOL"": 107}"
v007a_terminal_safe,hamburger,733,0,112804.0,167694.0,-54890.0,loss,DONE,DONE,1,719,0,0,0.781708,1.506517,2.244580620000008,15.715167,4.329990333000751,"{""BUILD_PASTURE"": 12, ""CARE"": 245, ""COLLECT_FERTILIZER"": 270, ""DIG"": 13, ""DROP"": 73, ""EAST"": 866, ""FEED"": 256, ""HARVEST"": 199, ""NORTH"": 1336, ""PASS"": 1667, ""PICKUP"": 66, ""PLACE"": 12, ""PLANT"": 107, ""SOUTH"": 1001, ""WATER"": 748, ""WEST"": 1085}","{""PICKUP:COW"": 5, ""PICKUP:SHEEP"": 7, ""PICKUP:WHEAT"": 54, ""PLACE:COW"": 5, ""PLACE:SHEEP"": 7, ""PLANT:CARROT"": 11, ""PLANT:MELON"": 20, ""PLANT:STRAWBERRY"": 37, ""PLANT:WHEAT"": 39}","{""BUY_ANIMAL"": 8, ""BUY_LAND"": 2, ""BUY_PRODUCT"": 191, ""BUY_SEED"": 49, ""HIRE"": 320, ""SELL"": 178}","{""BUY_ANIMAL:COW"": 5, ""BUY_ANIMAL:SHEEP"": 7, ""BUY_PRODUCT:WHEAT"": 521, ""BUY_SEED:CARROT"": 14, ""BUY_SEED:MELON"": 20, ""BUY_SEED:STRAWBERRY"": 37, ""BUY_SEED:WHEAT"": 39, ""SELL:CARROT"": 33, ""SELL:FERTILIZER"": 270, ""SELL:MELON"": 110, ""SELL:MILK"": 119, ""SELL:STRAWBERRY"": 124, ""SELL:WHEAT"": 400, ""SELL:WOOL"": 178}"
v007a_terminal_safe,hamburger,733,1,113756.0,168119.0,-54363.0,loss,DONE,DONE,1,719,0,0,0.703291,1.2746708000000002,1.5955938800000005,2.047959,3.6542590419994667,"{""BUILD_PASTURE"": 12, ""CARE"": 243, ""COLLECT_FERTILIZER"": 270, ""DIG"": 14, ""DROP"": 75, ""EAST"": 871, ""FEED"": 254, ""HARVEST"": 204, ""NORTH"": 1323, ""PASS"": 1672, ""PICKUP"": 67, ""PLACE"": 12, ""PLANT"": 110, ""SOUTH"": 981, ""WATER"": 738, ""WEST"": 1109}","{""PICKUP:COW"": 5, ""PICKUP:SHEEP"": 7, ""PICKUP:WHEAT"": 55, ""PLACE:COW"": 5, ""PLACE:SHEEP"": 7, ""PLANT:CARROT"": 13, ""PLANT:MELON"": 20, ""PLANT:STRAWBERRY"": 37, ""PLANT:WHEAT"": 40}","{""BUY_ANIMAL"": 8, ""BUY_LAND"": 2, ""BUY_PRODUCT"": 197, ""BUY_SEED"": 49, ""HIRE"": 320, ""SELL"": 172}","{""BUY_ANIMAL:COW"": 5, ""BUY_ANIMAL:SHEEP"": 7, ""BUY_PRODUCT:WHEAT"": 515, ""BUY_SEED:CARROT"": 15, ""BUY_SEED:MELON"": 20, ""BUY_SEED:STRAWBERRY"": 37, ""BUY_SEED:WHEAT"": 40, ""SELL:CARROT"": 39, ""SELL:FERTILIZER"": 270, ""SELL:MELON"": 111, ""SELL:MILK"": 120, ""SELL:STRAWBERRY"": 124, ""SELL:WHEAT"": 396, ""SELL:WOOL"": 180}"
v007a_terminal_safe,hamburger,2026,0,105520.0,157598.0,-52078.0,loss,DONE,DONE,1,719,0,0,0.854416,1.5646372000000002,1.9007449400000005,2.617583,4.4546519159994205,"{""BUILD_PASTURE"": 12, ""CARE"": 243, ""COLLECT_FERTILIZER"": 266, ""DIG"": 15, ""DROP"": 79, ""EAST"": 853, ""FEED"": 243, ""HARVEST"": 201, ""NORTH"": 1362, ""PASS"": 1619, ""PICKUP"": 67, ""PLACE"": 12, ""PLANT"": 114, ""SOUTH"": 1002, ""WATER"": 764, ""WEST"": 1105}","{""PICKUP:COW"": 2, ""PICKUP:SHEEP"": 10, ""PICKUP:WHEAT"": 55, ""PLACE:COW"": 2, ""PLACE:SHEEP"": 10, ""PLANT:CARROT"": 16, ""PLANT:MELON"": 20, ""PLANT:STRAWBERRY"": 37, ""PLANT:WHEAT"": 41}","{""BUY_ANIMAL"": 7, ""BUY_LAND"": 2, ""BUY_PRODUCT"": 193, ""BUY_SEED"": 53, ""HIRE"": 320, ""SELL"": 184}","{""BUY_ANIMAL:COW"": 2, ""BUY_ANIMAL:SHEEP"": 10, ""BUY_PRODUCT:WHEAT"": 518, ""BUY_SEED:CARROT"": 16, ""BUY_SEED:MELON"": 20, ""BUY_SEED:STRAWBERRY"": 37, ""BUY_SEED:WHEAT"": 41, ""SELL:CARROT"": 48, ""SELL:FERTILIZER"": 266, ""SELL:MELON"": 110, ""SELL:MILK"": 66, ""SELL:STRAWBERRY"": 128, ""SELL:WHEAT"": 422, ""SELL:WOOL"": 208}"
v007a_terminal_safe,hamburger,2026,1,100989.0,144345.0,-43356.0,loss,DONE,DONE,1,719,0,0,0.87575,1.5453375,1.9724505600000004,11.725875,4.455452083002456,"{""BUILD_PASTURE"": 12, ""CARE"": 243, ""COLLECT_FERTILIZER"": 263, ""DIG"": 22, ""DROP"": 72, ""EAST"": 901, ""FEED"": 249, ""HARVEST"": 200, ""NORTH"": 1316, ""PASS"": 1635, ""PICKUP"": 67, ""PLACE"": 12, ""PLANT"": 108, ""SOUTH"": 981, ""WATER"": 743, ""WEST"": 1111}","{""PICKUP:COW"": 2, ""PICKUP:SHEEP"": 10, ""PICKUP:WHEAT"": 55, ""PLACE:COW"": 2, ""PLACE:SHEEP"": 10, ""PLANT:CARROT"": 12, ""PLANT:MELON"": 20, ""PLANT:STRAWBERRY"": 37, ""PLANT:WHEAT"": 39}","{""BUY_ANIMAL"": 7, ""BUY_LAND"": 2, ""BUY_PRODUCT"": 197, ""BUY_SEED"": 49, ""HIRE"": 319, ""SELL"": 176}","{""BUY_ANIMAL:COW"": 2, ""BUY_ANIMAL:SHEEP"": 10, ""BUY_PRODUCT:WHEAT"": 516, ""BUY_SEED:CARROT"": 14, ""BUY_SEED:MELON"": 20, ""BUY_SEED:STRAWBERRY"": 37, ""BUY_SEED:WHEAT"": 39, ""SELL:CARROT"": 36, ""SELL:FERTILIZER"": 263, ""SELL:MELON"": 116, ""SELL:MILK"": 69, ""SELL:STRAWBERRY"": 128, ""SELL:WHEAT"": 406, ""SELL:WOOL"": 218}"
v007a_terminal_safe,random,17,0,132553.0,0.0,132553.0,win,DONE,DONE,1,719,0,0,0.753458,1.3945673000000003,1.755417000000002,45.09875,2.8766802079990157,"{""BUILD_PASTURE"": 12, ""CARE"": 241, ""COLLECT_FERTILIZER"": 266, ""DIG"": 17, ""DROP"": 87, ""EAST"": 948, ""FEED"": 260, ""HARVEST"": 201, ""NORTH"": 1308, ""PASS"": 1654, ""PICKUP"": 69, ""PLACE"": 12, ""PLANT"": 105, ""SOUTH"": 968, ""WATER"": 731, ""WEST"": 1164}","{""PICKUP:COW"": 5, ""PICKUP:SHEEP"": 8, ""PICKUP:WHEAT"": 56, ""PLACE:COW"": 5, ""PLACE:SHEEP"": 7, ""PLANT:CARROT"": 13, ""PLANT:MELON"": 20, ""PLANT:STRAWBERRY"": 37, ""PLANT:WHEAT"": 35}","{""BUY_ANIMAL"": 7, ""BUY_LAND"": 2, ""BUY_PRODUCT"": 213, ""BUY_SEED"": 54, ""HIRE"": 324, ""SELL"": 194}","{""BUY_ANIMAL:COW"": 5, ""BUY_ANIMAL:SHEEP"": 7, ""BUY_PRODUCT:WHEAT"": 534, ""BUY_SEED:CARROT"": 13, ""BUY_SEED:MELON"": 20, ""BUY_SEED:STRAWBERRY"": 37, ""BUY_SEED:WHEAT"": 36, ""SELL:CARROT"": 36, ""SELL:FERTILIZER"": 266, ""SELL:MELON"": 119, ""SELL:MILK"": 132, ""SELL:STRAWBERRY"": 125, ""SELL:WHEAT"": 394, ""SELL:WOOL"": 175}"
v007a_terminal_safe,random,17,1,135870.0,0.0,135870.0,win,DONE,DONE,1,719,0,0,0.802667,1.4721965000000001,1.8891680000000024,3.634958,3.0406241250020685,"{""BUILD_PASTURE"": 12, ""CARE"": 242, ""COLLECT_FERTILIZER"": 264, ""DIG"": 22, ""DROP"": 76, ""EAST"": 884, ""FEED"": 259, ""HARVEST"": 208, ""NORTH"": 1317, ""PASS"": 1666, ""PICKUP"": 67, ""PLACE"": 12, ""PLANT"": 110, ""SOUTH"": 986, ""WATER"": 766, ""WEST"": 1075}","{""PICKUP:COW"": 10, ""PICKUP:SHEEP"": 3, ""PICKUP:WHEAT"": 54, ""PLACE:COW"": 9, ""PLACE:SHEEP"": 3, ""PLANT:CARROT"": 11, ""PLANT:MELON"": 20, ""PLANT:STRAWBERRY"": 37, ""PLANT:WHEAT"": 42}","{""BUY_ANIMAL"": 7, ""BUY_LAND"": 2, ""BUY_PRODUCT"": 189, ""BUY_SEED"": 50, ""HIRE"": 320, ""SELL"": 169}","{""BUY_ANIMAL:COW"": 9, ""BUY_ANIMAL:SHEEP"": 3, ""BUY_PRODUCT:WHEAT"": 531, ""BUY_SEED:CARROT"": 11, ""BUY_SEED:MELON"": 20, ""BUY_SEED:STRAWBERRY"": 37, ""BUY_SEED:WHEAT"": 44, ""SELL:CARROT"": 30, ""SELL:FERTILIZER"": 264, ""SELL:MELON"": 119, ""SELL:MILK"": 226, ""SELL:STRAWBERRY"": 126, ""SELL:WHEAT"": 404, ""SELL:WOOL"": 83}"
v007a_terminal_safe,random,42,0,139624.0,0.0,139624.0,win,DONE,DONE,1,719,0,0,0.763125,1.4738083000000002,1.8602613800000007,2.895083,2.888764874998742,"{""BUILD_PASTURE"": 12, ""CARE"": 240, ""COLLECT_FERTILIZER"": 274, ""DIG"": 16, ""DROP"": 85, ""EAST"": 945, ""FEED"": 260, ""HARVEST"": 204, ""NORTH"": 1295, ""PASS"": 1619, ""PICKUP"": 66, ""PLACE"": 12, ""PLANT"": 105, ""SOUTH"": 980, ""WATER"": 729, ""WEST"": 1121}","{""PICKUP:COW"": 9, ""PICKUP:SHEEP"": 3, ""PICKUP:WHEAT"": 54, ""PLACE:COW"": 9, ""PLACE:SHEEP"": 3, ""PLANT:CARROT"": 9, ""PLANT:MELON"": 20, ""PLANT:STRAWBERRY"": 37, ""PLANT:WHEAT"": 39}","{""BUY_ANIMAL"": 7, ""BUY_LAND"": 2, ""BUY_PRODUCT"": 193, ""BUY_SEED"": 51, ""HIRE"": 320, ""SELL"": 199}","{""BUY_ANIMAL:COW"": 9, ""BUY_ANIMAL:SHEEP"": 3, ""BUY_PRODUCT:WHEAT"": 522, ""BUY_SEED:CARROT"": 11, ""BUY_SEED:MELON"": 20, ""BUY_SEED:STRAWBERRY"": 37, ""BUY_SEED:WHEAT"": 39, ""SELL:CARROT"": 27, ""SELL:FERTILIZER"": 274, ""SELL:MELON"": 118, ""SELL:MILK"": 222, ""SELL:STRAWBERRY"": 121, ""SELL:WHEAT"": 399, ""SELL:WOOL"": 78}"
v007a_terminal_safe,random,42,1,139272.0,0.0,139272.0,win,DONE,DONE,1,719,0,0,0.776,1.4373375000000002,1.7832750600000018,34.933709,3.0544335000013234,"{""BUILD_PASTURE"": 12, ""CARE"": 240, ""COLLECT_FERTILIZER"": 272, ""DIG"": 20, ""DROP"": 91, ""EAST"": 921, ""FEED"": 264, ""HARVEST"": 204, ""NORTH"": 1335, ""PASS"": 1679, ""PICKUP"": 69, ""PLACE"": 12, ""PLANT"": 103, ""SOUTH"": 953, ""WATER"": 738, ""WEST"": 1101}","{""PICKUP:COW"": 9, ""PICKUP:SHEEP"": 4, ""PICKUP:WHEAT"": 56, ""PLACE:COW"": 9, ""PLACE:SHEEP"": 3, ""PLANT:CARROT"": 9, ""PLANT:MELON"": 20, ""PLANT:STRAWBERRY"": 36, ""PLANT:WHEAT"": 38}","{""BUY_ANIMAL"": 7, ""BUY_LAND"": 2, ""BUY_PRODUCT"": 200, ""BUY_SEED"": 47, ""HIRE"": 322, ""SELL"": 193}","{""BUY_ANIMAL:COW"": 9, ""BUY_ANIMAL:SHEEP"": 3, ""BUY_PRODUCT:WHEAT"": 538, ""BUY_SEED:CARROT"": 10, ""BUY_SEED:MELON"": 20, ""BUY_SEED:STRAWBERRY"": 37, ""BUY_SEED:WHEAT"": 38, ""SELL:CARROT"": 27, ""SELL:FERTILIZER"": 272, ""SELL:MELON"": 119, ""SELL:MILK"": 228, ""SELL:STRAWBERRY"": 121, ""SELL:WHEAT"": 405, ""SELL:WOOL"": 82}"
v007a_terminal_safe,random,217,0,130970.0,0.0,130970.0,win,DONE,DONE,1,719,0,0,0.809125,1.6115292,1.9521836200000005,21.436,3.061279708002985,"{""BUILD_PASTURE"": 12, ""CARE"": 235, ""COLLECT_FERTILIZER"": 269, ""DIG"": 17, ""DROP"": 87, ""EAST"": 903, ""FEED"": 255, ""HARVEST"": 203, ""NORTH"": 1397, ""PASS"": 1590, ""PICKUP"": 65, ""PLACE"": 12, ""PLANT"": 109, ""SOUTH"": 1026, ""WATER"": 751, ""WEST"": 1110}","{""PICKUP:COW"": 7, ""PICKUP:SHEEP"": 5, ""PICKUP:WHEAT"": 53, ""PLACE:COW"": 7, ""PLACE:SHEEP"": 5, ""PLANT:CARROT"": 13, ""PLANT:MELON"": 20, ""PLANT:STRAWBERRY"": 37, ""PLANT:WHEAT"": 39}","{""BUY_ANIMAL"": 7, ""BUY_LAND"": 2, ""BUY_PRODUCT"": 206, ""BUY_SEED"": 56, ""HIRE"": 324, ""SELL"": 192}","{""BUY_ANIMAL:COW"": 7, ""BUY_ANIMAL:SHEEP"": 5, ""BUY_PRODUCT:WHEAT"": 558, ""BUY_SEED:CARROT"": 14, ""BUY_SEED:MELON"": 20, ""BUY_SEED:STRAWBERRY"": 37, ""BUY_SEED:WHEAT"": 40, ""SELL:CARROT"": 33, ""SELL:FERTILIZER"": 269, ""SELL:MELON"": 119, ""SELL:MILK"": 174, ""SELL:STRAWBERRY"": 128, ""SELL:WHEAT"": 427, ""SELL:WOOL"": 122}"
v007a_terminal_safe,random,217,1,135274.0,0.0,135274.0,win,DONE,DONE,1,719,0,0,0.828083,1.4663709000000003,1.8273644400000002,38.409417,3.080122916999244,"{""BUILD_PASTURE"": 12, ""CARE"": 240, ""COLLECT_FERTILIZER"": 273, ""DIG"": 19, ""DROP"": 98, ""EAST"": 939, ""FEED"": 257, ""HARVEST"": 209, ""NORTH"": 1368, ""PASS"": 1597, ""PICKUP"": 69, ""PLACE"": 12, ""PLANT"": 107, ""SOUTH"": 1022, ""WATER"": 732, ""WEST"": 1139}","{""PICKUP:COW"": 8, ""PICKUP:SHEEP"": 5, ""PICKUP:WHEAT"": 56, ""PLACE:COW"": 8, ""PLACE:SHEEP"": 4, ""PLANT:CARROT"": 12, ""PLANT:MELON"": 20, ""PLANT:STRAWBERRY"": 37, ""PLANT:WHEAT"": 38}","{""BUY_ANIMAL"": 8, ""BUY_LAND"": 2, ""BUY_PRODUCT"": 210, ""BUY_SEED"": 56, ""HIRE"": 326, ""SELL"": 204}","{""BUY_ANIMAL:COW"": 8, ""BUY_ANIMAL:SHEEP"": 4, ""BUY_PRODUCT:WHEAT"": 540, ""BUY_SEED:CARROT"": 13, ""BUY_SEED:MELON"": 20, ""BUY_SEED:STRAWBERRY"": 37, ""BUY_SEED:WHEAT"": 40, ""SELL:CARROT"": 33, ""SELL:FERTILIZER"": 273, ""SELL:MELON"": 118, ""SELL:MILK"": 202, ""SELL:STRAWBERRY"": 128, ""SELL:WHEAT"": 405, ""SELL:WOOL"": 101}"
v007a_terminal_safe,random,317,0,136369.0,0.0,136369.0,win,DONE,DONE,1,719,0,0,0.785292,1.5178420000000001,1.8386875600000012,35.942875,3.0559257919994707,"{""BUILD_PASTURE"": 12, ""CARE"": 236, ""COLLECT_FERTILIZER"": 273, ""DIG"": 22, ""DROP"": 88, ""EAST"": 866, ""FEED"": 254, ""HARVEST"": 194, ""NORTH"": 1295, ""PASS"": 1667, ""PICKUP"": 69, ""PLACE"": 12, ""PLANT"": 104, ""SOUTH"": 1012, ""WATER"": 739, ""WEST"": 1122}","{""PICKUP:COW"": 7, ""PICKUP:SHEEP"": 6, ""PICKUP:WHEAT"": 56, ""PLACE:COW"": 7, ""PLACE:SHEEP"": 5, ""PLANT:CARROT"": 10, ""PLANT:MELON"": 20, ""PLANT:STRAWBERRY"": 37, ""PLANT:WHEAT"": 37}","{""BUY_ANIMAL"": 7, ""BUY_LAND"": 2, ""BUY_PRODUCT"": 204, ""BUY_SEED"": 50, ""HIRE"": 320, ""SELL"": 189}","{""BUY_ANIMAL:COW"": 7, ""BUY_ANIMAL:SHEEP"": 5, ""BUY_PRODUCT:WHEAT"": 528, ""BUY_SEED:CARROT"": 12, ""BUY_SEED:MELON"": 20, ""BUY_SEED:STRAWBERRY"": 37, ""BUY_SEED:WHEAT"": 38, ""SELL:CARROT"": 30, ""SELL:FERTILIZER"": 273, ""SELL:MELON"": 113, ""SELL:MILK"": 179, ""SELL:STRAWBERRY"": 120, ""SELL:WHEAT"": 404, ""SELL:WOOL"": 115}"
v007a_terminal_safe,random,317,1,133833.0,0.0,133833.0,win,DONE,DONE,1,719,0,0,0.845541,1.5459169,1.8782294400000024,3.503292,3.047584124997229,"{""BUILD_PASTURE"": 12, ""CARE"": 237, ""COLLECT_FERTILIZER"": 268, ""DIG"": 20, ""DROP"": 85, ""EAST"": 961, ""FEED"": 257, ""HARVEST"": 200, ""NORTH"": 1316, ""PASS"": 1582, ""PICKUP"": 68, ""PLACE"": 12, ""PLANT"": 105, ""SOUTH"": 942, ""WATER"": 752, ""WEST"": 1148}","{""PICKUP:COW"": 10, ""PICKUP:SHEEP"": 3, ""PICKUP:WHEAT"": 55, ""PLACE:COW"": 9, ""PLACE:SHEEP"": 3, ""PLANT:CARROT"": 13, ""PLANT:MELON"": 20, ""PLANT:STRAWBERRY"": 37, ""PLANT:WHEAT"": 35}","{""BUY_ANIMAL"": 7, ""BUY_LAND"": 2, ""BUY_PRODUCT"": 213, ""BUY_SEED"": 49, ""HIRE"": 320, ""SELL"": 187}","{""BUY_ANIMAL:COW"": 9, ""BUY_ANIMAL:SHEEP"": 3, ""BUY_PRODUCT:WHEAT"": 531, ""BUY_SEED:CARROT"": 14, ""BUY_SEED:MELON"": 20, ""BUY_SEED:STRAWBERRY"": 37, ""BUY_SEED:WHEAT"": 38, ""SELL:CARROT"": 33, ""SELL:FERTILIZER"": 268, ""SELL:MELON"": 119, ""SELL:MILK"": 226, ""SELL:STRAWBERRY"": 121, ""SELL:WHEAT"": 403, ""SELL:WOOL"": 76}"
v007a_terminal_safe,random,733,0,131864.0,0.0,131864.0,win,DONE,DONE,1,719,0,0,0.814084,1.4796794000000002,1.8364036800000005,34.986875,3.0552843330006,"{""BUILD_PASTURE"": 12, ""CARE"": 247, ""COLLECT_FERTILIZER"": 272, ""DIG"": 15, ""DROP"": 84, ""EAST"": 900, ""FEED"": 264, ""HARVEST"": 204, ""NORTH"": 1315, ""PASS"": 1591, ""PICKUP"": 66, ""PLACE"": 12, ""PLANT"": 104, ""SOUTH"": 976, ""WATER"": 765, ""WEST"": 1087}","{""PICKUP:COW"": 5, ""PICKUP:SHEEP"": 7, ""PICKUP:WHEAT"": 54, ""PLACE:COW"": 5, ""PLACE:SHEEP"": 7, ""PLANT:CARROT"": 12, ""PLANT:MELON"": 20, ""PLANT:STRAWBERRY"": 37, ""PLANT:WHEAT"": 35}","{""BUY_ANIMAL"": 7, ""BUY_LAND"": 2, ""BUY_PRODUCT"": 201, ""BUY_SEED"": 54, ""HIRE"": 318, ""SELL"": 199}","{""BUY_ANIMAL:COW"": 5, ""BUY_ANIMAL:SHEEP"": 7, ""BUY_PRODUCT:WHEAT"": 537, ""BUY_SEED:CARROT"": 14, ""BUY_SEED:MELON"": 20, ""BUY_SEED:STRAWBERRY"": 37, ""BUY_SEED:WHEAT"": 37, ""SELL:CARROT"": 36, ""SELL:FERTILIZER"": 272, ""SELL:MELON"": 119, ""SELL:MILK"": 136, ""SELL:STRAWBERRY"": 130, ""SELL:WHEAT"": 400, ""SELL:WOOL"": 167}"
v007a_terminal_safe,random,733,1,135701.0,0.0,135701.0,win,DONE,DONE,1,719,0,0,0.84825,1.5735128000000003,1.9653081200000009,2.291625,3.1970362499996554,"{""BUILD_PASTURE"": 12, ""CARE"": 239, ""COLLECT_FERTILIZER"": 272, ""DIG"": 15, ""DROP"": 83, ""EAST"": 982, ""FEED"": 264, ""HARVEST"": 208, ""NORTH"": 1310, ""PASS"": 1620, ""PICKUP"": 68, ""PLACE"": 12, ""PLANT"": 108, ""SOUTH"": 940, ""WATER"": 739, ""WEST"": 1153}","{""PICKUP:COW"": 7, ""PICKUP:SHEEP"": 6, ""PICKUP:WHEAT"": 55, ""PLACE:COW"": 7, ""PLACE:SHEEP"": 5, ""PLANT:CARROT"": 11, ""PLANT:MELON"": 20, ""PLANT:STRAWBERRY"": 37, ""PLANT:WHEAT"": 40}","{""BUY_ANIMAL"": 7, ""BUY_LAND"": 2, ""BUY_PRODUCT"": 199, ""BUY_SEED"": 55, ""HIRE"": 323, ""SELL"": 202}","{""BUY_ANIMAL:COW"": 7, ""BUY_ANIMAL:SHEEP"": 5, ""BUY_PRODUCT:WHEAT"": 526, ""BUY_SEED:CARROT"": 11, ""BUY_SEED:MELON"": 20, ""BUY_SEED:STRAWBERRY"": 37, ""BUY_SEED:WHEAT"": 40, ""SELL:CARROT"": 33, ""SELL:FERTILIZER"": 272, ""SELL:MELON"": 119, ""SELL:MILK"": 182, ""SELL:STRAWBERRY"": 121, ""SELL:WHEAT"": 399, ""SELL:WOOL"": 128}"
v007a_terminal_safe,random,2026,0,130994.0,750.0,130244.0,win,DONE,DONE,1,719,0,0,0.811084,1.4572996999999999,1.6882200600000008,2.132416,2.9581252909993054,"{""BUILD_PASTURE"": 12, ""CARE"": 240, ""COLLECT_FERTILIZER"": 269, ""DIG"": 19, ""DROP"": 81, ""EAST"": 937, ""FEED"": 259, ""HARVEST"": 203, ""NORTH"": 1347, ""PASS"": 1623, ""PICKUP"": 66, ""PLACE"": 12, ""PLANT"": 110, ""SOUTH"": 1038, ""WATER"": 717, ""WEST"": 1139}","{""PICKUP:COW"": 5, ""PICKUP:SHEEP"": 7, ""PICKUP:WHEAT"": 54, ""PLACE:COW"": 5, ""PLACE:SHEEP"": 7, ""PLANT:CARROT"": 12, ""PLANT:MELON"": 20, ""PLANT:STRAWBERRY"": 37, ""PLANT:WHEAT"": 41}","{""BUY_ANIMAL"": 7, ""BUY_LAND"": 2, ""BUY_PRODUCT"": 199, ""BUY_SEED"": 56, ""HIRE"": 325, ""SELL"": 192}","{""BUY_ANIMAL:COW"": 5, ""BUY_ANIMAL:SHEEP"": 7, ""BUY_PRODUCT:WHEAT"": 536, ""BUY_SEED:CARROT"": 12, ""BUY_SEED:MELON"": 20, ""BUY_SEED:STRAWBERRY"": 37, ""BUY_SEED:WHEAT"": 41, ""SELL:CARROT"": 33, ""SELL:FERTILIZER"": 269, ""SELL:MELON"": 115, ""SELL:MILK"": 126, ""SELL:STRAWBERRY"": 128, ""SELL:WHEAT"": 402, ""SELL:WOOL"": 176}"
v007a_terminal_safe,random,2026,1,135200.0,0.0,135200.0,win,DONE,DONE,1,719,0,0,0.779209,1.5087833000000002,1.9367718800000042,22.722458,2.979400459000317,"{""BUILD_PASTURE"": 12, ""CARE"": 251, ""COLLECT_FERTILIZER"": 270, ""DIG"": 17, ""DROP"": 92, ""EAST"": 952, ""FEED"": 255, ""HARVEST"": 198, ""NORTH"": 1345, ""PASS"": 1544, ""PICKUP"": 66, ""PLACE"": 12, ""PLANT"": 104, ""SOUTH"": 986, ""WATER"": 727, ""WEST"": 1177}","{""PICKUP:COW"": 7, ""PICKUP:SHEEP"": 5, ""PICKUP:WHEAT"": 54, ""PLACE:COW"": 7, ""PLACE:SHEEP"": 5, ""PLANT:CARROT"": 13, ""PLANT:MELON"": 20, ""PLANT:STRAWBERRY"": 37, ""PLANT:WHEAT"": 34}","{""BUY_ANIMAL"": 7, ""BUY_LAND"": 2, ""BUY_PRODUCT"": 206, ""BUY_SEED"": 57, ""HIRE"": 322, ""SELL"": 190}","{""BUY_ANIMAL:COW"": 7, ""BUY_ANIMAL:SHEEP"": 5, ""BUY_PRODUCT:WHEAT"": 535, ""BUY_SEED:CARROT"": 13, ""BUY_SEED:MELON"": 20, ""BUY_SEED:STRAWBERRY"": 37, ""BUY_SEED:WHEAT"": 40, ""SELL:CARROT"": 27, ""SELL:FERTILIZER"": 270, ""SELL:MELON"": 119, ""SELL:MILK"": 170, ""SELL:STRAWBERRY"": 128, ""SELL:WHEAT"": 392, ""SELL:WOOL"": 122}"
v007a_terminal_safe,starter,17,0,139270.0,3484.0,135786.0,win,DONE,DONE,1,719,0,0,0.65925,1.2282378,1.5370000000000021,56.553875,2.515459333997569,"{""BUILD_PASTURE"": 12, ""CARE"": 236, ""COLLECT_FERTILIZER"": 273, ""DIG"": 17, ""DROP"": 86, ""EAST"": 943, ""FEED"": 260, ""HARVEST"": 203, ""NORTH"": 1323, ""PASS"": 1661, ""PICKUP"": 69, ""PLACE"": 12, ""PLANT"": 103, ""SOUTH"": 908, ""WATER"": 740, ""WEST"": 1141}","{""PICKUP:COW"": 9, ""PICKUP:SHEEP"": 4, ""PICKUP:WHEAT"": 56, ""PLACE:COW"": 9, ""PLACE:SHEEP"": 3, ""PLANT:CARROT"": 12, ""PLANT:MELON"": 20, ""PLANT:STRAWBERRY"": 37, ""PLANT:WHEAT"": 34}","{""BUY_ANIMAL"": 7, ""BUY_LAND"": 2, ""BUY_PRODUCT"": 197, ""BUY_SEED"": 51, ""HIRE"": 321, ""SELL"": 187}","{""BUY_ANIMAL:COW"": 9, ""BUY_ANIMAL:SHEEP"": 3, ""BUY_PRODUCT:WHEAT"": 537, ""BUY_SEED:CARROT"": 13, ""BUY_SEED:MELON"": 20, ""BUY_SEED:STRAWBERRY"": 37, ""BUY_SEED:WHEAT"": 35, ""SELL:CARROT"": 36, ""SELL:FERTILIZER"": 273, ""SELL:MELON"": 120, ""SELL:MILK"": 224, ""SELL:STRAWBERRY"": 125, ""SELL:WHEAT"": 397, ""SELL:WOOL"": 81}"
v007a_terminal_safe,starter,17,1,138229.0,3499.0,134730.0,win,DONE,DONE,1,719,0,0,0.647833,1.1963333,1.4657225000000023,1.822541,2.399482167002134,"{""BUILD_PASTURE"": 12, ""CARE"": 239, ""COLLECT_FERTILIZER"": 271, ""DIG"": 15, ""DROP"": 88, ""EAST"": 952, ""FEED"": 259, ""HARVEST"": 212, ""NORTH"": 1357, ""PASS"": 1600, ""PICKUP"": 66, ""PLACE"": 12, ""PLANT"": 108, ""SOUTH"": 949, ""WATER"": 744, ""WEST"": 1121}","{""PICKUP:COW"": 7, ""PICKUP:SHEEP"": 5, ""PICKUP:WHEAT"": 54, ""PLACE:COW"": 7, ""PLACE:SHEEP"": 5, ""PLANT:CARROT"": 13, ""PLANT:MELON"": 20, ""PLANT:STRAWBERRY"": 37, ""PLANT:WHEAT"": 38}","{""BUY_ANIMAL"": 7, ""BUY_LAND"": 2, ""BUY_PRODUCT"": 216, ""BUY_SEED"": 59, ""HIRE"": 322, ""SELL"": 192}","{""BUY_ANIMAL:COW"": 7, ""BUY_ANIMAL:SHEEP"": 5, ""BUY_PRODUCT:WHEAT"": 551, ""BUY_SEED:CARROT"": 13, ""BUY_SEED:MELON"": 20, ""BUY_SEED:STRAWBERRY"": 37, ""BUY_SEED:WHEAT"": 38, ""SELL:CARROT"": 39, ""SELL:FERTILIZER"": 271, ""SELL:MELON"": 119, ""SELL:MILK"": 177, ""SELL:STRAWBERRY"": 128, ""SELL:WHEAT"": 420, ""SELL:WOOL"": 130}"
v007a_terminal_safe,starter,42,0,139426.0,3495.0,135931.0,win,DONE,DONE,1,719,0,0,0.640916,1.1977000000000004,1.524015000000003,2.144167,2.3891326670018316,"{""BUILD_PASTURE"": 12, ""CARE"": 240, ""COLLECT_FERTILIZER"": 272, ""DIG"": 25, ""DROP"": 91, ""EAST"": 921, ""FEED"": 264, ""HARVEST"": 201, ""NORTH"": 1301, ""PASS"": 1636, ""PICKUP"": 65, ""PLACE"": 12, ""PLANT"": 101, ""SOUTH"": 1004, ""WATER"": 728, ""WEST"": 1096}","{""PICKUP:COW"": 10, ""PICKUP:SHEEP"": 2, ""PICKUP:WHEAT"": 53, ""PLACE:COW"": 10, ""PLACE:SHEEP"": 2, ""PLANT:CARROT"": 9, ""PLANT:MELON"": 20, ""PLANT:STRAWBERRY"": 37, ""PLANT:WHEAT"": 35}","{""BUY_ANIMAL"": 6, ""BUY_LAND"": 2, ""BUY_PRODUCT"": 198, ""BUY_SEED"": 48, ""HIRE"": 320, ""SELL"": 180}","{""BUY_ANIMAL:COW"": 10, ""BUY_ANIMAL:SHEEP"": 2, ""BUY_PRODUCT:WHEAT"": 530, ""BUY_SEED:CARROT"": 11, ""BUY_SEED:MELON"": 20, ""BUY_SEED:STRAWBERRY"": 37, ""BUY_SEED:WHEAT"": 37, ""SELL:CARROT"": 27, ""SELL:FERTILIZER"": 272, ""SELL:MELON"": 119, ""SELL:MILK"": 246, ""SELL:STRAWBERRY"": 121, ""SELL:WHEAT"": 389, ""SELL:WOOL"": 68}"
v007a_terminal_safe,starter,42,1,140738.0,3497.0,137241.0,win,DONE,DONE,1,719,0,0,0.648667,1.2413048,1.4665893200000013,1.873959,2.4087683340003423,"{""BUILD_PASTURE"": 12, ""CARE"": 236, ""COLLECT_FERTILIZER"": 274, ""DIG"": 19, ""DROP"": 88, ""EAST"": 908, ""FEED"": 261, ""HARVEST"": 200, ""NORTH"": 1344, ""PASS"": 1680, ""PICKUP"": 65, ""PLACE"": 12, ""PLANT"": 98, ""SOUTH"": 952, ""WATER"": 745, ""WEST"": 1073}","{""PICKUP:COW"": 10, ""PICKUP:SHEEP"": 2, ""PICKUP:WHEAT"": 53, ""PLACE:COW"": 10, ""PLACE:SHEEP"": 2, ""PLANT:CARROT"": 9, ""PLANT:MELON"": 20, ""PLANT:STRAWBERRY"": 37, ""PLANT:WHEAT"": 32}","{""BUY_ANIMAL"": 6, ""BUY_LAND"": 2, ""BUY_PRODUCT"": 214, ""BUY_SEED"": 42, ""HIRE"": 320, ""SELL"": 184}","{""BUY_ANIMAL:COW"": 10, ""BUY_ANIMAL:SHEEP"": 2, ""BUY_PRODUCT:WHEAT"": 538, ""BUY_SEED:CARROT"": 12, ""BUY_SEED:MELON"": 20, ""BUY_SEED:STRAWBERRY"": 37, ""BUY_SEED:WHEAT"": 32, ""SELL:CARROT"": 27, ""SELL:FERTILIZER"": 274, ""SELL:MELON"": 119, ""SELL:MILK"": 239, ""SELL:STRAWBERRY"": 124, ""SELL:WHEAT"": 391, ""SELL:WOOL"": 64}"
v007a_terminal_safe,starter,217,0,134591.0,3497.0,131094.0,win,DONE,DONE,1,719,0,0,0.637208,1.2441292000000002,1.5198736200000011,2.20975,2.4243262080017303,"{""BUILD_PASTURE"": 12, ""CARE"": 245, ""COLLECT_FERTILIZER"": 274, ""DIG"": 22, ""DROP"": 82, ""EAST"": 897, ""FEED"": 262, ""HARVEST"": 198, ""NORTH"": 1318, ""PASS"": 1647, ""PICKUP"": 66, ""PLACE"": 12, ""PLANT"": 99, ""SOUTH"": 944, ""WATER"": 749, ""WEST"": 1116}","{""PICKUP:COW"": 9, ""PICKUP:SHEEP"": 3, ""PICKUP:WHEAT"": 54, ""PLACE:COW"": 9, ""PLACE:SHEEP"": 3, ""PLANT:CARROT"": 9, ""PLANT:MELON"": 20, ""PLANT:STRAWBERRY"": 37, ""PLANT:WHEAT"": 33}","{""BUY_ANIMAL"": 7, ""BUY_LAND"": 2, ""BUY_PRODUCT"": 207, ""BUY_SEED"": 49, ""HIRE"": 319, ""SELL"": 181}","{""BUY_ANIMAL:COW"": 9, ""BUY_ANIMAL:SHEEP"": 3, ""BUY_PRODUCT:WHEAT"": 540, ""BUY_SEED:CARROT"": 12, ""BUY_SEED:MELON"": 20, ""BUY_SEED:STRAWBERRY"": 37, ""BUY_SEED:WHEAT"": 38, ""SELL:CARROT"": 27, ""SELL:FERTILIZER"": 274, ""SELL:MELON"": 120, ""SELL:MILK"": 231, ""SELL:STRAWBERRY"": 121, ""SELL:WHEAT"": 402, ""SELL:WOOL"": 78}"
v007a_terminal_safe,starter,217,1,140567.0,3477.0,137090.0,win,DONE,DONE,1,719,0,0,0.695166,1.2484830000000002,1.5807976200000011,52.839416,2.504233542000293,"{""BUILD_PASTURE"": 12, ""CARE"": 242, ""COLLECT_FERTILIZER"": 272, ""DIG"": 24, ""DROP"": 92, ""EAST"": 945, ""FEED"": 260, ""HARVEST"": 198, ""NORTH"": 1345, ""PASS"": 1590, ""PICKUP"": 66, ""PLACE"": 12, ""PLANT"": 101, ""SOUTH"": 990, ""WATER"": 731, ""WEST"": 1128}","{""PICKUP:COW"": 9, ""PICKUP:SHEEP"": 4, ""PICKUP:WHEAT"": 53, ""PLACE:COW"": 8, ""PLACE:SHEEP"": 4, ""PLANT:CARROT"": 10, ""PLANT:MELON"": 20, ""PLANT:STRAWBERRY"": 37, ""PLANT:WHEAT"": 34}","{""BUY_ANIMAL"": 6, ""BUY_LAND"": 2, ""BUY_PRODUCT"": 216, ""BUY_SEED"": 46, ""HIRE"": 322, ""SELL"": 196}","{""BUY_ANIMAL:COW"": 8, ""BUY_ANIMAL:SHEEP"": 4, ""BUY_PRODUCT:WHEAT"": 532, ""BUY_SEED:CARROT"": 11, ""BUY_SEED:MELON"": 20, ""BUY_SEED:STRAWBERRY"": 37, ""BUY_SEED:WHEAT"": 36, ""SELL:CARROT"": 30, ""SELL:FERTILIZER"": 272, ""SELL:MELON"": 119, ""SELL:MILK"": 208, ""SELL:STRAWBERRY"": 122, ""SELL:WHEAT"": 389, ""SELL:WOOL"": 96}"
v007a_terminal_safe,starter,317,0,132023.0,3475.0,128548.0,win,DONE,DONE,1,719,0,0,0.656125,1.2729958000000001,1.4955343200000002,2.48,2.4734285000013188,"{""BUILD_PASTURE"": 12, ""CARE"": 248, ""COLLECT_FERTILIZER"": 274, ""DIG"": 28, ""DROP"": 75, ""EAST"": 911, ""FEED"": 258, ""HARVEST"": 195, ""NORTH"": 1271, ""PASS"": 1705, ""PICKUP"": 65, ""PLACE"": 12, ""PLANT"": 99, ""SOUTH"": 917, ""WATER"": 755, ""WEST"": 1098}","{""PICKUP:COW"": 7, ""PICKUP:SHEEP"": 5, ""PICKUP:WHEAT"": 53, ""PLACE:COW"": 7, ""PLACE:SHEEP"": 5, ""PLANT:CARROT"": 10, ""PLANT:MELON"": 20, ""PLANT:STRAWBERRY"": 37, ""PLANT:WHEAT"": 32}","{""BUY_ANIMAL"": 7, ""BUY_LAND"": 2, ""BUY_PRODUCT"": 205, ""BUY_SEED"": 44, ""HIRE"": 318, ""SELL"": 172}","{""BUY_ANIMAL:COW"": 7, ""BUY_ANIMAL:SHEEP"": 5, ""BUY_PRODUCT:WHEAT"": 533, ""BUY_SEED:CARROT"": 12, ""BUY_SEED:MELON"": 20, ""BUY_SEED:STRAWBERRY"": 37, ""BUY_SEED:WHEAT"": 35, ""SELL:CARROT"": 30, ""SELL:FERTILIZER"": 274, ""SELL:MELON"": 120, ""SELL:MILK"": 187, ""SELL:STRAWBERRY"": 121, ""SELL:WHEAT"": 395, ""SELL:WOOL"": 114}"
v007a_terminal_safe,starter,317,1,132121.0,3475.0,128646.0,win,DONE,DONE,1,719,0,0,0.672583,1.3144336,1.5395154400000008,1.695083,2.5648100420003175,"{""BUILD_PASTURE"": 12, ""CARE"": 250, ""COLLECT_FERTILIZER"": 274, ""DIG"": 29, ""DROP"": 76, ""EAST"": 921, ""FEED"": 258, ""HARVEST"": 195, ""NORTH"": 1283, ""PASS"": 1656, ""PICKUP"": 65, ""PLACE"": 12, ""PLANT"": 100, ""SOUTH"": 932, ""WATER"": 759, ""WEST"": 1101}","{""PICKUP:COW"": 7, ""PICKUP:SHEEP"": 5, ""PICKUP:WHEAT"": 53, ""PLACE:COW"": 7, ""PLACE:SHEEP"": 5, ""PLANT:CARROT"": 10, ""PLANT:MELON"": 20, ""PLANT:STRAWBERRY"": 37, ""PLANT:WHEAT"": 33}","{""BUY_ANIMAL"": 7, ""BUY_LAND"": 2, ""BUY_PRODUCT"": 204, ""BUY_SEED"": 44, ""HIRE"": 318, ""SELL"": 180}","{""BUY_ANIMAL:COW"": 7, ""BUY_ANIMAL:SHEEP"": 5, ""BUY_PRODUCT:WHEAT"": 531, ""BUY_SEED:CARROT"": 12, ""BUY_SEED:MELON"": 20, ""BUY_SEED:STRAWBERRY"": 37, ""BUY_SEED:WHEAT"": 35, ""SELL:CARROT"": 27, ""SELL:FERTILIZER"": 274, ""SELL:MELON"": 120, ""SELL:MILK"": 187, ""SELL:STRAWBERRY"": 121, ""SELL:WHEAT"": 397, ""SELL:WOOL"": 114}"
v007a_terminal_safe,starter,733,0,135613.0,3505.0,132108.0,win,DONE,DONE,1,719,0,0,0.71125,1.2993125,1.6509661200000016,2.17,2.594242834002216,"{""BUILD_PASTURE"": 12, ""CARE"": 233, ""COLLECT_FERTILIZER"": 269, ""DIG"": 18, ""DROP"": 79, ""EAST"": 902, ""FEED"": 259, ""HARVEST"": 204, ""NORTH"": 1332, ""PASS"": 1677, ""PICKUP"": 66, ""PLACE"": 12, ""PLANT"": 103, ""SOUTH"": 949, ""WATER"": 745, ""WEST"": 1108}","{""PICKUP:COW"": 10, ""PICKUP:SHEEP"": 2, ""PICKUP:WHEAT"": 54, ""PLACE:COW"": 10, ""PLACE:SHEEP"": 2, ""PLANT:CARROT"": 12, ""PLANT:MELON"": 20, ""PLANT:STRAWBERRY"": 37, ""PLANT:WHEAT"": 34}","{""BUY_ANIMAL"": 6, ""BUY_LAND"": 2, ""BUY_PRODUCT"": 210, ""BUY_SEED"": 44, ""HIRE"": 320, ""SELL"": 175}","{""BUY_ANIMAL:COW"": 10, ""BUY_ANIMAL:SHEEP"": 2, ""BUY_PRODUCT:WHEAT"": 538, ""BUY_SEED:CARROT"": 12, ""BUY_SEED:MELON"": 20, ""BUY_SEED:STRAWBERRY"": 37, ""BUY_SEED:WHEAT"": 34, ""SELL:CARROT"": 36, ""SELL:FERTILIZER"": 269, ""SELL:MELON"": 120, ""SELL:MILK"": 241, ""SELL:STRAWBERRY"": 121, ""SELL:WHEAT"": 401, ""SELL:WOOL"": 66}"
v007a_terminal_safe,starter,733,1,136662.0,3505.0,133157.0,win,DONE,DONE,1,719,0,0,0.708375,1.3574378,1.7282325000000012,21.638375,2.688040542001545,"{""BUILD_PASTURE"": 12, ""CARE"": 241, ""COLLECT_FERTILIZER"": 273, ""DIG"": 15, ""DROP"": 84, ""EAST"": 921, ""FEED"": 259, ""HARVEST"": 203, ""NORTH"": 1313, ""PASS"": 1686, ""PICKUP"": 67, ""PLACE"": 12, ""PLANT"": 102, ""SOUTH"": 909, ""WATER"": 751, ""WEST"": 1123}","{""PICKUP:COW"": 10, ""PICKUP:SHEEP"": 2, ""PICKUP:WHEAT"": 55, ""PLACE:COW"": 10, ""PLACE:SHEEP"": 2, ""PLANT:CARROT"": 12, ""PLANT:MELON"": 20, ""PLANT:STRAWBERRY"": 37, ""PLANT:WHEAT"": 33}","{""BUY_ANIMAL"": 6, ""BUY_LAND"": 2, ""BUY_PRODUCT"": 214, ""BUY_SEED"": 46, ""HIRE"": 320, ""SELL"": 173}","{""BUY_ANIMAL:COW"": 10, ""BUY_ANIMAL:SHEEP"": 2, ""BUY_PRODUCT:WHEAT"": 532, ""BUY_SEED:CARROT"": 12, ""BUY_SEED:MELON"": 20, ""BUY_SEED:STRAWBERRY"": 37, ""BUY_SEED:WHEAT"": 33, ""SELL:CARROT"": 36, ""SELL:FERTILIZER"": 273, ""SELL:MELON"": 120, ""SELL:MILK"": 243, ""SELL:STRAWBERRY"": 121, ""SELL:WHEAT"": 391, ""SELL:WOOL"": 68}"
v007a_terminal_safe,starter,2026,0,136263.0,3493.0,132770.0,win,DONE,DONE,1,719,0,0,0.658,1.1814788999999999,1.4410448800000017,37.14375,2.4958668330000364,"{""BUILD_PASTURE"": 12, ""CARE"": 242, ""COLLECT_FERTILIZER"": 267, ""DIG"": 17, ""DROP"": 88, ""EAST"": 900, ""FEED"": 263, ""HARVEST"": 202, ""NORTH"": 1334, ""PASS"": 1661, ""PICKUP"": 69, ""PLACE"": 12, ""PLANT"": 107, ""SOUTH"": 1015, ""WATER"": 753, ""WEST"": 1128}","{""PICKUP:COW"": 5, ""PICKUP:SHEEP"": 8, ""PICKUP:WHEAT"": 56, ""PLACE:COW"": 5, ""PLACE:SHEEP"": 7, ""PLANT:CARROT"": 10, ""PLANT:MELON"": 20, ""PLANT:STRAWBERRY"": 37, ""PLANT:WHEAT"": 40}","{""BUY_ANIMAL"": 7, ""BUY_LAND"": 2, ""BUY_PRODUCT"": 206, ""BUY_SEED"": 56, ""HIRE"": 325, ""SELL"": 197}","{""BUY_ANIMAL:COW"": 5, ""BUY_ANIMAL:SHEEP"": 7, ""BUY_PRODUCT:WHEAT"": 537, ""BUY_SEED:CARROT"": 12, ""BUY_SEED:MELON"": 20, ""BUY_SEED:STRAWBERRY"": 37, ""BUY_SEED:WHEAT"": 41, ""SELL:CARROT"": 30, ""SELL:FERTILIZER"": 267, ""SELL:MELON"": 119, ""SELL:MILK"": 131, ""SELL:STRAWBERRY"": 127, ""SELL:WHEAT"": 407, ""SELL:WOOL"": 178}"
v007a_terminal_safe,starter,2026,1,135325.0,3493.0,131832.0,win,DONE,DONE,1,719,0,0,0.640709,1.1755337000000001,1.47257988,1.883792,2.4413176250018296,"{""BUILD_PASTURE"": 12, ""CARE"": 245, ""COLLECT_FERTILIZER"": 273, ""DIG"": 17, ""DROP"": 79, ""EAST"": 903, ""FEED"": 260, ""HARVEST"": 201, ""NORTH"": 1300, ""PASS"": 1670, ""PICKUP"": 69, ""PLACE"": 12, ""PLANT"": 106, ""SOUTH"": 995, ""WATER"": 759, ""WEST"": 1120}","{""PICKUP:COW"": 5, ""PICKUP:SHEEP"": 8, ""PICKUP:WHEAT"": 56, ""PLACE:COW"": 5, ""PLACE:SHEEP"": 7, ""PLANT:CARROT"": 11, ""PLANT:MELON"": 20, ""PLANT:STRAWBERRY"": 37, ""PLANT:WHEAT"": 38}","{""BUY_ANIMAL"": 7, ""BUY_LAND"": 2, ""BUY_PRODUCT"": 200, ""BUY_SEED"": 56, ""HIRE"": 323, ""SELL"": 193}","{""BUY_ANIMAL:COW"": 5, ""BUY_ANIMAL:SHEEP"": 7, ""BUY_PRODUCT:WHEAT"": 523, ""BUY_SEED:CARROT"": 13, ""BUY_SEED:MELON"": 20, ""BUY_SEED:STRAWBERRY"": 37, ""BUY_SEED:WHEAT"": 39, ""SELL:CARROT"": 33, ""SELL:FERTILIZER"": 273, ""SELL:MELON"": 119, ""SELL:MILK"": 126, ""SELL:STRAWBERRY"": 127, ""SELL:WHEAT"": 393, ""SELL:WOOL"": 176}"
v007b_idle_fertilizer,hamburger,17,0,100388.0,150971.0,-50583.0,loss,DONE,DONE,1,719,0,0,0.834875,1.5349000000000002,1.9246604400000007,2.729458,4.30443791700236,"{""BUILD_PASTURE"": 12, ""CARE"": 224, ""COLLECT_FERTILIZER"": 270, ""DIG"": 15, ""DROP"": 77, ""EAST"": 916, ""FEED"": 242, ""FERTILIZE"": 2, ""HARVEST"": 195, ""NORTH"": 1298, ""PASS"": 1793, ""PICKUP"": 69, ""PLACE"": 12, ""PLANT"": 103, ""SOUTH"": 918, ""WATER"": 713, ""WEST"": 1118}","{""PICKUP:COW"": 9, ""PICKUP:SHEEP"": 3, ""PICKUP:WHEAT"": 57, ""PLACE:COW"": 9, ""PLACE:SHEEP"": 3, ""PLANT:CARROT"": 11, ""PLANT:MELON"": 20, ""PLANT:STRAWBERRY"": 37, ""PLANT:WHEAT"": 35}","{""BUY_ANIMAL"": 7, ""BUY_LAND"": 2, ""BUY_PRODUCT"": 188, ""BUY_SEED"": 46, ""HIRE"": 321, ""SELL"": 183}","{""BUY_ANIMAL:COW"": 9, ""BUY_ANIMAL:SHEEP"": 3, ""BUY_PRODUCT:WHEAT"": 521, ""BUY_SEED:CARROT"": 13, ""BUY_SEED:MELON"": 20, ""BUY_SEED:STRAWBERRY"": 37, ""BUY_SEED:WHEAT"": 37, ""SELL:CARROT"": 33, ""SELL:FERTILIZER"": 268, ""SELL:MELON"": 113, ""SELL:MILK"": 196, ""SELL:STRAWBERRY"": 124, ""SELL:WHEAT"": 405, ""SELL:WOOL"": 71}"
v007b_idle_fertilizer,hamburger,17,1,87175.0,135837.0,-48662.0,loss,DONE,DONE,1,719,0,0,0.81,1.5191625,1.8279181800000037,2.385292,4.17007545800152,"{""BUILD_PASTURE"": 12, ""CARE"": 200, ""COLLECT_FERTILIZER"": 272, ""DIG"": 21, ""DROP"": 67, ""EAST"": 852, ""FEED"": 251, ""HARVEST"": 170, ""NORTH"": 1251, ""PASS"": 1964, ""PICKUP"": 71, ""PLACE"": 12, ""PLANT"": 88, ""SOUTH"": 913, ""WATER"": 677, ""WEST"": 1092}","{""PICKUP:COW"": 8, ""PICKUP:SHEEP"": 4, ""PICKUP:WHEAT"": 59, ""PLACE:COW"": 8, ""PLACE:SHEEP"": 4, ""PLANT:CARROT"": 9, ""PLANT:MELON"": 20, ""PLANT:STRAWBERRY"": 37, ""PLANT:WHEAT"": 22}","{""BUY_ANIMAL"": 6, ""BUY_LAND"": 2, ""BUY_PRODUCT"": 194, ""BUY_SEED"": 51, ""HIRE"": 318, ""SELL"": 169}","{""BUY_ANIMAL:COW"": 8, ""BUY_ANIMAL:SHEEP"": 4, ""BUY_PRODUCT:WHEAT"": 522, ""BUY_SEED:CARROT"": 13, ""BUY_SEED:MELON"": 20, ""BUY_SEED:STRAWBERRY"": 37, ""BUY_SEED:WHEAT"": 34, ""SELL:CARROT"": 27, ""SELL:FERTILIZER"": 272, ""SELL:MELON"": 111, ""SELL:MILK"": 159, ""SELL:STRAWBERRY"": 125, ""SELL:WHEAT"": 349, ""SELL:WOOL"": 89}"
v007b_idle_fertilizer,hamburger,42,0,90453.0,135645.0,-45192.0,loss,DONE,DONE,1,719,0,0,0.829333,1.5950459000000001,1.8552763200000002,2.924333,4.285975041999336,"{""BUILD_PASTURE"": 12, ""CARE"": 238, ""COLLECT_FERTILIZER"": 270, ""DIG"": 25, ""DROP"": 68, ""EAST"": 821, ""FEED"": 253, ""FERTILIZE"": 2, ""HARVEST"": 176, ""NORTH"": 1306, ""PASS"": 1741, ""PICKUP"": 71, ""PLACE"": 12, ""PLANT"": 94, ""SOUTH"": 983, ""WATER"": 689, ""WEST"": 1085}","{""PICKUP:COW"": 4, ""PICKUP:SHEEP"": 8, ""PICKUP:WHEAT"": 59, ""PLACE:COW"": 4, ""PLACE:SHEEP"": 8, ""PLANT:CARROT"": 7, ""PLANT:MELON"": 20, ""PLANT:STRAWBERRY"": 37, ""PLANT:WHEAT"": 30}","{""BUY_ANIMAL"": 6, ""BUY_LAND"": 2, ""BUY_PRODUCT"": 206, ""BUY_SEED"": 53, ""HIRE"": 315, ""SELL"": 172}","{""BUY_ANIMAL:COW"": 4, ""BUY_ANIMAL:SHEEP"": 8, ""BUY_PRODUCT:WHEAT"": 524, ""BUY_SEED:CARROT"": 11, ""BUY_SEED:MELON"": 20, ""BUY_SEED:STRAWBERRY"": 37, ""BUY_SEED:WHEAT"": 39, ""SELL:CARROT"": 21, ""SELL:FERTILIZER"": 268, ""SELL:MELON"": 114, ""SELL:MILK"": 110, ""SELL:STRAWBERRY"": 119, ""SELL:WHEAT"": 369, ""SELL:WOOL"": 174}"
v007b_idle_fertilizer,hamburger,42,1,94286.0,146490.0,-52204.0,loss,DONE,DONE,1,719,0,0,0.809,1.6235958000000001,1.9561045000000001,27.95375,4.318845292000333,"{""BUILD_PASTURE"": 12, ""CARE"": 237, ""COLLECT_FERTILIZER"": 270, ""DIG"": 30, ""DROP"": 79, ""EAST"": 826, ""FEED"": 249, ""FERTILIZE"": 4, ""HARVEST"": 176, ""NORTH"": 1265, ""PASS"": 1857, ""PICKUP"": 70, ""PLACE"": 12, ""PLANT"": 93, ""SOUTH"": 925, ""WATER"": 656, ""WEST"": 1087}","{""PICKUP:COW"": 4, ""PICKUP:SHEEP"": 8, ""PICKUP:WHEAT"": 58, ""PLACE:COW"": 4, ""PLACE:SHEEP"": 8, ""PLANT:CARROT"": 7, ""PLANT:MELON"": 20, ""PLANT:STRAWBERRY"": 37, ""PLANT:WHEAT"": 29}","{""BUY_ANIMAL"": 6, ""BUY_LAND"": 2, ""BUY_PRODUCT"": 204, ""BUY_SEED"": 50, ""HIRE"": 315, ""SELL"": 166}","{""BUY_ANIMAL:COW"": 4, ""BUY_ANIMAL:SHEEP"": 8, ""BUY_PRODUCT:WHEAT"": 521, ""BUY_SEED:CARROT"": 11, ""BUY_SEED:MELON"": 20, ""BUY_SEED:STRAWBERRY"": 37, ""BUY_SEED:WHEAT"": 40, ""SELL:CARROT"": 21, ""SELL:FERTILIZER"": 266, ""SELL:MELON"": 114, ""SELL:MILK"": 112, ""SELL:STRAWBERRY"": 119, ""SELL:WHEAT"": 370, ""SELL:WOOL"": 167}"
v007b_idle_fertilizer,hamburger,217,0,88711.0,148609.0,-59898.0,loss,DONE,DONE,1,719,0,0,0.871208,1.6423791000000003,2.059248940000002,27.325041,4.486500958999386,"{""BUILD_PASTURE"": 12, ""CARE"": 201, ""COLLECT_FERTILIZER"": 272, ""DIG"": 20, ""DROP"": 71, ""EAST"": 838, ""FEED"": 253, ""HARVEST"": 181, ""NORTH"": 1337, ""PASS"": 1686, ""PICKUP"": 70, ""PLACE"": 12, ""PLANT"": 97, ""SOUTH"": 1021, ""WATER"": 717, ""WEST"": 1101}","{""PICKUP:COW"": 8, ""PICKUP:SHEEP"": 4, ""PICKUP:WHEAT"": 58, ""PLACE:COW"": 8, ""PLACE:SHEEP"": 4, ""PLANT:CARROT"": 11, ""PLANT:MELON"": 20, ""PLANT:STRAWBERRY"": 37, ""PLANT:WHEAT"": 29}","{""BUY_ANIMAL"": 7, ""BUY_LAND"": 2, ""BUY_PRODUCT"": 203, ""BUY_SEED"": 47, ""HIRE"": 317, ""SELL"": 176}","{""BUY_ANIMAL:COW"": 8, ""BUY_ANIMAL:SHEEP"": 4, ""BUY_PRODUCT:WHEAT"": 523, ""BUY_SEED:CARROT"": 14, ""BUY_SEED:MELON"": 20, ""BUY_SEED:STRAWBERRY"": 37, ""BUY_SEED:WHEAT"": 31, ""SELL:CARROT"": 30, ""SELL:FERTILIZER"": 272, ""SELL:MELON"": 114, ""SELL:MILK"": 145, ""SELL:STRAWBERRY"": 124, ""SELL:WHEAT"": 371, ""SELL:WOOL"": 104}"
v007b_idle_fertilizer,hamburger,217,1,82985.0,135686.0,-52701.0,loss,DONE,DONE,1,719,0,0,0.872583,1.6270291000000003,1.9709530600000005,46.07825,4.402262916999462,"{""BUILD_PASTURE"": 12, ""CARE"": 196, ""COLLECT_FERTILIZER"": 270, ""DIG"": 23, ""DROP"": 74, ""EAST"": 872, ""FEED"": 253, ""FERTILIZE"": 3, ""HARVEST"": 179, ""NORTH"": 1344, ""PASS"": 1673, ""PICKUP"": 70, ""PLACE"": 12, ""PLANT"": 97, ""SOUTH"": 988, ""WATER"": 716, ""WEST"": 1111}","{""PICKUP:COW"": 8, ""PICKUP:SHEEP"": 4, ""PICKUP:WHEAT"": 58, ""PLACE:COW"": 8, ""PLACE:SHEEP"": 4, ""PLANT:CARROT"": 10, ""PLANT:MELON"": 20, ""PLANT:STRAWBERRY"": 37, ""PLANT:WHEAT"": 30}","{""BUY_ANIMAL"": 7, ""BUY_LAND"": 2, ""BUY_PRODUCT"": 197, ""BUY_SEED"": 49, ""HIRE"": 317, ""SELL"": 189}","{""BUY_ANIMAL:COW"": 8, ""BUY_ANIMAL:SHEEP"": 4, ""BUY_PRODUCT:WHEAT"": 517, ""BUY_SEED:CARROT"": 14, ""BUY_SEED:MELON"": 20, ""BUY_SEED:STRAWBERRY"": 37, ""BUY_SEED:WHEAT"": 33, ""SELL:CARROT"": 27, ""SELL:FERTILIZER"": 267, ""SELL:MELON"": 114, ""SELL:MILK"": 148, ""SELL:STRAWBERRY"": 124, ""SELL:WHEAT"": 373, ""SELL:WOOL"": 92}"
v007b_idle_fertilizer,hamburger,317,0,97516.0,152639.0,-55123.0,loss,DONE,DONE,1,719,0,0,0.91525,1.670025,2.2769481200000015,49.839667,4.568269416002295,"{""BUILD_PASTURE"": 12, ""CARE"": 218, ""COLLECT_FERTILIZER"": 270, ""DIG"": 12, ""DROP"": 76, ""EAST"": 885, ""FEED"": 253, ""FERTILIZE"": 1, ""HARVEST"": 194, ""NORTH"": 1311, ""PASS"": 1770, ""PICKUP"": 69, ""PLACE"": 12, ""PLANT"": 104, ""SOUTH"": 944, ""WATER"": 734, ""WEST"": 1091}","{""PICKUP:COW"": 8, ""PICKUP:SHEEP"": 4, ""PICKUP:WHEAT"": 57, ""PLACE:COW"": 8, ""PLACE:SHEEP"": 4, ""PLANT:CARROT"": 11, ""PLANT:MELON"": 20, ""PLANT:STRAWBERRY"": 37, ""PLANT:WHEAT"": 36}","{""BUY_ANIMAL"": 8, ""BUY_LAND"": 2, ""BUY_PRODUCT"": 200, ""BUY_SEED"": 49, ""HIRE"": 320, ""SELL"": 168}","{""BUY_ANIMAL:COW"": 8, ""BUY_ANIMAL:SHEEP"": 4, ""BUY_PRODUCT:WHEAT"": 526, ""BUY_SEED:CARROT"": 14, ""BUY_SEED:MELON"": 20, ""BUY_SEED:STRAWBERRY"": 37, ""BUY_SEED:WHEAT"": 38, ""SELL:CARROT"": 33, ""SELL:FERTILIZER"": 269, ""SELL:MELON"": 108, ""SELL:MILK"": 174, ""SELL:STRAWBERRY"": 125, ""SELL:WHEAT"": 405, ""SELL:WOOL"": 103}"
v007b_idle_fertilizer,hamburger,317,1,97159.0,152602.0,-55443.0,loss,DONE,DONE,1,719,0,0,0.839167,1.5140122,1.7503394400000003,2.202875,4.26649337499839,"{""BUILD_PASTURE"": 12, ""CARE"": 219, ""COLLECT_FERTILIZER"": 270, ""DIG"": 11, ""DROP"": 77, ""EAST"": 883, ""FEED"": 253, ""FERTILIZE"": 1, ""HARVEST"": 193, ""NORTH"": 1291, ""PASS"": 1821, ""PICKUP"": 69, ""PLACE"": 12, ""PLANT"": 103, ""SOUTH"": 932, ""WATER"": 722, ""WEST"": 1087}","{""PICKUP:COW"": 8, ""PICKUP:SHEEP"": 4, ""PICKUP:WHEAT"": 57, ""PLACE:COW"": 8, ""PLACE:SHEEP"": 4, ""PLANT:CARROT"": 11, ""PLANT:MELON"": 20, ""PLANT:STRAWBERRY"": 37, ""PLANT:WHEAT"": 35}","{""BUY_ANIMAL"": 8, ""BUY_LAND"": 2, ""BUY_PRODUCT"": 201, ""BUY_SEED"": 49, ""HIRE"": 320, ""SELL"": 174}","{""BUY_ANIMAL:COW"": 8, ""BUY_ANIMAL:SHEEP"": 4, ""BUY_PRODUCT:WHEAT"": 524, ""BUY_SEED:CARROT"": 14, ""BUY_SEED:MELON"": 20, ""BUY_SEED:STRAWBERRY"": 37, ""BUY_SEED:WHEAT"": 38, ""SELL:CARROT"": 33, ""SELL:FERTILIZER"": 269, ""SELL:MELON"": 108, ""SELL:MILK"": 175, ""SELL:STRAWBERRY"": 125, ""SELL:WHEAT"": 392, ""SELL:WOOL"": 103}"
v007b_idle_fertilizer,hamburger,733,0,106145.0,169866.0,-63721.0,loss,DONE,DONE,1,719,0,0,0.773458,1.5329917000000002,2.0075850600000007,24.659167,4.362463541001489,"{""BUILD_PASTURE"": 12, ""CARE"": 226, ""COLLECT_FERTILIZER"": 266, ""DIG"": 18, ""DROP"": 65, ""EAST"": 853, ""FEED"": 247, ""FERTILIZE"": 1, ""HARVEST"": 188, ""NORTH"": 1289, ""PASS"": 1866, ""PICKUP"": 67, ""PLACE"": 12, ""PLANT"": 104, ""SOUTH"": 914, ""WATER"": 714, ""WEST"": 1089}","{""PICKUP:COW"": 5, ""PICKUP:SHEEP"": 7, ""PICKUP:WHEAT"": 55, ""PLACE:COW"": 5, ""PLACE:SHEEP"": 7, ""PLANT:CARROT"": 13, ""PLANT:MELON"": 20, ""PLANT:STRAWBERRY"": 37, ""PLANT:WHEAT"": 34}","{""BUY_ANIMAL"": 8, ""BUY_LAND"": 2, ""BUY_PRODUCT"": 201, ""BUY_SEED"": 45, ""HIRE"": 319, ""SELL"": 162}","{""BUY_ANIMAL:COW"": 5, ""BUY_ANIMAL:SHEEP"": 7, ""BUY_PRODUCT:WHEAT"": 523, ""BUY_SEED:CARROT"": 13, ""BUY_SEED:MELON"": 20, ""BUY_SEED:STRAWBERRY"": 38, ""BUY_SEED:WHEAT"": 34, ""SELL:CARROT"": 39, ""SELL:FERTILIZER"": 265, ""SELL:MELON"": 104, ""SELL:MILK"": 111, ""SELL:STRAWBERRY"": 120, ""SELL:WHEAT"": 390, ""SELL:WOOL"": 163}"
v007b_idle_fertilizer,hamburger,733,1,103026.0,167564.0,-64538.0,loss,DONE,DONE,1,719,0,0,0.7255,1.2641746999999999,1.542510060000001,5.500708,3.7605115000005753,"{""BUILD_PASTURE"": 12, ""CARE"": 235, ""COLLECT_FERTILIZER"": 264, ""DIG"": 19, ""DROP"": 76, ""EAST"": 936, ""FEED"": 242, ""FERTILIZE"": 1, ""HARVEST"": 192, ""NORTH"": 1342, ""PASS"": 1696, ""PICKUP"": 67, ""PLACE"": 12, ""PLANT"": 108, ""SOUTH"": 930, ""WATER"": 696, ""WEST"": 1149}","{""PICKUP:COW"": 5, ""PICKUP:SHEEP"": 7, ""PICKUP:WHEAT"": 55, ""PLACE:COW"": 5, ""PLACE:SHEEP"": 7, ""PLANT:CARROT"": 11, ""PLANT:MELON"": 20, ""PLANT:STRAWBERRY"": 39, ""PLANT:WHEAT"": 38}","{""BUY_ANIMAL"": 8, ""BUY_LAND"": 2, ""BUY_PRODUCT"": 201, ""BUY_SEED"": 48, ""HIRE"": 321, ""SELL"": 172}","{""BUY_ANIMAL:COW"": 5, ""BUY_ANIMAL:SHEEP"": 7, ""BUY_PRODUCT:WHEAT"": 519, ""BUY_SEED:CARROT"": 13, ""BUY_SEED:MELON"": 20, ""BUY_SEED:STRAWBERRY"": 39, ""BUY_SEED:WHEAT"": 38, ""SELL:CARROT"": 33, ""SELL:FERTILIZER"": 263, ""SELL:MELON"": 102, ""SELL:MILK"": 104, ""SELL:STRAWBERRY"": 124, ""SELL:WHEAT"": 397, ""SELL:WOOL"": 161}"
v007b_idle_fertilizer,hamburger,2026,0,102194.0,156835.0,-54641.0,loss,DONE,DONE,1,719,0,0,0.873333,1.6243913,1.9878401200000042,2.326625,4.444378542000777,"{""BUILD_PASTURE"": 12, ""CARE"": 237, ""COLLECT_FERTILIZER"": 260, ""DIG"": 20, ""DROP"": 75, ""EAST"": 928, ""FEED"": 238, ""FERTILIZE"": 3, ""HARVEST"": 190, ""NORTH"": 1336, ""PASS"": 1673, ""PICKUP"": 67, ""PLACE"": 12, ""PLANT"": 113, ""SOUTH"": 945, ""WATER"": 730, ""WEST"": 1140}","{""PICKUP:COW"": 2, ""PICKUP:SHEEP"": 10, ""PICKUP:WHEAT"": 55, ""PLACE:COW"": 2, ""PLACE:SHEEP"": 10, ""PLANT:CARROT"": 14, ""PLANT:MELON"": 20, ""PLANT:STRAWBERRY"": 37, ""PLANT:WHEAT"": 42}","{""BUY_ANIMAL"": 7, ""BUY_LAND"": 2, ""BUY_PRODUCT"": 201, ""BUY_SEED"": 57, ""HIRE"": 321, ""SELL"": 173}","{""BUY_ANIMAL:COW"": 2, ""BUY_ANIMAL:SHEEP"": 10, ""BUY_PRODUCT:WHEAT"": 516, ""BUY_SEED:CARROT"": 16, ""BUY_SEED:MELON"": 20, ""BUY_SEED:STRAWBERRY"": 37, ""BUY_SEED:WHEAT"": 44, ""SELL:CARROT"": 36, ""SELL:FERTILIZER"": 257, ""SELL:MELON"": 113, ""SELL:MILK"": 65, ""SELL:STRAWBERRY"": 128, ""SELL:WHEAT"": 406, ""SELL:WOOL"": 200}"
v007b_idle_fertilizer,hamburger,2026,1,96765.0,145868.0,-49103.0,loss,DONE,DONE,1,719,0,0,0.878125,1.6781333999999999,2.065227060000004,2.6545,4.374282958000549,"{""BUILD_PASTURE"": 12, ""CARE"": 238, ""COLLECT_FERTILIZER"": 257, ""DIG"": 19, ""DROP"": 80, ""EAST"": 871, ""FEED"": 241, ""FERTILIZE"": 2, ""HARVEST"": 191, ""NORTH"": 1355, ""PASS"": 1685, ""PICKUP"": 67, ""PLACE"": 12, ""PLANT"": 109, ""SOUTH"": 1003, ""WATER"": 720, ""WEST"": 1118}","{""PICKUP:COW"": 2, ""PICKUP:SHEEP"": 10, ""PICKUP:WHEAT"": 55, ""PLACE:COW"": 2, ""PLACE:SHEEP"": 10, ""PLANT:CARROT"": 11, ""PLANT:MELON"": 20, ""PLANT:STRAWBERRY"": 37, ""PLANT:WHEAT"": 41}","{""BUY_ANIMAL"": 7, ""BUY_LAND"": 2, ""BUY_PRODUCT"": 191, ""BUY_SEED"": 51, ""HIRE"": 321, ""SELL"": 175}","{""BUY_ANIMAL:COW"": 2, ""BUY_ANIMAL:SHEEP"": 10, ""BUY_PRODUCT:WHEAT"": 516, ""BUY_SEED:CARROT"": 12, ""BUY_SEED:MELON"": 20, ""BUY_SEED:STRAWBERRY"": 37, ""BUY_SEED:WHEAT"": 42, ""SELL:CARROT"": 33, ""SELL:FERTILIZER"": 255, ""SELL:MELON"": 117, ""SELL:MILK"": 67, ""SELL:STRAWBERRY"": 126, ""SELL:WHEAT"": 403, ""SELL:WOOL"": 204}"
v007b_idle_fertilizer,random,17,0,133302.0,0.0,133302.0,win,DONE,DONE,1,719,0,0,0.713166,1.3528086000000001,1.6076211800000004,33.468375,2.7172649999993155,"{""BUILD_PASTURE"": 12, ""CARE"": 251, ""COLLECT_FERTILIZER"": 276, ""DIG"": 12, ""DROP"": 77, ""EAST"": 917, ""FEED"": 262, ""FERTILIZE"": 4, ""HARVEST"": 195, ""NORTH"": 1293, ""PASS"": 1827, ""PICKUP"": 65, ""PLACE"": 12, ""PLANT"": 98, ""SOUTH"": 869, ""WATER"": 680, ""WEST"": 1088}","{""PICKUP:COW"": 6, ""PICKUP:SHEEP"": 6, ""PICKUP:WHEAT"": 53, ""PLACE:COW"": 6, ""PLACE:SHEEP"": 6, ""PLANT:CARROT"": 10, ""PLANT:MELON"": 20, ""PLANT:STRAWBERRY"": 35, ""PLANT:WHEAT"": 33}","{""BUY_ANIMAL"": 6, ""BUY_LAND"": 2, ""BUY_PRODUCT"": 215, ""BUY_SEED"": 53, ""HIRE"": 319, ""SELL"": 177}","{""BUY_ANIMAL:COW"": 6, ""BUY_ANIMAL:SHEEP"": 6, ""BUY_PRODUCT:WHEAT"": 537, ""BUY_SEED:CARROT"": 13, ""BUY_SEED:MELON"": 20, ""BUY_SEED:STRAWBERRY"": 37, ""BUY_SEED:WHEAT"": 36, ""SELL:CARROT"": 24, ""SELL:FERTILIZER"": 272, ""SELL:MELON"": 120, ""SELL:MILK"": 158, ""SELL:STRAWBERRY"": 118, ""SELL:WHEAT"": 387, ""SELL:WOOL"": 147}"
v007b_idle_fertilizer,random,17,1,127442.0,0.0,127442.0,win,DONE,DONE,1,719,0,0,0.802083,1.4511295000000002,1.8442218800000005,33.351541,3.008341415999894,"{""BUILD_PASTURE"": 12, ""CARE"": 225, ""COLLECT_FERTILIZER"": 267, ""DIG"": 20, ""DROP"": 81, ""EAST"": 902, ""FEED"": 254, ""FERTILIZE"": 1, ""HARVEST"": 188, ""NORTH"": 1315, ""PASS"": 1746, ""PICKUP"": 67, ""PLACE"": 12, ""PLANT"": 99, ""SOUTH"": 976, ""WATER"": 702, ""WEST"": 1098}","{""PICKUP:COW"": 10, ""PICKUP:SHEEP"": 3, ""PICKUP:WHEAT"": 54, ""PLACE:COW"": 9, ""PLACE:SHEEP"": 3, ""PLANT:CARROT"": 8, ""PLANT:MELON"": 20, ""PLANT:STRAWBERRY"": 37, ""PLANT:WHEAT"": 34}","{""BUY_ANIMAL"": 7, ""BUY_LAND"": 2, ""BUY_PRODUCT"": 206, ""BUY_SEED"": 48, ""HIRE"": 320, ""SELL"": 181}","{""BUY_ANIMAL:COW"": 9, ""BUY_ANIMAL:SHEEP"": 3, ""BUY_PRODUCT:WHEAT"": 533, ""BUY_SEED:CARROT"": 11, ""BUY_SEED:MELON"": 20, ""BUY_SEED:STRAWBERRY"": 37, ""BUY_SEED:WHEAT"": 35, ""SELL:CARROT"": 24, ""SELL:FERTILIZER"": 266, ""SELL:MELON"": 118, ""SELL:MILK"": 211, ""SELL:STRAWBERRY"": 124, ""SELL:WHEAT"": 388, ""SELL:WOOL"": 76}"
v007b_idle_fertilizer,random,42,0,134207.0,0.0,134207.0,win,DONE,DONE,1,719,0,0,0.766708,1.4315622000000001,1.816385440000005,49.168292,2.871748916000797,"{""BUILD_PASTURE"": 12, ""CARE"": 241, ""COLLECT_FERTILIZER"": 267, ""DIG"": 25, ""DROP"": 83, ""EAST"": 866, ""FEED"": 253, ""FERTILIZE"": 1, ""HARVEST"": 186, ""NORTH"": 1253, ""PASS"": 1788, ""PICKUP"": 66, ""PLACE"": 12, ""PLANT"": 94, ""SOUTH"": 950, ""WATER"": 685, ""WEST"": 1118}","{""PICKUP:COW"": 9, ""PICKUP:SHEEP"": 3, ""PICKUP:WHEAT"": 54, ""PLACE:COW"": 9, ""PLACE:SHEEP"": 3, ""PLANT:CARROT"": 8, ""PLANT:MELON"": 20, ""PLANT:STRAWBERRY"": 37, ""PLANT:WHEAT"": 29}","{""BUY_ANIMAL"": 7, ""BUY_LAND"": 2, ""BUY_PRODUCT"": 202, ""BUY_SEED"": 50, ""HIRE"": 317, ""SELL"": 176}","{""BUY_ANIMAL:COW"": 9, ""BUY_ANIMAL:SHEEP"": 3, ""BUY_PRODUCT:WHEAT"": 524, ""BUY_SEED:CARROT"": 12, ""BUY_SEED:MELON"": 20, ""BUY_SEED:STRAWBERRY"": 37, ""BUY_SEED:WHEAT"": 37, ""SELL:CARROT"": 24, ""SELL:FERTILIZER"": 266, ""SELL:MELON"": 117, ""SELL:MILK"": 222, ""SELL:STRAWBERRY"": 121, ""SELL:WHEAT"": 366, ""SELL:WOOL"": 77}"
v007b_idle_fertilizer,random,42,1,132751.0,0.0,132751.0,win,DONE,DONE,1,719,0,0,0.761709,1.4246625000000002,1.6701225600000003,31.926292,2.837900541999261,"{""BUILD_PASTURE"": 12, ""CARE"": 237, ""COLLECT_FERTILIZER"": 272, ""DIG"": 22, ""DROP"": 89, ""EAST"": 852, ""FEED"": 251, ""FERTILIZE"": 1, ""HARVEST"": 186, ""NORTH"": 1271, ""PASS"": 1920, ""PICKUP"": 69, ""PLACE"": 12, ""PLANT"": 98, ""SOUTH"": 918, ""WATER"": 688, ""WEST"": 1090}","{""PICKUP:COW"": 9, ""PICKUP:SHEEP"": 4, ""PICKUP:WHEAT"": 56, ""PLACE:COW"": 9, ""PLACE:SHEEP"": 3, ""PLANT:CARROT"": 9, ""PLANT:MELON"": 20, ""PLANT:STRAWBERRY"": 37, ""PLANT:WHEAT"": 32}","{""BUY_ANIMAL"": 7, ""BUY_LAND"": 2, ""BUY_PRODUCT"": 202, ""BUY_SEED"": 49, ""HIRE"": 321, ""SELL"": 170}","{""BUY_ANIMAL:COW"": 9, ""BUY_ANIMAL:SHEEP"": 3, ""BUY_PRODUCT:WHEAT"": 530, ""BUY_SEED:CARROT"": 12, ""BUY_SEED:MELON"": 20, ""BUY_SEED:STRAWBERRY"": 37, ""BUY_SEED:WHEAT"": 37, ""SELL:CARROT"": 21, ""SELL:FERTILIZER"": 271, ""SELL:MELON"": 119, ""SELL:MILK"": 213, ""SELL:STRAWBERRY"": 125, ""SELL:WHEAT"": 369, ""SELL:WOOL"": 74}"
v007b_idle_fertilizer,random,217,0,114852.0,0.0,114852.0,win,DONE,DONE,1,719,0,0,0.806042,1.5117923,1.8346294400000005,32.75,2.9680685000021185,"{""BUILD_PASTURE"": 12, ""CARE"": 206, ""COLLECT_FERTILIZER"": 274, ""DIG"": 13, ""DROP"": 80, ""EAST"": 888, ""FEED"": 259, ""FERTILIZE"": 2, ""HARVEST"": 192, ""NORTH"": 1301, ""PASS"": 1781, ""PICKUP"": 67, ""PLACE"": 12, ""PLANT"": 103, ""SOUTH"": 1006, ""WATER"": 714, ""WEST"": 1134}","{""PICKUP:COW"": 7, ""PICKUP:SHEEP"": 6, ""PICKUP:WHEAT"": 54, ""PLACE:COW"": 7, ""PLACE:SHEEP"": 5, ""PLANT:CARROT"": 10, ""PLANT:MELON"": 20, ""PLANT:STRAWBERRY"": 38, ""PLANT:WHEAT"": 35}","{""BUY_ANIMAL"": 7, ""BUY_LAND"": 2, ""BUY_PRODUCT"": 188, ""BUY_SEED"": 56, ""HIRE"": 324, ""SELL"": 204}","{""BUY_ANIMAL:COW"": 7, ""BUY_ANIMAL:SHEEP"": 5, ""BUY_PRODUCT:WHEAT"": 536, ""BUY_SEED:CARROT"": 13, ""BUY_SEED:MELON"": 20, ""BUY_SEED:STRAWBERRY"": 38, ""BUY_SEED:WHEAT"": 37, ""SELL:CARROT"": 27, ""SELL:FERTILIZER"": 272, ""SELL:MELON"": 116, ""SELL:MILK"": 155, ""SELL:STRAWBERRY"": 122, ""SELL:WHEAT"": 397, ""SELL:WOOL"": 113}"
v007b_idle_fertilizer,random,217,1,123871.0,0.0,123871.0,win,DONE,DONE,1,719,0,0,0.826542,1.4703331000000002,1.7809019400000001,41.396417,3.009140292000666,"{""BUILD_PASTURE"": 12, ""CARE"": 244, ""COLLECT_FERTILIZER"": 267, ""DIG"": 26, ""DROP"": 80, ""EAST"": 912, ""FEED"": 249, ""FERTILIZE"": 3, ""HARVEST"": 190, ""NORTH"": 1311, ""PASS"": 1742, ""PICKUP"": 66, ""PLACE"": 12, ""PLANT"": 100, ""SOUTH"": 945, ""WATER"": 676, ""WEST"": 1130}","{""PICKUP:COW"": 9, ""PICKUP:SHEEP"": 3, ""PICKUP:WHEAT"": 54, ""PLACE:COW"": 9, ""PLACE:SHEEP"": 3, ""PLANT:CARROT"": 8, ""PLANT:MELON"": 20, ""PLANT:STRAWBERRY"": 37, ""PLANT:WHEAT"": 35}","{""BUY_ANIMAL"": 7, ""BUY_LAND"": 2, ""BUY_PRODUCT"": 198, ""BUY_SEED"": 47, ""HIRE"": 320, ""SELL"": 174}","{""BUY_ANIMAL:COW"": 9, ""BUY_ANIMAL:SHEEP"": 3, ""BUY_PRODUCT:WHEAT"": 511, ""BUY_SEED:CARROT"": 10, ""BUY_SEED:MELON"": 20, ""BUY_SEED:STRAWBERRY"": 37, ""BUY_SEED:WHEAT"": 37, ""SELL:CARROT"": 24, ""SELL:FERTILIZER"": 264, ""SELL:MELON"": 120, ""SELL:MILK"": 208, ""SELL:STRAWBERRY"": 128, ""SELL:WHEAT"": 354, ""SELL:WOOL"": 80}"
v007b_idle_fertilizer,random,317,0,133538.0,0.0,133538.0,win,DONE,DONE,1,719,0,0,0.818833,1.5323369000000004,1.9375324400000007,32.265208,2.998436915997445,"{""BUILD_PASTURE"": 12, ""CARE"": 248, ""COLLECT_FERTILIZER"": 266, ""DIG"": 20, ""DROP"": 74, ""EAST"": 862, ""FEED"": 261, ""FERTILIZE"": 2, ""HARVEST"": 196, ""NORTH"": 1276, ""PASS"": 1759, ""PICKUP"": 66, ""PLACE"": 12, ""PLANT"": 103, ""SOUTH"": 967, ""WATER"": 713, ""WEST"": 1101}","{""PICKUP:COW"": 6, ""PICKUP:SHEEP"": 6, ""PICKUP:WHEAT"": 54, ""PLACE:COW"": 6, ""PLACE:SHEEP"": 6, ""PLANT:CARROT"": 9, ""PLANT:MELON"": 20, ""PLANT:STRAWBERRY"": 37, ""PLANT:WHEAT"": 37}","{""BUY_ANIMAL"": 6, ""BUY_LAND"": 2, ""BUY_PRODUCT"": 204, ""BUY_SEED"": 57, ""HIRE"": 319, ""SELL"": 171}","{""BUY_ANIMAL:COW"": 6, ""BUY_ANIMAL:SHEEP"": 6, ""BUY_PRODUCT:WHEAT"": 534, ""BUY_SEED:CARROT"": 12, ""BUY_SEED:MELON"": 20, ""BUY_SEED:STRAWBERRY"": 37, ""BUY_SEED:WHEAT"": 40, ""SELL:CARROT"": 27, ""SELL:FERTILIZER"": 264, ""SELL:MELON"": 119, ""SELL:MILK"": 150, ""SELL:STRAWBERRY"": 126, ""SELL:WHEAT"": 379, ""SELL:WOOL"": 145}"
v007b_idle_fertilizer,random,317,1,136517.0,0.0,136517.0,win,DONE,DONE,1,719,0,0,0.835667,1.5400164,2.0175455000000104,37.672958,3.062244834000012,"{""BUILD_PASTURE"": 12, ""CARE"": 230, ""COLLECT_FERTILIZER"": 269, ""DIG"": 20, ""DROP"": 96, ""EAST"": 899, ""FEED"": 248, ""FERTILIZE"": 5, ""HARVEST"": 182, ""NORTH"": 1288, ""PASS"": 1844, ""PICKUP"": 69, ""PLACE"": 12, ""PLANT"": 99, ""SOUTH"": 943, ""WATER"": 665, ""WEST"": 1170}","{""PICKUP:COW"": 8, ""PICKUP:SHEEP"": 5, ""PICKUP:WHEAT"": 56, ""PLACE:COW"": 8, ""PLACE:SHEEP"": 4, ""PLANT:CARROT"": 10, ""PLANT:MELON"": 20, ""PLANT:STRAWBERRY"": 37, ""PLANT:WHEAT"": 32}","{""BUY_ANIMAL"": 8, ""BUY_LAND"": 2, ""BUY_PRODUCT"": 198, ""BUY_SEED"": 49, ""HIRE"": 324, ""SELL"": 181}","{""BUY_ANIMAL:COW"": 8, ""BUY_ANIMAL:SHEEP"": 4, ""BUY_PRODUCT:WHEAT"": 508, ""BUY_SEED:CARROT"": 10, ""BUY_SEED:MELON"": 20, ""BUY_SEED:STRAWBERRY"": 37, ""BUY_SEED:WHEAT"": 38, ""SELL:CARROT"": 18, ""SELL:FERTILIZER"": 264, ""SELL:MELON"": 116, ""SELL:MILK"": 197, ""SELL:STRAWBERRY"": 127, ""SELL:WHEAT"": 347, ""SELL:WOOL"": 94}"
v007b_idle_fertilizer,random,733,0,132194.0,0.0,132194.0,win,DONE,DONE,1,719,0,0,0.816209,1.5299041000000002,1.8836255000000004,31.846459,3.0645653329993365,"{""BUILD_PASTURE"": 12, ""CARE"": 223, ""COLLECT_FERTILIZER"": 271, ""DIG"": 15, ""DROP"": 77, ""EAST"": 872, ""FEED"": 251, ""FERTILIZE"": 4, ""HARVEST"": 194, ""NORTH"": 1308, ""PASS"": 1802, ""PICKUP"": 67, ""PLACE"": 12, ""PLANT"": 103, ""SOUTH"": 944, ""WATER"": 718, ""WEST"": 1112}","{""PICKUP:COW"": 10, ""PICKUP:SHEEP"": 3, ""PICKUP:WHEAT"": 54, ""PLACE:COW"": 9, ""PLACE:SHEEP"": 3, ""PLANT:CARROT"": 11, ""PLANT:MELON"": 20, ""PLANT:STRAWBERRY"": 37, ""PLANT:WHEAT"": 35}","{""BUY_ANIMAL"": 7, ""BUY_LAND"": 2, ""BUY_PRODUCT"": 212, ""BUY_SEED"": 47, ""HIRE"": 321, ""SELL"": 173}","{""BUY_ANIMAL:COW"": 9, ""BUY_ANIMAL:SHEEP"": 3, ""BUY_PRODUCT:WHEAT"": 527, ""BUY_SEED:CARROT"": 13, ""BUY_SEED:MELON"": 20, ""BUY_SEED:STRAWBERRY"": 37, ""BUY_SEED:WHEAT"": 36, ""SELL:CARROT"": 30, ""SELL:FERTILIZER"": 267, ""SELL:MELON"": 119, ""SELL:MILK"": 213, ""SELL:STRAWBERRY"": 125, ""SELL:WHEAT"": 394, ""SELL:WOOL"": 70}"
v007b_idle_fertilizer,random,733,1,128621.0,0.0,128621.0,win,DONE,DONE,1,719,0,0,0.870041,1.5865786,1.9133180600000044,34.896417,3.0903435830005037,"{""BUILD_PASTURE"": 12, ""CARE"": 242, ""COLLECT_FERTILIZER"": 268, ""DIG"": 12, ""DROP"": 79, ""EAST"": 912, ""FEED"": 252, ""FERTILIZE"": 2, ""HARVEST"": 188, ""NORTH"": 1303, ""PASS"": 1735, ""PICKUP"": 67, ""PLACE"": 12, ""PLANT"": 96, ""SOUTH"": 955, ""WATER"": 664, ""WEST"": 1159}","{""PICKUP:COW"": 6, ""PICKUP:SHEEP"": 6, ""PICKUP:WHEAT"": 55, ""PLACE:COW"": 6, ""PLACE:SHEEP"": 6, ""PLANT:CARROT"": 10, ""PLANT:MELON"": 20, ""PLANT:STRAWBERRY"": 37, ""PLANT:WHEAT"": 29}","{""BUY_ANIMAL"": 7, ""BUY_LAND"": 2, ""BUY_PRODUCT"": 193, ""BUY_SEED"": 54, ""HIRE"": 320, ""SELL"": 177}","{""BUY_ANIMAL:COW"": 6, ""BUY_ANIMAL:SHEEP"": 6, ""BUY_PRODUCT:WHEAT"": 512, ""BUY_SEED:CARROT"": 12, ""BUY_SEED:MELON"": 20, ""BUY_SEED:STRAWBERRY"": 37, ""BUY_SEED:WHEAT"": 40, ""SELL:CARROT"": 24, ""SELL:FERTILIZER"": 266, ""SELL:MELON"": 120, ""SELL:MILK"": 141, ""SELL:STRAWBERRY"": 129, ""SELL:WHEAT"": 362, ""SELL:WOOL"": 141}"
v007b_idle_fertilizer,random,2026,0,127434.0,0.0,127434.0,win,DONE,DONE,1,719,0,0,0.784792,1.4975464,1.7834494400000005,36.017167,3.0337502080001286,"{""BUILD_PASTURE"": 12, ""CARE"": 230, ""COLLECT_FERTILIZER"": 275, ""DIG"": 21, ""DROP"": 87, ""EAST"": 934, ""FEED"": 261, ""FERTILIZE"": 2, ""HARVEST"": 191, ""NORTH"": 1266, ""PASS"": 1775, ""PICKUP"": 66, ""PLACE"": 12, ""PLANT"": 104, ""SOUTH"": 926, ""WATER"": 727, ""WEST"": 1111}","{""PICKUP:COW"": 7, ""PICKUP:SHEEP"": 5, ""PICKUP:WHEAT"": 54, ""PLACE:COW"": 7, ""PLACE:SHEEP"": 5, ""PLANT:CARROT"": 9, ""PLANT:MELON"": 20, ""PLANT:STRAWBERRY"": 37, ""PLANT:WHEAT"": 38}","{""BUY_ANIMAL"": 7, ""BUY_LAND"": 2, ""BUY_PRODUCT"": 201, ""BUY_SEED"": 57, ""HIRE"": 322, ""SELL"": 190}","{""BUY_ANIMAL:COW"": 7, ""BUY_ANIMAL:SHEEP"": 5, ""BUY_PRODUCT:WHEAT"": 533, ""BUY_SEED:CARROT"": 13, ""BUY_SEED:MELON"": 20, ""BUY_SEED:STRAWBERRY"": 37, ""BUY_SEED:WHEAT"": 42, ""SELL:CARROT"": 24, ""SELL:FERTILIZER"": 273, ""SELL:MELON"": 119, ""SELL:MILK"": 174, ""SELL:STRAWBERRY"": 126, ""SELL:WHEAT"": 382, ""SELL:WOOL"": 125}"
v007b_idle_fertilizer,random,2026,1,126310.0,280.0,126030.0,win,DONE,DONE,1,719,0,0,0.798417,1.5055125000000003,1.827996440000001,22.119708,2.928582207998261,"{""BUILD_PASTURE"": 12, ""CARE"": 246, ""COLLECT_FERTILIZER"": 273, ""DIG"": 17, ""DROP"": 76, ""EAST"": 897, ""FEED"": 256, ""FERTILIZE"": 1, ""HARVEST"": 186, ""NORTH"": 1280, ""PASS"": 1869, ""PICKUP"": 66, ""PLACE"": 12, ""PLANT"": 92, ""SOUTH"": 941, ""WATER"": 676, ""WEST"": 1106}","{""PICKUP:COW"": 5, ""PICKUP:SHEEP"": 7, ""PICKUP:WHEAT"": 54, ""PLACE:COW"": 5, ""PLACE:SHEEP"": 7, ""PLANT:CARROT"": 7, ""PLANT:MELON"": 20, ""PLANT:STRAWBERRY"": 37, ""PLANT:WHEAT"": 28}","{""BUY_ANIMAL"": 7, ""BUY_LAND"": 2, ""BUY_PRODUCT"": 198, ""BUY_SEED"": 50, ""HIRE"": 322, ""SELL"": 171}","{""BUY_ANIMAL:COW"": 5, ""BUY_ANIMAL:SHEEP"": 7, ""BUY_PRODUCT:WHEAT"": 523, ""BUY_SEED:CARROT"": 11, ""BUY_SEED:MELON"": 20, ""BUY_SEED:STRAWBERRY"": 37, ""BUY_SEED:WHEAT"": 34, ""SELL:CARROT"": 21, ""SELL:FERTILIZER"": 272, ""SELL:MELON"": 119, ""SELL:MILK"": 118, ""SELL:STRAWBERRY"": 128, ""SELL:WHEAT"": 365, ""SELL:WOOL"": 172}"
v007b_idle_fertilizer,starter,17,0,135118.0,3485.0,131633.0,win,DONE,DONE,1,719,0,0,0.674542,1.2207667000000002,1.7353081800000003,3.489833,2.4373750000013388,"{""BUILD_PASTURE"": 12, ""CARE"": 236, ""COLLECT_FERTILIZER"": 266, ""DIG"": 22, ""DROP"": 82, ""EAST"": 907, ""FEED"": 258, ""FERTILIZE"": 1, ""HARVEST"": 193, ""NORTH"": 1257, ""PASS"": 1744, ""PICKUP"": 69, ""PLACE"": 12, ""PLANT"": 100, ""SOUTH"": 936, ""WATER"": 685, ""WEST"": 1161}","{""PICKUP:COW"": 9, ""PICKUP:SHEEP"": 4, ""PICKUP:WHEAT"": 56, ""PLACE:COW"": 9, ""PLACE:SHEEP"": 3, ""PLANT:CARROT"": 10, ""PLANT:MELON"": 20, ""PLANT:STRAWBERRY"": 37, ""PLANT:WHEAT"": 33}","{""BUY_ANIMAL"": 7, ""BUY_LAND"": 2, ""BUY_PRODUCT"": 192, ""BUY_SEED"": 51, ""HIRE"": 319, ""SELL"": 178}","{""BUY_ANIMAL:COW"": 9, ""BUY_ANIMAL:SHEEP"": 3, ""BUY_PRODUCT:WHEAT"": 529, ""BUY_SEED:CARROT"": 13, ""BUY_SEED:MELON"": 20, ""BUY_SEED:STRAWBERRY"": 37, ""BUY_SEED:WHEAT"": 36, ""SELL:CARROT"": 30, ""SELL:FERTILIZER"": 265, ""SELL:MELON"": 115, ""SELL:MILK"": 217, ""SELL:STRAWBERRY"": 125, ""SELL:WHEAT"": 372, ""SELL:WOOL"": 81}"
v007b_idle_fertilizer,starter,17,1,132730.0,3485.0,129245.0,win,DONE,DONE,1,719,0,0,0.66175,1.2093875000000003,1.4968005600000007,24.602083,2.397328709001158,"{""BUILD_PASTURE"": 12, ""CARE"": 241, ""COLLECT_FERTILIZER"": 269, ""DIG"": 13, ""DROP"": 89, ""EAST"": 891, ""FEED"": 249, ""FERTILIZE"": 2, ""HARVEST"": 192, ""NORTH"": 1276, ""PASS"": 1810, ""PICKUP"": 67, ""PLACE"": 12, ""PLANT"": 101, ""SOUTH"": 908, ""WATER"": 704, ""WEST"": 1147}","{""PICKUP:COW"": 7, ""PICKUP:SHEEP"": 6, ""PICKUP:WHEAT"": 54, ""PLACE:COW"": 7, ""PLACE:SHEEP"": 5, ""PLANT:CARROT"": 10, ""PLANT:MELON"": 20, ""PLANT:STRAWBERRY"": 37, ""PLANT:WHEAT"": 34}","{""BUY_ANIMAL"": 7, ""BUY_LAND"": 2, ""BUY_PRODUCT"": 197, ""BUY_SEED"": 54, ""HIRE"": 321, ""SELL"": 177}","{""BUY_ANIMAL:COW"": 7, ""BUY_ANIMAL:SHEEP"": 5, ""BUY_PRODUCT:WHEAT"": 522, ""BUY_SEED:CARROT"": 13, ""BUY_SEED:MELON"": 20, ""BUY_SEED:STRAWBERRY"": 37, ""BUY_SEED:WHEAT"": 37, ""SELL:CARROT"": 27, ""SELL:FERTILIZER"": 267, ""SELL:MELON"": 119, ""SELL:MILK"": 158, ""SELL:STRAWBERRY"": 126, ""SELL:WHEAT"": 375, ""SELL:WOOL"": 125}"
v007b_idle_fertilizer,starter,42,0,135186.0,3495.0,131691.0,win,DONE,DONE,1,719,0,0,0.637333,1.1892209000000002,1.5323714400000008,1.886292,2.3972899170003075,"{""BUILD_PASTURE"": 12, ""CARE"": 237, ""COLLECT_FERTILIZER"": 265, ""DIG"": 31, ""DROP"": 76, ""EAST"": 855, ""FEED"": 256, ""FERTILIZE"": 3, ""HARVEST"": 183, ""NORTH"": 1248, ""PASS"": 1796, ""PICKUP"": 65, ""PLACE"": 12, ""PLANT"": 94, ""SOUTH"": 983, ""WATER"": 671, ""WEST"": 1136}","{""PICKUP:COW"": 10, ""PICKUP:SHEEP"": 2, ""PICKUP:WHEAT"": 53, ""PLACE:COW"": 10, ""PLACE:SHEEP"": 2, ""PLANT:CARROT"": 7, ""PLANT:MELON"": 20, ""PLANT:STRAWBERRY"": 37, ""PLANT:WHEAT"": 30}","{""BUY_ANIMAL"": 6, ""BUY_LAND"": 2, ""BUY_PRODUCT"": 202, ""BUY_SEED"": 48, ""HIRE"": 318, ""SELL"": 173}","{""BUY_ANIMAL:COW"": 10, ""BUY_ANIMAL:SHEEP"": 2, ""BUY_PRODUCT:WHEAT"": 525, ""BUY_SEED:CARROT"": 11, ""BUY_SEED:MELON"": 20, ""BUY_SEED:STRAWBERRY"": 37, ""BUY_SEED:WHEAT"": 37, ""SELL:CARROT"": 21, ""SELL:FERTILIZER"": 262, ""SELL:MELON"": 118, ""SELL:MILK"": 233, ""SELL:STRAWBERRY"": 121, ""SELL:WHEAT"": 365, ""SELL:WOOL"": 67}"
v007b_idle_fertilizer,starter,42,1,133137.0,3497.0,129640.0,win,DONE,DONE,1,719,0,0,0.651542,1.2242709,1.584317560000004,23.309459,2.390445582997927,"{""BUILD_PASTURE"": 12, ""CARE"": 222, ""COLLECT_FERTILIZER"": 269, ""DIG"": 27, ""DROP"": 81, ""EAST"": 904, ""FEED"": 255, ""FERTILIZE"": 3, ""HARVEST"": 186, ""NORTH"": 1256, ""PASS"": 1709, ""PICKUP"": 66, ""PLACE"": 12, ""PLANT"": 99, ""SOUTH"": 967, ""WATER"": 694, ""WEST"": 1158}","{""PICKUP:COW"": 10, ""PICKUP:SHEEP"": 2, ""PICKUP:WHEAT"": 54, ""PLACE:COW"": 10, ""PLACE:SHEEP"": 2, ""PLANT:CARROT"": 9, ""PLANT:MELON"": 20, ""PLANT:STRAWBERRY"": 37, ""PLANT:WHEAT"": 33}","{""BUY_ANIMAL"": 6, ""BUY_LAND"": 2, ""BUY_PRODUCT"": 201, ""BUY_SEED"": 47, ""HIRE"": 318, ""SELL"": 170}","{""BUY_ANIMAL:COW"": 10, ""BUY_ANIMAL:SHEEP"": 2, ""BUY_PRODUCT:WHEAT"": 520, ""BUY_SEED:CARROT"": 12, ""BUY_SEED:MELON"": 20, ""BUY_SEED:STRAWBERRY"": 37, ""BUY_SEED:WHEAT"": 37, ""SELL:CARROT"": 24, ""SELL:FERTILIZER"": 266, ""SELL:MELON"": 112, ""SELL:MILK"": 226, ""SELL:STRAWBERRY"": 125, ""SELL:WHEAT"": 359, ""SELL:WOOL"": 56}"
v007b_idle_fertilizer,starter,217,0,127621.0,3495.0,124126.0,win,DONE,DONE,1,719,0,0,0.69075,1.2257578000000002,1.6166750600000004,21.245125,2.447167875001469,"{""BUILD_PASTURE"": 12, ""CARE"": 218, ""COLLECT_FERTILIZER"": 261, ""DIG"": 21, ""DROP"": 81, ""EAST"": 877, ""FEED"": 257, ""FERTILIZE"": 2, ""HARVEST"": 196, ""NORTH"": 1370, ""PASS"": 1677, ""PICKUP"": 67, ""PLACE"": 12, ""PLANT"": 106, ""SOUTH"": 1000, ""WATER"": 702, ""WEST"": 1150}","{""PICKUP:COW"": 10, ""PICKUP:SHEEP"": 3, ""PICKUP:WHEAT"": 54, ""PLACE:COW"": 9, ""PLACE:SHEEP"": 3, ""PLANT:CARROT"": 12, ""PLANT:MELON"": 20, ""PLANT:STRAWBERRY"": 37, ""PLANT:WHEAT"": 37}","{""BUY_ANIMAL"": 7, ""BUY_LAND"": 2, ""BUY_PRODUCT"": 198, ""BUY_SEED"": 47, ""HIRE"": 322, ""SELL"": 176}","{""BUY_ANIMAL:COW"": 9, ""BUY_ANIMAL:SHEEP"": 3, ""BUY_PRODUCT:WHEAT"": 534, ""BUY_SEED:CARROT"": 12, ""BUY_SEED:MELON"": 20, ""BUY_SEED:STRAWBERRY"": 37, ""BUY_SEED:WHEAT"": 37, ""SELL:CARROT"": 33, ""SELL:FERTILIZER"": 259, ""SELL:MELON"": 118, ""SELL:MILK"": 210, ""SELL:STRAWBERRY"": 124, ""SELL:WHEAT"": 398, ""SELL:WOOL"": 73}"
v007b_idle_fertilizer,starter,217,1,140683.0,3477.0,137206.0,win,DONE,DONE,1,719,0,0,0.669291,1.2545625,1.5005648800000002,1.83425,2.4445415420013887,"{""BUILD_PASTURE"": 12, ""CARE"": 243, ""COLLECT_FERTILIZER"": 270, ""DIG"": 23, ""DROP"": 93, ""EAST"": 925, ""FEED"": 255, ""FERTILIZE"": 2, ""HARVEST"": 191, ""NORTH"": 1314, ""PASS"": 1722, ""PICKUP"": 67, ""PLACE"": 12, ""PLANT"": 97, ""SOUTH"": 941, ""WATER"": 700, ""WEST"": 1147}","{""PICKUP:COW"": 9, ""PICKUP:SHEEP"": 4, ""PICKUP:WHEAT"": 54, ""PLACE:COW"": 8, ""PLACE:SHEEP"": 4, ""PLANT:CARROT"": 11, ""PLANT:MELON"": 20, ""PLANT:STRAWBERRY"": 37, ""PLANT:WHEAT"": 29}","{""BUY_ANIMAL"": 6, ""BUY_LAND"": 2, ""BUY_PRODUCT"": 212, ""BUY_SEED"": 45, ""HIRE"": 322, ""SELL"": 186}","{""BUY_ANIMAL:COW"": 8, ""BUY_ANIMAL:SHEEP"": 4, ""BUY_PRODUCT:WHEAT"": 520, ""BUY_SEED:CARROT"": 11, ""BUY_SEED:MELON"": 20, ""BUY_SEED:STRAWBERRY"": 37, ""BUY_SEED:WHEAT"": 33, ""SELL:CARROT"": 25, ""SELL:FERTILIZER"": 268, ""SELL:MELON"": 120, ""SELL:MILK"": 207, ""SELL:STRAWBERRY"": 122, ""SELL:WHEAT"": 374, ""SELL:WOOL"": 98}"
v007b_idle_fertilizer,starter,317,0,125764.0,3483.0,122281.0,win,DONE,DONE,1,719,0,0,0.677458,1.2594048000000002,1.5350549400000015,2.097917,2.5114355830010027,"{""BUILD_PASTURE"": 12, ""CARE"": 234, ""COLLECT_FERTILIZER"": 272, ""DIG"": 11, ""DROP"": 74, ""EAST"": 873, ""FEED"": 252, ""FERTILIZE"": 6, ""HARVEST"": 192, ""NORTH"": 1324, ""PASS"": 1798, ""PICKUP"": 67, ""PLACE"": 12, ""PLANT"": 100, ""SOUTH"": 986, ""WATER"": 688, ""WEST"": 1105}","{""PICKUP:COW"": 7, ""PICKUP:SHEEP"": 6, ""PICKUP:WHEAT"": 54, ""PLACE:COW"": 7, ""PLACE:SHEEP"": 5, ""PLANT:CARROT"": 9, ""PLANT:MELON"": 20, ""PLANT:STRAWBERRY"": 37, ""PLANT:WHEAT"": 34}","{""BUY_ANIMAL"": 7, ""BUY_LAND"": 2, ""BUY_PRODUCT"": 204, ""BUY_SEED"": 44, ""HIRE"": 322, ""SELL"": 170}","{""BUY_ANIMAL:COW"": 7, ""BUY_ANIMAL:SHEEP"": 5, ""BUY_PRODUCT:WHEAT"": 525, ""BUY_SEED:CARROT"": 11, ""BUY_SEED:MELON"": 20, ""BUY_SEED:STRAWBERRY"": 37, ""BUY_SEED:WHEAT"": 35, ""SELL:CARROT"": 27, ""SELL:FERTILIZER"": 266, ""SELL:MELON"": 116, ""SELL:MILK"": 177, ""SELL:STRAWBERRY"": 123, ""SELL:WHEAT"": 385, ""SELL:WOOL"": 104}"
v007b_idle_fertilizer,starter,317,1,125764.0,3483.0,122281.0,win,DONE,DONE,1,719,0,0,0.701125,1.2962958000000002,1.59495056,1.785875,2.568816915998468,"{""BUILD_PASTURE"": 12, ""CARE"": 234, ""COLLECT_FERTILIZER"": 272, ""DIG"": 11, ""DROP"": 74, ""EAST"": 873, ""FEED"": 252, ""FERTILIZE"": 6, ""HARVEST"": 192, ""NORTH"": 1324, ""PASS"": 1797, ""PICKUP"": 67, ""PLACE"": 12, ""PLANT"": 100, ""SOUTH"": 986, ""WATER"": 688, ""WEST"": 1106}","{""PICKUP:COW"": 7, ""PICKUP:SHEEP"": 6, ""PICKUP:WHEAT"": 54, ""PLACE:COW"": 7, ""PLACE:SHEEP"": 5, ""PLANT:CARROT"": 9, ""PLANT:MELON"": 20, ""PLANT:STRAWBERRY"": 37, ""PLANT:WHEAT"": 34}","{""BUY_ANIMAL"": 7, ""BUY_LAND"": 2, ""BUY_PRODUCT"": 204, ""BUY_SEED"": 44, ""HIRE"": 322, ""SELL"": 170}","{""BUY_ANIMAL:COW"": 7, ""BUY_ANIMAL:SHEEP"": 5, ""BUY_PRODUCT:WHEAT"": 525, ""BUY_SEED:CARROT"": 11, ""BUY_SEED:MELON"": 20, ""BUY_SEED:STRAWBERRY"": 37, ""BUY_SEED:WHEAT"": 35, ""SELL:CARROT"": 27, ""SELL:FERTILIZER"": 266, ""SELL:MELON"": 116, ""SELL:MILK"": 177, ""SELL:STRAWBERRY"": 123, ""SELL:WHEAT"": 385, ""SELL:WOOL"": 104}"
v007b_idle_fertilizer,starter,733,0,136096.0,3507.0,132589.0,win,DONE,DONE,1,719,0,0,0.687375,1.3411785999999999,1.6243050600000004,2.227125,2.586384000001999,"{""BUILD_PASTURE"": 12, ""CARE"": 240, ""COLLECT_FERTILIZER"": 274, ""DIG"": 20, ""DROP"": 75, ""EAST"": 844, ""FEED"": 252, ""FERTILIZE"": 3, ""HARVEST"": 187, ""NORTH"": 1288, ""PASS"": 1900, ""PICKUP"": 66, ""PLACE"": 12, ""PLANT"": 94, ""SOUTH"": 908, ""WATER"": 685, ""WEST"": 1085}","{""PICKUP:COW"": 10, ""PICKUP:SHEEP"": 2, ""PICKUP:WHEAT"": 54, ""PLACE:COW"": 10, ""PLACE:SHEEP"": 2, ""PLANT:CARROT"": 8, ""PLANT:MELON"": 20, ""PLANT:STRAWBERRY"": 37, ""PLANT:WHEAT"": 29}","{""BUY_ANIMAL"": 6, ""BUY_LAND"": 2, ""BUY_PRODUCT"": 207, ""BUY_SEED"": 46, ""HIRE"": 319, ""SELL"": 164}","{""BUY_ANIMAL:COW"": 10, ""BUY_ANIMAL:SHEEP"": 2, ""BUY_PRODUCT:WHEAT"": 527, ""BUY_SEED:CARROT"": 12, ""BUY_SEED:MELON"": 20, ""BUY_SEED:STRAWBERRY"": 37, ""BUY_SEED:WHEAT"": 35, ""SELL:CARROT"": 24, ""SELL:FERTILIZER"": 271, ""SELL:MELON"": 119, ""SELL:MILK"": 231, ""SELL:STRAWBERRY"": 122, ""SELL:WHEAT"": 377, ""SELL:WOOL"": 62}"
v007b_idle_fertilizer,starter,733,1,131601.0,3507.0,128094.0,win,DONE,DONE,1,719,0,0,0.715459,1.3442209,1.6043050000000005,48.843208,2.6837863749969983,"{""BUILD_PASTURE"": 12, ""CARE"": 235, ""COLLECT_FERTILIZER"": 272, ""DIG"": 15, ""DROP"": 80, ""EAST"": 890, ""FEED"": 248, ""FERTILIZE"": 4, ""HARVEST"": 187, ""NORTH"": 1294, ""PASS"": 1865, ""PICKUP"": 66, ""PLACE"": 12, ""PLANT"": 100, ""SOUTH"": 934, ""WATER"": 700, ""WEST"": 1097}","{""PICKUP:COW"": 10, ""PICKUP:SHEEP"": 2, ""PICKUP:WHEAT"": 54, ""PLACE:COW"": 10, ""PLACE:SHEEP"": 2, ""PLANT:CARROT"": 10, ""PLANT:MELON"": 20, ""PLANT:STRAWBERRY"": 37, ""PLANT:WHEAT"": 33}","{""BUY_ANIMAL"": 6, ""BUY_LAND"": 2, ""BUY_PRODUCT"": 207, ""BUY_SEED"": 47, ""HIRE"": 322, ""SELL"": 164}","{""BUY_ANIMAL:COW"": 10, ""BUY_ANIMAL:SHEEP"": 2, ""BUY_PRODUCT:WHEAT"": 520, ""BUY_SEED:CARROT"": 12, ""BUY_SEED:MELON"": 20, ""BUY_SEED:STRAWBERRY"": 37, ""BUY_SEED:WHEAT"": 36, ""SELL:CARROT"": 30, ""SELL:FERTILIZER"": 268, ""SELL:MELON"": 119, ""SELL:MILK"": 210, ""SELL:STRAWBERRY"": 122, ""SELL:WHEAT"": 376, ""SELL:WOOL"": 64}"
v007b_idle_fertilizer,starter,2026,0,130256.0,3493.0,126763.0,win,DONE,DONE,1,719,0,0,0.662542,1.2313955,1.4634288200000003,1.951667,2.4727824590008822,"{""BUILD_PASTURE"": 12, ""CARE"": 233, ""COLLECT_FERTILIZER"": 268, ""DIG"": 19, ""DROP"": 77, ""EAST"": 922, ""FEED"": 257, ""FERTILIZE"": 2, ""HARVEST"": 192, ""NORTH"": 1307, ""PASS"": 1764, ""PICKUP"": 69, ""PLACE"": 12, ""PLANT"": 104, ""SOUTH"": 961, ""WATER"": 711, ""WEST"": 1156}","{""PICKUP:COW"": 5, ""PICKUP:SHEEP"": 8, ""PICKUP:WHEAT"": 56, ""PLACE:COW"": 5, ""PLACE:SHEEP"": 7, ""PLANT:CARROT"": 10, ""PLANT:MELON"": 20, ""PLANT:STRAWBERRY"": 37, ""PLANT:WHEAT"": 37}","{""BUY_ANIMAL"": 7, ""BUY_LAND"": 2, ""BUY_PRODUCT"": 199, ""BUY_SEED"": 55, ""HIRE"": 325, ""SELL"": 181}","{""BUY_ANIMAL:COW"": 5, ""BUY_ANIMAL:SHEEP"": 7, ""BUY_PRODUCT:WHEAT"": 539, ""BUY_SEED:CARROT"": 12, ""BUY_SEED:MELON"": 20, ""BUY_SEED:STRAWBERRY"": 37, ""BUY_SEED:WHEAT"": 39, ""SELL:CARROT"": 30, ""SELL:FERTILIZER"": 266, ""SELL:MELON"": 118, ""SELL:MILK"": 121, ""SELL:STRAWBERRY"": 127, ""SELL:WHEAT"": 388, ""SELL:WOOL"": 169}"
v007b_idle_fertilizer,starter,2026,1,129270.0,3493.0,125777.0,win,DONE,DONE,1,719,0,0,0.657959,1.2106789,1.4718094400000017,19.690584,2.40081199999986,"{""BUILD_PASTURE"": 12, ""CARE"": 231, ""COLLECT_FERTILIZER"": 269, ""DIG"": 29, ""DROP"": 76, ""EAST"": 916, ""FEED"": 255, ""FERTILIZE"": 1, ""HARVEST"": 187, ""NORTH"": 1325, ""PASS"": 1784, ""PICKUP"": 68, ""PLACE"": 12, ""PLANT"": 99, ""SOUTH"": 933, ""WATER"": 709, ""WEST"": 1091}","{""PICKUP:COW"": 5, ""PICKUP:SHEEP"": 8, ""PICKUP:WHEAT"": 55, ""PLACE:COW"": 5, ""PLACE:SHEEP"": 7, ""PLANT:CARROT"": 9, ""PLANT:MELON"": 20, ""PLANT:STRAWBERRY"": 37, ""PLANT:WHEAT"": 33}","{""BUY_ANIMAL"": 7, ""BUY_LAND"": 2, ""BUY_PRODUCT"": 207, ""BUY_SEED"": 56, ""HIRE"": 322, ""SELL"": 184}","{""BUY_ANIMAL:COW"": 5, ""BUY_ANIMAL:SHEEP"": 7, ""BUY_PRODUCT:WHEAT"": 522, ""BUY_SEED:CARROT"": 13, ""BUY_SEED:MELON"": 20, ""BUY_SEED:STRAWBERRY"": 37, ""BUY_SEED:WHEAT"": 39, ""SELL:CARROT"": 27, ""SELL:FERTILIZER"": 268, ""SELL:MELON"": 118, ""SELL:MILK"": 117, ""SELL:STRAWBERRY"": 127, ""SELL:WHEAT"": 370, ""SELL:WOOL"": 167}"
v007c_combined,hamburger,17,0,100388.0,150971.0,-50583.0,loss,DONE,DONE,1,719,0,0,0.839083,1.5634672,1.87526012,67.19175,4.303750667000713,"{""BUILD_PASTURE"": 12, ""CARE"": 224, ""COLLECT_FERTILIZER"": 270, ""DIG"": 15, ""DROP"": 77, ""EAST"": 916, ""FEED"": 242, ""FERTILIZE"": 2, ""HARVEST"": 195, ""NORTH"": 1298, ""PASS"": 1793, ""PICKUP"": 69, ""PLACE"": 12, ""PLANT"": 103, ""SOUTH"": 918, ""WATER"": 713, ""WEST"": 1118}","{""PICKUP:COW"": 9, ""PICKUP:SHEEP"": 3, ""PICKUP:WHEAT"": 57, ""PLACE:COW"": 9, ""PLACE:SHEEP"": 3, ""PLANT:CARROT"": 11, ""PLANT:MELON"": 20, ""PLANT:STRAWBERRY"": 37, ""PLANT:WHEAT"": 35}","{""BUY_ANIMAL"": 7, ""BUY_LAND"": 2, ""BUY_PRODUCT"": 188, ""BUY_SEED"": 46, ""HIRE"": 321, ""SELL"": 183}","{""BUY_ANIMAL:COW"": 9, ""BUY_ANIMAL:SHEEP"": 3, ""BUY_PRODUCT:WHEAT"": 521, ""BUY_SEED:CARROT"": 13, ""BUY_SEED:MELON"": 20, ""BUY_SEED:STRAWBERRY"": 37, ""BUY_SEED:WHEAT"": 37, ""SELL:CARROT"": 33, ""SELL:FERTILIZER"": 268, ""SELL:MELON"": 113, ""SELL:MILK"": 196, ""SELL:STRAWBERRY"": 124, ""SELL:WHEAT"": 405, ""SELL:WOOL"": 71}"
v007c_combined,hamburger,17,1,87175.0,135837.0,-48662.0,loss,DONE,DONE,1,719,0,0,0.807458,1.5437381000000001,1.9457323800000021,2.882958,4.211350500001572,"{""BUILD_PASTURE"": 12, ""CARE"": 200, ""COLLECT_FERTILIZER"": 272, ""DIG"": 21, ""DROP"": 67, ""EAST"": 852, ""FEED"": 251, ""HARVEST"": 170, ""NORTH"": 1251, ""PASS"": 1964, ""PICKUP"": 71, ""PLACE"": 12, ""PLANT"": 88, ""SOUTH"": 913, ""WATER"": 677, ""WEST"": 1092}","{""PICKUP:COW"": 8, ""PICKUP:SHEEP"": 4, ""PICKUP:WHEAT"": 59, ""PLACE:COW"": 8, ""PLACE:SHEEP"": 4, ""PLANT:CARROT"": 9, ""PLANT:MELON"": 20, ""PLANT:STRAWBERRY"": 37, ""PLANT:WHEAT"": 22}","{""BUY_ANIMAL"": 6, ""BUY_LAND"": 2, ""BUY_PRODUCT"": 194, ""BUY_SEED"": 51, ""HIRE"": 318, ""SELL"": 169}","{""BUY_ANIMAL:COW"": 8, ""BUY_ANIMAL:SHEEP"": 4, ""BUY_PRODUCT:WHEAT"": 522, ""BUY_SEED:CARROT"": 13, ""BUY_SEED:MELON"": 20, ""BUY_SEED:STRAWBERRY"": 37, ""BUY_SEED:WHEAT"": 34, ""SELL:CARROT"": 27, ""SELL:FERTILIZER"": 272, ""SELL:MELON"": 111, ""SELL:MILK"": 159, ""SELL:STRAWBERRY"": 125, ""SELL:WHEAT"": 349, ""SELL:WOOL"": 89}"
v007c_combined,hamburger,42,0,90453.0,135645.0,-45192.0,loss,DONE,DONE,1,719,0,0,0.829042,1.5915753000000001,2.06234862,63.790541,4.342222291998041,"{""BUILD_PASTURE"": 12, ""CARE"": 238, ""COLLECT_FERTILIZER"": 270, ""DIG"": 25, ""DROP"": 68, ""EAST"": 821, ""FEED"": 253, ""FERTILIZE"": 2, ""HARVEST"": 176, ""NORTH"": 1306, ""PASS"": 1741, ""PICKUP"": 71, ""PLACE"": 12, ""PLANT"": 94, ""SOUTH"": 983, ""WATER"": 689, ""WEST"": 1085}","{""PICKUP:COW"": 4, ""PICKUP:SHEEP"": 8, ""PICKUP:WHEAT"": 59, ""PLACE:COW"": 4, ""PLACE:SHEEP"": 8, ""PLANT:CARROT"": 7, ""PLANT:MELON"": 20, ""PLANT:STRAWBERRY"": 37, ""PLANT:WHEAT"": 30}","{""BUY_ANIMAL"": 6, ""BUY_LAND"": 2, ""BUY_PRODUCT"": 206, ""BUY_SEED"": 53, ""HIRE"": 315, ""SELL"": 172}","{""BUY_ANIMAL:COW"": 4, ""BUY_ANIMAL:SHEEP"": 8, ""BUY_PRODUCT:WHEAT"": 524, ""BUY_SEED:CARROT"": 11, ""BUY_SEED:MELON"": 20, ""BUY_SEED:STRAWBERRY"": 37, ""BUY_SEED:WHEAT"": 39, ""SELL:CARROT"": 21, ""SELL:FERTILIZER"": 268, ""SELL:MELON"": 114, ""SELL:MILK"": 110, ""SELL:STRAWBERRY"": 119, ""SELL:WHEAT"": 369, ""SELL:WOOL"": 174}"
v007c_combined,hamburger,42,1,94286.0,146490.0,-52204.0,loss,DONE,DONE,1,719,0,0,0.813792,1.5881164,1.8862043800000006,2.233125,4.285407958999713,"{""BUILD_PASTURE"": 12, ""CARE"": 237, ""COLLECT_FERTILIZER"": 270, ""DIG"": 30, ""DROP"": 79, ""EAST"": 826, ""FEED"": 249, ""FERTILIZE"": 4, ""HARVEST"": 176, ""NORTH"": 1265, ""PASS"": 1857, ""PICKUP"": 70, ""PLACE"": 12, ""PLANT"": 93, ""SOUTH"": 925, ""WATER"": 656, ""WEST"": 1087}","{""PICKUP:COW"": 4, ""PICKUP:SHEEP"": 8, ""PICKUP:WHEAT"": 58, ""PLACE:COW"": 4, ""PLACE:SHEEP"": 8, ""PLANT:CARROT"": 7, ""PLANT:MELON"": 20, ""PLANT:STRAWBERRY"": 37, ""PLANT:WHEAT"": 29}","{""BUY_ANIMAL"": 6, ""BUY_LAND"": 2, ""BUY_PRODUCT"": 204, ""BUY_SEED"": 50, ""HIRE"": 315, ""SELL"": 166}","{""BUY_ANIMAL:COW"": 4, ""BUY_ANIMAL:SHEEP"": 8, ""BUY_PRODUCT:WHEAT"": 521, ""BUY_SEED:CARROT"": 11, ""BUY_SEED:MELON"": 20, ""BUY_SEED:STRAWBERRY"": 37, ""BUY_SEED:WHEAT"": 40, ""SELL:CARROT"": 21, ""SELL:FERTILIZER"": 266, ""SELL:MELON"": 114, ""SELL:MILK"": 112, ""SELL:STRAWBERRY"": 119, ""SELL:WHEAT"": 370, ""SELL:WOOL"": 167}"
v007c_combined,hamburger,217,0,88711.0,148609.0,-59898.0,loss,DONE,DONE,1,719,0,0,0.880792,1.6172206,2.12418438,27.361625,4.500227415999689,"{""BUILD_PASTURE"": 12, ""CARE"": 201, ""COLLECT_FERTILIZER"": 272, ""DIG"": 20, ""DROP"": 71, ""EAST"": 838, ""FEED"": 253, ""HARVEST"": 181, ""NORTH"": 1337, ""PASS"": 1686, ""PICKUP"": 70, ""PLACE"": 12, ""PLANT"": 97, ""SOUTH"": 1021, ""WATER"": 717, ""WEST"": 1101}","{""PICKUP:COW"": 8, ""PICKUP:SHEEP"": 4, ""PICKUP:WHEAT"": 58, ""PLACE:COW"": 8, ""PLACE:SHEEP"": 4, ""PLANT:CARROT"": 11, ""PLANT:MELON"": 20, ""PLANT:STRAWBERRY"": 37, ""PLANT:WHEAT"": 29}","{""BUY_ANIMAL"": 7, ""BUY_LAND"": 2, ""BUY_PRODUCT"": 203, ""BUY_SEED"": 47, ""HIRE"": 317, ""SELL"": 176}","{""BUY_ANIMAL:COW"": 8, ""BUY_ANIMAL:SHEEP"": 4, ""BUY_PRODUCT:WHEAT"": 523, ""BUY_SEED:CARROT"": 14, ""BUY_SEED:MELON"": 20, ""BUY_SEED:STRAWBERRY"": 37, ""BUY_SEED:WHEAT"": 31, ""SELL:CARROT"": 30, ""SELL:FERTILIZER"": 272, ""SELL:MELON"": 114, ""SELL:MILK"": 145, ""SELL:STRAWBERRY"": 124, ""SELL:WHEAT"": 371, ""SELL:WOOL"": 104}"
v007c_combined,hamburger,217,1,82985.0,135686.0,-52701.0,loss,DONE,DONE,1,719,0,0,0.875125,1.6119875000000001,1.937529380000003,2.47475,4.4348658330018225,"{""BUILD_PASTURE"": 12, ""CARE"": 196, ""COLLECT_FERTILIZER"": 270, ""DIG"": 23, ""DROP"": 74, ""EAST"": 872, ""FEED"": 253, ""FERTILIZE"": 3, ""HARVEST"": 179, ""NORTH"": 1344, ""PASS"": 1673, ""PICKUP"": 70, ""PLACE"": 12, ""PLANT"": 97, ""SOUTH"": 988, ""WATER"": 716, ""WEST"": 1111}","{""PICKUP:COW"": 8, ""PICKUP:SHEEP"": 4, ""PICKUP:WHEAT"": 58, ""PLACE:COW"": 8, ""PLACE:SHEEP"": 4, ""PLANT:CARROT"": 10, ""PLANT:MELON"": 20, ""PLANT:STRAWBERRY"": 37, ""PLANT:WHEAT"": 30}","{""BUY_ANIMAL"": 7, ""BUY_LAND"": 2, ""BUY_PRODUCT"": 197, ""BUY_SEED"": 49, ""HIRE"": 317, ""SELL"": 189}","{""BUY_ANIMAL:COW"": 8, ""BUY_ANIMAL:SHEEP"": 4, ""BUY_PRODUCT:WHEAT"": 517, ""BUY_SEED:CARROT"": 14, ""BUY_SEED:MELON"": 20, ""BUY_SEED:STRAWBERRY"": 37, ""BUY_SEED:WHEAT"": 33, ""SELL:CARROT"": 27, ""SELL:FERTILIZER"": 267, ""SELL:MELON"": 114, ""SELL:MILK"": 148, ""SELL:STRAWBERRY"": 124, ""SELL:WHEAT"": 373, ""SELL:WOOL"": 92}"
v007c_combined,hamburger,317,0,97516.0,152639.0,-55123.0,loss,DONE,DONE,1,719,0,0,0.859708,1.5756125000000003,1.8552805000000008,5.292958,4.528122166000685,"{""BUILD_PASTURE"": 12, ""CARE"": 218, ""COLLECT_FERTILIZER"": 270, ""DIG"": 12, ""DROP"": 76, ""EAST"": 885, ""FEED"": 253, ""FERTILIZE"": 1, ""HARVEST"": 194, ""NORTH"": 1311, ""PASS"": 1770, ""PICKUP"": 69, ""PLACE"": 12, ""PLANT"": 104, ""SOUTH"": 944, ""WATER"": 734, ""WEST"": 1091}","{""PICKUP:COW"": 8, ""PICKUP:SHEEP"": 4, ""PICKUP:WHEAT"": 57, ""PLACE:COW"": 8, ""PLACE:SHEEP"": 4, ""PLANT:CARROT"": 11, ""PLANT:MELON"": 20, ""PLANT:STRAWBERRY"": 37, ""PLANT:WHEAT"": 36}","{""BUY_ANIMAL"": 8, ""BUY_LAND"": 2, ""BUY_PRODUCT"": 200, ""BUY_SEED"": 49, ""HIRE"": 320, ""SELL"": 168}","{""BUY_ANIMAL:COW"": 8, ""BUY_ANIMAL:SHEEP"": 4, ""BUY_PRODUCT:WHEAT"": 526, ""BUY_SEED:CARROT"": 14, ""BUY_SEED:MELON"": 20, ""BUY_SEED:STRAWBERRY"": 37, ""BUY_SEED:WHEAT"": 38, ""SELL:CARROT"": 33, ""SELL:FERTILIZER"": 269, ""SELL:MELON"": 108, ""SELL:MILK"": 174, ""SELL:STRAWBERRY"": 125, ""SELL:WHEAT"": 405, ""SELL:WOOL"": 103}"
v007c_combined,hamburger,317,1,97159.0,152602.0,-55443.0,loss,DONE,DONE,1,719,0,0,0.847625,1.5130872,1.7181568200000013,2.153583,4.284778875000484,"{""BUILD_PASTURE"": 12, ""CARE"": 219, ""COLLECT_FERTILIZER"": 270, ""DIG"": 11, ""DROP"": 77, ""EAST"": 883, ""FEED"": 253, ""FERTILIZE"": 1, ""HARVEST"": 193, ""NORTH"": 1291, ""PASS"": 1821, ""PICKUP"": 69, ""PLACE"": 12, ""PLANT"": 103, ""SOUTH"": 932, ""WATER"": 722, ""WEST"": 1087}","{""PICKUP:COW"": 8, ""PICKUP:SHEEP"": 4, ""PICKUP:WHEAT"": 57, ""PLACE:COW"": 8, ""PLACE:SHEEP"": 4, ""PLANT:CARROT"": 11, ""PLANT:MELON"": 20, ""PLANT:STRAWBERRY"": 37, ""PLANT:WHEAT"": 35}","{""BUY_ANIMAL"": 8, ""BUY_LAND"": 2, ""BUY_PRODUCT"": 201, ""BUY_SEED"": 49, ""HIRE"": 320, ""SELL"": 174}","{""BUY_ANIMAL:COW"": 8, ""BUY_ANIMAL:SHEEP"": 4, ""BUY_PRODUCT:WHEAT"": 524, ""BUY_SEED:CARROT"": 14, ""BUY_SEED:MELON"": 20, ""BUY_SEED:STRAWBERRY"": 37, ""BUY_SEED:WHEAT"": 38, ""SELL:CARROT"": 33, ""SELL:FERTILIZER"": 269, ""SELL:MELON"": 108, ""SELL:MILK"": 175, ""SELL:STRAWBERRY"": 125, ""SELL:WHEAT"": 392, ""SELL:WOOL"": 103}"
v007c_combined,hamburger,733,0,106145.0,169866.0,-63721.0,loss,DONE,DONE,1,719,0,0,0.763416,1.56945,2.693543060000005,25.92525,4.407277459002216,"{""BUILD_PASTURE"": 12, ""CARE"": 226, ""COLLECT_FERTILIZER"": 266, ""DIG"": 18, ""DROP"": 65, ""EAST"": 853, ""FEED"": 247, ""FERTILIZE"": 1, ""HARVEST"": 188, ""NORTH"": 1289, ""PASS"": 1866, ""PICKUP"": 67, ""PLACE"": 12, ""PLANT"": 104, ""SOUTH"": 914, ""WATER"": 714, ""WEST"": 1089}","{""PICKUP:COW"": 5, ""PICKUP:SHEEP"": 7, ""PICKUP:WHEAT"": 55, ""PLACE:COW"": 5, ""PLACE:SHEEP"": 7, ""PLANT:CARROT"": 13, ""PLANT:MELON"": 20, ""PLANT:STRAWBERRY"": 37, ""PLANT:WHEAT"": 34}","{""BUY_ANIMAL"": 8, ""BUY_LAND"": 2, ""BUY_PRODUCT"": 201, ""BUY_SEED"": 45, ""HIRE"": 319, ""SELL"": 162}","{""BUY_ANIMAL:COW"": 5, ""BUY_ANIMAL:SHEEP"": 7, ""BUY_PRODUCT:WHEAT"": 523, ""BUY_SEED:CARROT"": 13, ""BUY_SEED:MELON"": 20, ""BUY_SEED:STRAWBERRY"": 38, ""BUY_SEED:WHEAT"": 34, ""SELL:CARROT"": 39, ""SELL:FERTILIZER"": 265, ""SELL:MELON"": 104, ""SELL:MILK"": 111, ""SELL:STRAWBERRY"": 120, ""SELL:WHEAT"": 390, ""SELL:WOOL"": 163}"
v007c_combined,hamburger,733,1,103026.0,167564.0,-64538.0,loss,DONE,DONE,1,719,0,0,0.707,1.3007003000000001,1.5548388200000005,2.786834,3.66835495900159,"{""BUILD_PASTURE"": 12, ""CARE"": 235, ""COLLECT_FERTILIZER"": 264, ""DIG"": 19, ""DROP"": 76, ""EAST"": 936, ""FEED"": 242, ""FERTILIZE"": 1, ""HARVEST"": 192, ""NORTH"": 1342, ""PASS"": 1696, ""PICKUP"": 67, ""PLACE"": 12, ""PLANT"": 108, ""SOUTH"": 930, ""WATER"": 696, ""WEST"": 1149}","{""PICKUP:COW"": 5, ""PICKUP:SHEEP"": 7, ""PICKUP:WHEAT"": 55, ""PLACE:COW"": 5, ""PLACE:SHEEP"": 7, ""PLANT:CARROT"": 11, ""PLANT:MELON"": 20, ""PLANT:STRAWBERRY"": 39, ""PLANT:WHEAT"": 38}","{""BUY_ANIMAL"": 8, ""BUY_LAND"": 2, ""BUY_PRODUCT"": 201, ""BUY_SEED"": 48, ""HIRE"": 321, ""SELL"": 172}","{""BUY_ANIMAL:COW"": 5, ""BUY_ANIMAL:SHEEP"": 7, ""BUY_PRODUCT:WHEAT"": 519, ""BUY_SEED:CARROT"": 13, ""BUY_SEED:MELON"": 20, ""BUY_SEED:STRAWBERRY"": 39, ""BUY_SEED:WHEAT"": 38, ""SELL:CARROT"": 33, ""SELL:FERTILIZER"": 263, ""SELL:MELON"": 102, ""SELL:MILK"": 104, ""SELL:STRAWBERRY"": 124, ""SELL:WHEAT"": 397, ""SELL:WOOL"": 161}"
v007c_combined,hamburger,2026,0,102194.0,156835.0,-54641.0,loss,DONE,DONE,1,719,0,0,0.898666,1.652034,2.0258814400000014,22.99275,4.47032400000171,"{""BUILD_PASTURE"": 12, ""CARE"": 237, ""COLLECT_FERTILIZER"": 260, ""DIG"": 20, ""DROP"": 75, ""EAST"": 928, ""FEED"": 238, ""FERTILIZE"": 3, ""HARVEST"": 190, ""NORTH"": 1336, ""PASS"": 1673, ""PICKUP"": 67, ""PLACE"": 12, ""PLANT"": 113, ""SOUTH"": 945, ""WATER"": 730, ""WEST"": 1140}","{""PICKUP:COW"": 2, ""PICKUP:SHEEP"": 10, ""PICKUP:WHEAT"": 55, ""PLACE:COW"": 2, ""PLACE:SHEEP"": 10, ""PLANT:CARROT"": 14, ""PLANT:MELON"": 20, ""PLANT:STRAWBERRY"": 37, ""PLANT:WHEAT"": 42}","{""BUY_ANIMAL"": 7, ""BUY_LAND"": 2, ""BUY_PRODUCT"": 201, ""BUY_SEED"": 57, ""HIRE"": 321, ""SELL"": 173}","{""BUY_ANIMAL:COW"": 2, ""BUY_ANIMAL:SHEEP"": 10, ""BUY_PRODUCT:WHEAT"": 516, ""BUY_SEED:CARROT"": 16, ""BUY_SEED:MELON"": 20, ""BUY_SEED:STRAWBERRY"": 37, ""BUY_SEED:WHEAT"": 44, ""SELL:CARROT"": 36, ""SELL:FERTILIZER"": 257, ""SELL:MELON"": 113, ""SELL:MILK"": 65, ""SELL:STRAWBERRY"": 128, ""SELL:WHEAT"": 406, ""SELL:WOOL"": 200}"
v007c_combined,hamburger,2026,1,96765.0,145868.0,-49103.0,loss,DONE,DONE,1,719,0,0,0.865333,1.6335119000000002,1.926659560000002,2.57525,4.445182542000111,"{""BUILD_PASTURE"": 12, ""CARE"": 238, ""COLLECT_FERTILIZER"": 257, ""DIG"": 19, ""DROP"": 80, ""EAST"": 871, ""FEED"": 241, ""FERTILIZE"": 2, ""HARVEST"": 191, ""NORTH"": 1355, ""PASS"": 1685, ""PICKUP"": 67, ""PLACE"": 12, ""PLANT"": 109, ""SOUTH"": 1003, ""WATER"": 720, ""WEST"": 1118}","{""PICKUP:COW"": 2, ""PICKUP:SHEEP"": 10, ""PICKUP:WHEAT"": 55, ""PLACE:COW"": 2, ""PLACE:SHEEP"": 10, ""PLANT:CARROT"": 11, ""PLANT:MELON"": 20, ""PLANT:STRAWBERRY"": 37, ""PLANT:WHEAT"": 41}","{""BUY_ANIMAL"": 7, ""BUY_LAND"": 2, ""BUY_PRODUCT"": 191, ""BUY_SEED"": 51, ""HIRE"": 321, ""SELL"": 175}","{""BUY_ANIMAL:COW"": 2, ""BUY_ANIMAL:SHEEP"": 10, ""BUY_PRODUCT:WHEAT"": 516, ""BUY_SEED:CARROT"": 12, ""BUY_SEED:MELON"": 20, ""BUY_SEED:STRAWBERRY"": 37, ""BUY_SEED:WHEAT"": 42, ""SELL:CARROT"": 33, ""SELL:FERTILIZER"": 255, ""SELL:MELON"": 117, ""SELL:MILK"": 67, ""SELL:STRAWBERRY"": 126, ""SELL:WHEAT"": 403, ""SELL:WOOL"": 204}"
v007c_combined,random,17,0,135078.0,0.0,135078.0,win,DONE,DONE,1,719,0,0,0.792083,1.4301839,1.7865761200000003,3.562084,2.845918791001168,"{""BUILD_PASTURE"": 12, ""CARE"": 235, ""COLLECT_FERTILIZER"": 272, ""DIG"": 24, ""DROP"": 95, ""EAST"": 925, ""FEED"": 257, ""FERTILIZE"": 1, ""HARVEST"": 196, ""NORTH"": 1307, ""PASS"": 1699, ""PICKUP"": 69, ""PLACE"": 12, ""PLANT"": 102, ""SOUTH"": 943, ""WATER"": 691, ""WEST"": 1167}","{""PICKUP:COW"": 9, ""PICKUP:SHEEP"": 4, ""PICKUP:WHEAT"": 56, ""PLACE:COW"": 9, ""PLACE:SHEEP"": 3, ""PLANT:CARROT"": 11, ""PLANT:MELON"": 20, ""PLANT:STRAWBERRY"": 37, ""PLANT:WHEAT"": 34}","{""BUY_ANIMAL"": 7, ""BUY_LAND"": 2, ""BUY_PRODUCT"": 194, ""BUY_SEED"": 51, ""HIRE"": 322, ""SELL"": 188}","{""BUY_ANIMAL:COW"": 9, ""BUY_ANIMAL:SHEEP"": 3, ""BUY_PRODUCT:WHEAT"": 535, ""BUY_SEED:CARROT"": 13, ""BUY_SEED:MELON"": 20, ""BUY_SEED:STRAWBERRY"": 37, ""BUY_SEED:WHEAT"": 36, ""SELL:CARROT"": 33, ""SELL:FERTILIZER"": 271, ""SELL:MELON"": 115, ""SELL:MILK"": 216, ""SELL:STRAWBERRY"": 125, ""SELL:WHEAT"": 378, ""SELL:WOOL"": 80}"
v007c_combined,random,17,1,131336.0,0.0,131336.0,win,DONE,DONE,1,719,0,0,0.781625,1.4074839000000001,1.7113936200000008,2.82725,3.0478982499989797,"{""BUILD_PASTURE"": 12, ""CARE"": 238, ""COLLECT_FERTILIZER"": 273, ""DIG"": 12, ""DROP"": 87, ""EAST"": 870, ""FEED"": 250, ""FERTILIZE"": 1, ""HARVEST"": 193, ""NORTH"": 1263, ""PASS"": 1878, ""PICKUP"": 69, ""PLACE"": 12, ""PLANT"": 98, ""SOUTH"": 927, ""WATER"": 697, ""WEST"": 1109}","{""PICKUP:COW"": 9, ""PICKUP:SHEEP"": 4, ""PICKUP:WHEAT"": 56, ""PLACE:COW"": 9, ""PLACE:SHEEP"": 3, ""PLANT:CARROT"": 8, ""PLANT:MELON"": 20, ""PLANT:STRAWBERRY"": 37, ""PLANT:WHEAT"": 33}","{""BUY_ANIMAL"": 7, ""BUY_LAND"": 2, ""BUY_PRODUCT"": 192, ""BUY_SEED"": 48, ""HIRE"": 321, ""SELL"": 177}","{""BUY_ANIMAL:COW"": 9, ""BUY_ANIMAL:SHEEP"": 3, ""BUY_PRODUCT:WHEAT"": 526, ""BUY_SEED:CARROT"": 11, ""BUY_SEED:MELON"": 20, ""BUY_SEED:STRAWBERRY"": 37, ""BUY_SEED:WHEAT"": 35, ""SELL:CARROT"": 24, ""SELL:FERTILIZER"": 272, ""SELL:MELON"": 117, ""SELL:MILK"": 214, ""SELL:STRAWBERRY"": 125, ""SELL:WHEAT"": 387, ""SELL:WOOL"": 69}"
v007c_combined,random,42,0,132373.0,0.0,132373.0,win,DONE,DONE,1,719,0,0,0.738291,1.4366712,1.7328499400000013,2.320542,2.833004791998974,"{""BUILD_PASTURE"": 12, ""CARE"": 244, ""COLLECT_FERTILIZER"": 274, ""DIG"": 25, ""DROP"": 77, ""EAST"": 886, ""FEED"": 258, ""FERTILIZE"": 1, ""HARVEST"": 184, ""NORTH"": 1258, ""PASS"": 1840, ""PICKUP"": 67, ""PLACE"": 12, ""PLANT"": 92, ""SOUTH"": 893, ""WATER"": 665, ""WEST"": 1088}","{""PICKUP:COW"": 9, ""PICKUP:SHEEP"": 3, ""PICKUP:WHEAT"": 55, ""PLACE:COW"": 9, ""PLACE:SHEEP"": 3, ""PLANT:CARROT"": 9, ""PLANT:MELON"": 20, ""PLANT:STRAWBERRY"": 37, ""PLANT:WHEAT"": 26}","{""BUY_ANIMAL"": 7, ""BUY_LAND"": 2, ""BUY_PRODUCT"": 196, ""BUY_SEED"": 46, ""HIRE"": 316, ""SELL"": 176}","{""BUY_ANIMAL:COW"": 9, ""BUY_ANIMAL:SHEEP"": 3, ""BUY_PRODUCT:WHEAT"": 530, ""BUY_SEED:CARROT"": 12, ""BUY_SEED:MELON"": 20, ""BUY_SEED:STRAWBERRY"": 37, ""BUY_SEED:WHEAT"": 35, ""SELL:CARROT"": 21, ""SELL:FERTILIZER"": 273, ""SELL:MELON"": 119, ""SELL:MILK"": 220, ""SELL:STRAWBERRY"": 121, ""SELL:WHEAT"": 360, ""SELL:WOOL"": 79}"
v007c_combined,random,42,1,136728.0,0.0,136728.0,win,DONE,DONE,1,719,0,0,0.789917,1.4976666,1.7210524400000007,1.910458,2.9435010830020474,"{""BUILD_PASTURE"": 12, ""CARE"": 235, ""COLLECT_FERTILIZER"": 273, ""DIG"": 16, ""DROP"": 94, ""EAST"": 905, ""FEED"": 255, ""FERTILIZE"": 3, ""HARVEST"": 198, ""NORTH"": 1288, ""PASS"": 1767, ""PICKUP"": 68, ""PLACE"": 12, ""PLANT"": 100, ""SOUTH"": 961, ""WATER"": 697, ""WEST"": 1152}","{""PICKUP:COW"": 9, ""PICKUP:SHEEP"": 3, ""PICKUP:WHEAT"": 56, ""PLACE:COW"": 9, ""PLACE:SHEEP"": 3, ""PLANT:CARROT"": 10, ""PLANT:MELON"": 20, ""PLANT:STRAWBERRY"": 37, ""PLANT:WHEAT"": 33}","{""BUY_ANIMAL"": 7, ""BUY_LAND"": 2, ""BUY_PRODUCT"": 200, ""BUY_SEED"": 49, ""HIRE"": 323, ""SELL"": 181}","{""BUY_ANIMAL:COW"": 9, ""BUY_ANIMAL:SHEEP"": 3, ""BUY_PRODUCT:WHEAT"": 527, ""BUY_SEED:CARROT"": 11, ""BUY_SEED:MELON"": 20, ""BUY_SEED:STRAWBERRY"": 37, ""BUY_SEED:WHEAT"": 35, ""SELL:CARROT"": 30, ""SELL:FERTILIZER"": 270, ""SELL:MELON"": 114, ""SELL:MILK"": 222, ""SELL:STRAWBERRY"": 125, ""SELL:WHEAT"": 381, ""SELL:WOOL"": 71}"
v007c_combined,random,217,0,131504.0,0.0,131504.0,win,DONE,DONE,1,719,0,0,0.811584,1.5061131,1.862092620000001,2.576667,3.00522487499984,"{""BUILD_PASTURE"": 12, ""CARE"": 231, ""COLLECT_FERTILIZER"": 272, ""DIG"": 13, ""DROP"": 92, ""EAST"": 928, ""FEED"": 251, ""FERTILIZE"": 1, ""HARVEST"": 203, ""NORTH"": 1313, ""PASS"": 1754, ""PICKUP"": 66, ""PLACE"": 12, ""PLANT"": 102, ""SOUTH"": 932, ""WATER"": 711, ""WEST"": 1133}","{""PICKUP:COW"": 8, ""PICKUP:SHEEP"": 4, ""PICKUP:WHEAT"": 54, ""PLACE:COW"": 8, ""PLACE:SHEEP"": 4, ""PLANT:CARROT"": 11, ""PLANT:MELON"": 20, ""PLANT:STRAWBERRY"": 37, ""PLANT:WHEAT"": 34}","{""BUY_ANIMAL"": 8, ""BUY_LAND"": 2, ""BUY_PRODUCT"": 207, ""BUY_SEED"": 51, ""HIRE"": 323, ""SELL"": 187}","{""BUY_ANIMAL:COW"": 8, ""BUY_ANIMAL:SHEEP"": 4, ""BUY_PRODUCT:WHEAT"": 514, ""BUY_SEED:CARROT"": 12, ""BUY_SEED:MELON"": 20, ""BUY_SEED:STRAWBERRY"": 37, ""BUY_SEED:WHEAT"": 35, ""SELL:CARROT"": 33, ""SELL:FERTILIZER"": 271, ""SELL:MELON"": 119, ""SELL:MILK"": 193, ""SELL:STRAWBERRY"": 125, ""SELL:WHEAT"": 381, ""SELL:WOOL"": 97}"
v007c_combined,random,217,1,132242.0,0.0,132242.0,win,DONE,DONE,1,719,0,0,0.785458,1.5214878000000003,2.0088785600000048,48.523417,3.063000332997035,"{""BUILD_PASTURE"": 12, ""CARE"": 234, ""COLLECT_FERTILIZER"": 274, ""DIG"": 31, ""DROP"": 79, ""EAST"": 884, ""FEED"": 251, ""FERTILIZE"": 2, ""HARVEST"": 192, ""NORTH"": 1293, ""PASS"": 1787, ""PICKUP"": 67, ""PLACE"": 12, ""PLANT"": 101, ""SOUTH"": 924, ""WATER"": 714, ""WEST"": 1062}","{""PICKUP:COW"": 9, ""PICKUP:SHEEP"": 3, ""PICKUP:WHEAT"": 55, ""PLACE:COW"": 9, ""PLACE:SHEEP"": 3, ""PLANT:CARROT"": 10, ""PLANT:MELON"": 20, ""PLANT:STRAWBERRY"": 37, ""PLANT:WHEAT"": 34}","{""BUY_ANIMAL"": 7, ""BUY_LAND"": 2, ""BUY_PRODUCT"": 190, ""BUY_SEED"": 50, ""HIRE"": 318, ""SELL"": 176}","{""BUY_ANIMAL:COW"": 9, ""BUY_ANIMAL:SHEEP"": 3, ""BUY_PRODUCT:WHEAT"": 518, ""BUY_SEED:CARROT"": 14, ""BUY_SEED:MELON"": 20, ""BUY_SEED:STRAWBERRY"": 37, ""BUY_SEED:WHEAT"": 36, ""SELL:CARROT"": 30, ""SELL:FERTILIZER"": 272, ""SELL:MELON"": 118, ""SELL:MILK"": 215, ""SELL:STRAWBERRY"": 121, ""SELL:WHEAT"": 387, ""SELL:WOOL"": 72}"
v007c_combined,random,317,0,132475.0,0.0,132475.0,win,DONE,DONE,1,719,0,0,0.801292,1.5232959000000001,1.7817261200000003,34.945208,2.998475917000178,"{""BUILD_PASTURE"": 12, ""CARE"": 248, ""COLLECT_FERTILIZER"": 268, ""DIG"": 23, ""DROP"": 79, ""EAST"": 836, ""FEED"": 262, ""FERTILIZE"": 1, ""HARVEST"": 191, ""NORTH"": 1255, ""PASS"": 1874, ""PICKUP"": 66, ""PLACE"": 12, ""PLANT"": 93, ""SOUTH"": 945, ""WATER"": 677, ""WEST"": 1076}","{""PICKUP:COW"": 6, ""PICKUP:SHEEP"": 6, ""PICKUP:WHEAT"": 54, ""PLACE:COW"": 6, ""PLACE:SHEEP"": 6, ""PLANT:CARROT"": 8, ""PLANT:MELON"": 20, ""PLANT:STRAWBERRY"": 37, ""PLANT:WHEAT"": 28}","{""BUY_ANIMAL"": 6, ""BUY_LAND"": 2, ""BUY_PRODUCT"": 201, ""BUY_SEED"": 53, ""HIRE"": 318, ""SELL"": 178}","{""BUY_ANIMAL:COW"": 6, ""BUY_ANIMAL:SHEEP"": 6, ""BUY_PRODUCT:WHEAT"": 538, ""BUY_SEED:CARROT"": 12, ""BUY_SEED:MELON"": 20, ""BUY_SEED:STRAWBERRY"": 37, ""BUY_SEED:WHEAT"": 36, ""SELL:CARROT"": 24, ""SELL:FERTILIZER"": 267, ""SELL:MELON"": 119, ""SELL:MILK"": 154, ""SELL:STRAWBERRY"": 126, ""SELL:WHEAT"": 367, ""SELL:WOOL"": 146}"
v007c_combined,random,317,1,133844.0,0.0,133844.0,win,DONE,DONE,1,719,0,0,0.806875,1.4959667000000003,1.8817412600000034,32.995667,3.0189158339999267,"{""BUILD_PASTURE"": 12, ""CARE"": 232, ""COLLECT_FERTILIZER"": 266, ""DIG"": 16, ""DROP"": 75, ""EAST"": 957, ""FEED"": 256, ""FERTILIZE"": 4, ""HARVEST"": 201, ""NORTH"": 1281, ""PASS"": 1782, ""PICKUP"": 70, ""PLACE"": 12, ""PLANT"": 102, ""SOUTH"": 867, ""WATER"": 705, ""WEST"": 1140}","{""PICKUP:COW"": 7, ""PICKUP:SHEEP"": 5, ""PICKUP:WHEAT"": 58, ""PLACE:COW"": 7, ""PLACE:SHEEP"": 5, ""PLANT:CARROT"": 11, ""PLANT:MELON"": 20, ""PLANT:STRAWBERRY"": 37, ""PLANT:WHEAT"": 34}","{""BUY_ANIMAL"": 7, ""BUY_LAND"": 2, ""BUY_PRODUCT"": 210, ""BUY_SEED"": 50, ""HIRE"": 321, ""SELL"": 181}","{""BUY_ANIMAL:COW"": 7, ""BUY_ANIMAL:SHEEP"": 5, ""BUY_PRODUCT:WHEAT"": 541, ""BUY_SEED:CARROT"": 12, ""BUY_SEED:MELON"": 20, ""BUY_SEED:STRAWBERRY"": 37, ""BUY_SEED:WHEAT"": 35, ""SELL:CARROT"": 33, ""SELL:FERTILIZER"": 262, ""SELL:MELON"": 118, ""SELL:MILK"": 181, ""SELL:STRAWBERRY"": 125, ""SELL:WHEAT"": 393, ""SELL:WOOL"": 122}"
v007c_combined,random,733,0,132362.0,0.0,132362.0,win,DONE,DONE,1,719,0,0,0.814,1.5611958000000001,1.854687560000004,3.048083,3.0157624170024064,"{""BUILD_PASTURE"": 12, ""CARE"": 230, ""COLLECT_FERTILIZER"": 271, ""DIG"": 19, ""DROP"": 86, ""EAST"": 932, ""FEED"": 259, ""HARVEST"": 192, ""NORTH"": 1264, ""PASS"": 1768, ""PICKUP"": 69, ""PLACE"": 12, ""PLANT"": 99, ""SOUTH"": 907, ""WATER"": 696, ""WEST"": 1150}","{""PICKUP:COW"": 9, ""PICKUP:SHEEP"": 4, ""PICKUP:WHEAT"": 56, ""PLACE:COW"": 9, ""PLACE:SHEEP"": 3, ""PLANT:CARROT"": 10, ""PLANT:MELON"": 20, ""PLANT:STRAWBERRY"": 37, ""PLANT:WHEAT"": 32}","{""BUY_ANIMAL"": 7, ""BUY_LAND"": 2, ""BUY_PRODUCT"": 201, ""BUY_SEED"": 48, ""HIRE"": 320, ""SELL"": 173}","{""BUY_ANIMAL:COW"": 9, ""BUY_ANIMAL:SHEEP"": 3, ""BUY_PRODUCT:WHEAT"": 538, ""BUY_SEED:CARROT"": 12, ""BUY_SEED:MELON"": 20, ""BUY_SEED:STRAWBERRY"": 37, ""BUY_SEED:WHEAT"": 34, ""SELL:CARROT"": 30, ""SELL:FERTILIZER"": 271, ""SELL:MELON"": 117, ""SELL:MILK"": 218, ""SELL:STRAWBERRY"": 124, ""SELL:WHEAT"": 376, ""SELL:WOOL"": 68}"
v007c_combined,random,733,1,127224.0,20.0,127204.0,win,DONE,DONE,1,719,0,0,0.788875,1.5282589000000004,1.883437500000003,33.133042,3.1466144580008404,"{""BUILD_PASTURE"": 12, ""CARE"": 229, ""COLLECT_FERTILIZER"": 273, ""DIG"": 24, ""DROP"": 79, ""EAST"": 838, ""FEED"": 257, ""HARVEST"": 185, ""NORTH"": 1266, ""PASS"": 1873, ""PICKUP"": 67, ""PLACE"": 12, ""PLANT"": 99, ""SOUTH"": 933, ""WATER"": 702, ""WEST"": 1049}","{""PICKUP:COW"": 7, ""PICKUP:SHEEP"": 6, ""PICKUP:WHEAT"": 54, ""PLACE:COW"": 7, ""PLACE:SHEEP"": 5, ""PLANT:CARROT"": 9, ""PLANT:MELON"": 20, ""PLANT:STRAWBERRY"": 37, ""PLANT:WHEAT"": 33}","{""BUY_ANIMAL"": 7, ""BUY_LAND"": 2, ""BUY_PRODUCT"": 204, ""BUY_SEED"": 51, ""HIRE"": 317, ""SELL"": 177}","{""BUY_ANIMAL:COW"": 7, ""BUY_ANIMAL:SHEEP"": 5, ""BUY_PRODUCT:WHEAT"": 527, ""BUY_SEED:CARROT"": 13, ""BUY_SEED:MELON"": 20, ""BUY_SEED:STRAWBERRY"": 37, ""BUY_SEED:WHEAT"": 41, ""SELL:CARROT"": 24, ""SELL:FERTILIZER"": 273, ""SELL:MELON"": 116, ""SELL:MILK"": 175, ""SELL:STRAWBERRY"": 124, ""SELL:WHEAT"": 375, ""SELL:WOOL"": 110}"
v007c_combined,random,2026,0,128165.0,0.0,128165.0,win,DONE,DONE,1,719,0,0,0.782208,1.4596334000000002,1.8090511800000024,33.77625,2.996959957999934,"{""BUILD_PASTURE"": 12, ""CARE"": 239, ""COLLECT_FERTILIZER"": 271, ""DIG"": 19, ""DROP"": 83, ""EAST"": 917, ""FEED"": 244, ""FERTILIZE"": 2, ""HARVEST"": 191, ""NORTH"": 1326, ""PASS"": 1752, ""PICKUP"": 69, ""PLACE"": 12, ""PLANT"": 99, ""SOUTH"": 956, ""WATER"": 699, ""WEST"": 1140}","{""PICKUP:COW"": 9, ""PICKUP:SHEEP"": 4, ""PICKUP:WHEAT"": 56, ""PLACE:COW"": 9, ""PLACE:SHEEP"": 3, ""PLANT:CARROT"": 9, ""PLANT:MELON"": 20, ""PLANT:STRAWBERRY"": 37, ""PLANT:WHEAT"": 33}","{""BUY_ANIMAL"": 7, ""BUY_LAND"": 2, ""BUY_PRODUCT"": 193, ""BUY_SEED"": 48, ""HIRE"": 323, ""SELL"": 171}","{""BUY_ANIMAL:COW"": 9, ""BUY_ANIMAL:SHEEP"": 3, ""BUY_PRODUCT:WHEAT"": 494, ""BUY_SEED:CARROT"": 11, ""BUY_SEED:MELON"": 20, ""BUY_SEED:STRAWBERRY"": 37, ""BUY_SEED:WHEAT"": 35, ""SELL:CARROT"": 27, ""SELL:FERTILIZER"": 269, ""SELL:MELON"": 118, ""SELL:MILK"": 195, ""SELL:STRAWBERRY"": 125, ""SELL:WHEAT"": 349, ""SELL:WOOL"": 73}"
v007c_combined,random,2026,1,128899.0,0.0,128899.0,win,DONE,DONE,1,719,0,0,0.767958,1.4887084,1.8625643200000015,25.207583,2.9753952079990995,"{""BUILD_PASTURE"": 12, ""CARE"": 229, ""COLLECT_FERTILIZER"": 276, ""DIG"": 17, ""DROP"": 79, ""EAST"": 901, ""FEED"": 262, ""FERTILIZE"": 1, ""HARVEST"": 194, ""NORTH"": 1274, ""PASS"": 1719, ""PICKUP"": 66, ""PLACE"": 12, ""PLANT"": 100, ""SOUTH"": 962, ""WATER"": 712, ""WEST"": 1102}","{""PICKUP:COW"": 5, ""PICKUP:SHEEP"": 7, ""PICKUP:WHEAT"": 54, ""PLACE:COW"": 5, ""PLACE:SHEEP"": 7, ""PLANT:CARROT"": 9, ""PLANT:MELON"": 20, ""PLANT:STRAWBERRY"": 37, ""PLANT:WHEAT"": 34}","{""BUY_ANIMAL"": 7, ""BUY_LAND"": 2, ""BUY_PRODUCT"": 207, ""BUY_SEED"": 54, ""HIRE"": 318, ""SELL"": 186}","{""BUY_ANIMAL:COW"": 5, ""BUY_ANIMAL:SHEEP"": 7, ""BUY_PRODUCT:WHEAT"": 531, ""BUY_SEED:CARROT"": 13, ""BUY_SEED:MELON"": 20, ""BUY_SEED:STRAWBERRY"": 37, ""BUY_SEED:WHEAT"": 40, ""SELL:CARROT"": 27, ""SELL:FERTILIZER"": 275, ""SELL:MELON"": 120, ""SELL:MILK"": 123, ""SELL:STRAWBERRY"": 130, ""SELL:WHEAT"": 374, ""SELL:WOOL"": 165}"
v007c_combined,starter,17,0,135118.0,3485.0,131633.0,win,DONE,DONE,1,719,0,0,0.653667,1.2118795000000002,1.4518555600000003,3.004625,2.443492000002152,"{""BUILD_PASTURE"": 12, ""CARE"": 236, ""COLLECT_FERTILIZER"": 266, ""DIG"": 22, ""DROP"": 82, ""EAST"": 907, ""FEED"": 258, ""FERTILIZE"": 1, ""HARVEST"": 193, ""NORTH"": 1257, ""PASS"": 1744, ""PICKUP"": 69, ""PLACE"": 12, ""PLANT"": 100, ""SOUTH"": 936, ""WATER"": 685, ""WEST"": 1161}","{""PICKUP:COW"": 9, ""PICKUP:SHEEP"": 4, ""PICKUP:WHEAT"": 56, ""PLACE:COW"": 9, ""PLACE:SHEEP"": 3, ""PLANT:CARROT"": 10, ""PLANT:MELON"": 20, ""PLANT:STRAWBERRY"": 37, ""PLANT:WHEAT"": 33}","{""BUY_ANIMAL"": 7, ""BUY_LAND"": 2, ""BUY_PRODUCT"": 192, ""BUY_SEED"": 51, ""HIRE"": 319, ""SELL"": 178}","{""BUY_ANIMAL:COW"": 9, ""BUY_ANIMAL:SHEEP"": 3, ""BUY_PRODUCT:WHEAT"": 529, ""BUY_SEED:CARROT"": 13, ""BUY_SEED:MELON"": 20, ""BUY_SEED:STRAWBERRY"": 37, ""BUY_SEED:WHEAT"": 36, ""SELL:CARROT"": 30, ""SELL:FERTILIZER"": 265, ""SELL:MELON"": 115, ""SELL:MILK"": 217, ""SELL:STRAWBERRY"": 125, ""SELL:WHEAT"": 372, ""SELL:WOOL"": 81}"
v007c_combined,starter,17,1,132730.0,3485.0,129245.0,win,DONE,DONE,1,719,0,0,0.66575,1.1883289000000004,1.4246235000000005,27.679625,2.413476499998069,"{""BUILD_PASTURE"": 12, ""CARE"": 241, ""COLLECT_FERTILIZER"": 269, ""DIG"": 13, ""DROP"": 89, ""EAST"": 891, ""FEED"": 249, ""FERTILIZE"": 2, ""HARVEST"": 192, ""NORTH"": 1276, ""PASS"": 1810, ""PICKUP"": 67, ""PLACE"": 12, ""PLANT"": 101, ""SOUTH"": 908, ""WATER"": 704, ""WEST"": 1147}","{""PICKUP:COW"": 7, ""PICKUP:SHEEP"": 6, ""PICKUP:WHEAT"": 54, ""PLACE:COW"": 7, ""PLACE:SHEEP"": 5, ""PLANT:CARROT"": 10, ""PLANT:MELON"": 20, ""PLANT:STRAWBERRY"": 37, ""PLANT:WHEAT"": 34}","{""BUY_ANIMAL"": 7, ""BUY_LAND"": 2, ""BUY_PRODUCT"": 197, ""BUY_SEED"": 54, ""HIRE"": 321, ""SELL"": 177}","{""BUY_ANIMAL:COW"": 7, ""BUY_ANIMAL:SHEEP"": 5, ""BUY_PRODUCT:WHEAT"": 522, ""BUY_SEED:CARROT"": 13, ""BUY_SEED:MELON"": 20, ""BUY_SEED:STRAWBERRY"": 37, ""BUY_SEED:WHEAT"": 37, ""SELL:CARROT"": 27, ""SELL:FERTILIZER"": 267, ""SELL:MELON"": 119, ""SELL:MILK"": 158, ""SELL:STRAWBERRY"": 126, ""SELL:WHEAT"": 375, ""SELL:WOOL"": 125}"
v007c_combined,starter,42,0,135186.0,3495.0,131691.0,win,DONE,DONE,1,719,0,0,0.633042,1.1904619,1.4892911200000014,1.691667,2.404341834000661,"{""BUILD_PASTURE"": 12, ""CARE"": 237, ""COLLECT_FERTILIZER"": 265, ""DIG"": 31, ""DROP"": 76, ""EAST"": 855, ""FEED"": 256, ""FERTILIZE"": 3, ""HARVEST"": 183, ""NORTH"": 1248, ""PASS"": 1796, ""PICKUP"": 65, ""PLACE"": 12, ""PLANT"": 94, ""SOUTH"": 983, ""WATER"": 671, ""WEST"": 1136}","{""PICKUP:COW"": 10, ""PICKUP:SHEEP"": 2, ""PICKUP:WHEAT"": 53, ""PLACE:COW"": 10, ""PLACE:SHEEP"": 2, ""PLANT:CARROT"": 7, ""PLANT:MELON"": 20, ""PLANT:STRAWBERRY"": 37, ""PLANT:WHEAT"": 30}","{""BUY_ANIMAL"": 6, ""BUY_LAND"": 2, ""BUY_PRODUCT"": 202, ""BUY_SEED"": 48, ""HIRE"": 318, ""SELL"": 173}","{""BUY_ANIMAL:COW"": 10, ""BUY_ANIMAL:SHEEP"": 2, ""BUY_PRODUCT:WHEAT"": 525, ""BUY_SEED:CARROT"": 11, ""BUY_SEED:MELON"": 20, ""BUY_SEED:STRAWBERRY"": 37, ""BUY_SEED:WHEAT"": 37, ""SELL:CARROT"": 21, ""SELL:FERTILIZER"": 262, ""SELL:MELON"": 118, ""SELL:MILK"": 233, ""SELL:STRAWBERRY"": 121, ""SELL:WHEAT"": 365, ""SELL:WOOL"": 67}"
v007c_combined,starter,42,1,133137.0,3497.0,129640.0,win,DONE,DONE,1,719,0,0,0.653833,1.2036038,1.4387314400000009,26.278125,2.414993708000111,"{""BUILD_PASTURE"": 12, ""CARE"": 222, ""COLLECT_FERTILIZER"": 269, ""DIG"": 27, ""DROP"": 81, ""EAST"": 904, ""FEED"": 255, ""FERTILIZE"": 3, ""HARVEST"": 186, ""NORTH"": 1256, ""PASS"": 1709, ""PICKUP"": 66, ""PLACE"": 12, ""PLANT"": 99, ""SOUTH"": 967, ""WATER"": 694, ""WEST"": 1158}","{""PICKUP:COW"": 10, ""PICKUP:SHEEP"": 2, ""PICKUP:WHEAT"": 54, ""PLACE:COW"": 10, ""PLACE:SHEEP"": 2, ""PLANT:CARROT"": 9, ""PLANT:MELON"": 20, ""PLANT:STRAWBERRY"": 37, ""PLANT:WHEAT"": 33}","{""BUY_ANIMAL"": 6, ""BUY_LAND"": 2, ""BUY_PRODUCT"": 201, ""BUY_SEED"": 47, ""HIRE"": 318, ""SELL"": 170}","{""BUY_ANIMAL:COW"": 10, ""BUY_ANIMAL:SHEEP"": 2, ""BUY_PRODUCT:WHEAT"": 520, ""BUY_SEED:CARROT"": 12, ""BUY_SEED:MELON"": 20, ""BUY_SEED:STRAWBERRY"": 37, ""BUY_SEED:WHEAT"": 37, ""SELL:CARROT"": 24, ""SELL:FERTILIZER"": 266, ""SELL:MELON"": 112, ""SELL:MILK"": 226, ""SELL:STRAWBERRY"": 125, ""SELL:WHEAT"": 359, ""SELL:WOOL"": 56}"
v007c_combined,starter,217,0,127621.0,3495.0,124126.0,win,DONE,DONE,1,719,0,0,0.67725,1.2338294000000003,1.5305031200000023,25.911166,2.462052582999604,"{""BUILD_PASTURE"": 12, ""CARE"": 218, ""COLLECT_FERTILIZER"": 261, ""DIG"": 21, ""DROP"": 81, ""EAST"": 877, ""FEED"": 257, ""FERTILIZE"": 2, ""HARVEST"": 196, ""NORTH"": 1370, ""PASS"": 1677, ""PICKUP"": 67, ""PLACE"": 12, ""PLANT"": 106, ""SOUTH"": 1000, ""WATER"": 702, ""WEST"": 1150}","{""PICKUP:COW"": 10, ""PICKUP:SHEEP"": 3, ""PICKUP:WHEAT"": 54, ""PLACE:COW"": 9, ""PLACE:SHEEP"": 3, ""PLANT:CARROT"": 12, ""PLANT:MELON"": 20, ""PLANT:STRAWBERRY"": 37, ""PLANT:WHEAT"": 37}","{""BUY_ANIMAL"": 7, ""BUY_LAND"": 2, ""BUY_PRODUCT"": 198, ""BUY_SEED"": 47, ""HIRE"": 322, ""SELL"": 176}","{""BUY_ANIMAL:COW"": 9, ""BUY_ANIMAL:SHEEP"": 3, ""BUY_PRODUCT:WHEAT"": 534, ""BUY_SEED:CARROT"": 12, ""BUY_SEED:MELON"": 20, ""BUY_SEED:STRAWBERRY"": 37, ""BUY_SEED:WHEAT"": 37, ""SELL:CARROT"": 33, ""SELL:FERTILIZER"": 259, ""SELL:MELON"": 118, ""SELL:MILK"": 210, ""SELL:STRAWBERRY"": 124, ""SELL:WHEAT"": 398, ""SELL:WOOL"": 73}"
v007c_combined,starter,217,1,140683.0,3477.0,137206.0,win,DONE,DONE,1,719,0,0,0.685041,1.2487122000000002,1.5338601200000004,1.770959,2.474823499997001,"{""BUILD_PASTURE"": 12, ""CARE"": 243, ""COLLECT_FERTILIZER"": 270, ""DIG"": 23, ""DROP"": 93, ""EAST"": 925, ""FEED"": 255, ""FERTILIZE"": 2, ""HARVEST"": 191, ""NORTH"": 1314, ""PASS"": 1722, ""PICKUP"": 67, ""PLACE"": 12, ""PLANT"": 97, ""SOUTH"": 941, ""WATER"": 700, ""WEST"": 1147}","{""PICKUP:COW"": 9, ""PICKUP:SHEEP"": 4, ""PICKUP:WHEAT"": 54, ""PLACE:COW"": 8, ""PLACE:SHEEP"": 4, ""PLANT:CARROT"": 11, ""PLANT:MELON"": 20, ""PLANT:STRAWBERRY"": 37, ""PLANT:WHEAT"": 29}","{""BUY_ANIMAL"": 6, ""BUY_LAND"": 2, ""BUY_PRODUCT"": 212, ""BUY_SEED"": 45, ""HIRE"": 322, ""SELL"": 186}","{""BUY_ANIMAL:COW"": 8, ""BUY_ANIMAL:SHEEP"": 4, ""BUY_PRODUCT:WHEAT"": 520, ""BUY_SEED:CARROT"": 11, ""BUY_SEED:MELON"": 20, ""BUY_SEED:STRAWBERRY"": 37, ""BUY_SEED:WHEAT"": 33, ""SELL:CARROT"": 25, ""SELL:FERTILIZER"": 268, ""SELL:MELON"": 120, ""SELL:MILK"": 207, ""SELL:STRAWBERRY"": 122, ""SELL:WHEAT"": 374, ""SELL:WOOL"": 98}"
v007c_combined,starter,317,0,125764.0,3483.0,122281.0,win,DONE,DONE,1,719,0,0,0.67975,1.2940836999999998,1.5153645600000012,2.597667,2.5193744169991987,"{""BUILD_PASTURE"": 12, ""CARE"": 234, ""COLLECT_FERTILIZER"": 272, ""DIG"": 11, ""DROP"": 74, ""EAST"": 873, ""FEED"": 252, ""FERTILIZE"": 6, ""HARVEST"": 192, ""NORTH"": 1324, ""PASS"": 1798, ""PICKUP"": 67, ""PLACE"": 12, ""PLANT"": 100, ""SOUTH"": 986, ""WATER"": 688, ""WEST"": 1105}","{""PICKUP:COW"": 7, ""PICKUP:SHEEP"": 6, ""PICKUP:WHEAT"": 54, ""PLACE:COW"": 7, ""PLACE:SHEEP"": 5, ""PLANT:CARROT"": 9, ""PLANT:MELON"": 20, ""PLANT:STRAWBERRY"": 37, ""PLANT:WHEAT"": 34}","{""BUY_ANIMAL"": 7, ""BUY_LAND"": 2, ""BUY_PRODUCT"": 204, ""BUY_SEED"": 44, ""HIRE"": 322, ""SELL"": 170}","{""BUY_ANIMAL:COW"": 7, ""BUY_ANIMAL:SHEEP"": 5, ""BUY_PRODUCT:WHEAT"": 525, ""BUY_SEED:CARROT"": 11, ""BUY_SEED:MELON"": 20, ""BUY_SEED:STRAWBERRY"": 37, ""BUY_SEED:WHEAT"": 35, ""SELL:CARROT"": 27, ""SELL:FERTILIZER"": 266, ""SELL:MELON"": 116, ""SELL:MILK"": 177, ""SELL:STRAWBERRY"": 123, ""SELL:WHEAT"": 385, ""SELL:WOOL"": 104}"
v007c_combined,starter,317,1,125764.0,3483.0,122281.0,win,DONE,DONE,1,719,0,0,0.69525,1.2951458,1.6344214400000003,2.126083,2.580129958001635,"{""BUILD_PASTURE"": 12, ""CARE"": 234, ""COLLECT_FERTILIZER"": 272, ""DIG"": 11, ""DROP"": 74, ""EAST"": 873, ""FEED"": 252, ""FERTILIZE"": 6, ""HARVEST"": 192, ""NORTH"": 1324, ""PASS"": 1797, ""PICKUP"": 67, ""PLACE"": 12, ""PLANT"": 100, ""SOUTH"": 986, ""WATER"": 688, ""WEST"": 1106}","{""PICKUP:COW"": 7, ""PICKUP:SHEEP"": 6, ""PICKUP:WHEAT"": 54, ""PLACE:COW"": 7, ""PLACE:SHEEP"": 5, ""PLANT:CARROT"": 9, ""PLANT:MELON"": 20, ""PLANT:STRAWBERRY"": 37, ""PLANT:WHEAT"": 34}","{""BUY_ANIMAL"": 7, ""BUY_LAND"": 2, ""BUY_PRODUCT"": 204, ""BUY_SEED"": 44, ""HIRE"": 322, ""SELL"": 170}","{""BUY_ANIMAL:COW"": 7, ""BUY_ANIMAL:SHEEP"": 5, ""BUY_PRODUCT:WHEAT"": 525, ""BUY_SEED:CARROT"": 11, ""BUY_SEED:MELON"": 20, ""BUY_SEED:STRAWBERRY"": 37, ""BUY_SEED:WHEAT"": 35, ""SELL:CARROT"": 27, ""SELL:FERTILIZER"": 266, ""SELL:MELON"": 116, ""SELL:MILK"": 177, ""SELL:STRAWBERRY"": 123, ""SELL:WHEAT"": 385, ""SELL:WOOL"": 104}"
v007c_combined,starter,733,0,136096.0,3507.0,132589.0,win,DONE,DONE,1,719,0,0,0.698375,1.3240581000000002,1.720506940000002,3.480625,2.6055361659964547,"{""BUILD_PASTURE"": 12, ""CARE"": 240, ""COLLECT_FERTILIZER"": 274, ""DIG"": 20, ""DROP"": 75, ""EAST"": 844, ""FEED"": 252, ""FERTILIZE"": 3, ""HARVEST"": 187, ""NORTH"": 1288, ""PASS"": 1900, ""PICKUP"": 66, ""PLACE"": 12, ""PLANT"": 94, ""SOUTH"": 908, ""WATER"": 685, ""WEST"": 1085}","{""PICKUP:COW"": 10, ""PICKUP:SHEEP"": 2, ""PICKUP:WHEAT"": 54, ""PLACE:COW"": 10, ""PLACE:SHEEP"": 2, ""PLANT:CARROT"": 8, ""PLANT:MELON"": 20, ""PLANT:STRAWBERRY"": 37, ""PLANT:WHEAT"": 29}","{""BUY_ANIMAL"": 6, ""BUY_LAND"": 2, ""BUY_PRODUCT"": 207, ""BUY_SEED"": 46, ""HIRE"": 319, ""SELL"": 164}","{""BUY_ANIMAL:COW"": 10, ""BUY_ANIMAL:SHEEP"": 2, ""BUY_PRODUCT:WHEAT"": 527, ""BUY_SEED:CARROT"": 12, ""BUY_SEED:MELON"": 20, ""BUY_SEED:STRAWBERRY"": 37, ""BUY_SEED:WHEAT"": 35, ""SELL:CARROT"": 24, ""SELL:FERTILIZER"": 271, ""SELL:MELON"": 119, ""SELL:MILK"": 231, ""SELL:STRAWBERRY"": 122, ""SELL:WHEAT"": 377, ""SELL:WOOL"": 62}"
v007c_combined,starter,733,1,131601.0,3507.0,128094.0,win,DONE,DONE,1,719,0,0,0.709375,1.3319414,1.6475844400000021,2.535,2.683358207999845,"{""BUILD_PASTURE"": 12, ""CARE"": 235, ""COLLECT_FERTILIZER"": 272, ""DIG"": 15, ""DROP"": 80, ""EAST"": 890, ""FEED"": 248, ""FERTILIZE"": 4, ""HARVEST"": 187, ""NORTH"": 1294, ""PASS"": 1865, ""PICKUP"": 66, ""PLACE"": 12, ""PLANT"": 100, ""SOUTH"": 934, ""WATER"": 700, ""WEST"": 1097}","{""PICKUP:COW"": 10, ""PICKUP:SHEEP"": 2, ""PICKUP:WHEAT"": 54, ""PLACE:COW"": 10, ""PLACE:SHEEP"": 2, ""PLANT:CARROT"": 10, ""PLANT:MELON"": 20, ""PLANT:STRAWBERRY"": 37, ""PLANT:WHEAT"": 33}","{""BUY_ANIMAL"": 6, ""BUY_LAND"": 2, ""BUY_PRODUCT"": 207, ""BUY_SEED"": 47, ""HIRE"": 322, ""SELL"": 164}","{""BUY_ANIMAL:COW"": 10, ""BUY_ANIMAL:SHEEP"": 2, ""BUY_PRODUCT:WHEAT"": 520, ""BUY_SEED:CARROT"": 12, ""BUY_SEED:MELON"": 20, ""BUY_SEED:STRAWBERRY"": 37, ""BUY_SEED:WHEAT"": 36, ""SELL:CARROT"": 30, ""SELL:FERTILIZER"": 268, ""SELL:MELON"": 119, ""SELL:MILK"": 210, ""SELL:STRAWBERRY"": 122, ""SELL:WHEAT"": 376, ""SELL:WOOL"": 64}"
v007c_combined,starter,2026,0,130256.0,3493.0,126763.0,win,DONE,DONE,1,719,0,0,0.662416,1.2543416,1.482838820000001,8.371958,2.491902249999839,"{""BUILD_PASTURE"": 12, ""CARE"": 233, ""COLLECT_FERTILIZER"": 268, ""DIG"": 19, ""DROP"": 77, ""EAST"": 922, ""FEED"": 257, ""FERTILIZE"": 2, ""HARVEST"": 192, ""NORTH"": 1307, ""PASS"": 1764, ""PICKUP"": 69, ""PLACE"": 12, ""PLANT"": 104, ""SOUTH"": 961, ""WATER"": 711, ""WEST"": 1156}","{""PICKUP:COW"": 5, ""PICKUP:SHEEP"": 8, ""PICKUP:WHEAT"": 56, ""PLACE:COW"": 5, ""PLACE:SHEEP"": 7, ""PLANT:CARROT"": 10, ""PLANT:MELON"": 20, ""PLANT:STRAWBERRY"": 37, ""PLANT:WHEAT"": 37}","{""BUY_ANIMAL"": 7, ""BUY_LAND"": 2, ""BUY_PRODUCT"": 199, ""BUY_SEED"": 55, ""HIRE"": 325, ""SELL"": 181}","{""BUY_ANIMAL:COW"": 5, ""BUY_ANIMAL:SHEEP"": 7, ""BUY_PRODUCT:WHEAT"": 539, ""BUY_SEED:CARROT"": 12, ""BUY_SEED:MELON"": 20, ""BUY_SEED:STRAWBERRY"": 37, ""BUY_SEED:WHEAT"": 39, ""SELL:CARROT"": 30, ""SELL:FERTILIZER"": 266, ""SELL:MELON"": 118, ""SELL:MILK"": 121, ""SELL:STRAWBERRY"": 127, ""SELL:WHEAT"": 388, ""SELL:WOOL"": 169}"
v007c_combined,starter,2026,1,129270.0,3493.0,125777.0,win,DONE,DONE,1,719,0,0,0.655,1.1876295000000003,1.5285898800000004,19.760709,2.4185543749990757,"{""BUILD_PASTURE"": 12, ""CARE"": 231, ""COLLECT_FERTILIZER"": 269, ""DIG"": 29, ""DROP"": 76, ""EAST"": 916, ""FEED"": 255, ""FERTILIZE"": 1, ""HARVEST"": 187, ""NORTH"": 1325, ""PASS"": 1784, ""PICKUP"": 68, ""PLACE"": 12, ""PLANT"": 99, ""SOUTH"": 933, ""WATER"": 709, ""WEST"": 1091}","{""PICKUP:COW"": 5, ""PICKUP:SHEEP"": 8, ""PICKUP:WHEAT"": 55, ""PLACE:COW"": 5, ""PLACE:SHEEP"": 7, ""PLANT:CARROT"": 9, ""PLANT:MELON"": 20, ""PLANT:STRAWBERRY"": 37, ""PLANT:WHEAT"": 33}","{""BUY_ANIMAL"": 7, ""BUY_LAND"": 2, ""BUY_PRODUCT"": 207, ""BUY_SEED"": 56, ""HIRE"": 322, ""SELL"": 184}","{""BUY_ANIMAL:COW"": 5, ""BUY_ANIMAL:SHEEP"": 7, ""BUY_PRODUCT:WHEAT"": 522, ""BUY_SEED:CARROT"": 13, ""BUY_SEED:MELON"": 20, ""BUY_SEED:STRAWBERRY"": 37, ""BUY_SEED:WHEAT"": 39, ""SELL:CARROT"": 27, ""SELL:FERTILIZER"": 268, ""SELL:MELON"": 118, ""SELL:MILK"": 117, ""SELL:STRAWBERRY"": 127, ""SELL:WHEAT"": 370, ""SELL:WOOL"": 167}"
