actions,agent_errors,calls,candidate,candidate_money,candidate_status,done,margin,market,max_ms,opponent,opponent_money,opponent_status,p50_ms,p95_ms,p99_ms,result,seat,seed
"{'PASS': 812, 'PICKUP': 167, 'WEST': 978, 'NORTH': 904, 'BUILD_PASTURE': 14, 'PLACE': 14, 'PLANT': 158, 'WATER': 922, 'FEED': 314, 'CARE': 322, 'EAST': 740, 'COLLECT_FERTILIZER': 314, 'SOUTH': 638, 'DROP': 106, 'HARVEST': 374, 'FERTILIZE': 80, 'DIG': 43}",0,719,v025b,153025.0,DONE,1,41690.0,"{'HIRE': 277, 'BUY_ANIMAL': 8, 'BUY_SEED': 18, 'BUY_PRODUCT': 248, 'SELL': 337, 'BUY_LAND': 2}",0.345916,root,111335.0,DONE,0.115042,0.1405,0.265833,win,0,17
"{'PASS': 812, 'PICKUP': 167, 'WEST': 978, 'NORTH': 904, 'BUILD_PASTURE': 14, 'PLACE': 14, 'PLANT': 158, 'WATER': 922, 'FEED': 314, 'CARE': 322, 'EAST': 740, 'COLLECT_FERTILIZER': 314, 'SOUTH': 638, 'DROP': 106, 'HARVEST': 374, 'FERTILIZE': 80, 'DIG': 43}",0,719,v025b,153025.0,DONE,1,41690.0,"{'HIRE': 277, 'BUY_ANIMAL': 8, 'BUY_SEED': 18, 'BUY_PRODUCT': 248, 'SELL': 337, 'BUY_LAND': 2}",0.2165,root,111335.0,DONE,0.112875,0.132084,0.147625,win,1,17
"{'PASS': 812, 'PICKUP': 167, 'WEST': 978, 'NORTH': 904, 'BUILD_PASTURE': 14, 'PLACE': 14, 'PLANT': 158, 'WATER': 922, 'FEED': 314, 'CARE': 322, 'EAST': 740, 'COLLECT_FERTILIZER': 314, 'SOUTH': 638, 'DROP': 106, 'HARVEST': 374, 'FERTILIZE': 80, 'DIG': 43}",0,719,v025b,147724.0,DONE,1,39934.0,"{'HIRE': 277, 'BUY_ANIMAL': 8, 'BUY_SEED': 18, 'BUY_PRODUCT': 248, 'SELL': 337, 'BUY_LAND': 2}",0.497375,root,107790.0,DONE,0.116042,0.141792,0.271875,win,0,42
"{'PASS': 812, 'PICKUP': 167, 'WEST': 978, 'NORTH': 904, 'BUILD_PASTURE': 14, 'PLACE': 14, 'PLANT': 158, 'WATER': 922, 'FEED': 314, 'CARE': 322, 'EAST': 740, 'COLLECT_FERTILIZER': 314, 'SOUTH': 638, 'DROP': 106, 'HARVEST': 374, 'FERTILIZE': 80, 'DIG': 43}",0,719,v025b,150597.0,DONE,1,41355.0,"{'HIRE': 277, 'BUY_ANIMAL': 8, 'BUY_SEED': 18, 'BUY_PRODUCT': 248, 'SELL': 337, 'BUY_LAND': 2}",0.263917,root,109242.0,DONE,0.113917,0.131875,0.147125,win,1,42
"{'PASS': 812, 'PICKUP': 167, 'WEST': 978, 'NORTH': 904, 'BUILD_PASTURE': 14, 'PLACE': 14, 'PLANT': 158, 'WATER': 922, 'FEED': 314, 'CARE': 322, 'EAST': 740, 'COLLECT_FERTILIZER': 314, 'SOUTH': 638, 'DROP': 106, 'HARVEST': 374, 'FERTILIZE': 80, 'DIG': 43}",0,719,v025b,130550.0,DONE,1,39170.0,"{'HIRE': 277, 'BUY_ANIMAL': 8, 'BUY_SEED': 18, 'BUY_PRODUCT': 248, 'SELL': 335, 'BUY_LAND': 2}",0.387834,root,91380.0,DONE,0.115875,0.141375,0.168416,win,0,2026
"{'PASS': 812, 'PICKUP': 167, 'WEST': 978, 'NORTH': 904, 'BUILD_PASTURE': 14, 'PLACE': 14, 'PLANT': 158, 'WATER': 922, 'FEED': 314, 'CARE': 322, 'EAST': 740, 'COLLECT_FERTILIZER': 314, 'SOUTH': 638, 'DROP': 106, 'HARVEST': 374, 'FERTILIZE': 80, 'DIG': 43}",0,719,v025b,127330.0,DONE,1,36548.0,"{'HIRE': 277, 'BUY_ANIMAL': 8, 'BUY_SEED': 18, 'BUY_PRODUCT': 248, 'SELL': 336, 'BUY_LAND': 2}",0.2215,root,90782.0,DONE,0.113375,0.136083,0.147333,win,1,2026
"{'PASS': 812, 'PICKUP': 167, 'WEST': 978, 'NORTH': 904, 'BUILD_PASTURE': 14, 'PLACE': 14, 'PLANT': 158, 'WATER': 922, 'FEED': 314, 'CARE': 322, 'EAST': 740, 'COLLECT_FERTILIZER': 314, 'SOUTH': 638, 'DROP': 106, 'HARVEST': 374, 'FERTILIZE': 80, 'DIG': 43}",0,719,v025b,143695.0,DONE,1,45607.0,"{'HIRE': 277, 'BUY_ANIMAL': 8, 'BUY_SEED': 18, 'BUY_PRODUCT': 248, 'SELL': 337, 'BUY_LAND': 2}",0.34275,root,98088.0,DONE,0.112875,0.139209,0.195,win,0,217
"{'PASS': 812, 'PICKUP': 167, 'WEST': 978, 'NORTH': 904, 'BUILD_PASTURE': 14, 'PLACE': 14, 'PLANT': 158, 'WATER': 922, 'FEED': 314, 'CARE': 322, 'EAST': 740, 'COLLECT_FERTILIZER': 314, 'SOUTH': 638, 'DROP': 106, 'HARVEST': 374, 'FERTILIZE': 80, 'DIG': 43}",0,719,v025b,143695.0,DONE,1,45607.0,"{'HIRE': 277, 'BUY_ANIMAL': 8, 'BUY_SEED': 18, 'BUY_PRODUCT': 248, 'SELL': 337, 'BUY_LAND': 2}",0.292417,root,98088.0,DONE,0.11125,0.132167,0.14625,win,1,217
"{'PASS': 812, 'PICKUP': 167, 'WEST': 978, 'NORTH': 904, 'BUILD_PASTURE': 14, 'PLACE': 14, 'PLANT': 158, 'WATER': 922, 'FEED': 314, 'CARE': 322, 'EAST': 740, 'COLLECT_FERTILIZER': 314, 'SOUTH': 638, 'DROP': 106, 'HARVEST': 374, 'FERTILIZE': 80, 'DIG': 43}",0,719,v025b,155398.0,DONE,1,43496.0,"{'HIRE': 277, 'BUY_ANIMAL': 8, 'BUY_SEED': 18, 'BUY_PRODUCT': 248, 'SELL': 338, 'BUY_LAND': 2}",0.312666,root,111902.0,DONE,0.11425,0.141459,0.167792,win,0,317
"{'PASS': 812, 'PICKUP': 167, 'WEST': 978, 'NORTH': 904, 'BUILD_PASTURE': 14, 'PLACE': 14, 'PLANT': 158, 'WATER': 922, 'FEED': 314, 'CARE': 322, 'EAST': 740, 'COLLECT_FERTILIZER': 314, 'SOUTH': 638, 'DROP': 106, 'HARVEST': 374, 'FERTILIZE': 80, 'DIG': 43}",0,719,v025b,155398.0,DONE,1,43496.0,"{'HIRE': 277, 'BUY_ANIMAL': 8, 'BUY_SEED': 18, 'BUY_PRODUCT': 248, 'SELL': 338, 'BUY_LAND': 2}",0.23875,root,111902.0,DONE,0.112958,0.132709,0.152542,win,1,317
"{'PASS': 812, 'PICKUP': 167, 'WEST': 978, 'NORTH': 904, 'BUILD_PASTURE': 14, 'PLACE': 14, 'PLANT': 158, 'WATER': 922, 'FEED': 314, 'CARE': 322, 'EAST': 740, 'COLLECT_FERTILIZER': 314, 'SOUTH': 638, 'DROP': 106, 'HARVEST': 374, 'FERTILIZE': 80, 'DIG': 43}",0,719,v025b,151620.0,DONE,1,48751.0,"{'HIRE': 277, 'BUY_ANIMAL': 8, 'BUY_SEED': 18, 'BUY_PRODUCT': 248, 'SELL': 335, 'BUY_LAND': 2}",24.661125,root,102869.0,DONE,0.114958,0.142583,0.170667,win,0,733
"{'PASS': 812, 'PICKUP': 167, 'WEST': 978, 'NORTH': 904, 'BUILD_PASTURE': 14, 'PLACE': 14, 'PLANT': 158, 'WATER': 922, 'FEED': 314, 'CARE': 322, 'EAST': 740, 'COLLECT_FERTILIZER': 314, 'SOUTH': 638, 'DROP': 106, 'HARVEST': 374, 'FERTILIZE': 80, 'DIG': 43}",0,719,v025b,147008.0,DONE,1,45490.0,"{'HIRE': 277, 'BUY_ANIMAL': 8, 'BUY_SEED': 18, 'BUY_PRODUCT': 248, 'SELL': 335, 'BUY_LAND': 2}",0.199334,root,101518.0,DONE,0.112042,0.133417,0.148792,win,1,733
"{'PASS': 812, 'PICKUP': 167, 'WEST': 978, 'NORTH': 904, 'BUILD_PASTURE': 14, 'PLACE': 14, 'PLANT': 158, 'WATER': 922, 'FEED': 314, 'CARE': 322, 'EAST': 740, 'COLLECT_FERTILIZER': 314, 'SOUTH': 638, 'DROP': 106, 'HARVEST': 374, 'FERTILIZE': 80, 'DIG': 43}",0,719,v025b,114330.0,DONE,1,-3484.0,"{'HIRE': 277, 'BUY_ANIMAL': 8, 'BUY_SEED': 18, 'BUY_PRODUCT': 248, 'SELL': 335, 'BUY_LAND': 2}",0.313583,v012,117814.0,DONE,0.115917,0.142333,0.165208,loss,0,17
"{'PASS': 812, 'PICKUP': 167, 'WEST': 978, 'NORTH': 904, 'BUILD_PASTURE': 14, 'PLACE': 14, 'PLANT': 158, 'WATER': 922, 'FEED': 314, 'CARE': 322, 'EAST': 740, 'COLLECT_FERTILIZER': 314, 'SOUTH': 638, 'DROP': 106, 'HARVEST': 374, 'FERTILIZE': 80, 'DIG': 43}",0,719,v025b,114330.0,DONE,1,-3484.0,"{'HIRE': 277, 'BUY_ANIMAL': 8, 'BUY_SEED': 18, 'BUY_PRODUCT': 248, 'SELL': 335, 'BUY_LAND': 2}",0.310208,v012,117814.0,DONE,0.113792,0.136125,0.158458,loss,1,17
"{'PASS': 812, 'PICKUP': 167, 'WEST': 978, 'NORTH': 904, 'BUILD_PASTURE': 14, 'PLACE': 14, 'PLANT': 158, 'WATER': 922, 'FEED': 314, 'CARE': 322, 'EAST': 740, 'COLLECT_FERTILIZER': 314, 'SOUTH': 638, 'DROP': 106, 'HARVEST': 374, 'FERTILIZE': 80, 'DIG': 43}",0,719,v025b,84279.0,DONE,1,-11732.0,"{'HIRE': 277, 'BUY_ANIMAL': 8, 'BUY_SEED': 18, 'BUY_PRODUCT': 248, 'SELL': 334, 'BUY_LAND': 2}",0.363375,v012,96011.0,DONE,0.115833,0.14425,0.209958,loss,0,42
"{'PASS': 812, 'PICKUP': 167, 'WEST': 978, 'NORTH': 904, 'BUILD_PASTURE': 14, 'PLACE': 14, 'PLANT': 158, 'WATER': 922, 'FEED': 314, 'CARE': 322, 'EAST': 740, 'COLLECT_FERTILIZER': 314, 'SOUTH': 638, 'DROP': 106, 'HARVEST': 374, 'FERTILIZE': 80, 'DIG': 43}",0,719,v025b,84273.0,DONE,1,-11709.0,"{'HIRE': 277, 'BUY_ANIMAL': 8, 'BUY_SEED': 18, 'BUY_PRODUCT': 248, 'SELL': 334, 'BUY_LAND': 2}",0.319209,v012,95982.0,DONE,0.115709,0.141583,0.170333,loss,1,42
"{'PASS': 812, 'PICKUP': 167, 'WEST': 978, 'NORTH': 904, 'BUILD_PASTURE': 14, 'PLACE': 14, 'PLANT': 158, 'WATER': 922, 'FEED': 314, 'CARE': 322, 'EAST': 740, 'COLLECT_FERTILIZER': 314, 'SOUTH': 638, 'DROP': 106, 'HARVEST': 374, 'FERTILIZE': 80, 'DIG': 43}",0,719,v025b,108151.0,DONE,1,-5570.0,"{'HIRE': 277, 'BUY_ANIMAL': 8, 'BUY_SEED': 18, 'BUY_PRODUCT': 248, 'SELL': 337, 'BUY_LAND': 2}",0.326375,v012,113721.0,DONE,0.115666,0.141375,0.168708,loss,0,2026
"{'PASS': 812, 'PICKUP': 167, 'WEST': 978, 'NORTH': 904, 'BUILD_PASTURE': 14, 'PLACE': 14, 'PLANT': 158, 'WATER': 922, 'FEED': 314, 'CARE': 322, 'EAST': 740, 'COLLECT_FERTILIZER': 314, 'SOUTH': 638, 'DROP': 106, 'HARVEST': 374, 'FERTILIZE': 80, 'DIG': 43}",0,719,v025b,108040.0,DONE,1,-6259.0,"{'HIRE': 277, 'BUY_ANIMAL': 8, 'BUY_SEED': 18, 'BUY_PRODUCT': 248, 'SELL': 337, 'BUY_LAND': 2}",0.270916,v012,114299.0,DONE,0.115084,0.140167,0.160125,loss,1,2026
"{'PASS': 812, 'PICKUP': 167, 'WEST': 978, 'NORTH': 904, 'BUILD_PASTURE': 14, 'PLACE': 14, 'PLANT': 158, 'WATER': 922, 'FEED': 314, 'CARE': 322, 'EAST': 740, 'COLLECT_FERTILIZER': 314, 'SOUTH': 638, 'DROP': 106, 'HARVEST': 374, 'FERTILIZE': 80, 'DIG': 43}",0,719,v025b,161537.0,DONE,1,-2560.0,"{'HIRE': 277, 'BUY_ANIMAL': 8, 'BUY_SEED': 18, 'BUY_PRODUCT': 248, 'SELL': 337, 'BUY_LAND': 2}",41.765542,v012,164097.0,DONE,0.115209,0.145,0.249958,loss,0,217
"{'PASS': 812, 'PICKUP': 167, 'WEST': 978, 'NORTH': 904, 'BUILD_PASTURE': 14, 'PLACE': 14, 'PLANT': 158, 'WATER': 922, 'FEED': 314, 'CARE': 322, 'EAST': 740, 'COLLECT_FERTILIZER': 314, 'SOUTH': 638, 'DROP': 106, 'HARVEST': 374, 'FERTILIZE': 80, 'DIG': 43}",0,719,v025b,163477.0,DONE,1,-2664.0,"{'HIRE': 277, 'BUY_ANIMAL': 8, 'BUY_SEED': 18, 'BUY_PRODUCT': 248, 'SELL': 337, 'BUY_LAND': 2}",0.326959,v012,166141.0,DONE,0.115291,0.136167,0.164292,loss,1,217
"{'PASS': 812, 'PICKUP': 167, 'WEST': 978, 'NORTH': 904, 'BUILD_PASTURE': 14, 'PLACE': 14, 'PLANT': 158, 'WATER': 922, 'FEED': 314, 'CARE': 322, 'EAST': 740, 'COLLECT_FERTILIZER': 314, 'SOUTH': 638, 'DROP': 106, 'HARVEST': 374, 'FERTILIZE': 80, 'DIG': 43}",0,719,v025b,101907.0,DONE,1,-10128.0,"{'HIRE': 277, 'BUY_ANIMAL': 8, 'BUY_SEED': 18, 'BUY_PRODUCT': 248, 'SELL': 334, 'BUY_LAND': 2}",0.275292,v012,112035.0,DONE,0.11625,0.140791,0.1755,loss,0,317
"{'PASS': 812, 'PICKUP': 167, 'WEST': 978, 'NORTH': 904, 'BUILD_PASTURE': 14, 'PLACE': 14, 'PLANT': 158, 'WATER': 922, 'FEED': 314, 'CARE': 322, 'EAST': 740, 'COLLECT_FERTILIZER': 314, 'SOUTH': 638, 'DROP': 106, 'HARVEST': 374, 'FERTILIZE': 80, 'DIG': 43}",0,719,v025b,101908.0,DONE,1,-10021.0,"{'HIRE': 277, 'BUY_ANIMAL': 8, 'BUY_SEED': 18, 'BUY_PRODUCT': 248, 'SELL': 334, 'BUY_LAND': 2}",0.309,v012,111929.0,DONE,0.11525,0.142667,0.170625,loss,1,317
"{'PASS': 798, 'PICKUP': 166, 'WEST': 978, 'NORTH': 902, 'BUILD_PASTURE': 14, 'PLACE': 13, 'PLANT': 158, 'WATER': 922, 'FEED': 314, 'CARE': 322, 'EAST': 739, 'COLLECT_FERTILIZER': 312, 'SOUTH': 637, 'DROP': 106, 'HARVEST': 374, 'FERTILIZE': 80, 'DIG': 43}",0,719,v025b,123784.0,DONE,1,-10853.0,"{'HIRE': 277, 'BUY_ANIMAL': 8, 'BUY_SEED': 18, 'BUY_PRODUCT': 248, 'SELL': 336, 'BUY_LAND': 2}",0.323333,v012,134637.0,DONE,0.115708,0.143375,0.247417,loss,0,733
"{'PASS': 798, 'PICKUP': 166, 'WEST': 978, 'NORTH': 902, 'BUILD_PASTURE': 14, 'PLACE': 13, 'PLANT': 158, 'WATER': 922, 'FEED': 314, 'CARE': 322, 'EAST': 739, 'COLLECT_FERTILIZER': 312, 'SOUTH': 637, 'DROP': 106, 'HARVEST': 374, 'FERTILIZE': 80, 'DIG': 43}",0,719,v025b,123814.0,DONE,1,-11534.0,"{'HIRE': 277, 'BUY_ANIMAL': 8, 'BUY_SEED': 18, 'BUY_PRODUCT': 248, 'SELL': 336, 'BUY_LAND': 2}",0.230792,v012,135348.0,DONE,0.115416,0.140208,0.157875,loss,1,733
"{'PASS': 812, 'PICKUP': 167, 'WEST': 978, 'NORTH': 904, 'BUILD_PASTURE': 14, 'PLACE': 14, 'PLANT': 158, 'WATER': 922, 'FEED': 314, 'CARE': 322, 'EAST': 740, 'COLLECT_FERTILIZER': 314, 'SOUTH': 638, 'DROP': 106, 'HARVEST': 374, 'FERTILIZE': 80, 'DIG': 43}",0,719,v025b,101645.0,DONE,1,-5987.0,"{'HIRE': 277, 'BUY_ANIMAL': 8, 'BUY_SEED': 18, 'BUY_PRODUCT': 248, 'SELL': 337, 'BUY_LAND': 2}",0.302375,v022c,107632.0,DONE,0.116625,0.140917,0.167333,loss,0,17
"{'PASS': 812, 'PICKUP': 167, 'WEST': 978, 'NORTH': 904, 'BUILD_PASTURE': 14, 'PLACE': 14, 'PLANT': 158, 'WATER': 922, 'FEED': 314, 'CARE': 322, 'EAST': 740, 'COLLECT_FERTILIZER': 314, 'SOUTH': 638, 'DROP': 106, 'HARVEST': 374, 'FERTILIZE': 80, 'DIG': 43}",0,719,v025b,101645.0,DONE,1,-5987.0,"{'HIRE': 277, 'BUY_ANIMAL': 8, 'BUY_SEED': 18, 'BUY_PRODUCT': 248, 'SELL': 337, 'BUY_LAND': 2}",0.292333,v022c,107632.0,DONE,0.113,0.1345,0.151084,loss,1,17
"{'PASS': 812, 'PICKUP': 167, 'WEST': 978, 'NORTH': 904, 'BUILD_PASTURE': 14, 'PLACE': 14, 'PLANT': 158, 'WATER': 922, 'FEED': 314, 'CARE': 322, 'EAST': 740, 'COLLECT_FERTILIZER': 314, 'SOUTH': 638, 'DROP': 106, 'HARVEST': 374, 'FERTILIZE': 80, 'DIG': 43}",0,719,v025b,76261.0,DONE,1,-5586.0,"{'HIRE': 277, 'BUY_ANIMAL': 8, 'BUY_SEED': 18, 'BUY_PRODUCT': 248, 'SELL': 334, 'BUY_LAND': 2}",26.055209,v022c,81847.0,DONE,0.116541,0.141,0.193167,loss,0,42
"{'PASS': 812, 'PICKUP': 167, 'WEST': 978, 'NORTH': 904, 'BUILD_PASTURE': 14, 'PLACE': 14, 'PLANT': 158, 'WATER': 922, 'FEED': 314, 'CARE': 322, 'EAST': 740, 'COLLECT_FERTILIZER': 314, 'SOUTH': 638, 'DROP': 106, 'HARVEST': 374, 'FERTILIZE': 80, 'DIG': 43}",0,719,v025b,74707.0,DONE,1,-6065.0,"{'HIRE': 277, 'BUY_ANIMAL': 8, 'BUY_SEED': 18, 'BUY_PRODUCT': 248, 'SELL': 334, 'BUY_LAND': 2}",0.264833,v022c,80772.0,DONE,0.113334,0.134458,0.153625,loss,1,42
"{'PASS': 812, 'PICKUP': 167, 'WEST': 978, 'NORTH': 904, 'BUILD_PASTURE': 14, 'PLACE': 14, 'PLANT': 158, 'WATER': 922, 'FEED': 314, 'CARE': 322, 'EAST': 740, 'COLLECT_FERTILIZER': 314, 'SOUTH': 638, 'DROP': 106, 'HARVEST': 374, 'FERTILIZE': 80, 'DIG': 43}",0,719,v025b,99931.0,DONE,1,-2920.0,"{'HIRE': 277, 'BUY_ANIMAL': 8, 'BUY_SEED': 18, 'BUY_PRODUCT': 248, 'SELL': 337, 'BUY_LAND': 2}",28.842792,v022c,102851.0,DONE,0.116167,0.143291,0.185375,loss,0,2026
"{'PASS': 812, 'PICKUP': 167, 'WEST': 978, 'NORTH': 904, 'BUILD_PASTURE': 14, 'PLACE': 14, 'PLANT': 158, 'WATER': 922, 'FEED': 314, 'CARE': 322, 'EAST': 740, 'COLLECT_FERTILIZER': 314, 'SOUTH': 638, 'DROP': 106, 'HARVEST': 374, 'FERTILIZE': 80, 'DIG': 43}",0,719,v025b,100007.0,DONE,1,-3246.0,"{'HIRE': 277, 'BUY_ANIMAL': 8, 'BUY_SEED': 18, 'BUY_PRODUCT': 248, 'SELL': 338, 'BUY_LAND': 2}",0.311583,v022c,103253.0,DONE,0.113125,0.135208,0.163792,loss,1,2026
"{'PASS': 812, 'PICKUP': 167, 'WEST': 978, 'NORTH': 904, 'BUILD_PASTURE': 14, 'PLACE': 14, 'PLANT': 158, 'WATER': 922, 'FEED': 314, 'CARE': 322, 'EAST': 740, 'COLLECT_FERTILIZER': 314, 'SOUTH': 638, 'DROP': 106, 'HARVEST': 374, 'FERTILIZE': 80, 'DIG': 43}",0,719,v025b,148307.0,DONE,1,-1075.0,"{'HIRE': 277, 'BUY_ANIMAL': 8, 'BUY_SEED': 18, 'BUY_PRODUCT': 248, 'SELL': 338, 'BUY_LAND': 2}",0.295,v022c,149382.0,DONE,0.116792,0.144209,0.177166,loss,0,217
"{'PASS': 812, 'PICKUP': 167, 'WEST': 978, 'NORTH': 904, 'BUILD_PASTURE': 14, 'PLACE': 14, 'PLANT': 158, 'WATER': 922, 'FEED': 314, 'CARE': 322, 'EAST': 740, 'COLLECT_FERTILIZER': 314, 'SOUTH': 638, 'DROP': 106, 'HARVEST': 374, 'FERTILIZE': 80, 'DIG': 43}",0,719,v025b,146714.0,DONE,1,-1155.0,"{'HIRE': 277, 'BUY_ANIMAL': 8, 'BUY_SEED': 18, 'BUY_PRODUCT': 248, 'SELL': 338, 'BUY_LAND': 2}",0.398916,v022c,147869.0,DONE,0.112958,0.134709,0.166958,loss,1,217
"{'PASS': 812, 'PICKUP': 167, 'WEST': 978, 'NORTH': 904, 'BUILD_PASTURE': 14, 'PLACE': 14, 'PLANT': 158, 'WATER': 922, 'FEED': 314, 'CARE': 322, 'EAST': 740, 'COLLECT_FERTILIZER': 314, 'SOUTH': 638, 'DROP': 106, 'HARVEST': 374, 'FERTILIZE': 80, 'DIG': 43}",0,719,v025b,89555.0,DONE,1,-5393.0,"{'HIRE': 277, 'BUY_ANIMAL': 8, 'BUY_SEED': 18, 'BUY_PRODUCT': 248, 'SELL': 334, 'BUY_LAND': 2}",0.259833,v022c,94948.0,DONE,0.116667,0.141,0.17275,loss,0,317
"{'PASS': 812, 'PICKUP': 167, 'WEST': 978, 'NORTH': 904, 'BUILD_PASTURE': 14, 'PLACE': 14, 'PLANT': 158, 'WATER': 922, 'FEED': 314, 'CARE': 322, 'EAST': 740, 'COLLECT_FERTILIZER': 314, 'SOUTH': 638, 'DROP': 106, 'HARVEST': 374, 'FERTILIZE': 80, 'DIG': 43}",0,719,v025b,89558.0,DONE,1,-5529.0,"{'HIRE': 277, 'BUY_ANIMAL': 8, 'BUY_SEED': 18, 'BUY_PRODUCT': 248, 'SELL': 334, 'BUY_LAND': 2}",0.337458,v022c,95087.0,DONE,0.113625,0.134,0.17275,loss,1,317
"{'PASS': 798, 'PICKUP': 166, 'WEST': 978, 'NORTH': 902, 'BUILD_PASTURE': 14, 'PLACE': 13, 'PLANT': 158, 'WATER': 922, 'FEED': 314, 'CARE': 322, 'EAST': 739, 'COLLECT_FERTILIZER': 312, 'SOUTH': 637, 'DROP': 106, 'HARVEST': 374, 'FERTILIZE': 80, 'DIG': 43}",0,719,v025b,101753.0,DONE,1,-3105.0,"{'HIRE': 277, 'BUY_ANIMAL': 8, 'BUY_SEED': 18, 'BUY_PRODUCT': 248, 'SELL': 337, 'BUY_LAND': 2}",26.319417,v022c,104858.0,DONE,0.116625,0.143917,0.17975,loss,0,733
"{'PASS': 798, 'PICKUP': 166, 'WEST': 978, 'NORTH': 902, 'BUILD_PASTURE': 14, 'PLACE': 13, 'PLANT': 158, 'WATER': 922, 'FEED': 314, 'CARE': 322, 'EAST': 739, 'COLLECT_FERTILIZER': 312, 'SOUTH': 637, 'DROP': 106, 'HARVEST': 374, 'FERTILIZE': 80, 'DIG': 43}",0,719,v025b,102175.0,DONE,1,-3128.0,"{'HIRE': 277, 'BUY_ANIMAL': 8, 'BUY_SEED': 18, 'BUY_PRODUCT': 248, 'SELL': 337, 'BUY_LAND': 2}",0.288042,v022c,105303.0,DONE,0.112375,0.134,0.155791,loss,1,733
"{'PASS': 812, 'PICKUP': 167, 'WEST': 978, 'NORTH': 904, 'BUILD_PASTURE': 14, 'PLACE': 14, 'PLANT': 158, 'WATER': 922, 'FEED': 314, 'CARE': 322, 'EAST': 740, 'COLLECT_FERTILIZER': 314, 'SOUTH': 638, 'DROP': 106, 'HARVEST': 374, 'FERTILIZE': 80, 'DIG': 43}",0,719,v025b,132907.0,DONE,1,-2568.0,"{'HIRE': 277, 'BUY_ANIMAL': 8, 'BUY_SEED': 18, 'BUY_PRODUCT': 248, 'SELL': 338, 'BUY_LAND': 2}",0.375125,v024a,135475.0,DONE,0.119,0.142292,0.2435,loss,0,17
"{'PASS': 812, 'PICKUP': 167, 'WEST': 978, 'NORTH': 904, 'BUILD_PASTURE': 14, 'PLACE': 14, 'PLANT': 158, 'WATER': 922, 'FEED': 314, 'CARE': 322, 'EAST': 740, 'COLLECT_FERTILIZER': 314, 'SOUTH': 638, 'DROP': 106, 'HARVEST': 374, 'FERTILIZE': 80, 'DIG': 43}",0,719,v025b,132907.0,DONE,1,-2568.0,"{'HIRE': 277, 'BUY_ANIMAL': 8, 'BUY_SEED': 18, 'BUY_PRODUCT': 248, 'SELL': 338, 'BUY_LAND': 2}",0.341959,v024a,135475.0,DONE,0.113333,0.134625,0.144667,loss,1,17
"{'PASS': 812, 'PICKUP': 167, 'WEST': 978, 'NORTH': 904, 'BUILD_PASTURE': 14, 'PLACE': 14, 'PLANT': 158, 'WATER': 922, 'FEED': 314, 'CARE': 322, 'EAST': 740, 'COLLECT_FERTILIZER': 314, 'SOUTH': 638, 'DROP': 106, 'HARVEST': 374, 'FERTILIZE': 80, 'DIG': 43}",0,719,v025b,135178.0,DONE,1,-2814.0,"{'HIRE': 277, 'BUY_ANIMAL': 8, 'BUY_SEED': 18, 'BUY_PRODUCT': 248, 'SELL': 338, 'BUY_LAND': 2}",0.277375,v024a,137992.0,DONE,0.1195,0.144542,0.207208,loss,0,42
"{'PASS': 812, 'PICKUP': 167, 'WEST': 978, 'NORTH': 904, 'BUILD_PASTURE': 14, 'PLACE': 14, 'PLANT': 158, 'WATER': 922, 'FEED': 314, 'CARE': 322, 'EAST': 740, 'COLLECT_FERTILIZER': 314, 'SOUTH': 638, 'DROP': 106, 'HARVEST': 374, 'FERTILIZE': 80, 'DIG': 43}",0,719,v025b,135178.0,DONE,1,-2814.0,"{'HIRE': 277, 'BUY_ANIMAL': 8, 'BUY_SEED': 18, 'BUY_PRODUCT': 248, 'SELL': 338, 'BUY_LAND': 2}",0.363375,v024a,137992.0,DONE,0.114834,0.13725,0.169375,loss,1,42
"{'PASS': 812, 'PICKUP': 167, 'WEST': 978, 'NORTH': 904, 'BUILD_PASTURE': 14, 'PLACE': 14, 'PLANT': 158, 'WATER': 922, 'FEED': 314, 'CARE': 322, 'EAST': 740, 'COLLECT_FERTILIZER': 314, 'SOUTH': 638, 'DROP': 106, 'HARVEST': 374, 'FERTILIZE': 80, 'DIG': 43}",0,719,v025b,117236.0,DONE,1,-3367.0,"{'HIRE': 277, 'BUY_ANIMAL': 8, 'BUY_SEED': 18, 'BUY_PRODUCT': 248, 'SELL': 335, 'BUY_LAND': 2}",28.820625,v024a,120603.0,DONE,0.119375,0.147917,0.258458,loss,0,2026
"{'PASS': 812, 'PICKUP': 167, 'WEST': 978, 'NORTH': 904, 'BUILD_PASTURE': 14, 'PLACE': 14, 'PLANT': 158, 'WATER': 922, 'FEED': 314, 'CARE': 322, 'EAST': 740, 'COLLECT_FERTILIZER': 314, 'SOUTH': 638, 'DROP': 106, 'HARVEST': 374, 'FERTILIZE': 80, 'DIG': 43}",0,719,v025b,117572.0,DONE,1,-2695.0,"{'HIRE': 277, 'BUY_ANIMAL': 8, 'BUY_SEED': 18, 'BUY_PRODUCT': 248, 'SELL': 335, 'BUY_LAND': 2}",2.209792,v024a,120267.0,DONE,0.115041,0.156166,0.269125,loss,1,2026
"{'PASS': 812, 'PICKUP': 167, 'WEST': 978, 'NORTH': 904, 'BUILD_PASTURE': 14, 'PLACE': 14, 'PLANT': 158, 'WATER': 922, 'FEED': 314, 'CARE': 322, 'EAST': 740, 'COLLECT_FERTILIZER': 314, 'SOUTH': 638, 'DROP': 106, 'HARVEST': 374, 'FERTILIZE': 80, 'DIG': 43}",0,719,v025b,118099.0,DONE,1,-1476.0,"{'HIRE': 277, 'BUY_ANIMAL': 8, 'BUY_SEED': 18, 'BUY_PRODUCT': 248, 'SELL': 338, 'BUY_LAND': 2}",0.69625,v024a,119575.0,DONE,0.121291,0.156959,0.291292,loss,0,217
"{'PASS': 812, 'PICKUP': 167, 'WEST': 978, 'NORTH': 904, 'BUILD_PASTURE': 14, 'PLACE': 14, 'PLANT': 158, 'WATER': 922, 'FEED': 314, 'CARE': 322, 'EAST': 740, 'COLLECT_FERTILIZER': 314, 'SOUTH': 638, 'DROP': 106, 'HARVEST': 374, 'FERTILIZE': 80, 'DIG': 43}",0,719,v025b,116516.0,DONE,1,-4642.0,"{'HIRE': 277, 'BUY_ANIMAL': 8, 'BUY_SEED': 18, 'BUY_PRODUCT': 248, 'SELL': 338, 'BUY_LAND': 2}",0.285833,v024a,121158.0,DONE,0.114584,0.136209,0.160667,loss,1,217
"{'PASS': 812, 'PICKUP': 167, 'WEST': 978, 'NORTH': 904, 'BUILD_PASTURE': 14, 'PLACE': 14, 'PLANT': 158, 'WATER': 922, 'FEED': 314, 'CARE': 322, 'EAST': 740, 'COLLECT_FERTILIZER': 314, 'SOUTH': 638, 'DROP': 106, 'HARVEST': 374, 'FERTILIZE': 80, 'DIG': 43}",0,719,v025b,120375.0,DONE,1,-3673.0,"{'HIRE': 277, 'BUY_ANIMAL': 8, 'BUY_SEED': 18, 'BUY_PRODUCT': 248, 'SELL': 337, 'BUY_LAND': 2}",0.58375,v024a,124048.0,DONE,0.120917,0.147875,0.254917,loss,0,317
"{'PASS': 812, 'PICKUP': 167, 'WEST': 978, 'NORTH': 904, 'BUILD_PASTURE': 14, 'PLACE': 14, 'PLANT': 158, 'WATER': 922, 'FEED': 314, 'CARE': 322, 'EAST': 740, 'COLLECT_FERTILIZER': 314, 'SOUTH': 638, 'DROP': 106, 'HARVEST': 374, 'FERTILIZE': 80, 'DIG': 43}",0,719,v025b,120177.0,DONE,1,-4069.0,"{'HIRE': 277, 'BUY_ANIMAL': 8, 'BUY_SEED': 18, 'BUY_PRODUCT': 248, 'SELL': 337, 'BUY_LAND': 2}",0.268333,v024a,124246.0,DONE,0.11425,0.135375,0.147,loss,1,317
"{'PASS': 812, 'PICKUP': 167, 'WEST': 978, 'NORTH': 904, 'BUILD_PASTURE': 14, 'PLACE': 14, 'PLANT': 158, 'WATER': 922, 'FEED': 314, 'CARE': 322, 'EAST': 740, 'COLLECT_FERTILIZER': 314, 'SOUTH': 638, 'DROP': 106, 'HARVEST': 374, 'FERTILIZE': 80, 'DIG': 43}",0,719,v025b,146489.0,DONE,1,183.0,"{'HIRE': 277, 'BUY_ANIMAL': 8, 'BUY_SEED': 18, 'BUY_PRODUCT': 248, 'SELL': 338, 'BUY_LAND': 2}",21.936542,v024a,146306.0,DONE,0.120625,0.152333,0.333291,win,0,733
"{'PASS': 812, 'PICKUP': 167, 'WEST': 978, 'NORTH': 904, 'BUILD_PASTURE': 14, 'PLACE': 14, 'PLANT': 158, 'WATER': 922, 'FEED': 314, 'CARE': 322, 'EAST': 740, 'COLLECT_FERTILIZER': 314, 'SOUTH': 638, 'DROP': 106, 'HARVEST': 374, 'FERTILIZE': 80, 'DIG': 43}",0,719,v025b,145581.0,DONE,1,-1633.0,"{'HIRE': 277, 'BUY_ANIMAL': 8, 'BUY_SEED': 18, 'BUY_PRODUCT': 248, 'SELL': 337, 'BUY_LAND': 2}",0.422792,v024a,147214.0,DONE,0.114333,0.135292,0.153625,loss,1,733
"{'PASS': 812, 'PICKUP': 167, 'WEST': 978, 'NORTH': 904, 'BUILD_PASTURE': 14, 'PLACE': 14, 'PLANT': 158, 'WATER': 922, 'FEED': 314, 'CARE': 322, 'EAST': 740, 'COLLECT_FERTILIZER': 314, 'SOUTH': 638, 'DROP': 106, 'HARVEST': 374, 'FERTILIZE': 80, 'DIG': 43}",0,719,v025b,134333.0,DONE,1,0.0,"{'HIRE': 277, 'BUY_ANIMAL': 8, 'BUY_SEED': 18, 'BUY_PRODUCT': 248, 'SELL': 338, 'BUY_LAND': 2}",0.347416,v025b,134333.0,DONE,0.119916,0.146666,0.270333,tie,0,17
"{'PASS': 812, 'PICKUP': 167, 'WEST': 978, 'NORTH': 904, 'BUILD_PASTURE': 14, 'PLACE': 14, 'PLANT': 158, 'WATER': 922, 'FEED': 314, 'CARE': 322, 'EAST': 740, 'COLLECT_FERTILIZER': 314, 'SOUTH': 638, 'DROP': 106, 'HARVEST': 374, 'FERTILIZE': 80, 'DIG': 43}",0,719,v025b,134333.0,DONE,1,0.0,"{'HIRE': 277, 'BUY_ANIMAL': 8, 'BUY_SEED': 18, 'BUY_PRODUCT': 248, 'SELL': 338, 'BUY_LAND': 2}",0.301667,v025b,134333.0,DONE,0.108542,0.131459,0.162958,tie,1,17
"{'PASS': 812, 'PICKUP': 167, 'WEST': 978, 'NORTH': 904, 'BUILD_PASTURE': 14, 'PLACE': 14, 'PLANT': 158, 'WATER': 922, 'FEED': 314, 'CARE': 322, 'EAST': 740, 'COLLECT_FERTILIZER': 314, 'SOUTH': 638, 'DROP': 106, 'HARVEST': 374, 'FERTILIZE': 80, 'DIG': 43}",0,719,v025b,136703.0,DONE,1,0.0,"{'HIRE': 277, 'BUY_ANIMAL': 8, 'BUY_SEED': 18, 'BUY_PRODUCT': 248, 'SELL': 338, 'BUY_LAND': 2}",28.483542,v025b,136703.0,DONE,0.118583,0.14475,0.254458,tie,0,42
"{'PASS': 812, 'PICKUP': 167, 'WEST': 978, 'NORTH': 904, 'BUILD_PASTURE': 14, 'PLACE': 14, 'PLANT': 158, 'WATER': 922, 'FEED': 314, 'CARE': 322, 'EAST': 740, 'COLLECT_FERTILIZER': 314, 'SOUTH': 638, 'DROP': 106, 'HARVEST': 374, 'FERTILIZE': 80, 'DIG': 43}",0,719,v025b,136703.0,DONE,1,0.0,"{'HIRE': 277, 'BUY_ANIMAL': 8, 'BUY_SEED': 18, 'BUY_PRODUCT': 248, 'SELL': 338, 'BUY_LAND': 2}",0.4185,v025b,136703.0,DONE,0.107875,0.130542,0.172792,tie,1,42
"{'PASS': 812, 'PICKUP': 167, 'WEST': 978, 'NORTH': 904, 'BUILD_PASTURE': 14, 'PLACE': 14, 'PLANT': 158, 'WATER': 922, 'FEED': 314, 'CARE': 322, 'EAST': 740, 'COLLECT_FERTILIZER': 314, 'SOUTH': 638, 'DROP': 106, 'HARVEST': 374, 'FERTILIZE': 80, 'DIG': 43}",0,719,v025b,118860.0,DONE,1,-408.0,"{'HIRE': 277, 'BUY_ANIMAL': 8, 'BUY_SEED': 18, 'BUY_PRODUCT': 248, 'SELL': 335, 'BUY_LAND': 2}",25.351792,v025b,119268.0,DONE,0.118833,0.141583,0.184833,loss,0,2026
"{'PASS': 812, 'PICKUP': 167, 'WEST': 978, 'NORTH': 904, 'BUILD_PASTURE': 14, 'PLACE': 14, 'PLANT': 158, 'WATER': 922, 'FEED': 314, 'CARE': 322, 'EAST': 740, 'COLLECT_FERTILIZER': 314, 'SOUTH': 638, 'DROP': 106, 'HARVEST': 374, 'FERTILIZE': 80, 'DIG': 43}",0,719,v025b,119268.0,DONE,1,408.0,"{'HIRE': 277, 'BUY_ANIMAL': 8, 'BUY_SEED': 18, 'BUY_PRODUCT': 248, 'SELL': 335, 'BUY_LAND': 2}",0.294917,v025b,118860.0,DONE,0.10925,0.128833,0.156791,win,1,2026
"{'PASS': 812, 'PICKUP': 167, 'WEST': 978, 'NORTH': 904, 'BUILD_PASTURE': 14, 'PLACE': 14, 'PLANT': 158, 'WATER': 922, 'FEED': 314, 'CARE': 322, 'EAST': 740, 'COLLECT_FERTILIZER': 314, 'SOUTH': 638, 'DROP': 106, 'HARVEST': 374, 'FERTILIZE': 80, 'DIG': 43}",0,719,v025b,119780.0,DONE,1,1583.0,"{'HIRE': 277, 'BUY_ANIMAL': 8, 'BUY_SEED': 18, 'BUY_PRODUCT': 248, 'SELL': 338, 'BUY_LAND': 2}",27.390208,v025b,118197.0,DONE,0.119125,0.142834,0.251083,win,0,217
"{'PASS': 812, 'PICKUP': 167, 'WEST': 978, 'NORTH': 904, 'BUILD_PASTURE': 14, 'PLACE': 14, 'PLANT': 158, 'WATER': 922, 'FEED': 314, 'CARE': 322, 'EAST': 740, 'COLLECT_FERTILIZER': 314, 'SOUTH': 638, 'DROP': 106, 'HARVEST': 374, 'FERTILIZE': 80, 'DIG': 43}",0,719,v025b,118197.0,DONE,1,-1583.0,"{'HIRE': 277, 'BUY_ANIMAL': 8, 'BUY_SEED': 18, 'BUY_PRODUCT': 248, 'SELL': 338, 'BUY_LAND': 2}",0.2795,v025b,119780.0,DONE,0.107708,0.129958,0.144375,loss,1,217
"{'PASS': 812, 'PICKUP': 167, 'WEST': 978, 'NORTH': 904, 'BUILD_PASTURE': 14, 'PLACE': 14, 'PLANT': 158, 'WATER': 922, 'FEED': 314, 'CARE': 322, 'EAST': 740, 'COLLECT_FERTILIZER': 314, 'SOUTH': 638, 'DROP': 106, 'HARVEST': 374, 'FERTILIZE': 80, 'DIG': 43}",0,719,v025b,122481.0,DONE,1,198.0,"{'HIRE': 277, 'BUY_ANIMAL': 8, 'BUY_SEED': 18, 'BUY_PRODUCT': 248, 'SELL': 337, 'BUY_LAND': 2}",0.278917,v025b,122283.0,DONE,0.119125,0.143083,0.243583,win,0,317
"{'PASS': 812, 'PICKUP': 167, 'WEST': 978, 'NORTH': 904, 'BUILD_PASTURE': 14, 'PLACE': 14, 'PLANT': 158, 'WATER': 922, 'FEED': 314, 'CARE': 322, 'EAST': 740, 'COLLECT_FERTILIZER': 314, 'SOUTH': 638, 'DROP': 106, 'HARVEST': 374, 'FERTILIZE': 80, 'DIG': 43}",0,719,v025b,122283.0,DONE,1,-198.0,"{'HIRE': 277, 'BUY_ANIMAL': 8, 'BUY_SEED': 18, 'BUY_PRODUCT': 248, 'SELL': 337, 'BUY_LAND': 2}",20.987875,v025b,122481.0,DONE,0.108375,0.128375,0.190625,loss,1,317
"{'PASS': 812, 'PICKUP': 167, 'WEST': 978, 'NORTH': 904, 'BUILD_PASTURE': 14, 'PLACE': 14, 'PLANT': 158, 'WATER': 922, 'FEED': 314, 'CARE': 322, 'EAST': 740, 'COLLECT_FERTILIZER': 314, 'SOUTH': 638, 'DROP': 106, 'HARVEST': 374, 'FERTILIZE': 80, 'DIG': 43}",0,719,v025b,146957.0,DONE,1,908.0,"{'HIRE': 277, 'BUY_ANIMAL': 8, 'BUY_SEED': 18, 'BUY_PRODUCT': 248, 'SELL': 338, 'BUY_LAND': 2}",20.394,v025b,146049.0,DONE,0.119417,0.14225,0.205584,win,0,733
"{'PASS': 812, 'PICKUP': 167, 'WEST': 978, 'NORTH': 904, 'BUILD_PASTURE': 14, 'PLACE': 14, 'PLANT': 158, 'WATER': 922, 'FEED': 314, 'CARE': 322, 'EAST': 740, 'COLLECT_FERTILIZER': 314, 'SOUTH': 638, 'DROP': 106, 'HARVEST': 374, 'FERTILIZE': 80, 'DIG': 43}",0,719,v025b,146049.0,DONE,1,-908.0,"{'HIRE': 277, 'BUY_ANIMAL': 8, 'BUY_SEED': 18, 'BUY_PRODUCT': 248, 'SELL': 337, 'BUY_LAND': 2}",0.293084,v025b,146957.0,DONE,0.109166,0.130625,0.190959,loss,1,733
"{'PASS': 812, 'PICKUP': 167, 'WEST': 978, 'NORTH': 904, 'BUILD_PASTURE': 14, 'PLACE': 14, 'PLANT': 158, 'WATER': 922, 'FEED': 314, 'CARE': 322, 'EAST': 740, 'COLLECT_FERTILIZER': 314, 'SOUTH': 638, 'DROP': 106, 'HARVEST': 374, 'FERTILIZE': 80, 'DIG': 43}",0,719,v025b,111168.0,DONE,1,-10700.0,"{'HIRE': 277, 'BUY_ANIMAL': 8, 'BUY_SEED': 18, 'BUY_PRODUCT': 248, 'SELL': 338, 'BUY_LAND': 2}",38.76575,v21_1,121868.0,DONE,0.119125,0.142917,0.237375,loss,0,17
"{'PASS': 812, 'PICKUP': 167, 'WEST': 978, 'NORTH': 904, 'BUILD_PASTURE': 14, 'PLACE': 14, 'PLANT': 158, 'WATER': 922, 'FEED': 314, 'CARE': 322, 'EAST': 740, 'COLLECT_FERTILIZER': 314, 'SOUTH': 638, 'DROP': 106, 'HARVEST': 374, 'FERTILIZE': 80, 'DIG': 43}",0,719,v025b,111168.0,DONE,1,-10700.0,"{'HIRE': 277, 'BUY_ANIMAL': 8, 'BUY_SEED': 18, 'BUY_PRODUCT': 248, 'SELL': 338, 'BUY_LAND': 2}",0.182417,v21_1,121868.0,DONE,0.112375,0.134375,0.141916,loss,1,17
"{'PASS': 812, 'PICKUP': 167, 'WEST': 978, 'NORTH': 904, 'BUILD_PASTURE': 14, 'PLACE': 14, 'PLANT': 158, 'WATER': 922, 'FEED': 314, 'CARE': 322, 'EAST': 740, 'COLLECT_FERTILIZER': 314, 'SOUTH': 638, 'DROP': 106, 'HARVEST': 374, 'FERTILIZE': 80, 'DIG': 43}",0,719,v025b,125245.0,DONE,1,-15872.0,"{'HIRE': 277, 'BUY_ANIMAL': 8, 'BUY_SEED': 18, 'BUY_PRODUCT': 248, 'SELL': 338, 'BUY_LAND': 2}",0.25925,v21_1,141117.0,DONE,0.119416,0.144084,0.193958,loss,0,42
"{'PASS': 812, 'PICKUP': 167, 'WEST': 978, 'NORTH': 904, 'BUILD_PASTURE': 14, 'PLACE': 14, 'PLANT': 158, 'WATER': 922, 'FEED': 314, 'CARE': 322, 'EAST': 740, 'COLLECT_FERTILIZER': 314, 'SOUTH': 638, 'DROP': 106, 'HARVEST': 374, 'FERTILIZE': 80, 'DIG': 43}",0,719,v025b,125245.0,DONE,1,-15872.0,"{'HIRE': 277, 'BUY_ANIMAL': 8, 'BUY_SEED': 18, 'BUY_PRODUCT': 248, 'SELL': 338, 'BUY_LAND': 2}",0.22825,v21_1,141117.0,DONE,0.112625,0.133125,0.155208,loss,1,42
"{'PASS': 812, 'PICKUP': 167, 'WEST': 978, 'NORTH': 904, 'BUILD_PASTURE': 14, 'PLACE': 14, 'PLANT': 158, 'WATER': 922, 'FEED': 314, 'CARE': 322, 'EAST': 740, 'COLLECT_FERTILIZER': 314, 'SOUTH': 638, 'DROP': 106, 'HARVEST': 374, 'FERTILIZE': 80, 'DIG': 43}",0,719,v025b,87173.0,DONE,1,-13014.0,"{'HIRE': 277, 'BUY_ANIMAL': 8, 'BUY_SEED': 18, 'BUY_PRODUCT': 248, 'SELL': 337, 'BUY_LAND': 2}",0.287333,v21_1,100187.0,DONE,0.119333,0.141709,0.187625,loss,0,2026
"{'PASS': 812, 'PICKUP': 167, 'WEST': 978, 'NORTH': 904, 'BUILD_PASTURE': 14, 'PLACE': 14, 'PLANT': 158, 'WATER': 922, 'FEED': 314, 'CARE': 322, 'EAST': 740, 'COLLECT_FERTILIZER': 314, 'SOUTH': 638, 'DROP': 106, 'HARVEST': 374, 'FERTILIZE': 80, 'DIG': 43}",0,719,v025b,87207.0,DONE,1,-12957.0,"{'HIRE': 277, 'BUY_ANIMAL': 8, 'BUY_SEED': 18, 'BUY_PRODUCT': 248, 'SELL': 337, 'BUY_LAND': 2}",0.194625,v21_1,100164.0,DONE,0.11325,0.133292,0.149958,loss,1,2026
"{'PASS': 812, 'PICKUP': 167, 'WEST': 978, 'NORTH': 904, 'BUILD_PASTURE': 14, 'PLACE': 14, 'PLANT': 158, 'WATER': 922, 'FEED': 314, 'CARE': 322, 'EAST': 740, 'COLLECT_FERTILIZER': 314, 'SOUTH': 638, 'DROP': 106, 'HARVEST': 374, 'FERTILIZE': 80, 'DIG': 43}",0,719,v025b,105136.0,DONE,1,-14641.0,"{'HIRE': 277, 'BUY_ANIMAL': 8, 'BUY_SEED': 18, 'BUY_PRODUCT': 248, 'SELL': 338, 'BUY_LAND': 2}",0.332958,v21_1,119777.0,DONE,0.119792,0.146333,0.258,loss,0,217
"{'PASS': 812, 'PICKUP': 167, 'WEST': 978, 'NORTH': 904, 'BUILD_PASTURE': 14, 'PLACE': 14, 'PLANT': 158, 'WATER': 922, 'FEED': 314, 'CARE': 322, 'EAST': 740, 'COLLECT_FERTILIZER': 314, 'SOUTH': 638, 'DROP': 106, 'HARVEST': 374, 'FERTILIZE': 80, 'DIG': 43}",0,719,v025b,104207.0,DONE,1,-16408.0,"{'HIRE': 277, 'BUY_ANIMAL': 8, 'BUY_SEED': 18, 'BUY_PRODUCT': 248, 'SELL': 338, 'BUY_LAND': 2}",0.247125,v21_1,120615.0,DONE,0.112333,0.133958,0.147084,loss,1,217
"{'PASS': 812, 'PICKUP': 167, 'WEST': 978, 'NORTH': 904, 'BUILD_PASTURE': 14, 'PLACE': 14, 'PLANT': 158, 'WATER': 922, 'FEED': 314, 'CARE': 322, 'EAST': 740, 'COLLECT_FERTILIZER': 314, 'SOUTH': 638, 'DROP': 106, 'HARVEST': 374, 'FERTILIZE': 80, 'DIG': 43}",0,719,v025b,109478.0,DONE,1,-16702.0,"{'HIRE': 277, 'BUY_ANIMAL': 8, 'BUY_SEED': 18, 'BUY_PRODUCT': 248, 'SELL': 337, 'BUY_LAND': 2}",0.27,v21_1,126180.0,DONE,0.118958,0.145125,0.196583,loss,0,317
"{'PASS': 812, 'PICKUP': 167, 'WEST': 978, 'NORTH': 904, 'BUILD_PASTURE': 14, 'PLACE': 14, 'PLANT': 158, 'WATER': 922, 'FEED': 314, 'CARE': 322, 'EAST': 740, 'COLLECT_FERTILIZER': 314, 'SOUTH': 638, 'DROP': 106, 'HARVEST': 374, 'FERTILIZE': 80, 'DIG': 43}",0,719,v025b,109292.0,DONE,1,-16888.0,"{'HIRE': 277, 'BUY_ANIMAL': 8, 'BUY_SEED': 18, 'BUY_PRODUCT': 248, 'SELL': 337, 'BUY_LAND': 2}",0.268584,v21_1,126180.0,DONE,0.112917,0.134334,0.144834,loss,1,317
"{'PASS': 812, 'PICKUP': 167, 'WEST': 978, 'NORTH': 904, 'BUILD_PASTURE': 14, 'PLACE': 14, 'PLANT': 158, 'WATER': 922, 'FEED': 314, 'CARE': 322, 'EAST': 740, 'COLLECT_FERTILIZER': 314, 'SOUTH': 638, 'DROP': 106, 'HARVEST': 374, 'FERTILIZE': 80, 'DIG': 43}",0,719,v025b,146546.0,DONE,1,-10965.0,"{'HIRE': 277, 'BUY_ANIMAL': 8, 'BUY_SEED': 18, 'BUY_PRODUCT': 248, 'SELL': 338, 'BUY_LAND': 2}",0.284083,v21_1,157511.0,DONE,0.118583,0.141584,0.204,loss,0,733
"{'PASS': 812, 'PICKUP': 167, 'WEST': 978, 'NORTH': 904, 'BUILD_PASTURE': 14, 'PLACE': 14, 'PLANT': 158, 'WATER': 922, 'FEED': 314, 'CARE': 322, 'EAST': 740, 'COLLECT_FERTILIZER': 314, 'SOUTH': 638, 'DROP': 106, 'HARVEST': 374, 'FERTILIZE': 80, 'DIG': 43}",0,719,v025b,145945.0,DONE,1,-11566.0,"{'HIRE': 277, 'BUY_ANIMAL': 8, 'BUY_SEED': 18, 'BUY_PRODUCT': 248, 'SELL': 338, 'BUY_LAND': 2}",0.2045,v21_1,157511.0,DONE,0.112792,0.1325,0.149666,loss,1,733
"{'PASS': 812, 'PICKUP': 167, 'WEST': 978, 'NORTH': 904, 'BUILD_PASTURE': 14, 'PLACE': 14, 'PLANT': 158, 'WATER': 922, 'FEED': 314, 'CARE': 322, 'EAST': 740, 'COLLECT_FERTILIZER': 314, 'SOUTH': 638, 'DROP': 106, 'HARVEST': 374, 'FERTILIZE': 80, 'DIG': 43}",0,719,v025b,120495.0,DONE,1,-17645.0,"{'HIRE': 277, 'BUY_ANIMAL': 8, 'BUY_SEED': 18, 'BUY_PRODUCT': 248, 'SELL': 338, 'BUY_LAND': 2}",0.333916,v13_r3,138140.0,DONE,0.119458,0.145667,0.250708,loss,0,17
"{'PASS': 812, 'PICKUP': 167, 'WEST': 978, 'NORTH': 904, 'BUILD_PASTURE': 14, 'PLACE': 14, 'PLANT': 158, 'WATER': 922, 'FEED': 314, 'CARE': 322, 'EAST': 740, 'COLLECT_FERTILIZER': 314, 'SOUTH': 638, 'DROP': 106, 'HARVEST': 374, 'FERTILIZE': 80, 'DIG': 43}",0,719,v025b,120495.0,DONE,1,-17645.0,"{'HIRE': 277, 'BUY_ANIMAL': 8, 'BUY_SEED': 18, 'BUY_PRODUCT': 248, 'SELL': 338, 'BUY_LAND': 2}",0.231167,v13_r3,138140.0,DONE,0.112416,0.134125,0.147958,loss,1,17
"{'PASS': 812, 'PICKUP': 167, 'WEST': 978, 'NORTH': 904, 'BUILD_PASTURE': 14, 'PLACE': 14, 'PLANT': 158, 'WATER': 922, 'FEED': 314, 'CARE': 322, 'EAST': 740, 'COLLECT_FERTILIZER': 314, 'SOUTH': 638, 'DROP': 106, 'HARVEST': 374, 'FERTILIZE': 80, 'DIG': 43}",0,719,v025b,124477.0,DONE,1,-17498.0,"{'HIRE': 277, 'BUY_ANIMAL': 8, 'BUY_SEED': 18, 'BUY_PRODUCT': 248, 'SELL': 338, 'BUY_LAND': 2}",0.501166,v13_r3,141975.0,DONE,0.119458,0.143916,0.256417,loss,0,42
"{'PASS': 812, 'PICKUP': 167, 'WEST': 978, 'NORTH': 904, 'BUILD_PASTURE': 14, 'PLACE': 14, 'PLANT': 158, 'WATER': 922, 'FEED': 314, 'CARE': 322, 'EAST': 740, 'COLLECT_FERTILIZER': 314, 'SOUTH': 638, 'DROP': 106, 'HARVEST': 374, 'FERTILIZE': 80, 'DIG': 43}",0,719,v025b,124477.0,DONE,1,-17498.0,"{'HIRE': 277, 'BUY_ANIMAL': 8, 'BUY_SEED': 18, 'BUY_PRODUCT': 248, 'SELL': 338, 'BUY_LAND': 2}",0.180292,v13_r3,141975.0,DONE,0.112084,0.133916,0.144667,loss,1,42
"{'PASS': 812, 'PICKUP': 167, 'WEST': 978, 'NORTH': 904, 'BUILD_PASTURE': 14, 'PLACE': 14, 'PLANT': 158, 'WATER': 922, 'FEED': 314, 'CARE': 322, 'EAST': 740, 'COLLECT_FERTILIZER': 314, 'SOUTH': 638, 'DROP': 106, 'HARVEST': 374, 'FERTILIZE': 80, 'DIG': 43}",0,719,v025b,102461.0,DONE,1,-17031.0,"{'HIRE': 277, 'BUY_ANIMAL': 8, 'BUY_SEED': 18, 'BUY_PRODUCT': 248, 'SELL': 335, 'BUY_LAND': 2}",0.404208,v13_r3,119492.0,DONE,0.119417,0.144708,0.172459,loss,0,2026
"{'PASS': 812, 'PICKUP': 167, 'WEST': 978, 'NORTH': 904, 'BUILD_PASTURE': 14, 'PLACE': 14, 'PLANT': 158, 'WATER': 922, 'FEED': 314, 'CARE': 322, 'EAST': 740, 'COLLECT_FERTILIZER': 314, 'SOUTH': 638, 'DROP': 106, 'HARVEST': 374, 'FERTILIZE': 80, 'DIG': 43}",0,719,v025b,102708.0,DONE,1,-16667.0,"{'HIRE': 277, 'BUY_ANIMAL': 8, 'BUY_SEED': 18, 'BUY_PRODUCT': 248, 'SELL': 335, 'BUY_LAND': 2}",0.253208,v13_r3,119375.0,DONE,0.112916,0.135125,0.159625,loss,1,2026
"{'PASS': 812, 'PICKUP': 167, 'WEST': 978, 'NORTH': 904, 'BUILD_PASTURE': 14, 'PLACE': 14, 'PLANT': 158, 'WATER': 922, 'FEED': 314, 'CARE': 322, 'EAST': 740, 'COLLECT_FERTILIZER': 314, 'SOUTH': 638, 'DROP': 106, 'HARVEST': 374, 'FERTILIZE': 80, 'DIG': 43}",0,719,v025b,105001.0,DONE,1,-15027.0,"{'HIRE': 277, 'BUY_ANIMAL': 8, 'BUY_SEED': 18, 'BUY_PRODUCT': 248, 'SELL': 338, 'BUY_LAND': 2}",0.323833,v13_r3,120028.0,DONE,0.119833,0.144583,0.242583,loss,0,217
"{'PASS': 812, 'PICKUP': 167, 'WEST': 978, 'NORTH': 904, 'BUILD_PASTURE': 14, 'PLACE': 14, 'PLANT': 158, 'WATER': 922, 'FEED': 314, 'CARE': 322, 'EAST': 740, 'COLLECT_FERTILIZER': 314, 'SOUTH': 638, 'DROP': 106, 'HARVEST': 374, 'FERTILIZE': 80, 'DIG': 43}",0,719,v025b,104146.0,DONE,1,-16715.0,"{'HIRE': 277, 'BUY_ANIMAL': 8, 'BUY_SEED': 18, 'BUY_PRODUCT': 248, 'SELL': 338, 'BUY_LAND': 2}",0.231916,v13_r3,120861.0,DONE,0.111834,0.137,0.166333,loss,1,217
"{'PASS': 812, 'PICKUP': 167, 'WEST': 978, 'NORTH': 904, 'BUILD_PASTURE': 14, 'PLACE': 14, 'PLANT': 158, 'WATER': 922, 'FEED': 314, 'CARE': 322, 'EAST': 740, 'COLLECT_FERTILIZER': 314, 'SOUTH': 638, 'DROP': 106, 'HARVEST': 374, 'FERTILIZE': 80, 'DIG': 43}",0,719,v025b,111325.0,DONE,1,-13792.0,"{'HIRE': 277, 'BUY_ANIMAL': 8, 'BUY_SEED': 18, 'BUY_PRODUCT': 248, 'SELL': 337, 'BUY_LAND': 2}",0.379209,v13_r3,125117.0,DONE,0.11975,0.143417,0.249542,loss,0,317
"{'PASS': 812, 'PICKUP': 167, 'WEST': 978, 'NORTH': 904, 'BUILD_PASTURE': 14, 'PLACE': 14, 'PLANT': 158, 'WATER': 922, 'FEED': 314, 'CARE': 322, 'EAST': 740, 'COLLECT_FERTILIZER': 314, 'SOUTH': 638, 'DROP': 106, 'HARVEST': 374, 'FERTILIZE': 80, 'DIG': 43}",0,719,v025b,111105.0,DONE,1,-14545.0,"{'HIRE': 277, 'BUY_ANIMAL': 8, 'BUY_SEED': 18, 'BUY_PRODUCT': 248, 'SELL': 337, 'BUY_LAND': 2}",0.254125,v13_r3,125650.0,DONE,0.11125,0.13275,0.142125,loss,1,317
"{'PASS': 812, 'PICKUP': 167, 'WEST': 978, 'NORTH': 904, 'BUILD_PASTURE': 14, 'PLACE': 14, 'PLANT': 158, 'WATER': 922, 'FEED': 314, 'CARE': 322, 'EAST': 740, 'COLLECT_FERTILIZER': 314, 'SOUTH': 638, 'DROP': 106, 'HARVEST': 374, 'FERTILIZE': 80, 'DIG': 43}",0,719,v025b,138312.0,DONE,1,-13958.0,"{'HIRE': 277, 'BUY_ANIMAL': 8, 'BUY_SEED': 18, 'BUY_PRODUCT': 248, 'SELL': 338, 'BUY_LAND': 2}",0.2815,v13_r3,152270.0,DONE,0.119459,0.141584,0.2525,loss,0,733
"{'PASS': 812, 'PICKUP': 167, 'WEST': 978, 'NORTH': 904, 'BUILD_PASTURE': 14, 'PLACE': 14, 'PLANT': 158, 'WATER': 922, 'FEED': 314, 'CARE': 322, 'EAST': 740, 'COLLECT_FERTILIZER': 314, 'SOUTH': 638, 'DROP': 106, 'HARVEST': 374, 'FERTILIZE': 80, 'DIG': 43}",0,719,v025b,137183.0,DONE,1,-15723.0,"{'HIRE': 277, 'BUY_ANIMAL': 8, 'BUY_SEED': 18, 'BUY_PRODUCT': 248, 'SELL': 337, 'BUY_LAND': 2}",0.204667,v13_r3,152906.0,DONE,0.113084,0.133125,0.1505,loss,1,733
"{'PASS': 812, 'PICKUP': 167, 'WEST': 978, 'NORTH': 904, 'BUILD_PASTURE': 14, 'PLACE': 14, 'PLANT': 158, 'WATER': 922, 'FEED': 314, 'CARE': 322, 'EAST': 740, 'COLLECT_FERTILIZER': 314, 'SOUTH': 638, 'DROP': 106, 'HARVEST': 374, 'FERTILIZE': 80, 'DIG': 43}",0,719,v025b,191345.0,DONE,1,187831.0,"{'HIRE': 277, 'BUY_ANIMAL': 8, 'BUY_SEED': 18, 'BUY_PRODUCT': 248, 'SELL': 338, 'BUY_LAND': 2}",0.552167,starter,3514.0,DONE,0.088041,0.129167,0.244167,win,0,17
"{'PASS': 812, 'PICKUP': 167, 'WEST': 978, 'NORTH': 904, 'BUILD_PASTURE': 14, 'PLACE': 14, 'PLANT': 158, 'WATER': 922, 'FEED': 314, 'CARE': 322, 'EAST': 740, 'COLLECT_FERTILIZER': 314, 'SOUTH': 638, 'DROP': 106, 'HARVEST': 374, 'FERTILIZE': 80, 'DIG': 43}",0,719,v025b,191345.0,DONE,1,187831.0,"{'HIRE': 277, 'BUY_ANIMAL': 8, 'BUY_SEED': 18, 'BUY_PRODUCT': 248, 'SELL': 338, 'BUY_LAND': 2}",0.426375,starter,3514.0,DONE,0.088042,0.130792,0.198167,win,1,17
"{'PASS': 812, 'PICKUP': 167, 'WEST': 978, 'NORTH': 904, 'BUILD_PASTURE': 14, 'PLACE': 14, 'PLANT': 158, 'WATER': 922, 'FEED': 314, 'CARE': 322, 'EAST': 740, 'COLLECT_FERTILIZER': 314, 'SOUTH': 638, 'DROP': 106, 'HARVEST': 374, 'FERTILIZE': 80, 'DIG': 43}",0,719,v025b,186147.0,DONE,1,182652.0,"{'HIRE': 277, 'BUY_ANIMAL': 8, 'BUY_SEED': 18, 'BUY_PRODUCT': 248, 'SELL': 338, 'BUY_LAND': 2}",34.195417,starter,3495.0,DONE,0.088084,0.132625,0.227666,win,0,42
"{'PASS': 812, 'PICKUP': 167, 'WEST': 978, 'NORTH': 904, 'BUILD_PASTURE': 14, 'PLACE': 14, 'PLANT': 158, 'WATER': 922, 'FEED': 314, 'CARE': 322, 'EAST': 740, 'COLLECT_FERTILIZER': 314, 'SOUTH': 638, 'DROP': 106, 'HARVEST': 374, 'FERTILIZE': 80, 'DIG': 43}",0,719,v025b,186147.0,DONE,1,182652.0,"{'HIRE': 277, 'BUY_ANIMAL': 8, 'BUY_SEED': 18, 'BUY_PRODUCT': 248, 'SELL': 338, 'BUY_LAND': 2}",33.152541,starter,3495.0,DONE,0.089167,0.1365,0.250959,win,1,42
"{'PASS': 812, 'PICKUP': 167, 'WEST': 978, 'NORTH': 904, 'BUILD_PASTURE': 14, 'PLACE': 14, 'PLANT': 158, 'WATER': 922, 'FEED': 314, 'CARE': 322, 'EAST': 740, 'COLLECT_FERTILIZER': 314, 'SOUTH': 638, 'DROP': 106, 'HARVEST': 374, 'FERTILIZE': 80, 'DIG': 43}",0,719,v025b,174420.0,DONE,1,170917.0,"{'HIRE': 277, 'BUY_ANIMAL': 8, 'BUY_SEED': 18, 'BUY_PRODUCT': 248, 'SELL': 338, 'BUY_LAND': 2}",0.474833,starter,3503.0,DONE,0.086875,0.12275,0.1525,win,0,2026
"{'PASS': 812, 'PICKUP': 167, 'WEST': 978, 'NORTH': 904, 'BUILD_PASTURE': 14, 'PLACE': 14, 'PLANT': 158, 'WATER': 922, 'FEED': 314, 'CARE': 322, 'EAST': 740, 'COLLECT_FERTILIZER': 314, 'SOUTH': 638, 'DROP': 106, 'HARVEST': 374, 'FERTILIZE': 80, 'DIG': 43}",0,719,v025b,175203.0,DONE,1,171700.0,"{'HIRE': 277, 'BUY_ANIMAL': 8, 'BUY_SEED': 18, 'BUY_PRODUCT': 248, 'SELL': 338, 'BUY_LAND': 2}",0.400875,starter,3503.0,DONE,0.088292,0.137042,0.265958,win,1,2026
"{'PASS': 812, 'PICKUP': 167, 'WEST': 978, 'NORTH': 904, 'BUILD_PASTURE': 14, 'PLACE': 14, 'PLANT': 158, 'WATER': 922, 'FEED': 314, 'CARE': 322, 'EAST': 740, 'COLLECT_FERTILIZER': 314, 'SOUTH': 638, 'DROP': 106, 'HARVEST': 374, 'FERTILIZE': 80, 'DIG': 43}",0,719,v025b,168485.0,DONE,1,164976.0,"{'HIRE': 277, 'BUY_ANIMAL': 8, 'BUY_SEED': 18, 'BUY_PRODUCT': 248, 'SELL': 338, 'BUY_LAND': 2}",0.370167,starter,3509.0,DONE,0.087583,0.139625,0.278083,win,0,217
"{'PASS': 812, 'PICKUP': 167, 'WEST': 978, 'NORTH': 904, 'BUILD_PASTURE': 14, 'PLACE': 14, 'PLANT': 158, 'WATER': 922, 'FEED': 314, 'CARE': 322, 'EAST': 740, 'COLLECT_FERTILIZER': 314, 'SOUTH': 638, 'DROP': 106, 'HARVEST': 374, 'FERTILIZE': 80, 'DIG': 43}",0,719,v025b,168485.0,DONE,1,164976.0,"{'HIRE': 277, 'BUY_ANIMAL': 8, 'BUY_SEED': 18, 'BUY_PRODUCT': 248, 'SELL': 338, 'BUY_LAND': 2}",30.643958,starter,3509.0,DONE,0.08775,0.138667,0.27675,win,1,217
"{'PASS': 812, 'PICKUP': 167, 'WEST': 978, 'NORTH': 904, 'BUILD_PASTURE': 14, 'PLACE': 14, 'PLANT': 158, 'WATER': 922, 'FEED': 314, 'CARE': 322, 'EAST': 740, 'COLLECT_FERTILIZER': 314, 'SOUTH': 638, 'DROP': 106, 'HARVEST': 374, 'FERTILIZE': 80, 'DIG': 43}",0,719,v025b,181469.0,DONE,1,177978.0,"{'HIRE': 277, 'BUY_ANIMAL': 8, 'BUY_SEED': 18, 'BUY_PRODUCT': 248, 'SELL': 338, 'BUY_LAND': 2}",21.47575,starter,3491.0,DONE,0.087542,0.123459,0.164292,win,0,317
"{'PASS': 812, 'PICKUP': 167, 'WEST': 978, 'NORTH': 904, 'BUILD_PASTURE': 14, 'PLACE': 14, 'PLANT': 158, 'WATER': 922, 'FEED': 314, 'CARE': 322, 'EAST': 740, 'COLLECT_FERTILIZER': 314, 'SOUTH': 638, 'DROP': 106, 'HARVEST': 374, 'FERTILIZE': 80, 'DIG': 43}",0,719,v025b,180614.0,DONE,1,177123.0,"{'HIRE': 277, 'BUY_ANIMAL': 8, 'BUY_SEED': 18, 'BUY_PRODUCT': 248, 'SELL': 338, 'BUY_LAND': 2}",33.466792,starter,3491.0,DONE,0.087542,0.13075,0.307083,win,1,317
"{'PASS': 812, 'PICKUP': 167, 'WEST': 978, 'NORTH': 904, 'BUILD_PASTURE': 14, 'PLACE': 14, 'PLANT': 158, 'WATER': 922, 'FEED': 314, 'CARE': 322, 'EAST': 740, 'COLLECT_FERTILIZER': 314, 'SOUTH': 638, 'DROP': 106, 'HARVEST': 374, 'FERTILIZE': 80, 'DIG': 43}",0,719,v025b,178347.0,DONE,1,174840.0,"{'HIRE': 277, 'BUY_ANIMAL': 8, 'BUY_SEED': 18, 'BUY_PRODUCT': 248, 'SELL': 337, 'BUY_LAND': 2}",0.451958,starter,3507.0,DONE,0.088208,0.142166,0.271375,win,0,733
"{'PASS': 812, 'PICKUP': 167, 'WEST': 978, 'NORTH': 904, 'BUILD_PASTURE': 14, 'PLACE': 14, 'PLANT': 158, 'WATER': 922, 'FEED': 314, 'CARE': 322, 'EAST': 740, 'COLLECT_FERTILIZER': 314, 'SOUTH': 638, 'DROP': 106, 'HARVEST': 374, 'FERTILIZE': 80, 'DIG': 43}",0,719,v025b,177948.0,DONE,1,174439.0,"{'HIRE': 277, 'BUY_ANIMAL': 8, 'BUY_SEED': 18, 'BUY_PRODUCT': 248, 'SELL': 336, 'BUY_LAND': 2}",0.420125,starter,3509.0,DONE,0.08975,0.145208,0.275917,win,1,733
"{'PASS': 812, 'PICKUP': 167, 'WEST': 978, 'NORTH': 904, 'BUILD_PASTURE': 14, 'PLACE': 14, 'PLANT': 158, 'WATER': 922, 'FEED': 314, 'CARE': 322, 'EAST': 740, 'COLLECT_FERTILIZER': 314, 'SOUTH': 638, 'DROP': 106, 'HARVEST': 374, 'FERTILIZE': 80, 'DIG': 43}",0,719,v025b,194142.0,DONE,1,194142.0,"{'HIRE': 277, 'BUY_ANIMAL': 8, 'BUY_SEED': 18, 'BUY_PRODUCT': 248, 'SELL': 338, 'BUY_LAND': 2}",43.056375,random,0.0,DONE,0.093792,0.162292,0.293875,win,0,17
"{'PASS': 812, 'PICKUP': 167, 'WEST': 978, 'NORTH': 904, 'BUILD_PASTURE': 14, 'PLACE': 14, 'PLANT': 158, 'WATER': 922, 'FEED': 314, 'CARE': 322, 'EAST': 740, 'COLLECT_FERTILIZER': 314, 'SOUTH': 638, 'DROP': 106, 'HARVEST': 374, 'FERTILIZE': 80, 'DIG': 43}",0,719,v025b,186962.0,DONE,1,186962.0,"{'HIRE': 277, 'BUY_ANIMAL': 8, 'BUY_SEED': 18, 'BUY_PRODUCT': 248, 'SELL': 337, 'BUY_LAND': 2}",0.275833,random,0.0,DONE,0.094834,0.139167,0.248291,win,1,17
"{'PASS': 812, 'PICKUP': 167, 'WEST': 978, 'NORTH': 904, 'BUILD_PASTURE': 14, 'PLACE': 14, 'PLANT': 158, 'WATER': 922, 'FEED': 314, 'CARE': 322, 'EAST': 740, 'COLLECT_FERTILIZER': 314, 'SOUTH': 638, 'DROP': 106, 'HARVEST': 374, 'FERTILIZE': 80, 'DIG': 43}",0,719,v025b,192106.0,DONE,1,192106.0,"{'HIRE': 277, 'BUY_ANIMAL': 8, 'BUY_SEED': 18, 'BUY_PRODUCT': 248, 'SELL': 338, 'BUY_LAND': 2}",33.909125,random,0.0,DONE,0.0925,0.154916,0.282584,win,0,42
"{'PASS': 812, 'PICKUP': 167, 'WEST': 978, 'NORTH': 904, 'BUILD_PASTURE': 14, 'PLACE': 14, 'PLANT': 158, 'WATER': 922, 'FEED': 314, 'CARE': 322, 'EAST': 740, 'COLLECT_FERTILIZER': 314, 'SOUTH': 638, 'DROP': 106, 'HARVEST': 374, 'FERTILIZE': 80, 'DIG': 43}",0,719,v025b,179890.0,DONE,1,179890.0,"{'HIRE': 277, 'BUY_ANIMAL': 8, 'BUY_SEED': 18, 'BUY_PRODUCT': 248, 'SELL': 338, 'BUY_LAND': 2}",0.300417,random,0.0,DONE,0.091833,0.147958,0.263125,win,1,42
"{'PASS': 812, 'PICKUP': 167, 'WEST': 978, 'NORTH': 904, 'BUILD_PASTURE': 14, 'PLACE': 14, 'PLANT': 158, 'WATER': 922, 'FEED': 314, 'CARE': 322, 'EAST': 740, 'COLLECT_FERTILIZER': 314, 'SOUTH': 638, 'DROP': 106, 'HARVEST': 374, 'FERTILIZE': 80, 'DIG': 43}",0,719,v025b,193451.0,DONE,1,193451.0,"{'HIRE': 277, 'BUY_ANIMAL': 8, 'BUY_SEED': 18, 'BUY_PRODUCT': 248, 'SELL': 338, 'BUY_LAND': 2}",41.891792,random,0.0,DONE,0.097417,0.154792,0.272167,win,0,2026
"{'PASS': 812, 'PICKUP': 167, 'WEST': 978, 'NORTH': 904, 'BUILD_PASTURE': 14, 'PLACE': 14, 'PLANT': 158, 'WATER': 922, 'FEED': 314, 'CARE': 322, 'EAST': 740, 'COLLECT_FERTILIZER': 314, 'SOUTH': 638, 'DROP': 106, 'HARVEST': 374, 'FERTILIZE': 80, 'DIG': 43}",0,719,v025b,183667.0,DONE,1,183667.0,"{'HIRE': 277, 'BUY_ANIMAL': 8, 'BUY_SEED': 18, 'BUY_PRODUCT': 248, 'SELL': 338, 'BUY_LAND': 2}",44.456083,random,0.0,DONE,0.096625,0.149125,0.265875,win,1,2026
"{'PASS': 812, 'PICKUP': 167, 'WEST': 978, 'NORTH': 904, 'BUILD_PASTURE': 14, 'PLACE': 14, 'PLANT': 158, 'WATER': 922, 'FEED': 314, 'CARE': 322, 'EAST': 740, 'COLLECT_FERTILIZER': 314, 'SOUTH': 638, 'DROP': 106, 'HARVEST': 374, 'FERTILIZE': 80, 'DIG': 43}",0,719,v025b,183854.0,DONE,1,183854.0,"{'HIRE': 277, 'BUY_ANIMAL': 8, 'BUY_SEED': 18, 'BUY_PRODUCT': 248, 'SELL': 338, 'BUY_LAND': 2}",0.346375,random,0.0,DONE,0.096541,0.1405,0.253625,win,0,217
"{'PASS': 812, 'PICKUP': 167, 'WEST': 978, 'NORTH': 904, 'BUILD_PASTURE': 14, 'PLACE': 14, 'PLANT': 158, 'WATER': 922, 'FEED': 314, 'CARE': 322, 'EAST': 740, 'COLLECT_FERTILIZER': 314, 'SOUTH': 638, 'DROP': 106, 'HARVEST': 374, 'FERTILIZE': 80, 'DIG': 43}",0,719,v025b,179298.0,DONE,1,179298.0,"{'HIRE': 277, 'BUY_ANIMAL': 8, 'BUY_SEED': 18, 'BUY_PRODUCT': 248, 'SELL': 339, 'BUY_LAND': 2}",0.384083,random,0.0,DONE,0.097,0.146375,0.269583,win,1,217
"{'PASS': 812, 'PICKUP': 167, 'WEST': 978, 'NORTH': 904, 'BUILD_PASTURE': 14, 'PLACE': 14, 'PLANT': 158, 'WATER': 922, 'FEED': 314, 'CARE': 322, 'EAST': 740, 'COLLECT_FERTILIZER': 314, 'SOUTH': 638, 'DROP': 106, 'HARVEST': 374, 'FERTILIZE': 80, 'DIG': 43}",0,719,v025b,196514.0,DONE,1,196514.0,"{'HIRE': 277, 'BUY_ANIMAL': 8, 'BUY_SEED': 18, 'BUY_PRODUCT': 248, 'SELL': 337, 'BUY_LAND': 2}",33.85,random,0.0,DONE,0.095958,0.155209,0.272084,win,0,317
"{'PASS': 812, 'PICKUP': 167, 'WEST': 978, 'NORTH': 904, 'BUILD_PASTURE': 14, 'PLACE': 14, 'PLANT': 158, 'WATER': 922, 'FEED': 314, 'CARE': 322, 'EAST': 740, 'COLLECT_FERTILIZER': 314, 'SOUTH': 638, 'DROP': 106, 'HARVEST': 374, 'FERTILIZE': 80, 'DIG': 43}",0,719,v025b,190245.0,DONE,1,190245.0,"{'HIRE': 277, 'BUY_ANIMAL': 8, 'BUY_SEED': 18, 'BUY_PRODUCT': 248, 'SELL': 338, 'BUY_LAND': 2}",45.501792,random,0.0,DONE,0.096292,0.159084,0.274209,win,1,317
"{'PASS': 812, 'PICKUP': 167, 'WEST': 978, 'NORTH': 904, 'BUILD_PASTURE': 14, 'PLACE': 14, 'PLANT': 158, 'WATER': 922, 'FEED': 314, 'CARE': 322, 'EAST': 740, 'COLLECT_FERTILIZER': 314, 'SOUTH': 638, 'DROP': 106, 'HARVEST': 374, 'FERTILIZE': 80, 'DIG': 43}",0,719,v025b,196170.0,DONE,1,196170.0,"{'HIRE': 277, 'BUY_ANIMAL': 8, 'BUY_SEED': 18, 'BUY_PRODUCT': 248, 'SELL': 338, 'BUY_LAND': 2}",45.690125,random,0.0,DONE,0.09875,0.163792,0.264375,win,0,733
"{'PASS': 812, 'PICKUP': 167, 'WEST': 978, 'NORTH': 904, 'BUILD_PASTURE': 14, 'PLACE': 14, 'PLANT': 158, 'WATER': 922, 'FEED': 314, 'CARE': 322, 'EAST': 740, 'COLLECT_FERTILIZER': 314, 'SOUTH': 638, 'DROP': 106, 'HARVEST': 374, 'FERTILIZE': 80, 'DIG': 43}",0,719,v025b,182266.0,DONE,1,182266.0,"{'HIRE': 277, 'BUY_ANIMAL': 8, 'BUY_SEED': 18, 'BUY_PRODUCT': 248, 'SELL': 338, 'BUY_LAND': 2}",43.584083,random,0.0,DONE,0.09625,0.152917,0.26275,win,1,733
"{'BUILD_PASTURE': 14, 'NORTH': 1022, 'WEST': 883, 'PICKUP': 261, 'PLACE': 14, 'PLANT': 135, 'WATER': 924, 'EAST': 668, 'SOUTH': 786, 'FEED': 322, 'CARE': 319, 'PASS': 447, 'COLLECT_FERTILIZER': 322, 'DROP': 100, 'HARVEST': 341, 'DIG': 36, 'FERTILIZE': 103}",0,719,v022c,131700.0,DONE,1,27057.0,"{'BUY_ANIMAL': 10, 'BUY_SEED': 62, 'BUY_PRODUCT': 163, 'HIRE': 284, 'SELL': 231, 'BUY_LAND': 2}",0.343625,root,104643.0,DONE,0.053875,0.083917,0.189042,win,0,17
"{'BUILD_PASTURE': 14, 'NORTH': 1022, 'WEST': 883, 'PICKUP': 261, 'PLACE': 14, 'PLANT': 135, 'WATER': 924, 'EAST': 668, 'SOUTH': 786, 'FEED': 322, 'CARE': 319, 'PASS': 448, 'COLLECT_FERTILIZER': 322, 'DROP': 100, 'HARVEST': 341, 'DIG': 35, 'FERTILIZE': 103}",0,719,v022c,129705.0,DONE,1,30309.0,"{'BUY_ANIMAL': 10, 'BUY_SEED': 62, 'BUY_PRODUCT': 163, 'HIRE': 284, 'SELL': 231, 'BUY_LAND': 2}",16.677875,root,99396.0,DONE,0.051542,0.068542,0.091542,win,1,17
"{'BUILD_PASTURE': 14, 'NORTH': 1022, 'WEST': 883, 'PICKUP': 261, 'PLACE': 14, 'PLANT': 134, 'WATER': 924, 'EAST': 668, 'SOUTH': 786, 'FEED': 322, 'CARE': 319, 'PASS': 448, 'COLLECT_FERTILIZER': 322, 'DROP': 100, 'HARVEST': 341, 'DIG': 36, 'FERTILIZE': 103}",0,719,v022c,63918.0,DONE,1,-35364.0,"{'BUY_ANIMAL': 10, 'BUY_SEED': 62, 'BUY_PRODUCT': 163, 'HIRE': 284, 'SELL': 231, 'BUY_LAND': 2}",0.306,root,99282.0,DONE,0.0535,0.094875,0.198333,loss,0,42
"{'BUILD_PASTURE': 14, 'NORTH': 1022, 'WEST': 883, 'PICKUP': 261, 'PLACE': 14, 'PLANT': 134, 'WATER': 924, 'EAST': 668, 'SOUTH': 786, 'FEED': 322, 'CARE': 319, 'PASS': 448, 'COLLECT_FERTILIZER': 322, 'DROP': 100, 'HARVEST': 341, 'DIG': 36, 'FERTILIZE': 103}",0,719,v022c,64109.0,DONE,1,-32167.0,"{'BUY_ANIMAL': 10, 'BUY_SEED': 62, 'BUY_PRODUCT': 163, 'HIRE': 284, 'SELL': 231, 'BUY_LAND': 2}",0.244417,root,96276.0,DONE,0.051416,0.068292,0.088792,loss,1,42
"{'BUILD_PASTURE': 14, 'NORTH': 1022, 'WEST': 883, 'PICKUP': 261, 'PLACE': 14, 'PLANT': 134, 'WATER': 924, 'EAST': 668, 'SOUTH': 786, 'FEED': 322, 'CARE': 319, 'PASS': 447, 'COLLECT_FERTILIZER': 322, 'DROP': 100, 'HARVEST': 341, 'DIG': 37, 'FERTILIZE': 103}",0,719,v022c,61994.0,DONE,1,-27315.0,"{'BUY_ANIMAL': 10, 'BUY_SEED': 62, 'BUY_PRODUCT': 163, 'HIRE': 284, 'SELL': 231, 'BUY_LAND': 2}",0.24025,root,89309.0,DONE,0.053083,0.093208,0.129375,loss,0,2026
"{'BUILD_PASTURE': 14, 'NORTH': 1022, 'WEST': 883, 'PICKUP': 261, 'PLACE': 14, 'PLANT': 134, 'WATER': 924, 'EAST': 668, 'SOUTH': 786, 'FEED': 322, 'CARE': 319, 'PASS': 448, 'COLLECT_FERTILIZER': 322, 'DROP': 100, 'HARVEST': 341, 'DIG': 36, 'FERTILIZE': 103}",0,719,v022c,61994.0,DONE,1,-27315.0,"{'BUY_ANIMAL': 10, 'BUY_SEED': 62, 'BUY_PRODUCT': 163, 'HIRE': 284, 'SELL': 231, 'BUY_LAND': 2}",0.410416,root,89309.0,DONE,0.0515,0.068,0.090166,loss,1,2026
"{'BUILD_PASTURE': 14, 'NORTH': 1022, 'WEST': 882, 'PICKUP': 261, 'PLACE': 14, 'PLANT': 135, 'WATER': 924, 'EAST': 668, 'SOUTH': 786, 'FEED': 322, 'CARE': 319, 'PASS': 448, 'COLLECT_FERTILIZER': 322, 'DROP': 100, 'HARVEST': 341, 'DIG': 36, 'FERTILIZE': 103}",0,719,v022c,144867.0,DONE,1,38360.0,"{'BUY_ANIMAL': 10, 'BUY_SEED': 62, 'BUY_PRODUCT': 163, 'HIRE': 284, 'SELL': 231, 'BUY_LAND': 2}",0.220291,root,106507.0,DONE,0.053458,0.084125,0.098083,win,0,217
"{'BUILD_PASTURE': 14, 'NORTH': 1022, 'WEST': 883, 'PICKUP': 261, 'PLACE': 14, 'PLANT': 135, 'WATER': 923, 'EAST': 668, 'SOUTH': 786, 'FEED': 322, 'CARE': 319, 'PASS': 447, 'COLLECT_FERTILIZER': 322, 'DROP': 100, 'HARVEST': 341, 'DIG': 37, 'FERTILIZE': 103}",0,719,v022c,141800.0,DONE,1,38014.0,"{'BUY_ANIMAL': 10, 'BUY_SEED': 62, 'BUY_PRODUCT': 163, 'HIRE': 284, 'SELL': 231, 'BUY_LAND': 2}",0.177375,root,103786.0,DONE,0.05125,0.070417,0.098584,win,1,217
"{'BUILD_PASTURE': 14, 'NORTH': 1022, 'WEST': 883, 'PICKUP': 261, 'PLACE': 14, 'PLANT': 135, 'WATER': 924, 'EAST': 668, 'SOUTH': 786, 'FEED': 322, 'CARE': 319, 'PASS': 448, 'COLLECT_FERTILIZER': 321, 'DROP': 100, 'HARVEST': 341, 'DIG': 36, 'FERTILIZE': 103}",0,719,v022c,154630.0,DONE,1,45671.0,"{'BUY_ANIMAL': 10, 'BUY_SEED': 62, 'BUY_PRODUCT': 163, 'HIRE': 284, 'SELL': 231, 'BUY_LAND': 2}",57.282042,root,108959.0,DONE,0.052458,0.084167,0.208667,win,0,317
"{'BUILD_PASTURE': 14, 'NORTH': 1022, 'WEST': 883, 'PICKUP': 261, 'PLACE': 14, 'PLANT': 135, 'WATER': 924, 'EAST': 668, 'SOUTH': 786, 'FEED': 322, 'CARE': 319, 'PASS': 448, 'COLLECT_FERTILIZER': 322, 'DROP': 100, 'HARVEST': 341, 'DIG': 35, 'FERTILIZE': 103}",0,719,v022c,154630.0,DONE,1,45671.0,"{'BUY_ANIMAL': 10, 'BUY_SEED': 62, 'BUY_PRODUCT': 163, 'HIRE': 284, 'SELL': 231, 'BUY_LAND': 2}",0.386625,root,108959.0,DONE,0.05125,0.070666,0.101167,win,1,317
"{'BUILD_PASTURE': 14, 'NORTH': 1021, 'WEST': 883, 'PICKUP': 261, 'PLACE': 14, 'PLANT': 134, 'WATER': 923, 'EAST': 668, 'SOUTH': 786, 'FEED': 322, 'CARE': 319, 'PASS': 448, 'COLLECT_FERTILIZER': 322, 'DROP': 100, 'HARVEST': 341, 'DIG': 38, 'FERTILIZE': 103}",0,719,v022c,153737.0,DONE,1,47195.0,"{'BUY_ANIMAL': 10, 'BUY_SEED': 62, 'BUY_PRODUCT': 163, 'HIRE': 284, 'SELL': 231, 'BUY_LAND': 2}",0.266834,root,106542.0,DONE,0.053041,0.081292,0.204583,win,0,733
"{'BUILD_PASTURE': 14, 'NORTH': 1022, 'WEST': 883, 'PICKUP': 261, 'PLACE': 14, 'PLANT': 135, 'WATER': 924, 'EAST': 668, 'SOUTH': 786, 'FEED': 322, 'CARE': 319, 'PASS': 447, 'COLLECT_FERTILIZER': 322, 'DROP': 100, 'HARVEST': 341, 'DIG': 36, 'FERTILIZE': 103}",0,719,v022c,138277.0,DONE,1,47095.0,"{'BUY_ANIMAL': 10, 'BUY_SEED': 62, 'BUY_PRODUCT': 163, 'HIRE': 284, 'SELL': 231, 'BUY_LAND': 2}",0.238416,root,91182.0,DONE,0.051209,0.068583,0.085917,win,1,733
"{'BUILD_PASTURE': 14, 'NORTH': 1030, 'WEST': 896, 'PICKUP': 262, 'PLACE': 14, 'PLANT': 135, 'WATER': 937, 'EAST': 671, 'SOUTH': 793, 'FEED': 323, 'CARE': 322, 'PASS': 461, 'COLLECT_FERTILIZER': 324, 'DROP': 100, 'HARVEST': 341, 'DIG': 32, 'FERTILIZE': 103}",0,719,v022c,103682.0,DONE,1,899.0,"{'BUY_ANIMAL': 10, 'BUY_SEED': 62, 'BUY_PRODUCT': 163, 'HIRE': 284, 'SELL': 231, 'BUY_LAND': 2}",49.260708,v012,102783.0,DONE,0.051333,0.079708,0.10825,win,0,17
"{'BUILD_PASTURE': 14, 'NORTH': 1030, 'WEST': 896, 'PICKUP': 262, 'PLACE': 14, 'PLANT': 135, 'WATER': 938, 'EAST': 671, 'SOUTH': 793, 'FEED': 323, 'CARE': 322, 'PASS': 461, 'COLLECT_FERTILIZER': 324, 'DROP': 100, 'HARVEST': 341, 'DIG': 31, 'FERTILIZE': 103}",0,719,v022c,104673.0,DONE,1,2676.0,"{'BUY_ANIMAL': 10, 'BUY_SEED': 62, 'BUY_PRODUCT': 163, 'HIRE': 284, 'SELL': 231, 'BUY_LAND': 2}",0.196042,v012,101997.0,DONE,0.050084,0.073292,0.085167,win,1,17
"{'BUILD_PASTURE': 14, 'NORTH': 1030, 'WEST': 896, 'PICKUP': 262, 'PLACE': 14, 'PLANT': 135, 'WATER': 937, 'EAST': 671, 'SOUTH': 793, 'FEED': 323, 'CARE': 322, 'PASS': 461, 'COLLECT_FERTILIZER': 324, 'DROP': 100, 'HARVEST': 341, 'DIG': 32, 'FERTILIZE': 103}",0,719,v022c,130046.0,DONE,1,2604.0,"{'BUY_ANIMAL': 10, 'BUY_SEED': 62, 'BUY_PRODUCT': 163, 'HIRE': 284, 'SELL': 231, 'BUY_LAND': 2}",0.38375,v012,127442.0,DONE,0.051667,0.081041,0.200542,win,0,42
"{'BUILD_PASTURE': 14, 'NORTH': 1029, 'WEST': 896, 'PICKUP': 262, 'PLACE': 14, 'PLANT': 135, 'WATER': 937, 'EAST': 671, 'SOUTH': 793, 'FEED': 323, 'CARE': 322, 'PASS': 461, 'COLLECT_FERTILIZER': 324, 'DROP': 100, 'HARVEST': 341, 'DIG': 33, 'FERTILIZE': 103}",0,719,v022c,129223.0,DONE,1,1125.0,"{'BUY_ANIMAL': 10, 'BUY_SEED': 62, 'BUY_PRODUCT': 163, 'HIRE': 284, 'SELL': 231, 'BUY_LAND': 2}",0.357167,v012,128098.0,DONE,0.050209,0.070666,0.086708,win,1,42
"{'BUILD_PASTURE': 14, 'NORTH': 1030, 'WEST': 896, 'PICKUP': 262, 'PLACE': 14, 'PLANT': 135, 'WATER': 936, 'EAST': 671, 'SOUTH': 792, 'FEED': 323, 'CARE': 322, 'PASS': 461, 'COLLECT_FERTILIZER': 324, 'DROP': 100, 'HARVEST': 341, 'DIG': 34, 'FERTILIZE': 103}",0,719,v022c,144474.0,DONE,1,2089.0,"{'BUY_ANIMAL': 10, 'BUY_SEED': 62, 'BUY_PRODUCT': 163, 'HIRE': 284, 'SELL': 231, 'BUY_LAND': 2}",0.364959,v012,142385.0,DONE,0.052166,0.084459,0.205,win,0,2026
"{'BUILD_PASTURE': 14, 'NORTH': 1030, 'WEST': 896, 'PICKUP': 262, 'PLACE': 14, 'PLANT': 135, 'WATER': 938, 'EAST': 671, 'SOUTH': 793, 'FEED': 323, 'CARE': 322, 'PASS': 461, 'COLLECT_FERTILIZER': 324, 'DROP': 99, 'HARVEST': 341, 'DIG': 32, 'FERTILIZE': 103}",0,719,v022c,150382.0,DONE,1,1825.0,"{'BUY_ANIMAL': 10, 'BUY_SEED': 62, 'BUY_PRODUCT': 163, 'HIRE': 284, 'SELL': 231, 'BUY_LAND': 2}",0.273083,v012,148557.0,DONE,0.049917,0.0705,0.095958,win,1,2026
"{'BUILD_PASTURE': 14, 'NORTH': 1030, 'WEST': 896, 'PICKUP': 262, 'PLACE': 14, 'PLANT': 135, 'WATER': 938, 'EAST': 671, 'SOUTH': 793, 'FEED': 323, 'CARE': 322, 'PASS': 460, 'COLLECT_FERTILIZER': 324, 'DROP': 100, 'HARVEST': 341, 'DIG': 32, 'FERTILIZE': 103}",0,719,v022c,127598.0,DONE,1,2525.0,"{'BUY_ANIMAL': 10, 'BUY_SEED': 62, 'BUY_PRODUCT': 163, 'HIRE': 284, 'SELL': 231, 'BUY_LAND': 2}",0.272125,v012,125073.0,DONE,0.052,0.080958,0.126125,win,0,217
"{'BUILD_PASTURE': 14, 'NORTH': 1030, 'WEST': 896, 'PICKUP': 262, 'PLACE': 14, 'PLANT': 135, 'WATER': 938, 'EAST': 671, 'SOUTH': 793, 'FEED': 323, 'CARE': 322, 'PASS': 460, 'COLLECT_FERTILIZER': 324, 'DROP': 100, 'HARVEST': 341, 'DIG': 32, 'FERTILIZE': 103}",0,719,v022c,127730.0,DONE,1,2640.0,"{'BUY_ANIMAL': 10, 'BUY_SEED': 62, 'BUY_PRODUCT': 163, 'HIRE': 284, 'SELL': 231, 'BUY_LAND': 2}",0.296833,v012,125090.0,DONE,0.0505,0.072167,0.08575,win,1,217
"{'BUILD_PASTURE': 14, 'NORTH': 1030, 'WEST': 896, 'PICKUP': 262, 'PLACE': 14, 'PLANT': 135, 'WATER': 938, 'EAST': 671, 'SOUTH': 793, 'FEED': 323, 'CARE': 322, 'PASS': 461, 'COLLECT_FERTILIZER': 323, 'DROP': 100, 'HARVEST': 341, 'DIG': 32, 'FERTILIZE': 103}",0,719,v022c,131522.0,DONE,1,2768.0,"{'BUY_ANIMAL': 10, 'BUY_SEED': 62, 'BUY_PRODUCT': 163, 'HIRE': 284, 'SELL': 231, 'BUY_LAND': 2}",41.769791,v012,128754.0,DONE,0.051125,0.079834,0.112667,win,0,317
"{'BUILD_PASTURE': 14, 'NORTH': 1030, 'WEST': 896, 'PICKUP': 262, 'PLACE': 14, 'PLANT': 135, 'WATER': 938, 'EAST': 671, 'SOUTH': 793, 'FEED': 323, 'CARE': 322, 'PASS': 461, 'COLLECT_FERTILIZER': 324, 'DROP': 100, 'HARVEST': 341, 'DIG': 31, 'FERTILIZE': 103}",0,719,v022c,131541.0,DONE,1,3039.0,"{'BUY_ANIMAL': 10, 'BUY_SEED': 62, 'BUY_PRODUCT': 163, 'HIRE': 284, 'SELL': 231, 'BUY_LAND': 2}",0.264,v012,128502.0,DONE,0.049917,0.070791,0.086417,win,1,317
"{'BUILD_PASTURE': 14, 'NORTH': 1030, 'WEST': 896, 'PICKUP': 262, 'PLACE': 14, 'PLANT': 135, 'WATER': 937, 'EAST': 671, 'SOUTH': 793, 'FEED': 323, 'CARE': 322, 'PASS': 461, 'COLLECT_FERTILIZER': 323, 'DROP': 100, 'HARVEST': 341, 'DIG': 33, 'FERTILIZE': 103}",0,719,v022c,109119.0,DONE,1,1230.0,"{'BUY_ANIMAL': 10, 'BUY_SEED': 62, 'BUY_PRODUCT': 163, 'HIRE': 284, 'SELL': 231, 'BUY_LAND': 2}",0.294208,v012,107889.0,DONE,0.051709,0.081875,0.206916,win,0,733
"{'BUILD_PASTURE': 14, 'NORTH': 1030, 'WEST': 896, 'PICKUP': 262, 'PLACE': 14, 'PLANT': 135, 'WATER': 938, 'EAST': 671, 'SOUTH': 792, 'FEED': 323, 'CARE': 322, 'PASS': 461, 'COLLECT_FERTILIZER': 324, 'DROP': 100, 'HARVEST': 341, 'DIG': 32, 'FERTILIZE': 103}",0,719,v022c,105450.0,DONE,1,1560.0,"{'BUY_ANIMAL': 10, 'BUY_SEED': 62, 'BUY_PRODUCT': 163, 'HIRE': 284, 'SELL': 231, 'BUY_LAND': 2}",40.585708,v012,103890.0,DONE,0.049875,0.072375,0.109916,win,1,733
"{'BUILD_PASTURE': 12, 'NORTH': 884, 'WEST': 756, 'PICKUP': 232, 'PLACE': 12, 'PLANT': 125, 'WATER': 813, 'EAST': 579, 'SOUTH': 671, 'FEED': 300, 'CARE': 264, 'PASS': 366, 'COLLECT_FERTILIZER': 283, 'DIG': 36, 'DROP': 88, 'HARVEST': 308, 'FERTILIZE': 86}",0,719,v022c,6532.0,DONE,1,-2514.0,"{'BUY_ANIMAL': 10, 'BUY_SEED': 62, 'BUY_PRODUCT': 163, 'HIRE': 284, 'SELL': 231, 'BUY_LAND': 2}",0.2495,v022c,9046.0,DONE,0.048667,0.073708,0.116083,loss,0,17
"{'BUILD_PASTURE': 12, 'NORTH': 969, 'WEST': 826, 'PICKUP': 244, 'PLACE': 12, 'PLANT': 133, 'WATER': 896, 'EAST': 641, 'SOUTH': 745, 'FEED': 307, 'CARE': 294, 'PASS': 415, 'COLLECT_FERTILIZER': 303, 'DROP': 94, 'HARVEST': 326, 'DIG': 33, 'FERTILIZE': 98}",0,719,v022c,9046.0,DONE,1,2514.0,"{'BUY_ANIMAL': 10, 'BUY_SEED': 62, 'BUY_PRODUCT': 163, 'HIRE': 284, 'SELL': 231, 'BUY_LAND': 2}",0.301708,v022c,6532.0,DONE,0.045166,0.078334,0.129208,win,1,17
"{'BUILD_PASTURE': 14, 'NORTH': 1018, 'WEST': 878, 'PICKUP': 261, 'PLACE': 14, 'PLANT': 134, 'WATER': 920, 'EAST': 665, 'SOUTH': 783, 'FEED': 322, 'CARE': 317, 'PASS': 442, 'COLLECT_FERTILIZER': 320, 'DROP': 100, 'HARVEST': 341, 'DIG': 36, 'FERTILIZE': 103}",0,719,v022c,61106.0,DONE,1,0.0,"{'BUY_ANIMAL': 10, 'BUY_SEED': 62, 'BUY_PRODUCT': 163, 'HIRE': 284, 'SELL': 231, 'BUY_LAND': 2}",43.718083,v022c,61106.0,DONE,0.054125,0.100625,0.228333,tie,0,42
"{'BUILD_PASTURE': 14, 'NORTH': 1018, 'WEST': 878, 'PICKUP': 261, 'PLACE': 14, 'PLANT': 134, 'WATER': 920, 'EAST': 665, 'SOUTH': 783, 'FEED': 322, 'CARE': 317, 'PASS': 442, 'COLLECT_FERTILIZER': 320, 'DROP': 100, 'HARVEST': 341, 'DIG': 36, 'FERTILIZE': 103}",0,719,v022c,61106.0,DONE,1,0.0,"{'BUY_ANIMAL': 10, 'BUY_SEED': 62, 'BUY_PRODUCT': 163, 'HIRE': 284, 'SELL': 231, 'BUY_LAND': 2}",0.415,v022c,61106.0,DONE,0.045917,0.067958,0.084583,tie,1,42
"{'BUILD_PASTURE': 14, 'NORTH': 1018, 'WEST': 878, 'PICKUP': 261, 'PLACE': 14, 'PLANT': 134, 'WATER': 920, 'EAST': 665, 'SOUTH': 783, 'FEED': 322, 'CARE': 317, 'PASS': 441, 'COLLECT_FERTILIZER': 320, 'DROP': 100, 'HARVEST': 341, 'DIG': 37, 'FERTILIZE': 103}",0,719,v022c,54446.0,DONE,1,0.0,"{'BUY_ANIMAL': 10, 'BUY_SEED': 62, 'BUY_PRODUCT': 163, 'HIRE': 284, 'SELL': 231, 'BUY_LAND': 2}",0.27775,v022c,54446.0,DONE,0.054083,0.107416,0.225834,tie,0,2026
"{'BUILD_PASTURE': 14, 'NORTH': 1018, 'WEST': 878, 'PICKUP': 261, 'PLACE': 14, 'PLANT': 134, 'WATER': 920, 'EAST': 665, 'SOUTH': 783, 'FEED': 322, 'CARE': 317, 'PASS': 442, 'COLLECT_FERTILIZER': 320, 'DROP': 100, 'HARVEST': 341, 'DIG': 36, 'FERTILIZE': 103}",0,719,v022c,54446.0,DONE,1,0.0,"{'BUY_ANIMAL': 10, 'BUY_SEED': 62, 'BUY_PRODUCT': 163, 'HIRE': 284, 'SELL': 231, 'BUY_LAND': 2}",0.295875,v022c,54446.0,DONE,0.046542,0.06575,0.081334,tie,1,2026
"{'BUILD_PASTURE': 14, 'NORTH': 1018, 'WEST': 878, 'PICKUP': 261, 'PLACE': 14, 'PLANT': 134, 'WATER': 920, 'EAST': 664, 'SOUTH': 783, 'FEED': 322, 'CARE': 317, 'PASS': 442, 'COLLECT_FERTILIZER': 320, 'DROP': 100, 'HARVEST': 341, 'DIG': 37, 'FERTILIZE': 103}",0,719,v022c,54827.0,DONE,1,0.0,"{'BUY_ANIMAL': 10, 'BUY_SEED': 62, 'BUY_PRODUCT': 163, 'HIRE': 284, 'SELL': 231, 'BUY_LAND': 2}",35.045958,v022c,54827.0,DONE,0.055292,0.099875,0.220709,tie,0,217
"{'BUILD_PASTURE': 14, 'NORTH': 1018, 'WEST': 878, 'PICKUP': 261, 'PLACE': 14, 'PLANT': 134, 'WATER': 920, 'EAST': 665, 'SOUTH': 783, 'FEED': 322, 'CARE': 317, 'PASS': 442, 'COLLECT_FERTILIZER': 320, 'DROP': 100, 'HARVEST': 341, 'DIG': 36, 'FERTILIZE': 103}",0,719,v022c,54827.0,DONE,1,0.0,"{'BUY_ANIMAL': 10, 'BUY_SEED': 62, 'BUY_PRODUCT': 163, 'HIRE': 284, 'SELL': 231, 'BUY_LAND': 2}",0.371792,v022c,54827.0,DONE,0.046292,0.063583,0.081833,tie,1,217
"{'BUILD_PASTURE': 14, 'NORTH': 1018, 'WEST': 878, 'PICKUP': 261, 'PLACE': 14, 'PLANT': 135, 'WATER': 920, 'EAST': 665, 'SOUTH': 783, 'FEED': 322, 'CARE': 317, 'PASS': 442, 'COLLECT_FERTILIZER': 319, 'DROP': 100, 'HARVEST': 341, 'DIG': 36, 'FERTILIZE': 103}",0,719,v022c,143837.0,DONE,1,-29.0,"{'BUY_ANIMAL': 10, 'BUY_SEED': 62, 'BUY_PRODUCT': 163, 'HIRE': 284, 'SELL': 231, 'BUY_LAND': 2}",24.947125,v022c,143866.0,DONE,0.05275,0.0845,0.213584,loss,0,317
"{'BUILD_PASTURE': 14, 'NORTH': 1018, 'WEST': 878, 'PICKUP': 261, 'PLACE': 14, 'PLANT': 135, 'WATER': 920, 'EAST': 665, 'SOUTH': 783, 'FEED': 322, 'CARE': 317, 'PASS': 442, 'COLLECT_FERTILIZER': 320, 'DROP': 100, 'HARVEST': 341, 'DIG': 35, 'FERTILIZE': 103}",0,719,v022c,143866.0,DONE,1,29.0,"{'BUY_ANIMAL': 10, 'BUY_SEED': 62, 'BUY_PRODUCT': 163, 'HIRE': 284, 'SELL': 231, 'BUY_LAND': 2}",0.237916,v022c,143837.0,DONE,0.047333,0.065083,0.101708,win,1,317
"{'BUILD_PASTURE': 14, 'NORTH': 1018, 'WEST': 878, 'PICKUP': 261, 'PLACE': 14, 'PLANT': 134, 'WATER': 919, 'EAST': 665, 'SOUTH': 783, 'FEED': 322, 'CARE': 317, 'PASS': 442, 'COLLECT_FERTILIZER': 320, 'DROP': 100, 'HARVEST': 341, 'DIG': 37, 'FERTILIZE': 103}",0,719,v022c,52180.0,DONE,1,-651.0,"{'BUY_ANIMAL': 10, 'BUY_SEED': 62, 'BUY_PRODUCT': 163, 'HIRE': 284, 'SELL': 231, 'BUY_LAND': 2}",0.412541,v022c,52831.0,DONE,0.052375,0.095667,0.229084,loss,0,733
"{'BUILD_PASTURE': 14, 'NORTH': 1018, 'WEST': 878, 'PICKUP': 261, 'PLACE': 14, 'PLANT': 134, 'WATER': 920, 'EAST': 665, 'SOUTH': 783, 'FEED': 322, 'CARE': 317, 'PASS': 442, 'COLLECT_FERTILIZER': 320, 'DROP': 100, 'HARVEST': 341, 'DIG': 36, 'FERTILIZE': 103}",0,719,v022c,52831.0,DONE,1,651.0,"{'BUY_ANIMAL': 10, 'BUY_SEED': 62, 'BUY_PRODUCT': 163, 'HIRE': 284, 'SELL': 231, 'BUY_LAND': 2}",0.469167,v022c,52180.0,DONE,0.046583,0.067041,0.171125,win,1,733
"{'BUILD_PASTURE': 14, 'NORTH': 1030, 'WEST': 896, 'PICKUP': 262, 'PLACE': 14, 'PLANT': 135, 'WATER': 937, 'EAST': 671, 'SOUTH': 793, 'FEED': 323, 'CARE': 322, 'PASS': 461, 'COLLECT_FERTILIZER': 324, 'DROP': 100, 'HARVEST': 341, 'DIG': 32, 'FERTILIZE': 103}",0,719,v022c,107634.0,DONE,1,5965.0,"{'BUY_ANIMAL': 10, 'BUY_SEED': 62, 'BUY_PRODUCT': 163, 'HIRE': 284, 'SELL': 231, 'BUY_LAND': 2}",0.251792,v024a,101669.0,DONE,0.052167,0.083208,0.202917,win,0,17
"{'BUILD_PASTURE': 14, 'NORTH': 1030, 'WEST': 896, 'PICKUP': 262, 'PLACE': 14, 'PLANT': 135, 'WATER': 937, 'EAST': 671, 'SOUTH': 793, 'FEED': 323, 'CARE': 322, 'PASS': 461, 'COLLECT_FERTILIZER': 324, 'DROP': 100, 'HARVEST': 341, 'DIG': 32, 'FERTILIZE': 103}",0,719,v022c,107634.0,DONE,1,5965.0,"{'BUY_ANIMAL': 10, 'BUY_SEED': 62, 'BUY_PRODUCT': 163, 'HIRE': 284, 'SELL': 231, 'BUY_LAND': 2}",0.303292,v024a,101669.0,DONE,0.047958,0.06725,0.08325,win,1,17
"{'BUILD_PASTURE': 14, 'NORTH': 1030, 'WEST': 896, 'PICKUP': 262, 'PLACE': 14, 'PLANT': 135, 'WATER': 937, 'EAST': 671, 'SOUTH': 793, 'FEED': 323, 'CARE': 322, 'PASS': 461, 'COLLECT_FERTILIZER': 324, 'DROP': 100, 'HARVEST': 341, 'DIG': 32, 'FERTILIZE': 103}",0,719,v022c,102368.0,DONE,1,32903.0,"{'BUY_ANIMAL': 10, 'BUY_SEED': 62, 'BUY_PRODUCT': 163, 'HIRE': 284, 'SELL': 231, 'BUY_LAND': 2}",0.275,v024a,69465.0,DONE,0.0525,0.082,0.196792,win,0,42
"{'BUILD_PASTURE': 14, 'NORTH': 1030, 'WEST': 895, 'PICKUP': 262, 'PLACE': 14, 'PLANT': 135, 'WATER': 938, 'EAST': 671, 'SOUTH': 793, 'FEED': 323, 'CARE': 322, 'PASS': 461, 'COLLECT_FERTILIZER': 324, 'DROP': 100, 'HARVEST': 341, 'DIG': 32, 'FERTILIZE': 103}",0,719,v022c,95450.0,DONE,1,24033.0,"{'BUY_ANIMAL': 10, 'BUY_SEED': 62, 'BUY_PRODUCT': 163, 'HIRE': 284, 'SELL': 231, 'BUY_LAND': 2}",0.238292,v024a,71417.0,DONE,0.048875,0.067834,0.08725,win,1,42
"{'BUILD_PASTURE': 14, 'NORTH': 1030, 'WEST': 896, 'PICKUP': 262, 'PLACE': 14, 'PLANT': 135, 'WATER': 936, 'EAST': 671, 'SOUTH': 792, 'FEED': 323, 'CARE': 322, 'PASS': 461, 'COLLECT_FERTILIZER': 324, 'DROP': 100, 'HARVEST': 341, 'DIG': 34, 'FERTILIZE': 103}",0,719,v022c,118307.0,DONE,1,25472.0,"{'BUY_ANIMAL': 10, 'BUY_SEED': 62, 'BUY_PRODUCT': 163, 'HIRE': 284, 'SELL': 231, 'BUY_LAND': 2}",29.135958,v024a,92835.0,DONE,0.052083,0.082125,0.206292,win,0,2026
"{'BUILD_PASTURE': 14, 'NORTH': 1030, 'WEST': 896, 'PICKUP': 262, 'PLACE': 14, 'PLANT': 135, 'WATER': 938, 'EAST': 671, 'SOUTH': 793, 'FEED': 323, 'CARE': 322, 'PASS': 460, 'COLLECT_FERTILIZER': 324, 'DROP': 100, 'HARVEST': 341, 'DIG': 32, 'FERTILIZE': 103}",0,719,v022c,122438.0,DONE,1,25292.0,"{'BUY_ANIMAL': 10, 'BUY_SEED': 62, 'BUY_PRODUCT': 163, 'HIRE': 284, 'SELL': 231, 'BUY_LAND': 2}",0.214709,v024a,97146.0,DONE,0.048209,0.067166,0.089,win,1,2026
"{'BUILD_PASTURE': 14, 'NORTH': 1030, 'WEST': 896, 'PICKUP': 262, 'PLACE': 14, 'PLANT': 135, 'WATER': 938, 'EAST': 671, 'SOUTH': 793, 'FEED': 323, 'CARE': 322, 'PASS': 460, 'COLLECT_FERTILIZER': 324, 'DROP': 100, 'HARVEST': 341, 'DIG': 32, 'FERTILIZE': 103}",0,719,v022c,147921.0,DONE,1,1257.0,"{'BUY_ANIMAL': 10, 'BUY_SEED': 62, 'BUY_PRODUCT': 163, 'HIRE': 284, 'SELL': 231, 'BUY_LAND': 2}",0.22525,v024a,146664.0,DONE,0.051917,0.079042,0.133083,win,0,217
"{'BUILD_PASTURE': 14, 'NORTH': 1030, 'WEST': 896, 'PICKUP': 262, 'PLACE': 14, 'PLANT': 134, 'WATER': 938, 'EAST': 670, 'SOUTH': 793, 'FEED': 323, 'CARE': 322, 'PASS': 461, 'COLLECT_FERTILIZER': 324, 'DROP': 100, 'HARVEST': 341, 'DIG': 33, 'FERTILIZE': 103}",0,719,v022c,149434.0,DONE,1,1177.0,"{'BUY_ANIMAL': 10, 'BUY_SEED': 62, 'BUY_PRODUCT': 163, 'HIRE': 284, 'SELL': 231, 'BUY_LAND': 2}",0.250666,v024a,148257.0,DONE,0.048417,0.065667,0.080084,win,1,217
"{'BUILD_PASTURE': 14, 'NORTH': 1030, 'WEST': 896, 'PICKUP': 262, 'PLACE': 14, 'PLANT': 135, 'WATER': 938, 'EAST': 671, 'SOUTH': 793, 'FEED': 323, 'CARE': 322, 'PASS': 461, 'COLLECT_FERTILIZER': 323, 'DROP': 100, 'HARVEST': 341, 'DIG': 32, 'FERTILIZE': 103}",0,719,v022c,114355.0,DONE,1,28888.0,"{'BUY_ANIMAL': 10, 'BUY_SEED': 62, 'BUY_PRODUCT': 163, 'HIRE': 284, 'SELL': 231, 'BUY_LAND': 2}",60.015458,v024a,85467.0,DONE,0.052042,0.08025,0.201958,win,0,317
"{'BUILD_PASTURE': 14, 'NORTH': 1030, 'WEST': 896, 'PICKUP': 262, 'PLACE': 14, 'PLANT': 135, 'WATER': 937, 'EAST': 671, 'SOUTH': 793, 'FEED': 323, 'CARE': 322, 'PASS': 461, 'COLLECT_FERTILIZER': 324, 'DROP': 100, 'HARVEST': 341, 'DIG': 32, 'FERTILIZE': 103}",0,719,v022c,114218.0,DONE,1,28753.0,"{'BUY_ANIMAL': 10, 'BUY_SEED': 62, 'BUY_PRODUCT': 163, 'HIRE': 284, 'SELL': 231, 'BUY_LAND': 2}",0.357375,v024a,85465.0,DONE,0.048375,0.064625,0.080833,win,1,317
"{'BUILD_PASTURE': 14, 'NORTH': 1030, 'WEST': 896, 'PICKUP': 262, 'PLACE': 14, 'PLANT': 135, 'WATER': 937, 'EAST': 671, 'SOUTH': 793, 'FEED': 323, 'CARE': 322, 'PASS': 461, 'COLLECT_FERTILIZER': 323, 'DROP': 100, 'HARVEST': 341, 'DIG': 33, 'FERTILIZE': 103}",0,719,v022c,132290.0,DONE,1,37832.0,"{'BUY_ANIMAL': 10, 'BUY_SEED': 62, 'BUY_PRODUCT': 163, 'HIRE': 284, 'SELL': 231, 'BUY_LAND': 2}",34.23475,v024a,94458.0,DONE,0.052334,0.080875,0.187458,win,0,733
"{'BUILD_PASTURE': 14, 'NORTH': 1030, 'WEST': 896, 'PICKUP': 262, 'PLACE': 14, 'PLANT': 135, 'WATER': 938, 'EAST': 671, 'SOUTH': 792, 'FEED': 323, 'CARE': 322, 'PASS': 461, 'COLLECT_FERTILIZER': 323, 'DROP': 100, 'HARVEST': 341, 'DIG': 33, 'FERTILIZE': 103}",0,719,v022c,131939.0,DONE,1,37592.0,"{'BUY_ANIMAL': 10, 'BUY_SEED': 62, 'BUY_PRODUCT': 163, 'HIRE': 284, 'SELL': 231, 'BUY_LAND': 2}",0.234083,v024a,94347.0,DONE,0.048042,0.065125,0.0855,win,1,733
"{'BUILD_PASTURE': 14, 'NORTH': 1030, 'WEST': 896, 'PICKUP': 262, 'PLACE': 14, 'PLANT': 135, 'WATER': 937, 'EAST': 671, 'SOUTH': 793, 'FEED': 323, 'CARE': 322, 'PASS': 461, 'COLLECT_FERTILIZER': 324, 'DROP': 100, 'HARVEST': 341, 'DIG': 32, 'FERTILIZE': 103}",0,719,v022c,107632.0,DONE,1,5987.0,"{'BUY_ANIMAL': 10, 'BUY_SEED': 62, 'BUY_PRODUCT': 163, 'HIRE': 284, 'SELL': 231, 'BUY_LAND': 2}",0.392083,v025b,101645.0,DONE,0.052417,0.080791,0.098542,win,0,17
"{'BUILD_PASTURE': 14, 'NORTH': 1030, 'WEST': 896, 'PICKUP': 262, 'PLACE': 14, 'PLANT': 135, 'WATER': 937, 'EAST': 671, 'SOUTH': 793, 'FEED': 323, 'CARE': 322, 'PASS': 461, 'COLLECT_FERTILIZER': 324, 'DROP': 100, 'HARVEST': 341, 'DIG': 32, 'FERTILIZE': 103}",0,719,v022c,107632.0,DONE,1,5987.0,"{'BUY_ANIMAL': 10, 'BUY_SEED': 62, 'BUY_PRODUCT': 163, 'HIRE': 284, 'SELL': 231, 'BUY_LAND': 2}",0.248416,v025b,101645.0,DONE,0.04875,0.069708,0.098208,win,1,17
"{'BUILD_PASTURE': 14, 'NORTH': 1030, 'WEST': 896, 'PICKUP': 262, 'PLACE': 14, 'PLANT': 135, 'WATER': 937, 'EAST': 671, 'SOUTH': 793, 'FEED': 323, 'CARE': 322, 'PASS': 461, 'COLLECT_FERTILIZER': 324, 'DROP': 100, 'HARVEST': 341, 'DIG': 32, 'FERTILIZE': 103}",0,719,v022c,80772.0,DONE,1,6065.0,"{'BUY_ANIMAL': 10, 'BUY_SEED': 62, 'BUY_PRODUCT': 163, 'HIRE': 284, 'SELL': 231, 'BUY_LAND': 2}",30.037167,v025b,74707.0,DONE,0.052542,0.082375,0.222167,win,0,42
"{'BUILD_PASTURE': 14, 'NORTH': 1030, 'WEST': 896, 'PICKUP': 262, 'PLACE': 14, 'PLANT': 135, 'WATER': 938, 'EAST': 670, 'SOUTH': 793, 'FEED': 323, 'CARE': 322, 'PASS': 461, 'COLLECT_FERTILIZER': 324, 'DROP': 100, 'HARVEST': 341, 'DIG': 32, 'FERTILIZE': 103}",0,719,v022c,81847.0,DONE,1,5586.0,"{'BUY_ANIMAL': 10, 'BUY_SEED': 62, 'BUY_PRODUCT': 163, 'HIRE': 284, 'SELL': 231, 'BUY_LAND': 2}",0.904166,v025b,76261.0,DONE,0.049,0.067083,0.088541,win,1,42
"{'BUILD_PASTURE': 14, 'NORTH': 1030, 'WEST': 896, 'PICKUP': 262, 'PLACE': 14, 'PLANT': 135, 'WATER': 936, 'EAST': 671, 'SOUTH': 792, 'FEED': 323, 'CARE': 322, 'PASS': 461, 'COLLECT_FERTILIZER': 324, 'DROP': 100, 'HARVEST': 341, 'DIG': 34, 'FERTILIZE': 103}",0,719,v022c,103253.0,DONE,1,3246.0,"{'BUY_ANIMAL': 10, 'BUY_SEED': 62, 'BUY_PRODUCT': 163, 'HIRE': 284, 'SELL': 231, 'BUY_LAND': 2}",0.232666,v025b,100007.0,DONE,0.052209,0.080959,0.142542,win,0,2026
"{'BUILD_PASTURE': 14, 'NORTH': 1029, 'WEST': 896, 'PICKUP': 262, 'PLACE': 14, 'PLANT': 135, 'WATER': 937, 'EAST': 671, 'SOUTH': 793, 'FEED': 323, 'CARE': 322, 'PASS': 461, 'COLLECT_FERTILIZER': 324, 'DROP': 100, 'HARVEST': 341, 'DIG': 33, 'FERTILIZE': 103}",0,719,v022c,102851.0,DONE,1,2920.0,"{'BUY_ANIMAL': 10, 'BUY_SEED': 62, 'BUY_PRODUCT': 163, 'HIRE': 284, 'SELL': 231, 'BUY_LAND': 2}",0.244708,v025b,99931.0,DONE,0.049125,0.07075,0.104333,win,1,2026
"{'BUILD_PASTURE': 14, 'NORTH': 1030, 'WEST': 896, 'PICKUP': 262, 'PLACE': 14, 'PLANT': 135, 'WATER': 938, 'EAST': 671, 'SOUTH': 793, 'FEED': 323, 'CARE': 322, 'PASS': 460, 'COLLECT_FERTILIZER': 324, 'DROP': 100, 'HARVEST': 341, 'DIG': 32, 'FERTILIZE': 103}",0,719,v022c,147869.0,DONE,1,1155.0,"{'BUY_ANIMAL': 10, 'BUY_SEED': 62, 'BUY_PRODUCT': 163, 'HIRE': 284, 'SELL': 231, 'BUY_LAND': 2}",0.367708,v025b,146714.0,DONE,0.052083,0.083666,0.200875,win,0,217
"{'BUILD_PASTURE': 14, 'NORTH': 1030, 'WEST': 896, 'PICKUP': 262, 'PLACE': 14, 'PLANT': 134, 'WATER': 938, 'EAST': 670, 'SOUTH': 793, 'FEED': 323, 'CARE': 322, 'PASS': 461, 'COLLECT_FERTILIZER': 324, 'DROP': 100, 'HARVEST': 341, 'DIG': 33, 'FERTILIZE': 103}",0,719,v022c,149382.0,DONE,1,1075.0,"{'BUY_ANIMAL': 10, 'BUY_SEED': 62, 'BUY_PRODUCT': 163, 'HIRE': 284, 'SELL': 231, 'BUY_LAND': 2}",0.276875,v025b,148307.0,DONE,0.049166,0.069209,0.109792,win,1,217
"{'BUILD_PASTURE': 14, 'NORTH': 1030, 'WEST': 896, 'PICKUP': 262, 'PLACE': 14, 'PLANT': 135, 'WATER': 938, 'EAST': 671, 'SOUTH': 793, 'FEED': 323, 'CARE': 322, 'PASS': 461, 'COLLECT_FERTILIZER': 323, 'DROP': 100, 'HARVEST': 341, 'DIG': 32, 'FERTILIZE': 103}",0,719,v022c,95087.0,DONE,1,5529.0,"{'BUY_ANIMAL': 10, 'BUY_SEED': 62, 'BUY_PRODUCT': 163, 'HIRE': 284, 'SELL': 231, 'BUY_LAND': 2}",0.256334,v025b,89558.0,DONE,0.052583,0.082125,0.200333,win,0,317
"{'BUILD_PASTURE': 14, 'NORTH': 1030, 'WEST': 896, 'PICKUP': 262, 'PLACE': 14, 'PLANT': 135, 'WATER': 938, 'EAST': 671, 'SOUTH': 792, 'FEED': 323, 'CARE': 322, 'PASS': 461, 'COLLECT_FERTILIZER': 324, 'DROP': 100, 'HARVEST': 341, 'DIG': 32, 'FERTILIZE': 103}",0,719,v022c,94948.0,DONE,1,5393.0,"{'BUY_ANIMAL': 10, 'BUY_SEED': 62, 'BUY_PRODUCT': 163, 'HIRE': 284, 'SELL': 231, 'BUY_LAND': 2}",0.277833,v025b,89555.0,DONE,0.048834,0.067542,0.083958,win,1,317
"{'BUILD_PASTURE': 14, 'NORTH': 1030, 'WEST': 896, 'PICKUP': 262, 'PLACE': 14, 'PLANT': 135, 'WATER': 937, 'EAST': 671, 'SOUTH': 793, 'FEED': 323, 'CARE': 322, 'PASS': 461, 'COLLECT_FERTILIZER': 323, 'DROP': 100, 'HARVEST': 341, 'DIG': 33, 'FERTILIZE': 103}",0,719,v022c,105303.0,DONE,1,3128.0,"{'BUY_ANIMAL': 10, 'BUY_SEED': 62, 'BUY_PRODUCT': 163, 'HIRE': 284, 'SELL': 231, 'BUY_LAND': 2}",0.248917,v025b,102175.0,DONE,0.052875,0.081125,0.13725,win,0,733
"{'BUILD_PASTURE': 14, 'NORTH': 1029, 'WEST': 895, 'PICKUP': 262, 'PLACE': 14, 'PLANT': 135, 'WATER': 937, 'EAST': 671, 'SOUTH': 793, 'FEED': 323, 'CARE': 322, 'PASS': 461, 'COLLECT_FERTILIZER': 323, 'DROP': 100, 'HARVEST': 341, 'DIG': 35, 'FERTILIZE': 103}",0,719,v022c,104858.0,DONE,1,3105.0,"{'BUY_ANIMAL': 10, 'BUY_SEED': 62, 'BUY_PRODUCT': 163, 'HIRE': 284, 'SELL': 231, 'BUY_LAND': 2}",0.338792,v025b,101753.0,DONE,0.048791,0.068792,0.085417,win,1,733
"{'BUILD_PASTURE': 14, 'NORTH': 1030, 'WEST': 896, 'PICKUP': 262, 'PLACE': 14, 'PLANT': 135, 'WATER': 937, 'EAST': 671, 'SOUTH': 793, 'FEED': 323, 'CARE': 322, 'PASS': 461, 'COLLECT_FERTILIZER': 324, 'DROP': 100, 'HARVEST': 341, 'DIG': 32, 'FERTILIZE': 103}",0,719,v022c,92486.0,DONE,1,-8999.0,"{'BUY_ANIMAL': 10, 'BUY_SEED': 62, 'BUY_PRODUCT': 163, 'HIRE': 284, 'SELL': 231, 'BUY_LAND': 2}",0.28275,v21_1,101485.0,DONE,0.051625,0.080125,0.211125,loss,0,17
"{'BUILD_PASTURE': 14, 'NORTH': 1030, 'WEST': 896, 'PICKUP': 262, 'PLACE': 14, 'PLANT': 135, 'WATER': 937, 'EAST': 671, 'SOUTH': 793, 'FEED': 323, 'CARE': 322, 'PASS': 461, 'COLLECT_FERTILIZER': 324, 'DROP': 100, 'HARVEST': 341, 'DIG': 32, 'FERTILIZE': 103}",0,719,v022c,92486.0,DONE,1,-8999.0,"{'BUY_ANIMAL': 10, 'BUY_SEED': 62, 'BUY_PRODUCT': 163, 'HIRE': 284, 'SELL': 231, 'BUY_LAND': 2}",0.194166,v21_1,101485.0,DONE,0.046333,0.06175,0.072208,loss,1,17
"{'BUILD_PASTURE': 14, 'NORTH': 1030, 'WEST': 896, 'PICKUP': 262, 'PLACE': 14, 'PLANT': 135, 'WATER': 937, 'EAST': 671, 'SOUTH': 793, 'FEED': 323, 'CARE': 322, 'PASS': 461, 'COLLECT_FERTILIZER': 324, 'DROP': 100, 'HARVEST': 341, 'DIG': 32, 'FERTILIZE': 103}",0,719,v022c,65345.0,DONE,1,-10463.0,"{'BUY_ANIMAL': 10, 'BUY_SEED': 62, 'BUY_PRODUCT': 163, 'HIRE': 284, 'SELL': 231, 'BUY_LAND': 2}",0.227916,v21_1,75808.0,DONE,0.05225,0.079833,0.094792,loss,0,42
"{'BUILD_PASTURE': 14, 'NORTH': 1030, 'WEST': 896, 'PICKUP': 262, 'PLACE': 14, 'PLANT': 135, 'WATER': 938, 'EAST': 670, 'SOUTH': 793, 'FEED': 323, 'CARE': 322, 'PASS': 461, 'COLLECT_FERTILIZER': 324, 'DROP': 100, 'HARVEST': 341, 'DIG': 32, 'FERTILIZE': 103}",0,719,v022c,65703.0,DONE,1,-10052.0,"{'BUY_ANIMAL': 10, 'BUY_SEED': 62, 'BUY_PRODUCT': 163, 'HIRE': 284, 'SELL': 231, 'BUY_LAND': 2}",0.08925,v21_1,75755.0,DONE,0.0465,0.0615,0.072625,loss,1,42
"{'BUILD_PASTURE': 14, 'NORTH': 1030, 'WEST': 896, 'PICKUP': 262, 'PLACE': 14, 'PLANT': 135, 'WATER': 936, 'EAST': 671, 'SOUTH': 792, 'FEED': 323, 'CARE': 322, 'PASS': 461, 'COLLECT_FERTILIZER': 324, 'DROP': 100, 'HARVEST': 341, 'DIG': 34, 'FERTILIZE': 103}",0,719,v022c,91893.0,DONE,1,-11587.0,"{'BUY_ANIMAL': 10, 'BUY_SEED': 62, 'BUY_PRODUCT': 163, 'HIRE': 284, 'SELL': 231, 'BUY_LAND': 2}",0.278,v21_1,103480.0,DONE,0.0525,0.082208,0.123916,loss,0,2026
"{'BUILD_PASTURE': 14, 'NORTH': 1029, 'WEST': 896, 'PICKUP': 262, 'PLACE': 14, 'PLANT': 135, 'WATER': 937, 'EAST': 671, 'SOUTH': 793, 'FEED': 323, 'CARE': 322, 'PASS': 461, 'COLLECT_FERTILIZER': 324, 'DROP': 100, 'HARVEST': 341, 'DIG': 33, 'FERTILIZE': 103}",0,719,v022c,92167.0,DONE,1,-11256.0,"{'BUY_ANIMAL': 10, 'BUY_SEED': 62, 'BUY_PRODUCT': 163, 'HIRE': 284, 'SELL': 231, 'BUY_LAND': 2}",0.19625,v21_1,103423.0,DONE,0.046458,0.06125,0.068791,loss,1,2026
"{'BUILD_PASTURE': 14, 'NORTH': 1030, 'WEST': 896, 'PICKUP': 262, 'PLACE': 14, 'PLANT': 135, 'WATER': 938, 'EAST': 671, 'SOUTH': 793, 'FEED': 323, 'CARE': 322, 'PASS': 460, 'COLLECT_FERTILIZER': 324, 'DROP': 100, 'HARVEST': 341, 'DIG': 32, 'FERTILIZE': 103}",0,719,v022c,136679.0,DONE,1,-17507.0,"{'BUY_ANIMAL': 10, 'BUY_SEED': 62, 'BUY_PRODUCT': 163, 'HIRE': 284, 'SELL': 231, 'BUY_LAND': 2}",0.314709,v21_1,154186.0,DONE,0.052333,0.083208,0.184583,loss,0,217
"{'BUILD_PASTURE': 14, 'NORTH': 1030, 'WEST': 896, 'PICKUP': 262, 'PLACE': 14, 'PLANT': 134, 'WATER': 938, 'EAST': 670, 'SOUTH': 793, 'FEED': 323, 'CARE': 322, 'PASS': 461, 'COLLECT_FERTILIZER': 324, 'DROP': 100, 'HARVEST': 341, 'DIG': 33, 'FERTILIZE': 103}",0,719,v022c,138366.0,DONE,1,-17752.0,"{'BUY_ANIMAL': 10, 'BUY_SEED': 62, 'BUY_PRODUCT': 163, 'HIRE': 284, 'SELL': 231, 'BUY_LAND': 2}",0.132583,v21_1,156118.0,DONE,0.0465,0.063583,0.073583,loss,1,217
"{'BUILD_PASTURE': 14, 'NORTH': 1030, 'WEST': 896, 'PICKUP': 262, 'PLACE': 14, 'PLANT': 135, 'WATER': 938, 'EAST': 671, 'SOUTH': 793, 'FEED': 323, 'CARE': 322, 'PASS': 461, 'COLLECT_FERTILIZER': 323, 'DROP': 100, 'HARVEST': 341, 'DIG': 32, 'FERTILIZE': 103}",0,719,v022c,84416.0,DONE,1,-9999.0,"{'BUY_ANIMAL': 10, 'BUY_SEED': 62, 'BUY_PRODUCT': 163, 'HIRE': 284, 'SELL': 231, 'BUY_LAND': 2}",0.242792,v21_1,94415.0,DONE,0.052333,0.080292,0.094416,loss,0,317
"{'BUILD_PASTURE': 14, 'NORTH': 1030, 'WEST': 896, 'PICKUP': 262, 'PLACE': 14, 'PLANT': 135, 'WATER': 938, 'EAST': 671, 'SOUTH': 792, 'FEED': 323, 'CARE': 322, 'PASS': 461, 'COLLECT_FERTILIZER': 324, 'DROP': 100, 'HARVEST': 341, 'DIG': 32, 'FERTILIZE': 103}",0,719,v022c,84290.0,DONE,1,-10123.0,"{'BUY_ANIMAL': 10, 'BUY_SEED': 62, 'BUY_PRODUCT': 163, 'HIRE': 284, 'SELL': 231, 'BUY_LAND': 2}",0.204208,v21_1,94413.0,DONE,0.046083,0.062083,0.070417,loss,1,317
"{'BUILD_PASTURE': 14, 'NORTH': 1030, 'WEST': 896, 'PICKUP': 262, 'PLACE': 14, 'PLANT': 135, 'WATER': 937, 'EAST': 671, 'SOUTH': 793, 'FEED': 323, 'CARE': 322, 'PASS': 461, 'COLLECT_FERTILIZER': 323, 'DROP': 100, 'HARVEST': 341, 'DIG': 33, 'FERTILIZE': 103}",0,719,v022c,91507.0,DONE,1,-12027.0,"{'BUY_ANIMAL': 10, 'BUY_SEED': 62, 'BUY_PRODUCT': 163, 'HIRE': 284, 'SELL': 231, 'BUY_LAND': 2}",0.335625,v21_1,103534.0,DONE,0.052625,0.0825,0.13025,loss,0,733
"{'BUILD_PASTURE': 14, 'NORTH': 1029, 'WEST': 895, 'PICKUP': 262, 'PLACE': 14, 'PLANT': 135, 'WATER': 937, 'EAST': 671, 'SOUTH': 793, 'FEED': 323, 'CARE': 322, 'PASS': 461, 'COLLECT_FERTILIZER': 323, 'DROP': 100, 'HARVEST': 341, 'DIG': 35, 'FERTILIZE': 103}",0,719,v022c,91493.0,DONE,1,-11803.0,"{'BUY_ANIMAL': 10, 'BUY_SEED': 62, 'BUY_PRODUCT': 163, 'HIRE': 284, 'SELL': 231, 'BUY_LAND': 2}",0.146583,v21_1,103296.0,DONE,0.046584,0.062167,0.074042,loss,1,733
"{'BUILD_PASTURE': 14, 'NORTH': 1030, 'WEST': 896, 'PICKUP': 262, 'PLACE': 14, 'PLANT': 135, 'WATER': 937, 'EAST': 671, 'SOUTH': 793, 'FEED': 323, 'CARE': 322, 'PASS': 461, 'COLLECT_FERTILIZER': 324, 'DROP': 100, 'HARVEST': 341, 'DIG': 32, 'FERTILIZE': 103}",0,719,v022c,92883.0,DONE,1,-8293.0,"{'BUY_ANIMAL': 10, 'BUY_SEED': 62, 'BUY_PRODUCT': 163, 'HIRE': 284, 'SELL': 231, 'BUY_LAND': 2}",0.233166,v13_r3,101176.0,DONE,0.052708,0.080042,0.196459,loss,0,17
"{'BUILD_PASTURE': 14, 'NORTH': 1030, 'WEST': 896, 'PICKUP': 262, 'PLACE': 14, 'PLANT': 135, 'WATER': 937, 'EAST': 671, 'SOUTH': 793, 'FEED': 323, 'CARE': 322, 'PASS': 461, 'COLLECT_FERTILIZER': 324, 'DROP': 100, 'HARVEST': 341, 'DIG': 32, 'FERTILIZE': 103}",0,719,v022c,92883.0,DONE,1,-8293.0,"{'BUY_ANIMAL': 10, 'BUY_SEED': 62, 'BUY_PRODUCT': 163, 'HIRE': 284, 'SELL': 231, 'BUY_LAND': 2}",0.168542,v13_r3,101176.0,DONE,0.046542,0.062083,0.073333,loss,1,17
"{'BUILD_PASTURE': 14, 'NORTH': 1030, 'WEST': 896, 'PICKUP': 262, 'PLACE': 14, 'PLANT': 135, 'WATER': 937, 'EAST': 671, 'SOUTH': 793, 'FEED': 323, 'CARE': 322, 'PASS': 461, 'COLLECT_FERTILIZER': 324, 'DROP': 100, 'HARVEST': 341, 'DIG': 32, 'FERTILIZE': 103}",0,719,v022c,65811.0,DONE,1,-11205.0,"{'BUY_ANIMAL': 10, 'BUY_SEED': 62, 'BUY_PRODUCT': 163, 'HIRE': 284, 'SELL': 231, 'BUY_LAND': 2}",0.452083,v13_r3,77016.0,DONE,0.052416,0.082208,0.201,loss,0,42
"{'BUILD_PASTURE': 14, 'NORTH': 1030, 'WEST': 896, 'PICKUP': 262, 'PLACE': 14, 'PLANT': 135, 'WATER': 938, 'EAST': 670, 'SOUTH': 793, 'FEED': 323, 'CARE': 322, 'PASS': 461, 'COLLECT_FERTILIZER': 324, 'DROP': 100, 'HARVEST': 341, 'DIG': 32, 'FERTILIZE': 103}",0,719,v022c,66156.0,DONE,1,-10778.0,"{'BUY_ANIMAL': 10, 'BUY_SEED': 62, 'BUY_PRODUCT': 163, 'HIRE': 284, 'SELL': 231, 'BUY_LAND': 2}",0.211333,v13_r3,76934.0,DONE,0.046292,0.061833,0.068417,loss,1,42
"{'BUILD_PASTURE': 14, 'NORTH': 1030, 'WEST': 896, 'PICKUP': 262, 'PLACE': 14, 'PLANT': 135, 'WATER': 936, 'EAST': 671, 'SOUTH': 792, 'FEED': 323, 'CARE': 322, 'PASS': 461, 'COLLECT_FERTILIZER': 324, 'DROP': 100, 'HARVEST': 341, 'DIG': 34, 'FERTILIZE': 103}",0,719,v022c,91808.0,DONE,1,-11441.0,"{'BUY_ANIMAL': 10, 'BUY_SEED': 62, 'BUY_PRODUCT': 163, 'HIRE': 284, 'SELL': 231, 'BUY_LAND': 2}",21.863875,v13_r3,103249.0,DONE,0.051667,0.080958,0.11025,loss,0,2026
"{'BUILD_PASTURE': 14, 'NORTH': 1029, 'WEST': 896, 'PICKUP': 262, 'PLACE': 14, 'PLANT': 135, 'WATER': 937, 'EAST': 671, 'SOUTH': 793, 'FEED': 323, 'CARE': 322, 'PASS': 461, 'COLLECT_FERTILIZER': 324, 'DROP': 100, 'HARVEST': 341, 'DIG': 33, 'FERTILIZE': 103}",0,719,v022c,92211.0,DONE,1,-10959.0,"{'BUY_ANIMAL': 10, 'BUY_SEED': 62, 'BUY_PRODUCT': 163, 'HIRE': 284, 'SELL': 231, 'BUY_LAND': 2}",0.107709,v13_r3,103170.0,DONE,0.047125,0.062,0.072541,loss,1,2026
"{'BUILD_PASTURE': 14, 'NORTH': 1030, 'WEST': 896, 'PICKUP': 262, 'PLACE': 14, 'PLANT': 135, 'WATER': 938, 'EAST': 671, 'SOUTH': 793, 'FEED': 323, 'CARE': 322, 'PASS': 460, 'COLLECT_FERTILIZER': 324, 'DROP': 100, 'HARVEST': 341, 'DIG': 32, 'FERTILIZE': 103}",0,719,v022c,136995.0,DONE,1,-18324.0,"{'BUY_ANIMAL': 10, 'BUY_SEED': 62, 'BUY_PRODUCT': 163, 'HIRE': 284, 'SELL': 231, 'BUY_LAND': 2}",0.426917,v13_r3,155319.0,DONE,0.052,0.080542,0.099917,loss,0,217
"{'BUILD_PASTURE': 14, 'NORTH': 1030, 'WEST': 896, 'PICKUP': 262, 'PLACE': 14, 'PLANT': 134, 'WATER': 938, 'EAST': 670, 'SOUTH': 793, 'FEED': 323, 'CARE': 322, 'PASS': 461, 'COLLECT_FERTILIZER': 324, 'DROP': 100, 'HARVEST': 341, 'DIG': 33, 'FERTILIZE': 103}",0,719,v022c,138685.0,DONE,1,-18552.0,"{'BUY_ANIMAL': 10, 'BUY_SEED': 62, 'BUY_PRODUCT': 163, 'HIRE': 284, 'SELL': 231, 'BUY_LAND': 2}",0.359042,v13_r3,157237.0,DONE,0.046958,0.064041,0.080291,loss,1,217
"{'BUILD_PASTURE': 14, 'NORTH': 1030, 'WEST': 896, 'PICKUP': 262, 'PLACE': 14, 'PLANT': 135, 'WATER': 938, 'EAST': 671, 'SOUTH': 793, 'FEED': 323, 'CARE': 322, 'PASS': 461, 'COLLECT_FERTILIZER': 323, 'DROP': 100, 'HARVEST': 341, 'DIG': 32, 'FERTILIZE': 103}",0,719,v022c,85622.0,DONE,1,-9260.0,"{'BUY_ANIMAL': 10, 'BUY_SEED': 62, 'BUY_PRODUCT': 163, 'HIRE': 284, 'SELL': 231, 'BUY_LAND': 2}",0.329459,v13_r3,94882.0,DONE,0.052625,0.082667,0.129584,loss,0,317
"{'BUILD_PASTURE': 14, 'NORTH': 1030, 'WEST': 896, 'PICKUP': 262, 'PLACE': 14, 'PLANT': 135, 'WATER': 938, 'EAST': 671, 'SOUTH': 792, 'FEED': 323, 'CARE': 322, 'PASS': 461, 'COLLECT_FERTILIZER': 324, 'DROP': 100, 'HARVEST': 341, 'DIG': 32, 'FERTILIZE': 103}",0,719,v022c,85496.0,DONE,1,-9383.0,"{'BUY_ANIMAL': 10, 'BUY_SEED': 62, 'BUY_PRODUCT': 163, 'HIRE': 284, 'SELL': 231, 'BUY_LAND': 2}",0.202167,v13_r3,94879.0,DONE,0.046834,0.061583,0.068958,loss,1,317
"{'BUILD_PASTURE': 14, 'NORTH': 1030, 'WEST': 896, 'PICKUP': 262, 'PLACE': 14, 'PLANT': 135, 'WATER': 937, 'EAST': 671, 'SOUTH': 793, 'FEED': 323, 'CARE': 322, 'PASS': 461, 'COLLECT_FERTILIZER': 323, 'DROP': 100, 'HARVEST': 341, 'DIG': 33, 'FERTILIZE': 103}",0,719,v022c,96873.0,DONE,1,-11805.0,"{'BUY_ANIMAL': 10, 'BUY_SEED': 62, 'BUY_PRODUCT': 163, 'HIRE': 284, 'SELL': 231, 'BUY_LAND': 2}",20.356666,v13_r3,108678.0,DONE,0.051958,0.08375,0.209708,loss,0,733
"{'BUILD_PASTURE': 14, 'NORTH': 1029, 'WEST': 895, 'PICKUP': 262, 'PLACE': 14, 'PLANT': 135, 'WATER': 937, 'EAST': 671, 'SOUTH': 793, 'FEED': 323, 'CARE': 322, 'PASS': 461, 'COLLECT_FERTILIZER': 323, 'DROP': 100, 'HARVEST': 341, 'DIG': 35, 'FERTILIZE': 103}",0,719,v022c,91655.0,DONE,1,-11549.0,"{'BUY_ANIMAL': 10, 'BUY_SEED': 62, 'BUY_PRODUCT': 163, 'HIRE': 284, 'SELL': 231, 'BUY_LAND': 2}",0.118333,v13_r3,103204.0,DONE,0.046916,0.06275,0.07175,loss,1,733
"{'BUILD_PASTURE': 14, 'NORTH': 1030, 'WEST': 896, 'PICKUP': 262, 'PLACE': 14, 'PLANT': 135, 'WATER': 937, 'EAST': 671, 'SOUTH': 793, 'FEED': 323, 'CARE': 322, 'PASS': 461, 'COLLECT_FERTILIZER': 324, 'DROP': 100, 'HARVEST': 341, 'DIG': 32, 'FERTILIZE': 103}",0,719,v022c,185669.0,DONE,1,182173.0,"{'BUY_ANIMAL': 10, 'BUY_SEED': 62, 'BUY_PRODUCT': 163, 'HIRE': 284, 'SELL': 231, 'BUY_LAND': 2}",0.479083,starter,3496.0,DONE,0.050542,0.086625,0.191292,win,0,17
"{'BUILD_PASTURE': 14, 'NORTH': 1030, 'WEST': 896, 'PICKUP': 262, 'PLACE': 14, 'PLANT': 135, 'WATER': 938, 'EAST': 671, 'SOUTH': 793, 'FEED': 323, 'CARE': 322, 'PASS': 461, 'COLLECT_FERTILIZER': 324, 'DROP': 100, 'HARVEST': 341, 'DIG': 31, 'FERTILIZE': 103}",0,719,v022c,187121.0,DONE,1,183632.0,"{'BUY_ANIMAL': 10, 'BUY_SEED': 62, 'BUY_PRODUCT': 163, 'HIRE': 284, 'SELL': 231, 'BUY_LAND': 2}",29.638417,starter,3489.0,DONE,0.050208,0.082875,0.199083,win,1,17
"{'BUILD_PASTURE': 14, 'NORTH': 1030, 'WEST': 896, 'PICKUP': 262, 'PLACE': 14, 'PLANT': 135, 'WATER': 937, 'EAST': 671, 'SOUTH': 793, 'FEED': 323, 'CARE': 322, 'PASS': 461, 'COLLECT_FERTILIZER': 324, 'DROP': 100, 'HARVEST': 341, 'DIG': 32, 'FERTILIZE': 103}",0,719,v022c,191036.0,DONE,1,187532.0,"{'BUY_ANIMAL': 10, 'BUY_SEED': 62, 'BUY_PRODUCT': 163, 'HIRE': 284, 'SELL': 231, 'BUY_LAND': 2}",19.157291,starter,3504.0,DONE,0.050334,0.085167,0.140459,win,0,42
"{'BUILD_PASTURE': 14, 'NORTH': 1030, 'WEST': 896, 'PICKUP': 262, 'PLACE': 14, 'PLANT': 135, 'WATER': 938, 'EAST': 670, 'SOUTH': 793, 'FEED': 323, 'CARE': 322, 'PASS': 461, 'COLLECT_FERTILIZER': 324, 'DROP': 100, 'HARVEST': 341, 'DIG': 32, 'FERTILIZE': 103}",0,719,v022c,191036.0,DONE,1,187532.0,"{'BUY_ANIMAL': 10, 'BUY_SEED': 62, 'BUY_PRODUCT': 163, 'HIRE': 284, 'SELL': 231, 'BUY_LAND': 2}",0.432125,starter,3504.0,DONE,0.050667,0.085542,0.1925,win,1,42
"{'BUILD_PASTURE': 14, 'NORTH': 1030, 'WEST': 896, 'PICKUP': 262, 'PLACE': 14, 'PLANT': 135, 'WATER': 936, 'EAST': 671, 'SOUTH': 792, 'FEED': 323, 'CARE': 322, 'PASS': 461, 'COLLECT_FERTILIZER': 324, 'DROP': 100, 'HARVEST': 341, 'DIG': 34, 'FERTILIZE': 103}",0,719,v022c,190134.0,DONE,1,186637.0,"{'BUY_ANIMAL': 10, 'BUY_SEED': 62, 'BUY_PRODUCT': 163, 'HIRE': 284, 'SELL': 231, 'BUY_LAND': 2}",16.766417,starter,3497.0,DONE,0.0505,0.089333,0.229417,win,0,2026
"{'BUILD_PASTURE': 14, 'NORTH': 1030, 'WEST': 896, 'PICKUP': 262, 'PLACE': 14, 'PLANT': 135, 'WATER': 937, 'EAST': 670, 'SOUTH': 793, 'FEED': 323, 'CARE': 322, 'PASS': 460, 'COLLECT_FERTILIZER': 324, 'DROP': 100, 'HARVEST': 341, 'DIG': 34, 'FERTILIZE': 103}",0,719,v022c,184386.0,DONE,1,180883.0,"{'BUY_ANIMAL': 10, 'BUY_SEED': 62, 'BUY_PRODUCT': 163, 'HIRE': 284, 'SELL': 231, 'BUY_LAND': 2}",0.333708,starter,3503.0,DONE,0.050625,0.088834,0.229333,win,1,2026
"{'BUILD_PASTURE': 14, 'NORTH': 1030, 'WEST': 896, 'PICKUP': 262, 'PLACE': 14, 'PLANT': 135, 'WATER': 938, 'EAST': 671, 'SOUTH': 793, 'FEED': 323, 'CARE': 322, 'PASS': 460, 'COLLECT_FERTILIZER': 324, 'DROP': 100, 'HARVEST': 341, 'DIG': 32, 'FERTILIZE': 103}",0,719,v022c,189100.0,DONE,1,185603.0,"{'BUY_ANIMAL': 10, 'BUY_SEED': 62, 'BUY_PRODUCT': 163, 'HIRE': 284, 'SELL': 231, 'BUY_LAND': 2}",0.39275,starter,3497.0,DONE,0.050208,0.083708,0.099833,win,0,217
"{'BUILD_PASTURE': 14, 'NORTH': 1030, 'WEST': 896, 'PICKUP': 262, 'PLACE': 14, 'PLANT': 134, 'WATER': 936, 'EAST': 671, 'SOUTH': 793, 'FEED': 323, 'CARE': 322, 'PASS': 461, 'COLLECT_FERTILIZER': 324, 'DROP': 100, 'HARVEST': 341, 'DIG': 34, 'FERTILIZE': 103}",0,719,v022c,187842.0,DONE,1,184345.0,"{'BUY_ANIMAL': 10, 'BUY_SEED': 62, 'BUY_PRODUCT': 163, 'HIRE': 284, 'SELL': 231, 'BUY_LAND': 2}",17.702,starter,3497.0,DONE,0.050167,0.085667,0.208917,win,1,217
"{'BUILD_PASTURE': 14, 'NORTH': 1030, 'WEST': 896, 'PICKUP': 262, 'PLACE': 14, 'PLANT': 135, 'WATER': 938, 'EAST': 671, 'SOUTH': 793, 'FEED': 323, 'CARE': 322, 'PASS': 461, 'COLLECT_FERTILIZER': 323, 'DROP': 100, 'HARVEST': 341, 'DIG': 32, 'FERTILIZE': 103}",0,719,v022c,186957.0,DONE,1,183450.0,"{'BUY_ANIMAL': 10, 'BUY_SEED': 62, 'BUY_PRODUCT': 163, 'HIRE': 284, 'SELL': 231, 'BUY_LAND': 2}",0.356292,starter,3507.0,DONE,0.050833,0.0795,0.103959,win,0,317
"{'BUILD_PASTURE': 14, 'NORTH': 1030, 'WEST': 896, 'PICKUP': 262, 'PLACE': 14, 'PLANT': 135, 'WATER': 938, 'EAST': 671, 'SOUTH': 792, 'FEED': 323, 'CARE': 322, 'PASS': 461, 'COLLECT_FERTILIZER': 324, 'DROP': 100, 'HARVEST': 341, 'DIG': 32, 'FERTILIZE': 103}",0,719,v022c,187013.0,DONE,1,183506.0,"{'BUY_ANIMAL': 10, 'BUY_SEED': 62, 'BUY_PRODUCT': 163, 'HIRE': 284, 'SELL': 231, 'BUY_LAND': 2}",0.350417,starter,3507.0,DONE,0.050875,0.080959,0.190083,win,1,317
"{'BUILD_PASTURE': 14, 'NORTH': 1030, 'WEST': 896, 'PICKUP': 262, 'PLACE': 14, 'PLANT': 135, 'WATER': 937, 'EAST': 671, 'SOUTH': 793, 'FEED': 323, 'CARE': 322, 'PASS': 461, 'COLLECT_FERTILIZER': 323, 'DROP': 100, 'HARVEST': 341, 'DIG': 33, 'FERTILIZE': 103}",0,719,v022c,181104.0,DONE,1,177601.0,"{'BUY_ANIMAL': 10, 'BUY_SEED': 62, 'BUY_PRODUCT': 163, 'HIRE': 284, 'SELL': 231, 'BUY_LAND': 2}",0.411542,starter,3503.0,DONE,0.0515,0.084667,0.21775,win,0,733
"{'BUILD_PASTURE': 14, 'NORTH': 1030, 'WEST': 896, 'PICKUP': 262, 'PLACE': 14, 'PLANT': 135, 'WATER': 938, 'EAST': 671, 'SOUTH': 791, 'FEED': 323, 'CARE': 322, 'PASS': 461, 'COLLECT_FERTILIZER': 324, 'DROP': 100, 'HARVEST': 341, 'DIG': 33, 'FERTILIZE': 103}",0,719,v022c,177181.0,DONE,1,173678.0,"{'BUY_ANIMAL': 10, 'BUY_SEED': 62, 'BUY_PRODUCT': 163, 'HIRE': 284, 'SELL': 231, 'BUY_LAND': 2}",0.332708,starter,3503.0,DONE,0.050792,0.085791,0.219583,win,1,733
"{'BUILD_PASTURE': 14, 'NORTH': 1030, 'WEST': 896, 'PICKUP': 262, 'PLACE': 14, 'PLANT': 135, 'WATER': 937, 'EAST': 671, 'SOUTH': 793, 'FEED': 323, 'CARE': 322, 'PASS': 461, 'COLLECT_FERTILIZER': 324, 'DROP': 100, 'HARVEST': 341, 'DIG': 32, 'FERTILIZE': 103}",0,719,v022c,198386.0,DONE,1,198386.0,"{'BUY_ANIMAL': 10, 'BUY_SEED': 62, 'BUY_PRODUCT': 163, 'HIRE': 284, 'SELL': 231, 'BUY_LAND': 2}",0.335209,random,0.0,DONE,0.05425,0.103666,0.22075,win,0,17
"{'BUILD_PASTURE': 14, 'NORTH': 1030, 'WEST': 896, 'PICKUP': 262, 'PLACE': 14, 'PLANT': 135, 'WATER': 938, 'EAST': 671, 'SOUTH': 792, 'FEED': 323, 'CARE': 322, 'PASS': 461, 'COLLECT_FERTILIZER': 324, 'DROP': 100, 'HARVEST': 341, 'DIG': 32, 'FERTILIZE': 103}",0,719,v022c,195698.0,DONE,1,195698.0,"{'BUY_ANIMAL': 10, 'BUY_SEED': 62, 'BUY_PRODUCT': 163, 'HIRE': 284, 'SELL': 231, 'BUY_LAND': 2}",0.305125,random,0.0,DONE,0.055125,0.104625,0.212875,win,1,17
"{'BUILD_PASTURE': 14, 'NORTH': 1030, 'WEST': 896, 'PICKUP': 262, 'PLACE': 14, 'PLANT': 135, 'WATER': 937, 'EAST': 671, 'SOUTH': 793, 'FEED': 323, 'CARE': 322, 'PASS': 461, 'COLLECT_FERTILIZER': 324, 'DROP': 100, 'HARVEST': 341, 'DIG': 32, 'FERTILIZE': 103}",0,719,v022c,183216.0,DONE,1,183216.0,"{'BUY_ANIMAL': 10, 'BUY_SEED': 62, 'BUY_PRODUCT': 163, 'HIRE': 284, 'SELL': 231, 'BUY_LAND': 2}",0.3285,random,0.0,DONE,0.053,0.103,0.220375,win,0,42
"{'BUILD_PASTURE': 14, 'NORTH': 1030, 'WEST': 895, 'PICKUP': 262, 'PLACE': 14, 'PLANT': 135, 'WATER': 938, 'EAST': 671, 'SOUTH': 793, 'FEED': 323, 'CARE': 322, 'PASS': 461, 'COLLECT_FERTILIZER': 324, 'DROP': 100, 'HARVEST': 341, 'DIG': 32, 'FERTILIZE': 103}",0,719,v022c,195630.0,DONE,1,195630.0,"{'BUY_ANIMAL': 10, 'BUY_SEED': 62, 'BUY_PRODUCT': 163, 'HIRE': 284, 'SELL': 231, 'BUY_LAND': 2}",38.113167,random,0.0,DONE,0.055209,0.13475,0.225709,win,1,42
"{'BUILD_PASTURE': 14, 'NORTH': 1030, 'WEST': 896, 'PICKUP': 262, 'PLACE': 14, 'PLANT': 135, 'WATER': 936, 'EAST': 671, 'SOUTH': 792, 'FEED': 323, 'CARE': 322, 'PASS': 461, 'COLLECT_FERTILIZER': 324, 'DROP': 100, 'HARVEST': 341, 'DIG': 34, 'FERTILIZE': 103}",0,719,v022c,178182.0,DONE,1,178182.0,"{'BUY_ANIMAL': 10, 'BUY_SEED': 62, 'BUY_PRODUCT': 163, 'HIRE': 284, 'SELL': 231, 'BUY_LAND': 2}",34.650333,random,0.0,DONE,0.054875,0.1175,0.240625,win,0,2026
"{'BUILD_PASTURE': 14, 'NORTH': 1030, 'WEST': 896, 'PICKUP': 262, 'PLACE': 14, 'PLANT': 135, 'WATER': 938, 'EAST': 670, 'SOUTH': 792, 'FEED': 323, 'CARE': 322, 'PASS': 461, 'COLLECT_FERTILIZER': 324, 'DROP': 100, 'HARVEST': 341, 'DIG': 33, 'FERTILIZE': 103}",0,719,v022c,182854.0,DONE,1,182854.0,"{'BUY_ANIMAL': 10, 'BUY_SEED': 62, 'BUY_PRODUCT': 163, 'HIRE': 284, 'SELL': 231, 'BUY_LAND': 2}",21.062958,random,0.0,DONE,0.060583,0.1405,0.216083,win,1,2026
"{'BUILD_PASTURE': 14, 'NORTH': 1030, 'WEST': 896, 'PICKUP': 262, 'PLACE': 14, 'PLANT': 135, 'WATER': 938, 'EAST': 671, 'SOUTH': 793, 'FEED': 323, 'CARE': 322, 'PASS': 460, 'COLLECT_FERTILIZER': 324, 'DROP': 100, 'HARVEST': 341, 'DIG': 32, 'FERTILIZE': 103}",0,719,v022c,170772.0,DONE,1,170772.0,"{'BUY_ANIMAL': 10, 'BUY_SEED': 62, 'BUY_PRODUCT': 163, 'HIRE': 284, 'SELL': 231, 'BUY_LAND': 2}",43.0635,random,0.0,DONE,0.054084,0.11025,0.233791,win,0,217
"{'BUILD_PASTURE': 14, 'NORTH': 1030, 'WEST': 896, 'PICKUP': 262, 'PLACE': 14, 'PLANT': 134, 'WATER': 938, 'EAST': 671, 'SOUTH': 793, 'FEED': 323, 'CARE': 322, 'PASS': 460, 'COLLECT_FERTILIZER': 324, 'DROP': 100, 'HARVEST': 341, 'DIG': 33, 'FERTILIZE': 103}",0,719,v022c,179226.0,DONE,1,179226.0,"{'BUY_ANIMAL': 10, 'BUY_SEED': 62, 'BUY_PRODUCT': 163, 'HIRE': 284, 'SELL': 231, 'BUY_LAND': 2}",37.369791,random,0.0,DONE,0.056833,0.104542,0.220083,win,1,217
"{'BUILD_PASTURE': 14, 'NORTH': 1030, 'WEST': 896, 'PICKUP': 262, 'PLACE': 14, 'PLANT': 135, 'WATER': 938, 'EAST': 671, 'SOUTH': 793, 'FEED': 323, 'CARE': 322, 'PASS': 461, 'COLLECT_FERTILIZER': 323, 'DROP': 100, 'HARVEST': 341, 'DIG': 32, 'FERTILIZE': 103}",0,719,v022c,181514.0,DONE,1,181514.0,"{'BUY_ANIMAL': 10, 'BUY_SEED': 62, 'BUY_PRODUCT': 163, 'HIRE': 284, 'SELL': 231, 'BUY_LAND': 2}",33.631125,random,0.0,DONE,0.053417,0.115,0.258625,win,0,317
"{'BUILD_PASTURE': 14, 'NORTH': 1030, 'WEST': 896, 'PICKUP': 262, 'PLACE': 14, 'PLANT': 135, 'WATER': 938, 'EAST': 671, 'SOUTH': 793, 'FEED': 323, 'CARE': 322, 'PASS': 461, 'COLLECT_FERTILIZER': 324, 'DROP': 100, 'HARVEST': 341, 'DIG': 31, 'FERTILIZE': 103}",0,719,v022c,184137.0,DONE,1,184137.0,"{'BUY_ANIMAL': 10, 'BUY_SEED': 62, 'BUY_PRODUCT': 163, 'HIRE': 284, 'SELL': 231, 'BUY_LAND': 2}",31.454459,random,0.0,DONE,0.052041,0.100375,0.215,win,1,317
"{'BUILD_PASTURE': 14, 'NORTH': 1030, 'WEST': 896, 'PICKUP': 262, 'PLACE': 14, 'PLANT': 135, 'WATER': 937, 'EAST': 671, 'SOUTH': 793, 'FEED': 323, 'CARE': 322, 'PASS': 461, 'COLLECT_FERTILIZER': 323, 'DROP': 100, 'HARVEST': 341, 'DIG': 33, 'FERTILIZE': 103}",0,719,v022c,195211.0,DONE,1,195211.0,"{'BUY_ANIMAL': 10, 'BUY_SEED': 62, 'BUY_PRODUCT': 163, 'HIRE': 284, 'SELL': 231, 'BUY_LAND': 2}",43.969833,random,0.0,DONE,0.058375,0.107542,0.224167,win,0,733
"{'BUILD_PASTURE': 14, 'NORTH': 1030, 'WEST': 896, 'PICKUP': 262, 'PLACE': 14, 'PLANT': 135, 'WATER': 938, 'EAST': 670, 'SOUTH': 793, 'FEED': 323, 'CARE': 322, 'PASS': 461, 'COLLECT_FERTILIZER': 324, 'DROP': 100, 'HARVEST': 341, 'DIG': 32, 'FERTILIZE': 103}",0,719,v022c,187878.0,DONE,1,187878.0,"{'BUY_ANIMAL': 10, 'BUY_SEED': 62, 'BUY_PRODUCT': 163, 'HIRE': 284, 'SELL': 231, 'BUY_LAND': 2}",43.482083,random,0.0,DONE,0.059375,0.117084,0.222875,win,1,733
"{'PASS': 1050, 'PICKUP': 167, 'WEST': 927, 'NORTH': 887, 'BUILD_PASTURE': 14, 'PLACE': 14, 'PLANT': 158, 'WATER': 922, 'FEED': 314, 'CARE': 322, 'EAST': 688, 'COLLECT_FERTILIZER': 249, 'SOUTH': 586, 'DROP': 105, 'HARVEST': 374, 'FERTILIZE': 80, 'DIG': 43}",0,719,v21_1,141785.0,DONE,1,54773.0,"{'HIRE': 277, 'BUY_ANIMAL': 8, 'BUY_SEED': 18, 'BUY_PRODUCT': 248, 'SELL': 323, 'BUY_LAND': 2}",0.552292,root,87012.0,DONE,0.101542,0.408625,0.482167,win,0,17
"{'PASS': 1050, 'PICKUP': 167, 'WEST': 927, 'NORTH': 887, 'BUILD_PASTURE': 14, 'PLACE': 14, 'PLANT': 158, 'WATER': 922, 'FEED': 314, 'CARE': 322, 'EAST': 688, 'COLLECT_FERTILIZER': 249, 'SOUTH': 586, 'DROP': 105, 'HARVEST': 374, 'FERTILIZE': 80, 'DIG': 43}",0,719,v21_1,141785.0,DONE,1,54773.0,"{'HIRE': 277, 'BUY_ANIMAL': 8, 'BUY_SEED': 18, 'BUY_PRODUCT': 248, 'SELL': 323, 'BUY_LAND': 2}",0.525125,root,87012.0,DONE,0.097083,0.402541,0.444667,win,1,17
"{'PASS': 1050, 'PICKUP': 167, 'WEST': 927, 'NORTH': 887, 'BUILD_PASTURE': 14, 'PLACE': 14, 'PLANT': 158, 'WATER': 922, 'FEED': 314, 'CARE': 322, 'EAST': 688, 'COLLECT_FERTILIZER': 249, 'SOUTH': 586, 'DROP': 105, 'HARVEST': 374, 'FERTILIZE': 80, 'DIG': 43}",0,719,v21_1,170474.0,DONE,1,57459.0,"{'HIRE': 277, 'BUY_ANIMAL': 8, 'BUY_SEED': 18, 'BUY_PRODUCT': 248, 'SELL': 324, 'BUY_LAND': 2}",0.524666,root,113015.0,DONE,0.102625,0.4075,0.432875,win,0,42
"{'PASS': 1050, 'PICKUP': 167, 'WEST': 927, 'NORTH': 887, 'BUILD_PASTURE': 14, 'PLACE': 14, 'PLANT': 158, 'WATER': 922, 'FEED': 314, 'CARE': 322, 'EAST': 688, 'COLLECT_FERTILIZER': 249, 'SOUTH': 586, 'DROP': 105, 'HARVEST': 374, 'FERTILIZE': 80, 'DIG': 43}",0,719,v21_1,156531.0,DONE,1,47274.0,"{'HIRE': 277, 'BUY_ANIMAL': 8, 'BUY_SEED': 18, 'BUY_PRODUCT': 248, 'SELL': 324, 'BUY_LAND': 2}",54.384875,root,109257.0,DONE,0.097667,0.406833,0.43675,win,1,42
"{'PASS': 1050, 'PICKUP': 167, 'WEST': 927, 'NORTH': 887, 'BUILD_PASTURE': 14, 'PLACE': 14, 'PLANT': 158, 'WATER': 922, 'FEED': 314, 'CARE': 322, 'EAST': 688, 'COLLECT_FERTILIZER': 248, 'SOUTH': 585, 'DROP': 105, 'HARVEST': 374, 'FERTILIZE': 80, 'DIG': 45}",0,719,v21_1,117353.0,DONE,1,44257.0,"{'HIRE': 277, 'BUY_ANIMAL': 8, 'BUY_SEED': 18, 'BUY_PRODUCT': 248, 'SELL': 323, 'BUY_LAND': 2}",0.499541,root,73096.0,DONE,0.101792,0.408,0.440917,win,0,2026
"{'PASS': 1050, 'PICKUP': 167, 'WEST': 927, 'NORTH': 887, 'BUILD_PASTURE': 14, 'PLACE': 14, 'PLANT': 158, 'WATER': 922, 'FEED': 314, 'CARE': 322, 'EAST': 688, 'COLLECT_FERTILIZER': 249, 'SOUTH': 586, 'DROP': 105, 'HARVEST': 374, 'FERTILIZE': 80, 'DIG': 43}",0,719,v21_1,117374.0,DONE,1,44181.0,"{'HIRE': 277, 'BUY_ANIMAL': 8, 'BUY_SEED': 18, 'BUY_PRODUCT': 248, 'SELL': 323, 'BUY_LAND': 2}",0.495167,root,73193.0,DONE,0.097625,0.409,0.4395,win,1,2026
"{'PASS': 1050, 'PICKUP': 167, 'WEST': 927, 'NORTH': 887, 'BUILD_PASTURE': 14, 'PLACE': 14, 'PLANT': 158, 'WATER': 922, 'FEED': 314, 'CARE': 322, 'EAST': 688, 'COLLECT_FERTILIZER': 249, 'SOUTH': 586, 'DROP': 105, 'HARVEST': 374, 'FERTILIZE': 80, 'DIG': 43}",0,719,v21_1,122389.0,DONE,1,33403.0,"{'HIRE': 277, 'BUY_ANIMAL': 8, 'BUY_SEED': 18, 'BUY_PRODUCT': 248, 'SELL': 323, 'BUY_LAND': 2}",0.49925,root,88986.0,DONE,0.100709,0.40925,0.456125,win,0,217
"{'PASS': 1049, 'PICKUP': 167, 'WEST': 927, 'NORTH': 887, 'BUILD_PASTURE': 14, 'PLACE': 14, 'PLANT': 158, 'WATER': 922, 'FEED': 314, 'CARE': 322, 'EAST': 688, 'COLLECT_FERTILIZER': 249, 'SOUTH': 586, 'DROP': 105, 'HARVEST': 374, 'FERTILIZE': 80, 'DIG': 44}",0,719,v21_1,122389.0,DONE,1,33403.0,"{'HIRE': 277, 'BUY_ANIMAL': 8, 'BUY_SEED': 18, 'BUY_PRODUCT': 248, 'SELL': 323, 'BUY_LAND': 2}",0.534125,root,88986.0,DONE,0.09725,0.401875,0.4295,win,1,217
"{'PASS': 1050, 'PICKUP': 167, 'WEST': 927, 'NORTH': 887, 'BUILD_PASTURE': 14, 'PLACE': 14, 'PLANT': 158, 'WATER': 922, 'FEED': 314, 'CARE': 322, 'EAST': 688, 'COLLECT_FERTILIZER': 249, 'SOUTH': 586, 'DROP': 105, 'HARVEST': 374, 'FERTILIZE': 80, 'DIG': 43}",0,719,v21_1,170887.0,DONE,1,64533.0,"{'HIRE': 277, 'BUY_ANIMAL': 8, 'BUY_SEED': 18, 'BUY_PRODUCT': 248, 'SELL': 324, 'BUY_LAND': 2}",37.282583,root,106354.0,DONE,0.103,0.410417,0.464166,win,0,317
"{'PASS': 1050, 'PICKUP': 167, 'WEST': 927, 'NORTH': 887, 'BUILD_PASTURE': 14, 'PLACE': 14, 'PLANT': 158, 'WATER': 922, 'FEED': 314, 'CARE': 322, 'EAST': 688, 'COLLECT_FERTILIZER': 249, 'SOUTH': 586, 'DROP': 105, 'HARVEST': 374, 'FERTILIZE': 80, 'DIG': 43}",0,719,v21_1,170940.0,DONE,1,64845.0,"{'HIRE': 277, 'BUY_ANIMAL': 8, 'BUY_SEED': 18, 'BUY_PRODUCT': 248, 'SELL': 324, 'BUY_LAND': 2}",0.592917,root,106095.0,DONE,0.098042,0.405917,0.436667,win,1,317
"{'PASS': 1050, 'PICKUP': 167, 'WEST': 927, 'NORTH': 887, 'BUILD_PASTURE': 14, 'PLACE': 14, 'PLANT': 158, 'WATER': 922, 'FEED': 314, 'CARE': 322, 'EAST': 688, 'COLLECT_FERTILIZER': 249, 'SOUTH': 586, 'DROP': 105, 'HARVEST': 374, 'FERTILIZE': 80, 'DIG': 43}",0,719,v21_1,148198.0,DONE,1,50917.0,"{'HIRE': 277, 'BUY_ANIMAL': 8, 'BUY_SEED': 18, 'BUY_PRODUCT': 248, 'SELL': 323, 'BUY_LAND': 2}",0.535166,root,97281.0,DONE,0.102333,0.40575,0.435334,win,0,733
"{'PASS': 1050, 'PICKUP': 167, 'WEST': 927, 'NORTH': 887, 'BUILD_PASTURE': 14, 'PLACE': 14, 'PLANT': 158, 'WATER': 922, 'FEED': 314, 'CARE': 322, 'EAST': 688, 'COLLECT_FERTILIZER': 249, 'SOUTH': 586, 'DROP': 105, 'HARVEST': 374, 'FERTILIZE': 80, 'DIG': 43}",0,719,v21_1,138039.0,DONE,1,47848.0,"{'HIRE': 277, 'BUY_ANIMAL': 8, 'BUY_SEED': 18, 'BUY_PRODUCT': 248, 'SELL': 323, 'BUY_LAND': 2}",0.5005,root,90191.0,DONE,0.098,0.402667,0.426209,win,1,733
"{'PASS': 1050, 'PICKUP': 167, 'WEST': 927, 'NORTH': 887, 'BUILD_PASTURE': 14, 'PLACE': 14, 'PLANT': 158, 'WATER': 922, 'FEED': 314, 'CARE': 322, 'EAST': 688, 'COLLECT_FERTILIZER': 249, 'SOUTH': 586, 'DROP': 105, 'HARVEST': 374, 'FERTILIZE': 80, 'DIG': 43}",0,719,v21_1,117250.0,DONE,1,13357.0,"{'HIRE': 277, 'BUY_ANIMAL': 8, 'BUY_SEED': 18, 'BUY_PRODUCT': 248, 'SELL': 323, 'BUY_LAND': 2}",0.526708,v012,103893.0,DONE,0.101417,0.411708,0.434375,win,0,17
"{'PASS': 1050, 'PICKUP': 167, 'WEST': 927, 'NORTH': 887, 'BUILD_PASTURE': 14, 'PLACE': 14, 'PLANT': 158, 'WATER': 922, 'FEED': 314, 'CARE': 322, 'EAST': 688, 'COLLECT_FERTILIZER': 249, 'SOUTH': 586, 'DROP': 105, 'HARVEST': 374, 'FERTILIZE': 80, 'DIG': 43}",0,719,v21_1,117250.0,DONE,1,13357.0,"{'HIRE': 277, 'BUY_ANIMAL': 8, 'BUY_SEED': 18, 'BUY_PRODUCT': 248, 'SELL': 323, 'BUY_LAND': 2}",0.574041,v012,103893.0,DONE,0.098292,0.4065,0.444167,win,1,17
"{'PASS': 1050, 'PICKUP': 167, 'WEST': 927, 'NORTH': 887, 'BUILD_PASTURE': 14, 'PLACE': 14, 'PLANT': 158, 'WATER': 922, 'FEED': 314, 'CARE': 322, 'EAST': 688, 'COLLECT_FERTILIZER': 249, 'SOUTH': 586, 'DROP': 105, 'HARVEST': 374, 'FERTILIZE': 80, 'DIG': 43}",0,719,v21_1,89325.0,DONE,1,3775.0,"{'HIRE': 277, 'BUY_ANIMAL': 8, 'BUY_SEED': 18, 'BUY_PRODUCT': 248, 'SELL': 323, 'BUY_LAND': 2}",0.568417,v012,85550.0,DONE,0.101375,0.419125,0.483667,win,0,42
"{'PASS': 1050, 'PICKUP': 167, 'WEST': 927, 'NORTH': 887, 'BUILD_PASTURE': 14, 'PLACE': 14, 'PLANT': 158, 'WATER': 922, 'FEED': 314, 'CARE': 322, 'EAST': 688, 'COLLECT_FERTILIZER': 249, 'SOUTH': 586, 'DROP': 105, 'HARVEST': 374, 'FERTILIZE': 80, 'DIG': 43}",0,719,v21_1,89357.0,DONE,1,3901.0,"{'HIRE': 277, 'BUY_ANIMAL': 8, 'BUY_SEED': 18, 'BUY_PRODUCT': 248, 'SELL': 323, 'BUY_LAND': 2}",0.621125,v012,85456.0,DONE,0.098875,0.40325,0.424792,win,1,42
"{'PASS': 1050, 'PICKUP': 167, 'WEST': 927, 'NORTH': 887, 'BUILD_PASTURE': 14, 'PLACE': 14, 'PLANT': 158, 'WATER': 922, 'FEED': 314, 'CARE': 322, 'EAST': 688, 'COLLECT_FERTILIZER': 248, 'SOUTH': 585, 'DROP': 105, 'HARVEST': 374, 'FERTILIZE': 80, 'DIG': 45}",0,719,v21_1,108021.0,DONE,1,7119.0,"{'HIRE': 277, 'BUY_ANIMAL': 8, 'BUY_SEED': 18, 'BUY_PRODUCT': 248, 'SELL': 324, 'BUY_LAND': 2}",62.336625,v012,100902.0,DONE,0.099584,0.411,0.475917,win,0,2026
"{'PASS': 1049, 'PICKUP': 167, 'WEST': 927, 'NORTH': 887, 'BUILD_PASTURE': 14, 'PLACE': 14, 'PLANT': 158, 'WATER': 922, 'FEED': 314, 'CARE': 322, 'EAST': 688, 'COLLECT_FERTILIZER': 249, 'SOUTH': 586, 'DROP': 105, 'HARVEST': 374, 'DIG': 44, 'FERTILIZE': 80}",0,719,v21_1,108072.0,DONE,1,6958.0,"{'HIRE': 277, 'BUY_ANIMAL': 8, 'BUY_SEED': 18, 'BUY_PRODUCT': 248, 'SELL': 324, 'BUY_LAND': 2}",0.576583,v012,101114.0,DONE,0.098083,0.403792,0.428583,win,1,2026
"{'PASS': 1050, 'PICKUP': 167, 'WEST': 927, 'NORTH': 887, 'BUILD_PASTURE': 14, 'PLACE': 14, 'PLANT': 158, 'WATER': 922, 'FEED': 314, 'CARE': 322, 'EAST': 688, 'COLLECT_FERTILIZER': 249, 'SOUTH': 586, 'DROP': 105, 'HARVEST': 374, 'FERTILIZE': 80, 'DIG': 43}",0,719,v21_1,169130.0,DONE,1,13433.0,"{'HIRE': 277, 'BUY_ANIMAL': 8, 'BUY_SEED': 18, 'BUY_PRODUCT': 248, 'SELL': 323, 'BUY_LAND': 2}",98.9075,v012,155697.0,DONE,0.100208,0.404583,0.427208,win,0,217
"{'PASS': 1049, 'PICKUP': 167, 'WEST': 927, 'NORTH': 887, 'BUILD_PASTURE': 14, 'PLACE': 14, 'PLANT': 158, 'WATER': 922, 'FEED': 314, 'CARE': 322, 'EAST': 688, 'COLLECT_FERTILIZER': 249, 'SOUTH': 586, 'DROP': 105, 'HARVEST': 374, 'FERTILIZE': 80, 'DIG': 44}",0,719,v21_1,171767.0,DONE,1,13475.0,"{'HIRE': 277, 'BUY_ANIMAL': 8, 'BUY_SEED': 18, 'BUY_PRODUCT': 248, 'SELL': 323, 'BUY_LAND': 2}",62.585167,v012,158292.0,DONE,0.097125,0.410417,0.446875,win,1,217
"{'PASS': 1050, 'PICKUP': 167, 'WEST': 927, 'NORTH': 887, 'BUILD_PASTURE': 14, 'PLACE': 14, 'PLANT': 158, 'WATER': 922, 'FEED': 314, 'CARE': 322, 'EAST': 688, 'COLLECT_FERTILIZER': 249, 'SOUTH': 586, 'DROP': 105, 'HARVEST': 374, 'FERTILIZE': 80, 'DIG': 43}",0,719,v21_1,99632.0,DONE,1,6032.0,"{'HIRE': 277, 'BUY_ANIMAL': 8, 'BUY_SEED': 18, 'BUY_PRODUCT': 248, 'SELL': 323, 'BUY_LAND': 2}",64.830875,v012,93600.0,DONE,0.100792,0.412042,0.446584,win,0,317
"{'PASS': 1050, 'PICKUP': 167, 'WEST': 927, 'NORTH': 887, 'BUILD_PASTURE': 14, 'PLACE': 14, 'PLANT': 158, 'WATER': 922, 'FEED': 314, 'CARE': 322, 'EAST': 688, 'COLLECT_FERTILIZER': 249, 'SOUTH': 586, 'DROP': 105, 'HARVEST': 374, 'FERTILIZE': 80, 'DIG': 43}",0,719,v21_1,99632.0,DONE,1,6135.0,"{'HIRE': 277, 'BUY_ANIMAL': 8, 'BUY_SEED': 18, 'BUY_PRODUCT': 248, 'SELL': 323, 'BUY_LAND': 2}",0.572917,v012,93497.0,DONE,0.098083,0.409041,0.44925,win,1,317
"{'PASS': 1050, 'PICKUP': 167, 'WEST': 927, 'NORTH': 887, 'BUILD_PASTURE': 14, 'PLACE': 14, 'PLANT': 158, 'WATER': 922, 'FEED': 314, 'CARE': 322, 'EAST': 688, 'COLLECT_FERTILIZER': 249, 'SOUTH': 586, 'DROP': 105, 'HARVEST': 374, 'FERTILIZE': 80, 'DIG': 43}",0,719,v21_1,128632.0,DONE,1,7290.0,"{'HIRE': 277, 'BUY_ANIMAL': 8, 'BUY_SEED': 18, 'BUY_PRODUCT': 248, 'SELL': 324, 'BUY_LAND': 2}",0.539958,v012,121342.0,DONE,0.101459,0.411125,0.445,win,0,733
"{'PASS': 1049, 'PICKUP': 167, 'WEST': 927, 'NORTH': 887, 'BUILD_PASTURE': 14, 'PLACE': 14, 'PLANT': 158, 'WATER': 922, 'FEED': 314, 'CARE': 322, 'EAST': 688, 'COLLECT_FERTILIZER': 249, 'SOUTH': 586, 'DROP': 105, 'HARVEST': 374, 'DIG': 44, 'FERTILIZE': 80}",0,719,v21_1,128633.0,DONE,1,7081.0,"{'HIRE': 277, 'BUY_ANIMAL': 8, 'BUY_SEED': 18, 'BUY_PRODUCT': 248, 'SELL': 324, 'BUY_LAND': 2}",54.95225,v012,121552.0,DONE,0.099,0.413833,0.469042,win,1,733
"{'PASS': 1050, 'PICKUP': 167, 'WEST': 927, 'NORTH': 887, 'BUILD_PASTURE': 14, 'PLACE': 14, 'PLANT': 158, 'WATER': 922, 'FEED': 314, 'CARE': 322, 'EAST': 688, 'COLLECT_FERTILIZER': 249, 'SOUTH': 586, 'DROP': 105, 'HARVEST': 374, 'FERTILIZE': 80, 'DIG': 43}",0,719,v21_1,101485.0,DONE,1,8999.0,"{'HIRE': 277, 'BUY_ANIMAL': 8, 'BUY_SEED': 18, 'BUY_PRODUCT': 248, 'SELL': 324, 'BUY_LAND': 2}",1.389167,v022c,92486.0,DONE,0.100334,0.400291,0.4485,win,0,17
"{'PASS': 1050, 'PICKUP': 167, 'WEST': 927, 'NORTH': 887, 'BUILD_PASTURE': 14, 'PLACE': 14, 'PLANT': 158, 'WATER': 922, 'FEED': 314, 'CARE': 322, 'EAST': 688, 'COLLECT_FERTILIZER': 249, 'SOUTH': 586, 'DROP': 105, 'HARVEST': 374, 'FERTILIZE': 80, 'DIG': 43}",0,719,v21_1,101485.0,DONE,1,8999.0,"{'HIRE': 277, 'BUY_ANIMAL': 8, 'BUY_SEED': 18, 'BUY_PRODUCT': 248, 'SELL': 324, 'BUY_LAND': 2}",0.470292,v022c,92486.0,DONE,0.093708,0.394084,0.415542,win,1,17
"{'PASS': 1050, 'PICKUP': 167, 'WEST': 927, 'NORTH': 887, 'BUILD_PASTURE': 14, 'PLACE': 14, 'PLANT': 158, 'WATER': 922, 'FEED': 314, 'CARE': 322, 'EAST': 688, 'COLLECT_FERTILIZER': 249, 'SOUTH': 586, 'DROP': 105, 'HARVEST': 374, 'FERTILIZE': 80, 'DIG': 43}",0,719,v21_1,75755.0,DONE,1,10052.0,"{'HIRE': 277, 'BUY_ANIMAL': 8, 'BUY_SEED': 18, 'BUY_PRODUCT': 248, 'SELL': 324, 'BUY_LAND': 2}",33.673834,v022c,65703.0,DONE,0.099459,0.398417,0.425375,win,0,42
"{'PASS': 1050, 'PICKUP': 167, 'WEST': 927, 'NORTH': 887, 'BUILD_PASTURE': 14, 'PLACE': 14, 'PLANT': 158, 'WATER': 922, 'FEED': 314, 'CARE': 322, 'EAST': 688, 'COLLECT_FERTILIZER': 249, 'SOUTH': 586, 'DROP': 105, 'HARVEST': 374, 'FERTILIZE': 80, 'DIG': 43}",0,719,v21_1,75808.0,DONE,1,10463.0,"{'HIRE': 277, 'BUY_ANIMAL': 8, 'BUY_SEED': 18, 'BUY_PRODUCT': 248, 'SELL': 324, 'BUY_LAND': 2}",0.539083,v022c,65345.0,DONE,0.09375,0.398084,0.419459,win,1,42
"{'PASS': 1050, 'PICKUP': 167, 'WEST': 927, 'NORTH': 887, 'BUILD_PASTURE': 14, 'PLACE': 14, 'PLANT': 158, 'WATER': 922, 'FEED': 314, 'CARE': 322, 'EAST': 688, 'COLLECT_FERTILIZER': 248, 'SOUTH': 585, 'DROP': 105, 'HARVEST': 374, 'FERTILIZE': 80, 'DIG': 45}",0,719,v21_1,103423.0,DONE,1,11256.0,"{'HIRE': 277, 'BUY_ANIMAL': 8, 'BUY_SEED': 18, 'BUY_PRODUCT': 248, 'SELL': 324, 'BUY_LAND': 2}",0.492833,v022c,92167.0,DONE,0.100542,0.404125,0.42725,win,0,2026
"{'PASS': 1050, 'PICKUP': 167, 'WEST': 927, 'NORTH': 887, 'BUILD_PASTURE': 14, 'PLACE': 14, 'PLANT': 158, 'WATER': 921, 'FEED': 314, 'CARE': 322, 'EAST': 688, 'COLLECT_FERTILIZER': 249, 'SOUTH': 585, 'DROP': 105, 'HARVEST': 374, 'DIG': 45, 'FERTILIZE': 80}",0,719,v21_1,103480.0,DONE,1,11587.0,"{'HIRE': 277, 'BUY_ANIMAL': 8, 'BUY_SEED': 18, 'BUY_PRODUCT': 248, 'SELL': 324, 'BUY_LAND': 2}",0.583167,v022c,91893.0,DONE,0.0935,0.401625,0.433166,win,1,2026
"{'PASS': 1050, 'PICKUP': 167, 'WEST': 927, 'NORTH': 887, 'BUILD_PASTURE': 14, 'PLACE': 14, 'PLANT': 158, 'WATER': 922, 'FEED': 314, 'CARE': 322, 'EAST': 688, 'COLLECT_FERTILIZER': 249, 'SOUTH': 586, 'DROP': 105, 'HARVEST': 374, 'FERTILIZE': 80, 'DIG': 43}",0,719,v21_1,156118.0,DONE,1,17752.0,"{'HIRE': 277, 'BUY_ANIMAL': 8, 'BUY_SEED': 18, 'BUY_PRODUCT': 248, 'SELL': 324, 'BUY_LAND': 2}",0.453875,v022c,138366.0,DONE,0.099292,0.402,0.426833,win,0,217
"{'PASS': 1049, 'PICKUP': 167, 'WEST': 927, 'NORTH': 887, 'BUILD_PASTURE': 14, 'PLACE': 14, 'PLANT': 158, 'WATER': 922, 'FEED': 314, 'CARE': 322, 'EAST': 688, 'COLLECT_FERTILIZER': 249, 'SOUTH': 586, 'DROP': 105, 'HARVEST': 374, 'FERTILIZE': 80, 'DIG': 44}",0,719,v21_1,154186.0,DONE,1,17507.0,"{'HIRE': 277, 'BUY_ANIMAL': 8, 'BUY_SEED': 18, 'BUY_PRODUCT': 248, 'SELL': 324, 'BUY_LAND': 2}",0.550083,v022c,136679.0,DONE,0.092708,0.396625,0.415292,win,1,217
"{'PASS': 1050, 'PICKUP': 167, 'WEST': 927, 'NORTH': 887, 'BUILD_PASTURE': 14, 'PLACE': 14, 'PLANT': 158, 'WATER': 922, 'FEED': 314, 'CARE': 322, 'EAST': 688, 'COLLECT_FERTILIZER': 249, 'SOUTH': 586, 'DROP': 105, 'HARVEST': 374, 'FERTILIZE': 80, 'DIG': 43}",0,719,v21_1,94413.0,DONE,1,10123.0,"{'HIRE': 277, 'BUY_ANIMAL': 8, 'BUY_SEED': 18, 'BUY_PRODUCT': 248, 'SELL': 324, 'BUY_LAND': 2}",38.965875,v022c,84290.0,DONE,0.098583,0.410625,0.476875,win,0,317
"{'PASS': 1050, 'PICKUP': 167, 'WEST': 927, 'NORTH': 887, 'BUILD_PASTURE': 14, 'PLACE': 14, 'PLANT': 158, 'WATER': 922, 'FEED': 314, 'CARE': 322, 'EAST': 688, 'COLLECT_FERTILIZER': 249, 'SOUTH': 586, 'DROP': 105, 'HARVEST': 374, 'FERTILIZE': 80, 'DIG': 43}",0,719,v21_1,94415.0,DONE,1,9999.0,"{'HIRE': 277, 'BUY_ANIMAL': 8, 'BUY_SEED': 18, 'BUY_PRODUCT': 248, 'SELL': 324, 'BUY_LAND': 2}",0.511416,v022c,84416.0,DONE,0.093917,0.400458,0.438292,win,1,317
"{'PASS': 1050, 'PICKUP': 167, 'WEST': 927, 'NORTH': 887, 'BUILD_PASTURE': 14, 'PLACE': 14, 'PLANT': 158, 'WATER': 922, 'FEED': 314, 'CARE': 322, 'EAST': 688, 'COLLECT_FERTILIZER': 249, 'SOUTH': 586, 'DROP': 105, 'HARVEST': 374, 'FERTILIZE': 80, 'DIG': 43}",0,719,v21_1,103296.0,DONE,1,11803.0,"{'HIRE': 277, 'BUY_ANIMAL': 8, 'BUY_SEED': 18, 'BUY_PRODUCT': 248, 'SELL': 324, 'BUY_LAND': 2}",0.602042,v022c,91493.0,DONE,0.100625,0.408833,0.462708,win,0,733
"{'PASS': 1049, 'PICKUP': 167, 'WEST': 927, 'NORTH': 887, 'BUILD_PASTURE': 14, 'PLACE': 14, 'PLANT': 158, 'WATER': 922, 'FEED': 314, 'CARE': 322, 'EAST': 688, 'COLLECT_FERTILIZER': 249, 'SOUTH': 586, 'DROP': 105, 'HARVEST': 374, 'DIG': 44, 'FERTILIZE': 80}",0,719,v21_1,103534.0,DONE,1,12027.0,"{'HIRE': 277, 'BUY_ANIMAL': 8, 'BUY_SEED': 18, 'BUY_PRODUCT': 248, 'SELL': 324, 'BUY_LAND': 2}",37.433292,v022c,91507.0,DONE,0.094042,0.403292,0.444708,win,1,733
"{'PASS': 1050, 'PICKUP': 167, 'WEST': 927, 'NORTH': 887, 'BUILD_PASTURE': 14, 'PLACE': 14, 'PLANT': 158, 'WATER': 922, 'FEED': 314, 'CARE': 322, 'EAST': 688, 'COLLECT_FERTILIZER': 249, 'SOUTH': 586, 'DROP': 105, 'HARVEST': 374, 'FERTILIZE': 80, 'DIG': 43}",0,719,v21_1,119094.0,DONE,1,5098.0,"{'HIRE': 277, 'BUY_ANIMAL': 8, 'BUY_SEED': 18, 'BUY_PRODUCT': 248, 'SELL': 324, 'BUY_LAND': 2}",35.812791,v024a,113996.0,DONE,0.100541,0.410042,0.443083,win,0,17
"{'PASS': 1050, 'PICKUP': 167, 'WEST': 927, 'NORTH': 887, 'BUILD_PASTURE': 14, 'PLACE': 14, 'PLANT': 158, 'WATER': 922, 'FEED': 314, 'CARE': 322, 'EAST': 688, 'COLLECT_FERTILIZER': 249, 'SOUTH': 586, 'DROP': 105, 'HARVEST': 374, 'FERTILIZE': 80, 'DIG': 43}",0,719,v21_1,119094.0,DONE,1,5098.0,"{'HIRE': 277, 'BUY_ANIMAL': 8, 'BUY_SEED': 18, 'BUY_PRODUCT': 248, 'SELL': 324, 'BUY_LAND': 2}",0.499125,v024a,113996.0,DONE,0.094833,0.404833,0.436292,win,1,17
"{'PASS': 1050, 'PICKUP': 167, 'WEST': 927, 'NORTH': 887, 'BUILD_PASTURE': 14, 'PLACE': 14, 'PLANT': 158, 'WATER': 922, 'FEED': 314, 'CARE': 322, 'EAST': 688, 'COLLECT_FERTILIZER': 249, 'SOUTH': 586, 'DROP': 105, 'HARVEST': 374, 'FERTILIZE': 80, 'DIG': 43}",0,719,v21_1,138361.0,DONE,1,10331.0,"{'HIRE': 277, 'BUY_ANIMAL': 8, 'BUY_SEED': 18, 'BUY_PRODUCT': 248, 'SELL': 324, 'BUY_LAND': 2}",44.222375,v024a,128030.0,DONE,0.099917,0.412791,0.449417,win,0,42
"{'PASS': 1050, 'PICKUP': 167, 'WEST': 927, 'NORTH': 887, 'BUILD_PASTURE': 14, 'PLACE': 14, 'PLANT': 158, 'WATER': 922, 'FEED': 314, 'CARE': 322, 'EAST': 688, 'COLLECT_FERTILIZER': 249, 'SOUTH': 586, 'DROP': 105, 'HARVEST': 374, 'FERTILIZE': 80, 'DIG': 43}",0,719,v21_1,138361.0,DONE,1,10331.0,"{'HIRE': 277, 'BUY_ANIMAL': 8, 'BUY_SEED': 18, 'BUY_PRODUCT': 248, 'SELL': 324, 'BUY_LAND': 2}",0.607375,v024a,128030.0,DONE,0.095291,0.410166,0.452083,win,1,42
"{'PASS': 1050, 'PICKUP': 167, 'WEST': 927, 'NORTH': 887, 'BUILD_PASTURE': 14, 'PLACE': 14, 'PLANT': 158, 'WATER': 922, 'FEED': 314, 'CARE': 322, 'EAST': 688, 'COLLECT_FERTILIZER': 249, 'SOUTH': 584, 'DROP': 105, 'HARVEST': 374, 'FERTILIZE': 80, 'DIG': 45}",0,719,v21_1,96748.0,DONE,1,6094.0,"{'HIRE': 277, 'BUY_ANIMAL': 8, 'BUY_SEED': 18, 'BUY_PRODUCT': 248, 'SELL': 324, 'BUY_LAND': 2}",64.5775,v024a,90654.0,DONE,0.100875,0.420125,0.462459,win,0,2026
"{'PASS': 1050, 'PICKUP': 167, 'WEST': 927, 'NORTH': 887, 'BUILD_PASTURE': 14, 'PLACE': 14, 'PLANT': 158, 'WATER': 922, 'FEED': 314, 'CARE': 322, 'EAST': 688, 'COLLECT_FERTILIZER': 249, 'SOUTH': 586, 'DROP': 105, 'HARVEST': 374, 'FERTILIZE': 80, 'DIG': 43}",0,719,v21_1,96771.0,DONE,1,6151.0,"{'HIRE': 277, 'BUY_ANIMAL': 8, 'BUY_SEED': 18, 'BUY_PRODUCT': 248, 'SELL': 324, 'BUY_LAND': 2}",0.565875,v024a,90620.0,DONE,0.094416,0.41025,0.461917,win,1,2026
"{'PASS': 1050, 'PICKUP': 167, 'WEST': 927, 'NORTH': 887, 'BUILD_PASTURE': 14, 'PLACE': 14, 'PLANT': 158, 'WATER': 922, 'FEED': 314, 'CARE': 322, 'EAST': 688, 'COLLECT_FERTILIZER': 249, 'SOUTH': 586, 'DROP': 105, 'HARVEST': 374, 'FERTILIZE': 80, 'DIG': 43}",0,719,v21_1,117832.0,DONE,1,10805.0,"{'HIRE': 277, 'BUY_ANIMAL': 8, 'BUY_SEED': 18, 'BUY_PRODUCT': 248, 'SELL': 324, 'BUY_LAND': 2}",41.454375,v024a,107027.0,DONE,0.099958,0.421625,0.498917,win,0,217
"{'PASS': 1049, 'PICKUP': 167, 'WEST': 927, 'NORTH': 887, 'BUILD_PASTURE': 14, 'PLACE': 14, 'PLANT': 158, 'WATER': 922, 'FEED': 314, 'CARE': 322, 'EAST': 688, 'COLLECT_FERTILIZER': 249, 'SOUTH': 586, 'DROP': 105, 'HARVEST': 374, 'DIG': 44, 'FERTILIZE': 80}",0,719,v21_1,116977.0,DONE,1,9017.0,"{'HIRE': 277, 'BUY_ANIMAL': 8, 'BUY_SEED': 18, 'BUY_PRODUCT': 248, 'SELL': 324, 'BUY_LAND': 2}",0.475375,v024a,107960.0,DONE,0.094125,0.407916,0.431458,win,1,217
"{'PASS': 1050, 'PICKUP': 167, 'WEST': 927, 'NORTH': 887, 'BUILD_PASTURE': 14, 'PLACE': 14, 'PLANT': 158, 'WATER': 922, 'FEED': 314, 'CARE': 322, 'EAST': 688, 'COLLECT_FERTILIZER': 249, 'SOUTH': 586, 'DROP': 105, 'HARVEST': 374, 'FERTILIZE': 80, 'DIG': 43}",0,719,v21_1,122581.0,DONE,1,9654.0,"{'HIRE': 277, 'BUY_ANIMAL': 8, 'BUY_SEED': 18, 'BUY_PRODUCT': 248, 'SELL': 324, 'BUY_LAND': 2}",0.593333,v024a,112927.0,DONE,0.10075,0.41525,0.486917,win,0,317
"{'PASS': 1050, 'PICKUP': 167, 'WEST': 927, 'NORTH': 887, 'BUILD_PASTURE': 14, 'PLACE': 14, 'PLANT': 158, 'WATER': 922, 'FEED': 314, 'CARE': 322, 'EAST': 688, 'COLLECT_FERTILIZER': 249, 'SOUTH': 585, 'DROP': 105, 'HARVEST': 374, 'FERTILIZE': 80, 'DIG': 44}",0,719,v21_1,122581.0,DONE,1,9468.0,"{'HIRE': 277, 'BUY_ANIMAL': 8, 'BUY_SEED': 18, 'BUY_PRODUCT': 248, 'SELL': 324, 'BUY_LAND': 2}",0.585334,v024a,113113.0,DONE,0.095333,0.408167,0.436625,win,1,317
"{'PASS': 1050, 'PICKUP': 167, 'WEST': 927, 'NORTH': 887, 'BUILD_PASTURE': 14, 'PLACE': 14, 'PLANT': 158, 'WATER': 922, 'FEED': 314, 'CARE': 322, 'EAST': 688, 'COLLECT_FERTILIZER': 249, 'SOUTH': 586, 'DROP': 105, 'HARVEST': 374, 'FERTILIZE': 80, 'DIG': 43}",0,719,v21_1,155573.0,DONE,1,7483.0,"{'HIRE': 277, 'BUY_ANIMAL': 8, 'BUY_SEED': 18, 'BUY_PRODUCT': 248, 'SELL': 324, 'BUY_LAND': 2}",0.535791,v024a,148090.0,DONE,0.100875,0.415709,0.440917,win,0,733
"{'PASS': 1049, 'PICKUP': 167, 'WEST': 927, 'NORTH': 887, 'BUILD_PASTURE': 14, 'PLACE': 14, 'PLANT': 158, 'WATER': 922, 'FEED': 314, 'CARE': 322, 'EAST': 688, 'COLLECT_FERTILIZER': 249, 'SOUTH': 586, 'DROP': 105, 'HARVEST': 374, 'DIG': 44, 'FERTILIZE': 80}",0,719,v21_1,155573.0,DONE,1,6882.0,"{'HIRE': 277, 'BUY_ANIMAL': 8, 'BUY_SEED': 18, 'BUY_PRODUCT': 248, 'SELL': 324, 'BUY_LAND': 2}",0.544791,v024a,148691.0,DONE,0.096167,0.412667,0.446375,win,1,733
"{'PASS': 1050, 'PICKUP': 167, 'WEST': 927, 'NORTH': 887, 'BUILD_PASTURE': 14, 'PLACE': 14, 'PLANT': 158, 'WATER': 922, 'FEED': 314, 'CARE': 322, 'EAST': 688, 'COLLECT_FERTILIZER': 249, 'SOUTH': 586, 'DROP': 105, 'HARVEST': 374, 'FERTILIZE': 80, 'DIG': 43}",0,719,v21_1,121868.0,DONE,1,10700.0,"{'HIRE': 277, 'BUY_ANIMAL': 8, 'BUY_SEED': 18, 'BUY_PRODUCT': 248, 'SELL': 324, 'BUY_LAND': 2}",64.029875,v025b,111168.0,DONE,0.100583,0.411083,0.44075,win,0,17
"{'PASS': 1050, 'PICKUP': 167, 'WEST': 927, 'NORTH': 887, 'BUILD_PASTURE': 14, 'PLACE': 14, 'PLANT': 158, 'WATER': 922, 'FEED': 314, 'CARE': 322, 'EAST': 688, 'COLLECT_FERTILIZER': 249, 'SOUTH': 586, 'DROP': 105, 'HARVEST': 374, 'FERTILIZE': 80, 'DIG': 43}",0,719,v21_1,121868.0,DONE,1,10700.0,"{'HIRE': 277, 'BUY_ANIMAL': 8, 'BUY_SEED': 18, 'BUY_PRODUCT': 248, 'SELL': 324, 'BUY_LAND': 2}",0.523,v025b,111168.0,DONE,0.094334,0.407791,0.43875,win,1,17
"{'PASS': 1050, 'PICKUP': 167, 'WEST': 927, 'NORTH': 887, 'BUILD_PASTURE': 14, 'PLACE': 14, 'PLANT': 158, 'WATER': 922, 'FEED': 314, 'CARE': 322, 'EAST': 688, 'COLLECT_FERTILIZER': 249, 'SOUTH': 586, 'DROP': 105, 'HARVEST': 374, 'FERTILIZE': 80, 'DIG': 43}",0,719,v21_1,141117.0,DONE,1,15872.0,"{'HIRE': 277, 'BUY_ANIMAL': 8, 'BUY_SEED': 18, 'BUY_PRODUCT': 248, 'SELL': 324, 'BUY_LAND': 2}",42.880208,v025b,125245.0,DONE,0.100125,0.413042,0.471417,win,0,42
"{'PASS': 1050, 'PICKUP': 167, 'WEST': 927, 'NORTH': 887, 'BUILD_PASTURE': 14, 'PLACE': 14, 'PLANT': 158, 'WATER': 922, 'FEED': 314, 'CARE': 322, 'EAST': 688, 'COLLECT_FERTILIZER': 249, 'SOUTH': 586, 'DROP': 105, 'HARVEST': 374, 'FERTILIZE': 80, 'DIG': 43}",0,719,v21_1,141117.0,DONE,1,15872.0,"{'HIRE': 277, 'BUY_ANIMAL': 8, 'BUY_SEED': 18, 'BUY_PRODUCT': 248, 'SELL': 324, 'BUY_LAND': 2}",0.556791,v025b,125245.0,DONE,0.0945,0.411583,0.444458,win,1,42
"{'PASS': 1050, 'PICKUP': 167, 'WEST': 927, 'NORTH': 887, 'BUILD_PASTURE': 14, 'PLACE': 14, 'PLANT': 158, 'WATER': 922, 'FEED': 314, 'CARE': 322, 'EAST': 688, 'COLLECT_FERTILIZER': 249, 'SOUTH': 584, 'DROP': 105, 'HARVEST': 374, 'FERTILIZE': 80, 'DIG': 45}",0,719,v21_1,100164.0,DONE,1,12957.0,"{'HIRE': 277, 'BUY_ANIMAL': 8, 'BUY_SEED': 18, 'BUY_PRODUCT': 248, 'SELL': 324, 'BUY_LAND': 2}",0.557042,v025b,87207.0,DONE,0.10125,0.412375,0.456792,win,0,2026
"{'PASS': 1050, 'PICKUP': 167, 'WEST': 927, 'NORTH': 887, 'BUILD_PASTURE': 14, 'PLACE': 14, 'PLANT': 158, 'WATER': 922, 'FEED': 314, 'CARE': 322, 'EAST': 688, 'COLLECT_FERTILIZER': 249, 'SOUTH': 586, 'DROP': 105, 'HARVEST': 374, 'FERTILIZE': 80, 'DIG': 43}",0,719,v21_1,100187.0,DONE,1,13014.0,"{'HIRE': 277, 'BUY_ANIMAL': 8, 'BUY_SEED': 18, 'BUY_PRODUCT': 248, 'SELL': 324, 'BUY_LAND': 2}",0.542792,v025b,87173.0,DONE,0.094083,0.409375,0.449583,win,1,2026
"{'PASS': 1050, 'PICKUP': 167, 'WEST': 927, 'NORTH': 887, 'BUILD_PASTURE': 14, 'PLACE': 14, 'PLANT': 158, 'WATER': 922, 'FEED': 314, 'CARE': 322, 'EAST': 688, 'COLLECT_FERTILIZER': 249, 'SOUTH': 586, 'DROP': 105, 'HARVEST': 374, 'FERTILIZE': 80, 'DIG': 43}",0,719,v21_1,120615.0,DONE,1,16408.0,"{'HIRE': 277, 'BUY_ANIMAL': 8, 'BUY_SEED': 18, 'BUY_PRODUCT': 248, 'SELL': 324, 'BUY_LAND': 2}",42.027,v025b,104207.0,DONE,0.100875,0.41225,0.459208,win,0,217
"{'PASS': 1049, 'PICKUP': 167, 'WEST': 927, 'NORTH': 887, 'BUILD_PASTURE': 14, 'PLACE': 14, 'PLANT': 158, 'WATER': 922, 'FEED': 314, 'CARE': 322, 'EAST': 688, 'COLLECT_FERTILIZER': 249, 'SOUTH': 586, 'DROP': 105, 'HARVEST': 374, 'DIG': 44, 'FERTILIZE': 80}",0,719,v21_1,119777.0,DONE,1,14641.0,"{'HIRE': 277, 'BUY_ANIMAL': 8, 'BUY_SEED': 18, 'BUY_PRODUCT': 248, 'SELL': 324, 'BUY_LAND': 2}",0.52,v025b,105136.0,DONE,0.095041,0.413375,0.443833,win,1,217
"{'PASS': 1050, 'PICKUP': 167, 'WEST': 927, 'NORTH': 887, 'BUILD_PASTURE': 14, 'PLACE': 14, 'PLANT': 158, 'WATER': 922, 'FEED': 314, 'CARE': 322, 'EAST': 688, 'COLLECT_FERTILIZER': 249, 'SOUTH': 586, 'DROP': 105, 'HARVEST': 374, 'FERTILIZE': 80, 'DIG': 43}",0,719,v21_1,126180.0,DONE,1,16888.0,"{'HIRE': 277, 'BUY_ANIMAL': 8, 'BUY_SEED': 18, 'BUY_PRODUCT': 248, 'SELL': 324, 'BUY_LAND': 2}",0.515875,v025b,109292.0,DONE,0.102334,0.4125,0.445583,win,0,317
"{'PASS': 1050, 'PICKUP': 167, 'WEST': 927, 'NORTH': 887, 'BUILD_PASTURE': 14, 'PLACE': 14, 'PLANT': 158, 'WATER': 922, 'FEED': 314, 'CARE': 322, 'EAST': 688, 'COLLECT_FERTILIZER': 249, 'SOUTH': 585, 'DROP': 105, 'HARVEST': 374, 'FERTILIZE': 80, 'DIG': 44}",0,719,v21_1,126180.0,DONE,1,16702.0,"{'HIRE': 277, 'BUY_ANIMAL': 8, 'BUY_SEED': 18, 'BUY_PRODUCT': 248, 'SELL': 324, 'BUY_LAND': 2}",74.623125,v025b,109478.0,DONE,0.093875,0.403667,0.431583,win,1,317
"{'PASS': 1050, 'PICKUP': 167, 'WEST': 927, 'NORTH': 887, 'BUILD_PASTURE': 14, 'PLACE': 14, 'PLANT': 158, 'WATER': 922, 'FEED': 314, 'CARE': 322, 'EAST': 688, 'COLLECT_FERTILIZER': 249, 'SOUTH': 586, 'DROP': 105, 'HARVEST': 374, 'FERTILIZE': 80, 'DIG': 43}",0,719,v21_1,157511.0,DONE,1,11566.0,"{'HIRE': 277, 'BUY_ANIMAL': 8, 'BUY_SEED': 18, 'BUY_PRODUCT': 248, 'SELL': 324, 'BUY_LAND': 2}",0.553333,v025b,145945.0,DONE,0.100958,0.414458,0.452042,win,0,733
"{'PASS': 1049, 'PICKUP': 167, 'WEST': 927, 'NORTH': 887, 'BUILD_PASTURE': 14, 'PLACE': 14, 'PLANT': 158, 'WATER': 922, 'FEED': 314, 'CARE': 322, 'EAST': 688, 'COLLECT_FERTILIZER': 249, 'SOUTH': 586, 'DROP': 105, 'HARVEST': 374, 'DIG': 44, 'FERTILIZE': 80}",0,719,v21_1,157511.0,DONE,1,10965.0,"{'HIRE': 277, 'BUY_ANIMAL': 8, 'BUY_SEED': 18, 'BUY_PRODUCT': 248, 'SELL': 324, 'BUY_LAND': 2}",34.321583,v025b,146546.0,DONE,0.094625,0.410375,0.447875,win,1,733
"{'PASS': 1050, 'PICKUP': 167, 'WEST': 927, 'NORTH': 887, 'BUILD_PASTURE': 14, 'PLACE': 14, 'PLANT': 158, 'WATER': 922, 'FEED': 314, 'CARE': 322, 'EAST': 688, 'COLLECT_FERTILIZER': 249, 'SOUTH': 586, 'DROP': 105, 'HARVEST': 374, 'FERTILIZE': 80, 'DIG': 43}",0,719,v21_1,125369.0,DONE,1,0.0,"{'HIRE': 277, 'BUY_ANIMAL': 8, 'BUY_SEED': 18, 'BUY_PRODUCT': 248, 'SELL': 324, 'BUY_LAND': 2}",0.537084,v21_1,125369.0,DONE,0.101208,0.412417,0.447625,tie,0,17
"{'PASS': 1050, 'PICKUP': 167, 'WEST': 927, 'NORTH': 887, 'BUILD_PASTURE': 14, 'PLACE': 14, 'PLANT': 158, 'WATER': 922, 'FEED': 314, 'CARE': 322, 'EAST': 688, 'COLLECT_FERTILIZER': 249, 'SOUTH': 586, 'DROP': 105, 'HARVEST': 374, 'FERTILIZE': 80, 'DIG': 43}",0,719,v21_1,125369.0,DONE,1,0.0,"{'HIRE': 277, 'BUY_ANIMAL': 8, 'BUY_SEED': 18, 'BUY_PRODUCT': 248, 'SELL': 324, 'BUY_LAND': 2}",0.537208,v21_1,125369.0,DONE,0.089917,0.397292,0.427333,tie,1,17
"{'PASS': 1050, 'PICKUP': 167, 'WEST': 927, 'NORTH': 887, 'BUILD_PASTURE': 14, 'PLACE': 14, 'PLANT': 158, 'WATER': 922, 'FEED': 314, 'CARE': 322, 'EAST': 688, 'COLLECT_FERTILIZER': 249, 'SOUTH': 586, 'DROP': 105, 'HARVEST': 374, 'FERTILIZE': 80, 'DIG': 43}",0,719,v21_1,128550.0,DONE,1,0.0,"{'HIRE': 277, 'BUY_ANIMAL': 8, 'BUY_SEED': 18, 'BUY_PRODUCT': 248, 'SELL': 324, 'BUY_LAND': 2}",0.5655,v21_1,128550.0,DONE,0.099542,0.416333,0.466584,tie,0,42
"{'PASS': 1050, 'PICKUP': 167, 'WEST': 927, 'NORTH': 887, 'BUILD_PASTURE': 14, 'PLACE': 14, 'PLANT': 158, 'WATER': 922, 'FEED': 314, 'CARE': 322, 'EAST': 688, 'COLLECT_FERTILIZER': 249, 'SOUTH': 586, 'DROP': 105, 'HARVEST': 374, 'FERTILIZE': 80, 'DIG': 43}",0,719,v21_1,128550.0,DONE,1,0.0,"{'HIRE': 277, 'BUY_ANIMAL': 8, 'BUY_SEED': 18, 'BUY_PRODUCT': 248, 'SELL': 324, 'BUY_LAND': 2}",0.591958,v21_1,128550.0,DONE,0.08825,0.39625,0.423167,tie,1,42
"{'PASS': 1050, 'PICKUP': 167, 'WEST': 927, 'NORTH': 887, 'BUILD_PASTURE': 14, 'PLACE': 14, 'PLANT': 158, 'WATER': 922, 'FEED': 314, 'CARE': 322, 'EAST': 688, 'COLLECT_FERTILIZER': 248, 'SOUTH': 585, 'DROP': 105, 'HARVEST': 374, 'FERTILIZE': 80, 'DIG': 45}",0,719,v21_1,102721.0,DONE,1,-83.0,"{'HIRE': 277, 'BUY_ANIMAL': 8, 'BUY_SEED': 18, 'BUY_PRODUCT': 248, 'SELL': 323, 'BUY_LAND': 2}",0.545791,v21_1,102804.0,DONE,0.101,0.406291,0.456209,loss,0,2026
"{'PASS': 1050, 'PICKUP': 167, 'WEST': 927, 'NORTH': 887, 'BUILD_PASTURE': 14, 'PLACE': 14, 'PLANT': 158, 'WATER': 922, 'FEED': 314, 'CARE': 322, 'EAST': 688, 'COLLECT_FERTILIZER': 249, 'SOUTH': 586, 'DROP': 105, 'HARVEST': 374, 'FERTILIZE': 80, 'DIG': 43}",0,719,v21_1,102804.0,DONE,1,83.0,"{'HIRE': 277, 'BUY_ANIMAL': 8, 'BUY_SEED': 18, 'BUY_PRODUCT': 248, 'SELL': 323, 'BUY_LAND': 2}",0.588375,v21_1,102721.0,DONE,0.08875,0.399416,0.428166,win,1,2026
"{'PASS': 1050, 'PICKUP': 167, 'WEST': 927, 'NORTH': 887, 'BUILD_PASTURE': 14, 'PLACE': 14, 'PLANT': 158, 'WATER': 922, 'FEED': 314, 'CARE': 322, 'EAST': 688, 'COLLECT_FERTILIZER': 249, 'SOUTH': 586, 'DROP': 105, 'HARVEST': 374, 'FERTILIZE': 80, 'DIG': 43}",0,719,v21_1,105861.0,DONE,1,0.0,"{'HIRE': 277, 'BUY_ANIMAL': 8, 'BUY_SEED': 18, 'BUY_PRODUCT': 248, 'SELL': 324, 'BUY_LAND': 2}",49.949792,v21_1,105861.0,DONE,0.100125,0.4145,0.450791,tie,0,217
"{'PASS': 1049, 'PICKUP': 167, 'WEST': 927, 'NORTH': 887, 'BUILD_PASTURE': 14, 'PLACE': 14, 'PLANT': 158, 'WATER': 922, 'FEED': 314, 'CARE': 322, 'EAST': 688, 'COLLECT_FERTILIZER': 249, 'SOUTH': 586, 'DROP': 105, 'HARVEST': 374, 'DIG': 44, 'FERTILIZE': 80}",0,719,v21_1,105861.0,DONE,1,0.0,"{'HIRE': 277, 'BUY_ANIMAL': 8, 'BUY_SEED': 18, 'BUY_PRODUCT': 248, 'SELL': 324, 'BUY_LAND': 2}",0.61525,v21_1,105861.0,DONE,0.089625,0.39825,0.439042,tie,1,217
"{'PASS': 1050, 'PICKUP': 167, 'WEST': 927, 'NORTH': 887, 'BUILD_PASTURE': 14, 'PLACE': 14, 'PLANT': 158, 'WATER': 922, 'FEED': 314, 'CARE': 322, 'EAST': 688, 'COLLECT_FERTILIZER': 249, 'SOUTH': 586, 'DROP': 105, 'HARVEST': 374, 'FERTILIZE': 80, 'DIG': 43}",0,719,v21_1,114993.0,DONE,1,0.0,"{'HIRE': 277, 'BUY_ANIMAL': 8, 'BUY_SEED': 18, 'BUY_PRODUCT': 248, 'SELL': 324, 'BUY_LAND': 2}",0.550792,v21_1,114993.0,DONE,0.099959,0.410833,0.471791,tie,0,317
"{'PASS': 1050, 'PICKUP': 167, 'WEST': 927, 'NORTH': 887, 'BUILD_PASTURE': 14, 'PLACE': 14, 'PLANT': 158, 'WATER': 922, 'FEED': 314, 'CARE': 322, 'EAST': 688, 'COLLECT_FERTILIZER': 249, 'SOUTH': 585, 'DROP': 105, 'HARVEST': 374, 'FERTILIZE': 80, 'DIG': 44}",0,719,v21_1,114993.0,DONE,1,0.0,"{'HIRE': 277, 'BUY_ANIMAL': 8, 'BUY_SEED': 18, 'BUY_PRODUCT': 248, 'SELL': 324, 'BUY_LAND': 2}",0.542583,v21_1,114993.0,DONE,0.089125,0.395584,0.429292,tie,1,317
"{'PASS': 1050, 'PICKUP': 167, 'WEST': 927, 'NORTH': 887, 'BUILD_PASTURE': 14, 'PLACE': 14, 'PLANT': 158, 'WATER': 922, 'FEED': 314, 'CARE': 322, 'EAST': 688, 'COLLECT_FERTILIZER': 249, 'SOUTH': 586, 'DROP': 105, 'HARVEST': 374, 'FERTILIZE': 80, 'DIG': 43}",0,719,v21_1,142269.0,DONE,1,938.0,"{'HIRE': 277, 'BUY_ANIMAL': 8, 'BUY_SEED': 18, 'BUY_PRODUCT': 248, 'SELL': 323, 'BUY_LAND': 2}",0.573166,v21_1,141331.0,DONE,0.100083,0.40925,0.433417,win,0,733
"{'PASS': 1050, 'PICKUP': 167, 'WEST': 927, 'NORTH': 887, 'BUILD_PASTURE': 14, 'PLACE': 14, 'PLANT': 158, 'WATER': 921, 'FEED': 314, 'CARE': 322, 'EAST': 688, 'COLLECT_FERTILIZER': 249, 'SOUTH': 586, 'DROP': 105, 'HARVEST': 374, 'DIG': 44, 'FERTILIZE': 80}",0,719,v21_1,141331.0,DONE,1,-938.0,"{'HIRE': 277, 'BUY_ANIMAL': 8, 'BUY_SEED': 18, 'BUY_PRODUCT': 248, 'SELL': 323, 'BUY_LAND': 2}",46.54475,v21_1,142269.0,DONE,0.088667,0.397209,0.439375,loss,1,733
"{'PASS': 1050, 'PICKUP': 167, 'WEST': 927, 'NORTH': 887, 'BUILD_PASTURE': 14, 'PLACE': 14, 'PLANT': 158, 'WATER': 922, 'FEED': 314, 'CARE': 322, 'EAST': 688, 'COLLECT_FERTILIZER': 249, 'SOUTH': 586, 'DROP': 105, 'HARVEST': 374, 'FERTILIZE': 80, 'DIG': 43}",0,719,v21_1,106078.0,DONE,1,-4593.0,"{'HIRE': 277, 'BUY_ANIMAL': 8, 'BUY_SEED': 18, 'BUY_PRODUCT': 248, 'SELL': 324, 'BUY_LAND': 2}",0.745125,v13_r3,110671.0,DONE,0.101125,0.413791,0.457583,loss,0,17
"{'PASS': 1050, 'PICKUP': 167, 'WEST': 927, 'NORTH': 887, 'BUILD_PASTURE': 14, 'PLACE': 14, 'PLANT': 158, 'WATER': 922, 'FEED': 314, 'CARE': 322, 'EAST': 688, 'COLLECT_FERTILIZER': 249, 'SOUTH': 586, 'DROP': 105, 'HARVEST': 374, 'FERTILIZE': 80, 'DIG': 43}",0,719,v21_1,106078.0,DONE,1,-4593.0,"{'HIRE': 277, 'BUY_ANIMAL': 8, 'BUY_SEED': 18, 'BUY_PRODUCT': 248, 'SELL': 324, 'BUY_LAND': 2}",0.51575,v13_r3,110671.0,DONE,0.091667,0.406917,0.426584,loss,1,17
"{'PASS': 1050, 'PICKUP': 167, 'WEST': 927, 'NORTH': 887, 'BUILD_PASTURE': 14, 'PLACE': 14, 'PLANT': 158, 'WATER': 922, 'FEED': 314, 'CARE': 322, 'EAST': 688, 'COLLECT_FERTILIZER': 249, 'SOUTH': 586, 'DROP': 105, 'HARVEST': 374, 'FERTILIZE': 80, 'DIG': 43}",0,719,v21_1,128043.0,DONE,1,-475.0,"{'HIRE': 277, 'BUY_ANIMAL': 8, 'BUY_SEED': 18, 'BUY_PRODUCT': 248, 'SELL': 324, 'BUY_LAND': 2}",33.311958,v13_r3,128518.0,DONE,0.101958,0.41325,0.442667,loss,0,42
"{'PASS': 1050, 'PICKUP': 167, 'WEST': 927, 'NORTH': 887, 'BUILD_PASTURE': 14, 'PLACE': 14, 'PLANT': 158, 'WATER': 922, 'FEED': 314, 'CARE': 322, 'EAST': 688, 'COLLECT_FERTILIZER': 249, 'SOUTH': 586, 'DROP': 105, 'HARVEST': 374, 'FERTILIZE': 80, 'DIG': 43}",0,719,v21_1,128043.0,DONE,1,-475.0,"{'HIRE': 277, 'BUY_ANIMAL': 8, 'BUY_SEED': 18, 'BUY_PRODUCT': 248, 'SELL': 324, 'BUY_LAND': 2}",0.541917,v13_r3,128518.0,DONE,0.091916,0.405833,0.426709,loss,1,42
"{'PASS': 1050, 'PICKUP': 167, 'WEST': 927, 'NORTH': 887, 'BUILD_PASTURE': 14, 'PLACE': 14, 'PLANT': 158, 'WATER': 922, 'FEED': 314, 'CARE': 322, 'EAST': 688, 'COLLECT_FERTILIZER': 249, 'SOUTH': 584, 'DROP': 105, 'HARVEST': 374, 'FERTILIZE': 80, 'DIG': 45}",0,719,v21_1,89715.0,DONE,1,-3130.0,"{'HIRE': 277, 'BUY_ANIMAL': 8, 'BUY_SEED': 18, 'BUY_PRODUCT': 248, 'SELL': 324, 'BUY_LAND': 2}",63.175459,v13_r3,92845.0,DONE,0.100417,0.415791,0.439292,loss,0,2026
"{'PASS': 1050, 'PICKUP': 167, 'WEST': 927, 'NORTH': 887, 'BUILD_PASTURE': 14, 'PLACE': 14, 'PLANT': 158, 'WATER': 922, 'FEED': 314, 'CARE': 322, 'EAST': 688, 'COLLECT_FERTILIZER': 249, 'SOUTH': 586, 'DROP': 105, 'HARVEST': 374, 'FERTILIZE': 80, 'DIG': 43}",0,719,v21_1,89746.0,DONE,1,-3001.0,"{'HIRE': 277, 'BUY_ANIMAL': 8, 'BUY_SEED': 18, 'BUY_PRODUCT': 248, 'SELL': 324, 'BUY_LAND': 2}",0.52975,v13_r3,92747.0,DONE,0.091666,0.403917,0.433959,loss,1,2026
"{'PASS': 1050, 'PICKUP': 167, 'WEST': 927, 'NORTH': 887, 'BUILD_PASTURE': 14, 'PLACE': 14, 'PLANT': 158, 'WATER': 922, 'FEED': 314, 'CARE': 322, 'EAST': 688, 'COLLECT_FERTILIZER': 249, 'SOUTH': 586, 'DROP': 105, 'HARVEST': 374, 'FERTILIZE': 80, 'DIG': 43}",0,719,v21_1,105256.0,DONE,1,-547.0,"{'HIRE': 277, 'BUY_ANIMAL': 8, 'BUY_SEED': 18, 'BUY_PRODUCT': 248, 'SELL': 324, 'BUY_LAND': 2}",0.561875,v13_r3,105803.0,DONE,0.099917,0.4085,0.435542,loss,0,217
"{'PASS': 1049, 'PICKUP': 167, 'WEST': 927, 'NORTH': 887, 'BUILD_PASTURE': 14, 'PLACE': 14, 'PLANT': 158, 'WATER': 922, 'FEED': 314, 'CARE': 322, 'EAST': 688, 'COLLECT_FERTILIZER': 249, 'SOUTH': 586, 'DROP': 105, 'HARVEST': 374, 'DIG': 44, 'FERTILIZE': 80}",0,719,v21_1,105256.0,DONE,1,-547.0,"{'HIRE': 277, 'BUY_ANIMAL': 8, 'BUY_SEED': 18, 'BUY_PRODUCT': 248, 'SELL': 324, 'BUY_LAND': 2}",0.54325,v13_r3,105803.0,DONE,0.091667,0.405,0.435333,loss,1,217
"{'PASS': 1050, 'PICKUP': 167, 'WEST': 927, 'NORTH': 887, 'BUILD_PASTURE': 14, 'PLACE': 14, 'PLANT': 158, 'WATER': 922, 'FEED': 314, 'CARE': 322, 'EAST': 688, 'COLLECT_FERTILIZER': 249, 'SOUTH': 586, 'DROP': 105, 'HARVEST': 374, 'FERTILIZE': 80, 'DIG': 43}",0,719,v21_1,114489.0,DONE,1,-254.0,"{'HIRE': 277, 'BUY_ANIMAL': 8, 'BUY_SEED': 18, 'BUY_PRODUCT': 248, 'SELL': 324, 'BUY_LAND': 2}",35.725083,v13_r3,114743.0,DONE,0.101042,0.418458,0.499125,loss,0,317
"{'PASS': 1050, 'PICKUP': 167, 'WEST': 927, 'NORTH': 887, 'BUILD_PASTURE': 14, 'PLACE': 14, 'PLANT': 158, 'WATER': 922, 'FEED': 314, 'CARE': 322, 'EAST': 688, 'COLLECT_FERTILIZER': 249, 'SOUTH': 585, 'DROP': 105, 'HARVEST': 374, 'FERTILIZE': 80, 'DIG': 44}",0,719,v21_1,114489.0,DONE,1,-810.0,"{'HIRE': 277, 'BUY_ANIMAL': 8, 'BUY_SEED': 18, 'BUY_PRODUCT': 248, 'SELL': 324, 'BUY_LAND': 2}",0.50825,v13_r3,115299.0,DONE,0.092167,0.408958,0.453125,loss,1,317
"{'PASS': 1050, 'PICKUP': 167, 'WEST': 927, 'NORTH': 887, 'BUILD_PASTURE': 14, 'PLACE': 14, 'PLANT': 158, 'WATER': 922, 'FEED': 314, 'CARE': 322, 'EAST': 688, 'COLLECT_FERTILIZER': 249, 'SOUTH': 586, 'DROP': 105, 'HARVEST': 374, 'FERTILIZE': 80, 'DIG': 43}",0,719,v21_1,149248.0,DONE,1,-3358.0,"{'HIRE': 277, 'BUY_ANIMAL': 8, 'BUY_SEED': 18, 'BUY_PRODUCT': 248, 'SELL': 324, 'BUY_LAND': 2}",40.566,v13_r3,152606.0,DONE,0.100166,0.413292,0.461917,loss,0,733
"{'PASS': 1049, 'PICKUP': 167, 'WEST': 927, 'NORTH': 887, 'BUILD_PASTURE': 14, 'PLACE': 14, 'PLANT': 158, 'WATER': 922, 'FEED': 314, 'CARE': 322, 'EAST': 688, 'COLLECT_FERTILIZER': 249, 'SOUTH': 586, 'DROP': 105, 'HARVEST': 374, 'DIG': 44, 'FERTILIZE': 80}",0,719,v21_1,148977.0,DONE,1,-4804.0,"{'HIRE': 277, 'BUY_ANIMAL': 8, 'BUY_SEED': 18, 'BUY_PRODUCT': 248, 'SELL': 324, 'BUY_LAND': 2}",0.581084,v13_r3,153781.0,DONE,0.092208,0.403083,0.431916,loss,1,733
"{'PASS': 1050, 'PICKUP': 167, 'WEST': 927, 'NORTH': 887, 'BUILD_PASTURE': 14, 'PLACE': 14, 'PLANT': 158, 'WATER': 922, 'FEED': 314, 'CARE': 322, 'EAST': 688, 'COLLECT_FERTILIZER': 249, 'SOUTH': 586, 'DROP': 105, 'HARVEST': 374, 'FERTILIZE': 80, 'DIG': 43}",0,719,v21_1,203168.0,DONE,1,199654.0,"{'HIRE': 277, 'BUY_ANIMAL': 8, 'BUY_SEED': 18, 'BUY_PRODUCT': 248, 'SELL': 324, 'BUY_LAND': 2}",51.1445,starter,3514.0,DONE,0.123875,0.407291,0.5195,win,0,17
"{'PASS': 1050, 'PICKUP': 167, 'WEST': 927, 'NORTH': 887, 'BUILD_PASTURE': 14, 'PLACE': 14, 'PLANT': 158, 'WATER': 922, 'FEED': 314, 'CARE': 322, 'EAST': 688, 'COLLECT_FERTILIZER': 249, 'SOUTH': 586, 'DROP': 105, 'HARVEST': 374, 'FERTILIZE': 80, 'DIG': 43}",0,719,v21_1,203168.0,DONE,1,199654.0,"{'HIRE': 277, 'BUY_ANIMAL': 8, 'BUY_SEED': 18, 'BUY_PRODUCT': 248, 'SELL': 324, 'BUY_LAND': 2}",37.424542,starter,3514.0,DONE,0.127042,0.420875,0.545875,win,1,17
"{'PASS': 1050, 'PICKUP': 167, 'WEST': 927, 'NORTH': 887, 'BUILD_PASTURE': 14, 'PLACE': 14, 'PLANT': 158, 'WATER': 922, 'FEED': 314, 'CARE': 322, 'EAST': 688, 'COLLECT_FERTILIZER': 249, 'SOUTH': 586, 'DROP': 105, 'HARVEST': 374, 'FERTILIZE': 80, 'DIG': 43}",0,719,v21_1,197232.0,DONE,1,193737.0,"{'HIRE': 277, 'BUY_ANIMAL': 8, 'BUY_SEED': 18, 'BUY_PRODUCT': 248, 'SELL': 324, 'BUY_LAND': 2}",54.815417,starter,3495.0,DONE,0.125125,0.417417,0.533417,win,0,42
"{'PASS': 1050, 'PICKUP': 167, 'WEST': 927, 'NORTH': 887, 'BUILD_PASTURE': 14, 'PLACE': 14, 'PLANT': 158, 'WATER': 922, 'FEED': 314, 'CARE': 322, 'EAST': 688, 'COLLECT_FERTILIZER': 249, 'SOUTH': 586, 'DROP': 105, 'HARVEST': 374, 'FERTILIZE': 80, 'DIG': 43}",0,719,v21_1,197232.0,DONE,1,193737.0,"{'HIRE': 277, 'BUY_ANIMAL': 8, 'BUY_SEED': 18, 'BUY_PRODUCT': 248, 'SELL': 324, 'BUY_LAND': 2}",0.550458,starter,3495.0,DONE,0.124875,0.419292,0.471416,win,1,42
"{'PASS': 1050, 'PICKUP': 167, 'WEST': 927, 'NORTH': 887, 'BUILD_PASTURE': 14, 'PLACE': 14, 'PLANT': 158, 'WATER': 922, 'FEED': 314, 'CARE': 322, 'EAST': 688, 'COLLECT_FERTILIZER': 248, 'SOUTH': 585, 'DROP': 105, 'HARVEST': 374, 'FERTILIZE': 80, 'DIG': 45}",0,719,v21_1,183424.0,DONE,1,179921.0,"{'HIRE': 277, 'BUY_ANIMAL': 8, 'BUY_SEED': 18, 'BUY_PRODUCT': 248, 'SELL': 324, 'BUY_LAND': 2}",0.591708,starter,3503.0,DONE,0.123708,0.408125,0.483167,win,0,2026
"{'PASS': 1050, 'PICKUP': 167, 'WEST': 927, 'NORTH': 887, 'BUILD_PASTURE': 14, 'PLACE': 14, 'PLANT': 158, 'WATER': 922, 'FEED': 314, 'CARE': 322, 'EAST': 688, 'COLLECT_FERTILIZER': 249, 'SOUTH': 586, 'DROP': 105, 'HARVEST': 374, 'FERTILIZE': 80, 'DIG': 43}",0,719,v21_1,183558.0,DONE,1,180055.0,"{'HIRE': 277, 'BUY_ANIMAL': 8, 'BUY_SEED': 18, 'BUY_PRODUCT': 248, 'SELL': 324, 'BUY_LAND': 2}",52.274375,starter,3503.0,DONE,0.124792,0.412083,0.511541,win,1,2026
"{'PASS': 1050, 'PICKUP': 167, 'WEST': 927, 'NORTH': 887, 'BUILD_PASTURE': 14, 'PLACE': 14, 'PLANT': 158, 'WATER': 922, 'FEED': 314, 'CARE': 322, 'EAST': 688, 'COLLECT_FERTILIZER': 249, 'SOUTH': 586, 'DROP': 105, 'HARVEST': 374, 'FERTILIZE': 80, 'DIG': 43}",0,719,v21_1,176388.0,DONE,1,172879.0,"{'HIRE': 277, 'BUY_ANIMAL': 8, 'BUY_SEED': 18, 'BUY_PRODUCT': 248, 'SELL': 324, 'BUY_LAND': 2}",0.58675,starter,3509.0,DONE,0.126,0.418,0.525291,win,0,217
"{'PASS': 1049, 'PICKUP': 167, 'WEST': 927, 'NORTH': 887, 'BUILD_PASTURE': 14, 'PLACE': 14, 'PLANT': 158, 'WATER': 922, 'FEED': 314, 'CARE': 322, 'EAST': 688, 'COLLECT_FERTILIZER': 249, 'SOUTH': 586, 'DROP': 105, 'HARVEST': 374, 'FERTILIZE': 80, 'DIG': 44}",0,719,v21_1,176388.0,DONE,1,172879.0,"{'HIRE': 277, 'BUY_ANIMAL': 8, 'BUY_SEED': 18, 'BUY_PRODUCT': 248, 'SELL': 324, 'BUY_LAND': 2}",36.258625,starter,3509.0,DONE,0.124792,0.418875,0.511875,win,1,217
"{'PASS': 1050, 'PICKUP': 167, 'WEST': 927, 'NORTH': 887, 'BUILD_PASTURE': 14, 'PLACE': 14, 'PLANT': 158, 'WATER': 922, 'FEED': 314, 'CARE': 322, 'EAST': 688, 'COLLECT_FERTILIZER': 249, 'SOUTH': 586, 'DROP': 105, 'HARVEST': 374, 'FERTILIZE': 80, 'DIG': 43}",0,719,v21_1,191002.0,DONE,1,187511.0,"{'HIRE': 277, 'BUY_ANIMAL': 8, 'BUY_SEED': 18, 'BUY_PRODUCT': 248, 'SELL': 324, 'BUY_LAND': 2}",37.638417,starter,3491.0,DONE,0.125,0.416375,0.520292,win,0,317
"{'PASS': 1050, 'PICKUP': 167, 'WEST': 927, 'NORTH': 887, 'BUILD_PASTURE': 14, 'PLACE': 14, 'PLANT': 158, 'WATER': 922, 'FEED': 314, 'CARE': 322, 'EAST': 688, 'COLLECT_FERTILIZER': 248, 'SOUTH': 586, 'DROP': 105, 'HARVEST': 374, 'FERTILIZE': 80, 'DIG': 44}",0,719,v21_1,190935.0,DONE,1,187444.0,"{'HIRE': 277, 'BUY_ANIMAL': 8, 'BUY_SEED': 18, 'BUY_PRODUCT': 248, 'SELL': 324, 'BUY_LAND': 2}",0.55825,starter,3491.0,DONE,0.124708,0.413625,0.50225,win,1,317
"{'PASS': 1050, 'PICKUP': 167, 'WEST': 927, 'NORTH': 887, 'BUILD_PASTURE': 14, 'PLACE': 14, 'PLANT': 158, 'WATER': 922, 'FEED': 314, 'CARE': 322, 'EAST': 688, 'COLLECT_FERTILIZER': 249, 'SOUTH': 586, 'DROP': 105, 'HARVEST': 374, 'FERTILIZE': 80, 'DIG': 43}",0,719,v21_1,186510.0,DONE,1,183003.0,"{'HIRE': 277, 'BUY_ANIMAL': 8, 'BUY_SEED': 18, 'BUY_PRODUCT': 248, 'SELL': 324, 'BUY_LAND': 2}",39.677334,starter,3507.0,DONE,0.127625,0.429917,0.5565,win,0,733
"{'PASS': 1049, 'PICKUP': 167, 'WEST': 927, 'NORTH': 887, 'BUILD_PASTURE': 14, 'PLACE': 14, 'PLANT': 158, 'WATER': 922, 'FEED': 314, 'CARE': 322, 'EAST': 688, 'COLLECT_FERTILIZER': 249, 'SOUTH': 586, 'DROP': 105, 'HARVEST': 374, 'DIG': 44, 'FERTILIZE': 80}",0,719,v21_1,187523.0,DONE,1,184014.0,"{'HIRE': 277, 'BUY_ANIMAL': 8, 'BUY_SEED': 18, 'BUY_PRODUCT': 248, 'SELL': 324, 'BUY_LAND': 2}",37.345125,starter,3509.0,DONE,0.125667,0.412791,0.52325,win,1,733
"{'PASS': 1050, 'PICKUP': 167, 'WEST': 927, 'NORTH': 887, 'BUILD_PASTURE': 14, 'PLACE': 14, 'PLANT': 158, 'WATER': 922, 'FEED': 314, 'CARE': 322, 'EAST': 688, 'COLLECT_FERTILIZER': 249, 'SOUTH': 586, 'DROP': 105, 'HARVEST': 374, 'FERTILIZE': 80, 'DIG': 43}",0,719,v21_1,194448.0,DONE,1,194448.0,"{'HIRE': 277, 'BUY_ANIMAL': 8, 'BUY_SEED': 18, 'BUY_PRODUCT': 248, 'SELL': 324, 'BUY_LAND': 2}",59.042834,random,0.0,DONE,0.129875,0.420333,0.51925,win,0,17
"{'PASS': 1050, 'PICKUP': 167, 'WEST': 927, 'NORTH': 887, 'BUILD_PASTURE': 14, 'PLACE': 14, 'PLANT': 158, 'WATER': 922, 'FEED': 314, 'CARE': 322, 'EAST': 688, 'COLLECT_FERTILIZER': 249, 'SOUTH': 586, 'DROP': 105, 'HARVEST': 374, 'FERTILIZE': 80, 'DIG': 43}",0,719,v21_1,197479.0,DONE,1,197479.0,"{'HIRE': 277, 'BUY_ANIMAL': 8, 'BUY_SEED': 18, 'BUY_PRODUCT': 248, 'SELL': 324, 'BUY_LAND': 2}",43.157416,random,0.0,DONE,0.129,0.424333,0.524875,win,1,17
"{'PASS': 1050, 'PICKUP': 167, 'WEST': 927, 'NORTH': 887, 'BUILD_PASTURE': 14, 'PLACE': 14, 'PLANT': 158, 'WATER': 922, 'FEED': 314, 'CARE': 322, 'EAST': 688, 'COLLECT_FERTILIZER': 249, 'SOUTH': 586, 'DROP': 105, 'HARVEST': 374, 'FERTILIZE': 80, 'DIG': 43}",0,719,v21_1,187325.0,DONE,1,187325.0,"{'HIRE': 277, 'BUY_ANIMAL': 8, 'BUY_SEED': 18, 'BUY_PRODUCT': 248, 'SELL': 324, 'BUY_LAND': 2}",44.390625,random,0.0,DONE,0.129042,0.422459,0.524375,win,0,42
"{'PASS': 1050, 'PICKUP': 167, 'WEST': 927, 'NORTH': 886, 'BUILD_PASTURE': 14, 'PLACE': 14, 'PLANT': 158, 'WATER': 922, 'FEED': 314, 'CARE': 322, 'EAST': 688, 'COLLECT_FERTILIZER': 249, 'SOUTH': 586, 'DROP': 105, 'HARVEST': 374, 'DIG': 44, 'FERTILIZE': 80}",0,719,v21_1,199204.0,DONE,1,199204.0,"{'HIRE': 277, 'BUY_ANIMAL': 8, 'BUY_SEED': 18, 'BUY_PRODUCT': 248, 'SELL': 324, 'BUY_LAND': 2}",48.661541,random,0.0,DONE,0.124958,0.420583,0.545125,win,1,42
"{'PASS': 1050, 'PICKUP': 167, 'WEST': 927, 'NORTH': 887, 'BUILD_PASTURE': 14, 'PLACE': 14, 'PLANT': 158, 'WATER': 922, 'FEED': 314, 'CARE': 322, 'EAST': 688, 'COLLECT_FERTILIZER': 248, 'SOUTH': 585, 'DROP': 105, 'HARVEST': 374, 'FERTILIZE': 80, 'DIG': 45}",0,719,v21_1,190570.0,DONE,1,190210.0,"{'HIRE': 277, 'BUY_ANIMAL': 8, 'BUY_SEED': 18, 'BUY_PRODUCT': 248, 'SELL': 324, 'BUY_LAND': 2}",51.550834,random,360.0,DONE,0.123708,0.413875,0.5275,win,0,2026
"{'PASS': 1050, 'PICKUP': 167, 'WEST': 927, 'NORTH': 887, 'BUILD_PASTURE': 14, 'PLACE': 14, 'PLANT': 158, 'WATER': 922, 'FEED': 314, 'CARE': 322, 'EAST': 688, 'COLLECT_FERTILIZER': 249, 'SOUTH': 586, 'DROP': 105, 'HARVEST': 374, 'FERTILIZE': 80, 'DIG': 43}",0,719,v21_1,171203.0,DONE,1,171203.0,"{'HIRE': 277, 'BUY_ANIMAL': 8, 'BUY_SEED': 18, 'BUY_PRODUCT': 248, 'SELL': 324, 'BUY_LAND': 2}",36.394666,random,0.0,DONE,0.12875,0.422792,0.508291,win,1,2026
"{'PASS': 1050, 'PICKUP': 167, 'WEST': 927, 'NORTH': 887, 'BUILD_PASTURE': 14, 'PLACE': 14, 'PLANT': 158, 'WATER': 922, 'FEED': 314, 'CARE': 322, 'EAST': 688, 'COLLECT_FERTILIZER': 249, 'SOUTH': 586, 'DROP': 105, 'HARVEST': 374, 'FERTILIZE': 80, 'DIG': 43}",0,719,v21_1,201323.0,DONE,1,201323.0,"{'HIRE': 277, 'BUY_ANIMAL': 8, 'BUY_SEED': 18, 'BUY_PRODUCT': 248, 'SELL': 324, 'BUY_LAND': 2}",45.069583,random,0.0,DONE,0.126292,0.418542,0.522916,win,0,217
"{'PASS': 1049, 'PICKUP': 167, 'WEST': 927, 'NORTH': 887, 'BUILD_PASTURE': 14, 'PLACE': 14, 'PLANT': 158, 'WATER': 922, 'FEED': 314, 'CARE': 322, 'EAST': 688, 'COLLECT_FERTILIZER': 249, 'SOUTH': 586, 'DROP': 105, 'HARVEST': 374, 'DIG': 44, 'FERTILIZE': 80}",0,719,v21_1,190027.0,DONE,1,190027.0,"{'HIRE': 277, 'BUY_ANIMAL': 8, 'BUY_SEED': 18, 'BUY_PRODUCT': 248, 'SELL': 324, 'BUY_LAND': 2}",58.127792,random,0.0,DONE,0.129833,0.419708,0.527166,win,1,217
"{'PASS': 1050, 'PICKUP': 167, 'WEST': 927, 'NORTH': 887, 'BUILD_PASTURE': 14, 'PLACE': 14, 'PLANT': 158, 'WATER': 922, 'FEED': 314, 'CARE': 322, 'EAST': 688, 'COLLECT_FERTILIZER': 249, 'SOUTH': 586, 'DROP': 105, 'HARVEST': 374, 'FERTILIZE': 80, 'DIG': 43}",0,719,v21_1,190974.0,DONE,1,190974.0,"{'HIRE': 277, 'BUY_ANIMAL': 8, 'BUY_SEED': 18, 'BUY_PRODUCT': 248, 'SELL': 324, 'BUY_LAND': 2}",0.62425,random,0.0,DONE,0.129542,0.422125,0.484625,win,0,317
"{'PASS': 1050, 'PICKUP': 167, 'WEST': 927, 'NORTH': 887, 'BUILD_PASTURE': 14, 'PLACE': 14, 'PLANT': 158, 'WATER': 922, 'FEED': 314, 'CARE': 322, 'EAST': 688, 'COLLECT_FERTILIZER': 249, 'SOUTH': 586, 'DROP': 105, 'HARVEST': 374, 'FERTILIZE': 80, 'DIG': 43}",0,719,v21_1,196726.0,DONE,1,196726.0,"{'HIRE': 277, 'BUY_ANIMAL': 8, 'BUY_SEED': 18, 'BUY_PRODUCT': 248, 'SELL': 324, 'BUY_LAND': 2}",56.778333,random,0.0,DONE,0.126417,0.417667,0.47225,win,1,317
"{'PASS': 1050, 'PICKUP': 167, 'WEST': 927, 'NORTH': 887, 'BUILD_PASTURE': 14, 'PLACE': 14, 'PLANT': 158, 'WATER': 922, 'FEED': 314, 'CARE': 322, 'EAST': 688, 'COLLECT_FERTILIZER': 249, 'SOUTH': 586, 'DROP': 105, 'HARVEST': 374, 'FERTILIZE': 80, 'DIG': 43}",0,719,v21_1,207236.0,DONE,1,207236.0,"{'HIRE': 277, 'BUY_ANIMAL': 8, 'BUY_SEED': 18, 'BUY_PRODUCT': 248, 'SELL': 324, 'BUY_LAND': 2}",61.367,random,0.0,DONE,0.129583,0.426041,0.546083,win,0,733
"{'PASS': 1050, 'PICKUP': 167, 'WEST': 927, 'NORTH': 887, 'BUILD_PASTURE': 14, 'PLACE': 14, 'PLANT': 158, 'WATER': 922, 'FEED': 314, 'CARE': 322, 'EAST': 688, 'COLLECT_FERTILIZER': 249, 'SOUTH': 586, 'DROP': 105, 'HARVEST': 374, 'FERTILIZE': 80, 'DIG': 43}",0,719,v21_1,203220.0,DONE,1,203220.0,"{'HIRE': 277, 'BUY_ANIMAL': 8, 'BUY_SEED': 18, 'BUY_PRODUCT': 248, 'SELL': 324, 'BUY_LAND': 2}",44.790042,random,0.0,DONE,0.128292,0.420292,0.522083,win,1,733
"{'PASS': 1046, 'PICKUP': 167, 'WEST': 925, 'NORTH': 889, 'BUILD_PASTURE': 14, 'PLACE': 14, 'PLANT': 158, 'WATER': 922, 'FEED': 314, 'CARE': 322, 'EAST': 686, 'COLLECT_FERTILIZER': 254, 'SOUTH': 590, 'DROP': 103, 'HARVEST': 374, 'FERTILIZE': 80, 'DIG': 42}",0,719,v13_r3,160667.0,DONE,1,49181.0,"{'HIRE': 277, 'BUY_ANIMAL': 8, 'BUY_SEED': 18, 'BUY_PRODUCT': 233, 'SELL': 315, 'BUY_LAND': 2}",0.358875,root,111486.0,DONE,0.125791,0.156917,0.254,win,0,17
"{'PASS': 1046, 'PICKUP': 167, 'WEST': 925, 'NORTH': 889, 'BUILD_PASTURE': 14, 'PLACE': 14, 'PLANT': 158, 'WATER': 922, 'FEED': 314, 'CARE': 322, 'EAST': 686, 'COLLECT_FERTILIZER': 254, 'SOUTH': 590, 'DROP': 103, 'HARVEST': 374, 'FERTILIZE': 80, 'DIG': 42}",0,719,v13_r3,160667.0,DONE,1,49181.0,"{'HIRE': 277, 'BUY_ANIMAL': 8, 'BUY_SEED': 18, 'BUY_PRODUCT': 233, 'SELL': 315, 'BUY_LAND': 2}",0.372542,root,111486.0,DONE,0.119709,0.151333,0.167542,win,1,17
"{'PASS': 1046, 'PICKUP': 167, 'WEST': 925, 'NORTH': 889, 'BUILD_PASTURE': 14, 'PLACE': 14, 'PLANT': 158, 'WATER': 922, 'FEED': 314, 'CARE': 322, 'EAST': 686, 'COLLECT_FERTILIZER': 254, 'SOUTH': 590, 'DROP': 103, 'HARVEST': 374, 'FERTILIZE': 80, 'DIG': 42}",0,719,v13_r3,149912.0,DONE,1,47548.0,"{'HIRE': 277, 'BUY_ANIMAL': 8, 'BUY_SEED': 18, 'BUY_PRODUCT': 233, 'SELL': 316, 'BUY_LAND': 2}",0.463459,root,102364.0,DONE,0.127208,0.163333,0.183084,win,0,42
"{'PASS': 1046, 'PICKUP': 167, 'WEST': 925, 'NORTH': 889, 'BUILD_PASTURE': 14, 'PLACE': 14, 'PLANT': 158, 'WATER': 922, 'FEED': 314, 'CARE': 322, 'EAST': 686, 'COLLECT_FERTILIZER': 254, 'SOUTH': 590, 'DROP': 103, 'HARVEST': 374, 'FERTILIZE': 80, 'DIG': 42}",0,719,v13_r3,150781.0,DONE,1,47557.0,"{'HIRE': 277, 'BUY_ANIMAL': 8, 'BUY_SEED': 18, 'BUY_PRODUCT': 233, 'SELL': 316, 'BUY_LAND': 2}",0.3505,root,103224.0,DONE,0.12025,0.151833,0.177875,win,1,42
"{'PASS': 1045, 'PICKUP': 167, 'WEST': 925, 'NORTH': 889, 'BUILD_PASTURE': 14, 'PLACE': 14, 'PLANT': 157, 'WATER': 922, 'FEED': 314, 'CARE': 322, 'EAST': 686, 'COLLECT_FERTILIZER': 254, 'SOUTH': 590, 'DROP': 103, 'HARVEST': 374, 'FERTILIZE': 80, 'DIG': 44}",0,719,v13_r3,119472.0,DONE,1,49806.0,"{'HIRE': 277, 'BUY_ANIMAL': 8, 'BUY_SEED': 18, 'BUY_PRODUCT': 233, 'SELL': 315, 'BUY_LAND': 2}",0.488542,root,69666.0,DONE,0.126792,0.161166,0.211292,win,0,2026
"{'PASS': 1046, 'PICKUP': 167, 'WEST': 925, 'NORTH': 889, 'BUILD_PASTURE': 14, 'PLACE': 14, 'PLANT': 157, 'WATER': 922, 'FEED': 314, 'CARE': 322, 'EAST': 686, 'COLLECT_FERTILIZER': 254, 'SOUTH': 590, 'DROP': 103, 'HARVEST': 374, 'DIG': 43, 'FERTILIZE': 80}",0,719,v13_r3,135663.0,DONE,1,45695.0,"{'HIRE': 277, 'BUY_ANIMAL': 8, 'BUY_SEED': 18, 'BUY_PRODUCT': 233, 'SELL': 315, 'BUY_LAND': 2}",0.267792,root,89968.0,DONE,0.119625,0.151709,0.164375,win,1,2026
"{'PASS': 1046, 'PICKUP': 167, 'WEST': 925, 'NORTH': 889, 'BUILD_PASTURE': 14, 'PLACE': 14, 'PLANT': 158, 'WATER': 922, 'FEED': 314, 'CARE': 322, 'EAST': 686, 'COLLECT_FERTILIZER': 254, 'SOUTH': 590, 'DROP': 103, 'HARVEST': 374, 'FERTILIZE': 80, 'DIG': 42}",0,719,v13_r3,149191.0,DONE,1,56639.0,"{'HIRE': 277, 'BUY_ANIMAL': 8, 'BUY_SEED': 18, 'BUY_PRODUCT': 233, 'SELL': 315, 'BUY_LAND': 2}",0.38925,root,92552.0,DONE,0.123042,0.156084,0.183333,win,0,217
"{'PASS': 1046, 'PICKUP': 167, 'WEST': 925, 'NORTH': 889, 'BUILD_PASTURE': 14, 'PLACE': 14, 'PLANT': 158, 'WATER': 922, 'FEED': 314, 'CARE': 322, 'EAST': 686, 'COLLECT_FERTILIZER': 254, 'SOUTH': 590, 'DROP': 103, 'HARVEST': 374, 'FERTILIZE': 80, 'DIG': 42}",0,719,v13_r3,149191.0,DONE,1,56639.0,"{'HIRE': 277, 'BUY_ANIMAL': 8, 'BUY_SEED': 18, 'BUY_PRODUCT': 233, 'SELL': 315, 'BUY_LAND': 2}",0.433459,root,92552.0,DONE,0.120042,0.150209,0.168375,win,1,217
"{'PASS': 1046, 'PICKUP': 167, 'WEST': 925, 'NORTH': 889, 'BUILD_PASTURE': 14, 'PLACE': 14, 'PLANT': 158, 'WATER': 922, 'FEED': 314, 'CARE': 322, 'EAST': 686, 'COLLECT_FERTILIZER': 254, 'SOUTH': 590, 'DROP': 103, 'HARVEST': 374, 'FERTILIZE': 80, 'DIG': 42}",0,719,v13_r3,175392.0,DONE,1,63892.0,"{'HIRE': 277, 'BUY_ANIMAL': 8, 'BUY_SEED': 18, 'BUY_PRODUCT': 233, 'SELL': 316, 'BUY_LAND': 2}",0.404958,root,111500.0,DONE,0.126792,0.160833,0.232625,win,0,317
"{'PASS': 1044, 'PICKUP': 167, 'WEST': 924, 'NORTH': 889, 'BUILD_PASTURE': 14, 'PLACE': 14, 'PLANT': 158, 'WATER': 922, 'FEED': 314, 'CARE': 322, 'EAST': 686, 'COLLECT_FERTILIZER': 254, 'SOUTH': 589, 'DROP': 103, 'HARVEST': 374, 'FERTILIZE': 80, 'DIG': 46}",0,719,v13_r3,171345.0,DONE,1,59629.0,"{'HIRE': 277, 'BUY_ANIMAL': 8, 'BUY_SEED': 18, 'BUY_PRODUCT': 233, 'SELL': 314, 'BUY_LAND': 2}",0.25975,root,111716.0,DONE,0.119458,0.152208,0.17175,win,1,317
"{'PASS': 1046, 'PICKUP': 167, 'WEST': 925, 'NORTH': 889, 'BUILD_PASTURE': 14, 'PLACE': 14, 'PLANT': 158, 'WATER': 922, 'FEED': 314, 'CARE': 322, 'EAST': 686, 'COLLECT_FERTILIZER': 254, 'SOUTH': 590, 'DROP': 103, 'HARVEST': 374, 'FERTILIZE': 80, 'DIG': 42}",0,719,v13_r3,140265.0,DONE,1,47316.0,"{'HIRE': 277, 'BUY_ANIMAL': 8, 'BUY_SEED': 18, 'BUY_PRODUCT': 233, 'SELL': 315, 'BUY_LAND': 2}",0.456375,root,92949.0,DONE,0.127542,0.163208,0.28825,win,0,733
"{'PASS': 1046, 'PICKUP': 167, 'WEST': 925, 'NORTH': 889, 'BUILD_PASTURE': 14, 'PLACE': 14, 'PLANT': 158, 'WATER': 922, 'FEED': 314, 'CARE': 322, 'EAST': 686, 'COLLECT_FERTILIZER': 254, 'SOUTH': 590, 'DROP': 103, 'HARVEST': 374, 'FERTILIZE': 80, 'DIG': 42}",0,719,v13_r3,143830.0,DONE,1,49680.0,"{'HIRE': 277, 'BUY_ANIMAL': 8, 'BUY_SEED': 18, 'BUY_PRODUCT': 233, 'SELL': 315, 'BUY_LAND': 2}",0.472167,root,94150.0,DONE,0.120458,0.150792,0.169,win,1,733
"{'PASS': 1046, 'PICKUP': 167, 'WEST': 925, 'NORTH': 889, 'BUILD_PASTURE': 14, 'PLACE': 14, 'PLANT': 158, 'WATER': 922, 'FEED': 314, 'CARE': 322, 'EAST': 686, 'COLLECT_FERTILIZER': 254, 'SOUTH': 590, 'DROP': 103, 'HARVEST': 374, 'FERTILIZE': 80, 'DIG': 42}",0,719,v13_r3,116354.0,DONE,1,13034.0,"{'HIRE': 277, 'BUY_ANIMAL': 8, 'BUY_SEED': 18, 'BUY_PRODUCT': 233, 'SELL': 315, 'BUY_LAND': 2}",0.401917,v012,103320.0,DONE,0.122916,0.157375,0.218417,win,0,17
"{'PASS': 1046, 'PICKUP': 167, 'WEST': 925, 'NORTH': 889, 'BUILD_PASTURE': 14, 'PLACE': 14, 'PLANT': 158, 'WATER': 922, 'FEED': 314, 'CARE': 322, 'EAST': 686, 'COLLECT_FERTILIZER': 254, 'SOUTH': 590, 'DROP': 103, 'HARVEST': 374, 'FERTILIZE': 80, 'DIG': 42}",0,719,v13_r3,116354.0,DONE,1,13034.0,"{'HIRE': 277, 'BUY_ANIMAL': 8, 'BUY_SEED': 18, 'BUY_PRODUCT': 233, 'SELL': 315, 'BUY_LAND': 2}",0.434,v012,103320.0,DONE,0.12125,0.15575,0.216458,win,1,17
"{'PASS': 1046, 'PICKUP': 167, 'WEST': 925, 'NORTH': 889, 'BUILD_PASTURE': 14, 'PLACE': 14, 'PLANT': 158, 'WATER': 922, 'FEED': 314, 'CARE': 322, 'EAST': 686, 'COLLECT_FERTILIZER': 254, 'SOUTH': 590, 'DROP': 103, 'HARVEST': 374, 'FERTILIZE': 80, 'DIG': 42}",0,719,v13_r3,90034.0,DONE,1,3476.0,"{'HIRE': 277, 'BUY_ANIMAL': 8, 'BUY_SEED': 18, 'BUY_PRODUCT': 233, 'SELL': 315, 'BUY_LAND': 2}",0.317541,v012,86558.0,DONE,0.123375,0.158916,0.225417,win,0,42
"{'PASS': 1046, 'PICKUP': 167, 'WEST': 925, 'NORTH': 889, 'BUILD_PASTURE': 14, 'PLACE': 14, 'PLANT': 158, 'WATER': 922, 'FEED': 314, 'CARE': 322, 'EAST': 686, 'COLLECT_FERTILIZER': 254, 'SOUTH': 590, 'DROP': 103, 'HARVEST': 374, 'FERTILIZE': 80, 'DIG': 42}",0,719,v13_r3,90066.0,DONE,1,3602.0,"{'HIRE': 277, 'BUY_ANIMAL': 8, 'BUY_SEED': 18, 'BUY_PRODUCT': 233, 'SELL': 315, 'BUY_LAND': 2}",0.4955,v012,86464.0,DONE,0.120083,0.15825,0.21675,win,1,42
"{'PASS': 1045, 'PICKUP': 167, 'WEST': 925, 'NORTH': 889, 'BUILD_PASTURE': 14, 'PLACE': 14, 'PLANT': 157, 'WATER': 922, 'FEED': 314, 'CARE': 322, 'EAST': 686, 'COLLECT_FERTILIZER': 254, 'SOUTH': 590, 'DROP': 103, 'HARVEST': 374, 'FERTILIZE': 80, 'DIG': 44}",0,719,v13_r3,108671.0,DONE,1,7124.0,"{'HIRE': 277, 'BUY_ANIMAL': 8, 'BUY_SEED': 18, 'BUY_PRODUCT': 233, 'SELL': 315, 'BUY_LAND': 2}",0.328167,v012,101547.0,DONE,0.123208,0.156292,0.213125,win,0,2026
"{'PASS': 1045, 'PICKUP': 167, 'WEST': 925, 'NORTH': 889, 'BUILD_PASTURE': 14, 'PLACE': 14, 'PLANT': 158, 'WATER': 922, 'FEED': 314, 'CARE': 322, 'EAST': 686, 'COLLECT_FERTILIZER': 254, 'SOUTH': 590, 'DROP': 103, 'HARVEST': 374, 'DIG': 43, 'FERTILIZE': 80}",0,719,v13_r3,108664.0,DONE,1,6896.0,"{'HIRE': 277, 'BUY_ANIMAL': 8, 'BUY_SEED': 18, 'BUY_PRODUCT': 233, 'SELL': 315, 'BUY_LAND': 2}",0.246875,v012,101768.0,DONE,0.1195,0.153666,0.177292,win,1,2026
"{'PASS': 1046, 'PICKUP': 167, 'WEST': 925, 'NORTH': 889, 'BUILD_PASTURE': 14, 'PLACE': 14, 'PLANT': 158, 'WATER': 922, 'FEED': 314, 'CARE': 322, 'EAST': 686, 'COLLECT_FERTILIZER': 254, 'SOUTH': 590, 'DROP': 103, 'HARVEST': 374, 'FERTILIZE': 80, 'DIG': 42}",0,719,v13_r3,169188.0,DONE,1,13280.0,"{'HIRE': 277, 'BUY_ANIMAL': 8, 'BUY_SEED': 18, 'BUY_PRODUCT': 233, 'SELL': 315, 'BUY_LAND': 2}",0.389375,v012,155908.0,DONE,0.123375,0.157625,0.240542,win,0,217
"{'PASS': 1045, 'PICKUP': 167, 'WEST': 925, 'NORTH': 889, 'BUILD_PASTURE': 14, 'PLACE': 14, 'PLANT': 158, 'WATER': 922, 'FEED': 314, 'CARE': 322, 'EAST': 686, 'COLLECT_FERTILIZER': 254, 'SOUTH': 590, 'DROP': 103, 'HARVEST': 374, 'FERTILIZE': 80, 'DIG': 43}",0,719,v13_r3,171812.0,DONE,1,13309.0,"{'HIRE': 277, 'BUY_ANIMAL': 8, 'BUY_SEED': 18, 'BUY_PRODUCT': 233, 'SELL': 315, 'BUY_LAND': 2}",0.395833,v012,158503.0,DONE,0.12075,0.155291,0.175792,win,1,217
"{'PASS': 1046, 'PICKUP': 167, 'WEST': 925, 'NORTH': 889, 'BUILD_PASTURE': 14, 'PLACE': 14, 'PLANT': 158, 'WATER': 922, 'FEED': 314, 'CARE': 322, 'EAST': 686, 'COLLECT_FERTILIZER': 254, 'SOUTH': 590, 'DROP': 103, 'HARVEST': 374, 'FERTILIZE': 80, 'DIG': 42}",0,719,v13_r3,100359.0,DONE,1,7501.0,"{'HIRE': 277, 'BUY_ANIMAL': 8, 'BUY_SEED': 18, 'BUY_PRODUCT': 233, 'SELL': 315, 'BUY_LAND': 2}",0.362084,v012,92858.0,DONE,0.123792,0.161916,0.25225,win,0,317
"{'PASS': 1046, 'PICKUP': 167, 'WEST': 925, 'NORTH': 889, 'BUILD_PASTURE': 14, 'PLACE': 14, 'PLANT': 158, 'WATER': 922, 'FEED': 314, 'CARE': 322, 'EAST': 686, 'COLLECT_FERTILIZER': 254, 'SOUTH': 590, 'DROP': 103, 'HARVEST': 374, 'FERTILIZE': 80, 'DIG': 42}",0,719,v13_r3,100359.0,DONE,1,7604.0,"{'HIRE': 277, 'BUY_ANIMAL': 8, 'BUY_SEED': 18, 'BUY_PRODUCT': 233, 'SELL': 315, 'BUY_LAND': 2}",0.3785,v012,92755.0,DONE,0.120208,0.155917,0.176667,win,1,317
"{'PASS': 1046, 'PICKUP': 167, 'WEST': 925, 'NORTH': 889, 'BUILD_PASTURE': 14, 'PLACE': 14, 'PLANT': 158, 'WATER': 922, 'FEED': 314, 'CARE': 322, 'EAST': 686, 'COLLECT_FERTILIZER': 254, 'SOUTH': 590, 'DROP': 103, 'HARVEST': 374, 'FERTILIZE': 80, 'DIG': 42}",0,719,v13_r3,128573.0,DONE,1,7170.0,"{'HIRE': 277, 'BUY_ANIMAL': 8, 'BUY_SEED': 18, 'BUY_PRODUCT': 233, 'SELL': 316, 'BUY_LAND': 2}",0.368333,v012,121403.0,DONE,0.123041,0.15625,0.243084,win,0,733
"{'PASS': 1046, 'PICKUP': 167, 'WEST': 924, 'NORTH': 889, 'BUILD_PASTURE': 14, 'PLACE': 14, 'PLANT': 158, 'WATER': 922, 'FEED': 314, 'CARE': 322, 'EAST': 686, 'COLLECT_FERTILIZER': 254, 'SOUTH': 590, 'DROP': 103, 'HARVEST': 374, 'DIG': 43, 'FERTILIZE': 80}",0,719,v13_r3,128440.0,DONE,1,7714.0,"{'HIRE': 277, 'BUY_ANIMAL': 8, 'BUY_SEED': 18, 'BUY_PRODUCT': 233, 'SELL': 316, 'BUY_LAND': 2}",0.34725,v012,120726.0,DONE,0.120083,0.155417,0.220166,win,1,733
"{'PASS': 1046, 'PICKUP': 167, 'WEST': 925, 'NORTH': 889, 'BUILD_PASTURE': 14, 'PLACE': 14, 'PLANT': 158, 'WATER': 922, 'FEED': 314, 'CARE': 322, 'EAST': 686, 'COLLECT_FERTILIZER': 254, 'SOUTH': 590, 'DROP': 103, 'HARVEST': 374, 'FERTILIZE': 80, 'DIG': 42}",0,719,v13_r3,101176.0,DONE,1,8293.0,"{'HIRE': 277, 'BUY_ANIMAL': 8, 'BUY_SEED': 18, 'BUY_PRODUCT': 233, 'SELL': 317, 'BUY_LAND': 2}",0.323,v022c,92883.0,DONE,0.124084,0.157875,0.229542,win,0,17
"{'PASS': 1046, 'PICKUP': 167, 'WEST': 925, 'NORTH': 889, 'BUILD_PASTURE': 14, 'PLACE': 14, 'PLANT': 158, 'WATER': 922, 'FEED': 314, 'CARE': 322, 'EAST': 686, 'COLLECT_FERTILIZER': 254, 'SOUTH': 590, 'DROP': 103, 'HARVEST': 374, 'FERTILIZE': 80, 'DIG': 42}",0,719,v13_r3,101176.0,DONE,1,8293.0,"{'HIRE': 277, 'BUY_ANIMAL': 8, 'BUY_SEED': 18, 'BUY_PRODUCT': 233, 'SELL': 317, 'BUY_LAND': 2}",0.414166,v022c,92883.0,DONE,0.114958,0.148125,0.167041,win,1,17
"{'PASS': 1046, 'PICKUP': 167, 'WEST': 925, 'NORTH': 889, 'BUILD_PASTURE': 14, 'PLACE': 14, 'PLANT': 158, 'WATER': 922, 'FEED': 314, 'CARE': 322, 'EAST': 686, 'COLLECT_FERTILIZER': 254, 'SOUTH': 590, 'DROP': 103, 'HARVEST': 374, 'FERTILIZE': 80, 'DIG': 42}",0,719,v13_r3,76934.0,DONE,1,10778.0,"{'HIRE': 277, 'BUY_ANIMAL': 8, 'BUY_SEED': 18, 'BUY_PRODUCT': 233, 'SELL': 317, 'BUY_LAND': 2}",0.48475,v022c,66156.0,DONE,0.123375,0.161416,0.240708,win,0,42
"{'PASS': 1046, 'PICKUP': 167, 'WEST': 925, 'NORTH': 889, 'BUILD_PASTURE': 14, 'PLACE': 14, 'PLANT': 158, 'WATER': 922, 'FEED': 314, 'CARE': 322, 'EAST': 686, 'COLLECT_FERTILIZER': 254, 'SOUTH': 590, 'DROP': 103, 'HARVEST': 374, 'FERTILIZE': 80, 'DIG': 42}",0,719,v13_r3,77016.0,DONE,1,11205.0,"{'HIRE': 277, 'BUY_ANIMAL': 8, 'BUY_SEED': 18, 'BUY_PRODUCT': 233, 'SELL': 317, 'BUY_LAND': 2}",0.264292,v022c,65811.0,DONE,0.11425,0.148875,0.183458,win,1,42
"{'PASS': 1045, 'PICKUP': 167, 'WEST': 925, 'NORTH': 889, 'BUILD_PASTURE': 14, 'PLACE': 14, 'PLANT': 157, 'WATER': 922, 'FEED': 314, 'CARE': 322, 'EAST': 686, 'COLLECT_FERTILIZER': 254, 'SOUTH': 590, 'DROP': 103, 'HARVEST': 374, 'FERTILIZE': 80, 'DIG': 44}",0,719,v13_r3,103170.0,DONE,1,10959.0,"{'HIRE': 277, 'BUY_ANIMAL': 8, 'BUY_SEED': 18, 'BUY_PRODUCT': 233, 'SELL': 316, 'BUY_LAND': 2}",0.438042,v022c,92211.0,DONE,0.123209,0.15625,0.233666,win,0,2026
"{'PASS': 1046, 'PICKUP': 167, 'WEST': 925, 'NORTH': 889, 'BUILD_PASTURE': 14, 'PLACE': 14, 'PLANT': 158, 'WATER': 921, 'FEED': 314, 'CARE': 322, 'EAST': 686, 'COLLECT_FERTILIZER': 254, 'SOUTH': 590, 'DROP': 103, 'HARVEST': 374, 'DIG': 43, 'FERTILIZE': 80}",0,719,v13_r3,103249.0,DONE,1,11441.0,"{'HIRE': 277, 'BUY_ANIMAL': 8, 'BUY_SEED': 18, 'BUY_PRODUCT': 233, 'SELL': 316, 'BUY_LAND': 2}",29.779542,v022c,91808.0,DONE,0.114959,0.150084,0.170083,win,1,2026
"{'PASS': 1046, 'PICKUP': 167, 'WEST': 925, 'NORTH': 889, 'BUILD_PASTURE': 14, 'PLACE': 14, 'PLANT': 158, 'WATER': 922, 'FEED': 314, 'CARE': 322, 'EAST': 686, 'COLLECT_FERTILIZER': 254, 'SOUTH': 590, 'DROP': 103, 'HARVEST': 374, 'FERTILIZE': 80, 'DIG': 42}",0,719,v13_r3,157237.0,DONE,1,18552.0,"{'HIRE': 277, 'BUY_ANIMAL': 8, 'BUY_SEED': 18, 'BUY_PRODUCT': 233, 'SELL': 317, 'BUY_LAND': 2}",1.71525,v022c,138685.0,DONE,0.123916,0.158459,0.256167,win,0,217
"{'PASS': 1045, 'PICKUP': 167, 'WEST': 925, 'NORTH': 889, 'BUILD_PASTURE': 14, 'PLACE': 14, 'PLANT': 158, 'WATER': 922, 'FEED': 314, 'CARE': 322, 'EAST': 686, 'COLLECT_FERTILIZER': 254, 'SOUTH': 590, 'DROP': 103, 'HARVEST': 374, 'FERTILIZE': 80, 'DIG': 43}",0,719,v13_r3,155319.0,DONE,1,18324.0,"{'HIRE': 277, 'BUY_ANIMAL': 8, 'BUY_SEED': 18, 'BUY_PRODUCT': 233, 'SELL': 317, 'BUY_LAND': 2}",0.31625,v022c,136995.0,DONE,0.114708,0.151417,0.169208,win,1,217
"{'PASS': 1046, 'PICKUP': 167, 'WEST': 925, 'NORTH': 889, 'BUILD_PASTURE': 14, 'PLACE': 14, 'PLANT': 158, 'WATER': 922, 'FEED': 314, 'CARE': 322, 'EAST': 686, 'COLLECT_FERTILIZER': 254, 'SOUTH': 590, 'DROP': 103, 'HARVEST': 374, 'FERTILIZE': 80, 'DIG': 42}",0,719,v13_r3,94879.0,DONE,1,9383.0,"{'HIRE': 277, 'BUY_ANIMAL': 8, 'BUY_SEED': 18, 'BUY_PRODUCT': 233, 'SELL': 317, 'BUY_LAND': 2}",20.892083,v022c,85496.0,DONE,0.123833,0.162209,0.256917,win,0,317
"{'PASS': 1046, 'PICKUP': 167, 'WEST': 925, 'NORTH': 889, 'BUILD_PASTURE': 14, 'PLACE': 14, 'PLANT': 158, 'WATER': 922, 'FEED': 314, 'CARE': 322, 'EAST': 686, 'COLLECT_FERTILIZER': 254, 'SOUTH': 590, 'DROP': 103, 'HARVEST': 374, 'FERTILIZE': 80, 'DIG': 42}",0,719,v13_r3,94882.0,DONE,1,9260.0,"{'HIRE': 277, 'BUY_ANIMAL': 8, 'BUY_SEED': 18, 'BUY_PRODUCT': 233, 'SELL': 317, 'BUY_LAND': 2}",23.115333,v022c,85622.0,DONE,0.114917,0.148667,0.186834,win,1,317
"{'PASS': 1046, 'PICKUP': 167, 'WEST': 925, 'NORTH': 889, 'BUILD_PASTURE': 14, 'PLACE': 14, 'PLANT': 158, 'WATER': 922, 'FEED': 314, 'CARE': 322, 'EAST': 686, 'COLLECT_FERTILIZER': 254, 'SOUTH': 590, 'DROP': 103, 'HARVEST': 374, 'FERTILIZE': 80, 'DIG': 42}",0,719,v13_r3,103204.0,DONE,1,11549.0,"{'HIRE': 277, 'BUY_ANIMAL': 8, 'BUY_SEED': 18, 'BUY_PRODUCT': 233, 'SELL': 316, 'BUY_LAND': 2}",0.541958,v022c,91655.0,DONE,0.124583,0.163,0.271333,win,0,733
"{'PASS': 1046, 'PICKUP': 167, 'WEST': 924, 'NORTH': 889, 'BUILD_PASTURE': 14, 'PLACE': 14, 'PLANT': 158, 'WATER': 922, 'FEED': 314, 'CARE': 322, 'EAST': 686, 'COLLECT_FERTILIZER': 254, 'SOUTH': 590, 'DROP': 103, 'HARVEST': 374, 'DIG': 43, 'FERTILIZE': 80}",0,719,v13_r3,108678.0,DONE,1,11805.0,"{'HIRE': 277, 'BUY_ANIMAL': 8, 'BUY_SEED': 18, 'BUY_PRODUCT': 233, 'SELL': 315, 'BUY_LAND': 2}",0.287916,v022c,96873.0,DONE,0.115,0.147625,0.160875,win,1,733
"{'PASS': 1046, 'PICKUP': 167, 'WEST': 925, 'NORTH': 889, 'BUILD_PASTURE': 14, 'PLACE': 14, 'PLANT': 158, 'WATER': 922, 'FEED': 314, 'CARE': 322, 'EAST': 686, 'COLLECT_FERTILIZER': 254, 'SOUTH': 590, 'DROP': 103, 'HARVEST': 374, 'FERTILIZE': 80, 'DIG': 42}",0,719,v13_r3,135040.0,DONE,1,11489.0,"{'HIRE': 277, 'BUY_ANIMAL': 8, 'BUY_SEED': 18, 'BUY_PRODUCT': 233, 'SELL': 322, 'BUY_LAND': 2}",0.325042,v024a,123551.0,DONE,0.126417,0.181208,0.257375,win,0,17
"{'PASS': 1046, 'PICKUP': 167, 'WEST': 925, 'NORTH': 889, 'BUILD_PASTURE': 14, 'PLACE': 14, 'PLANT': 158, 'WATER': 922, 'FEED': 314, 'CARE': 322, 'EAST': 686, 'COLLECT_FERTILIZER': 254, 'SOUTH': 590, 'DROP': 103, 'HARVEST': 374, 'FERTILIZE': 80, 'DIG': 42}",0,719,v13_r3,135040.0,DONE,1,11489.0,"{'HIRE': 277, 'BUY_ANIMAL': 8, 'BUY_SEED': 18, 'BUY_PRODUCT': 233, 'SELL': 322, 'BUY_LAND': 2}",65.925542,v024a,123551.0,DONE,0.120208,0.171541,0.2015,win,1,17
"{'PASS': 1046, 'PICKUP': 167, 'WEST': 925, 'NORTH': 889, 'BUILD_PASTURE': 14, 'PLACE': 14, 'PLANT': 158, 'WATER': 922, 'FEED': 314, 'CARE': 322, 'EAST': 686, 'COLLECT_FERTILIZER': 254, 'SOUTH': 590, 'DROP': 103, 'HARVEST': 374, 'FERTILIZE': 80, 'DIG': 42}",0,719,v13_r3,138729.0,DONE,1,11049.0,"{'HIRE': 277, 'BUY_ANIMAL': 8, 'BUY_SEED': 18, 'BUY_PRODUCT': 233, 'SELL': 322, 'BUY_LAND': 2}",0.3445,v024a,127680.0,DONE,0.127417,0.181292,0.271916,win,0,42
"{'PASS': 1046, 'PICKUP': 167, 'WEST': 925, 'NORTH': 889, 'BUILD_PASTURE': 14, 'PLACE': 14, 'PLANT': 158, 'WATER': 922, 'FEED': 314, 'CARE': 322, 'EAST': 686, 'COLLECT_FERTILIZER': 254, 'SOUTH': 590, 'DROP': 103, 'HARVEST': 374, 'FERTILIZE': 80, 'DIG': 42}",0,719,v13_r3,138729.0,DONE,1,11049.0,"{'HIRE': 277, 'BUY_ANIMAL': 8, 'BUY_SEED': 18, 'BUY_PRODUCT': 233, 'SELL': 322, 'BUY_LAND': 2}",0.369333,v024a,127680.0,DONE,0.1195,0.167625,0.204208,win,1,42
"{'PASS': 1045, 'PICKUP': 167, 'WEST': 925, 'NORTH': 889, 'BUILD_PASTURE': 14, 'PLACE': 14, 'PLANT': 157, 'WATER': 922, 'FEED': 314, 'CARE': 322, 'EAST': 686, 'COLLECT_FERTILIZER': 254, 'SOUTH': 590, 'DROP': 103, 'HARVEST': 374, 'FERTILIZE': 80, 'DIG': 44}",0,719,v13_r3,116798.0,DONE,1,11618.0,"{'HIRE': 277, 'BUY_ANIMAL': 8, 'BUY_SEED': 18, 'BUY_PRODUCT': 233, 'SELL': 321, 'BUY_LAND': 2}",34.546666,v024a,105180.0,DONE,0.127625,0.186666,0.269917,win,0,2026
"{'PASS': 1046, 'PICKUP': 167, 'WEST': 925, 'NORTH': 889, 'BUILD_PASTURE': 14, 'PLACE': 14, 'PLANT': 158, 'WATER': 922, 'FEED': 314, 'CARE': 322, 'EAST': 686, 'COLLECT_FERTILIZER': 254, 'SOUTH': 590, 'DROP': 103, 'HARVEST': 374, 'FERTILIZE': 80, 'DIG': 42}",0,719,v13_r3,116901.0,DONE,1,11946.0,"{'HIRE': 277, 'BUY_ANIMAL': 8, 'BUY_SEED': 18, 'BUY_PRODUCT': 233, 'SELL': 321, 'BUY_LAND': 2}",0.277792,v024a,104955.0,DONE,0.118333,0.168541,0.199166,win,1,2026
"{'PASS': 1046, 'PICKUP': 167, 'WEST': 925, 'NORTH': 889, 'BUILD_PASTURE': 14, 'PLACE': 14, 'PLANT': 158, 'WATER': 922, 'FEED': 314, 'CARE': 322, 'EAST': 686, 'COLLECT_FERTILIZER': 254, 'SOUTH': 590, 'DROP': 103, 'HARVEST': 374, 'FERTILIZE': 80, 'DIG': 42}",0,719,v13_r3,118326.0,DONE,1,11783.0,"{'HIRE': 277, 'BUY_ANIMAL': 8, 'BUY_SEED': 18, 'BUY_PRODUCT': 233, 'SELL': 322, 'BUY_LAND': 2}",0.422458,v024a,106543.0,DONE,0.127875,0.176583,0.228083,win,0,217
"{'PASS': 1046, 'PICKUP': 167, 'WEST': 925, 'NORTH': 889, 'BUILD_PASTURE': 14, 'PLACE': 14, 'PLANT': 158, 'WATER': 921, 'FEED': 314, 'CARE': 322, 'EAST': 686, 'COLLECT_FERTILIZER': 254, 'SOUTH': 590, 'DROP': 103, 'HARVEST': 374, 'DIG': 43, 'FERTILIZE': 80}",0,719,v13_r3,117419.0,DONE,1,9947.0,"{'HIRE': 277, 'BUY_ANIMAL': 8, 'BUY_SEED': 18, 'BUY_PRODUCT': 233, 'SELL': 322, 'BUY_LAND': 2}",0.447833,v024a,107472.0,DONE,0.1205,0.172291,0.20125,win,1,217
"{'PASS': 1046, 'PICKUP': 167, 'WEST': 925, 'NORTH': 889, 'BUILD_PASTURE': 14, 'PLACE': 14, 'PLANT': 158, 'WATER': 922, 'FEED': 314, 'CARE': 322, 'EAST': 686, 'COLLECT_FERTILIZER': 254, 'SOUTH': 590, 'DROP': 103, 'HARVEST': 374, 'FERTILIZE': 80, 'DIG': 42}",0,719,v13_r3,123590.0,DONE,1,10674.0,"{'HIRE': 277, 'BUY_ANIMAL': 8, 'BUY_SEED': 18, 'BUY_PRODUCT': 233, 'SELL': 322, 'BUY_LAND': 2}",64.085834,v024a,112916.0,DONE,0.127166,0.181,0.243,win,0,317
"{'PASS': 1046, 'PICKUP': 167, 'WEST': 925, 'NORTH': 889, 'BUILD_PASTURE': 14, 'PLACE': 14, 'PLANT': 158, 'WATER': 922, 'FEED': 314, 'CARE': 322, 'EAST': 686, 'COLLECT_FERTILIZER': 254, 'SOUTH': 590, 'DROP': 103, 'HARVEST': 373, 'FERTILIZE': 80, 'DIG': 43}",0,719,v13_r3,123057.0,DONE,1,9921.0,"{'HIRE': 277, 'BUY_ANIMAL': 8, 'BUY_SEED': 18, 'BUY_PRODUCT': 233, 'SELL': 320, 'BUY_LAND': 2}",0.307666,v024a,113136.0,DONE,0.120041,0.172958,0.214916,win,1,317
"{'PASS': 1046, 'PICKUP': 167, 'WEST': 925, 'NORTH': 889, 'BUILD_PASTURE': 14, 'PLACE': 14, 'PLANT': 158, 'WATER': 922, 'FEED': 314, 'CARE': 322, 'EAST': 686, 'COLLECT_FERTILIZER': 254, 'SOUTH': 590, 'DROP': 103, 'HARVEST': 374, 'FERTILIZE': 80, 'DIG': 42}",0,719,v13_r3,152099.0,DONE,1,14174.0,"{'HIRE': 277, 'BUY_ANIMAL': 8, 'BUY_SEED': 18, 'BUY_PRODUCT': 233, 'SELL': 321, 'BUY_LAND': 2}",0.405333,v024a,137925.0,DONE,0.126708,0.184792,0.276375,win,0,733
"{'PASS': 1046, 'PICKUP': 167, 'WEST': 925, 'NORTH': 889, 'BUILD_PASTURE': 14, 'PLACE': 14, 'PLANT': 157, 'WATER': 922, 'FEED': 314, 'CARE': 322, 'EAST': 686, 'COLLECT_FERTILIZER': 254, 'SOUTH': 590, 'DROP': 103, 'HARVEST': 374, 'DIG': 43, 'FERTILIZE': 80}",0,719,v13_r3,151451.0,DONE,1,12387.0,"{'HIRE': 277, 'BUY_ANIMAL': 8, 'BUY_SEED': 18, 'BUY_PRODUCT': 233, 'SELL': 322, 'BUY_LAND': 2}",0.302,v024a,139064.0,DONE,0.119292,0.171459,0.213084,win,1,733
"{'PASS': 1046, 'PICKUP': 167, 'WEST': 925, 'NORTH': 889, 'BUILD_PASTURE': 14, 'PLACE': 14, 'PLANT': 158, 'WATER': 922, 'FEED': 314, 'CARE': 322, 'EAST': 686, 'COLLECT_FERTILIZER': 254, 'SOUTH': 590, 'DROP': 103, 'HARVEST': 374, 'FERTILIZE': 80, 'DIG': 42}",0,719,v13_r3,138140.0,DONE,1,17645.0,"{'HIRE': 277, 'BUY_ANIMAL': 8, 'BUY_SEED': 18, 'BUY_PRODUCT': 233, 'SELL': 322, 'BUY_LAND': 2}",21.568875,v025b,120495.0,DONE,0.127458,0.183917,0.26875,win,0,17
"{'PASS': 1046, 'PICKUP': 167, 'WEST': 925, 'NORTH': 889, 'BUILD_PASTURE': 14, 'PLACE': 14, 'PLANT': 158, 'WATER': 922, 'FEED': 314, 'CARE': 322, 'EAST': 686, 'COLLECT_FERTILIZER': 254, 'SOUTH': 590, 'DROP': 103, 'HARVEST': 374, 'FERTILIZE': 80, 'DIG': 42}",0,719,v13_r3,138140.0,DONE,1,17645.0,"{'HIRE': 277, 'BUY_ANIMAL': 8, 'BUY_SEED': 18, 'BUY_PRODUCT': 233, 'SELL': 322, 'BUY_LAND': 2}",0.32525,v025b,120495.0,DONE,0.120166,0.17025,0.235416,win,1,17
"{'PASS': 1046, 'PICKUP': 167, 'WEST': 925, 'NORTH': 889, 'BUILD_PASTURE': 14, 'PLACE': 14, 'PLANT': 158, 'WATER': 922, 'FEED': 314, 'CARE': 322, 'EAST': 686, 'COLLECT_FERTILIZER': 254, 'SOUTH': 590, 'DROP': 103, 'HARVEST': 374, 'FERTILIZE': 80, 'DIG': 42}",0,719,v13_r3,141975.0,DONE,1,17498.0,"{'HIRE': 277, 'BUY_ANIMAL': 8, 'BUY_SEED': 18, 'BUY_PRODUCT': 233, 'SELL': 322, 'BUY_LAND': 2}",0.370083,v025b,124477.0,DONE,0.126,0.178625,0.230458,win,0,42
"{'PASS': 1046, 'PICKUP': 167, 'WEST': 925, 'NORTH': 889, 'BUILD_PASTURE': 14, 'PLACE': 14, 'PLANT': 158, 'WATER': 922, 'FEED': 314, 'CARE': 322, 'EAST': 686, 'COLLECT_FERTILIZER': 254, 'SOUTH': 590, 'DROP': 103, 'HARVEST': 374, 'FERTILIZE': 80, 'DIG': 42}",0,719,v13_r3,141975.0,DONE,1,17498.0,"{'HIRE': 277, 'BUY_ANIMAL': 8, 'BUY_SEED': 18, 'BUY_PRODUCT': 233, 'SELL': 322, 'BUY_LAND': 2}",0.470667,v025b,124477.0,DONE,0.11875,0.168542,0.208917,win,1,42
"{'PASS': 1045, 'PICKUP': 167, 'WEST': 925, 'NORTH': 889, 'BUILD_PASTURE': 14, 'PLACE': 14, 'PLANT': 157, 'WATER': 922, 'FEED': 314, 'CARE': 322, 'EAST': 686, 'COLLECT_FERTILIZER': 254, 'SOUTH': 590, 'DROP': 103, 'HARVEST': 374, 'FERTILIZE': 80, 'DIG': 44}",0,719,v13_r3,119375.0,DONE,1,16667.0,"{'HIRE': 277, 'BUY_ANIMAL': 8, 'BUY_SEED': 18, 'BUY_PRODUCT': 233, 'SELL': 321, 'BUY_LAND': 2}",25.898209,v025b,102708.0,DONE,0.127083,0.182,0.29125,win,0,2026
"{'PASS': 1046, 'PICKUP': 167, 'WEST': 925, 'NORTH': 889, 'BUILD_PASTURE': 14, 'PLACE': 14, 'PLANT': 158, 'WATER': 922, 'FEED': 314, 'CARE': 322, 'EAST': 686, 'COLLECT_FERTILIZER': 254, 'SOUTH': 590, 'DROP': 103, 'HARVEST': 374, 'FERTILIZE': 80, 'DIG': 42}",0,719,v13_r3,119492.0,DONE,1,17031.0,"{'HIRE': 277, 'BUY_ANIMAL': 8, 'BUY_SEED': 18, 'BUY_PRODUCT': 233, 'SELL': 321, 'BUY_LAND': 2}",0.28625,v025b,102461.0,DONE,0.119833,0.170375,0.21725,win,1,2026
"{'PASS': 1046, 'PICKUP': 167, 'WEST': 925, 'NORTH': 889, 'BUILD_PASTURE': 14, 'PLACE': 14, 'PLANT': 158, 'WATER': 922, 'FEED': 314, 'CARE': 322, 'EAST': 686, 'COLLECT_FERTILIZER': 254, 'SOUTH': 590, 'DROP': 103, 'HARVEST': 374, 'FERTILIZE': 80, 'DIG': 42}",0,719,v13_r3,120861.0,DONE,1,16715.0,"{'HIRE': 277, 'BUY_ANIMAL': 8, 'BUY_SEED': 18, 'BUY_PRODUCT': 233, 'SELL': 322, 'BUY_LAND': 2}",23.183083,v025b,104146.0,DONE,0.125625,0.186584,0.299083,win,0,217
"{'PASS': 1046, 'PICKUP': 167, 'WEST': 925, 'NORTH': 889, 'BUILD_PASTURE': 14, 'PLACE': 14, 'PLANT': 158, 'WATER': 921, 'FEED': 314, 'CARE': 322, 'EAST': 686, 'COLLECT_FERTILIZER': 254, 'SOUTH': 590, 'DROP': 103, 'HARVEST': 374, 'DIG': 43, 'FERTILIZE': 80}",0,719,v13_r3,120028.0,DONE,1,15027.0,"{'HIRE': 277, 'BUY_ANIMAL': 8, 'BUY_SEED': 18, 'BUY_PRODUCT': 233, 'SELL': 322, 'BUY_LAND': 2}",22.019167,v025b,105001.0,DONE,0.119375,0.176458,0.236125,win,1,217
"{'PASS': 1046, 'PICKUP': 167, 'WEST': 925, 'NORTH': 889, 'BUILD_PASTURE': 14, 'PLACE': 14, 'PLANT': 158, 'WATER': 922, 'FEED': 314, 'CARE': 322, 'EAST': 686, 'COLLECT_FERTILIZER': 254, 'SOUTH': 590, 'DROP': 103, 'HARVEST': 374, 'FERTILIZE': 80, 'DIG': 42}",0,719,v13_r3,125650.0,DONE,1,14545.0,"{'HIRE': 277, 'BUY_ANIMAL': 8, 'BUY_SEED': 18, 'BUY_PRODUCT': 233, 'SELL': 322, 'BUY_LAND': 2}",21.432291,v025b,111105.0,DONE,0.127083,0.177708,0.265209,win,0,317
"{'PASS': 1046, 'PICKUP': 167, 'WEST': 925, 'NORTH': 889, 'BUILD_PASTURE': 14, 'PLACE': 14, 'PLANT': 158, 'WATER': 922, 'FEED': 314, 'CARE': 322, 'EAST': 686, 'COLLECT_FERTILIZER': 254, 'SOUTH': 590, 'DROP': 103, 'HARVEST': 373, 'FERTILIZE': 80, 'DIG': 43}",0,719,v13_r3,125117.0,DONE,1,13792.0,"{'HIRE': 277, 'BUY_ANIMAL': 8, 'BUY_SEED': 18, 'BUY_PRODUCT': 233, 'SELL': 321, 'BUY_LAND': 2}",0.342875,v025b,111325.0,DONE,0.120583,0.166208,0.203084,win,1,317
"{'PASS': 1046, 'PICKUP': 167, 'WEST': 925, 'NORTH': 889, 'BUILD_PASTURE': 14, 'PLACE': 14, 'PLANT': 158, 'WATER': 922, 'FEED': 314, 'CARE': 322, 'EAST': 686, 'COLLECT_FERTILIZER': 254, 'SOUTH': 590, 'DROP': 103, 'HARVEST': 374, 'FERTILIZE': 80, 'DIG': 42}",0,719,v13_r3,152906.0,DONE,1,15723.0,"{'HIRE': 277, 'BUY_ANIMAL': 8, 'BUY_SEED': 18, 'BUY_PRODUCT': 233, 'SELL': 321, 'BUY_LAND': 2}",25.608167,v025b,137183.0,DONE,0.127833,0.181791,0.278333,win,0,733
"{'PASS': 1046, 'PICKUP': 167, 'WEST': 925, 'NORTH': 889, 'BUILD_PASTURE': 14, 'PLACE': 14, 'PLANT': 157, 'WATER': 922, 'FEED': 314, 'CARE': 322, 'EAST': 686, 'COLLECT_FERTILIZER': 254, 'SOUTH': 590, 'DROP': 103, 'HARVEST': 374, 'DIG': 43, 'FERTILIZE': 80}",0,719,v13_r3,152270.0,DONE,1,13958.0,"{'HIRE': 277, 'BUY_ANIMAL': 8, 'BUY_SEED': 18, 'BUY_PRODUCT': 233, 'SELL': 322, 'BUY_LAND': 2}",0.363416,v025b,138312.0,DONE,0.12075,0.175083,0.248958,win,1,733
"{'PASS': 1046, 'PICKUP': 167, 'WEST': 925, 'NORTH': 889, 'BUILD_PASTURE': 14, 'PLACE': 14, 'PLANT': 158, 'WATER': 922, 'FEED': 314, 'CARE': 322, 'EAST': 686, 'COLLECT_FERTILIZER': 254, 'SOUTH': 590, 'DROP': 103, 'HARVEST': 374, 'FERTILIZE': 80, 'DIG': 42}",0,719,v13_r3,110671.0,DONE,1,4593.0,"{'HIRE': 277, 'BUY_ANIMAL': 8, 'BUY_SEED': 18, 'BUY_PRODUCT': 233, 'SELL': 322, 'BUY_LAND': 2}",0.312584,v21_1,106078.0,DONE,0.125792,0.185625,0.274292,win,0,17
"{'PASS': 1046, 'PICKUP': 167, 'WEST': 925, 'NORTH': 889, 'BUILD_PASTURE': 14, 'PLACE': 14, 'PLANT': 158, 'WATER': 922, 'FEED': 314, 'CARE': 322, 'EAST': 686, 'COLLECT_FERTILIZER': 254, 'SOUTH': 590, 'DROP': 103, 'HARVEST': 374, 'FERTILIZE': 80, 'DIG': 42}",0,719,v13_r3,110671.0,DONE,1,4593.0,"{'HIRE': 277, 'BUY_ANIMAL': 8, 'BUY_SEED': 18, 'BUY_PRODUCT': 233, 'SELL': 322, 'BUY_LAND': 2}",0.225875,v21_1,106078.0,DONE,0.114958,0.162708,0.189833,win,1,17
"{'PASS': 1046, 'PICKUP': 167, 'WEST': 925, 'NORTH': 889, 'BUILD_PASTURE': 14, 'PLACE': 14, 'PLANT': 158, 'WATER': 922, 'FEED': 314, 'CARE': 322, 'EAST': 686, 'COLLECT_FERTILIZER': 254, 'SOUTH': 590, 'DROP': 103, 'HARVEST': 374, 'FERTILIZE': 80, 'DIG': 42}",0,719,v13_r3,128518.0,DONE,1,475.0,"{'HIRE': 277, 'BUY_ANIMAL': 8, 'BUY_SEED': 18, 'BUY_PRODUCT': 233, 'SELL': 322, 'BUY_LAND': 2}",0.280208,v21_1,128043.0,DONE,0.125959,0.179208,0.257417,win,0,42
"{'PASS': 1046, 'PICKUP': 167, 'WEST': 925, 'NORTH': 889, 'BUILD_PASTURE': 14, 'PLACE': 14, 'PLANT': 158, 'WATER': 922, 'FEED': 314, 'CARE': 322, 'EAST': 686, 'COLLECT_FERTILIZER': 254, 'SOUTH': 590, 'DROP': 103, 'HARVEST': 374, 'FERTILIZE': 80, 'DIG': 42}",0,719,v13_r3,128518.0,DONE,1,475.0,"{'HIRE': 277, 'BUY_ANIMAL': 8, 'BUY_SEED': 18, 'BUY_PRODUCT': 233, 'SELL': 322, 'BUY_LAND': 2}",0.219125,v21_1,128043.0,DONE,0.114541,0.161833,0.188917,win,1,42
"{'PASS': 1045, 'PICKUP': 167, 'WEST': 925, 'NORTH': 889, 'BUILD_PASTURE': 14, 'PLACE': 14, 'PLANT': 157, 'WATER': 922, 'FEED': 314, 'CARE': 322, 'EAST': 686, 'COLLECT_FERTILIZER': 254, 'SOUTH': 590, 'DROP': 103, 'HARVEST': 374, 'FERTILIZE': 80, 'DIG': 44}",0,719,v13_r3,92747.0,DONE,1,3001.0,"{'HIRE': 277, 'BUY_ANIMAL': 8, 'BUY_SEED': 18, 'BUY_PRODUCT': 233, 'SELL': 322, 'BUY_LAND': 2}",39.496334,v21_1,89746.0,DONE,0.124667,0.17875,0.269583,win,0,2026
"{'PASS': 1046, 'PICKUP': 167, 'WEST': 925, 'NORTH': 889, 'BUILD_PASTURE': 14, 'PLACE': 14, 'PLANT': 158, 'WATER': 922, 'FEED': 314, 'CARE': 322, 'EAST': 686, 'COLLECT_FERTILIZER': 254, 'SOUTH': 590, 'DROP': 103, 'HARVEST': 374, 'FERTILIZE': 80, 'DIG': 42}",0,719,v13_r3,92845.0,DONE,1,3130.0,"{'HIRE': 277, 'BUY_ANIMAL': 8, 'BUY_SEED': 18, 'BUY_PRODUCT': 233, 'SELL': 322, 'BUY_LAND': 2}",0.209291,v21_1,89715.0,DONE,0.114875,0.163417,0.190208,win,1,2026
"{'PASS': 1046, 'PICKUP': 167, 'WEST': 925, 'NORTH': 889, 'BUILD_PASTURE': 14, 'PLACE': 14, 'PLANT': 158, 'WATER': 922, 'FEED': 314, 'CARE': 322, 'EAST': 686, 'COLLECT_FERTILIZER': 254, 'SOUTH': 590, 'DROP': 103, 'HARVEST': 374, 'FERTILIZE': 80, 'DIG': 42}",0,719,v13_r3,105803.0,DONE,1,547.0,"{'HIRE': 277, 'BUY_ANIMAL': 8, 'BUY_SEED': 18, 'BUY_PRODUCT': 233, 'SELL': 322, 'BUY_LAND': 2}",60.87625,v21_1,105256.0,DONE,0.127416,0.178833,0.246083,win,0,217
"{'PASS': 1046, 'PICKUP': 167, 'WEST': 925, 'NORTH': 889, 'BUILD_PASTURE': 14, 'PLACE': 14, 'PLANT': 158, 'WATER': 921, 'FEED': 314, 'CARE': 322, 'EAST': 686, 'COLLECT_FERTILIZER': 254, 'SOUTH': 590, 'DROP': 103, 'HARVEST': 374, 'DIG': 43, 'FERTILIZE': 80}",0,719,v13_r3,105803.0,DONE,1,547.0,"{'HIRE': 277, 'BUY_ANIMAL': 8, 'BUY_SEED': 18, 'BUY_PRODUCT': 233, 'SELL': 322, 'BUY_LAND': 2}",0.228667,v21_1,105256.0,DONE,0.114917,0.163792,0.200708,win,1,217
"{'PASS': 1046, 'PICKUP': 167, 'WEST': 925, 'NORTH': 889, 'BUILD_PASTURE': 14, 'PLACE': 14, 'PLANT': 158, 'WATER': 922, 'FEED': 314, 'CARE': 322, 'EAST': 686, 'COLLECT_FERTILIZER': 254, 'SOUTH': 590, 'DROP': 103, 'HARVEST': 374, 'FERTILIZE': 80, 'DIG': 42}",0,719,v13_r3,115299.0,DONE,1,810.0,"{'HIRE': 277, 'BUY_ANIMAL': 8, 'BUY_SEED': 18, 'BUY_PRODUCT': 233, 'SELL': 322, 'BUY_LAND': 2}",0.302208,v21_1,114489.0,DONE,0.126958,0.177833,0.216875,win,0,317
"{'PASS': 1046, 'PICKUP': 167, 'WEST': 925, 'NORTH': 889, 'BUILD_PASTURE': 14, 'PLACE': 14, 'PLANT': 158, 'WATER': 922, 'FEED': 314, 'CARE': 322, 'EAST': 686, 'COLLECT_FERTILIZER': 254, 'SOUTH': 590, 'DROP': 103, 'HARVEST': 373, 'FERTILIZE': 80, 'DIG': 43}",0,719,v13_r3,114743.0,DONE,1,254.0,"{'HIRE': 277, 'BUY_ANIMAL': 8, 'BUY_SEED': 18, 'BUY_PRODUCT': 233, 'SELL': 321, 'BUY_LAND': 2}",0.238958,v21_1,114489.0,DONE,0.113417,0.162,0.185958,win,1,317
"{'PASS': 1046, 'PICKUP': 167, 'WEST': 925, 'NORTH': 889, 'BUILD_PASTURE': 14, 'PLACE': 14, 'PLANT': 158, 'WATER': 922, 'FEED': 314, 'CARE': 322, 'EAST': 686, 'COLLECT_FERTILIZER': 254, 'SOUTH': 590, 'DROP': 103, 'HARVEST': 374, 'FERTILIZE': 80, 'DIG': 42}",0,719,v13_r3,153781.0,DONE,1,4804.0,"{'HIRE': 277, 'BUY_ANIMAL': 8, 'BUY_SEED': 18, 'BUY_PRODUCT': 233, 'SELL': 322, 'BUY_LAND': 2}",0.439125,v21_1,148977.0,DONE,0.127333,0.18075,0.267708,win,0,733
"{'PASS': 1046, 'PICKUP': 167, 'WEST': 924, 'NORTH': 889, 'BUILD_PASTURE': 14, 'PLACE': 14, 'PLANT': 158, 'WATER': 922, 'FEED': 314, 'CARE': 322, 'EAST': 686, 'COLLECT_FERTILIZER': 254, 'SOUTH': 590, 'DROP': 103, 'HARVEST': 374, 'DIG': 43, 'FERTILIZE': 80}",0,719,v13_r3,152606.0,DONE,1,3358.0,"{'HIRE': 277, 'BUY_ANIMAL': 8, 'BUY_SEED': 18, 'BUY_PRODUCT': 233, 'SELL': 322, 'BUY_LAND': 2}",0.287459,v21_1,149248.0,DONE,0.116583,0.166542,0.201125,win,1,733
"{'PASS': 1046, 'PICKUP': 167, 'WEST': 925, 'NORTH': 889, 'BUILD_PASTURE': 14, 'PLACE': 14, 'PLANT': 158, 'WATER': 922, 'FEED': 314, 'CARE': 322, 'EAST': 686, 'COLLECT_FERTILIZER': 254, 'SOUTH': 590, 'DROP': 103, 'HARVEST': 374, 'FERTILIZE': 80, 'DIG': 42}",0,719,v13_r3,123717.0,DONE,1,0.0,"{'HIRE': 277, 'BUY_ANIMAL': 8, 'BUY_SEED': 18, 'BUY_PRODUCT': 233, 'SELL': 322, 'BUY_LAND': 2}",0.441958,v13_r3,123717.0,DONE,0.125708,0.180542,0.243792,tie,0,17
"{'PASS': 1046, 'PICKUP': 167, 'WEST': 925, 'NORTH': 889, 'BUILD_PASTURE': 14, 'PLACE': 14, 'PLANT': 158, 'WATER': 922, 'FEED': 314, 'CARE': 322, 'EAST': 686, 'COLLECT_FERTILIZER': 254, 'SOUTH': 590, 'DROP': 103, 'HARVEST': 374, 'FERTILIZE': 80, 'DIG': 42}",0,719,v13_r3,123717.0,DONE,1,0.0,"{'HIRE': 277, 'BUY_ANIMAL': 8, 'BUY_SEED': 18, 'BUY_PRODUCT': 233, 'SELL': 322, 'BUY_LAND': 2}",0.272,v13_r3,123717.0,DONE,0.11125,0.157167,0.189583,tie,1,17
"{'PASS': 1046, 'PICKUP': 167, 'WEST': 925, 'NORTH': 889, 'BUILD_PASTURE': 14, 'PLACE': 14, 'PLANT': 158, 'WATER': 922, 'FEED': 314, 'CARE': 322, 'EAST': 686, 'COLLECT_FERTILIZER': 254, 'SOUTH': 590, 'DROP': 103, 'HARVEST': 374, 'FERTILIZE': 80, 'DIG': 42}",0,719,v13_r3,128547.0,DONE,1,0.0,"{'HIRE': 277, 'BUY_ANIMAL': 8, 'BUY_SEED': 18, 'BUY_PRODUCT': 233, 'SELL': 322, 'BUY_LAND': 2}",0.319292,v13_r3,128547.0,DONE,0.126292,0.183708,0.273625,tie,0,42
"{'PASS': 1046, 'PICKUP': 167, 'WEST': 925, 'NORTH': 889, 'BUILD_PASTURE': 14, 'PLACE': 14, 'PLANT': 158, 'WATER': 922, 'FEED': 314, 'CARE': 322, 'EAST': 686, 'COLLECT_FERTILIZER': 254, 'SOUTH': 590, 'DROP': 103, 'HARVEST': 374, 'FERTILIZE': 80, 'DIG': 42}",0,719,v13_r3,128547.0,DONE,1,0.0,"{'HIRE': 277, 'BUY_ANIMAL': 8, 'BUY_SEED': 18, 'BUY_PRODUCT': 233, 'SELL': 322, 'BUY_LAND': 2}",0.202167,v13_r3,128547.0,DONE,0.111375,0.156167,0.180625,tie,1,42
"{'PASS': 1045, 'PICKUP': 167, 'WEST': 925, 'NORTH': 889, 'BUILD_PASTURE': 14, 'PLACE': 14, 'PLANT': 157, 'WATER': 922, 'FEED': 314, 'CARE': 322, 'EAST': 686, 'COLLECT_FERTILIZER': 254, 'SOUTH': 590, 'DROP': 103, 'HARVEST': 374, 'FERTILIZE': 80, 'DIG': 44}",0,719,v13_r3,102435.0,DONE,1,-106.0,"{'HIRE': 277, 'BUY_ANIMAL': 8, 'BUY_SEED': 18, 'BUY_PRODUCT': 233, 'SELL': 321, 'BUY_LAND': 2}",28.448417,v13_r3,102541.0,DONE,0.125667,0.180833,0.245084,loss,0,2026
"{'PASS': 1046, 'PICKUP': 167, 'WEST': 925, 'NORTH': 889, 'BUILD_PASTURE': 14, 'PLACE': 14, 'PLANT': 158, 'WATER': 922, 'FEED': 314, 'CARE': 322, 'EAST': 686, 'COLLECT_FERTILIZER': 254, 'SOUTH': 590, 'DROP': 103, 'HARVEST': 374, 'FERTILIZE': 80, 'DIG': 42}",0,719,v13_r3,102541.0,DONE,1,106.0,"{'HIRE': 277, 'BUY_ANIMAL': 8, 'BUY_SEED': 18, 'BUY_PRODUCT': 233, 'SELL': 321, 'BUY_LAND': 2}",0.503208,v13_r3,102435.0,DONE,0.111792,0.1615,0.191708,win,1,2026
"{'PASS': 1046, 'PICKUP': 167, 'WEST': 925, 'NORTH': 889, 'BUILD_PASTURE': 14, 'PLACE': 14, 'PLANT': 158, 'WATER': 922, 'FEED': 314, 'CARE': 322, 'EAST': 686, 'COLLECT_FERTILIZER': 254, 'SOUTH': 590, 'DROP': 103, 'HARVEST': 374, 'FERTILIZE': 80, 'DIG': 42}",0,719,v13_r3,106326.0,DONE,1,0.0,"{'HIRE': 277, 'BUY_ANIMAL': 8, 'BUY_SEED': 18, 'BUY_PRODUCT': 233, 'SELL': 322, 'BUY_LAND': 2}",29.732625,v13_r3,106326.0,DONE,0.126375,0.186916,0.289292,tie,0,217
"{'PASS': 1046, 'PICKUP': 167, 'WEST': 925, 'NORTH': 889, 'BUILD_PASTURE': 14, 'PLACE': 14, 'PLANT': 158, 'WATER': 921, 'FEED': 314, 'CARE': 322, 'EAST': 686, 'COLLECT_FERTILIZER': 254, 'SOUTH': 590, 'DROP': 103, 'HARVEST': 374, 'DIG': 43, 'FERTILIZE': 80}",0,719,v13_r3,106326.0,DONE,1,0.0,"{'HIRE': 277, 'BUY_ANIMAL': 8, 'BUY_SEED': 18, 'BUY_PRODUCT': 233, 'SELL': 322, 'BUY_LAND': 2}",0.279375,v13_r3,106326.0,DONE,0.111917,0.161875,0.19075,tie,1,217
"{'PASS': 1046, 'PICKUP': 167, 'WEST': 925, 'NORTH': 889, 'BUILD_PASTURE': 14, 'PLACE': 14, 'PLANT': 158, 'WATER': 922, 'FEED': 314, 'CARE': 322, 'EAST': 686, 'COLLECT_FERTILIZER': 254, 'SOUTH': 590, 'DROP': 103, 'HARVEST': 374, 'FERTILIZE': 80, 'DIG': 42}",0,719,v13_r3,115666.0,DONE,1,558.0,"{'HIRE': 277, 'BUY_ANIMAL': 8, 'BUY_SEED': 18, 'BUY_PRODUCT': 233, 'SELL': 322, 'BUY_LAND': 2}",27.264834,v13_r3,115108.0,DONE,0.126125,0.178209,0.24625,win,0,317
"{'PASS': 1046, 'PICKUP': 167, 'WEST': 925, 'NORTH': 889, 'BUILD_PASTURE': 14, 'PLACE': 14, 'PLANT': 158, 'WATER': 922, 'FEED': 314, 'CARE': 322, 'EAST': 686, 'COLLECT_FERTILIZER': 254, 'SOUTH': 590, 'DROP': 103, 'HARVEST': 373, 'FERTILIZE': 80, 'DIG': 43}",0,719,v13_r3,115108.0,DONE,1,-558.0,"{'HIRE': 277, 'BUY_ANIMAL': 8, 'BUY_SEED': 18, 'BUY_PRODUCT': 233, 'SELL': 320, 'BUY_LAND': 2}",0.502875,v13_r3,115666.0,DONE,0.112834,0.159792,0.195625,loss,1,317
"{'PASS': 1046, 'PICKUP': 167, 'WEST': 925, 'NORTH': 889, 'BUILD_PASTURE': 14, 'PLACE': 14, 'PLANT': 158, 'WATER': 922, 'FEED': 314, 'CARE': 322, 'EAST': 686, 'COLLECT_FERTILIZER': 254, 'SOUTH': 590, 'DROP': 103, 'HARVEST': 374, 'FERTILIZE': 80, 'DIG': 42}",0,719,v13_r3,142533.0,DONE,1,814.0,"{'HIRE': 277, 'BUY_ANIMAL': 8, 'BUY_SEED': 18, 'BUY_PRODUCT': 233, 'SELL': 321, 'BUY_LAND': 2}",0.317958,v13_r3,141719.0,DONE,0.125667,0.181542,0.2735,win,0,733
"{'PASS': 1046, 'PICKUP': 167, 'WEST': 925, 'NORTH': 889, 'BUILD_PASTURE': 14, 'PLACE': 14, 'PLANT': 157, 'WATER': 922, 'FEED': 314, 'CARE': 322, 'EAST': 686, 'COLLECT_FERTILIZER': 254, 'SOUTH': 590, 'DROP': 103, 'HARVEST': 374, 'DIG': 43, 'FERTILIZE': 80}",0,719,v13_r3,141719.0,DONE,1,-814.0,"{'HIRE': 277, 'BUY_ANIMAL': 8, 'BUY_SEED': 18, 'BUY_PRODUCT': 233, 'SELL': 322, 'BUY_LAND': 2}",0.266458,v13_r3,142533.0,DONE,0.11125,0.157875,0.179292,loss,1,733
"{'PASS': 1046, 'PICKUP': 167, 'WEST': 925, 'NORTH': 889, 'BUILD_PASTURE': 14, 'PLACE': 14, 'PLANT': 158, 'WATER': 922, 'FEED': 314, 'CARE': 322, 'EAST': 686, 'COLLECT_FERTILIZER': 254, 'SOUTH': 590, 'DROP': 103, 'HARVEST': 374, 'FERTILIZE': 80, 'DIG': 42}",0,719,v13_r3,202612.0,DONE,1,199098.0,"{'HIRE': 277, 'BUY_ANIMAL': 8, 'BUY_SEED': 18, 'BUY_PRODUCT': 233, 'SELL': 315, 'BUY_LAND': 2}",42.324417,starter,3514.0,DONE,0.113958,0.239875,0.343834,win,0,17
"{'PASS': 1046, 'PICKUP': 167, 'WEST': 925, 'NORTH': 889, 'BUILD_PASTURE': 14, 'PLACE': 14, 'PLANT': 158, 'WATER': 922, 'FEED': 314, 'CARE': 322, 'EAST': 686, 'COLLECT_FERTILIZER': 254, 'SOUTH': 590, 'DROP': 103, 'HARVEST': 374, 'FERTILIZE': 80, 'DIG': 42}",0,719,v13_r3,202612.0,DONE,1,199098.0,"{'HIRE': 277, 'BUY_ANIMAL': 8, 'BUY_SEED': 18, 'BUY_PRODUCT': 233, 'SELL': 315, 'BUY_LAND': 2}",42.346958,starter,3514.0,DONE,0.115917,0.173208,0.281708,win,1,17
"{'PASS': 1046, 'PICKUP': 167, 'WEST': 925, 'NORTH': 889, 'BUILD_PASTURE': 14, 'PLACE': 14, 'PLANT': 158, 'WATER': 922, 'FEED': 314, 'CARE': 322, 'EAST': 686, 'COLLECT_FERTILIZER': 254, 'SOUTH': 590, 'DROP': 103, 'HARVEST': 374, 'FERTILIZE': 80, 'DIG': 42}",0,719,v13_r3,196677.0,DONE,1,193182.0,"{'HIRE': 277, 'BUY_ANIMAL': 8, 'BUY_SEED': 18, 'BUY_PRODUCT': 233, 'SELL': 315, 'BUY_LAND': 2}",35.223791,starter,3495.0,DONE,0.113375,0.173958,0.286875,win,0,42
"{'PASS': 1046, 'PICKUP': 167, 'WEST': 925, 'NORTH': 889, 'BUILD_PASTURE': 14, 'PLACE': 14, 'PLANT': 158, 'WATER': 922, 'FEED': 314, 'CARE': 322, 'EAST': 686, 'COLLECT_FERTILIZER': 254, 'SOUTH': 590, 'DROP': 103, 'HARVEST': 374, 'FERTILIZE': 80, 'DIG': 42}",0,719,v13_r3,196677.0,DONE,1,193182.0,"{'HIRE': 277, 'BUY_ANIMAL': 8, 'BUY_SEED': 18, 'BUY_PRODUCT': 233, 'SELL': 315, 'BUY_LAND': 2}",37.979459,starter,3495.0,DONE,0.118583,0.175917,0.28725,win,1,42
"{'PASS': 1045, 'PICKUP': 167, 'WEST': 925, 'NORTH': 889, 'BUILD_PASTURE': 14, 'PLACE': 14, 'PLANT': 157, 'WATER': 922, 'FEED': 314, 'CARE': 322, 'EAST': 686, 'COLLECT_FERTILIZER': 254, 'SOUTH': 590, 'DROP': 103, 'HARVEST': 374, 'FERTILIZE': 80, 'DIG': 44}",0,719,v13_r3,183396.0,DONE,1,179893.0,"{'HIRE': 277, 'BUY_ANIMAL': 8, 'BUY_SEED': 18, 'BUY_PRODUCT': 233, 'SELL': 315, 'BUY_LAND': 2}",37.270208,starter,3503.0,DONE,0.112459,0.178834,0.325125,win,0,2026
"{'PASS': 1046, 'PICKUP': 167, 'WEST': 925, 'NORTH': 889, 'BUILD_PASTURE': 14, 'PLACE': 14, 'PLANT': 158, 'WATER': 922, 'FEED': 314, 'CARE': 322, 'EAST': 686, 'COLLECT_FERTILIZER': 254, 'SOUTH': 590, 'DROP': 103, 'HARVEST': 374, 'FERTILIZE': 80, 'DIG': 42}",0,719,v13_r3,183396.0,DONE,1,179893.0,"{'HIRE': 277, 'BUY_ANIMAL': 8, 'BUY_SEED': 18, 'BUY_PRODUCT': 233, 'SELL': 315, 'BUY_LAND': 2}",19.4135,starter,3503.0,DONE,0.11375,0.177417,0.328125,win,1,2026
"{'PASS': 1046, 'PICKUP': 167, 'WEST': 925, 'NORTH': 889, 'BUILD_PASTURE': 14, 'PLACE': 14, 'PLANT': 158, 'WATER': 922, 'FEED': 314, 'CARE': 322, 'EAST': 686, 'COLLECT_FERTILIZER': 254, 'SOUTH': 590, 'DROP': 103, 'HARVEST': 374, 'FERTILIZE': 80, 'DIG': 42}",0,719,v13_r3,175742.0,DONE,1,172233.0,"{'HIRE': 277, 'BUY_ANIMAL': 8, 'BUY_SEED': 18, 'BUY_PRODUCT': 233, 'SELL': 315, 'BUY_LAND': 2}",42.751958,starter,3509.0,DONE,0.118167,0.173084,0.302959,win,0,217
"{'PASS': 1046, 'PICKUP': 167, 'WEST': 925, 'NORTH': 889, 'BUILD_PASTURE': 14, 'PLACE': 14, 'PLANT': 158, 'WATER': 922, 'FEED': 314, 'CARE': 322, 'EAST': 685, 'COLLECT_FERTILIZER': 254, 'SOUTH': 590, 'DROP': 103, 'HARVEST': 374, 'FERTILIZE': 80, 'DIG': 43}",0,719,v13_r3,175691.0,DONE,1,172182.0,"{'HIRE': 277, 'BUY_ANIMAL': 8, 'BUY_SEED': 18, 'BUY_PRODUCT': 233, 'SELL': 315, 'BUY_LAND': 2}",40.258041,starter,3509.0,DONE,0.11825,0.18425,0.30725,win,1,217
"{'PASS': 1046, 'PICKUP': 167, 'WEST': 925, 'NORTH': 889, 'BUILD_PASTURE': 14, 'PLACE': 14, 'PLANT': 158, 'WATER': 922, 'FEED': 314, 'CARE': 322, 'EAST': 686, 'COLLECT_FERTILIZER': 254, 'SOUTH': 590, 'DROP': 103, 'HARVEST': 374, 'FERTILIZE': 80, 'DIG': 42}",0,719,v13_r3,190970.0,DONE,1,187479.0,"{'HIRE': 277, 'BUY_ANIMAL': 8, 'BUY_SEED': 18, 'BUY_PRODUCT': 233, 'SELL': 315, 'BUY_LAND': 2}",37.783958,starter,3491.0,DONE,0.114625,0.176083,0.28475,win,0,317
"{'PASS': 1045, 'PICKUP': 167, 'WEST': 925, 'NORTH': 889, 'BUILD_PASTURE': 14, 'PLACE': 14, 'PLANT': 158, 'WATER': 922, 'FEED': 314, 'CARE': 322, 'EAST': 686, 'COLLECT_FERTILIZER': 254, 'SOUTH': 590, 'DROP': 103, 'HARVEST': 374, 'FERTILIZE': 80, 'DIG': 43}",0,719,v13_r3,190970.0,DONE,1,187479.0,"{'HIRE': 277, 'BUY_ANIMAL': 8, 'BUY_SEED': 18, 'BUY_PRODUCT': 233, 'SELL': 315, 'BUY_LAND': 2}",17.508125,starter,3491.0,DONE,0.112458,0.17375,0.304083,win,1,317
"{'PASS': 1046, 'PICKUP': 167, 'WEST': 925, 'NORTH': 889, 'BUILD_PASTURE': 14, 'PLACE': 14, 'PLANT': 158, 'WATER': 922, 'FEED': 314, 'CARE': 322, 'EAST': 686, 'COLLECT_FERTILIZER': 254, 'SOUTH': 590, 'DROP': 103, 'HARVEST': 374, 'FERTILIZE': 80, 'DIG': 42}",0,719,v13_r3,186481.0,DONE,1,182974.0,"{'HIRE': 277, 'BUY_ANIMAL': 8, 'BUY_SEED': 18, 'BUY_PRODUCT': 233, 'SELL': 315, 'BUY_LAND': 2}",28.615459,starter,3507.0,DONE,0.124542,0.1785,0.3095,win,0,733
"{'PASS': 1045, 'PICKUP': 167, 'WEST': 925, 'NORTH': 889, 'BUILD_PASTURE': 14, 'PLACE': 14, 'PLANT': 158, 'WATER': 922, 'FEED': 314, 'CARE': 322, 'EAST': 686, 'COLLECT_FERTILIZER': 254, 'SOUTH': 590, 'DROP': 103, 'HARVEST': 374, 'DIG': 43, 'FERTILIZE': 80}",0,719,v13_r3,187489.0,DONE,1,183980.0,"{'HIRE': 277, 'BUY_ANIMAL': 8, 'BUY_SEED': 18, 'BUY_PRODUCT': 233, 'SELL': 315, 'BUY_LAND': 2}",36.516375,starter,3509.0,DONE,0.119125,0.252625,0.334875,win,1,733
"{'PASS': 1046, 'PICKUP': 167, 'WEST': 925, 'NORTH': 889, 'BUILD_PASTURE': 14, 'PLACE': 14, 'PLANT': 158, 'WATER': 922, 'FEED': 314, 'CARE': 322, 'EAST': 686, 'COLLECT_FERTILIZER': 254, 'SOUTH': 590, 'DROP': 103, 'HARVEST': 374, 'FERTILIZE': 80, 'DIG': 42}",0,719,v13_r3,192138.0,DONE,1,192138.0,"{'HIRE': 277, 'BUY_ANIMAL': 8, 'BUY_SEED': 18, 'BUY_PRODUCT': 233, 'SELL': 315, 'BUY_LAND': 2}",42.252708,random,0.0,DONE,0.13325,0.202,0.29275,win,0,17
"{'PASS': 1046, 'PICKUP': 167, 'WEST': 925, 'NORTH': 889, 'BUILD_PASTURE': 14, 'PLACE': 14, 'PLANT': 158, 'WATER': 922, 'FEED': 314, 'CARE': 322, 'EAST': 686, 'COLLECT_FERTILIZER': 254, 'SOUTH': 590, 'DROP': 103, 'HARVEST': 374, 'FERTILIZE': 80, 'DIG': 42}",0,719,v13_r3,196002.0,DONE,1,196002.0,"{'HIRE': 277, 'BUY_ANIMAL': 8, 'BUY_SEED': 18, 'BUY_PRODUCT': 233, 'SELL': 315, 'BUY_LAND': 2}",19.8775,random,0.0,DONE,0.133333,0.242708,0.291792,win,1,17
"{'PASS': 1046, 'PICKUP': 167, 'WEST': 925, 'NORTH': 889, 'BUILD_PASTURE': 14, 'PLACE': 14, 'PLANT': 158, 'WATER': 922, 'FEED': 314, 'CARE': 322, 'EAST': 686, 'COLLECT_FERTILIZER': 254, 'SOUTH': 590, 'DROP': 103, 'HARVEST': 374, 'FERTILIZE': 80, 'DIG': 42}",0,719,v13_r3,191631.0,DONE,1,191631.0,"{'HIRE': 277, 'BUY_ANIMAL': 8, 'BUY_SEED': 18, 'BUY_PRODUCT': 233, 'SELL': 315, 'BUY_LAND': 2}",32.719042,random,0.0,DONE,0.128583,0.185083,0.306041,win,0,42
"{'PASS': 1046, 'PICKUP': 167, 'WEST': 925, 'NORTH': 889, 'BUILD_PASTURE': 14, 'PLACE': 14, 'PLANT': 158, 'WATER': 922, 'FEED': 314, 'CARE': 322, 'EAST': 686, 'COLLECT_FERTILIZER': 254, 'SOUTH': 590, 'DROP': 103, 'HARVEST': 374, 'FERTILIZE': 80, 'DIG': 42}",0,719,v13_r3,196459.0,DONE,1,196459.0,"{'HIRE': 277, 'BUY_ANIMAL': 8, 'BUY_SEED': 18, 'BUY_PRODUCT': 233, 'SELL': 315, 'BUY_LAND': 2}",18.628333,random,0.0,DONE,0.124791,0.180042,0.296083,win,1,42
"{'PASS': 1045, 'PICKUP': 167, 'WEST': 925, 'NORTH': 889, 'BUILD_PASTURE': 14, 'PLACE': 14, 'PLANT': 157, 'WATER': 922, 'FEED': 314, 'CARE': 322, 'EAST': 686, 'COLLECT_FERTILIZER': 254, 'SOUTH': 590, 'DROP': 103, 'HARVEST': 374, 'FERTILIZE': 80, 'DIG': 44}",0,719,v13_r3,193839.0,DONE,1,193839.0,"{'HIRE': 277, 'BUY_ANIMAL': 8, 'BUY_SEED': 18, 'BUY_PRODUCT': 233, 'SELL': 315, 'BUY_LAND': 2}",0.386167,random,0.0,DONE,0.134625,0.228833,0.3135,win,0,2026
"{'PASS': 1046, 'PICKUP': 167, 'WEST': 925, 'NORTH': 889, 'BUILD_PASTURE': 14, 'PLACE': 14, 'PLANT': 158, 'WATER': 922, 'FEED': 314, 'CARE': 322, 'EAST': 686, 'COLLECT_FERTILIZER': 254, 'SOUTH': 590, 'DROP': 103, 'HARVEST': 374, 'FERTILIZE': 80, 'DIG': 42}",0,719,v13_r3,207440.0,DONE,1,207440.0,"{'HIRE': 277, 'BUY_ANIMAL': 8, 'BUY_SEED': 18, 'BUY_PRODUCT': 233, 'SELL': 315, 'BUY_LAND': 2}",0.4925,random,0.0,DONE,0.132208,0.185708,0.273458,win,1,2026
"{'PASS': 1046, 'PICKUP': 167, 'WEST': 925, 'NORTH': 889, 'BUILD_PASTURE': 14, 'PLACE': 14, 'PLANT': 158, 'WATER': 922, 'FEED': 314, 'CARE': 322, 'EAST': 686, 'COLLECT_FERTILIZER': 254, 'SOUTH': 590, 'DROP': 103, 'HARVEST': 374, 'FERTILIZE': 80, 'DIG': 42}",0,719,v13_r3,196101.0,DONE,1,196101.0,"{'HIRE': 277, 'BUY_ANIMAL': 8, 'BUY_SEED': 18, 'BUY_PRODUCT': 233, 'SELL': 315, 'BUY_LAND': 2}",34.89275,random,0.0,DONE,0.132333,0.204792,0.307375,win,0,217
"{'PASS': 1045, 'PICKUP': 167, 'WEST': 925, 'NORTH': 889, 'BUILD_PASTURE': 14, 'PLACE': 14, 'PLANT': 158, 'WATER': 922, 'FEED': 314, 'CARE': 322, 'EAST': 686, 'COLLECT_FERTILIZER': 254, 'SOUTH': 590, 'DROP': 103, 'HARVEST': 374, 'DIG': 43, 'FERTILIZE': 80}",0,719,v13_r3,186679.0,DONE,1,186679.0,"{'HIRE': 277, 'BUY_ANIMAL': 8, 'BUY_SEED': 18, 'BUY_PRODUCT': 233, 'SELL': 315, 'BUY_LAND': 2}",0.712208,random,0.0,DONE,0.133333,0.193125,0.295708,win,1,217
"{'PASS': 1046, 'PICKUP': 167, 'WEST': 925, 'NORTH': 889, 'BUILD_PASTURE': 14, 'PLACE': 14, 'PLANT': 158, 'WATER': 922, 'FEED': 314, 'CARE': 322, 'EAST': 686, 'COLLECT_FERTILIZER': 254, 'SOUTH': 590, 'DROP': 103, 'HARVEST': 374, 'FERTILIZE': 80, 'DIG': 42}",0,719,v13_r3,205913.0,DONE,1,205913.0,"{'HIRE': 277, 'BUY_ANIMAL': 8, 'BUY_SEED': 18, 'BUY_PRODUCT': 233, 'SELL': 315, 'BUY_LAND': 2}",32.258666,random,0.0,DONE,0.127792,0.1815,0.331708,win,0,317
"{'PASS': 1046, 'PICKUP': 167, 'WEST': 925, 'NORTH': 889, 'BUILD_PASTURE': 14, 'PLACE': 14, 'PLANT': 158, 'WATER': 922, 'FEED': 314, 'CARE': 322, 'EAST': 686, 'COLLECT_FERTILIZER': 254, 'SOUTH': 590, 'DROP': 103, 'HARVEST': 374, 'FERTILIZE': 80, 'DIG': 42}",0,719,v13_r3,188137.0,DONE,1,188137.0,"{'HIRE': 277, 'BUY_ANIMAL': 8, 'BUY_SEED': 18, 'BUY_PRODUCT': 233, 'SELL': 315, 'BUY_LAND': 2}",39.877166,random,0.0,DONE,0.132625,0.262167,0.310208,win,1,317
"{'PASS': 1046, 'PICKUP': 167, 'WEST': 925, 'NORTH': 889, 'BUILD_PASTURE': 14, 'PLACE': 14, 'PLANT': 158, 'WATER': 922, 'FEED': 314, 'CARE': 322, 'EAST': 686, 'COLLECT_FERTILIZER': 254, 'SOUTH': 590, 'DROP': 103, 'HARVEST': 374, 'FERTILIZE': 80, 'DIG': 42}",0,719,v13_r3,197671.0,DONE,1,197671.0,"{'HIRE': 277, 'BUY_ANIMAL': 8, 'BUY_SEED': 18, 'BUY_PRODUCT': 233, 'SELL': 315, 'BUY_LAND': 2}",0.42375,random,0.0,DONE,0.129583,0.18875,0.300042,win,0,733
"{'PASS': 1046, 'PICKUP': 167, 'WEST': 925, 'NORTH': 889, 'BUILD_PASTURE': 14, 'PLACE': 14, 'PLANT': 158, 'WATER': 922, 'FEED': 314, 'CARE': 322, 'EAST': 686, 'COLLECT_FERTILIZER': 254, 'SOUTH': 590, 'DROP': 103, 'HARVEST': 374, 'FERTILIZE': 80, 'DIG': 42}",0,719,v13_r3,209213.0,DONE,1,209213.0,"{'HIRE': 277, 'BUY_ANIMAL': 8, 'BUY_SEED': 18, 'BUY_PRODUCT': 233, 'SELL': 315, 'BUY_LAND': 2}",22.261458,random,0.0,DONE,0.13125,0.236792,0.296167,win,1,733
