seed,seat,candidate_money,opponent_money,margin,result,candidate_status,opponent_status,game_done,action_calls,agent_errors,invalid_action_shapes,runtime_p50_ms,runtime_p95_ms,runtime_p99_ms,runtime_max_ms,wall_seconds,route_fallbacks,route_switches,route_history,daily_cash,field_counts,market_counts,market_quantities,candidate,opponent
17,0,139270.0,3484.0,135786.0,win,DONE,DONE,1,719,0,0,0.8721,1.6227399999999998,1.9184720000000015,2.3891,3.2582899999979418,0,0,"[{""distance"": 0.0, ""mode"": ""current"", ""route"": 6, ""step"": 0}, {""distance"": 39.6756, ""mode"": ""current"", ""route"": 1, ""step"": 24}, {""distance"": 39.2066, ""mode"": ""current"", ""route"": 0, ""step"": 48}, {""distance"": 39.875400000000006, ""mode"": ""current"", ""route"": 2, ""step"": 72}, {""distance"": 46.318999999999996, ""mode"": ""current"", ""route"": 4, ""step"": 96}, {""distance"": 43.544799999999995, ""mode"": ""current"", ""route"": 4, ""step"": 120}, {""distance"": 43.672999999999995, ""mode"": ""current"", ""route"": 4, ""step"": 144}, {""distance"": 45.5672, ""mode"": ""current"", ""route"": 3, ""step"": 168}, {""distance"": 65.4264, ""mode"": ""current"", ""route"": 1, ""step"": 192}, {""distance"": 72.6964, ""mode"": ""current"", ""route"": 1, ""step"": 216}, {""distance"": 70.2578, ""mode"": ""current"", ""route"": 1, ""step"": 240}, {""distance"": 77.3162, ""mode"": ""current"", ""route"": 3, ""step"": 264}, {""distance"": 96.3452, ""mode"": ""current"", ""route"": 3, ""step"": 288}, {""distance"": 103.9382, ""mode"": ""current"", ""route"": 3, ""step"": 312}, {""distance"": 107.03979999999999, ""mode"": ""current"", ""route"": 3, ""step"": 336}, {""distance"": 109.0808, ""mode"": ""current"", ""route"": 1, ""step"": 360}, {""distance"": 117.47059999999999, ""mode"": ""current"", ""route"": 0, ""step"": 384}, {""distance"": 107.8386, ""mode"": ""current"", ""route"": 0, ""step"": 408}, {""distance"": 117.3476, ""mode"": ""current"", ""route"": 0, ""step"": 432}, {""distance"": 118.9874, ""mode"": ""current"", ""route"": 0, ""step"": 456}, {""distance"": 116.01899999999999, ""mode"": ""current"", ""route"": 0, ""step"": 480}, {""distance"": 122.3606, ""mode"": ""current"", ""route"": 0, ""step"": 504}, {""distance"": 114.67840000000001, ""mode"": ""current"", ""route"": 0, ""step"": 528}, {""distance"": 118.322, ""mode"": ""current"", ""route"": 0, ""step"": 552}, {""distance"": 115.9902, ""mode"": ""current"", ""route"": 0, ""step"": 576}, {""distance"": 125.90800000000002, ""mode"": ""current"", ""route"": 0, ""step"": 600}, {""distance"": 120.86500000000001, ""mode"": ""current"", ""route"": 0, ""step"": 624}, {""distance"": 110.52660000000002, ""mode"": ""current"", ""route"": 0, ""step"": 648}, {""distance"": 96.0652, ""mode"": ""current"", ""route"": 3, ""step"": 672}, {""distance"": 103.7346, ""mode"": ""current"", ""route"": 2, ""step"": 696}]","{""0"": 98.0, ""1"": 87.0, ""10"": 10293.0, ""11"": 12820.0, ""12"": 12500.0, ""13"": 17785.0, ""14"": 18090.0, ""15"": 19803.0, ""16"": 28532.0, ""17"": 31246.0, ""18"": 35501.0, ""19"": 43276.0, ""2"": 91.0, ""20"": 60700.0, ""21"": 76193.0, ""22"": 80610.0, ""23"": 86196.0, ""24"": 92942.0, ""25"": 106439.0, ""26"": 108781.0, ""27"": 122006.0, ""28"": 135363.0, ""3"": 107.0, ""4"": 110.0, ""5"": 256.0, ""6"": 737.0, ""7"": 226.0, ""8"": 516.0, ""9"": 1705.0}","{""BUILD_PASTURE"": 12, ""CARE"": 236, ""COLLECT_FERTILIZER"": 273, ""DIG"": 17, ""DROP"": 86, ""EAST"": 943, ""FEED"": 260, ""HARVEST"": 203, ""NORTH"": 1323, ""PASS"": 1661, ""PICKUP"": 69, ""PLACE"": 12, ""PLANT"": 103, ""SOUTH"": 908, ""WATER"": 740, ""WEST"": 1141}","{""BUY_ANIMAL"": 7, ""BUY_LAND"": 2, ""BUY_PRODUCT"": 197, ""BUY_SEED"": 51, ""HIRE"": 321, ""SELL"": 187}","{""BUY_ANIMAL:COW"": 9, ""BUY_ANIMAL:SHEEP"": 3, ""BUY_PRODUCT:WHEAT"": 537, ""BUY_SEED:CARROT"": 13, ""BUY_SEED:MELON"": 20, ""BUY_SEED:STRAWBERRY"": 37, ""BUY_SEED:WHEAT"": 35, ""SELL:CARROT"": 36, ""SELL:FERTILIZER"": 273, ""SELL:MELON"": 120, ""SELL:MILK"": 224, ""SELL:STRAWBERRY"": 125, ""SELL:WHEAT"": 397, ""SELL:WOOL"": 81}",v008_current,starter
17,1,138229.0,3499.0,134730.0,win,DONE,DONE,1,719,0,0,0.8717,1.8879700000000001,2.271630000000003,2.7463,3.117152700026054,0,0,"[{""distance"": 0.0, ""mode"": ""current"", ""route"": 6, ""step"": 0}, {""distance"": 39.6756, ""mode"": ""current"", ""route"": 1, ""step"": 24}, {""distance"": 39.7066, ""mode"": ""current"", ""route"": 0, ""step"": 48}, {""distance"": 39.875400000000006, ""mode"": ""current"", ""route"": 1, ""step"": 72}, {""distance"": 46.439, ""mode"": ""current"", ""route"": 4, ""step"": 96}, {""distance"": 43.6506, ""mode"": ""current"", ""route"": 4, ""step"": 120}, {""distance"": 43.913199999999996, ""mode"": ""current"", ""route"": 4, ""step"": 144}, {""distance"": 45.3284, ""mode"": ""current"", ""route"": 3, ""step"": 168}, {""distance"": 55.56139999999999, ""mode"": ""current"", ""route"": 3, ""step"": 192}, {""distance"": 65.9844, ""mode"": ""current"", ""route"": 3, ""step"": 216}, {""distance"": 70.7866, ""mode"": ""current"", ""route"": 1, ""step"": 240}, {""distance"": 91.966, ""mode"": ""current"", ""route"": 0, ""step"": 264}, {""distance"": 89.19539999999999, ""mode"": ""current"", ""route"": 1, ""step"": 288}, {""distance"": 95.20100000000001, ""mode"": ""current"", ""route"": 0, ""step"": 312}, {""distance"": 102.8502, ""mode"": ""current"", ""route"": 3, ""step"": 336}, {""distance"": 101.0954, ""mode"": ""current"", ""route"": 1, ""step"": 360}, {""distance"": 107.1256, ""mode"": ""current"", ""route"": 0, ""step"": 384}, {""distance"": 105.05160000000001, ""mode"": ""current"", ""route"": 1, ""step"": 408}, {""distance"": 110.298, ""mode"": ""current"", ""route"": 5, ""step"": 432}, {""distance"": 113.1282, ""mode"": ""current"", ""route"": 5, ""step"": 456}, {""distance"": 110.7388, ""mode"": ""current"", ""route"": 3, ""step"": 480}, {""distance"": 116.88060000000002, ""mode"": ""current"", ""route"": 3, ""step"": 504}, {""distance"": 110.6138, ""mode"": ""current"", ""route"": 0, ""step"": 528}, {""distance"": 117.71100000000001, ""mode"": ""current"", ""route"": 3, ""step"": 552}, {""distance"": 117.6202, ""mode"": ""current"", ""route"": 0, ""step"": 576}, {""distance"": 118.07879999999999, ""mode"": ""current"", ""route"": 3, ""step"": 600}, {""distance"": 120.7134, ""mode"": ""current"", ""route"": 3, ""step"": 624}, {""distance"": 115.425, ""mode"": ""current"", ""route"": 7, ""step"": 648}, {""distance"": 84.486, ""mode"": ""current"", ""route"": 3, ""step"": 672}, {""distance"": 91.811, ""mode"": ""current"", ""route"": 2, ""step"": 696}]","{""0"": 98.0, ""1"": 87.0, ""10"": 10272.0, ""11"": 13228.0, ""12"": 13076.0, ""13"": 18237.0, ""14"": 21217.0, ""15"": 22884.0, ""16"": 27855.0, ""17"": 32786.0, ""18"": 35237.0, ""19"": 45509.0, ""2"": 91.0, ""20"": 61121.0, ""21"": 71970.0, ""22"": 80631.0, ""23"": 86446.0, ""24"": 90300.0, ""25"": 93860.0, ""26"": 104170.0, ""27"": 119104.0, ""28"": 133033.0, ""3"": 107.0, ""4"": 81.0, ""5"": 255.0, ""6"": 731.0, ""7"": 163.0, ""8"": 504.0, ""9"": 1913.0}","{""BUILD_PASTURE"": 12, ""CARE"": 239, ""COLLECT_FERTILIZER"": 271, ""DIG"": 15, ""DROP"": 88, ""EAST"": 952, ""FEED"": 259, ""HARVEST"": 212, ""NORTH"": 1357, ""PASS"": 1600, ""PICKUP"": 66, ""PLACE"": 12, ""PLANT"": 108, ""SOUTH"": 949, ""WATER"": 744, ""WEST"": 1121}","{""BUY_ANIMAL"": 7, ""BUY_LAND"": 2, ""BUY_PRODUCT"": 216, ""BUY_SEED"": 59, ""HIRE"": 322, ""SELL"": 192}","{""BUY_ANIMAL:COW"": 7, ""BUY_ANIMAL:SHEEP"": 5, ""BUY_PRODUCT:WHEAT"": 551, ""BUY_SEED:CARROT"": 13, ""BUY_SEED:MELON"": 20, ""BUY_SEED:STRAWBERRY"": 37, ""BUY_SEED:WHEAT"": 38, ""SELL:CARROT"": 39, ""SELL:FERTILIZER"": 271, ""SELL:MELON"": 119, ""SELL:MILK"": 177, ""SELL:STRAWBERRY"": 128, ""SELL:WHEAT"": 420, ""SELL:WOOL"": 130}",v008_current,starter
42,0,139426.0,3495.0,135931.0,win,DONE,DONE,1,719,0,0,0.8093,1.4774100000000001,1.874588000000001,2.8913,3.037629900005413,0,0,"[{""distance"": 0.0, ""mode"": ""current"", ""route"": 6, ""step"": 0}, {""distance"": 39.6756, ""mode"": ""current"", ""route"": 1, ""step"": 24}, {""distance"": 39.8036, ""mode"": ""current"", ""route"": 2, ""step"": 48}, {""distance"": 39.875400000000006, ""mode"": ""current"", ""route"": 2, ""step"": 72}, {""distance"": 46.47899999999999, ""mode"": ""current"", ""route"": 4, ""step"": 96}, {""distance"": 43.3772, ""mode"": ""current"", ""route"": 7, ""step"": 120}, {""distance"": 44.073, ""mode"": ""current"", ""route"": 4, ""step"": 144}, {""distance"": 45.2868, ""mode"": ""current"", ""route"": 3, ""step"": 168}, {""distance"": 64.4086, ""mode"": ""current"", ""route"": 3, ""step"": 192}, {""distance"": 70.55319999999999, ""mode"": ""current"", ""route"": 3, ""step"": 216}, {""distance"": 68.28920000000001, ""mode"": ""current"", ""route"": 1, ""step"": 240}, {""distance"": 81.1486, ""mode"": ""current"", ""route"": 0, ""step"": 264}, {""distance"": 97.8414, ""mode"": ""current"", ""route"": 3, ""step"": 288}, {""distance"": 113.74560000000001, ""mode"": ""current"", ""route"": 3, ""step"": 312}, {""distance"": 114.33619999999999, ""mode"": ""current"", ""route"": 3, ""step"": 336}, {""distance"": 116.3522, ""mode"": ""current"", ""route"": 1, ""step"": 360}, {""distance"": 120.32480000000001, ""mode"": ""current"", ""route"": 0, ""step"": 384}, {""distance"": 111.0192, ""mode"": ""current"", ""route"": 0, ""step"": 408}, {""distance"": 117.533, ""mode"": ""current"", ""route"": 0, ""step"": 432}, {""distance"": 120.37859999999999, ""mode"": ""current"", ""route"": 0, ""step"": 456}, {""distance"": 122.50459999999998, ""mode"": ""current"", ""route"": 0, ""step"": 480}, {""distance"": 126.68260000000001, ""mode"": ""current"", ""route"": 0, ""step"": 504}, {""distance"": 120.0886, ""mode"": ""current"", ""route"": 0, ""step"": 528}, {""distance"": 123.47420000000002, ""mode"": ""current"", ""route"": 0, ""step"": 552}, {""distance"": 123.65440000000002, ""mode"": ""current"", ""route"": 0, ""step"": 576}, {""distance"": 135.2272, ""mode"": ""current"", ""route"": 0, ""step"": 600}, {""distance"": 127.53220000000002, ""mode"": ""current"", ""route"": 0, ""step"": 624}, {""distance"": 110.7916, ""mode"": ""current"", ""route"": 0, ""step"": 648}, {""distance"": 105.6912, ""mode"": ""current"", ""route"": 3, ""step"": 672}, {""distance"": 106.71640000000001, ""mode"": ""current"", ""route"": 2, ""step"": 696}]","{""0"": 98.0, ""1"": 87.0, ""10"": 8215.0, ""11"": 13125.0, ""12"": 15419.0, ""13"": 18167.0, ""14"": 18633.0, ""15"": 20532.0, ""16"": 28678.0, ""17"": 31673.0, ""18"": 33402.0, ""19"": 43859.0, ""2"": 91.0, ""20"": 61210.0, ""21"": 79244.0, ""22"": 81171.0, ""23"": 85417.0, ""24"": 93338.0, ""25"": 107875.0, ""26"": 110654.0, ""27"": 121636.0, ""28"": 135354.0, ""3"": 107.0, ""4"": 110.0, ""5"": 256.0, ""6"": 739.0, ""7"": 127.0, ""8"": 1892.0, ""9"": 1826.0}","{""BUILD_PASTURE"": 12, ""CARE"": 240, ""COLLECT_FERTILIZER"": 272, ""DIG"": 25, ""DROP"": 91, ""EAST"": 921, ""FEED"": 264, ""HARVEST"": 201, ""NORTH"": 1301, ""PASS"": 1636, ""PICKUP"": 65, ""PLACE"": 12, ""PLANT"": 101, ""SOUTH"": 1004, ""WATER"": 728, ""WEST"": 1096}","{""BUY_ANIMAL"": 6, ""BUY_LAND"": 2, ""BUY_PRODUCT"": 198, ""BUY_SEED"": 48, ""HIRE"": 320, ""SELL"": 180}","{""BUY_ANIMAL:COW"": 10, ""BUY_ANIMAL:SHEEP"": 2, ""BUY_PRODUCT:WHEAT"": 530, ""BUY_SEED:CARROT"": 11, ""BUY_SEED:MELON"": 20, ""BUY_SEED:STRAWBERRY"": 37, ""BUY_SEED:WHEAT"": 37, ""SELL:CARROT"": 27, ""SELL:FERTILIZER"": 272, ""SELL:MELON"": 119, ""SELL:MILK"": 246, ""SELL:STRAWBERRY"": 121, ""SELL:WHEAT"": 389, ""SELL:WOOL"": 68}",v008_current,starter
42,1,140738.0,3497.0,137241.0,win,DONE,DONE,1,719,0,0,0.7914,1.42411,1.734914,1.9436,2.9463257000024896,0,0,"[{""distance"": 0.0, ""mode"": ""current"", ""route"": 6, ""step"": 0}, {""distance"": 39.6756, ""mode"": ""current"", ""route"": 1, ""step"": 24}, {""distance"": 39.7066, ""mode"": ""current"", ""route"": 0, ""step"": 48}, {""distance"": 39.875400000000006, ""mode"": ""current"", ""route"": 1, ""step"": 72}, {""distance"": 46.299, ""mode"": ""current"", ""route"": 3, ""step"": 96}, {""distance"": 43.0972, ""mode"": ""current"", ""route"": 7, ""step"": 120}, {""distance"": 43.633, ""mode"": ""current"", ""route"": 3, ""step"": 144}, {""distance"": 44.5268, ""mode"": ""current"", ""route"": 3, ""step"": 168}, {""distance"": 64.4896, ""mode"": ""current"", ""route"": 3, ""step"": 192}, {""distance"": 70.0936, ""mode"": ""current"", ""route"": 3, ""step"": 216}, {""distance"": 70.14800000000001, ""mode"": ""current"", ""route"": 1, ""step"": 240}, {""distance"": 77.9452, ""mode"": ""current"", ""route"": 0, ""step"": 264}, {""distance"": 102.3296, ""mode"": ""current"", ""route"": 3, ""step"": 288}, {""distance"": 106.7406, ""mode"": ""current"", ""route"": 1, ""step"": 312}, {""distance"": 111.40099999999998, ""mode"": ""current"", ""route"": 3, ""step"": 336}, {""distance"": 111.17999999999999, ""mode"": ""current"", ""route"": 1, ""step"": 360}, {""distance"": 117.80120000000001, ""mode"": ""current"", ""route"": 0, ""step"": 384}, {""distance"": 111.59340000000002, ""mode"": ""current"", ""route"": 0, ""step"": 408}, {""distance"": 121.5496, ""mode"": ""current"", ""route"": 0, ""step"": 432}, {""distance"": 123.01700000000001, ""mode"": ""current"", ""route"": 0, ""step"": 456}, {""distance"": 123.1762, ""mode"": ""current"", ""route"": 0, ""step"": 480}, {""distance"": 126.6482, ""mode"": ""current"", ""route"": 0, ""step"": 504}, {""distance"": 120.45060000000001, ""mode"": ""current"", ""route"": 0, ""step"": 528}, {""distance"": 124.25800000000001, ""mode"": ""current"", ""route"": 0, ""step"": 552}, {""distance"": 124.29960000000001, ""mode"": ""current"", ""route"": 0, ""step"": 576}, {""distance"": 131.6446, ""mode"": ""current"", ""route"": 0, ""step"": 600}, {""distance"": 121.85300000000002, ""mode"": ""current"", ""route"": 0, ""step"": 624}, {""distance"": 114.23939999999999, ""mode"": ""current"", ""route"": 0, ""step"": 648}, {""distance"": 104.5124, ""mode"": ""current"", ""route"": 3, ""step"": 672}, {""distance"": 112.3554, ""mode"": ""current"", ""route"": 2, ""step"": 696}]","{""0"": 98.0, ""1"": 87.0, ""10"": 8298.0, ""11"": 13105.0, ""12"": 12816.0, ""13"": 18291.0, ""14"": 18594.0, ""15"": 20450.0, ""16"": 25606.0, ""17"": 30256.0, ""18"": 34349.0, ""19"": 46117.0, ""2"": 91.0, ""20"": 62538.0, ""21"": 78254.0, ""22"": 84490.0, ""23"": 86343.0, ""24"": 92825.0, ""25"": 103379.0, ""26"": 112693.0, ""27"": 122642.0, ""28"": 136963.0, ""3"": 107.0, ""4"": 110.0, ""5"": 256.0, ""6"": 739.0, ""7"": 222.0, ""8"": 1794.0, ""9"": 1857.0}","{""BUILD_PASTURE"": 12, ""CARE"": 236, ""COLLECT_FERTILIZER"": 274, ""DIG"": 19, ""DROP"": 88, ""EAST"": 908, ""FEED"": 261, ""HARVEST"": 200, ""NORTH"": 1344, ""PASS"": 1680, ""PICKUP"": 65, ""PLACE"": 12, ""PLANT"": 98, ""SOUTH"": 952, ""WATER"": 745, ""WEST"": 1073}","{""BUY_ANIMAL"": 6, ""BUY_LAND"": 2, ""BUY_PRODUCT"": 214, ""BUY_SEED"": 42, ""HIRE"": 320, ""SELL"": 184}","{""BUY_ANIMAL:COW"": 10, ""BUY_ANIMAL:SHEEP"": 2, ""BUY_PRODUCT:WHEAT"": 538, ""BUY_SEED:CARROT"": 12, ""BUY_SEED:MELON"": 20, ""BUY_SEED:STRAWBERRY"": 37, ""BUY_SEED:WHEAT"": 32, ""SELL:CARROT"": 27, ""SELL:FERTILIZER"": 274, ""SELL:MELON"": 119, ""SELL:MILK"": 239, ""SELL:STRAWBERRY"": 124, ""SELL:WHEAT"": 391, ""SELL:WOOL"": 64}",v008_current,starter
2026,0,136263.0,3493.0,132770.0,win,DONE,DONE,1,719,0,0,0.7968,1.4193500000000003,1.7532860000000041,2.2765,3.0076885000162292,0,0,"[{""distance"": 0.0, ""mode"": ""current"", ""route"": 6, ""step"": 0}, {""distance"": 39.6756, ""mode"": ""current"", ""route"": 1, ""step"": 24}, {""distance"": 39.8036, ""mode"": ""current"", ""route"": 2, ""step"": 48}, {""distance"": 39.875400000000006, ""mode"": ""current"", ""route"": 2, ""step"": 72}, {""distance"": 46.439, ""mode"": ""current"", ""route"": 4, ""step"": 96}, {""distance"": 43.6506, ""mode"": ""current"", ""route"": 4, ""step"": 120}, {""distance"": 43.913199999999996, ""mode"": ""current"", ""route"": 4, ""step"": 144}, {""distance"": 45.44840000000001, ""mode"": ""current"", ""route"": 3, ""step"": 168}, {""distance"": 65.51079999999999, ""mode"": ""current"", ""route"": 1, ""step"": 192}, {""distance"": 69.76700000000001, ""mode"": ""current"", ""route"": 1, ""step"": 216}, {""distance"": 70.88320000000002, ""mode"": ""current"", ""route"": 1, ""step"": 240}, {""distance"": 70.9906, ""mode"": ""current"", ""route"": 0, ""step"": 264}, {""distance"": 89.21659999999999, ""mode"": ""current"", ""route"": 0, ""step"": 288}, {""distance"": 94.90360000000001, ""mode"": ""current"", ""route"": 1, ""step"": 312}, {""distance"": 105.75259999999999, ""mode"": ""current"", ""route"": 3, ""step"": 336}, {""distance"": 105.84519999999999, ""mode"": ""current"", ""route"": 1, ""step"": 360}, {""distance"": 116.3056, ""mode"": ""current"", ""route"": 0, ""step"": 384}, {""distance"": 111.70240000000001, ""mode"": ""current"", ""route"": 1, ""step"": 408}, {""distance"": 118.5276, ""mode"": ""current"", ""route"": 5, ""step"": 432}, {""distance"": 119.8396, ""mode"": ""current"", ""route"": 5, ""step"": 456}, {""distance"": 119.80820000000001, ""mode"": ""current"", ""route"": 3, ""step"": 480}, {""distance"": 125.2946, ""mode"": ""current"", ""route"": 3, ""step"": 504}, {""distance"": 116.5142, ""mode"": ""current"", ""route"": 3, ""step"": 528}, {""distance"": 125.41219999999998, ""mode"": ""current"", ""route"": 3, ""step"": 552}, {""distance"": 118.82220000000002, ""mode"": ""current"", ""route"": 3, ""step"": 576}, {""distance"": 127.43299999999999, ""mode"": ""current"", ""route"": 1, ""step"": 600}, {""distance"": 118.0716, ""mode"": ""current"", ""route"": 3, ""step"": 624}, {""distance"": 115.4974, ""mode"": ""current"", ""route"": 3, ""step"": 648}, {""distance"": 98.51, ""mode"": ""current"", ""route"": 3, ""step"": 672}, {""distance"": 99.85740000000001, ""mode"": ""current"", ""route"": 2, ""step"": 696}]","{""0"": 98.0, ""1"": 87.0, ""10"": 10761.0, ""11"": 12261.0, ""12"": 12339.0, ""13"": 17249.0, ""14"": 20508.0, ""15"": 23425.0, ""16"": 26801.0, ""17"": 31634.0, ""18"": 34780.0, ""19"": 45856.0, ""2"": 91.0, ""20"": 61046.0, ""21"": 70844.0, ""22"": 79342.0, ""23"": 85416.0, ""24"": 87988.0, ""25"": 98269.0, ""26"": 108969.0, ""27"": 116530.0, ""28"": 131349.0, ""3"": 107.0, ""4"": 81.0, ""5"": 255.0, ""6"": 731.0, ""7"": 104.0, ""8"": 263.0, ""9"": 1396.0}","{""BUILD_PASTURE"": 12, ""CARE"": 242, ""COLLECT_FERTILIZER"": 267, ""DIG"": 17, ""DROP"": 88, ""EAST"": 900, ""FEED"": 263, ""HARVEST"": 202, ""NORTH"": 1334, ""PASS"": 1661, ""PICKUP"": 69, ""PLACE"": 12, ""PLANT"": 107, ""SOUTH"": 1015, ""WATER"": 753, ""WEST"": 1128}","{""BUY_ANIMAL"": 7, ""BUY_LAND"": 2, ""BUY_PRODUCT"": 206, ""BUY_SEED"": 56, ""HIRE"": 325, ""SELL"": 197}","{""BUY_ANIMAL:COW"": 5, ""BUY_ANIMAL:SHEEP"": 7, ""BUY_PRODUCT:WHEAT"": 537, ""BUY_SEED:CARROT"": 12, ""BUY_SEED:MELON"": 20, ""BUY_SEED:STRAWBERRY"": 37, ""BUY_SEED:WHEAT"": 41, ""SELL:CARROT"": 30, ""SELL:FERTILIZER"": 267, ""SELL:MELON"": 119, ""SELL:MILK"": 131, ""SELL:STRAWBERRY"": 127, ""SELL:WHEAT"": 407, ""SELL:WOOL"": 178}",v008_current,starter
2026,1,135325.0,3493.0,131832.0,win,DONE,DONE,1,719,0,0,0.8292,1.6563200000000005,2.0950840000000026,2.4904,2.959613100014394,0,0,"[{""distance"": 0.0, ""mode"": ""current"", ""route"": 6, ""step"": 0}, {""distance"": 39.6756, ""mode"": ""current"", ""route"": 1, ""step"": 24}, {""distance"": 39.8036, ""mode"": ""current"", ""route"": 2, ""step"": 48}, {""distance"": 39.875400000000006, ""mode"": ""current"", ""route"": 2, ""step"": 72}, {""distance"": 46.439, ""mode"": ""current"", ""route"": 4, ""step"": 96}, {""distance"": 43.6506, ""mode"": ""current"", ""route"": 4, ""step"": 120}, {""distance"": 43.913199999999996, ""mode"": ""current"", ""route"": 4, ""step"": 144}, {""distance"": 45.44840000000001, ""mode"": ""current"", ""route"": 3, ""step"": 168}, {""distance"": 65.51079999999999, ""mode"": ""current"", ""route"": 1, ""step"": 192}, {""distance"": 69.76700000000001, ""mode"": ""current"", ""route"": 1, ""step"": 216}, {""distance"": 70.88320000000002, ""mode"": ""current"", ""route"": 1, ""step"": 240}, {""distance"": 71.4906, ""mode"": ""current"", ""route"": 0, ""step"": 264}, {""distance"": 88.21659999999999, ""mode"": ""current"", ""route"": 0, ""step"": 288}, {""distance"": 96.20360000000001, ""mode"": ""current"", ""route"": 1, ""step"": 312}, {""distance"": 104.95259999999999, ""mode"": ""current"", ""route"": 3, ""step"": 336}, {""distance"": 108.34519999999999, ""mode"": ""current"", ""route"": 1, ""step"": 360}, {""distance"": 116.44699999999999, ""mode"": ""current"", ""route"": 1, ""step"": 384}, {""distance"": 111.60040000000001, ""mode"": ""current"", ""route"": 1, ""step"": 408}, {""distance"": 119.6214, ""mode"": ""current"", ""route"": 5, ""step"": 432}, {""distance"": 118.76440000000001, ""mode"": ""current"", ""route"": 5, ""step"": 456}, {""distance"": 120.62079999999999, ""mode"": ""current"", ""route"": 5, ""step"": 480}, {""distance"": 122.48780000000002, ""mode"": ""current"", ""route"": 3, ""step"": 504}, {""distance"": 116.45480000000002, ""mode"": ""current"", ""route"": 3, ""step"": 528}, {""distance"": 122.37, ""mode"": ""current"", ""route"": 3, ""step"": 552}, {""distance"": 121.2734, ""mode"": ""current"", ""route"": 3, ""step"": 576}, {""distance"": 125.35079999999999, ""mode"": ""current"", ""route"": 3, ""step"": 600}, {""distance"": 119.2174, ""mode"": ""current"", ""route"": 3, ""step"": 624}, {""distance"": 110.9272, ""mode"": ""current"", ""route"": 7, ""step"": 648}, {""distance"": 92.2052, ""mode"": ""current"", ""route"": 3, ""step"": 672}, {""distance"": 99.535, ""mode"": ""current"", ""route"": 2, ""step"": 696}]","{""0"": 98.0, ""1"": 87.0, ""10"": 10761.0, ""11"": 12261.0, ""12"": 12339.0, ""13"": 17249.0, ""14"": 20468.0, ""15"": 23384.0, ""16"": 26853.0, ""17"": 31603.0, ""18"": 33356.0, ""19"": 40289.0, ""2"": 91.0, ""20"": 58512.0, ""21"": 66501.0, ""22"": 76326.0, ""23"": 82272.0, ""24"": 86940.0, ""25"": 95440.0, ""26"": 105159.0, ""27"": 116154.0, ""28"": 131413.0, ""3"": 107.0, ""4"": 81.0, ""5"": 255.0, ""6"": 731.0, ""7"": 104.0, ""8"": 263.0, ""9"": 1396.0}","{""BUILD_PASTURE"": 12, ""CARE"": 245, ""COLLECT_FERTILIZER"": 273, ""DIG"": 17, ""DROP"": 79, ""EAST"": 903, ""FEED"": 260, ""HARVEST"": 201, ""NORTH"": 1300, ""PASS"": 1670, ""PICKUP"": 69, ""PLACE"": 12, ""PLANT"": 106, ""SOUTH"": 995, ""WATER"": 759, ""WEST"": 1120}","{""BUY_ANIMAL"": 7, ""BUY_LAND"": 2, ""BUY_PRODUCT"": 200, ""BUY_SEED"": 56, ""HIRE"": 323, ""SELL"": 193}","{""BUY_ANIMAL:COW"": 5, ""BUY_ANIMAL:SHEEP"": 7, ""BUY_PRODUCT:WHEAT"": 523, ""BUY_SEED:CARROT"": 13, ""BUY_SEED:MELON"": 20, ""BUY_SEED:STRAWBERRY"": 37, ""BUY_SEED:WHEAT"": 39, ""SELL:CARROT"": 33, ""SELL:FERTILIZER"": 273, ""SELL:MELON"": 119, ""SELL:MILK"": 126, ""SELL:STRAWBERRY"": 127, ""SELL:WHEAT"": 393, ""SELL:WOOL"": 176}",v008_current,starter
17,0,132055.0,0.0,132055.0,win,DONE,DONE,1,719,0,0,0.8027,1.4623700000000004,1.7997720000000013,159.4675,3.0703692999959458,0,0,"[{""distance"": 0.0, ""mode"": ""current"", ""route"": 6, ""step"": 0}, {""distance"": 39.775600000000004, ""mode"": ""current"", ""route"": 1, ""step"": 24}, {""distance"": 37.7066, ""mode"": ""current"", ""route"": 0, ""step"": 48}, {""distance"": 38.875400000000006, ""mode"": ""current"", ""route"": 1, ""step"": 72}, {""distance"": 46.299, ""mode"": ""current"", ""route"": 4, ""step"": 96}, {""distance"": 43.0506, ""mode"": ""current"", ""route"": 4, ""step"": 120}, {""distance"": 43.7732, ""mode"": ""current"", ""route"": 4, ""step"": 144}, {""distance"": 45.4268, ""mode"": ""current"", ""route"": 3, ""step"": 168}, {""distance"": 53.9022, ""mode"": ""current"", ""route"": 0, ""step"": 192}, {""distance"": 62.682, ""mode"": ""current"", ""route"": 3, ""step"": 216}, {""distance"": 73.4612, ""mode"": ""current"", ""route"": 1, ""step"": 240}, {""distance"": 74.16499999999999, ""mode"": ""current"", ""route"": 0, ""step"": 264}, {""distance"": 91.02059999999999, ""mode"": ""current"", ""route"": 1, ""step"": 288}, {""distance"": 100.6094, ""mode"": ""current"", ""route"": 1, ""step"": 312}, {""distance"": 110.13099999999999, ""mode"": ""current"", ""route"": 3, ""step"": 336}, {""distance"": 106.58279999999999, ""mode"": ""current"", ""route"": 1, ""step"": 360}, {""distance"": 111.88060000000002, ""mode"": ""current"", ""route"": 0, ""step"": 384}, {""distance"": 109.9896, ""mode"": ""current"", ""route"": 1, ""step"": 408}, {""distance"": 118.812, ""mode"": ""current"", ""route"": 5, ""step"": 432}, {""distance"": 116.41619999999999, ""mode"": ""current"", ""route"": 5, ""step"": 456}, {""distance"": 115.906, ""mode"": ""current"", ""route"": 3, ""step"": 480}, {""distance"": 120.77340000000001, ""mode"": ""current"", ""route"": 3, ""step"": 504}, {""distance"": 118.9036, ""mode"": ""current"", ""route"": 3, ""step"": 528}, {""distance"": 125.7656, ""mode"": ""current"", ""route"": 3, ""step"": 552}, {""distance"": 124.1542, ""mode"": ""current"", ""route"": 3, ""step"": 576}, {""distance"": 123.0834, ""mode"": ""current"", ""route"": 3, ""step"": 600}, {""distance"": 123.747, ""mode"": ""current"", ""route"": 3, ""step"": 624}, {""distance"": 116.6916, ""mode"": ""current"", ""route"": 7, ""step"": 648}, {""distance"": 109.43240000000002, ""mode"": ""current"", ""route"": 3, ""step"": 672}, {""distance"": 115.8286, ""mode"": ""current"", ""route"": 2, ""step"": 696}]","{""0"": 98.0, ""1"": 87.0, ""10"": 8297.0, ""11"": 12854.0, ""12"": 12672.0, ""13"": 17741.0, ""14"": 20980.0, ""15"": 22498.0, ""16"": 26105.0, ""17"": 30536.0, ""18"": 34050.0, ""19"": 41185.0, ""2"": 91.0, ""20"": 58440.0, ""21"": 63990.0, ""22"": 71704.0, ""23"": 77734.0, ""24"": 87577.0, ""25"": 95992.0, ""26"": 106437.0, ""27"": 114318.0, ""28"": 128393.0, ""3"": 107.0, ""4"": 81.0, ""5"": 255.0, ""6"": 739.0, ""7"": 178.0, ""8"": 1336.0, ""9"": 1786.0}","{""BUILD_PASTURE"": 12, ""CARE"": 246, ""COLLECT_FERTILIZER"": 275, ""DIG"": 10, ""DROP"": 84, ""EAST"": 901, ""FEED"": 263, ""HARVEST"": 198, ""NORTH"": 1276, ""PASS"": 1614, ""PICKUP"": 67, ""PLACE"": 12, ""PLANT"": 104, ""SOUTH"": 995, ""WATER"": 765, ""WEST"": 1135}","{""BUY_ANIMAL"": 7, ""BUY_LAND"": 2, ""BUY_PRODUCT"": 208, ""BUY_SEED"": 56, ""HIRE"": 320, ""SELL"": 195}","{""BUY_ANIMAL:COW"": 5, ""BUY_ANIMAL:SHEEP"": 7, ""BUY_PRODUCT:WHEAT"": 529, ""BUY_SEED:CARROT"": 14, ""BUY_SEED:MELON"": 20, ""BUY_SEED:STRAWBERRY"": 37, ""BUY_SEED:WHEAT"": 37, ""SELL:CARROT"": 35, ""SELL:FERTILIZER"": 275, ""SELL:MELON"": 118, ""SELL:MILK"": 131, ""SELL:STRAWBERRY"": 125, ""SELL:WHEAT"": 395, ""SELL:WOOL"": 171}",v008_current,random
17,1,140098.0,0.0,140098.0,win,DONE,DONE,1,719,0,0,0.7911,1.46798,1.729648,170.2017,3.06408179999562,0,0,"[{""distance"": 0.0, ""mode"": ""current"", ""route"": 6, ""step"": 0}, {""distance"": 39.275600000000004, ""mode"": ""current"", ""route"": 1, ""step"": 24}, {""distance"": 39.7066, ""mode"": ""current"", ""route"": 0, ""step"": 48}, {""distance"": 40.47540000000001, ""mode"": ""current"", ""route"": 1, ""step"": 72}, {""distance"": 45.039, ""mode"": ""current"", ""route"": 4, ""step"": 96}, {""distance"": 43.6506, ""mode"": ""current"", ""route"": 4, ""step"": 120}, {""distance"": 44.0132, ""mode"": ""current"", ""route"": 4, ""step"": 144}, {""distance"": 45.04800000000001, ""mode"": ""current"", ""route"": 3, ""step"": 168}, {""distance"": 55.361, ""mode"": ""current"", ""route"": 3, ""step"": 192}, {""distance"": 72.004, ""mode"": ""current"", ""route"": 3, ""step"": 216}, {""distance"": 73.7218, ""mode"": ""current"", ""route"": 1, ""step"": 240}, {""distance"": 92.4496, ""mode"": ""current"", ""route"": 0, ""step"": 264}, {""distance"": 93.73079999999999, ""mode"": ""current"", ""route"": 0, ""step"": 288}, {""distance"": 95.4058, ""mode"": ""current"", ""route"": 0, ""step"": 312}, {""distance"": 106.8128, ""mode"": ""current"", ""route"": 3, ""step"": 336}, {""distance"": 101.5648, ""mode"": ""current"", ""route"": 1, ""step"": 360}, {""distance"": 107.37500000000001, ""mode"": ""current"", ""route"": 0, ""step"": 384}, {""distance"": 104.4152, ""mode"": ""current"", ""route"": 0, ""step"": 408}, {""distance"": 113.747, ""mode"": ""current"", ""route"": 0, ""step"": 432}, {""distance"": 113.7888, ""mode"": ""current"", ""route"": 0, ""step"": 456}, {""distance"": 111.54359999999998, ""mode"": ""current"", ""route"": 3, ""step"": 480}, {""distance"": 119.3946, ""mode"": ""current"", ""route"": 3, ""step"": 504}, {""distance"": 111.79880000000001, ""mode"": ""current"", ""route"": 0, ""step"": 528}, {""distance"": 124.119, ""mode"": ""current"", ""route"": 0, ""step"": 552}, {""distance"": 120.08020000000002, ""mode"": ""current"", ""route"": 0, ""step"": 576}, {""distance"": 122.33579999999999, ""mode"": ""current"", ""route"": 3, ""step"": 600}, {""distance"": 121.50980000000001, ""mode"": ""current"", ""route"": 3, ""step"": 624}, {""distance"": 121.97500000000001, ""mode"": ""current"", ""route"": 3, ""step"": 648}, {""distance"": 99.63159999999999, ""mode"": ""current"", ""route"": 3, ""step"": 672}, {""distance"": 99.0754, ""mode"": ""current"", ""route"": 2, ""step"": 696}]","{""0"": 98.0, ""1"": 87.0, ""10"": 16020.0, ""11"": 13580.0, ""12"": 13401.0, ""13"": 18750.0, ""14"": 21870.0, ""15"": 23672.0, ""16"": 31015.0, ""17"": 33343.0, ""18"": 35908.0, ""19"": 48978.0, ""2"": 91.0, ""20"": 63446.0, ""21"": 67895.0, ""22"": 83595.0, ""23"": 87246.0, ""24"": 91873.0, ""25"": 97778.0, ""26"": 109599.0, ""27"": 118673.0, ""28"": 135211.0, ""3"": 107.0, ""4"": 81.0, ""5"": 255.0, ""6"": 733.0, ""7"": 165.0, ""8"": 506.0, ""9"": 1989.0}","{""BUILD_PASTURE"": 12, ""CARE"": 241, ""COLLECT_FERTILIZER"": 273, ""DIG"": 16, ""DROP"": 95, ""EAST"": 924, ""FEED"": 258, ""HARVEST"": 209, ""NORTH"": 1373, ""PASS"": 1569, ""PICKUP"": 64, ""PLACE"": 12, ""PLANT"": 107, ""SOUTH"": 1009, ""WATER"": 742, ""WEST"": 1125}","{""BUY_ANIMAL"": 7, ""BUY_LAND"": 2, ""BUY_PRODUCT"": 219, ""BUY_SEED"": 53, ""HIRE"": 323, ""SELL"": 201}","{""BUY_ANIMAL:COW"": 7, ""BUY_ANIMAL:SHEEP"": 5, ""BUY_PRODUCT:WHEAT"": 606, ""BUY_SEED:CARROT"": 12, ""BUY_SEED:MELON"": 20, ""BUY_SEED:STRAWBERRY"": 37, ""BUY_SEED:WHEAT"": 38, ""SELL:CARROT"": 33, ""SELL:FERTILIZER"": 273, ""SELL:MELON"": 119, ""SELL:MILK"": 178, ""SELL:STRAWBERRY"": 128, ""SELL:WHEAT"": 467, ""SELL:WOOL"": 132}",v008_current,random
42,0,127673.0,0.0,127673.0,win,DONE,DONE,1,719,0,0,0.8066,1.44954,1.727532000000001,2.0783,3.0480297000030987,0,0,"[{""distance"": 0.0, ""mode"": ""current"", ""route"": 6, ""step"": 0}, {""distance"": 39.257600000000004, ""mode"": ""current"", ""route"": 0, ""step"": 24}, {""distance"": 39.3066, ""mode"": ""current"", ""route"": 0, ""step"": 48}, {""distance"": 39.5754, ""mode"": ""current"", ""route"": 1, ""step"": 72}, {""distance"": 46.4186, ""mode"": ""current"", ""route"": 2, ""step"": 96}, {""distance"": 43.53719999999999, ""mode"": ""current"", ""route"": 7, ""step"": 120}, {""distance"": 43.8556, ""mode"": ""current"", ""route"": 2, ""step"": 144}, {""distance"": 44.505, ""mode"": ""current"", ""route"": 3, ""step"": 168}, {""distance"": 57.314600000000006, ""mode"": ""current"", ""route"": 3, ""step"": 192}, {""distance"": 68.0032, ""mode"": ""current"", ""route"": 3, ""step"": 216}, {""distance"": 68.701, ""mode"": ""current"", ""route"": 1, ""step"": 240}, {""distance"": 69.429, ""mode"": ""current"", ""route"": 0, ""step"": 264}, {""distance"": 91.07600000000001, ""mode"": ""current"", ""route"": 0, ""step"": 288}, {""distance"": 97.55460000000001, ""mode"": ""current"", ""route"": 1, ""step"": 312}, {""distance"": 108.1494, ""mode"": ""current"", ""route"": 3, ""step"": 336}, {""distance"": 105.9514, ""mode"": ""current"", ""route"": 1, ""step"": 360}, {""distance"": 112.0848, ""mode"": ""current"", ""route"": 0, ""step"": 384}, {""distance"": 110.5078, ""mode"": ""current"", ""route"": 1, ""step"": 408}, {""distance"": 117.51119999999999, ""mode"": ""current"", ""route"": 6, ""step"": 432}, {""distance"": 114.267, ""mode"": ""current"", ""route"": 5, ""step"": 456}, {""distance"": 118.92859999999999, ""mode"": ""current"", ""route"": 3, ""step"": 480}, {""distance"": 119.82079999999999, ""mode"": ""current"", ""route"": 3, ""step"": 504}, {""distance"": 120.82459999999999, ""mode"": ""current"", ""route"": 3, ""step"": 528}, {""distance"": 124.51299999999999, ""mode"": ""current"", ""route"": 3, ""step"": 552}, {""distance"": 128.3844, ""mode"": ""current"", ""route"": 3, ""step"": 576}, {""distance"": 134.0108, ""mode"": ""current"", ""route"": 1, ""step"": 600}, {""distance"": 129.07780000000002, ""mode"": ""current"", ""route"": 3, ""step"": 624}, {""distance"": 116.8328, ""mode"": ""current"", ""route"": 3, ""step"": 648}, {""distance"": 98.25099999999999, ""mode"": ""current"", ""route"": 3, ""step"": 672}, {""distance"": 101.89, ""mode"": ""current"", ""route"": 3, ""step"": 696}]","{""0"": 98.0, ""1"": 87.0, ""10"": 7817.0, ""11"": 12196.0, ""12"": 12086.0, ""13"": 17133.0, ""14"": 18678.0, ""15"": 20132.0, ""16"": 24674.0, ""17"": 29060.0, ""18"": 33643.0, ""19"": 39672.0, ""2"": 91.0, ""20"": 57265.0, ""21"": 62850.0, ""22"": 71841.0, ""23"": 76683.0, ""24"": 80099.0, ""25"": 88538.0, ""26"": 100110.0, ""27"": 109225.0, ""28"": 122679.0, ""3"": 107.0, ""4"": 110.0, ""5"": 256.0, ""6"": 748.0, ""7"": 97.0, ""8"": 110.0, ""9"": 1585.0}","{""BUILD_PASTURE"": 12, ""CARE"": 234, ""COLLECT_FERTILIZER"": 274, ""DIG"": 20, ""DROP"": 83, ""EAST"": 951, ""FEED"": 264, ""HARVEST"": 203, ""NORTH"": 1352, ""PASS"": 1550, ""PICKUP"": 67, ""PLACE"": 12, ""PLANT"": 107, ""SOUTH"": 964, ""WATER"": 771, ""WEST"": 1140}","{""BUY_ANIMAL"": 7, ""BUY_LAND"": 2, ""BUY_PRODUCT"": 205, ""BUY_SEED"": 56, ""HIRE"": 322, ""SELL"": 202}","{""BUY_ANIMAL:COW"": 5, ""BUY_ANIMAL:SHEEP"": 7, ""BUY_PRODUCT:WHEAT"": 532, ""BUY_SEED:CARROT"": 12, ""BUY_SEED:MELON"": 20, ""BUY_SEED:STRAWBERRY"": 37, ""BUY_SEED:WHEAT"": 39, ""SELL:CARROT"": 33, ""SELL:FERTILIZER"": 274, ""SELL:MELON"": 119, ""SELL:MILK"": 138, ""SELL:STRAWBERRY"": 128, ""SELL:WHEAT"": 407, ""SELL:WOOL"": 158}",v008_current,random
42,1,137895.0,0.0,137895.0,win,DONE,DONE,1,719,0,0,0.7848,1.37792,1.719332,1.9694,3.0715612999920268,0,0,"[{""distance"": 0.0, ""mode"": ""current"", ""route"": 6, ""step"": 0}, {""distance"": 39.6756, ""mode"": ""current"", ""route"": 1, ""step"": 24}, {""distance"": 39.7066, ""mode"": ""current"", ""route"": 0, ""step"": 48}, {""distance"": 39.5754, ""mode"": ""current"", ""route"": 1, ""step"": 72}, {""distance"": 45.919, ""mode"": ""current"", ""route"": 4, ""step"": 96}, {""distance"": 43.1448, ""mode"": ""current"", ""route"": 4, ""step"": 120}, {""distance"": 43.373, ""mode"": ""current"", ""route"": 4, ""step"": 144}, {""distance"": 44.78640000000001, ""mode"": ""current"", ""route"": 3, ""step"": 168}, {""distance"": 64.7068, ""mode"": ""current"", ""route"": 1, ""step"": 192}, {""distance"": 74.699, ""mode"": ""current"", ""route"": 1, ""step"": 216}, {""distance"": 70.6162, ""mode"": ""current"", ""route"": 1, ""step"": 240}, {""distance"": 74.5426, ""mode"": ""current"", ""route"": 0, ""step"": 264}, {""distance"": 102.66120000000001, ""mode"": ""current"", ""route"": 3, ""step"": 288}, {""distance"": 103.74380000000001, ""mode"": ""current"", ""route"": 3, ""step"": 312}, {""distance"": 107.81439999999999, ""mode"": ""current"", ""route"": 3, ""step"": 336}, {""distance"": 109.146, ""mode"": ""current"", ""route"": 1, ""step"": 360}, {""distance"": 114.3966, ""mode"": ""current"", ""route"": 0, ""step"": 384}, {""distance"": 105.5458, ""mode"": ""current"", ""route"": 0, ""step"": 408}, {""distance"": 115.9392, ""mode"": ""current"", ""route"": 0, ""step"": 432}, {""distance"": 118.90319999999998, ""mode"": ""current"", ""route"": 0, ""step"": 456}, {""distance"": 116.9912, ""mode"": ""current"", ""route"": 0, ""step"": 480}, {""distance"": 122.71340000000001, ""mode"": ""current"", ""route"": 0, ""step"": 504}, {""distance"": 117.29299999999999, ""mode"": ""current"", ""route"": 0, ""step"": 528}, {""distance"": 123.345, ""mode"": ""current"", ""route"": 0, ""step"": 552}, {""distance"": 128.6694, ""mode"": ""current"", ""route"": 0, ""step"": 576}, {""distance"": 134.072, ""mode"": ""current"", ""route"": 0, ""step"": 600}, {""distance"": 126.1758, ""mode"": ""current"", ""route"": 0, ""step"": 624}, {""distance"": 115.4272, ""mode"": ""current"", ""route"": 0, ""step"": 648}, {""distance"": 102.24340000000001, ""mode"": ""current"", ""route"": 0, ""step"": 672}, {""distance"": 113.75519999999999, ""mode"": ""current"", ""route"": 2, ""step"": 696}]","{""0"": 98.0, ""1"": 87.0, ""10"": 10285.0, ""11"": 12802.0, ""12"": 12472.0, ""13"": 17758.0, ""14"": 18064.0, ""15"": 19816.0, ""16"": 25268.0, ""17"": 31104.0, ""18"": 35780.0, ""19"": 44338.0, ""2"": 91.0, ""20"": 60464.0, ""21"": 74966.0, ""22"": 79025.0, ""23"": 84592.0, ""24"": 92062.0, ""25"": 98893.0, ""26"": 108816.0, ""27"": 121800.0, ""28"": 134360.0, ""3"": 107.0, ""4"": 110.0, ""5"": 256.0, ""6"": 741.0, ""7"": 224.0, ""8"": 503.0, ""9"": 1698.0}","{""BUILD_PASTURE"": 12, ""CARE"": 231, ""COLLECT_FERTILIZER"": 272, ""DIG"": 17, ""DROP"": 92, ""EAST"": 913, ""FEED"": 259, ""HARVEST"": 204, ""NORTH"": 1321, ""PASS"": 1678, ""PICKUP"": 68, ""PLACE"": 12, ""PLANT"": 103, ""SOUTH"": 935, ""WATER"": 733, ""WEST"": 1138}","{""BUY_ANIMAL"": 7, ""BUY_LAND"": 2, ""BUY_PRODUCT"": 204, ""BUY_SEED"": 47, ""HIRE"": 321, ""SELL"": 191}","{""BUY_ANIMAL:COW"": 9, ""BUY_ANIMAL:SHEEP"": 3, ""BUY_PRODUCT:WHEAT"": 520, ""BUY_SEED:CARROT"": 12, ""BUY_SEED:MELON"": 20, ""BUY_SEED:STRAWBERRY"": 37, ""BUY_SEED:WHEAT"": 34, ""SELL:CARROT"": 36, ""SELL:FERTILIZER"": 272, ""SELL:MELON"": 120, ""SELL:MILK"": 226, ""SELL:STRAWBERRY"": 124, ""SELL:WHEAT"": 377, ""SELL:WOOL"": 76}",v008_current,random
2026,0,138737.0,0.0,138737.0,win,DONE,DONE,1,719,0,0,0.7934,1.45768,1.7862520000000033,1.9095,3.1057003999885637,0,0,"[{""distance"": 0.0, ""mode"": ""current"", ""route"": 6, ""step"": 0}, {""distance"": 39.775600000000004, ""mode"": ""current"", ""route"": 1, ""step"": 24}, {""distance"": 40.8066, ""mode"": ""current"", ""route"": 0, ""step"": 48}, {""distance"": 40.5754, ""mode"": ""current"", ""route"": 1, ""step"": 72}, {""distance"": 46.539, ""mode"": ""current"", ""route"": 4, ""step"": 96}, {""distance"": 43.7506, ""mode"": ""current"", ""route"": 4, ""step"": 120}, {""distance"": 44.1132, ""mode"": ""current"", ""route"": 4, ""step"": 144}, {""distance"": 45.428200000000004, ""mode"": ""current"", ""route"": 3, ""step"": 168}, {""distance"": 55.6394, ""mode"": ""current"", ""route"": 3, ""step"": 192}, {""distance"": 63.5994, ""mode"": ""current"", ""route"": 3, ""step"": 216}, {""distance"": 70.65599999999999, ""mode"": ""current"", ""route"": 1, ""step"": 240}, {""distance"": 71.09039999999999, ""mode"": ""current"", ""route"": 0, ""step"": 264}, {""distance"": 99.39959999999999, ""mode"": ""current"", ""route"": 0, ""step"": 288}, {""distance"": 93.36500000000001, ""mode"": ""current"", ""route"": 0, ""step"": 312}, {""distance"": 103.4116, ""mode"": ""current"", ""route"": 3, ""step"": 336}, {""distance"": 106.02359999999999, ""mode"": ""current"", ""route"": 1, ""step"": 360}, {""distance"": 114.3214, ""mode"": ""current"", ""route"": 1, ""step"": 384}, {""distance"": 109.69500000000001, ""mode"": ""current"", ""route"": 1, ""step"": 408}, {""distance"": 110.7492, ""mode"": ""current"", ""route"": 0, ""step"": 432}, {""distance"": 113.12339999999999, ""mode"": ""current"", ""route"": 0, ""step"": 456}, {""distance"": 111.3026, ""mode"": ""current"", ""route"": 3, ""step"": 480}, {""distance"": 117.08339999999998, ""mode"": ""current"", ""route"": 3, ""step"": 504}, {""distance"": 112.81519999999999, ""mode"": ""current"", ""route"": 0, ""step"": 528}, {""distance"": 123.4222, ""mode"": ""current"", ""route"": 3, ""step"": 552}, {""distance"": 120.9394, ""mode"": ""current"", ""route"": 0, ""step"": 576}, {""distance"": 121.07260000000001, ""mode"": ""current"", ""route"": 1, ""step"": 600}, {""distance"": 114.8668, ""mode"": ""current"", ""route"": 3, ""step"": 624}, {""distance"": 110.8626, ""mode"": ""current"", ""route"": 7, ""step"": 648}, {""distance"": 91.5604, ""mode"": ""current"", ""route"": 3, ""step"": 672}, {""distance"": 99.2826, ""mode"": ""current"", ""route"": 2, ""step"": 696}]","{""0"": 98.0, ""1"": 87.0, ""10"": 10524.0, ""11"": 13476.0, ""12"": 13259.0, ""13"": 21144.0, ""14"": 21476.0, ""15"": 25904.0, ""16"": 30727.0, ""17"": 33254.0, ""18"": 33781.0, ""19"": 39843.0, ""2"": 91.0, ""20"": 60390.0, ""21"": 66577.0, ""22"": 76187.0, ""23"": 82242.0, ""24"": 88490.0, ""25"": 94493.0, ""26"": 104782.0, ""27"": 117631.0, ""28"": 134483.0, ""3"": 107.0, ""4"": 81.0, ""5"": 255.0, ""6"": 732.0, ""7"": 173.0, ""8"": 1623.0, ""9"": 2060.0}","{""BUILD_PASTURE"": 12, ""CARE"": 245, ""COLLECT_FERTILIZER"": 274, ""DIG"": 16, ""DROP"": 91, ""EAST"": 916, ""FEED"": 255, ""HARVEST"": 207, ""NORTH"": 1324, ""PASS"": 1588, ""PICKUP"": 70, ""PLACE"": 12, ""PLANT"": 108, ""SOUTH"": 979, ""WATER"": 756, ""WEST"": 1133}","{""BUY_ANIMAL"": 7, ""BUY_LAND"": 2, ""BUY_PRODUCT"": 190, ""BUY_SEED"": 59, ""HIRE"": 321, ""SELL"": 202}","{""BUY_ANIMAL:COW"": 7, ""BUY_ANIMAL:SHEEP"": 5, ""BUY_PRODUCT:WHEAT"": 506, ""BUY_SEED:CARROT"": 12, ""BUY_SEED:MELON"": 20, ""BUY_SEED:STRAWBERRY"": 37, ""BUY_SEED:WHEAT"": 42, ""SELL:CARROT"": 30, ""SELL:FERTILIZER"": 274, ""SELL:MELON"": 119, ""SELL:MILK"": 172, ""SELL:STRAWBERRY"": 126, ""SELL:WHEAT"": 392, ""SELL:WOOL"": 132}",v008_current,random
2026,1,133210.0,0.0,133210.0,win,DONE,DONE,1,719,0,0,0.7796,1.49609,1.7317680000000006,1.9808,2.8684913000033703,0,0,"[{""distance"": 0.0, ""mode"": ""current"", ""route"": 6, ""step"": 0}, {""distance"": 39.275600000000004, ""mode"": ""current"", ""route"": 1, ""step"": 24}, {""distance"": 39.7066, ""mode"": ""current"", ""route"": 0, ""step"": 48}, {""distance"": 39.97540000000001, ""mode"": ""current"", ""route"": 1, ""step"": 72}, {""distance"": 46.339, ""mode"": ""current"", ""route"": 4, ""step"": 96}, {""distance"": 43.2506, ""mode"": ""current"", ""route"": 4, ""step"": 120}, {""distance"": 43.6132, ""mode"": ""current"", ""route"": 4, ""step"": 144}, {""distance"": 45.04800000000001, ""mode"": ""current"", ""route"": 3, ""step"": 168}, {""distance"": 55.361, ""mode"": ""current"", ""route"": 3, ""step"": 192}, {""distance"": 70.104, ""mode"": ""current"", ""route"": 3, ""step"": 216}, {""distance"": 72.3218, ""mode"": ""current"", ""route"": 1, ""step"": 240}, {""distance"": 91.491, ""mode"": ""current"", ""route"": 1, ""step"": 264}, {""distance"": 91.643, ""mode"": ""current"", ""route"": 0, ""step"": 288}, {""distance"": 92.7214, ""mode"": ""current"", ""route"": 0, ""step"": 312}, {""distance"": 101.7144, ""mode"": ""current"", ""route"": 3, ""step"": 336}, {""distance"": 101.7546, ""mode"": ""current"", ""route"": 1, ""step"": 360}, {""distance"": 106.46300000000002, ""mode"": ""current"", ""route"": 0, ""step"": 384}, {""distance"": 105.8576, ""mode"": ""current"", ""route"": 0, ""step"": 408}, {""distance"": 111.141, ""mode"": ""current"", ""route"": 5, ""step"": 432}, {""distance"": 111.9688, ""mode"": ""current"", ""route"": 5, ""step"": 456}, {""distance"": 111.3706, ""mode"": ""current"", ""route"": 3, ""step"": 480}, {""distance"": 114.42259999999999, ""mode"": ""current"", ""route"": 3, ""step"": 504}, {""distance"": 109.3566, ""mode"": ""current"", ""route"": 0, ""step"": 528}, {""distance"": 121.48599999999999, ""mode"": ""current"", ""route"": 3, ""step"": 552}, {""distance"": 119.93320000000001, ""mode"": ""current"", ""route"": 0, ""step"": 576}, {""distance"": 119.7112, ""mode"": ""current"", ""route"": 3, ""step"": 600}, {""distance"": 121.7242, ""mode"": ""current"", ""route"": 3, ""step"": 624}, {""distance"": 118.53419999999998, ""mode"": ""current"", ""route"": 7, ""step"": 648}, {""distance"": 91.6722, ""mode"": ""current"", ""route"": 3, ""step"": 672}, {""distance"": 98.60419999999999, ""mode"": ""current"", ""route"": 2, ""step"": 696}]","{""0"": 98.0, ""1"": 87.0, ""10"": 16019.0, ""11"": 13537.0, ""12"": 13378.0, ""13"": 18658.0, ""14"": 21860.0, ""15"": 23651.0, ""16"": 28027.0, ""17"": 32701.0, ""18"": 33934.0, ""19"": 40162.0, ""2"": 91.0, ""20"": 61331.0, ""21"": 62884.0, ""22"": 76306.0, ""23"": 81511.0, ""24"": 87138.0, ""25"": 90506.0, ""26"": 101224.0, ""27"": 112719.0, ""28"": 127717.0, ""3"": 107.0, ""4"": 81.0, ""5"": 255.0, ""6"": 733.0, ""7"": 165.0, ""8"": 506.0, ""9"": 1989.0}","{""BUILD_PASTURE"": 12, ""CARE"": 246, ""COLLECT_FERTILIZER"": 276, ""DIG"": 17, ""DROP"": 94, ""EAST"": 937, ""FEED"": 255, ""HARVEST"": 207, ""NORTH"": 1363, ""PASS"": 1528, ""PICKUP"": 66, ""PLACE"": 12, ""PLANT"": 106, ""SOUTH"": 997, ""WATER"": 743, ""WEST"": 1144}","{""BUY_ANIMAL"": 7, ""BUY_LAND"": 2, ""BUY_PRODUCT"": 210, ""BUY_SEED"": 57, ""HIRE"": 322, ""SELL"": 193}","{""BUY_ANIMAL:COW"": 7, ""BUY_ANIMAL:SHEEP"": 5, ""BUY_PRODUCT:WHEAT"": 579, ""BUY_SEED:CARROT"": 13, ""BUY_SEED:MELON"": 20, ""BUY_SEED:STRAWBERRY"": 37, ""BUY_SEED:WHEAT"": 37, ""SELL:CARROT"": 36, ""SELL:FERTILIZER"": 276, ""SELL:MELON"": 120, ""SELL:MILK"": 173, ""SELL:STRAWBERRY"": 128, ""SELL:WHEAT"": 447, ""SELL:WOOL"": 129}",v008_current,random
17,0,105366.0,149976.0,-44610.0,loss,DONE,DONE,1,719,0,0,0.8013,1.4192200000000001,1.7728080000000022,1.9112,4.31450350000523,0,0,"[{""distance"": 0.0, ""mode"": ""current"", ""route"": 6, ""step"": 0}, {""distance"": 23.657, ""mode"": ""current"", ""route"": 6, ""step"": 24}, {""distance"": 19.3444, ""mode"": ""current"", ""route"": 6, ""step"": 48}, {""distance"": 21.2, ""mode"": ""current"", ""route"": 6, ""step"": 72}, {""distance"": 23.3964, ""mode"": ""current"", ""route"": 6, ""step"": 96}, {""distance"": 19.7312, ""mode"": ""current"", ""route"": 5, ""step"": 120}, {""distance"": 17.326, ""mode"": ""current"", ""route"": 5, ""step"": 144}, {""distance"": 18.0598, ""mode"": ""current"", ""route"": 5, ""step"": 168}, {""distance"": 25.831599999999995, ""mode"": ""current"", ""route"": 5, ""step"": 192}, {""distance"": 31.971000000000004, ""mode"": ""current"", ""route"": 5, ""step"": 216}, {""distance"": 21.4248, ""mode"": ""current"", ""route"": 5, ""step"": 240}, {""distance"": 39.5056, ""mode"": ""current"", ""route"": 7, ""step"": 264}, {""distance"": 40.162000000000006, ""mode"": ""current"", ""route"": 5, ""step"": 288}, {""distance"": 32.724799999999995, ""mode"": ""current"", ""route"": 5, ""step"": 312}, {""distance"": 34.819, ""mode"": ""current"", ""route"": 5, ""step"": 336}, {""distance"": 37.477000000000004, ""mode"": ""current"", ""route"": 4, ""step"": 360}, {""distance"": 36.404999999999994, ""mode"": ""current"", ""route"": 4, ""step"": 384}, {""distance"": 33.0336, ""mode"": ""current"", ""route"": 4, ""step"": 408}, {""distance"": 37.19540000000001, ""mode"": ""current"", ""route"": 0, ""step"": 432}, {""distance"": 32.947599999999994, ""mode"": ""current"", ""route"": 0, ""step"": 456}, {""distance"": 40.550200000000004, ""mode"": ""current"", ""route"": 0, ""step"": 480}, {""distance"": 49.16580000000002, ""mode"": ""current"", ""route"": 4, ""step"": 504}, {""distance"": 51.53760000000001, ""mode"": ""current"", ""route"": 0, ""step"": 528}, {""distance"": 56.85879999999999, ""mode"": ""current"", ""route"": 6, ""step"": 552}, {""distance"": 54.89620000000001, ""mode"": ""current"", ""route"": 6, ""step"": 576}, {""distance"": 63.5254, ""mode"": ""current"", ""route"": 0, ""step"": 600}, {""distance"": 53.8222, ""mode"": ""current"", ""route"": 0, ""step"": 624}, {""distance"": 48.9288, ""mode"": ""current"", ""route"": 0, ""step"": 648}, {""distance"": 29.099800000000005, ""mode"": ""current"", ""route"": 0, ""step"": 672}, {""distance"": 48.579400000000014, ""mode"": ""current"", ""route"": 0, ""step"": 696}]","{""0"": 98.0, ""1"": 94.0, ""10"": 7516.0, ""11"": 13609.0, ""12"": 11602.0, ""13"": 15253.0, ""14"": 16504.0, ""15"": 18572.0, ""16"": 22270.0, ""17"": 25731.0, ""18"": 27726.0, ""19"": 31085.0, ""2"": 81.0, ""20"": 43995.0, ""21"": 51589.0, ""22"": 57221.0, ""23"": 63004.0, ""24"": 65875.0, ""25"": 72203.0, ""26"": 81252.0, ""27"": 88843.0, ""28"": 103061.0, ""3"": 134.0, ""4"": 93.0, ""5"": 399.0, ""6"": 664.0, ""7"": 110.0, ""8"": 1063.0, ""9"": 1611.0}","{""BUILD_PASTURE"": 12, ""CARE"": 229, ""COLLECT_FERTILIZER"": 268, ""DIG"": 17, ""DROP"": 78, ""EAST"": 887, ""FEED"": 252, ""HARVEST"": 200, ""NORTH"": 1286, ""PASS"": 1728, ""PICKUP"": 69, ""PLACE"": 12, ""PLANT"": 105, ""SOUTH"": 940, ""WATER"": 758, ""WEST"": 1114}","{""BUY_ANIMAL"": 7, ""BUY_LAND"": 2, ""BUY_PRODUCT"": 187, ""BUY_SEED"": 47, ""HIRE"": 320, ""SELL"": 182}","{""BUY_ANIMAL:COW"": 9, ""BUY_ANIMAL:SHEEP"": 3, ""BUY_PRODUCT:WHEAT"": 523, ""BUY_SEED:CARROT"": 13, ""BUY_SEED:MELON"": 20, ""BUY_SEED:STRAWBERRY"": 37, ""BUY_SEED:WHEAT"": 37, ""SELL:CARROT"": 33, ""SELL:FERTILIZER"": 268, ""SELL:MELON"": 117, ""SELL:MILK"": 211, ""SELL:STRAWBERRY"": 124, ""SELL:WHEAT"": 411, ""SELL:WOOL"": 76}",v008_current,hamburger
17,1,91933.0,132779.0,-40846.0,loss,DONE,DONE,1,719,0,0,0.8146,1.45327,1.738196000000002,2.0379,4.197522800008301,0,0,"[{""distance"": 0.0, ""mode"": ""current"", ""route"": 6, ""step"": 0}, {""distance"": 23.657, ""mode"": ""current"", ""route"": 6, ""step"": 24}, {""distance"": 19.8444, ""mode"": ""current"", ""route"": 6, ""step"": 48}, {""distance"": 21.7, ""mode"": ""current"", ""route"": 6, ""step"": 72}, {""distance"": 23.8964, ""mode"": ""current"", ""route"": 5, ""step"": 96}, {""distance"": 20.1712, ""mode"": ""current"", ""route"": 5, ""step"": 120}, {""distance"": 19.536, ""mode"": ""current"", ""route"": 5, ""step"": 144}, {""distance"": 20.4286, ""mode"": ""current"", ""route"": 5, ""step"": 168}, {""distance"": 23.8238, ""mode"": ""current"", ""route"": 5, ""step"": 192}, {""distance"": 28.7382, ""mode"": ""current"", ""route"": 5, ""step"": 216}, {""distance"": 24.793400000000005, ""mode"": ""current"", ""route"": 5, ""step"": 240}, {""distance"": 41.8962, ""mode"": ""current"", ""route"": 7, ""step"": 264}, {""distance"": 52.631400000000006, ""mode"": ""current"", ""route"": 5, ""step"": 288}, {""distance"": 36.4956, ""mode"": ""current"", ""route"": 5, ""step"": 312}, {""distance"": 29.613, ""mode"": ""current"", ""route"": 5, ""step"": 336}, {""distance"": 33.592000000000006, ""mode"": ""current"", ""route"": 4, ""step"": 360}, {""distance"": 29.461399999999998, ""mode"": ""current"", ""route"": 4, ""step"": 384}, {""distance"": 22.0682, ""mode"": ""current"", ""route"": 0, ""step"": 408}, {""distance"": 30.5054, ""mode"": ""current"", ""route"": 0, ""step"": 432}, {""distance"": 26.6364, ""mode"": ""current"", ""route"": 0, ""step"": 456}, {""distance"": 34.9996, ""mode"": ""current"", ""route"": 0, ""step"": 480}, {""distance"": 41.4792, ""mode"": ""current"", ""route"": 0, ""step"": 504}, {""distance"": 44.57940000000001, ""mode"": ""current"", ""route"": 6, ""step"": 528}, {""distance"": 52.3026, ""mode"": ""current"", ""route"": 0, ""step"": 552}, {""distance"": 53.63340000000002, ""mode"": ""current"", ""route"": 6, ""step"": 576}, {""distance"": 47.2582, ""mode"": ""current"", ""route"": 0, ""step"": 600}, {""distance"": 45.53300000000001, ""mode"": ""current"", ""route"": 0, ""step"": 624}, {""distance"": 44.5256, ""mode"": ""current"", ""route"": 0, ""step"": 648}, {""distance"": 31.32679999999999, ""mode"": ""current"", ""route"": 0, ""step"": 672}, {""distance"": 54.7056, ""mode"": ""current"", ""route"": 0, ""step"": 696}]","{""0"": 98.0, ""1"": 94.0, ""10"": 9466.0, ""11"": 13506.0, ""12"": 11198.0, ""13"": 14373.0, ""14"": 17679.0, ""15"": 19085.0, ""16"": 22593.0, ""17"": 24831.0, ""18"": 26032.0, ""19"": 29088.0, ""2"": 81.0, ""20"": 43651.0, ""21"": 43893.0, ""22"": 46337.0, ""23"": 52568.0, ""24"": 61861.0, ""25"": 72299.0, ""26"": 73818.0, ""27"": 78658.0, ""28"": 91198.0, ""3"": 134.0, ""4"": 93.0, ""5"": 399.0, ""6"": 670.0, ""7"": 99.0, ""8"": 767.0, ""9"": 1604.0}","{""BUILD_PASTURE"": 12, ""CARE"": 219, ""COLLECT_FERTILIZER"": 272, ""DIG"": 15, ""DROP"": 75, ""EAST"": 862, ""FEED"": 259, ""HARVEST"": 188, ""NORTH"": 1309, ""PASS"": 1726, ""PICKUP"": 71, ""PLACE"": 12, ""PLANT"": 102, ""SOUTH"": 978, ""WATER"": 768, ""WEST"": 1090}","{""BUY_ANIMAL"": 6, ""BUY_LAND"": 2, ""BUY_PRODUCT"": 197, ""BUY_SEED"": 53, ""HIRE"": 320, ""SELL"": 187}","{""BUY_ANIMAL:COW"": 8, ""BUY_ANIMAL:SHEEP"": 4, ""BUY_PRODUCT:WHEAT"": 528, ""BUY_SEED:CARROT"": 13, ""BUY_SEED:MELON"": 20, ""BUY_SEED:STRAWBERRY"": 37, ""BUY_SEED:WHEAT"": 36, ""SELL:CARROT"": 33, ""SELL:FERTILIZER"": 272, ""SELL:MELON"": 117, ""SELL:MILK"": 180, ""SELL:STRAWBERRY"": 125, ""SELL:WHEAT"": 391, ""SELL:WOOL"": 102}",v008_current,hamburger
42,0,91962.0,132217.0,-40255.0,loss,DONE,DONE,1,719,0,0,0.813,1.5419700000000003,1.7682520000000013,1.9742,4.242866599990521,0,0,"[{""distance"": 0.0, ""mode"": ""current"", ""route"": 6, ""step"": 0}, {""distance"": 23.657, ""mode"": ""current"", ""route"": 6, ""step"": 24}, {""distance"": 19.3444, ""mode"": ""current"", ""route"": 6, ""step"": 48}, {""distance"": 21.2, ""mode"": ""current"", ""route"": 6, ""step"": 72}, {""distance"": 23.3964, ""mode"": ""current"", ""route"": 5, ""step"": 96}, {""distance"": 19.651200000000003, ""mode"": ""current"", ""route"": 5, ""step"": 120}, {""distance"": 17.266, ""mode"": ""current"", ""route"": 5, ""step"": 144}, {""distance"": 18.279999999999998, ""mode"": ""current"", ""route"": 5, ""step"": 168}, {""distance"": 21.795599999999997, ""mode"": ""current"", ""route"": 5, ""step"": 192}, {""distance"": 25.761400000000002, ""mode"": ""current"", ""route"": 5, ""step"": 216}, {""distance"": 22.730600000000003, ""mode"": ""current"", ""route"": 5, ""step"": 240}, {""distance"": 44.961999999999996, ""mode"": ""current"", ""route"": 7, ""step"": 264}, {""distance"": 49.82020000000001, ""mode"": ""current"", ""route"": 5, ""step"": 288}, {""distance"": 46.62779999999999, ""mode"": ""current"", ""route"": 5, ""step"": 312}, {""distance"": 44.40160000000001, ""mode"": ""current"", ""route"": 7, ""step"": 336}, {""distance"": 41.653600000000004, ""mode"": ""current"", ""route"": 7, ""step"": 360}, {""distance"": 37.385799999999996, ""mode"": ""current"", ""route"": 0, ""step"": 384}, {""distance"": 42.88399999999999, ""mode"": ""current"", ""route"": 2, ""step"": 408}, {""distance"": 47.98720000000001, ""mode"": ""current"", ""route"": 0, ""step"": 432}, {""distance"": 42.26120000000002, ""mode"": ""current"", ""route"": 1, ""step"": 456}, {""distance"": 40.7256, ""mode"": ""current"", ""route"": 7, ""step"": 480}, {""distance"": 56.67080000000001, ""mode"": ""current"", ""route"": 1, ""step"": 504}, {""distance"": 56.859, ""mode"": ""current"", ""route"": 7, ""step"": 528}, {""distance"": 61.45460000000001, ""mode"": ""current"", ""route"": 7, ""step"": 552}, {""distance"": 61.02539999999998, ""mode"": ""current"", ""route"": 7, ""step"": 576}, {""distance"": 60.200799999999994, ""mode"": ""current"", ""route"": 7, ""step"": 600}, {""distance"": 55.7338, ""mode"": ""current"", ""route"": 5, ""step"": 624}, {""distance"": 49.91640000000001, ""mode"": ""current"", ""route"": 5, ""step"": 648}, {""distance"": 56.67300000000001, ""mode"": ""current"", ""route"": 5, ""step"": 672}, {""distance"": 59.467000000000006, ""mode"": ""current"", ""route"": 5, ""step"": 696}]","{""0"": 98.0, ""1"": 94.0, ""10"": 4412.0, ""11"": 12900.0, ""12"": 10328.0, ""13"": 13259.0, ""14"": 15816.0, ""15"": 16827.0, ""16"": 20027.0, ""17"": 22272.0, ""18"": 26249.0, ""19"": 32353.0, ""2"": 81.0, ""20"": 41287.0, ""21"": 43549.0, ""22"": 49657.0, ""23"": 57749.0, ""24"": 69593.0, ""25"": 70850.0, ""26"": 75891.0, ""27"": 78416.0, ""28"": 91005.0, ""3"": 134.0, ""4"": 93.0, ""5"": 399.0, ""6"": 663.0, ""7"": 90.0, ""8"": 701.0, ""9"": 1140.0}","{""BUILD_PASTURE"": 12, ""CARE"": 239, ""COLLECT_FERTILIZER"": 271, ""DIG"": 25, ""DROP"": 81, ""EAST"": 852, ""FEED"": 254, ""HARVEST"": 188, ""NORTH"": 1305, ""PASS"": 1588, ""PICKUP"": 71, ""PLACE"": 12, ""PLANT"": 102, ""SOUTH"": 1003, ""WATER"": 725, ""WEST"": 1100}","{""BUY_ANIMAL"": 6, ""BUY_LAND"": 2, ""BUY_PRODUCT"": 197, ""BUY_SEED"": 53, ""HIRE"": 314, ""SELL"": 172}","{""BUY_ANIMAL:COW"": 4, ""BUY_ANIMAL:SHEEP"": 8, ""BUY_PRODUCT:WHEAT"": 524, ""BUY_SEED:CARROT"": 14, ""BUY_SEED:MELON"": 20, ""BUY_SEED:STRAWBERRY"": 37, ""BUY_SEED:WHEAT"": 37, ""SELL:CARROT"": 30, ""SELL:FERTILIZER"": 271, ""SELL:MELON"": 115, ""SELL:MILK"": 111, ""SELL:STRAWBERRY"": 119, ""SELL:WHEAT"": 392, ""SELL:WOOL"": 176}",v008_current,hamburger
42,1,97302.0,147152.0,-49850.0,loss,DONE,DONE,1,719,0,0,0.8106,1.48156,1.76387,2.2806,4.24437780000153,0,0,"[{""distance"": 0.0, ""mode"": ""current"", ""route"": 6, ""step"": 0}, {""distance"": 23.657, ""mode"": ""current"", ""route"": 6, ""step"": 24}, {""distance"": 19.3444, ""mode"": ""current"", ""route"": 6, ""step"": 48}, {""distance"": 21.2, ""mode"": ""current"", ""route"": 6, ""step"": 72}, {""distance"": 23.3964, ""mode"": ""current"", ""route"": 5, ""step"": 96}, {""distance"": 19.651200000000003, ""mode"": ""current"", ""route"": 5, ""step"": 120}, {""distance"": 17.266, ""mode"": ""current"", ""route"": 5, ""step"": 144}, {""distance"": 18.279999999999998, ""mode"": ""current"", ""route"": 5, ""step"": 168}, {""distance"": 21.795599999999997, ""mode"": ""current"", ""route"": 5, ""step"": 192}, {""distance"": 25.761400000000002, ""mode"": ""current"", ""route"": 5, ""step"": 216}, {""distance"": 22.730600000000003, ""mode"": ""current"", ""route"": 5, ""step"": 240}, {""distance"": 44.961999999999996, ""mode"": ""current"", ""route"": 7, ""step"": 264}, {""distance"": 48.32020000000001, ""mode"": ""current"", ""route"": 5, ""step"": 288}, {""distance"": 47.12779999999999, ""mode"": ""current"", ""route"": 5, ""step"": 312}, {""distance"": 45.90160000000001, ""mode"": ""current"", ""route"": 7, ""step"": 336}, {""distance"": 43.35359999999999, ""mode"": ""current"", ""route"": 7, ""step"": 360}, {""distance"": 37.28559999999999, ""mode"": ""current"", ""route"": 0, ""step"": 384}, {""distance"": 42.7746, ""mode"": ""current"", ""route"": 2, ""step"": 408}, {""distance"": 47.979200000000006, ""mode"": ""current"", ""route"": 0, ""step"": 432}, {""distance"": 41.2624, ""mode"": ""current"", ""route"": 1, ""step"": 456}, {""distance"": 43.01420000000001, ""mode"": ""current"", ""route"": 7, ""step"": 480}, {""distance"": 56.54, ""mode"": ""current"", ""route"": 2, ""step"": 504}, {""distance"": 58.7742, ""mode"": ""current"", ""route"": 7, ""step"": 528}, {""distance"": 62.46380000000002, ""mode"": ""current"", ""route"": 7, ""step"": 552}, {""distance"": 62.463, ""mode"": ""current"", ""route"": 7, ""step"": 576}, {""distance"": 60.83480000000001, ""mode"": ""current"", ""route"": 7, ""step"": 600}, {""distance"": 52.05179999999999, ""mode"": ""current"", ""route"": 5, ""step"": 624}, {""distance"": 49.3278, ""mode"": ""current"", ""route"": 5, ""step"": 648}, {""distance"": 57.238800000000005, ""mode"": ""current"", ""route"": 5, ""step"": 672}, {""distance"": 61.395199999999996, ""mode"": ""current"", ""route"": 5, ""step"": 696}]","{""0"": 98.0, ""1"": 94.0, ""10"": 4412.0, ""11"": 12900.0, ""12"": 10328.0, ""13"": 13259.0, ""14"": 15816.0, ""15"": 16828.0, ""16"": 20174.0, ""17"": 22512.0, ""18"": 27691.0, ""19"": 33159.0, ""2"": 81.0, ""20"": 44118.0, ""21"": 45773.0, ""22"": 51711.0, ""23"": 59261.0, ""24"": 67624.0, ""25"": 75660.0, ""26"": 81234.0, ""27"": 83687.0, ""28"": 96178.0, ""3"": 134.0, ""4"": 93.0, ""5"": 399.0, ""6"": 663.0, ""7"": 90.0, ""8"": 701.0, ""9"": 1140.0}","{""BUILD_PASTURE"": 12, ""CARE"": 236, ""COLLECT_FERTILIZER"": 272, ""DIG"": 26, ""DROP"": 76, ""EAST"": 881, ""FEED"": 257, ""HARVEST"": 190, ""NORTH"": 1261, ""PASS"": 1588, ""PICKUP"": 71, ""PLACE"": 12, ""PLANT"": 103, ""SOUTH"": 981, ""WATER"": 716, ""WEST"": 1118}","{""BUY_ANIMAL"": 6, ""BUY_LAND"": 2, ""BUY_PRODUCT"": 190, ""BUY_SEED"": 52, ""HIRE"": 313, ""SELL"": 181}","{""BUY_ANIMAL:COW"": 4, ""BUY_ANIMAL:SHEEP"": 8, ""BUY_PRODUCT:WHEAT"": 515, ""BUY_SEED:CARROT"": 13, ""BUY_SEED:MELON"": 20, ""BUY_SEED:STRAWBERRY"": 37, ""BUY_SEED:WHEAT"": 37, ""SELL:CARROT"": 27, ""SELL:FERTILIZER"": 272, ""SELL:MELON"": 114, ""SELL:MILK"": 114, ""SELL:STRAWBERRY"": 119, ""SELL:WHEAT"": 380, ""SELL:WOOL"": 171}",v008_current,hamburger
2026,0,105520.0,157598.0,-52078.0,loss,DONE,DONE,1,719,0,0,0.8652,1.46506,1.7330720000000015,2.0243,4.2580037000007,0,0,"[{""distance"": 0.0, ""mode"": ""current"", ""route"": 6, ""step"": 0}, {""distance"": 23.657, ""mode"": ""current"", ""route"": 6, ""step"": 24}, {""distance"": 19.3444, ""mode"": ""current"", ""route"": 6, ""step"": 48}, {""distance"": 21.2, ""mode"": ""current"", ""route"": 6, ""step"": 72}, {""distance"": 23.3564, ""mode"": ""current"", ""route"": 5, ""step"": 96}, {""distance"": 19.590999999999998, ""mode"": ""current"", ""route"": 5, ""step"": 120}, {""distance"": 17.1072, ""mode"": ""current"", ""route"": 5, ""step"": 144}, {""distance"": 18.1218, ""mode"": ""current"", ""route"": 5, ""step"": 168}, {""distance"": 36.412200000000006, ""mode"": ""current"", ""route"": 5, ""step"": 192}, {""distance"": 31.1524, ""mode"": ""current"", ""route"": 5, ""step"": 216}, {""distance"": 25.9632, ""mode"": ""current"", ""route"": 5, ""step"": 240}, {""distance"": 39.974, ""mode"": ""current"", ""route"": 5, ""step"": 264}, {""distance"": 42.034000000000006, ""mode"": ""current"", ""route"": 5, ""step"": 288}, {""distance"": 55.7772, ""mode"": ""current"", ""route"": 5, ""step"": 312}, {""distance"": 51.550200000000004, ""mode"": ""current"", ""route"": 5, ""step"": 336}, {""distance"": 55.6544, ""mode"": ""current"", ""route"": 7, ""step"": 360}, {""distance"": 57.958999999999996, ""mode"": ""current"", ""route"": 0, ""step"": 384}, {""distance"": 54.9418, ""mode"": ""current"", ""route"": 2, ""step"": 408}, {""distance"": 57.562400000000004, ""mode"": ""current"", ""route"": 1, ""step"": 432}, {""distance"": 56.714200000000005, ""mode"": ""current"", ""route"": 1, ""step"": 456}, {""distance"": 52.290000000000006, ""mode"": ""current"", ""route"": 7, ""step"": 480}, {""distance"": 64.4222, ""mode"": ""current"", ""route"": 7, ""step"": 504}, {""distance"": 64.8236, ""mode"": ""current"", ""route"": 7, ""step"": 528}, {""distance"": 72.4452, ""mode"": ""current"", ""route"": 7, ""step"": 552}, {""distance"": 71.2582, ""mode"": ""current"", ""route"": 7, ""step"": 576}, {""distance"": 84.7574, ""mode"": ""current"", ""route"": 7, ""step"": 600}, {""distance"": 77.01919999999997, ""mode"": ""current"", ""route"": 5, ""step"": 624}, {""distance"": 77.6534, ""mode"": ""current"", ""route"": 7, ""step"": 648}, {""distance"": 56.489000000000026, ""mode"": ""current"", ""route"": 5, ""step"": 672}, {""distance"": 74.3258, ""mode"": ""current"", ""route"": 7, ""step"": 696}]","{""0"": 98.0, ""1"": 94.0, ""10"": 5737.0, ""11"": 13169.0, ""12"": 13312.0, ""13"": 13307.0, ""14"": 16712.0, ""15"": 19947.0, ""16"": 22438.0, ""17"": 25405.0, ""18"": 25984.0, ""19"": 34531.0, ""2"": 81.0, ""20"": 45983.0, ""21"": 50126.0, ""22"": 61654.0, ""23"": 64485.0, ""24"": 66957.0, ""25"": 73623.0, ""26"": 84528.0, ""27"": 90136.0, ""28"": 103897.0, ""3"": 134.0, ""4"": 94.0, ""5"": 393.0, ""6"": 654.0, ""7"": 107.0, ""8"": 746.0, ""9"": 1103.0}","{""BUILD_PASTURE"": 12, ""CARE"": 243, ""COLLECT_FERTILIZER"": 266, ""DIG"": 15, ""DROP"": 79, ""EAST"": 853, ""FEED"": 243, ""HARVEST"": 201, ""NORTH"": 1362, ""PASS"": 1619, ""PICKUP"": 67, ""PLACE"": 12, ""PLANT"": 114, ""SOUTH"": 1002, ""WATER"": 764, ""WEST"": 1105}","{""BUY_ANIMAL"": 7, ""BUY_LAND"": 2, ""BUY_PRODUCT"": 193, ""BUY_SEED"": 53, ""HIRE"": 320, ""SELL"": 184}","{""BUY_ANIMAL:COW"": 2, ""BUY_ANIMAL:SHEEP"": 10, ""BUY_PRODUCT:WHEAT"": 518, ""BUY_SEED:CARROT"": 16, ""BUY_SEED:MELON"": 20, ""BUY_SEED:STRAWBERRY"": 37, ""BUY_SEED:WHEAT"": 41, ""SELL:CARROT"": 48, ""SELL:FERTILIZER"": 266, ""SELL:MELON"": 110, ""SELL:MILK"": 66, ""SELL:STRAWBERRY"": 128, ""SELL:WHEAT"": 422, ""SELL:WOOL"": 208}",v008_current,hamburger
2026,1,100989.0,144345.0,-43356.0,loss,DONE,DONE,1,719,0,0,0.8291,1.4485199999999998,1.7451700000000026,2.2052,4.176365499995882,0,0,"[{""distance"": 0.0, ""mode"": ""current"", ""route"": 6, ""step"": 0}, {""distance"": 23.657, ""mode"": ""current"", ""route"": 6, ""step"": 24}, {""distance"": 19.3444, ""mode"": ""current"", ""route"": 6, ""step"": 48}, {""distance"": 21.2, ""mode"": ""current"", ""route"": 6, ""step"": 72}, {""distance"": 23.3564, ""mode"": ""current"", ""route"": 5, ""step"": 96}, {""distance"": 19.590999999999998, ""mode"": ""current"", ""route"": 5, ""step"": 120}, {""distance"": 17.1072, ""mode"": ""current"", ""route"": 5, ""step"": 144}, {""distance"": 18.1218, ""mode"": ""current"", ""route"": 5, ""step"": 168}, {""distance"": 36.412200000000006, ""mode"": ""current"", ""route"": 5, ""step"": 192}, {""distance"": 31.1524, ""mode"": ""current"", ""route"": 5, ""step"": 216}, {""distance"": 25.9632, ""mode"": ""current"", ""route"": 5, ""step"": 240}, {""distance"": 40.07919999999999, ""mode"": ""current"", ""route"": 7, ""step"": 264}, {""distance"": 41.03400000000001, ""mode"": ""current"", ""route"": 5, ""step"": 288}, {""distance"": 51.797200000000004, ""mode"": ""current"", ""route"": 5, ""step"": 312}, {""distance"": 49.29100000000001, ""mode"": ""current"", ""route"": 5, ""step"": 336}, {""distance"": 50.75520000000001, ""mode"": ""current"", ""route"": 7, ""step"": 360}, {""distance"": 59.714000000000006, ""mode"": ""current"", ""route"": 0, ""step"": 384}, {""distance"": 53.417199999999994, ""mode"": ""current"", ""route"": 2, ""step"": 408}, {""distance"": 57.07919999999999, ""mode"": ""current"", ""route"": 2, ""step"": 432}, {""distance"": 57.74159999999999, ""mode"": ""current"", ""route"": 2, ""step"": 456}, {""distance"": 57.14179999999999, ""mode"": ""current"", ""route"": 7, ""step"": 480}, {""distance"": 68.6554, ""mode"": ""current"", ""route"": 7, ""step"": 504}, {""distance"": 67.8572, ""mode"": ""current"", ""route"": 7, ""step"": 528}, {""distance"": 73.7966, ""mode"": ""current"", ""route"": 7, ""step"": 552}, {""distance"": 69.69839999999999, ""mode"": ""current"", ""route"": 7, ""step"": 576}, {""distance"": 84.30659999999999, ""mode"": ""current"", ""route"": 7, ""step"": 600}, {""distance"": 70.5242, ""mode"": ""current"", ""route"": 5, ""step"": 624}, {""distance"": 66.436, ""mode"": ""current"", ""route"": 5, ""step"": 648}, {""distance"": 54.7372, ""mode"": ""current"", ""route"": 5, ""step"": 672}, {""distance"": 65.54679999999998, ""mode"": ""current"", ""route"": 5, ""step"": 696}]","{""0"": 98.0, ""1"": 94.0, ""10"": 5737.0, ""11"": 13169.0, ""12"": 13312.0, ""13"": 13342.0, ""14"": 16708.0, ""15"": 19886.0, ""16"": 22061.0, ""17"": 25217.0, ""18"": 27330.0, ""19"": 36272.0, ""2"": 81.0, ""20"": 49571.0, ""21"": 51558.0, ""22"": 60347.0, ""23"": 64684.0, ""24"": 67811.0, ""25"": 74198.0, ""26"": 84293.0, ""27"": 87195.0, ""28"": 99454.0, ""3"": 134.0, ""4"": 94.0, ""5"": 393.0, ""6"": 654.0, ""7"": 107.0, ""8"": 746.0, ""9"": 1103.0}","{""BUILD_PASTURE"": 12, ""CARE"": 243, ""COLLECT_FERTILIZER"": 263, ""DIG"": 22, ""DROP"": 72, ""EAST"": 901, ""FEED"": 249, ""HARVEST"": 200, ""NORTH"": 1316, ""PASS"": 1635, ""PICKUP"": 67, ""PLACE"": 12, ""PLANT"": 108, ""SOUTH"": 981, ""WATER"": 743, ""WEST"": 1111}","{""BUY_ANIMAL"": 7, ""BUY_LAND"": 2, ""BUY_PRODUCT"": 197, ""BUY_SEED"": 49, ""HIRE"": 319, ""SELL"": 176}","{""BUY_ANIMAL:COW"": 2, ""BUY_ANIMAL:SHEEP"": 10, ""BUY_PRODUCT:WHEAT"": 516, ""BUY_SEED:CARROT"": 14, ""BUY_SEED:MELON"": 20, ""BUY_SEED:STRAWBERRY"": 37, ""BUY_SEED:WHEAT"": 39, ""SELL:CARROT"": 36, ""SELL:FERTILIZER"": 263, ""SELL:MELON"": 116, ""SELL:MILK"": 69, ""SELL:STRAWBERRY"": 128, ""SELL:WHEAT"": 406, ""SELL:WOOL"": 218}",v008_current,hamburger
17,0,103509.0,136410.0,-32901.0,loss,DONE,DONE,1,719,0,0,0.8012,1.46633,1.736394,2.0422,4.0307188000006136,0,0,"[{""distance"": 0.0, ""mode"": ""current"", ""route"": 6, ""step"": 0}, {""distance"": 23.655600000000003, ""mode"": ""current"", ""route"": 1, ""step"": 24}, {""distance"": 19.3422, ""mode"": ""current"", ""route"": 2, ""step"": 48}, {""distance"": 21.197200000000002, ""mode"": ""current"", ""route"": 2, ""step"": 72}, {""distance"": 23.3934, ""mode"": ""current"", ""route"": 4, ""step"": 96}, {""distance"": 18.247999999999994, ""mode"": ""current"", ""route"": 4, ""step"": 120}, {""distance"": 15.782799999999998, ""mode"": ""current"", ""route"": 4, ""step"": 144}, {""distance"": 16.4502, ""mode"": ""current"", ""route"": 4, ""step"": 168}, {""distance"": 27.384999999999998, ""mode"": ""current"", ""route"": 4, ""step"": 192}, {""distance"": 24.246, ""mode"": ""current"", ""route"": 4, ""step"": 216}, {""distance"": 25.38639999999999, ""mode"": ""current"", ""route"": 4, ""step"": 240}, {""distance"": 35.302400000000006, ""mode"": ""current"", ""route"": 2, ""step"": 264}, {""distance"": 27.249399999999998, ""mode"": ""current"", ""route"": 4, ""step"": 288}, {""distance"": 34.5868, ""mode"": ""current"", ""route"": 4, ""step"": 312}, {""distance"": 24.592, ""mode"": ""current"", ""route"": 4, ""step"": 336}, {""distance"": 23.816599999999998, ""mode"": ""current"", ""route"": 4, ""step"": 360}, {""distance"": 24.2644, ""mode"": ""current"", ""route"": 4, ""step"": 384}, {""distance"": 17.6856, ""mode"": ""current"", ""route"": 0, ""step"": 408}, {""distance"": 25.040599999999998, ""mode"": ""current"", ""route"": 0, ""step"": 432}, {""distance"": 27.431200000000008, ""mode"": ""current"", ""route"": 4, ""step"": 456}, {""distance"": 22.136400000000002, ""mode"": ""current"", ""route"": 4, ""step"": 480}, {""distance"": 39.25359999999999, ""mode"": ""current"", ""route"": 0, ""step"": 504}, {""distance"": 37.044000000000004, ""mode"": ""current"", ""route"": 0, ""step"": 528}, {""distance"": 40.1644, ""mode"": ""current"", ""route"": 0, ""step"": 552}, {""distance"": 37.4826, ""mode"": ""current"", ""route"": 0, ""step"": 576}, {""distance"": 42.1212, ""mode"": ""current"", ""route"": 0, ""step"": 600}, {""distance"": 24.7232, ""mode"": ""current"", ""route"": 0, ""step"": 624}, {""distance"": 19.738400000000002, ""mode"": ""current"", ""route"": 0, ""step"": 648}, {""distance"": 21.539799999999996, ""mode"": ""current"", ""route"": 0, ""step"": 672}, {""distance"": 30.270599999999995, ""mode"": ""current"", ""route"": 0, ""step"": 696}]","{""0"": 98.0, ""1"": 94.0, ""10"": 9707.0, ""11"": 11509.0, ""12"": 11161.0, ""13"": 14702.0, ""14"": 17202.0, ""15"": 19272.0, ""16"": 23317.0, ""17"": 25004.0, ""18"": 26672.0, ""19"": 33295.0, ""2"": 82.0, ""20"": 43679.0, ""21"": 53171.0, ""22"": 56728.0, ""23"": 63082.0, ""24"": 67901.0, ""25"": 79748.0, ""26"": 82954.0, ""27"": 88993.0, ""28"": 100777.0, ""3"": 135.0, ""4"": 94.0, ""5"": 407.0, ""6"": 672.0, ""7"": 95.0, ""8"": 933.0, ""9"": 1503.0}","{""BUILD_PASTURE"": 12, ""CARE"": 229, ""COLLECT_FERTILIZER"": 274, ""DIG"": 23, ""DROP"": 77, ""EAST"": 927, ""FEED"": 261, ""HARVEST"": 199, ""NORTH"": 1303, ""PASS"": 1570, ""PICKUP"": 70, ""PLACE"": 12, ""PLANT"": 101, ""SOUTH"": 922, ""WATER"": 754, ""WEST"": 1114}","{""BUY_ANIMAL"": 7, ""BUY_LAND"": 2, ""BUY_PRODUCT"": 202, ""BUY_SEED"": 56, ""HIRE"": 315, ""SELL"": 191}","{""BUY_ANIMAL:COW"": 8, ""BUY_ANIMAL:SHEEP"": 4, ""BUY_PRODUCT:WHEAT"": 526, ""BUY_SEED:CARROT"": 16, ""BUY_SEED:MELON"": 20, ""BUY_SEED:STRAWBERRY"": 38, ""BUY_SEED:WHEAT"": 36, ""SELL:CARROT"": 36, ""SELL:FERTILIZER"": 274, ""SELL:MELON"": 117, ""SELL:MILK"": 197, ""SELL:STRAWBERRY"": 124, ""SELL:WHEAT"": 380, ""SELL:WOOL"": 99}",v008_current,builder
17,1,103851.0,134105.0,-30254.0,loss,DONE,DONE,1,719,0,0,0.8049,1.4643300000000001,1.9178800000000016,2.606,4.068553200020688,0,0,"[{""distance"": 0.0, ""mode"": ""current"", ""route"": 6, ""step"": 0}, {""distance"": 23.655600000000003, ""mode"": ""current"", ""route"": 1, ""step"": 24}, {""distance"": 19.3422, ""mode"": ""current"", ""route"": 1, ""step"": 48}, {""distance"": 22.297200000000004, ""mode"": ""current"", ""route"": 1, ""step"": 72}, {""distance"": 24.4734, ""mode"": ""current"", ""route"": 3, ""step"": 96}, {""distance"": 19.267599999999998, ""mode"": ""current"", ""route"": 1, ""step"": 120}, {""distance"": 16.825400000000002, ""mode"": ""current"", ""route"": 1, ""step"": 144}, {""distance"": 17.2208, ""mode"": ""current"", ""route"": 1, ""step"": 168}, {""distance"": 27.958800000000004, ""mode"": ""current"", ""route"": 0, ""step"": 192}, {""distance"": 25.445999999999998, ""mode"": ""current"", ""route"": 4, ""step"": 216}, {""distance"": 26.686399999999992, ""mode"": ""current"", ""route"": 4, ""step"": 240}, {""distance"": 36.702400000000004, ""mode"": ""current"", ""route"": 2, ""step"": 264}, {""distance"": 28.749399999999998, ""mode"": ""current"", ""route"": 4, ""step"": 288}, {""distance"": 35.4268, ""mode"": ""current"", ""route"": 4, ""step"": 312}, {""distance"": 25.432, ""mode"": ""current"", ""route"": 4, ""step"": 336}, {""distance"": 24.619599999999995, ""mode"": ""current"", ""route"": 4, ""step"": 360}, {""distance"": 23.927399999999995, ""mode"": ""current"", ""route"": 4, ""step"": 384}, {""distance"": 15.142599999999998, ""mode"": ""current"", ""route"": 0, ""step"": 408}, {""distance"": 22.663600000000002, ""mode"": ""current"", ""route"": 0, ""step"": 432}, {""distance"": 25.991399999999995, ""mode"": ""current"", ""route"": 0, ""step"": 456}, {""distance"": 21.059399999999997, ""mode"": ""current"", ""route"": 4, ""step"": 480}, {""distance"": 36.0182, ""mode"": ""current"", ""route"": 0, ""step"": 504}, {""distance"": 33.98, ""mode"": ""current"", ""route"": 0, ""step"": 528}, {""distance"": 42.696600000000004, ""mode"": ""current"", ""route"": 0, ""step"": 552}, {""distance"": 39.63759999999999, ""mode"": ""current"", ""route"": 0, ""step"": 576}, {""distance"": 43.801000000000016, ""mode"": ""current"", ""route"": 0, ""step"": 600}, {""distance"": 27.667999999999996, ""mode"": ""current"", ""route"": 0, ""step"": 624}, {""distance"": 21.6446, ""mode"": ""current"", ""route"": 0, ""step"": 648}, {""distance"": 18.733, ""mode"": ""current"", ""route"": 0, ""step"": 672}, {""distance"": 32.296, ""mode"": ""current"", ""route"": 0, ""step"": 696}]","{""0"": 98.0, ""1"": 94.0, ""10"": 9707.0, ""11"": 11509.0, ""12"": 11161.0, ""13"": 14702.0, ""14"": 17287.0, ""15"": 19357.0, ""16"": 23402.0, ""17"": 25089.0, ""18"": 26757.0, ""19"": 33380.0, ""2"": 82.0, ""20"": 46538.0, ""21"": 51151.0, ""22"": 57533.0, ""23"": 65983.0, ""24"": 68847.0, ""25"": 79124.0, ""26"": 83223.0, ""27"": 89827.0, ""28"": 101104.0, ""3"": 135.0, ""4"": 94.0, ""5"": 407.0, ""6"": 672.0, ""7"": 95.0, ""8"": 933.0, ""9"": 1503.0}","{""BUILD_PASTURE"": 12, ""CARE"": 232, ""COLLECT_FERTILIZER"": 274, ""DIG"": 19, ""DROP"": 78, ""EAST"": 905, ""FEED"": 259, ""HARVEST"": 200, ""NORTH"": 1303, ""PASS"": 1582, ""PICKUP"": 70, ""PLACE"": 12, ""PLANT"": 103, ""SOUTH"": 936, ""WATER"": 764, ""WEST"": 1119}","{""BUY_ANIMAL"": 7, ""BUY_LAND"": 2, ""BUY_PRODUCT"": 197, ""BUY_SEED"": 56, ""HIRE"": 316, ""SELL"": 195}","{""BUY_ANIMAL:COW"": 8, ""BUY_ANIMAL:SHEEP"": 4, ""BUY_PRODUCT:WHEAT"": 521, ""BUY_SEED:CARROT"": 17, ""BUY_SEED:MELON"": 20, ""BUY_SEED:STRAWBERRY"": 38, ""BUY_SEED:WHEAT"": 36, ""SELL:CARROT"": 39, ""SELL:FERTILIZER"": 274, ""SELL:MELON"": 118, ""SELL:MILK"": 192, ""SELL:STRAWBERRY"": 124, ""SELL:WHEAT"": 378, ""SELL:WOOL"": 101}",v008_current,builder
42,0,90021.0,120023.0,-30002.0,loss,DONE,DONE,1,719,0,0,0.8265,1.4848100000000002,1.7307980000000007,2.4086,4.092055200017057,0,0,"[{""distance"": 0.0, ""mode"": ""current"", ""route"": 6, ""step"": 0}, {""distance"": 23.655600000000003, ""mode"": ""current"", ""route"": 1, ""step"": 24}, {""distance"": 19.3422, ""mode"": ""current"", ""route"": 2, ""step"": 48}, {""distance"": 21.197200000000002, ""mode"": ""current"", ""route"": 2, ""step"": 72}, {""distance"": 23.2134, ""mode"": ""current"", ""route"": 4, ""step"": 96}, {""distance"": 17.8876, ""mode"": ""current"", ""route"": 4, ""step"": 120}, {""distance"": 15.323599999999999, ""mode"": ""current"", ""route"": 4, ""step"": 144}, {""distance"": 16.129599999999996, ""mode"": ""current"", ""route"": 4, ""step"": 168}, {""distance"": 31.808, ""mode"": ""current"", ""route"": 4, ""step"": 192}, {""distance"": 24.4636, ""mode"": ""current"", ""route"": 4, ""step"": 216}, {""distance"": 20.217799999999997, ""mode"": ""current"", ""route"": 4, ""step"": 240}, {""distance"": 37.81580000000002, ""mode"": ""current"", ""route"": 2, ""step"": 264}, {""distance"": 37.13340000000001, ""mode"": ""current"", ""route"": 4, ""step"": 288}, {""distance"": 46.97560000000001, ""mode"": ""current"", ""route"": 4, ""step"": 312}, {""distance"": 41.83579999999999, ""mode"": ""current"", ""route"": 0, ""step"": 336}, {""distance"": 41.290400000000005, ""mode"": ""current"", ""route"": 2, ""step"": 360}, {""distance"": 43.799, ""mode"": ""current"", ""route"": 0, ""step"": 384}, {""distance"": 41.77719999999999, ""mode"": ""current"", ""route"": 2, ""step"": 408}, {""distance"": 45.767799999999994, ""mode"": ""current"", ""route"": 2, ""step"": 432}, {""distance"": 41.2808, ""mode"": ""current"", ""route"": 1, ""step"": 456}, {""distance"": 40.598600000000005, ""mode"": ""current"", ""route"": 1, ""step"": 480}, {""distance"": 51.282999999999994, ""mode"": ""current"", ""route"": 0, ""step"": 504}, {""distance"": 52.76840000000001, ""mode"": ""current"", ""route"": 0, ""step"": 528}, {""distance"": 56.22259999999999, ""mode"": ""current"", ""route"": 4, ""step"": 552}, {""distance"": 57.864399999999996, ""mode"": ""current"", ""route"": 4, ""step"": 576}, {""distance"": 61.218399999999995, ""mode"": ""current"", ""route"": 0, ""step"": 600}, {""distance"": 54.8686, ""mode"": ""current"", ""route"": 0, ""step"": 624}, {""distance"": 47.54800000000001, ""mode"": ""current"", ""route"": 0, ""step"": 648}, {""distance"": 44.5598, ""mode"": ""current"", ""route"": 4, ""step"": 672}, {""distance"": 54.8924, ""mode"": ""current"", ""route"": 3, ""step"": 696}]","{""0"": 98.0, ""1"": 94.0, ""10"": 7174.0, ""11"": 10128.0, ""12"": 9817.0, ""13"": 13215.0, ""14"": 16976.0, ""15"": 17411.0, ""16"": 19803.0, ""17"": 22071.0, ""18"": 25470.0, ""19"": 30088.0, ""2"": 82.0, ""20"": 39232.0, ""21"": 44409.0, ""22"": 49172.0, ""23"": 53985.0, ""24"": 61660.0, ""25"": 67276.0, ""26"": 75706.0, ""27"": 78451.0, ""28"": 88801.0, ""3"": 135.0, ""4"": 96.0, ""5"": 403.0, ""6"": 675.0, ""7"": 80.0, ""8"": 585.0, ""9"": 1060.0}","{""BUILD_PASTURE"": 12, ""CARE"": 239, ""COLLECT_FERTILIZER"": 272, ""DIG"": 27, ""DROP"": 64, ""EAST"": 903, ""FEED"": 258, ""HARVEST"": 191, ""NORTH"": 1283, ""PASS"": 1609, ""PICKUP"": 69, ""PLACE"": 12, ""PLANT"": 104, ""SOUTH"": 942, ""WATER"": 742, ""WEST"": 1158}","{""BUY_ANIMAL"": 7, ""BUY_LAND"": 2, ""BUY_PRODUCT"": 192, ""BUY_SEED"": 56, ""HIRE"": 317, ""SELL"": 185}","{""BUY_ANIMAL:COW"": 4, ""BUY_ANIMAL:SHEEP"": 8, ""BUY_PRODUCT:WHEAT"": 519, ""BUY_SEED:CARROT"": 13, ""BUY_SEED:MELON"": 20, ""BUY_SEED:STRAWBERRY"": 38, ""BUY_SEED:WHEAT"": 41, ""SELL:CARROT"": 30, ""SELL:FERTILIZER"": 272, ""SELL:MELON"": 114, ""SELL:MILK"": 111, ""SELL:STRAWBERRY"": 122, ""SELL:WHEAT"": 387, ""SELL:WOOL"": 179}",v008_current,builder
42,1,99306.0,126351.0,-27045.0,loss,DONE,DONE,1,719,0,0,0.843,1.4291900000000002,1.8446880000000028,2.0303,4.104774500010535,0,0,"[{""distance"": 0.0, ""mode"": ""current"", ""route"": 6, ""step"": 0}, {""distance"": 24.155600000000003, ""mode"": ""current"", ""route"": 1, ""step"": 24}, {""distance"": 19.3422, ""mode"": ""current"", ""route"": 1, ""step"": 48}, {""distance"": 21.197200000000002, ""mode"": ""current"", ""route"": 1, ""step"": 72}, {""distance"": 23.5334, ""mode"": ""current"", ""route"": 3, ""step"": 96}, {""distance"": 18.4076, ""mode"": ""current"", ""route"": 1, ""step"": 120}, {""distance"": 15.882799999999998, ""mode"": ""current"", ""route"": 4, ""step"": 144}, {""distance"": 16.650199999999998, ""mode"": ""current"", ""route"": 3, ""step"": 168}, {""distance"": 27.4814, ""mode"": ""current"", ""route"": 1, ""step"": 192}, {""distance"": 25.500000000000004, ""mode"": ""current"", ""route"": 1, ""step"": 216}, {""distance"": 20.3736, ""mode"": ""current"", ""route"": 3, ""step"": 240}, {""distance"": 37.53480000000001, ""mode"": ""current"", ""route"": 3, ""step"": 264}, {""distance"": 26.281799999999997, ""mode"": ""current"", ""route"": 3, ""step"": 288}, {""distance"": 25.411, ""mode"": ""current"", ""route"": 3, ""step"": 312}, {""distance"": 27.32, ""mode"": ""current"", ""route"": 3, ""step"": 336}, {""distance"": 21.7702, ""mode"": ""current"", ""route"": 3, ""step"": 360}, {""distance"": 25.063199999999995, ""mode"": ""current"", ""route"": 3, ""step"": 384}, {""distance"": 21.889399999999995, ""mode"": ""current"", ""route"": 3, ""step"": 408}, {""distance"": 25.568399999999997, ""mode"": ""current"", ""route"": 3, ""step"": 432}, {""distance"": 26.392600000000005, ""mode"": ""current"", ""route"": 3, ""step"": 456}, {""distance"": 23.404799999999994, ""mode"": ""current"", ""route"": 3, ""step"": 480}, {""distance"": 36.2312, ""mode"": ""current"", ""route"": 3, ""step"": 504}, {""distance"": 33.9754, ""mode"": ""current"", ""route"": 0, ""step"": 528}, {""distance"": 37.9094, ""mode"": ""current"", ""route"": 0, ""step"": 552}, {""distance"": 34.2136, ""mode"": ""current"", ""route"": 0, ""step"": 576}, {""distance"": 41.8226, ""mode"": ""current"", ""route"": 0, ""step"": 600}, {""distance"": 31.747, ""mode"": ""current"", ""route"": 0, ""step"": 624}, {""distance"": 29.448000000000004, ""mode"": ""current"", ""route"": 0, ""step"": 648}, {""distance"": 25.262800000000002, ""mode"": ""current"", ""route"": 0, ""step"": 672}, {""distance"": 30.8642, ""mode"": ""current"", ""route"": 0, ""step"": 696}]","{""0"": 98.0, ""1"": 94.0, ""10"": 2088.0, ""11"": 10768.0, ""12"": 10436.0, ""13"": 14386.0, ""14"": 16655.0, ""15"": 18751.0, ""16"": 22113.0, ""17"": 23925.0, ""18"": 25618.0, ""19"": 29291.0, ""2"": 82.0, ""20"": 40817.0, ""21"": 47924.0, ""22"": 53253.0, ""23"": 58377.0, ""24"": 63989.0, ""25"": 73079.0, ""26"": 77656.0, ""27"": 84328.0, ""28"": 96249.0, ""3"": 135.0, ""4"": 94.0, ""5"": 407.0, ""6"": 672.0, ""7"": 101.0, ""8"": 898.0, ""9"": 1364.0}","{""BUILD_PASTURE"": 12, ""CARE"": 239, ""COLLECT_FERTILIZER"": 269, ""DIG"": 23, ""DROP"": 66, ""EAST"": 894, ""FEED"": 260, ""HARVEST"": 197, ""NORTH"": 1281, ""PASS"": 1628, ""PICKUP"": 71, ""PLACE"": 12, ""PLANT"": 101, ""SOUTH"": 942, ""WATER"": 757, ""WEST"": 1090}","{""BUY_ANIMAL"": 7, ""BUY_LAND"": 2, ""BUY_PRODUCT"": 201, ""BUY_SEED"": 57, ""HIRE"": 315, ""SELL"": 192}","{""BUY_ANIMAL:COW"": 8, ""BUY_ANIMAL:SHEEP"": 4, ""BUY_PRODUCT:WHEAT"": 523, ""BUY_SEED:CARROT"": 13, ""BUY_SEED:MELON"": 20, ""BUY_SEED:STRAWBERRY"": 38, ""BUY_SEED:WHEAT"": 38, ""SELL:CARROT"": 30, ""SELL:FERTILIZER"": 269, ""SELL:MELON"": 112, ""SELL:MILK"": 188, ""SELL:STRAWBERRY"": 120, ""SELL:WHEAT"": 390, ""SELL:WOOL"": 113}",v008_current,builder
2026,0,99192.0,135035.0,-35843.0,loss,DONE,DONE,1,719,0,0,0.8322,1.4799700000000002,1.7732960000000002,2.2051,4.289698000007775,0,0,"[{""distance"": 0.0, ""mode"": ""current"", ""route"": 6, ""step"": 0}, {""distance"": 23.655600000000003, ""mode"": ""current"", ""route"": 1, ""step"": 24}, {""distance"": 19.3422, ""mode"": ""current"", ""route"": 2, ""step"": 48}, {""distance"": 21.197200000000002, ""mode"": ""current"", ""route"": 2, ""step"": 72}, {""distance"": 23.413, ""mode"": ""current"", ""route"": 2, ""step"": 96}, {""distance"": 18.247199999999996, ""mode"": ""current"", ""route"": 2, ""step"": 120}, {""distance"": 15.786199999999997, ""mode"": ""current"", ""route"": 2, ""step"": 144}, {""distance"": 16.2816, ""mode"": ""current"", ""route"": 1, ""step"": 168}, {""distance"": 27.479799999999997, ""mode"": ""current"", ""route"": 2, ""step"": 192}, {""distance"": 27.186400000000003, ""mode"": ""current"", ""route"": 4, ""step"": 216}, {""distance"": 20.702399999999997, ""mode"": ""current"", ""route"": 4, ""step"": 240}, {""distance"": 29.2332, ""mode"": ""current"", ""route"": 2, ""step"": 264}, {""distance"": 40.00599999999999, ""mode"": ""current"", ""route"": 2, ""step"": 288}, {""distance"": 33.3194, ""mode"": ""current"", ""route"": 4, ""step"": 312}, {""distance"": 28.205199999999998, ""mode"": ""current"", ""route"": 3, ""step"": 336}, {""distance"": 27.91819999999999, ""mode"": ""current"", ""route"": 4, ""step"": 360}, {""distance"": 29.758200000000006, ""mode"": ""current"", ""route"": 4, ""step"": 384}, {""distance"": 25.9502, ""mode"": ""current"", ""route"": 4, ""step"": 408}, {""distance"": 28.989600000000003, ""mode"": ""current"", ""route"": 4, ""step"": 432}, {""distance"": 25.040000000000003, ""mode"": ""current"", ""route"": 0, ""step"": 456}, {""distance"": 31.242199999999997, ""mode"": ""current"", ""route"": 0, ""step"": 480}, {""distance"": 33.352000000000004, ""mode"": ""current"", ""route"": 0, ""step"": 504}, {""distance"": 32.7734, ""mode"": ""current"", ""route"": 0, ""step"": 528}, {""distance"": 34.674600000000005, ""mode"": ""current"", ""route"": 0, ""step"": 552}, {""distance"": 46.01080000000001, ""mode"": ""current"", ""route"": 0, ""step"": 576}, {""distance"": 47.3636, ""mode"": ""current"", ""route"": 0, ""step"": 600}, {""distance"": 42.0546, ""mode"": ""current"", ""route"": 0, ""step"": 624}, {""distance"": 36.4974, ""mode"": ""current"", ""route"": 0, ""step"": 648}, {""distance"": 19.196, ""mode"": ""current"", ""route"": 0, ""step"": 672}, {""distance"": 43.261799999999994, ""mode"": ""current"", ""route"": 0, ""step"": 696}]","{""0"": 98.0, ""1"": 94.0, ""10"": 5928.0, ""11"": 13530.0, ""12"": 11198.0, ""13"": 15062.0, ""14"": 19848.0, ""15"": 19701.0, ""16"": 23247.0, ""17"": 25057.0, ""18"": 26214.0, ""19"": 30023.0, ""2"": 82.0, ""20"": 47607.0, ""21"": 47684.0, ""22"": 53677.0, ""23"": 57041.0, ""24"": 64134.0, ""25"": 71391.0, ""26"": 82759.0, ""27"": 84812.0, ""28"": 97935.0, ""3"": 135.0, ""4"": 96.0, ""5"": 403.0, ""6"": 668.0, ""7"": 109.0, ""8"": 1035.0, ""9"": 1583.0}","{""BUILD_PASTURE"": 12, ""CARE"": 226, ""COLLECT_FERTILIZER"": 271, ""DIG"": 14, ""DROP"": 83, ""EAST"": 903, ""FEED"": 256, ""HARVEST"": 197, ""NORTH"": 1329, ""PASS"": 1611, ""PICKUP"": 69, ""PLACE"": 12, ""PLANT"": 107, ""SOUTH"": 965, ""WATER"": 758, ""WEST"": 1145}","{""BUY_ANIMAL"": 7, ""BUY_LAND"": 2, ""BUY_PRODUCT"": 200, ""BUY_SEED"": 50, ""HIRE"": 320, ""SELL"": 193}","{""BUY_ANIMAL:COW"": 8, ""BUY_ANIMAL:SHEEP"": 4, ""BUY_PRODUCT:WHEAT"": 523, ""BUY_SEED:CARROT"": 14, ""BUY_SEED:MELON"": 20, ""BUY_SEED:STRAWBERRY"": 37, ""BUY_SEED:WHEAT"": 38, ""SELL:CARROT"": 36, ""SELL:FERTILIZER"": 271, ""SELL:MELON"": 114, ""SELL:MILK"": 183, ""SELL:STRAWBERRY"": 126, ""SELL:WHEAT"": 397, ""SELL:WOOL"": 106}",v008_current,builder
2026,1,94837.0,124312.0,-29475.0,loss,DONE,DONE,1,719,0,0,0.8464,1.44119,1.7675160000000014,2.3654,4.153171499987366,0,0,"[{""distance"": 0.0, ""mode"": ""current"", ""route"": 6, ""step"": 0}, {""distance"": 23.655600000000003, ""mode"": ""current"", ""route"": 1, ""step"": 24}, {""distance"": 19.3422, ""mode"": ""current"", ""route"": 2, ""step"": 48}, {""distance"": 21.197200000000002, ""mode"": ""current"", ""route"": 2, ""step"": 72}, {""distance"": 23.413, ""mode"": ""current"", ""route"": 2, ""step"": 96}, {""distance"": 18.247199999999996, ""mode"": ""current"", ""route"": 2, ""step"": 120}, {""distance"": 15.786199999999997, ""mode"": ""current"", ""route"": 2, ""step"": 144}, {""distance"": 16.2816, ""mode"": ""current"", ""route"": 1, ""step"": 168}, {""distance"": 27.479799999999997, ""mode"": ""current"", ""route"": 2, ""step"": 192}, {""distance"": 27.186400000000003, ""mode"": ""current"", ""route"": 4, ""step"": 216}, {""distance"": 20.702399999999997, ""mode"": ""current"", ""route"": 4, ""step"": 240}, {""distance"": 29.7332, ""mode"": ""current"", ""route"": 2, ""step"": 264}, {""distance"": 39.90599999999999, ""mode"": ""current"", ""route"": 2, ""step"": 288}, {""distance"": 32.2794, ""mode"": ""current"", ""route"": 4, ""step"": 312}, {""distance"": 27.308999999999997, ""mode"": ""current"", ""route"": 4, ""step"": 336}, {""distance"": 27.093999999999994, ""mode"": ""current"", ""route"": 4, ""step"": 360}, {""distance"": 27.240799999999997, ""mode"": ""current"", ""route"": 4, ""step"": 384}, {""distance"": 23.42459999999999, ""mode"": ""current"", ""route"": 4, ""step"": 408}, {""distance"": 27.529799999999998, ""mode"": ""current"", ""route"": 4, ""step"": 432}, {""distance"": 23.858400000000003, ""mode"": ""current"", ""route"": 4, ""step"": 456}, {""distance"": 26.60659999999999, ""mode"": ""current"", ""route"": 4, ""step"": 480}, {""distance"": 34.791000000000004, ""mode"": ""current"", ""route"": 0, ""step"": 504}, {""distance"": 35.2298, ""mode"": ""current"", ""route"": 0, ""step"": 528}, {""distance"": 41.4532, ""mode"": ""current"", ""route"": 0, ""step"": 552}, {""distance"": 43.66460000000001, ""mode"": ""current"", ""route"": 4, ""step"": 576}, {""distance"": 51.519999999999996, ""mode"": ""current"", ""route"": 0, ""step"": 600}, {""distance"": 40.4934, ""mode"": ""current"", ""route"": 0, ""step"": 624}, {""distance"": 32.4718, ""mode"": ""current"", ""route"": 0, ""step"": 648}, {""distance"": 22.368, ""mode"": ""current"", ""route"": 0, ""step"": 672}, {""distance"": 40.667199999999994, ""mode"": ""current"", ""route"": 0, ""step"": 696}]","{""0"": 98.0, ""1"": 94.0, ""10"": 5928.0, ""11"": 13530.0, ""12"": 11198.0, ""13"": 14987.0, ""14"": 19769.0, ""15"": 19688.0, ""16"": 23375.0, ""17"": 25256.0, ""18"": 26336.0, ""19"": 29792.0, ""2"": 82.0, ""20"": 40492.0, ""21"": 45753.0, ""22"": 51884.0, ""23"": 58084.0, ""24"": 61752.0, ""25"": 74897.0, ""26"": 77043.0, ""27"": 81052.0, ""28"": 92875.0, ""3"": 135.0, ""4"": 96.0, ""5"": 403.0, ""6"": 668.0, ""7"": 109.0, ""8"": 1035.0, ""9"": 1583.0}","{""BUILD_PASTURE"": 12, ""CARE"": 233, ""COLLECT_FERTILIZER"": 268, ""DIG"": 16, ""DROP"": 72, ""EAST"": 901, ""FEED"": 254, ""HARVEST"": 202, ""NORTH"": 1306, ""PASS"": 1645, ""PICKUP"": 70, ""PLACE"": 12, ""PLANT"": 105, ""SOUTH"": 952, ""WATER"": 740, ""WEST"": 1143}","{""BUY_ANIMAL"": 7, ""BUY_LAND"": 2, ""BUY_PRODUCT"": 195, ""BUY_SEED"": 51, ""HIRE"": 319, ""SELL"": 201}","{""BUY_ANIMAL:COW"": 8, ""BUY_ANIMAL:SHEEP"": 4, ""BUY_PRODUCT:WHEAT"": 514, ""BUY_SEED:CARROT"": 15, ""BUY_SEED:MELON"": 20, ""BUY_SEED:STRAWBERRY"": 38, ""BUY_SEED:WHEAT"": 38, ""SELL:CARROT"": 36, ""SELL:FERTILIZER"": 268, ""SELL:MELON"": 112, ""SELL:MILK"": 183, ""SELL:STRAWBERRY"": 126, ""SELL:WHEAT"": 389, ""SELL:WOOL"": 108}",v008_current,builder
17,0,95599.0,130730.0,-35131.0,loss,DONE,DONE,1,719,0,0,0.837,1.50932,1.7929740000000014,2.1889,4.241104299988365,0,0,"[{""distance"": 0.0, ""mode"": ""current"", ""route"": 6, ""step"": 0}, {""distance"": 23.637, ""mode"": ""current"", ""route"": 6, ""step"": 24}, {""distance"": 19.3444, ""mode"": ""current"", ""route"": 6, ""step"": 48}, {""distance"": 21.1998, ""mode"": ""current"", ""route"": 6, ""step"": 72}, {""distance"": 23.376, ""mode"": ""current"", ""route"": 6, ""step"": 96}, {""distance"": 19.730799999999995, ""mode"": ""current"", ""route"": 5, ""step"": 120}, {""distance"": 17.3254, ""mode"": ""current"", ""route"": 5, ""step"": 144}, {""distance"": 18.0594, ""mode"": ""current"", ""route"": 5, ""step"": 168}, {""distance"": 25.937599999999996, ""mode"": ""current"", ""route"": 5, ""step"": 192}, {""distance"": 27.958799999999997, ""mode"": ""current"", ""route"": 5, ""step"": 216}, {""distance"": 24.442599999999995, ""mode"": ""current"", ""route"": 5, ""step"": 240}, {""distance"": 43.216800000000006, ""mode"": ""current"", ""route"": 7, ""step"": 264}, {""distance"": 33.16460000000001, ""mode"": ""current"", ""route"": 5, ""step"": 288}, {""distance"": 39.9962, ""mode"": ""current"", ""route"": 5, ""step"": 312}, {""distance"": 29.2936, ""mode"": ""current"", ""route"": 5, ""step"": 336}, {""distance"": 36.349799999999995, ""mode"": ""current"", ""route"": 4, ""step"": 360}, {""distance"": 33.32439999999999, ""mode"": ""current"", ""route"": 5, ""step"": 384}, {""distance"": 27.673000000000002, ""mode"": ""current"", ""route"": 0, ""step"": 408}, {""distance"": 36.6268, ""mode"": ""current"", ""route"": 0, ""step"": 432}, {""distance"": 36.9966, ""mode"": ""current"", ""route"": 0, ""step"": 456}, {""distance"": 38.8998, ""mode"": ""current"", ""route"": 0, ""step"": 480}, {""distance"": 47.903200000000005, ""mode"": ""current"", ""route"": 4, ""step"": 504}, {""distance"": 54.081600000000016, ""mode"": ""current"", ""route"": 5, ""step"": 528}, {""distance"": 60.04259999999999, ""mode"": ""current"", ""route"": 5, ""step"": 552}, {""distance"": 59.08459999999998, ""mode"": ""current"", ""route"": 5, ""step"": 576}, {""distance"": 66.473, ""mode"": ""current"", ""route"": 0, ""step"": 600}, {""distance"": 43.504799999999996, ""mode"": ""current"", ""route"": 0, ""step"": 624}, {""distance"": 39.46999999999999, ""mode"": ""current"", ""route"": 0, ""step"": 648}, {""distance"": 36.45239999999999, ""mode"": ""current"", ""route"": 0, ""step"": 672}, {""distance"": 40.46979999999999, ""mode"": ""current"", ""route"": 0, ""step"": 696}]","{""0"": 98.0, ""1"": 94.0, ""10"": 9819.0, ""11"": 11602.0, ""12"": 11245.0, ""13"": 15026.0, ""14"": 16383.0, ""15"": 18357.0, ""16"": 21974.0, ""17"": 23320.0, ""18"": 24931.0, ""19"": 29237.0, ""2"": 82.0, ""20"": 44008.0, ""21"": 52114.0, ""22"": 55726.0, ""23"": 59879.0, ""24"": 64991.0, ""25"": 70990.0, ""26"": 80246.0, ""27"": 81780.0, ""28"": 92927.0, ""3"": 136.0, ""4"": 95.0, ""5"": 402.0, ""6"": 666.0, ""7"": 80.0, ""8"": 1002.0, ""9"": 1600.0}","{""BUILD_PASTURE"": 12, ""CARE"": 226, ""COLLECT_FERTILIZER"": 271, ""DIG"": 23, ""DROP"": 80, ""EAST"": 923, ""FEED"": 259, ""HARVEST"": 200, ""NORTH"": 1367, ""PASS"": 1532, ""PICKUP"": 67, ""PLACE"": 12, ""PLANT"": 101, ""SOUTH"": 969, ""WATER"": 725, ""WEST"": 1102}","{""BUY_ANIMAL"": 7, ""BUY_LAND"": 2, ""BUY_PRODUCT"": 194, ""BUY_SEED"": 48, ""HIRE"": 316, ""SELL"": 193}","{""BUY_ANIMAL:COW"": 9, ""BUY_ANIMAL:SHEEP"": 3, ""BUY_PRODUCT:WHEAT"": 523, ""BUY_SEED:CARROT"": 16, ""BUY_SEED:MELON"": 20, ""BUY_SEED:STRAWBERRY"": 37, ""BUY_SEED:WHEAT"": 32, ""SELL:CARROT"": 36, ""SELL:FERTILIZER"": 271, ""SELL:MELON"": 118, ""SELL:MILK"": 211, ""SELL:STRAWBERRY"": 125, ""SELL:WHEAT"": 375, ""SELL:WOOL"": 78}",v008_current,frontier
17,1,95786.0,138039.0,-42253.0,loss,DONE,DONE,1,719,0,0,0.7844,1.48701,1.7471020000000008,1.8458,4.170664599980228,0,0,"[{""distance"": 0.0, ""mode"": ""current"", ""route"": 6, ""step"": 0}, {""distance"": 23.637, ""mode"": ""current"", ""route"": 6, ""step"": 24}, {""distance"": 19.8444, ""mode"": ""current"", ""route"": 6, ""step"": 48}, {""distance"": 21.6998, ""mode"": ""current"", ""route"": 6, ""step"": 72}, {""distance"": 23.876, ""mode"": ""current"", ""route"": 5, ""step"": 96}, {""distance"": 20.1708, ""mode"": ""current"", ""route"": 5, ""step"": 120}, {""distance"": 19.5354, ""mode"": ""current"", ""route"": 5, ""step"": 144}, {""distance"": 20.4282, ""mode"": ""current"", ""route"": 5, ""step"": 168}, {""distance"": 27.321799999999996, ""mode"": ""current"", ""route"": 5, ""step"": 192}, {""distance"": 36.873799999999996, ""mode"": ""current"", ""route"": 5, ""step"": 216}, {""distance"": 26.1678, ""mode"": ""current"", ""route"": 5, ""step"": 240}, {""distance"": 43.022600000000004, ""mode"": ""current"", ""route"": 7, ""step"": 264}, {""distance"": 33.3202, ""mode"": ""current"", ""route"": 5, ""step"": 288}, {""distance"": 37.4538, ""mode"": ""current"", ""route"": 5, ""step"": 312}, {""distance"": 31.4332, ""mode"": ""current"", ""route"": 7, ""step"": 336}, {""distance"": 28.586199999999998, ""mode"": ""current"", ""route"": 7, ""step"": 360}, {""distance"": 27.564199999999996, ""mode"": ""current"", ""route"": 7, ""step"": 384}, {""distance"": 26.328, ""mode"": ""current"", ""route"": 7, ""step"": 408}, {""distance"": 29.990399999999994, ""mode"": ""current"", ""route"": 7, ""step"": 432}, {""distance"": 31.768, ""mode"": ""current"", ""route"": 4, ""step"": 456}, {""distance"": 26.568800000000003, ""mode"": ""current"", ""route"": 7, ""step"": 480}, {""distance"": 40.9412, ""mode"": ""current"", ""route"": 7, ""step"": 504}, {""distance"": 44.27619999999999, ""mode"": ""current"", ""route"": 7, ""step"": 528}, {""distance"": 47.537, ""mode"": ""current"", ""route"": 7, ""step"": 552}, {""distance"": 47.355999999999995, ""mode"": ""current"", ""route"": 7, ""step"": 576}, {""distance"": 49.2858, ""mode"": ""current"", ""route"": 7, ""step"": 600}, {""distance"": 41.02, ""mode"": ""current"", ""route"": 5, ""step"": 624}, {""distance"": 35.78039999999999, ""mode"": ""current"", ""route"": 0, ""step"": 648}, {""distance"": 39.798, ""mode"": ""current"", ""route"": 0, ""step"": 672}, {""distance"": 40.2422, ""mode"": ""current"", ""route"": 0, ""step"": 696}]","{""0"": 98.0, ""1"": 94.0, ""10"": 9598.0, ""11"": 11191.0, ""12"": 10907.0, ""13"": 14325.0, ""14"": 18003.0, ""15"": 19620.0, ""16"": 23070.0, ""17"": 25105.0, ""18"": 26288.0, ""19"": 34887.0, ""2"": 82.0, ""20"": 44238.0, ""21"": 45263.0, ""22"": 49395.0, ""23"": 62046.0, ""24"": 62918.0, ""25"": 73169.0, ""26"": 75344.0, ""27"": 80702.0, ""28"": 92987.0, ""3"": 136.0, ""4"": 95.0, ""5"": 402.0, ""6"": 672.0, ""7"": 109.0, ""8"": 589.0, ""9"": 1476.0}","{""BUILD_PASTURE"": 12, ""CARE"": 222, ""COLLECT_FERTILIZER"": 267, ""DIG"": 26, ""DROP"": 70, ""EAST"": 906, ""FEED"": 260, ""HARVEST"": 191, ""NORTH"": 1295, ""PASS"": 1570, ""PICKUP"": 73, ""PLACE"": 12, ""PLANT"": 99, ""SOUTH"": 944, ""WATER"": 721, ""WEST"": 1117}","{""BUY_ANIMAL"": 7, ""BUY_LAND"": 2, ""BUY_PRODUCT"": 196, ""BUY_SEED"": 51, ""HIRE"": 312, ""SELL"": 182}","{""BUY_ANIMAL:COW"": 7, ""BUY_ANIMAL:SHEEP"": 5, ""BUY_PRODUCT:WHEAT"": 526, ""BUY_SEED:CARROT"": 14, ""BUY_SEED:MELON"": 20, ""BUY_SEED:STRAWBERRY"": 37, ""BUY_SEED:WHEAT"": 36, ""SELL:CARROT"": 30, ""SELL:FERTILIZER"": 267, ""SELL:MELON"": 111, ""SELL:MILK"": 172, ""SELL:STRAWBERRY"": 120, ""SELL:WHEAT"": 380, ""SELL:WOOL"": 107}",v008_current,frontier
42,0,86956.0,138588.0,-51632.0,loss,DONE,DONE,1,719,0,0,0.7968,1.4853300000000003,1.8017080000000008,2.1309,4.161716600006912,0,0,"[{""distance"": 0.0, ""mode"": ""current"", ""route"": 6, ""step"": 0}, {""distance"": 23.637, ""mode"": ""current"", ""route"": 6, ""step"": 24}, {""distance"": 19.3444, ""mode"": ""current"", ""route"": 6, ""step"": 48}, {""distance"": 21.1998, ""mode"": ""current"", ""route"": 6, ""step"": 72}, {""distance"": 23.376, ""mode"": ""current"", ""route"": 5, ""step"": 96}, {""distance"": 19.650799999999997, ""mode"": ""current"", ""route"": 5, ""step"": 120}, {""distance"": 17.2654, ""mode"": ""current"", ""route"": 5, ""step"": 144}, {""distance"": 18.2796, ""mode"": ""current"", ""route"": 5, ""step"": 168}, {""distance"": 25.293599999999998, ""mode"": ""current"", ""route"": 5, ""step"": 192}, {""distance"": 34.0692, ""mode"": ""current"", ""route"": 5, ""step"": 216}, {""distance"": 21.5796, ""mode"": ""current"", ""route"": 5, ""step"": 240}, {""distance"": 43.1584, ""mode"": ""current"", ""route"": 7, ""step"": 264}, {""distance"": 36.90899999999999, ""mode"": ""current"", ""route"": 5, ""step"": 288}, {""distance"": 36.22719999999999, ""mode"": ""current"", ""route"": 5, ""step"": 312}, {""distance"": 30.70340000000001, ""mode"": ""current"", ""route"": 5, ""step"": 336}, {""distance"": 29.199399999999997, ""mode"": ""current"", ""route"": 7, ""step"": 360}, {""distance"": 29.364999999999995, ""mode"": ""current"", ""route"": 4, ""step"": 384}, {""distance"": 27.521399999999993, ""mode"": ""current"", ""route"": 5, ""step"": 408}, {""distance"": 29.7598, ""mode"": ""current"", ""route"": 7, ""step"": 432}, {""distance"": 34.4696, ""mode"": ""current"", ""route"": 4, ""step"": 456}, {""distance"": 29.696599999999997, ""mode"": ""current"", ""route"": 7, ""step"": 480}, {""distance"": 42.2776, ""mode"": ""current"", ""route"": 7, ""step"": 504}, {""distance"": 42.1946, ""mode"": ""current"", ""route"": 7, ""step"": 528}, {""distance"": 45.89620000000002, ""mode"": ""current"", ""route"": 7, ""step"": 552}, {""distance"": 44.208999999999996, ""mode"": ""current"", ""route"": 7, ""step"": 576}, {""distance"": 49.04619999999999, ""mode"": ""current"", ""route"": 7, ""step"": 600}, {""distance"": 43.3716, ""mode"": ""current"", ""route"": 5, ""step"": 624}, {""distance"": 41.0122, ""mode"": ""current"", ""route"": 7, ""step"": 648}, {""distance"": 40.41080000000001, ""mode"": ""current"", ""route"": 5, ""step"": 672}, {""distance"": 46.011, ""mode"": ""current"", ""route"": 5, ""step"": 696}]","{""0"": 98.0, ""1"": 94.0, ""10"": 8227.0, ""11"": 9785.0, ""12"": 9490.0, ""13"": 13184.0, ""14"": 16431.0, ""15"": 17418.0, ""16"": 20252.0, ""17"": 21808.0, ""18"": 23730.0, ""19"": 27698.0, ""2"": 82.0, ""20"": 37606.0, ""21"": 38971.0, ""22"": 42849.0, ""23"": 50631.0, ""24"": 57368.0, ""25"": 62261.0, ""26"": 70134.0, ""27"": 72427.0, ""28"": 85239.0, ""3"": 136.0, ""4"": 95.0, ""5"": 402.0, ""6"": 665.0, ""7"": 100.0, ""8"": 662.0, ""9"": 885.0}","{""BUILD_PASTURE"": 12, ""CARE"": 208, ""COLLECT_FERTILIZER"": 272, ""DIG"": 26, ""DROP"": 78, ""EAST"": 824, ""FEED"": 253, ""HARVEST"": 184, ""NORTH"": 1346, ""PASS"": 1563, ""PICKUP"": 73, ""PLACE"": 12, ""PLANT"": 100, ""SOUTH"": 1012, ""WATER"": 726, ""WEST"": 1135}","{""BUY_ANIMAL"": 6, ""BUY_LAND"": 2, ""BUY_PRODUCT"": 199, ""BUY_SEED"": 53, ""HIRE"": 314, ""SELL"": 181}","{""BUY_ANIMAL:COW"": 6, ""BUY_ANIMAL:SHEEP"": 6, ""BUY_PRODUCT:WHEAT"": 516, ""BUY_SEED:CARROT"": 12, ""BUY_SEED:MELON"": 20, ""BUY_SEED:STRAWBERRY"": 37, ""BUY_SEED:WHEAT"": 36, ""SELL:CARROT"": 27, ""SELL:FERTILIZER"": 272, ""SELL:MELON"": 119, ""SELL:MILK"": 123, ""SELL:STRAWBERRY"": 122, ""SELL:WHEAT"": 379, ""SELL:WOOL"": 134}",v008_current,frontier
42,1,85845.0,133075.0,-47230.0,loss,DONE,DONE,1,719,0,0,0.8288,1.4367700000000003,1.7473540000000005,2.6234,4.187334699992789,0,0,"[{""distance"": 0.0, ""mode"": ""current"", ""route"": 6, ""step"": 0}, {""distance"": 23.637, ""mode"": ""current"", ""route"": 6, ""step"": 24}, {""distance"": 19.3444, ""mode"": ""current"", ""route"": 6, ""step"": 48}, {""distance"": 21.1998, ""mode"": ""current"", ""route"": 6, ""step"": 72}, {""distance"": 23.376, ""mode"": ""current"", ""route"": 5, ""step"": 96}, {""distance"": 19.650799999999997, ""mode"": ""current"", ""route"": 5, ""step"": 120}, {""distance"": 17.2654, ""mode"": ""current"", ""route"": 5, ""step"": 144}, {""distance"": 18.2796, ""mode"": ""current"", ""route"": 5, ""step"": 168}, {""distance"": 25.293599999999998, ""mode"": ""current"", ""route"": 5, ""step"": 192}, {""distance"": 34.0692, ""mode"": ""current"", ""route"": 5, ""step"": 216}, {""distance"": 21.5796, ""mode"": ""current"", ""route"": 5, ""step"": 240}, {""distance"": 43.1584, ""mode"": ""current"", ""route"": 7, ""step"": 264}, {""distance"": 35.40899999999999, ""mode"": ""current"", ""route"": 5, ""step"": 288}, {""distance"": 36.72719999999999, ""mode"": ""current"", ""route"": 5, ""step"": 312}, {""distance"": 32.3464, ""mode"": ""current"", ""route"": 7, ""step"": 336}, {""distance"": 30.199399999999997, ""mode"": ""current"", ""route"": 7, ""step"": 360}, {""distance"": 29.076799999999995, ""mode"": ""current"", ""route"": 0, ""step"": 384}, {""distance"": 28.021399999999993, ""mode"": ""current"", ""route"": 5, ""step"": 408}, {""distance"": 31.7598, ""mode"": ""current"", ""route"": 7, ""step"": 432}, {""distance"": 36.07019999999999, ""mode"": ""current"", ""route"": 3, ""step"": 456}, {""distance"": 30.696599999999997, ""mode"": ""current"", ""route"": 7, ""step"": 480}, {""distance"": 43.2776, ""mode"": ""current"", ""route"": 7, ""step"": 504}, {""distance"": 43.05460000000001, ""mode"": ""current"", ""route"": 7, ""step"": 528}, {""distance"": 47.27020000000002, ""mode"": ""current"", ""route"": 7, ""step"": 552}, {""distance"": 45.10339999999999, ""mode"": ""current"", ""route"": 7, ""step"": 576}, {""distance"": 45.372400000000006, ""mode"": ""current"", ""route"": 7, ""step"": 600}, {""distance"": 42.9466, ""mode"": ""current"", ""route"": 5, ""step"": 624}, {""distance"": 40.4986, ""mode"": ""current"", ""route"": 7, ""step"": 648}, {""distance"": 40.8574, ""mode"": ""current"", ""route"": 5, ""step"": 672}, {""distance"": 47.9962, ""mode"": ""current"", ""route"": 5, ""step"": 696}]","{""0"": 98.0, ""1"": 94.0, ""10"": 8227.0, ""11"": 9785.0, ""12"": 9490.0, ""13"": 13184.0, ""14"": 16431.0, ""15"": 17418.0, ""16"": 20252.0, ""17"": 21808.0, ""18"": 23730.0, ""19"": 27698.0, ""2"": 82.0, ""20"": 37606.0, ""21"": 38971.0, ""22"": 42679.0, ""23"": 53059.0, ""24"": 58636.0, ""25"": 62886.0, ""26"": 68502.0, ""27"": 71694.0, ""28"": 84218.0, ""3"": 136.0, ""4"": 95.0, ""5"": 402.0, ""6"": 665.0, ""7"": 100.0, ""8"": 662.0, ""9"": 885.0}","{""BUILD_PASTURE"": 12, ""CARE"": 212, ""COLLECT_FERTILIZER"": 272, ""DIG"": 22, ""DROP"": 87, ""EAST"": 819, ""FEED"": 253, ""HARVEST"": 183, ""NORTH"": 1331, ""PASS"": 1567, ""PICKUP"": 74, ""PLACE"": 12, ""PLANT"": 99, ""SOUTH"": 1005, ""WATER"": 722, ""WEST"": 1132}","{""BUY_ANIMAL"": 6, ""BUY_LAND"": 2, ""BUY_PRODUCT"": 199, ""BUY_SEED"": 53, ""HIRE"": 313, ""SELL"": 184}","{""BUY_ANIMAL:COW"": 6, ""BUY_ANIMAL:SHEEP"": 6, ""BUY_PRODUCT:WHEAT"": 516, ""BUY_SEED:CARROT"": 12, ""BUY_SEED:MELON"": 20, ""BUY_SEED:STRAWBERRY"": 37, ""BUY_SEED:WHEAT"": 36, ""SELL:CARROT"": 24, ""SELL:FERTILIZER"": 272, ""SELL:MELON"": 119, ""SELL:MILK"": 124, ""SELL:STRAWBERRY"": 122, ""SELL:WHEAT"": 379, ""SELL:WOOL"": 137}",v008_current,frontier
2026,0,102225.0,132694.0,-30469.0,loss,DONE,DONE,1,719,0,0,0.8232,1.4738,1.7944900000000052,2.2854,4.283256800001254,0,0,"[{""distance"": 0.0, ""mode"": ""current"", ""route"": 6, ""step"": 0}, {""distance"": 23.637, ""mode"": ""current"", ""route"": 6, ""step"": 24}, {""distance"": 19.3444, ""mode"": ""current"", ""route"": 6, ""step"": 48}, {""distance"": 21.1998, ""mode"": ""current"", ""route"": 6, ""step"": 72}, {""distance"": 23.356, ""mode"": ""current"", ""route"": 5, ""step"": 96}, {""distance"": 19.5704, ""mode"": ""current"", ""route"": 5, ""step"": 120}, {""distance"": 17.106199999999998, ""mode"": ""current"", ""route"": 5, ""step"": 144}, {""distance"": 18.1202, ""mode"": ""current"", ""route"": 5, ""step"": 168}, {""distance"": 36.51660000000001, ""mode"": ""current"", ""route"": 5, ""step"": 192}, {""distance"": 27.589999999999996, ""mode"": ""current"", ""route"": 5, ""step"": 216}, {""distance"": 23.593599999999995, ""mode"": ""current"", ""route"": 5, ""step"": 240}, {""distance"": 43.9326, ""mode"": ""current"", ""route"": 7, ""step"": 264}, {""distance"": 52.07, ""mode"": ""current"", ""route"": 5, ""step"": 288}, {""distance"": 62.369, ""mode"": ""current"", ""route"": 5, ""step"": 312}, {""distance"": 52.3252, ""mode"": ""current"", ""route"": 5, ""step"": 336}, {""distance"": 56.668200000000006, ""mode"": ""current"", ""route"": 7, ""step"": 360}, {""distance"": 57.9188, ""mode"": ""current"", ""route"": 0, ""step"": 384}, {""distance"": 59.190799999999996, ""mode"": ""current"", ""route"": 2, ""step"": 408}, {""distance"": 58.8518, ""mode"": ""current"", ""route"": 0, ""step"": 432}, {""distance"": 53.9574, ""mode"": ""current"", ""route"": 0, ""step"": 456}, {""distance"": 60.933000000000014, ""mode"": ""current"", ""route"": 7, ""step"": 480}, {""distance"": 70.1532, ""mode"": ""current"", ""route"": 7, ""step"": 504}, {""distance"": 70.3898, ""mode"": ""current"", ""route"": 7, ""step"": 528}, {""distance"": 71.91579999999999, ""mode"": ""current"", ""route"": 7, ""step"": 552}, {""distance"": 68.6702, ""mode"": ""current"", ""route"": 7, ""step"": 576}, {""distance"": 77.0678, ""mode"": ""current"", ""route"": 7, ""step"": 600}, {""distance"": 67.93020000000001, ""mode"": ""current"", ""route"": 5, ""step"": 624}, {""distance"": 64.9858, ""mode"": ""current"", ""route"": 7, ""step"": 648}, {""distance"": 56.867200000000004, ""mode"": ""current"", ""route"": 5, ""step"": 672}, {""distance"": 64.81060000000001, ""mode"": ""current"", ""route"": 7, ""step"": 696}]","{""0"": 98.0, ""1"": 94.0, ""10"": 7498.0, ""11"": 10349.0, ""12"": 10081.0, ""13"": 13732.0, ""14"": 17943.0, ""15"": 21050.0, ""16"": 23238.0, ""17"": 25649.0, ""18"": 30677.0, ""19"": 34916.0, ""2"": 82.0, ""20"": 47977.0, ""21"": 51895.0, ""22"": 57951.0, ""23"": 64025.0, ""24"": 69205.0, ""25"": 73268.0, ""26"": 84566.0, ""27"": 89545.0, ""28"": 99675.0, ""3"": 136.0, ""4"": 97.0, ""5"": 398.0, ""6"": 662.0, ""7"": 85.0, ""8"": 558.0, ""9"": 1055.0}","{""BUILD_PASTURE"": 12, ""CARE"": 253, ""COLLECT_FERTILIZER"": 273, ""DIG"": 23, ""DROP"": 71, ""EAST"": 924, ""FEED"": 256, ""HARVEST"": 197, ""NORTH"": 1328, ""PASS"": 1575, ""PICKUP"": 70, ""PLACE"": 12, ""PLANT"": 103, ""SOUTH"": 924, ""WATER"": 741, ""WEST"": 1129}","{""BUY_ANIMAL"": 7, ""BUY_LAND"": 2, ""BUY_PRODUCT"": 200, ""BUY_SEED"": 50, ""HIRE"": 317, ""SELL"": 178}","{""BUY_ANIMAL:COW"": 2, ""BUY_ANIMAL:SHEEP"": 10, ""BUY_PRODUCT:WHEAT"": 517, ""BUY_SEED:CARROT"": 16, ""BUY_SEED:MELON"": 20, ""BUY_SEED:STRAWBERRY"": 37, ""BUY_SEED:WHEAT"": 37, ""SELL:CARROT"": 36, ""SELL:FERTILIZER"": 273, ""SELL:MELON"": 114, ""SELL:MILK"": 69, ""SELL:STRAWBERRY"": 125, ""SELL:WHEAT"": 380, ""SELL:WOOL"": 226}",v008_current,frontier
2026,1,100056.0,124324.0,-24268.0,loss,DONE,DONE,1,719,0,0,0.8281,1.4592300000000002,1.726116000000001,2.2578,4.16052689999924,0,0,"[{""distance"": 0.0, ""mode"": ""current"", ""route"": 6, ""step"": 0}, {""distance"": 23.637, ""mode"": ""current"", ""route"": 6, ""step"": 24}, {""distance"": 19.3444, ""mode"": ""current"", ""route"": 6, ""step"": 48}, {""distance"": 21.1998, ""mode"": ""current"", ""route"": 6, ""step"": 72}, {""distance"": 23.356, ""mode"": ""current"", ""route"": 5, ""step"": 96}, {""distance"": 19.5704, ""mode"": ""current"", ""route"": 5, ""step"": 120}, {""distance"": 17.106199999999998, ""mode"": ""current"", ""route"": 5, ""step"": 144}, {""distance"": 18.1202, ""mode"": ""current"", ""route"": 5, ""step"": 168}, {""distance"": 36.51660000000001, ""mode"": ""current"", ""route"": 5, ""step"": 192}, {""distance"": 27.589999999999996, ""mode"": ""current"", ""route"": 5, ""step"": 216}, {""distance"": 23.593599999999995, ""mode"": ""current"", ""route"": 5, ""step"": 240}, {""distance"": 43.9326, ""mode"": ""current"", ""route"": 7, ""step"": 264}, {""distance"": 49.562000000000005, ""mode"": ""current"", ""route"": 5, ""step"": 288}, {""distance"": 55.3772, ""mode"": ""current"", ""route"": 5, ""step"": 312}, {""distance"": 58.9002, ""mode"": ""current"", ""route"": 5, ""step"": 336}, {""distance"": 54.491800000000005, ""mode"": ""current"", ""route"": 7, ""step"": 360}, {""distance"": 53.702999999999996, ""mode"": ""current"", ""route"": 0, ""step"": 384}, {""distance"": 59.1016, ""mode"": ""current"", ""route"": 2, ""step"": 408}, {""distance"": 60.38660000000001, ""mode"": ""current"", ""route"": 0, ""step"": 432}, {""distance"": 54.8782, ""mode"": ""current"", ""route"": 0, ""step"": 456}, {""distance"": 60.2646, ""mode"": ""current"", ""route"": 7, ""step"": 480}, {""distance"": 68.009, ""mode"": ""current"", ""route"": 7, ""step"": 504}, {""distance"": 72.33779999999999, ""mode"": ""current"", ""route"": 7, ""step"": 528}, {""distance"": 73.0586, ""mode"": ""current"", ""route"": 7, ""step"": 552}, {""distance"": 70.019, ""mode"": ""current"", ""route"": 7, ""step"": 576}, {""distance"": 76.84360000000002, ""mode"": ""current"", ""route"": 7, ""step"": 600}, {""distance"": 62.17439999999999, ""mode"": ""current"", ""route"": 5, ""step"": 624}, {""distance"": 60.2422, ""mode"": ""current"", ""route"": 0, ""step"": 648}, {""distance"": 58.25500000000001, ""mode"": ""current"", ""route"": 5, ""step"": 672}, {""distance"": 64.7692, ""mode"": ""current"", ""route"": 7, ""step"": 696}]","{""0"": 98.0, ""1"": 94.0, ""10"": 7498.0, ""11"": 10349.0, ""12"": 10040.0, ""13"": 16459.0, ""14"": 17825.0, ""15"": 20871.0, ""16"": 22684.0, ""17"": 27321.0, ""18"": 30373.0, ""19"": 35706.0, ""2"": 82.0, ""20"": 49539.0, ""21"": 51455.0, ""22"": 58237.0, ""23"": 62081.0, ""24"": 68179.0, ""25"": 73147.0, ""26"": 82185.0, ""27"": 86906.0, ""28"": 97403.0, ""3"": 136.0, ""4"": 97.0, ""5"": 398.0, ""6"": 662.0, ""7"": 85.0, ""8"": 558.0, ""9"": 1055.0}","{""BUILD_PASTURE"": 12, ""CARE"": 252, ""COLLECT_FERTILIZER"": 270, ""DIG"": 21, ""DROP"": 71, ""EAST"": 895, ""FEED"": 260, ""HARVEST"": 194, ""NORTH"": 1321, ""PASS"": 1609, ""PICKUP"": 70, ""PLACE"": 12, ""PLANT"": 101, ""SOUTH"": 934, ""WATER"": 721, ""WEST"": 1106}","{""BUY_ANIMAL"": 7, ""BUY_LAND"": 2, ""BUY_PRODUCT"": 203, ""BUY_SEED"": 45, ""HIRE"": 315, ""SELL"": 175}","{""BUY_ANIMAL:COW"": 2, ""BUY_ANIMAL:SHEEP"": 10, ""BUY_PRODUCT:WHEAT"": 525, ""BUY_SEED:CARROT"": 14, ""BUY_SEED:MELON"": 20, ""BUY_SEED:STRAWBERRY"": 37, ""BUY_SEED:WHEAT"": 35, ""SELL:CARROT"": 32, ""SELL:FERTILIZER"": 270, ""SELL:MELON"": 112, ""SELL:MILK"": 69, ""SELL:STRAWBERRY"": 123, ""SELL:WHEAT"": 379, ""SELL:WOOL"": 232}",v008_current,frontier
17,0,134340.0,3489.0,130851.0,win,DONE,DONE,1,719,0,0,0.8369,1.4725800000000002,1.7425040000000012,2.8372,3.101211400004104,0,2,"[{""distance"": 0.0, ""mode"": ""frontier"", ""route"": 6, ""step"": 0}, {""distance"": 16.0432, ""mode"": ""frontier"", ""route"": 1, ""step"": 24}, {""distance"": 16.5634, ""mode"": ""frontier"", ""route"": 0, ""step"": 48}, {""distance"": 19.209000000000003, ""mode"": ""frontier"", ""route"": 2, ""step"": 72}, {""distance"": 23.511599999999998, ""mode"": ""frontier"", ""route"": 4, ""step"": 96}, {""distance"": 24.560599999999997, ""mode"": ""frontier"", ""route"": 7, ""step"": 120}, {""distance"": 30.651999999999997, ""mode"": ""frontier"", ""route"": 4, ""step"": 144}, {""distance"": 33.5356, ""mode"": ""frontier"", ""route"": 3, ""step"": 168}, {""distance"": 38.1338, ""mode"": ""frontier"", ""route"": 1, ""step"": 192}, {""distance"": 45.1406, ""mode"": ""current"", ""route"": 1, ""step"": 216}, {""distance"": 56.693400000000004, ""mode"": ""current"", ""route"": 1, ""step"": 240}, {""distance"": 59.729000000000006, ""mode"": ""current"", ""route"": 1, ""step"": 264}, {""distance"": 77.8518, ""mode"": ""current"", ""route"": 1, ""step"": 288}, {""distance"": 94.73679999999999, ""mode"": ""current"", ""route"": 1, ""step"": 312}, {""distance"": 97.2694, ""mode"": ""current"", ""route"": 1, ""step"": 336}, {""distance"": 97.96560000000001, ""mode"": ""current"", ""route"": 1, ""step"": 360}, {""distance"": 105.401, ""mode"": ""current"", ""route"": 1, ""step"": 384}, {""distance"": 106.9242, ""mode"": ""current"", ""route"": 1, ""step"": 408}, {""distance"": 111.62440000000001, ""mode"": ""current"", ""route"": 5, ""step"": 432}, {""distance"": 109.9552, ""mode"": ""current"", ""route"": 5, ""step"": 456}, {""distance"": 114.72080000000001, ""mode"": ""current"", ""route"": 5, ""step"": 480}, {""distance"": 108.51440000000001, ""mode"": ""current"", ""route"": 3, ""step"": 504}, {""distance"": 95.5966, ""mode"": ""current"", ""route"": 3, ""step"": 528}, {""distance"": 103.4016, ""mode"": ""current"", ""route"": 3, ""step"": 552}, {""distance"": 108.7956, ""mode"": ""current"", ""route"": 3, ""step"": 576}, {""distance"": 106.06500000000001, ""mode"": ""current"", ""route"": 3, ""step"": 600}, {""distance"": 108.6618, ""mode"": ""current"", ""route"": 3, ""step"": 624}, {""distance"": 108.89420000000001, ""mode"": ""current"", ""route"": 7, ""step"": 648}, {""distance"": 101.36359999999999, ""mode"": ""current"", ""route"": 7, ""step"": 672}, {""distance"": 108.9156, ""mode"": ""current"", ""route"": 2, ""step"": 696}]","{""0"": 176.0, ""1"": 237.0, ""10"": 5509.0, ""11"": 9810.0, ""12"": 10035.0, ""13"": 14751.0, ""14"": 24222.0, ""15"": 27266.0, ""16"": 31034.0, ""17"": 32818.0, ""18"": 38054.0, ""19"": 43997.0, ""2"": 513.0, ""20"": 52101.0, ""21"": 58244.0, ""22"": 66668.0, ""23"": 73527.0, ""24"": 87969.0, ""25"": 91418.0, ""26"": 104224.0, ""27"": 111871.0, ""28"": 129058.0, ""3"": 760.0, ""4"": 499.0, ""5"": 581.0, ""6"": 1522.0, ""7"": 389.0, ""8"": 707.0, ""9"": 1247.0}","{""BUILD_PASTURE"": 15, ""CARE"": 246, ""COLLECT_FERTILIZER"": 285, ""DIG"": 7, ""DROP"": 92, ""EAST"": 1035, ""FEED"": 267, ""HARVEST"": 210, ""NORTH"": 1390, ""PASS"": 775, ""PICKUP"": 112, ""PLACE"": 13, ""PLANT"": 106, ""SOUTH"": 1009, ""WATER"": 806, ""WEST"": 1221}","{""BUY_ANIMAL"": 12, ""BUY_LAND"": 2, ""BUY_PRODUCT"": 249, ""BUY_SEED"": 59, ""HIRE"": 307, ""SELL"": 230}","{""BUY_ANIMAL:COW"": 6, ""BUY_ANIMAL:SHEEP"": 6, ""BUY_PRODUCT:WHEAT"": 619, ""BUY_SEED:CARROT"": 10, ""BUY_SEED:MELON"": 18, ""BUY_SEED:STRAWBERRY"": 45, ""BUY_SEED:WHEAT"": 39, ""SELL:CARROT"": 21, ""SELL:FERTILIZER"": 285, ""SELL:MELON"": 108, ""SELL:MILK"": 170, ""SELL:STRAWBERRY"": 144, ""SELL:WHEAT"": 472, ""SELL:WOOL"": 131}",v008_q25,starter
17,1,135519.0,3494.0,132025.0,win,DONE,DONE,1,719,0,0,0.8323,1.45549,1.776052000000001,2.3301,2.8473711000115145,0,2,"[{""distance"": 0.0, ""mode"": ""frontier"", ""route"": 6, ""step"": 0}, {""distance"": 16.0432, ""mode"": ""frontier"", ""route"": 1, ""step"": 24}, {""distance"": 17.0634, ""mode"": ""frontier"", ""route"": 0, ""step"": 48}, {""distance"": 18.209000000000003, ""mode"": ""frontier"", ""route"": 1, ""step"": 72}, {""distance"": 22.511599999999998, ""mode"": ""frontier"", ""route"": 4, ""step"": 96}, {""distance"": 24.493, ""mode"": ""frontier"", ""route"": 4, ""step"": 120}, {""distance"": 27.052, ""mode"": ""frontier"", ""route"": 4, ""step"": 144}, {""distance"": 29.215, ""mode"": ""frontier"", ""route"": 3, ""step"": 168}, {""distance"": 33.642399999999995, ""mode"": ""frontier"", ""route"": 3, ""step"": 192}, {""distance"": 40.3916, ""mode"": ""current"", ""route"": 3, ""step"": 216}, {""distance"": 54.836, ""mode"": ""current"", ""route"": 1, ""step"": 240}, {""distance"": 57.0086, ""mode"": ""current"", ""route"": 1, ""step"": 264}, {""distance"": 77.48259999999999, ""mode"": ""current"", ""route"": 1, ""step"": 288}, {""distance"": 97.05839999999999, ""mode"": ""current"", ""route"": 1, ""step"": 312}, {""distance"": 97.5802, ""mode"": ""current"", ""route"": 1, ""step"": 336}, {""distance"": 98.0422, ""mode"": ""current"", ""route"": 1, ""step"": 360}, {""distance"": 105.52499999999999, ""mode"": ""current"", ""route"": 1, ""step"": 384}, {""distance"": 107.9602, ""mode"": ""current"", ""route"": 1, ""step"": 408}, {""distance"": 113.11059999999999, ""mode"": ""current"", ""route"": 5, ""step"": 432}, {""distance"": 111.13179999999998, ""mode"": ""current"", ""route"": 5, ""step"": 456}, {""distance"": 111.765, ""mode"": ""current"", ""route"": 3, ""step"": 480}, {""distance"": 109.0278, ""mode"": ""current"", ""route"": 3, ""step"": 504}, {""distance"": 101.21640000000001, ""mode"": ""current"", ""route"": 3, ""step"": 528}, {""distance"": 104.8674, ""mode"": ""current"", ""route"": 3, ""step"": 552}, {""distance"": 99.46, ""mode"": ""current"", ""route"": 3, ""step"": 576}, {""distance"": 107.0508, ""mode"": ""current"", ""route"": 3, ""step"": 600}, {""distance"": 108.08720000000001, ""mode"": ""current"", ""route"": 3, ""step"": 624}, {""distance"": 108.3824, ""mode"": ""current"", ""route"": 7, ""step"": 648}, {""distance"": 104.04339999999998, ""mode"": ""current"", ""route"": 3, ""step"": 672}, {""distance"": 102.917, ""mode"": ""current"", ""route"": 2, ""step"": 696}]","{""0"": 176.0, ""1"": 237.0, ""10"": 4207.0, ""11"": 10164.0, ""12"": 11727.0, ""13"": 16444.0, ""14"": 25345.0, ""15"": 29144.0, ""16"": 32656.0, ""17"": 35949.0, ""18"": 41581.0, ""19"": 46240.0, ""2"": 513.0, ""20"": 51834.0, ""21"": 57545.0, ""22"": 64339.0, ""23"": 73405.0, ""24"": 80240.0, ""25"": 93591.0, ""26"": 107858.0, ""27"": 113963.0, ""28"": 129459.0, ""3"": 760.0, ""4"": 499.0, ""5"": 581.0, ""6"": 1620.0, ""7"": 582.0, ""8"": 904.0, ""9"": 500.0}","{""BUILD_PASTURE"": 15, ""CARE"": 256, ""COLLECT_FERTILIZER"": 285, ""DIG"": 12, ""DROP"": 89, ""EAST"": 1017, ""FEED"": 271, ""HARVEST"": 215, ""NORTH"": 1333, ""PASS"": 767, ""PICKUP"": 110, ""PLACE"": 12, ""PLANT"": 105, ""SOUTH"": 1015, ""WATER"": 791, ""WEST"": 1273}","{""BUY_ANIMAL"": 12, ""BUY_LAND"": 2, ""BUY_PRODUCT"": 258, ""BUY_SEED"": 61, ""HIRE"": 306, ""SELL"": 233}","{""BUY_ANIMAL:COW"": 6, ""BUY_ANIMAL:SHEEP"": 6, ""BUY_PRODUCT:WHEAT"": 623, ""BUY_SEED:CARROT"": 9, ""BUY_SEED:MELON"": 17, ""BUY_SEED:STRAWBERRY"": 45, ""BUY_SEED:WHEAT"": 42, ""SELL:CARROT"": 15, ""SELL:FERTILIZER"": 285, ""SELL:MELON"": 101, ""SELL:MILK"": 169, ""SELL:STRAWBERRY"": 147, ""SELL:WHEAT"": 478, ""SELL:WOOL"": 146}",v008_q25,starter
42,0,137121.0,3503.0,133618.0,win,DONE,DONE,1,719,0,0,0.8068,1.4171600000000002,1.816774000000001,172.3698,3.0112290999968536,0,2,"[{""distance"": 0.0, ""mode"": ""frontier"", ""route"": 6, ""step"": 0}, {""distance"": 16.0432, ""mode"": ""frontier"", ""route"": 1, ""step"": 24}, {""distance"": 17.0634, ""mode"": ""frontier"", ""route"": 0, ""step"": 48}, {""distance"": 18.209000000000003, ""mode"": ""frontier"", ""route"": 1, ""step"": 72}, {""distance"": 22.512, ""mode"": ""frontier"", ""route"": 2, ""step"": 96}, {""distance"": 24.513399999999997, ""mode"": ""frontier"", ""route"": 2, ""step"": 120}, {""distance"": 27.0294, ""mode"": ""frontier"", ""route"": 2, ""step"": 144}, {""distance"": 29.0148, ""mode"": ""frontier"", ""route"": 3, ""step"": 168}, {""distance"": 33.5216, ""mode"": ""frontier"", ""route"": 3, ""step"": 192}, {""distance"": 40.309799999999996, ""mode"": ""current"", ""route"": 3, ""step"": 216}, {""distance"": 55.203199999999995, ""mode"": ""current"", ""route"": 1, ""step"": 240}, {""distance"": 56.9014, ""mode"": ""current"", ""route"": 0, ""step"": 264}, {""distance"": 81.8366, ""mode"": ""current"", ""route"": 1, ""step"": 288}, {""distance"": 94.5192, ""mode"": ""current"", ""route"": 3, ""step"": 312}, {""distance"": 96.85940000000001, ""mode"": ""current"", ""route"": 1, ""step"": 336}, {""distance"": 95.3644, ""mode"": ""current"", ""route"": 1, ""step"": 360}, {""distance"": 103.6862, ""mode"": ""current"", ""route"": 1, ""step"": 384}, {""distance"": 107.3144, ""mode"": ""current"", ""route"": 1, ""step"": 408}, {""distance"": 112.5264, ""mode"": ""current"", ""route"": 5, ""step"": 432}, {""distance"": 111.1162, ""mode"": ""current"", ""route"": 5, ""step"": 456}, {""distance"": 112.14120000000001, ""mode"": ""current"", ""route"": 3, ""step"": 480}, {""distance"": 107.34280000000001, ""mode"": ""current"", ""route"": 3, ""step"": 504}, {""distance"": 94.3578, ""mode"": ""current"", ""route"": 3, ""step"": 528}, {""distance"": 101.08660000000002, ""mode"": ""current"", ""route"": 3, ""step"": 552}, {""distance"": 107.5428, ""mode"": ""current"", ""route"": 3, ""step"": 576}, {""distance"": 109.98260000000002, ""mode"": ""current"", ""route"": 3, ""step"": 600}, {""distance"": 110.1792, ""mode"": ""current"", ""route"": 3, ""step"": 624}, {""distance"": 111.1814, ""mode"": ""current"", ""route"": 7, ""step"": 648}, {""distance"": 106.7576, ""mode"": ""current"", ""route"": 7, ""step"": 672}, {""distance"": 111.2778, ""mode"": ""current"", ""route"": 2, ""step"": 696}]","{""0"": 176.0, ""1"": 237.0, ""10"": 4179.0, ""11"": 10134.0, ""12"": 11695.0, ""13"": 16401.0, ""14"": 21272.0, ""15"": 27934.0, ""16"": 31185.0, ""17"": 33728.0, ""18"": 39959.0, ""19"": 44821.0, ""2"": 513.0, ""20"": 53059.0, ""21"": 58338.0, ""22"": 67143.0, ""23"": 76191.0, ""24"": 83881.0, ""25"": 94831.0, ""26"": 108002.0, ""27"": 116091.0, ""28"": 131047.0, ""3"": 760.0, ""4"": 499.0, ""5"": 581.0, ""6"": 1618.0, ""7"": 578.0, ""8"": 895.0, ""9"": 664.0}","{""BUILD_PASTURE"": 15, ""CARE"": 250, ""COLLECT_FERTILIZER"": 287, ""DIG"": 9, ""DROP"": 93, ""EAST"": 960, ""FEED"": 270, ""HARVEST"": 212, ""NORTH"": 1356, ""PASS"": 845, ""PICKUP"": 110, ""PLACE"": 12, ""PLANT"": 104, ""SOUTH"": 1052, ""WATER"": 807, ""WEST"": 1204}","{""BUY_ANIMAL"": 12, ""BUY_LAND"": 2, ""BUY_PRODUCT"": 246, ""BUY_SEED"": 57, ""HIRE"": 307, ""SELL"": 240}","{""BUY_ANIMAL:COW"": 6, ""BUY_ANIMAL:SHEEP"": 6, ""BUY_PRODUCT:WHEAT"": 629, ""BUY_SEED:CARROT"": 9, ""BUY_SEED:MELON"": 17, ""BUY_SEED:STRAWBERRY"": 45, ""BUY_SEED:WHEAT"": 39, ""SELL:CARROT"": 18, ""SELL:FERTILIZER"": 287, ""SELL:MELON"": 100, ""SELL:MILK"": 172, ""SELL:STRAWBERRY"": 145, ""SELL:WHEAT"": 472, ""SELL:WOOL"": 131}",v008_q25,starter
42,1,135119.0,3504.0,131615.0,win,DONE,DONE,1,719,0,0,0.8202,1.4122000000000001,1.6679540000000028,1.9133,3.0218831000092905,0,2,"[{""distance"": 0.0, ""mode"": ""frontier"", ""route"": 6, ""step"": 0}, {""distance"": 16.0432, ""mode"": ""frontier"", ""route"": 1, ""step"": 24}, {""distance"": 17.0634, ""mode"": ""frontier"", ""route"": 0, ""step"": 48}, {""distance"": 18.209000000000003, ""mode"": ""frontier"", ""route"": 1, ""step"": 72}, {""distance"": 22.512, ""mode"": ""frontier"", ""route"": 2, ""step"": 96}, {""distance"": 24.513399999999997, ""mode"": ""frontier"", ""route"": 2, ""step"": 120}, {""distance"": 27.0294, ""mode"": ""frontier"", ""route"": 2, ""step"": 144}, {""distance"": 29.0148, ""mode"": ""frontier"", ""route"": 3, ""step"": 168}, {""distance"": 33.5216, ""mode"": ""frontier"", ""route"": 3, ""step"": 192}, {""distance"": 40.309799999999996, ""mode"": ""current"", ""route"": 3, ""step"": 216}, {""distance"": 55.203199999999995, ""mode"": ""current"", ""route"": 1, ""step"": 240}, {""distance"": 56.4014, ""mode"": ""current"", ""route"": 0, ""step"": 264}, {""distance"": 81.8366, ""mode"": ""current"", ""route"": 1, ""step"": 288}, {""distance"": 96.0192, ""mode"": ""current"", ""route"": 3, ""step"": 312}, {""distance"": 98.35940000000001, ""mode"": ""current"", ""route"": 1, ""step"": 336}, {""distance"": 97.5496, ""mode"": ""current"", ""route"": 1, ""step"": 360}, {""distance"": 103.685, ""mode"": ""current"", ""route"": 1, ""step"": 384}, {""distance"": 107.1616, ""mode"": ""current"", ""route"": 7, ""step"": 408}, {""distance"": 112.343, ""mode"": ""current"", ""route"": 5, ""step"": 432}, {""distance"": 110.4586, ""mode"": ""current"", ""route"": 5, ""step"": 456}, {""distance"": 111.5552, ""mode"": ""current"", ""route"": 3, ""step"": 480}, {""distance"": 107.42699999999999, ""mode"": ""current"", ""route"": 3, ""step"": 504}, {""distance"": 94.43900000000001, ""mode"": ""current"", ""route"": 3, ""step"": 528}, {""distance"": 101.52980000000001, ""mode"": ""current"", ""route"": 3, ""step"": 552}, {""distance"": 100.2198, ""mode"": ""current"", ""route"": 3, ""step"": 576}, {""distance"": 103.411, ""mode"": ""current"", ""route"": 3, ""step"": 600}, {""distance"": 105.1998, ""mode"": ""current"", ""route"": 3, ""step"": 624}, {""distance"": 104.90240000000001, ""mode"": ""current"", ""route"": 7, ""step"": 648}, {""distance"": 106.91479999999999, ""mode"": ""current"", ""route"": 7, ""step"": 672}, {""distance"": 110.803, ""mode"": ""current"", ""route"": 2, ""step"": 696}]","{""0"": 176.0, ""1"": 237.0, ""10"": 4179.0, ""11"": 10134.0, ""12"": 11695.0, ""13"": 16401.0, ""14"": 22642.0, ""15"": 27886.0, ""16"": 31223.0, ""17"": 33811.0, ""18"": 39271.0, ""19"": 44091.0, ""2"": 513.0, ""20"": 49407.0, ""21"": 59732.0, ""22"": 68327.0, ""23"": 72556.0, ""24"": 80639.0, ""25"": 92628.0, ""26"": 106383.0, ""27"": 114729.0, ""28"": 129621.0, ""3"": 760.0, ""4"": 499.0, ""5"": 581.0, ""6"": 1618.0, ""7"": 578.0, ""8"": 895.0, ""9"": 664.0}","{""BUILD_PASTURE"": 15, ""CARE"": 256, ""COLLECT_FERTILIZER"": 287, ""DIG"": 8, ""DROP"": 94, ""EAST"": 1005, ""FEED"": 264, ""HARVEST"": 204, ""NORTH"": 1364, ""PASS"": 848, ""PICKUP"": 110, ""PLACE"": 12, ""PLANT"": 99, ""SOUTH"": 1035, ""WATER"": 775, ""WEST"": 1214}","{""BUY_ANIMAL"": 12, ""BUY_LAND"": 2, ""BUY_PRODUCT"": 258, ""BUY_SEED"": 56, ""HIRE"": 307, ""SELL"": 231}","{""BUY_ANIMAL:COW"": 6, ""BUY_ANIMAL:SHEEP"": 6, ""BUY_PRODUCT:WHEAT"": 626, ""BUY_SEED:CARROT"": 8, ""BUY_SEED:MELON"": 17, ""BUY_SEED:STRAWBERRY"": 45, ""BUY_SEED:WHEAT"": 39, ""SELL:CARROT"": 15, ""SELL:FERTILIZER"": 287, ""SELL:MELON"": 101, ""SELL:MILK"": 167, ""SELL:STRAWBERRY"": 146, ""SELL:WHEAT"": 465, ""SELL:WOOL"": 131}",v008_q25,starter
2026,0,129046.0,3507.0,125539.0,win,DONE,DONE,1,719,0,0,0.8338,1.41652,1.6502040000000004,1.9322,3.0601975999888964,0,2,"[{""distance"": 0.0, ""mode"": ""frontier"", ""route"": 6, ""step"": 0}, {""distance"": 16.0432, ""mode"": ""frontier"", ""route"": 1, ""step"": 24}, {""distance"": 17.166400000000003, ""mode"": ""frontier"", ""route"": 2, ""step"": 48}, {""distance"": 18.209000000000003, ""mode"": ""frontier"", ""route"": 2, ""step"": 72}, {""distance"": 22.6318, ""mode"": ""frontier"", ""route"": 4, ""step"": 96}, {""distance"": 24.6938, ""mode"": ""frontier"", ""route"": 4, ""step"": 120}, {""distance"": 27.2686, ""mode"": ""frontier"", ""route"": 4, ""step"": 144}, {""distance"": 29.669, ""mode"": ""frontier"", ""route"": 3, ""step"": 168}, {""distance"": 34.178399999999996, ""mode"": ""frontier"", ""route"": 3, ""step"": 192}, {""distance"": 41.473, ""mode"": ""current"", ""route"": 3, ""step"": 216}, {""distance"": 55.611200000000004, ""mode"": ""current"", ""route"": 1, ""step"": 240}, {""distance"": 55.1698, ""mode"": ""current"", ""route"": 0, ""step"": 264}, {""distance"": 84.02499999999999, ""mode"": ""current"", ""route"": 1, ""step"": 288}, {""distance"": 100.18539999999999, ""mode"": ""current"", ""route"": 1, ""step"": 312}, {""distance"": 102.2688, ""mode"": ""current"", ""route"": 1, ""step"": 336}, {""distance"": 99.6006, ""mode"": ""current"", ""route"": 1, ""step"": 360}, {""distance"": 108.2422, ""mode"": ""current"", ""route"": 1, ""step"": 384}, {""distance"": 113.3428, ""mode"": ""current"", ""route"": 1, ""step"": 408}, {""distance"": 117.4286, ""mode"": ""current"", ""route"": 5, ""step"": 432}, {""distance"": 117.4468, ""mode"": ""current"", ""route"": 5, ""step"": 456}, {""distance"": 117.03420000000001, ""mode"": ""current"", ""route"": 5, ""step"": 480}, {""distance"": 112.536, ""mode"": ""current"", ""route"": 3, ""step"": 504}, {""distance"": 101.0222, ""mode"": ""current"", ""route"": 3, ""step"": 528}, {""distance"": 106.9346, ""mode"": ""current"", ""route"": 3, ""step"": 552}, {""distance"": 112.4944, ""mode"": ""current"", ""route"": 3, ""step"": 576}, {""distance"": 119.6792, ""mode"": ""current"", ""route"": 3, ""step"": 600}, {""distance"": 123.0124, ""mode"": ""current"", ""route"": 3, ""step"": 624}, {""distance"": 120.8028, ""mode"": ""current"", ""route"": 7, ""step"": 648}, {""distance"": 115.10780000000001, ""mode"": ""current"", ""route"": 3, ""step"": 672}, {""distance"": 118.0328, ""mode"": ""current"", ""route"": 2, ""step"": 696}]","{""0"": 176.0, ""1"": 237.0, ""10"": 5421.0, ""11"": 9526.0, ""12"": 11192.0, ""13"": 15448.0, ""14"": 22297.0, ""15"": 26330.0, ""16"": 29127.0, ""17"": 31839.0, ""18"": 38755.0, ""19"": 42908.0, ""2"": 513.0, ""20"": 54153.0, ""21"": 55262.0, ""22"": 60503.0, ""23"": 70033.0, ""24"": 76798.0, ""25"": 88865.0, ""26"": 106909.0, ""27"": 110441.0, ""28"": 124481.0, ""3"": 761.0, ""4"": 503.0, ""5"": 564.0, ""6"": 1691.0, ""7"": 662.0, ""8"": 681.0, ""9"": 1336.0}","{""BUILD_PASTURE"": 15, ""CARE"": 245, ""COLLECT_FERTILIZER"": 286, ""DIG"": 7, ""DROP"": 94, ""EAST"": 1003, ""FEED"": 270, ""HARVEST"": 214, ""NORTH"": 1349, ""PASS"": 828, ""PICKUP"": 110, ""PLACE"": 12, ""PLANT"": 106, ""SOUTH"": 995, ""WATER"": 813, ""WEST"": 1247}","{""BUY_ANIMAL"": 12, ""BUY_LAND"": 2, ""BUY_PRODUCT"": 253, ""BUY_SEED"": 58, ""HIRE"": 307, ""SELL"": 233}","{""BUY_ANIMAL:COW"": 5, ""BUY_ANIMAL:SHEEP"": 7, ""BUY_PRODUCT:WHEAT"": 610, ""BUY_SEED:CARROT"": 8, ""BUY_SEED:MELON"": 17, ""BUY_SEED:STRAWBERRY"": 45, ""BUY_SEED:WHEAT"": 40, ""SELL:CARROT"": 21, ""SELL:FERTILIZER"": 286, ""SELL:MELON"": 102, ""SELL:MILK"": 145, ""SELL:STRAWBERRY"": 146, ""SELL:WHEAT"": 455, ""SELL:WOOL"": 162}",v008_q25,starter
2026,1,126302.0,3507.0,122795.0,win,DONE,DONE,1,719,0,0,0.8261,1.45132,1.772296,2.0641,2.845300499990117,0,2,"[{""distance"": 0.0, ""mode"": ""frontier"", ""route"": 6, ""step"": 0}, {""distance"": 16.0432, ""mode"": ""frontier"", ""route"": 1, ""step"": 24}, {""distance"": 17.166400000000003, ""mode"": ""frontier"", ""route"": 2, ""step"": 48}, {""distance"": 18.209000000000003, ""mode"": ""frontier"", ""route"": 2, ""step"": 72}, {""distance"": 22.6318, ""mode"": ""frontier"", ""route"": 4, ""step"": 96}, {""distance"": 24.6938, ""mode"": ""frontier"", ""route"": 4, ""step"": 120}, {""distance"": 27.2686, ""mode"": ""frontier"", ""route"": 4, ""step"": 144}, {""distance"": 29.669, ""mode"": ""frontier"", ""route"": 3, ""step"": 168}, {""distance"": 34.178399999999996, ""mode"": ""frontier"", ""route"": 3, ""step"": 192}, {""distance"": 41.473, ""mode"": ""current"", ""route"": 3, ""step"": 216}, {""distance"": 55.611200000000004, ""mode"": ""current"", ""route"": 1, ""step"": 240}, {""distance"": 55.6698, ""mode"": ""current"", ""route"": 0, ""step"": 264}, {""distance"": 85.52499999999999, ""mode"": ""current"", ""route"": 1, ""step"": 288}, {""distance"": 101.18539999999999, ""mode"": ""current"", ""route"": 1, ""step"": 312}, {""distance"": 101.2688, ""mode"": ""current"", ""route"": 1, ""step"": 336}, {""distance"": 100.6006, ""mode"": ""current"", ""route"": 1, ""step"": 360}, {""distance"": 108.5022, ""mode"": ""current"", ""route"": 1, ""step"": 384}, {""distance"": 113.3708, ""mode"": ""current"", ""route"": 1, ""step"": 408}, {""distance"": 118.589, ""mode"": ""current"", ""route"": 1, ""step"": 432}, {""distance"": 117.4408, ""mode"": ""current"", ""route"": 5, ""step"": 456}, {""distance"": 118.6352, ""mode"": ""current"", ""route"": 1, ""step"": 480}, {""distance"": 119.18059999999998, ""mode"": ""current"", ""route"": 1, ""step"": 504}, {""distance"": 110.56160000000001, ""mode"": ""current"", ""route"": 3, ""step"": 528}, {""distance"": 108.8066, ""mode"": ""current"", ""route"": 3, ""step"": 552}, {""distance"": 104.5392, ""mode"": ""current"", ""route"": 3, ""step"": 576}, {""distance"": 106.08, ""mode"": ""current"", ""route"": 3, ""step"": 600}, {""distance"": 107.7752, ""mode"": ""current"", ""route"": 3, ""step"": 624}, {""distance"": 102.721, ""mode"": ""current"", ""route"": 7, ""step"": 648}, {""distance"": 100.7134, ""mode"": ""current"", ""route"": 3, ""step"": 672}, {""distance"": 105.66860000000001, ""mode"": ""current"", ""route"": 3, ""step"": 696}]","{""0"": 176.0, ""1"": 237.0, ""10"": 5421.0, ""11"": 9526.0, ""12"": 11192.0, ""13"": 15448.0, ""14"": 22297.0, ""15"": 26330.0, ""16"": 29167.0, ""17"": 33372.0, ""18"": 38882.0, ""19"": 43155.0, ""2"": 513.0, ""20"": 48982.0, ""21"": 55119.0, ""22"": 64389.0, ""23"": 73709.0, ""24"": 75894.0, ""25"": 83851.0, ""26"": 107300.0, ""27"": 107713.0, ""28"": 121024.0, ""3"": 761.0, ""4"": 503.0, ""5"": 564.0, ""6"": 1691.0, ""7"": 662.0, ""8"": 681.0, ""9"": 1336.0}","{""BUILD_PASTURE"": 15, ""CARE"": 259, ""COLLECT_FERTILIZER"": 282, ""DIG"": 21, ""DROP"": 88, ""EAST"": 983, ""FEED"": 262, ""HARVEST"": 208, ""NORTH"": 1340, ""PASS"": 813, ""PICKUP"": 110, ""PLACE"": 12, ""PLANT"": 104, ""SOUTH"": 985, ""WATER"": 786, ""WEST"": 1264}","{""BUY_ANIMAL"": 12, ""BUY_LAND"": 2, ""BUY_PRODUCT"": 257, ""BUY_SEED"": 60, ""HIRE"": 304, ""SELL"": 238}","{""BUY_ANIMAL:COW"": 5, ""BUY_ANIMAL:SHEEP"": 7, ""BUY_PRODUCT:WHEAT"": 601, ""BUY_SEED:CARROT"": 10, ""BUY_SEED:MELON"": 17, ""BUY_SEED:STRAWBERRY"": 45, ""BUY_SEED:WHEAT"": 42, ""SELL:CARROT"": 18, ""SELL:FERTILIZER"": 282, ""SELL:MELON"": 100, ""SELL:MILK"": 145, ""SELL:STRAWBERRY"": 145, ""SELL:WHEAT"": 451, ""SELL:WOOL"": 154}",v008_q25,starter
17,0,134929.0,120.0,134809.0,win,DONE,DONE,1,719,0,0,0.8068,1.46134,1.653028,1.9916,3.052192900009686,0,2,"[{""distance"": 0.0, ""mode"": ""frontier"", ""route"": 6, ""step"": 0}, {""distance"": 15.643199999999998, ""mode"": ""frontier"", ""route"": 1, ""step"": 24}, {""distance"": 14.9634, ""mode"": ""frontier"", ""route"": 0, ""step"": 48}, {""distance"": 16.6856, ""mode"": ""frontier"", ""route"": 0, ""step"": 72}, {""distance"": 21.8884, ""mode"": ""frontier"", ""route"": 0, ""step"": 96}, {""distance"": 24.3614, ""mode"": ""frontier"", ""route"": 7, ""step"": 120}, {""distance"": 30.9686, ""mode"": ""frontier"", ""route"": 4, ""step"": 144}, {""distance"": 33.3698, ""mode"": ""frontier"", ""route"": 3, ""step"": 168}, {""distance"": 37.9606, ""mode"": ""frontier"", ""route"": 3, ""step"": 192}, {""distance"": 47.149, ""mode"": ""current"", ""route"": 3, ""step"": 216}, {""distance"": 56.7386, ""mode"": ""current"", ""route"": 1, ""step"": 240}, {""distance"": 55.131600000000006, ""mode"": ""current"", ""route"": 0, ""step"": 264}, {""distance"": 87.64399999999999, ""mode"": ""current"", ""route"": 1, ""step"": 288}, {""distance"": 101.312, ""mode"": ""current"", ""route"": 1, ""step"": 312}, {""distance"": 98.24119999999999, ""mode"": ""current"", ""route"": 1, ""step"": 336}, {""distance"": 100.4736, ""mode"": ""current"", ""route"": 1, ""step"": 360}, {""distance"": 108.226, ""mode"": ""current"", ""route"": 1, ""step"": 384}, {""distance"": 110.7242, ""mode"": ""current"", ""route"": 1, ""step"": 408}, {""distance"": 114.87740000000001, ""mode"": ""current"", ""route"": 5, ""step"": 432}, {""distance"": 114.101, ""mode"": ""current"", ""route"": 5, ""step"": 456}, {""distance"": 116.05799999999999, ""mode"": ""current"", ""route"": 1, ""step"": 480}, {""distance"": 112.3454, ""mode"": ""current"", ""route"": 1, ""step"": 504}, {""distance"": 104.88719999999999, ""mode"": ""current"", ""route"": 3, ""step"": 528}, {""distance"": 110.6134, ""mode"": ""current"", ""route"": 3, ""step"": 552}, {""distance"": 116.33, ""mode"": ""current"", ""route"": 7, ""step"": 576}, {""distance"": 110.0502, ""mode"": ""current"", ""route"": 3, ""step"": 600}, {""distance"": 111.54719999999999, ""mode"": ""current"", ""route"": 3, ""step"": 624}, {""distance"": 104.6928, ""mode"": ""current"", ""route"": 7, ""step"": 648}, {""distance"": 101.65159999999999, ""mode"": ""current"", ""route"": 3, ""step"": 672}, {""distance"": 108.45379999999999, ""mode"": ""current"", ""route"": 2, ""step"": 696}]","{""0"": 176.0, ""1"": 237.0, ""10"": 5130.0, ""11"": 9331.0, ""12"": 9559.0, ""13"": 13898.0, ""14"": 20265.0, ""15"": 25949.0, ""16"": 30734.0, ""17"": 34483.0, ""18"": 40083.0, ""19"": 45541.0, ""2"": 513.0, ""20"": 55114.0, ""21"": 58591.0, ""22"": 64709.0, ""23"": 73826.0, ""24"": 88743.0, ""25"": 91991.0, ""26"": 107259.0, ""27"": 114622.0, ""28"": 129621.0, ""3"": 761.0, ""4"": 503.0, ""5"": 564.0, ""6"": 1595.0, ""7"": 473.0, ""8"": 493.0, ""9"": 1073.0}","{""BUILD_PASTURE"": 15, ""CARE"": 269, ""COLLECT_FERTILIZER"": 285, ""DIG"": 16, ""DROP"": 85, ""EAST"": 983, ""FEED"": 273, ""HARVEST"": 212, ""NORTH"": 1356, ""PASS"": 865, ""PICKUP"": 112, ""PLACE"": 13, ""PLANT"": 107, ""SOUTH"": 954, ""WATER"": 824, ""WEST"": 1131}","{""BUY_ANIMAL"": 12, ""BUY_LAND"": 2, ""BUY_PRODUCT"": 249, ""BUY_SEED"": 62, ""HIRE"": 303, ""SELL"": 233}","{""BUY_ANIMAL:COW"": 5, ""BUY_ANIMAL:SHEEP"": 7, ""BUY_PRODUCT:WHEAT"": 618, ""BUY_SEED:CARROT"": 10, ""BUY_SEED:MELON"": 18, ""BUY_SEED:STRAWBERRY"": 45, ""BUY_SEED:WHEAT"": 42, ""SELL:CARROT"": 27, ""SELL:FERTILIZER"": 285, ""SELL:MELON"": 108, ""SELL:MILK"": 158, ""SELL:STRAWBERRY"": 138, ""SELL:WHEAT"": 475, ""SELL:WOOL"": 167}",v008_q25,random
17,1,132883.0,0.0,132883.0,win,DONE,DONE,1,719,0,0,0.8351,1.4957100000000003,1.7680880000000017,2.1335,3.1588288999919314,0,2,"[{""distance"": 0.0, ""mode"": ""frontier"", ""route"": 6, ""step"": 0}, {""distance"": 15.643199999999998, ""mode"": ""frontier"", ""route"": 1, ""step"": 24}, {""distance"": 16.663400000000003, ""mode"": ""frontier"", ""route"": 0, ""step"": 48}, {""distance"": 17.909000000000002, ""mode"": ""frontier"", ""route"": 1, ""step"": 72}, {""distance"": 22.2318, ""mode"": ""frontier"", ""route"": 4, ""step"": 96}, {""distance"": 24.293799999999997, ""mode"": ""frontier"", ""route"": 4, ""step"": 120}, {""distance"": 26.3686, ""mode"": ""frontier"", ""route"": 4, ""step"": 144}, {""distance"": 28.689, ""mode"": ""frontier"", ""route"": 3, ""step"": 168}, {""distance"": 33.678399999999996, ""mode"": ""frontier"", ""route"": 3, ""step"": 192}, {""distance"": 46.2294, ""mode"": ""current"", ""route"": 3, ""step"": 216}, {""distance"": 58.4744, ""mode"": ""current"", ""route"": 1, ""step"": 240}, {""distance"": 56.742000000000004, ""mode"": ""current"", ""route"": 0, ""step"": 264}, {""distance"": 81.5778, ""mode"": ""current"", ""route"": 1, ""step"": 288}, {""distance"": 95.14099999999999, ""mode"": ""current"", ""route"": 1, ""step"": 312}, {""distance"": 95.809, ""mode"": ""current"", ""route"": 1, ""step"": 336}, {""distance"": 97.57360000000001, ""mode"": ""current"", ""route"": 1, ""step"": 360}, {""distance"": 102.1068, ""mode"": ""current"", ""route"": 1, ""step"": 384}, {""distance"": 107.666, ""mode"": ""current"", ""route"": 1, ""step"": 408}, {""distance"": 112.8558, ""mode"": ""current"", ""route"": 1, ""step"": 432}, {""distance"": 109.9898, ""mode"": ""current"", ""route"": 1, ""step"": 456}, {""distance"": 111.9538, ""mode"": ""current"", ""route"": 1, ""step"": 480}, {""distance"": 112.60419999999999, ""mode"": ""current"", ""route"": 3, ""step"": 504}, {""distance"": 104.58179999999999, ""mode"": ""current"", ""route"": 3, ""step"": 528}, {""distance"": 110.1012, ""mode"": ""current"", ""route"": 3, ""step"": 552}, {""distance"": 106.86720000000001, ""mode"": ""current"", ""route"": 7, ""step"": 576}, {""distance"": 113.2842, ""mode"": ""current"", ""route"": 3, ""step"": 600}, {""distance"": 111.7846, ""mode"": ""current"", ""route"": 3, ""step"": 624}, {""distance"": 112.9628, ""mode"": ""current"", ""route"": 7, ""step"": 648}, {""distance"": 111.90599999999999, ""mode"": ""current"", ""route"": 3, ""step"": 672}, {""distance"": 112.727, ""mode"": ""current"", ""route"": 2, ""step"": 696}]","{""0"": 176.0, ""1"": 237.0, ""10"": 4382.0, ""11"": 10340.0, ""12"": 14524.0, ""13"": 16749.0, ""14"": 23902.0, ""15"": 30194.0, ""16"": 32843.0, ""17"": 35338.0, ""18"": 42504.0, ""19"": 47100.0, ""2"": 513.0, ""20"": 54694.0, ""21"": 60065.0, ""22"": 68070.0, ""23"": 78161.0, ""24"": 81573.0, ""25"": 91104.0, ""26"": 109909.0, ""27"": 112650.0, ""28"": 127426.0, ""3"": 761.0, ""4"": 503.0, ""5"": 564.0, ""6"": 1691.0, ""7"": 662.0, ""8"": 993.0, ""9"": 508.0}","{""BUILD_PASTURE"": 15, ""CARE"": 271, ""COLLECT_FERTILIZER"": 283, ""DIG"": 13, ""DROP"": 84, ""EAST"": 1011, ""FEED"": 262, ""HARVEST"": 210, ""NORTH"": 1345, ""PASS"": 891, ""PICKUP"": 110, ""PLACE"": 12, ""PLANT"": 107, ""SOUTH"": 953, ""WATER"": 779, ""WEST"": 1242}","{""BUY_ANIMAL"": 12, ""BUY_LAND"": 2, ""BUY_PRODUCT"": 253, ""BUY_SEED"": 61, ""HIRE"": 307, ""SELL"": 228}","{""BUY_ANIMAL:COW"": 6, ""BUY_ANIMAL:SHEEP"": 6, ""BUY_PRODUCT:WHEAT"": 600, ""BUY_SEED:CARROT"": 10, ""BUY_SEED:MELON"": 17, ""BUY_SEED:STRAWBERRY"": 45, ""BUY_SEED:WHEAT"": 41, ""SELL:CARROT"": 21, ""SELL:FERTILIZER"": 283, ""SELL:MELON"": 102, ""SELL:MILK"": 165, ""SELL:STRAWBERRY"": 140, ""SELL:WHEAT"": 450, ""SELL:WOOL"": 138}",v008_q25,random
42,0,132973.0,0.0,132973.0,win,DONE,DONE,1,719,0,0,0.8414,1.4905,1.7930180000000004,186.1847,3.1666895000089426,0,2,"[{""distance"": 0.0, ""mode"": ""frontier"", ""route"": 6, ""step"": 0}, {""distance"": 14.5432, ""mode"": ""frontier"", ""route"": 1, ""step"": 24}, {""distance"": 15.5634, ""mode"": ""frontier"", ""route"": 0, ""step"": 48}, {""distance"": 17.909000000000002, ""mode"": ""frontier"", ""route"": 1, ""step"": 72}, {""distance"": 22.5918, ""mode"": ""frontier"", ""route"": 4, ""step"": 96}, {""distance"": 24.601399999999998, ""mode"": ""frontier"", ""route"": 7, ""step"": 120}, {""distance"": 27.1286, ""mode"": ""frontier"", ""route"": 4, ""step"": 144}, {""distance"": 28.953400000000002, ""mode"": ""frontier"", ""route"": 3, ""step"": 168}, {""distance"": 33.4428, ""mode"": ""frontier"", ""route"": 3, ""step"": 192}, {""distance"": 43.8538, ""mode"": ""current"", ""route"": 3, ""step"": 216}, {""distance"": 56.7932, ""mode"": ""current"", ""route"": 1, ""step"": 240}, {""distance"": 55.6596, ""mode"": ""current"", ""route"": 0, ""step"": 264}, {""distance"": 82.7954, ""mode"": ""current"", ""route"": 1, ""step"": 288}, {""distance"": 98.17999999999999, ""mode"": ""current"", ""route"": 3, ""step"": 312}, {""distance"": 97.71579999999999, ""mode"": ""current"", ""route"": 1, ""step"": 336}, {""distance"": 97.1566, ""mode"": ""current"", ""route"": 1, ""step"": 360}, {""distance"": 105.41460000000001, ""mode"": ""current"", ""route"": 1, ""step"": 384}, {""distance"": 106.85439999999998, ""mode"": ""current"", ""route"": 1, ""step"": 408}, {""distance"": 109.8796, ""mode"": ""current"", ""route"": 5, ""step"": 432}, {""distance"": 111.35839999999999, ""mode"": ""current"", ""route"": 5, ""step"": 456}, {""distance"": 113.3362, ""mode"": ""current"", ""route"": 5, ""step"": 480}, {""distance"": 106.51599999999999, ""mode"": ""current"", ""route"": 3, ""step"": 504}, {""distance"": 99.18319999999999, ""mode"": ""current"", ""route"": 3, ""step"": 528}, {""distance"": 105.67320000000001, ""mode"": ""current"", ""route"": 3, ""step"": 552}, {""distance"": 103.6872, ""mode"": ""current"", ""route"": 7, ""step"": 576}, {""distance"": 112.2812, ""mode"": ""current"", ""route"": 3, ""step"": 600}, {""distance"": 111.2314, ""mode"": ""current"", ""route"": 3, ""step"": 624}, {""distance"": 114.27139999999999, ""mode"": ""current"", ""route"": 7, ""step"": 648}, {""distance"": 116.27759999999999, ""mode"": ""current"", ""route"": 7, ""step"": 672}, {""distance"": 115.5336, ""mode"": ""current"", ""route"": 2, ""step"": 696}]","{""0"": 176.0, ""1"": 237.0, ""10"": 4170.0, ""11"": 10128.0, ""12"": 11691.0, ""13"": 16321.0, ""14"": 25116.0, ""15"": 28892.0, ""16"": 31585.0, ""17"": 35694.0, ""18"": 42913.0, ""19"": 45274.0, ""2"": 513.0, ""20"": 54653.0, ""21"": 56611.0, ""22"": 71110.0, ""23"": 74112.0, ""24"": 80988.0, ""25"": 90670.0, ""26"": 107452.0, ""27"": 114667.0, ""28"": 127968.0, ""3"": 761.0, ""4"": 503.0, ""5"": 564.0, ""6"": 1613.0, ""7"": 584.0, ""8"": 915.0, ""9"": 614.0}","{""BUILD_PASTURE"": 15, ""CARE"": 260, ""COLLECT_FERTILIZER"": 284, ""DIG"": 12, ""DROP"": 90, ""EAST"": 1037, ""FEED"": 259, ""HARVEST"": 210, ""NORTH"": 1333, ""PASS"": 798, ""PICKUP"": 110, ""PLACE"": 12, ""PLANT"": 105, ""SOUTH"": 998, ""WATER"": 778, ""WEST"": 1291}","{""BUY_ANIMAL"": 12, ""BUY_LAND"": 2, ""BUY_PRODUCT"": 258, ""BUY_SEED"": 58, ""HIRE"": 307, ""SELL"": 237}","{""BUY_ANIMAL:COW"": 6, ""BUY_ANIMAL:SHEEP"": 6, ""BUY_PRODUCT:WHEAT"": 581, ""BUY_SEED:CARROT"": 9, ""BUY_SEED:MELON"": 17, ""BUY_SEED:STRAWBERRY"": 45, ""BUY_SEED:WHEAT"": 39, ""SELL:CARROT"": 15, ""SELL:FERTILIZER"": 284, ""SELL:MELON"": 102, ""SELL:MILK"": 162, ""SELL:STRAWBERRY"": 147, ""SELL:WHEAT"": 431, ""SELL:WOOL"": 140}",v008_q25,random
42,1,136199.0,0.0,136199.0,win,DONE,DONE,1,719,0,0,0.8411,1.4961900000000001,1.8083980000000013,2.3063,3.184824700001627,0,2,"[{""distance"": 0.0, ""mode"": ""frontier"", ""route"": 6, ""step"": 0}, {""distance"": 15.643199999999998, ""mode"": ""frontier"", ""route"": 1, ""step"": 24}, {""distance"": 17.5634, ""mode"": ""frontier"", ""route"": 0, ""step"": 48}, {""distance"": 18.809, ""mode"": ""frontier"", ""route"": 1, ""step"": 72}, {""distance"": 22.0916, ""mode"": ""frontier"", ""route"": 3, ""step"": 96}, {""distance"": 24.073, ""mode"": ""frontier"", ""route"": 3, ""step"": 120}, {""distance"": 26.712000000000003, ""mode"": ""frontier"", ""route"": 3, ""step"": 144}, {""distance"": 28.6948, ""mode"": ""frontier"", ""route"": 3, ""step"": 168}, {""distance"": 32.0816, ""mode"": ""frontier"", ""route"": 3, ""step"": 192}, {""distance"": 42.961, ""mode"": ""current"", ""route"": 3, ""step"": 216}, {""distance"": 55.565599999999996, ""mode"": ""current"", ""route"": 1, ""step"": 240}, {""distance"": 54.982, ""mode"": ""current"", ""route"": 0, ""step"": 264}, {""distance"": 86.1772, ""mode"": ""current"", ""route"": 1, ""step"": 288}, {""distance"": 101.6184, ""mode"": ""current"", ""route"": 3, ""step"": 312}, {""distance"": 99.5988, ""mode"": ""current"", ""route"": 7, ""step"": 336}, {""distance"": 94.971, ""mode"": ""current"", ""route"": 1, ""step"": 360}, {""distance"": 101.85700000000001, ""mode"": ""current"", ""route"": 1, ""step"": 384}, {""distance"": 107.5638, ""mode"": ""current"", ""route"": 1, ""step"": 408}, {""distance"": 109.1208, ""mode"": ""current"", ""route"": 5, ""step"": 432}, {""distance"": 108.4874, ""mode"": ""current"", ""route"": 5, ""step"": 456}, {""distance"": 111.55919999999999, ""mode"": ""current"", ""route"": 1, ""step"": 480}, {""distance"": 109.613, ""mode"": ""current"", ""route"": 1, ""step"": 504}, {""distance"": 99.9358, ""mode"": ""current"", ""route"": 3, ""step"": 528}, {""distance"": 107.2218, ""mode"": ""current"", ""route"": 3, ""step"": 552}, {""distance"": 106.42320000000001, ""mode"": ""current"", ""route"": 7, ""step"": 576}, {""distance"": 108.37839999999998, ""mode"": ""current"", ""route"": 3, ""step"": 600}, {""distance"": 106.6862, ""mode"": ""current"", ""route"": 3, ""step"": 624}, {""distance"": 106.5124, ""mode"": ""current"", ""route"": 7, ""step"": 648}, {""distance"": 99.6034, ""mode"": ""current"", ""route"": 3, ""step"": 672}, {""distance"": 105.82219999999998, ""mode"": ""current"", ""route"": 2, ""step"": 696}]","{""0"": 176.0, ""1"": 237.0, ""10"": 4482.0, ""11"": 10437.0, ""12"": 11999.0, ""13"": 16743.0, ""14"": 23949.0, ""15"": 28704.0, ""16"": 31675.0, ""17"": 33943.0, ""18"": 41259.0, ""19"": 49127.0, ""2"": 513.0, ""20"": 56806.0, ""21"": 59695.0, ""22"": 68615.0, ""23"": 79292.0, ""24"": 86402.0, ""25"": 94896.0, ""26"": 109357.0, ""27"": 115263.0, ""28"": 129961.0, ""3"": 760.0, ""4"": 499.0, ""5"": 581.0, ""6"": 1618.0, ""7"": 578.0, ""8"": 1151.0, ""9"": 552.0}","{""BUILD_PASTURE"": 15, ""CARE"": 269, ""COLLECT_FERTILIZER"": 284, ""DIG"": 17, ""DROP"": 81, ""EAST"": 1012, ""FEED"": 266, ""HARVEST"": 211, ""NORTH"": 1358, ""PASS"": 857, ""PICKUP"": 109, ""PLACE"": 12, ""PLANT"": 103, ""SOUTH"": 949, ""WATER"": 776, ""WEST"": 1203}","{""BUY_ANIMAL"": 12, ""BUY_LAND"": 2, ""BUY_PRODUCT"": 254, ""BUY_SEED"": 60, ""HIRE"": 304, ""SELL"": 229}","{""BUY_ANIMAL:COW"": 6, ""BUY_ANIMAL:SHEEP"": 6, ""BUY_PRODUCT:WHEAT"": 616, ""BUY_SEED:CARROT"": 9, ""BUY_SEED:MELON"": 17, ""BUY_SEED:STRAWBERRY"": 45, ""BUY_SEED:WHEAT"": 41, ""SELL:CARROT"": 18, ""SELL:FERTILIZER"": 284, ""SELL:MELON"": 102, ""SELL:MILK"": 174, ""SELL:STRAWBERRY"": 141, ""SELL:WHEAT"": 467, ""SELL:WOOL"": 144}",v008_q25,random
2026,0,131020.0,0.0,131020.0,win,DONE,DONE,1,719,0,0,0.897,1.52969,1.7458459999999998,2.1407,3.201901699998416,0,2,"[{""distance"": 0.0, ""mode"": ""frontier"", ""route"": 6, ""step"": 0}, {""distance"": 15.643199999999998, ""mode"": ""frontier"", ""route"": 1, ""step"": 24}, {""distance"": 17.163400000000003, ""mode"": ""frontier"", ""route"": 0, ""step"": 48}, {""distance"": 18.409000000000002, ""mode"": ""frontier"", ""route"": 1, ""step"": 72}, {""distance"": 22.552, ""mode"": ""frontier"", ""route"": 2, ""step"": 96}, {""distance"": 24.553399999999996, ""mode"": ""frontier"", ""route"": 2, ""step"": 120}, {""distance"": 27.129399999999997, ""mode"": ""frontier"", ""route"": 2, ""step"": 144}, {""distance"": 28.9548, ""mode"": ""frontier"", ""route"": 3, ""step"": 168}, {""distance"": 33.5816, ""mode"": ""frontier"", ""route"": 3, ""step"": 192}, {""distance"": 43.927, ""mode"": ""current"", ""route"": 1, ""step"": 216}, {""distance"": 55.0934, ""mode"": ""current"", ""route"": 1, ""step"": 240}, {""distance"": 53.3038, ""mode"": ""current"", ""route"": 0, ""step"": 264}, {""distance"": 80.3524, ""mode"": ""current"", ""route"": 1, ""step"": 288}, {""distance"": 96.65339999999999, ""mode"": ""current"", ""route"": 1, ""step"": 312}, {""distance"": 97.5672, ""mode"": ""current"", ""route"": 7, ""step"": 336}, {""distance"": 94.5958, ""mode"": ""current"", ""route"": 1, ""step"": 360}, {""distance"": 100.08760000000001, ""mode"": ""current"", ""route"": 1, ""step"": 384}, {""distance"": 104.948, ""mode"": ""current"", ""route"": 1, ""step"": 408}, {""distance"": 106.8692, ""mode"": ""current"", ""route"": 5, ""step"": 432}, {""distance"": 106.53259999999999, ""mode"": ""current"", ""route"": 5, ""step"": 456}, {""distance"": 109.3738, ""mode"": ""current"", ""route"": 5, ""step"": 480}, {""distance"": 109.30099999999999, ""mode"": ""current"", ""route"": 3, ""step"": 504}, {""distance"": 98.9918, ""mode"": ""current"", ""route"": 3, ""step"": 528}, {""distance"": 108.976, ""mode"": ""current"", ""route"": 3, ""step"": 552}, {""distance"": 105.839, ""mode"": ""current"", ""route"": 7, ""step"": 576}, {""distance"": 107.13579999999999, ""mode"": ""current"", ""route"": 3, ""step"": 600}, {""distance"": 117.05, ""mode"": ""current"", ""route"": 3, ""step"": 624}, {""distance"": 110.6442, ""mode"": ""current"", ""route"": 7, ""step"": 648}, {""distance"": 111.014, ""mode"": ""current"", ""route"": 3, ""step"": 672}, {""distance"": 114.4528, ""mode"": ""current"", ""route"": 2, ""step"": 696}]","{""0"": 176.0, ""1"": 237.0, ""10"": 5391.0, ""11"": 9589.0, ""12"": 11152.0, ""13"": 15645.0, ""14"": 19315.0, ""15"": 25757.0, ""16"": 28853.0, ""17"": 32742.0, ""18"": 37986.0, ""19"": 42362.0, ""2"": 513.0, ""20"": 47368.0, ""21"": 54616.0, ""22"": 62896.0, ""23"": 69381.0, ""24"": 82415.0, ""25"": 84528.0, ""26"": 105974.0, ""27"": 108710.0, ""28"": 124050.0, ""3"": 760.0, ""4"": 499.0, ""5"": 581.0, ""6"": 1618.0, ""7"": 578.0, ""8"": 583.0, ""9"": 1147.0}","{""BUILD_PASTURE"": 15, ""CARE"": 261, ""COLLECT_FERTILIZER"": 286, ""DIG"": 10, ""DROP"": 92, ""EAST"": 1000, ""FEED"": 269, ""HARVEST"": 208, ""NORTH"": 1327, ""PASS"": 828, ""PICKUP"": 109, ""PLACE"": 12, ""PLANT"": 104, ""SOUTH"": 986, ""WATER"": 788, ""WEST"": 1275}","{""BUY_ANIMAL"": 12, ""BUY_LAND"": 2, ""BUY_PRODUCT"": 249, ""BUY_SEED"": 58, ""HIRE"": 306, ""SELL"": 232}","{""BUY_ANIMAL:COW"": 6, ""BUY_ANIMAL:SHEEP"": 6, ""BUY_PRODUCT:WHEAT"": 619, ""BUY_SEED:CARROT"": 7, ""BUY_SEED:MELON"": 17, ""BUY_SEED:STRAWBERRY"": 45, ""BUY_SEED:WHEAT"": 42, ""SELL:CARROT"": 9, ""SELL:FERTILIZER"": 286, ""SELL:MELON"": 102, ""SELL:MILK"": 167, ""SELL:STRAWBERRY"": 145, ""SELL:WHEAT"": 473, ""SELL:WOOL"": 139}",v008_q25,random
2026,1,133268.0,0.0,133268.0,win,DONE,DONE,1,719,0,0,0.8774,1.5237000000000003,1.9424180000000053,2.5951,3.01369390002219,0,2,"[{""distance"": 0.0, ""mode"": ""frontier"", ""route"": 6, ""step"": 0}, {""distance"": 15.643199999999998, ""mode"": ""frontier"", ""route"": 1, ""step"": 24}, {""distance"": 16.7664, ""mode"": ""frontier"", ""route"": 2, ""step"": 48}, {""distance"": 18.709000000000003, ""mode"": ""frontier"", ""route"": 1, ""step"": 72}, {""distance"": 21.8116, ""mode"": ""frontier"", ""route"": 4, ""step"": 96}, {""distance"": 23.293, ""mode"": ""frontier"", ""route"": 4, ""step"": 120}, {""distance"": 27.052, ""mode"": ""frontier"", ""route"": 4, ""step"": 144}, {""distance"": 28.815, ""mode"": ""frontier"", ""route"": 3, ""step"": 168}, {""distance"": 33.242399999999996, ""mode"": ""frontier"", ""route"": 3, ""step"": 192}, {""distance"": 44.0916, ""mode"": ""current"", ""route"": 3, ""step"": 216}, {""distance"": 56.756, ""mode"": ""current"", ""route"": 1, ""step"": 240}, {""distance"": 56.85359999999999, ""mode"": ""current"", ""route"": 0, ""step"": 264}, {""distance"": 84.1292, ""mode"": ""current"", ""route"": 1, ""step"": 288}, {""distance"": 99.23179999999999, ""mode"": ""current"", ""route"": 1, ""step"": 312}, {""distance"": 98.6064, ""mode"": ""current"", ""route"": 7, ""step"": 336}, {""distance"": 97.1266, ""mode"": ""current"", ""route"": 1, ""step"": 360}, {""distance"": 105.0026, ""mode"": ""current"", ""route"": 1, ""step"": 384}, {""distance"": 106.5968, ""mode"": ""current"", ""route"": 1, ""step"": 408}, {""distance"": 110.50680000000001, ""mode"": ""current"", ""route"": 5, ""step"": 432}, {""distance"": 110.348, ""mode"": ""current"", ""route"": 5, ""step"": 456}, {""distance"": 112.2632, ""mode"": ""current"", ""route"": 1, ""step"": 480}, {""distance"": 110.00959999999999, ""mode"": ""current"", ""route"": 3, ""step"": 504}, {""distance"": 101.01979999999999, ""mode"": ""current"", ""route"": 3, ""step"": 528}, {""distance"": 108.4848, ""mode"": ""current"", ""route"": 3, ""step"": 552}, {""distance"": 107.92060000000001, ""mode"": ""current"", ""route"": 3, ""step"": 576}, {""distance"": 117.563, ""mode"": ""current"", ""route"": 1, ""step"": 600}, {""distance"": 118.72619999999999, ""mode"": ""current"", ""route"": 3, ""step"": 624}, {""distance"": 120.14939999999999, ""mode"": ""current"", ""route"": 7, ""step"": 648}, {""distance"": 118.1648, ""mode"": ""current"", ""route"": 7, ""step"": 672}, {""distance"": 117.56360000000001, ""mode"": ""current"", ""route"": 2, ""step"": 696}]","{""0"": 176.0, ""1"": 237.0, ""10"": 4140.0, ""11"": 10097.0, ""12"": 11660.0, ""13"": 16280.0, ""14"": 25067.0, ""15"": 28832.0, ""16"": 31497.0, ""17"": 34830.0, ""18"": 39918.0, ""19"": 45160.0, ""2"": 513.0, ""20"": 49825.0, ""21"": 57128.0, ""22"": 66352.0, ""23"": 72151.0, ""24"": 79688.0, ""25"": 89396.0, ""26"": 109994.0, ""27"": 112136.0, ""28"": 127850.0, ""3"": 760.0, ""4"": 499.0, ""5"": 581.0, ""6"": 1620.0, ""7"": 582.0, ""8"": 904.0, ""9"": 500.0}","{""BUILD_PASTURE"": 15, ""CARE"": 249, ""COLLECT_FERTILIZER"": 286, ""DIG"": 10, ""DROP"": 87, ""EAST"": 1011, ""FEED"": 259, ""HARVEST"": 210, ""NORTH"": 1373, ""PASS"": 775, ""PICKUP"": 110, ""PLACE"": 12, ""PLANT"": 107, ""SOUTH"": 1025, ""WATER"": 784, ""WEST"": 1275}","{""BUY_ANIMAL"": 12, ""BUY_LAND"": 2, ""BUY_PRODUCT"": 253, ""BUY_SEED"": 59, ""HIRE"": 307, ""SELL"": 232}","{""BUY_ANIMAL:COW"": 6, ""BUY_ANIMAL:SHEEP"": 6, ""BUY_PRODUCT:WHEAT"": 588, ""BUY_SEED:CARROT"": 9, ""BUY_SEED:MELON"": 17, ""BUY_SEED:STRAWBERRY"": 45, ""BUY_SEED:WHEAT"": 40, ""SELL:CARROT"": 18, ""SELL:FERTILIZER"": 286, ""SELL:MELON"": 101, ""SELL:MILK"": 165, ""SELL:STRAWBERRY"": 147, ""SELL:WHEAT"": 443, ""SELL:WOOL"": 135}",v008_q25,random
17,0,130025.0,140413.0,-10388.0,loss,DONE,DONE,1,719,0,0,0.935,1.5704200000000004,1.834686,2.3375,4.457210499997018,2,1,"[{""distance"": 0.0, ""mode"": ""frontier"", ""route"": 6, ""step"": 0}, {""distance"": 0.020400000000000015, ""mode"": ""frontier"", ""route"": 6, ""step"": 24}, {""distance"": 1.001, ""mode"": ""frontier"", ""route"": 6, ""step"": 48}, {""distance"": 1.0213999999999999, ""mode"": ""frontier"", ""route"": 6, ""step"": 72}, {""distance"": 0.021800000000000014, ""mode"": ""frontier"", ""route"": 7, ""step"": 96}, {""distance"": 3.0623999999999993, ""mode"": ""frontier"", ""route"": 5, ""step"": 120}, {""distance"": 5.8622000000000005, ""mode"": ""frontier"", ""route"": 5, ""step"": 144}, {""distance"": 6.1394, ""mode"": ""frontier"", ""route"": 5, ""step"": 168}, {""distance"": 4.879599999999999, ""mode"": ""frontier"", ""route"": 5, ""step"": 192}, {""distance"": 8.4324, ""mode"": ""frontier"", ""route"": 5, ""step"": 216}, {""distance"": 6.049199999999999, ""mode"": ""frontier"", ""route"": 5, ""step"": 240}, {""distance"": 16.671400000000002, ""mode"": ""frontier"", ""route"": 5, ""step"": 264}, {""distance"": 12.988399999999999, ""mode"": ""frontier"", ""route"": 5, ""step"": 288}, {""distance"": 8.511199999999999, ""mode"": ""frontier"", ""route"": 5, ""step"": 312}, {""distance"": 8.793799999999997, ""mode"": ""frontier"", ""route"": 5, ""step"": 336}, {""distance"": 15.2156, ""mode"": ""frontier"", ""route"": 4, ""step"": 360}, {""distance"": 13.1282, ""mode"": ""frontier"", ""route"": 4, ""step"": 384}, {""distance"": 15.120400000000002, ""mode"": ""frontier"", ""route"": 5, ""step"": 408}, {""distance"": 15.289000000000001, ""mode"": ""frontier"", ""route"": 4, ""step"": 432}, {""distance"": 15.834800000000001, ""mode"": ""frontier"", ""route"": 5, ""step"": 456}, {""distance"": 16.571599999999997, ""mode"": ""frontier"", ""route"": 5, ""step"": 480}, {""distance"": 15.9662, ""mode"": ""frontier"", ""route"": 2, ""step"": 504}, {""distance"": 19.643399999999996, ""mode"": ""frontier"", ""route"": 5, ""step"": 528}, {""distance"": 18.1948, ""mode"": ""frontier"", ""route"": 7, ""step"": 552}, {""distance"": 19.232799999999997, ""mode"": ""frontier"", ""route"": 7, ""step"": 576}, {""distance"": 20.643399999999996, ""mode"": ""frontier"", ""route"": 6, ""step"": 600}, {""distance"": 19.162999999999997, ""mode"": ""frontier"", ""route"": 5, ""step"": 624}, {""distance"": 21.076799999999995, ""mode"": ""frontier"", ""route"": 5, ""step"": 648}, {""distance"": 22.160999999999998, ""mode"": ""frontier"", ""route"": 1, ""step"": 672}, {""distance"": 22.635999999999996, ""mode"": ""frontier"", ""route"": 1, ""step"": 696}]","{""0"": 157.0, ""1"": 211.0, ""10"": 3278.0, ""11"": 8017.0, ""12"": 11760.0, ""13"": 13161.0, ""14"": 19411.0, ""15"": 22156.0, ""16"": 24724.0, ""17"": 32100.0, ""18"": 37452.0, ""19"": 43651.0, ""2"": 474.0, ""20"": 54887.0, ""21"": 60835.0, ""22"": 71798.0, ""23"": 79551.0, ""24"": 91088.0, ""25"": 97834.0, ""26"": 106971.0, ""27"": 113664.0, ""28"": 118258.0, ""3"": 706.0, ""4"": 437.0, ""5"": 540.0, ""6"": 1441.0, ""7"": 270.0, ""8"": 695.0, ""9"": 433.0}","{""BUILD_PASTURE"": 14, ""CARE"": 311, ""COLLECT_FERTILIZER"": 326, ""DIG"": 34, ""DROP"": 95, ""EAST"": 791, ""FEED"": 324, ""FERTILIZE"": 90, ""HARVEST"": 302, ""NORTH"": 1223, ""PASS"": 495, ""PICKUP"": 367, ""PLACE"": 21, ""PLANT"": 99, ""SOUTH"": 917, ""WATER"": 791, ""WEST"": 1078}","{""BUY_ANIMAL"": 14, ""BUY_LAND"": 2, ""BUY_PRODUCT"": 324, ""BUY_SEED"": 51, ""HIRE"": 304, ""SELL"": 362}","{""BUY_ANIMAL:COW"": 8, ""BUY_ANIMAL:SHEEP"": 6, ""BUY_PRODUCT:WHEAT"": 1056, ""BUY_SEED:MELON"": 21, ""BUY_SEED:STRAWBERRY"": 44, ""BUY_SEED:WHEAT"": 34, ""SELL:FERTILIZER"": 232, ""SELL:MELON"": 119, ""SELL:MILK"": 230, ""SELL:STRAWBERRY"": 291, ""SELL:WHEAT"": 877, ""SELL:WOOL"": 168}",v008_q25,hamburger
17,1,134604.0,125931.0,8673.0,win,DONE,DONE,1,719,0,0,0.9176,1.5596,1.7945940000000005,2.2716,4.259905000013532,2,1,"[{""distance"": 0.0, ""mode"": ""frontier"", ""route"": 6, ""step"": 0}, {""distance"": 0.020400000000000015, ""mode"": ""frontier"", ""route"": 6, ""step"": 24}, {""distance"": 0.501, ""mode"": ""frontier"", ""route"": 6, ""step"": 48}, {""distance"": 0.5214000000000001, ""mode"": ""frontier"", ""route"": 6, ""step"": 72}, {""distance"": 0.522, ""mode"": ""frontier"", ""route"": 6, ""step"": 96}, {""distance"": 2.5623999999999993, ""mode"": ""frontier"", ""route"": 5, ""step"": 120}, {""distance"": 4.5122, ""mode"": ""frontier"", ""route"": 5, ""step"": 144}, {""distance"": 4.670999999999999, ""mode"": ""frontier"", ""route"": 5, ""step"": 168}, {""distance"": 8.593399999999999, ""mode"": ""frontier"", ""route"": 5, ""step"": 192}, {""distance"": 11.7072, ""mode"": ""frontier"", ""route"": 4, ""step"": 216}, {""distance"": 9.405199999999999, ""mode"": ""frontier"", ""route"": 6, ""step"": 240}, {""distance"": 10.839, ""mode"": ""frontier"", ""route"": 6, ""step"": 264}, {""distance"": 8.58, ""mode"": ""frontier"", ""route"": 5, ""step"": 288}, {""distance"": 6.9368, ""mode"": ""frontier"", ""route"": 5, ""step"": 312}, {""distance"": 8.206199999999999, ""mode"": ""frontier"", ""route"": 5, ""step"": 336}, {""distance"": 13.8546, ""mode"": ""frontier"", ""route"": 4, ""step"": 360}, {""distance"": 12.6114, ""mode"": ""frontier"", ""route"": 4, ""step"": 384}, {""distance"": 11.854, ""mode"": ""frontier"", ""route"": 4, ""step"": 408}, {""distance"": 12.402999999999999, ""mode"": ""frontier"", ""route"": 4, ""step"": 432}, {""distance"": 12.464599999999997, ""mode"": ""frontier"", ""route"": 4, ""step"": 456}, {""distance"": 14.8904, ""mode"": ""frontier"", ""route"": 4, ""step"": 480}, {""distance"": 12.1158, ""mode"": ""frontier"", ""route"": 4, ""step"": 504}, {""distance"": 18.505, ""mode"": ""frontier"", ""route"": 4, ""step"": 528}, {""distance"": 18.397999999999996, ""mode"": ""frontier"", ""route"": 5, ""step"": 552}, {""distance"": 14.3298, ""mode"": ""frontier"", ""route"": 4, ""step"": 576}, {""distance"": 15.714200000000003, ""mode"": ""frontier"", ""route"": 4, ""step"": 600}, {""distance"": 13.5032, ""mode"": ""frontier"", ""route"": 4, ""step"": 624}, {""distance"": 15.713199999999999, ""mode"": ""frontier"", ""route"": 3, ""step"": 648}, {""distance"": 16.1342, ""mode"": ""frontier"", ""route"": 3, ""step"": 672}, {""distance"": 13.8108, ""mode"": ""frontier"", ""route"": 4, ""step"": 696}]","{""0"": 157.0, ""1"": 211.0, ""10"": 3557.0, ""11"": 9609.0, ""12"": 13350.0, ""13"": 14711.0, ""14"": 20912.0, ""15"": 24004.0, ""16"": 26278.0, ""17"": 32220.0, ""18"": 36551.0, ""19"": 42729.0, ""2"": 474.0, ""20"": 52653.0, ""21"": 56748.0, ""22"": 68429.0, ""23"": 74914.0, ""24"": 87967.0, ""25"": 96289.0, ""26"": 107185.0, ""27"": 115626.0, ""28"": 121691.0, ""3"": 706.0, ""4"": 437.0, ""5"": 540.0, ""6"": 1533.0, ""7"": 451.0, ""8"": 877.0, ""9"": 701.0}","{""BUILD_PASTURE"": 14, ""CARE"": 311, ""COLLECT_FERTILIZER"": 326, ""DIG"": 34, ""DROP"": 95, ""EAST"": 791, ""FEED"": 324, ""FERTILIZE"": 90, ""HARVEST"": 302, ""NORTH"": 1223, ""PASS"": 495, ""PICKUP"": 367, ""PLACE"": 21, ""PLANT"": 99, ""SOUTH"": 917, ""WATER"": 791, ""WEST"": 1078}","{""BUY_ANIMAL"": 14, ""BUY_LAND"": 2, ""BUY_PRODUCT"": 324, ""BUY_SEED"": 51, ""HIRE"": 304, ""SELL"": 361}","{""BUY_ANIMAL:COW"": 8, ""BUY_ANIMAL:SHEEP"": 6, ""BUY_PRODUCT:WHEAT"": 1056, ""BUY_SEED:MELON"": 21, ""BUY_SEED:STRAWBERRY"": 44, ""BUY_SEED:WHEAT"": 34, ""SELL:FERTILIZER"": 232, ""SELL:MELON"": 119, ""SELL:MILK"": 230, ""SELL:STRAWBERRY"": 291, ""SELL:WHEAT"": 853, ""SELL:WOOL"": 168}",v008_q25,hamburger
42,0,117592.0,120118.0,-2526.0,loss,DONE,DONE,1,719,0,0,0.9269,1.57962,1.8011160000000004,2.1144,4.322491099999752,2,1,"[{""distance"": 0.0, ""mode"": ""frontier"", ""route"": 6, ""step"": 0}, {""distance"": 0.020400000000000015, ""mode"": ""frontier"", ""route"": 6, ""step"": 24}, {""distance"": 0.0010000000000000009, ""mode"": ""frontier"", ""route"": 6, ""step"": 48}, {""distance"": 0.021400000000000016, ""mode"": ""frontier"", ""route"": 6, ""step"": 72}, {""distance"": 0.18200000000000016, ""mode"": ""frontier"", ""route"": 5, ""step"": 96}, {""distance"": 1.7824000000000002, ""mode"": ""frontier"", ""route"": 5, ""step"": 120}, {""distance"": 1.9222, ""mode"": ""frontier"", ""route"": 5, ""step"": 144}, {""distance"": 2.2206, ""mode"": ""frontier"", ""route"": 5, ""step"": 168}, {""distance"": 0.9230000000000003, ""mode"": ""frontier"", ""route"": 5, ""step"": 192}, {""distance"": 3.9437999999999995, ""mode"": ""frontier"", ""route"": 5, ""step"": 216}, {""distance"": 2.4812000000000003, ""mode"": ""frontier"", ""route"": 5, ""step"": 240}, {""distance"": 12.407, ""mode"": ""frontier"", ""route"": 5, ""step"": 264}, {""distance"": 9.3412, ""mode"": ""frontier"", ""route"": 5, ""step"": 288}, {""distance"": 6.284399999999998, ""mode"": ""frontier"", ""route"": 5, ""step"": 312}, {""distance"": 6.898599999999999, ""mode"": ""frontier"", ""route"": 5, ""step"": 336}, {""distance"": 11.8796, ""mode"": ""frontier"", ""route"": 2, ""step"": 360}, {""distance"": 9.523600000000002, ""mode"": ""frontier"", ""route"": 0, ""step"": 384}, {""distance"": 11.571200000000001, ""mode"": ""frontier"", ""route"": 2, ""step"": 408}, {""distance"": 12.2346, ""mode"": ""frontier"", ""route"": 2, ""step"": 432}, {""distance"": 11.075800000000001, ""mode"": ""frontier"", ""route"": 1, ""step"": 456}, {""distance"": 12.4912, ""mode"": ""frontier"", ""route"": 1, ""step"": 480}, {""distance"": 12.048000000000002, ""mode"": ""frontier"", ""route"": 1, ""step"": 504}, {""distance"": 16.606399999999997, ""mode"": ""frontier"", ""route"": 6, ""step"": 528}, {""distance"": 16.028600000000004, ""mode"": ""frontier"", ""route"": 6, ""step"": 552}, {""distance"": 14.896, ""mode"": ""frontier"", ""route"": 6, ""step"": 576}, {""distance"": 16.6584, ""mode"": ""frontier"", ""route"": 1, ""step"": 600}, {""distance"": 13.706, ""mode"": ""frontier"", ""route"": 1, ""step"": 624}, {""distance"": 16.1488, ""mode"": ""frontier"", ""route"": 1, ""step"": 648}, {""distance"": 18.7778, ""mode"": ""frontier"", ""route"": 1, ""step"": 672}, {""distance"": 15.8804, ""mode"": ""frontier"", ""route"": 1, ""step"": 696}]","{""0"": 157.0, ""1"": 211.0, ""10"": 3186.0, ""11"": 9155.0, ""12"": 12760.0, ""13"": 13732.0, ""14"": 21080.0, ""15"": 24574.0, ""16"": 26901.0, ""17"": 34340.0, ""18"": 39776.0, ""19"": 43975.0, ""2"": 474.0, ""20"": 52901.0, ""21"": 58541.0, ""22"": 67095.0, ""23"": 74675.0, ""24"": 86382.0, ""25"": 92577.0, ""26"": 101076.0, ""27"": 106274.0, ""28"": 108268.0, ""3"": 706.0, ""4"": 437.0, ""5"": 540.0, ""6"": 1535.0, ""7"": 453.0, ""8"": 529.0, ""9"": 393.0}","{""BUILD_PASTURE"": 14, ""CARE"": 311, ""COLLECT_FERTILIZER"": 326, ""DIG"": 34, ""DROP"": 95, ""EAST"": 791, ""FEED"": 324, ""FERTILIZE"": 90, ""HARVEST"": 302, ""NORTH"": 1223, ""PASS"": 495, ""PICKUP"": 367, ""PLACE"": 21, ""PLANT"": 99, ""SOUTH"": 917, ""WATER"": 791, ""WEST"": 1078}","{""BUY_ANIMAL"": 14, ""BUY_LAND"": 2, ""BUY_PRODUCT"": 324, ""BUY_SEED"": 51, ""HIRE"": 304, ""SELL"": 362}","{""BUY_ANIMAL:COW"": 8, ""BUY_ANIMAL:SHEEP"": 6, ""BUY_PRODUCT:WHEAT"": 1056, ""BUY_SEED:MELON"": 21, ""BUY_SEED:STRAWBERRY"": 44, ""BUY_SEED:WHEAT"": 34, ""SELL:FERTILIZER"": 234, ""SELL:MELON"": 119, ""SELL:MILK"": 230, ""SELL:STRAWBERRY"": 291, ""SELL:WHEAT"": 853, ""SELL:WOOL"": 168}",v008_q25,hamburger
42,1,117781.0,119938.0,-2157.0,loss,DONE,DONE,1,719,0,0,0.9046,1.5277200000000004,1.8472020000000027,2.3655,4.27751569999964,2,1,"[{""distance"": 0.0, ""mode"": ""frontier"", ""route"": 6, ""step"": 0}, {""distance"": 0.020400000000000015, ""mode"": ""frontier"", ""route"": 6, ""step"": 24}, {""distance"": 0.0010000000000000009, ""mode"": ""frontier"", ""route"": 6, ""step"": 48}, {""distance"": 0.021400000000000016, ""mode"": ""frontier"", ""route"": 6, ""step"": 72}, {""distance"": 0.18200000000000016, ""mode"": ""frontier"", ""route"": 5, ""step"": 96}, {""distance"": 1.7824000000000002, ""mode"": ""frontier"", ""route"": 5, ""step"": 120}, {""distance"": 1.9222, ""mode"": ""frontier"", ""route"": 5, ""step"": 144}, {""distance"": 2.2206, ""mode"": ""frontier"", ""route"": 5, ""step"": 168}, {""distance"": 0.9230000000000003, ""mode"": ""frontier"", ""route"": 5, ""step"": 192}, {""distance"": 3.9437999999999995, ""mode"": ""frontier"", ""route"": 5, ""step"": 216}, {""distance"": 2.4812000000000003, ""mode"": ""frontier"", ""route"": 5, ""step"": 240}, {""distance"": 10.907, ""mode"": ""frontier"", ""route"": 5, ""step"": 264}, {""distance"": 9.3412, ""mode"": ""frontier"", ""route"": 5, ""step"": 288}, {""distance"": 6.284399999999998, ""mode"": ""frontier"", ""route"": 5, ""step"": 312}, {""distance"": 6.898599999999999, ""mode"": ""frontier"", ""route"": 5, ""step"": 336}, {""distance"": 11.8796, ""mode"": ""frontier"", ""route"": 2, ""step"": 360}, {""distance"": 9.523600000000002, ""mode"": ""frontier"", ""route"": 0, ""step"": 384}, {""distance"": 11.571200000000001, ""mode"": ""frontier"", ""route"": 2, ""step"": 408}, {""distance"": 12.2346, ""mode"": ""frontier"", ""route"": 2, ""step"": 432}, {""distance"": 11.075800000000001, ""mode"": ""frontier"", ""route"": 1, ""step"": 456}, {""distance"": 12.9912, ""mode"": ""frontier"", ""route"": 1, ""step"": 480}, {""distance"": 12.048000000000002, ""mode"": ""frontier"", ""route"": 1, ""step"": 504}, {""distance"": 16.606399999999997, ""mode"": ""frontier"", ""route"": 6, ""step"": 528}, {""distance"": 16.3266, ""mode"": ""frontier"", ""route"": 5, ""step"": 552}, {""distance"": 14.796000000000001, ""mode"": ""frontier"", ""route"": 6, ""step"": 576}, {""distance"": 16.6318, ""mode"": ""frontier"", ""route"": 1, ""step"": 600}, {""distance"": 13.7518, ""mode"": ""frontier"", ""route"": 1, ""step"": 624}, {""distance"": 15.794599999999999, ""mode"": ""frontier"", ""route"": 1, ""step"": 648}, {""distance"": 17.7496, ""mode"": ""frontier"", ""route"": 1, ""step"": 672}, {""distance"": 16.852199999999996, ""mode"": ""frontier"", ""route"": 1, ""step"": 696}]","{""0"": 157.0, ""1"": 211.0, ""10"": 3186.0, ""11"": 9155.0, ""12"": 12760.0, ""13"": 13732.0, ""14"": 21080.0, ""15"": 24574.0, ""16"": 26901.0, ""17"": 34340.0, ""18"": 39776.0, ""19"": 43975.0, ""2"": 474.0, ""20"": 52901.0, ""21"": 58541.0, ""22"": 67095.0, ""23"": 74675.0, ""24"": 86015.0, ""25"": 92848.0, ""26"": 101347.0, ""27"": 106415.0, ""28"": 108409.0, ""3"": 706.0, ""4"": 437.0, ""5"": 540.0, ""6"": 1535.0, ""7"": 453.0, ""8"": 529.0, ""9"": 393.0}","{""BUILD_PASTURE"": 14, ""CARE"": 311, ""COLLECT_FERTILIZER"": 326, ""DIG"": 34, ""DROP"": 95, ""EAST"": 791, ""FEED"": 324, ""FERTILIZE"": 90, ""HARVEST"": 302, ""NORTH"": 1223, ""PASS"": 495, ""PICKUP"": 367, ""PLACE"": 21, ""PLANT"": 99, ""SOUTH"": 917, ""WATER"": 791, ""WEST"": 1078}","{""BUY_ANIMAL"": 14, ""BUY_LAND"": 2, ""BUY_PRODUCT"": 324, ""BUY_SEED"": 51, ""HIRE"": 304, ""SELL"": 362}","{""BUY_ANIMAL:COW"": 8, ""BUY_ANIMAL:SHEEP"": 6, ""BUY_PRODUCT:WHEAT"": 1056, ""BUY_SEED:MELON"": 21, ""BUY_SEED:STRAWBERRY"": 44, ""BUY_SEED:WHEAT"": 34, ""SELL:FERTILIZER"": 234, ""SELL:MELON"": 119, ""SELL:MILK"": 230, ""SELL:STRAWBERRY"": 291, ""SELL:WHEAT"": 853, ""SELL:WOOL"": 168}",v008_q25,hamburger
2026,0,95566.0,95626.0,-60.0,loss,DONE,DONE,1,719,0,0,0.9187,1.58314,1.880748,2.3631,4.2626021999749355,2,1,"[{""distance"": 0.0, ""mode"": ""frontier"", ""route"": 6, ""step"": 0}, {""distance"": 0.020400000000000015, ""mode"": ""frontier"", ""route"": 6, ""step"": 24}, {""distance"": 0.0010000000000000009, ""mode"": ""frontier"", ""route"": 6, ""step"": 48}, {""distance"": 0.021400000000000016, ""mode"": ""frontier"", ""route"": 6, ""step"": 72}, {""distance"": 0.18200000000000016, ""mode"": ""frontier"", ""route"": 5, ""step"": 96}, {""distance"": 1.7824000000000002, ""mode"": ""frontier"", ""route"": 5, ""step"": 120}, {""distance"": 1.9222, ""mode"": ""frontier"", ""route"": 5, ""step"": 144}, {""distance"": 2.141, ""mode"": ""frontier"", ""route"": 5, ""step"": 168}, {""distance"": 0.7636000000000002, ""mode"": ""frontier"", ""route"": 5, ""step"": 192}, {""distance"": 3.7459999999999996, ""mode"": ""frontier"", ""route"": 5, ""step"": 216}, {""distance"": 1.8291999999999997, ""mode"": ""frontier"", ""route"": 5, ""step"": 240}, {""distance"": 10.4812, ""mode"": ""frontier"", ""route"": 5, ""step"": 264}, {""distance"": 7.6018, ""mode"": ""frontier"", ""route"": 5, ""step"": 288}, {""distance"": 3.935, ""mode"": ""frontier"", ""route"": 5, ""step"": 312}, {""distance"": 5.5458, ""mode"": ""frontier"", ""route"": 5, ""step"": 336}, {""distance"": 11.556000000000001, ""mode"": ""frontier"", ""route"": 4, ""step"": 360}, {""distance"": 9.8266, ""mode"": ""frontier"", ""route"": 4, ""step"": 384}, {""distance"": 10.8524, ""mode"": ""frontier"", ""route"": 4, ""step"": 408}, {""distance"": 10.589199999999998, ""mode"": ""frontier"", ""route"": 4, ""step"": 432}, {""distance"": 9.8534, ""mode"": ""frontier"", ""route"": 4, ""step"": 456}, {""distance"": 12.118200000000003, ""mode"": ""frontier"", ""route"": 4, ""step"": 480}, {""distance"": 10.4374, ""mode"": ""frontier"", ""route"": 4, ""step"": 504}, {""distance"": 15.302400000000002, ""mode"": ""frontier"", ""route"": 5, ""step"": 528}, {""distance"": 15.0086, ""mode"": ""frontier"", ""route"": 5, ""step"": 552}, {""distance"": 15.321000000000002, ""mode"": ""frontier"", ""route"": 4, ""step"": 576}, {""distance"": 16.827199999999998, ""mode"": ""frontier"", ""route"": 5, ""step"": 600}, {""distance"": 12.2972, ""mode"": ""frontier"", ""route"": 5, ""step"": 624}, {""distance"": 16.640600000000003, ""mode"": ""frontier"", ""route"": 5, ""step"": 648}, {""distance"": 18.898599999999995, ""mode"": ""frontier"", ""route"": 5, ""step"": 672}, {""distance"": 18.061000000000003, ""mode"": ""frontier"", ""route"": 5, ""step"": 696}]","{""0"": 157.0, ""1"": 211.0, ""10"": 3115.0, ""11"": 8952.0, ""12"": 12441.0, ""13"": 13401.0, ""14"": 18909.0, ""15"": 21664.0, ""16"": 23096.0, ""17"": 26909.0, ""18"": 30411.0, ""19"": 34536.0, ""2"": 474.0, ""20"": 40837.0, ""21"": 44093.0, ""22"": 52494.0, ""23"": 59114.0, ""24"": 68734.0, ""25"": 75533.0, ""26"": 81897.0, ""27"": 86531.0, ""28"": 87751.0, ""3"": 706.0, ""4"": 437.0, ""5"": 540.0, ""6"": 1533.0, ""7"": 450.0, ""8"": 518.0, ""9"": 341.0}","{""BUILD_PASTURE"": 14, ""CARE"": 311, ""COLLECT_FERTILIZER"": 326, ""DIG"": 34, ""DROP"": 95, ""EAST"": 791, ""FEED"": 324, ""FERTILIZE"": 90, ""HARVEST"": 302, ""NORTH"": 1223, ""PASS"": 495, ""PICKUP"": 367, ""PLACE"": 21, ""PLANT"": 99, ""SOUTH"": 917, ""WATER"": 791, ""WEST"": 1078}","{""BUY_ANIMAL"": 14, ""BUY_LAND"": 2, ""BUY_PRODUCT"": 324, ""BUY_SEED"": 51, ""HIRE"": 304, ""SELL"": 361}","{""BUY_ANIMAL:COW"": 8, ""BUY_ANIMAL:SHEEP"": 6, ""BUY_PRODUCT:WHEAT"": 1056, ""BUY_SEED:MELON"": 21, ""BUY_SEED:STRAWBERRY"": 44, ""BUY_SEED:WHEAT"": 34, ""SELL:FERTILIZER"": 232, ""SELL:MELON"": 119, ""SELL:MILK"": 230, ""SELL:STRAWBERRY"": 291, ""SELL:WHEAT"": 853, ""SELL:WOOL"": 168}",v008_q25,hamburger
2026,1,93420.0,98057.0,-4637.0,loss,DONE,DONE,1,719,0,0,0.911,1.54206,1.8155660000000007,2.1928,4.256082699983381,2,1,"[{""distance"": 0.0, ""mode"": ""frontier"", ""route"": 6, ""step"": 0}, {""distance"": 0.020400000000000015, ""mode"": ""frontier"", ""route"": 6, ""step"": 24}, {""distance"": 0.0010000000000000009, ""mode"": ""frontier"", ""route"": 6, ""step"": 48}, {""distance"": 0.021400000000000016, ""mode"": ""frontier"", ""route"": 6, ""step"": 72}, {""distance"": 0.18200000000000016, ""mode"": ""frontier"", ""route"": 5, ""step"": 96}, {""distance"": 1.7824000000000002, ""mode"": ""frontier"", ""route"": 5, ""step"": 120}, {""distance"": 1.9222, ""mode"": ""frontier"", ""route"": 5, ""step"": 144}, {""distance"": 2.141, ""mode"": ""frontier"", ""route"": 5, ""step"": 168}, {""distance"": 0.7636000000000002, ""mode"": ""frontier"", ""route"": 5, ""step"": 192}, {""distance"": 3.7459999999999996, ""mode"": ""frontier"", ""route"": 5, ""step"": 216}, {""distance"": 1.8291999999999997, ""mode"": ""frontier"", ""route"": 5, ""step"": 240}, {""distance"": 11.9812, ""mode"": ""frontier"", ""route"": 5, ""step"": 264}, {""distance"": 10.1018, ""mode"": ""frontier"", ""route"": 5, ""step"": 288}, {""distance"": 6.4350000000000005, ""mode"": ""frontier"", ""route"": 5, ""step"": 312}, {""distance"": 6.845799999999999, ""mode"": ""frontier"", ""route"": 5, ""step"": 336}, {""distance"": 13.6782, ""mode"": ""frontier"", ""route"": 5, ""step"": 360}, {""distance"": 11.626600000000002, ""mode"": ""frontier"", ""route"": 4, ""step"": 384}, {""distance"": 12.652399999999998, ""mode"": ""frontier"", ""route"": 4, ""step"": 408}, {""distance"": 12.1892, ""mode"": ""frontier"", ""route"": 4, ""step"": 432}, {""distance"": 11.453399999999998, ""mode"": ""frontier"", ""route"": 4, ""step"": 456}, {""distance"": 13.818200000000003, ""mode"": ""frontier"", ""route"": 4, ""step"": 480}, {""distance"": 13.337399999999999, ""mode"": ""frontier"", ""route"": 4, ""step"": 504}, {""distance"": 19.7024, ""mode"": ""frontier"", ""route"": 5, ""step"": 528}, {""distance"": 19.3086, ""mode"": ""frontier"", ""route"": 5, ""step"": 552}, {""distance"": 20.388999999999996, ""mode"": ""frontier"", ""route"": 5, ""step"": 576}, {""distance"": 18.29, ""mode"": ""frontier"", ""route"": 5, ""step"": 600}, {""distance"": 12.578399999999998, ""mode"": ""frontier"", ""route"": 5, ""step"": 624}, {""distance"": 16.9126, ""mode"": ""frontier"", ""route"": 5, ""step"": 648}, {""distance"": 19.1684, ""mode"": ""frontier"", ""route"": 5, ""step"": 672}, {""distance"": 17.324, ""mode"": ""frontier"", ""route"": 5, ""step"": 696}]","{""0"": 157.0, ""1"": 211.0, ""10"": 3115.0, ""11"": 8952.0, ""12"": 12441.0, ""13"": 13401.0, ""14"": 18909.0, ""15"": 21664.0, ""16"": 23096.0, ""17"": 26909.0, ""18"": 30411.0, ""19"": 34536.0, ""2"": 474.0, ""20"": 40837.0, ""21"": 44093.0, ""22"": 52494.0, ""23"": 58719.0, ""24"": 67822.0, ""25"": 73427.0, ""26"": 79830.0, ""27"": 84375.0, ""28"": 85636.0, ""3"": 706.0, ""4"": 437.0, ""5"": 540.0, ""6"": 1533.0, ""7"": 450.0, ""8"": 518.0, ""9"": 341.0}","{""BUILD_PASTURE"": 14, ""CARE"": 311, ""COLLECT_FERTILIZER"": 326, ""DIG"": 34, ""DROP"": 95, ""EAST"": 791, ""FEED"": 324, ""FERTILIZE"": 90, ""HARVEST"": 302, ""NORTH"": 1223, ""PASS"": 495, ""PICKUP"": 367, ""PLACE"": 21, ""PLANT"": 99, ""SOUTH"": 917, ""WATER"": 791, ""WEST"": 1078}","{""BUY_ANIMAL"": 14, ""BUY_LAND"": 2, ""BUY_PRODUCT"": 324, ""BUY_SEED"": 51, ""HIRE"": 304, ""SELL"": 362}","{""BUY_ANIMAL:COW"": 8, ""BUY_ANIMAL:SHEEP"": 6, ""BUY_PRODUCT:WHEAT"": 1056, ""BUY_SEED:MELON"": 21, ""BUY_SEED:STRAWBERRY"": 44, ""BUY_SEED:WHEAT"": 34, ""SELL:FERTILIZER"": 234, ""SELL:MELON"": 119, ""SELL:MILK"": 230, ""SELL:STRAWBERRY"": 291, ""SELL:WHEAT"": 853, ""SELL:WOOL"": 168}",v008_q25,hamburger
17,0,137348.0,140429.0,-3081.0,loss,DONE,DONE,1,719,0,0,0.9421,1.57817,1.8901520000000076,2.3455,4.195788000011817,2,1,"[{""distance"": 0.0, ""mode"": ""frontier"", ""route"": 6, ""step"": 0}, {""distance"": 0.02200000000000002, ""mode"": ""frontier"", ""route"": 1, ""step"": 24}, {""distance"": 1.0030000000000001, ""mode"": ""frontier"", ""route"": 2, ""step"": 48}, {""distance"": 1.0234, ""mode"": ""frontier"", ""route"": 2, ""step"": 72}, {""distance"": 1.2037999999999998, ""mode"": ""frontier"", ""route"": 2, ""step"": 96}, {""distance"": 1.3637999999999995, ""mode"": ""frontier"", ""route"": 2, ""step"": 120}, {""distance"": 4.0454, ""mode"": ""frontier"", ""route"": 2, ""step"": 144}, {""distance"": 4.2338000000000005, ""mode"": ""frontier"", ""route"": 1, ""step"": 168}, {""distance"": 4.639600000000001, ""mode"": ""frontier"", ""route"": 2, ""step"": 192}, {""distance"": 5.263800000000001, ""mode"": ""frontier"", ""route"": 4, ""step"": 216}, {""distance"": 5.536, ""mode"": ""frontier"", ""route"": 4, ""step"": 240}, {""distance"": 5.927000000000001, ""mode"": ""frontier"", ""route"": 2, ""step"": 264}, {""distance"": 5.8164, ""mode"": ""frontier"", ""route"": 4, ""step"": 288}, {""distance"": 6.9474, ""mode"": ""frontier"", ""route"": 2, ""step"": 312}, {""distance"": 7.1312, ""mode"": ""frontier"", ""route"": 4, ""step"": 336}, {""distance"": 7.5544, ""mode"": ""frontier"", ""route"": 2, ""step"": 360}, {""distance"": 7.077599999999999, ""mode"": ""frontier"", ""route"": 2, ""step"": 384}, {""distance"": 9.122399999999999, ""mode"": ""frontier"", ""route"": 2, ""step"": 408}, {""distance"": 8.711400000000001, ""mode"": ""frontier"", ""route"": 2, ""step"": 432}, {""distance"": 9.506600000000002, ""mode"": ""frontier"", ""route"": 2, ""step"": 456}, {""distance"": 10.382200000000001, ""mode"": ""frontier"", ""route"": 2, ""step"": 480}, {""distance"": 10.002199999999998, ""mode"": ""frontier"", ""route"": 2, ""step"": 504}, {""distance"": 10.557799999999999, ""mode"": ""frontier"", ""route"": 2, ""step"": 528}, {""distance"": 12.348999999999997, ""mode"": ""frontier"", ""route"": 2, ""step"": 552}, {""distance"": 13.318999999999999, ""mode"": ""frontier"", ""route"": 2, ""step"": 576}, {""distance"": 13.1024, ""mode"": ""frontier"", ""route"": 2, ""step"": 600}, {""distance"": 14.258400000000002, ""mode"": ""frontier"", ""route"": 1, ""step"": 624}, {""distance"": 13.641000000000005, ""mode"": ""frontier"", ""route"": 1, ""step"": 648}, {""distance"": 14.125799999999998, ""mode"": ""frontier"", ""route"": 1, ""step"": 672}, {""distance"": 17.977999999999998, ""mode"": ""frontier"", ""route"": 3, ""step"": 696}]","{""0"": 165.0, ""1"": 220.0, ""10"": 3390.0, ""11"": 8194.0, ""12"": 12082.0, ""13"": 13462.0, ""14"": 21156.0, ""15"": 23822.0, ""16"": 26695.0, ""17"": 34706.0, ""18"": 40710.0, ""19"": 46496.0, ""2"": 485.0, ""20"": 57457.0, ""21"": 63972.0, ""22"": 74202.0, ""23"": 82369.0, ""24"": 94150.0, ""25"": 101549.0, ""26"": 111910.0, ""27"": 119704.0, ""28"": 124891.0, ""3"": 719.0, ""4"": 451.0, ""5"": 561.0, ""6"": 1480.0, ""7"": 310.0, ""8"": 746.0, ""9"": 551.0}","{""BUILD_PASTURE"": 14, ""CARE"": 311, ""COLLECT_FERTILIZER"": 326, ""DIG"": 34, ""DROP"": 95, ""EAST"": 791, ""FEED"": 324, ""FERTILIZE"": 90, ""HARVEST"": 302, ""NORTH"": 1223, ""PASS"": 495, ""PICKUP"": 367, ""PLACE"": 21, ""PLANT"": 99, ""SOUTH"": 917, ""WATER"": 791, ""WEST"": 1078}","{""BUY_ANIMAL"": 14, ""BUY_LAND"": 2, ""BUY_PRODUCT"": 324, ""BUY_SEED"": 51, ""HIRE"": 304, ""SELL"": 363}","{""BUY_ANIMAL:COW"": 8, ""BUY_ANIMAL:SHEEP"": 6, ""BUY_PRODUCT:WHEAT"": 1056, ""BUY_SEED:MELON"": 21, ""BUY_SEED:STRAWBERRY"": 44, ""BUY_SEED:WHEAT"": 34, ""SELL:FERTILIZER"": 234, ""SELL:MELON"": 119, ""SELL:MILK"": 230, ""SELL:STRAWBERRY"": 291, ""SELL:WHEAT"": 877, ""SELL:WOOL"": 168}",v008_q25,builder
17,1,111252.0,112505.0,-1253.0,loss,DONE,DONE,1,719,0,0,0.9272,1.56278,1.8257320000000008,2.3225,4.173696100013331,7,1,"[{""distance"": 0.0, ""mode"": ""frontier"", ""route"": 6, ""step"": 0}, {""distance"": 0.02200000000000002, ""mode"": ""frontier"", ""route"": 1, ""step"": 24}, {""distance"": 0.0029999999999999957, ""mode"": ""frontier"", ""route"": 1, ""step"": 48}, {""distance"": 1.1234000000000002, ""mode"": ""frontier"", ""route"": 1, ""step"": 72}, {""distance"": 1.1638000000000002, ""mode"": ""frontier"", ""route"": 2, ""step"": 96}, {""distance"": 1.1838000000000002, ""mode"": ""frontier"", ""route"": 2, ""step"": 120}, {""distance"": 1.2054, ""mode"": ""frontier"", ""route"": 2, ""step"": 144}, {""distance"": 1.5844000000000007, ""mode"": ""frontier"", ""route"": 1, ""step"": 168}, {""distance"": 1.9362, ""mode"": ""frontier"", ""route"": 2, ""step"": 192}, {""distance"": 2.66, ""mode"": ""frontier"", ""route"": 0, ""step"": 216}, {""distance"": 2.8399999999999994, ""mode"": ""frontier"", ""route"": 0, ""step"": 240}, {""distance"": 3.100000000000001, ""mode"": ""frontier"", ""route"": 0, ""step"": 264}, {""distance"": 4.42, ""mode"": ""frontier"", ""route"": 0, ""step"": 288}, {""distance"": 2.2330000000000005, ""mode"": ""frontier"", ""route"": 0, ""step"": 312}, {""distance"": 2.2929999999999993, ""mode"": ""frontier"", ""route"": 0, ""step"": 336}, {""distance"": 2.3664000000000005, ""mode"": ""frontier"", ""route"": 0, ""step"": 360}, {""distance"": 2.608000000000001, ""mode"": ""frontier"", ""route"": 0, ""step"": 384}, {""distance"": 3.610599999999998, ""mode"": ""frontier"", ""route"": 0, ""step"": 408}, {""distance"": 3.939399999999999, ""mode"": ""frontier"", ""route"": 0, ""step"": 432}, {""distance"": 4.276200000000001, ""mode"": ""frontier"", ""route"": 0, ""step"": 456}, {""distance"": 5.5985999999999985, ""mode"": ""frontier"", ""route"": 0, ""step"": 480}, {""distance"": 3.7614, ""mode"": ""frontier"", ""route"": 0, ""step"": 504}, {""distance"": 4.0218, ""mode"": ""frontier"", ""route"": 0, ""step"": 528}, {""distance"": 4.0294000000000025, ""mode"": ""frontier"", ""route"": 0, ""step"": 552}, {""distance"": 4.131799999999997, ""mode"": ""frontier"", ""route"": 0, ""step"": 576}, {""distance"": 4.3344, ""mode"": ""frontier"", ""route"": 0, ""step"": 600}, {""distance"": 4.531000000000001, ""mode"": ""frontier"", ""route"": 0, ""step"": 624}, {""distance"": 4.25, ""mode"": ""frontier"", ""route"": 0, ""step"": 648}, {""distance"": 4.638400000000001, ""mode"": ""frontier"", ""route"": 0, ""step"": 672}, {""distance"": 4.361000000000002, ""mode"": ""frontier"", ""route"": 0, ""step"": 696}]","{""0"": 165.0, ""1"": 220.0, ""10"": 1532.0, ""11"": 7386.0, ""12"": 10929.0, ""13"": 11630.0, ""14"": 18656.0, ""15"": 22046.0, ""16"": 24052.0, ""17"": 30655.0, ""18"": 34895.0, ""19"": 38579.0, ""2"": 485.0, ""20"": 46654.0, ""21"": 51188.0, ""22"": 59292.0, ""23"": 65778.0, ""24"": 76066.0, ""25"": 83519.0, ""26"": 91340.0, ""27"": 98357.0, ""28"": 101467.0, ""3"": 719.0, ""4"": 451.0, ""5"": 561.0, ""6"": 1572.0, ""7"": 489.0, ""8"": 124.0, ""9"": 91.0}","{""BUILD_PASTURE"": 14, ""CARE"": 310, ""COLLECT_FERTILIZER"": 323, ""DIG"": 34, ""DROP"": 99, ""EAST"": 784, ""FEED"": 324, ""FERTILIZE"": 89, ""HARVEST"": 301, ""NORTH"": 1209, ""PASS"": 482, ""PICKUP"": 367, ""PLACE"": 16, ""PLANT"": 98, ""SOUTH"": 908, ""WATER"": 782, ""WEST"": 1078}","{""BUY_ANIMAL"": 14, ""BUY_LAND"": 2, ""BUY_PRODUCT"": 324, ""BUY_SEED"": 51, ""HIRE"": 304, ""SELL"": 363}","{""BUY_ANIMAL:COW"": 8, ""BUY_ANIMAL:SHEEP"": 6, ""BUY_PRODUCT:WHEAT"": 1056, ""BUY_SEED:MELON"": 21, ""BUY_SEED:STRAWBERRY"": 44, ""BUY_SEED:WHEAT"": 34, ""SELL:FERTILIZER"": 232, ""SELL:MELON"": 119, ""SELL:MILK"": 230, ""SELL:STRAWBERRY"": 291, ""SELL:WHEAT"": 866, ""SELL:WOOL"": 168}",v008_q25,builder
42,0,151190.0,143993.0,7197.0,win,DONE,DONE,1,719,0,0,0.9304,1.5720300000000003,1.792382,1.8912,4.190425400011009,2,1,"[{""distance"": 0.0, ""mode"": ""frontier"", ""route"": 6, ""step"": 0}, {""distance"": 0.522, ""mode"": ""frontier"", ""route"": 1, ""step"": 24}, {""distance"": 0.0029999999999999957, ""mode"": ""frontier"", ""route"": 1, ""step"": 48}, {""distance"": 0.023400000000000018, ""mode"": ""frontier"", ""route"": 1, ""step"": 72}, {""distance"": 0.003400000000000014, ""mode"": ""frontier"", ""route"": 3, ""step"": 96}, {""distance"": 1.0238, ""mode"": ""frontier"", ""route"": 1, ""step"": 120}, {""distance"": 1.0053999999999998, ""mode"": ""frontier"", ""route"": 1, ""step"": 144}, {""distance"": 0.8356000000000001, ""mode"": ""frontier"", ""route"": 1, ""step"": 168}, {""distance"": 1.6463999999999996, ""mode"": ""frontier"", ""route"": 2, ""step"": 192}, {""distance"": 2.4062, ""mode"": ""frontier"", ""route"": 2, ""step"": 216}, {""distance"": 2.5116, ""mode"": ""frontier"", ""route"": 2, ""step"": 240}, {""distance"": 3.3406, ""mode"": ""frontier"", ""route"": 2, ""step"": 264}, {""distance"": 3.9702, ""mode"": ""frontier"", ""route"": 2, ""step"": 288}, {""distance"": 2.3644, ""mode"": ""frontier"", ""route"": 2, ""step"": 312}, {""distance"": 4.0084, ""mode"": ""frontier"", ""route"": 2, ""step"": 336}, {""distance"": 3.9534000000000007, ""mode"": ""frontier"", ""route"": 2, ""step"": 360}, {""distance"": 4.160399999999999, ""mode"": ""frontier"", ""route"": 2, ""step"": 384}, {""distance"": 4.007599999999999, ""mode"": ""frontier"", ""route"": 2, ""step"": 408}, {""distance"": 4.345800000000001, ""mode"": ""frontier"", ""route"": 2, ""step"": 432}, {""distance"": 4.5120000000000005, ""mode"": ""frontier"", ""route"": 2, ""step"": 456}, {""distance"": 4.4886, ""mode"": ""frontier"", ""route"": 2, ""step"": 480}, {""distance"": 4.423399999999998, ""mode"": ""frontier"", ""route"": 2, ""step"": 504}, {""distance"": 3.3094, ""mode"": ""frontier"", ""route"": 2, ""step"": 528}, {""distance"": 4.545400000000001, ""mode"": ""frontier"", ""route"": 2, ""step"": 552}, {""distance"": 5.2193999999999985, ""mode"": ""frontier"", ""route"": 2, ""step"": 576}, {""distance"": 5.558999999999998, ""mode"": ""frontier"", ""route"": 2, ""step"": 600}, {""distance"": 5.218200000000001, ""mode"": ""frontier"", ""route"": 2, ""step"": 624}, {""distance"": 6.593600000000003, ""mode"": ""frontier"", ""route"": 2, ""step"": 648}, {""distance"": 5.4220000000000015, ""mode"": ""frontier"", ""route"": 2, ""step"": 672}, {""distance"": 10.962200000000003, ""mode"": ""frontier"", ""route"": 3, ""step"": 696}]","{""0"": 165.0, ""1"": 220.0, ""10"": 3758.0, ""11"": 10009.0, ""12"": 13931.0, ""13"": 15402.0, ""14"": 22795.0, ""15"": 26412.0, ""16"": 29345.0, ""17"": 38392.0, ""18"": 44503.0, ""19"": 50550.0, ""2"": 485.0, ""20"": 62885.0, ""21"": 69491.0, ""22"": 80602.0, ""23"": 89410.0, ""24"": 104418.0, ""25"": 111513.0, ""26"": 124177.0, ""27"": 132794.0, ""28"": 138714.0, ""3"": 719.0, ""4"": 451.0, ""5"": 561.0, ""6"": 1528.0, ""7"": 440.0, ""8"": 1045.0, ""9"": 892.0}","{""BUILD_PASTURE"": 14, ""CARE"": 310, ""COLLECT_FERTILIZER"": 326, ""DIG"": 34, ""DROP"": 95, ""EAST"": 788, ""FEED"": 324, ""FERTILIZE"": 90, ""HARVEST"": 302, ""NORTH"": 1218, ""PASS"": 515, ""PICKUP"": 367, ""PLACE"": 21, ""PLANT"": 99, ""SOUTH"": 914, ""WATER"": 786, ""WEST"": 1075}","{""BUY_ANIMAL"": 14, ""BUY_LAND"": 2, ""BUY_PRODUCT"": 324, ""BUY_SEED"": 51, ""HIRE"": 304, ""SELL"": 363}","{""BUY_ANIMAL:COW"": 8, ""BUY_ANIMAL:SHEEP"": 6, ""BUY_PRODUCT:WHEAT"": 1056, ""BUY_SEED:MELON"": 21, ""BUY_SEED:STRAWBERRY"": 44, ""BUY_SEED:WHEAT"": 34, ""SELL:FERTILIZER"": 236, ""SELL:MELON"": 119, ""SELL:MILK"": 230, ""SELL:STRAWBERRY"": 291, ""SELL:WHEAT"": 853, ""SELL:WOOL"": 168}",v008_q25,builder
42,1,150152.0,133402.0,16750.0,win,DONE,DONE,1,719,0,0,0.9221,1.58381,1.8924500000000024,160.8603,4.3812734999810345,2,1,"[{""distance"": 0.0, ""mode"": ""frontier"", ""route"": 6, ""step"": 0}, {""distance"": 0.522, ""mode"": ""frontier"", ""route"": 1, ""step"": 24}, {""distance"": 0.0029999999999999957, ""mode"": ""frontier"", ""route"": 1, ""step"": 48}, {""distance"": 0.023400000000000018, ""mode"": ""frontier"", ""route"": 1, ""step"": 72}, {""distance"": 0.003400000000000014, ""mode"": ""frontier"", ""route"": 3, ""step"": 96}, {""distance"": 0.023800000000000016, ""mode"": ""frontier"", ""route"": 1, ""step"": 120}, {""distance"": 0.005399999999999988, ""mode"": ""frontier"", ""route"": 1, ""step"": 144}, {""distance"": 0.12619999999999998, ""mode"": ""frontier"", ""route"": 3, ""step"": 168}, {""distance"": 0.18400000000000016, ""mode"": ""frontier"", ""route"": 3, ""step"": 192}, {""distance"": 0.28139999999999976, ""mode"": ""frontier"", ""route"": 3, ""step"": 216}, {""distance"": 0.4275999999999999, ""mode"": ""frontier"", ""route"": 1, ""step"": 240}, {""distance"": 1.4706000000000006, ""mode"": ""frontier"", ""route"": 1, ""step"": 264}, {""distance"": 2.5894, ""mode"": ""frontier"", ""route"": 1, ""step"": 288}, {""distance"": 1.0352000000000003, ""mode"": ""frontier"", ""route"": 3, ""step"": 312}, {""distance"": 2.0553999999999997, ""mode"": ""frontier"", ""route"": 1, ""step"": 336}, {""distance"": 1.9265999999999994, ""mode"": ""frontier"", ""route"": 1, ""step"": 360}, {""distance"": 1.8375999999999995, ""mode"": ""frontier"", ""route"": 1, ""step"": 384}, {""distance"": 1.9684000000000001, ""mode"": ""frontier"", ""route"": 1, ""step"": 408}, {""distance"": 1.8997999999999988, ""mode"": ""frontier"", ""route"": 1, ""step"": 432}, {""distance"": 2.417200000000001, ""mode"": ""frontier"", ""route"": 1, ""step"": 456}, {""distance"": 3.239599999999998, ""mode"": ""frontier"", ""route"": 1, ""step"": 480}, {""distance"": 3.6395999999999993, ""mode"": ""frontier"", ""route"": 1, ""step"": 504}, {""distance"": 4.474799999999998, ""mode"": ""frontier"", ""route"": 1, ""step"": 528}, {""distance"": 4.6469999999999985, ""mode"": ""frontier"", ""route"": 2, ""step"": 552}, {""distance"": 5.580399999999999, ""mode"": ""frontier"", ""route"": 2, ""step"": 576}, {""distance"": 5.025400000000003, ""mode"": ""frontier"", ""route"": 2, ""step"": 600}, {""distance"": 6.1885999999999965, ""mode"": ""frontier"", ""route"": 1, ""step"": 624}, {""distance"": 7.132799999999998, ""mode"": ""frontier"", ""route"": 2, ""step"": 648}, {""distance"": 7.5752, ""mode"": ""frontier"", ""route"": 2, ""step"": 672}, {""distance"": 11.246200000000002, ""mode"": ""frontier"", ""route"": 3, ""step"": 696}]","{""0"": 165.0, ""1"": 220.0, ""10"": 3527.0, ""11"": 9655.0, ""12"": 13440.0, ""13"": 14657.0, ""14"": 22127.0, ""15"": 25707.0, ""16"": 28365.0, ""17"": 37016.0, ""18"": 43041.0, ""19"": 48729.0, ""2"": 485.0, ""20"": 60339.0, ""21"": 66753.0, ""22"": 77466.0, ""23"": 86248.0, ""24"": 101015.0, ""25"": 109150.0, ""26"": 121715.0, ""27"": 130684.0, ""28"": 136482.0, ""3"": 719.0, ""4"": 451.0, ""5"": 561.0, ""6"": 1528.0, ""7"": 440.0, ""8"": 870.0, ""9"": 718.0}","{""BUILD_PASTURE"": 14, ""CARE"": 311, ""COLLECT_FERTILIZER"": 326, ""DIG"": 34, ""DROP"": 95, ""EAST"": 791, ""FEED"": 324, ""FERTILIZE"": 90, ""HARVEST"": 302, ""NORTH"": 1223, ""PASS"": 495, ""PICKUP"": 367, ""PLACE"": 21, ""PLANT"": 99, ""SOUTH"": 917, ""WATER"": 791, ""WEST"": 1078}","{""BUY_ANIMAL"": 14, ""BUY_LAND"": 2, ""BUY_PRODUCT"": 324, ""BUY_SEED"": 51, ""HIRE"": 304, ""SELL"": 362}","{""BUY_ANIMAL:COW"": 8, ""BUY_ANIMAL:SHEEP"": 6, ""BUY_PRODUCT:WHEAT"": 1056, ""BUY_SEED:MELON"": 21, ""BUY_SEED:STRAWBERRY"": 44, ""BUY_SEED:WHEAT"": 34, ""SELL:FERTILIZER"": 234, ""SELL:MELON"": 119, ""SELL:MILK"": 230, ""SELL:STRAWBERRY"": 291, ""SELL:WHEAT"": 853, ""SELL:WOOL"": 168}",v008_q25,builder
2026,0,134017.0,122907.0,11110.0,win,DONE,DONE,1,719,0,0,0.9552,1.6803700000000004,1.9349420000000013,2.5753,4.338703599991277,2,1,"[{""distance"": 0.0, ""mode"": ""frontier"", ""route"": 6, ""step"": 0}, {""distance"": 0.02200000000000002, ""mode"": ""frontier"", ""route"": 1, ""step"": 24}, {""distance"": 0.0029999999999999957, ""mode"": ""frontier"", ""route"": 2, ""step"": 48}, {""distance"": 0.023400000000000018, ""mode"": ""frontier"", ""route"": 2, ""step"": 72}, {""distance"": 0.20379999999999973, ""mode"": ""frontier"", ""route"": 2, ""step"": 96}, {""distance"": 0.36379999999999946, ""mode"": ""frontier"", ""route"": 2, ""step"": 120}, {""distance"": 0.44540000000000035, ""mode"": ""frontier"", ""route"": 2, ""step"": 144}, {""distance"": 0.2556, ""mode"": ""frontier"", ""route"": 1, ""step"": 168}, {""distance"": 0.5464, ""mode"": ""frontier"", ""route"": 2, ""step"": 192}, {""distance"": 1.1311999999999995, ""mode"": ""frontier"", ""route"": 2, ""step"": 216}, {""distance"": 0.8237999999999999, ""mode"": ""frontier"", ""route"": 4, ""step"": 240}, {""distance"": 1.2526000000000004, ""mode"": ""frontier"", ""route"": 4, ""step"": 264}, {""distance"": 2.2039999999999997, ""mode"": ""frontier"", ""route"": 4, ""step"": 288}, {""distance"": 3.6168000000000005, ""mode"": ""frontier"", ""route"": 2, ""step"": 312}, {""distance"": 3.9874000000000005, ""mode"": ""frontier"", ""route"": 4, ""step"": 336}, {""distance"": 4.0328, ""mode"": ""frontier"", ""route"": 4, ""step"": 360}, {""distance"": 4.938599999999999, ""mode"": ""frontier"", ""route"": 4, ""step"": 384}, {""distance"": 5.6469999999999985, ""mode"": ""frontier"", ""route"": 2, ""step"": 408}, {""distance"": 6.066200000000001, ""mode"": ""frontier"", ""route"": 2, ""step"": 432}, {""distance"": 6.8744, ""mode"": ""frontier"", ""route"": 3, ""step"": 456}, {""distance"": 6.487400000000001, ""mode"": ""frontier"", ""route"": 2, ""step"": 480}, {""distance"": 6.6016, ""mode"": ""frontier"", ""route"": 2, ""step"": 504}, {""distance"": 6.0008, ""mode"": ""frontier"", ""route"": 3, ""step"": 528}, {""distance"": 6.715399999999998, ""mode"": ""frontier"", ""route"": 3, ""step"": 552}, {""distance"": 7.871600000000001, ""mode"": ""frontier"", ""route"": 2, ""step"": 576}, {""distance"": 8.435400000000001, ""mode"": ""frontier"", ""route"": 2, ""step"": 600}, {""distance"": 7.493599999999999, ""mode"": ""frontier"", ""route"": 3, ""step"": 624}, {""distance"": 7.266599999999999, ""mode"": ""frontier"", ""route"": 3, ""step"": 648}, {""distance"": 7.309199999999999, ""mode"": ""frontier"", ""route"": 3, ""step"": 672}, {""distance"": 7.470600000000001, ""mode"": ""frontier"", ""route"": 3, ""step"": 696}]","{""0"": 165.0, ""1"": 220.0, ""10"": 3512.0, ""11"": 9598.0, ""12"": 13392.0, ""13"": 14759.0, ""14"": 21203.0, ""15"": 24340.0, ""16"": 26772.0, ""17"": 34732.0, ""18"": 39603.0, ""19"": 45370.0, ""2"": 485.0, ""20"": 56560.0, ""21"": 61398.0, ""22"": 72030.0, ""23"": 79867.0, ""24"": 93046.0, ""25"": 100345.0, ""26"": 110913.0, ""27"": 118217.0, ""28"": 123260.0, ""3"": 719.0, ""4"": 451.0, ""5"": 561.0, ""6"": 1528.0, ""7"": 440.0, ""8"": 870.0, ""9"": 690.0}","{""BUILD_PASTURE"": 14, ""CARE"": 311, ""COLLECT_FERTILIZER"": 326, ""DIG"": 34, ""DROP"": 95, ""EAST"": 791, ""FEED"": 324, ""FERTILIZE"": 90, ""HARVEST"": 302, ""NORTH"": 1223, ""PASS"": 495, ""PICKUP"": 367, ""PLACE"": 21, ""PLANT"": 99, ""SOUTH"": 917, ""WATER"": 791, ""WEST"": 1078}","{""BUY_ANIMAL"": 14, ""BUY_LAND"": 2, ""BUY_PRODUCT"": 324, ""BUY_SEED"": 51, ""HIRE"": 304, ""SELL"": 362}","{""BUY_ANIMAL:COW"": 8, ""BUY_ANIMAL:SHEEP"": 6, ""BUY_PRODUCT:WHEAT"": 1056, ""BUY_SEED:MELON"": 21, ""BUY_SEED:STRAWBERRY"": 44, ""BUY_SEED:WHEAT"": 34, ""SELL:FERTILIZER"": 234, ""SELL:MELON"": 119, ""SELL:MILK"": 230, ""SELL:STRAWBERRY"": 291, ""SELL:WHEAT"": 853, ""SELL:WOOL"": 168}",v008_q25,builder
2026,1,132268.0,124370.0,7898.0,win,DONE,DONE,1,719,0,0,0.9213,1.6234200000000003,1.9219000000000028,2.5617,4.258585599978687,2,1,"[{""distance"": 0.0, ""mode"": ""frontier"", ""route"": 6, ""step"": 0}, {""distance"": 0.02200000000000002, ""mode"": ""frontier"", ""route"": 1, ""step"": 24}, {""distance"": 0.0029999999999999957, ""mode"": ""frontier"", ""route"": 2, ""step"": 48}, {""distance"": 0.023400000000000018, ""mode"": ""frontier"", ""route"": 2, ""step"": 72}, {""distance"": 0.20379999999999973, ""mode"": ""frontier"", ""route"": 2, ""step"": 96}, {""distance"": 0.36379999999999946, ""mode"": ""frontier"", ""route"": 2, ""step"": 120}, {""distance"": 0.44540000000000035, ""mode"": ""frontier"", ""route"": 2, ""step"": 144}, {""distance"": 0.2556, ""mode"": ""frontier"", ""route"": 1, ""step"": 168}, {""distance"": 0.5464, ""mode"": ""frontier"", ""route"": 2, ""step"": 192}, {""distance"": 1.1311999999999995, ""mode"": ""frontier"", ""route"": 2, ""step"": 216}, {""distance"": 0.8237999999999999, ""mode"": ""frontier"", ""route"": 4, ""step"": 240}, {""distance"": 1.7526000000000006, ""mode"": ""frontier"", ""route"": 4, ""step"": 264}, {""distance"": 2.704, ""mode"": ""frontier"", ""route"": 4, ""step"": 288}, {""distance"": 0.8656000000000005, ""mode"": ""frontier"", ""route"": 4, ""step"": 312}, {""distance"": 3.9874, ""mode"": ""frontier"", ""route"": 4, ""step"": 336}, {""distance"": 4.0328, ""mode"": ""frontier"", ""route"": 4, ""step"": 360}, {""distance"": 4.9386, ""mode"": ""frontier"", ""route"": 4, ""step"": 384}, {""distance"": 6.026999999999999, ""mode"": ""frontier"", ""route"": 2, ""step"": 408}, {""distance"": 6.4262000000000015, ""mode"": ""frontier"", ""route"": 2, ""step"": 432}, {""distance"": 6.394399999999999, ""mode"": ""frontier"", ""route"": 3, ""step"": 456}, {""distance"": 6.900999999999998, ""mode"": ""frontier"", ""route"": 3, ""step"": 480}, {""distance"": 6.5074000000000005, ""mode"": ""frontier"", ""route"": 3, ""step"": 504}, {""distance"": 6.540799999999999, ""mode"": ""frontier"", ""route"": 3, ""step"": 528}, {""distance"": 6.9528000000000025, ""mode"": ""frontier"", ""route"": 3, ""step"": 552}, {""distance"": 9.007000000000001, ""mode"": ""frontier"", ""route"": 3, ""step"": 576}, {""distance"": 7.952000000000002, ""mode"": ""frontier"", ""route"": 3, ""step"": 600}, {""distance"": 6.965999999999998, ""mode"": ""frontier"", ""route"": 3, ""step"": 624}, {""distance"": 7.162400000000001, ""mode"": ""frontier"", ""route"": 3, ""step"": 648}, {""distance"": 7.395000000000001, ""mode"": ""frontier"", ""route"": 3, ""step"": 672}, {""distance"": 10.3568, ""mode"": ""frontier"", ""route"": 3, ""step"": 696}]","{""0"": 165.0, ""1"": 220.0, ""10"": 3512.0, ""11"": 9598.0, ""12"": 13392.0, ""13"": 14759.0, ""14"": 21203.0, ""15"": 24340.0, ""16"": 26772.0, ""17"": 34732.0, ""18"": 39603.0, ""19"": 45370.0, ""2"": 485.0, ""20"": 56560.0, ""21"": 61398.0, ""22"": 72020.0, ""23"": 79837.0, ""24"": 92974.0, ""25"": 99507.0, ""26"": 109592.0, ""27"": 116896.0, ""28"": 121923.0, ""3"": 719.0, ""4"": 451.0, ""5"": 561.0, ""6"": 1528.0, ""7"": 440.0, ""8"": 870.0, ""9"": 690.0}","{""BUILD_PASTURE"": 14, ""CARE"": 311, ""COLLECT_FERTILIZER"": 326, ""DIG"": 34, ""DROP"": 95, ""EAST"": 791, ""FEED"": 324, ""FERTILIZE"": 90, ""HARVEST"": 302, ""NORTH"": 1223, ""PASS"": 495, ""PICKUP"": 367, ""PLACE"": 21, ""PLANT"": 99, ""SOUTH"": 917, ""WATER"": 791, ""WEST"": 1078}","{""BUY_ANIMAL"": 14, ""BUY_LAND"": 2, ""BUY_PRODUCT"": 324, ""BUY_SEED"": 51, ""HIRE"": 304, ""SELL"": 363}","{""BUY_ANIMAL:COW"": 8, ""BUY_ANIMAL:SHEEP"": 6, ""BUY_PRODUCT:WHEAT"": 1056, ""BUY_SEED:MELON"": 21, ""BUY_SEED:STRAWBERRY"": 44, ""BUY_SEED:WHEAT"": 34, ""SELL:FERTILIZER"": 238, ""SELL:MELON"": 119, ""SELL:MILK"": 230, ""SELL:STRAWBERRY"": 291, ""SELL:WHEAT"": 853, ""SELL:WOOL"": 168}",v008_q25,builder
17,0,130068.0,138389.0,-8321.0,loss,DONE,DONE,1,719,0,0,0.9333,1.5784700000000003,1.7737620000000007,2.1234,4.307899699982954,2,1,"[{""distance"": 0.0, ""mode"": ""frontier"", ""route"": 6, ""step"": 0}, {""distance"": 0.0, ""mode"": ""frontier"", ""route"": 6, ""step"": 24}, {""distance"": 1.0, ""mode"": ""frontier"", ""route"": 6, ""step"": 48}, {""distance"": 1.0, ""mode"": ""frontier"", ""route"": 6, ""step"": 72}, {""distance"": 0.0, ""mode"": ""frontier"", ""route"": 7, ""step"": 96}, {""distance"": 3.0603999999999996, ""mode"": ""frontier"", ""route"": 5, ""step"": 120}, {""distance"": 5.8622000000000005, ""mode"": ""frontier"", ""route"": 5, ""step"": 144}, {""distance"": 6.137799999999999, ""mode"": ""frontier"", ""route"": 5, ""step"": 168}, {""distance"": 4.877399999999999, ""mode"": ""frontier"", ""route"": 5, ""step"": 192}, {""distance"": 8.4346, ""mode"": ""frontier"", ""route"": 5, ""step"": 216}, {""distance"": 6.070799999999998, ""mode"": ""frontier"", ""route"": 5, ""step"": 240}, {""distance"": 16.6136, ""mode"": ""frontier"", ""route"": 5, ""step"": 264}, {""distance"": 12.866999999999999, ""mode"": ""frontier"", ""route"": 5, ""step"": 288}, {""distance"": 8.446799999999998, ""mode"": ""frontier"", ""route"": 5, ""step"": 312}, {""distance"": 8.744599999999998, ""mode"": ""frontier"", ""route"": 5, ""step"": 336}, {""distance"": 15.2458, ""mode"": ""frontier"", ""route"": 4, ""step"": 360}, {""distance"": 13.1334, ""mode"": ""frontier"", ""route"": 4, ""step"": 384}, {""distance"": 15.1854, ""mode"": ""frontier"", ""route"": 5, ""step"": 408}, {""distance"": 15.360199999999999, ""mode"": ""frontier"", ""route"": 4, ""step"": 432}, {""distance"": 15.865200000000002, ""mode"": ""frontier"", ""route"": 5, ""step"": 456}, {""distance"": 16.624599999999997, ""mode"": ""frontier"", ""route"": 5, ""step"": 480}, {""distance"": 16.1018, ""mode"": ""frontier"", ""route"": 2, ""step"": 504}, {""distance"": 19.411999999999995, ""mode"": ""frontier"", ""route"": 5, ""step"": 528}, {""distance"": 17.961399999999998, ""mode"": ""frontier"", ""route"": 7, ""step"": 552}, {""distance"": 19.2954, ""mode"": ""frontier"", ""route"": 7, ""step"": 576}, {""distance"": 20.7568, ""mode"": ""frontier"", ""route"": 6, ""step"": 600}, {""distance"": 19.094399999999997, ""mode"": ""frontier"", ""route"": 5, ""step"": 624}, {""distance"": 21.050599999999996, ""mode"": ""frontier"", ""route"": 5, ""step"": 648}, {""distance"": 22.1954, ""mode"": ""frontier"", ""route"": 1, ""step"": 672}, {""distance"": 22.692999999999994, ""mode"": ""frontier"", ""route"": 1, ""step"": 696}]","{""0"": 161.0, ""1"": 216.0, ""10"": 3289.0, ""11"": 8020.0, ""12"": 11782.0, ""13"": 13203.0, ""14"": 19460.0, ""15"": 22230.0, ""16"": 24849.0, ""17"": 32256.0, ""18"": 37604.0, ""19"": 43816.0, ""2"": 481.0, ""20"": 55009.0, ""21"": 60878.0, ""22"": 71828.0, ""23"": 79564.0, ""24"": 90721.0, ""25"": 97491.0, ""26"": 107033.0, ""27"": 113832.0, ""28"": 118443.0, ""3"": 715.0, ""4"": 447.0, ""5"": 540.0, ""6"": 1449.0, ""7"": 281.0, ""8"": 706.0, ""9"": 441.0}","{""BUILD_PASTURE"": 14, ""CARE"": 311, ""COLLECT_FERTILIZER"": 326, ""DIG"": 34, ""DROP"": 95, ""EAST"": 791, ""FEED"": 324, ""FERTILIZE"": 90, ""HARVEST"": 302, ""NORTH"": 1223, ""PASS"": 495, ""PICKUP"": 367, ""PLACE"": 21, ""PLANT"": 99, ""SOUTH"": 917, ""WATER"": 791, ""WEST"": 1078}","{""BUY_ANIMAL"": 14, ""BUY_LAND"": 2, ""BUY_PRODUCT"": 324, ""BUY_SEED"": 51, ""HIRE"": 304, ""SELL"": 362}","{""BUY_ANIMAL:COW"": 8, ""BUY_ANIMAL:SHEEP"": 6, ""BUY_PRODUCT:WHEAT"": 1056, ""BUY_SEED:MELON"": 21, ""BUY_SEED:STRAWBERRY"": 44, ""BUY_SEED:WHEAT"": 34, ""SELL:FERTILIZER"": 232, ""SELL:MELON"": 119, ""SELL:MILK"": 230, ""SELL:STRAWBERRY"": 291, ""SELL:WHEAT"": 877, ""SELL:WOOL"": 168}",v008_q25,frontier
17,1,138354.0,128732.0,9622.0,win,DONE,DONE,1,719,0,0,0.9116,1.56512,1.853660000000002,2.1801,4.278016000025673,2,1,"[{""distance"": 0.0, ""mode"": ""frontier"", ""route"": 6, ""step"": 0}, {""distance"": 0.0, ""mode"": ""frontier"", ""route"": 6, ""step"": 24}, {""distance"": 0.5, ""mode"": ""frontier"", ""route"": 6, ""step"": 48}, {""distance"": 0.5, ""mode"": ""frontier"", ""route"": 6, ""step"": 72}, {""distance"": 0.5002, ""mode"": ""frontier"", ""route"": 6, ""step"": 96}, {""distance"": 2.5603999999999996, ""mode"": ""frontier"", ""route"": 5, ""step"": 120}, {""distance"": 4.5122, ""mode"": ""frontier"", ""route"": 5, ""step"": 144}, {""distance"": 4.6706, ""mode"": ""frontier"", ""route"": 5, ""step"": 168}, {""distance"": 3.2912, ""mode"": ""frontier"", ""route"": 5, ""step"": 192}, {""distance"": 6.8382, ""mode"": ""frontier"", ""route"": 5, ""step"": 216}, {""distance"": 4.2744, ""mode"": ""frontier"", ""route"": 5, ""step"": 240}, {""distance"": 13.517200000000003, ""mode"": ""frontier"", ""route"": 5, ""step"": 264}, {""distance"": 9.9756, ""mode"": ""frontier"", ""route"": 5, ""step"": 288}, {""distance"": 5.935799999999999, ""mode"": ""frontier"", ""route"": 5, ""step"": 312}, {""distance"": 5.278, ""mode"": ""frontier"", ""route"": 5, ""step"": 336}, {""distance"": 12.536800000000001, ""mode"": ""frontier"", ""route"": 4, ""step"": 360}, {""distance"": 9.5214, ""mode"": ""frontier"", ""route"": 4, ""step"": 384}, {""distance"": 12.906799999999997, ""mode"": ""frontier"", ""route"": 2, ""step"": 408}, {""distance"": 13.762800000000002, ""mode"": ""frontier"", ""route"": 2, ""step"": 432}, {""distance"": 13.269200000000001, ""mode"": ""frontier"", ""route"": 2, ""step"": 456}, {""distance"": 14.879600000000002, ""mode"": ""frontier"", ""route"": 2, ""step"": 480}, {""distance"": 10.450200000000002, ""mode"": ""frontier"", ""route"": 2, ""step"": 504}, {""distance"": 15.8636, ""mode"": ""frontier"", ""route"": 5, ""step"": 528}, {""distance"": 15.332999999999997, ""mode"": ""frontier"", ""route"": 5, ""step"": 552}, {""distance"": 16.0568, ""mode"": ""frontier"", ""route"": 5, ""step"": 576}, {""distance"": 16.067800000000002, ""mode"": ""frontier"", ""route"": 2, ""step"": 600}, {""distance"": 15.8372, ""mode"": ""frontier"", ""route"": 5, ""step"": 624}, {""distance"": 19.849, ""mode"": ""frontier"", ""route"": 5, ""step"": 648}, {""distance"": 20.5092, ""mode"": ""frontier"", ""route"": 3, ""step"": 672}, {""distance"": 17.7268, ""mode"": ""frontier"", ""route"": 2, ""step"": 696}]","{""0"": 161.0, ""1"": 216.0, ""10"": 3557.0, ""11"": 9583.0, ""12"": 13345.0, ""13"": 14766.0, ""14"": 21023.0, ""15"": 24154.0, ""16"": 26773.0, ""17"": 34949.0, ""18"": 40297.0, ""19"": 46509.0, ""2"": 481.0, ""20"": 58517.0, ""21"": 64386.0, ""22"": 75745.0, ""23"": 83861.0, ""24"": 98084.0, ""25"": 104955.0, ""26"": 115695.0, ""27"": 122586.0, ""28"": 127284.0, ""3"": 715.0, ""4"": 447.0, ""5"": 540.0, ""6"": 1541.0, ""7"": 462.0, ""8"": 887.0, ""9"": 709.0}","{""BUILD_PASTURE"": 14, ""CARE"": 311, ""COLLECT_FERTILIZER"": 326, ""DIG"": 34, ""DROP"": 95, ""EAST"": 791, ""FEED"": 324, ""FERTILIZE"": 90, ""HARVEST"": 302, ""NORTH"": 1223, ""PASS"": 495, ""PICKUP"": 367, ""PLACE"": 21, ""PLANT"": 99, ""SOUTH"": 917, ""WATER"": 791, ""WEST"": 1078}","{""BUY_ANIMAL"": 14, ""BUY_LAND"": 2, ""BUY_PRODUCT"": 324, ""BUY_SEED"": 51, ""HIRE"": 304, ""SELL"": 362}","{""BUY_ANIMAL:COW"": 8, ""BUY_ANIMAL:SHEEP"": 6, ""BUY_PRODUCT:WHEAT"": 1056, ""BUY_SEED:MELON"": 21, ""BUY_SEED:STRAWBERRY"": 44, ""BUY_SEED:WHEAT"": 34, ""SELL:FERTILIZER"": 233, ""SELL:MELON"": 119, ""SELL:MILK"": 230, ""SELL:STRAWBERRY"": 291, ""SELL:WHEAT"": 853, ""SELL:WOOL"": 168}",v008_q25,frontier
42,0,117636.0,117945.0,-309.0,loss,DONE,DONE,1,719,0,0,0.9147,1.5424500000000003,1.7912340000000002,2.1,4.215294099994935,2,1,"[{""distance"": 0.0, ""mode"": ""frontier"", ""route"": 6, ""step"": 0}, {""distance"": 0.0, ""mode"": ""frontier"", ""route"": 6, ""step"": 24}, {""distance"": 0.0, ""mode"": ""frontier"", ""route"": 6, ""step"": 48}, {""distance"": 0.0, ""mode"": ""frontier"", ""route"": 6, ""step"": 72}, {""distance"": 0.16020000000000015, ""mode"": ""frontier"", ""route"": 5, ""step"": 96}, {""distance"": 1.7804000000000002, ""mode"": ""frontier"", ""route"": 5, ""step"": 120}, {""distance"": 1.9222, ""mode"": ""frontier"", ""route"": 5, ""step"": 144}, {""distance"": 2.2008, ""mode"": ""frontier"", ""route"": 5, ""step"": 168}, {""distance"": 0.9204000000000002, ""mode"": ""frontier"", ""route"": 5, ""step"": 192}, {""distance"": 3.9417999999999997, ""mode"": ""frontier"", ""route"": 5, ""step"": 216}, {""distance"": 2.4828000000000006, ""mode"": ""frontier"", ""route"": 5, ""step"": 240}, {""distance"": 12.4446, ""mode"": ""frontier"", ""route"": 5, ""step"": 264}, {""distance"": 9.5452, ""mode"": ""frontier"", ""route"": 5, ""step"": 288}, {""distance"": 6.243399999999999, ""mode"": ""frontier"", ""route"": 5, ""step"": 312}, {""distance"": 6.8332, ""mode"": ""frontier"", ""route"": 5, ""step"": 336}, {""distance"": 11.912600000000001, ""mode"": ""frontier"", ""route"": 2, ""step"": 360}, {""distance"": 9.412600000000001, ""mode"": ""frontier"", ""route"": 0, ""step"": 384}, {""distance"": 11.588399999999998, ""mode"": ""frontier"", ""route"": 2, ""step"": 408}, {""distance"": 12.3062, ""mode"": ""frontier"", ""route"": 2, ""step"": 432}, {""distance"": 11.1026, ""mode"": ""frontier"", ""route"": 1, ""step"": 456}, {""distance"": 12.514399999999998, ""mode"": ""frontier"", ""route"": 1, ""step"": 480}, {""distance"": 12.054800000000002, ""mode"": ""frontier"", ""route"": 1, ""step"": 504}, {""distance"": 16.6178, ""mode"": ""frontier"", ""route"": 6, ""step"": 528}, {""distance"": 16.239200000000004, ""mode"": ""frontier"", ""route"": 6, ""step"": 552}, {""distance"": 14.986600000000003, ""mode"": ""frontier"", ""route"": 6, ""step"": 576}, {""distance"": 16.738, ""mode"": ""frontier"", ""route"": 1, ""step"": 600}, {""distance"": 13.781199999999998, ""mode"": ""frontier"", ""route"": 1, ""step"": 624}, {""distance"": 16.126, ""mode"": ""frontier"", ""route"": 1, ""step"": 648}, {""distance"": 18.7318, ""mode"": ""frontier"", ""route"": 1, ""step"": 672}, {""distance"": 15.871999999999998, ""mode"": ""frontier"", ""route"": 1, ""step"": 696}]","{""0"": 161.0, ""1"": 216.0, ""10"": 3198.0, ""11"": 9131.0, ""12"": 12755.0, ""13"": 13752.0, ""14"": 21115.0, ""15"": 24619.0, ""16"": 26815.0, ""17"": 34282.0, ""18"": 39742.0, ""19"": 43959.0, ""2"": 481.0, ""20"": 52867.0, ""21"": 58484.0, ""22"": 66945.0, ""23"": 74522.0, ""24"": 86184.0, ""25"": 92401.0, ""26"": 101183.0, ""27"": 106400.0, ""28"": 108410.0, ""3"": 715.0, ""4"": 447.0, ""5"": 540.0, ""6"": 1543.0, ""7"": 466.0, ""8"": 539.0, ""9"": 401.0}","{""BUILD_PASTURE"": 14, ""CARE"": 311, ""COLLECT_FERTILIZER"": 326, ""DIG"": 34, ""DROP"": 95, ""EAST"": 791, ""FEED"": 324, ""FERTILIZE"": 90, ""HARVEST"": 302, ""NORTH"": 1223, ""PASS"": 495, ""PICKUP"": 367, ""PLACE"": 21, ""PLANT"": 99, ""SOUTH"": 917, ""WATER"": 791, ""WEST"": 1078}","{""BUY_ANIMAL"": 14, ""BUY_LAND"": 2, ""BUY_PRODUCT"": 324, ""BUY_SEED"": 51, ""HIRE"": 304, ""SELL"": 362}","{""BUY_ANIMAL:COW"": 8, ""BUY_ANIMAL:SHEEP"": 6, ""BUY_PRODUCT:WHEAT"": 1056, ""BUY_SEED:MELON"": 21, ""BUY_SEED:STRAWBERRY"": 44, ""BUY_SEED:WHEAT"": 34, ""SELL:FERTILIZER"": 234, ""SELL:MELON"": 119, ""SELL:MILK"": 230, ""SELL:STRAWBERRY"": 291, ""SELL:WHEAT"": 853, ""SELL:WOOL"": 168}",v008_q25,frontier
42,1,117932.0,117649.0,283.0,win,DONE,DONE,1,719,0,0,0.9173,1.5891700000000002,1.777476000000001,2.3862,4.401408200006699,2,1,"[{""distance"": 0.0, ""mode"": ""frontier"", ""route"": 6, ""step"": 0}, {""distance"": 0.0, ""mode"": ""frontier"", ""route"": 6, ""step"": 24}, {""distance"": 0.0, ""mode"": ""frontier"", ""route"": 6, ""step"": 48}, {""distance"": 0.0, ""mode"": ""frontier"", ""route"": 6, ""step"": 72}, {""distance"": 0.16020000000000015, ""mode"": ""frontier"", ""route"": 5, ""step"": 96}, {""distance"": 1.7804000000000002, ""mode"": ""frontier"", ""route"": 5, ""step"": 120}, {""distance"": 1.9222, ""mode"": ""frontier"", ""route"": 5, ""step"": 144}, {""distance"": 2.2008, ""mode"": ""frontier"", ""route"": 5, ""step"": 168}, {""distance"": 0.9204000000000002, ""mode"": ""frontier"", ""route"": 5, ""step"": 192}, {""distance"": 3.9417999999999997, ""mode"": ""frontier"", ""route"": 5, ""step"": 216}, {""distance"": 2.4828000000000006, ""mode"": ""frontier"", ""route"": 5, ""step"": 240}, {""distance"": 10.9446, ""mode"": ""frontier"", ""route"": 5, ""step"": 264}, {""distance"": 9.5452, ""mode"": ""frontier"", ""route"": 5, ""step"": 288}, {""distance"": 6.243399999999999, ""mode"": ""frontier"", ""route"": 5, ""step"": 312}, {""distance"": 6.8332, ""mode"": ""frontier"", ""route"": 5, ""step"": 336}, {""distance"": 11.912600000000001, ""mode"": ""frontier"", ""route"": 2, ""step"": 360}, {""distance"": 9.412600000000001, ""mode"": ""frontier"", ""route"": 0, ""step"": 384}, {""distance"": 11.588399999999998, ""mode"": ""frontier"", ""route"": 2, ""step"": 408}, {""distance"": 12.3062, ""mode"": ""frontier"", ""route"": 2, ""step"": 432}, {""distance"": 11.1026, ""mode"": ""frontier"", ""route"": 1, ""step"": 456}, {""distance"": 13.014399999999998, ""mode"": ""frontier"", ""route"": 1, ""step"": 480}, {""distance"": 12.054800000000002, ""mode"": ""frontier"", ""route"": 1, ""step"": 504}, {""distance"": 16.6178, ""mode"": ""frontier"", ""route"": 6, ""step"": 528}, {""distance"": 16.476, ""mode"": ""frontier"", ""route"": 5, ""step"": 552}, {""distance"": 14.8866, ""mode"": ""frontier"", ""route"": 6, ""step"": 576}, {""distance"": 16.705000000000002, ""mode"": ""frontier"", ""route"": 1, ""step"": 600}, {""distance"": 13.820599999999999, ""mode"": ""frontier"", ""route"": 1, ""step"": 624}, {""distance"": 15.7654, ""mode"": ""frontier"", ""route"": 1, ""step"": 648}, {""distance"": 17.685200000000002, ""mode"": ""frontier"", ""route"": 1, ""step"": 672}, {""distance"": 16.825399999999995, ""mode"": ""frontier"", ""route"": 1, ""step"": 696}]","{""0"": 161.0, ""1"": 216.0, ""10"": 3198.0, ""11"": 9131.0, ""12"": 12755.0, ""13"": 13752.0, ""14"": 21115.0, ""15"": 24619.0, ""16"": 26815.0, ""17"": 34282.0, ""18"": 39742.0, ""19"": 43959.0, ""2"": 481.0, ""20"": 52867.0, ""21"": 58484.0, ""22"": 66945.0, ""23"": 74522.0, ""24"": 85849.0, ""25"": 92704.0, ""26"": 101486.0, ""27"": 106633.0, ""28"": 108643.0, ""3"": 715.0, ""4"": 447.0, ""5"": 540.0, ""6"": 1543.0, ""7"": 466.0, ""8"": 539.0, ""9"": 401.0}","{""BUILD_PASTURE"": 14, ""CARE"": 311, ""COLLECT_FERTILIZER"": 326, ""DIG"": 34, ""DROP"": 95, ""EAST"": 791, ""FEED"": 324, ""FERTILIZE"": 90, ""HARVEST"": 302, ""NORTH"": 1223, ""PASS"": 495, ""PICKUP"": 367, ""PLACE"": 21, ""PLANT"": 99, ""SOUTH"": 917, ""WATER"": 791, ""WEST"": 1078}","{""BUY_ANIMAL"": 14, ""BUY_LAND"": 2, ""BUY_PRODUCT"": 324, ""BUY_SEED"": 51, ""HIRE"": 304, ""SELL"": 362}","{""BUY_ANIMAL:COW"": 8, ""BUY_ANIMAL:SHEEP"": 6, ""BUY_PRODUCT:WHEAT"": 1056, ""BUY_SEED:MELON"": 21, ""BUY_SEED:STRAWBERRY"": 44, ""BUY_SEED:WHEAT"": 34, ""SELL:FERTILIZER"": 234, ""SELL:MELON"": 119, ""SELL:MILK"": 230, ""SELL:STRAWBERRY"": 291, ""SELL:WHEAT"": 853, ""SELL:WOOL"": 168}",v008_q25,frontier
2026,0,95841.0,93780.0,2061.0,win,DONE,DONE,1,719,0,0,0.9055,1.5456500000000002,1.766014,2.3972,4.208044400002109,2,1,"[{""distance"": 0.0, ""mode"": ""frontier"", ""route"": 6, ""step"": 0}, {""distance"": 0.0, ""mode"": ""frontier"", ""route"": 6, ""step"": 24}, {""distance"": 0.0, ""mode"": ""frontier"", ""route"": 6, ""step"": 48}, {""distance"": 0.0, ""mode"": ""frontier"", ""route"": 6, ""step"": 72}, {""distance"": 0.16020000000000015, ""mode"": ""frontier"", ""route"": 5, ""step"": 96}, {""distance"": 1.7804000000000002, ""mode"": ""frontier"", ""route"": 5, ""step"": 120}, {""distance"": 1.9222, ""mode"": ""frontier"", ""route"": 5, ""step"": 144}, {""distance"": 2.1406, ""mode"": ""frontier"", ""route"": 5, ""step"": 168}, {""distance"": 0.7614000000000001, ""mode"": ""frontier"", ""route"": 5, ""step"": 192}, {""distance"": 3.7438, ""mode"": ""frontier"", ""route"": 5, ""step"": 216}, {""distance"": 1.8276, ""mode"": ""frontier"", ""route"": 5, ""step"": 240}, {""distance"": 10.5196, ""mode"": ""frontier"", ""route"": 5, ""step"": 264}, {""distance"": 7.8068, ""mode"": ""frontier"", ""route"": 5, ""step"": 288}, {""distance"": 3.898399999999999, ""mode"": ""frontier"", ""route"": 5, ""step"": 312}, {""distance"": 5.504999999999999, ""mode"": ""frontier"", ""route"": 5, ""step"": 336}, {""distance"": 11.553, ""mode"": ""frontier"", ""route"": 4, ""step"": 360}, {""distance"": 9.968, ""mode"": ""frontier"", ""route"": 4, ""step"": 384}, {""distance"": 10.988399999999999, ""mode"": ""frontier"", ""route"": 4, ""step"": 408}, {""distance"": 10.643799999999999, ""mode"": ""frontier"", ""route"": 4, ""step"": 432}, {""distance"": 9.898, ""mode"": ""frontier"", ""route"": 4, ""step"": 456}, {""distance"": 12.000000000000002, ""mode"": ""frontier"", ""route"": 4, ""step"": 480}, {""distance"": 10.598200000000002, ""mode"": ""frontier"", ""route"": 4, ""step"": 504}, {""distance"": 15.5794, ""mode"": ""frontier"", ""route"": 5, ""step"": 528}, {""distance"": 15.3204, ""mode"": ""frontier"", ""route"": 5, ""step"": 552}, {""distance"": 15.985600000000002, ""mode"": ""frontier"", ""route"": 4, ""step"": 576}, {""distance"": 16.5506, ""mode"": ""frontier"", ""route"": 5, ""step"": 600}, {""distance"": 12.215399999999999, ""mode"": ""frontier"", ""route"": 5, ""step"": 624}, {""distance"": 16.3986, ""mode"": ""frontier"", ""route"": 5, ""step"": 648}, {""distance"": 18.439999999999998, ""mode"": ""frontier"", ""route"": 5, ""step"": 672}, {""distance"": 17.775000000000002, ""mode"": ""frontier"", ""route"": 5, ""step"": 696}]","{""0"": 161.0, ""1"": 216.0, ""10"": 3123.0, ""11"": 8923.0, ""12"": 12424.0, ""13"": 13405.0, ""14"": 18924.0, ""15"": 21657.0, ""16"": 23016.0, ""17"": 26836.0, ""18"": 30388.0, ""19"": 34527.0, ""2"": 481.0, ""20"": 40733.0, ""21"": 43908.0, ""22"": 52038.0, ""23"": 58607.0, ""24"": 68117.0, ""25"": 74942.0, ""26"": 81819.0, ""27"": 86494.0, ""28"": 87881.0, ""3"": 715.0, ""4"": 447.0, ""5"": 540.0, ""6"": 1541.0, ""7"": 461.0, ""8"": 529.0, ""9"": 349.0}","{""BUILD_PASTURE"": 14, ""CARE"": 311, ""COLLECT_FERTILIZER"": 326, ""DIG"": 34, ""DROP"": 95, ""EAST"": 791, ""FEED"": 324, ""FERTILIZE"": 90, ""HARVEST"": 302, ""NORTH"": 1223, ""PASS"": 495, ""PICKUP"": 367, ""PLACE"": 21, ""PLANT"": 99, ""SOUTH"": 917, ""WATER"": 791, ""WEST"": 1078}","{""BUY_ANIMAL"": 14, ""BUY_LAND"": 2, ""BUY_PRODUCT"": 324, ""BUY_SEED"": 51, ""HIRE"": 304, ""SELL"": 361}","{""BUY_ANIMAL:COW"": 8, ""BUY_ANIMAL:SHEEP"": 6, ""BUY_PRODUCT:WHEAT"": 1056, ""BUY_SEED:MELON"": 21, ""BUY_SEED:STRAWBERRY"": 44, ""BUY_SEED:WHEAT"": 34, ""SELL:FERTILIZER"": 232, ""SELL:MELON"": 119, ""SELL:MILK"": 230, ""SELL:STRAWBERRY"": 291, ""SELL:WHEAT"": 853, ""SELL:WOOL"": 168}",v008_q25,frontier
2026,1,93764.0,95875.0,-2111.0,loss,DONE,DONE,1,719,0,0,0.9138,1.59722,1.790686000000002,2.1692,4.477001899998868,2,1,"[{""distance"": 0.0, ""mode"": ""frontier"", ""route"": 6, ""step"": 0}, {""distance"": 0.0, ""mode"": ""frontier"", ""route"": 6, ""step"": 24}, {""distance"": 0.0, ""mode"": ""frontier"", ""route"": 6, ""step"": 48}, {""distance"": 0.0, ""mode"": ""frontier"", ""route"": 6, ""step"": 72}, {""distance"": 0.16020000000000015, ""mode"": ""frontier"", ""route"": 5, ""step"": 96}, {""distance"": 1.7804000000000002, ""mode"": ""frontier"", ""route"": 5, ""step"": 120}, {""distance"": 1.9222, ""mode"": ""frontier"", ""route"": 5, ""step"": 144}, {""distance"": 2.1406, ""mode"": ""frontier"", ""route"": 5, ""step"": 168}, {""distance"": 0.7614000000000001, ""mode"": ""frontier"", ""route"": 5, ""step"": 192}, {""distance"": 3.7438, ""mode"": ""frontier"", ""route"": 5, ""step"": 216}, {""distance"": 1.8276, ""mode"": ""frontier"", ""route"": 5, ""step"": 240}, {""distance"": 12.0196, ""mode"": ""frontier"", ""route"": 5, ""step"": 264}, {""distance"": 10.306799999999999, ""mode"": ""frontier"", ""route"": 5, ""step"": 288}, {""distance"": 6.398399999999999, ""mode"": ""frontier"", ""route"": 5, ""step"": 312}, {""distance"": 6.804999999999999, ""mode"": ""frontier"", ""route"": 5, ""step"": 336}, {""distance"": 13.635200000000001, ""mode"": ""frontier"", ""route"": 5, ""step"": 360}, {""distance"": 11.768, ""mode"": ""frontier"", ""route"": 4, ""step"": 384}, {""distance"": 12.788399999999998, ""mode"": ""frontier"", ""route"": 4, ""step"": 408}, {""distance"": 12.2438, ""mode"": ""frontier"", ""route"": 4, ""step"": 432}, {""distance"": 11.497999999999998, ""mode"": ""frontier"", ""route"": 4, ""step"": 456}, {""distance"": 13.700000000000003, ""mode"": ""frontier"", ""route"": 4, ""step"": 480}, {""distance"": 13.4982, ""mode"": ""frontier"", ""route"": 4, ""step"": 504}, {""distance"": 19.9794, ""mode"": ""frontier"", ""route"": 5, ""step"": 528}, {""distance"": 19.620400000000004, ""mode"": ""frontier"", ""route"": 5, ""step"": 552}, {""distance"": 20.2536, ""mode"": ""frontier"", ""route"": 5, ""step"": 576}, {""distance"": 18.0394, ""mode"": ""frontier"", ""route"": 5, ""step"": 600}, {""distance"": 12.5042, ""mode"": ""frontier"", ""route"": 5, ""step"": 624}, {""distance"": 16.687399999999997, ""mode"": ""frontier"", ""route"": 5, ""step"": 648}, {""distance"": 18.7412, ""mode"": ""frontier"", ""route"": 5, ""step"": 672}, {""distance"": 17.0762, ""mode"": ""frontier"", ""route"": 5, ""step"": 696}]","{""0"": 161.0, ""1"": 216.0, ""10"": 3123.0, ""11"": 8923.0, ""12"": 12424.0, ""13"": 13405.0, ""14"": 18924.0, ""15"": 21657.0, ""16"": 23016.0, ""17"": 26836.0, ""18"": 30388.0, ""19"": 34527.0, ""2"": 481.0, ""20"": 40733.0, ""21"": 43908.0, ""22"": 52038.0, ""23"": 58212.0, ""24"": 67375.0, ""25"": 72998.0, ""26"": 79875.0, ""27"": 84488.0, ""28"": 85875.0, ""3"": 715.0, ""4"": 447.0, ""5"": 540.0, ""6"": 1541.0, ""7"": 461.0, ""8"": 529.0, ""9"": 349.0}","{""BUILD_PASTURE"": 14, ""CARE"": 311, ""COLLECT_FERTILIZER"": 326, ""DIG"": 34, ""DROP"": 95, ""EAST"": 791, ""FEED"": 324, ""FERTILIZE"": 90, ""HARVEST"": 302, ""NORTH"": 1223, ""PASS"": 495, ""PICKUP"": 367, ""PLACE"": 21, ""PLANT"": 99, ""SOUTH"": 917, ""WATER"": 791, ""WEST"": 1078}","{""BUY_ANIMAL"": 14, ""BUY_LAND"": 2, ""BUY_PRODUCT"": 324, ""BUY_SEED"": 51, ""HIRE"": 304, ""SELL"": 362}","{""BUY_ANIMAL:COW"": 8, ""BUY_ANIMAL:SHEEP"": 6, ""BUY_PRODUCT:WHEAT"": 1056, ""BUY_SEED:MELON"": 21, ""BUY_SEED:STRAWBERRY"": 44, ""BUY_SEED:WHEAT"": 34, ""SELL:FERTILIZER"": 234, ""SELL:MELON"": 119, ""SELL:MILK"": 230, ""SELL:STRAWBERRY"": 291, ""SELL:WHEAT"": 853, ""SELL:WOOL"": 168}",v008_q25,frontier
17,0,134328.0,3495.0,130833.0,win,DONE,DONE,1,719,0,0,0.8376,1.46697,1.7753920000000005,2.3521,2.879578699998092,0,2,"[{""distance"": 0.0, ""mode"": ""frontier"", ""route"": 6, ""step"": 0}, {""distance"": 16.0432, ""mode"": ""frontier"", ""route"": 1, ""step"": 24}, {""distance"": 16.5634, ""mode"": ""frontier"", ""route"": 0, ""step"": 48}, {""distance"": 19.209000000000003, ""mode"": ""frontier"", ""route"": 2, ""step"": 72}, {""distance"": 23.511599999999998, ""mode"": ""frontier"", ""route"": 4, ""step"": 96}, {""distance"": 24.560599999999997, ""mode"": ""frontier"", ""route"": 7, ""step"": 120}, {""distance"": 30.651999999999997, ""mode"": ""frontier"", ""route"": 4, ""step"": 144}, {""distance"": 33.5356, ""mode"": ""frontier"", ""route"": 3, ""step"": 168}, {""distance"": 38.1338, ""mode"": ""frontier"", ""route"": 1, ""step"": 192}, {""distance"": 45.1406, ""mode"": ""frontier"", ""route"": 1, ""step"": 216}, {""distance"": 51.9566, ""mode"": ""frontier"", ""route"": 1, ""step"": 240}, {""distance"": 50.549, ""mode"": ""frontier"", ""route"": 1, ""step"": 264}, {""distance"": 69.0326, ""mode"": ""current"", ""route"": 1, ""step"": 288}, {""distance"": 97.6606, ""mode"": ""current"", ""route"": 1, ""step"": 312}, {""distance"": 92.8922, ""mode"": ""current"", ""route"": 1, ""step"": 336}, {""distance"": 95.134, ""mode"": ""current"", ""route"": 1, ""step"": 360}, {""distance"": 100.3484, ""mode"": ""current"", ""route"": 1, ""step"": 384}, {""distance"": 108.2076, ""mode"": ""current"", ""route"": 1, ""step"": 408}, {""distance"": 112.7404, ""mode"": ""current"", ""route"": 5, ""step"": 432}, {""distance"": 110.53320000000001, ""mode"": ""current"", ""route"": 5, ""step"": 456}, {""distance"": 111.5518, ""mode"": ""current"", ""route"": 5, ""step"": 480}, {""distance"": 107.898, ""mode"": ""current"", ""route"": 3, ""step"": 504}, {""distance"": 94.6126, ""mode"": ""current"", ""route"": 3, ""step"": 528}, {""distance"": 98.9682, ""mode"": ""current"", ""route"": 3, ""step"": 552}, {""distance"": 97.77000000000001, ""mode"": ""current"", ""route"": 1, ""step"": 576}, {""distance"": 97.163, ""mode"": ""current"", ""route"": 3, ""step"": 600}, {""distance"": 101.51480000000001, ""mode"": ""current"", ""route"": 3, ""step"": 624}, {""distance"": 100.3612, ""mode"": ""current"", ""route"": 3, ""step"": 648}, {""distance"": 99.09400000000001, ""mode"": ""current"", ""route"": 3, ""step"": 672}, {""distance"": 108.6642, ""mode"": ""current"", ""route"": 2, ""step"": 696}]","{""0"": 176.0, ""1"": 237.0, ""10"": 3669.0, ""11"": 8815.0, ""12"": 8916.0, ""13"": 13743.0, ""14"": 23564.0, ""15"": 26203.0, ""16"": 29251.0, ""17"": 33442.0, ""18"": 37989.0, ""19"": 41552.0, ""2"": 513.0, ""20"": 47183.0, ""21"": 60164.0, ""22"": 67335.0, ""23"": 79497.0, ""24"": 81379.0, ""25"": 89653.0, ""26"": 108068.0, ""27"": 115910.0, ""28"": 129425.0, ""3"": 760.0, ""4"": 499.0, ""5"": 581.0, ""6"": 1522.0, ""7"": 389.0, ""8"": 707.0, ""9"": 497.0}","{""BUILD_PASTURE"": 17, ""CARE"": 278, ""COLLECT_FERTILIZER"": 303, ""DIG"": 10, ""DROP"": 121, ""EAST"": 1022, ""FEED"": 282, ""FERTILIZE"": 6, ""HARVEST"": 207, ""NORTH"": 1337, ""PASS"": 734, ""PICKUP"": 171, ""PLACE"": 14, ""PLANT"": 95, ""SOUTH"": 988, ""WATER"": 741, ""WEST"": 1188}","{""BUY_ANIMAL"": 14, ""BUY_LAND"": 2, ""BUY_PRODUCT"": 247, ""BUY_SEED"": 51, ""HIRE"": 305, ""SELL"": 244}","{""BUY_ANIMAL:COW"": 8, ""BUY_ANIMAL:SHEEP"": 6, ""BUY_PRODUCT:WHEAT"": 733, ""BUY_SEED:CARROT"": 5, ""BUY_SEED:MELON"": 17, ""BUY_SEED:STRAWBERRY"": 48, ""BUY_SEED:WHEAT"": 34, ""SELL:CARROT"": 6, ""SELL:FERTILIZER"": 294, ""SELL:MELON"": 100, ""SELL:MILK"": 197, ""SELL:STRAWBERRY"": 150, ""SELL:WHEAT"": 557, ""SELL:WOOL"": 125}",v008_q50,starter
17,1,136277.0,3489.0,132788.0,win,DONE,DONE,1,719,0,0,0.865,1.4851100000000002,1.736280000000002,2.1207,3.097074999997858,0,2,"[{""distance"": 0.0, ""mode"": ""frontier"", ""route"": 6, ""step"": 0}, {""distance"": 16.0432, ""mode"": ""frontier"", ""route"": 1, ""step"": 24}, {""distance"": 17.0634, ""mode"": ""frontier"", ""route"": 0, ""step"": 48}, {""distance"": 18.209000000000003, ""mode"": ""frontier"", ""route"": 1, ""step"": 72}, {""distance"": 22.511599999999998, ""mode"": ""frontier"", ""route"": 4, ""step"": 96}, {""distance"": 24.493, ""mode"": ""frontier"", ""route"": 4, ""step"": 120}, {""distance"": 27.052, ""mode"": ""frontier"", ""route"": 4, ""step"": 144}, {""distance"": 29.215, ""mode"": ""frontier"", ""route"": 3, ""step"": 168}, {""distance"": 33.642399999999995, ""mode"": ""frontier"", ""route"": 3, ""step"": 192}, {""distance"": 40.3916, ""mode"": ""frontier"", ""route"": 3, ""step"": 216}, {""distance"": 47.0422, ""mode"": ""frontier"", ""route"": 1, ""step"": 240}, {""distance"": 44.3098, ""mode"": ""frontier"", ""route"": 1, ""step"": 264}, {""distance"": 64.3564, ""mode"": ""frontier"", ""route"": 1, ""step"": 288}, {""distance"": 72.8578, ""mode"": ""current"", ""route"": 1, ""step"": 312}, {""distance"": 91.003, ""mode"": ""current"", ""route"": 1, ""step"": 336}, {""distance"": 93.3154, ""mode"": ""current"", ""route"": 1, ""step"": 360}, {""distance"": 100.5572, ""mode"": ""current"", ""route"": 1, ""step"": 384}, {""distance"": 109.6484, ""mode"": ""current"", ""route"": 1, ""step"": 408}, {""distance"": 111.8314, ""mode"": ""current"", ""route"": 5, ""step"": 432}, {""distance"": 111.1774, ""mode"": ""current"", ""route"": 5, ""step"": 456}, {""distance"": 111.9926, ""mode"": ""current"", ""route"": 3, ""step"": 480}, {""distance"": 105.022, ""mode"": ""current"", ""route"": 3, ""step"": 504}, {""distance"": 99.47080000000001, ""mode"": ""current"", ""route"": 3, ""step"": 528}, {""distance"": 98.0342, ""mode"": ""current"", ""route"": 3, ""step"": 552}, {""distance"": 97.63699999999999, ""mode"": ""current"", ""route"": 3, ""step"": 576}, {""distance"": 101.2578, ""mode"": ""current"", ""route"": 3, ""step"": 600}, {""distance"": 105.0664, ""mode"": ""current"", ""route"": 3, ""step"": 624}, {""distance"": 107.71179999999998, ""mode"": ""current"", ""route"": 3, ""step"": 648}, {""distance"": 103.03560000000002, ""mode"": ""current"", ""route"": 3, ""step"": 672}, {""distance"": 108.18099999999998, ""mode"": ""current"", ""route"": 2, ""step"": 696}]","{""0"": 176.0, ""1"": 237.0, ""10"": 3973.0, ""11"": 10462.0, ""12"": 14628.0, ""13"": 14619.0, ""14"": 22971.0, ""15"": 28105.0, ""16"": 29297.0, ""17"": 30882.0, ""18"": 35535.0, ""19"": 43378.0, ""2"": 513.0, ""20"": 48963.0, ""21"": 59273.0, ""22"": 65354.0, ""23"": 74669.0, ""24"": 82605.0, ""25"": 87695.0, ""26"": 99215.0, ""27"": 119058.0, ""28"": 129891.0, ""3"": 760.0, ""4"": 499.0, ""5"": 581.0, ""6"": 1620.0, ""7"": 582.0, ""8"": 904.0, ""9"": 791.0}","{""BUILD_PASTURE"": 17, ""CARE"": 276, ""COLLECT_FERTILIZER"": 315, ""DIG"": 9, ""DROP"": 126, ""EAST"": 1025, ""FEED"": 292, ""FERTILIZE"": 9, ""HARVEST"": 208, ""NORTH"": 1362, ""PASS"": 662, ""PICKUP"": 179, ""PLACE"": 14, ""PLANT"": 96, ""SOUTH"": 1007, ""WATER"": 733, ""WEST"": 1191}","{""BUY_ANIMAL"": 14, ""BUY_LAND"": 2, ""BUY_PRODUCT"": 273, ""BUY_SEED"": 52, ""HIRE"": 306, ""SELL"": 248}","{""BUY_ANIMAL:COW"": 8, ""BUY_ANIMAL:SHEEP"": 6, ""BUY_PRODUCT:WHEAT"": 876, ""BUY_SEED:CARROT"": 5, ""BUY_SEED:MELON"": 16, ""BUY_SEED:STRAWBERRY"": 50, ""BUY_SEED:WHEAT"": 34, ""SELL:CARROT"": 6, ""SELL:FERTILIZER"": 306, ""SELL:MELON"": 92, ""SELL:MILK"": 186, ""SELL:STRAWBERRY"": 154, ""SELL:WHEAT"": 683, ""SELL:WOOL"": 130}",v008_q50,starter
42,0,140394.0,3506.0,136888.0,win,DONE,DONE,1,719,0,0,0.899,1.55472,1.885494000000005,2.1544,3.19286550002289,0,2,"[{""distance"": 0.0, ""mode"": ""frontier"", ""route"": 6, ""step"": 0}, {""distance"": 16.0432, ""mode"": ""frontier"", ""route"": 1, ""step"": 24}, {""distance"": 17.0634, ""mode"": ""frontier"", ""route"": 0, ""step"": 48}, {""distance"": 18.209000000000003, ""mode"": ""frontier"", ""route"": 1, ""step"": 72}, {""distance"": 22.512, ""mode"": ""frontier"", ""route"": 2, ""step"": 96}, {""distance"": 24.513399999999997, ""mode"": ""frontier"", ""route"": 2, ""step"": 120}, {""distance"": 27.0294, ""mode"": ""frontier"", ""route"": 2, ""step"": 144}, {""distance"": 29.0148, ""mode"": ""frontier"", ""route"": 3, ""step"": 168}, {""distance"": 33.5216, ""mode"": ""frontier"", ""route"": 3, ""step"": 192}, {""distance"": 40.309799999999996, ""mode"": ""frontier"", ""route"": 3, ""step"": 216}, {""distance"": 47.2594, ""mode"": ""frontier"", ""route"": 1, ""step"": 240}, {""distance"": 45.5952, ""mode"": ""frontier"", ""route"": 3, ""step"": 264}, {""distance"": 65.7304, ""mode"": ""current"", ""route"": 1, ""step"": 288}, {""distance"": 96.86280000000001, ""mode"": ""current"", ""route"": 3, ""step"": 312}, {""distance"": 94.36280000000001, ""mode"": ""current"", ""route"": 1, ""step"": 336}, {""distance"": 92.962, ""mode"": ""current"", ""route"": 1, ""step"": 360}, {""distance"": 100.8714, ""mode"": ""current"", ""route"": 1, ""step"": 384}, {""distance"": 109.086, ""mode"": ""current"", ""route"": 1, ""step"": 408}, {""distance"": 112.6248, ""mode"": ""current"", ""route"": 1, ""step"": 432}, {""distance"": 111.84939999999999, ""mode"": ""current"", ""route"": 5, ""step"": 456}, {""distance"": 112.2416, ""mode"": ""current"", ""route"": 3, ""step"": 480}, {""distance"": 106.8632, ""mode"": ""current"", ""route"": 3, ""step"": 504}, {""distance"": 95.8862, ""mode"": ""current"", ""route"": 3, ""step"": 528}, {""distance"": 99.00340000000001, ""mode"": ""current"", ""route"": 3, ""step"": 552}, {""distance"": 99.719, ""mode"": ""current"", ""route"": 3, ""step"": 576}, {""distance"": 103.1206, ""mode"": ""current"", ""route"": 3, ""step"": 600}, {""distance"": 105.11019999999999, ""mode"": ""current"", ""route"": 3, ""step"": 624}, {""distance"": 106.11040000000001, ""mode"": ""current"", ""route"": 2, ""step"": 648}, {""distance"": 103.0986, ""mode"": ""current"", ""route"": 3, ""step"": 672}, {""distance"": 109.8164, ""mode"": ""current"", ""route"": 2, ""step"": 696}]","{""0"": 176.0, ""1"": 237.0, ""10"": 3948.0, ""11"": 10432.0, ""12"": 10477.0, ""13"": 15318.0, ""14"": 25358.0, ""15"": 27718.0, ""16"": 31043.0, ""17"": 33337.0, ""18"": 38225.0, ""19"": 43023.0, ""2"": 513.0, ""20"": 47557.0, ""21"": 56905.0, ""22"": 68059.0, ""23"": 73510.0, ""24"": 80491.0, ""25"": 91976.0, ""26"": 113559.0, ""27"": 116687.0, ""28"": 133071.0, ""3"": 760.0, ""4"": 499.0, ""5"": 581.0, ""6"": 1618.0, ""7"": 578.0, ""8"": 895.0, ""9"": 777.0}","{""BUILD_PASTURE"": 17, ""CARE"": 265, ""COLLECT_FERTILIZER"": 323, ""DIG"": 7, ""DROP"": 115, ""EAST"": 996, ""FEED"": 299, ""FERTILIZE"": 6, ""HARVEST"": 210, ""NORTH"": 1378, ""PASS"": 600, ""PICKUP"": 171, ""PLACE"": 14, ""PLANT"": 95, ""SOUTH"": 1061, ""WATER"": 749, ""WEST"": 1206}","{""BUY_ANIMAL"": 14, ""BUY_LAND"": 2, ""BUY_PRODUCT"": 267, ""BUY_SEED"": 51, ""HIRE"": 305, ""SELL"": 241}","{""BUY_ANIMAL:COW"": 8, ""BUY_ANIMAL:SHEEP"": 6, ""BUY_PRODUCT:WHEAT"": 773, ""BUY_SEED:CARROT"": 5, ""BUY_SEED:MELON"": 16, ""BUY_SEED:STRAWBERRY"": 48, ""BUY_SEED:WHEAT"": 35, ""SELL:CARROT"": 6, ""SELL:FERTILIZER"": 317, ""SELL:MELON"": 88, ""SELL:MILK"": 198, ""SELL:STRAWBERRY"": 157, ""SELL:WHEAT"": 575, ""SELL:WOOL"": 123}",v008_q50,starter
42,1,140394.0,3506.0,136888.0,win,DONE,DONE,1,719,0,0,0.8864,1.56369,1.8748260000000005,2.8462,3.1946313999942504,0,2,"[{""distance"": 0.0, ""mode"": ""frontier"", ""route"": 6, ""step"": 0}, {""distance"": 16.0432, ""mode"": ""frontier"", ""route"": 1, ""step"": 24}, {""distance"": 17.0634, ""mode"": ""frontier"", ""route"": 0, ""step"": 48}, {""distance"": 18.209000000000003, ""mode"": ""frontier"", ""route"": 1, ""step"": 72}, {""distance"": 22.512, ""mode"": ""frontier"", ""route"": 2, ""step"": 96}, {""distance"": 24.513399999999997, ""mode"": ""frontier"", ""route"": 2, ""step"": 120}, {""distance"": 27.0294, ""mode"": ""frontier"", ""route"": 2, ""step"": 144}, {""distance"": 29.0148, ""mode"": ""frontier"", ""route"": 3, ""step"": 168}, {""distance"": 33.5216, ""mode"": ""frontier"", ""route"": 3, ""step"": 192}, {""distance"": 40.309799999999996, ""mode"": ""frontier"", ""route"": 3, ""step"": 216}, {""distance"": 47.2594, ""mode"": ""frontier"", ""route"": 1, ""step"": 240}, {""distance"": 44.5952, ""mode"": ""frontier"", ""route"": 3, ""step"": 264}, {""distance"": 65.7304, ""mode"": ""current"", ""route"": 1, ""step"": 288}, {""distance"": 96.86280000000001, ""mode"": ""current"", ""route"": 3, ""step"": 312}, {""distance"": 94.36280000000001, ""mode"": ""current"", ""route"": 1, ""step"": 336}, {""distance"": 92.962, ""mode"": ""current"", ""route"": 1, ""step"": 360}, {""distance"": 100.8714, ""mode"": ""current"", ""route"": 1, ""step"": 384}, {""distance"": 109.086, ""mode"": ""current"", ""route"": 1, ""step"": 408}, {""distance"": 111.8594, ""mode"": ""current"", ""route"": 5, ""step"": 432}, {""distance"": 110.84939999999999, ""mode"": ""current"", ""route"": 5, ""step"": 456}, {""distance"": 112.2416, ""mode"": ""current"", ""route"": 3, ""step"": 480}, {""distance"": 106.3632, ""mode"": ""current"", ""route"": 3, ""step"": 504}, {""distance"": 94.3862, ""mode"": ""current"", ""route"": 3, ""step"": 528}, {""distance"": 98.50340000000001, ""mode"": ""current"", ""route"": 3, ""step"": 552}, {""distance"": 100.219, ""mode"": ""current"", ""route"": 3, ""step"": 576}, {""distance"": 102.62060000000001, ""mode"": ""current"", ""route"": 3, ""step"": 600}, {""distance"": 104.11019999999999, ""mode"": ""current"", ""route"": 3, ""step"": 624}, {""distance"": 105.11040000000001, ""mode"": ""current"", ""route"": 2, ""step"": 648}, {""distance"": 102.0986, ""mode"": ""current"", ""route"": 3, ""step"": 672}, {""distance"": 108.3164, ""mode"": ""current"", ""route"": 2, ""step"": 696}]","{""0"": 176.0, ""1"": 237.0, ""10"": 3948.0, ""11"": 10432.0, ""12"": 10477.0, ""13"": 15318.0, ""14"": 25358.0, ""15"": 27718.0, ""16"": 31043.0, ""17"": 33337.0, ""18"": 38225.0, ""19"": 43023.0, ""2"": 513.0, ""20"": 47557.0, ""21"": 56905.0, ""22"": 68059.0, ""23"": 73510.0, ""24"": 80491.0, ""25"": 91976.0, ""26"": 113559.0, ""27"": 116687.0, ""28"": 133071.0, ""3"": 760.0, ""4"": 499.0, ""5"": 581.0, ""6"": 1618.0, ""7"": 578.0, ""8"": 895.0, ""9"": 777.0}","{""BUILD_PASTURE"": 17, ""CARE"": 265, ""COLLECT_FERTILIZER"": 323, ""DIG"": 7, ""DROP"": 115, ""EAST"": 996, ""FEED"": 299, ""FERTILIZE"": 6, ""HARVEST"": 210, ""NORTH"": 1378, ""PASS"": 600, ""PICKUP"": 171, ""PLACE"": 14, ""PLANT"": 95, ""SOUTH"": 1061, ""WATER"": 749, ""WEST"": 1206}","{""BUY_ANIMAL"": 14, ""BUY_LAND"": 2, ""BUY_PRODUCT"": 267, ""BUY_SEED"": 51, ""HIRE"": 305, ""SELL"": 241}","{""BUY_ANIMAL:COW"": 8, ""BUY_ANIMAL:SHEEP"": 6, ""BUY_PRODUCT:WHEAT"": 773, ""BUY_SEED:CARROT"": 5, ""BUY_SEED:MELON"": 16, ""BUY_SEED:STRAWBERRY"": 48, ""BUY_SEED:WHEAT"": 35, ""SELL:CARROT"": 6, ""SELL:FERTILIZER"": 317, ""SELL:MELON"": 88, ""SELL:MILK"": 198, ""SELL:STRAWBERRY"": 157, ""SELL:WHEAT"": 575, ""SELL:WOOL"": 123}",v008_q50,starter
2026,0,130543.0,3507.0,127036.0,win,DONE,DONE,1,719,0,0,0.8451,1.5484700000000002,1.8805320000000023,2.09,2.923053499980597,0,2,"[{""distance"": 0.0, ""mode"": ""frontier"", ""route"": 6, ""step"": 0}, {""distance"": 16.0432, ""mode"": ""frontier"", ""route"": 1, ""step"": 24}, {""distance"": 17.166400000000003, ""mode"": ""frontier"", ""route"": 2, ""step"": 48}, {""distance"": 18.209000000000003, ""mode"": ""frontier"", ""route"": 2, ""step"": 72}, {""distance"": 22.6318, ""mode"": ""frontier"", ""route"": 4, ""step"": 96}, {""distance"": 24.6938, ""mode"": ""frontier"", ""route"": 4, ""step"": 120}, {""distance"": 27.2686, ""mode"": ""frontier"", ""route"": 4, ""step"": 144}, {""distance"": 29.669, ""mode"": ""frontier"", ""route"": 3, ""step"": 168}, {""distance"": 34.178399999999996, ""mode"": ""frontier"", ""route"": 3, ""step"": 192}, {""distance"": 41.473, ""mode"": ""frontier"", ""route"": 3, ""step"": 216}, {""distance"": 48.007, ""mode"": ""frontier"", ""route"": 1, ""step"": 240}, {""distance"": 44.9204, ""mode"": ""frontier"", ""route"": 1, ""step"": 264}, {""distance"": 65.4874, ""mode"": ""current"", ""route"": 1, ""step"": 288}, {""distance"": 93.1114, ""mode"": ""current"", ""route"": 1, ""step"": 312}, {""distance"": 92.7608, ""mode"": ""current"", ""route"": 1, ""step"": 336}, {""distance"": 92.761, ""mode"": ""current"", ""route"": 1, ""step"": 360}, {""distance"": 99.3398, ""mode"": ""current"", ""route"": 1, ""step"": 384}, {""distance"": 104.5428, ""mode"": ""current"", ""route"": 1, ""step"": 408}, {""distance"": 110.0552, ""mode"": ""current"", ""route"": 1, ""step"": 432}, {""distance"": 109.7408, ""mode"": ""current"", ""route"": 5, ""step"": 456}, {""distance"": 110.0236, ""mode"": ""current"", ""route"": 5, ""step"": 480}, {""distance"": 105.9272, ""mode"": ""current"", ""route"": 3, ""step"": 504}, {""distance"": 96.3638, ""mode"": ""current"", ""route"": 3, ""step"": 528}, {""distance"": 99.6994, ""mode"": ""current"", ""route"": 3, ""step"": 552}, {""distance"": 100.7086, ""mode"": ""current"", ""route"": 3, ""step"": 576}, {""distance"": 99.89540000000001, ""mode"": ""current"", ""route"": 3, ""step"": 600}, {""distance"": 103.1046, ""mode"": ""current"", ""route"": 3, ""step"": 624}, {""distance"": 104.22659999999999, ""mode"": ""current"", ""route"": 3, ""step"": 648}, {""distance"": 103.89479999999999, ""mode"": ""current"", ""route"": 3, ""step"": 672}, {""distance"": 113.35679999999999, ""mode"": ""current"", ""route"": 2, ""step"": 696}]","{""0"": 176.0, ""1"": 237.0, ""10"": 3726.0, ""11"": 10017.0, ""12"": 10062.0, ""13"": 14608.0, ""14"": 20489.0, ""15"": 25159.0, ""16"": 27999.0, ""17"": 32841.0, ""18"": 36882.0, ""19"": 41111.0, ""2"": 513.0, ""20"": 46481.0, ""21"": 52908.0, ""22"": 61179.0, ""23"": 74662.0, ""24"": 79765.0, ""25"": 84704.0, ""26"": 102647.0, ""27"": 110506.0, ""28"": 125752.0, ""3"": 761.0, ""4"": 503.0, ""5"": 564.0, ""6"": 1691.0, ""7"": 662.0, ""8"": 681.0, ""9"": 645.0}","{""BUILD_PASTURE"": 17, ""CARE"": 269, ""COLLECT_FERTILIZER"": 322, ""DIG"": 6, ""DROP"": 115, ""EAST"": 1015, ""FEED"": 294, ""FERTILIZE"": 6, ""HARVEST"": 206, ""NORTH"": 1350, ""PASS"": 665, ""PICKUP"": 171, ""PLACE"": 14, ""PLANT"": 94, ""SOUTH"": 1024, ""WATER"": 751, ""WEST"": 1195}","{""BUY_ANIMAL"": 14, ""BUY_LAND"": 2, ""BUY_PRODUCT"": 262, ""BUY_SEED"": 50, ""HIRE"": 305, ""SELL"": 236}","{""BUY_ANIMAL:COW"": 8, ""BUY_ANIMAL:SHEEP"": 6, ""BUY_PRODUCT:WHEAT"": 744, ""BUY_SEED:CARROT"": 5, ""BUY_SEED:MELON"": 16, ""BUY_SEED:STRAWBERRY"": 48, ""BUY_SEED:WHEAT"": 34, ""SELL:CARROT"": 6, ""SELL:FERTILIZER"": 316, ""SELL:MELON"": 96, ""SELL:MILK"": 175, ""SELL:STRAWBERRY"": 155, ""SELL:WHEAT"": 548, ""SELL:WOOL"": 134}",v008_q50,starter
2026,1,130289.0,3507.0,126782.0,win,DONE,DONE,1,719,0,0,0.8272,1.58084,1.8078280000000002,2.32,3.087588499998674,0,2,"[{""distance"": 0.0, ""mode"": ""frontier"", ""route"": 6, ""step"": 0}, {""distance"": 16.0432, ""mode"": ""frontier"", ""route"": 1, ""step"": 24}, {""distance"": 17.166400000000003, ""mode"": ""frontier"", ""route"": 2, ""step"": 48}, {""distance"": 18.209000000000003, ""mode"": ""frontier"", ""route"": 2, ""step"": 72}, {""distance"": 22.6318, ""mode"": ""frontier"", ""route"": 4, ""step"": 96}, {""distance"": 24.6938, ""mode"": ""frontier"", ""route"": 4, ""step"": 120}, {""distance"": 27.2686, ""mode"": ""frontier"", ""route"": 4, ""step"": 144}, {""distance"": 29.669, ""mode"": ""frontier"", ""route"": 3, ""step"": 168}, {""distance"": 34.178399999999996, ""mode"": ""frontier"", ""route"": 3, ""step"": 192}, {""distance"": 41.473, ""mode"": ""frontier"", ""route"": 3, ""step"": 216}, {""distance"": 48.007, ""mode"": ""frontier"", ""route"": 1, ""step"": 240}, {""distance"": 45.9204, ""mode"": ""frontier"", ""route"": 1, ""step"": 264}, {""distance"": 66.9874, ""mode"": ""current"", ""route"": 1, ""step"": 288}, {""distance"": 94.1114, ""mode"": ""current"", ""route"": 1, ""step"": 312}, {""distance"": 93.2608, ""mode"": ""current"", ""route"": 1, ""step"": 336}, {""distance"": 93.761, ""mode"": ""current"", ""route"": 1, ""step"": 360}, {""distance"": 98.3398, ""mode"": ""current"", ""route"": 1, ""step"": 384}, {""distance"": 104.5428, ""mode"": ""current"", ""route"": 1, ""step"": 408}, {""distance"": 110.0552, ""mode"": ""current"", ""route"": 1, ""step"": 432}, {""distance"": 109.7808, ""mode"": ""current"", ""route"": 5, ""step"": 456}, {""distance"": 109.7532, ""mode"": ""current"", ""route"": 5, ""step"": 480}, {""distance"": 106.61019999999999, ""mode"": ""current"", ""route"": 1, ""step"": 504}, {""distance"": 96.6056, ""mode"": ""current"", ""route"": 3, ""step"": 528}, {""distance"": 98.527, ""mode"": ""current"", ""route"": 3, ""step"": 552}, {""distance"": 99.57379999999999, ""mode"": ""current"", ""route"": 3, ""step"": 576}, {""distance"": 100.1868, ""mode"": ""current"", ""route"": 3, ""step"": 600}, {""distance"": 102.75120000000001, ""mode"": ""current"", ""route"": 3, ""step"": 624}, {""distance"": 102.99440000000001, ""mode"": ""current"", ""route"": 3, ""step"": 648}, {""distance"": 103.60940000000001, ""mode"": ""current"", ""route"": 3, ""step"": 672}, {""distance"": 110.6996, ""mode"": ""current"", ""route"": 2, ""step"": 696}]","{""0"": 176.0, ""1"": 237.0, ""10"": 3726.0, ""11"": 10017.0, ""12"": 10062.0, ""13"": 14608.0, ""14"": 20489.0, ""15"": 25159.0, ""16"": 27999.0, ""17"": 32841.0, ""18"": 36882.0, ""19"": 41059.0, ""2"": 513.0, ""20"": 46334.0, ""21"": 52599.0, ""22"": 60841.0, ""23"": 74336.0, ""24"": 80608.0, ""25"": 83271.0, ""26"": 100602.0, ""27"": 108233.0, ""28"": 124261.0, ""3"": 761.0, ""4"": 503.0, ""5"": 564.0, ""6"": 1691.0, ""7"": 662.0, ""8"": 681.0, ""9"": 645.0}","{""BUILD_PASTURE"": 17, ""CARE"": 262, ""COLLECT_FERTILIZER"": 323, ""DIG"": 9, ""DROP"": 115, ""EAST"": 981, ""FEED"": 301, ""FERTILIZE"": 6, ""HARVEST"": 205, ""NORTH"": 1364, ""PASS"": 663, ""PICKUP"": 171, ""PLACE"": 14, ""PLANT"": 95, ""SOUTH"": 1014, ""WATER"": 771, ""WEST"": 1203}","{""BUY_ANIMAL"": 14, ""BUY_LAND"": 2, ""BUY_PRODUCT"": 266, ""BUY_SEED"": 50, ""HIRE"": 305, ""SELL"": 238}","{""BUY_ANIMAL:COW"": 8, ""BUY_ANIMAL:SHEEP"": 6, ""BUY_PRODUCT:WHEAT"": 782, ""BUY_SEED:CARROT"": 5, ""BUY_SEED:MELON"": 16, ""BUY_SEED:STRAWBERRY"": 48, ""BUY_SEED:WHEAT"": 34, ""SELL:CARROT"": 6, ""SELL:FERTILIZER"": 317, ""SELL:MELON"": 96, ""SELL:MILK"": 174, ""SELL:STRAWBERRY"": 155, ""SELL:WHEAT"": 579, ""SELL:WOOL"": 136}",v008_q50,starter
17,0,125375.0,0.0,125375.0,win,DONE,DONE,1,719,0,0,0.8558,1.52983,1.782026,198.9657,3.2016516999865416,0,2,"[{""distance"": 0.0, ""mode"": ""frontier"", ""route"": 6, ""step"": 0}, {""distance"": 16.0432, ""mode"": ""frontier"", ""route"": 1, ""step"": 24}, {""distance"": 16.0634, ""mode"": ""frontier"", ""route"": 0, ""step"": 48}, {""distance"": 18.4856, ""mode"": ""frontier"", ""route"": 0, ""step"": 72}, {""distance"": 21.7484, ""mode"": ""frontier"", ""route"": 0, ""step"": 96}, {""distance"": 23.101399999999998, ""mode"": ""frontier"", ""route"": 7, ""step"": 120}, {""distance"": 29.2286, ""mode"": ""frontier"", ""route"": 4, ""step"": 144}, {""distance"": 31.934199999999997, ""mode"": ""frontier"", ""route"": 3, ""step"": 168}, {""distance"": 37.655, ""mode"": ""frontier"", ""route"": 3, ""step"": 192}, {""distance"": 46.824600000000004, ""mode"": ""frontier"", ""route"": 3, ""step"": 216}, {""distance"": 51.9926, ""mode"": ""frontier"", ""route"": 1, ""step"": 240}, {""distance"": 49.3206, ""mode"": ""frontier"", ""route"": 0, ""step"": 264}, {""distance"": 73.7792, ""mode"": ""current"", ""route"": 1, ""step"": 288}, {""distance"": 97.059, ""mode"": ""current"", ""route"": 1, ""step"": 312}, {""distance"": 94.0884, ""mode"": ""current"", ""route"": 1, ""step"": 336}, {""distance"": 89.0582, ""mode"": ""current"", ""route"": 1, ""step"": 360}, {""distance"": 96.37100000000001, ""mode"": ""current"", ""route"": 1, ""step"": 384}, {""distance"": 106.541, ""mode"": ""current"", ""route"": 1, ""step"": 408}, {""distance"": 111.9442, ""mode"": ""current"", ""route"": 5, ""step"": 432}, {""distance"": 108.6036, ""mode"": ""current"", ""route"": 5, ""step"": 456}, {""distance"": 112.5056, ""mode"": ""current"", ""route"": 5, ""step"": 480}, {""distance"": 107.19119999999998, ""mode"": ""current"", ""route"": 3, ""step"": 504}, {""distance"": 102.1824, ""mode"": ""current"", ""route"": 3, ""step"": 528}, {""distance"": 104.02659999999999, ""mode"": ""current"", ""route"": 0, ""step"": 552}, {""distance"": 104.69640000000001, ""mode"": ""current"", ""route"": 3, ""step"": 576}, {""distance"": 108.3106, ""mode"": ""current"", ""route"": 0, ""step"": 600}, {""distance"": 111.419, ""mode"": ""current"", ""route"": 3, ""step"": 624}, {""distance"": 113.148, ""mode"": ""current"", ""route"": 3, ""step"": 648}, {""distance"": 113.40859999999999, ""mode"": ""current"", ""route"": 3, ""step"": 672}, {""distance"": 123.0068, ""mode"": ""current"", ""route"": 3, ""step"": 696}]","{""0"": 176.0, ""1"": 237.0, ""10"": 3435.0, ""11"": 8282.0, ""12"": 8224.0, ""13"": 12662.0, ""14"": 16503.0, ""15"": 21905.0, ""16"": 24808.0, ""17"": 28217.0, ""18"": 32660.0, ""19"": 35465.0, ""2"": 513.0, ""20"": 45217.0, ""21"": 52615.0, ""22"": 57581.0, ""23"": 71723.0, ""24"": 79155.0, ""25"": 82932.0, ""26"": 101634.0, ""27"": 104293.0, ""28"": 121635.0, ""3"": 761.0, ""4"": 503.0, ""5"": 564.0, ""6"": 1517.0, ""7"": 395.0, ""8"": 415.0, ""9"": 217.0}","{""BUILD_PASTURE"": 17, ""CARE"": 265, ""COLLECT_FERTILIZER"": 305, ""DIG"": 6, ""DROP"": 120, ""EAST"": 1008, ""FEED"": 277, ""FERTILIZE"": 6, ""HARVEST"": 206, ""NORTH"": 1343, ""PASS"": 733, ""PICKUP"": 171, ""PLACE"": 14, ""PLANT"": 97, ""SOUTH"": 1008, ""WATER"": 735, ""WEST"": 1184}","{""BUY_ANIMAL"": 14, ""BUY_LAND"": 2, ""BUY_PRODUCT"": 246, ""BUY_SEED"": 52, ""HIRE"": 305, ""SELL"": 244}","{""BUY_ANIMAL:COW"": 8, ""BUY_ANIMAL:SHEEP"": 6, ""BUY_PRODUCT:WHEAT"": 715, ""BUY_SEED:CARROT"": 4, ""BUY_SEED:MELON"": 17, ""BUY_SEED:STRAWBERRY"": 48, ""BUY_SEED:WHEAT"": 36, ""SELL:CARROT"": 3, ""SELL:FERTILIZER"": 296, ""SELL:MELON"": 101, ""SELL:MILK"": 194, ""SELL:STRAWBERRY"": 150, ""SELL:WHEAT"": 545, ""SELL:WOOL"": 104}",v008_q50,random
17,1,147968.0,0.0,147968.0,win,DONE,DONE,1,719,0,0,0.8958,1.5505900000000006,1.9477420000000012,2.4429,3.2503162999928463,0,2,"[{""distance"": 0.0, ""mode"": ""frontier"", ""route"": 6, ""step"": 0}, {""distance"": 16.0432, ""mode"": ""frontier"", ""route"": 1, ""step"": 24}, {""distance"": 17.5634, ""mode"": ""frontier"", ""route"": 0, ""step"": 48}, {""distance"": 18.409000000000002, ""mode"": ""frontier"", ""route"": 1, ""step"": 72}, {""distance"": 21.1516, ""mode"": ""frontier"", ""route"": 3, ""step"": 96}, {""distance"": 23.253, ""mode"": ""frontier"", ""route"": 3, ""step"": 120}, {""distance"": 27.112000000000002, ""mode"": ""frontier"", ""route"": 3, ""step"": 144}, {""distance"": 28.635, ""mode"": ""frontier"", ""route"": 3, ""step"": 168}, {""distance"": 33.1624, ""mode"": ""frontier"", ""route"": 3, ""step"": 192}, {""distance"": 45.7542, ""mode"": ""frontier"", ""route"": 3, ""step"": 216}, {""distance"": 50.784800000000004, ""mode"": ""frontier"", ""route"": 1, ""step"": 240}, {""distance"": 46.007400000000004, ""mode"": ""frontier"", ""route"": 1, ""step"": 264}, {""distance"": 70.6452, ""mode"": ""current"", ""route"": 1, ""step"": 288}, {""distance"": 95.72879999999999, ""mode"": ""current"", ""route"": 3, ""step"": 312}, {""distance"": 92.9066, ""mode"": ""current"", ""route"": 1, ""step"": 336}, {""distance"": 92.2282, ""mode"": ""current"", ""route"": 1, ""step"": 360}, {""distance"": 97.6036, ""mode"": ""current"", ""route"": 1, ""step"": 384}, {""distance"": 106.72659999999999, ""mode"": ""current"", ""route"": 1, ""step"": 408}, {""distance"": 111.5362, ""mode"": ""current"", ""route"": 1, ""step"": 432}, {""distance"": 111.7148, ""mode"": ""current"", ""route"": 1, ""step"": 456}, {""distance"": 113.072, ""mode"": ""current"", ""route"": 1, ""step"": 480}, {""distance"": 107.26859999999999, ""mode"": ""current"", ""route"": 1, ""step"": 504}, {""distance"": 98.9302, ""mode"": ""current"", ""route"": 2, ""step"": 528}, {""distance"": 105.704, ""mode"": ""current"", ""route"": 3, ""step"": 552}, {""distance"": 104.44579999999999, ""mode"": ""current"", ""route"": 3, ""step"": 576}, {""distance"": 106.0246, ""mode"": ""current"", ""route"": 3, ""step"": 600}, {""distance"": 107.20979999999999, ""mode"": ""current"", ""route"": 3, ""step"": 624}, {""distance"": 109.76820000000001, ""mode"": ""current"", ""route"": 2, ""step"": 648}, {""distance"": 110.0758, ""mode"": ""current"", ""route"": 2, ""step"": 672}, {""distance"": 115.0934, ""mode"": ""current"", ""route"": 2, ""step"": 696}]","{""0"": 176.0, ""1"": 237.0, ""10"": 4461.0, ""11"": 11106.0, ""12"": 11147.0, ""13"": 16237.0, ""14"": 26676.0, ""15"": 29137.0, ""16"": 32788.0, ""17"": 38198.0, ""18"": 43129.0, ""19"": 50737.0, ""2"": 513.0, ""20"": 56045.0, ""21"": 65843.0, ""22"": 71796.0, ""23"": 83834.0, ""24"": 92817.0, ""25"": 99876.0, ""26"": 115070.0, ""27"": 124690.0, ""28"": 141163.0, ""3"": 760.0, ""4"": 499.0, ""5"": 581.0, ""6"": 1620.0, ""7"": 582.0, ""8"": 1317.0, ""9"": 1204.0}","{""BUILD_PASTURE"": 17, ""CARE"": 286, ""COLLECT_FERTILIZER"": 323, ""DIG"": 5, ""DROP"": 115, ""EAST"": 1013, ""FEED"": 299, ""FERTILIZE"": 6, ""HARVEST"": 214, ""NORTH"": 1349, ""PASS"": 667, ""PICKUP"": 173, ""PLACE"": 14, ""PLANT"": 94, ""SOUTH"": 1007, ""WATER"": 715, ""WEST"": 1213}","{""BUY_ANIMAL"": 14, ""BUY_LAND"": 2, ""BUY_PRODUCT"": 255, ""BUY_SEED"": 50, ""HIRE"": 305, ""SELL"": 240}","{""BUY_ANIMAL:COW"": 8, ""BUY_ANIMAL:SHEEP"": 6, ""BUY_PRODUCT:WHEAT"": 745, ""BUY_SEED:CARROT"": 5, ""BUY_SEED:MELON"": 16, ""BUY_SEED:STRAWBERRY"": 48, ""BUY_SEED:WHEAT"": 34, ""SELL:CARROT"": 6, ""SELL:FERTILIZER"": 317, ""SELL:MELON"": 94, ""SELL:MILK"": 201, ""SELL:STRAWBERRY"": 151, ""SELL:WHEAT"": 544, ""SELL:WOOL"": 139}",v008_q50,random
42,0,124918.0,0.0,124918.0,win,DONE,DONE,1,719,0,0,0.8988,1.5514000000000001,1.7773820000000002,2.0992,3.041488200018648,0,2,"[{""distance"": 0.0, ""mode"": ""frontier"", ""route"": 6, ""step"": 0}, {""distance"": 15.643199999999998, ""mode"": ""frontier"", ""route"": 1, ""step"": 24}, {""distance"": 17.163400000000003, ""mode"": ""frontier"", ""route"": 0, ""step"": 48}, {""distance"": 18.409000000000002, ""mode"": ""frontier"", ""route"": 1, ""step"": 72}, {""distance"": 21.491799999999998, ""mode"": ""frontier"", ""route"": 4, ""step"": 96}, {""distance"": 23.4938, ""mode"": ""frontier"", ""route"": 4, ""step"": 120}, {""distance"": 24.7286, ""mode"": ""frontier"", ""route"": 4, ""step"": 144}, {""distance"": 27.073400000000003, ""mode"": ""frontier"", ""route"": 3, ""step"": 168}, {""distance"": 31.662799999999997, ""mode"": ""frontier"", ""route"": 3, ""step"": 192}, {""distance"": 40.6086, ""mode"": ""frontier"", ""route"": 3, ""step"": 216}, {""distance"": 46.1526, ""mode"": ""frontier"", ""route"": 1, ""step"": 240}, {""distance"": 44.5348, ""mode"": ""frontier"", ""route"": 1, ""step"": 264}, {""distance"": 69.7326, ""mode"": ""current"", ""route"": 1, ""step"": 288}, {""distance"": 95.1258, ""mode"": ""current"", ""route"": 1, ""step"": 312}, {""distance"": 94.30839999999999, ""mode"": ""current"", ""route"": 1, ""step"": 336}, {""distance"": 88.678, ""mode"": ""current"", ""route"": 1, ""step"": 360}, {""distance"": 95.4766, ""mode"": ""current"", ""route"": 1, ""step"": 384}, {""distance"": 105.70239999999998, ""mode"": ""current"", ""route"": 1, ""step"": 408}, {""distance"": 108.2876, ""mode"": ""current"", ""route"": 5, ""step"": 432}, {""distance"": 106.6206, ""mode"": ""current"", ""route"": 5, ""step"": 456}, {""distance"": 109.4908, ""mode"": ""current"", ""route"": 1, ""step"": 480}, {""distance"": 104.9298, ""mode"": ""current"", ""route"": 3, ""step"": 504}, {""distance"": 99.8932, ""mode"": ""current"", ""route"": 3, ""step"": 528}, {""distance"": 101.6732, ""mode"": ""current"", ""route"": 3, ""step"": 552}, {""distance"": 104.084, ""mode"": ""current"", ""route"": 3, ""step"": 576}, {""distance"": 102.95779999999999, ""mode"": ""current"", ""route"": 3, ""step"": 600}, {""distance"": 103.1702, ""mode"": ""current"", ""route"": 3, ""step"": 624}, {""distance"": 101.3368, ""mode"": ""current"", ""route"": 3, ""step"": 648}, {""distance"": 102.48140000000001, ""mode"": ""current"", ""route"": 3, ""step"": 672}, {""distance"": 110.21600000000001, ""mode"": ""current"", ""route"": 3, ""step"": 696}]","{""0"": 176.0, ""1"": 237.0, ""10"": 3598.0, ""11"": 9843.0, ""12"": 9890.0, ""13"": 14262.0, ""14"": 19943.0, ""15"": 24176.0, ""16"": 27101.0, ""17"": 31234.0, ""18"": 33675.0, ""19"": 37577.0, ""2"": 513.0, ""20"": 42969.0, ""21"": 52407.0, ""22"": 64210.0, ""23"": 66885.0, ""24"": 75705.0, ""25"": 80676.0, ""26"": 100490.0, ""27"": 106073.0, ""28"": 119393.0, ""3"": 761.0, ""4"": 503.0, ""5"": 564.0, ""6"": 1613.0, ""7"": 584.0, ""8"": 603.0, ""9"": 517.0}","{""BUILD_PASTURE"": 17, ""CARE"": 292, ""COLLECT_FERTILIZER"": 324, ""DIG"": 14, ""DROP"": 111, ""EAST"": 1022, ""FEED"": 290, ""FERTILIZE"": 6, ""HARVEST"": 206, ""NORTH"": 1345, ""PASS"": 673, ""PICKUP"": 171, ""PLACE"": 14, ""PLANT"": 94, ""SOUTH"": 959, ""WATER"": 733, ""WEST"": 1225}","{""BUY_ANIMAL"": 14, ""BUY_LAND"": 2, ""BUY_PRODUCT"": 270, ""BUY_SEED"": 50, ""HIRE"": 304, ""SELL"": 253}","{""BUY_ANIMAL:COW"": 8, ""BUY_ANIMAL:SHEEP"": 6, ""BUY_PRODUCT:WHEAT"": 739, ""BUY_SEED:CARROT"": 4, ""BUY_SEED:MELON"": 16, ""BUY_SEED:STRAWBERRY"": 48, ""BUY_SEED:WHEAT"": 35, ""SELL:CARROT"": 5, ""SELL:FERTILIZER"": 318, ""SELL:MELON"": 96, ""SELL:MILK"": 191, ""SELL:STRAWBERRY"": 150, ""SELL:WHEAT"": 550, ""SELL:WOOL"": 128}",v008_q50,random
42,1,141908.0,0.0,141908.0,win,DONE,DONE,1,719,0,0,0.882,1.5471300000000001,1.8090480000000004,2.2006,3.213077599997632,0,2,"[{""distance"": 0.0, ""mode"": ""frontier"", ""route"": 6, ""step"": 0}, {""distance"": 14.5432, ""mode"": ""frontier"", ""route"": 1, ""step"": 24}, {""distance"": 15.5634, ""mode"": ""frontier"", ""route"": 0, ""step"": 48}, {""distance"": 17.309, ""mode"": ""frontier"", ""route"": 1, ""step"": 72}, {""distance"": 21.152, ""mode"": ""frontier"", ""route"": 2, ""step"": 96}, {""distance"": 23.153399999999998, ""mode"": ""frontier"", ""route"": 2, ""step"": 120}, {""distance"": 26.2294, ""mode"": ""frontier"", ""route"": 2, ""step"": 144}, {""distance"": 28.9148, ""mode"": ""frontier"", ""route"": 3, ""step"": 168}, {""distance"": 33.3816, ""mode"": ""frontier"", ""route"": 3, ""step"": 192}, {""distance"": 43.2698, ""mode"": ""frontier"", ""route"": 3, ""step"": 216}, {""distance"": 48.4194, ""mode"": ""frontier"", ""route"": 1, ""step"": 240}, {""distance"": 45.2648, ""mode"": ""frontier"", ""route"": 1, ""step"": 264}, {""distance"": 70.4704, ""mode"": ""current"", ""route"": 1, ""step"": 288}, {""distance"": 99.04839999999999, ""mode"": ""current"", ""route"": 1, ""step"": 312}, {""distance"": 96.0834, ""mode"": ""current"", ""route"": 1, ""step"": 336}, {""distance"": 92.74340000000001, ""mode"": ""current"", ""route"": 1, ""step"": 360}, {""distance"": 100.09400000000001, ""mode"": ""current"", ""route"": 1, ""step"": 384}, {""distance"": 108.1548, ""mode"": ""current"", ""route"": 1, ""step"": 408}, {""distance"": 111.2916, ""mode"": ""current"", ""route"": 5, ""step"": 432}, {""distance"": 111.39179999999999, ""mode"": ""current"", ""route"": 5, ""step"": 456}, {""distance"": 110.6428, ""mode"": ""current"", ""route"": 5, ""step"": 480}, {""distance"": 107.6396, ""mode"": ""current"", ""route"": 3, ""step"": 504}, {""distance"": 102.4348, ""mode"": ""current"", ""route"": 3, ""step"": 528}, {""distance"": 105.4194, ""mode"": ""current"", ""route"": 3, ""step"": 552}, {""distance"": 105.142, ""mode"": ""current"", ""route"": 3, ""step"": 576}, {""distance"": 106.5218, ""mode"": ""current"", ""route"": 3, ""step"": 600}, {""distance"": 107.3146, ""mode"": ""current"", ""route"": 3, ""step"": 624}, {""distance"": 107.0394, ""mode"": ""current"", ""route"": 3, ""step"": 648}, {""distance"": 102.853, ""mode"": ""current"", ""route"": 3, ""step"": 672}, {""distance"": 109.93199999999999, ""mode"": ""current"", ""route"": 2, ""step"": 696}]","{""0"": 176.0, ""1"": 237.0, ""10"": 3948.0, ""11"": 10432.0, ""12"": 10477.0, ""13"": 15321.0, ""14"": 25365.0, ""15"": 27731.0, ""16"": 31087.0, ""17"": 35097.0, ""18"": 38937.0, ""19"": 43752.0, ""2"": 513.0, ""20"": 48675.0, ""21"": 56953.0, ""22"": 65179.0, ""23"": 76995.0, ""24"": 82985.0, ""25"": 91654.0, ""26"": 112971.0, ""27"": 121245.0, ""28"": 136436.0, ""3"": 760.0, ""4"": 499.0, ""5"": 581.0, ""6"": 1618.0, ""7"": 578.0, ""8"": 895.0, ""9"": 777.0}","{""BUILD_PASTURE"": 17, ""CARE"": 291, ""COLLECT_FERTILIZER"": 322, ""DIG"": 12, ""DROP"": 112, ""EAST"": 1027, ""FEED"": 294, ""FERTILIZE"": 6, ""HARVEST"": 215, ""NORTH"": 1348, ""PASS"": 625, ""PICKUP"": 171, ""PLACE"": 14, ""PLANT"": 96, ""SOUTH"": 1023, ""WATER"": 728, ""WEST"": 1208}","{""BUY_ANIMAL"": 14, ""BUY_LAND"": 2, ""BUY_PRODUCT"": 261, ""BUY_SEED"": 52, ""HIRE"": 305, ""SELL"": 239}","{""BUY_ANIMAL:COW"": 8, ""BUY_ANIMAL:SHEEP"": 6, ""BUY_PRODUCT:WHEAT"": 741, ""BUY_SEED:CARROT"": 5, ""BUY_SEED:MELON"": 16, ""BUY_SEED:STRAWBERRY"": 48, ""BUY_SEED:WHEAT"": 36, ""SELL:CARROT"": 6, ""SELL:FERTILIZER"": 316, ""SELL:MELON"": 90, ""SELL:MILK"": 195, ""SELL:STRAWBERRY"": 157, ""SELL:WHEAT"": 551, ""SELL:WOOL"": 135}",v008_q50,random
2026,0,139105.0,0.0,139105.0,win,DONE,DONE,1,719,0,0,0.8763,1.51936,1.852480000000001,2.1761,3.1745190999936312,0,2,"[{""distance"": 0.0, ""mode"": ""frontier"", ""route"": 6, ""step"": 0}, {""distance"": 16.1432, ""mode"": ""frontier"", ""route"": 1, ""step"": 24}, {""distance"": 16.5634, ""mode"": ""frontier"", ""route"": 0, ""step"": 48}, {""distance"": 17.809, ""mode"": ""frontier"", ""route"": 1, ""step"": 72}, {""distance"": 21.152, ""mode"": ""frontier"", ""route"": 2, ""step"": 96}, {""distance"": 24.153399999999998, ""mode"": ""frontier"", ""route"": 2, ""step"": 120}, {""distance"": 26.8294, ""mode"": ""frontier"", ""route"": 2, ""step"": 144}, {""distance"": 28.635, ""mode"": ""frontier"", ""route"": 3, ""step"": 168}, {""distance"": 33.1824, ""mode"": ""frontier"", ""route"": 3, ""step"": 192}, {""distance"": 42.5908, ""mode"": ""frontier"", ""route"": 3, ""step"": 216}, {""distance"": 48.6802, ""mode"": ""frontier"", ""route"": 1, ""step"": 240}, {""distance"": 44.1334, ""mode"": ""frontier"", ""route"": 1, ""step"": 264}, {""distance"": 68.2888, ""mode"": ""current"", ""route"": 1, ""step"": 288}, {""distance"": 96.14519999999999, ""mode"": ""current"", ""route"": 3, ""step"": 312}, {""distance"": 92.361, ""mode"": ""current"", ""route"": 1, ""step"": 336}, {""distance"": 88.811, ""mode"": ""current"", ""route"": 1, ""step"": 360}, {""distance"": 95.17500000000001, ""mode"": ""current"", ""route"": 1, ""step"": 384}, {""distance"": 105.43379999999999, ""mode"": ""current"", ""route"": 1, ""step"": 408}, {""distance"": 110.7746, ""mode"": ""current"", ""route"": 5, ""step"": 432}, {""distance"": 110.93579999999999, ""mode"": ""current"", ""route"": 5, ""step"": 456}, {""distance"": 113.11959999999999, ""mode"": ""current"", ""route"": 1, ""step"": 480}, {""distance"": 109.15119999999999, ""mode"": ""current"", ""route"": 3, ""step"": 504}, {""distance"": 100.80499999999999, ""mode"": ""current"", ""route"": 3, ""step"": 528}, {""distance"": 104.8292, ""mode"": ""current"", ""route"": 3, ""step"": 552}, {""distance"": 103.9736, ""mode"": ""current"", ""route"": 3, ""step"": 576}, {""distance"": 106.10260000000001, ""mode"": ""current"", ""route"": 3, ""step"": 600}, {""distance"": 108.5144, ""mode"": ""current"", ""route"": 3, ""step"": 624}, {""distance"": 109.40259999999999, ""mode"": ""current"", ""route"": 3, ""step"": 648}, {""distance"": 109.1444, ""mode"": ""current"", ""route"": 3, ""step"": 672}, {""distance"": 117.03659999999999, ""mode"": ""current"", ""route"": 2, ""step"": 696}]","{""0"": 176.0, ""1"": 237.0, ""10"": 3591.0, ""11"": 9924.0, ""12"": 9965.0, ""13"": 14609.0, ""14"": 21580.0, ""15"": 26794.0, ""16"": 30082.0, ""17"": 34212.0, ""18"": 39501.0, ""19"": 44133.0, ""2"": 513.0, ""20"": 51017.0, ""21"": 61552.0, ""22"": 66978.0, ""23"": 81673.0, ""24"": 85481.0, ""25"": 92055.0, ""26"": 111687.0, ""27"": 118058.0, ""28"": 134353.0, ""3"": 760.0, ""4"": 499.0, ""5"": 581.0, ""6"": 1620.0, ""7"": 582.0, ""8"": 592.0, ""9"": 479.0}","{""BUILD_PASTURE"": 17, ""CARE"": 284, ""COLLECT_FERTILIZER"": 321, ""DIG"": 8, ""DROP"": 106, ""EAST"": 1005, ""FEED"": 298, ""FERTILIZE"": 6, ""HARVEST"": 214, ""NORTH"": 1348, ""PASS"": 657, ""PICKUP"": 172, ""PLACE"": 14, ""PLANT"": 97, ""SOUTH"": 1012, ""WATER"": 734, ""WEST"": 1218}","{""BUY_ANIMAL"": 14, ""BUY_LAND"": 2, ""BUY_PRODUCT"": 261, ""BUY_SEED"": 52, ""HIRE"": 305, ""SELL"": 238}","{""BUY_ANIMAL:COW"": 8, ""BUY_ANIMAL:SHEEP"": 6, ""BUY_PRODUCT:WHEAT"": 739, ""BUY_SEED:CARROT"": 6, ""BUY_SEED:MELON"": 16, ""BUY_SEED:STRAWBERRY"": 48, ""BUY_SEED:WHEAT"": 35, ""SELL:CARROT"": 8, ""SELL:FERTILIZER"": 315, ""SELL:MELON"": 95, ""SELL:MILK"": 201, ""SELL:STRAWBERRY"": 151, ""SELL:WHEAT"": 542, ""SELL:WOOL"": 135}",v008_q50,random
2026,1,133758.0,0.0,133758.0,win,DONE,DONE,1,719,0,0,0.8897,1.51843,1.8295400000000002,2.095,3.2391320999886375,0,2,"[{""distance"": 0.0, ""mode"": ""frontier"", ""route"": 6, ""step"": 0}, {""distance"": 15.643199999999998, ""mode"": ""frontier"", ""route"": 1, ""step"": 24}, {""distance"": 17.163400000000003, ""mode"": ""frontier"", ""route"": 0, ""step"": 48}, {""distance"": 18.409000000000002, ""mode"": ""frontier"", ""route"": 1, ""step"": 72}, {""distance"": 21.2318, ""mode"": ""frontier"", ""route"": 4, ""step"": 96}, {""distance"": 23.293799999999997, ""mode"": ""frontier"", ""route"": 4, ""step"": 120}, {""distance"": 25.968600000000002, ""mode"": ""frontier"", ""route"": 4, ""step"": 144}, {""distance"": 28.409000000000002, ""mode"": ""frontier"", ""route"": 3, ""step"": 168}, {""distance"": 32.9984, ""mode"": ""frontier"", ""route"": 3, ""step"": 192}, {""distance"": 44.3474, ""mode"": ""frontier"", ""route"": 1, ""step"": 216}, {""distance"": 50.1676, ""mode"": ""frontier"", ""route"": 1, ""step"": 240}, {""distance"": 46.138200000000005, ""mode"": ""frontier"", ""route"": 1, ""step"": 264}, {""distance"": 71.2644, ""mode"": ""current"", ""route"": 1, ""step"": 288}, {""distance"": 94.1938, ""mode"": ""current"", ""route"": 1, ""step"": 312}, {""distance"": 92.2548, ""mode"": ""current"", ""route"": 1, ""step"": 336}, {""distance"": 90.2244, ""mode"": ""current"", ""route"": 1, ""step"": 360}, {""distance"": 97.9308, ""mode"": ""current"", ""route"": 1, ""step"": 384}, {""distance"": 104.24699999999999, ""mode"": ""current"", ""route"": 1, ""step"": 408}, {""distance"": 109.3582, ""mode"": ""current"", ""route"": 1, ""step"": 432}, {""distance"": 108.3814, ""mode"": ""current"", ""route"": 5, ""step"": 456}, {""distance"": 110.2862, ""mode"": ""current"", ""route"": 5, ""step"": 480}, {""distance"": 106.21699999999998, ""mode"": ""current"", ""route"": 3, ""step"": 504}, {""distance"": 99.71619999999999, ""mode"": ""current"", ""route"": 3, ""step"": 528}, {""distance"": 103.90039999999999, ""mode"": ""current"", ""route"": 3, ""step"": 552}, {""distance"": 105.3762, ""mode"": ""current"", ""route"": 3, ""step"": 576}, {""distance"": 105.88939999999998, ""mode"": ""current"", ""route"": 3, ""step"": 600}, {""distance"": 109.64059999999999, ""mode"": ""current"", ""route"": 3, ""step"": 624}, {""distance"": 109.4496, ""mode"": ""current"", ""route"": 3, ""step"": 648}, {""distance"": 108.8164, ""mode"": ""current"", ""route"": 3, ""step"": 672}, {""distance"": 116.17439999999999, ""mode"": ""current"", ""route"": 2, ""step"": 696}]","{""0"": 176.0, ""1"": 237.0, ""10"": 3715.0, ""11"": 10002.0, ""12"": 10050.0, ""13"": 14578.0, ""14"": 22356.0, ""15"": 25106.0, ""16"": 27978.0, ""17"": 34226.0, ""18"": 37085.0, ""19"": 41524.0, ""2"": 513.0, ""20"": 45588.0, ""21"": 52846.0, ""22"": 60622.0, ""23"": 70824.0, ""24"": 78697.0, ""25"": 87424.0, ""26"": 108326.0, ""27"": 111498.0, ""28"": 126564.0, ""3"": 761.0, ""4"": 503.0, ""5"": 564.0, ""6"": 1691.0, ""7"": 662.0, ""8"": 681.0, ""9"": 642.0}","{""BUILD_PASTURE"": 17, ""CARE"": 281, ""COLLECT_FERTILIZER"": 322, ""DIG"": 7, ""DROP"": 109, ""EAST"": 995, ""FEED"": 297, ""FERTILIZE"": 6, ""HARVEST"": 205, ""NORTH"": 1335, ""PASS"": 699, ""PICKUP"": 171, ""PLACE"": 14, ""PLANT"": 93, ""SOUTH"": 996, ""WATER"": 734, ""WEST"": 1230}","{""BUY_ANIMAL"": 14, ""BUY_LAND"": 2, ""BUY_PRODUCT"": 267, ""BUY_SEED"": 49, ""HIRE"": 305, ""SELL"": 238}","{""BUY_ANIMAL:COW"": 8, ""BUY_ANIMAL:SHEEP"": 6, ""BUY_PRODUCT:WHEAT"": 760, ""BUY_SEED:CARROT"": 4, ""BUY_SEED:MELON"": 16, ""BUY_SEED:STRAWBERRY"": 48, ""BUY_SEED:WHEAT"": 34, ""SELL:CARROT"": 3, ""SELL:FERTILIZER"": 316, ""SELL:MELON"": 96, ""SELL:MILK"": 198, ""SELL:STRAWBERRY"": 152, ""SELL:WHEAT"": 561, ""SELL:WOOL"": 123}",v008_q50,random
17,0,130025.0,140413.0,-10388.0,loss,DONE,DONE,1,719,0,0,0.9402,1.5448200000000003,1.907642000000001,2.7868,4.305259900022065,2,1,"[{""distance"": 0.0, ""mode"": ""frontier"", ""route"": 6, ""step"": 0}, {""distance"": 0.020400000000000015, ""mode"": ""frontier"", ""route"": 6, ""step"": 24}, {""distance"": 1.001, ""mode"": ""frontier"", ""route"": 6, ""step"": 48}, {""distance"": 1.0213999999999999, ""mode"": ""frontier"", ""route"": 6, ""step"": 72}, {""distance"": 0.021800000000000014, ""mode"": ""frontier"", ""route"": 7, ""step"": 96}, {""distance"": 3.0623999999999993, ""mode"": ""frontier"", ""route"": 5, ""step"": 120}, {""distance"": 5.8622000000000005, ""mode"": ""frontier"", ""route"": 5, ""step"": 144}, {""distance"": 6.1394, ""mode"": ""frontier"", ""route"": 5, ""step"": 168}, {""distance"": 4.879599999999999, ""mode"": ""frontier"", ""route"": 5, ""step"": 192}, {""distance"": 8.4324, ""mode"": ""frontier"", ""route"": 5, ""step"": 216}, {""distance"": 6.049199999999999, ""mode"": ""frontier"", ""route"": 5, ""step"": 240}, {""distance"": 16.671400000000002, ""mode"": ""frontier"", ""route"": 5, ""step"": 264}, {""distance"": 12.988399999999999, ""mode"": ""frontier"", ""route"": 5, ""step"": 288}, {""distance"": 8.511199999999999, ""mode"": ""frontier"", ""route"": 5, ""step"": 312}, {""distance"": 8.793799999999997, ""mode"": ""frontier"", ""route"": 5, ""step"": 336}, {""distance"": 15.2156, ""mode"": ""frontier"", ""route"": 4, ""step"": 360}, {""distance"": 13.1282, ""mode"": ""frontier"", ""route"": 4, ""step"": 384}, {""distance"": 15.120400000000002, ""mode"": ""frontier"", ""route"": 5, ""step"": 408}, {""distance"": 15.289000000000001, ""mode"": ""frontier"", ""route"": 4, ""step"": 432}, {""distance"": 15.834800000000001, ""mode"": ""frontier"", ""route"": 5, ""step"": 456}, {""distance"": 16.571599999999997, ""mode"": ""frontier"", ""route"": 5, ""step"": 480}, {""distance"": 15.9662, ""mode"": ""frontier"", ""route"": 2, ""step"": 504}, {""distance"": 19.643399999999996, ""mode"": ""frontier"", ""route"": 5, ""step"": 528}, {""distance"": 18.1948, ""mode"": ""frontier"", ""route"": 7, ""step"": 552}, {""distance"": 19.232799999999997, ""mode"": ""frontier"", ""route"": 7, ""step"": 576}, {""distance"": 20.643399999999996, ""mode"": ""frontier"", ""route"": 6, ""step"": 600}, {""distance"": 19.162999999999997, ""mode"": ""frontier"", ""route"": 5, ""step"": 624}, {""distance"": 21.076799999999995, ""mode"": ""frontier"", ""route"": 5, ""step"": 648}, {""distance"": 22.160999999999998, ""mode"": ""frontier"", ""route"": 1, ""step"": 672}, {""distance"": 22.635999999999996, ""mode"": ""frontier"", ""route"": 1, ""step"": 696}]","{""0"": 157.0, ""1"": 211.0, ""10"": 3278.0, ""11"": 8017.0, ""12"": 11760.0, ""13"": 13161.0, ""14"": 19411.0, ""15"": 22156.0, ""16"": 24724.0, ""17"": 32100.0, ""18"": 37452.0, ""19"": 43651.0, ""2"": 474.0, ""20"": 54887.0, ""21"": 60835.0, ""22"": 71798.0, ""23"": 79551.0, ""24"": 91088.0, ""25"": 97834.0, ""26"": 106971.0, ""27"": 113664.0, ""28"": 118258.0, ""3"": 706.0, ""4"": 437.0, ""5"": 540.0, ""6"": 1441.0, ""7"": 270.0, ""8"": 695.0, ""9"": 433.0}","{""BUILD_PASTURE"": 14, ""CARE"": 311, ""COLLECT_FERTILIZER"": 326, ""DIG"": 34, ""DROP"": 95, ""EAST"": 791, ""FEED"": 324, ""FERTILIZE"": 90, ""HARVEST"": 302, ""NORTH"": 1223, ""PASS"": 495, ""PICKUP"": 367, ""PLACE"": 21, ""PLANT"": 99, ""SOUTH"": 917, ""WATER"": 791, ""WEST"": 1078}","{""BUY_ANIMAL"": 14, ""BUY_LAND"": 2, ""BUY_PRODUCT"": 324, ""BUY_SEED"": 51, ""HIRE"": 304, ""SELL"": 362}","{""BUY_ANIMAL:COW"": 8, ""BUY_ANIMAL:SHEEP"": 6, ""BUY_PRODUCT:WHEAT"": 1056, ""BUY_SEED:MELON"": 21, ""BUY_SEED:STRAWBERRY"": 44, ""BUY_SEED:WHEAT"": 34, ""SELL:FERTILIZER"": 232, ""SELL:MELON"": 119, ""SELL:MILK"": 230, ""SELL:STRAWBERRY"": 291, ""SELL:WHEAT"": 877, ""SELL:WOOL"": 168}",v008_q50,hamburger
17,1,134604.0,125931.0,8673.0,win,DONE,DONE,1,719,0,0,0.9298,1.5482700000000003,1.755952,2.2179,4.426203800016083,2,1,"[{""distance"": 0.0, ""mode"": ""frontier"", ""route"": 6, ""step"": 0}, {""distance"": 0.020400000000000015, ""mode"": ""frontier"", ""route"": 6, ""step"": 24}, {""distance"": 0.501, ""mode"": ""frontier"", ""route"": 6, ""step"": 48}, {""distance"": 0.5214000000000001, ""mode"": ""frontier"", ""route"": 6, ""step"": 72}, {""distance"": 0.522, ""mode"": ""frontier"", ""route"": 6, ""step"": 96}, {""distance"": 2.5623999999999993, ""mode"": ""frontier"", ""route"": 5, ""step"": 120}, {""distance"": 4.5122, ""mode"": ""frontier"", ""route"": 5, ""step"": 144}, {""distance"": 4.670999999999999, ""mode"": ""frontier"", ""route"": 5, ""step"": 168}, {""distance"": 8.593399999999999, ""mode"": ""frontier"", ""route"": 5, ""step"": 192}, {""distance"": 11.7072, ""mode"": ""frontier"", ""route"": 4, ""step"": 216}, {""distance"": 9.405199999999999, ""mode"": ""frontier"", ""route"": 6, ""step"": 240}, {""distance"": 10.839, ""mode"": ""frontier"", ""route"": 6, ""step"": 264}, {""distance"": 8.58, ""mode"": ""frontier"", ""route"": 5, ""step"": 288}, {""distance"": 6.9368, ""mode"": ""frontier"", ""route"": 5, ""step"": 312}, {""distance"": 8.206199999999999, ""mode"": ""frontier"", ""route"": 5, ""step"": 336}, {""distance"": 13.8546, ""mode"": ""frontier"", ""route"": 4, ""step"": 360}, {""distance"": 12.6114, ""mode"": ""frontier"", ""route"": 4, ""step"": 384}, {""distance"": 11.854, ""mode"": ""frontier"", ""route"": 4, ""step"": 408}, {""distance"": 12.402999999999999, ""mode"": ""frontier"", ""route"": 4, ""step"": 432}, {""distance"": 12.464599999999997, ""mode"": ""frontier"", ""route"": 4, ""step"": 456}, {""distance"": 14.8904, ""mode"": ""frontier"", ""route"": 4, ""step"": 480}, {""distance"": 12.1158, ""mode"": ""frontier"", ""route"": 4, ""step"": 504}, {""distance"": 18.505, ""mode"": ""frontier"", ""route"": 4, ""step"": 528}, {""distance"": 18.397999999999996, ""mode"": ""frontier"", ""route"": 5, ""step"": 552}, {""distance"": 14.3298, ""mode"": ""frontier"", ""route"": 4, ""step"": 576}, {""distance"": 15.714200000000003, ""mode"": ""frontier"", ""route"": 4, ""step"": 600}, {""distance"": 13.5032, ""mode"": ""frontier"", ""route"": 4, ""step"": 624}, {""distance"": 15.713199999999999, ""mode"": ""frontier"", ""route"": 3, ""step"": 648}, {""distance"": 16.1342, ""mode"": ""frontier"", ""route"": 3, ""step"": 672}, {""distance"": 13.8108, ""mode"": ""frontier"", ""route"": 4, ""step"": 696}]","{""0"": 157.0, ""1"": 211.0, ""10"": 3557.0, ""11"": 9609.0, ""12"": 13350.0, ""13"": 14711.0, ""14"": 20912.0, ""15"": 24004.0, ""16"": 26278.0, ""17"": 32220.0, ""18"": 36551.0, ""19"": 42729.0, ""2"": 474.0, ""20"": 52653.0, ""21"": 56748.0, ""22"": 68429.0, ""23"": 74914.0, ""24"": 87967.0, ""25"": 96289.0, ""26"": 107185.0, ""27"": 115626.0, ""28"": 121691.0, ""3"": 706.0, ""4"": 437.0, ""5"": 540.0, ""6"": 1533.0, ""7"": 451.0, ""8"": 877.0, ""9"": 701.0}","{""BUILD_PASTURE"": 14, ""CARE"": 311, ""COLLECT_FERTILIZER"": 326, ""DIG"": 34, ""DROP"": 95, ""EAST"": 791, ""FEED"": 324, ""FERTILIZE"": 90, ""HARVEST"": 302, ""NORTH"": 1223, ""PASS"": 495, ""PICKUP"": 367, ""PLACE"": 21, ""PLANT"": 99, ""SOUTH"": 917, ""WATER"": 791, ""WEST"": 1078}","{""BUY_ANIMAL"": 14, ""BUY_LAND"": 2, ""BUY_PRODUCT"": 324, ""BUY_SEED"": 51, ""HIRE"": 304, ""SELL"": 361}","{""BUY_ANIMAL:COW"": 8, ""BUY_ANIMAL:SHEEP"": 6, ""BUY_PRODUCT:WHEAT"": 1056, ""BUY_SEED:MELON"": 21, ""BUY_SEED:STRAWBERRY"": 44, ""BUY_SEED:WHEAT"": 34, ""SELL:FERTILIZER"": 232, ""SELL:MELON"": 119, ""SELL:MILK"": 230, ""SELL:STRAWBERRY"": 291, ""SELL:WHEAT"": 853, ""SELL:WOOL"": 168}",v008_q50,hamburger
42,0,117592.0,120118.0,-2526.0,loss,DONE,DONE,1,719,0,0,0.9361,1.6248300000000002,1.9356740000000014,238.5859,4.340086200012593,2,1,"[{""distance"": 0.0, ""mode"": ""frontier"", ""route"": 6, ""step"": 0}, {""distance"": 0.020400000000000015, ""mode"": ""frontier"", ""route"": 6, ""step"": 24}, {""distance"": 0.0010000000000000009, ""mode"": ""frontier"", ""route"": 6, ""step"": 48}, {""distance"": 0.021400000000000016, ""mode"": ""frontier"", ""route"": 6, ""step"": 72}, {""distance"": 0.18200000000000016, ""mode"": ""frontier"", ""route"": 5, ""step"": 96}, {""distance"": 1.7824000000000002, ""mode"": ""frontier"", ""route"": 5, ""step"": 120}, {""distance"": 1.9222, ""mode"": ""frontier"", ""route"": 5, ""step"": 144}, {""distance"": 2.2206, ""mode"": ""frontier"", ""route"": 5, ""step"": 168}, {""distance"": 0.9230000000000003, ""mode"": ""frontier"", ""route"": 5, ""step"": 192}, {""distance"": 3.9437999999999995, ""mode"": ""frontier"", ""route"": 5, ""step"": 216}, {""distance"": 2.4812000000000003, ""mode"": ""frontier"", ""route"": 5, ""step"": 240}, {""distance"": 12.407, ""mode"": ""frontier"", ""route"": 5, ""step"": 264}, {""distance"": 9.3412, ""mode"": ""frontier"", ""route"": 5, ""step"": 288}, {""distance"": 6.284399999999998, ""mode"": ""frontier"", ""route"": 5, ""step"": 312}, {""distance"": 6.898599999999999, ""mode"": ""frontier"", ""route"": 5, ""step"": 336}, {""distance"": 11.8796, ""mode"": ""frontier"", ""route"": 2, ""step"": 360}, {""distance"": 9.523600000000002, ""mode"": ""frontier"", ""route"": 0, ""step"": 384}, {""distance"": 11.571200000000001, ""mode"": ""frontier"", ""route"": 2, ""step"": 408}, {""distance"": 12.2346, ""mode"": ""frontier"", ""route"": 2, ""step"": 432}, {""distance"": 11.075800000000001, ""mode"": ""frontier"", ""route"": 1, ""step"": 456}, {""distance"": 12.4912, ""mode"": ""frontier"", ""route"": 1, ""step"": 480}, {""distance"": 12.048000000000002, ""mode"": ""frontier"", ""route"": 1, ""step"": 504}, {""distance"": 16.606399999999997, ""mode"": ""frontier"", ""route"": 6, ""step"": 528}, {""distance"": 16.028600000000004, ""mode"": ""frontier"", ""route"": 6, ""step"": 552}, {""distance"": 14.896, ""mode"": ""frontier"", ""route"": 6, ""step"": 576}, {""distance"": 16.6584, ""mode"": ""frontier"", ""route"": 1, ""step"": 600}, {""distance"": 13.706, ""mode"": ""frontier"", ""route"": 1, ""step"": 624}, {""distance"": 16.1488, ""mode"": ""frontier"", ""route"": 1, ""step"": 648}, {""distance"": 18.7778, ""mode"": ""frontier"", ""route"": 1, ""step"": 672}, {""distance"": 15.8804, ""mode"": ""frontier"", ""route"": 1, ""step"": 696}]","{""0"": 157.0, ""1"": 211.0, ""10"": 3186.0, ""11"": 9155.0, ""12"": 12760.0, ""13"": 13732.0, ""14"": 21080.0, ""15"": 24574.0, ""16"": 26901.0, ""17"": 34340.0, ""18"": 39776.0, ""19"": 43975.0, ""2"": 474.0, ""20"": 52901.0, ""21"": 58541.0, ""22"": 67095.0, ""23"": 74675.0, ""24"": 86382.0, ""25"": 92577.0, ""26"": 101076.0, ""27"": 106274.0, ""28"": 108268.0, ""3"": 706.0, ""4"": 437.0, ""5"": 540.0, ""6"": 1535.0, ""7"": 453.0, ""8"": 529.0, ""9"": 393.0}","{""BUILD_PASTURE"": 14, ""CARE"": 311, ""COLLECT_FERTILIZER"": 326, ""DIG"": 34, ""DROP"": 95, ""EAST"": 791, ""FEED"": 324, ""FERTILIZE"": 90, ""HARVEST"": 302, ""NORTH"": 1223, ""PASS"": 495, ""PICKUP"": 367, ""PLACE"": 21, ""PLANT"": 99, ""SOUTH"": 917, ""WATER"": 791, ""WEST"": 1078}","{""BUY_ANIMAL"": 14, ""BUY_LAND"": 2, ""BUY_PRODUCT"": 324, ""BUY_SEED"": 51, ""HIRE"": 304, ""SELL"": 362}","{""BUY_ANIMAL:COW"": 8, ""BUY_ANIMAL:SHEEP"": 6, ""BUY_PRODUCT:WHEAT"": 1056, ""BUY_SEED:MELON"": 21, ""BUY_SEED:STRAWBERRY"": 44, ""BUY_SEED:WHEAT"": 34, ""SELL:FERTILIZER"": 234, ""SELL:MELON"": 119, ""SELL:MILK"": 230, ""SELL:STRAWBERRY"": 291, ""SELL:WHEAT"": 853, ""SELL:WOOL"": 168}",v008_q50,hamburger
42,1,117781.0,119938.0,-2157.0,loss,DONE,DONE,1,719,0,0,0.9341,1.6074199999999998,1.902812000000001,238.4168,4.332016700005624,2,1,"[{""distance"": 0.0, ""mode"": ""frontier"", ""route"": 6, ""step"": 0}, {""distance"": 0.020400000000000015, ""mode"": ""frontier"", ""route"": 6, ""step"": 24}, {""distance"": 0.0010000000000000009, ""mode"": ""frontier"", ""route"": 6, ""step"": 48}, {""distance"": 0.021400000000000016, ""mode"": ""frontier"", ""route"": 6, ""step"": 72}, {""distance"": 0.18200000000000016, ""mode"": ""frontier"", ""route"": 5, ""step"": 96}, {""distance"": 1.7824000000000002, ""mode"": ""frontier"", ""route"": 5, ""step"": 120}, {""distance"": 1.9222, ""mode"": ""frontier"", ""route"": 5, ""step"": 144}, {""distance"": 2.2206, ""mode"": ""frontier"", ""route"": 5, ""step"": 168}, {""distance"": 0.9230000000000003, ""mode"": ""frontier"", ""route"": 5, ""step"": 192}, {""distance"": 3.9437999999999995, ""mode"": ""frontier"", ""route"": 5, ""step"": 216}, {""distance"": 2.4812000000000003, ""mode"": ""frontier"", ""route"": 5, ""step"": 240}, {""distance"": 10.907, ""mode"": ""frontier"", ""route"": 5, ""step"": 264}, {""distance"": 9.3412, ""mode"": ""frontier"", ""route"": 5, ""step"": 288}, {""distance"": 6.284399999999998, ""mode"": ""frontier"", ""route"": 5, ""step"": 312}, {""distance"": 6.898599999999999, ""mode"": ""frontier"", ""route"": 5, ""step"": 336}, {""distance"": 11.8796, ""mode"": ""frontier"", ""route"": 2, ""step"": 360}, {""distance"": 9.523600000000002, ""mode"": ""frontier"", ""route"": 0, ""step"": 384}, {""distance"": 11.571200000000001, ""mode"": ""frontier"", ""route"": 2, ""step"": 408}, {""distance"": 12.2346, ""mode"": ""frontier"", ""route"": 2, ""step"": 432}, {""distance"": 11.075800000000001, ""mode"": ""frontier"", ""route"": 1, ""step"": 456}, {""distance"": 12.9912, ""mode"": ""frontier"", ""route"": 1, ""step"": 480}, {""distance"": 12.048000000000002, ""mode"": ""frontier"", ""route"": 1, ""step"": 504}, {""distance"": 16.606399999999997, ""mode"": ""frontier"", ""route"": 6, ""step"": 528}, {""distance"": 16.3266, ""mode"": ""frontier"", ""route"": 5, ""step"": 552}, {""distance"": 14.796000000000001, ""mode"": ""frontier"", ""route"": 6, ""step"": 576}, {""distance"": 16.6318, ""mode"": ""frontier"", ""route"": 1, ""step"": 600}, {""distance"": 13.7518, ""mode"": ""frontier"", ""route"": 1, ""step"": 624}, {""distance"": 15.794599999999999, ""mode"": ""frontier"", ""route"": 1, ""step"": 648}, {""distance"": 17.7496, ""mode"": ""frontier"", ""route"": 1, ""step"": 672}, {""distance"": 16.852199999999996, ""mode"": ""frontier"", ""route"": 1, ""step"": 696}]","{""0"": 157.0, ""1"": 211.0, ""10"": 3186.0, ""11"": 9155.0, ""12"": 12760.0, ""13"": 13732.0, ""14"": 21080.0, ""15"": 24574.0, ""16"": 26901.0, ""17"": 34340.0, ""18"": 39776.0, ""19"": 43975.0, ""2"": 474.0, ""20"": 52901.0, ""21"": 58541.0, ""22"": 67095.0, ""23"": 74675.0, ""24"": 86015.0, ""25"": 92848.0, ""26"": 101347.0, ""27"": 106415.0, ""28"": 108409.0, ""3"": 706.0, ""4"": 437.0, ""5"": 540.0, ""6"": 1535.0, ""7"": 453.0, ""8"": 529.0, ""9"": 393.0}","{""BUILD_PASTURE"": 14, ""CARE"": 311, ""COLLECT_FERTILIZER"": 326, ""DIG"": 34, ""DROP"": 95, ""EAST"": 791, ""FEED"": 324, ""FERTILIZE"": 90, ""HARVEST"": 302, ""NORTH"": 1223, ""PASS"": 495, ""PICKUP"": 367, ""PLACE"": 21, ""PLANT"": 99, ""SOUTH"": 917, ""WATER"": 791, ""WEST"": 1078}","{""BUY_ANIMAL"": 14, ""BUY_LAND"": 2, ""BUY_PRODUCT"": 324, ""BUY_SEED"": 51, ""HIRE"": 304, ""SELL"": 362}","{""BUY_ANIMAL:COW"": 8, ""BUY_ANIMAL:SHEEP"": 6, ""BUY_PRODUCT:WHEAT"": 1056, ""BUY_SEED:MELON"": 21, ""BUY_SEED:STRAWBERRY"": 44, ""BUY_SEED:WHEAT"": 34, ""SELL:FERTILIZER"": 234, ""SELL:MELON"": 119, ""SELL:MILK"": 230, ""SELL:STRAWBERRY"": 291, ""SELL:WHEAT"": 853, ""SELL:WOOL"": 168}",v008_q50,hamburger
2026,0,95566.0,95626.0,-60.0,loss,DONE,DONE,1,719,0,0,0.9197,1.5901100000000001,2.0720740000000086,2.5897,4.3224197999807075,2,1,"[{""distance"": 0.0, ""mode"": ""frontier"", ""route"": 6, ""step"": 0}, {""distance"": 0.020400000000000015, ""mode"": ""frontier"", ""route"": 6, ""step"": 24}, {""distance"": 0.0010000000000000009, ""mode"": ""frontier"", ""route"": 6, ""step"": 48}, {""distance"": 0.021400000000000016, ""mode"": ""frontier"", ""route"": 6, ""step"": 72}, {""distance"": 0.18200000000000016, ""mode"": ""frontier"", ""route"": 5, ""step"": 96}, {""distance"": 1.7824000000000002, ""mode"": ""frontier"", ""route"": 5, ""step"": 120}, {""distance"": 1.9222, ""mode"": ""frontier"", ""route"": 5, ""step"": 144}, {""distance"": 2.141, ""mode"": ""frontier"", ""route"": 5, ""step"": 168}, {""distance"": 0.7636000000000002, ""mode"": ""frontier"", ""route"": 5, ""step"": 192}, {""distance"": 3.7459999999999996, ""mode"": ""frontier"", ""route"": 5, ""step"": 216}, {""distance"": 1.8291999999999997, ""mode"": ""frontier"", ""route"": 5, ""step"": 240}, {""distance"": 10.4812, ""mode"": ""frontier"", ""route"": 5, ""step"": 264}, {""distance"": 7.6018, ""mode"": ""frontier"", ""route"": 5, ""step"": 288}, {""distance"": 3.935, ""mode"": ""frontier"", ""route"": 5, ""step"": 312}, {""distance"": 5.5458, ""mode"": ""frontier"", ""route"": 5, ""step"": 336}, {""distance"": 11.556000000000001, ""mode"": ""frontier"", ""route"": 4, ""step"": 360}, {""distance"": 9.8266, ""mode"": ""frontier"", ""route"": 4, ""step"": 384}, {""distance"": 10.8524, ""mode"": ""frontier"", ""route"": 4, ""step"": 408}, {""distance"": 10.589199999999998, ""mode"": ""frontier"", ""route"": 4, ""step"": 432}, {""distance"": 9.8534, ""mode"": ""frontier"", ""route"": 4, ""step"": 456}, {""distance"": 12.118200000000003, ""mode"": ""frontier"", ""route"": 4, ""step"": 480}, {""distance"": 10.4374, ""mode"": ""frontier"", ""route"": 4, ""step"": 504}, {""distance"": 15.302400000000002, ""mode"": ""frontier"", ""route"": 5, ""step"": 528}, {""distance"": 15.0086, ""mode"": ""frontier"", ""route"": 5, ""step"": 552}, {""distance"": 15.321000000000002, ""mode"": ""frontier"", ""route"": 4, ""step"": 576}, {""distance"": 16.827199999999998, ""mode"": ""frontier"", ""route"": 5, ""step"": 600}, {""distance"": 12.2972, ""mode"": ""frontier"", ""route"": 5, ""step"": 624}, {""distance"": 16.640600000000003, ""mode"": ""frontier"", ""route"": 5, ""step"": 648}, {""distance"": 18.898599999999995, ""mode"": ""frontier"", ""route"": 5, ""step"": 672}, {""distance"": 18.061000000000003, ""mode"": ""frontier"", ""route"": 5, ""step"": 696}]","{""0"": 157.0, ""1"": 211.0, ""10"": 3115.0, ""11"": 8952.0, ""12"": 12441.0, ""13"": 13401.0, ""14"": 18909.0, ""15"": 21664.0, ""16"": 23096.0, ""17"": 26909.0, ""18"": 30411.0, ""19"": 34536.0, ""2"": 474.0, ""20"": 40837.0, ""21"": 44093.0, ""22"": 52494.0, ""23"": 59114.0, ""24"": 68734.0, ""25"": 75533.0, ""26"": 81897.0, ""27"": 86531.0, ""28"": 87751.0, ""3"": 706.0, ""4"": 437.0, ""5"": 540.0, ""6"": 1533.0, ""7"": 450.0, ""8"": 518.0, ""9"": 341.0}","{""BUILD_PASTURE"": 14, ""CARE"": 311, ""COLLECT_FERTILIZER"": 326, ""DIG"": 34, ""DROP"": 95, ""EAST"": 791, ""FEED"": 324, ""FERTILIZE"": 90, ""HARVEST"": 302, ""NORTH"": 1223, ""PASS"": 495, ""PICKUP"": 367, ""PLACE"": 21, ""PLANT"": 99, ""SOUTH"": 917, ""WATER"": 791, ""WEST"": 1078}","{""BUY_ANIMAL"": 14, ""BUY_LAND"": 2, ""BUY_PRODUCT"": 324, ""BUY_SEED"": 51, ""HIRE"": 304, ""SELL"": 361}","{""BUY_ANIMAL:COW"": 8, ""BUY_ANIMAL:SHEEP"": 6, ""BUY_PRODUCT:WHEAT"": 1056, ""BUY_SEED:MELON"": 21, ""BUY_SEED:STRAWBERRY"": 44, ""BUY_SEED:WHEAT"": 34, ""SELL:FERTILIZER"": 232, ""SELL:MELON"": 119, ""SELL:MILK"": 230, ""SELL:STRAWBERRY"": 291, ""SELL:WHEAT"": 853, ""SELL:WOOL"": 168}",v008_q50,hamburger
2026,1,93420.0,98057.0,-4637.0,loss,DONE,DONE,1,719,0,0,0.9431,1.6612300000000002,1.9608720000000008,2.2038,4.393609499995364,2,1,"[{""distance"": 0.0, ""mode"": ""frontier"", ""route"": 6, ""step"": 0}, {""distance"": 0.020400000000000015, ""mode"": ""frontier"", ""route"": 6, ""step"": 24}, {""distance"": 0.0010000000000000009, ""mode"": ""frontier"", ""route"": 6, ""step"": 48}, {""distance"": 0.021400000000000016, ""mode"": ""frontier"", ""route"": 6, ""step"": 72}, {""distance"": 0.18200000000000016, ""mode"": ""frontier"", ""route"": 5, ""step"": 96}, {""distance"": 1.7824000000000002, ""mode"": ""frontier"", ""route"": 5, ""step"": 120}, {""distance"": 1.9222, ""mode"": ""frontier"", ""route"": 5, ""step"": 144}, {""distance"": 2.141, ""mode"": ""frontier"", ""route"": 5, ""step"": 168}, {""distance"": 0.7636000000000002, ""mode"": ""frontier"", ""route"": 5, ""step"": 192}, {""distance"": 3.7459999999999996, ""mode"": ""frontier"", ""route"": 5, ""step"": 216}, {""distance"": 1.8291999999999997, ""mode"": ""frontier"", ""route"": 5, ""step"": 240}, {""distance"": 11.9812, ""mode"": ""frontier"", ""route"": 5, ""step"": 264}, {""distance"": 10.1018, ""mode"": ""frontier"", ""route"": 5, ""step"": 288}, {""distance"": 6.4350000000000005, ""mode"": ""frontier"", ""route"": 5, ""step"": 312}, {""distance"": 6.845799999999999, ""mode"": ""frontier"", ""route"": 5, ""step"": 336}, {""distance"": 13.6782, ""mode"": ""frontier"", ""route"": 5, ""step"": 360}, {""distance"": 11.626600000000002, ""mode"": ""frontier"", ""route"": 4, ""step"": 384}, {""distance"": 12.652399999999998, ""mode"": ""frontier"", ""route"": 4, ""step"": 408}, {""distance"": 12.1892, ""mode"": ""frontier"", ""route"": 4, ""step"": 432}, {""distance"": 11.453399999999998, ""mode"": ""frontier"", ""route"": 4, ""step"": 456}, {""distance"": 13.818200000000003, ""mode"": ""frontier"", ""route"": 4, ""step"": 480}, {""distance"": 13.337399999999999, ""mode"": ""frontier"", ""route"": 4, ""step"": 504}, {""distance"": 19.7024, ""mode"": ""frontier"", ""route"": 5, ""step"": 528}, {""distance"": 19.3086, ""mode"": ""frontier"", ""route"": 5, ""step"": 552}, {""distance"": 20.388999999999996, ""mode"": ""frontier"", ""route"": 5, ""step"": 576}, {""distance"": 18.29, ""mode"": ""frontier"", ""route"": 5, ""step"": 600}, {""distance"": 12.578399999999998, ""mode"": ""frontier"", ""route"": 5, ""step"": 624}, {""distance"": 16.9126, ""mode"": ""frontier"", ""route"": 5, ""step"": 648}, {""distance"": 19.1684, ""mode"": ""frontier"", ""route"": 5, ""step"": 672}, {""distance"": 17.324, ""mode"": ""frontier"", ""route"": 5, ""step"": 696}]","{""0"": 157.0, ""1"": 211.0, ""10"": 3115.0, ""11"": 8952.0, ""12"": 12441.0, ""13"": 13401.0, ""14"": 18909.0, ""15"": 21664.0, ""16"": 23096.0, ""17"": 26909.0, ""18"": 30411.0, ""19"": 34536.0, ""2"": 474.0, ""20"": 40837.0, ""21"": 44093.0, ""22"": 52494.0, ""23"": 58719.0, ""24"": 67822.0, ""25"": 73427.0, ""26"": 79830.0, ""27"": 84375.0, ""28"": 85636.0, ""3"": 706.0, ""4"": 437.0, ""5"": 540.0, ""6"": 1533.0, ""7"": 450.0, ""8"": 518.0, ""9"": 341.0}","{""BUILD_PASTURE"": 14, ""CARE"": 311, ""COLLECT_FERTILIZER"": 326, ""DIG"": 34, ""DROP"": 95, ""EAST"": 791, ""FEED"": 324, ""FERTILIZE"": 90, ""HARVEST"": 302, ""NORTH"": 1223, ""PASS"": 495, ""PICKUP"": 367, ""PLACE"": 21, ""PLANT"": 99, ""SOUTH"": 917, ""WATER"": 791, ""WEST"": 1078}","{""BUY_ANIMAL"": 14, ""BUY_LAND"": 2, ""BUY_PRODUCT"": 324, ""BUY_SEED"": 51, ""HIRE"": 304, ""SELL"": 362}","{""BUY_ANIMAL:COW"": 8, ""BUY_ANIMAL:SHEEP"": 6, ""BUY_PRODUCT:WHEAT"": 1056, ""BUY_SEED:MELON"": 21, ""BUY_SEED:STRAWBERRY"": 44, ""BUY_SEED:WHEAT"": 34, ""SELL:FERTILIZER"": 234, ""SELL:MELON"": 119, ""SELL:MILK"": 230, ""SELL:STRAWBERRY"": 291, ""SELL:WHEAT"": 853, ""SELL:WOOL"": 168}",v008_q50,hamburger
17,0,137348.0,140429.0,-3081.0,loss,DONE,DONE,1,719,0,0,0.941,1.52447,1.8289580000000039,2.5733,4.222733000002336,2,1,"[{""distance"": 0.0, ""mode"": ""frontier"", ""route"": 6, ""step"": 0}, {""distance"": 0.02200000000000002, ""mode"": ""frontier"", ""route"": 1, ""step"": 24}, {""distance"": 1.0030000000000001, ""mode"": ""frontier"", ""route"": 2, ""step"": 48}, {""distance"": 1.0234, ""mode"": ""frontier"", ""route"": 2, ""step"": 72}, {""distance"": 1.2037999999999998, ""mode"": ""frontier"", ""route"": 2, ""step"": 96}, {""distance"": 1.3637999999999995, ""mode"": ""frontier"", ""route"": 2, ""step"": 120}, {""distance"": 4.0454, ""mode"": ""frontier"", ""route"": 2, ""step"": 144}, {""distance"": 4.2338000000000005, ""mode"": ""frontier"", ""route"": 1, ""step"": 168}, {""distance"": 4.639600000000001, ""mode"": ""frontier"", ""route"": 2, ""step"": 192}, {""distance"": 5.263800000000001, ""mode"": ""frontier"", ""route"": 4, ""step"": 216}, {""distance"": 5.536, ""mode"": ""frontier"", ""route"": 4, ""step"": 240}, {""distance"": 5.927000000000001, ""mode"": ""frontier"", ""route"": 2, ""step"": 264}, {""distance"": 5.8164, ""mode"": ""frontier"", ""route"": 4, ""step"": 288}, {""distance"": 6.9474, ""mode"": ""frontier"", ""route"": 2, ""step"": 312}, {""distance"": 7.1312, ""mode"": ""frontier"", ""route"": 4, ""step"": 336}, {""distance"": 7.5544, ""mode"": ""frontier"", ""route"": 2, ""step"": 360}, {""distance"": 7.077599999999999, ""mode"": ""frontier"", ""route"": 2, ""step"": 384}, {""distance"": 9.122399999999999, ""mode"": ""frontier"", ""route"": 2, ""step"": 408}, {""distance"": 8.711400000000001, ""mode"": ""frontier"", ""route"": 2, ""step"": 432}, {""distance"": 9.506600000000002, ""mode"": ""frontier"", ""route"": 2, ""step"": 456}, {""distance"": 10.382200000000001, ""mode"": ""frontier"", ""route"": 2, ""step"": 480}, {""distance"": 10.002199999999998, ""mode"": ""frontier"", ""route"": 2, ""step"": 504}, {""distance"": 10.557799999999999, ""mode"": ""frontier"", ""route"": 2, ""step"": 528}, {""distance"": 12.348999999999997, ""mode"": ""frontier"", ""route"": 2, ""step"": 552}, {""distance"": 13.318999999999999, ""mode"": ""frontier"", ""route"": 2, ""step"": 576}, {""distance"": 13.1024, ""mode"": ""frontier"", ""route"": 2, ""step"": 600}, {""distance"": 14.258400000000002, ""mode"": ""frontier"", ""route"": 1, ""step"": 624}, {""distance"": 13.641000000000005, ""mode"": ""frontier"", ""route"": 1, ""step"": 648}, {""distance"": 14.125799999999998, ""mode"": ""frontier"", ""route"": 1, ""step"": 672}, {""distance"": 17.977999999999998, ""mode"": ""frontier"", ""route"": 3, ""step"": 696}]","{""0"": 165.0, ""1"": 220.0, ""10"": 3390.0, ""11"": 8194.0, ""12"": 12082.0, ""13"": 13462.0, ""14"": 21156.0, ""15"": 23822.0, ""16"": 26695.0, ""17"": 34706.0, ""18"": 40710.0, ""19"": 46496.0, ""2"": 485.0, ""20"": 57457.0, ""21"": 63972.0, ""22"": 74202.0, ""23"": 82369.0, ""24"": 94150.0, ""25"": 101549.0, ""26"": 111910.0, ""27"": 119704.0, ""28"": 124891.0, ""3"": 719.0, ""4"": 451.0, ""5"": 561.0, ""6"": 1480.0, ""7"": 310.0, ""8"": 746.0, ""9"": 551.0}","{""BUILD_PASTURE"": 14, ""CARE"": 311, ""COLLECT_FERTILIZER"": 326, ""DIG"": 34, ""DROP"": 95, ""EAST"": 791, ""FEED"": 324, ""FERTILIZE"": 90, ""HARVEST"": 302, ""NORTH"": 1223, ""PASS"": 495, ""PICKUP"": 367, ""PLACE"": 21, ""PLANT"": 99, ""SOUTH"": 917, ""WATER"": 791, ""WEST"": 1078}","{""BUY_ANIMAL"": 14, ""BUY_LAND"": 2, ""BUY_PRODUCT"": 324, ""BUY_SEED"": 51, ""HIRE"": 304, ""SELL"": 363}","{""BUY_ANIMAL:COW"": 8, ""BUY_ANIMAL:SHEEP"": 6, ""BUY_PRODUCT:WHEAT"": 1056, ""BUY_SEED:MELON"": 21, ""BUY_SEED:STRAWBERRY"": 44, ""BUY_SEED:WHEAT"": 34, ""SELL:FERTILIZER"": 234, ""SELL:MELON"": 119, ""SELL:MILK"": 230, ""SELL:STRAWBERRY"": 291, ""SELL:WHEAT"": 877, ""SELL:WOOL"": 168}",v008_q50,builder
17,1,111252.0,112505.0,-1253.0,loss,DONE,DONE,1,719,0,0,0.9028,1.57535,1.8216820000000002,2.0599,4.169516099995235,7,1,"[{""distance"": 0.0, ""mode"": ""frontier"", ""route"": 6, ""step"": 0}, {""distance"": 0.02200000000000002, ""mode"": ""frontier"", ""route"": 1, ""step"": 24}, {""distance"": 0.0029999999999999957, ""mode"": ""frontier"", ""route"": 1, ""step"": 48}, {""distance"": 1.1234000000000002, ""mode"": ""frontier"", ""route"": 1, ""step"": 72}, {""distance"": 1.1638000000000002, ""mode"": ""frontier"", ""route"": 2, ""step"": 96}, {""distance"": 1.1838000000000002, ""mode"": ""frontier"", ""route"": 2, ""step"": 120}, {""distance"": 1.2054, ""mode"": ""frontier"", ""route"": 2, ""step"": 144}, {""distance"": 1.5844000000000007, ""mode"": ""frontier"", ""route"": 1, ""step"": 168}, {""distance"": 1.9362, ""mode"": ""frontier"", ""route"": 2, ""step"": 192}, {""distance"": 2.66, ""mode"": ""frontier"", ""route"": 0, ""step"": 216}, {""distance"": 2.8399999999999994, ""mode"": ""frontier"", ""route"": 0, ""step"": 240}, {""distance"": 3.100000000000001, ""mode"": ""frontier"", ""route"": 0, ""step"": 264}, {""distance"": 4.42, ""mode"": ""frontier"", ""route"": 0, ""step"": 288}, {""distance"": 2.2330000000000005, ""mode"": ""frontier"", ""route"": 0, ""step"": 312}, {""distance"": 2.2929999999999993, ""mode"": ""frontier"", ""route"": 0, ""step"": 336}, {""distance"": 2.3664000000000005, ""mode"": ""frontier"", ""route"": 0, ""step"": 360}, {""distance"": 2.608000000000001, ""mode"": ""frontier"", ""route"": 0, ""step"": 384}, {""distance"": 3.610599999999998, ""mode"": ""frontier"", ""route"": 0, ""step"": 408}, {""distance"": 3.939399999999999, ""mode"": ""frontier"", ""route"": 0, ""step"": 432}, {""distance"": 4.276200000000001, ""mode"": ""frontier"", ""route"": 0, ""step"": 456}, {""distance"": 5.5985999999999985, ""mode"": ""frontier"", ""route"": 0, ""step"": 480}, {""distance"": 3.7614, ""mode"": ""frontier"", ""route"": 0, ""step"": 504}, {""distance"": 4.0218, ""mode"": ""frontier"", ""route"": 0, ""step"": 528}, {""distance"": 4.0294000000000025, ""mode"": ""frontier"", ""route"": 0, ""step"": 552}, {""distance"": 4.131799999999997, ""mode"": ""frontier"", ""route"": 0, ""step"": 576}, {""distance"": 4.3344, ""mode"": ""frontier"", ""route"": 0, ""step"": 600}, {""distance"": 4.531000000000001, ""mode"": ""frontier"", ""route"": 0, ""step"": 624}, {""distance"": 4.25, ""mode"": ""frontier"", ""route"": 0, ""step"": 648}, {""distance"": 4.638400000000001, ""mode"": ""frontier"", ""route"": 0, ""step"": 672}, {""distance"": 4.361000000000002, ""mode"": ""frontier"", ""route"": 0, ""step"": 696}]","{""0"": 165.0, ""1"": 220.0, ""10"": 1532.0, ""11"": 7386.0, ""12"": 10929.0, ""13"": 11630.0, ""14"": 18656.0, ""15"": 22046.0, ""16"": 24052.0, ""17"": 30655.0, ""18"": 34895.0, ""19"": 38579.0, ""2"": 485.0, ""20"": 46654.0, ""21"": 51188.0, ""22"": 59292.0, ""23"": 65778.0, ""24"": 76066.0, ""25"": 83519.0, ""26"": 91340.0, ""27"": 98357.0, ""28"": 101467.0, ""3"": 719.0, ""4"": 451.0, ""5"": 561.0, ""6"": 1572.0, ""7"": 489.0, ""8"": 124.0, ""9"": 91.0}","{""BUILD_PASTURE"": 14, ""CARE"": 310, ""COLLECT_FERTILIZER"": 323, ""DIG"": 34, ""DROP"": 99, ""EAST"": 784, ""FEED"": 324, ""FERTILIZE"": 89, ""HARVEST"": 301, ""NORTH"": 1209, ""PASS"": 482, ""PICKUP"": 367, ""PLACE"": 16, ""PLANT"": 98, ""SOUTH"": 908, ""WATER"": 782, ""WEST"": 1078}","{""BUY_ANIMAL"": 14, ""BUY_LAND"": 2, ""BUY_PRODUCT"": 324, ""BUY_SEED"": 51, ""HIRE"": 304, ""SELL"": 363}","{""BUY_ANIMAL:COW"": 8, ""BUY_ANIMAL:SHEEP"": 6, ""BUY_PRODUCT:WHEAT"": 1056, ""BUY_SEED:MELON"": 21, ""BUY_SEED:STRAWBERRY"": 44, ""BUY_SEED:WHEAT"": 34, ""SELL:FERTILIZER"": 232, ""SELL:MELON"": 119, ""SELL:MILK"": 230, ""SELL:STRAWBERRY"": 291, ""SELL:WHEAT"": 866, ""SELL:WOOL"": 168}",v008_q50,builder
42,0,151190.0,143993.0,7197.0,win,DONE,DONE,1,719,0,0,0.9242,1.55341,1.8036360000000018,2.7333,4.2147436999948695,2,1,"[{""distance"": 0.0, ""mode"": ""frontier"", ""route"": 6, ""step"": 0}, {""distance"": 0.522, ""mode"": ""frontier"", ""route"": 1, ""step"": 24}, {""distance"": 0.0029999999999999957, ""mode"": ""frontier"", ""route"": 1, ""step"": 48}, {""distance"": 0.023400000000000018, ""mode"": ""frontier"", ""route"": 1, ""step"": 72}, {""distance"": 0.003400000000000014, ""mode"": ""frontier"", ""route"": 3, ""step"": 96}, {""distance"": 1.0238, ""mode"": ""frontier"", ""route"": 1, ""step"": 120}, {""distance"": 1.0053999999999998, ""mode"": ""frontier"", ""route"": 1, ""step"": 144}, {""distance"": 0.8356000000000001, ""mode"": ""frontier"", ""route"": 1, ""step"": 168}, {""distance"": 1.6463999999999996, ""mode"": ""frontier"", ""route"": 2, ""step"": 192}, {""distance"": 2.4062, ""mode"": ""frontier"", ""route"": 2, ""step"": 216}, {""distance"": 2.5116, ""mode"": ""frontier"", ""route"": 2, ""step"": 240}, {""distance"": 3.3406, ""mode"": ""frontier"", ""route"": 2, ""step"": 264}, {""distance"": 3.9702, ""mode"": ""frontier"", ""route"": 2, ""step"": 288}, {""distance"": 2.3644, ""mode"": ""frontier"", ""route"": 2, ""step"": 312}, {""distance"": 4.0084, ""mode"": ""frontier"", ""route"": 2, ""step"": 336}, {""distance"": 3.9534000000000007, ""mode"": ""frontier"", ""route"": 2, ""step"": 360}, {""distance"": 4.160399999999999, ""mode"": ""frontier"", ""route"": 2, ""step"": 384}, {""distance"": 4.007599999999999, ""mode"": ""frontier"", ""route"": 2, ""step"": 408}, {""distance"": 4.345800000000001, ""mode"": ""frontier"", ""route"": 2, ""step"": 432}, {""distance"": 4.5120000000000005, ""mode"": ""frontier"", ""route"": 2, ""step"": 456}, {""distance"": 4.4886, ""mode"": ""frontier"", ""route"": 2, ""step"": 480}, {""distance"": 4.423399999999998, ""mode"": ""frontier"", ""route"": 2, ""step"": 504}, {""distance"": 3.3094, ""mode"": ""frontier"", ""route"": 2, ""step"": 528}, {""distance"": 4.545400000000001, ""mode"": ""frontier"", ""route"": 2, ""step"": 552}, {""distance"": 5.2193999999999985, ""mode"": ""frontier"", ""route"": 2, ""step"": 576}, {""distance"": 5.558999999999998, ""mode"": ""frontier"", ""route"": 2, ""step"": 600}, {""distance"": 5.218200000000001, ""mode"": ""frontier"", ""route"": 2, ""step"": 624}, {""distance"": 6.593600000000003, ""mode"": ""frontier"", ""route"": 2, ""step"": 648}, {""distance"": 5.4220000000000015, ""mode"": ""frontier"", ""route"": 2, ""step"": 672}, {""distance"": 10.962200000000003, ""mode"": ""frontier"", ""route"": 3, ""step"": 696}]","{""0"": 165.0, ""1"": 220.0, ""10"": 3758.0, ""11"": 10009.0, ""12"": 13931.0, ""13"": 15402.0, ""14"": 22795.0, ""15"": 26412.0, ""16"": 29345.0, ""17"": 38392.0, ""18"": 44503.0, ""19"": 50550.0, ""2"": 485.0, ""20"": 62885.0, ""21"": 69491.0, ""22"": 80602.0, ""23"": 89410.0, ""24"": 104418.0, ""25"": 111513.0, ""26"": 124177.0, ""27"": 132794.0, ""28"": 138714.0, ""3"": 719.0, ""4"": 451.0, ""5"": 561.0, ""6"": 1528.0, ""7"": 440.0, ""8"": 1045.0, ""9"": 892.0}","{""BUILD_PASTURE"": 14, ""CARE"": 310, ""COLLECT_FERTILIZER"": 326, ""DIG"": 34, ""DROP"": 95, ""EAST"": 788, ""FEED"": 324, ""FERTILIZE"": 90, ""HARVEST"": 302, ""NORTH"": 1218, ""PASS"": 515, ""PICKUP"": 367, ""PLACE"": 21, ""PLANT"": 99, ""SOUTH"": 914, ""WATER"": 786, ""WEST"": 1075}","{""BUY_ANIMAL"": 14, ""BUY_LAND"": 2, ""BUY_PRODUCT"": 324, ""BUY_SEED"": 51, ""HIRE"": 304, ""SELL"": 363}","{""BUY_ANIMAL:COW"": 8, ""BUY_ANIMAL:SHEEP"": 6, ""BUY_PRODUCT:WHEAT"": 1056, ""BUY_SEED:MELON"": 21, ""BUY_SEED:STRAWBERRY"": 44, ""BUY_SEED:WHEAT"": 34, ""SELL:FERTILIZER"": 236, ""SELL:MELON"": 119, ""SELL:MILK"": 230, ""SELL:STRAWBERRY"": 291, ""SELL:WHEAT"": 853, ""SELL:WOOL"": 168}",v008_q50,builder
42,1,150152.0,133402.0,16750.0,win,DONE,DONE,1,719,0,0,0.9111,1.57395,1.7957360000000002,2.0848,4.133330800017575,2,1,"[{""distance"": 0.0, ""mode"": ""frontier"", ""route"": 6, ""step"": 0}, {""distance"": 0.522, ""mode"": ""frontier"", ""route"": 1, ""step"": 24}, {""distance"": 0.0029999999999999957, ""mode"": ""frontier"", ""route"": 1, ""step"": 48}, {""distance"": 0.023400000000000018, ""mode"": ""frontier"", ""route"": 1, ""step"": 72}, {""distance"": 0.003400000000000014, ""mode"": ""frontier"", ""route"": 3, ""step"": 96}, {""distance"": 0.023800000000000016, ""mode"": ""frontier"", ""route"": 1, ""step"": 120}, {""distance"": 0.005399999999999988, ""mode"": ""frontier"", ""route"": 1, ""step"": 144}, {""distance"": 0.12619999999999998, ""mode"": ""frontier"", ""route"": 3, ""step"": 168}, {""distance"": 0.18400000000000016, ""mode"": ""frontier"", ""route"": 3, ""step"": 192}, {""distance"": 0.28139999999999976, ""mode"": ""frontier"", ""route"": 3, ""step"": 216}, {""distance"": 0.4275999999999999, ""mode"": ""frontier"", ""route"": 1, ""step"": 240}, {""distance"": 1.4706000000000006, ""mode"": ""frontier"", ""route"": 1, ""step"": 264}, {""distance"": 2.5894, ""mode"": ""frontier"", ""route"": 1, ""step"": 288}, {""distance"": 1.0352000000000003, ""mode"": ""frontier"", ""route"": 3, ""step"": 312}, {""distance"": 2.0553999999999997, ""mode"": ""frontier"", ""route"": 1, ""step"": 336}, {""distance"": 1.9265999999999994, ""mode"": ""frontier"", ""route"": 1, ""step"": 360}, {""distance"": 1.8375999999999995, ""mode"": ""frontier"", ""route"": 1, ""step"": 384}, {""distance"": 1.9684000000000001, ""mode"": ""frontier"", ""route"": 1, ""step"": 408}, {""distance"": 1.8997999999999988, ""mode"": ""frontier"", ""route"": 1, ""step"": 432}, {""distance"": 2.417200000000001, ""mode"": ""frontier"", ""route"": 1, ""step"": 456}, {""distance"": 3.239599999999998, ""mode"": ""frontier"", ""route"": 1, ""step"": 480}, {""distance"": 3.6395999999999993, ""mode"": ""frontier"", ""route"": 1, ""step"": 504}, {""distance"": 4.474799999999998, ""mode"": ""frontier"", ""route"": 1, ""step"": 528}, {""distance"": 4.6469999999999985, ""mode"": ""frontier"", ""route"": 2, ""step"": 552}, {""distance"": 5.580399999999999, ""mode"": ""frontier"", ""route"": 2, ""step"": 576}, {""distance"": 5.025400000000003, ""mode"": ""frontier"", ""route"": 2, ""step"": 600}, {""distance"": 6.1885999999999965, ""mode"": ""frontier"", ""route"": 1, ""step"": 624}, {""distance"": 7.132799999999998, ""mode"": ""frontier"", ""route"": 2, ""step"": 648}, {""distance"": 7.5752, ""mode"": ""frontier"", ""route"": 2, ""step"": 672}, {""distance"": 11.246200000000002, ""mode"": ""frontier"", ""route"": 3, ""step"": 696}]","{""0"": 165.0, ""1"": 220.0, ""10"": 3527.0, ""11"": 9655.0, ""12"": 13440.0, ""13"": 14657.0, ""14"": 22127.0, ""15"": 25707.0, ""16"": 28365.0, ""17"": 37016.0, ""18"": 43041.0, ""19"": 48729.0, ""2"": 485.0, ""20"": 60339.0, ""21"": 66753.0, ""22"": 77466.0, ""23"": 86248.0, ""24"": 101015.0, ""25"": 109150.0, ""26"": 121715.0, ""27"": 130684.0, ""28"": 136482.0, ""3"": 719.0, ""4"": 451.0, ""5"": 561.0, ""6"": 1528.0, ""7"": 440.0, ""8"": 870.0, ""9"": 718.0}","{""BUILD_PASTURE"": 14, ""CARE"": 311, ""COLLECT_FERTILIZER"": 326, ""DIG"": 34, ""DROP"": 95, ""EAST"": 791, ""FEED"": 324, ""FERTILIZE"": 90, ""HARVEST"": 302, ""NORTH"": 1223, ""PASS"": 495, ""PICKUP"": 367, ""PLACE"": 21, ""PLANT"": 99, ""SOUTH"": 917, ""WATER"": 791, ""WEST"": 1078}","{""BUY_ANIMAL"": 14, ""BUY_LAND"": 2, ""BUY_PRODUCT"": 324, ""BUY_SEED"": 51, ""HIRE"": 304, ""SELL"": 362}","{""BUY_ANIMAL:COW"": 8, ""BUY_ANIMAL:SHEEP"": 6, ""BUY_PRODUCT:WHEAT"": 1056, ""BUY_SEED:MELON"": 21, ""BUY_SEED:STRAWBERRY"": 44, ""BUY_SEED:WHEAT"": 34, ""SELL:FERTILIZER"": 234, ""SELL:MELON"": 119, ""SELL:MILK"": 230, ""SELL:STRAWBERRY"": 291, ""SELL:WHEAT"": 853, ""SELL:WOOL"": 168}",v008_q50,builder
2026,0,134017.0,122907.0,11110.0,win,DONE,DONE,1,719,0,0,0.9186,1.5281799999999999,1.7609480000000004,2.1453,4.151580000005197,2,1,"[{""distance"": 0.0, ""mode"": ""frontier"", ""route"": 6, ""step"": 0}, {""distance"": 0.02200000000000002, ""mode"": ""frontier"", ""route"": 1, ""step"": 24}, {""distance"": 0.0029999999999999957, ""mode"": ""frontier"", ""route"": 2, ""step"": 48}, {""distance"": 0.023400000000000018, ""mode"": ""frontier"", ""route"": 2, ""step"": 72}, {""distance"": 0.20379999999999973, ""mode"": ""frontier"", ""route"": 2, ""step"": 96}, {""distance"": 0.36379999999999946, ""mode"": ""frontier"", ""route"": 2, ""step"": 120}, {""distance"": 0.44540000000000035, ""mode"": ""frontier"", ""route"": 2, ""step"": 144}, {""distance"": 0.2556, ""mode"": ""frontier"", ""route"": 1, ""step"": 168}, {""distance"": 0.5464, ""mode"": ""frontier"", ""route"": 2, ""step"": 192}, {""distance"": 1.1311999999999995, ""mode"": ""frontier"", ""route"": 2, ""step"": 216}, {""distance"": 0.8237999999999999, ""mode"": ""frontier"", ""route"": 4, ""step"": 240}, {""distance"": 1.2526000000000004, ""mode"": ""frontier"", ""route"": 4, ""step"": 264}, {""distance"": 2.2039999999999997, ""mode"": ""frontier"", ""route"": 4, ""step"": 288}, {""distance"": 3.6168000000000005, ""mode"": ""frontier"", ""route"": 2, ""step"": 312}, {""distance"": 3.9874000000000005, ""mode"": ""frontier"", ""route"": 4, ""step"": 336}, {""distance"": 4.0328, ""mode"": ""frontier"", ""route"": 4, ""step"": 360}, {""distance"": 4.938599999999999, ""mode"": ""frontier"", ""route"": 4, ""step"": 384}, {""distance"": 5.6469999999999985, ""mode"": ""frontier"", ""route"": 2, ""step"": 408}, {""distance"": 6.066200000000001, ""mode"": ""frontier"", ""route"": 2, ""step"": 432}, {""distance"": 6.8744, ""mode"": ""frontier"", ""route"": 3, ""step"": 456}, {""distance"": 6.487400000000001, ""mode"": ""frontier"", ""route"": 2, ""step"": 480}, {""distance"": 6.6016, ""mode"": ""frontier"", ""route"": 2, ""step"": 504}, {""distance"": 6.0008, ""mode"": ""frontier"", ""route"": 3, ""step"": 528}, {""distance"": 6.715399999999998, ""mode"": ""frontier"", ""route"": 3, ""step"": 552}, {""distance"": 7.871600000000001, ""mode"": ""frontier"", ""route"": 2, ""step"": 576}, {""distance"": 8.435400000000001, ""mode"": ""frontier"", ""route"": 2, ""step"": 600}, {""distance"": 7.493599999999999, ""mode"": ""frontier"", ""route"": 3, ""step"": 624}, {""distance"": 7.266599999999999, ""mode"": ""frontier"", ""route"": 3, ""step"": 648}, {""distance"": 7.309199999999999, ""mode"": ""frontier"", ""route"": 3, ""step"": 672}, {""distance"": 7.470600000000001, ""mode"": ""frontier"", ""route"": 3, ""step"": 696}]","{""0"": 165.0, ""1"": 220.0, ""10"": 3512.0, ""11"": 9598.0, ""12"": 13392.0, ""13"": 14759.0, ""14"": 21203.0, ""15"": 24340.0, ""16"": 26772.0, ""17"": 34732.0, ""18"": 39603.0, ""19"": 45370.0, ""2"": 485.0, ""20"": 56560.0, ""21"": 61398.0, ""22"": 72030.0, ""23"": 79867.0, ""24"": 93046.0, ""25"": 100345.0, ""26"": 110913.0, ""27"": 118217.0, ""28"": 123260.0, ""3"": 719.0, ""4"": 451.0, ""5"": 561.0, ""6"": 1528.0, ""7"": 440.0, ""8"": 870.0, ""9"": 690.0}","{""BUILD_PASTURE"": 14, ""CARE"": 311, ""COLLECT_FERTILIZER"": 326, ""DIG"": 34, ""DROP"": 95, ""EAST"": 791, ""FEED"": 324, ""FERTILIZE"": 90, ""HARVEST"": 302, ""NORTH"": 1223, ""PASS"": 495, ""PICKUP"": 367, ""PLACE"": 21, ""PLANT"": 99, ""SOUTH"": 917, ""WATER"": 791, ""WEST"": 1078}","{""BUY_ANIMAL"": 14, ""BUY_LAND"": 2, ""BUY_PRODUCT"": 324, ""BUY_SEED"": 51, ""HIRE"": 304, ""SELL"": 362}","{""BUY_ANIMAL:COW"": 8, ""BUY_ANIMAL:SHEEP"": 6, ""BUY_PRODUCT:WHEAT"": 1056, ""BUY_SEED:MELON"": 21, ""BUY_SEED:STRAWBERRY"": 44, ""BUY_SEED:WHEAT"": 34, ""SELL:FERTILIZER"": 234, ""SELL:MELON"": 119, ""SELL:MILK"": 230, ""SELL:STRAWBERRY"": 291, ""SELL:WHEAT"": 853, ""SELL:WOOL"": 168}",v008_q50,builder
2026,1,132268.0,124370.0,7898.0,win,DONE,DONE,1,719,0,0,0.9129,1.53767,1.7202360000000003,2.0312,4.172002799983602,2,1,"[{""distance"": 0.0, ""mode"": ""frontier"", ""route"": 6, ""step"": 0}, {""distance"": 0.02200000000000002, ""mode"": ""frontier"", ""route"": 1, ""step"": 24}, {""distance"": 0.0029999999999999957, ""mode"": ""frontier"", ""route"": 2, ""step"": 48}, {""distance"": 0.023400000000000018, ""mode"": ""frontier"", ""route"": 2, ""step"": 72}, {""distance"": 0.20379999999999973, ""mode"": ""frontier"", ""route"": 2, ""step"": 96}, {""distance"": 0.36379999999999946, ""mode"": ""frontier"", ""route"": 2, ""step"": 120}, {""distance"": 0.44540000000000035, ""mode"": ""frontier"", ""route"": 2, ""step"": 144}, {""distance"": 0.2556, ""mode"": ""frontier"", ""route"": 1, ""step"": 168}, {""distance"": 0.5464, ""mode"": ""frontier"", ""route"": 2, ""step"": 192}, {""distance"": 1.1311999999999995, ""mode"": ""frontier"", ""route"": 2, ""step"": 216}, {""distance"": 0.8237999999999999, ""mode"": ""frontier"", ""route"": 4, ""step"": 240}, {""distance"": 1.7526000000000006, ""mode"": ""frontier"", ""route"": 4, ""step"": 264}, {""distance"": 2.704, ""mode"": ""frontier"", ""route"": 4, ""step"": 288}, {""distance"": 0.8656000000000005, ""mode"": ""frontier"", ""route"": 4, ""step"": 312}, {""distance"": 3.9874, ""mode"": ""frontier"", ""route"": 4, ""step"": 336}, {""distance"": 4.0328, ""mode"": ""frontier"", ""route"": 4, ""step"": 360}, {""distance"": 4.9386, ""mode"": ""frontier"", ""route"": 4, ""step"": 384}, {""distance"": 6.026999999999999, ""mode"": ""frontier"", ""route"": 2, ""step"": 408}, {""distance"": 6.4262000000000015, ""mode"": ""frontier"", ""route"": 2, ""step"": 432}, {""distance"": 6.394399999999999, ""mode"": ""frontier"", ""route"": 3, ""step"": 456}, {""distance"": 6.900999999999998, ""mode"": ""frontier"", ""route"": 3, ""step"": 480}, {""distance"": 6.5074000000000005, ""mode"": ""frontier"", ""route"": 3, ""step"": 504}, {""distance"": 6.540799999999999, ""mode"": ""frontier"", ""route"": 3, ""step"": 528}, {""distance"": 6.9528000000000025, ""mode"": ""frontier"", ""route"": 3, ""step"": 552}, {""distance"": 9.007000000000001, ""mode"": ""frontier"", ""route"": 3, ""step"": 576}, {""distance"": 7.952000000000002, ""mode"": ""frontier"", ""route"": 3, ""step"": 600}, {""distance"": 6.965999999999998, ""mode"": ""frontier"", ""route"": 3, ""step"": 624}, {""distance"": 7.162400000000001, ""mode"": ""frontier"", ""route"": 3, ""step"": 648}, {""distance"": 7.395000000000001, ""mode"": ""frontier"", ""route"": 3, ""step"": 672}, {""distance"": 10.3568, ""mode"": ""frontier"", ""route"": 3, ""step"": 696}]","{""0"": 165.0, ""1"": 220.0, ""10"": 3512.0, ""11"": 9598.0, ""12"": 13392.0, ""13"": 14759.0, ""14"": 21203.0, ""15"": 24340.0, ""16"": 26772.0, ""17"": 34732.0, ""18"": 39603.0, ""19"": 45370.0, ""2"": 485.0, ""20"": 56560.0, ""21"": 61398.0, ""22"": 72020.0, ""23"": 79837.0, ""24"": 92974.0, ""25"": 99507.0, ""26"": 109592.0, ""27"": 116896.0, ""28"": 121923.0, ""3"": 719.0, ""4"": 451.0, ""5"": 561.0, ""6"": 1528.0, ""7"": 440.0, ""8"": 870.0, ""9"": 690.0}","{""BUILD_PASTURE"": 14, ""CARE"": 311, ""COLLECT_FERTILIZER"": 326, ""DIG"": 34, ""DROP"": 95, ""EAST"": 791, ""FEED"": 324, ""FERTILIZE"": 90, ""HARVEST"": 302, ""NORTH"": 1223, ""PASS"": 495, ""PICKUP"": 367, ""PLACE"": 21, ""PLANT"": 99, ""SOUTH"": 917, ""WATER"": 791, ""WEST"": 1078}","{""BUY_ANIMAL"": 14, ""BUY_LAND"": 2, ""BUY_PRODUCT"": 324, ""BUY_SEED"": 51, ""HIRE"": 304, ""SELL"": 363}","{""BUY_ANIMAL:COW"": 8, ""BUY_ANIMAL:SHEEP"": 6, ""BUY_PRODUCT:WHEAT"": 1056, ""BUY_SEED:MELON"": 21, ""BUY_SEED:STRAWBERRY"": 44, ""BUY_SEED:WHEAT"": 34, ""SELL:FERTILIZER"": 238, ""SELL:MELON"": 119, ""SELL:MILK"": 230, ""SELL:STRAWBERRY"": 291, ""SELL:WHEAT"": 853, ""SELL:WOOL"": 168}",v008_q50,builder
17,0,130068.0,138389.0,-8321.0,loss,DONE,DONE,1,719,0,0,0.93,1.5354,1.7602760000000028,2.1021,4.251195799995912,2,1,"[{""distance"": 0.0, ""mode"": ""frontier"", ""route"": 6, ""step"": 0}, {""distance"": 0.0, ""mode"": ""frontier"", ""route"": 6, ""step"": 24}, {""distance"": 1.0, ""mode"": ""frontier"", ""route"": 6, ""step"": 48}, {""distance"": 1.0, ""mode"": ""frontier"", ""route"": 6, ""step"": 72}, {""distance"": 0.0, ""mode"": ""frontier"", ""route"": 7, ""step"": 96}, {""distance"": 3.0603999999999996, ""mode"": ""frontier"", ""route"": 5, ""step"": 120}, {""distance"": 5.8622000000000005, ""mode"": ""frontier"", ""route"": 5, ""step"": 144}, {""distance"": 6.137799999999999, ""mode"": ""frontier"", ""route"": 5, ""step"": 168}, {""distance"": 4.877399999999999, ""mode"": ""frontier"", ""route"": 5, ""step"": 192}, {""distance"": 8.4346, ""mode"": ""frontier"", ""route"": 5, ""step"": 216}, {""distance"": 6.070799999999998, ""mode"": ""frontier"", ""route"": 5, ""step"": 240}, {""distance"": 16.6136, ""mode"": ""frontier"", ""route"": 5, ""step"": 264}, {""distance"": 12.866999999999999, ""mode"": ""frontier"", ""route"": 5, ""step"": 288}, {""distance"": 8.446799999999998, ""mode"": ""frontier"", ""route"": 5, ""step"": 312}, {""distance"": 8.744599999999998, ""mode"": ""frontier"", ""route"": 5, ""step"": 336}, {""distance"": 15.2458, ""mode"": ""frontier"", ""route"": 4, ""step"": 360}, {""distance"": 13.1334, ""mode"": ""frontier"", ""route"": 4, ""step"": 384}, {""distance"": 15.1854, ""mode"": ""frontier"", ""route"": 5, ""step"": 408}, {""distance"": 15.360199999999999, ""mode"": ""frontier"", ""route"": 4, ""step"": 432}, {""distance"": 15.865200000000002, ""mode"": ""frontier"", ""route"": 5, ""step"": 456}, {""distance"": 16.624599999999997, ""mode"": ""frontier"", ""route"": 5, ""step"": 480}, {""distance"": 16.1018, ""mode"": ""frontier"", ""route"": 2, ""step"": 504}, {""distance"": 19.411999999999995, ""mode"": ""frontier"", ""route"": 5, ""step"": 528}, {""distance"": 17.961399999999998, ""mode"": ""frontier"", ""route"": 7, ""step"": 552}, {""distance"": 19.2954, ""mode"": ""frontier"", ""route"": 7, ""step"": 576}, {""distance"": 20.7568, ""mode"": ""frontier"", ""route"": 6, ""step"": 600}, {""distance"": 19.094399999999997, ""mode"": ""frontier"", ""route"": 5, ""step"": 624}, {""distance"": 21.050599999999996, ""mode"": ""frontier"", ""route"": 5, ""step"": 648}, {""distance"": 22.1954, ""mode"": ""frontier"", ""route"": 1, ""step"": 672}, {""distance"": 22.692999999999994, ""mode"": ""frontier"", ""route"": 1, ""step"": 696}]","{""0"": 161.0, ""1"": 216.0, ""10"": 3289.0, ""11"": 8020.0, ""12"": 11782.0, ""13"": 13203.0, ""14"": 19460.0, ""15"": 22230.0, ""16"": 24849.0, ""17"": 32256.0, ""18"": 37604.0, ""19"": 43816.0, ""2"": 481.0, ""20"": 55009.0, ""21"": 60878.0, ""22"": 71828.0, ""23"": 79564.0, ""24"": 90721.0, ""25"": 97491.0, ""26"": 107033.0, ""27"": 113832.0, ""28"": 118443.0, ""3"": 715.0, ""4"": 447.0, ""5"": 540.0, ""6"": 1449.0, ""7"": 281.0, ""8"": 706.0, ""9"": 441.0}","{""BUILD_PASTURE"": 14, ""CARE"": 311, ""COLLECT_FERTILIZER"": 326, ""DIG"": 34, ""DROP"": 95, ""EAST"": 791, ""FEED"": 324, ""FERTILIZE"": 90, ""HARVEST"": 302, ""NORTH"": 1223, ""PASS"": 495, ""PICKUP"": 367, ""PLACE"": 21, ""PLANT"": 99, ""SOUTH"": 917, ""WATER"": 791, ""WEST"": 1078}","{""BUY_ANIMAL"": 14, ""BUY_LAND"": 2, ""BUY_PRODUCT"": 324, ""BUY_SEED"": 51, ""HIRE"": 304, ""SELL"": 362}","{""BUY_ANIMAL:COW"": 8, ""BUY_ANIMAL:SHEEP"": 6, ""BUY_PRODUCT:WHEAT"": 1056, ""BUY_SEED:MELON"": 21, ""BUY_SEED:STRAWBERRY"": 44, ""BUY_SEED:WHEAT"": 34, ""SELL:FERTILIZER"": 232, ""SELL:MELON"": 119, ""SELL:MILK"": 230, ""SELL:STRAWBERRY"": 291, ""SELL:WHEAT"": 877, ""SELL:WOOL"": 168}",v008_q50,frontier
17,1,138354.0,128732.0,9622.0,win,DONE,DONE,1,719,0,0,0.896,1.54983,1.864412000000002,2.0987,4.191981800016947,2,1,"[{""distance"": 0.0, ""mode"": ""frontier"", ""route"": 6, ""step"": 0}, {""distance"": 0.0, ""mode"": ""frontier"", ""route"": 6, ""step"": 24}, {""distance"": 0.5, ""mode"": ""frontier"", ""route"": 6, ""step"": 48}, {""distance"": 0.5, ""mode"": ""frontier"", ""route"": 6, ""step"": 72}, {""distance"": 0.5002, ""mode"": ""frontier"", ""route"": 6, ""step"": 96}, {""distance"": 2.5603999999999996, ""mode"": ""frontier"", ""route"": 5, ""step"": 120}, {""distance"": 4.5122, ""mode"": ""frontier"", ""route"": 5, ""step"": 144}, {""distance"": 4.6706, ""mode"": ""frontier"", ""route"": 5, ""step"": 168}, {""distance"": 3.2912, ""mode"": ""frontier"", ""route"": 5, ""step"": 192}, {""distance"": 6.8382, ""mode"": ""frontier"", ""route"": 5, ""step"": 216}, {""distance"": 4.2744, ""mode"": ""frontier"", ""route"": 5, ""step"": 240}, {""distance"": 13.517200000000003, ""mode"": ""frontier"", ""route"": 5, ""step"": 264}, {""distance"": 9.9756, ""mode"": ""frontier"", ""route"": 5, ""step"": 288}, {""distance"": 5.935799999999999, ""mode"": ""frontier"", ""route"": 5, ""step"": 312}, {""distance"": 5.278, ""mode"": ""frontier"", ""route"": 5, ""step"": 336}, {""distance"": 12.536800000000001, ""mode"": ""frontier"", ""route"": 4, ""step"": 360}, {""distance"": 9.5214, ""mode"": ""frontier"", ""route"": 4, ""step"": 384}, {""distance"": 12.906799999999997, ""mode"": ""frontier"", ""route"": 2, ""step"": 408}, {""distance"": 13.762800000000002, ""mode"": ""frontier"", ""route"": 2, ""step"": 432}, {""distance"": 13.269200000000001, ""mode"": ""frontier"", ""route"": 2, ""step"": 456}, {""distance"": 14.879600000000002, ""mode"": ""frontier"", ""route"": 2, ""step"": 480}, {""distance"": 10.450200000000002, ""mode"": ""frontier"", ""route"": 2, ""step"": 504}, {""distance"": 15.8636, ""mode"": ""frontier"", ""route"": 5, ""step"": 528}, {""distance"": 15.332999999999997, ""mode"": ""frontier"", ""route"": 5, ""step"": 552}, {""distance"": 16.0568, ""mode"": ""frontier"", ""route"": 5, ""step"": 576}, {""distance"": 16.067800000000002, ""mode"": ""frontier"", ""route"": 2, ""step"": 600}, {""distance"": 15.8372, ""mode"": ""frontier"", ""route"": 5, ""step"": 624}, {""distance"": 19.849, ""mode"": ""frontier"", ""route"": 5, ""step"": 648}, {""distance"": 20.5092, ""mode"": ""frontier"", ""route"": 3, ""step"": 672}, {""distance"": 17.7268, ""mode"": ""frontier"", ""route"": 2, ""step"": 696}]","{""0"": 161.0, ""1"": 216.0, ""10"": 3557.0, ""11"": 9583.0, ""12"": 13345.0, ""13"": 14766.0, ""14"": 21023.0, ""15"": 24154.0, ""16"": 26773.0, ""17"": 34949.0, ""18"": 40297.0, ""19"": 46509.0, ""2"": 481.0, ""20"": 58517.0, ""21"": 64386.0, ""22"": 75745.0, ""23"": 83861.0, ""24"": 98084.0, ""25"": 104955.0, ""26"": 115695.0, ""27"": 122586.0, ""28"": 127284.0, ""3"": 715.0, ""4"": 447.0, ""5"": 540.0, ""6"": 1541.0, ""7"": 462.0, ""8"": 887.0, ""9"": 709.0}","{""BUILD_PASTURE"": 14, ""CARE"": 311, ""COLLECT_FERTILIZER"": 326, ""DIG"": 34, ""DROP"": 95, ""EAST"": 791, ""FEED"": 324, ""FERTILIZE"": 90, ""HARVEST"": 302, ""NORTH"": 1223, ""PASS"": 495, ""PICKUP"": 367, ""PLACE"": 21, ""PLANT"": 99, ""SOUTH"": 917, ""WATER"": 791, ""WEST"": 1078}","{""BUY_ANIMAL"": 14, ""BUY_LAND"": 2, ""BUY_PRODUCT"": 324, ""BUY_SEED"": 51, ""HIRE"": 304, ""SELL"": 362}","{""BUY_ANIMAL:COW"": 8, ""BUY_ANIMAL:SHEEP"": 6, ""BUY_PRODUCT:WHEAT"": 1056, ""BUY_SEED:MELON"": 21, ""BUY_SEED:STRAWBERRY"": 44, ""BUY_SEED:WHEAT"": 34, ""SELL:FERTILIZER"": 233, ""SELL:MELON"": 119, ""SELL:MILK"": 230, ""SELL:STRAWBERRY"": 291, ""SELL:WHEAT"": 853, ""SELL:WOOL"": 168}",v008_q50,frontier
42,0,117636.0,117945.0,-309.0,loss,DONE,DONE,1,719,0,0,0.9064,1.55503,1.939960000000001,2.237,4.1605959000007715,2,1,"[{""distance"": 0.0, ""mode"": ""frontier"", ""route"": 6, ""step"": 0}, {""distance"": 0.0, ""mode"": ""frontier"", ""route"": 6, ""step"": 24}, {""distance"": 0.0, ""mode"": ""frontier"", ""route"": 6, ""step"": 48}, {""distance"": 0.0, ""mode"": ""frontier"", ""route"": 6, ""step"": 72}, {""distance"": 0.16020000000000015, ""mode"": ""frontier"", ""route"": 5, ""step"": 96}, {""distance"": 1.7804000000000002, ""mode"": ""frontier"", ""route"": 5, ""step"": 120}, {""distance"": 1.9222, ""mode"": ""frontier"", ""route"": 5, ""step"": 144}, {""distance"": 2.2008, ""mode"": ""frontier"", ""route"": 5, ""step"": 168}, {""distance"": 0.9204000000000002, ""mode"": ""frontier"", ""route"": 5, ""step"": 192}, {""distance"": 3.9417999999999997, ""mode"": ""frontier"", ""route"": 5, ""step"": 216}, {""distance"": 2.4828000000000006, ""mode"": ""frontier"", ""route"": 5, ""step"": 240}, {""distance"": 12.4446, ""mode"": ""frontier"", ""route"": 5, ""step"": 264}, {""distance"": 9.5452, ""mode"": ""frontier"", ""route"": 5, ""step"": 288}, {""distance"": 6.243399999999999, ""mode"": ""frontier"", ""route"": 5, ""step"": 312}, {""distance"": 6.8332, ""mode"": ""frontier"", ""route"": 5, ""step"": 336}, {""distance"": 11.912600000000001, ""mode"": ""frontier"", ""route"": 2, ""step"": 360}, {""distance"": 9.412600000000001, ""mode"": ""frontier"", ""route"": 0, ""step"": 384}, {""distance"": 11.588399999999998, ""mode"": ""frontier"", ""route"": 2, ""step"": 408}, {""distance"": 12.3062, ""mode"": ""frontier"", ""route"": 2, ""step"": 432}, {""distance"": 11.1026, ""mode"": ""frontier"", ""route"": 1, ""step"": 456}, {""distance"": 12.514399999999998, ""mode"": ""frontier"", ""route"": 1, ""step"": 480}, {""distance"": 12.054800000000002, ""mode"": ""frontier"", ""route"": 1, ""step"": 504}, {""distance"": 16.6178, ""mode"": ""frontier"", ""route"": 6, ""step"": 528}, {""distance"": 16.239200000000004, ""mode"": ""frontier"", ""route"": 6, ""step"": 552}, {""distance"": 14.986600000000003, ""mode"": ""frontier"", ""route"": 6, ""step"": 576}, {""distance"": 16.738, ""mode"": ""frontier"", ""route"": 1, ""step"": 600}, {""distance"": 13.781199999999998, ""mode"": ""frontier"", ""route"": 1, ""step"": 624}, {""distance"": 16.126, ""mode"": ""frontier"", ""route"": 1, ""step"": 648}, {""distance"": 18.7318, ""mode"": ""frontier"", ""route"": 1, ""step"": 672}, {""distance"": 15.871999999999998, ""mode"": ""frontier"", ""route"": 1, ""step"": 696}]","{""0"": 161.0, ""1"": 216.0, ""10"": 3198.0, ""11"": 9131.0, ""12"": 12755.0, ""13"": 13752.0, ""14"": 21115.0, ""15"": 24619.0, ""16"": 26815.0, ""17"": 34282.0, ""18"": 39742.0, ""19"": 43959.0, ""2"": 481.0, ""20"": 52867.0, ""21"": 58484.0, ""22"": 66945.0, ""23"": 74522.0, ""24"": 86184.0, ""25"": 92401.0, ""26"": 101183.0, ""27"": 106400.0, ""28"": 108410.0, ""3"": 715.0, ""4"": 447.0, ""5"": 540.0, ""6"": 1543.0, ""7"": 466.0, ""8"": 539.0, ""9"": 401.0}","{""BUILD_PASTURE"": 14, ""CARE"": 311, ""COLLECT_FERTILIZER"": 326, ""DIG"": 34, ""DROP"": 95, ""EAST"": 791, ""FEED"": 324, ""FERTILIZE"": 90, ""HARVEST"": 302, ""NORTH"": 1223, ""PASS"": 495, ""PICKUP"": 367, ""PLACE"": 21, ""PLANT"": 99, ""SOUTH"": 917, ""WATER"": 791, ""WEST"": 1078}","{""BUY_ANIMAL"": 14, ""BUY_LAND"": 2, ""BUY_PRODUCT"": 324, ""BUY_SEED"": 51, ""HIRE"": 304, ""SELL"": 362}","{""BUY_ANIMAL:COW"": 8, ""BUY_ANIMAL:SHEEP"": 6, ""BUY_PRODUCT:WHEAT"": 1056, ""BUY_SEED:MELON"": 21, ""BUY_SEED:STRAWBERRY"": 44, ""BUY_SEED:WHEAT"": 34, ""SELL:FERTILIZER"": 234, ""SELL:MELON"": 119, ""SELL:MILK"": 230, ""SELL:STRAWBERRY"": 291, ""SELL:WHEAT"": 853, ""SELL:WOOL"": 168}",v008_q50,frontier
42,1,117932.0,117649.0,283.0,win,DONE,DONE,1,719,0,0,0.9036,1.52525,1.7885680000000024,2.0422,4.371220000000903,2,1,"[{""distance"": 0.0, ""mode"": ""frontier"", ""route"": 6, ""step"": 0}, {""distance"": 0.0, ""mode"": ""frontier"", ""route"": 6, ""step"": 24}, {""distance"": 0.0, ""mode"": ""frontier"", ""route"": 6, ""step"": 48}, {""distance"": 0.0, ""mode"": ""frontier"", ""route"": 6, ""step"": 72}, {""distance"": 0.16020000000000015, ""mode"": ""frontier"", ""route"": 5, ""step"": 96}, {""distance"": 1.7804000000000002, ""mode"": ""frontier"", ""route"": 5, ""step"": 120}, {""distance"": 1.9222, ""mode"": ""frontier"", ""route"": 5, ""step"": 144}, {""distance"": 2.2008, ""mode"": ""frontier"", ""route"": 5, ""step"": 168}, {""distance"": 0.9204000000000002, ""mode"": ""frontier"", ""route"": 5, ""step"": 192}, {""distance"": 3.9417999999999997, ""mode"": ""frontier"", ""route"": 5, ""step"": 216}, {""distance"": 2.4828000000000006, ""mode"": ""frontier"", ""route"": 5, ""step"": 240}, {""distance"": 10.9446, ""mode"": ""frontier"", ""route"": 5, ""step"": 264}, {""distance"": 9.5452, ""mode"": ""frontier"", ""route"": 5, ""step"": 288}, {""distance"": 6.243399999999999, ""mode"": ""frontier"", ""route"": 5, ""step"": 312}, {""distance"": 6.8332, ""mode"": ""frontier"", ""route"": 5, ""step"": 336}, {""distance"": 11.912600000000001, ""mode"": ""frontier"", ""route"": 2, ""step"": 360}, {""distance"": 9.412600000000001, ""mode"": ""frontier"", ""route"": 0, ""step"": 384}, {""distance"": 11.588399999999998, ""mode"": ""frontier"", ""route"": 2, ""step"": 408}, {""distance"": 12.3062, ""mode"": ""frontier"", ""route"": 2, ""step"": 432}, {""distance"": 11.1026, ""mode"": ""frontier"", ""route"": 1, ""step"": 456}, {""distance"": 13.014399999999998, ""mode"": ""frontier"", ""route"": 1, ""step"": 480}, {""distance"": 12.054800000000002, ""mode"": ""frontier"", ""route"": 1, ""step"": 504}, {""distance"": 16.6178, ""mode"": ""frontier"", ""route"": 6, ""step"": 528}, {""distance"": 16.476, ""mode"": ""frontier"", ""route"": 5, ""step"": 552}, {""distance"": 14.8866, ""mode"": ""frontier"", ""route"": 6, ""step"": 576}, {""distance"": 16.705000000000002, ""mode"": ""frontier"", ""route"": 1, ""step"": 600}, {""distance"": 13.820599999999999, ""mode"": ""frontier"", ""route"": 1, ""step"": 624}, {""distance"": 15.7654, ""mode"": ""frontier"", ""route"": 1, ""step"": 648}, {""distance"": 17.685200000000002, ""mode"": ""frontier"", ""route"": 1, ""step"": 672}, {""distance"": 16.825399999999995, ""mode"": ""frontier"", ""route"": 1, ""step"": 696}]","{""0"": 161.0, ""1"": 216.0, ""10"": 3198.0, ""11"": 9131.0, ""12"": 12755.0, ""13"": 13752.0, ""14"": 21115.0, ""15"": 24619.0, ""16"": 26815.0, ""17"": 34282.0, ""18"": 39742.0, ""19"": 43959.0, ""2"": 481.0, ""20"": 52867.0, ""21"": 58484.0, ""22"": 66945.0, ""23"": 74522.0, ""24"": 85849.0, ""25"": 92704.0, ""26"": 101486.0, ""27"": 106633.0, ""28"": 108643.0, ""3"": 715.0, ""4"": 447.0, ""5"": 540.0, ""6"": 1543.0, ""7"": 466.0, ""8"": 539.0, ""9"": 401.0}","{""BUILD_PASTURE"": 14, ""CARE"": 311, ""COLLECT_FERTILIZER"": 326, ""DIG"": 34, ""DROP"": 95, ""EAST"": 791, ""FEED"": 324, ""FERTILIZE"": 90, ""HARVEST"": 302, ""NORTH"": 1223, ""PASS"": 495, ""PICKUP"": 367, ""PLACE"": 21, ""PLANT"": 99, ""SOUTH"": 917, ""WATER"": 791, ""WEST"": 1078}","{""BUY_ANIMAL"": 14, ""BUY_LAND"": 2, ""BUY_PRODUCT"": 324, ""BUY_SEED"": 51, ""HIRE"": 304, ""SELL"": 362}","{""BUY_ANIMAL:COW"": 8, ""BUY_ANIMAL:SHEEP"": 6, ""BUY_PRODUCT:WHEAT"": 1056, ""BUY_SEED:MELON"": 21, ""BUY_SEED:STRAWBERRY"": 44, ""BUY_SEED:WHEAT"": 34, ""SELL:FERTILIZER"": 234, ""SELL:MELON"": 119, ""SELL:MILK"": 230, ""SELL:STRAWBERRY"": 291, ""SELL:WHEAT"": 853, ""SELL:WOOL"": 168}",v008_q50,frontier
2026,0,95841.0,93780.0,2061.0,win,DONE,DONE,1,719,0,0,0.9024,1.55477,1.782636000000001,1.9985,4.243600300018443,2,1,"[{""distance"": 0.0, ""mode"": ""frontier"", ""route"": 6, ""step"": 0}, {""distance"": 0.0, ""mode"": ""frontier"", ""route"": 6, ""step"": 24}, {""distance"": 0.0, ""mode"": ""frontier"", ""route"": 6, ""step"": 48}, {""distance"": 0.0, ""mode"": ""frontier"", ""route"": 6, ""step"": 72}, {""distance"": 0.16020000000000015, ""mode"": ""frontier"", ""route"": 5, ""step"": 96}, {""distance"": 1.7804000000000002, ""mode"": ""frontier"", ""route"": 5, ""step"": 120}, {""distance"": 1.9222, ""mode"": ""frontier"", ""route"": 5, ""step"": 144}, {""distance"": 2.1406, ""mode"": ""frontier"", ""route"": 5, ""step"": 168}, {""distance"": 0.7614000000000001, ""mode"": ""frontier"", ""route"": 5, ""step"": 192}, {""distance"": 3.7438, ""mode"": ""frontier"", ""route"": 5, ""step"": 216}, {""distance"": 1.8276, ""mode"": ""frontier"", ""route"": 5, ""step"": 240}, {""distance"": 10.5196, ""mode"": ""frontier"", ""route"": 5, ""step"": 264}, {""distance"": 7.8068, ""mode"": ""frontier"", ""route"": 5, ""step"": 288}, {""distance"": 3.898399999999999, ""mode"": ""frontier"", ""route"": 5, ""step"": 312}, {""distance"": 5.504999999999999, ""mode"": ""frontier"", ""route"": 5, ""step"": 336}, {""distance"": 11.553, ""mode"": ""frontier"", ""route"": 4, ""step"": 360}, {""distance"": 9.968, ""mode"": ""frontier"", ""route"": 4, ""step"": 384}, {""distance"": 10.988399999999999, ""mode"": ""frontier"", ""route"": 4, ""step"": 408}, {""distance"": 10.643799999999999, ""mode"": ""frontier"", ""route"": 4, ""step"": 432}, {""distance"": 9.898, ""mode"": ""frontier"", ""route"": 4, ""step"": 456}, {""distance"": 12.000000000000002, ""mode"": ""frontier"", ""route"": 4, ""step"": 480}, {""distance"": 10.598200000000002, ""mode"": ""frontier"", ""route"": 4, ""step"": 504}, {""distance"": 15.5794, ""mode"": ""frontier"", ""route"": 5, ""step"": 528}, {""distance"": 15.3204, ""mode"": ""frontier"", ""route"": 5, ""step"": 552}, {""distance"": 15.985600000000002, ""mode"": ""frontier"", ""route"": 4, ""step"": 576}, {""distance"": 16.5506, ""mode"": ""frontier"", ""route"": 5, ""step"": 600}, {""distance"": 12.215399999999999, ""mode"": ""frontier"", ""route"": 5, ""step"": 624}, {""distance"": 16.3986, ""mode"": ""frontier"", ""route"": 5, ""step"": 648}, {""distance"": 18.439999999999998, ""mode"": ""frontier"", ""route"": 5, ""step"": 672}, {""distance"": 17.775000000000002, ""mode"": ""frontier"", ""route"": 5, ""step"": 696}]","{""0"": 161.0, ""1"": 216.0, ""10"": 3123.0, ""11"": 8923.0, ""12"": 12424.0, ""13"": 13405.0, ""14"": 18924.0, ""15"": 21657.0, ""16"": 23016.0, ""17"": 26836.0, ""18"": 30388.0, ""19"": 34527.0, ""2"": 481.0, ""20"": 40733.0, ""21"": 43908.0, ""22"": 52038.0, ""23"": 58607.0, ""24"": 68117.0, ""25"": 74942.0, ""26"": 81819.0, ""27"": 86494.0, ""28"": 87881.0, ""3"": 715.0, ""4"": 447.0, ""5"": 540.0, ""6"": 1541.0, ""7"": 461.0, ""8"": 529.0, ""9"": 349.0}","{""BUILD_PASTURE"": 14, ""CARE"": 311, ""COLLECT_FERTILIZER"": 326, ""DIG"": 34, ""DROP"": 95, ""EAST"": 791, ""FEED"": 324, ""FERTILIZE"": 90, ""HARVEST"": 302, ""NORTH"": 1223, ""PASS"": 495, ""PICKUP"": 367, ""PLACE"": 21, ""PLANT"": 99, ""SOUTH"": 917, ""WATER"": 791, ""WEST"": 1078}","{""BUY_ANIMAL"": 14, ""BUY_LAND"": 2, ""BUY_PRODUCT"": 324, ""BUY_SEED"": 51, ""HIRE"": 304, ""SELL"": 361}","{""BUY_ANIMAL:COW"": 8, ""BUY_ANIMAL:SHEEP"": 6, ""BUY_PRODUCT:WHEAT"": 1056, ""BUY_SEED:MELON"": 21, ""BUY_SEED:STRAWBERRY"": 44, ""BUY_SEED:WHEAT"": 34, ""SELL:FERTILIZER"": 232, ""SELL:MELON"": 119, ""SELL:MILK"": 230, ""SELL:STRAWBERRY"": 291, ""SELL:WHEAT"": 853, ""SELL:WOOL"": 168}",v008_q50,frontier
2026,1,93764.0,95875.0,-2111.0,loss,DONE,DONE,1,719,0,0,0.9376,1.5987300000000002,1.8229880000000014,2.3301,4.329388299986022,2,1,"[{""distance"": 0.0, ""mode"": ""frontier"", ""route"": 6, ""step"": 0}, {""distance"": 0.0, ""mode"": ""frontier"", ""route"": 6, ""step"": 24}, {""distance"": 0.0, ""mode"": ""frontier"", ""route"": 6, ""step"": 48}, {""distance"": 0.0, ""mode"": ""frontier"", ""route"": 6, ""step"": 72}, {""distance"": 0.16020000000000015, ""mode"": ""frontier"", ""route"": 5, ""step"": 96}, {""distance"": 1.7804000000000002, ""mode"": ""frontier"", ""route"": 5, ""step"": 120}, {""distance"": 1.9222, ""mode"": ""frontier"", ""route"": 5, ""step"": 144}, {""distance"": 2.1406, ""mode"": ""frontier"", ""route"": 5, ""step"": 168}, {""distance"": 0.7614000000000001, ""mode"": ""frontier"", ""route"": 5, ""step"": 192}, {""distance"": 3.7438, ""mode"": ""frontier"", ""route"": 5, ""step"": 216}, {""distance"": 1.8276, ""mode"": ""frontier"", ""route"": 5, ""step"": 240}, {""distance"": 12.0196, ""mode"": ""frontier"", ""route"": 5, ""step"": 264}, {""distance"": 10.306799999999999, ""mode"": ""frontier"", ""route"": 5, ""step"": 288}, {""distance"": 6.398399999999999, ""mode"": ""frontier"", ""route"": 5, ""step"": 312}, {""distance"": 6.804999999999999, ""mode"": ""frontier"", ""route"": 5, ""step"": 336}, {""distance"": 13.635200000000001, ""mode"": ""frontier"", ""route"": 5, ""step"": 360}, {""distance"": 11.768, ""mode"": ""frontier"", ""route"": 4, ""step"": 384}, {""distance"": 12.788399999999998, ""mode"": ""frontier"", ""route"": 4, ""step"": 408}, {""distance"": 12.2438, ""mode"": ""frontier"", ""route"": 4, ""step"": 432}, {""distance"": 11.497999999999998, ""mode"": ""frontier"", ""route"": 4, ""step"": 456}, {""distance"": 13.700000000000003, ""mode"": ""frontier"", ""route"": 4, ""step"": 480}, {""distance"": 13.4982, ""mode"": ""frontier"", ""route"": 4, ""step"": 504}, {""distance"": 19.9794, ""mode"": ""frontier"", ""route"": 5, ""step"": 528}, {""distance"": 19.620400000000004, ""mode"": ""frontier"", ""route"": 5, ""step"": 552}, {""distance"": 20.2536, ""mode"": ""frontier"", ""route"": 5, ""step"": 576}, {""distance"": 18.0394, ""mode"": ""frontier"", ""route"": 5, ""step"": 600}, {""distance"": 12.5042, ""mode"": ""frontier"", ""route"": 5, ""step"": 624}, {""distance"": 16.687399999999997, ""mode"": ""frontier"", ""route"": 5, ""step"": 648}, {""distance"": 18.7412, ""mode"": ""frontier"", ""route"": 5, ""step"": 672}, {""distance"": 17.0762, ""mode"": ""frontier"", ""route"": 5, ""step"": 696}]","{""0"": 161.0, ""1"": 216.0, ""10"": 3123.0, ""11"": 8923.0, ""12"": 12424.0, ""13"": 13405.0, ""14"": 18924.0, ""15"": 21657.0, ""16"": 23016.0, ""17"": 26836.0, ""18"": 30388.0, ""19"": 34527.0, ""2"": 481.0, ""20"": 40733.0, ""21"": 43908.0, ""22"": 52038.0, ""23"": 58212.0, ""24"": 67375.0, ""25"": 72998.0, ""26"": 79875.0, ""27"": 84488.0, ""28"": 85875.0, ""3"": 715.0, ""4"": 447.0, ""5"": 540.0, ""6"": 1541.0, ""7"": 461.0, ""8"": 529.0, ""9"": 349.0}","{""BUILD_PASTURE"": 14, ""CARE"": 311, ""COLLECT_FERTILIZER"": 326, ""DIG"": 34, ""DROP"": 95, ""EAST"": 791, ""FEED"": 324, ""FERTILIZE"": 90, ""HARVEST"": 302, ""NORTH"": 1223, ""PASS"": 495, ""PICKUP"": 367, ""PLACE"": 21, ""PLANT"": 99, ""SOUTH"": 917, ""WATER"": 791, ""WEST"": 1078}","{""BUY_ANIMAL"": 14, ""BUY_LAND"": 2, ""BUY_PRODUCT"": 324, ""BUY_SEED"": 51, ""HIRE"": 304, ""SELL"": 362}","{""BUY_ANIMAL:COW"": 8, ""BUY_ANIMAL:SHEEP"": 6, ""BUY_PRODUCT:WHEAT"": 1056, ""BUY_SEED:MELON"": 21, ""BUY_SEED:STRAWBERRY"": 44, ""BUY_SEED:WHEAT"": 34, ""SELL:FERTILIZER"": 234, ""SELL:MELON"": 119, ""SELL:MILK"": 230, ""SELL:STRAWBERRY"": 291, ""SELL:WHEAT"": 853, ""SELL:WOOL"": 168}",v008_q50,frontier
17,0,169823.0,3495.0,166328.0,win,DONE,DONE,1,719,0,0,0.9097,1.5449000000000002,1.8019580000000006,2.0027,2.9302365999901667,2,1,"[{""distance"": 0.0, ""mode"": ""frontier"", ""route"": 6, ""step"": 0}, {""distance"": 16.0432, ""mode"": ""frontier"", ""route"": 1, ""step"": 24}, {""distance"": 16.5634, ""mode"": ""frontier"", ""route"": 0, ""step"": 48}, {""distance"": 19.209000000000003, ""mode"": ""frontier"", ""route"": 2, ""step"": 72}, {""distance"": 23.511599999999998, ""mode"": ""frontier"", ""route"": 4, ""step"": 96}, {""distance"": 24.560599999999997, ""mode"": ""frontier"", ""route"": 7, ""step"": 120}, {""distance"": 30.651999999999997, ""mode"": ""frontier"", ""route"": 4, ""step"": 144}, {""distance"": 33.5356, ""mode"": ""frontier"", ""route"": 3, ""step"": 168}, {""distance"": 38.1338, ""mode"": ""frontier"", ""route"": 1, ""step"": 192}, {""distance"": 45.1406, ""mode"": ""frontier"", ""route"": 1, ""step"": 216}, {""distance"": 51.9566, ""mode"": ""frontier"", ""route"": 1, ""step"": 240}, {""distance"": 50.549, ""mode"": ""frontier"", ""route"": 1, ""step"": 264}, {""distance"": 69.0326, ""mode"": ""frontier"", ""route"": 1, ""step"": 288}, {""distance"": 78.0064, ""mode"": ""frontier"", ""route"": 1, ""step"": 312}, {""distance"": 84.8716, ""mode"": ""frontier"", ""route"": 3, ""step"": 336}, {""distance"": 87.14059999999999, ""mode"": ""frontier"", ""route"": 1, ""step"": 360}, {""distance"": 91.943, ""mode"": ""frontier"", ""route"": 1, ""step"": 384}, {""distance"": 95.843, ""mode"": ""frontier"", ""route"": 1, ""step"": 408}, {""distance"": 96.775, ""mode"": ""frontier"", ""route"": 5, ""step"": 432}, {""distance"": 98.14800000000001, ""mode"": ""frontier"", ""route"": 1, ""step"": 456}, {""distance"": 99.7564, ""mode"": ""frontier"", ""route"": 1, ""step"": 480}, {""distance"": 93.48899999999999, ""mode"": ""frontier"", ""route"": 1, ""step"": 504}, {""distance"": 85.8494, ""mode"": ""frontier"", ""route"": 1, ""step"": 528}, {""distance"": 86.5476, ""mode"": ""frontier"", ""route"": 3, ""step"": 552}, {""distance"": 88.1206, ""mode"": ""frontier"", ""route"": 2, ""step"": 576}, {""distance"": 84.9932, ""mode"": ""frontier"", ""route"": 2, ""step"": 600}, {""distance"": 86.9614, ""mode"": ""frontier"", ""route"": 2, ""step"": 624}, {""distance"": 83.503, ""mode"": ""frontier"", ""route"": 2, ""step"": 648}, {""distance"": 83.1634, ""mode"": ""frontier"", ""route"": 2, ""step"": 672}, {""distance"": 79.0922, ""mode"": ""frontier"", ""route"": 2, ""step"": 696}]","{""0"": 176.0, ""1"": 237.0, ""10"": 3669.0, ""11"": 8815.0, ""12"": 12997.0, ""13"": 14604.0, ""14"": 22497.0, ""15"": 25834.0, ""16"": 29038.0, ""17"": 37671.0, ""18"": 43695.0, ""19"": 50213.0, ""2"": 513.0, ""20"": 62386.0, ""21"": 69382.0, ""22"": 81941.0, ""23"": 90891.0, ""24"": 105111.0, ""25"": 115879.0, ""26"": 129902.0, ""27"": 143336.0, ""28"": 151813.0, ""3"": 760.0, ""4"": 499.0, ""5"": 581.0, ""6"": 1522.0, ""7"": 389.0, ""8"": 707.0, ""9"": 497.0}","{""BUILD_PASTURE"": 14, ""CARE"": 311, ""COLLECT_FERTILIZER"": 326, ""DIG"": 34, ""DROP"": 95, ""EAST"": 791, ""FEED"": 324, ""FERTILIZE"": 90, ""HARVEST"": 302, ""NORTH"": 1223, ""PASS"": 495, ""PICKUP"": 367, ""PLACE"": 21, ""PLANT"": 99, ""SOUTH"": 917, ""WATER"": 791, ""WEST"": 1078}","{""BUY_ANIMAL"": 14, ""BUY_LAND"": 2, ""BUY_PRODUCT"": 324, ""BUY_SEED"": 51, ""HIRE"": 304, ""SELL"": 362}","{""BUY_ANIMAL:COW"": 8, ""BUY_ANIMAL:SHEEP"": 6, ""BUY_PRODUCT:WHEAT"": 1056, ""BUY_SEED:MELON"": 21, ""BUY_SEED:STRAWBERRY"": 44, ""BUY_SEED:WHEAT"": 34, ""SELL:FERTILIZER"": 232, ""SELL:MELON"": 119, ""SELL:MILK"": 230, ""SELL:STRAWBERRY"": 291, ""SELL:WHEAT"": 877, ""SELL:WOOL"": 168}",v008_q75,starter
17,1,184700.0,3489.0,181211.0,win,DONE,DONE,1,719,0,0,0.9006,1.5391599999999999,1.8084060000000006,2.2408,3.119508500007214,2,1,"[{""distance"": 0.0, ""mode"": ""frontier"", ""route"": 6, ""step"": 0}, {""distance"": 16.0432, ""mode"": ""frontier"", ""route"": 1, ""step"": 24}, {""distance"": 17.0634, ""mode"": ""frontier"", ""route"": 0, ""step"": 48}, {""distance"": 18.209000000000003, ""mode"": ""frontier"", ""route"": 1, ""step"": 72}, {""distance"": 22.511599999999998, ""mode"": ""frontier"", ""route"": 4, ""step"": 96}, {""distance"": 24.493, ""mode"": ""frontier"", ""route"": 4, ""step"": 120}, {""distance"": 27.052, ""mode"": ""frontier"", ""route"": 4, ""step"": 144}, {""distance"": 29.215, ""mode"": ""frontier"", ""route"": 3, ""step"": 168}, {""distance"": 33.642399999999995, ""mode"": ""frontier"", ""route"": 3, ""step"": 192}, {""distance"": 40.3916, ""mode"": ""frontier"", ""route"": 3, ""step"": 216}, {""distance"": 47.0422, ""mode"": ""frontier"", ""route"": 1, ""step"": 240}, {""distance"": 44.3098, ""mode"": ""frontier"", ""route"": 1, ""step"": 264}, {""distance"": 64.3564, ""mode"": ""frontier"", ""route"": 1, ""step"": 288}, {""distance"": 72.8578, ""mode"": ""frontier"", ""route"": 1, ""step"": 312}, {""distance"": 79.0218, ""mode"": ""frontier"", ""route"": 1, ""step"": 336}, {""distance"": 81.5924, ""mode"": ""frontier"", ""route"": 1, ""step"": 360}, {""distance"": 87.443, ""mode"": ""frontier"", ""route"": 1, ""step"": 384}, {""distance"": 90.4274, ""mode"": ""frontier"", ""route"": 1, ""step"": 408}, {""distance"": 91.7972, ""mode"": ""frontier"", ""route"": 5, ""step"": 432}, {""distance"": 92.66460000000001, ""mode"": ""frontier"", ""route"": 5, ""step"": 456}, {""distance"": 94.2958, ""mode"": ""frontier"", ""route"": 3, ""step"": 480}, {""distance"": 88.5802, ""mode"": ""frontier"", ""route"": 3, ""step"": 504}, {""distance"": 80.532, ""mode"": ""frontier"", ""route"": 3, ""step"": 528}, {""distance"": 80.9298, ""mode"": ""frontier"", ""route"": 3, ""step"": 552}, {""distance"": 81.3036, ""mode"": ""frontier"", ""route"": 2, ""step"": 576}, {""distance"": 80.08940000000001, ""mode"": ""frontier"", ""route"": 2, ""step"": 600}, {""distance"": 81.1678, ""mode"": ""frontier"", ""route"": 2, ""step"": 624}, {""distance"": 79.7182, ""mode"": ""frontier"", ""route"": 2, ""step"": 648}, {""distance"": 79.11659999999999, ""mode"": ""frontier"", ""route"": 2, ""step"": 672}, {""distance"": 74.4632, ""mode"": ""frontier"", ""route"": 2, ""step"": 696}]","{""0"": 176.0, ""1"": 237.0, ""10"": 3973.0, ""11"": 10462.0, ""12"": 14628.0, ""13"": 16269.0, ""14"": 24056.0, ""15"": 28234.0, ""16"": 31460.0, ""17"": 40882.0, ""18"": 46901.0, ""19"": 53794.0, ""2"": 513.0, ""20"": 67074.0, ""21"": 73710.0, ""22"": 87352.0, ""23"": 96991.0, ""24"": 115210.0, ""25"": 126511.0, ""26"": 142980.0, ""27"": 157031.0, ""28"": 166168.0, ""3"": 760.0, ""4"": 499.0, ""5"": 581.0, ""6"": 1620.0, ""7"": 582.0, ""8"": 904.0, ""9"": 791.0}","{""BUILD_PASTURE"": 14, ""CARE"": 311, ""COLLECT_FERTILIZER"": 326, ""DIG"": 34, ""DROP"": 95, ""EAST"": 791, ""FEED"": 324, ""FERTILIZE"": 90, ""HARVEST"": 302, ""NORTH"": 1223, ""PASS"": 495, ""PICKUP"": 367, ""PLACE"": 21, ""PLANT"": 99, ""SOUTH"": 917, ""WATER"": 791, ""WEST"": 1078}","{""BUY_ANIMAL"": 14, ""BUY_LAND"": 2, ""BUY_PRODUCT"": 324, ""BUY_SEED"": 51, ""HIRE"": 304, ""SELL"": 361}","{""BUY_ANIMAL:COW"": 8, ""BUY_ANIMAL:SHEEP"": 6, ""BUY_PRODUCT:WHEAT"": 1056, ""BUY_SEED:MELON"": 21, ""BUY_SEED:STRAWBERRY"": 44, ""BUY_SEED:WHEAT"": 34, ""SELL:FERTILIZER"": 232, ""SELL:MELON"": 119, ""SELL:MILK"": 230, ""SELL:STRAWBERRY"": 291, ""SELL:WHEAT"": 853, ""SELL:WOOL"": 168}",v008_q75,starter
42,0,193571.0,3504.0,190067.0,win,DONE,DONE,1,719,0,0,0.9199,1.6092900000000003,1.955220000000003,2.7656,3.1998087000101805,2,1,"[{""distance"": 0.0, ""mode"": ""frontier"", ""route"": 6, ""step"": 0}, {""distance"": 16.0432, ""mode"": ""frontier"", ""route"": 1, ""step"": 24}, {""distance"": 17.0634, ""mode"": ""frontier"", ""route"": 0, ""step"": 48}, {""distance"": 18.209000000000003, ""mode"": ""frontier"", ""route"": 1, ""step"": 72}, {""distance"": 22.512, ""mode"": ""frontier"", ""route"": 2, ""step"": 96}, {""distance"": 24.513399999999997, ""mode"": ""frontier"", ""route"": 2, ""step"": 120}, {""distance"": 27.0294, ""mode"": ""frontier"", ""route"": 2, ""step"": 144}, {""distance"": 29.0148, ""mode"": ""frontier"", ""route"": 3, ""step"": 168}, {""distance"": 33.5216, ""mode"": ""frontier"", ""route"": 3, ""step"": 192}, {""distance"": 40.309799999999996, ""mode"": ""frontier"", ""route"": 3, ""step"": 216}, {""distance"": 47.2594, ""mode"": ""frontier"", ""route"": 1, ""step"": 240}, {""distance"": 45.5952, ""mode"": ""frontier"", ""route"": 3, ""step"": 264}, {""distance"": 65.7304, ""mode"": ""frontier"", ""route"": 1, ""step"": 288}, {""distance"": 72.5784, ""mode"": ""frontier"", ""route"": 3, ""step"": 312}, {""distance"": 78.02959999999999, ""mode"": ""frontier"", ""route"": 3, ""step"": 336}, {""distance"": 81.94439999999999, ""mode"": ""frontier"", ""route"": 3, ""step"": 360}, {""distance"": 88.32679999999999, ""mode"": ""frontier"", ""route"": 3, ""step"": 384}, {""distance"": 91.7174, ""mode"": ""frontier"", ""route"": 1, ""step"": 408}, {""distance"": 93.494, ""mode"": ""frontier"", ""route"": 1, ""step"": 432}, {""distance"": 95.028, ""mode"": ""frontier"", ""route"": 1, ""step"": 456}, {""distance"": 94.3776, ""mode"": ""frontier"", ""route"": 3, ""step"": 480}, {""distance"": 88.46780000000001, ""mode"": ""frontier"", ""route"": 3, ""step"": 504}, {""distance"": 80.4466, ""mode"": ""frontier"", ""route"": 3, ""step"": 528}, {""distance"": 81.56580000000001, ""mode"": ""frontier"", ""route"": 3, ""step"": 552}, {""distance"": 84.6588, ""mode"": ""frontier"", ""route"": 3, ""step"": 576}, {""distance"": 84.3026, ""mode"": ""frontier"", ""route"": 2, ""step"": 600}, {""distance"": 83.08480000000002, ""mode"": ""frontier"", ""route"": 3, ""step"": 624}, {""distance"": 82.2238, ""mode"": ""frontier"", ""route"": 3, ""step"": 648}, {""distance"": 81.316, ""mode"": ""frontier"", ""route"": 3, ""step"": 672}, {""distance"": 77.4314, ""mode"": ""frontier"", ""route"": 2, ""step"": 696}]","{""0"": 176.0, ""1"": 237.0, ""10"": 3948.0, ""11"": 10432.0, ""12"": 14593.0, ""13"": 16194.0, ""14"": 23928.0, ""15"": 28201.0, ""16"": 31410.0, ""17"": 41287.0, ""18"": 48095.0, ""19"": 55203.0, ""2"": 513.0, ""20"": 69412.0, ""21"": 77111.0, ""22"": 91437.0, ""23"": 102104.0, ""24"": 121776.0, ""25"": 133251.0, ""26"": 150555.0, ""27"": 165328.0, ""28"": 174813.0, ""3"": 760.0, ""4"": 499.0, ""5"": 581.0, ""6"": 1618.0, ""7"": 578.0, ""8"": 895.0, ""9"": 777.0}","{""BUILD_PASTURE"": 14, ""CARE"": 311, ""COLLECT_FERTILIZER"": 326, ""DIG"": 34, ""DROP"": 95, ""EAST"": 791, ""FEED"": 324, ""FERTILIZE"": 90, ""HARVEST"": 302, ""NORTH"": 1223, ""PASS"": 495, ""PICKUP"": 367, ""PLACE"": 21, ""PLANT"": 99, ""SOUTH"": 917, ""WATER"": 791, ""WEST"": 1078}","{""BUY_ANIMAL"": 14, ""BUY_LAND"": 2, ""BUY_PRODUCT"": 324, ""BUY_SEED"": 51, ""HIRE"": 304, ""SELL"": 362}","{""BUY_ANIMAL:COW"": 8, ""BUY_ANIMAL:SHEEP"": 6, ""BUY_PRODUCT:WHEAT"": 1056, ""BUY_SEED:MELON"": 21, ""BUY_SEED:STRAWBERRY"": 44, ""BUY_SEED:WHEAT"": 34, ""SELL:FERTILIZER"": 234, ""SELL:MELON"": 119, ""SELL:MILK"": 230, ""SELL:STRAWBERRY"": 291, ""SELL:WHEAT"": 853, ""SELL:WOOL"": 168}",v008_q75,starter
42,1,193571.0,3504.0,190067.0,win,DONE,DONE,1,719,0,0,0.9204,1.56535,1.8239000000000007,2.373,3.0026207999908365,2,1,"[{""distance"": 0.0, ""mode"": ""frontier"", ""route"": 6, ""step"": 0}, {""distance"": 16.0432, ""mode"": ""frontier"", ""route"": 1, ""step"": 24}, {""distance"": 17.0634, ""mode"": ""frontier"", ""route"": 0, ""step"": 48}, {""distance"": 18.209000000000003, ""mode"": ""frontier"", ""route"": 1, ""step"": 72}, {""distance"": 22.512, ""mode"": ""frontier"", ""route"": 2, ""step"": 96}, {""distance"": 24.513399999999997, ""mode"": ""frontier"", ""route"": 2, ""step"": 120}, {""distance"": 27.0294, ""mode"": ""frontier"", ""route"": 2, ""step"": 144}, {""distance"": 29.0148, ""mode"": ""frontier"", ""route"": 3, ""step"": 168}, {""distance"": 33.5216, ""mode"": ""frontier"", ""route"": 3, ""step"": 192}, {""distance"": 40.309799999999996, ""mode"": ""frontier"", ""route"": 3, ""step"": 216}, {""distance"": 47.2594, ""mode"": ""frontier"", ""route"": 1, ""step"": 240}, {""distance"": 44.5952, ""mode"": ""frontier"", ""route"": 3, ""step"": 264}, {""distance"": 65.7304, ""mode"": ""frontier"", ""route"": 1, ""step"": 288}, {""distance"": 72.5784, ""mode"": ""frontier"", ""route"": 3, ""step"": 312}, {""distance"": 78.02959999999999, ""mode"": ""frontier"", ""route"": 3, ""step"": 336}, {""distance"": 83.44439999999999, ""mode"": ""frontier"", ""route"": 3, ""step"": 360}, {""distance"": 87.32679999999999, ""mode"": ""frontier"", ""route"": 3, ""step"": 384}, {""distance"": 91.77720000000001, ""mode"": ""frontier"", ""route"": 3, ""step"": 408}, {""distance"": 93.494, ""mode"": ""frontier"", ""route"": 1, ""step"": 432}, {""distance"": 95.028, ""mode"": ""frontier"", ""route"": 1, ""step"": 456}, {""distance"": 94.3776, ""mode"": ""frontier"", ""route"": 3, ""step"": 480}, {""distance"": 88.46780000000001, ""mode"": ""frontier"", ""route"": 3, ""step"": 504}, {""distance"": 81.4466, ""mode"": ""frontier"", ""route"": 3, ""step"": 528}, {""distance"": 82.06580000000001, ""mode"": ""frontier"", ""route"": 3, ""step"": 552}, {""distance"": 83.1588, ""mode"": ""frontier"", ""route"": 3, ""step"": 576}, {""distance"": 82.9644, ""mode"": ""frontier"", ""route"": 3, ""step"": 600}, {""distance"": 82.08480000000002, ""mode"": ""frontier"", ""route"": 3, ""step"": 624}, {""distance"": 81.2238, ""mode"": ""frontier"", ""route"": 3, ""step"": 648}, {""distance"": 81.316, ""mode"": ""frontier"", ""route"": 3, ""step"": 672}, {""distance"": 77.4314, ""mode"": ""frontier"", ""route"": 2, ""step"": 696}]","{""0"": 176.0, ""1"": 237.0, ""10"": 3948.0, ""11"": 10432.0, ""12"": 14593.0, ""13"": 16194.0, ""14"": 23928.0, ""15"": 28201.0, ""16"": 31410.0, ""17"": 41287.0, ""18"": 48095.0, ""19"": 55203.0, ""2"": 513.0, ""20"": 69412.0, ""21"": 77111.0, ""22"": 91437.0, ""23"": 102104.0, ""24"": 121776.0, ""25"": 133251.0, ""26"": 150555.0, ""27"": 165328.0, ""28"": 174813.0, ""3"": 760.0, ""4"": 499.0, ""5"": 581.0, ""6"": 1618.0, ""7"": 578.0, ""8"": 895.0, ""9"": 777.0}","{""BUILD_PASTURE"": 14, ""CARE"": 311, ""COLLECT_FERTILIZER"": 326, ""DIG"": 34, ""DROP"": 95, ""EAST"": 791, ""FEED"": 324, ""FERTILIZE"": 90, ""HARVEST"": 302, ""NORTH"": 1223, ""PASS"": 495, ""PICKUP"": 367, ""PLACE"": 21, ""PLANT"": 99, ""SOUTH"": 917, ""WATER"": 791, ""WEST"": 1078}","{""BUY_ANIMAL"": 14, ""BUY_LAND"": 2, ""BUY_PRODUCT"": 324, ""BUY_SEED"": 51, ""HIRE"": 304, ""SELL"": 362}","{""BUY_ANIMAL:COW"": 8, ""BUY_ANIMAL:SHEEP"": 6, ""BUY_PRODUCT:WHEAT"": 1056, ""BUY_SEED:MELON"": 21, ""BUY_SEED:STRAWBERRY"": 44, ""BUY_SEED:WHEAT"": 34, ""SELL:FERTILIZER"": 234, ""SELL:MELON"": 119, ""SELL:MILK"": 230, ""SELL:STRAWBERRY"": 291, ""SELL:WHEAT"": 853, ""SELL:WOOL"": 168}",v008_q75,starter
2026,0,177965.0,3507.0,174458.0,win,DONE,DONE,1,719,0,0,0.8782,1.55063,1.8462420000000035,2.3603,3.119801599998027,2,1,"[{""distance"": 0.0, ""mode"": ""frontier"", ""route"": 6, ""step"": 0}, {""distance"": 16.0432, ""mode"": ""frontier"", ""route"": 1, ""step"": 24}, {""distance"": 17.166400000000003, ""mode"": ""frontier"", ""route"": 2, ""step"": 48}, {""distance"": 18.209000000000003, ""mode"": ""frontier"", ""route"": 2, ""step"": 72}, {""distance"": 22.6318, ""mode"": ""frontier"", ""route"": 4, ""step"": 96}, {""distance"": 24.6938, ""mode"": ""frontier"", ""route"": 4, ""step"": 120}, {""distance"": 27.2686, ""mode"": ""frontier"", ""route"": 4, ""step"": 144}, {""distance"": 29.669, ""mode"": ""frontier"", ""route"": 3, ""step"": 168}, {""distance"": 34.178399999999996, ""mode"": ""frontier"", ""route"": 3, ""step"": 192}, {""distance"": 41.473, ""mode"": ""frontier"", ""route"": 3, ""step"": 216}, {""distance"": 48.007, ""mode"": ""frontier"", ""route"": 1, ""step"": 240}, {""distance"": 44.9204, ""mode"": ""frontier"", ""route"": 1, ""step"": 264}, {""distance"": 65.4874, ""mode"": ""frontier"", ""route"": 1, ""step"": 288}, {""distance"": 71.7786, ""mode"": ""frontier"", ""route"": 1, ""step"": 312}, {""distance"": 78.05120000000001, ""mode"": ""frontier"", ""route"": 1, ""step"": 336}, {""distance"": 79.3706, ""mode"": ""frontier"", ""route"": 1, ""step"": 360}, {""distance"": 85.8066, ""mode"": ""frontier"", ""route"": 1, ""step"": 384}, {""distance"": 88.51820000000001, ""mode"": ""frontier"", ""route"": 1, ""step"": 408}, {""distance"": 91.128, ""mode"": ""frontier"", ""route"": 1, ""step"": 432}, {""distance"": 92.64000000000001, ""mode"": ""frontier"", ""route"": 1, ""step"": 456}, {""distance"": 93.2562, ""mode"": ""frontier"", ""route"": 1, ""step"": 480}, {""distance"": 87.514, ""mode"": ""frontier"", ""route"": 1, ""step"": 504}, {""distance"": 78.7894, ""mode"": ""frontier"", ""route"": 1, ""step"": 528}, {""distance"": 79.42360000000001, ""mode"": ""frontier"", ""route"": 2, ""step"": 552}, {""distance"": 80.5522, ""mode"": ""frontier"", ""route"": 2, ""step"": 576}, {""distance"": 79.21360000000001, ""mode"": ""frontier"", ""route"": 2, ""step"": 600}, {""distance"": 78.36900000000001, ""mode"": ""frontier"", ""route"": 2, ""step"": 624}, {""distance"": 76.82459999999999, ""mode"": ""frontier"", ""route"": 2, ""step"": 648}, {""distance"": 77.14099999999999, ""mode"": ""frontier"", ""route"": 2, ""step"": 672}, {""distance"": 70.8592, ""mode"": ""frontier"", ""route"": 2, ""step"": 696}]","{""0"": 176.0, ""1"": 237.0, ""10"": 3726.0, ""11"": 10017.0, ""12"": 13952.0, ""13"": 15108.0, ""14"": 23247.0, ""15"": 27452.0, ""16"": 30314.0, ""17"": 39557.0, ""18"": 45755.0, ""19"": 51612.0, ""2"": 513.0, ""20"": 63811.0, ""21"": 70843.0, ""22"": 83323.0, ""23"": 93023.0, ""24"": 110631.0, ""25"": 122117.0, ""26"": 137968.0, ""27"": 151595.0, ""28"": 159840.0, ""3"": 761.0, ""4"": 503.0, ""5"": 564.0, ""6"": 1691.0, ""7"": 662.0, ""8"": 681.0, ""9"": 645.0}","{""BUILD_PASTURE"": 14, ""CARE"": 311, ""COLLECT_FERTILIZER"": 326, ""DIG"": 34, ""DROP"": 95, ""EAST"": 791, ""FEED"": 324, ""FERTILIZE"": 90, ""HARVEST"": 302, ""NORTH"": 1223, ""PASS"": 495, ""PICKUP"": 367, ""PLACE"": 21, ""PLANT"": 99, ""SOUTH"": 917, ""WATER"": 791, ""WEST"": 1078}","{""BUY_ANIMAL"": 14, ""BUY_LAND"": 2, ""BUY_PRODUCT"": 324, ""BUY_SEED"": 51, ""HIRE"": 304, ""SELL"": 361}","{""BUY_ANIMAL:COW"": 8, ""BUY_ANIMAL:SHEEP"": 6, ""BUY_PRODUCT:WHEAT"": 1056, ""BUY_SEED:MELON"": 21, ""BUY_SEED:STRAWBERRY"": 44, ""BUY_SEED:WHEAT"": 34, ""SELL:FERTILIZER"": 232, ""SELL:MELON"": 119, ""SELL:MILK"": 230, ""SELL:STRAWBERRY"": 291, ""SELL:WHEAT"": 853, ""SELL:WOOL"": 168}",v008_q75,starter
2026,1,179982.0,3507.0,176475.0,win,DONE,DONE,1,719,0,0,0.8988,1.5808600000000002,1.776412000000001,2.5405,3.120284200005699,2,1,"[{""distance"": 0.0, ""mode"": ""frontier"", ""route"": 6, ""step"": 0}, {""distance"": 16.0432, ""mode"": ""frontier"", ""route"": 1, ""step"": 24}, {""distance"": 17.166400000000003, ""mode"": ""frontier"", ""route"": 2, ""step"": 48}, {""distance"": 18.209000000000003, ""mode"": ""frontier"", ""route"": 2, ""step"": 72}, {""distance"": 22.6318, ""mode"": ""frontier"", ""route"": 4, ""step"": 96}, {""distance"": 24.6938, ""mode"": ""frontier"", ""route"": 4, ""step"": 120}, {""distance"": 27.2686, ""mode"": ""frontier"", ""route"": 4, ""step"": 144}, {""distance"": 29.669, ""mode"": ""frontier"", ""route"": 3, ""step"": 168}, {""distance"": 34.178399999999996, ""mode"": ""frontier"", ""route"": 3, ""step"": 192}, {""distance"": 41.473, ""mode"": ""frontier"", ""route"": 3, ""step"": 216}, {""distance"": 48.007, ""mode"": ""frontier"", ""route"": 1, ""step"": 240}, {""distance"": 45.9204, ""mode"": ""frontier"", ""route"": 1, ""step"": 264}, {""distance"": 66.9874, ""mode"": ""frontier"", ""route"": 1, ""step"": 288}, {""distance"": 74.82419999999999, ""mode"": ""frontier"", ""route"": 3, ""step"": 312}, {""distance"": 79.59479999999999, ""mode"": ""frontier"", ""route"": 3, ""step"": 336}, {""distance"": 82.8706, ""mode"": ""frontier"", ""route"": 1, ""step"": 360}, {""distance"": 87.3066, ""mode"": ""frontier"", ""route"": 1, ""step"": 384}, {""distance"": 90.2704, ""mode"": ""frontier"", ""route"": 1, ""step"": 408}, {""distance"": 92.0394, ""mode"": ""frontier"", ""route"": 1, ""step"": 432}, {""distance"": 93.63340000000001, ""mode"": ""frontier"", ""route"": 1, ""step"": 456}, {""distance"": 94.321, ""mode"": ""frontier"", ""route"": 3, ""step"": 480}, {""distance"": 87.6332, ""mode"": ""frontier"", ""route"": 3, ""step"": 504}, {""distance"": 79.5466, ""mode"": ""frontier"", ""route"": 3, ""step"": 528}, {""distance"": 78.90020000000001, ""mode"": ""frontier"", ""route"": 3, ""step"": 552}, {""distance"": 81.2002, ""mode"": ""frontier"", ""route"": 3, ""step"": 576}, {""distance"": 79.8108, ""mode"": ""frontier"", ""route"": 2, ""step"": 600}, {""distance"": 80.42980000000001, ""mode"": ""frontier"", ""route"": 3, ""step"": 624}, {""distance"": 79.12519999999999, ""mode"": ""frontier"", ""route"": 3, ""step"": 648}, {""distance"": 79.04780000000001, ""mode"": ""frontier"", ""route"": 3, ""step"": 672}, {""distance"": 74.64359999999999, ""mode"": ""frontier"", ""route"": 2, ""step"": 696}]","{""0"": 176.0, ""1"": 237.0, ""10"": 3726.0, ""11"": 10017.0, ""12"": 13952.0, ""13"": 15108.0, ""14"": 23247.0, ""15"": 27452.0, ""16"": 30375.0, ""17"": 39814.0, ""18"": 46122.0, ""19"": 52320.0, ""2"": 513.0, ""20"": 65239.0, ""21"": 72472.0, ""22"": 85429.0, ""23"": 94747.0, ""24"": 112717.0, ""25"": 123676.0, ""26"": 139880.0, ""27"": 153690.0, ""28"": 162262.0, ""3"": 761.0, ""4"": 503.0, ""5"": 564.0, ""6"": 1691.0, ""7"": 662.0, ""8"": 681.0, ""9"": 645.0}","{""BUILD_PASTURE"": 14, ""CARE"": 311, ""COLLECT_FERTILIZER"": 326, ""DIG"": 34, ""DROP"": 95, ""EAST"": 791, ""FEED"": 324, ""FERTILIZE"": 90, ""HARVEST"": 302, ""NORTH"": 1223, ""PASS"": 495, ""PICKUP"": 367, ""PLACE"": 21, ""PLANT"": 99, ""SOUTH"": 917, ""WATER"": 791, ""WEST"": 1078}","{""BUY_ANIMAL"": 14, ""BUY_LAND"": 2, ""BUY_PRODUCT"": 324, ""BUY_SEED"": 51, ""HIRE"": 304, ""SELL"": 362}","{""BUY_ANIMAL:COW"": 8, ""BUY_ANIMAL:SHEEP"": 6, ""BUY_PRODUCT:WHEAT"": 1056, ""BUY_SEED:MELON"": 21, ""BUY_SEED:STRAWBERRY"": 44, ""BUY_SEED:WHEAT"": 34, ""SELL:FERTILIZER"": 234, ""SELL:MELON"": 119, ""SELL:MILK"": 230, ""SELL:STRAWBERRY"": 291, ""SELL:WHEAT"": 853, ""SELL:WOOL"": 168}",v008_q75,starter
17,0,179350.0,0.0,179350.0,win,DONE,DONE,1,719,0,0,0.9211,1.581,1.857216000000002,200.6985,3.19350629998371,2,1,"[{""distance"": 0.0, ""mode"": ""frontier"", ""route"": 6, ""step"": 0}, {""distance"": 17.1432, ""mode"": ""frontier"", ""route"": 1, ""step"": 24}, {""distance"": 17.163400000000003, ""mode"": ""frontier"", ""route"": 0, ""step"": 48}, {""distance"": 19.4856, ""mode"": ""frontier"", ""route"": 0, ""step"": 72}, {""distance"": 21.7282, ""mode"": ""frontier"", ""route"": 0, ""step"": 96}, {""distance"": 23.9206, ""mode"": ""frontier"", ""route"": 7, ""step"": 120}, {""distance"": 30.023999999999997, ""mode"": ""frontier"", ""route"": 0, ""step"": 144}, {""distance"": 32.6956, ""mode"": ""frontier"", ""route"": 3, ""step"": 168}, {""distance"": 37.2938, ""mode"": ""frontier"", ""route"": 1, ""step"": 192}, {""distance"": 46.4606, ""mode"": ""frontier"", ""route"": 1, ""step"": 216}, {""distance"": 51.6774, ""mode"": ""frontier"", ""route"": 1, ""step"": 240}, {""distance"": 49.199600000000004, ""mode"": ""frontier"", ""route"": 0, ""step"": 264}, {""distance"": 71.85079999999999, ""mode"": ""frontier"", ""route"": 1, ""step"": 288}, {""distance"": 77.35579999999999, ""mode"": ""frontier"", ""route"": 1, ""step"": 312}, {""distance"": 83.17880000000001, ""mode"": ""frontier"", ""route"": 3, ""step"": 336}, {""distance"": 85.1174, ""mode"": ""frontier"", ""route"": 1, ""step"": 360}, {""distance"": 91.43780000000001, ""mode"": ""frontier"", ""route"": 1, ""step"": 384}, {""distance"": 95.5258, ""mode"": ""frontier"", ""route"": 1, ""step"": 408}, {""distance"": 97.0916, ""mode"": ""frontier"", ""route"": 1, ""step"": 432}, {""distance"": 98.39659999999999, ""mode"": ""frontier"", ""route"": 5, ""step"": 456}, {""distance"": 100.737, ""mode"": ""frontier"", ""route"": 1, ""step"": 480}, {""distance"": 94.4982, ""mode"": ""frontier"", ""route"": 2, ""step"": 504}, {""distance"": 91.0408, ""mode"": ""frontier"", ""route"": 2, ""step"": 528}, {""distance"": 92.792, ""mode"": ""frontier"", ""route"": 3, ""step"": 552}, {""distance"": 94.41479999999999, ""mode"": ""frontier"", ""route"": 2, ""step"": 576}, {""distance"": 92.0344, ""mode"": ""frontier"", ""route"": 2, ""step"": 600}, {""distance"": 93.24419999999999, ""mode"": ""frontier"", ""route"": 2, ""step"": 624}, {""distance"": 90.0496, ""mode"": ""frontier"", ""route"": 2, ""step"": 648}, {""distance"": 90.73620000000001, ""mode"": ""frontier"", ""route"": 6, ""step"": 672}, {""distance"": 86.2312, ""mode"": ""frontier"", ""route"": 2, ""step"": 696}]","{""0"": 176.0, ""1"": 237.0, ""10"": 3630.0, ""11"": 8724.0, ""12"": 12849.0, ""13"": 14355.0, ""14"": 22181.0, ""15"": 25608.0, ""16"": 28752.0, ""17"": 37475.0, ""18"": 43961.0, ""19"": 51016.0, ""2"": 513.0, ""20"": 63909.0, ""21"": 71170.0, ""22"": 84794.0, ""23"": 94586.0, ""24"": 110217.0, ""25"": 122193.0, ""26"": 137006.0, ""27"": 151218.0, ""28"": 160312.0, ""3"": 760.0, ""4"": 499.0, ""5"": 581.0, ""6"": 1522.0, ""7"": 389.0, ""8"": 707.0, ""9"": 493.0}","{""BUILD_PASTURE"": 14, ""CARE"": 311, ""COLLECT_FERTILIZER"": 326, ""DIG"": 34, ""DROP"": 95, ""EAST"": 791, ""FEED"": 324, ""FERTILIZE"": 90, ""HARVEST"": 302, ""NORTH"": 1223, ""PASS"": 495, ""PICKUP"": 367, ""PLACE"": 21, ""PLANT"": 99, ""SOUTH"": 917, ""WATER"": 791, ""WEST"": 1078}","{""BUY_ANIMAL"": 14, ""BUY_LAND"": 2, ""BUY_PRODUCT"": 324, ""BUY_SEED"": 51, ""HIRE"": 304, ""SELL"": 362}","{""BUY_ANIMAL:COW"": 8, ""BUY_ANIMAL:SHEEP"": 6, ""BUY_PRODUCT:WHEAT"": 1056, ""BUY_SEED:MELON"": 21, ""BUY_SEED:STRAWBERRY"": 44, ""BUY_SEED:WHEAT"": 34, ""SELL:FERTILIZER"": 232, ""SELL:MELON"": 119, ""SELL:MILK"": 230, ""SELL:STRAWBERRY"": 291, ""SELL:WHEAT"": 877, ""SELL:WOOL"": 168}",v008_q75,random
17,1,182926.0,0.0,182926.0,win,DONE,DONE,1,719,0,0,0.9418,1.7007600000000003,2.1015600000000023,220.2588,3.361804200016195,2,1,"[{""distance"": 0.0, ""mode"": ""frontier"", ""route"": 6, ""step"": 0}, {""distance"": 16.1432, ""mode"": ""frontier"", ""route"": 1, ""step"": 24}, {""distance"": 17.163400000000003, ""mode"": ""frontier"", ""route"": 0, ""step"": 48}, {""distance"": 17.909000000000002, ""mode"": ""frontier"", ""route"": 1, ""step"": 72}, {""distance"": 22.552, ""mode"": ""frontier"", ""route"": 2, ""step"": 96}, {""distance"": 25.053399999999996, ""mode"": ""frontier"", ""route"": 2, ""step"": 120}, {""distance"": 27.3294, ""mode"": ""frontier"", ""route"": 2, ""step"": 144}, {""distance"": 27.535, ""mode"": ""frontier"", ""route"": 3, ""step"": 168}, {""distance"": 32.0824, ""mode"": ""frontier"", ""route"": 3, ""step"": 192}, {""distance"": 43.4908, ""mode"": ""frontier"", ""route"": 3, ""step"": 216}, {""distance"": 48.1802, ""mode"": ""frontier"", ""route"": 1, ""step"": 240}, {""distance"": 43.6334, ""mode"": ""frontier"", ""route"": 1, ""step"": 264}, {""distance"": 68.1888, ""mode"": ""frontier"", ""route"": 1, ""step"": 288}, {""distance"": 73.175, ""mode"": ""frontier"", ""route"": 1, ""step"": 312}, {""distance"": 79.0784, ""mode"": ""frontier"", ""route"": 1, ""step"": 336}, {""distance"": 79.12219999999999, ""mode"": ""frontier"", ""route"": 1, ""step"": 360}, {""distance"": 86.764, ""mode"": ""frontier"", ""route"": 3, ""step"": 384}, {""distance"": 90.02539999999999, ""mode"": ""frontier"", ""route"": 1, ""step"": 408}, {""distance"": 91.057, ""mode"": ""frontier"", ""route"": 1, ""step"": 432}, {""distance"": 92.27759999999999, ""mode"": ""frontier"", ""route"": 5, ""step"": 456}, {""distance"": 93.0134, ""mode"": ""frontier"", ""route"": 3, ""step"": 480}, {""distance"": 87.8676, ""mode"": ""frontier"", ""route"": 3, ""step"": 504}, {""distance"": 83.7906, ""mode"": ""frontier"", ""route"": 3, ""step"": 528}, {""distance"": 85.3664, ""mode"": ""frontier"", ""route"": 2, ""step"": 552}, {""distance"": 86.11659999999999, ""mode"": ""frontier"", ""route"": 2, ""step"": 576}, {""distance"": 84.9156, ""mode"": ""frontier"", ""route"": 2, ""step"": 600}, {""distance"": 85.677, ""mode"": ""frontier"", ""route"": 2, ""step"": 624}, {""distance"": 84.8696, ""mode"": ""frontier"", ""route"": 2, ""step"": 648}, {""distance"": 85.1568, ""mode"": ""frontier"", ""route"": 2, ""step"": 672}, {""distance"": 80.01419999999999, ""mode"": ""frontier"", ""route"": 2, ""step"": 696}]","{""0"": 176.0, ""1"": 237.0, ""10"": 3591.0, ""11"": 9924.0, ""12"": 13914.0, ""13"": 15252.0, ""14"": 22805.0, ""15"": 26887.0, ""16"": 29750.0, ""17"": 38602.0, ""18"": 44566.0, ""19"": 51082.0, ""2"": 513.0, ""20"": 63911.0, ""21"": 70568.0, ""22"": 84150.0, ""23"": 94115.0, ""24"": 112641.0, ""25"": 124557.0, ""26"": 141035.0, ""27"": 155230.0, ""28"": 164223.0, ""3"": 760.0, ""4"": 499.0, ""5"": 581.0, ""6"": 1620.0, ""7"": 582.0, ""8"": 592.0, ""9"": 479.0}","{""BUILD_PASTURE"": 14, ""CARE"": 311, ""COLLECT_FERTILIZER"": 326, ""DIG"": 34, ""DROP"": 95, ""EAST"": 791, ""FEED"": 324, ""FERTILIZE"": 90, ""HARVEST"": 302, ""NORTH"": 1223, ""PASS"": 495, ""PICKUP"": 367, ""PLACE"": 21, ""PLANT"": 99, ""SOUTH"": 917, ""WATER"": 791, ""WEST"": 1078}","{""BUY_ANIMAL"": 14, ""BUY_LAND"": 2, ""BUY_PRODUCT"": 324, ""BUY_SEED"": 51, ""HIRE"": 304, ""SELL"": 361}","{""BUY_ANIMAL:COW"": 8, ""BUY_ANIMAL:SHEEP"": 6, ""BUY_PRODUCT:WHEAT"": 1056, ""BUY_SEED:MELON"": 21, ""BUY_SEED:STRAWBERRY"": 44, ""BUY_SEED:WHEAT"": 34, ""SELL:FERTILIZER"": 232, ""SELL:MELON"": 119, ""SELL:MILK"": 230, ""SELL:STRAWBERRY"": 291, ""SELL:WHEAT"": 853, ""SELL:WOOL"": 168}",v008_q75,random
42,0,180777.0,0.0,180777.0,win,DONE,DONE,1,719,0,0,0.9037,1.6140400000000001,2.0000280000000017,2.8472,3.0422683999931905,2,1,"[{""distance"": 0.0, ""mode"": ""frontier"", ""route"": 6, ""step"": 0}, {""distance"": 15.643199999999998, ""mode"": ""frontier"", ""route"": 1, ""step"": 24}, {""distance"": 15.5634, ""mode"": ""frontier"", ""route"": 0, ""step"": 48}, {""distance"": 17.209000000000003, ""mode"": ""frontier"", ""route"": 1, ""step"": 72}, {""distance"": 21.3918, ""mode"": ""frontier"", ""route"": 4, ""step"": 96}, {""distance"": 24.393800000000002, ""mode"": ""frontier"", ""route"": 4, ""step"": 120}, {""distance"": 27.028599999999997, ""mode"": ""frontier"", ""route"": 4, ""step"": 144}, {""distance"": 28.834000000000003, ""mode"": ""frontier"", ""route"": 3, ""step"": 168}, {""distance"": 33.244, ""mode"": ""frontier"", ""route"": 3, ""step"": 192}, {""distance"": 43.0566, ""mode"": ""frontier"", ""route"": 3, ""step"": 216}, {""distance"": 48.2508, ""mode"": ""frontier"", ""route"": 1, ""step"": 240}, {""distance"": 44.975, ""mode"": ""frontier"", ""route"": 3, ""step"": 264}, {""distance"": 69.694, ""mode"": ""frontier"", ""route"": 1, ""step"": 288}, {""distance"": 74.471, ""mode"": ""frontier"", ""route"": 3, ""step"": 312}, {""distance"": 78.9158, ""mode"": ""frontier"", ""route"": 3, ""step"": 336}, {""distance"": 80.9786, ""mode"": ""frontier"", ""route"": 3, ""step"": 360}, {""distance"": 87.3778, ""mode"": ""frontier"", ""route"": 3, ""step"": 384}, {""distance"": 91.58059999999999, ""mode"": ""frontier"", ""route"": 1, ""step"": 408}, {""distance"": 93.485, ""mode"": ""frontier"", ""route"": 1, ""step"": 432}, {""distance"": 93.6124, ""mode"": ""frontier"", ""route"": 3, ""step"": 456}, {""distance"": 92.2512, ""mode"": ""frontier"", ""route"": 3, ""step"": 480}, {""distance"": 86.442, ""mode"": ""frontier"", ""route"": 3, ""step"": 504}, {""distance"": 82.289, ""mode"": ""frontier"", ""route"": 3, ""step"": 528}, {""distance"": 83.65299999999999, ""mode"": ""frontier"", ""route"": 3, ""step"": 552}, {""distance"": 86.6032, ""mode"": ""frontier"", ""route"": 3, ""step"": 576}, {""distance"": 85.8412, ""mode"": ""frontier"", ""route"": 2, ""step"": 600}, {""distance"": 84.4908, ""mode"": ""frontier"", ""route"": 3, ""step"": 624}, {""distance"": 83.5148, ""mode"": ""frontier"", ""route"": 3, ""step"": 648}, {""distance"": 83.776, ""mode"": ""frontier"", ""route"": 3, ""step"": 672}, {""distance"": 79.8046, ""mode"": ""frontier"", ""route"": 2, ""step"": 696}]","{""0"": 176.0, ""1"": 237.0, ""10"": 4047.0, ""11"": 10550.0, ""12"": 14691.0, ""13"": 16313.0, ""14"": 24099.0, ""15"": 28256.0, ""16"": 31426.0, ""17"": 40742.0, ""18"": 46643.0, ""19"": 53371.0, ""2"": 513.0, ""20"": 66383.0, ""21"": 72906.0, ""22"": 86308.0, ""23"": 95777.0, ""24"": 113669.0, ""25"": 123881.0, ""26"": 140162.0, ""27"": 154073.0, ""28"": 163071.0, ""3"": 761.0, ""4"": 503.0, ""5"": 564.0, ""6"": 1616.0, ""7"": 590.0, ""8"": 929.0, ""9"": 834.0}","{""BUILD_PASTURE"": 14, ""CARE"": 311, ""COLLECT_FERTILIZER"": 326, ""DIG"": 34, ""DROP"": 95, ""EAST"": 791, ""FEED"": 324, ""FERTILIZE"": 90, ""HARVEST"": 302, ""NORTH"": 1223, ""PASS"": 495, ""PICKUP"": 367, ""PLACE"": 21, ""PLANT"": 99, ""SOUTH"": 917, ""WATER"": 791, ""WEST"": 1078}","{""BUY_ANIMAL"": 14, ""BUY_LAND"": 2, ""BUY_PRODUCT"": 324, ""BUY_SEED"": 51, ""HIRE"": 304, ""SELL"": 362}","{""BUY_ANIMAL:COW"": 8, ""BUY_ANIMAL:SHEEP"": 6, ""BUY_PRODUCT:WHEAT"": 1056, ""BUY_SEED:MELON"": 21, ""BUY_SEED:STRAWBERRY"": 44, ""BUY_SEED:WHEAT"": 34, ""SELL:FERTILIZER"": 234, ""SELL:MELON"": 119, ""SELL:MILK"": 230, ""SELL:STRAWBERRY"": 291, ""SELL:WHEAT"": 853, ""SELL:WOOL"": 168}",v008_q75,random
42,1,190128.0,0.0,190128.0,win,DONE,DONE,1,719,0,0,0.9013,1.6230200000000001,1.872992000000001,2.2313,3.2277728999906685,2,1,"[{""distance"": 0.0, ""mode"": ""frontier"", ""route"": 6, ""step"": 0}, {""distance"": 14.5432, ""mode"": ""frontier"", ""route"": 1, ""step"": 24}, {""distance"": 15.5634, ""mode"": ""frontier"", ""route"": 0, ""step"": 48}, {""distance"": 16.809, ""mode"": ""frontier"", ""route"": 1, ""step"": 72}, {""distance"": 21.412000000000003, ""mode"": ""frontier"", ""route"": 2, ""step"": 96}, {""distance"": 23.7934, ""mode"": ""frontier"", ""route"": 2, ""step"": 120}, {""distance"": 26.3294, ""mode"": ""frontier"", ""route"": 2, ""step"": 144}, {""distance"": 27.735, ""mode"": ""frontier"", ""route"": 3, ""step"": 168}, {""distance"": 31.8424, ""mode"": ""frontier"", ""route"": 3, ""step"": 192}, {""distance"": 40.6316, ""mode"": ""frontier"", ""route"": 3, ""step"": 216}, {""distance"": 45.8422, ""mode"": ""frontier"", ""route"": 1, ""step"": 240}, {""distance"": 44.5202, ""mode"": ""frontier"", ""route"": 3, ""step"": 264}, {""distance"": 69.6364, ""mode"": ""frontier"", ""route"": 1, ""step"": 288}, {""distance"": 75.9808, ""mode"": ""frontier"", ""route"": 3, ""step"": 312}, {""distance"": 80.53500000000001, ""mode"": ""frontier"", ""route"": 3, ""step"": 336}, {""distance"": 81.53059999999999, ""mode"": ""frontier"", ""route"": 3, ""step"": 360}, {""distance"": 87.4242, ""mode"": ""frontier"", ""route"": 3, ""step"": 384}, {""distance"": 91.8436, ""mode"": ""frontier"", ""route"": 3, ""step"": 408}, {""distance"": 93.3088, ""mode"": ""frontier"", ""route"": 5, ""step"": 432}, {""distance"": 94.509, ""mode"": ""frontier"", ""route"": 5, ""step"": 456}, {""distance"": 95.641, ""mode"": ""frontier"", ""route"": 3, ""step"": 480}, {""distance"": 91.64259999999999, ""mode"": ""frontier"", ""route"": 3, ""step"": 504}, {""distance"": 88.38799999999999, ""mode"": ""frontier"", ""route"": 3, ""step"": 528}, {""distance"": 89.3844, ""mode"": ""frontier"", ""route"": 3, ""step"": 552}, {""distance"": 91.82159999999999, ""mode"": ""frontier"", ""route"": 2, ""step"": 576}, {""distance"": 90.5472, ""mode"": ""frontier"", ""route"": 2, ""step"": 600}, {""distance"": 90.453, ""mode"": ""frontier"", ""route"": 3, ""step"": 624}, {""distance"": 89.6592, ""mode"": ""frontier"", ""route"": 3, ""step"": 648}, {""distance"": 88.9966, ""mode"": ""frontier"", ""route"": 6, ""step"": 672}, {""distance"": 84.4536, ""mode"": ""frontier"", ""route"": 2, ""step"": 696}]","{""0"": 176.0, ""1"": 237.0, ""10"": 3973.0, ""11"": 10462.0, ""12"": 14615.0, ""13"": 16217.0, ""14"": 23959.0, ""15"": 28188.0, ""16"": 31342.0, ""17"": 40740.0, ""18"": 47123.0, ""19"": 54220.0, ""2"": 513.0, ""20"": 68286.0, ""21"": 75748.0, ""22"": 89859.0, ""23"": 100098.0, ""24"": 118699.0, ""25"": 130692.0, ""26"": 147677.0, ""27"": 162150.0, ""28"": 171020.0, ""3"": 760.0, ""4"": 499.0, ""5"": 581.0, ""6"": 1620.0, ""7"": 582.0, ""8"": 904.0, ""9"": 791.0}","{""BUILD_PASTURE"": 14, ""CARE"": 311, ""COLLECT_FERTILIZER"": 326, ""DIG"": 34, ""DROP"": 95, ""EAST"": 791, ""FEED"": 324, ""FERTILIZE"": 90, ""HARVEST"": 302, ""NORTH"": 1223, ""PASS"": 495, ""PICKUP"": 367, ""PLACE"": 21, ""PLANT"": 99, ""SOUTH"": 917, ""WATER"": 791, ""WEST"": 1078}","{""BUY_ANIMAL"": 14, ""BUY_LAND"": 2, ""BUY_PRODUCT"": 324, ""BUY_SEED"": 51, ""HIRE"": 304, ""SELL"": 361}","{""BUY_ANIMAL:COW"": 8, ""BUY_ANIMAL:SHEEP"": 6, ""BUY_PRODUCT:WHEAT"": 1056, ""BUY_SEED:MELON"": 21, ""BUY_SEED:STRAWBERRY"": 44, ""BUY_SEED:WHEAT"": 34, ""SELL:FERTILIZER"": 232, ""SELL:MELON"": 119, ""SELL:MILK"": 230, ""SELL:STRAWBERRY"": 291, ""SELL:WHEAT"": 853, ""SELL:WOOL"": 168}",v008_q75,random
2026,0,172310.0,0.0,172310.0,win,DONE,DONE,1,719,0,0,0.8996,1.61429,1.8649080000000002,169.262,3.1705981000268366,2,1,"[{""distance"": 0.0, ""mode"": ""frontier"", ""route"": 6, ""step"": 0}, {""distance"": 15.643199999999998, ""mode"": ""frontier"", ""route"": 1, ""step"": 24}, {""distance"": 16.663400000000003, ""mode"": ""frontier"", ""route"": 0, ""step"": 48}, {""distance"": 17.909000000000002, ""mode"": ""frontier"", ""route"": 1, ""step"": 72}, {""distance"": 22.552, ""mode"": ""frontier"", ""route"": 2, ""step"": 96}, {""distance"": 24.553399999999996, ""mode"": ""frontier"", ""route"": 2, ""step"": 120}, {""distance"": 26.8294, ""mode"": ""frontier"", ""route"": 2, ""step"": 144}, {""distance"": 28.635, ""mode"": ""frontier"", ""route"": 3, ""step"": 168}, {""distance"": 33.1824, ""mode"": ""frontier"", ""route"": 3, ""step"": 192}, {""distance"": 44.5908, ""mode"": ""frontier"", ""route"": 3, ""step"": 216}, {""distance"": 49.5202, ""mode"": ""frontier"", ""route"": 1, ""step"": 240}, {""distance"": 45.10380000000001, ""mode"": ""frontier"", ""route"": 1, ""step"": 264}, {""distance"": 69.7884, ""mode"": ""frontier"", ""route"": 1, ""step"": 288}, {""distance"": 74.9812, ""mode"": ""frontier"", ""route"": 1, ""step"": 312}, {""distance"": 80.04, ""mode"": ""frontier"", ""route"": 1, ""step"": 336}, {""distance"": 79.45400000000001, ""mode"": ""frontier"", ""route"": 1, ""step"": 360}, {""distance"": 85.72900000000001, ""mode"": ""frontier"", ""route"": 1, ""step"": 384}, {""distance"": 88.19539999999999, ""mode"": ""frontier"", ""route"": 1, ""step"": 408}, {""distance"": 90.30900000000001, ""mode"": ""frontier"", ""route"": 1, ""step"": 432}, {""distance"": 91.072, ""mode"": ""frontier"", ""route"": 1, ""step"": 456}, {""distance"": 92.29599999999999, ""mode"": ""frontier"", ""route"": 1, ""step"": 480}, {""distance"": 87.7482, ""mode"": ""frontier"", ""route"": 1, ""step"": 504}, {""distance"": 82.4112, ""mode"": ""frontier"", ""route"": 1, ""step"": 528}, {""distance"": 83.766, ""mode"": ""frontier"", ""route"": 2, ""step"": 552}, {""distance"": 84.71539999999999, ""mode"": ""frontier"", ""route"": 2, ""step"": 576}, {""distance"": 83.1026, ""mode"": ""frontier"", ""route"": 2, ""step"": 600}, {""distance"": 82.1872, ""mode"": ""frontier"", ""route"": 2, ""step"": 624}, {""distance"": 80.6588, ""mode"": ""frontier"", ""route"": 2, ""step"": 648}, {""distance"": 82.25919999999999, ""mode"": ""frontier"", ""route"": 2, ""step"": 672}, {""distance"": 75.992, ""mode"": ""frontier"", ""route"": 2, ""step"": 696}]","{""0"": 176.0, ""1"": 237.0, ""10"": 3543.0, ""11"": 9722.0, ""12"": 13545.0, ""13"": 14460.0, ""14"": 22064.0, ""15"": 26064.0, ""16"": 28500.0, ""17"": 36962.0, ""18"": 42715.0, ""19"": 48211.0, ""2"": 513.0, ""20"": 59982.0, ""21"": 66867.0, ""22"": 79241.0, ""23"": 88682.0, ""24"": 105976.0, ""25"": 117108.0, ""26"": 132753.0, ""27"": 146204.0, ""28"": 154408.0, ""3"": 760.0, ""4"": 499.0, ""5"": 581.0, ""6"": 1620.0, ""7"": 582.0, ""8"": 592.0, ""9"": 479.0}","{""BUILD_PASTURE"": 14, ""CARE"": 311, ""COLLECT_FERTILIZER"": 326, ""DIG"": 34, ""DROP"": 95, ""EAST"": 791, ""FEED"": 324, ""FERTILIZE"": 90, ""HARVEST"": 302, ""NORTH"": 1223, ""PASS"": 495, ""PICKUP"": 367, ""PLACE"": 21, ""PLANT"": 99, ""SOUTH"": 917, ""WATER"": 791, ""WEST"": 1078}","{""BUY_ANIMAL"": 14, ""BUY_LAND"": 2, ""BUY_PRODUCT"": 324, ""BUY_SEED"": 51, ""HIRE"": 304, ""SELL"": 361}","{""BUY_ANIMAL:COW"": 8, ""BUY_ANIMAL:SHEEP"": 6, ""BUY_PRODUCT:WHEAT"": 1056, ""BUY_SEED:MELON"": 21, ""BUY_SEED:STRAWBERRY"": 44, ""BUY_SEED:WHEAT"": 34, ""SELL:FERTILIZER"": 232, ""SELL:MELON"": 119, ""SELL:MILK"": 230, ""SELL:STRAWBERRY"": 291, ""SELL:WHEAT"": 853, ""SELL:WOOL"": 168}",v008_q75,random
2026,1,188515.0,0.0,188515.0,win,DONE,DONE,1,719,0,0,0.8617,1.53021,1.778630000000001,183.0354,3.2060988000012003,2,1,"[{""distance"": 0.0, ""mode"": ""frontier"", ""route"": 6, ""step"": 0}, {""distance"": 15.643199999999998, ""mode"": ""frontier"", ""route"": 1, ""step"": 24}, {""distance"": 16.663400000000003, ""mode"": ""frontier"", ""route"": 0, ""step"": 48}, {""distance"": 17.909000000000002, ""mode"": ""frontier"", ""route"": 1, ""step"": 72}, {""distance"": 22.0918, ""mode"": ""frontier"", ""route"": 3, ""step"": 96}, {""distance"": 24.0938, ""mode"": ""frontier"", ""route"": 3, ""step"": 120}, {""distance"": 26.7286, ""mode"": ""frontier"", ""route"": 3, ""step"": 144}, {""distance"": 28.234, ""mode"": ""frontier"", ""route"": 3, ""step"": 168}, {""distance"": 32.704, ""mode"": ""frontier"", ""route"": 3, ""step"": 192}, {""distance"": 45.5678, ""mode"": ""frontier"", ""route"": 3, ""step"": 216}, {""distance"": 51.202, ""mode"": ""frontier"", ""route"": 1, ""step"": 240}, {""distance"": 48.5088, ""mode"": ""frontier"", ""route"": 3, ""step"": 264}, {""distance"": 73.1324, ""mode"": ""frontier"", ""route"": 1, ""step"": 288}, {""distance"": 77.4094, ""mode"": ""frontier"", ""route"": 3, ""step"": 312}, {""distance"": 84.0342, ""mode"": ""frontier"", ""route"": 3, ""step"": 336}, {""distance"": 84.5594, ""mode"": ""frontier"", ""route"": 1, ""step"": 360}, {""distance"": 89.34740000000001, ""mode"": ""frontier"", ""route"": 1, ""step"": 384}, {""distance"": 91.8758, ""mode"": ""frontier"", ""route"": 1, ""step"": 408}, {""distance"": 94.0054, ""mode"": ""frontier"", ""route"": 1, ""step"": 432}, {""distance"": 94.8372, ""mode"": ""frontier"", ""route"": 5, ""step"": 456}, {""distance"": 96.9732, ""mode"": ""frontier"", ""route"": 5, ""step"": 480}, {""distance"": 93.106, ""mode"": ""frontier"", ""route"": 3, ""step"": 504}, {""distance"": 89.7396, ""mode"": ""frontier"", ""route"": 3, ""step"": 528}, {""distance"": 91.10040000000001, ""mode"": ""frontier"", ""route"": 3, ""step"": 552}, {""distance"": 92.82339999999999, ""mode"": ""frontier"", ""route"": 2, ""step"": 576}, {""distance"": 91.7218, ""mode"": ""frontier"", ""route"": 2, ""step"": 600}, {""distance"": 90.434, ""mode"": ""frontier"", ""route"": 2, ""step"": 624}, {""distance"": 88.3042, ""mode"": ""frontier"", ""route"": 2, ""step"": 648}, {""distance"": 88.7768, ""mode"": ""frontier"", ""route"": 2, ""step"": 672}, {""distance"": 84.09679999999999, ""mode"": ""frontier"", ""route"": 2, ""step"": 696}]","{""0"": 176.0, ""1"": 237.0, ""10"": 4316.0, ""11"": 10842.0, ""12"": 14983.0, ""13"": 16605.0, ""14"": 24391.0, ""15"": 28656.0, ""16"": 31802.0, ""17"": 41144.0, ""18"": 47464.0, ""19"": 54459.0, ""2"": 513.0, ""20"": 67903.0, ""21"": 74794.0, ""22"": 88859.0, ""23"": 99132.0, ""24"": 118172.0, ""25"": 130442.0, ""26"": 145657.0, ""27"": 160277.0, ""28"": 169532.0, ""3"": 761.0, ""4"": 503.0, ""5"": 564.0, ""6"": 1616.0, ""7"": 590.0, ""8"": 1185.0, ""9"": 1090.0}","{""BUILD_PASTURE"": 14, ""CARE"": 311, ""COLLECT_FERTILIZER"": 326, ""DIG"": 34, ""DROP"": 95, ""EAST"": 791, ""FEED"": 324, ""FERTILIZE"": 90, ""HARVEST"": 302, ""NORTH"": 1223, ""PASS"": 495, ""PICKUP"": 367, ""PLACE"": 21, ""PLANT"": 99, ""SOUTH"": 917, ""WATER"": 791, ""WEST"": 1078}","{""BUY_ANIMAL"": 14, ""BUY_LAND"": 2, ""BUY_PRODUCT"": 324, ""BUY_SEED"": 51, ""HIRE"": 304, ""SELL"": 361}","{""BUY_ANIMAL:COW"": 8, ""BUY_ANIMAL:SHEEP"": 6, ""BUY_PRODUCT:WHEAT"": 1056, ""BUY_SEED:MELON"": 21, ""BUY_SEED:STRAWBERRY"": 44, ""BUY_SEED:WHEAT"": 34, ""SELL:FERTILIZER"": 232, ""SELL:MELON"": 119, ""SELL:MILK"": 230, ""SELL:STRAWBERRY"": 291, ""SELL:WHEAT"": 853, ""SELL:WOOL"": 168}",v008_q75,random
17,0,130025.0,140413.0,-10388.0,loss,DONE,DONE,1,719,0,0,0.9305,1.53329,1.7865360000000026,2.5357,4.243349500000477,2,1,"[{""distance"": 0.0, ""mode"": ""frontier"", ""route"": 6, ""step"": 0}, {""distance"": 0.020400000000000015, ""mode"": ""frontier"", ""route"": 6, ""step"": 24}, {""distance"": 1.001, ""mode"": ""frontier"", ""route"": 6, ""step"": 48}, {""distance"": 1.0213999999999999, ""mode"": ""frontier"", ""route"": 6, ""step"": 72}, {""distance"": 0.021800000000000014, ""mode"": ""frontier"", ""route"": 7, ""step"": 96}, {""distance"": 3.0623999999999993, ""mode"": ""frontier"", ""route"": 5, ""step"": 120}, {""distance"": 5.8622000000000005, ""mode"": ""frontier"", ""route"": 5, ""step"": 144}, {""distance"": 6.1394, ""mode"": ""frontier"", ""route"": 5, ""step"": 168}, {""distance"": 4.879599999999999, ""mode"": ""frontier"", ""route"": 5, ""step"": 192}, {""distance"": 8.4324, ""mode"": ""frontier"", ""route"": 5, ""step"": 216}, {""distance"": 6.049199999999999, ""mode"": ""frontier"", ""route"": 5, ""step"": 240}, {""distance"": 16.671400000000002, ""mode"": ""frontier"", ""route"": 5, ""step"": 264}, {""distance"": 12.988399999999999, ""mode"": ""frontier"", ""route"": 5, ""step"": 288}, {""distance"": 8.511199999999999, ""mode"": ""frontier"", ""route"": 5, ""step"": 312}, {""distance"": 8.793799999999997, ""mode"": ""frontier"", ""route"": 5, ""step"": 336}, {""distance"": 15.2156, ""mode"": ""frontier"", ""route"": 4, ""step"": 360}, {""distance"": 13.1282, ""mode"": ""frontier"", ""route"": 4, ""step"": 384}, {""distance"": 15.120400000000002, ""mode"": ""frontier"", ""route"": 5, ""step"": 408}, {""distance"": 15.289000000000001, ""mode"": ""frontier"", ""route"": 4, ""step"": 432}, {""distance"": 15.834800000000001, ""mode"": ""frontier"", ""route"": 5, ""step"": 456}, {""distance"": 16.571599999999997, ""mode"": ""frontier"", ""route"": 5, ""step"": 480}, {""distance"": 15.9662, ""mode"": ""frontier"", ""route"": 2, ""step"": 504}, {""distance"": 19.643399999999996, ""mode"": ""frontier"", ""route"": 5, ""step"": 528}, {""distance"": 18.1948, ""mode"": ""frontier"", ""route"": 7, ""step"": 552}, {""distance"": 19.232799999999997, ""mode"": ""frontier"", ""route"": 7, ""step"": 576}, {""distance"": 20.643399999999996, ""mode"": ""frontier"", ""route"": 6, ""step"": 600}, {""distance"": 19.162999999999997, ""mode"": ""frontier"", ""route"": 5, ""step"": 624}, {""distance"": 21.076799999999995, ""mode"": ""frontier"", ""route"": 5, ""step"": 648}, {""distance"": 22.160999999999998, ""mode"": ""frontier"", ""route"": 1, ""step"": 672}, {""distance"": 22.635999999999996, ""mode"": ""frontier"", ""route"": 1, ""step"": 696}]","{""0"": 157.0, ""1"": 211.0, ""10"": 3278.0, ""11"": 8017.0, ""12"": 11760.0, ""13"": 13161.0, ""14"": 19411.0, ""15"": 22156.0, ""16"": 24724.0, ""17"": 32100.0, ""18"": 37452.0, ""19"": 43651.0, ""2"": 474.0, ""20"": 54887.0, ""21"": 60835.0, ""22"": 71798.0, ""23"": 79551.0, ""24"": 91088.0, ""25"": 97834.0, ""26"": 106971.0, ""27"": 113664.0, ""28"": 118258.0, ""3"": 706.0, ""4"": 437.0, ""5"": 540.0, ""6"": 1441.0, ""7"": 270.0, ""8"": 695.0, ""9"": 433.0}","{""BUILD_PASTURE"": 14, ""CARE"": 311, ""COLLECT_FERTILIZER"": 326, ""DIG"": 34, ""DROP"": 95, ""EAST"": 791, ""FEED"": 324, ""FERTILIZE"": 90, ""HARVEST"": 302, ""NORTH"": 1223, ""PASS"": 495, ""PICKUP"": 367, ""PLACE"": 21, ""PLANT"": 99, ""SOUTH"": 917, ""WATER"": 791, ""WEST"": 1078}","{""BUY_ANIMAL"": 14, ""BUY_LAND"": 2, ""BUY_PRODUCT"": 324, ""BUY_SEED"": 51, ""HIRE"": 304, ""SELL"": 362}","{""BUY_ANIMAL:COW"": 8, ""BUY_ANIMAL:SHEEP"": 6, ""BUY_PRODUCT:WHEAT"": 1056, ""BUY_SEED:MELON"": 21, ""BUY_SEED:STRAWBERRY"": 44, ""BUY_SEED:WHEAT"": 34, ""SELL:FERTILIZER"": 232, ""SELL:MELON"": 119, ""SELL:MILK"": 230, ""SELL:STRAWBERRY"": 291, ""SELL:WHEAT"": 877, ""SELL:WOOL"": 168}",v008_q75,hamburger
17,1,134604.0,125931.0,8673.0,win,DONE,DONE,1,719,0,0,0.9142,1.5888600000000002,1.8766000000000003,2.1908,4.201694799994584,2,1,"[{""distance"": 0.0, ""mode"": ""frontier"", ""route"": 6, ""step"": 0}, {""distance"": 0.020400000000000015, ""mode"": ""frontier"", ""route"": 6, ""step"": 24}, {""distance"": 0.501, ""mode"": ""frontier"", ""route"": 6, ""step"": 48}, {""distance"": 0.5214000000000001, ""mode"": ""frontier"", ""route"": 6, ""step"": 72}, {""distance"": 0.522, ""mode"": ""frontier"", ""route"": 6, ""step"": 96}, {""distance"": 2.5623999999999993, ""mode"": ""frontier"", ""route"": 5, ""step"": 120}, {""distance"": 4.5122, ""mode"": ""frontier"", ""route"": 5, ""step"": 144}, {""distance"": 4.670999999999999, ""mode"": ""frontier"", ""route"": 5, ""step"": 168}, {""distance"": 8.593399999999999, ""mode"": ""frontier"", ""route"": 5, ""step"": 192}, {""distance"": 11.7072, ""mode"": ""frontier"", ""route"": 4, ""step"": 216}, {""distance"": 9.405199999999999, ""mode"": ""frontier"", ""route"": 6, ""step"": 240}, {""distance"": 10.839, ""mode"": ""frontier"", ""route"": 6, ""step"": 264}, {""distance"": 8.58, ""mode"": ""frontier"", ""route"": 5, ""step"": 288}, {""distance"": 6.9368, ""mode"": ""frontier"", ""route"": 5, ""step"": 312}, {""distance"": 8.206199999999999, ""mode"": ""frontier"", ""route"": 5, ""step"": 336}, {""distance"": 13.8546, ""mode"": ""frontier"", ""route"": 4, ""step"": 360}, {""distance"": 12.6114, ""mode"": ""frontier"", ""route"": 4, ""step"": 384}, {""distance"": 11.854, ""mode"": ""frontier"", ""route"": 4, ""step"": 408}, {""distance"": 12.402999999999999, ""mode"": ""frontier"", ""route"": 4, ""step"": 432}, {""distance"": 12.464599999999997, ""mode"": ""frontier"", ""route"": 4, ""step"": 456}, {""distance"": 14.8904, ""mode"": ""frontier"", ""route"": 4, ""step"": 480}, {""distance"": 12.1158, ""mode"": ""frontier"", ""route"": 4, ""step"": 504}, {""distance"": 18.505, ""mode"": ""frontier"", ""route"": 4, ""step"": 528}, {""distance"": 18.397999999999996, ""mode"": ""frontier"", ""route"": 5, ""step"": 552}, {""distance"": 14.3298, ""mode"": ""frontier"", ""route"": 4, ""step"": 576}, {""distance"": 15.714200000000003, ""mode"": ""frontier"", ""route"": 4, ""step"": 600}, {""distance"": 13.5032, ""mode"": ""frontier"", ""route"": 4, ""step"": 624}, {""distance"": 15.713199999999999, ""mode"": ""frontier"", ""route"": 3, ""step"": 648}, {""distance"": 16.1342, ""mode"": ""frontier"", ""route"": 3, ""step"": 672}, {""distance"": 13.8108, ""mode"": ""frontier"", ""route"": 4, ""step"": 696}]","{""0"": 157.0, ""1"": 211.0, ""10"": 3557.0, ""11"": 9609.0, ""12"": 13350.0, ""13"": 14711.0, ""14"": 20912.0, ""15"": 24004.0, ""16"": 26278.0, ""17"": 32220.0, ""18"": 36551.0, ""19"": 42729.0, ""2"": 474.0, ""20"": 52653.0, ""21"": 56748.0, ""22"": 68429.0, ""23"": 74914.0, ""24"": 87967.0, ""25"": 96289.0, ""26"": 107185.0, ""27"": 115626.0, ""28"": 121691.0, ""3"": 706.0, ""4"": 437.0, ""5"": 540.0, ""6"": 1533.0, ""7"": 451.0, ""8"": 877.0, ""9"": 701.0}","{""BUILD_PASTURE"": 14, ""CARE"": 311, ""COLLECT_FERTILIZER"": 326, ""DIG"": 34, ""DROP"": 95, ""EAST"": 791, ""FEED"": 324, ""FERTILIZE"": 90, ""HARVEST"": 302, ""NORTH"": 1223, ""PASS"": 495, ""PICKUP"": 367, ""PLACE"": 21, ""PLANT"": 99, ""SOUTH"": 917, ""WATER"": 791, ""WEST"": 1078}","{""BUY_ANIMAL"": 14, ""BUY_LAND"": 2, ""BUY_PRODUCT"": 324, ""BUY_SEED"": 51, ""HIRE"": 304, ""SELL"": 361}","{""BUY_ANIMAL:COW"": 8, ""BUY_ANIMAL:SHEEP"": 6, ""BUY_PRODUCT:WHEAT"": 1056, ""BUY_SEED:MELON"": 21, ""BUY_SEED:STRAWBERRY"": 44, ""BUY_SEED:WHEAT"": 34, ""SELL:FERTILIZER"": 232, ""SELL:MELON"": 119, ""SELL:MILK"": 230, ""SELL:STRAWBERRY"": 291, ""SELL:WHEAT"": 853, ""SELL:WOOL"": 168}",v008_q75,hamburger
42,0,117592.0,120118.0,-2526.0,loss,DONE,DONE,1,719,0,0,0.9278,1.5862100000000003,1.9059020000000007,2.1061,4.421221099997638,2,1,"[{""distance"": 0.0, ""mode"": ""frontier"", ""route"": 6, ""step"": 0}, {""distance"": 0.020400000000000015, ""mode"": ""frontier"", ""route"": 6, ""step"": 24}, {""distance"": 0.0010000000000000009, ""mode"": ""frontier"", ""route"": 6, ""step"": 48}, {""distance"": 0.021400000000000016, ""mode"": ""frontier"", ""route"": 6, ""step"": 72}, {""distance"": 0.18200000000000016, ""mode"": ""frontier"", ""route"": 5, ""step"": 96}, {""distance"": 1.7824000000000002, ""mode"": ""frontier"", ""route"": 5, ""step"": 120}, {""distance"": 1.9222, ""mode"": ""frontier"", ""route"": 5, ""step"": 144}, {""distance"": 2.2206, ""mode"": ""frontier"", ""route"": 5, ""step"": 168}, {""distance"": 0.9230000000000003, ""mode"": ""frontier"", ""route"": 5, ""step"": 192}, {""distance"": 3.9437999999999995, ""mode"": ""frontier"", ""route"": 5, ""step"": 216}, {""distance"": 2.4812000000000003, ""mode"": ""frontier"", ""route"": 5, ""step"": 240}, {""distance"": 12.407, ""mode"": ""frontier"", ""route"": 5, ""step"": 264}, {""distance"": 9.3412, ""mode"": ""frontier"", ""route"": 5, ""step"": 288}, {""distance"": 6.284399999999998, ""mode"": ""frontier"", ""route"": 5, ""step"": 312}, {""distance"": 6.898599999999999, ""mode"": ""frontier"", ""route"": 5, ""step"": 336}, {""distance"": 11.8796, ""mode"": ""frontier"", ""route"": 2, ""step"": 360}, {""distance"": 9.523600000000002, ""mode"": ""frontier"", ""route"": 0, ""step"": 384}, {""distance"": 11.571200000000001, ""mode"": ""frontier"", ""route"": 2, ""step"": 408}, {""distance"": 12.2346, ""mode"": ""frontier"", ""route"": 2, ""step"": 432}, {""distance"": 11.075800000000001, ""mode"": ""frontier"", ""route"": 1, ""step"": 456}, {""distance"": 12.4912, ""mode"": ""frontier"", ""route"": 1, ""step"": 480}, {""distance"": 12.048000000000002, ""mode"": ""frontier"", ""route"": 1, ""step"": 504}, {""distance"": 16.606399999999997, ""mode"": ""frontier"", ""route"": 6, ""step"": 528}, {""distance"": 16.028600000000004, ""mode"": ""frontier"", ""route"": 6, ""step"": 552}, {""distance"": 14.896, ""mode"": ""frontier"", ""route"": 6, ""step"": 576}, {""distance"": 16.6584, ""mode"": ""frontier"", ""route"": 1, ""step"": 600}, {""distance"": 13.706, ""mode"": ""frontier"", ""route"": 1, ""step"": 624}, {""distance"": 16.1488, ""mode"": ""frontier"", ""route"": 1, ""step"": 648}, {""distance"": 18.7778, ""mode"": ""frontier"", ""route"": 1, ""step"": 672}, {""distance"": 15.8804, ""mode"": ""frontier"", ""route"": 1, ""step"": 696}]","{""0"": 157.0, ""1"": 211.0, ""10"": 3186.0, ""11"": 9155.0, ""12"": 12760.0, ""13"": 13732.0, ""14"": 21080.0, ""15"": 24574.0, ""16"": 26901.0, ""17"": 34340.0, ""18"": 39776.0, ""19"": 43975.0, ""2"": 474.0, ""20"": 52901.0, ""21"": 58541.0, ""22"": 67095.0, ""23"": 74675.0, ""24"": 86382.0, ""25"": 92577.0, ""26"": 101076.0, ""27"": 106274.0, ""28"": 108268.0, ""3"": 706.0, ""4"": 437.0, ""5"": 540.0, ""6"": 1535.0, ""7"": 453.0, ""8"": 529.0, ""9"": 393.0}","{""BUILD_PASTURE"": 14, ""CARE"": 311, ""COLLECT_FERTILIZER"": 326, ""DIG"": 34, ""DROP"": 95, ""EAST"": 791, ""FEED"": 324, ""FERTILIZE"": 90, ""HARVEST"": 302, ""NORTH"": 1223, ""PASS"": 495, ""PICKUP"": 367, ""PLACE"": 21, ""PLANT"": 99, ""SOUTH"": 917, ""WATER"": 791, ""WEST"": 1078}","{""BUY_ANIMAL"": 14, ""BUY_LAND"": 2, ""BUY_PRODUCT"": 324, ""BUY_SEED"": 51, ""HIRE"": 304, ""SELL"": 362}","{""BUY_ANIMAL:COW"": 8, ""BUY_ANIMAL:SHEEP"": 6, ""BUY_PRODUCT:WHEAT"": 1056, ""BUY_SEED:MELON"": 21, ""BUY_SEED:STRAWBERRY"": 44, ""BUY_SEED:WHEAT"": 34, ""SELL:FERTILIZER"": 234, ""SELL:MELON"": 119, ""SELL:MILK"": 230, ""SELL:STRAWBERRY"": 291, ""SELL:WHEAT"": 853, ""SELL:WOOL"": 168}",v008_q75,hamburger
42,1,117781.0,119938.0,-2157.0,loss,DONE,DONE,1,719,0,0,0.8966,1.5411200000000005,1.791112000000002,2.6635,4.246329200017499,2,1,"[{""distance"": 0.0, ""mode"": ""frontier"", ""route"": 6, ""step"": 0}, {""distance"": 0.020400000000000015, ""mode"": ""frontier"", ""route"": 6, ""step"": 24}, {""distance"": 0.0010000000000000009, ""mode"": ""frontier"", ""route"": 6, ""step"": 48}, {""distance"": 0.021400000000000016, ""mode"": ""frontier"", ""route"": 6, ""step"": 72}, {""distance"": 0.18200000000000016, ""mode"": ""frontier"", ""route"": 5, ""step"": 96}, {""distance"": 1.7824000000000002, ""mode"": ""frontier"", ""route"": 5, ""step"": 120}, {""distance"": 1.9222, ""mode"": ""frontier"", ""route"": 5, ""step"": 144}, {""distance"": 2.2206, ""mode"": ""frontier"", ""route"": 5, ""step"": 168}, {""distance"": 0.9230000000000003, ""mode"": ""frontier"", ""route"": 5, ""step"": 192}, {""distance"": 3.9437999999999995, ""mode"": ""frontier"", ""route"": 5, ""step"": 216}, {""distance"": 2.4812000000000003, ""mode"": ""frontier"", ""route"": 5, ""step"": 240}, {""distance"": 10.907, ""mode"": ""frontier"", ""route"": 5, ""step"": 264}, {""distance"": 9.3412, ""mode"": ""frontier"", ""route"": 5, ""step"": 288}, {""distance"": 6.284399999999998, ""mode"": ""frontier"", ""route"": 5, ""step"": 312}, {""distance"": 6.898599999999999, ""mode"": ""frontier"", ""route"": 5, ""step"": 336}, {""distance"": 11.8796, ""mode"": ""frontier"", ""route"": 2, ""step"": 360}, {""distance"": 9.523600000000002, ""mode"": ""frontier"", ""route"": 0, ""step"": 384}, {""distance"": 11.571200000000001, ""mode"": ""frontier"", ""route"": 2, ""step"": 408}, {""distance"": 12.2346, ""mode"": ""frontier"", ""route"": 2, ""step"": 432}, {""distance"": 11.075800000000001, ""mode"": ""frontier"", ""route"": 1, ""step"": 456}, {""distance"": 12.9912, ""mode"": ""frontier"", ""route"": 1, ""step"": 480}, {""distance"": 12.048000000000002, ""mode"": ""frontier"", ""route"": 1, ""step"": 504}, {""distance"": 16.606399999999997, ""mode"": ""frontier"", ""route"": 6, ""step"": 528}, {""distance"": 16.3266, ""mode"": ""frontier"", ""route"": 5, ""step"": 552}, {""distance"": 14.796000000000001, ""mode"": ""frontier"", ""route"": 6, ""step"": 576}, {""distance"": 16.6318, ""mode"": ""frontier"", ""route"": 1, ""step"": 600}, {""distance"": 13.7518, ""mode"": ""frontier"", ""route"": 1, ""step"": 624}, {""distance"": 15.794599999999999, ""mode"": ""frontier"", ""route"": 1, ""step"": 648}, {""distance"": 17.7496, ""mode"": ""frontier"", ""route"": 1, ""step"": 672}, {""distance"": 16.852199999999996, ""mode"": ""frontier"", ""route"": 1, ""step"": 696}]","{""0"": 157.0, ""1"": 211.0, ""10"": 3186.0, ""11"": 9155.0, ""12"": 12760.0, ""13"": 13732.0, ""14"": 21080.0, ""15"": 24574.0, ""16"": 26901.0, ""17"": 34340.0, ""18"": 39776.0, ""19"": 43975.0, ""2"": 474.0, ""20"": 52901.0, ""21"": 58541.0, ""22"": 67095.0, ""23"": 74675.0, ""24"": 86015.0, ""25"": 92848.0, ""26"": 101347.0, ""27"": 106415.0, ""28"": 108409.0, ""3"": 706.0, ""4"": 437.0, ""5"": 540.0, ""6"": 1535.0, ""7"": 453.0, ""8"": 529.0, ""9"": 393.0}","{""BUILD_PASTURE"": 14, ""CARE"": 311, ""COLLECT_FERTILIZER"": 326, ""DIG"": 34, ""DROP"": 95, ""EAST"": 791, ""FEED"": 324, ""FERTILIZE"": 90, ""HARVEST"": 302, ""NORTH"": 1223, ""PASS"": 495, ""PICKUP"": 367, ""PLACE"": 21, ""PLANT"": 99, ""SOUTH"": 917, ""WATER"": 791, ""WEST"": 1078}","{""BUY_ANIMAL"": 14, ""BUY_LAND"": 2, ""BUY_PRODUCT"": 324, ""BUY_SEED"": 51, ""HIRE"": 304, ""SELL"": 362}","{""BUY_ANIMAL:COW"": 8, ""BUY_ANIMAL:SHEEP"": 6, ""BUY_PRODUCT:WHEAT"": 1056, ""BUY_SEED:MELON"": 21, ""BUY_SEED:STRAWBERRY"": 44, ""BUY_SEED:WHEAT"": 34, ""SELL:FERTILIZER"": 234, ""SELL:MELON"": 119, ""SELL:MILK"": 230, ""SELL:STRAWBERRY"": 291, ""SELL:WHEAT"": 853, ""SELL:WOOL"": 168}",v008_q75,hamburger
2026,0,95566.0,95626.0,-60.0,loss,DONE,DONE,1,719,0,0,0.8989,1.5270700000000001,1.7152860000000003,2.0588,4.212893799995072,2,1,"[{""distance"": 0.0, ""mode"": ""frontier"", ""route"": 6, ""step"": 0}, {""distance"": 0.020400000000000015, ""mode"": ""frontier"", ""route"": 6, ""step"": 24}, {""distance"": 0.0010000000000000009, ""mode"": ""frontier"", ""route"": 6, ""step"": 48}, {""distance"": 0.021400000000000016, ""mode"": ""frontier"", ""route"": 6, ""step"": 72}, {""distance"": 0.18200000000000016, ""mode"": ""frontier"", ""route"": 5, ""step"": 96}, {""distance"": 1.7824000000000002, ""mode"": ""frontier"", ""route"": 5, ""step"": 120}, {""distance"": 1.9222, ""mode"": ""frontier"", ""route"": 5, ""step"": 144}, {""distance"": 2.141, ""mode"": ""frontier"", ""route"": 5, ""step"": 168}, {""distance"": 0.7636000000000002, ""mode"": ""frontier"", ""route"": 5, ""step"": 192}, {""distance"": 3.7459999999999996, ""mode"": ""frontier"", ""route"": 5, ""step"": 216}, {""distance"": 1.8291999999999997, ""mode"": ""frontier"", ""route"": 5, ""step"": 240}, {""distance"": 10.4812, ""mode"": ""frontier"", ""route"": 5, ""step"": 264}, {""distance"": 7.6018, ""mode"": ""frontier"", ""route"": 5, ""step"": 288}, {""distance"": 3.935, ""mode"": ""frontier"", ""route"": 5, ""step"": 312}, {""distance"": 5.5458, ""mode"": ""frontier"", ""route"": 5, ""step"": 336}, {""distance"": 11.556000000000001, ""mode"": ""frontier"", ""route"": 4, ""step"": 360}, {""distance"": 9.8266, ""mode"": ""frontier"", ""route"": 4, ""step"": 384}, {""distance"": 10.8524, ""mode"": ""frontier"", ""route"": 4, ""step"": 408}, {""distance"": 10.589199999999998, ""mode"": ""frontier"", ""route"": 4, ""step"": 432}, {""distance"": 9.8534, ""mode"": ""frontier"", ""route"": 4, ""step"": 456}, {""distance"": 12.118200000000003, ""mode"": ""frontier"", ""route"": 4, ""step"": 480}, {""distance"": 10.4374, ""mode"": ""frontier"", ""route"": 4, ""step"": 504}, {""distance"": 15.302400000000002, ""mode"": ""frontier"", ""route"": 5, ""step"": 528}, {""distance"": 15.0086, ""mode"": ""frontier"", ""route"": 5, ""step"": 552}, {""distance"": 15.321000000000002, ""mode"": ""frontier"", ""route"": 4, ""step"": 576}, {""distance"": 16.827199999999998, ""mode"": ""frontier"", ""route"": 5, ""step"": 600}, {""distance"": 12.2972, ""mode"": ""frontier"", ""route"": 5, ""step"": 624}, {""distance"": 16.640600000000003, ""mode"": ""frontier"", ""route"": 5, ""step"": 648}, {""distance"": 18.898599999999995, ""mode"": ""frontier"", ""route"": 5, ""step"": 672}, {""distance"": 18.061000000000003, ""mode"": ""frontier"", ""route"": 5, ""step"": 696}]","{""0"": 157.0, ""1"": 211.0, ""10"": 3115.0, ""11"": 8952.0, ""12"": 12441.0, ""13"": 13401.0, ""14"": 18909.0, ""15"": 21664.0, ""16"": 23096.0, ""17"": 26909.0, ""18"": 30411.0, ""19"": 34536.0, ""2"": 474.0, ""20"": 40837.0, ""21"": 44093.0, ""22"": 52494.0, ""23"": 59114.0, ""24"": 68734.0, ""25"": 75533.0, ""26"": 81897.0, ""27"": 86531.0, ""28"": 87751.0, ""3"": 706.0, ""4"": 437.0, ""5"": 540.0, ""6"": 1533.0, ""7"": 450.0, ""8"": 518.0, ""9"": 341.0}","{""BUILD_PASTURE"": 14, ""CARE"": 311, ""COLLECT_FERTILIZER"": 326, ""DIG"": 34, ""DROP"": 95, ""EAST"": 791, ""FEED"": 324, ""FERTILIZE"": 90, ""HARVEST"": 302, ""NORTH"": 1223, ""PASS"": 495, ""PICKUP"": 367, ""PLACE"": 21, ""PLANT"": 99, ""SOUTH"": 917, ""WATER"": 791, ""WEST"": 1078}","{""BUY_ANIMAL"": 14, ""BUY_LAND"": 2, ""BUY_PRODUCT"": 324, ""BUY_SEED"": 51, ""HIRE"": 304, ""SELL"": 361}","{""BUY_ANIMAL:COW"": 8, ""BUY_ANIMAL:SHEEP"": 6, ""BUY_PRODUCT:WHEAT"": 1056, ""BUY_SEED:MELON"": 21, ""BUY_SEED:STRAWBERRY"": 44, ""BUY_SEED:WHEAT"": 34, ""SELL:FERTILIZER"": 232, ""SELL:MELON"": 119, ""SELL:MILK"": 230, ""SELL:STRAWBERRY"": 291, ""SELL:WHEAT"": 853, ""SELL:WOOL"": 168}",v008_q75,hamburger
2026,1,93420.0,98057.0,-4637.0,loss,DONE,DONE,1,719,0,0,0.8788,1.4609500000000006,1.730552,2.0396,4.107376999978442,2,1,"[{""distance"": 0.0, ""mode"": ""frontier"", ""route"": 6, ""step"": 0}, {""distance"": 0.020400000000000015, ""mode"": ""frontier"", ""route"": 6, ""step"": 24}, {""distance"": 0.0010000000000000009, ""mode"": ""frontier"", ""route"": 6, ""step"": 48}, {""distance"": 0.021400000000000016, ""mode"": ""frontier"", ""route"": 6, ""step"": 72}, {""distance"": 0.18200000000000016, ""mode"": ""frontier"", ""route"": 5, ""step"": 96}, {""distance"": 1.7824000000000002, ""mode"": ""frontier"", ""route"": 5, ""step"": 120}, {""distance"": 1.9222, ""mode"": ""frontier"", ""route"": 5, ""step"": 144}, {""distance"": 2.141, ""mode"": ""frontier"", ""route"": 5, ""step"": 168}, {""distance"": 0.7636000000000002, ""mode"": ""frontier"", ""route"": 5, ""step"": 192}, {""distance"": 3.7459999999999996, ""mode"": ""frontier"", ""route"": 5, ""step"": 216}, {""distance"": 1.8291999999999997, ""mode"": ""frontier"", ""route"": 5, ""step"": 240}, {""distance"": 11.9812, ""mode"": ""frontier"", ""route"": 5, ""step"": 264}, {""distance"": 10.1018, ""mode"": ""frontier"", ""route"": 5, ""step"": 288}, {""distance"": 6.4350000000000005, ""mode"": ""frontier"", ""route"": 5, ""step"": 312}, {""distance"": 6.845799999999999, ""mode"": ""frontier"", ""route"": 5, ""step"": 336}, {""distance"": 13.6782, ""mode"": ""frontier"", ""route"": 5, ""step"": 360}, {""distance"": 11.626600000000002, ""mode"": ""frontier"", ""route"": 4, ""step"": 384}, {""distance"": 12.652399999999998, ""mode"": ""frontier"", ""route"": 4, ""step"": 408}, {""distance"": 12.1892, ""mode"": ""frontier"", ""route"": 4, ""step"": 432}, {""distance"": 11.453399999999998, ""mode"": ""frontier"", ""route"": 4, ""step"": 456}, {""distance"": 13.818200000000003, ""mode"": ""frontier"", ""route"": 4, ""step"": 480}, {""distance"": 13.337399999999999, ""mode"": ""frontier"", ""route"": 4, ""step"": 504}, {""distance"": 19.7024, ""mode"": ""frontier"", ""route"": 5, ""step"": 528}, {""distance"": 19.3086, ""mode"": ""frontier"", ""route"": 5, ""step"": 552}, {""distance"": 20.388999999999996, ""mode"": ""frontier"", ""route"": 5, ""step"": 576}, {""distance"": 18.29, ""mode"": ""frontier"", ""route"": 5, ""step"": 600}, {""distance"": 12.578399999999998, ""mode"": ""frontier"", ""route"": 5, ""step"": 624}, {""distance"": 16.9126, ""mode"": ""frontier"", ""route"": 5, ""step"": 648}, {""distance"": 19.1684, ""mode"": ""frontier"", ""route"": 5, ""step"": 672}, {""distance"": 17.324, ""mode"": ""frontier"", ""route"": 5, ""step"": 696}]","{""0"": 157.0, ""1"": 211.0, ""10"": 3115.0, ""11"": 8952.0, ""12"": 12441.0, ""13"": 13401.0, ""14"": 18909.0, ""15"": 21664.0, ""16"": 23096.0, ""17"": 26909.0, ""18"": 30411.0, ""19"": 34536.0, ""2"": 474.0, ""20"": 40837.0, ""21"": 44093.0, ""22"": 52494.0, ""23"": 58719.0, ""24"": 67822.0, ""25"": 73427.0, ""26"": 79830.0, ""27"": 84375.0, ""28"": 85636.0, ""3"": 706.0, ""4"": 437.0, ""5"": 540.0, ""6"": 1533.0, ""7"": 450.0, ""8"": 518.0, ""9"": 341.0}","{""BUILD_PASTURE"": 14, ""CARE"": 311, ""COLLECT_FERTILIZER"": 326, ""DIG"": 34, ""DROP"": 95, ""EAST"": 791, ""FEED"": 324, ""FERTILIZE"": 90, ""HARVEST"": 302, ""NORTH"": 1223, ""PASS"": 495, ""PICKUP"": 367, ""PLACE"": 21, ""PLANT"": 99, ""SOUTH"": 917, ""WATER"": 791, ""WEST"": 1078}","{""BUY_ANIMAL"": 14, ""BUY_LAND"": 2, ""BUY_PRODUCT"": 324, ""BUY_SEED"": 51, ""HIRE"": 304, ""SELL"": 362}","{""BUY_ANIMAL:COW"": 8, ""BUY_ANIMAL:SHEEP"": 6, ""BUY_PRODUCT:WHEAT"": 1056, ""BUY_SEED:MELON"": 21, ""BUY_SEED:STRAWBERRY"": 44, ""BUY_SEED:WHEAT"": 34, ""SELL:FERTILIZER"": 234, ""SELL:MELON"": 119, ""SELL:MILK"": 230, ""SELL:STRAWBERRY"": 291, ""SELL:WHEAT"": 853, ""SELL:WOOL"": 168}",v008_q75,hamburger
17,0,137348.0,140429.0,-3081.0,loss,DONE,DONE,1,719,0,0,0.9258,1.5842800000000001,1.7880000000000011,2.5801,4.16369190000114,2,1,"[{""distance"": 0.0, ""mode"": ""frontier"", ""route"": 6, ""step"": 0}, {""distance"": 0.02200000000000002, ""mode"": ""frontier"", ""route"": 1, ""step"": 24}, {""distance"": 1.0030000000000001, ""mode"": ""frontier"", ""route"": 2, ""step"": 48}, {""distance"": 1.0234, ""mode"": ""frontier"", ""route"": 2, ""step"": 72}, {""distance"": 1.2037999999999998, ""mode"": ""frontier"", ""route"": 2, ""step"": 96}, {""distance"": 1.3637999999999995, ""mode"": ""frontier"", ""route"": 2, ""step"": 120}, {""distance"": 4.0454, ""mode"": ""frontier"", ""route"": 2, ""step"": 144}, {""distance"": 4.2338000000000005, ""mode"": ""frontier"", ""route"": 1, ""step"": 168}, {""distance"": 4.639600000000001, ""mode"": ""frontier"", ""route"": 2, ""step"": 192}, {""distance"": 5.263800000000001, ""mode"": ""frontier"", ""route"": 4, ""step"": 216}, {""distance"": 5.536, ""mode"": ""frontier"", ""route"": 4, ""step"": 240}, {""distance"": 5.927000000000001, ""mode"": ""frontier"", ""route"": 2, ""step"": 264}, {""distance"": 5.8164, ""mode"": ""frontier"", ""route"": 4, ""step"": 288}, {""distance"": 6.9474, ""mode"": ""frontier"", ""route"": 2, ""step"": 312}, {""distance"": 7.1312, ""mode"": ""frontier"", ""route"": 4, ""step"": 336}, {""distance"": 7.5544, ""mode"": ""frontier"", ""route"": 2, ""step"": 360}, {""distance"": 7.077599999999999, ""mode"": ""frontier"", ""route"": 2, ""step"": 384}, {""distance"": 9.122399999999999, ""mode"": ""frontier"", ""route"": 2, ""step"": 408}, {""distance"": 8.711400000000001, ""mode"": ""frontier"", ""route"": 2, ""step"": 432}, {""distance"": 9.506600000000002, ""mode"": ""frontier"", ""route"": 2, ""step"": 456}, {""distance"": 10.382200000000001, ""mode"": ""frontier"", ""route"": 2, ""step"": 480}, {""distance"": 10.002199999999998, ""mode"": ""frontier"", ""route"": 2, ""step"": 504}, {""distance"": 10.557799999999999, ""mode"": ""frontier"", ""route"": 2, ""step"": 528}, {""distance"": 12.348999999999997, ""mode"": ""frontier"", ""route"": 2, ""step"": 552}, {""distance"": 13.318999999999999, ""mode"": ""frontier"", ""route"": 2, ""step"": 576}, {""distance"": 13.1024, ""mode"": ""frontier"", ""route"": 2, ""step"": 600}, {""distance"": 14.258400000000002, ""mode"": ""frontier"", ""route"": 1, ""step"": 624}, {""distance"": 13.641000000000005, ""mode"": ""frontier"", ""route"": 1, ""step"": 648}, {""distance"": 14.125799999999998, ""mode"": ""frontier"", ""route"": 1, ""step"": 672}, {""distance"": 17.977999999999998, ""mode"": ""frontier"", ""route"": 3, ""step"": 696}]","{""0"": 165.0, ""1"": 220.0, ""10"": 3390.0, ""11"": 8194.0, ""12"": 12082.0, ""13"": 13462.0, ""14"": 21156.0, ""15"": 23822.0, ""16"": 26695.0, ""17"": 34706.0, ""18"": 40710.0, ""19"": 46496.0, ""2"": 485.0, ""20"": 57457.0, ""21"": 63972.0, ""22"": 74202.0, ""23"": 82369.0, ""24"": 94150.0, ""25"": 101549.0, ""26"": 111910.0, ""27"": 119704.0, ""28"": 124891.0, ""3"": 719.0, ""4"": 451.0, ""5"": 561.0, ""6"": 1480.0, ""7"": 310.0, ""8"": 746.0, ""9"": 551.0}","{""BUILD_PASTURE"": 14, ""CARE"": 311, ""COLLECT_FERTILIZER"": 326, ""DIG"": 34, ""DROP"": 95, ""EAST"": 791, ""FEED"": 324, ""FERTILIZE"": 90, ""HARVEST"": 302, ""NORTH"": 1223, ""PASS"": 495, ""PICKUP"": 367, ""PLACE"": 21, ""PLANT"": 99, ""SOUTH"": 917, ""WATER"": 791, ""WEST"": 1078}","{""BUY_ANIMAL"": 14, ""BUY_LAND"": 2, ""BUY_PRODUCT"": 324, ""BUY_SEED"": 51, ""HIRE"": 304, ""SELL"": 363}","{""BUY_ANIMAL:COW"": 8, ""BUY_ANIMAL:SHEEP"": 6, ""BUY_PRODUCT:WHEAT"": 1056, ""BUY_SEED:MELON"": 21, ""BUY_SEED:STRAWBERRY"": 44, ""BUY_SEED:WHEAT"": 34, ""SELL:FERTILIZER"": 234, ""SELL:MELON"": 119, ""SELL:MILK"": 230, ""SELL:STRAWBERRY"": 291, ""SELL:WHEAT"": 877, ""SELL:WOOL"": 168}",v008_q75,builder
17,1,111252.0,112505.0,-1253.0,loss,DONE,DONE,1,719,0,0,0.9106,1.6053300000000004,1.836888000000001,2.5384,4.1542966999986675,7,1,"[{""distance"": 0.0, ""mode"": ""frontier"", ""route"": 6, ""step"": 0}, {""distance"": 0.02200000000000002, ""mode"": ""frontier"", ""route"": 1, ""step"": 24}, {""distance"": 0.0029999999999999957, ""mode"": ""frontier"", ""route"": 1, ""step"": 48}, {""distance"": 1.1234000000000002, ""mode"": ""frontier"", ""route"": 1, ""step"": 72}, {""distance"": 1.1638000000000002, ""mode"": ""frontier"", ""route"": 2, ""step"": 96}, {""distance"": 1.1838000000000002, ""mode"": ""frontier"", ""route"": 2, ""step"": 120}, {""distance"": 1.2054, ""mode"": ""frontier"", ""route"": 2, ""step"": 144}, {""distance"": 1.5844000000000007, ""mode"": ""frontier"", ""route"": 1, ""step"": 168}, {""distance"": 1.9362, ""mode"": ""frontier"", ""route"": 2, ""step"": 192}, {""distance"": 2.66, ""mode"": ""frontier"", ""route"": 0, ""step"": 216}, {""distance"": 2.8399999999999994, ""mode"": ""frontier"", ""route"": 0, ""step"": 240}, {""distance"": 3.100000000000001, ""mode"": ""frontier"", ""route"": 0, ""step"": 264}, {""distance"": 4.42, ""mode"": ""frontier"", ""route"": 0, ""step"": 288}, {""distance"": 2.2330000000000005, ""mode"": ""frontier"", ""route"": 0, ""step"": 312}, {""distance"": 2.2929999999999993, ""mode"": ""frontier"", ""route"": 0, ""step"": 336}, {""distance"": 2.3664000000000005, ""mode"": ""frontier"", ""route"": 0, ""step"": 360}, {""distance"": 2.608000000000001, ""mode"": ""frontier"", ""route"": 0, ""step"": 384}, {""distance"": 3.610599999999998, ""mode"": ""frontier"", ""route"": 0, ""step"": 408}, {""distance"": 3.939399999999999, ""mode"": ""frontier"", ""route"": 0, ""step"": 432}, {""distance"": 4.276200000000001, ""mode"": ""frontier"", ""route"": 0, ""step"": 456}, {""distance"": 5.5985999999999985, ""mode"": ""frontier"", ""route"": 0, ""step"": 480}, {""distance"": 3.7614, ""mode"": ""frontier"", ""route"": 0, ""step"": 504}, {""distance"": 4.0218, ""mode"": ""frontier"", ""route"": 0, ""step"": 528}, {""distance"": 4.0294000000000025, ""mode"": ""frontier"", ""route"": 0, ""step"": 552}, {""distance"": 4.131799999999997, ""mode"": ""frontier"", ""route"": 0, ""step"": 576}, {""distance"": 4.3344, ""mode"": ""frontier"", ""route"": 0, ""step"": 600}, {""distance"": 4.531000000000001, ""mode"": ""frontier"", ""route"": 0, ""step"": 624}, {""distance"": 4.25, ""mode"": ""frontier"", ""route"": 0, ""step"": 648}, {""distance"": 4.638400000000001, ""mode"": ""frontier"", ""route"": 0, ""step"": 672}, {""distance"": 4.361000000000002, ""mode"": ""frontier"", ""route"": 0, ""step"": 696}]","{""0"": 165.0, ""1"": 220.0, ""10"": 1532.0, ""11"": 7386.0, ""12"": 10929.0, ""13"": 11630.0, ""14"": 18656.0, ""15"": 22046.0, ""16"": 24052.0, ""17"": 30655.0, ""18"": 34895.0, ""19"": 38579.0, ""2"": 485.0, ""20"": 46654.0, ""21"": 51188.0, ""22"": 59292.0, ""23"": 65778.0, ""24"": 76066.0, ""25"": 83519.0, ""26"": 91340.0, ""27"": 98357.0, ""28"": 101467.0, ""3"": 719.0, ""4"": 451.0, ""5"": 561.0, ""6"": 1572.0, ""7"": 489.0, ""8"": 124.0, ""9"": 91.0}","{""BUILD_PASTURE"": 14, ""CARE"": 310, ""COLLECT_FERTILIZER"": 323, ""DIG"": 34, ""DROP"": 99, ""EAST"": 784, ""FEED"": 324, ""FERTILIZE"": 89, ""HARVEST"": 301, ""NORTH"": 1209, ""PASS"": 482, ""PICKUP"": 367, ""PLACE"": 16, ""PLANT"": 98, ""SOUTH"": 908, ""WATER"": 782, ""WEST"": 1078}","{""BUY_ANIMAL"": 14, ""BUY_LAND"": 2, ""BUY_PRODUCT"": 324, ""BUY_SEED"": 51, ""HIRE"": 304, ""SELL"": 363}","{""BUY_ANIMAL:COW"": 8, ""BUY_ANIMAL:SHEEP"": 6, ""BUY_PRODUCT:WHEAT"": 1056, ""BUY_SEED:MELON"": 21, ""BUY_SEED:STRAWBERRY"": 44, ""BUY_SEED:WHEAT"": 34, ""SELL:FERTILIZER"": 232, ""SELL:MELON"": 119, ""SELL:MILK"": 230, ""SELL:STRAWBERRY"": 291, ""SELL:WHEAT"": 866, ""SELL:WOOL"": 168}",v008_q75,builder
42,0,151190.0,143993.0,7197.0,win,DONE,DONE,1,719,0,0,0.9137,1.6153199999999999,1.8812420000000012,2.292,4.1846432000165805,2,1,"[{""distance"": 0.0, ""mode"": ""frontier"", ""route"": 6, ""step"": 0}, {""distance"": 0.522, ""mode"": ""frontier"", ""route"": 1, ""step"": 24}, {""distance"": 0.0029999999999999957, ""mode"": ""frontier"", ""route"": 1, ""step"": 48}, {""distance"": 0.023400000000000018, ""mode"": ""frontier"", ""route"": 1, ""step"": 72}, {""distance"": 0.003400000000000014, ""mode"": ""frontier"", ""route"": 3, ""step"": 96}, {""distance"": 1.0238, ""mode"": ""frontier"", ""route"": 1, ""step"": 120}, {""distance"": 1.0053999999999998, ""mode"": ""frontier"", ""route"": 1, ""step"": 144}, {""distance"": 0.8356000000000001, ""mode"": ""frontier"", ""route"": 1, ""step"": 168}, {""distance"": 1.6463999999999996, ""mode"": ""frontier"", ""route"": 2, ""step"": 192}, {""distance"": 2.4062, ""mode"": ""frontier"", ""route"": 2, ""step"": 216}, {""distance"": 2.5116, ""mode"": ""frontier"", ""route"": 2, ""step"": 240}, {""distance"": 3.3406, ""mode"": ""frontier"", ""route"": 2, ""step"": 264}, {""distance"": 3.9702, ""mode"": ""frontier"", ""route"": 2, ""step"": 288}, {""distance"": 2.3644, ""mode"": ""frontier"", ""route"": 2, ""step"": 312}, {""distance"": 4.0084, ""mode"": ""frontier"", ""route"": 2, ""step"": 336}, {""distance"": 3.9534000000000007, ""mode"": ""frontier"", ""route"": 2, ""step"": 360}, {""distance"": 4.160399999999999, ""mode"": ""frontier"", ""route"": 2, ""step"": 384}, {""distance"": 4.007599999999999, ""mode"": ""frontier"", ""route"": 2, ""step"": 408}, {""distance"": 4.345800000000001, ""mode"": ""frontier"", ""route"": 2, ""step"": 432}, {""distance"": 4.5120000000000005, ""mode"": ""frontier"", ""route"": 2, ""step"": 456}, {""distance"": 4.4886, ""mode"": ""frontier"", ""route"": 2, ""step"": 480}, {""distance"": 4.423399999999998, ""mode"": ""frontier"", ""route"": 2, ""step"": 504}, {""distance"": 3.3094, ""mode"": ""frontier"", ""route"": 2, ""step"": 528}, {""distance"": 4.545400000000001, ""mode"": ""frontier"", ""route"": 2, ""step"": 552}, {""distance"": 5.2193999999999985, ""mode"": ""frontier"", ""route"": 2, ""step"": 576}, {""distance"": 5.558999999999998, ""mode"": ""frontier"", ""route"": 2, ""step"": 600}, {""distance"": 5.218200000000001, ""mode"": ""frontier"", ""route"": 2, ""step"": 624}, {""distance"": 6.593600000000003, ""mode"": ""frontier"", ""route"": 2, ""step"": 648}, {""distance"": 5.4220000000000015, ""mode"": ""frontier"", ""route"": 2, ""step"": 672}, {""distance"": 10.962200000000003, ""mode"": ""frontier"", ""route"": 3, ""step"": 696}]","{""0"": 165.0, ""1"": 220.0, ""10"": 3758.0, ""11"": 10009.0, ""12"": 13931.0, ""13"": 15402.0, ""14"": 22795.0, ""15"": 26412.0, ""16"": 29345.0, ""17"": 38392.0, ""18"": 44503.0, ""19"": 50550.0, ""2"": 485.0, ""20"": 62885.0, ""21"": 69491.0, ""22"": 80602.0, ""23"": 89410.0, ""24"": 104418.0, ""25"": 111513.0, ""26"": 124177.0, ""27"": 132794.0, ""28"": 138714.0, ""3"": 719.0, ""4"": 451.0, ""5"": 561.0, ""6"": 1528.0, ""7"": 440.0, ""8"": 1045.0, ""9"": 892.0}","{""BUILD_PASTURE"": 14, ""CARE"": 310, ""COLLECT_FERTILIZER"": 326, ""DIG"": 34, ""DROP"": 95, ""EAST"": 788, ""FEED"": 324, ""FERTILIZE"": 90, ""HARVEST"": 302, ""NORTH"": 1218, ""PASS"": 515, ""PICKUP"": 367, ""PLACE"": 21, ""PLANT"": 99, ""SOUTH"": 914, ""WATER"": 786, ""WEST"": 1075}","{""BUY_ANIMAL"": 14, ""BUY_LAND"": 2, ""BUY_PRODUCT"": 324, ""BUY_SEED"": 51, ""HIRE"": 304, ""SELL"": 363}","{""BUY_ANIMAL:COW"": 8, ""BUY_ANIMAL:SHEEP"": 6, ""BUY_PRODUCT:WHEAT"": 1056, ""BUY_SEED:MELON"": 21, ""BUY_SEED:STRAWBERRY"": 44, ""BUY_SEED:WHEAT"": 34, ""SELL:FERTILIZER"": 236, ""SELL:MELON"": 119, ""SELL:MILK"": 230, ""SELL:STRAWBERRY"": 291, ""SELL:WHEAT"": 853, ""SELL:WOOL"": 168}",v008_q75,builder
42,1,150152.0,133402.0,16750.0,win,DONE,DONE,1,719,0,0,0.9007,1.5791800000000003,1.8493160000000006,2.8767,4.179462300002342,2,1,"[{""distance"": 0.0, ""mode"": ""frontier"", ""route"": 6, ""step"": 0}, {""distance"": 0.522, ""mode"": ""frontier"", ""route"": 1, ""step"": 24}, {""distance"": 0.0029999999999999957, ""mode"": ""frontier"", ""route"": 1, ""step"": 48}, {""distance"": 0.023400000000000018, ""mode"": ""frontier"", ""route"": 1, ""step"": 72}, {""distance"": 0.003400000000000014, ""mode"": ""frontier"", ""route"": 3, ""step"": 96}, {""distance"": 0.023800000000000016, ""mode"": ""frontier"", ""route"": 1, ""step"": 120}, {""distance"": 0.005399999999999988, ""mode"": ""frontier"", ""route"": 1, ""step"": 144}, {""distance"": 0.12619999999999998, ""mode"": ""frontier"", ""route"": 3, ""step"": 168}, {""distance"": 0.18400000000000016, ""mode"": ""frontier"", ""route"": 3, ""step"": 192}, {""distance"": 0.28139999999999976, ""mode"": ""frontier"", ""route"": 3, ""step"": 216}, {""distance"": 0.4275999999999999, ""mode"": ""frontier"", ""route"": 1, ""step"": 240}, {""distance"": 1.4706000000000006, ""mode"": ""frontier"", ""route"": 1, ""step"": 264}, {""distance"": 2.5894, ""mode"": ""frontier"", ""route"": 1, ""step"": 288}, {""distance"": 1.0352000000000003, ""mode"": ""frontier"", ""route"": 3, ""step"": 312}, {""distance"": 2.0553999999999997, ""mode"": ""frontier"", ""route"": 1, ""step"": 336}, {""distance"": 1.9265999999999994, ""mode"": ""frontier"", ""route"": 1, ""step"": 360}, {""distance"": 1.8375999999999995, ""mode"": ""frontier"", ""route"": 1, ""step"": 384}, {""distance"": 1.9684000000000001, ""mode"": ""frontier"", ""route"": 1, ""step"": 408}, {""distance"": 1.8997999999999988, ""mode"": ""frontier"", ""route"": 1, ""step"": 432}, {""distance"": 2.417200000000001, ""mode"": ""frontier"", ""route"": 1, ""step"": 456}, {""distance"": 3.239599999999998, ""mode"": ""frontier"", ""route"": 1, ""step"": 480}, {""distance"": 3.6395999999999993, ""mode"": ""frontier"", ""route"": 1, ""step"": 504}, {""distance"": 4.474799999999998, ""mode"": ""frontier"", ""route"": 1, ""step"": 528}, {""distance"": 4.6469999999999985, ""mode"": ""frontier"", ""route"": 2, ""step"": 552}, {""distance"": 5.580399999999999, ""mode"": ""frontier"", ""route"": 2, ""step"": 576}, {""distance"": 5.025400000000003, ""mode"": ""frontier"", ""route"": 2, ""step"": 600}, {""distance"": 6.1885999999999965, ""mode"": ""frontier"", ""route"": 1, ""step"": 624}, {""distance"": 7.132799999999998, ""mode"": ""frontier"", ""route"": 2, ""step"": 648}, {""distance"": 7.5752, ""mode"": ""frontier"", ""route"": 2, ""step"": 672}, {""distance"": 11.246200000000002, ""mode"": ""frontier"", ""route"": 3, ""step"": 696}]","{""0"": 165.0, ""1"": 220.0, ""10"": 3527.0, ""11"": 9655.0, ""12"": 13440.0, ""13"": 14657.0, ""14"": 22127.0, ""15"": 25707.0, ""16"": 28365.0, ""17"": 37016.0, ""18"": 43041.0, ""19"": 48729.0, ""2"": 485.0, ""20"": 60339.0, ""21"": 66753.0, ""22"": 77466.0, ""23"": 86248.0, ""24"": 101015.0, ""25"": 109150.0, ""26"": 121715.0, ""27"": 130684.0, ""28"": 136482.0, ""3"": 719.0, ""4"": 451.0, ""5"": 561.0, ""6"": 1528.0, ""7"": 440.0, ""8"": 870.0, ""9"": 718.0}","{""BUILD_PASTURE"": 14, ""CARE"": 311, ""COLLECT_FERTILIZER"": 326, ""DIG"": 34, ""DROP"": 95, ""EAST"": 791, ""FEED"": 324, ""FERTILIZE"": 90, ""HARVEST"": 302, ""NORTH"": 1223, ""PASS"": 495, ""PICKUP"": 367, ""PLACE"": 21, ""PLANT"": 99, ""SOUTH"": 917, ""WATER"": 791, ""WEST"": 1078}","{""BUY_ANIMAL"": 14, ""BUY_LAND"": 2, ""BUY_PRODUCT"": 324, ""BUY_SEED"": 51, ""HIRE"": 304, ""SELL"": 362}","{""BUY_ANIMAL:COW"": 8, ""BUY_ANIMAL:SHEEP"": 6, ""BUY_PRODUCT:WHEAT"": 1056, ""BUY_SEED:MELON"": 21, ""BUY_SEED:STRAWBERRY"": 44, ""BUY_SEED:WHEAT"": 34, ""SELL:FERTILIZER"": 234, ""SELL:MELON"": 119, ""SELL:MILK"": 230, ""SELL:STRAWBERRY"": 291, ""SELL:WHEAT"": 853, ""SELL:WOOL"": 168}",v008_q75,builder
2026,0,134017.0,122907.0,11110.0,win,DONE,DONE,1,719,0,0,0.9324,1.5602900000000004,1.8132820000000005,2.2243,4.390947000007145,2,1,"[{""distance"": 0.0, ""mode"": ""frontier"", ""route"": 6, ""step"": 0}, {""distance"": 0.02200000000000002, ""mode"": ""frontier"", ""route"": 1, ""step"": 24}, {""distance"": 0.0029999999999999957, ""mode"": ""frontier"", ""route"": 2, ""step"": 48}, {""distance"": 0.023400000000000018, ""mode"": ""frontier"", ""route"": 2, ""step"": 72}, {""distance"": 0.20379999999999973, ""mode"": ""frontier"", ""route"": 2, ""step"": 96}, {""distance"": 0.36379999999999946, ""mode"": ""frontier"", ""route"": 2, ""step"": 120}, {""distance"": 0.44540000000000035, ""mode"": ""frontier"", ""route"": 2, ""step"": 144}, {""distance"": 0.2556, ""mode"": ""frontier"", ""route"": 1, ""step"": 168}, {""distance"": 0.5464, ""mode"": ""frontier"", ""route"": 2, ""step"": 192}, {""distance"": 1.1311999999999995, ""mode"": ""frontier"", ""route"": 2, ""step"": 216}, {""distance"": 0.8237999999999999, ""mode"": ""frontier"", ""route"": 4, ""step"": 240}, {""distance"": 1.2526000000000004, ""mode"": ""frontier"", ""route"": 4, ""step"": 264}, {""distance"": 2.2039999999999997, ""mode"": ""frontier"", ""route"": 4, ""step"": 288}, {""distance"": 3.6168000000000005, ""mode"": ""frontier"", ""route"": 2, ""step"": 312}, {""distance"": 3.9874000000000005, ""mode"": ""frontier"", ""route"": 4, ""step"": 336}, {""distance"": 4.0328, ""mode"": ""frontier"", ""route"": 4, ""step"": 360}, {""distance"": 4.938599999999999, ""mode"": ""frontier"", ""route"": 4, ""step"": 384}, {""distance"": 5.6469999999999985, ""mode"": ""frontier"", ""route"": 2, ""step"": 408}, {""distance"": 6.066200000000001, ""mode"": ""frontier"", ""route"": 2, ""step"": 432}, {""distance"": 6.8744, ""mode"": ""frontier"", ""route"": 3, ""step"": 456}, {""distance"": 6.487400000000001, ""mode"": ""frontier"", ""route"": 2, ""step"": 480}, {""distance"": 6.6016, ""mode"": ""frontier"", ""route"": 2, ""step"": 504}, {""distance"": 6.0008, ""mode"": ""frontier"", ""route"": 3, ""step"": 528}, {""distance"": 6.715399999999998, ""mode"": ""frontier"", ""route"": 3, ""step"": 552}, {""distance"": 7.871600000000001, ""mode"": ""frontier"", ""route"": 2, ""step"": 576}, {""distance"": 8.435400000000001, ""mode"": ""frontier"", ""route"": 2, ""step"": 600}, {""distance"": 7.493599999999999, ""mode"": ""frontier"", ""route"": 3, ""step"": 624}, {""distance"": 7.266599999999999, ""mode"": ""frontier"", ""route"": 3, ""step"": 648}, {""distance"": 7.309199999999999, ""mode"": ""frontier"", ""route"": 3, ""step"": 672}, {""distance"": 7.470600000000001, ""mode"": ""frontier"", ""route"": 3, ""step"": 696}]","{""0"": 165.0, ""1"": 220.0, ""10"": 3512.0, ""11"": 9598.0, ""12"": 13392.0, ""13"": 14759.0, ""14"": 21203.0, ""15"": 24340.0, ""16"": 26772.0, ""17"": 34732.0, ""18"": 39603.0, ""19"": 45370.0, ""2"": 485.0, ""20"": 56560.0, ""21"": 61398.0, ""22"": 72030.0, ""23"": 79867.0, ""24"": 93046.0, ""25"": 100345.0, ""26"": 110913.0, ""27"": 118217.0, ""28"": 123260.0, ""3"": 719.0, ""4"": 451.0, ""5"": 561.0, ""6"": 1528.0, ""7"": 440.0, ""8"": 870.0, ""9"": 690.0}","{""BUILD_PASTURE"": 14, ""CARE"": 311, ""COLLECT_FERTILIZER"": 326, ""DIG"": 34, ""DROP"": 95, ""EAST"": 791, ""FEED"": 324, ""FERTILIZE"": 90, ""HARVEST"": 302, ""NORTH"": 1223, ""PASS"": 495, ""PICKUP"": 367, ""PLACE"": 21, ""PLANT"": 99, ""SOUTH"": 917, ""WATER"": 791, ""WEST"": 1078}","{""BUY_ANIMAL"": 14, ""BUY_LAND"": 2, ""BUY_PRODUCT"": 324, ""BUY_SEED"": 51, ""HIRE"": 304, ""SELL"": 362}","{""BUY_ANIMAL:COW"": 8, ""BUY_ANIMAL:SHEEP"": 6, ""BUY_PRODUCT:WHEAT"": 1056, ""BUY_SEED:MELON"": 21, ""BUY_SEED:STRAWBERRY"": 44, ""BUY_SEED:WHEAT"": 34, ""SELL:FERTILIZER"": 234, ""SELL:MELON"": 119, ""SELL:MILK"": 230, ""SELL:STRAWBERRY"": 291, ""SELL:WHEAT"": 853, ""SELL:WOOL"": 168}",v008_q75,builder
2026,1,132268.0,124370.0,7898.0,win,DONE,DONE,1,719,0,0,0.9243,1.5644399999999998,1.7697920000000003,2.1497,4.2287786999950185,2,1,"[{""distance"": 0.0, ""mode"": ""frontier"", ""route"": 6, ""step"": 0}, {""distance"": 0.02200000000000002, ""mode"": ""frontier"", ""route"": 1, ""step"": 24}, {""distance"": 0.0029999999999999957, ""mode"": ""frontier"", ""route"": 2, ""step"": 48}, {""distance"": 0.023400000000000018, ""mode"": ""frontier"", ""route"": 2, ""step"": 72}, {""distance"": 0.20379999999999973, ""mode"": ""frontier"", ""route"": 2, ""step"": 96}, {""distance"": 0.36379999999999946, ""mode"": ""frontier"", ""route"": 2, ""step"": 120}, {""distance"": 0.44540000000000035, ""mode"": ""frontier"", ""route"": 2, ""step"": 144}, {""distance"": 0.2556, ""mode"": ""frontier"", ""route"": 1, ""step"": 168}, {""distance"": 0.5464, ""mode"": ""frontier"", ""route"": 2, ""step"": 192}, {""distance"": 1.1311999999999995, ""mode"": ""frontier"", ""route"": 2, ""step"": 216}, {""distance"": 0.8237999999999999, ""mode"": ""frontier"", ""route"": 4, ""step"": 240}, {""distance"": 1.7526000000000006, ""mode"": ""frontier"", ""route"": 4, ""step"": 264}, {""distance"": 2.704, ""mode"": ""frontier"", ""route"": 4, ""step"": 288}, {""distance"": 0.8656000000000005, ""mode"": ""frontier"", ""route"": 4, ""step"": 312}, {""distance"": 3.9874, ""mode"": ""frontier"", ""route"": 4, ""step"": 336}, {""distance"": 4.0328, ""mode"": ""frontier"", ""route"": 4, ""step"": 360}, {""distance"": 4.9386, ""mode"": ""frontier"", ""route"": 4, ""step"": 384}, {""distance"": 6.026999999999999, ""mode"": ""frontier"", ""route"": 2, ""step"": 408}, {""distance"": 6.4262000000000015, ""mode"": ""frontier"", ""route"": 2, ""step"": 432}, {""distance"": 6.394399999999999, ""mode"": ""frontier"", ""route"": 3, ""step"": 456}, {""distance"": 6.900999999999998, ""mode"": ""frontier"", ""route"": 3, ""step"": 480}, {""distance"": 6.5074000000000005, ""mode"": ""frontier"", ""route"": 3, ""step"": 504}, {""distance"": 6.540799999999999, ""mode"": ""frontier"", ""route"": 3, ""step"": 528}, {""distance"": 6.9528000000000025, ""mode"": ""frontier"", ""route"": 3, ""step"": 552}, {""distance"": 9.007000000000001, ""mode"": ""frontier"", ""route"": 3, ""step"": 576}, {""distance"": 7.952000000000002, ""mode"": ""frontier"", ""route"": 3, ""step"": 600}, {""distance"": 6.965999999999998, ""mode"": ""frontier"", ""route"": 3, ""step"": 624}, {""distance"": 7.162400000000001, ""mode"": ""frontier"", ""route"": 3, ""step"": 648}, {""distance"": 7.395000000000001, ""mode"": ""frontier"", ""route"": 3, ""step"": 672}, {""distance"": 10.3568, ""mode"": ""frontier"", ""route"": 3, ""step"": 696}]","{""0"": 165.0, ""1"": 220.0, ""10"": 3512.0, ""11"": 9598.0, ""12"": 13392.0, ""13"": 14759.0, ""14"": 21203.0, ""15"": 24340.0, ""16"": 26772.0, ""17"": 34732.0, ""18"": 39603.0, ""19"": 45370.0, ""2"": 485.0, ""20"": 56560.0, ""21"": 61398.0, ""22"": 72020.0, ""23"": 79837.0, ""24"": 92974.0, ""25"": 99507.0, ""26"": 109592.0, ""27"": 116896.0, ""28"": 121923.0, ""3"": 719.0, ""4"": 451.0, ""5"": 561.0, ""6"": 1528.0, ""7"": 440.0, ""8"": 870.0, ""9"": 690.0}","{""BUILD_PASTURE"": 14, ""CARE"": 311, ""COLLECT_FERTILIZER"": 326, ""DIG"": 34, ""DROP"": 95, ""EAST"": 791, ""FEED"": 324, ""FERTILIZE"": 90, ""HARVEST"": 302, ""NORTH"": 1223, ""PASS"": 495, ""PICKUP"": 367, ""PLACE"": 21, ""PLANT"": 99, ""SOUTH"": 917, ""WATER"": 791, ""WEST"": 1078}","{""BUY_ANIMAL"": 14, ""BUY_LAND"": 2, ""BUY_PRODUCT"": 324, ""BUY_SEED"": 51, ""HIRE"": 304, ""SELL"": 363}","{""BUY_ANIMAL:COW"": 8, ""BUY_ANIMAL:SHEEP"": 6, ""BUY_PRODUCT:WHEAT"": 1056, ""BUY_SEED:MELON"": 21, ""BUY_SEED:STRAWBERRY"": 44, ""BUY_SEED:WHEAT"": 34, ""SELL:FERTILIZER"": 238, ""SELL:MELON"": 119, ""SELL:MILK"": 230, ""SELL:STRAWBERRY"": 291, ""SELL:WHEAT"": 853, ""SELL:WOOL"": 168}",v008_q75,builder
17,0,130068.0,138389.0,-8321.0,loss,DONE,DONE,1,719,0,0,0.9413,1.54169,1.8399380000000005,235.9593,4.297748600016348,2,1,"[{""distance"": 0.0, ""mode"": ""frontier"", ""route"": 6, ""step"": 0}, {""distance"": 0.0, ""mode"": ""frontier"", ""route"": 6, ""step"": 24}, {""distance"": 1.0, ""mode"": ""frontier"", ""route"": 6, ""step"": 48}, {""distance"": 1.0, ""mode"": ""frontier"", ""route"": 6, ""step"": 72}, {""distance"": 0.0, ""mode"": ""frontier"", ""route"": 7, ""step"": 96}, {""distance"": 3.0603999999999996, ""mode"": ""frontier"", ""route"": 5, ""step"": 120}, {""distance"": 5.8622000000000005, ""mode"": ""frontier"", ""route"": 5, ""step"": 144}, {""distance"": 6.137799999999999, ""mode"": ""frontier"", ""route"": 5, ""step"": 168}, {""distance"": 4.877399999999999, ""mode"": ""frontier"", ""route"": 5, ""step"": 192}, {""distance"": 8.4346, ""mode"": ""frontier"", ""route"": 5, ""step"": 216}, {""distance"": 6.070799999999998, ""mode"": ""frontier"", ""route"": 5, ""step"": 240}, {""distance"": 16.6136, ""mode"": ""frontier"", ""route"": 5, ""step"": 264}, {""distance"": 12.866999999999999, ""mode"": ""frontier"", ""route"": 5, ""step"": 288}, {""distance"": 8.446799999999998, ""mode"": ""frontier"", ""route"": 5, ""step"": 312}, {""distance"": 8.744599999999998, ""mode"": ""frontier"", ""route"": 5, ""step"": 336}, {""distance"": 15.2458, ""mode"": ""frontier"", ""route"": 4, ""step"": 360}, {""distance"": 13.1334, ""mode"": ""frontier"", ""route"": 4, ""step"": 384}, {""distance"": 15.1854, ""mode"": ""frontier"", ""route"": 5, ""step"": 408}, {""distance"": 15.360199999999999, ""mode"": ""frontier"", ""route"": 4, ""step"": 432}, {""distance"": 15.865200000000002, ""mode"": ""frontier"", ""route"": 5, ""step"": 456}, {""distance"": 16.624599999999997, ""mode"": ""frontier"", ""route"": 5, ""step"": 480}, {""distance"": 16.1018, ""mode"": ""frontier"", ""route"": 2, ""step"": 504}, {""distance"": 19.411999999999995, ""mode"": ""frontier"", ""route"": 5, ""step"": 528}, {""distance"": 17.961399999999998, ""mode"": ""frontier"", ""route"": 7, ""step"": 552}, {""distance"": 19.2954, ""mode"": ""frontier"", ""route"": 7, ""step"": 576}, {""distance"": 20.7568, ""mode"": ""frontier"", ""route"": 6, ""step"": 600}, {""distance"": 19.094399999999997, ""mode"": ""frontier"", ""route"": 5, ""step"": 624}, {""distance"": 21.050599999999996, ""mode"": ""frontier"", ""route"": 5, ""step"": 648}, {""distance"": 22.1954, ""mode"": ""frontier"", ""route"": 1, ""step"": 672}, {""distance"": 22.692999999999994, ""mode"": ""frontier"", ""route"": 1, ""step"": 696}]","{""0"": 161.0, ""1"": 216.0, ""10"": 3289.0, ""11"": 8020.0, ""12"": 11782.0, ""13"": 13203.0, ""14"": 19460.0, ""15"": 22230.0, ""16"": 24849.0, ""17"": 32256.0, ""18"": 37604.0, ""19"": 43816.0, ""2"": 481.0, ""20"": 55009.0, ""21"": 60878.0, ""22"": 71828.0, ""23"": 79564.0, ""24"": 90721.0, ""25"": 97491.0, ""26"": 107033.0, ""27"": 113832.0, ""28"": 118443.0, ""3"": 715.0, ""4"": 447.0, ""5"": 540.0, ""6"": 1449.0, ""7"": 281.0, ""8"": 706.0, ""9"": 441.0}","{""BUILD_PASTURE"": 14, ""CARE"": 311, ""COLLECT_FERTILIZER"": 326, ""DIG"": 34, ""DROP"": 95, ""EAST"": 791, ""FEED"": 324, ""FERTILIZE"": 90, ""HARVEST"": 302, ""NORTH"": 1223, ""PASS"": 495, ""PICKUP"": 367, ""PLACE"": 21, ""PLANT"": 99, ""SOUTH"": 917, ""WATER"": 791, ""WEST"": 1078}","{""BUY_ANIMAL"": 14, ""BUY_LAND"": 2, ""BUY_PRODUCT"": 324, ""BUY_SEED"": 51, ""HIRE"": 304, ""SELL"": 362}","{""BUY_ANIMAL:COW"": 8, ""BUY_ANIMAL:SHEEP"": 6, ""BUY_PRODUCT:WHEAT"": 1056, ""BUY_SEED:MELON"": 21, ""BUY_SEED:STRAWBERRY"": 44, ""BUY_SEED:WHEAT"": 34, ""SELL:FERTILIZER"": 232, ""SELL:MELON"": 119, ""SELL:MILK"": 230, ""SELL:STRAWBERRY"": 291, ""SELL:WHEAT"": 877, ""SELL:WOOL"": 168}",v008_q75,frontier
17,1,138354.0,128732.0,9622.0,win,DONE,DONE,1,719,0,0,0.9181,1.57929,1.8850780000000005,2.3589,4.279515200003516,2,1,"[{""distance"": 0.0, ""mode"": ""frontier"", ""route"": 6, ""step"": 0}, {""distance"": 0.0, ""mode"": ""frontier"", ""route"": 6, ""step"": 24}, {""distance"": 0.5, ""mode"": ""frontier"", ""route"": 6, ""step"": 48}, {""distance"": 0.5, ""mode"": ""frontier"", ""route"": 6, ""step"": 72}, {""distance"": 0.5002, ""mode"": ""frontier"", ""route"": 6, ""step"": 96}, {""distance"": 2.5603999999999996, ""mode"": ""frontier"", ""route"": 5, ""step"": 120}, {""distance"": 4.5122, ""mode"": ""frontier"", ""route"": 5, ""step"": 144}, {""distance"": 4.6706, ""mode"": ""frontier"", ""route"": 5, ""step"": 168}, {""distance"": 3.2912, ""mode"": ""frontier"", ""route"": 5, ""step"": 192}, {""distance"": 6.8382, ""mode"": ""frontier"", ""route"": 5, ""step"": 216}, {""distance"": 4.2744, ""mode"": ""frontier"", ""route"": 5, ""step"": 240}, {""distance"": 13.517200000000003, ""mode"": ""frontier"", ""route"": 5, ""step"": 264}, {""distance"": 9.9756, ""mode"": ""frontier"", ""route"": 5, ""step"": 288}, {""distance"": 5.935799999999999, ""mode"": ""frontier"", ""route"": 5, ""step"": 312}, {""distance"": 5.278, ""mode"": ""frontier"", ""route"": 5, ""step"": 336}, {""distance"": 12.536800000000001, ""mode"": ""frontier"", ""route"": 4, ""step"": 360}, {""distance"": 9.5214, ""mode"": ""frontier"", ""route"": 4, ""step"": 384}, {""distance"": 12.906799999999997, ""mode"": ""frontier"", ""route"": 2, ""step"": 408}, {""distance"": 13.762800000000002, ""mode"": ""frontier"", ""route"": 2, ""step"": 432}, {""distance"": 13.269200000000001, ""mode"": ""frontier"", ""route"": 2, ""step"": 456}, {""distance"": 14.879600000000002, ""mode"": ""frontier"", ""route"": 2, ""step"": 480}, {""distance"": 10.450200000000002, ""mode"": ""frontier"", ""route"": 2, ""step"": 504}, {""distance"": 15.8636, ""mode"": ""frontier"", ""route"": 5, ""step"": 528}, {""distance"": 15.332999999999997, ""mode"": ""frontier"", ""route"": 5, ""step"": 552}, {""distance"": 16.0568, ""mode"": ""frontier"", ""route"": 5, ""step"": 576}, {""distance"": 16.067800000000002, ""mode"": ""frontier"", ""route"": 2, ""step"": 600}, {""distance"": 15.8372, ""mode"": ""frontier"", ""route"": 5, ""step"": 624}, {""distance"": 19.849, ""mode"": ""frontier"", ""route"": 5, ""step"": 648}, {""distance"": 20.5092, ""mode"": ""frontier"", ""route"": 3, ""step"": 672}, {""distance"": 17.7268, ""mode"": ""frontier"", ""route"": 2, ""step"": 696}]","{""0"": 161.0, ""1"": 216.0, ""10"": 3557.0, ""11"": 9583.0, ""12"": 13345.0, ""13"": 14766.0, ""14"": 21023.0, ""15"": 24154.0, ""16"": 26773.0, ""17"": 34949.0, ""18"": 40297.0, ""19"": 46509.0, ""2"": 481.0, ""20"": 58517.0, ""21"": 64386.0, ""22"": 75745.0, ""23"": 83861.0, ""24"": 98084.0, ""25"": 104955.0, ""26"": 115695.0, ""27"": 122586.0, ""28"": 127284.0, ""3"": 715.0, ""4"": 447.0, ""5"": 540.0, ""6"": 1541.0, ""7"": 462.0, ""8"": 887.0, ""9"": 709.0}","{""BUILD_PASTURE"": 14, ""CARE"": 311, ""COLLECT_FERTILIZER"": 326, ""DIG"": 34, ""DROP"": 95, ""EAST"": 791, ""FEED"": 324, ""FERTILIZE"": 90, ""HARVEST"": 302, ""NORTH"": 1223, ""PASS"": 495, ""PICKUP"": 367, ""PLACE"": 21, ""PLANT"": 99, ""SOUTH"": 917, ""WATER"": 791, ""WEST"": 1078}","{""BUY_ANIMAL"": 14, ""BUY_LAND"": 2, ""BUY_PRODUCT"": 324, ""BUY_SEED"": 51, ""HIRE"": 304, ""SELL"": 362}","{""BUY_ANIMAL:COW"": 8, ""BUY_ANIMAL:SHEEP"": 6, ""BUY_PRODUCT:WHEAT"": 1056, ""BUY_SEED:MELON"": 21, ""BUY_SEED:STRAWBERRY"": 44, ""BUY_SEED:WHEAT"": 34, ""SELL:FERTILIZER"": 233, ""SELL:MELON"": 119, ""SELL:MILK"": 230, ""SELL:STRAWBERRY"": 291, ""SELL:WHEAT"": 853, ""SELL:WOOL"": 168}",v008_q75,frontier
42,0,117636.0,117945.0,-309.0,loss,DONE,DONE,1,719,0,0,0.9361,1.6269600000000002,2.0216060000000105,242.5051,4.34393380000256,2,1,"[{""distance"": 0.0, ""mode"": ""frontier"", ""route"": 6, ""step"": 0}, {""distance"": 0.0, ""mode"": ""frontier"", ""route"": 6, ""step"": 24}, {""distance"": 0.0, ""mode"": ""frontier"", ""route"": 6, ""step"": 48}, {""distance"": 0.0, ""mode"": ""frontier"", ""route"": 6, ""step"": 72}, {""distance"": 0.16020000000000015, ""mode"": ""frontier"", ""route"": 5, ""step"": 96}, {""distance"": 1.7804000000000002, ""mode"": ""frontier"", ""route"": 5, ""step"": 120}, {""distance"": 1.9222, ""mode"": ""frontier"", ""route"": 5, ""step"": 144}, {""distance"": 2.2008, ""mode"": ""frontier"", ""route"": 5, ""step"": 168}, {""distance"": 0.9204000000000002, ""mode"": ""frontier"", ""route"": 5, ""step"": 192}, {""distance"": 3.9417999999999997, ""mode"": ""frontier"", ""route"": 5, ""step"": 216}, {""distance"": 2.4828000000000006, ""mode"": ""frontier"", ""route"": 5, ""step"": 240}, {""distance"": 12.4446, ""mode"": ""frontier"", ""route"": 5, ""step"": 264}, {""distance"": 9.5452, ""mode"": ""frontier"", ""route"": 5, ""step"": 288}, {""distance"": 6.243399999999999, ""mode"": ""frontier"", ""route"": 5, ""step"": 312}, {""distance"": 6.8332, ""mode"": ""frontier"", ""route"": 5, ""step"": 336}, {""distance"": 11.912600000000001, ""mode"": ""frontier"", ""route"": 2, ""step"": 360}, {""distance"": 9.412600000000001, ""mode"": ""frontier"", ""route"": 0, ""step"": 384}, {""distance"": 11.588399999999998, ""mode"": ""frontier"", ""route"": 2, ""step"": 408}, {""distance"": 12.3062, ""mode"": ""frontier"", ""route"": 2, ""step"": 432}, {""distance"": 11.1026, ""mode"": ""frontier"", ""route"": 1, ""step"": 456}, {""distance"": 12.514399999999998, ""mode"": ""frontier"", ""route"": 1, ""step"": 480}, {""distance"": 12.054800000000002, ""mode"": ""frontier"", ""route"": 1, ""step"": 504}, {""distance"": 16.6178, ""mode"": ""frontier"", ""route"": 6, ""step"": 528}, {""distance"": 16.239200000000004, ""mode"": ""frontier"", ""route"": 6, ""step"": 552}, {""distance"": 14.986600000000003, ""mode"": ""frontier"", ""route"": 6, ""step"": 576}, {""distance"": 16.738, ""mode"": ""frontier"", ""route"": 1, ""step"": 600}, {""distance"": 13.781199999999998, ""mode"": ""frontier"", ""route"": 1, ""step"": 624}, {""distance"": 16.126, ""mode"": ""frontier"", ""route"": 1, ""step"": 648}, {""distance"": 18.7318, ""mode"": ""frontier"", ""route"": 1, ""step"": 672}, {""distance"": 15.871999999999998, ""mode"": ""frontier"", ""route"": 1, ""step"": 696}]","{""0"": 161.0, ""1"": 216.0, ""10"": 3198.0, ""11"": 9131.0, ""12"": 12755.0, ""13"": 13752.0, ""14"": 21115.0, ""15"": 24619.0, ""16"": 26815.0, ""17"": 34282.0, ""18"": 39742.0, ""19"": 43959.0, ""2"": 481.0, ""20"": 52867.0, ""21"": 58484.0, ""22"": 66945.0, ""23"": 74522.0, ""24"": 86184.0, ""25"": 92401.0, ""26"": 101183.0, ""27"": 106400.0, ""28"": 108410.0, ""3"": 715.0, ""4"": 447.0, ""5"": 540.0, ""6"": 1543.0, ""7"": 466.0, ""8"": 539.0, ""9"": 401.0}","{""BUILD_PASTURE"": 14, ""CARE"": 311, ""COLLECT_FERTILIZER"": 326, ""DIG"": 34, ""DROP"": 95, ""EAST"": 791, ""FEED"": 324, ""FERTILIZE"": 90, ""HARVEST"": 302, ""NORTH"": 1223, ""PASS"": 495, ""PICKUP"": 367, ""PLACE"": 21, ""PLANT"": 99, ""SOUTH"": 917, ""WATER"": 791, ""WEST"": 1078}","{""BUY_ANIMAL"": 14, ""BUY_LAND"": 2, ""BUY_PRODUCT"": 324, ""BUY_SEED"": 51, ""HIRE"": 304, ""SELL"": 362}","{""BUY_ANIMAL:COW"": 8, ""BUY_ANIMAL:SHEEP"": 6, ""BUY_PRODUCT:WHEAT"": 1056, ""BUY_SEED:MELON"": 21, ""BUY_SEED:STRAWBERRY"": 44, ""BUY_SEED:WHEAT"": 34, ""SELL:FERTILIZER"": 234, ""SELL:MELON"": 119, ""SELL:MILK"": 230, ""SELL:STRAWBERRY"": 291, ""SELL:WHEAT"": 853, ""SELL:WOOL"": 168}",v008_q75,frontier
42,1,117932.0,117649.0,283.0,win,DONE,DONE,1,719,0,0,0.9085,1.5602,1.8841160000000008,2.6147,4.281933999998728,2,1,"[{""distance"": 0.0, ""mode"": ""frontier"", ""route"": 6, ""step"": 0}, {""distance"": 0.0, ""mode"": ""frontier"", ""route"": 6, ""step"": 24}, {""distance"": 0.0, ""mode"": ""frontier"", ""route"": 6, ""step"": 48}, {""distance"": 0.0, ""mode"": ""frontier"", ""route"": 6, ""step"": 72}, {""distance"": 0.16020000000000015, ""mode"": ""frontier"", ""route"": 5, ""step"": 96}, {""distance"": 1.7804000000000002, ""mode"": ""frontier"", ""route"": 5, ""step"": 120}, {""distance"": 1.9222, ""mode"": ""frontier"", ""route"": 5, ""step"": 144}, {""distance"": 2.2008, ""mode"": ""frontier"", ""route"": 5, ""step"": 168}, {""distance"": 0.9204000000000002, ""mode"": ""frontier"", ""route"": 5, ""step"": 192}, {""distance"": 3.9417999999999997, ""mode"": ""frontier"", ""route"": 5, ""step"": 216}, {""distance"": 2.4828000000000006, ""mode"": ""frontier"", ""route"": 5, ""step"": 240}, {""distance"": 10.9446, ""mode"": ""frontier"", ""route"": 5, ""step"": 264}, {""distance"": 9.5452, ""mode"": ""frontier"", ""route"": 5, ""step"": 288}, {""distance"": 6.243399999999999, ""mode"": ""frontier"", ""route"": 5, ""step"": 312}, {""distance"": 6.8332, ""mode"": ""frontier"", ""route"": 5, ""step"": 336}, {""distance"": 11.912600000000001, ""mode"": ""frontier"", ""route"": 2, ""step"": 360}, {""distance"": 9.412600000000001, ""mode"": ""frontier"", ""route"": 0, ""step"": 384}, {""distance"": 11.588399999999998, ""mode"": ""frontier"", ""route"": 2, ""step"": 408}, {""distance"": 12.3062, ""mode"": ""frontier"", ""route"": 2, ""step"": 432}, {""distance"": 11.1026, ""mode"": ""frontier"", ""route"": 1, ""step"": 456}, {""distance"": 13.014399999999998, ""mode"": ""frontier"", ""route"": 1, ""step"": 480}, {""distance"": 12.054800000000002, ""mode"": ""frontier"", ""route"": 1, ""step"": 504}, {""distance"": 16.6178, ""mode"": ""frontier"", ""route"": 6, ""step"": 528}, {""distance"": 16.476, ""mode"": ""frontier"", ""route"": 5, ""step"": 552}, {""distance"": 14.8866, ""mode"": ""frontier"", ""route"": 6, ""step"": 576}, {""distance"": 16.705000000000002, ""mode"": ""frontier"", ""route"": 1, ""step"": 600}, {""distance"": 13.820599999999999, ""mode"": ""frontier"", ""route"": 1, ""step"": 624}, {""distance"": 15.7654, ""mode"": ""frontier"", ""route"": 1, ""step"": 648}, {""distance"": 17.685200000000002, ""mode"": ""frontier"", ""route"": 1, ""step"": 672}, {""distance"": 16.825399999999995, ""mode"": ""frontier"", ""route"": 1, ""step"": 696}]","{""0"": 161.0, ""1"": 216.0, ""10"": 3198.0, ""11"": 9131.0, ""12"": 12755.0, ""13"": 13752.0, ""14"": 21115.0, ""15"": 24619.0, ""16"": 26815.0, ""17"": 34282.0, ""18"": 39742.0, ""19"": 43959.0, ""2"": 481.0, ""20"": 52867.0, ""21"": 58484.0, ""22"": 66945.0, ""23"": 74522.0, ""24"": 85849.0, ""25"": 92704.0, ""26"": 101486.0, ""27"": 106633.0, ""28"": 108643.0, ""3"": 715.0, ""4"": 447.0, ""5"": 540.0, ""6"": 1543.0, ""7"": 466.0, ""8"": 539.0, ""9"": 401.0}","{""BUILD_PASTURE"": 14, ""CARE"": 311, ""COLLECT_FERTILIZER"": 326, ""DIG"": 34, ""DROP"": 95, ""EAST"": 791, ""FEED"": 324, ""FERTILIZE"": 90, ""HARVEST"": 302, ""NORTH"": 1223, ""PASS"": 495, ""PICKUP"": 367, ""PLACE"": 21, ""PLANT"": 99, ""SOUTH"": 917, ""WATER"": 791, ""WEST"": 1078}","{""BUY_ANIMAL"": 14, ""BUY_LAND"": 2, ""BUY_PRODUCT"": 324, ""BUY_SEED"": 51, ""HIRE"": 304, ""SELL"": 362}","{""BUY_ANIMAL:COW"": 8, ""BUY_ANIMAL:SHEEP"": 6, ""BUY_PRODUCT:WHEAT"": 1056, ""BUY_SEED:MELON"": 21, ""BUY_SEED:STRAWBERRY"": 44, ""BUY_SEED:WHEAT"": 34, ""SELL:FERTILIZER"": 234, ""SELL:MELON"": 119, ""SELL:MILK"": 230, ""SELL:STRAWBERRY"": 291, ""SELL:WHEAT"": 853, ""SELL:WOOL"": 168}",v008_q75,frontier
2026,0,95841.0,93780.0,2061.0,win,DONE,DONE,1,719,0,0,0.9456,1.6534900000000001,1.9026060000000005,2.4786,4.39918010000838,2,1,"[{""distance"": 0.0, ""mode"": ""frontier"", ""route"": 6, ""step"": 0}, {""distance"": 0.0, ""mode"": ""frontier"", ""route"": 6, ""step"": 24}, {""distance"": 0.0, ""mode"": ""frontier"", ""route"": 6, ""step"": 48}, {""distance"": 0.0, ""mode"": ""frontier"", ""route"": 6, ""step"": 72}, {""distance"": 0.16020000000000015, ""mode"": ""frontier"", ""route"": 5, ""step"": 96}, {""distance"": 1.7804000000000002, ""mode"": ""frontier"", ""route"": 5, ""step"": 120}, {""distance"": 1.9222, ""mode"": ""frontier"", ""route"": 5, ""step"": 144}, {""distance"": 2.1406, ""mode"": ""frontier"", ""route"": 5, ""step"": 168}, {""distance"": 0.7614000000000001, ""mode"": ""frontier"", ""route"": 5, ""step"": 192}, {""distance"": 3.7438, ""mode"": ""frontier"", ""route"": 5, ""step"": 216}, {""distance"": 1.8276, ""mode"": ""frontier"", ""route"": 5, ""step"": 240}, {""distance"": 10.5196, ""mode"": ""frontier"", ""route"": 5, ""step"": 264}, {""distance"": 7.8068, ""mode"": ""frontier"", ""route"": 5, ""step"": 288}, {""distance"": 3.898399999999999, ""mode"": ""frontier"", ""route"": 5, ""step"": 312}, {""distance"": 5.504999999999999, ""mode"": ""frontier"", ""route"": 5, ""step"": 336}, {""distance"": 11.553, ""mode"": ""frontier"", ""route"": 4, ""step"": 360}, {""distance"": 9.968, ""mode"": ""frontier"", ""route"": 4, ""step"": 384}, {""distance"": 10.988399999999999, ""mode"": ""frontier"", ""route"": 4, ""step"": 408}, {""distance"": 10.643799999999999, ""mode"": ""frontier"", ""route"": 4, ""step"": 432}, {""distance"": 9.898, ""mode"": ""frontier"", ""route"": 4, ""step"": 456}, {""distance"": 12.000000000000002, ""mode"": ""frontier"", ""route"": 4, ""step"": 480}, {""distance"": 10.598200000000002, ""mode"": ""frontier"", ""route"": 4, ""step"": 504}, {""distance"": 15.5794, ""mode"": ""frontier"", ""route"": 5, ""step"": 528}, {""distance"": 15.3204, ""mode"": ""frontier"", ""route"": 5, ""step"": 552}, {""distance"": 15.985600000000002, ""mode"": ""frontier"", ""route"": 4, ""step"": 576}, {""distance"": 16.5506, ""mode"": ""frontier"", ""route"": 5, ""step"": 600}, {""distance"": 12.215399999999999, ""mode"": ""frontier"", ""route"": 5, ""step"": 624}, {""distance"": 16.3986, ""mode"": ""frontier"", ""route"": 5, ""step"": 648}, {""distance"": 18.439999999999998, ""mode"": ""frontier"", ""route"": 5, ""step"": 672}, {""distance"": 17.775000000000002, ""mode"": ""frontier"", ""route"": 5, ""step"": 696}]","{""0"": 161.0, ""1"": 216.0, ""10"": 3123.0, ""11"": 8923.0, ""12"": 12424.0, ""13"": 13405.0, ""14"": 18924.0, ""15"": 21657.0, ""16"": 23016.0, ""17"": 26836.0, ""18"": 30388.0, ""19"": 34527.0, ""2"": 481.0, ""20"": 40733.0, ""21"": 43908.0, ""22"": 52038.0, ""23"": 58607.0, ""24"": 68117.0, ""25"": 74942.0, ""26"": 81819.0, ""27"": 86494.0, ""28"": 87881.0, ""3"": 715.0, ""4"": 447.0, ""5"": 540.0, ""6"": 1541.0, ""7"": 461.0, ""8"": 529.0, ""9"": 349.0}","{""BUILD_PASTURE"": 14, ""CARE"": 311, ""COLLECT_FERTILIZER"": 326, ""DIG"": 34, ""DROP"": 95, ""EAST"": 791, ""FEED"": 324, ""FERTILIZE"": 90, ""HARVEST"": 302, ""NORTH"": 1223, ""PASS"": 495, ""PICKUP"": 367, ""PLACE"": 21, ""PLANT"": 99, ""SOUTH"": 917, ""WATER"": 791, ""WEST"": 1078}","{""BUY_ANIMAL"": 14, ""BUY_LAND"": 2, ""BUY_PRODUCT"": 324, ""BUY_SEED"": 51, ""HIRE"": 304, ""SELL"": 361}","{""BUY_ANIMAL:COW"": 8, ""BUY_ANIMAL:SHEEP"": 6, ""BUY_PRODUCT:WHEAT"": 1056, ""BUY_SEED:MELON"": 21, ""BUY_SEED:STRAWBERRY"": 44, ""BUY_SEED:WHEAT"": 34, ""SELL:FERTILIZER"": 232, ""SELL:MELON"": 119, ""SELL:MILK"": 230, ""SELL:STRAWBERRY"": 291, ""SELL:WHEAT"": 853, ""SELL:WOOL"": 168}",v008_q75,frontier
2026,1,93764.0,95875.0,-2111.0,loss,DONE,DONE,1,719,0,0,0.9192,1.6016399999999997,1.7781940000000007,2.4797,4.305567100003827,2,1,"[{""distance"": 0.0, ""mode"": ""frontier"", ""route"": 6, ""step"": 0}, {""distance"": 0.0, ""mode"": ""frontier"", ""route"": 6, ""step"": 24}, {""distance"": 0.0, ""mode"": ""frontier"", ""route"": 6, ""step"": 48}, {""distance"": 0.0, ""mode"": ""frontier"", ""route"": 6, ""step"": 72}, {""distance"": 0.16020000000000015, ""mode"": ""frontier"", ""route"": 5, ""step"": 96}, {""distance"": 1.7804000000000002, ""mode"": ""frontier"", ""route"": 5, ""step"": 120}, {""distance"": 1.9222, ""mode"": ""frontier"", ""route"": 5, ""step"": 144}, {""distance"": 2.1406, ""mode"": ""frontier"", ""route"": 5, ""step"": 168}, {""distance"": 0.7614000000000001, ""mode"": ""frontier"", ""route"": 5, ""step"": 192}, {""distance"": 3.7438, ""mode"": ""frontier"", ""route"": 5, ""step"": 216}, {""distance"": 1.8276, ""mode"": ""frontier"", ""route"": 5, ""step"": 240}, {""distance"": 12.0196, ""mode"": ""frontier"", ""route"": 5, ""step"": 264}, {""distance"": 10.306799999999999, ""mode"": ""frontier"", ""route"": 5, ""step"": 288}, {""distance"": 6.398399999999999, ""mode"": ""frontier"", ""route"": 5, ""step"": 312}, {""distance"": 6.804999999999999, ""mode"": ""frontier"", ""route"": 5, ""step"": 336}, {""distance"": 13.635200000000001, ""mode"": ""frontier"", ""route"": 5, ""step"": 360}, {""distance"": 11.768, ""mode"": ""frontier"", ""route"": 4, ""step"": 384}, {""distance"": 12.788399999999998, ""mode"": ""frontier"", ""route"": 4, ""step"": 408}, {""distance"": 12.2438, ""mode"": ""frontier"", ""route"": 4, ""step"": 432}, {""distance"": 11.497999999999998, ""mode"": ""frontier"", ""route"": 4, ""step"": 456}, {""distance"": 13.700000000000003, ""mode"": ""frontier"", ""route"": 4, ""step"": 480}, {""distance"": 13.4982, ""mode"": ""frontier"", ""route"": 4, ""step"": 504}, {""distance"": 19.9794, ""mode"": ""frontier"", ""route"": 5, ""step"": 528}, {""distance"": 19.620400000000004, ""mode"": ""frontier"", ""route"": 5, ""step"": 552}, {""distance"": 20.2536, ""mode"": ""frontier"", ""route"": 5, ""step"": 576}, {""distance"": 18.0394, ""mode"": ""frontier"", ""route"": 5, ""step"": 600}, {""distance"": 12.5042, ""mode"": ""frontier"", ""route"": 5, ""step"": 624}, {""distance"": 16.687399999999997, ""mode"": ""frontier"", ""route"": 5, ""step"": 648}, {""distance"": 18.7412, ""mode"": ""frontier"", ""route"": 5, ""step"": 672}, {""distance"": 17.0762, ""mode"": ""frontier"", ""route"": 5, ""step"": 696}]","{""0"": 161.0, ""1"": 216.0, ""10"": 3123.0, ""11"": 8923.0, ""12"": 12424.0, ""13"": 13405.0, ""14"": 18924.0, ""15"": 21657.0, ""16"": 23016.0, ""17"": 26836.0, ""18"": 30388.0, ""19"": 34527.0, ""2"": 481.0, ""20"": 40733.0, ""21"": 43908.0, ""22"": 52038.0, ""23"": 58212.0, ""24"": 67375.0, ""25"": 72998.0, ""26"": 79875.0, ""27"": 84488.0, ""28"": 85875.0, ""3"": 715.0, ""4"": 447.0, ""5"": 540.0, ""6"": 1541.0, ""7"": 461.0, ""8"": 529.0, ""9"": 349.0}","{""BUILD_PASTURE"": 14, ""CARE"": 311, ""COLLECT_FERTILIZER"": 326, ""DIG"": 34, ""DROP"": 95, ""EAST"": 791, ""FEED"": 324, ""FERTILIZE"": 90, ""HARVEST"": 302, ""NORTH"": 1223, ""PASS"": 495, ""PICKUP"": 367, ""PLACE"": 21, ""PLANT"": 99, ""SOUTH"": 917, ""WATER"": 791, ""WEST"": 1078}","{""BUY_ANIMAL"": 14, ""BUY_LAND"": 2, ""BUY_PRODUCT"": 324, ""BUY_SEED"": 51, ""HIRE"": 304, ""SELL"": 362}","{""BUY_ANIMAL:COW"": 8, ""BUY_ANIMAL:SHEEP"": 6, ""BUY_PRODUCT:WHEAT"": 1056, ""BUY_SEED:MELON"": 21, ""BUY_SEED:STRAWBERRY"": 44, ""BUY_SEED:WHEAT"": 34, ""SELL:FERTILIZER"": 234, ""SELL:MELON"": 119, ""SELL:MILK"": 230, ""SELL:STRAWBERRY"": 291, ""SELL:WHEAT"": 853, ""SELL:WOOL"": 168}",v008_q75,frontier
17,0,169823.0,3495.0,166328.0,win,DONE,DONE,1,719,0,0,0.8937,1.4559400000000002,1.681908000000001,2.3343,2.878536100004567,2,1,"[{""distance"": 0.0, ""mode"": ""frontier"", ""route"": 6, ""step"": 0}, {""distance"": 16.0432, ""mode"": ""frontier"", ""route"": 1, ""step"": 24}, {""distance"": 16.5634, ""mode"": ""frontier"", ""route"": 0, ""step"": 48}, {""distance"": 19.209000000000003, ""mode"": ""frontier"", ""route"": 2, ""step"": 72}, {""distance"": 23.511599999999998, ""mode"": ""frontier"", ""route"": 4, ""step"": 96}, {""distance"": 24.560599999999997, ""mode"": ""frontier"", ""route"": 7, ""step"": 120}, {""distance"": 30.651999999999997, ""mode"": ""frontier"", ""route"": 4, ""step"": 144}, {""distance"": 33.5356, ""mode"": ""frontier"", ""route"": 3, ""step"": 168}, {""distance"": 38.1338, ""mode"": ""frontier"", ""route"": 1, ""step"": 192}, {""distance"": 45.1406, ""mode"": ""frontier"", ""route"": 1, ""step"": 216}, {""distance"": 51.9566, ""mode"": ""frontier"", ""route"": 1, ""step"": 240}, {""distance"": 50.549, ""mode"": ""frontier"", ""route"": 1, ""step"": 264}, {""distance"": 69.0326, ""mode"": ""frontier"", ""route"": 1, ""step"": 288}, {""distance"": 78.0064, ""mode"": ""frontier"", ""route"": 1, ""step"": 312}, {""distance"": 84.8716, ""mode"": ""frontier"", ""route"": 3, ""step"": 336}, {""distance"": 87.14059999999999, ""mode"": ""frontier"", ""route"": 1, ""step"": 360}, {""distance"": 91.943, ""mode"": ""frontier"", ""route"": 1, ""step"": 384}, {""distance"": 95.843, ""mode"": ""frontier"", ""route"": 1, ""step"": 408}, {""distance"": 96.775, ""mode"": ""frontier"", ""route"": 5, ""step"": 432}, {""distance"": 98.14800000000001, ""mode"": ""frontier"", ""route"": 1, ""step"": 456}, {""distance"": 99.7564, ""mode"": ""frontier"", ""route"": 1, ""step"": 480}, {""distance"": 93.48899999999999, ""mode"": ""frontier"", ""route"": 1, ""step"": 504}, {""distance"": 85.8494, ""mode"": ""frontier"", ""route"": 1, ""step"": 528}, {""distance"": 86.5476, ""mode"": ""frontier"", ""route"": 3, ""step"": 552}, {""distance"": 88.1206, ""mode"": ""frontier"", ""route"": 2, ""step"": 576}, {""distance"": 84.9932, ""mode"": ""frontier"", ""route"": 2, ""step"": 600}, {""distance"": 86.9614, ""mode"": ""frontier"", ""route"": 2, ""step"": 624}, {""distance"": 83.503, ""mode"": ""frontier"", ""route"": 2, ""step"": 648}, {""distance"": 83.1634, ""mode"": ""frontier"", ""route"": 2, ""step"": 672}, {""distance"": 79.0922, ""mode"": ""frontier"", ""route"": 2, ""step"": 696}]","{""0"": 176.0, ""1"": 237.0, ""10"": 3669.0, ""11"": 8815.0, ""12"": 12997.0, ""13"": 14604.0, ""14"": 22497.0, ""15"": 25834.0, ""16"": 29038.0, ""17"": 37671.0, ""18"": 43695.0, ""19"": 50213.0, ""2"": 513.0, ""20"": 62386.0, ""21"": 69382.0, ""22"": 81941.0, ""23"": 90891.0, ""24"": 105111.0, ""25"": 115879.0, ""26"": 129902.0, ""27"": 143336.0, ""28"": 151813.0, ""3"": 760.0, ""4"": 499.0, ""5"": 581.0, ""6"": 1522.0, ""7"": 389.0, ""8"": 707.0, ""9"": 497.0}","{""BUILD_PASTURE"": 14, ""CARE"": 311, ""COLLECT_FERTILIZER"": 326, ""DIG"": 34, ""DROP"": 95, ""EAST"": 791, ""FEED"": 324, ""FERTILIZE"": 90, ""HARVEST"": 302, ""NORTH"": 1223, ""PASS"": 495, ""PICKUP"": 367, ""PLACE"": 21, ""PLANT"": 99, ""SOUTH"": 917, ""WATER"": 791, ""WEST"": 1078}","{""BUY_ANIMAL"": 14, ""BUY_LAND"": 2, ""BUY_PRODUCT"": 324, ""BUY_SEED"": 51, ""HIRE"": 304, ""SELL"": 362}","{""BUY_ANIMAL:COW"": 8, ""BUY_ANIMAL:SHEEP"": 6, ""BUY_PRODUCT:WHEAT"": 1056, ""BUY_SEED:MELON"": 21, ""BUY_SEED:STRAWBERRY"": 44, ""BUY_SEED:WHEAT"": 34, ""SELL:FERTILIZER"": 232, ""SELL:MELON"": 119, ""SELL:MILK"": 230, ""SELL:STRAWBERRY"": 291, ""SELL:WHEAT"": 877, ""SELL:WOOL"": 168}",v008_q90,starter
17,1,184700.0,3489.0,181211.0,win,DONE,DONE,1,719,0,0,0.8708,1.5218500000000001,1.8256940000000008,171.4481,3.071510699985083,2,1,"[{""distance"": 0.0, ""mode"": ""frontier"", ""route"": 6, ""step"": 0}, {""distance"": 16.0432, ""mode"": ""frontier"", ""route"": 1, ""step"": 24}, {""distance"": 17.0634, ""mode"": ""frontier"", ""route"": 0, ""step"": 48}, {""distance"": 18.209000000000003, ""mode"": ""frontier"", ""route"": 1, ""step"": 72}, {""distance"": 22.511599999999998, ""mode"": ""frontier"", ""route"": 4, ""step"": 96}, {""distance"": 24.493, ""mode"": ""frontier"", ""route"": 4, ""step"": 120}, {""distance"": 27.052, ""mode"": ""frontier"", ""route"": 4, ""step"": 144}, {""distance"": 29.215, ""mode"": ""frontier"", ""route"": 3, ""step"": 168}, {""distance"": 33.642399999999995, ""mode"": ""frontier"", ""route"": 3, ""step"": 192}, {""distance"": 40.3916, ""mode"": ""frontier"", ""route"": 3, ""step"": 216}, {""distance"": 47.0422, ""mode"": ""frontier"", ""route"": 1, ""step"": 240}, {""distance"": 44.3098, ""mode"": ""frontier"", ""route"": 1, ""step"": 264}, {""distance"": 64.3564, ""mode"": ""frontier"", ""route"": 1, ""step"": 288}, {""distance"": 72.8578, ""mode"": ""frontier"", ""route"": 1, ""step"": 312}, {""distance"": 79.0218, ""mode"": ""frontier"", ""route"": 1, ""step"": 336}, {""distance"": 81.5924, ""mode"": ""frontier"", ""route"": 1, ""step"": 360}, {""distance"": 87.443, ""mode"": ""frontier"", ""route"": 1, ""step"": 384}, {""distance"": 90.4274, ""mode"": ""frontier"", ""route"": 1, ""step"": 408}, {""distance"": 91.7972, ""mode"": ""frontier"", ""route"": 5, ""step"": 432}, {""distance"": 92.66460000000001, ""mode"": ""frontier"", ""route"": 5, ""step"": 456}, {""distance"": 94.2958, ""mode"": ""frontier"", ""route"": 3, ""step"": 480}, {""distance"": 88.5802, ""mode"": ""frontier"", ""route"": 3, ""step"": 504}, {""distance"": 80.532, ""mode"": ""frontier"", ""route"": 3, ""step"": 528}, {""distance"": 80.9298, ""mode"": ""frontier"", ""route"": 3, ""step"": 552}, {""distance"": 81.3036, ""mode"": ""frontier"", ""route"": 2, ""step"": 576}, {""distance"": 80.08940000000001, ""mode"": ""frontier"", ""route"": 2, ""step"": 600}, {""distance"": 81.1678, ""mode"": ""frontier"", ""route"": 2, ""step"": 624}, {""distance"": 79.7182, ""mode"": ""frontier"", ""route"": 2, ""step"": 648}, {""distance"": 79.11659999999999, ""mode"": ""frontier"", ""route"": 2, ""step"": 672}, {""distance"": 74.4632, ""mode"": ""frontier"", ""route"": 2, ""step"": 696}]","{""0"": 176.0, ""1"": 237.0, ""10"": 3973.0, ""11"": 10462.0, ""12"": 14628.0, ""13"": 16269.0, ""14"": 24056.0, ""15"": 28234.0, ""16"": 31460.0, ""17"": 40882.0, ""18"": 46901.0, ""19"": 53794.0, ""2"": 513.0, ""20"": 67074.0, ""21"": 73710.0, ""22"": 87352.0, ""23"": 96991.0, ""24"": 115210.0, ""25"": 126511.0, ""26"": 142980.0, ""27"": 157031.0, ""28"": 166168.0, ""3"": 760.0, ""4"": 499.0, ""5"": 581.0, ""6"": 1620.0, ""7"": 582.0, ""8"": 904.0, ""9"": 791.0}","{""BUILD_PASTURE"": 14, ""CARE"": 311, ""COLLECT_FERTILIZER"": 326, ""DIG"": 34, ""DROP"": 95, ""EAST"": 791, ""FEED"": 324, ""FERTILIZE"": 90, ""HARVEST"": 302, ""NORTH"": 1223, ""PASS"": 495, ""PICKUP"": 367, ""PLACE"": 21, ""PLANT"": 99, ""SOUTH"": 917, ""WATER"": 791, ""WEST"": 1078}","{""BUY_ANIMAL"": 14, ""BUY_LAND"": 2, ""BUY_PRODUCT"": 324, ""BUY_SEED"": 51, ""HIRE"": 304, ""SELL"": 361}","{""BUY_ANIMAL:COW"": 8, ""BUY_ANIMAL:SHEEP"": 6, ""BUY_PRODUCT:WHEAT"": 1056, ""BUY_SEED:MELON"": 21, ""BUY_SEED:STRAWBERRY"": 44, ""BUY_SEED:WHEAT"": 34, ""SELL:FERTILIZER"": 232, ""SELL:MELON"": 119, ""SELL:MILK"": 230, ""SELL:STRAWBERRY"": 291, ""SELL:WHEAT"": 853, ""SELL:WOOL"": 168}",v008_q90,starter
42,0,193571.0,3504.0,190067.0,win,DONE,DONE,1,719,0,0,0.8865,1.5669800000000003,1.8234960000000016,2.1487,3.104883099993458,2,1,"[{""distance"": 0.0, ""mode"": ""frontier"", ""route"": 6, ""step"": 0}, {""distance"": 16.0432, ""mode"": ""frontier"", ""route"": 1, ""step"": 24}, {""distance"": 17.0634, ""mode"": ""frontier"", ""route"": 0, ""step"": 48}, {""distance"": 18.209000000000003, ""mode"": ""frontier"", ""route"": 1, ""step"": 72}, {""distance"": 22.512, ""mode"": ""frontier"", ""route"": 2, ""step"": 96}, {""distance"": 24.513399999999997, ""mode"": ""frontier"", ""route"": 2, ""step"": 120}, {""distance"": 27.0294, ""mode"": ""frontier"", ""route"": 2, ""step"": 144}, {""distance"": 29.0148, ""mode"": ""frontier"", ""route"": 3, ""step"": 168}, {""distance"": 33.5216, ""mode"": ""frontier"", ""route"": 3, ""step"": 192}, {""distance"": 40.309799999999996, ""mode"": ""frontier"", ""route"": 3, ""step"": 216}, {""distance"": 47.2594, ""mode"": ""frontier"", ""route"": 1, ""step"": 240}, {""distance"": 45.5952, ""mode"": ""frontier"", ""route"": 3, ""step"": 264}, {""distance"": 65.7304, ""mode"": ""frontier"", ""route"": 1, ""step"": 288}, {""distance"": 72.5784, ""mode"": ""frontier"", ""route"": 3, ""step"": 312}, {""distance"": 78.02959999999999, ""mode"": ""frontier"", ""route"": 3, ""step"": 336}, {""distance"": 81.94439999999999, ""mode"": ""frontier"", ""route"": 3, ""step"": 360}, {""distance"": 88.32679999999999, ""mode"": ""frontier"", ""route"": 3, ""step"": 384}, {""distance"": 91.7174, ""mode"": ""frontier"", ""route"": 1, ""step"": 408}, {""distance"": 93.494, ""mode"": ""frontier"", ""route"": 1, ""step"": 432}, {""distance"": 95.028, ""mode"": ""frontier"", ""route"": 1, ""step"": 456}, {""distance"": 94.3776, ""mode"": ""frontier"", ""route"": 3, ""step"": 480}, {""distance"": 88.46780000000001, ""mode"": ""frontier"", ""route"": 3, ""step"": 504}, {""distance"": 80.4466, ""mode"": ""frontier"", ""route"": 3, ""step"": 528}, {""distance"": 81.56580000000001, ""mode"": ""frontier"", ""route"": 3, ""step"": 552}, {""distance"": 84.6588, ""mode"": ""frontier"", ""route"": 3, ""step"": 576}, {""distance"": 84.3026, ""mode"": ""frontier"", ""route"": 2, ""step"": 600}, {""distance"": 83.08480000000002, ""mode"": ""frontier"", ""route"": 3, ""step"": 624}, {""distance"": 82.2238, ""mode"": ""frontier"", ""route"": 3, ""step"": 648}, {""distance"": 81.316, ""mode"": ""frontier"", ""route"": 3, ""step"": 672}, {""distance"": 77.4314, ""mode"": ""frontier"", ""route"": 2, ""step"": 696}]","{""0"": 176.0, ""1"": 237.0, ""10"": 3948.0, ""11"": 10432.0, ""12"": 14593.0, ""13"": 16194.0, ""14"": 23928.0, ""15"": 28201.0, ""16"": 31410.0, ""17"": 41287.0, ""18"": 48095.0, ""19"": 55203.0, ""2"": 513.0, ""20"": 69412.0, ""21"": 77111.0, ""22"": 91437.0, ""23"": 102104.0, ""24"": 121776.0, ""25"": 133251.0, ""26"": 150555.0, ""27"": 165328.0, ""28"": 174813.0, ""3"": 760.0, ""4"": 499.0, ""5"": 581.0, ""6"": 1618.0, ""7"": 578.0, ""8"": 895.0, ""9"": 777.0}","{""BUILD_PASTURE"": 14, ""CARE"": 311, ""COLLECT_FERTILIZER"": 326, ""DIG"": 34, ""DROP"": 95, ""EAST"": 791, ""FEED"": 324, ""FERTILIZE"": 90, ""HARVEST"": 302, ""NORTH"": 1223, ""PASS"": 495, ""PICKUP"": 367, ""PLACE"": 21, ""PLANT"": 99, ""SOUTH"": 917, ""WATER"": 791, ""WEST"": 1078}","{""BUY_ANIMAL"": 14, ""BUY_LAND"": 2, ""BUY_PRODUCT"": 324, ""BUY_SEED"": 51, ""HIRE"": 304, ""SELL"": 362}","{""BUY_ANIMAL:COW"": 8, ""BUY_ANIMAL:SHEEP"": 6, ""BUY_PRODUCT:WHEAT"": 1056, ""BUY_SEED:MELON"": 21, ""BUY_SEED:STRAWBERRY"": 44, ""BUY_SEED:WHEAT"": 34, ""SELL:FERTILIZER"": 234, ""SELL:MELON"": 119, ""SELL:MILK"": 230, ""SELL:STRAWBERRY"": 291, ""SELL:WHEAT"": 853, ""SELL:WOOL"": 168}",v008_q90,starter
42,1,193571.0,3504.0,190067.0,win,DONE,DONE,1,719,0,0,0.897,1.5128700000000006,1.735788,2.1481,3.146333799988497,2,1,"[{""distance"": 0.0, ""mode"": ""frontier"", ""route"": 6, ""step"": 0}, {""distance"": 16.0432, ""mode"": ""frontier"", ""route"": 1, ""step"": 24}, {""distance"": 17.0634, ""mode"": ""frontier"", ""route"": 0, ""step"": 48}, {""distance"": 18.209000000000003, ""mode"": ""frontier"", ""route"": 1, ""step"": 72}, {""distance"": 22.512, ""mode"": ""frontier"", ""route"": 2, ""step"": 96}, {""distance"": 24.513399999999997, ""mode"": ""frontier"", ""route"": 2, ""step"": 120}, {""distance"": 27.0294, ""mode"": ""frontier"", ""route"": 2, ""step"": 144}, {""distance"": 29.0148, ""mode"": ""frontier"", ""route"": 3, ""step"": 168}, {""distance"": 33.5216, ""mode"": ""frontier"", ""route"": 3, ""step"": 192}, {""distance"": 40.309799999999996, ""mode"": ""frontier"", ""route"": 3, ""step"": 216}, {""distance"": 47.2594, ""mode"": ""frontier"", ""route"": 1, ""step"": 240}, {""distance"": 44.5952, ""mode"": ""frontier"", ""route"": 3, ""step"": 264}, {""distance"": 65.7304, ""mode"": ""frontier"", ""route"": 1, ""step"": 288}, {""distance"": 72.5784, ""mode"": ""frontier"", ""route"": 3, ""step"": 312}, {""distance"": 78.02959999999999, ""mode"": ""frontier"", ""route"": 3, ""step"": 336}, {""distance"": 83.44439999999999, ""mode"": ""frontier"", ""route"": 3, ""step"": 360}, {""distance"": 87.32679999999999, ""mode"": ""frontier"", ""route"": 3, ""step"": 384}, {""distance"": 91.77720000000001, ""mode"": ""frontier"", ""route"": 3, ""step"": 408}, {""distance"": 93.494, ""mode"": ""frontier"", ""route"": 1, ""step"": 432}, {""distance"": 95.028, ""mode"": ""frontier"", ""route"": 1, ""step"": 456}, {""distance"": 94.3776, ""mode"": ""frontier"", ""route"": 3, ""step"": 480}, {""distance"": 88.46780000000001, ""mode"": ""frontier"", ""route"": 3, ""step"": 504}, {""distance"": 81.4466, ""mode"": ""frontier"", ""route"": 3, ""step"": 528}, {""distance"": 82.06580000000001, ""mode"": ""frontier"", ""route"": 3, ""step"": 552}, {""distance"": 83.1588, ""mode"": ""frontier"", ""route"": 3, ""step"": 576}, {""distance"": 82.9644, ""mode"": ""frontier"", ""route"": 3, ""step"": 600}, {""distance"": 82.08480000000002, ""mode"": ""frontier"", ""route"": 3, ""step"": 624}, {""distance"": 81.2238, ""mode"": ""frontier"", ""route"": 3, ""step"": 648}, {""distance"": 81.316, ""mode"": ""frontier"", ""route"": 3, ""step"": 672}, {""distance"": 77.4314, ""mode"": ""frontier"", ""route"": 2, ""step"": 696}]","{""0"": 176.0, ""1"": 237.0, ""10"": 3948.0, ""11"": 10432.0, ""12"": 14593.0, ""13"": 16194.0, ""14"": 23928.0, ""15"": 28201.0, ""16"": 31410.0, ""17"": 41287.0, ""18"": 48095.0, ""19"": 55203.0, ""2"": 513.0, ""20"": 69412.0, ""21"": 77111.0, ""22"": 91437.0, ""23"": 102104.0, ""24"": 121776.0, ""25"": 133251.0, ""26"": 150555.0, ""27"": 165328.0, ""28"": 174813.0, ""3"": 760.0, ""4"": 499.0, ""5"": 581.0, ""6"": 1618.0, ""7"": 578.0, ""8"": 895.0, ""9"": 777.0}","{""BUILD_PASTURE"": 14, ""CARE"": 311, ""COLLECT_FERTILIZER"": 326, ""DIG"": 34, ""DROP"": 95, ""EAST"": 791, ""FEED"": 324, ""FERTILIZE"": 90, ""HARVEST"": 302, ""NORTH"": 1223, ""PASS"": 495, ""PICKUP"": 367, ""PLACE"": 21, ""PLANT"": 99, ""SOUTH"": 917, ""WATER"": 791, ""WEST"": 1078}","{""BUY_ANIMAL"": 14, ""BUY_LAND"": 2, ""BUY_PRODUCT"": 324, ""BUY_SEED"": 51, ""HIRE"": 304, ""SELL"": 362}","{""BUY_ANIMAL:COW"": 8, ""BUY_ANIMAL:SHEEP"": 6, ""BUY_PRODUCT:WHEAT"": 1056, ""BUY_SEED:MELON"": 21, ""BUY_SEED:STRAWBERRY"": 44, ""BUY_SEED:WHEAT"": 34, ""SELL:FERTILIZER"": 234, ""SELL:MELON"": 119, ""SELL:MILK"": 230, ""SELL:STRAWBERRY"": 291, ""SELL:WHEAT"": 853, ""SELL:WOOL"": 168}",v008_q90,starter
2026,0,177965.0,3507.0,174458.0,win,DONE,DONE,1,719,0,0,0.897,1.54278,1.7755280000000007,2.6597,2.962850299983984,2,1,"[{""distance"": 0.0, ""mode"": ""frontier"", ""route"": 6, ""step"": 0}, {""distance"": 16.0432, ""mode"": ""frontier"", ""route"": 1, ""step"": 24}, {""distance"": 17.166400000000003, ""mode"": ""frontier"", ""route"": 2, ""step"": 48}, {""distance"": 18.209000000000003, ""mode"": ""frontier"", ""route"": 2, ""step"": 72}, {""distance"": 22.6318, ""mode"": ""frontier"", ""route"": 4, ""step"": 96}, {""distance"": 24.6938, ""mode"": ""frontier"", ""route"": 4, ""step"": 120}, {""distance"": 27.2686, ""mode"": ""frontier"", ""route"": 4, ""step"": 144}, {""distance"": 29.669, ""mode"": ""frontier"", ""route"": 3, ""step"": 168}, {""distance"": 34.178399999999996, ""mode"": ""frontier"", ""route"": 3, ""step"": 192}, {""distance"": 41.473, ""mode"": ""frontier"", ""route"": 3, ""step"": 216}, {""distance"": 48.007, ""mode"": ""frontier"", ""route"": 1, ""step"": 240}, {""distance"": 44.9204, ""mode"": ""frontier"", ""route"": 1, ""step"": 264}, {""distance"": 65.4874, ""mode"": ""frontier"", ""route"": 1, ""step"": 288}, {""distance"": 71.7786, ""mode"": ""frontier"", ""route"": 1, ""step"": 312}, {""distance"": 78.05120000000001, ""mode"": ""frontier"", ""route"": 1, ""step"": 336}, {""distance"": 79.3706, ""mode"": ""frontier"", ""route"": 1, ""step"": 360}, {""distance"": 85.8066, ""mode"": ""frontier"", ""route"": 1, ""step"": 384}, {""distance"": 88.51820000000001, ""mode"": ""frontier"", ""route"": 1, ""step"": 408}, {""distance"": 91.128, ""mode"": ""frontier"", ""route"": 1, ""step"": 432}, {""distance"": 92.64000000000001, ""mode"": ""frontier"", ""route"": 1, ""step"": 456}, {""distance"": 93.2562, ""mode"": ""frontier"", ""route"": 1, ""step"": 480}, {""distance"": 87.514, ""mode"": ""frontier"", ""route"": 1, ""step"": 504}, {""distance"": 78.7894, ""mode"": ""frontier"", ""route"": 1, ""step"": 528}, {""distance"": 79.42360000000001, ""mode"": ""frontier"", ""route"": 2, ""step"": 552}, {""distance"": 80.5522, ""mode"": ""frontier"", ""route"": 2, ""step"": 576}, {""distance"": 79.21360000000001, ""mode"": ""frontier"", ""route"": 2, ""step"": 600}, {""distance"": 78.36900000000001, ""mode"": ""frontier"", ""route"": 2, ""step"": 624}, {""distance"": 76.82459999999999, ""mode"": ""frontier"", ""route"": 2, ""step"": 648}, {""distance"": 77.14099999999999, ""mode"": ""frontier"", ""route"": 2, ""step"": 672}, {""distance"": 70.8592, ""mode"": ""frontier"", ""route"": 2, ""step"": 696}]","{""0"": 176.0, ""1"": 237.0, ""10"": 3726.0, ""11"": 10017.0, ""12"": 13952.0, ""13"": 15108.0, ""14"": 23247.0, ""15"": 27452.0, ""16"": 30314.0, ""17"": 39557.0, ""18"": 45755.0, ""19"": 51612.0, ""2"": 513.0, ""20"": 63811.0, ""21"": 70843.0, ""22"": 83323.0, ""23"": 93023.0, ""24"": 110631.0, ""25"": 122117.0, ""26"": 137968.0, ""27"": 151595.0, ""28"": 159840.0, ""3"": 761.0, ""4"": 503.0, ""5"": 564.0, ""6"": 1691.0, ""7"": 662.0, ""8"": 681.0, ""9"": 645.0}","{""BUILD_PASTURE"": 14, ""CARE"": 311, ""COLLECT_FERTILIZER"": 326, ""DIG"": 34, ""DROP"": 95, ""EAST"": 791, ""FEED"": 324, ""FERTILIZE"": 90, ""HARVEST"": 302, ""NORTH"": 1223, ""PASS"": 495, ""PICKUP"": 367, ""PLACE"": 21, ""PLANT"": 99, ""SOUTH"": 917, ""WATER"": 791, ""WEST"": 1078}","{""BUY_ANIMAL"": 14, ""BUY_LAND"": 2, ""BUY_PRODUCT"": 324, ""BUY_SEED"": 51, ""HIRE"": 304, ""SELL"": 361}","{""BUY_ANIMAL:COW"": 8, ""BUY_ANIMAL:SHEEP"": 6, ""BUY_PRODUCT:WHEAT"": 1056, ""BUY_SEED:MELON"": 21, ""BUY_SEED:STRAWBERRY"": 44, ""BUY_SEED:WHEAT"": 34, ""SELL:FERTILIZER"": 232, ""SELL:MELON"": 119, ""SELL:MILK"": 230, ""SELL:STRAWBERRY"": 291, ""SELL:WHEAT"": 853, ""SELL:WOOL"": 168}",v008_q90,starter
2026,1,179982.0,3507.0,176475.0,win,DONE,DONE,1,719,0,0,0.8922,1.5869000000000002,1.8750340000000008,1.979,3.096484400011832,2,1,"[{""distance"": 0.0, ""mode"": ""frontier"", ""route"": 6, ""step"": 0}, {""distance"": 16.0432, ""mode"": ""frontier"", ""route"": 1, ""step"": 24}, {""distance"": 17.166400000000003, ""mode"": ""frontier"", ""route"": 2, ""step"": 48}, {""distance"": 18.209000000000003, ""mode"": ""frontier"", ""route"": 2, ""step"": 72}, {""distance"": 22.6318, ""mode"": ""frontier"", ""route"": 4, ""step"": 96}, {""distance"": 24.6938, ""mode"": ""frontier"", ""route"": 4, ""step"": 120}, {""distance"": 27.2686, ""mode"": ""frontier"", ""route"": 4, ""step"": 144}, {""distance"": 29.669, ""mode"": ""frontier"", ""route"": 3, ""step"": 168}, {""distance"": 34.178399999999996, ""mode"": ""frontier"", ""route"": 3, ""step"": 192}, {""distance"": 41.473, ""mode"": ""frontier"", ""route"": 3, ""step"": 216}, {""distance"": 48.007, ""mode"": ""frontier"", ""route"": 1, ""step"": 240}, {""distance"": 45.9204, ""mode"": ""frontier"", ""route"": 1, ""step"": 264}, {""distance"": 66.9874, ""mode"": ""frontier"", ""route"": 1, ""step"": 288}, {""distance"": 74.82419999999999, ""mode"": ""frontier"", ""route"": 3, ""step"": 312}, {""distance"": 79.59479999999999, ""mode"": ""frontier"", ""route"": 3, ""step"": 336}, {""distance"": 82.8706, ""mode"": ""frontier"", ""route"": 1, ""step"": 360}, {""distance"": 87.3066, ""mode"": ""frontier"", ""route"": 1, ""step"": 384}, {""distance"": 90.2704, ""mode"": ""frontier"", ""route"": 1, ""step"": 408}, {""distance"": 92.0394, ""mode"": ""frontier"", ""route"": 1, ""step"": 432}, {""distance"": 93.63340000000001, ""mode"": ""frontier"", ""route"": 1, ""step"": 456}, {""distance"": 94.321, ""mode"": ""frontier"", ""route"": 3, ""step"": 480}, {""distance"": 87.6332, ""mode"": ""frontier"", ""route"": 3, ""step"": 504}, {""distance"": 79.5466, ""mode"": ""frontier"", ""route"": 3, ""step"": 528}, {""distance"": 78.90020000000001, ""mode"": ""frontier"", ""route"": 3, ""step"": 552}, {""distance"": 81.2002, ""mode"": ""frontier"", ""route"": 3, ""step"": 576}, {""distance"": 79.8108, ""mode"": ""frontier"", ""route"": 2, ""step"": 600}, {""distance"": 80.42980000000001, ""mode"": ""frontier"", ""route"": 3, ""step"": 624}, {""distance"": 79.12519999999999, ""mode"": ""frontier"", ""route"": 3, ""step"": 648}, {""distance"": 79.04780000000001, ""mode"": ""frontier"", ""route"": 3, ""step"": 672}, {""distance"": 74.64359999999999, ""mode"": ""frontier"", ""route"": 2, ""step"": 696}]","{""0"": 176.0, ""1"": 237.0, ""10"": 3726.0, ""11"": 10017.0, ""12"": 13952.0, ""13"": 15108.0, ""14"": 23247.0, ""15"": 27452.0, ""16"": 30375.0, ""17"": 39814.0, ""18"": 46122.0, ""19"": 52320.0, ""2"": 513.0, ""20"": 65239.0, ""21"": 72472.0, ""22"": 85429.0, ""23"": 94747.0, ""24"": 112717.0, ""25"": 123676.0, ""26"": 139880.0, ""27"": 153690.0, ""28"": 162262.0, ""3"": 761.0, ""4"": 503.0, ""5"": 564.0, ""6"": 1691.0, ""7"": 662.0, ""8"": 681.0, ""9"": 645.0}","{""BUILD_PASTURE"": 14, ""CARE"": 311, ""COLLECT_FERTILIZER"": 326, ""DIG"": 34, ""DROP"": 95, ""EAST"": 791, ""FEED"": 324, ""FERTILIZE"": 90, ""HARVEST"": 302, ""NORTH"": 1223, ""PASS"": 495, ""PICKUP"": 367, ""PLACE"": 21, ""PLANT"": 99, ""SOUTH"": 917, ""WATER"": 791, ""WEST"": 1078}","{""BUY_ANIMAL"": 14, ""BUY_LAND"": 2, ""BUY_PRODUCT"": 324, ""BUY_SEED"": 51, ""HIRE"": 304, ""SELL"": 362}","{""BUY_ANIMAL:COW"": 8, ""BUY_ANIMAL:SHEEP"": 6, ""BUY_PRODUCT:WHEAT"": 1056, ""BUY_SEED:MELON"": 21, ""BUY_SEED:STRAWBERRY"": 44, ""BUY_SEED:WHEAT"": 34, ""SELL:FERTILIZER"": 234, ""SELL:MELON"": 119, ""SELL:MILK"": 230, ""SELL:STRAWBERRY"": 291, ""SELL:WHEAT"": 853, ""SELL:WOOL"": 168}",v008_q90,starter
17,0,168401.0,0.0,168401.0,win,DONE,DONE,1,719,0,0,0.9263,1.52533,1.795338,2.2176,3.19385599999805,2,1,"[{""distance"": 0.0, ""mode"": ""frontier"", ""route"": 6, ""step"": 0}, {""distance"": 15.643199999999998, ""mode"": ""frontier"", ""route"": 1, ""step"": 24}, {""distance"": 15.6634, ""mode"": ""frontier"", ""route"": 0, ""step"": 48}, {""distance"": 18.4856, ""mode"": ""frontier"", ""route"": 0, ""step"": 72}, {""distance"": 22.9884, ""mode"": ""frontier"", ""route"": 0, ""step"": 96}, {""distance"": 24.3614, ""mode"": ""frontier"", ""route"": 7, ""step"": 120}, {""distance"": 30.5686, ""mode"": ""frontier"", ""route"": 4, ""step"": 144}, {""distance"": 32.8498, ""mode"": ""frontier"", ""route"": 3, ""step"": 168}, {""distance"": 37.3406, ""mode"": ""frontier"", ""route"": 3, ""step"": 192}, {""distance"": 46.3266, ""mode"": ""frontier"", ""route"": 3, ""step"": 216}, {""distance"": 51.4612, ""mode"": ""frontier"", ""route"": 1, ""step"": 240}, {""distance"": 49.1822, ""mode"": ""frontier"", ""route"": 0, ""step"": 264}, {""distance"": 71.806, ""mode"": ""frontier"", ""route"": 1, ""step"": 288}, {""distance"": 78.1646, ""mode"": ""frontier"", ""route"": 1, ""step"": 312}, {""distance"": 84.1374, ""mode"": ""frontier"", ""route"": 1, ""step"": 336}, {""distance"": 84.9432, ""mode"": ""frontier"", ""route"": 1, ""step"": 360}, {""distance"": 91.24260000000001, ""mode"": ""frontier"", ""route"": 1, ""step"": 384}, {""distance"": 94.1112, ""mode"": ""frontier"", ""route"": 1, ""step"": 408}, {""distance"": 95.5498, ""mode"": ""frontier"", ""route"": 1, ""step"": 432}, {""distance"": 97.09599999999999, ""mode"": ""frontier"", ""route"": 1, ""step"": 456}, {""distance"": 98.8844, ""mode"": ""frontier"", ""route"": 1, ""step"": 480}, {""distance"": 95.2808, ""mode"": ""frontier"", ""route"": 1, ""step"": 504}, {""distance"": 91.4064, ""mode"": ""frontier"", ""route"": 1, ""step"": 528}, {""distance"": 93.0076, ""mode"": ""frontier"", ""route"": 3, ""step"": 552}, {""distance"": 94.7894, ""mode"": ""frontier"", ""route"": 2, ""step"": 576}, {""distance"": 91.4462, ""mode"": ""frontier"", ""route"": 2, ""step"": 600}, {""distance"": 92.1442, ""mode"": ""frontier"", ""route"": 2, ""step"": 624}, {""distance"": 88.77340000000001, ""mode"": ""frontier"", ""route"": 2, ""step"": 648}, {""distance"": 89.2468, ""mode"": ""frontier"", ""route"": 2, ""step"": 672}, {""distance"": 84.649, ""mode"": ""frontier"", ""route"": 2, ""step"": 696}]","{""0"": 176.0, ""1"": 237.0, ""10"": 3843.0, ""11"": 8948.0, ""12"": 13125.0, ""13"": 14647.0, ""14"": 23010.0, ""15"": 26332.0, ""16"": 29579.0, ""17"": 38466.0, ""18"": 44635.0, ""19"": 50953.0, ""2"": 513.0, ""20"": 62945.0, ""21"": 69979.0, ""22"": 82201.0, ""23"": 91048.0, ""24"": 104876.0, ""25"": 115393.0, ""26"": 129208.0, ""27"": 142410.0, ""28"": 150597.0, ""3"": 761.0, ""4"": 503.0, ""5"": 564.0, ""6"": 1595.0, ""7"": 473.0, ""8"": 805.0, ""9"": 674.0}","{""BUILD_PASTURE"": 14, ""CARE"": 311, ""COLLECT_FERTILIZER"": 326, ""DIG"": 34, ""DROP"": 95, ""EAST"": 791, ""FEED"": 324, ""FERTILIZE"": 90, ""HARVEST"": 302, ""NORTH"": 1223, ""PASS"": 495, ""PICKUP"": 367, ""PLACE"": 21, ""PLANT"": 99, ""SOUTH"": 917, ""WATER"": 791, ""WEST"": 1078}","{""BUY_ANIMAL"": 14, ""BUY_LAND"": 2, ""BUY_PRODUCT"": 324, ""BUY_SEED"": 51, ""HIRE"": 304, ""SELL"": 362}","{""BUY_ANIMAL:COW"": 8, ""BUY_ANIMAL:SHEEP"": 6, ""BUY_PRODUCT:WHEAT"": 1056, ""BUY_SEED:MELON"": 21, ""BUY_SEED:STRAWBERRY"": 44, ""BUY_SEED:WHEAT"": 34, ""SELL:FERTILIZER"": 232, ""SELL:MELON"": 119, ""SELL:MILK"": 230, ""SELL:STRAWBERRY"": 291, ""SELL:WHEAT"": 877, ""SELL:WOOL"": 168}",v008_q90,random
17,1,189975.0,0.0,189975.0,win,DONE,DONE,1,719,0,0,0.9017,1.5893900000000003,1.8790280000000017,2.4022,3.2533868000027724,2,1,"[{""distance"": 0.0, ""mode"": ""frontier"", ""route"": 6, ""step"": 0}, {""distance"": 15.643199999999998, ""mode"": ""frontier"", ""route"": 1, ""step"": 24}, {""distance"": 16.663400000000003, ""mode"": ""frontier"", ""route"": 0, ""step"": 48}, {""distance"": 17.909000000000002, ""mode"": ""frontier"", ""route"": 1, ""step"": 72}, {""distance"": 22.2318, ""mode"": ""frontier"", ""route"": 4, ""step"": 96}, {""distance"": 24.293799999999997, ""mode"": ""frontier"", ""route"": 4, ""step"": 120}, {""distance"": 26.968600000000002, ""mode"": ""frontier"", ""route"": 4, ""step"": 144}, {""distance"": 29.169600000000003, ""mode"": ""frontier"", ""route"": 3, ""step"": 168}, {""distance"": 33.5796, ""mode"": ""frontier"", ""route"": 3, ""step"": 192}, {""distance"": 44.3322, ""mode"": ""frontier"", ""route"": 3, ""step"": 216}, {""distance"": 48.760799999999996, ""mode"": ""frontier"", ""route"": 1, ""step"": 240}, {""distance"": 43.332, ""mode"": ""frontier"", ""route"": 1, ""step"": 264}, {""distance"": 68.9726, ""mode"": ""frontier"", ""route"": 1, ""step"": 288}, {""distance"": 74.7424, ""mode"": ""frontier"", ""route"": 1, ""step"": 312}, {""distance"": 80.355, ""mode"": ""frontier"", ""route"": 1, ""step"": 336}, {""distance"": 80.2658, ""mode"": ""frontier"", ""route"": 1, ""step"": 360}, {""distance"": 87.4304, ""mode"": ""frontier"", ""route"": 1, ""step"": 384}, {""distance"": 90.3814, ""mode"": ""frontier"", ""route"": 1, ""step"": 408}, {""distance"": 91.43140000000001, ""mode"": ""frontier"", ""route"": 1, ""step"": 432}, {""distance"": 92.93039999999999, ""mode"": ""frontier"", ""route"": 1, ""step"": 456}, {""distance"": 93.8714, ""mode"": ""frontier"", ""route"": 1, ""step"": 480}, {""distance"": 89.18379999999999, ""mode"": ""frontier"", ""route"": 2, ""step"": 504}, {""distance"": 85.7052, ""mode"": ""frontier"", ""route"": 2, ""step"": 528}, {""distance"": 86.863, ""mode"": ""frontier"", ""route"": 2, ""step"": 552}, {""distance"": 87.9904, ""mode"": ""frontier"", ""route"": 2, ""step"": 576}, {""distance"": 86.7236, ""mode"": ""frontier"", ""route"": 2, ""step"": 600}, {""distance"": 86.8654, ""mode"": ""frontier"", ""route"": 2, ""step"": 624}, {""distance"": 86.5782, ""mode"": ""frontier"", ""route"": 2, ""step"": 648}, {""distance"": 86.8976, ""mode"": ""frontier"", ""route"": 2, ""step"": 672}, {""distance"": 81.68719999999999, ""mode"": ""frontier"", ""route"": 2, ""step"": 696}]","{""0"": 176.0, ""1"": 237.0, ""10"": 4184.0, ""11"": 10743.0, ""12"": 14890.0, ""13"": 16420.0, ""14"": 24823.0, ""15"": 29171.0, ""16"": 32430.0, ""17"": 42374.0, ""18"": 48907.0, ""19"": 55588.0, ""2"": 513.0, ""20"": 69237.0, ""21"": 76718.0, ""22"": 90330.0, ""23"": 100506.0, ""24"": 119281.0, ""25"": 131099.0, ""26"": 147892.0, ""27"": 162139.0, ""28"": 171176.0, ""3"": 761.0, ""4"": 503.0, ""5"": 564.0, ""6"": 1694.0, ""7"": 668.0, ""8"": 1007.0, ""9"": 984.0}","{""BUILD_PASTURE"": 14, ""CARE"": 311, ""COLLECT_FERTILIZER"": 326, ""DIG"": 34, ""DROP"": 95, ""EAST"": 791, ""FEED"": 324, ""FERTILIZE"": 90, ""HARVEST"": 302, ""NORTH"": 1223, ""PASS"": 495, ""PICKUP"": 367, ""PLACE"": 21, ""PLANT"": 99, ""SOUTH"": 917, ""WATER"": 791, ""WEST"": 1078}","{""BUY_ANIMAL"": 14, ""BUY_LAND"": 2, ""BUY_PRODUCT"": 324, ""BUY_SEED"": 51, ""HIRE"": 304, ""SELL"": 361}","{""BUY_ANIMAL:COW"": 8, ""BUY_ANIMAL:SHEEP"": 6, ""BUY_PRODUCT:WHEAT"": 1056, ""BUY_SEED:MELON"": 21, ""BUY_SEED:STRAWBERRY"": 44, ""BUY_SEED:WHEAT"": 34, ""SELL:FERTILIZER"": 232, ""SELL:MELON"": 119, ""SELL:MILK"": 230, ""SELL:STRAWBERRY"": 291, ""SELL:WHEAT"": 853, ""SELL:WOOL"": 168}",v008_q90,random
42,0,171012.0,0.0,171012.0,win,DONE,DONE,1,719,0,0,0.9048,1.5713,1.7846560000000002,2.0087,3.02184039997519,2,1,"[{""distance"": 0.0, ""mode"": ""frontier"", ""route"": 6, ""step"": 0}, {""distance"": 15.643199999999998, ""mode"": ""frontier"", ""route"": 1, ""step"": 24}, {""distance"": 17.163400000000003, ""mode"": ""frontier"", ""route"": 0, ""step"": 48}, {""distance"": 18.909000000000002, ""mode"": ""frontier"", ""route"": 1, ""step"": 72}, {""distance"": 20.0918, ""mode"": ""frontier"", ""route"": 4, ""step"": 96}, {""distance"": 23.0938, ""mode"": ""frontier"", ""route"": 4, ""step"": 120}, {""distance"": 25.7286, ""mode"": ""frontier"", ""route"": 4, ""step"": 144}, {""distance"": 27.953400000000002, ""mode"": ""frontier"", ""route"": 3, ""step"": 168}, {""distance"": 32.8428, ""mode"": ""frontier"", ""route"": 3, ""step"": 192}, {""distance"": 42.2538, ""mode"": ""frontier"", ""route"": 3, ""step"": 216}, {""distance"": 48.1098, ""mode"": ""frontier"", ""route"": 1, ""step"": 240}, {""distance"": 45.196200000000005, ""mode"": ""frontier"", ""route"": 1, ""step"": 264}, {""distance"": 69.8056, ""mode"": ""frontier"", ""route"": 1, ""step"": 288}, {""distance"": 75.43879999999999, ""mode"": ""frontier"", ""route"": 3, ""step"": 312}, {""distance"": 80.8314, ""mode"": ""frontier"", ""route"": 3, ""step"": 336}, {""distance"": 82.4324, ""mode"": ""frontier"", ""route"": 3, ""step"": 360}, {""distance"": 88.23400000000001, ""mode"": ""frontier"", ""route"": 1, ""step"": 384}, {""distance"": 91.1796, ""mode"": ""frontier"", ""route"": 1, ""step"": 408}, {""distance"": 92.84920000000001, ""mode"": ""frontier"", ""route"": 1, ""step"": 432}, {""distance"": 94.1802, ""mode"": ""frontier"", ""route"": 1, ""step"": 456}, {""distance"": 93.47099999999999, ""mode"": ""frontier"", ""route"": 3, ""step"": 480}, {""distance"": 88.2006, ""mode"": ""frontier"", ""route"": 3, ""step"": 504}, {""distance"": 83.67559999999999, ""mode"": ""frontier"", ""route"": 3, ""step"": 528}, {""distance"": 84.024, ""mode"": ""frontier"", ""route"": 3, ""step"": 552}, {""distance"": 86.5086, ""mode"": ""frontier"", ""route"": 3, ""step"": 576}, {""distance"": 84.8458, ""mode"": ""frontier"", ""route"": 3, ""step"": 600}, {""distance"": 82.8804, ""mode"": ""frontier"", ""route"": 3, ""step"": 624}, {""distance"": 81.6702, ""mode"": ""frontier"", ""route"": 3, ""step"": 648}, {""distance"": 81.2806, ""mode"": ""frontier"", ""route"": 3, ""step"": 672}, {""distance"": 77.2808, ""mode"": ""frontier"", ""route"": 2, ""step"": 696}]","{""0"": 176.0, ""1"": 237.0, ""10"": 4005.0, ""11"": 10508.0, ""12"": 14624.0, ""13"": 16094.0, ""14"": 24268.0, ""15"": 28389.0, ""16"": 31521.0, ""17"": 41063.0, ""18"": 46756.0, ""19"": 52670.0, ""2"": 513.0, ""20"": 65076.0, ""21"": 71710.0, ""22"": 83765.0, ""23"": 92396.0, ""24"": 108683.0, ""25"": 117729.0, ""26"": 133030.0, ""27"": 145978.0, ""28"": 154152.0, ""3"": 761.0, ""4"": 503.0, ""5"": 564.0, ""6"": 1613.0, ""7"": 584.0, ""8"": 915.0, ""9"": 829.0}","{""BUILD_PASTURE"": 14, ""CARE"": 311, ""COLLECT_FERTILIZER"": 326, ""DIG"": 34, ""DROP"": 95, ""EAST"": 791, ""FEED"": 324, ""FERTILIZE"": 90, ""HARVEST"": 302, ""NORTH"": 1223, ""PASS"": 495, ""PICKUP"": 367, ""PLACE"": 21, ""PLANT"": 99, ""SOUTH"": 917, ""WATER"": 791, ""WEST"": 1078}","{""BUY_ANIMAL"": 14, ""BUY_LAND"": 2, ""BUY_PRODUCT"": 324, ""BUY_SEED"": 51, ""HIRE"": 304, ""SELL"": 362}","{""BUY_ANIMAL:COW"": 8, ""BUY_ANIMAL:SHEEP"": 6, ""BUY_PRODUCT:WHEAT"": 1056, ""BUY_SEED:MELON"": 21, ""BUY_SEED:STRAWBERRY"": 44, ""BUY_SEED:WHEAT"": 34, ""SELL:FERTILIZER"": 234, ""SELL:MELON"": 119, ""SELL:MILK"": 230, ""SELL:STRAWBERRY"": 291, ""SELL:WHEAT"": 853, ""SELL:WOOL"": 168}",v008_q90,random
42,1,181651.0,0.0,181651.0,win,DONE,DONE,1,719,0,0,0.9177,1.62844,1.9117960000000003,2.1988,3.210711400024593,2,1,"[{""distance"": 0.0, ""mode"": ""frontier"", ""route"": 6, ""step"": 0}, {""distance"": 14.5432, ""mode"": ""frontier"", ""route"": 1, ""step"": 24}, {""distance"": 15.5634, ""mode"": ""frontier"", ""route"": 0, ""step"": 48}, {""distance"": 17.909000000000002, ""mode"": ""frontier"", ""route"": 1, ""step"": 72}, {""distance"": 22.0918, ""mode"": ""frontier"", ""route"": 4, ""step"": 96}, {""distance"": 24.0938, ""mode"": ""frontier"", ""route"": 4, ""step"": 120}, {""distance"": 26.7286, ""mode"": ""frontier"", ""route"": 4, ""step"": 144}, {""distance"": 28.834000000000003, ""mode"": ""frontier"", ""route"": 3, ""step"": 168}, {""distance"": 33.244, ""mode"": ""frontier"", ""route"": 3, ""step"": 192}, {""distance"": 45.4566, ""mode"": ""frontier"", ""route"": 3, ""step"": 216}, {""distance"": 51.1508, ""mode"": ""frontier"", ""route"": 1, ""step"": 240}, {""distance"": 46.975, ""mode"": ""frontier"", ""route"": 3, ""step"": 264}, {""distance"": 71.694, ""mode"": ""frontier"", ""route"": 1, ""step"": 288}, {""distance"": 76.094, ""mode"": ""frontier"", ""route"": 3, ""step"": 312}, {""distance"": 82.09599999999999, ""mode"": ""frontier"", ""route"": 1, ""step"": 336}, {""distance"": 81.9028, ""mode"": ""frontier"", ""route"": 1, ""step"": 360}, {""distance"": 87.5958, ""mode"": ""frontier"", ""route"": 1, ""step"": 384}, {""distance"": 90.5726, ""mode"": ""frontier"", ""route"": 1, ""step"": 408}, {""distance"": 91.32600000000001, ""mode"": ""frontier"", ""route"": 1, ""step"": 432}, {""distance"": 92.7328, ""mode"": ""frontier"", ""route"": 1, ""step"": 456}, {""distance"": 94.0386, ""mode"": ""frontier"", ""route"": 1, ""step"": 480}, {""distance"": 90.18499999999999, ""mode"": ""frontier"", ""route"": 1, ""step"": 504}, {""distance"": 86.0148, ""mode"": ""frontier"", ""route"": 1, ""step"": 528}, {""distance"": 87.69399999999999, ""mode"": ""frontier"", ""route"": 3, ""step"": 552}, {""distance"": 88.44919999999999, ""mode"": ""frontier"", ""route"": 2, ""step"": 576}, {""distance"": 86.4046, ""mode"": ""frontier"", ""route"": 2, ""step"": 600}, {""distance"": 85.9752, ""mode"": ""frontier"", ""route"": 2, ""step"": 624}, {""distance"": 84.536, ""mode"": ""frontier"", ""route"": 2, ""step"": 648}, {""distance"": 85.2418, ""mode"": ""frontier"", ""route"": 2, ""step"": 672}, {""distance"": 80.5436, ""mode"": ""frontier"", ""route"": 2, ""step"": 696}]","{""0"": 176.0, ""1"": 237.0, ""10"": 4047.0, ""11"": 10550.0, ""12"": 14711.0, ""13"": 16328.0, ""14"": 24508.0, ""15"": 28798.0, ""16"": 32086.0, ""17"": 41947.0, ""18"": 48119.0, ""19"": 54624.0, ""2"": 513.0, ""20"": 67866.0, ""21"": 74921.0, ""22"": 87882.0, ""23"": 97192.0, ""24"": 114686.0, ""25"": 125348.0, ""26"": 141381.0, ""27"": 154960.0, ""28"": 163662.0, ""3"": 761.0, ""4"": 503.0, ""5"": 564.0, ""6"": 1616.0, ""7"": 590.0, ""8"": 929.0, ""9"": 834.0}","{""BUILD_PASTURE"": 14, ""CARE"": 311, ""COLLECT_FERTILIZER"": 326, ""DIG"": 34, ""DROP"": 95, ""EAST"": 791, ""FEED"": 324, ""FERTILIZE"": 90, ""HARVEST"": 302, ""NORTH"": 1223, ""PASS"": 495, ""PICKUP"": 367, ""PLACE"": 21, ""PLANT"": 99, ""SOUTH"": 917, ""WATER"": 791, ""WEST"": 1078}","{""BUY_ANIMAL"": 14, ""BUY_LAND"": 2, ""BUY_PRODUCT"": 324, ""BUY_SEED"": 51, ""HIRE"": 304, ""SELL"": 361}","{""BUY_ANIMAL:COW"": 8, ""BUY_ANIMAL:SHEEP"": 6, ""BUY_PRODUCT:WHEAT"": 1056, ""BUY_SEED:MELON"": 21, ""BUY_SEED:STRAWBERRY"": 44, ""BUY_SEED:WHEAT"": 34, ""SELL:FERTILIZER"": 232, ""SELL:MELON"": 119, ""SELL:MILK"": 230, ""SELL:STRAWBERRY"": 291, ""SELL:WHEAT"": 853, ""SELL:WOOL"": 168}",v008_q90,random
2026,0,192821.0,0.0,192821.0,win,DONE,DONE,1,719,0,0,0.9377,1.7100500000000003,2.1422340000000055,2.5225,3.3716772999905515,2,1,"[{""distance"": 0.0, ""mode"": ""frontier"", ""route"": 6, ""step"": 0}, {""distance"": 14.5432, ""mode"": ""frontier"", ""route"": 1, ""step"": 24}, {""distance"": 16.4634, ""mode"": ""frontier"", ""route"": 0, ""step"": 48}, {""distance"": 18.209000000000003, ""mode"": ""frontier"", ""route"": 1, ""step"": 72}, {""distance"": 19.991799999999998, ""mode"": ""frontier"", ""route"": 3, ""step"": 96}, {""distance"": 21.9938, ""mode"": ""frontier"", ""route"": 3, ""step"": 120}, {""distance"": 26.1286, ""mode"": ""frontier"", ""route"": 3, ""step"": 144}, {""distance"": 29.1134, ""mode"": ""frontier"", ""route"": 3, ""step"": 168}, {""distance"": 33.2628, ""mode"": ""frontier"", ""route"": 3, ""step"": 192}, {""distance"": 45.385000000000005, ""mode"": ""frontier"", ""route"": 3, ""step"": 216}, {""distance"": 51.016999999999996, ""mode"": ""frontier"", ""route"": 1, ""step"": 240}, {""distance"": 46.8528, ""mode"": ""frontier"", ""route"": 1, ""step"": 264}, {""distance"": 72.03359999999999, ""mode"": ""frontier"", ""route"": 1, ""step"": 288}, {""distance"": 77.4418, ""mode"": ""frontier"", ""route"": 1, ""step"": 312}, {""distance"": 82.5568, ""mode"": ""frontier"", ""route"": 1, ""step"": 336}, {""distance"": 82.7304, ""mode"": ""frontier"", ""route"": 1, ""step"": 360}, {""distance"": 87.5274, ""mode"": ""frontier"", ""route"": 1, ""step"": 384}, {""distance"": 90.9478, ""mode"": ""frontier"", ""route"": 1, ""step"": 408}, {""distance"": 93.1884, ""mode"": ""frontier"", ""route"": 5, ""step"": 432}, {""distance"": 93.63279999999999, ""mode"": ""frontier"", ""route"": 5, ""step"": 456}, {""distance"": 95.5752, ""mode"": ""frontier"", ""route"": 5, ""step"": 480}, {""distance"": 92.07939999999999, ""mode"": ""frontier"", ""route"": 3, ""step"": 504}, {""distance"": 86.5334, ""mode"": ""frontier"", ""route"": 3, ""step"": 528}, {""distance"": 89.56280000000001, ""mode"": ""frontier"", ""route"": 3, ""step"": 552}, {""distance"": 91.80279999999999, ""mode"": ""frontier"", ""route"": 2, ""step"": 576}, {""distance"": 90.1258, ""mode"": ""frontier"", ""route"": 2, ""step"": 600}, {""distance"": 89.1592, ""mode"": ""frontier"", ""route"": 2, ""step"": 624}, {""distance"": 87.5622, ""mode"": ""frontier"", ""route"": 2, ""step"": 648}, {""distance"": 88.123, ""mode"": ""frontier"", ""route"": 2, ""step"": 672}, {""distance"": 82.07119999999999, ""mode"": ""frontier"", ""route"": 2, ""step"": 696}]","{""0"": 176.0, ""1"": 237.0, ""10"": 4288.0, ""11"": 10848.0, ""12"": 15057.0, ""13"": 16744.0, ""14"": 24546.0, ""15"": 28856.0, ""16"": 32062.0, ""17"": 41538.0, ""18"": 48042.0, ""19"": 55269.0, ""2"": 513.0, ""20"": 69070.0, ""21"": 76045.0, ""22"": 90503.0, ""23"": 100612.0, ""24"": 119592.0, ""25"": 132168.0, ""26"": 149176.0, ""27"": 163941.0, ""28"": 173508.0, ""3"": 761.0, ""4"": 503.0, ""5"": 564.0, ""6"": 1613.0, ""7"": 584.0, ""8"": 1171.0, ""9"": 1065.0}","{""BUILD_PASTURE"": 14, ""CARE"": 311, ""COLLECT_FERTILIZER"": 326, ""DIG"": 34, ""DROP"": 95, ""EAST"": 791, ""FEED"": 324, ""FERTILIZE"": 90, ""HARVEST"": 302, ""NORTH"": 1223, ""PASS"": 495, ""PICKUP"": 367, ""PLACE"": 21, ""PLANT"": 99, ""SOUTH"": 917, ""WATER"": 791, ""WEST"": 1078}","{""BUY_ANIMAL"": 14, ""BUY_LAND"": 2, ""BUY_PRODUCT"": 324, ""BUY_SEED"": 51, ""HIRE"": 304, ""SELL"": 361}","{""BUY_ANIMAL:COW"": 8, ""BUY_ANIMAL:SHEEP"": 6, ""BUY_PRODUCT:WHEAT"": 1056, ""BUY_SEED:MELON"": 21, ""BUY_SEED:STRAWBERRY"": 44, ""BUY_SEED:WHEAT"": 34, ""SELL:FERTILIZER"": 232, ""SELL:MELON"": 119, ""SELL:MILK"": 230, ""SELL:STRAWBERRY"": 291, ""SELL:WHEAT"": 853, ""SELL:WOOL"": 168}",v008_q90,random
2026,1,181156.0,0.0,181156.0,win,DONE,DONE,1,719,0,0,0.8741,1.55913,1.839178000000004,183.6685,3.200002500001574,2,1,"[{""distance"": 0.0, ""mode"": ""frontier"", ""route"": 6, ""step"": 0}, {""distance"": 15.643199999999998, ""mode"": ""frontier"", ""route"": 1, ""step"": 24}, {""distance"": 16.663400000000003, ""mode"": ""frontier"", ""route"": 0, ""step"": 48}, {""distance"": 18.409000000000002, ""mode"": ""frontier"", ""route"": 1, ""step"": 72}, {""distance"": 21.152, ""mode"": ""frontier"", ""route"": 2, ""step"": 96}, {""distance"": 24.153399999999998, ""mode"": ""frontier"", ""route"": 2, ""step"": 120}, {""distance"": 25.8294, ""mode"": ""frontier"", ""route"": 2, ""step"": 144}, {""distance"": 27.635, ""mode"": ""frontier"", ""route"": 3, ""step"": 168}, {""distance"": 33.1824, ""mode"": ""frontier"", ""route"": 3, ""step"": 192}, {""distance"": 42.5908, ""mode"": ""frontier"", ""route"": 3, ""step"": 216}, {""distance"": 48.2802, ""mode"": ""frontier"", ""route"": 1, ""step"": 240}, {""distance"": 44.7334, ""mode"": ""frontier"", ""route"": 1, ""step"": 264}, {""distance"": 70.2888, ""mode"": ""frontier"", ""route"": 1, ""step"": 288}, {""distance"": 74.5248, ""mode"": ""frontier"", ""route"": 3, ""step"": 312}, {""distance"": 78.42720000000001, ""mode"": ""frontier"", ""route"": 3, ""step"": 336}, {""distance"": 80.2064, ""mode"": ""frontier"", ""route"": 1, ""step"": 360}, {""distance"": 86.9398, ""mode"": ""frontier"", ""route"": 1, ""step"": 384}, {""distance"": 89.86019999999999, ""mode"": ""frontier"", ""route"": 1, ""step"": 408}, {""distance"": 91.61380000000001, ""mode"": ""frontier"", ""route"": 1, ""step"": 432}, {""distance"": 93.12700000000001, ""mode"": ""frontier"", ""route"": 1, ""step"": 456}, {""distance"": 93.443, ""mode"": ""frontier"", ""route"": 3, ""step"": 480}, {""distance"": 88.4964, ""mode"": ""frontier"", ""route"": 3, ""step"": 504}, {""distance"": 84.7588, ""mode"": ""frontier"", ""route"": 3, ""step"": 528}, {""distance"": 85.5838, ""mode"": ""frontier"", ""route"": 3, ""step"": 552}, {""distance"": 88.6614, ""mode"": ""frontier"", ""route"": 3, ""step"": 576}, {""distance"": 88.0292, ""mode"": ""frontier"", ""route"": 2, ""step"": 600}, {""distance"": 86.7598, ""mode"": ""frontier"", ""route"": 3, ""step"": 624}, {""distance"": 86.5022, ""mode"": ""frontier"", ""route"": 3, ""step"": 648}, {""distance"": 85.31500000000001, ""mode"": ""frontier"", ""route"": 6, ""step"": 672}, {""distance"": 82.32780000000001, ""mode"": ""frontier"", ""route"": 6, ""step"": 696}]","{""0"": 176.0, ""1"": 237.0, ""10"": 3591.0, ""11"": 9924.0, ""12"": 13935.0, ""13"": 15278.0, ""14"": 23226.0, ""15"": 27418.0, ""16"": 30424.0, ""17"": 39886.0, ""18"": 46090.0, ""19"": 52430.0, ""2"": 513.0, ""20"": 65555.0, ""21"": 72740.0, ""22"": 85905.0, ""23"": 95676.0, ""24"": 113809.0, ""25"": 125226.0, ""26"": 140622.0, ""27"": 154553.0, ""28"": 163337.0, ""3"": 760.0, ""4"": 499.0, ""5"": 581.0, ""6"": 1620.0, ""7"": 582.0, ""8"": 592.0, ""9"": 479.0}","{""BUILD_PASTURE"": 14, ""CARE"": 311, ""COLLECT_FERTILIZER"": 326, ""DIG"": 34, ""DROP"": 95, ""EAST"": 791, ""FEED"": 324, ""FERTILIZE"": 90, ""HARVEST"": 302, ""NORTH"": 1223, ""PASS"": 495, ""PICKUP"": 367, ""PLACE"": 21, ""PLANT"": 99, ""SOUTH"": 917, ""WATER"": 791, ""WEST"": 1078}","{""BUY_ANIMAL"": 14, ""BUY_LAND"": 2, ""BUY_PRODUCT"": 324, ""BUY_SEED"": 51, ""HIRE"": 304, ""SELL"": 363}","{""BUY_ANIMAL:COW"": 8, ""BUY_ANIMAL:SHEEP"": 6, ""BUY_PRODUCT:WHEAT"": 1056, ""BUY_SEED:MELON"": 21, ""BUY_SEED:STRAWBERRY"": 44, ""BUY_SEED:WHEAT"": 34, ""SELL:FERTILIZER"": 238, ""SELL:MELON"": 119, ""SELL:MILK"": 230, ""SELL:STRAWBERRY"": 291, ""SELL:WHEAT"": 853, ""SELL:WOOL"": 168}",v008_q90,random
17,0,130025.0,140413.0,-10388.0,loss,DONE,DONE,1,719,0,0,0.9071,1.5403800000000003,1.8141120000000006,2.1688,4.194415900012245,2,1,"[{""distance"": 0.0, ""mode"": ""frontier"", ""route"": 6, ""step"": 0}, {""distance"": 0.020400000000000015, ""mode"": ""frontier"", ""route"": 6, ""step"": 24}, {""distance"": 1.001, ""mode"": ""frontier"", ""route"": 6, ""step"": 48}, {""distance"": 1.0213999999999999, ""mode"": ""frontier"", ""route"": 6, ""step"": 72}, {""distance"": 0.021800000000000014, ""mode"": ""frontier"", ""route"": 7, ""step"": 96}, {""distance"": 3.0623999999999993, ""mode"": ""frontier"", ""route"": 5, ""step"": 120}, {""distance"": 5.8622000000000005, ""mode"": ""frontier"", ""route"": 5, ""step"": 144}, {""distance"": 6.1394, ""mode"": ""frontier"", ""route"": 5, ""step"": 168}, {""distance"": 4.879599999999999, ""mode"": ""frontier"", ""route"": 5, ""step"": 192}, {""distance"": 8.4324, ""mode"": ""frontier"", ""route"": 5, ""step"": 216}, {""distance"": 6.049199999999999, ""mode"": ""frontier"", ""route"": 5, ""step"": 240}, {""distance"": 16.671400000000002, ""mode"": ""frontier"", ""route"": 5, ""step"": 264}, {""distance"": 12.988399999999999, ""mode"": ""frontier"", ""route"": 5, ""step"": 288}, {""distance"": 8.511199999999999, ""mode"": ""frontier"", ""route"": 5, ""step"": 312}, {""distance"": 8.793799999999997, ""mode"": ""frontier"", ""route"": 5, ""step"": 336}, {""distance"": 15.2156, ""mode"": ""frontier"", ""route"": 4, ""step"": 360}, {""distance"": 13.1282, ""mode"": ""frontier"", ""route"": 4, ""step"": 384}, {""distance"": 15.120400000000002, ""mode"": ""frontier"", ""route"": 5, ""step"": 408}, {""distance"": 15.289000000000001, ""mode"": ""frontier"", ""route"": 4, ""step"": 432}, {""distance"": 15.834800000000001, ""mode"": ""frontier"", ""route"": 5, ""step"": 456}, {""distance"": 16.571599999999997, ""mode"": ""frontier"", ""route"": 5, ""step"": 480}, {""distance"": 15.9662, ""mode"": ""frontier"", ""route"": 2, ""step"": 504}, {""distance"": 19.643399999999996, ""mode"": ""frontier"", ""route"": 5, ""step"": 528}, {""distance"": 18.1948, ""mode"": ""frontier"", ""route"": 7, ""step"": 552}, {""distance"": 19.232799999999997, ""mode"": ""frontier"", ""route"": 7, ""step"": 576}, {""distance"": 20.643399999999996, ""mode"": ""frontier"", ""route"": 6, ""step"": 600}, {""distance"": 19.162999999999997, ""mode"": ""frontier"", ""route"": 5, ""step"": 624}, {""distance"": 21.076799999999995, ""mode"": ""frontier"", ""route"": 5, ""step"": 648}, {""distance"": 22.160999999999998, ""mode"": ""frontier"", ""route"": 1, ""step"": 672}, {""distance"": 22.635999999999996, ""mode"": ""frontier"", ""route"": 1, ""step"": 696}]","{""0"": 157.0, ""1"": 211.0, ""10"": 3278.0, ""11"": 8017.0, ""12"": 11760.0, ""13"": 13161.0, ""14"": 19411.0, ""15"": 22156.0, ""16"": 24724.0, ""17"": 32100.0, ""18"": 37452.0, ""19"": 43651.0, ""2"": 474.0, ""20"": 54887.0, ""21"": 60835.0, ""22"": 71798.0, ""23"": 79551.0, ""24"": 91088.0, ""25"": 97834.0, ""26"": 106971.0, ""27"": 113664.0, ""28"": 118258.0, ""3"": 706.0, ""4"": 437.0, ""5"": 540.0, ""6"": 1441.0, ""7"": 270.0, ""8"": 695.0, ""9"": 433.0}","{""BUILD_PASTURE"": 14, ""CARE"": 311, ""COLLECT_FERTILIZER"": 326, ""DIG"": 34, ""DROP"": 95, ""EAST"": 791, ""FEED"": 324, ""FERTILIZE"": 90, ""HARVEST"": 302, ""NORTH"": 1223, ""PASS"": 495, ""PICKUP"": 367, ""PLACE"": 21, ""PLANT"": 99, ""SOUTH"": 917, ""WATER"": 791, ""WEST"": 1078}","{""BUY_ANIMAL"": 14, ""BUY_LAND"": 2, ""BUY_PRODUCT"": 324, ""BUY_SEED"": 51, ""HIRE"": 304, ""SELL"": 362}","{""BUY_ANIMAL:COW"": 8, ""BUY_ANIMAL:SHEEP"": 6, ""BUY_PRODUCT:WHEAT"": 1056, ""BUY_SEED:MELON"": 21, ""BUY_SEED:STRAWBERRY"": 44, ""BUY_SEED:WHEAT"": 34, ""SELL:FERTILIZER"": 232, ""SELL:MELON"": 119, ""SELL:MILK"": 230, ""SELL:STRAWBERRY"": 291, ""SELL:WHEAT"": 877, ""SELL:WOOL"": 168}",v008_q90,hamburger
17,1,134604.0,125931.0,8673.0,win,DONE,DONE,1,719,0,0,0.921,1.59498,1.8091800000000005,3.7315,4.222600599983707,2,1,"[{""distance"": 0.0, ""mode"": ""frontier"", ""route"": 6, ""step"": 0}, {""distance"": 0.020400000000000015, ""mode"": ""frontier"", ""route"": 6, ""step"": 24}, {""distance"": 0.501, ""mode"": ""frontier"", ""route"": 6, ""step"": 48}, {""distance"": 0.5214000000000001, ""mode"": ""frontier"", ""route"": 6, ""step"": 72}, {""distance"": 0.522, ""mode"": ""frontier"", ""route"": 6, ""step"": 96}, {""distance"": 2.5623999999999993, ""mode"": ""frontier"", ""route"": 5, ""step"": 120}, {""distance"": 4.5122, ""mode"": ""frontier"", ""route"": 5, ""step"": 144}, {""distance"": 4.670999999999999, ""mode"": ""frontier"", ""route"": 5, ""step"": 168}, {""distance"": 8.593399999999999, ""mode"": ""frontier"", ""route"": 5, ""step"": 192}, {""distance"": 11.7072, ""mode"": ""frontier"", ""route"": 4, ""step"": 216}, {""distance"": 9.405199999999999, ""mode"": ""frontier"", ""route"": 6, ""step"": 240}, {""distance"": 10.839, ""mode"": ""frontier"", ""route"": 6, ""step"": 264}, {""distance"": 8.58, ""mode"": ""frontier"", ""route"": 5, ""step"": 288}, {""distance"": 6.9368, ""mode"": ""frontier"", ""route"": 5, ""step"": 312}, {""distance"": 8.206199999999999, ""mode"": ""frontier"", ""route"": 5, ""step"": 336}, {""distance"": 13.8546, ""mode"": ""frontier"", ""route"": 4, ""step"": 360}, {""distance"": 12.6114, ""mode"": ""frontier"", ""route"": 4, ""step"": 384}, {""distance"": 11.854, ""mode"": ""frontier"", ""route"": 4, ""step"": 408}, {""distance"": 12.402999999999999, ""mode"": ""frontier"", ""route"": 4, ""step"": 432}, {""distance"": 12.464599999999997, ""mode"": ""frontier"", ""route"": 4, ""step"": 456}, {""distance"": 14.8904, ""mode"": ""frontier"", ""route"": 4, ""step"": 480}, {""distance"": 12.1158, ""mode"": ""frontier"", ""route"": 4, ""step"": 504}, {""distance"": 18.505, ""mode"": ""frontier"", ""route"": 4, ""step"": 528}, {""distance"": 18.397999999999996, ""mode"": ""frontier"", ""route"": 5, ""step"": 552}, {""distance"": 14.3298, ""mode"": ""frontier"", ""route"": 4, ""step"": 576}, {""distance"": 15.714200000000003, ""mode"": ""frontier"", ""route"": 4, ""step"": 600}, {""distance"": 13.5032, ""mode"": ""frontier"", ""route"": 4, ""step"": 624}, {""distance"": 15.713199999999999, ""mode"": ""frontier"", ""route"": 3, ""step"": 648}, {""distance"": 16.1342, ""mode"": ""frontier"", ""route"": 3, ""step"": 672}, {""distance"": 13.8108, ""mode"": ""frontier"", ""route"": 4, ""step"": 696}]","{""0"": 157.0, ""1"": 211.0, ""10"": 3557.0, ""11"": 9609.0, ""12"": 13350.0, ""13"": 14711.0, ""14"": 20912.0, ""15"": 24004.0, ""16"": 26278.0, ""17"": 32220.0, ""18"": 36551.0, ""19"": 42729.0, ""2"": 474.0, ""20"": 52653.0, ""21"": 56748.0, ""22"": 68429.0, ""23"": 74914.0, ""24"": 87967.0, ""25"": 96289.0, ""26"": 107185.0, ""27"": 115626.0, ""28"": 121691.0, ""3"": 706.0, ""4"": 437.0, ""5"": 540.0, ""6"": 1533.0, ""7"": 451.0, ""8"": 877.0, ""9"": 701.0}","{""BUILD_PASTURE"": 14, ""CARE"": 311, ""COLLECT_FERTILIZER"": 326, ""DIG"": 34, ""DROP"": 95, ""EAST"": 791, ""FEED"": 324, ""FERTILIZE"": 90, ""HARVEST"": 302, ""NORTH"": 1223, ""PASS"": 495, ""PICKUP"": 367, ""PLACE"": 21, ""PLANT"": 99, ""SOUTH"": 917, ""WATER"": 791, ""WEST"": 1078}","{""BUY_ANIMAL"": 14, ""BUY_LAND"": 2, ""BUY_PRODUCT"": 324, ""BUY_SEED"": 51, ""HIRE"": 304, ""SELL"": 361}","{""BUY_ANIMAL:COW"": 8, ""BUY_ANIMAL:SHEEP"": 6, ""BUY_PRODUCT:WHEAT"": 1056, ""BUY_SEED:MELON"": 21, ""BUY_SEED:STRAWBERRY"": 44, ""BUY_SEED:WHEAT"": 34, ""SELL:FERTILIZER"": 232, ""SELL:MELON"": 119, ""SELL:MILK"": 230, ""SELL:STRAWBERRY"": 291, ""SELL:WHEAT"": 853, ""SELL:WOOL"": 168}",v008_q90,hamburger
42,0,117592.0,120118.0,-2526.0,loss,DONE,DONE,1,719,0,0,0.9257,1.5610900000000003,1.848024000000001,2.1186,4.442355500010308,2,1,"[{""distance"": 0.0, ""mode"": ""frontier"", ""route"": 6, ""step"": 0}, {""distance"": 0.020400000000000015, ""mode"": ""frontier"", ""route"": 6, ""step"": 24}, {""distance"": 0.0010000000000000009, ""mode"": ""frontier"", ""route"": 6, ""step"": 48}, {""distance"": 0.021400000000000016, ""mode"": ""frontier"", ""route"": 6, ""step"": 72}, {""distance"": 0.18200000000000016, ""mode"": ""frontier"", ""route"": 5, ""step"": 96}, {""distance"": 1.7824000000000002, ""mode"": ""frontier"", ""route"": 5, ""step"": 120}, {""distance"": 1.9222, ""mode"": ""frontier"", ""route"": 5, ""step"": 144}, {""distance"": 2.2206, ""mode"": ""frontier"", ""route"": 5, ""step"": 168}, {""distance"": 0.9230000000000003, ""mode"": ""frontier"", ""route"": 5, ""step"": 192}, {""distance"": 3.9437999999999995, ""mode"": ""frontier"", ""route"": 5, ""step"": 216}, {""distance"": 2.4812000000000003, ""mode"": ""frontier"", ""route"": 5, ""step"": 240}, {""distance"": 12.407, ""mode"": ""frontier"", ""route"": 5, ""step"": 264}, {""distance"": 9.3412, ""mode"": ""frontier"", ""route"": 5, ""step"": 288}, {""distance"": 6.284399999999998, ""mode"": ""frontier"", ""route"": 5, ""step"": 312}, {""distance"": 6.898599999999999, ""mode"": ""frontier"", ""route"": 5, ""step"": 336}, {""distance"": 11.8796, ""mode"": ""frontier"", ""route"": 2, ""step"": 360}, {""distance"": 9.523600000000002, ""mode"": ""frontier"", ""route"": 0, ""step"": 384}, {""distance"": 11.571200000000001, ""mode"": ""frontier"", ""route"": 2, ""step"": 408}, {""distance"": 12.2346, ""mode"": ""frontier"", ""route"": 2, ""step"": 432}, {""distance"": 11.075800000000001, ""mode"": ""frontier"", ""route"": 1, ""step"": 456}, {""distance"": 12.4912, ""mode"": ""frontier"", ""route"": 1, ""step"": 480}, {""distance"": 12.048000000000002, ""mode"": ""frontier"", ""route"": 1, ""step"": 504}, {""distance"": 16.606399999999997, ""mode"": ""frontier"", ""route"": 6, ""step"": 528}, {""distance"": 16.028600000000004, ""mode"": ""frontier"", ""route"": 6, ""step"": 552}, {""distance"": 14.896, ""mode"": ""frontier"", ""route"": 6, ""step"": 576}, {""distance"": 16.6584, ""mode"": ""frontier"", ""route"": 1, ""step"": 600}, {""distance"": 13.706, ""mode"": ""frontier"", ""route"": 1, ""step"": 624}, {""distance"": 16.1488, ""mode"": ""frontier"", ""route"": 1, ""step"": 648}, {""distance"": 18.7778, ""mode"": ""frontier"", ""route"": 1, ""step"": 672}, {""distance"": 15.8804, ""mode"": ""frontier"", ""route"": 1, ""step"": 696}]","{""0"": 157.0, ""1"": 211.0, ""10"": 3186.0, ""11"": 9155.0, ""12"": 12760.0, ""13"": 13732.0, ""14"": 21080.0, ""15"": 24574.0, ""16"": 26901.0, ""17"": 34340.0, ""18"": 39776.0, ""19"": 43975.0, ""2"": 474.0, ""20"": 52901.0, ""21"": 58541.0, ""22"": 67095.0, ""23"": 74675.0, ""24"": 86382.0, ""25"": 92577.0, ""26"": 101076.0, ""27"": 106274.0, ""28"": 108268.0, ""3"": 706.0, ""4"": 437.0, ""5"": 540.0, ""6"": 1535.0, ""7"": 453.0, ""8"": 529.0, ""9"": 393.0}","{""BUILD_PASTURE"": 14, ""CARE"": 311, ""COLLECT_FERTILIZER"": 326, ""DIG"": 34, ""DROP"": 95, ""EAST"": 791, ""FEED"": 324, ""FERTILIZE"": 90, ""HARVEST"": 302, ""NORTH"": 1223, ""PASS"": 495, ""PICKUP"": 367, ""PLACE"": 21, ""PLANT"": 99, ""SOUTH"": 917, ""WATER"": 791, ""WEST"": 1078}","{""BUY_ANIMAL"": 14, ""BUY_LAND"": 2, ""BUY_PRODUCT"": 324, ""BUY_SEED"": 51, ""HIRE"": 304, ""SELL"": 362}","{""BUY_ANIMAL:COW"": 8, ""BUY_ANIMAL:SHEEP"": 6, ""BUY_PRODUCT:WHEAT"": 1056, ""BUY_SEED:MELON"": 21, ""BUY_SEED:STRAWBERRY"": 44, ""BUY_SEED:WHEAT"": 34, ""SELL:FERTILIZER"": 234, ""SELL:MELON"": 119, ""SELL:MILK"": 230, ""SELL:STRAWBERRY"": 291, ""SELL:WHEAT"": 853, ""SELL:WOOL"": 168}",v008_q90,hamburger
42,1,117781.0,119938.0,-2157.0,loss,DONE,DONE,1,719,0,0,0.909,1.5616700000000001,1.856278000000001,2.2921,4.254021199973067,2,1,"[{""distance"": 0.0, ""mode"": ""frontier"", ""route"": 6, ""step"": 0}, {""distance"": 0.020400000000000015, ""mode"": ""frontier"", ""route"": 6, ""step"": 24}, {""distance"": 0.0010000000000000009, ""mode"": ""frontier"", ""route"": 6, ""step"": 48}, {""distance"": 0.021400000000000016, ""mode"": ""frontier"", ""route"": 6, ""step"": 72}, {""distance"": 0.18200000000000016, ""mode"": ""frontier"", ""route"": 5, ""step"": 96}, {""distance"": 1.7824000000000002, ""mode"": ""frontier"", ""route"": 5, ""step"": 120}, {""distance"": 1.9222, ""mode"": ""frontier"", ""route"": 5, ""step"": 144}, {""distance"": 2.2206, ""mode"": ""frontier"", ""route"": 5, ""step"": 168}, {""distance"": 0.9230000000000003, ""mode"": ""frontier"", ""route"": 5, ""step"": 192}, {""distance"": 3.9437999999999995, ""mode"": ""frontier"", ""route"": 5, ""step"": 216}, {""distance"": 2.4812000000000003, ""mode"": ""frontier"", ""route"": 5, ""step"": 240}, {""distance"": 10.907, ""mode"": ""frontier"", ""route"": 5, ""step"": 264}, {""distance"": 9.3412, ""mode"": ""frontier"", ""route"": 5, ""step"": 288}, {""distance"": 6.284399999999998, ""mode"": ""frontier"", ""route"": 5, ""step"": 312}, {""distance"": 6.898599999999999, ""mode"": ""frontier"", ""route"": 5, ""step"": 336}, {""distance"": 11.8796, ""mode"": ""frontier"", ""route"": 2, ""step"": 360}, {""distance"": 9.523600000000002, ""mode"": ""frontier"", ""route"": 0, ""step"": 384}, {""distance"": 11.571200000000001, ""mode"": ""frontier"", ""route"": 2, ""step"": 408}, {""distance"": 12.2346, ""mode"": ""frontier"", ""route"": 2, ""step"": 432}, {""distance"": 11.075800000000001, ""mode"": ""frontier"", ""route"": 1, ""step"": 456}, {""distance"": 12.9912, ""mode"": ""frontier"", ""route"": 1, ""step"": 480}, {""distance"": 12.048000000000002, ""mode"": ""frontier"", ""route"": 1, ""step"": 504}, {""distance"": 16.606399999999997, ""mode"": ""frontier"", ""route"": 6, ""step"": 528}, {""distance"": 16.3266, ""mode"": ""frontier"", ""route"": 5, ""step"": 552}, {""distance"": 14.796000000000001, ""mode"": ""frontier"", ""route"": 6, ""step"": 576}, {""distance"": 16.6318, ""mode"": ""frontier"", ""route"": 1, ""step"": 600}, {""distance"": 13.7518, ""mode"": ""frontier"", ""route"": 1, ""step"": 624}, {""distance"": 15.794599999999999, ""mode"": ""frontier"", ""route"": 1, ""step"": 648}, {""distance"": 17.7496, ""mode"": ""frontier"", ""route"": 1, ""step"": 672}, {""distance"": 16.852199999999996, ""mode"": ""frontier"", ""route"": 1, ""step"": 696}]","{""0"": 157.0, ""1"": 211.0, ""10"": 3186.0, ""11"": 9155.0, ""12"": 12760.0, ""13"": 13732.0, ""14"": 21080.0, ""15"": 24574.0, ""16"": 26901.0, ""17"": 34340.0, ""18"": 39776.0, ""19"": 43975.0, ""2"": 474.0, ""20"": 52901.0, ""21"": 58541.0, ""22"": 67095.0, ""23"": 74675.0, ""24"": 86015.0, ""25"": 92848.0, ""26"": 101347.0, ""27"": 106415.0, ""28"": 108409.0, ""3"": 706.0, ""4"": 437.0, ""5"": 540.0, ""6"": 1535.0, ""7"": 453.0, ""8"": 529.0, ""9"": 393.0}","{""BUILD_PASTURE"": 14, ""CARE"": 311, ""COLLECT_FERTILIZER"": 326, ""DIG"": 34, ""DROP"": 95, ""EAST"": 791, ""FEED"": 324, ""FERTILIZE"": 90, ""HARVEST"": 302, ""NORTH"": 1223, ""PASS"": 495, ""PICKUP"": 367, ""PLACE"": 21, ""PLANT"": 99, ""SOUTH"": 917, ""WATER"": 791, ""WEST"": 1078}","{""BUY_ANIMAL"": 14, ""BUY_LAND"": 2, ""BUY_PRODUCT"": 324, ""BUY_SEED"": 51, ""HIRE"": 304, ""SELL"": 362}","{""BUY_ANIMAL:COW"": 8, ""BUY_ANIMAL:SHEEP"": 6, ""BUY_PRODUCT:WHEAT"": 1056, ""BUY_SEED:MELON"": 21, ""BUY_SEED:STRAWBERRY"": 44, ""BUY_SEED:WHEAT"": 34, ""SELL:FERTILIZER"": 234, ""SELL:MELON"": 119, ""SELL:MILK"": 230, ""SELL:STRAWBERRY"": 291, ""SELL:WHEAT"": 853, ""SELL:WOOL"": 168}",v008_q90,hamburger
2026,0,95566.0,95626.0,-60.0,loss,DONE,DONE,1,719,0,0,0.9182,1.57827,1.9491920000000005,2.7185,4.325221000006422,2,1,"[{""distance"": 0.0, ""mode"": ""frontier"", ""route"": 6, ""step"": 0}, {""distance"": 0.020400000000000015, ""mode"": ""frontier"", ""route"": 6, ""step"": 24}, {""distance"": 0.0010000000000000009, ""mode"": ""frontier"", ""route"": 6, ""step"": 48}, {""distance"": 0.021400000000000016, ""mode"": ""frontier"", ""route"": 6, ""step"": 72}, {""distance"": 0.18200000000000016, ""mode"": ""frontier"", ""route"": 5, ""step"": 96}, {""distance"": 1.7824000000000002, ""mode"": ""frontier"", ""route"": 5, ""step"": 120}, {""distance"": 1.9222, ""mode"": ""frontier"", ""route"": 5, ""step"": 144}, {""distance"": 2.141, ""mode"": ""frontier"", ""route"": 5, ""step"": 168}, {""distance"": 0.7636000000000002, ""mode"": ""frontier"", ""route"": 5, ""step"": 192}, {""distance"": 3.7459999999999996, ""mode"": ""frontier"", ""route"": 5, ""step"": 216}, {""distance"": 1.8291999999999997, ""mode"": ""frontier"", ""route"": 5, ""step"": 240}, {""distance"": 10.4812, ""mode"": ""frontier"", ""route"": 5, ""step"": 264}, {""distance"": 7.6018, ""mode"": ""frontier"", ""route"": 5, ""step"": 288}, {""distance"": 3.935, ""mode"": ""frontier"", ""route"": 5, ""step"": 312}, {""distance"": 5.5458, ""mode"": ""frontier"", ""route"": 5, ""step"": 336}, {""distance"": 11.556000000000001, ""mode"": ""frontier"", ""route"": 4, ""step"": 360}, {""distance"": 9.8266, ""mode"": ""frontier"", ""route"": 4, ""step"": 384}, {""distance"": 10.8524, ""mode"": ""frontier"", ""route"": 4, ""step"": 408}, {""distance"": 10.589199999999998, ""mode"": ""frontier"", ""route"": 4, ""step"": 432}, {""distance"": 9.8534, ""mode"": ""frontier"", ""route"": 4, ""step"": 456}, {""distance"": 12.118200000000003, ""mode"": ""frontier"", ""route"": 4, ""step"": 480}, {""distance"": 10.4374, ""mode"": ""frontier"", ""route"": 4, ""step"": 504}, {""distance"": 15.302400000000002, ""mode"": ""frontier"", ""route"": 5, ""step"": 528}, {""distance"": 15.0086, ""mode"": ""frontier"", ""route"": 5, ""step"": 552}, {""distance"": 15.321000000000002, ""mode"": ""frontier"", ""route"": 4, ""step"": 576}, {""distance"": 16.827199999999998, ""mode"": ""frontier"", ""route"": 5, ""step"": 600}, {""distance"": 12.2972, ""mode"": ""frontier"", ""route"": 5, ""step"": 624}, {""distance"": 16.640600000000003, ""mode"": ""frontier"", ""route"": 5, ""step"": 648}, {""distance"": 18.898599999999995, ""mode"": ""frontier"", ""route"": 5, ""step"": 672}, {""distance"": 18.061000000000003, ""mode"": ""frontier"", ""route"": 5, ""step"": 696}]","{""0"": 157.0, ""1"": 211.0, ""10"": 3115.0, ""11"": 8952.0, ""12"": 12441.0, ""13"": 13401.0, ""14"": 18909.0, ""15"": 21664.0, ""16"": 23096.0, ""17"": 26909.0, ""18"": 30411.0, ""19"": 34536.0, ""2"": 474.0, ""20"": 40837.0, ""21"": 44093.0, ""22"": 52494.0, ""23"": 59114.0, ""24"": 68734.0, ""25"": 75533.0, ""26"": 81897.0, ""27"": 86531.0, ""28"": 87751.0, ""3"": 706.0, ""4"": 437.0, ""5"": 540.0, ""6"": 1533.0, ""7"": 450.0, ""8"": 518.0, ""9"": 341.0}","{""BUILD_PASTURE"": 14, ""CARE"": 311, ""COLLECT_FERTILIZER"": 326, ""DIG"": 34, ""DROP"": 95, ""EAST"": 791, ""FEED"": 324, ""FERTILIZE"": 90, ""HARVEST"": 302, ""NORTH"": 1223, ""PASS"": 495, ""PICKUP"": 367, ""PLACE"": 21, ""PLANT"": 99, ""SOUTH"": 917, ""WATER"": 791, ""WEST"": 1078}","{""BUY_ANIMAL"": 14, ""BUY_LAND"": 2, ""BUY_PRODUCT"": 324, ""BUY_SEED"": 51, ""HIRE"": 304, ""SELL"": 361}","{""BUY_ANIMAL:COW"": 8, ""BUY_ANIMAL:SHEEP"": 6, ""BUY_PRODUCT:WHEAT"": 1056, ""BUY_SEED:MELON"": 21, ""BUY_SEED:STRAWBERRY"": 44, ""BUY_SEED:WHEAT"": 34, ""SELL:FERTILIZER"": 232, ""SELL:MELON"": 119, ""SELL:MILK"": 230, ""SELL:STRAWBERRY"": 291, ""SELL:WHEAT"": 853, ""SELL:WOOL"": 168}",v008_q90,hamburger
2026,1,93420.0,98057.0,-4637.0,loss,DONE,DONE,1,719,0,0,0.9101,1.56944,1.8987340000000004,2.3105,4.281912500009639,2,1,"[{""distance"": 0.0, ""mode"": ""frontier"", ""route"": 6, ""step"": 0}, {""distance"": 0.020400000000000015, ""mode"": ""frontier"", ""route"": 6, ""step"": 24}, {""distance"": 0.0010000000000000009, ""mode"": ""frontier"", ""route"": 6, ""step"": 48}, {""distance"": 0.021400000000000016, ""mode"": ""frontier"", ""route"": 6, ""step"": 72}, {""distance"": 0.18200000000000016, ""mode"": ""frontier"", ""route"": 5, ""step"": 96}, {""distance"": 1.7824000000000002, ""mode"": ""frontier"", ""route"": 5, ""step"": 120}, {""distance"": 1.9222, ""mode"": ""frontier"", ""route"": 5, ""step"": 144}, {""distance"": 2.141, ""mode"": ""frontier"", ""route"": 5, ""step"": 168}, {""distance"": 0.7636000000000002, ""mode"": ""frontier"", ""route"": 5, ""step"": 192}, {""distance"": 3.7459999999999996, ""mode"": ""frontier"", ""route"": 5, ""step"": 216}, {""distance"": 1.8291999999999997, ""mode"": ""frontier"", ""route"": 5, ""step"": 240}, {""distance"": 11.9812, ""mode"": ""frontier"", ""route"": 5, ""step"": 264}, {""distance"": 10.1018, ""mode"": ""frontier"", ""route"": 5, ""step"": 288}, {""distance"": 6.4350000000000005, ""mode"": ""frontier"", ""route"": 5, ""step"": 312}, {""distance"": 6.845799999999999, ""mode"": ""frontier"", ""route"": 5, ""step"": 336}, {""distance"": 13.6782, ""mode"": ""frontier"", ""route"": 5, ""step"": 360}, {""distance"": 11.626600000000002, ""mode"": ""frontier"", ""route"": 4, ""step"": 384}, {""distance"": 12.652399999999998, ""mode"": ""frontier"", ""route"": 4, ""step"": 408}, {""distance"": 12.1892, ""mode"": ""frontier"", ""route"": 4, ""step"": 432}, {""distance"": 11.453399999999998, ""mode"": ""frontier"", ""route"": 4, ""step"": 456}, {""distance"": 13.818200000000003, ""mode"": ""frontier"", ""route"": 4, ""step"": 480}, {""distance"": 13.337399999999999, ""mode"": ""frontier"", ""route"": 4, ""step"": 504}, {""distance"": 19.7024, ""mode"": ""frontier"", ""route"": 5, ""step"": 528}, {""distance"": 19.3086, ""mode"": ""frontier"", ""route"": 5, ""step"": 552}, {""distance"": 20.388999999999996, ""mode"": ""frontier"", ""route"": 5, ""step"": 576}, {""distance"": 18.29, ""mode"": ""frontier"", ""route"": 5, ""step"": 600}, {""distance"": 12.578399999999998, ""mode"": ""frontier"", ""route"": 5, ""step"": 624}, {""distance"": 16.9126, ""mode"": ""frontier"", ""route"": 5, ""step"": 648}, {""distance"": 19.1684, ""mode"": ""frontier"", ""route"": 5, ""step"": 672}, {""distance"": 17.324, ""mode"": ""frontier"", ""route"": 5, ""step"": 696}]","{""0"": 157.0, ""1"": 211.0, ""10"": 3115.0, ""11"": 8952.0, ""12"": 12441.0, ""13"": 13401.0, ""14"": 18909.0, ""15"": 21664.0, ""16"": 23096.0, ""17"": 26909.0, ""18"": 30411.0, ""19"": 34536.0, ""2"": 474.0, ""20"": 40837.0, ""21"": 44093.0, ""22"": 52494.0, ""23"": 58719.0, ""24"": 67822.0, ""25"": 73427.0, ""26"": 79830.0, ""27"": 84375.0, ""28"": 85636.0, ""3"": 706.0, ""4"": 437.0, ""5"": 540.0, ""6"": 1533.0, ""7"": 450.0, ""8"": 518.0, ""9"": 341.0}","{""BUILD_PASTURE"": 14, ""CARE"": 311, ""COLLECT_FERTILIZER"": 326, ""DIG"": 34, ""DROP"": 95, ""EAST"": 791, ""FEED"": 324, ""FERTILIZE"": 90, ""HARVEST"": 302, ""NORTH"": 1223, ""PASS"": 495, ""PICKUP"": 367, ""PLACE"": 21, ""PLANT"": 99, ""SOUTH"": 917, ""WATER"": 791, ""WEST"": 1078}","{""BUY_ANIMAL"": 14, ""BUY_LAND"": 2, ""BUY_PRODUCT"": 324, ""BUY_SEED"": 51, ""HIRE"": 304, ""SELL"": 362}","{""BUY_ANIMAL:COW"": 8, ""BUY_ANIMAL:SHEEP"": 6, ""BUY_PRODUCT:WHEAT"": 1056, ""BUY_SEED:MELON"": 21, ""BUY_SEED:STRAWBERRY"": 44, ""BUY_SEED:WHEAT"": 34, ""SELL:FERTILIZER"": 234, ""SELL:MELON"": 119, ""SELL:MILK"": 230, ""SELL:STRAWBERRY"": 291, ""SELL:WHEAT"": 853, ""SELL:WOOL"": 168}",v008_q90,hamburger
17,0,137348.0,140429.0,-3081.0,loss,DONE,DONE,1,719,0,0,0.9286,1.53339,1.770850000000001,1.9893,4.136534799996298,2,1,"[{""distance"": 0.0, ""mode"": ""frontier"", ""route"": 6, ""step"": 0}, {""distance"": 0.02200000000000002, ""mode"": ""frontier"", ""route"": 1, ""step"": 24}, {""distance"": 1.0030000000000001, ""mode"": ""frontier"", ""route"": 2, ""step"": 48}, {""distance"": 1.0234, ""mode"": ""frontier"", ""route"": 2, ""step"": 72}, {""distance"": 1.2037999999999998, ""mode"": ""frontier"", ""route"": 2, ""step"": 96}, {""distance"": 1.3637999999999995, ""mode"": ""frontier"", ""route"": 2, ""step"": 120}, {""distance"": 4.0454, ""mode"": ""frontier"", ""route"": 2, ""step"": 144}, {""distance"": 4.2338000000000005, ""mode"": ""frontier"", ""route"": 1, ""step"": 168}, {""distance"": 4.639600000000001, ""mode"": ""frontier"", ""route"": 2, ""step"": 192}, {""distance"": 5.263800000000001, ""mode"": ""frontier"", ""route"": 4, ""step"": 216}, {""distance"": 5.536, ""mode"": ""frontier"", ""route"": 4, ""step"": 240}, {""distance"": 5.927000000000001, ""mode"": ""frontier"", ""route"": 2, ""step"": 264}, {""distance"": 5.8164, ""mode"": ""frontier"", ""route"": 4, ""step"": 288}, {""distance"": 6.9474, ""mode"": ""frontier"", ""route"": 2, ""step"": 312}, {""distance"": 7.1312, ""mode"": ""frontier"", ""route"": 4, ""step"": 336}, {""distance"": 7.5544, ""mode"": ""frontier"", ""route"": 2, ""step"": 360}, {""distance"": 7.077599999999999, ""mode"": ""frontier"", ""route"": 2, ""step"": 384}, {""distance"": 9.122399999999999, ""mode"": ""frontier"", ""route"": 2, ""step"": 408}, {""distance"": 8.711400000000001, ""mode"": ""frontier"", ""route"": 2, ""step"": 432}, {""distance"": 9.506600000000002, ""mode"": ""frontier"", ""route"": 2, ""step"": 456}, {""distance"": 10.382200000000001, ""mode"": ""frontier"", ""route"": 2, ""step"": 480}, {""distance"": 10.002199999999998, ""mode"": ""frontier"", ""route"": 2, ""step"": 504}, {""distance"": 10.557799999999999, ""mode"": ""frontier"", ""route"": 2, ""step"": 528}, {""distance"": 12.348999999999997, ""mode"": ""frontier"", ""route"": 2, ""step"": 552}, {""distance"": 13.318999999999999, ""mode"": ""frontier"", ""route"": 2, ""step"": 576}, {""distance"": 13.1024, ""mode"": ""frontier"", ""route"": 2, ""step"": 600}, {""distance"": 14.258400000000002, ""mode"": ""frontier"", ""route"": 1, ""step"": 624}, {""distance"": 13.641000000000005, ""mode"": ""frontier"", ""route"": 1, ""step"": 648}, {""distance"": 14.125799999999998, ""mode"": ""frontier"", ""route"": 1, ""step"": 672}, {""distance"": 17.977999999999998, ""mode"": ""frontier"", ""route"": 3, ""step"": 696}]","{""0"": 165.0, ""1"": 220.0, ""10"": 3390.0, ""11"": 8194.0, ""12"": 12082.0, ""13"": 13462.0, ""14"": 21156.0, ""15"": 23822.0, ""16"": 26695.0, ""17"": 34706.0, ""18"": 40710.0, ""19"": 46496.0, ""2"": 485.0, ""20"": 57457.0, ""21"": 63972.0, ""22"": 74202.0, ""23"": 82369.0, ""24"": 94150.0, ""25"": 101549.0, ""26"": 111910.0, ""27"": 119704.0, ""28"": 124891.0, ""3"": 719.0, ""4"": 451.0, ""5"": 561.0, ""6"": 1480.0, ""7"": 310.0, ""8"": 746.0, ""9"": 551.0}","{""BUILD_PASTURE"": 14, ""CARE"": 311, ""COLLECT_FERTILIZER"": 326, ""DIG"": 34, ""DROP"": 95, ""EAST"": 791, ""FEED"": 324, ""FERTILIZE"": 90, ""HARVEST"": 302, ""NORTH"": 1223, ""PASS"": 495, ""PICKUP"": 367, ""PLACE"": 21, ""PLANT"": 99, ""SOUTH"": 917, ""WATER"": 791, ""WEST"": 1078}","{""BUY_ANIMAL"": 14, ""BUY_LAND"": 2, ""BUY_PRODUCT"": 324, ""BUY_SEED"": 51, ""HIRE"": 304, ""SELL"": 363}","{""BUY_ANIMAL:COW"": 8, ""BUY_ANIMAL:SHEEP"": 6, ""BUY_PRODUCT:WHEAT"": 1056, ""BUY_SEED:MELON"": 21, ""BUY_SEED:STRAWBERRY"": 44, ""BUY_SEED:WHEAT"": 34, ""SELL:FERTILIZER"": 234, ""SELL:MELON"": 119, ""SELL:MILK"": 230, ""SELL:STRAWBERRY"": 291, ""SELL:WHEAT"": 877, ""SELL:WOOL"": 168}",v008_q90,builder
17,1,111252.0,112505.0,-1253.0,loss,DONE,DONE,1,719,0,0,0.8928,1.54673,1.7719580000000001,2.0108,4.103471100010211,7,1,"[{""distance"": 0.0, ""mode"": ""frontier"", ""route"": 6, ""step"": 0}, {""distance"": 0.02200000000000002, ""mode"": ""frontier"", ""route"": 1, ""step"": 24}, {""distance"": 0.0029999999999999957, ""mode"": ""frontier"", ""route"": 1, ""step"": 48}, {""distance"": 1.1234000000000002, ""mode"": ""frontier"", ""route"": 1, ""step"": 72}, {""distance"": 1.1638000000000002, ""mode"": ""frontier"", ""route"": 2, ""step"": 96}, {""distance"": 1.1838000000000002, ""mode"": ""frontier"", ""route"": 2, ""step"": 120}, {""distance"": 1.2054, ""mode"": ""frontier"", ""route"": 2, ""step"": 144}, {""distance"": 1.5844000000000007, ""mode"": ""frontier"", ""route"": 1, ""step"": 168}, {""distance"": 1.9362, ""mode"": ""frontier"", ""route"": 2, ""step"": 192}, {""distance"": 2.66, ""mode"": ""frontier"", ""route"": 0, ""step"": 216}, {""distance"": 2.8399999999999994, ""mode"": ""frontier"", ""route"": 0, ""step"": 240}, {""distance"": 3.100000000000001, ""mode"": ""frontier"", ""route"": 0, ""step"": 264}, {""distance"": 4.42, ""mode"": ""frontier"", ""route"": 0, ""step"": 288}, {""distance"": 2.2330000000000005, ""mode"": ""frontier"", ""route"": 0, ""step"": 312}, {""distance"": 2.2929999999999993, ""mode"": ""frontier"", ""route"": 0, ""step"": 336}, {""distance"": 2.3664000000000005, ""mode"": ""frontier"", ""route"": 0, ""step"": 360}, {""distance"": 2.608000000000001, ""mode"": ""frontier"", ""route"": 0, ""step"": 384}, {""distance"": 3.610599999999998, ""mode"": ""frontier"", ""route"": 0, ""step"": 408}, {""distance"": 3.939399999999999, ""mode"": ""frontier"", ""route"": 0, ""step"": 432}, {""distance"": 4.276200000000001, ""mode"": ""frontier"", ""route"": 0, ""step"": 456}, {""distance"": 5.5985999999999985, ""mode"": ""frontier"", ""route"": 0, ""step"": 480}, {""distance"": 3.7614, ""mode"": ""frontier"", ""route"": 0, ""step"": 504}, {""distance"": 4.0218, ""mode"": ""frontier"", ""route"": 0, ""step"": 528}, {""distance"": 4.0294000000000025, ""mode"": ""frontier"", ""route"": 0, ""step"": 552}, {""distance"": 4.131799999999997, ""mode"": ""frontier"", ""route"": 0, ""step"": 576}, {""distance"": 4.3344, ""mode"": ""frontier"", ""route"": 0, ""step"": 600}, {""distance"": 4.531000000000001, ""mode"": ""frontier"", ""route"": 0, ""step"": 624}, {""distance"": 4.25, ""mode"": ""frontier"", ""route"": 0, ""step"": 648}, {""distance"": 4.638400000000001, ""mode"": ""frontier"", ""route"": 0, ""step"": 672}, {""distance"": 4.361000000000002, ""mode"": ""frontier"", ""route"": 0, ""step"": 696}]","{""0"": 165.0, ""1"": 220.0, ""10"": 1532.0, ""11"": 7386.0, ""12"": 10929.0, ""13"": 11630.0, ""14"": 18656.0, ""15"": 22046.0, ""16"": 24052.0, ""17"": 30655.0, ""18"": 34895.0, ""19"": 38579.0, ""2"": 485.0, ""20"": 46654.0, ""21"": 51188.0, ""22"": 59292.0, ""23"": 65778.0, ""24"": 76066.0, ""25"": 83519.0, ""26"": 91340.0, ""27"": 98357.0, ""28"": 101467.0, ""3"": 719.0, ""4"": 451.0, ""5"": 561.0, ""6"": 1572.0, ""7"": 489.0, ""8"": 124.0, ""9"": 91.0}","{""BUILD_PASTURE"": 14, ""CARE"": 310, ""COLLECT_FERTILIZER"": 323, ""DIG"": 34, ""DROP"": 99, ""EAST"": 784, ""FEED"": 324, ""FERTILIZE"": 89, ""HARVEST"": 301, ""NORTH"": 1209, ""PASS"": 482, ""PICKUP"": 367, ""PLACE"": 16, ""PLANT"": 98, ""SOUTH"": 908, ""WATER"": 782, ""WEST"": 1078}","{""BUY_ANIMAL"": 14, ""BUY_LAND"": 2, ""BUY_PRODUCT"": 324, ""BUY_SEED"": 51, ""HIRE"": 304, ""SELL"": 363}","{""BUY_ANIMAL:COW"": 8, ""BUY_ANIMAL:SHEEP"": 6, ""BUY_PRODUCT:WHEAT"": 1056, ""BUY_SEED:MELON"": 21, ""BUY_SEED:STRAWBERRY"": 44, ""BUY_SEED:WHEAT"": 34, ""SELL:FERTILIZER"": 232, ""SELL:MELON"": 119, ""SELL:MILK"": 230, ""SELL:STRAWBERRY"": 291, ""SELL:WHEAT"": 866, ""SELL:WOOL"": 168}",v008_q90,builder
42,0,151190.0,143993.0,7197.0,win,DONE,DONE,1,719,0,0,0.9113,1.54603,1.7565820000000014,2.7616,4.139716000005137,2,1,"[{""distance"": 0.0, ""mode"": ""frontier"", ""route"": 6, ""step"": 0}, {""distance"": 0.522, ""mode"": ""frontier"", ""route"": 1, ""step"": 24}, {""distance"": 0.0029999999999999957, ""mode"": ""frontier"", ""route"": 1, ""step"": 48}, {""distance"": 0.023400000000000018, ""mode"": ""frontier"", ""route"": 1, ""step"": 72}, {""distance"": 0.003400000000000014, ""mode"": ""frontier"", ""route"": 3, ""step"": 96}, {""distance"": 1.0238, ""mode"": ""frontier"", ""route"": 1, ""step"": 120}, {""distance"": 1.0053999999999998, ""mode"": ""frontier"", ""route"": 1, ""step"": 144}, {""distance"": 0.8356000000000001, ""mode"": ""frontier"", ""route"": 1, ""step"": 168}, {""distance"": 1.6463999999999996, ""mode"": ""frontier"", ""route"": 2, ""step"": 192}, {""distance"": 2.4062, ""mode"": ""frontier"", ""route"": 2, ""step"": 216}, {""distance"": 2.5116, ""mode"": ""frontier"", ""route"": 2, ""step"": 240}, {""distance"": 3.3406, ""mode"": ""frontier"", ""route"": 2, ""step"": 264}, {""distance"": 3.9702, ""mode"": ""frontier"", ""route"": 2, ""step"": 288}, {""distance"": 2.3644, ""mode"": ""frontier"", ""route"": 2, ""step"": 312}, {""distance"": 4.0084, ""mode"": ""frontier"", ""route"": 2, ""step"": 336}, {""distance"": 3.9534000000000007, ""mode"": ""frontier"", ""route"": 2, ""step"": 360}, {""distance"": 4.160399999999999, ""mode"": ""frontier"", ""route"": 2, ""step"": 384}, {""distance"": 4.007599999999999, ""mode"": ""frontier"", ""route"": 2, ""step"": 408}, {""distance"": 4.345800000000001, ""mode"": ""frontier"", ""route"": 2, ""step"": 432}, {""distance"": 4.5120000000000005, ""mode"": ""frontier"", ""route"": 2, ""step"": 456}, {""distance"": 4.4886, ""mode"": ""frontier"", ""route"": 2, ""step"": 480}, {""distance"": 4.423399999999998, ""mode"": ""frontier"", ""route"": 2, ""step"": 504}, {""distance"": 3.3094, ""mode"": ""frontier"", ""route"": 2, ""step"": 528}, {""distance"": 4.545400000000001, ""mode"": ""frontier"", ""route"": 2, ""step"": 552}, {""distance"": 5.2193999999999985, ""mode"": ""frontier"", ""route"": 2, ""step"": 576}, {""distance"": 5.558999999999998, ""mode"": ""frontier"", ""route"": 2, ""step"": 600}, {""distance"": 5.218200000000001, ""mode"": ""frontier"", ""route"": 2, ""step"": 624}, {""distance"": 6.593600000000003, ""mode"": ""frontier"", ""route"": 2, ""step"": 648}, {""distance"": 5.4220000000000015, ""mode"": ""frontier"", ""route"": 2, ""step"": 672}, {""distance"": 10.962200000000003, ""mode"": ""frontier"", ""route"": 3, ""step"": 696}]","{""0"": 165.0, ""1"": 220.0, ""10"": 3758.0, ""11"": 10009.0, ""12"": 13931.0, ""13"": 15402.0, ""14"": 22795.0, ""15"": 26412.0, ""16"": 29345.0, ""17"": 38392.0, ""18"": 44503.0, ""19"": 50550.0, ""2"": 485.0, ""20"": 62885.0, ""21"": 69491.0, ""22"": 80602.0, ""23"": 89410.0, ""24"": 104418.0, ""25"": 111513.0, ""26"": 124177.0, ""27"": 132794.0, ""28"": 138714.0, ""3"": 719.0, ""4"": 451.0, ""5"": 561.0, ""6"": 1528.0, ""7"": 440.0, ""8"": 1045.0, ""9"": 892.0}","{""BUILD_PASTURE"": 14, ""CARE"": 310, ""COLLECT_FERTILIZER"": 326, ""DIG"": 34, ""DROP"": 95, ""EAST"": 788, ""FEED"": 324, ""FERTILIZE"": 90, ""HARVEST"": 302, ""NORTH"": 1218, ""PASS"": 515, ""PICKUP"": 367, ""PLACE"": 21, ""PLANT"": 99, ""SOUTH"": 914, ""WATER"": 786, ""WEST"": 1075}","{""BUY_ANIMAL"": 14, ""BUY_LAND"": 2, ""BUY_PRODUCT"": 324, ""BUY_SEED"": 51, ""HIRE"": 304, ""SELL"": 363}","{""BUY_ANIMAL:COW"": 8, ""BUY_ANIMAL:SHEEP"": 6, ""BUY_PRODUCT:WHEAT"": 1056, ""BUY_SEED:MELON"": 21, ""BUY_SEED:STRAWBERRY"": 44, ""BUY_SEED:WHEAT"": 34, ""SELL:FERTILIZER"": 236, ""SELL:MELON"": 119, ""SELL:MILK"": 230, ""SELL:STRAWBERRY"": 291, ""SELL:WHEAT"": 853, ""SELL:WOOL"": 168}",v008_q90,builder
42,1,150152.0,133402.0,16750.0,win,DONE,DONE,1,719,0,0,0.9022,1.51815,1.7887360000000023,2.494,4.132331300002988,2,1,"[{""distance"": 0.0, ""mode"": ""frontier"", ""route"": 6, ""step"": 0}, {""distance"": 0.522, ""mode"": ""frontier"", ""route"": 1, ""step"": 24}, {""distance"": 0.0029999999999999957, ""mode"": ""frontier"", ""route"": 1, ""step"": 48}, {""distance"": 0.023400000000000018, ""mode"": ""frontier"", ""route"": 1, ""step"": 72}, {""distance"": 0.003400000000000014, ""mode"": ""frontier"", ""route"": 3, ""step"": 96}, {""distance"": 0.023800000000000016, ""mode"": ""frontier"", ""route"": 1, ""step"": 120}, {""distance"": 0.005399999999999988, ""mode"": ""frontier"", ""route"": 1, ""step"": 144}, {""distance"": 0.12619999999999998, ""mode"": ""frontier"", ""route"": 3, ""step"": 168}, {""distance"": 0.18400000000000016, ""mode"": ""frontier"", ""route"": 3, ""step"": 192}, {""distance"": 0.28139999999999976, ""mode"": ""frontier"", ""route"": 3, ""step"": 216}, {""distance"": 0.4275999999999999, ""mode"": ""frontier"", ""route"": 1, ""step"": 240}, {""distance"": 1.4706000000000006, ""mode"": ""frontier"", ""route"": 1, ""step"": 264}, {""distance"": 2.5894, ""mode"": ""frontier"", ""route"": 1, ""step"": 288}, {""distance"": 1.0352000000000003, ""mode"": ""frontier"", ""route"": 3, ""step"": 312}, {""distance"": 2.0553999999999997, ""mode"": ""frontier"", ""route"": 1, ""step"": 336}, {""distance"": 1.9265999999999994, ""mode"": ""frontier"", ""route"": 1, ""step"": 360}, {""distance"": 1.8375999999999995, ""mode"": ""frontier"", ""route"": 1, ""step"": 384}, {""distance"": 1.9684000000000001, ""mode"": ""frontier"", ""route"": 1, ""step"": 408}, {""distance"": 1.8997999999999988, ""mode"": ""frontier"", ""route"": 1, ""step"": 432}, {""distance"": 2.417200000000001, ""mode"": ""frontier"", ""route"": 1, ""step"": 456}, {""distance"": 3.239599999999998, ""mode"": ""frontier"", ""route"": 1, ""step"": 480}, {""distance"": 3.6395999999999993, ""mode"": ""frontier"", ""route"": 1, ""step"": 504}, {""distance"": 4.474799999999998, ""mode"": ""frontier"", ""route"": 1, ""step"": 528}, {""distance"": 4.6469999999999985, ""mode"": ""frontier"", ""route"": 2, ""step"": 552}, {""distance"": 5.580399999999999, ""mode"": ""frontier"", ""route"": 2, ""step"": 576}, {""distance"": 5.025400000000003, ""mode"": ""frontier"", ""route"": 2, ""step"": 600}, {""distance"": 6.1885999999999965, ""mode"": ""frontier"", ""route"": 1, ""step"": 624}, {""distance"": 7.132799999999998, ""mode"": ""frontier"", ""route"": 2, ""step"": 648}, {""distance"": 7.5752, ""mode"": ""frontier"", ""route"": 2, ""step"": 672}, {""distance"": 11.246200000000002, ""mode"": ""frontier"", ""route"": 3, ""step"": 696}]","{""0"": 165.0, ""1"": 220.0, ""10"": 3527.0, ""11"": 9655.0, ""12"": 13440.0, ""13"": 14657.0, ""14"": 22127.0, ""15"": 25707.0, ""16"": 28365.0, ""17"": 37016.0, ""18"": 43041.0, ""19"": 48729.0, ""2"": 485.0, ""20"": 60339.0, ""21"": 66753.0, ""22"": 77466.0, ""23"": 86248.0, ""24"": 101015.0, ""25"": 109150.0, ""26"": 121715.0, ""27"": 130684.0, ""28"": 136482.0, ""3"": 719.0, ""4"": 451.0, ""5"": 561.0, ""6"": 1528.0, ""7"": 440.0, ""8"": 870.0, ""9"": 718.0}","{""BUILD_PASTURE"": 14, ""CARE"": 311, ""COLLECT_FERTILIZER"": 326, ""DIG"": 34, ""DROP"": 95, ""EAST"": 791, ""FEED"": 324, ""FERTILIZE"": 90, ""HARVEST"": 302, ""NORTH"": 1223, ""PASS"": 495, ""PICKUP"": 367, ""PLACE"": 21, ""PLANT"": 99, ""SOUTH"": 917, ""WATER"": 791, ""WEST"": 1078}","{""BUY_ANIMAL"": 14, ""BUY_LAND"": 2, ""BUY_PRODUCT"": 324, ""BUY_SEED"": 51, ""HIRE"": 304, ""SELL"": 362}","{""BUY_ANIMAL:COW"": 8, ""BUY_ANIMAL:SHEEP"": 6, ""BUY_PRODUCT:WHEAT"": 1056, ""BUY_SEED:MELON"": 21, ""BUY_SEED:STRAWBERRY"": 44, ""BUY_SEED:WHEAT"": 34, ""SELL:FERTILIZER"": 234, ""SELL:MELON"": 119, ""SELL:MILK"": 230, ""SELL:STRAWBERRY"": 291, ""SELL:WHEAT"": 853, ""SELL:WOOL"": 168}",v008_q90,builder
2026,0,134017.0,122907.0,11110.0,win,DONE,DONE,1,719,0,0,0.9209,1.5360200000000002,1.7713580000000002,2.0732,4.164949099998921,2,1,"[{""distance"": 0.0, ""mode"": ""frontier"", ""route"": 6, ""step"": 0}, {""distance"": 0.02200000000000002, ""mode"": ""frontier"", ""route"": 1, ""step"": 24}, {""distance"": 0.0029999999999999957, ""mode"": ""frontier"", ""route"": 2, ""step"": 48}, {""distance"": 0.023400000000000018, ""mode"": ""frontier"", ""route"": 2, ""step"": 72}, {""distance"": 0.20379999999999973, ""mode"": ""frontier"", ""route"": 2, ""step"": 96}, {""distance"": 0.36379999999999946, ""mode"": ""frontier"", ""route"": 2, ""step"": 120}, {""distance"": 0.44540000000000035, ""mode"": ""frontier"", ""route"": 2, ""step"": 144}, {""distance"": 0.2556, ""mode"": ""frontier"", ""route"": 1, ""step"": 168}, {""distance"": 0.5464, ""mode"": ""frontier"", ""route"": 2, ""step"": 192}, {""distance"": 1.1311999999999995, ""mode"": ""frontier"", ""route"": 2, ""step"": 216}, {""distance"": 0.8237999999999999, ""mode"": ""frontier"", ""route"": 4, ""step"": 240}, {""distance"": 1.2526000000000004, ""mode"": ""frontier"", ""route"": 4, ""step"": 264}, {""distance"": 2.2039999999999997, ""mode"": ""frontier"", ""route"": 4, ""step"": 288}, {""distance"": 3.6168000000000005, ""mode"": ""frontier"", ""route"": 2, ""step"": 312}, {""distance"": 3.9874000000000005, ""mode"": ""frontier"", ""route"": 4, ""step"": 336}, {""distance"": 4.0328, ""mode"": ""frontier"", ""route"": 4, ""step"": 360}, {""distance"": 4.938599999999999, ""mode"": ""frontier"", ""route"": 4, ""step"": 384}, {""distance"": 5.6469999999999985, ""mode"": ""frontier"", ""route"": 2, ""step"": 408}, {""distance"": 6.066200000000001, ""mode"": ""frontier"", ""route"": 2, ""step"": 432}, {""distance"": 6.8744, ""mode"": ""frontier"", ""route"": 3, ""step"": 456}, {""distance"": 6.487400000000001, ""mode"": ""frontier"", ""route"": 2, ""step"": 480}, {""distance"": 6.6016, ""mode"": ""frontier"", ""route"": 2, ""step"": 504}, {""distance"": 6.0008, ""mode"": ""frontier"", ""route"": 3, ""step"": 528}, {""distance"": 6.715399999999998, ""mode"": ""frontier"", ""route"": 3, ""step"": 552}, {""distance"": 7.871600000000001, ""mode"": ""frontier"", ""route"": 2, ""step"": 576}, {""distance"": 8.435400000000001, ""mode"": ""frontier"", ""route"": 2, ""step"": 600}, {""distance"": 7.493599999999999, ""mode"": ""frontier"", ""route"": 3, ""step"": 624}, {""distance"": 7.266599999999999, ""mode"": ""frontier"", ""route"": 3, ""step"": 648}, {""distance"": 7.309199999999999, ""mode"": ""frontier"", ""route"": 3, ""step"": 672}, {""distance"": 7.470600000000001, ""mode"": ""frontier"", ""route"": 3, ""step"": 696}]","{""0"": 165.0, ""1"": 220.0, ""10"": 3512.0, ""11"": 9598.0, ""12"": 13392.0, ""13"": 14759.0, ""14"": 21203.0, ""15"": 24340.0, ""16"": 26772.0, ""17"": 34732.0, ""18"": 39603.0, ""19"": 45370.0, ""2"": 485.0, ""20"": 56560.0, ""21"": 61398.0, ""22"": 72030.0, ""23"": 79867.0, ""24"": 93046.0, ""25"": 100345.0, ""26"": 110913.0, ""27"": 118217.0, ""28"": 123260.0, ""3"": 719.0, ""4"": 451.0, ""5"": 561.0, ""6"": 1528.0, ""7"": 440.0, ""8"": 870.0, ""9"": 690.0}","{""BUILD_PASTURE"": 14, ""CARE"": 311, ""COLLECT_FERTILIZER"": 326, ""DIG"": 34, ""DROP"": 95, ""EAST"": 791, ""FEED"": 324, ""FERTILIZE"": 90, ""HARVEST"": 302, ""NORTH"": 1223, ""PASS"": 495, ""PICKUP"": 367, ""PLACE"": 21, ""PLANT"": 99, ""SOUTH"": 917, ""WATER"": 791, ""WEST"": 1078}","{""BUY_ANIMAL"": 14, ""BUY_LAND"": 2, ""BUY_PRODUCT"": 324, ""BUY_SEED"": 51, ""HIRE"": 304, ""SELL"": 362}","{""BUY_ANIMAL:COW"": 8, ""BUY_ANIMAL:SHEEP"": 6, ""BUY_PRODUCT:WHEAT"": 1056, ""BUY_SEED:MELON"": 21, ""BUY_SEED:STRAWBERRY"": 44, ""BUY_SEED:WHEAT"": 34, ""SELL:FERTILIZER"": 234, ""SELL:MELON"": 119, ""SELL:MILK"": 230, ""SELL:STRAWBERRY"": 291, ""SELL:WHEAT"": 853, ""SELL:WOOL"": 168}",v008_q90,builder
2026,1,132268.0,124370.0,7898.0,win,DONE,DONE,1,719,0,0,0.9259,1.5730200000000003,2.029432000000002,2.6167,4.203781899996102,2,1,"[{""distance"": 0.0, ""mode"": ""frontier"", ""route"": 6, ""step"": 0}, {""distance"": 0.02200000000000002, ""mode"": ""frontier"", ""route"": 1, ""step"": 24}, {""distance"": 0.0029999999999999957, ""mode"": ""frontier"", ""route"": 2, ""step"": 48}, {""distance"": 0.023400000000000018, ""mode"": ""frontier"", ""route"": 2, ""step"": 72}, {""distance"": 0.20379999999999973, ""mode"": ""frontier"", ""route"": 2, ""step"": 96}, {""distance"": 0.36379999999999946, ""mode"": ""frontier"", ""route"": 2, ""step"": 120}, {""distance"": 0.44540000000000035, ""mode"": ""frontier"", ""route"": 2, ""step"": 144}, {""distance"": 0.2556, ""mode"": ""frontier"", ""route"": 1, ""step"": 168}, {""distance"": 0.5464, ""mode"": ""frontier"", ""route"": 2, ""step"": 192}, {""distance"": 1.1311999999999995, ""mode"": ""frontier"", ""route"": 2, ""step"": 216}, {""distance"": 0.8237999999999999, ""mode"": ""frontier"", ""route"": 4, ""step"": 240}, {""distance"": 1.7526000000000006, ""mode"": ""frontier"", ""route"": 4, ""step"": 264}, {""distance"": 2.704, ""mode"": ""frontier"", ""route"": 4, ""step"": 288}, {""distance"": 0.8656000000000005, ""mode"": ""frontier"", ""route"": 4, ""step"": 312}, {""distance"": 3.9874, ""mode"": ""frontier"", ""route"": 4, ""step"": 336}, {""distance"": 4.0328, ""mode"": ""frontier"", ""route"": 4, ""step"": 360}, {""distance"": 4.9386, ""mode"": ""frontier"", ""route"": 4, ""step"": 384}, {""distance"": 6.026999999999999, ""mode"": ""frontier"", ""route"": 2, ""step"": 408}, {""distance"": 6.4262000000000015, ""mode"": ""frontier"", ""route"": 2, ""step"": 432}, {""distance"": 6.394399999999999, ""mode"": ""frontier"", ""route"": 3, ""step"": 456}, {""distance"": 6.900999999999998, ""mode"": ""frontier"", ""route"": 3, ""step"": 480}, {""distance"": 6.5074000000000005, ""mode"": ""frontier"", ""route"": 3, ""step"": 504}, {""distance"": 6.540799999999999, ""mode"": ""frontier"", ""route"": 3, ""step"": 528}, {""distance"": 6.9528000000000025, ""mode"": ""frontier"", ""route"": 3, ""step"": 552}, {""distance"": 9.007000000000001, ""mode"": ""frontier"", ""route"": 3, ""step"": 576}, {""distance"": 7.952000000000002, ""mode"": ""frontier"", ""route"": 3, ""step"": 600}, {""distance"": 6.965999999999998, ""mode"": ""frontier"", ""route"": 3, ""step"": 624}, {""distance"": 7.162400000000001, ""mode"": ""frontier"", ""route"": 3, ""step"": 648}, {""distance"": 7.395000000000001, ""mode"": ""frontier"", ""route"": 3, ""step"": 672}, {""distance"": 10.3568, ""mode"": ""frontier"", ""route"": 3, ""step"": 696}]","{""0"": 165.0, ""1"": 220.0, ""10"": 3512.0, ""11"": 9598.0, ""12"": 13392.0, ""13"": 14759.0, ""14"": 21203.0, ""15"": 24340.0, ""16"": 26772.0, ""17"": 34732.0, ""18"": 39603.0, ""19"": 45370.0, ""2"": 485.0, ""20"": 56560.0, ""21"": 61398.0, ""22"": 72020.0, ""23"": 79837.0, ""24"": 92974.0, ""25"": 99507.0, ""26"": 109592.0, ""27"": 116896.0, ""28"": 121923.0, ""3"": 719.0, ""4"": 451.0, ""5"": 561.0, ""6"": 1528.0, ""7"": 440.0, ""8"": 870.0, ""9"": 690.0}","{""BUILD_PASTURE"": 14, ""CARE"": 311, ""COLLECT_FERTILIZER"": 326, ""DIG"": 34, ""DROP"": 95, ""EAST"": 791, ""FEED"": 324, ""FERTILIZE"": 90, ""HARVEST"": 302, ""NORTH"": 1223, ""PASS"": 495, ""PICKUP"": 367, ""PLACE"": 21, ""PLANT"": 99, ""SOUTH"": 917, ""WATER"": 791, ""WEST"": 1078}","{""BUY_ANIMAL"": 14, ""BUY_LAND"": 2, ""BUY_PRODUCT"": 324, ""BUY_SEED"": 51, ""HIRE"": 304, ""SELL"": 363}","{""BUY_ANIMAL:COW"": 8, ""BUY_ANIMAL:SHEEP"": 6, ""BUY_PRODUCT:WHEAT"": 1056, ""BUY_SEED:MELON"": 21, ""BUY_SEED:STRAWBERRY"": 44, ""BUY_SEED:WHEAT"": 34, ""SELL:FERTILIZER"": 238, ""SELL:MELON"": 119, ""SELL:MILK"": 230, ""SELL:STRAWBERRY"": 291, ""SELL:WHEAT"": 853, ""SELL:WOOL"": 168}",v008_q90,builder
17,0,130068.0,138389.0,-8321.0,loss,DONE,DONE,1,719,0,0,0.9463,1.6155300000000001,1.8115080000000006,1.9632,4.310836899996502,2,1,"[{""distance"": 0.0, ""mode"": ""frontier"", ""route"": 6, ""step"": 0}, {""distance"": 0.0, ""mode"": ""frontier"", ""route"": 6, ""step"": 24}, {""distance"": 1.0, ""mode"": ""frontier"", ""route"": 6, ""step"": 48}, {""distance"": 1.0, ""mode"": ""frontier"", ""route"": 6, ""step"": 72}, {""distance"": 0.0, ""mode"": ""frontier"", ""route"": 7, ""step"": 96}, {""distance"": 3.0603999999999996, ""mode"": ""frontier"", ""route"": 5, ""step"": 120}, {""distance"": 5.8622000000000005, ""mode"": ""frontier"", ""route"": 5, ""step"": 144}, {""distance"": 6.137799999999999, ""mode"": ""frontier"", ""route"": 5, ""step"": 168}, {""distance"": 4.877399999999999, ""mode"": ""frontier"", ""route"": 5, ""step"": 192}, {""distance"": 8.4346, ""mode"": ""frontier"", ""route"": 5, ""step"": 216}, {""distance"": 6.070799999999998, ""mode"": ""frontier"", ""route"": 5, ""step"": 240}, {""distance"": 16.6136, ""mode"": ""frontier"", ""route"": 5, ""step"": 264}, {""distance"": 12.866999999999999, ""mode"": ""frontier"", ""route"": 5, ""step"": 288}, {""distance"": 8.446799999999998, ""mode"": ""frontier"", ""route"": 5, ""step"": 312}, {""distance"": 8.744599999999998, ""mode"": ""frontier"", ""route"": 5, ""step"": 336}, {""distance"": 15.2458, ""mode"": ""frontier"", ""route"": 4, ""step"": 360}, {""distance"": 13.1334, ""mode"": ""frontier"", ""route"": 4, ""step"": 384}, {""distance"": 15.1854, ""mode"": ""frontier"", ""route"": 5, ""step"": 408}, {""distance"": 15.360199999999999, ""mode"": ""frontier"", ""route"": 4, ""step"": 432}, {""distance"": 15.865200000000002, ""mode"": ""frontier"", ""route"": 5, ""step"": 456}, {""distance"": 16.624599999999997, ""mode"": ""frontier"", ""route"": 5, ""step"": 480}, {""distance"": 16.1018, ""mode"": ""frontier"", ""route"": 2, ""step"": 504}, {""distance"": 19.411999999999995, ""mode"": ""frontier"", ""route"": 5, ""step"": 528}, {""distance"": 17.961399999999998, ""mode"": ""frontier"", ""route"": 7, ""step"": 552}, {""distance"": 19.2954, ""mode"": ""frontier"", ""route"": 7, ""step"": 576}, {""distance"": 20.7568, ""mode"": ""frontier"", ""route"": 6, ""step"": 600}, {""distance"": 19.094399999999997, ""mode"": ""frontier"", ""route"": 5, ""step"": 624}, {""distance"": 21.050599999999996, ""mode"": ""frontier"", ""route"": 5, ""step"": 648}, {""distance"": 22.1954, ""mode"": ""frontier"", ""route"": 1, ""step"": 672}, {""distance"": 22.692999999999994, ""mode"": ""frontier"", ""route"": 1, ""step"": 696}]","{""0"": 161.0, ""1"": 216.0, ""10"": 3289.0, ""11"": 8020.0, ""12"": 11782.0, ""13"": 13203.0, ""14"": 19460.0, ""15"": 22230.0, ""16"": 24849.0, ""17"": 32256.0, ""18"": 37604.0, ""19"": 43816.0, ""2"": 481.0, ""20"": 55009.0, ""21"": 60878.0, ""22"": 71828.0, ""23"": 79564.0, ""24"": 90721.0, ""25"": 97491.0, ""26"": 107033.0, ""27"": 113832.0, ""28"": 118443.0, ""3"": 715.0, ""4"": 447.0, ""5"": 540.0, ""6"": 1449.0, ""7"": 281.0, ""8"": 706.0, ""9"": 441.0}","{""BUILD_PASTURE"": 14, ""CARE"": 311, ""COLLECT_FERTILIZER"": 326, ""DIG"": 34, ""DROP"": 95, ""EAST"": 791, ""FEED"": 324, ""FERTILIZE"": 90, ""HARVEST"": 302, ""NORTH"": 1223, ""PASS"": 495, ""PICKUP"": 367, ""PLACE"": 21, ""PLANT"": 99, ""SOUTH"": 917, ""WATER"": 791, ""WEST"": 1078}","{""BUY_ANIMAL"": 14, ""BUY_LAND"": 2, ""BUY_PRODUCT"": 324, ""BUY_SEED"": 51, ""HIRE"": 304, ""SELL"": 362}","{""BUY_ANIMAL:COW"": 8, ""BUY_ANIMAL:SHEEP"": 6, ""BUY_PRODUCT:WHEAT"": 1056, ""BUY_SEED:MELON"": 21, ""BUY_SEED:STRAWBERRY"": 44, ""BUY_SEED:WHEAT"": 34, ""SELL:FERTILIZER"": 232, ""SELL:MELON"": 119, ""SELL:MILK"": 230, ""SELL:STRAWBERRY"": 291, ""SELL:WHEAT"": 877, ""SELL:WOOL"": 168}",v008_q90,frontier
17,1,138354.0,128732.0,9622.0,win,DONE,DONE,1,719,0,0,0.9388,1.61782,1.812202,2.1257,4.352314599993406,2,1,"[{""distance"": 0.0, ""mode"": ""frontier"", ""route"": 6, ""step"": 0}, {""distance"": 0.0, ""mode"": ""frontier"", ""route"": 6, ""step"": 24}, {""distance"": 0.5, ""mode"": ""frontier"", ""route"": 6, ""step"": 48}, {""distance"": 0.5, ""mode"": ""frontier"", ""route"": 6, ""step"": 72}, {""distance"": 0.5002, ""mode"": ""frontier"", ""route"": 6, ""step"": 96}, {""distance"": 2.5603999999999996, ""mode"": ""frontier"", ""route"": 5, ""step"": 120}, {""distance"": 4.5122, ""mode"": ""frontier"", ""route"": 5, ""step"": 144}, {""distance"": 4.6706, ""mode"": ""frontier"", ""route"": 5, ""step"": 168}, {""distance"": 3.2912, ""mode"": ""frontier"", ""route"": 5, ""step"": 192}, {""distance"": 6.8382, ""mode"": ""frontier"", ""route"": 5, ""step"": 216}, {""distance"": 4.2744, ""mode"": ""frontier"", ""route"": 5, ""step"": 240}, {""distance"": 13.517200000000003, ""mode"": ""frontier"", ""route"": 5, ""step"": 264}, {""distance"": 9.9756, ""mode"": ""frontier"", ""route"": 5, ""step"": 288}, {""distance"": 5.935799999999999, ""mode"": ""frontier"", ""route"": 5, ""step"": 312}, {""distance"": 5.278, ""mode"": ""frontier"", ""route"": 5, ""step"": 336}, {""distance"": 12.536800000000001, ""mode"": ""frontier"", ""route"": 4, ""step"": 360}, {""distance"": 9.5214, ""mode"": ""frontier"", ""route"": 4, ""step"": 384}, {""distance"": 12.906799999999997, ""mode"": ""frontier"", ""route"": 2, ""step"": 408}, {""distance"": 13.762800000000002, ""mode"": ""frontier"", ""route"": 2, ""step"": 432}, {""distance"": 13.269200000000001, ""mode"": ""frontier"", ""route"": 2, ""step"": 456}, {""distance"": 14.879600000000002, ""mode"": ""frontier"", ""route"": 2, ""step"": 480}, {""distance"": 10.450200000000002, ""mode"": ""frontier"", ""route"": 2, ""step"": 504}, {""distance"": 15.8636, ""mode"": ""frontier"", ""route"": 5, ""step"": 528}, {""distance"": 15.332999999999997, ""mode"": ""frontier"", ""route"": 5, ""step"": 552}, {""distance"": 16.0568, ""mode"": ""frontier"", ""route"": 5, ""step"": 576}, {""distance"": 16.067800000000002, ""mode"": ""frontier"", ""route"": 2, ""step"": 600}, {""distance"": 15.8372, ""mode"": ""frontier"", ""route"": 5, ""step"": 624}, {""distance"": 19.849, ""mode"": ""frontier"", ""route"": 5, ""step"": 648}, {""distance"": 20.5092, ""mode"": ""frontier"", ""route"": 3, ""step"": 672}, {""distance"": 17.7268, ""mode"": ""frontier"", ""route"": 2, ""step"": 696}]","{""0"": 161.0, ""1"": 216.0, ""10"": 3557.0, ""11"": 9583.0, ""12"": 13345.0, ""13"": 14766.0, ""14"": 21023.0, ""15"": 24154.0, ""16"": 26773.0, ""17"": 34949.0, ""18"": 40297.0, ""19"": 46509.0, ""2"": 481.0, ""20"": 58517.0, ""21"": 64386.0, ""22"": 75745.0, ""23"": 83861.0, ""24"": 98084.0, ""25"": 104955.0, ""26"": 115695.0, ""27"": 122586.0, ""28"": 127284.0, ""3"": 715.0, ""4"": 447.0, ""5"": 540.0, ""6"": 1541.0, ""7"": 462.0, ""8"": 887.0, ""9"": 709.0}","{""BUILD_PASTURE"": 14, ""CARE"": 311, ""COLLECT_FERTILIZER"": 326, ""DIG"": 34, ""DROP"": 95, ""EAST"": 791, ""FEED"": 324, ""FERTILIZE"": 90, ""HARVEST"": 302, ""NORTH"": 1223, ""PASS"": 495, ""PICKUP"": 367, ""PLACE"": 21, ""PLANT"": 99, ""SOUTH"": 917, ""WATER"": 791, ""WEST"": 1078}","{""BUY_ANIMAL"": 14, ""BUY_LAND"": 2, ""BUY_PRODUCT"": 324, ""BUY_SEED"": 51, ""HIRE"": 304, ""SELL"": 362}","{""BUY_ANIMAL:COW"": 8, ""BUY_ANIMAL:SHEEP"": 6, ""BUY_PRODUCT:WHEAT"": 1056, ""BUY_SEED:MELON"": 21, ""BUY_SEED:STRAWBERRY"": 44, ""BUY_SEED:WHEAT"": 34, ""SELL:FERTILIZER"": 233, ""SELL:MELON"": 119, ""SELL:MILK"": 230, ""SELL:STRAWBERRY"": 291, ""SELL:WHEAT"": 853, ""SELL:WOOL"": 168}",v008_q90,frontier
42,0,117636.0,117945.0,-309.0,loss,DONE,DONE,1,719,0,0,0.9471,1.65401,1.9000900000000032,2.4596,4.590535199997248,2,1,"[{""distance"": 0.0, ""mode"": ""frontier"", ""route"": 6, ""step"": 0}, {""distance"": 0.0, ""mode"": ""frontier"", ""route"": 6, ""step"": 24}, {""distance"": 0.0, ""mode"": ""frontier"", ""route"": 6, ""step"": 48}, {""distance"": 0.0, ""mode"": ""frontier"", ""route"": 6, ""step"": 72}, {""distance"": 0.16020000000000015, ""mode"": ""frontier"", ""route"": 5, ""step"": 96}, {""distance"": 1.7804000000000002, ""mode"": ""frontier"", ""route"": 5, ""step"": 120}, {""distance"": 1.9222, ""mode"": ""frontier"", ""route"": 5, ""step"": 144}, {""distance"": 2.2008, ""mode"": ""frontier"", ""route"": 5, ""step"": 168}, {""distance"": 0.9204000000000002, ""mode"": ""frontier"", ""route"": 5, ""step"": 192}, {""distance"": 3.9417999999999997, ""mode"": ""frontier"", ""route"": 5, ""step"": 216}, {""distance"": 2.4828000000000006, ""mode"": ""frontier"", ""route"": 5, ""step"": 240}, {""distance"": 12.4446, ""mode"": ""frontier"", ""route"": 5, ""step"": 264}, {""distance"": 9.5452, ""mode"": ""frontier"", ""route"": 5, ""step"": 288}, {""distance"": 6.243399999999999, ""mode"": ""frontier"", ""route"": 5, ""step"": 312}, {""distance"": 6.8332, ""mode"": ""frontier"", ""route"": 5, ""step"": 336}, {""distance"": 11.912600000000001, ""mode"": ""frontier"", ""route"": 2, ""step"": 360}, {""distance"": 9.412600000000001, ""mode"": ""frontier"", ""route"": 0, ""step"": 384}, {""distance"": 11.588399999999998, ""mode"": ""frontier"", ""route"": 2, ""step"": 408}, {""distance"": 12.3062, ""mode"": ""frontier"", ""route"": 2, ""step"": 432}, {""distance"": 11.1026, ""mode"": ""frontier"", ""route"": 1, ""step"": 456}, {""distance"": 12.514399999999998, ""mode"": ""frontier"", ""route"": 1, ""step"": 480}, {""distance"": 12.054800000000002, ""mode"": ""frontier"", ""route"": 1, ""step"": 504}, {""distance"": 16.6178, ""mode"": ""frontier"", ""route"": 6, ""step"": 528}, {""distance"": 16.239200000000004, ""mode"": ""frontier"", ""route"": 6, ""step"": 552}, {""distance"": 14.986600000000003, ""mode"": ""frontier"", ""route"": 6, ""step"": 576}, {""distance"": 16.738, ""mode"": ""frontier"", ""route"": 1, ""step"": 600}, {""distance"": 13.781199999999998, ""mode"": ""frontier"", ""route"": 1, ""step"": 624}, {""distance"": 16.126, ""mode"": ""frontier"", ""route"": 1, ""step"": 648}, {""distance"": 18.7318, ""mode"": ""frontier"", ""route"": 1, ""step"": 672}, {""distance"": 15.871999999999998, ""mode"": ""frontier"", ""route"": 1, ""step"": 696}]","{""0"": 161.0, ""1"": 216.0, ""10"": 3198.0, ""11"": 9131.0, ""12"": 12755.0, ""13"": 13752.0, ""14"": 21115.0, ""15"": 24619.0, ""16"": 26815.0, ""17"": 34282.0, ""18"": 39742.0, ""19"": 43959.0, ""2"": 481.0, ""20"": 52867.0, ""21"": 58484.0, ""22"": 66945.0, ""23"": 74522.0, ""24"": 86184.0, ""25"": 92401.0, ""26"": 101183.0, ""27"": 106400.0, ""28"": 108410.0, ""3"": 715.0, ""4"": 447.0, ""5"": 540.0, ""6"": 1543.0, ""7"": 466.0, ""8"": 539.0, ""9"": 401.0}","{""BUILD_PASTURE"": 14, ""CARE"": 311, ""COLLECT_FERTILIZER"": 326, ""DIG"": 34, ""DROP"": 95, ""EAST"": 791, ""FEED"": 324, ""FERTILIZE"": 90, ""HARVEST"": 302, ""NORTH"": 1223, ""PASS"": 495, ""PICKUP"": 367, ""PLACE"": 21, ""PLANT"": 99, ""SOUTH"": 917, ""WATER"": 791, ""WEST"": 1078}","{""BUY_ANIMAL"": 14, ""BUY_LAND"": 2, ""BUY_PRODUCT"": 324, ""BUY_SEED"": 51, ""HIRE"": 304, ""SELL"": 362}","{""BUY_ANIMAL:COW"": 8, ""BUY_ANIMAL:SHEEP"": 6, ""BUY_PRODUCT:WHEAT"": 1056, ""BUY_SEED:MELON"": 21, ""BUY_SEED:STRAWBERRY"": 44, ""BUY_SEED:WHEAT"": 34, ""SELL:FERTILIZER"": 234, ""SELL:MELON"": 119, ""SELL:MILK"": 230, ""SELL:STRAWBERRY"": 291, ""SELL:WHEAT"": 853, ""SELL:WOOL"": 168}",v008_q90,frontier
42,1,117932.0,117649.0,283.0,win,DONE,DONE,1,719,0,0,0.9033,1.6076300000000003,1.8299840000000014,2.6541,4.285633100022096,2,1,"[{""distance"": 0.0, ""mode"": ""frontier"", ""route"": 6, ""step"": 0}, {""distance"": 0.0, ""mode"": ""frontier"", ""route"": 6, ""step"": 24}, {""distance"": 0.0, ""mode"": ""frontier"", ""route"": 6, ""step"": 48}, {""distance"": 0.0, ""mode"": ""frontier"", ""route"": 6, ""step"": 72}, {""distance"": 0.16020000000000015, ""mode"": ""frontier"", ""route"": 5, ""step"": 96}, {""distance"": 1.7804000000000002, ""mode"": ""frontier"", ""route"": 5, ""step"": 120}, {""distance"": 1.9222, ""mode"": ""frontier"", ""route"": 5, ""step"": 144}, {""distance"": 2.2008, ""mode"": ""frontier"", ""route"": 5, ""step"": 168}, {""distance"": 0.9204000000000002, ""mode"": ""frontier"", ""route"": 5, ""step"": 192}, {""distance"": 3.9417999999999997, ""mode"": ""frontier"", ""route"": 5, ""step"": 216}, {""distance"": 2.4828000000000006, ""mode"": ""frontier"", ""route"": 5, ""step"": 240}, {""distance"": 10.9446, ""mode"": ""frontier"", ""route"": 5, ""step"": 264}, {""distance"": 9.5452, ""mode"": ""frontier"", ""route"": 5, ""step"": 288}, {""distance"": 6.243399999999999, ""mode"": ""frontier"", ""route"": 5, ""step"": 312}, {""distance"": 6.8332, ""mode"": ""frontier"", ""route"": 5, ""step"": 336}, {""distance"": 11.912600000000001, ""mode"": ""frontier"", ""route"": 2, ""step"": 360}, {""distance"": 9.412600000000001, ""mode"": ""frontier"", ""route"": 0, ""step"": 384}, {""distance"": 11.588399999999998, ""mode"": ""frontier"", ""route"": 2, ""step"": 408}, {""distance"": 12.3062, ""mode"": ""frontier"", ""route"": 2, ""step"": 432}, {""distance"": 11.1026, ""mode"": ""frontier"", ""route"": 1, ""step"": 456}, {""distance"": 13.014399999999998, ""mode"": ""frontier"", ""route"": 1, ""step"": 480}, {""distance"": 12.054800000000002, ""mode"": ""frontier"", ""route"": 1, ""step"": 504}, {""distance"": 16.6178, ""mode"": ""frontier"", ""route"": 6, ""step"": 528}, {""distance"": 16.476, ""mode"": ""frontier"", ""route"": 5, ""step"": 552}, {""distance"": 14.8866, ""mode"": ""frontier"", ""route"": 6, ""step"": 576}, {""distance"": 16.705000000000002, ""mode"": ""frontier"", ""route"": 1, ""step"": 600}, {""distance"": 13.820599999999999, ""mode"": ""frontier"", ""route"": 1, ""step"": 624}, {""distance"": 15.7654, ""mode"": ""frontier"", ""route"": 1, ""step"": 648}, {""distance"": 17.685200000000002, ""mode"": ""frontier"", ""route"": 1, ""step"": 672}, {""distance"": 16.825399999999995, ""mode"": ""frontier"", ""route"": 1, ""step"": 696}]","{""0"": 161.0, ""1"": 216.0, ""10"": 3198.0, ""11"": 9131.0, ""12"": 12755.0, ""13"": 13752.0, ""14"": 21115.0, ""15"": 24619.0, ""16"": 26815.0, ""17"": 34282.0, ""18"": 39742.0, ""19"": 43959.0, ""2"": 481.0, ""20"": 52867.0, ""21"": 58484.0, ""22"": 66945.0, ""23"": 74522.0, ""24"": 85849.0, ""25"": 92704.0, ""26"": 101486.0, ""27"": 106633.0, ""28"": 108643.0, ""3"": 715.0, ""4"": 447.0, ""5"": 540.0, ""6"": 1543.0, ""7"": 466.0, ""8"": 539.0, ""9"": 401.0}","{""BUILD_PASTURE"": 14, ""CARE"": 311, ""COLLECT_FERTILIZER"": 326, ""DIG"": 34, ""DROP"": 95, ""EAST"": 791, ""FEED"": 324, ""FERTILIZE"": 90, ""HARVEST"": 302, ""NORTH"": 1223, ""PASS"": 495, ""PICKUP"": 367, ""PLACE"": 21, ""PLANT"": 99, ""SOUTH"": 917, ""WATER"": 791, ""WEST"": 1078}","{""BUY_ANIMAL"": 14, ""BUY_LAND"": 2, ""BUY_PRODUCT"": 324, ""BUY_SEED"": 51, ""HIRE"": 304, ""SELL"": 362}","{""BUY_ANIMAL:COW"": 8, ""BUY_ANIMAL:SHEEP"": 6, ""BUY_PRODUCT:WHEAT"": 1056, ""BUY_SEED:MELON"": 21, ""BUY_SEED:STRAWBERRY"": 44, ""BUY_SEED:WHEAT"": 34, ""SELL:FERTILIZER"": 234, ""SELL:MELON"": 119, ""SELL:MILK"": 230, ""SELL:STRAWBERRY"": 291, ""SELL:WHEAT"": 853, ""SELL:WOOL"": 168}",v008_q90,frontier
2026,0,95841.0,93780.0,2061.0,win,DONE,DONE,1,719,0,0,0.9228,1.5300600000000004,1.8851380000000004,2.2529,4.295047699997667,2,1,"[{""distance"": 0.0, ""mode"": ""frontier"", ""route"": 6, ""step"": 0}, {""distance"": 0.0, ""mode"": ""frontier"", ""route"": 6, ""step"": 24}, {""distance"": 0.0, ""mode"": ""frontier"", ""route"": 6, ""step"": 48}, {""distance"": 0.0, ""mode"": ""frontier"", ""route"": 6, ""step"": 72}, {""distance"": 0.16020000000000015, ""mode"": ""frontier"", ""route"": 5, ""step"": 96}, {""distance"": 1.7804000000000002, ""mode"": ""frontier"", ""route"": 5, ""step"": 120}, {""distance"": 1.9222, ""mode"": ""frontier"", ""route"": 5, ""step"": 144}, {""distance"": 2.1406, ""mode"": ""frontier"", ""route"": 5, ""step"": 168}, {""distance"": 0.7614000000000001, ""mode"": ""frontier"", ""route"": 5, ""step"": 192}, {""distance"": 3.7438, ""mode"": ""frontier"", ""route"": 5, ""step"": 216}, {""distance"": 1.8276, ""mode"": ""frontier"", ""route"": 5, ""step"": 240}, {""distance"": 10.5196, ""mode"": ""frontier"", ""route"": 5, ""step"": 264}, {""distance"": 7.8068, ""mode"": ""frontier"", ""route"": 5, ""step"": 288}, {""distance"": 3.898399999999999, ""mode"": ""frontier"", ""route"": 5, ""step"": 312}, {""distance"": 5.504999999999999, ""mode"": ""frontier"", ""route"": 5, ""step"": 336}, {""distance"": 11.553, ""mode"": ""frontier"", ""route"": 4, ""step"": 360}, {""distance"": 9.968, ""mode"": ""frontier"", ""route"": 4, ""step"": 384}, {""distance"": 10.988399999999999, ""mode"": ""frontier"", ""route"": 4, ""step"": 408}, {""distance"": 10.643799999999999, ""mode"": ""frontier"", ""route"": 4, ""step"": 432}, {""distance"": 9.898, ""mode"": ""frontier"", ""route"": 4, ""step"": 456}, {""distance"": 12.000000000000002, ""mode"": ""frontier"", ""route"": 4, ""step"": 480}, {""distance"": 10.598200000000002, ""mode"": ""frontier"", ""route"": 4, ""step"": 504}, {""distance"": 15.5794, ""mode"": ""frontier"", ""route"": 5, ""step"": 528}, {""distance"": 15.3204, ""mode"": ""frontier"", ""route"": 5, ""step"": 552}, {""distance"": 15.985600000000002, ""mode"": ""frontier"", ""route"": 4, ""step"": 576}, {""distance"": 16.5506, ""mode"": ""frontier"", ""route"": 5, ""step"": 600}, {""distance"": 12.215399999999999, ""mode"": ""frontier"", ""route"": 5, ""step"": 624}, {""distance"": 16.3986, ""mode"": ""frontier"", ""route"": 5, ""step"": 648}, {""distance"": 18.439999999999998, ""mode"": ""frontier"", ""route"": 5, ""step"": 672}, {""distance"": 17.775000000000002, ""mode"": ""frontier"", ""route"": 5, ""step"": 696}]","{""0"": 161.0, ""1"": 216.0, ""10"": 3123.0, ""11"": 8923.0, ""12"": 12424.0, ""13"": 13405.0, ""14"": 18924.0, ""15"": 21657.0, ""16"": 23016.0, ""17"": 26836.0, ""18"": 30388.0, ""19"": 34527.0, ""2"": 481.0, ""20"": 40733.0, ""21"": 43908.0, ""22"": 52038.0, ""23"": 58607.0, ""24"": 68117.0, ""25"": 74942.0, ""26"": 81819.0, ""27"": 86494.0, ""28"": 87881.0, ""3"": 715.0, ""4"": 447.0, ""5"": 540.0, ""6"": 1541.0, ""7"": 461.0, ""8"": 529.0, ""9"": 349.0}","{""BUILD_PASTURE"": 14, ""CARE"": 311, ""COLLECT_FERTILIZER"": 326, ""DIG"": 34, ""DROP"": 95, ""EAST"": 791, ""FEED"": 324, ""FERTILIZE"": 90, ""HARVEST"": 302, ""NORTH"": 1223, ""PASS"": 495, ""PICKUP"": 367, ""PLACE"": 21, ""PLANT"": 99, ""SOUTH"": 917, ""WATER"": 791, ""WEST"": 1078}","{""BUY_ANIMAL"": 14, ""BUY_LAND"": 2, ""BUY_PRODUCT"": 324, ""BUY_SEED"": 51, ""HIRE"": 304, ""SELL"": 361}","{""BUY_ANIMAL:COW"": 8, ""BUY_ANIMAL:SHEEP"": 6, ""BUY_PRODUCT:WHEAT"": 1056, ""BUY_SEED:MELON"": 21, ""BUY_SEED:STRAWBERRY"": 44, ""BUY_SEED:WHEAT"": 34, ""SELL:FERTILIZER"": 232, ""SELL:MELON"": 119, ""SELL:MILK"": 230, ""SELL:STRAWBERRY"": 291, ""SELL:WHEAT"": 853, ""SELL:WOOL"": 168}",v008_q90,frontier
2026,1,93764.0,95875.0,-2111.0,loss,DONE,DONE,1,719,0,0,0.9264,1.6414499999999999,2.010516000000001,2.1843,4.349317999993218,2,1,"[{""distance"": 0.0, ""mode"": ""frontier"", ""route"": 6, ""step"": 0}, {""distance"": 0.0, ""mode"": ""frontier"", ""route"": 6, ""step"": 24}, {""distance"": 0.0, ""mode"": ""frontier"", ""route"": 6, ""step"": 48}, {""distance"": 0.0, ""mode"": ""frontier"", ""route"": 6, ""step"": 72}, {""distance"": 0.16020000000000015, ""mode"": ""frontier"", ""route"": 5, ""step"": 96}, {""distance"": 1.7804000000000002, ""mode"": ""frontier"", ""route"": 5, ""step"": 120}, {""distance"": 1.9222, ""mode"": ""frontier"", ""route"": 5, ""step"": 144}, {""distance"": 2.1406, ""mode"": ""frontier"", ""route"": 5, ""step"": 168}, {""distance"": 0.7614000000000001, ""mode"": ""frontier"", ""route"": 5, ""step"": 192}, {""distance"": 3.7438, ""mode"": ""frontier"", ""route"": 5, ""step"": 216}, {""distance"": 1.8276, ""mode"": ""frontier"", ""route"": 5, ""step"": 240}, {""distance"": 12.0196, ""mode"": ""frontier"", ""route"": 5, ""step"": 264}, {""distance"": 10.306799999999999, ""mode"": ""frontier"", ""route"": 5, ""step"": 288}, {""distance"": 6.398399999999999, ""mode"": ""frontier"", ""route"": 5, ""step"": 312}, {""distance"": 6.804999999999999, ""mode"": ""frontier"", ""route"": 5, ""step"": 336}, {""distance"": 13.635200000000001, ""mode"": ""frontier"", ""route"": 5, ""step"": 360}, {""distance"": 11.768, ""mode"": ""frontier"", ""route"": 4, ""step"": 384}, {""distance"": 12.788399999999998, ""mode"": ""frontier"", ""route"": 4, ""step"": 408}, {""distance"": 12.2438, ""mode"": ""frontier"", ""route"": 4, ""step"": 432}, {""distance"": 11.497999999999998, ""mode"": ""frontier"", ""route"": 4, ""step"": 456}, {""distance"": 13.700000000000003, ""mode"": ""frontier"", ""route"": 4, ""step"": 480}, {""distance"": 13.4982, ""mode"": ""frontier"", ""route"": 4, ""step"": 504}, {""distance"": 19.9794, ""mode"": ""frontier"", ""route"": 5, ""step"": 528}, {""distance"": 19.620400000000004, ""mode"": ""frontier"", ""route"": 5, ""step"": 552}, {""distance"": 20.2536, ""mode"": ""frontier"", ""route"": 5, ""step"": 576}, {""distance"": 18.0394, ""mode"": ""frontier"", ""route"": 5, ""step"": 600}, {""distance"": 12.5042, ""mode"": ""frontier"", ""route"": 5, ""step"": 624}, {""distance"": 16.687399999999997, ""mode"": ""frontier"", ""route"": 5, ""step"": 648}, {""distance"": 18.7412, ""mode"": ""frontier"", ""route"": 5, ""step"": 672}, {""distance"": 17.0762, ""mode"": ""frontier"", ""route"": 5, ""step"": 696}]","{""0"": 161.0, ""1"": 216.0, ""10"": 3123.0, ""11"": 8923.0, ""12"": 12424.0, ""13"": 13405.0, ""14"": 18924.0, ""15"": 21657.0, ""16"": 23016.0, ""17"": 26836.0, ""18"": 30388.0, ""19"": 34527.0, ""2"": 481.0, ""20"": 40733.0, ""21"": 43908.0, ""22"": 52038.0, ""23"": 58212.0, ""24"": 67375.0, ""25"": 72998.0, ""26"": 79875.0, ""27"": 84488.0, ""28"": 85875.0, ""3"": 715.0, ""4"": 447.0, ""5"": 540.0, ""6"": 1541.0, ""7"": 461.0, ""8"": 529.0, ""9"": 349.0}","{""BUILD_PASTURE"": 14, ""CARE"": 311, ""COLLECT_FERTILIZER"": 326, ""DIG"": 34, ""DROP"": 95, ""EAST"": 791, ""FEED"": 324, ""FERTILIZE"": 90, ""HARVEST"": 302, ""NORTH"": 1223, ""PASS"": 495, ""PICKUP"": 367, ""PLACE"": 21, ""PLANT"": 99, ""SOUTH"": 917, ""WATER"": 791, ""WEST"": 1078}","{""BUY_ANIMAL"": 14, ""BUY_LAND"": 2, ""BUY_PRODUCT"": 324, ""BUY_SEED"": 51, ""HIRE"": 304, ""SELL"": 362}","{""BUY_ANIMAL:COW"": 8, ""BUY_ANIMAL:SHEEP"": 6, ""BUY_PRODUCT:WHEAT"": 1056, ""BUY_SEED:MELON"": 21, ""BUY_SEED:STRAWBERRY"": 44, ""BUY_SEED:WHEAT"": 34, ""SELL:FERTILIZER"": 234, ""SELL:MELON"": 119, ""SELL:MILK"": 230, ""SELL:STRAWBERRY"": 291, ""SELL:WHEAT"": 853, ""SELL:WOOL"": 168}",v008_q90,frontier
17,0,169823.0,3495.0,166328.0,win,DONE,DONE,1,719,0,0,0.8802,1.50062,1.7694860000000032,2.3954,2.8361246999993455,2,1,"[{""distance"": 0.0, ""mode"": ""frontier"", ""route"": 6, ""step"": 0}, {""distance"": 16.0432, ""mode"": ""frontier"", ""route"": 1, ""step"": 24}, {""distance"": 16.5634, ""mode"": ""frontier"", ""route"": 0, ""step"": 48}, {""distance"": 19.209000000000003, ""mode"": ""frontier"", ""route"": 2, ""step"": 72}, {""distance"": 23.511599999999998, ""mode"": ""frontier"", ""route"": 4, ""step"": 96}, {""distance"": 24.560599999999997, ""mode"": ""frontier"", ""route"": 7, ""step"": 120}, {""distance"": 30.651999999999997, ""mode"": ""frontier"", ""route"": 4, ""step"": 144}, {""distance"": 33.5356, ""mode"": ""frontier"", ""route"": 3, ""step"": 168}, {""distance"": 38.1338, ""mode"": ""frontier"", ""route"": 1, ""step"": 192}, {""distance"": 45.1406, ""mode"": ""frontier"", ""route"": 1, ""step"": 216}, {""distance"": 51.9566, ""mode"": ""frontier"", ""route"": 1, ""step"": 240}, {""distance"": 50.549, ""mode"": ""frontier"", ""route"": 1, ""step"": 264}, {""distance"": 69.0326, ""mode"": ""frontier"", ""route"": 1, ""step"": 288}, {""distance"": 78.0064, ""mode"": ""frontier"", ""route"": 1, ""step"": 312}, {""distance"": 84.8716, ""mode"": ""frontier"", ""route"": 3, ""step"": 336}, {""distance"": 87.14059999999999, ""mode"": ""frontier"", ""route"": 1, ""step"": 360}, {""distance"": 91.943, ""mode"": ""frontier"", ""route"": 1, ""step"": 384}, {""distance"": 95.843, ""mode"": ""frontier"", ""route"": 1, ""step"": 408}, {""distance"": 96.775, ""mode"": ""frontier"", ""route"": 5, ""step"": 432}, {""distance"": 98.14800000000001, ""mode"": ""frontier"", ""route"": 1, ""step"": 456}, {""distance"": 99.7564, ""mode"": ""frontier"", ""route"": 1, ""step"": 480}, {""distance"": 93.48899999999999, ""mode"": ""frontier"", ""route"": 1, ""step"": 504}, {""distance"": 85.8494, ""mode"": ""frontier"", ""route"": 1, ""step"": 528}, {""distance"": 86.5476, ""mode"": ""frontier"", ""route"": 3, ""step"": 552}, {""distance"": 88.1206, ""mode"": ""frontier"", ""route"": 2, ""step"": 576}, {""distance"": 84.9932, ""mode"": ""frontier"", ""route"": 2, ""step"": 600}, {""distance"": 86.9614, ""mode"": ""frontier"", ""route"": 2, ""step"": 624}, {""distance"": 83.503, ""mode"": ""frontier"", ""route"": 2, ""step"": 648}, {""distance"": 83.1634, ""mode"": ""frontier"", ""route"": 2, ""step"": 672}, {""distance"": 79.0922, ""mode"": ""frontier"", ""route"": 2, ""step"": 696}]","{""0"": 176.0, ""1"": 237.0, ""10"": 3669.0, ""11"": 8815.0, ""12"": 12997.0, ""13"": 14604.0, ""14"": 22497.0, ""15"": 25834.0, ""16"": 29038.0, ""17"": 37671.0, ""18"": 43695.0, ""19"": 50213.0, ""2"": 513.0, ""20"": 62386.0, ""21"": 69382.0, ""22"": 81941.0, ""23"": 90891.0, ""24"": 105111.0, ""25"": 115879.0, ""26"": 129902.0, ""27"": 143336.0, ""28"": 151813.0, ""3"": 760.0, ""4"": 499.0, ""5"": 581.0, ""6"": 1522.0, ""7"": 389.0, ""8"": 707.0, ""9"": 497.0}","{""BUILD_PASTURE"": 14, ""CARE"": 311, ""COLLECT_FERTILIZER"": 326, ""DIG"": 34, ""DROP"": 95, ""EAST"": 791, ""FEED"": 324, ""FERTILIZE"": 90, ""HARVEST"": 302, ""NORTH"": 1223, ""PASS"": 495, ""PICKUP"": 367, ""PLACE"": 21, ""PLANT"": 99, ""SOUTH"": 917, ""WATER"": 791, ""WEST"": 1078}","{""BUY_ANIMAL"": 14, ""BUY_LAND"": 2, ""BUY_PRODUCT"": 324, ""BUY_SEED"": 51, ""HIRE"": 304, ""SELL"": 362}","{""BUY_ANIMAL:COW"": 8, ""BUY_ANIMAL:SHEEP"": 6, ""BUY_PRODUCT:WHEAT"": 1056, ""BUY_SEED:MELON"": 21, ""BUY_SEED:STRAWBERRY"": 44, ""BUY_SEED:WHEAT"": 34, ""SELL:FERTILIZER"": 232, ""SELL:MELON"": 119, ""SELL:MILK"": 230, ""SELL:STRAWBERRY"": 291, ""SELL:WHEAT"": 877, ""SELL:WOOL"": 168}",v008_q100,starter
17,1,184700.0,3489.0,181211.0,win,DONE,DONE,1,719,0,0,0.8773,1.50868,1.740810000000002,1.9203,3.0308274000126403,2,1,"[{""distance"": 0.0, ""mode"": ""frontier"", ""route"": 6, ""step"": 0}, {""distance"": 16.0432, ""mode"": ""frontier"", ""route"": 1, ""step"": 24}, {""distance"": 17.0634, ""mode"": ""frontier"", ""route"": 0, ""step"": 48}, {""distance"": 18.209000000000003, ""mode"": ""frontier"", ""route"": 1, ""step"": 72}, {""distance"": 22.511599999999998, ""mode"": ""frontier"", ""route"": 4, ""step"": 96}, {""distance"": 24.493, ""mode"": ""frontier"", ""route"": 4, ""step"": 120}, {""distance"": 27.052, ""mode"": ""frontier"", ""route"": 4, ""step"": 144}, {""distance"": 29.215, ""mode"": ""frontier"", ""route"": 3, ""step"": 168}, {""distance"": 33.642399999999995, ""mode"": ""frontier"", ""route"": 3, ""step"": 192}, {""distance"": 40.3916, ""mode"": ""frontier"", ""route"": 3, ""step"": 216}, {""distance"": 47.0422, ""mode"": ""frontier"", ""route"": 1, ""step"": 240}, {""distance"": 44.3098, ""mode"": ""frontier"", ""route"": 1, ""step"": 264}, {""distance"": 64.3564, ""mode"": ""frontier"", ""route"": 1, ""step"": 288}, {""distance"": 72.8578, ""mode"": ""frontier"", ""route"": 1, ""step"": 312}, {""distance"": 79.0218, ""mode"": ""frontier"", ""route"": 1, ""step"": 336}, {""distance"": 81.5924, ""mode"": ""frontier"", ""route"": 1, ""step"": 360}, {""distance"": 87.443, ""mode"": ""frontier"", ""route"": 1, ""step"": 384}, {""distance"": 90.4274, ""mode"": ""frontier"", ""route"": 1, ""step"": 408}, {""distance"": 91.7972, ""mode"": ""frontier"", ""route"": 5, ""step"": 432}, {""distance"": 92.66460000000001, ""mode"": ""frontier"", ""route"": 5, ""step"": 456}, {""distance"": 94.2958, ""mode"": ""frontier"", ""route"": 3, ""step"": 480}, {""distance"": 88.5802, ""mode"": ""frontier"", ""route"": 3, ""step"": 504}, {""distance"": 80.532, ""mode"": ""frontier"", ""route"": 3, ""step"": 528}, {""distance"": 80.9298, ""mode"": ""frontier"", ""route"": 3, ""step"": 552}, {""distance"": 81.3036, ""mode"": ""frontier"", ""route"": 2, ""step"": 576}, {""distance"": 80.08940000000001, ""mode"": ""frontier"", ""route"": 2, ""step"": 600}, {""distance"": 81.1678, ""mode"": ""frontier"", ""route"": 2, ""step"": 624}, {""distance"": 79.7182, ""mode"": ""frontier"", ""route"": 2, ""step"": 648}, {""distance"": 79.11659999999999, ""mode"": ""frontier"", ""route"": 2, ""step"": 672}, {""distance"": 74.4632, ""mode"": ""frontier"", ""route"": 2, ""step"": 696}]","{""0"": 176.0, ""1"": 237.0, ""10"": 3973.0, ""11"": 10462.0, ""12"": 14628.0, ""13"": 16269.0, ""14"": 24056.0, ""15"": 28234.0, ""16"": 31460.0, ""17"": 40882.0, ""18"": 46901.0, ""19"": 53794.0, ""2"": 513.0, ""20"": 67074.0, ""21"": 73710.0, ""22"": 87352.0, ""23"": 96991.0, ""24"": 115210.0, ""25"": 126511.0, ""26"": 142980.0, ""27"": 157031.0, ""28"": 166168.0, ""3"": 760.0, ""4"": 499.0, ""5"": 581.0, ""6"": 1620.0, ""7"": 582.0, ""8"": 904.0, ""9"": 791.0}","{""BUILD_PASTURE"": 14, ""CARE"": 311, ""COLLECT_FERTILIZER"": 326, ""DIG"": 34, ""DROP"": 95, ""EAST"": 791, ""FEED"": 324, ""FERTILIZE"": 90, ""HARVEST"": 302, ""NORTH"": 1223, ""PASS"": 495, ""PICKUP"": 367, ""PLACE"": 21, ""PLANT"": 99, ""SOUTH"": 917, ""WATER"": 791, ""WEST"": 1078}","{""BUY_ANIMAL"": 14, ""BUY_LAND"": 2, ""BUY_PRODUCT"": 324, ""BUY_SEED"": 51, ""HIRE"": 304, ""SELL"": 361}","{""BUY_ANIMAL:COW"": 8, ""BUY_ANIMAL:SHEEP"": 6, ""BUY_PRODUCT:WHEAT"": 1056, ""BUY_SEED:MELON"": 21, ""BUY_SEED:STRAWBERRY"": 44, ""BUY_SEED:WHEAT"": 34, ""SELL:FERTILIZER"": 232, ""SELL:MELON"": 119, ""SELL:MILK"": 230, ""SELL:STRAWBERRY"": 291, ""SELL:WHEAT"": 853, ""SELL:WOOL"": 168}",v008_q100,starter
42,0,193571.0,3504.0,190067.0,win,DONE,DONE,1,719,0,0,0.9083,1.57121,1.9991960000000026,2.4788,3.1685389000049327,2,1,"[{""distance"": 0.0, ""mode"": ""frontier"", ""route"": 6, ""step"": 0}, {""distance"": 16.0432, ""mode"": ""frontier"", ""route"": 1, ""step"": 24}, {""distance"": 17.0634, ""mode"": ""frontier"", ""route"": 0, ""step"": 48}, {""distance"": 18.209000000000003, ""mode"": ""frontier"", ""route"": 1, ""step"": 72}, {""distance"": 22.512, ""mode"": ""frontier"", ""route"": 2, ""step"": 96}, {""distance"": 24.513399999999997, ""mode"": ""frontier"", ""route"": 2, ""step"": 120}, {""distance"": 27.0294, ""mode"": ""frontier"", ""route"": 2, ""step"": 144}, {""distance"": 29.0148, ""mode"": ""frontier"", ""route"": 3, ""step"": 168}, {""distance"": 33.5216, ""mode"": ""frontier"", ""route"": 3, ""step"": 192}, {""distance"": 40.309799999999996, ""mode"": ""frontier"", ""route"": 3, ""step"": 216}, {""distance"": 47.2594, ""mode"": ""frontier"", ""route"": 1, ""step"": 240}, {""distance"": 45.5952, ""mode"": ""frontier"", ""route"": 3, ""step"": 264}, {""distance"": 65.7304, ""mode"": ""frontier"", ""route"": 1, ""step"": 288}, {""distance"": 72.5784, ""mode"": ""frontier"", ""route"": 3, ""step"": 312}, {""distance"": 78.02959999999999, ""mode"": ""frontier"", ""route"": 3, ""step"": 336}, {""distance"": 81.94439999999999, ""mode"": ""frontier"", ""route"": 3, ""step"": 360}, {""distance"": 88.32679999999999, ""mode"": ""frontier"", ""route"": 3, ""step"": 384}, {""distance"": 91.7174, ""mode"": ""frontier"", ""route"": 1, ""step"": 408}, {""distance"": 93.494, ""mode"": ""frontier"", ""route"": 1, ""step"": 432}, {""distance"": 95.028, ""mode"": ""frontier"", ""route"": 1, ""step"": 456}, {""distance"": 94.3776, ""mode"": ""frontier"", ""route"": 3, ""step"": 480}, {""distance"": 88.46780000000001, ""mode"": ""frontier"", ""route"": 3, ""step"": 504}, {""distance"": 80.4466, ""mode"": ""frontier"", ""route"": 3, ""step"": 528}, {""distance"": 81.56580000000001, ""mode"": ""frontier"", ""route"": 3, ""step"": 552}, {""distance"": 84.6588, ""mode"": ""frontier"", ""route"": 3, ""step"": 576}, {""distance"": 84.3026, ""mode"": ""frontier"", ""route"": 2, ""step"": 600}, {""distance"": 83.08480000000002, ""mode"": ""frontier"", ""route"": 3, ""step"": 624}, {""distance"": 82.2238, ""mode"": ""frontier"", ""route"": 3, ""step"": 648}, {""distance"": 81.316, ""mode"": ""frontier"", ""route"": 3, ""step"": 672}, {""distance"": 77.4314, ""mode"": ""frontier"", ""route"": 2, ""step"": 696}]","{""0"": 176.0, ""1"": 237.0, ""10"": 3948.0, ""11"": 10432.0, ""12"": 14593.0, ""13"": 16194.0, ""14"": 23928.0, ""15"": 28201.0, ""16"": 31410.0, ""17"": 41287.0, ""18"": 48095.0, ""19"": 55203.0, ""2"": 513.0, ""20"": 69412.0, ""21"": 77111.0, ""22"": 91437.0, ""23"": 102104.0, ""24"": 121776.0, ""25"": 133251.0, ""26"": 150555.0, ""27"": 165328.0, ""28"": 174813.0, ""3"": 760.0, ""4"": 499.0, ""5"": 581.0, ""6"": 1618.0, ""7"": 578.0, ""8"": 895.0, ""9"": 777.0}","{""BUILD_PASTURE"": 14, ""CARE"": 311, ""COLLECT_FERTILIZER"": 326, ""DIG"": 34, ""DROP"": 95, ""EAST"": 791, ""FEED"": 324, ""FERTILIZE"": 90, ""HARVEST"": 302, ""NORTH"": 1223, ""PASS"": 495, ""PICKUP"": 367, ""PLACE"": 21, ""PLANT"": 99, ""SOUTH"": 917, ""WATER"": 791, ""WEST"": 1078}","{""BUY_ANIMAL"": 14, ""BUY_LAND"": 2, ""BUY_PRODUCT"": 324, ""BUY_SEED"": 51, ""HIRE"": 304, ""SELL"": 362}","{""BUY_ANIMAL:COW"": 8, ""BUY_ANIMAL:SHEEP"": 6, ""BUY_PRODUCT:WHEAT"": 1056, ""BUY_SEED:MELON"": 21, ""BUY_SEED:STRAWBERRY"": 44, ""BUY_SEED:WHEAT"": 34, ""SELL:FERTILIZER"": 234, ""SELL:MELON"": 119, ""SELL:MILK"": 230, ""SELL:STRAWBERRY"": 291, ""SELL:WHEAT"": 853, ""SELL:WOOL"": 168}",v008_q100,starter
42,1,193571.0,3504.0,190067.0,win,DONE,DONE,1,719,0,0,0.8645,1.53742,1.784528,2.1799,3.063013899984071,2,1,"[{""distance"": 0.0, ""mode"": ""frontier"", ""route"": 6, ""step"": 0}, {""distance"": 16.0432, ""mode"": ""frontier"", ""route"": 1, ""step"": 24}, {""distance"": 17.0634, ""mode"": ""frontier"", ""route"": 0, ""step"": 48}, {""distance"": 18.209000000000003, ""mode"": ""frontier"", ""route"": 1, ""step"": 72}, {""distance"": 22.512, ""mode"": ""frontier"", ""route"": 2, ""step"": 96}, {""distance"": 24.513399999999997, ""mode"": ""frontier"", ""route"": 2, ""step"": 120}, {""distance"": 27.0294, ""mode"": ""frontier"", ""route"": 2, ""step"": 144}, {""distance"": 29.0148, ""mode"": ""frontier"", ""route"": 3, ""step"": 168}, {""distance"": 33.5216, ""mode"": ""frontier"", ""route"": 3, ""step"": 192}, {""distance"": 40.309799999999996, ""mode"": ""frontier"", ""route"": 3, ""step"": 216}, {""distance"": 47.2594, ""mode"": ""frontier"", ""route"": 1, ""step"": 240}, {""distance"": 44.5952, ""mode"": ""frontier"", ""route"": 3, ""step"": 264}, {""distance"": 65.7304, ""mode"": ""frontier"", ""route"": 1, ""step"": 288}, {""distance"": 72.5784, ""mode"": ""frontier"", ""route"": 3, ""step"": 312}, {""distance"": 78.02959999999999, ""mode"": ""frontier"", ""route"": 3, ""step"": 336}, {""distance"": 83.44439999999999, ""mode"": ""frontier"", ""route"": 3, ""step"": 360}, {""distance"": 87.32679999999999, ""mode"": ""frontier"", ""route"": 3, ""step"": 384}, {""distance"": 91.77720000000001, ""mode"": ""frontier"", ""route"": 3, ""step"": 408}, {""distance"": 93.494, ""mode"": ""frontier"", ""route"": 1, ""step"": 432}, {""distance"": 95.028, ""mode"": ""frontier"", ""route"": 1, ""step"": 456}, {""distance"": 94.3776, ""mode"": ""frontier"", ""route"": 3, ""step"": 480}, {""distance"": 88.46780000000001, ""mode"": ""frontier"", ""route"": 3, ""step"": 504}, {""distance"": 81.4466, ""mode"": ""frontier"", ""route"": 3, ""step"": 528}, {""distance"": 82.06580000000001, ""mode"": ""frontier"", ""route"": 3, ""step"": 552}, {""distance"": 83.1588, ""mode"": ""frontier"", ""route"": 3, ""step"": 576}, {""distance"": 82.9644, ""mode"": ""frontier"", ""route"": 3, ""step"": 600}, {""distance"": 82.08480000000002, ""mode"": ""frontier"", ""route"": 3, ""step"": 624}, {""distance"": 81.2238, ""mode"": ""frontier"", ""route"": 3, ""step"": 648}, {""distance"": 81.316, ""mode"": ""frontier"", ""route"": 3, ""step"": 672}, {""distance"": 77.4314, ""mode"": ""frontier"", ""route"": 2, ""step"": 696}]","{""0"": 176.0, ""1"": 237.0, ""10"": 3948.0, ""11"": 10432.0, ""12"": 14593.0, ""13"": 16194.0, ""14"": 23928.0, ""15"": 28201.0, ""16"": 31410.0, ""17"": 41287.0, ""18"": 48095.0, ""19"": 55203.0, ""2"": 513.0, ""20"": 69412.0, ""21"": 77111.0, ""22"": 91437.0, ""23"": 102104.0, ""24"": 121776.0, ""25"": 133251.0, ""26"": 150555.0, ""27"": 165328.0, ""28"": 174813.0, ""3"": 760.0, ""4"": 499.0, ""5"": 581.0, ""6"": 1618.0, ""7"": 578.0, ""8"": 895.0, ""9"": 777.0}","{""BUILD_PASTURE"": 14, ""CARE"": 311, ""COLLECT_FERTILIZER"": 326, ""DIG"": 34, ""DROP"": 95, ""EAST"": 791, ""FEED"": 324, ""FERTILIZE"": 90, ""HARVEST"": 302, ""NORTH"": 1223, ""PASS"": 495, ""PICKUP"": 367, ""PLACE"": 21, ""PLANT"": 99, ""SOUTH"": 917, ""WATER"": 791, ""WEST"": 1078}","{""BUY_ANIMAL"": 14, ""BUY_LAND"": 2, ""BUY_PRODUCT"": 324, ""BUY_SEED"": 51, ""HIRE"": 304, ""SELL"": 362}","{""BUY_ANIMAL:COW"": 8, ""BUY_ANIMAL:SHEEP"": 6, ""BUY_PRODUCT:WHEAT"": 1056, ""BUY_SEED:MELON"": 21, ""BUY_SEED:STRAWBERRY"": 44, ""BUY_SEED:WHEAT"": 34, ""SELL:FERTILIZER"": 234, ""SELL:MELON"": 119, ""SELL:MILK"": 230, ""SELL:STRAWBERRY"": 291, ""SELL:WHEAT"": 853, ""SELL:WOOL"": 168}",v008_q100,starter
2026,0,177965.0,3507.0,174458.0,win,DONE,DONE,1,719,0,0,0.8779,1.4808000000000003,1.7450280000000014,2.4184,2.8856299000035506,2,1,"[{""distance"": 0.0, ""mode"": ""frontier"", ""route"": 6, ""step"": 0}, {""distance"": 16.0432, ""mode"": ""frontier"", ""route"": 1, ""step"": 24}, {""distance"": 17.166400000000003, ""mode"": ""frontier"", ""route"": 2, ""step"": 48}, {""distance"": 18.209000000000003, ""mode"": ""frontier"", ""route"": 2, ""step"": 72}, {""distance"": 22.6318, ""mode"": ""frontier"", ""route"": 4, ""step"": 96}, {""distance"": 24.6938, ""mode"": ""frontier"", ""route"": 4, ""step"": 120}, {""distance"": 27.2686, ""mode"": ""frontier"", ""route"": 4, ""step"": 144}, {""distance"": 29.669, ""mode"": ""frontier"", ""route"": 3, ""step"": 168}, {""distance"": 34.178399999999996, ""mode"": ""frontier"", ""route"": 3, ""step"": 192}, {""distance"": 41.473, ""mode"": ""frontier"", ""route"": 3, ""step"": 216}, {""distance"": 48.007, ""mode"": ""frontier"", ""route"": 1, ""step"": 240}, {""distance"": 44.9204, ""mode"": ""frontier"", ""route"": 1, ""step"": 264}, {""distance"": 65.4874, ""mode"": ""frontier"", ""route"": 1, ""step"": 288}, {""distance"": 71.7786, ""mode"": ""frontier"", ""route"": 1, ""step"": 312}, {""distance"": 78.05120000000001, ""mode"": ""frontier"", ""route"": 1, ""step"": 336}, {""distance"": 79.3706, ""mode"": ""frontier"", ""route"": 1, ""step"": 360}, {""distance"": 85.8066, ""mode"": ""frontier"", ""route"": 1, ""step"": 384}, {""distance"": 88.51820000000001, ""mode"": ""frontier"", ""route"": 1, ""step"": 408}, {""distance"": 91.128, ""mode"": ""frontier"", ""route"": 1, ""step"": 432}, {""distance"": 92.64000000000001, ""mode"": ""frontier"", ""route"": 1, ""step"": 456}, {""distance"": 93.2562, ""mode"": ""frontier"", ""route"": 1, ""step"": 480}, {""distance"": 87.514, ""mode"": ""frontier"", ""route"": 1, ""step"": 504}, {""distance"": 78.7894, ""mode"": ""frontier"", ""route"": 1, ""step"": 528}, {""distance"": 79.42360000000001, ""mode"": ""frontier"", ""route"": 2, ""step"": 552}, {""distance"": 80.5522, ""mode"": ""frontier"", ""route"": 2, ""step"": 576}, {""distance"": 79.21360000000001, ""mode"": ""frontier"", ""route"": 2, ""step"": 600}, {""distance"": 78.36900000000001, ""mode"": ""frontier"", ""route"": 2, ""step"": 624}, {""distance"": 76.82459999999999, ""mode"": ""frontier"", ""route"": 2, ""step"": 648}, {""distance"": 77.14099999999999, ""mode"": ""frontier"", ""route"": 2, ""step"": 672}, {""distance"": 70.8592, ""mode"": ""frontier"", ""route"": 2, ""step"": 696}]","{""0"": 176.0, ""1"": 237.0, ""10"": 3726.0, ""11"": 10017.0, ""12"": 13952.0, ""13"": 15108.0, ""14"": 23247.0, ""15"": 27452.0, ""16"": 30314.0, ""17"": 39557.0, ""18"": 45755.0, ""19"": 51612.0, ""2"": 513.0, ""20"": 63811.0, ""21"": 70843.0, ""22"": 83323.0, ""23"": 93023.0, ""24"": 110631.0, ""25"": 122117.0, ""26"": 137968.0, ""27"": 151595.0, ""28"": 159840.0, ""3"": 761.0, ""4"": 503.0, ""5"": 564.0, ""6"": 1691.0, ""7"": 662.0, ""8"": 681.0, ""9"": 645.0}","{""BUILD_PASTURE"": 14, ""CARE"": 311, ""COLLECT_FERTILIZER"": 326, ""DIG"": 34, ""DROP"": 95, ""EAST"": 791, ""FEED"": 324, ""FERTILIZE"": 90, ""HARVEST"": 302, ""NORTH"": 1223, ""PASS"": 495, ""PICKUP"": 367, ""PLACE"": 21, ""PLANT"": 99, ""SOUTH"": 917, ""WATER"": 791, ""WEST"": 1078}","{""BUY_ANIMAL"": 14, ""BUY_LAND"": 2, ""BUY_PRODUCT"": 324, ""BUY_SEED"": 51, ""HIRE"": 304, ""SELL"": 361}","{""BUY_ANIMAL:COW"": 8, ""BUY_ANIMAL:SHEEP"": 6, ""BUY_PRODUCT:WHEAT"": 1056, ""BUY_SEED:MELON"": 21, ""BUY_SEED:STRAWBERRY"": 44, ""BUY_SEED:WHEAT"": 34, ""SELL:FERTILIZER"": 232, ""SELL:MELON"": 119, ""SELL:MILK"": 230, ""SELL:STRAWBERRY"": 291, ""SELL:WHEAT"": 853, ""SELL:WOOL"": 168}",v008_q100,starter
2026,1,179982.0,3507.0,176475.0,win,DONE,DONE,1,719,0,0,0.9145,1.5742099999999999,1.831838000000001,162.7878,3.1158588000107557,2,1,"[{""distance"": 0.0, ""mode"": ""frontier"", ""route"": 6, ""step"": 0}, {""distance"": 16.0432, ""mode"": ""frontier"", ""route"": 1, ""step"": 24}, {""distance"": 17.166400000000003, ""mode"": ""frontier"", ""route"": 2, ""step"": 48}, {""distance"": 18.209000000000003, ""mode"": ""frontier"", ""route"": 2, ""step"": 72}, {""distance"": 22.6318, ""mode"": ""frontier"", ""route"": 4, ""step"": 96}, {""distance"": 24.6938, ""mode"": ""frontier"", ""route"": 4, ""step"": 120}, {""distance"": 27.2686, ""mode"": ""frontier"", ""route"": 4, ""step"": 144}, {""distance"": 29.669, ""mode"": ""frontier"", ""route"": 3, ""step"": 168}, {""distance"": 34.178399999999996, ""mode"": ""frontier"", ""route"": 3, ""step"": 192}, {""distance"": 41.473, ""mode"": ""frontier"", ""route"": 3, ""step"": 216}, {""distance"": 48.007, ""mode"": ""frontier"", ""route"": 1, ""step"": 240}, {""distance"": 45.9204, ""mode"": ""frontier"", ""route"": 1, ""step"": 264}, {""distance"": 66.9874, ""mode"": ""frontier"", ""route"": 1, ""step"": 288}, {""distance"": 74.82419999999999, ""mode"": ""frontier"", ""route"": 3, ""step"": 312}, {""distance"": 79.59479999999999, ""mode"": ""frontier"", ""route"": 3, ""step"": 336}, {""distance"": 82.8706, ""mode"": ""frontier"", ""route"": 1, ""step"": 360}, {""distance"": 87.3066, ""mode"": ""frontier"", ""route"": 1, ""step"": 384}, {""distance"": 90.2704, ""mode"": ""frontier"", ""route"": 1, ""step"": 408}, {""distance"": 92.0394, ""mode"": ""frontier"", ""route"": 1, ""step"": 432}, {""distance"": 93.63340000000001, ""mode"": ""frontier"", ""route"": 1, ""step"": 456}, {""distance"": 94.321, ""mode"": ""frontier"", ""route"": 3, ""step"": 480}, {""distance"": 87.6332, ""mode"": ""frontier"", ""route"": 3, ""step"": 504}, {""distance"": 79.5466, ""mode"": ""frontier"", ""route"": 3, ""step"": 528}, {""distance"": 78.90020000000001, ""mode"": ""frontier"", ""route"": 3, ""step"": 552}, {""distance"": 81.2002, ""mode"": ""frontier"", ""route"": 3, ""step"": 576}, {""distance"": 79.8108, ""mode"": ""frontier"", ""route"": 2, ""step"": 600}, {""distance"": 80.42980000000001, ""mode"": ""frontier"", ""route"": 3, ""step"": 624}, {""distance"": 79.12519999999999, ""mode"": ""frontier"", ""route"": 3, ""step"": 648}, {""distance"": 79.04780000000001, ""mode"": ""frontier"", ""route"": 3, ""step"": 672}, {""distance"": 74.64359999999999, ""mode"": ""frontier"", ""route"": 2, ""step"": 696}]","{""0"": 176.0, ""1"": 237.0, ""10"": 3726.0, ""11"": 10017.0, ""12"": 13952.0, ""13"": 15108.0, ""14"": 23247.0, ""15"": 27452.0, ""16"": 30375.0, ""17"": 39814.0, ""18"": 46122.0, ""19"": 52320.0, ""2"": 513.0, ""20"": 65239.0, ""21"": 72472.0, ""22"": 85429.0, ""23"": 94747.0, ""24"": 112717.0, ""25"": 123676.0, ""26"": 139880.0, ""27"": 153690.0, ""28"": 162262.0, ""3"": 761.0, ""4"": 503.0, ""5"": 564.0, ""6"": 1691.0, ""7"": 662.0, ""8"": 681.0, ""9"": 645.0}","{""BUILD_PASTURE"": 14, ""CARE"": 311, ""COLLECT_FERTILIZER"": 326, ""DIG"": 34, ""DROP"": 95, ""EAST"": 791, ""FEED"": 324, ""FERTILIZE"": 90, ""HARVEST"": 302, ""NORTH"": 1223, ""PASS"": 495, ""PICKUP"": 367, ""PLACE"": 21, ""PLANT"": 99, ""SOUTH"": 917, ""WATER"": 791, ""WEST"": 1078}","{""BUY_ANIMAL"": 14, ""BUY_LAND"": 2, ""BUY_PRODUCT"": 324, ""BUY_SEED"": 51, ""HIRE"": 304, ""SELL"": 362}","{""BUY_ANIMAL:COW"": 8, ""BUY_ANIMAL:SHEEP"": 6, ""BUY_PRODUCT:WHEAT"": 1056, ""BUY_SEED:MELON"": 21, ""BUY_SEED:STRAWBERRY"": 44, ""BUY_SEED:WHEAT"": 34, ""SELL:FERTILIZER"": 234, ""SELL:MELON"": 119, ""SELL:MILK"": 230, ""SELL:STRAWBERRY"": 291, ""SELL:WHEAT"": 853, ""SELL:WOOL"": 168}",v008_q100,starter
17,0,167193.0,0.0,167193.0,win,DONE,DONE,1,719,0,0,0.898,1.5246000000000002,1.8035900000000025,2.3628,3.170684499986237,2,1,"[{""distance"": 0.0, ""mode"": ""frontier"", ""route"": 6, ""step"": 0}, {""distance"": 15.643199999999998, ""mode"": ""frontier"", ""route"": 1, ""step"": 24}, {""distance"": 15.6634, ""mode"": ""frontier"", ""route"": 0, ""step"": 48}, {""distance"": 18.4856, ""mode"": ""frontier"", ""route"": 0, ""step"": 72}, {""distance"": 22.9884, ""mode"": ""frontier"", ""route"": 0, ""step"": 96}, {""distance"": 24.3614, ""mode"": ""frontier"", ""route"": 7, ""step"": 120}, {""distance"": 31.0686, ""mode"": ""frontier"", ""route"": 4, ""step"": 144}, {""distance"": 33.9898, ""mode"": ""frontier"", ""route"": 3, ""step"": 168}, {""distance"": 38.4606, ""mode"": ""frontier"", ""route"": 3, ""step"": 192}, {""distance"": 48.5466, ""mode"": ""frontier"", ""route"": 3, ""step"": 216}, {""distance"": 53.4206, ""mode"": ""frontier"", ""route"": 1, ""step"": 240}, {""distance"": 50.0444, ""mode"": ""frontier"", ""route"": 0, ""step"": 264}, {""distance"": 74.423, ""mode"": ""frontier"", ""route"": 1, ""step"": 288}, {""distance"": 79.62859999999999, ""mode"": ""frontier"", ""route"": 1, ""step"": 312}, {""distance"": 85.9872, ""mode"": ""frontier"", ""route"": 1, ""step"": 336}, {""distance"": 85.6636, ""mode"": ""frontier"", ""route"": 1, ""step"": 360}, {""distance"": 91.3846, ""mode"": ""frontier"", ""route"": 1, ""step"": 384}, {""distance"": 95.21, ""mode"": ""frontier"", ""route"": 1, ""step"": 408}, {""distance"": 96.0308, ""mode"": ""frontier"", ""route"": 1, ""step"": 432}, {""distance"": 97.5158, ""mode"": ""frontier"", ""route"": 1, ""step"": 456}, {""distance"": 99.121, ""mode"": ""frontier"", ""route"": 1, ""step"": 480}, {""distance"": 94.2738, ""mode"": ""frontier"", ""route"": 1, ""step"": 504}, {""distance"": 90.48379999999999, ""mode"": ""frontier"", ""route"": 1, ""step"": 528}, {""distance"": 92.056, ""mode"": ""frontier"", ""route"": 3, ""step"": 552}, {""distance"": 93.67999999999999, ""mode"": ""frontier"", ""route"": 2, ""step"": 576}, {""distance"": 90.4592, ""mode"": ""frontier"", ""route"": 2, ""step"": 600}, {""distance"": 91.379, ""mode"": ""frontier"", ""route"": 2, ""step"": 624}, {""distance"": 88.0132, ""mode"": ""frontier"", ""route"": 2, ""step"": 648}, {""distance"": 88.5422, ""mode"": ""frontier"", ""route"": 2, ""step"": 672}, {""distance"": 83.9032, ""mode"": ""frontier"", ""route"": 2, ""step"": 696}]","{""0"": 176.0, ""1"": 237.0, ""10"": 3854.0, ""11"": 8963.0, ""12"": 13115.0, ""13"": 14591.0, ""14"": 22912.0, ""15"": 26142.0, ""16"": 29273.0, ""17"": 37871.0, ""18"": 43834.0, ""19"": 49836.0, ""2"": 513.0, ""20"": 61410.0, ""21"": 68362.0, ""22"": 80457.0, ""23"": 89390.0, ""24"": 103341.0, ""25"": 114067.0, ""26"": 127911.0, ""27"": 141182.0, ""28"": 149364.0, ""3"": 761.0, ""4"": 503.0, ""5"": 564.0, ""6"": 1595.0, ""7"": 473.0, ""8"": 805.0, ""9"": 677.0}","{""BUILD_PASTURE"": 14, ""CARE"": 311, ""COLLECT_FERTILIZER"": 326, ""DIG"": 34, ""DROP"": 95, ""EAST"": 791, ""FEED"": 324, ""FERTILIZE"": 90, ""HARVEST"": 302, ""NORTH"": 1223, ""PASS"": 495, ""PICKUP"": 367, ""PLACE"": 21, ""PLANT"": 99, ""SOUTH"": 917, ""WATER"": 791, ""WEST"": 1078}","{""BUY_ANIMAL"": 14, ""BUY_LAND"": 2, ""BUY_PRODUCT"": 324, ""BUY_SEED"": 51, ""HIRE"": 304, ""SELL"": 362}","{""BUY_ANIMAL:COW"": 8, ""BUY_ANIMAL:SHEEP"": 6, ""BUY_PRODUCT:WHEAT"": 1056, ""BUY_SEED:MELON"": 21, ""BUY_SEED:STRAWBERRY"": 44, ""BUY_SEED:WHEAT"": 34, ""SELL:FERTILIZER"": 232, ""SELL:MELON"": 119, ""SELL:MILK"": 230, ""SELL:STRAWBERRY"": 291, ""SELL:WHEAT"": 877, ""SELL:WOOL"": 168}",v008_q100,random
17,1,180101.0,0.0,180101.0,win,DONE,DONE,1,719,0,0,0.9016,1.5598500000000002,1.825978,2.5204,3.183955299988156,2,1,"[{""distance"": 0.0, ""mode"": ""frontier"", ""route"": 6, ""step"": 0}, {""distance"": 15.643199999999998, ""mode"": ""frontier"", ""route"": 1, ""step"": 24}, {""distance"": 16.663400000000003, ""mode"": ""frontier"", ""route"": 0, ""step"": 48}, {""distance"": 17.909000000000002, ""mode"": ""frontier"", ""route"": 1, ""step"": 72}, {""distance"": 22.2318, ""mode"": ""frontier"", ""route"": 4, ""step"": 96}, {""distance"": 24.293799999999997, ""mode"": ""frontier"", ""route"": 4, ""step"": 120}, {""distance"": 26.968600000000002, ""mode"": ""frontier"", ""route"": 4, ""step"": 144}, {""distance"": 29.149, ""mode"": ""frontier"", ""route"": 3, ""step"": 168}, {""distance"": 33.5584, ""mode"": ""frontier"", ""route"": 3, ""step"": 192}, {""distance"": 43.4094, ""mode"": ""frontier"", ""route"": 3, ""step"": 216}, {""distance"": 49.7948, ""mode"": ""frontier"", ""route"": 1, ""step"": 240}, {""distance"": 44.7596, ""mode"": ""frontier"", ""route"": 1, ""step"": 264}, {""distance"": 68.8574, ""mode"": ""frontier"", ""route"": 1, ""step"": 288}, {""distance"": 74.17699999999999, ""mode"": ""frontier"", ""route"": 1, ""step"": 312}, {""distance"": 80.2778, ""mode"": ""frontier"", ""route"": 1, ""step"": 336}, {""distance"": 80.7608, ""mode"": ""frontier"", ""route"": 1, ""step"": 360}, {""distance"": 86.35199999999999, ""mode"": ""frontier"", ""route"": 1, ""step"": 384}, {""distance"": 90.1386, ""mode"": ""frontier"", ""route"": 1, ""step"": 408}, {""distance"": 93.0492, ""mode"": ""frontier"", ""route"": 1, ""step"": 432}, {""distance"": 94.794, ""mode"": ""frontier"", ""route"": 1, ""step"": 456}, {""distance"": 96.66159999999999, ""mode"": ""frontier"", ""route"": 1, ""step"": 480}, {""distance"": 90.57, ""mode"": ""frontier"", ""route"": 2, ""step"": 504}, {""distance"": 86.5896, ""mode"": ""frontier"", ""route"": 1, ""step"": 528}, {""distance"": 88.2676, ""mode"": ""frontier"", ""route"": 2, ""step"": 552}, {""distance"": 89.00699999999999, ""mode"": ""frontier"", ""route"": 2, ""step"": 576}, {""distance"": 86.9204, ""mode"": ""frontier"", ""route"": 2, ""step"": 600}, {""distance"": 86.55839999999999, ""mode"": ""frontier"", ""route"": 2, ""step"": 624}, {""distance"": 85.068, ""mode"": ""frontier"", ""route"": 2, ""step"": 648}, {""distance"": 85.2038, ""mode"": ""frontier"", ""route"": 2, ""step"": 672}, {""distance"": 79.9476, ""mode"": ""frontier"", ""route"": 2, ""step"": 696}]","{""0"": 176.0, ""1"": 237.0, ""10"": 4122.0, ""11"": 10667.0, ""12"": 14833.0, ""13"": 16349.0, ""14"": 24698.0, ""15"": 28979.0, ""16"": 32216.0, ""17"": 42063.0, ""18"": 48225.0, ""19"": 54539.0, ""2"": 513.0, ""20"": 67568.0, ""21"": 74595.0, ""22"": 87284.0, ""23"": 96551.0, ""24"": 113865.0, ""25"": 124464.0, ""26"": 140366.0, ""27"": 153800.0, ""28"": 162290.0, ""3"": 761.0, ""4"": 503.0, ""5"": 564.0, ""6"": 1691.0, ""7"": 662.0, ""8"": 993.0, ""9"": 954.0}","{""BUILD_PASTURE"": 14, ""CARE"": 311, ""COLLECT_FERTILIZER"": 326, ""DIG"": 34, ""DROP"": 95, ""EAST"": 791, ""FEED"": 324, ""FERTILIZE"": 90, ""HARVEST"": 302, ""NORTH"": 1223, ""PASS"": 495, ""PICKUP"": 367, ""PLACE"": 21, ""PLANT"": 99, ""SOUTH"": 917, ""WATER"": 791, ""WEST"": 1078}","{""BUY_ANIMAL"": 14, ""BUY_LAND"": 2, ""BUY_PRODUCT"": 324, ""BUY_SEED"": 51, ""HIRE"": 304, ""SELL"": 362}","{""BUY_ANIMAL:COW"": 8, ""BUY_ANIMAL:SHEEP"": 6, ""BUY_PRODUCT:WHEAT"": 1056, ""BUY_SEED:MELON"": 21, ""BUY_SEED:STRAWBERRY"": 44, ""BUY_SEED:WHEAT"": 34, ""SELL:FERTILIZER"": 233, ""SELL:MELON"": 119, ""SELL:MILK"": 230, ""SELL:STRAWBERRY"": 291, ""SELL:WHEAT"": 853, ""SELL:WOOL"": 168}",v008_q100,random
42,0,179714.0,0.0,179714.0,win,DONE,DONE,1,719,0,0,0.8995,1.55635,1.8233280000000032,2.1988,3.2297838999948,2,1,"[{""distance"": 0.0, ""mode"": ""frontier"", ""route"": 6, ""step"": 0}, {""distance"": 16.0432, ""mode"": ""frontier"", ""route"": 1, ""step"": 24}, {""distance"": 17.5634, ""mode"": ""frontier"", ""route"": 0, ""step"": 48}, {""distance"": 18.409000000000002, ""mode"": ""frontier"", ""route"": 1, ""step"": 72}, {""distance"": 20.491799999999998, ""mode"": ""frontier"", ""route"": 4, ""step"": 96}, {""distance"": 22.4938, ""mode"": ""frontier"", ""route"": 4, ""step"": 120}, {""distance"": 26.1286, ""mode"": ""frontier"", ""route"": 4, ""step"": 144}, {""distance"": 28.234, ""mode"": ""frontier"", ""route"": 3, ""step"": 168}, {""distance"": 32.244, ""mode"": ""frontier"", ""route"": 3, ""step"": 192}, {""distance"": 41.5566, ""mode"": ""frontier"", ""route"": 3, ""step"": 216}, {""distance"": 47.215199999999996, ""mode"": ""frontier"", ""route"": 1, ""step"": 240}, {""distance"": 43.7464, ""mode"": ""frontier"", ""route"": 1, ""step"": 264}, {""distance"": 69.2978, ""mode"": ""frontier"", ""route"": 1, ""step"": 288}, {""distance"": 74.40459999999999, ""mode"": ""frontier"", ""route"": 3, ""step"": 312}, {""distance"": 78.72540000000001, ""mode"": ""frontier"", ""route"": 3, ""step"": 336}, {""distance"": 80.994, ""mode"": ""frontier"", ""route"": 1, ""step"": 360}, {""distance"": 87.62140000000001, ""mode"": ""frontier"", ""route"": 1, ""step"": 384}, {""distance"": 90.46379999999999, ""mode"": ""frontier"", ""route"": 1, ""step"": 408}, {""distance"": 92.11880000000001, ""mode"": ""frontier"", ""route"": 1, ""step"": 432}, {""distance"": 93.4248, ""mode"": ""frontier"", ""route"": 1, ""step"": 456}, {""distance"": 92.6144, ""mode"": ""frontier"", ""route"": 3, ""step"": 480}, {""distance"": 87.3754, ""mode"": ""frontier"", ""route"": 3, ""step"": 504}, {""distance"": 83.0546, ""mode"": ""frontier"", ""route"": 3, ""step"": 528}, {""distance"": 83.7606, ""mode"": ""frontier"", ""route"": 3, ""step"": 552}, {""distance"": 86.7544, ""mode"": ""frontier"", ""route"": 3, ""step"": 576}, {""distance"": 86.0958, ""mode"": ""frontier"", ""route"": 3, ""step"": 600}, {""distance"": 84.50099999999999, ""mode"": ""frontier"", ""route"": 3, ""step"": 624}, {""distance"": 83.4536, ""mode"": ""frontier"", ""route"": 3, ""step"": 648}, {""distance"": 82.27239999999999, ""mode"": ""frontier"", ""route"": 3, ""step"": 672}, {""distance"": 78.5564, ""mode"": ""frontier"", ""route"": 2, ""step"": 696}]","{""0"": 176.0, ""1"": 237.0, ""10"": 4056.0, ""11"": 10569.0, ""12"": 14673.0, ""13"": 16154.0, ""14"": 24364.0, ""15"": 28626.0, ""16"": 31742.0, ""17"": 41311.0, ""18"": 47479.0, ""19"": 53687.0, ""2"": 513.0, ""20"": 66550.0, ""21"": 73630.0, ""22"": 86452.0, ""23"": 96046.0, ""24"": 113733.0, ""25"": 124032.0, ""26"": 140047.0, ""27"": 153735.0, ""28"": 162222.0, ""3"": 761.0, ""4"": 503.0, ""5"": 564.0, ""6"": 1616.0, ""7"": 590.0, ""8"": 929.0, ""9"": 856.0}","{""BUILD_PASTURE"": 14, ""CARE"": 311, ""COLLECT_FERTILIZER"": 326, ""DIG"": 34, ""DROP"": 95, ""EAST"": 791, ""FEED"": 324, ""FERTILIZE"": 90, ""HARVEST"": 302, ""NORTH"": 1223, ""PASS"": 495, ""PICKUP"": 367, ""PLACE"": 21, ""PLANT"": 99, ""SOUTH"": 917, ""WATER"": 791, ""WEST"": 1078}","{""BUY_ANIMAL"": 14, ""BUY_LAND"": 2, ""BUY_PRODUCT"": 324, ""BUY_SEED"": 51, ""HIRE"": 304, ""SELL"": 362}","{""BUY_ANIMAL:COW"": 8, ""BUY_ANIMAL:SHEEP"": 6, ""BUY_PRODUCT:WHEAT"": 1056, ""BUY_SEED:MELON"": 21, ""BUY_SEED:STRAWBERRY"": 44, ""BUY_SEED:WHEAT"": 34, ""SELL:FERTILIZER"": 234, ""SELL:MELON"": 119, ""SELL:MILK"": 230, ""SELL:STRAWBERRY"": 291, ""SELL:WHEAT"": 853, ""SELL:WOOL"": 168}",v008_q100,random
42,1,178518.0,350.0,178168.0,win,DONE,DONE,1,719,0,0,0.8982,1.5403400000000005,1.7254020000000005,2.0187,3.196077200002037,2,1,"[{""distance"": 0.0, ""mode"": ""frontier"", ""route"": 6, ""step"": 0}, {""distance"": 15.643199999999998, ""mode"": ""frontier"", ""route"": 1, ""step"": 24}, {""distance"": 17.0634, ""mode"": ""frontier"", ""route"": 0, ""step"": 48}, {""distance"": 18.309, ""mode"": ""frontier"", ""route"": 1, ""step"": 72}, {""distance"": 22.812, ""mode"": ""frontier"", ""route"": 2, ""step"": 96}, {""distance"": 24.1806, ""mode"": ""frontier"", ""route"": 7, ""step"": 120}, {""distance"": 26.729400000000002, ""mode"": ""frontier"", ""route"": 2, ""step"": 144}, {""distance"": 28.5348, ""mode"": ""frontier"", ""route"": 3, ""step"": 168}, {""distance"": 33.001599999999996, ""mode"": ""frontier"", ""route"": 3, ""step"": 192}, {""distance"": 41.3898, ""mode"": ""frontier"", ""route"": 3, ""step"": 216}, {""distance"": 48.1028, ""mode"": ""frontier"", ""route"": 1, ""step"": 240}, {""distance"": 44.6636, ""mode"": ""frontier"", ""route"": 1, ""step"": 264}, {""distance"": 69.71, ""mode"": ""frontier"", ""route"": 1, ""step"": 288}, {""distance"": 74.351, ""mode"": ""frontier"", ""route"": 3, ""step"": 312}, {""distance"": 80.0718, ""mode"": ""frontier"", ""route"": 1, ""step"": 336}, {""distance"": 81.4536, ""mode"": ""frontier"", ""route"": 1, ""step"": 360}, {""distance"": 87.1576, ""mode"": ""frontier"", ""route"": 1, ""step"": 384}, {""distance"": 90.095, ""mode"": ""frontier"", ""route"": 1, ""step"": 408}, {""distance"": 90.7434, ""mode"": ""frontier"", ""route"": 1, ""step"": 432}, {""distance"": 92.13759999999999, ""mode"": ""frontier"", ""route"": 1, ""step"": 456}, {""distance"": 93.3094, ""mode"": ""frontier"", ""route"": 1, ""step"": 480}, {""distance"": 89.3978, ""mode"": ""frontier"", ""route"": 1, ""step"": 504}, {""distance"": 85.3944, ""mode"": ""frontier"", ""route"": 1, ""step"": 528}, {""distance"": 86.7684, ""mode"": ""frontier"", ""route"": 2, ""step"": 552}, {""distance"": 87.54079999999999, ""mode"": ""frontier"", ""route"": 2, ""step"": 576}, {""distance"": 85.4508, ""mode"": ""frontier"", ""route"": 2, ""step"": 600}, {""distance"": 85.8866, ""mode"": ""frontier"", ""route"": 2, ""step"": 624}, {""distance"": 84.8896, ""mode"": ""frontier"", ""route"": 2, ""step"": 648}, {""distance"": 85.5856, ""mode"": ""frontier"", ""route"": 2, ""step"": 672}, {""distance"": 80.30999999999999, ""mode"": ""frontier"", ""route"": 2, ""step"": 696}]","{""0"": 176.0, ""1"": 237.0, ""10"": 3942.0, ""11"": 10430.0, ""12"": 14561.0, ""13"": 16022.0, ""14"": 24162.0, ""15"": 28407.0, ""16"": 31498.0, ""17"": 41034.0, ""18"": 47143.0, ""19"": 53278.0, ""2"": 513.0, ""20"": 66030.0, ""21"": 73007.0, ""22"": 85607.0, ""23"": 94921.0, ""24"": 112217.0, ""25"": 123005.0, ""26"": 138786.0, ""27"": 152219.0, ""28"": 160602.0, ""3"": 760.0, ""4"": 499.0, ""5"": 581.0, ""6"": 1618.0, ""7"": 578.0, ""8"": 895.0, ""9"": 794.0}","{""BUILD_PASTURE"": 14, ""CARE"": 311, ""COLLECT_FERTILIZER"": 326, ""DIG"": 34, ""DROP"": 95, ""EAST"": 791, ""FEED"": 324, ""FERTILIZE"": 90, ""HARVEST"": 302, ""NORTH"": 1223, ""PASS"": 495, ""PICKUP"": 367, ""PLACE"": 21, ""PLANT"": 99, ""SOUTH"": 917, ""WATER"": 791, ""WEST"": 1078}","{""BUY_ANIMAL"": 14, ""BUY_LAND"": 2, ""BUY_PRODUCT"": 324, ""BUY_SEED"": 51, ""HIRE"": 304, ""SELL"": 361}","{""BUY_ANIMAL:COW"": 8, ""BUY_ANIMAL:SHEEP"": 6, ""BUY_PRODUCT:WHEAT"": 1056, ""BUY_SEED:MELON"": 21, ""BUY_SEED:STRAWBERRY"": 44, ""BUY_SEED:WHEAT"": 34, ""SELL:FERTILIZER"": 232, ""SELL:MELON"": 119, ""SELL:MILK"": 230, ""SELL:STRAWBERRY"": 291, ""SELL:WHEAT"": 853, ""SELL:WOOL"": 168}",v008_q100,random
2026,0,176012.0,0.0,176012.0,win,DONE,DONE,1,719,0,0,0.9002,1.5906200000000001,1.8731240000000007,2.1047,2.977119999995921,2,1,"[{""distance"": 0.0, ""mode"": ""frontier"", ""route"": 6, ""step"": 0}, {""distance"": 16.1432, ""mode"": ""frontier"", ""route"": 1, ""step"": 24}, {""distance"": 17.663400000000003, ""mode"": ""frontier"", ""route"": 0, ""step"": 48}, {""distance"": 18.809, ""mode"": ""frontier"", ""route"": 1, ""step"": 72}, {""distance"": 22.512, ""mode"": ""frontier"", ""route"": 2, ""step"": 96}, {""distance"": 24.0934, ""mode"": ""frontier"", ""route"": 2, ""step"": 120}, {""distance"": 26.729400000000002, ""mode"": ""frontier"", ""route"": 2, ""step"": 144}, {""distance"": 28.695, ""mode"": ""frontier"", ""route"": 3, ""step"": 168}, {""distance"": 33.242399999999996, ""mode"": ""frontier"", ""route"": 3, ""step"": 192}, {""distance"": 43.6308, ""mode"": ""frontier"", ""route"": 3, ""step"": 216}, {""distance"": 49.1802, ""mode"": ""frontier"", ""route"": 1, ""step"": 240}, {""distance"": 45.3142, ""mode"": ""frontier"", ""route"": 3, ""step"": 264}, {""distance"": 70.0884, ""mode"": ""frontier"", ""route"": 1, ""step"": 288}, {""distance"": 75.6612, ""mode"": ""frontier"", ""route"": 1, ""step"": 312}, {""distance"": 80.61999999999999, ""mode"": ""frontier"", ""route"": 1, ""step"": 336}, {""distance"": 79.974, ""mode"": ""frontier"", ""route"": 1, ""step"": 360}, {""distance"": 85.7996, ""mode"": ""frontier"", ""route"": 1, ""step"": 384}, {""distance"": 88.386, ""mode"": ""frontier"", ""route"": 1, ""step"": 408}, {""distance"": 90.6124, ""mode"": ""frontier"", ""route"": 1, ""step"": 432}, {""distance"": 91.84920000000001, ""mode"": ""frontier"", ""route"": 1, ""step"": 456}, {""distance"": 92.6394, ""mode"": ""frontier"", ""route"": 1, ""step"": 480}, {""distance"": 87.4682, ""mode"": ""frontier"", ""route"": 2, ""step"": 504}, {""distance"": 83.1946, ""mode"": ""frontier"", ""route"": 2, ""step"": 528}, {""distance"": 84.0746, ""mode"": ""frontier"", ""route"": 2, ""step"": 552}, {""distance"": 85.27359999999999, ""mode"": ""frontier"", ""route"": 2, ""step"": 576}, {""distance"": 84.36179999999999, ""mode"": ""frontier"", ""route"": 2, ""step"": 600}, {""distance"": 83.5676, ""mode"": ""frontier"", ""route"": 2, ""step"": 624}, {""distance"": 82.15180000000001, ""mode"": ""frontier"", ""route"": 2, ""step"": 648}, {""distance"": 82.3842, ""mode"": ""frontier"", ""route"": 2, ""step"": 672}, {""distance"": 76.1112, ""mode"": ""frontier"", ""route"": 2, ""step"": 696}]","{""0"": 176.0, ""1"": 237.0, ""10"": 3543.0, ""11"": 9722.0, ""12"": 13545.0, ""13"": 14460.0, ""14"": 22064.0, ""15"": 26117.0, ""16"": 28553.0, ""17"": 37079.0, ""18"": 43101.0, ""19"": 48828.0, ""2"": 513.0, ""20"": 60959.0, ""21"": 68058.0, ""22"": 80751.0, ""23"": 90542.0, ""24"": 108272.0, ""25"": 119910.0, ""26"": 135780.0, ""27"": 149490.0, ""28"": 157804.0, ""3"": 760.0, ""4"": 499.0, ""5"": 581.0, ""6"": 1620.0, ""7"": 582.0, ""8"": 592.0, ""9"": 479.0}","{""BUILD_PASTURE"": 14, ""CARE"": 311, ""COLLECT_FERTILIZER"": 326, ""DIG"": 34, ""DROP"": 95, ""EAST"": 791, ""FEED"": 324, ""FERTILIZE"": 90, ""HARVEST"": 302, ""NORTH"": 1223, ""PASS"": 495, ""PICKUP"": 367, ""PLACE"": 21, ""PLANT"": 99, ""SOUTH"": 917, ""WATER"": 791, ""WEST"": 1078}","{""BUY_ANIMAL"": 14, ""BUY_LAND"": 2, ""BUY_PRODUCT"": 324, ""BUY_SEED"": 51, ""HIRE"": 304, ""SELL"": 361}","{""BUY_ANIMAL:COW"": 8, ""BUY_ANIMAL:SHEEP"": 6, ""BUY_PRODUCT:WHEAT"": 1056, ""BUY_SEED:MELON"": 21, ""BUY_SEED:STRAWBERRY"": 44, ""BUY_SEED:WHEAT"": 34, ""SELL:FERTILIZER"": 232, ""SELL:MELON"": 119, ""SELL:MILK"": 230, ""SELL:STRAWBERRY"": 291, ""SELL:WHEAT"": 853, ""SELL:WOOL"": 168}",v008_q100,random
2026,1,198001.0,0.0,198001.0,win,DONE,DONE,1,719,0,0,0.8858,1.5913200000000005,1.8399540000000003,2.3937,3.1657567999791354,2,1,"[{""distance"": 0.0, ""mode"": ""frontier"", ""route"": 6, ""step"": 0}, {""distance"": 15.643199999999998, ""mode"": ""frontier"", ""route"": 1, ""step"": 24}, {""distance"": 16.663400000000003, ""mode"": ""frontier"", ""route"": 0, ""step"": 48}, {""distance"": 17.909000000000002, ""mode"": ""frontier"", ""route"": 1, ""step"": 72}, {""distance"": 22.152, ""mode"": ""frontier"", ""route"": 2, ""step"": 96}, {""distance"": 24.153399999999998, ""mode"": ""frontier"", ""route"": 2, ""step"": 120}, {""distance"": 27.8294, ""mode"": ""frontier"", ""route"": 2, ""step"": 144}, {""distance"": 29.615000000000002, ""mode"": ""frontier"", ""route"": 3, ""step"": 168}, {""distance"": 33.1224, ""mode"": ""frontier"", ""route"": 3, ""step"": 192}, {""distance"": 45.0316, ""mode"": ""frontier"", ""route"": 3, ""step"": 216}, {""distance"": 50.2222, ""mode"": ""frontier"", ""route"": 1, ""step"": 240}, {""distance"": 47.0698, ""mode"": ""frontier"", ""route"": 1, ""step"": 264}, {""distance"": 71.7564, ""mode"": ""frontier"", ""route"": 1, ""step"": 288}, {""distance"": 76.20339999999999, ""mode"": ""frontier"", ""route"": 3, ""step"": 312}, {""distance"": 82.20540000000001, ""mode"": ""frontier"", ""route"": 3, ""step"": 336}, {""distance"": 82.5724, ""mode"": ""frontier"", ""route"": 1, ""step"": 360}, {""distance"": 88.1772, ""mode"": ""frontier"", ""route"": 3, ""step"": 384}, {""distance"": 92.35059999999999, ""mode"": ""frontier"", ""route"": 1, ""step"": 408}, {""distance"": 94.0474, ""mode"": ""frontier"", ""route"": 5, ""step"": 432}, {""distance"": 95.704, ""mode"": ""frontier"", ""route"": 5, ""step"": 456}, {""distance"": 97.13239999999999, ""mode"": ""frontier"", ""route"": 2, ""step"": 480}, {""distance"": 89.8972, ""mode"": ""frontier"", ""route"": 2, ""step"": 504}, {""distance"": 87.1844, ""mode"": ""frontier"", ""route"": 2, ""step"": 528}, {""distance"": 88.61840000000001, ""mode"": ""frontier"", ""route"": 2, ""step"": 552}, {""distance"": 89.8416, ""mode"": ""frontier"", ""route"": 2, ""step"": 576}, {""distance"": 89.8562, ""mode"": ""frontier"", ""route"": 2, ""step"": 600}, {""distance"": 90.7026, ""mode"": ""frontier"", ""route"": 2, ""step"": 624}, {""distance"": 90.6174, ""mode"": ""frontier"", ""route"": 2, ""step"": 648}, {""distance"": 91.048, ""mode"": ""frontier"", ""route"": 2, ""step"": 672}, {""distance"": 85.99359999999999, ""mode"": ""frontier"", ""route"": 2, ""step"": 696}]","{""0"": 176.0, ""1"": 237.0, ""10"": 3973.0, ""11"": 10462.0, ""12"": 14628.0, ""13"": 16269.0, ""14"": 24056.0, ""15"": 28353.0, ""16"": 31576.0, ""17"": 41133.0, ""18"": 47798.0, ""19"": 55219.0, ""2"": 513.0, ""20"": 69804.0, ""21"": 77559.0, ""22"": 92323.0, ""23"": 103152.0, ""24"": 123244.0, ""25"": 135985.0, ""26"": 153600.0, ""27"": 168619.0, ""28"": 178424.0, ""3"": 760.0, ""4"": 499.0, ""5"": 581.0, ""6"": 1620.0, ""7"": 582.0, ""8"": 904.0, ""9"": 791.0}","{""BUILD_PASTURE"": 14, ""CARE"": 311, ""COLLECT_FERTILIZER"": 326, ""DIG"": 34, ""DROP"": 95, ""EAST"": 791, ""FEED"": 324, ""FERTILIZE"": 90, ""HARVEST"": 302, ""NORTH"": 1223, ""PASS"": 495, ""PICKUP"": 367, ""PLACE"": 21, ""PLANT"": 99, ""SOUTH"": 917, ""WATER"": 791, ""WEST"": 1078}","{""BUY_ANIMAL"": 14, ""BUY_LAND"": 2, ""BUY_PRODUCT"": 324, ""BUY_SEED"": 51, ""HIRE"": 304, ""SELL"": 362}","{""BUY_ANIMAL:COW"": 8, ""BUY_ANIMAL:SHEEP"": 6, ""BUY_PRODUCT:WHEAT"": 1056, ""BUY_SEED:MELON"": 21, ""BUY_SEED:STRAWBERRY"": 44, ""BUY_SEED:WHEAT"": 34, ""SELL:FERTILIZER"": 233, ""SELL:MELON"": 119, ""SELL:MILK"": 230, ""SELL:STRAWBERRY"": 291, ""SELL:WHEAT"": 853, ""SELL:WOOL"": 168}",v008_q100,random
17,0,130025.0,140413.0,-10388.0,loss,DONE,DONE,1,719,0,0,0.9262,1.47649,1.7508300000000006,2.0671,4.162298000010196,2,1,"[{""distance"": 0.0, ""mode"": ""frontier"", ""route"": 6, ""step"": 0}, {""distance"": 0.020400000000000015, ""mode"": ""frontier"", ""route"": 6, ""step"": 24}, {""distance"": 1.001, ""mode"": ""frontier"", ""route"": 6, ""step"": 48}, {""distance"": 1.0213999999999999, ""mode"": ""frontier"", ""route"": 6, ""step"": 72}, {""distance"": 0.021800000000000014, ""mode"": ""frontier"", ""route"": 7, ""step"": 96}, {""distance"": 3.0623999999999993, ""mode"": ""frontier"", ""route"": 5, ""step"": 120}, {""distance"": 5.8622000000000005, ""mode"": ""frontier"", ""route"": 5, ""step"": 144}, {""distance"": 6.1394, ""mode"": ""frontier"", ""route"": 5, ""step"": 168}, {""distance"": 4.879599999999999, ""mode"": ""frontier"", ""route"": 5, ""step"": 192}, {""distance"": 8.4324, ""mode"": ""frontier"", ""route"": 5, ""step"": 216}, {""distance"": 6.049199999999999, ""mode"": ""frontier"", ""route"": 5, ""step"": 240}, {""distance"": 16.671400000000002, ""mode"": ""frontier"", ""route"": 5, ""step"": 264}, {""distance"": 12.988399999999999, ""mode"": ""frontier"", ""route"": 5, ""step"": 288}, {""distance"": 8.511199999999999, ""mode"": ""frontier"", ""route"": 5, ""step"": 312}, {""distance"": 8.793799999999997, ""mode"": ""frontier"", ""route"": 5, ""step"": 336}, {""distance"": 15.2156, ""mode"": ""frontier"", ""route"": 4, ""step"": 360}, {""distance"": 13.1282, ""mode"": ""frontier"", ""route"": 4, ""step"": 384}, {""distance"": 15.120400000000002, ""mode"": ""frontier"", ""route"": 5, ""step"": 408}, {""distance"": 15.289000000000001, ""mode"": ""frontier"", ""route"": 4, ""step"": 432}, {""distance"": 15.834800000000001, ""mode"": ""frontier"", ""route"": 5, ""step"": 456}, {""distance"": 16.571599999999997, ""mode"": ""frontier"", ""route"": 5, ""step"": 480}, {""distance"": 15.9662, ""mode"": ""frontier"", ""route"": 2, ""step"": 504}, {""distance"": 19.643399999999996, ""mode"": ""frontier"", ""route"": 5, ""step"": 528}, {""distance"": 18.1948, ""mode"": ""frontier"", ""route"": 7, ""step"": 552}, {""distance"": 19.232799999999997, ""mode"": ""frontier"", ""route"": 7, ""step"": 576}, {""distance"": 20.643399999999996, ""mode"": ""frontier"", ""route"": 6, ""step"": 600}, {""distance"": 19.162999999999997, ""mode"": ""frontier"", ""route"": 5, ""step"": 624}, {""distance"": 21.076799999999995, ""mode"": ""frontier"", ""route"": 5, ""step"": 648}, {""distance"": 22.160999999999998, ""mode"": ""frontier"", ""route"": 1, ""step"": 672}, {""distance"": 22.635999999999996, ""mode"": ""frontier"", ""route"": 1, ""step"": 696}]","{""0"": 157.0, ""1"": 211.0, ""10"": 3278.0, ""11"": 8017.0, ""12"": 11760.0, ""13"": 13161.0, ""14"": 19411.0, ""15"": 22156.0, ""16"": 24724.0, ""17"": 32100.0, ""18"": 37452.0, ""19"": 43651.0, ""2"": 474.0, ""20"": 54887.0, ""21"": 60835.0, ""22"": 71798.0, ""23"": 79551.0, ""24"": 91088.0, ""25"": 97834.0, ""26"": 106971.0, ""27"": 113664.0, ""28"": 118258.0, ""3"": 706.0, ""4"": 437.0, ""5"": 540.0, ""6"": 1441.0, ""7"": 270.0, ""8"": 695.0, ""9"": 433.0}","{""BUILD_PASTURE"": 14, ""CARE"": 311, ""COLLECT_FERTILIZER"": 326, ""DIG"": 34, ""DROP"": 95, ""EAST"": 791, ""FEED"": 324, ""FERTILIZE"": 90, ""HARVEST"": 302, ""NORTH"": 1223, ""PASS"": 495, ""PICKUP"": 367, ""PLACE"": 21, ""PLANT"": 99, ""SOUTH"": 917, ""WATER"": 791, ""WEST"": 1078}","{""BUY_ANIMAL"": 14, ""BUY_LAND"": 2, ""BUY_PRODUCT"": 324, ""BUY_SEED"": 51, ""HIRE"": 304, ""SELL"": 362}","{""BUY_ANIMAL:COW"": 8, ""BUY_ANIMAL:SHEEP"": 6, ""BUY_PRODUCT:WHEAT"": 1056, ""BUY_SEED:MELON"": 21, ""BUY_SEED:STRAWBERRY"": 44, ""BUY_SEED:WHEAT"": 34, ""SELL:FERTILIZER"": 232, ""SELL:MELON"": 119, ""SELL:MILK"": 230, ""SELL:STRAWBERRY"": 291, ""SELL:WHEAT"": 877, ""SELL:WOOL"": 168}",v008_q100,hamburger
17,1,134604.0,125931.0,8673.0,win,DONE,DONE,1,719,0,0,0.9467,1.6683900000000003,1.9757900000000008,2.4829,4.517600100021809,2,1,"[{""distance"": 0.0, ""mode"": ""frontier"", ""route"": 6, ""step"": 0}, {""distance"": 0.020400000000000015, ""mode"": ""frontier"", ""route"": 6, ""step"": 24}, {""distance"": 0.501, ""mode"": ""frontier"", ""route"": 6, ""step"": 48}, {""distance"": 0.5214000000000001, ""mode"": ""frontier"", ""route"": 6, ""step"": 72}, {""distance"": 0.522, ""mode"": ""frontier"", ""route"": 6, ""step"": 96}, {""distance"": 2.5623999999999993, ""mode"": ""frontier"", ""route"": 5, ""step"": 120}, {""distance"": 4.5122, ""mode"": ""frontier"", ""route"": 5, ""step"": 144}, {""distance"": 4.670999999999999, ""mode"": ""frontier"", ""route"": 5, ""step"": 168}, {""distance"": 8.593399999999999, ""mode"": ""frontier"", ""route"": 5, ""step"": 192}, {""distance"": 11.7072, ""mode"": ""frontier"", ""route"": 4, ""step"": 216}, {""distance"": 9.405199999999999, ""mode"": ""frontier"", ""route"": 6, ""step"": 240}, {""distance"": 10.839, ""mode"": ""frontier"", ""route"": 6, ""step"": 264}, {""distance"": 8.58, ""mode"": ""frontier"", ""route"": 5, ""step"": 288}, {""distance"": 6.9368, ""mode"": ""frontier"", ""route"": 5, ""step"": 312}, {""distance"": 8.206199999999999, ""mode"": ""frontier"", ""route"": 5, ""step"": 336}, {""distance"": 13.8546, ""mode"": ""frontier"", ""route"": 4, ""step"": 360}, {""distance"": 12.6114, ""mode"": ""frontier"", ""route"": 4, ""step"": 384}, {""distance"": 11.854, ""mode"": ""frontier"", ""route"": 4, ""step"": 408}, {""distance"": 12.402999999999999, ""mode"": ""frontier"", ""route"": 4, ""step"": 432}, {""distance"": 12.464599999999997, ""mode"": ""frontier"", ""route"": 4, ""step"": 456}, {""distance"": 14.8904, ""mode"": ""frontier"", ""route"": 4, ""step"": 480}, {""distance"": 12.1158, ""mode"": ""frontier"", ""route"": 4, ""step"": 504}, {""distance"": 18.505, ""mode"": ""frontier"", ""route"": 4, ""step"": 528}, {""distance"": 18.397999999999996, ""mode"": ""frontier"", ""route"": 5, ""step"": 552}, {""distance"": 14.3298, ""mode"": ""frontier"", ""route"": 4, ""step"": 576}, {""distance"": 15.714200000000003, ""mode"": ""frontier"", ""route"": 4, ""step"": 600}, {""distance"": 13.5032, ""mode"": ""frontier"", ""route"": 4, ""step"": 624}, {""distance"": 15.713199999999999, ""mode"": ""frontier"", ""route"": 3, ""step"": 648}, {""distance"": 16.1342, ""mode"": ""frontier"", ""route"": 3, ""step"": 672}, {""distance"": 13.8108, ""mode"": ""frontier"", ""route"": 4, ""step"": 696}]","{""0"": 157.0, ""1"": 211.0, ""10"": 3557.0, ""11"": 9609.0, ""12"": 13350.0, ""13"": 14711.0, ""14"": 20912.0, ""15"": 24004.0, ""16"": 26278.0, ""17"": 32220.0, ""18"": 36551.0, ""19"": 42729.0, ""2"": 474.0, ""20"": 52653.0, ""21"": 56748.0, ""22"": 68429.0, ""23"": 74914.0, ""24"": 87967.0, ""25"": 96289.0, ""26"": 107185.0, ""27"": 115626.0, ""28"": 121691.0, ""3"": 706.0, ""4"": 437.0, ""5"": 540.0, ""6"": 1533.0, ""7"": 451.0, ""8"": 877.0, ""9"": 701.0}","{""BUILD_PASTURE"": 14, ""CARE"": 311, ""COLLECT_FERTILIZER"": 326, ""DIG"": 34, ""DROP"": 95, ""EAST"": 791, ""FEED"": 324, ""FERTILIZE"": 90, ""HARVEST"": 302, ""NORTH"": 1223, ""PASS"": 495, ""PICKUP"": 367, ""PLACE"": 21, ""PLANT"": 99, ""SOUTH"": 917, ""WATER"": 791, ""WEST"": 1078}","{""BUY_ANIMAL"": 14, ""BUY_LAND"": 2, ""BUY_PRODUCT"": 324, ""BUY_SEED"": 51, ""HIRE"": 304, ""SELL"": 361}","{""BUY_ANIMAL:COW"": 8, ""BUY_ANIMAL:SHEEP"": 6, ""BUY_PRODUCT:WHEAT"": 1056, ""BUY_SEED:MELON"": 21, ""BUY_SEED:STRAWBERRY"": 44, ""BUY_SEED:WHEAT"": 34, ""SELL:FERTILIZER"": 232, ""SELL:MELON"": 119, ""SELL:MILK"": 230, ""SELL:STRAWBERRY"": 291, ""SELL:WHEAT"": 853, ""SELL:WOOL"": 168}",v008_q100,hamburger
42,0,117592.0,120118.0,-2526.0,loss,DONE,DONE,1,719,0,0,0.93,1.6713000000000002,1.8888060000000004,2.206,4.450535200012382,2,1,"[{""distance"": 0.0, ""mode"": ""frontier"", ""route"": 6, ""step"": 0}, {""distance"": 0.020400000000000015, ""mode"": ""frontier"", ""route"": 6, ""step"": 24}, {""distance"": 0.0010000000000000009, ""mode"": ""frontier"", ""route"": 6, ""step"": 48}, {""distance"": 0.021400000000000016, ""mode"": ""frontier"", ""route"": 6, ""step"": 72}, {""distance"": 0.18200000000000016, ""mode"": ""frontier"", ""route"": 5, ""step"": 96}, {""distance"": 1.7824000000000002, ""mode"": ""frontier"", ""route"": 5, ""step"": 120}, {""distance"": 1.9222, ""mode"": ""frontier"", ""route"": 5, ""step"": 144}, {""distance"": 2.2206, ""mode"": ""frontier"", ""route"": 5, ""step"": 168}, {""distance"": 0.9230000000000003, ""mode"": ""frontier"", ""route"": 5, ""step"": 192}, {""distance"": 3.9437999999999995, ""mode"": ""frontier"", ""route"": 5, ""step"": 216}, {""distance"": 2.4812000000000003, ""mode"": ""frontier"", ""route"": 5, ""step"": 240}, {""distance"": 12.407, ""mode"": ""frontier"", ""route"": 5, ""step"": 264}, {""distance"": 9.3412, ""mode"": ""frontier"", ""route"": 5, ""step"": 288}, {""distance"": 6.284399999999998, ""mode"": ""frontier"", ""route"": 5, ""step"": 312}, {""distance"": 6.898599999999999, ""mode"": ""frontier"", ""route"": 5, ""step"": 336}, {""distance"": 11.8796, ""mode"": ""frontier"", ""route"": 2, ""step"": 360}, {""distance"": 9.523600000000002, ""mode"": ""frontier"", ""route"": 0, ""step"": 384}, {""distance"": 11.571200000000001, ""mode"": ""frontier"", ""route"": 2, ""step"": 408}, {""distance"": 12.2346, ""mode"": ""frontier"", ""route"": 2, ""step"": 432}, {""distance"": 11.075800000000001, ""mode"": ""frontier"", ""route"": 1, ""step"": 456}, {""distance"": 12.4912, ""mode"": ""frontier"", ""route"": 1, ""step"": 480}, {""distance"": 12.048000000000002, ""mode"": ""frontier"", ""route"": 1, ""step"": 504}, {""distance"": 16.606399999999997, ""mode"": ""frontier"", ""route"": 6, ""step"": 528}, {""distance"": 16.028600000000004, ""mode"": ""frontier"", ""route"": 6, ""step"": 552}, {""distance"": 14.896, ""mode"": ""frontier"", ""route"": 6, ""step"": 576}, {""distance"": 16.6584, ""mode"": ""frontier"", ""route"": 1, ""step"": 600}, {""distance"": 13.706, ""mode"": ""frontier"", ""route"": 1, ""step"": 624}, {""distance"": 16.1488, ""mode"": ""frontier"", ""route"": 1, ""step"": 648}, {""distance"": 18.7778, ""mode"": ""frontier"", ""route"": 1, ""step"": 672}, {""distance"": 15.8804, ""mode"": ""frontier"", ""route"": 1, ""step"": 696}]","{""0"": 157.0, ""1"": 211.0, ""10"": 3186.0, ""11"": 9155.0, ""12"": 12760.0, ""13"": 13732.0, ""14"": 21080.0, ""15"": 24574.0, ""16"": 26901.0, ""17"": 34340.0, ""18"": 39776.0, ""19"": 43975.0, ""2"": 474.0, ""20"": 52901.0, ""21"": 58541.0, ""22"": 67095.0, ""23"": 74675.0, ""24"": 86382.0, ""25"": 92577.0, ""26"": 101076.0, ""27"": 106274.0, ""28"": 108268.0, ""3"": 706.0, ""4"": 437.0, ""5"": 540.0, ""6"": 1535.0, ""7"": 453.0, ""8"": 529.0, ""9"": 393.0}","{""BUILD_PASTURE"": 14, ""CARE"": 311, ""COLLECT_FERTILIZER"": 326, ""DIG"": 34, ""DROP"": 95, ""EAST"": 791, ""FEED"": 324, ""FERTILIZE"": 90, ""HARVEST"": 302, ""NORTH"": 1223, ""PASS"": 495, ""PICKUP"": 367, ""PLACE"": 21, ""PLANT"": 99, ""SOUTH"": 917, ""WATER"": 791, ""WEST"": 1078}","{""BUY_ANIMAL"": 14, ""BUY_LAND"": 2, ""BUY_PRODUCT"": 324, ""BUY_SEED"": 51, ""HIRE"": 304, ""SELL"": 362}","{""BUY_ANIMAL:COW"": 8, ""BUY_ANIMAL:SHEEP"": 6, ""BUY_PRODUCT:WHEAT"": 1056, ""BUY_SEED:MELON"": 21, ""BUY_SEED:STRAWBERRY"": 44, ""BUY_SEED:WHEAT"": 34, ""SELL:FERTILIZER"": 234, ""SELL:MELON"": 119, ""SELL:MILK"": 230, ""SELL:STRAWBERRY"": 291, ""SELL:WHEAT"": 853, ""SELL:WOOL"": 168}",v008_q100,hamburger
42,1,117781.0,119938.0,-2157.0,loss,DONE,DONE,1,719,0,0,0.9285,1.57346,1.8714940000000002,2.113,4.338886700017611,2,1,"[{""distance"": 0.0, ""mode"": ""frontier"", ""route"": 6, ""step"": 0}, {""distance"": 0.020400000000000015, ""mode"": ""frontier"", ""route"": 6, ""step"": 24}, {""distance"": 0.0010000000000000009, ""mode"": ""frontier"", ""route"": 6, ""step"": 48}, {""distance"": 0.021400000000000016, ""mode"": ""frontier"", ""route"": 6, ""step"": 72}, {""distance"": 0.18200000000000016, ""mode"": ""frontier"", ""route"": 5, ""step"": 96}, {""distance"": 1.7824000000000002, ""mode"": ""frontier"", ""route"": 5, ""step"": 120}, {""distance"": 1.9222, ""mode"": ""frontier"", ""route"": 5, ""step"": 144}, {""distance"": 2.2206, ""mode"": ""frontier"", ""route"": 5, ""step"": 168}, {""distance"": 0.9230000000000003, ""mode"": ""frontier"", ""route"": 5, ""step"": 192}, {""distance"": 3.9437999999999995, ""mode"": ""frontier"", ""route"": 5, ""step"": 216}, {""distance"": 2.4812000000000003, ""mode"": ""frontier"", ""route"": 5, ""step"": 240}, {""distance"": 10.907, ""mode"": ""frontier"", ""route"": 5, ""step"": 264}, {""distance"": 9.3412, ""mode"": ""frontier"", ""route"": 5, ""step"": 288}, {""distance"": 6.284399999999998, ""mode"": ""frontier"", ""route"": 5, ""step"": 312}, {""distance"": 6.898599999999999, ""mode"": ""frontier"", ""route"": 5, ""step"": 336}, {""distance"": 11.8796, ""mode"": ""frontier"", ""route"": 2, ""step"": 360}, {""distance"": 9.523600000000002, ""mode"": ""frontier"", ""route"": 0, ""step"": 384}, {""distance"": 11.571200000000001, ""mode"": ""frontier"", ""route"": 2, ""step"": 408}, {""distance"": 12.2346, ""mode"": ""frontier"", ""route"": 2, ""step"": 432}, {""distance"": 11.075800000000001, ""mode"": ""frontier"", ""route"": 1, ""step"": 456}, {""distance"": 12.9912, ""mode"": ""frontier"", ""route"": 1, ""step"": 480}, {""distance"": 12.048000000000002, ""mode"": ""frontier"", ""route"": 1, ""step"": 504}, {""distance"": 16.606399999999997, ""mode"": ""frontier"", ""route"": 6, ""step"": 528}, {""distance"": 16.3266, ""mode"": ""frontier"", ""route"": 5, ""step"": 552}, {""distance"": 14.796000000000001, ""mode"": ""frontier"", ""route"": 6, ""step"": 576}, {""distance"": 16.6318, ""mode"": ""frontier"", ""route"": 1, ""step"": 600}, {""distance"": 13.7518, ""mode"": ""frontier"", ""route"": 1, ""step"": 624}, {""distance"": 15.794599999999999, ""mode"": ""frontier"", ""route"": 1, ""step"": 648}, {""distance"": 17.7496, ""mode"": ""frontier"", ""route"": 1, ""step"": 672}, {""distance"": 16.852199999999996, ""mode"": ""frontier"", ""route"": 1, ""step"": 696}]","{""0"": 157.0, ""1"": 211.0, ""10"": 3186.0, ""11"": 9155.0, ""12"": 12760.0, ""13"": 13732.0, ""14"": 21080.0, ""15"": 24574.0, ""16"": 26901.0, ""17"": 34340.0, ""18"": 39776.0, ""19"": 43975.0, ""2"": 474.0, ""20"": 52901.0, ""21"": 58541.0, ""22"": 67095.0, ""23"": 74675.0, ""24"": 86015.0, ""25"": 92848.0, ""26"": 101347.0, ""27"": 106415.0, ""28"": 108409.0, ""3"": 706.0, ""4"": 437.0, ""5"": 540.0, ""6"": 1535.0, ""7"": 453.0, ""8"": 529.0, ""9"": 393.0}","{""BUILD_PASTURE"": 14, ""CARE"": 311, ""COLLECT_FERTILIZER"": 326, ""DIG"": 34, ""DROP"": 95, ""EAST"": 791, ""FEED"": 324, ""FERTILIZE"": 90, ""HARVEST"": 302, ""NORTH"": 1223, ""PASS"": 495, ""PICKUP"": 367, ""PLACE"": 21, ""PLANT"": 99, ""SOUTH"": 917, ""WATER"": 791, ""WEST"": 1078}","{""BUY_ANIMAL"": 14, ""BUY_LAND"": 2, ""BUY_PRODUCT"": 324, ""BUY_SEED"": 51, ""HIRE"": 304, ""SELL"": 362}","{""BUY_ANIMAL:COW"": 8, ""BUY_ANIMAL:SHEEP"": 6, ""BUY_PRODUCT:WHEAT"": 1056, ""BUY_SEED:MELON"": 21, ""BUY_SEED:STRAWBERRY"": 44, ""BUY_SEED:WHEAT"": 34, ""SELL:FERTILIZER"": 234, ""SELL:MELON"": 119, ""SELL:MILK"": 230, ""SELL:STRAWBERRY"": 291, ""SELL:WHEAT"": 853, ""SELL:WOOL"": 168}",v008_q100,hamburger
2026,0,95566.0,95626.0,-60.0,loss,DONE,DONE,1,719,0,0,0.919,1.55935,1.8060560000000039,211.9015,4.2614888999960385,2,1,"[{""distance"": 0.0, ""mode"": ""frontier"", ""route"": 6, ""step"": 0}, {""distance"": 0.020400000000000015, ""mode"": ""frontier"", ""route"": 6, ""step"": 24}, {""distance"": 0.0010000000000000009, ""mode"": ""frontier"", ""route"": 6, ""step"": 48}, {""distance"": 0.021400000000000016, ""mode"": ""frontier"", ""route"": 6, ""step"": 72}, {""distance"": 0.18200000000000016, ""mode"": ""frontier"", ""route"": 5, ""step"": 96}, {""distance"": 1.7824000000000002, ""mode"": ""frontier"", ""route"": 5, ""step"": 120}, {""distance"": 1.9222, ""mode"": ""frontier"", ""route"": 5, ""step"": 144}, {""distance"": 2.141, ""mode"": ""frontier"", ""route"": 5, ""step"": 168}, {""distance"": 0.7636000000000002, ""mode"": ""frontier"", ""route"": 5, ""step"": 192}, {""distance"": 3.7459999999999996, ""mode"": ""frontier"", ""route"": 5, ""step"": 216}, {""distance"": 1.8291999999999997, ""mode"": ""frontier"", ""route"": 5, ""step"": 240}, {""distance"": 10.4812, ""mode"": ""frontier"", ""route"": 5, ""step"": 264}, {""distance"": 7.6018, ""mode"": ""frontier"", ""route"": 5, ""step"": 288}, {""distance"": 3.935, ""mode"": ""frontier"", ""route"": 5, ""step"": 312}, {""distance"": 5.5458, ""mode"": ""frontier"", ""route"": 5, ""step"": 336}, {""distance"": 11.556000000000001, ""mode"": ""frontier"", ""route"": 4, ""step"": 360}, {""distance"": 9.8266, ""mode"": ""frontier"", ""route"": 4, ""step"": 384}, {""distance"": 10.8524, ""mode"": ""frontier"", ""route"": 4, ""step"": 408}, {""distance"": 10.589199999999998, ""mode"": ""frontier"", ""route"": 4, ""step"": 432}, {""distance"": 9.8534, ""mode"": ""frontier"", ""route"": 4, ""step"": 456}, {""distance"": 12.118200000000003, ""mode"": ""frontier"", ""route"": 4, ""step"": 480}, {""distance"": 10.4374, ""mode"": ""frontier"", ""route"": 4, ""step"": 504}, {""distance"": 15.302400000000002, ""mode"": ""frontier"", ""route"": 5, ""step"": 528}, {""distance"": 15.0086, ""mode"": ""frontier"", ""route"": 5, ""step"": 552}, {""distance"": 15.321000000000002, ""mode"": ""frontier"", ""route"": 4, ""step"": 576}, {""distance"": 16.827199999999998, ""mode"": ""frontier"", ""route"": 5, ""step"": 600}, {""distance"": 12.2972, ""mode"": ""frontier"", ""route"": 5, ""step"": 624}, {""distance"": 16.640600000000003, ""mode"": ""frontier"", ""route"": 5, ""step"": 648}, {""distance"": 18.898599999999995, ""mode"": ""frontier"", ""route"": 5, ""step"": 672}, {""distance"": 18.061000000000003, ""mode"": ""frontier"", ""route"": 5, ""step"": 696}]","{""0"": 157.0, ""1"": 211.0, ""10"": 3115.0, ""11"": 8952.0, ""12"": 12441.0, ""13"": 13401.0, ""14"": 18909.0, ""15"": 21664.0, ""16"": 23096.0, ""17"": 26909.0, ""18"": 30411.0, ""19"": 34536.0, ""2"": 474.0, ""20"": 40837.0, ""21"": 44093.0, ""22"": 52494.0, ""23"": 59114.0, ""24"": 68734.0, ""25"": 75533.0, ""26"": 81897.0, ""27"": 86531.0, ""28"": 87751.0, ""3"": 706.0, ""4"": 437.0, ""5"": 540.0, ""6"": 1533.0, ""7"": 450.0, ""8"": 518.0, ""9"": 341.0}","{""BUILD_PASTURE"": 14, ""CARE"": 311, ""COLLECT_FERTILIZER"": 326, ""DIG"": 34, ""DROP"": 95, ""EAST"": 791, ""FEED"": 324, ""FERTILIZE"": 90, ""HARVEST"": 302, ""NORTH"": 1223, ""PASS"": 495, ""PICKUP"": 367, ""PLACE"": 21, ""PLANT"": 99, ""SOUTH"": 917, ""WATER"": 791, ""WEST"": 1078}","{""BUY_ANIMAL"": 14, ""BUY_LAND"": 2, ""BUY_PRODUCT"": 324, ""BUY_SEED"": 51, ""HIRE"": 304, ""SELL"": 361}","{""BUY_ANIMAL:COW"": 8, ""BUY_ANIMAL:SHEEP"": 6, ""BUY_PRODUCT:WHEAT"": 1056, ""BUY_SEED:MELON"": 21, ""BUY_SEED:STRAWBERRY"": 44, ""BUY_SEED:WHEAT"": 34, ""SELL:FERTILIZER"": 232, ""SELL:MELON"": 119, ""SELL:MILK"": 230, ""SELL:STRAWBERRY"": 291, ""SELL:WHEAT"": 853, ""SELL:WOOL"": 168}",v008_q100,hamburger
2026,1,93420.0,98057.0,-4637.0,loss,DONE,DONE,1,719,0,0,0.9126,1.5576200000000002,1.8019580000000006,2.0583,4.218487200007075,2,1,"[{""distance"": 0.0, ""mode"": ""frontier"", ""route"": 6, ""step"": 0}, {""distance"": 0.020400000000000015, ""mode"": ""frontier"", ""route"": 6, ""step"": 24}, {""distance"": 0.0010000000000000009, ""mode"": ""frontier"", ""route"": 6, ""step"": 48}, {""distance"": 0.021400000000000016, ""mode"": ""frontier"", ""route"": 6, ""step"": 72}, {""distance"": 0.18200000000000016, ""mode"": ""frontier"", ""route"": 5, ""step"": 96}, {""distance"": 1.7824000000000002, ""mode"": ""frontier"", ""route"": 5, ""step"": 120}, {""distance"": 1.9222, ""mode"": ""frontier"", ""route"": 5, ""step"": 144}, {""distance"": 2.141, ""mode"": ""frontier"", ""route"": 5, ""step"": 168}, {""distance"": 0.7636000000000002, ""mode"": ""frontier"", ""route"": 5, ""step"": 192}, {""distance"": 3.7459999999999996, ""mode"": ""frontier"", ""route"": 5, ""step"": 216}, {""distance"": 1.8291999999999997, ""mode"": ""frontier"", ""route"": 5, ""step"": 240}, {""distance"": 11.9812, ""mode"": ""frontier"", ""route"": 5, ""step"": 264}, {""distance"": 10.1018, ""mode"": ""frontier"", ""route"": 5, ""step"": 288}, {""distance"": 6.4350000000000005, ""mode"": ""frontier"", ""route"": 5, ""step"": 312}, {""distance"": 6.845799999999999, ""mode"": ""frontier"", ""route"": 5, ""step"": 336}, {""distance"": 13.6782, ""mode"": ""frontier"", ""route"": 5, ""step"": 360}, {""distance"": 11.626600000000002, ""mode"": ""frontier"", ""route"": 4, ""step"": 384}, {""distance"": 12.652399999999998, ""mode"": ""frontier"", ""route"": 4, ""step"": 408}, {""distance"": 12.1892, ""mode"": ""frontier"", ""route"": 4, ""step"": 432}, {""distance"": 11.453399999999998, ""mode"": ""frontier"", ""route"": 4, ""step"": 456}, {""distance"": 13.818200000000003, ""mode"": ""frontier"", ""route"": 4, ""step"": 480}, {""distance"": 13.337399999999999, ""mode"": ""frontier"", ""route"": 4, ""step"": 504}, {""distance"": 19.7024, ""mode"": ""frontier"", ""route"": 5, ""step"": 528}, {""distance"": 19.3086, ""mode"": ""frontier"", ""route"": 5, ""step"": 552}, {""distance"": 20.388999999999996, ""mode"": ""frontier"", ""route"": 5, ""step"": 576}, {""distance"": 18.29, ""mode"": ""frontier"", ""route"": 5, ""step"": 600}, {""distance"": 12.578399999999998, ""mode"": ""frontier"", ""route"": 5, ""step"": 624}, {""distance"": 16.9126, ""mode"": ""frontier"", ""route"": 5, ""step"": 648}, {""distance"": 19.1684, ""mode"": ""frontier"", ""route"": 5, ""step"": 672}, {""distance"": 17.324, ""mode"": ""frontier"", ""route"": 5, ""step"": 696}]","{""0"": 157.0, ""1"": 211.0, ""10"": 3115.0, ""11"": 8952.0, ""12"": 12441.0, ""13"": 13401.0, ""14"": 18909.0, ""15"": 21664.0, ""16"": 23096.0, ""17"": 26909.0, ""18"": 30411.0, ""19"": 34536.0, ""2"": 474.0, ""20"": 40837.0, ""21"": 44093.0, ""22"": 52494.0, ""23"": 58719.0, ""24"": 67822.0, ""25"": 73427.0, ""26"": 79830.0, ""27"": 84375.0, ""28"": 85636.0, ""3"": 706.0, ""4"": 437.0, ""5"": 540.0, ""6"": 1533.0, ""7"": 450.0, ""8"": 518.0, ""9"": 341.0}","{""BUILD_PASTURE"": 14, ""CARE"": 311, ""COLLECT_FERTILIZER"": 326, ""DIG"": 34, ""DROP"": 95, ""EAST"": 791, ""FEED"": 324, ""FERTILIZE"": 90, ""HARVEST"": 302, ""NORTH"": 1223, ""PASS"": 495, ""PICKUP"": 367, ""PLACE"": 21, ""PLANT"": 99, ""SOUTH"": 917, ""WATER"": 791, ""WEST"": 1078}","{""BUY_ANIMAL"": 14, ""BUY_LAND"": 2, ""BUY_PRODUCT"": 324, ""BUY_SEED"": 51, ""HIRE"": 304, ""SELL"": 362}","{""BUY_ANIMAL:COW"": 8, ""BUY_ANIMAL:SHEEP"": 6, ""BUY_PRODUCT:WHEAT"": 1056, ""BUY_SEED:MELON"": 21, ""BUY_SEED:STRAWBERRY"": 44, ""BUY_SEED:WHEAT"": 34, ""SELL:FERTILIZER"": 234, ""SELL:MELON"": 119, ""SELL:MILK"": 230, ""SELL:STRAWBERRY"": 291, ""SELL:WHEAT"": 853, ""SELL:WOOL"": 168}",v008_q100,hamburger
17,0,137348.0,140429.0,-3081.0,loss,DONE,DONE,1,719,0,0,0.9378,1.5014,1.781602,2.1389,4.151315900002373,2,1,"[{""distance"": 0.0, ""mode"": ""frontier"", ""route"": 6, ""step"": 0}, {""distance"": 0.02200000000000002, ""mode"": ""frontier"", ""route"": 1, ""step"": 24}, {""distance"": 1.0030000000000001, ""mode"": ""frontier"", ""route"": 2, ""step"": 48}, {""distance"": 1.0234, ""mode"": ""frontier"", ""route"": 2, ""step"": 72}, {""distance"": 1.2037999999999998, ""mode"": ""frontier"", ""route"": 2, ""step"": 96}, {""distance"": 1.3637999999999995, ""mode"": ""frontier"", ""route"": 2, ""step"": 120}, {""distance"": 4.0454, ""mode"": ""frontier"", ""route"": 2, ""step"": 144}, {""distance"": 4.2338000000000005, ""mode"": ""frontier"", ""route"": 1, ""step"": 168}, {""distance"": 4.639600000000001, ""mode"": ""frontier"", ""route"": 2, ""step"": 192}, {""distance"": 5.263800000000001, ""mode"": ""frontier"", ""route"": 4, ""step"": 216}, {""distance"": 5.536, ""mode"": ""frontier"", ""route"": 4, ""step"": 240}, {""distance"": 5.927000000000001, ""mode"": ""frontier"", ""route"": 2, ""step"": 264}, {""distance"": 5.8164, ""mode"": ""frontier"", ""route"": 4, ""step"": 288}, {""distance"": 6.9474, ""mode"": ""frontier"", ""route"": 2, ""step"": 312}, {""distance"": 7.1312, ""mode"": ""frontier"", ""route"": 4, ""step"": 336}, {""distance"": 7.5544, ""mode"": ""frontier"", ""route"": 2, ""step"": 360}, {""distance"": 7.077599999999999, ""mode"": ""frontier"", ""route"": 2, ""step"": 384}, {""distance"": 9.122399999999999, ""mode"": ""frontier"", ""route"": 2, ""step"": 408}, {""distance"": 8.711400000000001, ""mode"": ""frontier"", ""route"": 2, ""step"": 432}, {""distance"": 9.506600000000002, ""mode"": ""frontier"", ""route"": 2, ""step"": 456}, {""distance"": 10.382200000000001, ""mode"": ""frontier"", ""route"": 2, ""step"": 480}, {""distance"": 10.002199999999998, ""mode"": ""frontier"", ""route"": 2, ""step"": 504}, {""distance"": 10.557799999999999, ""mode"": ""frontier"", ""route"": 2, ""step"": 528}, {""distance"": 12.348999999999997, ""mode"": ""frontier"", ""route"": 2, ""step"": 552}, {""distance"": 13.318999999999999, ""mode"": ""frontier"", ""route"": 2, ""step"": 576}, {""distance"": 13.1024, ""mode"": ""frontier"", ""route"": 2, ""step"": 600}, {""distance"": 14.258400000000002, ""mode"": ""frontier"", ""route"": 1, ""step"": 624}, {""distance"": 13.641000000000005, ""mode"": ""frontier"", ""route"": 1, ""step"": 648}, {""distance"": 14.125799999999998, ""mode"": ""frontier"", ""route"": 1, ""step"": 672}, {""distance"": 17.977999999999998, ""mode"": ""frontier"", ""route"": 3, ""step"": 696}]","{""0"": 165.0, ""1"": 220.0, ""10"": 3390.0, ""11"": 8194.0, ""12"": 12082.0, ""13"": 13462.0, ""14"": 21156.0, ""15"": 23822.0, ""16"": 26695.0, ""17"": 34706.0, ""18"": 40710.0, ""19"": 46496.0, ""2"": 485.0, ""20"": 57457.0, ""21"": 63972.0, ""22"": 74202.0, ""23"": 82369.0, ""24"": 94150.0, ""25"": 101549.0, ""26"": 111910.0, ""27"": 119704.0, ""28"": 124891.0, ""3"": 719.0, ""4"": 451.0, ""5"": 561.0, ""6"": 1480.0, ""7"": 310.0, ""8"": 746.0, ""9"": 551.0}","{""BUILD_PASTURE"": 14, ""CARE"": 311, ""COLLECT_FERTILIZER"": 326, ""DIG"": 34, ""DROP"": 95, ""EAST"": 791, ""FEED"": 324, ""FERTILIZE"": 90, ""HARVEST"": 302, ""NORTH"": 1223, ""PASS"": 495, ""PICKUP"": 367, ""PLACE"": 21, ""PLANT"": 99, ""SOUTH"": 917, ""WATER"": 791, ""WEST"": 1078}","{""BUY_ANIMAL"": 14, ""BUY_LAND"": 2, ""BUY_PRODUCT"": 324, ""BUY_SEED"": 51, ""HIRE"": 304, ""SELL"": 363}","{""BUY_ANIMAL:COW"": 8, ""BUY_ANIMAL:SHEEP"": 6, ""BUY_PRODUCT:WHEAT"": 1056, ""BUY_SEED:MELON"": 21, ""BUY_SEED:STRAWBERRY"": 44, ""BUY_SEED:WHEAT"": 34, ""SELL:FERTILIZER"": 234, ""SELL:MELON"": 119, ""SELL:MILK"": 230, ""SELL:STRAWBERRY"": 291, ""SELL:WHEAT"": 877, ""SELL:WOOL"": 168}",v008_q100,builder
17,1,111252.0,112505.0,-1253.0,loss,DONE,DONE,1,719,0,0,0.9133,1.55675,1.8633260000000058,2.295,4.136781799985329,7,1,"[{""distance"": 0.0, ""mode"": ""frontier"", ""route"": 6, ""step"": 0}, {""distance"": 0.02200000000000002, ""mode"": ""frontier"", ""route"": 1, ""step"": 24}, {""distance"": 0.0029999999999999957, ""mode"": ""frontier"", ""route"": 1, ""step"": 48}, {""distance"": 1.1234000000000002, ""mode"": ""frontier"", ""route"": 1, ""step"": 72}, {""distance"": 1.1638000000000002, ""mode"": ""frontier"", ""route"": 2, ""step"": 96}, {""distance"": 1.1838000000000002, ""mode"": ""frontier"", ""route"": 2, ""step"": 120}, {""distance"": 1.2054, ""mode"": ""frontier"", ""route"": 2, ""step"": 144}, {""distance"": 1.5844000000000007, ""mode"": ""frontier"", ""route"": 1, ""step"": 168}, {""distance"": 1.9362, ""mode"": ""frontier"", ""route"": 2, ""step"": 192}, {""distance"": 2.66, ""mode"": ""frontier"", ""route"": 0, ""step"": 216}, {""distance"": 2.8399999999999994, ""mode"": ""frontier"", ""route"": 0, ""step"": 240}, {""distance"": 3.100000000000001, ""mode"": ""frontier"", ""route"": 0, ""step"": 264}, {""distance"": 4.42, ""mode"": ""frontier"", ""route"": 0, ""step"": 288}, {""distance"": 2.2330000000000005, ""mode"": ""frontier"", ""route"": 0, ""step"": 312}, {""distance"": 2.2929999999999993, ""mode"": ""frontier"", ""route"": 0, ""step"": 336}, {""distance"": 2.3664000000000005, ""mode"": ""frontier"", ""route"": 0, ""step"": 360}, {""distance"": 2.608000000000001, ""mode"": ""frontier"", ""route"": 0, ""step"": 384}, {""distance"": 3.610599999999998, ""mode"": ""frontier"", ""route"": 0, ""step"": 408}, {""distance"": 3.939399999999999, ""mode"": ""frontier"", ""route"": 0, ""step"": 432}, {""distance"": 4.276200000000001, ""mode"": ""frontier"", ""route"": 0, ""step"": 456}, {""distance"": 5.5985999999999985, ""mode"": ""frontier"", ""route"": 0, ""step"": 480}, {""distance"": 3.7614, ""mode"": ""frontier"", ""route"": 0, ""step"": 504}, {""distance"": 4.0218, ""mode"": ""frontier"", ""route"": 0, ""step"": 528}, {""distance"": 4.0294000000000025, ""mode"": ""frontier"", ""route"": 0, ""step"": 552}, {""distance"": 4.131799999999997, ""mode"": ""frontier"", ""route"": 0, ""step"": 576}, {""distance"": 4.3344, ""mode"": ""frontier"", ""route"": 0, ""step"": 600}, {""distance"": 4.531000000000001, ""mode"": ""frontier"", ""route"": 0, ""step"": 624}, {""distance"": 4.25, ""mode"": ""frontier"", ""route"": 0, ""step"": 648}, {""distance"": 4.638400000000001, ""mode"": ""frontier"", ""route"": 0, ""step"": 672}, {""distance"": 4.361000000000002, ""mode"": ""frontier"", ""route"": 0, ""step"": 696}]","{""0"": 165.0, ""1"": 220.0, ""10"": 1532.0, ""11"": 7386.0, ""12"": 10929.0, ""13"": 11630.0, ""14"": 18656.0, ""15"": 22046.0, ""16"": 24052.0, ""17"": 30655.0, ""18"": 34895.0, ""19"": 38579.0, ""2"": 485.0, ""20"": 46654.0, ""21"": 51188.0, ""22"": 59292.0, ""23"": 65778.0, ""24"": 76066.0, ""25"": 83519.0, ""26"": 91340.0, ""27"": 98357.0, ""28"": 101467.0, ""3"": 719.0, ""4"": 451.0, ""5"": 561.0, ""6"": 1572.0, ""7"": 489.0, ""8"": 124.0, ""9"": 91.0}","{""BUILD_PASTURE"": 14, ""CARE"": 310, ""COLLECT_FERTILIZER"": 323, ""DIG"": 34, ""DROP"": 99, ""EAST"": 784, ""FEED"": 324, ""FERTILIZE"": 89, ""HARVEST"": 301, ""NORTH"": 1209, ""PASS"": 482, ""PICKUP"": 367, ""PLACE"": 16, ""PLANT"": 98, ""SOUTH"": 908, ""WATER"": 782, ""WEST"": 1078}","{""BUY_ANIMAL"": 14, ""BUY_LAND"": 2, ""BUY_PRODUCT"": 324, ""BUY_SEED"": 51, ""HIRE"": 304, ""SELL"": 363}","{""BUY_ANIMAL:COW"": 8, ""BUY_ANIMAL:SHEEP"": 6, ""BUY_PRODUCT:WHEAT"": 1056, ""BUY_SEED:MELON"": 21, ""BUY_SEED:STRAWBERRY"": 44, ""BUY_SEED:WHEAT"": 34, ""SELL:FERTILIZER"": 232, ""SELL:MELON"": 119, ""SELL:MILK"": 230, ""SELL:STRAWBERRY"": 291, ""SELL:WHEAT"": 866, ""SELL:WOOL"": 168}",v008_q100,builder
42,0,151190.0,143993.0,7197.0,win,DONE,DONE,1,719,0,0,0.9523,1.5919500000000002,1.8637700000000008,2.3066,4.22869780001929,2,1,"[{""distance"": 0.0, ""mode"": ""frontier"", ""route"": 6, ""step"": 0}, {""distance"": 0.522, ""mode"": ""frontier"", ""route"": 1, ""step"": 24}, {""distance"": 0.0029999999999999957, ""mode"": ""frontier"", ""route"": 1, ""step"": 48}, {""distance"": 0.023400000000000018, ""mode"": ""frontier"", ""route"": 1, ""step"": 72}, {""distance"": 0.003400000000000014, ""mode"": ""frontier"", ""route"": 3, ""step"": 96}, {""distance"": 1.0238, ""mode"": ""frontier"", ""route"": 1, ""step"": 120}, {""distance"": 1.0053999999999998, ""mode"": ""frontier"", ""route"": 1, ""step"": 144}, {""distance"": 0.8356000000000001, ""mode"": ""frontier"", ""route"": 1, ""step"": 168}, {""distance"": 1.6463999999999996, ""mode"": ""frontier"", ""route"": 2, ""step"": 192}, {""distance"": 2.4062, ""mode"": ""frontier"", ""route"": 2, ""step"": 216}, {""distance"": 2.5116, ""mode"": ""frontier"", ""route"": 2, ""step"": 240}, {""distance"": 3.3406, ""mode"": ""frontier"", ""route"": 2, ""step"": 264}, {""distance"": 3.9702, ""mode"": ""frontier"", ""route"": 2, ""step"": 288}, {""distance"": 2.3644, ""mode"": ""frontier"", ""route"": 2, ""step"": 312}, {""distance"": 4.0084, ""mode"": ""frontier"", ""route"": 2, ""step"": 336}, {""distance"": 3.9534000000000007, ""mode"": ""frontier"", ""route"": 2, ""step"": 360}, {""distance"": 4.160399999999999, ""mode"": ""frontier"", ""route"": 2, ""step"": 384}, {""distance"": 4.007599999999999, ""mode"": ""frontier"", ""route"": 2, ""step"": 408}, {""distance"": 4.345800000000001, ""mode"": ""frontier"", ""route"": 2, ""step"": 432}, {""distance"": 4.5120000000000005, ""mode"": ""frontier"", ""route"": 2, ""step"": 456}, {""distance"": 4.4886, ""mode"": ""frontier"", ""route"": 2, ""step"": 480}, {""distance"": 4.423399999999998, ""mode"": ""frontier"", ""route"": 2, ""step"": 504}, {""distance"": 3.3094, ""mode"": ""frontier"", ""route"": 2, ""step"": 528}, {""distance"": 4.545400000000001, ""mode"": ""frontier"", ""route"": 2, ""step"": 552}, {""distance"": 5.2193999999999985, ""mode"": ""frontier"", ""route"": 2, ""step"": 576}, {""distance"": 5.558999999999998, ""mode"": ""frontier"", ""route"": 2, ""step"": 600}, {""distance"": 5.218200000000001, ""mode"": ""frontier"", ""route"": 2, ""step"": 624}, {""distance"": 6.593600000000003, ""mode"": ""frontier"", ""route"": 2, ""step"": 648}, {""distance"": 5.4220000000000015, ""mode"": ""frontier"", ""route"": 2, ""step"": 672}, {""distance"": 10.962200000000003, ""mode"": ""frontier"", ""route"": 3, ""step"": 696}]","{""0"": 165.0, ""1"": 220.0, ""10"": 3758.0, ""11"": 10009.0, ""12"": 13931.0, ""13"": 15402.0, ""14"": 22795.0, ""15"": 26412.0, ""16"": 29345.0, ""17"": 38392.0, ""18"": 44503.0, ""19"": 50550.0, ""2"": 485.0, ""20"": 62885.0, ""21"": 69491.0, ""22"": 80602.0, ""23"": 89410.0, ""24"": 104418.0, ""25"": 111513.0, ""26"": 124177.0, ""27"": 132794.0, ""28"": 138714.0, ""3"": 719.0, ""4"": 451.0, ""5"": 561.0, ""6"": 1528.0, ""7"": 440.0, ""8"": 1045.0, ""9"": 892.0}","{""BUILD_PASTURE"": 14, ""CARE"": 310, ""COLLECT_FERTILIZER"": 326, ""DIG"": 34, ""DROP"": 95, ""EAST"": 788, ""FEED"": 324, ""FERTILIZE"": 90, ""HARVEST"": 302, ""NORTH"": 1218, ""PASS"": 515, ""PICKUP"": 367, ""PLACE"": 21, ""PLANT"": 99, ""SOUTH"": 914, ""WATER"": 786, ""WEST"": 1075}","{""BUY_ANIMAL"": 14, ""BUY_LAND"": 2, ""BUY_PRODUCT"": 324, ""BUY_SEED"": 51, ""HIRE"": 304, ""SELL"": 363}","{""BUY_ANIMAL:COW"": 8, ""BUY_ANIMAL:SHEEP"": 6, ""BUY_PRODUCT:WHEAT"": 1056, ""BUY_SEED:MELON"": 21, ""BUY_SEED:STRAWBERRY"": 44, ""BUY_SEED:WHEAT"": 34, ""SELL:FERTILIZER"": 236, ""SELL:MELON"": 119, ""SELL:MILK"": 230, ""SELL:STRAWBERRY"": 291, ""SELL:WHEAT"": 853, ""SELL:WOOL"": 168}",v008_q100,builder
42,1,150152.0,133402.0,16750.0,win,DONE,DONE,1,719,0,0,0.955,1.6332700000000002,1.9569100000000001,2.3731,4.509441800008062,2,1,"[{""distance"": 0.0, ""mode"": ""frontier"", ""route"": 6, ""step"": 0}, {""distance"": 0.522, ""mode"": ""frontier"", ""route"": 1, ""step"": 24}, {""distance"": 0.0029999999999999957, ""mode"": ""frontier"", ""route"": 1, ""step"": 48}, {""distance"": 0.023400000000000018, ""mode"": ""frontier"", ""route"": 1, ""step"": 72}, {""distance"": 0.003400000000000014, ""mode"": ""frontier"", ""route"": 3, ""step"": 96}, {""distance"": 0.023800000000000016, ""mode"": ""frontier"", ""route"": 1, ""step"": 120}, {""distance"": 0.005399999999999988, ""mode"": ""frontier"", ""route"": 1, ""step"": 144}, {""distance"": 0.12619999999999998, ""mode"": ""frontier"", ""route"": 3, ""step"": 168}, {""distance"": 0.18400000000000016, ""mode"": ""frontier"", ""route"": 3, ""step"": 192}, {""distance"": 0.28139999999999976, ""mode"": ""frontier"", ""route"": 3, ""step"": 216}, {""distance"": 0.4275999999999999, ""mode"": ""frontier"", ""route"": 1, ""step"": 240}, {""distance"": 1.4706000000000006, ""mode"": ""frontier"", ""route"": 1, ""step"": 264}, {""distance"": 2.5894, ""mode"": ""frontier"", ""route"": 1, ""step"": 288}, {""distance"": 1.0352000000000003, ""mode"": ""frontier"", ""route"": 3, ""step"": 312}, {""distance"": 2.0553999999999997, ""mode"": ""frontier"", ""route"": 1, ""step"": 336}, {""distance"": 1.9265999999999994, ""mode"": ""frontier"", ""route"": 1, ""step"": 360}, {""distance"": 1.8375999999999995, ""mode"": ""frontier"", ""route"": 1, ""step"": 384}, {""distance"": 1.9684000000000001, ""mode"": ""frontier"", ""route"": 1, ""step"": 408}, {""distance"": 1.8997999999999988, ""mode"": ""frontier"", ""route"": 1, ""step"": 432}, {""distance"": 2.417200000000001, ""mode"": ""frontier"", ""route"": 1, ""step"": 456}, {""distance"": 3.239599999999998, ""mode"": ""frontier"", ""route"": 1, ""step"": 480}, {""distance"": 3.6395999999999993, ""mode"": ""frontier"", ""route"": 1, ""step"": 504}, {""distance"": 4.474799999999998, ""mode"": ""frontier"", ""route"": 1, ""step"": 528}, {""distance"": 4.6469999999999985, ""mode"": ""frontier"", ""route"": 2, ""step"": 552}, {""distance"": 5.580399999999999, ""mode"": ""frontier"", ""route"": 2, ""step"": 576}, {""distance"": 5.025400000000003, ""mode"": ""frontier"", ""route"": 2, ""step"": 600}, {""distance"": 6.1885999999999965, ""mode"": ""frontier"", ""route"": 1, ""step"": 624}, {""distance"": 7.132799999999998, ""mode"": ""frontier"", ""route"": 2, ""step"": 648}, {""distance"": 7.5752, ""mode"": ""frontier"", ""route"": 2, ""step"": 672}, {""distance"": 11.246200000000002, ""mode"": ""frontier"", ""route"": 3, ""step"": 696}]","{""0"": 165.0, ""1"": 220.0, ""10"": 3527.0, ""11"": 9655.0, ""12"": 13440.0, ""13"": 14657.0, ""14"": 22127.0, ""15"": 25707.0, ""16"": 28365.0, ""17"": 37016.0, ""18"": 43041.0, ""19"": 48729.0, ""2"": 485.0, ""20"": 60339.0, ""21"": 66753.0, ""22"": 77466.0, ""23"": 86248.0, ""24"": 101015.0, ""25"": 109150.0, ""26"": 121715.0, ""27"": 130684.0, ""28"": 136482.0, ""3"": 719.0, ""4"": 451.0, ""5"": 561.0, ""6"": 1528.0, ""7"": 440.0, ""8"": 870.0, ""9"": 718.0}","{""BUILD_PASTURE"": 14, ""CARE"": 311, ""COLLECT_FERTILIZER"": 326, ""DIG"": 34, ""DROP"": 95, ""EAST"": 791, ""FEED"": 324, ""FERTILIZE"": 90, ""HARVEST"": 302, ""NORTH"": 1223, ""PASS"": 495, ""PICKUP"": 367, ""PLACE"": 21, ""PLANT"": 99, ""SOUTH"": 917, ""WATER"": 791, ""WEST"": 1078}","{""BUY_ANIMAL"": 14, ""BUY_LAND"": 2, ""BUY_PRODUCT"": 324, ""BUY_SEED"": 51, ""HIRE"": 304, ""SELL"": 362}","{""BUY_ANIMAL:COW"": 8, ""BUY_ANIMAL:SHEEP"": 6, ""BUY_PRODUCT:WHEAT"": 1056, ""BUY_SEED:MELON"": 21, ""BUY_SEED:STRAWBERRY"": 44, ""BUY_SEED:WHEAT"": 34, ""SELL:FERTILIZER"": 234, ""SELL:MELON"": 119, ""SELL:MILK"": 230, ""SELL:STRAWBERRY"": 291, ""SELL:WHEAT"": 853, ""SELL:WOOL"": 168}",v008_q100,builder
2026,0,134017.0,122907.0,11110.0,win,DONE,DONE,1,719,0,0,0.9341,1.62544,1.9539540000000013,2.2787,4.286651600006735,2,1,"[{""distance"": 0.0, ""mode"": ""frontier"", ""route"": 6, ""step"": 0}, {""distance"": 0.02200000000000002, ""mode"": ""frontier"", ""route"": 1, ""step"": 24}, {""distance"": 0.0029999999999999957, ""mode"": ""frontier"", ""route"": 2, ""step"": 48}, {""distance"": 0.023400000000000018, ""mode"": ""frontier"", ""route"": 2, ""step"": 72}, {""distance"": 0.20379999999999973, ""mode"": ""frontier"", ""route"": 2, ""step"": 96}, {""distance"": 0.36379999999999946, ""mode"": ""frontier"", ""route"": 2, ""step"": 120}, {""distance"": 0.44540000000000035, ""mode"": ""frontier"", ""route"": 2, ""step"": 144}, {""distance"": 0.2556, ""mode"": ""frontier"", ""route"": 1, ""step"": 168}, {""distance"": 0.5464, ""mode"": ""frontier"", ""route"": 2, ""step"": 192}, {""distance"": 1.1311999999999995, ""mode"": ""frontier"", ""route"": 2, ""step"": 216}, {""distance"": 0.8237999999999999, ""mode"": ""frontier"", ""route"": 4, ""step"": 240}, {""distance"": 1.2526000000000004, ""mode"": ""frontier"", ""route"": 4, ""step"": 264}, {""distance"": 2.2039999999999997, ""mode"": ""frontier"", ""route"": 4, ""step"": 288}, {""distance"": 3.6168000000000005, ""mode"": ""frontier"", ""route"": 2, ""step"": 312}, {""distance"": 3.9874000000000005, ""mode"": ""frontier"", ""route"": 4, ""step"": 336}, {""distance"": 4.0328, ""mode"": ""frontier"", ""route"": 4, ""step"": 360}, {""distance"": 4.938599999999999, ""mode"": ""frontier"", ""route"": 4, ""step"": 384}, {""distance"": 5.6469999999999985, ""mode"": ""frontier"", ""route"": 2, ""step"": 408}, {""distance"": 6.066200000000001, ""mode"": ""frontier"", ""route"": 2, ""step"": 432}, {""distance"": 6.8744, ""mode"": ""frontier"", ""route"": 3, ""step"": 456}, {""distance"": 6.487400000000001, ""mode"": ""frontier"", ""route"": 2, ""step"": 480}, {""distance"": 6.6016, ""mode"": ""frontier"", ""route"": 2, ""step"": 504}, {""distance"": 6.0008, ""mode"": ""frontier"", ""route"": 3, ""step"": 528}, {""distance"": 6.715399999999998, ""mode"": ""frontier"", ""route"": 3, ""step"": 552}, {""distance"": 7.871600000000001, ""mode"": ""frontier"", ""route"": 2, ""step"": 576}, {""distance"": 8.435400000000001, ""mode"": ""frontier"", ""route"": 2, ""step"": 600}, {""distance"": 7.493599999999999, ""mode"": ""frontier"", ""route"": 3, ""step"": 624}, {""distance"": 7.266599999999999, ""mode"": ""frontier"", ""route"": 3, ""step"": 648}, {""distance"": 7.309199999999999, ""mode"": ""frontier"", ""route"": 3, ""step"": 672}, {""distance"": 7.470600000000001, ""mode"": ""frontier"", ""route"": 3, ""step"": 696}]","{""0"": 165.0, ""1"": 220.0, ""10"": 3512.0, ""11"": 9598.0, ""12"": 13392.0, ""13"": 14759.0, ""14"": 21203.0, ""15"": 24340.0, ""16"": 26772.0, ""17"": 34732.0, ""18"": 39603.0, ""19"": 45370.0, ""2"": 485.0, ""20"": 56560.0, ""21"": 61398.0, ""22"": 72030.0, ""23"": 79867.0, ""24"": 93046.0, ""25"": 100345.0, ""26"": 110913.0, ""27"": 118217.0, ""28"": 123260.0, ""3"": 719.0, ""4"": 451.0, ""5"": 561.0, ""6"": 1528.0, ""7"": 440.0, ""8"": 870.0, ""9"": 690.0}","{""BUILD_PASTURE"": 14, ""CARE"": 311, ""COLLECT_FERTILIZER"": 326, ""DIG"": 34, ""DROP"": 95, ""EAST"": 791, ""FEED"": 324, ""FERTILIZE"": 90, ""HARVEST"": 302, ""NORTH"": 1223, ""PASS"": 495, ""PICKUP"": 367, ""PLACE"": 21, ""PLANT"": 99, ""SOUTH"": 917, ""WATER"": 791, ""WEST"": 1078}","{""BUY_ANIMAL"": 14, ""BUY_LAND"": 2, ""BUY_PRODUCT"": 324, ""BUY_SEED"": 51, ""HIRE"": 304, ""SELL"": 362}","{""BUY_ANIMAL:COW"": 8, ""BUY_ANIMAL:SHEEP"": 6, ""BUY_PRODUCT:WHEAT"": 1056, ""BUY_SEED:MELON"": 21, ""BUY_SEED:STRAWBERRY"": 44, ""BUY_SEED:WHEAT"": 34, ""SELL:FERTILIZER"": 234, ""SELL:MELON"": 119, ""SELL:MILK"": 230, ""SELL:STRAWBERRY"": 291, ""SELL:WHEAT"": 853, ""SELL:WOOL"": 168}",v008_q100,builder
2026,1,132268.0,124370.0,7898.0,win,DONE,DONE,1,719,0,0,0.9464,1.5826900000000002,1.7923320000000003,2.2409,4.288692599977367,2,1,"[{""distance"": 0.0, ""mode"": ""frontier"", ""route"": 6, ""step"": 0}, {""distance"": 0.02200000000000002, ""mode"": ""frontier"", ""route"": 1, ""step"": 24}, {""distance"": 0.0029999999999999957, ""mode"": ""frontier"", ""route"": 2, ""step"": 48}, {""distance"": 0.023400000000000018, ""mode"": ""frontier"", ""route"": 2, ""step"": 72}, {""distance"": 0.20379999999999973, ""mode"": ""frontier"", ""route"": 2, ""step"": 96}, {""distance"": 0.36379999999999946, ""mode"": ""frontier"", ""route"": 2, ""step"": 120}, {""distance"": 0.44540000000000035, ""mode"": ""frontier"", ""route"": 2, ""step"": 144}, {""distance"": 0.2556, ""mode"": ""frontier"", ""route"": 1, ""step"": 168}, {""distance"": 0.5464, ""mode"": ""frontier"", ""route"": 2, ""step"": 192}, {""distance"": 1.1311999999999995, ""mode"": ""frontier"", ""route"": 2, ""step"": 216}, {""distance"": 0.8237999999999999, ""mode"": ""frontier"", ""route"": 4, ""step"": 240}, {""distance"": 1.7526000000000006, ""mode"": ""frontier"", ""route"": 4, ""step"": 264}, {""distance"": 2.704, ""mode"": ""frontier"", ""route"": 4, ""step"": 288}, {""distance"": 0.8656000000000005, ""mode"": ""frontier"", ""route"": 4, ""step"": 312}, {""distance"": 3.9874, ""mode"": ""frontier"", ""route"": 4, ""step"": 336}, {""distance"": 4.0328, ""mode"": ""frontier"", ""route"": 4, ""step"": 360}, {""distance"": 4.9386, ""mode"": ""frontier"", ""route"": 4, ""step"": 384}, {""distance"": 6.026999999999999, ""mode"": ""frontier"", ""route"": 2, ""step"": 408}, {""distance"": 6.4262000000000015, ""mode"": ""frontier"", ""route"": 2, ""step"": 432}, {""distance"": 6.394399999999999, ""mode"": ""frontier"", ""route"": 3, ""step"": 456}, {""distance"": 6.900999999999998, ""mode"": ""frontier"", ""route"": 3, ""step"": 480}, {""distance"": 6.5074000000000005, ""mode"": ""frontier"", ""route"": 3, ""step"": 504}, {""distance"": 6.540799999999999, ""mode"": ""frontier"", ""route"": 3, ""step"": 528}, {""distance"": 6.9528000000000025, ""mode"": ""frontier"", ""route"": 3, ""step"": 552}, {""distance"": 9.007000000000001, ""mode"": ""frontier"", ""route"": 3, ""step"": 576}, {""distance"": 7.952000000000002, ""mode"": ""frontier"", ""route"": 3, ""step"": 600}, {""distance"": 6.965999999999998, ""mode"": ""frontier"", ""route"": 3, ""step"": 624}, {""distance"": 7.162400000000001, ""mode"": ""frontier"", ""route"": 3, ""step"": 648}, {""distance"": 7.395000000000001, ""mode"": ""frontier"", ""route"": 3, ""step"": 672}, {""distance"": 10.3568, ""mode"": ""frontier"", ""route"": 3, ""step"": 696}]","{""0"": 165.0, ""1"": 220.0, ""10"": 3512.0, ""11"": 9598.0, ""12"": 13392.0, ""13"": 14759.0, ""14"": 21203.0, ""15"": 24340.0, ""16"": 26772.0, ""17"": 34732.0, ""18"": 39603.0, ""19"": 45370.0, ""2"": 485.0, ""20"": 56560.0, ""21"": 61398.0, ""22"": 72020.0, ""23"": 79837.0, ""24"": 92974.0, ""25"": 99507.0, ""26"": 109592.0, ""27"": 116896.0, ""28"": 121923.0, ""3"": 719.0, ""4"": 451.0, ""5"": 561.0, ""6"": 1528.0, ""7"": 440.0, ""8"": 870.0, ""9"": 690.0}","{""BUILD_PASTURE"": 14, ""CARE"": 311, ""COLLECT_FERTILIZER"": 326, ""DIG"": 34, ""DROP"": 95, ""EAST"": 791, ""FEED"": 324, ""FERTILIZE"": 90, ""HARVEST"": 302, ""NORTH"": 1223, ""PASS"": 495, ""PICKUP"": 367, ""PLACE"": 21, ""PLANT"": 99, ""SOUTH"": 917, ""WATER"": 791, ""WEST"": 1078}","{""BUY_ANIMAL"": 14, ""BUY_LAND"": 2, ""BUY_PRODUCT"": 324, ""BUY_SEED"": 51, ""HIRE"": 304, ""SELL"": 363}","{""BUY_ANIMAL:COW"": 8, ""BUY_ANIMAL:SHEEP"": 6, ""BUY_PRODUCT:WHEAT"": 1056, ""BUY_SEED:MELON"": 21, ""BUY_SEED:STRAWBERRY"": 44, ""BUY_SEED:WHEAT"": 34, ""SELL:FERTILIZER"": 238, ""SELL:MELON"": 119, ""SELL:MILK"": 230, ""SELL:STRAWBERRY"": 291, ""SELL:WHEAT"": 853, ""SELL:WOOL"": 168}",v008_q100,builder
17,0,130068.0,138389.0,-8321.0,loss,DONE,DONE,1,719,0,0,0.9623,1.54967,1.8893080000000027,2.6151,4.276193700003205,2,1,"[{""distance"": 0.0, ""mode"": ""frontier"", ""route"": 6, ""step"": 0}, {""distance"": 0.0, ""mode"": ""frontier"", ""route"": 6, ""step"": 24}, {""distance"": 1.0, ""mode"": ""frontier"", ""route"": 6, ""step"": 48}, {""distance"": 1.0, ""mode"": ""frontier"", ""route"": 6, ""step"": 72}, {""distance"": 0.0, ""mode"": ""frontier"", ""route"": 7, ""step"": 96}, {""distance"": 3.0603999999999996, ""mode"": ""frontier"", ""route"": 5, ""step"": 120}, {""distance"": 5.8622000000000005, ""mode"": ""frontier"", ""route"": 5, ""step"": 144}, {""distance"": 6.137799999999999, ""mode"": ""frontier"", ""route"": 5, ""step"": 168}, {""distance"": 4.877399999999999, ""mode"": ""frontier"", ""route"": 5, ""step"": 192}, {""distance"": 8.4346, ""mode"": ""frontier"", ""route"": 5, ""step"": 216}, {""distance"": 6.070799999999998, ""mode"": ""frontier"", ""route"": 5, ""step"": 240}, {""distance"": 16.6136, ""mode"": ""frontier"", ""route"": 5, ""step"": 264}, {""distance"": 12.866999999999999, ""mode"": ""frontier"", ""route"": 5, ""step"": 288}, {""distance"": 8.446799999999998, ""mode"": ""frontier"", ""route"": 5, ""step"": 312}, {""distance"": 8.744599999999998, ""mode"": ""frontier"", ""route"": 5, ""step"": 336}, {""distance"": 15.2458, ""mode"": ""frontier"", ""route"": 4, ""step"": 360}, {""distance"": 13.1334, ""mode"": ""frontier"", ""route"": 4, ""step"": 384}, {""distance"": 15.1854, ""mode"": ""frontier"", ""route"": 5, ""step"": 408}, {""distance"": 15.360199999999999, ""mode"": ""frontier"", ""route"": 4, ""step"": 432}, {""distance"": 15.865200000000002, ""mode"": ""frontier"", ""route"": 5, ""step"": 456}, {""distance"": 16.624599999999997, ""mode"": ""frontier"", ""route"": 5, ""step"": 480}, {""distance"": 16.1018, ""mode"": ""frontier"", ""route"": 2, ""step"": 504}, {""distance"": 19.411999999999995, ""mode"": ""frontier"", ""route"": 5, ""step"": 528}, {""distance"": 17.961399999999998, ""mode"": ""frontier"", ""route"": 7, ""step"": 552}, {""distance"": 19.2954, ""mode"": ""frontier"", ""route"": 7, ""step"": 576}, {""distance"": 20.7568, ""mode"": ""frontier"", ""route"": 6, ""step"": 600}, {""distance"": 19.094399999999997, ""mode"": ""frontier"", ""route"": 5, ""step"": 624}, {""distance"": 21.050599999999996, ""mode"": ""frontier"", ""route"": 5, ""step"": 648}, {""distance"": 22.1954, ""mode"": ""frontier"", ""route"": 1, ""step"": 672}, {""distance"": 22.692999999999994, ""mode"": ""frontier"", ""route"": 1, ""step"": 696}]","{""0"": 161.0, ""1"": 216.0, ""10"": 3289.0, ""11"": 8020.0, ""12"": 11782.0, ""13"": 13203.0, ""14"": 19460.0, ""15"": 22230.0, ""16"": 24849.0, ""17"": 32256.0, ""18"": 37604.0, ""19"": 43816.0, ""2"": 481.0, ""20"": 55009.0, ""21"": 60878.0, ""22"": 71828.0, ""23"": 79564.0, ""24"": 90721.0, ""25"": 97491.0, ""26"": 107033.0, ""27"": 113832.0, ""28"": 118443.0, ""3"": 715.0, ""4"": 447.0, ""5"": 540.0, ""6"": 1449.0, ""7"": 281.0, ""8"": 706.0, ""9"": 441.0}","{""BUILD_PASTURE"": 14, ""CARE"": 311, ""COLLECT_FERTILIZER"": 326, ""DIG"": 34, ""DROP"": 95, ""EAST"": 791, ""FEED"": 324, ""FERTILIZE"": 90, ""HARVEST"": 302, ""NORTH"": 1223, ""PASS"": 495, ""PICKUP"": 367, ""PLACE"": 21, ""PLANT"": 99, ""SOUTH"": 917, ""WATER"": 791, ""WEST"": 1078}","{""BUY_ANIMAL"": 14, ""BUY_LAND"": 2, ""BUY_PRODUCT"": 324, ""BUY_SEED"": 51, ""HIRE"": 304, ""SELL"": 362}","{""BUY_ANIMAL:COW"": 8, ""BUY_ANIMAL:SHEEP"": 6, ""BUY_PRODUCT:WHEAT"": 1056, ""BUY_SEED:MELON"": 21, ""BUY_SEED:STRAWBERRY"": 44, ""BUY_SEED:WHEAT"": 34, ""SELL:FERTILIZER"": 232, ""SELL:MELON"": 119, ""SELL:MILK"": 230, ""SELL:STRAWBERRY"": 291, ""SELL:WHEAT"": 877, ""SELL:WOOL"": 168}",v008_q100,frontier
17,1,138354.0,128732.0,9622.0,win,DONE,DONE,1,719,0,0,0.9315,1.5773199999999998,1.8263000000000014,2.4767,4.3033342999988236,2,1,"[{""distance"": 0.0, ""mode"": ""frontier"", ""route"": 6, ""step"": 0}, {""distance"": 0.0, ""mode"": ""frontier"", ""route"": 6, ""step"": 24}, {""distance"": 0.5, ""mode"": ""frontier"", ""route"": 6, ""step"": 48}, {""distance"": 0.5, ""mode"": ""frontier"", ""route"": 6, ""step"": 72}, {""distance"": 0.5002, ""mode"": ""frontier"", ""route"": 6, ""step"": 96}, {""distance"": 2.5603999999999996, ""mode"": ""frontier"", ""route"": 5, ""step"": 120}, {""distance"": 4.5122, ""mode"": ""frontier"", ""route"": 5, ""step"": 144}, {""distance"": 4.6706, ""mode"": ""frontier"", ""route"": 5, ""step"": 168}, {""distance"": 3.2912, ""mode"": ""frontier"", ""route"": 5, ""step"": 192}, {""distance"": 6.8382, ""mode"": ""frontier"", ""route"": 5, ""step"": 216}, {""distance"": 4.2744, ""mode"": ""frontier"", ""route"": 5, ""step"": 240}, {""distance"": 13.517200000000003, ""mode"": ""frontier"", ""route"": 5, ""step"": 264}, {""distance"": 9.9756, ""mode"": ""frontier"", ""route"": 5, ""step"": 288}, {""distance"": 5.935799999999999, ""mode"": ""frontier"", ""route"": 5, ""step"": 312}, {""distance"": 5.278, ""mode"": ""frontier"", ""route"": 5, ""step"": 336}, {""distance"": 12.536800000000001, ""mode"": ""frontier"", ""route"": 4, ""step"": 360}, {""distance"": 9.5214, ""mode"": ""frontier"", ""route"": 4, ""step"": 384}, {""distance"": 12.906799999999997, ""mode"": ""frontier"", ""route"": 2, ""step"": 408}, {""distance"": 13.762800000000002, ""mode"": ""frontier"", ""route"": 2, ""step"": 432}, {""distance"": 13.269200000000001, ""mode"": ""frontier"", ""route"": 2, ""step"": 456}, {""distance"": 14.879600000000002, ""mode"": ""frontier"", ""route"": 2, ""step"": 480}, {""distance"": 10.450200000000002, ""mode"": ""frontier"", ""route"": 2, ""step"": 504}, {""distance"": 15.8636, ""mode"": ""frontier"", ""route"": 5, ""step"": 528}, {""distance"": 15.332999999999997, ""mode"": ""frontier"", ""route"": 5, ""step"": 552}, {""distance"": 16.0568, ""mode"": ""frontier"", ""route"": 5, ""step"": 576}, {""distance"": 16.067800000000002, ""mode"": ""frontier"", ""route"": 2, ""step"": 600}, {""distance"": 15.8372, ""mode"": ""frontier"", ""route"": 5, ""step"": 624}, {""distance"": 19.849, ""mode"": ""frontier"", ""route"": 5, ""step"": 648}, {""distance"": 20.5092, ""mode"": ""frontier"", ""route"": 3, ""step"": 672}, {""distance"": 17.7268, ""mode"": ""frontier"", ""route"": 2, ""step"": 696}]","{""0"": 161.0, ""1"": 216.0, ""10"": 3557.0, ""11"": 9583.0, ""12"": 13345.0, ""13"": 14766.0, ""14"": 21023.0, ""15"": 24154.0, ""16"": 26773.0, ""17"": 34949.0, ""18"": 40297.0, ""19"": 46509.0, ""2"": 481.0, ""20"": 58517.0, ""21"": 64386.0, ""22"": 75745.0, ""23"": 83861.0, ""24"": 98084.0, ""25"": 104955.0, ""26"": 115695.0, ""27"": 122586.0, ""28"": 127284.0, ""3"": 715.0, ""4"": 447.0, ""5"": 540.0, ""6"": 1541.0, ""7"": 462.0, ""8"": 887.0, ""9"": 709.0}","{""BUILD_PASTURE"": 14, ""CARE"": 311, ""COLLECT_FERTILIZER"": 326, ""DIG"": 34, ""DROP"": 95, ""EAST"": 791, ""FEED"": 324, ""FERTILIZE"": 90, ""HARVEST"": 302, ""NORTH"": 1223, ""PASS"": 495, ""PICKUP"": 367, ""PLACE"": 21, ""PLANT"": 99, ""SOUTH"": 917, ""WATER"": 791, ""WEST"": 1078}","{""BUY_ANIMAL"": 14, ""BUY_LAND"": 2, ""BUY_PRODUCT"": 324, ""BUY_SEED"": 51, ""HIRE"": 304, ""SELL"": 362}","{""BUY_ANIMAL:COW"": 8, ""BUY_ANIMAL:SHEEP"": 6, ""BUY_PRODUCT:WHEAT"": 1056, ""BUY_SEED:MELON"": 21, ""BUY_SEED:STRAWBERRY"": 44, ""BUY_SEED:WHEAT"": 34, ""SELL:FERTILIZER"": 233, ""SELL:MELON"": 119, ""SELL:MILK"": 230, ""SELL:STRAWBERRY"": 291, ""SELL:WHEAT"": 853, ""SELL:WOOL"": 168}",v008_q100,frontier
42,0,117636.0,117945.0,-309.0,loss,DONE,DONE,1,719,0,0,0.9595,1.6990100000000001,2.0345060000000013,2.3675,4.428571100026602,2,1,"[{""distance"": 0.0, ""mode"": ""frontier"", ""route"": 6, ""step"": 0}, {""distance"": 0.0, ""mode"": ""frontier"", ""route"": 6, ""step"": 24}, {""distance"": 0.0, ""mode"": ""frontier"", ""route"": 6, ""step"": 48}, {""distance"": 0.0, ""mode"": ""frontier"", ""route"": 6, ""step"": 72}, {""distance"": 0.16020000000000015, ""mode"": ""frontier"", ""route"": 5, ""step"": 96}, {""distance"": 1.7804000000000002, ""mode"": ""frontier"", ""route"": 5, ""step"": 120}, {""distance"": 1.9222, ""mode"": ""frontier"", ""route"": 5, ""step"": 144}, {""distance"": 2.2008, ""mode"": ""frontier"", ""route"": 5, ""step"": 168}, {""distance"": 0.9204000000000002, ""mode"": ""frontier"", ""route"": 5, ""step"": 192}, {""distance"": 3.9417999999999997, ""mode"": ""frontier"", ""route"": 5, ""step"": 216}, {""distance"": 2.4828000000000006, ""mode"": ""frontier"", ""route"": 5, ""step"": 240}, {""distance"": 12.4446, ""mode"": ""frontier"", ""route"": 5, ""step"": 264}, {""distance"": 9.5452, ""mode"": ""frontier"", ""route"": 5, ""step"": 288}, {""distance"": 6.243399999999999, ""mode"": ""frontier"", ""route"": 5, ""step"": 312}, {""distance"": 6.8332, ""mode"": ""frontier"", ""route"": 5, ""step"": 336}, {""distance"": 11.912600000000001, ""mode"": ""frontier"", ""route"": 2, ""step"": 360}, {""distance"": 9.412600000000001, ""mode"": ""frontier"", ""route"": 0, ""step"": 384}, {""distance"": 11.588399999999998, ""mode"": ""frontier"", ""route"": 2, ""step"": 408}, {""distance"": 12.3062, ""mode"": ""frontier"", ""route"": 2, ""step"": 432}, {""distance"": 11.1026, ""mode"": ""frontier"", ""route"": 1, ""step"": 456}, {""distance"": 12.514399999999998, ""mode"": ""frontier"", ""route"": 1, ""step"": 480}, {""distance"": 12.054800000000002, ""mode"": ""frontier"", ""route"": 1, ""step"": 504}, {""distance"": 16.6178, ""mode"": ""frontier"", ""route"": 6, ""step"": 528}, {""distance"": 16.239200000000004, ""mode"": ""frontier"", ""route"": 6, ""step"": 552}, {""distance"": 14.986600000000003, ""mode"": ""frontier"", ""route"": 6, ""step"": 576}, {""distance"": 16.738, ""mode"": ""frontier"", ""route"": 1, ""step"": 600}, {""distance"": 13.781199999999998, ""mode"": ""frontier"", ""route"": 1, ""step"": 624}, {""distance"": 16.126, ""mode"": ""frontier"", ""route"": 1, ""step"": 648}, {""distance"": 18.7318, ""mode"": ""frontier"", ""route"": 1, ""step"": 672}, {""distance"": 15.871999999999998, ""mode"": ""frontier"", ""route"": 1, ""step"": 696}]","{""0"": 161.0, ""1"": 216.0, ""10"": 3198.0, ""11"": 9131.0, ""12"": 12755.0, ""13"": 13752.0, ""14"": 21115.0, ""15"": 24619.0, ""16"": 26815.0, ""17"": 34282.0, ""18"": 39742.0, ""19"": 43959.0, ""2"": 481.0, ""20"": 52867.0, ""21"": 58484.0, ""22"": 66945.0, ""23"": 74522.0, ""24"": 86184.0, ""25"": 92401.0, ""26"": 101183.0, ""27"": 106400.0, ""28"": 108410.0, ""3"": 715.0, ""4"": 447.0, ""5"": 540.0, ""6"": 1543.0, ""7"": 466.0, ""8"": 539.0, ""9"": 401.0}","{""BUILD_PASTURE"": 14, ""CARE"": 311, ""COLLECT_FERTILIZER"": 326, ""DIG"": 34, ""DROP"": 95, ""EAST"": 791, ""FEED"": 324, ""FERTILIZE"": 90, ""HARVEST"": 302, ""NORTH"": 1223, ""PASS"": 495, ""PICKUP"": 367, ""PLACE"": 21, ""PLANT"": 99, ""SOUTH"": 917, ""WATER"": 791, ""WEST"": 1078}","{""BUY_ANIMAL"": 14, ""BUY_LAND"": 2, ""BUY_PRODUCT"": 324, ""BUY_SEED"": 51, ""HIRE"": 304, ""SELL"": 362}","{""BUY_ANIMAL:COW"": 8, ""BUY_ANIMAL:SHEEP"": 6, ""BUY_PRODUCT:WHEAT"": 1056, ""BUY_SEED:MELON"": 21, ""BUY_SEED:STRAWBERRY"": 44, ""BUY_SEED:WHEAT"": 34, ""SELL:FERTILIZER"": 234, ""SELL:MELON"": 119, ""SELL:MILK"": 230, ""SELL:STRAWBERRY"": 291, ""SELL:WHEAT"": 853, ""SELL:WOOL"": 168}",v008_q100,frontier
42,1,117932.0,117649.0,283.0,win,DONE,DONE,1,719,0,0,0.9596,1.6014500000000003,1.9183020000000015,2.2815,4.398496799985878,2,1,"[{""distance"": 0.0, ""mode"": ""frontier"", ""route"": 6, ""step"": 0}, {""distance"": 0.0, ""mode"": ""frontier"", ""route"": 6, ""step"": 24}, {""distance"": 0.0, ""mode"": ""frontier"", ""route"": 6, ""step"": 48}, {""distance"": 0.0, ""mode"": ""frontier"", ""route"": 6, ""step"": 72}, {""distance"": 0.16020000000000015, ""mode"": ""frontier"", ""route"": 5, ""step"": 96}, {""distance"": 1.7804000000000002, ""mode"": ""frontier"", ""route"": 5, ""step"": 120}, {""distance"": 1.9222, ""mode"": ""frontier"", ""route"": 5, ""step"": 144}, {""distance"": 2.2008, ""mode"": ""frontier"", ""route"": 5, ""step"": 168}, {""distance"": 0.9204000000000002, ""mode"": ""frontier"", ""route"": 5, ""step"": 192}, {""distance"": 3.9417999999999997, ""mode"": ""frontier"", ""route"": 5, ""step"": 216}, {""distance"": 2.4828000000000006, ""mode"": ""frontier"", ""route"": 5, ""step"": 240}, {""distance"": 10.9446, ""mode"": ""frontier"", ""route"": 5, ""step"": 264}, {""distance"": 9.5452, ""mode"": ""frontier"", ""route"": 5, ""step"": 288}, {""distance"": 6.243399999999999, ""mode"": ""frontier"", ""route"": 5, ""step"": 312}, {""distance"": 6.8332, ""mode"": ""frontier"", ""route"": 5, ""step"": 336}, {""distance"": 11.912600000000001, ""mode"": ""frontier"", ""route"": 2, ""step"": 360}, {""distance"": 9.412600000000001, ""mode"": ""frontier"", ""route"": 0, ""step"": 384}, {""distance"": 11.588399999999998, ""mode"": ""frontier"", ""route"": 2, ""step"": 408}, {""distance"": 12.3062, ""mode"": ""frontier"", ""route"": 2, ""step"": 432}, {""distance"": 11.1026, ""mode"": ""frontier"", ""route"": 1, ""step"": 456}, {""distance"": 13.014399999999998, ""mode"": ""frontier"", ""route"": 1, ""step"": 480}, {""distance"": 12.054800000000002, ""mode"": ""frontier"", ""route"": 1, ""step"": 504}, {""distance"": 16.6178, ""mode"": ""frontier"", ""route"": 6, ""step"": 528}, {""distance"": 16.476, ""mode"": ""frontier"", ""route"": 5, ""step"": 552}, {""distance"": 14.8866, ""mode"": ""frontier"", ""route"": 6, ""step"": 576}, {""distance"": 16.705000000000002, ""mode"": ""frontier"", ""route"": 1, ""step"": 600}, {""distance"": 13.820599999999999, ""mode"": ""frontier"", ""route"": 1, ""step"": 624}, {""distance"": 15.7654, ""mode"": ""frontier"", ""route"": 1, ""step"": 648}, {""distance"": 17.685200000000002, ""mode"": ""frontier"", ""route"": 1, ""step"": 672}, {""distance"": 16.825399999999995, ""mode"": ""frontier"", ""route"": 1, ""step"": 696}]","{""0"": 161.0, ""1"": 216.0, ""10"": 3198.0, ""11"": 9131.0, ""12"": 12755.0, ""13"": 13752.0, ""14"": 21115.0, ""15"": 24619.0, ""16"": 26815.0, ""17"": 34282.0, ""18"": 39742.0, ""19"": 43959.0, ""2"": 481.0, ""20"": 52867.0, ""21"": 58484.0, ""22"": 66945.0, ""23"": 74522.0, ""24"": 85849.0, ""25"": 92704.0, ""26"": 101486.0, ""27"": 106633.0, ""28"": 108643.0, ""3"": 715.0, ""4"": 447.0, ""5"": 540.0, ""6"": 1543.0, ""7"": 466.0, ""8"": 539.0, ""9"": 401.0}","{""BUILD_PASTURE"": 14, ""CARE"": 311, ""COLLECT_FERTILIZER"": 326, ""DIG"": 34, ""DROP"": 95, ""EAST"": 791, ""FEED"": 324, ""FERTILIZE"": 90, ""HARVEST"": 302, ""NORTH"": 1223, ""PASS"": 495, ""PICKUP"": 367, ""PLACE"": 21, ""PLANT"": 99, ""SOUTH"": 917, ""WATER"": 791, ""WEST"": 1078}","{""BUY_ANIMAL"": 14, ""BUY_LAND"": 2, ""BUY_PRODUCT"": 324, ""BUY_SEED"": 51, ""HIRE"": 304, ""SELL"": 362}","{""BUY_ANIMAL:COW"": 8, ""BUY_ANIMAL:SHEEP"": 6, ""BUY_PRODUCT:WHEAT"": 1056, ""BUY_SEED:MELON"": 21, ""BUY_SEED:STRAWBERRY"": 44, ""BUY_SEED:WHEAT"": 34, ""SELL:FERTILIZER"": 234, ""SELL:MELON"": 119, ""SELL:MILK"": 230, ""SELL:STRAWBERRY"": 291, ""SELL:WHEAT"": 853, ""SELL:WOOL"": 168}",v008_q100,frontier
2026,0,95841.0,93780.0,2061.0,win,DONE,DONE,1,719,0,0,0.9053,1.58831,1.8044040000000003,1.9816,4.286741199990502,2,1,"[{""distance"": 0.0, ""mode"": ""frontier"", ""route"": 6, ""step"": 0}, {""distance"": 0.0, ""mode"": ""frontier"", ""route"": 6, ""step"": 24}, {""distance"": 0.0, ""mode"": ""frontier"", ""route"": 6, ""step"": 48}, {""distance"": 0.0, ""mode"": ""frontier"", ""route"": 6, ""step"": 72}, {""distance"": 0.16020000000000015, ""mode"": ""frontier"", ""route"": 5, ""step"": 96}, {""distance"": 1.7804000000000002, ""mode"": ""frontier"", ""route"": 5, ""step"": 120}, {""distance"": 1.9222, ""mode"": ""frontier"", ""route"": 5, ""step"": 144}, {""distance"": 2.1406, ""mode"": ""frontier"", ""route"": 5, ""step"": 168}, {""distance"": 0.7614000000000001, ""mode"": ""frontier"", ""route"": 5, ""step"": 192}, {""distance"": 3.7438, ""mode"": ""frontier"", ""route"": 5, ""step"": 216}, {""distance"": 1.8276, ""mode"": ""frontier"", ""route"": 5, ""step"": 240}, {""distance"": 10.5196, ""mode"": ""frontier"", ""route"": 5, ""step"": 264}, {""distance"": 7.8068, ""mode"": ""frontier"", ""route"": 5, ""step"": 288}, {""distance"": 3.898399999999999, ""mode"": ""frontier"", ""route"": 5, ""step"": 312}, {""distance"": 5.504999999999999, ""mode"": ""frontier"", ""route"": 5, ""step"": 336}, {""distance"": 11.553, ""mode"": ""frontier"", ""route"": 4, ""step"": 360}, {""distance"": 9.968, ""mode"": ""frontier"", ""route"": 4, ""step"": 384}, {""distance"": 10.988399999999999, ""mode"": ""frontier"", ""route"": 4, ""step"": 408}, {""distance"": 10.643799999999999, ""mode"": ""frontier"", ""route"": 4, ""step"": 432}, {""distance"": 9.898, ""mode"": ""frontier"", ""route"": 4, ""step"": 456}, {""distance"": 12.000000000000002, ""mode"": ""frontier"", ""route"": 4, ""step"": 480}, {""distance"": 10.598200000000002, ""mode"": ""frontier"", ""route"": 4, ""step"": 504}, {""distance"": 15.5794, ""mode"": ""frontier"", ""route"": 5, ""step"": 528}, {""distance"": 15.3204, ""mode"": ""frontier"", ""route"": 5, ""step"": 552}, {""distance"": 15.985600000000002, ""mode"": ""frontier"", ""route"": 4, ""step"": 576}, {""distance"": 16.5506, ""mode"": ""frontier"", ""route"": 5, ""step"": 600}, {""distance"": 12.215399999999999, ""mode"": ""frontier"", ""route"": 5, ""step"": 624}, {""distance"": 16.3986, ""mode"": ""frontier"", ""route"": 5, ""step"": 648}, {""distance"": 18.439999999999998, ""mode"": ""frontier"", ""route"": 5, ""step"": 672}, {""distance"": 17.775000000000002, ""mode"": ""frontier"", ""route"": 5, ""step"": 696}]","{""0"": 161.0, ""1"": 216.0, ""10"": 3123.0, ""11"": 8923.0, ""12"": 12424.0, ""13"": 13405.0, ""14"": 18924.0, ""15"": 21657.0, ""16"": 23016.0, ""17"": 26836.0, ""18"": 30388.0, ""19"": 34527.0, ""2"": 481.0, ""20"": 40733.0, ""21"": 43908.0, ""22"": 52038.0, ""23"": 58607.0, ""24"": 68117.0, ""25"": 74942.0, ""26"": 81819.0, ""27"": 86494.0, ""28"": 87881.0, ""3"": 715.0, ""4"": 447.0, ""5"": 540.0, ""6"": 1541.0, ""7"": 461.0, ""8"": 529.0, ""9"": 349.0}","{""BUILD_PASTURE"": 14, ""CARE"": 311, ""COLLECT_FERTILIZER"": 326, ""DIG"": 34, ""DROP"": 95, ""EAST"": 791, ""FEED"": 324, ""FERTILIZE"": 90, ""HARVEST"": 302, ""NORTH"": 1223, ""PASS"": 495, ""PICKUP"": 367, ""PLACE"": 21, ""PLANT"": 99, ""SOUTH"": 917, ""WATER"": 791, ""WEST"": 1078}","{""BUY_ANIMAL"": 14, ""BUY_LAND"": 2, ""BUY_PRODUCT"": 324, ""BUY_SEED"": 51, ""HIRE"": 304, ""SELL"": 361}","{""BUY_ANIMAL:COW"": 8, ""BUY_ANIMAL:SHEEP"": 6, ""BUY_PRODUCT:WHEAT"": 1056, ""BUY_SEED:MELON"": 21, ""BUY_SEED:STRAWBERRY"": 44, ""BUY_SEED:WHEAT"": 34, ""SELL:FERTILIZER"": 232, ""SELL:MELON"": 119, ""SELL:MILK"": 230, ""SELL:STRAWBERRY"": 291, ""SELL:WHEAT"": 853, ""SELL:WOOL"": 168}",v008_q100,frontier
2026,1,93764.0,95875.0,-2111.0,loss,DONE,DONE,1,719,0,0,0.9234,1.57319,1.7946900000000023,1.9799,4.268788699992001,2,1,"[{""distance"": 0.0, ""mode"": ""frontier"", ""route"": 6, ""step"": 0}, {""distance"": 0.0, ""mode"": ""frontier"", ""route"": 6, ""step"": 24}, {""distance"": 0.0, ""mode"": ""frontier"", ""route"": 6, ""step"": 48}, {""distance"": 0.0, ""mode"": ""frontier"", ""route"": 6, ""step"": 72}, {""distance"": 0.16020000000000015, ""mode"": ""frontier"", ""route"": 5, ""step"": 96}, {""distance"": 1.7804000000000002, ""mode"": ""frontier"", ""route"": 5, ""step"": 120}, {""distance"": 1.9222, ""mode"": ""frontier"", ""route"": 5, ""step"": 144}, {""distance"": 2.1406, ""mode"": ""frontier"", ""route"": 5, ""step"": 168}, {""distance"": 0.7614000000000001, ""mode"": ""frontier"", ""route"": 5, ""step"": 192}, {""distance"": 3.7438, ""mode"": ""frontier"", ""route"": 5, ""step"": 216}, {""distance"": 1.8276, ""mode"": ""frontier"", ""route"": 5, ""step"": 240}, {""distance"": 12.0196, ""mode"": ""frontier"", ""route"": 5, ""step"": 264}, {""distance"": 10.306799999999999, ""mode"": ""frontier"", ""route"": 5, ""step"": 288}, {""distance"": 6.398399999999999, ""mode"": ""frontier"", ""route"": 5, ""step"": 312}, {""distance"": 6.804999999999999, ""mode"": ""frontier"", ""route"": 5, ""step"": 336}, {""distance"": 13.635200000000001, ""mode"": ""frontier"", ""route"": 5, ""step"": 360}, {""distance"": 11.768, ""mode"": ""frontier"", ""route"": 4, ""step"": 384}, {""distance"": 12.788399999999998, ""mode"": ""frontier"", ""route"": 4, ""step"": 408}, {""distance"": 12.2438, ""mode"": ""frontier"", ""route"": 4, ""step"": 432}, {""distance"": 11.497999999999998, ""mode"": ""frontier"", ""route"": 4, ""step"": 456}, {""distance"": 13.700000000000003, ""mode"": ""frontier"", ""route"": 4, ""step"": 480}, {""distance"": 13.4982, ""mode"": ""frontier"", ""route"": 4, ""step"": 504}, {""distance"": 19.9794, ""mode"": ""frontier"", ""route"": 5, ""step"": 528}, {""distance"": 19.620400000000004, ""mode"": ""frontier"", ""route"": 5, ""step"": 552}, {""distance"": 20.2536, ""mode"": ""frontier"", ""route"": 5, ""step"": 576}, {""distance"": 18.0394, ""mode"": ""frontier"", ""route"": 5, ""step"": 600}, {""distance"": 12.5042, ""mode"": ""frontier"", ""route"": 5, ""step"": 624}, {""distance"": 16.687399999999997, ""mode"": ""frontier"", ""route"": 5, ""step"": 648}, {""distance"": 18.7412, ""mode"": ""frontier"", ""route"": 5, ""step"": 672}, {""distance"": 17.0762, ""mode"": ""frontier"", ""route"": 5, ""step"": 696}]","{""0"": 161.0, ""1"": 216.0, ""10"": 3123.0, ""11"": 8923.0, ""12"": 12424.0, ""13"": 13405.0, ""14"": 18924.0, ""15"": 21657.0, ""16"": 23016.0, ""17"": 26836.0, ""18"": 30388.0, ""19"": 34527.0, ""2"": 481.0, ""20"": 40733.0, ""21"": 43908.0, ""22"": 52038.0, ""23"": 58212.0, ""24"": 67375.0, ""25"": 72998.0, ""26"": 79875.0, ""27"": 84488.0, ""28"": 85875.0, ""3"": 715.0, ""4"": 447.0, ""5"": 540.0, ""6"": 1541.0, ""7"": 461.0, ""8"": 529.0, ""9"": 349.0}","{""BUILD_PASTURE"": 14, ""CARE"": 311, ""COLLECT_FERTILIZER"": 326, ""DIG"": 34, ""DROP"": 95, ""EAST"": 791, ""FEED"": 324, ""FERTILIZE"": 90, ""HARVEST"": 302, ""NORTH"": 1223, ""PASS"": 495, ""PICKUP"": 367, ""PLACE"": 21, ""PLANT"": 99, ""SOUTH"": 917, ""WATER"": 791, ""WEST"": 1078}","{""BUY_ANIMAL"": 14, ""BUY_LAND"": 2, ""BUY_PRODUCT"": 324, ""BUY_SEED"": 51, ""HIRE"": 304, ""SELL"": 362}","{""BUY_ANIMAL:COW"": 8, ""BUY_ANIMAL:SHEEP"": 6, ""BUY_PRODUCT:WHEAT"": 1056, ""BUY_SEED:MELON"": 21, ""BUY_SEED:STRAWBERRY"": 44, ""BUY_SEED:WHEAT"": 34, ""SELL:FERTILIZER"": 234, ""SELL:MELON"": 119, ""SELL:MILK"": 230, ""SELL:STRAWBERRY"": 291, ""SELL:WHEAT"": 853, ""SELL:WOOL"": 168}",v008_q100,frontier
17,0,169823.0,3495.0,166328.0,win,DONE,DONE,1,719,0,0,0.8801,1.4476700000000002,1.7247020000000002,2.0898,3.0539420999994036,2,1,"[{""distance"": 0.0, ""mode"": ""frontier"", ""route"": 6, ""step"": 0}, {""distance"": 16.0432, ""mode"": ""frontier"", ""route"": 1, ""step"": 24}, {""distance"": 16.5634, ""mode"": ""frontier"", ""route"": 0, ""step"": 48}, {""distance"": 19.209000000000003, ""mode"": ""frontier"", ""route"": 2, ""step"": 72}, {""distance"": 23.511599999999998, ""mode"": ""frontier"", ""route"": 4, ""step"": 96}, {""distance"": 24.560599999999997, ""mode"": ""frontier"", ""route"": 7, ""step"": 120}, {""distance"": 30.651999999999997, ""mode"": ""frontier"", ""route"": 4, ""step"": 144}, {""distance"": 33.5356, ""mode"": ""frontier"", ""route"": 3, ""step"": 168}, {""distance"": 38.1338, ""mode"": ""frontier"", ""route"": 1, ""step"": 192}, {""distance"": 45.1406, ""mode"": ""frontier"", ""route"": 1, ""step"": 216}, {""distance"": 51.9566, ""mode"": ""frontier"", ""route"": 1, ""step"": 240}, {""distance"": 50.549, ""mode"": ""frontier"", ""route"": 1, ""step"": 264}, {""distance"": 69.0326, ""mode"": ""frontier"", ""route"": 1, ""step"": 288}, {""distance"": 78.0064, ""mode"": ""frontier"", ""route"": 1, ""step"": 312}, {""distance"": 84.8716, ""mode"": ""frontier"", ""route"": 3, ""step"": 336}, {""distance"": 87.14059999999999, ""mode"": ""frontier"", ""route"": 1, ""step"": 360}, {""distance"": 91.943, ""mode"": ""frontier"", ""route"": 1, ""step"": 384}, {""distance"": 95.843, ""mode"": ""frontier"", ""route"": 1, ""step"": 408}, {""distance"": 96.775, ""mode"": ""frontier"", ""route"": 5, ""step"": 432}, {""distance"": 98.14800000000001, ""mode"": ""frontier"", ""route"": 1, ""step"": 456}, {""distance"": 99.7564, ""mode"": ""frontier"", ""route"": 1, ""step"": 480}, {""distance"": 93.48899999999999, ""mode"": ""frontier"", ""route"": 1, ""step"": 504}, {""distance"": 85.8494, ""mode"": ""frontier"", ""route"": 1, ""step"": 528}, {""distance"": 86.5476, ""mode"": ""frontier"", ""route"": 3, ""step"": 552}, {""distance"": 88.1206, ""mode"": ""frontier"", ""route"": 2, ""step"": 576}, {""distance"": 84.9932, ""mode"": ""frontier"", ""route"": 2, ""step"": 600}, {""distance"": 86.9614, ""mode"": ""frontier"", ""route"": 2, ""step"": 624}, {""distance"": 83.503, ""mode"": ""frontier"", ""route"": 2, ""step"": 648}, {""distance"": 83.1634, ""mode"": ""frontier"", ""route"": 2, ""step"": 672}, {""distance"": 79.0922, ""mode"": ""frontier"", ""route"": 2, ""step"": 696}]","{""0"": 176.0, ""1"": 237.0, ""10"": 3669.0, ""11"": 8815.0, ""12"": 12997.0, ""13"": 14604.0, ""14"": 22497.0, ""15"": 25834.0, ""16"": 29038.0, ""17"": 37671.0, ""18"": 43695.0, ""19"": 50213.0, ""2"": 513.0, ""20"": 62386.0, ""21"": 69382.0, ""22"": 81941.0, ""23"": 90891.0, ""24"": 105111.0, ""25"": 115879.0, ""26"": 129902.0, ""27"": 143336.0, ""28"": 151813.0, ""3"": 760.0, ""4"": 499.0, ""5"": 581.0, ""6"": 1522.0, ""7"": 389.0, ""8"": 707.0, ""9"": 497.0}","{""BUILD_PASTURE"": 14, ""CARE"": 311, ""COLLECT_FERTILIZER"": 326, ""DIG"": 34, ""DROP"": 95, ""EAST"": 791, ""FEED"": 324, ""FERTILIZE"": 90, ""HARVEST"": 302, ""NORTH"": 1223, ""PASS"": 495, ""PICKUP"": 367, ""PLACE"": 21, ""PLANT"": 99, ""SOUTH"": 917, ""WATER"": 791, ""WEST"": 1078}","{""BUY_ANIMAL"": 14, ""BUY_LAND"": 2, ""BUY_PRODUCT"": 324, ""BUY_SEED"": 51, ""HIRE"": 304, ""SELL"": 362}","{""BUY_ANIMAL:COW"": 8, ""BUY_ANIMAL:SHEEP"": 6, ""BUY_PRODUCT:WHEAT"": 1056, ""BUY_SEED:MELON"": 21, ""BUY_SEED:STRAWBERRY"": 44, ""BUY_SEED:WHEAT"": 34, ""SELL:FERTILIZER"": 232, ""SELL:MELON"": 119, ""SELL:MILK"": 230, ""SELL:STRAWBERRY"": 291, ""SELL:WHEAT"": 877, ""SELL:WOOL"": 168}",v008_frontier,starter
17,1,184700.0,3489.0,181211.0,win,DONE,DONE,1,719,0,0,0.8877,1.54529,1.822564000000002,2.2725,3.1046662000007927,2,1,"[{""distance"": 0.0, ""mode"": ""frontier"", ""route"": 6, ""step"": 0}, {""distance"": 16.0432, ""mode"": ""frontier"", ""route"": 1, ""step"": 24}, {""distance"": 17.0634, ""mode"": ""frontier"", ""route"": 0, ""step"": 48}, {""distance"": 18.209000000000003, ""mode"": ""frontier"", ""route"": 1, ""step"": 72}, {""distance"": 22.511599999999998, ""mode"": ""frontier"", ""route"": 4, ""step"": 96}, {""distance"": 24.493, ""mode"": ""frontier"", ""route"": 4, ""step"": 120}, {""distance"": 27.052, ""mode"": ""frontier"", ""route"": 4, ""step"": 144}, {""distance"": 29.215, ""mode"": ""frontier"", ""route"": 3, ""step"": 168}, {""distance"": 33.642399999999995, ""mode"": ""frontier"", ""route"": 3, ""step"": 192}, {""distance"": 40.3916, ""mode"": ""frontier"", ""route"": 3, ""step"": 216}, {""distance"": 47.0422, ""mode"": ""frontier"", ""route"": 1, ""step"": 240}, {""distance"": 44.3098, ""mode"": ""frontier"", ""route"": 1, ""step"": 264}, {""distance"": 64.3564, ""mode"": ""frontier"", ""route"": 1, ""step"": 288}, {""distance"": 72.8578, ""mode"": ""frontier"", ""route"": 1, ""step"": 312}, {""distance"": 79.0218, ""mode"": ""frontier"", ""route"": 1, ""step"": 336}, {""distance"": 81.5924, ""mode"": ""frontier"", ""route"": 1, ""step"": 360}, {""distance"": 87.443, ""mode"": ""frontier"", ""route"": 1, ""step"": 384}, {""distance"": 90.4274, ""mode"": ""frontier"", ""route"": 1, ""step"": 408}, {""distance"": 91.7972, ""mode"": ""frontier"", ""route"": 5, ""step"": 432}, {""distance"": 92.66460000000001, ""mode"": ""frontier"", ""route"": 5, ""step"": 456}, {""distance"": 94.2958, ""mode"": ""frontier"", ""route"": 3, ""step"": 480}, {""distance"": 88.5802, ""mode"": ""frontier"", ""route"": 3, ""step"": 504}, {""distance"": 80.532, ""mode"": ""frontier"", ""route"": 3, ""step"": 528}, {""distance"": 80.9298, ""mode"": ""frontier"", ""route"": 3, ""step"": 552}, {""distance"": 81.3036, ""mode"": ""frontier"", ""route"": 2, ""step"": 576}, {""distance"": 80.08940000000001, ""mode"": ""frontier"", ""route"": 2, ""step"": 600}, {""distance"": 81.1678, ""mode"": ""frontier"", ""route"": 2, ""step"": 624}, {""distance"": 79.7182, ""mode"": ""frontier"", ""route"": 2, ""step"": 648}, {""distance"": 79.11659999999999, ""mode"": ""frontier"", ""route"": 2, ""step"": 672}, {""distance"": 74.4632, ""mode"": ""frontier"", ""route"": 2, ""step"": 696}]","{""0"": 176.0, ""1"": 237.0, ""10"": 3973.0, ""11"": 10462.0, ""12"": 14628.0, ""13"": 16269.0, ""14"": 24056.0, ""15"": 28234.0, ""16"": 31460.0, ""17"": 40882.0, ""18"": 46901.0, ""19"": 53794.0, ""2"": 513.0, ""20"": 67074.0, ""21"": 73710.0, ""22"": 87352.0, ""23"": 96991.0, ""24"": 115210.0, ""25"": 126511.0, ""26"": 142980.0, ""27"": 157031.0, ""28"": 166168.0, ""3"": 760.0, ""4"": 499.0, ""5"": 581.0, ""6"": 1620.0, ""7"": 582.0, ""8"": 904.0, ""9"": 791.0}","{""BUILD_PASTURE"": 14, ""CARE"": 311, ""COLLECT_FERTILIZER"": 326, ""DIG"": 34, ""DROP"": 95, ""EAST"": 791, ""FEED"": 324, ""FERTILIZE"": 90, ""HARVEST"": 302, ""NORTH"": 1223, ""PASS"": 495, ""PICKUP"": 367, ""PLACE"": 21, ""PLANT"": 99, ""SOUTH"": 917, ""WATER"": 791, ""WEST"": 1078}","{""BUY_ANIMAL"": 14, ""BUY_LAND"": 2, ""BUY_PRODUCT"": 324, ""BUY_SEED"": 51, ""HIRE"": 304, ""SELL"": 361}","{""BUY_ANIMAL:COW"": 8, ""BUY_ANIMAL:SHEEP"": 6, ""BUY_PRODUCT:WHEAT"": 1056, ""BUY_SEED:MELON"": 21, ""BUY_SEED:STRAWBERRY"": 44, ""BUY_SEED:WHEAT"": 34, ""SELL:FERTILIZER"": 232, ""SELL:MELON"": 119, ""SELL:MILK"": 230, ""SELL:STRAWBERRY"": 291, ""SELL:WHEAT"": 853, ""SELL:WOOL"": 168}",v008_frontier,starter
42,0,193571.0,3504.0,190067.0,win,DONE,DONE,1,719,0,0,0.8956,1.5902500000000002,1.8084280000000017,2.1166,3.119088900013594,2,1,"[{""distance"": 0.0, ""mode"": ""frontier"", ""route"": 6, ""step"": 0}, {""distance"": 16.0432, ""mode"": ""frontier"", ""route"": 1, ""step"": 24}, {""distance"": 17.0634, ""mode"": ""frontier"", ""route"": 0, ""step"": 48}, {""distance"": 18.209000000000003, ""mode"": ""frontier"", ""route"": 1, ""step"": 72}, {""distance"": 22.512, ""mode"": ""frontier"", ""route"": 2, ""step"": 96}, {""distance"": 24.513399999999997, ""mode"": ""frontier"", ""route"": 2, ""step"": 120}, {""distance"": 27.0294, ""mode"": ""frontier"", ""route"": 2, ""step"": 144}, {""distance"": 29.0148, ""mode"": ""frontier"", ""route"": 3, ""step"": 168}, {""distance"": 33.5216, ""mode"": ""frontier"", ""route"": 3, ""step"": 192}, {""distance"": 40.309799999999996, ""mode"": ""frontier"", ""route"": 3, ""step"": 216}, {""distance"": 47.2594, ""mode"": ""frontier"", ""route"": 1, ""step"": 240}, {""distance"": 45.5952, ""mode"": ""frontier"", ""route"": 3, ""step"": 264}, {""distance"": 65.7304, ""mode"": ""frontier"", ""route"": 1, ""step"": 288}, {""distance"": 72.5784, ""mode"": ""frontier"", ""route"": 3, ""step"": 312}, {""distance"": 78.02959999999999, ""mode"": ""frontier"", ""route"": 3, ""step"": 336}, {""distance"": 81.94439999999999, ""mode"": ""frontier"", ""route"": 3, ""step"": 360}, {""distance"": 88.32679999999999, ""mode"": ""frontier"", ""route"": 3, ""step"": 384}, {""distance"": 91.7174, ""mode"": ""frontier"", ""route"": 1, ""step"": 408}, {""distance"": 93.494, ""mode"": ""frontier"", ""route"": 1, ""step"": 432}, {""distance"": 95.028, ""mode"": ""frontier"", ""route"": 1, ""step"": 456}, {""distance"": 94.3776, ""mode"": ""frontier"", ""route"": 3, ""step"": 480}, {""distance"": 88.46780000000001, ""mode"": ""frontier"", ""route"": 3, ""step"": 504}, {""distance"": 80.4466, ""mode"": ""frontier"", ""route"": 3, ""step"": 528}, {""distance"": 81.56580000000001, ""mode"": ""frontier"", ""route"": 3, ""step"": 552}, {""distance"": 84.6588, ""mode"": ""frontier"", ""route"": 3, ""step"": 576}, {""distance"": 84.3026, ""mode"": ""frontier"", ""route"": 2, ""step"": 600}, {""distance"": 83.08480000000002, ""mode"": ""frontier"", ""route"": 3, ""step"": 624}, {""distance"": 82.2238, ""mode"": ""frontier"", ""route"": 3, ""step"": 648}, {""distance"": 81.316, ""mode"": ""frontier"", ""route"": 3, ""step"": 672}, {""distance"": 77.4314, ""mode"": ""frontier"", ""route"": 2, ""step"": 696}]","{""0"": 176.0, ""1"": 237.0, ""10"": 3948.0, ""11"": 10432.0, ""12"": 14593.0, ""13"": 16194.0, ""14"": 23928.0, ""15"": 28201.0, ""16"": 31410.0, ""17"": 41287.0, ""18"": 48095.0, ""19"": 55203.0, ""2"": 513.0, ""20"": 69412.0, ""21"": 77111.0, ""22"": 91437.0, ""23"": 102104.0, ""24"": 121776.0, ""25"": 133251.0, ""26"": 150555.0, ""27"": 165328.0, ""28"": 174813.0, ""3"": 760.0, ""4"": 499.0, ""5"": 581.0, ""6"": 1618.0, ""7"": 578.0, ""8"": 895.0, ""9"": 777.0}","{""BUILD_PASTURE"": 14, ""CARE"": 311, ""COLLECT_FERTILIZER"": 326, ""DIG"": 34, ""DROP"": 95, ""EAST"": 791, ""FEED"": 324, ""FERTILIZE"": 90, ""HARVEST"": 302, ""NORTH"": 1223, ""PASS"": 495, ""PICKUP"": 367, ""PLACE"": 21, ""PLANT"": 99, ""SOUTH"": 917, ""WATER"": 791, ""WEST"": 1078}","{""BUY_ANIMAL"": 14, ""BUY_LAND"": 2, ""BUY_PRODUCT"": 324, ""BUY_SEED"": 51, ""HIRE"": 304, ""SELL"": 362}","{""BUY_ANIMAL:COW"": 8, ""BUY_ANIMAL:SHEEP"": 6, ""BUY_PRODUCT:WHEAT"": 1056, ""BUY_SEED:MELON"": 21, ""BUY_SEED:STRAWBERRY"": 44, ""BUY_SEED:WHEAT"": 34, ""SELL:FERTILIZER"": 234, ""SELL:MELON"": 119, ""SELL:MILK"": 230, ""SELL:STRAWBERRY"": 291, ""SELL:WHEAT"": 853, ""SELL:WOOL"": 168}",v008_frontier,starter
42,1,193571.0,3504.0,190067.0,win,DONE,DONE,1,719,0,0,0.8839,1.52356,1.7688720000000009,2.4141,2.900104600004852,2,1,"[{""distance"": 0.0, ""mode"": ""frontier"", ""route"": 6, ""step"": 0}, {""distance"": 16.0432, ""mode"": ""frontier"", ""route"": 1, ""step"": 24}, {""distance"": 17.0634, ""mode"": ""frontier"", ""route"": 0, ""step"": 48}, {""distance"": 18.209000000000003, ""mode"": ""frontier"", ""route"": 1, ""step"": 72}, {""distance"": 22.512, ""mode"": ""frontier"", ""route"": 2, ""step"": 96}, {""distance"": 24.513399999999997, ""mode"": ""frontier"", ""route"": 2, ""step"": 120}, {""distance"": 27.0294, ""mode"": ""frontier"", ""route"": 2, ""step"": 144}, {""distance"": 29.0148, ""mode"": ""frontier"", ""route"": 3, ""step"": 168}, {""distance"": 33.5216, ""mode"": ""frontier"", ""route"": 3, ""step"": 192}, {""distance"": 40.309799999999996, ""mode"": ""frontier"", ""route"": 3, ""step"": 216}, {""distance"": 47.2594, ""mode"": ""frontier"", ""route"": 1, ""step"": 240}, {""distance"": 44.5952, ""mode"": ""frontier"", ""route"": 3, ""step"": 264}, {""distance"": 65.7304, ""mode"": ""frontier"", ""route"": 1, ""step"": 288}, {""distance"": 72.5784, ""mode"": ""frontier"", ""route"": 3, ""step"": 312}, {""distance"": 78.02959999999999, ""mode"": ""frontier"", ""route"": 3, ""step"": 336}, {""distance"": 83.44439999999999, ""mode"": ""frontier"", ""route"": 3, ""step"": 360}, {""distance"": 87.32679999999999, ""mode"": ""frontier"", ""route"": 3, ""step"": 384}, {""distance"": 91.77720000000001, ""mode"": ""frontier"", ""route"": 3, ""step"": 408}, {""distance"": 93.494, ""mode"": ""frontier"", ""route"": 1, ""step"": 432}, {""distance"": 95.028, ""mode"": ""frontier"", ""route"": 1, ""step"": 456}, {""distance"": 94.3776, ""mode"": ""frontier"", ""route"": 3, ""step"": 480}, {""distance"": 88.46780000000001, ""mode"": ""frontier"", ""route"": 3, ""step"": 504}, {""distance"": 81.4466, ""mode"": ""frontier"", ""route"": 3, ""step"": 528}, {""distance"": 82.06580000000001, ""mode"": ""frontier"", ""route"": 3, ""step"": 552}, {""distance"": 83.1588, ""mode"": ""frontier"", ""route"": 3, ""step"": 576}, {""distance"": 82.9644, ""mode"": ""frontier"", ""route"": 3, ""step"": 600}, {""distance"": 82.08480000000002, ""mode"": ""frontier"", ""route"": 3, ""step"": 624}, {""distance"": 81.2238, ""mode"": ""frontier"", ""route"": 3, ""step"": 648}, {""distance"": 81.316, ""mode"": ""frontier"", ""route"": 3, ""step"": 672}, {""distance"": 77.4314, ""mode"": ""frontier"", ""route"": 2, ""step"": 696}]","{""0"": 176.0, ""1"": 237.0, ""10"": 3948.0, ""11"": 10432.0, ""12"": 14593.0, ""13"": 16194.0, ""14"": 23928.0, ""15"": 28201.0, ""16"": 31410.0, ""17"": 41287.0, ""18"": 48095.0, ""19"": 55203.0, ""2"": 513.0, ""20"": 69412.0, ""21"": 77111.0, ""22"": 91437.0, ""23"": 102104.0, ""24"": 121776.0, ""25"": 133251.0, ""26"": 150555.0, ""27"": 165328.0, ""28"": 174813.0, ""3"": 760.0, ""4"": 499.0, ""5"": 581.0, ""6"": 1618.0, ""7"": 578.0, ""8"": 895.0, ""9"": 777.0}","{""BUILD_PASTURE"": 14, ""CARE"": 311, ""COLLECT_FERTILIZER"": 326, ""DIG"": 34, ""DROP"": 95, ""EAST"": 791, ""FEED"": 324, ""FERTILIZE"": 90, ""HARVEST"": 302, ""NORTH"": 1223, ""PASS"": 495, ""PICKUP"": 367, ""PLACE"": 21, ""PLANT"": 99, ""SOUTH"": 917, ""WATER"": 791, ""WEST"": 1078}","{""BUY_ANIMAL"": 14, ""BUY_LAND"": 2, ""BUY_PRODUCT"": 324, ""BUY_SEED"": 51, ""HIRE"": 304, ""SELL"": 362}","{""BUY_ANIMAL:COW"": 8, ""BUY_ANIMAL:SHEEP"": 6, ""BUY_PRODUCT:WHEAT"": 1056, ""BUY_SEED:MELON"": 21, ""BUY_SEED:STRAWBERRY"": 44, ""BUY_SEED:WHEAT"": 34, ""SELL:FERTILIZER"": 234, ""SELL:MELON"": 119, ""SELL:MILK"": 230, ""SELL:STRAWBERRY"": 291, ""SELL:WHEAT"": 853, ""SELL:WOOL"": 168}",v008_frontier,starter
2026,0,177965.0,3507.0,174458.0,win,DONE,DONE,1,719,0,0,0.8664,1.53797,1.7130040000000006,2.1583,3.0479742999887094,2,1,"[{""distance"": 0.0, ""mode"": ""frontier"", ""route"": 6, ""step"": 0}, {""distance"": 16.0432, ""mode"": ""frontier"", ""route"": 1, ""step"": 24}, {""distance"": 17.166400000000003, ""mode"": ""frontier"", ""route"": 2, ""step"": 48}, {""distance"": 18.209000000000003, ""mode"": ""frontier"", ""route"": 2, ""step"": 72}, {""distance"": 22.6318, ""mode"": ""frontier"", ""route"": 4, ""step"": 96}, {""distance"": 24.6938, ""mode"": ""frontier"", ""route"": 4, ""step"": 120}, {""distance"": 27.2686, ""mode"": ""frontier"", ""route"": 4, ""step"": 144}, {""distance"": 29.669, ""mode"": ""frontier"", ""route"": 3, ""step"": 168}, {""distance"": 34.178399999999996, ""mode"": ""frontier"", ""route"": 3, ""step"": 192}, {""distance"": 41.473, ""mode"": ""frontier"", ""route"": 3, ""step"": 216}, {""distance"": 48.007, ""mode"": ""frontier"", ""route"": 1, ""step"": 240}, {""distance"": 44.9204, ""mode"": ""frontier"", ""route"": 1, ""step"": 264}, {""distance"": 65.4874, ""mode"": ""frontier"", ""route"": 1, ""step"": 288}, {""distance"": 71.7786, ""mode"": ""frontier"", ""route"": 1, ""step"": 312}, {""distance"": 78.05120000000001, ""mode"": ""frontier"", ""route"": 1, ""step"": 336}, {""distance"": 79.3706, ""mode"": ""frontier"", ""route"": 1, ""step"": 360}, {""distance"": 85.8066, ""mode"": ""frontier"", ""route"": 1, ""step"": 384}, {""distance"": 88.51820000000001, ""mode"": ""frontier"", ""route"": 1, ""step"": 408}, {""distance"": 91.128, ""mode"": ""frontier"", ""route"": 1, ""step"": 432}, {""distance"": 92.64000000000001, ""mode"": ""frontier"", ""route"": 1, ""step"": 456}, {""distance"": 93.2562, ""mode"": ""frontier"", ""route"": 1, ""step"": 480}, {""distance"": 87.514, ""mode"": ""frontier"", ""route"": 1, ""step"": 504}, {""distance"": 78.7894, ""mode"": ""frontier"", ""route"": 1, ""step"": 528}, {""distance"": 79.42360000000001, ""mode"": ""frontier"", ""route"": 2, ""step"": 552}, {""distance"": 80.5522, ""mode"": ""frontier"", ""route"": 2, ""step"": 576}, {""distance"": 79.21360000000001, ""mode"": ""frontier"", ""route"": 2, ""step"": 600}, {""distance"": 78.36900000000001, ""mode"": ""frontier"", ""route"": 2, ""step"": 624}, {""distance"": 76.82459999999999, ""mode"": ""frontier"", ""route"": 2, ""step"": 648}, {""distance"": 77.14099999999999, ""mode"": ""frontier"", ""route"": 2, ""step"": 672}, {""distance"": 70.8592, ""mode"": ""frontier"", ""route"": 2, ""step"": 696}]","{""0"": 176.0, ""1"": 237.0, ""10"": 3726.0, ""11"": 10017.0, ""12"": 13952.0, ""13"": 15108.0, ""14"": 23247.0, ""15"": 27452.0, ""16"": 30314.0, ""17"": 39557.0, ""18"": 45755.0, ""19"": 51612.0, ""2"": 513.0, ""20"": 63811.0, ""21"": 70843.0, ""22"": 83323.0, ""23"": 93023.0, ""24"": 110631.0, ""25"": 122117.0, ""26"": 137968.0, ""27"": 151595.0, ""28"": 159840.0, ""3"": 761.0, ""4"": 503.0, ""5"": 564.0, ""6"": 1691.0, ""7"": 662.0, ""8"": 681.0, ""9"": 645.0}","{""BUILD_PASTURE"": 14, ""CARE"": 311, ""COLLECT_FERTILIZER"": 326, ""DIG"": 34, ""DROP"": 95, ""EAST"": 791, ""FEED"": 324, ""FERTILIZE"": 90, ""HARVEST"": 302, ""NORTH"": 1223, ""PASS"": 495, ""PICKUP"": 367, ""PLACE"": 21, ""PLANT"": 99, ""SOUTH"": 917, ""WATER"": 791, ""WEST"": 1078}","{""BUY_ANIMAL"": 14, ""BUY_LAND"": 2, ""BUY_PRODUCT"": 324, ""BUY_SEED"": 51, ""HIRE"": 304, ""SELL"": 361}","{""BUY_ANIMAL:COW"": 8, ""BUY_ANIMAL:SHEEP"": 6, ""BUY_PRODUCT:WHEAT"": 1056, ""BUY_SEED:MELON"": 21, ""BUY_SEED:STRAWBERRY"": 44, ""BUY_SEED:WHEAT"": 34, ""SELL:FERTILIZER"": 232, ""SELL:MELON"": 119, ""SELL:MILK"": 230, ""SELL:STRAWBERRY"": 291, ""SELL:WHEAT"": 853, ""SELL:WOOL"": 168}",v008_frontier,starter
2026,1,179982.0,3507.0,176475.0,win,DONE,DONE,1,719,0,0,0.8977,1.5686200000000001,1.7509100000000013,2.0399,3.0611084999982268,2,1,"[{""distance"": 0.0, ""mode"": ""frontier"", ""route"": 6, ""step"": 0}, {""distance"": 16.0432, ""mode"": ""frontier"", ""route"": 1, ""step"": 24}, {""distance"": 17.166400000000003, ""mode"": ""frontier"", ""route"": 2, ""step"": 48}, {""distance"": 18.209000000000003, ""mode"": ""frontier"", ""route"": 2, ""step"": 72}, {""distance"": 22.6318, ""mode"": ""frontier"", ""route"": 4, ""step"": 96}, {""distance"": 24.6938, ""mode"": ""frontier"", ""route"": 4, ""step"": 120}, {""distance"": 27.2686, ""mode"": ""frontier"", ""route"": 4, ""step"": 144}, {""distance"": 29.669, ""mode"": ""frontier"", ""route"": 3, ""step"": 168}, {""distance"": 34.178399999999996, ""mode"": ""frontier"", ""route"": 3, ""step"": 192}, {""distance"": 41.473, ""mode"": ""frontier"", ""route"": 3, ""step"": 216}, {""distance"": 48.007, ""mode"": ""frontier"", ""route"": 1, ""step"": 240}, {""distance"": 45.9204, ""mode"": ""frontier"", ""route"": 1, ""step"": 264}, {""distance"": 66.9874, ""mode"": ""frontier"", ""route"": 1, ""step"": 288}, {""distance"": 74.82419999999999, ""mode"": ""frontier"", ""route"": 3, ""step"": 312}, {""distance"": 79.59479999999999, ""mode"": ""frontier"", ""route"": 3, ""step"": 336}, {""distance"": 82.8706, ""mode"": ""frontier"", ""route"": 1, ""step"": 360}, {""distance"": 87.3066, ""mode"": ""frontier"", ""route"": 1, ""step"": 384}, {""distance"": 90.2704, ""mode"": ""frontier"", ""route"": 1, ""step"": 408}, {""distance"": 92.0394, ""mode"": ""frontier"", ""route"": 1, ""step"": 432}, {""distance"": 93.63340000000001, ""mode"": ""frontier"", ""route"": 1, ""step"": 456}, {""distance"": 94.321, ""mode"": ""frontier"", ""route"": 3, ""step"": 480}, {""distance"": 87.6332, ""mode"": ""frontier"", ""route"": 3, ""step"": 504}, {""distance"": 79.5466, ""mode"": ""frontier"", ""route"": 3, ""step"": 528}, {""distance"": 78.90020000000001, ""mode"": ""frontier"", ""route"": 3, ""step"": 552}, {""distance"": 81.2002, ""mode"": ""frontier"", ""route"": 3, ""step"": 576}, {""distance"": 79.8108, ""mode"": ""frontier"", ""route"": 2, ""step"": 600}, {""distance"": 80.42980000000001, ""mode"": ""frontier"", ""route"": 3, ""step"": 624}, {""distance"": 79.12519999999999, ""mode"": ""frontier"", ""route"": 3, ""step"": 648}, {""distance"": 79.04780000000001, ""mode"": ""frontier"", ""route"": 3, ""step"": 672}, {""distance"": 74.64359999999999, ""mode"": ""frontier"", ""route"": 2, ""step"": 696}]","{""0"": 176.0, ""1"": 237.0, ""10"": 3726.0, ""11"": 10017.0, ""12"": 13952.0, ""13"": 15108.0, ""14"": 23247.0, ""15"": 27452.0, ""16"": 30375.0, ""17"": 39814.0, ""18"": 46122.0, ""19"": 52320.0, ""2"": 513.0, ""20"": 65239.0, ""21"": 72472.0, ""22"": 85429.0, ""23"": 94747.0, ""24"": 112717.0, ""25"": 123676.0, ""26"": 139880.0, ""27"": 153690.0, ""28"": 162262.0, ""3"": 761.0, ""4"": 503.0, ""5"": 564.0, ""6"": 1691.0, ""7"": 662.0, ""8"": 681.0, ""9"": 645.0}","{""BUILD_PASTURE"": 14, ""CARE"": 311, ""COLLECT_FERTILIZER"": 326, ""DIG"": 34, ""DROP"": 95, ""EAST"": 791, ""FEED"": 324, ""FERTILIZE"": 90, ""HARVEST"": 302, ""NORTH"": 1223, ""PASS"": 495, ""PICKUP"": 367, ""PLACE"": 21, ""PLANT"": 99, ""SOUTH"": 917, ""WATER"": 791, ""WEST"": 1078}","{""BUY_ANIMAL"": 14, ""BUY_LAND"": 2, ""BUY_PRODUCT"": 324, ""BUY_SEED"": 51, ""HIRE"": 304, ""SELL"": 362}","{""BUY_ANIMAL:COW"": 8, ""BUY_ANIMAL:SHEEP"": 6, ""BUY_PRODUCT:WHEAT"": 1056, ""BUY_SEED:MELON"": 21, ""BUY_SEED:STRAWBERRY"": 44, ""BUY_SEED:WHEAT"": 34, ""SELL:FERTILIZER"": 234, ""SELL:MELON"": 119, ""SELL:MILK"": 230, ""SELL:STRAWBERRY"": 291, ""SELL:WHEAT"": 853, ""SELL:WOOL"": 168}",v008_frontier,starter
17,0,162260.0,0.0,162260.0,win,DONE,DONE,1,719,0,0,0.9097,1.5494700000000001,1.7990040000000003,2.7296,3.1901017999916803,2,1,"[{""distance"": 0.0, ""mode"": ""frontier"", ""route"": 6, ""step"": 0}, {""distance"": 15.643199999999998, ""mode"": ""frontier"", ""route"": 1, ""step"": 24}, {""distance"": 16.1634, ""mode"": ""frontier"", ""route"": 0, ""step"": 48}, {""distance"": 19.385600000000004, ""mode"": ""frontier"", ""route"": 0, ""step"": 72}, {""distance"": 23.7884, ""mode"": ""frontier"", ""route"": 0, ""step"": 96}, {""distance"": 24.7614, ""mode"": ""frontier"", ""route"": 7, ""step"": 120}, {""distance"": 29.5686, ""mode"": ""frontier"", ""route"": 4, ""step"": 144}, {""distance"": 31.009800000000002, ""mode"": ""frontier"", ""route"": 3, ""step"": 168}, {""distance"": 35.6806, ""mode"": ""frontier"", ""route"": 3, ""step"": 192}, {""distance"": 47.9234, ""mode"": ""frontier"", ""route"": 1, ""step"": 216}, {""distance"": 53.7636, ""mode"": ""frontier"", ""route"": 1, ""step"": 240}, {""distance"": 49.2104, ""mode"": ""frontier"", ""route"": 0, ""step"": 264}, {""distance"": 73.6186, ""mode"": ""frontier"", ""route"": 1, ""step"": 288}, {""distance"": 78.4324, ""mode"": ""frontier"", ""route"": 1, ""step"": 312}, {""distance"": 85.29220000000001, ""mode"": ""frontier"", ""route"": 1, ""step"": 336}, {""distance"": 85.3408, ""mode"": ""frontier"", ""route"": 1, ""step"": 360}, {""distance"": 91.2604, ""mode"": ""frontier"", ""route"": 1, ""step"": 384}, {""distance"": 95.2106, ""mode"": ""frontier"", ""route"": 1, ""step"": 408}, {""distance"": 96.1688, ""mode"": ""frontier"", ""route"": 1, ""step"": 432}, {""distance"": 97.4706, ""mode"": ""frontier"", ""route"": 5, ""step"": 456}, {""distance"": 99.31539999999998, ""mode"": ""frontier"", ""route"": 1, ""step"": 480}, {""distance"": 94.94839999999999, ""mode"": ""frontier"", ""route"": 1, ""step"": 504}, {""distance"": 91.03399999999999, ""mode"": ""frontier"", ""route"": 1, ""step"": 528}, {""distance"": 92.5818, ""mode"": ""frontier"", ""route"": 3, ""step"": 552}, {""distance"": 94.29159999999999, ""mode"": ""frontier"", ""route"": 1, ""step"": 576}, {""distance"": 90.9776, ""mode"": ""frontier"", ""route"": 2, ""step"": 600}, {""distance"": 91.25959999999999, ""mode"": ""frontier"", ""route"": 2, ""step"": 624}, {""distance"": 87.31360000000001, ""mode"": ""frontier"", ""route"": 2, ""step"": 648}, {""distance"": 87.752, ""mode"": ""frontier"", ""route"": 2, ""step"": 672}, {""distance"": 84.0072, ""mode"": ""frontier"", ""route"": 2, ""step"": 696}]","{""0"": 176.0, ""1"": 237.0, ""10"": 3484.0, ""11"": 8485.0, ""12"": 12586.0, ""13"": 13999.0, ""14"": 22298.0, ""15"": 25517.0, ""16"": 28676.0, ""17"": 37361.0, ""18"": 43231.0, ""19"": 49208.0, ""2"": 513.0, ""20"": 60683.0, ""21"": 67446.0, ""22"": 79154.0, ""23"": 87605.0, ""24"": 100757.0, ""25"": 110774.0, ""26"": 124170.0, ""27"": 137008.0, ""28"": 144888.0, ""3"": 761.0, ""4"": 503.0, ""5"": 564.0, ""6"": 1595.0, ""7"": 473.0, ""8"": 493.0, ""9"": 362.0}","{""BUILD_PASTURE"": 14, ""CARE"": 311, ""COLLECT_FERTILIZER"": 326, ""DIG"": 34, ""DROP"": 95, ""EAST"": 791, ""FEED"": 324, ""FERTILIZE"": 90, ""HARVEST"": 302, ""NORTH"": 1223, ""PASS"": 495, ""PICKUP"": 367, ""PLACE"": 21, ""PLANT"": 99, ""SOUTH"": 917, ""WATER"": 791, ""WEST"": 1078}","{""BUY_ANIMAL"": 14, ""BUY_LAND"": 2, ""BUY_PRODUCT"": 324, ""BUY_SEED"": 51, ""HIRE"": 304, ""SELL"": 362}","{""BUY_ANIMAL:COW"": 8, ""BUY_ANIMAL:SHEEP"": 6, ""BUY_PRODUCT:WHEAT"": 1056, ""BUY_SEED:MELON"": 21, ""BUY_SEED:STRAWBERRY"": 44, ""BUY_SEED:WHEAT"": 34, ""SELL:FERTILIZER"": 232, ""SELL:MELON"": 119, ""SELL:MILK"": 230, ""SELL:STRAWBERRY"": 291, ""SELL:WHEAT"": 877, ""SELL:WOOL"": 168}",v008_frontier,random
17,1,182695.0,0.0,182695.0,win,DONE,DONE,1,719,0,0,0.9074,1.55334,1.785114,2.1774,2.9653370000014547,2,1,"[{""distance"": 0.0, ""mode"": ""frontier"", ""route"": 6, ""step"": 0}, {""distance"": 15.643199999999998, ""mode"": ""frontier"", ""route"": 1, ""step"": 24}, {""distance"": 16.663400000000003, ""mode"": ""frontier"", ""route"": 0, ""step"": 48}, {""distance"": 17.909000000000002, ""mode"": ""frontier"", ""route"": 1, ""step"": 72}, {""distance"": 22.2318, ""mode"": ""frontier"", ""route"": 4, ""step"": 96}, {""distance"": 24.293799999999997, ""mode"": ""frontier"", ""route"": 4, ""step"": 120}, {""distance"": 26.968600000000002, ""mode"": ""frontier"", ""route"": 4, ""step"": 144}, {""distance"": 29.149, ""mode"": ""frontier"", ""route"": 3, ""step"": 168}, {""distance"": 33.5584, ""mode"": ""frontier"", ""route"": 3, ""step"": 192}, {""distance"": 41.9094, ""mode"": ""frontier"", ""route"": 3, ""step"": 216}, {""distance"": 47.4354, ""mode"": ""frontier"", ""route"": 1, ""step"": 240}, {""distance"": 43.9018, ""mode"": ""frontier"", ""route"": 1, ""step"": 264}, {""distance"": 66.9204, ""mode"": ""frontier"", ""route"": 1, ""step"": 288}, {""distance"": 71.59299999999999, ""mode"": ""frontier"", ""route"": 1, ""step"": 312}, {""distance"": 76.5876, ""mode"": ""frontier"", ""route"": 1, ""step"": 336}, {""distance"": 79.44120000000001, ""mode"": ""frontier"", ""route"": 1, ""step"": 360}, {""distance"": 86.1542, ""mode"": ""frontier"", ""route"": 1, ""step"": 384}, {""distance"": 89.1442, ""mode"": ""frontier"", ""route"": 1, ""step"": 408}, {""distance"": 91.918, ""mode"": ""frontier"", ""route"": 1, ""step"": 432}, {""distance"": 93.1114, ""mode"": ""frontier"", ""route"": 5, ""step"": 456}, {""distance"": 94.197, ""mode"": ""frontier"", ""route"": 1, ""step"": 480}, {""distance"": 88.9038, ""mode"": ""frontier"", ""route"": 1, ""step"": 504}, {""distance"": 84.9234, ""mode"": ""frontier"", ""route"": 1, ""step"": 528}, {""distance"": 86.0716, ""mode"": ""frontier"", ""route"": 2, ""step"": 552}, {""distance"": 86.9314, ""mode"": ""frontier"", ""route"": 2, ""step"": 576}, {""distance"": 85.1244, ""mode"": ""frontier"", ""route"": 2, ""step"": 600}, {""distance"": 85.1086, ""mode"": ""frontier"", ""route"": 2, ""step"": 624}, {""distance"": 83.688, ""mode"": ""frontier"", ""route"": 2, ""step"": 648}, {""distance"": 83.89020000000001, ""mode"": ""frontier"", ""route"": 2, ""step"": 672}, {""distance"": 78.6686, ""mode"": ""frontier"", ""route"": 2, ""step"": 696}]","{""0"": 176.0, ""1"": 237.0, ""10"": 4133.0, ""11"": 10682.0, ""12"": 14823.0, ""13"": 16293.0, ""14"": 24600.0, ""15"": 28890.0, ""16"": 32044.0, ""17"": 41807.0, ""18"": 48135.0, ""19"": 54516.0, ""2"": 513.0, ""20"": 67660.0, ""21"": 74839.0, ""22"": 87775.0, ""23"": 97349.0, ""24"": 115085.0, ""25"": 126115.0, ""26"": 142237.0, ""27"": 155901.0, ""28"": 164491.0, ""3"": 761.0, ""4"": 503.0, ""5"": 564.0, ""6"": 1691.0, ""7"": 662.0, ""8"": 993.0, ""9"": 957.0}","{""BUILD_PASTURE"": 14, ""CARE"": 311, ""COLLECT_FERTILIZER"": 326, ""DIG"": 34, ""DROP"": 95, ""EAST"": 791, ""FEED"": 324, ""FERTILIZE"": 90, ""HARVEST"": 302, ""NORTH"": 1223, ""PASS"": 495, ""PICKUP"": 367, ""PLACE"": 21, ""PLANT"": 99, ""SOUTH"": 917, ""WATER"": 791, ""WEST"": 1078}","{""BUY_ANIMAL"": 14, ""BUY_LAND"": 2, ""BUY_PRODUCT"": 324, ""BUY_SEED"": 51, ""HIRE"": 304, ""SELL"": 361}","{""BUY_ANIMAL:COW"": 8, ""BUY_ANIMAL:SHEEP"": 6, ""BUY_PRODUCT:WHEAT"": 1056, ""BUY_SEED:MELON"": 21, ""BUY_SEED:STRAWBERRY"": 44, ""BUY_SEED:WHEAT"": 34, ""SELL:FERTILIZER"": 232, ""SELL:MELON"": 119, ""SELL:MILK"": 230, ""SELL:STRAWBERRY"": 291, ""SELL:WHEAT"": 853, ""SELL:WOOL"": 168}",v008_frontier,random
42,0,182997.0,0.0,182997.0,win,DONE,DONE,1,719,0,0,0.883,1.63251,1.9040220000000014,2.5589,3.1379387000051793,2,1,"[{""distance"": 0.0, ""mode"": ""frontier"", ""route"": 6, ""step"": 0}, {""distance"": 16.0432, ""mode"": ""frontier"", ""route"": 1, ""step"": 24}, {""distance"": 17.0634, ""mode"": ""frontier"", ""route"": 0, ""step"": 48}, {""distance"": 17.909000000000002, ""mode"": ""frontier"", ""route"": 1, ""step"": 72}, {""distance"": 22.1116, ""mode"": ""frontier"", ""route"": 4, ""step"": 96}, {""distance"": 24.093, ""mode"": ""frontier"", ""route"": 4, ""step"": 120}, {""distance"": 26.752000000000002, ""mode"": ""frontier"", ""route"": 4, ""step"": 144}, {""distance"": 28.934800000000003, ""mode"": ""frontier"", ""route"": 3, ""step"": 168}, {""distance"": 33.4416, ""mode"": ""frontier"", ""route"": 3, ""step"": 192}, {""distance"": 41.867000000000004, ""mode"": ""frontier"", ""route"": 1, ""step"": 216}, {""distance"": 46.863, ""mode"": ""frontier"", ""route"": 1, ""step"": 240}, {""distance"": 44.7884, ""mode"": ""frontier"", ""route"": 1, ""step"": 264}, {""distance"": 67.2428, ""mode"": ""frontier"", ""route"": 1, ""step"": 288}, {""distance"": 71.48159999999999, ""mode"": ""frontier"", ""route"": 3, ""step"": 312}, {""distance"": 76.8214, ""mode"": ""frontier"", ""route"": 3, ""step"": 336}, {""distance"": 80.0984, ""mode"": ""frontier"", ""route"": 1, ""step"": 360}, {""distance"": 86.93480000000001, ""mode"": ""frontier"", ""route"": 1, ""step"": 384}, {""distance"": 89.9938, ""mode"": ""frontier"", ""route"": 1, ""step"": 408}, {""distance"": 91.9734, ""mode"": ""frontier"", ""route"": 1, ""step"": 432}, {""distance"": 93.5408, ""mode"": ""frontier"", ""route"": 1, ""step"": 456}, {""distance"": 92.78519999999999, ""mode"": ""frontier"", ""route"": 3, ""step"": 480}, {""distance"": 86.8654, ""mode"": ""frontier"", ""route"": 3, ""step"": 504}, {""distance"": 81.1198, ""mode"": ""frontier"", ""route"": 3, ""step"": 528}, {""distance"": 81.9696, ""mode"": ""frontier"", ""route"": 3, ""step"": 552}, {""distance"": 85.0546, ""mode"": ""frontier"", ""route"": 3, ""step"": 576}, {""distance"": 85.8822, ""mode"": ""frontier"", ""route"": 3, ""step"": 600}, {""distance"": 84.31099999999999, ""mode"": ""frontier"", ""route"": 3, ""step"": 624}, {""distance"": 83.9504, ""mode"": ""frontier"", ""route"": 3, ""step"": 648}, {""distance"": 82.816, ""mode"": ""frontier"", ""route"": 3, ""step"": 672}, {""distance"": 79.23479999999999, ""mode"": ""frontier"", ""route"": 2, ""step"": 696}]","{""0"": 176.0, ""1"": 237.0, ""10"": 3566.0, ""11"": 9894.0, ""12"": 13914.0, ""13"": 15252.0, ""14"": 23186.0, ""15"": 27393.0, ""16"": 30392.0, ""17"": 39884.0, ""18"": 46259.0, ""19"": 52741.0, ""2"": 513.0, ""20"": 66100.0, ""21"": 73427.0, ""22"": 86805.0, ""23"": 96730.0, ""24"": 115065.0, ""25"": 125682.0, ""26"": 142138.0, ""27"": 156171.0, ""28"": 165026.0, ""3"": 760.0, ""4"": 499.0, ""5"": 581.0, ""6"": 1618.0, ""7"": 578.0, ""8"": 583.0, ""9"": 465.0}","{""BUILD_PASTURE"": 14, ""CARE"": 311, ""COLLECT_FERTILIZER"": 326, ""DIG"": 34, ""DROP"": 95, ""EAST"": 791, ""FEED"": 324, ""FERTILIZE"": 90, ""HARVEST"": 302, ""NORTH"": 1223, ""PASS"": 495, ""PICKUP"": 367, ""PLACE"": 21, ""PLANT"": 99, ""SOUTH"": 917, ""WATER"": 791, ""WEST"": 1078}","{""BUY_ANIMAL"": 14, ""BUY_LAND"": 2, ""BUY_PRODUCT"": 324, ""BUY_SEED"": 51, ""HIRE"": 304, ""SELL"": 362}","{""BUY_ANIMAL:COW"": 8, ""BUY_ANIMAL:SHEEP"": 6, ""BUY_PRODUCT:WHEAT"": 1056, ""BUY_SEED:MELON"": 21, ""BUY_SEED:STRAWBERRY"": 44, ""BUY_SEED:WHEAT"": 34, ""SELL:FERTILIZER"": 234, ""SELL:MELON"": 119, ""SELL:MILK"": 230, ""SELL:STRAWBERRY"": 291, ""SELL:WHEAT"": 853, ""SELL:WOOL"": 168}",v008_frontier,random
42,1,198326.0,0.0,198326.0,win,DONE,DONE,1,719,0,0,0.9094,1.6626800000000006,2.0843180000000054,177.1894,3.25767559997621,2,1,"[{""distance"": 0.0, ""mode"": ""frontier"", ""route"": 6, ""step"": 0}, {""distance"": 16.1432, ""mode"": ""frontier"", ""route"": 1, ""step"": 24}, {""distance"": 17.5634, ""mode"": ""frontier"", ""route"": 0, ""step"": 48}, {""distance"": 18.809, ""mode"": ""frontier"", ""route"": 1, ""step"": 72}, {""distance"": 21.0916, ""mode"": ""frontier"", ""route"": 3, ""step"": 96}, {""distance"": 23.073, ""mode"": ""frontier"", ""route"": 3, ""step"": 120}, {""distance"": 25.712000000000003, ""mode"": ""frontier"", ""route"": 3, ""step"": 144}, {""distance"": 27.375, ""mode"": ""frontier"", ""route"": 3, ""step"": 168}, {""distance"": 31.962400000000002, ""mode"": ""frontier"", ""route"": 3, ""step"": 192}, {""distance"": 43.6142, ""mode"": ""frontier"", ""route"": 3, ""step"": 216}, {""distance"": 48.8048, ""mode"": ""frontier"", ""route"": 1, ""step"": 240}, {""distance"": 46.0274, ""mode"": ""frontier"", ""route"": 1, ""step"": 264}, {""distance"": 71.26520000000001, ""mode"": ""frontier"", ""route"": 1, ""step"": 288}, {""distance"": 77.5996, ""mode"": ""frontier"", ""route"": 1, ""step"": 312}, {""distance"": 80.8498, ""mode"": ""frontier"", ""route"": 3, ""step"": 336}, {""distance"": 82.4388, ""mode"": ""frontier"", ""route"": 3, ""step"": 360}, {""distance"": 89.3272, ""mode"": ""frontier"", ""route"": 1, ""step"": 384}, {""distance"": 92.515, ""mode"": ""frontier"", ""route"": 1, ""step"": 408}, {""distance"": 94.1636, ""mode"": ""frontier"", ""route"": 1, ""step"": 432}, {""distance"": 95.7788, ""mode"": ""frontier"", ""route"": 1, ""step"": 456}, {""distance"": 97.2796, ""mode"": ""frontier"", ""route"": 3, ""step"": 480}, {""distance"": 93.095, ""mode"": ""frontier"", ""route"": 3, ""step"": 504}, {""distance"": 89.16439999999999, ""mode"": ""frontier"", ""route"": 3, ""step"": 528}, {""distance"": 90.40639999999999, ""mode"": ""frontier"", ""route"": 3, ""step"": 552}, {""distance"": 93.261, ""mode"": ""frontier"", ""route"": 2, ""step"": 576}, {""distance"": 91.97059999999999, ""mode"": ""frontier"", ""route"": 2, ""step"": 600}, {""distance"": 91.9416, ""mode"": ""frontier"", ""route"": 3, ""step"": 624}, {""distance"": 91.55160000000001, ""mode"": ""frontier"", ""route"": 2, ""step"": 648}, {""distance"": 90.9316, ""mode"": ""frontier"", ""route"": 6, ""step"": 672}, {""distance"": 87.27779999999998, ""mode"": ""frontier"", ""route"": 2, ""step"": 696}]","{""0"": 176.0, ""1"": 237.0, ""10"": 4461.0, ""11"": 11106.0, ""12"": 15437.0, ""13"": 17291.0, ""14"": 25600.0, ""15"": 30055.0, ""16"": 33598.0, ""17"": 44035.0, ""18"": 50949.0, ""19"": 58413.0, ""2"": 513.0, ""20"": 73148.0, ""21"": 80928.0, ""22"": 95493.0, ""23"": 106059.0, ""24"": 125816.0, ""25"": 137535.0, ""26"": 155104.0, ""27"": 169438.0, ""28"": 179237.0, ""3"": 760.0, ""4"": 499.0, ""5"": 581.0, ""6"": 1620.0, ""7"": 582.0, ""8"": 1317.0, ""9"": 1204.0}","{""BUILD_PASTURE"": 14, ""CARE"": 311, ""COLLECT_FERTILIZER"": 326, ""DIG"": 34, ""DROP"": 95, ""EAST"": 791, ""FEED"": 324, ""FERTILIZE"": 90, ""HARVEST"": 302, ""NORTH"": 1223, ""PASS"": 495, ""PICKUP"": 367, ""PLACE"": 21, ""PLANT"": 99, ""SOUTH"": 917, ""WATER"": 791, ""WEST"": 1078}","{""BUY_ANIMAL"": 14, ""BUY_LAND"": 2, ""BUY_PRODUCT"": 324, ""BUY_SEED"": 51, ""HIRE"": 304, ""SELL"": 362}","{""BUY_ANIMAL:COW"": 8, ""BUY_ANIMAL:SHEEP"": 6, ""BUY_PRODUCT:WHEAT"": 1056, ""BUY_SEED:MELON"": 21, ""BUY_SEED:STRAWBERRY"": 44, ""BUY_SEED:WHEAT"": 34, ""SELL:FERTILIZER"": 233, ""SELL:MELON"": 119, ""SELL:MILK"": 230, ""SELL:STRAWBERRY"": 291, ""SELL:WHEAT"": 853, ""SELL:WOOL"": 168}",v008_frontier,random
2026,0,193891.0,0.0,193891.0,win,DONE,DONE,1,719,0,0,0.9702,1.70991,2.0373220000000005,2.2299,3.399878500000341,2,1,"[{""distance"": 0.0, ""mode"": ""frontier"", ""route"": 6, ""step"": 0}, {""distance"": 15.643199999999998, ""mode"": ""frontier"", ""route"": 1, ""step"": 24}, {""distance"": 16.663400000000003, ""mode"": ""frontier"", ""route"": 0, ""step"": 48}, {""distance"": 17.909000000000002, ""mode"": ""frontier"", ""route"": 1, ""step"": 72}, {""distance"": 21.452, ""mode"": ""frontier"", ""route"": 2, ""step"": 96}, {""distance"": 23.4534, ""mode"": ""frontier"", ""route"": 2, ""step"": 120}, {""distance"": 26.2294, ""mode"": ""frontier"", ""route"": 2, ""step"": 144}, {""distance"": 28.015, ""mode"": ""frontier"", ""route"": 3, ""step"": 168}, {""distance"": 33.1224, ""mode"": ""frontier"", ""route"": 3, ""step"": 192}, {""distance"": 43.5316, ""mode"": ""frontier"", ""route"": 3, ""step"": 216}, {""distance"": 50.0822, ""mode"": ""frontier"", ""route"": 1, ""step"": 240}, {""distance"": 45.8898, ""mode"": ""frontier"", ""route"": 1, ""step"": 264}, {""distance"": 70.6764, ""mode"": ""frontier"", ""route"": 1, ""step"": 288}, {""distance"": 76.11779999999999, ""mode"": ""frontier"", ""route"": 1, ""step"": 312}, {""distance"": 81.3018, ""mode"": ""frontier"", ""route"": 1, ""step"": 336}, {""distance"": 82.0124, ""mode"": ""frontier"", ""route"": 1, ""step"": 360}, {""distance"": 87.36260000000001, ""mode"": ""frontier"", ""route"": 1, ""step"": 384}, {""distance"": 90.4864, ""mode"": ""frontier"", ""route"": 1, ""step"": 408}, {""distance"": 92.09920000000001, ""mode"": ""frontier"", ""route"": 5, ""step"": 432}, {""distance"": 93.0292, ""mode"": ""frontier"", ""route"": 5, ""step"": 456}, {""distance"": 95.0778, ""mode"": ""frontier"", ""route"": 5, ""step"": 480}, {""distance"": 91.9496, ""mode"": ""frontier"", ""route"": 3, ""step"": 504}, {""distance"": 86.4166, ""mode"": ""frontier"", ""route"": 3, ""step"": 528}, {""distance"": 88.9902, ""mode"": ""frontier"", ""route"": 3, ""step"": 552}, {""distance"": 90.9142, ""mode"": ""frontier"", ""route"": 2, ""step"": 576}, {""distance"": 89.2534, ""mode"": ""frontier"", ""route"": 2, ""step"": 600}, {""distance"": 88.2896, ""mode"": ""frontier"", ""route"": 2, ""step"": 624}, {""distance"": 86.7748, ""mode"": ""frontier"", ""route"": 2, ""step"": 648}, {""distance"": 87.3162, ""mode"": ""frontier"", ""route"": 2, ""step"": 672}, {""distance"": 81.29119999999999, ""mode"": ""frontier"", ""route"": 2, ""step"": 696}]","{""0"": 176.0, ""1"": 237.0, ""10"": 3973.0, ""11"": 10462.0, ""12"": 14628.0, ""13"": 16269.0, ""14"": 24056.0, ""15"": 28332.0, ""16"": 31555.0, ""17"": 41092.0, ""18"": 47624.0, ""19"": 54982.0, ""2"": 513.0, ""20"": 69021.0, ""21"": 76061.0, ""22"": 90705.0, ""23"": 100867.0, ""24"": 120030.0, ""25"": 132620.0, ""26"": 149804.0, ""27"": 164676.0, ""28"": 174412.0, ""3"": 760.0, ""4"": 499.0, ""5"": 581.0, ""6"": 1620.0, ""7"": 582.0, ""8"": 904.0, ""9"": 791.0}","{""BUILD_PASTURE"": 14, ""CARE"": 311, ""COLLECT_FERTILIZER"": 326, ""DIG"": 34, ""DROP"": 95, ""EAST"": 791, ""FEED"": 324, ""FERTILIZE"": 90, ""HARVEST"": 302, ""NORTH"": 1223, ""PASS"": 495, ""PICKUP"": 367, ""PLACE"": 21, ""PLANT"": 99, ""SOUTH"": 917, ""WATER"": 791, ""WEST"": 1078}","{""BUY_ANIMAL"": 14, ""BUY_LAND"": 2, ""BUY_PRODUCT"": 324, ""BUY_SEED"": 51, ""HIRE"": 304, ""SELL"": 361}","{""BUY_ANIMAL:COW"": 8, ""BUY_ANIMAL:SHEEP"": 6, ""BUY_PRODUCT:WHEAT"": 1056, ""BUY_SEED:MELON"": 21, ""BUY_SEED:STRAWBERRY"": 44, ""BUY_SEED:WHEAT"": 34, ""SELL:FERTILIZER"": 232, ""SELL:MELON"": 119, ""SELL:MILK"": 230, ""SELL:STRAWBERRY"": 291, ""SELL:WHEAT"": 853, ""SELL:WOOL"": 168}",v008_frontier,random
2026,1,183863.0,0.0,183863.0,win,DONE,DONE,1,719,0,0,0.9517,1.6685800000000002,1.9949420000000007,2.3164,3.383488599996781,2,1,"[{""distance"": 0.0, ""mode"": ""frontier"", ""route"": 6, ""step"": 0}, {""distance"": 15.643199999999998, ""mode"": ""frontier"", ""route"": 1, ""step"": 24}, {""distance"": 16.663400000000003, ""mode"": ""frontier"", ""route"": 0, ""step"": 48}, {""distance"": 17.909000000000002, ""mode"": ""frontier"", ""route"": 1, ""step"": 72}, {""distance"": 22.152, ""mode"": ""frontier"", ""route"": 2, ""step"": 96}, {""distance"": 24.153399999999998, ""mode"": ""frontier"", ""route"": 2, ""step"": 120}, {""distance"": 27.2294, ""mode"": ""frontier"", ""route"": 2, ""step"": 144}, {""distance"": 29.015, ""mode"": ""frontier"", ""route"": 3, ""step"": 168}, {""distance"": 33.1224, ""mode"": ""frontier"", ""route"": 3, ""step"": 192}, {""distance"": 41.5316, ""mode"": ""frontier"", ""route"": 3, ""step"": 216}, {""distance"": 46.562200000000004, ""mode"": ""frontier"", ""route"": 1, ""step"": 240}, {""distance"": 44.8252, ""mode"": ""frontier"", ""route"": 1, ""step"": 264}, {""distance"": 67.9014, ""mode"": ""frontier"", ""route"": 1, ""step"": 288}, {""distance"": 72.2096, ""mode"": ""frontier"", ""route"": 3, ""step"": 312}, {""distance"": 77.0756, ""mode"": ""frontier"", ""route"": 3, ""step"": 336}, {""distance"": 80.4884, ""mode"": ""frontier"", ""route"": 3, ""step"": 360}, {""distance"": 86.9146, ""mode"": ""frontier"", ""route"": 3, ""step"": 384}, {""distance"": 91.19619999999999, ""mode"": ""frontier"", ""route"": 1, ""step"": 408}, {""distance"": 92.736, ""mode"": ""frontier"", ""route"": 5, ""step"": 432}, {""distance"": 93.4908, ""mode"": ""frontier"", ""route"": 5, ""step"": 456}, {""distance"": 92.0172, ""mode"": ""frontier"", ""route"": 3, ""step"": 480}, {""distance"": 86.30879999999999, ""mode"": ""frontier"", ""route"": 3, ""step"": 504}, {""distance"": 83.8192, ""mode"": ""frontier"", ""route"": 3, ""step"": 528}, {""distance"": 85.22, ""mode"": ""frontier"", ""route"": 3, ""step"": 552}, {""distance"": 88.39159999999998, ""mode"": ""frontier"", ""route"": 2, ""step"": 576}, {""distance"": 87.3192, ""mode"": ""frontier"", ""route"": 2, ""step"": 600}, {""distance"": 87.53779999999999, ""mode"": ""frontier"", ""route"": 3, ""step"": 624}, {""distance"": 86.1914, ""mode"": ""frontier"", ""route"": 6, ""step"": 648}, {""distance"": 84.8588, ""mode"": ""frontier"", ""route"": 6, ""step"": 672}, {""distance"": 82.4354, ""mode"": ""frontier"", ""route"": 6, ""step"": 696}]","{""0"": 176.0, ""1"": 237.0, ""10"": 3950.0, ""11"": 10387.0, ""12"": 14459.0, ""13"": 15920.0, ""14"": 23548.0, ""15"": 27740.0, ""16"": 30704.0, ""17"": 39776.0, ""18"": 46032.0, ""19"": 52801.0, ""2"": 513.0, ""20"": 65917.0, ""21"": 72695.0, ""22"": 86414.0, ""23"": 96480.0, ""24"": 114559.0, ""25"": 126616.0, ""26"": 143091.0, ""27"": 156811.0, ""28"": 165779.0, ""3"": 760.0, ""4"": 499.0, ""5"": 581.0, ""6"": 1620.0, ""7"": 582.0, ""8"": 904.0, ""9"": 791.0}","{""BUILD_PASTURE"": 14, ""CARE"": 311, ""COLLECT_FERTILIZER"": 326, ""DIG"": 34, ""DROP"": 95, ""EAST"": 791, ""FEED"": 324, ""FERTILIZE"": 90, ""HARVEST"": 302, ""NORTH"": 1223, ""PASS"": 495, ""PICKUP"": 367, ""PLACE"": 21, ""PLANT"": 99, ""SOUTH"": 917, ""WATER"": 791, ""WEST"": 1078}","{""BUY_ANIMAL"": 14, ""BUY_LAND"": 2, ""BUY_PRODUCT"": 324, ""BUY_SEED"": 51, ""HIRE"": 304, ""SELL"": 363}","{""BUY_ANIMAL:COW"": 8, ""BUY_ANIMAL:SHEEP"": 6, ""BUY_PRODUCT:WHEAT"": 1056, ""BUY_SEED:MELON"": 21, ""BUY_SEED:STRAWBERRY"": 44, ""BUY_SEED:WHEAT"": 34, ""SELL:FERTILIZER"": 238, ""SELL:MELON"": 119, ""SELL:MILK"": 230, ""SELL:STRAWBERRY"": 291, ""SELL:WHEAT"": 853, ""SELL:WOOL"": 168}",v008_frontier,random
17,0,130025.0,140413.0,-10388.0,loss,DONE,DONE,1,719,0,0,0.9493,1.54933,1.7362260000000005,2.1642,4.3402010000136215,2,1,"[{""distance"": 0.0, ""mode"": ""frontier"", ""route"": 6, ""step"": 0}, {""distance"": 0.020400000000000015, ""mode"": ""frontier"", ""route"": 6, ""step"": 24}, {""distance"": 1.001, ""mode"": ""frontier"", ""route"": 6, ""step"": 48}, {""distance"": 1.0213999999999999, ""mode"": ""frontier"", ""route"": 6, ""step"": 72}, {""distance"": 0.021800000000000014, ""mode"": ""frontier"", ""route"": 7, ""step"": 96}, {""distance"": 3.0623999999999993, ""mode"": ""frontier"", ""route"": 5, ""step"": 120}, {""distance"": 5.8622000000000005, ""mode"": ""frontier"", ""route"": 5, ""step"": 144}, {""distance"": 6.1394, ""mode"": ""frontier"", ""route"": 5, ""step"": 168}, {""distance"": 4.879599999999999, ""mode"": ""frontier"", ""route"": 5, ""step"": 192}, {""distance"": 8.4324, ""mode"": ""frontier"", ""route"": 5, ""step"": 216}, {""distance"": 6.049199999999999, ""mode"": ""frontier"", ""route"": 5, ""step"": 240}, {""distance"": 16.671400000000002, ""mode"": ""frontier"", ""route"": 5, ""step"": 264}, {""distance"": 12.988399999999999, ""mode"": ""frontier"", ""route"": 5, ""step"": 288}, {""distance"": 8.511199999999999, ""mode"": ""frontier"", ""route"": 5, ""step"": 312}, {""distance"": 8.793799999999997, ""mode"": ""frontier"", ""route"": 5, ""step"": 336}, {""distance"": 15.2156, ""mode"": ""frontier"", ""route"": 4, ""step"": 360}, {""distance"": 13.1282, ""mode"": ""frontier"", ""route"": 4, ""step"": 384}, {""distance"": 15.120400000000002, ""mode"": ""frontier"", ""route"": 5, ""step"": 408}, {""distance"": 15.289000000000001, ""mode"": ""frontier"", ""route"": 4, ""step"": 432}, {""distance"": 15.834800000000001, ""mode"": ""frontier"", ""route"": 5, ""step"": 456}, {""distance"": 16.571599999999997, ""mode"": ""frontier"", ""route"": 5, ""step"": 480}, {""distance"": 15.9662, ""mode"": ""frontier"", ""route"": 2, ""step"": 504}, {""distance"": 19.643399999999996, ""mode"": ""frontier"", ""route"": 5, ""step"": 528}, {""distance"": 18.1948, ""mode"": ""frontier"", ""route"": 7, ""step"": 552}, {""distance"": 19.232799999999997, ""mode"": ""frontier"", ""route"": 7, ""step"": 576}, {""distance"": 20.643399999999996, ""mode"": ""frontier"", ""route"": 6, ""step"": 600}, {""distance"": 19.162999999999997, ""mode"": ""frontier"", ""route"": 5, ""step"": 624}, {""distance"": 21.076799999999995, ""mode"": ""frontier"", ""route"": 5, ""step"": 648}, {""distance"": 22.160999999999998, ""mode"": ""frontier"", ""route"": 1, ""step"": 672}, {""distance"": 22.635999999999996, ""mode"": ""frontier"", ""route"": 1, ""step"": 696}]","{""0"": 157.0, ""1"": 211.0, ""10"": 3278.0, ""11"": 8017.0, ""12"": 11760.0, ""13"": 13161.0, ""14"": 19411.0, ""15"": 22156.0, ""16"": 24724.0, ""17"": 32100.0, ""18"": 37452.0, ""19"": 43651.0, ""2"": 474.0, ""20"": 54887.0, ""21"": 60835.0, ""22"": 71798.0, ""23"": 79551.0, ""24"": 91088.0, ""25"": 97834.0, ""26"": 106971.0, ""27"": 113664.0, ""28"": 118258.0, ""3"": 706.0, ""4"": 437.0, ""5"": 540.0, ""6"": 1441.0, ""7"": 270.0, ""8"": 695.0, ""9"": 433.0}","{""BUILD_PASTURE"": 14, ""CARE"": 311, ""COLLECT_FERTILIZER"": 326, ""DIG"": 34, ""DROP"": 95, ""EAST"": 791, ""FEED"": 324, ""FERTILIZE"": 90, ""HARVEST"": 302, ""NORTH"": 1223, ""PASS"": 495, ""PICKUP"": 367, ""PLACE"": 21, ""PLANT"": 99, ""SOUTH"": 917, ""WATER"": 791, ""WEST"": 1078}","{""BUY_ANIMAL"": 14, ""BUY_LAND"": 2, ""BUY_PRODUCT"": 324, ""BUY_SEED"": 51, ""HIRE"": 304, ""SELL"": 362}","{""BUY_ANIMAL:COW"": 8, ""BUY_ANIMAL:SHEEP"": 6, ""BUY_PRODUCT:WHEAT"": 1056, ""BUY_SEED:MELON"": 21, ""BUY_SEED:STRAWBERRY"": 44, ""BUY_SEED:WHEAT"": 34, ""SELL:FERTILIZER"": 232, ""SELL:MELON"": 119, ""SELL:MILK"": 230, ""SELL:STRAWBERRY"": 291, ""SELL:WHEAT"": 877, ""SELL:WOOL"": 168}",v008_frontier,hamburger
17,1,134604.0,125931.0,8673.0,win,DONE,DONE,1,719,0,0,0.9154,1.5645300000000002,1.7782140000000006,2.1469,4.240665199991781,2,1,"[{""distance"": 0.0, ""mode"": ""frontier"", ""route"": 6, ""step"": 0}, {""distance"": 0.020400000000000015, ""mode"": ""frontier"", ""route"": 6, ""step"": 24}, {""distance"": 0.501, ""mode"": ""frontier"", ""route"": 6, ""step"": 48}, {""distance"": 0.5214000000000001, ""mode"": ""frontier"", ""route"": 6, ""step"": 72}, {""distance"": 0.522, ""mode"": ""frontier"", ""route"": 6, ""step"": 96}, {""distance"": 2.5623999999999993, ""mode"": ""frontier"", ""route"": 5, ""step"": 120}, {""distance"": 4.5122, ""mode"": ""frontier"", ""route"": 5, ""step"": 144}, {""distance"": 4.670999999999999, ""mode"": ""frontier"", ""route"": 5, ""step"": 168}, {""distance"": 8.593399999999999, ""mode"": ""frontier"", ""route"": 5, ""step"": 192}, {""distance"": 11.7072, ""mode"": ""frontier"", ""route"": 4, ""step"": 216}, {""distance"": 9.405199999999999, ""mode"": ""frontier"", ""route"": 6, ""step"": 240}, {""distance"": 10.839, ""mode"": ""frontier"", ""route"": 6, ""step"": 264}, {""distance"": 8.58, ""mode"": ""frontier"", ""route"": 5, ""step"": 288}, {""distance"": 6.9368, ""mode"": ""frontier"", ""route"": 5, ""step"": 312}, {""distance"": 8.206199999999999, ""mode"": ""frontier"", ""route"": 5, ""step"": 336}, {""distance"": 13.8546, ""mode"": ""frontier"", ""route"": 4, ""step"": 360}, {""distance"": 12.6114, ""mode"": ""frontier"", ""route"": 4, ""step"": 384}, {""distance"": 11.854, ""mode"": ""frontier"", ""route"": 4, ""step"": 408}, {""distance"": 12.402999999999999, ""mode"": ""frontier"", ""route"": 4, ""step"": 432}, {""distance"": 12.464599999999997, ""mode"": ""frontier"", ""route"": 4, ""step"": 456}, {""distance"": 14.8904, ""mode"": ""frontier"", ""route"": 4, ""step"": 480}, {""distance"": 12.1158, ""mode"": ""frontier"", ""route"": 4, ""step"": 504}, {""distance"": 18.505, ""mode"": ""frontier"", ""route"": 4, ""step"": 528}, {""distance"": 18.397999999999996, ""mode"": ""frontier"", ""route"": 5, ""step"": 552}, {""distance"": 14.3298, ""mode"": ""frontier"", ""route"": 4, ""step"": 576}, {""distance"": 15.714200000000003, ""mode"": ""frontier"", ""route"": 4, ""step"": 600}, {""distance"": 13.5032, ""mode"": ""frontier"", ""route"": 4, ""step"": 624}, {""distance"": 15.713199999999999, ""mode"": ""frontier"", ""route"": 3, ""step"": 648}, {""distance"": 16.1342, ""mode"": ""frontier"", ""route"": 3, ""step"": 672}, {""distance"": 13.8108, ""mode"": ""frontier"", ""route"": 4, ""step"": 696}]","{""0"": 157.0, ""1"": 211.0, ""10"": 3557.0, ""11"": 9609.0, ""12"": 13350.0, ""13"": 14711.0, ""14"": 20912.0, ""15"": 24004.0, ""16"": 26278.0, ""17"": 32220.0, ""18"": 36551.0, ""19"": 42729.0, ""2"": 474.0, ""20"": 52653.0, ""21"": 56748.0, ""22"": 68429.0, ""23"": 74914.0, ""24"": 87967.0, ""25"": 96289.0, ""26"": 107185.0, ""27"": 115626.0, ""28"": 121691.0, ""3"": 706.0, ""4"": 437.0, ""5"": 540.0, ""6"": 1533.0, ""7"": 451.0, ""8"": 877.0, ""9"": 701.0}","{""BUILD_PASTURE"": 14, ""CARE"": 311, ""COLLECT_FERTILIZER"": 326, ""DIG"": 34, ""DROP"": 95, ""EAST"": 791, ""FEED"": 324, ""FERTILIZE"": 90, ""HARVEST"": 302, ""NORTH"": 1223, ""PASS"": 495, ""PICKUP"": 367, ""PLACE"": 21, ""PLANT"": 99, ""SOUTH"": 917, ""WATER"": 791, ""WEST"": 1078}","{""BUY_ANIMAL"": 14, ""BUY_LAND"": 2, ""BUY_PRODUCT"": 324, ""BUY_SEED"": 51, ""HIRE"": 304, ""SELL"": 361}","{""BUY_ANIMAL:COW"": 8, ""BUY_ANIMAL:SHEEP"": 6, ""BUY_PRODUCT:WHEAT"": 1056, ""BUY_SEED:MELON"": 21, ""BUY_SEED:STRAWBERRY"": 44, ""BUY_SEED:WHEAT"": 34, ""SELL:FERTILIZER"": 232, ""SELL:MELON"": 119, ""SELL:MILK"": 230, ""SELL:STRAWBERRY"": 291, ""SELL:WHEAT"": 853, ""SELL:WOOL"": 168}",v008_frontier,hamburger
42,0,117592.0,120118.0,-2526.0,loss,DONE,DONE,1,719,0,0,0.898,1.56694,1.8827120000000024,2.4694,4.224166500003776,2,1,"[{""distance"": 0.0, ""mode"": ""frontier"", ""route"": 6, ""step"": 0}, {""distance"": 0.020400000000000015, ""mode"": ""frontier"", ""route"": 6, ""step"": 24}, {""distance"": 0.0010000000000000009, ""mode"": ""frontier"", ""route"": 6, ""step"": 48}, {""distance"": 0.021400000000000016, ""mode"": ""frontier"", ""route"": 6, ""step"": 72}, {""distance"": 0.18200000000000016, ""mode"": ""frontier"", ""route"": 5, ""step"": 96}, {""distance"": 1.7824000000000002, ""mode"": ""frontier"", ""route"": 5, ""step"": 120}, {""distance"": 1.9222, ""mode"": ""frontier"", ""route"": 5, ""step"": 144}, {""distance"": 2.2206, ""mode"": ""frontier"", ""route"": 5, ""step"": 168}, {""distance"": 0.9230000000000003, ""mode"": ""frontier"", ""route"": 5, ""step"": 192}, {""distance"": 3.9437999999999995, ""mode"": ""frontier"", ""route"": 5, ""step"": 216}, {""distance"": 2.4812000000000003, ""mode"": ""frontier"", ""route"": 5, ""step"": 240}, {""distance"": 12.407, ""mode"": ""frontier"", ""route"": 5, ""step"": 264}, {""distance"": 9.3412, ""mode"": ""frontier"", ""route"": 5, ""step"": 288}, {""distance"": 6.284399999999998, ""mode"": ""frontier"", ""route"": 5, ""step"": 312}, {""distance"": 6.898599999999999, ""mode"": ""frontier"", ""route"": 5, ""step"": 336}, {""distance"": 11.8796, ""mode"": ""frontier"", ""route"": 2, ""step"": 360}, {""distance"": 9.523600000000002, ""mode"": ""frontier"", ""route"": 0, ""step"": 384}, {""distance"": 11.571200000000001, ""mode"": ""frontier"", ""route"": 2, ""step"": 408}, {""distance"": 12.2346, ""mode"": ""frontier"", ""route"": 2, ""step"": 432}, {""distance"": 11.075800000000001, ""mode"": ""frontier"", ""route"": 1, ""step"": 456}, {""distance"": 12.4912, ""mode"": ""frontier"", ""route"": 1, ""step"": 480}, {""distance"": 12.048000000000002, ""mode"": ""frontier"", ""route"": 1, ""step"": 504}, {""distance"": 16.606399999999997, ""mode"": ""frontier"", ""route"": 6, ""step"": 528}, {""distance"": 16.028600000000004, ""mode"": ""frontier"", ""route"": 6, ""step"": 552}, {""distance"": 14.896, ""mode"": ""frontier"", ""route"": 6, ""step"": 576}, {""distance"": 16.6584, ""mode"": ""frontier"", ""route"": 1, ""step"": 600}, {""distance"": 13.706, ""mode"": ""frontier"", ""route"": 1, ""step"": 624}, {""distance"": 16.1488, ""mode"": ""frontier"", ""route"": 1, ""step"": 648}, {""distance"": 18.7778, ""mode"": ""frontier"", ""route"": 1, ""step"": 672}, {""distance"": 15.8804, ""mode"": ""frontier"", ""route"": 1, ""step"": 696}]","{""0"": 157.0, ""1"": 211.0, ""10"": 3186.0, ""11"": 9155.0, ""12"": 12760.0, ""13"": 13732.0, ""14"": 21080.0, ""15"": 24574.0, ""16"": 26901.0, ""17"": 34340.0, ""18"": 39776.0, ""19"": 43975.0, ""2"": 474.0, ""20"": 52901.0, ""21"": 58541.0, ""22"": 67095.0, ""23"": 74675.0, ""24"": 86382.0, ""25"": 92577.0, ""26"": 101076.0, ""27"": 106274.0, ""28"": 108268.0, ""3"": 706.0, ""4"": 437.0, ""5"": 540.0, ""6"": 1535.0, ""7"": 453.0, ""8"": 529.0, ""9"": 393.0}","{""BUILD_PASTURE"": 14, ""CARE"": 311, ""COLLECT_FERTILIZER"": 326, ""DIG"": 34, ""DROP"": 95, ""EAST"": 791, ""FEED"": 324, ""FERTILIZE"": 90, ""HARVEST"": 302, ""NORTH"": 1223, ""PASS"": 495, ""PICKUP"": 367, ""PLACE"": 21, ""PLANT"": 99, ""SOUTH"": 917, ""WATER"": 791, ""WEST"": 1078}","{""BUY_ANIMAL"": 14, ""BUY_LAND"": 2, ""BUY_PRODUCT"": 324, ""BUY_SEED"": 51, ""HIRE"": 304, ""SELL"": 362}","{""BUY_ANIMAL:COW"": 8, ""BUY_ANIMAL:SHEEP"": 6, ""BUY_PRODUCT:WHEAT"": 1056, ""BUY_SEED:MELON"": 21, ""BUY_SEED:STRAWBERRY"": 44, ""BUY_SEED:WHEAT"": 34, ""SELL:FERTILIZER"": 234, ""SELL:MELON"": 119, ""SELL:MILK"": 230, ""SELL:STRAWBERRY"": 291, ""SELL:WHEAT"": 853, ""SELL:WOOL"": 168}",v008_frontier,hamburger
42,1,117781.0,119938.0,-2157.0,loss,DONE,DONE,1,719,0,0,0.882,1.53189,1.7875440000000014,2.1905,4.40770110001904,2,1,"[{""distance"": 0.0, ""mode"": ""frontier"", ""route"": 6, ""step"": 0}, {""distance"": 0.020400000000000015, ""mode"": ""frontier"", ""route"": 6, ""step"": 24}, {""distance"": 0.0010000000000000009, ""mode"": ""frontier"", ""route"": 6, ""step"": 48}, {""distance"": 0.021400000000000016, ""mode"": ""frontier"", ""route"": 6, ""step"": 72}, {""distance"": 0.18200000000000016, ""mode"": ""frontier"", ""route"": 5, ""step"": 96}, {""distance"": 1.7824000000000002, ""mode"": ""frontier"", ""route"": 5, ""step"": 120}, {""distance"": 1.9222, ""mode"": ""frontier"", ""route"": 5, ""step"": 144}, {""distance"": 2.2206, ""mode"": ""frontier"", ""route"": 5, ""step"": 168}, {""distance"": 0.9230000000000003, ""mode"": ""frontier"", ""route"": 5, ""step"": 192}, {""distance"": 3.9437999999999995, ""mode"": ""frontier"", ""route"": 5, ""step"": 216}, {""distance"": 2.4812000000000003, ""mode"": ""frontier"", ""route"": 5, ""step"": 240}, {""distance"": 10.907, ""mode"": ""frontier"", ""route"": 5, ""step"": 264}, {""distance"": 9.3412, ""mode"": ""frontier"", ""route"": 5, ""step"": 288}, {""distance"": 6.284399999999998, ""mode"": ""frontier"", ""route"": 5, ""step"": 312}, {""distance"": 6.898599999999999, ""mode"": ""frontier"", ""route"": 5, ""step"": 336}, {""distance"": 11.8796, ""mode"": ""frontier"", ""route"": 2, ""step"": 360}, {""distance"": 9.523600000000002, ""mode"": ""frontier"", ""route"": 0, ""step"": 384}, {""distance"": 11.571200000000001, ""mode"": ""frontier"", ""route"": 2, ""step"": 408}, {""distance"": 12.2346, ""mode"": ""frontier"", ""route"": 2, ""step"": 432}, {""distance"": 11.075800000000001, ""mode"": ""frontier"", ""route"": 1, ""step"": 456}, {""distance"": 12.9912, ""mode"": ""frontier"", ""route"": 1, ""step"": 480}, {""distance"": 12.048000000000002, ""mode"": ""frontier"", ""route"": 1, ""step"": 504}, {""distance"": 16.606399999999997, ""mode"": ""frontier"", ""route"": 6, ""step"": 528}, {""distance"": 16.3266, ""mode"": ""frontier"", ""route"": 5, ""step"": 552}, {""distance"": 14.796000000000001, ""mode"": ""frontier"", ""route"": 6, ""step"": 576}, {""distance"": 16.6318, ""mode"": ""frontier"", ""route"": 1, ""step"": 600}, {""distance"": 13.7518, ""mode"": ""frontier"", ""route"": 1, ""step"": 624}, {""distance"": 15.794599999999999, ""mode"": ""frontier"", ""route"": 1, ""step"": 648}, {""distance"": 17.7496, ""mode"": ""frontier"", ""route"": 1, ""step"": 672}, {""distance"": 16.852199999999996, ""mode"": ""frontier"", ""route"": 1, ""step"": 696}]","{""0"": 157.0, ""1"": 211.0, ""10"": 3186.0, ""11"": 9155.0, ""12"": 12760.0, ""13"": 13732.0, ""14"": 21080.0, ""15"": 24574.0, ""16"": 26901.0, ""17"": 34340.0, ""18"": 39776.0, ""19"": 43975.0, ""2"": 474.0, ""20"": 52901.0, ""21"": 58541.0, ""22"": 67095.0, ""23"": 74675.0, ""24"": 86015.0, ""25"": 92848.0, ""26"": 101347.0, ""27"": 106415.0, ""28"": 108409.0, ""3"": 706.0, ""4"": 437.0, ""5"": 540.0, ""6"": 1535.0, ""7"": 453.0, ""8"": 529.0, ""9"": 393.0}","{""BUILD_PASTURE"": 14, ""CARE"": 311, ""COLLECT_FERTILIZER"": 326, ""DIG"": 34, ""DROP"": 95, ""EAST"": 791, ""FEED"": 324, ""FERTILIZE"": 90, ""HARVEST"": 302, ""NORTH"": 1223, ""PASS"": 495, ""PICKUP"": 367, ""PLACE"": 21, ""PLANT"": 99, ""SOUTH"": 917, ""WATER"": 791, ""WEST"": 1078}","{""BUY_ANIMAL"": 14, ""BUY_LAND"": 2, ""BUY_PRODUCT"": 324, ""BUY_SEED"": 51, ""HIRE"": 304, ""SELL"": 362}","{""BUY_ANIMAL:COW"": 8, ""BUY_ANIMAL:SHEEP"": 6, ""BUY_PRODUCT:WHEAT"": 1056, ""BUY_SEED:MELON"": 21, ""BUY_SEED:STRAWBERRY"": 44, ""BUY_SEED:WHEAT"": 34, ""SELL:FERTILIZER"": 234, ""SELL:MELON"": 119, ""SELL:MILK"": 230, ""SELL:STRAWBERRY"": 291, ""SELL:WHEAT"": 853, ""SELL:WOOL"": 168}",v008_frontier,hamburger
2026,0,95566.0,95626.0,-60.0,loss,DONE,DONE,1,719,0,0,0.9031,1.5544500000000003,1.8097700000000008,1.9651,4.24101990001509,2,1,"[{""distance"": 0.0, ""mode"": ""frontier"", ""route"": 6, ""step"": 0}, {""distance"": 0.020400000000000015, ""mode"": ""frontier"", ""route"": 6, ""step"": 24}, {""distance"": 0.0010000000000000009, ""mode"": ""frontier"", ""route"": 6, ""step"": 48}, {""distance"": 0.021400000000000016, ""mode"": ""frontier"", ""route"": 6, ""step"": 72}, {""distance"": 0.18200000000000016, ""mode"": ""frontier"", ""route"": 5, ""step"": 96}, {""distance"": 1.7824000000000002, ""mode"": ""frontier"", ""route"": 5, ""step"": 120}, {""distance"": 1.9222, ""mode"": ""frontier"", ""route"": 5, ""step"": 144}, {""distance"": 2.141, ""mode"": ""frontier"", ""route"": 5, ""step"": 168}, {""distance"": 0.7636000000000002, ""mode"": ""frontier"", ""route"": 5, ""step"": 192}, {""distance"": 3.7459999999999996, ""mode"": ""frontier"", ""route"": 5, ""step"": 216}, {""distance"": 1.8291999999999997, ""mode"": ""frontier"", ""route"": 5, ""step"": 240}, {""distance"": 10.4812, ""mode"": ""frontier"", ""route"": 5, ""step"": 264}, {""distance"": 7.6018, ""mode"": ""frontier"", ""route"": 5, ""step"": 288}, {""distance"": 3.935, ""mode"": ""frontier"", ""route"": 5, ""step"": 312}, {""distance"": 5.5458, ""mode"": ""frontier"", ""route"": 5, ""step"": 336}, {""distance"": 11.556000000000001, ""mode"": ""frontier"", ""route"": 4, ""step"": 360}, {""distance"": 9.8266, ""mode"": ""frontier"", ""route"": 4, ""step"": 384}, {""distance"": 10.8524, ""mode"": ""frontier"", ""route"": 4, ""step"": 408}, {""distance"": 10.589199999999998, ""mode"": ""frontier"", ""route"": 4, ""step"": 432}, {""distance"": 9.8534, ""mode"": ""frontier"", ""route"": 4, ""step"": 456}, {""distance"": 12.118200000000003, ""mode"": ""frontier"", ""route"": 4, ""step"": 480}, {""distance"": 10.4374, ""mode"": ""frontier"", ""route"": 4, ""step"": 504}, {""distance"": 15.302400000000002, ""mode"": ""frontier"", ""route"": 5, ""step"": 528}, {""distance"": 15.0086, ""mode"": ""frontier"", ""route"": 5, ""step"": 552}, {""distance"": 15.321000000000002, ""mode"": ""frontier"", ""route"": 4, ""step"": 576}, {""distance"": 16.827199999999998, ""mode"": ""frontier"", ""route"": 5, ""step"": 600}, {""distance"": 12.2972, ""mode"": ""frontier"", ""route"": 5, ""step"": 624}, {""distance"": 16.640600000000003, ""mode"": ""frontier"", ""route"": 5, ""step"": 648}, {""distance"": 18.898599999999995, ""mode"": ""frontier"", ""route"": 5, ""step"": 672}, {""distance"": 18.061000000000003, ""mode"": ""frontier"", ""route"": 5, ""step"": 696}]","{""0"": 157.0, ""1"": 211.0, ""10"": 3115.0, ""11"": 8952.0, ""12"": 12441.0, ""13"": 13401.0, ""14"": 18909.0, ""15"": 21664.0, ""16"": 23096.0, ""17"": 26909.0, ""18"": 30411.0, ""19"": 34536.0, ""2"": 474.0, ""20"": 40837.0, ""21"": 44093.0, ""22"": 52494.0, ""23"": 59114.0, ""24"": 68734.0, ""25"": 75533.0, ""26"": 81897.0, ""27"": 86531.0, ""28"": 87751.0, ""3"": 706.0, ""4"": 437.0, ""5"": 540.0, ""6"": 1533.0, ""7"": 450.0, ""8"": 518.0, ""9"": 341.0}","{""BUILD_PASTURE"": 14, ""CARE"": 311, ""COLLECT_FERTILIZER"": 326, ""DIG"": 34, ""DROP"": 95, ""EAST"": 791, ""FEED"": 324, ""FERTILIZE"": 90, ""HARVEST"": 302, ""NORTH"": 1223, ""PASS"": 495, ""PICKUP"": 367, ""PLACE"": 21, ""PLANT"": 99, ""SOUTH"": 917, ""WATER"": 791, ""WEST"": 1078}","{""BUY_ANIMAL"": 14, ""BUY_LAND"": 2, ""BUY_PRODUCT"": 324, ""BUY_SEED"": 51, ""HIRE"": 304, ""SELL"": 361}","{""BUY_ANIMAL:COW"": 8, ""BUY_ANIMAL:SHEEP"": 6, ""BUY_PRODUCT:WHEAT"": 1056, ""BUY_SEED:MELON"": 21, ""BUY_SEED:STRAWBERRY"": 44, ""BUY_SEED:WHEAT"": 34, ""SELL:FERTILIZER"": 232, ""SELL:MELON"": 119, ""SELL:MILK"": 230, ""SELL:STRAWBERRY"": 291, ""SELL:WHEAT"": 853, ""SELL:WOOL"": 168}",v008_frontier,hamburger
2026,1,93420.0,98057.0,-4637.0,loss,DONE,DONE,1,719,0,0,0.9233,1.5994100000000002,1.866702,2.4246,4.266229000000749,2,1,"[{""distance"": 0.0, ""mode"": ""frontier"", ""route"": 6, ""step"": 0}, {""distance"": 0.020400000000000015, ""mode"": ""frontier"", ""route"": 6, ""step"": 24}, {""distance"": 0.0010000000000000009, ""mode"": ""frontier"", ""route"": 6, ""step"": 48}, {""distance"": 0.021400000000000016, ""mode"": ""frontier"", ""route"": 6, ""step"": 72}, {""distance"": 0.18200000000000016, ""mode"": ""frontier"", ""route"": 5, ""step"": 96}, {""distance"": 1.7824000000000002, ""mode"": ""frontier"", ""route"": 5, ""step"": 120}, {""distance"": 1.9222, ""mode"": ""frontier"", ""route"": 5, ""step"": 144}, {""distance"": 2.141, ""mode"": ""frontier"", ""route"": 5, ""step"": 168}, {""distance"": 0.7636000000000002, ""mode"": ""frontier"", ""route"": 5, ""step"": 192}, {""distance"": 3.7459999999999996, ""mode"": ""frontier"", ""route"": 5, ""step"": 216}, {""distance"": 1.8291999999999997, ""mode"": ""frontier"", ""route"": 5, ""step"": 240}, {""distance"": 11.9812, ""mode"": ""frontier"", ""route"": 5, ""step"": 264}, {""distance"": 10.1018, ""mode"": ""frontier"", ""route"": 5, ""step"": 288}, {""distance"": 6.4350000000000005, ""mode"": ""frontier"", ""route"": 5, ""step"": 312}, {""distance"": 6.845799999999999, ""mode"": ""frontier"", ""route"": 5, ""step"": 336}, {""distance"": 13.6782, ""mode"": ""frontier"", ""route"": 5, ""step"": 360}, {""distance"": 11.626600000000002, ""mode"": ""frontier"", ""route"": 4, ""step"": 384}, {""distance"": 12.652399999999998, ""mode"": ""frontier"", ""route"": 4, ""step"": 408}, {""distance"": 12.1892, ""mode"": ""frontier"", ""route"": 4, ""step"": 432}, {""distance"": 11.453399999999998, ""mode"": ""frontier"", ""route"": 4, ""step"": 456}, {""distance"": 13.818200000000003, ""mode"": ""frontier"", ""route"": 4, ""step"": 480}, {""distance"": 13.337399999999999, ""mode"": ""frontier"", ""route"": 4, ""step"": 504}, {""distance"": 19.7024, ""mode"": ""frontier"", ""route"": 5, ""step"": 528}, {""distance"": 19.3086, ""mode"": ""frontier"", ""route"": 5, ""step"": 552}, {""distance"": 20.388999999999996, ""mode"": ""frontier"", ""route"": 5, ""step"": 576}, {""distance"": 18.29, ""mode"": ""frontier"", ""route"": 5, ""step"": 600}, {""distance"": 12.578399999999998, ""mode"": ""frontier"", ""route"": 5, ""step"": 624}, {""distance"": 16.9126, ""mode"": ""frontier"", ""route"": 5, ""step"": 648}, {""distance"": 19.1684, ""mode"": ""frontier"", ""route"": 5, ""step"": 672}, {""distance"": 17.324, ""mode"": ""frontier"", ""route"": 5, ""step"": 696}]","{""0"": 157.0, ""1"": 211.0, ""10"": 3115.0, ""11"": 8952.0, ""12"": 12441.0, ""13"": 13401.0, ""14"": 18909.0, ""15"": 21664.0, ""16"": 23096.0, ""17"": 26909.0, ""18"": 30411.0, ""19"": 34536.0, ""2"": 474.0, ""20"": 40837.0, ""21"": 44093.0, ""22"": 52494.0, ""23"": 58719.0, ""24"": 67822.0, ""25"": 73427.0, ""26"": 79830.0, ""27"": 84375.0, ""28"": 85636.0, ""3"": 706.0, ""4"": 437.0, ""5"": 540.0, ""6"": 1533.0, ""7"": 450.0, ""8"": 518.0, ""9"": 341.0}","{""BUILD_PASTURE"": 14, ""CARE"": 311, ""COLLECT_FERTILIZER"": 326, ""DIG"": 34, ""DROP"": 95, ""EAST"": 791, ""FEED"": 324, ""FERTILIZE"": 90, ""HARVEST"": 302, ""NORTH"": 1223, ""PASS"": 495, ""PICKUP"": 367, ""PLACE"": 21, ""PLANT"": 99, ""SOUTH"": 917, ""WATER"": 791, ""WEST"": 1078}","{""BUY_ANIMAL"": 14, ""BUY_LAND"": 2, ""BUY_PRODUCT"": 324, ""BUY_SEED"": 51, ""HIRE"": 304, ""SELL"": 362}","{""BUY_ANIMAL:COW"": 8, ""BUY_ANIMAL:SHEEP"": 6, ""BUY_PRODUCT:WHEAT"": 1056, ""BUY_SEED:MELON"": 21, ""BUY_SEED:STRAWBERRY"": 44, ""BUY_SEED:WHEAT"": 34, ""SELL:FERTILIZER"": 234, ""SELL:MELON"": 119, ""SELL:MILK"": 230, ""SELL:STRAWBERRY"": 291, ""SELL:WHEAT"": 853, ""SELL:WOOL"": 168}",v008_frontier,hamburger
17,0,137348.0,140429.0,-3081.0,loss,DONE,DONE,1,719,0,0,0.9195,1.5234500000000002,1.8056640000000017,2.0877,4.1448368999990635,2,1,"[{""distance"": 0.0, ""mode"": ""frontier"", ""route"": 6, ""step"": 0}, {""distance"": 0.02200000000000002, ""mode"": ""frontier"", ""route"": 1, ""step"": 24}, {""distance"": 1.0030000000000001, ""mode"": ""frontier"", ""route"": 2, ""step"": 48}, {""distance"": 1.0234, ""mode"": ""frontier"", ""route"": 2, ""step"": 72}, {""distance"": 1.2037999999999998, ""mode"": ""frontier"", ""route"": 2, ""step"": 96}, {""distance"": 1.3637999999999995, ""mode"": ""frontier"", ""route"": 2, ""step"": 120}, {""distance"": 4.0454, ""mode"": ""frontier"", ""route"": 2, ""step"": 144}, {""distance"": 4.2338000000000005, ""mode"": ""frontier"", ""route"": 1, ""step"": 168}, {""distance"": 4.639600000000001, ""mode"": ""frontier"", ""route"": 2, ""step"": 192}, {""distance"": 5.263800000000001, ""mode"": ""frontier"", ""route"": 4, ""step"": 216}, {""distance"": 5.536, ""mode"": ""frontier"", ""route"": 4, ""step"": 240}, {""distance"": 5.927000000000001, ""mode"": ""frontier"", ""route"": 2, ""step"": 264}, {""distance"": 5.8164, ""mode"": ""frontier"", ""route"": 4, ""step"": 288}, {""distance"": 6.9474, ""mode"": ""frontier"", ""route"": 2, ""step"": 312}, {""distance"": 7.1312, ""mode"": ""frontier"", ""route"": 4, ""step"": 336}, {""distance"": 7.5544, ""mode"": ""frontier"", ""route"": 2, ""step"": 360}, {""distance"": 7.077599999999999, ""mode"": ""frontier"", ""route"": 2, ""step"": 384}, {""distance"": 9.122399999999999, ""mode"": ""frontier"", ""route"": 2, ""step"": 408}, {""distance"": 8.711400000000001, ""mode"": ""frontier"", ""route"": 2, ""step"": 432}, {""distance"": 9.506600000000002, ""mode"": ""frontier"", ""route"": 2, ""step"": 456}, {""distance"": 10.382200000000001, ""mode"": ""frontier"", ""route"": 2, ""step"": 480}, {""distance"": 10.002199999999998, ""mode"": ""frontier"", ""route"": 2, ""step"": 504}, {""distance"": 10.557799999999999, ""mode"": ""frontier"", ""route"": 2, ""step"": 528}, {""distance"": 12.348999999999997, ""mode"": ""frontier"", ""route"": 2, ""step"": 552}, {""distance"": 13.318999999999999, ""mode"": ""frontier"", ""route"": 2, ""step"": 576}, {""distance"": 13.1024, ""mode"": ""frontier"", ""route"": 2, ""step"": 600}, {""distance"": 14.258400000000002, ""mode"": ""frontier"", ""route"": 1, ""step"": 624}, {""distance"": 13.641000000000005, ""mode"": ""frontier"", ""route"": 1, ""step"": 648}, {""distance"": 14.125799999999998, ""mode"": ""frontier"", ""route"": 1, ""step"": 672}, {""distance"": 17.977999999999998, ""mode"": ""frontier"", ""route"": 3, ""step"": 696}]","{""0"": 165.0, ""1"": 220.0, ""10"": 3390.0, ""11"": 8194.0, ""12"": 12082.0, ""13"": 13462.0, ""14"": 21156.0, ""15"": 23822.0, ""16"": 26695.0, ""17"": 34706.0, ""18"": 40710.0, ""19"": 46496.0, ""2"": 485.0, ""20"": 57457.0, ""21"": 63972.0, ""22"": 74202.0, ""23"": 82369.0, ""24"": 94150.0, ""25"": 101549.0, ""26"": 111910.0, ""27"": 119704.0, ""28"": 124891.0, ""3"": 719.0, ""4"": 451.0, ""5"": 561.0, ""6"": 1480.0, ""7"": 310.0, ""8"": 746.0, ""9"": 551.0}","{""BUILD_PASTURE"": 14, ""CARE"": 311, ""COLLECT_FERTILIZER"": 326, ""DIG"": 34, ""DROP"": 95, ""EAST"": 791, ""FEED"": 324, ""FERTILIZE"": 90, ""HARVEST"": 302, ""NORTH"": 1223, ""PASS"": 495, ""PICKUP"": 367, ""PLACE"": 21, ""PLANT"": 99, ""SOUTH"": 917, ""WATER"": 791, ""WEST"": 1078}","{""BUY_ANIMAL"": 14, ""BUY_LAND"": 2, ""BUY_PRODUCT"": 324, ""BUY_SEED"": 51, ""HIRE"": 304, ""SELL"": 363}","{""BUY_ANIMAL:COW"": 8, ""BUY_ANIMAL:SHEEP"": 6, ""BUY_PRODUCT:WHEAT"": 1056, ""BUY_SEED:MELON"": 21, ""BUY_SEED:STRAWBERRY"": 44, ""BUY_SEED:WHEAT"": 34, ""SELL:FERTILIZER"": 234, ""SELL:MELON"": 119, ""SELL:MILK"": 230, ""SELL:STRAWBERRY"": 291, ""SELL:WHEAT"": 877, ""SELL:WOOL"": 168}",v008_frontier,builder
17,1,111252.0,112505.0,-1253.0,loss,DONE,DONE,1,719,0,0,0.9008,1.5222100000000003,1.805758,2.0191,4.111370999977225,7,1,"[{""distance"": 0.0, ""mode"": ""frontier"", ""route"": 6, ""step"": 0}, {""distance"": 0.02200000000000002, ""mode"": ""frontier"", ""route"": 1, ""step"": 24}, {""distance"": 0.0029999999999999957, ""mode"": ""frontier"", ""route"": 1, ""step"": 48}, {""distance"": 1.1234000000000002, ""mode"": ""frontier"", ""route"": 1, ""step"": 72}, {""distance"": 1.1638000000000002, ""mode"": ""frontier"", ""route"": 2, ""step"": 96}, {""distance"": 1.1838000000000002, ""mode"": ""frontier"", ""route"": 2, ""step"": 120}, {""distance"": 1.2054, ""mode"": ""frontier"", ""route"": 2, ""step"": 144}, {""distance"": 1.5844000000000007, ""mode"": ""frontier"", ""route"": 1, ""step"": 168}, {""distance"": 1.9362, ""mode"": ""frontier"", ""route"": 2, ""step"": 192}, {""distance"": 2.66, ""mode"": ""frontier"", ""route"": 0, ""step"": 216}, {""distance"": 2.8399999999999994, ""mode"": ""frontier"", ""route"": 0, ""step"": 240}, {""distance"": 3.100000000000001, ""mode"": ""frontier"", ""route"": 0, ""step"": 264}, {""distance"": 4.42, ""mode"": ""frontier"", ""route"": 0, ""step"": 288}, {""distance"": 2.2330000000000005, ""mode"": ""frontier"", ""route"": 0, ""step"": 312}, {""distance"": 2.2929999999999993, ""mode"": ""frontier"", ""route"": 0, ""step"": 336}, {""distance"": 2.3664000000000005, ""mode"": ""frontier"", ""route"": 0, ""step"": 360}, {""distance"": 2.608000000000001, ""mode"": ""frontier"", ""route"": 0, ""step"": 384}, {""distance"": 3.610599999999998, ""mode"": ""frontier"", ""route"": 0, ""step"": 408}, {""distance"": 3.939399999999999, ""mode"": ""frontier"", ""route"": 0, ""step"": 432}, {""distance"": 4.276200000000001, ""mode"": ""frontier"", ""route"": 0, ""step"": 456}, {""distance"": 5.5985999999999985, ""mode"": ""frontier"", ""route"": 0, ""step"": 480}, {""distance"": 3.7614, ""mode"": ""frontier"", ""route"": 0, ""step"": 504}, {""distance"": 4.0218, ""mode"": ""frontier"", ""route"": 0, ""step"": 528}, {""distance"": 4.0294000000000025, ""mode"": ""frontier"", ""route"": 0, ""step"": 552}, {""distance"": 4.131799999999997, ""mode"": ""frontier"", ""route"": 0, ""step"": 576}, {""distance"": 4.3344, ""mode"": ""frontier"", ""route"": 0, ""step"": 600}, {""distance"": 4.531000000000001, ""mode"": ""frontier"", ""route"": 0, ""step"": 624}, {""distance"": 4.25, ""mode"": ""frontier"", ""route"": 0, ""step"": 648}, {""distance"": 4.638400000000001, ""mode"": ""frontier"", ""route"": 0, ""step"": 672}, {""distance"": 4.361000000000002, ""mode"": ""frontier"", ""route"": 0, ""step"": 696}]","{""0"": 165.0, ""1"": 220.0, ""10"": 1532.0, ""11"": 7386.0, ""12"": 10929.0, ""13"": 11630.0, ""14"": 18656.0, ""15"": 22046.0, ""16"": 24052.0, ""17"": 30655.0, ""18"": 34895.0, ""19"": 38579.0, ""2"": 485.0, ""20"": 46654.0, ""21"": 51188.0, ""22"": 59292.0, ""23"": 65778.0, ""24"": 76066.0, ""25"": 83519.0, ""26"": 91340.0, ""27"": 98357.0, ""28"": 101467.0, ""3"": 719.0, ""4"": 451.0, ""5"": 561.0, ""6"": 1572.0, ""7"": 489.0, ""8"": 124.0, ""9"": 91.0}","{""BUILD_PASTURE"": 14, ""CARE"": 310, ""COLLECT_FERTILIZER"": 323, ""DIG"": 34, ""DROP"": 99, ""EAST"": 784, ""FEED"": 324, ""FERTILIZE"": 89, ""HARVEST"": 301, ""NORTH"": 1209, ""PASS"": 482, ""PICKUP"": 367, ""PLACE"": 16, ""PLANT"": 98, ""SOUTH"": 908, ""WATER"": 782, ""WEST"": 1078}","{""BUY_ANIMAL"": 14, ""BUY_LAND"": 2, ""BUY_PRODUCT"": 324, ""BUY_SEED"": 51, ""HIRE"": 304, ""SELL"": 363}","{""BUY_ANIMAL:COW"": 8, ""BUY_ANIMAL:SHEEP"": 6, ""BUY_PRODUCT:WHEAT"": 1056, ""BUY_SEED:MELON"": 21, ""BUY_SEED:STRAWBERRY"": 44, ""BUY_SEED:WHEAT"": 34, ""SELL:FERTILIZER"": 232, ""SELL:MELON"": 119, ""SELL:MILK"": 230, ""SELL:STRAWBERRY"": 291, ""SELL:WHEAT"": 866, ""SELL:WOOL"": 168}",v008_frontier,builder
42,0,151190.0,143993.0,7197.0,win,DONE,DONE,1,719,0,0,0.9201,1.56756,1.853732000000001,2.4879,4.189213799982099,2,1,"[{""distance"": 0.0, ""mode"": ""frontier"", ""route"": 6, ""step"": 0}, {""distance"": 0.522, ""mode"": ""frontier"", ""route"": 1, ""step"": 24}, {""distance"": 0.0029999999999999957, ""mode"": ""frontier"", ""route"": 1, ""step"": 48}, {""distance"": 0.023400000000000018, ""mode"": ""frontier"", ""route"": 1, ""step"": 72}, {""distance"": 0.003400000000000014, ""mode"": ""frontier"", ""route"": 3, ""step"": 96}, {""distance"": 1.0238, ""mode"": ""frontier"", ""route"": 1, ""step"": 120}, {""distance"": 1.0053999999999998, ""mode"": ""frontier"", ""route"": 1, ""step"": 144}, {""distance"": 0.8356000000000001, ""mode"": ""frontier"", ""route"": 1, ""step"": 168}, {""distance"": 1.6463999999999996, ""mode"": ""frontier"", ""route"": 2, ""step"": 192}, {""distance"": 2.4062, ""mode"": ""frontier"", ""route"": 2, ""step"": 216}, {""distance"": 2.5116, ""mode"": ""frontier"", ""route"": 2, ""step"": 240}, {""distance"": 3.3406, ""mode"": ""frontier"", ""route"": 2, ""step"": 264}, {""distance"": 3.9702, ""mode"": ""frontier"", ""route"": 2, ""step"": 288}, {""distance"": 2.3644, ""mode"": ""frontier"", ""route"": 2, ""step"": 312}, {""distance"": 4.0084, ""mode"": ""frontier"", ""route"": 2, ""step"": 336}, {""distance"": 3.9534000000000007, ""mode"": ""frontier"", ""route"": 2, ""step"": 360}, {""distance"": 4.160399999999999, ""mode"": ""frontier"", ""route"": 2, ""step"": 384}, {""distance"": 4.007599999999999, ""mode"": ""frontier"", ""route"": 2, ""step"": 408}, {""distance"": 4.345800000000001, ""mode"": ""frontier"", ""route"": 2, ""step"": 432}, {""distance"": 4.5120000000000005, ""mode"": ""frontier"", ""route"": 2, ""step"": 456}, {""distance"": 4.4886, ""mode"": ""frontier"", ""route"": 2, ""step"": 480}, {""distance"": 4.423399999999998, ""mode"": ""frontier"", ""route"": 2, ""step"": 504}, {""distance"": 3.3094, ""mode"": ""frontier"", ""route"": 2, ""step"": 528}, {""distance"": 4.545400000000001, ""mode"": ""frontier"", ""route"": 2, ""step"": 552}, {""distance"": 5.2193999999999985, ""mode"": ""frontier"", ""route"": 2, ""step"": 576}, {""distance"": 5.558999999999998, ""mode"": ""frontier"", ""route"": 2, ""step"": 600}, {""distance"": 5.218200000000001, ""mode"": ""frontier"", ""route"": 2, ""step"": 624}, {""distance"": 6.593600000000003, ""mode"": ""frontier"", ""route"": 2, ""step"": 648}, {""distance"": 5.4220000000000015, ""mode"": ""frontier"", ""route"": 2, ""step"": 672}, {""distance"": 10.962200000000003, ""mode"": ""frontier"", ""route"": 3, ""step"": 696}]","{""0"": 165.0, ""1"": 220.0, ""10"": 3758.0, ""11"": 10009.0, ""12"": 13931.0, ""13"": 15402.0, ""14"": 22795.0, ""15"": 26412.0, ""16"": 29345.0, ""17"": 38392.0, ""18"": 44503.0, ""19"": 50550.0, ""2"": 485.0, ""20"": 62885.0, ""21"": 69491.0, ""22"": 80602.0, ""23"": 89410.0, ""24"": 104418.0, ""25"": 111513.0, ""26"": 124177.0, ""27"": 132794.0, ""28"": 138714.0, ""3"": 719.0, ""4"": 451.0, ""5"": 561.0, ""6"": 1528.0, ""7"": 440.0, ""8"": 1045.0, ""9"": 892.0}","{""BUILD_PASTURE"": 14, ""CARE"": 310, ""COLLECT_FERTILIZER"": 326, ""DIG"": 34, ""DROP"": 95, ""EAST"": 788, ""FEED"": 324, ""FERTILIZE"": 90, ""HARVEST"": 302, ""NORTH"": 1218, ""PASS"": 515, ""PICKUP"": 367, ""PLACE"": 21, ""PLANT"": 99, ""SOUTH"": 914, ""WATER"": 786, ""WEST"": 1075}","{""BUY_ANIMAL"": 14, ""BUY_LAND"": 2, ""BUY_PRODUCT"": 324, ""BUY_SEED"": 51, ""HIRE"": 304, ""SELL"": 363}","{""BUY_ANIMAL:COW"": 8, ""BUY_ANIMAL:SHEEP"": 6, ""BUY_PRODUCT:WHEAT"": 1056, ""BUY_SEED:MELON"": 21, ""BUY_SEED:STRAWBERRY"": 44, ""BUY_SEED:WHEAT"": 34, ""SELL:FERTILIZER"": 236, ""SELL:MELON"": 119, ""SELL:MILK"": 230, ""SELL:STRAWBERRY"": 291, ""SELL:WHEAT"": 853, ""SELL:WOOL"": 168}",v008_frontier,builder
42,1,150152.0,133402.0,16750.0,win,DONE,DONE,1,719,0,0,0.8906,1.53624,1.8442080000000018,2.2175,4.1472357000166085,2,1,"[{""distance"": 0.0, ""mode"": ""frontier"", ""route"": 6, ""step"": 0}, {""distance"": 0.522, ""mode"": ""frontier"", ""route"": 1, ""step"": 24}, {""distance"": 0.0029999999999999957, ""mode"": ""frontier"", ""route"": 1, ""step"": 48}, {""distance"": 0.023400000000000018, ""mode"": ""frontier"", ""route"": 1, ""step"": 72}, {""distance"": 0.003400000000000014, ""mode"": ""frontier"", ""route"": 3, ""step"": 96}, {""distance"": 0.023800000000000016, ""mode"": ""frontier"", ""route"": 1, ""step"": 120}, {""distance"": 0.005399999999999988, ""mode"": ""frontier"", ""route"": 1, ""step"": 144}, {""distance"": 0.12619999999999998, ""mode"": ""frontier"", ""route"": 3, ""step"": 168}, {""distance"": 0.18400000000000016, ""mode"": ""frontier"", ""route"": 3, ""step"": 192}, {""distance"": 0.28139999999999976, ""mode"": ""frontier"", ""route"": 3, ""step"": 216}, {""distance"": 0.4275999999999999, ""mode"": ""frontier"", ""route"": 1, ""step"": 240}, {""distance"": 1.4706000000000006, ""mode"": ""frontier"", ""route"": 1, ""step"": 264}, {""distance"": 2.5894, ""mode"": ""frontier"", ""route"": 1, ""step"": 288}, {""distance"": 1.0352000000000003, ""mode"": ""frontier"", ""route"": 3, ""step"": 312}, {""distance"": 2.0553999999999997, ""mode"": ""frontier"", ""route"": 1, ""step"": 336}, {""distance"": 1.9265999999999994, ""mode"": ""frontier"", ""route"": 1, ""step"": 360}, {""distance"": 1.8375999999999995, ""mode"": ""frontier"", ""route"": 1, ""step"": 384}, {""distance"": 1.9684000000000001, ""mode"": ""frontier"", ""route"": 1, ""step"": 408}, {""distance"": 1.8997999999999988, ""mode"": ""frontier"", ""route"": 1, ""step"": 432}, {""distance"": 2.417200000000001, ""mode"": ""frontier"", ""route"": 1, ""step"": 456}, {""distance"": 3.239599999999998, ""mode"": ""frontier"", ""route"": 1, ""step"": 480}, {""distance"": 3.6395999999999993, ""mode"": ""frontier"", ""route"": 1, ""step"": 504}, {""distance"": 4.474799999999998, ""mode"": ""frontier"", ""route"": 1, ""step"": 528}, {""distance"": 4.6469999999999985, ""mode"": ""frontier"", ""route"": 2, ""step"": 552}, {""distance"": 5.580399999999999, ""mode"": ""frontier"", ""route"": 2, ""step"": 576}, {""distance"": 5.025400000000003, ""mode"": ""frontier"", ""route"": 2, ""step"": 600}, {""distance"": 6.1885999999999965, ""mode"": ""frontier"", ""route"": 1, ""step"": 624}, {""distance"": 7.132799999999998, ""mode"": ""frontier"", ""route"": 2, ""step"": 648}, {""distance"": 7.5752, ""mode"": ""frontier"", ""route"": 2, ""step"": 672}, {""distance"": 11.246200000000002, ""mode"": ""frontier"", ""route"": 3, ""step"": 696}]","{""0"": 165.0, ""1"": 220.0, ""10"": 3527.0, ""11"": 9655.0, ""12"": 13440.0, ""13"": 14657.0, ""14"": 22127.0, ""15"": 25707.0, ""16"": 28365.0, ""17"": 37016.0, ""18"": 43041.0, ""19"": 48729.0, ""2"": 485.0, ""20"": 60339.0, ""21"": 66753.0, ""22"": 77466.0, ""23"": 86248.0, ""24"": 101015.0, ""25"": 109150.0, ""26"": 121715.0, ""27"": 130684.0, ""28"": 136482.0, ""3"": 719.0, ""4"": 451.0, ""5"": 561.0, ""6"": 1528.0, ""7"": 440.0, ""8"": 870.0, ""9"": 718.0}","{""BUILD_PASTURE"": 14, ""CARE"": 311, ""COLLECT_FERTILIZER"": 326, ""DIG"": 34, ""DROP"": 95, ""EAST"": 791, ""FEED"": 324, ""FERTILIZE"": 90, ""HARVEST"": 302, ""NORTH"": 1223, ""PASS"": 495, ""PICKUP"": 367, ""PLACE"": 21, ""PLANT"": 99, ""SOUTH"": 917, ""WATER"": 791, ""WEST"": 1078}","{""BUY_ANIMAL"": 14, ""BUY_LAND"": 2, ""BUY_PRODUCT"": 324, ""BUY_SEED"": 51, ""HIRE"": 304, ""SELL"": 362}","{""BUY_ANIMAL:COW"": 8, ""BUY_ANIMAL:SHEEP"": 6, ""BUY_PRODUCT:WHEAT"": 1056, ""BUY_SEED:MELON"": 21, ""BUY_SEED:STRAWBERRY"": 44, ""BUY_SEED:WHEAT"": 34, ""SELL:FERTILIZER"": 234, ""SELL:MELON"": 119, ""SELL:MILK"": 230, ""SELL:STRAWBERRY"": 291, ""SELL:WHEAT"": 853, ""SELL:WOOL"": 168}",v008_frontier,builder
2026,0,134017.0,122907.0,11110.0,win,DONE,DONE,1,719,0,0,0.9216,1.5545400000000003,1.8347680000000004,2.2171,4.159308900008909,2,1,"[{""distance"": 0.0, ""mode"": ""frontier"", ""route"": 6, ""step"": 0}, {""distance"": 0.02200000000000002, ""mode"": ""frontier"", ""route"": 1, ""step"": 24}, {""distance"": 0.0029999999999999957, ""mode"": ""frontier"", ""route"": 2, ""step"": 48}, {""distance"": 0.023400000000000018, ""mode"": ""frontier"", ""route"": 2, ""step"": 72}, {""distance"": 0.20379999999999973, ""mode"": ""frontier"", ""route"": 2, ""step"": 96}, {""distance"": 0.36379999999999946, ""mode"": ""frontier"", ""route"": 2, ""step"": 120}, {""distance"": 0.44540000000000035, ""mode"": ""frontier"", ""route"": 2, ""step"": 144}, {""distance"": 0.2556, ""mode"": ""frontier"", ""route"": 1, ""step"": 168}, {""distance"": 0.5464, ""mode"": ""frontier"", ""route"": 2, ""step"": 192}, {""distance"": 1.1311999999999995, ""mode"": ""frontier"", ""route"": 2, ""step"": 216}, {""distance"": 0.8237999999999999, ""mode"": ""frontier"", ""route"": 4, ""step"": 240}, {""distance"": 1.2526000000000004, ""mode"": ""frontier"", ""route"": 4, ""step"": 264}, {""distance"": 2.2039999999999997, ""mode"": ""frontier"", ""route"": 4, ""step"": 288}, {""distance"": 3.6168000000000005, ""mode"": ""frontier"", ""route"": 2, ""step"": 312}, {""distance"": 3.9874000000000005, ""mode"": ""frontier"", ""route"": 4, ""step"": 336}, {""distance"": 4.0328, ""mode"": ""frontier"", ""route"": 4, ""step"": 360}, {""distance"": 4.938599999999999, ""mode"": ""frontier"", ""route"": 4, ""step"": 384}, {""distance"": 5.6469999999999985, ""mode"": ""frontier"", ""route"": 2, ""step"": 408}, {""distance"": 6.066200000000001, ""mode"": ""frontier"", ""route"": 2, ""step"": 432}, {""distance"": 6.8744, ""mode"": ""frontier"", ""route"": 3, ""step"": 456}, {""distance"": 6.487400000000001, ""mode"": ""frontier"", ""route"": 2, ""step"": 480}, {""distance"": 6.6016, ""mode"": ""frontier"", ""route"": 2, ""step"": 504}, {""distance"": 6.0008, ""mode"": ""frontier"", ""route"": 3, ""step"": 528}, {""distance"": 6.715399999999998, ""mode"": ""frontier"", ""route"": 3, ""step"": 552}, {""distance"": 7.871600000000001, ""mode"": ""frontier"", ""route"": 2, ""step"": 576}, {""distance"": 8.435400000000001, ""mode"": ""frontier"", ""route"": 2, ""step"": 600}, {""distance"": 7.493599999999999, ""mode"": ""frontier"", ""route"": 3, ""step"": 624}, {""distance"": 7.266599999999999, ""mode"": ""frontier"", ""route"": 3, ""step"": 648}, {""distance"": 7.309199999999999, ""mode"": ""frontier"", ""route"": 3, ""step"": 672}, {""distance"": 7.470600000000001, ""mode"": ""frontier"", ""route"": 3, ""step"": 696}]","{""0"": 165.0, ""1"": 220.0, ""10"": 3512.0, ""11"": 9598.0, ""12"": 13392.0, ""13"": 14759.0, ""14"": 21203.0, ""15"": 24340.0, ""16"": 26772.0, ""17"": 34732.0, ""18"": 39603.0, ""19"": 45370.0, ""2"": 485.0, ""20"": 56560.0, ""21"": 61398.0, ""22"": 72030.0, ""23"": 79867.0, ""24"": 93046.0, ""25"": 100345.0, ""26"": 110913.0, ""27"": 118217.0, ""28"": 123260.0, ""3"": 719.0, ""4"": 451.0, ""5"": 561.0, ""6"": 1528.0, ""7"": 440.0, ""8"": 870.0, ""9"": 690.0}","{""BUILD_PASTURE"": 14, ""CARE"": 311, ""COLLECT_FERTILIZER"": 326, ""DIG"": 34, ""DROP"": 95, ""EAST"": 791, ""FEED"": 324, ""FERTILIZE"": 90, ""HARVEST"": 302, ""NORTH"": 1223, ""PASS"": 495, ""PICKUP"": 367, ""PLACE"": 21, ""PLANT"": 99, ""SOUTH"": 917, ""WATER"": 791, ""WEST"": 1078}","{""BUY_ANIMAL"": 14, ""BUY_LAND"": 2, ""BUY_PRODUCT"": 324, ""BUY_SEED"": 51, ""HIRE"": 304, ""SELL"": 362}","{""BUY_ANIMAL:COW"": 8, ""BUY_ANIMAL:SHEEP"": 6, ""BUY_PRODUCT:WHEAT"": 1056, ""BUY_SEED:MELON"": 21, ""BUY_SEED:STRAWBERRY"": 44, ""BUY_SEED:WHEAT"": 34, ""SELL:FERTILIZER"": 234, ""SELL:MELON"": 119, ""SELL:MILK"": 230, ""SELL:STRAWBERRY"": 291, ""SELL:WHEAT"": 853, ""SELL:WOOL"": 168}",v008_frontier,builder
2026,1,132268.0,124370.0,7898.0,win,DONE,DONE,1,719,0,0,0.9212,1.5680900000000002,1.8337720000000015,2.2917,4.164104800001951,2,1,"[{""distance"": 0.0, ""mode"": ""frontier"", ""route"": 6, ""step"": 0}, {""distance"": 0.02200000000000002, ""mode"": ""frontier"", ""route"": 1, ""step"": 24}, {""distance"": 0.0029999999999999957, ""mode"": ""frontier"", ""route"": 2, ""step"": 48}, {""distance"": 0.023400000000000018, ""mode"": ""frontier"", ""route"": 2, ""step"": 72}, {""distance"": 0.20379999999999973, ""mode"": ""frontier"", ""route"": 2, ""step"": 96}, {""distance"": 0.36379999999999946, ""mode"": ""frontier"", ""route"": 2, ""step"": 120}, {""distance"": 0.44540000000000035, ""mode"": ""frontier"", ""route"": 2, ""step"": 144}, {""distance"": 0.2556, ""mode"": ""frontier"", ""route"": 1, ""step"": 168}, {""distance"": 0.5464, ""mode"": ""frontier"", ""route"": 2, ""step"": 192}, {""distance"": 1.1311999999999995, ""mode"": ""frontier"", ""route"": 2, ""step"": 216}, {""distance"": 0.8237999999999999, ""mode"": ""frontier"", ""route"": 4, ""step"": 240}, {""distance"": 1.7526000000000006, ""mode"": ""frontier"", ""route"": 4, ""step"": 264}, {""distance"": 2.704, ""mode"": ""frontier"", ""route"": 4, ""step"": 288}, {""distance"": 0.8656000000000005, ""mode"": ""frontier"", ""route"": 4, ""step"": 312}, {""distance"": 3.9874, ""mode"": ""frontier"", ""route"": 4, ""step"": 336}, {""distance"": 4.0328, ""mode"": ""frontier"", ""route"": 4, ""step"": 360}, {""distance"": 4.9386, ""mode"": ""frontier"", ""route"": 4, ""step"": 384}, {""distance"": 6.026999999999999, ""mode"": ""frontier"", ""route"": 2, ""step"": 408}, {""distance"": 6.4262000000000015, ""mode"": ""frontier"", ""route"": 2, ""step"": 432}, {""distance"": 6.394399999999999, ""mode"": ""frontier"", ""route"": 3, ""step"": 456}, {""distance"": 6.900999999999998, ""mode"": ""frontier"", ""route"": 3, ""step"": 480}, {""distance"": 6.5074000000000005, ""mode"": ""frontier"", ""route"": 3, ""step"": 504}, {""distance"": 6.540799999999999, ""mode"": ""frontier"", ""route"": 3, ""step"": 528}, {""distance"": 6.9528000000000025, ""mode"": ""frontier"", ""route"": 3, ""step"": 552}, {""distance"": 9.007000000000001, ""mode"": ""frontier"", ""route"": 3, ""step"": 576}, {""distance"": 7.952000000000002, ""mode"": ""frontier"", ""route"": 3, ""step"": 600}, {""distance"": 6.965999999999998, ""mode"": ""frontier"", ""route"": 3, ""step"": 624}, {""distance"": 7.162400000000001, ""mode"": ""frontier"", ""route"": 3, ""step"": 648}, {""distance"": 7.395000000000001, ""mode"": ""frontier"", ""route"": 3, ""step"": 672}, {""distance"": 10.3568, ""mode"": ""frontier"", ""route"": 3, ""step"": 696}]","{""0"": 165.0, ""1"": 220.0, ""10"": 3512.0, ""11"": 9598.0, ""12"": 13392.0, ""13"": 14759.0, ""14"": 21203.0, ""15"": 24340.0, ""16"": 26772.0, ""17"": 34732.0, ""18"": 39603.0, ""19"": 45370.0, ""2"": 485.0, ""20"": 56560.0, ""21"": 61398.0, ""22"": 72020.0, ""23"": 79837.0, ""24"": 92974.0, ""25"": 99507.0, ""26"": 109592.0, ""27"": 116896.0, ""28"": 121923.0, ""3"": 719.0, ""4"": 451.0, ""5"": 561.0, ""6"": 1528.0, ""7"": 440.0, ""8"": 870.0, ""9"": 690.0}","{""BUILD_PASTURE"": 14, ""CARE"": 311, ""COLLECT_FERTILIZER"": 326, ""DIG"": 34, ""DROP"": 95, ""EAST"": 791, ""FEED"": 324, ""FERTILIZE"": 90, ""HARVEST"": 302, ""NORTH"": 1223, ""PASS"": 495, ""PICKUP"": 367, ""PLACE"": 21, ""PLANT"": 99, ""SOUTH"": 917, ""WATER"": 791, ""WEST"": 1078}","{""BUY_ANIMAL"": 14, ""BUY_LAND"": 2, ""BUY_PRODUCT"": 324, ""BUY_SEED"": 51, ""HIRE"": 304, ""SELL"": 363}","{""BUY_ANIMAL:COW"": 8, ""BUY_ANIMAL:SHEEP"": 6, ""BUY_PRODUCT:WHEAT"": 1056, ""BUY_SEED:MELON"": 21, ""BUY_SEED:STRAWBERRY"": 44, ""BUY_SEED:WHEAT"": 34, ""SELL:FERTILIZER"": 238, ""SELL:MELON"": 119, ""SELL:MILK"": 230, ""SELL:STRAWBERRY"": 291, ""SELL:WHEAT"": 853, ""SELL:WOOL"": 168}",v008_frontier,builder
17,0,130068.0,138389.0,-8321.0,loss,DONE,DONE,1,719,0,0,0.9358,1.5643100000000003,1.7671020000000002,2.6751,4.219530800008215,2,1,"[{""distance"": 0.0, ""mode"": ""frontier"", ""route"": 6, ""step"": 0}, {""distance"": 0.0, ""mode"": ""frontier"", ""route"": 6, ""step"": 24}, {""distance"": 1.0, ""mode"": ""frontier"", ""route"": 6, ""step"": 48}, {""distance"": 1.0, ""mode"": ""frontier"", ""route"": 6, ""step"": 72}, {""distance"": 0.0, ""mode"": ""frontier"", ""route"": 7, ""step"": 96}, {""distance"": 3.0603999999999996, ""mode"": ""frontier"", ""route"": 5, ""step"": 120}, {""distance"": 5.8622000000000005, ""mode"": ""frontier"", ""route"": 5, ""step"": 144}, {""distance"": 6.137799999999999, ""mode"": ""frontier"", ""route"": 5, ""step"": 168}, {""distance"": 4.877399999999999, ""mode"": ""frontier"", ""route"": 5, ""step"": 192}, {""distance"": 8.4346, ""mode"": ""frontier"", ""route"": 5, ""step"": 216}, {""distance"": 6.070799999999998, ""mode"": ""frontier"", ""route"": 5, ""step"": 240}, {""distance"": 16.6136, ""mode"": ""frontier"", ""route"": 5, ""step"": 264}, {""distance"": 12.866999999999999, ""mode"": ""frontier"", ""route"": 5, ""step"": 288}, {""distance"": 8.446799999999998, ""mode"": ""frontier"", ""route"": 5, ""step"": 312}, {""distance"": 8.744599999999998, ""mode"": ""frontier"", ""route"": 5, ""step"": 336}, {""distance"": 15.2458, ""mode"": ""frontier"", ""route"": 4, ""step"": 360}, {""distance"": 13.1334, ""mode"": ""frontier"", ""route"": 4, ""step"": 384}, {""distance"": 15.1854, ""mode"": ""frontier"", ""route"": 5, ""step"": 408}, {""distance"": 15.360199999999999, ""mode"": ""frontier"", ""route"": 4, ""step"": 432}, {""distance"": 15.865200000000002, ""mode"": ""frontier"", ""route"": 5, ""step"": 456}, {""distance"": 16.624599999999997, ""mode"": ""frontier"", ""route"": 5, ""step"": 480}, {""distance"": 16.1018, ""mode"": ""frontier"", ""route"": 2, ""step"": 504}, {""distance"": 19.411999999999995, ""mode"": ""frontier"", ""route"": 5, ""step"": 528}, {""distance"": 17.961399999999998, ""mode"": ""frontier"", ""route"": 7, ""step"": 552}, {""distance"": 19.2954, ""mode"": ""frontier"", ""route"": 7, ""step"": 576}, {""distance"": 20.7568, ""mode"": ""frontier"", ""route"": 6, ""step"": 600}, {""distance"": 19.094399999999997, ""mode"": ""frontier"", ""route"": 5, ""step"": 624}, {""distance"": 21.050599999999996, ""mode"": ""frontier"", ""route"": 5, ""step"": 648}, {""distance"": 22.1954, ""mode"": ""frontier"", ""route"": 1, ""step"": 672}, {""distance"": 22.692999999999994, ""mode"": ""frontier"", ""route"": 1, ""step"": 696}]","{""0"": 161.0, ""1"": 216.0, ""10"": 3289.0, ""11"": 8020.0, ""12"": 11782.0, ""13"": 13203.0, ""14"": 19460.0, ""15"": 22230.0, ""16"": 24849.0, ""17"": 32256.0, ""18"": 37604.0, ""19"": 43816.0, ""2"": 481.0, ""20"": 55009.0, ""21"": 60878.0, ""22"": 71828.0, ""23"": 79564.0, ""24"": 90721.0, ""25"": 97491.0, ""26"": 107033.0, ""27"": 113832.0, ""28"": 118443.0, ""3"": 715.0, ""4"": 447.0, ""5"": 540.0, ""6"": 1449.0, ""7"": 281.0, ""8"": 706.0, ""9"": 441.0}","{""BUILD_PASTURE"": 14, ""CARE"": 311, ""COLLECT_FERTILIZER"": 326, ""DIG"": 34, ""DROP"": 95, ""EAST"": 791, ""FEED"": 324, ""FERTILIZE"": 90, ""HARVEST"": 302, ""NORTH"": 1223, ""PASS"": 495, ""PICKUP"": 367, ""PLACE"": 21, ""PLANT"": 99, ""SOUTH"": 917, ""WATER"": 791, ""WEST"": 1078}","{""BUY_ANIMAL"": 14, ""BUY_LAND"": 2, ""BUY_PRODUCT"": 324, ""BUY_SEED"": 51, ""HIRE"": 304, ""SELL"": 362}","{""BUY_ANIMAL:COW"": 8, ""BUY_ANIMAL:SHEEP"": 6, ""BUY_PRODUCT:WHEAT"": 1056, ""BUY_SEED:MELON"": 21, ""BUY_SEED:STRAWBERRY"": 44, ""BUY_SEED:WHEAT"": 34, ""SELL:FERTILIZER"": 232, ""SELL:MELON"": 119, ""SELL:MILK"": 230, ""SELL:STRAWBERRY"": 291, ""SELL:WHEAT"": 877, ""SELL:WOOL"": 168}",v008_frontier,frontier
17,1,138354.0,128732.0,9622.0,win,DONE,DONE,1,719,0,0,0.9038,1.57729,1.8383560000000005,1.9924,4.202571600006195,2,1,"[{""distance"": 0.0, ""mode"": ""frontier"", ""route"": 6, ""step"": 0}, {""distance"": 0.0, ""mode"": ""frontier"", ""route"": 6, ""step"": 24}, {""distance"": 0.5, ""mode"": ""frontier"", ""route"": 6, ""step"": 48}, {""distance"": 0.5, ""mode"": ""frontier"", ""route"": 6, ""step"": 72}, {""distance"": 0.5002, ""mode"": ""frontier"", ""route"": 6, ""step"": 96}, {""distance"": 2.5603999999999996, ""mode"": ""frontier"", ""route"": 5, ""step"": 120}, {""distance"": 4.5122, ""mode"": ""frontier"", ""route"": 5, ""step"": 144}, {""distance"": 4.6706, ""mode"": ""frontier"", ""route"": 5, ""step"": 168}, {""distance"": 3.2912, ""mode"": ""frontier"", ""route"": 5, ""step"": 192}, {""distance"": 6.8382, ""mode"": ""frontier"", ""route"": 5, ""step"": 216}, {""distance"": 4.2744, ""mode"": ""frontier"", ""route"": 5, ""step"": 240}, {""distance"": 13.517200000000003, ""mode"": ""frontier"", ""route"": 5, ""step"": 264}, {""distance"": 9.9756, ""mode"": ""frontier"", ""route"": 5, ""step"": 288}, {""distance"": 5.935799999999999, ""mode"": ""frontier"", ""route"": 5, ""step"": 312}, {""distance"": 5.278, ""mode"": ""frontier"", ""route"": 5, ""step"": 336}, {""distance"": 12.536800000000001, ""mode"": ""frontier"", ""route"": 4, ""step"": 360}, {""distance"": 9.5214, ""mode"": ""frontier"", ""route"": 4, ""step"": 384}, {""distance"": 12.906799999999997, ""mode"": ""frontier"", ""route"": 2, ""step"": 408}, {""distance"": 13.762800000000002, ""mode"": ""frontier"", ""route"": 2, ""step"": 432}, {""distance"": 13.269200000000001, ""mode"": ""frontier"", ""route"": 2, ""step"": 456}, {""distance"": 14.879600000000002, ""mode"": ""frontier"", ""route"": 2, ""step"": 480}, {""distance"": 10.450200000000002, ""mode"": ""frontier"", ""route"": 2, ""step"": 504}, {""distance"": 15.8636, ""mode"": ""frontier"", ""route"": 5, ""step"": 528}, {""distance"": 15.332999999999997, ""mode"": ""frontier"", ""route"": 5, ""step"": 552}, {""distance"": 16.0568, ""mode"": ""frontier"", ""route"": 5, ""step"": 576}, {""distance"": 16.067800000000002, ""mode"": ""frontier"", ""route"": 2, ""step"": 600}, {""distance"": 15.8372, ""mode"": ""frontier"", ""route"": 5, ""step"": 624}, {""distance"": 19.849, ""mode"": ""frontier"", ""route"": 5, ""step"": 648}, {""distance"": 20.5092, ""mode"": ""frontier"", ""route"": 3, ""step"": 672}, {""distance"": 17.7268, ""mode"": ""frontier"", ""route"": 2, ""step"": 696}]","{""0"": 161.0, ""1"": 216.0, ""10"": 3557.0, ""11"": 9583.0, ""12"": 13345.0, ""13"": 14766.0, ""14"": 21023.0, ""15"": 24154.0, ""16"": 26773.0, ""17"": 34949.0, ""18"": 40297.0, ""19"": 46509.0, ""2"": 481.0, ""20"": 58517.0, ""21"": 64386.0, ""22"": 75745.0, ""23"": 83861.0, ""24"": 98084.0, ""25"": 104955.0, ""26"": 115695.0, ""27"": 122586.0, ""28"": 127284.0, ""3"": 715.0, ""4"": 447.0, ""5"": 540.0, ""6"": 1541.0, ""7"": 462.0, ""8"": 887.0, ""9"": 709.0}","{""BUILD_PASTURE"": 14, ""CARE"": 311, ""COLLECT_FERTILIZER"": 326, ""DIG"": 34, ""DROP"": 95, ""EAST"": 791, ""FEED"": 324, ""FERTILIZE"": 90, ""HARVEST"": 302, ""NORTH"": 1223, ""PASS"": 495, ""PICKUP"": 367, ""PLACE"": 21, ""PLANT"": 99, ""SOUTH"": 917, ""WATER"": 791, ""WEST"": 1078}","{""BUY_ANIMAL"": 14, ""BUY_LAND"": 2, ""BUY_PRODUCT"": 324, ""BUY_SEED"": 51, ""HIRE"": 304, ""SELL"": 362}","{""BUY_ANIMAL:COW"": 8, ""BUY_ANIMAL:SHEEP"": 6, ""BUY_PRODUCT:WHEAT"": 1056, ""BUY_SEED:MELON"": 21, ""BUY_SEED:STRAWBERRY"": 44, ""BUY_SEED:WHEAT"": 34, ""SELL:FERTILIZER"": 233, ""SELL:MELON"": 119, ""SELL:MILK"": 230, ""SELL:STRAWBERRY"": 291, ""SELL:WHEAT"": 853, ""SELL:WOOL"": 168}",v008_frontier,frontier
42,0,117636.0,117945.0,-309.0,loss,DONE,DONE,1,719,0,0,0.9155,1.6047900000000004,1.8615240000000037,2.7004,4.4791239999758545,2,1,"[{""distance"": 0.0, ""mode"": ""frontier"", ""route"": 6, ""step"": 0}, {""distance"": 0.0, ""mode"": ""frontier"", ""route"": 6, ""step"": 24}, {""distance"": 0.0, ""mode"": ""frontier"", ""route"": 6, ""step"": 48}, {""distance"": 0.0, ""mode"": ""frontier"", ""route"": 6, ""step"": 72}, {""distance"": 0.16020000000000015, ""mode"": ""frontier"", ""route"": 5, ""step"": 96}, {""distance"": 1.7804000000000002, ""mode"": ""frontier"", ""route"": 5, ""step"": 120}, {""distance"": 1.9222, ""mode"": ""frontier"", ""route"": 5, ""step"": 144}, {""distance"": 2.2008, ""mode"": ""frontier"", ""route"": 5, ""step"": 168}, {""distance"": 0.9204000000000002, ""mode"": ""frontier"", ""route"": 5, ""step"": 192}, {""distance"": 3.9417999999999997, ""mode"": ""frontier"", ""route"": 5, ""step"": 216}, {""distance"": 2.4828000000000006, ""mode"": ""frontier"", ""route"": 5, ""step"": 240}, {""distance"": 12.4446, ""mode"": ""frontier"", ""route"": 5, ""step"": 264}, {""distance"": 9.5452, ""mode"": ""frontier"", ""route"": 5, ""step"": 288}, {""distance"": 6.243399999999999, ""mode"": ""frontier"", ""route"": 5, ""step"": 312}, {""distance"": 6.8332, ""mode"": ""frontier"", ""route"": 5, ""step"": 336}, {""distance"": 11.912600000000001, ""mode"": ""frontier"", ""route"": 2, ""step"": 360}, {""distance"": 9.412600000000001, ""mode"": ""frontier"", ""route"": 0, ""step"": 384}, {""distance"": 11.588399999999998, ""mode"": ""frontier"", ""route"": 2, ""step"": 408}, {""distance"": 12.3062, ""mode"": ""frontier"", ""route"": 2, ""step"": 432}, {""distance"": 11.1026, ""mode"": ""frontier"", ""route"": 1, ""step"": 456}, {""distance"": 12.514399999999998, ""mode"": ""frontier"", ""route"": 1, ""step"": 480}, {""distance"": 12.054800000000002, ""mode"": ""frontier"", ""route"": 1, ""step"": 504}, {""distance"": 16.6178, ""mode"": ""frontier"", ""route"": 6, ""step"": 528}, {""distance"": 16.239200000000004, ""mode"": ""frontier"", ""route"": 6, ""step"": 552}, {""distance"": 14.986600000000003, ""mode"": ""frontier"", ""route"": 6, ""step"": 576}, {""distance"": 16.738, ""mode"": ""frontier"", ""route"": 1, ""step"": 600}, {""distance"": 13.781199999999998, ""mode"": ""frontier"", ""route"": 1, ""step"": 624}, {""distance"": 16.126, ""mode"": ""frontier"", ""route"": 1, ""step"": 648}, {""distance"": 18.7318, ""mode"": ""frontier"", ""route"": 1, ""step"": 672}, {""distance"": 15.871999999999998, ""mode"": ""frontier"", ""route"": 1, ""step"": 696}]","{""0"": 161.0, ""1"": 216.0, ""10"": 3198.0, ""11"": 9131.0, ""12"": 12755.0, ""13"": 13752.0, ""14"": 21115.0, ""15"": 24619.0, ""16"": 26815.0, ""17"": 34282.0, ""18"": 39742.0, ""19"": 43959.0, ""2"": 481.0, ""20"": 52867.0, ""21"": 58484.0, ""22"": 66945.0, ""23"": 74522.0, ""24"": 86184.0, ""25"": 92401.0, ""26"": 101183.0, ""27"": 106400.0, ""28"": 108410.0, ""3"": 715.0, ""4"": 447.0, ""5"": 540.0, ""6"": 1543.0, ""7"": 466.0, ""8"": 539.0, ""9"": 401.0}","{""BUILD_PASTURE"": 14, ""CARE"": 311, ""COLLECT_FERTILIZER"": 326, ""DIG"": 34, ""DROP"": 95, ""EAST"": 791, ""FEED"": 324, ""FERTILIZE"": 90, ""HARVEST"": 302, ""NORTH"": 1223, ""PASS"": 495, ""PICKUP"": 367, ""PLACE"": 21, ""PLANT"": 99, ""SOUTH"": 917, ""WATER"": 791, ""WEST"": 1078}","{""BUY_ANIMAL"": 14, ""BUY_LAND"": 2, ""BUY_PRODUCT"": 324, ""BUY_SEED"": 51, ""HIRE"": 304, ""SELL"": 362}","{""BUY_ANIMAL:COW"": 8, ""BUY_ANIMAL:SHEEP"": 6, ""BUY_PRODUCT:WHEAT"": 1056, ""BUY_SEED:MELON"": 21, ""BUY_SEED:STRAWBERRY"": 44, ""BUY_SEED:WHEAT"": 34, ""SELL:FERTILIZER"": 234, ""SELL:MELON"": 119, ""SELL:MILK"": 230, ""SELL:STRAWBERRY"": 291, ""SELL:WHEAT"": 853, ""SELL:WOOL"": 168}",v008_frontier,frontier
42,1,117932.0,117649.0,283.0,win,DONE,DONE,1,719,0,0,0.9005,1.53989,1.794278000000002,2.3926,4.259170100005576,2,1,"[{""distance"": 0.0, ""mode"": ""frontier"", ""route"": 6, ""step"": 0}, {""distance"": 0.0, ""mode"": ""frontier"", ""route"": 6, ""step"": 24}, {""distance"": 0.0, ""mode"": ""frontier"", ""route"": 6, ""step"": 48}, {""distance"": 0.0, ""mode"": ""frontier"", ""route"": 6, ""step"": 72}, {""distance"": 0.16020000000000015, ""mode"": ""frontier"", ""route"": 5, ""step"": 96}, {""distance"": 1.7804000000000002, ""mode"": ""frontier"", ""route"": 5, ""step"": 120}, {""distance"": 1.9222, ""mode"": ""frontier"", ""route"": 5, ""step"": 144}, {""distance"": 2.2008, ""mode"": ""frontier"", ""route"": 5, ""step"": 168}, {""distance"": 0.9204000000000002, ""mode"": ""frontier"", ""route"": 5, ""step"": 192}, {""distance"": 3.9417999999999997, ""mode"": ""frontier"", ""route"": 5, ""step"": 216}, {""distance"": 2.4828000000000006, ""mode"": ""frontier"", ""route"": 5, ""step"": 240}, {""distance"": 10.9446, ""mode"": ""frontier"", ""route"": 5, ""step"": 264}, {""distance"": 9.5452, ""mode"": ""frontier"", ""route"": 5, ""step"": 288}, {""distance"": 6.243399999999999, ""mode"": ""frontier"", ""route"": 5, ""step"": 312}, {""distance"": 6.8332, ""mode"": ""frontier"", ""route"": 5, ""step"": 336}, {""distance"": 11.912600000000001, ""mode"": ""frontier"", ""route"": 2, ""step"": 360}, {""distance"": 9.412600000000001, ""mode"": ""frontier"", ""route"": 0, ""step"": 384}, {""distance"": 11.588399999999998, ""mode"": ""frontier"", ""route"": 2, ""step"": 408}, {""distance"": 12.3062, ""mode"": ""frontier"", ""route"": 2, ""step"": 432}, {""distance"": 11.1026, ""mode"": ""frontier"", ""route"": 1, ""step"": 456}, {""distance"": 13.014399999999998, ""mode"": ""frontier"", ""route"": 1, ""step"": 480}, {""distance"": 12.054800000000002, ""mode"": ""frontier"", ""route"": 1, ""step"": 504}, {""distance"": 16.6178, ""mode"": ""frontier"", ""route"": 6, ""step"": 528}, {""distance"": 16.476, ""mode"": ""frontier"", ""route"": 5, ""step"": 552}, {""distance"": 14.8866, ""mode"": ""frontier"", ""route"": 6, ""step"": 576}, {""distance"": 16.705000000000002, ""mode"": ""frontier"", ""route"": 1, ""step"": 600}, {""distance"": 13.820599999999999, ""mode"": ""frontier"", ""route"": 1, ""step"": 624}, {""distance"": 15.7654, ""mode"": ""frontier"", ""route"": 1, ""step"": 648}, {""distance"": 17.685200000000002, ""mode"": ""frontier"", ""route"": 1, ""step"": 672}, {""distance"": 16.825399999999995, ""mode"": ""frontier"", ""route"": 1, ""step"": 696}]","{""0"": 161.0, ""1"": 216.0, ""10"": 3198.0, ""11"": 9131.0, ""12"": 12755.0, ""13"": 13752.0, ""14"": 21115.0, ""15"": 24619.0, ""16"": 26815.0, ""17"": 34282.0, ""18"": 39742.0, ""19"": 43959.0, ""2"": 481.0, ""20"": 52867.0, ""21"": 58484.0, ""22"": 66945.0, ""23"": 74522.0, ""24"": 85849.0, ""25"": 92704.0, ""26"": 101486.0, ""27"": 106633.0, ""28"": 108643.0, ""3"": 715.0, ""4"": 447.0, ""5"": 540.0, ""6"": 1543.0, ""7"": 466.0, ""8"": 539.0, ""9"": 401.0}","{""BUILD_PASTURE"": 14, ""CARE"": 311, ""COLLECT_FERTILIZER"": 326, ""DIG"": 34, ""DROP"": 95, ""EAST"": 791, ""FEED"": 324, ""FERTILIZE"": 90, ""HARVEST"": 302, ""NORTH"": 1223, ""PASS"": 495, ""PICKUP"": 367, ""PLACE"": 21, ""PLANT"": 99, ""SOUTH"": 917, ""WATER"": 791, ""WEST"": 1078}","{""BUY_ANIMAL"": 14, ""BUY_LAND"": 2, ""BUY_PRODUCT"": 324, ""BUY_SEED"": 51, ""HIRE"": 304, ""SELL"": 362}","{""BUY_ANIMAL:COW"": 8, ""BUY_ANIMAL:SHEEP"": 6, ""BUY_PRODUCT:WHEAT"": 1056, ""BUY_SEED:MELON"": 21, ""BUY_SEED:STRAWBERRY"": 44, ""BUY_SEED:WHEAT"": 34, ""SELL:FERTILIZER"": 234, ""SELL:MELON"": 119, ""SELL:MILK"": 230, ""SELL:STRAWBERRY"": 291, ""SELL:WHEAT"": 853, ""SELL:WOOL"": 168}",v008_frontier,frontier
2026,0,95841.0,93780.0,2061.0,win,DONE,DONE,1,719,0,0,0.9054,1.54921,1.764450000000001,2.0627,4.271774099994218,2,1,"[{""distance"": 0.0, ""mode"": ""frontier"", ""route"": 6, ""step"": 0}, {""distance"": 0.0, ""mode"": ""frontier"", ""route"": 6, ""step"": 24}, {""distance"": 0.0, ""mode"": ""frontier"", ""route"": 6, ""step"": 48}, {""distance"": 0.0, ""mode"": ""frontier"", ""route"": 6, ""step"": 72}, {""distance"": 0.16020000000000015, ""mode"": ""frontier"", ""route"": 5, ""step"": 96}, {""distance"": 1.7804000000000002, ""mode"": ""frontier"", ""route"": 5, ""step"": 120}, {""distance"": 1.9222, ""mode"": ""frontier"", ""route"": 5, ""step"": 144}, {""distance"": 2.1406, ""mode"": ""frontier"", ""route"": 5, ""step"": 168}, {""distance"": 0.7614000000000001, ""mode"": ""frontier"", ""route"": 5, ""step"": 192}, {""distance"": 3.7438, ""mode"": ""frontier"", ""route"": 5, ""step"": 216}, {""distance"": 1.8276, ""mode"": ""frontier"", ""route"": 5, ""step"": 240}, {""distance"": 10.5196, ""mode"": ""frontier"", ""route"": 5, ""step"": 264}, {""distance"": 7.8068, ""mode"": ""frontier"", ""route"": 5, ""step"": 288}, {""distance"": 3.898399999999999, ""mode"": ""frontier"", ""route"": 5, ""step"": 312}, {""distance"": 5.504999999999999, ""mode"": ""frontier"", ""route"": 5, ""step"": 336}, {""distance"": 11.553, ""mode"": ""frontier"", ""route"": 4, ""step"": 360}, {""distance"": 9.968, ""mode"": ""frontier"", ""route"": 4, ""step"": 384}, {""distance"": 10.988399999999999, ""mode"": ""frontier"", ""route"": 4, ""step"": 408}, {""distance"": 10.643799999999999, ""mode"": ""frontier"", ""route"": 4, ""step"": 432}, {""distance"": 9.898, ""mode"": ""frontier"", ""route"": 4, ""step"": 456}, {""distance"": 12.000000000000002, ""mode"": ""frontier"", ""route"": 4, ""step"": 480}, {""distance"": 10.598200000000002, ""mode"": ""frontier"", ""route"": 4, ""step"": 504}, {""distance"": 15.5794, ""mode"": ""frontier"", ""route"": 5, ""step"": 528}, {""distance"": 15.3204, ""mode"": ""frontier"", ""route"": 5, ""step"": 552}, {""distance"": 15.985600000000002, ""mode"": ""frontier"", ""route"": 4, ""step"": 576}, {""distance"": 16.5506, ""mode"": ""frontier"", ""route"": 5, ""step"": 600}, {""distance"": 12.215399999999999, ""mode"": ""frontier"", ""route"": 5, ""step"": 624}, {""distance"": 16.3986, ""mode"": ""frontier"", ""route"": 5, ""step"": 648}, {""distance"": 18.439999999999998, ""mode"": ""frontier"", ""route"": 5, ""step"": 672}, {""distance"": 17.775000000000002, ""mode"": ""frontier"", ""route"": 5, ""step"": 696}]","{""0"": 161.0, ""1"": 216.0, ""10"": 3123.0, ""11"": 8923.0, ""12"": 12424.0, ""13"": 13405.0, ""14"": 18924.0, ""15"": 21657.0, ""16"": 23016.0, ""17"": 26836.0, ""18"": 30388.0, ""19"": 34527.0, ""2"": 481.0, ""20"": 40733.0, ""21"": 43908.0, ""22"": 52038.0, ""23"": 58607.0, ""24"": 68117.0, ""25"": 74942.0, ""26"": 81819.0, ""27"": 86494.0, ""28"": 87881.0, ""3"": 715.0, ""4"": 447.0, ""5"": 540.0, ""6"": 1541.0, ""7"": 461.0, ""8"": 529.0, ""9"": 349.0}","{""BUILD_PASTURE"": 14, ""CARE"": 311, ""COLLECT_FERTILIZER"": 326, ""DIG"": 34, ""DROP"": 95, ""EAST"": 791, ""FEED"": 324, ""FERTILIZE"": 90, ""HARVEST"": 302, ""NORTH"": 1223, ""PASS"": 495, ""PICKUP"": 367, ""PLACE"": 21, ""PLANT"": 99, ""SOUTH"": 917, ""WATER"": 791, ""WEST"": 1078}","{""BUY_ANIMAL"": 14, ""BUY_LAND"": 2, ""BUY_PRODUCT"": 324, ""BUY_SEED"": 51, ""HIRE"": 304, ""SELL"": 361}","{""BUY_ANIMAL:COW"": 8, ""BUY_ANIMAL:SHEEP"": 6, ""BUY_PRODUCT:WHEAT"": 1056, ""BUY_SEED:MELON"": 21, ""BUY_SEED:STRAWBERRY"": 44, ""BUY_SEED:WHEAT"": 34, ""SELL:FERTILIZER"": 232, ""SELL:MELON"": 119, ""SELL:MILK"": 230, ""SELL:STRAWBERRY"": 291, ""SELL:WHEAT"": 853, ""SELL:WOOL"": 168}",v008_frontier,frontier
2026,1,93764.0,95875.0,-2111.0,loss,DONE,DONE,1,719,0,0,0.9128,1.5608000000000002,1.878110000000002,2.4949,4.263156800006982,2,1,"[{""distance"": 0.0, ""mode"": ""frontier"", ""route"": 6, ""step"": 0}, {""distance"": 0.0, ""mode"": ""frontier"", ""route"": 6, ""step"": 24}, {""distance"": 0.0, ""mode"": ""frontier"", ""route"": 6, ""step"": 48}, {""distance"": 0.0, ""mode"": ""frontier"", ""route"": 6, ""step"": 72}, {""distance"": 0.16020000000000015, ""mode"": ""frontier"", ""route"": 5, ""step"": 96}, {""distance"": 1.7804000000000002, ""mode"": ""frontier"", ""route"": 5, ""step"": 120}, {""distance"": 1.9222, ""mode"": ""frontier"", ""route"": 5, ""step"": 144}, {""distance"": 2.1406, ""mode"": ""frontier"", ""route"": 5, ""step"": 168}, {""distance"": 0.7614000000000001, ""mode"": ""frontier"", ""route"": 5, ""step"": 192}, {""distance"": 3.7438, ""mode"": ""frontier"", ""route"": 5, ""step"": 216}, {""distance"": 1.8276, ""mode"": ""frontier"", ""route"": 5, ""step"": 240}, {""distance"": 12.0196, ""mode"": ""frontier"", ""route"": 5, ""step"": 264}, {""distance"": 10.306799999999999, ""mode"": ""frontier"", ""route"": 5, ""step"": 288}, {""distance"": 6.398399999999999, ""mode"": ""frontier"", ""route"": 5, ""step"": 312}, {""distance"": 6.804999999999999, ""mode"": ""frontier"", ""route"": 5, ""step"": 336}, {""distance"": 13.635200000000001, ""mode"": ""frontier"", ""route"": 5, ""step"": 360}, {""distance"": 11.768, ""mode"": ""frontier"", ""route"": 4, ""step"": 384}, {""distance"": 12.788399999999998, ""mode"": ""frontier"", ""route"": 4, ""step"": 408}, {""distance"": 12.2438, ""mode"": ""frontier"", ""route"": 4, ""step"": 432}, {""distance"": 11.497999999999998, ""mode"": ""frontier"", ""route"": 4, ""step"": 456}, {""distance"": 13.700000000000003, ""mode"": ""frontier"", ""route"": 4, ""step"": 480}, {""distance"": 13.4982, ""mode"": ""frontier"", ""route"": 4, ""step"": 504}, {""distance"": 19.9794, ""mode"": ""frontier"", ""route"": 5, ""step"": 528}, {""distance"": 19.620400000000004, ""mode"": ""frontier"", ""route"": 5, ""step"": 552}, {""distance"": 20.2536, ""mode"": ""frontier"", ""route"": 5, ""step"": 576}, {""distance"": 18.0394, ""mode"": ""frontier"", ""route"": 5, ""step"": 600}, {""distance"": 12.5042, ""mode"": ""frontier"", ""route"": 5, ""step"": 624}, {""distance"": 16.687399999999997, ""mode"": ""frontier"", ""route"": 5, ""step"": 648}, {""distance"": 18.7412, ""mode"": ""frontier"", ""route"": 5, ""step"": 672}, {""distance"": 17.0762, ""mode"": ""frontier"", ""route"": 5, ""step"": 696}]","{""0"": 161.0, ""1"": 216.0, ""10"": 3123.0, ""11"": 8923.0, ""12"": 12424.0, ""13"": 13405.0, ""14"": 18924.0, ""15"": 21657.0, ""16"": 23016.0, ""17"": 26836.0, ""18"": 30388.0, ""19"": 34527.0, ""2"": 481.0, ""20"": 40733.0, ""21"": 43908.0, ""22"": 52038.0, ""23"": 58212.0, ""24"": 67375.0, ""25"": 72998.0, ""26"": 79875.0, ""27"": 84488.0, ""28"": 85875.0, ""3"": 715.0, ""4"": 447.0, ""5"": 540.0, ""6"": 1541.0, ""7"": 461.0, ""8"": 529.0, ""9"": 349.0}","{""BUILD_PASTURE"": 14, ""CARE"": 311, ""COLLECT_FERTILIZER"": 326, ""DIG"": 34, ""DROP"": 95, ""EAST"": 791, ""FEED"": 324, ""FERTILIZE"": 90, ""HARVEST"": 302, ""NORTH"": 1223, ""PASS"": 495, ""PICKUP"": 367, ""PLACE"": 21, ""PLANT"": 99, ""SOUTH"": 917, ""WATER"": 791, ""WEST"": 1078}","{""BUY_ANIMAL"": 14, ""BUY_LAND"": 2, ""BUY_PRODUCT"": 324, ""BUY_SEED"": 51, ""HIRE"": 304, ""SELL"": 362}","{""BUY_ANIMAL:COW"": 8, ""BUY_ANIMAL:SHEEP"": 6, ""BUY_PRODUCT:WHEAT"": 1056, ""BUY_SEED:MELON"": 21, ""BUY_SEED:STRAWBERRY"": 44, ""BUY_SEED:WHEAT"": 34, ""SELL:FERTILIZER"": 234, ""SELL:MELON"": 119, ""SELL:MILK"": 230, ""SELL:STRAWBERRY"": 291, ""SELL:WHEAT"": 853, ""SELL:WOOL"": 168}",v008_frontier,frontier
