seed,seat,candidate_money,opponent_money,margin,result,candidate_status,opponent_status,game_done,action_calls,agent_errors,invalid_action_shapes,runtime_p50_ms,runtime_p95_ms,runtime_p99_ms,runtime_max_ms,wall_seconds,route_fallbacks,route_switches,route_history,daily_cash,field_counts,high_value_counts,market_counts,market_quantities,eod_unwatered_mean,eod_unwatered_max,eod_weeds_mean,eod_weeds_max,max_consecutive_unwatered,v011_stats,candidate,opponent
17,0,108539.0,108539.0,0.0,tie,DONE,DONE,1,719,0,0,0.585,1.0810000000000002,1.2659245000000003,1.398541,3.5049889580041054,0,0,[],{},"{""BUILD_PASTURE"": 12, ""CARE"": 235, ""COLLECT_FERTILIZER"": 269, ""DIG"": 20, ""DROP"": 72, ""EAST"": 836, ""FEED"": 256, ""HARVEST"": 201, ""NORTH"": 1325, ""PASS"": 1662, ""PICKUP"": 66, ""PLACE"": 12, ""PLANT"": 103, ""SOUTH"": 992, ""WATER"": 740, ""WEST"": 1071}","{""HARVEST:HIGH_VALUE"": 72, ""HARVEST:MELON"": 18, ""HARVEST:STRAWBERRY"": 54, ""WATER:HIGH_VALUE"": 575, ""WATER:MELON"": 138, ""WATER:STRAWBERRY"": 437}","{""BUY_ANIMAL"": 7, ""BUY_LAND"": 2, ""BUY_PRODUCT"": 197, ""BUY_SEED"": 49, ""HIRE"": 316, ""SELL"": 190}","{""BUY_ANIMAL:COW"": 7, ""BUY_ANIMAL:SHEEP"": 5, ""BUY_PRODUCT:WHEAT"": 518, ""BUY_SEED:CARROT"": 14, ""BUY_SEED:MELON"": 18, ""BUY_SEED:STRAWBERRY"": 38, ""BUY_SEED:WHEAT"": 40, ""SELL:CARROT"": 30, ""SELL:FERTILIZER"": 269, ""SELL:MELON"": 102, ""SELL:MILK"": 183, ""SELL:STRAWBERRY"": 130, ""SELL:WHEAT"": 397, ""SELL:WOOL"": 116}",10.413793103448276,30,1.7241379310344827,16,1,{},control,baseline
17,1,108539.0,108539.0,0.0,tie,DONE,DONE,1,719,0,0,0.563875,1.0715869,1.22361124,1.387416,3.435384292002709,0,0,[],{},"{""BUILD_PASTURE"": 12, ""CARE"": 235, ""COLLECT_FERTILIZER"": 269, ""DIG"": 19, ""DROP"": 72, ""EAST"": 836, ""FEED"": 256, ""HARVEST"": 201, ""NORTH"": 1325, ""PASS"": 1663, ""PICKUP"": 66, ""PLACE"": 12, ""PLANT"": 103, ""SOUTH"": 992, ""WATER"": 740, ""WEST"": 1071}","{""HARVEST:HIGH_VALUE"": 72, ""HARVEST:MELON"": 18, ""HARVEST:STRAWBERRY"": 54, ""WATER:HIGH_VALUE"": 575, ""WATER:MELON"": 138, ""WATER:STRAWBERRY"": 437}","{""BUY_ANIMAL"": 7, ""BUY_LAND"": 2, ""BUY_PRODUCT"": 197, ""BUY_SEED"": 49, ""HIRE"": 316, ""SELL"": 190}","{""BUY_ANIMAL:COW"": 7, ""BUY_ANIMAL:SHEEP"": 5, ""BUY_PRODUCT:WHEAT"": 518, ""BUY_SEED:CARROT"": 14, ""BUY_SEED:MELON"": 18, ""BUY_SEED:STRAWBERRY"": 38, ""BUY_SEED:WHEAT"": 40, ""SELL:CARROT"": 30, ""SELL:FERTILIZER"": 269, ""SELL:MELON"": 102, ""SELL:MILK"": 183, ""SELL:STRAWBERRY"": 130, ""SELL:WHEAT"": 397, ""SELL:WOOL"": 116}",10.413793103448276,30,1.793103448275862,17,1,{},control,baseline
42,0,112687.0,113221.0,-534.0,loss,DONE,DONE,1,719,0,0,0.600875,1.0985125,1.363952440000001,72.153583,3.533649291995971,0,0,[],{},"{""BUILD_PASTURE"": 12, ""CARE"": 246, ""COLLECT_FERTILIZER"": 272, ""DIG"": 16, ""DROP"": 74, ""EAST"": 899, ""FEED"": 253, ""HARVEST"": 196, ""NORTH"": 1283, ""PASS"": 1703, ""PICKUP"": 71, ""PLACE"": 12, ""PLANT"": 101, ""SOUTH"": 939, ""WATER"": 738, ""WEST"": 1101}","{""HARVEST:HIGH_VALUE"": 72, ""HARVEST:MELON"": 18, ""HARVEST:STRAWBERRY"": 54, ""WATER:HIGH_VALUE"": 584, ""WATER:MELON"": 139, ""WATER:STRAWBERRY"": 445}","{""BUY_ANIMAL"": 6, ""BUY_LAND"": 2, ""BUY_PRODUCT"": 194, ""BUY_SEED"": 46, ""HIRE"": 318, ""SELL"": 192}","{""BUY_ANIMAL:COW"": 6, ""BUY_ANIMAL:SHEEP"": 6, ""BUY_PRODUCT:WHEAT"": 527, ""BUY_SEED:CARROT"": 12, ""BUY_SEED:MELON"": 18, ""BUY_SEED:STRAWBERRY"": 38, ""BUY_SEED:WHEAT"": 36, ""SELL:CARROT"": 30, ""SELL:FERTILIZER"": 272, ""SELL:MELON"": 103, ""SELL:MILK"": 152, ""SELL:STRAWBERRY"": 128, ""SELL:WHEAT"": 398, ""SELL:WOOL"": 141}",9.586206896551724,23,2.2758620689655173,19,1,{},control,baseline
42,1,113221.0,112687.0,534.0,win,DONE,DONE,1,719,0,0,0.575041,1.0589125,1.2296775000000002,1.32575,3.458443167000951,0,0,[],{},"{""BUILD_PASTURE"": 12, ""CARE"": 242, ""COLLECT_FERTILIZER"": 272, ""DIG"": 19, ""DROP"": 77, ""EAST"": 948, ""FEED"": 255, ""HARVEST"": 196, ""NORTH"": 1273, ""PASS"": 1666, ""PICKUP"": 71, ""PLACE"": 12, ""PLANT"": 101, ""SOUTH"": 919, ""WATER"": 748, ""WEST"": 1079}","{""HARVEST:HIGH_VALUE"": 72, ""HARVEST:MELON"": 18, ""HARVEST:STRAWBERRY"": 54, ""WATER:HIGH_VALUE"": 591, ""WATER:MELON"": 138, ""WATER:STRAWBERRY"": 453}","{""BUY_ANIMAL"": 6, ""BUY_LAND"": 2, ""BUY_PRODUCT"": 204, ""BUY_SEED"": 50, ""HIRE"": 317, ""SELL"": 191}","{""BUY_ANIMAL:COW"": 6, ""BUY_ANIMAL:SHEEP"": 6, ""BUY_PRODUCT:WHEAT"": 530, ""BUY_SEED:CARROT"": 13, ""BUY_SEED:MELON"": 18, ""BUY_SEED:STRAWBERRY"": 38, ""BUY_SEED:WHEAT"": 38, ""SELL:CARROT"": 33, ""SELL:FERTILIZER"": 272, ""SELL:MELON"": 102, ""SELL:MILK"": 157, ""SELL:STRAWBERRY"": 127, ""SELL:WHEAT"": 399, ""SELL:WOOL"": 137}",9.137931034482758,24,1.7241379310344827,13,1,{},control,baseline
2026,0,97036.0,96757.0,279.0,win,DONE,DONE,1,719,0,0,0.595166,1.0885875,1.2203605600000007,1.493083,3.527224624995142,0,0,[],{},"{""BUILD_PASTURE"": 12, ""CARE"": 216, ""COLLECT_FERTILIZER"": 274, ""DIG"": 26, ""DROP"": 69, ""EAST"": 869, ""FEED"": 257, ""HARVEST"": 181, ""NORTH"": 1318, ""PASS"": 1563, ""PICKUP"": 68, ""PLACE"": 12, ""PLANT"": 98, ""SOUTH"": 1016, ""WATER"": 778, ""WEST"": 1095}","{""HARVEST:HIGH_VALUE"": 65, ""HARVEST:MELON"": 18, ""HARVEST:STRAWBERRY"": 47, ""WATER:HIGH_VALUE"": 627, ""WATER:MELON"": 141, ""WATER:STRAWBERRY"": 486}","{""BUY_ANIMAL"": 7, ""BUY_LAND"": 2, ""BUY_PRODUCT"": 192, ""BUY_SEED"": 48, ""HIRE"": 315, ""SELL"": 181}","{""BUY_ANIMAL:COW"": 8, ""BUY_ANIMAL:SHEEP"": 4, ""BUY_PRODUCT:WHEAT"": 524, ""BUY_SEED:CARROT"": 12, ""BUY_SEED:MELON"": 18, ""BUY_SEED:STRAWBERRY"": 38, ""BUY_SEED:WHEAT"": 39, ""SELL:CARROT"": 24, ""SELL:FERTILIZER"": 274, ""SELL:MELON"": 105, ""SELL:MILK"": 180, ""SELL:STRAWBERRY"": 123, ""SELL:WHEAT"": 394, ""SELL:WOOL"": 94}",7.862068965517241,21,1.9655172413793103,12,1,{},control,baseline
2026,1,96757.0,97036.0,-279.0,loss,DONE,DONE,1,719,0,0,0.592,1.0608747,1.207238940000001,1.425875,3.473235833000217,0,0,[],{},"{""BUILD_PASTURE"": 12, ""CARE"": 209, ""COLLECT_FERTILIZER"": 274, ""DIG"": 18, ""DROP"": 78, ""EAST"": 898, ""FEED"": 254, ""HARVEST"": 180, ""NORTH"": 1364, ""PASS"": 1488, ""PICKUP"": 69, ""PLACE"": 12, ""PLANT"": 100, ""SOUTH"": 1035, ""WATER"": 767, ""WEST"": 1141}","{""HARVEST:HIGH_VALUE"": 65, ""HARVEST:MELON"": 18, ""HARVEST:STRAWBERRY"": 47, ""WATER:HIGH_VALUE"": 615, ""WATER:MELON"": 144, ""WATER:STRAWBERRY"": 471}","{""BUY_ANIMAL"": 7, ""BUY_LAND"": 2, ""BUY_PRODUCT"": 201, ""BUY_SEED"": 49, ""HIRE"": 317, ""SELL"": 190}","{""BUY_ANIMAL:COW"": 8, ""BUY_ANIMAL:SHEEP"": 4, ""BUY_PRODUCT:WHEAT"": 519, ""BUY_SEED:CARROT"": 12, ""BUY_SEED:MELON"": 18, ""BUY_SEED:STRAWBERRY"": 38, ""BUY_SEED:WHEAT"": 39, ""SELL:CARROT"": 27, ""SELL:FERTILIZER"": 274, ""SELL:MELON"": 108, ""SELL:MILK"": 173, ""SELL:STRAWBERRY"": 123, ""SELL:WHEAT"": 390, ""SELL:WOOL"": 91}",8.517241379310345,21,3.6551724137931036,20,1,{},control,baseline
217,0,101177.0,99287.0,1890.0,win,DONE,DONE,1,719,0,0,0.608583,1.0757503000000002,1.24186994,1.49925,3.488165124996158,0,0,[],{},"{""BUILD_PASTURE"": 12, ""CARE"": 246, ""COLLECT_FERTILIZER"": 275, ""DIG"": 17, ""DROP"": 81, ""EAST"": 876, ""FEED"": 261, ""HARVEST"": 197, ""NORTH"": 1329, ""PASS"": 1642, ""PICKUP"": 70, ""PLACE"": 12, ""PLANT"": 102, ""SOUTH"": 952, ""WATER"": 740, ""WEST"": 1081}","{""HARVEST:HIGH_VALUE"": 71, ""HARVEST:MELON"": 18, ""HARVEST:STRAWBERRY"": 53, ""WATER:HIGH_VALUE"": 587, ""WATER:MELON"": 144, ""WATER:STRAWBERRY"": 443}","{""BUY_ANIMAL"": 7, ""BUY_LAND"": 2, ""BUY_PRODUCT"": 198, ""BUY_SEED"": 46, ""HIRE"": 317, ""SELL"": 190}","{""BUY_ANIMAL:COW"": 4, ""BUY_ANIMAL:SHEEP"": 8, ""BUY_PRODUCT:WHEAT"": 522, ""BUY_SEED:CARROT"": 13, ""BUY_SEED:MELON"": 18, ""BUY_SEED:STRAWBERRY"": 38, ""BUY_SEED:WHEAT"": 35, ""SELL:CARROT"": 36, ""SELL:FERTILIZER"": 275, ""SELL:MELON"": 108, ""SELL:MILK"": 117, ""SELL:STRAWBERRY"": 129, ""SELL:WHEAT"": 378, ""SELL:WOOL"": 185}",9.689655172413794,23,1.8275862068965518,17,1,{},control,baseline
217,1,99287.0,101177.0,-1890.0,loss,DONE,DONE,1,719,0,0,0.572958,1.0500663000000001,1.2084004400000012,24.2985,3.5121425409961375,0,0,[],{},"{""BUILD_PASTURE"": 12, ""CARE"": 243, ""COLLECT_FERTILIZER"": 275, ""DIG"": 19, ""DROP"": 78, ""EAST"": 851, ""FEED"": 263, ""HARVEST"": 196, ""NORTH"": 1325, ""PASS"": 1613, ""PICKUP"": 69, ""PLACE"": 12, ""PLANT"": 102, ""SOUTH"": 992, ""WATER"": 750, ""WEST"": 1090}","{""HARVEST:HIGH_VALUE"": 71, ""HARVEST:MELON"": 18, ""HARVEST:STRAWBERRY"": 53, ""WATER:HIGH_VALUE"": 591, ""WATER:MELON"": 143, ""WATER:STRAWBERRY"": 448}","{""BUY_ANIMAL"": 7, ""BUY_LAND"": 2, ""BUY_PRODUCT"": 207, ""BUY_SEED"": 47, ""HIRE"": 317, ""SELL"": 207}","{""BUY_ANIMAL:COW"": 4, ""BUY_ANIMAL:SHEEP"": 8, ""BUY_PRODUCT:WHEAT"": 525, ""BUY_SEED:CARROT"": 14, ""BUY_SEED:MELON"": 18, ""BUY_SEED:STRAWBERRY"": 38, ""BUY_SEED:WHEAT"": 36, ""SELL:CARROT"": 33, ""SELL:FERTILIZER"": 275, ""SELL:MELON"": 107, ""SELL:MILK"": 113, ""SELL:STRAWBERRY"": 128, ""SELL:WHEAT"": 388, ""SELL:WOOL"": 188}",9.758620689655173,22,1.8275862068965518,15,1,{},control,baseline
317,0,110846.0,110846.0,0.0,tie,DONE,DONE,1,719,0,0,0.587042,1.0663459,1.2787780600000007,36.594333,3.429892790998565,0,0,[],{},"{""BUILD_PASTURE"": 12, ""CARE"": 241, ""COLLECT_FERTILIZER"": 269, ""DIG"": 29, ""DROP"": 58, ""EAST"": 953, ""FEED"": 260, ""HARVEST"": 178, ""NORTH"": 1229, ""PASS"": 1681, ""PICKUP"": 71, ""PLACE"": 12, ""PLANT"": 94, ""SOUTH"": 859, ""WATER"": 726, ""WEST"": 1109}","{""HARVEST:HIGH_VALUE"": 62, ""HARVEST:MELON"": 18, ""HARVEST:STRAWBERRY"": 44, ""WATER:HIGH_VALUE"": 594, ""WATER:MELON"": 136, ""WATER:STRAWBERRY"": 458}","{""BUY_ANIMAL"": 6, ""BUY_LAND"": 2, ""BUY_PRODUCT"": 197, ""BUY_SEED"": 44, ""HIRE"": 312, ""SELL"": 163}","{""BUY_ANIMAL:COW"": 6, ""BUY_ANIMAL:SHEEP"": 6, ""BUY_PRODUCT:WHEAT"": 524, ""BUY_SEED:CARROT"": 9, ""BUY_SEED:MELON"": 18, ""BUY_SEED:STRAWBERRY"": 38, ""BUY_SEED:WHEAT"": 38, ""SELL:CARROT"": 20, ""SELL:FERTILIZER"": 269, ""SELL:MELON"": 100, ""SELL:MILK"": 150, ""SELL:STRAWBERRY"": 116, ""SELL:WHEAT"": 372, ""SELL:WOOL"": 149}",9.344827586206897,25,0.8620689655172413,6,1,{},control,baseline
317,1,110846.0,110846.0,0.0,tie,DONE,DONE,1,719,0,0,0.57025,1.0404077000000003,1.2403323800000023,1.357542,3.4209622500056867,0,0,[],{},"{""BUILD_PASTURE"": 12, ""CARE"": 241, ""COLLECT_FERTILIZER"": 269, ""DIG"": 31, ""DROP"": 58, ""EAST"": 952, ""FEED"": 260, ""HARVEST"": 178, ""NORTH"": 1231, ""PASS"": 1674, ""PICKUP"": 71, ""PLACE"": 12, ""PLANT"": 94, ""SOUTH"": 860, ""WATER"": 726, ""WEST"": 1112}","{""HARVEST:HIGH_VALUE"": 62, ""HARVEST:MELON"": 18, ""HARVEST:STRAWBERRY"": 44, ""WATER:HIGH_VALUE"": 594, ""WATER:MELON"": 136, ""WATER:STRAWBERRY"": 458}","{""BUY_ANIMAL"": 6, ""BUY_LAND"": 2, ""BUY_PRODUCT"": 197, ""BUY_SEED"": 44, ""HIRE"": 312, ""SELL"": 163}","{""BUY_ANIMAL:COW"": 6, ""BUY_ANIMAL:SHEEP"": 6, ""BUY_PRODUCT:WHEAT"": 524, ""BUY_SEED:CARROT"": 9, ""BUY_SEED:MELON"": 18, ""BUY_SEED:STRAWBERRY"": 38, ""BUY_SEED:WHEAT"": 38, ""SELL:CARROT"": 20, ""SELL:FERTILIZER"": 269, ""SELL:MELON"": 100, ""SELL:MILK"": 150, ""SELL:STRAWBERRY"": 116, ""SELL:WHEAT"": 372, ""SELL:WOOL"": 149}",9.344827586206897,25,0.896551724137931,7,1,{},control,baseline
733,0,104954.0,104592.0,362.0,win,DONE,DONE,1,719,0,0,0.5775,1.1233423,1.3361664400000008,36.500709,3.5149629160005134,0,0,[],{},"{""BUILD_PASTURE"": 12, ""CARE"": 240, ""COLLECT_FERTILIZER"": 270, ""DIG"": 29, ""DROP"": 77, ""EAST"": 834, ""FEED"": 254, ""HARVEST"": 196, ""NORTH"": 1299, ""PASS"": 1653, ""PICKUP"": 70, ""PLACE"": 12, ""PLANT"": 106, ""SOUTH"": 964, ""WATER"": 731, ""WEST"": 1078}","{""HARVEST:HIGH_VALUE"": 67, ""HARVEST:MELON"": 18, ""HARVEST:STRAWBERRY"": 49, ""WATER:HIGH_VALUE"": 563, ""WATER:MELON"": 139, ""WATER:STRAWBERRY"": 424}","{""BUY_ANIMAL"": 6, ""BUY_LAND"": 2, ""BUY_PRODUCT"": 197, ""BUY_SEED"": 44, ""HIRE"": 314, ""SELL"": 189}","{""BUY_ANIMAL:COW"": 6, ""BUY_ANIMAL:SHEEP"": 6, ""BUY_PRODUCT:WHEAT"": 520, ""BUY_SEED:CARROT"": 17, ""BUY_SEED:MELON"": 18, ""BUY_SEED:STRAWBERRY"": 38, ""BUY_SEED:WHEAT"": 37, ""SELL:CARROT"": 39, ""SELL:FERTILIZER"": 270, ""SELL:MELON"": 103, ""SELL:MILK"": 159, ""SELL:STRAWBERRY"": 124, ""SELL:WHEAT"": 395, ""SELL:WOOL"": 120}",10.620689655172415,27,1.6551724137931034,9,1,{},control,baseline
733,1,104592.0,104954.0,-362.0,loss,DONE,DONE,1,719,0,0,0.576042,1.0706628,1.2605006800000003,1.400709,3.5633770839995123,0,0,[],{},"{""BUILD_PASTURE"": 12, ""CARE"": 230, ""COLLECT_FERTILIZER"": 267, ""DIG"": 22, ""DROP"": 81, ""EAST"": 865, ""FEED"": 254, ""HARVEST"": 194, ""NORTH"": 1333, ""PASS"": 1606, ""PICKUP"": 70, ""PLACE"": 12, ""PLANT"": 105, ""SOUTH"": 1001, ""WATER"": 717, ""WEST"": 1080}","{""HARVEST:HIGH_VALUE"": 67, ""HARVEST:MELON"": 18, ""HARVEST:STRAWBERRY"": 49, ""WATER:HIGH_VALUE"": 552, ""WATER:MELON"": 138, ""WATER:STRAWBERRY"": 414}","{""BUY_ANIMAL"": 6, ""BUY_LAND"": 2, ""BUY_PRODUCT"": 206, ""BUY_SEED"": 42, ""HIRE"": 315, ""SELL"": 192}","{""BUY_ANIMAL:COW"": 6, ""BUY_ANIMAL:SHEEP"": 6, ""BUY_PRODUCT:WHEAT"": 515, ""BUY_SEED:CARROT"": 14, ""BUY_SEED:MELON"": 18, ""BUY_SEED:STRAWBERRY"": 38, ""BUY_SEED:WHEAT"": 36, ""SELL:CARROT"": 42, ""SELL:FERTILIZER"": 267, ""SELL:MELON"": 102, ""SELL:MILK"": 153, ""SELL:STRAWBERRY"": 124, ""SELL:WHEAT"": 381, ""SELL:WOOL"": 124}",10.96551724137931,27,2.2413793103448274,14,1,{},control,baseline
17,0,139270.0,3484.0,135786.0,win,DONE,DONE,1,719,0,0,0.603667,1.0860795,1.251630560000001,53.280084,2.178713749999588,0,0,[],{},"{""BUILD_PASTURE"": 12, ""CARE"": 236, ""COLLECT_FERTILIZER"": 273, ""DIG"": 17, ""DROP"": 86, ""EAST"": 943, ""FEED"": 260, ""HARVEST"": 203, ""NORTH"": 1323, ""PASS"": 1661, ""PICKUP"": 69, ""PLACE"": 12, ""PLANT"": 103, ""SOUTH"": 908, ""WATER"": 740, ""WEST"": 1141}","{""HARVEST:HIGH_VALUE"": 71, ""HARVEST:MELON"": 20, ""HARVEST:STRAWBERRY"": 51, ""WATER:HIGH_VALUE"": 584, ""WATER:MELON"": 160, ""WATER:STRAWBERRY"": 424}","{""BUY_ANIMAL"": 7, ""BUY_LAND"": 2, ""BUY_PRODUCT"": 197, ""BUY_SEED"": 51, ""HIRE"": 321, ""SELL"": 187}","{""BUY_ANIMAL:COW"": 9, ""BUY_ANIMAL:SHEEP"": 3, ""BUY_PRODUCT:WHEAT"": 537, ""BUY_SEED:CARROT"": 13, ""BUY_SEED:MELON"": 20, ""BUY_SEED:STRAWBERRY"": 37, ""BUY_SEED:WHEAT"": 35, ""SELL:CARROT"": 36, ""SELL:FERTILIZER"": 273, ""SELL:MELON"": 120, ""SELL:MILK"": 224, ""SELL:STRAWBERRY"": 125, ""SELL:WHEAT"": 397, ""SELL:WOOL"": 81}",10,23,1.7241379310344827,14,1,{},control,starter
17,1,138229.0,3499.0,134730.0,win,DONE,DONE,1,719,0,0,0.599167,1.0822378000000001,1.3054350600000006,2.31575,2.2051598750040284,0,0,[],{},"{""BUILD_PASTURE"": 12, ""CARE"": 239, ""COLLECT_FERTILIZER"": 271, ""DIG"": 15, ""DROP"": 88, ""EAST"": 952, ""FEED"": 259, ""HARVEST"": 212, ""NORTH"": 1357, ""PASS"": 1600, ""PICKUP"": 66, ""PLACE"": 12, ""PLANT"": 108, ""SOUTH"": 949, ""WATER"": 744, ""WEST"": 1121}","{""HARVEST:HIGH_VALUE"": 74, ""HARVEST:MELON"": 20, ""HARVEST:STRAWBERRY"": 54, ""WATER:HIGH_VALUE"": 577, ""WATER:MELON"": 159, ""WATER:STRAWBERRY"": 418}","{""BUY_ANIMAL"": 7, ""BUY_LAND"": 2, ""BUY_PRODUCT"": 216, ""BUY_SEED"": 59, ""HIRE"": 322, ""SELL"": 192}","{""BUY_ANIMAL:COW"": 7, ""BUY_ANIMAL:SHEEP"": 5, ""BUY_PRODUCT:WHEAT"": 551, ""BUY_SEED:CARROT"": 13, ""BUY_SEED:MELON"": 20, ""BUY_SEED:STRAWBERRY"": 37, ""BUY_SEED:WHEAT"": 38, ""SELL:CARROT"": 39, ""SELL:FERTILIZER"": 271, ""SELL:MELON"": 119, ""SELL:MILK"": 177, ""SELL:STRAWBERRY"": 128, ""SELL:WHEAT"": 420, ""SELL:WOOL"": 130}",10,28,1.4827586206896552,9,1,{},control,starter
42,0,139426.0,3495.0,135931.0,win,DONE,DONE,1,719,0,0,0.595,1.1061625,1.2450829400000003,1.424916,2.1638836249985616,0,0,[],{},"{""BUILD_PASTURE"": 12, ""CARE"": 240, ""COLLECT_FERTILIZER"": 272, ""DIG"": 25, ""DROP"": 91, ""EAST"": 921, ""FEED"": 264, ""HARVEST"": 201, ""NORTH"": 1301, ""PASS"": 1636, ""PICKUP"": 65, ""PLACE"": 12, ""PLANT"": 101, ""SOUTH"": 1004, ""WATER"": 728, ""WEST"": 1096}","{""HARVEST:HIGH_VALUE"": 68, ""HARVEST:MELON"": 20, ""HARVEST:STRAWBERRY"": 48, ""WATER:HIGH_VALUE"": 578, ""WATER:MELON"": 159, ""WATER:STRAWBERRY"": 419}","{""BUY_ANIMAL"": 6, ""BUY_LAND"": 2, ""BUY_PRODUCT"": 198, ""BUY_SEED"": 48, ""HIRE"": 320, ""SELL"": 180}","{""BUY_ANIMAL:COW"": 10, ""BUY_ANIMAL:SHEEP"": 2, ""BUY_PRODUCT:WHEAT"": 530, ""BUY_SEED:CARROT"": 11, ""BUY_SEED:MELON"": 20, ""BUY_SEED:STRAWBERRY"": 37, ""BUY_SEED:WHEAT"": 37, ""SELL:CARROT"": 27, ""SELL:FERTILIZER"": 272, ""SELL:MELON"": 119, ""SELL:MILK"": 246, ""SELL:STRAWBERRY"": 121, ""SELL:WHEAT"": 389, ""SELL:WOOL"": 68}",10.275862068965518,25,1.1379310344827587,8,1,{},control,starter
42,1,140738.0,3497.0,137241.0,win,DONE,DONE,1,719,0,0,0.595,1.0982038,1.3185811800000002,3.835666,2.286430375002965,0,0,[],{},"{""BUILD_PASTURE"": 12, ""CARE"": 236, ""COLLECT_FERTILIZER"": 274, ""DIG"": 19, ""DROP"": 88, ""EAST"": 908, ""FEED"": 261, ""HARVEST"": 200, ""NORTH"": 1344, ""PASS"": 1680, ""PICKUP"": 65, ""PLACE"": 12, ""PLANT"": 98, ""SOUTH"": 952, ""WATER"": 745, ""WEST"": 1073}","{""HARVEST:HIGH_VALUE"": 70, ""HARVEST:MELON"": 20, ""HARVEST:STRAWBERRY"": 50, ""WATER:HIGH_VALUE"": 604, ""WATER:MELON"": 159, ""WATER:STRAWBERRY"": 445}","{""BUY_ANIMAL"": 6, ""BUY_LAND"": 2, ""BUY_PRODUCT"": 214, ""BUY_SEED"": 42, ""HIRE"": 320, ""SELL"": 184}","{""BUY_ANIMAL:COW"": 10, ""BUY_ANIMAL:SHEEP"": 2, ""BUY_PRODUCT:WHEAT"": 538, ""BUY_SEED:CARROT"": 12, ""BUY_SEED:MELON"": 20, ""BUY_SEED:STRAWBERRY"": 37, ""BUY_SEED:WHEAT"": 32, ""SELL:CARROT"": 27, ""SELL:FERTILIZER"": 274, ""SELL:MELON"": 119, ""SELL:MILK"": 239, ""SELL:STRAWBERRY"": 124, ""SELL:WHEAT"": 391, ""SELL:WOOL"": 64}",9.344827586206897,24,2.0344827586206895,15,1,{},control,starter
2026,0,136263.0,3493.0,132770.0,win,DONE,DONE,1,719,0,0,0.60025,1.0708581000000004,1.2440186800000013,31.818375,2.2297506660033832,0,0,[],{},"{""BUILD_PASTURE"": 12, ""CARE"": 242, ""COLLECT_FERTILIZER"": 267, ""DIG"": 17, ""DROP"": 88, ""EAST"": 900, ""FEED"": 263, ""HARVEST"": 202, ""NORTH"": 1334, ""PASS"": 1661, ""PICKUP"": 69, ""PLACE"": 12, ""PLANT"": 107, ""SOUTH"": 1015, ""WATER"": 753, ""WEST"": 1128}","{""HARVEST:HIGH_VALUE"": 73, ""HARVEST:MELON"": 20, ""HARVEST:STRAWBERRY"": 53, ""WATER:HIGH_VALUE"": 585, ""WATER:MELON"": 159, ""WATER:STRAWBERRY"": 426}","{""BUY_ANIMAL"": 7, ""BUY_LAND"": 2, ""BUY_PRODUCT"": 206, ""BUY_SEED"": 56, ""HIRE"": 325, ""SELL"": 197}","{""BUY_ANIMAL:COW"": 5, ""BUY_ANIMAL:SHEEP"": 7, ""BUY_PRODUCT:WHEAT"": 537, ""BUY_SEED:CARROT"": 12, ""BUY_SEED:MELON"": 20, ""BUY_SEED:STRAWBERRY"": 37, ""BUY_SEED:WHEAT"": 41, ""SELL:CARROT"": 30, ""SELL:FERTILIZER"": 267, ""SELL:MELON"": 119, ""SELL:MILK"": 131, ""SELL:STRAWBERRY"": 127, ""SELL:WHEAT"": 407, ""SELL:WOOL"": 178}",9.689655172413794,27,1.206896551724138,9,1,{},control,starter
2026,1,135325.0,3493.0,131832.0,win,DONE,DONE,1,719,0,0,0.594833,1.0745000000000002,1.2566737400000012,1.472875,2.1780521250038873,0,0,[],{},"{""BUILD_PASTURE"": 12, ""CARE"": 245, ""COLLECT_FERTILIZER"": 273, ""DIG"": 17, ""DROP"": 79, ""EAST"": 903, ""FEED"": 260, ""HARVEST"": 201, ""NORTH"": 1300, ""PASS"": 1670, ""PICKUP"": 69, ""PLACE"": 12, ""PLANT"": 106, ""SOUTH"": 995, ""WATER"": 759, ""WEST"": 1120}","{""HARVEST:HIGH_VALUE"": 73, ""HARVEST:MELON"": 20, ""HARVEST:STRAWBERRY"": 53, ""WATER:HIGH_VALUE"": 596, ""WATER:MELON"": 159, ""WATER:STRAWBERRY"": 437}","{""BUY_ANIMAL"": 7, ""BUY_LAND"": 2, ""BUY_PRODUCT"": 200, ""BUY_SEED"": 56, ""HIRE"": 323, ""SELL"": 193}","{""BUY_ANIMAL:COW"": 5, ""BUY_ANIMAL:SHEEP"": 7, ""BUY_PRODUCT:WHEAT"": 523, ""BUY_SEED:CARROT"": 13, ""BUY_SEED:MELON"": 20, ""BUY_SEED:STRAWBERRY"": 37, ""BUY_SEED:WHEAT"": 39, ""SELL:CARROT"": 33, ""SELL:FERTILIZER"": 273, ""SELL:MELON"": 119, ""SELL:MILK"": 126, ""SELL:STRAWBERRY"": 127, ""SELL:WHEAT"": 393, ""SELL:WOOL"": 176}",9.620689655172415,27,1.6206896551724137,11,1,{},control,starter
217,0,134591.0,3497.0,131094.0,win,DONE,DONE,1,719,0,0,0.593917,1.0729952,1.2285111800000004,1.461875,2.2041989999997895,0,0,[],{},"{""BUILD_PASTURE"": 12, ""CARE"": 245, ""COLLECT_FERTILIZER"": 274, ""DIG"": 22, ""DROP"": 82, ""EAST"": 897, ""FEED"": 262, ""HARVEST"": 198, ""NORTH"": 1318, ""PASS"": 1647, ""PICKUP"": 66, ""PLACE"": 12, ""PLANT"": 99, ""SOUTH"": 944, ""WATER"": 749, ""WEST"": 1116}","{""HARVEST:HIGH_VALUE"": 67, ""HARVEST:MELON"": 20, ""HARVEST:STRAWBERRY"": 47, ""WATER:HIGH_VALUE"": 598, ""WATER:MELON"": 160, ""WATER:STRAWBERRY"": 438}","{""BUY_ANIMAL"": 7, ""BUY_LAND"": 2, ""BUY_PRODUCT"": 207, ""BUY_SEED"": 49, ""HIRE"": 319, ""SELL"": 181}","{""BUY_ANIMAL:COW"": 9, ""BUY_ANIMAL:SHEEP"": 3, ""BUY_PRODUCT:WHEAT"": 540, ""BUY_SEED:CARROT"": 12, ""BUY_SEED:MELON"": 20, ""BUY_SEED:STRAWBERRY"": 37, ""BUY_SEED:WHEAT"": 38, ""SELL:CARROT"": 27, ""SELL:FERTILIZER"": 274, ""SELL:MELON"": 120, ""SELL:MILK"": 231, ""SELL:STRAWBERRY"": 121, ""SELL:WHEAT"": 402, ""SELL:WOOL"": 78}",9.620689655172415,22,1.793103448275862,14,1,{},control,starter
217,1,140567.0,3477.0,137090.0,win,DONE,DONE,1,719,0,0,0.60075,1.0825500000000001,1.2728049400000023,1.409083,2.218727375002345,0,0,[],{},"{""BUILD_PASTURE"": 12, ""CARE"": 242, ""COLLECT_FERTILIZER"": 272, ""DIG"": 24, ""DROP"": 92, ""EAST"": 945, ""FEED"": 260, ""HARVEST"": 198, ""NORTH"": 1345, ""PASS"": 1590, ""PICKUP"": 66, ""PLACE"": 12, ""PLANT"": 101, ""SOUTH"": 990, ""WATER"": 731, ""WEST"": 1128}","{""HARVEST:HIGH_VALUE"": 68, ""HARVEST:MELON"": 20, ""HARVEST:STRAWBERRY"": 48, ""WATER:HIGH_VALUE"": 584, ""WATER:MELON"": 159, ""WATER:STRAWBERRY"": 425}","{""BUY_ANIMAL"": 6, ""BUY_LAND"": 2, ""BUY_PRODUCT"": 216, ""BUY_SEED"": 46, ""HIRE"": 322, ""SELL"": 196}","{""BUY_ANIMAL:COW"": 8, ""BUY_ANIMAL:SHEEP"": 4, ""BUY_PRODUCT:WHEAT"": 532, ""BUY_SEED:CARROT"": 11, ""BUY_SEED:MELON"": 20, ""BUY_SEED:STRAWBERRY"": 37, ""BUY_SEED:WHEAT"": 36, ""SELL:CARROT"": 30, ""SELL:FERTILIZER"": 272, ""SELL:MELON"": 119, ""SELL:MILK"": 208, ""SELL:STRAWBERRY"": 122, ""SELL:WHEAT"": 389, ""SELL:WOOL"": 96}",9.862068965517242,23,0.9655172413793104,8,1,{},control,starter
317,0,132023.0,3475.0,128548.0,win,DONE,DONE,1,719,0,0,0.575167,1.0736712000000002,1.284897500000001,1.358917,2.141230125002039,0,0,[],{},"{""BUILD_PASTURE"": 12, ""CARE"": 248, ""COLLECT_FERTILIZER"": 274, ""DIG"": 28, ""DROP"": 75, ""EAST"": 911, ""FEED"": 258, ""HARVEST"": 195, ""NORTH"": 1271, ""PASS"": 1705, ""PICKUP"": 65, ""PLACE"": 12, ""PLANT"": 99, ""SOUTH"": 917, ""WATER"": 755, ""WEST"": 1098}","{""HARVEST:HIGH_VALUE"": 67, ""HARVEST:MELON"": 20, ""HARVEST:STRAWBERRY"": 47, ""WATER:HIGH_VALUE"": 605, ""WATER:MELON"": 160, ""WATER:STRAWBERRY"": 445}","{""BUY_ANIMAL"": 7, ""BUY_LAND"": 2, ""BUY_PRODUCT"": 205, ""BUY_SEED"": 44, ""HIRE"": 318, ""SELL"": 172}","{""BUY_ANIMAL:COW"": 7, ""BUY_ANIMAL:SHEEP"": 5, ""BUY_PRODUCT:WHEAT"": 533, ""BUY_SEED:CARROT"": 12, ""BUY_SEED:MELON"": 20, ""BUY_SEED:STRAWBERRY"": 37, ""BUY_SEED:WHEAT"": 35, ""SELL:CARROT"": 30, ""SELL:FERTILIZER"": 274, ""SELL:MELON"": 120, ""SELL:MILK"": 187, ""SELL:STRAWBERRY"": 121, ""SELL:WHEAT"": 395, ""SELL:WOOL"": 114}",9.137931034482758,22,1.5172413793103448,10,1,{},control,starter
317,1,132121.0,3475.0,128646.0,win,DONE,DONE,1,719,0,0,0.573958,1.0893297000000002,1.2550914400000004,30.022375,2.1728060000023106,0,0,[],{},"{""BUILD_PASTURE"": 12, ""CARE"": 250, ""COLLECT_FERTILIZER"": 274, ""DIG"": 29, ""DROP"": 76, ""EAST"": 921, ""FEED"": 258, ""HARVEST"": 195, ""NORTH"": 1283, ""PASS"": 1656, ""PICKUP"": 65, ""PLACE"": 12, ""PLANT"": 100, ""SOUTH"": 932, ""WATER"": 759, ""WEST"": 1101}","{""HARVEST:HIGH_VALUE"": 67, ""HARVEST:MELON"": 20, ""HARVEST:STRAWBERRY"": 47, ""WATER:HIGH_VALUE"": 606, ""WATER:MELON"": 160, ""WATER:STRAWBERRY"": 446}","{""BUY_ANIMAL"": 7, ""BUY_LAND"": 2, ""BUY_PRODUCT"": 204, ""BUY_SEED"": 44, ""HIRE"": 318, ""SELL"": 180}","{""BUY_ANIMAL:COW"": 7, ""BUY_ANIMAL:SHEEP"": 5, ""BUY_PRODUCT:WHEAT"": 531, ""BUY_SEED:CARROT"": 12, ""BUY_SEED:MELON"": 20, ""BUY_SEED:STRAWBERRY"": 37, ""BUY_SEED:WHEAT"": 35, ""SELL:CARROT"": 27, ""SELL:FERTILIZER"": 274, ""SELL:MELON"": 120, ""SELL:MILK"": 187, ""SELL:STRAWBERRY"": 121, ""SELL:WHEAT"": 397, ""SELL:WOOL"": 114}",9.137931034482758,22,1.4827586206896552,10,1,{},control,starter
733,0,135613.0,3505.0,132108.0,win,DONE,DONE,1,719,0,0,0.591083,1.0927038,1.2964335600000025,1.426208,2.207193875001394,0,0,[],{},"{""BUILD_PASTURE"": 12, ""CARE"": 233, ""COLLECT_FERTILIZER"": 269, ""DIG"": 18, ""DROP"": 79, ""EAST"": 902, ""FEED"": 259, ""HARVEST"": 204, ""NORTH"": 1332, ""PASS"": 1677, ""PICKUP"": 66, ""PLACE"": 12, ""PLANT"": 103, ""SOUTH"": 949, ""WATER"": 745, ""WEST"": 1108}","{""HARVEST:HIGH_VALUE"": 67, ""HARVEST:MELON"": 20, ""HARVEST:STRAWBERRY"": 47, ""WATER:HIGH_VALUE"": 587, ""WATER:MELON"": 160, ""WATER:STRAWBERRY"": 427}","{""BUY_ANIMAL"": 6, ""BUY_LAND"": 2, ""BUY_PRODUCT"": 210, ""BUY_SEED"": 44, ""HIRE"": 320, ""SELL"": 175}","{""BUY_ANIMAL:COW"": 10, ""BUY_ANIMAL:SHEEP"": 2, ""BUY_PRODUCT:WHEAT"": 538, ""BUY_SEED:CARROT"": 12, ""BUY_SEED:MELON"": 20, ""BUY_SEED:STRAWBERRY"": 37, ""BUY_SEED:WHEAT"": 34, ""SELL:CARROT"": 36, ""SELL:FERTILIZER"": 269, ""SELL:MELON"": 120, ""SELL:MILK"": 241, ""SELL:STRAWBERRY"": 121, ""SELL:WHEAT"": 401, ""SELL:WOOL"": 66}",9.793103448275861,22,1.793103448275862,18,1,{},control,starter
733,1,136662.0,3505.0,133157.0,win,DONE,DONE,1,719,0,0,0.592875,1.0784089000000001,1.3099156200000004,32.727458,2.2306402919930406,0,0,[],{},"{""BUILD_PASTURE"": 12, ""CARE"": 241, ""COLLECT_FERTILIZER"": 273, ""DIG"": 15, ""DROP"": 84, ""EAST"": 921, ""FEED"": 259, ""HARVEST"": 203, ""NORTH"": 1313, ""PASS"": 1686, ""PICKUP"": 67, ""PLACE"": 12, ""PLANT"": 102, ""SOUTH"": 909, ""WATER"": 751, ""WEST"": 1123}","{""HARVEST:HIGH_VALUE"": 67, ""HARVEST:MELON"": 20, ""HARVEST:STRAWBERRY"": 47, ""WATER:HIGH_VALUE"": 597, ""WATER:MELON"": 160, ""WATER:STRAWBERRY"": 437}","{""BUY_ANIMAL"": 6, ""BUY_LAND"": 2, ""BUY_PRODUCT"": 214, ""BUY_SEED"": 46, ""HIRE"": 320, ""SELL"": 173}","{""BUY_ANIMAL:COW"": 10, ""BUY_ANIMAL:SHEEP"": 2, ""BUY_PRODUCT:WHEAT"": 532, ""BUY_SEED:CARROT"": 12, ""BUY_SEED:MELON"": 20, ""BUY_SEED:STRAWBERRY"": 37, ""BUY_SEED:WHEAT"": 33, ""SELL:CARROT"": 36, ""SELL:FERTILIZER"": 273, ""SELL:MELON"": 120, ""SELL:MILK"": 243, ""SELL:STRAWBERRY"": 121, ""SELL:WHEAT"": 391, ""SELL:WOOL"": 68}",9.758620689655173,22,2.0689655172413794,20,1,{},control,starter
17,0,140830.0,0.0,140830.0,win,DONE,DONE,1,719,0,0,0.599666,1.0885497,1.2726598800000006,1.473709,2.243920957997034,0,0,[],{},"{""BUILD_PASTURE"": 12, ""CARE"": 248, ""COLLECT_FERTILIZER"": 271, ""DIG"": 19, ""DROP"": 98, ""EAST"": 939, ""FEED"": 256, ""HARVEST"": 212, ""NORTH"": 1367, ""PASS"": 1570, ""PICKUP"": 65, ""PLACE"": 12, ""PLANT"": 108, ""SOUTH"": 983, ""WATER"": 739, ""WEST"": 1131}","{""HARVEST:HIGH_VALUE"": 73, ""HARVEST:MELON"": 20, ""HARVEST:STRAWBERRY"": 53, ""WATER:HIGH_VALUE"": 575, ""WATER:MELON"": 160, ""WATER:STRAWBERRY"": 415}","{""BUY_ANIMAL"": 7, ""BUY_LAND"": 2, ""BUY_PRODUCT"": 205, ""BUY_SEED"": 56, ""HIRE"": 323, ""SELL"": 201}","{""BUY_ANIMAL:COW"": 7, ""BUY_ANIMAL:SHEEP"": 5, ""BUY_PRODUCT:WHEAT"": 574, ""BUY_SEED:CARROT"": 12, ""BUY_SEED:MELON"": 20, ""BUY_SEED:STRAWBERRY"": 37, ""BUY_SEED:WHEAT"": 39, ""SELL:CARROT"": 36, ""SELL:FERTILIZER"": 271, ""SELL:MELON"": 120, ""SELL:MILK"": 182, ""SELL:STRAWBERRY"": 127, ""SELL:WHEAT"": 446, ""SELL:WOOL"": 133}",10.241379310344827,28,0.5862068965517241,3,1,{},control,random
17,1,129217.0,0.0,129217.0,win,DONE,DONE,1,719,0,0,0.596375,1.1068208000000002,1.2656463800000006,29.204542,2.3116347920004046,0,0,[],{},"{""BUILD_PASTURE"": 12, ""CARE"": 250, ""COLLECT_FERTILIZER"": 275, ""DIG"": 15, ""DROP"": 95, ""EAST"": 939, ""FEED"": 263, ""HARVEST"": 201, ""NORTH"": 1297, ""PASS"": 1607, ""PICKUP"": 66, ""PLACE"": 12, ""PLANT"": 101, ""SOUTH"": 963, ""WATER"": 742, ""WEST"": 1083}","{""HARVEST:HIGH_VALUE"": 76, ""HARVEST:MELON"": 20, ""HARVEST:STRAWBERRY"": 56, ""WATER:HIGH_VALUE"": 587, ""WATER:MELON"": 160, ""WATER:STRAWBERRY"": 427}","{""BUY_ANIMAL"": 7, ""BUY_LAND"": 2, ""BUY_PRODUCT"": 203, ""BUY_SEED"": 56, ""HIRE"": 318, ""SELL"": 191}","{""BUY_ANIMAL:COW"": 5, ""BUY_ANIMAL:SHEEP"": 7, ""BUY_PRODUCT:WHEAT"": 533, ""BUY_SEED:CARROT"": 15, ""BUY_SEED:MELON"": 20, ""BUY_SEED:STRAWBERRY"": 37, ""BUY_SEED:WHEAT"": 37, ""SELL:CARROT"": 33, ""SELL:FERTILIZER"": 275, ""SELL:MELON"": 120, ""SELL:MILK"": 132, ""SELL:STRAWBERRY"": 130, ""SELL:WHEAT"": 392, ""SELL:WOOL"": 167}",9.862068965517242,27,1.0689655172413792,10,1,{},control,random
42,0,137955.0,0.0,137955.0,win,DONE,DONE,1,719,0,0,0.595958,1.1207792,1.290282560000001,1.454792,2.254357291996712,0,0,[],{},"{""BUILD_PASTURE"": 12, ""CARE"": 243, ""COLLECT_FERTILIZER"": 273, ""DIG"": 22, ""DROP"": 84, ""EAST"": 920, ""FEED"": 262, ""HARVEST"": 203, ""NORTH"": 1277, ""PASS"": 1669, ""PICKUP"": 67, ""PLACE"": 12, ""PLANT"": 104, ""SOUTH"": 968, ""WATER"": 751, ""WEST"": 1077}","{""HARVEST:HIGH_VALUE"": 67, ""HARVEST:MELON"": 20, ""HARVEST:STRAWBERRY"": 47, ""WATER:HIGH_VALUE"": 586, ""WATER:MELON"": 159, ""WATER:STRAWBERRY"": 427}","{""BUY_ANIMAL"": 7, ""BUY_LAND"": 2, ""BUY_PRODUCT"": 188, ""BUY_SEED"": 52, ""HIRE"": 319, ""SELL"": 191}","{""BUY_ANIMAL:COW"": 9, ""BUY_ANIMAL:SHEEP"": 3, ""BUY_PRODUCT:WHEAT"": 525, ""BUY_SEED:CARROT"": 11, ""BUY_SEED:MELON"": 20, ""BUY_SEED:STRAWBERRY"": 37, ""BUY_SEED:WHEAT"": 39, ""SELL:CARROT"": 27, ""SELL:FERTILIZER"": 273, ""SELL:MELON"": 119, ""SELL:MILK"": 229, ""SELL:STRAWBERRY"": 121, ""SELL:WHEAT"": 401, ""SELL:WOOL"": 83}",9.931034482758621,24,1.4827586206896552,13,1,{},control,random
42,1,131106.0,0.0,131106.0,win,DONE,DONE,1,719,0,0,0.596709,1.1137958000000001,1.30515738,49.261542,2.2968858330059447,0,0,[],{},"{""BUILD_PASTURE"": 12, ""CARE"": 237, ""COLLECT_FERTILIZER"": 273, ""DIG"": 14, ""DROP"": 89, ""EAST"": 863, ""FEED"": 265, ""HARVEST"": 204, ""NORTH"": 1345, ""PASS"": 1667, ""PICKUP"": 65, ""PLACE"": 12, ""PLANT"": 104, ""SOUTH"": 1023, ""WATER"": 742, ""WEST"": 1073}","{""HARVEST:HIGH_VALUE"": 72, ""HARVEST:MELON"": 20, ""HARVEST:STRAWBERRY"": 52, ""WATER:HIGH_VALUE"": 579, ""WATER:MELON"": 155, ""WATER:STRAWBERRY"": 424}","{""BUY_ANIMAL"": 7, ""BUY_LAND"": 2, ""BUY_PRODUCT"": 204, ""BUY_SEED"": 51, ""HIRE"": 321, ""SELL"": 190}","{""BUY_ANIMAL:COW"": 9, ""BUY_ANIMAL:SHEEP"": 3, ""BUY_PRODUCT:WHEAT"": 525, ""BUY_SEED:CARROT"": 12, ""BUY_SEED:MELON"": 20, ""BUY_SEED:STRAWBERRY"": 37, ""BUY_SEED:WHEAT"": 37, ""SELL:CARROT"": 30, ""SELL:FERTILIZER"": 273, ""SELL:MELON"": 115, ""SELL:MILK"": 219, ""SELL:STRAWBERRY"": 126, ""SELL:WHEAT"": 393, ""SELL:WOOL"": 84}",9.89655172413793,30,1.8275862068965518,13,1,{},control,random
2026,0,133459.0,0.0,133459.0,win,DONE,DONE,1,719,0,0,0.608,1.1060253000000002,1.3536475600000004,41.0975,2.303429874998983,0,0,[],{},"{""BUILD_PASTURE"": 12, ""CARE"": 250, ""COLLECT_FERTILIZER"": 269, ""DIG"": 20, ""DROP"": 79, ""EAST"": 937, ""FEED"": 262, ""HARVEST"": 202, ""NORTH"": 1276, ""PASS"": 1654, ""PICKUP"": 69, ""PLACE"": 12, ""PLANT"": 105, ""SOUTH"": 984, ""WATER"": 754, ""WEST"": 1142}","{""HARVEST:HIGH_VALUE"": 73, ""HARVEST:MELON"": 20, ""HARVEST:STRAWBERRY"": 53, ""WATER:HIGH_VALUE"": 590, ""WATER:MELON"": 159, ""WATER:STRAWBERRY"": 431}","{""BUY_ANIMAL"": 7, ""BUY_LAND"": 2, ""BUY_PRODUCT"": 206, ""BUY_SEED"": 55, ""HIRE"": 323, ""SELL"": 188}","{""BUY_ANIMAL:COW"": 5, ""BUY_ANIMAL:SHEEP"": 7, ""BUY_PRODUCT:WHEAT"": 531, ""BUY_SEED:CARROT"": 12, ""BUY_SEED:MELON"": 20, ""BUY_SEED:STRAWBERRY"": 37, ""BUY_SEED:WHEAT"": 39, ""SELL:CARROT"": 30, ""SELL:FERTILIZER"": 269, ""SELL:MELON"": 119, ""SELL:MILK"": 132, ""SELL:STRAWBERRY"": 127, ""SELL:WHEAT"": 401, ""SELL:WOOL"": 176}",9.689655172413794,27,0.896551724137931,6,1,{},control,random
2026,1,131564.0,0.0,131564.0,win,DONE,DONE,1,719,0,0,0.623625,1.137609,1.3076411200000004,1.515209,2.3196488340036012,0,0,[],{},"{""BUILD_PASTURE"": 12, ""CARE"": 247, ""COLLECT_FERTILIZER"": 269, ""DIG"": 17, ""DROP"": 87, ""EAST"": 960, ""FEED"": 252, ""HARVEST"": 200, ""NORTH"": 1358, ""PASS"": 1553, ""PICKUP"": 70, ""PLACE"": 12, ""PLANT"": 108, ""SOUTH"": 962, ""WATER"": 725, ""WEST"": 1151}","{""HARVEST:HIGH_VALUE"": 74, ""HARVEST:MELON"": 20, ""HARVEST:STRAWBERRY"": 54, ""WATER:HIGH_VALUE"": 565, ""WATER:MELON"": 160, ""WATER:STRAWBERRY"": 405}","{""BUY_ANIMAL"": 7, ""BUY_LAND"": 2, ""BUY_PRODUCT"": 204, ""BUY_SEED"": 58, ""HIRE"": 321, ""SELL"": 187}","{""BUY_ANIMAL:COW"": 7, ""BUY_ANIMAL:SHEEP"": 5, ""BUY_PRODUCT:WHEAT"": 585, ""BUY_SEED:CARROT"": 13, ""BUY_SEED:MELON"": 20, ""BUY_SEED:STRAWBERRY"": 37, ""BUY_SEED:WHEAT"": 39, ""SELL:CARROT"": 33, ""SELL:FERTILIZER"": 269, ""SELL:MELON"": 120, ""SELL:MILK"": 168, ""SELL:STRAWBERRY"": 124, ""SELL:WHEAT"": 441, ""SELL:WOOL"": 128}",10.413793103448276,26,1.4137931034482758,7,1,{},control,random
217,0,131380.0,0.0,131380.0,win,DONE,DONE,1,719,0,0,0.603416,1.0981497,1.2934473800000001,1.555458,2.3467918329988606,0,0,[],{},"{""BUILD_PASTURE"": 12, ""CARE"": 244, ""COLLECT_FERTILIZER"": 273, ""DIG"": 19, ""DROP"": 94, ""EAST"": 881, ""FEED"": 259, ""HARVEST"": 203, ""NORTH"": 1310, ""PASS"": 1695, ""PICKUP"": 67, ""PLACE"": 12, ""PLANT"": 101, ""SOUTH"": 967, ""WATER"": 734, ""WEST"": 1094}","{""HARVEST:HIGH_VALUE"": 72, ""HARVEST:MELON"": 20, ""HARVEST:STRAWBERRY"": 52, ""WATER:HIGH_VALUE"": 584, ""WATER:MELON"": 160, ""WATER:STRAWBERRY"": 424}","{""BUY_ANIMAL"": 7, ""BUY_LAND"": 2, ""BUY_PRODUCT"": 205, ""BUY_SEED"": 46, ""HIRE"": 320, ""SELL"": 192}","{""BUY_ANIMAL:COW"": 9, ""BUY_ANIMAL:SHEEP"": 3, ""BUY_PRODUCT:WHEAT"": 530, ""BUY_SEED:CARROT"": 11, ""BUY_SEED:MELON"": 20, ""BUY_SEED:STRAWBERRY"": 37, ""BUY_SEED:WHEAT"": 34, ""SELL:CARROT"": 30, ""SELL:FERTILIZER"": 273, ""SELL:MELON"": 120, ""SELL:MILK"": 223, ""SELL:STRAWBERRY"": 126, ""SELL:WHEAT"": 391, ""SELL:WOOL"": 81}",9.96551724137931,26,1.1724137931034482,12,1,{},control,random
217,1,130380.0,0.0,130380.0,win,DONE,DONE,1,719,0,0,0.619625,1.1141753,1.2566750000000002,1.721333,2.2653865000029327,0,0,[],{},"{""BUILD_PASTURE"": 12, ""CARE"": 228, ""COLLECT_FERTILIZER"": 260, ""DIG"": 23, ""DROP"": 96, ""EAST"": 886, ""FEED"": 258, ""HARVEST"": 203, ""NORTH"": 1355, ""PASS"": 1570, ""PICKUP"": 66, ""PLACE"": 12, ""PLANT"": 105, ""SOUTH"": 1026, ""WATER"": 714, ""WEST"": 1147}","{""HARVEST:HIGH_VALUE"": 73, ""HARVEST:MELON"": 20, ""HARVEST:STRAWBERRY"": 53, ""WATER:HIGH_VALUE"": 548, ""WATER:MELON"": 159, ""WATER:STRAWBERRY"": 389}","{""BUY_ANIMAL"": 7, ""BUY_LAND"": 2, ""BUY_PRODUCT"": 199, ""BUY_SEED"": 49, ""HIRE"": 320, ""SELL"": 194}","{""BUY_ANIMAL:COW"": 9, ""BUY_ANIMAL:SHEEP"": 3, ""BUY_PRODUCT:WHEAT"": 530, ""BUY_SEED:CARROT"": 13, ""BUY_SEED:MELON"": 20, ""BUY_SEED:STRAWBERRY"": 37, ""BUY_SEED:WHEAT"": 37, ""SELL:CARROT"": 36, ""SELL:FERTILIZER"": 260, ""SELL:MELON"": 119, ""SELL:MILK"": 217, ""SELL:STRAWBERRY"": 127, ""SELL:WHEAT"": 392, ""SELL:WOOL"": 78}",11.10344827586207,24,0.5862068965517241,8,1,{},control,random
317,0,133857.0,0.0,133857.0,win,DONE,DONE,1,719,0,0,0.626334,1.1124256,1.2875848800000034,1.599459,2.286105166997004,0,0,[],{},"{""BUILD_PASTURE"": 12, ""CARE"": 248, ""COLLECT_FERTILIZER"": 266, ""DIG"": 17, ""DROP"": 70, ""EAST"": 914, ""FEED"": 258, ""HARVEST"": 209, ""NORTH"": 1331, ""PASS"": 1655, ""PICKUP"": 65, ""PLACE"": 12, ""PLANT"": 108, ""SOUTH"": 973, ""WATER"": 726, ""WEST"": 1138}","{""HARVEST:HIGH_VALUE"": 74, ""HARVEST:MELON"": 20, ""HARVEST:STRAWBERRY"": 54, ""WATER:HIGH_VALUE"": 556, ""WATER:MELON"": 158, ""WATER:STRAWBERRY"": 398}","{""BUY_ANIMAL"": 8, ""BUY_LAND"": 2, ""BUY_PRODUCT"": 199, ""BUY_SEED"": 56, ""HIRE"": 322, ""SELL"": 181}","{""BUY_ANIMAL:COW"": 6, ""BUY_ANIMAL:SHEEP"": 6, ""BUY_PRODUCT:WHEAT"": 529, ""BUY_SEED:CARROT"": 12, ""BUY_SEED:MELON"": 20, ""BUY_SEED:STRAWBERRY"": 37, ""BUY_SEED:WHEAT"": 39, ""SELL:CARROT"": 36, ""SELL:FERTILIZER"": 266, ""SELL:MELON"": 118, ""SELL:MILK"": 142, ""SELL:STRAWBERRY"": 128, ""SELL:WHEAT"": 405, ""SELL:WOOL"": 158}",10.89655172413793,27,0.9655172413793104,8,1,{},control,random
317,1,139796.0,0.0,139796.0,win,DONE,DONE,1,719,0,0,0.604125,1.1057333,1.2772012400000001,44.2035,2.3148120830010157,0,0,[],{},"{""BUILD_PASTURE"": 12, ""CARE"": 241, ""COLLECT_FERTILIZER"": 268, ""DIG"": 19, ""DROP"": 87, ""EAST"": 898, ""FEED"": 262, ""HARVEST"": 198, ""NORTH"": 1313, ""PASS"": 1665, ""PICKUP"": 65, ""PLACE"": 12, ""PLANT"": 97, ""SOUTH"": 1008, ""WATER"": 739, ""WEST"": 1081}","{""HARVEST:HIGH_VALUE"": 70, ""HARVEST:MELON"": 20, ""HARVEST:STRAWBERRY"": 50, ""WATER:HIGH_VALUE"": 601, ""WATER:MELON"": 158, ""WATER:STRAWBERRY"": 443}","{""BUY_ANIMAL"": 6, ""BUY_LAND"": 2, ""BUY_PRODUCT"": 213, ""BUY_SEED"": 46, ""HIRE"": 320, ""SELL"": 181}","{""BUY_ANIMAL:COW"": 10, ""BUY_ANIMAL:SHEEP"": 2, ""BUY_PRODUCT:WHEAT"": 535, ""BUY_SEED:CARROT"": 12, ""BUY_SEED:MELON"": 20, ""BUY_SEED:STRAWBERRY"": 37, ""BUY_SEED:WHEAT"": 34, ""SELL:CARROT"": 27, ""SELL:FERTILIZER"": 268, ""SELL:MELON"": 118, ""SELL:MILK"": 241, ""SELL:STRAWBERRY"": 124, ""SELL:WHEAT"": 379, ""SELL:WOOL"": 64}",9.413793103448276,24,1.6551724137931034,13,1,{},control,random
733,0,141540.0,0.0,141540.0,win,DONE,DONE,1,719,0,0,0.590375,1.1250919000000001,1.31553444,40.21375,2.2512106249996577,0,0,[],{},"{""BUILD_PASTURE"": 12, ""CARE"": 240, ""COLLECT_FERTILIZER"": 270, ""DIG"": 23, ""DROP"": 87, ""EAST"": 946, ""FEED"": 255, ""HARVEST"": 196, ""NORTH"": 1290, ""PASS"": 1655, ""PICKUP"": 66, ""PLACE"": 12, ""PLANT"": 101, ""SOUTH"": 927, ""WATER"": 737, ""WEST"": 1105}","{""HARVEST:HIGH_VALUE"": 67, ""HARVEST:MELON"": 20, ""HARVEST:STRAWBERRY"": 47, ""WATER:HIGH_VALUE"": 580, ""WATER:MELON"": 159, ""WATER:STRAWBERRY"": 421}","{""BUY_ANIMAL"": 6, ""BUY_LAND"": 2, ""BUY_PRODUCT"": 206, ""BUY_SEED"": 47, ""HIRE"": 318, ""SELL"": 187}","{""BUY_ANIMAL:COW"": 10, ""BUY_ANIMAL:SHEEP"": 2, ""BUY_PRODUCT:WHEAT"": 529, ""BUY_SEED:CARROT"": 13, ""BUY_SEED:MELON"": 20, ""BUY_SEED:STRAWBERRY"": 37, ""BUY_SEED:WHEAT"": 36, ""SELL:CARROT"": 33, ""SELL:FERTILIZER"": 270, ""SELL:MELON"": 119, ""SELL:MILK"": 238, ""SELL:STRAWBERRY"": 121, ""SELL:WHEAT"": 398, ""SELL:WOOL"": 66}",9.931034482758621,23,1.4137931034482758,10,1,{},control,random
733,1,137956.0,0.0,137956.0,win,DONE,DONE,1,719,0,0,0.587125,1.1070917,1.2846210000000002,1.422292,2.2840997080056695,0,0,[],{},"{""BUILD_PASTURE"": 12, ""CARE"": 243, ""COLLECT_FERTILIZER"": 273, ""DIG"": 17, ""DROP"": 89, ""EAST"": 881, ""FEED"": 256, ""HARVEST"": 198, ""NORTH"": 1290, ""PASS"": 1673, ""PICKUP"": 68, ""PLACE"": 12, ""PLANT"": 103, ""SOUTH"": 966, ""WATER"": 738, ""WEST"": 1124}","{""HARVEST:HIGH_VALUE"": 68, ""HARVEST:MELON"": 20, ""HARVEST:STRAWBERRY"": 48, ""WATER:HIGH_VALUE"": 578, ""WATER:MELON"": 159, ""WATER:STRAWBERRY"": 419}","{""BUY_ANIMAL"": 6, ""BUY_LAND"": 2, ""BUY_PRODUCT"": 202, ""BUY_SEED"": 50, ""HIRE"": 319, ""SELL"": 187}","{""BUY_ANIMAL:COW"": 8, ""BUY_ANIMAL:SHEEP"": 4, ""BUY_PRODUCT:WHEAT"": 525, ""BUY_SEED:CARROT"": 13, ""BUY_SEED:MELON"": 20, ""BUY_SEED:STRAWBERRY"": 37, ""BUY_SEED:WHEAT"": 37, ""SELL:CARROT"": 33, ""SELL:FERTILIZER"": 273, ""SELL:MELON"": 119, ""SELL:MILK"": 205, ""SELL:STRAWBERRY"": 122, ""SELL:WHEAT"": 396, ""SELL:WOOL"": 93}",10.172413793103448,25,1.6551724137931034,15,1,{},control,random
17,0,105366.0,149976.0,-44610.0,loss,DONE,DONE,1,719,0,0,0.609458,1.0931631000000002,1.2866868800000002,36.198833,3.1659827920011594,0,0,[],{},"{""BUILD_PASTURE"": 12, ""CARE"": 229, ""COLLECT_FERTILIZER"": 268, ""DIG"": 17, ""DROP"": 78, ""EAST"": 887, ""FEED"": 252, ""HARVEST"": 200, ""NORTH"": 1286, ""PASS"": 1728, ""PICKUP"": 69, ""PLACE"": 12, ""PLANT"": 105, ""SOUTH"": 940, ""WATER"": 758, ""WEST"": 1114}","{""HARVEST:HIGH_VALUE"": 73, ""HARVEST:MELON"": 20, ""HARVEST:STRAWBERRY"": 53, ""WATER:HIGH_VALUE"": 585, ""WATER:MELON"": 157, ""WATER:STRAWBERRY"": 428}","{""BUY_ANIMAL"": 7, ""BUY_LAND"": 2, ""BUY_PRODUCT"": 187, ""BUY_SEED"": 47, ""HIRE"": 320, ""SELL"": 182}","{""BUY_ANIMAL:COW"": 9, ""BUY_ANIMAL:SHEEP"": 3, ""BUY_PRODUCT:WHEAT"": 523, ""BUY_SEED:CARROT"": 13, ""BUY_SEED:MELON"": 20, ""BUY_SEED:STRAWBERRY"": 37, ""BUY_SEED:WHEAT"": 37, ""SELL:CARROT"": 33, ""SELL:FERTILIZER"": 268, ""SELL:MELON"": 117, ""SELL:MILK"": 211, ""SELL:STRAWBERRY"": 124, ""SELL:WHEAT"": 411, ""SELL:WOOL"": 76}",9.620689655172415,27,1.3448275862068966,13,1,{},control,hamburger
17,1,91933.0,132779.0,-40846.0,loss,DONE,DONE,1,719,0,0,0.605834,1.0760417000000002,1.303991820000001,1.528709,3.1082020419999026,0,0,[],{},"{""BUILD_PASTURE"": 12, ""CARE"": 219, ""COLLECT_FERTILIZER"": 272, ""DIG"": 15, ""DROP"": 75, ""EAST"": 862, ""FEED"": 259, ""HARVEST"": 188, ""NORTH"": 1309, ""PASS"": 1726, ""PICKUP"": 71, ""PLACE"": 12, ""PLANT"": 102, ""SOUTH"": 978, ""WATER"": 768, ""WEST"": 1090}","{""HARVEST:HIGH_VALUE"": 71, ""HARVEST:MELON"": 20, ""HARVEST:STRAWBERRY"": 51, ""WATER:HIGH_VALUE"": 613, ""WATER:MELON"": 157, ""WATER:STRAWBERRY"": 456}","{""BUY_ANIMAL"": 6, ""BUY_LAND"": 2, ""BUY_PRODUCT"": 197, ""BUY_SEED"": 53, ""HIRE"": 320, ""SELL"": 187}","{""BUY_ANIMAL:COW"": 8, ""BUY_ANIMAL:SHEEP"": 4, ""BUY_PRODUCT:WHEAT"": 528, ""BUY_SEED:CARROT"": 13, ""BUY_SEED:MELON"": 20, ""BUY_SEED:STRAWBERRY"": 37, ""BUY_SEED:WHEAT"": 36, ""SELL:CARROT"": 33, ""SELL:FERTILIZER"": 272, ""SELL:MELON"": 117, ""SELL:MILK"": 180, ""SELL:STRAWBERRY"": 125, ""SELL:WHEAT"": 391, ""SELL:WOOL"": 102}",8.931034482758621,25,2.4827586206896552,22,1,{},control,hamburger
42,0,91962.0,132217.0,-40255.0,loss,DONE,DONE,1,719,0,0,0.591,1.1037661,1.3090915000000007,65.223208,3.1611440839988063,0,0,[],{},"{""BUILD_PASTURE"": 12, ""CARE"": 239, ""COLLECT_FERTILIZER"": 271, ""DIG"": 25, ""DROP"": 81, ""EAST"": 852, ""FEED"": 254, ""HARVEST"": 188, ""NORTH"": 1305, ""PASS"": 1588, ""PICKUP"": 71, ""PLACE"": 12, ""PLANT"": 102, ""SOUTH"": 1003, ""WATER"": 725, ""WEST"": 1100}","{""HARVEST:HIGH_VALUE"": 67, ""HARVEST:MELON"": 20, ""HARVEST:STRAWBERRY"": 47, ""WATER:HIGH_VALUE"": 573, ""WATER:MELON"": 155, ""WATER:STRAWBERRY"": 418}","{""BUY_ANIMAL"": 6, ""BUY_LAND"": 2, ""BUY_PRODUCT"": 197, ""BUY_SEED"": 53, ""HIRE"": 314, ""SELL"": 172}","{""BUY_ANIMAL:COW"": 4, ""BUY_ANIMAL:SHEEP"": 8, ""BUY_PRODUCT:WHEAT"": 524, ""BUY_SEED:CARROT"": 14, ""BUY_SEED:MELON"": 20, ""BUY_SEED:STRAWBERRY"": 37, ""BUY_SEED:WHEAT"": 37, ""SELL:CARROT"": 30, ""SELL:FERTILIZER"": 271, ""SELL:MELON"": 115, ""SELL:MILK"": 111, ""SELL:STRAWBERRY"": 119, ""SELL:WHEAT"": 392, ""SELL:WOOL"": 176}",10.241379310344827,30,1.6551724137931034,11,1,{},control,hamburger
42,1,97302.0,147152.0,-49850.0,loss,DONE,DONE,1,719,0,0,0.592208,1.0869536000000002,1.2793868800000014,1.551708,3.1038100839941762,0,0,[],{},"{""BUILD_PASTURE"": 12, ""CARE"": 236, ""COLLECT_FERTILIZER"": 272, ""DIG"": 26, ""DROP"": 76, ""EAST"": 881, ""FEED"": 257, ""HARVEST"": 190, ""NORTH"": 1261, ""PASS"": 1588, ""PICKUP"": 71, ""PLACE"": 12, ""PLANT"": 103, ""SOUTH"": 981, ""WATER"": 716, ""WEST"": 1118}","{""HARVEST:HIGH_VALUE"": 67, ""HARVEST:MELON"": 20, ""HARVEST:STRAWBERRY"": 47, ""WATER:HIGH_VALUE"": 564, ""WATER:MELON"": 154, ""WATER:STRAWBERRY"": 410}","{""BUY_ANIMAL"": 6, ""BUY_LAND"": 2, ""BUY_PRODUCT"": 190, ""BUY_SEED"": 52, ""HIRE"": 313, ""SELL"": 181}","{""BUY_ANIMAL:COW"": 4, ""BUY_ANIMAL:SHEEP"": 8, ""BUY_PRODUCT:WHEAT"": 515, ""BUY_SEED:CARROT"": 13, ""BUY_SEED:MELON"": 20, ""BUY_SEED:STRAWBERRY"": 37, ""BUY_SEED:WHEAT"": 37, ""SELL:CARROT"": 27, ""SELL:FERTILIZER"": 272, ""SELL:MELON"": 114, ""SELL:MILK"": 114, ""SELL:STRAWBERRY"": 119, ""SELL:WHEAT"": 380, ""SELL:WOOL"": 171}",10.517241379310345,33,1.103448275862069,9,1,{},control,hamburger
2026,0,105520.0,157598.0,-52078.0,loss,DONE,DONE,1,719,0,0,0.609875,1.0868539000000002,1.2785200600000008,1.518041,3.177184667001711,0,0,[],{},"{""BUILD_PASTURE"": 12, ""CARE"": 243, ""COLLECT_FERTILIZER"": 266, ""DIG"": 15, ""DROP"": 79, ""EAST"": 853, ""FEED"": 243, ""HARVEST"": 201, ""NORTH"": 1362, ""PASS"": 1619, ""PICKUP"": 67, ""PLACE"": 12, ""PLANT"": 114, ""SOUTH"": 1002, ""WATER"": 764, ""WEST"": 1105}","{""HARVEST:HIGH_VALUE"": 74, ""HARVEST:MELON"": 20, ""HARVEST:STRAWBERRY"": 54, ""WATER:HIGH_VALUE"": 569, ""WATER:MELON"": 150, ""WATER:STRAWBERRY"": 419}","{""BUY_ANIMAL"": 7, ""BUY_LAND"": 2, ""BUY_PRODUCT"": 193, ""BUY_SEED"": 53, ""HIRE"": 320, ""SELL"": 184}","{""BUY_ANIMAL:COW"": 2, ""BUY_ANIMAL:SHEEP"": 10, ""BUY_PRODUCT:WHEAT"": 518, ""BUY_SEED:CARROT"": 16, ""BUY_SEED:MELON"": 20, ""BUY_SEED:STRAWBERRY"": 37, ""BUY_SEED:WHEAT"": 41, ""SELL:CARROT"": 48, ""SELL:FERTILIZER"": 266, ""SELL:MELON"": 110, ""SELL:MILK"": 66, ""SELL:STRAWBERRY"": 128, ""SELL:WHEAT"": 422, ""SELL:WOOL"": 208}",10.586206896551724,29,1.5172413793103448,15,1,{},control,hamburger
2026,1,100989.0,144345.0,-43356.0,loss,DONE,DONE,1,719,0,0,0.6165,1.0958292,1.3252461200000027,1.531375,3.1641990409989376,0,0,[],{},"{""BUILD_PASTURE"": 12, ""CARE"": 243, ""COLLECT_FERTILIZER"": 263, ""DIG"": 22, ""DROP"": 72, ""EAST"": 901, ""FEED"": 249, ""HARVEST"": 200, ""NORTH"": 1316, ""PASS"": 1635, ""PICKUP"": 67, ""PLACE"": 12, ""PLANT"": 108, ""SOUTH"": 981, ""WATER"": 743, ""WEST"": 1111}","{""HARVEST:HIGH_VALUE"": 74, ""HARVEST:MELON"": 20, ""HARVEST:STRAWBERRY"": 54, ""WATER:HIGH_VALUE"": 568, ""WATER:MELON"": 156, ""WATER:STRAWBERRY"": 412}","{""BUY_ANIMAL"": 7, ""BUY_LAND"": 2, ""BUY_PRODUCT"": 197, ""BUY_SEED"": 49, ""HIRE"": 319, ""SELL"": 176}","{""BUY_ANIMAL:COW"": 2, ""BUY_ANIMAL:SHEEP"": 10, ""BUY_PRODUCT:WHEAT"": 516, ""BUY_SEED:CARROT"": 14, ""BUY_SEED:MELON"": 20, ""BUY_SEED:STRAWBERRY"": 37, ""BUY_SEED:WHEAT"": 39, ""SELL:CARROT"": 36, ""SELL:FERTILIZER"": 263, ""SELL:MELON"": 116, ""SELL:MILK"": 69, ""SELL:STRAWBERRY"": 128, ""SELL:WHEAT"": 406, ""SELL:WOOL"": 218}",10.379310344827585,25,0.9310344827586207,8,1,{},control,hamburger
217,0,93382.0,147090.0,-53708.0,loss,DONE,DONE,1,719,0,0,0.619583,1.1631209,1.4314423800000007,6.691875,3.229989667001064,0,0,[],{},"{""BUILD_PASTURE"": 12, ""CARE"": 218, ""COLLECT_FERTILIZER"": 270, ""DIG"": 22, ""DROP"": 78, ""EAST"": 826, ""FEED"": 259, ""HARVEST"": 183, ""NORTH"": 1331, ""PASS"": 1615, ""PICKUP"": 70, ""PLACE"": 12, ""PLANT"": 99, ""SOUTH"": 1023, ""WATER"": 762, ""WEST"": 1087}","{""HARVEST:HIGH_VALUE"": 70, ""HARVEST:MELON"": 20, ""HARVEST:STRAWBERRY"": 50, ""WATER:HIGH_VALUE"": 613, ""WATER:MELON"": 159, ""WATER:STRAWBERRY"": 454}","{""BUY_ANIMAL"": 7, ""BUY_LAND"": 2, ""BUY_PRODUCT"": 206, ""BUY_SEED"": 48, ""HIRE"": 316, ""SELL"": 185}","{""BUY_ANIMAL:COW"": 8, ""BUY_ANIMAL:SHEEP"": 4, ""BUY_PRODUCT:WHEAT"": 529, ""BUY_SEED:CARROT"": 12, ""BUY_SEED:MELON"": 20, ""BUY_SEED:STRAWBERRY"": 37, ""BUY_SEED:WHEAT"": 36, ""SELL:CARROT"": 24, ""SELL:FERTILIZER"": 270, ""SELL:MELON"": 119, ""SELL:MILK"": 167, ""SELL:STRAWBERRY"": 124, ""SELL:WHEAT"": 383, ""SELL:WOOL"": 110}",9.068965517241379,24,1.5862068965517242,11,1,{},control,hamburger
217,1,88730.0,134542.0,-45812.0,loss,DONE,DONE,1,719,0,0,0.610916,1.0945577000000002,1.2765654400000004,1.508917,3.130952500003332,0,0,[],{},"{""BUILD_PASTURE"": 12, ""CARE"": 212, ""COLLECT_FERTILIZER"": 269, ""DIG"": 22, ""DROP"": 69, ""EAST"": 854, ""FEED"": 260, ""HARVEST"": 188, ""NORTH"": 1303, ""PASS"": 1639, ""PICKUP"": 70, ""PLACE"": 12, ""PLANT"": 98, ""SOUTH"": 1015, ""WATER"": 760, ""WEST"": 1105}","{""HARVEST:HIGH_VALUE"": 70, ""HARVEST:MELON"": 20, ""HARVEST:STRAWBERRY"": 50, ""WATER:HIGH_VALUE"": 616, ""WATER:MELON"": 155, ""WATER:STRAWBERRY"": 461}","{""BUY_ANIMAL"": 7, ""BUY_LAND"": 2, ""BUY_PRODUCT"": 205, ""BUY_SEED"": 47, ""HIRE"": 317, ""SELL"": 192}","{""BUY_ANIMAL:COW"": 8, ""BUY_ANIMAL:SHEEP"": 4, ""BUY_PRODUCT:WHEAT"": 527, ""BUY_SEED:CARROT"": 13, ""BUY_SEED:MELON"": 20, ""BUY_SEED:STRAWBERRY"": 37, ""BUY_SEED:WHEAT"": 33, ""SELL:CARROT"": 29, ""SELL:FERTILIZER"": 269, ""SELL:MELON"": 115, ""SELL:MILK"": 179, ""SELL:STRAWBERRY"": 124, ""SELL:WHEAT"": 382, ""SELL:WOOL"": 98}",8.724137931034482,24,1.9310344827586208,17,1,{},control,hamburger
317,0,100165.0,149802.0,-49637.0,loss,DONE,DONE,1,719,0,0,0.61825,1.0802253000000002,1.2453951200000004,1.56925,3.1418978330038954,0,0,[],{},"{""BUILD_PASTURE"": 12, ""CARE"": 232, ""COLLECT_FERTILIZER"": 269, ""DIG"": 18, ""DROP"": 81, ""EAST"": 891, ""FEED"": 260, ""HARVEST"": 199, ""NORTH"": 1300, ""PASS"": 1647, ""PICKUP"": 69, ""PLACE"": 12, ""PLANT"": 103, ""SOUTH"": 983, ""WATER"": 749, ""WEST"": 1109}","{""HARVEST:HIGH_VALUE"": 72, ""HARVEST:MELON"": 20, ""HARVEST:STRAWBERRY"": 52, ""WATER:HIGH_VALUE"": 590, ""WATER:MELON"": 154, ""WATER:STRAWBERRY"": 436}","{""BUY_ANIMAL"": 8, ""BUY_LAND"": 2, ""BUY_PRODUCT"": 202, ""BUY_SEED"": 48, ""HIRE"": 319, ""SELL"": 186}","{""BUY_ANIMAL:COW"": 8, ""BUY_ANIMAL:SHEEP"": 4, ""BUY_PRODUCT:WHEAT"": 527, ""BUY_SEED:CARROT"": 14, ""BUY_SEED:MELON"": 20, ""BUY_SEED:STRAWBERRY"": 37, ""BUY_SEED:WHEAT"": 37, ""SELL:CARROT"": 33, ""SELL:FERTILIZER"": 269, ""SELL:MELON"": 114, ""SELL:MILK"": 195, ""SELL:STRAWBERRY"": 125, ""SELL:WHEAT"": 393, ""SELL:WOOL"": 107}",9.689655172413794,27,1.2413793103448276,14,1,{},control,hamburger
317,1,100328.0,149815.0,-49487.0,loss,DONE,DONE,1,719,0,0,0.617791,1.1022500000000002,1.3161294400000019,35.753084,3.194225708000886,0,0,[],{},"{""BUILD_PASTURE"": 12, ""CARE"": 232, ""COLLECT_FERTILIZER"": 269, ""DIG"": 16, ""DROP"": 81, ""EAST"": 883, ""FEED"": 260, ""HARVEST"": 199, ""NORTH"": 1311, ""PASS"": 1625, ""PICKUP"": 69, ""PLACE"": 12, ""PLANT"": 103, ""SOUTH"": 980, ""WATER"": 749, ""WEST"": 1109}","{""HARVEST:HIGH_VALUE"": 72, ""HARVEST:MELON"": 20, ""HARVEST:STRAWBERRY"": 52, ""WATER:HIGH_VALUE"": 588, ""WATER:MELON"": 154, ""WATER:STRAWBERRY"": 434}","{""BUY_ANIMAL"": 8, ""BUY_LAND"": 2, ""BUY_PRODUCT"": 199, ""BUY_SEED"": 49, ""HIRE"": 318, ""SELL"": 182}","{""BUY_ANIMAL:COW"": 8, ""BUY_ANIMAL:SHEEP"": 4, ""BUY_PRODUCT:WHEAT"": 526, ""BUY_SEED:CARROT"": 15, ""BUY_SEED:MELON"": 20, ""BUY_SEED:STRAWBERRY"": 37, ""BUY_SEED:WHEAT"": 37, ""SELL:CARROT"": 33, ""SELL:FERTILIZER"": 269, ""SELL:MELON"": 114, ""SELL:MILK"": 195, ""SELL:STRAWBERRY"": 125, ""SELL:WHEAT"": 394, ""SELL:WOOL"": 107}",9.689655172413794,27,1.5172413793103448,16,1,{},control,hamburger
733,0,112804.0,167694.0,-54890.0,loss,DONE,DONE,1,719,0,0,0.619125,1.1011292,1.2784435600000008,1.545541,3.126342374998785,0,0,[],{},"{""BUILD_PASTURE"": 12, ""CARE"": 245, ""COLLECT_FERTILIZER"": 270, ""DIG"": 13, ""DROP"": 73, ""EAST"": 866, ""FEED"": 256, ""HARVEST"": 199, ""NORTH"": 1336, ""PASS"": 1667, ""PICKUP"": 66, ""PLACE"": 12, ""PLANT"": 107, ""SOUTH"": 1001, ""WATER"": 748, ""WEST"": 1085}","{""HARVEST:HIGH_VALUE"": 74, ""HARVEST:MELON"": 20, ""HARVEST:STRAWBERRY"": 54, ""WATER:HIGH_VALUE"": 580, ""WATER:MELON"": 150, ""WATER:STRAWBERRY"": 430}","{""BUY_ANIMAL"": 8, ""BUY_LAND"": 2, ""BUY_PRODUCT"": 191, ""BUY_SEED"": 49, ""HIRE"": 320, ""SELL"": 178}","{""BUY_ANIMAL:COW"": 5, ""BUY_ANIMAL:SHEEP"": 7, ""BUY_PRODUCT:WHEAT"": 521, ""BUY_SEED:CARROT"": 14, ""BUY_SEED:MELON"": 20, ""BUY_SEED:STRAWBERRY"": 37, ""BUY_SEED:WHEAT"": 39, ""SELL:CARROT"": 33, ""SELL:FERTILIZER"": 270, ""SELL:MELON"": 110, ""SELL:MILK"": 119, ""SELL:STRAWBERRY"": 124, ""SELL:WHEAT"": 400, ""SELL:WOOL"": 178}",10.137931034482758,24,2.103448275862069,19,1,{},control,hamburger
733,1,113756.0,168119.0,-54363.0,loss,DONE,DONE,1,719,0,0,0.614125,1.0840164,1.2842256800000014,2.368083,3.2346102079973207,0,0,[],{},"{""BUILD_PASTURE"": 12, ""CARE"": 243, ""COLLECT_FERTILIZER"": 270, ""DIG"": 14, ""DROP"": 75, ""EAST"": 871, ""FEED"": 254, ""HARVEST"": 204, ""NORTH"": 1323, ""PASS"": 1672, ""PICKUP"": 67, ""PLACE"": 12, ""PLANT"": 110, ""SOUTH"": 981, ""WATER"": 738, ""WEST"": 1109}","{""HARVEST:HIGH_VALUE"": 74, ""HARVEST:MELON"": 20, ""HARVEST:STRAWBERRY"": 54, ""WATER:HIGH_VALUE"": 561, ""WATER:MELON"": 151, ""WATER:STRAWBERRY"": 410}","{""BUY_ANIMAL"": 8, ""BUY_LAND"": 2, ""BUY_PRODUCT"": 197, ""BUY_SEED"": 49, ""HIRE"": 320, ""SELL"": 172}","{""BUY_ANIMAL:COW"": 5, ""BUY_ANIMAL:SHEEP"": 7, ""BUY_PRODUCT:WHEAT"": 515, ""BUY_SEED:CARROT"": 15, ""BUY_SEED:MELON"": 20, ""BUY_SEED:STRAWBERRY"": 37, ""BUY_SEED:WHEAT"": 40, ""SELL:CARROT"": 39, ""SELL:FERTILIZER"": 270, ""SELL:MELON"": 111, ""SELL:MILK"": 120, ""SELL:STRAWBERRY"": 124, ""SELL:WHEAT"": 396, ""SELL:WOOL"": 180}",10.137931034482758,27,1.6206896551724137,18,1,{},control,hamburger
17,0,95599.0,130730.0,-35131.0,loss,DONE,DONE,1,719,0,0,0.60125,1.1040794000000003,1.3129129400000012,1.86125,3.114810541002953,0,0,[],{},"{""BUILD_PASTURE"": 12, ""CARE"": 226, ""COLLECT_FERTILIZER"": 271, ""DIG"": 23, ""DROP"": 80, ""EAST"": 923, ""FEED"": 259, ""HARVEST"": 200, ""NORTH"": 1367, ""PASS"": 1532, ""PICKUP"": 67, ""PLACE"": 12, ""PLANT"": 101, ""SOUTH"": 969, ""WATER"": 725, ""WEST"": 1102}","{""HARVEST:HIGH_VALUE"": 71, ""HARVEST:MELON"": 20, ""HARVEST:STRAWBERRY"": 51, ""WATER:HIGH_VALUE"": 578, ""WATER:MELON"": 158, ""WATER:STRAWBERRY"": 420}","{""BUY_ANIMAL"": 7, ""BUY_LAND"": 2, ""BUY_PRODUCT"": 194, ""BUY_SEED"": 48, ""HIRE"": 316, ""SELL"": 193}","{""BUY_ANIMAL:COW"": 9, ""BUY_ANIMAL:SHEEP"": 3, ""BUY_PRODUCT:WHEAT"": 523, ""BUY_SEED:CARROT"": 16, ""BUY_SEED:MELON"": 20, ""BUY_SEED:STRAWBERRY"": 37, ""BUY_SEED:WHEAT"": 32, ""SELL:CARROT"": 36, ""SELL:FERTILIZER"": 271, ""SELL:MELON"": 118, ""SELL:MILK"": 211, ""SELL:STRAWBERRY"": 125, ""SELL:WHEAT"": 375, ""SELL:WOOL"": 78}",10.172413793103448,23,1.4137931034482758,14,1,{},control,frontier
17,1,95786.0,138039.0,-42253.0,loss,DONE,DONE,1,719,0,0,0.584333,1.0933628,1.3243519400000017,35.836833,3.1739159999997355,0,0,[],{},"{""BUILD_PASTURE"": 12, ""CARE"": 222, ""COLLECT_FERTILIZER"": 267, ""DIG"": 26, ""DROP"": 70, ""EAST"": 906, ""FEED"": 260, ""HARVEST"": 191, ""NORTH"": 1295, ""PASS"": 1570, ""PICKUP"": 73, ""PLACE"": 12, ""PLANT"": 99, ""SOUTH"": 944, ""WATER"": 721, ""WEST"": 1117}","{""HARVEST:HIGH_VALUE"": 70, ""HARVEST:MELON"": 20, ""HARVEST:STRAWBERRY"": 50, ""WATER:HIGH_VALUE"": 577, ""WATER:MELON"": 151, ""WATER:STRAWBERRY"": 426}","{""BUY_ANIMAL"": 7, ""BUY_LAND"": 2, ""BUY_PRODUCT"": 196, ""BUY_SEED"": 51, ""HIRE"": 312, ""SELL"": 182}","{""BUY_ANIMAL:COW"": 7, ""BUY_ANIMAL:SHEEP"": 5, ""BUY_PRODUCT:WHEAT"": 526, ""BUY_SEED:CARROT"": 14, ""BUY_SEED:MELON"": 20, ""BUY_SEED:STRAWBERRY"": 37, ""BUY_SEED:WHEAT"": 36, ""SELL:CARROT"": 30, ""SELL:FERTILIZER"": 267, ""SELL:MELON"": 111, ""SELL:MILK"": 172, ""SELL:STRAWBERRY"": 120, ""SELL:WHEAT"": 380, ""SELL:WOOL"": 107}",9.89655172413793,22,0.8620689655172413,8,1,{},control,frontier
42,0,86956.0,138588.0,-51632.0,loss,DONE,DONE,1,719,0,0,0.611375,1.1085291000000002,1.3134775600000004,66.051167,3.1253625419994933,0,0,[],{},"{""BUILD_PASTURE"": 12, ""CARE"": 208, ""COLLECT_FERTILIZER"": 272, ""DIG"": 26, ""DROP"": 78, ""EAST"": 824, ""FEED"": 253, ""HARVEST"": 184, ""NORTH"": 1346, ""PASS"": 1563, ""PICKUP"": 73, ""PLACE"": 12, ""PLANT"": 100, ""SOUTH"": 1012, ""WATER"": 726, ""WEST"": 1135}","{""HARVEST:HIGH_VALUE"": 70, ""HARVEST:MELON"": 20, ""HARVEST:STRAWBERRY"": 50, ""WATER:HIGH_VALUE"": 583, ""WATER:MELON"": 159, ""WATER:STRAWBERRY"": 424}","{""BUY_ANIMAL"": 6, ""BUY_LAND"": 2, ""BUY_PRODUCT"": 199, ""BUY_SEED"": 53, ""HIRE"": 314, ""SELL"": 181}","{""BUY_ANIMAL:COW"": 6, ""BUY_ANIMAL:SHEEP"": 6, ""BUY_PRODUCT:WHEAT"": 516, ""BUY_SEED:CARROT"": 12, ""BUY_SEED:MELON"": 20, ""BUY_SEED:STRAWBERRY"": 37, ""BUY_SEED:WHEAT"": 36, ""SELL:CARROT"": 27, ""SELL:FERTILIZER"": 272, ""SELL:MELON"": 119, ""SELL:MILK"": 123, ""SELL:STRAWBERRY"": 122, ""SELL:WHEAT"": 379, ""SELL:WOOL"": 134}",9.793103448275861,22,1.3448275862068966,14,1,{},control,frontier
42,1,85845.0,133075.0,-47230.0,loss,DONE,DONE,1,719,0,0,0.602834,1.0775914,1.2863936200000015,1.499167,3.100573750001786,0,0,[],{},"{""BUILD_PASTURE"": 12, ""CARE"": 212, ""COLLECT_FERTILIZER"": 272, ""DIG"": 22, ""DROP"": 87, ""EAST"": 819, ""FEED"": 253, ""HARVEST"": 183, ""NORTH"": 1331, ""PASS"": 1567, ""PICKUP"": 74, ""PLACE"": 12, ""PLANT"": 99, ""SOUTH"": 1005, ""WATER"": 722, ""WEST"": 1132}","{""HARVEST:HIGH_VALUE"": 70, ""HARVEST:MELON"": 20, ""HARVEST:STRAWBERRY"": 50, ""WATER:HIGH_VALUE"": 582, ""WATER:MELON"": 159, ""WATER:STRAWBERRY"": 423}","{""BUY_ANIMAL"": 6, ""BUY_LAND"": 2, ""BUY_PRODUCT"": 199, ""BUY_SEED"": 53, ""HIRE"": 313, ""SELL"": 184}","{""BUY_ANIMAL:COW"": 6, ""BUY_ANIMAL:SHEEP"": 6, ""BUY_PRODUCT:WHEAT"": 516, ""BUY_SEED:CARROT"": 12, ""BUY_SEED:MELON"": 20, ""BUY_SEED:STRAWBERRY"": 37, ""BUY_SEED:WHEAT"": 36, ""SELL:CARROT"": 24, ""SELL:FERTILIZER"": 272, ""SELL:MELON"": 119, ""SELL:MILK"": 124, ""SELL:STRAWBERRY"": 122, ""SELL:WHEAT"": 379, ""SELL:WOOL"": 137}",9.827586206896552,22,1.1724137931034482,12,1,{},control,frontier
2026,0,102225.0,132694.0,-30469.0,loss,DONE,DONE,1,719,0,0,0.610291,1.1105206,1.2542875000000002,1.67025,3.1640096250048373,0,0,[],{},"{""BUILD_PASTURE"": 12, ""CARE"": 253, ""COLLECT_FERTILIZER"": 273, ""DIG"": 23, ""DROP"": 71, ""EAST"": 924, ""FEED"": 256, ""HARVEST"": 197, ""NORTH"": 1328, ""PASS"": 1575, ""PICKUP"": 70, ""PLACE"": 12, ""PLANT"": 103, ""SOUTH"": 924, ""WATER"": 741, ""WEST"": 1129}","{""HARVEST:HIGH_VALUE"": 72, ""HARVEST:MELON"": 20, ""HARVEST:STRAWBERRY"": 52, ""WATER:HIGH_VALUE"": 586, ""WATER:MELON"": 154, ""WATER:STRAWBERRY"": 432}","{""BUY_ANIMAL"": 7, ""BUY_LAND"": 2, ""BUY_PRODUCT"": 200, ""BUY_SEED"": 50, ""HIRE"": 317, ""SELL"": 178}","{""BUY_ANIMAL:COW"": 2, ""BUY_ANIMAL:SHEEP"": 10, ""BUY_PRODUCT:WHEAT"": 517, ""BUY_SEED:CARROT"": 16, ""BUY_SEED:MELON"": 20, ""BUY_SEED:STRAWBERRY"": 37, ""BUY_SEED:WHEAT"": 37, ""SELL:CARROT"": 36, ""SELL:FERTILIZER"": 273, ""SELL:MELON"": 114, ""SELL:MILK"": 69, ""SELL:STRAWBERRY"": 125, ""SELL:WHEAT"": 380, ""SELL:WOOL"": 226}",10.241379310344827,22,1.5172413793103448,13,1,{},control,frontier
2026,1,100056.0,124324.0,-24268.0,loss,DONE,DONE,1,719,0,0,0.613417,1.0774964,1.24033876,66.151291,3.1566957910035853,0,0,[],{},"{""BUILD_PASTURE"": 12, ""CARE"": 252, ""COLLECT_FERTILIZER"": 270, ""DIG"": 21, ""DROP"": 71, ""EAST"": 895, ""FEED"": 260, ""HARVEST"": 194, ""NORTH"": 1321, ""PASS"": 1609, ""PICKUP"": 70, ""PLACE"": 12, ""PLANT"": 101, ""SOUTH"": 934, ""WATER"": 721, ""WEST"": 1106}","{""HARVEST:HIGH_VALUE"": 72, ""HARVEST:MELON"": 20, ""HARVEST:STRAWBERRY"": 52, ""WATER:HIGH_VALUE"": 575, ""WATER:MELON"": 152, ""WATER:STRAWBERRY"": 423}","{""BUY_ANIMAL"": 7, ""BUY_LAND"": 2, ""BUY_PRODUCT"": 203, ""BUY_SEED"": 45, ""HIRE"": 315, ""SELL"": 175}","{""BUY_ANIMAL:COW"": 2, ""BUY_ANIMAL:SHEEP"": 10, ""BUY_PRODUCT:WHEAT"": 525, ""BUY_SEED:CARROT"": 14, ""BUY_SEED:MELON"": 20, ""BUY_SEED:STRAWBERRY"": 37, ""BUY_SEED:WHEAT"": 35, ""SELL:CARROT"": 32, ""SELL:FERTILIZER"": 270, ""SELL:MELON"": 112, ""SELL:MILK"": 69, ""SELL:STRAWBERRY"": 123, ""SELL:WHEAT"": 379, ""SELL:WOOL"": 232}",10.172413793103448,26,1.206896551724138,9,1,{},control,frontier
217,0,94572.0,134254.0,-39682.0,loss,DONE,DONE,1,719,0,0,0.6125,1.1037205,1.281011880000002,1.637417,3.127232541999547,0,0,[],{},"{""BUILD_PASTURE"": 12, ""CARE"": 223, ""COLLECT_FERTILIZER"": 275, ""DIG"": 14, ""DROP"": 81, ""EAST"": 878, ""FEED"": 259, ""HARVEST"": 192, ""NORTH"": 1298, ""PASS"": 1620, ""PICKUP"": 70, ""PLACE"": 12, ""PLANT"": 101, ""SOUTH"": 972, ""WATER"": 773, ""WEST"": 1108}","{""HARVEST:HIGH_VALUE"": 70, ""HARVEST:MELON"": 20, ""HARVEST:STRAWBERRY"": 50, ""WATER:HIGH_VALUE"": 616, ""WATER:MELON"": 156, ""WATER:STRAWBERRY"": 460}","{""BUY_ANIMAL"": 7, ""BUY_LAND"": 2, ""BUY_PRODUCT"": 192, ""BUY_SEED"": 49, ""HIRE"": 317, ""SELL"": 194}","{""BUY_ANIMAL:COW"": 8, ""BUY_ANIMAL:SHEEP"": 4, ""BUY_PRODUCT:WHEAT"": 520, ""BUY_SEED:CARROT"": 14, ""BUY_SEED:MELON"": 20, ""BUY_SEED:STRAWBERRY"": 37, ""BUY_SEED:WHEAT"": 35, ""SELL:CARROT"": 30, ""SELL:FERTILIZER"": 275, ""SELL:MELON"": 116, ""SELL:MILK"": 191, ""SELL:STRAWBERRY"": 123, ""SELL:WHEAT"": 388, ""SELL:WOOL"": 93}",8.620689655172415,22,2.103448275862069,16,1,{},control,frontier
217,1,97995.0,143148.0,-45153.0,loss,DONE,DONE,1,719,0,0,0.617375,1.1211957999999997,1.3111194400000008,36.033166,3.166792832998908,0,0,[],{},"{""BUILD_PASTURE"": 12, ""CARE"": 235, ""COLLECT_FERTILIZER"": 275, ""DIG"": 18, ""DROP"": 84, ""EAST"": 850, ""FEED"": 257, ""HARVEST"": 195, ""NORTH"": 1339, ""PASS"": 1582, ""PICKUP"": 70, ""PLACE"": 12, ""PLANT"": 102, ""SOUTH"": 1018, ""WATER"": 745, ""WEST"": 1096}","{""HARVEST:HIGH_VALUE"": 70, ""HARVEST:MELON"": 20, ""HARVEST:STRAWBERRY"": 50, ""WATER:HIGH_VALUE"": 590, ""WATER:MELON"": 154, ""WATER:STRAWBERRY"": 436}","{""BUY_ANIMAL"": 7, ""BUY_LAND"": 2, ""BUY_PRODUCT"": 195, ""BUY_SEED"": 51, ""HIRE"": 317, ""SELL"": 192}","{""BUY_ANIMAL:COW"": 8, ""BUY_ANIMAL:SHEEP"": 4, ""BUY_PRODUCT:WHEAT"": 521, ""BUY_SEED:CARROT"": 15, ""BUY_SEED:MELON"": 20, ""BUY_SEED:STRAWBERRY"": 37, ""BUY_SEED:WHEAT"": 35, ""SELL:CARROT"": 35, ""SELL:FERTILIZER"": 275, ""SELL:MELON"": 114, ""SELL:MILK"": 186, ""SELL:STRAWBERRY"": 123, ""SELL:WHEAT"": 384, ""SELL:WOOL"": 108}",9.620689655172415,23,1.896551724137931,14,1,{},control,frontier
317,0,97041.0,151099.0,-54058.0,loss,DONE,DONE,1,719,0,0,0.617625,1.1117125,1.3399181199999999,1.462584,3.129958917001204,0,0,[],{},"{""BUILD_PASTURE"": 12, ""CARE"": 210, ""COLLECT_FERTILIZER"": 272, ""DIG"": 20, ""DROP"": 78, ""EAST"": 908, ""FEED"": 259, ""HARVEST"": 191, ""NORTH"": 1349, ""PASS"": 1514, ""PICKUP"": 68, ""PLACE"": 12, ""PLANT"": 99, ""SOUTH"": 993, ""WATER"": 743, ""WEST"": 1141}","{""HARVEST:HIGH_VALUE"": 71, ""HARVEST:MELON"": 20, ""HARVEST:STRAWBERRY"": 51, ""WATER:HIGH_VALUE"": 598, ""WATER:MELON"": 154, ""WATER:STRAWBERRY"": 444}","{""BUY_ANIMAL"": 7, ""BUY_LAND"": 2, ""BUY_PRODUCT"": 202, ""BUY_SEED"": 46, ""HIRE"": 316, ""SELL"": 188}","{""BUY_ANIMAL:COW"": 9, ""BUY_ANIMAL:SHEEP"": 3, ""BUY_PRODUCT:WHEAT"": 525, ""BUY_SEED:CARROT"": 14, ""BUY_SEED:MELON"": 20, ""BUY_SEED:STRAWBERRY"": 37, ""BUY_SEED:WHEAT"": 33, ""SELL:CARROT"": 30, ""SELL:FERTILIZER"": 272, ""SELL:MELON"": 114, ""SELL:MILK"": 197, ""SELL:STRAWBERRY"": 125, ""SELL:WHEAT"": 381, ""SELL:WOOL"": 83}",9.586206896551724,23,1.8620689655172413,14,1,{},control,frontier
317,1,96775.0,151087.0,-54312.0,loss,DONE,DONE,1,719,0,0,0.621292,1.1037336,1.3802800000000013,65.655334,3.160951457997726,0,0,[],{},"{""BUILD_PASTURE"": 12, ""CARE"": 208, ""COLLECT_FERTILIZER"": 274, ""DIG"": 21, ""DROP"": 79, ""EAST"": 920, ""FEED"": 259, ""HARVEST"": 190, ""NORTH"": 1354, ""PASS"": 1513, ""PICKUP"": 68, ""PLACE"": 12, ""PLANT"": 98, ""SOUTH"": 981, ""WATER"": 747, ""WEST"": 1133}","{""HARVEST:HIGH_VALUE"": 71, ""HARVEST:MELON"": 20, ""HARVEST:STRAWBERRY"": 51, ""WATER:HIGH_VALUE"": 604, ""WATER:MELON"": 154, ""WATER:STRAWBERRY"": 450}","{""BUY_ANIMAL"": 7, ""BUY_LAND"": 2, ""BUY_PRODUCT"": 201, ""BUY_SEED"": 46, ""HIRE"": 316, ""SELL"": 182}","{""BUY_ANIMAL:COW"": 9, ""BUY_ANIMAL:SHEEP"": 3, ""BUY_PRODUCT:WHEAT"": 526, ""BUY_SEED:CARROT"": 14, ""BUY_SEED:MELON"": 20, ""BUY_SEED:STRAWBERRY"": 37, ""BUY_SEED:WHEAT"": 33, ""SELL:CARROT"": 30, ""SELL:FERTILIZER"": 274, ""SELL:MELON"": 114, ""SELL:MILK"": 197, ""SELL:STRAWBERRY"": 125, ""SELL:WHEAT"": 380, ""SELL:WOOL"": 82}",9.379310344827585,23,1.793103448275862,15,1,{},control,frontier
733,0,108254.0,158428.0,-50174.0,loss,DONE,DONE,1,719,0,0,0.623625,1.1034375,1.2821595000000001,1.613459,3.1246360000004643,0,0,[],{},"{""BUILD_PASTURE"": 12, ""CARE"": 244, ""COLLECT_FERTILIZER"": 268, ""DIG"": 18, ""DROP"": 87, ""EAST"": 932, ""FEED"": 252, ""HARVEST"": 191, ""NORTH"": 1319, ""PASS"": 1614, ""PICKUP"": 68, ""PLACE"": 12, ""PLANT"": 102, ""SOUTH"": 943, ""WATER"": 708, ""WEST"": 1136}","{""HARVEST:HIGH_VALUE"": 71, ""HARVEST:MELON"": 20, ""HARVEST:STRAWBERRY"": 51, ""WATER:HIGH_VALUE"": 559, ""WATER:MELON"": 153, ""WATER:STRAWBERRY"": 406}","{""BUY_ANIMAL"": 7, ""BUY_LAND"": 2, ""BUY_PRODUCT"": 198, ""BUY_SEED"": 47, ""HIRE"": 318, ""SELL"": 179}","{""BUY_ANIMAL:COW"": 3, ""BUY_ANIMAL:SHEEP"": 9, ""BUY_PRODUCT:WHEAT"": 522, ""BUY_SEED:CARROT"": 13, ""BUY_SEED:MELON"": 20, ""BUY_SEED:STRAWBERRY"": 37, ""BUY_SEED:WHEAT"": 35, ""SELL:CARROT"": 33, ""SELL:FERTILIZER"": 268, ""SELL:MELON"": 113, ""SELL:MILK"": 94, ""SELL:STRAWBERRY"": 124, ""SELL:WHEAT"": 386, ""SELL:WOOL"": 194}",10.689655172413794,25,2.2758620689655173,20,1,{},control,frontier
733,1,105127.0,151540.0,-46413.0,loss,DONE,DONE,1,719,0,0,0.6025,1.0906125,1.2576988800000004,1.5055,3.152805082994746,0,0,[],{},"{""BUILD_PASTURE"": 12, ""CARE"": 243, ""COLLECT_FERTILIZER"": 269, ""DIG"": 15, ""DROP"": 84, ""EAST"": 871, ""FEED"": 253, ""HARVEST"": 190, ""NORTH"": 1288, ""PASS"": 1682, ""PICKUP"": 68, ""PLACE"": 12, ""PLANT"": 102, ""SOUTH"": 950, ""WATER"": 749, ""WEST"": 1095}","{""HARVEST:HIGH_VALUE"": 71, ""HARVEST:MELON"": 20, ""HARVEST:STRAWBERRY"": 51, ""WATER:HIGH_VALUE"": 593, ""WATER:MELON"": 151, ""WATER:STRAWBERRY"": 442}","{""BUY_ANIMAL"": 7, ""BUY_LAND"": 2, ""BUY_PRODUCT"": 199, ""BUY_SEED"": 49, ""HIRE"": 317, ""SELL"": 178}","{""BUY_ANIMAL:COW"": 3, ""BUY_ANIMAL:SHEEP"": 9, ""BUY_PRODUCT:WHEAT"": 529, ""BUY_SEED:CARROT"": 14, ""BUY_SEED:MELON"": 20, ""BUY_SEED:STRAWBERRY"": 37, ""BUY_SEED:WHEAT"": 36, ""SELL:CARROT"": 33, ""SELL:FERTILIZER"": 269, ""SELL:MELON"": 111, ""SELL:MILK"": 92, ""SELL:STRAWBERRY"": 124, ""SELL:WHEAT"": 399, ""SELL:WOOL"": 194}",9.344827586206897,27,2,22,1,{},control,frontier
17,0,100690.0,99228.0,1462.0,win,DONE,DONE,1,719,0,0,0.694875,1.2816708,1.4810087400000003,64.119125,3.6337575419966015,0,0,[],{},"{""BUILD_PASTURE"": 12, ""CARE"": 225, ""COLLECT_FERTILIZER"": 270, ""DIG"": 18, ""DROP"": 78, ""EAST"": 859, ""FEED"": 253, ""HARVEST"": 202, ""NORTH"": 1336, ""PASS"": 1630, ""PICKUP"": 66, ""PLACE"": 12, ""PLANT"": 107, ""SOUTH"": 985, ""WATER"": 765, ""WEST"": 1128}","{""HARVEST:HIGH_VALUE"": 73, ""HARVEST:MELON"": 18, ""HARVEST:STRAWBERRY"": 55, ""WATER:HIGH_VALUE"": 591, ""WATER:MELON"": 142, ""WATER:STRAWBERRY"": 449}","{""BUY_ANIMAL"": 6, ""BUY_LAND"": 2, ""BUY_PRODUCT"": 193, ""BUY_SEED"": 48, ""HIRE"": 319, ""SELL"": 174}","{""BUY_ANIMAL:COW"": 10, ""BUY_ANIMAL:SHEEP"": 2, ""BUY_PRODUCT:WHEAT"": 518, ""BUY_SEED:CARROT"": 13, ""BUY_SEED:MELON"": 18, ""BUY_SEED:STRAWBERRY"": 38, ""BUY_SEED:WHEAT"": 40, ""SELL:CARROT"": 33, ""SELL:FERTILIZER"": 270, ""SELL:MELON"": 102, ""SELL:MILK"": 221, ""SELL:STRAWBERRY"": 131, ""SELL:WHEAT"": 406, ""SELL:WOOL"": 62}",9.862068965517242,30,1.8620689655172413,17,1,"{""base_harvest_jobs"": 0, ""base_urgent_assignments"": 0, ""base_water_jobs"": 0, ""calls"": 719, ""extra_drop_assignments"": 0, ""extra_harvest_assignments"": 0, ""extra_water_assignments"": 79, ""harvest_jobs_seen"": 0, ""last_step"": 718, ""pass_after"": 1630, ""pass_before"": 1709, ""storage_jobs_seen"": 0, ""unassigned_urgent_jobs"": 6995, ""unreachable_jobs"": 11343, ""water_jobs_seen"": 28113}",v011a_water_guard,baseline
17,1,100690.0,99228.0,1462.0,win,DONE,DONE,1,719,0,0,0.683833,1.2436836,1.4787518800000004,3.384375,3.63745279199793,0,0,[],{},"{""BUILD_PASTURE"": 12, ""CARE"": 225, ""COLLECT_FERTILIZER"": 270, ""DIG"": 17, ""DROP"": 78, ""EAST"": 859, ""FEED"": 253, ""HARVEST"": 202, ""NORTH"": 1336, ""PASS"": 1631, ""PICKUP"": 66, ""PLACE"": 12, ""PLANT"": 107, ""SOUTH"": 985, ""WATER"": 765, ""WEST"": 1128}","{""HARVEST:HIGH_VALUE"": 73, ""HARVEST:MELON"": 18, ""HARVEST:STRAWBERRY"": 55, ""WATER:HIGH_VALUE"": 591, ""WATER:MELON"": 142, ""WATER:STRAWBERRY"": 449}","{""BUY_ANIMAL"": 6, ""BUY_LAND"": 2, ""BUY_PRODUCT"": 193, ""BUY_SEED"": 48, ""HIRE"": 319, ""SELL"": 174}","{""BUY_ANIMAL:COW"": 10, ""BUY_ANIMAL:SHEEP"": 2, ""BUY_PRODUCT:WHEAT"": 518, ""BUY_SEED:CARROT"": 13, ""BUY_SEED:MELON"": 18, ""BUY_SEED:STRAWBERRY"": 38, ""BUY_SEED:WHEAT"": 40, ""SELL:CARROT"": 33, ""SELL:FERTILIZER"": 270, ""SELL:MELON"": 102, ""SELL:MILK"": 221, ""SELL:STRAWBERRY"": 131, ""SELL:WHEAT"": 406, ""SELL:WOOL"": 62}",9.862068965517242,30,1.8620689655172413,17,1,"{""base_harvest_jobs"": 0, ""base_urgent_assignments"": 0, ""base_water_jobs"": 0, ""calls"": 719, ""extra_drop_assignments"": 0, ""extra_harvest_assignments"": 0, ""extra_water_assignments"": 79, ""harvest_jobs_seen"": 0, ""last_step"": 718, ""pass_after"": 1631, ""pass_before"": 1710, ""storage_jobs_seen"": 0, ""unassigned_urgent_jobs"": 6995, ""unreachable_jobs"": 11345, ""water_jobs_seen"": 28113}",v011a_water_guard,baseline
42,0,113970.0,114781.0,-811.0,loss,DONE,DONE,1,719,0,0,0.731208,1.3058667,1.5248699400000003,1.74225,3.656119207997108,0,0,[],{},"{""BUILD_PASTURE"": 12, ""CARE"": 243, ""COLLECT_FERTILIZER"": 266, ""DIG"": 21, ""DROP"": 82, ""EAST"": 915, ""FEED"": 258, ""HARVEST"": 198, ""NORTH"": 1369, ""PASS"": 1496, ""PICKUP"": 71, ""PLACE"": 12, ""PLANT"": 107, ""SOUTH"": 1000, ""WATER"": 751, ""WEST"": 1160}","{""HARVEST:HIGH_VALUE"": 72, ""HARVEST:MELON"": 18, ""HARVEST:STRAWBERRY"": 54, ""WATER:HIGH_VALUE"": 583, ""WATER:MELON"": 147, ""WATER:STRAWBERRY"": 436}","{""BUY_ANIMAL"": 8, ""BUY_LAND"": 2, ""BUY_PRODUCT"": 207, ""BUY_SEED"": 46, ""HIRE"": 320, ""SELL"": 196}","{""BUY_ANIMAL:COW"": 7, ""BUY_ANIMAL:SHEEP"": 5, ""BUY_PRODUCT:WHEAT"": 535, ""BUY_SEED:CARROT"": 13, ""BUY_SEED:MELON"": 18, ""BUY_SEED:STRAWBERRY"": 38, ""BUY_SEED:WHEAT"": 39, ""SELL:CARROT"": 30, ""SELL:FERTILIZER"": 266, ""SELL:MELON"": 106, ""SELL:MILK"": 174, ""SELL:STRAWBERRY"": 128, ""SELL:WHEAT"": 394, ""SELL:WOOL"": 125}",10,22,1.0689655172413792,9,1,"{""base_harvest_jobs"": 0, ""base_urgent_assignments"": 0, ""base_water_jobs"": 0, ""calls"": 719, ""extra_drop_assignments"": 0, ""extra_harvest_assignments"": 0, ""extra_water_assignments"": 72, ""harvest_jobs_seen"": 0, ""last_step"": 718, ""pass_after"": 1496, ""pass_before"": 1568, ""storage_jobs_seen"": 0, ""unassigned_urgent_jobs"": 6889, ""unreachable_jobs"": 10768, ""water_jobs_seen"": 27630}",v011a_water_guard,baseline
42,1,110513.0,102960.0,7553.0,win,DONE,DONE,1,719,0,0,0.664792,1.2374795,1.4520455600000022,1.685625,3.544409750000341,0,0,[],{},"{""BUILD_PASTURE"": 12, ""CARE"": 229, ""COLLECT_FERTILIZER"": 271, ""DIG"": 23, ""DROP"": 72, ""EAST"": 897, ""FEED"": 259, ""HARVEST"": 194, ""NORTH"": 1303, ""PASS"": 1661, ""PICKUP"": 66, ""PLACE"": 12, ""PLANT"": 101, ""SOUTH"": 931, ""WATER"": 762, ""WEST"": 1081}","{""HARVEST:HIGH_VALUE"": 72, ""HARVEST:MELON"": 18, ""HARVEST:STRAWBERRY"": 54, ""WATER:HIGH_VALUE"": 607, ""WATER:MELON"": 148, ""WATER:STRAWBERRY"": 459}","{""BUY_ANIMAL"": 6, ""BUY_LAND"": 2, ""BUY_PRODUCT"": 209, ""BUY_SEED"": 52, ""HIRE"": 316, ""SELL"": 182}","{""BUY_ANIMAL:COW"": 8, ""BUY_ANIMAL:SHEEP"": 4, ""BUY_PRODUCT:WHEAT"": 529, ""BUY_SEED:CARROT"": 14, ""BUY_SEED:MELON"": 18, ""BUY_SEED:STRAWBERRY"": 38, ""BUY_SEED:WHEAT"": 41, ""SELL:CARROT"": 30, ""SELL:FERTILIZER"": 271, ""SELL:MELON"": 108, ""SELL:MILK"": 169, ""SELL:STRAWBERRY"": 130, ""SELL:WHEAT"": 395, ""SELL:WOOL"": 118}",9.172413793103448,24,1.3103448275862069,17,1,"{""base_harvest_jobs"": 0, ""base_urgent_assignments"": 0, ""base_water_jobs"": 0, ""calls"": 719, ""extra_drop_assignments"": 0, ""extra_harvest_assignments"": 0, ""extra_water_assignments"": 74, ""harvest_jobs_seen"": 0, ""last_step"": 718, ""pass_after"": 1661, ""pass_before"": 1735, ""storage_jobs_seen"": 0, ""unassigned_urgent_jobs"": 7062, ""unreachable_jobs"": 10609, ""water_jobs_seen"": 28236}",v011a_water_guard,baseline
2026,0,97952.0,110134.0,-12182.0,loss,DONE,DONE,1,719,0,0,0.651917,1.2112417000000002,1.4421089400000016,39.212375,3.5040694159979466,0,0,[],{},"{""BUILD_PASTURE"": 12, ""CARE"": 225, ""COLLECT_FERTILIZER"": 251, ""DIG"": 20, ""DROP"": 86, ""EAST"": 1019, ""FEED"": 235, ""HARVEST"": 197, ""NORTH"": 1420, ""PASS"": 1679, ""PICKUP"": 66, ""PLACE"": 12, ""PLANT"": 110, ""SOUTH"": 843, ""WATER"": 712, ""WEST"": 1118}","{""HARVEST:HIGH_VALUE"": 71, ""HARVEST:MELON"": 18, ""HARVEST:STRAWBERRY"": 53, ""WATER:HIGH_VALUE"": 531, ""WATER:MELON"": 146, ""WATER:STRAWBERRY"": 385}","{""BUY_ANIMAL"": 8, ""BUY_LAND"": 2, ""BUY_PRODUCT"": 190, ""BUY_SEED"": 57, ""HIRE"": 322, ""SELL"": 189}","{""BUY_ANIMAL:COW"": 6, ""BUY_ANIMAL:SHEEP"": 6, ""BUY_PRODUCT:WHEAT"": 581, ""BUY_SEED:CARROT"": 16, ""BUY_SEED:MELON"": 18, ""BUY_SEED:STRAWBERRY"": 38, ""BUY_SEED:WHEAT"": 42, ""SELL:CARROT"": 47, ""SELL:FERTILIZER"": 251, ""SELL:MELON"": 101, ""SELL:MILK"": 130, ""SELL:STRAWBERRY"": 95, ""SELL:WHEAT"": 480, ""SELL:WOOL"": 142}",8.551724137931034,17,0.7241379310344828,4,1,"{""base_harvest_jobs"": 0, ""base_urgent_assignments"": 0, ""base_water_jobs"": 0, ""calls"": 719, ""extra_drop_assignments"": 0, ""extra_harvest_assignments"": 0, ""extra_water_assignments"": 86, ""harvest_jobs_seen"": 0, ""last_step"": 718, ""pass_after"": 1679, ""pass_before"": 1765, ""storage_jobs_seen"": 0, ""unassigned_urgent_jobs"": 6005, ""unreachable_jobs"": 13459, ""water_jobs_seen"": 25238}",v011a_water_guard,baseline
2026,1,98094.0,110335.0,-12241.0,loss,DONE,DONE,1,719,0,0,0.627666,1.1797503,1.4177838200000006,1.826791,3.5153734170016833,0,0,[],{},"{""BUILD_PASTURE"": 12, ""CARE"": 224, ""COLLECT_FERTILIZER"": 251, ""DIG"": 21, ""DROP"": 81, ""EAST"": 1009, ""FEED"": 235, ""HARVEST"": 197, ""NORTH"": 1422, ""PASS"": 1669, ""PICKUP"": 66, ""PLACE"": 12, ""PLANT"": 110, ""SOUTH"": 846, ""WATER"": 714, ""WEST"": 1114}","{""HARVEST:HIGH_VALUE"": 71, ""HARVEST:MELON"": 18, ""HARVEST:STRAWBERRY"": 53, ""WATER:HIGH_VALUE"": 532, ""WATER:MELON"": 146, ""WATER:STRAWBERRY"": 386}","{""BUY_ANIMAL"": 8, ""BUY_LAND"": 2, ""BUY_PRODUCT"": 190, ""BUY_SEED"": 57, ""HIRE"": 321, ""SELL"": 189}","{""BUY_ANIMAL:COW"": 6, ""BUY_ANIMAL:SHEEP"": 6, ""BUY_PRODUCT:WHEAT"": 581, ""BUY_SEED:CARROT"": 16, ""BUY_SEED:MELON"": 18, ""BUY_SEED:STRAWBERRY"": 38, ""BUY_SEED:WHEAT"": 42, ""SELL:CARROT"": 47, ""SELL:FERTILIZER"": 251, ""SELL:MELON"": 101, ""SELL:MILK"": 130, ""SELL:STRAWBERRY"": 95, ""SELL:WHEAT"": 481, ""SELL:WOOL"": 142}",8.551724137931034,17,0.6551724137931034,4,1,"{""base_harvest_jobs"": 0, ""base_urgent_assignments"": 0, ""base_water_jobs"": 0, ""calls"": 719, ""extra_drop_assignments"": 0, ""extra_harvest_assignments"": 0, ""extra_water_assignments"": 87, ""harvest_jobs_seen"": 0, ""last_step"": 718, ""pass_after"": 1669, ""pass_before"": 1756, ""storage_jobs_seen"": 0, ""unassigned_urgent_jobs"": 6024, ""unreachable_jobs"": 13402, ""water_jobs_seen"": 25270}",v011a_water_guard,baseline
217,0,88543.0,101243.0,-12700.0,loss,DONE,DONE,1,719,0,0,0.629333,1.1513964,1.36936488,1.623084,3.465547375002643,0,0,[],{},"{""BUILD_PASTURE"": 12, ""CARE"": 232, ""COLLECT_FERTILIZER"": 254, ""DIG"": 24, ""DROP"": 77, ""EAST"": 979, ""FEED"": 247, ""HARVEST"": 181, ""NORTH"": 1361, ""PASS"": 1712, ""PICKUP"": 67, ""PLACE"": 12, ""PLANT"": 107, ""SOUTH"": 830, ""WATER"": 692, ""WEST"": 1086}","{""HARVEST:HIGH_VALUE"": 60, ""HARVEST:MELON"": 18, ""HARVEST:STRAWBERRY"": 42, ""WATER:HIGH_VALUE"": 503, ""WATER:MELON"": 151, ""WATER:STRAWBERRY"": 352}","{""BUY_ANIMAL"": 8, ""BUY_LAND"": 2, ""BUY_PRODUCT"": 202, ""BUY_SEED"": 60, ""HIRE"": 316, ""SELL"": 210}","{""BUY_ANIMAL:COW"": 4, ""BUY_ANIMAL:SHEEP"": 8, ""BUY_PRODUCT:WHEAT"": 526, ""BUY_SEED:CARROT"": 18, ""BUY_SEED:MELON"": 18, ""BUY_SEED:STRAWBERRY"": 38, ""BUY_SEED:WHEAT"": 43, ""SELL:CARROT"": 42, ""SELL:FERTILIZER"": 254, ""SELL:MELON"": 108, ""SELL:MILK"": 114, ""SELL:STRAWBERRY"": 84, ""SELL:WHEAT"": 409, ""SELL:WOOL"": 174}",7.896551724137931,18,0.3103448275862069,4,1,"{""base_harvest_jobs"": 0, ""base_urgent_assignments"": 0, ""base_water_jobs"": 0, ""calls"": 719, ""extra_drop_assignments"": 0, ""extra_harvest_assignments"": 0, ""extra_water_assignments"": 95, ""harvest_jobs_seen"": 0, ""last_step"": 718, ""pass_after"": 1712, ""pass_before"": 1807, ""storage_jobs_seen"": 0, ""unassigned_urgent_jobs"": 5250, ""unreachable_jobs"": 12178, ""water_jobs_seen"": 22921}",v011a_water_guard,baseline
217,1,92048.0,109276.0,-17228.0,loss,DONE,DONE,1,719,0,0,0.611333,1.1313705,1.395295440000003,1.744375,3.4715477089994238,0,0,[],{},"{""BUILD_PASTURE"": 12, ""CARE"": 226, ""COLLECT_FERTILIZER"": 255, ""DIG"": 21, ""DROP"": 81, ""EAST"": 1018, ""FEED"": 244, ""HARVEST"": 196, ""NORTH"": 1366, ""PASS"": 1643, ""PICKUP"": 67, ""PLACE"": 12, ""PLANT"": 111, ""SOUTH"": 798, ""WATER"": 705, ""WEST"": 1157}","{""HARVEST:HIGH_VALUE"": 62, ""HARVEST:MELON"": 18, ""HARVEST:STRAWBERRY"": 44, ""WATER:HIGH_VALUE"": 499, ""WATER:MELON"": 149, ""WATER:STRAWBERRY"": 350}","{""BUY_ANIMAL"": 8, ""BUY_LAND"": 2, ""BUY_PRODUCT"": 190, ""BUY_SEED"": 59, ""HIRE"": 318, ""SELL"": 211}","{""BUY_ANIMAL:COW"": 4, ""BUY_ANIMAL:SHEEP"": 8, ""BUY_PRODUCT:WHEAT"": 520, ""BUY_SEED:CARROT"": 19, ""BUY_SEED:MELON"": 18, ""BUY_SEED:STRAWBERRY"": 38, ""BUY_SEED:WHEAT"": 42, ""SELL:CARROT"": 56, ""SELL:FERTILIZER"": 255, ""SELL:MELON"": 108, ""SELL:MILK"": 119, ""SELL:STRAWBERRY"": 86, ""SELL:WHEAT"": 426, ""SELL:WOOL"": 160}",8,19,0.5517241379310345,5,1,"{""base_harvest_jobs"": 0, ""base_urgent_assignments"": 0, ""base_water_jobs"": 0, ""calls"": 719, ""extra_drop_assignments"": 0, ""extra_harvest_assignments"": 0, ""extra_water_assignments"": 86, ""harvest_jobs_seen"": 0, ""last_step"": 718, ""pass_after"": 1643, ""pass_before"": 1729, ""storage_jobs_seen"": 0, ""unassigned_urgent_jobs"": 5355, ""unreachable_jobs"": 12218, ""water_jobs_seen"": 23176}",v011a_water_guard,baseline
317,0,111391.0,107021.0,4370.0,win,DONE,DONE,1,719,0,0,0.694625,1.2210955000000001,1.4559369400000004,1.669416,3.5608162920034374,0,0,[],{},"{""BUILD_PASTURE"": 12, ""CARE"": 238, ""COLLECT_FERTILIZER"": 263, ""DIG"": 21, ""DROP"": 85, ""EAST"": 987, ""FEED"": 251, ""HARVEST"": 203, ""NORTH"": 1358, ""PASS"": 1528, ""PICKUP"": 70, ""PLACE"": 12, ""PLANT"": 108, ""SOUTH"": 940, ""WATER"": 732, ""WEST"": 1133}","{""HARVEST:HIGH_VALUE"": 72, ""HARVEST:MELON"": 18, ""HARVEST:STRAWBERRY"": 54, ""WATER:HIGH_VALUE"": 561, ""WATER:MELON"": 144, ""WATER:STRAWBERRY"": 417}","{""BUY_ANIMAL"": 7, ""BUY_LAND"": 2, ""BUY_PRODUCT"": 209, ""BUY_SEED"": 54, ""HIRE"": 319, ""SELL"": 193}","{""BUY_ANIMAL:COW"": 6, ""BUY_ANIMAL:SHEEP"": 6, ""BUY_PRODUCT:WHEAT"": 528, ""BUY_SEED:CARROT"": 15, ""BUY_SEED:MELON"": 18, ""BUY_SEED:STRAWBERRY"": 38, ""BUY_SEED:WHEAT"": 37, ""SELL:CARROT"": 41, ""SELL:FERTILIZER"": 263, ""SELL:MELON"": 104, ""SELL:MILK"": 152, ""SELL:STRAWBERRY"": 115, ""SELL:WHEAT"": 405, ""SELL:WOOL"": 148}",9.241379310344827,23,0.896551724137931,6,1,"{""base_harvest_jobs"": 0, ""base_urgent_assignments"": 0, ""base_water_jobs"": 0, ""calls"": 719, ""extra_drop_assignments"": 0, ""extra_harvest_assignments"": 0, ""extra_water_assignments"": 103, ""harvest_jobs_seen"": 0, ""last_step"": 718, ""pass_after"": 1528, ""pass_before"": 1631, ""storage_jobs_seen"": 0, ""unassigned_urgent_jobs"": 6698, ""unreachable_jobs"": 11512, ""water_jobs_seen"": 26912}",v011a_water_guard,baseline
317,1,111173.0,107053.0,4120.0,win,DONE,DONE,1,719,0,0,0.672,1.237858,1.4610187400000016,1.757875,3.515432291002071,0,0,[],{},"{""BUILD_PASTURE"": 12, ""CARE"": 237, ""COLLECT_FERTILIZER"": 264, ""DIG"": 20, ""DROP"": 85, ""EAST"": 985, ""FEED"": 245, ""HARVEST"": 201, ""NORTH"": 1361, ""PASS"": 1524, ""PICKUP"": 68, ""PLACE"": 12, ""PLANT"": 107, ""SOUTH"": 948, ""WATER"": 729, ""WEST"": 1120}","{""HARVEST:HIGH_VALUE"": 72, ""HARVEST:MELON"": 18, ""HARVEST:STRAWBERRY"": 54, ""WATER:HIGH_VALUE"": 563, ""WATER:MELON"": 144, ""WATER:STRAWBERRY"": 419}","{""BUY_ANIMAL"": 7, ""BUY_LAND"": 2, ""BUY_PRODUCT"": 206, ""BUY_SEED"": 54, ""HIRE"": 318, ""SELL"": 189}","{""BUY_ANIMAL:COW"": 6, ""BUY_ANIMAL:SHEEP"": 6, ""BUY_PRODUCT:WHEAT"": 592, ""BUY_SEED:CARROT"": 15, ""BUY_SEED:MELON"": 18, ""BUY_SEED:STRAWBERRY"": 38, ""BUY_SEED:WHEAT"": 37, ""SELL:CARROT"": 42, ""SELL:FERTILIZER"": 264, ""SELL:MELON"": 104, ""SELL:MILK"": 151, ""SELL:STRAWBERRY"": 115, ""SELL:WHEAT"": 467, ""SELL:WOOL"": 148}",9.241379310344827,23,1.0344827586206897,5,1,"{""base_harvest_jobs"": 0, ""base_urgent_assignments"": 0, ""base_water_jobs"": 0, ""calls"": 719, ""extra_drop_assignments"": 0, ""extra_harvest_assignments"": 0, ""extra_water_assignments"": 94, ""harvest_jobs_seen"": 0, ""last_step"": 718, ""pass_after"": 1524, ""pass_before"": 1618, ""storage_jobs_seen"": 0, ""unassigned_urgent_jobs"": 6594, ""unreachable_jobs"": 11383, ""water_jobs_seen"": 26784}",v011a_water_guard,baseline
733,0,97355.0,95930.0,1425.0,win,DONE,DONE,1,719,0,0,0.723334,1.2646041,1.47677012,1.710042,3.6143933749990538,0,0,[],{},"{""BUILD_PASTURE"": 12, ""CARE"": 209, ""COLLECT_FERTILIZER"": 269, ""DIG"": 9, ""DROP"": 78, ""EAST"": 878, ""FEED"": 256, ""HARVEST"": 193, ""NORTH"": 1337, ""PASS"": 1618, ""PICKUP"": 66, ""PLACE"": 12, ""PLANT"": 103, ""SOUTH"": 1030, ""WATER"": 767, ""WEST"": 1099}","{""HARVEST:HIGH_VALUE"": 73, ""HARVEST:MELON"": 18, ""HARVEST:STRAWBERRY"": 55, ""WATER:HIGH_VALUE"": 606, ""WATER:MELON"": 139, ""WATER:STRAWBERRY"": 467}","{""BUY_ANIMAL"": 8, ""BUY_LAND"": 2, ""BUY_PRODUCT"": 211, ""BUY_SEED"": 49, ""HIRE"": 319, ""SELL"": 195}","{""BUY_ANIMAL:COW"": 8, ""BUY_ANIMAL:SHEEP"": 4, ""BUY_PRODUCT:WHEAT"": 514, ""BUY_SEED:CARROT"": 14, ""BUY_SEED:MELON"": 18, ""BUY_SEED:STRAWBERRY"": 38, ""BUY_SEED:WHEAT"": 39, ""SELL:CARROT"": 36, ""SELL:FERTILIZER"": 269, ""SELL:MELON"": 100, ""SELL:MILK"": 184, ""SELL:STRAWBERRY"": 129, ""SELL:WHEAT"": 383, ""SELL:WOOL"": 92}",8.862068965517242,25,3.3793103448275863,27,1,"{""base_harvest_jobs"": 0, ""base_urgent_assignments"": 0, ""base_water_jobs"": 0, ""calls"": 719, ""extra_drop_assignments"": 0, ""extra_harvest_assignments"": 0, ""extra_water_assignments"": 57, ""harvest_jobs_seen"": 0, ""last_step"": 718, ""pass_after"": 1618, ""pass_before"": 1675, ""storage_jobs_seen"": 0, ""unassigned_urgent_jobs"": 6922, ""unreachable_jobs"": 10515, ""water_jobs_seen"": 27769}",v011a_water_guard,baseline
733,1,98721.0,96675.0,2046.0,win,DONE,DONE,1,719,0,0,0.696625,1.2542833,1.4439200600000004,1.6545,3.6018580829986604,0,0,[],{},"{""BUILD_PASTURE"": 12, ""CARE"": 211, ""COLLECT_FERTILIZER"": 269, ""DIG"": 15, ""DROP"": 81, ""EAST"": 874, ""FEED"": 255, ""HARVEST"": 194, ""NORTH"": 1339, ""PASS"": 1579, ""PICKUP"": 66, ""PLACE"": 12, ""PLANT"": 106, ""SOUTH"": 1027, ""WATER"": 792, ""WEST"": 1082}","{""HARVEST:HIGH_VALUE"": 73, ""HARVEST:MELON"": 18, ""HARVEST:STRAWBERRY"": 55, ""WATER:HIGH_VALUE"": 619, ""WATER:MELON"": 141, ""WATER:STRAWBERRY"": 478}","{""BUY_ANIMAL"": 8, ""BUY_LAND"": 2, ""BUY_PRODUCT"": 202, ""BUY_SEED"": 51, ""HIRE"": 318, ""SELL"": 198}","{""BUY_ANIMAL:COW"": 8, ""BUY_ANIMAL:SHEEP"": 4, ""BUY_PRODUCT:WHEAT"": 513, ""BUY_SEED:CARROT"": 14, ""BUY_SEED:MELON"": 18, ""BUY_SEED:STRAWBERRY"": 38, ""BUY_SEED:WHEAT"": 42, ""SELL:CARROT"": 33, ""SELL:FERTILIZER"": 269, ""SELL:MELON"": 101, ""SELL:MILK"": 177, ""SELL:STRAWBERRY"": 130, ""SELL:WHEAT"": 398, ""SELL:WOOL"": 91}",8.448275862068966,34,1.8275862068965518,19,1,"{""base_harvest_jobs"": 0, ""base_urgent_assignments"": 0, ""base_water_jobs"": 0, ""calls"": 719, ""extra_drop_assignments"": 0, ""extra_harvest_assignments"": 0, ""extra_water_assignments"": 52, ""harvest_jobs_seen"": 0, ""last_step"": 718, ""pass_after"": 1579, ""pass_before"": 1631, ""storage_jobs_seen"": 0, ""unassigned_urgent_jobs"": 6888, ""unreachable_jobs"": 9787, ""water_jobs_seen"": 27816}",v011a_water_guard,baseline
17,0,140391.0,3499.0,136892.0,win,DONE,DONE,1,719,0,0,0.710708,1.2568215,1.485172560000001,1.643791,2.239198834002309,0,0,[],{},"{""BUILD_PASTURE"": 12, ""CARE"": 240, ""COLLECT_FERTILIZER"": 272, ""DIG"": 22, ""DROP"": 86, ""EAST"": 983, ""FEED"": 249, ""HARVEST"": 207, ""NORTH"": 1352, ""PASS"": 1472, ""PICKUP"": 65, ""PLACE"": 12, ""PLANT"": 106, ""SOUTH"": 947, ""WATER"": 721, ""WEST"": 1202}","{""HARVEST:HIGH_VALUE"": 73, ""HARVEST:MELON"": 20, ""HARVEST:STRAWBERRY"": 53, ""WATER:HIGH_VALUE"": 557, ""WATER:MELON"": 159, ""WATER:STRAWBERRY"": 398}","{""BUY_ANIMAL"": 7, ""BUY_LAND"": 2, ""BUY_PRODUCT"": 201, ""BUY_SEED"": 58, ""HIRE"": 319, ""SELL"": 178}","{""BUY_ANIMAL:COW"": 10, ""BUY_ANIMAL:SHEEP"": 2, ""BUY_PRODUCT:WHEAT"": 579, ""BUY_SEED:CARROT"": 15, ""BUY_SEED:MELON"": 20, ""BUY_SEED:STRAWBERRY"": 37, ""BUY_SEED:WHEAT"": 37, ""SELL:CARROT"": 36, ""SELL:FERTILIZER"": 272, ""SELL:MELON"": 116, ""SELL:MILK"": 230, ""SELL:STRAWBERRY"": 127, ""SELL:WHEAT"": 450, ""SELL:WOOL"": 61}",10.517241379310345,27,0.7241379310344828,6,1,"{""base_harvest_jobs"": 0, ""base_urgent_assignments"": 0, ""base_water_jobs"": 0, ""calls"": 719, ""extra_drop_assignments"": 0, ""extra_harvest_assignments"": 0, ""extra_water_assignments"": 75, ""harvest_jobs_seen"": 0, ""last_step"": 718, ""pass_after"": 1472, ""pass_before"": 1547, ""storage_jobs_seen"": 0, ""unassigned_urgent_jobs"": 6884, ""unreachable_jobs"": 11804, ""water_jobs_seen"": 27854}",v011a_water_guard,starter
17,1,143797.0,3480.0,140317.0,win,DONE,DONE,1,719,0,0,0.690375,1.2498119,1.4993419400000008,1.653291,2.2757972499966854,0,0,[],{},"{""BUILD_PASTURE"": 12, ""CARE"": 231, ""COLLECT_FERTILIZER"": 269, ""DIG"": 23, ""DROP"": 91, ""EAST"": 999, ""FEED"": 256, ""HARVEST"": 206, ""NORTH"": 1314, ""PASS"": 1430, ""PICKUP"": 66, ""PLACE"": 12, ""PLANT"": 110, ""SOUTH"": 962, ""WATER"": 737, ""WEST"": 1207}","{""HARVEST:HIGH_VALUE"": 74, ""HARVEST:MELON"": 20, ""HARVEST:STRAWBERRY"": 54, ""WATER:HIGH_VALUE"": 557, ""WATER:MELON"": 160, ""WATER:STRAWBERRY"": 397}","{""BUY_ANIMAL"": 7, ""BUY_LAND"": 2, ""BUY_PRODUCT"": 198, ""BUY_SEED"": 58, ""HIRE"": 318, ""SELL"": 184}","{""BUY_ANIMAL:COW"": 10, ""BUY_ANIMAL:SHEEP"": 2, ""BUY_PRODUCT:WHEAT"": 522, ""BUY_SEED:CARROT"": 14, ""BUY_SEED:MELON"": 20, ""BUY_SEED:STRAWBERRY"": 37, ""BUY_SEED:WHEAT"": 40, ""SELL:CARROT"": 36, ""SELL:FERTILIZER"": 269, ""SELL:MELON"": 117, ""SELL:MILK"": 232, ""SELL:STRAWBERRY"": 128, ""SELL:WHEAT"": 400, ""SELL:WOOL"": 59}",10.517241379310345,33,0.5517241379310345,4,1,"{""base_harvest_jobs"": 0, ""base_urgent_assignments"": 0, ""base_water_jobs"": 0, ""calls"": 719, ""extra_drop_assignments"": 0, ""extra_harvest_assignments"": 0, ""extra_water_assignments"": 54, ""harvest_jobs_seen"": 0, ""last_step"": 718, ""pass_after"": 1430, ""pass_before"": 1484, ""storage_jobs_seen"": 0, ""unassigned_urgent_jobs"": 6926, ""unreachable_jobs"": 11189, ""water_jobs_seen"": 27852}",v011a_water_guard,starter
42,0,137711.0,3497.0,134214.0,win,DONE,DONE,1,719,0,0,0.711542,1.2416292000000004,1.4922175000000009,1.762542,2.266756584001996,0,0,[],{},"{""BUILD_PASTURE"": 12, ""CARE"": 245, ""COLLECT_FERTILIZER"": 269, ""DIG"": 23, ""DROP"": 88, ""EAST"": 922, ""FEED"": 262, ""HARVEST"": 201, ""NORTH"": 1313, ""PASS"": 1555, ""PICKUP"": 66, ""PLACE"": 12, ""PLANT"": 100, ""SOUTH"": 1002, ""WATER"": 725, ""WEST"": 1150}","{""HARVEST:HIGH_VALUE"": 68, ""HARVEST:MELON"": 20, ""HARVEST:STRAWBERRY"": 48, ""WATER:HIGH_VALUE"": 581, ""WATER:MELON"": 159, ""WATER:STRAWBERRY"": 422}","{""BUY_ANIMAL"": 6, ""BUY_LAND"": 2, ""BUY_PRODUCT"": 211, ""BUY_SEED"": 44, ""HIRE"": 319, ""SELL"": 183}","{""BUY_ANIMAL:COW"": 10, ""BUY_ANIMAL:SHEEP"": 2, ""BUY_PRODUCT:WHEAT"": 530, ""BUY_SEED:CARROT"": 12, ""BUY_SEED:MELON"": 20, ""BUY_SEED:STRAWBERRY"": 37, ""BUY_SEED:WHEAT"": 33, ""SELL:CARROT"": 30, ""SELL:FERTILIZER"": 269, ""SELL:MELON"": 118, ""SELL:MILK"": 243, ""SELL:STRAWBERRY"": 122, ""SELL:WHEAT"": 382, ""SELL:WOOL"": 68}",10.517241379310345,24,1.1379310344827587,10,1,"{""base_harvest_jobs"": 0, ""base_urgent_assignments"": 0, ""base_water_jobs"": 0, ""calls"": 719, ""extra_drop_assignments"": 0, ""extra_harvest_assignments"": 0, ""extra_water_assignments"": 96, ""harvest_jobs_seen"": 0, ""last_step"": 718, ""pass_after"": 1555, ""pass_before"": 1651, ""storage_jobs_seen"": 0, ""unassigned_urgent_jobs"": 6903, ""unreachable_jobs"": 12166, ""water_jobs_seen"": 28066}",v011a_water_guard,starter
42,1,133260.0,3482.0,129778.0,win,DONE,DONE,1,719,0,0,0.6975,1.2716003,1.5719395000000032,53.877333,2.3725781249959255,0,0,[],{},"{""BUILD_PASTURE"": 12, ""CARE"": 231, ""COLLECT_FERTILIZER"": 269, ""DIG"": 23, ""DROP"": 81, ""EAST"": 924, ""FEED"": 254, ""HARVEST"": 203, ""NORTH"": 1356, ""PASS"": 1500, ""PICKUP"": 67, ""PLACE"": 12, ""PLANT"": 108, ""SOUTH"": 993, ""WATER"": 754, ""WEST"": 1157}","{""HARVEST:HIGH_VALUE"": 74, ""HARVEST:MELON"": 20, ""HARVEST:STRAWBERRY"": 54, ""WATER:HIGH_VALUE"": 572, ""WATER:MELON"": 155, ""WATER:STRAWBERRY"": 417}","{""BUY_ANIMAL"": 7, ""BUY_LAND"": 2, ""BUY_PRODUCT"": 196, ""BUY_SEED"": 59, ""HIRE"": 319, ""SELL"": 181}","{""BUY_ANIMAL:COW"": 7, ""BUY_ANIMAL:SHEEP"": 5, ""BUY_PRODUCT:WHEAT"": 517, ""BUY_SEED:CARROT"": 11, ""BUY_SEED:MELON"": 20, ""BUY_SEED:STRAWBERRY"": 37, ""BUY_SEED:WHEAT"": 41, ""SELL:CARROT"": 27, ""SELL:FERTILIZER"": 269, ""SELL:MELON"": 113, ""SELL:MILK"": 175, ""SELL:STRAWBERRY"": 128, ""SELL:WHEAT"": 407, ""SELL:WOOL"": 112}",10.206896551724139,30,1.5517241379310345,10,1,"{""base_harvest_jobs"": 0, ""base_urgent_assignments"": 0, ""base_water_jobs"": 0, ""calls"": 719, ""extra_drop_assignments"": 0, ""extra_harvest_assignments"": 0, ""extra_water_assignments"": 56, ""harvest_jobs_seen"": 0, ""last_step"": 718, ""pass_after"": 1500, ""pass_before"": 1556, ""storage_jobs_seen"": 0, ""unassigned_urgent_jobs"": 6928, ""unreachable_jobs"": 11697, ""water_jobs_seen"": 27811}",v011a_water_guard,starter
2026,0,137142.0,3487.0,133655.0,win,DONE,DONE,1,719,0,0,0.695875,1.2526166,1.49101126,40.881958,2.2588737909973133,0,0,[],{},"{""BUILD_PASTURE"": 12, ""CARE"": 230, ""COLLECT_FERTILIZER"": 270, ""DIG"": 21, ""DROP"": 70, ""EAST"": 923, ""FEED"": 259, ""HARVEST"": 206, ""NORTH"": 1357, ""PASS"": 1476, ""PICKUP"": 66, ""PLACE"": 12, ""PLANT"": 107, ""SOUTH"": 1021, ""WATER"": 756, ""WEST"": 1134}","{""HARVEST:HIGH_VALUE"": 74, ""HARVEST:MELON"": 20, ""HARVEST:STRAWBERRY"": 54, ""WATER:HIGH_VALUE"": 584, ""WATER:MELON"": 151, ""WATER:STRAWBERRY"": 433}","{""BUY_ANIMAL"": 7, ""BUY_LAND"": 2, ""BUY_PRODUCT"": 204, ""BUY_SEED"": 58, ""HIRE"": 318, ""SELL"": 177}","{""BUY_ANIMAL:COW"": 9, ""BUY_ANIMAL:SHEEP"": 3, ""BUY_PRODUCT:WHEAT"": 521, ""BUY_SEED:CARROT"": 14, ""BUY_SEED:MELON"": 20, ""BUY_SEED:STRAWBERRY"": 37, ""BUY_SEED:WHEAT"": 38, ""SELL:CARROT"": 33, ""SELL:FERTILIZER"": 270, ""SELL:MELON"": 109, ""SELL:MILK"": 223, ""SELL:STRAWBERRY"": 128, ""SELL:WHEAT"": 390, ""SELL:WOOL"": 76}",9.793103448275861,27,1.4482758620689655,9,1,"{""base_harvest_jobs"": 0, ""base_urgent_assignments"": 0, ""base_water_jobs"": 0, ""calls"": 719, ""extra_drop_assignments"": 0, ""extra_harvest_assignments"": 0, ""extra_water_assignments"": 108, ""harvest_jobs_seen"": 0, ""last_step"": 718, ""pass_after"": 1476, ""pass_before"": 1584, ""storage_jobs_seen"": 0, ""unassigned_urgent_jobs"": 6887, ""unreachable_jobs"": 11600, ""water_jobs_seen"": 28003}",v011a_water_guard,starter
2026,1,138632.0,3485.0,135147.0,win,DONE,DONE,1,719,0,0,0.686417,1.2376881,1.437798880000001,1.717041,2.2576434169968707,0,0,[],{},"{""BUILD_PASTURE"": 12, ""CARE"": 237, ""COLLECT_FERTILIZER"": 273, ""DIG"": 18, ""DROP"": 88, ""EAST"": 951, ""FEED"": 259, ""HARVEST"": 204, ""NORTH"": 1363, ""PASS"": 1467, ""PICKUP"": 66, ""PLACE"": 12, ""PLANT"": 107, ""SOUTH"": 1025, ""WATER"": 745, ""WEST"": 1138}","{""HARVEST:HIGH_VALUE"": 73, ""HARVEST:MELON"": 20, ""HARVEST:STRAWBERRY"": 53, ""WATER:HIGH_VALUE"": 571, ""WATER:MELON"": 156, ""WATER:STRAWBERRY"": 415}","{""BUY_ANIMAL"": 7, ""BUY_LAND"": 2, ""BUY_PRODUCT"": 198, ""BUY_SEED"": 57, ""HIRE"": 320, ""SELL"": 188}","{""BUY_ANIMAL:COW"": 9, ""BUY_ANIMAL:SHEEP"": 3, ""BUY_PRODUCT:WHEAT"": 527, ""BUY_SEED:CARROT"": 14, ""BUY_SEED:MELON"": 20, ""BUY_SEED:STRAWBERRY"": 37, ""BUY_SEED:WHEAT"": 39, ""SELL:CARROT"": 30, ""SELL:FERTILIZER"": 273, ""SELL:MELON"": 114, ""SELL:MILK"": 216, ""SELL:STRAWBERRY"": 127, ""SELL:WHEAT"": 401, ""SELL:WOOL"": 78}",10.172413793103448,29,2.206896551724138,11,1,"{""base_harvest_jobs"": 0, ""base_urgent_assignments"": 0, ""base_water_jobs"": 0, ""calls"": 719, ""extra_drop_assignments"": 0, ""extra_harvest_assignments"": 0, ""extra_water_assignments"": 93, ""harvest_jobs_seen"": 0, ""last_step"": 718, ""pass_after"": 1467, ""pass_before"": 1560, ""storage_jobs_seen"": 0, ""unassigned_urgent_jobs"": 6785, ""unreachable_jobs"": 10695, ""water_jobs_seen"": 27769}",v011a_water_guard,starter
217,0,131920.0,3499.0,128421.0,win,DONE,DONE,1,719,0,0,0.702917,1.2663041000000002,1.5131525600000002,29.166833,2.2995769170011044,0,0,[],{},"{""BUILD_PASTURE"": 12, ""CARE"": 238, ""COLLECT_FERTILIZER"": 266, ""DIG"": 18, ""DROP"": 81, ""EAST"": 913, ""FEED"": 258, ""HARVEST"": 206, ""NORTH"": 1357, ""PASS"": 1433, ""PICKUP"": 67, ""PLACE"": 12, ""PLANT"": 109, ""SOUTH"": 1047, ""WATER"": 754, ""WEST"": 1148}","{""HARVEST:HIGH_VALUE"": 74, ""HARVEST:MELON"": 20, ""HARVEST:STRAWBERRY"": 54, ""WATER:HIGH_VALUE"": 573, ""WATER:MELON"": 161, ""WATER:STRAWBERRY"": 412}","{""BUY_ANIMAL"": 7, ""BUY_LAND"": 2, ""BUY_PRODUCT"": 205, ""BUY_SEED"": 60, ""HIRE"": 318, ""SELL"": 187}","{""BUY_ANIMAL:COW"": 9, ""BUY_ANIMAL:SHEEP"": 3, ""BUY_PRODUCT:WHEAT"": 522, ""BUY_SEED:CARROT"": 15, ""BUY_SEED:MELON"": 20, ""BUY_SEED:STRAWBERRY"": 37, ""BUY_SEED:WHEAT"": 39, ""SELL:CARROT"": 36, ""SELL:FERTILIZER"": 265, ""SELL:MELON"": 113, ""SELL:MILK"": 211, ""SELL:STRAWBERRY"": 125, ""SELL:WHEAT"": 402, ""SELL:WOOL"": 82}",10.10344827586207,30,2.0344827586206895,11,1,"{""base_harvest_jobs"": 0, ""base_urgent_assignments"": 0, ""base_water_jobs"": 0, ""calls"": 719, ""extra_drop_assignments"": 0, ""extra_harvest_assignments"": 0, ""extra_water_assignments"": 108, ""harvest_jobs_seen"": 0, ""last_step"": 718, ""pass_after"": 1433, ""pass_before"": 1541, ""storage_jobs_seen"": 0, ""unassigned_urgent_jobs"": 6847, ""unreachable_jobs"": 11227, ""water_jobs_seen"": 28017}",v011a_water_guard,starter
217,1,139743.0,3475.0,136268.0,win,DONE,DONE,1,719,0,0,0.726458,1.2441167000000004,1.4794625600000004,31.508541,2.2944855829991866,0,0,[],{},"{""BUILD_PASTURE"": 12, ""CARE"": 243, ""COLLECT_FERTILIZER"": 267, ""DIG"": 17, ""DROP"": 84, ""EAST"": 923, ""FEED"": 255, ""HARVEST"": 199, ""NORTH"": 1361, ""PASS"": 1525, ""PICKUP"": 68, ""PLACE"": 12, ""PLANT"": 106, ""SOUTH"": 1022, ""WATER"": 754, ""WEST"": 1180}","{""HARVEST:HIGH_VALUE"": 68, ""HARVEST:MELON"": 20, ""HARVEST:STRAWBERRY"": 48, ""WATER:HIGH_VALUE"": 588, ""WATER:MELON"": 160, ""WATER:STRAWBERRY"": 428}","{""BUY_ANIMAL"": 6, ""BUY_LAND"": 2, ""BUY_PRODUCT"": 207, ""BUY_SEED"": 51, ""HIRE"": 323, ""SELL"": 177}","{""BUY_ANIMAL:COW"": 8, ""BUY_ANIMAL:SHEEP"": 4, ""BUY_PRODUCT:WHEAT"": 523, ""BUY_SEED:CARROT"": 12, ""BUY_SEED:MELON"": 20, ""BUY_SEED:STRAWBERRY"": 37, ""BUY_SEED:WHEAT"": 40, ""SELL:CARROT"": 24, ""SELL:FERTILIZER"": 267, ""SELL:MELON"": 119, ""SELL:MILK"": 202, ""SELL:STRAWBERRY"": 122, ""SELL:WHEAT"": 401, ""SELL:WOOL"": 96}",9.931034482758621,27,2.0689655172413794,17,1,"{""base_harvest_jobs"": 0, ""base_urgent_assignments"": 0, ""base_water_jobs"": 0, ""calls"": 719, ""extra_drop_assignments"": 0, ""extra_harvest_assignments"": 0, ""extra_water_assignments"": 82, ""harvest_jobs_seen"": 0, ""last_step"": 718, ""pass_after"": 1525, ""pass_before"": 1607, ""storage_jobs_seen"": 0, ""unassigned_urgent_jobs"": 7030, ""unreachable_jobs"": 11762, ""water_jobs_seen"": 28371}",v011a_water_guard,starter
317,0,120207.0,3501.0,116706.0,win,DONE,DONE,1,719,0,0,0.6985,1.2371875,1.5216138800000008,29.435291,2.286211667000316,0,0,[],{},"{""BUILD_PASTURE"": 12, ""CARE"": 225, ""COLLECT_FERTILIZER"": 265, ""DIG"": 22, ""DROP"": 79, ""EAST"": 901, ""FEED"": 248, ""HARVEST"": 199, ""NORTH"": 1344, ""PASS"": 1521, ""PICKUP"": 65, ""PLACE"": 12, ""PLANT"": 111, ""SOUTH"": 1018, ""WATER"": 749, ""WEST"": 1143}","{""HARVEST:HIGH_VALUE"": 74, ""HARVEST:MELON"": 20, ""HARVEST:STRAWBERRY"": 54, ""WATER:HIGH_VALUE"": 563, ""WATER:MELON"": 159, ""WATER:STRAWBERRY"": 404}","{""BUY_ANIMAL"": 8, ""BUY_LAND"": 2, ""BUY_PRODUCT"": 197, ""BUY_SEED"": 59, ""HIRE"": 318, ""SELL"": 200}","{""BUY_ANIMAL:COW"": 7, ""BUY_ANIMAL:SHEEP"": 5, ""BUY_PRODUCT:WHEAT"": 518, ""BUY_SEED:CARROT"": 15, ""BUY_SEED:MELON"": 20, ""BUY_SEED:STRAWBERRY"": 37, ""BUY_SEED:WHEAT"": 43, ""SELL:CARROT"": 29, ""SELL:FERTILIZER"": 265, ""SELL:MELON"": 116, ""SELL:MILK"": 172, ""SELL:STRAWBERRY"": 128, ""SELL:WHEAT"": 409, ""SELL:WOOL"": 109}",10.206896551724139,33,2.0689655172413794,11,1,"{""base_harvest_jobs"": 0, ""base_urgent_assignments"": 0, ""base_water_jobs"": 0, ""calls"": 719, ""extra_drop_assignments"": 0, ""extra_harvest_assignments"": 0, ""extra_water_assignments"": 51, ""harvest_jobs_seen"": 0, ""last_step"": 718, ""pass_after"": 1521, ""pass_before"": 1572, ""storage_jobs_seen"": 0, ""unassigned_urgent_jobs"": 6814, ""unreachable_jobs"": 11220, ""water_jobs_seen"": 27618}",v011a_water_guard,starter
317,1,119787.0,3501.0,116286.0,win,DONE,DONE,1,719,0,0,0.695583,1.2488500000000002,1.5054823800000003,30.323167,2.2774612920038635,0,0,[],{},"{""BUILD_PASTURE"": 12, ""CARE"": 227, ""COLLECT_FERTILIZER"": 265, ""DIG"": 25, ""DROP"": 81, ""EAST"": 922, ""FEED"": 248, ""HARVEST"": 199, ""NORTH"": 1347, ""PASS"": 1478, ""PICKUP"": 65, ""PLACE"": 12, ""PLANT"": 112, ""SOUTH"": 1019, ""WATER"": 752, ""WEST"": 1149}","{""HARVEST:HIGH_VALUE"": 74, ""HARVEST:MELON"": 20, ""HARVEST:STRAWBERRY"": 54, ""WATER:HIGH_VALUE"": 563, ""WATER:MELON"": 159, ""WATER:STRAWBERRY"": 404}","{""BUY_ANIMAL"": 8, ""BUY_LAND"": 2, ""BUY_PRODUCT"": 198, ""BUY_SEED"": 59, ""HIRE"": 318, ""SELL"": 201}","{""BUY_ANIMAL:COW"": 7, ""BUY_ANIMAL:SHEEP"": 5, ""BUY_PRODUCT:WHEAT"": 522, ""BUY_SEED:CARROT"": 15, ""BUY_SEED:MELON"": 20, ""BUY_SEED:STRAWBERRY"": 37, ""BUY_SEED:WHEAT"": 43, ""SELL:CARROT"": 27, ""SELL:FERTILIZER"": 265, ""SELL:MELON"": 116, ""SELL:MILK"": 170, ""SELL:STRAWBERRY"": 128, ""SELL:WHEAT"": 416, ""SELL:WOOL"": 109}",10.172413793103448,33,1.4482758620689655,8,1,"{""base_harvest_jobs"": 0, ""base_urgent_assignments"": 0, ""base_water_jobs"": 0, ""calls"": 719, ""extra_drop_assignments"": 0, ""extra_harvest_assignments"": 0, ""extra_water_assignments"": 52, ""harvest_jobs_seen"": 0, ""last_step"": 718, ""pass_after"": 1478, ""pass_before"": 1530, ""storage_jobs_seen"": 0, ""unassigned_urgent_jobs"": 6772, ""unreachable_jobs"": 10932, ""water_jobs_seen"": 27566}",v011a_water_guard,starter
733,0,134843.0,3495.0,131348.0,win,DONE,DONE,1,719,0,0,0.7,1.2590622,1.4754330600000012,1.731833,2.2830308339980547,0,0,[],{},"{""BUILD_PASTURE"": 12, ""CARE"": 237, ""COLLECT_FERTILIZER"": 271, ""DIG"": 24, ""DROP"": 91, ""EAST"": 950, ""FEED"": 258, ""HARVEST"": 203, ""NORTH"": 1371, ""PASS"": 1445, ""PICKUP"": 67, ""PLACE"": 12, ""PLANT"": 106, ""SOUTH"": 979, ""WATER"": 746, ""WEST"": 1152}","{""HARVEST:HIGH_VALUE"": 74, ""HARVEST:MELON"": 20, ""HARVEST:STRAWBERRY"": 54, ""WATER:HIGH_VALUE"": 576, ""WATER:MELON"": 163, ""WATER:STRAWBERRY"": 413}","{""BUY_ANIMAL"": 7, ""BUY_LAND"": 2, ""BUY_PRODUCT"": 207, ""BUY_SEED"": 58, ""HIRE"": 318, ""SELL"": 192}","{""BUY_ANIMAL:COW"": 9, ""BUY_ANIMAL:SHEEP"": 3, ""BUY_PRODUCT:WHEAT"": 525, ""BUY_SEED:CARROT"": 14, ""BUY_SEED:MELON"": 20, ""BUY_SEED:STRAWBERRY"": 37, ""BUY_SEED:WHEAT"": 38, ""SELL:CARROT"": 30, ""SELL:FERTILIZER"": 271, ""SELL:MELON"": 119, ""SELL:MILK"": 217, ""SELL:STRAWBERRY"": 128, ""SELL:WHEAT"": 396, ""SELL:WOOL"": 78}",10.344827586206897,29,1.0689655172413792,6,1,"{""base_harvest_jobs"": 0, ""base_urgent_assignments"": 0, ""base_water_jobs"": 0, ""calls"": 719, ""extra_drop_assignments"": 0, ""extra_harvest_assignments"": 0, ""extra_water_assignments"": 81, ""harvest_jobs_seen"": 0, ""last_step"": 718, ""pass_after"": 1445, ""pass_before"": 1526, ""storage_jobs_seen"": 0, ""unassigned_urgent_jobs"": 6830, ""unreachable_jobs"": 11125, ""water_jobs_seen"": 27944}",v011a_water_guard,starter
733,1,127019.0,3493.0,123526.0,win,DONE,DONE,1,719,0,0,0.693,1.2599914,1.5122175000000004,1.712834,2.293572167000093,0,0,[],{},"{""BUILD_PASTURE"": 12, ""CARE"": 235, ""COLLECT_FERTILIZER"": 265, ""DIG"": 20, ""DROP"": 80, ""EAST"": 920, ""FEED"": 251, ""HARVEST"": 204, ""NORTH"": 1379, ""PASS"": 1460, ""PICKUP"": 68, ""PLACE"": 12, ""PLANT"": 109, ""SOUTH"": 1011, ""WATER"": 740, ""WEST"": 1176}","{""HARVEST:HIGH_VALUE"": 74, ""HARVEST:MELON"": 20, ""HARVEST:STRAWBERRY"": 54, ""WATER:HIGH_VALUE"": 561, ""WATER:MELON"": 162, ""WATER:STRAWBERRY"": 399}","{""BUY_ANIMAL"": 7, ""BUY_LAND"": 2, ""BUY_PRODUCT"": 200, ""BUY_SEED"": 63, ""HIRE"": 319, ""SELL"": 189}","{""BUY_ANIMAL:COW"": 8, ""BUY_ANIMAL:SHEEP"": 4, ""BUY_PRODUCT:WHEAT"": 512, ""BUY_SEED:CARROT"": 16, ""BUY_SEED:MELON"": 20, ""BUY_SEED:STRAWBERRY"": 37, ""BUY_SEED:WHEAT"": 39, ""SELL:CARROT"": 36, ""SELL:FERTILIZER"": 264, ""SELL:MELON"": 119, ""SELL:MILK"": 190, ""SELL:STRAWBERRY"": 118, ""SELL:WHEAT"": 393, ""SELL:WOOL"": 91}",10.517241379310345,30,1.6896551724137931,11,1,"{""base_harvest_jobs"": 0, ""base_urgent_assignments"": 0, ""base_water_jobs"": 0, ""calls"": 719, ""extra_drop_assignments"": 0, ""extra_harvest_assignments"": 0, ""extra_water_assignments"": 76, ""harvest_jobs_seen"": 0, ""last_step"": 718, ""pass_after"": 1460, ""pass_before"": 1536, ""storage_jobs_seen"": 0, ""unassigned_urgent_jobs"": 6901, ""unreachable_jobs"": 11688, ""water_jobs_seen"": 28048}",v011a_water_guard,starter
17,0,131310.0,0.0,131310.0,win,DONE,DONE,1,719,0,0,0.6975,1.2531128,1.4718556200000013,1.639291,2.365459415996156,0,0,[],{},"{""BUILD_PASTURE"": 12, ""CARE"": 232, ""COLLECT_FERTILIZER"": 268, ""DIG"": 20, ""DROP"": 87, ""EAST"": 943, ""FEED"": 255, ""HARVEST"": 205, ""NORTH"": 1317, ""PASS"": 1450, ""PICKUP"": 65, ""PLACE"": 12, ""PLANT"": 110, ""SOUTH"": 1015, ""WATER"": 742, ""WEST"": 1185}","{""HARVEST:HIGH_VALUE"": 74, ""HARVEST:MELON"": 20, ""HARVEST:STRAWBERRY"": 54, ""WATER:HIGH_VALUE"": 561, ""WATER:MELON"": 160, ""WATER:STRAWBERRY"": 401}","{""BUY_ANIMAL"": 8, ""BUY_LAND"": 2, ""BUY_PRODUCT"": 191, ""BUY_SEED"": 59, ""HIRE"": 318, ""SELL"": 189}","{""BUY_ANIMAL:COW"": 8, ""BUY_ANIMAL:SHEEP"": 4, ""BUY_PRODUCT:WHEAT"": 521, ""BUY_SEED:CARROT"": 14, ""BUY_SEED:MELON"": 20, ""BUY_SEED:STRAWBERRY"": 37, ""BUY_SEED:WHEAT"": 40, ""SELL:CARROT"": 30, ""SELL:FERTILIZER"": 268, ""SELL:MELON"": 118, ""SELL:MILK"": 198, ""SELL:STRAWBERRY"": 128, ""SELL:WHEAT"": 404, ""SELL:WOOL"": 96}",10.586206896551724,31,1.8620689655172413,11,1,"{""base_harvest_jobs"": 0, ""base_urgent_assignments"": 0, ""base_water_jobs"": 0, ""calls"": 719, ""extra_drop_assignments"": 0, ""extra_harvest_assignments"": 0, ""extra_water_assignments"": 72, ""harvest_jobs_seen"": 0, ""last_step"": 718, ""pass_after"": 1450, ""pass_before"": 1522, ""storage_jobs_seen"": 0, ""unassigned_urgent_jobs"": 6819, ""unreachable_jobs"": 11122, ""water_jobs_seen"": 27762}",v011a_water_guard,random
17,1,131485.0,0.0,131485.0,win,DONE,DONE,1,719,0,0,0.696042,1.3044080000000002,1.5249974400000008,1.786334,2.3801753749939962,0,0,[],{},"{""BUILD_PASTURE"": 12, ""CARE"": 233, ""COLLECT_FERTILIZER"": 271, ""DIG"": 21, ""DROP"": 87, ""EAST"": 956, ""FEED"": 255, ""HARVEST"": 205, ""NORTH"": 1316, ""PASS"": 1441, ""PICKUP"": 65, ""PLACE"": 12, ""PLANT"": 110, ""SOUTH"": 1001, ""WATER"": 742, ""WEST"": 1189}","{""HARVEST:HIGH_VALUE"": 74, ""HARVEST:MELON"": 20, ""HARVEST:STRAWBERRY"": 54, ""WATER:HIGH_VALUE"": 560, ""WATER:MELON"": 160, ""WATER:STRAWBERRY"": 400}","{""BUY_ANIMAL"": 8, ""BUY_LAND"": 2, ""BUY_PRODUCT"": 192, ""BUY_SEED"": 59, ""HIRE"": 318, ""SELL"": 190}","{""BUY_ANIMAL:COW"": 8, ""BUY_ANIMAL:SHEEP"": 4, ""BUY_PRODUCT:WHEAT"": 523, ""BUY_SEED:CARROT"": 14, ""BUY_SEED:MELON"": 20, ""BUY_SEED:STRAWBERRY"": 37, ""BUY_SEED:WHEAT"": 40, ""SELL:CARROT"": 30, ""SELL:FERTILIZER"": 271, ""SELL:MELON"": 118, ""SELL:MILK"": 198, ""SELL:STRAWBERRY"": 128, ""SELL:WHEAT"": 407, ""SELL:WOOL"": 96}",10.551724137931034,31,1.7241379310344827,11,1,"{""base_harvest_jobs"": 0, ""base_urgent_assignments"": 0, ""base_water_jobs"": 0, ""calls"": 719, ""extra_drop_assignments"": 0, ""extra_harvest_assignments"": 0, ""extra_water_assignments"": 69, ""harvest_jobs_seen"": 0, ""last_step"": 718, ""pass_after"": 1441, ""pass_before"": 1510, ""storage_jobs_seen"": 0, ""unassigned_urgent_jobs"": 6805, ""unreachable_jobs"": 10937, ""water_jobs_seen"": 27758}",v011a_water_guard,random
42,0,135544.0,10.0,135534.0,win,DONE,DONE,1,719,0,0,0.722541,1.3001752999999998,1.5487175000000009,43.854292,2.3869622919955873,0,0,[],{},"{""BUILD_PASTURE"": 12, ""CARE"": 241, ""COLLECT_FERTILIZER"": 270, ""DIG"": 24, ""DROP"": 85, ""EAST"": 945, ""FEED"": 259, ""HARVEST"": 199, ""NORTH"": 1311, ""PASS"": 1496, ""PICKUP"": 69, ""PLACE"": 12, ""PLANT"": 106, ""SOUTH"": 1004, ""WATER"": 749, ""WEST"": 1178}","{""HARVEST:HIGH_VALUE"": 67, ""HARVEST:MELON"": 20, ""HARVEST:STRAWBERRY"": 47, ""WATER:HIGH_VALUE"": 584, ""WATER:MELON"": 157, ""WATER:STRAWBERRY"": 427}","{""BUY_ANIMAL"": 7, ""BUY_LAND"": 2, ""BUY_PRODUCT"": 192, ""BUY_SEED"": 50, ""HIRE"": 320, ""SELL"": 198}","{""BUY_ANIMAL:COW"": 7, ""BUY_ANIMAL:SHEEP"": 5, ""BUY_PRODUCT:WHEAT"": 522, ""BUY_SEED:CARROT"": 14, ""BUY_SEED:MELON"": 20, ""BUY_SEED:STRAWBERRY"": 37, ""BUY_SEED:WHEAT"": 39, ""SELL:CARROT"": 36, ""SELL:FERTILIZER"": 270, ""SELL:MELON"": 116, ""SELL:MILK"": 184, ""SELL:STRAWBERRY"": 121, ""SELL:WHEAT"": 392, ""SELL:WOOL"": 110}",9.96551724137931,24,1.5862068965517242,10,1,"{""base_harvest_jobs"": 0, ""base_urgent_assignments"": 0, ""base_water_jobs"": 0, ""calls"": 719, ""extra_drop_assignments"": 0, ""extra_harvest_assignments"": 0, ""extra_water_assignments"": 62, ""harvest_jobs_seen"": 0, ""last_step"": 718, ""pass_after"": 1496, ""pass_before"": 1558, ""storage_jobs_seen"": 0, ""unassigned_urgent_jobs"": 6985, ""unreachable_jobs"": 11120, ""water_jobs_seen"": 28073}",v011a_water_guard,random
42,1,129356.0,0.0,129356.0,win,DONE,DONE,1,719,0,0,0.685208,1.2677827000000004,1.4917781200000007,47.525084,2.327723499998683,0,0,[],{},"{""BUILD_PASTURE"": 12, ""CARE"": 236, ""COLLECT_FERTILIZER"": 264, ""DIG"": 22, ""DROP"": 79, ""EAST"": 993, ""FEED"": 254, ""HARVEST"": 201, ""NORTH"": 1335, ""PASS"": 1442, ""PICKUP"": 66, ""PLACE"": 12, ""PLANT"": 106, ""SOUTH"": 952, ""WATER"": 738, ""WEST"": 1167}","{""HARVEST:HIGH_VALUE"": 73, ""HARVEST:MELON"": 20, ""HARVEST:STRAWBERRY"": 53, ""WATER:HIGH_VALUE"": 563, ""WATER:MELON"": 162, ""WATER:STRAWBERRY"": 401}","{""BUY_ANIMAL"": 7, ""BUY_LAND"": 2, ""BUY_PRODUCT"": 192, ""BUY_SEED"": 57, ""HIRE"": 316, ""SELL"": 180}","{""BUY_ANIMAL:COW"": 9, ""BUY_ANIMAL:SHEEP"": 3, ""BUY_PRODUCT:WHEAT"": 514, ""BUY_SEED:CARROT"": 11, ""BUY_SEED:MELON"": 20, ""BUY_SEED:STRAWBERRY"": 37, ""BUY_SEED:WHEAT"": 39, ""SELL:CARROT"": 27, ""SELL:FERTILIZER"": 264, ""SELL:MELON"": 119, ""SELL:MILK"": 216, ""SELL:STRAWBERRY"": 127, ""SELL:WHEAT"": 401, ""SELL:WOOL"": 77}",10.241379310344827,26,0.41379310344827586,3,1,"{""base_harvest_jobs"": 0, ""base_urgent_assignments"": 0, ""base_water_jobs"": 0, ""calls"": 719, ""extra_drop_assignments"": 0, ""extra_harvest_assignments"": 0, ""extra_water_assignments"": 98, ""harvest_jobs_seen"": 0, ""last_step"": 718, ""pass_after"": 1442, ""pass_before"": 1540, ""storage_jobs_seen"": 0, ""unassigned_urgent_jobs"": 6844, ""unreachable_jobs"": 11127, ""water_jobs_seen"": 27738}",v011a_water_guard,random
2026,0,135123.0,0.0,135123.0,win,DONE,DONE,1,719,0,0,0.703916,1.2856583000000001,1.4849531200000001,1.91025,2.401783291999891,0,0,[],{},"{""BUILD_PASTURE"": 12, ""CARE"": 244, ""COLLECT_FERTILIZER"": 270, ""DIG"": 24, ""DROP"": 87, ""EAST"": 981, ""FEED"": 251, ""HARVEST"": 203, ""NORTH"": 1354, ""PASS"": 1408, ""PICKUP"": 66, ""PLACE"": 12, ""PLANT"": 105, ""SOUTH"": 977, ""WATER"": 733, ""WEST"": 1173}","{""HARVEST:HIGH_VALUE"": 73, ""HARVEST:MELON"": 20, ""HARVEST:STRAWBERRY"": 53, ""WATER:HIGH_VALUE"": 563, ""WATER:MELON"": 162, ""WATER:STRAWBERRY"": 401}","{""BUY_ANIMAL"": 7, ""BUY_LAND"": 2, ""BUY_PRODUCT"": 197, ""BUY_SEED"": 59, ""HIRE"": 317, ""SELL"": 189}","{""BUY_ANIMAL:COW"": 7, ""BUY_ANIMAL:SHEEP"": 5, ""BUY_PRODUCT:WHEAT"": 569, ""BUY_SEED:CARROT"": 14, ""BUY_SEED:MELON"": 20, ""BUY_SEED:STRAWBERRY"": 37, ""BUY_SEED:WHEAT"": 36, ""SELL:CARROT"": 32, ""SELL:FERTILIZER"": 270, ""SELL:MELON"": 119, ""SELL:MILK"": 179, ""SELL:STRAWBERRY"": 127, ""SELL:WHEAT"": 445, ""SELL:WOOL"": 116}",10.172413793103448,28,0.896551724137931,4,1,"{""base_harvest_jobs"": 0, ""base_urgent_assignments"": 0, ""base_water_jobs"": 0, ""calls"": 719, ""extra_drop_assignments"": 0, ""extra_harvest_assignments"": 0, ""extra_water_assignments"": 70, ""harvest_jobs_seen"": 0, ""last_step"": 718, ""pass_after"": 1408, ""pass_before"": 1478, ""storage_jobs_seen"": 0, ""unassigned_urgent_jobs"": 6876, ""unreachable_jobs"": 11101, ""water_jobs_seen"": 27860}",v011a_water_guard,random
2026,1,132004.0,90.0,131914.0,win,DONE,DONE,1,719,0,0,0.685667,1.2659586,1.5013194400000016,1.824458,2.3030596249955124,0,0,[],{},"{""BUILD_PASTURE"": 12, ""CARE"": 230, ""COLLECT_FERTILIZER"": 268, ""DIG"": 22, ""DROP"": 83, ""EAST"": 969, ""FEED"": 255, ""HARVEST"": 197, ""NORTH"": 1364, ""PASS"": 1513, ""PICKUP"": 68, ""PLACE"": 12, ""PLANT"": 104, ""SOUTH"": 938, ""WATER"": 731, ""WEST"": 1154}","{""HARVEST:HIGH_VALUE"": 74, ""HARVEST:MELON"": 20, ""HARVEST:STRAWBERRY"": 54, ""WATER:HIGH_VALUE"": 574, ""WATER:MELON"": 162, ""WATER:STRAWBERRY"": 412}","{""BUY_ANIMAL"": 7, ""BUY_LAND"": 2, ""BUY_PRODUCT"": 203, ""BUY_SEED"": 54, ""HIRE"": 318, ""SELL"": 181}","{""BUY_ANIMAL:COW"": 7, ""BUY_ANIMAL:SHEEP"": 5, ""BUY_PRODUCT:WHEAT"": 521, ""BUY_SEED:CARROT"": 15, ""BUY_SEED:MELON"": 20, ""BUY_SEED:STRAWBERRY"": 37, ""BUY_SEED:WHEAT"": 35, ""SELL:CARROT"": 36, ""SELL:FERTILIZER"": 268, ""SELL:MELON"": 119, ""SELL:MILK"": 163, ""SELL:STRAWBERRY"": 128, ""SELL:WHEAT"": 383, ""SELL:WOOL"": 119}",10.551724137931034,29,0.5862068965517241,10,1,"{""base_harvest_jobs"": 0, ""base_urgent_assignments"": 0, ""base_water_jobs"": 0, ""calls"": 719, ""extra_drop_assignments"": 0, ""extra_harvest_assignments"": 0, ""extra_water_assignments"": 87, ""harvest_jobs_seen"": 0, ""last_step"": 718, ""pass_after"": 1513, ""pass_before"": 1600, ""storage_jobs_seen"": 0, ""unassigned_urgent_jobs"": 6942, ""unreachable_jobs"": 12056, ""water_jobs_seen"": 28220}",v011a_water_guard,random
217,0,133839.0,0.0,133839.0,win,DONE,DONE,1,719,0,0,0.697125,1.2776916999999999,1.5037087400000009,1.7105,2.441308374996879,0,0,[],{},"{""BUILD_PASTURE"": 12, ""CARE"": 238, ""COLLECT_FERTILIZER"": 270, ""DIG"": 22, ""DROP"": 81, ""EAST"": 960, ""FEED"": 254, ""HARVEST"": 202, ""NORTH"": 1369, ""PASS"": 1433, ""PICKUP"": 67, ""PLACE"": 12, ""PLANT"": 107, ""SOUTH"": 942, ""WATER"": 737, ""WEST"": 1192}","{""HARVEST:HIGH_VALUE"": 72, ""HARVEST:MELON"": 20, ""HARVEST:STRAWBERRY"": 52, ""WATER:HIGH_VALUE"": 559, ""WATER:MELON"": 161, ""WATER:STRAWBERRY"": 398}","{""BUY_ANIMAL"": 7, ""BUY_LAND"": 2, ""BUY_PRODUCT"": 203, ""BUY_SEED"": 60, ""HIRE"": 317, ""SELL"": 189}","{""BUY_ANIMAL:COW"": 7, ""BUY_ANIMAL:SHEEP"": 5, ""BUY_PRODUCT:WHEAT"": 519, ""BUY_SEED:CARROT"": 15, ""BUY_SEED:MELON"": 20, ""BUY_SEED:STRAWBERRY"": 37, ""BUY_SEED:WHEAT"": 39, ""SELL:CARROT"": 33, ""SELL:FERTILIZER"": 270, ""SELL:MELON"": 119, ""SELL:MILK"": 182, ""SELL:STRAWBERRY"": 123, ""SELL:WHEAT"": 399, ""SELL:WOOL"": 114}",9.96551724137931,29,1.5862068965517242,10,1,"{""base_harvest_jobs"": 0, ""base_urgent_assignments"": 0, ""base_water_jobs"": 0, ""calls"": 719, ""extra_drop_assignments"": 0, ""extra_harvest_assignments"": 0, ""extra_water_assignments"": 89, ""harvest_jobs_seen"": 0, ""last_step"": 718, ""pass_after"": 1433, ""pass_before"": 1522, ""storage_jobs_seen"": 0, ""unassigned_urgent_jobs"": 6722, ""unreachable_jobs"": 10747, ""water_jobs_seen"": 27433}",v011a_water_guard,random
217,1,134945.0,0.0,134945.0,win,DONE,DONE,1,719,0,0,0.68575,1.2879122,1.5165300600000022,45.338,2.384390583996719,0,0,[],{},"{""BUILD_PASTURE"": 12, ""CARE"": 236, ""COLLECT_FERTILIZER"": 273, ""DIG"": 21, ""DROP"": 90, ""EAST"": 911, ""FEED"": 260, ""HARVEST"": 204, ""NORTH"": 1305, ""PASS"": 1595, ""PICKUP"": 68, ""PLACE"": 12, ""PLANT"": 106, ""SOUTH"": 942, ""WATER"": 780, ""WEST"": 1108}","{""HARVEST:HIGH_VALUE"": 67, ""HARVEST:MELON"": 20, ""HARVEST:STRAWBERRY"": 47, ""WATER:HIGH_VALUE"": 607, ""WATER:MELON"": 161, ""WATER:STRAWBERRY"": 446}","{""BUY_ANIMAL"": 7, ""BUY_LAND"": 2, ""BUY_PRODUCT"": 206, ""BUY_SEED"": 49, ""HIRE"": 318, ""SELL"": 187}","{""BUY_ANIMAL:COW"": 9, ""BUY_ANIMAL:SHEEP"": 3, ""BUY_PRODUCT:WHEAT"": 536, ""BUY_SEED:CARROT"": 13, ""BUY_SEED:MELON"": 20, ""BUY_SEED:STRAWBERRY"": 37, ""BUY_SEED:WHEAT"": 41, ""SELL:CARROT"": 30, ""SELL:FERTILIZER"": 273, ""SELL:MELON"": 119, ""SELL:MILK"": 226, ""SELL:STRAWBERRY"": 120, ""SELL:WHEAT"": 419, ""SELL:WOOL"": 82}",9.206896551724139,25,1.5862068965517242,16,1,"{""base_harvest_jobs"": 0, ""base_urgent_assignments"": 0, ""base_water_jobs"": 0, ""calls"": 719, ""extra_drop_assignments"": 0, ""extra_harvest_assignments"": 0, ""extra_water_assignments"": 72, ""harvest_jobs_seen"": 0, ""last_step"": 718, ""pass_after"": 1595, ""pass_before"": 1667, ""storage_jobs_seen"": 0, ""unassigned_urgent_jobs"": 6991, ""unreachable_jobs"": 11643, ""water_jobs_seen"": 28087}",v011a_water_guard,random
317,0,137243.0,0.0,137243.0,win,DONE,DONE,1,719,0,0,0.682709,1.2816455000000002,1.5245305,40.039209,2.3177708329967572,0,0,[],{},"{""BUILD_PASTURE"": 12, ""CARE"": 236, ""COLLECT_FERTILIZER"": 266, ""DIG"": 22, ""DROP"": 78, ""EAST"": 964, ""FEED"": 255, ""HARVEST"": 201, ""NORTH"": 1316, ""PASS"": 1545, ""PICKUP"": 65, ""PLACE"": 12, ""PLANT"": 105, ""SOUTH"": 928, ""WATER"": 753, ""WEST"": 1161}","{""HARVEST:HIGH_VALUE"": 74, ""HARVEST:MELON"": 20, ""HARVEST:STRAWBERRY"": 54, ""WATER:HIGH_VALUE"": 586, ""WATER:MELON"": 161, ""WATER:STRAWBERRY"": 425}","{""BUY_ANIMAL"": 8, ""BUY_LAND"": 2, ""BUY_PRODUCT"": 194, ""BUY_SEED"": 54, ""HIRE"": 318, ""SELL"": 187}","{""BUY_ANIMAL:COW"": 7, ""BUY_ANIMAL:SHEEP"": 5, ""BUY_PRODUCT:WHEAT"": 526, ""BUY_SEED:CARROT"": 12, ""BUY_SEED:MELON"": 20, ""BUY_SEED:STRAWBERRY"": 37, ""BUY_SEED:WHEAT"": 37, ""SELL:CARROT"": 33, ""SELL:FERTILIZER"": 266, ""SELL:MELON"": 119, ""SELL:MILK"": 175, ""SELL:STRAWBERRY"": 128, ""SELL:WHEAT"": 401, ""SELL:WOOL"": 111}",9.827586206896552,31,0.8620689655172413,13,1,"{""base_harvest_jobs"": 0, ""base_urgent_assignments"": 0, ""base_water_jobs"": 0, ""calls"": 719, ""extra_drop_assignments"": 0, ""extra_harvest_assignments"": 0, ""extra_water_assignments"": 68, ""harvest_jobs_seen"": 0, ""last_step"": 718, ""pass_after"": 1545, ""pass_before"": 1613, ""storage_jobs_seen"": 0, ""unassigned_urgent_jobs"": 6854, ""unreachable_jobs"": 11172, ""water_jobs_seen"": 27990}",v011a_water_guard,random
317,1,128067.0,0.0,128067.0,win,DONE,DONE,1,719,0,0,0.695417,1.2979206000000003,1.4933163200000017,31.831042,2.3670133330015233,0,0,[],{},"{""BUILD_PASTURE"": 12, ""CARE"": 225, ""COLLECT_FERTILIZER"": 262, ""DIG"": 22, ""DROP"": 75, ""EAST"": 1008, ""FEED"": 252, ""HARVEST"": 198, ""NORTH"": 1355, ""PASS"": 1482, ""PICKUP"": 67, ""PLACE"": 12, ""PLANT"": 108, ""SOUTH"": 931, ""WATER"": 751, ""WEST"": 1175}","{""HARVEST:HIGH_VALUE"": 74, ""HARVEST:MELON"": 20, ""HARVEST:STRAWBERRY"": 54, ""WATER:HIGH_VALUE"": 576, ""WATER:MELON"": 158, ""WATER:STRAWBERRY"": 418}","{""BUY_ANIMAL"": 9, ""BUY_LAND"": 2, ""BUY_PRODUCT"": 204, ""BUY_SEED"": 59, ""HIRE"": 319, ""SELL"": 184}","{""BUY_ANIMAL:COW"": 6, ""BUY_ANIMAL:SHEEP"": 6, ""BUY_PRODUCT:WHEAT"": 522, ""BUY_SEED:CARROT"": 13, ""BUY_SEED:MELON"": 20, ""BUY_SEED:STRAWBERRY"": 37, ""BUY_SEED:WHEAT"": 39, ""SELL:CARROT"": 35, ""SELL:FERTILIZER"": 262, ""SELL:MELON"": 116, ""SELL:MILK"": 141, ""SELL:STRAWBERRY"": 128, ""SELL:WHEAT"": 397, ""SELL:WOOL"": 136}",10.172413793103448,29,0.9655172413793104,13,1,"{""base_harvest_jobs"": 0, ""base_urgent_assignments"": 0, ""base_water_jobs"": 0, ""calls"": 719, ""extra_drop_assignments"": 0, ""extra_harvest_assignments"": 0, ""extra_water_assignments"": 61, ""harvest_jobs_seen"": 0, ""last_step"": 718, ""pass_after"": 1482, ""pass_before"": 1543, ""storage_jobs_seen"": 0, ""unassigned_urgent_jobs"": 6745, ""unreachable_jobs"": 10850, ""water_jobs_seen"": 27828}",v011a_water_guard,random
733,0,124109.0,0.0,124109.0,win,DONE,DONE,1,719,0,0,0.688875,1.2928125000000001,1.4957000000000005,1.702167,2.3644788329984294,0,0,[],{},"{""BUILD_PASTURE"": 12, ""CARE"": 230, ""COLLECT_FERTILIZER"": 263, ""DIG"": 23, ""DROP"": 76, ""EAST"": 956, ""FEED"": 251, ""HARVEST"": 195, ""NORTH"": 1350, ""PASS"": 1467, ""PICKUP"": 67, ""PLACE"": 12, ""PLANT"": 106, ""SOUTH"": 962, ""WATER"": 725, ""WEST"": 1154}","{""HARVEST:HIGH_VALUE"": 74, ""HARVEST:MELON"": 20, ""HARVEST:STRAWBERRY"": 54, ""WATER:HIGH_VALUE"": 561, ""WATER:MELON"": 153, ""WATER:STRAWBERRY"": 408}","{""BUY_ANIMAL"": 9, ""BUY_LAND"": 2, ""BUY_PRODUCT"": 197, ""BUY_SEED"": 58, ""HIRE"": 315, ""SELL"": 176}","{""BUY_ANIMAL:COW"": 6, ""BUY_ANIMAL:SHEEP"": 6, ""BUY_PRODUCT:WHEAT"": 523, ""BUY_SEED:CARROT"": 14, ""BUY_SEED:MELON"": 20, ""BUY_SEED:STRAWBERRY"": 37, ""BUY_SEED:WHEAT"": 38, ""SELL:CARROT"": 33, ""SELL:FERTILIZER"": 263, ""SELL:MELON"": 111, ""SELL:MILK"": 139, ""SELL:STRAWBERRY"": 128, ""SELL:WHEAT"": 391, ""SELL:WOOL"": 131}",10.586206896551724,29,1.2413793103448276,13,1,"{""base_harvest_jobs"": 0, ""base_urgent_assignments"": 0, ""base_water_jobs"": 0, ""calls"": 719, ""extra_drop_assignments"": 0, ""extra_harvest_assignments"": 0, ""extra_water_assignments"": 59, ""harvest_jobs_seen"": 0, ""last_step"": 718, ""pass_after"": 1467, ""pass_before"": 1526, ""storage_jobs_seen"": 0, ""unassigned_urgent_jobs"": 6844, ""unreachable_jobs"": 11020, ""water_jobs_seen"": 27953}",v011a_water_guard,random
733,1,137255.0,0.0,137255.0,win,DONE,DONE,1,719,0,0,0.693709,1.2794461000000001,1.567400440000003,40.380625,2.343687124994176,0,0,[],{},"{""BUILD_PASTURE"": 12, ""CARE"": 233, ""COLLECT_FERTILIZER"": 268, ""DIG"": 24, ""DROP"": 81, ""EAST"": 960, ""FEED"": 258, ""HARVEST"": 202, ""NORTH"": 1345, ""PASS"": 1492, ""PICKUP"": 65, ""PLACE"": 12, ""PLANT"": 107, ""SOUTH"": 969, ""WATER"": 729, ""WEST"": 1144}","{""HARVEST:HIGH_VALUE"": 74, ""HARVEST:MELON"": 20, ""HARVEST:STRAWBERRY"": 54, ""WATER:HIGH_VALUE"": 560, ""WATER:MELON"": 159, ""WATER:STRAWBERRY"": 401}","{""BUY_ANIMAL"": 7, ""BUY_LAND"": 2, ""BUY_PRODUCT"": 202, ""BUY_SEED"": 57, ""HIRE"": 317, ""SELL"": 175}","{""BUY_ANIMAL:COW"": 10, ""BUY_ANIMAL:SHEEP"": 2, ""BUY_PRODUCT:WHEAT"": 527, ""BUY_SEED:CARROT"": 13, ""BUY_SEED:MELON"": 20, ""BUY_SEED:STRAWBERRY"": 37, ""BUY_SEED:WHEAT"": 39, ""SELL:CARROT"": 30, ""SELL:FERTILIZER"": 268, ""SELL:MELON"": 115, ""SELL:MILK"": 231, ""SELL:STRAWBERRY"": 128, ""SELL:WHEAT"": 401, ""SELL:WOOL"": 61}",10.689655172413794,27,1.0344827586206897,6,1,"{""base_harvest_jobs"": 0, ""base_urgent_assignments"": 0, ""base_water_jobs"": 0, ""calls"": 719, ""extra_drop_assignments"": 0, ""extra_harvest_assignments"": 0, ""extra_water_assignments"": 66, ""harvest_jobs_seen"": 0, ""last_step"": 718, ""pass_after"": 1492, ""pass_before"": 1558, ""storage_jobs_seen"": 0, ""unassigned_urgent_jobs"": 6908, ""unreachable_jobs"": 11948, ""water_jobs_seen"": 27792}",v011a_water_guard,random
17,0,104931.0,151135.0,-46204.0,loss,DONE,DONE,1,719,0,0,0.712166,1.2761827,1.4607550600000003,1.676333,3.2285944579998613,0,0,[],{},"{""BUILD_PASTURE"": 12, ""CARE"": 238, ""COLLECT_FERTILIZER"": 268, ""DIG"": 19, ""DROP"": 75, ""EAST"": 922, ""FEED"": 252, ""HARVEST"": 206, ""NORTH"": 1313, ""PASS"": 1581, ""PICKUP"": 68, ""PLACE"": 12, ""PLANT"": 109, ""SOUTH"": 961, ""WATER"": 758, ""WEST"": 1140}","{""HARVEST:HIGH_VALUE"": 73, ""HARVEST:MELON"": 20, ""HARVEST:STRAWBERRY"": 53, ""WATER:HIGH_VALUE"": 585, ""WATER:MELON"": 157, ""WATER:STRAWBERRY"": 428}","{""BUY_ANIMAL"": 7, ""BUY_LAND"": 2, ""BUY_PRODUCT"": 193, ""BUY_SEED"": 49, ""HIRE"": 319, ""SELL"": 182}","{""BUY_ANIMAL:COW"": 9, ""BUY_ANIMAL:SHEEP"": 3, ""BUY_PRODUCT:WHEAT"": 530, ""BUY_SEED:CARROT"": 15, ""BUY_SEED:MELON"": 20, ""BUY_SEED:STRAWBERRY"": 37, ""BUY_SEED:WHEAT"": 39, ""SELL:CARROT"": 39, ""SELL:FERTILIZER"": 268, ""SELL:MELON"": 114, ""SELL:MILK"": 210, ""SELL:STRAWBERRY"": 123, ""SELL:WHEAT"": 412, ""SELL:WOOL"": 80}",10.03448275862069,28,1.0689655172413792,11,1,"{""base_harvest_jobs"": 0, ""base_urgent_assignments"": 0, ""base_water_jobs"": 0, ""calls"": 719, ""extra_drop_assignments"": 0, ""extra_harvest_assignments"": 0, ""extra_water_assignments"": 82, ""harvest_jobs_seen"": 0, ""last_step"": 718, ""pass_after"": 1581, ""pass_before"": 1663, ""storage_jobs_seen"": 0, ""unassigned_urgent_jobs"": 6893, ""unreachable_jobs"": 11608, ""water_jobs_seen"": 28016}",v011a_water_guard,hamburger
17,1,97878.0,145710.0,-47832.0,loss,DONE,DONE,1,719,0,0,0.677875,1.260666,1.4865375600000004,1.925375,3.1977950419968693,0,0,[],{},"{""BUILD_PASTURE"": 12, ""CARE"": 212, ""COLLECT_FERTILIZER"": 267, ""DIG"": 26, ""DROP"": 70, ""EAST"": 892, ""FEED"": 263, ""HARVEST"": 189, ""NORTH"": 1312, ""PASS"": 1499, ""PICKUP"": 67, ""PLACE"": 12, ""PLANT"": 101, ""SOUTH"": 981, ""WATER"": 745, ""WEST"": 1137}","{""HARVEST:HIGH_VALUE"": 69, ""HARVEST:MELON"": 20, ""HARVEST:STRAWBERRY"": 49, ""WATER:HIGH_VALUE"": 594, ""WATER:MELON"": 157, ""WATER:STRAWBERRY"": 437}","{""BUY_ANIMAL"": 6, ""BUY_LAND"": 2, ""BUY_PRODUCT"": 195, ""BUY_SEED"": 51, ""HIRE"": 312, ""SELL"": 176}","{""BUY_ANIMAL:COW"": 8, ""BUY_ANIMAL:SHEEP"": 4, ""BUY_PRODUCT:WHEAT"": 528, ""BUY_SEED:CARROT"": 13, ""BUY_SEED:MELON"": 20, ""BUY_SEED:STRAWBERRY"": 37, ""BUY_SEED:WHEAT"": 37, ""SELL:CARROT"": 27, ""SELL:FERTILIZER"": 267, ""SELL:MELON"": 115, ""SELL:MILK"": 178, ""SELL:STRAWBERRY"": 122, ""SELL:WHEAT"": 389, ""SELL:WOOL"": 99}",9.689655172413794,24,1.1379310344827587,14,1,"{""base_harvest_jobs"": 0, ""base_urgent_assignments"": 0, ""base_water_jobs"": 0, ""calls"": 719, ""extra_drop_assignments"": 0, ""extra_harvest_assignments"": 0, ""extra_water_assignments"": 49, ""harvest_jobs_seen"": 0, ""last_step"": 718, ""pass_after"": 1499, ""pass_before"": 1548, ""storage_jobs_seen"": 0, ""unassigned_urgent_jobs"": 7033, ""unreachable_jobs"": 10257, ""water_jobs_seen"": 28210}",v011a_water_guard,hamburger
42,0,101011.0,152850.0,-51839.0,loss,DONE,DONE,1,719,0,0,0.730291,1.2871625000000002,1.5083750000000014,63.751083,3.2464460830015014,0,0,[],{},"{""BUILD_PASTURE"": 12, ""CARE"": 235, ""COLLECT_FERTILIZER"": 274, ""DIG"": 15, ""DROP"": 86, ""EAST"": 933, ""FEED"": 257, ""HARVEST"": 195, ""NORTH"": 1410, ""PASS"": 1513, ""PICKUP"": 69, ""PLACE"": 12, ""PLANT"": 103, ""SOUTH"": 1008, ""WATER"": 763, ""WEST"": 1096}","{""HARVEST:HIGH_VALUE"": 72, ""HARVEST:MELON"": 20, ""HARVEST:STRAWBERRY"": 52, ""WATER:HIGH_VALUE"": 606, ""WATER:MELON"": 157, ""WATER:STRAWBERRY"": 449}","{""BUY_ANIMAL"": 7, ""BUY_LAND"": 2, ""BUY_PRODUCT"": 199, ""BUY_SEED"": 51, ""HIRE"": 321, ""SELL"": 175}","{""BUY_ANIMAL:COW"": 7, ""BUY_ANIMAL:SHEEP"": 5, ""BUY_PRODUCT:WHEAT"": 548, ""BUY_SEED:CARROT"": 13, ""BUY_SEED:MELON"": 20, ""BUY_SEED:STRAWBERRY"": 37, ""BUY_SEED:WHEAT"": 38, ""SELL:CARROT"": 30, ""SELL:FERTILIZER"": 274, ""SELL:MELON"": 112, ""SELL:MILK"": 160, ""SELL:STRAWBERRY"": 125, ""SELL:WHEAT"": 418, ""SELL:WOOL"": 135}",9.241379310344827,26,2.0689655172413794,17,1,"{""base_harvest_jobs"": 0, ""base_urgent_assignments"": 0, ""base_water_jobs"": 0, ""calls"": 719, ""extra_drop_assignments"": 0, ""extra_harvest_assignments"": 0, ""extra_water_assignments"": 77, ""harvest_jobs_seen"": 0, ""last_step"": 718, ""pass_after"": 1513, ""pass_before"": 1590, ""storage_jobs_seen"": 0, ""unassigned_urgent_jobs"": 6996, ""unreachable_jobs"": 10910, ""water_jobs_seen"": 28097}",v011a_water_guard,hamburger
42,1,76146.0,116615.0,-40469.0,loss,DONE,DONE,1,719,0,0,0.711709,1.2534298,1.46196506,1.833292,3.1704433749982854,0,0,[],{},"{""BUILD_PASTURE"": 12, ""CARE"": 213, ""COLLECT_FERTILIZER"": 272, ""DIG"": 19, ""DROP"": 74, ""EAST"": 910, ""FEED"": 261, ""HARVEST"": 187, ""NORTH"": 1296, ""PASS"": 1585, ""PICKUP"": 70, ""PLACE"": 12, ""PLANT"": 99, ""SOUTH"": 1008, ""WATER"": 770, ""WEST"": 1084}","{""HARVEST:HIGH_VALUE"": 73, ""HARVEST:MELON"": 20, ""HARVEST:STRAWBERRY"": 53, ""WATER:HIGH_VALUE"": 629, ""WATER:MELON"": 160, ""WATER:STRAWBERRY"": 469}","{""BUY_ANIMAL"": 6, ""BUY_LAND"": 2, ""BUY_PRODUCT"": 197, ""BUY_SEED"": 51, ""HIRE"": 316, ""SELL"": 218}","{""BUY_ANIMAL:COW"": 4, ""BUY_ANIMAL:SHEEP"": 8, ""BUY_PRODUCT:WHEAT"": 536, ""BUY_SEED:CARROT"": 12, ""BUY_SEED:MELON"": 20, ""BUY_SEED:STRAWBERRY"": 37, ""BUY_SEED:WHEAT"": 38, ""SELL:CARROT"": 24, ""SELL:FERTILIZER"": 272, ""SELL:MELON"": 118, ""SELL:MILK"": 99, ""SELL:STRAWBERRY"": 126, ""SELL:WHEAT"": 392, ""SELL:WOOL"": 166}",8.068965517241379,23,1.4482758620689655,16,1,"{""base_harvest_jobs"": 0, ""base_urgent_assignments"": 0, ""base_water_jobs"": 0, ""calls"": 719, ""extra_drop_assignments"": 0, ""extra_harvest_assignments"": 0, ""extra_water_assignments"": 44, ""harvest_jobs_seen"": 0, ""last_step"": 718, ""pass_after"": 1585, ""pass_before"": 1629, ""storage_jobs_seen"": 0, ""unassigned_urgent_jobs"": 6710, ""unreachable_jobs"": 10163, ""water_jobs_seen"": 27660}",v011a_water_guard,hamburger
2026,0,108309.0,154430.0,-46121.0,loss,DONE,DONE,1,719,0,0,0.716167,1.2780119,1.544896880000002,67.0285,3.2734876250033267,0,0,[],{},"{""BUILD_PASTURE"": 12, ""CARE"": 248, ""COLLECT_FERTILIZER"": 269, ""DIG"": 17, ""DROP"": 86, ""EAST"": 905, ""FEED"": 259, ""HARVEST"": 203, ""NORTH"": 1416, ""PASS"": 1501, ""PICKUP"": 71, ""PLACE"": 12, ""PLANT"": 106, ""SOUTH"": 1004, ""WATER"": 724, ""WEST"": 1105}","{""HARVEST:HIGH_VALUE"": 74, ""HARVEST:MELON"": 20, ""HARVEST:STRAWBERRY"": 54, ""WATER:HIGH_VALUE"": 562, ""WATER:MELON"": 153, ""WATER:STRAWBERRY"": 409}","{""BUY_ANIMAL"": 7, ""BUY_LAND"": 2, ""BUY_PRODUCT"": 205, ""BUY_SEED"": 48, ""HIRE"": 319, ""SELL"": 187}","{""BUY_ANIMAL:COW"": 2, ""BUY_ANIMAL:SHEEP"": 10, ""BUY_PRODUCT:WHEAT"": 528, ""BUY_SEED:CARROT"": 13, ""BUY_SEED:MELON"": 20, ""BUY_SEED:STRAWBERRY"": 37, ""BUY_SEED:WHEAT"": 38, ""SELL:CARROT"": 33, ""SELL:FERTILIZER"": 269, ""SELL:MELON"": 112, ""SELL:MILK"": 71, ""SELL:STRAWBERRY"": 123, ""SELL:WHEAT"": 398, ""SELL:WOOL"": 232}",10.517241379310345,26,1.5517241379310345,11,1,"{""base_harvest_jobs"": 0, ""base_urgent_assignments"": 0, ""base_water_jobs"": 0, ""calls"": 719, ""extra_drop_assignments"": 0, ""extra_harvest_assignments"": 0, ""extra_water_assignments"": 90, ""harvest_jobs_seen"": 0, ""last_step"": 718, ""pass_after"": 1501, ""pass_before"": 1591, ""storage_jobs_seen"": 0, ""unassigned_urgent_jobs"": 6823, ""unreachable_jobs"": 11289, ""water_jobs_seen"": 27617}",v011a_water_guard,hamburger
2026,1,105082.0,147103.0,-42021.0,loss,DONE,DONE,1,719,0,0,0.731042,1.2651256000000002,1.4680380600000005,1.679709,3.2022852079971926,0,0,[],{},"{""BUILD_PASTURE"": 12, ""CARE"": 247, ""COLLECT_FERTILIZER"": 271, ""DIG"": 19, ""DROP"": 85, ""EAST"": 922, ""FEED"": 258, ""HARVEST"": 201, ""NORTH"": 1428, ""PASS"": 1436, ""PICKUP"": 72, ""PLACE"": 12, ""PLANT"": 105, ""SOUTH"": 1032, ""WATER"": 735, ""WEST"": 1146}","{""HARVEST:HIGH_VALUE"": 74, ""HARVEST:MELON"": 20, ""HARVEST:STRAWBERRY"": 54, ""WATER:HIGH_VALUE"": 575, ""WATER:MELON"": 154, ""WATER:STRAWBERRY"": 421}","{""BUY_ANIMAL"": 7, ""BUY_LAND"": 2, ""BUY_PRODUCT"": 198, ""BUY_SEED"": 47, ""HIRE"": 321, ""SELL"": 181}","{""BUY_ANIMAL:COW"": 2, ""BUY_ANIMAL:SHEEP"": 10, ""BUY_PRODUCT:WHEAT"": 532, ""BUY_SEED:CARROT"": 13, ""BUY_SEED:MELON"": 20, ""BUY_SEED:STRAWBERRY"": 37, ""BUY_SEED:WHEAT"": 38, ""SELL:CARROT"": 32, ""SELL:FERTILIZER"": 271, ""SELL:MELON"": 112, ""SELL:MILK"": 68, ""SELL:STRAWBERRY"": 123, ""SELL:WHEAT"": 402, ""SELL:WOOL"": 230}",10.10344827586207,26,1.2413793103448276,9,1,"{""base_harvest_jobs"": 0, ""base_urgent_assignments"": 0, ""base_water_jobs"": 0, ""calls"": 719, ""extra_drop_assignments"": 0, ""extra_harvest_assignments"": 0, ""extra_water_assignments"": 83, ""harvest_jobs_seen"": 0, ""last_step"": 718, ""pass_after"": 1436, ""pass_before"": 1519, ""storage_jobs_seen"": 0, ""unassigned_urgent_jobs"": 6816, ""unreachable_jobs"": 10302, ""water_jobs_seen"": 27772}",v011a_water_guard,hamburger
217,0,85204.0,137057.0,-51853.0,loss,DONE,DONE,1,719,0,0,0.727167,1.2827664,1.5055875000000007,1.724,3.2302819169999566,0,0,[],{},"{""BUILD_PASTURE"": 12, ""CARE"": 213, ""COLLECT_FERTILIZER"": 270, ""DIG"": 19, ""DROP"": 74, ""EAST"": 872, ""FEED"": 262, ""HARVEST"": 192, ""NORTH"": 1375, ""PASS"": 1499, ""PICKUP"": 70, ""PLACE"": 12, ""PLANT"": 100, ""SOUTH"": 1036, ""WATER"": 749, ""WEST"": 1133}","{""HARVEST:HIGH_VALUE"": 70, ""HARVEST:MELON"": 20, ""HARVEST:STRAWBERRY"": 50, ""WATER:HIGH_VALUE"": 597, ""WATER:MELON"": 155, ""WATER:STRAWBERRY"": 442}","{""BUY_ANIMAL"": 7, ""BUY_LAND"": 2, ""BUY_PRODUCT"": 205, ""BUY_SEED"": 47, ""HIRE"": 317, ""SELL"": 189}","{""BUY_ANIMAL:COW"": 8, ""BUY_ANIMAL:SHEEP"": 4, ""BUY_PRODUCT:WHEAT"": 531, ""BUY_SEED:CARROT"": 13, ""BUY_SEED:MELON"": 20, ""BUY_SEED:STRAWBERRY"": 37, ""BUY_SEED:WHEAT"": 34, ""SELL:CARROT"": 30, ""SELL:FERTILIZER"": 270, ""SELL:MELON"": 113, ""SELL:MILK"": 171, ""SELL:STRAWBERRY"": 124, ""SELL:WHEAT"": 391, ""SELL:WOOL"": 110}",9.620689655172415,28,1.896551724137931,14,1,"{""base_harvest_jobs"": 0, ""base_urgent_assignments"": 0, ""base_water_jobs"": 0, ""calls"": 719, ""extra_drop_assignments"": 0, ""extra_harvest_assignments"": 0, ""extra_water_assignments"": 54, ""harvest_jobs_seen"": 0, ""last_step"": 718, ""pass_after"": 1499, ""pass_before"": 1553, ""storage_jobs_seen"": 0, ""unassigned_urgent_jobs"": 7096, ""unreachable_jobs"": 10366, ""water_jobs_seen"": 28216}",v011a_water_guard,hamburger
217,1,92708.0,138002.0,-45294.0,loss,DONE,DONE,1,719,0,0,0.73675,1.2769000000000004,1.4949993800000012,1.68075,3.242377916998521,0,0,[],{},"{""BUILD_PASTURE"": 12, ""CARE"": 222, ""COLLECT_FERTILIZER"": 270, ""DIG"": 19, ""DROP"": 75, ""EAST"": 904, ""FEED"": 262, ""HARVEST"": 187, ""NORTH"": 1340, ""PASS"": 1556, ""PICKUP"": 70, ""PLACE"": 12, ""PLANT"": 98, ""SOUTH"": 1048, ""WATER"": 750, ""WEST"": 1107}","{""HARVEST:HIGH_VALUE"": 70, ""HARVEST:MELON"": 20, ""HARVEST:STRAWBERRY"": 50, ""WATER:HIGH_VALUE"": 612, ""WATER:MELON"": 156, ""WATER:STRAWBERRY"": 456}","{""BUY_ANIMAL"": 7, ""BUY_LAND"": 2, ""BUY_PRODUCT"": 200, ""BUY_SEED"": 46, ""HIRE"": 319, ""SELL"": 196}","{""BUY_ANIMAL:COW"": 8, ""BUY_ANIMAL:SHEEP"": 4, ""BUY_PRODUCT:WHEAT"": 534, ""BUY_SEED:CARROT"": 12, ""BUY_SEED:MELON"": 20, ""BUY_SEED:STRAWBERRY"": 37, ""BUY_SEED:WHEAT"": 35, ""SELL:CARROT"": 24, ""SELL:FERTILIZER"": 270, ""SELL:MELON"": 113, ""SELL:MILK"": 190, ""SELL:STRAWBERRY"": 124, ""SELL:WHEAT"": 379, ""SELL:WOOL"": 95}",9,25,1.5517241379310345,12,1,"{""base_harvest_jobs"": 0, ""base_urgent_assignments"": 0, ""base_water_jobs"": 0, ""calls"": 719, ""extra_drop_assignments"": 0, ""extra_harvest_assignments"": 0, ""extra_water_assignments"": 75, ""harvest_jobs_seen"": 0, ""last_step"": 718, ""pass_after"": 1556, ""pass_before"": 1631, ""storage_jobs_seen"": 0, ""unassigned_urgent_jobs"": 6894, ""unreachable_jobs"": 10498, ""water_jobs_seen"": 27934}",v011a_water_guard,hamburger
317,0,97800.0,145589.0,-47789.0,loss,DONE,DONE,1,719,0,0,0.717667,1.2705003000000001,1.4685295000000005,1.720667,3.2599861249982496,0,0,[],{},"{""BUILD_PASTURE"": 12, ""CARE"": 219, ""COLLECT_FERTILIZER"": 270, ""DIG"": 16, ""DROP"": 71, ""EAST"": 912, ""FEED"": 258, ""HARVEST"": 192, ""NORTH"": 1316, ""PASS"": 1666, ""PICKUP"": 70, ""PLACE"": 12, ""PLANT"": 102, ""SOUTH"": 945, ""WATER"": 756, ""WEST"": 1118}","{""HARVEST:HIGH_VALUE"": 73, ""HARVEST:MELON"": 20, ""HARVEST:STRAWBERRY"": 53, ""WATER:HIGH_VALUE"": 605, ""WATER:MELON"": 156, ""WATER:STRAWBERRY"": 449}","{""BUY_ANIMAL"": 7, ""BUY_LAND"": 2, ""BUY_PRODUCT"": 198, ""BUY_SEED"": 46, ""HIRE"": 319, ""SELL"": 178}","{""BUY_ANIMAL:COW"": 9, ""BUY_ANIMAL:SHEEP"": 3, ""BUY_PRODUCT:WHEAT"": 523, ""BUY_SEED:CARROT"": 13, ""BUY_SEED:MELON"": 20, ""BUY_SEED:STRAWBERRY"": 37, ""BUY_SEED:WHEAT"": 34, ""SELL:CARROT"": 33, ""SELL:FERTILIZER"": 270, ""SELL:MELON"": 114, ""SELL:MILK"": 205, ""SELL:STRAWBERRY"": 127, ""SELL:WHEAT"": 383, ""SELL:WOOL"": 79}",9.448275862068966,27,1.9310344827586208,21,1,"{""base_harvest_jobs"": 0, ""base_urgent_assignments"": 0, ""base_water_jobs"": 0, ""calls"": 719, ""extra_drop_assignments"": 0, ""extra_harvest_assignments"": 0, ""extra_water_assignments"": 71, ""harvest_jobs_seen"": 0, ""last_step"": 718, ""pass_after"": 1666, ""pass_before"": 1737, ""storage_jobs_seen"": 0, ""unassigned_urgent_jobs"": 6790, ""unreachable_jobs"": 11004, ""water_jobs_seen"": 27893}",v011a_water_guard,hamburger
317,1,98019.0,145648.0,-47629.0,loss,DONE,DONE,1,719,0,0,0.707125,1.3051247000000001,1.4907200600000008,1.808625,3.1799737090041162,0,0,[],{},"{""BUILD_PASTURE"": 12, ""CARE"": 221, ""COLLECT_FERTILIZER"": 270, ""DIG"": 18, ""DROP"": 70, ""EAST"": 892, ""FEED"": 258, ""HARVEST"": 192, ""NORTH"": 1321, ""PASS"": 1659, ""PICKUP"": 70, ""PLACE"": 12, ""PLANT"": 102, ""SOUTH"": 958, ""WATER"": 760, ""WEST"": 1119}","{""HARVEST:HIGH_VALUE"": 73, ""HARVEST:MELON"": 20, ""HARVEST:STRAWBERRY"": 53, ""WATER:HIGH_VALUE"": 609, ""WATER:MELON"": 156, ""WATER:STRAWBERRY"": 453}","{""BUY_ANIMAL"": 7, ""BUY_LAND"": 2, ""BUY_PRODUCT"": 194, ""BUY_SEED"": 46, ""HIRE"": 319, ""SELL"": 177}","{""BUY_ANIMAL:COW"": 9, ""BUY_ANIMAL:SHEEP"": 3, ""BUY_PRODUCT:WHEAT"": 524, ""BUY_SEED:CARROT"": 13, ""BUY_SEED:MELON"": 20, ""BUY_SEED:STRAWBERRY"": 37, ""BUY_SEED:WHEAT"": 34, ""SELL:CARROT"": 33, ""SELL:FERTILIZER"": 270, ""SELL:MELON"": 114, ""SELL:MILK"": 205, ""SELL:STRAWBERRY"": 127, ""SELL:WHEAT"": 384, ""SELL:WOOL"": 80}",9.379310344827585,27,1.4827586206896552,19,1,"{""base_harvest_jobs"": 0, ""base_urgent_assignments"": 0, ""base_water_jobs"": 0, ""calls"": 719, ""extra_drop_assignments"": 0, ""extra_harvest_assignments"": 0, ""extra_water_assignments"": 80, ""harvest_jobs_seen"": 0, ""last_step"": 718, ""pass_after"": 1659, ""pass_before"": 1739, ""storage_jobs_seen"": 0, ""unassigned_urgent_jobs"": 6857, ""unreachable_jobs"": 11187, ""water_jobs_seen"": 28045}",v011a_water_guard,hamburger
733,0,114318.0,169714.0,-55396.0,loss,DONE,DONE,1,719,0,0,0.731166,1.2655577,1.4518093800000003,1.699458,3.2769874169971445,0,0,[],{},"{""BUILD_PASTURE"": 12, ""CARE"": 243, ""COLLECT_FERTILIZER"": 266, ""DIG"": 16, ""DROP"": 83, ""EAST"": 915, ""FEED"": 254, ""HARVEST"": 205, ""NORTH"": 1381, ""PASS"": 1570, ""PICKUP"": 68, ""PLACE"": 12, ""PLANT"": 110, ""SOUTH"": 1014, ""WATER"": 747, ""WEST"": 1105}","{""HARVEST:HIGH_VALUE"": 74, ""HARVEST:MELON"": 20, ""HARVEST:STRAWBERRY"": 54, ""WATER:HIGH_VALUE"": 577, ""WATER:MELON"": 151, ""WATER:STRAWBERRY"": 426}","{""BUY_ANIMAL"": 8, ""BUY_LAND"": 2, ""BUY_PRODUCT"": 201, ""BUY_SEED"": 48, ""HIRE"": 322, ""SELL"": 174}","{""BUY_ANIMAL:COW"": 5, ""BUY_ANIMAL:SHEEP"": 7, ""BUY_PRODUCT:WHEAT"": 526, ""BUY_SEED:CARROT"": 13, ""BUY_SEED:MELON"": 20, ""BUY_SEED:STRAWBERRY"": 37, ""BUY_SEED:WHEAT"": 40, ""SELL:CARROT"": 39, ""SELL:FERTILIZER"": 266, ""SELL:MELON"": 108, ""SELL:MILK"": 120, ""SELL:STRAWBERRY"": 126, ""SELL:WHEAT"": 401, ""SELL:WOOL"": 178}",10.413793103448276,25,1.6206896551724137,16,1,"{""base_harvest_jobs"": 0, ""base_urgent_assignments"": 0, ""base_water_jobs"": 0, ""calls"": 719, ""extra_drop_assignments"": 0, ""extra_harvest_assignments"": 0, ""extra_water_assignments"": 91, ""harvest_jobs_seen"": 0, ""last_step"": 718, ""pass_after"": 1570, ""pass_before"": 1661, ""storage_jobs_seen"": 0, ""unassigned_urgent_jobs"": 6882, ""unreachable_jobs"": 11735, ""water_jobs_seen"": 27947}",v011a_water_guard,hamburger
733,1,112411.0,168671.0,-56260.0,loss,DONE,DONE,1,719,0,0,0.717292,1.2803205,1.4540449400000002,1.719167,3.1915663330000825,0,0,[],{},"{""BUILD_PASTURE"": 12, ""CARE"": 245, ""COLLECT_FERTILIZER"": 269, ""DIG"": 14, ""DROP"": 69, ""EAST"": 882, ""FEED"": 253, ""HARVEST"": 200, ""NORTH"": 1318, ""PASS"": 1623, ""PICKUP"": 68, ""PLACE"": 12, ""PLANT"": 106, ""SOUTH"": 1000, ""WATER"": 755, ""WEST"": 1132}","{""HARVEST:HIGH_VALUE"": 74, ""HARVEST:MELON"": 20, ""HARVEST:STRAWBERRY"": 54, ""WATER:HIGH_VALUE"": 594, ""WATER:MELON"": 149, ""WATER:STRAWBERRY"": 445}","{""BUY_ANIMAL"": 8, ""BUY_LAND"": 2, ""BUY_PRODUCT"": 189, ""BUY_SEED"": 47, ""HIRE"": 320, ""SELL"": 172}","{""BUY_ANIMAL:COW"": 5, ""BUY_ANIMAL:SHEEP"": 7, ""BUY_PRODUCT:WHEAT"": 517, ""BUY_SEED:CARROT"": 13, ""BUY_SEED:MELON"": 20, ""BUY_SEED:STRAWBERRY"": 37, ""BUY_SEED:WHEAT"": 38, ""SELL:CARROT"": 33, ""SELL:FERTILIZER"": 269, ""SELL:MELON"": 106, ""SELL:MILK"": 121, ""SELL:STRAWBERRY"": 127, ""SELL:WHEAT"": 392, ""SELL:WOOL"": 176}",10.068965517241379,27,1.6206896551724137,17,1,"{""base_harvest_jobs"": 0, ""base_urgent_assignments"": 0, ""base_water_jobs"": 0, ""calls"": 719, ""extra_drop_assignments"": 0, ""extra_harvest_assignments"": 0, ""extra_water_assignments"": 98, ""harvest_jobs_seen"": 0, ""last_step"": 718, ""pass_after"": 1623, ""pass_before"": 1721, ""storage_jobs_seen"": 0, ""unassigned_urgent_jobs"": 7039, ""unreachable_jobs"": 11959, ""water_jobs_seen"": 28128}",v011a_water_guard,hamburger
17,0,99635.0,132951.0,-33316.0,loss,DONE,DONE,1,719,0,0,0.749917,1.3576702000000003,1.6255775600000006,6.434125,3.373085415994865,0,0,[],{},"{""BUILD_PASTURE"": 12, ""CARE"": 236, ""COLLECT_FERTILIZER"": 274, ""DIG"": 13, ""DROP"": 82, ""EAST"": 916, ""FEED"": 261, ""HARVEST"": 201, ""NORTH"": 1372, ""PASS"": 1478, ""PICKUP"": 68, ""PLACE"": 12, ""PLANT"": 99, ""SOUTH"": 1043, ""WATER"": 739, ""WEST"": 1130}","{""HARVEST:HIGH_VALUE"": 71, ""HARVEST:MELON"": 20, ""HARVEST:STRAWBERRY"": 51, ""WATER:HIGH_VALUE"": 595, ""WATER:MELON"": 162, ""WATER:STRAWBERRY"": 433}","{""BUY_ANIMAL"": 7, ""BUY_LAND"": 2, ""BUY_PRODUCT"": 196, ""BUY_SEED"": 48, ""HIRE"": 319, ""SELL"": 194}","{""BUY_ANIMAL:COW"": 9, ""BUY_ANIMAL:SHEEP"": 3, ""BUY_PRODUCT:WHEAT"": 528, ""BUY_SEED:CARROT"": 11, ""BUY_SEED:MELON"": 20, ""BUY_SEED:STRAWBERRY"": 37, ""BUY_SEED:WHEAT"": 36, ""SELL:CARROT"": 27, ""SELL:FERTILIZER"": 274, ""SELL:MELON"": 119, ""SELL:MILK"": 225, ""SELL:STRAWBERRY"": 125, ""SELL:WHEAT"": 384, ""SELL:WOOL"": 82}",9.96551724137931,22,2.1379310344827585,17,1,"{""base_harvest_jobs"": 0, ""base_urgent_assignments"": 0, ""base_water_jobs"": 0, ""calls"": 719, ""extra_drop_assignments"": 0, ""extra_harvest_assignments"": 0, ""extra_water_assignments"": 91, ""harvest_jobs_seen"": 0, ""last_step"": 718, ""pass_after"": 1478, ""pass_before"": 1569, ""storage_jobs_seen"": 0, ""unassigned_urgent_jobs"": 7096, ""unreachable_jobs"": 10927, ""water_jobs_seen"": 28481}",v011a_water_guard,frontier
17,1,98054.0,140349.0,-42295.0,loss,DONE,DONE,1,719,0,0,0.688375,1.2558756000000002,1.4800556200000015,1.715458,3.2085974590008846,0,0,[],{},"{""BUILD_PASTURE"": 12, ""CARE"": 220, ""COLLECT_FERTILIZER"": 268, ""DIG"": 25, ""DROP"": 69, ""EAST"": 895, ""FEED"": 262, ""HARVEST"": 191, ""NORTH"": 1314, ""PASS"": 1511, ""PICKUP"": 73, ""PLACE"": 12, ""PLANT"": 99, ""SOUTH"": 991, ""WATER"": 734, ""WEST"": 1129}","{""HARVEST:HIGH_VALUE"": 70, ""HARVEST:MELON"": 20, ""HARVEST:STRAWBERRY"": 50, ""WATER:HIGH_VALUE"": 588, ""WATER:MELON"": 154, ""WATER:STRAWBERRY"": 434}","{""BUY_ANIMAL"": 7, ""BUY_LAND"": 2, ""BUY_PRODUCT"": 203, ""BUY_SEED"": 47, ""HIRE"": 313, ""SELL"": 183}","{""BUY_ANIMAL:COW"": 7, ""BUY_ANIMAL:SHEEP"": 5, ""BUY_PRODUCT:WHEAT"": 533, ""BUY_SEED:CARROT"": 13, ""BUY_SEED:MELON"": 20, ""BUY_SEED:STRAWBERRY"": 37, ""BUY_SEED:WHEAT"": 34, ""SELL:CARROT"": 27, ""SELL:FERTILIZER"": 268, ""SELL:MELON"": 113, ""SELL:MILK"": 173, ""SELL:STRAWBERRY"": 121, ""SELL:WHEAT"": 390, ""SELL:WOOL"": 110}",9.724137931034482,23,1.1379310344827587,15,1,"{""base_harvest_jobs"": 0, ""base_urgent_assignments"": 0, ""base_water_jobs"": 0, ""calls"": 719, ""extra_drop_assignments"": 0, ""extra_harvest_assignments"": 0, ""extra_water_assignments"": 57, ""harvest_jobs_seen"": 0, ""last_step"": 718, ""pass_after"": 1511, ""pass_before"": 1568, ""storage_jobs_seen"": 0, ""unassigned_urgent_jobs"": 6923, ""unreachable_jobs"": 10894, ""water_jobs_seen"": 28004}",v011a_water_guard,frontier
42,0,88173.0,131591.0,-43418.0,loss,DONE,DONE,1,719,0,0,0.7315,1.3105619000000002,1.5590850000000005,37.008958,3.262541832998977,0,0,[],{},"{""BUILD_PASTURE"": 12, ""CARE"": 208, ""COLLECT_FERTILIZER"": 276, ""DIG"": 14, ""DROP"": 96, ""EAST"": 940, ""FEED"": 262, ""HARVEST"": 193, ""NORTH"": 1349, ""PASS"": 1499, ""PICKUP"": 68, ""PLACE"": 12, ""PLANT"": 105, ""SOUTH"": 1027, ""WATER"": 763, ""WEST"": 1158}","{""HARVEST:HIGH_VALUE"": 72, ""HARVEST:MELON"": 20, ""HARVEST:STRAWBERRY"": 52, ""WATER:HIGH_VALUE"": 603, ""WATER:MELON"": 161, ""WATER:STRAWBERRY"": 442}","{""BUY_ANIMAL"": 6, ""BUY_LAND"": 2, ""BUY_PRODUCT"": 212, ""BUY_SEED"": 54, ""HIRE"": 321, ""SELL"": 214}","{""BUY_ANIMAL:COW"": 6, ""BUY_ANIMAL:SHEEP"": 6, ""BUY_PRODUCT:WHEAT"": 539, ""BUY_SEED:CARROT"": 13, ""BUY_SEED:MELON"": 20, ""BUY_SEED:STRAWBERRY"": 37, ""BUY_SEED:WHEAT"": 41, ""SELL:CARROT"": 30, ""SELL:FERTILIZER"": 276, ""SELL:MELON"": 117, ""SELL:MILK"": 140, ""SELL:STRAWBERRY"": 126, ""SELL:WHEAT"": 407, ""SELL:WOOL"": 127}",9.310344827586206,24,2.4482758620689653,24,1,"{""base_harvest_jobs"": 0, ""base_urgent_assignments"": 0, ""base_water_jobs"": 0, ""calls"": 719, ""extra_drop_assignments"": 0, ""extra_harvest_assignments"": 0, ""extra_water_assignments"": 68, ""harvest_jobs_seen"": 0, ""last_step"": 718, ""pass_after"": 1499, ""pass_before"": 1567, ""storage_jobs_seen"": 0, ""unassigned_urgent_jobs"": 7000, ""unreachable_jobs"": 9941, ""water_jobs_seen"": 28233}",v011a_water_guard,frontier
42,1,65029.0,109189.0,-44160.0,loss,DONE,DONE,1,719,0,0,0.719375,1.2458875,1.4519650600000005,52.557458,3.1738569590015686,0,0,[],{},"{""BUILD_PASTURE"": 12, ""CARE"": 204, ""COLLECT_FERTILIZER"": 271, ""DIG"": 14, ""DROP"": 89, ""EAST"": 836, ""FEED"": 255, ""HARVEST"": 179, ""NORTH"": 1318, ""PASS"": 1592, ""PICKUP"": 70, ""PLACE"": 12, ""PLANT"": 96, ""SOUTH"": 1084, ""WATER"": 734, ""WEST"": 1108}","{""HARVEST:HIGH_VALUE"": 73, ""HARVEST:MELON"": 20, ""HARVEST:STRAWBERRY"": 53, ""WATER:HIGH_VALUE"": 601, ""WATER:MELON"": 155, ""WATER:STRAWBERRY"": 446}","{""BUY_ANIMAL"": 6, ""BUY_LAND"": 2, ""BUY_PRODUCT"": 195, ""BUY_SEED"": 51, ""HIRE"": 316, ""SELL"": 230}","{""BUY_ANIMAL:COW"": 4, ""BUY_ANIMAL:SHEEP"": 8, ""BUY_PRODUCT:WHEAT"": 527, ""BUY_SEED:CARROT"": 12, ""BUY_SEED:MELON"": 20, ""BUY_SEED:STRAWBERRY"": 37, ""BUY_SEED:WHEAT"": 36, ""SELL:CARROT"": 24, ""SELL:FERTILIZER"": 271, ""SELL:MELON"": 114, ""SELL:MILK"": 114, ""SELL:STRAWBERRY"": 127, ""SELL:WHEAT"": 381, ""SELL:WOOL"": 142}",9.310344827586206,29,2.0344827586206895,21,1,"{""base_harvest_jobs"": 0, ""base_urgent_assignments"": 0, ""base_water_jobs"": 0, ""calls"": 719, ""extra_drop_assignments"": 0, ""extra_harvest_assignments"": 0, ""extra_water_assignments"": 54, ""harvest_jobs_seen"": 0, ""last_step"": 718, ""pass_after"": 1592, ""pass_before"": 1646, ""storage_jobs_seen"": 0, ""unassigned_urgent_jobs"": 6739, ""unreachable_jobs"": 10519, ""water_jobs_seen"": 27825}",v011a_water_guard,frontier
2026,0,104761.0,141702.0,-36941.0,loss,DONE,DONE,1,719,0,0,0.718417,1.3073755999999999,1.4965463200000018,1.735167,3.2663644579952233,0,0,[],{},"{""BUILD_PASTURE"": 12, ""CARE"": 256, ""COLLECT_FERTILIZER"": 274, ""DIG"": 23, ""DROP"": 72, ""EAST"": 890, ""FEED"": 255, ""HARVEST"": 202, ""NORTH"": 1404, ""PASS"": 1430, ""PICKUP"": 70, ""PLACE"": 12, ""PLANT"": 105, ""SOUTH"": 1015, ""WATER"": 731, ""WEST"": 1119}","{""HARVEST:HIGH_VALUE"": 72, ""HARVEST:MELON"": 20, ""HARVEST:STRAWBERRY"": 52, ""WATER:HIGH_VALUE"": 569, ""WATER:MELON"": 148, ""WATER:STRAWBERRY"": 421}","{""BUY_ANIMAL"": 7, ""BUY_LAND"": 2, ""BUY_PRODUCT"": 203, ""BUY_SEED"": 52, ""HIRE"": 316, ""SELL"": 175}","{""BUY_ANIMAL:COW"": 2, ""BUY_ANIMAL:SHEEP"": 10, ""BUY_PRODUCT:WHEAT"": 518, ""BUY_SEED:CARROT"": 16, ""BUY_SEED:MELON"": 20, ""BUY_SEED:STRAWBERRY"": 37, ""BUY_SEED:WHEAT"": 38, ""SELL:CARROT"": 36, ""SELL:FERTILIZER"": 274, ""SELL:MELON"": 105, ""SELL:MILK"": 71, ""SELL:STRAWBERRY"": 126, ""SELL:WHEAT"": 389, ""SELL:WOOL"": 229}",10.620689655172415,25,1.7586206896551724,15,1,"{""base_harvest_jobs"": 0, ""base_urgent_assignments"": 0, ""base_water_jobs"": 0, ""calls"": 719, ""extra_drop_assignments"": 0, ""extra_harvest_assignments"": 0, ""extra_water_assignments"": 79, ""harvest_jobs_seen"": 0, ""last_step"": 718, ""pass_after"": 1430, ""pass_before"": 1509, ""storage_jobs_seen"": 0, ""unassigned_urgent_jobs"": 7067, ""unreachable_jobs"": 9908, ""water_jobs_seen"": 28288}",v011a_water_guard,frontier
2026,1,97834.0,124519.0,-26685.0,loss,DONE,DONE,1,719,0,0,0.733166,1.2850459000000005,1.5056351200000004,51.9415,3.2020737920029205,0,0,[],{},"{""BUILD_PASTURE"": 12, ""CARE"": 249, ""COLLECT_FERTILIZER"": 270, ""DIG"": 21, ""DROP"": 73, ""EAST"": 902, ""FEED"": 255, ""HARVEST"": 195, ""NORTH"": 1374, ""PASS"": 1466, ""PICKUP"": 71, ""PLACE"": 12, ""PLANT"": 103, ""SOUTH"": 1015, ""WATER"": 719, ""WEST"": 1133}","{""HARVEST:HIGH_VALUE"": 72, ""HARVEST:MELON"": 20, ""HARVEST:STRAWBERRY"": 52, ""WATER:HIGH_VALUE"": 568, ""WATER:MELON"": 153, ""WATER:STRAWBERRY"": 415}","{""BUY_ANIMAL"": 7, ""BUY_LAND"": 2, ""BUY_PRODUCT"": 207, ""BUY_SEED"": 46, ""HIRE"": 316, ""SELL"": 175}","{""BUY_ANIMAL:COW"": 2, ""BUY_ANIMAL:SHEEP"": 10, ""BUY_PRODUCT:WHEAT"": 523, ""BUY_SEED:CARROT"": 15, ""BUY_SEED:MELON"": 20, ""BUY_SEED:STRAWBERRY"": 37, ""BUY_SEED:WHEAT"": 36, ""SELL:CARROT"": 36, ""SELL:FERTILIZER"": 270, ""SELL:MELON"": 111, ""SELL:MILK"": 69, ""SELL:STRAWBERRY"": 123, ""SELL:WHEAT"": 383, ""SELL:WOOL"": 221}",10.724137931034482,31,1.8275862068965518,14,1,"{""base_harvest_jobs"": 0, ""base_urgent_assignments"": 0, ""base_water_jobs"": 0, ""calls"": 719, ""extra_drop_assignments"": 0, ""extra_harvest_assignments"": 0, ""extra_water_assignments"": 93, ""harvest_jobs_seen"": 0, ""last_step"": 718, ""pass_after"": 1466, ""pass_before"": 1559, ""storage_jobs_seen"": 0, ""unassigned_urgent_jobs"": 7035, ""unreachable_jobs"": 11095, ""water_jobs_seen"": 28356}",v011a_water_guard,frontier
217,0,96675.0,140048.0,-43373.0,loss,DONE,DONE,1,719,0,0,0.699375,1.2800500000000001,1.5355119400000004,67.1745,3.2374426250025863,0,0,[],{},"{""BUILD_PASTURE"": 12, ""CARE"": 224, ""COLLECT_FERTILIZER"": 275, ""DIG"": 21, ""DROP"": 87, ""EAST"": 866, ""FEED"": 259, ""HARVEST"": 190, ""NORTH"": 1320, ""PASS"": 1594, ""PICKUP"": 70, ""PLACE"": 12, ""PLANT"": 99, ""SOUTH"": 969, ""WATER"": 764, ""WEST"": 1105}","{""HARVEST:HIGH_VALUE"": 70, ""HARVEST:MELON"": 20, ""HARVEST:STRAWBERRY"": 50, ""WATER:HIGH_VALUE"": 614, ""WATER:MELON"": 158, ""WATER:STRAWBERRY"": 456}","{""BUY_ANIMAL"": 7, ""BUY_LAND"": 2, ""BUY_PRODUCT"": 194, ""BUY_SEED"": 49, ""HIRE"": 316, ""SELL"": 203}","{""BUY_ANIMAL:COW"": 8, ""BUY_ANIMAL:SHEEP"": 4, ""BUY_PRODUCT:WHEAT"": 525, ""BUY_SEED:CARROT"": 16, ""BUY_SEED:MELON"": 20, ""BUY_SEED:STRAWBERRY"": 37, ""BUY_SEED:WHEAT"": 33, ""SELL:CARROT"": 36, ""SELL:FERTILIZER"": 275, ""SELL:MELON"": 117, ""SELL:MILK"": 184, ""SELL:STRAWBERRY"": 123, ""SELL:WHEAT"": 380, ""SELL:WOOL"": 100}",9.03448275862069,23,2.2413793103448274,13,1,"{""base_harvest_jobs"": 0, ""base_urgent_assignments"": 0, ""base_water_jobs"": 0, ""calls"": 719, ""extra_drop_assignments"": 0, ""extra_harvest_assignments"": 0, ""extra_water_assignments"": 75, ""harvest_jobs_seen"": 0, ""last_step"": 718, ""pass_after"": 1594, ""pass_before"": 1669, ""storage_jobs_seen"": 0, ""unassigned_urgent_jobs"": 6952, ""unreachable_jobs"": 11404, ""water_jobs_seen"": 28182}",v011a_water_guard,frontier
217,1,97707.0,136457.0,-38750.0,loss,DONE,DONE,1,719,0,0,0.698917,1.2593128,1.5037450600000009,1.984584,3.183335708003142,0,0,[],{},"{""BUILD_PASTURE"": 12, ""CARE"": 230, ""COLLECT_FERTILIZER"": 275, ""DIG"": 19, ""DROP"": 87, ""EAST"": 863, ""FEED"": 260, ""HARVEST"": 192, ""NORTH"": 1313, ""PASS"": 1585, ""PICKUP"": 70, ""PLACE"": 12, ""PLANT"": 99, ""SOUTH"": 967, ""WATER"": 771, ""WEST"": 1111}","{""HARVEST:HIGH_VALUE"": 70, ""HARVEST:MELON"": 20, ""HARVEST:STRAWBERRY"": 50, ""WATER:HIGH_VALUE"": 619, ""WATER:MELON"": 159, ""WATER:STRAWBERRY"": 460}","{""BUY_ANIMAL"": 7, ""BUY_LAND"": 2, ""BUY_PRODUCT"": 192, ""BUY_SEED"": 49, ""HIRE"": 316, ""SELL"": 206}","{""BUY_ANIMAL:COW"": 8, ""BUY_ANIMAL:SHEEP"": 4, ""BUY_PRODUCT:WHEAT"": 525, ""BUY_SEED:CARROT"": 15, ""BUY_SEED:MELON"": 20, ""BUY_SEED:STRAWBERRY"": 37, ""BUY_SEED:WHEAT"": 33, ""SELL:CARROT"": 33, ""SELL:FERTILIZER"": 275, ""SELL:MELON"": 118, ""SELL:MILK"": 190, ""SELL:STRAWBERRY"": 123, ""SELL:WHEAT"": 384, ""SELL:WOOL"": 103}",8.862068965517242,23,1.9655172413793103,13,1,"{""base_harvest_jobs"": 0, ""base_urgent_assignments"": 0, ""base_water_jobs"": 0, ""calls"": 719, ""extra_drop_assignments"": 0, ""extra_harvest_assignments"": 0, ""extra_water_assignments"": 76, ""harvest_jobs_seen"": 0, ""last_step"": 718, ""pass_after"": 1585, ""pass_before"": 1661, ""storage_jobs_seen"": 0, ""unassigned_urgent_jobs"": 6936, ""unreachable_jobs"": 11409, ""water_jobs_seen"": 28152}",v011a_water_guard,frontier
317,0,96478.0,149914.0,-53436.0,loss,DONE,DONE,1,719,0,0,0.719083,1.3024172000000003,1.5747885600000013,67.378417,3.2439427909994265,0,0,[],{},"{""BUILD_PASTURE"": 12, ""CARE"": 209, ""COLLECT_FERTILIZER"": 274, ""DIG"": 20, ""DROP"": 82, ""EAST"": 917, ""FEED"": 259, ""HARVEST"": 194, ""NORTH"": 1348, ""PASS"": 1507, ""PICKUP"": 68, ""PLACE"": 12, ""PLANT"": 98, ""SOUTH"": 1034, ""WATER"": 747, ""WEST"": 1112}","{""HARVEST:HIGH_VALUE"": 71, ""HARVEST:MELON"": 20, ""HARVEST:STRAWBERRY"": 51, ""WATER:HIGH_VALUE"": 604, ""WATER:MELON"": 157, ""WATER:STRAWBERRY"": 447}","{""BUY_ANIMAL"": 7, ""BUY_LAND"": 2, ""BUY_PRODUCT"": 184, ""BUY_SEED"": 47, ""HIRE"": 317, ""SELL"": 187}","{""BUY_ANIMAL:COW"": 9, ""BUY_ANIMAL:SHEEP"": 3, ""BUY_PRODUCT:WHEAT"": 518, ""BUY_SEED:CARROT"": 14, ""BUY_SEED:MELON"": 20, ""BUY_SEED:STRAWBERRY"": 37, ""BUY_SEED:WHEAT"": 33, ""SELL:CARROT"": 30, ""SELL:FERTILIZER"": 274, ""SELL:MELON"": 114, ""SELL:MILK"": 201, ""SELL:STRAWBERRY"": 125, ""SELL:WHEAT"": 372, ""SELL:WOOL"": 78}",9.206896551724139,24,1.8620689655172413,14,1,"{""base_harvest_jobs"": 0, ""base_urgent_assignments"": 0, ""base_water_jobs"": 0, ""calls"": 719, ""extra_drop_assignments"": 0, ""extra_harvest_assignments"": 0, ""extra_water_assignments"": 49, ""harvest_jobs_seen"": 0, ""last_step"": 718, ""pass_after"": 1507, ""pass_before"": 1556, ""storage_jobs_seen"": 0, ""unassigned_urgent_jobs"": 6852, ""unreachable_jobs"": 9870, ""water_jobs_seen"": 28038}",v011a_water_guard,frontier
317,1,96478.0,149914.0,-53436.0,loss,DONE,DONE,1,719,0,0,0.705084,1.2708625,1.4856550000000006,1.685834,3.189799291998497,0,0,[],{},"{""BUILD_PASTURE"": 12, ""CARE"": 209, ""COLLECT_FERTILIZER"": 274, ""DIG"": 21, ""DROP"": 82, ""EAST"": 914, ""FEED"": 259, ""HARVEST"": 194, ""NORTH"": 1347, ""PASS"": 1508, ""PICKUP"": 68, ""PLACE"": 12, ""PLANT"": 98, ""SOUTH"": 1033, ""WATER"": 747, ""WEST"": 1115}","{""HARVEST:HIGH_VALUE"": 71, ""HARVEST:MELON"": 20, ""HARVEST:STRAWBERRY"": 51, ""WATER:HIGH_VALUE"": 604, ""WATER:MELON"": 157, ""WATER:STRAWBERRY"": 447}","{""BUY_ANIMAL"": 7, ""BUY_LAND"": 2, ""BUY_PRODUCT"": 184, ""BUY_SEED"": 47, ""HIRE"": 317, ""SELL"": 187}","{""BUY_ANIMAL:COW"": 9, ""BUY_ANIMAL:SHEEP"": 3, ""BUY_PRODUCT:WHEAT"": 518, ""BUY_SEED:CARROT"": 14, ""BUY_SEED:MELON"": 20, ""BUY_SEED:STRAWBERRY"": 37, ""BUY_SEED:WHEAT"": 33, ""SELL:CARROT"": 30, ""SELL:FERTILIZER"": 274, ""SELL:MELON"": 114, ""SELL:MILK"": 201, ""SELL:STRAWBERRY"": 125, ""SELL:WHEAT"": 372, ""SELL:WOOL"": 78}",9.206896551724139,24,1.6551724137931034,13,1,"{""base_harvest_jobs"": 0, ""base_urgent_assignments"": 0, ""base_water_jobs"": 0, ""calls"": 719, ""extra_drop_assignments"": 0, ""extra_harvest_assignments"": 0, ""extra_water_assignments"": 49, ""harvest_jobs_seen"": 0, ""last_step"": 718, ""pass_after"": 1508, ""pass_before"": 1557, ""storage_jobs_seen"": 0, ""unassigned_urgent_jobs"": 6852, ""unreachable_jobs"": 9870, ""water_jobs_seen"": 28038}",v011a_water_guard,frontier
733,0,108188.0,158125.0,-49937.0,loss,DONE,DONE,1,719,0,0,0.722959,1.2972247000000001,1.51186182,1.768458,3.261717791996489,0,0,[],{},"{""BUILD_PASTURE"": 12, ""CARE"": 239, ""COLLECT_FERTILIZER"": 261, ""DIG"": 18, ""DROP"": 73, ""EAST"": 917, ""FEED"": 245, ""HARVEST"": 198, ""NORTH"": 1385, ""PASS"": 1536, ""PICKUP"": 67, ""PLACE"": 12, ""PLANT"": 109, ""SOUTH"": 946, ""WATER"": 776, ""WEST"": 1109}","{""HARVEST:HIGH_VALUE"": 70, ""HARVEST:MELON"": 20, ""HARVEST:STRAWBERRY"": 50, ""WATER:HIGH_VALUE"": 599, ""WATER:MELON"": 159, ""WATER:STRAWBERRY"": 440}","{""BUY_ANIMAL"": 7, ""BUY_LAND"": 2, ""BUY_PRODUCT"": 201, ""BUY_SEED"": 50, ""HIRE"": 318, ""SELL"": 178}","{""BUY_ANIMAL:COW"": 3, ""BUY_ANIMAL:SHEEP"": 9, ""BUY_PRODUCT:WHEAT"": 524, ""BUY_SEED:CARROT"": 14, ""BUY_SEED:MELON"": 20, ""BUY_SEED:STRAWBERRY"": 37, ""BUY_SEED:WHEAT"": 40, ""SELL:CARROT"": 39, ""SELL:FERTILIZER"": 261, ""SELL:MELON"": 115, ""SELL:MILK"": 93, ""SELL:STRAWBERRY"": 124, ""SELL:WHEAT"": 417, ""SELL:WOOL"": 190}",9.862068965517242,27,1.8275862068965518,19,1,"{""base_harvest_jobs"": 0, ""base_urgent_assignments"": 0, ""base_water_jobs"": 0, ""calls"": 719, ""extra_drop_assignments"": 0, ""extra_harvest_assignments"": 0, ""extra_water_assignments"": 74, ""harvest_jobs_seen"": 0, ""last_step"": 718, ""pass_after"": 1536, ""pass_before"": 1610, ""storage_jobs_seen"": 0, ""unassigned_urgent_jobs"": 7053, ""unreachable_jobs"": 10677, ""water_jobs_seen"": 28451}",v011a_water_guard,frontier
733,1,110410.0,162592.0,-52182.0,loss,DONE,DONE,1,719,0,0,0.724333,1.2916961,1.4834174400000013,52.079417,3.21653745900403,0,0,[],{},"{""BUILD_PASTURE"": 12, ""CARE"": 238, ""COLLECT_FERTILIZER"": 261, ""DIG"": 15, ""DROP"": 73, ""EAST"": 890, ""FEED"": 245, ""HARVEST"": 199, ""NORTH"": 1380, ""PASS"": 1582, ""PICKUP"": 66, ""PLACE"": 12, ""PLANT"": 110, ""SOUTH"": 979, ""WATER"": 767, ""WEST"": 1120}","{""HARVEST:HIGH_VALUE"": 70, ""HARVEST:MELON"": 20, ""HARVEST:STRAWBERRY"": 50, ""WATER:HIGH_VALUE"": 591, ""WATER:MELON"": 158, ""WATER:STRAWBERRY"": 433}","{""BUY_ANIMAL"": 7, ""BUY_LAND"": 2, ""BUY_PRODUCT"": 194, ""BUY_SEED"": 52, ""HIRE"": 320, ""SELL"": 185}","{""BUY_ANIMAL:COW"": 3, ""BUY_ANIMAL:SHEEP"": 9, ""BUY_PRODUCT:WHEAT"": 520, ""BUY_SEED:CARROT"": 14, ""BUY_SEED:MELON"": 20, ""BUY_SEED:STRAWBERRY"": 37, ""BUY_SEED:WHEAT"": 40, ""SELL:CARROT"": 39, ""SELL:FERTILIZER"": 261, ""SELL:MELON"": 116, ""SELL:MILK"": 92, ""SELL:STRAWBERRY"": 124, ""SELL:WHEAT"": 412, ""SELL:WOOL"": 196}",9.89655172413793,24,1.8620689655172413,21,1,"{""base_harvest_jobs"": 0, ""base_urgent_assignments"": 0, ""base_water_jobs"": 0, ""calls"": 719, ""extra_drop_assignments"": 0, ""extra_harvest_assignments"": 0, ""extra_water_assignments"": 76, ""harvest_jobs_seen"": 0, ""last_step"": 718, ""pass_after"": 1582, ""pass_before"": 1658, ""storage_jobs_seen"": 0, ""unassigned_urgent_jobs"": 7005, ""unreachable_jobs"": 10878, ""water_jobs_seen"": 28357}",v011a_water_guard,frontier
17,0,106268.0,109278.0,-3010.0,loss,DONE,DONE,1,719,0,0,0.683625,1.2009048,1.4224323800000007,45.877584,3.5967751249991124,0,0,[],{},"{""BUILD_PASTURE"": 12, ""CARE"": 237, ""COLLECT_FERTILIZER"": 269, ""DIG"": 20, ""DROP"": 75, ""EAST"": 863, ""FEED"": 254, ""HARVEST"": 201, ""NORTH"": 1317, ""PASS"": 1641, ""PICKUP"": 66, ""PLACE"": 12, ""PLANT"": 104, ""SOUTH"": 1006, ""WATER"": 731, ""WEST"": 1084}","{""HARVEST:HIGH_VALUE"": 72, ""HARVEST:MELON"": 18, ""HARVEST:STRAWBERRY"": 54, ""WATER:HIGH_VALUE"": 572, ""WATER:MELON"": 135, ""WATER:STRAWBERRY"": 437}","{""BUY_ANIMAL"": 7, ""BUY_LAND"": 2, ""BUY_PRODUCT"": 196, ""BUY_SEED"": 48, ""HIRE"": 317, ""SELL"": 188}","{""BUY_ANIMAL:COW"": 7, ""BUY_ANIMAL:SHEEP"": 5, ""BUY_PRODUCT:WHEAT"": 524, ""BUY_SEED:CARROT"": 14, ""BUY_SEED:MELON"": 18, ""BUY_SEED:STRAWBERRY"": 38, ""BUY_SEED:WHEAT"": 40, ""SELL:CARROT"": 33, ""SELL:FERTILIZER"": 269, ""SELL:MELON"": 99, ""SELL:MILK"": 180, ""SELL:STRAWBERRY"": 130, ""SELL:WHEAT"": 396, ""SELL:WOOL"": 114}",10.310344827586206,30,1.5172413793103448,16,1,"{""base_harvest_jobs"": 112, ""base_urgent_assignments"": 0, ""base_water_jobs"": 0, ""calls"": 719, ""extra_drop_assignments"": 0, ""extra_harvest_assignments"": 0, ""extra_water_assignments"": 0, ""harvest_jobs_seen"": 1449, ""last_step"": 718, ""pass_after"": 1641, ""pass_before"": 1641, ""storage_jobs_seen"": 30, ""unassigned_urgent_jobs"": 672, ""unreachable_jobs"": 0, ""water_jobs_seen"": 0}",v011b_harvest_storage,baseline
17,1,106259.0,109180.0,-2921.0,loss,DONE,DONE,1,719,0,0,0.659417,1.1762875,1.3950206800000005,2.94825,3.614468207997561,0,0,[],{},"{""BUILD_PASTURE"": 12, ""CARE"": 237, ""COLLECT_FERTILIZER"": 269, ""DIG"": 19, ""DROP"": 75, ""EAST"": 863, ""FEED"": 254, ""HARVEST"": 201, ""NORTH"": 1317, ""PASS"": 1642, ""PICKUP"": 66, ""PLACE"": 12, ""PLANT"": 104, ""SOUTH"": 1006, ""WATER"": 731, ""WEST"": 1084}","{""HARVEST:HIGH_VALUE"": 72, ""HARVEST:MELON"": 18, ""HARVEST:STRAWBERRY"": 54, ""WATER:HIGH_VALUE"": 572, ""WATER:MELON"": 135, ""WATER:STRAWBERRY"": 437}","{""BUY_ANIMAL"": 7, ""BUY_LAND"": 2, ""BUY_PRODUCT"": 196, ""BUY_SEED"": 48, ""HIRE"": 317, ""SELL"": 189}","{""BUY_ANIMAL:COW"": 7, ""BUY_ANIMAL:SHEEP"": 5, ""BUY_PRODUCT:WHEAT"": 524, ""BUY_SEED:CARROT"": 14, ""BUY_SEED:MELON"": 18, ""BUY_SEED:STRAWBERRY"": 38, ""BUY_SEED:WHEAT"": 40, ""SELL:CARROT"": 33, ""SELL:FERTILIZER"": 269, ""SELL:MELON"": 99, ""SELL:MILK"": 180, ""SELL:STRAWBERRY"": 130, ""SELL:WHEAT"": 396, ""SELL:WOOL"": 114}",10.310344827586206,30,1.5862068965517242,17,1,"{""base_harvest_jobs"": 112, ""base_urgent_assignments"": 0, ""base_water_jobs"": 0, ""calls"": 719, ""extra_drop_assignments"": 0, ""extra_harvest_assignments"": 0, ""extra_water_assignments"": 0, ""harvest_jobs_seen"": 1449, ""last_step"": 718, ""pass_after"": 1642, ""pass_before"": 1642, ""storage_jobs_seen"": 30, ""unassigned_urgent_jobs"": 672, ""unreachable_jobs"": 0, ""water_jobs_seen"": 0}",v011b_harvest_storage,baseline
42,0,111999.0,113511.0,-1512.0,loss,DONE,DONE,1,719,0,0,0.663083,1.1796458,1.3994625600000026,1.581458,3.4960280829982366,0,0,[],{},"{""BUILD_PASTURE"": 12, ""CARE"": 245, ""COLLECT_FERTILIZER"": 272, ""DIG"": 19, ""DROP"": 76, ""EAST"": 877, ""FEED"": 255, ""HARVEST"": 192, ""NORTH"": 1278, ""PASS"": 1687, ""PICKUP"": 71, ""PLACE"": 12, ""PLANT"": 99, ""SOUTH"": 958, ""WATER"": 740, ""WEST"": 1082}","{""HARVEST:HIGH_VALUE"": 72, ""HARVEST:MELON"": 18, ""HARVEST:STRAWBERRY"": 54, ""WATER:HIGH_VALUE"": 590, ""WATER:MELON"": 135, ""WATER:STRAWBERRY"": 455}","{""BUY_ANIMAL"": 6, ""BUY_LAND"": 2, ""BUY_PRODUCT"": 198, ""BUY_SEED"": 46, ""HIRE"": 316, ""SELL"": 190}","{""BUY_ANIMAL:COW"": 6, ""BUY_ANIMAL:SHEEP"": 6, ""BUY_PRODUCT:WHEAT"": 528, ""BUY_SEED:CARROT"": 12, ""BUY_SEED:MELON"": 18, ""BUY_SEED:STRAWBERRY"": 38, ""BUY_SEED:WHEAT"": 36, ""SELL:CARROT"": 27, ""SELL:FERTILIZER"": 272, ""SELL:MELON"": 99, ""SELL:MILK"": 149, ""SELL:STRAWBERRY"": 128, ""SELL:WHEAT"": 396, ""SELL:WOOL"": 144}",9.448275862068966,23,1.9655172413793103,16,1,"{""base_harvest_jobs"": 46, ""base_urgent_assignments"": 0, ""base_water_jobs"": 0, ""calls"": 719, ""extra_drop_assignments"": 0, ""extra_harvest_assignments"": 0, ""extra_water_assignments"": 0, ""harvest_jobs_seen"": 1194, ""last_step"": 718, ""pass_after"": 1687, ""pass_before"": 1687, ""storage_jobs_seen"": 45, ""unassigned_urgent_jobs"": 576, ""unreachable_jobs"": 0, ""water_jobs_seen"": 0}",v011b_harvest_storage,baseline
42,1,112753.0,112624.0,129.0,win,DONE,DONE,1,719,0,0,0.64425,1.1873795,1.3668535600000014,1.63475,3.53917670899682,0,0,[],{},"{""BUILD_PASTURE"": 12, ""CARE"": 239, ""COLLECT_FERTILIZER"": 272, ""DIG"": 22, ""DROP"": 79, ""EAST"": 929, ""FEED"": 254, ""HARVEST"": 195, ""NORTH"": 1281, ""PASS"": 1688, ""PICKUP"": 71, ""PLACE"": 12, ""PLANT"": 101, ""SOUTH"": 897, ""WATER"": 743, ""WEST"": 1098}","{""HARVEST:HIGH_VALUE"": 72, ""HARVEST:MELON"": 18, ""HARVEST:STRAWBERRY"": 54, ""WATER:HIGH_VALUE"": 584, ""WATER:MELON"": 135, ""WATER:STRAWBERRY"": 449}","{""BUY_ANIMAL"": 6, ""BUY_LAND"": 2, ""BUY_PRODUCT"": 205, ""BUY_SEED"": 49, ""HIRE"": 317, ""SELL"": 177}","{""BUY_ANIMAL:COW"": 6, ""BUY_ANIMAL:SHEEP"": 6, ""BUY_PRODUCT:WHEAT"": 531, ""BUY_SEED:CARROT"": 12, ""BUY_SEED:MELON"": 18, ""BUY_SEED:STRAWBERRY"": 38, ""BUY_SEED:WHEAT"": 38, ""SELL:CARROT"": 30, ""SELL:FERTILIZER"": 272, ""SELL:MELON"": 99, ""SELL:MILK"": 153, ""SELL:STRAWBERRY"": 127, ""SELL:WHEAT"": 406, ""SELL:WOOL"": 139}",9.413793103448276,24,1.103448275862069,10,1,"{""base_harvest_jobs"": 58, ""base_urgent_assignments"": 0, ""base_water_jobs"": 0, ""calls"": 719, ""extra_drop_assignments"": 0, ""extra_harvest_assignments"": 0, ""extra_water_assignments"": 0, ""harvest_jobs_seen"": 1313, ""last_step"": 718, ""pass_after"": 1688, ""pass_before"": 1688, ""storage_jobs_seen"": 43, ""unassigned_urgent_jobs"": 630, ""unreachable_jobs"": 0, ""water_jobs_seen"": 0}",v011b_harvest_storage,baseline
2026,0,93883.0,96711.0,-2828.0,loss,DONE,DONE,1,719,0,0,0.659666,1.1685455,1.3714605600000005,1.741125,3.617281291000836,0,0,[],{},"{""BUILD_PASTURE"": 12, ""CARE"": 205, ""COLLECT_FERTILIZER"": 274, ""DIG"": 26, ""DROP"": 64, ""EAST"": 858, ""FEED"": 257, ""HARVEST"": 183, ""NORTH"": 1313, ""PASS"": 1578, ""PICKUP"": 68, ""PLACE"": 12, ""PLANT"": 98, ""SOUTH"": 1006, ""WATER"": 765, ""WEST"": 1089}","{""HARVEST:HIGH_VALUE"": 65, ""HARVEST:MELON"": 18, ""HARVEST:STRAWBERRY"": 47, ""WATER:HIGH_VALUE"": 619, ""WATER:MELON"": 135, ""WATER:STRAWBERRY"": 484}","{""BUY_ANIMAL"": 7, ""BUY_LAND"": 2, ""BUY_PRODUCT"": 191, ""BUY_SEED"": 51, ""HIRE"": 313, ""SELL"": 184}","{""BUY_ANIMAL:COW"": 8, ""BUY_ANIMAL:SHEEP"": 4, ""BUY_PRODUCT:WHEAT"": 523, ""BUY_SEED:CARROT"": 13, ""BUY_SEED:MELON"": 18, ""BUY_SEED:STRAWBERRY"": 38, ""BUY_SEED:WHEAT"": 41, ""SELL:CARROT"": 27, ""SELL:FERTILIZER"": 274, ""SELL:MELON"": 99, ""SELL:MILK"": 172, ""SELL:STRAWBERRY"": 123, ""SELL:WHEAT"": 385, ""SELL:WOOL"": 91}",8.10344827586207,21,1.8620689655172413,10,1,"{""base_harvest_jobs"": 57, ""base_urgent_assignments"": 0, ""base_water_jobs"": 0, ""calls"": 719, ""extra_drop_assignments"": 0, ""extra_harvest_assignments"": 0, ""extra_water_assignments"": 0, ""harvest_jobs_seen"": 1063, ""last_step"": 718, ""pass_after"": 1578, ""pass_before"": 1578, ""storage_jobs_seen"": 9, ""unassigned_urgent_jobs"": 457, ""unreachable_jobs"": 0, ""water_jobs_seen"": 0}",v011b_harvest_storage,baseline
2026,1,94931.0,97396.0,-2465.0,loss,DONE,DONE,1,719,0,0,0.655125,1.1729214,1.3018744400000004,1.642542,3.5309395840013167,0,0,[],{},"{""BUILD_PASTURE"": 12, ""CARE"": 206, ""COLLECT_FERTILIZER"": 269, ""DIG"": 25, ""DROP"": 72, ""EAST"": 869, ""FEED"": 254, ""HARVEST"": 182, ""NORTH"": 1386, ""PASS"": 1497, ""PICKUP"": 69, ""PLACE"": 12, ""PLANT"": 101, ""SOUTH"": 1045, ""WATER"": 777, ""WEST"": 1101}","{""HARVEST:HIGH_VALUE"": 65, ""HARVEST:MELON"": 18, ""HARVEST:STRAWBERRY"": 47, ""WATER:HIGH_VALUE"": 618, ""WATER:MELON"": 135, ""WATER:STRAWBERRY"": 483}","{""BUY_ANIMAL"": 7, ""BUY_LAND"": 2, ""BUY_PRODUCT"": 199, ""BUY_SEED"": 49, ""HIRE"": 316, ""SELL"": 185}","{""BUY_ANIMAL:COW"": 8, ""BUY_ANIMAL:SHEEP"": 4, ""BUY_PRODUCT:WHEAT"": 521, ""BUY_SEED:CARROT"": 12, ""BUY_SEED:MELON"": 18, ""BUY_SEED:STRAWBERRY"": 38, ""BUY_SEED:WHEAT"": 39, ""SELL:CARROT"": 26, ""SELL:FERTILIZER"": 269, ""SELL:MELON"": 99, ""SELL:MILK"": 170, ""SELL:STRAWBERRY"": 123, ""SELL:WHEAT"": 400, ""SELL:WOOL"": 91}",8,21,1.9655172413793103,12,1,"{""base_harvest_jobs"": 94, ""base_urgent_assignments"": 0, ""base_water_jobs"": 0, ""calls"": 719, ""extra_drop_assignments"": 0, ""extra_harvest_assignments"": 0, ""extra_water_assignments"": 0, ""harvest_jobs_seen"": 1109, ""last_step"": 718, ""pass_after"": 1497, ""pass_before"": 1497, ""storage_jobs_seen"": 46, ""unassigned_urgent_jobs"": 519, ""unreachable_jobs"": 0, ""water_jobs_seen"": 0}",v011b_harvest_storage,baseline
217,0,99167.0,100269.0,-1102.0,loss,DONE,DONE,1,719,0,0,0.668541,1.2068625000000002,1.438428180000002,68.267834,3.5880106249969685,0,0,[],{},"{""BUILD_PASTURE"": 12, ""CARE"": 252, ""COLLECT_FERTILIZER"": 275, ""DIG"": 15, ""DROP"": 72, ""EAST"": 856, ""FEED"": 260, ""HARVEST"": 196, ""NORTH"": 1286, ""PASS"": 1664, ""PICKUP"": 70, ""PLACE"": 12, ""PLANT"": 99, ""SOUTH"": 967, ""WATER"": 745, ""WEST"": 1086}","{""HARVEST:HIGH_VALUE"": 71, ""HARVEST:MELON"": 18, ""HARVEST:STRAWBERRY"": 53, ""WATER:HIGH_VALUE"": 599, ""WATER:MELON"": 135, ""WATER:STRAWBERRY"": 464}","{""BUY_ANIMAL"": 7, ""BUY_LAND"": 2, ""BUY_PRODUCT"": 194, ""BUY_SEED"": 48, ""HIRE"": 316, ""SELL"": 194}","{""BUY_ANIMAL:COW"": 4, ""BUY_ANIMAL:SHEEP"": 8, ""BUY_PRODUCT:WHEAT"": 518, ""BUY_SEED:CARROT"": 15, ""BUY_SEED:MELON"": 18, ""BUY_SEED:STRAWBERRY"": 38, ""BUY_SEED:WHEAT"": 36, ""SELL:CARROT"": 33, ""SELL:FERTILIZER"": 275, ""SELL:MELON"": 99, ""SELL:MILK"": 121, ""SELL:STRAWBERRY"": 129, ""SELL:WHEAT"": 371, ""SELL:WOOL"": 184}",9,23,3.206896551724138,18,1,"{""base_harvest_jobs"": 122, ""base_urgent_assignments"": 0, ""base_water_jobs"": 0, ""calls"": 719, ""extra_drop_assignments"": 0, ""extra_harvest_assignments"": 0, ""extra_water_assignments"": 0, ""harvest_jobs_seen"": 1274, ""last_step"": 718, ""pass_after"": 1664, ""pass_before"": 1664, ""storage_jobs_seen"": 31, ""unassigned_urgent_jobs"": 575, ""unreachable_jobs"": 0, ""water_jobs_seen"": 0}",v011b_harvest_storage,baseline
217,1,99553.0,101159.0,-1606.0,loss,DONE,DONE,1,719,0,0,0.65225,1.156183,1.3232750000000006,1.586958,3.5248648750057328,0,0,[],{},"{""BUILD_PASTURE"": 12, ""CARE"": 249, ""COLLECT_FERTILIZER"": 273, ""DIG"": 18, ""DROP"": 74, ""EAST"": 850, ""FEED"": 263, ""HARVEST"": 196, ""NORTH"": 1296, ""PASS"": 1575, ""PICKUP"": 69, ""PLACE"": 12, ""PLANT"": 100, ""SOUTH"": 1015, ""WATER"": 748, ""WEST"": 1094}","{""HARVEST:HIGH_VALUE"": 71, ""HARVEST:MELON"": 18, ""HARVEST:STRAWBERRY"": 53, ""WATER:HIGH_VALUE"": 597, ""WATER:MELON"": 135, ""WATER:STRAWBERRY"": 462}","{""BUY_ANIMAL"": 7, ""BUY_LAND"": 2, ""BUY_PRODUCT"": 202, ""BUY_SEED"": 48, ""HIRE"": 315, ""SELL"": 186}","{""BUY_ANIMAL:COW"": 4, ""BUY_ANIMAL:SHEEP"": 8, ""BUY_PRODUCT:WHEAT"": 527, ""BUY_SEED:CARROT"": 15, ""BUY_SEED:MELON"": 18, ""BUY_SEED:STRAWBERRY"": 38, ""BUY_SEED:WHEAT"": 36, ""SELL:CARROT"": 33, ""SELL:FERTILIZER"": 273, ""SELL:MELON"": 99, ""SELL:MILK"": 118, ""SELL:STRAWBERRY"": 128, ""SELL:WHEAT"": 382, ""SELL:WOOL"": 188}",9.172413793103448,22,2.103448275862069,16,1,"{""base_harvest_jobs"": 118, ""base_urgent_assignments"": 0, ""base_water_jobs"": 0, ""calls"": 719, ""extra_drop_assignments"": 0, ""extra_harvest_assignments"": 0, ""extra_water_assignments"": 0, ""harvest_jobs_seen"": 1253, ""last_step"": 718, ""pass_after"": 1575, ""pass_before"": 1575, ""storage_jobs_seen"": 16, ""unassigned_urgent_jobs"": 560, ""unreachable_jobs"": 0, ""water_jobs_seen"": 0}",v011b_harvest_storage,baseline
317,0,111012.0,111012.0,0.0,tie,DONE,DONE,1,719,0,0,0.618583,1.1749673,1.356717000000001,1.595958,3.4489170000015292,0,0,[],{},"{""BUILD_PASTURE"": 12, ""CARE"": 243, ""COLLECT_FERTILIZER"": 275, ""DIG"": 33, ""DROP"": 70, ""EAST"": 910, ""FEED"": 260, ""HARVEST"": 179, ""NORTH"": 1233, ""PASS"": 1735, ""PICKUP"": 70, ""PLACE"": 12, ""PLANT"": 93, ""SOUTH"": 876, ""WATER"": 719, ""WEST"": 1065}","{""HARVEST:HIGH_VALUE"": 62, ""HARVEST:MELON"": 18, ""HARVEST:STRAWBERRY"": 44, ""WATER:HIGH_VALUE"": 588, ""WATER:MELON"": 135, ""WATER:STRAWBERRY"": 453}","{""BUY_ANIMAL"": 6, ""BUY_LAND"": 2, ""BUY_PRODUCT"": 195, ""BUY_SEED"": 45, ""HIRE"": 312, ""SELL"": 172}","{""BUY_ANIMAL:COW"": 6, ""BUY_ANIMAL:SHEEP"": 6, ""BUY_PRODUCT:WHEAT"": 523, ""BUY_SEED:CARROT"": 9, ""BUY_SEED:MELON"": 18, ""BUY_SEED:STRAWBERRY"": 38, ""BUY_SEED:WHEAT"": 38, ""SELL:CARROT"": 15, ""SELL:FERTILIZER"": 275, ""SELL:MELON"": 99, ""SELL:MILK"": 151, ""SELL:STRAWBERRY"": 116, ""SELL:WHEAT"": 379, ""SELL:WOOL"": 150}",9.379310344827585,25,0.7931034482758621,7,1,"{""base_harvest_jobs"": 25, ""base_urgent_assignments"": 0, ""base_water_jobs"": 0, ""calls"": 719, ""extra_drop_assignments"": 0, ""extra_harvest_assignments"": 0, ""extra_water_assignments"": 0, ""harvest_jobs_seen"": 1034, ""last_step"": 718, ""pass_after"": 1735, ""pass_before"": 1735, ""storage_jobs_seen"": 41, ""unassigned_urgent_jobs"": 498, ""unreachable_jobs"": 5, ""water_jobs_seen"": 0}",v011b_harvest_storage,baseline
317,1,111359.0,110980.0,379.0,win,DONE,DONE,1,719,0,0,0.623625,1.1481711000000001,1.340350440000001,29.795833,3.538028374998248,0,0,[],{},"{""BUILD_PASTURE"": 12, ""CARE"": 243, ""COLLECT_FERTILIZER"": 270, ""DIG"": 34, ""DROP"": 63, ""EAST"": 926, ""FEED"": 260, ""HARVEST"": 180, ""NORTH"": 1221, ""PASS"": 1670, ""PICKUP"": 71, ""PLACE"": 12, ""PLANT"": 95, ""SOUTH"": 862, ""WATER"": 735, ""WEST"": 1085}","{""HARVEST:HIGH_VALUE"": 62, ""HARVEST:MELON"": 18, ""HARVEST:STRAWBERRY"": 44, ""WATER:HIGH_VALUE"": 599, ""WATER:MELON"": 135, ""WATER:STRAWBERRY"": 464}","{""BUY_ANIMAL"": 6, ""BUY_LAND"": 2, ""BUY_PRODUCT"": 200, ""BUY_SEED"": 45, ""HIRE"": 310, ""SELL"": 172}","{""BUY_ANIMAL:COW"": 6, ""BUY_ANIMAL:SHEEP"": 6, ""BUY_PRODUCT:WHEAT"": 523, ""BUY_SEED:CARROT"": 9, ""BUY_SEED:MELON"": 18, ""BUY_SEED:STRAWBERRY"": 38, ""BUY_SEED:WHEAT"": 38, ""SELL:CARROT"": 20, ""SELL:FERTILIZER"": 270, ""SELL:MELON"": 99, ""SELL:MILK"": 151, ""SELL:STRAWBERRY"": 116, ""SELL:WHEAT"": 377, ""SELL:WOOL"": 150}",9.03448275862069,25,0.6551724137931034,6,1,"{""base_harvest_jobs"": 25, ""base_urgent_assignments"": 0, ""base_water_jobs"": 0, ""calls"": 719, ""extra_drop_assignments"": 0, ""extra_harvest_assignments"": 0, ""extra_water_assignments"": 0, ""harvest_jobs_seen"": 1035, ""last_step"": 718, ""pass_after"": 1670, ""pass_before"": 1670, ""storage_jobs_seen"": 51, ""unassigned_urgent_jobs"": 515, ""unreachable_jobs"": 5, ""water_jobs_seen"": 0}",v011b_harvest_storage,baseline
733,0,106002.0,105184.0,818.0,win,DONE,DONE,1,719,0,0,0.6755,1.2066506,1.3957200000000005,1.684792,3.5705305410010624,0,0,[],{},"{""BUILD_PASTURE"": 12, ""CARE"": 242, ""COLLECT_FERTILIZER"": 272, ""DIG"": 14, ""DROP"": 72, ""EAST"": 882, ""FEED"": 258, ""HARVEST"": 196, ""NORTH"": 1278, ""PASS"": 1620, ""PICKUP"": 70, ""PLACE"": 12, ""PLANT"": 106, ""SOUTH"": 985, ""WATER"": 753, ""WEST"": 1118}","{""HARVEST:HIGH_VALUE"": 67, ""HARVEST:MELON"": 18, ""HARVEST:STRAWBERRY"": 49, ""WATER:HIGH_VALUE"": 584, ""WATER:MELON"": 135, ""WATER:STRAWBERRY"": 449}","{""BUY_ANIMAL"": 6, ""BUY_LAND"": 2, ""BUY_PRODUCT"": 206, ""BUY_SEED"": 43, ""HIRE"": 317, ""SELL"": 176}","{""BUY_ANIMAL:COW"": 6, ""BUY_ANIMAL:SHEEP"": 6, ""BUY_PRODUCT:WHEAT"": 524, ""BUY_SEED:CARROT"": 15, ""BUY_SEED:MELON"": 18, ""BUY_SEED:STRAWBERRY"": 38, ""BUY_SEED:WHEAT"": 37, ""SELL:CARROT"": 38, ""SELL:FERTILIZER"": 272, ""SELL:MELON"": 99, ""SELL:MILK"": 161, ""SELL:STRAWBERRY"": 124, ""SELL:WHEAT"": 397, ""SELL:WOOL"": 126}",9.862068965517242,27,3.103448275862069,20,1,"{""base_harvest_jobs"": 73, ""base_urgent_assignments"": 0, ""base_water_jobs"": 0, ""calls"": 719, ""extra_drop_assignments"": 0, ""extra_harvest_assignments"": 0, ""extra_water_assignments"": 0, ""harvest_jobs_seen"": 1344, ""last_step"": 718, ""pass_after"": 1620, ""pass_before"": 1620, ""storage_jobs_seen"": 39, ""unassigned_urgent_jobs"": 637, ""unreachable_jobs"": 1, ""water_jobs_seen"": 0}",v011b_harvest_storage,baseline
733,1,105585.0,105655.0,-70.0,loss,DONE,DONE,1,719,0,0,0.625292,1.1670285,1.3252270000000013,1.523375,3.577140209003119,0,0,[],{},"{""BUILD_PASTURE"": 12, ""CARE"": 239, ""COLLECT_FERTILIZER"": 266, ""DIG"": 27, ""DROP"": 68, ""EAST"": 847, ""FEED"": 256, ""HARVEST"": 195, ""NORTH"": 1293, ""PASS"": 1641, ""PICKUP"": 70, ""PLACE"": 12, ""PLANT"": 106, ""SOUTH"": 988, ""WATER"": 741, ""WEST"": 1088}","{""HARVEST:HIGH_VALUE"": 67, ""HARVEST:MELON"": 18, ""HARVEST:STRAWBERRY"": 49, ""WATER:HIGH_VALUE"": 573, ""WATER:MELON"": 135, ""WATER:STRAWBERRY"": 438}","{""BUY_ANIMAL"": 6, ""BUY_LAND"": 2, ""BUY_PRODUCT"": 203, ""BUY_SEED"": 45, ""HIRE"": 315, ""SELL"": 182}","{""BUY_ANIMAL:COW"": 6, ""BUY_ANIMAL:SHEEP"": 6, ""BUY_PRODUCT:WHEAT"": 519, ""BUY_SEED:CARROT"": 17, ""BUY_SEED:MELON"": 18, ""BUY_SEED:STRAWBERRY"": 38, ""BUY_SEED:WHEAT"": 36, ""SELL:CARROT"": 42, ""SELL:FERTILIZER"": 266, ""SELL:MELON"": 99, ""SELL:MILK"": 159, ""SELL:STRAWBERRY"": 124, ""SELL:WHEAT"": 386, ""SELL:WOOL"": 126}",10.206896551724139,27,1.5862068965517242,11,1,"{""base_harvest_jobs"": 108, ""base_urgent_assignments"": 0, ""base_water_jobs"": 0, ""calls"": 719, ""extra_drop_assignments"": 0, ""extra_harvest_assignments"": 0, ""extra_water_assignments"": 0, ""harvest_jobs_seen"": 1348, ""last_step"": 718, ""pass_after"": 1641, ""pass_before"": 1641, ""storage_jobs_seen"": 19, ""unassigned_urgent_jobs"": 625, ""unreachable_jobs"": 0, ""water_jobs_seen"": 0}",v011b_harvest_storage,baseline
17,0,136540.0,3483.0,133057.0,win,DONE,DONE,1,719,0,0,0.653417,1.172366,1.3668954400000015,1.738084,2.2175087080031517,0,0,[],{},"{""BUILD_PASTURE"": 12, ""CARE"": 238, ""COLLECT_FERTILIZER"": 272, ""DIG"": 19, ""DROP"": 91, ""EAST"": 918, ""FEED"": 257, ""HARVEST"": 207, ""NORTH"": 1328, ""PASS"": 1667, ""PICKUP"": 69, ""PLACE"": 12, ""PLANT"": 105, ""SOUTH"": 943, ""WATER"": 728, ""WEST"": 1125}","{""HARVEST:HIGH_VALUE"": 71, ""HARVEST:MELON"": 20, ""HARVEST:STRAWBERRY"": 51, ""WATER:HIGH_VALUE"": 568, ""WATER:MELON"": 149, ""WATER:STRAWBERRY"": 419}","{""BUY_ANIMAL"": 7, ""BUY_LAND"": 2, ""BUY_PRODUCT"": 204, ""BUY_SEED"": 49, ""HIRE"": 321, ""SELL"": 191}","{""BUY_ANIMAL:COW"": 9, ""BUY_ANIMAL:SHEEP"": 3, ""BUY_PRODUCT:WHEAT"": 532, ""BUY_SEED:CARROT"": 12, ""BUY_SEED:MELON"": 20, ""BUY_SEED:STRAWBERRY"": 37, ""BUY_SEED:WHEAT"": 36, ""SELL:CARROT"": 36, ""SELL:FERTILIZER"": 272, ""SELL:MELON"": 109, ""SELL:MILK"": 223, ""SELL:STRAWBERRY"": 125, ""SELL:WHEAT"": 399, ""SELL:WOOL"": 83}",10.03448275862069,24,1.1724137931034482,12,1,"{""base_harvest_jobs"": 230, ""base_urgent_assignments"": 0, ""base_water_jobs"": 0, ""calls"": 719, ""extra_drop_assignments"": 0, ""extra_harvest_assignments"": 0, ""extra_water_assignments"": 0, ""harvest_jobs_seen"": 1576, ""last_step"": 718, ""pass_after"": 1667, ""pass_before"": 1667, ""storage_jobs_seen"": 90, ""unassigned_urgent_jobs"": 794, ""unreachable_jobs"": 1, ""water_jobs_seen"": 0}",v011b_harvest_storage,starter
17,1,137583.0,3499.0,134084.0,win,DONE,DONE,1,719,0,0,0.651583,1.1505036,1.39773438,32.967583,2.2436487500017392,0,0,[],{},"{""BUILD_PASTURE"": 12, ""CARE"": 250, ""COLLECT_FERTILIZER"": 269, ""DIG"": 16, ""DROP"": 80, ""EAST"": 958, ""FEED"": 264, ""HARVEST"": 206, ""NORTH"": 1317, ""PASS"": 1608, ""PICKUP"": 66, ""PLACE"": 12, ""PLANT"": 102, ""SOUTH"": 967, ""WATER"": 736, ""WEST"": 1120}","{""HARVEST:HIGH_VALUE"": 74, ""HARVEST:MELON"": 20, ""HARVEST:STRAWBERRY"": 54, ""WATER:HIGH_VALUE"": 587, ""WATER:MELON"": 149, ""WATER:STRAWBERRY"": 438}","{""BUY_ANIMAL"": 7, ""BUY_LAND"": 2, ""BUY_PRODUCT"": 203, ""BUY_SEED"": 56, ""HIRE"": 321, ""SELL"": 200}","{""BUY_ANIMAL:COW"": 7, ""BUY_ANIMAL:SHEEP"": 5, ""BUY_PRODUCT:WHEAT"": 533, ""BUY_SEED:CARROT"": 12, ""BUY_SEED:MELON"": 20, ""BUY_SEED:STRAWBERRY"": 37, ""BUY_SEED:WHEAT"": 37, ""SELL:CARROT"": 30, ""SELL:FERTILIZER"": 269, ""SELL:MELON"": 109, ""SELL:MILK"": 182, ""SELL:STRAWBERRY"": 128, ""SELL:WHEAT"": 386, ""SELL:WOOL"": 134}",9.310344827586206,30,1.103448275862069,7,1,"{""base_harvest_jobs"": 135, ""base_urgent_assignments"": 0, ""base_water_jobs"": 0, ""calls"": 719, ""extra_drop_assignments"": 0, ""extra_harvest_assignments"": 0, ""extra_water_assignments"": 0, ""harvest_jobs_seen"": 1344, ""last_step"": 718, ""pass_after"": 1608, ""pass_before"": 1608, ""storage_jobs_seen"": 9, ""unassigned_urgent_jobs"": 646, ""unreachable_jobs"": 0, ""water_jobs_seen"": 0}",v011b_harvest_storage,starter
42,0,137149.0,3495.0,133654.0,win,DONE,DONE,1,719,0,0,0.660916,1.1949836000000003,1.4013100600000012,1.702792,2.2210811250042752,0,0,[],{},"{""BUILD_PASTURE"": 12, ""CARE"": 242, ""COLLECT_FERTILIZER"": 274, ""DIG"": 21, ""DROP"": 93, ""EAST"": 935, ""FEED"": 262, ""HARVEST"": 201, ""NORTH"": 1308, ""PASS"": 1640, ""PICKUP"": 64, ""PLACE"": 12, ""PLANT"": 102, ""SOUTH"": 977, ""WATER"": 713, ""WEST"": 1158}","{""HARVEST:HIGH_VALUE"": 68, ""HARVEST:MELON"": 20, ""HARVEST:STRAWBERRY"": 48, ""WATER:HIGH_VALUE"": 563, ""WATER:MELON"": 149, ""WATER:STRAWBERRY"": 414}","{""BUY_ANIMAL"": 6, ""BUY_LAND"": 2, ""BUY_PRODUCT"": 214, ""BUY_SEED"": 47, ""HIRE"": 322, ""SELL"": 185}","{""BUY_ANIMAL:COW"": 10, ""BUY_ANIMAL:SHEEP"": 2, ""BUY_PRODUCT:WHEAT"": 542, ""BUY_SEED:CARROT"": 12, ""BUY_SEED:MELON"": 20, ""BUY_SEED:STRAWBERRY"": 37, ""BUY_SEED:WHEAT"": 35, ""SELL:CARROT"": 30, ""SELL:FERTILIZER"": 274, ""SELL:MELON"": 109, ""SELL:MILK"": 246, ""SELL:STRAWBERRY"": 122, ""SELL:WHEAT"": 397, ""SELL:WOOL"": 67}",10.793103448275861,25,1.6896551724137931,13,1,"{""base_harvest_jobs"": 249, ""base_urgent_assignments"": 0, ""base_water_jobs"": 0, ""calls"": 719, ""extra_drop_assignments"": 0, ""extra_harvest_assignments"": 0, ""extra_water_assignments"": 0, ""harvest_jobs_seen"": 1358, ""last_step"": 718, ""pass_after"": 1640, ""pass_before"": 1640, ""storage_jobs_seen"": 72, ""unassigned_urgent_jobs"": 674, ""unreachable_jobs"": 0, ""water_jobs_seen"": 0}",v011b_harvest_storage,starter
42,1,137133.0,3501.0,133632.0,win,DONE,DONE,1,719,0,0,0.6585,1.1858956,1.4318519400000012,10.673416,2.301431749998301,0,0,[],{},"{""BUILD_PASTURE"": 12, ""CARE"": 242, ""COLLECT_FERTILIZER"": 274, ""DIG"": 23, ""DROP"": 84, ""EAST"": 901, ""FEED"": 259, ""HARVEST"": 201, ""NORTH"": 1321, ""PASS"": 1646, ""PICKUP"": 65, ""PLACE"": 12, ""PLANT"": 102, ""SOUTH"": 985, ""WATER"": 745, ""WEST"": 1097}","{""HARVEST:HIGH_VALUE"": 70, ""HARVEST:MELON"": 20, ""HARVEST:STRAWBERRY"": 50, ""WATER:HIGH_VALUE"": 587, ""WATER:MELON"": 149, ""WATER:STRAWBERRY"": 438}","{""BUY_ANIMAL"": 6, ""BUY_LAND"": 2, ""BUY_PRODUCT"": 201, ""BUY_SEED"": 46, ""HIRE"": 320, ""SELL"": 185}","{""BUY_ANIMAL:COW"": 10, ""BUY_ANIMAL:SHEEP"": 2, ""BUY_PRODUCT:WHEAT"": 527, ""BUY_SEED:CARROT"": 12, ""BUY_SEED:MELON"": 20, ""BUY_SEED:STRAWBERRY"": 37, ""BUY_SEED:WHEAT"": 36, ""SELL:CARROT"": 30, ""SELL:FERTILIZER"": 274, ""SELL:MELON"": 109, ""SELL:MILK"": 230, ""SELL:STRAWBERRY"": 124, ""SELL:WHEAT"": 396, ""SELL:WOOL"": 66}",9.482758620689655,23,1.4827586206896552,11,1,"{""base_harvest_jobs"": 133, ""base_urgent_assignments"": 0, ""base_water_jobs"": 0, ""calls"": 719, ""extra_drop_assignments"": 0, ""extra_harvest_assignments"": 0, ""extra_water_assignments"": 0, ""harvest_jobs_seen"": 1235, ""last_step"": 718, ""pass_after"": 1646, ""pass_before"": 1646, ""storage_jobs_seen"": 54, ""unassigned_urgent_jobs"": 595, ""unreachable_jobs"": 2, ""water_jobs_seen"": 0}",v011b_harvest_storage,starter
2026,0,134441.0,3487.0,130954.0,win,DONE,DONE,1,719,0,0,0.668375,1.2063583000000002,1.3534890000000002,1.732542,2.2667514170025242,0,0,[],{},"{""BUILD_PASTURE"": 12, ""CARE"": 249, ""COLLECT_FERTILIZER"": 268, ""DIG"": 18, ""DROP"": 69, ""EAST"": 886, ""FEED"": 261, ""HARVEST"": 202, ""NORTH"": 1335, ""PASS"": 1674, ""PICKUP"": 69, ""PLACE"": 12, ""PLANT"": 103, ""SOUTH"": 1004, ""WATER"": 739, ""WEST"": 1120}","{""HARVEST:HIGH_VALUE"": 73, ""HARVEST:MELON"": 20, ""HARVEST:STRAWBERRY"": 53, ""WATER:HIGH_VALUE"": 579, ""WATER:MELON"": 149, ""WATER:STRAWBERRY"": 430}","{""BUY_ANIMAL"": 7, ""BUY_LAND"": 2, ""BUY_PRODUCT"": 210, ""BUY_SEED"": 53, ""HIRE"": 323, ""SELL"": 185}","{""BUY_ANIMAL:COW"": 5, ""BUY_ANIMAL:SHEEP"": 7, ""BUY_PRODUCT:WHEAT"": 525, ""BUY_SEED:CARROT"": 13, ""BUY_SEED:MELON"": 20, ""BUY_SEED:STRAWBERRY"": 37, ""BUY_SEED:WHEAT"": 36, ""SELL:CARROT"": 30, ""SELL:FERTILIZER"": 268, ""SELL:MELON"": 109, ""SELL:MILK"": 132, ""SELL:STRAWBERRY"": 127, ""SELL:WHEAT"": 394, ""SELL:WOOL"": 174}",9.517241379310345,28,1.3448275862068966,8,1,"{""base_harvest_jobs"": 169, ""base_urgent_assignments"": 0, ""base_water_jobs"": 0, ""calls"": 719, ""extra_drop_assignments"": 0, ""extra_harvest_assignments"": 0, ""extra_water_assignments"": 0, ""harvest_jobs_seen"": 1369, ""last_step"": 718, ""pass_after"": 1674, ""pass_before"": 1674, ""storage_jobs_seen"": 21, ""unassigned_urgent_jobs"": 641, ""unreachable_jobs"": 0, ""water_jobs_seen"": 0}",v011b_harvest_storage,starter
2026,1,133060.0,3487.0,129573.0,win,DONE,DONE,1,719,0,0,0.671958,1.1565083,1.3695729400000014,1.681542,2.2754341670006397,0,0,[],{},"{""BUILD_PASTURE"": 12, ""CARE"": 244, ""COLLECT_FERTILIZER"": 267, ""DIG"": 18, ""DROP"": 81, ""EAST"": 893, ""FEED"": 260, ""HARVEST"": 205, ""NORTH"": 1372, ""PASS"": 1617, ""PICKUP"": 69, ""PLACE"": 12, ""PLANT"": 108, ""SOUTH"": 993, ""WATER"": 749, ""WEST"": 1171}","{""HARVEST:HIGH_VALUE"": 73, ""HARVEST:MELON"": 20, ""HARVEST:STRAWBERRY"": 53, ""WATER:HIGH_VALUE"": 577, ""WATER:MELON"": 149, ""WATER:STRAWBERRY"": 428}","{""BUY_ANIMAL"": 7, ""BUY_LAND"": 2, ""BUY_PRODUCT"": 203, ""BUY_SEED"": 55, ""HIRE"": 325, ""SELL"": 197}","{""BUY_ANIMAL:COW"": 5, ""BUY_ANIMAL:SHEEP"": 7, ""BUY_PRODUCT:WHEAT"": 530, ""BUY_SEED:CARROT"": 13, ""BUY_SEED:MELON"": 20, ""BUY_SEED:STRAWBERRY"": 37, ""BUY_SEED:WHEAT"": 38, ""SELL:CARROT"": 36, ""SELL:FERTILIZER"": 267, ""SELL:MELON"": 109, ""SELL:MILK"": 132, ""SELL:STRAWBERRY"": 127, ""SELL:WHEAT"": 403, ""SELL:WOOL"": 171}",9.827586206896552,27,1.3793103448275863,11,1,"{""base_harvest_jobs"": 159, ""base_urgent_assignments"": 0, ""base_water_jobs"": 0, ""calls"": 719, ""extra_drop_assignments"": 0, ""extra_harvest_assignments"": 0, ""extra_water_assignments"": 0, ""harvest_jobs_seen"": 1422, ""last_step"": 718, ""pass_after"": 1617, ""pass_before"": 1617, ""storage_jobs_seen"": 9, ""unassigned_urgent_jobs"": 659, ""unreachable_jobs"": 0, ""water_jobs_seen"": 0}",v011b_harvest_storage,starter
217,0,130944.0,3495.0,127449.0,win,DONE,DONE,1,719,0,0,0.658834,1.1744789,1.35326612,1.645292,2.228850333005539,0,0,[],{},"{""BUILD_PASTURE"": 12, ""CARE"": 235, ""COLLECT_FERTILIZER"": 273, ""DIG"": 16, ""DROP"": 89, ""EAST"": 892, ""FEED"": 257, ""HARVEST"": 198, ""NORTH"": 1334, ""PASS"": 1680, ""PICKUP"": 66, ""PLACE"": 12, ""PLANT"": 101, ""SOUTH"": 972, ""WATER"": 728, ""WEST"": 1102}","{""HARVEST:HIGH_VALUE"": 67, ""HARVEST:MELON"": 20, ""HARVEST:STRAWBERRY"": 47, ""WATER:HIGH_VALUE"": 569, ""WATER:MELON"": 149, ""WATER:STRAWBERRY"": 420}","{""BUY_ANIMAL"": 7, ""BUY_LAND"": 2, ""BUY_PRODUCT"": 209, ""BUY_SEED"": 47, ""HIRE"": 320, ""SELL"": 182}","{""BUY_ANIMAL:COW"": 9, ""BUY_ANIMAL:SHEEP"": 3, ""BUY_PRODUCT:WHEAT"": 537, ""BUY_SEED:CARROT"": 13, ""BUY_SEED:MELON"": 20, ""BUY_SEED:STRAWBERRY"": 37, ""BUY_SEED:WHEAT"": 34, ""SELL:CARROT"": 33, ""SELL:FERTILIZER"": 273, ""SELL:MELON"": 109, ""SELL:MILK"": 223, ""SELL:STRAWBERRY"": 121, ""SELL:WHEAT"": 406, ""SELL:WOOL"": 74}",10.344827586206897,28,2.1724137931034484,19,1,"{""base_harvest_jobs"": 186, ""base_urgent_assignments"": 0, ""base_water_jobs"": 0, ""calls"": 719, ""extra_drop_assignments"": 0, ""extra_harvest_assignments"": 0, ""extra_water_assignments"": 0, ""harvest_jobs_seen"": 1465, ""last_step"": 718, ""pass_after"": 1680, ""pass_before"": 1680, ""storage_jobs_seen"": 87, ""unassigned_urgent_jobs"": 733, ""unreachable_jobs"": 6, ""water_jobs_seen"": 0}",v011b_harvest_storage,starter
217,1,138538.0,3475.0,135063.0,win,DONE,DONE,1,719,0,0,0.668208,1.1766247,1.388025,32.953,2.2736260409947135,0,0,[],{},"{""BUILD_PASTURE"": 12, ""CARE"": 238, ""COLLECT_FERTILIZER"": 273, ""DIG"": 19, ""DROP"": 99, ""EAST"": 946, ""FEED"": 259, ""HARVEST"": 201, ""NORTH"": 1319, ""PASS"": 1581, ""PICKUP"": 66, ""PLACE"": 12, ""PLANT"": 105, ""SOUTH"": 1016, ""WATER"": 741, ""WEST"": 1165}","{""HARVEST:HIGH_VALUE"": 68, ""HARVEST:MELON"": 20, ""HARVEST:STRAWBERRY"": 48, ""WATER:HIGH_VALUE"": 574, ""WATER:MELON"": 149, ""WATER:STRAWBERRY"": 425}","{""BUY_ANIMAL"": 6, ""BUY_LAND"": 2, ""BUY_PRODUCT"": 200, ""BUY_SEED"": 52, ""HIRE"": 324, ""SELL"": 196}","{""BUY_ANIMAL:COW"": 8, ""BUY_ANIMAL:SHEEP"": 4, ""BUY_PRODUCT:WHEAT"": 531, ""BUY_SEED:CARROT"": 12, ""BUY_SEED:MELON"": 20, ""BUY_SEED:STRAWBERRY"": 37, ""BUY_SEED:WHEAT"": 38, ""SELL:CARROT"": 30, ""SELL:FERTILIZER"": 273, ""SELL:MELON"": 109, ""SELL:MILK"": 209, ""SELL:STRAWBERRY"": 122, ""SELL:WHEAT"": 407, ""SELL:WOOL"": 92}",9.89655172413793,23,1.5517241379310345,13,1,"{""base_harvest_jobs"": 102, ""base_urgent_assignments"": 0, ""base_water_jobs"": 0, ""calls"": 719, ""extra_drop_assignments"": 0, ""extra_harvest_assignments"": 0, ""extra_water_assignments"": 0, ""harvest_jobs_seen"": 1231, ""last_step"": 718, ""pass_after"": 1581, ""pass_before"": 1581, ""storage_jobs_seen"": 76, ""unassigned_urgent_jobs"": 631, ""unreachable_jobs"": 0, ""water_jobs_seen"": 0}",v011b_harvest_storage,starter
317,0,128992.0,3475.0,125517.0,win,DONE,DONE,1,719,0,0,0.660417,1.1716878000000006,1.3926144400000002,1.635459,2.2157182500013732,0,0,[],{},"{""BUILD_PASTURE"": 12, ""CARE"": 243, ""COLLECT_FERTILIZER"": 274, ""DIG"": 19, ""DROP"": 82, ""EAST"": 952, ""FEED"": 258, ""HARVEST"": 198, ""NORTH"": 1263, ""PASS"": 1659, ""PICKUP"": 65, ""PLACE"": 12, ""PLANT"": 105, ""SOUTH"": 933, ""WATER"": 751, ""WEST"": 1116}","{""HARVEST:HIGH_VALUE"": 67, ""HARVEST:MELON"": 20, ""HARVEST:STRAWBERRY"": 47, ""WATER:HIGH_VALUE"": 587, ""WATER:MELON"": 149, ""WATER:STRAWBERRY"": 438}","{""BUY_ANIMAL"": 7, ""BUY_LAND"": 2, ""BUY_PRODUCT"": 207, ""BUY_SEED"": 47, ""HIRE"": 319, ""SELL"": 180}","{""BUY_ANIMAL:COW"": 7, ""BUY_ANIMAL:SHEEP"": 5, ""BUY_PRODUCT:WHEAT"": 543, ""BUY_SEED:CARROT"": 14, ""BUY_SEED:MELON"": 20, ""BUY_SEED:STRAWBERRY"": 37, ""BUY_SEED:WHEAT"": 39, ""SELL:CARROT"": 36, ""SELL:FERTILIZER"": 274, ""SELL:MELON"": 109, ""SELL:MILK"": 182, ""SELL:STRAWBERRY"": 121, ""SELL:WHEAT"": 411, ""SELL:WOOL"": 114}",9.379310344827585,29,1.4827586206896552,17,1,"{""base_harvest_jobs"": 98, ""base_urgent_assignments"": 0, ""base_water_jobs"": 0, ""calls"": 719, ""extra_drop_assignments"": 0, ""extra_harvest_assignments"": 0, ""extra_water_assignments"": 0, ""harvest_jobs_seen"": 1380, ""last_step"": 718, ""pass_after"": 1659, ""pass_before"": 1659, ""storage_jobs_seen"": 30, ""unassigned_urgent_jobs"": 636, ""unreachable_jobs"": 0, ""water_jobs_seen"": 0}",v011b_harvest_storage,starter
317,1,128992.0,3475.0,125517.0,win,DONE,DONE,1,719,0,0,0.660959,1.1579576999999999,1.4264005600000003,1.62725,2.245808457999374,0,0,[],{},"{""BUILD_PASTURE"": 12, ""CARE"": 243, ""COLLECT_FERTILIZER"": 274, ""DIG"": 22, ""DROP"": 82, ""EAST"": 952, ""FEED"": 258, ""HARVEST"": 198, ""NORTH"": 1265, ""PASS"": 1651, ""PICKUP"": 65, ""PLACE"": 12, ""PLANT"": 105, ""SOUTH"": 933, ""WATER"": 751, ""WEST"": 1119}","{""HARVEST:HIGH_VALUE"": 67, ""HARVEST:MELON"": 20, ""HARVEST:STRAWBERRY"": 47, ""WATER:HIGH_VALUE"": 587, ""WATER:MELON"": 149, ""WATER:STRAWBERRY"": 438}","{""BUY_ANIMAL"": 7, ""BUY_LAND"": 2, ""BUY_PRODUCT"": 207, ""BUY_SEED"": 47, ""HIRE"": 319, ""SELL"": 180}","{""BUY_ANIMAL:COW"": 7, ""BUY_ANIMAL:SHEEP"": 5, ""BUY_PRODUCT:WHEAT"": 543, ""BUY_SEED:CARROT"": 14, ""BUY_SEED:MELON"": 20, ""BUY_SEED:STRAWBERRY"": 37, ""BUY_SEED:WHEAT"": 39, ""SELL:CARROT"": 36, ""SELL:FERTILIZER"": 274, ""SELL:MELON"": 109, ""SELL:MILK"": 182, ""SELL:STRAWBERRY"": 121, ""SELL:WHEAT"": 411, ""SELL:WOOL"": 114}",9.379310344827585,29,1.2413793103448276,15,1,"{""base_harvest_jobs"": 98, ""base_urgent_assignments"": 0, ""base_water_jobs"": 0, ""calls"": 719, ""extra_drop_assignments"": 0, ""extra_harvest_assignments"": 0, ""extra_water_assignments"": 0, ""harvest_jobs_seen"": 1380, ""last_step"": 718, ""pass_after"": 1651, ""pass_before"": 1651, ""storage_jobs_seen"": 30, ""unassigned_urgent_jobs"": 636, ""unreachable_jobs"": 0, ""water_jobs_seen"": 0}",v011b_harvest_storage,starter
733,0,134494.0,3505.0,130989.0,win,DONE,DONE,1,719,0,0,0.659958,1.1833747000000001,1.41717568,1.680208,2.209258333001344,0,0,[],{},"{""BUILD_PASTURE"": 12, ""CARE"": 235, ""COLLECT_FERTILIZER"": 270, ""DIG"": 18, ""DROP"": 85, ""EAST"": 892, ""FEED"": 261, ""HARVEST"": 201, ""NORTH"": 1303, ""PASS"": 1692, ""PICKUP"": 66, ""PLACE"": 12, ""PLANT"": 101, ""SOUTH"": 958, ""WATER"": 744, ""WEST"": 1118}","{""HARVEST:HIGH_VALUE"": 67, ""HARVEST:MELON"": 20, ""HARVEST:STRAWBERRY"": 47, ""WATER:HIGH_VALUE"": 586, ""WATER:MELON"": 149, ""WATER:STRAWBERRY"": 437}","{""BUY_ANIMAL"": 6, ""BUY_LAND"": 2, ""BUY_PRODUCT"": 200, ""BUY_SEED"": 45, ""HIRE"": 320, ""SELL"": 180}","{""BUY_ANIMAL:COW"": 10, ""BUY_ANIMAL:SHEEP"": 2, ""BUY_PRODUCT:WHEAT"": 535, ""BUY_SEED:CARROT"": 12, ""BUY_SEED:MELON"": 20, ""BUY_SEED:STRAWBERRY"": 37, ""BUY_SEED:WHEAT"": 34, ""SELL:CARROT"": 30, ""SELL:FERTILIZER"": 270, ""SELL:MELON"": 109, ""SELL:MILK"": 244, ""SELL:STRAWBERRY"": 121, ""SELL:WHEAT"": 402, ""SELL:WOOL"": 68}",9.379310344827585,22,1.793103448275862,18,1,"{""base_harvest_jobs"": 170, ""base_urgent_assignments"": 0, ""base_water_jobs"": 0, ""calls"": 719, ""extra_drop_assignments"": 0, ""extra_harvest_assignments"": 0, ""extra_water_assignments"": 0, ""harvest_jobs_seen"": 1410, ""last_step"": 718, ""pass_after"": 1692, ""pass_before"": 1692, ""storage_jobs_seen"": 105, ""unassigned_urgent_jobs"": 719, ""unreachable_jobs"": 0, ""water_jobs_seen"": 0}",v011b_harvest_storage,starter
733,1,134328.0,3505.0,130823.0,win,DONE,DONE,1,719,0,0,0.650167,1.1896042000000002,1.4190475600000003,1.640375,2.2386763749964302,0,0,[],{},"{""BUILD_PASTURE"": 12, ""CARE"": 246, ""COLLECT_FERTILIZER"": 274, ""DIG"": 19, ""DROP"": 81, ""EAST"": 890, ""FEED"": 260, ""HARVEST"": 200, ""NORTH"": 1274, ""PASS"": 1718, ""PICKUP"": 66, ""PLACE"": 12, ""PLANT"": 99, ""SOUTH"": 920, ""WATER"": 744, ""WEST"": 1130}","{""HARVEST:HIGH_VALUE"": 67, ""HARVEST:MELON"": 20, ""HARVEST:STRAWBERRY"": 47, ""WATER:HIGH_VALUE"": 589, ""WATER:MELON"": 149, ""WATER:STRAWBERRY"": 440}","{""BUY_ANIMAL"": 6, ""BUY_LAND"": 2, ""BUY_PRODUCT"": 206, ""BUY_SEED"": 44, ""HIRE"": 319, ""SELL"": 176}","{""BUY_ANIMAL:COW"": 10, ""BUY_ANIMAL:SHEEP"": 2, ""BUY_PRODUCT:WHEAT"": 536, ""BUY_SEED:CARROT"": 12, ""BUY_SEED:MELON"": 20, ""BUY_SEED:STRAWBERRY"": 37, ""BUY_SEED:WHEAT"": 34, ""SELL:CARROT"": 27, ""SELL:FERTILIZER"": 274, ""SELL:MELON"": 109, ""SELL:MILK"": 245, ""SELL:STRAWBERRY"": 121, ""SELL:WHEAT"": 404, ""SELL:WOOL"": 68}",9.344827586206897,22,1.6551724137931034,16,1,"{""base_harvest_jobs"": 158, ""base_urgent_assignments"": 0, ""base_water_jobs"": 0, ""calls"": 719, ""extra_drop_assignments"": 0, ""extra_harvest_assignments"": 0, ""extra_water_assignments"": 0, ""harvest_jobs_seen"": 1366, ""last_step"": 718, ""pass_after"": 1718, ""pass_before"": 1718, ""storage_jobs_seen"": 106, ""unassigned_urgent_jobs"": 698, ""unreachable_jobs"": 0, ""water_jobs_seen"": 0}",v011b_harvest_storage,starter
17,0,131680.0,0.0,131680.0,win,DONE,DONE,1,719,0,0,0.66825,1.2165458,1.4477930600000015,41.053583,2.3408781250036554,0,0,[],{},"{""BUILD_PASTURE"": 12, ""CARE"": 251, ""COLLECT_FERTILIZER"": 268, ""DIG"": 19, ""DROP"": 89, ""EAST"": 940, ""FEED"": 255, ""HARVEST"": 204, ""NORTH"": 1362, ""PASS"": 1586, ""PICKUP"": 65, ""PLACE"": 12, ""PLANT"": 108, ""SOUTH"": 975, ""WATER"": 723, ""WEST"": 1136}","{""HARVEST:HIGH_VALUE"": 74, ""HARVEST:MELON"": 20, ""HARVEST:STRAWBERRY"": 54, ""WATER:HIGH_VALUE"": 561, ""WATER:MELON"": 149, ""WATER:STRAWBERRY"": 412}","{""BUY_ANIMAL"": 7, ""BUY_LAND"": 2, ""BUY_PRODUCT"": 210, ""BUY_SEED"": 58, ""HIRE"": 322, ""SELL"": 184}","{""BUY_ANIMAL:COW"": 7, ""BUY_ANIMAL:SHEEP"": 5, ""BUY_PRODUCT:WHEAT"": 540, ""BUY_SEED:CARROT"": 13, ""BUY_SEED:MELON"": 20, ""BUY_SEED:STRAWBERRY"": 37, ""BUY_SEED:WHEAT"": 39, ""SELL:CARROT"": 36, ""SELL:FERTILIZER"": 268, ""SELL:MELON"": 109, ""SELL:MILK"": 169, ""SELL:STRAWBERRY"": 128, ""SELL:WHEAT"": 397, ""SELL:WOOL"": 130}",10.344827586206897,29,0.6896551724137931,4,1,"{""base_harvest_jobs"": 290, ""base_urgent_assignments"": 0, ""base_water_jobs"": 0, ""calls"": 719, ""extra_drop_assignments"": 0, ""extra_harvest_assignments"": 0, ""extra_water_assignments"": 0, ""harvest_jobs_seen"": 1559, ""last_step"": 718, ""pass_after"": 1586, ""pass_before"": 1586, ""storage_jobs_seen"": 67, ""unassigned_urgent_jobs"": 826, ""unreachable_jobs"": 0, ""water_jobs_seen"": 0}",v011b_harvest_storage,random
17,1,135676.0,0.0,135676.0,win,DONE,DONE,1,719,0,0,0.669208,1.2002587000000002,1.4510538800000004,1.667584,2.3565085000009276,0,0,[],{},"{""BUILD_PASTURE"": 12, ""CARE"": 239, ""COLLECT_FERTILIZER"": 271, ""DIG"": 18, ""DROP"": 95, ""EAST"": 1011, ""FEED"": 264, ""HARVEST"": 205, ""NORTH"": 1339, ""PASS"": 1539, ""PICKUP"": 65, ""PLACE"": 12, ""PLANT"": 105, ""SOUTH"": 945, ""WATER"": 717, ""WEST"": 1192}","{""HARVEST:HIGH_VALUE"": 73, ""HARVEST:MELON"": 20, ""HARVEST:STRAWBERRY"": 53, ""WATER:HIGH_VALUE"": 563, ""WATER:MELON"": 149, ""WATER:STRAWBERRY"": 414}","{""BUY_ANIMAL"": 7, ""BUY_LAND"": 2, ""BUY_PRODUCT"": 206, ""BUY_SEED"": 55, ""HIRE"": 323, ""SELL"": 197}","{""BUY_ANIMAL:COW"": 7, ""BUY_ANIMAL:SHEEP"": 5, ""BUY_PRODUCT:WHEAT"": 541, ""BUY_SEED:CARROT"": 12, ""BUY_SEED:MELON"": 20, ""BUY_SEED:STRAWBERRY"": 37, ""BUY_SEED:WHEAT"": 37, ""SELL:CARROT"": 30, ""SELL:FERTILIZER"": 271, ""SELL:MELON"": 109, ""SELL:MILK"": 179, ""SELL:STRAWBERRY"": 127, ""SELL:WHEAT"": 393, ""SELL:WOOL"": 132}",9.96551724137931,27,0.9655172413793104,4,1,"{""base_harvest_jobs"": 312, ""base_urgent_assignments"": 0, ""base_water_jobs"": 0, ""calls"": 719, ""extra_drop_assignments"": 0, ""extra_harvest_assignments"": 0, ""extra_water_assignments"": 0, ""harvest_jobs_seen"": 1493, ""last_step"": 718, ""pass_after"": 1539, ""pass_before"": 1539, ""storage_jobs_seen"": 23, ""unassigned_urgent_jobs"": 757, ""unreachable_jobs"": 33, ""water_jobs_seen"": 0}",v011b_harvest_storage,random
42,0,144197.0,0.0,144197.0,win,DONE,DONE,1,719,0,0,0.668,1.2193497,1.3844813200000001,1.778667,2.281936583996867,0,0,[],{},"{""BUILD_PASTURE"": 12, ""CARE"": 242, ""COLLECT_FERTILIZER"": 274, ""DIG"": 21, ""DROP"": 91, ""EAST"": 930, ""FEED"": 261, ""HARVEST"": 201, ""NORTH"": 1312, ""PASS"": 1658, ""PICKUP"": 66, ""PLACE"": 12, ""PLANT"": 101, ""SOUTH"": 970, ""WATER"": 723, ""WEST"": 1115}","{""HARVEST:HIGH_VALUE"": 66, ""HARVEST:MELON"": 20, ""HARVEST:STRAWBERRY"": 46, ""WATER:HIGH_VALUE"": 576, ""WATER:MELON"": 149, ""WATER:STRAWBERRY"": 427}","{""BUY_ANIMAL"": 6, ""BUY_LAND"": 2, ""BUY_PRODUCT"": 204, ""BUY_SEED"": 48, ""HIRE"": 321, ""SELL"": 182}","{""BUY_ANIMAL:COW"": 10, ""BUY_ANIMAL:SHEEP"": 2, ""BUY_PRODUCT:WHEAT"": 532, ""BUY_SEED:CARROT"": 11, ""BUY_SEED:MELON"": 20, ""BUY_SEED:STRAWBERRY"": 37, ""BUY_SEED:WHEAT"": 37, ""SELL:CARROT"": 27, ""SELL:FERTILIZER"": 274, ""SELL:MELON"": 109, ""SELL:MILK"": 246, ""SELL:STRAWBERRY"": 120, ""SELL:WHEAT"": 391, ""SELL:WOOL"": 65}",10.10344827586207,25,2.0689655172413794,14,1,"{""base_harvest_jobs"": 166, ""base_urgent_assignments"": 0, ""base_water_jobs"": 0, ""calls"": 719, ""extra_drop_assignments"": 0, ""extra_harvest_assignments"": 0, ""extra_water_assignments"": 0, ""harvest_jobs_seen"": 1291, ""last_step"": 718, ""pass_after"": 1658, ""pass_before"": 1658, ""storage_jobs_seen"": 82, ""unassigned_urgent_jobs"": 652, ""unreachable_jobs"": 6, ""water_jobs_seen"": 0}",v011b_harvest_storage,random
42,1,140055.0,0.0,140055.0,win,DONE,DONE,1,719,0,0,0.671667,1.2185207999999998,1.40500194,1.634,2.3253329579965794,0,0,[],{},"{""BUILD_PASTURE"": 12, ""CARE"": 238, ""COLLECT_FERTILIZER"": 270, ""DIG"": 21, ""DROP"": 80, ""EAST"": 908, ""FEED"": 263, ""HARVEST"": 211, ""NORTH"": 1367, ""PASS"": 1587, ""PICKUP"": 68, ""PLACE"": 12, ""PLANT"": 106, ""SOUTH"": 998, ""WATER"": 750, ""WEST"": 1094}","{""HARVEST:HIGH_VALUE"": 71, ""HARVEST:MELON"": 20, ""HARVEST:STRAWBERRY"": 51, ""WATER:HIGH_VALUE"": 585, ""WATER:MELON"": 149, ""WATER:STRAWBERRY"": 436}","{""BUY_ANIMAL"": 7, ""BUY_LAND"": 2, ""BUY_PRODUCT"": 200, ""BUY_SEED"": 51, ""HIRE"": 321, ""SELL"": 190}","{""BUY_ANIMAL:COW"": 9, ""BUY_ANIMAL:SHEEP"": 3, ""BUY_PRODUCT:WHEAT"": 537, ""BUY_SEED:CARROT"": 11, ""BUY_SEED:MELON"": 20, ""BUY_SEED:STRAWBERRY"": 37, ""BUY_SEED:WHEAT"": 38, ""SELL:CARROT"": 33, ""SELL:FERTILIZER"": 270, ""SELL:MELON"": 109, ""SELL:MILK"": 231, ""SELL:STRAWBERRY"": 125, ""SELL:WHEAT"": 406, ""SELL:WOOL"": 78}",9.620689655172415,22,1.103448275862069,9,1,"{""base_harvest_jobs"": 224, ""base_urgent_assignments"": 0, ""base_water_jobs"": 0, ""calls"": 719, ""extra_drop_assignments"": 0, ""extra_harvest_assignments"": 0, ""extra_water_assignments"": 0, ""harvest_jobs_seen"": 1448, ""last_step"": 718, ""pass_after"": 1587, ""pass_before"": 1587, ""storage_jobs_seen"": 62, ""unassigned_urgent_jobs"": 718, ""unreachable_jobs"": 0, ""water_jobs_seen"": 0}",v011b_harvest_storage,random
2026,0,125680.0,0.0,125680.0,win,DONE,DONE,1,719,0,0,0.687125,1.1896333000000001,1.4560311200000016,44.797958,2.3954452909965767,0,0,[],{},"{""BUILD_PASTURE"": 12, ""CARE"": 226, ""COLLECT_FERTILIZER"": 271, ""DIG"": 17, ""DROP"": 73, ""EAST"": 940, ""FEED"": 265, ""HARVEST"": 201, ""NORTH"": 1337, ""PASS"": 1558, ""PICKUP"": 67, ""PLACE"": 12, ""PLANT"": 108, ""SOUTH"": 1042, ""WATER"": 776, ""WEST"": 1118}","{""HARVEST:HIGH_VALUE"": 74, ""HARVEST:MELON"": 20, ""HARVEST:STRAWBERRY"": 54, ""WATER:HIGH_VALUE"": 604, ""WATER:MELON"": 149, ""WATER:STRAWBERRY"": 455}","{""BUY_ANIMAL"": 7, ""BUY_LAND"": 2, ""BUY_PRODUCT"": 207, ""BUY_SEED"": 59, ""HIRE"": 323, ""SELL"": 182}","{""BUY_ANIMAL:COW"": 7, ""BUY_ANIMAL:SHEEP"": 5, ""BUY_PRODUCT:WHEAT"": 544, ""BUY_SEED:CARROT"": 13, ""BUY_SEED:MELON"": 20, ""BUY_SEED:STRAWBERRY"": 37, ""BUY_SEED:WHEAT"": 40, ""SELL:CARROT"": 33, ""SELL:FERTILIZER"": 271, ""SELL:MELON"": 109, ""SELL:MILK"": 175, ""SELL:STRAWBERRY"": 128, ""SELL:WHEAT"": 408, ""SELL:WOOL"": 120}",8.793103448275861,25,1.206896551724138,13,1,"{""base_harvest_jobs"": 119, ""base_urgent_assignments"": 0, ""base_water_jobs"": 0, ""calls"": 719, ""extra_drop_assignments"": 0, ""extra_harvest_assignments"": 0, ""extra_water_assignments"": 0, ""harvest_jobs_seen"": 1452, ""last_step"": 718, ""pass_after"": 1558, ""pass_before"": 1558, ""storage_jobs_seen"": 43, ""unassigned_urgent_jobs"": 699, ""unreachable_jobs"": 0, ""water_jobs_seen"": 0}",v011b_harvest_storage,random
2026,1,136605.0,0.0,136605.0,win,DONE,DONE,1,719,0,0,0.658417,1.1955958,1.4245236800000005,1.652,2.3115724999952363,0,0,[],{},"{""BUILD_PASTURE"": 12, ""CARE"": 251, ""COLLECT_FERTILIZER"": 268, ""DIG"": 17, ""DROP"": 82, ""EAST"": 954, ""FEED"": 263, ""HARVEST"": 202, ""NORTH"": 1288, ""PASS"": 1586, ""PICKUP"": 65, ""PLACE"": 12, ""PLANT"": 103, ""SOUTH"": 968, ""WATER"": 729, ""WEST"": 1139}","{""HARVEST:HIGH_VALUE"": 74, ""HARVEST:MELON"": 20, ""HARVEST:STRAWBERRY"": 54, ""WATER:HIGH_VALUE"": 576, ""WATER:MELON"": 149, ""WATER:STRAWBERRY"": 427}","{""BUY_ANIMAL"": 7, ""BUY_LAND"": 2, ""BUY_PRODUCT"": 212, ""BUY_SEED"": 55, ""HIRE"": 319, ""SELL"": 187}","{""BUY_ANIMAL:COW"": 7, ""BUY_ANIMAL:SHEEP"": 5, ""BUY_PRODUCT:WHEAT"": 539, ""BUY_SEED:CARROT"": 12, ""BUY_SEED:MELON"": 20, ""BUY_SEED:STRAWBERRY"": 37, ""BUY_SEED:WHEAT"": 39, ""SELL:CARROT"": 24, ""SELL:FERTILIZER"": 268, ""SELL:MELON"": 109, ""SELL:MILK"": 182, ""SELL:STRAWBERRY"": 128, ""SELL:WHEAT"": 388, ""SELL:WOOL"": 134}",9.551724137931034,29,1.2758620689655173,8,1,"{""base_harvest_jobs"": 133, ""base_urgent_assignments"": 0, ""base_water_jobs"": 0, ""calls"": 719, ""extra_drop_assignments"": 0, ""extra_harvest_assignments"": 0, ""extra_water_assignments"": 0, ""harvest_jobs_seen"": 1400, ""last_step"": 718, ""pass_after"": 1586, ""pass_before"": 1586, ""storage_jobs_seen"": 74, ""unassigned_urgent_jobs"": 738, ""unreachable_jobs"": 2, ""water_jobs_seen"": 0}",v011b_harvest_storage,random
217,0,130459.0,0.0,130459.0,win,DONE,DONE,1,719,0,0,0.681792,1.2098369000000002,1.424031940000001,39.126625,2.3416101670009084,0,0,[],{},"{""BUILD_PASTURE"": 12, ""CARE"": 228, ""COLLECT_FERTILIZER"": 269, ""DIG"": 16, ""DROP"": 90, ""EAST"": 936, ""FEED"": 256, ""HARVEST"": 206, ""NORTH"": 1343, ""PASS"": 1629, ""PICKUP"": 67, ""PLACE"": 12, ""PLANT"": 106, ""SOUTH"": 972, ""WATER"": 731, ""WEST"": 1136}","{""HARVEST:HIGH_VALUE"": 72, ""HARVEST:MELON"": 20, ""HARVEST:STRAWBERRY"": 52, ""WATER:HIGH_VALUE"": 565, ""WATER:MELON"": 149, ""WATER:STRAWBERRY"": 416}","{""BUY_ANIMAL"": 7, ""BUY_LAND"": 2, ""BUY_PRODUCT"": 207, ""BUY_SEED"": 50, ""HIRE"": 322, ""SELL"": 191}","{""BUY_ANIMAL:COW"": 9, ""BUY_ANIMAL:SHEEP"": 3, ""BUY_PRODUCT:WHEAT"": 511, ""BUY_SEED:CARROT"": 12, ""BUY_SEED:MELON"": 20, ""BUY_SEED:STRAWBERRY"": 37, ""BUY_SEED:WHEAT"": 37, ""SELL:CARROT"": 36, ""SELL:FERTILIZER"": 269, ""SELL:MELON"": 109, ""SELL:MILK"": 218, ""SELL:STRAWBERRY"": 126, ""SELL:WHEAT"": 385, ""SELL:WOOL"": 84}",10,23,1.7586206896551724,15,1,"{""base_harvest_jobs"": 213, ""base_urgent_assignments"": 0, ""base_water_jobs"": 0, ""calls"": 719, ""extra_drop_assignments"": 0, ""extra_harvest_assignments"": 0, ""extra_water_assignments"": 0, ""harvest_jobs_seen"": 1559, ""last_step"": 718, ""pass_after"": 1629, ""pass_before"": 1629, ""storage_jobs_seen"": 42, ""unassigned_urgent_jobs"": 750, ""unreachable_jobs"": 0, ""water_jobs_seen"": 0}",v011b_harvest_storage,random
217,1,124309.0,0.0,124309.0,win,DONE,DONE,1,719,0,0,0.68775,1.2291211000000002,1.4532644400000008,4.591375,2.3878490409988444,0,0,[],{},"{""BUILD_PASTURE"": 12, ""CARE"": 234, ""COLLECT_FERTILIZER"": 272, ""DIG"": 21, ""DROP"": 86, ""EAST"": 922, ""FEED"": 258, ""HARVEST"": 208, ""NORTH"": 1337, ""PASS"": 1643, ""PICKUP"": 66, ""PLACE"": 12, ""PLANT"": 103, ""SOUTH"": 979, ""WATER"": 712, ""WEST"": 1142}","{""HARVEST:HIGH_VALUE"": 74, ""HARVEST:MELON"": 20, ""HARVEST:STRAWBERRY"": 54, ""WATER:HIGH_VALUE"": 558, ""WATER:MELON"": 149, ""WATER:STRAWBERRY"": 409}","{""BUY_ANIMAL"": 7, ""BUY_LAND"": 2, ""BUY_PRODUCT"": 188, ""BUY_SEED"": 46, ""HIRE"": 322, ""SELL"": 190}","{""BUY_ANIMAL:COW"": 9, ""BUY_ANIMAL:SHEEP"": 3, ""BUY_PRODUCT:WHEAT"": 530, ""BUY_SEED:CARROT"": 10, ""BUY_SEED:MELON"": 20, ""BUY_SEED:STRAWBERRY"": 37, ""BUY_SEED:WHEAT"": 36, ""SELL:CARROT"": 30, ""SELL:FERTILIZER"": 272, ""SELL:MELON"": 109, ""SELL:MILK"": 219, ""SELL:STRAWBERRY"": 128, ""SELL:WHEAT"": 396, ""SELL:WOOL"": 80}",10.448275862068966,24,0.7586206896551724,10,1,"{""base_harvest_jobs"": 370, ""base_urgent_assignments"": 0, ""base_water_jobs"": 0, ""calls"": 719, ""extra_drop_assignments"": 0, ""extra_harvest_assignments"": 0, ""extra_water_assignments"": 0, ""harvest_jobs_seen"": 1682, ""last_step"": 718, ""pass_after"": 1643, ""pass_before"": 1643, ""storage_jobs_seen"": 64, ""unassigned_urgent_jobs"": 826, ""unreachable_jobs"": 0, ""water_jobs_seen"": 0}",v011b_harvest_storage,random
317,0,136597.0,0.0,136597.0,win,DONE,DONE,1,719,0,0,0.66675,1.1924544,1.4123480600000007,29.848,2.3828731249959674,0,0,[],{},"{""BUILD_PASTURE"": 12, ""CARE"": 246, ""COLLECT_FERTILIZER"": 275, ""DIG"": 15, ""DROP"": 92, ""EAST"": 933, ""FEED"": 259, ""HARVEST"": 210, ""NORTH"": 1331, ""PASS"": 1582, ""PICKUP"": 67, ""PLACE"": 12, ""PLANT"": 107, ""SOUTH"": 1030, ""WATER"": 756, ""WEST"": 1106}","{""HARVEST:HIGH_VALUE"": 76, ""HARVEST:MELON"": 20, ""HARVEST:STRAWBERRY"": 56, ""WATER:HIGH_VALUE"": 589, ""WATER:MELON"": 149, ""WATER:STRAWBERRY"": 440}","{""BUY_ANIMAL"": 6, ""BUY_LAND"": 2, ""BUY_PRODUCT"": 200, ""BUY_SEED"": 57, ""HIRE"": 323, ""SELL"": 200}","{""BUY_ANIMAL:COW"": 6, ""BUY_ANIMAL:SHEEP"": 6, ""BUY_PRODUCT:WHEAT"": 535, ""BUY_SEED:CARROT"": 13, ""BUY_SEED:MELON"": 20, ""BUY_SEED:STRAWBERRY"": 37, ""BUY_SEED:WHEAT"": 42, ""SELL:CARROT"": 33, ""SELL:FERTILIZER"": 275, ""SELL:MELON"": 109, ""SELL:MILK"": 159, ""SELL:STRAWBERRY"": 130, ""SELL:WHEAT"": 410, ""SELL:WOOL"": 144}",9.275862068965518,26,1.0689655172413792,11,1,"{""base_harvest_jobs"": 181, ""base_urgent_assignments"": 0, ""base_water_jobs"": 0, ""calls"": 719, ""extra_drop_assignments"": 0, ""extra_harvest_assignments"": 0, ""extra_water_assignments"": 0, ""harvest_jobs_seen"": 1344, ""last_step"": 718, ""pass_after"": 1582, ""pass_before"": 1582, ""storage_jobs_seen"": 9, ""unassigned_urgent_jobs"": 618, ""unreachable_jobs"": 0, ""water_jobs_seen"": 0}",v011b_harvest_storage,random
317,1,126999.0,0.0,126999.0,win,DONE,DONE,1,719,0,0,0.669333,1.1946089000000002,1.3908051200000031,1.696083,2.307763791999605,0,0,[],{},"{""BUILD_PASTURE"": 12, ""CARE"": 240, ""COLLECT_FERTILIZER"": 274, ""DIG"": 16, ""DROP"": 76, ""EAST"": 912, ""FEED"": 260, ""HARVEST"": 204, ""NORTH"": 1363, ""PASS"": 1569, ""PICKUP"": 67, ""PLACE"": 12, ""PLANT"": 105, ""SOUTH"": 1007, ""WATER"": 750, ""WEST"": 1111}","{""HARVEST:HIGH_VALUE"": 74, ""HARVEST:MELON"": 20, ""HARVEST:STRAWBERRY"": 54, ""WATER:HIGH_VALUE"": 583, ""WATER:MELON"": 149, ""WATER:STRAWBERRY"": 434}","{""BUY_ANIMAL"": 7, ""BUY_LAND"": 2, ""BUY_PRODUCT"": 214, ""BUY_SEED"": 59, ""HIRE"": 321, ""SELL"": 187}","{""BUY_ANIMAL:COW"": 5, ""BUY_ANIMAL:SHEEP"": 7, ""BUY_PRODUCT:WHEAT"": 531, ""BUY_SEED:CARROT"": 14, ""BUY_SEED:MELON"": 20, ""BUY_SEED:STRAWBERRY"": 37, ""BUY_SEED:WHEAT"": 40, ""SELL:CARROT"": 33, ""SELL:FERTILIZER"": 274, ""SELL:MELON"": 109, ""SELL:MILK"": 145, ""SELL:STRAWBERRY"": 128, ""SELL:WHEAT"": 405, ""SELL:WOOL"": 152}",9.551724137931034,28,1.1724137931034482,10,1,"{""base_harvest_jobs"": 183, ""base_urgent_assignments"": 0, ""base_water_jobs"": 0, ""calls"": 719, ""extra_drop_assignments"": 0, ""extra_harvest_assignments"": 0, ""extra_water_assignments"": 0, ""harvest_jobs_seen"": 1445, ""last_step"": 718, ""pass_after"": 1569, ""pass_before"": 1569, ""storage_jobs_seen"": 61, ""unassigned_urgent_jobs"": 716, ""unreachable_jobs"": 0, ""water_jobs_seen"": 0}",v011b_harvest_storage,random
733,0,138866.0,0.0,138866.0,win,DONE,DONE,1,719,0,0,0.65525,1.2317089,1.4345200600000014,39.308583,2.3429606249992503,0,0,[],{},"{""BUILD_PASTURE"": 12, ""CARE"": 242, ""COLLECT_FERTILIZER"": 273, ""DIG"": 16, ""DROP"": 79, ""EAST"": 884, ""FEED"": 257, ""HARVEST"": 199, ""NORTH"": 1299, ""PASS"": 1705, ""PICKUP"": 68, ""PLACE"": 12, ""PLANT"": 102, ""SOUTH"": 965, ""WATER"": 733, ""WEST"": 1096}","{""HARVEST:HIGH_VALUE"": 68, ""HARVEST:MELON"": 20, ""HARVEST:STRAWBERRY"": 48, ""WATER:HIGH_VALUE"": 578, ""WATER:MELON"": 149, ""WATER:STRAWBERRY"": 429}","{""BUY_ANIMAL"": 6, ""BUY_LAND"": 2, ""BUY_PRODUCT"": 207, ""BUY_SEED"": 49, ""HIRE"": 319, ""SELL"": 182}","{""BUY_ANIMAL:COW"": 8, ""BUY_ANIMAL:SHEEP"": 4, ""BUY_PRODUCT:WHEAT"": 527, ""BUY_SEED:CARROT"": 13, ""BUY_SEED:MELON"": 20, ""BUY_SEED:STRAWBERRY"": 37, ""BUY_SEED:WHEAT"": 33, ""SELL:CARROT"": 36, ""SELL:FERTILIZER"": 273, ""SELL:MELON"": 109, ""SELL:MILK"": 209, ""SELL:STRAWBERRY"": 122, ""SELL:WHEAT"": 389, ""SELL:WOOL"": 95}",9.827586206896552,22,1.896551724137931,17,1,"{""base_harvest_jobs"": 139, ""base_urgent_assignments"": 0, ""base_water_jobs"": 0, ""calls"": 719, ""extra_drop_assignments"": 0, ""extra_harvest_assignments"": 0, ""extra_water_assignments"": 0, ""harvest_jobs_seen"": 1311, ""last_step"": 718, ""pass_after"": 1705, ""pass_before"": 1705, ""storage_jobs_seen"": 127, ""unassigned_urgent_jobs"": 696, ""unreachable_jobs"": 0, ""water_jobs_seen"": 0}",v011b_harvest_storage,random
733,1,138146.0,0.0,138146.0,win,DONE,DONE,1,719,0,0,0.676083,1.2207086000000003,1.4111413800000001,1.754708,2.333243000000948,0,0,[],{},"{""BUILD_PASTURE"": 12, ""CARE"": 232, ""COLLECT_FERTILIZER"": 273, ""DIG"": 18, ""DROP"": 88, ""EAST"": 928, ""FEED"": 259, ""HARVEST"": 205, ""NORTH"": 1343, ""PASS"": 1664, ""PICKUP"": 69, ""PLACE"": 12, ""PLANT"": 105, ""SOUTH"": 961, ""WATER"": 728, ""WEST"": 1094}","{""HARVEST:HIGH_VALUE"": 71, ""HARVEST:MELON"": 20, ""HARVEST:STRAWBERRY"": 51, ""WATER:HIGH_VALUE"": 568, ""WATER:MELON"": 148, ""WATER:STRAWBERRY"": 420}","{""BUY_ANIMAL"": 7, ""BUY_LAND"": 2, ""BUY_PRODUCT"": 202, ""BUY_SEED"": 49, ""HIRE"": 321, ""SELL"": 180}","{""BUY_ANIMAL:COW"": 9, ""BUY_ANIMAL:SHEEP"": 3, ""BUY_PRODUCT:WHEAT"": 536, ""BUY_SEED:CARROT"": 12, ""BUY_SEED:MELON"": 20, ""BUY_SEED:STRAWBERRY"": 37, ""BUY_SEED:WHEAT"": 37, ""SELL:CARROT"": 30, ""SELL:FERTILIZER"": 273, ""SELL:MELON"": 108, ""SELL:MILK"": 228, ""SELL:STRAWBERRY"": 125, ""SELL:WHEAT"": 404, ""SELL:WOOL"": 70}",10.344827586206897,23,1.6551724137931034,14,1,"{""base_harvest_jobs"": 204, ""base_urgent_assignments"": 0, ""base_water_jobs"": 0, ""calls"": 719, ""extra_drop_assignments"": 0, ""extra_harvest_assignments"": 0, ""extra_water_assignments"": 0, ""harvest_jobs_seen"": 1457, ""last_step"": 718, ""pass_after"": 1664, ""pass_before"": 1664, ""storage_jobs_seen"": 78, ""unassigned_urgent_jobs"": 733, ""unreachable_jobs"": 0, ""water_jobs_seen"": 0}",v011b_harvest_storage,random
17,0,103497.0,147269.0,-43772.0,loss,DONE,DONE,1,719,0,0,0.673834,1.1725997,1.3627950000000002,1.783083,3.186751875000482,0,0,[],{},"{""BUILD_PASTURE"": 12, ""CARE"": 231, ""COLLECT_FERTILIZER"": 270, ""DIG"": 15, ""DROP"": 77, ""EAST"": 916, ""FEED"": 252, ""HARVEST"": 205, ""NORTH"": 1313, ""PASS"": 1679, ""PICKUP"": 69, ""PLACE"": 12, ""PLANT"": 107, ""SOUTH"": 951, ""WATER"": 743, ""WEST"": 1146}","{""HARVEST:HIGH_VALUE"": 73, ""HARVEST:MELON"": 20, ""HARVEST:STRAWBERRY"": 53, ""WATER:HIGH_VALUE"": 575, ""WATER:MELON"": 149, ""WATER:STRAWBERRY"": 426}","{""BUY_ANIMAL"": 7, ""BUY_LAND"": 2, ""BUY_PRODUCT"": 196, ""BUY_SEED"": 47, ""HIRE"": 322, ""SELL"": 183}","{""BUY_ANIMAL:COW"": 9, ""BUY_ANIMAL:SHEEP"": 3, ""BUY_PRODUCT:WHEAT"": 526, ""BUY_SEED:CARROT"": 14, ""BUY_SEED:MELON"": 20, ""BUY_SEED:STRAWBERRY"": 37, ""BUY_SEED:WHEAT"": 37, ""SELL:CARROT"": 39, ""SELL:FERTILIZER"": 270, ""SELL:MELON"": 109, ""SELL:MILK"": 215, ""SELL:STRAWBERRY"": 124, ""SELL:WHEAT"": 403, ""SELL:WOOL"": 80}",10.206896551724139,30,1.6206896551724137,15,1,"{""base_harvest_jobs"": 113, ""base_urgent_assignments"": 0, ""base_water_jobs"": 0, ""calls"": 719, ""extra_drop_assignments"": 0, ""extra_harvest_assignments"": 0, ""extra_water_assignments"": 0, ""harvest_jobs_seen"": 1500, ""last_step"": 718, ""pass_after"": 1679, ""pass_before"": 1679, ""storage_jobs_seen"": 43, ""unassigned_urgent_jobs"": 721, ""unreachable_jobs"": 0, ""water_jobs_seen"": 0}",v011b_harvest_storage,hamburger
17,1,89848.0,134416.0,-44568.0,loss,DONE,DONE,1,719,0,0,0.656709,1.1773956,1.397889320000001,36.92325,3.153310916997725,0,0,[],{},"{""BUILD_PASTURE"": 12, ""CARE"": 215, ""COLLECT_FERTILIZER"": 272, ""DIG"": 17, ""DROP"": 78, ""EAST"": 901, ""FEED"": 259, ""HARVEST"": 183, ""NORTH"": 1318, ""PASS"": 1715, ""PICKUP"": 71, ""PLACE"": 12, ""PLANT"": 97, ""SOUTH"": 938, ""WATER"": 748, ""WEST"": 1056}","{""HARVEST:HIGH_VALUE"": 71, ""HARVEST:MELON"": 20, ""HARVEST:STRAWBERRY"": 51, ""WATER:HIGH_VALUE"": 606, ""WATER:MELON"": 149, ""WATER:STRAWBERRY"": 457}","{""BUY_ANIMAL"": 6, ""BUY_LAND"": 2, ""BUY_PRODUCT"": 192, ""BUY_SEED"": 54, ""HIRE"": 317, ""SELL"": 187}","{""BUY_ANIMAL:COW"": 8, ""BUY_ANIMAL:SHEEP"": 4, ""BUY_PRODUCT:WHEAT"": 522, ""BUY_SEED:CARROT"": 13, ""BUY_SEED:MELON"": 20, ""BUY_SEED:STRAWBERRY"": 37, ""BUY_SEED:WHEAT"": 37, ""SELL:CARROT"": 27, ""SELL:FERTILIZER"": 272, ""SELL:MELON"": 109, ""SELL:MILK"": 178, ""SELL:STRAWBERRY"": 125, ""SELL:WHEAT"": 378, ""SELL:WOOL"": 100}",8.620689655172415,25,2.6206896551724137,20,1,"{""base_harvest_jobs"": 115, ""base_urgent_assignments"": 0, ""base_water_jobs"": 0, ""calls"": 719, ""extra_drop_assignments"": 0, ""extra_harvest_assignments"": 0, ""extra_water_assignments"": 0, ""harvest_jobs_seen"": 1189, ""last_step"": 718, ""pass_after"": 1715, ""pass_before"": 1715, ""storage_jobs_seen"": 59, ""unassigned_urgent_jobs"": 566, ""unreachable_jobs"": 6, ""water_jobs_seen"": 0}",v011b_harvest_storage,hamburger
42,0,93020.0,143660.0,-50640.0,loss,DONE,DONE,1,719,0,0,0.641333,1.1740753000000002,1.3735168800000004,1.583625,3.2221849170018686,0,0,[],{},"{""BUILD_PASTURE"": 12, ""CARE"": 231, ""COLLECT_FERTILIZER"": 268, ""DIG"": 27, ""DROP"": 74, ""EAST"": 842, ""FEED"": 254, ""HARVEST"": 186, ""NORTH"": 1332, ""PASS"": 1661, ""PICKUP"": 71, ""PLACE"": 12, ""PLANT"": 104, ""SOUTH"": 965, ""WATER"": 725, ""WEST"": 1058}","{""HARVEST:HIGH_VALUE"": 67, ""HARVEST:MELON"": 20, ""HARVEST:STRAWBERRY"": 47, ""WATER:HIGH_VALUE"": 568, ""WATER:MELON"": 150, ""WATER:STRAWBERRY"": 418}","{""BUY_ANIMAL"": 6, ""BUY_LAND"": 2, ""BUY_PRODUCT"": 193, ""BUY_SEED"": 56, ""HIRE"": 314, ""SELL"": 170}","{""BUY_ANIMAL:COW"": 4, ""BUY_ANIMAL:SHEEP"": 8, ""BUY_PRODUCT:WHEAT"": 517, ""BUY_SEED:CARROT"": 16, ""BUY_SEED:MELON"": 20, ""BUY_SEED:STRAWBERRY"": 37, ""BUY_SEED:WHEAT"": 36, ""SELL:CARROT"": 33, ""SELL:FERTILIZER"": 268, ""SELL:MELON"": 110, ""SELL:MILK"": 111, ""SELL:STRAWBERRY"": 119, ""SELL:WHEAT"": 384, ""SELL:WOOL"": 164}",10,26,1.206896551724138,10,1,"{""base_harvest_jobs"": 120, ""base_urgent_assignments"": 0, ""base_water_jobs"": 0, ""calls"": 719, ""extra_drop_assignments"": 0, ""extra_harvest_assignments"": 0, ""extra_water_assignments"": 0, ""harvest_jobs_seen"": 1335, ""last_step"": 718, ""pass_after"": 1661, ""pass_before"": 1661, ""storage_jobs_seen"": 30, ""unassigned_urgent_jobs"": 618, ""unreachable_jobs"": 0, ""water_jobs_seen"": 0}",v011b_harvest_storage,hamburger
42,1,93381.0,134902.0,-41521.0,loss,DONE,DONE,1,719,0,0,0.668083,1.1991247,1.3814880600000004,1.65425,3.148843124996347,0,0,[],{},"{""BUILD_PASTURE"": 12, ""CARE"": 246, ""COLLECT_FERTILIZER"": 272, ""DIG"": 21, ""DROP"": 81, ""EAST"": 862, ""FEED"": 257, ""HARVEST"": 189, ""NORTH"": 1310, ""PASS"": 1556, ""PICKUP"": 71, ""PLACE"": 12, ""PLANT"": 100, ""SOUTH"": 1025, ""WATER"": 710, ""WEST"": 1103}","{""HARVEST:HIGH_VALUE"": 67, ""HARVEST:MELON"": 20, ""HARVEST:STRAWBERRY"": 47, ""WATER:HIGH_VALUE"": 562, ""WATER:MELON"": 149, ""WATER:STRAWBERRY"": 413}","{""BUY_ANIMAL"": 6, ""BUY_LAND"": 2, ""BUY_PRODUCT"": 193, ""BUY_SEED"": 55, ""HIRE"": 314, ""SELL"": 183}","{""BUY_ANIMAL:COW"": 4, ""BUY_ANIMAL:SHEEP"": 8, ""BUY_PRODUCT:WHEAT"": 519, ""BUY_SEED:CARROT"": 12, ""BUY_SEED:MELON"": 20, ""BUY_SEED:STRAWBERRY"": 37, ""BUY_SEED:WHEAT"": 39, ""SELL:CARROT"": 27, ""SELL:FERTILIZER"": 272, ""SELL:MELON"": 109, ""SELL:MILK"": 119, ""SELL:STRAWBERRY"": 119, ""SELL:WHEAT"": 383, ""SELL:WOOL"": 178}",10.413793103448276,25,1.9310344827586208,13,1,"{""base_harvest_jobs"": 64, ""base_urgent_assignments"": 0, ""base_water_jobs"": 0, ""calls"": 719, ""extra_drop_assignments"": 0, ""extra_harvest_assignments"": 0, ""extra_water_assignments"": 0, ""harvest_jobs_seen"": 1198, ""last_step"": 718, ""pass_after"": 1556, ""pass_before"": 1556, ""storage_jobs_seen"": 21, ""unassigned_urgent_jobs"": 549, ""unreachable_jobs"": 0, ""water_jobs_seen"": 0}",v011b_harvest_storage,hamburger
2026,0,105414.0,157489.0,-52075.0,loss,DONE,DONE,1,719,0,0,0.68175,1.1908292,1.4010069400000007,1.811542,3.220827500001178,0,0,[],{},"{""BUILD_PASTURE"": 12, ""CARE"": 240, ""COLLECT_FERTILIZER"": 265, ""DIG"": 16, ""DROP"": 78, ""EAST"": 866, ""FEED"": 247, ""HARVEST"": 199, ""NORTH"": 1319, ""PASS"": 1719, ""PICKUP"": 67, ""PLACE"": 12, ""PLANT"": 113, ""SOUTH"": 995, ""WATER"": 749, ""WEST"": 1105}","{""HARVEST:HIGH_VALUE"": 74, ""HARVEST:MELON"": 20, ""HARVEST:STRAWBERRY"": 54, ""WATER:HIGH_VALUE"": 560, ""WATER:MELON"": 149, ""WATER:STRAWBERRY"": 411}","{""BUY_ANIMAL"": 7, ""BUY_LAND"": 2, ""BUY_PRODUCT"": 193, ""BUY_SEED"": 52, ""HIRE"": 322, ""SELL"": 178}","{""BUY_ANIMAL:COW"": 2, ""BUY_ANIMAL:SHEEP"": 10, ""BUY_PRODUCT:WHEAT"": 513, ""BUY_SEED:CARROT"": 15, ""BUY_SEED:MELON"": 20, ""BUY_SEED:STRAWBERRY"": 37, ""BUY_SEED:WHEAT"": 41, ""SELL:CARROT"": 42, ""SELL:FERTILIZER"": 265, ""SELL:MELON"": 109, ""SELL:MILK"": 67, ""SELL:STRAWBERRY"": 128, ""SELL:WHEAT"": 404, ""SELL:WOOL"": 212}",10.551724137931034,32,1.7241379310344827,18,1,"{""base_harvest_jobs"": 273, ""base_urgent_assignments"": 0, ""base_water_jobs"": 0, ""calls"": 719, ""extra_drop_assignments"": 0, ""extra_harvest_assignments"": 0, ""extra_water_assignments"": 0, ""harvest_jobs_seen"": 1541, ""last_step"": 718, ""pass_after"": 1719, ""pass_before"": 1719, ""storage_jobs_seen"": 33, ""unassigned_urgent_jobs"": 721, ""unreachable_jobs"": 6, ""water_jobs_seen"": 0}",v011b_harvest_storage,hamburger
2026,1,97253.0,146576.0,-49323.0,loss,DONE,DONE,1,719,0,0,0.697791,1.1933631,1.3925313200000011,36.283375,3.2228106250040582,0,0,[],{},"{""BUILD_PASTURE"": 12, ""CARE"": 237, ""COLLECT_FERTILIZER"": 263, ""DIG"": 19, ""DROP"": 76, ""EAST"": 881, ""FEED"": 246, ""HARVEST"": 198, ""NORTH"": 1349, ""PASS"": 1627, ""PICKUP"": 66, ""PLACE"": 12, ""PLANT"": 111, ""SOUTH"": 995, ""WATER"": 742, ""WEST"": 1125}","{""HARVEST:HIGH_VALUE"": 74, ""HARVEST:MELON"": 20, ""HARVEST:STRAWBERRY"": 54, ""WATER:HIGH_VALUE"": 559, ""WATER:MELON"": 149, ""WATER:STRAWBERRY"": 410}","{""BUY_ANIMAL"": 7, ""BUY_LAND"": 2, ""BUY_PRODUCT"": 189, ""BUY_SEED"": 51, ""HIRE"": 320, ""SELL"": 176}","{""BUY_ANIMAL:COW"": 2, ""BUY_ANIMAL:SHEEP"": 10, ""BUY_PRODUCT:WHEAT"": 517, ""BUY_SEED:CARROT"": 15, ""BUY_SEED:MELON"": 20, ""BUY_SEED:STRAWBERRY"": 37, ""BUY_SEED:WHEAT"": 40, ""SELL:CARROT"": 42, ""SELL:FERTILIZER"": 263, ""SELL:MELON"": 109, ""SELL:MILK"": 68, ""SELL:STRAWBERRY"": 128, ""SELL:WHEAT"": 412, ""SELL:WOOL"": 204}",10.517241379310345,25,1.2413793103448276,11,1,"{""base_harvest_jobs"": 229, ""base_urgent_assignments"": 0, ""base_water_jobs"": 0, ""calls"": 719, ""extra_drop_assignments"": 0, ""extra_harvest_assignments"": 0, ""extra_water_assignments"": 0, ""harvest_jobs_seen"": 1645, ""last_step"": 718, ""pass_after"": 1627, ""pass_before"": 1627, ""storage_jobs_seen"": 11, ""unassigned_urgent_jobs"": 773, ""unreachable_jobs"": 1, ""water_jobs_seen"": 0}",v011b_harvest_storage,hamburger
217,0,85876.0,137901.0,-52025.0,loss,DONE,DONE,1,719,0,0,0.673417,1.2022750000000002,1.46029506,1.626625,3.1551050000052783,0,0,[],{},"{""BUILD_PASTURE"": 12, ""CARE"": 218, ""COLLECT_FERTILIZER"": 273, ""DIG"": 23, ""DROP"": 72, ""EAST"": 881, ""FEED"": 262, ""HARVEST"": 191, ""NORTH"": 1331, ""PASS"": 1582, ""PICKUP"": 70, ""PLACE"": 12, ""PLANT"": 101, ""SOUTH"": 1012, ""WATER"": 762, ""WEST"": 1088}","{""HARVEST:HIGH_VALUE"": 70, ""HARVEST:MELON"": 20, ""HARVEST:STRAWBERRY"": 50, ""WATER:HIGH_VALUE"": 609, ""WATER:MELON"": 150, ""WATER:STRAWBERRY"": 459}","{""BUY_ANIMAL"": 7, ""BUY_LAND"": 2, ""BUY_PRODUCT"": 207, ""BUY_SEED"": 49, ""HIRE"": 317, ""SELL"": 182}","{""BUY_ANIMAL:COW"": 8, ""BUY_ANIMAL:SHEEP"": 4, ""BUY_PRODUCT:WHEAT"": 526, ""BUY_SEED:CARROT"": 14, ""BUY_SEED:MELON"": 20, ""BUY_SEED:STRAWBERRY"": 37, ""BUY_SEED:WHEAT"": 36, ""SELL:CARROT"": 30, ""SELL:FERTILIZER"": 273, ""SELL:MELON"": 110, ""SELL:MILK"": 171, ""SELL:STRAWBERRY"": 124, ""SELL:WHEAT"": 387, ""SELL:WOOL"": 111}",9.10344827586207,24,1.793103448275862,14,1,"{""base_harvest_jobs"": 62, ""base_urgent_assignments"": 0, ""base_water_jobs"": 0, ""calls"": 719, ""extra_drop_assignments"": 0, ""extra_harvest_assignments"": 0, ""extra_water_assignments"": 0, ""harvest_jobs_seen"": 1193, ""last_step"": 718, ""pass_after"": 1582, ""pass_before"": 1582, ""storage_jobs_seen"": 8, ""unassigned_urgent_jobs"": 531, ""unreachable_jobs"": 0, ""water_jobs_seen"": 0}",v011b_harvest_storage,hamburger
217,1,89171.0,138592.0,-49421.0,loss,DONE,DONE,1,719,0,0,0.669958,1.1948414,1.37830568,1.62375,3.1640041669961647,0,0,[],{},"{""BUILD_PASTURE"": 12, ""CARE"": 227, ""COLLECT_FERTILIZER"": 273, ""DIG"": 22, ""DROP"": 74, ""EAST"": 830, ""FEED"": 260, ""HARVEST"": 189, ""NORTH"": 1327, ""PASS"": 1596, ""PICKUP"": 70, ""PLACE"": 12, ""PLANT"": 95, ""SOUTH"": 1069, ""WATER"": 725, ""WEST"": 1084}","{""HARVEST:HIGH_VALUE"": 70, ""HARVEST:MELON"": 20, ""HARVEST:STRAWBERRY"": 50, ""WATER:HIGH_VALUE"": 595, ""WATER:MELON"": 149, ""WATER:STRAWBERRY"": 446}","{""BUY_ANIMAL"": 7, ""BUY_LAND"": 2, ""BUY_PRODUCT"": 204, ""BUY_SEED"": 49, ""HIRE"": 316, ""SELL"": 194}","{""BUY_ANIMAL:COW"": 8, ""BUY_ANIMAL:SHEEP"": 4, ""BUY_PRODUCT:WHEAT"": 524, ""BUY_SEED:CARROT"": 12, ""BUY_SEED:MELON"": 20, ""BUY_SEED:STRAWBERRY"": 37, ""BUY_SEED:WHEAT"": 35, ""SELL:CARROT"": 27, ""SELL:FERTILIZER"": 273, ""SELL:MELON"": 109, ""SELL:MILK"": 187, ""SELL:STRAWBERRY"": 124, ""SELL:WHEAT"": 367, ""SELL:WOOL"": 104}",9.482758620689655,30,1.3793103448275863,10,1,"{""base_harvest_jobs"": 78, ""base_urgent_assignments"": 0, ""base_water_jobs"": 0, ""calls"": 719, ""extra_drop_assignments"": 0, ""extra_harvest_assignments"": 0, ""extra_water_assignments"": 0, ""harvest_jobs_seen"": 1143, ""last_step"": 718, ""pass_after"": 1596, ""pass_before"": 1596, ""storage_jobs_seen"": 10, ""unassigned_urgent_jobs"": 511, ""unreachable_jobs"": 0, ""water_jobs_seen"": 0}",v011b_harvest_storage,hamburger
317,0,91898.0,146592.0,-54694.0,loss,DONE,DONE,1,719,0,0,0.692833,1.1798539,1.346693620000001,1.623042,3.200513249998039,0,0,[],{},"{""BUILD_PASTURE"": 12, ""CARE"": 218, ""COLLECT_FERTILIZER"": 270, ""DIG"": 15, ""DROP"": 70, ""EAST"": 891, ""FEED"": 257, ""HARVEST"": 192, ""NORTH"": 1294, ""PASS"": 1607, ""PICKUP"": 69, ""PLACE"": 12, ""PLANT"": 102, ""SOUTH"": 1020, ""WATER"": 748, ""WEST"": 1134}","{""HARVEST:HIGH_VALUE"": 72, ""HARVEST:MELON"": 20, ""HARVEST:STRAWBERRY"": 52, ""WATER:HIGH_VALUE"": 594, ""WATER:MELON"": 149, ""WATER:STRAWBERRY"": 445}","{""BUY_ANIMAL"": 8, ""BUY_LAND"": 2, ""BUY_PRODUCT"": 186, ""BUY_SEED"": 51, ""HIRE"": 318, ""SELL"": 176}","{""BUY_ANIMAL:COW"": 8, ""BUY_ANIMAL:SHEEP"": 4, ""BUY_PRODUCT:WHEAT"": 519, ""BUY_SEED:CARROT"": 14, ""BUY_SEED:MELON"": 20, ""BUY_SEED:STRAWBERRY"": 37, ""BUY_SEED:WHEAT"": 37, ""SELL:CARROT"": 32, ""SELL:FERTILIZER"": 270, ""SELL:MELON"": 109, ""SELL:MILK"": 171, ""SELL:STRAWBERRY"": 125, ""SELL:WHEAT"": 384, ""SELL:WOOL"": 107}",9.551724137931034,32,2.1724137931034484,17,1,"{""base_harvest_jobs"": 45, ""base_urgent_assignments"": 0, ""base_water_jobs"": 0, ""calls"": 719, ""extra_drop_assignments"": 0, ""extra_harvest_assignments"": 0, ""extra_water_assignments"": 0, ""harvest_jobs_seen"": 1176, ""last_step"": 718, ""pass_after"": 1607, ""pass_before"": 1607, ""storage_jobs_seen"": 37, ""unassigned_urgent_jobs"": 552, ""unreachable_jobs"": 0, ""water_jobs_seen"": 0}",v011b_harvest_storage,hamburger
317,1,91644.0,145616.0,-53972.0,loss,DONE,DONE,1,719,0,0,0.683333,1.1633,1.3743626200000019,1.6325,3.1919938330029254,0,0,[],{},"{""BUILD_PASTURE"": 12, ""CARE"": 224, ""COLLECT_FERTILIZER"": 270, ""DIG"": 17, ""DROP"": 76, ""EAST"": 895, ""FEED"": 257, ""HARVEST"": 191, ""NORTH"": 1325, ""PASS"": 1604, ""PICKUP"": 69, ""PLACE"": 12, ""PLANT"": 101, ""SOUTH"": 1007, ""WATER"": 732, ""WEST"": 1141}","{""HARVEST:HIGH_VALUE"": 72, ""HARVEST:MELON"": 20, ""HARVEST:STRAWBERRY"": 52, ""WATER:HIGH_VALUE"": 584, ""WATER:MELON"": 149, ""WATER:STRAWBERRY"": 435}","{""BUY_ANIMAL"": 8, ""BUY_LAND"": 2, ""BUY_PRODUCT"": 194, ""BUY_SEED"": 51, ""HIRE"": 319, ""SELL"": 177}","{""BUY_ANIMAL:COW"": 8, ""BUY_ANIMAL:SHEEP"": 4, ""BUY_PRODUCT:WHEAT"": 523, ""BUY_SEED:CARROT"": 14, ""BUY_SEED:MELON"": 20, ""BUY_SEED:STRAWBERRY"": 37, ""BUY_SEED:WHEAT"": 37, ""SELL:CARROT"": 30, ""SELL:FERTILIZER"": 270, ""SELL:MELON"": 109, ""SELL:MILK"": 177, ""SELL:STRAWBERRY"": 125, ""SELL:WHEAT"": 384, ""SELL:WOOL"": 107}",10.172413793103448,32,2,15,1,"{""base_harvest_jobs"": 96, ""base_urgent_assignments"": 0, ""base_water_jobs"": 0, ""calls"": 719, ""extra_drop_assignments"": 0, ""extra_harvest_assignments"": 0, ""extra_water_assignments"": 0, ""harvest_jobs_seen"": 1201, ""last_step"": 718, ""pass_after"": 1604, ""pass_before"": 1604, ""storage_jobs_seen"": 37, ""unassigned_urgent_jobs"": 567, ""unreachable_jobs"": 0, ""water_jobs_seen"": 0}",v011b_harvest_storage,hamburger
733,0,115237.0,169806.0,-54569.0,loss,DONE,DONE,1,719,0,0,0.704208,1.2050045,1.4619487400000002,2.054167,3.372826458995405,0,0,[],{},"{""BUILD_PASTURE"": 12, ""CARE"": 241, ""COLLECT_FERTILIZER"": 269, ""DIG"": 15, ""DROP"": 80, ""EAST"": 897, ""FEED"": 257, ""HARVEST"": 206, ""NORTH"": 1330, ""PASS"": 1672, ""PICKUP"": 67, ""PLACE"": 12, ""PLANT"": 110, ""SOUTH"": 973, ""WATER"": 742, ""WEST"": 1095}","{""HARVEST:HIGH_VALUE"": 74, ""HARVEST:MELON"": 20, ""HARVEST:STRAWBERRY"": 54, ""WATER:HIGH_VALUE"": 563, ""WATER:MELON"": 146, ""WATER:STRAWBERRY"": 417}","{""BUY_ANIMAL"": 8, ""BUY_LAND"": 2, ""BUY_PRODUCT"": 203, ""BUY_SEED"": 48, ""HIRE"": 321, ""SELL"": 187}","{""BUY_ANIMAL:COW"": 5, ""BUY_ANIMAL:SHEEP"": 7, ""BUY_PRODUCT:WHEAT"": 529, ""BUY_SEED:CARROT"": 15, ""BUY_SEED:MELON"": 20, ""BUY_SEED:STRAWBERRY"": 37, ""BUY_SEED:WHEAT"": 38, ""SELL:CARROT"": 45, ""SELL:FERTILIZER"": 269, ""SELL:MELON"": 106, ""SELL:MILK"": 123, ""SELL:STRAWBERRY"": 124, ""SELL:WHEAT"": 406, ""SELL:WOOL"": 180}",10.655172413793103,26,1.793103448275862,17,1,"{""base_harvest_jobs"": 130, ""base_urgent_assignments"": 0, ""base_water_jobs"": 0, ""calls"": 719, ""extra_drop_assignments"": 0, ""extra_harvest_assignments"": 0, ""extra_water_assignments"": 0, ""harvest_jobs_seen"": 1501, ""last_step"": 718, ""pass_after"": 1672, ""pass_before"": 1672, ""storage_jobs_seen"": 43, ""unassigned_urgent_jobs"": 719, ""unreachable_jobs"": 12, ""water_jobs_seen"": 0}",v011b_harvest_storage,hamburger
733,1,111534.0,165808.0,-54274.0,loss,DONE,DONE,1,719,0,0,0.677375,1.1845836,1.3842825600000004,1.722791,3.15531770799862,0,0,[],{},"{""BUILD_PASTURE"": 12, ""CARE"": 242, ""COLLECT_FERTILIZER"": 269, ""DIG"": 14, ""DROP"": 73, ""EAST"": 916, ""FEED"": 255, ""HARVEST"": 204, ""NORTH"": 1299, ""PASS"": 1686, ""PICKUP"": 67, ""PLACE"": 12, ""PLANT"": 109, ""SOUTH"": 932, ""WATER"": 738, ""WEST"": 1108}","{""HARVEST:HIGH_VALUE"": 74, ""HARVEST:MELON"": 20, ""HARVEST:STRAWBERRY"": 54, ""WATER:HIGH_VALUE"": 562, ""WATER:MELON"": 148, ""WATER:STRAWBERRY"": 414}","{""BUY_ANIMAL"": 8, ""BUY_LAND"": 2, ""BUY_PRODUCT"": 191, ""BUY_SEED"": 47, ""HIRE"": 319, ""SELL"": 177}","{""BUY_ANIMAL:COW"": 5, ""BUY_ANIMAL:SHEEP"": 7, ""BUY_PRODUCT:WHEAT"": 517, ""BUY_SEED:CARROT"": 13, ""BUY_SEED:MELON"": 20, ""BUY_SEED:STRAWBERRY"": 37, ""BUY_SEED:WHEAT"": 39, ""SELL:CARROT"": 36, ""SELL:FERTILIZER"": 269, ""SELL:MELON"": 108, ""SELL:MILK"": 123, ""SELL:STRAWBERRY"": 123, ""SELL:WHEAT"": 399, ""SELL:WOOL"": 176}",10.206896551724139,26,1.8275862068965518,18,1,"{""base_harvest_jobs"": 97, ""base_urgent_assignments"": 0, ""base_water_jobs"": 0, ""calls"": 719, ""extra_drop_assignments"": 0, ""extra_harvest_assignments"": 0, ""extra_water_assignments"": 0, ""harvest_jobs_seen"": 1606, ""last_step"": 718, ""pass_after"": 1686, ""pass_before"": 1686, ""storage_jobs_seen"": 57, ""unassigned_urgent_jobs"": 785, ""unreachable_jobs"": 0, ""water_jobs_seen"": 0}",v011b_harvest_storage,hamburger
17,0,96480.0,134923.0,-38443.0,loss,DONE,DONE,1,719,0,0,0.678958,1.2106795000000001,1.4574394400000001,28.748291,3.225328125001397,0,0,[],{},"{""BUILD_PASTURE"": 12, ""CARE"": 234, ""COLLECT_FERTILIZER"": 268, ""DIG"": 20, ""DROP"": 83, ""EAST"": 902, ""FEED"": 255, ""HARVEST"": 191, ""NORTH"": 1344, ""PASS"": 1593, ""PICKUP"": 69, ""PLACE"": 12, ""PLANT"": 95, ""SOUTH"": 950, ""WATER"": 721, ""WEST"": 1101}","{""HARVEST:HIGH_VALUE"": 71, ""HARVEST:MELON"": 20, ""HARVEST:STRAWBERRY"": 51, ""WATER:HIGH_VALUE"": 584, ""WATER:MELON"": 149, ""WATER:STRAWBERRY"": 435}","{""BUY_ANIMAL"": 7, ""BUY_LAND"": 2, ""BUY_PRODUCT"": 202, ""BUY_SEED"": 44, ""HIRE"": 315, ""SELL"": 179}","{""BUY_ANIMAL:COW"": 9, ""BUY_ANIMAL:SHEEP"": 3, ""BUY_PRODUCT:WHEAT"": 523, ""BUY_SEED:CARROT"": 12, ""BUY_SEED:MELON"": 20, ""BUY_SEED:STRAWBERRY"": 37, ""BUY_SEED:WHEAT"": 36, ""SELL:CARROT"": 24, ""SELL:FERTILIZER"": 268, ""SELL:MELON"": 109, ""SELL:MILK"": 209, ""SELL:STRAWBERRY"": 125, ""SELL:WHEAT"": 379, ""SELL:WOOL"": 81}",9.620689655172415,23,1.4482758620689655,10,1,"{""base_harvest_jobs"": 128, ""base_urgent_assignments"": 0, ""base_water_jobs"": 0, ""calls"": 719, ""extra_drop_assignments"": 0, ""extra_harvest_assignments"": 0, ""extra_water_assignments"": 0, ""harvest_jobs_seen"": 1493, ""last_step"": 718, ""pass_after"": 1593, ""pass_before"": 1593, ""storage_jobs_seen"": 10, ""unassigned_urgent_jobs"": 687, ""unreachable_jobs"": 0, ""water_jobs_seen"": 0}",v011b_harvest_storage,frontier
17,1,97858.0,140801.0,-42943.0,loss,DONE,DONE,1,719,0,0,0.647959,1.1729458,1.3683524999999999,1.681083,3.134169875003863,0,0,[],{},"{""BUILD_PASTURE"": 12, ""CARE"": 226, ""COLLECT_FERTILIZER"": 269, ""DIG"": 26, ""DROP"": 68, ""EAST"": 896, ""FEED"": 258, ""HARVEST"": 191, ""NORTH"": 1283, ""PASS"": 1584, ""PICKUP"": 73, ""PLACE"": 12, ""PLANT"": 99, ""SOUTH"": 934, ""WATER"": 725, ""WEST"": 1171}","{""HARVEST:HIGH_VALUE"": 70, ""HARVEST:MELON"": 20, ""HARVEST:STRAWBERRY"": 50, ""WATER:HIGH_VALUE"": 580, ""WATER:MELON"": 150, ""WATER:STRAWBERRY"": 430}","{""BUY_ANIMAL"": 7, ""BUY_LAND"": 2, ""BUY_PRODUCT"": 195, ""BUY_SEED"": 50, ""HIRE"": 314, ""SELL"": 183}","{""BUY_ANIMAL:COW"": 7, ""BUY_ANIMAL:SHEEP"": 5, ""BUY_PRODUCT:WHEAT"": 527, ""BUY_SEED:CARROT"": 14, ""BUY_SEED:MELON"": 20, ""BUY_SEED:STRAWBERRY"": 37, ""BUY_SEED:WHEAT"": 33, ""SELL:CARROT"": 30, ""SELL:FERTILIZER"": 269, ""SELL:MELON"": 110, ""SELL:MILK"": 169, ""SELL:STRAWBERRY"": 121, ""SELL:WHEAT"": 384, ""SELL:WOOL"": 114}",9.586206896551724,23,0.9310344827586207,13,1,"{""base_harvest_jobs"": 82, ""base_urgent_assignments"": 0, ""base_water_jobs"": 0, ""calls"": 719, ""extra_drop_assignments"": 0, ""extra_harvest_assignments"": 0, ""extra_water_assignments"": 0, ""harvest_jobs_seen"": 1374, ""last_step"": 718, ""pass_after"": 1584, ""pass_before"": 1584, ""storage_jobs_seen"": 49, ""unassigned_urgent_jobs"": 681, ""unreachable_jobs"": 1, ""water_jobs_seen"": 0}",v011b_harvest_storage,frontier
42,0,81050.0,132430.0,-51380.0,loss,DONE,DONE,1,719,0,0,0.684709,1.1565839,1.401124940000002,3.634875,3.25813937500061,0,0,[],{},"{""BUILD_PASTURE"": 12, ""CARE"": 199, ""COLLECT_FERTILIZER"": 270, ""DIG"": 21, ""DROP"": 83, ""EAST"": 853, ""FEED"": 254, ""HARVEST"": 185, ""NORTH"": 1350, ""PASS"": 1580, ""PICKUP"": 74, ""PLACE"": 12, ""PLANT"": 103, ""SOUTH"": 997, ""WATER"": 736, ""WEST"": 1117}","{""HARVEST:HIGH_VALUE"": 70, ""HARVEST:MELON"": 20, ""HARVEST:STRAWBERRY"": 50, ""WATER:HIGH_VALUE"": 583, ""WATER:MELON"": 150, ""WATER:STRAWBERRY"": 433}","{""BUY_ANIMAL"": 6, ""BUY_LAND"": 2, ""BUY_PRODUCT"": 188, ""BUY_SEED"": 58, ""HIRE"": 315, ""SELL"": 199}","{""BUY_ANIMAL:COW"": 6, ""BUY_ANIMAL:SHEEP"": 6, ""BUY_PRODUCT:WHEAT"": 518, ""BUY_SEED:CARROT"": 14, ""BUY_SEED:MELON"": 20, ""BUY_SEED:STRAWBERRY"": 37, ""BUY_SEED:WHEAT"": 39, ""SELL:CARROT"": 32, ""SELL:FERTILIZER"": 270, ""SELL:MELON"": 110, ""SELL:MILK"": 133, ""SELL:STRAWBERRY"": 122, ""SELL:WHEAT"": 385, ""SELL:WOOL"": 119}",9.344827586206897,28,1.4482758620689655,13,1,"{""base_harvest_jobs"": 123, ""base_urgent_assignments"": 0, ""base_water_jobs"": 0, ""calls"": 719, ""extra_drop_assignments"": 0, ""extra_harvest_assignments"": 0, ""extra_water_assignments"": 0, ""harvest_jobs_seen"": 1338, ""last_step"": 718, ""pass_after"": 1580, ""pass_before"": 1580, ""storage_jobs_seen"": 51, ""unassigned_urgent_jobs"": 644, ""unreachable_jobs"": 0, ""water_jobs_seen"": 0}",v011b_harvest_storage,frontier
42,1,82023.0,134086.0,-52063.0,loss,DONE,DONE,1,719,0,0,0.653125,1.1849667000000002,1.3892270600000003,1.638792,3.1745377920015017,0,0,[],{},"{""BUILD_PASTURE"": 12, ""CARE"": 196, ""COLLECT_FERTILIZER"": 269, ""DIG"": 25, ""DROP"": 82, ""EAST"": 836, ""FEED"": 252, ""HARVEST"": 180, ""NORTH"": 1322, ""PASS"": 1632, ""PICKUP"": 74, ""PLACE"": 12, ""PLANT"": 101, ""SOUTH"": 992, ""WATER"": 744, ""WEST"": 1080}","{""HARVEST:HIGH_VALUE"": 70, ""HARVEST:MELON"": 20, ""HARVEST:STRAWBERRY"": 50, ""WATER:HIGH_VALUE"": 600, ""WATER:MELON"": 150, ""WATER:STRAWBERRY"": 450}","{""BUY_ANIMAL"": 6, ""BUY_LAND"": 2, ""BUY_PRODUCT"": 182, ""BUY_SEED"": 55, ""HIRE"": 313, ""SELL"": 195}","{""BUY_ANIMAL:COW"": 6, ""BUY_ANIMAL:SHEEP"": 6, ""BUY_PRODUCT:WHEAT"": 512, ""BUY_SEED:CARROT"": 12, ""BUY_SEED:MELON"": 20, ""BUY_SEED:STRAWBERRY"": 37, ""BUY_SEED:WHEAT"": 39, ""SELL:CARROT"": 26, ""SELL:FERTILIZER"": 269, ""SELL:MELON"": 110, ""SELL:MILK"": 131, ""SELL:STRAWBERRY"": 122, ""SELL:WHEAT"": 378, ""SELL:WOOL"": 116}",8.758620689655173,22,0.6206896551724138,7,1,"{""base_harvest_jobs"": 103, ""base_urgent_assignments"": 0, ""base_water_jobs"": 0, ""calls"": 719, ""extra_drop_assignments"": 0, ""extra_harvest_assignments"": 0, ""extra_water_assignments"": 0, ""harvest_jobs_seen"": 1313, ""last_step"": 718, ""pass_after"": 1632, ""pass_before"": 1632, ""storage_jobs_seen"": 37, ""unassigned_urgent_jobs"": 616, ""unreachable_jobs"": 0, ""water_jobs_seen"": 0}",v011b_harvest_storage,frontier
2026,0,100911.0,126487.0,-25576.0,loss,DONE,DONE,1,719,0,0,0.665,1.1492667,1.3739073800000021,51.599291,3.2018354579995503,0,0,[],{},"{""BUILD_PASTURE"": 12, ""CARE"": 251, ""COLLECT_FERTILIZER"": 273, ""DIG"": 24, ""DROP"": 78, ""EAST"": 881, ""FEED"": 259, ""HARVEST"": 196, ""NORTH"": 1313, ""PASS"": 1603, ""PICKUP"": 70, ""PLACE"": 12, ""PLANT"": 102, ""SOUTH"": 978, ""WATER"": 736, ""WEST"": 1105}","{""HARVEST:HIGH_VALUE"": 72, ""HARVEST:MELON"": 20, ""HARVEST:STRAWBERRY"": 52, ""WATER:HIGH_VALUE"": 584, ""WATER:MELON"": 149, ""WATER:STRAWBERRY"": 435}","{""BUY_ANIMAL"": 7, ""BUY_LAND"": 2, ""BUY_PRODUCT"": 198, ""BUY_SEED"": 50, ""HIRE"": 317, ""SELL"": 181}","{""BUY_ANIMAL:COW"": 2, ""BUY_ANIMAL:SHEEP"": 10, ""BUY_PRODUCT:WHEAT"": 519, ""BUY_SEED:CARROT"": 16, ""BUY_SEED:MELON"": 20, ""BUY_SEED:STRAWBERRY"": 37, ""BUY_SEED:WHEAT"": 36, ""SELL:CARROT"": 36, ""SELL:FERTILIZER"": 273, ""SELL:MELON"": 109, ""SELL:MILK"": 67, ""SELL:STRAWBERRY"": 125, ""SELL:WHEAT"": 376, ""SELL:WOOL"": 232}",9.931034482758621,25,1.4827586206896552,12,1,"{""base_harvest_jobs"": 86, ""base_urgent_assignments"": 0, ""base_water_jobs"": 0, ""calls"": 719, ""extra_drop_assignments"": 0, ""extra_harvest_assignments"": 0, ""extra_water_assignments"": 0, ""harvest_jobs_seen"": 1303, ""last_step"": 718, ""pass_after"": 1603, ""pass_before"": 1603, ""storage_jobs_seen"": 74, ""unassigned_urgent_jobs"": 653, ""unreachable_jobs"": 0, ""water_jobs_seen"": 0}",v011b_harvest_storage,frontier
2026,1,98921.0,124688.0,-25767.0,loss,DONE,DONE,1,719,0,0,0.676917,1.1751917,1.3592686200000004,1.647792,3.209574332999182,0,0,[],{},"{""BUILD_PASTURE"": 12, ""CARE"": 247, ""COLLECT_FERTILIZER"": 271, ""DIG"": 20, ""DROP"": 79, ""EAST"": 891, ""FEED"": 259, ""HARVEST"": 196, ""NORTH"": 1360, ""PASS"": 1578, ""PICKUP"": 70, ""PLACE"": 12, ""PLANT"": 103, ""SOUTH"": 971, ""WATER"": 714, ""WEST"": 1115}","{""HARVEST:HIGH_VALUE"": 72, ""HARVEST:MELON"": 20, ""HARVEST:STRAWBERRY"": 52, ""WATER:HIGH_VALUE"": 563, ""WATER:MELON"": 150, ""WATER:STRAWBERRY"": 413}","{""BUY_ANIMAL"": 7, ""BUY_LAND"": 2, ""BUY_PRODUCT"": 203, ""BUY_SEED"": 48, ""HIRE"": 317, ""SELL"": 176}","{""BUY_ANIMAL:COW"": 2, ""BUY_ANIMAL:SHEEP"": 10, ""BUY_PRODUCT:WHEAT"": 521, ""BUY_SEED:CARROT"": 17, ""BUY_SEED:MELON"": 20, ""BUY_SEED:STRAWBERRY"": 37, ""BUY_SEED:WHEAT"": 35, ""SELL:CARROT"": 39, ""SELL:FERTILIZER"": 271, ""SELL:MELON"": 110, ""SELL:MILK"": 67, ""SELL:STRAWBERRY"": 123, ""SELL:WHEAT"": 374, ""SELL:WOOL"": 230}",10.517241379310345,26,1.4827586206896552,11,1,"{""base_harvest_jobs"": 138, ""base_urgent_assignments"": 0, ""base_water_jobs"": 0, ""calls"": 719, ""extra_drop_assignments"": 0, ""extra_harvest_assignments"": 0, ""extra_water_assignments"": 0, ""harvest_jobs_seen"": 1410, ""last_step"": 718, ""pass_after"": 1578, ""pass_before"": 1578, ""storage_jobs_seen"": 30, ""unassigned_urgent_jobs"": 663, ""unreachable_jobs"": 0, ""water_jobs_seen"": 0}",v011b_harvest_storage,frontier
217,0,91878.0,135795.0,-43917.0,loss,DONE,DONE,1,719,0,0,0.677042,1.1744628000000004,1.4170124400000002,2.075333,3.1701809579972178,0,0,[],{},"{""BUILD_PASTURE"": 12, ""CARE"": 218, ""COLLECT_FERTILIZER"": 275, ""DIG"": 18, ""DROP"": 76, ""EAST"": 850, ""FEED"": 258, ""HARVEST"": 191, ""NORTH"": 1353, ""PASS"": 1583, ""PICKUP"": 70, ""PLACE"": 12, ""PLANT"": 102, ""SOUTH"": 993, ""WATER"": 746, ""WEST"": 1108}","{""HARVEST:HIGH_VALUE"": 70, ""HARVEST:MELON"": 20, ""HARVEST:STRAWBERRY"": 50, ""WATER:HIGH_VALUE"": 594, ""WATER:MELON"": 149, ""WATER:STRAWBERRY"": 445}","{""BUY_ANIMAL"": 7, ""BUY_LAND"": 2, ""BUY_PRODUCT"": 196, ""BUY_SEED"": 49, ""HIRE"": 316, ""SELL"": 193}","{""BUY_ANIMAL:COW"": 8, ""BUY_ANIMAL:SHEEP"": 4, ""BUY_PRODUCT:WHEAT"": 519, ""BUY_SEED:CARROT"": 16, ""BUY_SEED:MELON"": 20, ""BUY_SEED:STRAWBERRY"": 37, ""BUY_SEED:WHEAT"": 35, ""SELL:CARROT"": 36, ""SELL:FERTILIZER"": 275, ""SELL:MELON"": 109, ""SELL:MILK"": 183, ""SELL:STRAWBERRY"": 123, ""SELL:WHEAT"": 377, ""SELL:WOOL"": 93}",9.413793103448276,22,2.0689655172413794,14,1,"{""base_harvest_jobs"": 142, ""base_urgent_assignments"": 0, ""base_water_jobs"": 0, ""calls"": 719, ""extra_drop_assignments"": 0, ""extra_harvest_assignments"": 0, ""extra_water_assignments"": 0, ""harvest_jobs_seen"": 1219, ""last_step"": 718, ""pass_after"": 1583, ""pass_before"": 1583, ""storage_jobs_seen"": 10, ""unassigned_urgent_jobs"": 544, ""unreachable_jobs"": 0, ""water_jobs_seen"": 0}",v011b_harvest_storage,frontier
217,1,96479.0,144697.0,-48218.0,loss,DONE,DONE,1,719,0,0,0.656541,1.1826456000000003,1.3899630600000012,1.619292,3.197435708992998,0,0,[],{},"{""BUILD_PASTURE"": 12, ""CARE"": 224, ""COLLECT_FERTILIZER"": 275, ""DIG"": 25, ""DROP"": 81, ""EAST"": 839, ""FEED"": 258, ""HARVEST"": 191, ""NORTH"": 1325, ""PASS"": 1532, ""PICKUP"": 70, ""PLACE"": 12, ""PLANT"": 102, ""SOUTH"": 1016, ""WATER"": 739, ""WEST"": 1123}","{""HARVEST:HIGH_VALUE"": 70, ""HARVEST:MELON"": 20, ""HARVEST:STRAWBERRY"": 50, ""WATER:HIGH_VALUE"": 589, ""WATER:MELON"": 150, ""WATER:STRAWBERRY"": 439}","{""BUY_ANIMAL"": 7, ""BUY_LAND"": 2, ""BUY_PRODUCT"": 198, ""BUY_SEED"": 51, ""HIRE"": 314, ""SELL"": 192}","{""BUY_ANIMAL:COW"": 8, ""BUY_ANIMAL:SHEEP"": 4, ""BUY_PRODUCT:WHEAT"": 521, ""BUY_SEED:CARROT"": 16, ""BUY_SEED:MELON"": 20, ""BUY_SEED:STRAWBERRY"": 37, ""BUY_SEED:WHEAT"": 35, ""SELL:CARROT"": 36, ""SELL:FERTILIZER"": 275, ""SELL:MELON"": 110, ""SELL:MILK"": 179, ""SELL:STRAWBERRY"": 123, ""SELL:WHEAT"": 377, ""SELL:WOOL"": 105}",9.724137931034482,23,1.3448275862068966,12,1,"{""base_harvest_jobs"": 99, ""base_urgent_assignments"": 0, ""base_water_jobs"": 0, ""calls"": 719, ""extra_drop_assignments"": 0, ""extra_harvest_assignments"": 0, ""extra_water_assignments"": 0, ""harvest_jobs_seen"": 1243, ""last_step"": 718, ""pass_after"": 1532, ""pass_before"": 1532, ""storage_jobs_seen"": 44, ""unassigned_urgent_jobs"": 591, ""unreachable_jobs"": 0, ""water_jobs_seen"": 0}",v011b_harvest_storage,frontier
317,0,93254.0,146086.0,-52832.0,loss,DONE,DONE,1,719,0,0,0.70725,1.2217089,1.4255087600000003,1.601333,3.1779364999965765,0,0,[],{},"{""BUILD_PASTURE"": 12, ""CARE"": 212, ""COLLECT_FERTILIZER"": 270, ""DIG"": 14, ""DROP"": 86, ""EAST"": 988, ""FEED"": 257, ""HARVEST"": 185, ""NORTH"": 1349, ""PASS"": 1540, ""PICKUP"": 68, ""PLACE"": 12, ""PLANT"": 96, ""SOUTH"": 976, ""WATER"": 726, ""WEST"": 1150}","{""HARVEST:HIGH_VALUE"": 71, ""HARVEST:MELON"": 20, ""HARVEST:STRAWBERRY"": 51, ""WATER:HIGH_VALUE"": 590, ""WATER:MELON"": 149, ""WATER:STRAWBERRY"": 441}","{""BUY_ANIMAL"": 7, ""BUY_LAND"": 2, ""BUY_PRODUCT"": 202, ""BUY_SEED"": 46, ""HIRE"": 319, ""SELL"": 172}","{""BUY_ANIMAL:COW"": 9, ""BUY_ANIMAL:SHEEP"": 3, ""BUY_PRODUCT:WHEAT"": 523, ""BUY_SEED:CARROT"": 13, ""BUY_SEED:MELON"": 20, ""BUY_SEED:STRAWBERRY"": 37, ""BUY_SEED:WHEAT"": 35, ""SELL:CARROT"": 29, ""SELL:FERTILIZER"": 270, ""SELL:MELON"": 109, ""SELL:MILK"": 198, ""SELL:STRAWBERRY"": 125, ""SELL:WHEAT"": 371, ""SELL:WOOL"": 76}",9.448275862068966,23,2.9655172413793105,18,1,"{""base_harvest_jobs"": 117, ""base_urgent_assignments"": 0, ""base_water_jobs"": 0, ""calls"": 719, ""extra_drop_assignments"": 0, ""extra_harvest_assignments"": 0, ""extra_water_assignments"": 0, ""harvest_jobs_seen"": 1174, ""last_step"": 718, ""pass_after"": 1540, ""pass_before"": 1540, ""storage_jobs_seen"": 18, ""unassigned_urgent_jobs"": 539, ""unreachable_jobs"": 0, ""water_jobs_seen"": 0}",v011b_harvest_storage,frontier
317,1,93258.0,146096.0,-52838.0,loss,DONE,DONE,1,719,0,0,0.70275,1.2086712000000002,1.4095995000000023,1.592917,3.1862612909972086,0,0,[],{},"{""BUILD_PASTURE"": 12, ""CARE"": 212, ""COLLECT_FERTILIZER"": 270, ""DIG"": 14, ""DROP"": 86, ""EAST"": 983, ""FEED"": 257, ""HARVEST"": 185, ""NORTH"": 1351, ""PASS"": 1537, ""PICKUP"": 68, ""PLACE"": 12, ""PLANT"": 96, ""SOUTH"": 977, ""WATER"": 726, ""WEST"": 1155}","{""HARVEST:HIGH_VALUE"": 71, ""HARVEST:MELON"": 20, ""HARVEST:STRAWBERRY"": 51, ""WATER:HIGH_VALUE"": 590, ""WATER:MELON"": 149, ""WATER:STRAWBERRY"": 441}","{""BUY_ANIMAL"": 7, ""BUY_LAND"": 2, ""BUY_PRODUCT"": 202, ""BUY_SEED"": 46, ""HIRE"": 319, ""SELL"": 172}","{""BUY_ANIMAL:COW"": 9, ""BUY_ANIMAL:SHEEP"": 3, ""BUY_PRODUCT:WHEAT"": 523, ""BUY_SEED:CARROT"": 13, ""BUY_SEED:MELON"": 20, ""BUY_SEED:STRAWBERRY"": 37, ""BUY_SEED:WHEAT"": 35, ""SELL:CARROT"": 29, ""SELL:FERTILIZER"": 270, ""SELL:MELON"": 109, ""SELL:MILK"": 198, ""SELL:STRAWBERRY"": 125, ""SELL:WHEAT"": 371, ""SELL:WOOL"": 76}",9.448275862068966,23,2.8275862068965516,17,1,"{""base_harvest_jobs"": 117, ""base_urgent_assignments"": 0, ""base_water_jobs"": 0, ""calls"": 719, ""extra_drop_assignments"": 0, ""extra_harvest_assignments"": 0, ""extra_water_assignments"": 0, ""harvest_jobs_seen"": 1174, ""last_step"": 718, ""pass_after"": 1537, ""pass_before"": 1537, ""storage_jobs_seen"": 18, ""unassigned_urgent_jobs"": 539, ""unreachable_jobs"": 0, ""water_jobs_seen"": 0}",v011b_harvest_storage,frontier
733,0,109619.0,161647.0,-52028.0,loss,DONE,DONE,1,719,0,0,0.66425,1.1690580000000002,1.3691430600000003,2.326209,3.1655020420002984,0,0,[],{},"{""BUILD_PASTURE"": 12, ""CARE"": 247, ""COLLECT_FERTILIZER"": 269, ""DIG"": 16, ""DROP"": 75, ""EAST"": 866, ""FEED"": 255, ""HARVEST"": 187, ""NORTH"": 1315, ""PASS"": 1760, ""PICKUP"": 68, ""PLACE"": 12, ""PLANT"": 99, ""SOUTH"": 927, ""WATER"": 735, ""WEST"": 1043}","{""HARVEST:HIGH_VALUE"": 71, ""HARVEST:MELON"": 20, ""HARVEST:STRAWBERRY"": 51, ""WATER:HIGH_VALUE"": 589, ""WATER:MELON"": 148, ""WATER:STRAWBERRY"": 441}","{""BUY_ANIMAL"": 7, ""BUY_LAND"": 2, ""BUY_PRODUCT"": 196, ""BUY_SEED"": 47, ""HIRE"": 317, ""SELL"": 175}","{""BUY_ANIMAL:COW"": 3, ""BUY_ANIMAL:SHEEP"": 9, ""BUY_PRODUCT:WHEAT"": 520, ""BUY_SEED:CARROT"": 14, ""BUY_SEED:MELON"": 20, ""BUY_SEED:STRAWBERRY"": 37, ""BUY_SEED:WHEAT"": 34, ""SELL:CARROT"": 30, ""SELL:FERTILIZER"": 269, ""SELL:MELON"": 108, ""SELL:MILK"": 93, ""SELL:STRAWBERRY"": 124, ""SELL:WHEAT"": 381, ""SELL:WOOL"": 199}",9.413793103448276,26,2.413793103448276,22,1,"{""base_harvest_jobs"": 51, ""base_urgent_assignments"": 0, ""base_water_jobs"": 0, ""calls"": 719, ""extra_drop_assignments"": 0, ""extra_harvest_assignments"": 0, ""extra_water_assignments"": 0, ""harvest_jobs_seen"": 1260, ""last_step"": 718, ""pass_after"": 1760, ""pass_before"": 1760, ""storage_jobs_seen"": 64, ""unassigned_urgent_jobs"": 610, ""unreachable_jobs"": 0, ""water_jobs_seen"": 0}",v011b_harvest_storage,frontier
733,1,105807.0,156061.0,-50254.0,loss,DONE,DONE,1,719,0,0,0.651417,1.1639377999999998,1.3747974400000011,1.59125,3.2286468329984928,0,0,[],{},"{""BUILD_PASTURE"": 12, ""CARE"": 244, ""COLLECT_FERTILIZER"": 269, ""DIG"": 24, ""DROP"": 67, ""EAST"": 838, ""FEED"": 253, ""HARVEST"": 189, ""NORTH"": 1321, ""PASS"": 1678, ""PICKUP"": 68, ""PLACE"": 12, ""PLANT"": 103, ""SOUTH"": 946, ""WATER"": 755, ""WEST"": 1060}","{""HARVEST:HIGH_VALUE"": 71, ""HARVEST:MELON"": 20, ""HARVEST:STRAWBERRY"": 51, ""WATER:HIGH_VALUE"": 598, ""WATER:MELON"": 149, ""WATER:STRAWBERRY"": 449}","{""BUY_ANIMAL"": 7, ""BUY_LAND"": 2, ""BUY_PRODUCT"": 199, ""BUY_SEED"": 48, ""HIRE"": 315, ""SELL"": 170}","{""BUY_ANIMAL:COW"": 3, ""BUY_ANIMAL:SHEEP"": 9, ""BUY_PRODUCT:WHEAT"": 516, ""BUY_SEED:CARROT"": 14, ""BUY_SEED:MELON"": 20, ""BUY_SEED:STRAWBERRY"": 37, ""BUY_SEED:WHEAT"": 35, ""SELL:CARROT"": 33, ""SELL:FERTILIZER"": 269, ""SELL:MELON"": 109, ""SELL:MILK"": 90, ""SELL:STRAWBERRY"": 124, ""SELL:WHEAT"": 387, ""SELL:WOOL"": 194}",9.310344827586206,23,1.0344827586206897,13,1,"{""base_harvest_jobs"": 144, ""base_urgent_assignments"": 0, ""base_water_jobs"": 0, ""calls"": 719, ""extra_drop_assignments"": 0, ""extra_harvest_assignments"": 0, ""extra_water_assignments"": 0, ""harvest_jobs_seen"": 1308, ""last_step"": 718, ""pass_after"": 1678, ""pass_before"": 1678, ""storage_jobs_seen"": 22, ""unassigned_urgent_jobs"": 592, ""unreachable_jobs"": 0, ""water_jobs_seen"": 0}",v011b_harvest_storage,frontier
17,0,99717.0,100361.0,-644.0,loss,DONE,DONE,1,719,0,0,0.715375,1.2872622000000002,1.524953880000001,1.849792,3.6181515419957577,0,0,[],{},"{""BUILD_PASTURE"": 12, ""CARE"": 228, ""COLLECT_FERTILIZER"": 270, ""DIG"": 11, ""DROP"": 76, ""EAST"": 858, ""FEED"": 254, ""HARVEST"": 202, ""NORTH"": 1316, ""PASS"": 1683, ""PICKUP"": 65, ""PLACE"": 12, ""PLANT"": 106, ""SOUTH"": 1001, ""WATER"": 774, ""WEST"": 1120}","{""HARVEST:HIGH_VALUE"": 73, ""HARVEST:MELON"": 18, ""HARVEST:STRAWBERRY"": 55, ""WATER:HIGH_VALUE"": 603, ""WATER:MELON"": 139, ""WATER:STRAWBERRY"": 464}","{""BUY_ANIMAL"": 6, ""BUY_LAND"": 2, ""BUY_PRODUCT"": 197, ""BUY_SEED"": 48, ""HIRE"": 321, ""SELL"": 182}","{""BUY_ANIMAL:COW"": 10, ""BUY_ANIMAL:SHEEP"": 2, ""BUY_PRODUCT:WHEAT"": 521, ""BUY_SEED:CARROT"": 13, ""BUY_SEED:MELON"": 18, ""BUY_SEED:STRAWBERRY"": 38, ""BUY_SEED:WHEAT"": 40, ""SELL:CARROT"": 33, ""SELL:FERTILIZER"": 270, ""SELL:MELON"": 99, ""SELL:MILK"": 224, ""SELL:STRAWBERRY"": 131, ""SELL:WHEAT"": 405, ""SELL:WOOL"": 63}",9.068965517241379,30,2.7586206896551726,24,1,"{""base_harvest_jobs"": 91, ""base_urgent_assignments"": 0, ""base_water_jobs"": 0, ""calls"": 719, ""extra_drop_assignments"": 0, ""extra_harvest_assignments"": 0, ""extra_water_assignments"": 73, ""harvest_jobs_seen"": 1485, ""last_step"": 718, ""pass_after"": 1683, ""pass_before"": 1756, ""storage_jobs_seen"": 58, ""unassigned_urgent_jobs"": 7673, ""unreachable_jobs"": 10972, ""water_jobs_seen"": 28034}",v011c_priority_scheduler,baseline
17,1,99717.0,100361.0,-644.0,loss,DONE,DONE,1,719,0,0,0.703542,1.2923173000000003,1.5398740000000013,67.329208,3.67042112499621,0,0,[],{},"{""BUILD_PASTURE"": 12, ""CARE"": 228, ""COLLECT_FERTILIZER"": 270, ""DIG"": 10, ""DROP"": 76, ""EAST"": 858, ""FEED"": 254, ""HARVEST"": 202, ""NORTH"": 1316, ""PASS"": 1684, ""PICKUP"": 65, ""PLACE"": 12, ""PLANT"": 106, ""SOUTH"": 1001, ""WATER"": 774, ""WEST"": 1120}","{""HARVEST:HIGH_VALUE"": 73, ""HARVEST:MELON"": 18, ""HARVEST:STRAWBERRY"": 55, ""WATER:HIGH_VALUE"": 603, ""WATER:MELON"": 139, ""WATER:STRAWBERRY"": 464}","{""BUY_ANIMAL"": 6, ""BUY_LAND"": 2, ""BUY_PRODUCT"": 197, ""BUY_SEED"": 48, ""HIRE"": 321, ""SELL"": 182}","{""BUY_ANIMAL:COW"": 10, ""BUY_ANIMAL:SHEEP"": 2, ""BUY_PRODUCT:WHEAT"": 521, ""BUY_SEED:CARROT"": 13, ""BUY_SEED:MELON"": 18, ""BUY_SEED:STRAWBERRY"": 38, ""BUY_SEED:WHEAT"": 40, ""SELL:CARROT"": 33, ""SELL:FERTILIZER"": 270, ""SELL:MELON"": 99, ""SELL:MILK"": 224, ""SELL:STRAWBERRY"": 131, ""SELL:WHEAT"": 405, ""SELL:WOOL"": 63}",9.068965517241379,30,2.7586206896551726,24,1,"{""base_harvest_jobs"": 91, ""base_urgent_assignments"": 0, ""base_water_jobs"": 0, ""calls"": 719, ""extra_drop_assignments"": 0, ""extra_harvest_assignments"": 0, ""extra_water_assignments"": 73, ""harvest_jobs_seen"": 1485, ""last_step"": 718, ""pass_after"": 1684, ""pass_before"": 1757, ""storage_jobs_seen"": 58, ""unassigned_urgent_jobs"": 7673, ""unreachable_jobs"": 10974, ""water_jobs_seen"": 28034}",v011c_priority_scheduler,baseline
42,0,114507.0,114665.0,-158.0,loss,DONE,DONE,1,719,0,0,0.7295,1.2999375,1.5858085000000006,1.740625,3.587490916994284,0,0,[],{},"{""BUILD_PASTURE"": 12, ""CARE"": 247, ""COLLECT_FERTILIZER"": 269, ""DIG"": 22, ""DROP"": 78, ""EAST"": 893, ""FEED"": 256, ""HARVEST"": 199, ""NORTH"": 1357, ""PASS"": 1526, ""PICKUP"": 71, ""PLACE"": 12, ""PLANT"": 103, ""SOUTH"": 1010, ""WATER"": 744, ""WEST"": 1140}","{""HARVEST:HIGH_VALUE"": 72, ""HARVEST:MELON"": 18, ""HARVEST:STRAWBERRY"": 54, ""WATER:HIGH_VALUE"": 586, ""WATER:MELON"": 140, ""WATER:STRAWBERRY"": 446}","{""BUY_ANIMAL"": 8, ""BUY_LAND"": 2, ""BUY_PRODUCT"": 204, ""BUY_SEED"": 47, ""HIRE"": 319, ""SELL"": 187}","{""BUY_ANIMAL:COW"": 7, ""BUY_ANIMAL:SHEEP"": 5, ""BUY_PRODUCT:WHEAT"": 533, ""BUY_SEED:CARROT"": 13, ""BUY_SEED:MELON"": 18, ""BUY_SEED:STRAWBERRY"": 38, ""BUY_SEED:WHEAT"": 39, ""SELL:CARROT"": 30, ""SELL:FERTILIZER"": 269, ""SELL:MELON"": 99, ""SELL:MILK"": 173, ""SELL:STRAWBERRY"": 128, ""SELL:WHEAT"": 399, ""SELL:WOOL"": 128}",9.758620689655173,22,1.103448275862069,8,1,"{""base_harvest_jobs"": 144, ""base_urgent_assignments"": 0, ""base_water_jobs"": 0, ""calls"": 719, ""extra_drop_assignments"": 0, ""extra_harvest_assignments"": 0, ""extra_water_assignments"": 78, ""harvest_jobs_seen"": 1466, ""last_step"": 718, ""pass_after"": 1526, ""pass_before"": 1604, ""storage_jobs_seen"": 48, ""unassigned_urgent_jobs"": 7708, ""unreachable_jobs"": 11011, ""water_jobs_seen"": 27847}",v011c_priority_scheduler,baseline
42,1,111635.0,105045.0,6590.0,win,DONE,DONE,1,719,0,0,0.690666,1.2545997000000002,1.512387440000004,2.110792,3.6090887910031597,0,0,[],{},"{""BUILD_PASTURE"": 12, ""CARE"": 236, ""COLLECT_FERTILIZER"": 271, ""DIG"": 16, ""DROP"": 72, ""EAST"": 860, ""FEED"": 258, ""HARVEST"": 198, ""NORTH"": 1295, ""PASS"": 1667, ""PICKUP"": 66, ""PLACE"": 12, ""PLANT"": 104, ""SOUTH"": 999, ""WATER"": 773, ""WEST"": 1079}","{""HARVEST:HIGH_VALUE"": 72, ""HARVEST:MELON"": 18, ""HARVEST:STRAWBERRY"": 54, ""WATER:HIGH_VALUE"": 610, ""WATER:MELON"": 139, ""WATER:STRAWBERRY"": 471}","{""BUY_ANIMAL"": 6, ""BUY_LAND"": 2, ""BUY_PRODUCT"": 208, ""BUY_SEED"": 52, ""HIRE"": 318, ""SELL"": 182}","{""BUY_ANIMAL:COW"": 8, ""BUY_ANIMAL:SHEEP"": 4, ""BUY_PRODUCT:WHEAT"": 534, ""BUY_SEED:CARROT"": 14, ""BUY_SEED:MELON"": 18, ""BUY_SEED:STRAWBERRY"": 38, ""BUY_SEED:WHEAT"": 40, ""SELL:CARROT"": 33, ""SELL:FERTILIZER"": 271, ""SELL:MELON"": 99, ""SELL:MILK"": 178, ""SELL:STRAWBERRY"": 130, ""SELL:WHEAT"": 406, ""SELL:WOOL"": 118}",8.620689655172415,24,2.1724137931034484,24,1,"{""base_harvest_jobs"": 90, ""base_urgent_assignments"": 0, ""base_water_jobs"": 0, ""calls"": 719, ""extra_drop_assignments"": 0, ""extra_harvest_assignments"": 0, ""extra_water_assignments"": 74, ""harvest_jobs_seen"": 1284, ""last_step"": 718, ""pass_after"": 1667, ""pass_before"": 1741, ""storage_jobs_seen"": 101, ""unassigned_urgent_jobs"": 7761, ""unreachable_jobs"": 10894, ""water_jobs_seen"": 28338}",v011c_priority_scheduler,baseline
2026,0,98192.0,110261.0,-12069.0,loss,DONE,DONE,1,719,0,0,0.663917,1.2243000000000002,1.4753714400000004,30.461958,3.6092840420024004,0,0,[],{},"{""BUILD_PASTURE"": 12, ""CARE"": 225, ""COLLECT_FERTILIZER"": 250, ""DIG"": 17, ""DROP"": 84, ""EAST"": 1002, ""FEED"": 240, ""HARVEST"": 199, ""NORTH"": 1417, ""PASS"": 1663, ""PICKUP"": 68, ""PLACE"": 12, ""PLANT"": 112, ""SOUTH"": 840, ""WATER"": 714, ""WEST"": 1168}","{""HARVEST:HIGH_VALUE"": 71, ""HARVEST:MELON"": 18, ""HARVEST:STRAWBERRY"": 53, ""WATER:HIGH_VALUE"": 524, ""WATER:MELON"": 144, ""WATER:STRAWBERRY"": 380}","{""BUY_ANIMAL"": 8, ""BUY_LAND"": 2, ""BUY_PRODUCT"": 188, ""BUY_SEED"": 55, ""HIRE"": 323, ""SELL"": 186}","{""BUY_ANIMAL:COW"": 6, ""BUY_ANIMAL:SHEEP"": 6, ""BUY_PRODUCT:WHEAT"": 526, ""BUY_SEED:CARROT"": 16, ""BUY_SEED:MELON"": 18, ""BUY_SEED:STRAWBERRY"": 38, ""BUY_SEED:WHEAT"": 40, ""SELL:CARROT"": 48, ""SELL:FERTILIZER"": 250, ""SELL:MELON"": 99, ""SELL:MILK"": 132, ""SELL:STRAWBERRY"": 95, ""SELL:WHEAT"": 426, ""SELL:WOOL"": 142}",8.89655172413793,19,1.206896551724138,6,1,"{""base_harvest_jobs"": 110, ""base_urgent_assignments"": 0, ""base_water_jobs"": 0, ""calls"": 719, ""extra_drop_assignments"": 0, ""extra_harvest_assignments"": 0, ""extra_water_assignments"": 83, ""harvest_jobs_seen"": 1238, ""last_step"": 718, ""pass_after"": 1663, ""pass_before"": 1746, ""storage_jobs_seen"": 47, ""unassigned_urgent_jobs"": 6795, ""unreachable_jobs"": 13455, ""water_jobs_seen"": 25294}",v011c_priority_scheduler,baseline
2026,1,98192.0,110261.0,-12069.0,loss,DONE,DONE,1,719,0,0,0.641083,1.2155041,1.4097663200000004,1.647125,3.5223136249987874,0,0,[],{},"{""BUILD_PASTURE"": 12, ""CARE"": 225, ""COLLECT_FERTILIZER"": 250, ""DIG"": 17, ""DROP"": 84, ""EAST"": 1002, ""FEED"": 240, ""HARVEST"": 199, ""NORTH"": 1417, ""PASS"": 1663, ""PICKUP"": 68, ""PLACE"": 12, ""PLANT"": 112, ""SOUTH"": 840, ""WATER"": 714, ""WEST"": 1168}","{""HARVEST:HIGH_VALUE"": 71, ""HARVEST:MELON"": 18, ""HARVEST:STRAWBERRY"": 53, ""WATER:HIGH_VALUE"": 524, ""WATER:MELON"": 144, ""WATER:STRAWBERRY"": 380}","{""BUY_ANIMAL"": 8, ""BUY_LAND"": 2, ""BUY_PRODUCT"": 188, ""BUY_SEED"": 55, ""HIRE"": 323, ""SELL"": 186}","{""BUY_ANIMAL:COW"": 6, ""BUY_ANIMAL:SHEEP"": 6, ""BUY_PRODUCT:WHEAT"": 526, ""BUY_SEED:CARROT"": 16, ""BUY_SEED:MELON"": 18, ""BUY_SEED:STRAWBERRY"": 38, ""BUY_SEED:WHEAT"": 40, ""SELL:CARROT"": 48, ""SELL:FERTILIZER"": 250, ""SELL:MELON"": 99, ""SELL:MILK"": 132, ""SELL:STRAWBERRY"": 95, ""SELL:WHEAT"": 426, ""SELL:WOOL"": 142}",8.89655172413793,19,1.1379310344827587,5,1,"{""base_harvest_jobs"": 110, ""base_urgent_assignments"": 0, ""base_water_jobs"": 0, ""calls"": 719, ""extra_drop_assignments"": 0, ""extra_harvest_assignments"": 0, ""extra_water_assignments"": 83, ""harvest_jobs_seen"": 1238, ""last_step"": 718, ""pass_after"": 1663, ""pass_before"": 1746, ""storage_jobs_seen"": 47, ""unassigned_urgent_jobs"": 6795, ""unreachable_jobs"": 13455, ""water_jobs_seen"": 25294}",v011c_priority_scheduler,baseline
217,0,87515.0,101436.0,-13921.0,loss,DONE,DONE,1,719,0,0,0.638708,1.2006628000000001,1.4225111800000008,1.952917,3.440083957997558,0,0,[],{},"{""BUILD_PASTURE"": 12, ""CARE"": 231, ""COLLECT_FERTILIZER"": 252, ""DIG"": 23, ""DROP"": 75, ""EAST"": 982, ""FEED"": 247, ""HARVEST"": 180, ""NORTH"": 1345, ""PASS"": 1768, ""PICKUP"": 67, ""PLACE"": 12, ""PLANT"": 107, ""SOUTH"": 814, ""WATER"": 682, ""WEST"": 1101}","{""HARVEST:HIGH_VALUE"": 60, ""HARVEST:MELON"": 18, ""HARVEST:STRAWBERRY"": 42, ""WATER:HIGH_VALUE"": 497, ""WATER:MELON"": 144, ""WATER:STRAWBERRY"": 353}","{""BUY_ANIMAL"": 8, ""BUY_LAND"": 2, ""BUY_PRODUCT"": 199, ""BUY_SEED"": 60, ""HIRE"": 317, ""SELL"": 209}","{""BUY_ANIMAL:COW"": 4, ""BUY_ANIMAL:SHEEP"": 8, ""BUY_PRODUCT:WHEAT"": 527, ""BUY_SEED:CARROT"": 18, ""BUY_SEED:MELON"": 18, ""BUY_SEED:STRAWBERRY"": 38, ""BUY_SEED:WHEAT"": 43, ""SELL:CARROT"": 42, ""SELL:FERTILIZER"": 252, ""SELL:MELON"": 101, ""SELL:MILK"": 113, ""SELL:STRAWBERRY"": 84, ""SELL:WHEAT"": 408, ""SELL:WOOL"": 174}",7.862068965517241,18,0.2413793103448276,4,1,"{""base_harvest_jobs"": 133, ""base_urgent_assignments"": 0, ""base_water_jobs"": 0, ""calls"": 719, ""extra_drop_assignments"": 0, ""extra_harvest_assignments"": 0, ""extra_water_assignments"": 95, ""harvest_jobs_seen"": 1301, ""last_step"": 718, ""pass_after"": 1768, ""pass_before"": 1863, ""storage_jobs_seen"": 49, ""unassigned_urgent_jobs"": 5885, ""unreachable_jobs"": 12535, ""water_jobs_seen"": 22852}",v011c_priority_scheduler,baseline
217,1,90665.0,109637.0,-18972.0,loss,DONE,DONE,1,719,0,0,0.623916,1.1705208,1.3836435000000007,1.57475,3.4928435000038007,0,0,[],{},"{""BUILD_PASTURE"": 12, ""CARE"": 233, ""COLLECT_FERTILIZER"": 256, ""DIG"": 22, ""DROP"": 87, ""EAST"": 993, ""FEED"": 239, ""HARVEST"": 191, ""NORTH"": 1379, ""PASS"": 1701, ""PICKUP"": 66, ""PLACE"": 12, ""PLANT"": 110, ""SOUTH"": 818, ""WATER"": 688, ""WEST"": 1129}","{""HARVEST:HIGH_VALUE"": 62, ""HARVEST:MELON"": 18, ""HARVEST:STRAWBERRY"": 44, ""WATER:HIGH_VALUE"": 494, ""WATER:MELON"": 142, ""WATER:STRAWBERRY"": 352}","{""BUY_ANIMAL"": 8, ""BUY_LAND"": 2, ""BUY_PRODUCT"": 203, ""BUY_SEED"": 60, ""HIRE"": 319, ""SELL"": 207}","{""BUY_ANIMAL:COW"": 4, ""BUY_ANIMAL:SHEEP"": 8, ""BUY_PRODUCT:WHEAT"": 556, ""BUY_SEED:CARROT"": 19, ""BUY_SEED:MELON"": 18, ""BUY_SEED:STRAWBERRY"": 38, ""BUY_SEED:WHEAT"": 42, ""SELL:CARROT"": 54, ""SELL:FERTILIZER"": 256, ""SELL:MELON"": 101, ""SELL:MILK"": 117, ""SELL:STRAWBERRY"": 86, ""SELL:WHEAT"": 451, ""SELL:WOOL"": 162}",7.758620689655173,17,0.27586206896551724,4,1,"{""base_harvest_jobs"": 221, ""base_urgent_assignments"": 0, ""base_water_jobs"": 0, ""calls"": 719, ""extra_drop_assignments"": 0, ""extra_harvest_assignments"": 0, ""extra_water_assignments"": 83, ""harvest_jobs_seen"": 1136, ""last_step"": 718, ""pass_after"": 1701, ""pass_before"": 1784, ""storage_jobs_seen"": 0, ""unassigned_urgent_jobs"": 5831, ""unreachable_jobs"": 12629, ""water_jobs_seen"": 23009}",v011c_priority_scheduler,baseline
317,0,110111.0,106359.0,3752.0,win,DONE,DONE,1,719,0,0,0.695334,1.2920125,1.5074955000000008,38.789458,3.5195848750008736,0,0,[],{},"{""BUILD_PASTURE"": 12, ""CARE"": 236, ""COLLECT_FERTILIZER"": 262, ""DIG"": 18, ""DROP"": 86, ""EAST"": 962, ""FEED"": 246, ""HARVEST"": 202, ""NORTH"": 1358, ""PASS"": 1567, ""PICKUP"": 69, ""PLACE"": 12, ""PLANT"": 108, ""SOUTH"": 960, ""WATER"": 735, ""WEST"": 1129}","{""HARVEST:HIGH_VALUE"": 72, ""HARVEST:MELON"": 18, ""HARVEST:STRAWBERRY"": 54, ""WATER:HIGH_VALUE"": 564, ""WATER:MELON"": 139, ""WATER:STRAWBERRY"": 425}","{""BUY_ANIMAL"": 7, ""BUY_LAND"": 2, ""BUY_PRODUCT"": 207, ""BUY_SEED"": 54, ""HIRE"": 320, ""SELL"": 191}","{""BUY_ANIMAL:COW"": 6, ""BUY_ANIMAL:SHEEP"": 6, ""BUY_PRODUCT:WHEAT"": 588, ""BUY_SEED:CARROT"": 15, ""BUY_SEED:MELON"": 18, ""BUY_SEED:STRAWBERRY"": 38, ""BUY_SEED:WHEAT"": 37, ""SELL:CARROT"": 39, ""SELL:FERTILIZER"": 262, ""SELL:MELON"": 99, ""SELL:MILK"": 151, ""SELL:STRAWBERRY"": 115, ""SELL:WHEAT"": 469, ""SELL:WOOL"": 149}",9.344827586206897,23,1.0344827586206897,6,1,"{""base_harvest_jobs"": 87, ""base_urgent_assignments"": 0, ""base_water_jobs"": 0, ""calls"": 719, ""extra_drop_assignments"": 0, ""extra_harvest_assignments"": 0, ""extra_water_assignments"": 87, ""harvest_jobs_seen"": 1431, ""last_step"": 718, ""pass_after"": 1567, ""pass_before"": 1654, ""storage_jobs_seen"": 52, ""unassigned_urgent_jobs"": 7356, ""unreachable_jobs"": 11457, ""water_jobs_seen"": 26709}",v011c_priority_scheduler,baseline
317,1,110068.0,107182.0,2886.0,win,DONE,DONE,1,719,0,0,0.675084,1.2547295,1.5051949999999998,2.336167,3.5637312910039327,0,0,[],{},"{""BUILD_PASTURE"": 12, ""CARE"": 236, ""COLLECT_FERTILIZER"": 262, ""DIG"": 19, ""DROP"": 86, ""EAST"": 962, ""FEED"": 246, ""HARVEST"": 202, ""NORTH"": 1360, ""PASS"": 1564, ""PICKUP"": 69, ""PLACE"": 12, ""PLANT"": 108, ""SOUTH"": 960, ""WATER"": 735, ""WEST"": 1129}","{""HARVEST:HIGH_VALUE"": 72, ""HARVEST:MELON"": 18, ""HARVEST:STRAWBERRY"": 54, ""WATER:HIGH_VALUE"": 564, ""WATER:MELON"": 139, ""WATER:STRAWBERRY"": 425}","{""BUY_ANIMAL"": 7, ""BUY_LAND"": 2, ""BUY_PRODUCT"": 207, ""BUY_SEED"": 54, ""HIRE"": 320, ""SELL"": 191}","{""BUY_ANIMAL:COW"": 6, ""BUY_ANIMAL:SHEEP"": 6, ""BUY_PRODUCT:WHEAT"": 588, ""BUY_SEED:CARROT"": 15, ""BUY_SEED:MELON"": 18, ""BUY_SEED:STRAWBERRY"": 38, ""BUY_SEED:WHEAT"": 37, ""SELL:CARROT"": 39, ""SELL:FERTILIZER"": 262, ""SELL:MELON"": 99, ""SELL:MILK"": 151, ""SELL:STRAWBERRY"": 115, ""SELL:WHEAT"": 469, ""SELL:WOOL"": 149}",9.344827586206897,23,1.0689655172413792,6,1,"{""base_harvest_jobs"": 87, ""base_urgent_assignments"": 0, ""base_water_jobs"": 0, ""calls"": 719, ""extra_drop_assignments"": 0, ""extra_harvest_assignments"": 0, ""extra_water_assignments"": 87, ""harvest_jobs_seen"": 1431, ""last_step"": 718, ""pass_after"": 1564, ""pass_before"": 1651, ""storage_jobs_seen"": 52, ""unassigned_urgent_jobs"": 7356, ""unreachable_jobs"": 11435, ""water_jobs_seen"": 26709}",v011c_priority_scheduler,baseline
733,0,98002.0,94143.0,3859.0,win,DONE,DONE,1,719,0,0,0.734583,1.2695702000000002,1.49072888,49.335333,3.6135953749981127,0,0,[],{},"{""BUILD_PASTURE"": 12, ""CARE"": 211, ""COLLECT_FERTILIZER"": 269, ""DIG"": 9, ""DROP"": 77, ""EAST"": 861, ""FEED"": 257, ""HARVEST"": 194, ""NORTH"": 1341, ""PASS"": 1577, ""PICKUP"": 66, ""PLACE"": 12, ""PLANT"": 104, ""SOUTH"": 1071, ""WATER"": 768, ""WEST"": 1127}","{""HARVEST:HIGH_VALUE"": 73, ""HARVEST:MELON"": 18, ""HARVEST:STRAWBERRY"": 55, ""WATER:HIGH_VALUE"": 604, ""WATER:MELON"": 138, ""WATER:STRAWBERRY"": 466}","{""BUY_ANIMAL"": 8, ""BUY_LAND"": 2, ""BUY_PRODUCT"": 205, ""BUY_SEED"": 48, ""HIRE"": 320, ""SELL"": 196}","{""BUY_ANIMAL:COW"": 8, ""BUY_ANIMAL:SHEEP"": 4, ""BUY_PRODUCT:WHEAT"": 528, ""BUY_SEED:CARROT"": 14, ""BUY_SEED:MELON"": 18, ""BUY_SEED:STRAWBERRY"": 38, ""BUY_SEED:WHEAT"": 38, ""SELL:CARROT"": 36, ""SELL:FERTILIZER"": 269, ""SELL:MELON"": 99, ""SELL:MILK"": 187, ""SELL:STRAWBERRY"": 129, ""SELL:WHEAT"": 399, ""SELL:WOOL"": 93}",8.827586206896552,25,3.5517241379310347,27,1,"{""base_harvest_jobs"": 38, ""base_urgent_assignments"": 0, ""base_water_jobs"": 0, ""calls"": 719, ""extra_drop_assignments"": 0, ""extra_harvest_assignments"": 0, ""extra_water_assignments"": 65, ""harvest_jobs_seen"": 1235, ""last_step"": 718, ""pass_after"": 1577, ""pass_before"": 1642, ""storage_jobs_seen"": 60, ""unassigned_urgent_jobs"": 7535, ""unreachable_jobs"": 10217, ""water_jobs_seen"": 27830}",v011c_priority_scheduler,baseline
733,1,99871.0,95807.0,4064.0,win,DONE,DONE,1,719,0,0,0.709541,1.2743619,1.451063060000001,1.736208,3.6143531250054366,0,0,[],{},"{""BUILD_PASTURE"": 12, ""CARE"": 212, ""COLLECT_FERTILIZER"": 269, ""DIG"": 14, ""DROP"": 88, ""EAST"": 873, ""FEED"": 254, ""HARVEST"": 198, ""NORTH"": 1372, ""PASS"": 1569, ""PICKUP"": 66, ""PLACE"": 12, ""PLANT"": 109, ""SOUTH"": 1064, ""WATER"": 791, ""WEST"": 1096}","{""HARVEST:HIGH_VALUE"": 73, ""HARVEST:MELON"": 18, ""HARVEST:STRAWBERRY"": 55, ""WATER:HIGH_VALUE"": 614, ""WATER:MELON"": 139, ""WATER:STRAWBERRY"": 475}","{""BUY_ANIMAL"": 8, ""BUY_LAND"": 2, ""BUY_PRODUCT"": 198, ""BUY_SEED"": 52, ""HIRE"": 322, ""SELL"": 203}","{""BUY_ANIMAL:COW"": 8, ""BUY_ANIMAL:SHEEP"": 4, ""BUY_PRODUCT:WHEAT"": 522, ""BUY_SEED:CARROT"": 14, ""BUY_SEED:MELON"": 18, ""BUY_SEED:STRAWBERRY"": 38, ""BUY_SEED:WHEAT"": 44, ""SELL:CARROT"": 33, ""SELL:FERTILIZER"": 269, ""SELL:MELON"": 99, ""SELL:MILK"": 183, ""SELL:STRAWBERRY"": 130, ""SELL:WHEAT"": 412, ""SELL:WOOL"": 89}",8.379310344827585,34,1.9310344827586208,20,1,"{""base_harvest_jobs"": 47, ""base_urgent_assignments"": 0, ""base_water_jobs"": 0, ""calls"": 719, ""extra_drop_assignments"": 0, ""extra_harvest_assignments"": 0, ""extra_water_assignments"": 55, ""harvest_jobs_seen"": 1265, ""last_step"": 718, ""pass_after"": 1569, ""pass_before"": 1624, ""storage_jobs_seen"": 46, ""unassigned_urgent_jobs"": 7488, ""unreachable_jobs"": 9752, ""water_jobs_seen"": 27871}",v011c_priority_scheduler,baseline
17,0,138670.0,3499.0,135171.0,win,DONE,DONE,1,719,0,0,0.685209,1.2593420000000002,1.5312863200000018,1.829125,2.282582542000455,0,0,[],{},"{""BUILD_PASTURE"": 12, ""CARE"": 239, ""COLLECT_FERTILIZER"": 272, ""DIG"": 20, ""DROP"": 85, ""EAST"": 955, ""FEED"": 252, ""HARVEST"": 205, ""NORTH"": 1338, ""PASS"": 1480, ""PICKUP"": 66, ""PLACE"": 12, ""PLANT"": 107, ""SOUTH"": 935, ""WATER"": 730, ""WEST"": 1174}","{""HARVEST:HIGH_VALUE"": 73, ""HARVEST:MELON"": 20, ""HARVEST:STRAWBERRY"": 53, ""WATER:HIGH_VALUE"": 554, ""WATER:MELON"": 152, ""WATER:STRAWBERRY"": 402}","{""BUY_ANIMAL"": 7, ""BUY_LAND"": 2, ""BUY_PRODUCT"": 202, ""BUY_SEED"": 57, ""HIRE"": 316, ""SELL"": 178}","{""BUY_ANIMAL:COW"": 10, ""BUY_ANIMAL:SHEEP"": 2, ""BUY_PRODUCT:WHEAT"": 521, ""BUY_SEED:CARROT"": 15, ""BUY_SEED:MELON"": 20, ""BUY_SEED:STRAWBERRY"": 37, ""BUY_SEED:WHEAT"": 37, ""SELL:CARROT"": 38, ""SELL:FERTILIZER"": 272, ""SELL:MELON"": 109, ""SELL:MILK"": 227, ""SELL:STRAWBERRY"": 127, ""SELL:WHEAT"": 399, ""SELL:WOOL"": 61}",10.379310344827585,27,1.1724137931034482,8,1,"{""base_harvest_jobs"": 202, ""base_urgent_assignments"": 0, ""base_water_jobs"": 0, ""calls"": 719, ""extra_drop_assignments"": 0, ""extra_harvest_assignments"": 0, ""extra_water_assignments"": 71, ""harvest_jobs_seen"": 1368, ""last_step"": 718, ""pass_after"": 1480, ""pass_before"": 1551, ""storage_jobs_seen"": 105, ""unassigned_urgent_jobs"": 7663, ""unreachable_jobs"": 12112, ""water_jobs_seen"": 27672}",v011c_priority_scheduler,starter
17,1,141671.0,3480.0,138191.0,win,DONE,DONE,1,719,0,0,0.692416,1.2730911000000003,1.5060244400000016,1.975166,2.293509750001249,0,0,[],{},"{""BUILD_PASTURE"": 12, ""CARE"": 241, ""COLLECT_FERTILIZER"": 272, ""DIG"": 23, ""DROP"": 84, ""EAST"": 962, ""FEED"": 254, ""HARVEST"": 207, ""NORTH"": 1348, ""PASS"": 1462, ""PICKUP"": 66, ""PLACE"": 12, ""PLANT"": 108, ""SOUTH"": 976, ""WATER"": 743, ""WEST"": 1175}","{""HARVEST:HIGH_VALUE"": 74, ""HARVEST:MELON"": 20, ""HARVEST:STRAWBERRY"": 54, ""WATER:HIGH_VALUE"": 567, ""WATER:MELON"": 152, ""WATER:STRAWBERRY"": 415}","{""BUY_ANIMAL"": 7, ""BUY_LAND"": 2, ""BUY_PRODUCT"": 200, ""BUY_SEED"": 56, ""HIRE"": 319, ""SELL"": 183}","{""BUY_ANIMAL:COW"": 10, ""BUY_ANIMAL:SHEEP"": 2, ""BUY_PRODUCT:WHEAT"": 531, ""BUY_SEED:CARROT"": 14, ""BUY_SEED:MELON"": 20, ""BUY_SEED:STRAWBERRY"": 37, ""BUY_SEED:WHEAT"": 39, ""SELL:CARROT"": 36, ""SELL:FERTILIZER"": 272, ""SELL:MELON"": 109, ""SELL:MILK"": 233, ""SELL:STRAWBERRY"": 128, ""SELL:WHEAT"": 409, ""SELL:WOOL"": 63}",10,28,0.41379310344827586,4,1,"{""base_harvest_jobs"": 136, ""base_urgent_assignments"": 0, ""base_water_jobs"": 0, ""calls"": 719, ""extra_drop_assignments"": 0, ""extra_harvest_assignments"": 0, ""extra_water_assignments"": 62, ""harvest_jobs_seen"": 1358, ""last_step"": 718, ""pass_after"": 1462, ""pass_before"": 1524, ""storage_jobs_seen"": 84, ""unassigned_urgent_jobs"": 7727, ""unreachable_jobs"": 11498, ""water_jobs_seen"": 28011}",v011c_priority_scheduler,starter
42,0,136622.0,3496.0,133126.0,win,DONE,DONE,1,719,0,0,0.713292,1.2840923000000002,1.5282150000000032,1.916208,2.2573951250014943,0,0,[],{},"{""BUILD_PASTURE"": 12, ""CARE"": 245, ""COLLECT_FERTILIZER"": 274, ""DIG"": 19, ""DROP"": 91, ""EAST"": 943, ""FEED"": 256, ""HARVEST"": 200, ""NORTH"": 1346, ""PASS"": 1584, ""PICKUP"": 66, ""PLACE"": 12, ""PLANT"": 101, ""SOUTH"": 974, ""WATER"": 738, ""WEST"": 1152}","{""HARVEST:HIGH_VALUE"": 68, ""HARVEST:MELON"": 20, ""HARVEST:STRAWBERRY"": 48, ""WATER:HIGH_VALUE"": 589, ""WATER:MELON"": 150, ""WATER:STRAWBERRY"": 439}","{""BUY_ANIMAL"": 6, ""BUY_LAND"": 2, ""BUY_PRODUCT"": 207, ""BUY_SEED"": 45, ""HIRE"": 322, ""SELL"": 179}","{""BUY_ANIMAL:COW"": 10, ""BUY_ANIMAL:SHEEP"": 2, ""BUY_PRODUCT:WHEAT"": 536, ""BUY_SEED:CARROT"": 12, ""BUY_SEED:MELON"": 20, ""BUY_SEED:STRAWBERRY"": 37, ""BUY_SEED:WHEAT"": 34, ""SELL:CARROT"": 33, ""SELL:FERTILIZER"": 274, ""SELL:MELON"": 109, ""SELL:MILK"": 234, ""SELL:STRAWBERRY"": 122, ""SELL:WHEAT"": 396, ""SELL:WOOL"": 67}",9.724137931034482,25,1.9655172413793103,14,1,"{""base_harvest_jobs"": 190, ""base_urgent_assignments"": 0, ""base_water_jobs"": 0, ""calls"": 719, ""extra_drop_assignments"": 0, ""extra_harvest_assignments"": 0, ""extra_water_assignments"": 84, ""harvest_jobs_seen"": 1352, ""last_step"": 718, ""pass_after"": 1584, ""pass_before"": 1668, ""storage_jobs_seen"": 96, ""unassigned_urgent_jobs"": 7763, ""unreachable_jobs"": 12183, ""water_jobs_seen"": 28312}",v011c_priority_scheduler,starter
42,1,130171.0,3480.0,126691.0,win,DONE,DONE,1,719,0,0,0.704042,1.2762369000000002,1.5167760000000006,1.8015,2.314269708003849,0,0,[],{},"{""BUILD_PASTURE"": 12, ""CARE"": 236, ""COLLECT_FERTILIZER"": 273, ""DIG"": 22, ""DROP"": 82, ""EAST"": 974, ""FEED"": 254, ""HARVEST"": 204, ""NORTH"": 1374, ""PASS"": 1426, ""PICKUP"": 67, ""PLACE"": 12, ""PLANT"": 108, ""SOUTH"": 994, ""WATER"": 740, ""WEST"": 1164}","{""HARVEST:HIGH_VALUE"": 74, ""HARVEST:MELON"": 20, ""HARVEST:STRAWBERRY"": 54, ""WATER:HIGH_VALUE"": 562, ""WATER:MELON"": 151, ""WATER:STRAWBERRY"": 411}","{""BUY_ANIMAL"": 7, ""BUY_LAND"": 2, ""BUY_PRODUCT"": 197, ""BUY_SEED"": 62, ""HIRE"": 319, ""SELL"": 189}","{""BUY_ANIMAL:COW"": 7, ""BUY_ANIMAL:SHEEP"": 5, ""BUY_PRODUCT:WHEAT"": 518, ""BUY_SEED:CARROT"": 16, ""BUY_SEED:MELON"": 20, ""BUY_SEED:STRAWBERRY"": 37, ""BUY_SEED:WHEAT"": 38, ""SELL:CARROT"": 39, ""SELL:FERTILIZER"": 273, ""SELL:MELON"": 109, ""SELL:MILK"": 174, ""SELL:STRAWBERRY"": 128, ""SELL:WHEAT"": 389, ""SELL:WOOL"": 108}",10.241379310344827,29,2.1724137931034484,12,1,"{""base_harvest_jobs"": 215, ""base_urgent_assignments"": 0, ""base_water_jobs"": 0, ""calls"": 719, ""extra_drop_assignments"": 0, ""extra_harvest_assignments"": 0, ""extra_water_assignments"": 75, ""harvest_jobs_seen"": 1495, ""last_step"": 718, ""pass_after"": 1426, ""pass_before"": 1501, ""storage_jobs_seen"": 78, ""unassigned_urgent_jobs"": 7671, ""unreachable_jobs"": 11404, ""water_jobs_seen"": 27943}",v011c_priority_scheduler,starter
2026,0,137555.0,3483.0,134072.0,win,DONE,DONE,1,719,0,0,0.711042,1.2784542,1.60183812,20.393833,2.3892310000010184,0,0,[],{},"{""BUILD_PASTURE"": 12, ""CARE"": 229, ""COLLECT_FERTILIZER"": 272, ""DIG"": 18, ""DROP"": 82, ""EAST"": 947, ""FEED"": 255, ""HARVEST"": 209, ""NORTH"": 1375, ""PASS"": 1429, ""PICKUP"": 67, ""PLACE"": 12, ""PLANT"": 110, ""SOUTH"": 1017, ""WATER"": 749, ""WEST"": 1161}","{""HARVEST:HIGH_VALUE"": 74, ""HARVEST:MELON"": 20, ""HARVEST:STRAWBERRY"": 54, ""WATER:HIGH_VALUE"": 566, ""WATER:MELON"": 151, ""WATER:STRAWBERRY"": 415}","{""BUY_ANIMAL"": 7, ""BUY_LAND"": 2, ""BUY_PRODUCT"": 194, ""BUY_SEED"": 58, ""HIRE"": 319, ""SELL"": 179}","{""BUY_ANIMAL:COW"": 9, ""BUY_ANIMAL:SHEEP"": 3, ""BUY_PRODUCT:WHEAT"": 514, ""BUY_SEED:CARROT"": 14, ""BUY_SEED:MELON"": 20, ""BUY_SEED:STRAWBERRY"": 37, ""BUY_SEED:WHEAT"": 40, ""SELL:CARROT"": 36, ""SELL:FERTILIZER"": 272, ""SELL:MELON"": 109, ""SELL:MILK"": 219, ""SELL:STRAWBERRY"": 128, ""SELL:WHEAT"": 395, ""SELL:WOOL"": 72}",10.344827586206897,30,1.9310344827586208,11,1,"{""base_harvest_jobs"": 185, ""base_urgent_assignments"": 0, ""base_water_jobs"": 0, ""calls"": 719, ""extra_drop_assignments"": 0, ""extra_harvest_assignments"": 0, ""extra_water_assignments"": 105, ""harvest_jobs_seen"": 1362, ""last_step"": 718, ""pass_after"": 1429, ""pass_before"": 1534, ""storage_jobs_seen"": 85, ""unassigned_urgent_jobs"": 7568, ""unreachable_jobs"": 11147, ""water_jobs_seen"": 27852}",v011c_priority_scheduler,starter
2026,1,135627.0,3489.0,132138.0,win,DONE,DONE,1,719,0,0,0.691417,1.2493372000000003,1.4910929400000001,1.754667,2.2628767089991015,0,0,[],{},"{""BUILD_PASTURE"": 12, ""CARE"": 235, ""COLLECT_FERTILIZER"": 270, ""DIG"": 23, ""DROP"": 83, ""EAST"": 920, ""FEED"": 257, ""HARVEST"": 205, ""NORTH"": 1371, ""PASS"": 1456, ""PICKUP"": 67, ""PLACE"": 12, ""PLANT"": 108, ""SOUTH"": 1005, ""WATER"": 752, ""WEST"": 1147}","{""HARVEST:HIGH_VALUE"": 74, ""HARVEST:MELON"": 20, ""HARVEST:STRAWBERRY"": 54, ""WATER:HIGH_VALUE"": 574, ""WATER:MELON"": 151, ""WATER:STRAWBERRY"": 423}","{""BUY_ANIMAL"": 7, ""BUY_LAND"": 2, ""BUY_PRODUCT"": 191, ""BUY_SEED"": 58, ""HIRE"": 318, ""SELL"": 184}","{""BUY_ANIMAL:COW"": 9, ""BUY_ANIMAL:SHEEP"": 3, ""BUY_PRODUCT:WHEAT"": 520, ""BUY_SEED:CARROT"": 13, ""BUY_SEED:MELON"": 20, ""BUY_SEED:STRAWBERRY"": 37, ""BUY_SEED:WHEAT"": 40, ""SELL:CARROT"": 30, ""SELL:FERTILIZER"": 270, ""SELL:MELON"": 109, ""SELL:MILK"": 214, ""SELL:STRAWBERRY"": 128, ""SELL:WHEAT"": 400, ""SELL:WOOL"": 78}",10,31,1.2413793103448276,7,1,"{""base_harvest_jobs"": 155, ""base_urgent_assignments"": 0, ""base_water_jobs"": 0, ""calls"": 719, ""extra_drop_assignments"": 0, ""extra_harvest_assignments"": 0, ""extra_water_assignments"": 91, ""harvest_jobs_seen"": 1288, ""last_step"": 718, ""pass_after"": 1456, ""pass_before"": 1547, ""storage_jobs_seen"": 96, ""unassigned_urgent_jobs"": 7610, ""unreachable_jobs"": 11439, ""water_jobs_seen"": 27906}",v011c_priority_scheduler,starter
217,0,131236.0,3499.0,127737.0,win,DONE,DONE,1,719,0,0,0.7045,1.2755625,1.5339945000000021,2.007,2.3115179169981275,0,0,[],{},"{""BUILD_PASTURE"": 12, ""CARE"": 240, ""COLLECT_FERTILIZER"": 271, ""DIG"": 22, ""DROP"": 86, ""EAST"": 902, ""FEED"": 255, ""HARVEST"": 206, ""NORTH"": 1381, ""PASS"": 1435, ""PICKUP"": 67, ""PLACE"": 12, ""PLANT"": 109, ""SOUTH"": 1046, ""WATER"": 753, ""WEST"": 1123}","{""HARVEST:HIGH_VALUE"": 74, ""HARVEST:MELON"": 20, ""HARVEST:STRAWBERRY"": 54, ""WATER:HIGH_VALUE"": 572, ""WATER:MELON"": 151, ""WATER:STRAWBERRY"": 421}","{""BUY_ANIMAL"": 7, ""BUY_LAND"": 2, ""BUY_PRODUCT"": 198, ""BUY_SEED"": 60, ""HIRE"": 318, ""SELL"": 192}","{""BUY_ANIMAL:COW"": 9, ""BUY_ANIMAL:SHEEP"": 3, ""BUY_PRODUCT:WHEAT"": 518, ""BUY_SEED:CARROT"": 15, ""BUY_SEED:MELON"": 20, ""BUY_SEED:STRAWBERRY"": 37, ""BUY_SEED:WHEAT"": 39, ""SELL:CARROT"": 36, ""SELL:FERTILIZER"": 271, ""SELL:MELON"": 109, ""SELL:MILK"": 206, ""SELL:STRAWBERRY"": 128, ""SELL:WHEAT"": 401, ""SELL:WOOL"": 84}",10.172413793103448,30,1.1379310344827587,8,1,"{""base_harvest_jobs"": 217, ""base_urgent_assignments"": 0, ""base_water_jobs"": 0, ""calls"": 719, ""extra_drop_assignments"": 0, ""extra_harvest_assignments"": 0, ""extra_water_assignments"": 96, ""harvest_jobs_seen"": 1469, ""last_step"": 718, ""pass_after"": 1435, ""pass_before"": 1531, ""storage_jobs_seen"": 85, ""unassigned_urgent_jobs"": 7668, ""unreachable_jobs"": 11370, ""water_jobs_seen"": 28121}",v011c_priority_scheduler,starter
217,1,137977.0,3475.0,134502.0,win,DONE,DONE,1,719,0,0,0.719417,1.2971586,1.4682301200000007,1.906167,2.2643527909967816,0,0,[],{},"{""BUILD_PASTURE"": 12, ""CARE"": 236, ""COLLECT_FERTILIZER"": 270, ""DIG"": 27, ""DROP"": 77, ""EAST"": 928, ""FEED"": 261, ""HARVEST"": 202, ""NORTH"": 1316, ""PASS"": 1523, ""PICKUP"": 67, ""PLACE"": 12, ""PLANT"": 105, ""SOUTH"": 1014, ""WATER"": 753, ""WEST"": 1158}","{""HARVEST:HIGH_VALUE"": 68, ""HARVEST:MELON"": 20, ""HARVEST:STRAWBERRY"": 48, ""WATER:HIGH_VALUE"": 588, ""WATER:MELON"": 150, ""WATER:STRAWBERRY"": 438}","{""BUY_ANIMAL"": 6, ""BUY_LAND"": 2, ""BUY_PRODUCT"": 209, ""BUY_SEED"": 52, ""HIRE"": 320, ""SELL"": 189}","{""BUY_ANIMAL:COW"": 8, ""BUY_ANIMAL:SHEEP"": 4, ""BUY_PRODUCT:WHEAT"": 532, ""BUY_SEED:CARROT"": 13, ""BUY_SEED:MELON"": 20, ""BUY_SEED:STRAWBERRY"": 37, ""BUY_SEED:WHEAT"": 40, ""SELL:CARROT"": 30, ""SELL:FERTILIZER"": 270, ""SELL:MELON"": 109, ""SELL:MILK"": 204, ""SELL:STRAWBERRY"": 122, ""SELL:WHEAT"": 406, ""SELL:WOOL"": 95}",9.862068965517242,24,1.7586206896551724,13,1,"{""base_harvest_jobs"": 94, ""base_urgent_assignments"": 0, ""base_water_jobs"": 0, ""calls"": 719, ""extra_drop_assignments"": 0, ""extra_harvest_assignments"": 0, ""extra_water_assignments"": 60, ""harvest_jobs_seen"": 1210, ""last_step"": 718, ""pass_after"": 1523, ""pass_before"": 1583, ""storage_jobs_seen"": 65, ""unassigned_urgent_jobs"": 7609, ""unreachable_jobs"": 11331, ""water_jobs_seen"": 28301}",v011c_priority_scheduler,starter
317,0,121641.0,3499.0,118142.0,win,DONE,DONE,1,719,0,0,0.710541,1.2894247000000003,1.521687440000001,39.4445,2.308175875004963,0,0,[],{},"{""BUILD_PASTURE"": 12, ""CARE"": 228, ""COLLECT_FERTILIZER"": 269, ""DIG"": 21, ""DROP"": 87, ""EAST"": 957, ""FEED"": 248, ""HARVEST"": 204, ""NORTH"": 1359, ""PASS"": 1476, ""PICKUP"": 64, ""PLACE"": 12, ""PLANT"": 114, ""SOUTH"": 994, ""WATER"": 751, ""WEST"": 1162}","{""HARVEST:HIGH_VALUE"": 74, ""HARVEST:MELON"": 20, ""HARVEST:STRAWBERRY"": 54, ""WATER:HIGH_VALUE"": 560, ""WATER:MELON"": 153, ""WATER:STRAWBERRY"": 407}","{""BUY_ANIMAL"": 8, ""BUY_LAND"": 2, ""BUY_PRODUCT"": 199, ""BUY_SEED"": 61, ""HIRE"": 320, ""SELL"": 198}","{""BUY_ANIMAL:COW"": 7, ""BUY_ANIMAL:SHEEP"": 5, ""BUY_PRODUCT:WHEAT"": 506, ""BUY_SEED:CARROT"": 14, ""BUY_SEED:MELON"": 20, ""BUY_SEED:STRAWBERRY"": 37, ""BUY_SEED:WHEAT"": 44, ""SELL:CARROT"": 30, ""SELL:FERTILIZER"": 269, ""SELL:MELON"": 109, ""SELL:MILK"": 159, ""SELL:STRAWBERRY"": 128, ""SELL:WHEAT"": 406, ""SELL:WOOL"": 118}",10.241379310344827,31,1.7241379310344827,11,1,"{""base_harvest_jobs"": 210, ""base_urgent_assignments"": 0, ""base_water_jobs"": 0, ""calls"": 719, ""extra_drop_assignments"": 0, ""extra_harvest_assignments"": 0, ""extra_water_assignments"": 73, ""harvest_jobs_seen"": 1705, ""last_step"": 718, ""pass_after"": 1476, ""pass_before"": 1549, ""storage_jobs_seen"": 174, ""unassigned_urgent_jobs"": 7976, ""unreachable_jobs"": 11845, ""water_jobs_seen"": 28155}",v011c_priority_scheduler,starter
317,1,121641.0,3499.0,118142.0,win,DONE,DONE,1,719,0,0,0.7085,1.2876958,1.5224475000000004,1.903875,2.313147291999485,0,0,[],{},"{""BUILD_PASTURE"": 12, ""CARE"": 228, ""COLLECT_FERTILIZER"": 269, ""DIG"": 22, ""DROP"": 87, ""EAST"": 957, ""FEED"": 248, ""HARVEST"": 204, ""NORTH"": 1362, ""PASS"": 1472, ""PICKUP"": 64, ""PLACE"": 12, ""PLANT"": 114, ""SOUTH"": 994, ""WATER"": 751, ""WEST"": 1162}","{""HARVEST:HIGH_VALUE"": 74, ""HARVEST:MELON"": 20, ""HARVEST:STRAWBERRY"": 54, ""WATER:HIGH_VALUE"": 560, ""WATER:MELON"": 153, ""WATER:STRAWBERRY"": 407}","{""BUY_ANIMAL"": 8, ""BUY_LAND"": 2, ""BUY_PRODUCT"": 199, ""BUY_SEED"": 61, ""HIRE"": 320, ""SELL"": 198}","{""BUY_ANIMAL:COW"": 7, ""BUY_ANIMAL:SHEEP"": 5, ""BUY_PRODUCT:WHEAT"": 506, ""BUY_SEED:CARROT"": 14, ""BUY_SEED:MELON"": 20, ""BUY_SEED:STRAWBERRY"": 37, ""BUY_SEED:WHEAT"": 44, ""SELL:CARROT"": 30, ""SELL:FERTILIZER"": 269, ""SELL:MELON"": 109, ""SELL:MILK"": 159, ""SELL:STRAWBERRY"": 128, ""SELL:WHEAT"": 406, ""SELL:WOOL"": 118}",10.241379310344827,31,1.5517241379310345,10,1,"{""base_harvest_jobs"": 210, ""base_urgent_assignments"": 0, ""base_water_jobs"": 0, ""calls"": 719, ""extra_drop_assignments"": 0, ""extra_harvest_assignments"": 0, ""extra_water_assignments"": 73, ""harvest_jobs_seen"": 1705, ""last_step"": 718, ""pass_after"": 1472, ""pass_before"": 1545, ""storage_jobs_seen"": 174, ""unassigned_urgent_jobs"": 7976, ""unreachable_jobs"": 11854, ""water_jobs_seen"": 28155}",v011c_priority_scheduler,starter
733,0,131673.0,3493.0,128180.0,win,DONE,DONE,1,719,0,0,0.716208,1.2956837,1.55338756,53.310416,2.329058458999498,0,0,[],{},"{""BUILD_PASTURE"": 12, ""CARE"": 234, ""COLLECT_FERTILIZER"": 269, ""DIG"": 19, ""DROP"": 85, ""EAST"": 944, ""FEED"": 257, ""HARVEST"": 204, ""NORTH"": 1334, ""PASS"": 1504, ""PICKUP"": 64, ""PLACE"": 12, ""PLANT"": 109, ""SOUTH"": 996, ""WATER"": 746, ""WEST"": 1176}","{""HARVEST:HIGH_VALUE"": 73, ""HARVEST:MELON"": 20, ""HARVEST:STRAWBERRY"": 53, ""WATER:HIGH_VALUE"": 563, ""WATER:MELON"": 151, ""WATER:STRAWBERRY"": 412}","{""BUY_ANIMAL"": 7, ""BUY_LAND"": 2, ""BUY_PRODUCT"": 198, ""BUY_SEED"": 57, ""HIRE"": 320, ""SELL"": 185}","{""BUY_ANIMAL:COW"": 9, ""BUY_ANIMAL:SHEEP"": 3, ""BUY_PRODUCT:WHEAT"": 528, ""BUY_SEED:CARROT"": 13, ""BUY_SEED:MELON"": 20, ""BUY_SEED:STRAWBERRY"": 37, ""BUY_SEED:WHEAT"": 42, ""SELL:CARROT"": 27, ""SELL:FERTILIZER"": 269, ""SELL:MELON"": 109, ""SELL:MILK"": 212, ""SELL:STRAWBERRY"": 127, ""SELL:WHEAT"": 416, ""SELL:WOOL"": 78}",10.310344827586206,30,2.103448275862069,13,1,"{""base_harvest_jobs"": 130, ""base_urgent_assignments"": 0, ""base_water_jobs"": 0, ""calls"": 719, ""extra_drop_assignments"": 0, ""extra_harvest_assignments"": 0, ""extra_water_assignments"": 67, ""harvest_jobs_seen"": 1486, ""last_step"": 718, ""pass_after"": 1504, ""pass_before"": 1571, ""storage_jobs_seen"": 94, ""unassigned_urgent_jobs"": 7645, ""unreachable_jobs"": 11329, ""water_jobs_seen"": 27930}",v011c_priority_scheduler,starter
733,1,127630.0,3493.0,124137.0,win,DONE,DONE,1,719,0,0,0.715792,1.3122673000000002,1.5675511800000015,41.537125,2.2823783330022707,0,0,[],{},"{""BUILD_PASTURE"": 12, ""CARE"": 234, ""COLLECT_FERTILIZER"": 270, ""DIG"": 23, ""DROP"": 85, ""EAST"": 946, ""FEED"": 251, ""HARVEST"": 205, ""NORTH"": 1405, ""PASS"": 1433, ""PICKUP"": 67, ""PLACE"": 12, ""PLANT"": 109, ""SOUTH"": 1003, ""WATER"": 724, ""WEST"": 1166}","{""HARVEST:HIGH_VALUE"": 74, ""HARVEST:MELON"": 20, ""HARVEST:STRAWBERRY"": 54, ""WATER:HIGH_VALUE"": 549, ""WATER:MELON"": 152, ""WATER:STRAWBERRY"": 397}","{""BUY_ANIMAL"": 7, ""BUY_LAND"": 2, ""BUY_PRODUCT"": 195, ""BUY_SEED"": 62, ""HIRE"": 319, ""SELL"": 190}","{""BUY_ANIMAL:COW"": 8, ""BUY_ANIMAL:SHEEP"": 4, ""BUY_PRODUCT:WHEAT"": 515, ""BUY_SEED:CARROT"": 15, ""BUY_SEED:MELON"": 20, ""BUY_SEED:STRAWBERRY"": 37, ""BUY_SEED:WHEAT"": 39, ""SELL:CARROT"": 36, ""SELL:FERTILIZER"": 270, ""SELL:MELON"": 109, ""SELL:MILK"": 191, ""SELL:STRAWBERRY"": 128, ""SELL:WHEAT"": 392, ""SELL:WOOL"": 94}",10.689655172413794,30,1.4827586206896552,10,1,"{""base_harvest_jobs"": 320, ""base_urgent_assignments"": 0, ""base_water_jobs"": 0, ""calls"": 719, ""extra_drop_assignments"": 0, ""extra_harvest_assignments"": 0, ""extra_water_assignments"": 82, ""harvest_jobs_seen"": 1661, ""last_step"": 718, ""pass_after"": 1433, ""pass_before"": 1515, ""storage_jobs_seen"": 98, ""unassigned_urgent_jobs"": 7688, ""unreachable_jobs"": 11294, ""water_jobs_seen"": 27908}",v011c_priority_scheduler,starter
17,0,133934.0,0.0,133934.0,win,DONE,DONE,1,719,0,0,0.703708,1.3270044,1.5361298800000012,45.488792,2.3921332089958014,0,0,[],{},"{""BUILD_PASTURE"": 12, ""CARE"": 227, ""COLLECT_FERTILIZER"": 266, ""DIG"": 23, ""DROP"": 81, ""EAST"": 927, ""FEED"": 256, ""HARVEST"": 207, ""NORTH"": 1353, ""PASS"": 1438, ""PICKUP"": 66, ""PLACE"": 12, ""PLANT"": 111, ""SOUTH"": 1012, ""WATER"": 754, ""WEST"": 1173}","{""HARVEST:HIGH_VALUE"": 73, ""HARVEST:MELON"": 20, ""HARVEST:STRAWBERRY"": 53, ""WATER:HIGH_VALUE"": 567, ""WATER:MELON"": 152, ""WATER:STRAWBERRY"": 415}","{""BUY_ANIMAL"": 7, ""BUY_LAND"": 2, ""BUY_PRODUCT"": 197, ""BUY_SEED"": 59, ""HIRE"": 318, ""SELL"": 185}","{""BUY_ANIMAL:COW"": 9, ""BUY_ANIMAL:SHEEP"": 3, ""BUY_PRODUCT:WHEAT"": 551, ""BUY_SEED:CARROT"": 13, ""BUY_SEED:MELON"": 20, ""BUY_SEED:STRAWBERRY"": 37, ""BUY_SEED:WHEAT"": 42, ""SELL:CARROT"": 33, ""SELL:FERTILIZER"": 266, ""SELL:MELON"": 109, ""SELL:MILK"": 213, ""SELL:STRAWBERRY"": 127, ""SELL:WHEAT"": 439, ""SELL:WOOL"": 80}",10.137931034482758,29,0.6206896551724138,7,1,"{""base_harvest_jobs"": 183, ""base_urgent_assignments"": 0, ""base_water_jobs"": 0, ""calls"": 719, ""extra_drop_assignments"": 0, ""extra_harvest_assignments"": 0, ""extra_water_assignments"": 72, ""harvest_jobs_seen"": 1662, ""last_step"": 718, ""pass_after"": 1438, ""pass_before"": 1510, ""storage_jobs_seen"": 109, ""unassigned_urgent_jobs"": 7730, ""unreachable_jobs"": 10698, ""water_jobs_seen"": 28014}",v011c_priority_scheduler,random
17,1,118776.0,0.0,118776.0,win,DONE,DONE,1,719,0,0,0.712709,1.3044590000000003,1.529605000000001,49.086834,2.3695807920012157,0,0,[],{},"{""BUILD_PASTURE"": 12, ""CARE"": 223, ""COLLECT_FERTILIZER"": 262, ""DIG"": 24, ""DROP"": 79, ""EAST"": 972, ""FEED"": 251, ""HARVEST"": 205, ""NORTH"": 1329, ""PASS"": 1464, ""PICKUP"": 65, ""PLACE"": 12, ""PLANT"": 113, ""SOUTH"": 1006, ""WATER"": 741, ""WEST"": 1179}","{""HARVEST:HIGH_VALUE"": 74, ""HARVEST:MELON"": 20, ""HARVEST:STRAWBERRY"": 54, ""WATER:HIGH_VALUE"": 560, ""WATER:MELON"": 152, ""WATER:STRAWBERRY"": 408}","{""BUY_ANIMAL"": 8, ""BUY_LAND"": 2, ""BUY_PRODUCT"": 199, ""BUY_SEED"": 61, ""HIRE"": 319, ""SELL"": 197}","{""BUY_ANIMAL:COW"": 7, ""BUY_ANIMAL:SHEEP"": 5, ""BUY_PRODUCT:WHEAT"": 530, ""BUY_SEED:CARROT"": 15, ""BUY_SEED:MELON"": 20, ""BUY_SEED:STRAWBERRY"": 37, ""BUY_SEED:WHEAT"": 42, ""SELL:CARROT"": 33, ""SELL:FERTILIZER"": 262, ""SELL:MELON"": 109, ""SELL:MILK"": 167, ""SELL:STRAWBERRY"": 128, ""SELL:WHEAT"": 414, ""SELL:WOOL"": 117}",10.03448275862069,32,0.7931034482758621,6,1,"{""base_harvest_jobs"": 143, ""base_urgent_assignments"": 0, ""base_water_jobs"": 0, ""calls"": 719, ""extra_drop_assignments"": 0, ""extra_harvest_assignments"": 0, ""extra_water_assignments"": 62, ""harvest_jobs_seen"": 1634, ""last_step"": 718, ""pass_after"": 1464, ""pass_before"": 1526, ""storage_jobs_seen"": 143, ""unassigned_urgent_jobs"": 7671, ""unreachable_jobs"": 11066, ""water_jobs_seen"": 27545}",v011c_priority_scheduler,random
42,0,132548.0,0.0,132548.0,win,DONE,DONE,1,719,0,0,0.712208,1.3024122,1.6495525600000058,47.531375,2.3555865829985123,0,0,[],{},"{""BUILD_PASTURE"": 12, ""CARE"": 231, ""COLLECT_FERTILIZER"": 273, ""DIG"": 25, ""DROP"": 79, ""EAST"": 904, ""FEED"": 260, ""HARVEST"": 194, ""NORTH"": 1284, ""PASS"": 1599, ""PICKUP"": 68, ""PLACE"": 12, ""PLANT"": 102, ""SOUTH"": 995, ""WATER"": 764, ""WEST"": 1139}","{""HARVEST:HIGH_VALUE"": 67, ""HARVEST:MELON"": 20, ""HARVEST:STRAWBERRY"": 47, ""WATER:HIGH_VALUE"": 608, ""WATER:MELON"": 150, ""WATER:STRAWBERRY"": 458}","{""BUY_ANIMAL"": 7, ""BUY_LAND"": 2, ""BUY_PRODUCT"": 202, ""BUY_SEED"": 48, ""HIRE"": 319, ""SELL"": 187}","{""BUY_ANIMAL:COW"": 7, ""BUY_ANIMAL:SHEEP"": 5, ""BUY_PRODUCT:WHEAT"": 527, ""BUY_SEED:CARROT"": 13, ""BUY_SEED:MELON"": 20, ""BUY_SEED:STRAWBERRY"": 37, ""BUY_SEED:WHEAT"": 39, ""SELL:CARROT"": 33, ""SELL:FERTILIZER"": 273, ""SELL:MELON"": 109, ""SELL:MILK"": 186, ""SELL:STRAWBERRY"": 121, ""SELL:WHEAT"": 390, ""SELL:WOOL"": 108}",8.655172413793103,23,1.896551724137931,12,1,"{""base_harvest_jobs"": 107, ""base_urgent_assignments"": 0, ""base_water_jobs"": 0, ""calls"": 719, ""extra_drop_assignments"": 0, ""extra_harvest_assignments"": 0, ""extra_water_assignments"": 70, ""harvest_jobs_seen"": 1095, ""last_step"": 718, ""pass_after"": 1599, ""pass_before"": 1669, ""storage_jobs_seen"": 68, ""unassigned_urgent_jobs"": 7517, ""unreachable_jobs"": 11910, ""water_jobs_seen"": 28194}",v011c_priority_scheduler,random
42,1,127999.0,40.0,127959.0,win,DONE,DONE,1,719,0,0,0.699708,1.3099753,1.5421756800000006,46.311125,2.3722780419993796,0,0,[],{},"{""BUILD_PASTURE"": 12, ""CARE"": 239, ""COLLECT_FERTILIZER"": 272, ""DIG"": 22, ""DROP"": 81, ""EAST"": 907, ""FEED"": 257, ""HARVEST"": 207, ""NORTH"": 1355, ""PASS"": 1489, ""PICKUP"": 67, ""PLACE"": 12, ""PLANT"": 107, ""SOUTH"": 1011, ""WATER"": 731, ""WEST"": 1150}","{""HARVEST:HIGH_VALUE"": 74, ""HARVEST:MELON"": 20, ""HARVEST:STRAWBERRY"": 54, ""WATER:HIGH_VALUE"": 561, ""WATER:MELON"": 151, ""WATER:STRAWBERRY"": 410}","{""BUY_ANIMAL"": 7, ""BUY_LAND"": 2, ""BUY_PRODUCT"": 203, ""BUY_SEED"": 60, ""HIRE"": 318, ""SELL"": 189}","{""BUY_ANIMAL:COW"": 8, ""BUY_ANIMAL:SHEEP"": 4, ""BUY_PRODUCT:WHEAT"": 525, ""BUY_SEED:CARROT"": 17, ""BUY_SEED:MELON"": 20, ""BUY_SEED:STRAWBERRY"": 37, ""BUY_SEED:WHEAT"": 37, ""SELL:CARROT"": 36, ""SELL:FERTILIZER"": 272, ""SELL:MELON"": 109, ""SELL:MILK"": 203, ""SELL:STRAWBERRY"": 128, ""SELL:WHEAT"": 391, ""SELL:WOOL"": 97}",10.379310344827585,30,1.1724137931034482,7,1,"{""base_harvest_jobs"": 257, ""base_urgent_assignments"": 0, ""base_water_jobs"": 0, ""calls"": 719, ""extra_drop_assignments"": 0, ""extra_harvest_assignments"": 0, ""extra_water_assignments"": 90, ""harvest_jobs_seen"": 1499, ""last_step"": 718, ""pass_after"": 1489, ""pass_before"": 1579, ""storage_jobs_seen"": 119, ""unassigned_urgent_jobs"": 7720, ""unreachable_jobs"": 11979, ""water_jobs_seen"": 27951}",v011c_priority_scheduler,random
2026,0,133032.0,0.0,133032.0,win,DONE,DONE,1,719,0,0,0.700625,1.3062423000000003,1.598195680000002,29.843333,2.404360959000769,0,0,[],{},"{""BUILD_PASTURE"": 12, ""CARE"": 233, ""COLLECT_FERTILIZER"": 268, ""DIG"": 21, ""DROP"": 77, ""EAST"": 935, ""FEED"": 253, ""HARVEST"": 202, ""NORTH"": 1325, ""PASS"": 1547, ""PICKUP"": 67, ""PLACE"": 12, ""PLANT"": 106, ""SOUTH"": 988, ""WATER"": 757, ""WEST"": 1111}","{""HARVEST:HIGH_VALUE"": 74, ""HARVEST:MELON"": 20, ""HARVEST:STRAWBERRY"": 54, ""WATER:HIGH_VALUE"": 586, ""WATER:MELON"": 151, ""WATER:STRAWBERRY"": 435}","{""BUY_ANIMAL"": 7, ""BUY_LAND"": 2, ""BUY_PRODUCT"": 194, ""BUY_SEED"": 57, ""HIRE"": 318, ""SELL"": 190}","{""BUY_ANIMAL:COW"": 6, ""BUY_ANIMAL:SHEEP"": 6, ""BUY_PRODUCT:WHEAT"": 533, ""BUY_SEED:CARROT"": 13, ""BUY_SEED:MELON"": 20, ""BUY_SEED:STRAWBERRY"": 37, ""BUY_SEED:WHEAT"": 40, ""SELL:CARROT"": 33, ""SELL:FERTILIZER"": 268, ""SELL:MELON"": 109, ""SELL:MILK"": 152, ""SELL:STRAWBERRY"": 128, ""SELL:WHEAT"": 414, ""SELL:WOOL"": 134}",9.620689655172415,28,1.2413793103448276,14,1,"{""base_harvest_jobs"": 211, ""base_urgent_assignments"": 0, ""base_water_jobs"": 0, ""calls"": 719, ""extra_drop_assignments"": 0, ""extra_harvest_assignments"": 0, ""extra_water_assignments"": 73, ""harvest_jobs_seen"": 1721, ""last_step"": 718, ""pass_after"": 1547, ""pass_before"": 1620, ""storage_jobs_seen"": 113, ""unassigned_urgent_jobs"": 7942, ""unreachable_jobs"": 11146, ""water_jobs_seen"": 28395}",v011c_priority_scheduler,random
2026,1,137281.0,0.0,137281.0,win,DONE,DONE,1,719,0,0,0.688,1.3134456,1.593932500000001,39.720791,2.33243579199916,0,0,[],{},"{""BUILD_PASTURE"": 12, ""CARE"": 232, ""COLLECT_FERTILIZER"": 267, ""DIG"": 23, ""DROP"": 80, ""EAST"": 970, ""FEED"": 255, ""HARVEST"": 198, ""NORTH"": 1341, ""PASS"": 1450, ""PICKUP"": 67, ""PLACE"": 12, ""PLANT"": 105, ""SOUTH"": 967, ""WATER"": 735, ""WEST"": 1188}","{""HARVEST:HIGH_VALUE"": 73, ""HARVEST:MELON"": 20, ""HARVEST:STRAWBERRY"": 53, ""WATER:HIGH_VALUE"": 565, ""WATER:MELON"": 154, ""WATER:STRAWBERRY"": 411}","{""BUY_ANIMAL"": 7, ""BUY_LAND"": 2, ""BUY_PRODUCT"": 200, ""BUY_SEED"": 55, ""HIRE"": 317, ""SELL"": 179}","{""BUY_ANIMAL:COW"": 10, ""BUY_ANIMAL:SHEEP"": 2, ""BUY_PRODUCT:WHEAT"": 521, ""BUY_SEED:CARROT"": 12, ""BUY_SEED:MELON"": 20, ""BUY_SEED:STRAWBERRY"": 37, ""BUY_SEED:WHEAT"": 37, ""SELL:CARROT"": 33, ""SELL:FERTILIZER"": 267, ""SELL:MELON"": 109, ""SELL:MILK"": 227, ""SELL:STRAWBERRY"": 127, ""SELL:WHEAT"": 392, ""SELL:WOOL"": 61}",9.89655172413793,27,0.5862068965517241,5,1,"{""base_harvest_jobs"": 334, ""base_urgent_assignments"": 0, ""base_water_jobs"": 0, ""calls"": 719, ""extra_drop_assignments"": 0, ""extra_harvest_assignments"": 0, ""extra_water_assignments"": 90, ""harvest_jobs_seen"": 1615, ""last_step"": 718, ""pass_after"": 1450, ""pass_before"": 1540, ""storage_jobs_seen"": 137, ""unassigned_urgent_jobs"": 7834, ""unreachable_jobs"": 11421, ""water_jobs_seen"": 27819}",v011c_priority_scheduler,random
217,0,137235.0,0.0,137235.0,win,DONE,DONE,1,719,0,0,0.707625,1.2980208000000002,1.549613180000001,31.27125,2.3738679160014726,0,0,[],{},"{""BUILD_PASTURE"": 12, ""CARE"": 235, ""COLLECT_FERTILIZER"": 271, ""DIG"": 23, ""DROP"": 88, ""EAST"": 945, ""FEED"": 254, ""HARVEST"": 212, ""NORTH"": 1383, ""PASS"": 1399, ""PICKUP"": 67, ""PLACE"": 12, ""PLANT"": 114, ""SOUTH"": 1023, ""WATER"": 762, ""WEST"": 1170}","{""HARVEST:HIGH_VALUE"": 74, ""HARVEST:MELON"": 20, ""HARVEST:STRAWBERRY"": 54, ""WATER:HIGH_VALUE"": 570, ""WATER:MELON"": 153, ""WATER:STRAWBERRY"": 417}","{""BUY_ANIMAL"": 7, ""BUY_LAND"": 2, ""BUY_PRODUCT"": 195, ""BUY_SEED"": 63, ""HIRE"": 320, ""SELL"": 185}","{""BUY_ANIMAL:COW"": 10, ""BUY_ANIMAL:SHEEP"": 2, ""BUY_PRODUCT:WHEAT"": 519, ""BUY_SEED:CARROT"": 17, ""BUY_SEED:MELON"": 20, ""BUY_SEED:STRAWBERRY"": 37, ""BUY_SEED:WHEAT"": 42, ""SELL:CARROT"": 42, ""SELL:FERTILIZER"": 271, ""SELL:MELON"": 109, ""SELL:MILK"": 235, ""SELL:STRAWBERRY"": 128, ""SELL:WHEAT"": 404, ""SELL:WOOL"": 63}",10.206896551724139,30,1.1724137931034482,8,1,"{""base_harvest_jobs"": 174, ""base_urgent_assignments"": 0, ""base_water_jobs"": 0, ""calls"": 719, ""extra_drop_assignments"": 0, ""extra_harvest_assignments"": 0, ""extra_water_assignments"": 90, ""harvest_jobs_seen"": 1512, ""last_step"": 718, ""pass_after"": 1399, ""pass_before"": 1489, ""storage_jobs_seen"": 65, ""unassigned_urgent_jobs"": 7769, ""unreachable_jobs"": 10880, ""water_jobs_seen"": 28257}",v011c_priority_scheduler,random
217,1,128240.0,0.0,128240.0,win,DONE,DONE,1,719,0,0,0.754584,1.3274211,1.5764643800000022,3.994083,2.434943166997982,0,0,[],{},"{""BUILD_PASTURE"": 12, ""CARE"": 233, ""COLLECT_FERTILIZER"": 264, ""DIG"": 23, ""DROP"": 85, ""EAST"": 974, ""FEED"": 261, ""HARVEST"": 202, ""NORTH"": 1373, ""PASS"": 1490, ""PICKUP"": 67, ""PLACE"": 12, ""PLANT"": 104, ""SOUTH"": 955, ""WATER"": 724, ""WEST"": 1164}","{""HARVEST:HIGH_VALUE"": 72, ""HARVEST:MELON"": 20, ""HARVEST:STRAWBERRY"": 52, ""WATER:HIGH_VALUE"": 567, ""WATER:MELON"": 150, ""WATER:STRAWBERRY"": 417}","{""BUY_ANIMAL"": 7, ""BUY_LAND"": 2, ""BUY_PRODUCT"": 201, ""BUY_SEED"": 49, ""HIRE"": 319, ""SELL"": 186}","{""BUY_ANIMAL:COW"": 7, ""BUY_ANIMAL:SHEEP"": 5, ""BUY_PRODUCT:WHEAT"": 533, ""BUY_SEED:CARROT"": 12, ""BUY_SEED:MELON"": 20, ""BUY_SEED:STRAWBERRY"": 37, ""BUY_SEED:WHEAT"": 36, ""SELL:CARROT"": 33, ""SELL:FERTILIZER"": 264, ""SELL:MELON"": 109, ""SELL:MILK"": 187, ""SELL:STRAWBERRY"": 126, ""SELL:WHEAT"": 388, ""SELL:WOOL"": 119}",10.586206896551724,24,0.4827586206896552,5,1,"{""base_harvest_jobs"": 218, ""base_urgent_assignments"": 0, ""base_water_jobs"": 0, ""calls"": 719, ""extra_drop_assignments"": 0, ""extra_harvest_assignments"": 0, ""extra_water_assignments"": 83, ""harvest_jobs_seen"": 1581, ""last_step"": 718, ""pass_after"": 1490, ""pass_before"": 1573, ""storage_jobs_seen"": 122, ""unassigned_urgent_jobs"": 7857, ""unreachable_jobs"": 11736, ""water_jobs_seen"": 27971}",v011c_priority_scheduler,random
317,0,135344.0,0.0,135344.0,win,DONE,DONE,1,719,0,0,0.699167,1.3020000000000003,1.5178705600000009,1.886667,2.357327833000454,0,0,[],{},"{""BUILD_PASTURE"": 12, ""CARE"": 247, ""COLLECT_FERTILIZER"": 271, ""DIG"": 21, ""DROP"": 84, ""EAST"": 948, ""FEED"": 260, ""HARVEST"": 208, ""NORTH"": 1333, ""PASS"": 1496, ""PICKUP"": 66, ""PLACE"": 12, ""PLANT"": 107, ""SOUTH"": 979, ""WATER"": 751, ""WEST"": 1144}","{""HARVEST:HIGH_VALUE"": 73, ""HARVEST:MELON"": 20, ""HARVEST:STRAWBERRY"": 53, ""WATER:HIGH_VALUE"": 575, ""WATER:MELON"": 154, ""WATER:STRAWBERRY"": 421}","{""BUY_ANIMAL"": 7, ""BUY_LAND"": 2, ""BUY_PRODUCT"": 198, ""BUY_SEED"": 59, ""HIRE"": 319, ""SELL"": 194}","{""BUY_ANIMAL:COW"": 7, ""BUY_ANIMAL:SHEEP"": 5, ""BUY_PRODUCT:WHEAT"": 530, ""BUY_SEED:CARROT"": 13, ""BUY_SEED:MELON"": 20, ""BUY_SEED:STRAWBERRY"": 37, ""BUY_SEED:WHEAT"": 40, ""SELL:CARROT"": 32, ""SELL:FERTILIZER"": 271, ""SELL:MELON"": 109, ""SELL:MILK"": 189, ""SELL:STRAWBERRY"": 127, ""SELL:WHEAT"": 407, ""SELL:WOOL"": 120}",9.517241379310345,28,1.3793103448275863,10,1,"{""base_harvest_jobs"": 122, ""base_urgent_assignments"": 0, ""base_water_jobs"": 0, ""calls"": 719, ""extra_drop_assignments"": 0, ""extra_harvest_assignments"": 0, ""extra_water_assignments"": 79, ""harvest_jobs_seen"": 1367, ""last_step"": 718, ""pass_after"": 1496, ""pass_before"": 1575, ""storage_jobs_seen"": 74, ""unassigned_urgent_jobs"": 7384, ""unreachable_jobs"": 10957, ""water_jobs_seen"": 27717}",v011c_priority_scheduler,random
317,1,135712.0,0.0,135712.0,win,DONE,DONE,1,719,0,0,0.70325,1.3030045000000001,1.5472205000000006,1.764125,2.381778791997931,0,0,[],{},"{""BUILD_PASTURE"": 12, ""CARE"": 243, ""COLLECT_FERTILIZER"": 269, ""DIG"": 17, ""DROP"": 80, ""EAST"": 924, ""FEED"": 256, ""HARVEST"": 211, ""NORTH"": 1358, ""PASS"": 1442, ""PICKUP"": 67, ""PLACE"": 12, ""PLANT"": 108, ""SOUTH"": 1020, ""WATER"": 750, ""WEST"": 1156}","{""HARVEST:HIGH_VALUE"": 74, ""HARVEST:MELON"": 20, ""HARVEST:STRAWBERRY"": 54, ""WATER:HIGH_VALUE"": 574, ""WATER:MELON"": 152, ""WATER:STRAWBERRY"": 422}","{""BUY_ANIMAL"": 7, ""BUY_LAND"": 2, ""BUY_PRODUCT"": 204, ""BUY_SEED"": 59, ""HIRE"": 318, ""SELL"": 175}","{""BUY_ANIMAL:COW"": 9, ""BUY_ANIMAL:SHEEP"": 3, ""BUY_PRODUCT:WHEAT"": 521, ""BUY_SEED:CARROT"": 14, ""BUY_SEED:MELON"": 20, ""BUY_SEED:STRAWBERRY"": 37, ""BUY_SEED:WHEAT"": 39, ""SELL:CARROT"": 33, ""SELL:FERTILIZER"": 269, ""SELL:MELON"": 109, ""SELL:MILK"": 221, ""SELL:STRAWBERRY"": 128, ""SELL:WHEAT"": 401, ""SELL:WOOL"": 76}",10.137931034482758,30,2,12,1,"{""base_harvest_jobs"": 185, ""base_urgent_assignments"": 0, ""base_water_jobs"": 0, ""calls"": 719, ""extra_drop_assignments"": 0, ""extra_harvest_assignments"": 0, ""extra_water_assignments"": 109, ""harvest_jobs_seen"": 1266, ""last_step"": 718, ""pass_after"": 1442, ""pass_before"": 1551, ""storage_jobs_seen"": 92, ""unassigned_urgent_jobs"": 7580, ""unreachable_jobs"": 11329, ""water_jobs_seen"": 28068}",v011c_priority_scheduler,random
733,0,139283.0,0.0,139283.0,win,DONE,DONE,1,719,0,0,0.699625,1.3059253,1.568937560000001,45.972167,2.3553765830001794,0,0,[],{},"{""BUILD_PASTURE"": 12, ""CARE"": 235, ""COLLECT_FERTILIZER"": 265, ""DIG"": 24, ""DROP"": 76, ""EAST"": 996, ""FEED"": 257, ""HARVEST"": 208, ""NORTH"": 1333, ""PASS"": 1462, ""PICKUP"": 67, ""PLACE"": 12, ""PLANT"": 108, ""SOUTH"": 951, ""WATER"": 766, ""WEST"": 1146}","{""HARVEST:HIGH_VALUE"": 74, ""HARVEST:MELON"": 20, ""HARVEST:STRAWBERRY"": 54, ""WATER:HIGH_VALUE"": 584, ""WATER:MELON"": 151, ""WATER:STRAWBERRY"": 433}","{""BUY_ANIMAL"": 7, ""BUY_LAND"": 2, ""BUY_PRODUCT"": 200, ""BUY_SEED"": 60, ""HIRE"": 318, ""SELL"": 189}","{""BUY_ANIMAL:COW"": 9, ""BUY_ANIMAL:SHEEP"": 3, ""BUY_PRODUCT:WHEAT"": 525, ""BUY_SEED:CARROT"": 13, ""BUY_SEED:MELON"": 20, ""BUY_SEED:STRAWBERRY"": 37, ""BUY_SEED:WHEAT"": 40, ""SELL:CARROT"": 30, ""SELL:FERTILIZER"": 265, ""SELL:MELON"": 109, ""SELL:MILK"": 222, ""SELL:STRAWBERRY"": 127, ""SELL:WHEAT"": 413, ""SELL:WOOL"": 81}",9.275862068965518,31,0.4482758620689655,6,1,"{""base_harvest_jobs"": 114, ""base_urgent_assignments"": 0, ""base_water_jobs"": 0, ""calls"": 719, ""extra_drop_assignments"": 0, ""extra_harvest_assignments"": 0, ""extra_water_assignments"": 55, ""harvest_jobs_seen"": 1485, ""last_step"": 718, ""pass_after"": 1462, ""pass_before"": 1517, ""storage_jobs_seen"": 100, ""unassigned_urgent_jobs"": 7621, ""unreachable_jobs"": 10466, ""water_jobs_seen"": 27850}",v011c_priority_scheduler,random
733,1,142335.0,0.0,142335.0,win,DONE,DONE,1,719,0,0,0.712,1.3030331000000002,1.52957512,1.828416,2.4112366249974,0,0,[],{},"{""BUILD_PASTURE"": 12, ""CARE"": 241, ""COLLECT_FERTILIZER"": 271, ""DIG"": 23, ""DROP"": 87, ""EAST"": 953, ""FEED"": 260, ""HARVEST"": 211, ""NORTH"": 1358, ""PASS"": 1486, ""PICKUP"": 67, ""PLACE"": 12, ""PLANT"": 107, ""SOUTH"": 980, ""WATER"": 756, ""WEST"": 1141}","{""HARVEST:HIGH_VALUE"": 74, ""HARVEST:MELON"": 20, ""HARVEST:STRAWBERRY"": 54, ""WATER:HIGH_VALUE"": 583, ""WATER:MELON"": 152, ""WATER:STRAWBERRY"": 431}","{""BUY_ANIMAL"": 7, ""BUY_LAND"": 2, ""BUY_PRODUCT"": 208, ""BUY_SEED"": 57, ""HIRE"": 320, ""SELL"": 188}","{""BUY_ANIMAL:COW"": 9, ""BUY_ANIMAL:SHEEP"": 3, ""BUY_PRODUCT:WHEAT"": 530, ""BUY_SEED:CARROT"": 11, ""BUY_SEED:MELON"": 20, ""BUY_SEED:STRAWBERRY"": 37, ""BUY_SEED:WHEAT"": 41, ""SELL:CARROT"": 27, ""SELL:FERTILIZER"": 271, ""SELL:MELON"": 109, ""SELL:MILK"": 228, ""SELL:STRAWBERRY"": 128, ""SELL:WHEAT"": 409, ""SELL:WOOL"": 83}",9.482758620689655,30,1.103448275862069,9,1,"{""base_harvest_jobs"": 153, ""base_urgent_assignments"": 0, ""base_water_jobs"": 0, ""calls"": 719, ""extra_drop_assignments"": 0, ""extra_harvest_assignments"": 0, ""extra_water_assignments"": 74, ""harvest_jobs_seen"": 1515, ""last_step"": 718, ""pass_after"": 1486, ""pass_before"": 1560, ""storage_jobs_seen"": 91, ""unassigned_urgent_jobs"": 7657, ""unreachable_jobs"": 10699, ""water_jobs_seen"": 28100}",v011c_priority_scheduler,random
17,0,105368.0,151748.0,-46380.0,loss,DONE,DONE,1,719,0,0,0.731667,1.3015083,1.5267400000000015,1.765542,3.2017011659991113,0,0,[],{},"{""BUILD_PASTURE"": 12, ""CARE"": 238, ""COLLECT_FERTILIZER"": 269, ""DIG"": 16, ""DROP"": 79, ""EAST"": 939, ""FEED"": 252, ""HARVEST"": 207, ""NORTH"": 1328, ""PASS"": 1575, ""PICKUP"": 68, ""PLACE"": 12, ""PLANT"": 110, ""SOUTH"": 970, ""WATER"": 757, ""WEST"": 1147}","{""HARVEST:HIGH_VALUE"": 73, ""HARVEST:MELON"": 20, ""HARVEST:STRAWBERRY"": 53, ""WATER:HIGH_VALUE"": 580, ""WATER:MELON"": 152, ""WATER:STRAWBERRY"": 428}","{""BUY_ANIMAL"": 7, ""BUY_LAND"": 2, ""BUY_PRODUCT"": 188, ""BUY_SEED"": 49, ""HIRE"": 321, ""SELL"": 179}","{""BUY_ANIMAL:COW"": 9, ""BUY_ANIMAL:SHEEP"": 3, ""BUY_PRODUCT:WHEAT"": 531, ""BUY_SEED:CARROT"": 15, ""BUY_SEED:MELON"": 20, ""BUY_SEED:STRAWBERRY"": 37, ""BUY_SEED:WHEAT"": 39, ""SELL:CARROT"": 41, ""SELL:FERTILIZER"": 269, ""SELL:MELON"": 109, ""SELL:MILK"": 212, ""SELL:STRAWBERRY"": 123, ""SELL:WHEAT"": 415, ""SELL:WOOL"": 83}",10.068965517241379,26,1.4137931034482758,14,1,"{""base_harvest_jobs"": 141, ""base_urgent_assignments"": 0, ""base_water_jobs"": 0, ""calls"": 719, ""extra_drop_assignments"": 0, ""extra_harvest_assignments"": 0, ""extra_water_assignments"": 77, ""harvest_jobs_seen"": 1599, ""last_step"": 718, ""pass_after"": 1575, ""pass_before"": 1652, ""storage_jobs_seen"": 65, ""unassigned_urgent_jobs"": 7753, ""unreachable_jobs"": 11720, ""water_jobs_seen"": 28147}",v011c_priority_scheduler,hamburger
17,1,95414.0,141588.0,-46174.0,loss,DONE,DONE,1,719,0,0,0.697541,1.3162789000000001,1.5096493200000005,1.803333,3.2601170420020935,0,0,[],{},"{""BUILD_PASTURE"": 12, ""CARE"": 215, ""COLLECT_FERTILIZER"": 268, ""DIG"": 26, ""DROP"": 71, ""EAST"": 908, ""FEED"": 260, ""HARVEST"": 190, ""NORTH"": 1336, ""PASS"": 1491, ""PICKUP"": 67, ""PLACE"": 12, ""PLANT"": 102, ""SOUTH"": 980, ""WATER"": 743, ""WEST"": 1147}","{""HARVEST:HIGH_VALUE"": 69, ""HARVEST:MELON"": 20, ""HARVEST:STRAWBERRY"": 49, ""WATER:HIGH_VALUE"": 586, ""WATER:MELON"": 150, ""WATER:STRAWBERRY"": 436}","{""BUY_ANIMAL"": 6, ""BUY_LAND"": 2, ""BUY_PRODUCT"": 186, ""BUY_SEED"": 50, ""HIRE"": 314, ""SELL"": 179}","{""BUY_ANIMAL:COW"": 8, ""BUY_ANIMAL:SHEEP"": 4, ""BUY_PRODUCT:WHEAT"": 524, ""BUY_SEED:CARROT"": 13, ""BUY_SEED:MELON"": 20, ""BUY_SEED:STRAWBERRY"": 37, ""BUY_SEED:WHEAT"": 36, ""SELL:CARROT"": 27, ""SELL:FERTILIZER"": 268, ""SELL:MELON"": 109, ""SELL:MILK"": 177, ""SELL:STRAWBERRY"": 122, ""SELL:WHEAT"": 394, ""SELL:WOOL"": 101}",9.89655172413793,24,1.103448275862069,13,1,"{""base_harvest_jobs"": 103, ""base_urgent_assignments"": 0, ""base_water_jobs"": 0, ""calls"": 719, ""extra_drop_assignments"": 0, ""extra_harvest_assignments"": 0, ""extra_water_assignments"": 56, ""harvest_jobs_seen"": 1342, ""last_step"": 718, ""pass_after"": 1491, ""pass_before"": 1547, ""storage_jobs_seen"": 22, ""unassigned_urgent_jobs"": 7615, ""unreachable_jobs"": 10166, ""water_jobs_seen"": 28100}",v011c_priority_scheduler,hamburger
42,0,101626.0,152639.0,-51013.0,loss,DONE,DONE,1,719,0,0,0.730292,1.2845211,1.4981823800000007,1.67725,3.211294958993676,0,0,[],{},"{""BUILD_PASTURE"": 12, ""CARE"": 236, ""COLLECT_FERTILIZER"": 274, ""DIG"": 19, ""DROP"": 81, ""EAST"": 916, ""FEED"": 260, ""HARVEST"": 200, ""NORTH"": 1358, ""PASS"": 1492, ""PICKUP"": 69, ""PLACE"": 12, ""PLANT"": 106, ""SOUTH"": 997, ""WATER"": 769, ""WEST"": 1114}","{""HARVEST:HIGH_VALUE"": 72, ""HARVEST:MELON"": 20, ""HARVEST:STRAWBERRY"": 52, ""WATER:HIGH_VALUE"": 599, ""WATER:MELON"": 155, ""WATER:STRAWBERRY"": 444}","{""BUY_ANIMAL"": 7, ""BUY_LAND"": 2, ""BUY_PRODUCT"": 208, ""BUY_SEED"": 55, ""HIRE"": 318, ""SELL"": 189}","{""BUY_ANIMAL:COW"": 7, ""BUY_ANIMAL:SHEEP"": 5, ""BUY_PRODUCT:WHEAT"": 537, ""BUY_SEED:CARROT"": 14, ""BUY_SEED:MELON"": 20, ""BUY_SEED:STRAWBERRY"": 37, ""BUY_SEED:WHEAT"": 39, ""SELL:CARROT"": 30, ""SELL:FERTILIZER"": 274, ""SELL:MELON"": 110, ""SELL:MILK"": 162, ""SELL:STRAWBERRY"": 124, ""SELL:WHEAT"": 417, ""SELL:WOOL"": 135}",8.96551724137931,27,1.5517241379310345,13,1,"{""base_harvest_jobs"": 114, ""base_urgent_assignments"": 0, ""base_water_jobs"": 0, ""calls"": 719, ""extra_drop_assignments"": 0, ""extra_harvest_assignments"": 0, ""extra_water_assignments"": 73, ""harvest_jobs_seen"": 1355, ""last_step"": 718, ""pass_after"": 1492, ""pass_before"": 1565, ""storage_jobs_seen"": 9, ""unassigned_urgent_jobs"": 7651, ""unreachable_jobs"": 10512, ""water_jobs_seen"": 28191}",v011c_priority_scheduler,hamburger
42,1,64865.0,114743.0,-49878.0,loss,DONE,DONE,1,719,0,0,0.718083,1.2596661000000002,1.4519900000000001,1.72575,3.214293417004228,0,0,[],{},"{""BUILD_PASTURE"": 12, ""CARE"": 196, ""COLLECT_FERTILIZER"": 272, ""DIG"": 16, ""DROP"": 77, ""EAST"": 880, ""FEED"": 261, ""HARVEST"": 182, ""NORTH"": 1302, ""PASS"": 1635, ""PICKUP"": 70, ""PLACE"": 12, ""PLANT"": 96, ""SOUTH"": 1021, ""WATER"": 724, ""WEST"": 1092}","{""HARVEST:HIGH_VALUE"": 73, ""HARVEST:MELON"": 20, ""HARVEST:STRAWBERRY"": 53, ""WATER:HIGH_VALUE"": 590, ""WATER:MELON"": 151, ""WATER:STRAWBERRY"": 439}","{""BUY_ANIMAL"": 6, ""BUY_LAND"": 2, ""BUY_PRODUCT"": 202, ""BUY_SEED"": 47, ""HIRE"": 315, ""SELL"": 229}","{""BUY_ANIMAL:COW"": 4, ""BUY_ANIMAL:SHEEP"": 8, ""BUY_PRODUCT:WHEAT"": 531, ""BUY_SEED:CARROT"": 12, ""BUY_SEED:MELON"": 20, ""BUY_SEED:STRAWBERRY"": 37, ""BUY_SEED:WHEAT"": 35, ""SELL:CARROT"": 27, ""SELL:FERTILIZER"": 272, ""SELL:MELON"": 109, ""SELL:MILK"": 116, ""SELL:STRAWBERRY"": 126, ""SELL:WHEAT"": 377, ""SELL:WOOL"": 140}",9.448275862068966,32,1.9655172413793103,19,1,"{""base_harvest_jobs"": 73, ""base_urgent_assignments"": 0, ""base_water_jobs"": 0, ""calls"": 719, ""extra_drop_assignments"": 0, ""extra_harvest_assignments"": 0, ""extra_water_assignments"": 51, ""harvest_jobs_seen"": 1065, ""last_step"": 718, ""pass_after"": 1635, ""pass_before"": 1686, ""storage_jobs_seen"": 34, ""unassigned_urgent_jobs"": 7202, ""unreachable_jobs"": 11158, ""water_jobs_seen"": 27788}",v011c_priority_scheduler,hamburger
2026,0,106015.0,151504.0,-45489.0,loss,DONE,DONE,1,719,0,0,0.764792,1.3244047000000003,1.5896089400000002,9.26175,3.3266268749939627,0,0,[],{},"{""BUILD_PASTURE"": 12, ""CARE"": 245, ""COLLECT_FERTILIZER"": 272, ""DIG"": 18, ""DROP"": 89, ""EAST"": 899, ""FEED"": 259, ""HARVEST"": 204, ""NORTH"": 1466, ""PASS"": 1470, ""PICKUP"": 72, ""PLACE"": 12, ""PLANT"": 108, ""SOUTH"": 1058, ""WATER"": 737, ""WEST"": 1105}","{""HARVEST:HIGH_VALUE"": 74, ""HARVEST:MELON"": 20, ""HARVEST:STRAWBERRY"": 54, ""WATER:HIGH_VALUE"": 568, ""WATER:MELON"": 150, ""WATER:STRAWBERRY"": 418}","{""BUY_ANIMAL"": 7, ""BUY_LAND"": 2, ""BUY_PRODUCT"": 198, ""BUY_SEED"": 47, ""HIRE"": 323, ""SELL"": 184}","{""BUY_ANIMAL:COW"": 2, ""BUY_ANIMAL:SHEEP"": 10, ""BUY_PRODUCT:WHEAT"": 535, ""BUY_SEED:CARROT"": 13, ""BUY_SEED:MELON"": 20, ""BUY_SEED:STRAWBERRY"": 37, ""BUY_SEED:WHEAT"": 39, ""SELL:CARROT"": 36, ""SELL:FERTILIZER"": 272, ""SELL:MELON"": 109, ""SELL:MILK"": 70, ""SELL:STRAWBERRY"": 123, ""SELL:WHEAT"": 409, ""SELL:WOOL"": 231}",10.068965517241379,26,1.2413793103448276,9,1,"{""base_harvest_jobs"": 206, ""base_urgent_assignments"": 0, ""base_water_jobs"": 0, ""calls"": 719, ""extra_drop_assignments"": 0, ""extra_harvest_assignments"": 0, ""extra_water_assignments"": 87, ""harvest_jobs_seen"": 1416, ""last_step"": 718, ""pass_after"": 1470, ""pass_before"": 1557, ""storage_jobs_seen"": 22, ""unassigned_urgent_jobs"": 7556, ""unreachable_jobs"": 11117, ""water_jobs_seen"": 27637}",v011c_priority_scheduler,hamburger
2026,1,104609.0,147460.0,-42851.0,loss,DONE,DONE,1,719,0,0,0.745375,1.2741036,1.4903350600000005,1.794375,3.306079999994836,0,0,[],{},"{""BUILD_PASTURE"": 12, ""CARE"": 245, ""COLLECT_FERTILIZER"": 268, ""DIG"": 16, ""DROP"": 82, ""EAST"": 894, ""FEED"": 261, ""HARVEST"": 201, ""NORTH"": 1414, ""PASS"": 1468, ""PICKUP"": 72, ""PLACE"": 12, ""PLANT"": 107, ""SOUTH"": 1033, ""WATER"": 735, ""WEST"": 1117}","{""HARVEST:HIGH_VALUE"": 74, ""HARVEST:MELON"": 20, ""HARVEST:STRAWBERRY"": 54, ""WATER:HIGH_VALUE"": 565, ""WATER:MELON"": 150, ""WATER:STRAWBERRY"": 415}","{""BUY_ANIMAL"": 7, ""BUY_LAND"": 2, ""BUY_PRODUCT"": 199, ""BUY_SEED"": 49, ""HIRE"": 319, ""SELL"": 181}","{""BUY_ANIMAL:COW"": 2, ""BUY_ANIMAL:SHEEP"": 10, ""BUY_PRODUCT:WHEAT"": 531, ""BUY_SEED:CARROT"": 15, ""BUY_SEED:MELON"": 20, ""BUY_SEED:STRAWBERRY"": 37, ""BUY_SEED:WHEAT"": 37, ""SELL:CARROT"": 40, ""SELL:FERTILIZER"": 268, ""SELL:MELON"": 109, ""SELL:MILK"": 70, ""SELL:STRAWBERRY"": 122, ""SELL:WHEAT"": 398, ""SELL:WOOL"": 229}",10.03448275862069,26,1.4137931034482758,12,1,"{""base_harvest_jobs"": 99, ""base_urgent_assignments"": 0, ""base_water_jobs"": 0, ""calls"": 719, ""extra_drop_assignments"": 0, ""extra_harvest_assignments"": 0, ""extra_water_assignments"": 68, ""harvest_jobs_seen"": 1385, ""last_step"": 718, ""pass_after"": 1468, ""pass_before"": 1536, ""storage_jobs_seen"": 56, ""unassigned_urgent_jobs"": 7594, ""unreachable_jobs"": 10855, ""water_jobs_seen"": 27571}",v011c_priority_scheduler,hamburger
217,0,90882.0,140928.0,-50046.0,loss,DONE,DONE,1,719,0,0,0.745667,1.3417625,1.6082831200000014,3.121709,3.2304465000052005,0,0,[],{},"{""BUILD_PASTURE"": 12, ""CARE"": 222, ""COLLECT_FERTILIZER"": 269, ""DIG"": 21, ""DROP"": 75, ""EAST"": 909, ""FEED"": 258, ""HARVEST"": 187, ""NORTH"": 1360, ""PASS"": 1515, ""PICKUP"": 70, ""PLACE"": 12, ""PLANT"": 102, ""SOUTH"": 1026, ""WATER"": 758, ""WEST"": 1113}","{""HARVEST:HIGH_VALUE"": 70, ""HARVEST:MELON"": 20, ""HARVEST:STRAWBERRY"": 50, ""WATER:HIGH_VALUE"": 609, ""WATER:MELON"": 150, ""WATER:STRAWBERRY"": 459}","{""BUY_ANIMAL"": 7, ""BUY_LAND"": 2, ""BUY_PRODUCT"": 207, ""BUY_SEED"": 50, ""HIRE"": 318, ""SELL"": 194}","{""BUY_ANIMAL:COW"": 8, ""BUY_ANIMAL:SHEEP"": 4, ""BUY_PRODUCT:WHEAT"": 535, ""BUY_SEED:CARROT"": 12, ""BUY_SEED:MELON"": 20, ""BUY_SEED:STRAWBERRY"": 37, ""BUY_SEED:WHEAT"": 37, ""SELL:CARROT"": 30, ""SELL:FERTILIZER"": 269, ""SELL:MELON"": 109, ""SELL:MILK"": 180, ""SELL:STRAWBERRY"": 124, ""SELL:WHEAT"": 383, ""SELL:WOOL"": 97}",9,25,1.206896551724138,9,1,"{""base_harvest_jobs"": 100, ""base_urgent_assignments"": 0, ""base_water_jobs"": 0, ""calls"": 719, ""extra_drop_assignments"": 0, ""extra_harvest_assignments"": 0, ""extra_water_assignments"": 61, ""harvest_jobs_seen"": 1305, ""last_step"": 718, ""pass_after"": 1515, ""pass_before"": 1576, ""storage_jobs_seen"": 8, ""unassigned_urgent_jobs"": 7546, ""unreachable_jobs"": 10750, ""water_jobs_seen"": 28026}",v011c_priority_scheduler,hamburger
217,1,92472.0,140192.0,-47720.0,loss,DONE,DONE,1,719,0,0,0.705625,1.2912797999999999,1.4790975600000005,1.784083,3.174253791999945,0,0,[],{},"{""BUILD_PASTURE"": 12, ""CARE"": 216, ""COLLECT_FERTILIZER"": 269, ""DIG"": 23, ""DROP"": 74, ""EAST"": 855, ""FEED"": 260, ""HARVEST"": 189, ""NORTH"": 1324, ""PASS"": 1564, ""PICKUP"": 70, ""PLACE"": 12, ""PLANT"": 98, ""SOUTH"": 1039, ""WATER"": 761, ""WEST"": 1123}","{""HARVEST:HIGH_VALUE"": 70, ""HARVEST:MELON"": 20, ""HARVEST:STRAWBERRY"": 50, ""WATER:HIGH_VALUE"": 617, ""WATER:MELON"": 151, ""WATER:STRAWBERRY"": 466}","{""BUY_ANIMAL"": 7, ""BUY_LAND"": 2, ""BUY_PRODUCT"": 201, ""BUY_SEED"": 48, ""HIRE"": 317, ""SELL"": 192}","{""BUY_ANIMAL:COW"": 8, ""BUY_ANIMAL:SHEEP"": 4, ""BUY_PRODUCT:WHEAT"": 527, ""BUY_SEED:CARROT"": 13, ""BUY_SEED:MELON"": 20, ""BUY_SEED:STRAWBERRY"": 37, ""BUY_SEED:WHEAT"": 34, ""SELL:CARROT"": 29, ""SELL:FERTILIZER"": 269, ""SELL:MELON"": 109, ""SELL:MILK"": 184, ""SELL:STRAWBERRY"": 124, ""SELL:WHEAT"": 382, ""SELL:WOOL"": 97}",8.724137931034482,25,1.9310344827586208,17,1,"{""base_harvest_jobs"": 43, ""base_urgent_assignments"": 0, ""base_water_jobs"": 0, ""calls"": 719, ""extra_drop_assignments"": 0, ""extra_harvest_assignments"": 0, ""extra_water_assignments"": 53, ""harvest_jobs_seen"": 1144, ""last_step"": 718, ""pass_after"": 1564, ""pass_before"": 1617, ""storage_jobs_seen"": 0, ""unassigned_urgent_jobs"": 7315, ""unreachable_jobs"": 10302, ""water_jobs_seen"": 27806}",v011c_priority_scheduler,hamburger
317,0,96300.0,146559.0,-50259.0,loss,DONE,DONE,1,719,0,0,0.732625,1.3379661,1.636095560000003,36.246875,3.376234666000528,0,0,[],{},"{""BUILD_PASTURE"": 12, ""CARE"": 218, ""COLLECT_FERTILIZER"": 269, ""DIG"": 15, ""DROP"": 57, ""EAST"": 896, ""FEED"": 258, ""HARVEST"": 197, ""NORTH"": 1329, ""PASS"": 1635, ""PICKUP"": 70, ""PLACE"": 12, ""PLANT"": 104, ""SOUTH"": 972, ""WATER"": 769, ""WEST"": 1123}","{""HARVEST:HIGH_VALUE"": 73, ""HARVEST:MELON"": 20, ""HARVEST:STRAWBERRY"": 53, ""WATER:HIGH_VALUE"": 610, ""WATER:MELON"": 151, ""WATER:STRAWBERRY"": 459}","{""BUY_ANIMAL"": 7, ""BUY_LAND"": 2, ""BUY_PRODUCT"": 186, ""BUY_SEED"": 49, ""HIRE"": 319, ""SELL"": 173}","{""BUY_ANIMAL:COW"": 9, ""BUY_ANIMAL:SHEEP"": 3, ""BUY_PRODUCT:WHEAT"": 520, ""BUY_SEED:CARROT"": 14, ""BUY_SEED:MELON"": 20, ""BUY_SEED:STRAWBERRY"": 37, ""BUY_SEED:WHEAT"": 36, ""SELL:CARROT"": 36, ""SELL:FERTILIZER"": 269, ""SELL:MELON"": 109, ""SELL:MILK"": 201, ""SELL:STRAWBERRY"": 127, ""SELL:WHEAT"": 385, ""SELL:WOOL"": 77}",8.931034482758621,27,2.3448275862068964,22,1,"{""base_harvest_jobs"": 90, ""base_urgent_assignments"": 0, ""base_water_jobs"": 0, ""calls"": 719, ""extra_drop_assignments"": 0, ""extra_harvest_assignments"": 0, ""extra_water_assignments"": 69, ""harvest_jobs_seen"": 1415, ""last_step"": 718, ""pass_after"": 1635, ""pass_before"": 1704, ""storage_jobs_seen"": 57, ""unassigned_urgent_jobs"": 7535, ""unreachable_jobs"": 11370, ""water_jobs_seen"": 28013}",v011c_priority_scheduler,hamburger
317,1,95856.0,146611.0,-50755.0,loss,DONE,DONE,1,719,0,0,0.71925,1.3205962000000002,1.4858369400000002,1.670167,3.2028275420016143,0,0,[],{},"{""BUILD_PASTURE"": 12, ""CARE"": 214, ""COLLECT_FERTILIZER"": 266, ""DIG"": 16, ""DROP"": 61, ""EAST"": 889, ""FEED"": 258, ""HARVEST"": 197, ""NORTH"": 1330, ""PASS"": 1632, ""PICKUP"": 70, ""PLACE"": 12, ""PLANT"": 105, ""SOUTH"": 972, ""WATER"": 767, ""WEST"": 1135}","{""HARVEST:HIGH_VALUE"": 73, ""HARVEST:MELON"": 20, ""HARVEST:STRAWBERRY"": 53, ""WATER:HIGH_VALUE"": 605, ""WATER:MELON"": 151, ""WATER:STRAWBERRY"": 454}","{""BUY_ANIMAL"": 7, ""BUY_LAND"": 2, ""BUY_PRODUCT"": 188, ""BUY_SEED"": 49, ""HIRE"": 319, ""SELL"": 173}","{""BUY_ANIMAL:COW"": 9, ""BUY_ANIMAL:SHEEP"": 3, ""BUY_PRODUCT:WHEAT"": 519, ""BUY_SEED:CARROT"": 15, ""BUY_SEED:MELON"": 20, ""BUY_SEED:STRAWBERRY"": 37, ""BUY_SEED:WHEAT"": 36, ""SELL:CARROT"": 39, ""SELL:FERTILIZER"": 266, ""SELL:MELON"": 109, ""SELL:MILK"": 198, ""SELL:STRAWBERRY"": 127, ""SELL:WHEAT"": 381, ""SELL:WOOL"": 78}",9,27,2.413793103448276,22,1,"{""base_harvest_jobs"": 71, ""base_urgent_assignments"": 0, ""base_water_jobs"": 0, ""calls"": 719, ""extra_drop_assignments"": 0, ""extra_harvest_assignments"": 0, ""extra_water_assignments"": 66, ""harvest_jobs_seen"": 1397, ""last_step"": 718, ""pass_after"": 1632, ""pass_before"": 1698, ""storage_jobs_seen"": 74, ""unassigned_urgent_jobs"": 7475, ""unreachable_jobs"": 11314, ""water_jobs_seen"": 27871}",v011c_priority_scheduler,hamburger
733,0,113023.0,168057.0,-55034.0,loss,DONE,DONE,1,719,0,0,0.7305,1.2878381,1.524887,1.725125,3.2499275420050253,0,0,[],{},"{""BUILD_PASTURE"": 12, ""CARE"": 234, ""COLLECT_FERTILIZER"": 265, ""DIG"": 15, ""DROP"": 72, ""EAST"": 881, ""FEED"": 253, ""HARVEST"": 205, ""NORTH"": 1350, ""PASS"": 1620, ""PICKUP"": 68, ""PLACE"": 12, ""PLANT"": 110, ""SOUTH"": 1011, ""WATER"": 748, ""WEST"": 1122}","{""HARVEST:HIGH_VALUE"": 74, ""HARVEST:MELON"": 20, ""HARVEST:STRAWBERRY"": 54, ""WATER:HIGH_VALUE"": 573, ""WATER:MELON"": 147, ""WATER:STRAWBERRY"": 426}","{""BUY_ANIMAL"": 8, ""BUY_LAND"": 2, ""BUY_PRODUCT"": 196, ""BUY_SEED"": 48, ""HIRE"": 321, ""SELL"": 182}","{""BUY_ANIMAL:COW"": 5, ""BUY_ANIMAL:SHEEP"": 7, ""BUY_PRODUCT:WHEAT"": 523, ""BUY_SEED:CARROT"": 13, ""BUY_SEED:MELON"": 20, ""BUY_SEED:STRAWBERRY"": 37, ""BUY_SEED:WHEAT"": 40, ""SELL:CARROT"": 39, ""SELL:FERTILIZER"": 265, ""SELL:MELON"": 106, ""SELL:MILK"": 120, ""SELL:STRAWBERRY"": 126, ""SELL:WHEAT"": 406, ""SELL:WOOL"": 177}",10.344827586206897,26,1.6206896551724137,17,1,"{""base_harvest_jobs"": 112, ""base_urgent_assignments"": 0, ""base_water_jobs"": 0, ""calls"": 719, ""extra_drop_assignments"": 0, ""extra_harvest_assignments"": 0, ""extra_water_assignments"": 72, ""harvest_jobs_seen"": 1549, ""last_step"": 718, ""pass_after"": 1620, ""pass_before"": 1692, ""storage_jobs_seen"": 39, ""unassigned_urgent_jobs"": 7540, ""unreachable_jobs"": 11017, ""water_jobs_seen"": 27644}",v011c_priority_scheduler,hamburger
733,1,112742.0,168668.0,-55926.0,loss,DONE,DONE,1,719,0,0,0.730667,1.2869669000000004,1.5236269400000007,1.687,3.204701583003043,0,0,[],{},"{""BUILD_PASTURE"": 12, ""CARE"": 249, ""COLLECT_FERTILIZER"": 269, ""DIG"": 17, ""DROP"": 75, ""EAST"": 891, ""FEED"": 253, ""HARVEST"": 200, ""NORTH"": 1327, ""PASS"": 1660, ""PICKUP"": 68, ""PLACE"": 12, ""PLANT"": 105, ""SOUTH"": 981, ""WATER"": 752, ""WEST"": 1132}","{""HARVEST:HIGH_VALUE"": 74, ""HARVEST:MELON"": 20, ""HARVEST:STRAWBERRY"": 54, ""WATER:HIGH_VALUE"": 593, ""WATER:MELON"": 148, ""WATER:STRAWBERRY"": 445}","{""BUY_ANIMAL"": 8, ""BUY_LAND"": 2, ""BUY_PRODUCT"": 184, ""BUY_SEED"": 46, ""HIRE"": 322, ""SELL"": 170}","{""BUY_ANIMAL:COW"": 5, ""BUY_ANIMAL:SHEEP"": 7, ""BUY_PRODUCT:WHEAT"": 520, ""BUY_SEED:CARROT"": 12, ""BUY_SEED:MELON"": 20, ""BUY_SEED:STRAWBERRY"": 37, ""BUY_SEED:WHEAT"": 38, ""SELL:CARROT"": 30, ""SELL:FERTILIZER"": 269, ""SELL:MELON"": 105, ""SELL:MILK"": 123, ""SELL:STRAWBERRY"": 127, ""SELL:WHEAT"": 396, ""SELL:WOOL"": 177}",9.862068965517242,27,1.2758620689655173,14,1,"{""base_harvest_jobs"": 89, ""base_urgent_assignments"": 0, ""base_water_jobs"": 0, ""calls"": 719, ""extra_drop_assignments"": 0, ""extra_harvest_assignments"": 0, ""extra_water_assignments"": 78, ""harvest_jobs_seen"": 1432, ""last_step"": 718, ""pass_after"": 1660, ""pass_before"": 1738, ""storage_jobs_seen"": 37, ""unassigned_urgent_jobs"": 7632, ""unreachable_jobs"": 11809, ""water_jobs_seen"": 27964}",v011c_priority_scheduler,hamburger
17,0,98446.0,134443.0,-35997.0,loss,DONE,DONE,1,719,0,0,0.7275,1.2950834000000002,1.517649440000002,35.509958,3.2772355420020176,0,0,[],{},"{""BUILD_PASTURE"": 12, ""CARE"": 234, ""COLLECT_FERTILIZER"": 274, ""DIG"": 17, ""DROP"": 85, ""EAST"": 886, ""FEED"": 260, ""HARVEST"": 202, ""NORTH"": 1409, ""PASS"": 1493, ""PICKUP"": 68, ""PLACE"": 12, ""PLANT"": 101, ""SOUTH"": 1008, ""WATER"": 762, ""WEST"": 1071}","{""HARVEST:HIGH_VALUE"": 71, ""HARVEST:MELON"": 20, ""HARVEST:STRAWBERRY"": 51, ""WATER:HIGH_VALUE"": 607, ""WATER:MELON"": 152, ""WATER:STRAWBERRY"": 455}","{""BUY_ANIMAL"": 7, ""BUY_LAND"": 2, ""BUY_PRODUCT"": 189, ""BUY_SEED"": 48, ""HIRE"": 317, ""SELL"": 193}","{""BUY_ANIMAL:COW"": 9, ""BUY_ANIMAL:SHEEP"": 3, ""BUY_PRODUCT:WHEAT"": 522, ""BUY_SEED:CARROT"": 13, ""BUY_SEED:MELON"": 20, ""BUY_SEED:STRAWBERRY"": 37, ""BUY_SEED:WHEAT"": 37, ""SELL:CARROT"": 29, ""SELL:FERTILIZER"": 274, ""SELL:MELON"": 109, ""SELL:MILK"": 220, ""SELL:STRAWBERRY"": 124, ""SELL:WHEAT"": 388, ""SELL:WOOL"": 81}",8.724137931034482,22,1.6896551724137931,13,1,"{""base_harvest_jobs"": 141, ""base_urgent_assignments"": 0, ""base_water_jobs"": 0, ""calls"": 719, ""extra_drop_assignments"": 0, ""extra_harvest_assignments"": 0, ""extra_water_assignments"": 85, ""harvest_jobs_seen"": 1340, ""last_step"": 718, ""pass_after"": 1493, ""pass_before"": 1578, ""storage_jobs_seen"": 0, ""unassigned_urgent_jobs"": 7817, ""unreachable_jobs"": 10896, ""water_jobs_seen"": 28754}",v011c_priority_scheduler,frontier
17,1,97824.0,140804.0,-42980.0,loss,DONE,DONE,1,719,0,0,0.706833,1.2846994,1.5207188800000004,1.838875,3.17512095800339,0,0,[],{},"{""BUILD_PASTURE"": 12, ""CARE"": 226, ""COLLECT_FERTILIZER"": 272, ""DIG"": 25, ""DROP"": 78, ""EAST"": 888, ""FEED"": 259, ""HARVEST"": 191, ""NORTH"": 1342, ""PASS"": 1498, ""PICKUP"": 73, ""PLACE"": 12, ""PLANT"": 100, ""SOUTH"": 1004, ""WATER"": 723, ""WEST"": 1149}","{""HARVEST:HIGH_VALUE"": 70, ""HARVEST:MELON"": 20, ""HARVEST:STRAWBERRY"": 50, ""WATER:HIGH_VALUE"": 576, ""WATER:MELON"": 151, ""WATER:STRAWBERRY"": 425}","{""BUY_ANIMAL"": 7, ""BUY_LAND"": 2, ""BUY_PRODUCT"": 197, ""BUY_SEED"": 50, ""HIRE"": 315, ""SELL"": 181}","{""BUY_ANIMAL:COW"": 7, ""BUY_ANIMAL:SHEEP"": 5, ""BUY_PRODUCT:WHEAT"": 528, ""BUY_SEED:CARROT"": 14, ""BUY_SEED:MELON"": 20, ""BUY_SEED:STRAWBERRY"": 37, ""BUY_SEED:WHEAT"": 36, ""SELL:CARROT"": 30, ""SELL:FERTILIZER"": 272, ""SELL:MELON"": 110, ""SELL:MILK"": 168, ""SELL:STRAWBERRY"": 121, ""SELL:WHEAT"": 386, ""SELL:WOOL"": 109}",9.89655172413793,23,1.1379310344827587,14,1,"{""base_harvest_jobs"": 122, ""base_urgent_assignments"": 0, ""base_water_jobs"": 0, ""calls"": 719, ""extra_drop_assignments"": 0, ""extra_harvest_assignments"": 0, ""extra_water_assignments"": 61, ""harvest_jobs_seen"": 1360, ""last_step"": 718, ""pass_after"": 1498, ""pass_before"": 1559, ""storage_jobs_seen"": 44, ""unassigned_urgent_jobs"": 7596, ""unreachable_jobs"": 10383, ""water_jobs_seen"": 28040}",v011c_priority_scheduler,frontier
42,0,87151.0,132106.0,-44955.0,loss,DONE,DONE,1,719,0,0,0.740667,1.3192797,1.5260505600000003,1.835834,3.2511666669961414,0,0,[],{},"{""BUILD_PASTURE"": 12, ""CARE"": 213, ""COLLECT_FERTILIZER"": 276, ""DIG"": 15, ""DROP"": 87, ""EAST"": 940, ""FEED"": 260, ""HARVEST"": 193, ""NORTH"": 1347, ""PASS"": 1507, ""PICKUP"": 68, ""PLACE"": 12, ""PLANT"": 106, ""SOUTH"": 1008, ""WATER"": 762, ""WEST"": 1150}","{""HARVEST:HIGH_VALUE"": 72, ""HARVEST:MELON"": 20, ""HARVEST:STRAWBERRY"": 52, ""WATER:HIGH_VALUE"": 591, ""WATER:MELON"": 154, ""WATER:STRAWBERRY"": 437}","{""BUY_ANIMAL"": 6, ""BUY_LAND"": 2, ""BUY_PRODUCT"": 218, ""BUY_SEED"": 54, ""HIRE"": 320, ""SELL"": 218}","{""BUY_ANIMAL:COW"": 6, ""BUY_ANIMAL:SHEEP"": 6, ""BUY_PRODUCT:WHEAT"": 534, ""BUY_SEED:CARROT"": 14, ""BUY_SEED:MELON"": 20, ""BUY_SEED:STRAWBERRY"": 37, ""BUY_SEED:WHEAT"": 41, ""SELL:CARROT"": 33, ""SELL:FERTILIZER"": 276, ""SELL:MELON"": 110, ""SELL:MILK"": 136, ""SELL:STRAWBERRY"": 126, ""SELL:WHEAT"": 412, ""SELL:WOOL"": 132}",9.448275862068966,28,2.206896551724138,23,1,"{""base_harvest_jobs"": 168, ""base_urgent_assignments"": 0, ""base_water_jobs"": 0, ""calls"": 719, ""extra_drop_assignments"": 0, ""extra_harvest_assignments"": 0, ""extra_water_assignments"": 57, ""harvest_jobs_seen"": 1322, ""last_step"": 718, ""pass_after"": 1507, ""pass_before"": 1564, ""storage_jobs_seen"": 76, ""unassigned_urgent_jobs"": 7474, ""unreachable_jobs"": 9986, ""water_jobs_seen"": 27845}",v011c_priority_scheduler,frontier
42,1,69416.0,114250.0,-44834.0,loss,DONE,DONE,1,719,0,0,0.718833,1.2550332999999998,1.4730793800000002,35.738834,3.2246427909994964,0,0,[],{},"{""BUILD_PASTURE"": 12, ""CARE"": 194, ""COLLECT_FERTILIZER"": 271, ""DIG"": 19, ""DROP"": 84, ""EAST"": 875, ""FEED"": 256, ""HARVEST"": 183, ""NORTH"": 1340, ""PASS"": 1564, ""PICKUP"": 70, ""PLACE"": 12, ""PLANT"": 100, ""SOUTH"": 1046, ""WATER"": 762, ""WEST"": 1064}","{""HARVEST:HIGH_VALUE"": 73, ""HARVEST:MELON"": 20, ""HARVEST:STRAWBERRY"": 53, ""WATER:HIGH_VALUE"": 613, ""WATER:MELON"": 151, ""WATER:STRAWBERRY"": 462}","{""BUY_ANIMAL"": 6, ""BUY_LAND"": 2, ""BUY_PRODUCT"": 187, ""BUY_SEED"": 54, ""HIRE"": 315, ""SELL"": 224}","{""BUY_ANIMAL:COW"": 4, ""BUY_ANIMAL:SHEEP"": 8, ""BUY_PRODUCT:WHEAT"": 529, ""BUY_SEED:CARROT"": 12, ""BUY_SEED:MELON"": 20, ""BUY_SEED:STRAWBERRY"": 37, ""BUY_SEED:WHEAT"": 41, ""SELL:CARROT"": 24, ""SELL:FERTILIZER"": 271, ""SELL:MELON"": 110, ""SELL:MILK"": 104, ""SELL:STRAWBERRY"": 127, ""SELL:WHEAT"": 398, ""SELL:WOOL"": 140}",8.586206896551724,29,1.4482758620689655,16,1,"{""base_harvest_jobs"": 57, ""base_urgent_assignments"": 0, ""base_water_jobs"": 0, ""calls"": 719, ""extra_drop_assignments"": 0, ""extra_harvest_assignments"": 0, ""extra_water_assignments"": 42, ""harvest_jobs_seen"": 1154, ""last_step"": 718, ""pass_after"": 1564, ""pass_before"": 1606, ""storage_jobs_seen"": 28, ""unassigned_urgent_jobs"": 7296, ""unreachable_jobs"": 10226, ""water_jobs_seen"": 27857}",v011c_priority_scheduler,frontier
2026,0,102909.0,142022.0,-39113.0,loss,DONE,DONE,1,719,0,0,0.734584,1.3152875000000002,1.52260068,1.739792,3.2140877909987466,0,0,[],{},"{""BUILD_PASTURE"": 12, ""CARE"": 245, ""COLLECT_FERTILIZER"": 266, ""DIG"": 23, ""DROP"": 82, ""EAST"": 900, ""FEED"": 254, ""HARVEST"": 193, ""NORTH"": 1394, ""PASS"": 1480, ""PICKUP"": 69, ""PLACE"": 12, ""PLANT"": 103, ""SOUTH"": 1000, ""WATER"": 724, ""WEST"": 1115}","{""HARVEST:HIGH_VALUE"": 72, ""HARVEST:MELON"": 20, ""HARVEST:STRAWBERRY"": 52, ""WATER:HIGH_VALUE"": 569, ""WATER:MELON"": 150, ""WATER:STRAWBERRY"": 419}","{""BUY_ANIMAL"": 7, ""BUY_LAND"": 2, ""BUY_PRODUCT"": 208, ""BUY_SEED"": 46, ""HIRE"": 316, ""SELL"": 175}","{""BUY_ANIMAL:COW"": 2, ""BUY_ANIMAL:SHEEP"": 10, ""BUY_PRODUCT:WHEAT"": 523, ""BUY_SEED:CARROT"": 16, ""BUY_SEED:MELON"": 20, ""BUY_SEED:STRAWBERRY"": 37, ""BUY_SEED:WHEAT"": 34, ""SELL:CARROT"": 36, ""SELL:FERTILIZER"": 266, ""SELL:MELON"": 108, ""SELL:MILK"": 67, ""SELL:STRAWBERRY"": 126, ""SELL:WHEAT"": 379, ""SELL:WOOL"": 222}",10.793103448275861,25,1.5862068965517242,12,1,"{""base_harvest_jobs"": 110, ""base_urgent_assignments"": 0, ""base_water_jobs"": 0, ""calls"": 719, ""extra_drop_assignments"": 0, ""extra_harvest_assignments"": 0, ""extra_water_assignments"": 72, ""harvest_jobs_seen"": 1423, ""last_step"": 718, ""pass_after"": 1480, ""pass_before"": 1552, ""storage_jobs_seen"": 49, ""unassigned_urgent_jobs"": 7769, ""unreachable_jobs"": 10406, ""water_jobs_seen"": 28280}",v011c_priority_scheduler,frontier
2026,1,100292.0,133500.0,-33208.0,loss,DONE,DONE,1,719,0,0,0.722917,1.3093881,1.4933130600000015,1.901,3.222340084001189,0,0,[],{},"{""BUILD_PASTURE"": 12, ""CARE"": 247, ""COLLECT_FERTILIZER"": 270, ""DIG"": 19, ""DROP"": 75, ""EAST"": 897, ""FEED"": 257, ""HARVEST"": 191, ""NORTH"": 1325, ""PASS"": 1554, ""PICKUP"": 71, ""PLACE"": 12, ""PLANT"": 99, ""SOUTH"": 1007, ""WATER"": 727, ""WEST"": 1088}","{""HARVEST:HIGH_VALUE"": 72, ""HARVEST:MELON"": 20, ""HARVEST:STRAWBERRY"": 52, ""WATER:HIGH_VALUE"": 583, ""WATER:MELON"": 150, ""WATER:STRAWBERRY"": 433}","{""BUY_ANIMAL"": 7, ""BUY_LAND"": 2, ""BUY_PRODUCT"": 201, ""BUY_SEED"": 47, ""HIRE"": 315, ""SELL"": 168}","{""BUY_ANIMAL:COW"": 2, ""BUY_ANIMAL:SHEEP"": 10, ""BUY_PRODUCT:WHEAT"": 526, ""BUY_SEED:CARROT"": 15, ""BUY_SEED:MELON"": 20, ""BUY_SEED:STRAWBERRY"": 37, ""BUY_SEED:WHEAT"": 37, ""SELL:CARROT"": 33, ""SELL:FERTILIZER"": 270, ""SELL:MELON"": 109, ""SELL:MILK"": 68, ""SELL:STRAWBERRY"": 123, ""SELL:WHEAT"": 380, ""SELL:WOOL"": 223}",9.827586206896552,29,2.103448275862069,11,1,"{""base_harvest_jobs"": 62, ""base_urgent_assignments"": 0, ""base_water_jobs"": 0, ""calls"": 719, ""extra_drop_assignments"": 0, ""extra_harvest_assignments"": 0, ""extra_water_assignments"": 69, ""harvest_jobs_seen"": 1229, ""last_step"": 718, ""pass_after"": 1554, ""pass_before"": 1623, ""storage_jobs_seen"": 8, ""unassigned_urgent_jobs"": 7537, ""unreachable_jobs"": 11210, ""water_jobs_seen"": 28182}",v011c_priority_scheduler,frontier
217,0,96067.0,138500.0,-42433.0,loss,DONE,DONE,1,719,0,0,0.707708,1.3164702,1.4944485600000004,32.233792,3.2185972919978667,0,0,[],{},"{""BUILD_PASTURE"": 12, ""CARE"": 232, ""COLLECT_FERTILIZER"": 275, ""DIG"": 17, ""DROP"": 78, ""EAST"": 870, ""FEED"": 262, ""HARVEST"": 197, ""NORTH"": 1320, ""PASS"": 1588, ""PICKUP"": 70, ""PLACE"": 12, ""PLANT"": 100, ""SOUTH"": 964, ""WATER"": 760, ""WEST"": 1085}","{""HARVEST:HIGH_VALUE"": 70, ""HARVEST:MELON"": 20, ""HARVEST:STRAWBERRY"": 50, ""WATER:HIGH_VALUE"": 612, ""WATER:MELON"": 150, ""WATER:STRAWBERRY"": 462}","{""BUY_ANIMAL"": 7, ""BUY_LAND"": 2, ""BUY_PRODUCT"": 207, ""BUY_SEED"": 48, ""HIRE"": 315, ""SELL"": 198}","{""BUY_ANIMAL:COW"": 8, ""BUY_ANIMAL:SHEEP"": 4, ""BUY_PRODUCT:WHEAT"": 530, ""BUY_SEED:CARROT"": 15, ""BUY_SEED:MELON"": 20, ""BUY_SEED:STRAWBERRY"": 37, ""BUY_SEED:WHEAT"": 34, ""SELL:CARROT"": 33, ""SELL:FERTILIZER"": 275, ""SELL:MELON"": 109, ""SELL:MILK"": 195, ""SELL:STRAWBERRY"": 123, ""SELL:WHEAT"": 383, ""SELL:WOOL"": 102}",8.689655172413794,23,1.8620689655172413,13,1,"{""base_harvest_jobs"": 102, ""base_urgent_assignments"": 0, ""base_water_jobs"": 0, ""calls"": 719, ""extra_drop_assignments"": 0, ""extra_harvest_assignments"": 0, ""extra_water_assignments"": 63, ""harvest_jobs_seen"": 1213, ""last_step"": 718, ""pass_after"": 1588, ""pass_before"": 1651, ""storage_jobs_seen"": 9, ""unassigned_urgent_jobs"": 7461, ""unreachable_jobs"": 11526, ""water_jobs_seen"": 28070}",v011c_priority_scheduler,frontier
217,1,92773.0,135887.0,-43114.0,loss,DONE,DONE,1,719,0,0,0.69975,1.2809208000000003,1.4913293800000003,1.763667,3.227470040998014,0,0,[],{},"{""BUILD_PASTURE"": 12, ""CARE"": 227, ""COLLECT_FERTILIZER"": 275, ""DIG"": 23, ""DROP"": 80, ""EAST"": 872, ""FEED"": 260, ""HARVEST"": 195, ""NORTH"": 1335, ""PASS"": 1529, ""PICKUP"": 70, ""PLACE"": 12, ""PLANT"": 104, ""SOUTH"": 980, ""WATER"": 770, ""WEST"": 1142}","{""HARVEST:HIGH_VALUE"": 70, ""HARVEST:MELON"": 20, ""HARVEST:STRAWBERRY"": 50, ""WATER:HIGH_VALUE"": 605, ""WATER:MELON"": 151, ""WATER:STRAWBERRY"": 454}","{""BUY_ANIMAL"": 7, ""BUY_LAND"": 2, ""BUY_PRODUCT"": 201, ""BUY_SEED"": 51, ""HIRE"": 317, ""SELL"": 206}","{""BUY_ANIMAL:COW"": 8, ""BUY_ANIMAL:SHEEP"": 4, ""BUY_PRODUCT:WHEAT"": 524, ""BUY_SEED:CARROT"": 15, ""BUY_SEED:MELON"": 20, ""BUY_SEED:STRAWBERRY"": 37, ""BUY_SEED:WHEAT"": 36, ""SELL:CARROT"": 39, ""SELL:FERTILIZER"": 275, ""SELL:MELON"": 110, ""SELL:MILK"": 185, ""SELL:STRAWBERRY"": 123, ""SELL:WHEAT"": 390, ""SELL:WOOL"": 105}",9.137931034482758,24,1.4137931034482758,10,1,"{""base_harvest_jobs"": 92, ""base_urgent_assignments"": 0, ""base_water_jobs"": 0, ""calls"": 719, ""extra_drop_assignments"": 0, ""extra_harvest_assignments"": 0, ""extra_water_assignments"": 50, ""harvest_jobs_seen"": 1275, ""last_step"": 718, ""pass_after"": 1529, ""pass_before"": 1579, ""storage_jobs_seen"": 9, ""unassigned_urgent_jobs"": 7597, ""unreachable_jobs"": 10836, ""water_jobs_seen"": 28224}",v011c_priority_scheduler,frontier
317,0,98481.0,150473.0,-51992.0,loss,DONE,DONE,1,719,0,0,0.772042,1.3226500000000003,1.5222568200000017,67.652834,3.262833958004194,0,0,[],{},"{""BUILD_PASTURE"": 12, ""CARE"": 219, ""COLLECT_FERTILIZER"": 269, ""DIG"": 15, ""DROP"": 77, ""EAST"": 921, ""FEED"": 260, ""HARVEST"": 191, ""NORTH"": 1316, ""PASS"": 1475, ""PICKUP"": 68, ""PLACE"": 12, ""PLANT"": 99, ""SOUTH"": 1061, ""WATER"": 741, ""WEST"": 1201}","{""HARVEST:HIGH_VALUE"": 71, ""HARVEST:MELON"": 20, ""HARVEST:STRAWBERRY"": 51, ""WATER:HIGH_VALUE"": 596, ""WATER:MELON"": 147, ""WATER:STRAWBERRY"": 449}","{""BUY_ANIMAL"": 7, ""BUY_LAND"": 2, ""BUY_PRODUCT"": 203, ""BUY_SEED"": 45, ""HIRE"": 319, ""SELL"": 180}","{""BUY_ANIMAL:COW"": 9, ""BUY_ANIMAL:SHEEP"": 3, ""BUY_PRODUCT:WHEAT"": 533, ""BUY_SEED:CARROT"": 14, ""BUY_SEED:MELON"": 20, ""BUY_SEED:STRAWBERRY"": 37, ""BUY_SEED:WHEAT"": 34, ""SELL:CARROT"": 36, ""SELL:FERTILIZER"": 269, ""SELL:MELON"": 105, ""SELL:MILK"": 211, ""SELL:STRAWBERRY"": 125, ""SELL:WHEAT"": 380, ""SELL:WOOL"": 75}",9.310344827586206,23,2.103448275862069,16,1,"{""base_harvest_jobs"": 49, ""base_urgent_assignments"": 0, ""base_water_jobs"": 0, ""calls"": 719, ""extra_drop_assignments"": 0, ""extra_harvest_assignments"": 0, ""extra_water_assignments"": 42, ""harvest_jobs_seen"": 1121, ""last_step"": 718, ""pass_after"": 1475, ""pass_before"": 1517, ""storage_jobs_seen"": 11, ""unassigned_urgent_jobs"": 7343, ""unreachable_jobs"": 9714, ""water_jobs_seen"": 27672}",v011c_priority_scheduler,frontier
317,1,98481.0,150473.0,-51992.0,loss,DONE,DONE,1,719,0,0,0.753667,1.3269298000000005,1.4973611800000004,1.846,3.208090959000401,0,0,[],{},"{""BUILD_PASTURE"": 12, ""CARE"": 219, ""COLLECT_FERTILIZER"": 269, ""DIG"": 16, ""DROP"": 77, ""EAST"": 921, ""FEED"": 260, ""HARVEST"": 191, ""NORTH"": 1316, ""PASS"": 1472, ""PICKUP"": 68, ""PLACE"": 12, ""PLANT"": 99, ""SOUTH"": 1061, ""WATER"": 741, ""WEST"": 1203}","{""HARVEST:HIGH_VALUE"": 71, ""HARVEST:MELON"": 20, ""HARVEST:STRAWBERRY"": 51, ""WATER:HIGH_VALUE"": 596, ""WATER:MELON"": 147, ""WATER:STRAWBERRY"": 449}","{""BUY_ANIMAL"": 7, ""BUY_LAND"": 2, ""BUY_PRODUCT"": 203, ""BUY_SEED"": 45, ""HIRE"": 319, ""SELL"": 180}","{""BUY_ANIMAL:COW"": 9, ""BUY_ANIMAL:SHEEP"": 3, ""BUY_PRODUCT:WHEAT"": 533, ""BUY_SEED:CARROT"": 14, ""BUY_SEED:MELON"": 20, ""BUY_SEED:STRAWBERRY"": 37, ""BUY_SEED:WHEAT"": 34, ""SELL:CARROT"": 36, ""SELL:FERTILIZER"": 269, ""SELL:MELON"": 105, ""SELL:MILK"": 211, ""SELL:STRAWBERRY"": 125, ""SELL:WHEAT"": 380, ""SELL:WOOL"": 75}",9.310344827586206,23,1.9310344827586208,15,1,"{""base_harvest_jobs"": 49, ""base_urgent_assignments"": 0, ""base_water_jobs"": 0, ""calls"": 719, ""extra_drop_assignments"": 0, ""extra_harvest_assignments"": 0, ""extra_water_assignments"": 42, ""harvest_jobs_seen"": 1121, ""last_step"": 718, ""pass_after"": 1472, ""pass_before"": 1514, ""storage_jobs_seen"": 11, ""unassigned_urgent_jobs"": 7343, ""unreachable_jobs"": 9690, ""water_jobs_seen"": 27672}",v011c_priority_scheduler,frontier
733,0,105334.0,158906.0,-53572.0,loss,DONE,DONE,1,719,0,0,0.740916,1.3166494000000002,1.6626505000000051,65.564792,3.3009689999962575,0,0,[],{},"{""BUILD_PASTURE"": 12, ""CARE"": 233, ""COLLECT_FERTILIZER"": 260, ""DIG"": 21, ""DROP"": 69, ""EAST"": 836, ""FEED"": 245, ""HARVEST"": 194, ""NORTH"": 1368, ""PASS"": 1633, ""PICKUP"": 67, ""PLACE"": 12, ""PLANT"": 107, ""SOUTH"": 1007, ""WATER"": 753, ""WEST"": 1087}","{""HARVEST:HIGH_VALUE"": 70, ""HARVEST:MELON"": 20, ""HARVEST:STRAWBERRY"": 50, ""WATER:HIGH_VALUE"": 585, ""WATER:MELON"": 152, ""WATER:STRAWBERRY"": 433}","{""BUY_ANIMAL"": 7, ""BUY_LAND"": 2, ""BUY_PRODUCT"": 192, ""BUY_SEED"": 51, ""HIRE"": 318, ""SELL"": 181}","{""BUY_ANIMAL:COW"": 3, ""BUY_ANIMAL:SHEEP"": 9, ""BUY_PRODUCT:WHEAT"": 511, ""BUY_SEED:CARROT"": 15, ""BUY_SEED:MELON"": 20, ""BUY_SEED:STRAWBERRY"": 37, ""BUY_SEED:WHEAT"": 37, ""SELL:CARROT"": 42, ""SELL:FERTILIZER"": 260, ""SELL:MELON"": 109, ""SELL:MILK"": 89, ""SELL:STRAWBERRY"": 124, ""SELL:WHEAT"": 392, ""SELL:WOOL"": 188}",9.689655172413794,31,1.3793103448275863,16,1,"{""base_harvest_jobs"": 210, ""base_urgent_assignments"": 0, ""base_water_jobs"": 0, ""calls"": 719, ""extra_drop_assignments"": 0, ""extra_harvest_assignments"": 0, ""extra_water_assignments"": 70, ""harvest_jobs_seen"": 1396, ""last_step"": 718, ""pass_after"": 1633, ""pass_before"": 1703, ""storage_jobs_seen"": 53, ""unassigned_urgent_jobs"": 7458, ""unreachable_jobs"": 11060, ""water_jobs_seen"": 27948}",v011c_priority_scheduler,frontier
733,1,109082.0,163234.0,-54152.0,loss,DONE,DONE,1,719,0,0,0.714667,1.3201706,1.5471244400000006,1.704667,3.2641130830015754,0,0,[],{},"{""BUILD_PASTURE"": 12, ""CARE"": 241, ""COLLECT_FERTILIZER"": 261, ""DIG"": 18, ""DROP"": 69, ""EAST"": 891, ""FEED"": 248, ""HARVEST"": 197, ""NORTH"": 1320, ""PASS"": 1600, ""PICKUP"": 66, ""PLACE"": 12, ""PLANT"": 108, ""SOUTH"": 973, ""WATER"": 778, ""WEST"": 1112}","{""HARVEST:HIGH_VALUE"": 70, ""HARVEST:MELON"": 20, ""HARVEST:STRAWBERRY"": 50, ""WATER:HIGH_VALUE"": 605, ""WATER:MELON"": 152, ""WATER:STRAWBERRY"": 453}","{""BUY_ANIMAL"": 7, ""BUY_LAND"": 2, ""BUY_PRODUCT"": 196, ""BUY_SEED"": 52, ""HIRE"": 318, ""SELL"": 183}","{""BUY_ANIMAL:COW"": 3, ""BUY_ANIMAL:SHEEP"": 9, ""BUY_PRODUCT:WHEAT"": 525, ""BUY_SEED:CARROT"": 14, ""BUY_SEED:MELON"": 20, ""BUY_SEED:STRAWBERRY"": 37, ""BUY_SEED:WHEAT"": 40, ""SELL:CARROT"": 36, ""SELL:FERTILIZER"": 261, ""SELL:MELON"": 110, ""SELL:MILK"": 94, ""SELL:STRAWBERRY"": 124, ""SELL:WHEAT"": 414, ""SELL:WOOL"": 192}",9.379310344827585,24,1.6551724137931034,18,1,"{""base_harvest_jobs"": 128, ""base_urgent_assignments"": 0, ""base_water_jobs"": 0, ""calls"": 719, ""extra_drop_assignments"": 0, ""extra_harvest_assignments"": 0, ""extra_water_assignments"": 67, ""harvest_jobs_seen"": 1381, ""last_step"": 718, ""pass_after"": 1600, ""pass_before"": 1667, ""storage_jobs_seen"": 37, ""unassigned_urgent_jobs"": 7692, ""unreachable_jobs"": 10874, ""water_jobs_seen"": 28483}",v011c_priority_scheduler,frontier
