episode,seed,seat,variant,opponent_style,candidate_money,opponent_money,margin,result,game_done,wall_seconds,action_calls,agent_errors,invalid_action_shapes,runtime_p50_ms,runtime_p95_ms,runtime_p99_ms,runtime_max_ms,field_counts,market_counts,market_quantities,actual_MELON_requested,actual_MELON_filled,actual_MELON_revenue,actual_MELON_floor_units,actual_MELON_weighted_price,actual_STRAWBERRY_requested,actual_STRAWBERRY_filled,actual_STRAWBERRY_revenue,actual_STRAWBERRY_floor_units,actual_STRAWBERRY_weighted_price,actual_MILK_requested,actual_MILK_filled,actual_MILK_revenue,actual_MILK_floor_units,actual_MILK_weighted_price,actual_WOOL_requested,actual_WOOL_filled,actual_WOOL_revenue,actual_WOOL_floor_units,actual_WOOL_weighted_price,control_margin,delta_vs_control,expert
90104951,802179968,0,control_v012,standard_converged,103697.0,110969.0,-7272.0,loss,1,2.6438512500026263,719,0,0,0.008291,0.043303500000000036,0.06652362000000005,0.16,"{""BUILD_PASTURE"": 14, ""CARE"": 308, ""COLLECT_FERTILIZER"": 318, ""DIG"": 25, ""DROP"": 80, ""EAST"": 857, ""FEED"": 319, ""FERTILIZE"": 107, ""HARVEST"": 338, ""NORTH"": 1236, ""PASS"": 377, ""PICKUP"": 339, ""PLACE"": 27, ""PLANT"": 131, ""SOUTH"": 929, ""WATER"": 851, ""WEST"": 1098}","{""BUY_ANIMAL"": 14, ""BUY_LAND"": 2, ""BUY_PRODUCT"": 279, ""BUY_SEED"": 54, ""HIRE"": 306, ""SELL"": 450}","{""BUY_ANIMAL:COW"": 8, ""BUY_ANIMAL:SHEEP"": 6, ""BUY_PRODUCT:WHEAT"": 967, ""BUY_SEED:MELON"": 21, ""BUY_SEED:STRAWBERRY"": 44, ""BUY_SEED:WHEAT"": 66, ""SELL:CARROT"": 13, ""SELL:EGG"": 8, ""SELL:FERTILIZER"": 437, ""SELL:MELON"": 224, ""SELL:MILK"": 614, ""SELL:STRAWBERRY"": 567, ""SELL:TOMATO"": 4, ""SELL:WHEAT"": 1108, ""SELL:WOOL"": 354}",224,68,13559.0,0,199.39705882352942,567,215,46412.0,0,215.86976744186046,614,183,10727.0,0,58.61748633879781,354,99,6212.0,37,62.74747474747475,-7272.0,0.0,
90104951,802179968,0,fixed_mohit,standard_converged,103469.0,111219.0,-7750.0,loss,1,2.613756833001389,719,0,0,0.009708,0.04634590000000005,0.06923944000000001,0.248625,"{""BUILD_PASTURE"": 14, ""CARE"": 308, ""COLLECT_FERTILIZER"": 318, ""DIG"": 25, ""DROP"": 80, ""EAST"": 857, ""FEED"": 319, ""FERTILIZE"": 107, ""HARVEST"": 338, ""NORTH"": 1236, ""PASS"": 377, ""PICKUP"": 339, ""PLACE"": 27, ""PLANT"": 131, ""SOUTH"": 929, ""WATER"": 851, ""WEST"": 1098}","{""BUY_ANIMAL"": 14, ""BUY_LAND"": 2, ""BUY_PRODUCT"": 279, ""BUY_SEED"": 54, ""HIRE"": 306, ""SELL"": 469}","{""BUY_ANIMAL:COW"": 8, ""BUY_ANIMAL:SHEEP"": 6, ""BUY_PRODUCT:WHEAT"": 967, ""BUY_SEED:MELON"": 21, ""BUY_SEED:STRAWBERRY"": 44, ""BUY_SEED:WHEAT"": 66, ""SELL:CARROT"": 13, ""SELL:EGG"": 8, ""SELL:FERTILIZER"": 445, ""SELL:MELON"": 216, ""SELL:MILK"": 642, ""SELL:STRAWBERRY"": 609, ""SELL:TOMATO"": 4, ""SELL:WHEAT"": 1108, ""SELL:WOOL"": 349}",216,68,13559.0,0,199.39705882352942,609,213,46042.0,0,216.15962441314554,642,184,10803.0,0,58.71195652173913,349,99,6261.0,39,63.24242424242424,-7272.0,-478.0,mohit
90104951,802179968,0,fixed_automatylicza,standard_converged,103698.0,111661.0,-7963.0,loss,1,2.6347710830013966,719,0,0,0.009625,0.0453381,0.06683756000000002,0.159333,"{""BUILD_PASTURE"": 14, ""CARE"": 308, ""COLLECT_FERTILIZER"": 318, ""DIG"": 25, ""DROP"": 80, ""EAST"": 857, ""FEED"": 319, ""FERTILIZE"": 107, ""HARVEST"": 338, ""NORTH"": 1236, ""PASS"": 377, ""PICKUP"": 339, ""PLACE"": 27, ""PLANT"": 131, ""SOUTH"": 929, ""WATER"": 851, ""WEST"": 1098}","{""BUY_ANIMAL"": 14, ""BUY_LAND"": 2, ""BUY_PRODUCT"": 279, ""BUY_SEED"": 54, ""HIRE"": 306, ""SELL"": 481}","{""BUY_ANIMAL:COW"": 8, ""BUY_ANIMAL:SHEEP"": 6, ""BUY_PRODUCT:WHEAT"": 967, ""BUY_SEED:MELON"": 21, ""BUY_SEED:STRAWBERRY"": 44, ""BUY_SEED:WHEAT"": 66, ""SELL:CARROT"": 13, ""SELL:EGG"": 8, ""SELL:FERTILIZER"": 445, ""SELL:MELON"": 224, ""SELL:MILK"": 682, ""SELL:STRAWBERRY"": 636, ""SELL:TOMATO"": 4, ""SELL:WHEAT"": 1108, ""SELL:WOOL"": 373}",224,68,13559.0,0,199.39705882352942,636,213,46036.0,0,216.13145539906102,682,183,10992.0,2,60.0655737704918,373,99,6198.0,39,62.60606060606061,-7272.0,-691.0,automatylicza
90104951,802179968,0,fixed_manual_player,standard_converged,104217.0,111317.0,-7100.0,loss,1,2.642018625003402,719,0,0,0.009958,0.047420900000000016,0.07053362,0.173333,"{""BUILD_PASTURE"": 14, ""CARE"": 308, ""COLLECT_FERTILIZER"": 318, ""DIG"": 25, ""DROP"": 80, ""EAST"": 857, ""FEED"": 319, ""FERTILIZE"": 107, ""HARVEST"": 338, ""NORTH"": 1236, ""PASS"": 377, ""PICKUP"": 339, ""PLACE"": 27, ""PLANT"": 131, ""SOUTH"": 929, ""WATER"": 851, ""WEST"": 1098}","{""BUY_ANIMAL"": 14, ""BUY_LAND"": 2, ""BUY_PRODUCT"": 279, ""BUY_SEED"": 54, ""HIRE"": 306, ""SELL"": 440}","{""BUY_ANIMAL:COW"": 8, ""BUY_ANIMAL:SHEEP"": 6, ""BUY_PRODUCT:WHEAT"": 967, ""BUY_SEED:MELON"": 21, ""BUY_SEED:STRAWBERRY"": 44, ""BUY_SEED:WHEAT"": 66, ""SELL:CARROT"": 13, ""SELL:EGG"": 8, ""SELL:FERTILIZER"": 445, ""SELL:MELON"": 215, ""SELL:MILK"": 560, ""SELL:STRAWBERRY"": 550, ""SELL:TOMATO"": 4, ""SELL:WHEAT"": 1108, ""SELL:WOOL"": 323}",215,68,13515.0,0,198.75,550,213,46117.0,0,216.5117370892019,560,186,11103.0,0,59.693548387096776,323,99,6901.0,37,69.70707070707071,-7272.0,172.0,manual_player
90104951,802179968,0,fixed_navazsh_fathi,standard_converged,105998.0,110540.0,-4542.0,loss,1,2.646497333989828,719,0,0,0.010208,0.051554200000000015,0.07464068000000001,0.23225,"{""BUILD_PASTURE"": 14, ""CARE"": 308, ""COLLECT_FERTILIZER"": 318, ""DIG"": 25, ""DROP"": 80, ""EAST"": 857, ""FEED"": 319, ""FERTILIZE"": 107, ""HARVEST"": 338, ""NORTH"": 1236, ""PASS"": 377, ""PICKUP"": 339, ""PLACE"": 27, ""PLANT"": 131, ""SOUTH"": 929, ""WATER"": 851, ""WEST"": 1098}","{""BUY_ANIMAL"": 14, ""BUY_LAND"": 2, ""BUY_PRODUCT"": 279, ""BUY_SEED"": 54, ""HIRE"": 306, ""SELL"": 377}","{""BUY_ANIMAL:COW"": 8, ""BUY_ANIMAL:SHEEP"": 6, ""BUY_PRODUCT:WHEAT"": 967, ""BUY_SEED:MELON"": 21, ""BUY_SEED:STRAWBERRY"": 44, ""BUY_SEED:WHEAT"": 66, ""SELL:CARROT"": 13, ""SELL:EGG"": 8, ""SELL:FERTILIZER"": 406, ""SELL:MELON"": 182, ""SELL:MILK"": 413, ""SELL:STRAWBERRY"": 390, ""SELL:TOMATO"": 4, ""SELL:WHEAT"": 1108, ""SELL:WOOL"": 251}",182,68,13585.0,0,199.77941176470588,390,217,47152.0,0,217.29032258064515,413,186,12625.0,0,67.8763440860215,251,100,7079.0,33,70.79,-7272.0,2730.0,navazsh_fathi
90104951,802179968,0,fixed_lucien_de_rubempre,standard_converged,102341.0,108142.0,-5801.0,loss,1,2.642678500007605,719,0,0,0.010084,0.048841300000000004,0.07001988000000003,0.183709,"{""BUILD_PASTURE"": 14, ""CARE"": 308, ""COLLECT_FERTILIZER"": 318, ""DIG"": 25, ""DROP"": 80, ""EAST"": 857, ""FEED"": 319, ""FERTILIZE"": 107, ""HARVEST"": 338, ""NORTH"": 1236, ""PASS"": 377, ""PICKUP"": 339, ""PLACE"": 27, ""PLANT"": 131, ""SOUTH"": 929, ""WATER"": 851, ""WEST"": 1098}","{""BUY_ANIMAL"": 14, ""BUY_LAND"": 2, ""BUY_PRODUCT"": 279, ""BUY_SEED"": 54, ""HIRE"": 306, ""SELL"": 418}","{""BUY_ANIMAL:COW"": 8, ""BUY_ANIMAL:SHEEP"": 6, ""BUY_PRODUCT:WHEAT"": 967, ""BUY_SEED:MELON"": 21, ""BUY_SEED:STRAWBERRY"": 44, ""BUY_SEED:WHEAT"": 66, ""SELL:CARROT"": 13, ""SELL:EGG"": 8, ""SELL:FERTILIZER"": 406, ""SELL:MELON"": 197, ""SELL:MILK"": 543, ""SELL:STRAWBERRY"": 536, ""SELL:TOMATO"": 4, ""SELL:WHEAT"": 1108, ""SELL:WOOL"": 300}",197,68,13585.0,0,199.77941176470588,536,215,44946.0,0,209.05116279069767,543,184,11472.0,0,62.34782608695652,300,99,6398.0,33,64.62626262626263,-7272.0,1471.0,lucien_de_rubempre
90104951,802179968,1,control_v012,standard_converged,148168.0,22578.0,125590.0,win,1,2.6233087919972604,719,0,20,0.008,0.04210800000000001,0.06673506000000001,0.165542,"{""BUILD_PASTURE"": 14, ""CARE"": 308, ""COLLECT_FERTILIZER"": 318, ""DIG"": 25, ""DROP"": 80, ""EAST"": 857, ""FEED"": 319, ""FERTILIZE"": 107, ""HARVEST"": 338, ""NORTH"": 1236, ""PASS"": 377, ""PICKUP"": 339, ""PLACE"": 27, ""PLANT"": 131, ""SOUTH"": 929, ""WATER"": 851, ""WEST"": 1098}","{""BUY_ANIMAL"": 14, ""BUY_LAND"": 2, ""BUY_PRODUCT"": 279, ""BUY_SEED"": 54, ""HIRE"": 306, ""SELL"": 481}","{""BUY_ANIMAL:COW"": 8, ""BUY_ANIMAL:SHEEP"": 6, ""BUY_PRODUCT:WHEAT"": 967, ""BUY_SEED:MELON"": 21, ""BUY_SEED:STRAWBERRY"": 44, ""BUY_SEED:WHEAT"": 66, ""SELL:CARROT"": 13, ""SELL:EGG"": 8, ""SELL:FERTILIZER"": 445, ""SELL:MELON"": 224, ""SELL:MILK"": 682, ""SELL:STRAWBERRY"": 636, ""SELL:TOMATO"": 4, ""SELL:WHEAT"": 1108, ""SELL:WOOL"": 373}",224,68,15788.0,0,232.1764705882353,636,212,52789.0,0,249.00471698113208,682,159,30143.0,0,189.57861635220127,373,99,11418.0,14,115.33333333333333,125590.0,0.0,
90104951,802179968,1,fixed_mohit,standard_converged,148326.0,21239.0,127087.0,win,1,2.629762041004142,719,0,20,0.009917,0.04390410000000001,0.06944306000000001,0.222209,"{""BUILD_PASTURE"": 14, ""CARE"": 308, ""COLLECT_FERTILIZER"": 318, ""DIG"": 25, ""DROP"": 80, ""EAST"": 857, ""FEED"": 319, ""FERTILIZE"": 107, ""HARVEST"": 338, ""NORTH"": 1236, ""PASS"": 377, ""PICKUP"": 339, ""PLACE"": 27, ""PLANT"": 131, ""SOUTH"": 929, ""WATER"": 851, ""WEST"": 1098}","{""BUY_ANIMAL"": 14, ""BUY_LAND"": 2, ""BUY_PRODUCT"": 279, ""BUY_SEED"": 54, ""HIRE"": 306, ""SELL"": 469}","{""BUY_ANIMAL:COW"": 8, ""BUY_ANIMAL:SHEEP"": 6, ""BUY_PRODUCT:WHEAT"": 967, ""BUY_SEED:MELON"": 21, ""BUY_SEED:STRAWBERRY"": 44, ""BUY_SEED:WHEAT"": 66, ""SELL:CARROT"": 13, ""SELL:EGG"": 8, ""SELL:FERTILIZER"": 445, ""SELL:MELON"": 216, ""SELL:MILK"": 642, ""SELL:STRAWBERRY"": 609, ""SELL:TOMATO"": 4, ""SELL:WHEAT"": 1108, ""SELL:WOOL"": 349}",216,68,15780.0,0,232.05882352941177,609,212,52877.0,0,249.41981132075472,642,160,30480.0,0,190.5,349,99,11383.0,15,114.97979797979798,125590.0,1497.0,mohit
90104951,802179968,1,fixed_automatylicza,standard_converged,148168.0,22578.0,125590.0,win,1,2.6276629169879016,719,0,20,0.009625,0.043225300000000015,0.06778062000000001,0.208166,"{""BUILD_PASTURE"": 14, ""CARE"": 308, ""COLLECT_FERTILIZER"": 318, ""DIG"": 25, ""DROP"": 80, ""EAST"": 857, ""FEED"": 319, ""FERTILIZE"": 107, ""HARVEST"": 338, ""NORTH"": 1236, ""PASS"": 377, ""PICKUP"": 339, ""PLACE"": 27, ""PLANT"": 131, ""SOUTH"": 929, ""WATER"": 851, ""WEST"": 1098}","{""BUY_ANIMAL"": 14, ""BUY_LAND"": 2, ""BUY_PRODUCT"": 279, ""BUY_SEED"": 54, ""HIRE"": 306, ""SELL"": 481}","{""BUY_ANIMAL:COW"": 8, ""BUY_ANIMAL:SHEEP"": 6, ""BUY_PRODUCT:WHEAT"": 967, ""BUY_SEED:MELON"": 21, ""BUY_SEED:STRAWBERRY"": 44, ""BUY_SEED:WHEAT"": 66, ""SELL:CARROT"": 13, ""SELL:EGG"": 8, ""SELL:FERTILIZER"": 445, ""SELL:MELON"": 224, ""SELL:MILK"": 682, ""SELL:STRAWBERRY"": 636, ""SELL:TOMATO"": 4, ""SELL:WHEAT"": 1108, ""SELL:WOOL"": 373}",224,68,15788.0,0,232.1764705882353,636,212,52789.0,0,249.00471698113208,682,159,30143.0,0,189.57861635220127,373,99,11418.0,14,115.33333333333333,125590.0,0.0,automatylicza
90104951,802179968,1,fixed_manual_player,standard_converged,148768.0,20095.0,128673.0,win,1,2.631252791004954,719,0,20,0.009917,0.044171100000000005,0.06754556000000002,0.206167,"{""BUILD_PASTURE"": 14, ""CARE"": 308, ""COLLECT_FERTILIZER"": 318, ""DIG"": 25, ""DROP"": 80, ""EAST"": 857, ""FEED"": 319, ""FERTILIZE"": 107, ""HARVEST"": 338, ""NORTH"": 1236, ""PASS"": 377, ""PICKUP"": 339, ""PLACE"": 27, ""PLANT"": 131, ""SOUTH"": 929, ""WATER"": 851, ""WEST"": 1098}","{""BUY_ANIMAL"": 14, ""BUY_LAND"": 2, ""BUY_PRODUCT"": 279, ""BUY_SEED"": 54, ""HIRE"": 306, ""SELL"": 440}","{""BUY_ANIMAL:COW"": 8, ""BUY_ANIMAL:SHEEP"": 6, ""BUY_PRODUCT:WHEAT"": 967, ""BUY_SEED:MELON"": 21, ""BUY_SEED:STRAWBERRY"": 44, ""BUY_SEED:WHEAT"": 66, ""SELL:CARROT"": 13, ""SELL:EGG"": 8, ""SELL:FERTILIZER"": 445, ""SELL:MELON"": 215, ""SELL:MILK"": 560, ""SELL:STRAWBERRY"": 550, ""SELL:TOMATO"": 4, ""SELL:WHEAT"": 1108, ""SELL:WOOL"": 323}",215,68,15780.0,0,232.05882352941177,550,212,52929.0,0,249.66509433962264,560,162,30727.0,0,189.67283950617283,323,99,11579.0,16,116.95959595959596,125590.0,3083.0,manual_player
90104951,802179968,1,fixed_navazsh_fathi,standard_converged,152679.0,20021.0,132658.0,win,1,2.62914470800024,719,0,0,0.009916,0.044,0.06928818000000002,0.195416,"{""BUILD_PASTURE"": 14, ""CARE"": 308, ""COLLECT_FERTILIZER"": 318, ""DIG"": 25, ""DROP"": 80, ""EAST"": 857, ""FEED"": 319, ""FERTILIZE"": 107, ""HARVEST"": 338, ""NORTH"": 1236, ""PASS"": 377, ""PICKUP"": 339, ""PLACE"": 27, ""PLANT"": 131, ""SOUTH"": 929, ""WATER"": 851, ""WEST"": 1098}","{""BUY_ANIMAL"": 14, ""BUY_LAND"": 2, ""BUY_PRODUCT"": 279, ""BUY_SEED"": 54, ""HIRE"": 306, ""SELL"": 377}","{""BUY_ANIMAL:COW"": 8, ""BUY_ANIMAL:SHEEP"": 6, ""BUY_PRODUCT:WHEAT"": 967, ""BUY_SEED:MELON"": 21, ""BUY_SEED:STRAWBERRY"": 44, ""BUY_SEED:WHEAT"": 66, ""SELL:CARROT"": 13, ""SELL:EGG"": 8, ""SELL:FERTILIZER"": 406, ""SELL:MELON"": 182, ""SELL:MILK"": 413, ""SELL:STRAWBERRY"": 390, ""SELL:TOMATO"": 4, ""SELL:WHEAT"": 1108, ""SELL:WOOL"": 251}",182,68,15840.0,0,232.94117647058823,390,220,56279.0,0,255.81363636363636,413,159,30507.0,0,191.8679245283019,251,99,12424.0,12,125.4949494949495,125590.0,7068.0,navazsh_fathi
90104951,802179968,1,fixed_lucien_de_rubempre,standard_converged,151100.0,21470.0,129630.0,win,1,2.62367220800661,719,0,20,0.009791,0.04592120000000006,0.06795256000000005,0.215291,"{""BUILD_PASTURE"": 14, ""CARE"": 308, ""COLLECT_FERTILIZER"": 318, ""DIG"": 25, ""DROP"": 80, ""EAST"": 857, ""FEED"": 319, ""FERTILIZE"": 107, ""HARVEST"": 338, ""NORTH"": 1236, ""PASS"": 377, ""PICKUP"": 339, ""PLACE"": 27, ""PLANT"": 131, ""SOUTH"": 929, ""WATER"": 851, ""WEST"": 1098}","{""BUY_ANIMAL"": 14, ""BUY_LAND"": 2, ""BUY_PRODUCT"": 279, ""BUY_SEED"": 54, ""HIRE"": 306, ""SELL"": 418}","{""BUY_ANIMAL:COW"": 8, ""BUY_ANIMAL:SHEEP"": 6, ""BUY_PRODUCT:WHEAT"": 967, ""BUY_SEED:MELON"": 21, ""BUY_SEED:STRAWBERRY"": 44, ""BUY_SEED:WHEAT"": 66, ""SELL:CARROT"": 13, ""SELL:EGG"": 8, ""SELL:FERTILIZER"": 406, ""SELL:MELON"": 197, ""SELL:MILK"": 543, ""SELL:STRAWBERRY"": 536, ""SELL:TOMATO"": 4, ""SELL:WHEAT"": 1108, ""SELL:WOOL"": 300}",197,68,15756.0,0,231.7058823529412,536,219,54722.0,0,249.87214611872147,543,160,30724.0,0,192.025,300,99,12381.0,8,125.06060606060606,125590.0,4040.0,lucien_de_rubempre
90106933,82539666,0,control_v012,standard_converged,111622.0,116048.0,-4426.0,loss,1,2.6698688750038855,719,0,0,0.008208,0.04830900000000002,0.08202006000000067,0.219917,"{""BUILD_PASTURE"": 14, ""CARE"": 308, ""COLLECT_FERTILIZER"": 318, ""DIG"": 25, ""DROP"": 80, ""EAST"": 857, ""FEED"": 319, ""FERTILIZE"": 107, ""HARVEST"": 338, ""NORTH"": 1236, ""PASS"": 377, ""PICKUP"": 339, ""PLACE"": 27, ""PLANT"": 131, ""SOUTH"": 929, ""WATER"": 851, ""WEST"": 1098}","{""BUY_ANIMAL"": 14, ""BUY_LAND"": 2, ""BUY_PRODUCT"": 279, ""BUY_SEED"": 54, ""HIRE"": 306, ""SELL"": 450}","{""BUY_ANIMAL:COW"": 8, ""BUY_ANIMAL:SHEEP"": 6, ""BUY_PRODUCT:WHEAT"": 967, ""BUY_SEED:MELON"": 21, ""BUY_SEED:STRAWBERRY"": 44, ""BUY_SEED:WHEAT"": 66, ""SELL:CARROT"": 13, ""SELL:EGG"": 8, ""SELL:FERTILIZER"": 437, ""SELL:MELON"": 224, ""SELL:MILK"": 614, ""SELL:STRAWBERRY"": 567, ""SELL:TOMATO"": 4, ""SELL:WHEAT"": 1108, ""SELL:WOOL"": 354}",224,62,12170.0,0,196.29032258064515,567,221,32818.0,0,148.49773755656108,614,183,28808.0,0,157.4207650273224,354,100,10000.0,16,100.0,-4426.0,0.0,
90106933,82539666,0,fixed_mohit,standard_converged,111994.0,117073.0,-5079.0,loss,1,2.6758695419994183,719,0,0,0.010042,0.047312200000000026,0.06868632000000002,0.23475,"{""BUILD_PASTURE"": 14, ""CARE"": 308, ""COLLECT_FERTILIZER"": 318, ""DIG"": 25, ""DROP"": 80, ""EAST"": 857, ""FEED"": 319, ""FERTILIZE"": 107, ""HARVEST"": 338, ""NORTH"": 1236, ""PASS"": 377, ""PICKUP"": 339, ""PLACE"": 27, ""PLANT"": 131, ""SOUTH"": 929, ""WATER"": 851, ""WEST"": 1098}","{""BUY_ANIMAL"": 14, ""BUY_LAND"": 2, ""BUY_PRODUCT"": 279, ""BUY_SEED"": 54, ""HIRE"": 306, ""SELL"": 469}","{""BUY_ANIMAL:COW"": 8, ""BUY_ANIMAL:SHEEP"": 6, ""BUY_PRODUCT:WHEAT"": 967, ""BUY_SEED:MELON"": 21, ""BUY_SEED:STRAWBERRY"": 44, ""BUY_SEED:WHEAT"": 66, ""SELL:CARROT"": 13, ""SELL:EGG"": 8, ""SELL:FERTILIZER"": 445, ""SELL:MELON"": 216, ""SELL:MILK"": 642, ""SELL:STRAWBERRY"": 609, ""SELL:TOMATO"": 4, ""SELL:WHEAT"": 1108, ""SELL:WOOL"": 349}",216,62,12170.0,0,196.29032258064515,609,216,32992.0,0,152.74074074074073,642,184,29041.0,0,157.83152173913044,349,100,9986.0,18,99.86,-4426.0,-653.0,mohit
90106933,82539666,0,fixed_automatylicza,standard_converged,111728.0,116918.0,-5190.0,loss,1,2.665197750000516,719,0,0,0.00975,0.049591300000000005,0.08306512000000074,0.247291,"{""BUILD_PASTURE"": 14, ""CARE"": 308, ""COLLECT_FERTILIZER"": 318, ""DIG"": 25, ""DROP"": 80, ""EAST"": 857, ""FEED"": 319, ""FERTILIZE"": 107, ""HARVEST"": 338, ""NORTH"": 1236, ""PASS"": 377, ""PICKUP"": 339, ""PLACE"": 27, ""PLANT"": 131, ""SOUTH"": 929, ""WATER"": 851, ""WEST"": 1098}","{""BUY_ANIMAL"": 14, ""BUY_LAND"": 2, ""BUY_PRODUCT"": 279, ""BUY_SEED"": 54, ""HIRE"": 306, ""SELL"": 481}","{""BUY_ANIMAL:COW"": 8, ""BUY_ANIMAL:SHEEP"": 6, ""BUY_PRODUCT:WHEAT"": 967, ""BUY_SEED:MELON"": 21, ""BUY_SEED:STRAWBERRY"": 44, ""BUY_SEED:WHEAT"": 66, ""SELL:CARROT"": 13, ""SELL:EGG"": 8, ""SELL:FERTILIZER"": 445, ""SELL:MELON"": 224, ""SELL:MILK"": 682, ""SELL:STRAWBERRY"": 636, ""SELL:TOMATO"": 4, ""SELL:WHEAT"": 1108, ""SELL:WOOL"": 373}",224,62,12170.0,0,196.29032258064515,636,216,32987.0,0,152.71759259259258,682,183,28637.0,0,156.4863387978142,373,100,9986.0,18,99.86,-4426.0,-764.0,automatylicza
90106933,82539666,0,fixed_manual_player,standard_converged,112849.0,117081.0,-4232.0,loss,1,2.676443582997308,719,0,0,0.01,0.04790840000000004,0.07433626000000028,0.211,"{""BUILD_PASTURE"": 14, ""CARE"": 308, ""COLLECT_FERTILIZER"": 318, ""DIG"": 25, ""DROP"": 80, ""EAST"": 857, ""FEED"": 319, ""FERTILIZE"": 107, ""HARVEST"": 338, ""NORTH"": 1236, ""PASS"": 377, ""PICKUP"": 339, ""PLACE"": 27, ""PLANT"": 131, ""SOUTH"": 929, ""WATER"": 851, ""WEST"": 1098}","{""BUY_ANIMAL"": 14, ""BUY_LAND"": 2, ""BUY_PRODUCT"": 279, ""BUY_SEED"": 54, ""HIRE"": 306, ""SELL"": 440}","{""BUY_ANIMAL:COW"": 8, ""BUY_ANIMAL:SHEEP"": 6, ""BUY_PRODUCT:WHEAT"": 967, ""BUY_SEED:MELON"": 21, ""BUY_SEED:STRAWBERRY"": 44, ""BUY_SEED:WHEAT"": 66, ""SELL:CARROT"": 13, ""SELL:EGG"": 8, ""SELL:FERTILIZER"": 445, ""SELL:MELON"": 215, ""SELL:MILK"": 560, ""SELL:STRAWBERRY"": 550, ""SELL:TOMATO"": 4, ""SELL:WHEAT"": 1108, ""SELL:WOOL"": 323}",215,62,12170.0,0,196.29032258064515,550,216,33250.0,0,153.9351851851852,560,186,29586.0,0,159.06451612903226,323,100,10410.0,17,104.1,-4426.0,194.0,manual_player
90106933,82539666,0,fixed_navazsh_fathi,standard_converged,114626.0,116071.0,-1445.0,loss,1,2.6551738330017542,719,0,0,0.009833,0.046092000000000015,0.07083194000000005,0.239667,"{""BUILD_PASTURE"": 14, ""CARE"": 308, ""COLLECT_FERTILIZER"": 318, ""DIG"": 25, ""DROP"": 80, ""EAST"": 857, ""FEED"": 319, ""FERTILIZE"": 107, ""HARVEST"": 338, ""NORTH"": 1236, ""PASS"": 377, ""PICKUP"": 339, ""PLACE"": 27, ""PLANT"": 131, ""SOUTH"": 929, ""WATER"": 851, ""WEST"": 1098}","{""BUY_ANIMAL"": 14, ""BUY_LAND"": 2, ""BUY_PRODUCT"": 279, ""BUY_SEED"": 54, ""HIRE"": 306, ""SELL"": 377}","{""BUY_ANIMAL:COW"": 8, ""BUY_ANIMAL:SHEEP"": 6, ""BUY_PRODUCT:WHEAT"": 967, ""BUY_SEED:MELON"": 21, ""BUY_SEED:STRAWBERRY"": 44, ""BUY_SEED:WHEAT"": 66, ""SELL:CARROT"": 13, ""SELL:EGG"": 8, ""SELL:FERTILIZER"": 406, ""SELL:MELON"": 182, ""SELL:MILK"": 413, ""SELL:STRAWBERRY"": 390, ""SELL:TOMATO"": 4, ""SELL:WHEAT"": 1108, ""SELL:WOOL"": 251}",182,62,12206.0,0,196.8709677419355,390,223,34253.0,0,153.60089686098655,413,183,30663.0,0,167.55737704918033,251,100,11038.0,10,110.38,-4426.0,2981.0,navazsh_fathi
90106933,82539666,0,fixed_lucien_de_rubempre,standard_converged,113424.0,115874.0,-2450.0,loss,1,2.685547291999683,719,0,0,0.010541,0.05856700000000001,0.1077030600000009,0.253583,"{""BUILD_PASTURE"": 14, ""CARE"": 308, ""COLLECT_FERTILIZER"": 318, ""DIG"": 25, ""DROP"": 80, ""EAST"": 857, ""FEED"": 319, ""FERTILIZE"": 107, ""HARVEST"": 338, ""NORTH"": 1236, ""PASS"": 377, ""PICKUP"": 339, ""PLACE"": 27, ""PLANT"": 131, ""SOUTH"": 929, ""WATER"": 851, ""WEST"": 1098}","{""BUY_ANIMAL"": 14, ""BUY_LAND"": 2, ""BUY_PRODUCT"": 279, ""BUY_SEED"": 54, ""HIRE"": 306, ""SELL"": 418}","{""BUY_ANIMAL:COW"": 8, ""BUY_ANIMAL:SHEEP"": 6, ""BUY_PRODUCT:WHEAT"": 967, ""BUY_SEED:MELON"": 21, ""BUY_SEED:STRAWBERRY"": 44, ""BUY_SEED:WHEAT"": 66, ""SELL:CARROT"": 13, ""SELL:EGG"": 8, ""SELL:FERTILIZER"": 406, ""SELL:MELON"": 197, ""SELL:MILK"": 543, ""SELL:STRAWBERRY"": 536, ""SELL:TOMATO"": 4, ""SELL:WHEAT"": 1108, ""SELL:WOOL"": 300}",197,62,12206.0,0,196.8709677419355,536,221,33277.0,0,150.57466063348417,543,184,29805.0,0,161.9836956521739,300,100,10861.0,12,108.61,-4426.0,1976.0,lucien_de_rubempre
90106933,82539666,1,control_v012,standard_converged,86383.0,88716.0,-2333.0,loss,1,2.6505802500032587,719,0,0,0.008333,0.0422961,0.06862012000000008,0.244334,"{""BUILD_PASTURE"": 14, ""CARE"": 308, ""COLLECT_FERTILIZER"": 318, ""DIG"": 25, ""DROP"": 80, ""EAST"": 857, ""FEED"": 319, ""FERTILIZE"": 107, ""HARVEST"": 338, ""NORTH"": 1236, ""PASS"": 377, ""PICKUP"": 339, ""PLACE"": 27, ""PLANT"": 131, ""SOUTH"": 929, ""WATER"": 851, ""WEST"": 1098}","{""BUY_ANIMAL"": 14, ""BUY_LAND"": 2, ""BUY_PRODUCT"": 279, ""BUY_SEED"": 54, ""HIRE"": 306, ""SELL"": 450}","{""BUY_ANIMAL:COW"": 8, ""BUY_ANIMAL:SHEEP"": 6, ""BUY_PRODUCT:WHEAT"": 967, ""BUY_SEED:MELON"": 21, ""BUY_SEED:STRAWBERRY"": 44, ""BUY_SEED:WHEAT"": 66, ""SELL:CARROT"": 13, ""SELL:EGG"": 8, ""SELL:FERTILIZER"": 437, ""SELL:MELON"": 224, ""SELL:MILK"": 614, ""SELL:STRAWBERRY"": 567, ""SELL:TOMATO"": 4, ""SELL:WHEAT"": 1108, ""SELL:WOOL"": 354}",224,68,13697.0,0,201.4264705882353,567,221,25664.0,7,116.12669683257919,614,183,16307.0,0,89.10928961748634,354,100,8021.0,39,80.21,-2333.0,0.0,
90106933,82539666,1,fixed_mohit,standard_converged,86515.0,89383.0,-2868.0,loss,1,2.6490764589980245,719,0,0,0.010167,0.044057700000000005,0.07229256000000002,0.162417,"{""BUILD_PASTURE"": 14, ""CARE"": 308, ""COLLECT_FERTILIZER"": 318, ""DIG"": 25, ""DROP"": 80, ""EAST"": 857, ""FEED"": 319, ""FERTILIZE"": 107, ""HARVEST"": 338, ""NORTH"": 1236, ""PASS"": 377, ""PICKUP"": 339, ""PLACE"": 27, ""PLANT"": 131, ""SOUTH"": 929, ""WATER"": 851, ""WEST"": 1098}","{""BUY_ANIMAL"": 14, ""BUY_LAND"": 2, ""BUY_PRODUCT"": 279, ""BUY_SEED"": 54, ""HIRE"": 306, ""SELL"": 469}","{""BUY_ANIMAL:COW"": 8, ""BUY_ANIMAL:SHEEP"": 6, ""BUY_PRODUCT:WHEAT"": 967, ""BUY_SEED:MELON"": 21, ""BUY_SEED:STRAWBERRY"": 44, ""BUY_SEED:WHEAT"": 66, ""SELL:CARROT"": 13, ""SELL:EGG"": 8, ""SELL:FERTILIZER"": 445, ""SELL:MELON"": 216, ""SELL:MILK"": 642, ""SELL:STRAWBERRY"": 609, ""SELL:TOMATO"": 4, ""SELL:WHEAT"": 1108, ""SELL:WOOL"": 349}",216,68,13697.0,0,201.4264705882353,609,216,25726.0,6,119.10185185185185,642,184,16384.0,0,89.04347826086956,349,100,8031.0,38,80.31,-2333.0,-535.0,mohit
90106933,82539666,1,fixed_automatylicza,standard_converged,86623.0,88962.0,-2339.0,loss,1,2.648320624997723,719,0,0,0.009625,0.0445,0.06914506000000004,0.209625,"{""BUILD_PASTURE"": 14, ""CARE"": 308, ""COLLECT_FERTILIZER"": 318, ""DIG"": 25, ""DROP"": 80, ""EAST"": 857, ""FEED"": 319, ""FERTILIZE"": 107, ""HARVEST"": 338, ""NORTH"": 1236, ""PASS"": 377, ""PICKUP"": 339, ""PLACE"": 27, ""PLANT"": 131, ""SOUTH"": 929, ""WATER"": 851, ""WEST"": 1098}","{""BUY_ANIMAL"": 14, ""BUY_LAND"": 2, ""BUY_PRODUCT"": 279, ""BUY_SEED"": 54, ""HIRE"": 306, ""SELL"": 481}","{""BUY_ANIMAL:COW"": 8, ""BUY_ANIMAL:SHEEP"": 6, ""BUY_PRODUCT:WHEAT"": 967, ""BUY_SEED:MELON"": 21, ""BUY_SEED:STRAWBERRY"": 44, ""BUY_SEED:WHEAT"": 66, ""SELL:CARROT"": 13, ""SELL:EGG"": 8, ""SELL:FERTILIZER"": 445, ""SELL:MELON"": 224, ""SELL:MILK"": 682, ""SELL:STRAWBERRY"": 636, ""SELL:TOMATO"": 4, ""SELL:WHEAT"": 1108, ""SELL:WOOL"": 373}",224,68,13697.0,0,201.4264705882353,636,216,25722.0,6,119.08333333333333,682,183,16371.0,0,89.45901639344262,373,100,8031.0,38,80.31,-2333.0,-6.0,automatylicza
90106933,82539666,1,fixed_manual_player,standard_converged,85021.0,91130.0,-6109.0,loss,1,2.647914707995369,719,0,0,0.009833,0.043821200000000005,0.06802688000000001,0.181209,"{""BUILD_PASTURE"": 14, ""CARE"": 308, ""COLLECT_FERTILIZER"": 318, ""DIG"": 25, ""DROP"": 80, ""EAST"": 857, ""FEED"": 319, ""FERTILIZE"": 107, ""HARVEST"": 338, ""NORTH"": 1236, ""PASS"": 377, ""PICKUP"": 339, ""PLACE"": 27, ""PLANT"": 131, ""SOUTH"": 929, ""WATER"": 851, ""WEST"": 1098}","{""BUY_ANIMAL"": 14, ""BUY_LAND"": 2, ""BUY_PRODUCT"": 279, ""BUY_SEED"": 54, ""HIRE"": 306, ""SELL"": 440}","{""BUY_ANIMAL:COW"": 8, ""BUY_ANIMAL:SHEEP"": 6, ""BUY_PRODUCT:WHEAT"": 967, ""BUY_SEED:MELON"": 21, ""BUY_SEED:STRAWBERRY"": 44, ""BUY_SEED:WHEAT"": 66, ""SELL:CARROT"": 13, ""SELL:EGG"": 8, ""SELL:FERTILIZER"": 445, ""SELL:MELON"": 215, ""SELL:MILK"": 560, ""SELL:STRAWBERRY"": 550, ""SELL:TOMATO"": 4, ""SELL:WHEAT"": 1108, ""SELL:WOOL"": 323}",215,68,13706.0,0,201.55882352941177,550,216,24780.0,10,114.72222222222223,560,186,16117.0,0,86.65053763440861,323,100,7945.0,37,79.45,-2333.0,-3776.0,manual_player
90106933,82539666,1,fixed_navazsh_fathi,standard_converged,84395.0,92073.0,-7678.0,loss,1,2.6505447080126032,719,0,0,0.009833,0.0437583,0.06825374000000002,0.261458,"{""BUILD_PASTURE"": 14, ""CARE"": 308, ""COLLECT_FERTILIZER"": 318, ""DIG"": 25, ""DROP"": 80, ""EAST"": 857, ""FEED"": 319, ""FERTILIZE"": 107, ""HARVEST"": 338, ""NORTH"": 1236, ""PASS"": 377, ""PICKUP"": 339, ""PLACE"": 27, ""PLANT"": 131, ""SOUTH"": 929, ""WATER"": 851, ""WEST"": 1098}","{""BUY_ANIMAL"": 14, ""BUY_LAND"": 2, ""BUY_PRODUCT"": 279, ""BUY_SEED"": 54, ""HIRE"": 306, ""SELL"": 377}","{""BUY_ANIMAL:COW"": 8, ""BUY_ANIMAL:SHEEP"": 6, ""BUY_PRODUCT:WHEAT"": 967, ""BUY_SEED:MELON"": 21, ""BUY_SEED:STRAWBERRY"": 44, ""BUY_SEED:WHEAT"": 66, ""SELL:CARROT"": 13, ""SELL:EGG"": 8, ""SELL:FERTILIZER"": 406, ""SELL:MELON"": 182, ""SELL:MILK"": 413, ""SELL:STRAWBERRY"": 390, ""SELL:TOMATO"": 4, ""SELL:WHEAT"": 1108, ""SELL:WOOL"": 251}",182,68,13585.0,0,199.77941176470588,390,223,24832.0,17,111.3542600896861,413,185,17260.0,0,93.29729729729729,251,100,7090.0,35,70.9,-2333.0,-5345.0,navazsh_fathi
90106933,82539666,1,fixed_lucien_de_rubempre,standard_converged,82941.0,91680.0,-8739.0,loss,1,2.654107958005625,719,0,0,0.009833,0.044779200000000005,0.06702044000000006,0.231042,"{""BUILD_PASTURE"": 14, ""CARE"": 308, ""COLLECT_FERTILIZER"": 318, ""DIG"": 25, ""DROP"": 80, ""EAST"": 857, ""FEED"": 319, ""FERTILIZE"": 107, ""HARVEST"": 338, ""NORTH"": 1236, ""PASS"": 377, ""PICKUP"": 339, ""PLACE"": 27, ""PLANT"": 131, ""SOUTH"": 929, ""WATER"": 851, ""WEST"": 1098}","{""BUY_ANIMAL"": 14, ""BUY_LAND"": 2, ""BUY_PRODUCT"": 279, ""BUY_SEED"": 54, ""HIRE"": 306, ""SELL"": 418}","{""BUY_ANIMAL:COW"": 8, ""BUY_ANIMAL:SHEEP"": 6, ""BUY_PRODUCT:WHEAT"": 967, ""BUY_SEED:MELON"": 21, ""BUY_SEED:STRAWBERRY"": 44, ""BUY_SEED:WHEAT"": 66, ""SELL:CARROT"": 13, ""SELL:EGG"": 8, ""SELL:FERTILIZER"": 406, ""SELL:MELON"": 197, ""SELL:MILK"": 543, ""SELL:STRAWBERRY"": 536, ""SELL:TOMATO"": 4, ""SELL:WHEAT"": 1108, ""SELL:WOOL"": 300}",197,68,13585.0,0,199.77941176470588,536,221,24268.0,17,109.80995475113122,543,184,16277.0,0,88.46195652173913,300,99,6464.0,35,65.29292929292929,-2333.0,-6406.0,lucien_de_rubempre
90106946,1390058913,0,control_v012,standard_converged,98693.0,102454.0,-3761.0,loss,1,2.6474799169955077,719,0,0,0.007959,0.044883000000000006,0.06715124000000001,0.20725,"{""BUILD_PASTURE"": 14, ""CARE"": 308, ""COLLECT_FERTILIZER"": 318, ""DIG"": 25, ""DROP"": 80, ""EAST"": 857, ""FEED"": 319, ""FERTILIZE"": 107, ""HARVEST"": 338, ""NORTH"": 1236, ""PASS"": 377, ""PICKUP"": 339, ""PLACE"": 27, ""PLANT"": 131, ""SOUTH"": 929, ""WATER"": 851, ""WEST"": 1098}","{""BUY_ANIMAL"": 14, ""BUY_LAND"": 2, ""BUY_PRODUCT"": 279, ""BUY_SEED"": 54, ""HIRE"": 306, ""SELL"": 481}","{""BUY_ANIMAL:COW"": 8, ""BUY_ANIMAL:SHEEP"": 6, ""BUY_PRODUCT:WHEAT"": 967, ""BUY_SEED:MELON"": 21, ""BUY_SEED:STRAWBERRY"": 44, ""BUY_SEED:WHEAT"": 66, ""SELL:CARROT"": 13, ""SELL:EGG"": 8, ""SELL:FERTILIZER"": 445, ""SELL:MELON"": 224, ""SELL:MILK"": 682, ""SELL:STRAWBERRY"": 636, ""SELL:TOMATO"": 4, ""SELL:WHEAT"": 1108, ""SELL:WOOL"": 373}",224,68,13559.0,0,199.39705882352942,636,216,19676.0,36,91.0925925925926,682,183,12286.0,2,67.13661202185793,373,100,24192.0,0,241.92,-3761.0,0.0,
90106946,1390058913,0,fixed_mohit,standard_converged,98376.0,102103.0,-3727.0,loss,1,2.666700750007294,719,0,0,0.0105,0.046608600000000014,0.07386874000000004,0.251334,"{""BUILD_PASTURE"": 14, ""CARE"": 308, ""COLLECT_FERTILIZER"": 318, ""DIG"": 25, ""DROP"": 80, ""EAST"": 857, ""FEED"": 319, ""FERTILIZE"": 107, ""HARVEST"": 338, ""NORTH"": 1236, ""PASS"": 377, ""PICKUP"": 339, ""PLACE"": 27, ""PLANT"": 131, ""SOUTH"": 929, ""WATER"": 851, ""WEST"": 1098}","{""BUY_ANIMAL"": 14, ""BUY_LAND"": 2, ""BUY_PRODUCT"": 279, ""BUY_SEED"": 54, ""HIRE"": 306, ""SELL"": 469}","{""BUY_ANIMAL:COW"": 8, ""BUY_ANIMAL:SHEEP"": 6, ""BUY_PRODUCT:WHEAT"": 967, ""BUY_SEED:MELON"": 21, ""BUY_SEED:STRAWBERRY"": 44, ""BUY_SEED:WHEAT"": 66, ""SELL:CARROT"": 13, ""SELL:EGG"": 8, ""SELL:FERTILIZER"": 445, ""SELL:MELON"": 216, ""SELL:MILK"": 642, ""SELL:STRAWBERRY"": 609, ""SELL:TOMATO"": 4, ""SELL:WHEAT"": 1108, ""SELL:WOOL"": 349}",216,68,13559.0,0,199.39705882352942,609,216,19681.0,36,91.11574074074075,642,184,12107.0,0,65.79891304347827,349,100,24193.0,0,241.93,-3761.0,34.0,mohit
90106946,1390058913,0,fixed_automatylicza,standard_converged,98693.0,102454.0,-3761.0,loss,1,2.6546434170013526,719,0,0,0.00975,0.0454453,0.06754638000000002,0.16725,"{""BUILD_PASTURE"": 14, ""CARE"": 308, ""COLLECT_FERTILIZER"": 318, ""DIG"": 25, ""DROP"": 80, ""EAST"": 857, ""FEED"": 319, ""FERTILIZE"": 107, ""HARVEST"": 338, ""NORTH"": 1236, ""PASS"": 377, ""PICKUP"": 339, ""PLACE"": 27, ""PLANT"": 131, ""SOUTH"": 929, ""WATER"": 851, ""WEST"": 1098}","{""BUY_ANIMAL"": 14, ""BUY_LAND"": 2, ""BUY_PRODUCT"": 279, ""BUY_SEED"": 54, ""HIRE"": 306, ""SELL"": 481}","{""BUY_ANIMAL:COW"": 8, ""BUY_ANIMAL:SHEEP"": 6, ""BUY_PRODUCT:WHEAT"": 967, ""BUY_SEED:MELON"": 21, ""BUY_SEED:STRAWBERRY"": 44, ""BUY_SEED:WHEAT"": 66, ""SELL:CARROT"": 13, ""SELL:EGG"": 8, ""SELL:FERTILIZER"": 445, ""SELL:MELON"": 224, ""SELL:MILK"": 682, ""SELL:STRAWBERRY"": 636, ""SELL:TOMATO"": 4, ""SELL:WHEAT"": 1108, ""SELL:WOOL"": 373}",224,68,13559.0,0,199.39705882352942,636,216,19676.0,36,91.0925925925926,682,183,12286.0,2,67.13661202185793,373,100,24192.0,0,241.92,-3761.0,0.0,automatylicza
90106946,1390058913,0,fixed_manual_player,standard_converged,98362.0,102005.0,-3643.0,loss,1,2.652258250003797,719,0,0,0.009959,0.04606640000000002,0.06990756000000006,0.229125,"{""BUILD_PASTURE"": 14, ""CARE"": 308, ""COLLECT_FERTILIZER"": 318, ""DIG"": 25, ""DROP"": 80, ""EAST"": 857, ""FEED"": 319, ""FERTILIZE"": 107, ""HARVEST"": 338, ""NORTH"": 1236, ""PASS"": 377, ""PICKUP"": 339, ""PLACE"": 27, ""PLANT"": 131, ""SOUTH"": 929, ""WATER"": 851, ""WEST"": 1098}","{""BUY_ANIMAL"": 14, ""BUY_LAND"": 2, ""BUY_PRODUCT"": 279, ""BUY_SEED"": 54, ""HIRE"": 306, ""SELL"": 440}","{""BUY_ANIMAL:COW"": 8, ""BUY_ANIMAL:SHEEP"": 6, ""BUY_PRODUCT:WHEAT"": 967, ""BUY_SEED:MELON"": 21, ""BUY_SEED:STRAWBERRY"": 44, ""BUY_SEED:WHEAT"": 66, ""SELL:CARROT"": 13, ""SELL:EGG"": 8, ""SELL:FERTILIZER"": 445, ""SELL:MELON"": 215, ""SELL:MILK"": 560, ""SELL:STRAWBERRY"": 550, ""SELL:TOMATO"": 4, ""SELL:WHEAT"": 1108, ""SELL:WOOL"": 323}",215,68,13515.0,0,198.75,550,216,19631.0,33,90.88425925925925,560,186,12483.0,0,67.11290322580645,323,100,24200.0,0,242.0,-3761.0,118.0,manual_player
90106946,1390058913,0,fixed_navazsh_fathi,standard_converged,99838.0,102332.0,-2494.0,loss,1,2.654888084012782,719,0,0,0.009916,0.04746670000000005,0.07036126000000002,0.232125,"{""BUILD_PASTURE"": 14, ""CARE"": 308, ""COLLECT_FERTILIZER"": 318, ""DIG"": 25, ""DROP"": 80, ""EAST"": 857, ""FEED"": 319, ""FERTILIZE"": 107, ""HARVEST"": 338, ""NORTH"": 1236, ""PASS"": 377, ""PICKUP"": 339, ""PLACE"": 27, ""PLANT"": 131, ""SOUTH"": 929, ""WATER"": 851, ""WEST"": 1098}","{""BUY_ANIMAL"": 14, ""BUY_LAND"": 2, ""BUY_PRODUCT"": 279, ""BUY_SEED"": 54, ""HIRE"": 306, ""SELL"": 377}","{""BUY_ANIMAL:COW"": 8, ""BUY_ANIMAL:SHEEP"": 6, ""BUY_PRODUCT:WHEAT"": 967, ""BUY_SEED:MELON"": 21, ""BUY_SEED:STRAWBERRY"": 44, ""BUY_SEED:WHEAT"": 66, ""SELL:CARROT"": 13, ""SELL:EGG"": 8, ""SELL:FERTILIZER"": 406, ""SELL:MELON"": 182, ""SELL:MILK"": 413, ""SELL:STRAWBERRY"": 390, ""SELL:TOMATO"": 4, ""SELL:WHEAT"": 1108, ""SELL:WOOL"": 251}",182,68,13585.0,0,199.77941176470588,390,223,19891.0,32,89.19730941704036,413,186,13959.0,0,75.04838709677419,251,100,24244.0,0,242.44,-3761.0,1267.0,navazsh_fathi
90106946,1390058913,0,fixed_lucien_de_rubempre,standard_converged,98827.0,102280.0,-3453.0,loss,1,2.650633208002546,719,0,0,0.009834,0.04845360000000001,0.07130512000000015,0.372292,"{""BUILD_PASTURE"": 14, ""CARE"": 308, ""COLLECT_FERTILIZER"": 318, ""DIG"": 25, ""DROP"": 80, ""EAST"": 857, ""FEED"": 319, ""FERTILIZE"": 107, ""HARVEST"": 338, ""NORTH"": 1236, ""PASS"": 377, ""PICKUP"": 339, ""PLACE"": 27, ""PLANT"": 131, ""SOUTH"": 929, ""WATER"": 851, ""WEST"": 1098}","{""BUY_ANIMAL"": 14, ""BUY_LAND"": 2, ""BUY_PRODUCT"": 279, ""BUY_SEED"": 54, ""HIRE"": 306, ""SELL"": 418}","{""BUY_ANIMAL:COW"": 8, ""BUY_ANIMAL:SHEEP"": 6, ""BUY_PRODUCT:WHEAT"": 967, ""BUY_SEED:MELON"": 21, ""BUY_SEED:STRAWBERRY"": 44, ""BUY_SEED:WHEAT"": 66, ""SELL:CARROT"": 13, ""SELL:EGG"": 8, ""SELL:FERTILIZER"": 406, ""SELL:MELON"": 197, ""SELL:MILK"": 543, ""SELL:STRAWBERRY"": 536, ""SELL:TOMATO"": 4, ""SELL:WHEAT"": 1108, ""SELL:WOOL"": 300}",197,68,13585.0,0,199.77941176470588,536,221,19578.0,30,88.58823529411765,543,184,12740.0,0,69.23913043478261,300,100,24219.0,0,242.19,-3761.0,308.0,lucien_de_rubempre
90106946,1390058913,1,control_v012,standard_converged,99024.0,104584.0,-5560.0,loss,1,2.6519630830007372,719,0,0,0.008375,0.04282860000000001,0.06904182,0.084792,"{""BUILD_PASTURE"": 14, ""CARE"": 308, ""COLLECT_FERTILIZER"": 318, ""DIG"": 25, ""DROP"": 80, ""EAST"": 857, ""FEED"": 319, ""FERTILIZE"": 107, ""HARVEST"": 338, ""NORTH"": 1236, ""PASS"": 377, ""PICKUP"": 339, ""PLACE"": 27, ""PLANT"": 131, ""SOUTH"": 929, ""WATER"": 851, ""WEST"": 1098}","{""BUY_ANIMAL"": 14, ""BUY_LAND"": 2, ""BUY_PRODUCT"": 279, ""BUY_SEED"": 54, ""HIRE"": 306, ""SELL"": 481}","{""BUY_ANIMAL:COW"": 8, ""BUY_ANIMAL:SHEEP"": 6, ""BUY_PRODUCT:WHEAT"": 967, ""BUY_SEED:MELON"": 21, ""BUY_SEED:STRAWBERRY"": 44, ""BUY_SEED:WHEAT"": 66, ""SELL:CARROT"": 13, ""SELL:EGG"": 8, ""SELL:FERTILIZER"": 445, ""SELL:MELON"": 224, ""SELL:MILK"": 682, ""SELL:STRAWBERRY"": 636, ""SELL:TOMATO"": 4, ""SELL:WHEAT"": 1108, ""SELL:WOOL"": 373}",224,68,13560.0,0,199.41176470588235,636,216,19897.0,40,92.11574074074075,682,183,12410.0,2,67.81420765027322,373,100,24195.0,0,241.95,-5560.0,0.0,
90106946,1390058913,1,fixed_mohit,standard_converged,98670.0,104263.0,-5593.0,loss,1,2.6554099999921164,719,0,0,0.010417,0.0440872,0.07273506,0.099458,"{""BUILD_PASTURE"": 14, ""CARE"": 308, ""COLLECT_FERTILIZER"": 318, ""DIG"": 25, ""DROP"": 80, ""EAST"": 857, ""FEED"": 319, ""FERTILIZE"": 107, ""HARVEST"": 338, ""NORTH"": 1236, ""PASS"": 377, ""PICKUP"": 339, ""PLACE"": 27, ""PLANT"": 131, ""SOUTH"": 929, ""WATER"": 851, ""WEST"": 1098}","{""BUY_ANIMAL"": 14, ""BUY_LAND"": 2, ""BUY_PRODUCT"": 279, ""BUY_SEED"": 54, ""HIRE"": 306, ""SELL"": 469}","{""BUY_ANIMAL:COW"": 8, ""BUY_ANIMAL:SHEEP"": 6, ""BUY_PRODUCT:WHEAT"": 967, ""BUY_SEED:MELON"": 21, ""BUY_SEED:STRAWBERRY"": 44, ""BUY_SEED:WHEAT"": 66, ""SELL:CARROT"": 13, ""SELL:EGG"": 8, ""SELL:FERTILIZER"": 445, ""SELL:MELON"": 216, ""SELL:MILK"": 642, ""SELL:STRAWBERRY"": 609, ""SELL:TOMATO"": 4, ""SELL:WHEAT"": 1108, ""SELL:WOOL"": 349}",216,68,13560.0,0,199.41176470588235,609,216,19902.0,40,92.13888888888889,642,184,12204.0,0,66.32608695652173,349,100,24195.0,0,241.95,-5560.0,-33.0,mohit
90106946,1390058913,1,fixed_automatylicza,standard_converged,99024.0,104584.0,-5560.0,loss,1,2.6570907079876633,719,0,0,0.01,0.04435450000000001,0.07426688000000004,0.09475,"{""BUILD_PASTURE"": 14, ""CARE"": 308, ""COLLECT_FERTILIZER"": 318, ""DIG"": 25, ""DROP"": 80, ""EAST"": 857, ""FEED"": 319, ""FERTILIZE"": 107, ""HARVEST"": 338, ""NORTH"": 1236, ""PASS"": 377, ""PICKUP"": 339, ""PLACE"": 27, ""PLANT"": 131, ""SOUTH"": 929, ""WATER"": 851, ""WEST"": 1098}","{""BUY_ANIMAL"": 14, ""BUY_LAND"": 2, ""BUY_PRODUCT"": 279, ""BUY_SEED"": 54, ""HIRE"": 306, ""SELL"": 481}","{""BUY_ANIMAL:COW"": 8, ""BUY_ANIMAL:SHEEP"": 6, ""BUY_PRODUCT:WHEAT"": 967, ""BUY_SEED:MELON"": 21, ""BUY_SEED:STRAWBERRY"": 44, ""BUY_SEED:WHEAT"": 66, ""SELL:CARROT"": 13, ""SELL:EGG"": 8, ""SELL:FERTILIZER"": 445, ""SELL:MELON"": 224, ""SELL:MILK"": 682, ""SELL:STRAWBERRY"": 636, ""SELL:TOMATO"": 4, ""SELL:WHEAT"": 1108, ""SELL:WOOL"": 373}",224,68,13560.0,0,199.41176470588235,636,216,19897.0,40,92.11574074074075,682,183,12410.0,2,67.81420765027322,373,100,24195.0,0,241.95,-5560.0,0.0,automatylicza
90106946,1390058913,1,fixed_manual_player,standard_converged,98562.0,104172.0,-5610.0,loss,1,2.6564476670027943,719,0,0,0.009917,0.0443497,0.06952744000000004,0.255791,"{""BUILD_PASTURE"": 14, ""CARE"": 308, ""COLLECT_FERTILIZER"": 318, ""DIG"": 25, ""DROP"": 80, ""EAST"": 857, ""FEED"": 319, ""FERTILIZE"": 107, ""HARVEST"": 338, ""NORTH"": 1236, ""PASS"": 377, ""PICKUP"": 339, ""PLACE"": 27, ""PLANT"": 131, ""SOUTH"": 929, ""WATER"": 851, ""WEST"": 1098}","{""BUY_ANIMAL"": 14, ""BUY_LAND"": 2, ""BUY_PRODUCT"": 279, ""BUY_SEED"": 54, ""HIRE"": 306, ""SELL"": 440}","{""BUY_ANIMAL:COW"": 8, ""BUY_ANIMAL:SHEEP"": 6, ""BUY_PRODUCT:WHEAT"": 967, ""BUY_SEED:MELON"": 21, ""BUY_SEED:STRAWBERRY"": 44, ""BUY_SEED:WHEAT"": 66, ""SELL:CARROT"": 13, ""SELL:EGG"": 8, ""SELL:FERTILIZER"": 445, ""SELL:MELON"": 215, ""SELL:MILK"": 560, ""SELL:STRAWBERRY"": 550, ""SELL:TOMATO"": 4, ""SELL:WHEAT"": 1108, ""SELL:WOOL"": 323}",215,68,13515.0,0,198.75,550,216,19771.0,40,91.5324074074074,560,186,12543.0,0,67.43548387096774,323,100,24203.0,0,242.03,-5560.0,-50.0,manual_player
90106946,1390058913,1,fixed_navazsh_fathi,standard_converged,99596.0,104637.0,-5041.0,loss,1,2.652306874995702,719,0,0,0.009875,0.0443833,0.06770500000000002,0.215292,"{""BUILD_PASTURE"": 14, ""CARE"": 308, ""COLLECT_FERTILIZER"": 318, ""DIG"": 25, ""DROP"": 80, ""EAST"": 857, ""FEED"": 319, ""FERTILIZE"": 107, ""HARVEST"": 338, ""NORTH"": 1236, ""PASS"": 377, ""PICKUP"": 339, ""PLACE"": 27, ""PLANT"": 131, ""SOUTH"": 929, ""WATER"": 851, ""WEST"": 1098}","{""BUY_ANIMAL"": 14, ""BUY_LAND"": 2, ""BUY_PRODUCT"": 279, ""BUY_SEED"": 54, ""HIRE"": 306, ""SELL"": 377}","{""BUY_ANIMAL:COW"": 8, ""BUY_ANIMAL:SHEEP"": 6, ""BUY_PRODUCT:WHEAT"": 967, ""BUY_SEED:MELON"": 21, ""BUY_SEED:STRAWBERRY"": 44, ""BUY_SEED:WHEAT"": 66, ""SELL:CARROT"": 13, ""SELL:EGG"": 8, ""SELL:FERTILIZER"": 406, ""SELL:MELON"": 182, ""SELL:MILK"": 413, ""SELL:STRAWBERRY"": 390, ""SELL:TOMATO"": 4, ""SELL:WHEAT"": 1108, ""SELL:WOOL"": 251}",182,68,13585.0,0,199.77941176470588,390,223,19667.0,40,88.19282511210763,413,186,13959.0,0,75.04838709677419,251,100,24245.0,0,242.45,-5560.0,519.0,navazsh_fathi
90106946,1390058913,1,fixed_lucien_de_rubempre,standard_converged,98714.0,104604.0,-5890.0,loss,1,2.647890416003065,719,0,0,0.00975,0.0431712,0.06830806000000005,0.086333,"{""BUILD_PASTURE"": 14, ""CARE"": 308, ""COLLECT_FERTILIZER"": 318, ""DIG"": 25, ""DROP"": 80, ""EAST"": 857, ""FEED"": 319, ""FERTILIZE"": 107, ""HARVEST"": 338, ""NORTH"": 1236, ""PASS"": 377, ""PICKUP"": 339, ""PLACE"": 27, ""PLANT"": 131, ""SOUTH"": 929, ""WATER"": 851, ""WEST"": 1098}","{""BUY_ANIMAL"": 14, ""BUY_LAND"": 2, ""BUY_PRODUCT"": 279, ""BUY_SEED"": 54, ""HIRE"": 306, ""SELL"": 418}","{""BUY_ANIMAL:COW"": 8, ""BUY_ANIMAL:SHEEP"": 6, ""BUY_PRODUCT:WHEAT"": 967, ""BUY_SEED:MELON"": 21, ""BUY_SEED:STRAWBERRY"": 44, ""BUY_SEED:WHEAT"": 66, ""SELL:CARROT"": 13, ""SELL:EGG"": 8, ""SELL:FERTILIZER"": 406, ""SELL:MELON"": 197, ""SELL:MILK"": 543, ""SELL:STRAWBERRY"": 536, ""SELL:TOMATO"": 4, ""SELL:WHEAT"": 1108, ""SELL:WOOL"": 300}",197,68,13585.0,0,199.77941176470588,536,221,19435.0,40,87.94117647058823,543,184,12742.0,0,69.25,300,100,24220.0,0,242.2,-5560.0,-330.0,lucien_de_rubempre
90108324,313718519,0,control_v012,standard_converged,160927.0,162411.0,-1484.0,loss,1,2.640489749988774,719,0,0,0.007958,0.0441417,0.0661063800000001,0.236791,"{""BUILD_PASTURE"": 14, ""CARE"": 308, ""COLLECT_FERTILIZER"": 318, ""DIG"": 25, ""DROP"": 80, ""EAST"": 857, ""FEED"": 319, ""FERTILIZE"": 107, ""HARVEST"": 338, ""NORTH"": 1236, ""PASS"": 377, ""PICKUP"": 339, ""PLACE"": 27, ""PLANT"": 131, ""SOUTH"": 929, ""WATER"": 851, ""WEST"": 1098}","{""BUY_ANIMAL"": 14, ""BUY_LAND"": 2, ""BUY_PRODUCT"": 279, ""BUY_SEED"": 54, ""HIRE"": 306, ""SELL"": 481}","{""BUY_ANIMAL:COW"": 8, ""BUY_ANIMAL:SHEEP"": 6, ""BUY_PRODUCT:WHEAT"": 967, ""BUY_SEED:MELON"": 21, ""BUY_SEED:STRAWBERRY"": 44, ""BUY_SEED:WHEAT"": 66, ""SELL:CARROT"": 13, ""SELL:EGG"": 8, ""SELL:FERTILIZER"": 445, ""SELL:MELON"": 224, ""SELL:MILK"": 682, ""SELL:STRAWBERRY"": 636, ""SELL:TOMATO"": 4, ""SELL:WHEAT"": 1108, ""SELL:WOOL"": 373}",224,68,13559.0,0,199.39705882352942,636,216,41003.0,0,189.8287037037037,682,183,43894.0,0,239.85792349726776,373,100,23487.0,0,234.87,-1484.0,0.0,
90108324,313718519,0,fixed_mohit,standard_converged,160961.0,162461.0,-1500.0,loss,1,2.651915124995867,719,0,0,0.010458,0.04915830000000001,0.07630438000000014,0.242083,"{""BUILD_PASTURE"": 14, ""CARE"": 308, ""COLLECT_FERTILIZER"": 318, ""DIG"": 25, ""DROP"": 80, ""EAST"": 857, ""FEED"": 319, ""FERTILIZE"": 107, ""HARVEST"": 338, ""NORTH"": 1236, ""PASS"": 377, ""PICKUP"": 339, ""PLACE"": 27, ""PLANT"": 131, ""SOUTH"": 929, ""WATER"": 851, ""WEST"": 1098}","{""BUY_ANIMAL"": 14, ""BUY_LAND"": 2, ""BUY_PRODUCT"": 279, ""BUY_SEED"": 54, ""HIRE"": 306, ""SELL"": 469}","{""BUY_ANIMAL:COW"": 8, ""BUY_ANIMAL:SHEEP"": 6, ""BUY_PRODUCT:WHEAT"": 967, ""BUY_SEED:MELON"": 21, ""BUY_SEED:STRAWBERRY"": 44, ""BUY_SEED:WHEAT"": 66, ""SELL:CARROT"": 13, ""SELL:EGG"": 8, ""SELL:FERTILIZER"": 445, ""SELL:MELON"": 216, ""SELL:MILK"": 642, ""SELL:STRAWBERRY"": 609, ""SELL:TOMATO"": 4, ""SELL:WHEAT"": 1108, ""SELL:WOOL"": 349}",216,68,13559.0,0,199.39705882352942,609,216,41006.0,0,189.84259259259258,642,184,44193.0,0,240.17934782608697,349,100,23489.0,0,234.89,-1484.0,-16.0,mohit
90108324,313718519,0,fixed_automatylicza,standard_converged,160927.0,162411.0,-1484.0,loss,1,2.658205749990884,719,0,0,0.010125,0.052429500000000004,0.07482562000000001,0.217625,"{""BUILD_PASTURE"": 14, ""CARE"": 308, ""COLLECT_FERTILIZER"": 318, ""DIG"": 25, ""DROP"": 80, ""EAST"": 857, ""FEED"": 319, ""FERTILIZE"": 107, ""HARVEST"": 338, ""NORTH"": 1236, ""PASS"": 377, ""PICKUP"": 339, ""PLACE"": 27, ""PLANT"": 131, ""SOUTH"": 929, ""WATER"": 851, ""WEST"": 1098}","{""BUY_ANIMAL"": 14, ""BUY_LAND"": 2, ""BUY_PRODUCT"": 279, ""BUY_SEED"": 54, ""HIRE"": 306, ""SELL"": 481}","{""BUY_ANIMAL:COW"": 8, ""BUY_ANIMAL:SHEEP"": 6, ""BUY_PRODUCT:WHEAT"": 967, ""BUY_SEED:MELON"": 21, ""BUY_SEED:STRAWBERRY"": 44, ""BUY_SEED:WHEAT"": 66, ""SELL:CARROT"": 13, ""SELL:EGG"": 8, ""SELL:FERTILIZER"": 445, ""SELL:MELON"": 224, ""SELL:MILK"": 682, ""SELL:STRAWBERRY"": 636, ""SELL:TOMATO"": 4, ""SELL:WHEAT"": 1108, ""SELL:WOOL"": 373}",224,68,13559.0,0,199.39705882352942,636,216,41003.0,0,189.8287037037037,682,183,43894.0,0,239.85792349726776,373,100,23487.0,0,234.87,-1484.0,0.0,automatylicza
90108324,313718519,0,fixed_manual_player,standard_converged,161126.0,162548.0,-1422.0,loss,1,2.653576167009305,719,0,0,0.010291,0.04816310000000005,0.07655450000000004,0.245625,"{""BUILD_PASTURE"": 14, ""CARE"": 308, ""COLLECT_FERTILIZER"": 318, ""DIG"": 25, ""DROP"": 80, ""EAST"": 857, ""FEED"": 319, ""FERTILIZE"": 107, ""HARVEST"": 338, ""NORTH"": 1236, ""PASS"": 377, ""PICKUP"": 339, ""PLACE"": 27, ""PLANT"": 131, ""SOUTH"": 929, ""WATER"": 851, ""WEST"": 1098}","{""BUY_ANIMAL"": 14, ""BUY_LAND"": 2, ""BUY_PRODUCT"": 279, ""BUY_SEED"": 54, ""HIRE"": 306, ""SELL"": 440}","{""BUY_ANIMAL:COW"": 8, ""BUY_ANIMAL:SHEEP"": 6, ""BUY_PRODUCT:WHEAT"": 967, ""BUY_SEED:MELON"": 21, ""BUY_SEED:STRAWBERRY"": 44, ""BUY_SEED:WHEAT"": 66, ""SELL:CARROT"": 13, ""SELL:EGG"": 8, ""SELL:FERTILIZER"": 445, ""SELL:MELON"": 215, ""SELL:MILK"": 560, ""SELL:STRAWBERRY"": 550, ""SELL:TOMATO"": 4, ""SELL:WHEAT"": 1108, ""SELL:WOOL"": 323}",215,68,13515.0,0,198.75,550,216,41170.0,0,190.60185185185185,560,186,44688.0,0,240.25806451612902,323,100,23515.0,0,235.15,-1484.0,62.0,manual_player
90108324,313718519,0,fixed_navazsh_fathi,standard_converged,162537.0,162524.0,13.0,win,1,2.650746999992407,719,0,0,0.009916,0.04960800000000007,0.07693006000000005,0.249583,"{""BUILD_PASTURE"": 14, ""CARE"": 308, ""COLLECT_FERTILIZER"": 318, ""DIG"": 25, ""DROP"": 80, ""EAST"": 857, ""FEED"": 319, ""FERTILIZE"": 107, ""HARVEST"": 338, ""NORTH"": 1236, ""PASS"": 377, ""PICKUP"": 339, ""PLACE"": 27, ""PLANT"": 131, ""SOUTH"": 929, ""WATER"": 851, ""WEST"": 1098}","{""BUY_ANIMAL"": 14, ""BUY_LAND"": 2, ""BUY_PRODUCT"": 279, ""BUY_SEED"": 54, ""HIRE"": 306, ""SELL"": 377}","{""BUY_ANIMAL:COW"": 8, ""BUY_ANIMAL:SHEEP"": 6, ""BUY_PRODUCT:WHEAT"": 967, ""BUY_SEED:MELON"": 21, ""BUY_SEED:STRAWBERRY"": 44, ""BUY_SEED:WHEAT"": 66, ""SELL:CARROT"": 13, ""SELL:EGG"": 8, ""SELL:FERTILIZER"": 406, ""SELL:MELON"": 182, ""SELL:MILK"": 413, ""SELL:STRAWBERRY"": 390, ""SELL:TOMATO"": 4, ""SELL:WHEAT"": 1108, ""SELL:WOOL"": 251}",182,68,13585.0,0,199.77941176470588,390,223,42480.0,0,190.4932735426009,413,186,45052.0,0,242.21505376344086,251,100,23606.0,0,236.06,-1484.0,1497.0,navazsh_fathi
90108324,313718519,0,fixed_lucien_de_rubempre,standard_converged,162366.0,161233.0,1133.0,win,1,2.646892500008107,719,0,0,0.009958,0.045487800000000016,0.06918882000000008,0.230792,"{""BUILD_PASTURE"": 14, ""CARE"": 308, ""COLLECT_FERTILIZER"": 318, ""DIG"": 25, ""DROP"": 80, ""EAST"": 857, ""FEED"": 319, ""FERTILIZE"": 107, ""HARVEST"": 338, ""NORTH"": 1236, ""PASS"": 377, ""PICKUP"": 339, ""PLACE"": 27, ""PLANT"": 131, ""SOUTH"": 929, ""WATER"": 851, ""WEST"": 1098}","{""BUY_ANIMAL"": 14, ""BUY_LAND"": 2, ""BUY_PRODUCT"": 279, ""BUY_SEED"": 54, ""HIRE"": 306, ""SELL"": 418}","{""BUY_ANIMAL:COW"": 8, ""BUY_ANIMAL:SHEEP"": 6, ""BUY_PRODUCT:WHEAT"": 967, ""BUY_SEED:MELON"": 21, ""BUY_SEED:STRAWBERRY"": 44, ""BUY_SEED:WHEAT"": 66, ""SELL:CARROT"": 13, ""SELL:EGG"": 8, ""SELL:FERTILIZER"": 406, ""SELL:MELON"": 197, ""SELL:MILK"": 543, ""SELL:STRAWBERRY"": 536, ""SELL:TOMATO"": 4, ""SELL:WHEAT"": 1108, ""SELL:WOOL"": 300}",197,68,13585.0,0,199.77941176470588,536,221,42134.0,0,190.65158371040724,543,184,44360.0,0,241.08695652173913,300,100,23549.0,0,235.49,-1484.0,2617.0,lucien_de_rubempre
90108324,313718519,1,control_v012,standard_converged,150653.0,154921.0,-4268.0,loss,1,2.6330686250003055,719,0,0,0.007875,0.04162470000000001,0.06579994000000003,0.090333,"{""BUILD_PASTURE"": 14, ""CARE"": 308, ""COLLECT_FERTILIZER"": 318, ""DIG"": 25, ""DROP"": 80, ""EAST"": 857, ""FEED"": 319, ""FERTILIZE"": 107, ""HARVEST"": 338, ""NORTH"": 1236, ""PASS"": 377, ""PICKUP"": 339, ""PLACE"": 27, ""PLANT"": 131, ""SOUTH"": 929, ""WATER"": 851, ""WEST"": 1098}","{""BUY_ANIMAL"": 14, ""BUY_LAND"": 2, ""BUY_PRODUCT"": 279, ""BUY_SEED"": 54, ""HIRE"": 306, ""SELL"": 481}","{""BUY_ANIMAL:COW"": 8, ""BUY_ANIMAL:SHEEP"": 6, ""BUY_PRODUCT:WHEAT"": 967, ""BUY_SEED:MELON"": 21, ""BUY_SEED:STRAWBERRY"": 44, ""BUY_SEED:WHEAT"": 66, ""SELL:CARROT"": 13, ""SELL:EGG"": 8, ""SELL:FERTILIZER"": 445, ""SELL:MELON"": 224, ""SELL:MILK"": 682, ""SELL:STRAWBERRY"": 636, ""SELL:TOMATO"": 4, ""SELL:WHEAT"": 1108, ""SELL:WOOL"": 373}",224,68,13915.0,0,204.63235294117646,636,212,43235.0,0,203.93867924528303,682,159,32765.0,0,206.0691823899371,373,100,23704.0,0,237.04,-4268.0,0.0,
90108324,313718519,1,fixed_mohit,standard_converged,150745.0,154991.0,-4246.0,loss,1,2.625347540990333,719,0,0,0.00975,0.04411720000000001,0.06614944000000005,0.084667,"{""BUILD_PASTURE"": 14, ""CARE"": 308, ""COLLECT_FERTILIZER"": 318, ""DIG"": 25, ""DROP"": 80, ""EAST"": 857, ""FEED"": 319, ""FERTILIZE"": 107, ""HARVEST"": 338, ""NORTH"": 1236, ""PASS"": 377, ""PICKUP"": 339, ""PLACE"": 27, ""PLANT"": 131, ""SOUTH"": 929, ""WATER"": 851, ""WEST"": 1098}","{""BUY_ANIMAL"": 14, ""BUY_LAND"": 2, ""BUY_PRODUCT"": 279, ""BUY_SEED"": 54, ""HIRE"": 306, ""SELL"": 469}","{""BUY_ANIMAL:COW"": 8, ""BUY_ANIMAL:SHEEP"": 6, ""BUY_PRODUCT:WHEAT"": 967, ""BUY_SEED:MELON"": 21, ""BUY_SEED:STRAWBERRY"": 44, ""BUY_SEED:WHEAT"": 66, ""SELL:CARROT"": 13, ""SELL:EGG"": 8, ""SELL:FERTILIZER"": 445, ""SELL:MELON"": 216, ""SELL:MILK"": 642, ""SELL:STRAWBERRY"": 609, ""SELL:TOMATO"": 4, ""SELL:WHEAT"": 1108, ""SELL:WOOL"": 349}",216,68,13915.0,0,204.63235294117646,609,212,43239.0,0,203.95754716981133,642,160,33064.0,0,206.65,349,100,23707.0,0,237.07,-4268.0,22.0,mohit
90108324,313718519,1,fixed_automatylicza,standard_converged,150653.0,154921.0,-4268.0,loss,1,2.6330568749981467,719,0,0,0.009958,0.04355420000000001,0.07390644000000002,0.181875,"{""BUILD_PASTURE"": 14, ""CARE"": 308, ""COLLECT_FERTILIZER"": 318, ""DIG"": 25, ""DROP"": 80, ""EAST"": 857, ""FEED"": 319, ""FERTILIZE"": 107, ""HARVEST"": 338, ""NORTH"": 1236, ""PASS"": 377, ""PICKUP"": 339, ""PLACE"": 27, ""PLANT"": 131, ""SOUTH"": 929, ""WATER"": 851, ""WEST"": 1098}","{""BUY_ANIMAL"": 14, ""BUY_LAND"": 2, ""BUY_PRODUCT"": 279, ""BUY_SEED"": 54, ""HIRE"": 306, ""SELL"": 481}","{""BUY_ANIMAL:COW"": 8, ""BUY_ANIMAL:SHEEP"": 6, ""BUY_PRODUCT:WHEAT"": 967, ""BUY_SEED:MELON"": 21, ""BUY_SEED:STRAWBERRY"": 44, ""BUY_SEED:WHEAT"": 66, ""SELL:CARROT"": 13, ""SELL:EGG"": 8, ""SELL:FERTILIZER"": 445, ""SELL:MELON"": 224, ""SELL:MILK"": 682, ""SELL:STRAWBERRY"": 636, ""SELL:TOMATO"": 4, ""SELL:WHEAT"": 1108, ""SELL:WOOL"": 373}",224,68,13915.0,0,204.63235294117646,636,212,43235.0,0,203.93867924528303,682,159,32765.0,0,206.0691823899371,373,100,23704.0,0,237.04,-4268.0,0.0,automatylicza
90108324,313718519,1,fixed_manual_player,standard_converged,150718.0,155179.0,-4461.0,loss,1,2.6352780000015628,719,0,0,0.009875,0.043641700000000005,0.06863612000000001,0.235458,"{""BUILD_PASTURE"": 14, ""CARE"": 308, ""COLLECT_FERTILIZER"": 318, ""DIG"": 25, ""DROP"": 80, ""EAST"": 857, ""FEED"": 319, ""FERTILIZE"": 107, ""HARVEST"": 338, ""NORTH"": 1236, ""PASS"": 377, ""PICKUP"": 339, ""PLACE"": 27, ""PLANT"": 131, ""SOUTH"": 929, ""WATER"": 851, ""WEST"": 1098}","{""BUY_ANIMAL"": 14, ""BUY_LAND"": 2, ""BUY_PRODUCT"": 279, ""BUY_SEED"": 54, ""HIRE"": 306, ""SELL"": 440}","{""BUY_ANIMAL:COW"": 8, ""BUY_ANIMAL:SHEEP"": 6, ""BUY_PRODUCT:WHEAT"": 967, ""BUY_SEED:MELON"": 21, ""BUY_SEED:STRAWBERRY"": 44, ""BUY_SEED:WHEAT"": 66, ""SELL:CARROT"": 13, ""SELL:EGG"": 8, ""SELL:FERTILIZER"": 445, ""SELL:MELON"": 215, ""SELL:MILK"": 560, ""SELL:STRAWBERRY"": 550, ""SELL:TOMATO"": 4, ""SELL:WHEAT"": 1108, ""SELL:WOOL"": 323}",215,68,13878.0,0,204.08823529411765,550,212,43272.0,0,204.11320754716982,560,162,33467.0,0,206.58641975308643,323,100,23703.0,0,237.03,-4268.0,-193.0,manual_player
90108324,313718519,1,fixed_navazsh_fathi,standard_converged,149487.0,158230.0,-8743.0,loss,1,2.6387845409917645,719,0,0,0.009958,0.0435375,0.06768882000000008,0.230459,"{""BUILD_PASTURE"": 14, ""CARE"": 308, ""COLLECT_FERTILIZER"": 318, ""DIG"": 25, ""DROP"": 80, ""EAST"": 857, ""FEED"": 319, ""FERTILIZE"": 107, ""HARVEST"": 338, ""NORTH"": 1236, ""PASS"": 377, ""PICKUP"": 339, ""PLACE"": 27, ""PLANT"": 131, ""SOUTH"": 929, ""WATER"": 851, ""WEST"": 1098}","{""BUY_ANIMAL"": 14, ""BUY_LAND"": 2, ""BUY_PRODUCT"": 279, ""BUY_SEED"": 54, ""HIRE"": 306, ""SELL"": 377}","{""BUY_ANIMAL:COW"": 8, ""BUY_ANIMAL:SHEEP"": 6, ""BUY_PRODUCT:WHEAT"": 967, ""BUY_SEED:MELON"": 21, ""BUY_SEED:STRAWBERRY"": 44, ""BUY_SEED:WHEAT"": 66, ""SELL:CARROT"": 13, ""SELL:EGG"": 8, ""SELL:FERTILIZER"": 406, ""SELL:MELON"": 182, ""SELL:MILK"": 413, ""SELL:STRAWBERRY"": 390, ""SELL:TOMATO"": 4, ""SELL:WHEAT"": 1108, ""SELL:WOOL"": 251}",182,68,13771.0,0,202.51470588235293,390,220,43892.0,0,199.5090909090909,413,160,32079.0,0,200.49375,251,100,23657.0,0,236.57,-4268.0,-4475.0,navazsh_fathi
90108324,313718519,1,fixed_lucien_de_rubempre,standard_converged,151637.0,155254.0,-3617.0,loss,1,2.637538167007733,719,0,0,0.009834,0.04704160000000001,0.06988694000000001,0.221291,"{""BUILD_PASTURE"": 14, ""CARE"": 308, ""COLLECT_FERTILIZER"": 318, ""DIG"": 25, ""DROP"": 80, ""EAST"": 857, ""FEED"": 319, ""FERTILIZE"": 107, ""HARVEST"": 338, ""NORTH"": 1236, ""PASS"": 377, ""PICKUP"": 339, ""PLACE"": 27, ""PLANT"": 131, ""SOUTH"": 929, ""WATER"": 851, ""WEST"": 1098}","{""BUY_ANIMAL"": 14, ""BUY_LAND"": 2, ""BUY_PRODUCT"": 279, ""BUY_SEED"": 54, ""HIRE"": 306, ""SELL"": 418}","{""BUY_ANIMAL:COW"": 8, ""BUY_ANIMAL:SHEEP"": 6, ""BUY_PRODUCT:WHEAT"": 967, ""BUY_SEED:MELON"": 21, ""BUY_SEED:STRAWBERRY"": 44, ""BUY_SEED:WHEAT"": 66, ""SELL:CARROT"": 13, ""SELL:EGG"": 8, ""SELL:FERTILIZER"": 406, ""SELL:MELON"": 197, ""SELL:MILK"": 543, ""SELL:STRAWBERRY"": 536, ""SELL:TOMATO"": 4, ""SELL:WHEAT"": 1108, ""SELL:WOOL"": 300}",197,68,13908.0,0,204.52941176470588,536,219,44285.0,0,202.21461187214612,543,160,32961.0,0,206.00625,300,100,23676.0,0,236.76,-4268.0,651.0,lucien_de_rubempre
90113773,152037057,0,control_v012,standard_converged,79996.0,88760.0,-8764.0,loss,1,2.6315072080033133,719,0,0,0.007875,0.04657530000000001,0.06773206000000002,0.285292,"{""BUILD_PASTURE"": 14, ""CARE"": 308, ""COLLECT_FERTILIZER"": 318, ""DIG"": 25, ""DROP"": 80, ""EAST"": 857, ""FEED"": 319, ""FERTILIZE"": 107, ""HARVEST"": 338, ""NORTH"": 1236, ""PASS"": 377, ""PICKUP"": 339, ""PLACE"": 27, ""PLANT"": 131, ""SOUTH"": 929, ""WATER"": 851, ""WEST"": 1098}","{""BUY_ANIMAL"": 14, ""BUY_LAND"": 2, ""BUY_PRODUCT"": 279, ""BUY_SEED"": 54, ""HIRE"": 306, ""SELL"": 481}","{""BUY_ANIMAL:COW"": 8, ""BUY_ANIMAL:SHEEP"": 6, ""BUY_PRODUCT:WHEAT"": 967, ""BUY_SEED:MELON"": 21, ""BUY_SEED:STRAWBERRY"": 44, ""BUY_SEED:WHEAT"": 66, ""SELL:CARROT"": 13, ""SELL:EGG"": 8, ""SELL:FERTILIZER"": 445, ""SELL:MELON"": 224, ""SELL:MILK"": 682, ""SELL:STRAWBERRY"": 636, ""SELL:TOMATO"": 4, ""SELL:WHEAT"": 1108, ""SELL:WOOL"": 373}",224,68,13657.0,0,200.83823529411765,636,208,13375.0,33,64.30288461538461,682,183,10955.0,5,59.86338797814208,373,86,19665.0,0,228.6627906976744,-8764.0,0.0,
90113773,152037057,0,fixed_mohit,standard_converged,79533.0,88867.0,-9334.0,loss,1,2.644611708994489,719,0,0,0.010416,0.0467962,0.07384950000000001,0.194709,"{""BUILD_PASTURE"": 14, ""CARE"": 308, ""COLLECT_FERTILIZER"": 318, ""DIG"": 25, ""DROP"": 80, ""EAST"": 857, ""FEED"": 319, ""FERTILIZE"": 107, ""HARVEST"": 338, ""NORTH"": 1236, ""PASS"": 377, ""PICKUP"": 339, ""PLACE"": 27, ""PLANT"": 131, ""SOUTH"": 929, ""WATER"": 851, ""WEST"": 1098}","{""BUY_ANIMAL"": 14, ""BUY_LAND"": 2, ""BUY_PRODUCT"": 279, ""BUY_SEED"": 54, ""HIRE"": 306, ""SELL"": 469}","{""BUY_ANIMAL:COW"": 8, ""BUY_ANIMAL:SHEEP"": 6, ""BUY_PRODUCT:WHEAT"": 967, ""BUY_SEED:MELON"": 21, ""BUY_SEED:STRAWBERRY"": 44, ""BUY_SEED:WHEAT"": 66, ""SELL:CARROT"": 13, ""SELL:EGG"": 8, ""SELL:FERTILIZER"": 445, ""SELL:MELON"": 216, ""SELL:MILK"": 642, ""SELL:STRAWBERRY"": 609, ""SELL:TOMATO"": 4, ""SELL:WHEAT"": 1108, ""SELL:WOOL"": 349}",216,68,13657.0,0,200.83823529411765,609,208,13386.0,33,64.35576923076923,642,184,10475.0,6,56.92934782608695,349,86,19684.0,0,228.88372093023256,-8764.0,-570.0,mohit
90113773,152037057,0,fixed_automatylicza,standard_converged,79996.0,88760.0,-8764.0,loss,1,2.6454384160024347,719,0,0,0.009833,0.04575480000000001,0.06856862000000002,0.190042,"{""BUILD_PASTURE"": 14, ""CARE"": 308, ""COLLECT_FERTILIZER"": 318, ""DIG"": 25, ""DROP"": 80, ""EAST"": 857, ""FEED"": 319, ""FERTILIZE"": 107, ""HARVEST"": 338, ""NORTH"": 1236, ""PASS"": 377, ""PICKUP"": 339, ""PLACE"": 27, ""PLANT"": 131, ""SOUTH"": 929, ""WATER"": 851, ""WEST"": 1098}","{""BUY_ANIMAL"": 14, ""BUY_LAND"": 2, ""BUY_PRODUCT"": 279, ""BUY_SEED"": 54, ""HIRE"": 306, ""SELL"": 481}","{""BUY_ANIMAL:COW"": 8, ""BUY_ANIMAL:SHEEP"": 6, ""BUY_PRODUCT:WHEAT"": 967, ""BUY_SEED:MELON"": 21, ""BUY_SEED:STRAWBERRY"": 44, ""BUY_SEED:WHEAT"": 66, ""SELL:CARROT"": 13, ""SELL:EGG"": 8, ""SELL:FERTILIZER"": 445, ""SELL:MELON"": 224, ""SELL:MILK"": 682, ""SELL:STRAWBERRY"": 636, ""SELL:TOMATO"": 4, ""SELL:WHEAT"": 1108, ""SELL:WOOL"": 373}",224,68,13657.0,0,200.83823529411765,636,208,13375.0,33,64.30288461538461,682,183,10955.0,5,59.86338797814208,373,86,19665.0,0,228.6627906976744,-8764.0,0.0,automatylicza
90113773,152037057,0,fixed_manual_player,standard_converged,78217.0,89825.0,-11608.0,loss,1,2.6469766249938402,719,0,0,0.010208,0.047971200000000096,0.08578556000000066,0.231541,"{""BUILD_PASTURE"": 14, ""CARE"": 308, ""COLLECT_FERTILIZER"": 318, ""DIG"": 25, ""DROP"": 80, ""EAST"": 857, ""FEED"": 319, ""FERTILIZE"": 107, ""HARVEST"": 338, ""NORTH"": 1236, ""PASS"": 377, ""PICKUP"": 339, ""PLACE"": 27, ""PLANT"": 131, ""SOUTH"": 929, ""WATER"": 851, ""WEST"": 1098}","{""BUY_ANIMAL"": 14, ""BUY_LAND"": 2, ""BUY_PRODUCT"": 279, ""BUY_SEED"": 54, ""HIRE"": 306, ""SELL"": 440}","{""BUY_ANIMAL:COW"": 8, ""BUY_ANIMAL:SHEEP"": 6, ""BUY_PRODUCT:WHEAT"": 967, ""BUY_SEED:MELON"": 21, ""BUY_SEED:STRAWBERRY"": 44, ""BUY_SEED:WHEAT"": 66, ""SELL:CARROT"": 13, ""SELL:EGG"": 8, ""SELL:FERTILIZER"": 445, ""SELL:MELON"": 215, ""SELL:MILK"": 560, ""SELL:STRAWBERRY"": 550, ""SELL:TOMATO"": 4, ""SELL:WHEAT"": 1108, ""SELL:WOOL"": 323}",215,68,13678.0,0,201.14705882352942,550,208,12632.0,48,60.73076923076923,560,186,10245.0,5,55.08064516129032,323,86,19683.0,0,228.87209302325581,-8764.0,-2844.0,manual_player
90113773,152037057,0,fixed_navazsh_fathi,standard_converged,77741.0,89802.0,-12061.0,loss,1,2.6362226249912055,719,0,0,0.009875,0.04665450000000002,0.07785006000000004,0.245458,"{""BUILD_PASTURE"": 14, ""CARE"": 308, ""COLLECT_FERTILIZER"": 318, ""DIG"": 25, ""DROP"": 80, ""EAST"": 857, ""FEED"": 319, ""FERTILIZE"": 107, ""HARVEST"": 338, ""NORTH"": 1236, ""PASS"": 377, ""PICKUP"": 339, ""PLACE"": 27, ""PLANT"": 131, ""SOUTH"": 929, ""WATER"": 851, ""WEST"": 1098}","{""BUY_ANIMAL"": 14, ""BUY_LAND"": 2, ""BUY_PRODUCT"": 279, ""BUY_SEED"": 54, ""HIRE"": 306, ""SELL"": 377}","{""BUY_ANIMAL:COW"": 8, ""BUY_ANIMAL:SHEEP"": 6, ""BUY_PRODUCT:WHEAT"": 967, ""BUY_SEED:MELON"": 21, ""BUY_SEED:STRAWBERRY"": 44, ""BUY_SEED:WHEAT"": 66, ""SELL:CARROT"": 13, ""SELL:EGG"": 8, ""SELL:FERTILIZER"": 406, ""SELL:MELON"": 182, ""SELL:MILK"": 413, ""SELL:STRAWBERRY"": 390, ""SELL:TOMATO"": 4, ""SELL:WHEAT"": 1108, ""SELL:WOOL"": 251}",182,68,13585.0,0,199.77941176470588,390,217,12234.0,66,56.3778801843318,413,184,10502.0,1,57.07608695652174,251,86,19771.0,0,229.8953488372093,-8764.0,-3297.0,navazsh_fathi
90113773,152037057,0,fixed_lucien_de_rubempre,standard_converged,77818.0,89944.0,-12126.0,loss,1,2.6457796659960877,719,0,0,0.010375,0.0474622,0.07678638000000004,0.213708,"{""BUILD_PASTURE"": 14, ""CARE"": 308, ""COLLECT_FERTILIZER"": 318, ""DIG"": 25, ""DROP"": 80, ""EAST"": 857, ""FEED"": 319, ""FERTILIZE"": 107, ""HARVEST"": 338, ""NORTH"": 1236, ""PASS"": 377, ""PICKUP"": 339, ""PLACE"": 27, ""PLANT"": 131, ""SOUTH"": 929, ""WATER"": 851, ""WEST"": 1098}","{""BUY_ANIMAL"": 14, ""BUY_LAND"": 2, ""BUY_PRODUCT"": 279, ""BUY_SEED"": 54, ""HIRE"": 306, ""SELL"": 418}","{""BUY_ANIMAL:COW"": 8, ""BUY_ANIMAL:SHEEP"": 6, ""BUY_PRODUCT:WHEAT"": 967, ""BUY_SEED:MELON"": 21, ""BUY_SEED:STRAWBERRY"": 44, ""BUY_SEED:WHEAT"": 66, ""SELL:CARROT"": 13, ""SELL:EGG"": 8, ""SELL:FERTILIZER"": 406, ""SELL:MELON"": 197, ""SELL:MILK"": 543, ""SELL:STRAWBERRY"": 536, ""SELL:TOMATO"": 4, ""SELL:WHEAT"": 1108, ""SELL:WOOL"": 300}",197,68,13585.0,0,199.77941176470588,536,215,12248.0,66,56.967441860465115,543,184,10171.0,4,55.27717391304348,300,86,19715.0,0,229.24418604651163,-8764.0,-3362.0,lucien_de_rubempre
90113773,152037057,1,control_v012,standard_converged,86738.0,81974.0,4764.0,win,1,2.649688999998034,719,0,0,0.008375,0.04192950000000001,0.07005750000000002,0.19625,"{""BUILD_PASTURE"": 14, ""CARE"": 308, ""COLLECT_FERTILIZER"": 318, ""DIG"": 25, ""DROP"": 80, ""EAST"": 857, ""FEED"": 319, ""FERTILIZE"": 107, ""HARVEST"": 338, ""NORTH"": 1236, ""PASS"": 377, ""PICKUP"": 339, ""PLACE"": 27, ""PLANT"": 131, ""SOUTH"": 929, ""WATER"": 851, ""WEST"": 1098}","{""BUY_ANIMAL"": 14, ""BUY_LAND"": 2, ""BUY_PRODUCT"": 279, ""BUY_SEED"": 54, ""HIRE"": 306, ""SELL"": 481}","{""BUY_ANIMAL:COW"": 8, ""BUY_ANIMAL:SHEEP"": 6, ""BUY_PRODUCT:WHEAT"": 967, ""BUY_SEED:MELON"": 21, ""BUY_SEED:STRAWBERRY"": 44, ""BUY_SEED:WHEAT"": 66, ""SELL:CARROT"": 13, ""SELL:EGG"": 8, ""SELL:FERTILIZER"": 445, ""SELL:MELON"": 224, ""SELL:MILK"": 682, ""SELL:STRAWBERRY"": 636, ""SELL:TOMATO"": 4, ""SELL:WHEAT"": 1108, ""SELL:WOOL"": 373}",224,68,13697.0,0,201.4264705882353,636,216,13515.0,50,62.56944444444444,682,183,11423.0,5,62.4207650273224,373,100,22916.0,0,229.16,4764.0,0.0,
90113773,152037057,1,fixed_mohit,standard_converged,86277.0,82066.0,4211.0,win,1,2.6491564589960035,719,0,0,0.010417,0.046029200000000006,0.07552500000000006,0.308792,"{""BUILD_PASTURE"": 14, ""CARE"": 308, ""COLLECT_FERTILIZER"": 318, ""DIG"": 25, ""DROP"": 80, ""EAST"": 857, ""FEED"": 319, ""FERTILIZE"": 107, ""HARVEST"": 338, ""NORTH"": 1236, ""PASS"": 377, ""PICKUP"": 339, ""PLACE"": 27, ""PLANT"": 131, ""SOUTH"": 929, ""WATER"": 851, ""WEST"": 1098}","{""BUY_ANIMAL"": 14, ""BUY_LAND"": 2, ""BUY_PRODUCT"": 279, ""BUY_SEED"": 54, ""HIRE"": 306, ""SELL"": 469}","{""BUY_ANIMAL:COW"": 8, ""BUY_ANIMAL:SHEEP"": 6, ""BUY_PRODUCT:WHEAT"": 967, ""BUY_SEED:MELON"": 21, ""BUY_SEED:STRAWBERRY"": 44, ""BUY_SEED:WHEAT"": 66, ""SELL:CARROT"": 13, ""SELL:EGG"": 8, ""SELL:FERTILIZER"": 445, ""SELL:MELON"": 216, ""SELL:MILK"": 642, ""SELL:STRAWBERRY"": 609, ""SELL:TOMATO"": 4, ""SELL:WHEAT"": 1108, ""SELL:WOOL"": 349}",216,68,13697.0,0,201.4264705882353,609,216,13526.0,50,62.620370370370374,642,184,10942.0,5,59.46739130434783,349,100,22935.0,0,229.35,4764.0,-553.0,mohit
90113773,152037057,1,fixed_automatylicza,standard_converged,86738.0,81974.0,4764.0,win,1,2.6406986250076443,719,0,0,0.009958,0.04471220000000003,0.07346432000000006,0.207209,"{""BUILD_PASTURE"": 14, ""CARE"": 308, ""COLLECT_FERTILIZER"": 318, ""DIG"": 25, ""DROP"": 80, ""EAST"": 857, ""FEED"": 319, ""FERTILIZE"": 107, ""HARVEST"": 338, ""NORTH"": 1236, ""PASS"": 377, ""PICKUP"": 339, ""PLACE"": 27, ""PLANT"": 131, ""SOUTH"": 929, ""WATER"": 851, ""WEST"": 1098}","{""BUY_ANIMAL"": 14, ""BUY_LAND"": 2, ""BUY_PRODUCT"": 279, ""BUY_SEED"": 54, ""HIRE"": 306, ""SELL"": 481}","{""BUY_ANIMAL:COW"": 8, ""BUY_ANIMAL:SHEEP"": 6, ""BUY_PRODUCT:WHEAT"": 967, ""BUY_SEED:MELON"": 21, ""BUY_SEED:STRAWBERRY"": 44, ""BUY_SEED:WHEAT"": 66, ""SELL:CARROT"": 13, ""SELL:EGG"": 8, ""SELL:FERTILIZER"": 445, ""SELL:MELON"": 224, ""SELL:MILK"": 682, ""SELL:STRAWBERRY"": 636, ""SELL:TOMATO"": 4, ""SELL:WHEAT"": 1108, ""SELL:WOOL"": 373}",224,68,13697.0,0,201.4264705882353,636,216,13515.0,50,62.56944444444444,682,183,11423.0,5,62.4207650273224,373,100,22916.0,0,229.16,4764.0,0.0,automatylicza
90113773,152037057,1,fixed_manual_player,standard_converged,85302.0,82868.0,2434.0,win,1,2.6501727080030832,719,0,0,0.010167,0.044270200000000016,0.07508494000000004,0.213542,"{""BUILD_PASTURE"": 14, ""CARE"": 308, ""COLLECT_FERTILIZER"": 318, ""DIG"": 25, ""DROP"": 80, ""EAST"": 857, ""FEED"": 319, ""FERTILIZE"": 107, ""HARVEST"": 338, ""NORTH"": 1236, ""PASS"": 377, ""PICKUP"": 339, ""PLACE"": 27, ""PLANT"": 131, ""SOUTH"": 929, ""WATER"": 851, ""WEST"": 1098}","{""BUY_ANIMAL"": 14, ""BUY_LAND"": 2, ""BUY_PRODUCT"": 279, ""BUY_SEED"": 54, ""HIRE"": 306, ""SELL"": 440}","{""BUY_ANIMAL:COW"": 8, ""BUY_ANIMAL:SHEEP"": 6, ""BUY_PRODUCT:WHEAT"": 967, ""BUY_SEED:MELON"": 21, ""BUY_SEED:STRAWBERRY"": 44, ""BUY_SEED:WHEAT"": 66, ""SELL:CARROT"": 13, ""SELL:EGG"": 8, ""SELL:FERTILIZER"": 445, ""SELL:MELON"": 215, ""SELL:MILK"": 560, ""SELL:STRAWBERRY"": 550, ""SELL:TOMATO"": 4, ""SELL:WHEAT"": 1108, ""SELL:WOOL"": 323}",215,68,13706.0,0,201.55882352941177,550,216,13089.0,56,60.59722222222222,560,186,10712.0,4,57.59139784946237,323,100,22959.0,0,229.59,4764.0,-2330.0,manual_player
90113773,152037057,1,fixed_navazsh_fathi,standard_converged,84533.0,83088.0,1445.0,win,1,2.645697374988231,719,0,0,0.010208,0.044429399999999994,0.07101250000000002,0.245917,"{""BUILD_PASTURE"": 14, ""CARE"": 308, ""COLLECT_FERTILIZER"": 318, ""DIG"": 25, ""DROP"": 80, ""EAST"": 857, ""FEED"": 319, ""FERTILIZE"": 107, ""HARVEST"": 338, ""NORTH"": 1236, ""PASS"": 377, ""PICKUP"": 339, ""PLACE"": 27, ""PLANT"": 131, ""SOUTH"": 929, ""WATER"": 851, ""WEST"": 1098}","{""BUY_ANIMAL"": 14, ""BUY_LAND"": 2, ""BUY_PRODUCT"": 279, ""BUY_SEED"": 54, ""HIRE"": 306, ""SELL"": 377}","{""BUY_ANIMAL:COW"": 8, ""BUY_ANIMAL:SHEEP"": 6, ""BUY_PRODUCT:WHEAT"": 967, ""BUY_SEED:MELON"": 21, ""BUY_SEED:STRAWBERRY"": 44, ""BUY_SEED:WHEAT"": 66, ""SELL:CARROT"": 13, ""SELL:EGG"": 8, ""SELL:FERTILIZER"": 406, ""SELL:MELON"": 182, ""SELL:MILK"": 413, ""SELL:STRAWBERRY"": 390, ""SELL:TOMATO"": 4, ""SELL:WHEAT"": 1108, ""SELL:WOOL"": 251}",182,68,13585.0,0,199.77941176470588,390,223,12890.0,65,57.80269058295964,413,186,10500.0,1,56.45161290322581,251,100,23080.0,0,230.8,4764.0,-3319.0,navazsh_fathi
90113773,152037057,1,fixed_lucien_de_rubempre,standard_converged,90240.0,96441.0,-6201.0,loss,1,2.6317930840014014,719,0,0,0.009708,0.0439535,0.06946750000000004,0.283667,"{""BUILD_PASTURE"": 14, ""CARE"": 308, ""COLLECT_FERTILIZER"": 318, ""DIG"": 25, ""DROP"": 80, ""EAST"": 857, ""FEED"": 319, ""FERTILIZE"": 107, ""HARVEST"": 338, ""NORTH"": 1236, ""PASS"": 377, ""PICKUP"": 339, ""PLACE"": 27, ""PLANT"": 131, ""SOUTH"": 929, ""WATER"": 851, ""WEST"": 1098}","{""BUY_ANIMAL"": 14, ""BUY_LAND"": 2, ""BUY_PRODUCT"": 279, ""BUY_SEED"": 54, ""HIRE"": 306, ""SELL"": 418}","{""BUY_ANIMAL:COW"": 8, ""BUY_ANIMAL:SHEEP"": 6, ""BUY_PRODUCT:WHEAT"": 967, ""BUY_SEED:MELON"": 21, ""BUY_SEED:STRAWBERRY"": 44, ""BUY_SEED:WHEAT"": 66, ""SELL:CARROT"": 13, ""SELL:EGG"": 8, ""SELL:FERTILIZER"": 406, ""SELL:MELON"": 197, ""SELL:MILK"": 543, ""SELL:STRAWBERRY"": 536, ""SELL:TOMATO"": 4, ""SELL:WHEAT"": 1108, ""SELL:WOOL"": 300}",197,62,12690.0,0,204.67741935483872,536,221,22113.0,25,100.05882352941177,543,184,23289.0,0,126.57065217391305,300,99,7665.0,33,77.42424242424242,4764.0,-10965.0,lucien_de_rubempre
90117191,470270336,0,control_v012,standard_converged,97696.0,104924.0,-7228.0,loss,1,2.640620707999915,719,0,0,0.008417,0.04445809999999999,0.07262556000000002,0.166833,"{""BUILD_PASTURE"": 14, ""CARE"": 308, ""COLLECT_FERTILIZER"": 318, ""DIG"": 25, ""DROP"": 80, ""EAST"": 857, ""FEED"": 319, ""FERTILIZE"": 107, ""HARVEST"": 338, ""NORTH"": 1236, ""PASS"": 377, ""PICKUP"": 339, ""PLACE"": 27, ""PLANT"": 131, ""SOUTH"": 929, ""WATER"": 851, ""WEST"": 1098}","{""BUY_ANIMAL"": 14, ""BUY_LAND"": 2, ""BUY_PRODUCT"": 279, ""BUY_SEED"": 54, ""HIRE"": 306, ""SELL"": 481}","{""BUY_ANIMAL:COW"": 8, ""BUY_ANIMAL:SHEEP"": 6, ""BUY_PRODUCT:WHEAT"": 967, ""BUY_SEED:MELON"": 21, ""BUY_SEED:STRAWBERRY"": 44, ""BUY_SEED:WHEAT"": 66, ""SELL:CARROT"": 13, ""SELL:EGG"": 8, ""SELL:FERTILIZER"": 445, ""SELL:MELON"": 224, ""SELL:MILK"": 682, ""SELL:STRAWBERRY"": 636, ""SELL:TOMATO"": 4, ""SELL:WHEAT"": 1108, ""SELL:WOOL"": 373}",224,68,13810.0,0,203.08823529411765,636,213,22419.0,28,105.25352112676056,682,183,10988.0,2,60.04371584699454,373,100,23481.0,0,234.81,-7228.0,0.0,
90117191,470270336,0,fixed_mohit,standard_converged,97377.0,104569.0,-7192.0,loss,1,2.6484106249990873,719,0,0,0.0105,0.0462289,0.07643250000000001,0.19475,"{""BUILD_PASTURE"": 14, ""CARE"": 308, ""COLLECT_FERTILIZER"": 318, ""DIG"": 25, ""DROP"": 80, ""EAST"": 857, ""FEED"": 319, ""FERTILIZE"": 107, ""HARVEST"": 338, ""NORTH"": 1236, ""PASS"": 377, ""PICKUP"": 339, ""PLACE"": 27, ""PLANT"": 131, ""SOUTH"": 929, ""WATER"": 851, ""WEST"": 1098}","{""BUY_ANIMAL"": 14, ""BUY_LAND"": 2, ""BUY_PRODUCT"": 279, ""BUY_SEED"": 54, ""HIRE"": 306, ""SELL"": 469}","{""BUY_ANIMAL:COW"": 8, ""BUY_ANIMAL:SHEEP"": 6, ""BUY_PRODUCT:WHEAT"": 967, ""BUY_SEED:MELON"": 21, ""BUY_SEED:STRAWBERRY"": 44, ""BUY_SEED:WHEAT"": 66, ""SELL:CARROT"": 13, ""SELL:EGG"": 8, ""SELL:FERTILIZER"": 445, ""SELL:MELON"": 216, ""SELL:MILK"": 642, ""SELL:STRAWBERRY"": 609, ""SELL:TOMATO"": 4, ""SELL:WHEAT"": 1108, ""SELL:WOOL"": 349}",216,68,13810.0,0,203.08823529411765,609,213,22423.0,28,105.27230046948357,642,184,10809.0,0,58.744565217391305,349,100,23481.0,0,234.81,-7228.0,36.0,mohit
90117191,470270336,0,fixed_automatylicza,standard_converged,97696.0,104924.0,-7228.0,loss,1,2.6353561249998165,719,0,0,0.009917,0.04601280000000002,0.07466138000000004,0.183292,"{""BUILD_PASTURE"": 14, ""CARE"": 308, ""COLLECT_FERTILIZER"": 318, ""DIG"": 25, ""DROP"": 80, ""EAST"": 857, ""FEED"": 319, ""FERTILIZE"": 107, ""HARVEST"": 338, ""NORTH"": 1236, ""PASS"": 377, ""PICKUP"": 339, ""PLACE"": 27, ""PLANT"": 131, ""SOUTH"": 929, ""WATER"": 851, ""WEST"": 1098}","{""BUY_ANIMAL"": 14, ""BUY_LAND"": 2, ""BUY_PRODUCT"": 279, ""BUY_SEED"": 54, ""HIRE"": 306, ""SELL"": 481}","{""BUY_ANIMAL:COW"": 8, ""BUY_ANIMAL:SHEEP"": 6, ""BUY_PRODUCT:WHEAT"": 967, ""BUY_SEED:MELON"": 21, ""BUY_SEED:STRAWBERRY"": 44, ""BUY_SEED:WHEAT"": 66, ""SELL:CARROT"": 13, ""SELL:EGG"": 8, ""SELL:FERTILIZER"": 445, ""SELL:MELON"": 224, ""SELL:MILK"": 682, ""SELL:STRAWBERRY"": 636, ""SELL:TOMATO"": 4, ""SELL:WHEAT"": 1108, ""SELL:WOOL"": 373}",224,68,13810.0,0,203.08823529411765,636,213,22419.0,28,105.25352112676056,682,183,10988.0,2,60.04371584699454,373,100,23481.0,0,234.81,-7228.0,0.0,automatylicza
90117191,470270336,0,fixed_manual_player,standard_converged,97291.0,104498.0,-7207.0,loss,1,2.6352216249943012,719,0,0,0.010167,0.053083600000000036,0.08785238000000073,0.250125,"{""BUILD_PASTURE"": 14, ""CARE"": 308, ""COLLECT_FERTILIZER"": 318, ""DIG"": 25, ""DROP"": 80, ""EAST"": 857, ""FEED"": 319, ""FERTILIZE"": 107, ""HARVEST"": 338, ""NORTH"": 1236, ""PASS"": 377, ""PICKUP"": 339, ""PLACE"": 27, ""PLANT"": 131, ""SOUTH"": 929, ""WATER"": 851, ""WEST"": 1098}","{""BUY_ANIMAL"": 14, ""BUY_LAND"": 2, ""BUY_PRODUCT"": 279, ""BUY_SEED"": 54, ""HIRE"": 306, ""SELL"": 440}","{""BUY_ANIMAL:COW"": 8, ""BUY_ANIMAL:SHEEP"": 6, ""BUY_PRODUCT:WHEAT"": 967, ""BUY_SEED:MELON"": 21, ""BUY_SEED:STRAWBERRY"": 44, ""BUY_SEED:WHEAT"": 66, ""SELL:CARROT"": 13, ""SELL:EGG"": 8, ""SELL:FERTILIZER"": 445, ""SELL:MELON"": 215, ""SELL:MILK"": 560, ""SELL:STRAWBERRY"": 550, ""SELL:TOMATO"": 4, ""SELL:WHEAT"": 1108, ""SELL:WOOL"": 323}",215,68,13767.0,0,202.4558823529412,550,213,22310.0,28,104.74178403755869,560,186,11078.0,0,59.55913978494624,323,100,23513.0,0,235.13,-7228.0,21.0,manual_player
90117191,470270336,0,fixed_navazsh_fathi,standard_converged,98560.0,104789.0,-6229.0,loss,1,2.837133791996166,719,0,0,0.012791,0.07041730000000004,0.14972112000000018,0.584125,"{""BUILD_PASTURE"": 14, ""CARE"": 308, ""COLLECT_FERTILIZER"": 318, ""DIG"": 25, ""DROP"": 80, ""EAST"": 857, ""FEED"": 319, ""FERTILIZE"": 107, ""HARVEST"": 338, ""NORTH"": 1236, ""PASS"": 377, ""PICKUP"": 339, ""PLACE"": 27, ""PLANT"": 131, ""SOUTH"": 929, ""WATER"": 851, ""WEST"": 1098}","{""BUY_ANIMAL"": 14, ""BUY_LAND"": 2, ""BUY_PRODUCT"": 279, ""BUY_SEED"": 54, ""HIRE"": 306, ""SELL"": 377}","{""BUY_ANIMAL:COW"": 8, ""BUY_ANIMAL:SHEEP"": 6, ""BUY_PRODUCT:WHEAT"": 967, ""BUY_SEED:MELON"": 21, ""BUY_SEED:STRAWBERRY"": 44, ""BUY_SEED:WHEAT"": 66, ""SELL:CARROT"": 13, ""SELL:EGG"": 8, ""SELL:FERTILIZER"": 406, ""SELL:MELON"": 182, ""SELL:MILK"": 413, ""SELL:STRAWBERRY"": 390, ""SELL:TOMATO"": 4, ""SELL:WHEAT"": 1108, ""SELL:WOOL"": 251}",182,68,13834.0,0,203.44117647058823,390,218,22203.0,26,101.84862385321101,413,186,12625.0,0,67.8763440860215,251,100,23605.0,0,236.05,-7228.0,999.0,navazsh_fathi
90117191,470270336,0,fixed_lucien_de_rubempre,standard_converged,97408.0,104606.0,-7198.0,loss,1,2.6549202089954633,719,0,0,0.010291,0.046933700000000037,0.0756660600000001,0.288,"{""BUILD_PASTURE"": 14, ""CARE"": 308, ""COLLECT_FERTILIZER"": 318, ""DIG"": 25, ""DROP"": 80, ""EAST"": 857, ""FEED"": 319, ""FERTILIZE"": 107, ""HARVEST"": 338, ""NORTH"": 1236, ""PASS"": 377, ""PICKUP"": 339, ""PLACE"": 27, ""PLANT"": 131, ""SOUTH"": 929, ""WATER"": 851, ""WEST"": 1098}","{""BUY_ANIMAL"": 14, ""BUY_LAND"": 2, ""BUY_PRODUCT"": 279, ""BUY_SEED"": 54, ""HIRE"": 306, ""SELL"": 418}","{""BUY_ANIMAL:COW"": 8, ""BUY_ANIMAL:SHEEP"": 6, ""BUY_PRODUCT:WHEAT"": 967, ""BUY_SEED:MELON"": 21, ""BUY_SEED:STRAWBERRY"": 44, ""BUY_SEED:WHEAT"": 66, ""SELL:CARROT"": 13, ""SELL:EGG"": 8, ""SELL:FERTILIZER"": 406, ""SELL:MELON"": 197, ""SELL:MILK"": 543, ""SELL:STRAWBERRY"": 536, ""SELL:TOMATO"": 4, ""SELL:WHEAT"": 1108, ""SELL:WOOL"": 300}",197,68,13834.0,0,203.44117647058823,536,216,21969.0,26,101.70833333333333,543,184,11472.0,0,62.34782608695652,300,99,23336.0,0,235.7171717171717,-7228.0,30.0,lucien_de_rubempre
90117191,470270336,1,control_v012,standard_converged,99319.0,101696.0,-2377.0,loss,1,2.6709091249940684,719,0,0,0.009167,0.04416609999999999,0.07695144,0.165125,"{""BUILD_PASTURE"": 14, ""CARE"": 308, ""COLLECT_FERTILIZER"": 318, ""DIG"": 25, ""DROP"": 80, ""EAST"": 857, ""FEED"": 319, ""FERTILIZE"": 107, ""HARVEST"": 338, ""NORTH"": 1236, ""PASS"": 377, ""PICKUP"": 339, ""PLACE"": 27, ""PLANT"": 131, ""SOUTH"": 929, ""WATER"": 851, ""WEST"": 1098}","{""BUY_ANIMAL"": 14, ""BUY_LAND"": 2, ""BUY_PRODUCT"": 279, ""BUY_SEED"": 54, ""HIRE"": 306, ""SELL"": 481}","{""BUY_ANIMAL:COW"": 8, ""BUY_ANIMAL:SHEEP"": 6, ""BUY_PRODUCT:WHEAT"": 967, ""BUY_SEED:MELON"": 21, ""BUY_SEED:STRAWBERRY"": 44, ""BUY_SEED:WHEAT"": 66, ""SELL:CARROT"": 13, ""SELL:EGG"": 8, ""SELL:FERTILIZER"": 445, ""SELL:MELON"": 224, ""SELL:MILK"": 682, ""SELL:STRAWBERRY"": 636, ""SELL:TOMATO"": 4, ""SELL:WHEAT"": 1108, ""SELL:WOOL"": 373}",224,68,13809.0,0,203.0735294117647,636,216,22355.0,26,103.49537037037037,682,183,10935.0,2,59.75409836065574,373,100,23487.0,0,234.87,-2377.0,0.0,
90117191,470270336,1,fixed_mohit,standard_converged,99004.0,101342.0,-2338.0,loss,1,2.6740397910034517,719,0,0,0.011,0.04453330000000001,0.07789806000000002,0.108416,"{""BUILD_PASTURE"": 14, ""CARE"": 308, ""COLLECT_FERTILIZER"": 318, ""DIG"": 25, ""DROP"": 80, ""EAST"": 857, ""FEED"": 319, ""FERTILIZE"": 107, ""HARVEST"": 338, ""NORTH"": 1236, ""PASS"": 377, ""PICKUP"": 339, ""PLACE"": 27, ""PLANT"": 131, ""SOUTH"": 929, ""WATER"": 851, ""WEST"": 1098}","{""BUY_ANIMAL"": 14, ""BUY_LAND"": 2, ""BUY_PRODUCT"": 279, ""BUY_SEED"": 54, ""HIRE"": 306, ""SELL"": 469}","{""BUY_ANIMAL:COW"": 8, ""BUY_ANIMAL:SHEEP"": 6, ""BUY_PRODUCT:WHEAT"": 967, ""BUY_SEED:MELON"": 21, ""BUY_SEED:STRAWBERRY"": 44, ""BUY_SEED:WHEAT"": 66, ""SELL:CARROT"": 13, ""SELL:EGG"": 8, ""SELL:FERTILIZER"": 445, ""SELL:MELON"": 216, ""SELL:MILK"": 642, ""SELL:STRAWBERRY"": 609, ""SELL:TOMATO"": 4, ""SELL:WHEAT"": 1108, ""SELL:WOOL"": 349}",216,68,13809.0,0,203.0735294117647,609,216,22359.0,26,103.51388888888889,642,184,10756.0,0,58.45652173913044,349,100,23489.0,0,234.89,-2377.0,39.0,mohit
90117191,470270336,1,fixed_automatylicza,standard_converged,99319.0,101696.0,-2377.0,loss,1,2.673153875002754,719,0,0,0.0105,0.0441459,0.07569744,0.110125,"{""BUILD_PASTURE"": 14, ""CARE"": 308, ""COLLECT_FERTILIZER"": 318, ""DIG"": 25, ""DROP"": 80, ""EAST"": 857, ""FEED"": 319, ""FERTILIZE"": 107, ""HARVEST"": 338, ""NORTH"": 1236, ""PASS"": 377, ""PICKUP"": 339, ""PLACE"": 27, ""PLANT"": 131, ""SOUTH"": 929, ""WATER"": 851, ""WEST"": 1098}","{""BUY_ANIMAL"": 14, ""BUY_LAND"": 2, ""BUY_PRODUCT"": 279, ""BUY_SEED"": 54, ""HIRE"": 306, ""SELL"": 481}","{""BUY_ANIMAL:COW"": 8, ""BUY_ANIMAL:SHEEP"": 6, ""BUY_PRODUCT:WHEAT"": 967, ""BUY_SEED:MELON"": 21, ""BUY_SEED:STRAWBERRY"": 44, ""BUY_SEED:WHEAT"": 66, ""SELL:CARROT"": 13, ""SELL:EGG"": 8, ""SELL:FERTILIZER"": 445, ""SELL:MELON"": 224, ""SELL:MILK"": 682, ""SELL:STRAWBERRY"": 636, ""SELL:TOMATO"": 4, ""SELL:WHEAT"": 1108, ""SELL:WOOL"": 373}",224,68,13809.0,0,203.0735294117647,636,216,22355.0,26,103.49537037037037,682,183,10935.0,2,59.75409836065574,373,100,23487.0,0,234.87,-2377.0,0.0,automatylicza
90117191,470270336,1,fixed_manual_player,standard_converged,99039.0,101210.0,-2171.0,loss,1,2.6681366249977145,719,0,0,0.010375,0.044703900000000116,0.07788206000000007,0.321042,"{""BUILD_PASTURE"": 14, ""CARE"": 308, ""COLLECT_FERTILIZER"": 318, ""DIG"": 25, ""DROP"": 80, ""EAST"": 857, ""FEED"": 319, ""FERTILIZE"": 107, ""HARVEST"": 338, ""NORTH"": 1236, ""PASS"": 377, ""PICKUP"": 339, ""PLACE"": 27, ""PLANT"": 131, ""SOUTH"": 929, ""WATER"": 851, ""WEST"": 1098}","{""BUY_ANIMAL"": 14, ""BUY_LAND"": 2, ""BUY_PRODUCT"": 279, ""BUY_SEED"": 54, ""HIRE"": 306, ""SELL"": 440}","{""BUY_ANIMAL:COW"": 8, ""BUY_ANIMAL:SHEEP"": 6, ""BUY_PRODUCT:WHEAT"": 967, ""BUY_SEED:MELON"": 21, ""BUY_SEED:STRAWBERRY"": 44, ""BUY_SEED:WHEAT"": 66, ""SELL:CARROT"": 13, ""SELL:EGG"": 8, ""SELL:FERTILIZER"": 445, ""SELL:MELON"": 215, ""SELL:MILK"": 560, ""SELL:STRAWBERRY"": 550, ""SELL:TOMATO"": 4, ""SELL:WHEAT"": 1108, ""SELL:WOOL"": 323}",215,68,13767.0,0,202.4558823529412,550,216,22293.0,24,103.20833333333333,560,186,11101.0,0,59.68279569892473,323,100,23515.0,0,235.15,-2377.0,206.0,manual_player
90117191,470270336,1,fixed_navazsh_fathi,standard_converged,100581.0,101547.0,-966.0,loss,1,2.673499582990189,719,0,0,0.01125,0.04643330000000001,0.0823631200000001,0.264,"{""BUILD_PASTURE"": 14, ""CARE"": 308, ""COLLECT_FERTILIZER"": 318, ""DIG"": 25, ""DROP"": 80, ""EAST"": 857, ""FEED"": 319, ""FERTILIZE"": 107, ""HARVEST"": 338, ""NORTH"": 1236, ""PASS"": 377, ""PICKUP"": 339, ""PLACE"": 27, ""PLANT"": 131, ""SOUTH"": 929, ""WATER"": 851, ""WEST"": 1098}","{""BUY_ANIMAL"": 14, ""BUY_LAND"": 2, ""BUY_PRODUCT"": 279, ""BUY_SEED"": 54, ""HIRE"": 306, ""SELL"": 377}","{""BUY_ANIMAL:COW"": 8, ""BUY_ANIMAL:SHEEP"": 6, ""BUY_PRODUCT:WHEAT"": 967, ""BUY_SEED:MELON"": 21, ""BUY_SEED:STRAWBERRY"": 44, ""BUY_SEED:WHEAT"": 66, ""SELL:CARROT"": 13, ""SELL:EGG"": 8, ""SELL:FERTILIZER"": 406, ""SELL:MELON"": 182, ""SELL:MILK"": 413, ""SELL:STRAWBERRY"": 390, ""SELL:TOMATO"": 4, ""SELL:WHEAT"": 1108, ""SELL:WOOL"": 251}",182,68,13834.0,0,203.44117647058823,390,223,22498.0,23,100.88789237668162,413,186,12625.0,0,67.8763440860215,251,100,23606.0,0,236.06,-2377.0,1411.0,navazsh_fathi
90117191,470270336,1,fixed_lucien_de_rubempre,standard_converged,99295.0,101264.0,-1969.0,loss,1,2.670165207993705,719,0,0,0.011167,0.04534190000000001,0.07965756000000006,0.113375,"{""BUILD_PASTURE"": 14, ""CARE"": 308, ""COLLECT_FERTILIZER"": 318, ""DIG"": 25, ""DROP"": 80, ""EAST"": 857, ""FEED"": 319, ""FERTILIZE"": 107, ""HARVEST"": 338, ""NORTH"": 1236, ""PASS"": 377, ""PICKUP"": 339, ""PLACE"": 27, ""PLANT"": 131, ""SOUTH"": 929, ""WATER"": 851, ""WEST"": 1098}","{""BUY_ANIMAL"": 14, ""BUY_LAND"": 2, ""BUY_PRODUCT"": 279, ""BUY_SEED"": 54, ""HIRE"": 306, ""SELL"": 418}","{""BUY_ANIMAL:COW"": 8, ""BUY_ANIMAL:SHEEP"": 6, ""BUY_PRODUCT:WHEAT"": 967, ""BUY_SEED:MELON"": 21, ""BUY_SEED:STRAWBERRY"": 44, ""BUY_SEED:WHEAT"": 66, ""SELL:CARROT"": 13, ""SELL:EGG"": 8, ""SELL:FERTILIZER"": 406, ""SELL:MELON"": 197, ""SELL:MILK"": 543, ""SELL:STRAWBERRY"": 536, ""SELL:TOMATO"": 4, ""SELL:WHEAT"": 1108, ""SELL:WOOL"": 300}",197,68,13834.0,0,203.44117647058823,536,221,22146.0,21,100.2081447963801,543,184,11472.0,0,62.34782608695652,300,99,23339.0,0,235.74747474747474,-2377.0,408.0,lucien_de_rubempre
90118542,1924556938,0,control_v012,standard_converged,103378.0,109542.0,-6164.0,loss,1,2.681078374997014,719,0,0,0.009375,0.047270500000000014,0.07607562,0.242875,"{""BUILD_PASTURE"": 14, ""CARE"": 308, ""COLLECT_FERTILIZER"": 318, ""DIG"": 25, ""DROP"": 80, ""EAST"": 857, ""FEED"": 319, ""FERTILIZE"": 107, ""HARVEST"": 338, ""NORTH"": 1236, ""PASS"": 377, ""PICKUP"": 339, ""PLACE"": 27, ""PLANT"": 131, ""SOUTH"": 929, ""WATER"": 851, ""WEST"": 1098}","{""BUY_ANIMAL"": 14, ""BUY_LAND"": 2, ""BUY_PRODUCT"": 279, ""BUY_SEED"": 54, ""HIRE"": 306, ""SELL"": 458}","{""BUY_ANIMAL:COW"": 8, ""BUY_ANIMAL:SHEEP"": 6, ""BUY_PRODUCT:WHEAT"": 967, ""BUY_SEED:MELON"": 21, ""BUY_SEED:STRAWBERRY"": 44, ""BUY_SEED:WHEAT"": 66, ""SELL:CARROT"": 13, ""SELL:EGG"": 8, ""SELL:FERTILIZER"": 444, ""SELL:MELON"": 224, ""SELL:MILK"": 644, ""SELL:STRAWBERRY"": 595, ""SELL:TOMATO"": 4, ""SELL:WHEAT"": 1108, ""SELL:WOOL"": 354}",224,68,13559.0,0,199.39705882352942,595,217,22445.0,32,103.4331797235023,644,183,27778.0,0,151.79234972677597,354,100,12780.0,1,127.8,-6164.0,0.0,
90118542,1924556938,0,fixed_mohit,standard_converged,104988.0,110884.0,-5896.0,loss,1,2.669967458001338,719,0,0,0.011083,0.05052500000000001,0.08174894000000006,0.193625,"{""BUILD_PASTURE"": 14, ""CARE"": 308, ""COLLECT_FERTILIZER"": 318, ""DIG"": 25, ""DROP"": 80, ""EAST"": 857, ""FEED"": 319, ""FERTILIZE"": 107, ""HARVEST"": 338, ""NORTH"": 1236, ""PASS"": 377, ""PICKUP"": 339, ""PLACE"": 27, ""PLANT"": 131, ""SOUTH"": 929, ""WATER"": 851, ""WEST"": 1098}","{""BUY_ANIMAL"": 14, ""BUY_LAND"": 2, ""BUY_PRODUCT"": 279, ""BUY_SEED"": 54, ""HIRE"": 306, ""SELL"": 469}","{""BUY_ANIMAL:COW"": 8, ""BUY_ANIMAL:SHEEP"": 6, ""BUY_PRODUCT:WHEAT"": 967, ""BUY_SEED:MELON"": 21, ""BUY_SEED:STRAWBERRY"": 44, ""BUY_SEED:WHEAT"": 66, ""SELL:CARROT"": 13, ""SELL:EGG"": 8, ""SELL:FERTILIZER"": 445, ""SELL:MELON"": 216, ""SELL:MILK"": 642, ""SELL:STRAWBERRY"": 609, ""SELL:TOMATO"": 4, ""SELL:WHEAT"": 1108, ""SELL:WOOL"": 349}",216,68,13559.0,0,199.39705882352942,609,216,22400.0,31,103.70370370370371,642,184,27987.0,0,152.10326086956522,349,100,13786.0,8,137.86,-6164.0,268.0,mohit
90118542,1924556938,0,fixed_automatylicza,standard_converged,104820.0,110851.0,-6031.0,loss,1,2.671409999995376,719,0,0,0.010709,0.05057470000000003,0.0789775,0.278292,"{""BUILD_PASTURE"": 14, ""CARE"": 308, ""COLLECT_FERTILIZER"": 318, ""DIG"": 25, ""DROP"": 80, ""EAST"": 857, ""FEED"": 319, ""FERTILIZE"": 107, ""HARVEST"": 338, ""NORTH"": 1236, ""PASS"": 377, ""PICKUP"": 339, ""PLACE"": 27, ""PLANT"": 131, ""SOUTH"": 929, ""WATER"": 851, ""WEST"": 1098}","{""BUY_ANIMAL"": 14, ""BUY_LAND"": 2, ""BUY_PRODUCT"": 279, ""BUY_SEED"": 54, ""HIRE"": 306, ""SELL"": 481}","{""BUY_ANIMAL:COW"": 8, ""BUY_ANIMAL:SHEEP"": 6, ""BUY_PRODUCT:WHEAT"": 967, ""BUY_SEED:MELON"": 21, ""BUY_SEED:STRAWBERRY"": 44, ""BUY_SEED:WHEAT"": 66, ""SELL:CARROT"": 13, ""SELL:EGG"": 8, ""SELL:FERTILIZER"": 445, ""SELL:MELON"": 224, ""SELL:MILK"": 682, ""SELL:STRAWBERRY"": 636, ""SELL:TOMATO"": 4, ""SELL:WHEAT"": 1108, ""SELL:WOOL"": 373}",224,68,13559.0,0,199.39705882352942,636,216,22396.0,31,103.68518518518519,682,183,27744.0,0,151.60655737704917,373,100,13724.0,9,137.24,-6164.0,133.0,automatylicza
90118542,1924556938,0,fixed_manual_player,standard_converged,104072.0,110028.0,-5956.0,loss,1,2.6755165420036064,719,0,0,0.011125,0.05951670000000008,0.1540095000000035,0.302542,"{""BUILD_PASTURE"": 14, ""CARE"": 308, ""COLLECT_FERTILIZER"": 318, ""DIG"": 25, ""DROP"": 80, ""EAST"": 857, ""FEED"": 319, ""FERTILIZE"": 107, ""HARVEST"": 338, ""NORTH"": 1236, ""PASS"": 377, ""PICKUP"": 339, ""PLACE"": 27, ""PLANT"": 131, ""SOUTH"": 929, ""WATER"": 851, ""WEST"": 1098}","{""BUY_ANIMAL"": 14, ""BUY_LAND"": 2, ""BUY_PRODUCT"": 279, ""BUY_SEED"": 54, ""HIRE"": 306, ""SELL"": 440}","{""BUY_ANIMAL:COW"": 8, ""BUY_ANIMAL:SHEEP"": 6, ""BUY_PRODUCT:WHEAT"": 967, ""BUY_SEED:MELON"": 21, ""BUY_SEED:STRAWBERRY"": 44, ""BUY_SEED:WHEAT"": 66, ""SELL:CARROT"": 13, ""SELL:EGG"": 8, ""SELL:FERTILIZER"": 445, ""SELL:MELON"": 215, ""SELL:MILK"": 560, ""SELL:STRAWBERRY"": 550, ""SELL:TOMATO"": 4, ""SELL:WHEAT"": 1108, ""SELL:WOOL"": 323}",215,68,13515.0,0,198.75,550,216,22284.0,31,103.16666666666667,560,186,28498.0,0,153.21505376344086,323,100,13195.0,5,131.95,-6164.0,208.0,manual_player
90118542,1924556938,0,fixed_navazsh_fathi,standard_converged,105751.0,110008.0,-4257.0,loss,1,2.6665097499935655,719,0,0,0.010459,0.056520500000000015,0.1502280000000034,0.351167,"{""BUILD_PASTURE"": 14, ""CARE"": 308, ""COLLECT_FERTILIZER"": 318, ""DIG"": 25, ""DROP"": 80, ""EAST"": 857, ""FEED"": 319, ""FERTILIZE"": 107, ""HARVEST"": 338, ""NORTH"": 1236, ""PASS"": 377, ""PICKUP"": 339, ""PLACE"": 27, ""PLANT"": 131, ""SOUTH"": 929, ""WATER"": 851, ""WEST"": 1098}","{""BUY_ANIMAL"": 14, ""BUY_LAND"": 2, ""BUY_PRODUCT"": 279, ""BUY_SEED"": 54, ""HIRE"": 306, ""SELL"": 377}","{""BUY_ANIMAL:COW"": 8, ""BUY_ANIMAL:SHEEP"": 6, ""BUY_PRODUCT:WHEAT"": 967, ""BUY_SEED:MELON"": 21, ""BUY_SEED:STRAWBERRY"": 44, ""BUY_SEED:WHEAT"": 66, ""SELL:CARROT"": 13, ""SELL:EGG"": 8, ""SELL:FERTILIZER"": 406, ""SELL:MELON"": 182, ""SELL:MILK"": 413, ""SELL:STRAWBERRY"": 390, ""SELL:TOMATO"": 4, ""SELL:WHEAT"": 1108, ""SELL:WOOL"": 251}",182,68,13585.0,0,199.77941176470588,390,223,22218.0,31,99.6322869955157,413,186,29863.0,0,160.55376344086022,251,100,14303.0,1,143.03,-6164.0,1907.0,navazsh_fathi
90118542,1924556938,0,fixed_lucien_de_rubempre,standard_converged,104590.0,110076.0,-5486.0,loss,1,2.669196834001923,719,0,0,0.011291,0.04845860000000001,0.08066550000000008,0.244375,"{""BUILD_PASTURE"": 14, ""CARE"": 308, ""COLLECT_FERTILIZER"": 318, ""DIG"": 25, ""DROP"": 80, ""EAST"": 857, ""FEED"": 319, ""FERTILIZE"": 107, ""HARVEST"": 338, ""NORTH"": 1236, ""PASS"": 377, ""PICKUP"": 339, ""PLACE"": 27, ""PLANT"": 131, ""SOUTH"": 929, ""WATER"": 851, ""WEST"": 1098}","{""BUY_ANIMAL"": 14, ""BUY_LAND"": 2, ""BUY_PRODUCT"": 279, ""BUY_SEED"": 54, ""HIRE"": 306, ""SELL"": 418}","{""BUY_ANIMAL:COW"": 8, ""BUY_ANIMAL:SHEEP"": 6, ""BUY_PRODUCT:WHEAT"": 967, ""BUY_SEED:MELON"": 21, ""BUY_SEED:STRAWBERRY"": 44, ""BUY_SEED:WHEAT"": 66, ""SELL:CARROT"": 13, ""SELL:EGG"": 8, ""SELL:FERTILIZER"": 406, ""SELL:MELON"": 197, ""SELL:MILK"": 543, ""SELL:STRAWBERRY"": 536, ""SELL:TOMATO"": 4, ""SELL:WHEAT"": 1108, ""SELL:WOOL"": 300}",197,68,13585.0,0,199.77941176470588,536,221,21991.0,29,99.50678733031674,543,184,28601.0,0,155.44021739130434,300,100,13554.0,3,135.54,-6164.0,678.0,lucien_de_rubempre
90118542,1924556938,1,control_v012,standard_converged,103140.0,108283.0,-5143.0,loss,1,2.671369749994483,719,0,0,0.009083,0.04269100000000001,0.0766855,0.098209,"{""BUILD_PASTURE"": 14, ""CARE"": 308, ""COLLECT_FERTILIZER"": 318, ""DIG"": 25, ""DROP"": 80, ""EAST"": 857, ""FEED"": 319, ""FERTILIZE"": 107, ""HARVEST"": 338, ""NORTH"": 1236, ""PASS"": 377, ""PICKUP"": 339, ""PLACE"": 27, ""PLANT"": 131, ""SOUTH"": 929, ""WATER"": 851, ""WEST"": 1098}","{""BUY_ANIMAL"": 14, ""BUY_LAND"": 2, ""BUY_PRODUCT"": 279, ""BUY_SEED"": 54, ""HIRE"": 306, ""SELL"": 458}","{""BUY_ANIMAL:COW"": 8, ""BUY_ANIMAL:SHEEP"": 6, ""BUY_PRODUCT:WHEAT"": 967, ""BUY_SEED:MELON"": 21, ""BUY_SEED:STRAWBERRY"": 44, ""BUY_SEED:WHEAT"": 66, ""SELL:CARROT"": 13, ""SELL:EGG"": 8, ""SELL:FERTILIZER"": 444, ""SELL:MELON"": 224, ""SELL:MILK"": 644, ""SELL:STRAWBERRY"": 595, ""SELL:TOMATO"": 4, ""SELL:WHEAT"": 1108, ""SELL:WOOL"": 354}",224,68,13559.0,0,199.39705882352942,595,217,22386.0,28,103.16129032258064,644,183,27766.0,0,151.72677595628414,354,100,12764.0,1,127.64,-5143.0,0.0,
90118542,1924556938,1,fixed_mohit,standard_converged,104754.0,109741.0,-4987.0,loss,1,2.6833281250001164,719,0,0,0.011125,0.0455619,0.07892056000000001,0.103416,"{""BUILD_PASTURE"": 14, ""CARE"": 308, ""COLLECT_FERTILIZER"": 318, ""DIG"": 25, ""DROP"": 80, ""EAST"": 857, ""FEED"": 319, ""FERTILIZE"": 107, ""HARVEST"": 338, ""NORTH"": 1236, ""PASS"": 377, ""PICKUP"": 339, ""PLACE"": 27, ""PLANT"": 131, ""SOUTH"": 929, ""WATER"": 851, ""WEST"": 1098}","{""BUY_ANIMAL"": 14, ""BUY_LAND"": 2, ""BUY_PRODUCT"": 279, ""BUY_SEED"": 54, ""HIRE"": 306, ""SELL"": 469}","{""BUY_ANIMAL:COW"": 8, ""BUY_ANIMAL:SHEEP"": 6, ""BUY_PRODUCT:WHEAT"": 967, ""BUY_SEED:MELON"": 21, ""BUY_SEED:STRAWBERRY"": 44, ""BUY_SEED:WHEAT"": 66, ""SELL:CARROT"": 13, ""SELL:EGG"": 8, ""SELL:FERTILIZER"": 445, ""SELL:MELON"": 216, ""SELL:MILK"": 642, ""SELL:STRAWBERRY"": 609, ""SELL:TOMATO"": 4, ""SELL:WHEAT"": 1108, ""SELL:WOOL"": 349}",216,68,13559.0,0,199.39705882352942,609,216,22341.0,27,103.43055555555556,642,184,27985.0,0,152.0923913043478,349,100,13764.0,8,137.64,-5143.0,156.0,mohit
90118542,1924556938,1,fixed_automatylicza,standard_converged,104576.0,109713.0,-5137.0,loss,1,2.675000415998511,719,0,0,0.010583,0.04477890000000001,0.07817494000000003,0.212542,"{""BUILD_PASTURE"": 14, ""CARE"": 308, ""COLLECT_FERTILIZER"": 318, ""DIG"": 25, ""DROP"": 80, ""EAST"": 857, ""FEED"": 319, ""FERTILIZE"": 107, ""HARVEST"": 338, ""NORTH"": 1236, ""PASS"": 377, ""PICKUP"": 339, ""PLACE"": 27, ""PLANT"": 131, ""SOUTH"": 929, ""WATER"": 851, ""WEST"": 1098}","{""BUY_ANIMAL"": 14, ""BUY_LAND"": 2, ""BUY_PRODUCT"": 279, ""BUY_SEED"": 54, ""HIRE"": 306, ""SELL"": 481}","{""BUY_ANIMAL:COW"": 8, ""BUY_ANIMAL:SHEEP"": 6, ""BUY_PRODUCT:WHEAT"": 967, ""BUY_SEED:MELON"": 21, ""BUY_SEED:STRAWBERRY"": 44, ""BUY_SEED:WHEAT"": 66, ""SELL:CARROT"": 13, ""SELL:EGG"": 8, ""SELL:FERTILIZER"": 445, ""SELL:MELON"": 224, ""SELL:MILK"": 682, ""SELL:STRAWBERRY"": 636, ""SELL:TOMATO"": 4, ""SELL:WHEAT"": 1108, ""SELL:WOOL"": 373}",224,68,13559.0,0,199.39705882352942,636,216,22337.0,27,103.41203703703704,682,183,27732.0,0,151.54098360655738,373,100,13702.0,9,137.02,-5143.0,6.0,automatylicza
90118542,1924556938,1,fixed_manual_player,standard_converged,103925.0,108865.0,-4940.0,loss,1,2.668886667001061,719,0,0,0.010875,0.045757700000000054,0.07885444000000005,0.097166,"{""BUILD_PASTURE"": 14, ""CARE"": 308, ""COLLECT_FERTILIZER"": 318, ""DIG"": 25, ""DROP"": 80, ""EAST"": 857, ""FEED"": 319, ""FERTILIZE"": 107, ""HARVEST"": 338, ""NORTH"": 1236, ""PASS"": 377, ""PICKUP"": 339, ""PLACE"": 27, ""PLANT"": 131, ""SOUTH"": 929, ""WATER"": 851, ""WEST"": 1098}","{""BUY_ANIMAL"": 14, ""BUY_LAND"": 2, ""BUY_PRODUCT"": 279, ""BUY_SEED"": 54, ""HIRE"": 306, ""SELL"": 440}","{""BUY_ANIMAL:COW"": 8, ""BUY_ANIMAL:SHEEP"": 6, ""BUY_PRODUCT:WHEAT"": 967, ""BUY_SEED:MELON"": 21, ""BUY_SEED:STRAWBERRY"": 44, ""BUY_SEED:WHEAT"": 66, ""SELL:CARROT"": 13, ""SELL:EGG"": 8, ""SELL:FERTILIZER"": 445, ""SELL:MELON"": 215, ""SELL:MILK"": 560, ""SELL:STRAWBERRY"": 550, ""SELL:TOMATO"": 4, ""SELL:WHEAT"": 1108, ""SELL:WOOL"": 323}",215,68,13515.0,0,198.75,550,216,22294.0,24,103.21296296296296,560,186,28496.0,0,153.20430107526883,323,100,13191.0,5,131.91,-5143.0,203.0,manual_player
90118542,1924556938,1,fixed_navazsh_fathi,standard_converged,105857.0,108800.0,-2943.0,loss,1,2.6684390419977717,719,0,0,0.010916,0.045124700000000004,0.07964262000000007,0.23725,"{""BUILD_PASTURE"": 14, ""CARE"": 308, ""COLLECT_FERTILIZER"": 318, ""DIG"": 25, ""DROP"": 80, ""EAST"": 857, ""FEED"": 319, ""FERTILIZE"": 107, ""HARVEST"": 338, ""NORTH"": 1236, ""PASS"": 377, ""PICKUP"": 339, ""PLACE"": 27, ""PLANT"": 131, ""SOUTH"": 929, ""WATER"": 851, ""WEST"": 1098}","{""BUY_ANIMAL"": 14, ""BUY_LAND"": 2, ""BUY_PRODUCT"": 279, ""BUY_SEED"": 54, ""HIRE"": 306, ""SELL"": 377}","{""BUY_ANIMAL:COW"": 8, ""BUY_ANIMAL:SHEEP"": 6, ""BUY_PRODUCT:WHEAT"": 967, ""BUY_SEED:MELON"": 21, ""BUY_SEED:STRAWBERRY"": 44, ""BUY_SEED:WHEAT"": 66, ""SELL:CARROT"": 13, ""SELL:EGG"": 8, ""SELL:FERTILIZER"": 406, ""SELL:MELON"": 182, ""SELL:MILK"": 413, ""SELL:STRAWBERRY"": 390, ""SELL:TOMATO"": 4, ""SELL:WHEAT"": 1108, ""SELL:WOOL"": 251}",182,68,13585.0,0,199.77941176470588,390,223,22498.0,23,100.88789237668162,413,186,29863.0,0,160.55376344086022,251,100,14299.0,1,142.99,-5143.0,2200.0,navazsh_fathi
90118542,1924556938,1,fixed_lucien_de_rubempre,standard_converged,104576.0,108865.0,-4289.0,loss,1,2.6662175000092248,719,0,0,0.010292,0.045791400000000045,0.07052006000000002,0.475917,"{""BUILD_PASTURE"": 14, ""CARE"": 308, ""COLLECT_FERTILIZER"": 318, ""DIG"": 25, ""DROP"": 80, ""EAST"": 857, ""FEED"": 319, ""FERTILIZE"": 107, ""HARVEST"": 338, ""NORTH"": 1236, ""PASS"": 377, ""PICKUP"": 339, ""PLACE"": 27, ""PLANT"": 131, ""SOUTH"": 929, ""WATER"": 851, ""WEST"": 1098}","{""BUY_ANIMAL"": 14, ""BUY_LAND"": 2, ""BUY_PRODUCT"": 279, ""BUY_SEED"": 54, ""HIRE"": 306, ""SELL"": 418}","{""BUY_ANIMAL:COW"": 8, ""BUY_ANIMAL:SHEEP"": 6, ""BUY_PRODUCT:WHEAT"": 967, ""BUY_SEED:MELON"": 21, ""BUY_SEED:STRAWBERRY"": 44, ""BUY_SEED:WHEAT"": 66, ""SELL:CARROT"": 13, ""SELL:EGG"": 8, ""SELL:FERTILIZER"": 406, ""SELL:MELON"": 197, ""SELL:MILK"": 543, ""SELL:STRAWBERRY"": 536, ""SELL:TOMATO"": 4, ""SELL:WHEAT"": 1108, ""SELL:WOOL"": 300}",197,68,13585.0,0,199.77941176470588,536,221,22146.0,21,100.2081447963801,543,184,28601.0,0,155.44021739130434,300,100,13552.0,3,135.52,-5143.0,854.0,lucien_de_rubempre
90121273,1793854302,0,control_v012,standard_converged,151077.0,153155.0,-2078.0,loss,1,2.653393041997333,719,0,0,0.009125,0.048221100000000044,0.07629256000000002,0.230583,"{""BUILD_PASTURE"": 14, ""CARE"": 308, ""COLLECT_FERTILIZER"": 318, ""DIG"": 25, ""DROP"": 80, ""EAST"": 857, ""FEED"": 319, ""FERTILIZE"": 107, ""HARVEST"": 338, ""NORTH"": 1236, ""PASS"": 377, ""PICKUP"": 339, ""PLACE"": 27, ""PLANT"": 131, ""SOUTH"": 929, ""WATER"": 851, ""WEST"": 1098}","{""BUY_ANIMAL"": 14, ""BUY_LAND"": 2, ""BUY_PRODUCT"": 279, ""BUY_SEED"": 54, ""HIRE"": 306, ""SELL"": 481}","{""BUY_ANIMAL:COW"": 8, ""BUY_ANIMAL:SHEEP"": 6, ""BUY_PRODUCT:WHEAT"": 967, ""BUY_SEED:MELON"": 21, ""BUY_SEED:STRAWBERRY"": 44, ""BUY_SEED:WHEAT"": 66, ""SELL:CARROT"": 13, ""SELL:EGG"": 8, ""SELL:FERTILIZER"": 445, ""SELL:MELON"": 224, ""SELL:MILK"": 682, ""SELL:STRAWBERRY"": 636, ""SELL:TOMATO"": 4, ""SELL:WHEAT"": 1108, ""SELL:WOOL"": 373}",224,68,13611.0,0,200.16176470588235,636,211,38479.0,0,182.3649289099526,682,183,45273.0,0,247.39344262295083,373,100,17823.0,0,178.23,-2078.0,0.0,
90121273,1793854302,0,fixed_mohit,standard_converged,151173.0,153150.0,-1977.0,loss,1,2.6688313749909867,719,0,0,0.011084,0.05259200000000018,0.08056488,0.321417,"{""BUILD_PASTURE"": 14, ""CARE"": 308, ""COLLECT_FERTILIZER"": 318, ""DIG"": 25, ""DROP"": 80, ""EAST"": 857, ""FEED"": 319, ""FERTILIZE"": 107, ""HARVEST"": 338, ""NORTH"": 1236, ""PASS"": 377, ""PICKUP"": 339, ""PLACE"": 27, ""PLANT"": 131, ""SOUTH"": 929, ""WATER"": 851, ""WEST"": 1098}","{""BUY_ANIMAL"": 14, ""BUY_LAND"": 2, ""BUY_PRODUCT"": 279, ""BUY_SEED"": 54, ""HIRE"": 306, ""SELL"": 469}","{""BUY_ANIMAL:COW"": 8, ""BUY_ANIMAL:SHEEP"": 6, ""BUY_PRODUCT:WHEAT"": 967, ""BUY_SEED:MELON"": 21, ""BUY_SEED:STRAWBERRY"": 44, ""BUY_SEED:WHEAT"": 66, ""SELL:CARROT"": 13, ""SELL:EGG"": 8, ""SELL:FERTILIZER"": 445, ""SELL:MELON"": 216, ""SELL:MILK"": 642, ""SELL:STRAWBERRY"": 609, ""SELL:TOMATO"": 4, ""SELL:WHEAT"": 1108, ""SELL:WOOL"": 349}",216,68,13611.0,0,200.16176470588235,609,211,38486.0,0,182.39810426540285,642,184,45574.0,0,247.68478260869566,349,100,17874.0,0,178.74,-2078.0,101.0,mohit
90121273,1793854302,0,fixed_automatylicza,standard_converged,151077.0,153155.0,-2078.0,loss,1,2.6623437499947613,719,0,0,0.01075,0.04715420000000001,0.08111238000000008,0.176667,"{""BUILD_PASTURE"": 14, ""CARE"": 308, ""COLLECT_FERTILIZER"": 318, ""DIG"": 25, ""DROP"": 80, ""EAST"": 857, ""FEED"": 319, ""FERTILIZE"": 107, ""HARVEST"": 338, ""NORTH"": 1236, ""PASS"": 377, ""PICKUP"": 339, ""PLACE"": 27, ""PLANT"": 131, ""SOUTH"": 929, ""WATER"": 851, ""WEST"": 1098}","{""BUY_ANIMAL"": 14, ""BUY_LAND"": 2, ""BUY_PRODUCT"": 279, ""BUY_SEED"": 54, ""HIRE"": 306, ""SELL"": 481}","{""BUY_ANIMAL:COW"": 8, ""BUY_ANIMAL:SHEEP"": 6, ""BUY_PRODUCT:WHEAT"": 967, ""BUY_SEED:MELON"": 21, ""BUY_SEED:STRAWBERRY"": 44, ""BUY_SEED:WHEAT"": 66, ""SELL:CARROT"": 13, ""SELL:EGG"": 8, ""SELL:FERTILIZER"": 445, ""SELL:MELON"": 224, ""SELL:MILK"": 682, ""SELL:STRAWBERRY"": 636, ""SELL:TOMATO"": 4, ""SELL:WHEAT"": 1108, ""SELL:WOOL"": 373}",224,68,13611.0,0,200.16176470588235,636,211,38479.0,0,182.3649289099526,682,183,45273.0,0,247.39344262295083,373,100,17823.0,0,178.23,-2078.0,0.0,automatylicza
90121273,1793854302,0,fixed_manual_player,standard_converged,151803.0,153369.0,-1566.0,loss,1,2.6645985420036595,719,0,0,0.011084,0.06201720000000004,0.08333756000000002,0.297708,"{""BUILD_PASTURE"": 14, ""CARE"": 308, ""COLLECT_FERTILIZER"": 318, ""DIG"": 25, ""DROP"": 80, ""EAST"": 857, ""FEED"": 319, ""FERTILIZE"": 107, ""HARVEST"": 338, ""NORTH"": 1236, ""PASS"": 377, ""PICKUP"": 339, ""PLACE"": 27, ""PLANT"": 131, ""SOUTH"": 929, ""WATER"": 851, ""WEST"": 1098}","{""BUY_ANIMAL"": 14, ""BUY_LAND"": 2, ""BUY_PRODUCT"": 279, ""BUY_SEED"": 54, ""HIRE"": 306, ""SELL"": 440}","{""BUY_ANIMAL:COW"": 8, ""BUY_ANIMAL:SHEEP"": 6, ""BUY_PRODUCT:WHEAT"": 967, ""BUY_SEED:MELON"": 21, ""BUY_SEED:STRAWBERRY"": 44, ""BUY_SEED:WHEAT"": 66, ""SELL:CARROT"": 13, ""SELL:EGG"": 8, ""SELL:FERTILIZER"": 445, ""SELL:MELON"": 215, ""SELL:MILK"": 560, ""SELL:STRAWBERRY"": 550, ""SELL:TOMATO"": 4, ""SELL:WHEAT"": 1108, ""SELL:WOOL"": 323}",215,68,13577.0,0,199.66176470588235,550,211,38745.0,0,183.62559241706163,560,186,46087.0,0,247.77956989247312,323,100,18246.0,0,182.46,-2078.0,512.0,manual_player
90121273,1793854302,0,fixed_navazsh_fathi,standard_converged,154050.0,154195.0,-145.0,loss,1,2.6516849160107085,719,0,0,0.0105,0.055025000000000004,0.0745148800000002,0.319042,"{""BUILD_PASTURE"": 14, ""CARE"": 308, ""COLLECT_FERTILIZER"": 318, ""DIG"": 25, ""DROP"": 80, ""EAST"": 857, ""FEED"": 319, ""FERTILIZE"": 107, ""HARVEST"": 338, ""NORTH"": 1236, ""PASS"": 377, ""PICKUP"": 339, ""PLACE"": 27, ""PLANT"": 131, ""SOUTH"": 929, ""WATER"": 851, ""WEST"": 1098}","{""BUY_ANIMAL"": 14, ""BUY_LAND"": 2, ""BUY_PRODUCT"": 279, ""BUY_SEED"": 54, ""HIRE"": 306, ""SELL"": 377}","{""BUY_ANIMAL:COW"": 8, ""BUY_ANIMAL:SHEEP"": 6, ""BUY_PRODUCT:WHEAT"": 967, ""BUY_SEED:MELON"": 21, ""BUY_SEED:STRAWBERRY"": 44, ""BUY_SEED:WHEAT"": 66, ""SELL:CARROT"": 13, ""SELL:EGG"": 8, ""SELL:FERTILIZER"": 406, ""SELL:MELON"": 182, ""SELL:MILK"": 413, ""SELL:STRAWBERRY"": 390, ""SELL:TOMATO"": 4, ""SELL:WHEAT"": 1108, ""SELL:WOOL"": 251}",182,68,13637.0,0,200.5441176470588,390,215,39993.0,0,186.0139534883721,413,186,46434.0,0,249.6451612903226,251,100,19421.0,0,194.21,-2078.0,1933.0,navazsh_fathi
90121273,1793854302,0,fixed_lucien_de_rubempre,standard_converged,152675.0,153300.0,-625.0,loss,1,2.664984666989767,719,0,0,0.011458,0.047758300000000004,0.07984512,0.169375,"{""BUILD_PASTURE"": 14, ""CARE"": 308, ""COLLECT_FERTILIZER"": 318, ""DIG"": 25, ""DROP"": 80, ""EAST"": 857, ""FEED"": 319, ""FERTILIZE"": 107, ""HARVEST"": 338, ""NORTH"": 1236, ""PASS"": 377, ""PICKUP"": 339, ""PLACE"": 27, ""PLANT"": 131, ""SOUTH"": 929, ""WATER"": 851, ""WEST"": 1098}","{""BUY_ANIMAL"": 14, ""BUY_LAND"": 2, ""BUY_PRODUCT"": 279, ""BUY_SEED"": 54, ""HIRE"": 306, ""SELL"": 418}","{""BUY_ANIMAL:COW"": 8, ""BUY_ANIMAL:SHEEP"": 6, ""BUY_PRODUCT:WHEAT"": 967, ""BUY_SEED:MELON"": 21, ""BUY_SEED:STRAWBERRY"": 44, ""BUY_SEED:WHEAT"": 66, ""SELL:CARROT"": 13, ""SELL:EGG"": 8, ""SELL:FERTILIZER"": 406, ""SELL:MELON"": 197, ""SELL:MILK"": 543, ""SELL:STRAWBERRY"": 536, ""SELL:TOMATO"": 4, ""SELL:WHEAT"": 1108, ""SELL:WOOL"": 300}",197,68,13637.0,0,200.5441176470588,536,213,39163.0,0,183.8638497652582,543,184,45741.0,0,248.5923913043478,300,100,18609.0,0,186.09,-2078.0,1453.0,lucien_de_rubempre
90121273,1793854302,1,control_v012,standard_converged,148303.0,153970.0,-5667.0,loss,1,2.6653490000026068,719,0,0,0.009,0.043845499999999996,0.07576306000000005,0.216125,"{""BUILD_PASTURE"": 14, ""CARE"": 308, ""COLLECT_FERTILIZER"": 318, ""DIG"": 25, ""DROP"": 80, ""EAST"": 857, ""FEED"": 319, ""FERTILIZE"": 107, ""HARVEST"": 338, ""NORTH"": 1236, ""PASS"": 377, ""PICKUP"": 339, ""PLACE"": 27, ""PLANT"": 131, ""SOUTH"": 929, ""WATER"": 851, ""WEST"": 1098}","{""BUY_ANIMAL"": 14, ""BUY_LAND"": 2, ""BUY_PRODUCT"": 279, ""BUY_SEED"": 54, ""HIRE"": 306, ""SELL"": 481}","{""BUY_ANIMAL:COW"": 8, ""BUY_ANIMAL:SHEEP"": 6, ""BUY_PRODUCT:WHEAT"": 967, ""BUY_SEED:MELON"": 21, ""BUY_SEED:STRAWBERRY"": 44, ""BUY_SEED:WHEAT"": 66, ""SELL:CARROT"": 13, ""SELL:EGG"": 8, ""SELL:FERTILIZER"": 445, ""SELL:MELON"": 224, ""SELL:MILK"": 682, ""SELL:STRAWBERRY"": 636, ""SELL:TOMATO"": 4, ""SELL:WHEAT"": 1108, ""SELL:WOOL"": 373}",224,68,13560.0,0,199.41176470588235,636,212,36834.0,0,173.74528301886792,682,183,45287.0,0,247.46994535519124,373,100,17849.0,0,178.49,-5667.0,0.0,
90121273,1793854302,1,fixed_mohit,standard_converged,148398.0,153957.0,-5559.0,loss,1,2.6658421250031097,719,0,0,0.010875,0.045533900000000044,0.07941318000000001,0.257917,"{""BUILD_PASTURE"": 14, ""CARE"": 308, ""COLLECT_FERTILIZER"": 318, ""DIG"": 25, ""DROP"": 80, ""EAST"": 857, ""FEED"": 319, ""FERTILIZE"": 107, ""HARVEST"": 338, ""NORTH"": 1236, ""PASS"": 377, ""PICKUP"": 339, ""PLACE"": 27, ""PLANT"": 131, ""SOUTH"": 929, ""WATER"": 851, ""WEST"": 1098}","{""BUY_ANIMAL"": 14, ""BUY_LAND"": 2, ""BUY_PRODUCT"": 279, ""BUY_SEED"": 54, ""HIRE"": 306, ""SELL"": 469}","{""BUY_ANIMAL:COW"": 8, ""BUY_ANIMAL:SHEEP"": 6, ""BUY_PRODUCT:WHEAT"": 967, ""BUY_SEED:MELON"": 21, ""BUY_SEED:STRAWBERRY"": 44, ""BUY_SEED:WHEAT"": 66, ""SELL:CARROT"": 13, ""SELL:EGG"": 8, ""SELL:FERTILIZER"": 445, ""SELL:MELON"": 216, ""SELL:MILK"": 642, ""SELL:STRAWBERRY"": 609, ""SELL:TOMATO"": 4, ""SELL:WHEAT"": 1108, ""SELL:WOOL"": 349}",216,68,13560.0,0,199.41176470588235,609,212,36834.0,0,173.74528301886792,642,184,45588.0,0,247.7608695652174,349,100,17900.0,0,179.0,-5667.0,108.0,mohit
90121273,1793854302,1,fixed_automatylicza,standard_converged,148303.0,153970.0,-5667.0,loss,1,2.663315416997648,719,0,0,0.010625,0.04497120000000001,0.08087294000000006,0.212041,"{""BUILD_PASTURE"": 14, ""CARE"": 308, ""COLLECT_FERTILIZER"": 318, ""DIG"": 25, ""DROP"": 80, ""EAST"": 857, ""FEED"": 319, ""FERTILIZE"": 107, ""HARVEST"": 338, ""NORTH"": 1236, ""PASS"": 377, ""PICKUP"": 339, ""PLACE"": 27, ""PLANT"": 131, ""SOUTH"": 929, ""WATER"": 851, ""WEST"": 1098}","{""BUY_ANIMAL"": 14, ""BUY_LAND"": 2, ""BUY_PRODUCT"": 279, ""BUY_SEED"": 54, ""HIRE"": 306, ""SELL"": 481}","{""BUY_ANIMAL:COW"": 8, ""BUY_ANIMAL:SHEEP"": 6, ""BUY_PRODUCT:WHEAT"": 967, ""BUY_SEED:MELON"": 21, ""BUY_SEED:STRAWBERRY"": 44, ""BUY_SEED:WHEAT"": 66, ""SELL:CARROT"": 13, ""SELL:EGG"": 8, ""SELL:FERTILIZER"": 445, ""SELL:MELON"": 224, ""SELL:MILK"": 682, ""SELL:STRAWBERRY"": 636, ""SELL:TOMATO"": 4, ""SELL:WHEAT"": 1108, ""SELL:WOOL"": 373}",224,68,13560.0,0,199.41176470588235,636,212,36834.0,0,173.74528301886792,682,183,45287.0,0,247.46994535519124,373,100,17849.0,0,178.49,-5667.0,0.0,automatylicza
90121273,1793854302,1,fixed_manual_player,standard_converged,149009.0,154184.0,-5175.0,loss,1,2.7227609169931384,719,0,0,0.010333,0.055270500000000014,0.08181312000000028,0.315583,"{""BUILD_PASTURE"": 14, ""CARE"": 308, ""COLLECT_FERTILIZER"": 318, ""DIG"": 25, ""DROP"": 80, ""EAST"": 857, ""FEED"": 319, ""FERTILIZE"": 107, ""HARVEST"": 338, ""NORTH"": 1236, ""PASS"": 377, ""PICKUP"": 339, ""PLACE"": 27, ""PLANT"": 131, ""SOUTH"": 929, ""WATER"": 851, ""WEST"": 1098}","{""BUY_ANIMAL"": 14, ""BUY_LAND"": 2, ""BUY_PRODUCT"": 279, ""BUY_SEED"": 54, ""HIRE"": 306, ""SELL"": 440}","{""BUY_ANIMAL:COW"": 8, ""BUY_ANIMAL:SHEEP"": 6, ""BUY_PRODUCT:WHEAT"": 967, ""BUY_SEED:MELON"": 21, ""BUY_SEED:STRAWBERRY"": 44, ""BUY_SEED:WHEAT"": 66, ""SELL:CARROT"": 13, ""SELL:EGG"": 8, ""SELL:FERTILIZER"": 445, ""SELL:MELON"": 215, ""SELL:MILK"": 560, ""SELL:STRAWBERRY"": 550, ""SELL:TOMATO"": 4, ""SELL:WHEAT"": 1108, ""SELL:WOOL"": 323}",215,68,13515.0,0,198.75,550,212,37103.0,0,175.01415094339623,560,186,46100.0,0,247.8494623655914,323,100,18256.0,0,182.56,-5667.0,492.0,manual_player
90121273,1793854302,1,fixed_navazsh_fathi,standard_converged,151230.0,154778.0,-3548.0,loss,1,2.6629817920038477,719,0,0,0.011208,0.04541250000000001,0.08036500000000003,0.294208,"{""BUILD_PASTURE"": 14, ""CARE"": 308, ""COLLECT_FERTILIZER"": 318, ""DIG"": 25, ""DROP"": 80, ""EAST"": 857, ""FEED"": 319, ""FERTILIZE"": 107, ""HARVEST"": 338, ""NORTH"": 1236, ""PASS"": 377, ""PICKUP"": 339, ""PLACE"": 27, ""PLANT"": 131, ""SOUTH"": 929, ""WATER"": 851, ""WEST"": 1098}","{""BUY_ANIMAL"": 14, ""BUY_LAND"": 2, ""BUY_PRODUCT"": 279, ""BUY_SEED"": 54, ""HIRE"": 306, ""SELL"": 377}","{""BUY_ANIMAL:COW"": 8, ""BUY_ANIMAL:SHEEP"": 6, ""BUY_PRODUCT:WHEAT"": 967, ""BUY_SEED:MELON"": 21, ""BUY_SEED:STRAWBERRY"": 44, ""BUY_SEED:WHEAT"": 66, ""SELL:CARROT"": 13, ""SELL:EGG"": 8, ""SELL:FERTILIZER"": 406, ""SELL:MELON"": 182, ""SELL:MILK"": 413, ""SELL:STRAWBERRY"": 390, ""SELL:TOMATO"": 4, ""SELL:WHEAT"": 1108, ""SELL:WOOL"": 251}",182,68,13585.0,0,199.77941176470588,390,217,38453.0,0,177.20276497695852,413,185,46185.0,0,249.64864864864865,251,100,19434.0,0,194.34,-5667.0,2119.0,navazsh_fathi
90121273,1793854302,1,fixed_lucien_de_rubempre,standard_converged,149796.0,153782.0,-3986.0,loss,1,2.6635245000070427,719,0,0,0.011166,0.04610480000000011,0.07882562,0.255667,"{""BUILD_PASTURE"": 14, ""CARE"": 308, ""COLLECT_FERTILIZER"": 318, ""DIG"": 25, ""DROP"": 80, ""EAST"": 857, ""FEED"": 319, ""FERTILIZE"": 107, ""HARVEST"": 338, ""NORTH"": 1236, ""PASS"": 377, ""PICKUP"": 339, ""PLACE"": 27, ""PLANT"": 131, ""SOUTH"": 929, ""WATER"": 851, ""WEST"": 1098}","{""BUY_ANIMAL"": 14, ""BUY_LAND"": 2, ""BUY_PRODUCT"": 279, ""BUY_SEED"": 54, ""HIRE"": 306, ""SELL"": 418}","{""BUY_ANIMAL:COW"": 8, ""BUY_ANIMAL:SHEEP"": 6, ""BUY_PRODUCT:WHEAT"": 967, ""BUY_SEED:MELON"": 21, ""BUY_SEED:STRAWBERRY"": 44, ""BUY_SEED:WHEAT"": 66, ""SELL:CARROT"": 13, ""SELL:EGG"": 8, ""SELL:FERTILIZER"": 406, ""SELL:MELON"": 197, ""SELL:MILK"": 543, ""SELL:STRAWBERRY"": 536, ""SELL:TOMATO"": 4, ""SELL:WHEAT"": 1108, ""SELL:WOOL"": 300}",197,68,13585.0,0,199.77941176470588,536,215,37309.0,0,173.53023255813955,543,184,45743.0,0,248.60326086956522,300,100,18622.0,0,186.22,-5667.0,1681.0,lucien_de_rubempre
90122627,813706482,0,control_v012,standard_converged,117151.0,123076.0,-5925.0,loss,1,2.666792083007749,719,0,0,0.009292,0.050004200000000006,0.07698944000000002,0.248959,"{""BUILD_PASTURE"": 14, ""CARE"": 308, ""COLLECT_FERTILIZER"": 318, ""DIG"": 25, ""DROP"": 80, ""EAST"": 857, ""FEED"": 319, ""FERTILIZE"": 107, ""HARVEST"": 338, ""NORTH"": 1236, ""PASS"": 377, ""PICKUP"": 339, ""PLACE"": 27, ""PLANT"": 131, ""SOUTH"": 929, ""WATER"": 851, ""WEST"": 1098}","{""BUY_ANIMAL"": 14, ""BUY_LAND"": 2, ""BUY_PRODUCT"": 279, ""BUY_SEED"": 54, ""HIRE"": 306, ""SELL"": 481}","{""BUY_ANIMAL:COW"": 8, ""BUY_ANIMAL:SHEEP"": 6, ""BUY_PRODUCT:WHEAT"": 967, ""BUY_SEED:MELON"": 21, ""BUY_SEED:STRAWBERRY"": 44, ""BUY_SEED:WHEAT"": 66, ""SELL:CARROT"": 13, ""SELL:EGG"": 8, ""SELL:FERTILIZER"": 445, ""SELL:MELON"": 224, ""SELL:MILK"": 682, ""SELL:STRAWBERRY"": 636, ""SELL:TOMATO"": 4, ""SELL:WHEAT"": 1108, ""SELL:WOOL"": 373}",224,68,13717.0,0,201.72058823529412,636,212,45722.0,0,215.66981132075472,682,183,9653.0,7,52.74863387978142,373,100,17739.0,0,177.39,-5925.0,0.0,
90122627,813706482,0,fixed_mohit,standard_converged,116917.0,122859.0,-5942.0,loss,1,2.662551000001258,719,0,0,0.011125,0.050716000000000074,0.08127706000000001,0.248792,"{""BUILD_PASTURE"": 14, ""CARE"": 308, ""COLLECT_FERTILIZER"": 318, ""DIG"": 25, ""DROP"": 80, ""EAST"": 857, ""FEED"": 319, ""FERTILIZE"": 107, ""HARVEST"": 338, ""NORTH"": 1236, ""PASS"": 377, ""PICKUP"": 339, ""PLACE"": 27, ""PLANT"": 131, ""SOUTH"": 929, ""WATER"": 851, ""WEST"": 1098}","{""BUY_ANIMAL"": 14, ""BUY_LAND"": 2, ""BUY_PRODUCT"": 279, ""BUY_SEED"": 54, ""HIRE"": 306, ""SELL"": 469}","{""BUY_ANIMAL:COW"": 8, ""BUY_ANIMAL:SHEEP"": 6, ""BUY_PRODUCT:WHEAT"": 967, ""BUY_SEED:MELON"": 21, ""BUY_SEED:STRAWBERRY"": 44, ""BUY_SEED:WHEAT"": 66, ""SELL:CARROT"": 13, ""SELL:EGG"": 8, ""SELL:FERTILIZER"": 445, ""SELL:MELON"": 216, ""SELL:MILK"": 642, ""SELL:STRAWBERRY"": 609, ""SELL:TOMATO"": 4, ""SELL:WHEAT"": 1108, ""SELL:WOOL"": 349}",216,68,13717.0,0,201.72058823529412,609,212,45726.0,0,215.68867924528303,642,184,9461.0,7,51.41847826086956,349,100,17739.0,0,177.39,-5925.0,-17.0,mohit
90122627,813706482,0,fixed_automatylicza,standard_converged,117151.0,123076.0,-5925.0,loss,1,2.661468332997174,719,0,0,0.010667,0.04639940000000002,0.07959868000000002,0.202875,"{""BUILD_PASTURE"": 14, ""CARE"": 308, ""COLLECT_FERTILIZER"": 318, ""DIG"": 25, ""DROP"": 80, ""EAST"": 857, ""FEED"": 319, ""FERTILIZE"": 107, ""HARVEST"": 338, ""NORTH"": 1236, ""PASS"": 377, ""PICKUP"": 339, ""PLACE"": 27, ""PLANT"": 131, ""SOUTH"": 929, ""WATER"": 851, ""WEST"": 1098}","{""BUY_ANIMAL"": 14, ""BUY_LAND"": 2, ""BUY_PRODUCT"": 279, ""BUY_SEED"": 54, ""HIRE"": 306, ""SELL"": 481}","{""BUY_ANIMAL:COW"": 8, ""BUY_ANIMAL:SHEEP"": 6, ""BUY_PRODUCT:WHEAT"": 967, ""BUY_SEED:MELON"": 21, ""BUY_SEED:STRAWBERRY"": 44, ""BUY_SEED:WHEAT"": 66, ""SELL:CARROT"": 13, ""SELL:EGG"": 8, ""SELL:FERTILIZER"": 445, ""SELL:MELON"": 224, ""SELL:MILK"": 682, ""SELL:STRAWBERRY"": 636, ""SELL:TOMATO"": 4, ""SELL:WHEAT"": 1108, ""SELL:WOOL"": 373}",224,68,13717.0,0,201.72058823529412,636,212,45722.0,0,215.66981132075472,682,183,9653.0,7,52.74863387978142,373,100,17739.0,0,177.39,-5925.0,0.0,automatylicza
90122627,813706482,0,fixed_manual_player,standard_converged,117468.0,122974.0,-5506.0,loss,1,2.6579800409963354,719,0,0,0.011167,0.046604500000000014,0.08194444000000004,0.222208,"{""BUILD_PASTURE"": 14, ""CARE"": 308, ""COLLECT_FERTILIZER"": 318, ""DIG"": 25, ""DROP"": 80, ""EAST"": 857, ""FEED"": 319, ""FERTILIZE"": 107, ""HARVEST"": 338, ""NORTH"": 1236, ""PASS"": 377, ""PICKUP"": 339, ""PLACE"": 27, ""PLANT"": 131, ""SOUTH"": 929, ""WATER"": 851, ""WEST"": 1098}","{""BUY_ANIMAL"": 14, ""BUY_LAND"": 2, ""BUY_PRODUCT"": 279, ""BUY_SEED"": 54, ""HIRE"": 306, ""SELL"": 440}","{""BUY_ANIMAL:COW"": 8, ""BUY_ANIMAL:SHEEP"": 6, ""BUY_PRODUCT:WHEAT"": 967, ""BUY_SEED:MELON"": 21, ""BUY_SEED:STRAWBERRY"": 44, ""BUY_SEED:WHEAT"": 66, ""SELL:CARROT"": 13, ""SELL:EGG"": 8, ""SELL:FERTILIZER"": 445, ""SELL:MELON"": 215, ""SELL:MILK"": 560, ""SELL:STRAWBERRY"": 550, ""SELL:TOMATO"": 4, ""SELL:WHEAT"": 1108, ""SELL:WOOL"": 323}",215,68,13709.0,0,201.60294117647058,550,212,45808.0,0,216.0754716981132,560,186,9815.0,5,52.76881720430107,323,100,18205.0,0,182.05,-5925.0,419.0,manual_player
90122627,813706482,0,fixed_navazsh_fathi,standard_converged,120126.0,122667.0,-2541.0,loss,1,2.6556414590013446,719,0,0,0.010417,0.046296500000000136,0.07140943999999999,0.093708,"{""BUILD_PASTURE"": 14, ""CARE"": 308, ""COLLECT_FERTILIZER"": 318, ""DIG"": 25, ""DROP"": 80, ""EAST"": 857, ""FEED"": 319, ""FERTILIZE"": 107, ""HARVEST"": 338, ""NORTH"": 1236, ""PASS"": 377, ""PICKUP"": 339, ""PLACE"": 27, ""PLANT"": 131, ""SOUTH"": 929, ""WATER"": 851, ""WEST"": 1098}","{""BUY_ANIMAL"": 14, ""BUY_LAND"": 2, ""BUY_PRODUCT"": 279, ""BUY_SEED"": 54, ""HIRE"": 306, ""SELL"": 377}","{""BUY_ANIMAL:COW"": 8, ""BUY_ANIMAL:SHEEP"": 6, ""BUY_PRODUCT:WHEAT"": 967, ""BUY_SEED:MELON"": 21, ""BUY_SEED:STRAWBERRY"": 44, ""BUY_SEED:WHEAT"": 66, ""SELL:CARROT"": 13, ""SELL:EGG"": 8, ""SELL:FERTILIZER"": 406, ""SELL:MELON"": 182, ""SELL:MILK"": 413, ""SELL:STRAWBERRY"": 390, ""SELL:TOMATO"": 4, ""SELL:WHEAT"": 1108, ""SELL:WOOL"": 251}",182,68,13741.0,0,202.0735294117647,390,217,46968.0,0,216.44239631336404,413,186,10480.0,1,56.344086021505376,251,100,19457.0,0,194.57,-5925.0,3384.0,navazsh_fathi
90122627,813706482,0,fixed_lucien_de_rubempre,standard_converged,119386.0,123007.0,-3621.0,loss,1,2.661845416005235,719,0,0,0.011208,0.046937500000000014,0.07840544000000002,0.233083,"{""BUILD_PASTURE"": 14, ""CARE"": 308, ""COLLECT_FERTILIZER"": 318, ""DIG"": 25, ""DROP"": 80, ""EAST"": 857, ""FEED"": 319, ""FERTILIZE"": 107, ""HARVEST"": 338, ""NORTH"": 1236, ""PASS"": 377, ""PICKUP"": 339, ""PLACE"": 27, ""PLANT"": 131, ""SOUTH"": 929, ""WATER"": 851, ""WEST"": 1098}","{""BUY_ANIMAL"": 14, ""BUY_LAND"": 2, ""BUY_PRODUCT"": 279, ""BUY_SEED"": 54, ""HIRE"": 306, ""SELL"": 418}","{""BUY_ANIMAL:COW"": 8, ""BUY_ANIMAL:SHEEP"": 6, ""BUY_PRODUCT:WHEAT"": 967, ""BUY_SEED:MELON"": 21, ""BUY_SEED:STRAWBERRY"": 44, ""BUY_SEED:WHEAT"": 66, ""SELL:CARROT"": 13, ""SELL:EGG"": 8, ""SELL:FERTILIZER"": 406, ""SELL:MELON"": 197, ""SELL:MILK"": 543, ""SELL:STRAWBERRY"": 536, ""SELL:TOMATO"": 4, ""SELL:WHEAT"": 1108, ""SELL:WOOL"": 300}",197,68,13741.0,0,202.0735294117647,536,215,46332.0,0,215.49767441860465,543,184,10010.0,4,54.40217391304348,300,99,18769.0,0,189.58585858585857,-5925.0,2304.0,lucien_de_rubempre
90122627,813706482,1,control_v012,standard_converged,157923.0,20349.0,137574.0,win,1,2.652577749991906,719,0,0,0.008875,0.044025,0.076708,0.237125,"{""BUILD_PASTURE"": 14, ""CARE"": 308, ""COLLECT_FERTILIZER"": 318, ""DIG"": 25, ""DROP"": 80, ""EAST"": 857, ""FEED"": 319, ""FERTILIZE"": 107, ""HARVEST"": 338, ""NORTH"": 1236, ""PASS"": 377, ""PICKUP"": 339, ""PLACE"": 27, ""PLANT"": 131, ""SOUTH"": 929, ""WATER"": 851, ""WEST"": 1098}","{""BUY_ANIMAL"": 14, ""BUY_LAND"": 2, ""BUY_PRODUCT"": 279, ""BUY_SEED"": 54, ""HIRE"": 306, ""SELL"": 481}","{""BUY_ANIMAL:COW"": 8, ""BUY_ANIMAL:SHEEP"": 6, ""BUY_PRODUCT:WHEAT"": 967, ""BUY_SEED:MELON"": 21, ""BUY_SEED:STRAWBERRY"": 44, ""BUY_SEED:WHEAT"": 66, ""SELL:CARROT"": 13, ""SELL:EGG"": 8, ""SELL:FERTILIZER"": 445, ""SELL:MELON"": 224, ""SELL:MILK"": 682, ""SELL:STRAWBERRY"": 636, ""SELL:TOMATO"": 4, ""SELL:WHEAT"": 1108, ""SELL:WOOL"": 373}",224,62,14495.0,0,233.79032258064515,636,216,54737.0,0,253.41203703703704,682,183,35131.0,0,191.97267759562843,373,100,14410.0,5,144.1,137574.0,0.0,
90122627,813706482,1,fixed_mohit,standard_converged,158130.0,20316.0,137814.0,win,1,2.660190791997593,719,0,0,0.011041,0.04605420000000001,0.08148244000000004,0.173667,"{""BUILD_PASTURE"": 14, ""CARE"": 308, ""COLLECT_FERTILIZER"": 318, ""DIG"": 25, ""DROP"": 80, ""EAST"": 857, ""FEED"": 319, ""FERTILIZE"": 107, ""HARVEST"": 338, ""NORTH"": 1236, ""PASS"": 377, ""PICKUP"": 339, ""PLACE"": 27, ""PLANT"": 131, ""SOUTH"": 929, ""WATER"": 851, ""WEST"": 1098}","{""BUY_ANIMAL"": 14, ""BUY_LAND"": 2, ""BUY_PRODUCT"": 279, ""BUY_SEED"": 54, ""HIRE"": 306, ""SELL"": 469}","{""BUY_ANIMAL:COW"": 8, ""BUY_ANIMAL:SHEEP"": 6, ""BUY_PRODUCT:WHEAT"": 967, ""BUY_SEED:MELON"": 21, ""BUY_SEED:STRAWBERRY"": 44, ""BUY_SEED:WHEAT"": 66, ""SELL:CARROT"": 13, ""SELL:EGG"": 8, ""SELL:FERTILIZER"": 445, ""SELL:MELON"": 216, ""SELL:MILK"": 642, ""SELL:STRAWBERRY"": 609, ""SELL:TOMATO"": 4, ""SELL:WHEAT"": 1108, ""SELL:WOOL"": 349}",216,62,14495.0,0,233.79032258064515,609,216,54742.0,0,253.4351851851852,642,184,35521.0,0,193.04891304347825,349,100,14425.0,5,144.25,137574.0,240.0,mohit
90122627,813706482,1,fixed_automatylicza,standard_converged,157923.0,20349.0,137574.0,win,1,2.64509841700783,719,0,0,0.009958,0.045233000000000086,0.07558006000000012,0.268167,"{""BUILD_PASTURE"": 14, ""CARE"": 308, ""COLLECT_FERTILIZER"": 318, ""DIG"": 25, ""DROP"": 80, ""EAST"": 857, ""FEED"": 319, ""FERTILIZE"": 107, ""HARVEST"": 338, ""NORTH"": 1236, ""PASS"": 377, ""PICKUP"": 339, ""PLACE"": 27, ""PLANT"": 131, ""SOUTH"": 929, ""WATER"": 851, ""WEST"": 1098}","{""BUY_ANIMAL"": 14, ""BUY_LAND"": 2, ""BUY_PRODUCT"": 279, ""BUY_SEED"": 54, ""HIRE"": 306, ""SELL"": 481}","{""BUY_ANIMAL:COW"": 8, ""BUY_ANIMAL:SHEEP"": 6, ""BUY_PRODUCT:WHEAT"": 967, ""BUY_SEED:MELON"": 21, ""BUY_SEED:STRAWBERRY"": 44, ""BUY_SEED:WHEAT"": 66, ""SELL:CARROT"": 13, ""SELL:EGG"": 8, ""SELL:FERTILIZER"": 445, ""SELL:MELON"": 224, ""SELL:MILK"": 682, ""SELL:STRAWBERRY"": 636, ""SELL:TOMATO"": 4, ""SELL:WHEAT"": 1108, ""SELL:WOOL"": 373}",224,62,14495.0,0,233.79032258064515,636,216,54737.0,0,253.41203703703704,682,183,35131.0,0,191.97267759562843,373,100,14410.0,5,144.1,137574.0,0.0,automatylicza
90122627,813706482,1,fixed_manual_player,standard_converged,158219.0,20397.0,137822.0,win,1,2.656545541001833,719,0,0,0.011291,0.04573370000000001,0.08270044,0.253291,"{""BUILD_PASTURE"": 14, ""CARE"": 308, ""COLLECT_FERTILIZER"": 318, ""DIG"": 25, ""DROP"": 80, ""EAST"": 857, ""FEED"": 319, ""FERTILIZE"": 107, ""HARVEST"": 338, ""NORTH"": 1236, ""PASS"": 377, ""PICKUP"": 339, ""PLACE"": 27, ""PLANT"": 131, ""SOUTH"": 929, ""WATER"": 851, ""WEST"": 1098}","{""BUY_ANIMAL"": 14, ""BUY_LAND"": 2, ""BUY_PRODUCT"": 279, ""BUY_SEED"": 54, ""HIRE"": 306, ""SELL"": 440}","{""BUY_ANIMAL:COW"": 8, ""BUY_ANIMAL:SHEEP"": 6, ""BUY_PRODUCT:WHEAT"": 967, ""BUY_SEED:MELON"": 21, ""BUY_SEED:STRAWBERRY"": 44, ""BUY_SEED:WHEAT"": 66, ""SELL:CARROT"": 13, ""SELL:EGG"": 8, ""SELL:FERTILIZER"": 445, ""SELL:MELON"": 215, ""SELL:MILK"": 560, ""SELL:STRAWBERRY"": 550, ""SELL:TOMATO"": 4, ""SELL:WHEAT"": 1108, ""SELL:WOOL"": 323}",215,62,14495.0,0,233.79032258064515,550,216,54799.0,0,253.69907407407408,560,186,35889.0,0,192.9516129032258,323,100,14381.0,4,143.81,137574.0,248.0,manual_player
90122627,813706482,1,fixed_navazsh_fathi,standard_converged,161343.0,20991.0,140352.0,win,1,2.6544926250062417,719,0,0,0.01125,0.046337199999999995,0.07964806000000002,0.254458,"{""BUILD_PASTURE"": 14, ""CARE"": 308, ""COLLECT_FERTILIZER"": 318, ""DIG"": 25, ""DROP"": 80, ""EAST"": 857, ""FEED"": 319, ""FERTILIZE"": 107, ""HARVEST"": 338, ""NORTH"": 1236, ""PASS"": 377, ""PICKUP"": 339, ""PLACE"": 27, ""PLANT"": 131, ""SOUTH"": 929, ""WATER"": 851, ""WEST"": 1098}","{""BUY_ANIMAL"": 14, ""BUY_LAND"": 2, ""BUY_PRODUCT"": 279, ""BUY_SEED"": 54, ""HIRE"": 306, ""SELL"": 377}","{""BUY_ANIMAL:COW"": 8, ""BUY_ANIMAL:SHEEP"": 6, ""BUY_PRODUCT:WHEAT"": 967, ""BUY_SEED:MELON"": 21, ""BUY_SEED:STRAWBERRY"": 44, ""BUY_SEED:WHEAT"": 66, ""SELL:CARROT"": 13, ""SELL:EGG"": 8, ""SELL:FERTILIZER"": 406, ""SELL:MELON"": 182, ""SELL:MILK"": 413, ""SELL:STRAWBERRY"": 390, ""SELL:TOMATO"": 4, ""SELL:WHEAT"": 1108, ""SELL:WOOL"": 251}",182,62,14535.0,0,234.43548387096774,390,223,56874.0,0,255.0403587443946,413,184,36155.0,0,196.4945652173913,251,100,15765.0,0,157.65,137574.0,2778.0,navazsh_fathi
90122627,813706482,1,fixed_lucien_de_rubempre,standard_converged,159914.0,20427.0,139487.0,win,1,2.6555729169922415,719,0,0,0.011166,0.046087199999999995,0.0788105,0.120625,"{""BUILD_PASTURE"": 14, ""CARE"": 308, ""COLLECT_FERTILIZER"": 318, ""DIG"": 25, ""DROP"": 80, ""EAST"": 857, ""FEED"": 319, ""FERTILIZE"": 107, ""HARVEST"": 338, ""NORTH"": 1236, ""PASS"": 377, ""PICKUP"": 339, ""PLACE"": 27, ""PLANT"": 131, ""SOUTH"": 929, ""WATER"": 851, ""WEST"": 1098}","{""BUY_ANIMAL"": 14, ""BUY_LAND"": 2, ""BUY_PRODUCT"": 279, ""BUY_SEED"": 54, ""HIRE"": 306, ""SELL"": 418}","{""BUY_ANIMAL:COW"": 8, ""BUY_ANIMAL:SHEEP"": 6, ""BUY_PRODUCT:WHEAT"": 967, ""BUY_SEED:MELON"": 21, ""BUY_SEED:STRAWBERRY"": 44, ""BUY_SEED:WHEAT"": 66, ""SELL:CARROT"": 13, ""SELL:EGG"": 8, ""SELL:FERTILIZER"": 406, ""SELL:MELON"": 197, ""SELL:MILK"": 543, ""SELL:STRAWBERRY"": 536, ""SELL:TOMATO"": 4, ""SELL:WHEAT"": 1108, ""SELL:WOOL"": 300}",197,62,14516.0,0,234.1290322580645,536,221,56075.0,0,253.73303167420815,543,184,35036.0,0,190.41304347826087,300,99,15192.0,1,153.45454545454547,137574.0,1913.0,lucien_de_rubempre
90123152,1354632275,0,control_v012,standard_converged,139612.0,149214.0,-9602.0,loss,1,2.65956549999828,719,0,0,0.009,0.0450577,0.07498505999999999,0.220834,"{""BUILD_PASTURE"": 14, ""CARE"": 308, ""COLLECT_FERTILIZER"": 318, ""DIG"": 25, ""DROP"": 80, ""EAST"": 857, ""FEED"": 319, ""FERTILIZE"": 107, ""HARVEST"": 338, ""NORTH"": 1236, ""PASS"": 377, ""PICKUP"": 339, ""PLACE"": 27, ""PLANT"": 131, ""SOUTH"": 929, ""WATER"": 851, ""WEST"": 1098}","{""BUY_ANIMAL"": 14, ""BUY_LAND"": 2, ""BUY_PRODUCT"": 279, ""BUY_SEED"": 54, ""HIRE"": 306, ""SELL"": 481}","{""BUY_ANIMAL:COW"": 8, ""BUY_ANIMAL:SHEEP"": 6, ""BUY_PRODUCT:WHEAT"": 967, ""BUY_SEED:MELON"": 21, ""BUY_SEED:STRAWBERRY"": 44, ""BUY_SEED:WHEAT"": 66, ""SELL:CARROT"": 13, ""SELL:EGG"": 8, ""SELL:FERTILIZER"": 445, ""SELL:MELON"": 224, ""SELL:MILK"": 682, ""SELL:STRAWBERRY"": 636, ""SELL:TOMATO"": 4, ""SELL:WHEAT"": 1108, ""SELL:WOOL"": 373}",224,68,13611.0,0,200.16176470588235,636,212,46250.0,0,218.16037735849056,682,158,37590.0,0,237.91139240506328,373,100,9727.0,22,97.27,-9602.0,0.0,
90123152,1354632275,0,fixed_mohit,standard_converged,139704.0,149145.0,-9441.0,loss,1,2.664610375009943,719,0,0,0.011084,0.05124580000000023,0.08315618000000004,0.288542,"{""BUILD_PASTURE"": 14, ""CARE"": 308, ""COLLECT_FERTILIZER"": 318, ""DIG"": 25, ""DROP"": 80, ""EAST"": 857, ""FEED"": 319, ""FERTILIZE"": 107, ""HARVEST"": 338, ""NORTH"": 1236, ""PASS"": 377, ""PICKUP"": 339, ""PLACE"": 27, ""PLANT"": 131, ""SOUTH"": 929, ""WATER"": 851, ""WEST"": 1098}","{""BUY_ANIMAL"": 14, ""BUY_LAND"": 2, ""BUY_PRODUCT"": 279, ""BUY_SEED"": 54, ""HIRE"": 306, ""SELL"": 469}","{""BUY_ANIMAL:COW"": 8, ""BUY_ANIMAL:SHEEP"": 6, ""BUY_PRODUCT:WHEAT"": 967, ""BUY_SEED:MELON"": 21, ""BUY_SEED:STRAWBERRY"": 44, ""BUY_SEED:WHEAT"": 66, ""SELL:CARROT"": 13, ""SELL:EGG"": 8, ""SELL:FERTILIZER"": 445, ""SELL:MELON"": 216, ""SELL:MILK"": 642, ""SELL:STRAWBERRY"": 609, ""SELL:TOMATO"": 4, ""SELL:WHEAT"": 1108, ""SELL:WOOL"": 349}",216,68,13611.0,0,200.16176470588235,609,212,46253.0,0,218.1745283018868,642,159,37878.0,0,238.22641509433961,349,100,9789.0,21,97.89,-9602.0,161.0,mohit
90123152,1354632275,0,fixed_automatylicza,standard_converged,139612.0,149214.0,-9602.0,loss,1,2.665043417000561,719,0,0,0.010708,0.04664230000000001,0.08008756000000002,0.232375,"{""BUILD_PASTURE"": 14, ""CARE"": 308, ""COLLECT_FERTILIZER"": 318, ""DIG"": 25, ""DROP"": 80, ""EAST"": 857, ""FEED"": 319, ""FERTILIZE"": 107, ""HARVEST"": 338, ""NORTH"": 1236, ""PASS"": 377, ""PICKUP"": 339, ""PLACE"": 27, ""PLANT"": 131, ""SOUTH"": 929, ""WATER"": 851, ""WEST"": 1098}","{""BUY_ANIMAL"": 14, ""BUY_LAND"": 2, ""BUY_PRODUCT"": 279, ""BUY_SEED"": 54, ""HIRE"": 306, ""SELL"": 481}","{""BUY_ANIMAL:COW"": 8, ""BUY_ANIMAL:SHEEP"": 6, ""BUY_PRODUCT:WHEAT"": 967, ""BUY_SEED:MELON"": 21, ""BUY_SEED:STRAWBERRY"": 44, ""BUY_SEED:WHEAT"": 66, ""SELL:CARROT"": 13, ""SELL:EGG"": 8, ""SELL:FERTILIZER"": 445, ""SELL:MELON"": 224, ""SELL:MILK"": 682, ""SELL:STRAWBERRY"": 636, ""SELL:TOMATO"": 4, ""SELL:WHEAT"": 1108, ""SELL:WOOL"": 373}",224,68,13611.0,0,200.16176470588235,636,212,46250.0,0,218.16037735849056,682,158,37590.0,0,237.91139240506328,373,100,9727.0,22,97.27,-9602.0,0.0,automatylicza
90123152,1354632275,0,fixed_manual_player,standard_converged,140200.0,149110.0,-8910.0,loss,1,2.6687600830045994,719,0,0,0.010625,0.056121200000000045,0.07678500000000002,0.311583,"{""BUILD_PASTURE"": 14, ""CARE"": 308, ""COLLECT_FERTILIZER"": 318, ""DIG"": 25, ""DROP"": 80, ""EAST"": 857, ""FEED"": 319, ""FERTILIZE"": 107, ""HARVEST"": 338, ""NORTH"": 1236, ""PASS"": 377, ""PICKUP"": 339, ""PLACE"": 27, ""PLANT"": 131, ""SOUTH"": 929, ""WATER"": 851, ""WEST"": 1098}","{""BUY_ANIMAL"": 14, ""BUY_LAND"": 2, ""BUY_PRODUCT"": 279, ""BUY_SEED"": 54, ""HIRE"": 306, ""SELL"": 440}","{""BUY_ANIMAL:COW"": 8, ""BUY_ANIMAL:SHEEP"": 6, ""BUY_PRODUCT:WHEAT"": 967, ""BUY_SEED:MELON"": 21, ""BUY_SEED:STRAWBERRY"": 44, ""BUY_SEED:WHEAT"": 66, ""SELL:CARROT"": 13, ""SELL:EGG"": 8, ""SELL:FERTILIZER"": 445, ""SELL:MELON"": 215, ""SELL:MILK"": 560, ""SELL:STRAWBERRY"": 550, ""SELL:TOMATO"": 4, ""SELL:WHEAT"": 1108, ""SELL:WOOL"": 323}",215,68,13577.0,0,199.66176470588235,550,212,46325.0,0,218.51415094339623,560,159,37894.0,0,238.32704402515722,323,100,10213.0,20,102.13,-9602.0,692.0,manual_player
90123152,1354632275,0,fixed_navazsh_fathi,standard_converged,141208.0,147949.0,-6741.0,loss,1,2.6650174999958836,719,0,0,0.011375,0.052700300000000005,0.08521250000000022,0.278667,"{""BUILD_PASTURE"": 14, ""CARE"": 308, ""COLLECT_FERTILIZER"": 318, ""DIG"": 25, ""DROP"": 80, ""EAST"": 857, ""FEED"": 319, ""FERTILIZE"": 107, ""HARVEST"": 338, ""NORTH"": 1236, ""PASS"": 377, ""PICKUP"": 339, ""PLACE"": 27, ""PLANT"": 131, ""SOUTH"": 929, ""WATER"": 851, ""WEST"": 1098}","{""BUY_ANIMAL"": 14, ""BUY_LAND"": 2, ""BUY_PRODUCT"": 279, ""BUY_SEED"": 54, ""HIRE"": 306, ""SELL"": 377}","{""BUY_ANIMAL:COW"": 8, ""BUY_ANIMAL:SHEEP"": 6, ""BUY_PRODUCT:WHEAT"": 967, ""BUY_SEED:MELON"": 21, ""BUY_SEED:STRAWBERRY"": 44, ""BUY_SEED:WHEAT"": 66, ""SELL:CARROT"": 13, ""SELL:EGG"": 8, ""SELL:FERTILIZER"": 406, ""SELL:MELON"": 182, ""SELL:MILK"": 413, ""SELL:STRAWBERRY"": 390, ""SELL:TOMATO"": 4, ""SELL:WHEAT"": 1108, ""SELL:WOOL"": 251}",182,68,13637.0,0,200.5441176470588,390,215,47059.0,0,218.87906976744185,413,159,38213.0,0,240.33333333333334,251,100,10674.0,14,106.74,-9602.0,2861.0,navazsh_fathi
90123152,1354632275,0,fixed_lucien_de_rubempre,standard_converged,140935.0,147483.0,-6548.0,loss,1,2.8769711249915417,719,0,0,0.012375,0.06296280000000007,0.10139806000000003,0.297167,"{""BUILD_PASTURE"": 14, ""CARE"": 308, ""COLLECT_FERTILIZER"": 318, ""DIG"": 25, ""DROP"": 80, ""EAST"": 857, ""FEED"": 319, ""FERTILIZE"": 107, ""HARVEST"": 338, ""NORTH"": 1236, ""PASS"": 377, ""PICKUP"": 339, ""PLACE"": 27, ""PLANT"": 131, ""SOUTH"": 929, ""WATER"": 851, ""WEST"": 1098}","{""BUY_ANIMAL"": 14, ""BUY_LAND"": 2, ""BUY_PRODUCT"": 279, ""BUY_SEED"": 54, ""HIRE"": 306, ""SELL"": 418}","{""BUY_ANIMAL:COW"": 8, ""BUY_ANIMAL:SHEEP"": 6, ""BUY_PRODUCT:WHEAT"": 967, ""BUY_SEED:MELON"": 21, ""BUY_SEED:STRAWBERRY"": 44, ""BUY_SEED:WHEAT"": 66, ""SELL:CARROT"": 13, ""SELL:EGG"": 8, ""SELL:FERTILIZER"": 406, ""SELL:MELON"": 197, ""SELL:MILK"": 543, ""SELL:STRAWBERRY"": 536, ""SELL:TOMATO"": 4, ""SELL:WHEAT"": 1108, ""SELL:WOOL"": 300}",197,68,13637.0,0,200.5441176470588,536,215,46793.0,0,217.64186046511628,543,159,38031.0,0,239.18867924528303,300,100,10338.0,13,103.38,-9602.0,3054.0,lucien_de_rubempre
90123152,1354632275,1,control_v012,standard_converged,152003.0,146759.0,5244.0,win,1,2.6739571250072913,719,0,0,0.008834,0.0427961,0.07528362,0.10525,"{""BUILD_PASTURE"": 14, ""CARE"": 308, ""COLLECT_FERTILIZER"": 318, ""DIG"": 25, ""DROP"": 80, ""EAST"": 857, ""FEED"": 319, ""FERTILIZE"": 107, ""HARVEST"": 338, ""NORTH"": 1236, ""PASS"": 377, ""PICKUP"": 339, ""PLACE"": 27, ""PLANT"": 131, ""SOUTH"": 929, ""WATER"": 851, ""WEST"": 1098}","{""BUY_ANIMAL"": 14, ""BUY_LAND"": 2, ""BUY_PRODUCT"": 279, ""BUY_SEED"": 54, ""HIRE"": 306, ""SELL"": 481}","{""BUY_ANIMAL:COW"": 8, ""BUY_ANIMAL:SHEEP"": 6, ""BUY_PRODUCT:WHEAT"": 967, ""BUY_SEED:MELON"": 21, ""BUY_SEED:STRAWBERRY"": 44, ""BUY_SEED:WHEAT"": 66, ""SELL:CARROT"": 13, ""SELL:EGG"": 8, ""SELL:FERTILIZER"": 445, ""SELL:MELON"": 224, ""SELL:MILK"": 682, ""SELL:STRAWBERRY"": 636, ""SELL:TOMATO"": 4, ""SELL:WHEAT"": 1108, ""SELL:WOOL"": 373}",224,68,13915.0,0,204.63235294117646,636,216,47658.0,0,220.63888888888889,682,183,43232.0,0,236.24043715846994,373,100,13857.0,11,138.57,5244.0,0.0,
90123152,1354632275,1,fixed_mohit,standard_converged,152049.0,146800.0,5249.0,win,1,2.673472958005732,719,0,0,0.011,0.04518780000000001,0.07867812,0.110458,"{""BUILD_PASTURE"": 14, ""CARE"": 308, ""COLLECT_FERTILIZER"": 318, ""DIG"": 25, ""DROP"": 80, ""EAST"": 857, ""FEED"": 319, ""FERTILIZE"": 107, ""HARVEST"": 338, ""NORTH"": 1236, ""PASS"": 377, ""PICKUP"": 339, ""PLACE"": 27, ""PLANT"": 131, ""SOUTH"": 929, ""WATER"": 851, ""WEST"": 1098}","{""BUY_ANIMAL"": 14, ""BUY_LAND"": 2, ""BUY_PRODUCT"": 279, ""BUY_SEED"": 54, ""HIRE"": 306, ""SELL"": 469}","{""BUY_ANIMAL:COW"": 8, ""BUY_ANIMAL:SHEEP"": 6, ""BUY_PRODUCT:WHEAT"": 967, ""BUY_SEED:MELON"": 21, ""BUY_SEED:STRAWBERRY"": 44, ""BUY_SEED:WHEAT"": 66, ""SELL:CARROT"": 13, ""SELL:EGG"": 8, ""SELL:FERTILIZER"": 445, ""SELL:MELON"": 216, ""SELL:MILK"": 642, ""SELL:STRAWBERRY"": 609, ""SELL:TOMATO"": 4, ""SELL:WHEAT"": 1108, ""SELL:WOOL"": 349}",216,68,13915.0,0,204.63235294117646,609,216,47662.0,0,220.65740740740742,642,184,43544.0,0,236.65217391304347,349,100,13857.0,11,138.57,5244.0,5.0,mohit
90123152,1354632275,1,fixed_automatylicza,standard_converged,152003.0,146759.0,5244.0,win,1,2.6622955839993665,719,0,0,0.010042,0.0447583,0.07117794,0.2635,"{""BUILD_PASTURE"": 14, ""CARE"": 308, ""COLLECT_FERTILIZER"": 318, ""DIG"": 25, ""DROP"": 80, ""EAST"": 857, ""FEED"": 319, ""FERTILIZE"": 107, ""HARVEST"": 338, ""NORTH"": 1236, ""PASS"": 377, ""PICKUP"": 339, ""PLACE"": 27, ""PLANT"": 131, ""SOUTH"": 929, ""WATER"": 851, ""WEST"": 1098}","{""BUY_ANIMAL"": 14, ""BUY_LAND"": 2, ""BUY_PRODUCT"": 279, ""BUY_SEED"": 54, ""HIRE"": 306, ""SELL"": 481}","{""BUY_ANIMAL:COW"": 8, ""BUY_ANIMAL:SHEEP"": 6, ""BUY_PRODUCT:WHEAT"": 967, ""BUY_SEED:MELON"": 21, ""BUY_SEED:STRAWBERRY"": 44, ""BUY_SEED:WHEAT"": 66, ""SELL:CARROT"": 13, ""SELL:EGG"": 8, ""SELL:FERTILIZER"": 445, ""SELL:MELON"": 224, ""SELL:MILK"": 682, ""SELL:STRAWBERRY"": 636, ""SELL:TOMATO"": 4, ""SELL:WHEAT"": 1108, ""SELL:WOOL"": 373}",224,68,13915.0,0,204.63235294117646,636,216,47658.0,0,220.63888888888889,682,183,43232.0,0,236.24043715846994,373,100,13857.0,11,138.57,5244.0,0.0,automatylicza
90123152,1354632275,1,fixed_manual_player,standard_converged,152276.0,146973.0,5303.0,win,1,2.670119207992684,719,0,0,0.01125,0.04481700000000001,0.07890244000000002,0.110875,"{""BUILD_PASTURE"": 14, ""CARE"": 308, ""COLLECT_FERTILIZER"": 318, ""DIG"": 25, ""DROP"": 80, ""EAST"": 857, ""FEED"": 319, ""FERTILIZE"": 107, ""HARVEST"": 338, ""NORTH"": 1236, ""PASS"": 377, ""PICKUP"": 339, ""PLACE"": 27, ""PLANT"": 131, ""SOUTH"": 929, ""WATER"": 851, ""WEST"": 1098}","{""BUY_ANIMAL"": 14, ""BUY_LAND"": 2, ""BUY_PRODUCT"": 279, ""BUY_SEED"": 54, ""HIRE"": 306, ""SELL"": 440}","{""BUY_ANIMAL:COW"": 8, ""BUY_ANIMAL:SHEEP"": 6, ""BUY_PRODUCT:WHEAT"": 967, ""BUY_SEED:MELON"": 21, ""BUY_SEED:STRAWBERRY"": 44, ""BUY_SEED:WHEAT"": 66, ""SELL:CARROT"": 13, ""SELL:EGG"": 8, ""SELL:FERTILIZER"": 445, ""SELL:MELON"": 215, ""SELL:MILK"": 560, ""SELL:STRAWBERRY"": 550, ""SELL:TOMATO"": 4, ""SELL:WHEAT"": 1108, ""SELL:WOOL"": 323}",215,68,13878.0,0,204.08823529411765,550,216,47720.0,0,220.92592592592592,560,186,44012.0,0,236.6236559139785,323,100,14031.0,12,140.31,5244.0,59.0,manual_player
90123152,1354632275,1,fixed_navazsh_fathi,standard_converged,151264.0,150281.0,983.0,win,1,2.6727192089892924,719,0,0,0.010958,0.04537530000000005,0.07969500000000006,0.288084,"{""BUILD_PASTURE"": 14, ""CARE"": 308, ""COLLECT_FERTILIZER"": 318, ""DIG"": 25, ""DROP"": 80, ""EAST"": 857, ""FEED"": 319, ""FERTILIZE"": 107, ""HARVEST"": 338, ""NORTH"": 1236, ""PASS"": 377, ""PICKUP"": 339, ""PLACE"": 27, ""PLANT"": 131, ""SOUTH"": 929, ""WATER"": 851, ""WEST"": 1098}","{""BUY_ANIMAL"": 14, ""BUY_LAND"": 2, ""BUY_PRODUCT"": 279, ""BUY_SEED"": 54, ""HIRE"": 306, ""SELL"": 377}","{""BUY_ANIMAL:COW"": 8, ""BUY_ANIMAL:SHEEP"": 6, ""BUY_PRODUCT:WHEAT"": 967, ""BUY_SEED:MELON"": 21, ""BUY_SEED:STRAWBERRY"": 44, ""BUY_SEED:WHEAT"": 66, ""SELL:CARROT"": 13, ""SELL:EGG"": 8, ""SELL:FERTILIZER"": 406, ""SELL:MELON"": 182, ""SELL:MILK"": 413, ""SELL:STRAWBERRY"": 390, ""SELL:TOMATO"": 4, ""SELL:WHEAT"": 1108, ""SELL:WOOL"": 251}",182,68,13838.0,0,203.5,390,223,48747.0,0,218.59641255605382,413,186,43935.0,0,236.20967741935485,251,100,12627.0,15,126.27,5244.0,-4261.0,navazsh_fathi
90123152,1354632275,1,fixed_lucien_de_rubempre,standard_converged,153751.0,147161.0,6590.0,win,1,2.674713749991497,719,0,0,0.010958,0.0451292,0.07740862,0.266458,"{""BUILD_PASTURE"": 14, ""CARE"": 308, ""COLLECT_FERTILIZER"": 318, ""DIG"": 25, ""DROP"": 80, ""EAST"": 857, ""FEED"": 319, ""FERTILIZE"": 107, ""HARVEST"": 338, ""NORTH"": 1236, ""PASS"": 377, ""PICKUP"": 339, ""PLACE"": 27, ""PLANT"": 131, ""SOUTH"": 929, ""WATER"": 851, ""WEST"": 1098}","{""BUY_ANIMAL"": 14, ""BUY_LAND"": 2, ""BUY_PRODUCT"": 279, ""BUY_SEED"": 54, ""HIRE"": 306, ""SELL"": 418}","{""BUY_ANIMAL:COW"": 8, ""BUY_ANIMAL:SHEEP"": 6, ""BUY_PRODUCT:WHEAT"": 967, ""BUY_SEED:MELON"": 21, ""BUY_SEED:STRAWBERRY"": 44, ""BUY_SEED:WHEAT"": 66, ""SELL:CARROT"": 13, ""SELL:EGG"": 8, ""SELL:FERTILIZER"": 406, ""SELL:MELON"": 197, ""SELL:MILK"": 543, ""SELL:STRAWBERRY"": 536, ""SELL:TOMATO"": 4, ""SELL:WHEAT"": 1108, ""SELL:WOOL"": 300}",197,68,13908.0,0,204.52941176470588,536,221,48705.0,0,220.3846153846154,543,184,43621.0,0,237.07065217391303,300,100,14308.0,10,143.08,5244.0,1346.0,lucien_de_rubempre
90127343,1934415223,0,control_v012,standard_converged,140891.0,138885.0,2006.0,win,1,2.671206250000978,719,0,0,0.008958,0.046820200000000006,0.07898862000000002,0.232042,"{""BUILD_PASTURE"": 14, ""CARE"": 308, ""COLLECT_FERTILIZER"": 318, ""DIG"": 25, ""DROP"": 80, ""EAST"": 857, ""FEED"": 319, ""FERTILIZE"": 107, ""HARVEST"": 338, ""NORTH"": 1236, ""PASS"": 377, ""PICKUP"": 339, ""PLACE"": 27, ""PLANT"": 131, ""SOUTH"": 929, ""WATER"": 851, ""WEST"": 1098}","{""BUY_ANIMAL"": 14, ""BUY_LAND"": 2, ""BUY_PRODUCT"": 279, ""BUY_SEED"": 54, ""HIRE"": 306, ""SELL"": 450}","{""BUY_ANIMAL:COW"": 8, ""BUY_ANIMAL:SHEEP"": 6, ""BUY_PRODUCT:WHEAT"": 967, ""BUY_SEED:MELON"": 21, ""BUY_SEED:STRAWBERRY"": 44, ""BUY_SEED:WHEAT"": 66, ""SELL:CARROT"": 13, ""SELL:EGG"": 8, ""SELL:FERTILIZER"": 437, ""SELL:MELON"": 224, ""SELL:MILK"": 614, ""SELL:STRAWBERRY"": 567, ""SELL:TOMATO"": 4, ""SELL:WHEAT"": 1108, ""SELL:WOOL"": 354}",224,68,13560.0,0,199.41176470588235,567,221,49904.0,0,225.80995475113122,614,183,35675.0,0,194.94535519125682,354,100,8296.0,28,82.96,2006.0,0.0,
90127343,1934415223,0,fixed_mohit,standard_converged,139825.0,139131.0,694.0,win,1,2.662546708001173,719,0,0,0.010375,0.04910060000000001,0.07770450000000009,0.293417,"{""BUILD_PASTURE"": 14, ""CARE"": 308, ""COLLECT_FERTILIZER"": 318, ""DIG"": 25, ""DROP"": 80, ""EAST"": 857, ""FEED"": 319, ""FERTILIZE"": 107, ""HARVEST"": 338, ""NORTH"": 1236, ""PASS"": 377, ""PICKUP"": 339, ""PLACE"": 27, ""PLANT"": 131, ""SOUTH"": 929, ""WATER"": 851, ""WEST"": 1098}","{""BUY_ANIMAL"": 14, ""BUY_LAND"": 2, ""BUY_PRODUCT"": 279, ""BUY_SEED"": 54, ""HIRE"": 306, ""SELL"": 469}","{""BUY_ANIMAL:COW"": 8, ""BUY_ANIMAL:SHEEP"": 6, ""BUY_PRODUCT:WHEAT"": 967, ""BUY_SEED:MELON"": 21, ""BUY_SEED:STRAWBERRY"": 44, ""BUY_SEED:WHEAT"": 66, ""SELL:CARROT"": 13, ""SELL:EGG"": 8, ""SELL:FERTILIZER"": 445, ""SELL:MELON"": 216, ""SELL:MILK"": 642, ""SELL:STRAWBERRY"": 609, ""SELL:TOMATO"": 4, ""SELL:WHEAT"": 1108, ""SELL:WOOL"": 349}",216,68,13560.0,0,199.41176470588235,609,216,48971.0,0,226.71759259259258,642,184,35808.0,0,194.6086956521739,349,100,8332.0,27,83.32,2006.0,-1312.0,mohit
90127343,1934415223,0,fixed_automatylicza,standard_converged,139530.0,139158.0,372.0,win,1,2.6754281250032363,719,0,0,0.010959,0.04747530000000001,0.07951688000000004,0.179791,"{""BUILD_PASTURE"": 14, ""CARE"": 308, ""COLLECT_FERTILIZER"": 318, ""DIG"": 25, ""DROP"": 80, ""EAST"": 857, ""FEED"": 319, ""FERTILIZE"": 107, ""HARVEST"": 338, ""NORTH"": 1236, ""PASS"": 377, ""PICKUP"": 339, ""PLACE"": 27, ""PLANT"": 131, ""SOUTH"": 929, ""WATER"": 851, ""WEST"": 1098}","{""BUY_ANIMAL"": 14, ""BUY_LAND"": 2, ""BUY_PRODUCT"": 279, ""BUY_SEED"": 54, ""HIRE"": 306, ""SELL"": 481}","{""BUY_ANIMAL:COW"": 8, ""BUY_ANIMAL:SHEEP"": 6, ""BUY_PRODUCT:WHEAT"": 967, ""BUY_SEED:MELON"": 21, ""BUY_SEED:STRAWBERRY"": 44, ""BUY_SEED:WHEAT"": 66, ""SELL:CARROT"": 13, ""SELL:EGG"": 8, ""SELL:FERTILIZER"": 445, ""SELL:MELON"": 224, ""SELL:MILK"": 682, ""SELL:STRAWBERRY"": 636, ""SELL:TOMATO"": 4, ""SELL:WHEAT"": 1108, ""SELL:WOOL"": 373}",224,68,13560.0,0,199.41176470588235,636,216,48967.0,0,226.69907407407408,682,183,35372.0,0,193.28961748633878,373,100,8270.0,28,82.7,2006.0,-1634.0,automatylicza
90127343,1934415223,0,fixed_manual_player,standard_converged,140474.0,139152.0,1322.0,win,1,2.680603583008633,719,0,0,0.011291,0.051071200000000004,0.08223194000000013,0.233625,"{""BUILD_PASTURE"": 14, ""CARE"": 308, ""COLLECT_FERTILIZER"": 318, ""DIG"": 25, ""DROP"": 80, ""EAST"": 857, ""FEED"": 319, ""FERTILIZE"": 107, ""HARVEST"": 338, ""NORTH"": 1236, ""PASS"": 377, ""PICKUP"": 339, ""PLACE"": 27, ""PLANT"": 131, ""SOUTH"": 929, ""WATER"": 851, ""WEST"": 1098}","{""BUY_ANIMAL"": 14, ""BUY_LAND"": 2, ""BUY_PRODUCT"": 279, ""BUY_SEED"": 54, ""HIRE"": 306, ""SELL"": 440}","{""BUY_ANIMAL:COW"": 8, ""BUY_ANIMAL:SHEEP"": 6, ""BUY_PRODUCT:WHEAT"": 967, ""BUY_SEED:MELON"": 21, ""BUY_SEED:STRAWBERRY"": 44, ""BUY_SEED:WHEAT"": 66, ""SELL:CARROT"": 13, ""SELL:EGG"": 8, ""SELL:FERTILIZER"": 445, ""SELL:MELON"": 215, ""SELL:MILK"": 560, ""SELL:STRAWBERRY"": 550, ""SELL:TOMATO"": 4, ""SELL:WHEAT"": 1108, ""SELL:WOOL"": 323}",215,68,13515.0,0,198.75,550,216,49046.0,0,227.0648148148148,560,186,36288.0,0,195.09677419354838,323,100,8879.0,26,88.79,2006.0,-684.0,manual_player
90127343,1934415223,0,fixed_navazsh_fathi,standard_converged,143185.0,139238.0,3947.0,win,1,2.7332708750036545,719,0,0,0.011083,0.0610923,0.08408956000000016,0.263666,"{""BUILD_PASTURE"": 14, ""CARE"": 308, ""COLLECT_FERTILIZER"": 318, ""DIG"": 25, ""DROP"": 80, ""EAST"": 857, ""FEED"": 319, ""FERTILIZE"": 107, ""HARVEST"": 338, ""NORTH"": 1236, ""PASS"": 377, ""PICKUP"": 339, ""PLACE"": 27, ""PLANT"": 131, ""SOUTH"": 929, ""WATER"": 851, ""WEST"": 1098}","{""BUY_ANIMAL"": 14, ""BUY_LAND"": 2, ""BUY_PRODUCT"": 279, ""BUY_SEED"": 54, ""HIRE"": 306, ""SELL"": 377}","{""BUY_ANIMAL:COW"": 8, ""BUY_ANIMAL:SHEEP"": 6, ""BUY_PRODUCT:WHEAT"": 967, ""BUY_SEED:MELON"": 21, ""BUY_SEED:STRAWBERRY"": 44, ""BUY_SEED:WHEAT"": 66, ""SELL:CARROT"": 13, ""SELL:EGG"": 8, ""SELL:FERTILIZER"": 406, ""SELL:MELON"": 182, ""SELL:MILK"": 413, ""SELL:STRAWBERRY"": 390, ""SELL:TOMATO"": 4, ""SELL:WHEAT"": 1108, ""SELL:WOOL"": 251}",182,68,13585.0,0,199.77941176470588,390,223,50640.0,0,227.08520179372198,413,186,37116.0,0,199.5483870967742,251,100,9621.0,24,96.21,2006.0,1941.0,navazsh_fathi
90127343,1934415223,0,fixed_lucien_de_rubempre,standard_converged,142223.0,138774.0,3449.0,win,1,2.6758995420095744,719,0,0,0.011041,0.04765420000000001,0.08060044000000006,0.19325,"{""BUILD_PASTURE"": 14, ""CARE"": 308, ""COLLECT_FERTILIZER"": 318, ""DIG"": 25, ""DROP"": 80, ""EAST"": 857, ""FEED"": 319, ""FERTILIZE"": 107, ""HARVEST"": 338, ""NORTH"": 1236, ""PASS"": 377, ""PICKUP"": 339, ""PLACE"": 27, ""PLANT"": 131, ""SOUTH"": 929, ""WATER"": 851, ""WEST"": 1098}","{""BUY_ANIMAL"": 14, ""BUY_LAND"": 2, ""BUY_PRODUCT"": 279, ""BUY_SEED"": 54, ""HIRE"": 306, ""SELL"": 418}","{""BUY_ANIMAL:COW"": 8, ""BUY_ANIMAL:SHEEP"": 6, ""BUY_PRODUCT:WHEAT"": 967, ""BUY_SEED:MELON"": 21, ""BUY_SEED:STRAWBERRY"": 44, ""BUY_SEED:WHEAT"": 66, ""SELL:CARROT"": 13, ""SELL:EGG"": 8, ""SELL:FERTILIZER"": 406, ""SELL:MELON"": 197, ""SELL:MILK"": 543, ""SELL:STRAWBERRY"": 536, ""SELL:TOMATO"": 4, ""SELL:WHEAT"": 1108, ""SELL:WOOL"": 300}",197,68,13585.0,0,199.77941176470588,536,221,50000.0,0,226.2443438914027,543,184,36159.0,0,196.5163043478261,300,100,9287.0,21,92.87,2006.0,1443.0,lucien_de_rubempre
90127343,1934415223,1,control_v012,reduced_ne_only,179242.0,11482.0,167760.0,win,1,2.0110124589991756,719,0,0,0.00825,0.05682020000000001,0.1925168800000013,0.378875,"{""BUILD_PASTURE"": 14, ""CARE"": 308, ""COLLECT_FERTILIZER"": 318, ""DIG"": 25, ""DROP"": 80, ""EAST"": 857, ""FEED"": 319, ""FERTILIZE"": 107, ""HARVEST"": 338, ""NORTH"": 1236, ""PASS"": 377, ""PICKUP"": 339, ""PLACE"": 27, ""PLANT"": 131, ""SOUTH"": 929, ""WATER"": 851, ""WEST"": 1098}","{""BUY_ANIMAL"": 14, ""BUY_LAND"": 2, ""BUY_PRODUCT"": 279, ""BUY_SEED"": 54, ""HIRE"": 306, ""SELL"": 481}","{""BUY_ANIMAL:COW"": 8, ""BUY_ANIMAL:SHEEP"": 6, ""BUY_PRODUCT:WHEAT"": 967, ""BUY_SEED:MELON"": 21, ""BUY_SEED:STRAWBERRY"": 44, ""BUY_SEED:WHEAT"": 66, ""SELL:CARROT"": 13, ""SELL:EGG"": 8, ""SELL:FERTILIZER"": 445, ""SELL:MELON"": 224, ""SELL:MILK"": 682, ""SELL:STRAWBERRY"": 636, ""SELL:TOMATO"": 4, ""SELL:WHEAT"": 1108, ""SELL:WOOL"": 373}",224,68,17902.0,0,263.2647058823529,636,216,50861.0,0,235.46759259259258,682,183,43082.0,0,235.4207650273224,373,100,23335.0,0,233.35,167760.0,0.0,
90127343,1934415223,1,fixed_mohit,reduced_ne_only,179332.0,11484.0,167848.0,win,1,3.2839464580029016,719,0,0,0.010458,0.05721190000000001,0.07358044000000014,0.22625,"{""BUILD_PASTURE"": 14, ""CARE"": 308, ""COLLECT_FERTILIZER"": 318, ""DIG"": 25, ""DROP"": 80, ""EAST"": 857, ""FEED"": 319, ""FERTILIZE"": 107, ""HARVEST"": 338, ""NORTH"": 1236, ""PASS"": 377, ""PICKUP"": 339, ""PLACE"": 27, ""PLANT"": 131, ""SOUTH"": 929, ""WATER"": 851, ""WEST"": 1098}","{""BUY_ANIMAL"": 14, ""BUY_LAND"": 2, ""BUY_PRODUCT"": 279, ""BUY_SEED"": 54, ""HIRE"": 306, ""SELL"": 469}","{""BUY_ANIMAL:COW"": 8, ""BUY_ANIMAL:SHEEP"": 6, ""BUY_PRODUCT:WHEAT"": 967, ""BUY_SEED:MELON"": 21, ""BUY_SEED:STRAWBERRY"": 44, ""BUY_SEED:WHEAT"": 66, ""SELL:CARROT"": 13, ""SELL:EGG"": 8, ""SELL:FERTILIZER"": 445, ""SELL:MELON"": 216, ""SELL:MILK"": 642, ""SELL:STRAWBERRY"": 609, ""SELL:TOMATO"": 4, ""SELL:WHEAT"": 1108, ""SELL:WOOL"": 349}",216,68,17902.0,0,263.2647058823529,609,216,50865.0,0,235.48611111111111,642,184,43415.0,0,235.95108695652175,349,100,23335.0,0,233.35,167760.0,88.0,mohit
90127343,1934415223,1,fixed_automatylicza,reduced_ne_only,179242.0,11482.0,167760.0,win,1,3.259213916011504,719,0,0,0.010458,0.06377110000000002,0.0843555600000001,0.26775,"{""BUILD_PASTURE"": 14, ""CARE"": 308, ""COLLECT_FERTILIZER"": 318, ""DIG"": 25, ""DROP"": 80, ""EAST"": 857, ""FEED"": 319, ""FERTILIZE"": 107, ""HARVEST"": 338, ""NORTH"": 1236, ""PASS"": 377, ""PICKUP"": 339, ""PLACE"": 27, ""PLANT"": 131, ""SOUTH"": 929, ""WATER"": 851, ""WEST"": 1098}","{""BUY_ANIMAL"": 14, ""BUY_LAND"": 2, ""BUY_PRODUCT"": 279, ""BUY_SEED"": 54, ""HIRE"": 306, ""SELL"": 481}","{""BUY_ANIMAL:COW"": 8, ""BUY_ANIMAL:SHEEP"": 6, ""BUY_PRODUCT:WHEAT"": 967, ""BUY_SEED:MELON"": 21, ""BUY_SEED:STRAWBERRY"": 44, ""BUY_SEED:WHEAT"": 66, ""SELL:CARROT"": 13, ""SELL:EGG"": 8, ""SELL:FERTILIZER"": 445, ""SELL:MELON"": 224, ""SELL:MILK"": 682, ""SELL:STRAWBERRY"": 636, ""SELL:TOMATO"": 4, ""SELL:WHEAT"": 1108, ""SELL:WOOL"": 373}",224,68,17902.0,0,263.2647058823529,636,216,50861.0,0,235.46759259259258,682,183,43082.0,0,235.4207650273224,373,100,23335.0,0,233.35,167760.0,0.0,automatylicza
90127343,1934415223,1,fixed_manual_player,reduced_ne_only,179467.0,11509.0,167958.0,win,1,3.2639029169949936,719,0,0,0.010292,0.0557285000000001,0.08152444000000003,0.302,"{""BUILD_PASTURE"": 14, ""CARE"": 308, ""COLLECT_FERTILIZER"": 318, ""DIG"": 25, ""DROP"": 80, ""EAST"": 857, ""FEED"": 319, ""FERTILIZE"": 107, ""HARVEST"": 338, ""NORTH"": 1236, ""PASS"": 377, ""PICKUP"": 339, ""PLACE"": 27, ""PLANT"": 131, ""SOUTH"": 929, ""WATER"": 851, ""WEST"": 1098}","{""BUY_ANIMAL"": 14, ""BUY_LAND"": 2, ""BUY_PRODUCT"": 279, ""BUY_SEED"": 54, ""HIRE"": 306, ""SELL"": 440}","{""BUY_ANIMAL:COW"": 8, ""BUY_ANIMAL:SHEEP"": 6, ""BUY_PRODUCT:WHEAT"": 967, ""BUY_SEED:MELON"": 21, ""BUY_SEED:STRAWBERRY"": 44, ""BUY_SEED:WHEAT"": 66, ""SELL:CARROT"": 13, ""SELL:EGG"": 8, ""SELL:FERTILIZER"": 445, ""SELL:MELON"": 215, ""SELL:MILK"": 560, ""SELL:STRAWBERRY"": 550, ""SELL:TOMATO"": 4, ""SELL:WHEAT"": 1108, ""SELL:WOOL"": 323}",215,68,17902.0,0,263.2647058823529,550,216,50925.0,0,235.76388888888889,560,186,43851.0,0,235.75806451612902,323,100,23366.0,0,233.66,167760.0,198.0,manual_player
90127343,1934415223,1,fixed_navazsh_fathi,reduced_ne_only,181416.0,12112.0,169304.0,win,1,2.007374124994385,719,0,0,0.010667,0.06283340000000003,0.15454562000000321,0.339833,"{""BUILD_PASTURE"": 14, ""CARE"": 308, ""COLLECT_FERTILIZER"": 318, ""DIG"": 25, ""DROP"": 80, ""EAST"": 857, ""FEED"": 319, ""FERTILIZE"": 107, ""HARVEST"": 338, ""NORTH"": 1236, ""PASS"": 377, ""PICKUP"": 339, ""PLACE"": 27, ""PLANT"": 131, ""SOUTH"": 929, ""WATER"": 851, ""WEST"": 1098}","{""BUY_ANIMAL"": 14, ""BUY_LAND"": 2, ""BUY_PRODUCT"": 279, ""BUY_SEED"": 54, ""HIRE"": 306, ""SELL"": 377}","{""BUY_ANIMAL:COW"": 8, ""BUY_ANIMAL:SHEEP"": 6, ""BUY_PRODUCT:WHEAT"": 967, ""BUY_SEED:MELON"": 21, ""BUY_SEED:STRAWBERRY"": 44, ""BUY_SEED:WHEAT"": 66, ""SELL:CARROT"": 13, ""SELL:EGG"": 8, ""SELL:FERTILIZER"": 406, ""SELL:MELON"": 182, ""SELL:MILK"": 413, ""SELL:STRAWBERRY"": 390, ""SELL:TOMATO"": 4, ""SELL:WHEAT"": 1108, ""SELL:WOOL"": 251}",182,68,17936.0,0,263.7647058823529,390,223,52879.0,0,237.1255605381166,413,186,44190.0,0,237.58064516129033,251,100,23467.0,0,234.67,167760.0,1544.0,navazsh_fathi
90127343,1934415223,1,fixed_lucien_de_rubempre,reduced_ne_only,87723.0,131038.0,-43315.0,loss,1,2.5427916670014383,719,0,41,0.010208,0.0463875,0.07288394000000002,0.104917,"{""BUILD_PASTURE"": 14, ""CARE"": 308, ""COLLECT_FERTILIZER"": 318, ""DIG"": 25, ""DROP"": 80, ""EAST"": 857, ""FEED"": 319, ""FERTILIZE"": 107, ""HARVEST"": 338, ""NORTH"": 1236, ""PASS"": 377, ""PICKUP"": 339, ""PLACE"": 27, ""PLANT"": 131, ""SOUTH"": 929, ""WATER"": 851, ""WEST"": 1098}","{""BUY_ANIMAL"": 14, ""BUY_LAND"": 2, ""BUY_PRODUCT"": 279, ""BUY_SEED"": 54, ""HIRE"": 306, ""SELL"": 418}","{""BUY_ANIMAL:COW"": 8, ""BUY_ANIMAL:SHEEP"": 6, ""BUY_PRODUCT:WHEAT"": 967, ""BUY_SEED:MELON"": 21, ""BUY_SEED:STRAWBERRY"": 44, ""BUY_SEED:WHEAT"": 66, ""SELL:CARROT"": 13, ""SELL:EGG"": 8, ""SELL:FERTILIZER"": 406, ""SELL:MELON"": 197, ""SELL:MILK"": 543, ""SELL:STRAWBERRY"": 536, ""SELL:TOMATO"": 4, ""SELL:WHEAT"": 1108, ""SELL:WOOL"": 300}",197,55,12342.0,0,224.4,536,149,30372.0,0,203.83892617449663,543,162,18630.0,0,115.0,300,36,6983.0,0,193.97222222222223,167760.0,-211075.0,lucien_de_rubempre
90128745,1684033547,0,control_v012,standard_converged,154170.0,153085.0,1085.0,win,1,2.6577190829993924,719,0,0,0.008916,0.061125,0.14684144000000293,0.29425,"{""BUILD_PASTURE"": 14, ""CARE"": 308, ""COLLECT_FERTILIZER"": 318, ""DIG"": 25, ""DROP"": 80, ""EAST"": 857, ""FEED"": 319, ""FERTILIZE"": 107, ""HARVEST"": 338, ""NORTH"": 1236, ""PASS"": 377, ""PICKUP"": 339, ""PLACE"": 27, ""PLANT"": 131, ""SOUTH"": 929, ""WATER"": 851, ""WEST"": 1098}","{""BUY_ANIMAL"": 14, ""BUY_LAND"": 2, ""BUY_PRODUCT"": 279, ""BUY_SEED"": 54, ""HIRE"": 306, ""SELL"": 481}","{""BUY_ANIMAL:COW"": 8, ""BUY_ANIMAL:SHEEP"": 6, ""BUY_PRODUCT:WHEAT"": 967, ""BUY_SEED:MELON"": 21, ""BUY_SEED:STRAWBERRY"": 44, ""BUY_SEED:WHEAT"": 66, ""SELL:CARROT"": 13, ""SELL:EGG"": 8, ""SELL:FERTILIZER"": 445, ""SELL:MELON"": 224, ""SELL:MILK"": 682, ""SELL:STRAWBERRY"": 636, ""SELL:TOMATO"": 4, ""SELL:WHEAT"": 1108, ""SELL:WOOL"": 373}",224,68,13874.0,0,204.02941176470588,636,216,43510.0,0,201.4351851851852,682,183,35172.0,0,192.19672131147541,373,100,23983.0,0,239.83,1085.0,0.0,
90128745,1684033547,0,fixed_mohit,standard_converged,153682.0,153737.0,-55.0,loss,1,2.672248207993107,719,0,0,0.011167,0.050529100000000035,0.07924618000000001,0.262333,"{""BUILD_PASTURE"": 14, ""CARE"": 308, ""COLLECT_FERTILIZER"": 318, ""DIG"": 25, ""DROP"": 80, ""EAST"": 857, ""FEED"": 319, ""FERTILIZE"": 107, ""HARVEST"": 338, ""NORTH"": 1236, ""PASS"": 377, ""PICKUP"": 339, ""PLACE"": 27, ""PLANT"": 131, ""SOUTH"": 929, ""WATER"": 851, ""WEST"": 1098}","{""BUY_ANIMAL"": 14, ""BUY_LAND"": 2, ""BUY_PRODUCT"": 279, ""BUY_SEED"": 54, ""HIRE"": 306, ""SELL"": 469}","{""BUY_ANIMAL:COW"": 8, ""BUY_ANIMAL:SHEEP"": 6, ""BUY_PRODUCT:WHEAT"": 967, ""BUY_SEED:MELON"": 21, ""BUY_SEED:STRAWBERRY"": 44, ""BUY_SEED:WHEAT"": 66, ""SELL:CARROT"": 13, ""SELL:EGG"": 8, ""SELL:FERTILIZER"": 445, ""SELL:MELON"": 216, ""SELL:MILK"": 642, ""SELL:STRAWBERRY"": 609, ""SELL:TOMATO"": 4, ""SELL:WHEAT"": 1108, ""SELL:WOOL"": 349}",216,68,13844.0,0,203.58823529411765,609,216,43458.0,0,201.19444444444446,642,184,34978.0,0,190.09782608695653,349,100,23960.0,0,239.6,1085.0,-1140.0,mohit
90128745,1684033547,0,fixed_automatylicza,standard_converged,154170.0,153085.0,1085.0,win,1,2.6605088749929564,719,0,0,0.010167,0.054799400000000005,0.07499738000000003,0.3725,"{""BUILD_PASTURE"": 14, ""CARE"": 308, ""COLLECT_FERTILIZER"": 318, ""DIG"": 25, ""DROP"": 80, ""EAST"": 857, ""FEED"": 319, ""FERTILIZE"": 107, ""HARVEST"": 338, ""NORTH"": 1236, ""PASS"": 377, ""PICKUP"": 339, ""PLACE"": 27, ""PLANT"": 131, ""SOUTH"": 929, ""WATER"": 851, ""WEST"": 1098}","{""BUY_ANIMAL"": 14, ""BUY_LAND"": 2, ""BUY_PRODUCT"": 279, ""BUY_SEED"": 54, ""HIRE"": 306, ""SELL"": 481}","{""BUY_ANIMAL:COW"": 8, ""BUY_ANIMAL:SHEEP"": 6, ""BUY_PRODUCT:WHEAT"": 967, ""BUY_SEED:MELON"": 21, ""BUY_SEED:STRAWBERRY"": 44, ""BUY_SEED:WHEAT"": 66, ""SELL:CARROT"": 13, ""SELL:EGG"": 8, ""SELL:FERTILIZER"": 445, ""SELL:MELON"": 224, ""SELL:MILK"": 682, ""SELL:STRAWBERRY"": 636, ""SELL:TOMATO"": 4, ""SELL:WHEAT"": 1108, ""SELL:WOOL"": 373}",224,68,13874.0,0,204.02941176470588,636,216,43510.0,0,201.4351851851852,682,183,35172.0,0,192.19672131147541,373,100,23983.0,0,239.83,1085.0,0.0,automatylicza
90128745,1684033547,0,fixed_manual_player,standard_converged,152931.0,154740.0,-1809.0,loss,1,2.667107291999855,719,0,0,0.011459,0.0477455,0.08163694,0.174625,"{""BUILD_PASTURE"": 14, ""CARE"": 308, ""COLLECT_FERTILIZER"": 318, ""DIG"": 25, ""DROP"": 80, ""EAST"": 857, ""FEED"": 319, ""FERTILIZE"": 107, ""HARVEST"": 338, ""NORTH"": 1236, ""PASS"": 377, ""PICKUP"": 339, ""PLACE"": 27, ""PLANT"": 131, ""SOUTH"": 929, ""WATER"": 851, ""WEST"": 1098}","{""BUY_ANIMAL"": 14, ""BUY_LAND"": 2, ""BUY_PRODUCT"": 279, ""BUY_SEED"": 54, ""HIRE"": 306, ""SELL"": 440}","{""BUY_ANIMAL:COW"": 8, ""BUY_ANIMAL:SHEEP"": 6, ""BUY_PRODUCT:WHEAT"": 967, ""BUY_SEED:MELON"": 21, ""BUY_SEED:STRAWBERRY"": 44, ""BUY_SEED:WHEAT"": 66, ""SELL:CARROT"": 13, ""SELL:EGG"": 8, ""SELL:FERTILIZER"": 445, ""SELL:MELON"": 215, ""SELL:MILK"": 560, ""SELL:STRAWBERRY"": 550, ""SELL:TOMATO"": 4, ""SELL:WHEAT"": 1108, ""SELL:WOOL"": 323}",215,68,13888.0,0,204.23529411764707,550,216,43167.0,0,199.84722222222223,560,186,34929.0,0,187.79032258064515,323,100,23955.0,0,239.55,1085.0,-2894.0,manual_player
90128745,1684033547,0,fixed_navazsh_fathi,standard_converged,154638.0,155600.0,-962.0,loss,1,2.6672838749946095,719,0,0,0.011084,0.04816670000000006,0.0763525,0.211125,"{""BUILD_PASTURE"": 14, ""CARE"": 308, ""COLLECT_FERTILIZER"": 318, ""DIG"": 25, ""DROP"": 80, ""EAST"": 857, ""FEED"": 319, ""FERTILIZE"": 107, ""HARVEST"": 338, ""NORTH"": 1236, ""PASS"": 377, ""PICKUP"": 339, ""PLACE"": 27, ""PLANT"": 131, ""SOUTH"": 929, ""WATER"": 851, ""WEST"": 1098}","{""BUY_ANIMAL"": 14, ""BUY_LAND"": 2, ""BUY_PRODUCT"": 279, ""BUY_SEED"": 54, ""HIRE"": 306, ""SELL"": 377}","{""BUY_ANIMAL:COW"": 8, ""BUY_ANIMAL:SHEEP"": 6, ""BUY_PRODUCT:WHEAT"": 967, ""BUY_SEED:MELON"": 21, ""BUY_SEED:STRAWBERRY"": 44, ""BUY_SEED:WHEAT"": 66, ""SELL:CARROT"": 13, ""SELL:EGG"": 8, ""SELL:FERTILIZER"": 406, ""SELL:MELON"": 182, ""SELL:MILK"": 413, ""SELL:STRAWBERRY"": 390, ""SELL:TOMATO"": 4, ""SELL:WHEAT"": 1108, ""SELL:WOOL"": 251}",182,68,13741.0,0,202.0735294117647,390,223,44418.0,0,199.18385650224215,413,186,35870.0,0,192.8494623655914,251,100,23990.0,0,239.9,1085.0,-2047.0,navazsh_fathi
90128745,1684033547,0,fixed_lucien_de_rubempre,standard_converged,153653.0,155179.0,-1526.0,loss,1,2.663783625001088,719,0,0,0.010958,0.049066600000000016,0.07857138000000007,0.219708,"{""BUILD_PASTURE"": 14, ""CARE"": 308, ""COLLECT_FERTILIZER"": 318, ""DIG"": 25, ""DROP"": 80, ""EAST"": 857, ""FEED"": 319, ""FERTILIZE"": 107, ""HARVEST"": 338, ""NORTH"": 1236, ""PASS"": 377, ""PICKUP"": 339, ""PLACE"": 27, ""PLANT"": 131, ""SOUTH"": 929, ""WATER"": 851, ""WEST"": 1098}","{""BUY_ANIMAL"": 14, ""BUY_LAND"": 2, ""BUY_PRODUCT"": 279, ""BUY_SEED"": 54, ""HIRE"": 306, ""SELL"": 418}","{""BUY_ANIMAL:COW"": 8, ""BUY_ANIMAL:SHEEP"": 6, ""BUY_PRODUCT:WHEAT"": 967, ""BUY_SEED:MELON"": 21, ""BUY_SEED:STRAWBERRY"": 44, ""BUY_SEED:WHEAT"": 66, ""SELL:CARROT"": 13, ""SELL:EGG"": 8, ""SELL:FERTILIZER"": 406, ""SELL:MELON"": 197, ""SELL:MILK"": 543, ""SELL:STRAWBERRY"": 536, ""SELL:TOMATO"": 4, ""SELL:WHEAT"": 1108, ""SELL:WOOL"": 300}",197,68,13741.0,0,202.0735294117647,536,221,43725.0,0,197.85067873303169,543,184,34727.0,0,188.7336956521739,300,100,23950.0,0,239.5,1085.0,-2611.0,lucien_de_rubempre
90128745,1684033547,1,control_v012,standard_converged,113949.0,118144.0,-4195.0,loss,1,2.6826197499904083,719,0,0,0.0085,0.04779970000000005,0.07394556000000008,0.320458,"{""BUILD_PASTURE"": 14, ""CARE"": 308, ""COLLECT_FERTILIZER"": 318, ""DIG"": 25, ""DROP"": 80, ""EAST"": 857, ""FEED"": 319, ""FERTILIZE"": 107, ""HARVEST"": 338, ""NORTH"": 1236, ""PASS"": 377, ""PICKUP"": 339, ""PLACE"": 27, ""PLANT"": 131, ""SOUTH"": 929, ""WATER"": 851, ""WEST"": 1098}","{""BUY_ANIMAL"": 14, ""BUY_LAND"": 2, ""BUY_PRODUCT"": 279, ""BUY_SEED"": 54, ""HIRE"": 306, ""SELL"": 481}","{""BUY_ANIMAL:COW"": 8, ""BUY_ANIMAL:SHEEP"": 6, ""BUY_PRODUCT:WHEAT"": 967, ""BUY_SEED:MELON"": 21, ""BUY_SEED:STRAWBERRY"": 44, ""BUY_SEED:WHEAT"": 66, ""SELL:CARROT"": 13, ""SELL:EGG"": 8, ""SELL:FERTILIZER"": 445, ""SELL:MELON"": 224, ""SELL:MILK"": 682, ""SELL:STRAWBERRY"": 636, ""SELL:TOMATO"": 4, ""SELL:WHEAT"": 1108, ""SELL:WOOL"": 373}",224,62,12170.0,0,196.29032258064515,636,216,36612.0,0,169.5,682,183,8791.0,29,48.03825136612022,373,100,24179.0,0,241.79,-4195.0,0.0,
90128745,1684033547,1,fixed_mohit,standard_converged,113777.0,117999.0,-4222.0,loss,1,2.6918396249966463,719,0,0,0.011166,0.04905890000000008,0.0882605000000005,0.241042,"{""BUILD_PASTURE"": 14, ""CARE"": 308, ""COLLECT_FERTILIZER"": 318, ""DIG"": 25, ""DROP"": 80, ""EAST"": 857, ""FEED"": 319, ""FERTILIZE"": 107, ""HARVEST"": 338, ""NORTH"": 1236, ""PASS"": 377, ""PICKUP"": 339, ""PLACE"": 27, ""PLANT"": 131, ""SOUTH"": 929, ""WATER"": 851, ""WEST"": 1098}","{""BUY_ANIMAL"": 14, ""BUY_LAND"": 2, ""BUY_PRODUCT"": 279, ""BUY_SEED"": 54, ""HIRE"": 306, ""SELL"": 469}","{""BUY_ANIMAL:COW"": 8, ""BUY_ANIMAL:SHEEP"": 6, ""BUY_PRODUCT:WHEAT"": 967, ""BUY_SEED:MELON"": 21, ""BUY_SEED:STRAWBERRY"": 44, ""BUY_SEED:WHEAT"": 66, ""SELL:CARROT"": 13, ""SELL:EGG"": 8, ""SELL:FERTILIZER"": 445, ""SELL:MELON"": 216, ""SELL:MILK"": 642, ""SELL:STRAWBERRY"": 609, ""SELL:TOMATO"": 4, ""SELL:WHEAT"": 1108, ""SELL:WOOL"": 349}",216,62,12170.0,0,196.29032258064515,609,216,36617.0,0,169.52314814814815,642,184,8621.0,29,46.85326086956522,349,100,24179.0,0,241.79,-4195.0,-27.0,mohit
90128745,1684033547,1,fixed_automatylicza,standard_converged,113949.0,118144.0,-4195.0,loss,1,2.691047083993908,719,0,0,0.011041,0.048796200000000005,0.07953938000000003,0.256708,"{""BUILD_PASTURE"": 14, ""CARE"": 308, ""COLLECT_FERTILIZER"": 318, ""DIG"": 25, ""DROP"": 80, ""EAST"": 857, ""FEED"": 319, ""FERTILIZE"": 107, ""HARVEST"": 338, ""NORTH"": 1236, ""PASS"": 377, ""PICKUP"": 339, ""PLACE"": 27, ""PLANT"": 131, ""SOUTH"": 929, ""WATER"": 851, ""WEST"": 1098}","{""BUY_ANIMAL"": 14, ""BUY_LAND"": 2, ""BUY_PRODUCT"": 279, ""BUY_SEED"": 54, ""HIRE"": 306, ""SELL"": 481}","{""BUY_ANIMAL:COW"": 8, ""BUY_ANIMAL:SHEEP"": 6, ""BUY_PRODUCT:WHEAT"": 967, ""BUY_SEED:MELON"": 21, ""BUY_SEED:STRAWBERRY"": 44, ""BUY_SEED:WHEAT"": 66, ""SELL:CARROT"": 13, ""SELL:EGG"": 8, ""SELL:FERTILIZER"": 445, ""SELL:MELON"": 224, ""SELL:MILK"": 682, ""SELL:STRAWBERRY"": 636, ""SELL:TOMATO"": 4, ""SELL:WHEAT"": 1108, ""SELL:WOOL"": 373}",224,62,12170.0,0,196.29032258064515,636,216,36612.0,0,169.5,682,183,8791.0,29,48.03825136612022,373,100,24179.0,0,241.79,-4195.0,0.0,automatylicza
90128745,1684033547,1,fixed_manual_player,standard_converged,114304.0,118048.0,-3744.0,loss,1,2.6891742080042604,719,0,0,0.011417,0.05364200000000002,0.08019444000000003,0.30425,"{""BUILD_PASTURE"": 14, ""CARE"": 308, ""COLLECT_FERTILIZER"": 318, ""DIG"": 25, ""DROP"": 80, ""EAST"": 857, ""FEED"": 319, ""FERTILIZE"": 107, ""HARVEST"": 338, ""NORTH"": 1236, ""PASS"": 377, ""PICKUP"": 339, ""PLACE"": 27, ""PLANT"": 131, ""SOUTH"": 929, ""WATER"": 851, ""WEST"": 1098}","{""BUY_ANIMAL"": 14, ""BUY_LAND"": 2, ""BUY_PRODUCT"": 279, ""BUY_SEED"": 54, ""HIRE"": 306, ""SELL"": 440}","{""BUY_ANIMAL:COW"": 8, ""BUY_ANIMAL:SHEEP"": 6, ""BUY_PRODUCT:WHEAT"": 967, ""BUY_SEED:MELON"": 21, ""BUY_SEED:STRAWBERRY"": 44, ""BUY_SEED:WHEAT"": 66, ""SELL:CARROT"": 13, ""SELL:EGG"": 8, ""SELL:FERTILIZER"": 445, ""SELL:MELON"": 215, ""SELL:MILK"": 560, ""SELL:STRAWBERRY"": 550, ""SELL:TOMATO"": 4, ""SELL:WHEAT"": 1108, ""SELL:WOOL"": 323}",215,62,12170.0,0,196.29032258064515,550,216,36938.0,0,171.00925925925927,560,186,9092.0,29,48.88172043010753,323,100,24193.0,0,241.93,-4195.0,451.0,manual_player
90128745,1684033547,1,fixed_navazsh_fathi,standard_converged,115400.0,117763.0,-2363.0,loss,1,2.696661624999251,719,0,0,0.011333,0.054120200000000014,0.08738700000000042,0.229458,"{""BUILD_PASTURE"": 14, ""CARE"": 308, ""COLLECT_FERTILIZER"": 318, ""DIG"": 25, ""DROP"": 80, ""EAST"": 857, ""FEED"": 319, ""FERTILIZE"": 107, ""HARVEST"": 338, ""NORTH"": 1236, ""PASS"": 377, ""PICKUP"": 339, ""PLACE"": 27, ""PLANT"": 131, ""SOUTH"": 929, ""WATER"": 851, ""WEST"": 1098}","{""BUY_ANIMAL"": 14, ""BUY_LAND"": 2, ""BUY_PRODUCT"": 279, ""BUY_SEED"": 54, ""HIRE"": 306, ""SELL"": 377}","{""BUY_ANIMAL:COW"": 8, ""BUY_ANIMAL:SHEEP"": 6, ""BUY_PRODUCT:WHEAT"": 967, ""BUY_SEED:MELON"": 21, ""BUY_SEED:STRAWBERRY"": 44, ""BUY_SEED:WHEAT"": 66, ""SELL:CARROT"": 13, ""SELL:EGG"": 8, ""SELL:FERTILIZER"": 406, ""SELL:MELON"": 182, ""SELL:MILK"": 413, ""SELL:STRAWBERRY"": 390, ""SELL:TOMATO"": 4, ""SELL:WHEAT"": 1108, ""SELL:WOOL"": 251}",182,62,12206.0,0,196.8709677419355,390,223,38277.0,0,171.6457399103139,413,185,9441.0,16,51.03243243243243,251,100,24237.0,0,242.37,-4195.0,1832.0,navazsh_fathi
90128745,1684033547,1,fixed_lucien_de_rubempre,standard_converged,114285.0,117572.0,-3287.0,loss,1,2.692384999987553,719,0,0,0.011292,0.048325000000000014,0.08093688000000003,0.317125,"{""BUILD_PASTURE"": 14, ""CARE"": 308, ""COLLECT_FERTILIZER"": 318, ""DIG"": 25, ""DROP"": 80, ""EAST"": 857, ""FEED"": 319, ""FERTILIZE"": 107, ""HARVEST"": 338, ""NORTH"": 1236, ""PASS"": 377, ""PICKUP"": 339, ""PLACE"": 27, ""PLANT"": 131, ""SOUTH"": 929, ""WATER"": 851, ""WEST"": 1098}","{""BUY_ANIMAL"": 14, ""BUY_LAND"": 2, ""BUY_PRODUCT"": 279, ""BUY_SEED"": 54, ""HIRE"": 306, ""SELL"": 418}","{""BUY_ANIMAL:COW"": 8, ""BUY_ANIMAL:SHEEP"": 6, ""BUY_PRODUCT:WHEAT"": 967, ""BUY_SEED:MELON"": 21, ""BUY_SEED:STRAWBERRY"": 44, ""BUY_SEED:WHEAT"": 66, ""SELL:CARROT"": 13, ""SELL:EGG"": 8, ""SELL:FERTILIZER"": 406, ""SELL:MELON"": 197, ""SELL:MILK"": 543, ""SELL:STRAWBERRY"": 536, ""SELL:TOMATO"": 4, ""SELL:WHEAT"": 1108, ""SELL:WOOL"": 300}",197,62,12206.0,0,196.8709677419355,536,221,37111.0,0,167.92307692307693,543,184,8825.0,24,47.96195652173913,300,100,24211.0,0,242.11,-4195.0,908.0,lucien_de_rubempre
90128767,1856099072,0,control_v012,standard_converged,104402.0,109222.0,-4820.0,loss,1,2.6674375830043573,719,0,0,0.009167,0.046,0.07730432000000004,0.222917,"{""BUILD_PASTURE"": 14, ""CARE"": 308, ""COLLECT_FERTILIZER"": 318, ""DIG"": 25, ""DROP"": 80, ""EAST"": 857, ""FEED"": 319, ""FERTILIZE"": 107, ""HARVEST"": 338, ""NORTH"": 1236, ""PASS"": 377, ""PICKUP"": 339, ""PLACE"": 27, ""PLANT"": 131, ""SOUTH"": 929, ""WATER"": 851, ""WEST"": 1098}","{""BUY_ANIMAL"": 14, ""BUY_LAND"": 2, ""BUY_PRODUCT"": 279, ""BUY_SEED"": 54, ""HIRE"": 306, ""SELL"": 458}","{""BUY_ANIMAL:COW"": 8, ""BUY_ANIMAL:SHEEP"": 6, ""BUY_PRODUCT:WHEAT"": 967, ""BUY_SEED:MELON"": 21, ""BUY_SEED:STRAWBERRY"": 44, ""BUY_SEED:WHEAT"": 66, ""SELL:CARROT"": 13, ""SELL:EGG"": 8, ""SELL:FERTILIZER"": 444, ""SELL:MELON"": 224, ""SELL:MILK"": 644, ""SELL:STRAWBERRY"": 595, ""SELL:TOMATO"": 4, ""SELL:WHEAT"": 1108, ""SELL:WOOL"": 354}",224,68,13559.0,0,199.39705882352942,595,217,19959.0,31,91.97695852534562,644,183,31353.0,0,171.327868852459,354,100,12764.0,1,127.64,-4820.0,0.0,
90128767,1856099072,0,fixed_mohit,standard_converged,106177.0,110670.0,-4493.0,loss,1,2.666483499997412,719,0,0,0.011042,0.0512205,0.0801288800000001,0.234125,"{""BUILD_PASTURE"": 14, ""CARE"": 308, ""COLLECT_FERTILIZER"": 318, ""DIG"": 25, ""DROP"": 80, ""EAST"": 857, ""FEED"": 319, ""FERTILIZE"": 107, ""HARVEST"": 338, ""NORTH"": 1236, ""PASS"": 377, ""PICKUP"": 339, ""PLACE"": 27, ""PLANT"": 131, ""SOUTH"": 929, ""WATER"": 851, ""WEST"": 1098}","{""BUY_ANIMAL"": 14, ""BUY_LAND"": 2, ""BUY_PRODUCT"": 279, ""BUY_SEED"": 54, ""HIRE"": 306, ""SELL"": 469}","{""BUY_ANIMAL:COW"": 8, ""BUY_ANIMAL:SHEEP"": 6, ""BUY_PRODUCT:WHEAT"": 967, ""BUY_SEED:MELON"": 21, ""BUY_SEED:STRAWBERRY"": 44, ""BUY_SEED:WHEAT"": 66, ""SELL:CARROT"": 13, ""SELL:EGG"": 8, ""SELL:FERTILIZER"": 445, ""SELL:MELON"": 216, ""SELL:MILK"": 642, ""SELL:STRAWBERRY"": 609, ""SELL:TOMATO"": 4, ""SELL:WHEAT"": 1108, ""SELL:WOOL"": 349}",216,68,13559.0,0,199.39705882352942,609,216,19905.0,30,92.15277777777777,642,184,31722.0,0,172.40217391304347,349,100,13764.0,8,137.64,-4820.0,327.0,mohit
90128767,1856099072,0,fixed_automatylicza,standard_converged,105879.0,110626.0,-4747.0,loss,1,2.6766035000036936,719,0,0,0.010834,0.056354800000000115,0.09610944000000081,0.286709,"{""BUILD_PASTURE"": 14, ""CARE"": 308, ""COLLECT_FERTILIZER"": 318, ""DIG"": 25, ""DROP"": 80, ""EAST"": 857, ""FEED"": 319, ""FERTILIZE"": 107, ""HARVEST"": 338, ""NORTH"": 1236, ""PASS"": 377, ""PICKUP"": 339, ""PLACE"": 27, ""PLANT"": 131, ""SOUTH"": 929, ""WATER"": 851, ""WEST"": 1098}","{""BUY_ANIMAL"": 14, ""BUY_LAND"": 2, ""BUY_PRODUCT"": 279, ""BUY_SEED"": 54, ""HIRE"": 306, ""SELL"": 481}","{""BUY_ANIMAL:COW"": 8, ""BUY_ANIMAL:SHEEP"": 6, ""BUY_PRODUCT:WHEAT"": 967, ""BUY_SEED:MELON"": 21, ""BUY_SEED:STRAWBERRY"": 44, ""BUY_SEED:WHEAT"": 66, ""SELL:CARROT"": 13, ""SELL:EGG"": 8, ""SELL:FERTILIZER"": 445, ""SELL:MELON"": 224, ""SELL:MILK"": 682, ""SELL:STRAWBERRY"": 636, ""SELL:TOMATO"": 4, ""SELL:WHEAT"": 1108, ""SELL:WOOL"": 373}",224,68,13559.0,0,199.39705882352942,636,216,19900.0,30,92.12962962962963,682,183,31319.0,0,171.14207650273224,373,100,13702.0,9,137.02,-4820.0,73.0,automatylicza
90128767,1856099072,0,fixed_manual_player,standard_converged,105378.0,109811.0,-4433.0,loss,1,2.674850666997372,719,0,0,0.011208,0.05152050000000001,0.08058744000000012,0.22675,"{""BUILD_PASTURE"": 14, ""CARE"": 308, ""COLLECT_FERTILIZER"": 318, ""DIG"": 25, ""DROP"": 80, ""EAST"": 857, ""FEED"": 319, ""FERTILIZE"": 107, ""HARVEST"": 338, ""NORTH"": 1236, ""PASS"": 377, ""PICKUP"": 339, ""PLACE"": 27, ""PLANT"": 131, ""SOUTH"": 929, ""WATER"": 851, ""WEST"": 1098}","{""BUY_ANIMAL"": 14, ""BUY_LAND"": 2, ""BUY_PRODUCT"": 279, ""BUY_SEED"": 54, ""HIRE"": 306, ""SELL"": 440}","{""BUY_ANIMAL:COW"": 8, ""BUY_ANIMAL:SHEEP"": 6, ""BUY_PRODUCT:WHEAT"": 967, ""BUY_SEED:MELON"": 21, ""BUY_SEED:STRAWBERRY"": 44, ""BUY_SEED:WHEAT"": 66, ""SELL:CARROT"": 13, ""SELL:EGG"": 8, ""SELL:FERTILIZER"": 445, ""SELL:MELON"": 215, ""SELL:MILK"": 560, ""SELL:STRAWBERRY"": 550, ""SELL:TOMATO"": 4, ""SELL:WHEAT"": 1108, ""SELL:WOOL"": 323}",215,68,13515.0,0,198.75,550,216,19821.0,29,91.76388888888889,560,186,32304.0,0,173.67741935483872,323,100,13191.0,5,131.91,-4820.0,387.0,manual_player
90128767,1856099072,0,fixed_navazsh_fathi,standard_converged,107579.0,109696.0,-2117.0,loss,1,2.6769810840050923,719,0,0,0.011208,0.050412200000000046,0.08287256000000004,0.300041,"{""BUILD_PASTURE"": 14, ""CARE"": 308, ""COLLECT_FERTILIZER"": 318, ""DIG"": 25, ""DROP"": 80, ""EAST"": 857, ""FEED"": 319, ""FERTILIZE"": 107, ""HARVEST"": 338, ""NORTH"": 1236, ""PASS"": 377, ""PICKUP"": 339, ""PLACE"": 27, ""PLANT"": 131, ""SOUTH"": 929, ""WATER"": 851, ""WEST"": 1098}","{""BUY_ANIMAL"": 14, ""BUY_LAND"": 2, ""BUY_PRODUCT"": 279, ""BUY_SEED"": 54, ""HIRE"": 306, ""SELL"": 377}","{""BUY_ANIMAL:COW"": 8, ""BUY_ANIMAL:SHEEP"": 6, ""BUY_PRODUCT:WHEAT"": 967, ""BUY_SEED:MELON"": 21, ""BUY_SEED:STRAWBERRY"": 44, ""BUY_SEED:WHEAT"": 66, ""SELL:CARROT"": 13, ""SELL:EGG"": 8, ""SELL:FERTILIZER"": 406, ""SELL:MELON"": 182, ""SELL:MILK"": 413, ""SELL:STRAWBERRY"": 390, ""SELL:TOMATO"": 4, ""SELL:WHEAT"": 1108, ""SELL:WOOL"": 251}",182,68,13585.0,0,199.77941176470588,390,223,20058.0,31,89.94618834080717,413,186,33904.0,0,182.27956989247312,251,100,14299.0,1,142.99,-4820.0,2703.0,navazsh_fathi
90128767,1856099072,0,fixed_lucien_de_rubempre,standard_converged,106260.0,109860.0,-3600.0,loss,1,2.6552397920022486,719,0,0,0.010417,0.048737200000000064,0.07659306000000007,0.236667,"{""BUILD_PASTURE"": 14, ""CARE"": 308, ""COLLECT_FERTILIZER"": 318, ""DIG"": 25, ""DROP"": 80, ""EAST"": 857, ""FEED"": 319, ""FERTILIZE"": 107, ""HARVEST"": 338, ""NORTH"": 1236, ""PASS"": 377, ""PICKUP"": 339, ""PLACE"": 27, ""PLANT"": 131, ""SOUTH"": 929, ""WATER"": 851, ""WEST"": 1098}","{""BUY_ANIMAL"": 14, ""BUY_LAND"": 2, ""BUY_PRODUCT"": 279, ""BUY_SEED"": 54, ""HIRE"": 306, ""SELL"": 418}","{""BUY_ANIMAL:COW"": 8, ""BUY_ANIMAL:SHEEP"": 6, ""BUY_PRODUCT:WHEAT"": 967, ""BUY_SEED:MELON"": 21, ""BUY_SEED:STRAWBERRY"": 44, ""BUY_SEED:WHEAT"": 66, ""SELL:CARROT"": 13, ""SELL:EGG"": 8, ""SELL:FERTILIZER"": 406, ""SELL:MELON"": 197, ""SELL:MILK"": 543, ""SELL:STRAWBERRY"": 536, ""SELL:TOMATO"": 4, ""SELL:WHEAT"": 1108, ""SELL:WOOL"": 300}",197,68,13585.0,0,199.77941176470588,536,221,19875.0,28,89.93212669683258,543,184,32491.0,0,176.58152173913044,300,100,13552.0,3,135.52,-4820.0,1220.0,lucien_de_rubempre
90128767,1856099072,1,control_v012,standard_converged,126490.0,129686.0,-3196.0,loss,1,2.6927666249976028,719,0,0,0.00925,0.04732020000000001,0.07659494,0.23525,"{""BUILD_PASTURE"": 14, ""CARE"": 308, ""COLLECT_FERTILIZER"": 318, ""DIG"": 25, ""DROP"": 80, ""EAST"": 857, ""FEED"": 319, ""FERTILIZE"": 107, ""HARVEST"": 338, ""NORTH"": 1236, ""PASS"": 377, ""PICKUP"": 339, ""PLACE"": 27, ""PLANT"": 131, ""SOUTH"": 929, ""WATER"": 851, ""WEST"": 1098}","{""BUY_ANIMAL"": 14, ""BUY_LAND"": 2, ""BUY_PRODUCT"": 279, ""BUY_SEED"": 54, ""HIRE"": 306, ""SELL"": 481}","{""BUY_ANIMAL:COW"": 8, ""BUY_ANIMAL:SHEEP"": 6, ""BUY_PRODUCT:WHEAT"": 967, ""BUY_SEED:MELON"": 21, ""BUY_SEED:STRAWBERRY"": 44, ""BUY_SEED:WHEAT"": 66, ""SELL:CARROT"": 13, ""SELL:EGG"": 8, ""SELL:FERTILIZER"": 445, ""SELL:MELON"": 224, ""SELL:MILK"": 682, ""SELL:STRAWBERRY"": 636, ""SELL:TOMATO"": 4, ""SELL:WHEAT"": 1108, ""SELL:WOOL"": 373}",224,62,12475.0,0,201.20967741935485,636,212,40613.0,0,191.57075471698113,682,183,15439.0,0,84.36612021857924,373,100,23464.0,0,234.64,-3196.0,0.0,
90128767,1856099072,1,fixed_mohit,standard_converged,126608.0,129827.0,-3219.0,loss,1,2.694838791998336,719,0,0,0.011208,0.05117950000000006,0.08073506,0.254,"{""BUILD_PASTURE"": 14, ""CARE"": 308, ""COLLECT_FERTILIZER"": 318, ""DIG"": 25, ""DROP"": 80, ""EAST"": 857, ""FEED"": 319, ""FERTILIZE"": 107, ""HARVEST"": 338, ""NORTH"": 1236, ""PASS"": 377, ""PICKUP"": 339, ""PLACE"": 27, ""PLANT"": 131, ""SOUTH"": 929, ""WATER"": 851, ""WEST"": 1098}","{""BUY_ANIMAL"": 14, ""BUY_LAND"": 2, ""BUY_PRODUCT"": 279, ""BUY_SEED"": 54, ""HIRE"": 306, ""SELL"": 469}","{""BUY_ANIMAL:COW"": 8, ""BUY_ANIMAL:SHEEP"": 6, ""BUY_PRODUCT:WHEAT"": 967, ""BUY_SEED:MELON"": 21, ""BUY_SEED:STRAWBERRY"": 44, ""BUY_SEED:WHEAT"": 66, ""SELL:CARROT"": 13, ""SELL:EGG"": 8, ""SELL:FERTILIZER"": 445, ""SELL:MELON"": 216, ""SELL:MILK"": 642, ""SELL:STRAWBERRY"": 609, ""SELL:TOMATO"": 4, ""SELL:WHEAT"": 1108, ""SELL:WOOL"": 349}",216,62,12475.0,0,201.20967741935485,609,212,40618.0,0,191.5943396226415,642,184,15613.0,0,84.85326086956522,349,100,23464.0,0,234.64,-3196.0,-23.0,mohit
90128767,1856099072,1,fixed_automatylicza,standard_converged,126490.0,129686.0,-3196.0,loss,1,2.690389833005611,719,0,0,0.01075,0.050362200000000065,0.07791438000000003,0.225458,"{""BUILD_PASTURE"": 14, ""CARE"": 308, ""COLLECT_FERTILIZER"": 318, ""DIG"": 25, ""DROP"": 80, ""EAST"": 857, ""FEED"": 319, ""FERTILIZE"": 107, ""HARVEST"": 338, ""NORTH"": 1236, ""PASS"": 377, ""PICKUP"": 339, ""PLACE"": 27, ""PLANT"": 131, ""SOUTH"": 929, ""WATER"": 851, ""WEST"": 1098}","{""BUY_ANIMAL"": 14, ""BUY_LAND"": 2, ""BUY_PRODUCT"": 279, ""BUY_SEED"": 54, ""HIRE"": 306, ""SELL"": 481}","{""BUY_ANIMAL:COW"": 8, ""BUY_ANIMAL:SHEEP"": 6, ""BUY_PRODUCT:WHEAT"": 967, ""BUY_SEED:MELON"": 21, ""BUY_SEED:STRAWBERRY"": 44, ""BUY_SEED:WHEAT"": 66, ""SELL:CARROT"": 13, ""SELL:EGG"": 8, ""SELL:FERTILIZER"": 445, ""SELL:MELON"": 224, ""SELL:MILK"": 682, ""SELL:STRAWBERRY"": 636, ""SELL:TOMATO"": 4, ""SELL:WHEAT"": 1108, ""SELL:WOOL"": 373}",224,62,12475.0,0,201.20967741935485,636,212,40613.0,0,191.57075471698113,682,183,15439.0,0,84.36612021857924,373,100,23464.0,0,234.64,-3196.0,0.0,automatylicza
90128767,1856099072,1,fixed_manual_player,standard_converged,126990.0,129858.0,-2868.0,loss,1,2.6898146669991547,719,0,0,0.011,0.05277050000000007,0.07935062000000007,0.224292,"{""BUILD_PASTURE"": 14, ""CARE"": 308, ""COLLECT_FERTILIZER"": 318, ""DIG"": 25, ""DROP"": 80, ""EAST"": 857, ""FEED"": 319, ""FERTILIZE"": 107, ""HARVEST"": 338, ""NORTH"": 1236, ""PASS"": 377, ""PICKUP"": 339, ""PLACE"": 27, ""PLANT"": 131, ""SOUTH"": 929, ""WATER"": 851, ""WEST"": 1098}","{""BUY_ANIMAL"": 14, ""BUY_LAND"": 2, ""BUY_PRODUCT"": 279, ""BUY_SEED"": 54, ""HIRE"": 306, ""SELL"": 440}","{""BUY_ANIMAL:COW"": 8, ""BUY_ANIMAL:SHEEP"": 6, ""BUY_PRODUCT:WHEAT"": 967, ""BUY_SEED:MELON"": 21, ""BUY_SEED:STRAWBERRY"": 44, ""BUY_SEED:WHEAT"": 66, ""SELL:CARROT"": 13, ""SELL:EGG"": 8, ""SELL:FERTILIZER"": 445, ""SELL:MELON"": 215, ""SELL:MILK"": 560, ""SELL:STRAWBERRY"": 550, ""SELL:TOMATO"": 4, ""SELL:WHEAT"": 1108, ""SELL:WOOL"": 323}",215,62,12475.0,0,201.20967741935485,550,212,40756.0,0,192.24528301886792,560,186,16185.0,0,87.01612903225806,323,100,23493.0,0,234.93,-3196.0,328.0,manual_player
90128767,1856099072,1,fixed_navazsh_fathi,standard_converged,129269.0,130226.0,-957.0,loss,1,2.696584166988032,719,0,0,0.011083,0.05157950000000001,0.07882544,0.2825,"{""BUILD_PASTURE"": 14, ""CARE"": 308, ""COLLECT_FERTILIZER"": 318, ""DIG"": 25, ""DROP"": 80, ""EAST"": 857, ""FEED"": 319, ""FERTILIZE"": 107, ""HARVEST"": 338, ""NORTH"": 1236, ""PASS"": 377, ""PICKUP"": 339, ""PLACE"": 27, ""PLANT"": 131, ""SOUTH"": 929, ""WATER"": 851, ""WEST"": 1098}","{""BUY_ANIMAL"": 14, ""BUY_LAND"": 2, ""BUY_PRODUCT"": 279, ""BUY_SEED"": 54, ""HIRE"": 306, ""SELL"": 377}","{""BUY_ANIMAL:COW"": 8, ""BUY_ANIMAL:SHEEP"": 6, ""BUY_PRODUCT:WHEAT"": 967, ""BUY_SEED:MELON"": 21, ""BUY_SEED:STRAWBERRY"": 44, ""BUY_SEED:WHEAT"": 66, ""SELL:CARROT"": 13, ""SELL:EGG"": 8, ""SELL:FERTILIZER"": 406, ""SELL:MELON"": 182, ""SELL:MILK"": 413, ""SELL:STRAWBERRY"": 390, ""SELL:TOMATO"": 4, ""SELL:WHEAT"": 1108, ""SELL:WOOL"": 251}",182,62,12549.0,0,202.40322580645162,390,219,42002.0,0,191.78995433789953,413,186,17469.0,0,93.91935483870968,251,100,23586.0,0,235.86,-3196.0,2239.0,navazsh_fathi
90128767,1856099072,1,fixed_lucien_de_rubempre,standard_converged,128163.0,129706.0,-1543.0,loss,1,2.6898698749864707,719,0,0,0.010666,0.053942300000000026,0.07270938000000002,0.197958,"{""BUILD_PASTURE"": 14, ""CARE"": 308, ""COLLECT_FERTILIZER"": 318, ""DIG"": 25, ""DROP"": 80, ""EAST"": 857, ""FEED"": 319, ""FERTILIZE"": 107, ""HARVEST"": 338, ""NORTH"": 1236, ""PASS"": 377, ""PICKUP"": 339, ""PLACE"": 27, ""PLANT"": 131, ""SOUTH"": 929, ""WATER"": 851, ""WEST"": 1098}","{""BUY_ANIMAL"": 14, ""BUY_LAND"": 2, ""BUY_PRODUCT"": 279, ""BUY_SEED"": 54, ""HIRE"": 306, ""SELL"": 418}","{""BUY_ANIMAL:COW"": 8, ""BUY_ANIMAL:SHEEP"": 6, ""BUY_PRODUCT:WHEAT"": 967, ""BUY_SEED:MELON"": 21, ""BUY_SEED:STRAWBERRY"": 44, ""BUY_SEED:WHEAT"": 66, ""SELL:CARROT"": 13, ""SELL:EGG"": 8, ""SELL:FERTILIZER"": 406, ""SELL:MELON"": 197, ""SELL:MILK"": 543, ""SELL:STRAWBERRY"": 536, ""SELL:TOMATO"": 4, ""SELL:WHEAT"": 1108, ""SELL:WOOL"": 300}",197,62,12549.0,0,202.40322580645162,536,217,41361.0,0,190.6036866359447,543,184,16258.0,0,88.3586956521739,300,100,23526.0,0,235.26,-3196.0,1653.0,lucien_de_rubempre
90128775,1472662957,0,control_v012,standard_converged,158892.0,160685.0,-1793.0,loss,1,2.665521250004531,719,0,0,0.009166,0.06196250000000002,0.08054450000000007,0.220708,"{""BUILD_PASTURE"": 14, ""CARE"": 308, ""COLLECT_FERTILIZER"": 318, ""DIG"": 25, ""DROP"": 80, ""EAST"": 857, ""FEED"": 319, ""FERTILIZE"": 107, ""HARVEST"": 338, ""NORTH"": 1236, ""PASS"": 377, ""PICKUP"": 339, ""PLACE"": 27, ""PLANT"": 131, ""SOUTH"": 929, ""WATER"": 851, ""WEST"": 1098}","{""BUY_ANIMAL"": 14, ""BUY_LAND"": 2, ""BUY_PRODUCT"": 279, ""BUY_SEED"": 54, ""HIRE"": 306, ""SELL"": 481}","{""BUY_ANIMAL:COW"": 8, ""BUY_ANIMAL:SHEEP"": 6, ""BUY_PRODUCT:WHEAT"": 967, ""BUY_SEED:MELON"": 21, ""BUY_SEED:STRAWBERRY"": 44, ""BUY_SEED:WHEAT"": 66, ""SELL:CARROT"": 13, ""SELL:EGG"": 8, ""SELL:FERTILIZER"": 445, ""SELL:MELON"": 224, ""SELL:MILK"": 682, ""SELL:STRAWBERRY"": 636, ""SELL:TOMATO"": 4, ""SELL:WHEAT"": 1108, ""SELL:WOOL"": 373}",224,68,13590.0,0,199.85294117647058,636,205,40611.0,0,198.10243902439024,682,183,43944.0,0,240.13114754098362,373,100,22259.0,0,222.59,-1793.0,0.0,
90128775,1472662957,0,fixed_mohit,standard_converged,158950.0,160718.0,-1768.0,loss,1,2.6696986250026384,719,0,0,0.011458,0.055183900000000057,0.08060938000000009,0.206709,"{""BUILD_PASTURE"": 14, ""CARE"": 308, ""COLLECT_FERTILIZER"": 318, ""DIG"": 25, ""DROP"": 80, ""EAST"": 857, ""FEED"": 319, ""FERTILIZE"": 107, ""HARVEST"": 338, ""NORTH"": 1236, ""PASS"": 377, ""PICKUP"": 339, ""PLACE"": 27, ""PLANT"": 131, ""SOUTH"": 929, ""WATER"": 851, ""WEST"": 1098}","{""BUY_ANIMAL"": 14, ""BUY_LAND"": 2, ""BUY_PRODUCT"": 279, ""BUY_SEED"": 54, ""HIRE"": 306, ""SELL"": 469}","{""BUY_ANIMAL:COW"": 8, ""BUY_ANIMAL:SHEEP"": 6, ""BUY_PRODUCT:WHEAT"": 967, ""BUY_SEED:MELON"": 21, ""BUY_SEED:STRAWBERRY"": 44, ""BUY_SEED:WHEAT"": 66, ""SELL:CARROT"": 13, ""SELL:EGG"": 8, ""SELL:FERTILIZER"": 445, ""SELL:MELON"": 216, ""SELL:MILK"": 642, ""SELL:STRAWBERRY"": 609, ""SELL:TOMATO"": 4, ""SELL:WHEAT"": 1108, ""SELL:WOOL"": 349}",216,68,13590.0,0,199.85294117647058,609,205,40615.0,0,198.1219512195122,642,184,44243.0,0,240.45108695652175,349,100,22265.0,0,222.65,-1793.0,25.0,mohit
90128775,1472662957,0,fixed_automatylicza,standard_converged,158892.0,160685.0,-1793.0,loss,1,2.6609953329898417,719,0,0,0.010916,0.051450300000000004,0.08189644000000006,0.216,"{""BUILD_PASTURE"": 14, ""CARE"": 308, ""COLLECT_FERTILIZER"": 318, ""DIG"": 25, ""DROP"": 80, ""EAST"": 857, ""FEED"": 319, ""FERTILIZE"": 107, ""HARVEST"": 338, ""NORTH"": 1236, ""PASS"": 377, ""PICKUP"": 339, ""PLACE"": 27, ""PLANT"": 131, ""SOUTH"": 929, ""WATER"": 851, ""WEST"": 1098}","{""BUY_ANIMAL"": 14, ""BUY_LAND"": 2, ""BUY_PRODUCT"": 279, ""BUY_SEED"": 54, ""HIRE"": 306, ""SELL"": 481}","{""BUY_ANIMAL:COW"": 8, ""BUY_ANIMAL:SHEEP"": 6, ""BUY_PRODUCT:WHEAT"": 967, ""BUY_SEED:MELON"": 21, ""BUY_SEED:STRAWBERRY"": 44, ""BUY_SEED:WHEAT"": 66, ""SELL:CARROT"": 13, ""SELL:EGG"": 8, ""SELL:FERTILIZER"": 445, ""SELL:MELON"": 224, ""SELL:MILK"": 682, ""SELL:STRAWBERRY"": 636, ""SELL:TOMATO"": 4, ""SELL:WHEAT"": 1108, ""SELL:WOOL"": 373}",224,68,13590.0,0,199.85294117647058,636,205,40611.0,0,198.10243902439024,682,183,43944.0,0,240.13114754098362,373,100,22259.0,0,222.59,-1793.0,0.0,automatylicza
90128775,1472662957,0,fixed_manual_player,standard_converged,159143.0,160875.0,-1732.0,loss,1,2.6648827079916373,719,0,0,0.01125,0.056791300000000045,0.08482994000000023,0.21225,"{""BUILD_PASTURE"": 14, ""CARE"": 308, ""COLLECT_FERTILIZER"": 318, ""DIG"": 25, ""DROP"": 80, ""EAST"": 857, ""FEED"": 319, ""FERTILIZE"": 107, ""HARVEST"": 338, ""NORTH"": 1236, ""PASS"": 377, ""PICKUP"": 339, ""PLACE"": 27, ""PLANT"": 131, ""SOUTH"": 929, ""WATER"": 851, ""WEST"": 1098}","{""BUY_ANIMAL"": 14, ""BUY_LAND"": 2, ""BUY_PRODUCT"": 279, ""BUY_SEED"": 54, ""HIRE"": 306, ""SELL"": 440}","{""BUY_ANIMAL:COW"": 8, ""BUY_ANIMAL:SHEEP"": 6, ""BUY_PRODUCT:WHEAT"": 967, ""BUY_SEED:MELON"": 21, ""BUY_SEED:STRAWBERRY"": 44, ""BUY_SEED:WHEAT"": 66, ""SELL:CARROT"": 13, ""SELL:EGG"": 8, ""SELL:FERTILIZER"": 445, ""SELL:MELON"": 215, ""SELL:MILK"": 560, ""SELL:STRAWBERRY"": 550, ""SELL:TOMATO"": 4, ""SELL:WHEAT"": 1108, ""SELL:WOOL"": 323}",215,68,13583.0,0,199.75,550,205,40730.0,0,198.6829268292683,560,186,44689.0,0,240.26344086021504,323,100,22381.0,0,223.81,-1793.0,61.0,manual_player
90128775,1472662957,0,fixed_navazsh_fathi,standard_converged,160480.0,161283.0,-803.0,loss,1,2.6628737499995623,719,0,0,0.011083,0.05797560000000009,0.08313294000000002,0.218542,"{""BUILD_PASTURE"": 14, ""CARE"": 308, ""COLLECT_FERTILIZER"": 318, ""DIG"": 25, ""DROP"": 80, ""EAST"": 857, ""FEED"": 319, ""FERTILIZE"": 107, ""HARVEST"": 338, ""NORTH"": 1236, ""PASS"": 377, ""PICKUP"": 339, ""PLACE"": 27, ""PLANT"": 131, ""SOUTH"": 929, ""WATER"": 851, ""WEST"": 1098}","{""BUY_ANIMAL"": 14, ""BUY_LAND"": 2, ""BUY_PRODUCT"": 279, ""BUY_SEED"": 54, ""HIRE"": 306, ""SELL"": 377}","{""BUY_ANIMAL:COW"": 8, ""BUY_ANIMAL:SHEEP"": 6, ""BUY_PRODUCT:WHEAT"": 967, ""BUY_SEED:MELON"": 21, ""BUY_SEED:STRAWBERRY"": 44, ""BUY_SEED:WHEAT"": 66, ""SELL:CARROT"": 13, ""SELL:EGG"": 8, ""SELL:FERTILIZER"": 406, ""SELL:MELON"": 182, ""SELL:MILK"": 413, ""SELL:STRAWBERRY"": 390, ""SELL:TOMATO"": 4, ""SELL:WHEAT"": 1108, ""SELL:WOOL"": 251}",182,68,13644.0,0,200.64705882352942,390,208,41238.0,0,198.2596153846154,413,186,45052.0,0,242.21505376344086,251,100,22714.0,0,227.14,-1793.0,990.0,navazsh_fathi
90128775,1472662957,0,fixed_lucien_de_rubempre,standard_converged,159864.0,160837.0,-973.0,loss,1,2.672943750003469,719,0,0,0.011125,0.046266600000000005,0.08000494000000004,0.17825,"{""BUILD_PASTURE"": 14, ""CARE"": 308, ""COLLECT_FERTILIZER"": 318, ""DIG"": 25, ""DROP"": 80, ""EAST"": 857, ""FEED"": 319, ""FERTILIZE"": 107, ""HARVEST"": 338, ""NORTH"": 1236, ""PASS"": 377, ""PICKUP"": 339, ""PLACE"": 27, ""PLANT"": 131, ""SOUTH"": 929, ""WATER"": 851, ""WEST"": 1098}","{""BUY_ANIMAL"": 14, ""BUY_LAND"": 2, ""BUY_PRODUCT"": 279, ""BUY_SEED"": 54, ""HIRE"": 306, ""SELL"": 418}","{""BUY_ANIMAL:COW"": 8, ""BUY_ANIMAL:SHEEP"": 6, ""BUY_PRODUCT:WHEAT"": 967, ""BUY_SEED:MELON"": 21, ""BUY_SEED:STRAWBERRY"": 44, ""BUY_SEED:WHEAT"": 66, ""SELL:CARROT"": 13, ""SELL:EGG"": 8, ""SELL:FERTILIZER"": 406, ""SELL:MELON"": 197, ""SELL:MILK"": 543, ""SELL:STRAWBERRY"": 536, ""SELL:TOMATO"": 4, ""SELL:WHEAT"": 1108, ""SELL:WOOL"": 300}",197,68,13644.0,0,200.64705882352942,536,208,40995.0,0,197.09134615384616,543,184,44385.0,0,241.22282608695653,300,100,22483.0,0,224.83,-1793.0,820.0,lucien_de_rubempre
90128775,1472662957,1,control_v012,standard_converged,159393.0,160821.0,-1428.0,loss,1,2.6582514999900013,719,0,0,0.008792,0.045058100000000025,0.07281506000000001,0.274833,"{""BUILD_PASTURE"": 14, ""CARE"": 308, ""COLLECT_FERTILIZER"": 318, ""DIG"": 25, ""DROP"": 80, ""EAST"": 857, ""FEED"": 319, ""FERTILIZE"": 107, ""HARVEST"": 338, ""NORTH"": 1236, ""PASS"": 377, ""PICKUP"": 339, ""PLACE"": 27, ""PLANT"": 131, ""SOUTH"": 929, ""WATER"": 851, ""WEST"": 1098}","{""BUY_ANIMAL"": 14, ""BUY_LAND"": 2, ""BUY_PRODUCT"": 279, ""BUY_SEED"": 54, ""HIRE"": 306, ""SELL"": 481}","{""BUY_ANIMAL:COW"": 8, ""BUY_ANIMAL:SHEEP"": 6, ""BUY_PRODUCT:WHEAT"": 967, ""BUY_SEED:MELON"": 21, ""BUY_SEED:STRAWBERRY"": 44, ""BUY_SEED:WHEAT"": 66, ""SELL:CARROT"": 13, ""SELL:EGG"": 8, ""SELL:FERTILIZER"": 445, ""SELL:MELON"": 224, ""SELL:MILK"": 682, ""SELL:STRAWBERRY"": 636, ""SELL:TOMATO"": 4, ""SELL:WHEAT"": 1108, ""SELL:WOOL"": 373}",224,68,13559.0,0,199.39705882352942,636,212,41573.0,0,196.0990566037736,682,183,43894.0,0,239.85792349726776,373,100,22302.0,0,223.02,-1428.0,0.0,
90128775,1472662957,1,fixed_mohit,standard_converged,159429.0,160866.0,-1437.0,loss,1,2.670845625005313,719,0,0,0.011291,0.0457247,0.08174244,0.104708,"{""BUILD_PASTURE"": 14, ""CARE"": 308, ""COLLECT_FERTILIZER"": 318, ""DIG"": 25, ""DROP"": 80, ""EAST"": 857, ""FEED"": 319, ""FERTILIZE"": 107, ""HARVEST"": 338, ""NORTH"": 1236, ""PASS"": 377, ""PICKUP"": 339, ""PLACE"": 27, ""PLANT"": 131, ""SOUTH"": 929, ""WATER"": 851, ""WEST"": 1098}","{""BUY_ANIMAL"": 14, ""BUY_LAND"": 2, ""BUY_PRODUCT"": 279, ""BUY_SEED"": 54, ""HIRE"": 306, ""SELL"": 469}","{""BUY_ANIMAL:COW"": 8, ""BUY_ANIMAL:SHEEP"": 6, ""BUY_PRODUCT:WHEAT"": 967, ""BUY_SEED:MELON"": 21, ""BUY_SEED:STRAWBERRY"": 44, ""BUY_SEED:WHEAT"": 66, ""SELL:CARROT"": 13, ""SELL:EGG"": 8, ""SELL:FERTILIZER"": 445, ""SELL:MELON"": 216, ""SELL:MILK"": 642, ""SELL:STRAWBERRY"": 609, ""SELL:TOMATO"": 4, ""SELL:WHEAT"": 1108, ""SELL:WOOL"": 349}",216,68,13559.0,0,199.39705882352942,609,212,41573.0,0,196.0990566037736,642,184,44193.0,0,240.17934782608697,349,100,22311.0,0,223.11,-1428.0,-9.0,mohit
90128775,1472662957,1,fixed_automatylicza,standard_converged,159393.0,160821.0,-1428.0,loss,1,2.677804874998401,719,0,0,0.010834,0.04647060000000001,0.07876250000000003,0.259917,"{""BUILD_PASTURE"": 14, ""CARE"": 308, ""COLLECT_FERTILIZER"": 318, ""DIG"": 25, ""DROP"": 80, ""EAST"": 857, ""FEED"": 319, ""FERTILIZE"": 107, ""HARVEST"": 338, ""NORTH"": 1236, ""PASS"": 377, ""PICKUP"": 339, ""PLACE"": 27, ""PLANT"": 131, ""SOUTH"": 929, ""WATER"": 851, ""WEST"": 1098}","{""BUY_ANIMAL"": 14, ""BUY_LAND"": 2, ""BUY_PRODUCT"": 279, ""BUY_SEED"": 54, ""HIRE"": 306, ""SELL"": 481}","{""BUY_ANIMAL:COW"": 8, ""BUY_ANIMAL:SHEEP"": 6, ""BUY_PRODUCT:WHEAT"": 967, ""BUY_SEED:MELON"": 21, ""BUY_SEED:STRAWBERRY"": 44, ""BUY_SEED:WHEAT"": 66, ""SELL:CARROT"": 13, ""SELL:EGG"": 8, ""SELL:FERTILIZER"": 445, ""SELL:MELON"": 224, ""SELL:MILK"": 682, ""SELL:STRAWBERRY"": 636, ""SELL:TOMATO"": 4, ""SELL:WHEAT"": 1108, ""SELL:WOOL"": 373}",224,68,13559.0,0,199.39705882352942,636,212,41573.0,0,196.0990566037736,682,183,43894.0,0,239.85792349726776,373,100,22302.0,0,223.02,-1428.0,0.0,automatylicza
90128775,1472662957,1,fixed_manual_player,standard_converged,159591.0,161019.0,-1428.0,loss,1,2.671903417009162,719,0,0,0.010958,0.047092000000000016,0.07917950000000003,0.269541,"{""BUILD_PASTURE"": 14, ""CARE"": 308, ""COLLECT_FERTILIZER"": 318, ""DIG"": 25, ""DROP"": 80, ""EAST"": 857, ""FEED"": 319, ""FERTILIZE"": 107, ""HARVEST"": 338, ""NORTH"": 1236, ""PASS"": 377, ""PICKUP"": 339, ""PLACE"": 27, ""PLANT"": 131, ""SOUTH"": 929, ""WATER"": 851, ""WEST"": 1098}","{""BUY_ANIMAL"": 14, ""BUY_LAND"": 2, ""BUY_PRODUCT"": 279, ""BUY_SEED"": 54, ""HIRE"": 306, ""SELL"": 440}","{""BUY_ANIMAL:COW"": 8, ""BUY_ANIMAL:SHEEP"": 6, ""BUY_PRODUCT:WHEAT"": 967, ""BUY_SEED:MELON"": 21, ""BUY_SEED:STRAWBERRY"": 44, ""BUY_SEED:WHEAT"": 66, ""SELL:CARROT"": 13, ""SELL:EGG"": 8, ""SELL:FERTILIZER"": 445, ""SELL:MELON"": 215, ""SELL:MILK"": 560, ""SELL:STRAWBERRY"": 550, ""SELL:TOMATO"": 4, ""SELL:WHEAT"": 1108, ""SELL:WOOL"": 323}",215,68,13515.0,0,198.75,550,212,41686.0,0,196.6320754716981,560,186,44688.0,0,240.25806451612902,323,100,22382.0,0,223.82,-1428.0,0.0,manual_player
90128775,1472662957,1,fixed_navazsh_fathi,standard_converged,161110.0,161272.0,-162.0,loss,1,2.674259792009252,719,0,0,0.010958,0.046721500000000006,0.07932544,0.100875,"{""BUILD_PASTURE"": 14, ""CARE"": 308, ""COLLECT_FERTILIZER"": 318, ""DIG"": 25, ""DROP"": 80, ""EAST"": 857, ""FEED"": 319, ""FERTILIZE"": 107, ""HARVEST"": 338, ""NORTH"": 1236, ""PASS"": 377, ""PICKUP"": 339, ""PLACE"": 27, ""PLANT"": 131, ""SOUTH"": 929, ""WATER"": 851, ""WEST"": 1098}","{""BUY_ANIMAL"": 14, ""BUY_LAND"": 2, ""BUY_PRODUCT"": 279, ""BUY_SEED"": 54, ""HIRE"": 306, ""SELL"": 377}","{""BUY_ANIMAL:COW"": 8, ""BUY_ANIMAL:SHEEP"": 6, ""BUY_PRODUCT:WHEAT"": 967, ""BUY_SEED:MELON"": 21, ""BUY_SEED:STRAWBERRY"": 44, ""BUY_SEED:WHEAT"": 66, ""SELL:CARROT"": 13, ""SELL:EGG"": 8, ""SELL:FERTILIZER"": 406, ""SELL:MELON"": 182, ""SELL:MILK"": 413, ""SELL:STRAWBERRY"": 390, ""SELL:TOMATO"": 4, ""SELL:WHEAT"": 1108, ""SELL:WOOL"": 251}",182,68,13585.0,0,199.77941176470588,390,217,42810.0,0,197.2811059907834,413,186,45052.0,0,242.21505376344086,251,100,22725.0,0,227.25,-1428.0,1266.0,navazsh_fathi
90128775,1472662957,1,fixed_lucien_de_rubempre,standard_converged,160416.0,160876.0,-460.0,loss,1,2.6708362079953076,719,0,0,0.011,0.045420800000000004,0.07977874000000007,0.104041,"{""BUILD_PASTURE"": 14, ""CARE"": 308, ""COLLECT_FERTILIZER"": 318, ""DIG"": 25, ""DROP"": 80, ""EAST"": 857, ""FEED"": 319, ""FERTILIZE"": 107, ""HARVEST"": 338, ""NORTH"": 1236, ""PASS"": 377, ""PICKUP"": 339, ""PLACE"": 27, ""PLANT"": 131, ""SOUTH"": 929, ""WATER"": 851, ""WEST"": 1098}","{""BUY_ANIMAL"": 14, ""BUY_LAND"": 2, ""BUY_PRODUCT"": 279, ""BUY_SEED"": 54, ""HIRE"": 306, ""SELL"": 418}","{""BUY_ANIMAL:COW"": 8, ""BUY_ANIMAL:SHEEP"": 6, ""BUY_PRODUCT:WHEAT"": 967, ""BUY_SEED:MELON"": 21, ""BUY_SEED:STRAWBERRY"": 44, ""BUY_SEED:WHEAT"": 66, ""SELL:CARROT"": 13, ""SELL:EGG"": 8, ""SELL:FERTILIZER"": 406, ""SELL:MELON"": 197, ""SELL:MILK"": 543, ""SELL:STRAWBERRY"": 536, ""SELL:TOMATO"": 4, ""SELL:WHEAT"": 1108, ""SELL:WOOL"": 300}",197,68,13585.0,0,199.77941176470588,536,215,42101.0,0,195.8186046511628,543,184,44360.0,0,241.08695652173913,300,100,22501.0,0,225.01,-1428.0,968.0,lucien_de_rubempre
90128778,998459814,0,control_v012,standard_converged,158773.0,156756.0,2017.0,win,1,2.6664297499955865,719,0,0,0.008875,0.05027530000000011,0.07581618000000007,0.254333,"{""BUILD_PASTURE"": 14, ""CARE"": 308, ""COLLECT_FERTILIZER"": 318, ""DIG"": 25, ""DROP"": 80, ""EAST"": 857, ""FEED"": 319, ""FERTILIZE"": 107, ""HARVEST"": 338, ""NORTH"": 1236, ""PASS"": 377, ""PICKUP"": 339, ""PLACE"": 27, ""PLANT"": 131, ""SOUTH"": 929, ""WATER"": 851, ""WEST"": 1098}","{""BUY_ANIMAL"": 14, ""BUY_LAND"": 2, ""BUY_PRODUCT"": 279, ""BUY_SEED"": 54, ""HIRE"": 306, ""SELL"": 481}","{""BUY_ANIMAL:COW"": 8, ""BUY_ANIMAL:SHEEP"": 6, ""BUY_PRODUCT:WHEAT"": 967, ""BUY_SEED:MELON"": 21, ""BUY_SEED:STRAWBERRY"": 44, ""BUY_SEED:WHEAT"": 66, ""SELL:CARROT"": 13, ""SELL:EGG"": 8, ""SELL:FERTILIZER"": 445, ""SELL:MELON"": 224, ""SELL:MILK"": 682, ""SELL:STRAWBERRY"": 636, ""SELL:TOMATO"": 4, ""SELL:WHEAT"": 1108, ""SELL:WOOL"": 373}",224,68,13915.0,0,204.63235294117646,636,216,43907.0,0,203.27314814814815,682,183,39557.0,0,216.1584699453552,373,100,23712.0,0,237.12,2017.0,0.0,
90128778,998459814,0,fixed_mohit,standard_converged,158869.0,156789.0,2080.0,win,1,2.6792211669962853,719,0,0,0.011458,0.04975380000000015,0.07969044000000004,0.250625,"{""BUILD_PASTURE"": 14, ""CARE"": 308, ""COLLECT_FERTILIZER"": 318, ""DIG"": 25, ""DROP"": 80, ""EAST"": 857, ""FEED"": 319, ""FERTILIZE"": 107, ""HARVEST"": 338, ""NORTH"": 1236, ""PASS"": 377, ""PICKUP"": 339, ""PLACE"": 27, ""PLANT"": 131, ""SOUTH"": 929, ""WATER"": 851, ""WEST"": 1098}","{""BUY_ANIMAL"": 14, ""BUY_LAND"": 2, ""BUY_PRODUCT"": 279, ""BUY_SEED"": 54, ""HIRE"": 306, ""SELL"": 469}","{""BUY_ANIMAL:COW"": 8, ""BUY_ANIMAL:SHEEP"": 6, ""BUY_PRODUCT:WHEAT"": 967, ""BUY_SEED:MELON"": 21, ""BUY_SEED:STRAWBERRY"": 44, ""BUY_SEED:WHEAT"": 66, ""SELL:CARROT"": 13, ""SELL:EGG"": 8, ""SELL:FERTILIZER"": 445, ""SELL:MELON"": 216, ""SELL:MILK"": 642, ""SELL:STRAWBERRY"": 609, ""SELL:TOMATO"": 4, ""SELL:WHEAT"": 1108, ""SELL:WOOL"": 349}",216,68,13915.0,0,204.63235294117646,609,216,43911.0,0,203.29166666666666,642,184,39875.0,0,216.71195652173913,349,100,23714.0,0,237.14,2017.0,63.0,mohit
90128778,998459814,0,fixed_automatylicza,standard_converged,158773.0,156756.0,2017.0,win,1,2.6886653340043267,719,0,0,0.011041,0.053637200000000065,0.08915238000000024,0.254792,"{""BUILD_PASTURE"": 14, ""CARE"": 308, ""COLLECT_FERTILIZER"": 318, ""DIG"": 25, ""DROP"": 80, ""EAST"": 857, ""FEED"": 319, ""FERTILIZE"": 107, ""HARVEST"": 338, ""NORTH"": 1236, ""PASS"": 377, ""PICKUP"": 339, ""PLACE"": 27, ""PLANT"": 131, ""SOUTH"": 929, ""WATER"": 851, ""WEST"": 1098}","{""BUY_ANIMAL"": 14, ""BUY_LAND"": 2, ""BUY_PRODUCT"": 279, ""BUY_SEED"": 54, ""HIRE"": 306, ""SELL"": 481}","{""BUY_ANIMAL:COW"": 8, ""BUY_ANIMAL:SHEEP"": 6, ""BUY_PRODUCT:WHEAT"": 967, ""BUY_SEED:MELON"": 21, ""BUY_SEED:STRAWBERRY"": 44, ""BUY_SEED:WHEAT"": 66, ""SELL:CARROT"": 13, ""SELL:EGG"": 8, ""SELL:FERTILIZER"": 445, ""SELL:MELON"": 224, ""SELL:MILK"": 682, ""SELL:STRAWBERRY"": 636, ""SELL:TOMATO"": 4, ""SELL:WHEAT"": 1108, ""SELL:WOOL"": 373}",224,68,13915.0,0,204.63235294117646,636,216,43907.0,0,203.27314814814815,682,183,39557.0,0,216.1584699453552,373,100,23712.0,0,237.12,2017.0,0.0,automatylicza
90128778,998459814,0,fixed_manual_player,standard_converged,158936.0,156935.0,2001.0,win,1,2.6770078339905012,719,0,0,0.011417,0.061786900000000027,0.15290250000000324,0.284959,"{""BUILD_PASTURE"": 14, ""CARE"": 308, ""COLLECT_FERTILIZER"": 318, ""DIG"": 25, ""DROP"": 80, ""EAST"": 857, ""FEED"": 319, ""FERTILIZE"": 107, ""HARVEST"": 338, ""NORTH"": 1236, ""PASS"": 377, ""PICKUP"": 339, ""PLACE"": 27, ""PLANT"": 131, ""SOUTH"": 929, ""WATER"": 851, ""WEST"": 1098}","{""BUY_ANIMAL"": 14, ""BUY_LAND"": 2, ""BUY_PRODUCT"": 279, ""BUY_SEED"": 54, ""HIRE"": 306, ""SELL"": 440}","{""BUY_ANIMAL:COW"": 8, ""BUY_ANIMAL:SHEEP"": 6, ""BUY_PRODUCT:WHEAT"": 967, ""BUY_SEED:MELON"": 21, ""BUY_SEED:STRAWBERRY"": 44, ""BUY_SEED:WHEAT"": 66, ""SELL:CARROT"": 13, ""SELL:EGG"": 8, ""SELL:FERTILIZER"": 445, ""SELL:MELON"": 215, ""SELL:MILK"": 560, ""SELL:STRAWBERRY"": 550, ""SELL:TOMATO"": 4, ""SELL:WHEAT"": 1108, ""SELL:WOOL"": 323}",215,68,13878.0,0,204.08823529411765,550,216,43995.0,0,203.68055555555554,560,186,40299.0,0,216.66129032258064,323,100,23730.0,0,237.3,2017.0,-16.0,manual_player
90128778,998459814,0,fixed_navazsh_fathi,standard_converged,159143.0,158572.0,571.0,win,1,2.6731451249943348,719,0,0,0.011333,0.04862980000000007,0.07813612,0.204333,"{""BUILD_PASTURE"": 14, ""CARE"": 308, ""COLLECT_FERTILIZER"": 318, ""DIG"": 25, ""DROP"": 80, ""EAST"": 857, ""FEED"": 319, ""FERTILIZE"": 107, ""HARVEST"": 338, ""NORTH"": 1236, ""PASS"": 377, ""PICKUP"": 339, ""PLACE"": 27, ""PLANT"": 131, ""SOUTH"": 929, ""WATER"": 851, ""WEST"": 1098}","{""BUY_ANIMAL"": 14, ""BUY_LAND"": 2, ""BUY_PRODUCT"": 279, ""BUY_SEED"": 54, ""HIRE"": 306, ""SELL"": 377}","{""BUY_ANIMAL:COW"": 8, ""BUY_ANIMAL:SHEEP"": 6, ""BUY_PRODUCT:WHEAT"": 967, ""BUY_SEED:MELON"": 21, ""BUY_SEED:STRAWBERRY"": 44, ""BUY_SEED:WHEAT"": 66, ""SELL:CARROT"": 13, ""SELL:EGG"": 8, ""SELL:FERTILIZER"": 406, ""SELL:MELON"": 182, ""SELL:MILK"": 413, ""SELL:STRAWBERRY"": 390, ""SELL:TOMATO"": 4, ""SELL:WHEAT"": 1108, ""SELL:WOOL"": 251}",182,68,13838.0,0,203.5,390,223,44726.0,0,200.56502242152467,413,186,40173.0,0,215.98387096774192,251,100,23726.0,0,237.26,2017.0,-1446.0,navazsh_fathi
90128778,998459814,0,fixed_lucien_de_rubempre,standard_converged,159977.0,156667.0,3310.0,win,1,2.6905647499952465,719,0,0,0.011167,0.051495900000000025,0.08160350000000016,0.203084,"{""BUILD_PASTURE"": 14, ""CARE"": 308, ""COLLECT_FERTILIZER"": 318, ""DIG"": 25, ""DROP"": 80, ""EAST"": 857, ""FEED"": 319, ""FERTILIZE"": 107, ""HARVEST"": 338, ""NORTH"": 1236, ""PASS"": 377, ""PICKUP"": 339, ""PLACE"": 27, ""PLANT"": 131, ""SOUTH"": 929, ""WATER"": 851, ""WEST"": 1098}","{""BUY_ANIMAL"": 14, ""BUY_LAND"": 2, ""BUY_PRODUCT"": 279, ""BUY_SEED"": 54, ""HIRE"": 306, ""SELL"": 418}","{""BUY_ANIMAL:COW"": 8, ""BUY_ANIMAL:SHEEP"": 6, ""BUY_PRODUCT:WHEAT"": 967, ""BUY_SEED:MELON"": 21, ""BUY_SEED:STRAWBERRY"": 44, ""BUY_SEED:WHEAT"": 66, ""SELL:CARROT"": 13, ""SELL:EGG"": 8, ""SELL:FERTILIZER"": 406, ""SELL:MELON"": 197, ""SELL:MILK"": 543, ""SELL:STRAWBERRY"": 536, ""SELL:TOMATO"": 4, ""SELL:WHEAT"": 1108, ""SELL:WOOL"": 300}",197,68,13908.0,0,204.52941176470588,536,221,44825.0,0,202.82805429864254,543,184,39975.0,0,217.2554347826087,300,100,23740.0,0,237.4,2017.0,1293.0,lucien_de_rubempre
90128778,998459814,1,control_v012,standard_converged,155503.0,157082.0,-1579.0,loss,1,2.676241958004539,719,0,0,0.008958,0.0487083000000001,0.07754556,0.253375,"{""BUILD_PASTURE"": 14, ""CARE"": 308, ""COLLECT_FERTILIZER"": 318, ""DIG"": 25, ""DROP"": 80, ""EAST"": 857, ""FEED"": 319, ""FERTILIZE"": 107, ""HARVEST"": 338, ""NORTH"": 1236, ""PASS"": 377, ""PICKUP"": 339, ""PLACE"": 27, ""PLANT"": 131, ""SOUTH"": 929, ""WATER"": 851, ""WEST"": 1098}","{""BUY_ANIMAL"": 14, ""BUY_LAND"": 2, ""BUY_PRODUCT"": 279, ""BUY_SEED"": 54, ""HIRE"": 306, ""SELL"": 481}","{""BUY_ANIMAL:COW"": 8, ""BUY_ANIMAL:SHEEP"": 6, ""BUY_PRODUCT:WHEAT"": 967, ""BUY_SEED:MELON"": 21, ""BUY_SEED:STRAWBERRY"": 44, ""BUY_SEED:WHEAT"": 66, ""SELL:CARROT"": 13, ""SELL:EGG"": 8, ""SELL:FERTILIZER"": 445, ""SELL:MELON"": 224, ""SELL:MILK"": 682, ""SELL:STRAWBERRY"": 636, ""SELL:TOMATO"": 4, ""SELL:WHEAT"": 1108, ""SELL:WOOL"": 373}",224,68,13856.0,0,203.76470588235293,636,216,42765.0,0,197.98611111111111,682,183,38051.0,0,207.92896174863387,373,100,23510.0,0,235.1,-1579.0,0.0,
90128778,998459814,1,fixed_mohit,standard_converged,155578.0,157165.0,-1587.0,loss,1,2.6830434580042493,719,0,0,0.010875,0.0463077,0.07951650000000003,0.282875,"{""BUILD_PASTURE"": 14, ""CARE"": 308, ""COLLECT_FERTILIZER"": 318, ""DIG"": 25, ""DROP"": 80, ""EAST"": 857, ""FEED"": 319, ""FERTILIZE"": 107, ""HARVEST"": 338, ""NORTH"": 1236, ""PASS"": 377, ""PICKUP"": 339, ""PLACE"": 27, ""PLANT"": 131, ""SOUTH"": 929, ""WATER"": 851, ""WEST"": 1098}","{""BUY_ANIMAL"": 14, ""BUY_LAND"": 2, ""BUY_PRODUCT"": 279, ""BUY_SEED"": 54, ""HIRE"": 306, ""SELL"": 469}","{""BUY_ANIMAL:COW"": 8, ""BUY_ANIMAL:SHEEP"": 6, ""BUY_PRODUCT:WHEAT"": 967, ""BUY_SEED:MELON"": 21, ""BUY_SEED:STRAWBERRY"": 44, ""BUY_SEED:WHEAT"": 66, ""SELL:CARROT"": 13, ""SELL:EGG"": 8, ""SELL:FERTILIZER"": 445, ""SELL:MELON"": 216, ""SELL:MILK"": 642, ""SELL:STRAWBERRY"": 609, ""SELL:TOMATO"": 4, ""SELL:WHEAT"": 1108, ""SELL:WOOL"": 349}",216,68,13856.0,0,203.76470588235293,609,216,42745.0,0,197.8935185185185,642,184,38369.0,0,208.52717391304347,349,100,23512.0,0,235.12,-1579.0,-8.0,mohit
90128778,998459814,1,fixed_automatylicza,standard_converged,155503.0,157082.0,-1579.0,loss,1,2.671901333000278,719,0,0,0.010542,0.04628750000000001,0.07563694000000001,0.110292,"{""BUILD_PASTURE"": 14, ""CARE"": 308, ""COLLECT_FERTILIZER"": 318, ""DIG"": 25, ""DROP"": 80, ""EAST"": 857, ""FEED"": 319, ""FERTILIZE"": 107, ""HARVEST"": 338, ""NORTH"": 1236, ""PASS"": 377, ""PICKUP"": 339, ""PLACE"": 27, ""PLANT"": 131, ""SOUTH"": 929, ""WATER"": 851, ""WEST"": 1098}","{""BUY_ANIMAL"": 14, ""BUY_LAND"": 2, ""BUY_PRODUCT"": 279, ""BUY_SEED"": 54, ""HIRE"": 306, ""SELL"": 481}","{""BUY_ANIMAL:COW"": 8, ""BUY_ANIMAL:SHEEP"": 6, ""BUY_PRODUCT:WHEAT"": 967, ""BUY_SEED:MELON"": 21, ""BUY_SEED:STRAWBERRY"": 44, ""BUY_SEED:WHEAT"": 66, ""SELL:CARROT"": 13, ""SELL:EGG"": 8, ""SELL:FERTILIZER"": 445, ""SELL:MELON"": 224, ""SELL:MILK"": 682, ""SELL:STRAWBERRY"": 636, ""SELL:TOMATO"": 4, ""SELL:WHEAT"": 1108, ""SELL:WOOL"": 373}",224,68,13856.0,0,203.76470588235293,636,216,42765.0,0,197.98611111111111,682,183,38051.0,0,207.92896174863387,373,100,23510.0,0,235.1,-1579.0,0.0,automatylicza
90128778,998459814,1,fixed_manual_player,standard_converged,155732.0,157249.0,-1517.0,loss,1,2.675307832992985,719,0,0,0.011208,0.046141600000000005,0.08159950000000002,0.191833,"{""BUILD_PASTURE"": 14, ""CARE"": 308, ""COLLECT_FERTILIZER"": 318, ""DIG"": 25, ""DROP"": 80, ""EAST"": 857, ""FEED"": 319, ""FERTILIZE"": 107, ""HARVEST"": 338, ""NORTH"": 1236, ""PASS"": 377, ""PICKUP"": 339, ""PLACE"": 27, ""PLANT"": 131, ""SOUTH"": 929, ""WATER"": 851, ""WEST"": 1098}","{""BUY_ANIMAL"": 14, ""BUY_LAND"": 2, ""BUY_PRODUCT"": 279, ""BUY_SEED"": 54, ""HIRE"": 306, ""SELL"": 440}","{""BUY_ANIMAL:COW"": 8, ""BUY_ANIMAL:SHEEP"": 6, ""BUY_PRODUCT:WHEAT"": 967, ""BUY_SEED:MELON"": 21, ""BUY_SEED:STRAWBERRY"": 44, ""BUY_SEED:WHEAT"": 66, ""SELL:CARROT"": 13, ""SELL:EGG"": 8, ""SELL:FERTILIZER"": 445, ""SELL:MELON"": 215, ""SELL:MILK"": 560, ""SELL:STRAWBERRY"": 550, ""SELL:TOMATO"": 4, ""SELL:WHEAT"": 1108, ""SELL:WOOL"": 323}",215,68,13818.0,0,203.2058823529412,550,216,42868.0,0,198.46296296296296,560,186,38822.0,0,208.72043010752688,323,100,23543.0,0,235.43,-1579.0,62.0,manual_player
90128778,998459814,1,fixed_navazsh_fathi,standard_converged,157028.0,157828.0,-800.0,loss,1,2.6707782090088585,719,0,0,0.011125,0.04494940000000001,0.07926988000000003,0.210583,"{""BUILD_PASTURE"": 14, ""CARE"": 308, ""COLLECT_FERTILIZER"": 318, ""DIG"": 25, ""DROP"": 80, ""EAST"": 857, ""FEED"": 319, ""FERTILIZE"": 107, ""HARVEST"": 338, ""NORTH"": 1236, ""PASS"": 377, ""PICKUP"": 339, ""PLACE"": 27, ""PLANT"": 131, ""SOUTH"": 929, ""WATER"": 851, ""WEST"": 1098}","{""BUY_ANIMAL"": 14, ""BUY_LAND"": 2, ""BUY_PRODUCT"": 279, ""BUY_SEED"": 54, ""HIRE"": 306, ""SELL"": 377}","{""BUY_ANIMAL:COW"": 8, ""BUY_ANIMAL:SHEEP"": 6, ""BUY_PRODUCT:WHEAT"": 967, ""BUY_SEED:MELON"": 21, ""BUY_SEED:STRAWBERRY"": 44, ""BUY_SEED:WHEAT"": 66, ""SELL:CARROT"": 13, ""SELL:EGG"": 8, ""SELL:FERTILIZER"": 406, ""SELL:MELON"": 182, ""SELL:MILK"": 413, ""SELL:STRAWBERRY"": 390, ""SELL:TOMATO"": 4, ""SELL:WHEAT"": 1108, ""SELL:WOOL"": 251}",182,68,13743.0,0,202.10294117647058,390,223,43978.0,0,197.21076233183857,413,186,39363.0,0,211.6290322580645,251,100,23614.0,0,236.14,-1579.0,779.0,navazsh_fathi
90128778,998459814,1,fixed_lucien_de_rubempre,standard_converged,156401.0,157380.0,-979.0,loss,1,2.6755574169947067,719,0,0,0.011084,0.04720470000000003,0.07998318000000007,0.286459,"{""BUILD_PASTURE"": 14, ""CARE"": 308, ""COLLECT_FERTILIZER"": 318, ""DIG"": 25, ""DROP"": 80, ""EAST"": 857, ""FEED"": 319, ""FERTILIZE"": 107, ""HARVEST"": 338, ""NORTH"": 1236, ""PASS"": 377, ""PICKUP"": 339, ""PLACE"": 27, ""PLANT"": 131, ""SOUTH"": 929, ""WATER"": 851, ""WEST"": 1098}","{""BUY_ANIMAL"": 14, ""BUY_LAND"": 2, ""BUY_PRODUCT"": 279, ""BUY_SEED"": 54, ""HIRE"": 306, ""SELL"": 418}","{""BUY_ANIMAL:COW"": 8, ""BUY_ANIMAL:SHEEP"": 6, ""BUY_PRODUCT:WHEAT"": 967, ""BUY_SEED:MELON"": 21, ""BUY_SEED:STRAWBERRY"": 44, ""BUY_SEED:WHEAT"": 66, ""SELL:CARROT"": 13, ""SELL:EGG"": 8, ""SELL:FERTILIZER"": 406, ""SELL:MELON"": 197, ""SELL:MILK"": 543, ""SELL:STRAWBERRY"": 536, ""SELL:TOMATO"": 4, ""SELL:WHEAT"": 1108, ""SELL:WOOL"": 300}",197,68,13763.0,0,202.39705882352942,536,221,43295.0,0,195.9049773755656,543,184,38615.0,0,209.8641304347826,300,100,23556.0,0,235.56,-1579.0,600.0,lucien_de_rubempre
90129386,214318505,0,control_v012,standard_converged,130320.0,141500.0,-11180.0,loss,1,2.667295000006561,719,0,20,0.009375,0.057425000000000045,0.0851475000000003,0.299583,"{""BUILD_PASTURE"": 14, ""CARE"": 308, ""COLLECT_FERTILIZER"": 318, ""DIG"": 25, ""DROP"": 80, ""EAST"": 857, ""FEED"": 319, ""FERTILIZE"": 107, ""HARVEST"": 338, ""NORTH"": 1236, ""PASS"": 377, ""PICKUP"": 339, ""PLACE"": 27, ""PLANT"": 131, ""SOUTH"": 929, ""WATER"": 851, ""WEST"": 1098}","{""BUY_ANIMAL"": 14, ""BUY_LAND"": 2, ""BUY_PRODUCT"": 279, ""BUY_SEED"": 54, ""HIRE"": 306, ""SELL"": 471}","{""BUY_ANIMAL:COW"": 8, ""BUY_ANIMAL:SHEEP"": 6, ""BUY_PRODUCT:WHEAT"": 967, ""BUY_SEED:MELON"": 21, ""BUY_SEED:STRAWBERRY"": 44, ""BUY_SEED:WHEAT"": 66, ""SELL:CARROT"": 13, ""SELL:EGG"": 8, ""SELL:FERTILIZER"": 445, ""SELL:MELON"": 224, ""SELL:MILK"": 662, ""SELL:STRAWBERRY"": 620, ""SELL:TOMATO"": 4, ""SELL:WHEAT"": 1108, ""SELL:WOOL"": 367}",224,68,13560.0,0,199.41176470588235,620,212,45926.0,0,216.6320754716981,662,158,26611.0,0,168.4240506329114,367,99,12962.0,5,130.92929292929293,-11180.0,0.0,
90129386,214318505,0,fixed_mohit,standard_converged,131411.0,142037.0,-10626.0,loss,1,2.6628468749986496,719,0,20,0.011083,0.06152080000000001,0.08466062000000016,0.216917,"{""BUILD_PASTURE"": 14, ""CARE"": 308, ""COLLECT_FERTILIZER"": 318, ""DIG"": 25, ""DROP"": 80, ""EAST"": 857, ""FEED"": 319, ""FERTILIZE"": 107, ""HARVEST"": 338, ""NORTH"": 1236, ""PASS"": 377, ""PICKUP"": 339, ""PLACE"": 27, ""PLANT"": 131, ""SOUTH"": 929, ""WATER"": 851, ""WEST"": 1098}","{""BUY_ANIMAL"": 14, ""BUY_LAND"": 2, ""BUY_PRODUCT"": 279, ""BUY_SEED"": 54, ""HIRE"": 306, ""SELL"": 469}","{""BUY_ANIMAL:COW"": 8, ""BUY_ANIMAL:SHEEP"": 6, ""BUY_PRODUCT:WHEAT"": 967, ""BUY_SEED:MELON"": 21, ""BUY_SEED:STRAWBERRY"": 44, ""BUY_SEED:WHEAT"": 66, ""SELL:CARROT"": 13, ""SELL:EGG"": 8, ""SELL:FERTILIZER"": 445, ""SELL:MELON"": 216, ""SELL:MILK"": 642, ""SELL:STRAWBERRY"": 609, ""SELL:TOMATO"": 4, ""SELL:WHEAT"": 1108, ""SELL:WOOL"": 349}",216,68,13560.0,0,199.41176470588235,609,212,45912.0,0,216.56603773584905,642,159,26930.0,0,169.37106918238993,349,99,13661.0,7,137.989898989899,-11180.0,554.0,mohit
90129386,214318505,0,fixed_automatylicza,standard_converged,131112.0,141962.0,-10850.0,loss,1,2.6707460829929914,719,0,20,0.010792,0.04840000000000001,0.0798629400000001,0.278333,"{""BUILD_PASTURE"": 14, ""CARE"": 308, ""COLLECT_FERTILIZER"": 318, ""DIG"": 25, ""DROP"": 80, ""EAST"": 857, ""FEED"": 319, ""FERTILIZE"": 107, ""HARVEST"": 338, ""NORTH"": 1236, ""PASS"": 377, ""PICKUP"": 339, ""PLACE"": 27, ""PLANT"": 131, ""SOUTH"": 929, ""WATER"": 851, ""WEST"": 1098}","{""BUY_ANIMAL"": 14, ""BUY_LAND"": 2, ""BUY_PRODUCT"": 279, ""BUY_SEED"": 54, ""HIRE"": 306, ""SELL"": 481}","{""BUY_ANIMAL:COW"": 8, ""BUY_ANIMAL:SHEEP"": 6, ""BUY_PRODUCT:WHEAT"": 967, ""BUY_SEED:MELON"": 21, ""BUY_SEED:STRAWBERRY"": 44, ""BUY_SEED:WHEAT"": 66, ""SELL:CARROT"": 13, ""SELL:EGG"": 8, ""SELL:FERTILIZER"": 445, ""SELL:MELON"": 224, ""SELL:MILK"": 682, ""SELL:STRAWBERRY"": 636, ""SELL:TOMATO"": 4, ""SELL:WHEAT"": 1108, ""SELL:WOOL"": 373}",224,68,13560.0,0,199.41176470588235,636,212,45908.0,0,216.54716981132074,682,158,26558.0,0,168.08860759493672,373,99,13624.0,7,137.6161616161616,-11180.0,330.0,automatylicza
90129386,214318505,0,fixed_manual_player,standard_converged,130756.0,141507.0,-10751.0,loss,1,2.6634452499856707,719,0,20,0.011167,0.05081610000000026,0.08399138000000006,0.278541,"{""BUILD_PASTURE"": 14, ""CARE"": 308, ""COLLECT_FERTILIZER"": 318, ""DIG"": 25, ""DROP"": 80, ""EAST"": 857, ""FEED"": 319, ""FERTILIZE"": 107, ""HARVEST"": 338, ""NORTH"": 1236, ""PASS"": 377, ""PICKUP"": 339, ""PLACE"": 27, ""PLANT"": 131, ""SOUTH"": 929, ""WATER"": 851, ""WEST"": 1098}","{""BUY_ANIMAL"": 14, ""BUY_LAND"": 2, ""BUY_PRODUCT"": 279, ""BUY_SEED"": 54, ""HIRE"": 306, ""SELL"": 440}","{""BUY_ANIMAL:COW"": 8, ""BUY_ANIMAL:SHEEP"": 6, ""BUY_PRODUCT:WHEAT"": 967, ""BUY_SEED:MELON"": 21, ""BUY_SEED:STRAWBERRY"": 44, ""BUY_SEED:WHEAT"": 66, ""SELL:CARROT"": 13, ""SELL:EGG"": 8, ""SELL:FERTILIZER"": 445, ""SELL:MELON"": 215, ""SELL:MILK"": 560, ""SELL:STRAWBERRY"": 550, ""SELL:TOMATO"": 4, ""SELL:WHEAT"": 1108, ""SELL:WOOL"": 323}",215,68,13515.0,0,198.75,550,212,45991.0,0,216.93867924528303,560,159,27062.0,0,170.2012578616352,323,99,13108.0,4,132.40404040404042,-11180.0,429.0,manual_player
90129386,214318505,0,fixed_navazsh_fathi,standard_converged,134316.0,141669.0,-7353.0,loss,1,2.6553666250110837,719,0,20,0.010917,0.0582164,0.09482000000000068,0.393833,"{""BUILD_PASTURE"": 14, ""CARE"": 308, ""COLLECT_FERTILIZER"": 318, ""DIG"": 25, ""DROP"": 80, ""EAST"": 857, ""FEED"": 319, ""FERTILIZE"": 107, ""HARVEST"": 338, ""NORTH"": 1236, ""PASS"": 377, ""PICKUP"": 339, ""PLACE"": 27, ""PLANT"": 131, ""SOUTH"": 929, ""WATER"": 851, ""WEST"": 1098}","{""BUY_ANIMAL"": 14, ""BUY_LAND"": 2, ""BUY_PRODUCT"": 279, ""BUY_SEED"": 54, ""HIRE"": 306, ""SELL"": 377}","{""BUY_ANIMAL:COW"": 8, ""BUY_ANIMAL:SHEEP"": 6, ""BUY_PRODUCT:WHEAT"": 967, ""BUY_SEED:MELON"": 21, ""BUY_SEED:STRAWBERRY"": 44, ""BUY_SEED:WHEAT"": 66, ""SELL:CARROT"": 13, ""SELL:EGG"": 8, ""SELL:FERTILIZER"": 406, ""SELL:MELON"": 182, ""SELL:MILK"": 413, ""SELL:STRAWBERRY"": 390, ""SELL:TOMATO"": 4, ""SELL:WHEAT"": 1108, ""SELL:WOOL"": 251}",182,68,13585.0,0,199.77941176470588,390,216,46934.0,0,217.28703703703704,413,159,28309.0,0,178.0440251572327,251,99,14712.0,0,148.6060606060606,-11180.0,3827.0,navazsh_fathi
90129386,214318505,0,fixed_lucien_de_rubempre,standard_converged,130863.0,141989.0,-11126.0,loss,1,2.6563629580050474,719,0,20,0.011333,0.05116220000000011,0.08078444000000001,0.255875,"{""BUILD_PASTURE"": 14, ""CARE"": 308, ""COLLECT_FERTILIZER"": 318, ""DIG"": 25, ""DROP"": 80, ""EAST"": 857, ""FEED"": 319, ""FERTILIZE"": 107, ""HARVEST"": 338, ""NORTH"": 1236, ""PASS"": 377, ""PICKUP"": 339, ""PLACE"": 27, ""PLANT"": 131, ""SOUTH"": 929, ""WATER"": 851, ""WEST"": 1098}","{""BUY_ANIMAL"": 14, ""BUY_LAND"": 2, ""BUY_PRODUCT"": 279, ""BUY_SEED"": 54, ""HIRE"": 306, ""SELL"": 418}","{""BUY_ANIMAL:COW"": 8, ""BUY_ANIMAL:SHEEP"": 6, ""BUY_PRODUCT:WHEAT"": 967, ""BUY_SEED:MELON"": 21, ""BUY_SEED:STRAWBERRY"": 44, ""BUY_SEED:WHEAT"": 66, ""SELL:CARROT"": 13, ""SELL:EGG"": 8, ""SELL:FERTILIZER"": 406, ""SELL:MELON"": 197, ""SELL:MILK"": 543, ""SELL:STRAWBERRY"": 536, ""SELL:TOMATO"": 4, ""SELL:WHEAT"": 1108, ""SELL:WOOL"": 300}",197,68,14114.0,0,207.55882352941177,536,209,45451.0,0,217.4688995215311,543,159,27495.0,0,172.9245283018868,300,99,13520.0,2,136.56565656565655,-11180.0,54.0,lucien_de_rubempre
90129386,214318505,1,control_v012,standard_converged,138869.0,134250.0,4619.0,win,1,2.667997040989576,719,0,0,0.009125,0.04490000000000001,0.07661500000000003,0.246666,"{""BUILD_PASTURE"": 14, ""CARE"": 308, ""COLLECT_FERTILIZER"": 318, ""DIG"": 25, ""DROP"": 80, ""EAST"": 857, ""FEED"": 319, ""FERTILIZE"": 107, ""HARVEST"": 338, ""NORTH"": 1236, ""PASS"": 377, ""PICKUP"": 339, ""PLACE"": 27, ""PLANT"": 131, ""SOUTH"": 929, ""WATER"": 851, ""WEST"": 1098}","{""BUY_ANIMAL"": 14, ""BUY_LAND"": 2, ""BUY_PRODUCT"": 279, ""BUY_SEED"": 54, ""HIRE"": 306, ""SELL"": 471}","{""BUY_ANIMAL:COW"": 8, ""BUY_ANIMAL:SHEEP"": 6, ""BUY_PRODUCT:WHEAT"": 967, ""BUY_SEED:MELON"": 21, ""BUY_SEED:STRAWBERRY"": 44, ""BUY_SEED:WHEAT"": 66, ""SELL:CARROT"": 13, ""SELL:EGG"": 8, ""SELL:FERTILIZER"": 445, ""SELL:MELON"": 224, ""SELL:MILK"": 662, ""SELL:STRAWBERRY"": 620, ""SELL:TOMATO"": 4, ""SELL:WHEAT"": 1108, ""SELL:WOOL"": 367}",224,68,13590.0,0,199.85294117647058,620,212,46245.0,0,218.13679245283018,662,183,32547.0,0,177.85245901639345,367,99,14237.0,7,143.8080808080808,4619.0,0.0,
90129386,214318505,1,fixed_mohit,standard_converged,138526.0,135743.0,2783.0,win,1,2.6619233329984127,719,0,0,0.011083,0.046808600000000006,0.07847450000000003,0.3185,"{""BUILD_PASTURE"": 14, ""CARE"": 308, ""COLLECT_FERTILIZER"": 318, ""DIG"": 25, ""DROP"": 80, ""EAST"": 857, ""FEED"": 319, ""FERTILIZE"": 107, ""HARVEST"": 338, ""NORTH"": 1236, ""PASS"": 377, ""PICKUP"": 339, ""PLACE"": 27, ""PLANT"": 131, ""SOUTH"": 929, ""WATER"": 851, ""WEST"": 1098}","{""BUY_ANIMAL"": 14, ""BUY_LAND"": 2, ""BUY_PRODUCT"": 279, ""BUY_SEED"": 54, ""HIRE"": 306, ""SELL"": 469}","{""BUY_ANIMAL:COW"": 8, ""BUY_ANIMAL:SHEEP"": 6, ""BUY_PRODUCT:WHEAT"": 967, ""BUY_SEED:MELON"": 21, ""BUY_SEED:STRAWBERRY"": 44, ""BUY_SEED:WHEAT"": 66, ""SELL:CARROT"": 13, ""SELL:EGG"": 8, ""SELL:FERTILIZER"": 445, ""SELL:MELON"": 216, ""SELL:MILK"": 642, ""SELL:STRAWBERRY"": 609, ""SELL:TOMATO"": 4, ""SELL:WHEAT"": 1108, ""SELL:WOOL"": 349}",216,68,13560.0,0,199.41176470588235,609,212,46189.0,0,217.87264150943398,642,184,32516.0,0,176.7173913043478,349,99,13977.0,7,141.1818181818182,4619.0,-1836.0,mohit
90129386,214318505,1,fixed_automatylicza,standard_converged,139455.0,134533.0,4922.0,win,1,2.6629611249954905,719,0,0,0.010708,0.0455083,0.07850512000000003,0.251083,"{""BUILD_PASTURE"": 14, ""CARE"": 308, ""COLLECT_FERTILIZER"": 318, ""DIG"": 25, ""DROP"": 80, ""EAST"": 857, ""FEED"": 319, ""FERTILIZE"": 107, ""HARVEST"": 338, ""NORTH"": 1236, ""PASS"": 377, ""PICKUP"": 339, ""PLACE"": 27, ""PLANT"": 131, ""SOUTH"": 929, ""WATER"": 851, ""WEST"": 1098}","{""BUY_ANIMAL"": 14, ""BUY_LAND"": 2, ""BUY_PRODUCT"": 279, ""BUY_SEED"": 54, ""HIRE"": 306, ""SELL"": 481}","{""BUY_ANIMAL:COW"": 8, ""BUY_ANIMAL:SHEEP"": 6, ""BUY_PRODUCT:WHEAT"": 967, ""BUY_SEED:MELON"": 21, ""BUY_SEED:STRAWBERRY"": 44, ""BUY_SEED:WHEAT"": 66, ""SELL:CARROT"": 13, ""SELL:EGG"": 8, ""SELL:FERTILIZER"": 445, ""SELL:MELON"": 224, ""SELL:MILK"": 682, ""SELL:STRAWBERRY"": 636, ""SELL:TOMATO"": 4, ""SELL:WHEAT"": 1108, ""SELL:WOOL"": 373}",224,68,13590.0,0,199.85294117647058,636,212,46237.0,0,218.0990566037736,682,183,32552.0,0,177.87978142076503,373,99,14672.0,7,148.2020202020202,4619.0,303.0,automatylicza
90129386,214318505,1,fixed_manual_player,standard_converged,137081.0,136232.0,849.0,win,1,2.665312458004337,719,0,0,0.010917,0.04649550000000004,0.07821256000000001,0.106041,"{""BUILD_PASTURE"": 14, ""CARE"": 308, ""COLLECT_FERTILIZER"": 318, ""DIG"": 25, ""DROP"": 80, ""EAST"": 857, ""FEED"": 319, ""FERTILIZE"": 107, ""HARVEST"": 338, ""NORTH"": 1236, ""PASS"": 377, ""PICKUP"": 339, ""PLACE"": 27, ""PLANT"": 131, ""SOUTH"": 929, ""WATER"": 851, ""WEST"": 1098}","{""BUY_ANIMAL"": 14, ""BUY_LAND"": 2, ""BUY_PRODUCT"": 279, ""BUY_SEED"": 54, ""HIRE"": 306, ""SELL"": 440}","{""BUY_ANIMAL:COW"": 8, ""BUY_ANIMAL:SHEEP"": 6, ""BUY_PRODUCT:WHEAT"": 967, ""BUY_SEED:MELON"": 21, ""BUY_SEED:STRAWBERRY"": 44, ""BUY_SEED:WHEAT"": 66, ""SELL:CARROT"": 13, ""SELL:EGG"": 8, ""SELL:FERTILIZER"": 445, ""SELL:MELON"": 215, ""SELL:MILK"": 560, ""SELL:STRAWBERRY"": 550, ""SELL:TOMATO"": 4, ""SELL:WHEAT"": 1108, ""SELL:WOOL"": 323}",215,68,13515.0,0,198.75,550,212,46085.0,0,217.3820754716981,560,186,32513.0,0,174.80107526881721,323,99,13232.0,6,133.65656565656565,4619.0,-3770.0,manual_player
90129386,214318505,1,fixed_navazsh_fathi,standard_converged,138892.0,136288.0,2604.0,win,1,2.653250207993551,719,0,0,0.010833,0.04688720000000002,0.07770994000000005,0.305,"{""BUILD_PASTURE"": 14, ""CARE"": 308, ""COLLECT_FERTILIZER"": 318, ""DIG"": 25, ""DROP"": 80, ""EAST"": 857, ""FEED"": 319, ""FERTILIZE"": 107, ""HARVEST"": 338, ""NORTH"": 1236, ""PASS"": 377, ""PICKUP"": 339, ""PLACE"": 27, ""PLANT"": 131, ""SOUTH"": 929, ""WATER"": 851, ""WEST"": 1098}","{""BUY_ANIMAL"": 14, ""BUY_LAND"": 2, ""BUY_PRODUCT"": 279, ""BUY_SEED"": 54, ""HIRE"": 306, ""SELL"": 377}","{""BUY_ANIMAL:COW"": 8, ""BUY_ANIMAL:SHEEP"": 6, ""BUY_PRODUCT:WHEAT"": 967, ""BUY_SEED:MELON"": 21, ""BUY_SEED:STRAWBERRY"": 44, ""BUY_SEED:WHEAT"": 66, ""SELL:CARROT"": 13, ""SELL:EGG"": 8, ""SELL:FERTILIZER"": 406, ""SELL:MELON"": 182, ""SELL:MILK"": 413, ""SELL:STRAWBERRY"": 390, ""SELL:TOMATO"": 4, ""SELL:WHEAT"": 1108, ""SELL:WOOL"": 251}",182,68,13585.0,0,199.77941176470588,390,217,47222.0,0,217.61290322580646,413,186,33432.0,0,179.74193548387098,251,100,13853.0,1,138.53,4619.0,-2015.0,navazsh_fathi
90129386,214318505,1,fixed_lucien_de_rubempre,standard_converged,130490.0,128768.0,1722.0,win,1,2.650721790996613,719,0,0,0.011208,0.047145900000000004,0.08179750000000005,0.305333,"{""BUILD_PASTURE"": 14, ""CARE"": 308, ""COLLECT_FERTILIZER"": 318, ""DIG"": 25, ""DROP"": 80, ""EAST"": 857, ""FEED"": 319, ""FERTILIZE"": 107, ""HARVEST"": 338, ""NORTH"": 1236, ""PASS"": 377, ""PICKUP"": 339, ""PLACE"": 27, ""PLANT"": 131, ""SOUTH"": 929, ""WATER"": 851, ""WEST"": 1098}","{""BUY_ANIMAL"": 14, ""BUY_LAND"": 2, ""BUY_PRODUCT"": 279, ""BUY_SEED"": 54, ""HIRE"": 306, ""SELL"": 418}","{""BUY_ANIMAL:COW"": 8, ""BUY_ANIMAL:SHEEP"": 6, ""BUY_PRODUCT:WHEAT"": 967, ""BUY_SEED:MELON"": 21, ""BUY_SEED:STRAWBERRY"": 44, ""BUY_SEED:WHEAT"": 66, ""SELL:CARROT"": 13, ""SELL:EGG"": 8, ""SELL:FERTILIZER"": 406, ""SELL:MELON"": 197, ""SELL:MILK"": 543, ""SELL:STRAWBERRY"": 536, ""SELL:TOMATO"": 4, ""SELL:WHEAT"": 1108, ""SELL:WOOL"": 300}",197,68,13585.0,0,199.77941176470588,536,220,47971.0,0,218.05,543,184,24981.0,0,135.7663043478261,300,99,13492.0,6,136.2828282828283,4619.0,-2897.0,lucien_de_rubempre
90130062,612087498,0,control_v012,standard_converged,101867.0,107590.0,-5723.0,loss,1,2.688545165990945,719,0,0,0.009292,0.048441700000000074,0.07667250000000005,0.314708,"{""BUILD_PASTURE"": 14, ""CARE"": 308, ""COLLECT_FERTILIZER"": 318, ""DIG"": 25, ""DROP"": 80, ""EAST"": 857, ""FEED"": 319, ""FERTILIZE"": 107, ""HARVEST"": 338, ""NORTH"": 1236, ""PASS"": 377, ""PICKUP"": 339, ""PLACE"": 27, ""PLANT"": 131, ""SOUTH"": 929, ""WATER"": 851, ""WEST"": 1098}","{""BUY_ANIMAL"": 14, ""BUY_LAND"": 2, ""BUY_PRODUCT"": 279, ""BUY_SEED"": 54, ""HIRE"": 306, ""SELL"": 450}","{""BUY_ANIMAL:COW"": 8, ""BUY_ANIMAL:SHEEP"": 6, ""BUY_PRODUCT:WHEAT"": 967, ""BUY_SEED:MELON"": 21, ""BUY_SEED:STRAWBERRY"": 44, ""BUY_SEED:WHEAT"": 66, ""SELL:CARROT"": 13, ""SELL:EGG"": 8, ""SELL:FERTILIZER"": 437, ""SELL:MELON"": 224, ""SELL:MILK"": 614, ""SELL:STRAWBERRY"": 567, ""SELL:TOMATO"": 4, ""SELL:WHEAT"": 1108, ""SELL:WOOL"": 354}",224,68,13559.0,0,199.39705882352942,567,221,36649.0,0,165.83257918552036,614,183,18976.0,0,103.69398907103825,354,100,6322.0,34,63.22,-5723.0,0.0,
90130062,612087498,0,fixed_mohit,standard_converged,102061.0,108602.0,-6541.0,loss,1,2.6897221249964787,719,0,0,0.011625,0.05163300000000003,0.08968144000000008,0.27975,"{""BUILD_PASTURE"": 14, ""CARE"": 308, ""COLLECT_FERTILIZER"": 318, ""DIG"": 25, ""DROP"": 80, ""EAST"": 857, ""FEED"": 319, ""FERTILIZE"": 107, ""HARVEST"": 338, ""NORTH"": 1236, ""PASS"": 377, ""PICKUP"": 339, ""PLACE"": 27, ""PLANT"": 131, ""SOUTH"": 929, ""WATER"": 851, ""WEST"": 1098}","{""BUY_ANIMAL"": 14, ""BUY_LAND"": 2, ""BUY_PRODUCT"": 279, ""BUY_SEED"": 54, ""HIRE"": 306, ""SELL"": 469}","{""BUY_ANIMAL:COW"": 8, ""BUY_ANIMAL:SHEEP"": 6, ""BUY_PRODUCT:WHEAT"": 967, ""BUY_SEED:MELON"": 21, ""BUY_SEED:STRAWBERRY"": 44, ""BUY_SEED:WHEAT"": 66, ""SELL:CARROT"": 13, ""SELL:EGG"": 8, ""SELL:FERTILIZER"": 445, ""SELL:MELON"": 216, ""SELL:MILK"": 642, ""SELL:STRAWBERRY"": 609, ""SELL:TOMATO"": 4, ""SELL:WHEAT"": 1108, ""SELL:WOOL"": 349}",216,68,13559.0,0,199.39705882352942,609,216,36731.0,0,170.05092592592592,642,184,19097.0,0,103.78804347826087,349,100,6370.0,35,63.7,-5723.0,-818.0,mohit
90130062,612087498,0,fixed_automatylicza,standard_converged,101803.0,108576.0,-6773.0,loss,1,2.6764652079873485,719,0,0,0.010708,0.047591700000000056,0.07848488,0.208667,"{""BUILD_PASTURE"": 14, ""CARE"": 308, ""COLLECT_FERTILIZER"": 318, ""DIG"": 25, ""DROP"": 80, ""EAST"": 857, ""FEED"": 319, ""FERTILIZE"": 107, ""HARVEST"": 338, ""NORTH"": 1236, ""PASS"": 377, ""PICKUP"": 339, ""PLACE"": 27, ""PLANT"": 131, ""SOUTH"": 929, ""WATER"": 851, ""WEST"": 1098}","{""BUY_ANIMAL"": 14, ""BUY_LAND"": 2, ""BUY_PRODUCT"": 279, ""BUY_SEED"": 54, ""HIRE"": 306, ""SELL"": 481}","{""BUY_ANIMAL:COW"": 8, ""BUY_ANIMAL:SHEEP"": 6, ""BUY_PRODUCT:WHEAT"": 967, ""BUY_SEED:MELON"": 21, ""BUY_SEED:STRAWBERRY"": 44, ""BUY_SEED:WHEAT"": 66, ""SELL:CARROT"": 13, ""SELL:EGG"": 8, ""SELL:FERTILIZER"": 445, ""SELL:MELON"": 224, ""SELL:MILK"": 682, ""SELL:STRAWBERRY"": 636, ""SELL:TOMATO"": 4, ""SELL:WHEAT"": 1108, ""SELL:WOOL"": 373}",224,68,13559.0,0,199.39705882352942,636,216,36728.0,0,170.03703703703704,682,183,18804.0,0,102.75409836065573,373,100,6308.0,36,63.08,-5723.0,-1050.0,automatylicza
90130062,612087498,0,fixed_manual_player,standard_converged,103033.0,108693.0,-5660.0,loss,1,2.6846825840038946,719,0,0,0.011084,0.049754200000000116,0.08116382000000003,0.386667,"{""BUILD_PASTURE"": 14, ""CARE"": 308, ""COLLECT_FERTILIZER"": 318, ""DIG"": 25, ""DROP"": 80, ""EAST"": 857, ""FEED"": 319, ""FERTILIZE"": 107, ""HARVEST"": 338, ""NORTH"": 1236, ""PASS"": 377, ""PICKUP"": 339, ""PLACE"": 27, ""PLANT"": 131, ""SOUTH"": 929, ""WATER"": 851, ""WEST"": 1098}","{""BUY_ANIMAL"": 14, ""BUY_LAND"": 2, ""BUY_PRODUCT"": 279, ""BUY_SEED"": 54, ""HIRE"": 306, ""SELL"": 440}","{""BUY_ANIMAL:COW"": 8, ""BUY_ANIMAL:SHEEP"": 6, ""BUY_PRODUCT:WHEAT"": 967, ""BUY_SEED:MELON"": 21, ""BUY_SEED:STRAWBERRY"": 44, ""BUY_SEED:WHEAT"": 66, ""SELL:CARROT"": 13, ""SELL:EGG"": 8, ""SELL:FERTILIZER"": 445, ""SELL:MELON"": 215, ""SELL:MILK"": 560, ""SELL:STRAWBERRY"": 550, ""SELL:TOMATO"": 4, ""SELL:WHEAT"": 1108, ""SELL:WOOL"": 323}",215,68,13515.0,0,198.75,550,216,37021.0,0,171.3935185185185,560,186,19555.0,0,105.13440860215054,323,100,7027.0,33,70.27,-5723.0,63.0,manual_player
90130062,612087498,0,fixed_navazsh_fathi,standard_converged,105257.0,107563.0,-2306.0,loss,1,2.6750393340043956,719,0,0,0.010958,0.04964970000000002,0.08719694000000042,0.382334,"{""BUILD_PASTURE"": 14, ""CARE"": 308, ""COLLECT_FERTILIZER"": 318, ""DIG"": 25, ""DROP"": 80, ""EAST"": 857, ""FEED"": 319, ""FERTILIZE"": 107, ""HARVEST"": 338, ""NORTH"": 1236, ""PASS"": 377, ""PICKUP"": 339, ""PLACE"": 27, ""PLANT"": 131, ""SOUTH"": 929, ""WATER"": 851, ""WEST"": 1098}","{""BUY_ANIMAL"": 14, ""BUY_LAND"": 2, ""BUY_PRODUCT"": 279, ""BUY_SEED"": 54, ""HIRE"": 306, ""SELL"": 377}","{""BUY_ANIMAL:COW"": 8, ""BUY_ANIMAL:SHEEP"": 6, ""BUY_PRODUCT:WHEAT"": 967, ""BUY_SEED:MELON"": 21, ""BUY_SEED:STRAWBERRY"": 44, ""BUY_SEED:WHEAT"": 66, ""SELL:CARROT"": 13, ""SELL:EGG"": 8, ""SELL:FERTILIZER"": 406, ""SELL:MELON"": 182, ""SELL:MILK"": 413, ""SELL:STRAWBERRY"": 390, ""SELL:TOMATO"": 4, ""SELL:WHEAT"": 1108, ""SELL:WOOL"": 251}",182,68,13585.0,0,199.77941176470588,390,223,38430.0,0,172.33183856502242,413,186,21043.0,0,113.13440860215054,251,100,7172.0,30,71.72,-5723.0,3417.0,navazsh_fathi
90130062,612087498,0,fixed_lucien_de_rubempre,standard_converged,103133.0,106787.0,-3654.0,loss,1,2.6829947079968406,719,0,0,0.011375,0.05570810000000006,0.0924387400000001,0.290625,"{""BUILD_PASTURE"": 14, ""CARE"": 308, ""COLLECT_FERTILIZER"": 318, ""DIG"": 25, ""DROP"": 80, ""EAST"": 857, ""FEED"": 319, ""FERTILIZE"": 107, ""HARVEST"": 338, ""NORTH"": 1236, ""PASS"": 377, ""PICKUP"": 339, ""PLACE"": 27, ""PLANT"": 131, ""SOUTH"": 929, ""WATER"": 851, ""WEST"": 1098}","{""BUY_ANIMAL"": 14, ""BUY_LAND"": 2, ""BUY_PRODUCT"": 279, ""BUY_SEED"": 54, ""HIRE"": 306, ""SELL"": 418}","{""BUY_ANIMAL:COW"": 8, ""BUY_ANIMAL:SHEEP"": 6, ""BUY_PRODUCT:WHEAT"": 967, ""BUY_SEED:MELON"": 21, ""BUY_SEED:STRAWBERRY"": 44, ""BUY_SEED:WHEAT"": 66, ""SELL:CARROT"": 13, ""SELL:EGG"": 8, ""SELL:FERTILIZER"": 406, ""SELL:MELON"": 197, ""SELL:MILK"": 543, ""SELL:STRAWBERRY"": 536, ""SELL:TOMATO"": 4, ""SELL:WHEAT"": 1108, ""SELL:WOOL"": 300}",197,68,13585.0,0,199.77941176470588,536,221,37287.0,0,168.71945701357467,543,184,19744.0,0,107.30434782608695,300,100,6638.0,29,66.38,-5723.0,2069.0,lucien_de_rubempre
90130062,612087498,1,control_v012,standard_converged,107525.0,107503.0,22.0,win,1,2.6806918750080513,719,0,0,0.009125,0.0454253,0.07704256000000001,0.284042,"{""BUILD_PASTURE"": 14, ""CARE"": 308, ""COLLECT_FERTILIZER"": 318, ""DIG"": 25, ""DROP"": 80, ""EAST"": 857, ""FEED"": 319, ""FERTILIZE"": 107, ""HARVEST"": 338, ""NORTH"": 1236, ""PASS"": 377, ""PICKUP"": 339, ""PLACE"": 27, ""PLANT"": 131, ""SOUTH"": 929, ""WATER"": 851, ""WEST"": 1098}","{""BUY_ANIMAL"": 14, ""BUY_LAND"": 2, ""BUY_PRODUCT"": 279, ""BUY_SEED"": 54, ""HIRE"": 306, ""SELL"": 450}","{""BUY_ANIMAL:COW"": 8, ""BUY_ANIMAL:SHEEP"": 6, ""BUY_PRODUCT:WHEAT"": 967, ""BUY_SEED:MELON"": 21, ""BUY_SEED:STRAWBERRY"": 44, ""BUY_SEED:WHEAT"": 66, ""SELL:CARROT"": 13, ""SELL:EGG"": 8, ""SELL:FERTILIZER"": 437, ""SELL:MELON"": 224, ""SELL:MILK"": 614, ""SELL:STRAWBERRY"": 567, ""SELL:TOMATO"": 4, ""SELL:WHEAT"": 1108, ""SELL:WOOL"": 354}",224,68,13727.0,0,201.86764705882354,567,221,38379.0,0,173.6606334841629,614,183,20640.0,0,112.78688524590164,354,100,8588.0,30,85.88,22.0,0.0,
90130062,612087498,1,fixed_mohit,standard_converged,106858.0,109141.0,-2283.0,loss,1,2.694733999989694,719,0,0,0.011333,0.04538300000000001,0.08121994000000002,0.131791,"{""BUILD_PASTURE"": 14, ""CARE"": 308, ""COLLECT_FERTILIZER"": 318, ""DIG"": 25, ""DROP"": 80, ""EAST"": 857, ""FEED"": 319, ""FERTILIZE"": 107, ""HARVEST"": 338, ""NORTH"": 1236, ""PASS"": 377, ""PICKUP"": 339, ""PLACE"": 27, ""PLANT"": 131, ""SOUTH"": 929, ""WATER"": 851, ""WEST"": 1098}","{""BUY_ANIMAL"": 14, ""BUY_LAND"": 2, ""BUY_PRODUCT"": 279, ""BUY_SEED"": 54, ""HIRE"": 306, ""SELL"": 469}","{""BUY_ANIMAL:COW"": 8, ""BUY_ANIMAL:SHEEP"": 6, ""BUY_PRODUCT:WHEAT"": 967, ""BUY_SEED:MELON"": 21, ""BUY_SEED:STRAWBERRY"": 44, ""BUY_SEED:WHEAT"": 66, ""SELL:CARROT"": 13, ""SELL:EGG"": 8, ""SELL:FERTILIZER"": 445, ""SELL:MELON"": 216, ""SELL:MILK"": 642, ""SELL:STRAWBERRY"": 609, ""SELL:TOMATO"": 4, ""SELL:WHEAT"": 1108, ""SELL:WOOL"": 349}",216,68,13697.0,0,201.4264705882353,609,216,38340.0,0,177.5,642,184,20641.0,0,112.17934782608695,349,100,8015.0,38,80.15,22.0,-2305.0,mohit
90130062,612087498,1,fixed_automatylicza,standard_converged,108015.0,107957.0,58.0,win,1,2.6826605000096606,719,0,0,0.010625,0.04707850000000001,0.07886006,0.134834,"{""BUILD_PASTURE"": 14, ""CARE"": 308, ""COLLECT_FERTILIZER"": 318, ""DIG"": 25, ""DROP"": 80, ""EAST"": 857, ""FEED"": 319, ""FERTILIZE"": 107, ""HARVEST"": 338, ""NORTH"": 1236, ""PASS"": 377, ""PICKUP"": 339, ""PLACE"": 27, ""PLANT"": 131, ""SOUTH"": 929, ""WATER"": 851, ""WEST"": 1098}","{""BUY_ANIMAL"": 14, ""BUY_LAND"": 2, ""BUY_PRODUCT"": 279, ""BUY_SEED"": 54, ""HIRE"": 306, ""SELL"": 481}","{""BUY_ANIMAL:COW"": 8, ""BUY_ANIMAL:SHEEP"": 6, ""BUY_PRODUCT:WHEAT"": 967, ""BUY_SEED:MELON"": 21, ""BUY_SEED:STRAWBERRY"": 44, ""BUY_SEED:WHEAT"": 66, ""SELL:CARROT"": 13, ""SELL:EGG"": 8, ""SELL:FERTILIZER"": 445, ""SELL:MELON"": 224, ""SELL:MILK"": 682, ""SELL:STRAWBERRY"": 636, ""SELL:TOMATO"": 4, ""SELL:WHEAT"": 1108, ""SELL:WOOL"": 373}",224,68,13727.0,0,201.86764705882354,636,216,38400.0,0,177.77777777777777,682,183,20933.0,0,114.3879781420765,373,100,8724.0,28,87.24,22.0,36.0,automatylicza
90130062,612087498,1,fixed_manual_player,standard_converged,104976.0,111733.0,-6757.0,loss,1,2.682567708994611,719,0,0,0.010916,0.0461711,0.07827306000000002,0.115875,"{""BUILD_PASTURE"": 14, ""CARE"": 308, ""COLLECT_FERTILIZER"": 318, ""DIG"": 25, ""DROP"": 80, ""EAST"": 857, ""FEED"": 319, ""FERTILIZE"": 107, ""HARVEST"": 338, ""NORTH"": 1236, ""PASS"": 377, ""PICKUP"": 339, ""PLACE"": 27, ""PLANT"": 131, ""SOUTH"": 929, ""WATER"": 851, ""WEST"": 1098}","{""BUY_ANIMAL"": 14, ""BUY_LAND"": 2, ""BUY_PRODUCT"": 279, ""BUY_SEED"": 54, ""HIRE"": 306, ""SELL"": 440}","{""BUY_ANIMAL:COW"": 8, ""BUY_ANIMAL:SHEEP"": 6, ""BUY_PRODUCT:WHEAT"": 967, ""BUY_SEED:MELON"": 21, ""BUY_SEED:STRAWBERRY"": 44, ""BUY_SEED:WHEAT"": 66, ""SELL:CARROT"": 13, ""SELL:EGG"": 8, ""SELL:FERTILIZER"": 445, ""SELL:MELON"": 215, ""SELL:MILK"": 560, ""SELL:STRAWBERRY"": 550, ""SELL:TOMATO"": 4, ""SELL:WHEAT"": 1108, ""SELL:WOOL"": 323}",215,68,13706.0,0,201.55882352941177,550,216,37567.0,0,173.9212962962963,560,186,20138.0,0,108.26881720430107,323,100,7757.0,37,77.57,22.0,-6779.0,manual_player
90130062,612087498,1,fixed_navazsh_fathi,standard_converged,105034.0,112745.0,-7711.0,loss,1,2.715572291999706,719,0,0,0.011084,0.047170300000000026,0.0970480000000006,1.511541,"{""BUILD_PASTURE"": 14, ""CARE"": 308, ""COLLECT_FERTILIZER"": 318, ""DIG"": 25, ""DROP"": 80, ""EAST"": 857, ""FEED"": 319, ""FERTILIZE"": 107, ""HARVEST"": 338, ""NORTH"": 1236, ""PASS"": 377, ""PICKUP"": 339, ""PLACE"": 27, ""PLANT"": 131, ""SOUTH"": 929, ""WATER"": 851, ""WEST"": 1098}","{""BUY_ANIMAL"": 14, ""BUY_LAND"": 2, ""BUY_PRODUCT"": 279, ""BUY_SEED"": 54, ""HIRE"": 306, ""SELL"": 377}","{""BUY_ANIMAL:COW"": 8, ""BUY_ANIMAL:SHEEP"": 6, ""BUY_PRODUCT:WHEAT"": 967, ""BUY_SEED:MELON"": 21, ""BUY_SEED:STRAWBERRY"": 44, ""BUY_SEED:WHEAT"": 66, ""SELL:CARROT"": 13, ""SELL:EGG"": 8, ""SELL:FERTILIZER"": 406, ""SELL:MELON"": 182, ""SELL:MILK"": 413, ""SELL:STRAWBERRY"": 390, ""SELL:TOMATO"": 4, ""SELL:WHEAT"": 1108, ""SELL:WOOL"": 251}",182,68,13585.0,0,199.77941176470588,390,223,38482.0,0,172.56502242152467,413,185,21001.0,0,113.51891891891891,251,100,7025.0,36,70.25,22.0,-7733.0,navazsh_fathi
90130062,612087498,1,fixed_lucien_de_rubempre,standard_converged,103159.0,111747.0,-8588.0,loss,1,2.687850083995727,719,0,0,0.011083,0.04917440000000001,0.07918006000000005,0.113125,"{""BUILD_PASTURE"": 14, ""CARE"": 308, ""COLLECT_FERTILIZER"": 318, ""DIG"": 25, ""DROP"": 80, ""EAST"": 857, ""FEED"": 319, ""FERTILIZE"": 107, ""HARVEST"": 338, ""NORTH"": 1236, ""PASS"": 377, ""PICKUP"": 339, ""PLACE"": 27, ""PLANT"": 131, ""SOUTH"": 929, ""WATER"": 851, ""WEST"": 1098}","{""BUY_ANIMAL"": 14, ""BUY_LAND"": 2, ""BUY_PRODUCT"": 279, ""BUY_SEED"": 54, ""HIRE"": 306, ""SELL"": 418}","{""BUY_ANIMAL:COW"": 8, ""BUY_ANIMAL:SHEEP"": 6, ""BUY_PRODUCT:WHEAT"": 967, ""BUY_SEED:MELON"": 21, ""BUY_SEED:STRAWBERRY"": 44, ""BUY_SEED:WHEAT"": 66, ""SELL:CARROT"": 13, ""SELL:EGG"": 8, ""SELL:FERTILIZER"": 406, ""SELL:MELON"": 197, ""SELL:MILK"": 543, ""SELL:STRAWBERRY"": 536, ""SELL:TOMATO"": 4, ""SELL:WHEAT"": 1108, ""SELL:WOOL"": 300}",197,68,13585.0,0,199.77941176470588,536,221,37350.0,0,169.00452488687782,543,184,19928.0,0,108.30434782608695,300,100,6519.0,35,65.19,22.0,-8610.0,lucien_de_rubempre
90130129,1339902708,0,control_v012,standard_converged,133546.0,136364.0,-2818.0,loss,1,2.677587666999898,719,0,0,0.009208,0.057420800000000126,0.08080506000000007,0.265333,"{""BUILD_PASTURE"": 14, ""CARE"": 308, ""COLLECT_FERTILIZER"": 318, ""DIG"": 25, ""DROP"": 80, ""EAST"": 857, ""FEED"": 319, ""FERTILIZE"": 107, ""HARVEST"": 338, ""NORTH"": 1236, ""PASS"": 377, ""PICKUP"": 339, ""PLACE"": 27, ""PLANT"": 131, ""SOUTH"": 929, ""WATER"": 851, ""WEST"": 1098}","{""BUY_ANIMAL"": 14, ""BUY_LAND"": 2, ""BUY_PRODUCT"": 279, ""BUY_SEED"": 54, ""HIRE"": 306, ""SELL"": 450}","{""BUY_ANIMAL:COW"": 8, ""BUY_ANIMAL:SHEEP"": 6, ""BUY_PRODUCT:WHEAT"": 967, ""BUY_SEED:MELON"": 21, ""BUY_SEED:STRAWBERRY"": 44, ""BUY_SEED:WHEAT"": 66, ""SELL:CARROT"": 13, ""SELL:EGG"": 8, ""SELL:FERTILIZER"": 437, ""SELL:MELON"": 224, ""SELL:MILK"": 614, ""SELL:STRAWBERRY"": 567, ""SELL:TOMATO"": 4, ""SELL:WHEAT"": 1108, ""SELL:WOOL"": 354}",224,68,13590.0,0,199.85294117647058,567,221,45586.0,0,206.2714932126697,614,183,36583.0,0,199.9071038251366,354,100,6409.0,37,64.09,-2818.0,0.0,
90130129,1339902708,0,fixed_mohit,standard_converged,132840.0,136879.0,-4039.0,loss,1,2.689447166005266,719,0,0,0.011667,0.05282110000000012,0.0823024400000001,0.209791,"{""BUILD_PASTURE"": 14, ""CARE"": 308, ""COLLECT_FERTILIZER"": 318, ""DIG"": 25, ""DROP"": 80, ""EAST"": 857, ""FEED"": 319, ""FERTILIZE"": 107, ""HARVEST"": 338, ""NORTH"": 1236, ""PASS"": 377, ""PICKUP"": 339, ""PLACE"": 27, ""PLANT"": 131, ""SOUTH"": 929, ""WATER"": 851, ""WEST"": 1098}","{""BUY_ANIMAL"": 14, ""BUY_LAND"": 2, ""BUY_PRODUCT"": 279, ""BUY_SEED"": 54, ""HIRE"": 306, ""SELL"": 469}","{""BUY_ANIMAL:COW"": 8, ""BUY_ANIMAL:SHEEP"": 6, ""BUY_PRODUCT:WHEAT"": 967, ""BUY_SEED:MELON"": 21, ""BUY_SEED:STRAWBERRY"": 44, ""BUY_SEED:WHEAT"": 66, ""SELL:CARROT"": 13, ""SELL:EGG"": 8, ""SELL:FERTILIZER"": 445, ""SELL:MELON"": 216, ""SELL:MILK"": 642, ""SELL:STRAWBERRY"": 609, ""SELL:TOMATO"": 4, ""SELL:WHEAT"": 1108, ""SELL:WOOL"": 349}",216,68,13590.0,0,199.85294117647058,609,216,44864.0,0,207.7037037037037,642,184,36791.0,0,199.95108695652175,349,100,6433.0,39,64.33,-2818.0,-1221.0,mohit
90130129,1339902708,0,fixed_automatylicza,standard_converged,132571.0,136892.0,-4321.0,loss,1,2.6827028749976307,719,0,0,0.010958,0.048212800000000014,0.07901550000000002,0.195042,"{""BUILD_PASTURE"": 14, ""CARE"": 308, ""COLLECT_FERTILIZER"": 318, ""DIG"": 25, ""DROP"": 80, ""EAST"": 857, ""FEED"": 319, ""FERTILIZE"": 107, ""HARVEST"": 338, ""NORTH"": 1236, ""PASS"": 377, ""PICKUP"": 339, ""PLACE"": 27, ""PLANT"": 131, ""SOUTH"": 929, ""WATER"": 851, ""WEST"": 1098}","{""BUY_ANIMAL"": 14, ""BUY_LAND"": 2, ""BUY_PRODUCT"": 279, ""BUY_SEED"": 54, ""HIRE"": 306, ""SELL"": 481}","{""BUY_ANIMAL:COW"": 8, ""BUY_ANIMAL:SHEEP"": 6, ""BUY_PRODUCT:WHEAT"": 967, ""BUY_SEED:MELON"": 21, ""BUY_SEED:STRAWBERRY"": 44, ""BUY_SEED:WHEAT"": 66, ""SELL:CARROT"": 13, ""SELL:EGG"": 8, ""SELL:FERTILIZER"": 445, ""SELL:MELON"": 224, ""SELL:MILK"": 682, ""SELL:STRAWBERRY"": 636, ""SELL:TOMATO"": 4, ""SELL:WHEAT"": 1108, ""SELL:WOOL"": 373}",224,68,13590.0,0,199.85294117647058,636,216,44860.0,0,207.6851851851852,682,183,36406.0,0,198.9398907103825,373,100,6395.0,39,63.95,-2818.0,-1503.0,automatylicza
90130129,1339902708,0,fixed_manual_player,standard_converged,133560.0,136967.0,-3407.0,loss,1,2.6847124159976374,719,0,0,0.011083,0.05313300000000004,0.08112806000000009,0.305958,"{""BUILD_PASTURE"": 14, ""CARE"": 308, ""COLLECT_FERTILIZER"": 318, ""DIG"": 25, ""DROP"": 80, ""EAST"": 857, ""FEED"": 319, ""FERTILIZE"": 107, ""HARVEST"": 338, ""NORTH"": 1236, ""PASS"": 377, ""PICKUP"": 339, ""PLACE"": 27, ""PLANT"": 131, ""SOUTH"": 929, ""WATER"": 851, ""WEST"": 1098}","{""BUY_ANIMAL"": 14, ""BUY_LAND"": 2, ""BUY_PRODUCT"": 279, ""BUY_SEED"": 54, ""HIRE"": 306, ""SELL"": 440}","{""BUY_ANIMAL:COW"": 8, ""BUY_ANIMAL:SHEEP"": 6, ""BUY_PRODUCT:WHEAT"": 967, ""BUY_SEED:MELON"": 21, ""BUY_SEED:STRAWBERRY"": 44, ""BUY_SEED:WHEAT"": 66, ""SELL:CARROT"": 13, ""SELL:EGG"": 8, ""SELL:FERTILIZER"": 445, ""SELL:MELON"": 215, ""SELL:MILK"": 560, ""SELL:STRAWBERRY"": 550, ""SELL:TOMATO"": 4, ""SELL:WHEAT"": 1108, ""SELL:WOOL"": 323}",215,68,13583.0,0,199.75,550,216,44960.0,0,208.14814814814815,560,186,37207.0,0,200.03763440860214,323,100,7055.0,37,70.55,-2818.0,-589.0,manual_player
90130129,1339902708,0,fixed_navazsh_fathi,standard_converged,134722.0,136265.0,-1543.0,loss,1,2.6845953339943662,719,0,0,0.011,0.049412200000000024,0.08391988000000009,0.287,"{""BUILD_PASTURE"": 14, ""CARE"": 308, ""COLLECT_FERTILIZER"": 318, ""DIG"": 25, ""DROP"": 80, ""EAST"": 857, ""FEED"": 319, ""FERTILIZE"": 107, ""HARVEST"": 338, ""NORTH"": 1236, ""PASS"": 377, ""PICKUP"": 339, ""PLACE"": 27, ""PLANT"": 131, ""SOUTH"": 929, ""WATER"": 851, ""WEST"": 1098}","{""BUY_ANIMAL"": 14, ""BUY_LAND"": 2, ""BUY_PRODUCT"": 279, ""BUY_SEED"": 54, ""HIRE"": 306, ""SELL"": 377}","{""BUY_ANIMAL:COW"": 8, ""BUY_ANIMAL:SHEEP"": 6, ""BUY_PRODUCT:WHEAT"": 967, ""BUY_SEED:MELON"": 21, ""BUY_SEED:STRAWBERRY"": 44, ""BUY_SEED:WHEAT"": 66, ""SELL:CARROT"": 13, ""SELL:EGG"": 8, ""SELL:FERTILIZER"": 406, ""SELL:MELON"": 182, ""SELL:MILK"": 413, ""SELL:STRAWBERRY"": 390, ""SELL:TOMATO"": 4, ""SELL:WHEAT"": 1108, ""SELL:WOOL"": 251}",182,68,13644.0,0,200.64705882352942,390,223,46255.0,0,207.42152466367713,413,186,37954.0,0,204.05376344086022,251,100,7007.0,34,70.07,-2818.0,1275.0,navazsh_fathi
90130129,1339902708,0,fixed_lucien_de_rubempre,standard_converged,133685.0,135669.0,-1984.0,loss,1,2.6765319170081057,719,0,0,0.010959,0.050275000000000014,0.0830936800000002,0.206833,"{""BUILD_PASTURE"": 14, ""CARE"": 308, ""COLLECT_FERTILIZER"": 318, ""DIG"": 25, ""DROP"": 80, ""EAST"": 857, ""FEED"": 319, ""FERTILIZE"": 107, ""HARVEST"": 338, ""NORTH"": 1236, ""PASS"": 377, ""PICKUP"": 339, ""PLACE"": 27, ""PLANT"": 131, ""SOUTH"": 929, ""WATER"": 851, ""WEST"": 1098}","{""BUY_ANIMAL"": 14, ""BUY_LAND"": 2, ""BUY_PRODUCT"": 279, ""BUY_SEED"": 54, ""HIRE"": 306, ""SELL"": 418}","{""BUY_ANIMAL:COW"": 8, ""BUY_ANIMAL:SHEEP"": 6, ""BUY_PRODUCT:WHEAT"": 967, ""BUY_SEED:MELON"": 21, ""BUY_SEED:STRAWBERRY"": 44, ""BUY_SEED:WHEAT"": 66, ""SELL:CARROT"": 13, ""SELL:EGG"": 8, ""SELL:FERTILIZER"": 406, ""SELL:MELON"": 197, ""SELL:MILK"": 543, ""SELL:STRAWBERRY"": 536, ""SELL:TOMATO"": 4, ""SELL:WHEAT"": 1108, ""SELL:WOOL"": 300}",197,68,13644.0,0,200.64705882352942,536,221,45586.0,0,206.2714932126697,543,184,37060.0,0,201.41304347826087,300,100,6511.0,33,65.11,-2818.0,834.0,lucien_de_rubempre
90130129,1339902708,1,control_v012,standard_converged,132970.0,136750.0,-3780.0,loss,1,2.6798779590026243,719,0,0,0.009084,0.0437289,0.07791756000000002,0.106459,"{""BUILD_PASTURE"": 14, ""CARE"": 308, ""COLLECT_FERTILIZER"": 318, ""DIG"": 25, ""DROP"": 80, ""EAST"": 857, ""FEED"": 319, ""FERTILIZE"": 107, ""HARVEST"": 338, ""NORTH"": 1236, ""PASS"": 377, ""PICKUP"": 339, ""PLACE"": 27, ""PLANT"": 131, ""SOUTH"": 929, ""WATER"": 851, ""WEST"": 1098}","{""BUY_ANIMAL"": 14, ""BUY_LAND"": 2, ""BUY_PRODUCT"": 279, ""BUY_SEED"": 54, ""HIRE"": 306, ""SELL"": 450}","{""BUY_ANIMAL:COW"": 8, ""BUY_ANIMAL:SHEEP"": 6, ""BUY_PRODUCT:WHEAT"": 967, ""BUY_SEED:MELON"": 21, ""BUY_SEED:STRAWBERRY"": 44, ""BUY_SEED:WHEAT"": 66, ""SELL:CARROT"": 13, ""SELL:EGG"": 8, ""SELL:FERTILIZER"": 437, ""SELL:MELON"": 224, ""SELL:MILK"": 614, ""SELL:STRAWBERRY"": 567, ""SELL:TOMATO"": 4, ""SELL:WHEAT"": 1108, ""SELL:WOOL"": 354}",224,68,13559.0,0,199.39705882352942,567,221,45593.0,0,206.30316742081448,614,183,36496.0,0,199.43169398907105,354,100,6268.0,38,62.68,-3780.0,0.0,
90130129,1339902708,1,fixed_mohit,standard_converged,132244.0,137134.0,-4890.0,loss,1,2.684321375010768,719,0,0,0.011417,0.04784230000000006,0.07984512,0.384708,"{""BUILD_PASTURE"": 14, ""CARE"": 308, ""COLLECT_FERTILIZER"": 318, ""DIG"": 25, ""DROP"": 80, ""EAST"": 857, ""FEED"": 319, ""FERTILIZE"": 107, ""HARVEST"": 338, ""NORTH"": 1236, ""PASS"": 377, ""PICKUP"": 339, ""PLACE"": 27, ""PLANT"": 131, ""SOUTH"": 929, ""WATER"": 851, ""WEST"": 1098}","{""BUY_ANIMAL"": 14, ""BUY_LAND"": 2, ""BUY_PRODUCT"": 279, ""BUY_SEED"": 54, ""HIRE"": 306, ""SELL"": 469}","{""BUY_ANIMAL:COW"": 8, ""BUY_ANIMAL:SHEEP"": 6, ""BUY_PRODUCT:WHEAT"": 967, ""BUY_SEED:MELON"": 21, ""BUY_SEED:STRAWBERRY"": 44, ""BUY_SEED:WHEAT"": 66, ""SELL:CARROT"": 13, ""SELL:EGG"": 8, ""SELL:FERTILIZER"": 445, ""SELL:MELON"": 216, ""SELL:MILK"": 642, ""SELL:STRAWBERRY"": 609, ""SELL:TOMATO"": 4, ""SELL:WHEAT"": 1108, ""SELL:WOOL"": 349}",216,68,13559.0,0,199.39705882352942,609,216,44866.0,0,207.71296296296296,642,184,36719.0,0,199.55978260869566,349,100,6316.0,39,63.16,-3780.0,-1110.0,mohit
90130129,1339902708,1,fixed_automatylicza,standard_converged,132006.0,137170.0,-5164.0,loss,1,2.6804258750053123,719,0,0,0.010708,0.04566250000000001,0.07889806000000002,0.27725,"{""BUILD_PASTURE"": 14, ""CARE"": 308, ""COLLECT_FERTILIZER"": 318, ""DIG"": 25, ""DROP"": 80, ""EAST"": 857, ""FEED"": 319, ""FERTILIZE"": 107, ""HARVEST"": 338, ""NORTH"": 1236, ""PASS"": 377, ""PICKUP"": 339, ""PLACE"": 27, ""PLANT"": 131, ""SOUTH"": 929, ""WATER"": 851, ""WEST"": 1098}","{""BUY_ANIMAL"": 14, ""BUY_LAND"": 2, ""BUY_PRODUCT"": 279, ""BUY_SEED"": 54, ""HIRE"": 306, ""SELL"": 481}","{""BUY_ANIMAL:COW"": 8, ""BUY_ANIMAL:SHEEP"": 6, ""BUY_PRODUCT:WHEAT"": 967, ""BUY_SEED:MELON"": 21, ""BUY_SEED:STRAWBERRY"": 44, ""BUY_SEED:WHEAT"": 66, ""SELL:CARROT"": 13, ""SELL:EGG"": 8, ""SELL:FERTILIZER"": 445, ""SELL:MELON"": 224, ""SELL:MILK"": 682, ""SELL:STRAWBERRY"": 636, ""SELL:TOMATO"": 4, ""SELL:WHEAT"": 1108, ""SELL:WOOL"": 373}",224,68,13559.0,0,199.39705882352942,636,216,44862.0,0,207.69444444444446,682,183,36334.0,0,198.54644808743168,373,100,6254.0,40,62.54,-3780.0,-1384.0,automatylicza
90130129,1339902708,1,fixed_manual_player,standard_converged,133005.0,137149.0,-4144.0,loss,1,2.677354584011482,719,0,0,0.011083,0.04944130000000003,0.078959,0.294959,"{""BUILD_PASTURE"": 14, ""CARE"": 308, ""COLLECT_FERTILIZER"": 318, ""DIG"": 25, ""DROP"": 80, ""EAST"": 857, ""FEED"": 319, ""FERTILIZE"": 107, ""HARVEST"": 338, ""NORTH"": 1236, ""PASS"": 377, ""PICKUP"": 339, ""PLACE"": 27, ""PLANT"": 131, ""SOUTH"": 929, ""WATER"": 851, ""WEST"": 1098}","{""BUY_ANIMAL"": 14, ""BUY_LAND"": 2, ""BUY_PRODUCT"": 279, ""BUY_SEED"": 54, ""HIRE"": 306, ""SELL"": 440}","{""BUY_ANIMAL:COW"": 8, ""BUY_ANIMAL:SHEEP"": 6, ""BUY_PRODUCT:WHEAT"": 967, ""BUY_SEED:MELON"": 21, ""BUY_SEED:STRAWBERRY"": 44, ""BUY_SEED:WHEAT"": 66, ""SELL:CARROT"": 13, ""SELL:EGG"": 8, ""SELL:FERTILIZER"": 445, ""SELL:MELON"": 215, ""SELL:MILK"": 560, ""SELL:STRAWBERRY"": 550, ""SELL:TOMATO"": 4, ""SELL:WHEAT"": 1108, ""SELL:WOOL"": 323}",215,68,13515.0,0,198.75,550,216,44955.0,0,208.125,560,186,37209.0,0,200.0483870967742,323,100,6973.0,37,69.73,-3780.0,-364.0,manual_player
90130129,1339902708,1,fixed_navazsh_fathi,standard_converged,134300.0,136296.0,-1996.0,loss,1,2.6680847919924418,719,0,0,0.010791,0.046041700000000005,0.077208,0.18225,"{""BUILD_PASTURE"": 14, ""CARE"": 308, ""COLLECT_FERTILIZER"": 318, ""DIG"": 25, ""DROP"": 80, ""EAST"": 857, ""FEED"": 319, ""FERTILIZE"": 107, ""HARVEST"": 338, ""NORTH"": 1236, ""PASS"": 377, ""PICKUP"": 339, ""PLACE"": 27, ""PLANT"": 131, ""SOUTH"": 929, ""WATER"": 851, ""WEST"": 1098}","{""BUY_ANIMAL"": 14, ""BUY_LAND"": 2, ""BUY_PRODUCT"": 279, ""BUY_SEED"": 54, ""HIRE"": 306, ""SELL"": 377}","{""BUY_ANIMAL:COW"": 8, ""BUY_ANIMAL:SHEEP"": 6, ""BUY_PRODUCT:WHEAT"": 967, ""BUY_SEED:MELON"": 21, ""BUY_SEED:STRAWBERRY"": 44, ""BUY_SEED:WHEAT"": 66, ""SELL:CARROT"": 13, ""SELL:EGG"": 8, ""SELL:FERTILIZER"": 406, ""SELL:MELON"": 182, ""SELL:MILK"": 413, ""SELL:STRAWBERRY"": 390, ""SELL:TOMATO"": 4, ""SELL:WHEAT"": 1108, ""SELL:WOOL"": 251}",182,68,13585.0,0,199.77941176470588,390,223,46412.0,0,208.1255605381166,413,185,37761.0,0,204.1135135135135,251,100,7016.0,34,70.16,-3780.0,1784.0,navazsh_fathi
90130129,1339902708,1,fixed_lucien_de_rubempre,standard_converged,133290.0,135800.0,-2510.0,loss,1,2.679298667004332,719,0,0,0.011208,0.04706280000000001,0.07795500000000001,0.118875,"{""BUILD_PASTURE"": 14, ""CARE"": 308, ""COLLECT_FERTILIZER"": 318, ""DIG"": 25, ""DROP"": 80, ""EAST"": 857, ""FEED"": 319, ""FERTILIZE"": 107, ""HARVEST"": 338, ""NORTH"": 1236, ""PASS"": 377, ""PICKUP"": 339, ""PLACE"": 27, ""PLANT"": 131, ""SOUTH"": 929, ""WATER"": 851, ""WEST"": 1098}","{""BUY_ANIMAL"": 14, ""BUY_LAND"": 2, ""BUY_PRODUCT"": 279, ""BUY_SEED"": 54, ""HIRE"": 306, ""SELL"": 418}","{""BUY_ANIMAL:COW"": 8, ""BUY_ANIMAL:SHEEP"": 6, ""BUY_PRODUCT:WHEAT"": 967, ""BUY_SEED:MELON"": 21, ""BUY_SEED:STRAWBERRY"": 44, ""BUY_SEED:WHEAT"": 66, ""SELL:CARROT"": 13, ""SELL:EGG"": 8, ""SELL:FERTILIZER"": 406, ""SELL:MELON"": 197, ""SELL:MILK"": 543, ""SELL:STRAWBERRY"": 536, ""SELL:TOMATO"": 4, ""SELL:WHEAT"": 1108, ""SELL:WOOL"": 300}",197,68,13585.0,0,199.77941176470588,536,221,45752.0,0,207.02262443438914,543,184,37023.0,0,201.21195652173913,300,100,6482.0,33,64.82,-3780.0,1270.0,lucien_de_rubempre
90130741,408989610,0,control_v012,reduced_ne_only,180813.0,10383.0,170430.0,win,1,2.015792042002431,719,0,0,0.009,0.06276670000000001,0.19104238,0.277833,"{""BUILD_PASTURE"": 14, ""CARE"": 308, ""COLLECT_FERTILIZER"": 318, ""DIG"": 25, ""DROP"": 80, ""EAST"": 857, ""FEED"": 319, ""FERTILIZE"": 107, ""HARVEST"": 338, ""NORTH"": 1236, ""PASS"": 377, ""PICKUP"": 339, ""PLACE"": 27, ""PLANT"": 131, ""SOUTH"": 929, ""WATER"": 851, ""WEST"": 1098}","{""BUY_ANIMAL"": 14, ""BUY_LAND"": 2, ""BUY_PRODUCT"": 279, ""BUY_SEED"": 54, ""HIRE"": 306, ""SELL"": 481}","{""BUY_ANIMAL:COW"": 8, ""BUY_ANIMAL:SHEEP"": 6, ""BUY_PRODUCT:WHEAT"": 967, ""BUY_SEED:MELON"": 21, ""BUY_SEED:STRAWBERRY"": 44, ""BUY_SEED:WHEAT"": 66, ""SELL:CARROT"": 13, ""SELL:EGG"": 8, ""SELL:FERTILIZER"": 445, ""SELL:MELON"": 224, ""SELL:MILK"": 682, ""SELL:STRAWBERRY"": 636, ""SELL:TOMATO"": 4, ""SELL:WHEAT"": 1108, ""SELL:WOOL"": 373}",224,68,18023.0,0,265.04411764705884,636,214,53636.0,0,250.6355140186916,682,183,44788.0,0,244.7431693989071,373,100,21193.0,0,211.93,170430.0,0.0,
90130741,408989610,0,fixed_mohit,reduced_ne_only,180871.0,10385.0,170486.0,win,1,2.0246972079912666,719,0,0,0.011042,0.07019550000000004,0.19837862000000012,0.253083,"{""BUILD_PASTURE"": 14, ""CARE"": 308, ""COLLECT_FERTILIZER"": 318, ""DIG"": 25, ""DROP"": 80, ""EAST"": 857, ""FEED"": 319, ""FERTILIZE"": 107, ""HARVEST"": 338, ""NORTH"": 1236, ""PASS"": 377, ""PICKUP"": 339, ""PLACE"": 27, ""PLANT"": 131, ""SOUTH"": 929, ""WATER"": 851, ""WEST"": 1098}","{""BUY_ANIMAL"": 14, ""BUY_LAND"": 2, ""BUY_PRODUCT"": 279, ""BUY_SEED"": 54, ""HIRE"": 306, ""SELL"": 469}","{""BUY_ANIMAL:COW"": 8, ""BUY_ANIMAL:SHEEP"": 6, ""BUY_PRODUCT:WHEAT"": 967, ""BUY_SEED:MELON"": 21, ""BUY_SEED:STRAWBERRY"": 44, ""BUY_SEED:WHEAT"": 66, ""SELL:CARROT"": 13, ""SELL:EGG"": 8, ""SELL:FERTILIZER"": 445, ""SELL:MELON"": 216, ""SELL:MILK"": 642, ""SELL:STRAWBERRY"": 609, ""SELL:TOMATO"": 4, ""SELL:WHEAT"": 1108, ""SELL:WOOL"": 349}",216,68,18023.0,0,265.04411764705884,609,214,53640.0,0,250.65420560747663,642,184,45090.0,0,245.05434782608697,349,100,21193.0,0,211.93,170430.0,56.0,mohit
90130741,408989610,0,fixed_automatylicza,reduced_ne_only,180813.0,10383.0,170430.0,win,1,3.2532542919943808,719,0,0,0.010583,0.06946610000000002,0.19365806000000027,0.382834,"{""BUILD_PASTURE"": 14, ""CARE"": 308, ""COLLECT_FERTILIZER"": 318, ""DIG"": 25, ""DROP"": 80, ""EAST"": 857, ""FEED"": 319, ""FERTILIZE"": 107, ""HARVEST"": 338, ""NORTH"": 1236, ""PASS"": 377, ""PICKUP"": 339, ""PLACE"": 27, ""PLANT"": 131, ""SOUTH"": 929, ""WATER"": 851, ""WEST"": 1098}","{""BUY_ANIMAL"": 14, ""BUY_LAND"": 2, ""BUY_PRODUCT"": 279, ""BUY_SEED"": 54, ""HIRE"": 306, ""SELL"": 481}","{""BUY_ANIMAL:COW"": 8, ""BUY_ANIMAL:SHEEP"": 6, ""BUY_PRODUCT:WHEAT"": 967, ""BUY_SEED:MELON"": 21, ""BUY_SEED:STRAWBERRY"": 44, ""BUY_SEED:WHEAT"": 66, ""SELL:CARROT"": 13, ""SELL:EGG"": 8, ""SELL:FERTILIZER"": 445, ""SELL:MELON"": 224, ""SELL:MILK"": 682, ""SELL:STRAWBERRY"": 636, ""SELL:TOMATO"": 4, ""SELL:WHEAT"": 1108, ""SELL:WOOL"": 373}",224,68,18023.0,0,265.04411764705884,636,214,53636.0,0,250.6355140186916,682,183,44788.0,0,244.7431693989071,373,100,21193.0,0,211.93,170430.0,0.0,automatylicza
90130741,408989610,0,fixed_manual_player,reduced_ne_only,181037.0,10405.0,170632.0,win,1,3.271137000003364,719,0,0,0.011041,0.07131250000000006,0.18976244000000056,0.388542,"{""BUILD_PASTURE"": 14, ""CARE"": 308, ""COLLECT_FERTILIZER"": 318, ""DIG"": 25, ""DROP"": 80, ""EAST"": 857, ""FEED"": 319, ""FERTILIZE"": 107, ""HARVEST"": 338, ""NORTH"": 1236, ""PASS"": 377, ""PICKUP"": 339, ""PLACE"": 27, ""PLANT"": 131, ""SOUTH"": 929, ""WATER"": 851, ""WEST"": 1098}","{""BUY_ANIMAL"": 14, ""BUY_LAND"": 2, ""BUY_PRODUCT"": 279, ""BUY_SEED"": 54, ""HIRE"": 306, ""SELL"": 440}","{""BUY_ANIMAL:COW"": 8, ""BUY_ANIMAL:SHEEP"": 6, ""BUY_PRODUCT:WHEAT"": 967, ""BUY_SEED:MELON"": 21, ""BUY_SEED:STRAWBERRY"": 44, ""BUY_SEED:WHEAT"": 66, ""SELL:CARROT"": 13, ""SELL:EGG"": 8, ""SELL:FERTILIZER"": 445, ""SELL:MELON"": 215, ""SELL:MILK"": 560, ""SELL:STRAWBERRY"": 550, ""SELL:TOMATO"": 4, ""SELL:WHEAT"": 1108, ""SELL:WOOL"": 323}",215,68,18023.0,0,265.04411764705884,550,214,53698.0,0,250.92523364485982,560,186,45579.0,0,245.0483870967742,323,100,21255.0,0,212.55,170430.0,202.0,manual_player
90130741,408989610,0,fixed_navazsh_fathi,reduced_ne_only,183172.0,10680.0,172492.0,win,1,2.010892625010456,719,0,0,0.010833,0.0695535,0.17848487999999998,0.306041,"{""BUILD_PASTURE"": 14, ""CARE"": 308, ""COLLECT_FERTILIZER"": 318, ""DIG"": 25, ""DROP"": 80, ""EAST"": 857, ""FEED"": 319, ""FERTILIZE"": 107, ""HARVEST"": 338, ""NORTH"": 1236, ""PASS"": 377, ""PICKUP"": 339, ""PLACE"": 27, ""PLANT"": 131, ""SOUTH"": 929, ""WATER"": 851, ""WEST"": 1098}","{""BUY_ANIMAL"": 14, ""BUY_LAND"": 2, ""BUY_PRODUCT"": 279, ""BUY_SEED"": 54, ""HIRE"": 306, ""SELL"": 377}","{""BUY_ANIMAL:COW"": 8, ""BUY_ANIMAL:SHEEP"": 6, ""BUY_PRODUCT:WHEAT"": 967, ""BUY_SEED:MELON"": 21, ""BUY_SEED:STRAWBERRY"": 44, ""BUY_SEED:WHEAT"": 66, ""SELL:CARROT"": 13, ""SELL:EGG"": 8, ""SELL:FERTILIZER"": 406, ""SELL:MELON"": 182, ""SELL:MILK"": 413, ""SELL:STRAWBERRY"": 390, ""SELL:TOMATO"": 4, ""SELL:WHEAT"": 1108, ""SELL:WOOL"": 251}",182,68,18047.0,0,265.3970588235294,390,219,55259.0,0,252.324200913242,413,186,45891.0,0,246.7258064516129,251,100,21899.0,0,218.99,170430.0,2062.0,navazsh_fathi
90130741,408989610,0,fixed_lucien_de_rubempre,reduced_ne_only,51978.0,155965.0,-103987.0,loss,1,2.3345637080055894,719,0,62,0.010834,0.056932700000000176,0.11050262000000059,0.274791,"{""BUILD_PASTURE"": 14, ""CARE"": 308, ""COLLECT_FERTILIZER"": 318, ""DIG"": 25, ""DROP"": 80, ""EAST"": 857, ""FEED"": 319, ""FERTILIZE"": 107, ""HARVEST"": 338, ""NORTH"": 1236, ""PASS"": 377, ""PICKUP"": 339, ""PLACE"": 27, ""PLANT"": 131, ""SOUTH"": 929, ""WATER"": 851, ""WEST"": 1098}","{""BUY_ANIMAL"": 14, ""BUY_LAND"": 2, ""BUY_PRODUCT"": 279, ""BUY_SEED"": 54, ""HIRE"": 306, ""SELL"": 418}","{""BUY_ANIMAL:COW"": 8, ""BUY_ANIMAL:SHEEP"": 6, ""BUY_PRODUCT:WHEAT"": 967, ""BUY_SEED:MELON"": 21, ""BUY_SEED:STRAWBERRY"": 44, ""BUY_SEED:WHEAT"": 66, ""SELL:CARROT"": 13, ""SELL:EGG"": 8, ""SELL:FERTILIZER"": 406, ""SELL:MELON"": 197, ""SELL:MILK"": 543, ""SELL:STRAWBERRY"": 536, ""SELL:TOMATO"": 4, ""SELL:WHEAT"": 1108, ""SELL:WOOL"": 300}",197,30,7385.0,0,246.16666666666666,536,56,14136.0,0,252.42857142857142,543,71,14658.0,0,206.45070422535213,300,58,7860.0,0,135.51724137931035,170430.0,-274417.0,lucien_de_rubempre
90130741,408989610,1,control_v012,standard_converged,128915.0,140509.0,-11594.0,loss,1,2.651973458006978,719,0,0,0.008792,0.04371280000000001,0.07744762000000002,0.213791,"{""BUILD_PASTURE"": 14, ""CARE"": 308, ""COLLECT_FERTILIZER"": 318, ""DIG"": 25, ""DROP"": 80, ""EAST"": 857, ""FEED"": 319, ""FERTILIZE"": 107, ""HARVEST"": 338, ""NORTH"": 1236, ""PASS"": 377, ""PICKUP"": 339, ""PLACE"": 27, ""PLANT"": 131, ""SOUTH"": 929, ""WATER"": 851, ""WEST"": 1098}","{""BUY_ANIMAL"": 14, ""BUY_LAND"": 2, ""BUY_PRODUCT"": 279, ""BUY_SEED"": 54, ""HIRE"": 306, ""SELL"": 481}","{""BUY_ANIMAL:COW"": 8, ""BUY_ANIMAL:SHEEP"": 6, ""BUY_PRODUCT:WHEAT"": 967, ""BUY_SEED:MELON"": 21, ""BUY_SEED:STRAWBERRY"": 44, ""BUY_SEED:WHEAT"": 66, ""SELL:CARROT"": 13, ""SELL:EGG"": 8, ""SELL:FERTILIZER"": 445, ""SELL:MELON"": 224, ""SELL:MILK"": 682, ""SELL:STRAWBERRY"": 636, ""SELL:TOMATO"": 4, ""SELL:WHEAT"": 1108, ""SELL:WOOL"": 373}",224,62,13088.0,0,211.09677419354838,636,207,37675.0,0,182.0048309178744,682,183,31122.0,0,170.0655737704918,373,84,16248.0,0,193.42857142857142,-11594.0,0.0,
90130741,408989610,1,fixed_mohit,standard_converged,129187.0,140628.0,-11441.0,loss,1,2.6595082499989076,719,0,0,0.010708,0.04920840000000002,0.08008194000000006,0.143125,"{""BUILD_PASTURE"": 14, ""CARE"": 308, ""COLLECT_FERTILIZER"": 318, ""DIG"": 25, ""DROP"": 80, ""EAST"": 857, ""FEED"": 319, ""FERTILIZE"": 107, ""HARVEST"": 338, ""NORTH"": 1236, ""PASS"": 377, ""PICKUP"": 339, ""PLACE"": 27, ""PLANT"": 131, ""SOUTH"": 929, ""WATER"": 851, ""WEST"": 1098}","{""BUY_ANIMAL"": 14, ""BUY_LAND"": 2, ""BUY_PRODUCT"": 279, ""BUY_SEED"": 54, ""HIRE"": 306, ""SELL"": 469}","{""BUY_ANIMAL:COW"": 8, ""BUY_ANIMAL:SHEEP"": 6, ""BUY_PRODUCT:WHEAT"": 967, ""BUY_SEED:MELON"": 21, ""BUY_SEED:STRAWBERRY"": 44, ""BUY_SEED:WHEAT"": 66, ""SELL:CARROT"": 13, ""SELL:EGG"": 8, ""SELL:FERTILIZER"": 445, ""SELL:MELON"": 216, ""SELL:MILK"": 642, ""SELL:STRAWBERRY"": 609, ""SELL:TOMATO"": 4, ""SELL:WHEAT"": 1108, ""SELL:WOOL"": 349}",216,62,13088.0,0,211.09677419354838,609,207,37676.0,0,182.0096618357488,642,184,31525.0,0,171.33152173913044,349,84,16292.0,0,193.95238095238096,-11594.0,153.0,mohit
90130741,408989610,1,fixed_automatylicza,standard_converged,128915.0,140509.0,-11594.0,loss,1,2.669970082992222,719,0,0,0.010875,0.047936900000000005,0.08092194000000004,0.287625,"{""BUILD_PASTURE"": 14, ""CARE"": 308, ""COLLECT_FERTILIZER"": 318, ""DIG"": 25, ""DROP"": 80, ""EAST"": 857, ""FEED"": 319, ""FERTILIZE"": 107, ""HARVEST"": 338, ""NORTH"": 1236, ""PASS"": 377, ""PICKUP"": 339, ""PLACE"": 27, ""PLANT"": 131, ""SOUTH"": 929, ""WATER"": 851, ""WEST"": 1098}","{""BUY_ANIMAL"": 14, ""BUY_LAND"": 2, ""BUY_PRODUCT"": 279, ""BUY_SEED"": 54, ""HIRE"": 306, ""SELL"": 481}","{""BUY_ANIMAL:COW"": 8, ""BUY_ANIMAL:SHEEP"": 6, ""BUY_PRODUCT:WHEAT"": 967, ""BUY_SEED:MELON"": 21, ""BUY_SEED:STRAWBERRY"": 44, ""BUY_SEED:WHEAT"": 66, ""SELL:CARROT"": 13, ""SELL:EGG"": 8, ""SELL:FERTILIZER"": 445, ""SELL:MELON"": 224, ""SELL:MILK"": 682, ""SELL:STRAWBERRY"": 636, ""SELL:TOMATO"": 4, ""SELL:WHEAT"": 1108, ""SELL:WOOL"": 373}",224,62,13088.0,0,211.09677419354838,636,207,37675.0,0,182.0048309178744,682,183,31122.0,0,170.0655737704918,373,84,16248.0,0,193.42857142857142,-11594.0,0.0,automatylicza
90130741,408989610,1,fixed_manual_player,standard_converged,129699.0,140850.0,-11151.0,loss,1,2.665459749987349,719,0,0,0.011208,0.04769200000000001,0.07977006000000003,0.310708,"{""BUILD_PASTURE"": 14, ""CARE"": 308, ""COLLECT_FERTILIZER"": 318, ""DIG"": 25, ""DROP"": 80, ""EAST"": 857, ""FEED"": 319, ""FERTILIZE"": 107, ""HARVEST"": 338, ""NORTH"": 1236, ""PASS"": 377, ""PICKUP"": 339, ""PLACE"": 27, ""PLANT"": 131, ""SOUTH"": 929, ""WATER"": 851, ""WEST"": 1098}","{""BUY_ANIMAL"": 14, ""BUY_LAND"": 2, ""BUY_PRODUCT"": 279, ""BUY_SEED"": 54, ""HIRE"": 306, ""SELL"": 440}","{""BUY_ANIMAL:COW"": 8, ""BUY_ANIMAL:SHEEP"": 6, ""BUY_PRODUCT:WHEAT"": 967, ""BUY_SEED:MELON"": 21, ""BUY_SEED:STRAWBERRY"": 44, ""BUY_SEED:WHEAT"": 66, ""SELL:CARROT"": 13, ""SELL:EGG"": 8, ""SELL:FERTILIZER"": 445, ""SELL:MELON"": 215, ""SELL:MILK"": 560, ""SELL:STRAWBERRY"": 550, ""SELL:TOMATO"": 4, ""SELL:WHEAT"": 1108, ""SELL:WOOL"": 323}",215,62,13056.0,0,210.58064516129033,550,207,37885.0,0,183.01932367149757,560,186,32069.0,0,172.41397849462365,323,84,16518.0,0,196.64285714285714,-11594.0,443.0,manual_player
90130741,408989610,1,fixed_navazsh_fathi,standard_converged,132466.0,140915.0,-8449.0,loss,1,2.666363750002347,719,0,0,0.010916,0.0465083,0.07910306000000003,0.161875,"{""BUILD_PASTURE"": 14, ""CARE"": 308, ""COLLECT_FERTILIZER"": 318, ""DIG"": 25, ""DROP"": 80, ""EAST"": 857, ""FEED"": 319, ""FERTILIZE"": 107, ""HARVEST"": 338, ""NORTH"": 1236, ""PASS"": 377, ""PICKUP"": 339, ""PLACE"": 27, ""PLANT"": 131, ""SOUTH"": 929, ""WATER"": 851, ""WEST"": 1098}","{""BUY_ANIMAL"": 14, ""BUY_LAND"": 2, ""BUY_PRODUCT"": 279, ""BUY_SEED"": 54, ""HIRE"": 306, ""SELL"": 377}","{""BUY_ANIMAL:COW"": 8, ""BUY_ANIMAL:SHEEP"": 6, ""BUY_PRODUCT:WHEAT"": 967, ""BUY_SEED:MELON"": 21, ""BUY_SEED:STRAWBERRY"": 44, ""BUY_SEED:WHEAT"": 66, ""SELL:CARROT"": 13, ""SELL:EGG"": 8, ""SELL:FERTILIZER"": 406, ""SELL:MELON"": 182, ""SELL:MILK"": 413, ""SELL:STRAWBERRY"": 390, ""SELL:TOMATO"": 4, ""SELL:WHEAT"": 1108, ""SELL:WOOL"": 251}",182,62,13110.0,0,211.4516129032258,390,216,39282.0,0,181.86111111111111,413,183,33269.0,0,181.79781420765028,251,84,17076.0,0,203.28571428571428,-11594.0,3145.0,navazsh_fathi
90130741,408989610,1,fixed_lucien_de_rubempre,standard_converged,130990.0,139907.0,-8917.0,loss,1,2.664186374997371,719,0,0,0.010875,0.046487200000000034,0.08040106000000001,0.257625,"{""BUILD_PASTURE"": 14, ""CARE"": 308, ""COLLECT_FERTILIZER"": 318, ""DIG"": 25, ""DROP"": 80, ""EAST"": 857, ""FEED"": 319, ""FERTILIZE"": 107, ""HARVEST"": 338, ""NORTH"": 1236, ""PASS"": 377, ""PICKUP"": 339, ""PLACE"": 27, ""PLANT"": 131, ""SOUTH"": 929, ""WATER"": 851, ""WEST"": 1098}","{""BUY_ANIMAL"": 14, ""BUY_LAND"": 2, ""BUY_PRODUCT"": 279, ""BUY_SEED"": 54, ""HIRE"": 306, ""SELL"": 418}","{""BUY_ANIMAL:COW"": 8, ""BUY_ANIMAL:SHEEP"": 6, ""BUY_PRODUCT:WHEAT"": 967, ""BUY_SEED:MELON"": 21, ""BUY_SEED:STRAWBERRY"": 44, ""BUY_SEED:WHEAT"": 66, ""SELL:CARROT"": 13, ""SELL:EGG"": 8, ""SELL:FERTILIZER"": 406, ""SELL:MELON"": 197, ""SELL:MILK"": 543, ""SELL:STRAWBERRY"": 536, ""SELL:TOMATO"": 4, ""SELL:WHEAT"": 1108, ""SELL:WOOL"": 300}",197,62,13110.0,0,211.4516129032258,536,214,38340.0,0,179.15887850467288,543,184,32334.0,0,175.72826086956522,300,84,16749.0,0,199.39285714285714,-11594.0,2677.0,lucien_de_rubempre
90130765,2114083515,0,control_v012,standard_converged,95053.0,100371.0,-5318.0,loss,1,2.666904459008947,719,0,0,0.008917,0.056654400000000056,0.07729556000000001,0.351,"{""BUILD_PASTURE"": 14, ""CARE"": 308, ""COLLECT_FERTILIZER"": 318, ""DIG"": 25, ""DROP"": 80, ""EAST"": 857, ""FEED"": 319, ""FERTILIZE"": 107, ""HARVEST"": 338, ""NORTH"": 1236, ""PASS"": 377, ""PICKUP"": 339, ""PLACE"": 27, ""PLANT"": 131, ""SOUTH"": 929, ""WATER"": 851, ""WEST"": 1098}","{""BUY_ANIMAL"": 14, ""BUY_LAND"": 2, ""BUY_PRODUCT"": 279, ""BUY_SEED"": 54, ""HIRE"": 306, ""SELL"": 481}","{""BUY_ANIMAL:COW"": 8, ""BUY_ANIMAL:SHEEP"": 6, ""BUY_PRODUCT:WHEAT"": 967, ""BUY_SEED:MELON"": 21, ""BUY_SEED:STRAWBERRY"": 44, ""BUY_SEED:WHEAT"": 66, ""SELL:CARROT"": 13, ""SELL:EGG"": 8, ""SELL:FERTILIZER"": 445, ""SELL:MELON"": 224, ""SELL:MILK"": 682, ""SELL:STRAWBERRY"": 636, ""SELL:TOMATO"": 4, ""SELL:WHEAT"": 1108, ""SELL:WOOL"": 373}",224,68,13587.0,0,199.80882352941177,636,216,22487.0,29,104.10648148148148,682,183,9434.0,24,51.55191256830601,373,100,22266.0,0,222.66,-5318.0,0.0,
90130765,2114083515,0,fixed_mohit,standard_converged,94824.0,100258.0,-5434.0,loss,1,2.6796450830006506,719,0,0,0.011334,0.05058750000000005,0.08444500000000006,0.35275,"{""BUILD_PASTURE"": 14, ""CARE"": 308, ""COLLECT_FERTILIZER"": 318, ""DIG"": 25, ""DROP"": 80, ""EAST"": 857, ""FEED"": 319, ""FERTILIZE"": 107, ""HARVEST"": 338, ""NORTH"": 1236, ""PASS"": 377, ""PICKUP"": 339, ""PLACE"": 27, ""PLANT"": 131, ""SOUTH"": 929, ""WATER"": 851, ""WEST"": 1098}","{""BUY_ANIMAL"": 14, ""BUY_LAND"": 2, ""BUY_PRODUCT"": 279, ""BUY_SEED"": 54, ""HIRE"": 306, ""SELL"": 469}","{""BUY_ANIMAL:COW"": 8, ""BUY_ANIMAL:SHEEP"": 6, ""BUY_PRODUCT:WHEAT"": 967, ""BUY_SEED:MELON"": 21, ""BUY_SEED:STRAWBERRY"": 44, ""BUY_SEED:WHEAT"": 66, ""SELL:CARROT"": 13, ""SELL:EGG"": 8, ""SELL:FERTILIZER"": 445, ""SELL:MELON"": 216, ""SELL:MILK"": 642, ""SELL:STRAWBERRY"": 609, ""SELL:TOMATO"": 4, ""SELL:WHEAT"": 1108, ""SELL:WOOL"": 349}",216,68,13587.0,0,199.80882352941177,609,216,22491.0,29,104.125,642,184,9211.0,24,50.05978260869565,349,100,22275.0,0,222.75,-5318.0,-116.0,mohit
90130765,2114083515,0,fixed_automatylicza,standard_converged,95053.0,100371.0,-5318.0,loss,1,2.6876247500040336,719,0,0,0.010917,0.04864580000000003,0.08002624,0.195834,"{""BUILD_PASTURE"": 14, ""CARE"": 308, ""COLLECT_FERTILIZER"": 318, ""DIG"": 25, ""DROP"": 80, ""EAST"": 857, ""FEED"": 319, ""FERTILIZE"": 107, ""HARVEST"": 338, ""NORTH"": 1236, ""PASS"": 377, ""PICKUP"": 339, ""PLACE"": 27, ""PLANT"": 131, ""SOUTH"": 929, ""WATER"": 851, ""WEST"": 1098}","{""BUY_ANIMAL"": 14, ""BUY_LAND"": 2, ""BUY_PRODUCT"": 279, ""BUY_SEED"": 54, ""HIRE"": 306, ""SELL"": 481}","{""BUY_ANIMAL:COW"": 8, ""BUY_ANIMAL:SHEEP"": 6, ""BUY_PRODUCT:WHEAT"": 967, ""BUY_SEED:MELON"": 21, ""BUY_SEED:STRAWBERRY"": 44, ""BUY_SEED:WHEAT"": 66, ""SELL:CARROT"": 13, ""SELL:EGG"": 8, ""SELL:FERTILIZER"": 445, ""SELL:MELON"": 224, ""SELL:MILK"": 682, ""SELL:STRAWBERRY"": 636, ""SELL:TOMATO"": 4, ""SELL:WHEAT"": 1108, ""SELL:WOOL"": 373}",224,68,13587.0,0,199.80882352941177,636,216,22487.0,29,104.10648148148148,682,183,9434.0,24,51.55191256830601,373,100,22266.0,0,222.66,-5318.0,0.0,automatylicza
90130765,2114083515,0,fixed_manual_player,standard_converged,94445.0,100430.0,-5985.0,loss,1,2.685703958995873,719,0,0,0.011292,0.05606280000000012,0.08099318000000003,0.304959,"{""BUILD_PASTURE"": 14, ""CARE"": 308, ""COLLECT_FERTILIZER"": 318, ""DIG"": 25, ""DROP"": 80, ""EAST"": 857, ""FEED"": 319, ""FERTILIZE"": 107, ""HARVEST"": 338, ""NORTH"": 1236, ""PASS"": 377, ""PICKUP"": 339, ""PLACE"": 27, ""PLANT"": 131, ""SOUTH"": 929, ""WATER"": 851, ""WEST"": 1098}","{""BUY_ANIMAL"": 14, ""BUY_LAND"": 2, ""BUY_PRODUCT"": 279, ""BUY_SEED"": 54, ""HIRE"": 306, ""SELL"": 440}","{""BUY_ANIMAL:COW"": 8, ""BUY_ANIMAL:SHEEP"": 6, ""BUY_PRODUCT:WHEAT"": 967, ""BUY_SEED:MELON"": 21, ""BUY_SEED:STRAWBERRY"": 44, ""BUY_SEED:WHEAT"": 66, ""SELL:CARROT"": 13, ""SELL:EGG"": 8, ""SELL:FERTILIZER"": 445, ""SELL:MELON"": 215, ""SELL:MILK"": 560, ""SELL:STRAWBERRY"": 550, ""SELL:TOMATO"": 4, ""SELL:WHEAT"": 1108, ""SELL:WOOL"": 323}",215,68,13552.0,0,199.2941176470588,550,216,22275.0,27,103.125,560,186,9329.0,23,50.155913978494624,323,100,22373.0,0,223.73,-5318.0,-667.0,manual_player
90130765,2114083515,0,fixed_navazsh_fathi,standard_converged,94273.0,99852.0,-5579.0,loss,1,2.685063500000979,719,0,0,0.011292,0.04780830000000004,0.08067950000000004,0.166375,"{""BUILD_PASTURE"": 14, ""CARE"": 308, ""COLLECT_FERTILIZER"": 318, ""DIG"": 25, ""DROP"": 80, ""EAST"": 857, ""FEED"": 319, ""FERTILIZE"": 107, ""HARVEST"": 338, ""NORTH"": 1236, ""PASS"": 377, ""PICKUP"": 339, ""PLACE"": 27, ""PLANT"": 131, ""SOUTH"": 929, ""WATER"": 851, ""WEST"": 1098}","{""BUY_ANIMAL"": 14, ""BUY_LAND"": 2, ""BUY_PRODUCT"": 279, ""BUY_SEED"": 54, ""HIRE"": 306, ""SELL"": 377}","{""BUY_ANIMAL:COW"": 8, ""BUY_ANIMAL:SHEEP"": 6, ""BUY_PRODUCT:WHEAT"": 967, ""BUY_SEED:MELON"": 21, ""BUY_SEED:STRAWBERRY"": 44, ""BUY_SEED:WHEAT"": 66, ""SELL:CARROT"": 13, ""SELL:EGG"": 8, ""SELL:FERTILIZER"": 406, ""SELL:MELON"": 182, ""SELL:MILK"": 413, ""SELL:STRAWBERRY"": 390, ""SELL:TOMATO"": 4, ""SELL:WHEAT"": 1108, ""SELL:WOOL"": 251}",182,68,13612.0,0,200.1764705882353,390,223,22099.0,31,99.09865470852019,413,186,9393.0,19,50.5,251,100,22721.0,0,227.21,-5318.0,-261.0,navazsh_fathi
90130765,2114083515,0,fixed_lucien_de_rubempre,standard_converged,94525.0,100730.0,-6205.0,loss,1,2.6796164169936674,719,0,0,0.010959,0.053329200000000014,0.08193988000000002,0.209917,"{""BUILD_PASTURE"": 14, ""CARE"": 308, ""COLLECT_FERTILIZER"": 318, ""DIG"": 25, ""DROP"": 80, ""EAST"": 857, ""FEED"": 319, ""FERTILIZE"": 107, ""HARVEST"": 338, ""NORTH"": 1236, ""PASS"": 377, ""PICKUP"": 339, ""PLACE"": 27, ""PLANT"": 131, ""SOUTH"": 929, ""WATER"": 851, ""WEST"": 1098}","{""BUY_ANIMAL"": 14, ""BUY_LAND"": 2, ""BUY_PRODUCT"": 279, ""BUY_SEED"": 54, ""HIRE"": 306, ""SELL"": 418}","{""BUY_ANIMAL:COW"": 8, ""BUY_ANIMAL:SHEEP"": 6, ""BUY_PRODUCT:WHEAT"": 967, ""BUY_SEED:MELON"": 21, ""BUY_SEED:STRAWBERRY"": 44, ""BUY_SEED:WHEAT"": 66, ""SELL:CARROT"": 13, ""SELL:EGG"": 8, ""SELL:FERTILIZER"": 406, ""SELL:MELON"": 197, ""SELL:MILK"": 543, ""SELL:STRAWBERRY"": 536, ""SELL:TOMATO"": 4, ""SELL:WHEAT"": 1108, ""SELL:WOOL"": 300}",197,68,13612.0,0,200.1764705882353,536,221,21815.0,31,98.710407239819,543,184,9349.0,22,50.80978260869565,300,100,22547.0,0,225.47,-5318.0,-887.0,lucien_de_rubempre
90130765,2114083515,1,control_v012,standard_converged,126299.0,111312.0,14987.0,win,1,2.5717714999918826,719,0,0,0.008916,0.06150440000000002,0.09291888000000056,0.279208,"{""BUILD_PASTURE"": 14, ""CARE"": 308, ""COLLECT_FERTILIZER"": 318, ""DIG"": 25, ""DROP"": 80, ""EAST"": 857, ""FEED"": 319, ""FERTILIZE"": 107, ""HARVEST"": 338, ""NORTH"": 1236, ""PASS"": 377, ""PICKUP"": 339, ""PLACE"": 27, ""PLANT"": 131, ""SOUTH"": 929, ""WATER"": 851, ""WEST"": 1098}","{""BUY_ANIMAL"": 14, ""BUY_LAND"": 2, ""BUY_PRODUCT"": 279, ""BUY_SEED"": 54, ""HIRE"": 306, ""SELL"": 481}","{""BUY_ANIMAL:COW"": 8, ""BUY_ANIMAL:SHEEP"": 6, ""BUY_PRODUCT:WHEAT"": 967, ""BUY_SEED:MELON"": 21, ""BUY_SEED:STRAWBERRY"": 44, ""BUY_SEED:WHEAT"": 66, ""SELL:CARROT"": 13, ""SELL:EGG"": 8, ""SELL:FERTILIZER"": 445, ""SELL:MELON"": 224, ""SELL:MILK"": 682, ""SELL:STRAWBERRY"": 636, ""SELL:TOMATO"": 4, ""SELL:WHEAT"": 1108, ""SELL:WOOL"": 373}",224,68,14268.0,0,209.8235294117647,636,210,23909.0,11,113.85238095238095,682,159,29964.0,0,188.45283018867926,373,100,24292.0,0,242.92,14987.0,0.0,
90130765,2114083515,1,fixed_mohit,standard_converged,126433.0,111374.0,15059.0,win,1,2.5565096250065835,719,0,0,0.010709,0.04911640000000001,0.08052062000000006,0.281042,"{""BUILD_PASTURE"": 14, ""CARE"": 308, ""COLLECT_FERTILIZER"": 318, ""DIG"": 25, ""DROP"": 80, ""EAST"": 857, ""FEED"": 319, ""FERTILIZE"": 107, ""HARVEST"": 338, ""NORTH"": 1236, ""PASS"": 377, ""PICKUP"": 339, ""PLACE"": 27, ""PLANT"": 131, ""SOUTH"": 929, ""WATER"": 851, ""WEST"": 1098}","{""BUY_ANIMAL"": 14, ""BUY_LAND"": 2, ""BUY_PRODUCT"": 279, ""BUY_SEED"": 54, ""HIRE"": 306, ""SELL"": 469}","{""BUY_ANIMAL:COW"": 8, ""BUY_ANIMAL:SHEEP"": 6, ""BUY_PRODUCT:WHEAT"": 967, ""BUY_SEED:MELON"": 21, ""BUY_SEED:STRAWBERRY"": 44, ""BUY_SEED:WHEAT"": 66, ""SELL:CARROT"": 13, ""SELL:EGG"": 8, ""SELL:FERTILIZER"": 445, ""SELL:MELON"": 216, ""SELL:MILK"": 642, ""SELL:STRAWBERRY"": 609, ""SELL:TOMATO"": 4, ""SELL:WHEAT"": 1108, ""SELL:WOOL"": 349}",216,68,14268.0,0,209.8235294117647,609,210,23909.0,11,113.85238095238095,642,160,30291.0,0,189.31875,349,100,24292.0,0,242.92,14987.0,72.0,mohit
90130765,2114083515,1,fixed_automatylicza,standard_converged,126299.0,111312.0,14987.0,win,1,2.5671995830052765,719,0,0,0.010833,0.05155030000000002,0.07848488,0.210667,"{""BUILD_PASTURE"": 14, ""CARE"": 308, ""COLLECT_FERTILIZER"": 318, ""DIG"": 25, ""DROP"": 80, ""EAST"": 857, ""FEED"": 319, ""FERTILIZE"": 107, ""HARVEST"": 338, ""NORTH"": 1236, ""PASS"": 377, ""PICKUP"": 339, ""PLACE"": 27, ""PLANT"": 131, ""SOUTH"": 929, ""WATER"": 851, ""WEST"": 1098}","{""BUY_ANIMAL"": 14, ""BUY_LAND"": 2, ""BUY_PRODUCT"": 279, ""BUY_SEED"": 54, ""HIRE"": 306, ""SELL"": 481}","{""BUY_ANIMAL:COW"": 8, ""BUY_ANIMAL:SHEEP"": 6, ""BUY_PRODUCT:WHEAT"": 967, ""BUY_SEED:MELON"": 21, ""BUY_SEED:STRAWBERRY"": 44, ""BUY_SEED:WHEAT"": 66, ""SELL:CARROT"": 13, ""SELL:EGG"": 8, ""SELL:FERTILIZER"": 445, ""SELL:MELON"": 224, ""SELL:MILK"": 682, ""SELL:STRAWBERRY"": 636, ""SELL:TOMATO"": 4, ""SELL:WHEAT"": 1108, ""SELL:WOOL"": 373}",224,68,14268.0,0,209.8235294117647,636,210,23909.0,11,113.85238095238095,682,159,29964.0,0,188.45283018867926,373,100,24292.0,0,242.92,14987.0,0.0,automatylicza
90130765,2114083515,1,fixed_manual_player,standard_converged,126782.0,111253.0,15529.0,win,1,2.5706815000012284,719,0,0,0.011,0.04908750000000003,0.08098506000000001,0.27275,"{""BUILD_PASTURE"": 14, ""CARE"": 308, ""COLLECT_FERTILIZER"": 318, ""DIG"": 25, ""DROP"": 80, ""EAST"": 857, ""FEED"": 319, ""FERTILIZE"": 107, ""HARVEST"": 338, ""NORTH"": 1236, ""PASS"": 377, ""PICKUP"": 339, ""PLACE"": 27, ""PLANT"": 131, ""SOUTH"": 929, ""WATER"": 851, ""WEST"": 1098}","{""BUY_ANIMAL"": 14, ""BUY_LAND"": 2, ""BUY_PRODUCT"": 279, ""BUY_SEED"": 54, ""HIRE"": 306, ""SELL"": 440}","{""BUY_ANIMAL:COW"": 8, ""BUY_ANIMAL:SHEEP"": 6, ""BUY_PRODUCT:WHEAT"": 967, ""BUY_SEED:MELON"": 21, ""BUY_SEED:STRAWBERRY"": 44, ""BUY_SEED:WHEAT"": 66, ""SELL:CARROT"": 13, ""SELL:EGG"": 8, ""SELL:FERTILIZER"": 445, ""SELL:MELON"": 215, ""SELL:MILK"": 560, ""SELL:STRAWBERRY"": 550, ""SELL:TOMATO"": 4, ""SELL:WHEAT"": 1108, ""SELL:WOOL"": 323}",215,68,14268.0,0,209.8235294117647,550,210,24125.0,7,114.88095238095238,560,162,30822.0,0,190.25925925925927,323,100,24302.0,0,243.02,14987.0,542.0,manual_player
90130765,2114083515,1,fixed_navazsh_fathi,standard_converged,128699.0,111165.0,17534.0,win,1,2.5760324169968953,719,0,0,0.011,0.04967500000000002,0.07726932,0.197375,"{""BUILD_PASTURE"": 14, ""CARE"": 308, ""COLLECT_FERTILIZER"": 318, ""DIG"": 25, ""DROP"": 80, ""EAST"": 857, ""FEED"": 319, ""FERTILIZE"": 107, ""HARVEST"": 338, ""NORTH"": 1236, ""PASS"": 377, ""PICKUP"": 339, ""PLACE"": 27, ""PLANT"": 131, ""SOUTH"": 929, ""WATER"": 851, ""WEST"": 1098}","{""BUY_ANIMAL"": 14, ""BUY_LAND"": 2, ""BUY_PRODUCT"": 279, ""BUY_SEED"": 54, ""HIRE"": 306, ""SELL"": 377}","{""BUY_ANIMAL:COW"": 8, ""BUY_ANIMAL:SHEEP"": 6, ""BUY_PRODUCT:WHEAT"": 967, ""BUY_SEED:MELON"": 21, ""BUY_SEED:STRAWBERRY"": 44, ""BUY_SEED:WHEAT"": 66, ""SELL:CARROT"": 13, ""SELL:EGG"": 8, ""SELL:FERTILIZER"": 406, ""SELL:MELON"": 182, ""SELL:MILK"": 413, ""SELL:STRAWBERRY"": 390, ""SELL:TOMATO"": 4, ""SELL:WHEAT"": 1108, ""SELL:WOOL"": 251}",182,68,14347.0,0,210.98529411764707,390,218,25848.0,5,118.56880733944953,413,160,31172.0,0,194.825,251,100,24342.0,0,243.42,14987.0,2547.0,navazsh_fathi
90130765,2114083515,1,fixed_lucien_de_rubempre,standard_converged,149734.0,146567.0,3167.0,win,1,3.852988667000318,719,0,2,0.010833,0.04791660000000001,0.07738694000000002,0.098583,"{""BUILD_PASTURE"": 14, ""CARE"": 308, ""COLLECT_FERTILIZER"": 318, ""DIG"": 25, ""DROP"": 80, ""EAST"": 857, ""FEED"": 319, ""FERTILIZE"": 107, ""HARVEST"": 338, ""NORTH"": 1236, ""PASS"": 377, ""PICKUP"": 339, ""PLACE"": 27, ""PLANT"": 131, ""SOUTH"": 929, ""WATER"": 851, ""WEST"": 1098}","{""BUY_ANIMAL"": 14, ""BUY_LAND"": 2, ""BUY_PRODUCT"": 279, ""BUY_SEED"": 54, ""HIRE"": 306, ""SELL"": 418}","{""BUY_ANIMAL:COW"": 8, ""BUY_ANIMAL:SHEEP"": 6, ""BUY_PRODUCT:WHEAT"": 967, ""BUY_SEED:MELON"": 21, ""BUY_SEED:STRAWBERRY"": 44, ""BUY_SEED:WHEAT"": 66, ""SELL:CARROT"": 13, ""SELL:EGG"": 8, ""SELL:FERTILIZER"": 406, ""SELL:MELON"": 197, ""SELL:MILK"": 543, ""SELL:STRAWBERRY"": 536, ""SELL:TOMATO"": 4, ""SELL:WHEAT"": 1108, ""SELL:WOOL"": 300}",197,68,14142.0,0,207.97058823529412,536,217,33683.0,0,155.22119815668202,543,184,43058.0,0,234.0108695652174,300,100,24238.0,0,242.38,14987.0,-11820.0,lucien_de_rubempre
90130806,1940616154,0,control_v012,standard_converged,154743.0,156802.0,-2059.0,loss,1,3.9233942909922916,719,0,0,0.009125,0.05511250000000005,0.08249250000000011,0.388084,"{""BUILD_PASTURE"": 14, ""CARE"": 308, ""COLLECT_FERTILIZER"": 318, ""DIG"": 25, ""DROP"": 80, ""EAST"": 857, ""FEED"": 319, ""FERTILIZE"": 107, ""HARVEST"": 338, ""NORTH"": 1236, ""PASS"": 377, ""PICKUP"": 339, ""PLACE"": 27, ""PLANT"": 131, ""SOUTH"": 929, ""WATER"": 851, ""WEST"": 1098}","{""BUY_ANIMAL"": 14, ""BUY_LAND"": 2, ""BUY_PRODUCT"": 279, ""BUY_SEED"": 54, ""HIRE"": 306, ""SELL"": 481}","{""BUY_ANIMAL:COW"": 8, ""BUY_ANIMAL:SHEEP"": 6, ""BUY_PRODUCT:WHEAT"": 967, ""BUY_SEED:MELON"": 21, ""BUY_SEED:STRAWBERRY"": 44, ""BUY_SEED:WHEAT"": 66, ""SELL:CARROT"": 13, ""SELL:EGG"": 8, ""SELL:FERTILIZER"": 445, ""SELL:MELON"": 224, ""SELL:MILK"": 682, ""SELL:STRAWBERRY"": 636, ""SELL:TOMATO"": 4, ""SELL:WHEAT"": 1108, ""SELL:WOOL"": 373}",224,68,13587.0,0,199.80882352941177,636,216,43555.0,0,201.6435185185185,682,183,38078.0,0,208.07650273224044,373,100,22324.0,0,223.24,-2059.0,0.0,
90130806,1940616154,0,fixed_mohit,standard_converged,154779.0,156873.0,-2094.0,loss,1,3.9282832909957506,719,0,0,0.01125,0.05556690000000004,0.0927950000000003,0.392625,"{""BUILD_PASTURE"": 14, ""CARE"": 308, ""COLLECT_FERTILIZER"": 318, ""DIG"": 25, ""DROP"": 80, ""EAST"": 857, ""FEED"": 319, ""FERTILIZE"": 107, ""HARVEST"": 338, ""NORTH"": 1236, ""PASS"": 377, ""PICKUP"": 339, ""PLACE"": 27, ""PLANT"": 131, ""SOUTH"": 929, ""WATER"": 851, ""WEST"": 1098}","{""BUY_ANIMAL"": 14, ""BUY_LAND"": 2, ""BUY_PRODUCT"": 279, ""BUY_SEED"": 54, ""HIRE"": 306, ""SELL"": 469}","{""BUY_ANIMAL:COW"": 8, ""BUY_ANIMAL:SHEEP"": 6, ""BUY_PRODUCT:WHEAT"": 967, ""BUY_SEED:MELON"": 21, ""BUY_SEED:STRAWBERRY"": 44, ""BUY_SEED:WHEAT"": 66, ""SELL:CARROT"": 13, ""SELL:EGG"": 8, ""SELL:FERTILIZER"": 445, ""SELL:MELON"": 216, ""SELL:MILK"": 642, ""SELL:STRAWBERRY"": 609, ""SELL:TOMATO"": 4, ""SELL:WHEAT"": 1108, ""SELL:WOOL"": 349}",216,68,13587.0,0,199.80882352941177,609,216,43559.0,0,201.66203703703704,642,184,38328.0,0,208.30434782608697,349,100,22333.0,0,223.33,-2059.0,-35.0,mohit
90130806,1940616154,0,fixed_automatylicza,standard_converged,154743.0,156802.0,-2059.0,loss,1,3.915573999998742,719,0,0,0.010875,0.051925000000000034,0.08027006000000003,0.174042,"{""BUILD_PASTURE"": 14, ""CARE"": 308, ""COLLECT_FERTILIZER"": 318, ""DIG"": 25, ""DROP"": 80, ""EAST"": 857, ""FEED"": 319, ""FERTILIZE"": 107, ""HARVEST"": 338, ""NORTH"": 1236, ""PASS"": 377, ""PICKUP"": 339, ""PLACE"": 27, ""PLANT"": 131, ""SOUTH"": 929, ""WATER"": 851, ""WEST"": 1098}","{""BUY_ANIMAL"": 14, ""BUY_LAND"": 2, ""BUY_PRODUCT"": 279, ""BUY_SEED"": 54, ""HIRE"": 306, ""SELL"": 481}","{""BUY_ANIMAL:COW"": 8, ""BUY_ANIMAL:SHEEP"": 6, ""BUY_PRODUCT:WHEAT"": 967, ""BUY_SEED:MELON"": 21, ""BUY_SEED:STRAWBERRY"": 44, ""BUY_SEED:WHEAT"": 66, ""SELL:CARROT"": 13, ""SELL:EGG"": 8, ""SELL:FERTILIZER"": 445, ""SELL:MELON"": 224, ""SELL:MILK"": 682, ""SELL:STRAWBERRY"": 636, ""SELL:TOMATO"": 4, ""SELL:WHEAT"": 1108, ""SELL:WOOL"": 373}",224,68,13587.0,0,199.80882352941177,636,216,43555.0,0,201.6435185185185,682,183,38078.0,0,208.07650273224044,373,100,22324.0,0,223.24,-2059.0,0.0,automatylicza
90130806,1940616154,0,fixed_manual_player,standard_converged,154839.0,157170.0,-2331.0,loss,1,3.9154829580074875,719,0,0,0.011125,0.0531038,0.0911275600000005,0.358167,"{""BUILD_PASTURE"": 14, ""CARE"": 308, ""COLLECT_FERTILIZER"": 318, ""DIG"": 25, ""DROP"": 80, ""EAST"": 857, ""FEED"": 319, ""FERTILIZE"": 107, ""HARVEST"": 338, ""NORTH"": 1236, ""PASS"": 377, ""PICKUP"": 339, ""PLACE"": 27, ""PLANT"": 131, ""SOUTH"": 929, ""WATER"": 851, ""WEST"": 1098}","{""BUY_ANIMAL"": 14, ""BUY_LAND"": 2, ""BUY_PRODUCT"": 279, ""BUY_SEED"": 54, ""HIRE"": 306, ""SELL"": 440}","{""BUY_ANIMAL:COW"": 8, ""BUY_ANIMAL:SHEEP"": 6, ""BUY_PRODUCT:WHEAT"": 967, ""BUY_SEED:MELON"": 21, ""BUY_SEED:STRAWBERRY"": 44, ""BUY_SEED:WHEAT"": 66, ""SELL:CARROT"": 13, ""SELL:EGG"": 8, ""SELL:FERTILIZER"": 445, ""SELL:MELON"": 215, ""SELL:MILK"": 560, ""SELL:STRAWBERRY"": 550, ""SELL:TOMATO"": 4, ""SELL:WHEAT"": 1108, ""SELL:WOOL"": 323}",215,68,13552.0,0,199.2941176470588,550,216,43636.0,0,202.0185185185185,560,186,38731.0,0,208.2311827956989,323,100,22385.0,0,223.85,-2059.0,-272.0,manual_player
90130806,1940616154,0,fixed_navazsh_fathi,standard_converged,156499.0,157457.0,-958.0,loss,1,3.9125080829981016,719,0,0,0.01125,0.051412500000000035,0.08163132000000006,1230.252209,"{""BUILD_PASTURE"": 14, ""CARE"": 308, ""COLLECT_FERTILIZER"": 318, ""DIG"": 25, ""DROP"": 80, ""EAST"": 857, ""FEED"": 319, ""FERTILIZE"": 107, ""HARVEST"": 338, ""NORTH"": 1236, ""PASS"": 377, ""PICKUP"": 339, ""PLACE"": 27, ""PLANT"": 131, ""SOUTH"": 929, ""WATER"": 851, ""WEST"": 1098}","{""BUY_ANIMAL"": 14, ""BUY_LAND"": 2, ""BUY_PRODUCT"": 279, ""BUY_SEED"": 54, ""HIRE"": 306, ""SELL"": 377}","{""BUY_ANIMAL:COW"": 8, ""BUY_ANIMAL:SHEEP"": 6, ""BUY_PRODUCT:WHEAT"": 967, ""BUY_SEED:MELON"": 21, ""BUY_SEED:STRAWBERRY"": 44, ""BUY_SEED:WHEAT"": 66, ""SELL:CARROT"": 13, ""SELL:EGG"": 8, ""SELL:FERTILIZER"": 406, ""SELL:MELON"": 182, ""SELL:MILK"": 413, ""SELL:STRAWBERRY"": 390, ""SELL:TOMATO"": 4, ""SELL:WHEAT"": 1108, ""SELL:WOOL"": 251}",182,68,13612.0,0,200.1764705882353,390,223,44935.0,0,201.50224215246638,413,185,39086.0,0,211.27567567567567,251,100,22726.0,0,227.26,-2059.0,1101.0,navazsh_fathi
90130806,1940616154,0,fixed_lucien_de_rubempre,standard_converged,155873.0,157035.0,-1162.0,loss,1,2.683143249989371,719,0,0,0.011083,0.05281690000000003,0.08431506000000002,0.337625,"{""BUILD_PASTURE"": 14, ""CARE"": 308, ""COLLECT_FERTILIZER"": 318, ""DIG"": 25, ""DROP"": 80, ""EAST"": 857, ""FEED"": 319, ""FERTILIZE"": 107, ""HARVEST"": 338, ""NORTH"": 1236, ""PASS"": 377, ""PICKUP"": 339, ""PLACE"": 27, ""PLANT"": 131, ""SOUTH"": 929, ""WATER"": 851, ""WEST"": 1098}","{""BUY_ANIMAL"": 14, ""BUY_LAND"": 2, ""BUY_PRODUCT"": 279, ""BUY_SEED"": 54, ""HIRE"": 306, ""SELL"": 418}","{""BUY_ANIMAL:COW"": 8, ""BUY_ANIMAL:SHEEP"": 6, ""BUY_PRODUCT:WHEAT"": 967, ""BUY_SEED:MELON"": 21, ""BUY_SEED:STRAWBERRY"": 44, ""BUY_SEED:WHEAT"": 66, ""SELL:CARROT"": 13, ""SELL:EGG"": 8, ""SELL:FERTILIZER"": 406, ""SELL:MELON"": 197, ""SELL:MILK"": 543, ""SELL:STRAWBERRY"": 536, ""SELL:TOMATO"": 4, ""SELL:WHEAT"": 1108, ""SELL:WOOL"": 300}",197,68,13612.0,0,200.1764705882353,536,221,44248.0,0,200.21719457013575,543,184,38458.0,0,209.0108695652174,300,100,22502.0,0,225.02,-2059.0,897.0,lucien_de_rubempre
90130806,1940616154,1,control_v012,standard_converged,153998.0,156525.0,-2527.0,loss,1,2.6837587079935474,719,0,0,0.008916,0.04687980000000001,0.07657738000000004,0.285958,"{""BUILD_PASTURE"": 14, ""CARE"": 308, ""COLLECT_FERTILIZER"": 318, ""DIG"": 25, ""DROP"": 80, ""EAST"": 857, ""FEED"": 319, ""FERTILIZE"": 107, ""HARVEST"": 338, ""NORTH"": 1236, ""PASS"": 377, ""PICKUP"": 339, ""PLACE"": 27, ""PLANT"": 131, ""SOUTH"": 929, ""WATER"": 851, ""WEST"": 1098}","{""BUY_ANIMAL"": 14, ""BUY_LAND"": 2, ""BUY_PRODUCT"": 279, ""BUY_SEED"": 54, ""HIRE"": 306, ""SELL"": 481}","{""BUY_ANIMAL:COW"": 8, ""BUY_ANIMAL:SHEEP"": 6, ""BUY_PRODUCT:WHEAT"": 967, ""BUY_SEED:MELON"": 21, ""BUY_SEED:STRAWBERRY"": 44, ""BUY_SEED:WHEAT"": 66, ""SELL:CARROT"": 13, ""SELL:EGG"": 8, ""SELL:FERTILIZER"": 445, ""SELL:MELON"": 224, ""SELL:MILK"": 682, ""SELL:STRAWBERRY"": 636, ""SELL:TOMATO"": 4, ""SELL:WHEAT"": 1108, ""SELL:WOOL"": 373}",224,68,13559.0,0,199.39705882352942,636,216,43368.0,0,200.77777777777777,682,183,37877.0,0,206.97814207650273,373,100,22302.0,0,223.02,-2527.0,0.0,
90130806,1940616154,1,fixed_mohit,standard_converged,154046.0,156593.0,-2547.0,loss,1,2.6979090829991037,719,0,0,0.011166,0.048008300000000004,0.08403044000000003,0.280709,"{""BUILD_PASTURE"": 14, ""CARE"": 308, ""COLLECT_FERTILIZER"": 318, ""DIG"": 25, ""DROP"": 80, ""EAST"": 857, ""FEED"": 319, ""FERTILIZE"": 107, ""HARVEST"": 338, ""NORTH"": 1236, ""PASS"": 377, ""PICKUP"": 339, ""PLACE"": 27, ""PLANT"": 131, ""SOUTH"": 929, ""WATER"": 851, ""WEST"": 1098}","{""BUY_ANIMAL"": 14, ""BUY_LAND"": 2, ""BUY_PRODUCT"": 279, ""BUY_SEED"": 54, ""HIRE"": 306, ""SELL"": 469}","{""BUY_ANIMAL:COW"": 8, ""BUY_ANIMAL:SHEEP"": 6, ""BUY_PRODUCT:WHEAT"": 967, ""BUY_SEED:MELON"": 21, ""BUY_SEED:STRAWBERRY"": 44, ""BUY_SEED:WHEAT"": 66, ""SELL:CARROT"": 13, ""SELL:EGG"": 8, ""SELL:FERTILIZER"": 445, ""SELL:MELON"": 216, ""SELL:MILK"": 642, ""SELL:STRAWBERRY"": 609, ""SELL:TOMATO"": 4, ""SELL:WHEAT"": 1108, ""SELL:WOOL"": 349}",216,68,13559.0,0,199.39705882352942,609,216,43372.0,0,200.7962962962963,642,184,38139.0,0,207.27717391304347,349,100,22311.0,0,223.11,-2527.0,-20.0,mohit
90130806,1940616154,1,fixed_automatylicza,standard_converged,153998.0,156525.0,-2527.0,loss,1,2.68802020799194,719,0,0,0.010667,0.04775800000000001,0.07821694000000001,0.272708,"{""BUILD_PASTURE"": 14, ""CARE"": 308, ""COLLECT_FERTILIZER"": 318, ""DIG"": 25, ""DROP"": 80, ""EAST"": 857, ""FEED"": 319, ""FERTILIZE"": 107, ""HARVEST"": 338, ""NORTH"": 1236, ""PASS"": 377, ""PICKUP"": 339, ""PLACE"": 27, ""PLANT"": 131, ""SOUTH"": 929, ""WATER"": 851, ""WEST"": 1098}","{""BUY_ANIMAL"": 14, ""BUY_LAND"": 2, ""BUY_PRODUCT"": 279, ""BUY_SEED"": 54, ""HIRE"": 306, ""SELL"": 481}","{""BUY_ANIMAL:COW"": 8, ""BUY_ANIMAL:SHEEP"": 6, ""BUY_PRODUCT:WHEAT"": 967, ""BUY_SEED:MELON"": 21, ""BUY_SEED:STRAWBERRY"": 44, ""BUY_SEED:WHEAT"": 66, ""SELL:CARROT"": 13, ""SELL:EGG"": 8, ""SELL:FERTILIZER"": 445, ""SELL:MELON"": 224, ""SELL:MILK"": 682, ""SELL:STRAWBERRY"": 636, ""SELL:TOMATO"": 4, ""SELL:WHEAT"": 1108, ""SELL:WOOL"": 373}",224,68,13559.0,0,199.39705882352942,636,216,43368.0,0,200.77777777777777,682,183,37877.0,0,206.97814207650273,373,100,22302.0,0,223.02,-2527.0,0.0,automatylicza
90130806,1940616154,1,fixed_manual_player,standard_converged,154242.0,156757.0,-2515.0,loss,1,2.6752965830091853,719,0,0,0.010875,0.048708,0.07950550000000006,0.114208,"{""BUILD_PASTURE"": 14, ""CARE"": 308, ""COLLECT_FERTILIZER"": 318, ""DIG"": 25, ""DROP"": 80, ""EAST"": 857, ""FEED"": 319, ""FERTILIZE"": 107, ""HARVEST"": 338, ""NORTH"": 1236, ""PASS"": 377, ""PICKUP"": 339, ""PLACE"": 27, ""PLANT"": 131, ""SOUTH"": 929, ""WATER"": 851, ""WEST"": 1098}","{""BUY_ANIMAL"": 14, ""BUY_LAND"": 2, ""BUY_PRODUCT"": 279, ""BUY_SEED"": 54, ""HIRE"": 306, ""SELL"": 440}","{""BUY_ANIMAL:COW"": 8, ""BUY_ANIMAL:SHEEP"": 6, ""BUY_PRODUCT:WHEAT"": 967, ""BUY_SEED:MELON"": 21, ""BUY_SEED:STRAWBERRY"": 44, ""BUY_SEED:WHEAT"": 66, ""SELL:CARROT"": 13, ""SELL:EGG"": 8, ""SELL:FERTILIZER"": 445, ""SELL:MELON"": 215, ""SELL:MILK"": 560, ""SELL:STRAWBERRY"": 550, ""SELL:TOMATO"": 4, ""SELL:WHEAT"": 1108, ""SELL:WOOL"": 323}",215,68,13515.0,0,198.75,550,216,43482.0,0,201.30555555555554,560,186,38653.0,0,207.81182795698925,323,100,22382.0,0,223.82,-2527.0,12.0,manual_player
90130806,1940616154,1,fixed_navazsh_fathi,standard_converged,156061.0,156945.0,-884.0,loss,1,2.681036750000203,719,0,0,0.010875,0.047092000000000016,0.08346250000000022,0.242209,"{""BUILD_PASTURE"": 14, ""CARE"": 308, ""COLLECT_FERTILIZER"": 318, ""DIG"": 25, ""DROP"": 80, ""EAST"": 857, ""FEED"": 319, ""FERTILIZE"": 107, ""HARVEST"": 338, ""NORTH"": 1236, ""PASS"": 377, ""PICKUP"": 339, ""PLACE"": 27, ""PLANT"": 131, ""SOUTH"": 929, ""WATER"": 851, ""WEST"": 1098}","{""BUY_ANIMAL"": 14, ""BUY_LAND"": 2, ""BUY_PRODUCT"": 279, ""BUY_SEED"": 54, ""HIRE"": 306, ""SELL"": 377}","{""BUY_ANIMAL:COW"": 8, ""BUY_ANIMAL:SHEEP"": 6, ""BUY_PRODUCT:WHEAT"": 967, ""BUY_SEED:MELON"": 21, ""BUY_SEED:STRAWBERRY"": 44, ""BUY_SEED:WHEAT"": 66, ""SELL:CARROT"": 13, ""SELL:EGG"": 8, ""SELL:FERTILIZER"": 406, ""SELL:MELON"": 182, ""SELL:MILK"": 413, ""SELL:STRAWBERRY"": 390, ""SELL:TOMATO"": 4, ""SELL:WHEAT"": 1108, ""SELL:WOOL"": 251}",182,68,13585.0,0,199.77941176470588,390,223,44862.0,0,201.1748878923767,413,185,39062.0,0,211.14594594594595,251,100,22725.0,0,227.25,-2527.0,1643.0,navazsh_fathi
90130806,1940616154,1,fixed_lucien_de_rubempre,standard_converged,155408.0,156497.0,-1089.0,loss,1,2.6882959159993334,719,0,0,0.011083,0.046712199999999995,0.07936744000000001,0.260459,"{""BUILD_PASTURE"": 14, ""CARE"": 308, ""COLLECT_FERTILIZER"": 318, ""DIG"": 25, ""DROP"": 80, ""EAST"": 857, ""FEED"": 319, ""FERTILIZE"": 107, ""HARVEST"": 338, ""NORTH"": 1236, ""PASS"": 377, ""PICKUP"": 339, ""PLACE"": 27, ""PLANT"": 131, ""SOUTH"": 929, ""WATER"": 851, ""WEST"": 1098}","{""BUY_ANIMAL"": 14, ""BUY_LAND"": 2, ""BUY_PRODUCT"": 279, ""BUY_SEED"": 54, ""HIRE"": 306, ""SELL"": 418}","{""BUY_ANIMAL:COW"": 8, ""BUY_ANIMAL:SHEEP"": 6, ""BUY_PRODUCT:WHEAT"": 967, ""BUY_SEED:MELON"": 21, ""BUY_SEED:STRAWBERRY"": 44, ""BUY_SEED:WHEAT"": 66, ""SELL:CARROT"": 13, ""SELL:EGG"": 8, ""SELL:FERTILIZER"": 406, ""SELL:MELON"": 197, ""SELL:MILK"": 543, ""SELL:STRAWBERRY"": 536, ""SELL:TOMATO"": 4, ""SELL:WHEAT"": 1108, ""SELL:WOOL"": 300}",197,68,13585.0,0,199.77941176470588,536,221,44175.0,0,199.8868778280543,543,184,38431.0,0,208.8641304347826,300,100,22501.0,0,225.01,-2527.0,1438.0,lucien_de_rubempre
90130811,716866017,0,control_v012,standard_converged,106975.0,109349.0,-2374.0,loss,1,2.679849624997587,719,0,0,0.009,0.04561660000000003,0.07403362,0.173166,"{""BUILD_PASTURE"": 14, ""CARE"": 308, ""COLLECT_FERTILIZER"": 318, ""DIG"": 25, ""DROP"": 80, ""EAST"": 857, ""FEED"": 319, ""FERTILIZE"": 107, ""HARVEST"": 338, ""NORTH"": 1236, ""PASS"": 377, ""PICKUP"": 339, ""PLACE"": 27, ""PLANT"": 131, ""SOUTH"": 929, ""WATER"": 851, ""WEST"": 1098}","{""BUY_ANIMAL"": 14, ""BUY_LAND"": 2, ""BUY_PRODUCT"": 279, ""BUY_SEED"": 54, ""HIRE"": 306, ""SELL"": 481}","{""BUY_ANIMAL:COW"": 8, ""BUY_ANIMAL:SHEEP"": 6, ""BUY_PRODUCT:WHEAT"": 967, ""BUY_SEED:MELON"": 21, ""BUY_SEED:STRAWBERRY"": 44, ""BUY_SEED:WHEAT"": 66, ""SELL:CARROT"": 13, ""SELL:EGG"": 8, ""SELL:FERTILIZER"": 445, ""SELL:MELON"": 224, ""SELL:MILK"": 682, ""SELL:STRAWBERRY"": 636, ""SELL:TOMATO"": 4, ""SELL:WHEAT"": 1108, ""SELL:WOOL"": 373}",224,68,13810.0,0,203.08823529411765,636,216,33173.0,0,153.5787037037037,682,183,4650.0,40,25.40983606557377,373,100,24185.0,0,241.85,-2374.0,0.0,
90130811,716866017,0,fixed_mohit,standard_converged,106692.0,109192.0,-2500.0,loss,1,2.6908881249983096,719,0,0,0.01125,0.04867910000000001,0.08370506000000011,0.264666,"{""BUILD_PASTURE"": 14, ""CARE"": 308, ""COLLECT_FERTILIZER"": 318, ""DIG"": 25, ""DROP"": 80, ""EAST"": 857, ""FEED"": 319, ""FERTILIZE"": 107, ""HARVEST"": 338, ""NORTH"": 1236, ""PASS"": 377, ""PICKUP"": 339, ""PLACE"": 27, ""PLANT"": 131, ""SOUTH"": 929, ""WATER"": 851, ""WEST"": 1098}","{""BUY_ANIMAL"": 14, ""BUY_LAND"": 2, ""BUY_PRODUCT"": 279, ""BUY_SEED"": 54, ""HIRE"": 306, ""SELL"": 469}","{""BUY_ANIMAL:COW"": 8, ""BUY_ANIMAL:SHEEP"": 6, ""BUY_PRODUCT:WHEAT"": 967, ""BUY_SEED:MELON"": 21, ""BUY_SEED:STRAWBERRY"": 44, ""BUY_SEED:WHEAT"": 66, ""SELL:CARROT"": 13, ""SELL:EGG"": 8, ""SELL:FERTILIZER"": 445, ""SELL:MELON"": 216, ""SELL:MILK"": 642, ""SELL:STRAWBERRY"": 609, ""SELL:TOMATO"": 4, ""SELL:WHEAT"": 1108, ""SELL:WOOL"": 349}",216,68,13810.0,0,203.08823529411765,609,216,33176.0,0,153.59259259259258,642,184,4407.0,42,23.95108695652174,349,100,24186.0,0,241.86,-2374.0,-126.0,mohit
90130811,716866017,0,fixed_automatylicza,standard_converged,106975.0,109349.0,-2374.0,loss,1,2.687292750008055,719,0,0,0.010792,0.0524914,0.08016756000000003,0.286583,"{""BUILD_PASTURE"": 14, ""CARE"": 308, ""COLLECT_FERTILIZER"": 318, ""DIG"": 25, ""DROP"": 80, ""EAST"": 857, ""FEED"": 319, ""FERTILIZE"": 107, ""HARVEST"": 338, ""NORTH"": 1236, ""PASS"": 377, ""PICKUP"": 339, ""PLACE"": 27, ""PLANT"": 131, ""SOUTH"": 929, ""WATER"": 851, ""WEST"": 1098}","{""BUY_ANIMAL"": 14, ""BUY_LAND"": 2, ""BUY_PRODUCT"": 279, ""BUY_SEED"": 54, ""HIRE"": 306, ""SELL"": 481}","{""BUY_ANIMAL:COW"": 8, ""BUY_ANIMAL:SHEEP"": 6, ""BUY_PRODUCT:WHEAT"": 967, ""BUY_SEED:MELON"": 21, ""BUY_SEED:STRAWBERRY"": 44, ""BUY_SEED:WHEAT"": 66, ""SELL:CARROT"": 13, ""SELL:EGG"": 8, ""SELL:FERTILIZER"": 445, ""SELL:MELON"": 224, ""SELL:MILK"": 682, ""SELL:STRAWBERRY"": 636, ""SELL:TOMATO"": 4, ""SELL:WHEAT"": 1108, ""SELL:WOOL"": 373}",224,68,13810.0,0,203.08823529411765,636,216,33173.0,0,153.5787037037037,682,183,4650.0,40,25.40983606557377,373,100,24185.0,0,241.85,-2374.0,0.0,automatylicza
90130811,716866017,0,fixed_manual_player,standard_converged,106933.0,109232.0,-2299.0,loss,1,2.682252625003457,719,0,0,0.011166,0.05040450000000003,0.07927444000000004,0.212792,"{""BUILD_PASTURE"": 14, ""CARE"": 308, ""COLLECT_FERTILIZER"": 318, ""DIG"": 25, ""DROP"": 80, ""EAST"": 857, ""FEED"": 319, ""FERTILIZE"": 107, ""HARVEST"": 338, ""NORTH"": 1236, ""PASS"": 377, ""PICKUP"": 339, ""PLACE"": 27, ""PLANT"": 131, ""SOUTH"": 929, ""WATER"": 851, ""WEST"": 1098}","{""BUY_ANIMAL"": 14, ""BUY_LAND"": 2, ""BUY_PRODUCT"": 279, ""BUY_SEED"": 54, ""HIRE"": 306, ""SELL"": 440}","{""BUY_ANIMAL:COW"": 8, ""BUY_ANIMAL:SHEEP"": 6, ""BUY_PRODUCT:WHEAT"": 967, ""BUY_SEED:MELON"": 21, ""BUY_SEED:STRAWBERRY"": 44, ""BUY_SEED:WHEAT"": 66, ""SELL:CARROT"": 13, ""SELL:EGG"": 8, ""SELL:FERTILIZER"": 445, ""SELL:MELON"": 215, ""SELL:MILK"": 560, ""SELL:STRAWBERRY"": 550, ""SELL:TOMATO"": 4, ""SELL:WHEAT"": 1108, ""SELL:WOOL"": 323}",215,68,13767.0,0,202.4558823529412,550,216,33440.0,0,154.8148148148148,560,186,4647.0,40,24.983870967741936,323,100,24200.0,0,242.0,-2374.0,75.0,manual_player
90130811,716866017,0,fixed_navazsh_fathi,standard_converged,107774.0,107917.0,-143.0,loss,1,2.6793327079940354,719,0,0,0.011125,0.051041700000000065,0.07960606000000002,0.213709,"{""BUILD_PASTURE"": 14, ""CARE"": 308, ""COLLECT_FERTILIZER"": 318, ""DIG"": 25, ""DROP"": 80, ""EAST"": 857, ""FEED"": 319, ""FERTILIZE"": 107, ""HARVEST"": 338, ""NORTH"": 1236, ""PASS"": 377, ""PICKUP"": 339, ""PLACE"": 27, ""PLANT"": 131, ""SOUTH"": 929, ""WATER"": 851, ""WEST"": 1098}","{""BUY_ANIMAL"": 14, ""BUY_LAND"": 2, ""BUY_PRODUCT"": 279, ""BUY_SEED"": 54, ""HIRE"": 306, ""SELL"": 377}","{""BUY_ANIMAL:COW"": 8, ""BUY_ANIMAL:SHEEP"": 6, ""BUY_PRODUCT:WHEAT"": 967, ""BUY_SEED:MELON"": 21, ""BUY_SEED:STRAWBERRY"": 44, ""BUY_SEED:WHEAT"": 66, ""SELL:CARROT"": 13, ""SELL:EGG"": 8, ""SELL:FERTILIZER"": 406, ""SELL:MELON"": 182, ""SELL:MILK"": 413, ""SELL:STRAWBERRY"": 390, ""SELL:TOMATO"": 4, ""SELL:WHEAT"": 1108, ""SELL:WOOL"": 251}",182,68,13834.0,0,203.44117647058823,390,223,34530.0,0,154.84304932735427,413,186,4860.0,33,26.129032258064516,251,100,24244.0,0,242.44,-2374.0,2231.0,navazsh_fathi
90130811,716866017,0,fixed_lucien_de_rubempre,standard_converged,107348.0,108284.0,-936.0,loss,1,2.6893657089967746,719,0,0,0.011167,0.050013100000000046,0.0814200600000001,0.235333,"{""BUILD_PASTURE"": 14, ""CARE"": 308, ""COLLECT_FERTILIZER"": 318, ""DIG"": 25, ""DROP"": 80, ""EAST"": 857, ""FEED"": 319, ""FERTILIZE"": 107, ""HARVEST"": 338, ""NORTH"": 1236, ""PASS"": 377, ""PICKUP"": 339, ""PLACE"": 27, ""PLANT"": 131, ""SOUTH"": 929, ""WATER"": 851, ""WEST"": 1098}","{""BUY_ANIMAL"": 14, ""BUY_LAND"": 2, ""BUY_PRODUCT"": 279, ""BUY_SEED"": 54, ""HIRE"": 306, ""SELL"": 418}","{""BUY_ANIMAL:COW"": 8, ""BUY_ANIMAL:SHEEP"": 6, ""BUY_PRODUCT:WHEAT"": 967, ""BUY_SEED:MELON"": 21, ""BUY_SEED:STRAWBERRY"": 44, ""BUY_SEED:WHEAT"": 66, ""SELL:CARROT"": 13, ""SELL:EGG"": 8, ""SELL:FERTILIZER"": 406, ""SELL:MELON"": 197, ""SELL:MILK"": 543, ""SELL:STRAWBERRY"": 536, ""SELL:TOMATO"": 4, ""SELL:WHEAT"": 1108, ""SELL:WOOL"": 300}",197,68,13834.0,0,203.44117647058823,536,221,33519.0,0,151.66968325791856,543,184,4845.0,39,26.331521739130434,300,100,24219.0,0,242.19,-2374.0,1438.0,lucien_de_rubempre
90130811,716866017,1,control_v012,standard_converged,156704.0,20605.0,136099.0,win,1,2.677525457998854,719,0,0,0.009,0.0450494,0.07533138000000003,0.264,"{""BUILD_PASTURE"": 14, ""CARE"": 308, ""COLLECT_FERTILIZER"": 318, ""DIG"": 25, ""DROP"": 80, ""EAST"": 857, ""FEED"": 319, ""FERTILIZE"": 107, ""HARVEST"": 338, ""NORTH"": 1236, ""PASS"": 377, ""PICKUP"": 339, ""PLACE"": 27, ""PLANT"": 131, ""SOUTH"": 929, ""WATER"": 851, ""WEST"": 1098}","{""BUY_ANIMAL"": 14, ""BUY_LAND"": 2, ""BUY_PRODUCT"": 279, ""BUY_SEED"": 54, ""HIRE"": 306, ""SELL"": 481}","{""BUY_ANIMAL:COW"": 8, ""BUY_ANIMAL:SHEEP"": 6, ""BUY_PRODUCT:WHEAT"": 967, ""BUY_SEED:MELON"": 21, ""BUY_SEED:STRAWBERRY"": 44, ""BUY_SEED:WHEAT"": 66, ""SELL:CARROT"": 13, ""SELL:EGG"": 8, ""SELL:FERTILIZER"": 445, ""SELL:MELON"": 224, ""SELL:MILK"": 682, ""SELL:STRAWBERRY"": 636, ""SELL:TOMATO"": 4, ""SELL:WHEAT"": 1108, ""SELL:WOOL"": 373}",224,68,15740.0,0,231.47058823529412,636,216,50619.0,0,234.34722222222223,682,183,24979.0,0,136.49726775956285,373,100,24479.0,0,244.79,136099.0,0.0,
90130811,716866017,1,fixed_mohit,standard_converged,157057.0,20552.0,136505.0,win,1,2.6665686249907594,719,0,0,0.010917,0.047670800000000006,0.07790244000000003,0.258208,"{""BUILD_PASTURE"": 14, ""CARE"": 308, ""COLLECT_FERTILIZER"": 318, ""DIG"": 25, ""DROP"": 80, ""EAST"": 857, ""FEED"": 319, ""FERTILIZE"": 107, ""HARVEST"": 338, ""NORTH"": 1236, ""PASS"": 377, ""PICKUP"": 339, ""PLACE"": 27, ""PLANT"": 131, ""SOUTH"": 929, ""WATER"": 851, ""WEST"": 1098}","{""BUY_ANIMAL"": 14, ""BUY_LAND"": 2, ""BUY_PRODUCT"": 279, ""BUY_SEED"": 54, ""HIRE"": 306, ""SELL"": 469}","{""BUY_ANIMAL:COW"": 8, ""BUY_ANIMAL:SHEEP"": 6, ""BUY_PRODUCT:WHEAT"": 967, ""BUY_SEED:MELON"": 21, ""BUY_SEED:STRAWBERRY"": 44, ""BUY_SEED:WHEAT"": 66, ""SELL:CARROT"": 13, ""SELL:EGG"": 8, ""SELL:FERTILIZER"": 445, ""SELL:MELON"": 216, ""SELL:MILK"": 642, ""SELL:STRAWBERRY"": 609, ""SELL:TOMATO"": 4, ""SELL:WHEAT"": 1108, ""SELL:WOOL"": 349}",216,68,15740.0,0,231.47058823529412,609,216,50631.0,0,234.40277777777777,642,184,25492.0,0,138.54347826086956,349,100,24479.0,0,244.79,136099.0,406.0,mohit
90130811,716866017,1,fixed_automatylicza,standard_converged,156704.0,20605.0,136099.0,win,1,2.6842629589955322,719,0,0,0.010625,0.04616670000000001,0.07893250000000002,0.246208,"{""BUILD_PASTURE"": 14, ""CARE"": 308, ""COLLECT_FERTILIZER"": 318, ""DIG"": 25, ""DROP"": 80, ""EAST"": 857, ""FEED"": 319, ""FERTILIZE"": 107, ""HARVEST"": 338, ""NORTH"": 1236, ""PASS"": 377, ""PICKUP"": 339, ""PLACE"": 27, ""PLANT"": 131, ""SOUTH"": 929, ""WATER"": 851, ""WEST"": 1098}","{""BUY_ANIMAL"": 14, ""BUY_LAND"": 2, ""BUY_PRODUCT"": 279, ""BUY_SEED"": 54, ""HIRE"": 306, ""SELL"": 481}","{""BUY_ANIMAL:COW"": 8, ""BUY_ANIMAL:SHEEP"": 6, ""BUY_PRODUCT:WHEAT"": 967, ""BUY_SEED:MELON"": 21, ""BUY_SEED:STRAWBERRY"": 44, ""BUY_SEED:WHEAT"": 66, ""SELL:CARROT"": 13, ""SELL:EGG"": 8, ""SELL:FERTILIZER"": 445, ""SELL:MELON"": 224, ""SELL:MILK"": 682, ""SELL:STRAWBERRY"": 636, ""SELL:TOMATO"": 4, ""SELL:WHEAT"": 1108, ""SELL:WOOL"": 373}",224,68,15740.0,0,231.47058823529412,636,216,50619.0,0,234.34722222222223,682,183,24979.0,0,136.49726775956285,373,100,24479.0,0,244.79,136099.0,0.0,automatylicza
90130811,716866017,1,fixed_manual_player,standard_converged,157157.0,20567.0,136590.0,win,1,2.6693173329986166,719,0,0,0.010875,0.04709580000000005,0.07833438000000004,0.205208,"{""BUILD_PASTURE"": 14, ""CARE"": 308, ""COLLECT_FERTILIZER"": 318, ""DIG"": 25, ""DROP"": 80, ""EAST"": 857, ""FEED"": 319, ""FERTILIZE"": 107, ""HARVEST"": 338, ""NORTH"": 1236, ""PASS"": 377, ""PICKUP"": 339, ""PLACE"": 27, ""PLANT"": 131, ""SOUTH"": 929, ""WATER"": 851, ""WEST"": 1098}","{""BUY_ANIMAL"": 14, ""BUY_LAND"": 2, ""BUY_PRODUCT"": 279, ""BUY_SEED"": 54, ""HIRE"": 306, ""SELL"": 440}","{""BUY_ANIMAL:COW"": 8, ""BUY_ANIMAL:SHEEP"": 6, ""BUY_PRODUCT:WHEAT"": 967, ""BUY_SEED:MELON"": 21, ""BUY_SEED:STRAWBERRY"": 44, ""BUY_SEED:WHEAT"": 66, ""SELL:CARROT"": 13, ""SELL:EGG"": 8, ""SELL:FERTILIZER"": 445, ""SELL:MELON"": 215, ""SELL:MILK"": 560, ""SELL:STRAWBERRY"": 550, ""SELL:TOMATO"": 4, ""SELL:WHEAT"": 1108, ""SELL:WOOL"": 323}",215,68,15740.0,0,231.47058823529412,550,216,50680.0,0,234.62962962962962,560,186,25699.0,0,138.16666666666666,323,100,24485.0,0,244.85,136099.0,491.0,manual_player
90130811,716866017,1,fixed_navazsh_fathi,standard_converged,159594.0,20609.0,138985.0,win,1,2.6699996250099503,719,0,0,0.010917,0.04788330000000003,0.07738312000000001,0.278291,"{""BUILD_PASTURE"": 14, ""CARE"": 308, ""COLLECT_FERTILIZER"": 318, ""DIG"": 25, ""DROP"": 80, ""EAST"": 857, ""FEED"": 319, ""FERTILIZE"": 107, ""HARVEST"": 338, ""NORTH"": 1236, ""PASS"": 377, ""PICKUP"": 339, ""PLACE"": 27, ""PLANT"": 131, ""SOUTH"": 929, ""WATER"": 851, ""WEST"": 1098}","{""BUY_ANIMAL"": 14, ""BUY_LAND"": 2, ""BUY_PRODUCT"": 279, ""BUY_SEED"": 54, ""HIRE"": 306, ""SELL"": 377}","{""BUY_ANIMAL:COW"": 8, ""BUY_ANIMAL:SHEEP"": 6, ""BUY_PRODUCT:WHEAT"": 967, ""BUY_SEED:MELON"": 21, ""BUY_SEED:STRAWBERRY"": 44, ""BUY_SEED:WHEAT"": 66, ""SELL:CARROT"": 13, ""SELL:EGG"": 8, ""SELL:FERTILIZER"": 406, ""SELL:MELON"": 182, ""SELL:MILK"": 413, ""SELL:STRAWBERRY"": 390, ""SELL:TOMATO"": 4, ""SELL:WHEAT"": 1108, ""SELL:WOOL"": 251}",182,68,15792.0,0,232.23529411764707,390,223,52630.0,0,236.00896860986546,413,185,26519.0,0,143.34594594594594,251,100,24508.0,0,245.08,136099.0,2886.0,navazsh_fathi
90130811,716866017,1,fixed_lucien_de_rubempre,standard_converged,158701.0,20576.0,138125.0,win,1,2.6775371249968885,719,0,0,0.011041,0.0478372,0.08308194000000006,0.261833,"{""BUILD_PASTURE"": 14, ""CARE"": 308, ""COLLECT_FERTILIZER"": 318, ""DIG"": 25, ""DROP"": 80, ""EAST"": 857, ""FEED"": 319, ""FERTILIZE"": 107, ""HARVEST"": 338, ""NORTH"": 1236, ""PASS"": 377, ""PICKUP"": 339, ""PLACE"": 27, ""PLANT"": 131, ""SOUTH"": 929, ""WATER"": 851, ""WEST"": 1098}","{""BUY_ANIMAL"": 14, ""BUY_LAND"": 2, ""BUY_PRODUCT"": 279, ""BUY_SEED"": 54, ""HIRE"": 306, ""SELL"": 418}","{""BUY_ANIMAL:COW"": 8, ""BUY_ANIMAL:SHEEP"": 6, ""BUY_PRODUCT:WHEAT"": 967, ""BUY_SEED:MELON"": 21, ""BUY_SEED:STRAWBERRY"": 44, ""BUY_SEED:WHEAT"": 66, ""SELL:CARROT"": 13, ""SELL:EGG"": 8, ""SELL:FERTILIZER"": 406, ""SELL:MELON"": 197, ""SELL:MILK"": 543, ""SELL:STRAWBERRY"": 536, ""SELL:TOMATO"": 4, ""SELL:WHEAT"": 1108, ""SELL:WOOL"": 300}",197,68,15792.0,0,232.23529411764707,536,221,51936.0,0,235.00452488687782,543,184,25677.0,0,139.54891304347825,300,100,24494.0,0,244.94,136099.0,2026.0,lucien_de_rubempre
90131482,925027272,0,control_v012,standard_converged,140834.0,145839.0,-5005.0,loss,1,2.682283041998744,719,0,0,0.009083,0.050804200000000015,0.07983950000000005,0.367375,"{""BUILD_PASTURE"": 14, ""CARE"": 308, ""COLLECT_FERTILIZER"": 318, ""DIG"": 25, ""DROP"": 80, ""EAST"": 857, ""FEED"": 319, ""FERTILIZE"": 107, ""HARVEST"": 338, ""NORTH"": 1236, ""PASS"": 377, ""PICKUP"": 339, ""PLACE"": 27, ""PLANT"": 131, ""SOUTH"": 929, ""WATER"": 851, ""WEST"": 1098}","{""BUY_ANIMAL"": 14, ""BUY_LAND"": 2, ""BUY_PRODUCT"": 279, ""BUY_SEED"": 54, ""HIRE"": 306, ""SELL"": 450}","{""BUY_ANIMAL:COW"": 8, ""BUY_ANIMAL:SHEEP"": 6, ""BUY_PRODUCT:WHEAT"": 967, ""BUY_SEED:MELON"": 21, ""BUY_SEED:STRAWBERRY"": 44, ""BUY_SEED:WHEAT"": 66, ""SELL:CARROT"": 13, ""SELL:EGG"": 8, ""SELL:FERTILIZER"": 437, ""SELL:MELON"": 224, ""SELL:MILK"": 614, ""SELL:STRAWBERRY"": 567, ""SELL:TOMATO"": 4, ""SELL:WHEAT"": 1108, ""SELL:WOOL"": 354}",224,68,13560.0,0,199.41176470588235,567,221,50138.0,0,226.86877828054298,614,183,34665.0,0,189.4262295081967,354,99,9654.0,21,97.51515151515152,-5005.0,0.0,
90131482,925027272,0,fixed_mohit,standard_converged,139857.0,146277.0,-6420.0,loss,1,2.6778745420015184,719,0,0,0.011083,0.05129160000000027,0.0896731200000005,0.285917,"{""BUILD_PASTURE"": 14, ""CARE"": 308, ""COLLECT_FERTILIZER"": 318, ""DIG"": 25, ""DROP"": 80, ""EAST"": 857, ""FEED"": 319, ""FERTILIZE"": 107, ""HARVEST"": 338, ""NORTH"": 1236, ""PASS"": 377, ""PICKUP"": 339, ""PLACE"": 27, ""PLANT"": 131, ""SOUTH"": 929, ""WATER"": 851, ""WEST"": 1098}","{""BUY_ANIMAL"": 14, ""BUY_LAND"": 2, ""BUY_PRODUCT"": 279, ""BUY_SEED"": 54, ""HIRE"": 306, ""SELL"": 469}","{""BUY_ANIMAL:COW"": 8, ""BUY_ANIMAL:SHEEP"": 6, ""BUY_PRODUCT:WHEAT"": 967, ""BUY_SEED:MELON"": 21, ""BUY_SEED:STRAWBERRY"": 44, ""BUY_SEED:WHEAT"": 66, ""SELL:CARROT"": 13, ""SELL:EGG"": 8, ""SELL:FERTILIZER"": 445, ""SELL:MELON"": 216, ""SELL:MILK"": 642, ""SELL:STRAWBERRY"": 609, ""SELL:TOMATO"": 4, ""SELL:WHEAT"": 1108, ""SELL:WOOL"": 349}",216,68,13560.0,0,199.41176470588235,609,216,49192.0,0,227.74074074074073,642,184,34798.0,0,189.1195652173913,349,99,9819.0,21,99.18181818181819,-5005.0,-1415.0,mohit
90131482,925027272,0,fixed_automatylicza,standard_converged,139649.0,146196.0,-6547.0,loss,1,2.683159499996691,719,0,0,0.010875,0.0632331,0.0971093800000004,0.256417,"{""BUILD_PASTURE"": 14, ""CARE"": 308, ""COLLECT_FERTILIZER"": 318, ""DIG"": 25, ""DROP"": 80, ""EAST"": 857, ""FEED"": 319, ""FERTILIZE"": 107, ""HARVEST"": 338, ""NORTH"": 1236, ""PASS"": 377, ""PICKUP"": 339, ""PLACE"": 27, ""PLANT"": 131, ""SOUTH"": 929, ""WATER"": 851, ""WEST"": 1098}","{""BUY_ANIMAL"": 14, ""BUY_LAND"": 2, ""BUY_PRODUCT"": 279, ""BUY_SEED"": 54, ""HIRE"": 306, ""SELL"": 481}","{""BUY_ANIMAL:COW"": 8, ""BUY_ANIMAL:SHEEP"": 6, ""BUY_PRODUCT:WHEAT"": 967, ""BUY_SEED:MELON"": 21, ""BUY_SEED:STRAWBERRY"": 44, ""BUY_SEED:WHEAT"": 66, ""SELL:CARROT"": 13, ""SELL:EGG"": 8, ""SELL:FERTILIZER"": 445, ""SELL:MELON"": 224, ""SELL:MILK"": 682, ""SELL:STRAWBERRY"": 636, ""SELL:TOMATO"": 4, ""SELL:WHEAT"": 1108, ""SELL:WOOL"": 373}",224,68,13560.0,0,199.41176470588235,636,216,49189.0,0,227.72685185185185,682,183,34362.0,0,187.7704918032787,373,99,9819.0,21,99.18181818181819,-5005.0,-1542.0,automatylicza
90131482,925027272,0,fixed_manual_player,standard_converged,140281.0,146319.0,-6038.0,loss,1,2.6827845410007285,719,0,0,0.011084,0.05122110000000003,0.08672356000000044,0.280458,"{""BUILD_PASTURE"": 14, ""CARE"": 308, ""COLLECT_FERTILIZER"": 318, ""DIG"": 25, ""DROP"": 80, ""EAST"": 857, ""FEED"": 319, ""FERTILIZE"": 107, ""HARVEST"": 338, ""NORTH"": 1236, ""PASS"": 377, ""PICKUP"": 339, ""PLACE"": 27, ""PLANT"": 131, ""SOUTH"": 929, ""WATER"": 851, ""WEST"": 1098}","{""BUY_ANIMAL"": 14, ""BUY_LAND"": 2, ""BUY_PRODUCT"": 279, ""BUY_SEED"": 54, ""HIRE"": 306, ""SELL"": 440}","{""BUY_ANIMAL:COW"": 8, ""BUY_ANIMAL:SHEEP"": 6, ""BUY_PRODUCT:WHEAT"": 967, ""BUY_SEED:MELON"": 21, ""BUY_SEED:STRAWBERRY"": 44, ""BUY_SEED:WHEAT"": 66, ""SELL:CARROT"": 13, ""SELL:EGG"": 8, ""SELL:FERTILIZER"": 445, ""SELL:MELON"": 215, ""SELL:MILK"": 560, ""SELL:STRAWBERRY"": 550, ""SELL:TOMATO"": 4, ""SELL:WHEAT"": 1108, ""SELL:WOOL"": 323}",215,68,13515.0,0,198.75,550,216,49267.0,0,228.08796296296296,560,186,35222.0,0,189.36559139784947,323,99,10118.0,21,102.20202020202021,-5005.0,-1033.0,manual_player
90131482,925027272,0,fixed_navazsh_fathi,standard_converged,142217.0,145403.0,-3186.0,loss,1,2.6902597089938354,719,0,0,0.011042,0.05079550000000008,0.08217056000000002,0.324208,"{""BUILD_PASTURE"": 14, ""CARE"": 308, ""COLLECT_FERTILIZER"": 318, ""DIG"": 25, ""DROP"": 80, ""EAST"": 857, ""FEED"": 319, ""FERTILIZE"": 107, ""HARVEST"": 338, ""NORTH"": 1236, ""PASS"": 377, ""PICKUP"": 339, ""PLACE"": 27, ""PLANT"": 131, ""SOUTH"": 929, ""WATER"": 851, ""WEST"": 1098}","{""BUY_ANIMAL"": 14, ""BUY_LAND"": 2, ""BUY_PRODUCT"": 279, ""BUY_SEED"": 54, ""HIRE"": 306, ""SELL"": 377}","{""BUY_ANIMAL:COW"": 8, ""BUY_ANIMAL:SHEEP"": 6, ""BUY_PRODUCT:WHEAT"": 967, ""BUY_SEED:MELON"": 21, ""BUY_SEED:STRAWBERRY"": 44, ""BUY_SEED:WHEAT"": 66, ""SELL:CARROT"": 13, ""SELL:EGG"": 8, ""SELL:FERTILIZER"": 406, ""SELL:MELON"": 182, ""SELL:MILK"": 413, ""SELL:STRAWBERRY"": 390, ""SELL:TOMATO"": 4, ""SELL:WHEAT"": 1108, ""SELL:WOOL"": 251}",182,68,13585.0,0,199.77941176470588,390,223,50860.0,0,228.07174887892376,413,185,35974.0,0,194.45405405405404,251,100,10576.0,15,105.76,-5005.0,1819.0,navazsh_fathi
90131482,925027272,0,fixed_lucien_de_rubempre,standard_converged,110623.0,116400.0,-5777.0,loss,1,2.6843240830057766,719,0,0,0.011042,0.04927920000000001,0.08259850000000002,0.223833,"{""BUILD_PASTURE"": 14, ""CARE"": 308, ""COLLECT_FERTILIZER"": 318, ""DIG"": 25, ""DROP"": 80, ""EAST"": 857, ""FEED"": 319, ""FERTILIZE"": 107, ""HARVEST"": 338, ""NORTH"": 1236, ""PASS"": 377, ""PICKUP"": 339, ""PLACE"": 27, ""PLANT"": 131, ""SOUTH"": 929, ""WATER"": 851, ""WEST"": 1098}","{""BUY_ANIMAL"": 14, ""BUY_LAND"": 2, ""BUY_PRODUCT"": 279, ""BUY_SEED"": 54, ""HIRE"": 306, ""SELL"": 418}","{""BUY_ANIMAL:COW"": 8, ""BUY_ANIMAL:SHEEP"": 6, ""BUY_PRODUCT:WHEAT"": 967, ""BUY_SEED:MELON"": 21, ""BUY_SEED:STRAWBERRY"": 44, ""BUY_SEED:WHEAT"": 66, ""SELL:CARROT"": 13, ""SELL:EGG"": 8, ""SELL:FERTILIZER"": 406, ""SELL:MELON"": 197, ""SELL:MILK"": 543, ""SELL:STRAWBERRY"": 536, ""SELL:TOMATO"": 4, ""SELL:WHEAT"": 1108, ""SELL:WOOL"": 300}",197,68,13585.0,0,199.77941176470588,536,221,44231.0,0,200.14027149321268,543,184,15030.0,0,81.68478260869566,300,99,10072.0,15,101.73737373737374,-5005.0,-772.0,lucien_de_rubempre
90131482,925027272,1,control_v012,standard_converged,141188.0,145413.0,-4225.0,loss,1,2.686328541007242,719,0,0,0.008916,0.04505420000000001,0.07876706000000004,0.277,"{""BUILD_PASTURE"": 14, ""CARE"": 308, ""COLLECT_FERTILIZER"": 318, ""DIG"": 25, ""DROP"": 80, ""EAST"": 857, ""FEED"": 319, ""FERTILIZE"": 107, ""HARVEST"": 338, ""NORTH"": 1236, ""PASS"": 377, ""PICKUP"": 339, ""PLACE"": 27, ""PLANT"": 131, ""SOUTH"": 929, ""WATER"": 851, ""WEST"": 1098}","{""BUY_ANIMAL"": 14, ""BUY_LAND"": 2, ""BUY_PRODUCT"": 279, ""BUY_SEED"": 54, ""HIRE"": 306, ""SELL"": 450}","{""BUY_ANIMAL:COW"": 8, ""BUY_ANIMAL:SHEEP"": 6, ""BUY_PRODUCT:WHEAT"": 967, ""BUY_SEED:MELON"": 21, ""BUY_SEED:STRAWBERRY"": 44, ""BUY_SEED:WHEAT"": 66, ""SELL:CARROT"": 13, ""SELL:EGG"": 8, ""SELL:FERTILIZER"": 437, ""SELL:MELON"": 224, ""SELL:MILK"": 614, ""SELL:STRAWBERRY"": 567, ""SELL:TOMATO"": 4, ""SELL:WHEAT"": 1108, ""SELL:WOOL"": 354}",224,68,13583.0,0,199.75,567,221,50146.0,0,226.9049773755656,614,183,34721.0,0,189.73224043715848,354,99,9817.0,23,99.16161616161617,-4225.0,0.0,
90131482,925027272,1,fixed_mohit,standard_converged,140298.0,145709.0,-5411.0,loss,1,2.821815000002971,719,0,0,0.011333,0.0486333,0.08044956000000006,0.1255,"{""BUILD_PASTURE"": 14, ""CARE"": 308, ""COLLECT_FERTILIZER"": 318, ""DIG"": 25, ""DROP"": 80, ""EAST"": 857, ""FEED"": 319, ""FERTILIZE"": 107, ""HARVEST"": 338, ""NORTH"": 1236, ""PASS"": 377, ""PICKUP"": 339, ""PLACE"": 27, ""PLANT"": 131, ""SOUTH"": 929, ""WATER"": 851, ""WEST"": 1098}","{""BUY_ANIMAL"": 14, ""BUY_LAND"": 2, ""BUY_PRODUCT"": 279, ""BUY_SEED"": 54, ""HIRE"": 306, ""SELL"": 469}","{""BUY_ANIMAL:COW"": 8, ""BUY_ANIMAL:SHEEP"": 6, ""BUY_PRODUCT:WHEAT"": 967, ""BUY_SEED:MELON"": 21, ""BUY_SEED:STRAWBERRY"": 44, ""BUY_SEED:WHEAT"": 66, ""SELL:CARROT"": 13, ""SELL:EGG"": 8, ""SELL:FERTILIZER"": 445, ""SELL:MELON"": 216, ""SELL:MILK"": 642, ""SELL:STRAWBERRY"": 609, ""SELL:TOMATO"": 4, ""SELL:WHEAT"": 1108, ""SELL:WOOL"": 349}",216,68,13583.0,0,199.75,609,216,49208.0,0,227.8148148148148,642,184,34844.0,0,189.3695652173913,349,99,10019.0,23,101.20202020202021,-4225.0,-1186.0,mohit
90131482,925027272,1,fixed_automatylicza,standard_converged,140022.0,145753.0,-5731.0,loss,1,2.681869124993682,719,0,0,0.010625,0.04791630000000002,0.07962938000000001,0.265916,"{""BUILD_PASTURE"": 14, ""CARE"": 308, ""COLLECT_FERTILIZER"": 318, ""DIG"": 25, ""DROP"": 80, ""EAST"": 857, ""FEED"": 319, ""FERTILIZE"": 107, ""HARVEST"": 338, ""NORTH"": 1236, ""PASS"": 377, ""PICKUP"": 339, ""PLACE"": 27, ""PLANT"": 131, ""SOUTH"": 929, ""WATER"": 851, ""WEST"": 1098}","{""BUY_ANIMAL"": 14, ""BUY_LAND"": 2, ""BUY_PRODUCT"": 279, ""BUY_SEED"": 54, ""HIRE"": 306, ""SELL"": 481}","{""BUY_ANIMAL:COW"": 8, ""BUY_ANIMAL:SHEEP"": 6, ""BUY_PRODUCT:WHEAT"": 967, ""BUY_SEED:MELON"": 21, ""BUY_SEED:STRAWBERRY"": 44, ""BUY_SEED:WHEAT"": 66, ""SELL:CARROT"": 13, ""SELL:EGG"": 8, ""SELL:FERTILIZER"": 445, ""SELL:MELON"": 224, ""SELL:MILK"": 682, ""SELL:STRAWBERRY"": 636, ""SELL:TOMATO"": 4, ""SELL:WHEAT"": 1108, ""SELL:WOOL"": 373}",224,68,13583.0,0,199.75,636,216,49205.0,0,227.80092592592592,682,183,34422.0,0,188.0983606557377,373,99,9982.0,23,100.82828282828282,-4225.0,-1506.0,automatylicza
90131482,925027272,1,fixed_manual_player,standard_converged,140625.0,145860.0,-5235.0,loss,1,2.683028125000419,719,0,0,0.011,0.046362200000000006,0.07780312,0.291042,"{""BUILD_PASTURE"": 14, ""CARE"": 308, ""COLLECT_FERTILIZER"": 318, ""DIG"": 25, ""DROP"": 80, ""EAST"": 857, ""FEED"": 319, ""FERTILIZE"": 107, ""HARVEST"": 338, ""NORTH"": 1236, ""PASS"": 377, ""PICKUP"": 339, ""PLACE"": 27, ""PLANT"": 131, ""SOUTH"": 929, ""WATER"": 851, ""WEST"": 1098}","{""BUY_ANIMAL"": 14, ""BUY_LAND"": 2, ""BUY_PRODUCT"": 279, ""BUY_SEED"": 54, ""HIRE"": 306, ""SELL"": 440}","{""BUY_ANIMAL:COW"": 8, ""BUY_ANIMAL:SHEEP"": 6, ""BUY_PRODUCT:WHEAT"": 967, ""BUY_SEED:MELON"": 21, ""BUY_SEED:STRAWBERRY"": 44, ""BUY_SEED:WHEAT"": 66, ""SELL:CARROT"": 13, ""SELL:EGG"": 8, ""SELL:FERTILIZER"": 445, ""SELL:MELON"": 215, ""SELL:MILK"": 560, ""SELL:STRAWBERRY"": 550, ""SELL:TOMATO"": 4, ""SELL:WHEAT"": 1108, ""SELL:WOOL"": 323}",215,68,13545.0,0,199.19117647058823,550,216,49280.0,0,228.14814814814815,560,186,35263.0,0,189.58602150537635,323,99,10206.0,21,103.0909090909091,-4225.0,-1010.0,manual_player
90131482,925027272,1,fixed_navazsh_fathi,standard_converged,142465.0,145165.0,-2700.0,loss,1,2.6857038750022184,719,0,0,0.011,0.048858300000000084,0.07957494000000008,0.263334,"{""BUILD_PASTURE"": 14, ""CARE"": 308, ""COLLECT_FERTILIZER"": 318, ""DIG"": 25, ""DROP"": 80, ""EAST"": 857, ""FEED"": 319, ""FERTILIZE"": 107, ""HARVEST"": 338, ""NORTH"": 1236, ""PASS"": 377, ""PICKUP"": 339, ""PLACE"": 27, ""PLANT"": 131, ""SOUTH"": 929, ""WATER"": 851, ""WEST"": 1098}","{""BUY_ANIMAL"": 14, ""BUY_LAND"": 2, ""BUY_PRODUCT"": 279, ""BUY_SEED"": 54, ""HIRE"": 306, ""SELL"": 377}","{""BUY_ANIMAL:COW"": 8, ""BUY_ANIMAL:SHEEP"": 6, ""BUY_PRODUCT:WHEAT"": 967, ""BUY_SEED:MELON"": 21, ""BUY_SEED:STRAWBERRY"": 44, ""BUY_SEED:WHEAT"": 66, ""SELL:CARROT"": 13, ""SELL:EGG"": 8, ""SELL:FERTILIZER"": 406, ""SELL:MELON"": 182, ""SELL:MILK"": 413, ""SELL:STRAWBERRY"": 390, ""SELL:TOMATO"": 4, ""SELL:WHEAT"": 1108, ""SELL:WOOL"": 251}",182,68,13585.0,0,199.77941176470588,390,223,50872.0,0,228.1255605381166,413,186,36166.0,0,194.44086021505376,251,100,10521.0,17,105.21,-4225.0,1525.0,navazsh_fathi
90131482,925027272,1,fixed_lucien_de_rubempre,standard_converged,110802.0,116277.0,-5475.0,loss,1,2.67487804099801,719,0,0,0.011042,0.04687560000000001,0.07949438000000005,0.303833,"{""BUILD_PASTURE"": 14, ""CARE"": 308, ""COLLECT_FERTILIZER"": 318, ""DIG"": 25, ""DROP"": 80, ""EAST"": 857, ""FEED"": 319, ""FERTILIZE"": 107, ""HARVEST"": 338, ""NORTH"": 1236, ""PASS"": 377, ""PICKUP"": 339, ""PLACE"": 27, ""PLANT"": 131, ""SOUTH"": 929, ""WATER"": 851, ""WEST"": 1098}","{""BUY_ANIMAL"": 14, ""BUY_LAND"": 2, ""BUY_PRODUCT"": 279, ""BUY_SEED"": 54, ""HIRE"": 306, ""SELL"": 418}","{""BUY_ANIMAL:COW"": 8, ""BUY_ANIMAL:SHEEP"": 6, ""BUY_PRODUCT:WHEAT"": 967, ""BUY_SEED:MELON"": 21, ""BUY_SEED:STRAWBERRY"": 44, ""BUY_SEED:WHEAT"": 66, ""SELL:CARROT"": 13, ""SELL:EGG"": 8, ""SELL:FERTILIZER"": 406, ""SELL:MELON"": 197, ""SELL:MILK"": 543, ""SELL:STRAWBERRY"": 536, ""SELL:TOMATO"": 4, ""SELL:WHEAT"": 1108, ""SELL:WOOL"": 300}",197,68,13585.0,0,199.77941176470588,536,221,44248.0,0,200.21719457013575,543,184,15034.0,0,81.70652173913044,300,99,10075.0,17,101.76767676767676,-4225.0,-1250.0,lucien_de_rubempre
90132097,317069013,0,control_v012,standard_converged,121079.0,126213.0,-5134.0,loss,1,2.6934452090063132,719,0,0,0.009167,0.05470000000000013,0.08553500000000003,0.253334,"{""BUILD_PASTURE"": 14, ""CARE"": 308, ""COLLECT_FERTILIZER"": 318, ""DIG"": 25, ""DROP"": 80, ""EAST"": 857, ""FEED"": 319, ""FERTILIZE"": 107, ""HARVEST"": 338, ""NORTH"": 1236, ""PASS"": 377, ""PICKUP"": 339, ""PLACE"": 27, ""PLANT"": 131, ""SOUTH"": 929, ""WATER"": 851, ""WEST"": 1098}","{""BUY_ANIMAL"": 14, ""BUY_LAND"": 2, ""BUY_PRODUCT"": 279, ""BUY_SEED"": 54, ""HIRE"": 306, ""SELL"": 458}","{""BUY_ANIMAL:COW"": 8, ""BUY_ANIMAL:SHEEP"": 6, ""BUY_PRODUCT:WHEAT"": 967, ""BUY_SEED:MELON"": 21, ""BUY_SEED:STRAWBERRY"": 44, ""BUY_SEED:WHEAT"": 66, ""SELL:CARROT"": 13, ""SELL:EGG"": 8, ""SELL:FERTILIZER"": 444, ""SELL:MELON"": 224, ""SELL:MILK"": 644, ""SELL:STRAWBERRY"": 595, ""SELL:TOMATO"": 4, ""SELL:WHEAT"": 1108, ""SELL:WOOL"": 354}",224,68,13559.0,0,199.39705882352942,595,217,40961.0,0,188.76036866359448,644,183,24239.0,0,132.45355191256832,354,99,12651.0,0,127.78787878787878,-5134.0,0.0,
90132097,317069013,0,fixed_mohit,standard_converged,122782.0,127782.0,-5000.0,loss,1,2.685031374989194,719,0,0,0.011125,0.06011730000000003,0.08314626000000006,0.222792,"{""BUILD_PASTURE"": 14, ""CARE"": 308, ""COLLECT_FERTILIZER"": 318, ""DIG"": 25, ""DROP"": 80, ""EAST"": 857, ""FEED"": 319, ""FERTILIZE"": 107, ""HARVEST"": 338, ""NORTH"": 1236, ""PASS"": 377, ""PICKUP"": 339, ""PLACE"": 27, ""PLANT"": 131, ""SOUTH"": 929, ""WATER"": 851, ""WEST"": 1098}","{""BUY_ANIMAL"": 14, ""BUY_LAND"": 2, ""BUY_PRODUCT"": 279, ""BUY_SEED"": 54, ""HIRE"": 306, ""SELL"": 469}","{""BUY_ANIMAL:COW"": 8, ""BUY_ANIMAL:SHEEP"": 6, ""BUY_PRODUCT:WHEAT"": 967, ""BUY_SEED:MELON"": 21, ""BUY_SEED:STRAWBERRY"": 44, ""BUY_SEED:WHEAT"": 66, ""SELL:CARROT"": 13, ""SELL:EGG"": 8, ""SELL:FERTILIZER"": 445, ""SELL:MELON"": 216, ""SELL:MILK"": 642, ""SELL:STRAWBERRY"": 609, ""SELL:TOMATO"": 4, ""SELL:WHEAT"": 1108, ""SELL:WOOL"": 349}",216,68,13559.0,0,199.39705882352942,609,216,40996.0,0,189.7962962962963,642,184,24544.0,0,133.3913043478261,349,99,13639.0,8,137.76767676767676,-5134.0,134.0,mohit
90132097,317069013,0,fixed_automatylicza,standard_converged,122502.0,127730.0,-5228.0,loss,1,2.676575709003373,719,0,0,0.010667,0.04876640000000004,0.07845994000000005,0.202583,"{""BUILD_PASTURE"": 14, ""CARE"": 308, ""COLLECT_FERTILIZER"": 318, ""DIG"": 25, ""DROP"": 80, ""EAST"": 857, ""FEED"": 319, ""FERTILIZE"": 107, ""HARVEST"": 338, ""NORTH"": 1236, ""PASS"": 377, ""PICKUP"": 339, ""PLACE"": 27, ""PLANT"": 131, ""SOUTH"": 929, ""WATER"": 851, ""WEST"": 1098}","{""BUY_ANIMAL"": 14, ""BUY_LAND"": 2, ""BUY_PRODUCT"": 279, ""BUY_SEED"": 54, ""HIRE"": 306, ""SELL"": 481}","{""BUY_ANIMAL:COW"": 8, ""BUY_ANIMAL:SHEEP"": 6, ""BUY_PRODUCT:WHEAT"": 967, ""BUY_SEED:MELON"": 21, ""BUY_SEED:STRAWBERRY"": 44, ""BUY_SEED:WHEAT"": 66, ""SELL:CARROT"": 13, ""SELL:EGG"": 8, ""SELL:FERTILIZER"": 445, ""SELL:MELON"": 224, ""SELL:MILK"": 682, ""SELL:STRAWBERRY"": 636, ""SELL:TOMATO"": 4, ""SELL:WHEAT"": 1108, ""SELL:WOOL"": 373}",224,68,13559.0,0,199.39705882352942,636,216,40993.0,0,189.78240740740742,682,183,24212.0,0,132.30601092896174,373,99,13576.0,8,137.13131313131314,-5134.0,-94.0,automatylicza
90132097,317069013,0,fixed_manual_player,standard_converged,122190.0,127256.0,-5066.0,loss,1,2.6901485409907764,719,0,0,0.01125,0.06467020000000001,0.1568129400000031,0.324584,"{""BUILD_PASTURE"": 14, ""CARE"": 308, ""COLLECT_FERTILIZER"": 318, ""DIG"": 25, ""DROP"": 80, ""EAST"": 857, ""FEED"": 319, ""FERTILIZE"": 107, ""HARVEST"": 338, ""NORTH"": 1236, ""PASS"": 377, ""PICKUP"": 339, ""PLACE"": 27, ""PLANT"": 131, ""SOUTH"": 929, ""WATER"": 851, ""WEST"": 1098}","{""BUY_ANIMAL"": 14, ""BUY_LAND"": 2, ""BUY_PRODUCT"": 279, ""BUY_SEED"": 54, ""HIRE"": 306, ""SELL"": 440}","{""BUY_ANIMAL:COW"": 8, ""BUY_ANIMAL:SHEEP"": 6, ""BUY_PRODUCT:WHEAT"": 967, ""BUY_SEED:MELON"": 21, ""BUY_SEED:STRAWBERRY"": 44, ""BUY_SEED:WHEAT"": 66, ""SELL:CARROT"": 13, ""SELL:EGG"": 8, ""SELL:FERTILIZER"": 445, ""SELL:MELON"": 215, ""SELL:MILK"": 560, ""SELL:STRAWBERRY"": 550, ""SELL:TOMATO"": 4, ""SELL:WHEAT"": 1108, ""SELL:WOOL"": 323}",215,68,13515.0,0,198.75,550,216,41163.0,0,190.56944444444446,560,186,24991.0,0,134.36021505376345,323,99,13079.0,5,132.11111111111111,-5134.0,68.0,manual_player
90132097,317069013,0,fixed_navazsh_fathi,standard_converged,125526.0,126726.0,-1200.0,loss,1,2.687453167003696,719,0,0,0.011166,0.04902920000000001,0.0815944400000001,0.224584,"{""BUILD_PASTURE"": 14, ""CARE"": 308, ""COLLECT_FERTILIZER"": 318, ""DIG"": 25, ""DROP"": 80, ""EAST"": 857, ""FEED"": 319, ""FERTILIZE"": 107, ""HARVEST"": 338, ""NORTH"": 1236, ""PASS"": 377, ""PICKUP"": 339, ""PLACE"": 27, ""PLANT"": 131, ""SOUTH"": 929, ""WATER"": 851, ""WEST"": 1098}","{""BUY_ANIMAL"": 14, ""BUY_LAND"": 2, ""BUY_PRODUCT"": 279, ""BUY_SEED"": 54, ""HIRE"": 306, ""SELL"": 377}","{""BUY_ANIMAL:COW"": 8, ""BUY_ANIMAL:SHEEP"": 6, ""BUY_PRODUCT:WHEAT"": 967, ""BUY_SEED:MELON"": 21, ""BUY_SEED:STRAWBERRY"": 44, ""BUY_SEED:WHEAT"": 66, ""SELL:CARROT"": 13, ""SELL:EGG"": 8, ""SELL:FERTILIZER"": 406, ""SELL:MELON"": 182, ""SELL:MILK"": 413, ""SELL:STRAWBERRY"": 390, ""SELL:TOMATO"": 4, ""SELL:WHEAT"": 1108, ""SELL:WOOL"": 251}",182,68,13585.0,0,199.77941176470588,390,223,42478.0,0,190.48430493273543,413,186,26580.0,0,142.90322580645162,251,100,14346.0,0,143.46,-5134.0,3934.0,navazsh_fathi
90132097,317069013,0,fixed_lucien_de_rubempre,standard_converged,111277.0,114424.0,-3147.0,loss,1,2.6760528330050875,719,0,0,0.011042,0.05211220000000009,0.0796280600000001,0.173083,"{""BUILD_PASTURE"": 14, ""CARE"": 308, ""COLLECT_FERTILIZER"": 318, ""DIG"": 25, ""DROP"": 80, ""EAST"": 857, ""FEED"": 319, ""FERTILIZE"": 107, ""HARVEST"": 338, ""NORTH"": 1236, ""PASS"": 377, ""PICKUP"": 339, ""PLACE"": 27, ""PLANT"": 131, ""SOUTH"": 929, ""WATER"": 851, ""WEST"": 1098}","{""BUY_ANIMAL"": 14, ""BUY_LAND"": 2, ""BUY_PRODUCT"": 279, ""BUY_SEED"": 54, ""HIRE"": 306, ""SELL"": 418}","{""BUY_ANIMAL:COW"": 8, ""BUY_ANIMAL:SHEEP"": 6, ""BUY_PRODUCT:WHEAT"": 967, ""BUY_SEED:MELON"": 21, ""BUY_SEED:STRAWBERRY"": 44, ""BUY_SEED:WHEAT"": 66, ""SELL:CARROT"": 13, ""SELL:EGG"": 8, ""SELL:FERTILIZER"": 406, ""SELL:MELON"": 197, ""SELL:MILK"": 543, ""SELL:STRAWBERRY"": 536, ""SELL:TOMATO"": 4, ""SELL:WHEAT"": 1108, ""SELL:WOOL"": 300}",197,68,13585.0,0,199.77941176470588,536,221,37726.0,0,170.7058823529412,543,184,18466.0,0,100.3586956521739,300,99,13434.0,3,135.6969696969697,-5134.0,1987.0,lucien_de_rubempre
90132097,317069013,1,control_v012,standard_converged,122039.0,126410.0,-4371.0,loss,1,2.687601416007965,719,0,0,0.008875,0.04467500000000004,0.07454238000000002,0.324042,"{""BUILD_PASTURE"": 14, ""CARE"": 308, ""COLLECT_FERTILIZER"": 318, ""DIG"": 25, ""DROP"": 80, ""EAST"": 857, ""FEED"": 319, ""FERTILIZE"": 107, ""HARVEST"": 338, ""NORTH"": 1236, ""PASS"": 377, ""PICKUP"": 339, ""PLACE"": 27, ""PLANT"": 131, ""SOUTH"": 929, ""WATER"": 851, ""WEST"": 1098}","{""BUY_ANIMAL"": 14, ""BUY_LAND"": 2, ""BUY_PRODUCT"": 279, ""BUY_SEED"": 54, ""HIRE"": 306, ""SELL"": 471}","{""BUY_ANIMAL:COW"": 8, ""BUY_ANIMAL:SHEEP"": 6, ""BUY_PRODUCT:WHEAT"": 967, ""BUY_SEED:MELON"": 21, ""BUY_SEED:STRAWBERRY"": 44, ""BUY_SEED:WHEAT"": 66, ""SELL:CARROT"": 13, ""SELL:EGG"": 8, ""SELL:FERTILIZER"": 445, ""SELL:MELON"": 224, ""SELL:MILK"": 662, ""SELL:STRAWBERRY"": 620, ""SELL:TOMATO"": 4, ""SELL:WHEAT"": 1108, ""SELL:WOOL"": 367}",224,68,13713.0,0,201.66176470588235,620,216,41430.0,0,191.80555555555554,662,183,24330.0,0,132.95081967213116,367,99,12904.0,3,130.34343434343435,-4371.0,0.0,
90132097,317069013,1,fixed_mohit,standard_converged,123099.0,127155.0,-4056.0,loss,1,2.6865340410004137,719,0,0,0.011,0.046875,0.07973244000000004,0.280125,"{""BUILD_PASTURE"": 14, ""CARE"": 308, ""COLLECT_FERTILIZER"": 318, ""DIG"": 25, ""DROP"": 80, ""EAST"": 857, ""FEED"": 319, ""FERTILIZE"": 107, ""HARVEST"": 338, ""NORTH"": 1236, ""PASS"": 377, ""PICKUP"": 339, ""PLACE"": 27, ""PLANT"": 131, ""SOUTH"": 929, ""WATER"": 851, ""WEST"": 1098}","{""BUY_ANIMAL"": 14, ""BUY_LAND"": 2, ""BUY_PRODUCT"": 279, ""BUY_SEED"": 54, ""HIRE"": 306, ""SELL"": 469}","{""BUY_ANIMAL:COW"": 8, ""BUY_ANIMAL:SHEEP"": 6, ""BUY_PRODUCT:WHEAT"": 967, ""BUY_SEED:MELON"": 21, ""BUY_SEED:STRAWBERRY"": 44, ""BUY_SEED:WHEAT"": 66, ""SELL:CARROT"": 13, ""SELL:EGG"": 8, ""SELL:FERTILIZER"": 445, ""SELL:MELON"": 216, ""SELL:MILK"": 642, ""SELL:STRAWBERRY"": 609, ""SELL:TOMATO"": 4, ""SELL:WHEAT"": 1108, ""SELL:WOOL"": 349}",216,68,13713.0,0,201.66176470588235,609,216,41418.0,0,191.75,642,184,24610.0,0,133.75,349,99,13576.0,5,137.13131313131314,-4371.0,315.0,mohit
90132097,317069013,1,fixed_automatylicza,standard_converged,122784.0,127081.0,-4297.0,loss,1,2.679127166993567,719,0,0,0.010542,0.049196100000000006,0.07773944,0.235167,"{""BUILD_PASTURE"": 14, ""CARE"": 308, ""COLLECT_FERTILIZER"": 318, ""DIG"": 25, ""DROP"": 80, ""EAST"": 857, ""FEED"": 319, ""FERTILIZE"": 107, ""HARVEST"": 338, ""NORTH"": 1236, ""PASS"": 377, ""PICKUP"": 339, ""PLACE"": 27, ""PLANT"": 131, ""SOUTH"": 929, ""WATER"": 851, ""WEST"": 1098}","{""BUY_ANIMAL"": 14, ""BUY_LAND"": 2, ""BUY_PRODUCT"": 279, ""BUY_SEED"": 54, ""HIRE"": 306, ""SELL"": 481}","{""BUY_ANIMAL:COW"": 8, ""BUY_ANIMAL:SHEEP"": 6, ""BUY_PRODUCT:WHEAT"": 967, ""BUY_SEED:MELON"": 21, ""BUY_SEED:STRAWBERRY"": 44, ""BUY_SEED:WHEAT"": 66, ""SELL:CARROT"": 13, ""SELL:EGG"": 8, ""SELL:FERTILIZER"": 445, ""SELL:MELON"": 224, ""SELL:MILK"": 682, ""SELL:STRAWBERRY"": 636, ""SELL:TOMATO"": 4, ""SELL:WHEAT"": 1108, ""SELL:WOOL"": 373}",224,68,13713.0,0,201.66176470588235,636,216,41415.0,0,191.73611111111111,682,183,24280.0,0,132.6775956284153,373,99,13513.0,5,136.4949494949495,-4371.0,74.0,automatylicza
90132097,317069013,1,fixed_manual_player,standard_converged,122600.0,126498.0,-3898.0,loss,1,2.6854120419884566,719,0,0,0.010875,0.0507961,0.07731806,0.289208,"{""BUILD_PASTURE"": 14, ""CARE"": 308, ""COLLECT_FERTILIZER"": 318, ""DIG"": 25, ""DROP"": 80, ""EAST"": 857, ""FEED"": 319, ""FERTILIZE"": 107, ""HARVEST"": 338, ""NORTH"": 1236, ""PASS"": 377, ""PICKUP"": 339, ""PLACE"": 27, ""PLANT"": 131, ""SOUTH"": 929, ""WATER"": 851, ""WEST"": 1098}","{""BUY_ANIMAL"": 14, ""BUY_LAND"": 2, ""BUY_PRODUCT"": 279, ""BUY_SEED"": 54, ""HIRE"": 306, ""SELL"": 440}","{""BUY_ANIMAL:COW"": 8, ""BUY_ANIMAL:SHEEP"": 6, ""BUY_PRODUCT:WHEAT"": 967, ""BUY_SEED:MELON"": 21, ""BUY_SEED:STRAWBERRY"": 44, ""BUY_SEED:WHEAT"": 66, ""SELL:CARROT"": 13, ""SELL:EGG"": 8, ""SELL:FERTILIZER"": 445, ""SELL:MELON"": 215, ""SELL:MILK"": 560, ""SELL:STRAWBERRY"": 550, ""SELL:TOMATO"": 4, ""SELL:WHEAT"": 1108, ""SELL:WOOL"": 323}",215,68,13668.0,0,201.0,550,216,41583.0,0,192.51388888888889,560,186,24994.0,0,134.3763440860215,323,99,13161.0,2,132.93939393939394,-4371.0,473.0,manual_player
90132097,317069013,1,fixed_navazsh_fathi,standard_converged,126508.0,127225.0,-717.0,loss,1,2.6832072910037823,719,0,0,0.010958,0.04857500000000002,0.08021612000000002,0.315292,"{""BUILD_PASTURE"": 14, ""CARE"": 308, ""COLLECT_FERTILIZER"": 318, ""DIG"": 25, ""DROP"": 80, ""EAST"": 857, ""FEED"": 319, ""FERTILIZE"": 107, ""HARVEST"": 338, ""NORTH"": 1236, ""PASS"": 377, ""PICKUP"": 339, ""PLACE"": 27, ""PLANT"": 131, ""SOUTH"": 929, ""WATER"": 851, ""WEST"": 1098}","{""BUY_ANIMAL"": 14, ""BUY_LAND"": 2, ""BUY_PRODUCT"": 279, ""BUY_SEED"": 54, ""HIRE"": 306, ""SELL"": 377}","{""BUY_ANIMAL:COW"": 8, ""BUY_ANIMAL:SHEEP"": 6, ""BUY_PRODUCT:WHEAT"": 967, ""BUY_SEED:MELON"": 21, ""BUY_SEED:STRAWBERRY"": 44, ""BUY_SEED:WHEAT"": 66, ""SELL:CARROT"": 13, ""SELL:EGG"": 8, ""SELL:FERTILIZER"": 406, ""SELL:MELON"": 182, ""SELL:MILK"": 413, ""SELL:STRAWBERRY"": 390, ""SELL:TOMATO"": 4, ""SELL:WHEAT"": 1108, ""SELL:WOOL"": 251}",182,68,13585.0,0,199.77941176470588,390,223,42645.0,0,191.23318385650225,413,186,26522.0,0,142.59139784946237,251,99,15140.0,0,152.92929292929293,-4371.0,3654.0,navazsh_fathi
90132097,317069013,1,fixed_lucien_de_rubempre,standard_converged,123846.0,125933.0,-2087.0,loss,1,2.6815757090080297,719,0,0,0.011125,0.0479211,0.07949244000000001,0.109292,"{""BUILD_PASTURE"": 14, ""CARE"": 308, ""COLLECT_FERTILIZER"": 318, ""DIG"": 25, ""DROP"": 80, ""EAST"": 857, ""FEED"": 319, ""FERTILIZE"": 107, ""HARVEST"": 338, ""NORTH"": 1236, ""PASS"": 377, ""PICKUP"": 339, ""PLACE"": 27, ""PLANT"": 131, ""SOUTH"": 929, ""WATER"": 851, ""WEST"": 1098}","{""BUY_ANIMAL"": 14, ""BUY_LAND"": 2, ""BUY_PRODUCT"": 279, ""BUY_SEED"": 54, ""HIRE"": 306, ""SELL"": 418}","{""BUY_ANIMAL:COW"": 8, ""BUY_ANIMAL:SHEEP"": 6, ""BUY_PRODUCT:WHEAT"": 967, ""BUY_SEED:MELON"": 21, ""BUY_SEED:STRAWBERRY"": 44, ""BUY_SEED:WHEAT"": 66, ""SELL:CARROT"": 13, ""SELL:EGG"": 8, ""SELL:FERTILIZER"": 406, ""SELL:MELON"": 197, ""SELL:MILK"": 543, ""SELL:STRAWBERRY"": 536, ""SELL:TOMATO"": 4, ""SELL:WHEAT"": 1108, ""SELL:WOOL"": 300}",197,68,13585.0,0,199.77941176470588,536,221,41867.0,0,189.44343891402715,543,184,25219.0,0,137.05978260869566,300,99,13622.0,0,137.59595959595958,-4371.0,2284.0,lucien_de_rubempre
90132099,697466904,0,control_v012,reduced_ne_only,186005.0,11349.0,174656.0,win,1,2.0230392500088783,719,0,0,0.00875,0.060512500000000004,0.09394568000000092,0.237792,"{""BUILD_PASTURE"": 14, ""CARE"": 308, ""COLLECT_FERTILIZER"": 318, ""DIG"": 25, ""DROP"": 80, ""EAST"": 857, ""FEED"": 319, ""FERTILIZE"": 107, ""HARVEST"": 338, ""NORTH"": 1236, ""PASS"": 377, ""PICKUP"": 339, ""PLACE"": 27, ""PLANT"": 131, ""SOUTH"": 929, ""WATER"": 851, ""WEST"": 1098}","{""BUY_ANIMAL"": 14, ""BUY_LAND"": 2, ""BUY_PRODUCT"": 279, ""BUY_SEED"": 54, ""HIRE"": 306, ""SELL"": 481}","{""BUY_ANIMAL:COW"": 8, ""BUY_ANIMAL:SHEEP"": 6, ""BUY_PRODUCT:WHEAT"": 967, ""BUY_SEED:MELON"": 21, ""BUY_SEED:STRAWBERRY"": 44, ""BUY_SEED:WHEAT"": 66, ""SELL:CARROT"": 13, ""SELL:EGG"": 8, ""SELL:FERTILIZER"": 445, ""SELL:MELON"": 224, ""SELL:MILK"": 682, ""SELL:STRAWBERRY"": 636, ""SELL:TOMATO"": 4, ""SELL:WHEAT"": 1108, ""SELL:WOOL"": 373}",224,68,17902.0,0,263.2647058823529,636,216,53136.0,0,246.0,682,183,43807.0,0,239.38251366120218,373,100,24452.0,0,244.52,174656.0,0.0,
90132099,697466904,0,fixed_mohit,reduced_ne_only,186085.0,11350.0,174735.0,win,1,3.272453332989244,719,0,0,0.011,0.062278800000000016,0.09944762000000001,0.339459,"{""BUILD_PASTURE"": 14, ""CARE"": 308, ""COLLECT_FERTILIZER"": 318, ""DIG"": 25, ""DROP"": 80, ""EAST"": 857, ""FEED"": 319, ""FERTILIZE"": 107, ""HARVEST"": 338, ""NORTH"": 1236, ""PASS"": 377, ""PICKUP"": 339, ""PLACE"": 27, ""PLANT"": 131, ""SOUTH"": 929, ""WATER"": 851, ""WEST"": 1098}","{""BUY_ANIMAL"": 14, ""BUY_LAND"": 2, ""BUY_PRODUCT"": 279, ""BUY_SEED"": 54, ""HIRE"": 306, ""SELL"": 469}","{""BUY_ANIMAL:COW"": 8, ""BUY_ANIMAL:SHEEP"": 6, ""BUY_PRODUCT:WHEAT"": 967, ""BUY_SEED:MELON"": 21, ""BUY_SEED:STRAWBERRY"": 44, ""BUY_SEED:WHEAT"": 66, ""SELL:CARROT"": 13, ""SELL:EGG"": 8, ""SELL:FERTILIZER"": 445, ""SELL:MELON"": 216, ""SELL:MILK"": 642, ""SELL:STRAWBERRY"": 609, ""SELL:TOMATO"": 4, ""SELL:WHEAT"": 1108, ""SELL:WOOL"": 349}",216,68,17902.0,0,263.2647058823529,609,216,53140.0,0,246.0185185185185,642,184,44129.0,0,239.83152173913044,349,100,24452.0,0,244.52,174656.0,79.0,mohit
90132099,697466904,0,fixed_automatylicza,reduced_ne_only,186005.0,11349.0,174656.0,win,1,3.282633791997796,719,0,0,0.010625,0.06703370000000003,0.17383200000000018,0.521167,"{""BUILD_PASTURE"": 14, ""CARE"": 308, ""COLLECT_FERTILIZER"": 318, ""DIG"": 25, ""DROP"": 80, ""EAST"": 857, ""FEED"": 319, ""FERTILIZE"": 107, ""HARVEST"": 338, ""NORTH"": 1236, ""PASS"": 377, ""PICKUP"": 339, ""PLACE"": 27, ""PLANT"": 131, ""SOUTH"": 929, ""WATER"": 851, ""WEST"": 1098}","{""BUY_ANIMAL"": 14, ""BUY_LAND"": 2, ""BUY_PRODUCT"": 279, ""BUY_SEED"": 54, ""HIRE"": 306, ""SELL"": 481}","{""BUY_ANIMAL:COW"": 8, ""BUY_ANIMAL:SHEEP"": 6, ""BUY_PRODUCT:WHEAT"": 967, ""BUY_SEED:MELON"": 21, ""BUY_SEED:STRAWBERRY"": 44, ""BUY_SEED:WHEAT"": 66, ""SELL:CARROT"": 13, ""SELL:EGG"": 8, ""SELL:FERTILIZER"": 445, ""SELL:MELON"": 224, ""SELL:MILK"": 682, ""SELL:STRAWBERRY"": 636, ""SELL:TOMATO"": 4, ""SELL:WHEAT"": 1108, ""SELL:WOOL"": 373}",224,68,17902.0,0,263.2647058823529,636,216,53136.0,0,246.0,682,183,43807.0,0,239.38251366120218,373,100,24452.0,0,244.52,174656.0,0.0,automatylicza
90132099,697466904,0,fixed_manual_player,reduced_ne_only,186191.0,11359.0,174832.0,win,1,2.018428874987876,719,0,0,0.01075,0.06651640000000007,0.17449812000000037,0.216375,"{""BUILD_PASTURE"": 14, ""CARE"": 308, ""COLLECT_FERTILIZER"": 318, ""DIG"": 25, ""DROP"": 80, ""EAST"": 857, ""FEED"": 319, ""FERTILIZE"": 107, ""HARVEST"": 338, ""NORTH"": 1236, ""PASS"": 377, ""PICKUP"": 339, ""PLACE"": 27, ""PLANT"": 131, ""SOUTH"": 929, ""WATER"": 851, ""WEST"": 1098}","{""BUY_ANIMAL"": 14, ""BUY_LAND"": 2, ""BUY_PRODUCT"": 279, ""BUY_SEED"": 54, ""HIRE"": 306, ""SELL"": 440}","{""BUY_ANIMAL:COW"": 8, ""BUY_ANIMAL:SHEEP"": 6, ""BUY_PRODUCT:WHEAT"": 967, ""BUY_SEED:MELON"": 21, ""BUY_SEED:STRAWBERRY"": 44, ""BUY_SEED:WHEAT"": 66, ""SELL:CARROT"": 13, ""SELL:EGG"": 8, ""SELL:FERTILIZER"": 445, ""SELL:MELON"": 215, ""SELL:MILK"": 560, ""SELL:STRAWBERRY"": 550, ""SELL:TOMATO"": 4, ""SELL:WHEAT"": 1108, ""SELL:WOOL"": 323}",215,68,17902.0,0,263.2647058823529,550,216,53194.0,0,246.2685185185185,560,186,44608.0,0,239.8279569892473,323,100,24459.0,0,244.59,174656.0,176.0,manual_player
90132099,697466904,0,fixed_navazsh_fathi,reduced_ne_only,187900.0,11404.0,176496.0,win,1,2.0175624170078663,719,0,0,0.010667,0.06877080000000003,0.20702932000000057,0.302583,"{""BUILD_PASTURE"": 14, ""CARE"": 308, ""COLLECT_FERTILIZER"": 318, ""DIG"": 25, ""DROP"": 80, ""EAST"": 857, ""FEED"": 319, ""FERTILIZE"": 107, ""HARVEST"": 338, ""NORTH"": 1236, ""PASS"": 377, ""PICKUP"": 339, ""PLACE"": 27, ""PLANT"": 131, ""SOUTH"": 929, ""WATER"": 851, ""WEST"": 1098}","{""BUY_ANIMAL"": 14, ""BUY_LAND"": 2, ""BUY_PRODUCT"": 279, ""BUY_SEED"": 54, ""HIRE"": 306, ""SELL"": 377}","{""BUY_ANIMAL:COW"": 8, ""BUY_ANIMAL:SHEEP"": 6, ""BUY_PRODUCT:WHEAT"": 967, ""BUY_SEED:MELON"": 21, ""BUY_SEED:STRAWBERRY"": 44, ""BUY_SEED:WHEAT"": 66, ""SELL:CARROT"": 13, ""SELL:EGG"": 8, ""SELL:FERTILIZER"": 406, ""SELL:MELON"": 182, ""SELL:MILK"": 413, ""SELL:STRAWBERRY"": 390, ""SELL:TOMATO"": 4, ""SELL:WHEAT"": 1108, ""SELL:WOOL"": 251}",182,68,17936.0,0,263.7647058823529,390,223,55199.0,0,247.52914798206277,413,185,44660.0,0,241.40540540540542,251,100,24494.0,0,244.94,174656.0,1840.0,navazsh_fathi
90132099,697466904,0,fixed_lucien_de_rubempre,reduced_ne_only,113422.0,139846.0,-26424.0,loss,1,2.587548291994608,719,0,0,0.010959,0.05928370000000005,0.09881888000000032,0.408958,"{""BUILD_PASTURE"": 14, ""CARE"": 308, ""COLLECT_FERTILIZER"": 318, ""DIG"": 25, ""DROP"": 80, ""EAST"": 857, ""FEED"": 319, ""FERTILIZE"": 107, ""HARVEST"": 338, ""NORTH"": 1236, ""PASS"": 377, ""PICKUP"": 339, ""PLACE"": 27, ""PLANT"": 131, ""SOUTH"": 929, ""WATER"": 851, ""WEST"": 1098}","{""BUY_ANIMAL"": 14, ""BUY_LAND"": 2, ""BUY_PRODUCT"": 279, ""BUY_SEED"": 54, ""HIRE"": 306, ""SELL"": 418}","{""BUY_ANIMAL:COW"": 8, ""BUY_ANIMAL:SHEEP"": 6, ""BUY_PRODUCT:WHEAT"": 967, ""BUY_SEED:MELON"": 21, ""BUY_SEED:STRAWBERRY"": 44, ""BUY_SEED:WHEAT"": 66, ""SELL:CARROT"": 13, ""SELL:EGG"": 8, ""SELL:FERTILIZER"": 406, ""SELL:MELON"": 197, ""SELL:MILK"": 543, ""SELL:STRAWBERRY"": 536, ""SELL:TOMATO"": 4, ""SELL:WHEAT"": 1108, ""SELL:WOOL"": 300}",197,60,12843.0,0,214.05,536,175,31935.0,0,182.4857142857143,543,166,24830.0,0,149.57831325301206,300,68,16616.0,0,244.35294117647058,174656.0,-201080.0,lucien_de_rubempre
90132099,697466904,1,control_v012,standard_converged,152868.0,156615.0,-3747.0,loss,1,2.676453666994348,719,0,0,0.008833,0.04679580000000001,0.07866812000000005,0.309334,"{""BUILD_PASTURE"": 14, ""CARE"": 308, ""COLLECT_FERTILIZER"": 318, ""DIG"": 25, ""DROP"": 80, ""EAST"": 857, ""FEED"": 319, ""FERTILIZE"": 107, ""HARVEST"": 338, ""NORTH"": 1236, ""PASS"": 377, ""PICKUP"": 339, ""PLACE"": 27, ""PLANT"": 131, ""SOUTH"": 929, ""WATER"": 851, ""WEST"": 1098}","{""BUY_ANIMAL"": 14, ""BUY_LAND"": 2, ""BUY_PRODUCT"": 279, ""BUY_SEED"": 54, ""HIRE"": 306, ""SELL"": 481}","{""BUY_ANIMAL:COW"": 8, ""BUY_ANIMAL:SHEEP"": 6, ""BUY_PRODUCT:WHEAT"": 967, ""BUY_SEED:MELON"": 21, ""BUY_SEED:STRAWBERRY"": 44, ""BUY_SEED:WHEAT"": 66, ""SELL:CARROT"": 13, ""SELL:EGG"": 8, ""SELL:FERTILIZER"": 445, ""SELL:MELON"": 224, ""SELL:MILK"": 682, ""SELL:STRAWBERRY"": 636, ""SELL:TOMATO"": 4, ""SELL:WHEAT"": 1108, ""SELL:WOOL"": 373}",224,68,13584.0,0,199.76470588235293,636,210,42669.0,0,203.18571428571428,682,183,35545.0,0,194.23497267759564,373,100,23549.0,0,235.49,-3747.0,0.0,
90132099,697466904,1,fixed_mohit,standard_converged,153109.0,156686.0,-3577.0,loss,1,2.7430073330033338,719,0,0,0.010916,0.04690390000000002,0.07843818000000008,0.112959,"{""BUILD_PASTURE"": 14, ""CARE"": 308, ""COLLECT_FERTILIZER"": 318, ""DIG"": 25, ""DROP"": 80, ""EAST"": 857, ""FEED"": 319, ""FERTILIZE"": 107, ""HARVEST"": 338, ""NORTH"": 1236, ""PASS"": 377, ""PICKUP"": 339, ""PLACE"": 27, ""PLANT"": 131, ""SOUTH"": 929, ""WATER"": 851, ""WEST"": 1098}","{""BUY_ANIMAL"": 14, ""BUY_LAND"": 2, ""BUY_PRODUCT"": 279, ""BUY_SEED"": 54, ""HIRE"": 306, ""SELL"": 469}","{""BUY_ANIMAL:COW"": 8, ""BUY_ANIMAL:SHEEP"": 6, ""BUY_PRODUCT:WHEAT"": 967, ""BUY_SEED:MELON"": 21, ""BUY_SEED:STRAWBERRY"": 44, ""BUY_SEED:WHEAT"": 66, ""SELL:CARROT"": 13, ""SELL:EGG"": 8, ""SELL:FERTILIZER"": 445, ""SELL:MELON"": 216, ""SELL:MILK"": 642, ""SELL:STRAWBERRY"": 609, ""SELL:TOMATO"": 4, ""SELL:WHEAT"": 1108, ""SELL:WOOL"": 349}",216,68,13584.0,0,199.76470588235293,609,210,42674.0,0,203.2095238095238,642,184,35984.0,0,195.56521739130434,349,100,23551.0,0,235.51,-3747.0,170.0,mohit
90132099,697466904,1,fixed_automatylicza,standard_converged,152868.0,156615.0,-3747.0,loss,1,2.6847187919920543,719,0,0,0.010792,0.04769580000000002,0.08269062000000003,0.300708,"{""BUILD_PASTURE"": 14, ""CARE"": 308, ""COLLECT_FERTILIZER"": 318, ""DIG"": 25, ""DROP"": 80, ""EAST"": 857, ""FEED"": 319, ""FERTILIZE"": 107, ""HARVEST"": 338, ""NORTH"": 1236, ""PASS"": 377, ""PICKUP"": 339, ""PLACE"": 27, ""PLANT"": 131, ""SOUTH"": 929, ""WATER"": 851, ""WEST"": 1098}","{""BUY_ANIMAL"": 14, ""BUY_LAND"": 2, ""BUY_PRODUCT"": 279, ""BUY_SEED"": 54, ""HIRE"": 306, ""SELL"": 481}","{""BUY_ANIMAL:COW"": 8, ""BUY_ANIMAL:SHEEP"": 6, ""BUY_PRODUCT:WHEAT"": 967, ""BUY_SEED:MELON"": 21, ""BUY_SEED:STRAWBERRY"": 44, ""BUY_SEED:WHEAT"": 66, ""SELL:CARROT"": 13, ""SELL:EGG"": 8, ""SELL:FERTILIZER"": 445, ""SELL:MELON"": 224, ""SELL:MILK"": 682, ""SELL:STRAWBERRY"": 636, ""SELL:TOMATO"": 4, ""SELL:WHEAT"": 1108, ""SELL:WOOL"": 373}",224,68,13584.0,0,199.76470588235293,636,210,42669.0,0,203.18571428571428,682,183,35545.0,0,194.23497267759564,373,100,23549.0,0,235.49,-3747.0,0.0,automatylicza
90132099,697466904,1,fixed_manual_player,standard_converged,153263.0,156760.0,-3497.0,loss,1,2.677462417006609,719,0,0,0.010917,0.04995770000000001,0.07738694000000002,0.180917,"{""BUILD_PASTURE"": 14, ""CARE"": 308, ""COLLECT_FERTILIZER"": 318, ""DIG"": 25, ""DROP"": 80, ""EAST"": 857, ""FEED"": 319, ""FERTILIZE"": 107, ""HARVEST"": 338, ""NORTH"": 1236, ""PASS"": 377, ""PICKUP"": 339, ""PLACE"": 27, ""PLANT"": 131, ""SOUTH"": 929, ""WATER"": 851, ""WEST"": 1098}","{""BUY_ANIMAL"": 14, ""BUY_LAND"": 2, ""BUY_PRODUCT"": 279, ""BUY_SEED"": 54, ""HIRE"": 306, ""SELL"": 440}","{""BUY_ANIMAL:COW"": 8, ""BUY_ANIMAL:SHEEP"": 6, ""BUY_PRODUCT:WHEAT"": 967, ""BUY_SEED:MELON"": 21, ""BUY_SEED:STRAWBERRY"": 44, ""BUY_SEED:WHEAT"": 66, ""SELL:CARROT"": 13, ""SELL:EGG"": 8, ""SELL:FERTILIZER"": 445, ""SELL:MELON"": 215, ""SELL:MILK"": 560, ""SELL:STRAWBERRY"": 550, ""SELL:TOMATO"": 4, ""SELL:WHEAT"": 1108, ""SELL:WOOL"": 323}",215,68,13547.0,0,199.22058823529412,550,210,42774.0,0,203.68571428571428,560,186,36469.0,0,196.06989247311827,323,100,23575.0,0,235.75,-3747.0,250.0,manual_player
90132099,697466904,1,fixed_navazsh_fathi,standard_converged,155251.0,156930.0,-1679.0,loss,1,2.679046916993684,719,0,0,0.010875,0.0465,0.07804368000000006,0.112583,"{""BUILD_PASTURE"": 14, ""CARE"": 308, ""COLLECT_FERTILIZER"": 318, ""DIG"": 25, ""DROP"": 80, ""EAST"": 857, ""FEED"": 319, ""FERTILIZE"": 107, ""HARVEST"": 338, ""NORTH"": 1236, ""PASS"": 377, ""PICKUP"": 339, ""PLACE"": 27, ""PLANT"": 131, ""SOUTH"": 929, ""WATER"": 851, ""WEST"": 1098}","{""BUY_ANIMAL"": 14, ""BUY_LAND"": 2, ""BUY_PRODUCT"": 279, ""BUY_SEED"": 54, ""HIRE"": 306, ""SELL"": 377}","{""BUY_ANIMAL:COW"": 8, ""BUY_ANIMAL:SHEEP"": 6, ""BUY_PRODUCT:WHEAT"": 967, ""BUY_SEED:MELON"": 21, ""BUY_SEED:STRAWBERRY"": 44, ""BUY_SEED:WHEAT"": 66, ""SELL:CARROT"": 13, ""SELL:EGG"": 8, ""SELL:FERTILIZER"": 406, ""SELL:MELON"": 182, ""SELL:MILK"": 413, ""SELL:STRAWBERRY"": 390, ""SELL:TOMATO"": 4, ""SELL:WHEAT"": 1108, ""SELL:WOOL"": 251}",182,68,13622.0,0,200.3235294117647,390,217,44231.0,0,203.8294930875576,413,186,37266.0,0,200.3548387096774,251,100,23628.0,0,236.28,-3747.0,2068.0,navazsh_fathi
90132099,697466904,1,fixed_lucien_de_rubempre,standard_converged,154551.0,156442.0,-1891.0,loss,1,2.6633185419923393,719,0,0,0.010708,0.0474715,0.07761044000000002,0.1965,"{""BUILD_PASTURE"": 14, ""CARE"": 308, ""COLLECT_FERTILIZER"": 318, ""DIG"": 25, ""DROP"": 80, ""EAST"": 857, ""FEED"": 319, ""FERTILIZE"": 107, ""HARVEST"": 338, ""NORTH"": 1236, ""PASS"": 377, ""PICKUP"": 339, ""PLACE"": 27, ""PLANT"": 131, ""SOUTH"": 929, ""WATER"": 851, ""WEST"": 1098}","{""BUY_ANIMAL"": 14, ""BUY_LAND"": 2, ""BUY_PRODUCT"": 279, ""BUY_SEED"": 54, ""HIRE"": 306, ""SELL"": 418}","{""BUY_ANIMAL:COW"": 8, ""BUY_ANIMAL:SHEEP"": 6, ""BUY_PRODUCT:WHEAT"": 967, ""BUY_SEED:MELON"": 21, ""BUY_SEED:STRAWBERRY"": 44, ""BUY_SEED:WHEAT"": 66, ""SELL:CARROT"": 13, ""SELL:EGG"": 8, ""SELL:FERTILIZER"": 406, ""SELL:MELON"": 197, ""SELL:MILK"": 543, ""SELL:STRAWBERRY"": 536, ""SELL:TOMATO"": 4, ""SELL:WHEAT"": 1108, ""SELL:WOOL"": 300}",197,68,13653.0,0,200.77941176470588,536,215,43559.0,0,202.6,543,184,36351.0,0,197.55978260869566,300,100,23606.0,0,236.06,-3747.0,1856.0,lucien_de_rubempre
90132830,1426018937,0,control_v012,standard_converged,147142.0,153423.0,-6281.0,loss,1,2.681423582995194,719,0,0,0.009208,0.049358300000000056,0.08116388000000012,0.209292,"{""BUILD_PASTURE"": 14, ""CARE"": 308, ""COLLECT_FERTILIZER"": 318, ""DIG"": 25, ""DROP"": 80, ""EAST"": 857, ""FEED"": 319, ""FERTILIZE"": 107, ""HARVEST"": 338, ""NORTH"": 1236, ""PASS"": 377, ""PICKUP"": 339, ""PLACE"": 27, ""PLANT"": 131, ""SOUTH"": 929, ""WATER"": 851, ""WEST"": 1098}","{""BUY_ANIMAL"": 14, ""BUY_LAND"": 2, ""BUY_PRODUCT"": 279, ""BUY_SEED"": 54, ""HIRE"": 306, ""SELL"": 481}","{""BUY_ANIMAL:COW"": 8, ""BUY_ANIMAL:SHEEP"": 6, ""BUY_PRODUCT:WHEAT"": 967, ""BUY_SEED:MELON"": 21, ""BUY_SEED:STRAWBERRY"": 44, ""BUY_SEED:WHEAT"": 66, ""SELL:CARROT"": 13, ""SELL:EGG"": 8, ""SELL:FERTILIZER"": 445, ""SELL:MELON"": 224, ""SELL:MILK"": 682, ""SELL:STRAWBERRY"": 636, ""SELL:TOMATO"": 4, ""SELL:WHEAT"": 1108, ""SELL:WOOL"": 373}",224,68,13560.0,0,199.41176470588235,636,213,44393.0,0,208.41784037558685,682,183,45285.0,0,247.45901639344262,373,100,9915.0,21,99.15,-6281.0,0.0,
90132830,1426018937,0,fixed_mohit,standard_converged,147164.0,153471.0,-6307.0,loss,1,2.6768482089973986,719,0,0,0.011417,0.05111250000000002,0.07974456000000005,0.25175,"{""BUILD_PASTURE"": 14, ""CARE"": 308, ""COLLECT_FERTILIZER"": 318, ""DIG"": 25, ""DROP"": 80, ""EAST"": 857, ""FEED"": 319, ""FERTILIZE"": 107, ""HARVEST"": 338, ""NORTH"": 1236, ""PASS"": 377, ""PICKUP"": 339, ""PLACE"": 27, ""PLANT"": 131, ""SOUTH"": 929, ""WATER"": 851, ""WEST"": 1098}","{""BUY_ANIMAL"": 14, ""BUY_LAND"": 2, ""BUY_PRODUCT"": 279, ""BUY_SEED"": 54, ""HIRE"": 306, ""SELL"": 469}","{""BUY_ANIMAL:COW"": 8, ""BUY_ANIMAL:SHEEP"": 6, ""BUY_PRODUCT:WHEAT"": 967, ""BUY_SEED:MELON"": 21, ""BUY_SEED:STRAWBERRY"": 44, ""BUY_SEED:WHEAT"": 66, ""SELL:CARROT"": 13, ""SELL:EGG"": 8, ""SELL:FERTILIZER"": 445, ""SELL:MELON"": 216, ""SELL:MILK"": 642, ""SELL:STRAWBERRY"": 609, ""SELL:TOMATO"": 4, ""SELL:WHEAT"": 1108, ""SELL:WOOL"": 349}",216,68,13560.0,0,199.41176470588235,609,213,44396.0,0,208.43192488262912,642,184,45586.0,0,247.75,349,100,9915.0,21,99.15,-6281.0,-26.0,mohit
90132830,1426018937,0,fixed_automatylicza,standard_converged,147142.0,153423.0,-6281.0,loss,1,2.6799128749989904,719,0,0,0.01075,0.054763100000000016,0.08046612000000003,0.225,"{""BUILD_PASTURE"": 14, ""CARE"": 308, ""COLLECT_FERTILIZER"": 318, ""DIG"": 25, ""DROP"": 80, ""EAST"": 857, ""FEED"": 319, ""FERTILIZE"": 107, ""HARVEST"": 338, ""NORTH"": 1236, ""PASS"": 377, ""PICKUP"": 339, ""PLACE"": 27, ""PLANT"": 131, ""SOUTH"": 929, ""WATER"": 851, ""WEST"": 1098}","{""BUY_ANIMAL"": 14, ""BUY_LAND"": 2, ""BUY_PRODUCT"": 279, ""BUY_SEED"": 54, ""HIRE"": 306, ""SELL"": 481}","{""BUY_ANIMAL:COW"": 8, ""BUY_ANIMAL:SHEEP"": 6, ""BUY_PRODUCT:WHEAT"": 967, ""BUY_SEED:MELON"": 21, ""BUY_SEED:STRAWBERRY"": 44, ""BUY_SEED:WHEAT"": 66, ""SELL:CARROT"": 13, ""SELL:EGG"": 8, ""SELL:FERTILIZER"": 445, ""SELL:MELON"": 224, ""SELL:MILK"": 682, ""SELL:STRAWBERRY"": 636, ""SELL:TOMATO"": 4, ""SELL:WHEAT"": 1108, ""SELL:WOOL"": 373}",224,68,13560.0,0,199.41176470588235,636,213,44393.0,0,208.41784037558685,682,183,45285.0,0,247.45901639344262,373,100,9915.0,21,99.15,-6281.0,0.0,automatylicza
90132830,1426018937,0,fixed_manual_player,standard_converged,147549.0,153443.0,-5894.0,loss,1,2.6800367910036584,719,0,0,0.011209,0.055416600000000094,0.08307688000000013,0.285041,"{""BUILD_PASTURE"": 14, ""CARE"": 308, ""COLLECT_FERTILIZER"": 318, ""DIG"": 25, ""DROP"": 80, ""EAST"": 857, ""FEED"": 319, ""FERTILIZE"": 107, ""HARVEST"": 338, ""NORTH"": 1236, ""PASS"": 377, ""PICKUP"": 339, ""PLACE"": 27, ""PLANT"": 131, ""SOUTH"": 929, ""WATER"": 851, ""WEST"": 1098}","{""BUY_ANIMAL"": 14, ""BUY_LAND"": 2, ""BUY_PRODUCT"": 279, ""BUY_SEED"": 54, ""HIRE"": 306, ""SELL"": 440}","{""BUY_ANIMAL:COW"": 8, ""BUY_ANIMAL:SHEEP"": 6, ""BUY_PRODUCT:WHEAT"": 967, ""BUY_SEED:MELON"": 21, ""BUY_SEED:STRAWBERRY"": 44, ""BUY_SEED:WHEAT"": 66, ""SELL:CARROT"": 13, ""SELL:EGG"": 8, ""SELL:FERTILIZER"": 445, ""SELL:MELON"": 215, ""SELL:MILK"": 560, ""SELL:STRAWBERRY"": 550, ""SELL:TOMATO"": 4, ""SELL:WHEAT"": 1108, ""SELL:WOOL"": 323}",215,68,13515.0,0,198.75,550,213,44490.0,0,208.8732394366197,560,186,46094.0,0,247.81720430107526,323,100,10214.0,21,102.14,-6281.0,387.0,manual_player
90132830,1426018937,0,fixed_navazsh_fathi,standard_converged,148248.0,152764.0,-4516.0,loss,1,2.6797071250039153,719,0,0,0.011125,0.0526333,0.07987938,0.257041,"{""BUILD_PASTURE"": 14, ""CARE"": 308, ""COLLECT_FERTILIZER"": 318, ""DIG"": 25, ""DROP"": 80, ""EAST"": 857, ""FEED"": 319, ""FERTILIZE"": 107, ""HARVEST"": 338, ""NORTH"": 1236, ""PASS"": 377, ""PICKUP"": 339, ""PLACE"": 27, ""PLANT"": 131, ""SOUTH"": 929, ""WATER"": 851, ""WEST"": 1098}","{""BUY_ANIMAL"": 14, ""BUY_LAND"": 2, ""BUY_PRODUCT"": 279, ""BUY_SEED"": 54, ""HIRE"": 306, ""SELL"": 377}","{""BUY_ANIMAL:COW"": 8, ""BUY_ANIMAL:SHEEP"": 6, ""BUY_PRODUCT:WHEAT"": 967, ""BUY_SEED:MELON"": 21, ""BUY_SEED:STRAWBERRY"": 44, ""BUY_SEED:WHEAT"": 66, ""SELL:CARROT"": 13, ""SELL:EGG"": 8, ""SELL:FERTILIZER"": 406, ""SELL:MELON"": 182, ""SELL:MILK"": 413, ""SELL:STRAWBERRY"": 390, ""SELL:TOMATO"": 4, ""SELL:WHEAT"": 1108, ""SELL:WOOL"": 251}",182,68,13585.0,0,199.77941176470588,390,215,45075.0,0,209.65116279069767,413,186,46434.0,0,249.6451612903226,251,100,10528.0,15,105.28,-6281.0,1765.0,navazsh_fathi
90132830,1426018937,0,fixed_lucien_de_rubempre,standard_converged,147568.0,152356.0,-4788.0,loss,1,2.678916625009151,719,0,0,0.011083,0.04811220000000001,0.07859112000000003,0.102875,"{""BUILD_PASTURE"": 14, ""CARE"": 308, ""COLLECT_FERTILIZER"": 318, ""DIG"": 25, ""DROP"": 80, ""EAST"": 857, ""FEED"": 319, ""FERTILIZE"": 107, ""HARVEST"": 338, ""NORTH"": 1236, ""PASS"": 377, ""PICKUP"": 339, ""PLACE"": 27, ""PLANT"": 131, ""SOUTH"": 929, ""WATER"": 851, ""WEST"": 1098}","{""BUY_ANIMAL"": 14, ""BUY_LAND"": 2, ""BUY_PRODUCT"": 279, ""BUY_SEED"": 54, ""HIRE"": 306, ""SELL"": 418}","{""BUY_ANIMAL:COW"": 8, ""BUY_ANIMAL:SHEEP"": 6, ""BUY_PRODUCT:WHEAT"": 967, ""BUY_SEED:MELON"": 21, ""BUY_SEED:STRAWBERRY"": 44, ""BUY_SEED:WHEAT"": 66, ""SELL:CARROT"": 13, ""SELL:EGG"": 8, ""SELL:FERTILIZER"": 406, ""SELL:MELON"": 197, ""SELL:MILK"": 543, ""SELL:STRAWBERRY"": 536, ""SELL:TOMATO"": 4, ""SELL:WHEAT"": 1108, ""SELL:WOOL"": 300}",197,68,13585.0,0,199.77941176470588,536,215,44879.0,0,208.73953488372092,543,184,45741.0,0,248.5923913043478,300,100,10168.0,15,101.68,-6281.0,1493.0,lucien_de_rubempre
90132830,1426018937,1,control_v012,standard_converged,153423.0,156235.0,-2812.0,loss,1,2.702000000004773,719,0,0,0.009166,0.044779200000000005,0.07630750000000001,0.282459,"{""BUILD_PASTURE"": 14, ""CARE"": 308, ""COLLECT_FERTILIZER"": 318, ""DIG"": 25, ""DROP"": 80, ""EAST"": 857, ""FEED"": 319, ""FERTILIZE"": 107, ""HARVEST"": 338, ""NORTH"": 1236, ""PASS"": 377, ""PICKUP"": 339, ""PLACE"": 27, ""PLANT"": 131, ""SOUTH"": 929, ""WATER"": 851, ""WEST"": 1098}","{""BUY_ANIMAL"": 14, ""BUY_LAND"": 2, ""BUY_PRODUCT"": 279, ""BUY_SEED"": 54, ""HIRE"": 306, ""SELL"": 481}","{""BUY_ANIMAL:COW"": 8, ""BUY_ANIMAL:SHEEP"": 6, ""BUY_PRODUCT:WHEAT"": 967, ""BUY_SEED:MELON"": 21, ""BUY_SEED:STRAWBERRY"": 44, ""BUY_SEED:WHEAT"": 66, ""SELL:CARROT"": 13, ""SELL:EGG"": 8, ""SELL:FERTILIZER"": 445, ""SELL:MELON"": 224, ""SELL:MILK"": 682, ""SELL:STRAWBERRY"": 636, ""SELL:TOMATO"": 4, ""SELL:WHEAT"": 1108, ""SELL:WOOL"": 373}",224,68,12422.0,0,182.6764705882353,636,216,46844.0,0,216.87037037037038,682,183,45275.0,0,247.40437158469945,373,100,13858.0,3,138.58,-2812.0,0.0,
90132830,1426018937,1,fixed_mohit,standard_converged,153489.0,156262.0,-2773.0,loss,1,2.7055213330022525,719,0,0,0.011125,0.04707500000000001,0.07828800000000001,0.111583,"{""BUILD_PASTURE"": 14, ""CARE"": 308, ""COLLECT_FERTILIZER"": 318, ""DIG"": 25, ""DROP"": 80, ""EAST"": 857, ""FEED"": 319, ""FERTILIZE"": 107, ""HARVEST"": 338, ""NORTH"": 1236, ""PASS"": 377, ""PICKUP"": 339, ""PLACE"": 27, ""PLANT"": 131, ""SOUTH"": 929, ""WATER"": 851, ""WEST"": 1098}","{""BUY_ANIMAL"": 14, ""BUY_LAND"": 2, ""BUY_PRODUCT"": 279, ""BUY_SEED"": 54, ""HIRE"": 306, ""SELL"": 469}","{""BUY_ANIMAL:COW"": 8, ""BUY_ANIMAL:SHEEP"": 6, ""BUY_PRODUCT:WHEAT"": 967, ""BUY_SEED:MELON"": 21, ""BUY_SEED:STRAWBERRY"": 44, ""BUY_SEED:WHEAT"": 66, ""SELL:CARROT"": 13, ""SELL:EGG"": 8, ""SELL:FERTILIZER"": 445, ""SELL:MELON"": 216, ""SELL:MILK"": 642, ""SELL:STRAWBERRY"": 609, ""SELL:TOMATO"": 4, ""SELL:WHEAT"": 1108, ""SELL:WOOL"": 349}",216,68,12422.0,0,182.6764705882353,609,216,46828.0,0,216.7962962962963,642,184,45576.0,0,247.69565217391303,349,100,13896.0,3,138.96,-2812.0,39.0,mohit
90132830,1426018937,1,fixed_automatylicza,standard_converged,153423.0,156235.0,-2812.0,loss,1,2.707918708998477,719,0,0,0.010709,0.0473414,0.07883194000000006,0.099792,"{""BUILD_PASTURE"": 14, ""CARE"": 308, ""COLLECT_FERTILIZER"": 318, ""DIG"": 25, ""DROP"": 80, ""EAST"": 857, ""FEED"": 319, ""FERTILIZE"": 107, ""HARVEST"": 338, ""NORTH"": 1236, ""PASS"": 377, ""PICKUP"": 339, ""PLACE"": 27, ""PLANT"": 131, ""SOUTH"": 929, ""WATER"": 851, ""WEST"": 1098}","{""BUY_ANIMAL"": 14, ""BUY_LAND"": 2, ""BUY_PRODUCT"": 279, ""BUY_SEED"": 54, ""HIRE"": 306, ""SELL"": 481}","{""BUY_ANIMAL:COW"": 8, ""BUY_ANIMAL:SHEEP"": 6, ""BUY_PRODUCT:WHEAT"": 967, ""BUY_SEED:MELON"": 21, ""BUY_SEED:STRAWBERRY"": 44, ""BUY_SEED:WHEAT"": 66, ""SELL:CARROT"": 13, ""SELL:EGG"": 8, ""SELL:FERTILIZER"": 445, ""SELL:MELON"": 224, ""SELL:MILK"": 682, ""SELL:STRAWBERRY"": 636, ""SELL:TOMATO"": 4, ""SELL:WHEAT"": 1108, ""SELL:WOOL"": 373}",224,68,12422.0,0,182.6764705882353,636,216,46844.0,0,216.87037037037038,682,183,45275.0,0,247.40437158469945,373,100,13858.0,3,138.58,-2812.0,0.0,automatylicza
90132830,1426018937,1,fixed_manual_player,standard_converged,152975.0,155454.0,-2479.0,loss,1,2.6985095840063877,719,0,0,0.010792,0.04965800000000005,0.07783000000000001,0.304,"{""BUILD_PASTURE"": 14, ""CARE"": 308, ""COLLECT_FERTILIZER"": 318, ""DIG"": 25, ""DROP"": 80, ""EAST"": 857, ""FEED"": 319, ""FERTILIZE"": 107, ""HARVEST"": 338, ""NORTH"": 1236, ""PASS"": 377, ""PICKUP"": 339, ""PLACE"": 27, ""PLANT"": 131, ""SOUTH"": 929, ""WATER"": 851, ""WEST"": 1098}","{""BUY_ANIMAL"": 14, ""BUY_LAND"": 2, ""BUY_PRODUCT"": 279, ""BUY_SEED"": 54, ""HIRE"": 306, ""SELL"": 440}","{""BUY_ANIMAL:COW"": 8, ""BUY_ANIMAL:SHEEP"": 6, ""BUY_PRODUCT:WHEAT"": 967, ""BUY_SEED:MELON"": 21, ""BUY_SEED:STRAWBERRY"": 44, ""BUY_SEED:WHEAT"": 66, ""SELL:CARROT"": 13, ""SELL:EGG"": 8, ""SELL:FERTILIZER"": 445, ""SELL:MELON"": 215, ""SELL:MILK"": 560, ""SELL:STRAWBERRY"": 550, ""SELL:TOMATO"": 4, ""SELL:WHEAT"": 1108, ""SELL:WOOL"": 323}",215,68,12374.0,0,181.97058823529412,550,216,46914.0,0,217.19444444444446,560,186,46103.0,0,247.86559139784947,323,100,13539.0,0,135.39,-2812.0,333.0,manual_player
90132830,1426018937,1,fixed_navazsh_fathi,standard_converged,156179.0,156626.0,-447.0,loss,1,2.705931000004057,719,0,0,0.011458,0.04841310000000004,0.08159650000000004,0.2915,"{""BUILD_PASTURE"": 14, ""CARE"": 308, ""COLLECT_FERTILIZER"": 318, ""DIG"": 25, ""DROP"": 80, ""EAST"": 857, ""FEED"": 319, ""FERTILIZE"": 107, ""HARVEST"": 338, ""NORTH"": 1236, ""PASS"": 377, ""PICKUP"": 339, ""PLACE"": 27, ""PLANT"": 131, ""SOUTH"": 929, ""WATER"": 851, ""WEST"": 1098}","{""BUY_ANIMAL"": 14, ""BUY_LAND"": 2, ""BUY_PRODUCT"": 279, ""BUY_SEED"": 54, ""HIRE"": 306, ""SELL"": 377}","{""BUY_ANIMAL:COW"": 8, ""BUY_ANIMAL:SHEEP"": 6, ""BUY_PRODUCT:WHEAT"": 967, ""BUY_SEED:MELON"": 21, ""BUY_SEED:STRAWBERRY"": 44, ""BUY_SEED:WHEAT"": 66, ""SELL:CARROT"": 13, ""SELL:EGG"": 8, ""SELL:FERTILIZER"": 406, ""SELL:MELON"": 182, ""SELL:MILK"": 413, ""SELL:STRAWBERRY"": 390, ""SELL:TOMATO"": 4, ""SELL:WHEAT"": 1108, ""SELL:WOOL"": 251}",182,68,12406.0,0,182.44117647058823,390,223,48211.0,0,216.1928251121076,413,185,46185.0,0,249.64864864864865,251,100,15738.0,1,157.38,-2812.0,2365.0,navazsh_fathi
90132830,1426018937,1,fixed_lucien_de_rubempre,standard_converged,154726.0,155538.0,-812.0,loss,1,2.775981166996644,719,0,0,0.01125,0.06354580000000001,0.09444012000000043,0.463083,"{""BUILD_PASTURE"": 14, ""CARE"": 308, ""COLLECT_FERTILIZER"": 318, ""DIG"": 25, ""DROP"": 80, ""EAST"": 857, ""FEED"": 319, ""FERTILIZE"": 107, ""HARVEST"": 338, ""NORTH"": 1236, ""PASS"": 377, ""PICKUP"": 339, ""PLACE"": 27, ""PLANT"": 131, ""SOUTH"": 929, ""WATER"": 851, ""WEST"": 1098}","{""BUY_ANIMAL"": 14, ""BUY_LAND"": 2, ""BUY_PRODUCT"": 279, ""BUY_SEED"": 54, ""HIRE"": 306, ""SELL"": 418}","{""BUY_ANIMAL:COW"": 8, ""BUY_ANIMAL:SHEEP"": 6, ""BUY_PRODUCT:WHEAT"": 967, ""BUY_SEED:MELON"": 21, ""BUY_SEED:STRAWBERRY"": 44, ""BUY_SEED:WHEAT"": 66, ""SELL:CARROT"": 13, ""SELL:EGG"": 8, ""SELL:FERTILIZER"": 406, ""SELL:MELON"": 197, ""SELL:MILK"": 543, ""SELL:STRAWBERRY"": 536, ""SELL:TOMATO"": 4, ""SELL:WHEAT"": 1108, ""SELL:WOOL"": 300}",197,68,12406.0,0,182.44117647058823,536,221,47634.0,0,215.53846153846155,543,184,45747.0,0,248.625,300,100,14307.0,0,143.07,-2812.0,2000.0,lucien_de_rubempre
90133493,1551702183,0,control_v012,standard_converged,139761.0,141981.0,-2220.0,loss,1,2.6822802499955287,719,0,0,0.009083,0.04991670000000004,0.07993068000000018,0.199583,"{""BUILD_PASTURE"": 14, ""CARE"": 308, ""COLLECT_FERTILIZER"": 318, ""DIG"": 25, ""DROP"": 80, ""EAST"": 857, ""FEED"": 319, ""FERTILIZE"": 107, ""HARVEST"": 338, ""NORTH"": 1236, ""PASS"": 377, ""PICKUP"": 339, ""PLACE"": 27, ""PLANT"": 131, ""SOUTH"": 929, ""WATER"": 851, ""WEST"": 1098}","{""BUY_ANIMAL"": 14, ""BUY_LAND"": 2, ""BUY_PRODUCT"": 279, ""BUY_SEED"": 54, ""HIRE"": 306, ""SELL"": 481}","{""BUY_ANIMAL:COW"": 8, ""BUY_ANIMAL:SHEEP"": 6, ""BUY_PRODUCT:WHEAT"": 967, ""BUY_SEED:MELON"": 21, ""BUY_SEED:STRAWBERRY"": 44, ""BUY_SEED:WHEAT"": 66, ""SELL:CARROT"": 13, ""SELL:EGG"": 8, ""SELL:FERTILIZER"": 445, ""SELL:MELON"": 224, ""SELL:MILK"": 682, ""SELL:STRAWBERRY"": 636, ""SELL:TOMATO"": 4, ""SELL:WHEAT"": 1108, ""SELL:WOOL"": 373}",224,68,13560.0,0,199.41176470588235,636,216,24635.0,15,114.05092592592592,682,183,42330.0,0,231.31147540983608,373,100,23919.0,0,239.19,-2220.0,0.0,
90133493,1551702183,0,fixed_mohit,standard_converged,139807.0,142040.0,-2233.0,loss,1,2.6749504589970456,719,0,0,0.011125,0.05773810000000001,0.08233056000000004,0.237167,"{""BUILD_PASTURE"": 14, ""CARE"": 308, ""COLLECT_FERTILIZER"": 318, ""DIG"": 25, ""DROP"": 80, ""EAST"": 857, ""FEED"": 319, ""FERTILIZE"": 107, ""HARVEST"": 338, ""NORTH"": 1236, ""PASS"": 377, ""PICKUP"": 339, ""PLACE"": 27, ""PLANT"": 131, ""SOUTH"": 929, ""WATER"": 851, ""WEST"": 1098}","{""BUY_ANIMAL"": 14, ""BUY_LAND"": 2, ""BUY_PRODUCT"": 279, ""BUY_SEED"": 54, ""HIRE"": 306, ""SELL"": 469}","{""BUY_ANIMAL:COW"": 8, ""BUY_ANIMAL:SHEEP"": 6, ""BUY_PRODUCT:WHEAT"": 967, ""BUY_SEED:MELON"": 21, ""BUY_SEED:STRAWBERRY"": 44, ""BUY_SEED:WHEAT"": 66, ""SELL:CARROT"": 13, ""SELL:EGG"": 8, ""SELL:FERTILIZER"": 445, ""SELL:MELON"": 216, ""SELL:MILK"": 642, ""SELL:STRAWBERRY"": 609, ""SELL:TOMATO"": 4, ""SELL:WHEAT"": 1108, ""SELL:WOOL"": 349}",216,68,13560.0,0,199.41176470588235,609,216,24639.0,15,114.06944444444444,642,184,42621.0,0,231.6358695652174,349,100,23920.0,0,239.2,-2220.0,-13.0,mohit
90133493,1551702183,0,fixed_automatylicza,standard_converged,139761.0,141981.0,-2220.0,loss,1,2.6722686249995604,719,0,0,0.010625,0.06525420000000001,0.09358206000000027,0.368042,"{""BUILD_PASTURE"": 14, ""CARE"": 308, ""COLLECT_FERTILIZER"": 318, ""DIG"": 25, ""DROP"": 80, ""EAST"": 857, ""FEED"": 319, ""FERTILIZE"": 107, ""HARVEST"": 338, ""NORTH"": 1236, ""PASS"": 377, ""PICKUP"": 339, ""PLACE"": 27, ""PLANT"": 131, ""SOUTH"": 929, ""WATER"": 851, ""WEST"": 1098}","{""BUY_ANIMAL"": 14, ""BUY_LAND"": 2, ""BUY_PRODUCT"": 279, ""BUY_SEED"": 54, ""HIRE"": 306, ""SELL"": 481}","{""BUY_ANIMAL:COW"": 8, ""BUY_ANIMAL:SHEEP"": 6, ""BUY_PRODUCT:WHEAT"": 967, ""BUY_SEED:MELON"": 21, ""BUY_SEED:STRAWBERRY"": 44, ""BUY_SEED:WHEAT"": 66, ""SELL:CARROT"": 13, ""SELL:EGG"": 8, ""SELL:FERTILIZER"": 445, ""SELL:MELON"": 224, ""SELL:MILK"": 682, ""SELL:STRAWBERRY"": 636, ""SELL:TOMATO"": 4, ""SELL:WHEAT"": 1108, ""SELL:WOOL"": 373}",224,68,13560.0,0,199.41176470588235,636,216,24635.0,15,114.05092592592592,682,183,42330.0,0,231.31147540983608,373,100,23919.0,0,239.19,-2220.0,0.0,automatylicza
90133493,1551702183,0,fixed_manual_player,standard_converged,139602.0,141997.0,-2395.0,loss,1,2.6735974170005647,719,0,0,0.011416,0.04977470000000005,0.08075194000000005,0.234542,"{""BUILD_PASTURE"": 14, ""CARE"": 308, ""COLLECT_FERTILIZER"": 318, ""DIG"": 25, ""DROP"": 80, ""EAST"": 857, ""FEED"": 319, ""FERTILIZE"": 107, ""HARVEST"": 338, ""NORTH"": 1236, ""PASS"": 377, ""PICKUP"": 339, ""PLACE"": 27, ""PLANT"": 131, ""SOUTH"": 929, ""WATER"": 851, ""WEST"": 1098}","{""BUY_ANIMAL"": 14, ""BUY_LAND"": 2, ""BUY_PRODUCT"": 279, ""BUY_SEED"": 54, ""HIRE"": 306, ""SELL"": 440}","{""BUY_ANIMAL:COW"": 8, ""BUY_ANIMAL:SHEEP"": 6, ""BUY_PRODUCT:WHEAT"": 967, ""BUY_SEED:MELON"": 21, ""BUY_SEED:STRAWBERRY"": 44, ""BUY_SEED:WHEAT"": 66, ""SELL:CARROT"": 13, ""SELL:EGG"": 8, ""SELL:FERTILIZER"": 445, ""SELL:MELON"": 215, ""SELL:MILK"": 560, ""SELL:STRAWBERRY"": 550, ""SELL:TOMATO"": 4, ""SELL:WHEAT"": 1108, ""SELL:WOOL"": 323}",215,68,13515.0,0,198.75,550,216,24515.0,15,113.49537037037037,560,186,43046.0,0,231.43010752688173,323,100,23929.0,0,239.29,-2220.0,-175.0,manual_player
90133493,1551702183,0,fixed_navazsh_fathi,standard_converged,139984.0,142167.0,-2183.0,loss,1,2.6750140829972224,719,0,0,0.011167,0.04757560000000002,0.07905944000000006,0.185917,"{""BUILD_PASTURE"": 14, ""CARE"": 308, ""COLLECT_FERTILIZER"": 318, ""DIG"": 25, ""DROP"": 80, ""EAST"": 857, ""FEED"": 319, ""FERTILIZE"": 107, ""HARVEST"": 338, ""NORTH"": 1236, ""PASS"": 377, ""PICKUP"": 339, ""PLACE"": 27, ""PLANT"": 131, ""SOUTH"": 929, ""WATER"": 851, ""WEST"": 1098}","{""BUY_ANIMAL"": 14, ""BUY_LAND"": 2, ""BUY_PRODUCT"": 279, ""BUY_SEED"": 54, ""HIRE"": 306, ""SELL"": 377}","{""BUY_ANIMAL:COW"": 8, ""BUY_ANIMAL:SHEEP"": 6, ""BUY_PRODUCT:WHEAT"": 967, ""BUY_SEED:MELON"": 21, ""BUY_SEED:STRAWBERRY"": 44, ""BUY_SEED:WHEAT"": 66, ""SELL:CARROT"": 13, ""SELL:EGG"": 8, ""SELL:FERTILIZER"": 406, ""SELL:MELON"": 182, ""SELL:MILK"": 413, ""SELL:STRAWBERRY"": 390, ""SELL:TOMATO"": 4, ""SELL:WHEAT"": 1108, ""SELL:WOOL"": 251}",182,68,13585.0,0,199.77941176470588,390,223,24839.0,17,111.38565022421524,413,186,43426.0,0,233.4731182795699,251,100,23989.0,0,239.89,-2220.0,37.0,navazsh_fathi
90133493,1551702183,0,fixed_lucien_de_rubempre,standard_converged,139540.0,142085.0,-2545.0,loss,1,2.6806030419975286,719,0,0,0.011083,0.04905000000000002,0.07907626,0.294083,"{""BUILD_PASTURE"": 14, ""CARE"": 308, ""COLLECT_FERTILIZER"": 318, ""DIG"": 25, ""DROP"": 80, ""EAST"": 857, ""FEED"": 319, ""FERTILIZE"": 107, ""HARVEST"": 338, ""NORTH"": 1236, ""PASS"": 377, ""PICKUP"": 339, ""PLACE"": 27, ""PLANT"": 131, ""SOUTH"": 929, ""WATER"": 851, ""WEST"": 1098}","{""BUY_ANIMAL"": 14, ""BUY_LAND"": 2, ""BUY_PRODUCT"": 279, ""BUY_SEED"": 54, ""HIRE"": 306, ""SELL"": 418}","{""BUY_ANIMAL:COW"": 8, ""BUY_ANIMAL:SHEEP"": 6, ""BUY_PRODUCT:WHEAT"": 967, ""BUY_SEED:MELON"": 21, ""BUY_SEED:STRAWBERRY"": 44, ""BUY_SEED:WHEAT"": 66, ""SELL:CARROT"": 13, ""SELL:EGG"": 8, ""SELL:FERTILIZER"": 406, ""SELL:MELON"": 197, ""SELL:MILK"": 543, ""SELL:STRAWBERRY"": 536, ""SELL:TOMATO"": 4, ""SELL:WHEAT"": 1108, ""SELL:WOOL"": 300}",197,68,13585.0,0,199.77941176470588,536,221,24320.0,15,110.04524886877829,543,184,42727.0,0,232.21195652173913,300,100,23947.0,0,239.47,-2220.0,-325.0,lucien_de_rubempre
90133493,1551702183,1,control_v012,standard_converged,138760.0,140705.0,-1945.0,loss,1,2.6928789999947185,719,0,0,0.008958,0.0440208,0.08239688000000019,0.147708,"{""BUILD_PASTURE"": 14, ""CARE"": 308, ""COLLECT_FERTILIZER"": 318, ""DIG"": 25, ""DROP"": 80, ""EAST"": 857, ""FEED"": 319, ""FERTILIZE"": 107, ""HARVEST"": 338, ""NORTH"": 1236, ""PASS"": 377, ""PICKUP"": 339, ""PLACE"": 27, ""PLANT"": 131, ""SOUTH"": 929, ""WATER"": 851, ""WEST"": 1098}","{""BUY_ANIMAL"": 14, ""BUY_LAND"": 2, ""BUY_PRODUCT"": 279, ""BUY_SEED"": 54, ""HIRE"": 306, ""SELL"": 481}","{""BUY_ANIMAL:COW"": 8, ""BUY_ANIMAL:SHEEP"": 6, ""BUY_PRODUCT:WHEAT"": 967, ""BUY_SEED:MELON"": 21, ""BUY_SEED:STRAWBERRY"": 44, ""BUY_SEED:WHEAT"": 66, ""SELL:CARROT"": 13, ""SELL:EGG"": 8, ""SELL:FERTILIZER"": 445, ""SELL:MELON"": 224, ""SELL:MILK"": 682, ""SELL:STRAWBERRY"": 636, ""SELL:TOMATO"": 4, ""SELL:WHEAT"": 1108, ""SELL:WOOL"": 373}",224,68,13611.0,0,200.16176470588235,636,216,24340.0,15,112.68518518518519,682,183,42221.0,0,230.71584699453553,373,100,23904.0,0,239.04,-1945.0,0.0,
90133493,1551702183,1,fixed_mohit,standard_converged,138799.0,140763.0,-1964.0,loss,1,2.6724001669936115,719,0,0,0.010834,0.046237200000000006,0.08251744000000008,0.338833,"{""BUILD_PASTURE"": 14, ""CARE"": 308, ""COLLECT_FERTILIZER"": 318, ""DIG"": 25, ""DROP"": 80, ""EAST"": 857, ""FEED"": 319, ""FERTILIZE"": 107, ""HARVEST"": 338, ""NORTH"": 1236, ""PASS"": 377, ""PICKUP"": 339, ""PLACE"": 27, ""PLANT"": 131, ""SOUTH"": 929, ""WATER"": 851, ""WEST"": 1098}","{""BUY_ANIMAL"": 14, ""BUY_LAND"": 2, ""BUY_PRODUCT"": 279, ""BUY_SEED"": 54, ""HIRE"": 306, ""SELL"": 469}","{""BUY_ANIMAL:COW"": 8, ""BUY_ANIMAL:SHEEP"": 6, ""BUY_PRODUCT:WHEAT"": 967, ""BUY_SEED:MELON"": 21, ""BUY_SEED:STRAWBERRY"": 44, ""BUY_SEED:WHEAT"": 66, ""SELL:CARROT"": 13, ""SELL:EGG"": 8, ""SELL:FERTILIZER"": 445, ""SELL:MELON"": 216, ""SELL:MILK"": 642, ""SELL:STRAWBERRY"": 609, ""SELL:TOMATO"": 4, ""SELL:WHEAT"": 1108, ""SELL:WOOL"": 349}",216,68,13611.0,0,200.16176470588235,609,216,24344.0,15,112.70370370370371,642,184,42520.0,0,231.08695652173913,349,100,23905.0,0,239.05,-1945.0,-19.0,mohit
90133493,1551702183,1,fixed_automatylicza,standard_converged,138760.0,140705.0,-1945.0,loss,1,2.6962301670137094,719,0,0,0.010958,0.04870360000000001,0.0812604400000001,0.26225,"{""BUILD_PASTURE"": 14, ""CARE"": 308, ""COLLECT_FERTILIZER"": 318, ""DIG"": 25, ""DROP"": 80, ""EAST"": 857, ""FEED"": 319, ""FERTILIZE"": 107, ""HARVEST"": 338, ""NORTH"": 1236, ""PASS"": 377, ""PICKUP"": 339, ""PLACE"": 27, ""PLANT"": 131, ""SOUTH"": 929, ""WATER"": 851, ""WEST"": 1098}","{""BUY_ANIMAL"": 14, ""BUY_LAND"": 2, ""BUY_PRODUCT"": 279, ""BUY_SEED"": 54, ""HIRE"": 306, ""SELL"": 481}","{""BUY_ANIMAL:COW"": 8, ""BUY_ANIMAL:SHEEP"": 6, ""BUY_PRODUCT:WHEAT"": 967, ""BUY_SEED:MELON"": 21, ""BUY_SEED:STRAWBERRY"": 44, ""BUY_SEED:WHEAT"": 66, ""SELL:CARROT"": 13, ""SELL:EGG"": 8, ""SELL:FERTILIZER"": 445, ""SELL:MELON"": 224, ""SELL:MILK"": 682, ""SELL:STRAWBERRY"": 636, ""SELL:TOMATO"": 4, ""SELL:WHEAT"": 1108, ""SELL:WOOL"": 373}",224,68,13611.0,0,200.16176470588235,636,216,24340.0,15,112.68518518518519,682,183,42221.0,0,230.71584699453553,373,100,23904.0,0,239.04,-1945.0,0.0,automatylicza
90133493,1551702183,1,fixed_manual_player,standard_converged,138847.0,140568.0,-1721.0,loss,1,2.679348208999727,719,0,0,0.011167,0.04720360000000001,0.08251562000000023,0.264333,"{""BUILD_PASTURE"": 14, ""CARE"": 308, ""COLLECT_FERTILIZER"": 318, ""DIG"": 25, ""DROP"": 80, ""EAST"": 857, ""FEED"": 319, ""FERTILIZE"": 107, ""HARVEST"": 338, ""NORTH"": 1236, ""PASS"": 377, ""PICKUP"": 339, ""PLACE"": 27, ""PLANT"": 131, ""SOUTH"": 929, ""WATER"": 851, ""WEST"": 1098}","{""BUY_ANIMAL"": 14, ""BUY_LAND"": 2, ""BUY_PRODUCT"": 279, ""BUY_SEED"": 54, ""HIRE"": 306, ""SELL"": 440}","{""BUY_ANIMAL:COW"": 8, ""BUY_ANIMAL:SHEEP"": 6, ""BUY_PRODUCT:WHEAT"": 967, ""BUY_SEED:MELON"": 21, ""BUY_SEED:STRAWBERRY"": 44, ""BUY_SEED:WHEAT"": 66, ""SELL:CARROT"": 13, ""SELL:EGG"": 8, ""SELL:FERTILIZER"": 445, ""SELL:MELON"": 215, ""SELL:MILK"": 560, ""SELL:STRAWBERRY"": 550, ""SELL:TOMATO"": 4, ""SELL:WHEAT"": 1108, ""SELL:WOOL"": 323}",215,68,13577.0,0,199.66176470588235,550,216,24384.0,12,112.88888888888889,560,186,42996.0,0,231.16129032258064,323,100,23924.0,0,239.24,-1945.0,224.0,manual_player
90133493,1551702183,1,fixed_navazsh_fathi,standard_converged,139182.0,140786.0,-1604.0,loss,1,2.6807253750012023,719,0,0,0.011,0.0463086,0.08573800000000019,0.257,"{""BUILD_PASTURE"": 14, ""CARE"": 308, ""COLLECT_FERTILIZER"": 318, ""DIG"": 25, ""DROP"": 80, ""EAST"": 857, ""FEED"": 319, ""FERTILIZE"": 107, ""HARVEST"": 338, ""NORTH"": 1236, ""PASS"": 377, ""PICKUP"": 339, ""PLACE"": 27, ""PLANT"": 131, ""SOUTH"": 929, ""WATER"": 851, ""WEST"": 1098}","{""BUY_ANIMAL"": 14, ""BUY_LAND"": 2, ""BUY_PRODUCT"": 279, ""BUY_SEED"": 54, ""HIRE"": 306, ""SELL"": 377}","{""BUY_ANIMAL:COW"": 8, ""BUY_ANIMAL:SHEEP"": 6, ""BUY_PRODUCT:WHEAT"": 967, ""BUY_SEED:MELON"": 21, ""BUY_SEED:STRAWBERRY"": 44, ""BUY_SEED:WHEAT"": 66, ""SELL:CARROT"": 13, ""SELL:EGG"": 8, ""SELL:FERTILIZER"": 406, ""SELL:MELON"": 182, ""SELL:MILK"": 413, ""SELL:STRAWBERRY"": 390, ""SELL:TOMATO"": 4, ""SELL:WHEAT"": 1108, ""SELL:WOOL"": 251}",182,68,13637.0,0,200.5441176470588,390,223,25064.0,12,112.39461883408072,413,184,42964.0,0,233.5,251,100,23988.0,0,239.88,-1945.0,341.0,navazsh_fathi
90133493,1551702183,1,fixed_lucien_de_rubempre,standard_converged,138986.0,140527.0,-1541.0,loss,1,2.679516332995263,719,0,0,0.010834,0.04672090000000005,0.07926568000000002,0.208375,"{""BUILD_PASTURE"": 14, ""CARE"": 308, ""COLLECT_FERTILIZER"": 318, ""DIG"": 25, ""DROP"": 80, ""EAST"": 857, ""FEED"": 319, ""FERTILIZE"": 107, ""HARVEST"": 338, ""NORTH"": 1236, ""PASS"": 377, ""PICKUP"": 339, ""PLACE"": 27, ""PLANT"": 131, ""SOUTH"": 929, ""WATER"": 851, ""WEST"": 1098}","{""BUY_ANIMAL"": 14, ""BUY_LAND"": 2, ""BUY_PRODUCT"": 279, ""BUY_SEED"": 54, ""HIRE"": 306, ""SELL"": 418}","{""BUY_ANIMAL:COW"": 8, ""BUY_ANIMAL:SHEEP"": 6, ""BUY_PRODUCT:WHEAT"": 967, ""BUY_SEED:MELON"": 21, ""BUY_SEED:STRAWBERRY"": 44, ""BUY_SEED:WHEAT"": 66, ""SELL:CARROT"": 13, ""SELL:EGG"": 8, ""SELL:FERTILIZER"": 406, ""SELL:MELON"": 197, ""SELL:MILK"": 543, ""SELL:STRAWBERRY"": 536, ""SELL:TOMATO"": 4, ""SELL:WHEAT"": 1108, ""SELL:WOOL"": 300}",197,68,13637.0,0,200.5441176470588,536,221,24370.0,11,110.27149321266968,543,184,42725.0,0,232.20108695652175,300,100,23945.0,0,239.45,-1945.0,404.0,lucien_de_rubempre
90133507,1595153933,0,control_v012,standard_converged,144877.0,149339.0,-4462.0,loss,1,2.6930853749945527,719,0,0,0.008792,0.04672910000000002,0.07516000000000002,0.232958,"{""BUILD_PASTURE"": 14, ""CARE"": 308, ""COLLECT_FERTILIZER"": 318, ""DIG"": 25, ""DROP"": 80, ""EAST"": 857, ""FEED"": 319, ""FERTILIZE"": 107, ""HARVEST"": 338, ""NORTH"": 1236, ""PASS"": 377, ""PICKUP"": 339, ""PLACE"": 27, ""PLANT"": 131, ""SOUTH"": 929, ""WATER"": 851, ""WEST"": 1098}","{""BUY_ANIMAL"": 14, ""BUY_LAND"": 2, ""BUY_PRODUCT"": 279, ""BUY_SEED"": 54, ""HIRE"": 306, ""SELL"": 481}","{""BUY_ANIMAL:COW"": 8, ""BUY_ANIMAL:SHEEP"": 6, ""BUY_PRODUCT:WHEAT"": 967, ""BUY_SEED:MELON"": 21, ""BUY_SEED:STRAWBERRY"": 44, ""BUY_SEED:WHEAT"": 66, ""SELL:CARROT"": 13, ""SELL:EGG"": 8, ""SELL:FERTILIZER"": 445, ""SELL:MELON"": 224, ""SELL:MILK"": 682, ""SELL:STRAWBERRY"": 636, ""SELL:TOMATO"": 4, ""SELL:WHEAT"": 1108, ""SELL:WOOL"": 373}",224,68,12422.0,0,182.6764705882353,636,216,36617.0,0,169.52314814814815,682,183,35207.0,0,192.3879781420765,373,100,24188.0,0,241.88,-4462.0,0.0,
90133507,1595153933,0,fixed_mohit,standard_converged,145068.0,149440.0,-4372.0,loss,1,2.711714541001129,719,0,0,0.011417,0.05247060000000023,0.09622894000000044,0.312,"{""BUILD_PASTURE"": 14, ""CARE"": 308, ""COLLECT_FERTILIZER"": 318, ""DIG"": 25, ""DROP"": 80, ""EAST"": 857, ""FEED"": 319, ""FERTILIZE"": 107, ""HARVEST"": 338, ""NORTH"": 1236, ""PASS"": 377, ""PICKUP"": 339, ""PLACE"": 27, ""PLANT"": 131, ""SOUTH"": 929, ""WATER"": 851, ""WEST"": 1098}","{""BUY_ANIMAL"": 14, ""BUY_LAND"": 2, ""BUY_PRODUCT"": 279, ""BUY_SEED"": 54, ""HIRE"": 306, ""SELL"": 469}","{""BUY_ANIMAL:COW"": 8, ""BUY_ANIMAL:SHEEP"": 6, ""BUY_PRODUCT:WHEAT"": 967, ""BUY_SEED:MELON"": 21, ""BUY_SEED:STRAWBERRY"": 44, ""BUY_SEED:WHEAT"": 66, ""SELL:CARROT"": 13, ""SELL:EGG"": 8, ""SELL:FERTILIZER"": 445, ""SELL:MELON"": 216, ""SELL:MILK"": 642, ""SELL:STRAWBERRY"": 609, ""SELL:TOMATO"": 4, ""SELL:WHEAT"": 1108, ""SELL:WOOL"": 349}",216,68,12422.0,0,182.6764705882353,609,216,36598.0,0,169.4351851851852,642,184,35643.0,0,193.71195652173913,349,100,24189.0,0,241.89,-4462.0,90.0,mohit
90133507,1595153933,0,fixed_automatylicza,standard_converged,144877.0,149339.0,-4462.0,loss,1,2.708712291001575,719,0,0,0.010959,0.05000000000000006,0.07886006,0.18825,"{""BUILD_PASTURE"": 14, ""CARE"": 308, ""COLLECT_FERTILIZER"": 318, ""DIG"": 25, ""DROP"": 80, ""EAST"": 857, ""FEED"": 319, ""FERTILIZE"": 107, ""HARVEST"": 338, ""NORTH"": 1236, ""PASS"": 377, ""PICKUP"": 339, ""PLACE"": 27, ""PLANT"": 131, ""SOUTH"": 929, ""WATER"": 851, ""WEST"": 1098}","{""BUY_ANIMAL"": 14, ""BUY_LAND"": 2, ""BUY_PRODUCT"": 279, ""BUY_SEED"": 54, ""HIRE"": 306, ""SELL"": 481}","{""BUY_ANIMAL:COW"": 8, ""BUY_ANIMAL:SHEEP"": 6, ""BUY_PRODUCT:WHEAT"": 967, ""BUY_SEED:MELON"": 21, ""BUY_SEED:STRAWBERRY"": 44, ""BUY_SEED:WHEAT"": 66, ""SELL:CARROT"": 13, ""SELL:EGG"": 8, ""SELL:FERTILIZER"": 445, ""SELL:MELON"": 224, ""SELL:MILK"": 682, ""SELL:STRAWBERRY"": 636, ""SELL:TOMATO"": 4, ""SELL:WHEAT"": 1108, ""SELL:WOOL"": 373}",224,68,12422.0,0,182.6764705882353,636,216,36617.0,0,169.52314814814815,682,183,35207.0,0,192.3879781420765,373,100,24188.0,0,241.88,-4462.0,0.0,automatylicza
90133507,1595153933,0,fixed_manual_player,standard_converged,145422.0,149505.0,-4083.0,loss,1,2.713197792007122,719,0,0,0.011209,0.053912500000000065,0.07915626,0.242833,"{""BUILD_PASTURE"": 14, ""CARE"": 308, ""COLLECT_FERTILIZER"": 318, ""DIG"": 25, ""DROP"": 80, ""EAST"": 857, ""FEED"": 319, ""FERTILIZE"": 107, ""HARVEST"": 338, ""NORTH"": 1236, ""PASS"": 377, ""PICKUP"": 339, ""PLACE"": 27, ""PLANT"": 131, ""SOUTH"": 929, ""WATER"": 851, ""WEST"": 1098}","{""BUY_ANIMAL"": 14, ""BUY_LAND"": 2, ""BUY_PRODUCT"": 279, ""BUY_SEED"": 54, ""HIRE"": 306, ""SELL"": 440}","{""BUY_ANIMAL:COW"": 8, ""BUY_ANIMAL:SHEEP"": 6, ""BUY_PRODUCT:WHEAT"": 967, ""BUY_SEED:MELON"": 21, ""BUY_SEED:STRAWBERRY"": 44, ""BUY_SEED:WHEAT"": 66, ""SELL:CARROT"": 13, ""SELL:EGG"": 8, ""SELL:FERTILIZER"": 445, ""SELL:MELON"": 215, ""SELL:MILK"": 560, ""SELL:STRAWBERRY"": 550, ""SELL:TOMATO"": 4, ""SELL:WHEAT"": 1108, ""SELL:WOOL"": 323}",215,68,12374.0,0,181.97058823529412,550,216,36895.0,0,170.8101851851852,560,186,36133.0,0,194.26344086021504,323,100,24203.0,0,242.03,-4462.0,379.0,manual_player
90133507,1595153933,0,fixed_navazsh_fathi,standard_converged,146725.0,149966.0,-3241.0,loss,1,2.7095362919935724,719,0,0,0.011167,0.0486417,0.07741194000000007,0.196083,"{""BUILD_PASTURE"": 14, ""CARE"": 308, ""COLLECT_FERTILIZER"": 318, ""DIG"": 25, ""DROP"": 80, ""EAST"": 857, ""FEED"": 319, ""FERTILIZE"": 107, ""HARVEST"": 338, ""NORTH"": 1236, ""PASS"": 377, ""PICKUP"": 339, ""PLACE"": 27, ""PLANT"": 131, ""SOUTH"": 929, ""WATER"": 851, ""WEST"": 1098}","{""BUY_ANIMAL"": 14, ""BUY_LAND"": 2, ""BUY_PRODUCT"": 279, ""BUY_SEED"": 54, ""HIRE"": 306, ""SELL"": 377}","{""BUY_ANIMAL:COW"": 8, ""BUY_ANIMAL:SHEEP"": 6, ""BUY_PRODUCT:WHEAT"": 967, ""BUY_SEED:MELON"": 21, ""BUY_SEED:STRAWBERRY"": 44, ""BUY_SEED:WHEAT"": 66, ""SELL:CARROT"": 13, ""SELL:EGG"": 8, ""SELL:FERTILIZER"": 406, ""SELL:MELON"": 182, ""SELL:MILK"": 413, ""SELL:STRAWBERRY"": 390, ""SELL:TOMATO"": 4, ""SELL:WHEAT"": 1108, ""SELL:WOOL"": 251}",182,68,12406.0,0,182.44117647058823,390,223,37731.0,0,169.19730941704037,413,186,36962.0,0,198.72043010752688,251,100,24244.0,0,242.44,-4462.0,1221.0,navazsh_fathi
90133507,1595153933,0,fixed_lucien_de_rubempre,standard_converged,145690.0,149122.0,-3432.0,loss,1,2.709029791003559,719,0,0,0.011458,0.04841250000000001,0.07933756000000002,0.307875,"{""BUILD_PASTURE"": 14, ""CARE"": 308, ""COLLECT_FERTILIZER"": 318, ""DIG"": 25, ""DROP"": 80, ""EAST"": 857, ""FEED"": 319, ""FERTILIZE"": 107, ""HARVEST"": 338, ""NORTH"": 1236, ""PASS"": 377, ""PICKUP"": 339, ""PLACE"": 27, ""PLANT"": 131, ""SOUTH"": 929, ""WATER"": 851, ""WEST"": 1098}","{""BUY_ANIMAL"": 14, ""BUY_LAND"": 2, ""BUY_PRODUCT"": 279, ""BUY_SEED"": 54, ""HIRE"": 306, ""SELL"": 418}","{""BUY_ANIMAL:COW"": 8, ""BUY_ANIMAL:SHEEP"": 6, ""BUY_PRODUCT:WHEAT"": 967, ""BUY_SEED:MELON"": 21, ""BUY_SEED:STRAWBERRY"": 44, ""BUY_SEED:WHEAT"": 66, ""SELL:CARROT"": 13, ""SELL:EGG"": 8, ""SELL:FERTILIZER"": 406, ""SELL:MELON"": 197, ""SELL:MILK"": 543, ""SELL:STRAWBERRY"": 536, ""SELL:TOMATO"": 4, ""SELL:WHEAT"": 1108, ""SELL:WOOL"": 300}",197,68,12406.0,0,182.44117647058823,536,221,36857.0,0,166.7737556561086,543,184,36018.0,0,195.75,300,100,24220.0,0,242.2,-4462.0,1030.0,lucien_de_rubempre
90133507,1595153933,1,control_v012,standard_converged,132905.0,136234.0,-3329.0,loss,1,2.6779085419984767,719,0,0,0.009125,0.04429580000000001,0.07534112000000001,0.214208,"{""BUILD_PASTURE"": 14, ""CARE"": 308, ""COLLECT_FERTILIZER"": 318, ""DIG"": 25, ""DROP"": 80, ""EAST"": 857, ""FEED"": 319, ""FERTILIZE"": 107, ""HARVEST"": 338, ""NORTH"": 1236, ""PASS"": 377, ""PICKUP"": 339, ""PLACE"": 27, ""PLANT"": 131, ""SOUTH"": 929, ""WATER"": 851, ""WEST"": 1098}","{""BUY_ANIMAL"": 14, ""BUY_LAND"": 2, ""BUY_PRODUCT"": 279, ""BUY_SEED"": 54, ""HIRE"": 306, ""SELL"": 481}","{""BUY_ANIMAL:COW"": 8, ""BUY_ANIMAL:SHEEP"": 6, ""BUY_PRODUCT:WHEAT"": 967, ""BUY_SEED:MELON"": 21, ""BUY_SEED:STRAWBERRY"": 44, ""BUY_SEED:WHEAT"": 66, ""SELL:CARROT"": 13, ""SELL:EGG"": 8, ""SELL:FERTILIZER"": 445, ""SELL:MELON"": 224, ""SELL:MILK"": 682, ""SELL:STRAWBERRY"": 636, ""SELL:TOMATO"": 4, ""SELL:WHEAT"": 1108, ""SELL:WOOL"": 373}",224,68,13606.0,0,200.08823529411765,636,216,25363.0,12,117.42129629629629,682,183,35327.0,0,193.04371584699453,373,100,24197.0,0,241.97,-3329.0,0.0,
90133507,1595153933,1,fixed_mohit,standard_converged,133122.0,136319.0,-3197.0,loss,1,2.6747738330013817,719,0,0,0.011166,0.04820030000000001,0.08001550000000002,0.298167,"{""BUILD_PASTURE"": 14, ""CARE"": 308, ""COLLECT_FERTILIZER"": 318, ""DIG"": 25, ""DROP"": 80, ""EAST"": 857, ""FEED"": 319, ""FERTILIZE"": 107, ""HARVEST"": 338, ""NORTH"": 1236, ""PASS"": 377, ""PICKUP"": 339, ""PLACE"": 27, ""PLANT"": 131, ""SOUTH"": 929, ""WATER"": 851, ""WEST"": 1098}","{""BUY_ANIMAL"": 14, ""BUY_LAND"": 2, ""BUY_PRODUCT"": 279, ""BUY_SEED"": 54, ""HIRE"": 306, ""SELL"": 469}","{""BUY_ANIMAL:COW"": 8, ""BUY_ANIMAL:SHEEP"": 6, ""BUY_PRODUCT:WHEAT"": 967, ""BUY_SEED:MELON"": 21, ""BUY_SEED:STRAWBERRY"": 44, ""BUY_SEED:WHEAT"": 66, ""SELL:CARROT"": 13, ""SELL:EGG"": 8, ""SELL:FERTILIZER"": 445, ""SELL:MELON"": 216, ""SELL:MILK"": 642, ""SELL:STRAWBERRY"": 609, ""SELL:TOMATO"": 4, ""SELL:WHEAT"": 1108, ""SELL:WOOL"": 349}",216,68,13606.0,0,200.08823529411765,609,216,25367.0,12,117.43981481481481,642,184,35749.0,0,194.28804347826087,349,100,24198.0,0,241.98,-3329.0,132.0,mohit
90133507,1595153933,1,fixed_automatylicza,standard_converged,132905.0,136234.0,-3329.0,loss,1,2.685362082993379,719,0,0,0.010792,0.04768330000000001,0.07993988000000002,0.238375,"{""BUILD_PASTURE"": 14, ""CARE"": 308, ""COLLECT_FERTILIZER"": 318, ""DIG"": 25, ""DROP"": 80, ""EAST"": 857, ""FEED"": 319, ""FERTILIZE"": 107, ""HARVEST"": 338, ""NORTH"": 1236, ""PASS"": 377, ""PICKUP"": 339, ""PLACE"": 27, ""PLANT"": 131, ""SOUTH"": 929, ""WATER"": 851, ""WEST"": 1098}","{""BUY_ANIMAL"": 14, ""BUY_LAND"": 2, ""BUY_PRODUCT"": 279, ""BUY_SEED"": 54, ""HIRE"": 306, ""SELL"": 481}","{""BUY_ANIMAL:COW"": 8, ""BUY_ANIMAL:SHEEP"": 6, ""BUY_PRODUCT:WHEAT"": 967, ""BUY_SEED:MELON"": 21, ""BUY_SEED:STRAWBERRY"": 44, ""BUY_SEED:WHEAT"": 66, ""SELL:CARROT"": 13, ""SELL:EGG"": 8, ""SELL:FERTILIZER"": 445, ""SELL:MELON"": 224, ""SELL:MILK"": 682, ""SELL:STRAWBERRY"": 636, ""SELL:TOMATO"": 4, ""SELL:WHEAT"": 1108, ""SELL:WOOL"": 373}",224,68,13606.0,0,200.08823529411765,636,216,25363.0,12,117.42129629629629,682,183,35327.0,0,193.04371584699453,373,100,24197.0,0,241.97,-3329.0,0.0,automatylicza
90133507,1595153933,1,fixed_manual_player,standard_converged,133107.0,136160.0,-3053.0,loss,1,2.6823206249973737,719,0,0,0.010917,0.046728600000000016,0.07870118000000004,0.10325,"{""BUILD_PASTURE"": 14, ""CARE"": 308, ""COLLECT_FERTILIZER"": 318, ""DIG"": 25, ""DROP"": 80, ""EAST"": 857, ""FEED"": 319, ""FERTILIZE"": 107, ""HARVEST"": 338, ""NORTH"": 1236, ""PASS"": 377, ""PICKUP"": 339, ""PLACE"": 27, ""PLANT"": 131, ""SOUTH"": 929, ""WATER"": 851, ""WEST"": 1098}","{""BUY_ANIMAL"": 14, ""BUY_LAND"": 2, ""BUY_PRODUCT"": 279, ""BUY_SEED"": 54, ""HIRE"": 306, ""SELL"": 440}","{""BUY_ANIMAL:COW"": 8, ""BUY_ANIMAL:SHEEP"": 6, ""BUY_PRODUCT:WHEAT"": 967, ""BUY_SEED:MELON"": 21, ""BUY_SEED:STRAWBERRY"": 44, ""BUY_SEED:WHEAT"": 66, ""SELL:CARROT"": 13, ""SELL:EGG"": 8, ""SELL:FERTILIZER"": 445, ""SELL:MELON"": 215, ""SELL:MILK"": 560, ""SELL:STRAWBERRY"": 550, ""SELL:TOMATO"": 4, ""SELL:WHEAT"": 1108, ""SELL:WOOL"": 323}",215,68,13568.0,0,199.52941176470588,550,216,25345.0,10,117.33796296296296,560,186,36195.0,0,194.59677419354838,323,100,24202.0,0,242.02,-3329.0,276.0,manual_player
90133507,1595153933,1,fixed_navazsh_fathi,standard_converged,133689.0,136562.0,-2873.0,loss,1,2.675831250002375,719,0,0,0.011042,0.04736280000000001,0.07711006,0.286834,"{""BUILD_PASTURE"": 14, ""CARE"": 308, ""COLLECT_FERTILIZER"": 318, ""DIG"": 25, ""DROP"": 80, ""EAST"": 857, ""FEED"": 319, ""FERTILIZE"": 107, ""HARVEST"": 338, ""NORTH"": 1236, ""PASS"": 377, ""PICKUP"": 339, ""PLACE"": 27, ""PLANT"": 131, ""SOUTH"": 929, ""WATER"": 851, ""WEST"": 1098}","{""BUY_ANIMAL"": 14, ""BUY_LAND"": 2, ""BUY_PRODUCT"": 279, ""BUY_SEED"": 54, ""HIRE"": 306, ""SELL"": 377}","{""BUY_ANIMAL:COW"": 8, ""BUY_ANIMAL:SHEEP"": 6, ""BUY_PRODUCT:WHEAT"": 967, ""BUY_SEED:MELON"": 21, ""BUY_SEED:STRAWBERRY"": 44, ""BUY_SEED:WHEAT"": 66, ""SELL:CARROT"": 13, ""SELL:EGG"": 8, ""SELL:FERTILIZER"": 406, ""SELL:MELON"": 182, ""SELL:MILK"": 413, ""SELL:STRAWBERRY"": 390, ""SELL:TOMATO"": 4, ""SELL:WHEAT"": 1108, ""SELL:WOOL"": 251}",182,68,13607.0,0,200.10294117647058,390,223,25530.0,11,114.48430493273543,413,186,36972.0,0,198.7741935483871,251,100,24244.0,0,242.44,-3329.0,456.0,navazsh_fathi
90133507,1595153933,1,fixed_lucien_de_rubempre,standard_converged,132919.0,136459.0,-3540.0,loss,1,2.677022374991793,719,0,0,0.010958,0.04769560000000008,0.08182306000000014,0.208708,"{""BUILD_PASTURE"": 14, ""CARE"": 308, ""COLLECT_FERTILIZER"": 318, ""DIG"": 25, ""DROP"": 80, ""EAST"": 857, ""FEED"": 319, ""FERTILIZE"": 107, ""HARVEST"": 338, ""NORTH"": 1236, ""PASS"": 377, ""PICKUP"": 339, ""PLACE"": 27, ""PLANT"": 131, ""SOUTH"": 929, ""WATER"": 851, ""WEST"": 1098}","{""BUY_ANIMAL"": 14, ""BUY_LAND"": 2, ""BUY_PRODUCT"": 279, ""BUY_SEED"": 54, ""HIRE"": 306, ""SELL"": 418}","{""BUY_ANIMAL:COW"": 8, ""BUY_ANIMAL:SHEEP"": 6, ""BUY_PRODUCT:WHEAT"": 967, ""BUY_SEED:MELON"": 21, ""BUY_SEED:STRAWBERRY"": 44, ""BUY_SEED:WHEAT"": 66, ""SELL:CARROT"": 13, ""SELL:EGG"": 8, ""SELL:FERTILIZER"": 406, ""SELL:MELON"": 197, ""SELL:MILK"": 543, ""SELL:STRAWBERRY"": 536, ""SELL:TOMATO"": 4, ""SELL:WHEAT"": 1108, ""SELL:WOOL"": 300}",197,68,13607.0,0,200.10294117647058,536,221,24967.0,11,112.97285067873302,543,184,36028.0,0,195.80434782608697,300,100,24219.0,0,242.19,-3329.0,-211.0,lucien_de_rubempre
90133550,2093769810,0,control_v012,standard_converged,116306.0,121721.0,-5415.0,loss,1,2.6793894169968553,719,0,0,0.00925,0.04847560000000001,0.07862750000000006,0.303333,"{""BUILD_PASTURE"": 14, ""CARE"": 308, ""COLLECT_FERTILIZER"": 318, ""DIG"": 25, ""DROP"": 80, ""EAST"": 857, ""FEED"": 319, ""FERTILIZE"": 107, ""HARVEST"": 338, ""NORTH"": 1236, ""PASS"": 377, ""PICKUP"": 339, ""PLACE"": 27, ""PLANT"": 131, ""SOUTH"": 929, ""WATER"": 851, ""WEST"": 1098}","{""BUY_ANIMAL"": 14, ""BUY_LAND"": 2, ""BUY_PRODUCT"": 279, ""BUY_SEED"": 54, ""HIRE"": 306, ""SELL"": 481}","{""BUY_ANIMAL:COW"": 8, ""BUY_ANIMAL:SHEEP"": 6, ""BUY_PRODUCT:WHEAT"": 967, ""BUY_SEED:MELON"": 21, ""BUY_SEED:STRAWBERRY"": 44, ""BUY_SEED:WHEAT"": 66, ""SELL:CARROT"": 13, ""SELL:EGG"": 8, ""SELL:FERTILIZER"": 445, ""SELL:MELON"": 224, ""SELL:MILK"": 682, ""SELL:STRAWBERRY"": 636, ""SELL:TOMATO"": 4, ""SELL:WHEAT"": 1108, ""SELL:WOOL"": 373}",224,68,13583.0,0,199.75,636,216,37039.0,0,171.47685185185185,682,183,9208.0,24,50.31693989071038,373,100,24201.0,0,242.01,-5415.0,0.0,
90133550,2093769810,0,fixed_mohit,standard_converged,116049.0,121630.0,-5581.0,loss,1,2.6793654169887304,719,0,0,0.011417,0.053749700000000004,0.08281262000000006,0.259917,"{""BUILD_PASTURE"": 14, ""CARE"": 308, ""COLLECT_FERTILIZER"": 318, ""DIG"": 25, ""DROP"": 80, ""EAST"": 857, ""FEED"": 319, ""FERTILIZE"": 107, ""HARVEST"": 338, ""NORTH"": 1236, ""PASS"": 377, ""PICKUP"": 339, ""PLACE"": 27, ""PLANT"": 131, ""SOUTH"": 929, ""WATER"": 851, ""WEST"": 1098}","{""BUY_ANIMAL"": 14, ""BUY_LAND"": 2, ""BUY_PRODUCT"": 279, ""BUY_SEED"": 54, ""HIRE"": 306, ""SELL"": 469}","{""BUY_ANIMAL:COW"": 8, ""BUY_ANIMAL:SHEEP"": 6, ""BUY_PRODUCT:WHEAT"": 967, ""BUY_SEED:MELON"": 21, ""BUY_SEED:STRAWBERRY"": 44, ""BUY_SEED:WHEAT"": 66, ""SELL:CARROT"": 13, ""SELL:EGG"": 8, ""SELL:FERTILIZER"": 445, ""SELL:MELON"": 216, ""SELL:MILK"": 642, ""SELL:STRAWBERRY"": 609, ""SELL:TOMATO"": 4, ""SELL:WHEAT"": 1108, ""SELL:WOOL"": 349}",216,68,13583.0,0,199.75,609,216,37042.0,0,171.49074074074073,642,184,8973.0,24,48.766304347826086,349,100,24202.0,0,242.02,-5415.0,-166.0,mohit
90133550,2093769810,0,fixed_automatylicza,standard_converged,116306.0,121721.0,-5415.0,loss,1,2.6833432909916155,719,0,0,0.011,0.05491250000000018,0.08233382,0.273709,"{""BUILD_PASTURE"": 14, ""CARE"": 308, ""COLLECT_FERTILIZER"": 318, ""DIG"": 25, ""DROP"": 80, ""EAST"": 857, ""FEED"": 319, ""FERTILIZE"": 107, ""HARVEST"": 338, ""NORTH"": 1236, ""PASS"": 377, ""PICKUP"": 339, ""PLACE"": 27, ""PLANT"": 131, ""SOUTH"": 929, ""WATER"": 851, ""WEST"": 1098}","{""BUY_ANIMAL"": 14, ""BUY_LAND"": 2, ""BUY_PRODUCT"": 279, ""BUY_SEED"": 54, ""HIRE"": 306, ""SELL"": 481}","{""BUY_ANIMAL:COW"": 8, ""BUY_ANIMAL:SHEEP"": 6, ""BUY_PRODUCT:WHEAT"": 967, ""BUY_SEED:MELON"": 21, ""BUY_SEED:STRAWBERRY"": 44, ""BUY_SEED:WHEAT"": 66, ""SELL:CARROT"": 13, ""SELL:EGG"": 8, ""SELL:FERTILIZER"": 445, ""SELL:MELON"": 224, ""SELL:MILK"": 682, ""SELL:STRAWBERRY"": 636, ""SELL:TOMATO"": 4, ""SELL:WHEAT"": 1108, ""SELL:WOOL"": 373}",224,68,13583.0,0,199.75,636,216,37039.0,0,171.47685185185185,682,183,9208.0,24,50.31693989071038,373,100,24201.0,0,242.01,-5415.0,0.0,automatylicza
90133550,2093769810,0,fixed_manual_player,standard_converged,116264.0,121752.0,-5488.0,loss,1,2.6785166670015315,719,0,0,0.011083,0.052128900000000006,0.07840862,0.196083,"{""BUILD_PASTURE"": 14, ""CARE"": 308, ""COLLECT_FERTILIZER"": 318, ""DIG"": 25, ""DROP"": 80, ""EAST"": 857, ""FEED"": 319, ""FERTILIZE"": 107, ""HARVEST"": 338, ""NORTH"": 1236, ""PASS"": 377, ""PICKUP"": 339, ""PLACE"": 27, ""PLANT"": 131, ""SOUTH"": 929, ""WATER"": 851, ""WEST"": 1098}","{""BUY_ANIMAL"": 14, ""BUY_LAND"": 2, ""BUY_PRODUCT"": 279, ""BUY_SEED"": 54, ""HIRE"": 306, ""SELL"": 440}","{""BUY_ANIMAL:COW"": 8, ""BUY_ANIMAL:SHEEP"": 6, ""BUY_PRODUCT:WHEAT"": 967, ""BUY_SEED:MELON"": 21, ""BUY_SEED:STRAWBERRY"": 44, ""BUY_SEED:WHEAT"": 66, ""SELL:CARROT"": 13, ""SELL:EGG"": 8, ""SELL:FERTILIZER"": 445, ""SELL:MELON"": 215, ""SELL:MILK"": 560, ""SELL:STRAWBERRY"": 550, ""SELL:TOMATO"": 4, ""SELL:WHEAT"": 1108, ""SELL:WOOL"": 323}",215,68,13545.0,0,199.19117647058823,550,216,37330.0,0,172.82407407407408,560,186,9274.0,23,49.86021505376344,323,100,24203.0,0,242.03,-5415.0,-73.0,manual_player
90133550,2093769810,0,fixed_navazsh_fathi,standard_converged,117091.0,120904.0,-3813.0,loss,1,2.6755977920111036,719,0,0,0.011084,0.05012910000000006,0.08437256000000035,0.196042,"{""BUILD_PASTURE"": 14, ""CARE"": 308, ""COLLECT_FERTILIZER"": 318, ""DIG"": 25, ""DROP"": 80, ""EAST"": 857, ""FEED"": 319, ""FERTILIZE"": 107, ""HARVEST"": 338, ""NORTH"": 1236, ""PASS"": 377, ""PICKUP"": 339, ""PLACE"": 27, ""PLANT"": 131, ""SOUTH"": 929, ""WATER"": 851, ""WEST"": 1098}","{""BUY_ANIMAL"": 14, ""BUY_LAND"": 2, ""BUY_PRODUCT"": 279, ""BUY_SEED"": 54, ""HIRE"": 306, ""SELL"": 377}","{""BUY_ANIMAL:COW"": 8, ""BUY_ANIMAL:SHEEP"": 6, ""BUY_PRODUCT:WHEAT"": 967, ""BUY_SEED:MELON"": 21, ""BUY_SEED:STRAWBERRY"": 44, ""BUY_SEED:WHEAT"": 66, ""SELL:CARROT"": 13, ""SELL:EGG"": 8, ""SELL:FERTILIZER"": 406, ""SELL:MELON"": 182, ""SELL:MILK"": 413, ""SELL:STRAWBERRY"": 390, ""SELL:TOMATO"": 4, ""SELL:WHEAT"": 1108, ""SELL:WOOL"": 251}",182,68,13585.0,0,199.77941176470588,390,223,38483.0,0,172.5695067264574,413,186,9381.0,19,50.435483870967744,251,100,24244.0,0,242.44,-5415.0,1602.0,navazsh_fathi
90133550,2093769810,0,fixed_lucien_de_rubempre,standard_converged,116655.0,121253.0,-4598.0,loss,1,2.680704999991576,719,0,0,0.011083,0.04992860000000003,0.07963694,0.292833,"{""BUILD_PASTURE"": 14, ""CARE"": 308, ""COLLECT_FERTILIZER"": 318, ""DIG"": 25, ""DROP"": 80, ""EAST"": 857, ""FEED"": 319, ""FERTILIZE"": 107, ""HARVEST"": 338, ""NORTH"": 1236, ""PASS"": 377, ""PICKUP"": 339, ""PLACE"": 27, ""PLANT"": 131, ""SOUTH"": 929, ""WATER"": 851, ""WEST"": 1098}","{""BUY_ANIMAL"": 14, ""BUY_LAND"": 2, ""BUY_PRODUCT"": 279, ""BUY_SEED"": 54, ""HIRE"": 306, ""SELL"": 418}","{""BUY_ANIMAL:COW"": 8, ""BUY_ANIMAL:SHEEP"": 6, ""BUY_PRODUCT:WHEAT"": 967, ""BUY_SEED:MELON"": 21, ""BUY_SEED:STRAWBERRY"": 44, ""BUY_SEED:WHEAT"": 66, ""SELL:CARROT"": 13, ""SELL:EGG"": 8, ""SELL:FERTILIZER"": 406, ""SELL:MELON"": 197, ""SELL:MILK"": 543, ""SELL:STRAWBERRY"": 536, ""SELL:TOMATO"": 4, ""SELL:WHEAT"": 1108, ""SELL:WOOL"": 300}",197,68,13585.0,0,199.77941176470588,536,221,37344.0,0,168.97737556561086,543,184,9341.0,22,50.766304347826086,300,100,24220.0,0,242.2,-5415.0,817.0,lucien_de_rubempre
90133550,2093769810,1,control_v012,standard_converged,116000.0,122027.0,-6027.0,loss,1,2.6803005000110716,719,0,0,0.009042,0.0449378,0.0781445,0.285125,"{""BUILD_PASTURE"": 14, ""CARE"": 308, ""COLLECT_FERTILIZER"": 318, ""DIG"": 25, ""DROP"": 80, ""EAST"": 857, ""FEED"": 319, ""FERTILIZE"": 107, ""HARVEST"": 338, ""NORTH"": 1236, ""PASS"": 377, ""PICKUP"": 339, ""PLACE"": 27, ""PLANT"": 131, ""SOUTH"": 929, ""WATER"": 851, ""WEST"": 1098}","{""BUY_ANIMAL"": 14, ""BUY_LAND"": 2, ""BUY_PRODUCT"": 279, ""BUY_SEED"": 54, ""HIRE"": 306, ""SELL"": 481}","{""BUY_ANIMAL:COW"": 8, ""BUY_ANIMAL:SHEEP"": 6, ""BUY_PRODUCT:WHEAT"": 967, ""BUY_SEED:MELON"": 21, ""BUY_SEED:STRAWBERRY"": 44, ""BUY_SEED:WHEAT"": 66, ""SELL:CARROT"": 13, ""SELL:EGG"": 8, ""SELL:FERTILIZER"": 445, ""SELL:MELON"": 224, ""SELL:MILK"": 682, ""SELL:STRAWBERRY"": 636, ""SELL:TOMATO"": 4, ""SELL:WHEAT"": 1108, ""SELL:WOOL"": 373}",224,68,13583.0,0,199.75,636,216,37039.0,0,171.47685185185185,682,183,9208.0,24,50.31693989071038,373,100,24201.0,0,242.01,-6027.0,0.0,
90133550,2093769810,1,fixed_mohit,standard_converged,115743.0,121936.0,-6193.0,loss,1,2.682014917008928,719,0,0,0.011292,0.04696280000000001,0.07928800000000001,0.288084,"{""BUILD_PASTURE"": 14, ""CARE"": 308, ""COLLECT_FERTILIZER"": 318, ""DIG"": 25, ""DROP"": 80, ""EAST"": 857, ""FEED"": 319, ""FERTILIZE"": 107, ""HARVEST"": 338, ""NORTH"": 1236, ""PASS"": 377, ""PICKUP"": 339, ""PLACE"": 27, ""PLANT"": 131, ""SOUTH"": 929, ""WATER"": 851, ""WEST"": 1098}","{""BUY_ANIMAL"": 14, ""BUY_LAND"": 2, ""BUY_PRODUCT"": 279, ""BUY_SEED"": 54, ""HIRE"": 306, ""SELL"": 469}","{""BUY_ANIMAL:COW"": 8, ""BUY_ANIMAL:SHEEP"": 6, ""BUY_PRODUCT:WHEAT"": 967, ""BUY_SEED:MELON"": 21, ""BUY_SEED:STRAWBERRY"": 44, ""BUY_SEED:WHEAT"": 66, ""SELL:CARROT"": 13, ""SELL:EGG"": 8, ""SELL:FERTILIZER"": 445, ""SELL:MELON"": 216, ""SELL:MILK"": 642, ""SELL:STRAWBERRY"": 609, ""SELL:TOMATO"": 4, ""SELL:WHEAT"": 1108, ""SELL:WOOL"": 349}",216,68,13583.0,0,199.75,609,216,37042.0,0,171.49074074074073,642,184,8973.0,24,48.766304347826086,349,100,24202.0,0,242.02,-6027.0,-166.0,mohit
90133550,2093769810,1,fixed_automatylicza,standard_converged,116000.0,122027.0,-6027.0,loss,1,2.6819484580046264,719,0,0,0.010833,0.0481786,0.07818994000000012,0.246458,"{""BUILD_PASTURE"": 14, ""CARE"": 308, ""COLLECT_FERTILIZER"": 318, ""DIG"": 25, ""DROP"": 80, ""EAST"": 857, ""FEED"": 319, ""FERTILIZE"": 107, ""HARVEST"": 338, ""NORTH"": 1236, ""PASS"": 377, ""PICKUP"": 339, ""PLACE"": 27, ""PLANT"": 131, ""SOUTH"": 929, ""WATER"": 851, ""WEST"": 1098}","{""BUY_ANIMAL"": 14, ""BUY_LAND"": 2, ""BUY_PRODUCT"": 279, ""BUY_SEED"": 54, ""HIRE"": 306, ""SELL"": 481}","{""BUY_ANIMAL:COW"": 8, ""BUY_ANIMAL:SHEEP"": 6, ""BUY_PRODUCT:WHEAT"": 967, ""BUY_SEED:MELON"": 21, ""BUY_SEED:STRAWBERRY"": 44, ""BUY_SEED:WHEAT"": 66, ""SELL:CARROT"": 13, ""SELL:EGG"": 8, ""SELL:FERTILIZER"": 445, ""SELL:MELON"": 224, ""SELL:MILK"": 682, ""SELL:STRAWBERRY"": 636, ""SELL:TOMATO"": 4, ""SELL:WHEAT"": 1108, ""SELL:WOOL"": 373}",224,68,13583.0,0,199.75,636,216,37039.0,0,171.47685185185185,682,183,9208.0,24,50.31693989071038,373,100,24201.0,0,242.01,-6027.0,0.0,automatylicza
90133550,2093769810,1,fixed_manual_player,standard_converged,115958.0,122058.0,-6100.0,loss,1,2.6835188749973895,719,0,0,0.011375,0.04880420000000004,0.081208,0.2805,"{""BUILD_PASTURE"": 14, ""CARE"": 308, ""COLLECT_FERTILIZER"": 318, ""DIG"": 25, ""DROP"": 80, ""EAST"": 857, ""FEED"": 319, ""FERTILIZE"": 107, ""HARVEST"": 338, ""NORTH"": 1236, ""PASS"": 377, ""PICKUP"": 339, ""PLACE"": 27, ""PLANT"": 131, ""SOUTH"": 929, ""WATER"": 851, ""WEST"": 1098}","{""BUY_ANIMAL"": 14, ""BUY_LAND"": 2, ""BUY_PRODUCT"": 279, ""BUY_SEED"": 54, ""HIRE"": 306, ""SELL"": 440}","{""BUY_ANIMAL:COW"": 8, ""BUY_ANIMAL:SHEEP"": 6, ""BUY_PRODUCT:WHEAT"": 967, ""BUY_SEED:MELON"": 21, ""BUY_SEED:STRAWBERRY"": 44, ""BUY_SEED:WHEAT"": 66, ""SELL:CARROT"": 13, ""SELL:EGG"": 8, ""SELL:FERTILIZER"": 445, ""SELL:MELON"": 215, ""SELL:MILK"": 560, ""SELL:STRAWBERRY"": 550, ""SELL:TOMATO"": 4, ""SELL:WHEAT"": 1108, ""SELL:WOOL"": 323}",215,68,13545.0,0,199.19117647058823,550,216,37330.0,0,172.82407407407408,560,186,9274.0,23,49.86021505376344,323,100,24203.0,0,242.03,-6027.0,-73.0,manual_player
90133550,2093769810,1,fixed_navazsh_fathi,standard_converged,116785.0,121210.0,-4425.0,loss,1,2.6853035419917433,719,0,0,0.011333,0.047337199999999996,0.07921694000000003,0.274666,"{""BUILD_PASTURE"": 14, ""CARE"": 308, ""COLLECT_FERTILIZER"": 318, ""DIG"": 25, ""DROP"": 80, ""EAST"": 857, ""FEED"": 319, ""FERTILIZE"": 107, ""HARVEST"": 338, ""NORTH"": 1236, ""PASS"": 377, ""PICKUP"": 339, ""PLACE"": 27, ""PLANT"": 131, ""SOUTH"": 929, ""WATER"": 851, ""WEST"": 1098}","{""BUY_ANIMAL"": 14, ""BUY_LAND"": 2, ""BUY_PRODUCT"": 279, ""BUY_SEED"": 54, ""HIRE"": 306, ""SELL"": 377}","{""BUY_ANIMAL:COW"": 8, ""BUY_ANIMAL:SHEEP"": 6, ""BUY_PRODUCT:WHEAT"": 967, ""BUY_SEED:MELON"": 21, ""BUY_SEED:STRAWBERRY"": 44, ""BUY_SEED:WHEAT"": 66, ""SELL:CARROT"": 13, ""SELL:EGG"": 8, ""SELL:FERTILIZER"": 406, ""SELL:MELON"": 182, ""SELL:MILK"": 413, ""SELL:STRAWBERRY"": 390, ""SELL:TOMATO"": 4, ""SELL:WHEAT"": 1108, ""SELL:WOOL"": 251}",182,68,13585.0,0,199.77941176470588,390,223,38483.0,0,172.5695067264574,413,186,9381.0,19,50.435483870967744,251,100,24244.0,0,242.44,-6027.0,1602.0,navazsh_fathi
90133550,2093769810,1,fixed_lucien_de_rubempre,standard_converged,116349.0,121559.0,-5210.0,loss,1,2.678092000001925,719,0,0,0.011125,0.04647880000000001,0.07786744000000001,0.105041,"{""BUILD_PASTURE"": 14, ""CARE"": 308, ""COLLECT_FERTILIZER"": 318, ""DIG"": 25, ""DROP"": 80, ""EAST"": 857, ""FEED"": 319, ""FERTILIZE"": 107, ""HARVEST"": 338, ""NORTH"": 1236, ""PASS"": 377, ""PICKUP"": 339, ""PLACE"": 27, ""PLANT"": 131, ""SOUTH"": 929, ""WATER"": 851, ""WEST"": 1098}","{""BUY_ANIMAL"": 14, ""BUY_LAND"": 2, ""BUY_PRODUCT"": 279, ""BUY_SEED"": 54, ""HIRE"": 306, ""SELL"": 418}","{""BUY_ANIMAL:COW"": 8, ""BUY_ANIMAL:SHEEP"": 6, ""BUY_PRODUCT:WHEAT"": 967, ""BUY_SEED:MELON"": 21, ""BUY_SEED:STRAWBERRY"": 44, ""BUY_SEED:WHEAT"": 66, ""SELL:CARROT"": 13, ""SELL:EGG"": 8, ""SELL:FERTILIZER"": 406, ""SELL:MELON"": 197, ""SELL:MILK"": 543, ""SELL:STRAWBERRY"": 536, ""SELL:TOMATO"": 4, ""SELL:WHEAT"": 1108, ""SELL:WOOL"": 300}",197,68,13585.0,0,199.77941176470588,536,221,37344.0,0,168.97737556561086,543,184,9341.0,22,50.766304347826086,300,100,24220.0,0,242.2,-6027.0,817.0,lucien_de_rubempre
