action_diff_calls,action_diff_farmer,action_diff_hands,action_diff_market,actions,calls,candidate,candidate_money,candidate_status,done,errors,guard_market_orders_truncated,guard_sell_orders_checked,guard_sell_orders_clipped,guard_sell_units_clipped,invalid,margin,max_ms,opponent,opponent_money,opponent_status,p50_ms,p95_ms,p99_ms,recovery_abandoned,recovery_catchup_actions,recovery_catchup_releases,recovery_early_releases,recovery_repeat_suppressed,recovery_retry_failures,recovery_retry_success_first,recovery_retry_success_second,recovery_weed_repairs,recovery_weed_retries,result,seat,seed
0,0,0,0,"{'PASS': 812, 'PICKUP': 167, 'WEST': 978, 'NORTH': 904, 'BUILD_PASTURE': 14, 'PLACE': 14, 'PLANT': 158, 'WATER': 922, 'FEED': 314, 'CARE': 322, 'EAST': 740, 'COLLECT_FERTILIZER': 314, 'SOUTH': 638, 'DROP': 106, 'HARVEST': 374, 'FERTILIZE': 80, 'DIG': 43}",719,v22,126289.0,DONE,1,0,,,,,0,0.0,22.977792,v22,126289.0,DONE,0.066167,0.098958,0.229625,,,,,,,,,,,tie,0,17
0,0,0,0,"{'PASS': 812, 'PICKUP': 167, 'WEST': 978, 'NORTH': 904, 'BUILD_PASTURE': 14, 'PLACE': 14, 'PLANT': 158, 'WATER': 922, 'FEED': 314, 'CARE': 322, 'EAST': 740, 'COLLECT_FERTILIZER': 314, 'SOUTH': 638, 'DROP': 106, 'HARVEST': 374, 'FERTILIZE': 80, 'DIG': 43}",719,v22,126289.0,DONE,1,0,,,,,0,0.0,0.218167,v22,126289.0,DONE,0.057625,0.081542,0.109666,,,,,,,,,,,tie,1,17
0,0,0,0,"{'PASS': 812, 'PICKUP': 167, 'WEST': 978, 'NORTH': 904, 'BUILD_PASTURE': 14, 'PLACE': 14, 'PLANT': 158, 'WATER': 922, 'FEED': 314, 'CARE': 322, 'EAST': 740, 'COLLECT_FERTILIZER': 314, 'SOUTH': 638, 'DROP': 106, 'HARVEST': 374, 'FERTILIZE': 80, 'DIG': 43}",719,v22,129589.0,DONE,1,0,,,,,0,0.0,0.309917,v22,129589.0,DONE,0.065625,0.100959,0.219834,,,,,,,,,,,tie,0,42
0,0,0,0,"{'PASS': 812, 'PICKUP': 167, 'WEST': 978, 'NORTH': 904, 'BUILD_PASTURE': 14, 'PLACE': 14, 'PLANT': 158, 'WATER': 922, 'FEED': 314, 'CARE': 322, 'EAST': 740, 'COLLECT_FERTILIZER': 314, 'SOUTH': 638, 'DROP': 106, 'HARVEST': 374, 'FERTILIZE': 80, 'DIG': 43}",719,v22,129589.0,DONE,1,0,,,,,0,0.0,64.378875,v22,129589.0,DONE,0.057958,0.082,0.096584,,,,,,,,,,,tie,1,42
0,0,0,0,"{'PASS': 812, 'PICKUP': 167, 'WEST': 978, 'NORTH': 904, 'BUILD_PASTURE': 14, 'PLACE': 14, 'PLANT': 158, 'WATER': 922, 'FEED': 314, 'CARE': 322, 'EAST': 740, 'COLLECT_FERTILIZER': 313, 'SOUTH': 637, 'DROP': 106, 'HARVEST': 374, 'FERTILIZE': 80, 'DIG': 45}",719,v22,103843.0,DONE,1,0,,,,,0,-36.0,58.68825,v22,103879.0,DONE,0.065583,0.095625,0.209958,,,,,,,,,,,loss,0,2026
0,0,0,0,"{'PASS': 812, 'PICKUP': 167, 'WEST': 978, 'NORTH': 904, 'BUILD_PASTURE': 14, 'PLACE': 14, 'PLANT': 158, 'WATER': 922, 'FEED': 314, 'CARE': 322, 'EAST': 740, 'COLLECT_FERTILIZER': 314, 'SOUTH': 638, 'DROP': 106, 'HARVEST': 374, 'FERTILIZE': 80, 'DIG': 43}",719,v22,103879.0,DONE,1,0,,,,,0,36.0,61.659708,v22,103843.0,DONE,0.058958,0.082125,0.107333,,,,,,,,,,,win,1,2026
0,0,0,0,"{'PASS': 812, 'PICKUP': 167, 'WEST': 978, 'NORTH': 904, 'BUILD_PASTURE': 14, 'PLACE': 14, 'PLANT': 158, 'WATER': 922, 'FEED': 314, 'CARE': 322, 'EAST': 740, 'COLLECT_FERTILIZER': 314, 'SOUTH': 638, 'DROP': 106, 'HARVEST': 374, 'FERTILIZE': 80, 'DIG': 43}",719,v22,106984.0,DONE,1,0,,,,,0,0.0,60.963875,v22,106984.0,DONE,0.066959,0.097167,0.20225,,,,,,,,,,,tie,0,217
0,0,0,0,"{'PASS': 811, 'PICKUP': 167, 'WEST': 978, 'NORTH': 904, 'BUILD_PASTURE': 14, 'PLACE': 14, 'PLANT': 158, 'WATER': 922, 'FEED': 314, 'CARE': 322, 'EAST': 740, 'COLLECT_FERTILIZER': 314, 'SOUTH': 638, 'DROP': 106, 'HARVEST': 374, 'DIG': 44, 'FERTILIZE': 80}",719,v22,106984.0,DONE,1,0,,,,,0,0.0,60.149541,v22,106984.0,DONE,0.0585,0.083208,0.118208,,,,,,,,,,,tie,1,217
0,0,0,0,"{'PASS': 812, 'PICKUP': 167, 'WEST': 978, 'NORTH': 904, 'BUILD_PASTURE': 14, 'PLACE': 14, 'PLANT': 158, 'WATER': 922, 'FEED': 314, 'CARE': 322, 'EAST': 740, 'COLLECT_FERTILIZER': 314, 'SOUTH': 638, 'DROP': 106, 'HARVEST': 374, 'FERTILIZE': 80, 'DIG': 43}",719,v22,116176.0,DONE,1,0,,,,,0,0.0,59.219417,v22,116176.0,DONE,0.066084,0.097333,0.195417,,,,,,,,,,,tie,0,317
0,0,0,0,"{'PASS': 812, 'PICKUP': 167, 'WEST': 978, 'NORTH': 904, 'BUILD_PASTURE': 14, 'PLACE': 14, 'PLANT': 158, 'WATER': 922, 'FEED': 314, 'CARE': 322, 'EAST': 740, 'COLLECT_FERTILIZER': 314, 'SOUTH': 637, 'DROP': 106, 'HARVEST': 374, 'FERTILIZE': 80, 'DIG': 44}",719,v22,116176.0,DONE,1,0,,,,,0,0.0,59.82925,v22,116176.0,DONE,0.058333,0.082,0.107,,,,,,,,,,,tie,1,317
0,0,0,0,"{'PASS': 812, 'PICKUP': 167, 'WEST': 978, 'NORTH': 904, 'BUILD_PASTURE': 14, 'PLACE': 14, 'PLANT': 158, 'WATER': 922, 'FEED': 314, 'CARE': 322, 'EAST': 740, 'COLLECT_FERTILIZER': 314, 'SOUTH': 638, 'DROP': 106, 'HARVEST': 374, 'FERTILIZE': 80, 'DIG': 43}",719,v22,143169.0,DONE,1,0,,,,,0,1005.0,59.636875,v22,142164.0,DONE,0.067084,0.096958,0.20625,,,,,,,,,,,win,0,733
0,0,0,0,"{'PASS': 812, 'PICKUP': 167, 'WEST': 978, 'NORTH': 904, 'BUILD_PASTURE': 14, 'PLACE': 14, 'PLANT': 158, 'WATER': 921, 'FEED': 314, 'CARE': 322, 'EAST': 740, 'COLLECT_FERTILIZER': 314, 'SOUTH': 638, 'DROP': 106, 'HARVEST': 374, 'DIG': 44, 'FERTILIZE': 80}",719,v22,142164.0,DONE,1,0,,,,,0,-1005.0,60.193292,v22,143169.0,DONE,0.059,0.084292,0.138584,,,,,,,,,,,loss,1,733
0,0,0,0,"{'PASS': 812, 'PICKUP': 167, 'WEST': 978, 'NORTH': 904, 'BUILD_PASTURE': 14, 'PLACE': 14, 'PLANT': 158, 'WATER': 922, 'FEED': 314, 'CARE': 322, 'EAST': 740, 'COLLECT_FERTILIZER': 314, 'SOUTH': 638, 'DROP': 106, 'HARVEST': 374, 'FERTILIZE': 80, 'DIG': 43}",719,v22,103823.0,DONE,1,0,,,,,0,12833.0,31.086625,v022c,90990.0,DONE,0.066167,0.096625,0.195709,,,,,,,,,,,win,0,17
0,0,0,0,"{'PASS': 812, 'PICKUP': 167, 'WEST': 978, 'NORTH': 904, 'BUILD_PASTURE': 14, 'PLACE': 14, 'PLANT': 158, 'WATER': 922, 'FEED': 314, 'CARE': 322, 'EAST': 740, 'COLLECT_FERTILIZER': 314, 'SOUTH': 638, 'DROP': 106, 'HARVEST': 374, 'FERTILIZE': 80, 'DIG': 43}",719,v22,103823.0,DONE,1,0,,,,,0,12833.0,0.421292,v022c,90990.0,DONE,0.061,0.08475,0.09375,,,,,,,,,,,win,1,17
0,0,0,0,"{'PASS': 812, 'PICKUP': 167, 'WEST': 978, 'NORTH': 904, 'BUILD_PASTURE': 14, 'PLACE': 14, 'PLANT': 158, 'WATER': 922, 'FEED': 314, 'CARE': 322, 'EAST': 740, 'COLLECT_FERTILIZER': 314, 'SOUTH': 638, 'DROP': 106, 'HARVEST': 374, 'FERTILIZE': 80, 'DIG': 43}",719,v22,77933.0,DONE,1,0,,,,,0,14025.0,0.322375,v022c,63908.0,DONE,0.066125,0.096625,0.1355,,,,,,,,,,,win,0,42
0,0,0,0,"{'PASS': 812, 'PICKUP': 167, 'WEST': 978, 'NORTH': 904, 'BUILD_PASTURE': 14, 'PLACE': 14, 'PLANT': 158, 'WATER': 922, 'FEED': 314, 'CARE': 322, 'EAST': 740, 'COLLECT_FERTILIZER': 314, 'SOUTH': 638, 'DROP': 106, 'HARVEST': 374, 'FERTILIZE': 80, 'DIG': 43}",719,v22,78048.0,DONE,1,0,,,,,0,14485.0,0.284916,v022c,63563.0,DONE,0.061042,0.087334,0.103083,,,,,,,,,,,win,1,42
0,0,0,0,"{'PASS': 812, 'PICKUP': 167, 'WEST': 978, 'NORTH': 904, 'BUILD_PASTURE': 14, 'PLACE': 14, 'PLANT': 158, 'WATER': 922, 'FEED': 314, 'CARE': 322, 'EAST': 740, 'COLLECT_FERTILIZER': 313, 'SOUTH': 637, 'DROP': 106, 'HARVEST': 374, 'FERTILIZE': 80, 'DIG': 45}",719,v22,105511.0,DONE,1,0,,,,,0,14919.0,0.374042,v022c,90592.0,DONE,0.065583,0.095917,0.128542,,,,,,,,,,,win,0,2026
0,0,0,0,"{'PASS': 812, 'PICKUP': 167, 'WEST': 978, 'NORTH': 904, 'BUILD_PASTURE': 14, 'PLACE': 14, 'PLANT': 158, 'WATER': 921, 'FEED': 314, 'CARE': 322, 'EAST': 740, 'COLLECT_FERTILIZER': 314, 'SOUTH': 637, 'DROP': 106, 'HARVEST': 374, 'DIG': 45, 'FERTILIZE': 80}",719,v22,105543.0,DONE,1,0,,,,,0,15229.0,25.808,v022c,90314.0,DONE,0.061,0.086209,0.102042,,,,,,,,,,,win,1,2026
0,0,0,0,"{'PASS': 812, 'PICKUP': 167, 'WEST': 978, 'NORTH': 904, 'BUILD_PASTURE': 14, 'PLACE': 14, 'PLANT': 158, 'WATER': 922, 'FEED': 314, 'CARE': 322, 'EAST': 740, 'COLLECT_FERTILIZER': 314, 'SOUTH': 638, 'DROP': 106, 'HARVEST': 374, 'FERTILIZE': 80, 'DIG': 43}",719,v22,158357.0,DONE,1,0,,,,,0,21762.0,0.305333,v022c,136595.0,DONE,0.065917,0.09625,0.197833,,,,,,,,,,,win,0,217
0,0,0,0,"{'PASS': 811, 'PICKUP': 167, 'WEST': 978, 'NORTH': 904, 'BUILD_PASTURE': 14, 'PLACE': 14, 'PLANT': 158, 'WATER': 922, 'FEED': 314, 'CARE': 322, 'EAST': 740, 'COLLECT_FERTILIZER': 314, 'SOUTH': 638, 'DROP': 106, 'HARVEST': 374, 'FERTILIZE': 80, 'DIG': 44}",719,v22,156406.0,DONE,1,0,,,,,0,21475.0,22.2005,v022c,134931.0,DONE,0.060792,0.088041,0.1055,,,,,,,,,,,win,1,217
0,0,0,0,"{'PASS': 812, 'PICKUP': 167, 'WEST': 978, 'NORTH': 904, 'BUILD_PASTURE': 14, 'PLACE': 14, 'PLANT': 158, 'WATER': 922, 'FEED': 314, 'CARE': 322, 'EAST': 740, 'COLLECT_FERTILIZER': 314, 'SOUTH': 638, 'DROP': 106, 'HARVEST': 374, 'FERTILIZE': 80, 'DIG': 43}",719,v22,96795.0,DONE,1,0,,,,,0,13973.0,23.280541,v022c,82822.0,DONE,0.066791,0.097083,0.118792,,,,,,,,,,,win,0,317
0,0,0,0,"{'PASS': 812, 'PICKUP': 167, 'WEST': 978, 'NORTH': 904, 'BUILD_PASTURE': 14, 'PLACE': 14, 'PLANT': 158, 'WATER': 922, 'FEED': 314, 'CARE': 322, 'EAST': 740, 'COLLECT_FERTILIZER': 314, 'SOUTH': 638, 'DROP': 106, 'HARVEST': 374, 'FERTILIZE': 80, 'DIG': 43}",719,v22,96798.0,DONE,1,0,,,,,0,13838.0,0.525834,v022c,82960.0,DONE,0.061083,0.084833,0.111959,,,,,,,,,,,win,1,317
0,0,0,0,"{'PASS': 812, 'PICKUP': 167, 'WEST': 978, 'NORTH': 904, 'BUILD_PASTURE': 14, 'PLACE': 14, 'PLANT': 158, 'WATER': 922, 'FEED': 314, 'CARE': 322, 'EAST': 740, 'COLLECT_FERTILIZER': 314, 'SOUTH': 638, 'DROP': 106, 'HARVEST': 374, 'FERTILIZE': 80, 'DIG': 43}",719,v22,105557.0,DONE,1,0,,,,,0,15650.0,27.420334,v022c,89907.0,DONE,0.0665,0.094708,0.118167,,,,,,,,,,,win,0,733
0,0,0,0,"{'PASS': 811, 'PICKUP': 167, 'WEST': 978, 'NORTH': 904, 'BUILD_PASTURE': 14, 'PLACE': 14, 'PLANT': 158, 'WATER': 922, 'FEED': 314, 'CARE': 322, 'EAST': 740, 'COLLECT_FERTILIZER': 314, 'SOUTH': 638, 'DROP': 106, 'HARVEST': 374, 'DIG': 44, 'FERTILIZE': 80}",719,v22,105794.0,DONE,1,0,,,,,0,15892.0,0.26025,v022c,89902.0,DONE,0.061792,0.085459,0.106459,,,,,,,,,,,win,1,733
0,0,0,0,"{'PASS': 812, 'PICKUP': 167, 'WEST': 978, 'NORTH': 904, 'BUILD_PASTURE': 14, 'PLACE': 14, 'PLANT': 158, 'WATER': 922, 'FEED': 314, 'CARE': 322, 'EAST': 740, 'COLLECT_FERTILIZER': 314, 'SOUTH': 638, 'DROP': 106, 'HARVEST': 374, 'FERTILIZE': 80, 'DIG': 43}",719,v22,128370.0,DONE,1,0,,,,,0,7394.0,0.228792,v13_r3,120976.0,DONE,0.066875,0.098958,0.125125,,,,,,,,,,,win,0,17
0,0,0,0,"{'PASS': 812, 'PICKUP': 167, 'WEST': 978, 'NORTH': 904, 'BUILD_PASTURE': 14, 'PLACE': 14, 'PLANT': 158, 'WATER': 922, 'FEED': 314, 'CARE': 322, 'EAST': 740, 'COLLECT_FERTILIZER': 314, 'SOUTH': 638, 'DROP': 106, 'HARVEST': 374, 'FERTILIZE': 80, 'DIG': 43}",719,v22,128370.0,DONE,1,0,,,,,0,7394.0,0.169,v13_r3,120976.0,DONE,0.059958,0.084417,0.100667,,,,,,,,,,,win,1,17
0,0,0,0,"{'PASS': 812, 'PICKUP': 167, 'WEST': 978, 'NORTH': 904, 'BUILD_PASTURE': 14, 'PLACE': 14, 'PLANT': 158, 'WATER': 922, 'FEED': 314, 'CARE': 322, 'EAST': 740, 'COLLECT_FERTILIZER': 314, 'SOUTH': 638, 'DROP': 106, 'HARVEST': 374, 'FERTILIZE': 80, 'DIG': 43}",719,v22,132400.0,DONE,1,0,,,,,0,6781.0,0.26625,v13_r3,125619.0,DONE,0.066375,0.100708,0.226167,,,,,,,,,,,win,0,42
0,0,0,0,"{'PASS': 812, 'PICKUP': 167, 'WEST': 978, 'NORTH': 904, 'BUILD_PASTURE': 14, 'PLACE': 14, 'PLANT': 158, 'WATER': 922, 'FEED': 314, 'CARE': 322, 'EAST': 740, 'COLLECT_FERTILIZER': 314, 'SOUTH': 638, 'DROP': 106, 'HARVEST': 374, 'FERTILIZE': 80, 'DIG': 43}",719,v22,132400.0,DONE,1,0,,,,,0,6781.0,0.177208,v13_r3,125619.0,DONE,0.060584,0.089625,0.104,,,,,,,,,,,win,1,42
0,0,0,0,"{'PASS': 812, 'PICKUP': 167, 'WEST': 978, 'NORTH': 904, 'BUILD_PASTURE': 14, 'PLACE': 14, 'PLANT': 158, 'WATER': 922, 'FEED': 314, 'CARE': 322, 'EAST': 740, 'COLLECT_FERTILIZER': 313, 'SOUTH': 637, 'DROP': 106, 'HARVEST': 374, 'FERTILIZE': 80, 'DIG': 45}",719,v22,106788.0,DONE,1,0,,,,,0,7623.0,23.814167,v13_r3,99165.0,DONE,0.067625,0.102042,0.232667,,,,,,,,,,,win,0,2026
0,0,0,0,"{'PASS': 812, 'PICKUP': 167, 'WEST': 978, 'NORTH': 904, 'BUILD_PASTURE': 14, 'PLACE': 14, 'PLANT': 158, 'WATER': 922, 'FEED': 314, 'CARE': 322, 'EAST': 740, 'COLLECT_FERTILIZER': 314, 'SOUTH': 638, 'DROP': 106, 'HARVEST': 374, 'FERTILIZE': 80, 'DIG': 43}",719,v22,106842.0,DONE,1,0,,,,,0,7793.0,0.118333,v13_r3,99049.0,DONE,0.06,0.082709,0.097,,,,,,,,,,,win,1,2026
0,0,0,0,"{'PASS': 812, 'PICKUP': 167, 'WEST': 978, 'NORTH': 904, 'BUILD_PASTURE': 14, 'PLACE': 14, 'PLANT': 158, 'WATER': 922, 'FEED': 314, 'CARE': 322, 'EAST': 740, 'COLLECT_FERTILIZER': 314, 'SOUTH': 638, 'DROP': 106, 'HARVEST': 374, 'FERTILIZE': 80, 'DIG': 43}",719,v22,109930.0,DONE,1,0,,,,,0,7248.0,24.368708,v13_r3,102682.0,DONE,0.067375,0.098667,0.236792,,,,,,,,,,,win,0,217
0,0,0,0,"{'PASS': 811, 'PICKUP': 167, 'WEST': 978, 'NORTH': 904, 'BUILD_PASTURE': 14, 'PLACE': 14, 'PLANT': 158, 'WATER': 922, 'FEED': 314, 'CARE': 322, 'EAST': 740, 'COLLECT_FERTILIZER': 314, 'SOUTH': 638, 'DROP': 106, 'HARVEST': 374, 'DIG': 44, 'FERTILIZE': 80}",719,v22,109930.0,DONE,1,0,,,,,0,7248.0,0.160209,v13_r3,102682.0,DONE,0.060208,0.084291,0.094125,,,,,,,,,,,win,1,217
0,0,0,0,"{'PASS': 812, 'PICKUP': 167, 'WEST': 978, 'NORTH': 904, 'BUILD_PASTURE': 14, 'PLACE': 14, 'PLANT': 158, 'WATER': 922, 'FEED': 314, 'CARE': 322, 'EAST': 740, 'COLLECT_FERTILIZER': 314, 'SOUTH': 638, 'DROP': 106, 'HARVEST': 374, 'FERTILIZE': 80, 'DIG': 43}",719,v22,119621.0,DONE,1,0,,,,,0,8171.0,0.285459,v13_r3,111450.0,DONE,0.066792,0.10075,0.198833,,,,,,,,,,,win,0,317
0,0,0,0,"{'PASS': 812, 'PICKUP': 167, 'WEST': 978, 'NORTH': 904, 'BUILD_PASTURE': 14, 'PLACE': 14, 'PLANT': 158, 'WATER': 922, 'FEED': 314, 'CARE': 322, 'EAST': 740, 'COLLECT_FERTILIZER': 314, 'SOUTH': 637, 'DROP': 106, 'HARVEST': 374, 'FERTILIZE': 80, 'DIG': 44}",719,v22,119618.0,DONE,1,0,,,,,0,7608.0,0.259333,v13_r3,112010.0,DONE,0.06,0.083792,0.093,,,,,,,,,,,win,1,317
0,0,0,0,"{'PASS': 812, 'PICKUP': 167, 'WEST': 978, 'NORTH': 904, 'BUILD_PASTURE': 14, 'PLACE': 14, 'PLANT': 158, 'WATER': 922, 'FEED': 314, 'CARE': 322, 'EAST': 740, 'COLLECT_FERTILIZER': 314, 'SOUTH': 638, 'DROP': 106, 'HARVEST': 374, 'FERTILIZE': 80, 'DIG': 43}",719,v22,146254.0,DONE,1,0,,,,,0,7370.0,27.996125,v13_r3,138884.0,DONE,0.066584,0.098208,0.258125,,,,,,,,,,,win,0,733
0,0,0,0,"{'PASS': 812, 'PICKUP': 167, 'WEST': 978, 'NORTH': 904, 'BUILD_PASTURE': 14, 'PLACE': 14, 'PLANT': 158, 'WATER': 921, 'FEED': 314, 'CARE': 322, 'EAST': 740, 'COLLECT_FERTILIZER': 314, 'SOUTH': 638, 'DROP': 106, 'HARVEST': 374, 'DIG': 44, 'FERTILIZE': 80}",719,v22,145350.0,DONE,1,0,,,,,0,5473.0,0.182667,v13_r3,139877.0,DONE,0.061291,0.083542,0.103,,,,,,,,,,,win,1,733
0,0,0,0,"{'PASS': 812, 'PICKUP': 167, 'WEST': 978, 'NORTH': 904, 'BUILD_PASTURE': 14, 'PLACE': 14, 'PLANT': 158, 'WATER': 922, 'FEED': 314, 'CARE': 322, 'EAST': 740, 'COLLECT_FERTILIZER': 314, 'SOUTH': 638, 'DROP': 106, 'HARVEST': 374, 'FERTILIZE': 80, 'DIG': 43}",719,v22,116208.0,DONE,1,0,,,,,0,14635.0,37.793708,v21_1,101573.0,DONE,0.065792,0.100709,0.217792,,,,,,,,,,,win,0,17
0,0,0,0,"{'PASS': 812, 'PICKUP': 167, 'WEST': 978, 'NORTH': 904, 'BUILD_PASTURE': 14, 'PLACE': 14, 'PLANT': 158, 'WATER': 922, 'FEED': 314, 'CARE': 322, 'EAST': 740, 'COLLECT_FERTILIZER': 314, 'SOUTH': 638, 'DROP': 106, 'HARVEST': 374, 'FERTILIZE': 80, 'DIG': 43}",719,v22,116208.0,DONE,1,0,,,,,0,14635.0,0.195167,v21_1,101573.0,DONE,0.060125,0.084292,0.097916,,,,,,,,,,,win,1,17
0,0,0,0,"{'PASS': 812, 'PICKUP': 167, 'WEST': 978, 'NORTH': 904, 'BUILD_PASTURE': 14, 'PLACE': 14, 'PLANT': 158, 'WATER': 922, 'FEED': 314, 'CARE': 322, 'EAST': 740, 'COLLECT_FERTILIZER': 314, 'SOUTH': 638, 'DROP': 106, 'HARVEST': 374, 'FERTILIZE': 80, 'DIG': 43}",719,v22,133149.0,DONE,1,0,,,,,0,8278.0,0.262417,v21_1,124871.0,DONE,0.066167,0.099166,0.123792,,,,,,,,,,,win,0,42
0,0,0,0,"{'PASS': 812, 'PICKUP': 167, 'WEST': 978, 'NORTH': 904, 'BUILD_PASTURE': 14, 'PLACE': 14, 'PLANT': 158, 'WATER': 922, 'FEED': 314, 'CARE': 322, 'EAST': 740, 'COLLECT_FERTILIZER': 314, 'SOUTH': 638, 'DROP': 106, 'HARVEST': 374, 'FERTILIZE': 80, 'DIG': 43}",719,v22,133149.0,DONE,1,0,,,,,0,8278.0,0.145542,v21_1,124871.0,DONE,0.060167,0.082584,0.093417,,,,,,,,,,,win,1,42
0,0,0,0,"{'PASS': 812, 'PICKUP': 167, 'WEST': 978, 'NORTH': 904, 'BUILD_PASTURE': 14, 'PLACE': 14, 'PLANT': 158, 'WATER': 922, 'FEED': 314, 'CARE': 322, 'EAST': 740, 'COLLECT_FERTILIZER': 313, 'SOUTH': 637, 'DROP': 106, 'HARVEST': 374, 'FERTILIZE': 80, 'DIG': 45}",719,v22,97566.0,DONE,1,0,,,,,0,11196.0,43.890292,v21_1,86370.0,DONE,0.066458,0.1015,0.24025,,,,,,,,,,,win,0,2026
0,0,0,0,"{'PASS': 812, 'PICKUP': 167, 'WEST': 978, 'NORTH': 904, 'BUILD_PASTURE': 14, 'PLACE': 14, 'PLANT': 158, 'WATER': 922, 'FEED': 314, 'CARE': 322, 'EAST': 740, 'COLLECT_FERTILIZER': 314, 'SOUTH': 638, 'DROP': 106, 'HARVEST': 374, 'FERTILIZE': 80, 'DIG': 43}",719,v22,97619.0,DONE,1,0,,,,,0,11281.0,0.45625,v21_1,86338.0,DONE,0.059791,0.082833,0.098,,,,,,,,,,,win,1,2026
0,0,0,0,"{'PASS': 812, 'PICKUP': 167, 'WEST': 978, 'NORTH': 904, 'BUILD_PASTURE': 14, 'PLACE': 14, 'PLANT': 158, 'WATER': 922, 'FEED': 314, 'CARE': 322, 'EAST': 740, 'COLLECT_FERTILIZER': 314, 'SOUTH': 638, 'DROP': 106, 'HARVEST': 374, 'FERTILIZE': 80, 'DIG': 43}",719,v22,110627.0,DONE,1,0,,,,,0,8622.0,42.075209,v21_1,102005.0,DONE,0.067083,0.097167,0.213458,,,,,,,,,,,win,0,217
0,0,0,0,"{'PASS': 811, 'PICKUP': 167, 'WEST': 978, 'NORTH': 904, 'BUILD_PASTURE': 14, 'PLACE': 14, 'PLANT': 158, 'WATER': 922, 'FEED': 314, 'CARE': 322, 'EAST': 740, 'COLLECT_FERTILIZER': 314, 'SOUTH': 638, 'DROP': 106, 'HARVEST': 374, 'DIG': 44, 'FERTILIZE': 80}",719,v22,110627.0,DONE,1,0,,,,,0,8622.0,42.457875,v21_1,102005.0,DONE,0.060583,0.08575,0.100334,,,,,,,,,,,win,1,217
0,0,0,0,"{'PASS': 812, 'PICKUP': 167, 'WEST': 978, 'NORTH': 904, 'BUILD_PASTURE': 14, 'PLACE': 14, 'PLANT': 158, 'WATER': 922, 'FEED': 314, 'CARE': 322, 'EAST': 740, 'COLLECT_FERTILIZER': 314, 'SOUTH': 638, 'DROP': 106, 'HARVEST': 374, 'FERTILIZE': 80, 'DIG': 43}",719,v22,119914.0,DONE,1,0,,,,,0,9209.0,40.678166,v21_1,110705.0,DONE,0.066125,0.100916,0.24,,,,,,,,,,,win,0,317
0,0,0,0,"{'PASS': 812, 'PICKUP': 167, 'WEST': 978, 'NORTH': 904, 'BUILD_PASTURE': 14, 'PLACE': 14, 'PLANT': 158, 'WATER': 922, 'FEED': 314, 'CARE': 322, 'EAST': 740, 'COLLECT_FERTILIZER': 314, 'SOUTH': 637, 'DROP': 106, 'HARVEST': 374, 'FERTILIZE': 80, 'DIG': 44}",719,v22,119914.0,DONE,1,0,,,,,0,9209.0,0.169042,v21_1,110705.0,DONE,0.059583,0.083375,0.094583,,,,,,,,,,,win,1,317
0,0,0,0,"{'PASS': 812, 'PICKUP': 167, 'WEST': 978, 'NORTH': 904, 'BUILD_PASTURE': 14, 'PLACE': 14, 'PLANT': 158, 'WATER': 922, 'FEED': 314, 'CARE': 322, 'EAST': 740, 'COLLECT_FERTILIZER': 314, 'SOUTH': 638, 'DROP': 106, 'HARVEST': 374, 'FERTILIZE': 80, 'DIG': 43}",719,v22,159039.0,DONE,1,0,,,,,0,14247.0,0.266,v21_1,144792.0,DONE,0.066459,0.098625,0.158291,,,,,,,,,,,win,0,733
0,0,0,0,"{'PASS': 811, 'PICKUP': 167, 'WEST': 978, 'NORTH': 904, 'BUILD_PASTURE': 14, 'PLACE': 14, 'PLANT': 158, 'WATER': 922, 'FEED': 314, 'CARE': 322, 'EAST': 740, 'COLLECT_FERTILIZER': 314, 'SOUTH': 638, 'DROP': 106, 'HARVEST': 374, 'DIG': 44, 'FERTILIZE': 80}",719,v22,159039.0,DONE,1,0,,,,,0,14247.0,0.200833,v21_1,144792.0,DONE,0.059958,0.082791,0.098708,,,,,,,,,,,win,1,733
0,0,0,0,"{'PASS': 812, 'PICKUP': 167, 'WEST': 978, 'NORTH': 904, 'BUILD_PASTURE': 14, 'PLACE': 14, 'PLANT': 158, 'WATER': 922, 'FEED': 314, 'CARE': 322, 'EAST': 740, 'COLLECT_FERTILIZER': 314, 'SOUTH': 638, 'DROP': 106, 'HARVEST': 374, 'FERTILIZE': 80, 'DIG': 43}",719,v22,119563.0,DONE,1,0,,,,,0,17220.0,0.260208,v012,102343.0,DONE,0.066375,0.09775,0.133291,,,,,,,,,,,win,0,17
0,0,0,0,"{'PASS': 812, 'PICKUP': 167, 'WEST': 978, 'NORTH': 904, 'BUILD_PASTURE': 14, 'PLACE': 14, 'PLANT': 158, 'WATER': 922, 'FEED': 314, 'CARE': 322, 'EAST': 740, 'COLLECT_FERTILIZER': 314, 'SOUTH': 638, 'DROP': 106, 'HARVEST': 374, 'FERTILIZE': 80, 'DIG': 43}",719,v22,119563.0,DONE,1,0,,,,,0,17220.0,0.314542,v012,102343.0,DONE,0.064416,0.09475,0.142167,,,,,,,,,,,win,1,17
0,0,0,0,"{'PASS': 812, 'PICKUP': 167, 'WEST': 978, 'NORTH': 904, 'BUILD_PASTURE': 14, 'PLACE': 14, 'PLANT': 158, 'WATER': 922, 'FEED': 314, 'CARE': 322, 'EAST': 740, 'COLLECT_FERTILIZER': 314, 'SOUTH': 638, 'DROP': 106, 'HARVEST': 374, 'FERTILIZE': 80, 'DIG': 43}",719,v22,92297.0,DONE,1,0,,,,,0,8015.0,0.243542,v012,84282.0,DONE,0.067083,0.098375,0.119625,,,,,,,,,,,win,0,42
0,0,0,0,"{'PASS': 812, 'PICKUP': 167, 'WEST': 978, 'NORTH': 904, 'BUILD_PASTURE': 14, 'PLACE': 14, 'PLANT': 158, 'WATER': 922, 'FEED': 314, 'CARE': 322, 'EAST': 740, 'COLLECT_FERTILIZER': 314, 'SOUTH': 638, 'DROP': 106, 'HARVEST': 374, 'FERTILIZE': 80, 'DIG': 43}",719,v22,92329.0,DONE,1,0,,,,,0,8141.0,0.273958,v012,84188.0,DONE,0.063917,0.094125,0.116959,,,,,,,,,,,win,1,42
0,0,0,0,"{'PASS': 812, 'PICKUP': 167, 'WEST': 978, 'NORTH': 904, 'BUILD_PASTURE': 14, 'PLACE': 14, 'PLANT': 158, 'WATER': 922, 'FEED': 314, 'CARE': 322, 'EAST': 740, 'COLLECT_FERTILIZER': 313, 'SOUTH': 637, 'DROP': 106, 'HARVEST': 374, 'FERTILIZE': 80, 'DIG': 45}",719,v22,109982.0,DONE,1,0,,,,,0,10389.0,0.463542,v012,99593.0,DONE,0.066959,0.100167,0.192584,,,,,,,,,,,win,0,2026
0,0,0,0,"{'PASS': 811, 'PICKUP': 167, 'WEST': 978, 'NORTH': 904, 'BUILD_PASTURE': 14, 'PLACE': 14, 'PLANT': 158, 'WATER': 922, 'FEED': 314, 'CARE': 322, 'EAST': 740, 'COLLECT_FERTILIZER': 314, 'SOUTH': 638, 'DROP': 106, 'HARVEST': 374, 'DIG': 44, 'FERTILIZE': 80}",719,v22,109989.0,DONE,1,0,,,,,0,10216.0,0.285583,v012,99773.0,DONE,0.06475,0.094208,0.154333,,,,,,,,,,,win,1,2026
0,0,0,0,"{'PASS': 812, 'PICKUP': 167, 'WEST': 978, 'NORTH': 904, 'BUILD_PASTURE': 14, 'PLACE': 14, 'PLANT': 158, 'WATER': 922, 'FEED': 314, 'CARE': 322, 'EAST': 740, 'COLLECT_FERTILIZER': 314, 'SOUTH': 638, 'DROP': 106, 'HARVEST': 374, 'FERTILIZE': 80, 'DIG': 43}",719,v22,172136.0,DONE,1,0,,,,,0,17683.0,0.292959,v012,154453.0,DONE,0.066083,0.099834,0.226292,,,,,,,,,,,win,0,217
0,0,0,0,"{'PASS': 811, 'PICKUP': 167, 'WEST': 978, 'NORTH': 904, 'BUILD_PASTURE': 14, 'PLACE': 14, 'PLANT': 158, 'WATER': 922, 'FEED': 314, 'CARE': 322, 'EAST': 740, 'COLLECT_FERTILIZER': 314, 'SOUTH': 638, 'DROP': 106, 'HARVEST': 374, 'FERTILIZE': 80, 'DIG': 44}",719,v22,174747.0,DONE,1,0,,,,,0,17671.0,0.308334,v012,157076.0,DONE,0.064083,0.094375,0.115208,,,,,,,,,,,win,1,217
0,0,0,0,"{'PASS': 812, 'PICKUP': 167, 'WEST': 978, 'NORTH': 904, 'BUILD_PASTURE': 14, 'PLACE': 14, 'PLANT': 158, 'WATER': 922, 'FEED': 314, 'CARE': 322, 'EAST': 740, 'COLLECT_FERTILIZER': 314, 'SOUTH': 638, 'DROP': 106, 'HARVEST': 374, 'FERTILIZE': 80, 'DIG': 43}",719,v22,102191.0,DONE,1,0,,,,,0,11062.0,49.981375,v012,91129.0,DONE,0.065459,0.0975,0.145084,,,,,,,,,,,win,0,317
0,0,0,0,"{'PASS': 812, 'PICKUP': 167, 'WEST': 978, 'NORTH': 904, 'BUILD_PASTURE': 14, 'PLACE': 14, 'PLANT': 158, 'WATER': 922, 'FEED': 314, 'CARE': 322, 'EAST': 740, 'COLLECT_FERTILIZER': 314, 'SOUTH': 638, 'DROP': 106, 'HARVEST': 374, 'FERTILIZE': 80, 'DIG': 43}",719,v22,102193.0,DONE,1,0,,,,,0,11169.0,0.266625,v012,91024.0,DONE,0.064458,0.095792,0.136833,,,,,,,,,,,win,1,317
0,0,0,0,"{'PASS': 812, 'PICKUP': 167, 'WEST': 978, 'NORTH': 904, 'BUILD_PASTURE': 14, 'PLACE': 14, 'PLANT': 158, 'WATER': 922, 'FEED': 314, 'CARE': 322, 'EAST': 740, 'COLLECT_FERTILIZER': 314, 'SOUTH': 638, 'DROP': 106, 'HARVEST': 374, 'FERTILIZE': 80, 'DIG': 43}",719,v22,130628.0,DONE,1,0,,,,,0,10495.0,42.368792,v012,120133.0,DONE,0.066417,0.09975,0.226708,,,,,,,,,,,win,0,733
0,0,0,0,"{'PASS': 811, 'PICKUP': 167, 'WEST': 978, 'NORTH': 904, 'BUILD_PASTURE': 14, 'PLACE': 14, 'PLANT': 158, 'WATER': 922, 'FEED': 314, 'CARE': 322, 'EAST': 740, 'COLLECT_FERTILIZER': 314, 'SOUTH': 638, 'DROP': 106, 'HARVEST': 374, 'DIG': 44, 'FERTILIZE': 80}",719,v22,130630.0,DONE,1,0,,,,,0,10288.0,0.288666,v012,120342.0,DONE,0.064708,0.094,0.114875,,,,,,,,,,,win,1,733
0,0,0,0,"{'PASS': 812, 'PICKUP': 167, 'WEST': 978, 'NORTH': 904, 'BUILD_PASTURE': 14, 'PLACE': 14, 'PLANT': 158, 'WATER': 922, 'FEED': 314, 'CARE': 322, 'EAST': 740, 'COLLECT_FERTILIZER': 314, 'SOUTH': 638, 'DROP': 106, 'HARVEST': 374, 'FERTILIZE': 80, 'DIG': 43}",719,v22,140023.0,DONE,1,0,,,,,0,18222.0,0.335458,v024a,121801.0,DONE,0.067042,0.101167,0.215,,,,,,,,,,,win,0,17
0,0,0,0,"{'PASS': 812, 'PICKUP': 167, 'WEST': 978, 'NORTH': 904, 'BUILD_PASTURE': 14, 'PLACE': 14, 'PLANT': 158, 'WATER': 922, 'FEED': 314, 'CARE': 322, 'EAST': 740, 'COLLECT_FERTILIZER': 314, 'SOUTH': 638, 'DROP': 106, 'HARVEST': 374, 'FERTILIZE': 80, 'DIG': 43}",719,v22,140023.0,DONE,1,0,,,,,0,18222.0,25.035458,v024a,121801.0,DONE,0.062042,0.08675,0.108209,,,,,,,,,,,win,1,17
0,0,0,0,"{'PASS': 812, 'PICKUP': 167, 'WEST': 978, 'NORTH': 904, 'BUILD_PASTURE': 14, 'PLACE': 14, 'PLANT': 158, 'WATER': 922, 'FEED': 314, 'CARE': 322, 'EAST': 740, 'COLLECT_FERTILIZER': 314, 'SOUTH': 638, 'DROP': 106, 'HARVEST': 374, 'FERTILIZE': 80, 'DIG': 43}",719,v22,142379.0,DONE,1,0,,,,,0,17392.0,0.569625,v024a,124987.0,DONE,0.066666,0.099459,0.225792,,,,,,,,,,,win,0,42
0,0,0,0,"{'PASS': 812, 'PICKUP': 167, 'WEST': 978, 'NORTH': 904, 'BUILD_PASTURE': 14, 'PLACE': 14, 'PLANT': 158, 'WATER': 922, 'FEED': 314, 'CARE': 322, 'EAST': 740, 'COLLECT_FERTILIZER': 314, 'SOUTH': 638, 'DROP': 106, 'HARVEST': 374, 'FERTILIZE': 80, 'DIG': 43}",719,v22,142379.0,DONE,1,0,,,,,0,17392.0,0.30425,v024a,124987.0,DONE,0.062667,0.087541,0.15625,,,,,,,,,,,win,1,42
0,0,0,0,"{'PASS': 812, 'PICKUP': 167, 'WEST': 978, 'NORTH': 904, 'BUILD_PASTURE': 14, 'PLACE': 14, 'PLANT': 158, 'WATER': 922, 'FEED': 314, 'CARE': 322, 'EAST': 740, 'COLLECT_FERTILIZER': 313, 'SOUTH': 637, 'DROP': 106, 'HARVEST': 374, 'FERTILIZE': 80, 'DIG': 45}",719,v22,121246.0,DONE,1,0,,,,,0,18921.0,0.269334,v024a,102325.0,DONE,0.066625,0.100959,0.214875,,,,,,,,,,,win,0,2026
0,0,0,0,"{'PASS': 812, 'PICKUP': 167, 'WEST': 978, 'NORTH': 904, 'BUILD_PASTURE': 14, 'PLACE': 14, 'PLANT': 158, 'WATER': 922, 'FEED': 314, 'CARE': 322, 'EAST': 740, 'COLLECT_FERTILIZER': 314, 'SOUTH': 638, 'DROP': 106, 'HARVEST': 374, 'FERTILIZE': 80, 'DIG': 43}",719,v22,121278.0,DONE,1,0,,,,,0,19185.0,0.387959,v024a,102093.0,DONE,0.062959,0.096791,0.198125,,,,,,,,,,,win,1,2026
0,0,0,0,"{'PASS': 812, 'PICKUP': 167, 'WEST': 978, 'NORTH': 904, 'BUILD_PASTURE': 14, 'PLACE': 14, 'PLANT': 158, 'WATER': 922, 'FEED': 314, 'CARE': 322, 'EAST': 740, 'COLLECT_FERTILIZER': 314, 'SOUTH': 638, 'DROP': 106, 'HARVEST': 374, 'FERTILIZE': 80, 'DIG': 43}",719,v22,122246.0,DONE,1,0,,,,,0,18312.0,0.360959,v024a,103934.0,DONE,0.066959,0.101125,0.230542,,,,,,,,,,,win,0,217
0,0,0,0,"{'PASS': 811, 'PICKUP': 167, 'WEST': 978, 'NORTH': 904, 'BUILD_PASTURE': 14, 'PLACE': 14, 'PLANT': 158, 'WATER': 922, 'FEED': 314, 'CARE': 322, 'EAST': 740, 'COLLECT_FERTILIZER': 314, 'SOUTH': 638, 'DROP': 106, 'HARVEST': 374, 'DIG': 44, 'FERTILIZE': 80}",719,v22,121544.0,DONE,1,0,,,,,0,16808.0,0.283375,v024a,104736.0,DONE,0.06275,0.086791,0.122792,,,,,,,,,,,win,1,217
0,0,0,0,"{'PASS': 812, 'PICKUP': 167, 'WEST': 978, 'NORTH': 904, 'BUILD_PASTURE': 14, 'PLACE': 14, 'PLANT': 158, 'WATER': 922, 'FEED': 314, 'CARE': 322, 'EAST': 740, 'COLLECT_FERTILIZER': 314, 'SOUTH': 638, 'DROP': 106, 'HARVEST': 374, 'FERTILIZE': 80, 'DIG': 43}",719,v22,127763.0,DONE,1,0,,,,,0,18371.0,0.302042,v024a,109392.0,DONE,0.067459,0.099709,0.221083,,,,,,,,,,,win,0,317
0,0,0,0,"{'PASS': 812, 'PICKUP': 167, 'WEST': 978, 'NORTH': 904, 'BUILD_PASTURE': 14, 'PLACE': 14, 'PLANT': 158, 'WATER': 922, 'FEED': 314, 'CARE': 322, 'EAST': 740, 'COLLECT_FERTILIZER': 314, 'SOUTH': 637, 'DROP': 106, 'HARVEST': 374, 'FERTILIZE': 80, 'DIG': 44}",719,v22,127763.0,DONE,1,0,,,,,0,18192.0,0.2715,v024a,109571.0,DONE,0.062291,0.087334,0.108167,,,,,,,,,,,win,1,317
0,0,0,0,"{'PASS': 812, 'PICKUP': 167, 'WEST': 978, 'NORTH': 904, 'BUILD_PASTURE': 14, 'PLACE': 14, 'PLANT': 158, 'WATER': 922, 'FEED': 314, 'CARE': 322, 'EAST': 740, 'COLLECT_FERTILIZER': 314, 'SOUTH': 638, 'DROP': 106, 'HARVEST': 374, 'FERTILIZE': 80, 'DIG': 43}",719,v22,155459.0,DONE,1,0,,,,,0,19737.0,27.680625,v024a,135722.0,DONE,0.067459,0.098625,0.225166,,,,,,,,,,,win,0,733
0,0,0,0,"{'PASS': 812, 'PICKUP': 167, 'WEST': 978, 'NORTH': 904, 'BUILD_PASTURE': 14, 'PLACE': 14, 'PLANT': 158, 'WATER': 921, 'FEED': 314, 'CARE': 322, 'EAST': 740, 'COLLECT_FERTILIZER': 314, 'SOUTH': 638, 'DROP': 106, 'HARVEST': 374, 'DIG': 44, 'FERTILIZE': 80}",719,v22,154486.0,DONE,1,0,,,,,0,17466.0,0.293833,v024a,137020.0,DONE,0.062458,0.08725,0.105417,,,,,,,,,,,win,1,733
0,0,0,0,"{'PASS': 812, 'PICKUP': 167, 'WEST': 978, 'NORTH': 904, 'BUILD_PASTURE': 14, 'PLACE': 14, 'PLANT': 158, 'WATER': 922, 'FEED': 314, 'CARE': 322, 'EAST': 740, 'COLLECT_FERTILIZER': 314, 'SOUTH': 638, 'DROP': 106, 'HARVEST': 374, 'FERTILIZE': 80, 'DIG': 43}",719,v22,141686.0,DONE,1,0,,,,,0,21749.0,0.33875,v025b,119937.0,DONE,0.066917,0.099125,0.223542,,,,,,,,,,,win,0,17
0,0,0,0,"{'PASS': 812, 'PICKUP': 167, 'WEST': 978, 'NORTH': 904, 'BUILD_PASTURE': 14, 'PLACE': 14, 'PLANT': 158, 'WATER': 922, 'FEED': 314, 'CARE': 322, 'EAST': 740, 'COLLECT_FERTILIZER': 314, 'SOUTH': 638, 'DROP': 106, 'HARVEST': 374, 'FERTILIZE': 80, 'DIG': 43}",719,v22,141686.0,DONE,1,0,,,,,0,21749.0,0.264958,v025b,119937.0,DONE,0.06275,0.087333,0.103042,,,,,,,,,,,win,1,17
0,0,0,0,"{'PASS': 812, 'PICKUP': 167, 'WEST': 978, 'NORTH': 904, 'BUILD_PASTURE': 14, 'PLACE': 14, 'PLANT': 158, 'WATER': 922, 'FEED': 314, 'CARE': 322, 'EAST': 740, 'COLLECT_FERTILIZER': 314, 'SOUTH': 638, 'DROP': 106, 'HARVEST': 374, 'FERTILIZE': 80, 'DIG': 43}",719,v22,143874.0,DONE,1,0,,,,,0,20599.0,24.224167,v025b,123275.0,DONE,0.066708,0.100459,0.16675,,,,,,,,,,,win,0,42
0,0,0,0,"{'PASS': 812, 'PICKUP': 167, 'WEST': 978, 'NORTH': 904, 'BUILD_PASTURE': 14, 'PLACE': 14, 'PLANT': 158, 'WATER': 922, 'FEED': 314, 'CARE': 322, 'EAST': 740, 'COLLECT_FERTILIZER': 314, 'SOUTH': 638, 'DROP': 106, 'HARVEST': 374, 'FERTILIZE': 80, 'DIG': 43}",719,v22,143874.0,DONE,1,0,,,,,0,20599.0,0.262542,v025b,123275.0,DONE,0.062583,0.087041,0.1255,,,,,,,,,,,win,1,42
0,0,0,0,"{'PASS': 812, 'PICKUP': 167, 'WEST': 978, 'NORTH': 904, 'BUILD_PASTURE': 14, 'PLACE': 14, 'PLANT': 158, 'WATER': 922, 'FEED': 314, 'CARE': 322, 'EAST': 740, 'COLLECT_FERTILIZER': 313, 'SOUTH': 637, 'DROP': 106, 'HARVEST': 374, 'FERTILIZE': 80, 'DIG': 45}",719,v22,123141.0,DONE,1,0,,,,,0,22983.0,23.869584,v025b,100158.0,DONE,0.06725,0.0995,0.151084,,,,,,,,,,,win,0,2026
0,0,0,0,"{'PASS': 812, 'PICKUP': 167, 'WEST': 978, 'NORTH': 904, 'BUILD_PASTURE': 14, 'PLACE': 14, 'PLANT': 158, 'WATER': 922, 'FEED': 314, 'CARE': 322, 'EAST': 740, 'COLLECT_FERTILIZER': 314, 'SOUTH': 638, 'DROP': 106, 'HARVEST': 374, 'FERTILIZE': 80, 'DIG': 43}",719,v22,123177.0,DONE,1,0,,,,,0,23259.0,0.340958,v025b,99918.0,DONE,0.063542,0.089125,0.136375,,,,,,,,,,,win,1,2026
0,0,0,0,"{'PASS': 812, 'PICKUP': 167, 'WEST': 978, 'NORTH': 904, 'BUILD_PASTURE': 14, 'PLACE': 14, 'PLANT': 158, 'WATER': 922, 'FEED': 314, 'CARE': 322, 'EAST': 740, 'COLLECT_FERTILIZER': 314, 'SOUTH': 638, 'DROP': 106, 'HARVEST': 374, 'FERTILIZE': 80, 'DIG': 43}",719,v22,123733.0,DONE,1,0,,,,,0,21582.0,25.43075,v025b,102151.0,DONE,0.067375,0.101917,0.228375,,,,,,,,,,,win,0,217
0,0,0,0,"{'PASS': 811, 'PICKUP': 167, 'WEST': 978, 'NORTH': 904, 'BUILD_PASTURE': 14, 'PLACE': 14, 'PLANT': 158, 'WATER': 922, 'FEED': 314, 'CARE': 322, 'EAST': 740, 'COLLECT_FERTILIZER': 314, 'SOUTH': 638, 'DROP': 106, 'HARVEST': 374, 'DIG': 44, 'FERTILIZE': 80}",719,v22,123065.0,DONE,1,0,,,,,0,20150.0,59.865292,v025b,102915.0,DONE,0.063,0.09,0.131167,,,,,,,,,,,win,1,217
0,0,0,0,"{'PASS': 812, 'PICKUP': 167, 'WEST': 978, 'NORTH': 904, 'BUILD_PASTURE': 14, 'PLACE': 14, 'PLANT': 158, 'WATER': 922, 'FEED': 314, 'CARE': 322, 'EAST': 740, 'COLLECT_FERTILIZER': 314, 'SOUTH': 638, 'DROP': 106, 'HARVEST': 374, 'FERTILIZE': 80, 'DIG': 43}",719,v22,129914.0,DONE,1,0,,,,,0,22991.0,0.483292,v025b,106923.0,DONE,0.066584,0.1005,0.215166,,,,,,,,,,,win,0,317
0,0,0,0,"{'PASS': 812, 'PICKUP': 167, 'WEST': 978, 'NORTH': 904, 'BUILD_PASTURE': 14, 'PLACE': 14, 'PLANT': 158, 'WATER': 922, 'FEED': 314, 'CARE': 322, 'EAST': 740, 'COLLECT_FERTILIZER': 314, 'SOUTH': 637, 'DROP': 106, 'HARVEST': 374, 'FERTILIZE': 80, 'DIG': 44}",719,v22,129914.0,DONE,1,0,,,,,0,22811.0,0.271292,v025b,107103.0,DONE,0.063209,0.087875,0.147458,,,,,,,,,,,win,1,317
0,0,0,0,"{'PASS': 812, 'PICKUP': 167, 'WEST': 978, 'NORTH': 904, 'BUILD_PASTURE': 14, 'PLACE': 14, 'PLANT': 158, 'WATER': 922, 'FEED': 314, 'CARE': 322, 'EAST': 740, 'COLLECT_FERTILIZER': 314, 'SOUTH': 638, 'DROP': 106, 'HARVEST': 374, 'FERTILIZE': 80, 'DIG': 43}",719,v22,156463.0,DONE,1,0,,,,,0,21855.0,24.268958,v025b,134608.0,DONE,0.067792,0.100458,0.204208,,,,,,,,,,,win,0,733
0,0,0,0,"{'PASS': 812, 'PICKUP': 167, 'WEST': 978, 'NORTH': 904, 'BUILD_PASTURE': 14, 'PLACE': 14, 'PLANT': 158, 'WATER': 921, 'FEED': 314, 'CARE': 322, 'EAST': 740, 'COLLECT_FERTILIZER': 314, 'SOUTH': 638, 'DROP': 106, 'HARVEST': 374, 'DIG': 44, 'FERTILIZE': 80}",719,v22,155493.0,DONE,1,0,,,,,0,19591.0,59.104084,v025b,135902.0,DONE,0.064209,0.09175,0.204541,,,,,,,,,,,win,1,733
0,0,0,0,"{'PASS': 812, 'PICKUP': 167, 'WEST': 978, 'NORTH': 904, 'BUILD_PASTURE': 14, 'PLACE': 14, 'PLANT': 158, 'WATER': 922, 'FEED': 314, 'CARE': 322, 'EAST': 740, 'COLLECT_FERTILIZER': 314, 'SOUTH': 638, 'DROP': 106, 'HARVEST': 374, 'FERTILIZE': 80, 'DIG': 43}",719,v22,117349.0,DONE,1,0,,,,,0,9226.0,0.235667,hamburger,108123.0,DONE,0.068167,0.099125,0.137833,,,,,,,,,,,win,0,17
0,0,0,0,"{'PASS': 812, 'PICKUP': 167, 'WEST': 978, 'NORTH': 904, 'BUILD_PASTURE': 14, 'PLACE': 14, 'PLANT': 158, 'WATER': 922, 'FEED': 314, 'CARE': 322, 'EAST': 740, 'COLLECT_FERTILIZER': 314, 'SOUTH': 638, 'DROP': 106, 'HARVEST': 374, 'FERTILIZE': 80, 'DIG': 43}",719,v22,117349.0,DONE,1,0,,,,,0,9226.0,26.025041,hamburger,108123.0,DONE,0.063666,0.093041,0.115125,,,,,,,,,,,win,1,17
0,0,0,0,"{'PASS': 812, 'PICKUP': 167, 'WEST': 978, 'NORTH': 904, 'BUILD_PASTURE': 14, 'PLACE': 14, 'PLANT': 158, 'WATER': 922, 'FEED': 314, 'CARE': 322, 'EAST': 740, 'COLLECT_FERTILIZER': 314, 'SOUTH': 638, 'DROP': 106, 'HARVEST': 374, 'FERTILIZE': 80, 'DIG': 43}",719,v22,91873.0,DONE,1,0,,,,,0,6906.0,44.834417,hamburger,84967.0,DONE,0.068,0.101292,0.201041,,,,,,,,,,,win,0,42
0,0,0,0,"{'PASS': 812, 'PICKUP': 167, 'WEST': 978, 'NORTH': 904, 'BUILD_PASTURE': 14, 'PLACE': 14, 'PLANT': 158, 'WATER': 922, 'FEED': 314, 'CARE': 322, 'EAST': 740, 'COLLECT_FERTILIZER': 314, 'SOUTH': 638, 'DROP': 106, 'HARVEST': 374, 'FERTILIZE': 80, 'DIG': 43}",719,v22,91841.0,DONE,1,0,,,,,0,6842.0,0.331875,hamburger,84999.0,DONE,0.063958,0.0965,0.21875,,,,,,,,,,,win,1,42
0,0,0,0,"{'PASS': 812, 'PICKUP': 167, 'WEST': 978, 'NORTH': 904, 'BUILD_PASTURE': 14, 'PLACE': 14, 'PLANT': 158, 'WATER': 922, 'FEED': 314, 'CARE': 322, 'EAST': 740, 'COLLECT_FERTILIZER': 313, 'SOUTH': 637, 'DROP': 106, 'HARVEST': 374, 'FERTILIZE': 80, 'DIG': 45}",719,v22,110805.0,DONE,1,0,,,,,0,11583.0,22.558458,hamburger,99222.0,DONE,0.066917,0.101917,0.226209,,,,,,,,,,,win,0,2026
0,0,0,0,"{'PASS': 811, 'PICKUP': 167, 'WEST': 978, 'NORTH': 904, 'BUILD_PASTURE': 14, 'PLACE': 14, 'PLANT': 158, 'WATER': 922, 'FEED': 314, 'CARE': 322, 'EAST': 740, 'COLLECT_FERTILIZER': 314, 'SOUTH': 638, 'DROP': 106, 'HARVEST': 374, 'DIG': 44, 'FERTILIZE': 80}",719,v22,110864.0,DONE,1,0,,,,,0,11396.0,0.40825,hamburger,99468.0,DONE,0.064625,0.094917,0.209042,,,,,,,,,,,win,1,2026
0,0,0,0,"{'PASS': 812, 'PICKUP': 167, 'WEST': 978, 'NORTH': 904, 'BUILD_PASTURE': 14, 'PLACE': 14, 'PLANT': 158, 'WATER': 922, 'FEED': 314, 'CARE': 322, 'EAST': 740, 'COLLECT_FERTILIZER': 314, 'SOUTH': 638, 'DROP': 106, 'HARVEST': 374, 'FERTILIZE': 80, 'DIG': 43}",719,v22,172848.0,DONE,1,0,,,,,0,17114.0,25.786166,hamburger,155734.0,DONE,0.067666,0.099458,0.226375,,,,,,,,,,,win,0,217
0,0,0,0,"{'PASS': 811, 'PICKUP': 167, 'WEST': 978, 'NORTH': 904, 'BUILD_PASTURE': 14, 'PLACE': 14, 'PLANT': 158, 'WATER': 922, 'FEED': 314, 'CARE': 322, 'EAST': 740, 'COLLECT_FERTILIZER': 314, 'SOUTH': 638, 'DROP': 106, 'HARVEST': 374, 'FERTILIZE': 80, 'DIG': 44}",719,v22,175437.0,DONE,1,0,,,,,0,17005.0,0.267208,hamburger,158432.0,DONE,0.064375,0.093125,0.116166,,,,,,,,,,,win,1,217
0,0,0,0,"{'PASS': 812, 'PICKUP': 167, 'WEST': 978, 'NORTH': 904, 'BUILD_PASTURE': 14, 'PLACE': 14, 'PLANT': 158, 'WATER': 922, 'FEED': 314, 'CARE': 322, 'EAST': 740, 'COLLECT_FERTILIZER': 314, 'SOUTH': 638, 'DROP': 106, 'HARVEST': 374, 'FERTILIZE': 80, 'DIG': 43}",719,v22,105232.0,DONE,1,0,,,,,0,12292.0,45.9845,hamburger,92940.0,DONE,0.067583,0.100708,0.21875,,,,,,,,,,,win,0,317
0,0,0,0,"{'PASS': 812, 'PICKUP': 167, 'WEST': 978, 'NORTH': 904, 'BUILD_PASTURE': 14, 'PLACE': 14, 'PLANT': 158, 'WATER': 922, 'FEED': 314, 'CARE': 322, 'EAST': 740, 'COLLECT_FERTILIZER': 314, 'SOUTH': 638, 'DROP': 106, 'HARVEST': 374, 'FERTILIZE': 80, 'DIG': 43}",719,v22,105234.0,DONE,1,0,,,,,0,12399.0,26.005792,hamburger,92835.0,DONE,0.063583,0.095417,0.119458,,,,,,,,,,,win,1,317
0,0,0,0,"{'PASS': 812, 'PICKUP': 167, 'WEST': 978, 'NORTH': 904, 'BUILD_PASTURE': 14, 'PLACE': 14, 'PLANT': 158, 'WATER': 922, 'FEED': 314, 'CARE': 322, 'EAST': 740, 'COLLECT_FERTILIZER': 314, 'SOUTH': 638, 'DROP': 106, 'HARVEST': 374, 'FERTILIZE': 80, 'DIG': 43}",719,v22,132383.0,DONE,1,0,,,,,0,12333.0,0.405458,hamburger,120050.0,DONE,0.067333,0.098125,0.123792,,,,,,,,,,,win,0,733
0,0,0,0,"{'PASS': 811, 'PICKUP': 167, 'WEST': 978, 'NORTH': 904, 'BUILD_PASTURE': 14, 'PLACE': 14, 'PLANT': 158, 'WATER': 922, 'FEED': 314, 'CARE': 322, 'EAST': 740, 'COLLECT_FERTILIZER': 314, 'SOUTH': 638, 'DROP': 106, 'HARVEST': 374, 'DIG': 44, 'FERTILIZE': 80}",719,v22,132352.0,DONE,1,0,,,,,0,11940.0,49.611625,hamburger,120412.0,DONE,0.063875,0.094625,0.128333,,,,,,,,,,,win,1,733
0,0,0,0,"{'PASS': 812, 'PICKUP': 167, 'WEST': 978, 'NORTH': 904, 'BUILD_PASTURE': 14, 'PLACE': 14, 'PLANT': 158, 'WATER': 922, 'FEED': 314, 'CARE': 322, 'EAST': 740, 'COLLECT_FERTILIZER': 314, 'SOUTH': 638, 'DROP': 106, 'HARVEST': 374, 'FERTILIZE': 80, 'DIG': 43}",719,v22,115857.0,DONE,1,0,,,,,0,22298.0,39.903959,frontier,93559.0,DONE,0.065125,0.099541,0.14325,,,,,,,,,,,win,0,17
0,0,0,0,"{'PASS': 812, 'PICKUP': 167, 'WEST': 978, 'NORTH': 904, 'BUILD_PASTURE': 14, 'PLACE': 14, 'PLANT': 158, 'WATER': 922, 'FEED': 314, 'CARE': 322, 'EAST': 740, 'COLLECT_FERTILIZER': 314, 'SOUTH': 638, 'DROP': 106, 'HARVEST': 374, 'FERTILIZE': 80, 'DIG': 43}",719,v22,115857.0,DONE,1,0,,,,,0,22298.0,43.949542,frontier,93559.0,DONE,0.065,0.097959,0.142875,,,,,,,,,,,win,1,17
0,0,0,0,"{'PASS': 812, 'PICKUP': 167, 'WEST': 978, 'NORTH': 904, 'BUILD_PASTURE': 14, 'PLACE': 14, 'PLANT': 158, 'WATER': 922, 'FEED': 314, 'CARE': 322, 'EAST': 740, 'COLLECT_FERTILIZER': 314, 'SOUTH': 638, 'DROP': 106, 'HARVEST': 374, 'FERTILIZE': 80, 'DIG': 43}",719,v22,91280.0,DONE,1,0,,,,,0,12212.0,40.792666,frontier,79068.0,DONE,0.065958,0.102917,0.226042,,,,,,,,,,,win,0,42
0,0,0,0,"{'PASS': 812, 'PICKUP': 167, 'WEST': 978, 'NORTH': 904, 'BUILD_PASTURE': 14, 'PLACE': 14, 'PLANT': 158, 'WATER': 922, 'FEED': 314, 'CARE': 322, 'EAST': 740, 'COLLECT_FERTILIZER': 314, 'SOUTH': 638, 'DROP': 106, 'HARVEST': 374, 'FERTILIZE': 80, 'DIG': 43}",719,v22,91247.0,DONE,1,0,,,,,0,12358.0,0.310125,frontier,78889.0,DONE,0.064875,0.101875,0.186416,,,,,,,,,,,win,1,42
0,0,0,0,"{'PASS': 812, 'PICKUP': 167, 'WEST': 978, 'NORTH': 904, 'BUILD_PASTURE': 14, 'PLACE': 14, 'PLANT': 158, 'WATER': 922, 'FEED': 314, 'CARE': 322, 'EAST': 740, 'COLLECT_FERTILIZER': 313, 'SOUTH': 637, 'DROP': 106, 'HARVEST': 374, 'FERTILIZE': 80, 'DIG': 45}",719,v22,108548.0,DONE,1,0,,,,,0,14721.0,39.763125,frontier,93827.0,DONE,0.06625,0.100041,0.125459,,,,,,,,,,,win,0,2026
0,0,0,0,"{'PASS': 811, 'PICKUP': 167, 'WEST': 978, 'NORTH': 904, 'BUILD_PASTURE': 14, 'PLACE': 14, 'PLANT': 158, 'WATER': 922, 'FEED': 314, 'CARE': 322, 'EAST': 740, 'COLLECT_FERTILIZER': 314, 'SOUTH': 638, 'DROP': 106, 'HARVEST': 374, 'DIG': 44, 'FERTILIZE': 80}",719,v22,108564.0,DONE,1,0,,,,,0,14475.0,1.831417,frontier,94089.0,DONE,0.064375,0.096583,0.119208,,,,,,,,,,,win,1,2026
0,0,0,0,"{'PASS': 812, 'PICKUP': 167, 'WEST': 978, 'NORTH': 904, 'BUILD_PASTURE': 14, 'PLACE': 14, 'PLANT': 158, 'WATER': 922, 'FEED': 314, 'CARE': 322, 'EAST': 740, 'COLLECT_FERTILIZER': 314, 'SOUTH': 638, 'DROP': 106, 'HARVEST': 374, 'FERTILIZE': 80, 'DIG': 43}",719,v22,169410.0,DONE,1,0,,,,,0,20455.0,0.272666,frontier,148955.0,DONE,0.065458,0.102292,0.222042,,,,,,,,,,,win,0,217
0,0,0,0,"{'PASS': 811, 'PICKUP': 167, 'WEST': 978, 'NORTH': 904, 'BUILD_PASTURE': 14, 'PLACE': 14, 'PLANT': 158, 'WATER': 922, 'FEED': 314, 'CARE': 322, 'EAST': 740, 'COLLECT_FERTILIZER': 314, 'SOUTH': 638, 'DROP': 106, 'HARVEST': 374, 'FERTILIZE': 80, 'DIG': 44}",719,v22,172881.0,DONE,1,0,,,,,0,21620.0,0.623416,frontier,151261.0,DONE,0.065542,0.096792,0.135417,,,,,,,,,,,win,1,217
0,0,0,0,"{'PASS': 812, 'PICKUP': 167, 'WEST': 978, 'NORTH': 904, 'BUILD_PASTURE': 14, 'PLACE': 14, 'PLANT': 158, 'WATER': 922, 'FEED': 314, 'CARE': 322, 'EAST': 740, 'COLLECT_FERTILIZER': 314, 'SOUTH': 638, 'DROP': 106, 'HARVEST': 374, 'FERTILIZE': 80, 'DIG': 43}",719,v22,99382.0,DONE,1,0,,,,,0,18077.0,0.293208,frontier,81305.0,DONE,0.066208,0.102709,0.216458,,,,,,,,,,,win,0,317
0,0,0,0,"{'PASS': 812, 'PICKUP': 167, 'WEST': 978, 'NORTH': 904, 'BUILD_PASTURE': 14, 'PLACE': 14, 'PLANT': 158, 'WATER': 922, 'FEED': 314, 'CARE': 322, 'EAST': 740, 'COLLECT_FERTILIZER': 314, 'SOUTH': 638, 'DROP': 106, 'HARVEST': 374, 'FERTILIZE': 80, 'DIG': 43}",719,v22,99382.0,DONE,1,0,,,,,0,18077.0,0.251083,frontier,81305.0,DONE,0.064708,0.095167,0.11525,,,,,,,,,,,win,1,317
0,0,0,0,"{'PASS': 812, 'PICKUP': 167, 'WEST': 978, 'NORTH': 904, 'BUILD_PASTURE': 14, 'PLACE': 14, 'PLANT': 158, 'WATER': 922, 'FEED': 314, 'CARE': 322, 'EAST': 740, 'COLLECT_FERTILIZER': 314, 'SOUTH': 638, 'DROP': 106, 'HARVEST': 374, 'FERTILIZE': 80, 'DIG': 43}",719,v22,127916.0,DONE,1,0,,,,,0,15049.0,0.299208,frontier,112867.0,DONE,0.066,0.103,0.140625,,,,,,,,,,,win,0,733
0,0,0,0,"{'PASS': 811, 'PICKUP': 167, 'WEST': 978, 'NORTH': 904, 'BUILD_PASTURE': 14, 'PLACE': 14, 'PLANT': 158, 'WATER': 922, 'FEED': 314, 'CARE': 322, 'EAST': 740, 'COLLECT_FERTILIZER': 314, 'SOUTH': 638, 'DROP': 106, 'HARVEST': 374, 'DIG': 44, 'FERTILIZE': 80}",719,v22,127916.0,DONE,1,0,,,,,0,15012.0,0.303458,frontier,112904.0,DONE,0.06525,0.098459,0.144209,,,,,,,,,,,win,1,733
0,0,0,0,"{'PASS': 812, 'PICKUP': 167, 'WEST': 978, 'NORTH': 904, 'BUILD_PASTURE': 14, 'PLACE': 14, 'PLANT': 158, 'WATER': 922, 'FEED': 314, 'CARE': 322, 'EAST': 740, 'COLLECT_FERTILIZER': 314, 'SOUTH': 638, 'DROP': 106, 'HARVEST': 374, 'FERTILIZE': 80, 'DIG': 43}",719,v22,160736.0,DONE,1,0,,,,,0,51633.0,0.428375,root,109103.0,DONE,0.067833,0.104625,0.229833,,,,,,,,,,,win,0,17
0,0,0,0,"{'PASS': 812, 'PICKUP': 167, 'WEST': 978, 'NORTH': 904, 'BUILD_PASTURE': 14, 'PLACE': 14, 'PLANT': 158, 'WATER': 922, 'FEED': 314, 'CARE': 322, 'EAST': 740, 'COLLECT_FERTILIZER': 314, 'SOUTH': 638, 'DROP': 106, 'HARVEST': 374, 'FERTILIZE': 80, 'DIG': 43}",719,v22,160736.0,DONE,1,0,,,,,0,51633.0,0.241125,root,109103.0,DONE,0.064208,0.08825,0.103042,,,,,,,,,,,win,1,17
0,0,0,0,"{'PASS': 812, 'PICKUP': 167, 'WEST': 978, 'NORTH': 904, 'BUILD_PASTURE': 14, 'PLACE': 14, 'PLANT': 158, 'WATER': 922, 'FEED': 314, 'CARE': 322, 'EAST': 740, 'COLLECT_FERTILIZER': 314, 'SOUTH': 638, 'DROP': 106, 'HARVEST': 374, 'FERTILIZE': 80, 'DIG': 43}",719,v22,152072.0,DONE,1,0,,,,,0,50430.0,0.340542,root,101642.0,DONE,0.067917,0.103583,0.2655,,,,,,,,,,,win,0,42
0,0,0,0,"{'PASS': 812, 'PICKUP': 167, 'WEST': 978, 'NORTH': 904, 'BUILD_PASTURE': 14, 'PLACE': 14, 'PLANT': 158, 'WATER': 922, 'FEED': 314, 'CARE': 322, 'EAST': 740, 'COLLECT_FERTILIZER': 314, 'SOUTH': 638, 'DROP': 106, 'HARVEST': 374, 'FERTILIZE': 80, 'DIG': 43}",719,v22,152427.0,DONE,1,0,,,,,0,50588.0,0.5115,root,101839.0,DONE,0.064625,0.089625,0.117375,,,,,,,,,,,win,1,42
0,0,0,0,"{'PASS': 812, 'PICKUP': 167, 'WEST': 978, 'NORTH': 904, 'BUILD_PASTURE': 14, 'PLACE': 14, 'PLANT': 158, 'WATER': 922, 'FEED': 314, 'CARE': 322, 'EAST': 740, 'COLLECT_FERTILIZER': 313, 'SOUTH': 637, 'DROP': 106, 'HARVEST': 374, 'FERTILIZE': 80, 'DIG': 45}",719,v22,122115.0,DONE,1,0,,,,,0,51213.0,0.274083,root,70902.0,DONE,0.067917,0.099708,0.115709,,,,,,,,,,,win,0,2026
0,0,0,0,"{'PASS': 812, 'PICKUP': 167, 'WEST': 978, 'NORTH': 903, 'BUILD_PASTURE': 14, 'PLACE': 14, 'PLANT': 158, 'WATER': 922, 'FEED': 314, 'CARE': 322, 'EAST': 740, 'COLLECT_FERTILIZER': 314, 'SOUTH': 638, 'DROP': 106, 'HARVEST': 374, 'DIG': 44, 'FERTILIZE': 80}",719,v22,137075.0,DONE,1,0,,,,,0,47633.0,0.21,root,89442.0,DONE,0.067709,0.090625,0.105,,,,,,,,,,,win,1,2026
0,0,0,0,"{'PASS': 812, 'PICKUP': 167, 'WEST': 978, 'NORTH': 904, 'BUILD_PASTURE': 14, 'PLACE': 14, 'PLANT': 158, 'WATER': 922, 'FEED': 314, 'CARE': 322, 'EAST': 740, 'COLLECT_FERTILIZER': 314, 'SOUTH': 638, 'DROP': 106, 'HARVEST': 374, 'FERTILIZE': 80, 'DIG': 43}",719,v22,158890.0,DONE,1,0,,,,,0,64875.0,0.375458,root,94015.0,DONE,0.067084,0.104208,0.266459,,,,,,,,,,,win,0,217
0,0,0,0,"{'PASS': 812, 'PICKUP': 167, 'WEST': 978, 'NORTH': 904, 'BUILD_PASTURE': 14, 'PLACE': 14, 'PLANT': 158, 'WATER': 922, 'FEED': 314, 'CARE': 322, 'EAST': 740, 'COLLECT_FERTILIZER': 313, 'SOUTH': 638, 'DROP': 106, 'HARVEST': 374, 'FERTILIZE': 80, 'DIG': 44}",719,v22,158882.0,DONE,1,0,,,,,0,64861.0,0.40325,root,94021.0,DONE,0.06525,0.093375,0.119458,,,,,,,,,,,win,1,217
0,0,0,0,"{'PASS': 812, 'PICKUP': 167, 'WEST': 978, 'NORTH': 904, 'BUILD_PASTURE': 14, 'PLACE': 14, 'PLANT': 158, 'WATER': 922, 'FEED': 314, 'CARE': 322, 'EAST': 740, 'COLLECT_FERTILIZER': 314, 'SOUTH': 638, 'DROP': 106, 'HARVEST': 374, 'FERTILIZE': 80, 'DIG': 43}",719,v22,177346.0,DONE,1,0,,,,,0,67508.0,0.498042,root,109838.0,DONE,0.06825,0.100959,0.163666,,,,,,,,,,,win,0,317
0,0,0,0,"{'PASS': 812, 'PICKUP': 167, 'WEST': 978, 'NORTH': 904, 'BUILD_PASTURE': 14, 'PLACE': 14, 'PLANT': 158, 'WATER': 922, 'FEED': 314, 'CARE': 322, 'EAST': 740, 'COLLECT_FERTILIZER': 314, 'SOUTH': 638, 'DROP': 106, 'HARVEST': 374, 'FERTILIZE': 80, 'DIG': 43}",719,v22,177376.0,DONE,1,0,,,,,0,67440.0,0.2475,root,109936.0,DONE,0.065959,0.089167,0.099084,,,,,,,,,,,win,1,317
0,0,0,0,"{'PASS': 812, 'PICKUP': 167, 'WEST': 978, 'NORTH': 904, 'BUILD_PASTURE': 14, 'PLACE': 14, 'PLANT': 158, 'WATER': 922, 'FEED': 314, 'CARE': 322, 'EAST': 740, 'COLLECT_FERTILIZER': 314, 'SOUTH': 638, 'DROP': 106, 'HARVEST': 374, 'FERTILIZE': 80, 'DIG': 43}",719,v22,142148.0,DONE,1,0,,,,,0,50891.0,22.737834,root,91257.0,DONE,0.068625,0.102375,0.218459,,,,,,,,,,,win,0,733
0,0,0,0,"{'PASS': 812, 'PICKUP': 167, 'WEST': 978, 'NORTH': 904, 'BUILD_PASTURE': 14, 'PLACE': 14, 'PLANT': 158, 'WATER': 922, 'FEED': 314, 'CARE': 322, 'EAST': 740, 'COLLECT_FERTILIZER': 314, 'SOUTH': 638, 'DROP': 106, 'HARVEST': 374, 'FERTILIZE': 80, 'DIG': 43}",719,v22,147527.0,DONE,1,0,,,,,0,55270.0,18.609792,root,92257.0,DONE,0.065458,0.088958,0.105041,,,,,,,,,,,win,1,733
0,0,0,0,"{'PASS': 812, 'PICKUP': 167, 'WEST': 978, 'NORTH': 904, 'BUILD_PASTURE': 14, 'PLACE': 14, 'PLANT': 158, 'WATER': 922, 'FEED': 314, 'CARE': 322, 'EAST': 740, 'COLLECT_FERTILIZER': 314, 'SOUTH': 638, 'DROP': 106, 'HARVEST': 374, 'FERTILIZE': 80, 'DIG': 43}",719,v22,206638.0,DONE,1,0,,,,,0,203124.0,32.587625,starter,3514.0,DONE,0.06675,0.132375,0.273375,,,,,,,,,,,win,0,17
0,0,0,0,"{'PASS': 812, 'PICKUP': 167, 'WEST': 978, 'NORTH': 904, 'BUILD_PASTURE': 14, 'PLACE': 14, 'PLANT': 158, 'WATER': 922, 'FEED': 314, 'CARE': 322, 'EAST': 740, 'COLLECT_FERTILIZER': 314, 'SOUTH': 638, 'DROP': 106, 'HARVEST': 374, 'FERTILIZE': 80, 'DIG': 43}",719,v22,206638.0,DONE,1,0,,,,,0,203124.0,35.881416,starter,3514.0,DONE,0.066541,0.120375,0.224375,,,,,,,,,,,win,1,17
0,0,0,0,"{'PASS': 812, 'PICKUP': 167, 'WEST': 978, 'NORTH': 904, 'BUILD_PASTURE': 14, 'PLACE': 14, 'PLANT': 158, 'WATER': 922, 'FEED': 314, 'CARE': 322, 'EAST': 740, 'COLLECT_FERTILIZER': 314, 'SOUTH': 638, 'DROP': 106, 'HARVEST': 374, 'FERTILIZE': 80, 'DIG': 43}",719,v22,201024.0,DONE,1,0,,,,,0,197529.0,39.697875,starter,3495.0,DONE,0.065417,0.119292,0.243125,,,,,,,,,,,win,0,42
0,0,0,0,"{'PASS': 812, 'PICKUP': 167, 'WEST': 978, 'NORTH': 904, 'BUILD_PASTURE': 14, 'PLACE': 14, 'PLANT': 158, 'WATER': 922, 'FEED': 314, 'CARE': 322, 'EAST': 740, 'COLLECT_FERTILIZER': 314, 'SOUTH': 638, 'DROP': 106, 'HARVEST': 374, 'FERTILIZE': 80, 'DIG': 43}",719,v22,201024.0,DONE,1,0,,,,,0,197529.0,0.384084,starter,3495.0,DONE,0.068042,0.133167,0.238125,,,,,,,,,,,win,1,42
0,0,0,0,"{'PASS': 812, 'PICKUP': 167, 'WEST': 978, 'NORTH': 904, 'BUILD_PASTURE': 14, 'PLACE': 14, 'PLANT': 158, 'WATER': 922, 'FEED': 314, 'CARE': 322, 'EAST': 740, 'COLLECT_FERTILIZER': 313, 'SOUTH': 637, 'DROP': 106, 'HARVEST': 374, 'FERTILIZE': 80, 'DIG': 45}",719,v22,185962.0,DONE,1,0,,,,,0,182459.0,35.518458,starter,3503.0,DONE,0.067625,0.138125,0.290625,,,,,,,,,,,win,0,2026
0,0,0,0,"{'PASS': 812, 'PICKUP': 167, 'WEST': 978, 'NORTH': 904, 'BUILD_PASTURE': 14, 'PLACE': 14, 'PLANT': 158, 'WATER': 922, 'FEED': 314, 'CARE': 322, 'EAST': 740, 'COLLECT_FERTILIZER': 314, 'SOUTH': 638, 'DROP': 106, 'HARVEST': 374, 'FERTILIZE': 80, 'DIG': 43}",719,v22,186017.0,DONE,1,0,,,,,0,182514.0,39.288083,starter,3503.0,DONE,0.067,0.132209,0.292209,,,,,,,,,,,win,1,2026
0,0,0,0,"{'PASS': 812, 'PICKUP': 167, 'WEST': 978, 'NORTH': 904, 'BUILD_PASTURE': 14, 'PLACE': 14, 'PLANT': 158, 'WATER': 922, 'FEED': 314, 'CARE': 322, 'EAST': 740, 'COLLECT_FERTILIZER': 314, 'SOUTH': 638, 'DROP': 106, 'HARVEST': 374, 'FERTILIZE': 80, 'DIG': 43}",719,v22,180129.0,DONE,1,0,,,,,0,176620.0,0.341167,starter,3509.0,DONE,0.065667,0.122959,0.230042,,,,,,,,,,,win,0,217
0,0,0,0,"{'PASS': 812, 'PICKUP': 167, 'WEST': 977, 'NORTH': 904, 'BUILD_PASTURE': 14, 'PLACE': 14, 'PLANT': 158, 'WATER': 922, 'FEED': 314, 'CARE': 322, 'EAST': 740, 'COLLECT_FERTILIZER': 314, 'SOUTH': 638, 'DROP': 106, 'HARVEST': 374, 'FERTILIZE': 80, 'DIG': 44}",719,v22,180129.0,DONE,1,0,,,,,0,176620.0,34.882708,starter,3509.0,DONE,0.067125,0.139833,0.272166,,,,,,,,,,,win,1,217
0,0,0,0,"{'PASS': 812, 'PICKUP': 167, 'WEST': 978, 'NORTH': 904, 'BUILD_PASTURE': 14, 'PLACE': 14, 'PLANT': 158, 'WATER': 922, 'FEED': 314, 'CARE': 322, 'EAST': 740, 'COLLECT_FERTILIZER': 314, 'SOUTH': 638, 'DROP': 106, 'HARVEST': 374, 'FERTILIZE': 80, 'DIG': 43}",719,v22,193414.0,DONE,1,0,,,,,0,189923.0,32.050417,starter,3491.0,DONE,0.068292,0.127458,0.250542,,,,,,,,,,,win,0,317
0,0,0,0,"{'PASS': 812, 'PICKUP': 167, 'WEST': 978, 'NORTH': 904, 'BUILD_PASTURE': 14, 'PLACE': 14, 'PLANT': 158, 'WATER': 922, 'FEED': 314, 'CARE': 322, 'EAST': 740, 'COLLECT_FERTILIZER': 313, 'SOUTH': 638, 'DROP': 106, 'HARVEST': 374, 'FERTILIZE': 80, 'DIG': 44}",719,v22,193414.0,DONE,1,0,,,,,0,189923.0,38.002541,starter,3491.0,DONE,0.067583,0.126167,0.311375,,,,,,,,,,,win,1,317
0,0,0,0,"{'PASS': 812, 'PICKUP': 167, 'WEST': 978, 'NORTH': 904, 'BUILD_PASTURE': 14, 'PLACE': 14, 'PLANT': 158, 'WATER': 922, 'FEED': 314, 'CARE': 322, 'EAST': 740, 'COLLECT_FERTILIZER': 314, 'SOUTH': 638, 'DROP': 106, 'HARVEST': 374, 'FERTILIZE': 80, 'DIG': 43}",719,v22,188858.0,DONE,1,0,,,,,0,185351.0,34.806916,starter,3507.0,DONE,0.068333,0.134583,0.310833,,,,,,,,,,,win,0,733
0,0,0,0,"{'PASS': 811, 'PICKUP': 167, 'WEST': 978, 'NORTH': 904, 'BUILD_PASTURE': 14, 'PLACE': 14, 'PLANT': 158, 'WATER': 922, 'FEED': 314, 'CARE': 322, 'EAST': 740, 'COLLECT_FERTILIZER': 314, 'SOUTH': 638, 'DROP': 106, 'HARVEST': 374, 'DIG': 44, 'FERTILIZE': 80}",719,v22,189898.0,DONE,1,0,,,,,0,186389.0,39.370083,starter,3509.0,DONE,0.067625,0.124083,0.280166,,,,,,,,,,,win,1,733
0,0,0,0,"{'PASS': 812, 'PICKUP': 167, 'WEST': 978, 'NORTH': 904, 'BUILD_PASTURE': 14, 'PLACE': 14, 'PLANT': 158, 'WATER': 922, 'FEED': 314, 'CARE': 322, 'EAST': 740, 'COLLECT_FERTILIZER': 314, 'SOUTH': 638, 'DROP': 106, 'HARVEST': 374, 'FERTILIZE': 80, 'DIG': 43}",719,v22,196229.0,DONE,1,0,,,,,0,196229.0,37.168959,random,0.0,DONE,0.083584,0.159709,0.238583,,,,,,,,,,,win,0,17
0,0,0,0,"{'PASS': 812, 'PICKUP': 167, 'WEST': 978, 'NORTH': 904, 'BUILD_PASTURE': 14, 'PLACE': 14, 'PLANT': 158, 'WATER': 922, 'FEED': 314, 'CARE': 322, 'EAST': 740, 'COLLECT_FERTILIZER': 314, 'SOUTH': 638, 'DROP': 106, 'HARVEST': 374, 'FERTILIZE': 80, 'DIG': 43}",719,v22,197582.0,DONE,1,0,,,,,0,197582.0,39.069833,random,0.0,DONE,0.080208,0.209667,0.249,,,,,,,,,,,win,1,17
0,0,0,0,"{'PASS': 812, 'PICKUP': 167, 'WEST': 978, 'NORTH': 904, 'BUILD_PASTURE': 14, 'PLACE': 14, 'PLANT': 158, 'WATER': 922, 'FEED': 314, 'CARE': 322, 'EAST': 740, 'COLLECT_FERTILIZER': 314, 'SOUTH': 638, 'DROP': 106, 'HARVEST': 374, 'FERTILIZE': 80, 'DIG': 43}",719,v22,206186.0,DONE,1,0,,,,,0,206186.0,40.885875,random,0.0,DONE,0.081542,0.2075,0.248958,,,,,,,,,,,win,0,42
0,0,0,0,"{'PASS': 812, 'PICKUP': 167, 'WEST': 978, 'NORTH': 904, 'BUILD_PASTURE': 14, 'PLACE': 14, 'PLANT': 158, 'WATER': 922, 'FEED': 314, 'CARE': 322, 'EAST': 740, 'COLLECT_FERTILIZER': 314, 'SOUTH': 638, 'DROP': 106, 'HARVEST': 374, 'FERTILIZE': 80, 'DIG': 43}",719,v22,194598.0,DONE,1,0,,,,,0,194598.0,28.970584,random,0.0,DONE,0.06925,0.114125,0.23625,,,,,,,,,,,win,1,42
0,0,0,0,"{'PASS': 812, 'PICKUP': 167, 'WEST': 978, 'NORTH': 904, 'BUILD_PASTURE': 14, 'PLACE': 14, 'PLANT': 158, 'WATER': 922, 'FEED': 314, 'CARE': 322, 'EAST': 740, 'COLLECT_FERTILIZER': 313, 'SOUTH': 637, 'DROP': 106, 'HARVEST': 374, 'FERTILIZE': 80, 'DIG': 45}",719,v22,195681.0,DONE,1,0,,,,,0,195681.0,26.584042,random,0.0,DONE,0.082209,0.193417,0.257584,,,,,,,,,,,win,0,2026
0,0,0,0,"{'PASS': 812, 'PICKUP': 167, 'WEST': 978, 'NORTH': 904, 'BUILD_PASTURE': 14, 'PLACE': 14, 'PLANT': 158, 'WATER': 922, 'FEED': 314, 'CARE': 322, 'EAST': 740, 'COLLECT_FERTILIZER': 314, 'SOUTH': 638, 'DROP': 106, 'HARVEST': 374, 'FERTILIZE': 80, 'DIG': 43}",719,v22,205100.0,DONE,1,0,,,,,0,205100.0,24.603333,random,0.0,DONE,0.084291,0.1305,0.228416,,,,,,,,,,,win,1,2026
0,0,0,0,"{'PASS': 812, 'PICKUP': 167, 'WEST': 978, 'NORTH': 904, 'BUILD_PASTURE': 14, 'PLACE': 14, 'PLANT': 158, 'WATER': 922, 'FEED': 314, 'CARE': 322, 'EAST': 740, 'COLLECT_FERTILIZER': 314, 'SOUTH': 638, 'DROP': 106, 'HARVEST': 374, 'FERTILIZE': 80, 'DIG': 43}",719,v22,195893.0,DONE,1,0,,,,,0,195453.0,0.297584,random,440.0,DONE,0.076834,0.135417,0.229917,,,,,,,,,,,win,0,217
0,0,0,0,"{'PASS': 812, 'PICKUP': 167, 'WEST': 978, 'NORTH': 904, 'BUILD_PASTURE': 14, 'PLACE': 14, 'PLANT': 158, 'WATER': 921, 'FEED': 314, 'CARE': 322, 'EAST': 740, 'COLLECT_FERTILIZER': 314, 'SOUTH': 637, 'DROP': 106, 'HARVEST': 374, 'DIG': 45, 'FERTILIZE': 80}",719,v22,197139.0,DONE,1,0,,,,,0,197139.0,0.365834,random,0.0,DONE,0.075625,0.126833,0.232708,,,,,,,,,,,win,1,217
0,0,0,0,"{'PASS': 812, 'PICKUP': 167, 'WEST': 978, 'NORTH': 904, 'BUILD_PASTURE': 14, 'PLACE': 14, 'PLANT': 158, 'WATER': 922, 'FEED': 314, 'CARE': 322, 'EAST': 740, 'COLLECT_FERTILIZER': 314, 'SOUTH': 638, 'DROP': 106, 'HARVEST': 374, 'FERTILIZE': 80, 'DIG': 43}",719,v22,191800.0,DONE,1,0,,,,,0,191800.0,34.330416,random,0.0,DONE,0.084584,0.200959,0.279833,,,,,,,,,,,win,0,317
0,0,0,0,"{'PASS': 812, 'PICKUP': 167, 'WEST': 978, 'NORTH': 904, 'BUILD_PASTURE': 14, 'PLACE': 14, 'PLANT': 158, 'WATER': 922, 'FEED': 314, 'CARE': 322, 'EAST': 740, 'COLLECT_FERTILIZER': 314, 'SOUTH': 638, 'DROP': 106, 'HARVEST': 374, 'FERTILIZE': 80, 'DIG': 43}",719,v22,202020.0,DONE,1,0,,,,,0,202020.0,29.647083,random,0.0,DONE,0.0735,0.1245,0.230625,,,,,,,,,,,win,1,317
0,0,0,0,"{'PASS': 812, 'PICKUP': 167, 'WEST': 978, 'NORTH': 904, 'BUILD_PASTURE': 14, 'PLACE': 14, 'PLANT': 158, 'WATER': 922, 'FEED': 314, 'CARE': 322, 'EAST': 740, 'COLLECT_FERTILIZER': 314, 'SOUTH': 638, 'DROP': 106, 'HARVEST': 374, 'FERTILIZE': 80, 'DIG': 43}",719,v22,199443.0,DONE,1,0,,,,,0,199443.0,43.729625,random,0.0,DONE,0.072916,0.128667,0.241959,,,,,,,,,,,win,0,733
0,0,0,0,"{'PASS': 812, 'PICKUP': 167, 'WEST': 978, 'NORTH': 904, 'BUILD_PASTURE': 14, 'PLACE': 14, 'PLANT': 158, 'WATER': 922, 'FEED': 314, 'CARE': 322, 'EAST': 740, 'COLLECT_FERTILIZER': 314, 'SOUTH': 638, 'DROP': 106, 'HARVEST': 374, 'FERTILIZE': 80, 'DIG': 43}",719,v22,199938.0,DONE,1,0,,,,,0,199938.0,39.328792,random,0.0,DONE,0.082834,0.207458,0.252166,,,,,,,,,,,win,1,733
0,0,0,0,"{'PASS': 812, 'PICKUP': 167, 'WEST': 978, 'NORTH': 904, 'BUILD_PASTURE': 14, 'PLACE': 14, 'PLANT': 158, 'WATER': 922, 'FEED': 314, 'CARE': 322, 'EAST': 740, 'COLLECT_FERTILIZER': 314, 'SOUTH': 638, 'DROP': 106, 'HARVEST': 374, 'FERTILIZE': 80, 'DIG': 43}",719,v026a,126289.0,DONE,1,0,,,,,0,0.0,61.33275,v22,126289.0,DONE,0.129292,0.176334,0.30225,0,0,0,0,0,0,0,0,0,0,tie,0,17
0,0,0,0,"{'PASS': 812, 'PICKUP': 167, 'WEST': 978, 'NORTH': 904, 'BUILD_PASTURE': 14, 'PLACE': 14, 'PLANT': 158, 'WATER': 922, 'FEED': 314, 'CARE': 322, 'EAST': 740, 'COLLECT_FERTILIZER': 314, 'SOUTH': 638, 'DROP': 106, 'HARVEST': 374, 'FERTILIZE': 80, 'DIG': 43}",719,v026a,126289.0,DONE,1,0,,,,,0,0.0,0.331375,v22,126289.0,DONE,0.118292,0.164167,0.209792,0,0,0,0,0,0,0,0,0,0,tie,1,17
0,0,0,0,"{'PASS': 812, 'PICKUP': 167, 'WEST': 978, 'NORTH': 904, 'BUILD_PASTURE': 14, 'PLACE': 14, 'PLANT': 158, 'WATER': 922, 'FEED': 314, 'CARE': 322, 'EAST': 740, 'COLLECT_FERTILIZER': 314, 'SOUTH': 638, 'DROP': 106, 'HARVEST': 374, 'FERTILIZE': 80, 'DIG': 43}",719,v026a,129589.0,DONE,1,0,,,,,0,0.0,0.4025,v22,129589.0,DONE,0.129709,0.179042,0.285958,0,0,0,0,0,0,0,0,0,0,tie,0,42
0,0,0,0,"{'PASS': 812, 'PICKUP': 167, 'WEST': 978, 'NORTH': 904, 'BUILD_PASTURE': 14, 'PLACE': 14, 'PLANT': 158, 'WATER': 922, 'FEED': 314, 'CARE': 322, 'EAST': 740, 'COLLECT_FERTILIZER': 314, 'SOUTH': 638, 'DROP': 106, 'HARVEST': 374, 'FERTILIZE': 80, 'DIG': 43}",719,v026a,129589.0,DONE,1,0,,,,,0,0.0,0.513875,v22,129589.0,DONE,0.118542,0.163625,0.211042,0,0,0,0,0,0,0,0,0,0,tie,1,42
4,0,4,0,"{'PASS': 812, 'PICKUP': 167, 'WEST': 978, 'NORTH': 904, 'BUILD_PASTURE': 14, 'PLACE': 14, 'PLANT': 158, 'WATER': 921, 'FEED': 314, 'CARE': 322, 'EAST': 740, 'COLLECT_FERTILIZER': 314, 'SOUTH': 637, 'DROP': 106, 'HARVEST': 374, 'FERTILIZE': 80, 'DIG': 45}",719,v026a,103651.0,DONE,1,0,,,,,0,-222.0,27.326292,v22,103873.0,DONE,0.128958,0.173,0.26775,0,8,0,1,0,0,2,0,2,2,loss,0,2026
0,0,0,0,"{'PASS': 812, 'PICKUP': 167, 'WEST': 978, 'NORTH': 904, 'BUILD_PASTURE': 14, 'PLACE': 14, 'PLANT': 158, 'WATER': 922, 'FEED': 314, 'CARE': 322, 'EAST': 740, 'COLLECT_FERTILIZER': 314, 'SOUTH': 638, 'DROP': 106, 'HARVEST': 374, 'FERTILIZE': 80, 'DIG': 43}",719,v026a,103879.0,DONE,1,0,,,,,0,36.0,0.352416,v22,103843.0,DONE,0.121875,0.163834,0.23475,0,0,0,0,0,0,0,0,0,0,win,1,2026
0,0,0,0,"{'PASS': 812, 'PICKUP': 167, 'WEST': 978, 'NORTH': 904, 'BUILD_PASTURE': 14, 'PLACE': 14, 'PLANT': 158, 'WATER': 922, 'FEED': 314, 'CARE': 322, 'EAST': 740, 'COLLECT_FERTILIZER': 314, 'SOUTH': 638, 'DROP': 106, 'HARVEST': 374, 'FERTILIZE': 80, 'DIG': 43}",719,v026a,106984.0,DONE,1,0,,,,,0,0.0,0.354709,v22,106984.0,DONE,0.12975,0.178542,0.279541,0,0,0,0,0,0,0,0,0,0,tie,0,217
5,0,5,0,"{'PASS': 812, 'PICKUP': 167, 'WEST': 977, 'NORTH': 904, 'BUILD_PASTURE': 14, 'PLACE': 14, 'PLANT': 158, 'WATER': 922, 'FEED': 314, 'CARE': 322, 'EAST': 740, 'COLLECT_FERTILIZER': 314, 'SOUTH': 638, 'DROP': 106, 'HARVEST': 374, 'DIG': 44, 'FERTILIZE': 80}",719,v026a,101511.0,DONE,1,0,,,,,0,0.0,0.404042,v22,101511.0,DONE,0.119125,0.164416,0.188875,0,1,1,0,0,0,1,0,1,1,tie,1,217
0,0,0,0,"{'PASS': 812, 'PICKUP': 167, 'WEST': 978, 'NORTH': 904, 'BUILD_PASTURE': 14, 'PLACE': 14, 'PLANT': 158, 'WATER': 922, 'FEED': 314, 'CARE': 322, 'EAST': 740, 'COLLECT_FERTILIZER': 314, 'SOUTH': 638, 'DROP': 106, 'HARVEST': 374, 'FERTILIZE': 80, 'DIG': 43}",719,v026a,116176.0,DONE,1,0,,,,,0,0.0,21.445958,v22,116176.0,DONE,0.128208,0.172375,0.257,0,0,0,0,0,0,0,0,0,0,tie,0,317
0,0,0,0,"{'PASS': 812, 'PICKUP': 167, 'WEST': 978, 'NORTH': 904, 'BUILD_PASTURE': 14, 'PLACE': 14, 'PLANT': 158, 'WATER': 922, 'FEED': 314, 'CARE': 322, 'EAST': 740, 'COLLECT_FERTILIZER': 314, 'SOUTH': 637, 'DROP': 106, 'HARVEST': 374, 'FERTILIZE': 80, 'DIG': 44}",719,v026a,116176.0,DONE,1,0,,,,,0,0.0,0.28325,v22,116176.0,DONE,0.118625,0.164125,0.214709,0,8,0,0,0,0,1,0,1,1,tie,1,317
0,0,0,0,"{'PASS': 812, 'PICKUP': 167, 'WEST': 978, 'NORTH': 904, 'BUILD_PASTURE': 14, 'PLACE': 14, 'PLANT': 158, 'WATER': 922, 'FEED': 314, 'CARE': 322, 'EAST': 740, 'COLLECT_FERTILIZER': 314, 'SOUTH': 638, 'DROP': 106, 'HARVEST': 374, 'FERTILIZE': 80, 'DIG': 43}",719,v026a,143169.0,DONE,1,0,,,,,0,1005.0,0.389208,v22,142164.0,DONE,0.129708,0.174833,0.253,0,0,0,0,0,0,0,0,0,0,win,0,733
0,0,0,0,"{'PASS': 812, 'PICKUP': 167, 'WEST': 978, 'NORTH': 904, 'BUILD_PASTURE': 14, 'PLACE': 14, 'PLANT': 158, 'WATER': 921, 'FEED': 314, 'CARE': 322, 'EAST': 740, 'COLLECT_FERTILIZER': 314, 'SOUTH': 638, 'DROP': 106, 'HARVEST': 374, 'DIG': 44, 'FERTILIZE': 80}",719,v026a,142164.0,DONE,1,0,,,,,0,-1005.0,0.301042,v22,143169.0,DONE,0.1195,0.163333,0.188834,0,8,1,0,0,0,1,0,1,1,loss,1,733
0,0,0,0,"{'PASS': 812, 'PICKUP': 167, 'WEST': 978, 'NORTH': 904, 'BUILD_PASTURE': 14, 'PLACE': 14, 'PLANT': 158, 'WATER': 922, 'FEED': 314, 'CARE': 322, 'EAST': 740, 'COLLECT_FERTILIZER': 314, 'SOUTH': 638, 'DROP': 106, 'HARVEST': 374, 'FERTILIZE': 80, 'DIG': 43}",719,v026a,103823.0,DONE,1,0,,,,,0,12833.0,22.890667,v022c,90990.0,DONE,0.127958,0.171625,0.202125,0,0,0,0,0,0,0,0,0,0,win,0,17
0,0,0,0,"{'PASS': 812, 'PICKUP': 167, 'WEST': 978, 'NORTH': 904, 'BUILD_PASTURE': 14, 'PLACE': 14, 'PLANT': 158, 'WATER': 922, 'FEED': 314, 'CARE': 322, 'EAST': 740, 'COLLECT_FERTILIZER': 314, 'SOUTH': 638, 'DROP': 106, 'HARVEST': 374, 'FERTILIZE': 80, 'DIG': 43}",719,v026a,103823.0,DONE,1,0,,,,,0,12833.0,0.3505,v022c,90990.0,DONE,0.120375,0.167792,0.200916,0,0,0,0,0,0,0,0,0,0,win,1,17
0,0,0,0,"{'PASS': 812, 'PICKUP': 167, 'WEST': 978, 'NORTH': 904, 'BUILD_PASTURE': 14, 'PLACE': 14, 'PLANT': 158, 'WATER': 922, 'FEED': 314, 'CARE': 322, 'EAST': 740, 'COLLECT_FERTILIZER': 314, 'SOUTH': 638, 'DROP': 106, 'HARVEST': 374, 'FERTILIZE': 80, 'DIG': 43}",719,v026a,77933.0,DONE,1,0,,,,,0,14025.0,0.345459,v022c,63908.0,DONE,0.128333,0.171333,0.21475,0,0,0,0,0,0,0,0,0,0,win,0,42
0,0,0,0,"{'PASS': 812, 'PICKUP': 167, 'WEST': 978, 'NORTH': 904, 'BUILD_PASTURE': 14, 'PLACE': 14, 'PLANT': 158, 'WATER': 922, 'FEED': 314, 'CARE': 322, 'EAST': 740, 'COLLECT_FERTILIZER': 314, 'SOUTH': 638, 'DROP': 106, 'HARVEST': 374, 'FERTILIZE': 80, 'DIG': 43}",719,v026a,78048.0,DONE,1,0,,,,,0,14485.0,0.525583,v022c,63563.0,DONE,0.121333,0.168416,0.193792,0,0,0,0,0,0,0,0,0,0,win,1,42
4,0,4,0,"{'PASS': 812, 'PICKUP': 167, 'WEST': 978, 'NORTH': 904, 'BUILD_PASTURE': 14, 'PLACE': 14, 'PLANT': 158, 'WATER': 921, 'FEED': 314, 'CARE': 322, 'EAST': 740, 'COLLECT_FERTILIZER': 314, 'SOUTH': 637, 'DROP': 106, 'HARVEST': 374, 'FERTILIZE': 80, 'DIG': 45}",719,v026a,105526.0,DONE,1,0,,,,,0,14941.0,31.983792,v022c,90585.0,DONE,0.130917,0.178125,0.277583,0,8,0,1,0,0,2,0,2,2,win,0,2026
7,0,7,0,"{'PASS': 812, 'PICKUP': 167, 'WEST': 977, 'NORTH': 904, 'BUILD_PASTURE': 14, 'PLACE': 14, 'PLANT': 158, 'WATER': 922, 'FEED': 314, 'CARE': 322, 'EAST': 740, 'COLLECT_FERTILIZER': 314, 'SOUTH': 638, 'DROP': 106, 'HARVEST': 374, 'DIG': 44, 'FERTILIZE': 80}",719,v026a,106091.0,DONE,1,0,,,,,0,14774.0,0.372875,v022c,91317.0,DONE,0.121042,0.168584,0.190459,0,1,1,0,0,0,1,0,1,1,win,1,2026
0,0,0,0,"{'PASS': 812, 'PICKUP': 167, 'WEST': 978, 'NORTH': 904, 'BUILD_PASTURE': 14, 'PLACE': 14, 'PLANT': 158, 'WATER': 922, 'FEED': 314, 'CARE': 322, 'EAST': 740, 'COLLECT_FERTILIZER': 314, 'SOUTH': 638, 'DROP': 106, 'HARVEST': 374, 'FERTILIZE': 80, 'DIG': 43}",719,v026a,158357.0,DONE,1,0,,,,,0,21762.0,0.365666,v022c,136595.0,DONE,0.128625,0.178333,0.295458,0,0,0,0,0,0,0,0,0,0,win,0,217
1,0,1,0,"{'PASS': 812, 'PICKUP': 167, 'WEST': 978, 'NORTH': 904, 'BUILD_PASTURE': 14, 'PLACE': 14, 'PLANT': 158, 'WATER': 921, 'FEED': 314, 'CARE': 322, 'EAST': 740, 'COLLECT_FERTILIZER': 314, 'SOUTH': 638, 'DROP': 106, 'HARVEST': 374, 'FERTILIZE': 80, 'DIG': 44}",719,v026a,156304.0,DONE,1,0,,,,,0,21373.0,0.487708,v022c,134931.0,DONE,0.120625,0.168709,0.211125,0,0,0,1,0,0,1,0,1,1,win,1,217
0,0,0,0,"{'PASS': 812, 'PICKUP': 167, 'WEST': 978, 'NORTH': 904, 'BUILD_PASTURE': 14, 'PLACE': 14, 'PLANT': 158, 'WATER': 922, 'FEED': 314, 'CARE': 322, 'EAST': 740, 'COLLECT_FERTILIZER': 314, 'SOUTH': 638, 'DROP': 106, 'HARVEST': 374, 'FERTILIZE': 80, 'DIG': 43}",719,v026a,96795.0,DONE,1,0,,,,,0,13973.0,0.337125,v022c,82822.0,DONE,0.1295,0.177833,0.255541,0,0,0,0,0,0,0,0,0,0,win,0,317
0,0,0,0,"{'PASS': 812, 'PICKUP': 167, 'WEST': 978, 'NORTH': 904, 'BUILD_PASTURE': 14, 'PLACE': 14, 'PLANT': 158, 'WATER': 922, 'FEED': 314, 'CARE': 322, 'EAST': 740, 'COLLECT_FERTILIZER': 314, 'SOUTH': 638, 'DROP': 106, 'HARVEST': 374, 'FERTILIZE': 80, 'DIG': 43}",719,v026a,96798.0,DONE,1,0,,,,,0,13838.0,20.887291,v022c,82960.0,DONE,0.120417,0.169209,0.208167,0,0,0,0,0,0,0,0,0,0,win,1,317
0,0,0,0,"{'PASS': 812, 'PICKUP': 167, 'WEST': 978, 'NORTH': 904, 'BUILD_PASTURE': 14, 'PLACE': 14, 'PLANT': 158, 'WATER': 922, 'FEED': 314, 'CARE': 322, 'EAST': 740, 'COLLECT_FERTILIZER': 314, 'SOUTH': 638, 'DROP': 106, 'HARVEST': 374, 'FERTILIZE': 80, 'DIG': 43}",719,v026a,105557.0,DONE,1,0,,,,,0,15650.0,0.4715,v022c,89907.0,DONE,0.129917,0.176792,0.270875,0,0,0,0,0,0,0,0,0,0,win,0,733
1,0,1,0,"{'PASS': 812, 'PICKUP': 167, 'WEST': 978, 'NORTH': 904, 'BUILD_PASTURE': 14, 'PLACE': 14, 'PLANT': 158, 'WATER': 921, 'FEED': 314, 'CARE': 322, 'EAST': 740, 'COLLECT_FERTILIZER': 314, 'SOUTH': 638, 'DROP': 106, 'HARVEST': 374, 'DIG': 44, 'FERTILIZE': 80}",719,v026a,105803.0,DONE,1,0,,,,,0,15625.0,0.395083,v022c,90178.0,DONE,0.120917,0.165667,0.184792,0,5,1,0,0,0,1,0,1,1,win,1,733
0,0,0,0,"{'PASS': 812, 'PICKUP': 167, 'WEST': 978, 'NORTH': 904, 'BUILD_PASTURE': 14, 'PLACE': 14, 'PLANT': 158, 'WATER': 922, 'FEED': 314, 'CARE': 322, 'EAST': 740, 'COLLECT_FERTILIZER': 314, 'SOUTH': 638, 'DROP': 106, 'HARVEST': 374, 'FERTILIZE': 80, 'DIG': 43}",719,v026a,128370.0,DONE,1,0,,,,,0,7394.0,0.420292,v13_r3,120976.0,DONE,0.1295,0.178917,0.269625,0,0,0,0,0,0,0,0,0,0,win,0,17
0,0,0,0,"{'PASS': 812, 'PICKUP': 167, 'WEST': 978, 'NORTH': 904, 'BUILD_PASTURE': 14, 'PLACE': 14, 'PLANT': 158, 'WATER': 922, 'FEED': 314, 'CARE': 322, 'EAST': 740, 'COLLECT_FERTILIZER': 314, 'SOUTH': 638, 'DROP': 106, 'HARVEST': 374, 'FERTILIZE': 80, 'DIG': 43}",719,v026a,128370.0,DONE,1,0,,,,,0,7394.0,0.348459,v13_r3,120976.0,DONE,0.119458,0.166958,0.189375,0,0,0,0,0,0,0,0,0,0,win,1,17
0,0,0,0,"{'PASS': 812, 'PICKUP': 167, 'WEST': 978, 'NORTH': 904, 'BUILD_PASTURE': 14, 'PLACE': 14, 'PLANT': 158, 'WATER': 922, 'FEED': 314, 'CARE': 322, 'EAST': 740, 'COLLECT_FERTILIZER': 314, 'SOUTH': 638, 'DROP': 106, 'HARVEST': 374, 'FERTILIZE': 80, 'DIG': 43}",719,v026a,132400.0,DONE,1,0,,,,,0,6781.0,21.350333,v13_r3,125619.0,DONE,0.130459,0.176292,0.226791,0,0,0,0,0,0,0,0,0,0,win,0,42
0,0,0,0,"{'PASS': 812, 'PICKUP': 167, 'WEST': 978, 'NORTH': 904, 'BUILD_PASTURE': 14, 'PLACE': 14, 'PLANT': 158, 'WATER': 922, 'FEED': 314, 'CARE': 322, 'EAST': 740, 'COLLECT_FERTILIZER': 314, 'SOUTH': 638, 'DROP': 106, 'HARVEST': 374, 'FERTILIZE': 80, 'DIG': 43}",719,v026a,132400.0,DONE,1,0,,,,,0,6781.0,0.3545,v13_r3,125619.0,DONE,0.119375,0.1665,0.192334,0,0,0,0,0,0,0,0,0,0,win,1,42
4,0,4,0,"{'PASS': 812, 'PICKUP': 167, 'WEST': 978, 'NORTH': 904, 'BUILD_PASTURE': 14, 'PLACE': 14, 'PLANT': 158, 'WATER': 921, 'FEED': 314, 'CARE': 322, 'EAST': 740, 'COLLECT_FERTILIZER': 314, 'SOUTH': 637, 'DROP': 106, 'HARVEST': 374, 'FERTILIZE': 80, 'DIG': 45}",719,v026a,106611.0,DONE,1,0,,,,,0,7453.0,0.450666,v13_r3,99158.0,DONE,0.129417,0.179334,0.272792,0,8,0,1,0,0,2,0,2,2,win,0,2026
0,0,0,0,"{'PASS': 812, 'PICKUP': 167, 'WEST': 978, 'NORTH': 904, 'BUILD_PASTURE': 14, 'PLACE': 14, 'PLANT': 158, 'WATER': 922, 'FEED': 314, 'CARE': 322, 'EAST': 740, 'COLLECT_FERTILIZER': 314, 'SOUTH': 638, 'DROP': 106, 'HARVEST': 374, 'FERTILIZE': 80, 'DIG': 43}",719,v026a,106842.0,DONE,1,0,,,,,0,7793.0,0.332667,v13_r3,99049.0,DONE,0.119334,0.166125,0.207458,0,0,0,0,0,0,0,0,0,0,win,1,2026
0,0,0,0,"{'PASS': 812, 'PICKUP': 167, 'WEST': 978, 'NORTH': 904, 'BUILD_PASTURE': 14, 'PLACE': 14, 'PLANT': 158, 'WATER': 922, 'FEED': 314, 'CARE': 322, 'EAST': 740, 'COLLECT_FERTILIZER': 314, 'SOUTH': 638, 'DROP': 106, 'HARVEST': 374, 'FERTILIZE': 80, 'DIG': 43}",719,v026a,109930.0,DONE,1,0,,,,,0,7248.0,60.896084,v13_r3,102682.0,DONE,0.13025,0.175792,0.27975,0,0,0,0,0,0,0,0,0,0,win,0,217
5,0,5,0,"{'PASS': 812, 'PICKUP': 167, 'WEST': 977, 'NORTH': 904, 'BUILD_PASTURE': 14, 'PLACE': 14, 'PLANT': 158, 'WATER': 922, 'FEED': 314, 'CARE': 322, 'EAST': 740, 'COLLECT_FERTILIZER': 314, 'SOUTH': 638, 'DROP': 106, 'HARVEST': 374, 'DIG': 44, 'FERTILIZE': 80}",719,v026a,104681.0,DONE,1,0,,,,,0,7116.0,0.233625,v13_r3,97565.0,DONE,0.119709,0.1665,0.187666,0,1,1,0,0,0,1,0,1,1,win,1,217
0,0,0,0,"{'PASS': 812, 'PICKUP': 167, 'WEST': 978, 'NORTH': 904, 'BUILD_PASTURE': 14, 'PLACE': 14, 'PLANT': 158, 'WATER': 922, 'FEED': 314, 'CARE': 322, 'EAST': 740, 'COLLECT_FERTILIZER': 314, 'SOUTH': 638, 'DROP': 106, 'HARVEST': 374, 'FERTILIZE': 80, 'DIG': 43}",719,v026a,119621.0,DONE,1,0,,,,,0,8171.0,0.478875,v13_r3,111450.0,DONE,0.129708,0.183459,0.271041,0,0,0,0,0,0,0,0,0,0,win,0,317
0,0,0,0,"{'PASS': 812, 'PICKUP': 167, 'WEST': 978, 'NORTH': 904, 'BUILD_PASTURE': 14, 'PLACE': 14, 'PLANT': 158, 'WATER': 922, 'FEED': 314, 'CARE': 322, 'EAST': 740, 'COLLECT_FERTILIZER': 314, 'SOUTH': 637, 'DROP': 106, 'HARVEST': 374, 'FERTILIZE': 80, 'DIG': 44}",719,v026a,119618.0,DONE,1,0,,,,,0,7608.0,0.226208,v13_r3,112010.0,DONE,0.119333,0.166875,0.190792,0,8,0,0,0,0,1,0,1,1,win,1,317
0,0,0,0,"{'PASS': 812, 'PICKUP': 167, 'WEST': 978, 'NORTH': 904, 'BUILD_PASTURE': 14, 'PLACE': 14, 'PLANT': 158, 'WATER': 922, 'FEED': 314, 'CARE': 322, 'EAST': 740, 'COLLECT_FERTILIZER': 314, 'SOUTH': 638, 'DROP': 106, 'HARVEST': 374, 'FERTILIZE': 80, 'DIG': 43}",719,v026a,146254.0,DONE,1,0,,,,,0,7370.0,61.7775,v13_r3,138884.0,DONE,0.130334,0.176333,0.294292,0,0,0,0,0,0,0,0,0,0,win,0,733
0,0,0,0,"{'PASS': 812, 'PICKUP': 167, 'WEST': 978, 'NORTH': 904, 'BUILD_PASTURE': 14, 'PLACE': 14, 'PLANT': 158, 'WATER': 921, 'FEED': 314, 'CARE': 322, 'EAST': 740, 'COLLECT_FERTILIZER': 314, 'SOUTH': 638, 'DROP': 106, 'HARVEST': 374, 'DIG': 44, 'FERTILIZE': 80}",719,v026a,145350.0,DONE,1,0,,,,,0,5473.0,0.316708,v13_r3,139877.0,DONE,0.121084,0.165459,0.201417,0,8,1,0,0,0,1,0,1,1,win,1,733
0,0,0,0,"{'PASS': 812, 'PICKUP': 167, 'WEST': 978, 'NORTH': 904, 'BUILD_PASTURE': 14, 'PLACE': 14, 'PLANT': 158, 'WATER': 922, 'FEED': 314, 'CARE': 322, 'EAST': 740, 'COLLECT_FERTILIZER': 314, 'SOUTH': 638, 'DROP': 106, 'HARVEST': 374, 'FERTILIZE': 80, 'DIG': 43}",719,v026a,116208.0,DONE,1,0,,,,,0,14635.0,0.395834,v21_1,101573.0,DONE,0.131208,0.183375,0.288958,0,0,0,0,0,0,0,0,0,0,win,0,17
0,0,0,0,"{'PASS': 812, 'PICKUP': 167, 'WEST': 978, 'NORTH': 904, 'BUILD_PASTURE': 14, 'PLACE': 14, 'PLANT': 158, 'WATER': 922, 'FEED': 314, 'CARE': 322, 'EAST': 740, 'COLLECT_FERTILIZER': 314, 'SOUTH': 638, 'DROP': 106, 'HARVEST': 374, 'FERTILIZE': 80, 'DIG': 43}",719,v026a,116208.0,DONE,1,0,,,,,0,14635.0,41.009125,v21_1,101573.0,DONE,0.118,0.165166,0.19375,0,0,0,0,0,0,0,0,0,0,win,1,17
0,0,0,0,"{'PASS': 812, 'PICKUP': 167, 'WEST': 978, 'NORTH': 904, 'BUILD_PASTURE': 14, 'PLACE': 14, 'PLANT': 158, 'WATER': 922, 'FEED': 314, 'CARE': 322, 'EAST': 740, 'COLLECT_FERTILIZER': 314, 'SOUTH': 638, 'DROP': 106, 'HARVEST': 374, 'FERTILIZE': 80, 'DIG': 43}",719,v026a,133149.0,DONE,1,0,,,,,0,8278.0,36.207333,v21_1,124871.0,DONE,0.129916,0.1855,0.2895,0,0,0,0,0,0,0,0,0,0,win,0,42
0,0,0,0,"{'PASS': 812, 'PICKUP': 167, 'WEST': 978, 'NORTH': 904, 'BUILD_PASTURE': 14, 'PLACE': 14, 'PLANT': 158, 'WATER': 922, 'FEED': 314, 'CARE': 322, 'EAST': 740, 'COLLECT_FERTILIZER': 314, 'SOUTH': 638, 'DROP': 106, 'HARVEST': 374, 'FERTILIZE': 80, 'DIG': 43}",719,v026a,133149.0,DONE,1,0,,,,,0,8278.0,0.240042,v21_1,124871.0,DONE,0.117708,0.162625,0.189541,0,0,0,0,0,0,0,0,0,0,win,1,42
4,0,4,0,"{'PASS': 812, 'PICKUP': 167, 'WEST': 978, 'NORTH': 904, 'BUILD_PASTURE': 14, 'PLACE': 14, 'PLANT': 158, 'WATER': 921, 'FEED': 314, 'CARE': 322, 'EAST': 740, 'COLLECT_FERTILIZER': 314, 'SOUTH': 637, 'DROP': 106, 'HARVEST': 374, 'FERTILIZE': 80, 'DIG': 45}",719,v026a,97396.0,DONE,1,0,,,,,0,11031.0,0.342041,v21_1,86365.0,DONE,0.129416,0.179209,0.274791,0,8,0,1,0,0,2,0,2,2,win,0,2026
0,0,0,0,"{'PASS': 812, 'PICKUP': 167, 'WEST': 978, 'NORTH': 904, 'BUILD_PASTURE': 14, 'PLACE': 14, 'PLANT': 158, 'WATER': 922, 'FEED': 314, 'CARE': 322, 'EAST': 740, 'COLLECT_FERTILIZER': 314, 'SOUTH': 638, 'DROP': 106, 'HARVEST': 374, 'FERTILIZE': 80, 'DIG': 43}",719,v026a,97619.0,DONE,1,0,,,,,0,11281.0,40.874541,v21_1,86338.0,DONE,0.120667,0.16575,0.18475,0,0,0,0,0,0,0,0,0,0,win,1,2026
0,0,0,0,"{'PASS': 812, 'PICKUP': 167, 'WEST': 978, 'NORTH': 904, 'BUILD_PASTURE': 14, 'PLACE': 14, 'PLANT': 158, 'WATER': 922, 'FEED': 314, 'CARE': 322, 'EAST': 740, 'COLLECT_FERTILIZER': 314, 'SOUTH': 638, 'DROP': 106, 'HARVEST': 374, 'FERTILIZE': 80, 'DIG': 43}",719,v026a,110627.0,DONE,1,0,,,,,0,8622.0,36.470292,v21_1,102005.0,DONE,0.131084,0.183541,0.2895,0,0,0,0,0,0,0,0,0,0,win,0,217
5,0,5,0,"{'PASS': 812, 'PICKUP': 167, 'WEST': 977, 'NORTH': 904, 'BUILD_PASTURE': 14, 'PLACE': 14, 'PLANT': 158, 'WATER': 922, 'FEED': 314, 'CARE': 322, 'EAST': 740, 'COLLECT_FERTILIZER': 314, 'SOUTH': 638, 'DROP': 106, 'HARVEST': 374, 'DIG': 44, 'FERTILIZE': 80}",719,v026a,105087.0,DONE,1,0,,,,,0,8495.0,0.294209,v21_1,96592.0,DONE,0.118625,0.169458,0.193833,0,1,1,0,0,0,1,0,1,1,win,1,217
0,0,0,0,"{'PASS': 812, 'PICKUP': 167, 'WEST': 978, 'NORTH': 904, 'BUILD_PASTURE': 14, 'PLACE': 14, 'PLANT': 158, 'WATER': 922, 'FEED': 314, 'CARE': 322, 'EAST': 740, 'COLLECT_FERTILIZER': 314, 'SOUTH': 638, 'DROP': 106, 'HARVEST': 374, 'FERTILIZE': 80, 'DIG': 43}",719,v026a,119914.0,DONE,1,0,,,,,0,9209.0,0.425333,v21_1,110705.0,DONE,0.128375,0.176917,0.267,0,0,0,0,0,0,0,0,0,0,win,0,317
0,0,0,0,"{'PASS': 812, 'PICKUP': 167, 'WEST': 978, 'NORTH': 904, 'BUILD_PASTURE': 14, 'PLACE': 14, 'PLANT': 158, 'WATER': 922, 'FEED': 314, 'CARE': 322, 'EAST': 740, 'COLLECT_FERTILIZER': 314, 'SOUTH': 637, 'DROP': 106, 'HARVEST': 374, 'FERTILIZE': 80, 'DIG': 44}",719,v026a,119914.0,DONE,1,0,,,,,0,9209.0,0.23125,v21_1,110705.0,DONE,0.1185,0.165625,0.1845,0,8,0,0,0,0,1,0,1,1,win,1,317
0,0,0,0,"{'PASS': 812, 'PICKUP': 167, 'WEST': 978, 'NORTH': 904, 'BUILD_PASTURE': 14, 'PLACE': 14, 'PLANT': 158, 'WATER': 922, 'FEED': 314, 'CARE': 322, 'EAST': 740, 'COLLECT_FERTILIZER': 314, 'SOUTH': 638, 'DROP': 106, 'HARVEST': 374, 'FERTILIZE': 80, 'DIG': 43}",719,v026a,159039.0,DONE,1,0,,,,,0,14247.0,41.780083,v21_1,144792.0,DONE,0.128834,0.176667,0.255417,0,0,0,0,0,0,0,0,0,0,win,0,733
1,0,1,0,"{'PASS': 812, 'PICKUP': 167, 'WEST': 978, 'NORTH': 904, 'BUILD_PASTURE': 14, 'PLACE': 14, 'PLANT': 158, 'WATER': 921, 'FEED': 314, 'CARE': 322, 'EAST': 740, 'COLLECT_FERTILIZER': 314, 'SOUTH': 638, 'DROP': 106, 'HARVEST': 374, 'DIG': 44, 'FERTILIZE': 80}",719,v026a,157776.0,DONE,1,0,,,,,0,12690.0,0.349125,v21_1,145086.0,DONE,0.119958,0.1635,0.1795,0,5,1,0,0,0,1,0,1,1,win,1,733
0,0,0,0,"{'PASS': 812, 'PICKUP': 167, 'WEST': 978, 'NORTH': 904, 'BUILD_PASTURE': 14, 'PLACE': 14, 'PLANT': 158, 'WATER': 922, 'FEED': 314, 'CARE': 322, 'EAST': 740, 'COLLECT_FERTILIZER': 314, 'SOUTH': 638, 'DROP': 106, 'HARVEST': 374, 'FERTILIZE': 80, 'DIG': 43}",719,v026a,119563.0,DONE,1,0,,,,,0,17220.0,75.455833,v012,102343.0,DONE,0.129417,0.178166,0.218084,0,0,0,0,0,0,0,0,0,0,win,0,17
0,0,0,0,"{'PASS': 812, 'PICKUP': 167, 'WEST': 978, 'NORTH': 904, 'BUILD_PASTURE': 14, 'PLACE': 14, 'PLANT': 158, 'WATER': 922, 'FEED': 314, 'CARE': 322, 'EAST': 740, 'COLLECT_FERTILIZER': 314, 'SOUTH': 638, 'DROP': 106, 'HARVEST': 374, 'FERTILIZE': 80, 'DIG': 43}",719,v026a,119563.0,DONE,1,0,,,,,0,17220.0,42.678292,v012,102343.0,DONE,0.126083,0.171333,0.21075,0,0,0,0,0,0,0,0,0,0,win,1,17
0,0,0,0,"{'PASS': 812, 'PICKUP': 167, 'WEST': 978, 'NORTH': 904, 'BUILD_PASTURE': 14, 'PLACE': 14, 'PLANT': 158, 'WATER': 922, 'FEED': 314, 'CARE': 322, 'EAST': 740, 'COLLECT_FERTILIZER': 314, 'SOUTH': 638, 'DROP': 106, 'HARVEST': 374, 'FERTILIZE': 80, 'DIG': 43}",719,v026a,92297.0,DONE,1,0,,,,,0,8015.0,0.33625,v012,84282.0,DONE,0.128208,0.183625,0.277125,0,0,0,0,0,0,0,0,0,0,win,0,42
0,0,0,0,"{'PASS': 812, 'PICKUP': 167, 'WEST': 978, 'NORTH': 904, 'BUILD_PASTURE': 14, 'PLACE': 14, 'PLANT': 158, 'WATER': 922, 'FEED': 314, 'CARE': 322, 'EAST': 740, 'COLLECT_FERTILIZER': 314, 'SOUTH': 638, 'DROP': 106, 'HARVEST': 374, 'FERTILIZE': 80, 'DIG': 43}",719,v026a,92329.0,DONE,1,0,,,,,0,8141.0,0.34325,v012,84188.0,DONE,0.125084,0.174458,0.217625,0,0,0,0,0,0,0,0,0,0,win,1,42
4,0,4,0,"{'PASS': 812, 'PICKUP': 167, 'WEST': 978, 'NORTH': 904, 'BUILD_PASTURE': 14, 'PLACE': 14, 'PLANT': 158, 'WATER': 921, 'FEED': 314, 'CARE': 322, 'EAST': 740, 'COLLECT_FERTILIZER': 314, 'SOUTH': 637, 'DROP': 106, 'HARVEST': 374, 'FERTILIZE': 80, 'DIG': 45}",719,v026a,109982.0,DONE,1,0,,,,,0,10389.0,0.384917,v012,99593.0,DONE,0.130417,0.189292,0.308583,0,8,0,1,0,0,2,0,2,2,win,0,2026
5,0,5,0,"{'PASS': 812, 'PICKUP': 167, 'WEST': 978, 'NORTH': 903, 'BUILD_PASTURE': 14, 'PLACE': 14, 'PLANT': 158, 'WATER': 921, 'FEED': 314, 'CARE': 322, 'EAST': 740, 'COLLECT_FERTILIZER': 314, 'SOUTH': 638, 'DROP': 106, 'HARVEST': 374, 'DIG': 45, 'FERTILIZE': 80}",719,v026a,109807.0,DONE,1,0,,,,,0,9803.0,0.422208,v012,100004.0,DONE,0.127042,0.171625,0.20125,0,1,1,1,0,0,2,0,2,2,win,1,2026
0,0,0,0,"{'PASS': 812, 'PICKUP': 167, 'WEST': 978, 'NORTH': 904, 'BUILD_PASTURE': 14, 'PLACE': 14, 'PLANT': 158, 'WATER': 922, 'FEED': 314, 'CARE': 322, 'EAST': 740, 'COLLECT_FERTILIZER': 314, 'SOUTH': 638, 'DROP': 106, 'HARVEST': 374, 'FERTILIZE': 80, 'DIG': 43}",719,v026a,172136.0,DONE,1,0,,,,,0,17683.0,0.351375,v012,154453.0,DONE,0.128584,0.180584,0.291708,0,0,0,0,0,0,0,0,0,0,win,0,217
1,0,1,0,"{'PASS': 812, 'PICKUP': 167, 'WEST': 978, 'NORTH': 904, 'BUILD_PASTURE': 14, 'PLACE': 14, 'PLANT': 158, 'WATER': 921, 'FEED': 314, 'CARE': 322, 'EAST': 740, 'COLLECT_FERTILIZER': 314, 'SOUTH': 638, 'DROP': 106, 'HARVEST': 374, 'FERTILIZE': 80, 'DIG': 44}",719,v026a,174645.0,DONE,1,0,,,,,0,17569.0,0.354333,v012,157076.0,DONE,0.124917,0.173125,0.197083,0,0,0,1,0,0,1,0,1,1,win,1,217
0,0,0,0,"{'PASS': 812, 'PICKUP': 167, 'WEST': 978, 'NORTH': 904, 'BUILD_PASTURE': 14, 'PLACE': 14, 'PLANT': 158, 'WATER': 922, 'FEED': 314, 'CARE': 322, 'EAST': 740, 'COLLECT_FERTILIZER': 314, 'SOUTH': 638, 'DROP': 106, 'HARVEST': 374, 'FERTILIZE': 80, 'DIG': 43}",719,v026a,102191.0,DONE,1,0,,,,,0,11062.0,0.28425,v012,91129.0,DONE,0.129042,0.172917,0.203083,0,0,0,0,0,0,0,0,0,0,win,0,317
0,0,0,0,"{'PASS': 812, 'PICKUP': 167, 'WEST': 978, 'NORTH': 904, 'BUILD_PASTURE': 14, 'PLACE': 14, 'PLANT': 158, 'WATER': 922, 'FEED': 314, 'CARE': 322, 'EAST': 740, 'COLLECT_FERTILIZER': 314, 'SOUTH': 638, 'DROP': 106, 'HARVEST': 374, 'FERTILIZE': 80, 'DIG': 43}",719,v026a,102193.0,DONE,1,0,,,,,0,11169.0,0.357334,v012,91024.0,DONE,0.124958,0.170959,0.205209,0,0,0,0,0,0,0,0,0,0,win,1,317
0,0,0,0,"{'PASS': 812, 'PICKUP': 167, 'WEST': 978, 'NORTH': 904, 'BUILD_PASTURE': 14, 'PLACE': 14, 'PLANT': 158, 'WATER': 922, 'FEED': 314, 'CARE': 322, 'EAST': 740, 'COLLECT_FERTILIZER': 314, 'SOUTH': 638, 'DROP': 106, 'HARVEST': 374, 'FERTILIZE': 80, 'DIG': 43}",719,v026a,130628.0,DONE,1,0,,,,,0,10495.0,0.334709,v012,120133.0,DONE,0.128083,0.177667,0.256666,0,0,0,0,0,0,0,0,0,0,win,0,733
1,0,1,0,"{'PASS': 812, 'PICKUP': 167, 'WEST': 978, 'NORTH': 904, 'BUILD_PASTURE': 14, 'PLACE': 14, 'PLANT': 158, 'WATER': 921, 'FEED': 314, 'CARE': 322, 'EAST': 740, 'COLLECT_FERTILIZER': 314, 'SOUTH': 638, 'DROP': 106, 'HARVEST': 374, 'DIG': 44, 'FERTILIZE': 80}",719,v026a,130564.0,DONE,1,0,,,,,0,10017.0,0.382,v012,120547.0,DONE,0.125125,0.174791,0.211875,0,5,1,0,0,0,1,0,1,1,win,1,733
0,0,0,0,"{'PASS': 812, 'PICKUP': 167, 'WEST': 978, 'NORTH': 904, 'BUILD_PASTURE': 14, 'PLACE': 14, 'PLANT': 158, 'WATER': 922, 'FEED': 314, 'CARE': 322, 'EAST': 740, 'COLLECT_FERTILIZER': 314, 'SOUTH': 638, 'DROP': 106, 'HARVEST': 374, 'FERTILIZE': 80, 'DIG': 43}",719,v026a,140023.0,DONE,1,0,,,,,0,18222.0,0.39075,v024a,121801.0,DONE,0.130833,0.177375,0.276875,0,0,0,0,0,0,0,0,0,0,win,0,17
0,0,0,0,"{'PASS': 812, 'PICKUP': 167, 'WEST': 978, 'NORTH': 904, 'BUILD_PASTURE': 14, 'PLACE': 14, 'PLANT': 158, 'WATER': 922, 'FEED': 314, 'CARE': 322, 'EAST': 740, 'COLLECT_FERTILIZER': 314, 'SOUTH': 638, 'DROP': 106, 'HARVEST': 374, 'FERTILIZE': 80, 'DIG': 43}",719,v026a,140023.0,DONE,1,0,,,,,0,18222.0,0.306,v024a,121801.0,DONE,0.122209,0.169709,0.221291,0,0,0,0,0,0,0,0,0,0,win,1,17
0,0,0,0,"{'PASS': 812, 'PICKUP': 167, 'WEST': 978, 'NORTH': 904, 'BUILD_PASTURE': 14, 'PLACE': 14, 'PLANT': 158, 'WATER': 922, 'FEED': 314, 'CARE': 322, 'EAST': 740, 'COLLECT_FERTILIZER': 314, 'SOUTH': 638, 'DROP': 106, 'HARVEST': 374, 'FERTILIZE': 80, 'DIG': 43}",719,v026a,142379.0,DONE,1,0,,,,,0,17392.0,0.305208,v024a,124987.0,DONE,0.129458,0.184042,0.274417,0,0,0,0,0,0,0,0,0,0,win,0,42
0,0,0,0,"{'PASS': 812, 'PICKUP': 167, 'WEST': 978, 'NORTH': 904, 'BUILD_PASTURE': 14, 'PLACE': 14, 'PLANT': 158, 'WATER': 922, 'FEED': 314, 'CARE': 322, 'EAST': 740, 'COLLECT_FERTILIZER': 314, 'SOUTH': 638, 'DROP': 106, 'HARVEST': 374, 'FERTILIZE': 80, 'DIG': 43}",719,v026a,142379.0,DONE,1,0,,,,,0,17392.0,0.306041,v024a,124987.0,DONE,0.122708,0.169709,0.226459,0,0,0,0,0,0,0,0,0,0,win,1,42
4,0,4,0,"{'PASS': 812, 'PICKUP': 167, 'WEST': 978, 'NORTH': 904, 'BUILD_PASTURE': 14, 'PLACE': 14, 'PLANT': 158, 'WATER': 921, 'FEED': 314, 'CARE': 322, 'EAST': 740, 'COLLECT_FERTILIZER': 314, 'SOUTH': 637, 'DROP': 106, 'HARVEST': 374, 'FERTILIZE': 80, 'DIG': 45}",719,v026a,121059.0,DONE,1,0,,,,,0,18738.0,27.177458,v024a,102321.0,DONE,0.131084,0.177208,0.261042,0,8,0,1,0,0,2,0,2,2,win,0,2026
0,0,0,0,"{'PASS': 812, 'PICKUP': 167, 'WEST': 978, 'NORTH': 904, 'BUILD_PASTURE': 14, 'PLACE': 14, 'PLANT': 158, 'WATER': 922, 'FEED': 314, 'CARE': 322, 'EAST': 740, 'COLLECT_FERTILIZER': 314, 'SOUTH': 638, 'DROP': 106, 'HARVEST': 374, 'FERTILIZE': 80, 'DIG': 43}",719,v026a,121278.0,DONE,1,0,,,,,0,19185.0,27.087292,v024a,102093.0,DONE,0.121458,0.167458,0.202666,0,0,0,0,0,0,0,0,0,0,win,1,2026
0,0,0,0,"{'PASS': 812, 'PICKUP': 167, 'WEST': 978, 'NORTH': 904, 'BUILD_PASTURE': 14, 'PLACE': 14, 'PLANT': 158, 'WATER': 922, 'FEED': 314, 'CARE': 322, 'EAST': 740, 'COLLECT_FERTILIZER': 314, 'SOUTH': 638, 'DROP': 106, 'HARVEST': 374, 'FERTILIZE': 80, 'DIG': 43}",719,v026a,122246.0,DONE,1,0,,,,,0,18312.0,27.896541,v024a,103934.0,DONE,0.131208,0.190167,0.308166,0,0,0,0,0,0,0,0,0,0,win,0,217
5,0,5,0,"{'PASS': 812, 'PICKUP': 167, 'WEST': 977, 'NORTH': 904, 'BUILD_PASTURE': 14, 'PLACE': 14, 'PLANT': 158, 'WATER': 922, 'FEED': 314, 'CARE': 322, 'EAST': 740, 'COLLECT_FERTILIZER': 314, 'SOUTH': 638, 'DROP': 106, 'HARVEST': 374, 'DIG': 44, 'FERTILIZE': 80}",719,v026a,112154.0,DONE,1,0,,,,,0,16364.0,0.326583,v024a,95790.0,DONE,0.121916,0.168791,0.219917,0,1,1,0,0,0,1,0,1,1,win,1,217
0,0,0,0,"{'PASS': 812, 'PICKUP': 167, 'WEST': 978, 'NORTH': 904, 'BUILD_PASTURE': 14, 'PLACE': 14, 'PLANT': 158, 'WATER': 922, 'FEED': 314, 'CARE': 322, 'EAST': 740, 'COLLECT_FERTILIZER': 314, 'SOUTH': 638, 'DROP': 106, 'HARVEST': 374, 'FERTILIZE': 80, 'DIG': 43}",719,v026a,127763.0,DONE,1,0,,,,,0,18371.0,31.709667,v024a,109392.0,DONE,0.130333,0.17675,0.292292,0,0,0,0,0,0,0,0,0,0,win,0,317
0,0,0,0,"{'PASS': 812, 'PICKUP': 167, 'WEST': 978, 'NORTH': 904, 'BUILD_PASTURE': 14, 'PLACE': 14, 'PLANT': 158, 'WATER': 922, 'FEED': 314, 'CARE': 322, 'EAST': 740, 'COLLECT_FERTILIZER': 314, 'SOUTH': 637, 'DROP': 106, 'HARVEST': 374, 'FERTILIZE': 80, 'DIG': 44}",719,v026a,127763.0,DONE,1,0,,,,,0,18192.0,0.430875,v024a,109571.0,DONE,0.122834,0.171,0.23775,0,8,0,0,0,0,1,0,1,1,win,1,317
0,0,0,0,"{'PASS': 812, 'PICKUP': 167, 'WEST': 978, 'NORTH': 904, 'BUILD_PASTURE': 14, 'PLACE': 14, 'PLANT': 158, 'WATER': 922, 'FEED': 314, 'CARE': 322, 'EAST': 740, 'COLLECT_FERTILIZER': 314, 'SOUTH': 638, 'DROP': 106, 'HARVEST': 374, 'FERTILIZE': 80, 'DIG': 43}",719,v026a,155459.0,DONE,1,0,,,,,0,19737.0,0.396541,v024a,135722.0,DONE,0.129292,0.179417,0.262333,0,0,0,0,0,0,0,0,0,0,win,0,733
0,0,0,0,"{'PASS': 812, 'PICKUP': 167, 'WEST': 978, 'NORTH': 904, 'BUILD_PASTURE': 14, 'PLACE': 14, 'PLANT': 158, 'WATER': 921, 'FEED': 314, 'CARE': 322, 'EAST': 740, 'COLLECT_FERTILIZER': 314, 'SOUTH': 638, 'DROP': 106, 'HARVEST': 374, 'DIG': 44, 'FERTILIZE': 80}",719,v026a,154486.0,DONE,1,0,,,,,0,17466.0,0.314833,v024a,137020.0,DONE,0.121583,0.169666,0.209708,0,8,1,0,0,0,1,0,1,1,win,1,733
0,0,0,0,"{'PASS': 812, 'PICKUP': 167, 'WEST': 978, 'NORTH': 904, 'BUILD_PASTURE': 14, 'PLACE': 14, 'PLANT': 158, 'WATER': 922, 'FEED': 314, 'CARE': 322, 'EAST': 740, 'COLLECT_FERTILIZER': 314, 'SOUTH': 638, 'DROP': 106, 'HARVEST': 374, 'FERTILIZE': 80, 'DIG': 43}",719,v026a,141686.0,DONE,1,0,,,,,0,21749.0,0.307417,v025b,119937.0,DONE,0.130291,0.174583,0.233625,0,0,0,0,0,0,0,0,0,0,win,0,17
0,0,0,0,"{'PASS': 812, 'PICKUP': 167, 'WEST': 978, 'NORTH': 904, 'BUILD_PASTURE': 14, 'PLACE': 14, 'PLANT': 158, 'WATER': 922, 'FEED': 314, 'CARE': 322, 'EAST': 740, 'COLLECT_FERTILIZER': 314, 'SOUTH': 638, 'DROP': 106, 'HARVEST': 374, 'FERTILIZE': 80, 'DIG': 43}",719,v026a,141686.0,DONE,1,0,,,,,0,21749.0,0.282042,v025b,119937.0,DONE,0.12075,0.166583,0.206208,0,0,0,0,0,0,0,0,0,0,win,1,17
0,0,0,0,"{'PASS': 812, 'PICKUP': 167, 'WEST': 978, 'NORTH': 904, 'BUILD_PASTURE': 14, 'PLACE': 14, 'PLANT': 158, 'WATER': 922, 'FEED': 314, 'CARE': 322, 'EAST': 740, 'COLLECT_FERTILIZER': 314, 'SOUTH': 638, 'DROP': 106, 'HARVEST': 374, 'FERTILIZE': 80, 'DIG': 43}",719,v026a,143874.0,DONE,1,0,,,,,0,20599.0,0.367375,v025b,123275.0,DONE,0.130459,0.175583,0.276166,0,0,0,0,0,0,0,0,0,0,win,0,42
0,0,0,0,"{'PASS': 812, 'PICKUP': 167, 'WEST': 978, 'NORTH': 904, 'BUILD_PASTURE': 14, 'PLACE': 14, 'PLANT': 158, 'WATER': 922, 'FEED': 314, 'CARE': 322, 'EAST': 740, 'COLLECT_FERTILIZER': 314, 'SOUTH': 638, 'DROP': 106, 'HARVEST': 374, 'FERTILIZE': 80, 'DIG': 43}",719,v026a,143874.0,DONE,1,0,,,,,0,20599.0,0.35225,v025b,123275.0,DONE,0.123708,0.167417,0.208,0,0,0,0,0,0,0,0,0,0,win,1,42
4,0,4,0,"{'PASS': 812, 'PICKUP': 167, 'WEST': 978, 'NORTH': 904, 'BUILD_PASTURE': 14, 'PLACE': 14, 'PLANT': 158, 'WATER': 921, 'FEED': 314, 'CARE': 322, 'EAST': 740, 'COLLECT_FERTILIZER': 314, 'SOUTH': 637, 'DROP': 106, 'HARVEST': 374, 'FERTILIZE': 80, 'DIG': 45}",719,v026a,122944.0,DONE,1,0,,,,,0,22775.0,0.399583,v025b,100169.0,DONE,0.130917,0.181208,0.275875,0,8,0,1,0,0,2,0,2,2,win,0,2026
0,0,0,0,"{'PASS': 812, 'PICKUP': 167, 'WEST': 978, 'NORTH': 904, 'BUILD_PASTURE': 14, 'PLACE': 14, 'PLANT': 158, 'WATER': 922, 'FEED': 314, 'CARE': 322, 'EAST': 740, 'COLLECT_FERTILIZER': 314, 'SOUTH': 638, 'DROP': 106, 'HARVEST': 374, 'FERTILIZE': 80, 'DIG': 43}",719,v026a,123177.0,DONE,1,0,,,,,0,23259.0,0.283666,v025b,99918.0,DONE,0.123458,0.174333,0.227,0,0,0,0,0,0,0,0,0,0,win,1,2026
0,0,0,0,"{'PASS': 812, 'PICKUP': 167, 'WEST': 978, 'NORTH': 904, 'BUILD_PASTURE': 14, 'PLACE': 14, 'PLANT': 158, 'WATER': 922, 'FEED': 314, 'CARE': 322, 'EAST': 740, 'COLLECT_FERTILIZER': 314, 'SOUTH': 638, 'DROP': 106, 'HARVEST': 374, 'FERTILIZE': 80, 'DIG': 43}",719,v026a,123733.0,DONE,1,0,,,,,0,21582.0,0.319625,v025b,102151.0,DONE,0.128958,0.1805,0.2665,0,0,0,0,0,0,0,0,0,0,win,0,217
5,0,5,0,"{'PASS': 812, 'PICKUP': 167, 'WEST': 977, 'NORTH': 904, 'BUILD_PASTURE': 14, 'PLACE': 14, 'PLANT': 158, 'WATER': 922, 'FEED': 314, 'CARE': 322, 'EAST': 740, 'COLLECT_FERTILIZER': 314, 'SOUTH': 638, 'DROP': 106, 'HARVEST': 374, 'DIG': 44, 'FERTILIZE': 80}",719,v026a,113715.0,DONE,1,0,,,,,0,19865.0,28.974625,v025b,93850.0,DONE,0.123833,0.174625,0.270125,0,1,1,0,0,0,1,0,1,1,win,1,217
0,0,0,0,"{'PASS': 812, 'PICKUP': 167, 'WEST': 978, 'NORTH': 904, 'BUILD_PASTURE': 14, 'PLACE': 14, 'PLANT': 158, 'WATER': 922, 'FEED': 314, 'CARE': 322, 'EAST': 740, 'COLLECT_FERTILIZER': 314, 'SOUTH': 638, 'DROP': 106, 'HARVEST': 374, 'FERTILIZE': 80, 'DIG': 43}",719,v026a,129914.0,DONE,1,0,,,,,0,22991.0,21.915542,v025b,106923.0,DONE,0.130167,0.175792,0.279958,0,0,0,0,0,0,0,0,0,0,win,0,317
0,0,0,0,"{'PASS': 812, 'PICKUP': 167, 'WEST': 978, 'NORTH': 904, 'BUILD_PASTURE': 14, 'PLACE': 14, 'PLANT': 158, 'WATER': 922, 'FEED': 314, 'CARE': 322, 'EAST': 740, 'COLLECT_FERTILIZER': 314, 'SOUTH': 637, 'DROP': 106, 'HARVEST': 374, 'FERTILIZE': 80, 'DIG': 44}",719,v026a,129914.0,DONE,1,0,,,,,0,22811.0,0.324417,v025b,107103.0,DONE,0.123667,0.167208,0.191666,0,8,0,0,0,0,1,0,1,1,win,1,317
0,0,0,0,"{'PASS': 812, 'PICKUP': 167, 'WEST': 978, 'NORTH': 904, 'BUILD_PASTURE': 14, 'PLACE': 14, 'PLANT': 158, 'WATER': 922, 'FEED': 314, 'CARE': 322, 'EAST': 740, 'COLLECT_FERTILIZER': 314, 'SOUTH': 638, 'DROP': 106, 'HARVEST': 374, 'FERTILIZE': 80, 'DIG': 43}",719,v026a,156463.0,DONE,1,0,,,,,0,21855.0,0.360167,v025b,134608.0,DONE,0.130458,0.178375,0.309125,0,0,0,0,0,0,0,0,0,0,win,0,733
0,0,0,0,"{'PASS': 812, 'PICKUP': 167, 'WEST': 978, 'NORTH': 904, 'BUILD_PASTURE': 14, 'PLACE': 14, 'PLANT': 158, 'WATER': 921, 'FEED': 314, 'CARE': 322, 'EAST': 740, 'COLLECT_FERTILIZER': 314, 'SOUTH': 638, 'DROP': 106, 'HARVEST': 374, 'DIG': 44, 'FERTILIZE': 80}",719,v026a,155493.0,DONE,1,0,,,,,0,19591.0,0.321625,v025b,135902.0,DONE,0.123458,0.169583,0.207417,0,8,1,0,0,0,1,0,1,1,win,1,733
0,0,0,0,"{'PASS': 812, 'PICKUP': 167, 'WEST': 978, 'NORTH': 904, 'BUILD_PASTURE': 14, 'PLACE': 14, 'PLANT': 158, 'WATER': 922, 'FEED': 314, 'CARE': 322, 'EAST': 740, 'COLLECT_FERTILIZER': 314, 'SOUTH': 638, 'DROP': 106, 'HARVEST': 374, 'FERTILIZE': 80, 'DIG': 43}",719,v026a,117349.0,DONE,1,0,,,,,0,9226.0,0.367875,hamburger,108123.0,DONE,0.128458,0.180208,0.2745,0,0,0,0,0,0,0,0,0,0,win,0,17
0,0,0,0,"{'PASS': 812, 'PICKUP': 167, 'WEST': 978, 'NORTH': 904, 'BUILD_PASTURE': 14, 'PLACE': 14, 'PLANT': 158, 'WATER': 922, 'FEED': 314, 'CARE': 322, 'EAST': 740, 'COLLECT_FERTILIZER': 314, 'SOUTH': 638, 'DROP': 106, 'HARVEST': 374, 'FERTILIZE': 80, 'DIG': 43}",719,v026a,117349.0,DONE,1,0,,,,,0,9226.0,0.466666,hamburger,108123.0,DONE,0.125208,0.169792,0.1985,0,0,0,0,0,0,0,0,0,0,win,1,17
0,0,0,0,"{'PASS': 812, 'PICKUP': 167, 'WEST': 978, 'NORTH': 904, 'BUILD_PASTURE': 14, 'PLACE': 14, 'PLANT': 158, 'WATER': 922, 'FEED': 314, 'CARE': 322, 'EAST': 740, 'COLLECT_FERTILIZER': 314, 'SOUTH': 638, 'DROP': 106, 'HARVEST': 374, 'FERTILIZE': 80, 'DIG': 43}",719,v026a,91873.0,DONE,1,0,,,,,0,6906.0,0.352708,hamburger,84967.0,DONE,0.12975,0.176125,0.262625,0,0,0,0,0,0,0,0,0,0,win,0,42
0,0,0,0,"{'PASS': 812, 'PICKUP': 167, 'WEST': 978, 'NORTH': 904, 'BUILD_PASTURE': 14, 'PLACE': 14, 'PLANT': 158, 'WATER': 922, 'FEED': 314, 'CARE': 322, 'EAST': 740, 'COLLECT_FERTILIZER': 314, 'SOUTH': 638, 'DROP': 106, 'HARVEST': 374, 'FERTILIZE': 80, 'DIG': 43}",719,v026a,91841.0,DONE,1,0,,,,,0,6842.0,0.3385,hamburger,84999.0,DONE,0.125458,0.17375,0.234584,0,0,0,0,0,0,0,0,0,0,win,1,42
4,0,4,0,"{'PASS': 812, 'PICKUP': 167, 'WEST': 978, 'NORTH': 904, 'BUILD_PASTURE': 14, 'PLACE': 14, 'PLANT': 158, 'WATER': 921, 'FEED': 314, 'CARE': 322, 'EAST': 740, 'COLLECT_FERTILIZER': 314, 'SOUTH': 637, 'DROP': 106, 'HARVEST': 374, 'FERTILIZE': 80, 'DIG': 45}",719,v026a,110805.0,DONE,1,0,,,,,0,11583.0,32.272959,hamburger,99222.0,DONE,0.129834,0.182,0.293083,0,8,0,1,0,0,2,0,2,2,win,0,2026
5,0,5,0,"{'PASS': 812, 'PICKUP': 167, 'WEST': 978, 'NORTH': 903, 'BUILD_PASTURE': 14, 'PLACE': 14, 'PLANT': 158, 'WATER': 921, 'FEED': 314, 'CARE': 322, 'EAST': 740, 'COLLECT_FERTILIZER': 314, 'SOUTH': 638, 'DROP': 106, 'HARVEST': 374, 'DIG': 45, 'FERTILIZE': 80}",719,v026a,110682.0,DONE,1,0,,,,,0,10983.0,0.421625,hamburger,99699.0,DONE,0.126125,0.17475,0.215833,0,1,1,1,0,0,2,0,2,2,win,1,2026
0,0,0,0,"{'PASS': 812, 'PICKUP': 167, 'WEST': 978, 'NORTH': 904, 'BUILD_PASTURE': 14, 'PLACE': 14, 'PLANT': 158, 'WATER': 922, 'FEED': 314, 'CARE': 322, 'EAST': 740, 'COLLECT_FERTILIZER': 314, 'SOUTH': 638, 'DROP': 106, 'HARVEST': 374, 'FERTILIZE': 80, 'DIG': 43}",719,v026a,172848.0,DONE,1,0,,,,,0,17114.0,48.47325,hamburger,155734.0,DONE,0.129542,0.182167,0.301916,0,0,0,0,0,0,0,0,0,0,win,0,217
1,0,1,0,"{'PASS': 812, 'PICKUP': 167, 'WEST': 978, 'NORTH': 904, 'BUILD_PASTURE': 14, 'PLACE': 14, 'PLANT': 158, 'WATER': 921, 'FEED': 314, 'CARE': 322, 'EAST': 740, 'COLLECT_FERTILIZER': 314, 'SOUTH': 638, 'DROP': 106, 'HARVEST': 374, 'FERTILIZE': 80, 'DIG': 44}",719,v026a,175335.0,DONE,1,0,,,,,0,16903.0,0.324834,hamburger,158432.0,DONE,0.12475,0.173792,0.230084,0,0,0,1,0,0,1,0,1,1,win,1,217
0,0,0,0,"{'PASS': 812, 'PICKUP': 167, 'WEST': 978, 'NORTH': 904, 'BUILD_PASTURE': 14, 'PLACE': 14, 'PLANT': 158, 'WATER': 922, 'FEED': 314, 'CARE': 322, 'EAST': 740, 'COLLECT_FERTILIZER': 314, 'SOUTH': 638, 'DROP': 106, 'HARVEST': 374, 'FERTILIZE': 80, 'DIG': 43}",719,v026a,105232.0,DONE,1,0,,,,,0,12292.0,23.223584,hamburger,92940.0,DONE,0.128417,0.176667,0.228125,0,0,0,0,0,0,0,0,0,0,win,0,317
0,0,0,0,"{'PASS': 812, 'PICKUP': 167, 'WEST': 978, 'NORTH': 904, 'BUILD_PASTURE': 14, 'PLACE': 14, 'PLANT': 158, 'WATER': 922, 'FEED': 314, 'CARE': 322, 'EAST': 740, 'COLLECT_FERTILIZER': 314, 'SOUTH': 638, 'DROP': 106, 'HARVEST': 374, 'FERTILIZE': 80, 'DIG': 43}",719,v026a,105234.0,DONE,1,0,,,,,0,12399.0,0.472292,hamburger,92835.0,DONE,0.125916,0.178916,0.291541,0,0,0,0,0,0,0,0,0,0,win,1,317
0,0,0,0,"{'PASS': 812, 'PICKUP': 167, 'WEST': 978, 'NORTH': 904, 'BUILD_PASTURE': 14, 'PLACE': 14, 'PLANT': 158, 'WATER': 922, 'FEED': 314, 'CARE': 322, 'EAST': 740, 'COLLECT_FERTILIZER': 314, 'SOUTH': 638, 'DROP': 106, 'HARVEST': 374, 'FERTILIZE': 80, 'DIG': 43}",719,v026a,132383.0,DONE,1,0,,,,,0,12333.0,28.450958,hamburger,120050.0,DONE,0.129292,0.190166,0.306542,0,0,0,0,0,0,0,0,0,0,win,0,733
1,0,1,0,"{'PASS': 812, 'PICKUP': 167, 'WEST': 978, 'NORTH': 904, 'BUILD_PASTURE': 14, 'PLACE': 14, 'PLANT': 158, 'WATER': 921, 'FEED': 314, 'CARE': 322, 'EAST': 740, 'COLLECT_FERTILIZER': 314, 'SOUTH': 638, 'DROP': 106, 'HARVEST': 374, 'DIG': 44, 'FERTILIZE': 80}",719,v026a,132409.0,DONE,1,0,,,,,0,11882.0,0.329667,hamburger,120527.0,DONE,0.125875,0.17225,0.220333,0,5,1,0,0,0,1,0,1,1,win,1,733
0,0,0,0,"{'PASS': 812, 'PICKUP': 167, 'WEST': 978, 'NORTH': 904, 'BUILD_PASTURE': 14, 'PLACE': 14, 'PLANT': 158, 'WATER': 922, 'FEED': 314, 'CARE': 322, 'EAST': 740, 'COLLECT_FERTILIZER': 314, 'SOUTH': 638, 'DROP': 106, 'HARVEST': 374, 'FERTILIZE': 80, 'DIG': 43}",719,v026a,115857.0,DONE,1,0,,,,,0,22298.0,0.38975,frontier,93559.0,DONE,0.128625,0.18525,0.280125,0,0,0,0,0,0,0,0,0,0,win,0,17
0,0,0,0,"{'PASS': 812, 'PICKUP': 167, 'WEST': 978, 'NORTH': 904, 'BUILD_PASTURE': 14, 'PLACE': 14, 'PLANT': 158, 'WATER': 922, 'FEED': 314, 'CARE': 322, 'EAST': 740, 'COLLECT_FERTILIZER': 314, 'SOUTH': 638, 'DROP': 106, 'HARVEST': 374, 'FERTILIZE': 80, 'DIG': 43}",719,v026a,115857.0,DONE,1,0,,,,,0,22298.0,0.677166,frontier,93559.0,DONE,0.125833,0.173042,0.225333,0,0,0,0,0,0,0,0,0,0,win,1,17
0,0,0,0,"{'PASS': 812, 'PICKUP': 167, 'WEST': 978, 'NORTH': 904, 'BUILD_PASTURE': 14, 'PLACE': 14, 'PLANT': 158, 'WATER': 922, 'FEED': 314, 'CARE': 322, 'EAST': 740, 'COLLECT_FERTILIZER': 314, 'SOUTH': 638, 'DROP': 106, 'HARVEST': 374, 'FERTILIZE': 80, 'DIG': 43}",719,v026a,91280.0,DONE,1,0,,,,,0,12212.0,70.429042,frontier,79068.0,DONE,0.127667,0.190167,0.294333,0,0,0,0,0,0,0,0,0,0,win,0,42
0,0,0,0,"{'PASS': 812, 'PICKUP': 167, 'WEST': 978, 'NORTH': 904, 'BUILD_PASTURE': 14, 'PLACE': 14, 'PLANT': 158, 'WATER': 922, 'FEED': 314, 'CARE': 322, 'EAST': 740, 'COLLECT_FERTILIZER': 314, 'SOUTH': 638, 'DROP': 106, 'HARVEST': 374, 'FERTILIZE': 80, 'DIG': 43}",719,v026a,91247.0,DONE,1,0,,,,,0,12358.0,0.341708,frontier,78889.0,DONE,0.127541,0.179625,0.279583,0,0,0,0,0,0,0,0,0,0,win,1,42
4,0,4,0,"{'PASS': 812, 'PICKUP': 167, 'WEST': 978, 'NORTH': 904, 'BUILD_PASTURE': 14, 'PLACE': 14, 'PLANT': 158, 'WATER': 921, 'FEED': 314, 'CARE': 322, 'EAST': 740, 'COLLECT_FERTILIZER': 314, 'SOUTH': 637, 'DROP': 106, 'HARVEST': 374, 'FERTILIZE': 80, 'DIG': 45}",719,v026a,108548.0,DONE,1,0,,,,,0,14721.0,0.348208,frontier,93827.0,DONE,0.127916,0.176583,0.27575,0,8,0,1,0,0,2,0,2,2,win,0,2026
5,0,5,0,"{'PASS': 812, 'PICKUP': 167, 'WEST': 978, 'NORTH': 903, 'BUILD_PASTURE': 14, 'PLACE': 14, 'PLANT': 158, 'WATER': 921, 'FEED': 314, 'CARE': 322, 'EAST': 740, 'COLLECT_FERTILIZER': 314, 'SOUTH': 638, 'DROP': 106, 'HARVEST': 374, 'DIG': 45, 'FERTILIZE': 80}",719,v026a,108412.0,DONE,1,0,,,,,0,14112.0,0.366583,frontier,94300.0,DONE,0.12525,0.179334,0.271083,0,1,1,1,0,0,2,0,2,2,win,1,2026
0,0,0,0,"{'PASS': 812, 'PICKUP': 167, 'WEST': 978, 'NORTH': 904, 'BUILD_PASTURE': 14, 'PLACE': 14, 'PLANT': 158, 'WATER': 922, 'FEED': 314, 'CARE': 322, 'EAST': 740, 'COLLECT_FERTILIZER': 314, 'SOUTH': 638, 'DROP': 106, 'HARVEST': 374, 'FERTILIZE': 80, 'DIG': 43}",719,v026a,169410.0,DONE,1,0,,,,,0,20455.0,1.785333,frontier,148955.0,DONE,0.129292,0.177708,0.208792,0,0,0,0,0,0,0,0,0,0,win,0,217
1,0,1,0,"{'PASS': 812, 'PICKUP': 167, 'WEST': 978, 'NORTH': 904, 'BUILD_PASTURE': 14, 'PLACE': 14, 'PLANT': 158, 'WATER': 921, 'FEED': 314, 'CARE': 322, 'EAST': 740, 'COLLECT_FERTILIZER': 314, 'SOUTH': 638, 'DROP': 106, 'HARVEST': 374, 'FERTILIZE': 80, 'DIG': 44}",719,v026a,172775.0,DONE,1,0,,,,,0,21514.0,0.816375,frontier,151261.0,DONE,0.127125,0.176833,0.287375,0,0,0,1,0,0,1,0,1,1,win,1,217
0,0,0,0,"{'PASS': 812, 'PICKUP': 167, 'WEST': 978, 'NORTH': 904, 'BUILD_PASTURE': 14, 'PLACE': 14, 'PLANT': 158, 'WATER': 922, 'FEED': 314, 'CARE': 322, 'EAST': 740, 'COLLECT_FERTILIZER': 314, 'SOUTH': 638, 'DROP': 106, 'HARVEST': 374, 'FERTILIZE': 80, 'DIG': 43}",719,v026a,99382.0,DONE,1,0,,,,,0,18077.0,0.343333,frontier,81305.0,DONE,0.129708,0.178375,0.227208,0,0,0,0,0,0,0,0,0,0,win,0,317
0,0,0,0,"{'PASS': 812, 'PICKUP': 167, 'WEST': 978, 'NORTH': 904, 'BUILD_PASTURE': 14, 'PLACE': 14, 'PLANT': 158, 'WATER': 922, 'FEED': 314, 'CARE': 322, 'EAST': 740, 'COLLECT_FERTILIZER': 314, 'SOUTH': 638, 'DROP': 106, 'HARVEST': 374, 'FERTILIZE': 80, 'DIG': 43}",719,v026a,99382.0,DONE,1,0,,,,,0,18077.0,0.378416,frontier,81305.0,DONE,0.125709,0.175083,0.265,0,0,0,0,0,0,0,0,0,0,win,1,317
0,0,0,0,"{'PASS': 812, 'PICKUP': 167, 'WEST': 978, 'NORTH': 904, 'BUILD_PASTURE': 14, 'PLACE': 14, 'PLANT': 158, 'WATER': 922, 'FEED': 314, 'CARE': 322, 'EAST': 740, 'COLLECT_FERTILIZER': 314, 'SOUTH': 638, 'DROP': 106, 'HARVEST': 374, 'FERTILIZE': 80, 'DIG': 43}",719,v026a,127916.0,DONE,1,0,,,,,0,15049.0,0.704083,frontier,112867.0,DONE,0.12875,0.178625,0.25275,0,0,0,0,0,0,0,0,0,0,win,0,733
1,0,1,0,"{'PASS': 812, 'PICKUP': 167, 'WEST': 978, 'NORTH': 904, 'BUILD_PASTURE': 14, 'PLACE': 14, 'PLANT': 158, 'WATER': 921, 'FEED': 314, 'CARE': 322, 'EAST': 740, 'COLLECT_FERTILIZER': 314, 'SOUTH': 638, 'DROP': 106, 'HARVEST': 374, 'DIG': 44, 'FERTILIZE': 80}",719,v026a,127727.0,DONE,1,0,,,,,0,14617.0,0.809625,frontier,113110.0,DONE,0.126792,0.176083,0.2535,0,5,1,0,0,0,1,0,1,1,win,1,733
0,0,0,0,"{'PASS': 812, 'PICKUP': 167, 'WEST': 978, 'NORTH': 904, 'BUILD_PASTURE': 14, 'PLACE': 14, 'PLANT': 158, 'WATER': 922, 'FEED': 314, 'CARE': 322, 'EAST': 740, 'COLLECT_FERTILIZER': 314, 'SOUTH': 638, 'DROP': 106, 'HARVEST': 374, 'FERTILIZE': 80, 'DIG': 43}",719,v026a,160736.0,DONE,1,0,,,,,0,51633.0,0.330041,root,109103.0,DONE,0.131583,0.18275,0.272042,0,0,0,0,0,0,0,0,0,0,win,0,17
0,0,0,0,"{'PASS': 812, 'PICKUP': 167, 'WEST': 978, 'NORTH': 904, 'BUILD_PASTURE': 14, 'PLACE': 14, 'PLANT': 158, 'WATER': 922, 'FEED': 314, 'CARE': 322, 'EAST': 740, 'COLLECT_FERTILIZER': 314, 'SOUTH': 638, 'DROP': 106, 'HARVEST': 374, 'FERTILIZE': 80, 'DIG': 43}",719,v026a,160736.0,DONE,1,0,,,,,0,51633.0,0.553291,root,109103.0,DONE,0.124833,0.171041,0.2055,0,0,0,0,0,0,0,0,0,0,win,1,17
0,0,0,0,"{'PASS': 812, 'PICKUP': 167, 'WEST': 978, 'NORTH': 904, 'BUILD_PASTURE': 14, 'PLACE': 14, 'PLANT': 158, 'WATER': 922, 'FEED': 314, 'CARE': 322, 'EAST': 740, 'COLLECT_FERTILIZER': 314, 'SOUTH': 638, 'DROP': 106, 'HARVEST': 374, 'FERTILIZE': 80, 'DIG': 43}",719,v026a,152072.0,DONE,1,0,,,,,0,50430.0,0.44975,root,101642.0,DONE,0.131833,0.183458,0.293875,0,0,0,0,0,0,0,0,0,0,win,0,42
0,0,0,0,"{'PASS': 812, 'PICKUP': 167, 'WEST': 978, 'NORTH': 904, 'BUILD_PASTURE': 14, 'PLACE': 14, 'PLANT': 158, 'WATER': 922, 'FEED': 314, 'CARE': 322, 'EAST': 740, 'COLLECT_FERTILIZER': 314, 'SOUTH': 638, 'DROP': 106, 'HARVEST': 374, 'FERTILIZE': 80, 'DIG': 43}",719,v026a,152427.0,DONE,1,0,,,,,0,50588.0,59.087375,root,101839.0,DONE,0.124167,0.170625,0.209,0,0,0,0,0,0,0,0,0,0,win,1,42
4,0,4,0,"{'PASS': 812, 'PICKUP': 167, 'WEST': 978, 'NORTH': 904, 'BUILD_PASTURE': 14, 'PLACE': 14, 'PLANT': 158, 'WATER': 921, 'FEED': 314, 'CARE': 322, 'EAST': 740, 'COLLECT_FERTILIZER': 314, 'SOUTH': 637, 'DROP': 106, 'HARVEST': 374, 'FERTILIZE': 80, 'DIG': 45}",719,v026a,121906.0,DONE,1,0,,,,,0,51010.0,0.386125,root,70896.0,DONE,0.133834,0.177458,0.217167,0,8,0,1,0,0,2,0,2,2,win,0,2026
0,0,0,0,"{'PASS': 812, 'PICKUP': 167, 'WEST': 978, 'NORTH': 903, 'BUILD_PASTURE': 14, 'PLACE': 14, 'PLANT': 158, 'WATER': 922, 'FEED': 314, 'CARE': 322, 'EAST': 740, 'COLLECT_FERTILIZER': 314, 'SOUTH': 638, 'DROP': 106, 'HARVEST': 374, 'DIG': 44, 'FERTILIZE': 80}",719,v026a,137075.0,DONE,1,0,,,,,0,47633.0,0.349334,root,89442.0,DONE,0.126042,0.17375,0.221792,0,8,0,0,0,0,1,0,1,1,win,1,2026
0,0,0,0,"{'PASS': 812, 'PICKUP': 167, 'WEST': 978, 'NORTH': 904, 'BUILD_PASTURE': 14, 'PLACE': 14, 'PLANT': 158, 'WATER': 922, 'FEED': 314, 'CARE': 322, 'EAST': 740, 'COLLECT_FERTILIZER': 314, 'SOUTH': 638, 'DROP': 106, 'HARVEST': 374, 'FERTILIZE': 80, 'DIG': 43}",719,v026a,158890.0,DONE,1,0,,,,,0,64875.0,28.357125,root,94015.0,DONE,0.130208,0.179917,0.266458,0,0,0,0,0,0,0,0,0,0,win,0,217
0,0,0,0,"{'PASS': 812, 'PICKUP': 167, 'WEST': 978, 'NORTH': 904, 'BUILD_PASTURE': 14, 'PLACE': 14, 'PLANT': 158, 'WATER': 922, 'FEED': 314, 'CARE': 322, 'EAST': 740, 'COLLECT_FERTILIZER': 313, 'SOUTH': 638, 'DROP': 106, 'HARVEST': 374, 'FERTILIZE': 80, 'DIG': 44}",719,v026a,158882.0,DONE,1,0,,,,,0,64861.0,0.501583,root,94021.0,DONE,0.125958,0.172541,0.218792,0,8,0,0,0,0,1,0,1,1,win,1,217
0,0,0,0,"{'PASS': 812, 'PICKUP': 167, 'WEST': 978, 'NORTH': 904, 'BUILD_PASTURE': 14, 'PLACE': 14, 'PLANT': 158, 'WATER': 922, 'FEED': 314, 'CARE': 322, 'EAST': 740, 'COLLECT_FERTILIZER': 314, 'SOUTH': 638, 'DROP': 106, 'HARVEST': 374, 'FERTILIZE': 80, 'DIG': 43}",719,v026a,177346.0,DONE,1,0,,,,,0,67508.0,0.437167,root,109838.0,DONE,0.132042,0.179791,0.252833,0,0,0,0,0,0,0,0,0,0,win,0,317
0,0,0,0,"{'PASS': 812, 'PICKUP': 167, 'WEST': 978, 'NORTH': 904, 'BUILD_PASTURE': 14, 'PLACE': 14, 'PLANT': 158, 'WATER': 922, 'FEED': 314, 'CARE': 322, 'EAST': 740, 'COLLECT_FERTILIZER': 314, 'SOUTH': 638, 'DROP': 106, 'HARVEST': 374, 'FERTILIZE': 80, 'DIG': 43}",719,v026a,177376.0,DONE,1,0,,,,,0,67440.0,0.472834,root,109936.0,DONE,0.126375,0.170667,0.197791,0,0,0,0,0,0,0,0,0,0,win,1,317
0,0,0,0,"{'PASS': 812, 'PICKUP': 167, 'WEST': 978, 'NORTH': 904, 'BUILD_PASTURE': 14, 'PLACE': 14, 'PLANT': 158, 'WATER': 922, 'FEED': 314, 'CARE': 322, 'EAST': 740, 'COLLECT_FERTILIZER': 314, 'SOUTH': 638, 'DROP': 106, 'HARVEST': 374, 'FERTILIZE': 80, 'DIG': 43}",719,v026a,142148.0,DONE,1,0,,,,,0,50891.0,0.3215,root,91257.0,DONE,0.131584,0.178083,0.263583,0,0,0,0,0,0,0,0,0,0,win,0,733
0,0,0,0,"{'PASS': 812, 'PICKUP': 167, 'WEST': 978, 'NORTH': 904, 'BUILD_PASTURE': 14, 'PLACE': 14, 'PLANT': 158, 'WATER': 922, 'FEED': 314, 'CARE': 322, 'EAST': 740, 'COLLECT_FERTILIZER': 314, 'SOUTH': 638, 'DROP': 106, 'HARVEST': 374, 'FERTILIZE': 80, 'DIG': 43}",719,v026a,147527.0,DONE,1,0,,,,,0,55270.0,0.340833,root,92257.0,DONE,0.124542,0.1725,0.207458,0,0,0,0,0,0,0,0,0,0,win,1,733
0,0,0,0,"{'PASS': 812, 'PICKUP': 167, 'WEST': 978, 'NORTH': 904, 'BUILD_PASTURE': 14, 'PLACE': 14, 'PLANT': 158, 'WATER': 922, 'FEED': 314, 'CARE': 322, 'EAST': 740, 'COLLECT_FERTILIZER': 314, 'SOUTH': 638, 'DROP': 106, 'HARVEST': 374, 'FERTILIZE': 80, 'DIG': 43}",719,v026a,206638.0,DONE,1,0,,,,,0,203124.0,42.26475,starter,3514.0,DONE,0.130583,0.267708,0.385083,0,0,0,0,0,0,0,0,0,0,win,0,17
0,0,0,0,"{'PASS': 812, 'PICKUP': 167, 'WEST': 978, 'NORTH': 904, 'BUILD_PASTURE': 14, 'PLACE': 14, 'PLANT': 158, 'WATER': 922, 'FEED': 314, 'CARE': 322, 'EAST': 740, 'COLLECT_FERTILIZER': 314, 'SOUTH': 638, 'DROP': 106, 'HARVEST': 374, 'FERTILIZE': 80, 'DIG': 43}",719,v026a,206638.0,DONE,1,0,,,,,0,203124.0,0.567125,starter,3514.0,DONE,0.129625,0.22725,0.322708,0,0,0,0,0,0,0,0,0,0,win,1,17
0,0,0,0,"{'PASS': 812, 'PICKUP': 167, 'WEST': 978, 'NORTH': 904, 'BUILD_PASTURE': 14, 'PLACE': 14, 'PLANT': 158, 'WATER': 922, 'FEED': 314, 'CARE': 322, 'EAST': 740, 'COLLECT_FERTILIZER': 314, 'SOUTH': 638, 'DROP': 106, 'HARVEST': 374, 'FERTILIZE': 80, 'DIG': 43}",719,v026a,201024.0,DONE,1,0,,,,,0,197529.0,0.438917,starter,3495.0,DONE,0.136042,0.269208,0.328833,0,0,0,0,0,0,0,0,0,0,win,0,42
0,0,0,0,"{'PASS': 812, 'PICKUP': 167, 'WEST': 978, 'NORTH': 904, 'BUILD_PASTURE': 14, 'PLACE': 14, 'PLANT': 158, 'WATER': 922, 'FEED': 314, 'CARE': 322, 'EAST': 740, 'COLLECT_FERTILIZER': 314, 'SOUTH': 638, 'DROP': 106, 'HARVEST': 374, 'FERTILIZE': 80, 'DIG': 43}",719,v026a,201024.0,DONE,1,0,,,,,0,197529.0,43.147458,starter,3495.0,DONE,0.131042,0.202208,0.3125,0,0,0,0,0,0,0,0,0,0,win,1,42
4,0,4,0,"{'PASS': 812, 'PICKUP': 167, 'WEST': 978, 'NORTH': 904, 'BUILD_PASTURE': 14, 'PLACE': 14, 'PLANT': 158, 'WATER': 921, 'FEED': 314, 'CARE': 322, 'EAST': 740, 'COLLECT_FERTILIZER': 314, 'SOUTH': 637, 'DROP': 106, 'HARVEST': 374, 'FERTILIZE': 80, 'DIG': 45}",719,v026a,185962.0,DONE,1,0,,,,,0,182459.0,42.065959,starter,3503.0,DONE,0.129958,0.216625,0.311959,0,8,0,1,0,0,2,0,2,2,win,0,2026
0,0,0,0,"{'PASS': 812, 'PICKUP': 167, 'WEST': 978, 'NORTH': 904, 'BUILD_PASTURE': 14, 'PLACE': 14, 'PLANT': 158, 'WATER': 922, 'FEED': 314, 'CARE': 322, 'EAST': 740, 'COLLECT_FERTILIZER': 314, 'SOUTH': 638, 'DROP': 106, 'HARVEST': 374, 'FERTILIZE': 80, 'DIG': 43}",719,v026a,186017.0,DONE,1,0,,,,,0,182514.0,0.406708,starter,3503.0,DONE,0.127791,0.206375,0.321583,0,0,0,0,0,0,0,0,0,0,win,1,2026
0,0,0,0,"{'PASS': 812, 'PICKUP': 167, 'WEST': 978, 'NORTH': 904, 'BUILD_PASTURE': 14, 'PLACE': 14, 'PLANT': 158, 'WATER': 922, 'FEED': 314, 'CARE': 322, 'EAST': 740, 'COLLECT_FERTILIZER': 314, 'SOUTH': 638, 'DROP': 106, 'HARVEST': 374, 'FERTILIZE': 80, 'DIG': 43}",719,v026a,180129.0,DONE,1,0,,,,,0,176620.0,26.392125,starter,3509.0,DONE,0.128208,0.2515,0.380083,0,0,0,0,0,0,0,0,0,0,win,0,217
0,0,0,0,"{'PASS': 812, 'PICKUP': 167, 'WEST': 977, 'NORTH': 904, 'BUILD_PASTURE': 14, 'PLACE': 14, 'PLANT': 158, 'WATER': 922, 'FEED': 314, 'CARE': 322, 'EAST': 740, 'COLLECT_FERTILIZER': 314, 'SOUTH': 638, 'DROP': 106, 'HARVEST': 374, 'FERTILIZE': 80, 'DIG': 44}",719,v026a,180129.0,DONE,1,0,,,,,0,176620.0,28.621458,starter,3509.0,DONE,0.132,0.265666,0.335042,0,8,0,0,0,0,1,0,1,1,win,1,217
0,0,0,0,"{'PASS': 812, 'PICKUP': 167, 'WEST': 978, 'NORTH': 904, 'BUILD_PASTURE': 14, 'PLACE': 14, 'PLANT': 158, 'WATER': 922, 'FEED': 314, 'CARE': 322, 'EAST': 740, 'COLLECT_FERTILIZER': 314, 'SOUTH': 638, 'DROP': 106, 'HARVEST': 374, 'FERTILIZE': 80, 'DIG': 43}",719,v026a,193414.0,DONE,1,0,,,,,0,189923.0,0.566625,starter,3491.0,DONE,0.129208,0.212125,0.326375,0,0,0,0,0,0,0,0,0,0,win,0,317
4,0,4,0,"{'PASS': 812, 'PICKUP': 167, 'WEST': 978, 'NORTH': 904, 'BUILD_PASTURE': 14, 'PLACE': 14, 'PLANT': 158, 'WATER': 921, 'FEED': 314, 'CARE': 322, 'EAST': 740, 'COLLECT_FERTILIZER': 314, 'SOUTH': 638, 'DROP': 106, 'HARVEST': 374, 'FERTILIZE': 80, 'DIG': 44}",719,v026a,193414.0,DONE,1,0,,,,,0,189923.0,41.838583,starter,3491.0,DONE,0.129958,0.222875,0.3465,0,0,0,1,0,0,1,0,1,1,win,1,317
0,0,0,0,"{'PASS': 812, 'PICKUP': 167, 'WEST': 978, 'NORTH': 904, 'BUILD_PASTURE': 14, 'PLACE': 14, 'PLANT': 158, 'WATER': 922, 'FEED': 314, 'CARE': 322, 'EAST': 740, 'COLLECT_FERTILIZER': 314, 'SOUTH': 638, 'DROP': 106, 'HARVEST': 374, 'FERTILIZE': 80, 'DIG': 43}",719,v026a,188858.0,DONE,1,0,,,,,0,185351.0,0.449917,starter,3507.0,DONE,0.135875,0.230959,0.318208,0,0,0,0,0,0,0,0,0,0,win,0,733
1,0,1,0,"{'PASS': 812, 'PICKUP': 167, 'WEST': 978, 'NORTH': 904, 'BUILD_PASTURE': 14, 'PLACE': 14, 'PLANT': 158, 'WATER': 921, 'FEED': 314, 'CARE': 322, 'EAST': 740, 'COLLECT_FERTILIZER': 314, 'SOUTH': 638, 'DROP': 106, 'HARVEST': 374, 'DIG': 44, 'FERTILIZE': 80}",719,v026a,188750.0,DONE,1,0,,,,,0,185241.0,44.75425,starter,3509.0,DONE,0.135125,0.217292,0.365833,0,0,0,1,0,0,1,0,1,1,win,1,733
0,0,0,0,"{'PASS': 812, 'PICKUP': 167, 'WEST': 978, 'NORTH': 904, 'BUILD_PASTURE': 14, 'PLACE': 14, 'PLANT': 158, 'WATER': 922, 'FEED': 314, 'CARE': 322, 'EAST': 740, 'COLLECT_FERTILIZER': 314, 'SOUTH': 638, 'DROP': 106, 'HARVEST': 374, 'FERTILIZE': 80, 'DIG': 43}",719,v026a,202926.0,DONE,1,0,,,,,0,202926.0,36.143833,random,0.0,DONE,0.145208,0.266667,0.326209,0,0,0,0,0,0,0,0,0,0,win,0,17
0,0,0,0,"{'PASS': 812, 'PICKUP': 167, 'WEST': 978, 'NORTH': 904, 'BUILD_PASTURE': 14, 'PLACE': 14, 'PLANT': 158, 'WATER': 922, 'FEED': 314, 'CARE': 322, 'EAST': 740, 'COLLECT_FERTILIZER': 314, 'SOUTH': 638, 'DROP': 106, 'HARVEST': 374, 'FERTILIZE': 80, 'DIG': 43}",719,v026a,180336.0,DONE,1,0,,,,,0,180336.0,31.953292,random,0.0,DONE,0.142459,0.25075,0.340209,0,0,0,0,0,0,0,0,0,0,win,1,17
0,0,0,0,"{'PASS': 812, 'PICKUP': 167, 'WEST': 978, 'NORTH': 904, 'BUILD_PASTURE': 14, 'PLACE': 14, 'PLANT': 158, 'WATER': 922, 'FEED': 314, 'CARE': 322, 'EAST': 740, 'COLLECT_FERTILIZER': 314, 'SOUTH': 638, 'DROP': 106, 'HARVEST': 374, 'FERTILIZE': 80, 'DIG': 43}",719,v026a,197201.0,DONE,1,0,,,,,0,197201.0,41.817417,random,0.0,DONE,0.139333,0.237542,0.316333,0,0,0,0,0,0,0,0,0,0,win,0,42
0,0,0,0,"{'PASS': 812, 'PICKUP': 167, 'WEST': 978, 'NORTH': 903, 'BUILD_PASTURE': 14, 'PLACE': 14, 'PLANT': 158, 'WATER': 922, 'FEED': 314, 'CARE': 322, 'EAST': 740, 'COLLECT_FERTILIZER': 314, 'SOUTH': 638, 'DROP': 106, 'HARVEST': 374, 'DIG': 44, 'FERTILIZE': 80}",719,v026a,198824.0,DONE,1,0,,,,,0,198824.0,0.390583,random,0.0,DONE,0.136584,0.207334,0.290375,0,8,1,0,0,0,1,0,1,1,win,1,42
4,0,4,0,"{'PASS': 812, 'PICKUP': 167, 'WEST': 978, 'NORTH': 904, 'BUILD_PASTURE': 14, 'PLACE': 14, 'PLANT': 158, 'WATER': 921, 'FEED': 314, 'CARE': 322, 'EAST': 740, 'COLLECT_FERTILIZER': 314, 'SOUTH': 637, 'DROP': 106, 'HARVEST': 374, 'FERTILIZE': 80, 'DIG': 45}",719,v026a,188858.0,DONE,1,0,,,,,0,188858.0,43.938791,random,0.0,DONE,0.147916,0.246625,0.377292,0,8,0,1,0,0,2,0,2,2,win,0,2026
0,0,0,0,"{'PASS': 812, 'PICKUP': 167, 'WEST': 978, 'NORTH': 904, 'BUILD_PASTURE': 14, 'PLACE': 14, 'PLANT': 158, 'WATER': 922, 'FEED': 314, 'CARE': 322, 'EAST': 740, 'COLLECT_FERTILIZER': 314, 'SOUTH': 638, 'DROP': 106, 'HARVEST': 374, 'FERTILIZE': 80, 'DIG': 43}",719,v026a,198351.0,DONE,1,0,,,,,0,198351.0,38.572584,random,0.0,DONE,0.133542,0.200708,0.322167,0,0,0,0,0,0,0,0,0,0,win,1,2026
0,0,0,0,"{'PASS': 812, 'PICKUP': 167, 'WEST': 978, 'NORTH': 904, 'BUILD_PASTURE': 14, 'PLACE': 14, 'PLANT': 158, 'WATER': 922, 'FEED': 314, 'CARE': 322, 'EAST': 740, 'COLLECT_FERTILIZER': 314, 'SOUTH': 638, 'DROP': 106, 'HARVEST': 374, 'FERTILIZE': 80, 'DIG': 43}",719,v026a,215337.0,DONE,1,0,,,,,0,215337.0,43.54,random,0.0,DONE,0.139417,0.218583,0.312166,0,0,0,0,0,0,0,0,0,0,win,0,217
4,0,4,0,"{'PASS': 812, 'PICKUP': 167, 'WEST': 977, 'NORTH': 904, 'BUILD_PASTURE': 14, 'PLACE': 14, 'PLANT': 158, 'WATER': 922, 'FEED': 314, 'CARE': 322, 'EAST': 740, 'COLLECT_FERTILIZER': 314, 'SOUTH': 638, 'DROP': 106, 'HARVEST': 374, 'DIG': 44, 'FERTILIZE': 80}",719,v026a,215115.0,DONE,1,0,,,,,0,215115.0,21.945916,random,0.0,DONE,0.136666,0.232875,0.332083,0,4,1,0,0,0,1,0,1,1,win,1,217
0,0,0,0,"{'PASS': 812, 'PICKUP': 167, 'WEST': 978, 'NORTH': 904, 'BUILD_PASTURE': 14, 'PLACE': 14, 'PLANT': 158, 'WATER': 922, 'FEED': 314, 'CARE': 322, 'EAST': 740, 'COLLECT_FERTILIZER': 314, 'SOUTH': 638, 'DROP': 106, 'HARVEST': 374, 'FERTILIZE': 80, 'DIG': 43}",719,v026a,205928.0,DONE,1,0,,,,,0,205628.0,33.6425,random,300.0,DONE,0.143917,0.232917,0.324667,0,0,0,0,0,0,0,0,0,0,win,0,317
0,0,0,0,"{'PASS': 812, 'PICKUP': 167, 'WEST': 978, 'NORTH': 904, 'BUILD_PASTURE': 14, 'PLACE': 14, 'PLANT': 158, 'WATER': 922, 'FEED': 314, 'CARE': 322, 'EAST': 740, 'COLLECT_FERTILIZER': 314, 'SOUTH': 638, 'DROP': 106, 'HARVEST': 374, 'FERTILIZE': 80, 'DIG': 43}",719,v026a,200629.0,DONE,1,0,,,,,0,200629.0,35.189916,random,0.0,DONE,0.147375,0.248917,0.329917,0,0,0,0,0,0,0,0,0,0,win,1,317
0,0,0,0,"{'PASS': 812, 'PICKUP': 167, 'WEST': 978, 'NORTH': 904, 'BUILD_PASTURE': 14, 'PLACE': 14, 'PLANT': 158, 'WATER': 922, 'FEED': 314, 'CARE': 322, 'EAST': 740, 'COLLECT_FERTILIZER': 314, 'SOUTH': 638, 'DROP': 106, 'HARVEST': 374, 'FERTILIZE': 80, 'DIG': 43}",719,v026a,206595.0,DONE,1,0,,,,,0,206595.0,39.4295,random,0.0,DONE,0.142125,0.252458,0.330125,0,0,0,0,0,0,0,0,0,0,win,0,733
0,0,0,0,"{'PASS': 812, 'PICKUP': 167, 'WEST': 978, 'NORTH': 904, 'BUILD_PASTURE': 14, 'PLACE': 14, 'PLANT': 158, 'WATER': 922, 'FEED': 314, 'CARE': 322, 'EAST': 740, 'COLLECT_FERTILIZER': 314, 'SOUTH': 638, 'DROP': 106, 'HARVEST': 374, 'FERTILIZE': 80, 'DIG': 43}",719,v026a,198489.0,DONE,1,0,,,,,0,198489.0,45.783583,random,0.0,DONE,0.136959,0.206125,0.294208,0,0,0,0,0,0,0,0,0,0,win,1,733
1,0,0,1,"{'PASS': 812, 'PICKUP': 167, 'WEST': 978, 'NORTH': 904, 'BUILD_PASTURE': 14, 'PLACE': 14, 'PLANT': 158, 'WATER': 922, 'FEED': 314, 'CARE': 322, 'EAST': 740, 'COLLECT_FERTILIZER': 314, 'SOUTH': 638, 'DROP': 106, 'HARVEST': 374, 'FERTILIZE': 80, 'DIG': 43}",719,v026b,126289.0,DONE,1,0,0,344,1,2,0,0.0,0.514375,v22,126289.0,DONE,0.147542,0.205083,0.279167,0,0,0,0,0,0,0,0,0,0,tie,0,17
1,0,0,1,"{'PASS': 812, 'PICKUP': 167, 'WEST': 978, 'NORTH': 904, 'BUILD_PASTURE': 14, 'PLACE': 14, 'PLANT': 158, 'WATER': 922, 'FEED': 314, 'CARE': 322, 'EAST': 740, 'COLLECT_FERTILIZER': 314, 'SOUTH': 638, 'DROP': 106, 'HARVEST': 374, 'FERTILIZE': 80, 'DIG': 43}",719,v026b,126289.0,DONE,1,0,0,344,1,2,0,0.0,0.492791,v22,126289.0,DONE,0.136666,0.187084,0.214917,0,0,0,0,0,0,0,0,0,0,tie,1,17
3,0,0,3,"{'PASS': 812, 'PICKUP': 167, 'WEST': 978, 'NORTH': 904, 'BUILD_PASTURE': 14, 'PLACE': 14, 'PLANT': 158, 'WATER': 922, 'FEED': 314, 'CARE': 322, 'EAST': 740, 'COLLECT_FERTILIZER': 314, 'SOUTH': 638, 'DROP': 106, 'HARVEST': 374, 'FERTILIZE': 80, 'DIG': 43}",719,v026b,129589.0,DONE,1,0,0,344,3,10,0,0.0,0.395167,v22,129589.0,DONE,0.147375,0.207333,0.319167,0,0,0,0,0,0,0,0,0,0,tie,0,42
3,0,0,3,"{'PASS': 812, 'PICKUP': 167, 'WEST': 978, 'NORTH': 904, 'BUILD_PASTURE': 14, 'PLACE': 14, 'PLANT': 158, 'WATER': 922, 'FEED': 314, 'CARE': 322, 'EAST': 740, 'COLLECT_FERTILIZER': 314, 'SOUTH': 638, 'DROP': 106, 'HARVEST': 374, 'FERTILIZE': 80, 'DIG': 43}",719,v026b,129589.0,DONE,1,0,0,344,3,10,0,0.0,0.259334,v22,129589.0,DONE,0.134833,0.186,0.208084,0,0,0,0,0,0,0,0,0,0,tie,1,42
6,0,4,2,"{'PASS': 812, 'PICKUP': 167, 'WEST': 978, 'NORTH': 904, 'BUILD_PASTURE': 14, 'PLACE': 14, 'PLANT': 158, 'WATER': 921, 'FEED': 314, 'CARE': 322, 'EAST': 740, 'COLLECT_FERTILIZER': 314, 'SOUTH': 637, 'DROP': 106, 'HARVEST': 374, 'FERTILIZE': 80, 'DIG': 45}",719,v026b,103651.0,DONE,1,0,0,344,2,8,0,-222.0,25.550875,v22,103873.0,DONE,0.147541,0.204292,0.322083,0,8,0,1,0,0,2,0,2,2,loss,0,2026
1,0,0,1,"{'PASS': 812, 'PICKUP': 167, 'WEST': 978, 'NORTH': 904, 'BUILD_PASTURE': 14, 'PLACE': 14, 'PLANT': 158, 'WATER': 922, 'FEED': 314, 'CARE': 322, 'EAST': 740, 'COLLECT_FERTILIZER': 314, 'SOUTH': 638, 'DROP': 106, 'HARVEST': 374, 'FERTILIZE': 80, 'DIG': 43}",719,v026b,103879.0,DONE,1,0,0,344,1,3,0,36.0,0.284458,v22,103843.0,DONE,0.134416,0.189292,0.222208,0,0,0,0,0,0,0,0,0,0,win,1,2026
3,0,0,3,"{'PASS': 812, 'PICKUP': 167, 'WEST': 978, 'NORTH': 904, 'BUILD_PASTURE': 14, 'PLACE': 14, 'PLANT': 158, 'WATER': 922, 'FEED': 314, 'CARE': 322, 'EAST': 740, 'COLLECT_FERTILIZER': 314, 'SOUTH': 638, 'DROP': 106, 'HARVEST': 374, 'FERTILIZE': 80, 'DIG': 43}",719,v026b,106984.0,DONE,1,0,0,344,3,10,0,0.0,62.684959,v22,106984.0,DONE,0.147083,0.202375,0.286375,0,0,0,0,0,0,0,0,0,0,tie,0,217
8,0,5,3,"{'PASS': 812, 'PICKUP': 167, 'WEST': 977, 'NORTH': 904, 'BUILD_PASTURE': 14, 'PLACE': 14, 'PLANT': 158, 'WATER': 922, 'FEED': 314, 'CARE': 322, 'EAST': 740, 'COLLECT_FERTILIZER': 314, 'SOUTH': 638, 'DROP': 106, 'HARVEST': 374, 'DIG': 44, 'FERTILIZE': 80}",719,v026b,101511.0,DONE,1,0,0,344,3,10,0,0.0,0.707209,v22,101511.0,DONE,0.134625,0.189083,0.236709,0,1,1,0,0,0,1,0,1,1,tie,1,217
0,0,0,0,"{'PASS': 812, 'PICKUP': 167, 'WEST': 978, 'NORTH': 904, 'BUILD_PASTURE': 14, 'PLACE': 14, 'PLANT': 158, 'WATER': 922, 'FEED': 314, 'CARE': 322, 'EAST': 740, 'COLLECT_FERTILIZER': 314, 'SOUTH': 638, 'DROP': 106, 'HARVEST': 374, 'FERTILIZE': 80, 'DIG': 43}",719,v026b,116176.0,DONE,1,0,0,344,0,0,0,0.0,30.925792,v22,116176.0,DONE,0.147042,0.199792,0.295625,0,0,0,0,0,0,0,0,0,0,tie,0,317
0,0,0,0,"{'PASS': 812, 'PICKUP': 167, 'WEST': 978, 'NORTH': 904, 'BUILD_PASTURE': 14, 'PLACE': 14, 'PLANT': 158, 'WATER': 922, 'FEED': 314, 'CARE': 322, 'EAST': 740, 'COLLECT_FERTILIZER': 314, 'SOUTH': 637, 'DROP': 106, 'HARVEST': 374, 'FERTILIZE': 80, 'DIG': 44}",719,v026b,116176.0,DONE,1,0,0,344,0,0,0,0.0,0.293291,v22,116176.0,DONE,0.134375,0.189375,0.212125,0,8,0,0,0,0,1,0,1,1,tie,1,317
1,0,0,1,"{'PASS': 812, 'PICKUP': 167, 'WEST': 978, 'NORTH': 904, 'BUILD_PASTURE': 14, 'PLACE': 14, 'PLANT': 158, 'WATER': 922, 'FEED': 314, 'CARE': 322, 'EAST': 740, 'COLLECT_FERTILIZER': 314, 'SOUTH': 638, 'DROP': 106, 'HARVEST': 374, 'FERTILIZE': 80, 'DIG': 43}",719,v026b,143169.0,DONE,1,0,0,344,1,3,0,1005.0,0.378041,v22,142164.0,DONE,0.147125,0.202417,0.302333,0,0,0,0,0,0,0,0,0,0,win,0,733
4,0,0,4,"{'PASS': 812, 'PICKUP': 167, 'WEST': 978, 'NORTH': 904, 'BUILD_PASTURE': 14, 'PLACE': 14, 'PLANT': 158, 'WATER': 921, 'FEED': 314, 'CARE': 322, 'EAST': 740, 'COLLECT_FERTILIZER': 314, 'SOUTH': 638, 'DROP': 106, 'HARVEST': 374, 'DIG': 44, 'FERTILIZE': 80}",719,v026b,142164.0,DONE,1,0,0,344,4,9,0,-1005.0,0.396042,v22,143169.0,DONE,0.137375,0.187208,0.250375,0,8,1,0,0,0,1,0,1,1,loss,1,733
1,0,0,1,"{'PASS': 812, 'PICKUP': 167, 'WEST': 978, 'NORTH': 904, 'BUILD_PASTURE': 14, 'PLACE': 14, 'PLANT': 158, 'WATER': 922, 'FEED': 314, 'CARE': 322, 'EAST': 740, 'COLLECT_FERTILIZER': 314, 'SOUTH': 638, 'DROP': 106, 'HARVEST': 374, 'FERTILIZE': 80, 'DIG': 43}",719,v026b,103823.0,DONE,1,0,0,344,1,2,0,12833.0,31.614417,v022c,90990.0,DONE,0.145916,0.198666,0.268125,0,0,0,0,0,0,0,0,0,0,win,0,17
1,0,0,1,"{'PASS': 812, 'PICKUP': 167, 'WEST': 978, 'NORTH': 904, 'BUILD_PASTURE': 14, 'PLACE': 14, 'PLANT': 158, 'WATER': 922, 'FEED': 314, 'CARE': 322, 'EAST': 740, 'COLLECT_FERTILIZER': 314, 'SOUTH': 638, 'DROP': 106, 'HARVEST': 374, 'FERTILIZE': 80, 'DIG': 43}",719,v026b,103823.0,DONE,1,0,0,344,1,2,0,12833.0,0.334541,v022c,90990.0,DONE,0.136625,0.189709,0.221209,0,0,0,0,0,0,0,0,0,0,win,1,17
1,0,0,1,"{'PASS': 812, 'PICKUP': 167, 'WEST': 978, 'NORTH': 904, 'BUILD_PASTURE': 14, 'PLACE': 14, 'PLANT': 158, 'WATER': 922, 'FEED': 314, 'CARE': 322, 'EAST': 740, 'COLLECT_FERTILIZER': 314, 'SOUTH': 638, 'DROP': 106, 'HARVEST': 374, 'FERTILIZE': 80, 'DIG': 43}",719,v026b,77933.0,DONE,1,0,0,344,1,2,0,14025.0,25.024833,v022c,63908.0,DONE,0.146959,0.198667,0.252708,0,0,0,0,0,0,0,0,0,0,win,0,42
1,0,0,1,"{'PASS': 812, 'PICKUP': 167, 'WEST': 978, 'NORTH': 904, 'BUILD_PASTURE': 14, 'PLACE': 14, 'PLANT': 158, 'WATER': 922, 'FEED': 314, 'CARE': 322, 'EAST': 740, 'COLLECT_FERTILIZER': 314, 'SOUTH': 638, 'DROP': 106, 'HARVEST': 374, 'FERTILIZE': 80, 'DIG': 43}",719,v026b,78048.0,DONE,1,0,0,344,1,2,0,14485.0,28.61725,v022c,63563.0,DONE,0.137166,0.202333,0.226708,0,0,0,0,0,0,0,0,0,0,win,1,42
7,0,4,3,"{'PASS': 812, 'PICKUP': 167, 'WEST': 978, 'NORTH': 904, 'BUILD_PASTURE': 14, 'PLACE': 14, 'PLANT': 158, 'WATER': 921, 'FEED': 314, 'CARE': 322, 'EAST': 740, 'COLLECT_FERTILIZER': 314, 'SOUTH': 637, 'DROP': 106, 'HARVEST': 374, 'FERTILIZE': 80, 'DIG': 45}",719,v026b,105526.0,DONE,1,0,0,344,3,10,0,14941.0,27.911584,v022c,90585.0,DONE,0.1455,0.202125,0.259417,0,8,0,1,0,0,2,0,2,2,win,0,2026
9,0,7,2,"{'PASS': 812, 'PICKUP': 167, 'WEST': 977, 'NORTH': 904, 'BUILD_PASTURE': 14, 'PLACE': 14, 'PLANT': 158, 'WATER': 922, 'FEED': 314, 'CARE': 322, 'EAST': 740, 'COLLECT_FERTILIZER': 314, 'SOUTH': 638, 'DROP': 106, 'HARVEST': 374, 'DIG': 44, 'FERTILIZE': 80}",719,v026b,106091.0,DONE,1,0,0,344,2,11,0,14774.0,0.382125,v022c,91317.0,DONE,0.13725,0.191125,0.254875,0,1,1,0,0,0,1,0,1,1,win,1,2026
1,0,0,1,"{'PASS': 812, 'PICKUP': 167, 'WEST': 978, 'NORTH': 904, 'BUILD_PASTURE': 14, 'PLACE': 14, 'PLANT': 158, 'WATER': 922, 'FEED': 314, 'CARE': 322, 'EAST': 740, 'COLLECT_FERTILIZER': 314, 'SOUTH': 638, 'DROP': 106, 'HARVEST': 374, 'FERTILIZE': 80, 'DIG': 43}",719,v026b,158357.0,DONE,1,0,0,344,1,2,0,21762.0,0.648209,v022c,136595.0,DONE,0.147334,0.2035,0.314167,0,0,0,0,0,0,0,0,0,0,win,0,217
2,0,1,1,"{'PASS': 812, 'PICKUP': 167, 'WEST': 978, 'NORTH': 904, 'BUILD_PASTURE': 14, 'PLACE': 14, 'PLANT': 158, 'WATER': 921, 'FEED': 314, 'CARE': 322, 'EAST': 740, 'COLLECT_FERTILIZER': 314, 'SOUTH': 638, 'DROP': 106, 'HARVEST': 374, 'FERTILIZE': 80, 'DIG': 44}",719,v026b,156304.0,DONE,1,0,0,344,1,4,0,21373.0,0.507958,v022c,134931.0,DONE,0.1375,0.188875,0.219125,0,0,0,1,0,0,1,0,1,1,win,1,217
1,0,0,1,"{'PASS': 812, 'PICKUP': 167, 'WEST': 978, 'NORTH': 904, 'BUILD_PASTURE': 14, 'PLACE': 14, 'PLANT': 158, 'WATER': 922, 'FEED': 314, 'CARE': 322, 'EAST': 740, 'COLLECT_FERTILIZER': 314, 'SOUTH': 638, 'DROP': 106, 'HARVEST': 374, 'FERTILIZE': 80, 'DIG': 43}",719,v026b,96795.0,DONE,1,0,0,344,1,2,0,13973.0,0.403458,v022c,82822.0,DONE,0.147833,0.203792,0.306792,0,0,0,0,0,0,0,0,0,0,win,0,317
1,0,0,1,"{'PASS': 812, 'PICKUP': 167, 'WEST': 978, 'NORTH': 904, 'BUILD_PASTURE': 14, 'PLACE': 14, 'PLANT': 158, 'WATER': 922, 'FEED': 314, 'CARE': 322, 'EAST': 740, 'COLLECT_FERTILIZER': 314, 'SOUTH': 638, 'DROP': 106, 'HARVEST': 374, 'FERTILIZE': 80, 'DIG': 43}",719,v026b,96798.0,DONE,1,0,0,344,1,2,0,13838.0,0.291209,v022c,82960.0,DONE,0.137417,0.187708,0.205666,0,0,0,0,0,0,0,0,0,0,win,1,317
2,0,0,2,"{'PASS': 812, 'PICKUP': 167, 'WEST': 978, 'NORTH': 904, 'BUILD_PASTURE': 14, 'PLACE': 14, 'PLANT': 158, 'WATER': 922, 'FEED': 314, 'CARE': 322, 'EAST': 740, 'COLLECT_FERTILIZER': 314, 'SOUTH': 638, 'DROP': 106, 'HARVEST': 374, 'FERTILIZE': 80, 'DIG': 43}",719,v026b,105557.0,DONE,1,0,0,344,2,5,0,15650.0,62.900167,v022c,89907.0,DONE,0.146917,0.204291,0.300125,0,0,0,0,0,0,0,0,0,0,win,0,733
5,0,1,4,"{'PASS': 812, 'PICKUP': 167, 'WEST': 978, 'NORTH': 904, 'BUILD_PASTURE': 14, 'PLACE': 14, 'PLANT': 158, 'WATER': 921, 'FEED': 314, 'CARE': 322, 'EAST': 740, 'COLLECT_FERTILIZER': 314, 'SOUTH': 638, 'DROP': 106, 'HARVEST': 374, 'DIG': 44, 'FERTILIZE': 80}",719,v026b,105803.0,DONE,1,0,0,344,5,9,0,15625.0,0.293292,v022c,90178.0,DONE,0.138417,0.1855,0.209542,0,5,1,0,0,0,1,0,1,1,win,1,733
1,0,0,1,"{'PASS': 812, 'PICKUP': 167, 'WEST': 978, 'NORTH': 904, 'BUILD_PASTURE': 14, 'PLACE': 14, 'PLANT': 158, 'WATER': 922, 'FEED': 314, 'CARE': 322, 'EAST': 740, 'COLLECT_FERTILIZER': 314, 'SOUTH': 638, 'DROP': 106, 'HARVEST': 374, 'FERTILIZE': 80, 'DIG': 43}",719,v026b,128370.0,DONE,1,0,0,344,1,2,0,7394.0,0.501625,v13_r3,120976.0,DONE,0.147459,0.204041,0.289833,0,0,0,0,0,0,0,0,0,0,win,0,17
1,0,0,1,"{'PASS': 812, 'PICKUP': 167, 'WEST': 978, 'NORTH': 904, 'BUILD_PASTURE': 14, 'PLACE': 14, 'PLANT': 158, 'WATER': 922, 'FEED': 314, 'CARE': 322, 'EAST': 740, 'COLLECT_FERTILIZER': 314, 'SOUTH': 638, 'DROP': 106, 'HARVEST': 374, 'FERTILIZE': 80, 'DIG': 43}",719,v026b,128370.0,DONE,1,0,0,344,1,2,0,7394.0,31.512209,v13_r3,120976.0,DONE,0.136333,0.187458,0.213959,0,0,0,0,0,0,0,0,0,0,win,1,17
3,0,0,3,"{'PASS': 812, 'PICKUP': 167, 'WEST': 978, 'NORTH': 904, 'BUILD_PASTURE': 14, 'PLACE': 14, 'PLANT': 158, 'WATER': 922, 'FEED': 314, 'CARE': 322, 'EAST': 740, 'COLLECT_FERTILIZER': 314, 'SOUTH': 638, 'DROP': 106, 'HARVEST': 374, 'FERTILIZE': 80, 'DIG': 43}",719,v026b,132400.0,DONE,1,0,0,344,3,10,0,6781.0,0.526375,v13_r3,125619.0,DONE,0.147792,0.201917,0.257916,0,0,0,0,0,0,0,0,0,0,win,0,42
3,0,0,3,"{'PASS': 812, 'PICKUP': 167, 'WEST': 978, 'NORTH': 904, 'BUILD_PASTURE': 14, 'PLACE': 14, 'PLANT': 158, 'WATER': 922, 'FEED': 314, 'CARE': 322, 'EAST': 740, 'COLLECT_FERTILIZER': 314, 'SOUTH': 638, 'DROP': 106, 'HARVEST': 374, 'FERTILIZE': 80, 'DIG': 43}",719,v026b,132400.0,DONE,1,0,0,344,3,10,0,6781.0,0.265208,v13_r3,125619.0,DONE,0.136208,0.188334,0.208458,0,0,0,0,0,0,0,0,0,0,win,1,42
6,0,4,2,"{'PASS': 812, 'PICKUP': 167, 'WEST': 978, 'NORTH': 904, 'BUILD_PASTURE': 14, 'PLACE': 14, 'PLANT': 158, 'WATER': 921, 'FEED': 314, 'CARE': 322, 'EAST': 740, 'COLLECT_FERTILIZER': 314, 'SOUTH': 637, 'DROP': 106, 'HARVEST': 374, 'FERTILIZE': 80, 'DIG': 45}",719,v026b,106611.0,DONE,1,0,0,344,2,8,0,7453.0,29.477583,v13_r3,99158.0,DONE,0.146,0.1945,0.248834,0,8,0,1,0,0,2,0,2,2,win,0,2026
1,0,0,1,"{'PASS': 812, 'PICKUP': 167, 'WEST': 978, 'NORTH': 904, 'BUILD_PASTURE': 14, 'PLACE': 14, 'PLANT': 158, 'WATER': 922, 'FEED': 314, 'CARE': 322, 'EAST': 740, 'COLLECT_FERTILIZER': 314, 'SOUTH': 638, 'DROP': 106, 'HARVEST': 374, 'FERTILIZE': 80, 'DIG': 43}",719,v026b,106842.0,DONE,1,0,0,344,1,3,0,7793.0,0.385667,v13_r3,99049.0,DONE,0.136042,0.1875,0.234208,0,0,0,0,0,0,0,0,0,0,win,1,2026
3,0,0,3,"{'PASS': 812, 'PICKUP': 167, 'WEST': 978, 'NORTH': 904, 'BUILD_PASTURE': 14, 'PLACE': 14, 'PLANT': 158, 'WATER': 922, 'FEED': 314, 'CARE': 322, 'EAST': 740, 'COLLECT_FERTILIZER': 314, 'SOUTH': 638, 'DROP': 106, 'HARVEST': 374, 'FERTILIZE': 80, 'DIG': 43}",719,v026b,109930.0,DONE,1,0,0,344,3,10,0,7248.0,32.143542,v13_r3,102682.0,DONE,0.146833,0.203417,0.317333,0,0,0,0,0,0,0,0,0,0,win,0,217
8,0,5,3,"{'PASS': 812, 'PICKUP': 167, 'WEST': 977, 'NORTH': 904, 'BUILD_PASTURE': 14, 'PLACE': 14, 'PLANT': 158, 'WATER': 922, 'FEED': 314, 'CARE': 322, 'EAST': 740, 'COLLECT_FERTILIZER': 314, 'SOUTH': 638, 'DROP': 106, 'HARVEST': 374, 'DIG': 44, 'FERTILIZE': 80}",719,v026b,104681.0,DONE,1,0,0,344,3,10,0,7116.0,0.376167,v13_r3,97565.0,DONE,0.137042,0.193292,0.2395,0,1,1,0,0,0,1,0,1,1,win,1,217
0,0,0,0,"{'PASS': 812, 'PICKUP': 167, 'WEST': 978, 'NORTH': 904, 'BUILD_PASTURE': 14, 'PLACE': 14, 'PLANT': 158, 'WATER': 922, 'FEED': 314, 'CARE': 322, 'EAST': 740, 'COLLECT_FERTILIZER': 314, 'SOUTH': 638, 'DROP': 106, 'HARVEST': 374, 'FERTILIZE': 80, 'DIG': 43}",719,v026b,119621.0,DONE,1,0,0,344,0,0,0,8171.0,0.3565,v13_r3,111450.0,DONE,0.147667,0.200417,0.287834,0,0,0,0,0,0,0,0,0,0,win,0,317
0,0,0,0,"{'PASS': 812, 'PICKUP': 167, 'WEST': 978, 'NORTH': 904, 'BUILD_PASTURE': 14, 'PLACE': 14, 'PLANT': 158, 'WATER': 922, 'FEED': 314, 'CARE': 322, 'EAST': 740, 'COLLECT_FERTILIZER': 314, 'SOUTH': 637, 'DROP': 106, 'HARVEST': 374, 'FERTILIZE': 80, 'DIG': 44}",719,v026b,119618.0,DONE,1,0,0,344,0,0,0,7608.0,0.366834,v13_r3,112010.0,DONE,0.13675,0.189541,0.2165,0,8,0,0,0,0,1,0,1,1,win,1,317
1,0,0,1,"{'PASS': 812, 'PICKUP': 167, 'WEST': 978, 'NORTH': 904, 'BUILD_PASTURE': 14, 'PLACE': 14, 'PLANT': 158, 'WATER': 922, 'FEED': 314, 'CARE': 322, 'EAST': 740, 'COLLECT_FERTILIZER': 314, 'SOUTH': 638, 'DROP': 106, 'HARVEST': 374, 'FERTILIZE': 80, 'DIG': 43}",719,v026b,146254.0,DONE,1,0,0,344,1,3,0,7370.0,29.872959,v13_r3,138884.0,DONE,0.147292,0.204916,0.299791,0,0,0,0,0,0,0,0,0,0,win,0,733
4,0,0,4,"{'PASS': 812, 'PICKUP': 167, 'WEST': 978, 'NORTH': 904, 'BUILD_PASTURE': 14, 'PLACE': 14, 'PLANT': 158, 'WATER': 921, 'FEED': 314, 'CARE': 322, 'EAST': 740, 'COLLECT_FERTILIZER': 314, 'SOUTH': 638, 'DROP': 106, 'HARVEST': 374, 'DIG': 44, 'FERTILIZE': 80}",719,v026b,145350.0,DONE,1,0,0,344,4,9,0,5473.0,0.94975,v13_r3,139877.0,DONE,0.137167,0.189708,0.219791,0,8,1,0,0,0,1,0,1,1,win,1,733
0,0,0,0,"{'PASS': 812, 'PICKUP': 167, 'WEST': 978, 'NORTH': 904, 'BUILD_PASTURE': 14, 'PLACE': 14, 'PLANT': 158, 'WATER': 922, 'FEED': 314, 'CARE': 322, 'EAST': 740, 'COLLECT_FERTILIZER': 314, 'SOUTH': 638, 'DROP': 106, 'HARVEST': 374, 'FERTILIZE': 80, 'DIG': 43}",719,v026b,116208.0,DONE,1,0,0,344,0,0,0,14635.0,42.793583,v21_1,101573.0,DONE,0.147791,0.198542,0.276333,0,0,0,0,0,0,0,0,0,0,win,0,17
0,0,0,0,"{'PASS': 812, 'PICKUP': 167, 'WEST': 978, 'NORTH': 904, 'BUILD_PASTURE': 14, 'PLACE': 14, 'PLANT': 158, 'WATER': 922, 'FEED': 314, 'CARE': 322, 'EAST': 740, 'COLLECT_FERTILIZER': 314, 'SOUTH': 638, 'DROP': 106, 'HARVEST': 374, 'FERTILIZE': 80, 'DIG': 43}",719,v026b,116208.0,DONE,1,0,0,344,0,0,0,14635.0,65.566792,v21_1,101573.0,DONE,0.1345,0.190166,0.212458,0,0,0,0,0,0,0,0,0,0,win,1,17
3,0,0,3,"{'PASS': 812, 'PICKUP': 167, 'WEST': 978, 'NORTH': 904, 'BUILD_PASTURE': 14, 'PLACE': 14, 'PLANT': 158, 'WATER': 922, 'FEED': 314, 'CARE': 322, 'EAST': 740, 'COLLECT_FERTILIZER': 314, 'SOUTH': 638, 'DROP': 106, 'HARVEST': 374, 'FERTILIZE': 80, 'DIG': 43}",719,v026b,133149.0,DONE,1,0,0,344,3,10,0,8278.0,0.402375,v21_1,124871.0,DONE,0.147042,0.199541,0.275833,0,0,0,0,0,0,0,0,0,0,win,0,42
3,0,0,3,"{'PASS': 812, 'PICKUP': 167, 'WEST': 978, 'NORTH': 904, 'BUILD_PASTURE': 14, 'PLACE': 14, 'PLANT': 158, 'WATER': 922, 'FEED': 314, 'CARE': 322, 'EAST': 740, 'COLLECT_FERTILIZER': 314, 'SOUTH': 638, 'DROP': 106, 'HARVEST': 374, 'FERTILIZE': 80, 'DIG': 43}",719,v026b,133149.0,DONE,1,0,0,344,3,10,0,8278.0,0.255333,v21_1,124871.0,DONE,0.135458,0.188375,0.208833,0,0,0,0,0,0,0,0,0,0,win,1,42
6,0,4,2,"{'PASS': 812, 'PICKUP': 167, 'WEST': 978, 'NORTH': 904, 'BUILD_PASTURE': 14, 'PLACE': 14, 'PLANT': 158, 'WATER': 921, 'FEED': 314, 'CARE': 322, 'EAST': 740, 'COLLECT_FERTILIZER': 314, 'SOUTH': 637, 'DROP': 106, 'HARVEST': 374, 'FERTILIZE': 80, 'DIG': 45}",719,v026b,97396.0,DONE,1,0,0,344,2,5,0,11031.0,0.453542,v21_1,86365.0,DONE,0.146459,0.198375,0.273875,0,8,0,1,0,0,2,0,2,2,win,0,2026
0,0,0,0,"{'PASS': 812, 'PICKUP': 167, 'WEST': 978, 'NORTH': 904, 'BUILD_PASTURE': 14, 'PLACE': 14, 'PLANT': 158, 'WATER': 922, 'FEED': 314, 'CARE': 322, 'EAST': 740, 'COLLECT_FERTILIZER': 314, 'SOUTH': 638, 'DROP': 106, 'HARVEST': 374, 'FERTILIZE': 80, 'DIG': 43}",719,v026b,97619.0,DONE,1,0,0,344,0,0,0,11281.0,4.955625,v21_1,86338.0,DONE,0.135375,0.18775,0.236875,0,0,0,0,0,0,0,0,0,0,win,1,2026
3,0,0,3,"{'PASS': 812, 'PICKUP': 167, 'WEST': 978, 'NORTH': 904, 'BUILD_PASTURE': 14, 'PLACE': 14, 'PLANT': 158, 'WATER': 922, 'FEED': 314, 'CARE': 322, 'EAST': 740, 'COLLECT_FERTILIZER': 314, 'SOUTH': 638, 'DROP': 106, 'HARVEST': 374, 'FERTILIZE': 80, 'DIG': 43}",719,v026b,110627.0,DONE,1,0,0,344,3,10,0,8622.0,35.045291,v21_1,102005.0,DONE,0.148209,0.204417,0.305667,0,0,0,0,0,0,0,0,0,0,win,0,217
8,0,5,3,"{'PASS': 812, 'PICKUP': 167, 'WEST': 977, 'NORTH': 904, 'BUILD_PASTURE': 14, 'PLACE': 14, 'PLANT': 158, 'WATER': 922, 'FEED': 314, 'CARE': 322, 'EAST': 740, 'COLLECT_FERTILIZER': 314, 'SOUTH': 638, 'DROP': 106, 'HARVEST': 374, 'DIG': 44, 'FERTILIZE': 80}",719,v026b,105087.0,DONE,1,0,0,344,3,10,0,8495.0,0.284958,v21_1,96592.0,DONE,0.13575,0.188709,0.2095,0,1,1,0,0,0,1,0,1,1,win,1,217
2,0,0,2,"{'PASS': 812, 'PICKUP': 167, 'WEST': 978, 'NORTH': 904, 'BUILD_PASTURE': 14, 'PLACE': 14, 'PLANT': 158, 'WATER': 922, 'FEED': 314, 'CARE': 322, 'EAST': 740, 'COLLECT_FERTILIZER': 314, 'SOUTH': 638, 'DROP': 106, 'HARVEST': 374, 'FERTILIZE': 80, 'DIG': 43}",719,v026b,119914.0,DONE,1,0,0,344,2,3,0,9209.0,0.360084,v21_1,110705.0,DONE,0.147,0.197875,0.281083,0,0,0,0,0,0,0,0,0,0,win,0,317
2,0,0,2,"{'PASS': 812, 'PICKUP': 167, 'WEST': 978, 'NORTH': 904, 'BUILD_PASTURE': 14, 'PLACE': 14, 'PLANT': 158, 'WATER': 922, 'FEED': 314, 'CARE': 322, 'EAST': 740, 'COLLECT_FERTILIZER': 314, 'SOUTH': 637, 'DROP': 106, 'HARVEST': 374, 'FERTILIZE': 80, 'DIG': 44}",719,v026b,119914.0,DONE,1,0,0,344,2,3,0,9209.0,0.314084,v21_1,110705.0,DONE,0.134458,0.189208,0.208875,0,8,0,0,0,0,1,0,1,1,win,1,317
0,0,0,0,"{'PASS': 812, 'PICKUP': 167, 'WEST': 978, 'NORTH': 904, 'BUILD_PASTURE': 14, 'PLACE': 14, 'PLANT': 158, 'WATER': 922, 'FEED': 314, 'CARE': 322, 'EAST': 740, 'COLLECT_FERTILIZER': 314, 'SOUTH': 638, 'DROP': 106, 'HARVEST': 374, 'FERTILIZE': 80, 'DIG': 43}",719,v026b,159039.0,DONE,1,0,0,344,0,0,0,14247.0,76.041708,v21_1,144792.0,DONE,0.147209,0.200083,0.290334,0,0,0,0,0,0,0,0,0,0,win,0,733
4,0,1,3,"{'PASS': 812, 'PICKUP': 167, 'WEST': 978, 'NORTH': 904, 'BUILD_PASTURE': 14, 'PLACE': 14, 'PLANT': 158, 'WATER': 921, 'FEED': 314, 'CARE': 322, 'EAST': 740, 'COLLECT_FERTILIZER': 314, 'SOUTH': 638, 'DROP': 106, 'HARVEST': 374, 'DIG': 44, 'FERTILIZE': 80}",719,v026b,157776.0,DONE,1,0,0,344,3,6,0,12690.0,0.255792,v21_1,145086.0,DONE,0.136,0.186834,0.207958,0,5,1,0,0,0,1,0,1,1,win,1,733
1,0,0,1,"{'PASS': 812, 'PICKUP': 167, 'WEST': 978, 'NORTH': 904, 'BUILD_PASTURE': 14, 'PLACE': 14, 'PLANT': 158, 'WATER': 922, 'FEED': 314, 'CARE': 322, 'EAST': 740, 'COLLECT_FERTILIZER': 314, 'SOUTH': 638, 'DROP': 106, 'HARVEST': 374, 'FERTILIZE': 80, 'DIG': 43}",719,v026b,119563.0,DONE,1,0,0,344,1,4,0,17220.0,0.364208,v012,102343.0,DONE,0.145208,0.200125,0.3,0,0,0,0,0,0,0,0,0,0,win,0,17
1,0,0,1,"{'PASS': 812, 'PICKUP': 167, 'WEST': 978, 'NORTH': 904, 'BUILD_PASTURE': 14, 'PLACE': 14, 'PLANT': 158, 'WATER': 922, 'FEED': 314, 'CARE': 322, 'EAST': 740, 'COLLECT_FERTILIZER': 314, 'SOUTH': 638, 'DROP': 106, 'HARVEST': 374, 'FERTILIZE': 80, 'DIG': 43}",719,v026b,119563.0,DONE,1,0,0,344,1,4,0,17220.0,0.478667,v012,102343.0,DONE,0.143083,0.197791,0.262834,0,0,0,0,0,0,0,0,0,0,win,1,17
1,0,0,1,"{'PASS': 812, 'PICKUP': 167, 'WEST': 978, 'NORTH': 904, 'BUILD_PASTURE': 14, 'PLACE': 14, 'PLANT': 158, 'WATER': 922, 'FEED': 314, 'CARE': 322, 'EAST': 740, 'COLLECT_FERTILIZER': 314, 'SOUTH': 638, 'DROP': 106, 'HARVEST': 374, 'FERTILIZE': 80, 'DIG': 43}",719,v026b,92297.0,DONE,1,0,0,344,1,4,0,8015.0,0.388792,v012,84282.0,DONE,0.146459,0.20225,0.3,0,0,0,0,0,0,0,0,0,0,win,0,42
1,0,0,1,"{'PASS': 812, 'PICKUP': 167, 'WEST': 978, 'NORTH': 904, 'BUILD_PASTURE': 14, 'PLACE': 14, 'PLANT': 158, 'WATER': 922, 'FEED': 314, 'CARE': 322, 'EAST': 740, 'COLLECT_FERTILIZER': 314, 'SOUTH': 638, 'DROP': 106, 'HARVEST': 374, 'FERTILIZE': 80, 'DIG': 43}",719,v026b,92329.0,DONE,1,0,0,344,1,4,0,8141.0,0.513958,v012,84188.0,DONE,0.141709,0.198,0.326166,0,0,0,0,0,0,0,0,0,0,win,1,42
6,0,4,2,"{'PASS': 812, 'PICKUP': 167, 'WEST': 978, 'NORTH': 904, 'BUILD_PASTURE': 14, 'PLACE': 14, 'PLANT': 158, 'WATER': 921, 'FEED': 314, 'CARE': 322, 'EAST': 740, 'COLLECT_FERTILIZER': 314, 'SOUTH': 637, 'DROP': 106, 'HARVEST': 374, 'FERTILIZE': 80, 'DIG': 45}",719,v026b,109982.0,DONE,1,0,0,344,2,7,0,10389.0,52.794917,v012,99593.0,DONE,0.145708,0.203917,0.31975,0,8,0,1,0,0,2,0,2,2,win,0,2026
7,0,5,2,"{'PASS': 812, 'PICKUP': 167, 'WEST': 978, 'NORTH': 903, 'BUILD_PASTURE': 14, 'PLACE': 14, 'PLANT': 158, 'WATER': 921, 'FEED': 314, 'CARE': 322, 'EAST': 740, 'COLLECT_FERTILIZER': 314, 'SOUTH': 638, 'DROP': 106, 'HARVEST': 374, 'DIG': 45, 'FERTILIZE': 80}",719,v026b,109807.0,DONE,1,0,0,344,2,9,0,9803.0,0.29325,v012,100004.0,DONE,0.142125,0.194084,0.231041,0,1,1,1,0,0,2,0,2,2,win,1,2026
1,0,0,1,"{'PASS': 812, 'PICKUP': 167, 'WEST': 978, 'NORTH': 904, 'BUILD_PASTURE': 14, 'PLACE': 14, 'PLANT': 158, 'WATER': 922, 'FEED': 314, 'CARE': 322, 'EAST': 740, 'COLLECT_FERTILIZER': 314, 'SOUTH': 638, 'DROP': 106, 'HARVEST': 374, 'FERTILIZE': 80, 'DIG': 43}",719,v026b,172136.0,DONE,1,0,0,344,1,4,0,17683.0,54.668167,v012,154453.0,DONE,0.144334,0.199458,0.269584,0,0,0,0,0,0,0,0,0,0,win,0,217
2,0,1,1,"{'PASS': 812, 'PICKUP': 167, 'WEST': 978, 'NORTH': 904, 'BUILD_PASTURE': 14, 'PLACE': 14, 'PLANT': 158, 'WATER': 921, 'FEED': 314, 'CARE': 322, 'EAST': 740, 'COLLECT_FERTILIZER': 314, 'SOUTH': 638, 'DROP': 106, 'HARVEST': 374, 'FERTILIZE': 80, 'DIG': 44}",719,v026b,174645.0,DONE,1,0,0,344,1,6,0,17569.0,0.342125,v012,157076.0,DONE,0.144167,0.198125,0.253792,0,0,0,1,0,0,1,0,1,1,win,1,217
1,0,0,1,"{'PASS': 812, 'PICKUP': 167, 'WEST': 978, 'NORTH': 904, 'BUILD_PASTURE': 14, 'PLACE': 14, 'PLANT': 158, 'WATER': 922, 'FEED': 314, 'CARE': 322, 'EAST': 740, 'COLLECT_FERTILIZER': 314, 'SOUTH': 638, 'DROP': 106, 'HARVEST': 374, 'FERTILIZE': 80, 'DIG': 43}",719,v026b,102191.0,DONE,1,0,0,344,1,4,0,11062.0,0.435375,v012,91129.0,DONE,0.146667,0.198459,0.236458,0,0,0,0,0,0,0,0,0,0,win,0,317
1,0,0,1,"{'PASS': 812, 'PICKUP': 167, 'WEST': 978, 'NORTH': 904, 'BUILD_PASTURE': 14, 'PLACE': 14, 'PLANT': 158, 'WATER': 922, 'FEED': 314, 'CARE': 322, 'EAST': 740, 'COLLECT_FERTILIZER': 314, 'SOUTH': 638, 'DROP': 106, 'HARVEST': 374, 'FERTILIZE': 80, 'DIG': 43}",719,v026b,102193.0,DONE,1,0,0,344,1,4,0,11169.0,0.342125,v012,91024.0,DONE,0.141625,0.197083,0.256542,0,0,0,0,0,0,0,0,0,0,win,1,317
1,0,0,1,"{'PASS': 812, 'PICKUP': 167, 'WEST': 978, 'NORTH': 904, 'BUILD_PASTURE': 14, 'PLACE': 14, 'PLANT': 158, 'WATER': 922, 'FEED': 314, 'CARE': 322, 'EAST': 740, 'COLLECT_FERTILIZER': 314, 'SOUTH': 638, 'DROP': 106, 'HARVEST': 374, 'FERTILIZE': 80, 'DIG': 43}",719,v026b,130628.0,DONE,1,0,0,344,1,1,0,10495.0,43.860458,v012,120133.0,DONE,0.145625,0.200083,0.297416,0,0,0,0,0,0,0,0,0,0,win,0,733
4,0,1,3,"{'PASS': 812, 'PICKUP': 167, 'WEST': 978, 'NORTH': 904, 'BUILD_PASTURE': 14, 'PLACE': 14, 'PLANT': 158, 'WATER': 921, 'FEED': 314, 'CARE': 322, 'EAST': 740, 'COLLECT_FERTILIZER': 314, 'SOUTH': 638, 'DROP': 106, 'HARVEST': 374, 'DIG': 44, 'FERTILIZE': 80}",719,v026b,130564.0,DONE,1,0,0,344,3,6,0,10017.0,1.582458,v012,120547.0,DONE,0.143583,0.196833,0.252625,0,5,1,0,0,0,1,0,1,1,win,1,733
1,0,0,1,"{'PASS': 812, 'PICKUP': 167, 'WEST': 978, 'NORTH': 904, 'BUILD_PASTURE': 14, 'PLACE': 14, 'PLANT': 158, 'WATER': 922, 'FEED': 314, 'CARE': 322, 'EAST': 740, 'COLLECT_FERTILIZER': 314, 'SOUTH': 638, 'DROP': 106, 'HARVEST': 374, 'FERTILIZE': 80, 'DIG': 43}",719,v026b,140023.0,DONE,1,0,0,344,1,2,0,18222.0,0.363833,v024a,121801.0,DONE,0.149166,0.2025,0.309333,0,0,0,0,0,0,0,0,0,0,win,0,17
1,0,0,1,"{'PASS': 812, 'PICKUP': 167, 'WEST': 978, 'NORTH': 904, 'BUILD_PASTURE': 14, 'PLACE': 14, 'PLANT': 158, 'WATER': 922, 'FEED': 314, 'CARE': 322, 'EAST': 740, 'COLLECT_FERTILIZER': 314, 'SOUTH': 638, 'DROP': 106, 'HARVEST': 374, 'FERTILIZE': 80, 'DIG': 43}",719,v026b,140023.0,DONE,1,0,0,344,1,2,0,18222.0,0.381083,v024a,121801.0,DONE,0.138916,0.191167,0.245083,0,0,0,0,0,0,0,0,0,0,win,1,17
3,0,0,3,"{'PASS': 812, 'PICKUP': 167, 'WEST': 978, 'NORTH': 904, 'BUILD_PASTURE': 14, 'PLACE': 14, 'PLANT': 158, 'WATER': 922, 'FEED': 314, 'CARE': 322, 'EAST': 740, 'COLLECT_FERTILIZER': 314, 'SOUTH': 638, 'DROP': 106, 'HARVEST': 374, 'FERTILIZE': 80, 'DIG': 43}",719,v026b,142379.0,DONE,1,0,0,344,3,10,0,17392.0,33.128875,v024a,124987.0,DONE,0.150042,0.200625,0.286916,0,0,0,0,0,0,0,0,0,0,win,0,42
3,0,0,3,"{'PASS': 812, 'PICKUP': 167, 'WEST': 978, 'NORTH': 904, 'BUILD_PASTURE': 14, 'PLACE': 14, 'PLANT': 158, 'WATER': 922, 'FEED': 314, 'CARE': 322, 'EAST': 740, 'COLLECT_FERTILIZER': 314, 'SOUTH': 638, 'DROP': 106, 'HARVEST': 374, 'FERTILIZE': 80, 'DIG': 43}",719,v026b,142379.0,DONE,1,0,0,344,3,10,0,17392.0,0.451542,v024a,124987.0,DONE,0.137083,0.195417,0.243,0,0,0,0,0,0,0,0,0,0,win,1,42
6,0,4,2,"{'PASS': 812, 'PICKUP': 167, 'WEST': 978, 'NORTH': 904, 'BUILD_PASTURE': 14, 'PLACE': 14, 'PLANT': 158, 'WATER': 921, 'FEED': 314, 'CARE': 322, 'EAST': 740, 'COLLECT_FERTILIZER': 314, 'SOUTH': 637, 'DROP': 106, 'HARVEST': 374, 'FERTILIZE': 80, 'DIG': 45}",719,v026b,121059.0,DONE,1,0,0,344,2,8,0,18738.0,28.977833,v024a,102321.0,DONE,0.147959,0.19675,0.296375,0,8,0,1,0,0,2,0,2,2,win,0,2026
1,0,0,1,"{'PASS': 812, 'PICKUP': 167, 'WEST': 978, 'NORTH': 904, 'BUILD_PASTURE': 14, 'PLACE': 14, 'PLANT': 158, 'WATER': 922, 'FEED': 314, 'CARE': 322, 'EAST': 740, 'COLLECT_FERTILIZER': 314, 'SOUTH': 638, 'DROP': 106, 'HARVEST': 374, 'FERTILIZE': 80, 'DIG': 43}",719,v026b,121278.0,DONE,1,0,0,344,1,3,0,19185.0,29.287,v024a,102093.0,DONE,0.138083,0.192667,0.254458,0,0,0,0,0,0,0,0,0,0,win,1,2026
3,0,0,3,"{'PASS': 812, 'PICKUP': 167, 'WEST': 978, 'NORTH': 904, 'BUILD_PASTURE': 14, 'PLACE': 14, 'PLANT': 158, 'WATER': 922, 'FEED': 314, 'CARE': 322, 'EAST': 740, 'COLLECT_FERTILIZER': 314, 'SOUTH': 638, 'DROP': 106, 'HARVEST': 374, 'FERTILIZE': 80, 'DIG': 43}",719,v026b,122246.0,DONE,1,0,0,344,3,10,0,18312.0,27.557542,v024a,103934.0,DONE,0.147583,0.209042,0.329,0,0,0,0,0,0,0,0,0,0,win,0,217
8,0,5,3,"{'PASS': 812, 'PICKUP': 167, 'WEST': 977, 'NORTH': 904, 'BUILD_PASTURE': 14, 'PLACE': 14, 'PLANT': 158, 'WATER': 922, 'FEED': 314, 'CARE': 322, 'EAST': 740, 'COLLECT_FERTILIZER': 314, 'SOUTH': 638, 'DROP': 106, 'HARVEST': 374, 'DIG': 44, 'FERTILIZE': 80}",719,v026b,112154.0,DONE,1,0,0,344,3,10,0,16364.0,0.364916,v024a,95790.0,DONE,0.139667,0.1925,0.239833,0,1,1,0,0,0,1,0,1,1,win,1,217
0,0,0,0,"{'PASS': 812, 'PICKUP': 167, 'WEST': 978, 'NORTH': 904, 'BUILD_PASTURE': 14, 'PLACE': 14, 'PLANT': 158, 'WATER': 922, 'FEED': 314, 'CARE': 322, 'EAST': 740, 'COLLECT_FERTILIZER': 314, 'SOUTH': 638, 'DROP': 106, 'HARVEST': 374, 'FERTILIZE': 80, 'DIG': 43}",719,v026b,127763.0,DONE,1,0,0,344,0,0,0,18371.0,24.094583,v024a,109392.0,DONE,0.146667,0.205333,0.322417,0,0,0,0,0,0,0,0,0,0,win,0,317
0,0,0,0,"{'PASS': 812, 'PICKUP': 167, 'WEST': 978, 'NORTH': 904, 'BUILD_PASTURE': 14, 'PLACE': 14, 'PLANT': 158, 'WATER': 922, 'FEED': 314, 'CARE': 322, 'EAST': 740, 'COLLECT_FERTILIZER': 314, 'SOUTH': 637, 'DROP': 106, 'HARVEST': 374, 'FERTILIZE': 80, 'DIG': 44}",719,v026b,127763.0,DONE,1,0,0,344,0,0,0,18192.0,0.456042,v024a,109571.0,DONE,0.140041,0.195083,0.255584,0,8,0,0,0,0,1,0,1,1,win,1,317
1,0,0,1,"{'PASS': 812, 'PICKUP': 167, 'WEST': 978, 'NORTH': 904, 'BUILD_PASTURE': 14, 'PLACE': 14, 'PLANT': 158, 'WATER': 922, 'FEED': 314, 'CARE': 322, 'EAST': 740, 'COLLECT_FERTILIZER': 314, 'SOUTH': 638, 'DROP': 106, 'HARVEST': 374, 'FERTILIZE': 80, 'DIG': 43}",719,v026b,155459.0,DONE,1,0,0,344,1,3,0,19737.0,27.693542,v024a,135722.0,DONE,0.147083,0.199708,0.284917,0,0,0,0,0,0,0,0,0,0,win,0,733
4,0,0,4,"{'PASS': 812, 'PICKUP': 167, 'WEST': 978, 'NORTH': 904, 'BUILD_PASTURE': 14, 'PLACE': 14, 'PLANT': 158, 'WATER': 921, 'FEED': 314, 'CARE': 322, 'EAST': 740, 'COLLECT_FERTILIZER': 314, 'SOUTH': 638, 'DROP': 106, 'HARVEST': 374, 'DIG': 44, 'FERTILIZE': 80}",719,v026b,154486.0,DONE,1,0,0,344,4,9,0,17466.0,36.029167,v024a,137020.0,DONE,0.140167,0.192959,0.283041,0,8,1,0,0,0,1,0,1,1,win,1,733
1,0,0,1,"{'PASS': 812, 'PICKUP': 167, 'WEST': 978, 'NORTH': 904, 'BUILD_PASTURE': 14, 'PLACE': 14, 'PLANT': 158, 'WATER': 922, 'FEED': 314, 'CARE': 322, 'EAST': 740, 'COLLECT_FERTILIZER': 314, 'SOUTH': 638, 'DROP': 106, 'HARVEST': 374, 'FERTILIZE': 80, 'DIG': 43}",719,v026b,141686.0,DONE,1,0,0,344,1,2,0,21749.0,0.432083,v025b,119937.0,DONE,0.148208,0.202125,0.292208,0,0,0,0,0,0,0,0,0,0,win,0,17
1,0,0,1,"{'PASS': 812, 'PICKUP': 167, 'WEST': 978, 'NORTH': 904, 'BUILD_PASTURE': 14, 'PLACE': 14, 'PLANT': 158, 'WATER': 922, 'FEED': 314, 'CARE': 322, 'EAST': 740, 'COLLECT_FERTILIZER': 314, 'SOUTH': 638, 'DROP': 106, 'HARVEST': 374, 'FERTILIZE': 80, 'DIG': 43}",719,v026b,141686.0,DONE,1,0,0,344,1,2,0,21749.0,0.4855,v025b,119937.0,DONE,0.139,0.19075,0.241125,0,0,0,0,0,0,0,0,0,0,win,1,17
3,0,0,3,"{'PASS': 812, 'PICKUP': 167, 'WEST': 978, 'NORTH': 904, 'BUILD_PASTURE': 14, 'PLACE': 14, 'PLANT': 158, 'WATER': 922, 'FEED': 314, 'CARE': 322, 'EAST': 740, 'COLLECT_FERTILIZER': 314, 'SOUTH': 638, 'DROP': 106, 'HARVEST': 374, 'FERTILIZE': 80, 'DIG': 43}",719,v026b,143874.0,DONE,1,0,0,344,3,10,0,20599.0,30.631208,v025b,123275.0,DONE,0.148083,0.207667,0.308583,0,0,0,0,0,0,0,0,0,0,win,0,42
3,0,0,3,"{'PASS': 812, 'PICKUP': 167, 'WEST': 978, 'NORTH': 904, 'BUILD_PASTURE': 14, 'PLACE': 14, 'PLANT': 158, 'WATER': 922, 'FEED': 314, 'CARE': 322, 'EAST': 740, 'COLLECT_FERTILIZER': 314, 'SOUTH': 638, 'DROP': 106, 'HARVEST': 374, 'FERTILIZE': 80, 'DIG': 43}",719,v026b,143874.0,DONE,1,0,0,344,3,10,0,20599.0,25.89175,v025b,123275.0,DONE,0.138959,0.187875,0.230667,0,0,0,0,0,0,0,0,0,0,win,1,42
6,0,4,2,"{'PASS': 812, 'PICKUP': 167, 'WEST': 978, 'NORTH': 904, 'BUILD_PASTURE': 14, 'PLACE': 14, 'PLANT': 158, 'WATER': 921, 'FEED': 314, 'CARE': 322, 'EAST': 740, 'COLLECT_FERTILIZER': 314, 'SOUTH': 637, 'DROP': 106, 'HARVEST': 374, 'FERTILIZE': 80, 'DIG': 45}",719,v026b,122944.0,DONE,1,0,0,344,2,8,0,22775.0,24.583875,v025b,100169.0,DONE,0.147291,0.200667,0.254708,0,8,0,1,0,0,2,0,2,2,win,0,2026
1,0,0,1,"{'PASS': 812, 'PICKUP': 167, 'WEST': 978, 'NORTH': 904, 'BUILD_PASTURE': 14, 'PLACE': 14, 'PLANT': 158, 'WATER': 922, 'FEED': 314, 'CARE': 322, 'EAST': 740, 'COLLECT_FERTILIZER': 314, 'SOUTH': 638, 'DROP': 106, 'HARVEST': 374, 'FERTILIZE': 80, 'DIG': 43}",719,v026b,123177.0,DONE,1,0,0,344,1,3,0,23259.0,24.793334,v025b,99918.0,DONE,0.139292,0.193041,0.288916,0,0,0,0,0,0,0,0,0,0,win,1,2026
3,0,0,3,"{'PASS': 812, 'PICKUP': 167, 'WEST': 978, 'NORTH': 904, 'BUILD_PASTURE': 14, 'PLACE': 14, 'PLANT': 158, 'WATER': 922, 'FEED': 314, 'CARE': 322, 'EAST': 740, 'COLLECT_FERTILIZER': 314, 'SOUTH': 638, 'DROP': 106, 'HARVEST': 374, 'FERTILIZE': 80, 'DIG': 43}",719,v026b,123733.0,DONE,1,0,0,344,3,10,0,21582.0,23.581541,v025b,102151.0,DONE,0.148084,0.202834,0.299875,0,0,0,0,0,0,0,0,0,0,win,0,217
8,0,5,3,"{'PASS': 812, 'PICKUP': 167, 'WEST': 977, 'NORTH': 904, 'BUILD_PASTURE': 14, 'PLACE': 14, 'PLANT': 158, 'WATER': 922, 'FEED': 314, 'CARE': 322, 'EAST': 740, 'COLLECT_FERTILIZER': 314, 'SOUTH': 638, 'DROP': 106, 'HARVEST': 374, 'DIG': 44, 'FERTILIZE': 80}",719,v026b,113715.0,DONE,1,0,0,344,3,10,0,19865.0,0.475375,v025b,93850.0,DONE,0.139375,0.192625,0.235542,0,1,1,0,0,0,1,0,1,1,win,1,217
1,0,0,1,"{'PASS': 812, 'PICKUP': 167, 'WEST': 978, 'NORTH': 904, 'BUILD_PASTURE': 14, 'PLACE': 14, 'PLANT': 158, 'WATER': 922, 'FEED': 314, 'CARE': 322, 'EAST': 740, 'COLLECT_FERTILIZER': 314, 'SOUTH': 638, 'DROP': 106, 'HARVEST': 374, 'FERTILIZE': 80, 'DIG': 43}",719,v026b,129914.0,DONE,1,0,0,344,1,1,0,22991.0,30.765958,v025b,106923.0,DONE,0.14625,0.201458,0.297167,0,0,0,0,0,0,0,0,0,0,win,0,317
1,0,0,1,"{'PASS': 812, 'PICKUP': 167, 'WEST': 978, 'NORTH': 904, 'BUILD_PASTURE': 14, 'PLACE': 14, 'PLANT': 158, 'WATER': 922, 'FEED': 314, 'CARE': 322, 'EAST': 740, 'COLLECT_FERTILIZER': 314, 'SOUTH': 637, 'DROP': 106, 'HARVEST': 374, 'FERTILIZE': 80, 'DIG': 44}",719,v026b,129914.0,DONE,1,0,0,344,1,1,0,22811.0,25.697959,v025b,107103.0,DONE,0.1375,0.193541,0.233417,0,8,0,0,0,0,1,0,1,1,win,1,317
1,0,0,1,"{'PASS': 812, 'PICKUP': 167, 'WEST': 978, 'NORTH': 904, 'BUILD_PASTURE': 14, 'PLACE': 14, 'PLANT': 158, 'WATER': 922, 'FEED': 314, 'CARE': 322, 'EAST': 740, 'COLLECT_FERTILIZER': 314, 'SOUTH': 638, 'DROP': 106, 'HARVEST': 374, 'FERTILIZE': 80, 'DIG': 43}",719,v026b,156463.0,DONE,1,0,0,344,1,3,0,21855.0,24.37875,v025b,134608.0,DONE,0.14975,0.198709,0.301667,0,0,0,0,0,0,0,0,0,0,win,0,733
4,0,0,4,"{'PASS': 812, 'PICKUP': 167, 'WEST': 978, 'NORTH': 904, 'BUILD_PASTURE': 14, 'PLACE': 14, 'PLANT': 158, 'WATER': 921, 'FEED': 314, 'CARE': 322, 'EAST': 740, 'COLLECT_FERTILIZER': 314, 'SOUTH': 638, 'DROP': 106, 'HARVEST': 374, 'DIG': 44, 'FERTILIZE': 80}",719,v026b,155493.0,DONE,1,0,0,344,4,9,0,19591.0,25.126167,v025b,135902.0,DONE,0.138708,0.191917,0.310583,0,8,1,0,0,0,1,0,1,1,win,1,733
1,0,0,1,"{'PASS': 812, 'PICKUP': 167, 'WEST': 978, 'NORTH': 904, 'BUILD_PASTURE': 14, 'PLACE': 14, 'PLANT': 158, 'WATER': 922, 'FEED': 314, 'CARE': 322, 'EAST': 740, 'COLLECT_FERTILIZER': 314, 'SOUTH': 638, 'DROP': 106, 'HARVEST': 374, 'FERTILIZE': 80, 'DIG': 43}",719,v026b,117349.0,DONE,1,0,0,344,1,4,0,9226.0,0.398375,hamburger,108123.0,DONE,0.145,0.199584,0.313375,0,0,0,0,0,0,0,0,0,0,win,0,17
1,0,0,1,"{'PASS': 812, 'PICKUP': 167, 'WEST': 978, 'NORTH': 904, 'BUILD_PASTURE': 14, 'PLACE': 14, 'PLANT': 158, 'WATER': 922, 'FEED': 314, 'CARE': 322, 'EAST': 740, 'COLLECT_FERTILIZER': 314, 'SOUTH': 638, 'DROP': 106, 'HARVEST': 374, 'FERTILIZE': 80, 'DIG': 43}",719,v026b,117349.0,DONE,1,0,0,344,1,4,0,9226.0,0.381083,hamburger,108123.0,DONE,0.142417,0.193292,0.248916,0,0,0,0,0,0,0,0,0,0,win,1,17
1,0,0,1,"{'PASS': 812, 'PICKUP': 167, 'WEST': 978, 'NORTH': 904, 'BUILD_PASTURE': 14, 'PLACE': 14, 'PLANT': 158, 'WATER': 922, 'FEED': 314, 'CARE': 322, 'EAST': 740, 'COLLECT_FERTILIZER': 314, 'SOUTH': 638, 'DROP': 106, 'HARVEST': 374, 'FERTILIZE': 80, 'DIG': 43}",719,v026b,91873.0,DONE,1,0,0,344,1,4,0,6906.0,0.367958,hamburger,84967.0,DONE,0.145792,0.202625,0.300125,0,0,0,0,0,0,0,0,0,0,win,0,42
1,0,0,1,"{'PASS': 812, 'PICKUP': 167, 'WEST': 978, 'NORTH': 904, 'BUILD_PASTURE': 14, 'PLACE': 14, 'PLANT': 158, 'WATER': 922, 'FEED': 314, 'CARE': 322, 'EAST': 740, 'COLLECT_FERTILIZER': 314, 'SOUTH': 638, 'DROP': 106, 'HARVEST': 374, 'FERTILIZE': 80, 'DIG': 43}",719,v026b,91841.0,DONE,1,0,0,344,1,4,0,6842.0,0.340666,hamburger,84999.0,DONE,0.142959,0.198125,0.298333,0,0,0,0,0,0,0,0,0,0,win,1,42
6,0,4,2,"{'PASS': 812, 'PICKUP': 167, 'WEST': 978, 'NORTH': 904, 'BUILD_PASTURE': 14, 'PLACE': 14, 'PLANT': 158, 'WATER': 921, 'FEED': 314, 'CARE': 322, 'EAST': 740, 'COLLECT_FERTILIZER': 314, 'SOUTH': 637, 'DROP': 106, 'HARVEST': 374, 'FERTILIZE': 80, 'DIG': 45}",719,v026b,110805.0,DONE,1,0,0,344,2,7,0,11583.0,33.924334,hamburger,99222.0,DONE,0.147292,0.204375,0.309792,0,8,0,1,0,0,2,0,2,2,win,0,2026
7,0,5,2,"{'PASS': 812, 'PICKUP': 167, 'WEST': 978, 'NORTH': 903, 'BUILD_PASTURE': 14, 'PLACE': 14, 'PLANT': 158, 'WATER': 921, 'FEED': 314, 'CARE': 322, 'EAST': 740, 'COLLECT_FERTILIZER': 314, 'SOUTH': 638, 'DROP': 106, 'HARVEST': 374, 'DIG': 45, 'FERTILIZE': 80}",719,v026b,110682.0,DONE,1,0,0,344,2,9,0,10983.0,0.420208,hamburger,99699.0,DONE,0.141583,0.197541,0.308542,0,1,1,1,0,0,2,0,2,2,win,1,2026
1,0,0,1,"{'PASS': 812, 'PICKUP': 167, 'WEST': 978, 'NORTH': 904, 'BUILD_PASTURE': 14, 'PLACE': 14, 'PLANT': 158, 'WATER': 922, 'FEED': 314, 'CARE': 322, 'EAST': 740, 'COLLECT_FERTILIZER': 314, 'SOUTH': 638, 'DROP': 106, 'HARVEST': 374, 'FERTILIZE': 80, 'DIG': 43}",719,v026b,172848.0,DONE,1,0,0,344,1,4,0,17114.0,0.462167,hamburger,155734.0,DONE,0.146667,0.199708,0.28725,0,0,0,0,0,0,0,0,0,0,win,0,217
2,0,1,1,"{'PASS': 812, 'PICKUP': 167, 'WEST': 978, 'NORTH': 904, 'BUILD_PASTURE': 14, 'PLACE': 14, 'PLANT': 158, 'WATER': 921, 'FEED': 314, 'CARE': 322, 'EAST': 740, 'COLLECT_FERTILIZER': 314, 'SOUTH': 638, 'DROP': 106, 'HARVEST': 374, 'FERTILIZE': 80, 'DIG': 44}",719,v026b,175335.0,DONE,1,0,0,344,1,6,0,16903.0,48.406042,hamburger,158432.0,DONE,0.144583,0.195959,0.235875,0,0,0,1,0,0,1,0,1,1,win,1,217
1,0,0,1,"{'PASS': 812, 'PICKUP': 167, 'WEST': 978, 'NORTH': 904, 'BUILD_PASTURE': 14, 'PLACE': 14, 'PLANT': 158, 'WATER': 922, 'FEED': 314, 'CARE': 322, 'EAST': 740, 'COLLECT_FERTILIZER': 314, 'SOUTH': 638, 'DROP': 106, 'HARVEST': 374, 'FERTILIZE': 80, 'DIG': 43}",719,v026b,105232.0,DONE,1,0,0,344,1,4,0,12292.0,0.397083,hamburger,92940.0,DONE,0.147667,0.206125,0.31325,0,0,0,0,0,0,0,0,0,0,win,0,317
1,0,0,1,"{'PASS': 812, 'PICKUP': 167, 'WEST': 978, 'NORTH': 904, 'BUILD_PASTURE': 14, 'PLACE': 14, 'PLANT': 158, 'WATER': 922, 'FEED': 314, 'CARE': 322, 'EAST': 740, 'COLLECT_FERTILIZER': 314, 'SOUTH': 638, 'DROP': 106, 'HARVEST': 374, 'FERTILIZE': 80, 'DIG': 43}",719,v026b,105234.0,DONE,1,0,0,344,1,4,0,12399.0,0.324083,hamburger,92835.0,DONE,0.141792,0.200667,0.257666,0,0,0,0,0,0,0,0,0,0,win,1,317
1,0,0,1,"{'PASS': 812, 'PICKUP': 167, 'WEST': 978, 'NORTH': 904, 'BUILD_PASTURE': 14, 'PLACE': 14, 'PLANT': 158, 'WATER': 922, 'FEED': 314, 'CARE': 322, 'EAST': 740, 'COLLECT_FERTILIZER': 314, 'SOUTH': 638, 'DROP': 106, 'HARVEST': 374, 'FERTILIZE': 80, 'DIG': 43}",719,v026b,132383.0,DONE,1,0,0,344,1,1,0,12333.0,0.501875,hamburger,120050.0,DONE,0.1475,0.201833,0.272625,0,0,0,0,0,0,0,0,0,0,win,0,733
4,0,1,3,"{'PASS': 812, 'PICKUP': 167, 'WEST': 978, 'NORTH': 904, 'BUILD_PASTURE': 14, 'PLACE': 14, 'PLANT': 158, 'WATER': 921, 'FEED': 314, 'CARE': 322, 'EAST': 740, 'COLLECT_FERTILIZER': 314, 'SOUTH': 638, 'DROP': 106, 'HARVEST': 374, 'DIG': 44, 'FERTILIZE': 80}",719,v026b,132409.0,DONE,1,0,0,344,3,6,0,11882.0,62.142,hamburger,120527.0,DONE,0.143917,0.199625,0.36075,0,5,1,0,0,0,1,0,1,1,win,1,733
1,0,0,1,"{'PASS': 812, 'PICKUP': 167, 'WEST': 978, 'NORTH': 904, 'BUILD_PASTURE': 14, 'PLACE': 14, 'PLANT': 158, 'WATER': 922, 'FEED': 314, 'CARE': 322, 'EAST': 740, 'COLLECT_FERTILIZER': 314, 'SOUTH': 638, 'DROP': 106, 'HARVEST': 374, 'FERTILIZE': 80, 'DIG': 43}",719,v026b,115857.0,DONE,1,0,0,344,1,3,0,22298.0,0.304833,frontier,93559.0,DONE,0.144916,0.197042,0.224541,0,0,0,0,0,0,0,0,0,0,win,0,17
1,0,0,1,"{'PASS': 812, 'PICKUP': 167, 'WEST': 978, 'NORTH': 904, 'BUILD_PASTURE': 14, 'PLACE': 14, 'PLANT': 158, 'WATER': 922, 'FEED': 314, 'CARE': 322, 'EAST': 740, 'COLLECT_FERTILIZER': 314, 'SOUTH': 638, 'DROP': 106, 'HARVEST': 374, 'FERTILIZE': 80, 'DIG': 43}",719,v026b,115857.0,DONE,1,0,0,344,1,3,0,22298.0,0.362292,frontier,93559.0,DONE,0.144792,0.195333,0.284333,0,0,0,0,0,0,0,0,0,0,win,1,17
1,0,0,1,"{'PASS': 812, 'PICKUP': 167, 'WEST': 978, 'NORTH': 904, 'BUILD_PASTURE': 14, 'PLACE': 14, 'PLANT': 158, 'WATER': 922, 'FEED': 314, 'CARE': 322, 'EAST': 740, 'COLLECT_FERTILIZER': 314, 'SOUTH': 638, 'DROP': 106, 'HARVEST': 374, 'FERTILIZE': 80, 'DIG': 43}",719,v026b,91280.0,DONE,1,0,0,344,1,3,0,12212.0,0.336167,frontier,79068.0,DONE,0.143041,0.203333,0.256917,0,0,0,0,0,0,0,0,0,0,win,0,42
1,0,0,1,"{'PASS': 812, 'PICKUP': 167, 'WEST': 978, 'NORTH': 904, 'BUILD_PASTURE': 14, 'PLACE': 14, 'PLANT': 158, 'WATER': 922, 'FEED': 314, 'CARE': 322, 'EAST': 740, 'COLLECT_FERTILIZER': 314, 'SOUTH': 638, 'DROP': 106, 'HARVEST': 374, 'FERTILIZE': 80, 'DIG': 43}",719,v026b,91247.0,DONE,1,0,0,344,1,3,0,12358.0,0.408958,frontier,78889.0,DONE,0.142958,0.198958,0.292,0,0,0,0,0,0,0,0,0,0,win,1,42
6,0,4,2,"{'PASS': 812, 'PICKUP': 167, 'WEST': 978, 'NORTH': 904, 'BUILD_PASTURE': 14, 'PLACE': 14, 'PLANT': 158, 'WATER': 921, 'FEED': 314, 'CARE': 322, 'EAST': 740, 'COLLECT_FERTILIZER': 314, 'SOUTH': 637, 'DROP': 106, 'HARVEST': 374, 'FERTILIZE': 80, 'DIG': 45}",719,v026b,108548.0,DONE,1,0,0,344,2,7,0,14721.0,44.123375,frontier,93827.0,DONE,0.144791,0.196625,0.319541,0,8,0,1,0,0,2,0,2,2,win,0,2026
7,0,5,2,"{'PASS': 812, 'PICKUP': 167, 'WEST': 978, 'NORTH': 903, 'BUILD_PASTURE': 14, 'PLACE': 14, 'PLANT': 158, 'WATER': 921, 'FEED': 314, 'CARE': 322, 'EAST': 740, 'COLLECT_FERTILIZER': 314, 'SOUTH': 638, 'DROP': 106, 'HARVEST': 374, 'DIG': 45, 'FERTILIZE': 80}",719,v026b,108412.0,DONE,1,0,0,344,2,9,0,14112.0,72.149292,frontier,94300.0,DONE,0.141167,0.202417,0.311708,0,1,1,1,0,0,2,0,2,2,win,1,2026
1,0,0,1,"{'PASS': 812, 'PICKUP': 167, 'WEST': 978, 'NORTH': 904, 'BUILD_PASTURE': 14, 'PLACE': 14, 'PLANT': 158, 'WATER': 922, 'FEED': 314, 'CARE': 322, 'EAST': 740, 'COLLECT_FERTILIZER': 314, 'SOUTH': 638, 'DROP': 106, 'HARVEST': 374, 'FERTILIZE': 80, 'DIG': 43}",719,v026b,169410.0,DONE,1,0,0,344,1,3,0,20455.0,0.312458,frontier,148955.0,DONE,0.146125,0.198,0.243917,0,0,0,0,0,0,0,0,0,0,win,0,217
2,0,1,1,"{'PASS': 812, 'PICKUP': 167, 'WEST': 978, 'NORTH': 904, 'BUILD_PASTURE': 14, 'PLACE': 14, 'PLANT': 158, 'WATER': 921, 'FEED': 314, 'CARE': 322, 'EAST': 740, 'COLLECT_FERTILIZER': 314, 'SOUTH': 638, 'DROP': 106, 'HARVEST': 374, 'FERTILIZE': 80, 'DIG': 44}",719,v026b,172775.0,DONE,1,0,0,344,1,5,0,21514.0,0.845917,frontier,151261.0,DONE,0.143667,0.198,0.307083,0,0,0,1,0,0,1,0,1,1,win,1,217
1,0,0,1,"{'PASS': 812, 'PICKUP': 167, 'WEST': 978, 'NORTH': 904, 'BUILD_PASTURE': 14, 'PLACE': 14, 'PLANT': 158, 'WATER': 922, 'FEED': 314, 'CARE': 322, 'EAST': 740, 'COLLECT_FERTILIZER': 314, 'SOUTH': 638, 'DROP': 106, 'HARVEST': 374, 'FERTILIZE': 80, 'DIG': 43}",719,v026b,99382.0,DONE,1,0,0,344,1,3,0,18077.0,0.909875,frontier,81305.0,DONE,0.143875,0.198125,0.266458,0,0,0,0,0,0,0,0,0,0,win,0,317
1,0,0,1,"{'PASS': 812, 'PICKUP': 167, 'WEST': 978, 'NORTH': 904, 'BUILD_PASTURE': 14, 'PLACE': 14, 'PLANT': 158, 'WATER': 922, 'FEED': 314, 'CARE': 322, 'EAST': 740, 'COLLECT_FERTILIZER': 314, 'SOUTH': 638, 'DROP': 106, 'HARVEST': 374, 'FERTILIZE': 80, 'DIG': 43}",719,v026b,99382.0,DONE,1,0,0,344,1,3,0,18077.0,0.365542,frontier,81305.0,DONE,0.143125,0.196,0.23325,0,0,0,0,0,0,0,0,0,0,win,1,317
1,0,0,1,"{'PASS': 812, 'PICKUP': 167, 'WEST': 978, 'NORTH': 904, 'BUILD_PASTURE': 14, 'PLACE': 14, 'PLANT': 158, 'WATER': 922, 'FEED': 314, 'CARE': 322, 'EAST': 740, 'COLLECT_FERTILIZER': 314, 'SOUTH': 638, 'DROP': 106, 'HARVEST': 374, 'FERTILIZE': 80, 'DIG': 43}",719,v026b,127916.0,DONE,1,0,0,344,1,1,0,15049.0,0.762625,frontier,112867.0,DONE,0.143875,0.20675,0.262,0,0,0,0,0,0,0,0,0,0,win,0,733
4,0,1,3,"{'PASS': 812, 'PICKUP': 167, 'WEST': 978, 'NORTH': 904, 'BUILD_PASTURE': 14, 'PLACE': 14, 'PLANT': 158, 'WATER': 921, 'FEED': 314, 'CARE': 322, 'EAST': 740, 'COLLECT_FERTILIZER': 314, 'SOUTH': 638, 'DROP': 106, 'HARVEST': 374, 'DIG': 44, 'FERTILIZE': 80}",719,v026b,127727.0,DONE,1,0,0,344,3,6,0,14617.0,1.081125,frontier,113110.0,DONE,0.145,0.1975,0.279416,0,5,1,0,0,0,1,0,1,1,win,1,733
1,0,0,1,"{'PASS': 812, 'PICKUP': 167, 'WEST': 978, 'NORTH': 904, 'BUILD_PASTURE': 14, 'PLACE': 14, 'PLANT': 158, 'WATER': 922, 'FEED': 314, 'CARE': 322, 'EAST': 740, 'COLLECT_FERTILIZER': 314, 'SOUTH': 638, 'DROP': 106, 'HARVEST': 374, 'FERTILIZE': 80, 'DIG': 43}",719,v026b,160736.0,DONE,1,0,0,344,1,3,0,51633.0,0.457458,root,109103.0,DONE,0.147458,0.210208,0.30325,0,0,0,0,0,0,0,0,0,0,win,0,17
1,0,0,1,"{'PASS': 812, 'PICKUP': 167, 'WEST': 978, 'NORTH': 904, 'BUILD_PASTURE': 14, 'PLACE': 14, 'PLANT': 158, 'WATER': 922, 'FEED': 314, 'CARE': 322, 'EAST': 740, 'COLLECT_FERTILIZER': 314, 'SOUTH': 638, 'DROP': 106, 'HARVEST': 374, 'FERTILIZE': 80, 'DIG': 43}",719,v026b,160736.0,DONE,1,0,0,344,1,3,0,51633.0,0.245875,root,109103.0,DONE,0.139291,0.191042,0.210375,0,0,0,0,0,0,0,0,0,0,win,1,17
0,0,0,0,"{'PASS': 812, 'PICKUP': 167, 'WEST': 978, 'NORTH': 904, 'BUILD_PASTURE': 14, 'PLACE': 14, 'PLANT': 158, 'WATER': 922, 'FEED': 314, 'CARE': 322, 'EAST': 740, 'COLLECT_FERTILIZER': 314, 'SOUTH': 638, 'DROP': 106, 'HARVEST': 374, 'FERTILIZE': 80, 'DIG': 43}",719,v026b,152072.0,DONE,1,0,0,344,0,0,0,50430.0,0.482959,root,101642.0,DONE,0.149125,0.203875,0.230792,0,0,0,0,0,0,0,0,0,0,win,0,42
0,0,0,0,"{'PASS': 812, 'PICKUP': 167, 'WEST': 978, 'NORTH': 904, 'BUILD_PASTURE': 14, 'PLACE': 14, 'PLANT': 158, 'WATER': 922, 'FEED': 314, 'CARE': 322, 'EAST': 740, 'COLLECT_FERTILIZER': 314, 'SOUTH': 638, 'DROP': 106, 'HARVEST': 374, 'FERTILIZE': 80, 'DIG': 43}",719,v026b,152427.0,DONE,1,0,0,344,0,0,0,50588.0,0.242791,root,101839.0,DONE,0.142541,0.195917,0.223917,0,0,0,0,0,0,0,0,0,0,win,1,42
6,0,4,2,"{'PASS': 812, 'PICKUP': 167, 'WEST': 978, 'NORTH': 904, 'BUILD_PASTURE': 14, 'PLACE': 14, 'PLANT': 158, 'WATER': 921, 'FEED': 314, 'CARE': 322, 'EAST': 740, 'COLLECT_FERTILIZER': 314, 'SOUTH': 637, 'DROP': 106, 'HARVEST': 374, 'FERTILIZE': 80, 'DIG': 45}",719,v026b,121906.0,DONE,1,0,0,344,2,8,0,51010.0,61.619833,root,70896.0,DONE,0.150625,0.212958,0.317708,0,8,0,1,0,0,2,0,2,2,win,0,2026
2,0,0,2,"{'PASS': 812, 'PICKUP': 167, 'WEST': 978, 'NORTH': 903, 'BUILD_PASTURE': 14, 'PLACE': 14, 'PLANT': 158, 'WATER': 922, 'FEED': 314, 'CARE': 322, 'EAST': 740, 'COLLECT_FERTILIZER': 314, 'SOUTH': 638, 'DROP': 106, 'HARVEST': 374, 'DIG': 44, 'FERTILIZE': 80}",719,v026b,137075.0,DONE,1,0,0,344,2,10,0,47633.0,0.418417,root,89442.0,DONE,0.141584,0.20025,0.243375,0,8,0,0,0,0,1,0,1,1,win,1,2026
1,0,0,1,"{'PASS': 812, 'PICKUP': 167, 'WEST': 978, 'NORTH': 904, 'BUILD_PASTURE': 14, 'PLACE': 14, 'PLANT': 158, 'WATER': 922, 'FEED': 314, 'CARE': 322, 'EAST': 740, 'COLLECT_FERTILIZER': 314, 'SOUTH': 638, 'DROP': 106, 'HARVEST': 374, 'FERTILIZE': 80, 'DIG': 43}",719,v026b,158890.0,DONE,1,0,0,344,1,3,0,64875.0,0.42725,root,94015.0,DONE,0.146125,0.199292,0.234625,0,0,0,0,0,0,0,0,0,0,win,0,217
2,0,0,2,"{'PASS': 812, 'PICKUP': 167, 'WEST': 978, 'NORTH': 904, 'BUILD_PASTURE': 14, 'PLACE': 14, 'PLANT': 158, 'WATER': 922, 'FEED': 314, 'CARE': 322, 'EAST': 740, 'COLLECT_FERTILIZER': 313, 'SOUTH': 638, 'DROP': 106, 'HARVEST': 374, 'FERTILIZE': 80, 'DIG': 44}",719,v026b,158882.0,DONE,1,0,0,344,2,4,0,64861.0,0.384334,root,94021.0,DONE,0.14175,0.196125,0.237208,0,8,0,0,0,0,1,0,1,1,win,1,217
0,0,0,0,"{'PASS': 812, 'PICKUP': 167, 'WEST': 978, 'NORTH': 904, 'BUILD_PASTURE': 14, 'PLACE': 14, 'PLANT': 158, 'WATER': 922, 'FEED': 314, 'CARE': 322, 'EAST': 740, 'COLLECT_FERTILIZER': 314, 'SOUTH': 638, 'DROP': 106, 'HARVEST': 374, 'FERTILIZE': 80, 'DIG': 43}",719,v026b,177346.0,DONE,1,0,0,344,0,0,0,67508.0,0.427083,root,109838.0,DONE,0.149,0.205458,0.299208,0,0,0,0,0,0,0,0,0,0,win,0,317
0,0,0,0,"{'PASS': 812, 'PICKUP': 167, 'WEST': 978, 'NORTH': 904, 'BUILD_PASTURE': 14, 'PLACE': 14, 'PLANT': 158, 'WATER': 922, 'FEED': 314, 'CARE': 322, 'EAST': 740, 'COLLECT_FERTILIZER': 314, 'SOUTH': 638, 'DROP': 106, 'HARVEST': 374, 'FERTILIZE': 80, 'DIG': 43}",719,v026b,177376.0,DONE,1,0,0,344,0,0,0,67440.0,0.518041,root,109936.0,DONE,0.143208,0.195333,0.227791,0,0,0,0,0,0,0,0,0,0,win,1,317
1,0,0,1,"{'PASS': 812, 'PICKUP': 167, 'WEST': 978, 'NORTH': 904, 'BUILD_PASTURE': 14, 'PLACE': 14, 'PLANT': 158, 'WATER': 922, 'FEED': 314, 'CARE': 322, 'EAST': 740, 'COLLECT_FERTILIZER': 314, 'SOUTH': 638, 'DROP': 106, 'HARVEST': 374, 'FERTILIZE': 80, 'DIG': 43}",719,v026b,142148.0,DONE,1,0,0,344,1,3,0,50891.0,0.40225,root,91257.0,DONE,0.148875,0.213,0.329166,0,0,0,0,0,0,0,0,0,0,win,0,733
1,0,0,1,"{'PASS': 812, 'PICKUP': 167, 'WEST': 978, 'NORTH': 904, 'BUILD_PASTURE': 14, 'PLACE': 14, 'PLANT': 158, 'WATER': 922, 'FEED': 314, 'CARE': 322, 'EAST': 740, 'COLLECT_FERTILIZER': 314, 'SOUTH': 638, 'DROP': 106, 'HARVEST': 374, 'FERTILIZE': 80, 'DIG': 43}",719,v026b,147527.0,DONE,1,0,0,344,1,3,0,55270.0,0.487083,root,92257.0,DONE,0.142,0.195958,0.2365,0,0,0,0,0,0,0,0,0,0,win,1,733
2,0,0,2,"{'PASS': 812, 'PICKUP': 167, 'WEST': 978, 'NORTH': 904, 'BUILD_PASTURE': 14, 'PLACE': 14, 'PLANT': 158, 'WATER': 922, 'FEED': 314, 'CARE': 322, 'EAST': 740, 'COLLECT_FERTILIZER': 314, 'SOUTH': 638, 'DROP': 106, 'HARVEST': 374, 'FERTILIZE': 80, 'DIG': 43}",719,v026b,206638.0,DONE,1,0,0,344,2,7,0,203124.0,31.745375,starter,3514.0,DONE,0.144417,0.241709,0.324708,0,0,0,0,0,0,0,0,0,0,win,0,17
2,0,0,2,"{'PASS': 812, 'PICKUP': 167, 'WEST': 978, 'NORTH': 904, 'BUILD_PASTURE': 14, 'PLACE': 14, 'PLANT': 158, 'WATER': 922, 'FEED': 314, 'CARE': 322, 'EAST': 740, 'COLLECT_FERTILIZER': 314, 'SOUTH': 638, 'DROP': 106, 'HARVEST': 374, 'FERTILIZE': 80, 'DIG': 43}",719,v026b,206638.0,DONE,1,0,0,344,2,7,0,203124.0,29.601375,starter,3514.0,DONE,0.144792,0.250625,0.337,0,0,0,0,0,0,0,0,0,0,win,1,17
2,0,0,2,"{'PASS': 812, 'PICKUP': 167, 'WEST': 978, 'NORTH': 904, 'BUILD_PASTURE': 14, 'PLACE': 14, 'PLANT': 158, 'WATER': 922, 'FEED': 314, 'CARE': 322, 'EAST': 740, 'COLLECT_FERTILIZER': 314, 'SOUTH': 638, 'DROP': 106, 'HARVEST': 374, 'FERTILIZE': 80, 'DIG': 43}",719,v026b,201024.0,DONE,1,0,0,344,2,5,0,197529.0,38.587792,starter,3495.0,DONE,0.149125,0.232125,0.345041,0,0,0,0,0,0,0,0,0,0,win,0,42
2,0,0,2,"{'PASS': 812, 'PICKUP': 167, 'WEST': 978, 'NORTH': 904, 'BUILD_PASTURE': 14, 'PLACE': 14, 'PLANT': 158, 'WATER': 922, 'FEED': 314, 'CARE': 322, 'EAST': 740, 'COLLECT_FERTILIZER': 314, 'SOUTH': 638, 'DROP': 106, 'HARVEST': 374, 'FERTILIZE': 80, 'DIG': 43}",719,v026b,201024.0,DONE,1,0,0,344,2,5,0,197529.0,31.758541,starter,3495.0,DONE,0.146292,0.277958,0.371583,0,0,0,0,0,0,0,0,0,0,win,1,42
7,0,4,3,"{'PASS': 812, 'PICKUP': 167, 'WEST': 978, 'NORTH': 904, 'BUILD_PASTURE': 14, 'PLACE': 14, 'PLANT': 158, 'WATER': 921, 'FEED': 314, 'CARE': 322, 'EAST': 740, 'COLLECT_FERTILIZER': 314, 'SOUTH': 637, 'DROP': 106, 'HARVEST': 374, 'FERTILIZE': 80, 'DIG': 45}",719,v026b,185962.0,DONE,1,0,0,344,3,16,0,182459.0,36.407625,starter,3503.0,DONE,0.146583,0.233875,0.348166,0,8,0,1,0,0,2,0,2,2,win,0,2026
3,0,0,3,"{'PASS': 812, 'PICKUP': 167, 'WEST': 978, 'NORTH': 904, 'BUILD_PASTURE': 14, 'PLACE': 14, 'PLANT': 158, 'WATER': 922, 'FEED': 314, 'CARE': 322, 'EAST': 740, 'COLLECT_FERTILIZER': 314, 'SOUTH': 638, 'DROP': 106, 'HARVEST': 374, 'FERTILIZE': 80, 'DIG': 43}",719,v026b,186017.0,DONE,1,0,0,344,3,16,0,182514.0,34.823042,starter,3503.0,DONE,0.145125,0.240708,0.340375,0,0,0,0,0,0,0,0,0,0,win,1,2026
2,0,0,2,"{'PASS': 812, 'PICKUP': 167, 'WEST': 978, 'NORTH': 904, 'BUILD_PASTURE': 14, 'PLACE': 14, 'PLANT': 158, 'WATER': 922, 'FEED': 314, 'CARE': 322, 'EAST': 740, 'COLLECT_FERTILIZER': 314, 'SOUTH': 638, 'DROP': 106, 'HARVEST': 374, 'FERTILIZE': 80, 'DIG': 43}",719,v026b,180129.0,DONE,1,0,0,344,2,5,0,176620.0,40.586917,starter,3509.0,DONE,0.145708,0.247042,0.389167,0,0,0,0,0,0,0,0,0,0,win,0,217
2,0,0,2,"{'PASS': 812, 'PICKUP': 167, 'WEST': 977, 'NORTH': 904, 'BUILD_PASTURE': 14, 'PLACE': 14, 'PLANT': 158, 'WATER': 922, 'FEED': 314, 'CARE': 322, 'EAST': 740, 'COLLECT_FERTILIZER': 314, 'SOUTH': 638, 'DROP': 106, 'HARVEST': 374, 'FERTILIZE': 80, 'DIG': 44}",719,v026b,180129.0,DONE,1,0,0,344,2,5,0,176620.0,0.359125,starter,3509.0,DONE,0.14875,0.2255,0.317292,0,8,0,0,0,0,1,0,1,1,win,1,217
3,0,0,3,"{'PASS': 812, 'PICKUP': 167, 'WEST': 978, 'NORTH': 904, 'BUILD_PASTURE': 14, 'PLACE': 14, 'PLANT': 158, 'WATER': 922, 'FEED': 314, 'CARE': 322, 'EAST': 740, 'COLLECT_FERTILIZER': 314, 'SOUTH': 638, 'DROP': 106, 'HARVEST': 374, 'FERTILIZE': 80, 'DIG': 43}",719,v026b,193414.0,DONE,1,0,0,344,3,16,0,189923.0,34.739875,starter,3491.0,DONE,0.145791,0.238833,0.347917,0,0,0,0,0,0,0,0,0,0,win,0,317
7,0,4,3,"{'PASS': 812, 'PICKUP': 167, 'WEST': 978, 'NORTH': 904, 'BUILD_PASTURE': 14, 'PLACE': 14, 'PLANT': 158, 'WATER': 921, 'FEED': 314, 'CARE': 322, 'EAST': 740, 'COLLECT_FERTILIZER': 314, 'SOUTH': 638, 'DROP': 106, 'HARVEST': 374, 'FERTILIZE': 80, 'DIG': 44}",719,v026b,193414.0,DONE,1,0,0,344,3,16,0,189923.0,41.401666,starter,3491.0,DONE,0.141708,0.228875,0.321125,0,0,0,1,0,0,1,0,1,1,win,1,317
3,0,0,3,"{'PASS': 812, 'PICKUP': 167, 'WEST': 978, 'NORTH': 904, 'BUILD_PASTURE': 14, 'PLACE': 14, 'PLANT': 158, 'WATER': 922, 'FEED': 314, 'CARE': 322, 'EAST': 740, 'COLLECT_FERTILIZER': 314, 'SOUTH': 638, 'DROP': 106, 'HARVEST': 374, 'FERTILIZE': 80, 'DIG': 43}",719,v026b,188858.0,DONE,1,0,0,344,3,16,0,185351.0,38.654292,starter,3507.0,DONE,0.15,0.240958,0.349458,0,0,0,0,0,0,0,0,0,0,win,0,733
6,0,1,5,"{'PASS': 812, 'PICKUP': 167, 'WEST': 978, 'NORTH': 904, 'BUILD_PASTURE': 14, 'PLACE': 14, 'PLANT': 158, 'WATER': 921, 'FEED': 314, 'CARE': 322, 'EAST': 740, 'COLLECT_FERTILIZER': 314, 'SOUTH': 638, 'DROP': 106, 'HARVEST': 374, 'DIG': 44, 'FERTILIZE': 80}",719,v026b,188750.0,DONE,1,0,0,344,7,22,0,185241.0,33.768959,starter,3509.0,DONE,0.148333,0.225666,0.378125,0,0,0,1,0,0,1,0,1,1,win,1,733
3,0,0,3,"{'PASS': 812, 'PICKUP': 167, 'WEST': 978, 'NORTH': 904, 'BUILD_PASTURE': 14, 'PLACE': 14, 'PLANT': 158, 'WATER': 922, 'FEED': 314, 'CARE': 322, 'EAST': 740, 'COLLECT_FERTILIZER': 314, 'SOUTH': 638, 'DROP': 106, 'HARVEST': 374, 'FERTILIZE': 80, 'DIG': 43}",719,v026b,198330.0,DONE,1,0,0,344,3,16,0,198330.0,39.867167,random,0.0,DONE,0.165,0.300583,0.380292,0,0,0,0,0,0,0,0,0,0,win,0,17
2,0,0,2,"{'PASS': 812, 'PICKUP': 167, 'WEST': 978, 'NORTH': 904, 'BUILD_PASTURE': 14, 'PLACE': 14, 'PLANT': 158, 'WATER': 922, 'FEED': 314, 'CARE': 322, 'EAST': 740, 'COLLECT_FERTILIZER': 314, 'SOUTH': 638, 'DROP': 106, 'HARVEST': 374, 'FERTILIZE': 80, 'DIG': 43}",719,v026b,206517.0,DONE,1,0,0,344,2,5,0,206497.0,33.659959,random,20.0,DONE,0.152667,0.232041,0.346625,0,0,0,0,0,0,0,0,0,0,win,1,17
2,0,0,2,"{'PASS': 812, 'PICKUP': 167, 'WEST': 978, 'NORTH': 904, 'BUILD_PASTURE': 14, 'PLACE': 14, 'PLANT': 158, 'WATER': 922, 'FEED': 314, 'CARE': 322, 'EAST': 740, 'COLLECT_FERTILIZER': 314, 'SOUTH': 638, 'DROP': 106, 'HARVEST': 374, 'FERTILIZE': 80, 'DIG': 43}",719,v026b,199324.0,DONE,1,0,0,344,2,5,0,199324.0,36.491791,random,0.0,DONE,0.156208,0.243875,0.334375,0,0,0,0,0,0,0,0,0,0,win,0,42
7,0,5,2,"{'PASS': 812, 'PICKUP': 167, 'WEST': 977, 'NORTH': 904, 'BUILD_PASTURE': 14, 'PLACE': 14, 'PLANT': 158, 'WATER': 922, 'FEED': 314, 'CARE': 322, 'EAST': 740, 'COLLECT_FERTILIZER': 314, 'SOUTH': 638, 'DROP': 106, 'HARVEST': 374, 'DIG': 44, 'FERTILIZE': 80}",719,v026b,206095.0,DONE,1,0,0,344,2,8,0,205905.0,45.016875,random,190.0,DONE,0.160875,0.248375,0.388459,0,1,1,0,0,0,1,0,1,1,win,1,42
6,0,4,2,"{'PASS': 812, 'PICKUP': 167, 'WEST': 978, 'NORTH': 904, 'BUILD_PASTURE': 14, 'PLACE': 14, 'PLANT': 158, 'WATER': 921, 'FEED': 314, 'CARE': 322, 'EAST': 740, 'COLLECT_FERTILIZER': 314, 'SOUTH': 637, 'DROP': 106, 'HARVEST': 374, 'FERTILIZE': 80, 'DIG': 45}",719,v026b,189929.0,DONE,1,0,0,344,2,6,0,189929.0,39.279,random,0.0,DONE,0.159083,0.29225,0.36,0,8,0,1,0,0,2,0,2,2,win,0,2026
2,0,0,2,"{'PASS': 812, 'PICKUP': 167, 'WEST': 978, 'NORTH': 904, 'BUILD_PASTURE': 14, 'PLACE': 14, 'PLANT': 158, 'WATER': 922, 'FEED': 314, 'CARE': 322, 'EAST': 740, 'COLLECT_FERTILIZER': 314, 'SOUTH': 638, 'DROP': 106, 'HARVEST': 374, 'FERTILIZE': 80, 'DIG': 43}",719,v026b,199533.0,DONE,1,0,0,344,2,5,0,199533.0,34.486,random,0.0,DONE,0.158167,0.261541,0.33825,0,0,0,0,0,0,0,0,0,0,win,1,2026
2,0,0,2,"{'PASS': 812, 'PICKUP': 167, 'WEST': 978, 'NORTH': 904, 'BUILD_PASTURE': 14, 'PLACE': 14, 'PLANT': 158, 'WATER': 922, 'FEED': 314, 'CARE': 322, 'EAST': 740, 'COLLECT_FERTILIZER': 314, 'SOUTH': 638, 'DROP': 106, 'HARVEST': 374, 'FERTILIZE': 80, 'DIG': 43}",719,v026b,186121.0,DONE,1,0,0,344,2,7,0,186121.0,0.45225,random,0.0,DONE,0.161583,0.26775,0.347958,0,0,0,0,0,0,0,0,0,0,win,0,217
7,0,5,2,"{'PASS': 812, 'PICKUP': 167, 'WEST': 978, 'NORTH': 903, 'BUILD_PASTURE': 14, 'PLACE': 14, 'PLANT': 158, 'WATER': 921, 'FEED': 314, 'CARE': 322, 'EAST': 740, 'COLLECT_FERTILIZER': 314, 'SOUTH': 638, 'DROP': 106, 'HARVEST': 374, 'DIG': 45, 'FERTILIZE': 80}",719,v026b,191498.0,DONE,1,0,0,344,2,9,0,191498.0,31.891458,random,0.0,DONE,0.152416,0.22025,0.346458,0,1,1,1,0,0,2,0,2,2,win,1,217
2,0,0,2,"{'PASS': 812, 'PICKUP': 167, 'WEST': 978, 'NORTH': 904, 'BUILD_PASTURE': 14, 'PLACE': 14, 'PLANT': 158, 'WATER': 922, 'FEED': 314, 'CARE': 322, 'EAST': 740, 'COLLECT_FERTILIZER': 314, 'SOUTH': 638, 'DROP': 106, 'HARVEST': 374, 'FERTILIZE': 80, 'DIG': 43}",719,v026b,194503.0,DONE,1,0,0,344,2,5,0,194503.0,41.348292,random,0.0,DONE,0.156583,0.270542,0.332917,0,0,0,0,0,0,0,0,0,0,win,0,317
2,0,0,2,"{'PASS': 812, 'PICKUP': 167, 'WEST': 978, 'NORTH': 904, 'BUILD_PASTURE': 14, 'PLACE': 14, 'PLANT': 158, 'WATER': 922, 'FEED': 314, 'CARE': 322, 'EAST': 740, 'COLLECT_FERTILIZER': 314, 'SOUTH': 638, 'DROP': 106, 'HARVEST': 374, 'FERTILIZE': 80, 'DIG': 43}",719,v026b,184668.0,DONE,1,0,0,344,2,5,0,184668.0,36.682,random,0.0,DONE,0.154541,0.24925,0.355625,0,0,0,0,0,0,0,0,0,0,win,1,317
2,0,0,2,"{'PASS': 812, 'PICKUP': 167, 'WEST': 978, 'NORTH': 904, 'BUILD_PASTURE': 14, 'PLACE': 14, 'PLANT': 158, 'WATER': 922, 'FEED': 314, 'CARE': 322, 'EAST': 740, 'COLLECT_FERTILIZER': 314, 'SOUTH': 638, 'DROP': 106, 'HARVEST': 374, 'FERTILIZE': 80, 'DIG': 43}",719,v026b,199126.0,DONE,1,0,0,344,2,5,0,198866.0,45.745417,random,260.0,DONE,0.163667,0.30175,0.355666,0,0,0,0,0,0,0,0,0,0,win,0,733
2,0,0,2,"{'PASS': 812, 'PICKUP': 167, 'WEST': 978, 'NORTH': 904, 'BUILD_PASTURE': 14, 'PLACE': 14, 'PLANT': 158, 'WATER': 922, 'FEED': 314, 'CARE': 322, 'EAST': 740, 'COLLECT_FERTILIZER': 314, 'SOUTH': 638, 'DROP': 106, 'HARVEST': 374, 'FERTILIZE': 80, 'DIG': 43}",719,v026b,205420.0,DONE,1,0,0,344,2,7,0,205420.0,35.435291,random,0.0,DONE,0.167083,0.27625,0.356875,0,0,0,0,0,0,0,0,0,0,win,1,733
