episode,seat,team,score_bands,day,style,confidence,hour,hands,unlocked_count,has_NE,has_SW,has_SE,crops_total,animals_total,cows,sheep,geese,premium_pipeline,premium_price_ratio,weeds,crop_MELON,crop_WHEAT,ready_MELON,ready_WHEAT,ready_SHEEP,ready_COW,crop_STRAWBERRY,ready_STRAWBERRY,ready_
90104951,0,lucaskna,L4,0,standard_converged,0.6,0,0,1,0,0,0,0,0,0,0,0,0.0,1.0,0,,,,,,,,,
90104951,0,lucaskna,L4,1,standard_converged,0.6,0,0,1,0,0,0,17,4,3,1,0,25.0,1.065,0,7,10,7,10,0,0,,,
90104951,0,lucaskna,L4,2,standard_converged,0.6,0,0,1,0,0,0,18,4,3,1,0,25.0,1.0934791666666668,0,7,11,7,11,0,0,,,
90104951,0,lucaskna,L4,3,standard_converged,0.6,0,0,1,0,0,0,19,4,3,1,0,28.0,1.1148125000000002,0,8,11,8,21,0,0,,,
90104951,0,lucaskna,L4,4,standard_converged,0.6,0,0,1,0,0,0,19,4,3,1,0,28.0,1.1463958333333333,0,8,11,8,32,0,0,,,
90104951,0,lucaskna,L4,5,standard_converged,0.6,0,0,1,0,0,0,19,4,3,1,0,36.0,1.1706875,0,10,7,10,9,0,0,2,0,
90104951,0,lucaskna,L4,6,standard_converged,0.6,0,0,1,0,0,0,18,6,4,2,0,38.0,1.1922083333333333,1,10,6,10,6,6,0,2,0,
90104951,0,lucaskna,L4,7,standard_converged,0.6,0,0,1,0,0,0,18,7,4,2,0,52.0,1.2034791666666667,0,10,6,17,12,0,0,2,0,0
90104951,0,lucaskna,L4,8,standard_converged,0.6,0,0,2,1,0,0,27,7,5,2,0,74.0,1.2305208333333335,0,11,10,25,22,0,18,6,0,
90104951,0,lucaskna,L4,9,standard_converged,0.6,0,0,2,1,0,0,30,11,5,6,0,100.0,1.1357916666666668,2,11,7,33,7,4,0,12,0,
90104951,0,lucaskna,L4,10,standard_converged,0.6,0,0,2,1,0,0,35,12,6,6,0,122.0,1.1363750000000001,0,11,7,41,11,0,9,17,0,
90104951,0,lucaskna,L4,11,standard_converged,0.6,0,0,3,1,1,0,33,14,6,6,0,55.0,1.1495208333333333,0,4,8,9,20,6,0,21,0,0
90104951,0,lucaskna,L4,12,standard_converged,0.6,0,0,3,1,1,0,39,14,8,6,0,75.0,1.1307708333333333,0,6,6,14,18,4,9,27,0,
90104951,0,lucaskna,L4,13,standard_converged,0.6,0,0,3,1,1,0,43,14,8,6,0,77.0,1.0743125,2,6,4,12,6,0,6,33,0,
90104951,0,lucaskna,L4,14,standard_converged,0.6,0,0,3,1,1,0,51,14,8,6,0,105.0,1.0809791666666666,1,9,4,18,12,27,9,38,4,
90104951,0,lucaskna,L4,15,standard_converged,0.6,0,0,3,1,1,0,52,14,8,6,0,82.0,0.9455625,1,8,4,10,14,4,9,40,0,
90104951,0,lucaskna,L4,16,standard_converged,0.6,0,0,3,1,1,0,53,14,8,6,0,98.0,0.9131458333333334,1,10,3,13,6,0,9,40,4,
90104951,0,lucaskna,L4,17,standard_converged,0.6,0,0,3,1,1,0,54,14,8,6,0,108.0,0.8941458333333334,0,10,4,14,6,20,12,40,8,
90104951,0,lucaskna,L4,18,standard_converged,0.6,0,0,3,1,1,0,54,14,8,6,0,117.0,0.8522291666666666,0,9,5,11,11,4,9,40,16,
90104951,0,lucaskna,L4,19,standard_converged,0.6,0,0,3,1,1,0,53,14,8,6,0,127.0,0.8337500000000001,0,9,4,14,12,0,21,40,18,
90104951,0,lucaskna,L4,20,standard_converged,0.6,0,0,3,1,1,0,52,14,8,6,0,151.0,0.8127708333333334,0,9,3,20,11,20,9,40,24,
90104951,0,lucaskna,L4,21,standard_converged,0.6,0,0,3,1,1,0,50,14,8,6,0,165.0,0.8437916666666666,0,9,1,26,4,4,14,40,25,
90104951,0,lucaskna,L4,22,standard_converged,0.6,0,0,3,1,1,0,46,14,8,6,0,196.0,0.7594166666666666,0,8,,29,,0,9,38,39,
90104951,0,lucaskna,L4,23,standard_converged,0.6,0,0,3,1,1,0,45,14,8,6,0,209.0,0.7808750000000001,0,7,,28,,20,15,38,47,
90104951,0,lucaskna,L4,24,standard_converged,0.6,0,0,3,1,1,0,44,14,8,6,0,186.0,0.8016041666666667,1,6,,26,,4,9,38,38,
90104951,0,lucaskna,L4,25,standard_converged,0.6,0,0,3,1,1,0,39,14,8,6,0,173.0,0.8702708333333334,2,5,,24,,0,15,34,36,
90104951,0,lucaskna,L4,26,standard_converged,0.6,0,0,3,1,1,0,31,14,8,6,0,127.0,0.7719166666666667,3,3,,15,,20,9,28,26,
90104951,0,lucaskna,L4,27,standard_converged,0.6,0,0,3,1,1,0,55,14,8,6,0,90.0,0.8581041666666666,3,2,31,11,31,4,15,22,15,
90104951,0,lucaskna,L4,28,standard_converged,0.6,0,0,3,1,1,0,47,14,8,6,0,55.0,0.7980208333333333,10,,32,,32,0,9,15,13,
90104951,0,lucaskna,L4,29,standard_converged,0.6,0,0,3,1,1,0,36,14,8,5,0,37.0,0.8199166666666666,13,,24,,56,20,15,12,6,0
90104951,1,somewhere after,L4,0,standard_converged,0.6,0,0,1,0,0,0,0,0,0,0,0,0.0,1.0,0,,,,,,,,,
90104951,1,somewhere after,L4,1,standard_converged,0.6,0,0,1,0,0,0,17,4,3,1,0,25.0,1.065,0,7,10,7,10,0,0,,,
90104951,1,somewhere after,L4,2,standard_converged,0.6,0,0,1,0,0,0,18,4,3,1,0,25.0,1.0934791666666668,0,7,11,7,11,0,0,,,
90104951,1,somewhere after,L4,3,standard_converged,0.6,0,0,1,0,0,0,19,4,3,1,0,28.0,1.1148125000000002,0,8,11,8,21,0,0,,,
90104951,1,somewhere after,L4,4,standard_converged,0.6,0,0,1,0,0,0,19,4,3,1,0,28.0,1.1463958333333333,0,8,11,8,32,0,0,,,
90104951,1,somewhere after,L4,5,standard_converged,0.6,0,0,1,0,0,0,19,4,3,1,0,36.0,1.1706875,0,10,7,10,9,0,0,2,0,
90104951,1,somewhere after,L4,6,standard_converged,0.6,0,0,1,0,0,0,18,6,4,2,0,38.0,1.1922083333333333,0,10,6,10,6,6,0,2,0,
90104951,1,somewhere after,L4,7,standard_converged,0.6,0,0,1,0,0,0,18,7,4,2,0,52.0,1.2034791666666667,0,10,6,17,12,0,0,2,0,0
90104951,1,somewhere after,L4,8,standard_converged,0.6,0,0,2,1,0,0,27,7,5,2,0,74.0,1.2305208333333335,1,11,10,25,22,0,18,6,0,
90104951,1,somewhere after,L4,9,standard_converged,0.6,0,0,2,1,0,0,30,11,5,6,0,100.0,1.1357916666666668,3,11,7,33,7,4,0,12,0,
90104951,1,somewhere after,L4,10,standard_converged,0.6,0,0,2,1,0,0,35,12,6,6,0,122.0,1.1363750000000001,0,11,7,41,11,0,9,17,0,
90104951,1,somewhere after,L4,11,standard_converged,0.6,0,0,3,1,1,0,33,14,6,6,0,55.0,1.1495208333333333,0,4,8,9,24,6,0,21,0,0
90104951,1,somewhere after,L4,12,standard_converged,0.6,0,0,3,1,1,0,39,14,8,6,0,75.0,1.1307708333333333,0,6,6,14,18,4,9,27,0,
90104951,1,somewhere after,L4,13,standard_converged,0.6,0,0,3,1,1,0,43,14,8,6,0,77.0,1.0743125,2,6,4,12,6,0,6,33,0,
90104951,1,somewhere after,L4,14,standard_converged,0.6,0,0,3,1,1,0,51,14,8,6,0,105.0,1.0809791666666666,1,9,4,18,12,28,9,38,4,
90104951,1,somewhere after,L4,15,standard_converged,0.6,0,0,3,1,1,0,52,14,8,6,0,82.0,0.9455625,1,8,4,10,14,4,9,40,0,
90104951,1,somewhere after,L4,16,standard_converged,0.6,0,0,3,1,1,0,53,14,8,6,0,98.0,0.9131458333333334,1,10,3,13,6,0,9,40,4,
90104951,1,somewhere after,L4,17,standard_converged,0.6,0,0,3,1,1,0,54,14,8,6,0,108.0,0.8941458333333334,0,10,4,14,6,20,12,40,8,
90104951,1,somewhere after,L4,18,standard_converged,0.6,0,0,3,1,1,0,54,14,8,6,0,117.0,0.8522291666666666,0,9,5,11,11,4,9,40,16,
90104951,1,somewhere after,L4,19,standard_converged,0.6,0,0,3,1,1,0,53,14,8,6,0,127.0,0.8337500000000001,0,9,4,14,12,0,21,40,18,
90104951,1,somewhere after,L4,20,standard_converged,0.6,0,0,3,1,1,0,52,14,8,6,0,151.0,0.8127708333333334,0,9,3,20,11,20,9,40,24,
90104951,1,somewhere after,L4,21,standard_converged,0.6,0,0,3,1,1,0,50,14,8,6,0,165.0,0.8437916666666666,0,9,1,26,4,4,14,40,25,
90104951,1,somewhere after,L4,22,standard_converged,0.6,0,0,3,1,1,0,46,14,8,6,0,196.0,0.7594166666666666,0,8,,29,,0,9,38,39,
90104951,1,somewhere after,L4,23,standard_converged,0.6,0,0,3,1,1,0,45,14,8,6,0,207.0,0.7808750000000001,0,7,,28,,20,15,38,46,
90104951,1,somewhere after,L4,24,standard_converged,0.6,0,0,3,1,1,0,44,14,8,6,0,188.0,0.8016041666666667,0,6,,26,,4,9,38,39,
90104951,1,somewhere after,L4,25,standard_converged,0.6,0,0,3,1,1,0,39,14,8,6,0,169.0,0.8702708333333334,0,5,,24,,0,15,34,34,
90104951,1,somewhere after,L4,26,standard_converged,0.6,0,0,3,1,1,0,31,14,8,6,0,129.0,0.7719166666666667,1,3,,15,,20,9,28,27,
90104951,1,somewhere after,L4,27,standard_converged,0.6,0,0,3,1,1,0,55,14,8,6,0,90.0,0.8581041666666666,3,2,31,11,31,4,15,22,15,
90104951,1,somewhere after,L4,28,standard_converged,0.6,0,0,3,1,1,0,47,14,8,6,0,55.0,0.7980208333333333,10,,32,,32,0,9,15,13,
90104951,1,somewhere after,L4,29,standard_converged,0.6,0,0,3,1,1,0,36,14,8,5,0,37.0,0.8199166666666666,14,,24,,56,20,15,12,6,0
90106933,0,Tianfu Wang (王天夫),L3,0,standard_converged,0.6,0,0,1,0,0,0,0,0,0,0,0,0.0,1.0,0,,,,,,,,,
90106933,0,Tianfu Wang (王天夫),L3,1,standard_converged,0.6,0,0,1,0,0,0,17,4,3,1,0,25.0,1.065,0,7,10,7,10,0,0,,,
90106933,0,Tianfu Wang (王天夫),L3,2,standard_converged,0.6,0,0,1,0,0,0,18,4,3,1,0,25.0,1.0934791666666668,0,7,11,7,11,0,0,,,
90106933,0,Tianfu Wang (王天夫),L3,3,standard_converged,0.6,0,0,1,0,0,0,19,4,3,1,0,28.0,1.1148125000000002,0,8,11,8,21,0,0,,,
90106933,0,Tianfu Wang (王天夫),L3,4,standard_converged,0.6,0,0,1,0,0,0,19,4,3,1,0,28.0,1.1318124999999999,0,8,11,8,32,0,0,,,
90106933,0,Tianfu Wang (王天夫),L3,5,standard_converged,0.6,0,0,1,0,0,0,18,4,3,1,0,33.0,1.1456875000000002,0,9,7,9,9,0,0,2,0,
90106933,0,Tianfu Wang (王天夫),L3,6,standard_converged,0.6,0,0,1,0,0,0,18,6,4,2,0,38.0,1.1567916666666667,0,10,6,10,6,6,0,2,0,
90106933,0,Tianfu Wang (王天夫),L3,7,standard_converged,0.6,0,0,1,0,0,0,18,7,4,2,0,52.0,1.1753541666666667,0,10,6,17,12,0,0,2,0,0
90106933,0,Tianfu Wang (王天夫),L3,8,standard_converged,0.6,0,0,2,1,0,0,27,7,5,2,0,74.0,1.2060416666666667,0,11,10,25,22,0,18,6,0,
90106933,0,Tianfu Wang (王天夫),L3,9,standard_converged,0.6,0,0,2,1,0,0,29,11,5,6,0,100.0,1.1514166666666668,1,11,6,33,6,4,0,12,0,
90106933,0,Tianfu Wang (王天夫),L3,10,standard_converged,0.6,0,0,2,1,0,0,35,12,6,6,0,122.0,1.1889791666666667,0,11,7,41,11,0,9,17,0,
90106933,0,Tianfu Wang (王天夫),L3,11,standard_converged,0.6,0,0,3,1,1,0,30,14,6,6,0,50.0,1.2000416666666667,1,4,8,8,22,6,0,18,0,0
90106933,0,Tianfu Wang (王天夫),L3,12,standard_converged,0.6,0,0,3,1,1,0,38,14,8,6,0,73.0,1.1914583333333333,1,6,5,13,15,4,9,27,0,
90106933,0,Tianfu Wang (王天夫),L3,13,standard_converged,0.6,0,0,3,1,1,0,47,14,8,6,0,87.0,1.1807916666666667,0,10,4,15,6,0,6,33,0,
90106933,0,Tianfu Wang (王天夫),L3,14,standard_converged,0.6,0,0,3,1,1,0,55,14,8,6,0,115.0,1.1838125,0,13,4,21,10,28,9,38,4,
90106933,0,Tianfu Wang (王天夫),L3,15,standard_converged,0.6,0,0,3,1,1,0,56,14,8,6,0,94.0,1.0210625,0,12,4,14,11,4,9,40,0,
90106933,0,Tianfu Wang (王天夫),L3,16,standard_converged,0.6,0,0,3,1,1,0,56,14,8,6,0,107.0,0.9585833333333333,1,13,3,16,6,0,9,40,4,
90106933,0,Tianfu Wang (王天夫),L3,17,standard_converged,0.6,0,0,3,1,1,0,57,14,8,6,0,117.0,0.9861875,1,13,4,17,6,20,12,40,8,
90106933,0,Tianfu Wang (王天夫),L3,18,standard_converged,0.6,0,0,3,1,1,0,58,14,8,6,0,129.0,0.9145416666666666,0,13,5,15,11,4,9,40,16,
90106933,0,Tianfu Wang (王天夫),L3,19,standard_converged,0.6,0,0,3,1,1,0,57,14,8,6,0,147.0,0.9127291666666666,0,13,4,22,10,0,21,40,18,
90106933,0,Tianfu Wang (王天夫),L3,20,standard_converged,0.6,0,0,3,1,1,0,56,14,8,6,0,167.0,0.8917291666666667,0,13,3,32,9,20,9,40,18,
90106933,0,Tianfu Wang (王天夫),L3,21,standard_converged,0.6,0,0,3,1,1,0,54,14,8,6,0,207.0,0.9160416666666668,0,13,1,42,4,4,14,40,28,
90106933,0,Tianfu Wang (王天夫),L3,22,standard_converged,0.6,0,0,3,1,1,0,50,14,8,6,0,208.0,0.9803541666666666,0,12,,47,,0,9,38,25,
90106933,0,Tianfu Wang (王天夫),L3,23,high_worker_maintenance,0.95,0,0,3,1,1,0,49,14,8,6,0,247.0,0.9248541666666666,0,11,,51,,20,15,38,41,
90106933,0,Tianfu Wang (王天夫),L3,24,high_worker_maintenance,0.95,0,0,3,1,1,0,48,14,8,6,0,214.0,0.9501875000000001,0,10,,50,,4,9,38,26,
90106933,0,Tianfu Wang (王天夫),L3,25,high_worker_maintenance,0.95,0,0,3,1,1,0,39,14,8,6,0,169.0,0.9693750000000001,0,5,,23,,0,15,34,35,
90106933,0,Tianfu Wang (王天夫),L3,26,high_worker_maintenance,0.95,0,0,3,1,1,0,31,14,8,6,0,99.0,0.7514166666666667,2,3,,12,,20,9,28,15,
90106933,0,Tianfu Wang (王天夫),L3,27,high_worker_maintenance,0.95,0,0,3,1,1,0,50,14,8,6,0,94.0,0.745,5,2,26,11,26,4,15,22,17,
90106933,0,Tianfu Wang (王天夫),L3,28,high_worker_maintenance,0.95,0,0,3,1,1,0,47,14,8,6,0,57.0,0.7872083333333333,4,,30,,30,0,9,17,13,
90106933,0,Tianfu Wang (王天夫),L3,29,high_worker_maintenance,0.95,0,0,3,1,1,0,36,14,8,6,0,35.0,0.8463125,8,,25,,53,20,15,11,5,
90106933,1,Devaansh Pathak,L3,0,standard_converged,0.6,0,0,1,0,0,0,0,0,0,0,0,0.0,1.0,0,,,,,,,,,
90106933,1,Devaansh Pathak,L3,1,standard_converged,0.6,0,0,1,0,0,0,16,4,3,1,0,22.0,1.065,0,6,10,6,10,0,0,,,
90106933,1,Devaansh Pathak,L3,2,standard_converged,0.6,0,0,1,0,0,0,17,4,3,1,0,22.0,1.0934791666666668,0,6,11,6,11,0,0,,,
90106933,1,Devaansh Pathak,L3,3,standard_converged,0.6,0,0,1,0,0,0,18,4,3,1,0,25.0,1.1148125000000002,0,7,11,7,18,0,0,,,
90106933,1,Devaansh Pathak,L3,4,standard_converged,0.6,0,0,1,0,0,0,18,4,3,1,0,25.0,1.1318124999999999,0,7,11,7,29,0,0,,,
90106933,1,Devaansh Pathak,L3,5,standard_converged,0.6,0,0,1,0,0,0,18,4,3,1,0,33.0,1.1456875000000002,0,9,7,9,9,0,0,2,0,
90106933,1,Devaansh Pathak,L3,6,standard_converged,0.6,0,0,1,0,0,0,17,6,4,2,0,35.0,1.1567916666666667,0,9,6,9,6,6,0,2,0,
90106933,1,Devaansh Pathak,L3,7,standard_converged,0.6,0,0,1,0,0,0,17,7,4,2,0,47.0,1.1753541666666667,0,9,6,15,12,0,0,2,0,0
90106933,1,Devaansh Pathak,L3,8,standard_converged,0.6,0,0,2,1,0,0,26,7,5,2,0,67.0,1.2060416666666667,0,10,10,22,22,0,18,6,0,
90106933,1,Devaansh Pathak,L3,9,standard_converged,0.6,0,0,2,1,0,0,29,11,5,6,0,91.0,1.1514166666666668,2,10,7,29,7,4,0,12,0,
90106933,1,Devaansh Pathak,L3,10,standard_converged,0.6,0,0,2,1,0,0,34,12,6,6,0,111.0,1.1889791666666667,0,10,7,36,11,0,9,17,0,
90106933,1,Devaansh Pathak,L3,11,standard_converged,0.6,0,0,3,1,1,0,33,14,6,6,0,55.0,1.2000416666666667,0,4,8,9,24,6,0,21,0,0
90106933,1,Devaansh Pathak,L3,12,standard_converged,0.6,0,0,3,1,1,0,39,14,8,6,0,75.0,1.1914583333333333,0,6,6,14,18,4,9,27,0,
90106933,1,Devaansh Pathak,L3,13,standard_converged,0.6,0,0,3,1,1,0,43,14,8,6,0,77.0,1.1807916666666667,2,6,4,12,6,0,6,33,0,
90106933,1,Devaansh Pathak,L3,14,standard_converged,0.6,0,0,3,1,1,0,51,14,8,6,0,105.0,1.1838125,1,9,4,18,12,28,9,38,4,
90106933,1,Devaansh Pathak,L3,15,standard_converged,0.6,0,0,3,1,1,0,52,14,8,6,0,82.0,1.0210625,1,8,4,10,14,4,9,40,0,
90106933,1,Devaansh Pathak,L3,16,standard_converged,0.6,0,0,3,1,1,0,53,14,8,6,0,98.0,0.9585833333333333,1,10,3,13,6,0,9,40,4,
90106933,1,Devaansh Pathak,L3,17,standard_converged,0.6,0,0,3,1,1,0,54,14,8,6,0,108.0,0.9861875,1,10,4,14,6,20,12,40,8,
90106933,1,Devaansh Pathak,L3,18,standard_converged,0.6,0,0,3,1,1,0,54,14,8,6,0,117.0,0.9145416666666666,1,9,5,11,11,4,9,40,16,
90106933,1,Devaansh Pathak,L3,19,standard_converged,0.6,0,0,3,1,1,0,53,14,8,6,0,127.0,0.9127291666666666,1,9,4,14,12,0,21,40,18,
90106933,1,Devaansh Pathak,L3,20,standard_converged,0.6,0,0,3,1,1,0,52,14,8,6,0,151.0,0.8917291666666667,1,9,3,20,11,20,9,40,24,
90106933,1,Devaansh Pathak,L3,21,standard_converged,0.6,0,0,3,1,1,0,50,14,8,6,0,165.0,0.9160416666666668,1,9,1,26,4,4,14,40,25,
90106933,1,Devaansh Pathak,L3,22,standard_converged,0.6,0,0,3,1,1,0,46,14,8,6,0,196.0,0.9803541666666666,3,8,,29,,0,9,38,39,
90106933,1,Devaansh Pathak,L3,23,standard_converged,0.6,0,0,3,1,1,0,45,14,8,6,0,209.0,0.9248541666666666,3,7,,28,,20,15,38,47,
90106933,1,Devaansh Pathak,L3,24,standard_converged,0.6,0,0,3,1,1,0,44,14,8,6,0,186.0,0.9501875000000001,4,6,,26,,4,9,38,38,
90106933,1,Devaansh Pathak,L3,25,standard_converged,0.6,0,0,3,1,1,0,39,14,8,6,0,173.0,0.9693750000000001,4,5,,24,,0,15,34,36,
90106933,1,Devaansh Pathak,L3,26,standard_converged,0.6,0,0,3,1,1,0,31,14,8,6,0,127.0,0.7514166666666667,5,3,,15,,20,9,28,26,
90106933,1,Devaansh Pathak,L3,27,standard_converged,0.6,0,0,3,1,1,0,52,14,8,6,0,90.0,0.745,6,2,28,11,28,4,15,22,15,
90106933,1,Devaansh Pathak,L3,28,standard_converged,0.6,0,0,3,1,1,0,44,14,8,6,0,55.0,0.7872083333333333,13,,29,,29,0,9,15,13,
90106933,1,Devaansh Pathak,L3,29,standard_converged,0.6,0,0,3,1,1,0,34,14,8,5,0,37.0,0.8463125,16,,22,,50,20,15,12,6,0
90106946,0,Rayk Kretzschmar,L3,0,standard_converged,0.6,0,0,1,0,0,0,0,0,0,0,0,0.0,1.0,0,,,,,,,,,
90106946,0,Rayk Kretzschmar,L3,1,standard_converged,0.6,0,0,1,0,0,0,17,4,3,1,0,25.0,1.065,0,7,10,7,10,0,0,,,
90106946,0,Rayk Kretzschmar,L3,2,standard_converged,0.6,0,0,1,0,0,0,18,4,3,1,0,25.0,1.0934791666666668,0,7,11,7,11,0,0,,,
90106946,0,Rayk Kretzschmar,L3,3,standard_converged,0.6,0,0,1,0,0,0,19,4,3,1,0,28.0,1.1148125000000002,0,8,11,8,21,0,0,,,
90106946,0,Rayk Kretzschmar,L3,4,standard_converged,0.6,0,0,1,0,0,0,19,4,3,1,0,28.0,1.1405625,0,8,11,8,32,0,0,,,
90106946,0,Rayk Kretzschmar,L3,5,standard_converged,0.6,0,0,1,0,0,0,19,4,3,1,0,36.0,1.1569375000000002,0,10,7,10,9,0,0,2,0,
90106946,0,Rayk Kretzschmar,L3,6,standard_converged,0.6,0,0,1,0,0,0,18,6,4,2,0,38.0,1.1705416666666668,0,10,6,10,6,6,0,2,0,
90106946,0,Rayk Kretzschmar,L3,7,standard_converged,0.6,0,0,1,0,0,0,18,7,4,2,0,52.0,1.1972291666666666,0,10,6,17,12,0,0,2,0,0
90106946,0,Rayk Kretzschmar,L3,8,standard_converged,0.6,0,0,2,1,0,0,27,7,5,2,0,74.0,1.2163541666666666,0,11,10,25,22,0,18,6,0,
90106946,0,Rayk Kretzschmar,L3,9,standard_converged,0.6,0,0,2,1,0,0,30,11,5,6,0,100.0,1.1170416666666667,2,11,7,33,7,4,0,12,0,
90106946,0,Rayk Kretzschmar,L3,10,standard_converged,0.6,0,0,2,1,0,0,35,12,6,6,0,122.0,1.1583541666666666,0,11,7,41,11,0,9,17,0,
90106946,0,Rayk Kretzschmar,L3,11,standard_converged,0.6,0,0,3,1,1,0,33,14,6,6,0,55.0,1.1731666666666667,0,4,8,9,24,6,0,21,0,0
90106946,0,Rayk Kretzschmar,L3,12,standard_converged,0.6,0,0,3,1,1,0,39,14,8,6,0,75.0,1.2007708333333333,0,6,6,14,18,4,9,27,0,
90106946,0,Rayk Kretzschmar,L3,13,standard_converged,0.6,0,0,3,1,1,0,43,14,8,6,0,77.0,1.1336875,2,6,4,12,6,0,6,33,0,
90106946,0,Rayk Kretzschmar,L3,14,standard_converged,0.6,0,0,3,1,1,0,51,14,8,6,0,105.0,1.1347291666666666,1,9,4,18,12,28,9,38,4,
90106946,0,Rayk Kretzschmar,L3,15,standard_converged,0.6,0,0,3,1,1,0,52,14,8,6,0,82.0,1.1449375000000002,1,8,4,10,14,4,9,40,0,
90106946,0,Rayk Kretzschmar,L3,16,standard_converged,0.6,0,0,3,1,1,0,53,14,8,6,0,98.0,1.1180416666666666,1,10,3,13,6,0,9,40,4,
90106946,0,Rayk Kretzschmar,L3,17,standard_converged,0.6,0,0,3,1,1,0,54,14,8,6,0,108.0,1.108625,0,10,4,14,6,20,12,40,8,
90106946,0,Rayk Kretzschmar,L3,18,standard_converged,0.6,0,0,3,1,1,0,54,14,8,6,0,117.0,1.0688125,0,9,5,11,11,4,9,40,16,
90106946,0,Rayk Kretzschmar,L3,19,standard_converged,0.6,0,0,3,1,1,0,53,14,8,6,0,127.0,1.0436666666666667,1,9,4,14,12,0,21,40,18,
90106946,0,Rayk Kretzschmar,L3,20,standard_converged,0.6,0,0,3,1,1,0,52,14,8,6,0,151.0,0.9829375,1,9,3,20,11,20,9,40,24,
90106946,0,Rayk Kretzschmar,L3,21,standard_converged,0.6,0,0,3,1,1,0,50,14,8,6,0,165.0,0.9426249999999999,1,9,1,26,4,4,14,40,25,
90106946,0,Rayk Kretzschmar,L3,22,standard_converged,0.6,0,0,3,1,1,0,46,14,8,6,0,196.0,0.9356666666666666,1,8,,29,,0,9,38,39,
90106946,0,Rayk Kretzschmar,L3,23,standard_converged,0.6,0,0,3,1,1,0,45,14,8,6,0,209.0,0.8999583333333334,1,7,,28,,20,15,38,47,
90106946,0,Rayk Kretzschmar,L3,24,standard_converged,0.6,0,0,3,1,1,0,44,14,8,6,0,186.0,0.8349375,1,6,,26,,4,9,38,38,
90106946,0,Rayk Kretzschmar,L3,25,standard_converged,0.6,0,0,3,1,1,0,39,14,8,6,0,173.0,0.6631875,1,5,,24,,0,15,34,36,
90106946,0,Rayk Kretzschmar,L3,26,standard_converged,0.6,0,0,3,1,1,0,31,14,8,6,0,127.0,0.6210833333333333,2,3,,15,,20,9,28,26,
90106946,0,Rayk Kretzschmar,L3,27,standard_converged,0.6,0,0,3,1,1,0,55,14,8,6,0,90.0,0.6501874999999999,3,2,31,11,31,4,15,22,15,
90106946,0,Rayk Kretzschmar,L3,28,standard_converged,0.6,0,0,3,1,1,0,47,14,8,6,0,55.0,0.6208333333333333,10,,32,,32,0,9,15,13,
90106946,0,Rayk Kretzschmar,L3,29,standard_converged,0.6,0,0,3,1,1,0,36,14,8,5,0,37.0,0.6096666666666667,13,,24,,56,20,15,12,6,0
90106946,1,test_money,L3,0,standard_converged,0.6,0,0,1,0,0,0,0,0,0,0,0,0.0,1.0,0,,,,,,,,,
90106946,1,test_money,L3,1,standard_converged,0.6,0,0,1,0,0,0,17,4,3,1,0,25.0,1.065,0,7,10,7,10,0,0,,,
90106946,1,test_money,L3,2,standard_converged,0.6,0,0,1,0,0,0,18,4,3,1,0,25.0,1.0934791666666668,0,7,11,7,11,0,0,,,
90106946,1,test_money,L3,3,standard_converged,0.6,0,0,1,0,0,0,19,4,3,1,0,28.0,1.1148125000000002,0,8,11,8,21,0,0,,,
90106946,1,test_money,L3,4,standard_converged,0.6,0,0,1,0,0,0,19,4,3,1,0,28.0,1.1405625,0,8,11,8,32,0,0,,,
90106946,1,test_money,L3,5,standard_converged,0.6,0,0,1,0,0,0,19,4,3,1,0,36.0,1.1569375000000002,0,10,7,10,9,0,0,2,0,
90106946,1,test_money,L3,6,standard_converged,0.6,0,0,1,0,0,0,18,6,4,2,0,38.0,1.1705416666666668,0,10,6,10,6,6,0,2,0,
90106946,1,test_money,L3,7,standard_converged,0.6,0,0,1,0,0,0,18,7,4,2,0,52.0,1.1972291666666666,0,10,6,17,12,0,0,2,0,0
90106946,1,test_money,L3,8,standard_converged,0.6,0,0,2,1,0,0,27,7,5,2,0,74.0,1.2163541666666666,0,11,10,25,22,0,18,6,0,
90106946,1,test_money,L3,9,standard_converged,0.6,0,0,2,1,0,0,30,11,5,6,0,100.0,1.1170416666666667,2,11,7,33,7,4,0,12,0,
90106946,1,test_money,L3,10,standard_converged,0.6,0,0,2,1,0,0,35,12,6,6,0,122.0,1.1583541666666666,0,11,7,41,11,0,9,17,0,
90106946,1,test_money,L3,11,standard_converged,0.6,0,0,3,1,1,0,33,14,6,6,0,55.0,1.1731666666666667,0,4,8,9,24,6,0,21,0,0
90106946,1,test_money,L3,12,standard_converged,0.6,0,0,3,1,1,0,39,14,8,6,0,75.0,1.2007708333333333,0,6,6,14,18,4,9,27,0,
90106946,1,test_money,L3,13,standard_converged,0.6,0,0,3,1,1,0,43,14,8,6,0,77.0,1.1336875,2,6,4,12,6,0,6,33,0,
90106946,1,test_money,L3,14,standard_converged,0.6,0,0,3,1,1,0,51,14,8,6,0,105.0,1.1347291666666666,1,9,4,18,12,28,9,38,4,
90106946,1,test_money,L3,15,standard_converged,0.6,0,0,3,1,1,0,52,14,8,6,0,82.0,1.1449375000000002,1,8,4,10,14,4,9,40,0,
90106946,1,test_money,L3,16,standard_converged,0.6,0,0,3,1,1,0,53,14,8,6,0,98.0,1.1180416666666666,1,10,3,13,6,0,9,40,4,
90106946,1,test_money,L3,17,standard_converged,0.6,0,0,3,1,1,0,54,14,8,6,0,108.0,1.108625,0,10,4,14,6,20,12,40,8,
90106946,1,test_money,L3,18,standard_converged,0.6,0,0,3,1,1,0,54,14,8,6,0,117.0,1.0688125,0,9,5,11,11,4,9,40,16,
90106946,1,test_money,L3,19,standard_converged,0.6,0,0,3,1,1,0,53,14,8,6,0,127.0,1.0436666666666667,0,9,4,14,12,0,21,40,18,
90106946,1,test_money,L3,20,standard_converged,0.6,0,0,3,1,1,0,52,14,8,6,0,151.0,0.9829375,1,9,3,20,11,20,9,40,24,
90106946,1,test_money,L3,21,standard_converged,0.6,0,0,3,1,1,0,50,14,8,6,0,165.0,0.9426249999999999,1,9,1,26,4,4,14,40,25,
90106946,1,test_money,L3,22,standard_converged,0.6,0,0,3,1,1,0,46,14,8,6,0,196.0,0.9356666666666666,1,8,,29,,0,9,38,39,
90106946,1,test_money,L3,23,standard_converged,0.6,0,0,3,1,1,0,45,14,8,6,0,209.0,0.8999583333333334,1,7,,28,,20,15,38,47,
90106946,1,test_money,L3,24,standard_converged,0.6,0,0,3,1,1,0,44,14,8,6,0,186.0,0.8349375,1,6,,26,,4,9,38,38,
90106946,1,test_money,L3,25,standard_converged,0.6,0,0,3,1,1,0,39,14,8,6,0,173.0,0.6631875,1,5,,24,,0,15,34,36,
90106946,1,test_money,L3,26,standard_converged,0.6,0,0,3,1,1,0,31,14,8,6,0,127.0,0.6210833333333333,2,3,,15,,20,9,28,26,
90106946,1,test_money,L3,27,standard_converged,0.6,0,0,3,1,1,0,54,14,8,6,0,90.0,0.6501874999999999,4,2,30,11,30,4,15,22,15,
90106946,1,test_money,L3,28,standard_converged,0.6,0,0,3,1,1,0,46,14,8,6,0,55.0,0.6208333333333333,11,,31,,31,0,9,15,13,
90106946,1,test_money,L3,29,standard_converged,0.6,0,0,3,1,1,0,36,14,8,5,0,37.0,0.6096666666666667,14,,24,,56,20,15,12,6,0
90108324,0,Renji Starfall,L3,0,standard_converged,0.6,0,0,1,0,0,0,0,0,0,0,0,0.0,1.0,0,,,,,,,,,
90108324,0,Renji Starfall,L3,1,standard_converged,0.6,0,0,1,0,0,0,17,4,3,1,0,25.0,1.065,1,7,10,7,10,0,0,,,
90108324,0,Renji Starfall,L3,2,standard_converged,0.6,0,0,1,0,0,0,18,4,3,1,0,25.0,1.0934791666666668,0,7,11,7,11,0,0,,,
90108324,0,Renji Starfall,L3,3,standard_converged,0.6,0,0,1,0,0,0,19,4,3,1,0,28.0,1.1148125000000002,0,8,11,8,21,0,0,,,
90108324,0,Renji Starfall,L3,4,standard_converged,0.6,0,0,1,0,0,0,19,4,3,1,0,28.0,1.1588958333333332,0,8,11,8,32,0,0,,,
90108324,0,Renji Starfall,L3,5,standard_converged,0.6,0,0,1,0,0,0,19,4,3,1,0,36.0,1.1925625,0,10,7,10,9,0,0,2,0,
90108324,0,Renji Starfall,L3,6,standard_converged,0.6,0,0,1,0,0,0,18,6,4,2,0,38.0,1.2203333333333335,0,10,6,10,6,6,0,2,0,
90108324,0,Renji Starfall,L3,7,standard_converged,0.6,0,0,1,0,0,0,18,7,4,2,0,52.0,1.2425416666666667,0,10,6,17,12,0,0,2,0,0
90108324,0,Renji Starfall,L3,8,standard_converged,0.6,0,0,2,1,0,0,27,7,5,2,0,74.0,1.2789583333333336,0,11,10,25,22,0,18,6,0,
90108324,0,Renji Starfall,L3,9,standard_converged,0.6,0,0,2,1,0,0,30,11,5,6,0,100.0,1.2764166666666668,2,11,7,33,7,4,0,12,0,
90108324,0,Renji Starfall,L3,10,standard_converged,0.6,0,0,2,1,0,0,35,12,6,6,0,122.0,1.3123125000000002,0,11,7,41,11,0,9,17,0,
90108324,0,Renji Starfall,L3,11,standard_converged,0.6,0,0,3,1,1,0,33,14,6,6,0,55.0,1.318270833333333,0,4,8,9,24,6,0,21,0,0
90108324,0,Renji Starfall,L3,12,standard_converged,0.6,0,0,3,1,1,0,39,14,8,6,0,75.0,1.3195208333333333,0,6,6,14,18,4,9,27,0,
90108324,0,Renji Starfall,L3,13,standard_converged,0.6,0,0,3,1,1,0,43,14,8,6,0,77.0,1.3151458333333335,2,6,4,12,6,0,6,33,0,
90108324,0,Renji Starfall,L3,14,standard_converged,0.6,0,0,3,1,1,0,51,14,8,6,0,105.0,1.3379583333333331,2,9,4,18,12,28,9,38,4,
90108324,0,Renji Starfall,L3,15,standard_converged,0.6,0,0,3,1,1,0,52,14,8,6,0,82.0,1.3384374999999997,2,8,4,10,14,4,9,40,0,
90108324,0,Renji Starfall,L3,16,standard_converged,0.6,0,0,3,1,1,0,53,14,8,6,0,98.0,1.3414791666666668,2,10,3,13,6,0,9,40,4,
90108324,0,Renji Starfall,L3,17,standard_converged,0.6,0,0,3,1,1,0,54,14,8,6,0,108.0,1.3619583333333334,0,10,4,14,6,20,12,40,8,
90108324,0,Renji Starfall,L3,18,standard_converged,0.6,0,0,3,1,1,0,54,14,8,6,0,117.0,1.3580833333333335,0,9,5,11,11,4,9,40,16,
90108324,0,Renji Starfall,L3,19,standard_converged,0.6,0,0,3,1,1,0,53,14,8,6,0,127.0,1.3633541666666666,0,9,4,14,12,0,21,40,18,
90108324,0,Renji Starfall,L3,20,standard_converged,0.6,0,0,3,1,1,0,52,14,8,6,0,151.0,1.3524166666666666,0,9,3,20,11,20,9,40,24,
90108324,0,Renji Starfall,L3,21,standard_converged,0.6,0,0,3,1,1,0,50,14,8,6,0,165.0,1.352625,0,9,1,26,4,4,14,40,25,
90108324,0,Renji Starfall,L3,22,standard_converged,0.6,0,0,3,1,1,0,46,14,8,6,0,196.0,1.3467083333333332,0,8,,29,,0,9,38,39,
90108324,0,Renji Starfall,L3,23,standard_converged,0.6,0,0,3,1,1,0,45,14,8,6,0,209.0,1.3229791666666668,0,7,,28,,20,15,38,47,
90108324,0,Renji Starfall,L3,24,standard_converged,0.6,0,0,3,1,1,0,44,14,8,6,0,186.0,1.313375,0,6,,26,,4,9,38,38,
90108324,0,Renji Starfall,L3,25,standard_converged,0.6,0,0,3,1,1,0,39,14,8,6,0,173.0,1.2538125,0,5,,24,,0,15,34,36,
90108324,0,Renji Starfall,L3,26,standard_converged,0.6,0,0,3,1,1,0,31,14,8,6,0,127.0,1.2000416666666667,3,3,,15,,20,9,28,26,
90108324,0,Renji Starfall,L3,27,standard_converged,0.6,0,0,3,1,1,0,55,14,8,6,0,90.0,1.1809166666666666,3,2,31,11,31,4,15,22,15,
90108324,0,Renji Starfall,L3,28,standard_converged,0.6,0,0,3,1,1,0,47,14,8,6,0,55.0,1.1366666666666667,10,,32,,32,0,9,15,13,
90108324,0,Renji Starfall,L3,29,standard_converged,0.6,0,0,3,1,1,0,36,14,8,5,0,37.0,1.136125,13,,24,,56,20,15,12,6,0
90108324,1,Narendra Sirvi,L3,0,standard_converged,0.6,0,0,1,0,0,0,0,0,0,0,0,0.0,1.0,0,,,,,,,,,
90108324,1,Narendra Sirvi,L3,1,standard_converged,0.6,0,0,1,0,0,0,17,4,3,1,0,25.0,1.065,0,7,10,7,10,0,0,,,
90108324,1,Narendra Sirvi,L3,2,standard_converged,0.6,0,0,1,0,0,0,18,4,3,1,0,25.0,1.0934791666666668,0,7,11,7,11,0,0,,,
90108324,1,Narendra Sirvi,L3,3,standard_converged,0.6,0,0,1,0,0,0,19,4,3,1,0,28.0,1.1148125000000002,0,8,11,8,21,0,0,,,
90108324,1,Narendra Sirvi,L3,4,standard_converged,0.6,0,0,1,0,0,0,19,4,3,1,0,28.0,1.1588958333333332,0,8,11,8,32,0,0,,,
90108324,1,Narendra Sirvi,L3,5,standard_converged,0.6,0,0,1,0,0,0,19,4,3,1,0,36.0,1.1925625,0,10,7,10,9,0,0,2,0,
90108324,1,Narendra Sirvi,L3,6,standard_converged,0.6,0,0,1,0,0,0,18,6,4,2,0,38.0,1.2203333333333335,0,10,6,10,6,6,0,2,0,
90108324,1,Narendra Sirvi,L3,7,standard_converged,0.6,0,0,1,0,0,0,18,7,4,2,0,52.0,1.2425416666666667,0,10,6,17,12,0,0,2,0,0
90108324,1,Narendra Sirvi,L3,8,standard_converged,0.6,0,0,2,1,0,0,27,7,5,2,0,74.0,1.2789583333333336,0,11,10,25,22,0,18,6,0,
90108324,1,Narendra Sirvi,L3,9,standard_converged,0.6,0,0,2,1,0,0,30,11,5,6,0,100.0,1.2764166666666668,2,11,7,33,7,4,0,12,0,
90108324,1,Narendra Sirvi,L3,10,standard_converged,0.6,0,0,2,1,0,0,35,12,6,6,0,122.0,1.3123125000000002,0,11,7,41,11,0,9,17,0,
90108324,1,Narendra Sirvi,L3,11,standard_converged,0.6,0,0,3,1,1,0,33,14,6,6,0,55.0,1.318270833333333,0,4,8,9,24,6,0,21,0,0
90108324,1,Narendra Sirvi,L3,12,standard_converged,0.6,0,0,3,1,1,0,39,14,8,6,0,75.0,1.3195208333333333,0,6,6,14,18,4,9,27,0,
90108324,1,Narendra Sirvi,L3,13,standard_converged,0.6,0,0,3,1,1,0,43,14,8,6,0,77.0,1.3151458333333335,2,6,4,12,6,0,6,33,0,
90108324,1,Narendra Sirvi,L3,14,standard_converged,0.6,0,0,3,1,1,0,51,14,8,6,0,105.0,1.3379583333333331,1,9,4,18,12,28,9,38,4,
90108324,1,Narendra Sirvi,L3,15,standard_converged,0.6,0,0,3,1,1,0,52,14,8,6,0,82.0,1.3384374999999997,1,8,4,10,14,4,9,40,0,
90108324,1,Narendra Sirvi,L3,16,standard_converged,0.6,0,0,3,1,1,0,53,14,8,6,0,98.0,1.3414791666666668,1,10,3,13,6,0,9,40,4,
90108324,1,Narendra Sirvi,L3,17,standard_converged,0.6,0,0,3,1,1,0,54,14,8,6,0,108.0,1.3619583333333334,0,10,4,14,6,20,12,40,8,
90108324,1,Narendra Sirvi,L3,18,standard_converged,0.6,0,0,3,1,1,0,54,14,8,6,0,117.0,1.3580833333333335,0,9,5,11,11,4,9,40,16,
90108324,1,Narendra Sirvi,L3,19,standard_converged,0.6,0,0,3,1,1,0,53,14,8,6,0,127.0,1.3633541666666666,0,9,4,14,12,0,21,40,18,
90108324,1,Narendra Sirvi,L3,20,standard_converged,0.6,0,0,3,1,1,0,52,14,8,6,0,151.0,1.3524166666666666,0,9,3,20,11,20,9,40,24,
90108324,1,Narendra Sirvi,L3,21,standard_converged,0.6,0,0,3,1,1,0,50,14,8,6,0,165.0,1.352625,0,9,1,26,4,4,14,40,25,
90108324,1,Narendra Sirvi,L3,22,standard_converged,0.6,0,0,3,1,1,0,46,14,8,6,0,198.0,1.3467083333333332,0,8,,29,,0,9,38,40,
90108324,1,Narendra Sirvi,L3,23,standard_converged,0.6,0,0,3,1,1,0,45,14,8,6,0,211.0,1.3229791666666668,0,7,,28,,20,15,38,48,
90108324,1,Narendra Sirvi,L3,24,standard_converged,0.6,0,0,3,1,1,0,44,14,8,6,0,190.0,1.313375,0,6,,26,,4,9,38,40,
90108324,1,Narendra Sirvi,L3,25,standard_converged,0.6,0,0,3,1,1,0,39,14,8,6,0,175.0,1.2538125,0,5,,24,,0,15,34,37,
90108324,1,Narendra Sirvi,L3,26,standard_converged,0.6,0,0,3,1,1,0,31,14,8,6,0,131.0,1.2000416666666667,1,3,,15,,20,9,28,28,
90108324,1,Narendra Sirvi,L3,27,standard_converged,0.6,0,0,3,1,1,0,55,14,8,6,0,90.0,1.1809166666666666,3,2,31,11,31,4,15,22,15,
90108324,1,Narendra Sirvi,L3,28,standard_converged,0.6,0,0,3,1,1,0,47,14,8,6,0,55.0,1.1366666666666667,10,,32,,32,0,9,15,13,
90108324,1,Narendra Sirvi,L3,29,standard_converged,0.6,0,0,3,1,1,0,36,14,7,5,0,36.0,1.136125,13,,24,,56,20,11,12,6,0
90113773,0,kreiack,L1,0,standard_converged,0.6,0,0,1,0,0,0,0,0,0,0,0,0.0,1.0,0,,,,,,,,,
90113773,0,kreiack,L1,1,standard_converged,0.6,0,0,1,0,0,0,17,4,3,1,0,25.0,1.065,0,7,10,7,10,0,0,,,
90113773,0,kreiack,L1,2,standard_converged,0.6,0,0,1,0,0,0,18,4,3,1,0,25.0,1.0934791666666668,0,7,11,7,11,0,0,,,
90113773,0,kreiack,L1,3,standard_converged,0.6,0,0,1,0,0,0,19,4,3,1,0,28.0,1.1148125000000002,0,8,11,8,21,0,0,,,
90113773,0,kreiack,L1,4,standard_converged,0.6,0,0,1,0,0,0,19,4,3,1,0,28.0,1.1318124999999999,0,8,11,8,32,0,0,,,
90113773,0,kreiack,L1,5,standard_converged,0.6,0,0,1,0,0,0,19,4,3,1,0,36.0,1.1456875000000002,0,10,7,10,9,0,0,2,0,
90113773,0,kreiack,L1,6,standard_converged,0.6,0,0,1,0,0,0,18,6,4,2,0,38.0,1.1567916666666667,0,10,6,10,6,6,0,2,0,
90113773,0,kreiack,L1,7,standard_converged,0.6,0,0,1,0,0,0,18,7,4,2,0,52.0,1.1513958333333334,0,10,6,17,12,0,0,2,0,0
90113773,0,kreiack,L1,8,standard_converged,0.6,0,0,2,1,0,0,27,7,5,2,0,74.0,1.1680208333333335,0,11,10,25,22,0,18,6,0,
90113773,0,kreiack,L1,9,standard_converged,0.6,0,0,2,1,0,0,30,11,5,6,0,100.0,1.062875,2,11,7,33,7,4,0,12,0,
90113773,0,kreiack,L1,10,standard_converged,0.6,0,0,2,1,0,0,35,12,6,6,0,122.0,1.0733541666666668,0,11,7,41,11,0,9,17,0,
90113773,0,kreiack,L1,11,standard_converged,0.6,0,0,3,1,1,0,33,14,6,6,0,55.0,1.0969166666666668,0,4,8,9,24,6,0,21,0,0
90113773,0,kreiack,L1,12,standard_converged,0.6,0,0,3,1,1,0,39,14,8,6,0,75.0,1.1016041666666667,0,6,6,14,18,4,9,27,0,
90113773,0,kreiack,L1,13,standard_converged,0.6,0,0,3,1,1,0,43,14,8,6,0,77.0,1.0499375,3,6,4,12,6,0,6,33,0,
90113773,0,kreiack,L1,14,standard_converged,0.6,0,0,3,1,1,0,51,14,8,6,0,105.0,1.0678541666666668,2,9,4,18,12,28,9,38,4,
90113773,0,kreiack,L1,15,standard_converged,0.6,0,0,3,1,1,0,52,14,8,6,0,82.0,1.0366041666666668,3,8,4,10,14,4,9,40,0,
90113773,0,kreiack,L1,16,standard_converged,0.6,0,0,3,1,1,0,53,14,8,6,0,98.0,1.0267916666666668,3,10,3,13,6,0,9,40,4,
90113773,0,kreiack,L1,17,standard_converged,0.6,0,0,3,1,1,0,54,14,8,6,0,108.0,1.0315416666666666,1,10,4,14,6,20,12,40,8,
90113773,0,kreiack,L1,18,standard_converged,0.6,0,0,3,1,1,0,54,14,8,6,0,117.0,0.9964791666666666,0,9,5,11,11,4,9,40,16,
90113773,0,kreiack,L1,19,standard_converged,0.6,0,0,3,1,1,0,53,14,8,6,0,127.0,0.9738333333333334,0,9,4,14,12,0,21,40,18,
90113773,0,kreiack,L1,20,standard_converged,0.6,0,0,3,1,1,0,52,14,8,6,0,151.0,0.8991041666666667,0,9,3,20,11,20,9,40,24,
90113773,0,kreiack,L1,21,standard_converged,0.6,0,0,3,1,1,0,50,14,8,6,0,165.0,0.8350416666666667,0,9,1,26,4,4,14,40,25,
90113773,0,kreiack,L1,22,standard_converged,0.6,0,0,3,1,1,0,46,14,8,6,0,196.0,0.8029583333333332,1,8,,29,,0,9,38,39,
90113773,0,kreiack,L1,23,standard_converged,0.6,0,0,3,1,1,0,45,14,8,6,0,209.0,0.6754583333333333,1,7,,28,,20,15,38,47,
90113773,0,kreiack,L1,24,standard_converged,0.6,0,0,3,1,1,0,44,14,8,6,0,186.0,0.5851458333333333,1,6,,26,,4,9,38,38,
90113773,0,kreiack,L1,25,standard_converged,0.6,0,0,3,1,1,0,39,14,8,6,0,173.0,0.6518333333333333,1,5,,24,,0,15,34,36,
90113773,0,kreiack,L1,26,standard_converged,0.6,0,0,3,1,1,0,31,14,8,6,0,127.0,0.567125,2,3,,15,,20,9,28,26,
90113773,0,kreiack,L1,27,standard_converged,0.6,0,0,3,1,1,0,54,14,8,6,0,90.0,0.596125,4,2,30,11,30,4,15,22,15,
90113773,0,kreiack,L1,28,standard_converged,0.6,0,0,3,1,1,0,46,14,8,6,0,55.0,0.5692708333333334,11,,31,,31,0,9,15,13,
90113773,0,kreiack,L1,29,standard_converged,0.6,0,0,3,1,1,0,36,14,8,5,0,37.0,0.6050416666666667,14,,24,,56,20,15,12,6,0
90113773,1,Aurora wy,L1,0,standard_converged,0.6,0,0,1,0,0,0,0,0,0,0,0,0.0,1.0,0,,,,,,,,,
90113773,1,Aurora wy,L1,1,standard_converged,0.6,0,0,1,0,0,0,17,4,3,1,0,25.0,1.065,0,7,10,7,10,0,0,,,
90113773,1,Aurora wy,L1,2,standard_converged,0.6,0,0,1,0,0,0,18,4,3,1,0,25.0,1.0934791666666668,0,7,11,7,11,0,0,,,
90113773,1,Aurora wy,L1,3,standard_converged,0.6,0,0,1,0,0,0,19,4,3,1,0,28.0,1.1148125000000002,0,8,11,8,21,0,0,,,
90113773,1,Aurora wy,L1,4,standard_converged,0.6,0,0,1,0,0,0,19,4,3,1,0,28.0,1.1318124999999999,0,8,11,8,32,0,0,,,
90113773,1,Aurora wy,L1,5,standard_converged,0.6,0,0,1,0,0,0,19,4,3,1,0,36.0,1.1456875000000002,0,10,7,10,9,0,0,2,0,
90113773,1,Aurora wy,L1,6,standard_converged,0.6,0,0,1,0,0,0,18,6,4,2,0,38.0,1.1567916666666667,0,10,6,10,6,6,0,2,0,
90113773,1,Aurora wy,L1,7,standard_converged,0.6,0,0,1,0,0,0,18,7,4,2,0,52.0,1.1513958333333334,0,10,6,17,12,0,0,2,0,0
90113773,1,Aurora wy,L1,8,standard_converged,0.6,0,0,2,1,0,0,27,7,5,2,0,74.0,1.1680208333333335,2,11,10,25,22,0,18,6,0,
90113773,1,Aurora wy,L1,9,standard_converged,0.6,0,0,2,1,0,0,30,10,5,5,0,99.0,1.062875,3,11,7,33,7,4,0,12,0,
90113773,1,Aurora wy,L1,10,standard_converged,0.6,0,0,2,1,0,0,35,11,6,5,0,121.0,1.0733541666666668,1,11,7,41,11,0,9,17,0,
90113773,1,Aurora wy,L1,11,standard_converged,0.6,0,0,3,1,1,0,33,13,6,5,0,54.0,1.0969166666666668,1,4,8,9,20,6,0,21,0,0
90113773,1,Aurora wy,L1,12,standard_converged,0.6,0,0,3,1,1,0,39,13,8,5,0,74.0,1.1016041666666667,1,6,6,14,18,4,9,27,0,
90113773,1,Aurora wy,L1,13,standard_converged,0.6,0,0,3,1,1,0,43,13,8,5,0,76.0,1.0499375,3,6,4,12,6,0,6,33,0,
90113773,1,Aurora wy,L1,14,standard_converged,0.6,0,0,3,1,1,0,51,13,8,5,0,104.0,1.0678541666666668,2,9,4,18,12,21,9,38,4,
90113773,1,Aurora wy,L1,15,standard_converged,0.6,0,0,3,1,1,0,52,13,8,5,0,81.0,1.0366041666666668,2,8,4,10,14,4,9,40,0,
90113773,1,Aurora wy,L1,16,standard_converged,0.6,0,0,3,1,1,0,53,13,8,5,0,97.0,1.0267916666666668,2,10,3,13,6,0,9,40,4,
90113773,1,Aurora wy,L1,17,standard_converged,0.6,0,0,3,1,1,0,54,13,8,5,0,107.0,1.0315416666666666,2,10,4,14,6,16,12,40,8,
90113773,1,Aurora wy,L1,18,standard_converged,0.6,0,0,3,1,1,0,54,13,8,5,0,114.0,0.9964791666666666,2,9,5,11,11,4,9,40,15,
90113773,1,Aurora wy,L1,19,standard_converged,0.6,0,0,3,1,1,0,53,13,8,5,0,124.0,0.9738333333333334,2,9,4,14,12,0,21,40,17,
90113773,1,Aurora wy,L1,20,standard_converged,0.6,0,0,3,1,1,0,52,13,8,5,0,148.0,0.8991041666666667,2,9,3,20,11,16,9,40,23,
90113773,1,Aurora wy,L1,21,standard_converged,0.6,0,0,3,1,1,0,50,13,8,5,0,160.0,0.8350416666666667,3,9,1,26,4,4,14,40,23,
90113773,1,Aurora wy,L1,22,standard_converged,0.6,0,0,3,1,1,0,46,13,8,5,0,193.0,0.8029583333333332,3,8,,29,,0,9,38,38,
90113773,1,Aurora wy,L1,23,standard_converged,0.6,0,0,3,1,1,0,45,13,8,5,0,202.0,0.6754583333333333,3,7,,28,,16,15,38,44,
90113773,1,Aurora wy,L1,24,standard_converged,0.6,0,0,3,1,1,0,44,13,8,5,0,183.0,0.5851458333333333,3,6,,26,,4,9,38,37,
90113773,1,Aurora wy,L1,25,standard_converged,0.6,0,0,3,1,1,0,39,13,8,5,0,166.0,0.6518333333333333,3,5,,24,,0,15,34,33,
90113773,1,Aurora wy,L1,26,standard_converged,0.6,0,0,3,1,1,0,31,13,8,5,0,126.0,0.567125,4,3,,15,,16,9,28,26,
90113773,1,Aurora wy,L1,27,standard_converged,0.6,0,0,3,1,1,0,53,13,8,5,0,89.0,0.596125,6,2,29,11,29,4,15,22,15,
90113773,1,Aurora wy,L1,28,standard_converged,0.6,0,0,3,1,1,0,45,13,8,5,0,54.0,0.5692708333333334,13,,30,,30,0,9,15,13,
90113773,1,Aurora wy,L1,29,standard_converged,0.6,0,0,3,1,1,0,35,13,8,4,0,36.0,0.6050416666666667,16,,23,,53,16,15,12,6,0
90117191,0,Juwon Kweon,L1,0,standard_converged,0.6,0,0,1,0,0,0,0,0,0,0,0,0.0,1.0,0,,,,,,,,,
90117191,0,Juwon Kweon,L1,1,standard_converged,0.6,0,0,1,0,0,0,17,4,3,1,0,25.0,1.065,0,7,10,7,10,0,0,,,
90117191,0,Juwon Kweon,L1,2,standard_converged,0.6,0,0,1,0,0,0,18,4,3,1,0,25.0,1.0934791666666668,0,7,11,7,11,0,0,,,
90117191,0,Juwon Kweon,L1,3,standard_converged,0.6,0,0,1,0,0,0,19,4,3,1,0,28.0,1.1148125000000002,0,8,11,8,21,0,0,,,
90117191,0,Juwon Kweon,L1,4,standard_converged,0.6,0,0,1,0,0,0,19,4,3,1,0,28.0,1.1318124999999999,0,8,11,8,32,0,0,,,
90117191,0,Juwon Kweon,L1,5,standard_converged,0.6,0,0,1,0,0,0,19,4,3,1,0,36.0,1.1456875000000002,0,10,7,10,9,0,0,2,0,
90117191,0,Juwon Kweon,L1,6,standard_converged,0.6,0,0,1,0,0,0,18,6,4,2,0,38.0,1.1567916666666667,0,10,6,10,6,6,0,2,0,
90117191,0,Juwon Kweon,L1,7,standard_converged,0.6,0,0,1,0,0,0,18,7,4,2,0,52.0,1.1659791666666666,0,10,6,17,12,0,0,2,0,0
90117191,0,Juwon Kweon,L1,8,standard_converged,0.6,0,0,2,1,0,0,27,7,5,2,0,74.0,1.1888541666666668,0,11,10,25,22,0,18,6,0,
90117191,0,Juwon Kweon,L1,9,standard_converged,0.6,0,0,2,1,0,0,30,11,5,6,0,100.0,1.0920416666666668,2,11,7,33,7,4,0,12,0,
90117191,0,Juwon Kweon,L1,10,standard_converged,0.6,0,0,2,1,0,0,35,12,6,6,0,122.0,1.1180416666666666,0,11,7,41,11,0,9,17,0,
90117191,0,Juwon Kweon,L1,11,standard_converged,0.6,0,0,3,1,1,0,33,14,6,6,0,55.0,1.1203541666666665,0,4,8,9,24,6,0,21,0,0
90117191,0,Juwon Kweon,L1,12,standard_converged,0.6,0,0,3,1,1,0,39,14,8,6,0,75.0,1.1195208333333335,0,6,6,14,18,4,9,27,0,
90117191,0,Juwon Kweon,L1,13,standard_converged,0.6,0,0,3,1,1,0,43,14,8,6,0,77.0,1.0630625,2,6,4,12,6,0,6,33,0,
90117191,0,Juwon Kweon,L1,14,standard_converged,0.6,0,0,3,1,1,0,51,14,8,6,0,105.0,1.0666041666666666,1,9,4,18,12,28,9,38,4,
90117191,0,Juwon Kweon,L1,15,standard_converged,0.6,0,0,3,1,1,0,52,14,8,6,0,82.0,1.0718125,1,8,4,10,14,4,9,40,0,
90117191,0,Juwon Kweon,L1,16,standard_converged,0.6,0,0,3,1,1,0,53,14,8,6,0,98.0,1.0706458333333333,1,10,3,13,6,0,9,40,4,
90117191,0,Juwon Kweon,L1,17,standard_converged,0.6,0,0,3,1,1,0,54,14,8,6,0,108.0,1.0853958333333333,0,10,4,14,6,20,12,40,8,
90117191,0,Juwon Kweon,L1,18,standard_converged,0.6,0,0,3,1,1,0,54,14,8,6,0,117.0,1.0721458333333334,0,9,5,11,11,4,9,40,16,
90117191,0,Juwon Kweon,L1,19,standard_converged,0.6,0,0,3,1,1,0,53,14,8,6,0,127.0,1.0445,0,9,4,14,12,0,21,40,18,
90117191,0,Juwon Kweon,L1,20,standard_converged,0.6,0,0,3,1,1,0,52,14,8,6,0,151.0,0.9883541666666666,0,9,3,20,11,20,9,40,24,
90117191,0,Juwon Kweon,L1,21,standard_converged,0.6,0,0,3,1,1,0,50,14,8,6,0,165.0,0.9496249999999999,0,9,1,26,4,4,14,40,25,
90117191,0,Juwon Kweon,L1,22,standard_converged,0.6,0,0,3,1,1,0,46,14,8,6,0,196.0,0.9477500000000001,0,8,,29,,0,9,38,39,
90117191,0,Juwon Kweon,L1,23,standard_converged,0.6,0,0,3,1,1,0,45,14,8,6,0,209.0,0.9182916666666667,0,7,,28,,20,15,38,47,
90117191,0,Juwon Kweon,L1,24,standard_converged,0.6,0,0,3,1,1,0,44,14,8,6,0,186.0,0.9024375,0,6,,26,,4,9,38,38,
90117191,0,Juwon Kweon,L1,25,standard_converged,0.6,0,0,3,1,1,0,39,14,8,6,0,173.0,0.7367708333333334,0,5,,24,,0,15,34,36,
90117191,0,Juwon Kweon,L1,26,standard_converged,0.6,0,0,3,1,1,0,31,14,8,6,0,127.0,0.6235833333333334,1,3,,15,,20,9,28,26,
90117191,0,Juwon Kweon,L1,27,standard_converged,0.6,0,0,3,1,1,0,55,14,8,6,0,90.0,0.6539375,3,2,31,11,31,4,15,22,15,
90117191,0,Juwon Kweon,L1,28,standard_converged,0.6,0,0,3,1,1,0,47,14,8,6,0,55.0,0.6380833333333333,10,,32,,32,0,9,15,13,
90117191,0,Juwon Kweon,L1,29,standard_converged,0.6,0,0,3,1,1,0,36,14,8,5,0,37.0,0.6448333333333334,13,,24,,56,20,15,12,6,0
90117191,1,Yaroslav,L1,0,standard_converged,0.6,0,0,1,0,0,0,0,0,0,0,0,0.0,1.0,0,,,,,,,,,
90117191,1,Yaroslav,L1,1,standard_converged,0.6,0,0,1,0,0,0,17,4,3,1,0,25.0,1.065,0,7,10,7,10,0,0,,,
90117191,1,Yaroslav,L1,2,standard_converged,0.6,0,0,1,0,0,0,18,4,3,1,0,25.0,1.0934791666666668,0,7,11,7,11,0,0,,,
90117191,1,Yaroslav,L1,3,standard_converged,0.6,0,0,1,0,0,0,19,4,3,1,0,28.0,1.1148125000000002,0,8,11,8,21,0,0,,,
90117191,1,Yaroslav,L1,4,standard_converged,0.6,0,0,1,0,0,0,19,4,3,1,0,28.0,1.1318124999999999,0,8,11,8,32,0,0,,,
90117191,1,Yaroslav,L1,5,standard_converged,0.6,0,0,1,0,0,0,19,4,3,1,0,36.0,1.1456875000000002,0,10,7,10,9,0,0,2,0,
90117191,1,Yaroslav,L1,6,standard_converged,0.6,0,0,1,0,0,0,18,6,4,2,0,38.0,1.1567916666666667,0,10,6,10,6,6,0,2,0,
90117191,1,Yaroslav,L1,7,standard_converged,0.6,0,0,1,0,0,0,18,7,4,2,0,52.0,1.1659791666666666,0,10,6,17,12,0,0,2,0,0
90117191,1,Yaroslav,L1,8,standard_converged,0.6,0,0,2,1,0,0,27,7,5,2,0,74.0,1.1888541666666668,0,11,10,25,22,0,18,6,0,
90117191,1,Yaroslav,L1,9,standard_converged,0.6,0,0,2,1,0,0,30,11,5,6,0,100.0,1.0920416666666668,2,11,7,33,7,4,0,12,0,
90117191,1,Yaroslav,L1,10,standard_converged,0.6,0,0,2,1,0,0,35,12,6,6,0,122.0,1.1180416666666666,1,11,7,41,11,0,9,17,0,
90117191,1,Yaroslav,L1,11,standard_converged,0.6,0,0,3,1,1,0,32,14,6,6,0,55.0,1.1203541666666665,1,4,7,9,23,6,0,21,0,0
90117191,1,Yaroslav,L1,12,standard_converged,0.6,0,0,3,1,1,0,38,14,8,6,0,75.0,1.1195208333333335,2,6,5,14,17,4,9,27,0,
90117191,1,Yaroslav,L1,13,standard_converged,0.6,0,0,3,1,1,0,42,14,8,6,0,77.0,1.0630625,4,6,3,12,3,0,6,33,0,
90117191,1,Yaroslav,L1,14,standard_converged,0.6,0,0,3,1,1,0,49,14,8,6,0,102.0,1.0666041666666666,3,8,3,17,7,28,9,38,4,
90117191,1,Yaroslav,L1,15,standard_converged,0.6,0,0,3,1,1,0,51,14,8,6,0,79.0,1.0718125,2,7,4,9,14,4,9,40,0,
90117191,1,Yaroslav,L1,16,standard_converged,0.6,0,0,3,1,1,0,52,14,8,6,0,95.0,1.0706458333333333,3,9,3,12,6,0,9,40,4,
90117191,1,Yaroslav,L1,17,standard_converged,0.6,0,0,3,1,1,0,53,14,8,6,0,105.0,1.0853958333333333,2,9,4,13,6,20,12,40,8,
90117191,1,Yaroslav,L1,18,standard_converged,0.6,0,0,3,1,1,0,53,14,8,6,0,114.0,1.0721458333333334,2,8,5,10,11,4,9,40,16,
90117191,1,Yaroslav,L1,19,standard_converged,0.6,0,0,3,1,1,0,52,14,8,6,0,124.0,1.0445,2,8,4,13,12,0,21,40,18,
90117191,1,Yaroslav,L1,20,standard_converged,0.6,0,0,3,1,1,0,51,14,8,6,0,146.0,0.9883541666666666,2,8,3,18,11,20,9,40,24,
90117191,1,Yaroslav,L1,21,standard_converged,0.6,0,0,3,1,1,0,49,14,8,6,0,158.0,0.9496249999999999,2,8,1,23,4,4,14,40,25,
90117191,1,Yaroslav,L1,22,standard_converged,0.6,0,0,3,1,1,0,45,14,8,6,0,187.0,0.9477500000000001,2,7,,25,,0,9,38,39,
90117191,1,Yaroslav,L1,23,standard_converged,0.6,0,0,3,1,1,0,44,14,8,6,0,198.0,0.9182916666666667,2,6,,23,,20,15,38,47,
90117191,1,Yaroslav,L1,24,standard_converged,0.6,0,0,3,1,1,0,43,14,8,6,0,175.0,0.9024375,2,5,,21,,4,9,38,38,
90117191,1,Yaroslav,L1,25,standard_converged,0.6,0,0,3,1,1,0,39,14,8,6,0,173.0,0.7367708333333334,3,5,,24,,0,15,34,36,
90117191,1,Yaroslav,L1,26,standard_converged,0.6,0,0,3,1,1,0,31,14,8,6,0,127.0,0.6235833333333334,4,3,,15,,20,9,28,26,
90117191,1,Yaroslav,L1,27,standard_converged,0.6,0,0,3,1,1,0,55,14,8,6,0,86.0,0.6539375,3,2,31,11,31,4,15,22,13,
90117191,1,Yaroslav,L1,28,standard_converged,0.6,0,0,3,1,1,0,47,14,8,6,0,55.0,0.6380833333333333,10,,32,,32,0,9,15,13,
90117191,1,Yaroslav,L1,29,standard_converged,0.6,0,0,3,1,1,0,36,14,8,5,0,33.0,0.6448333333333334,13,,24,,58,20,15,12,4,0
90118542,0,somewhere after,L4,0,standard_converged,0.6,0,0,1,0,0,0,0,0,0,0,0,0.0,1.0,0,,,,,,,,,
90118542,0,somewhere after,L4,1,standard_converged,0.6,0,0,1,0,0,0,17,4,3,1,0,25.0,1.065,0,7,10,7,10,0,0,,,
90118542,0,somewhere after,L4,2,standard_converged,0.6,0,0,1,0,0,0,18,4,3,1,0,25.0,1.0934791666666668,0,7,11,7,11,0,0,,,
90118542,0,somewhere after,L4,3,standard_converged,0.6,0,0,1,0,0,0,19,4,3,1,0,28.0,1.1148125000000002,0,8,11,8,21,0,0,,,
90118542,0,somewhere after,L4,4,standard_converged,0.6,0,0,1,0,0,0,19,4,3,1,0,28.0,1.1443124999999998,0,8,11,8,32,0,0,,,
90118542,0,somewhere after,L4,5,standard_converged,0.6,0,0,1,0,0,0,19,4,3,1,0,36.0,1.1675625,0,10,7,10,9,0,0,2,0,
90118542,0,somewhere after,L4,6,standard_converged,0.6,0,0,1,0,0,0,18,6,4,2,0,38.0,1.1849166666666668,0,10,6,10,6,6,0,2,0,
90118542,0,somewhere after,L4,7,standard_converged,0.6,0,0,1,0,0,0,18,7,4,2,0,52.0,1.1987916666666667,0,10,6,17,12,0,0,2,0,0
90118542,0,somewhere after,L4,8,standard_converged,0.6,0,0,2,1,0,0,27,7,5,2,0,74.0,1.2263541666666666,0,11,10,25,22,0,18,6,0,
90118542,0,somewhere after,L4,9,standard_converged,0.6,0,0,2,1,0,0,30,11,5,6,0,100.0,1.2092291666666668,2,11,7,33,7,4,0,12,0,
90118542,0,somewhere after,L4,10,standard_converged,0.6,0,0,2,1,0,0,35,12,6,6,0,122.0,1.2124166666666665,0,11,7,41,11,0,9,17,0,
90118542,0,somewhere after,L4,11,standard_converged,0.6,0,0,3,1,1,0,33,14,6,6,0,55.0,1.2219166666666668,0,4,8,9,24,6,0,21,0,0
90118542,0,somewhere after,L4,12,standard_converged,0.6,0,0,3,1,1,0,39,14,8,6,0,75.0,1.1995208333333334,0,6,6,14,18,4,9,27,0,
90118542,0,somewhere after,L4,13,standard_converged,0.6,0,0,3,1,1,0,43,14,8,6,0,77.0,1.175875,2,6,4,12,6,0,6,33,0,
90118542,0,somewhere after,L4,14,standard_converged,0.6,0,0,3,1,1,0,51,14,8,6,0,105.0,1.1872291666666666,1,9,4,18,12,28,9,38,4,
90118542,0,somewhere after,L4,15,standard_converged,0.6,0,0,3,1,1,0,52,14,8,6,0,82.0,1.027125,1,8,4,10,14,4,9,40,0,
90118542,0,somewhere after,L4,16,standard_converged,0.6,0,0,3,1,1,0,53,14,8,6,0,98.0,0.9978333333333332,1,10,3,13,6,0,9,40,4,
90118542,0,somewhere after,L4,17,standard_converged,0.6,0,0,3,1,1,0,54,14,8,6,0,108.0,0.9835208333333334,0,10,4,14,6,20,12,40,8,
90118542,0,somewhere after,L4,18,standard_converged,0.6,0,0,3,1,1,0,54,14,8,6,0,117.0,0.9501458333333334,0,9,5,11,11,4,9,40,16,
90118542,0,somewhere after,L4,19,standard_converged,0.6,0,0,3,1,1,0,53,14,8,6,0,127.0,0.9415624999999999,0,9,4,14,12,0,21,40,18,
90118542,0,somewhere after,L4,20,standard_converged,0.6,0,0,3,1,1,0,52,14,8,6,0,151.0,0.9839166666666667,0,9,3,20,11,20,9,40,24,
90118542,0,somewhere after,L4,21,standard_converged,0.6,0,0,3,1,1,0,50,14,8,6,0,165.0,1.0349374999999998,0,9,1,26,4,4,14,40,25,
90118542,0,somewhere after,L4,22,standard_converged,0.6,0,0,3,1,1,0,46,14,8,6,0,196.0,0.9155625,1,8,,29,,0,9,38,39,
90118542,0,somewhere after,L4,23,standard_converged,0.6,0,0,3,1,1,0,45,14,8,6,0,209.0,0.9312916666666667,1,7,,28,,20,15,38,47,
90118542,0,somewhere after,L4,24,standard_converged,0.6,0,0,3,1,1,0,44,14,8,6,0,186.0,0.944625,1,6,,26,,4,9,38,38,
90118542,0,somewhere after,L4,25,standard_converged,0.6,0,0,3,1,1,0,39,14,8,6,0,173.0,0.7446458333333332,1,5,,24,,0,15,34,36,
90118542,0,somewhere after,L4,26,standard_converged,0.6,0,0,3,1,1,0,31,14,8,6,0,127.0,0.6507708333333333,2,3,,15,,20,9,28,26,
90118542,0,somewhere after,L4,27,standard_converged,0.6,0,0,3,1,1,0,54,14,8,6,0,90.0,0.7089375,4,2,30,11,30,4,15,22,15,
90118542,0,somewhere after,L4,28,standard_converged,0.6,0,0,3,1,1,0,46,14,8,6,0,55.0,0.6863541666666666,11,,31,,31,0,9,15,13,
90118542,0,somewhere after,L4,29,standard_converged,0.6,0,0,3,1,1,0,35,14,8,5,0,37.0,0.6904375,14,,23,,53,20,15,12,6,0
90118542,1,Lucien de Rubempre,L4,0,standard_converged,0.6,0,0,1,0,0,0,0,0,0,0,0,0.0,1.0,0,,,,,,,,,
90118542,1,Lucien de Rubempre,L4,1,standard_converged,0.6,0,0,1,0,0,0,17,4,3,1,0,25.0,1.065,0,7,10,7,10,0,0,,,
90118542,1,Lucien de Rubempre,L4,2,standard_converged,0.6,0,0,1,0,0,0,18,4,3,1,0,25.0,1.0934791666666668,0,7,11,7,11,0,0,,,
90118542,1,Lucien de Rubempre,L4,3,standard_converged,0.6,0,0,1,0,0,0,19,4,3,1,0,28.0,1.1148125000000002,0,8,11,8,21,0,0,,,
90118542,1,Lucien de Rubempre,L4,4,standard_converged,0.6,0,0,1,0,0,0,19,4,3,1,0,28.0,1.1443124999999998,0,8,11,8,32,0,0,,,
90118542,1,Lucien de Rubempre,L4,5,standard_converged,0.6,0,0,1,0,0,0,19,4,3,1,0,36.0,1.1675625,0,10,7,10,9,0,0,2,0,
90118542,1,Lucien de Rubempre,L4,6,standard_converged,0.6,0,0,1,0,0,0,18,6,4,2,0,38.0,1.1849166666666668,0,10,6,10,6,6,0,2,0,
90118542,1,Lucien de Rubempre,L4,7,standard_converged,0.6,0,0,1,0,0,0,18,7,4,2,0,52.0,1.1987916666666667,0,10,6,17,12,0,0,2,0,0
90118542,1,Lucien de Rubempre,L4,8,standard_converged,0.6,0,0,2,1,0,0,27,7,5,2,0,74.0,1.2263541666666666,0,11,10,25,22,0,18,6,0,
90118542,1,Lucien de Rubempre,L4,9,standard_converged,0.6,0,0,2,1,0,0,30,11,5,6,0,100.0,1.2092291666666668,2,11,7,33,7,4,0,12,0,
90118542,1,Lucien de Rubempre,L4,10,standard_converged,0.6,0,0,2,1,0,0,35,12,6,6,0,122.0,1.2124166666666665,0,11,7,41,11,0,9,17,0,
90118542,1,Lucien de Rubempre,L4,11,standard_converged,0.6,0,0,3,1,1,0,33,14,6,6,0,55.0,1.2219166666666668,0,4,8,9,24,6,0,21,0,0
90118542,1,Lucien de Rubempre,L4,12,standard_converged,0.6,0,0,3,1,1,0,39,14,8,6,0,75.0,1.1995208333333334,0,6,6,14,18,4,9,27,0,
90118542,1,Lucien de Rubempre,L4,13,standard_converged,0.6,0,0,3,1,1,0,43,14,8,6,0,77.0,1.175875,2,6,4,12,6,0,6,33,0,
90118542,1,Lucien de Rubempre,L4,14,standard_converged,0.6,0,0,3,1,1,0,51,14,8,6,0,105.0,1.1872291666666666,1,9,4,18,12,28,9,38,4,
90118542,1,Lucien de Rubempre,L4,15,standard_converged,0.6,0,0,3,1,1,0,52,14,8,6,0,82.0,1.027125,1,8,4,10,14,4,9,40,0,
90118542,1,Lucien de Rubempre,L4,16,standard_converged,0.6,0,0,3,1,1,0,53,14,8,6,0,98.0,0.9978333333333332,1,10,3,13,6,0,9,40,4,
90118542,1,Lucien de Rubempre,L4,17,standard_converged,0.6,0,0,3,1,1,0,54,14,8,6,0,108.0,0.9835208333333334,0,10,4,14,6,20,12,40,8,
90118542,1,Lucien de Rubempre,L4,18,standard_converged,0.6,0,0,3,1,1,0,54,14,8,6,0,117.0,0.9501458333333334,0,9,5,11,11,4,9,40,16,
90118542,1,Lucien de Rubempre,L4,19,standard_converged,0.6,0,0,3,1,1,0,53,14,8,6,0,127.0,0.9415624999999999,0,9,4,14,12,0,21,40,18,
90118542,1,Lucien de Rubempre,L4,20,standard_converged,0.6,0,0,3,1,1,0,52,14,8,6,0,151.0,0.9839166666666667,0,9,3,20,11,20,9,40,24,
90118542,1,Lucien de Rubempre,L4,21,standard_converged,0.6,0,0,3,1,1,0,50,14,8,6,0,165.0,1.0349374999999998,0,9,1,26,4,4,14,40,25,
90118542,1,Lucien de Rubempre,L4,22,standard_converged,0.6,0,0,3,1,1,0,46,14,8,6,0,196.0,0.9155625,0,8,,29,,0,9,38,39,
90118542,1,Lucien de Rubempre,L4,23,standard_converged,0.6,0,0,3,1,1,0,45,14,8,6,0,209.0,0.9312916666666667,0,7,,28,,20,15,38,47,
90118542,1,Lucien de Rubempre,L4,24,standard_converged,0.6,0,0,3,1,1,0,44,14,8,6,0,186.0,0.944625,0,6,,26,,4,9,38,38,
90118542,1,Lucien de Rubempre,L4,25,standard_converged,0.6,0,0,3,1,1,0,39,14,8,6,0,173.0,0.7446458333333332,0,5,,24,,0,15,34,36,
90118542,1,Lucien de Rubempre,L4,26,standard_converged,0.6,0,0,3,1,1,0,31,14,8,6,0,127.0,0.6507708333333333,1,3,,15,,20,9,28,26,
90118542,1,Lucien de Rubempre,L4,27,standard_converged,0.6,0,0,3,1,1,0,55,14,8,6,0,90.0,0.7089375,3,2,31,11,31,4,15,22,15,
90118542,1,Lucien de Rubempre,L4,28,standard_converged,0.6,0,0,3,1,1,0,47,14,8,6,0,55.0,0.6863541666666666,10,,32,,32,0,9,15,13,
90118542,1,Lucien de Rubempre,L4,29,standard_converged,0.6,0,0,3,1,1,0,36,14,8,5,0,37.0,0.6904375,13,,24,,56,20,15,12,6,0
90121273,0,Le Viet,L4,0,standard_converged,0.6,0,0,1,0,0,0,0,0,0,0,0,0.0,1.0,0,,,,,,,,,
90121273,0,Le Viet,L4,1,standard_converged,0.6,0,0,1,0,0,0,17,4,3,1,0,25.0,1.065,0,7,10,7,10,0,0,,,
90121273,0,Le Viet,L4,2,standard_converged,0.6,0,0,1,0,0,0,18,4,3,1,0,25.0,1.0934791666666668,0,7,11,7,11,0,0,,,
90121273,0,Le Viet,L4,3,standard_converged,0.6,0,0,1,0,0,0,19,4,3,1,0,28.0,1.1148125000000002,0,8,11,8,21,0,0,,,
90121273,0,Le Viet,L4,4,standard_converged,0.6,0,0,1,0,0,0,19,4,3,1,0,28.0,1.1588958333333332,0,8,11,8,32,0,0,,,
90121273,0,Le Viet,L4,5,standard_converged,0.6,0,0,1,0,0,0,19,4,3,1,0,36.0,1.1925625,0,10,7,10,9,0,0,2,0,
90121273,0,Le Viet,L4,6,standard_converged,0.6,0,0,1,0,0,0,18,6,4,2,0,38.0,1.2203333333333335,0,10,6,10,6,6,0,2,0,
90121273,0,Le Viet,L4,7,standard_converged,0.6,0,0,1,0,0,0,18,7,4,2,0,52.0,1.2425416666666667,0,10,6,17,12,0,0,2,0,0
90121273,0,Le Viet,L4,8,standard_converged,0.6,0,0,2,1,0,0,27,7,5,2,0,74.0,1.2789583333333336,1,11,10,25,22,0,18,6,0,
90121273,0,Le Viet,L4,9,standard_converged,0.6,0,0,2,1,0,0,29,11,5,6,0,99.0,1.2764166666666668,3,11,7,33,7,4,0,11,0,
90121273,0,Le Viet,L4,10,standard_converged,0.6,0,0,2,1,0,0,34,12,6,6,0,121.0,1.2848125000000001,1,11,7,41,11,0,9,16,0,
90121273,0,Le Viet,L4,11,standard_converged,0.6,0,0,3,1,1,0,32,14,6,6,0,54.0,1.2995208333333332,1,4,8,9,24,6,0,20,0,0
90121273,0,Le Viet,L4,12,standard_converged,0.6,0,0,3,1,1,0,38,14,8,6,0,74.0,1.2807708333333332,1,6,6,14,18,4,9,26,0,
90121273,0,Le Viet,L4,13,standard_converged,0.6,0,0,3,1,1,0,42,14,8,6,0,76.0,1.2748333333333335,3,6,4,12,6,0,6,32,0,
90121273,0,Le Viet,L4,14,standard_converged,0.6,0,0,3,1,1,0,50,14,8,6,0,104.0,1.3007708333333332,2,9,4,18,12,28,9,37,4,
90121273,0,Le Viet,L4,15,standard_converged,0.6,0,0,3,1,1,0,51,14,8,6,0,81.0,1.1474374999999999,2,8,4,10,14,4,9,39,0,
90121273,0,Le Viet,L4,16,standard_converged,0.6,0,0,3,1,1,0,52,14,8,6,0,97.0,1.2002291666666667,2,10,3,13,6,0,9,39,4,
90121273,0,Le Viet,L4,17,standard_converged,0.6,0,0,3,1,1,0,53,14,8,6,0,107.0,1.2607083333333333,1,10,4,14,6,20,12,39,8,
90121273,0,Le Viet,L4,18,standard_converged,0.6,0,0,3,1,1,0,53,14,8,6,0,112.0,1.2655833333333335,1,9,5,11,11,4,9,39,14,
90121273,0,Le Viet,L4,19,standard_converged,0.6,0,0,3,1,1,0,52,14,8,6,0,126.0,1.1791874999999998,1,9,4,14,12,0,21,39,18,
90121273,0,Le Viet,L4,20,standard_converged,0.6,0,0,3,1,1,0,51,14,8,6,0,146.0,1.2449166666666667,1,9,3,20,11,20,9,39,22,
90121273,0,Le Viet,L4,21,standard_converged,0.6,0,0,3,1,1,0,49,14,8,6,0,164.0,1.2831458333333332,1,9,1,26,4,4,14,39,25,
90121273,0,Le Viet,L4,22,standard_converged,0.6,0,0,3,1,1,0,45,14,8,6,0,191.0,1.1841041666666667,2,8,,29,,0,9,37,37,
90121273,0,Le Viet,L4,23,standard_converged,0.6,0,0,3,1,1,0,44,14,8,6,0,210.0,1.2458125,2,7,,28,,20,15,37,48,
90121273,0,Le Viet,L4,24,standard_converged,0.6,0,0,3,1,1,0,43,14,8,6,0,181.0,1.2663958333333334,2,6,,26,,4,9,37,36,
90121273,0,Le Viet,L4,25,standard_converged,0.6,0,0,3,1,1,0,38,14,8,6,0,174.0,1.2204791666666668,3,5,,24,,0,15,33,37,
90121273,0,Le Viet,L4,26,standard_converged,0.6,0,0,3,1,1,0,31,14,8,6,0,129.0,1.1437916666666665,3,3,,15,,20,9,28,27,
90121273,0,Le Viet,L4,27,standard_converged,0.6,0,0,3,1,1,0,53,14,8,6,0,90.0,1.1463333333333334,5,2,29,11,29,4,15,22,15,
90121273,0,Le Viet,L4,28,standard_converged,0.6,0,0,3,1,1,0,45,14,8,6,0,55.0,1.0534375,12,,30,,30,0,9,15,13,
90121273,0,Le Viet,L4,29,standard_converged,0.6,0,0,3,1,1,0,34,14,8,5,0,37.0,1.022375,15,,22,,51,20,15,12,6,0
90121273,1,Dennis Gioche,L4,0,standard_converged,0.6,0,0,1,0,0,0,0,0,0,0,0,0.0,1.0,0,,,,,,,,,
90121273,1,Dennis Gioche,L4,1,standard_converged,0.6,0,0,1,0,0,0,17,4,3,1,0,25.0,1.065,0,7,10,7,10,0,0,,,
90121273,1,Dennis Gioche,L4,2,standard_converged,0.6,0,0,1,0,0,0,18,4,3,1,0,25.0,1.0934791666666668,0,7,11,7,11,0,0,,,
90121273,1,Dennis Gioche,L4,3,standard_converged,0.6,0,0,1,0,0,0,19,4,3,1,0,28.0,1.1148125000000002,0,8,11,8,21,0,0,,,
90121273,1,Dennis Gioche,L4,4,standard_converged,0.6,0,0,1,0,0,0,19,4,3,1,0,28.0,1.1588958333333332,0,8,11,8,32,0,0,,,
90121273,1,Dennis Gioche,L4,5,standard_converged,0.6,0,0,1,0,0,0,19,4,3,1,0,36.0,1.1925625,0,10,7,10,9,0,0,2,0,
90121273,1,Dennis Gioche,L4,6,standard_converged,0.6,0,0,1,0,0,0,18,6,4,2,0,38.0,1.2203333333333335,0,10,6,10,6,6,0,2,0,
90121273,1,Dennis Gioche,L4,7,standard_converged,0.6,0,0,1,0,0,0,18,7,4,2,0,52.0,1.2425416666666667,0,10,6,17,12,0,0,2,0,0
90121273,1,Dennis Gioche,L4,8,standard_converged,0.6,0,0,2,1,0,0,27,7,5,2,0,74.0,1.2789583333333336,1,11,10,25,22,0,18,6,0,
90121273,1,Dennis Gioche,L4,9,standard_converged,0.6,0,0,2,1,0,0,30,11,5,6,0,100.0,1.2764166666666668,3,11,7,33,7,4,0,12,0,
90121273,1,Dennis Gioche,L4,10,standard_converged,0.6,0,0,2,1,0,0,35,12,6,6,0,122.0,1.2848125000000001,0,11,7,41,11,0,9,17,0,
90121273,1,Dennis Gioche,L4,11,standard_converged,0.6,0,0,3,1,1,0,33,14,6,6,0,55.0,1.2995208333333332,0,4,8,9,24,6,0,21,0,0
90121273,1,Dennis Gioche,L4,12,standard_converged,0.6,0,0,3,1,1,0,39,14,8,6,0,75.0,1.2807708333333332,0,6,6,14,18,4,9,27,0,
90121273,1,Dennis Gioche,L4,13,standard_converged,0.6,0,0,3,1,1,0,43,14,8,6,0,77.0,1.2748333333333335,2,6,4,12,6,0,6,33,0,
90121273,1,Dennis Gioche,L4,14,standard_converged,0.6,0,0,3,1,1,0,51,14,8,6,0,105.0,1.3007708333333332,1,9,4,18,12,28,9,38,4,
90121273,1,Dennis Gioche,L4,15,standard_converged,0.6,0,0,3,1,1,0,52,14,8,6,0,82.0,1.1474374999999999,1,8,4,10,14,4,9,40,0,
90121273,1,Dennis Gioche,L4,16,standard_converged,0.6,0,0,3,1,1,0,53,14,8,6,0,98.0,1.2002291666666667,1,10,3,13,6,0,9,40,4,
90121273,1,Dennis Gioche,L4,17,standard_converged,0.6,0,0,3,1,1,0,54,14,8,6,0,108.0,1.2607083333333333,0,10,4,14,6,20,12,40,8,
90121273,1,Dennis Gioche,L4,18,standard_converged,0.6,0,0,3,1,1,0,54,14,8,6,0,117.0,1.2655833333333335,0,9,5,11,11,4,9,40,16,
90121273,1,Dennis Gioche,L4,19,standard_converged,0.6,0,0,3,1,1,0,53,14,8,6,0,127.0,1.1791874999999998,0,9,4,14,12,0,21,40,18,
90121273,1,Dennis Gioche,L4,20,standard_converged,0.6,0,0,3,1,1,0,52,14,8,6,0,151.0,1.2449166666666667,0,9,3,20,11,20,9,40,24,
90121273,1,Dennis Gioche,L4,21,standard_converged,0.6,0,0,3,1,1,0,50,14,8,6,0,165.0,1.2831458333333332,0,9,1,26,4,4,14,40,25,
90121273,1,Dennis Gioche,L4,22,standard_converged,0.6,0,0,3,1,1,0,46,14,8,6,0,198.0,1.1841041666666667,0,8,,29,,0,9,38,40,
90121273,1,Dennis Gioche,L4,23,standard_converged,0.6,0,0,3,1,1,0,45,14,8,6,0,211.0,1.2458125,0,7,,28,,20,15,38,48,
90121273,1,Dennis Gioche,L4,24,standard_converged,0.6,0,0,3,1,1,0,44,14,8,6,0,190.0,1.2663958333333334,0,6,,26,,4,9,38,40,
90121273,1,Dennis Gioche,L4,25,standard_converged,0.6,0,0,3,1,1,0,39,14,8,6,0,175.0,1.2204791666666668,0,5,,24,,0,15,34,37,
90121273,1,Dennis Gioche,L4,26,standard_converged,0.6,0,0,3,1,1,0,31,14,8,6,0,131.0,1.1437916666666665,2,3,,15,,20,9,28,28,
90121273,1,Dennis Gioche,L4,27,standard_converged,0.6,0,0,3,1,1,0,55,14,8,6,0,90.0,1.1463333333333334,3,2,31,11,31,4,15,22,15,
90121273,1,Dennis Gioche,L4,28,standard_converged,0.6,0,0,3,1,1,0,47,14,8,6,0,55.0,1.0534375,10,,32,,32,0,9,15,13,
90121273,1,Dennis Gioche,L4,29,standard_converged,0.6,0,0,3,1,1,0,36,14,8,5,0,37.0,1.022375,13,,24,,56,20,15,12,6,0
90122627,0,bcTiann,L3,0,standard_converged,0.6,0,0,1,0,0,0,0,0,0,0,0,0.0,1.0,0,,,,,,,,,
90122627,0,bcTiann,L3,1,standard_converged,0.6,0,0,1,0,0,0,17,4,3,1,0,25.0,1.065,0,7,10,7,10,0,0,,,
90122627,0,bcTiann,L3,2,standard_converged,0.6,0,0,1,0,0,0,18,4,3,1,0,25.0,1.0934791666666668,0,7,11,7,11,0,0,,,
90122627,0,bcTiann,L3,3,standard_converged,0.6,0,0,1,0,0,0,19,4,3,1,0,28.0,1.1148125000000002,0,8,11,8,21,0,0,,,
90122627,0,bcTiann,L3,4,standard_converged,0.6,0,0,1,0,0,0,19,4,3,1,0,28.0,1.1463958333333333,0,8,11,8,32,0,0,,,
90122627,0,bcTiann,L3,5,standard_converged,0.6,0,0,1,0,0,0,19,4,3,1,0,36.0,1.1706875,0,10,7,10,9,0,0,2,0,
90122627,0,bcTiann,L3,6,standard_converged,0.6,0,0,1,0,0,0,18,6,4,2,0,38.0,1.1922083333333333,0,10,6,10,6,6,0,2,0,
90122627,0,bcTiann,L3,7,standard_converged,0.6,0,0,1,0,0,0,18,7,4,2,0,52.0,1.1951458333333334,0,10,6,17,12,0,0,2,0,0
90122627,0,bcTiann,L3,8,standard_converged,0.6,0,0,2,1,0,0,27,7,5,2,0,74.0,1.2159375000000001,0,11,10,25,22,0,18,6,0,
90122627,0,bcTiann,L3,9,standard_converged,0.6,0,0,2,1,0,0,30,11,5,6,0,100.0,1.1170416666666667,2,11,7,33,7,4,0,12,0,
90122627,0,bcTiann,L3,10,standard_converged,0.6,0,0,2,1,0,0,35,12,6,6,0,122.0,1.1379375,0,11,7,41,11,0,9,17,0,
90122627,0,bcTiann,L3,11,standard_converged,0.6,0,0,3,1,1,0,33,14,6,6,0,55.0,1.1719166666666667,1,4,8,9,24,6,0,21,0,0
90122627,0,bcTiann,L3,12,standard_converged,0.6,0,0,3,1,1,0,39,14,8,6,0,75.0,1.1568125,1,6,6,14,18,4,9,27,0,
90122627,0,bcTiann,L3,13,standard_converged,0.6,0,0,3,1,1,0,43,14,8,6,0,77.0,1.1224375,3,6,4,12,6,0,6,33,0,
90122627,0,bcTiann,L3,14,standard_converged,0.6,0,0,3,1,1,0,51,14,8,6,0,105.0,1.1309791666666666,2,9,4,18,12,28,9,38,4,
90122627,0,bcTiann,L3,15,standard_converged,0.6,0,0,3,1,1,0,51,14,8,6,0,79.0,0.9924375,3,7,4,9,14,4,9,40,0,
90122627,0,bcTiann,L3,16,standard_converged,0.6,0,0,3,1,1,0,52,14,8,6,0,95.0,1.0184583333333332,2,9,3,12,6,0,9,40,4,
90122627,0,bcTiann,L3,17,standard_converged,0.6,0,0,3,1,1,0,53,14,8,6,0,105.0,1.0540416666666665,2,9,4,13,6,20,12,40,8,
90122627,0,bcTiann,L3,18,standard_converged,0.6,0,0,3,1,1,0,53,14,8,6,0,114.0,1.0313124999999999,2,8,5,10,11,4,9,40,16,
90122627,0,bcTiann,L3,19,standard_converged,0.6,0,0,3,1,1,0,52,14,8,6,0,124.0,0.91825,2,8,4,13,12,0,21,40,18,
90122627,0,bcTiann,L3,20,standard_converged,0.6,0,0,3,1,1,0,51,14,8,6,0,148.0,0.9596041666666666,2,8,3,19,11,20,9,40,24,
90122627,0,bcTiann,L3,21,standard_converged,0.6,0,0,3,1,1,0,49,14,8,6,0,160.0,0.9950416666666666,2,8,1,24,4,4,14,40,25,
90122627,0,bcTiann,L3,22,standard_converged,0.6,0,0,3,1,1,0,45,14,8,6,0,189.0,0.9731666666666666,2,7,,26,,0,9,38,39,
90122627,0,bcTiann,L3,23,standard_converged,0.6,0,0,3,1,1,0,44,14,8,6,0,202.0,0.9313125,3,6,,25,,20,15,38,47,
90122627,0,bcTiann,L3,24,standard_converged,0.6,0,0,3,1,1,0,43,14,8,6,0,177.0,0.9572291666666667,3,5,,22,,4,9,38,38,
90122627,0,bcTiann,L3,25,standard_converged,0.6,0,0,3,1,1,0,38,14,8,6,0,164.0,0.9587083333333334,3,4,,20,,0,15,34,36,
90122627,0,bcTiann,L3,26,standard_converged,0.6,0,0,3,1,1,0,30,14,8,6,0,116.0,0.8950416666666666,5,2,,10,,20,9,28,26,
90122627,0,bcTiann,L3,27,standard_converged,0.6,0,0,3,1,1,0,51,14,8,6,0,90.0,0.911125,7,2,27,11,27,4,15,22,15,
90122627,0,bcTiann,L3,28,standard_converged,0.6,0,0,3,1,1,0,43,14,8,6,0,55.0,0.8720416666666666,15,,28,,28,0,9,15,13,
90122627,0,bcTiann,L3,29,standard_converged,0.6,0,0,3,1,1,0,34,14,8,5,0,37.0,0.9012083333333334,18,,22,,51,20,15,12,6,0
90122627,1,Kyle,L3,0,standard_converged,0.6,0,0,1,0,0,0,0,0,0,0,0,0.0,1.0,0,,,,,,,,,
90122627,1,Kyle,L3,1,standard_converged,0.6,0,0,1,0,0,0,17,4,3,1,0,25.0,1.065,0,7,10,7,10,0,0,,,
90122627,1,Kyle,L3,2,standard_converged,0.6,0,0,1,0,0,0,18,4,3,1,0,25.0,1.0934791666666668,0,7,11,7,11,0,0,,,
90122627,1,Kyle,L3,3,standard_converged,0.6,0,0,1,0,0,0,19,4,3,1,0,28.0,1.1148125000000002,0,8,11,8,21,0,0,,,
90122627,1,Kyle,L3,4,standard_converged,0.6,0,0,1,0,0,0,19,4,3,1,0,28.0,1.1463958333333333,0,8,11,8,32,0,0,,,
90122627,1,Kyle,L3,5,standard_converged,0.6,0,0,1,0,0,0,19,4,3,1,0,36.0,1.1706875,0,10,7,10,9,0,0,2,0,
90122627,1,Kyle,L3,6,standard_converged,0.6,0,0,1,0,0,0,18,6,4,2,0,38.0,1.1922083333333333,0,10,6,10,6,6,0,2,0,
90122627,1,Kyle,L3,7,standard_converged,0.6,0,0,1,0,0,0,18,7,4,2,0,52.0,1.1951458333333334,0,10,6,17,12,0,0,2,0,0
90122627,1,Kyle,L3,8,standard_converged,0.6,0,0,2,1,0,0,27,7,5,2,0,74.0,1.2159375000000001,0,11,10,25,22,0,18,6,0,
90122627,1,Kyle,L3,9,standard_converged,0.6,0,0,2,1,0,0,30,11,5,6,0,100.0,1.1170416666666667,2,11,7,33,7,4,0,12,0,
90122627,1,Kyle,L3,10,standard_converged,0.6,0,0,2,1,0,0,35,12,6,6,0,122.0,1.1379375,0,11,7,41,11,0,9,17,0,
90122627,1,Kyle,L3,11,standard_converged,0.6,0,0,3,1,1,0,33,14,6,6,0,55.0,1.1719166666666667,1,4,8,9,24,6,0,21,0,0
90122627,1,Kyle,L3,12,standard_converged,0.6,0,0,3,1,1,0,39,14,8,6,0,75.0,1.1568125,1,6,6,14,18,3,9,27,0,
90122627,1,Kyle,L3,13,standard_converged,0.6,0,0,3,1,1,0,43,14,8,6,0,77.0,1.1224375,3,6,4,12,6,0,6,33,0,
90122627,1,Kyle,L3,14,standard_converged,0.6,0,0,3,1,1,0,50,14,8,6,0,104.0,1.1309791666666666,2,9,4,18,12,28,9,37,4,
90122627,1,Kyle,L3,15,standard_converged,0.6,0,0,3,1,1,0,51,14,8,6,0,81.0,0.9924375,2,8,4,10,14,4,9,39,0,
90122627,1,Kyle,L3,16,standard_converged,0.6,0,0,3,1,1,0,52,14,8,6,0,97.0,1.0184583333333332,2,10,3,13,6,0,9,39,4,
90122627,1,Kyle,L3,17,standard_converged,0.6,0,0,3,1,1,0,53,14,8,6,0,107.0,1.0540416666666665,1,10,4,14,6,20,12,39,8,
90122627,1,Kyle,L3,18,standard_converged,0.6,0,0,3,1,1,0,53,14,8,6,0,116.0,1.0313124999999999,1,9,5,11,11,4,9,39,16,
90122627,1,Kyle,L3,19,standard_converged,0.6,0,0,3,1,1,0,52,14,8,6,0,126.0,0.91825,1,9,4,14,12,0,21,39,18,
90122627,1,Kyle,L3,20,standard_converged,0.6,0,0,3,1,1,0,51,14,8,6,0,150.0,0.9596041666666666,1,9,3,20,11,20,9,39,24,
90122627,1,Kyle,L3,21,standard_converged,0.6,0,0,3,1,1,0,49,14,8,6,0,164.0,0.9950416666666666,1,9,1,26,4,4,14,39,25,
90122627,1,Kyle,L3,22,standard_converged,0.6,0,0,3,1,1,0,45,14,8,6,0,195.0,0.9731666666666666,1,8,,29,,0,9,37,39,
90122627,1,Kyle,L3,23,standard_converged,0.6,0,0,3,1,1,0,44,14,8,6,0,204.0,0.9313125,1,7,,28,,20,15,37,45,
90122627,1,Kyle,L3,24,standard_converged,0.6,0,0,3,1,1,0,43,14,8,6,0,187.0,0.9572291666666667,2,6,,26,,4,9,37,39,
90122627,1,Kyle,L3,25,standard_converged,0.6,0,0,3,1,1,0,38,14,8,6,0,166.0,0.9587083333333334,2,5,,24,,0,15,33,33,
90122627,1,Kyle,L3,26,standard_converged,0.6,0,0,3,1,1,0,30,14,8,6,0,126.0,0.8950416666666666,3,3,,15,,20,9,27,26,
90122627,1,Kyle,L3,27,standard_converged,0.6,0,0,3,1,1,0,54,14,8,6,0,83.0,0.911125,4,2,31,10,31,4,15,21,13,
90122627,1,Kyle,L3,28,standard_converged,0.6,0,0,3,1,1,0,46,14,8,6,0,54.0,0.8720416666666666,11,,32,,32,0,9,14,13,
90122627,1,Kyle,L3,29,standard_converged,0.6,0,0,3,1,1,0,35,14,8,5,0,32.0,0.9012083333333334,14,,24,,56,20,15,11,4,0
90123152,0,Zerabyte_X,L1,0,standard_converged,0.6,0,0,1,0,0,0,0,0,0,0,0,0.0,1.0,0,,,,,,,,,
90123152,0,Zerabyte_X,L1,1,standard_converged,0.6,0,0,1,0,0,0,17,4,3,1,0,25.0,1.065,0,7,10,7,10,0,0,,,
90123152,0,Zerabyte_X,L1,2,standard_converged,0.6,0,0,1,0,0,0,18,4,3,1,0,25.0,1.0934791666666668,0,7,11,7,11,0,0,,,
90123152,0,Zerabyte_X,L1,3,standard_converged,0.6,0,0,1,0,0,0,19,4,3,1,0,28.0,1.1148125000000002,0,8,11,8,21,0,0,,,
90123152,0,Zerabyte_X,L1,4,standard_converged,0.6,0,0,1,0,0,0,19,4,3,1,0,28.0,1.1463958333333333,0,8,11,8,32,0,0,,,
90123152,0,Zerabyte_X,L1,5,standard_converged,0.6,0,0,1,0,0,0,19,4,3,1,0,36.0,1.1706875,0,10,7,10,9,0,0,2,0,
90123152,0,Zerabyte_X,L1,6,standard_converged,0.6,0,0,1,0,0,0,18,6,4,2,0,38.0,1.1922083333333333,0,10,6,10,6,6,0,2,0,
90123152,0,Zerabyte_X,L1,7,standard_converged,0.6,0,0,1,0,0,0,18,7,4,2,0,52.0,1.2128541666666668,0,10,6,17,12,0,0,2,0,0
90123152,0,Zerabyte_X,L1,8,standard_converged,0.6,0,0,2,1,0,0,27,7,5,2,0,74.0,1.2477083333333334,0,11,10,25,22,0,18,6,0,
90123152,0,Zerabyte_X,L1,9,standard_converged,0.6,0,0,2,1,0,0,30,11,5,6,0,100.0,1.1951666666666667,2,11,7,33,7,4,0,12,0,
90123152,0,Zerabyte_X,L1,10,standard_converged,0.6,0,0,2,1,0,0,35,12,6,6,0,122.0,1.2473125,0,11,7,41,11,0,9,17,0,
90123152,0,Zerabyte_X,L1,11,standard_converged,0.6,0,0,3,1,1,0,33,14,6,6,0,55.0,1.274,0,4,8,9,24,6,0,21,0,0
90123152,0,Zerabyte_X,L1,12,standard_converged,0.6,0,0,3,1,1,0,39,14,8,6,0,75.0,1.2547291666666667,0,6,6,14,18,4,9,27,0,
90123152,0,Zerabyte_X,L1,13,standard_converged,0.6,0,0,3,1,1,0,43,14,8,6,0,77.0,1.2592083333333335,3,6,4,12,6,0,6,33,0,
90123152,0,Zerabyte_X,L1,14,standard_converged,0.6,0,0,3,1,1,0,51,14,8,6,0,105.0,1.2934791666666667,2,9,4,18,12,28,9,38,4,
90123152,0,Zerabyte_X,L1,15,standard_converged,0.6,0,0,3,1,1,0,52,14,8,6,0,82.0,1.1385416666666668,2,8,4,10,14,4,9,40,0,
90123152,0,Zerabyte_X,L1,16,standard_converged,0.6,0,0,3,1,1,0,53,14,8,6,0,98.0,1.12075,2,10,3,13,6,0,9,40,4,
90123152,0,Zerabyte_X,L1,17,standard_converged,0.6,0,0,3,1,1,0,54,14,8,6,0,108.0,1.1165416666666668,1,10,4,14,6,20,12,40,8,
90123152,0,Zerabyte_X,L1,18,standard_converged,0.6,0,0,3,1,1,0,54,14,8,6,0,117.0,1.0854791666666666,1,9,5,11,11,4,9,40,16,
90123152,0,Zerabyte_X,L1,19,standard_converged,0.6,0,0,3,1,1,0,53,14,8,6,0,127.0,1.0925208333333334,1,9,4,14,12,0,21,40,18,
90123152,0,Zerabyte_X,L1,20,standard_converged,0.6,0,0,3,1,1,0,52,14,8,6,0,151.0,1.0829375,1,9,3,20,11,20,9,40,24,
90123152,0,Zerabyte_X,L1,21,standard_converged,0.6,0,0,3,1,1,0,50,14,8,6,0,165.0,1.1331458333333333,1,9,1,26,4,4,14,40,25,
90123152,0,Zerabyte_X,L1,22,standard_converged,0.6,0,0,3,1,1,0,46,14,8,6,0,196.0,1.1216041666666665,1,8,,29,,0,9,38,39,
90123152,0,Zerabyte_X,L1,23,standard_converged,0.6,0,0,3,1,1,0,45,14,8,6,0,209.0,1.0776666666666668,1,7,,28,,20,15,38,47,
90123152,0,Zerabyte_X,L1,24,standard_converged,0.6,0,0,3,1,1,0,44,14,8,6,0,186.0,1.1734791666666666,1,6,,26,,4,9,38,38,
90123152,0,Zerabyte_X,L1,25,standard_converged,0.6,0,0,3,1,1,0,39,14,8,6,0,173.0,1.1163125,1,5,,24,,0,15,34,36,
90123152,0,Zerabyte_X,L1,26,standard_converged,0.6,0,0,3,1,1,0,31,14,8,6,0,127.0,1.1392083333333332,2,3,,15,,20,9,28,26,
90123152,0,Zerabyte_X,L1,27,standard_converged,0.6,0,0,3,1,1,0,54,14,8,6,0,90.0,1.153,3,2,30,11,30,4,15,22,15,
90123152,0,Zerabyte_X,L1,28,standard_converged,0.6,0,0,3,1,1,0,46,14,8,6,0,55.0,1.1445833333333333,10,,31,,31,0,9,15,13,
90123152,0,Zerabyte_X,L1,29,standard_converged,0.6,0,0,3,1,1,0,35,14,8,5,0,37.0,1.1602916666666667,13,,23,,54,20,15,12,6,0
90123152,1,Ben Hamilton,L1,0,standard_converged,0.6,0,0,1,0,0,0,0,0,0,0,0,0.0,1.0,0,,,,,,,,,
90123152,1,Ben Hamilton,L1,1,standard_converged,0.6,0,0,1,0,0,0,17,4,3,1,0,25.0,1.065,0,7,10,7,10,0,0,,,
90123152,1,Ben Hamilton,L1,2,standard_converged,0.6,0,0,1,0,0,0,18,4,3,1,0,25.0,1.0934791666666668,0,7,11,7,11,0,0,,,
90123152,1,Ben Hamilton,L1,3,standard_converged,0.6,0,0,1,0,0,0,19,4,3,1,0,28.0,1.1148125000000002,0,8,11,8,21,0,0,,,
90123152,1,Ben Hamilton,L1,4,standard_converged,0.6,0,0,1,0,0,0,19,4,3,1,0,28.0,1.1463958333333333,1,8,11,8,32,0,0,,,
90123152,1,Ben Hamilton,L1,5,standard_converged,0.6,0,0,1,0,0,0,19,4,3,1,0,36.0,1.1706875,1,10,7,10,9,0,0,2,0,
90123152,1,Ben Hamilton,L1,6,standard_converged,0.6,0,0,1,0,0,0,18,6,4,2,0,38.0,1.1922083333333333,0,10,6,10,6,6,0,2,0,
90123152,1,Ben Hamilton,L1,7,standard_converged,0.6,0,0,1,0,0,0,18,7,4,2,0,52.0,1.2128541666666668,0,10,6,17,12,0,0,2,0,0
90123152,1,Ben Hamilton,L1,8,standard_converged,0.6,0,0,2,1,0,0,27,7,5,2,0,74.0,1.2477083333333334,0,11,10,25,22,0,18,6,0,
90123152,1,Ben Hamilton,L1,9,standard_converged,0.6,0,0,2,1,0,0,30,11,5,6,0,100.0,1.1951666666666667,2,11,7,33,7,4,0,12,0,
90123152,1,Ben Hamilton,L1,10,standard_converged,0.6,0,0,2,1,0,0,35,12,6,6,0,122.0,1.2473125,0,11,7,41,11,0,9,17,0,
90123152,1,Ben Hamilton,L1,11,standard_converged,0.6,0,0,3,1,1,0,33,14,6,6,0,55.0,1.274,0,4,8,9,24,6,0,21,0,0
90123152,1,Ben Hamilton,L1,12,standard_converged,0.6,0,0,3,1,1,0,39,14,8,6,0,75.0,1.2547291666666667,0,6,6,14,18,4,9,27,0,
90123152,1,Ben Hamilton,L1,13,standard_converged,0.6,0,0,3,1,1,0,43,14,8,6,0,77.0,1.2592083333333335,2,6,4,12,6,0,6,33,0,
90123152,1,Ben Hamilton,L1,14,standard_converged,0.6,0,0,3,1,1,0,51,14,8,6,0,105.0,1.2934791666666667,1,9,4,18,12,28,9,38,4,
90123152,1,Ben Hamilton,L1,15,standard_converged,0.6,0,0,3,1,1,0,52,14,8,6,0,82.0,1.1385416666666668,1,8,4,10,14,4,9,40,0,
90123152,1,Ben Hamilton,L1,16,standard_converged,0.6,0,0,3,1,1,0,53,14,8,6,0,98.0,1.12075,1,10,3,13,6,0,9,40,4,
90123152,1,Ben Hamilton,L1,17,standard_converged,0.6,0,0,3,1,1,0,54,14,8,6,0,108.0,1.1165416666666668,0,10,4,14,6,20,12,40,8,
90123152,1,Ben Hamilton,L1,18,standard_converged,0.6,0,0,3,1,1,0,54,14,8,6,0,117.0,1.0854791666666666,0,9,5,11,11,4,9,40,16,
90123152,1,Ben Hamilton,L1,19,standard_converged,0.6,0,0,3,1,1,0,53,14,8,6,0,127.0,1.0925208333333334,0,9,4,14,12,0,21,40,18,
90123152,1,Ben Hamilton,L1,20,standard_converged,0.6,0,0,3,1,1,0,52,14,8,6,0,151.0,1.0829375,0,9,3,20,11,20,9,40,24,
90123152,1,Ben Hamilton,L1,21,standard_converged,0.6,0,0,3,1,1,0,50,14,8,6,0,165.0,1.1331458333333333,0,9,1,26,4,4,14,40,25,
90123152,1,Ben Hamilton,L1,22,standard_converged,0.6,0,0,3,1,1,0,46,14,8,6,0,198.0,1.1216041666666665,0,8,,29,,0,9,38,40,
90123152,1,Ben Hamilton,L1,23,standard_converged,0.6,0,0,3,1,1,0,45,14,8,6,0,211.0,1.0776666666666668,0,7,,28,,20,15,38,48,
90123152,1,Ben Hamilton,L1,24,standard_converged,0.6,0,0,3,1,1,0,44,14,8,6,0,190.0,1.1734791666666666,0,6,,26,,4,9,38,40,
90123152,1,Ben Hamilton,L1,25,standard_converged,0.6,0,0,3,1,1,0,39,14,8,6,0,175.0,1.1163125,1,5,,24,,0,15,34,37,
90123152,1,Ben Hamilton,L1,26,standard_converged,0.6,0,0,3,1,1,0,31,14,8,6,0,131.0,1.1392083333333332,3,3,,15,,20,9,28,28,
90123152,1,Ben Hamilton,L1,27,standard_converged,0.6,0,0,3,1,1,0,53,14,8,6,0,90.0,1.153,5,2,29,11,29,4,15,22,15,
90123152,1,Ben Hamilton,L1,28,standard_converged,0.6,0,0,3,1,1,0,45,14,8,6,0,55.0,1.1445833333333333,12,,30,,30,0,5,15,13,
90123152,1,Ben Hamilton,L1,29,standard_converged,0.6,0,0,3,1,1,0,34,14,4,5,0,33.0,1.1602916666666667,15,,22,,51,16,7,12,6,0
90127343,0,today,L2,0,standard_converged,0.6,0,0,1,0,0,0,0,0,0,0,0,0.0,1.0,0,,,,,,,,,
90127343,0,today,L2,1,standard_converged,0.6,0,0,1,0,0,0,17,4,3,1,0,25.0,1.065,0,7,10,7,10,0,0,,,
90127343,0,today,L2,2,standard_converged,0.6,0,0,1,0,0,0,18,4,3,1,0,25.0,1.0934791666666668,0,7,11,7,11,0,0,,,
90127343,0,today,L2,3,standard_converged,0.6,0,0,1,0,0,0,19,4,3,1,0,28.0,1.1148125000000002,0,8,11,8,21,0,0,,,
90127343,0,today,L2,4,standard_converged,0.6,0,0,1,0,0,0,19,4,3,1,0,28.0,1.1318124999999999,0,8,11,8,32,0,0,,,
90127343,0,today,L2,5,standard_converged,0.6,0,0,1,0,0,0,19,4,3,1,0,36.0,1.1456875000000002,0,10,7,10,9,0,0,2,0,
90127343,0,today,L2,6,standard_converged,0.6,0,0,1,0,0,0,18,6,4,2,0,38.0,1.1567916666666667,0,10,6,10,6,6,0,2,0,
90127343,0,today,L2,7,standard_converged,0.6,0,0,1,0,0,0,18,7,4,2,0,52.0,1.1670208333333334,0,10,6,17,12,0,0,2,0,0
90127343,0,today,L2,8,standard_converged,0.6,0,0,2,1,0,0,27,7,5,2,0,74.0,1.1889583333333333,0,11,10,25,22,0,18,6,0,
90127343,0,today,L2,9,standard_converged,0.6,0,0,2,1,0,0,30,11,5,6,0,100.0,1.12475,2,11,7,33,7,4,0,12,0,
90127343,0,today,L2,10,standard_converged,0.6,0,0,2,1,0,0,35,12,6,6,0,122.0,1.1793958333333334,0,11,7,41,11,0,9,17,0,
90127343,0,today,L2,11,standard_converged,0.6,0,0,3,1,1,0,33,14,6,6,0,55.0,1.1947291666666666,0,4,8,9,24,6,0,21,0,0
90127343,0,today,L2,12,standard_converged,0.6,0,0,3,1,1,0,39,14,8,6,0,75.0,1.2120625,0,6,6,14,18,4,9,27,0,
90127343,0,today,L2,13,standard_converged,0.6,0,0,3,1,1,0,43,14,8,6,0,77.0,1.237625,2,6,4,12,6,0,6,33,0,
90127343,0,today,L2,14,standard_converged,0.6,0,0,3,1,1,0,51,14,8,6,0,105.0,1.2575416666666666,1,9,4,18,12,28,9,38,4,
90127343,0,today,L2,15,standard_converged,0.6,0,0,3,1,1,0,52,14,8,6,0,82.0,1.2675833333333333,1,8,4,10,14,4,9,40,0,
90127343,0,today,L2,16,standard_converged,0.6,0,0,3,1,1,0,53,14,8,6,0,98.0,1.2953333333333334,1,10,3,13,6,0,9,40,4,
90127343,0,today,L2,17,standard_converged,0.6,0,0,3,1,1,0,54,14,8,6,0,108.0,1.3053541666666666,0,10,4,14,6,20,12,40,8,
90127343,0,today,L2,18,standard_converged,0.6,0,0,3,1,1,0,54,14,8,6,0,117.0,1.305875,0,9,5,11,11,4,9,40,16,
90127343,0,today,L2,19,standard_converged,0.6,0,0,3,1,1,0,53,14,8,6,0,127.0,1.3195416666666666,0,9,4,14,12,0,21,40,18,
90127343,0,today,L2,20,standard_converged,0.6,0,0,3,1,1,0,52,14,8,6,0,151.0,1.3211666666666666,0,9,3,20,11,20,9,40,24,
90127343,0,today,L2,21,standard_converged,0.6,0,0,3,1,1,0,50,14,8,6,0,165.0,1.3129583333333334,0,9,1,26,4,4,14,40,25,
90127343,0,today,L2,22,standard_converged,0.6,0,0,3,1,1,0,46,14,8,6,0,198.0,1.3353541666666668,1,8,,29,,0,9,38,40,
90127343,0,today,L2,23,standard_converged,0.6,0,0,3,1,1,0,45,14,8,6,0,211.0,1.3331666666666666,1,7,,28,,20,15,38,48,
90127343,0,today,L2,24,standard_converged,0.6,0,0,3,1,1,0,44,14,8,6,0,190.0,1.3572916666666668,1,6,,26,,4,9,38,40,
90127343,0,today,L2,25,standard_converged,0.6,0,0,3,1,1,0,39,14,8,6,0,175.0,1.349,1,5,,24,,0,15,34,37,
90127343,0,today,L2,26,standard_converged,0.6,0,0,3,1,1,0,31,14,8,6,0,131.0,1.3629166666666666,2,3,,15,,20,9,28,28,
90127343,0,today,L2,27,standard_converged,0.6,0,0,3,1,1,0,54,14,8,6,0,90.0,1.3709375,4,2,30,11,30,4,15,22,15,
90127343,0,today,L2,28,standard_converged,0.6,0,0,3,1,1,0,46,14,8,6,0,55.0,1.3808333333333334,11,,31,,31,0,9,15,13,
90127343,0,today,L2,29,standard_converged,0.6,0,0,3,1,1,0,35,14,8,5,0,37.0,1.3967083333333334,14,,23,,54,20,15,12,6,0
90127343,1,Syed Shayan Ali Shah,L2,0,standard_converged,0.6,0,0,1,0,0,0,0,0,0,0,0,0.0,1.0,0,,,,,,,,,
90127343,1,Syed Shayan Ali Shah,L2,1,standard_converged,0.6,0,0,1,0,0,0,17,4,3,1,0,25.0,1.065,0,7,10,7,10,0,0,,,
90127343,1,Syed Shayan Ali Shah,L2,2,standard_converged,0.6,0,0,1,0,0,0,17,4,3,1,0,25.0,1.0934791666666668,0,7,10,7,10,0,0,,,
90127343,1,Syed Shayan Ali Shah,L2,3,standard_converged,0.6,0,0,1,0,0,0,5,4,3,1,0,10.0,1.1148125000000002,12,2,3,2,3,0,0,,,
90127343,1,Syed Shayan Ali Shah,L2,4,standard_converged,0.6,0,0,1,0,0,0,5,4,3,1,0,10.0,1.1318124999999999,12,2,3,2,6,0,0,,,
90127343,1,Syed Shayan Ali Shah,L2,5,standard_converged,0.6,0,0,1,0,0,0,4,4,3,1,0,10.0,1.1456875000000002,12,2,2,2,2,0,0,,,
90127343,1,Syed Shayan Ali Shah,L2,6,standard_converged,0.6,0,0,1,0,0,0,4,6,4,1,0,11.0,1.1567916666666667,12,2,2,2,2,4,0,,,0
90127343,1,Syed Shayan Ali Shah,L2,7,standard_converged,0.6,0,0,1,0,0,0,4,7,4,1,0,15.0,1.1670208333333334,12,2,2,4,4,0,0,,,0
90127343,1,Syed Shayan Ali Shah,L2,8,standard_converged,0.6,0,0,1,0,0,0,4,7,5,1,0,20.0,1.1889583333333333,12,2,2,6,6,0,18,,,0
90127343,1,Syed Shayan Ali Shah,L2,9,standard_converged,0.6,0,0,1,0,0,0,3,7,5,1,0,25.0,1.12475,12,2,,8,,4,0,1,0,0
90127343,1,Syed Shayan Ali Shah,L2,10,reduced_ne_only,1.0,0,0,1,0,0,0,3,7,5,1,0,29.0,1.1793958333333334,12,2,,10,,0,7,1,0,0
90127343,1,Syed Shayan Ali Shah,L2,11,reduced_ne_only,1.0,0,0,2,1,0,0,4,8,5,1,0,9.0,1.1947291666666666,12,,1,,1,0,0,3,0,0
90127343,1,Syed Shayan Ali Shah,L2,12,reduced_ne_only,1.0,0,0,2,1,0,0,7,8,6,1,0,13.0,1.2120625,12,1,3,1,3,3,8,3,0,0
90127343,1,Syed Shayan Ali Shah,L2,13,reduced_ne_only,1.0,0,0,2,1,0,0,7,8,6,1,0,13.0,1.237625,13,1,3,1,4,3,6,3,0,0
90127343,1,Syed Shayan Ali Shah,L2,14,reduced_ne_only,1.0,0,0,2,1,0,0,7,8,6,1,0,13.0,1.2575416666666666,13,1,3,1,7,3,8,3,0,0
90127343,1,Syed Shayan Ali Shah,L2,15,reduced_ne_only,1.0,0,0,2,1,0,0,7,8,6,1,0,14.0,1.2675833333333333,13,1,2,1,4,6,9,4,0,0
90127343,1,Syed Shayan Ali Shah,L2,16,reduced_ne_only,1.0,0,0,2,1,0,0,8,8,6,1,0,20.0,1.2953333333333334,12,3,1,3,1,0,8,4,0,0
90127343,1,Syed Shayan Ali Shah,L2,17,reduced_ne_only,1.0,0,0,2,1,0,0,8,8,6,1,0,20.0,1.3053541666666666,12,3,1,3,1,0,5,4,0,0
90127343,1,Syed Shayan Ali Shah,L2,18,reduced_ne_only,1.0,0,0,2,1,0,0,9,8,6,1,0,26.0,1.305875,11,3,2,4,4,4,9,4,2,0
90127343,1,Syed Shayan Ali Shah,L2,19,reduced_ne_only,1.0,0,0,2,1,0,0,9,8,6,1,0,24.0,1.3195416666666666,11,3,2,5,6,0,12,4,0,0
90127343,1,Syed Shayan Ali Shah,L2,20,reduced_ne_only,1.0,0,0,2,1,0,0,8,8,6,1,0,34.0,1.3211666666666666,11,3,1,6,3,0,9,4,4,0
90127343,1,Syed Shayan Ali Shah,L2,21,reduced_ne_only,1.0,0,0,2,1,0,0,8,8,6,1,0,28.0,1.3129583333333334,11,3,1,7,4,4,9,4,0,0
90127343,1,Syed Shayan Ali Shah,L2,22,reduced_ne_only,1.0,0,0,2,1,0,0,7,8,6,1,0,44.0,1.3353541666666668,10,3,,10,,0,9,4,5,0
90127343,1,Syed Shayan Ali Shah,L2,23,reduced_ne_only,1.0,0,0,2,1,0,0,6,8,6,1,0,29.0,1.3331666666666666,10,2,,6,,0,9,4,2,0
90127343,1,Syed Shayan Ali Shah,L2,24,reduced_ne_only,1.0,0,0,2,1,0,0,6,8,6,1,0,39.0,1.3572916666666668,10,2,,6,,4,9,4,7,0
90127343,1,Syed Shayan Ali Shah,L2,25,reduced_ne_only,1.0,0,0,2,1,0,0,6,8,6,1,0,29.0,1.349,10,2,,8,,0,9,4,0,0
90127343,1,Syed Shayan Ali Shah,L2,26,reduced_ne_only,1.0,0,0,2,1,0,0,5,8,6,1,0,42.0,1.3629166666666666,10,2,,10,,0,9,3,5,0
90127343,1,Syed Shayan Ali Shah,L2,27,reduced_ne_only,1.0,0,0,2,1,0,0,21,8,6,1,0,36.0,1.3709375,9,2,16,11,16,4,9,3,1,0
90127343,1,Syed Shayan Ali Shah,L2,28,reduced_ne_only,1.0,0,0,2,1,0,0,21,8,6,1,0,15.0,1.3808333333333334,10,,19,,19,0,9,2,3,0
90127343,1,Syed Shayan Ali Shah,L2,29,reduced_ne_only,1.0,0,0,2,1,0,0,17,8,6,0,0,8.0,1.3967083333333334,10,,15,,31,,9,2,0,0
90128745,0,senxichong,L1,0,standard_converged,0.6,0,0,1,0,0,0,0,0,0,0,0,0.0,1.0,0,,,,,,,,,
90128745,0,senxichong,L1,1,standard_converged,0.6,0,0,1,0,0,0,16,4,3,1,0,22.0,1.065,0,6,10,6,10,0,0,,,
90128745,0,senxichong,L1,2,standard_converged,0.6,0,0,1,0,0,0,17,4,3,1,0,22.0,1.0934791666666668,0,6,11,6,11,0,0,,,
90128745,0,senxichong,L1,3,standard_converged,0.6,0,0,1,0,0,0,18,4,3,1,0,25.0,1.1148125000000002,0,7,11,7,18,0,0,,,
90128745,0,senxichong,L1,4,standard_converged,0.6,0,0,1,0,0,0,18,4,3,1,0,25.0,1.1405625,0,7,11,7,29,0,0,,,
90128745,0,senxichong,L1,5,standard_converged,0.6,0,0,1,0,0,0,18,4,3,1,0,33.0,1.1569375000000002,0,9,7,9,9,0,0,2,0,
90128745,0,senxichong,L1,6,standard_converged,0.6,0,0,1,0,0,0,17,6,4,2,0,35.0,1.1705416666666668,0,9,6,9,6,6,0,2,0,
90128745,0,senxichong,L1,7,standard_converged,0.6,0,0,1,0,0,0,17,7,4,2,0,47.0,1.1972291666666666,0,9,6,15,12,0,0,2,0,0
90128745,0,senxichong,L1,8,standard_converged,0.6,0,0,2,1,0,0,26,7,5,2,0,67.0,1.2163541666666666,0,10,10,22,22,0,18,6,0,
90128745,0,senxichong,L1,9,standard_converged,0.6,0,0,2,1,0,0,29,11,5,6,0,91.0,1.1170416666666667,2,10,7,29,7,4,0,12,0,
90128745,0,senxichong,L1,10,standard_converged,0.6,0,0,2,1,0,0,34,12,6,6,0,111.0,1.1646041666666667,0,10,7,36,11,0,9,17,0,
90128745,0,senxichong,L1,11,standard_converged,0.6,0,0,3,1,1,0,33,14,6,6,0,55.0,1.1653541666666667,0,4,8,9,24,6,0,21,0,0
90128745,0,senxichong,L1,12,standard_converged,0.6,0,0,3,1,1,0,39,14,8,6,0,75.0,1.1973958333333332,0,6,6,14,18,4,9,27,0,
90128745,0,senxichong,L1,13,standard_converged,0.6,0,0,3,1,1,0,43,14,8,6,0,77.0,1.1698541666666666,2,6,4,12,6,0,6,33,0,
90128745,0,senxichong,L1,14,standard_converged,0.6,0,0,3,1,1,0,51,14,8,6,0,105.0,1.1656875,1,9,4,18,12,28,9,38,4,
90128745,0,senxichong,L1,15,standard_converged,0.6,0,0,3,1,1,0,52,14,8,6,0,82.0,1.1654375000000001,1,8,4,10,14,4,9,40,0,
90128745,0,senxichong,L1,16,standard_converged,0.6,0,0,3,1,1,0,53,14,8,6,0,98.0,1.1454583333333332,1,10,3,13,6,0,9,40,4,
90128745,0,senxichong,L1,17,standard_converged,0.6,0,0,3,1,1,0,54,14,8,6,0,108.0,1.1449375,0,10,4,14,6,20,12,40,8,
90128745,0,senxichong,L1,18,standard_converged,0.6,0,0,3,1,1,0,54,14,8,6,0,117.0,1.0957916666666665,0,9,5,11,11,4,9,40,16,
90128745,0,senxichong,L1,19,standard_converged,0.6,0,0,3,1,1,0,53,14,8,6,0,127.0,1.0552291666666667,0,9,4,14,12,0,21,40,18,
90128745,0,senxichong,L1,20,standard_converged,0.6,0,0,3,1,1,0,52,14,8,6,0,151.0,0.9823541666666666,1,9,3,20,11,20,9,40,24,
90128745,0,senxichong,L1,21,standard_converged,0.6,0,0,3,1,1,0,50,14,8,6,0,165.0,0.9863541666666668,1,9,1,26,4,4,14,40,25,
90128745,0,senxichong,L1,22,standard_converged,0.6,0,0,3,1,1,0,46,14,8,6,0,196.0,0.9782708333333334,1,8,,29,,0,9,38,39,
90128745,0,senxichong,L1,23,standard_converged,0.6,0,0,3,1,1,0,45,14,8,6,0,209.0,0.9654791666666667,1,7,,28,,20,15,38,47,
90128745,0,senxichong,L1,24,standard_converged,0.6,0,0,3,1,1,0,44,14,8,6,0,186.0,0.9458125,1,6,,26,,4,9,38,38,
90128745,0,senxichong,L1,25,standard_converged,0.6,0,0,3,1,1,0,39,14,8,6,0,173.0,0.8958333333333333,2,5,,24,,0,15,34,36,
90128745,0,senxichong,L1,26,standard_converged,0.6,0,0,3,1,1,0,31,14,8,6,0,127.0,0.764125,3,3,,15,,20,9,28,26,
90128745,0,senxichong,L1,27,standard_converged,0.6,0,0,3,1,1,0,53,14,8,6,0,90.0,0.7402083333333334,5,2,29,11,29,4,15,22,15,
90128745,0,senxichong,L1,28,standard_converged,0.6,0,0,3,1,1,0,45,14,8,6,0,55.0,0.7410625,12,,30,,30,0,9,15,13,
90128745,0,senxichong,L1,29,standard_converged,0.6,0,0,3,1,1,0,35,14,8,5,0,37.0,0.7702708333333332,15,,23,,53,20,15,12,6,0
90128745,1,Mobzya,L1,0,standard_converged,0.6,0,0,1,0,0,0,0,0,0,0,0,0.0,1.0,0,,,,,,,,,
90128745,1,Mobzya,L1,1,standard_converged,0.6,0,0,1,0,0,0,17,4,3,1,0,25.0,1.065,0,7,10,7,10,0,0,,,
90128745,1,Mobzya,L1,2,standard_converged,0.6,0,0,1,0,0,0,18,4,3,1,0,25.0,1.0934791666666668,0,7,11,7,11,0,0,,,
90128745,1,Mobzya,L1,3,standard_converged,0.6,0,0,1,0,0,0,19,4,3,1,0,28.0,1.1148125000000002,0,8,11,8,21,0,0,,,
90128745,1,Mobzya,L1,4,standard_converged,0.6,0,0,1,0,0,0,19,4,3,1,0,28.0,1.1405625,0,8,11,8,32,0,0,,,
90128745,1,Mobzya,L1,5,standard_converged,0.6,0,0,1,0,0,0,18,4,3,1,0,33.0,1.1569375000000002,0,9,7,9,9,0,0,2,0,
90128745,1,Mobzya,L1,6,standard_converged,0.6,0,0,1,0,0,0,18,6,4,2,0,38.0,1.1705416666666668,0,10,6,10,6,6,0,2,0,
90128745,1,Mobzya,L1,7,standard_converged,0.6,0,0,1,0,0,0,18,7,4,2,0,52.0,1.1972291666666666,0,10,6,17,12,0,0,2,0,0
90128745,1,Mobzya,L1,8,standard_converged,0.6,0,0,2,1,0,0,27,7,5,2,0,74.0,1.2163541666666666,0,11,10,25,22,0,18,6,0,
90128745,1,Mobzya,L1,9,standard_converged,0.6,0,0,2,1,0,0,29,11,5,6,0,100.0,1.1170416666666667,1,11,6,33,6,4,0,12,0,
90128745,1,Mobzya,L1,10,standard_converged,0.6,0,0,2,1,0,0,35,12,6,6,0,122.0,1.1646041666666667,0,11,7,41,11,0,9,17,0,
90128745,1,Mobzya,L1,11,standard_converged,0.6,0,0,3,1,1,0,30,14,6,6,0,50.0,1.1653541666666667,1,4,8,8,22,6,0,18,0,0
90128745,1,Mobzya,L1,12,standard_converged,0.6,0,0,3,1,1,0,38,14,8,6,0,73.0,1.1973958333333332,1,6,5,13,15,4,9,27,0,
90128745,1,Mobzya,L1,13,standard_converged,0.6,0,0,3,1,1,0,47,14,8,6,0,87.0,1.1698541666666666,0,10,4,15,6,0,6,33,0,
90128745,1,Mobzya,L1,14,standard_converged,0.6,0,0,3,1,1,0,55,14,8,6,0,115.0,1.1656875,0,13,4,21,10,28,9,38,4,
90128745,1,Mobzya,L1,15,standard_converged,0.6,0,0,3,1,1,0,56,14,8,6,0,94.0,1.1654375000000001,0,12,4,14,11,4,9,40,0,
90128745,1,Mobzya,L1,16,standard_converged,0.6,0,0,3,1,1,0,56,14,8,6,0,107.0,1.1454583333333332,1,13,3,16,6,0,9,40,4,
90128745,1,Mobzya,L1,17,standard_converged,0.6,0,0,3,1,1,0,57,14,8,6,0,117.0,1.1449375,1,13,4,17,6,20,12,40,8,
90128745,1,Mobzya,L1,18,standard_converged,0.6,0,0,3,1,1,0,58,14,8,6,0,129.0,1.0957916666666665,0,13,5,15,11,4,9,40,16,
90128745,1,Mobzya,L1,19,standard_converged,0.6,0,0,3,1,1,0,57,14,8,6,0,147.0,1.0552291666666667,0,13,4,22,10,0,21,40,18,
90128745,1,Mobzya,L1,20,standard_converged,0.6,0,0,3,1,1,0,56,14,8,6,0,167.0,0.9823541666666666,0,13,3,32,9,20,9,40,18,
90128745,1,Mobzya,L1,21,standard_converged,0.6,0,0,3,1,1,0,54,14,8,6,0,207.0,0.9863541666666668,0,13,1,42,4,4,14,40,28,
90128745,1,Mobzya,L1,22,standard_converged,0.6,0,0,3,1,1,0,50,14,8,6,0,208.0,0.9782708333333334,1,12,,47,,0,9,38,25,
90128745,1,Mobzya,L1,23,high_worker_maintenance,0.95,0,0,3,1,1,0,49,14,8,6,0,247.0,0.9654791666666667,1,11,,51,,20,15,38,41,
90128745,1,Mobzya,L1,24,high_worker_maintenance,0.95,0,0,3,1,1,0,48,14,8,6,0,214.0,0.9458125,1,10,,50,,4,9,38,26,
90128745,1,Mobzya,L1,25,high_worker_maintenance,0.95,0,0,3,1,1,0,39,14,8,6,0,169.0,0.8958333333333333,1,5,,23,,0,15,34,35,
90128745,1,Mobzya,L1,26,high_worker_maintenance,0.95,0,0,3,1,1,0,31,14,8,6,0,99.0,0.764125,2,3,,12,,20,9,28,15,
90128745,1,Mobzya,L1,27,high_worker_maintenance,0.95,0,0,3,1,1,0,50,14,8,6,0,94.0,0.7402083333333334,5,2,26,11,26,4,15,22,17,
90128745,1,Mobzya,L1,28,high_worker_maintenance,0.95,0,0,3,1,1,0,47,14,8,6,0,57.0,0.7410625,4,,30,,30,0,9,17,13,
90128745,1,Mobzya,L1,29,high_worker_maintenance,0.95,0,0,3,1,1,0,36,14,8,6,0,35.0,0.7702708333333332,8,,25,,54,20,15,11,5,
90128767,0,sash,L4,0,standard_converged,0.6,0,0,1,0,0,0,0,0,0,0,0,0.0,1.0,0,,,,,,,,,
90128767,0,sash,L4,1,standard_converged,0.6,0,0,1,0,0,0,16,4,3,1,0,22.0,1.065,0,6,10,6,10,0,0,,,
90128767,0,sash,L4,2,standard_converged,0.6,0,0,1,0,0,0,17,4,3,1,0,22.0,1.0934791666666668,0,6,11,6,11,0,0,,,
90128767,0,sash,L4,3,standard_converged,0.6,0,0,1,0,0,0,18,4,3,1,0,25.0,1.1148125000000002,0,7,11,7,18,0,0,,,
90128767,0,sash,L4,4,standard_converged,0.6,0,0,1,0,0,0,18,4,3,1,0,25.0,1.1318124999999999,0,7,11,7,29,0,0,,,
90128767,0,sash,L4,5,standard_converged,0.6,0,0,1,0,0,0,18,4,3,1,0,33.0,1.1456875000000002,0,9,7,9,9,0,0,2,0,
90128767,0,sash,L4,6,standard_converged,0.6,0,0,1,0,0,0,17,6,4,2,0,35.0,1.1567916666666667,0,9,6,9,6,6,0,2,0,
90128767,0,sash,L4,7,standard_converged,0.6,0,0,1,0,0,0,17,7,4,2,0,47.0,1.1753541666666667,0,9,6,15,12,0,0,2,0,0
90128767,0,sash,L4,8,standard_converged,0.6,0,0,2,1,0,0,26,7,5,2,0,67.0,1.2060416666666667,0,10,10,22,22,0,18,6,0,
90128767,0,sash,L4,9,standard_converged,0.6,0,0,2,1,0,0,29,11,5,6,0,91.0,1.1514166666666668,2,10,7,29,7,4,0,12,0,
90128767,0,sash,L4,10,standard_converged,0.6,0,0,2,1,0,0,34,12,6,6,0,111.0,1.2127291666666666,0,10,7,36,11,0,9,17,0,
90128767,0,sash,L4,11,standard_converged,0.6,0,0,3,1,1,0,33,14,6,6,0,55.0,1.2092916666666667,1,4,8,9,24,6,0,21,0,0
90128767,0,sash,L4,12,standard_converged,0.6,0,0,3,1,1,0,38,14,8,6,0,74.0,1.2114583333333333,1,6,6,14,18,4,9,26,0,
90128767,0,sash,L4,13,standard_converged,0.6,0,0,3,1,1,0,42,14,8,6,0,76.0,1.209125,3,6,4,12,6,0,6,32,0,
90128767,0,sash,L4,14,standard_converged,0.6,0,0,3,1,1,0,50,14,8,6,0,104.0,1.2043333333333333,2,9,4,18,12,28,9,37,4,
90128767,0,sash,L4,15,standard_converged,0.6,0,0,3,1,1,0,51,14,8,6,0,81.0,1.2089791666666665,2,8,4,10,14,4,9,39,0,
90128767,0,sash,L4,16,standard_converged,0.6,0,0,3,1,1,0,52,14,8,6,0,97.0,1.18275,2,10,3,13,6,0,9,39,4,
90128767,0,sash,L4,17,standard_converged,0.6,0,0,3,1,1,0,53,14,8,6,0,107.0,1.1816041666666666,1,10,4,14,6,20,12,39,8,
90128767,0,sash,L4,18,standard_converged,0.6,0,0,3,1,1,0,53,14,8,6,0,116.0,1.1522916666666667,1,9,5,11,11,4,9,39,16,
90128767,0,sash,L4,19,standard_converged,0.6,0,0,3,1,1,0,52,14,8,6,0,126.0,1.1452083333333332,1,9,4,14,12,0,21,39,18,
90128767,0,sash,L4,20,standard_converged,0.6,0,0,3,1,1,0,51,14,8,6,0,150.0,1.0638541666666665,1,9,3,20,11,20,9,39,24,
90128767,0,sash,L4,21,standard_converged,0.6,0,0,3,1,1,0,49,14,8,6,0,162.0,1.0691458333333332,1,9,1,26,4,4,14,39,24,
90128767,0,sash,L4,22,standard_converged,0.6,0,0,3,1,1,0,45,14,8,6,0,193.0,1.0530625,1,8,,29,,0,9,37,38,
90128767,0,sash,L4,23,standard_converged,0.6,0,0,3,1,1,0,44,14,8,6,0,204.0,1.0012916666666665,1,7,,28,,20,15,37,45,
90128767,0,sash,L4,24,standard_converged,0.6,0,0,3,1,1,0,43,14,8,6,0,185.0,1.0107083333333333,1,6,,26,,4,9,37,38,
90128767,0,sash,L4,25,standard_converged,0.6,0,0,3,1,1,0,38,14,8,6,0,170.0,0.9341249999999999,1,5,,24,,0,15,33,35,
90128767,0,sash,L4,26,standard_converged,0.6,0,0,3,1,1,0,30,14,8,6,0,124.0,0.9109791666666667,2,3,,15,,20,9,27,25,
90128767,0,sash,L4,27,standard_converged,0.6,0,0,3,1,1,0,54,14,8,6,0,87.0,0.8827291666666667,4,2,31,11,31,4,15,21,14,
90128767,0,sash,L4,28,standard_converged,0.6,0,0,3,1,1,0,47,14,8,6,0,55.0,0.878375,10,,32,,32,0,9,15,13,
90128767,0,sash,L4,29,standard_converged,0.6,0,0,3,1,1,0,36,14,8,5,0,37.0,0.8547916666666667,13,,24,,56,20,15,12,6,0
90128767,1,Kun Zhang,L4,0,standard_converged,0.6,0,0,1,0,0,0,0,0,0,0,0,0.0,1.0,0,,,,,,,,,
90128767,1,Kun Zhang,L4,1,standard_converged,0.6,0,0,1,0,0,0,17,4,3,1,0,25.0,1.065,0,7,10,7,10,0,0,,,
90128767,1,Kun Zhang,L4,2,standard_converged,0.6,0,0,1,0,0,0,18,4,3,1,0,25.0,1.0934791666666668,0,7,11,7,11,0,0,,,
90128767,1,Kun Zhang,L4,3,standard_converged,0.6,0,0,1,0,0,0,19,4,3,1,0,28.0,1.1148125000000002,0,8,11,8,21,0,0,,,
90128767,1,Kun Zhang,L4,4,standard_converged,0.6,0,0,1,0,0,0,19,4,3,1,0,28.0,1.1318124999999999,0,8,11,8,32,0,0,,,
90128767,1,Kun Zhang,L4,5,standard_converged,0.6,0,0,1,0,0,0,18,4,3,1,0,33.0,1.1456875000000002,0,9,7,9,9,0,0,2,0,
90128767,1,Kun Zhang,L4,6,standard_converged,0.6,0,0,1,0,0,0,18,6,4,2,0,38.0,1.1567916666666667,0,10,6,10,6,6,0,2,0,
90128767,1,Kun Zhang,L4,7,standard_converged,0.6,0,0,1,0,0,0,18,7,4,2,0,52.0,1.1753541666666667,0,10,6,17,12,0,0,2,0,0
90128767,1,Kun Zhang,L4,8,standard_converged,0.6,0,0,2,1,0,0,27,7,5,2,0,74.0,1.2060416666666667,0,11,10,25,22,0,18,6,0,
90128767,1,Kun Zhang,L4,9,standard_converged,0.6,0,0,2,1,0,0,30,11,5,6,0,100.0,1.1514166666666668,0,11,7,33,7,4,0,12,0,
90128767,1,Kun Zhang,L4,10,standard_converged,0.6,0,0,2,1,0,0,35,12,6,6,0,122.0,1.2127291666666666,0,11,7,41,11,0,9,17,0,
90128767,1,Kun Zhang,L4,11,standard_converged,0.6,0,0,3,1,1,0,32,14,6,6,0,52.0,1.2092916666666667,0,4,8,8,24,6,0,20,0,0
90128767,1,Kun Zhang,L4,12,standard_converged,0.6,0,0,3,1,1,0,37,14,8,6,0,73.0,1.2114583333333333,1,6,4,13,16,4,9,27,0,
90128767,1,Kun Zhang,L4,13,standard_converged,0.6,0,0,3,1,1,0,45,14,8,6,0,86.0,1.209125,1,10,3,15,5,0,6,32,0,
90128767,1,Kun Zhang,L4,14,standard_converged,0.6,0,0,3,1,1,0,55,14,8,6,0,115.0,1.2043333333333333,0,13,4,21,8,28,9,38,4,
90128767,1,Kun Zhang,L4,15,standard_converged,0.6,0,0,3,1,1,0,56,14,8,6,0,94.0,1.2089791666666665,0,12,4,14,8,4,9,40,0,
90128767,1,Kun Zhang,L4,16,standard_converged,0.6,0,0,3,1,1,0,56,14,8,6,0,107.0,1.18275,0,13,3,16,6,0,9,40,4,
90128767,1,Kun Zhang,L4,17,standard_converged,0.6,0,0,3,1,1,0,58,14,8,6,0,120.0,1.1816041666666666,0,14,4,18,6,20,12,40,8,
90128767,1,Kun Zhang,L4,18,standard_converged,0.6,0,0,3,1,1,0,58,14,8,6,0,129.0,1.1522916666666667,0,13,5,15,11,4,9,40,16,
90128767,1,Kun Zhang,L4,19,standard_converged,0.6,0,0,3,1,1,0,57,14,8,6,0,147.0,1.1452083333333332,0,13,4,22,11,0,21,40,18,
90128767,1,Kun Zhang,L4,20,standard_converged,0.6,0,0,3,1,1,0,56,14,8,6,0,173.0,1.0638541666666665,0,13,3,31,10,20,9,40,22,
90128767,1,Kun Zhang,L4,21,standard_converged,0.6,0,0,3,1,1,0,54,14,8,6,0,203.0,1.0691458333333332,0,13,1,42,4,4,14,40,26,
90128767,1,Kun Zhang,L4,22,high_worker_maintenance,0.95,0,0,3,1,1,0,50,14,8,6,0,208.0,1.0530625,0,12,,47,,0,9,38,25,
90128767,1,Kun Zhang,L4,23,high_worker_maintenance,0.95,0,0,3,1,1,0,49,14,8,6,0,241.0,1.0012916666666665,0,11,,51,,20,13,38,38,
90128767,1,Kun Zhang,L4,24,high_worker_maintenance,0.95,0,0,3,1,1,0,48,14,8,6,0,222.0,1.0107083333333333,1,10,,52,,4,9,38,28,
90128767,1,Kun Zhang,L4,25,high_worker_maintenance,0.95,0,0,3,1,1,0,39,14,8,6,0,169.0,0.9341249999999999,0,5,,26,,0,14,34,32,
90128767,1,Kun Zhang,L4,26,high_worker_maintenance,0.95,0,0,3,1,1,0,31,14,8,6,0,117.0,0.9109791666666667,0,3,,17,,20,9,28,19,
90128767,1,Kun Zhang,L4,27,high_worker_maintenance,0.95,0,0,3,1,1,0,53,14,8,6,0,92.0,0.8827291666666667,0,2,29,12,29,4,15,22,15,
90128767,1,Kun Zhang,L4,28,high_worker_maintenance,0.95,0,0,3,1,1,0,47,14,8,6,0,51.0,0.878375,0,,32,,32,0,9,15,11,
90128767,1,Kun Zhang,L4,29,high_worker_maintenance,0.95,0,0,3,1,1,0,37,14,8,6,0,35.0,0.8547916666666667,3,,26,,58,20,15,11,5,
90128775,0,Rudolf HOUNLETE,L3,0,standard_converged,0.6,0,0,1,0,0,0,0,0,0,0,0,0.0,1.0,0,,,,,,,,,
90128775,0,Rudolf HOUNLETE,L3,1,standard_converged,0.6,0,0,1,0,0,0,17,4,3,1,0,25.0,1.065,0,7,10,7,10,0,0,,,
90128775,0,Rudolf HOUNLETE,L3,2,standard_converged,0.6,0,0,1,0,0,0,18,4,3,1,0,25.0,1.0934791666666668,0,7,11,7,11,0,0,,,
90128775,0,Rudolf HOUNLETE,L3,3,standard_converged,0.6,0,0,1,0,0,0,19,4,3,1,0,28.0,1.1148125000000002,0,8,11,8,21,0,0,,,
90128775,0,Rudolf HOUNLETE,L3,4,standard_converged,0.6,0,0,1,0,0,0,19,4,3,1,0,28.0,1.1588958333333332,0,8,11,8,32,0,0,,,
90128775,0,Rudolf HOUNLETE,L3,5,standard_converged,0.6,0,0,1,0,0,0,19,4,3,1,0,36.0,1.1925625,0,10,7,10,9,0,0,2,0,
90128775,0,Rudolf HOUNLETE,L3,6,standard_converged,0.6,0,0,1,0,0,0,18,6,4,2,0,38.0,1.2203333333333335,0,10,6,10,6,6,0,2,0,
90128775,0,Rudolf HOUNLETE,L3,7,standard_converged,0.6,0,0,1,0,0,0,18,7,4,2,0,52.0,1.2425416666666667,0,10,6,17,12,0,0,2,0,0
90128775,0,Rudolf HOUNLETE,L3,8,standard_converged,0.6,0,0,2,1,0,0,27,7,5,2,0,74.0,1.2789583333333336,1,11,10,25,22,0,18,6,0,
90128775,0,Rudolf HOUNLETE,L3,9,standard_converged,0.6,0,0,2,1,0,0,29,11,5,6,0,99.0,1.2764166666666668,3,11,7,33,7,4,0,11,0,
90128775,0,Rudolf HOUNLETE,L3,10,standard_converged,0.6,0,0,2,1,0,0,34,12,6,6,0,121.0,1.2848125000000001,1,11,7,41,11,0,9,16,0,
90128775,0,Rudolf HOUNLETE,L3,11,standard_converged,0.6,0,0,3,1,1,0,32,14,6,6,0,54.0,1.2995208333333332,1,4,8,9,24,6,0,20,0,0
90128775,0,Rudolf HOUNLETE,L3,12,standard_converged,0.6,0,0,3,1,1,0,38,14,8,6,0,74.0,1.2807708333333332,1,6,6,14,18,4,9,26,0,
90128775,0,Rudolf HOUNLETE,L3,13,standard_converged,0.6,0,0,3,1,1,0,42,14,8,6,0,76.0,1.2926458333333335,3,6,4,12,6,0,6,32,0,
90128775,0,Rudolf HOUNLETE,L3,14,standard_converged,0.6,0,0,3,1,1,0,50,14,8,6,0,104.0,1.3251458333333332,2,9,4,18,12,28,9,37,4,
90128775,0,Rudolf HOUNLETE,L3,15,standard_converged,0.6,0,0,3,1,1,0,51,14,8,6,0,81.0,1.2924375,2,8,4,10,14,4,9,39,0,
90128775,0,Rudolf HOUNLETE,L3,16,standard_converged,0.6,0,0,3,1,1,0,52,14,8,6,0,97.0,1.3027291666666667,2,10,3,13,6,0,9,39,4,
90128775,0,Rudolf HOUNLETE,L3,17,standard_converged,0.6,0,0,3,1,1,0,53,14,8,6,0,107.0,1.3394583333333334,1,10,4,14,6,20,12,39,8,
90128775,0,Rudolf HOUNLETE,L3,18,standard_converged,0.6,0,0,3,1,1,0,53,14,8,6,0,112.0,1.3393333333333335,1,9,5,11,11,4,9,39,14,
90128775,0,Rudolf HOUNLETE,L3,19,standard_converged,0.6,0,0,3,1,1,0,52,14,8,6,0,126.0,1.3158541666666665,1,9,4,14,12,0,21,39,18,
90128775,0,Rudolf HOUNLETE,L3,20,standard_converged,0.6,0,0,3,1,1,0,51,14,8,6,0,146.0,1.3340833333333335,1,9,3,20,11,20,9,39,22,
90128775,0,Rudolf HOUNLETE,L3,21,standard_converged,0.6,0,0,3,1,1,0,49,14,8,6,0,164.0,1.3450416666666667,1,9,1,26,4,4,14,39,25,
90128775,0,Rudolf HOUNLETE,L3,22,standard_converged,0.6,0,0,3,1,1,0,45,14,8,6,0,193.0,1.3011875,1,8,,29,,0,9,37,38,
90128775,0,Rudolf HOUNLETE,L3,23,standard_converged,0.6,0,0,3,1,1,0,44,14,8,6,0,210.0,1.3040416666666668,1,7,,28,,20,15,37,48,
90128775,0,Rudolf HOUNLETE,L3,24,standard_converged,0.6,0,0,3,1,1,0,43,14,8,6,0,185.0,1.3150416666666667,1,6,,26,,4,9,37,38,
90128775,0,Rudolf HOUNLETE,L3,25,standard_converged,0.6,0,0,3,1,1,0,38,14,8,6,0,174.0,1.2463125000000002,1,5,,24,,0,15,33,37,
90128775,0,Rudolf HOUNLETE,L3,26,standard_converged,0.6,0,0,3,1,1,0,31,14,8,6,0,131.0,1.212125,1,3,,15,,20,9,28,28,
90128775,0,Rudolf HOUNLETE,L3,27,standard_converged,0.6,0,0,3,1,1,0,55,14,8,6,0,90.0,1.1975833333333332,3,2,31,11,31,4,15,22,15,
90128775,0,Rudolf HOUNLETE,L3,28,standard_converged,0.6,0,0,3,1,1,0,47,14,8,6,0,55.0,1.1654166666666668,10,,32,,32,0,9,15,13,
90128775,0,Rudolf HOUNLETE,L3,29,standard_converged,0.6,0,0,3,1,1,0,36,14,8,5,0,37.0,1.1365416666666668,13,,24,,56,20,15,12,6,0
90128775,1,thwaitsusa2,L3,0,standard_converged,0.6,0,0,1,0,0,0,0,0,0,0,0,0.0,1.0,0,,,,,,,,,
90128775,1,thwaitsusa2,L3,1,standard_converged,0.6,0,0,1,0,0,0,17,4,3,1,0,25.0,1.065,0,7,10,7,10,0,0,,,
90128775,1,thwaitsusa2,L3,2,standard_converged,0.6,0,0,1,0,0,0,18,4,3,1,0,25.0,1.0934791666666668,0,7,11,7,11,0,0,,,
90128775,1,thwaitsusa2,L3,3,standard_converged,0.6,0,0,1,0,0,0,19,4,3,1,0,28.0,1.1148125000000002,0,8,11,8,21,0,0,,,
90128775,1,thwaitsusa2,L3,4,standard_converged,0.6,0,0,1,0,0,0,19,4,3,1,0,28.0,1.1588958333333332,0,8,11,8,32,0,0,,,
90128775,1,thwaitsusa2,L3,5,standard_converged,0.6,0,0,1,0,0,0,19,4,3,1,0,36.0,1.1925625,0,10,7,10,9,0,0,2,0,
90128775,1,thwaitsusa2,L3,6,standard_converged,0.6,0,0,1,0,0,0,18,6,4,2,0,38.0,1.2203333333333335,0,10,6,10,6,6,0,2,0,
90128775,1,thwaitsusa2,L3,7,standard_converged,0.6,0,0,1,0,0,0,18,7,4,2,0,52.0,1.2425416666666667,0,10,6,17,12,0,0,2,0,0
90128775,1,thwaitsusa2,L3,8,standard_converged,0.6,0,0,2,1,0,0,27,7,5,2,0,74.0,1.2789583333333336,1,11,10,25,22,0,18,6,0,
90128775,1,thwaitsusa2,L3,9,standard_converged,0.6,0,0,2,1,0,0,29,11,5,6,0,99.0,1.2764166666666668,3,11,7,33,7,4,0,11,0,
90128775,1,thwaitsusa2,L3,10,standard_converged,0.6,0,0,2,1,0,0,34,12,6,6,0,121.0,1.2848125000000001,1,11,7,41,11,0,9,16,0,
90128775,1,thwaitsusa2,L3,11,standard_converged,0.6,0,0,3,1,1,0,32,14,6,6,0,54.0,1.2995208333333332,1,4,8,9,24,6,0,20,0,0
90128775,1,thwaitsusa2,L3,12,standard_converged,0.6,0,0,3,1,1,0,38,14,8,6,0,74.0,1.2807708333333332,2,6,6,14,18,4,9,26,0,
90128775,1,thwaitsusa2,L3,13,standard_converged,0.6,0,0,3,1,1,0,42,14,8,6,0,76.0,1.2926458333333335,3,6,4,12,6,0,6,32,0,
90128775,1,thwaitsusa2,L3,14,standard_converged,0.6,0,0,3,1,1,0,50,14,8,6,0,104.0,1.3251458333333332,2,9,4,18,12,28,9,37,4,
90128775,1,thwaitsusa2,L3,15,standard_converged,0.6,0,0,3,1,1,0,51,14,8,6,0,81.0,1.2924375,2,8,4,10,14,4,9,39,0,
90128775,1,thwaitsusa2,L3,16,standard_converged,0.6,0,0,3,1,1,0,52,14,8,6,0,97.0,1.3027291666666667,2,10,3,13,6,0,9,39,4,
90128775,1,thwaitsusa2,L3,17,standard_converged,0.6,0,0,3,1,1,0,53,14,8,6,0,107.0,1.3394583333333334,1,10,4,14,6,20,12,39,8,
90128775,1,thwaitsusa2,L3,18,standard_converged,0.6,0,0,3,1,1,0,53,14,8,6,0,112.0,1.3393333333333335,1,9,5,11,11,4,9,39,14,
90128775,1,thwaitsusa2,L3,19,standard_converged,0.6,0,0,3,1,1,0,52,14,8,6,0,126.0,1.3158541666666665,1,9,4,14,12,0,21,39,18,
90128775,1,thwaitsusa2,L3,20,standard_converged,0.6,0,0,3,1,1,0,51,14,8,6,0,146.0,1.3340833333333335,1,9,3,20,11,20,9,39,22,
90128775,1,thwaitsusa2,L3,21,standard_converged,0.6,0,0,3,1,1,0,49,14,8,6,0,164.0,1.3450416666666667,1,9,1,26,4,4,14,39,25,
90128775,1,thwaitsusa2,L3,22,standard_converged,0.6,0,0,3,1,1,0,45,14,8,6,0,191.0,1.3011875,2,8,,29,,0,9,37,37,
90128775,1,thwaitsusa2,L3,23,standard_converged,0.6,0,0,3,1,1,0,44,14,8,6,0,210.0,1.3040416666666668,2,7,,28,,20,15,37,48,
90128775,1,thwaitsusa2,L3,24,standard_converged,0.6,0,0,3,1,1,0,43,14,8,6,0,183.0,1.3150416666666667,2,6,,26,,4,9,37,37,
90128775,1,thwaitsusa2,L3,25,standard_converged,0.6,0,0,3,1,1,0,38,14,8,6,0,174.0,1.2463125000000002,2,5,,24,,0,15,33,37,
90128775,1,thwaitsusa2,L3,26,standard_converged,0.6,0,0,3,1,1,0,31,14,8,6,0,129.0,1.212125,2,3,,15,,20,9,28,27,
90128775,1,thwaitsusa2,L3,27,standard_converged,0.6,0,0,3,1,1,0,55,14,8,6,0,86.0,1.1975833333333332,3,2,31,11,31,4,15,22,13,
90128775,1,thwaitsusa2,L3,28,standard_converged,0.6,0,0,3,1,1,0,47,14,8,6,0,55.0,1.1654166666666668,10,,32,,32,0,9,15,13,
90128775,1,thwaitsusa2,L3,29,standard_converged,0.6,0,0,3,1,1,0,36,14,8,5,0,33.0,1.1365416666666668,13,,24,,58,20,15,12,4,0
90128778,0,Aastik Rajan15,L1,0,standard_converged,0.6,0,0,1,0,0,0,0,0,0,0,0,0.0,1.0,0,,,,,,,,,
90128778,0,Aastik Rajan15,L1,1,standard_converged,0.6,0,0,1,0,0,0,17,4,3,1,0,25.0,1.065,0,7,10,7,10,0,0,,,
90128778,0,Aastik Rajan15,L1,2,standard_converged,0.6,0,0,1,0,0,0,18,4,3,1,0,25.0,1.0934791666666668,0,7,11,7,11,0,0,,,
90128778,0,Aastik Rajan15,L1,3,standard_converged,0.6,0,0,1,0,0,0,19,4,3,1,0,28.0,1.1148125000000002,0,8,11,8,21,0,0,,,
90128778,0,Aastik Rajan15,L1,4,standard_converged,0.6,0,0,1,0,0,0,19,4,3,1,0,28.0,1.1463958333333333,0,8,11,8,32,0,0,,,
90128778,0,Aastik Rajan15,L1,5,standard_converged,0.6,0,0,1,0,0,0,19,4,3,1,0,36.0,1.1706875,0,10,7,10,9,0,0,2,0,
90128778,0,Aastik Rajan15,L1,6,standard_converged,0.6,0,0,1,0,0,0,18,6,4,2,0,38.0,1.1922083333333333,0,10,6,10,6,6,0,2,0,
90128778,0,Aastik Rajan15,L1,7,standard_converged,0.6,0,0,1,0,0,0,18,7,4,2,0,52.0,1.2045208333333335,0,10,6,17,12,0,0,2,0,0
90128778,0,Aastik Rajan15,L1,8,standard_converged,0.6,0,0,2,1,0,0,27,7,5,2,0,74.0,1.233125,0,11,10,25,22,0,18,6,0,
90128778,0,Aastik Rajan15,L1,9,standard_converged,0.6,0,0,2,1,0,0,30,11,5,6,0,100.0,1.1764166666666667,2,11,7,33,7,4,0,12,0,
90128778,0,Aastik Rajan15,L1,10,standard_converged,0.6,0,0,2,1,0,0,35,12,6,6,0,122.0,1.2310625000000002,0,11,7,41,11,0,9,17,0,
90128778,0,Aastik Rajan15,L1,11,standard_converged,0.6,0,0,3,1,1,0,33,14,6,6,0,55.0,1.2359791666666666,0,4,8,9,24,6,0,21,0,0
90128778,0,Aastik Rajan15,L1,12,standard_converged,0.6,0,0,3,1,1,0,39,14,8,6,0,75.0,1.2242083333333333,0,6,6,14,18,4,9,27,0,
90128778,0,Aastik Rajan15,L1,13,standard_converged,0.6,0,0,3,1,1,0,43,14,8,6,0,77.0,1.2266041666666667,2,6,4,12,6,0,6,33,0,
90128778,0,Aastik Rajan15,L1,14,standard_converged,0.6,0,0,3,1,1,0,51,14,8,6,0,105.0,1.2546249999999999,1,9,4,18,12,28,9,38,4,
90128778,0,Aastik Rajan15,L1,15,standard_converged,0.6,0,0,3,1,1,0,52,14,8,6,0,82.0,1.261875,1,8,4,10,14,4,9,40,0,
90128778,0,Aastik Rajan15,L1,16,standard_converged,0.6,0,0,3,1,1,0,53,14,8,6,0,98.0,1.2727291666666667,1,10,3,13,6,0,9,40,4,
90128778,0,Aastik Rajan15,L1,17,standard_converged,0.6,0,0,3,1,1,0,54,14,8,6,0,108.0,1.3005,0,10,4,14,6,20,12,40,8,
90128778,0,Aastik Rajan15,L1,18,standard_converged,0.6,0,0,3,1,1,0,54,14,8,6,0,117.0,1.3024375,0,9,5,11,11,4,9,40,16,
90128778,0,Aastik Rajan15,L1,19,standard_converged,0.6,0,0,3,1,1,0,53,14,8,6,0,127.0,1.3110416666666667,0,9,4,14,12,0,21,40,18,
90128778,0,Aastik Rajan15,L1,20,standard_converged,0.6,0,0,3,1,1,0,52,14,8,6,0,151.0,1.2985,0,9,3,20,11,20,9,40,24,
90128778,0,Aastik Rajan15,L1,21,standard_converged,0.6,0,0,3,1,1,0,50,14,8,6,0,165.0,1.3007499999999999,0,9,1,26,4,4,14,40,25,
90128778,0,Aastik Rajan15,L1,22,standard_converged,0.6,0,0,3,1,1,0,46,14,8,6,0,198.0,1.3108749999999998,1,8,,29,,0,9,38,40,
90128778,0,Aastik Rajan15,L1,23,standard_converged,0.6,0,0,3,1,1,0,45,14,8,6,0,211.0,1.2893124999999999,2,7,,28,,20,15,38,48,
90128778,0,Aastik Rajan15,L1,24,standard_converged,0.6,0,0,3,1,1,0,44,14,8,6,0,190.0,1.2795208333333334,3,6,,26,,4,9,38,40,
90128778,0,Aastik Rajan15,L1,25,standard_converged,0.6,0,0,3,1,1,0,39,14,8,6,0,175.0,1.2402708333333332,3,5,,24,,0,15,34,37,
90128778,0,Aastik Rajan15,L1,26,standard_converged,0.6,0,0,3,1,1,0,31,14,8,6,0,131.0,1.178375,4,3,,15,,20,9,28,28,
90128778,0,Aastik Rajan15,L1,27,standard_converged,0.6,0,0,3,1,1,0,53,14,8,6,0,90.0,1.1585208333333332,5,2,29,11,29,4,15,22,15,
90128778,0,Aastik Rajan15,L1,28,standard_converged,0.6,0,0,3,1,1,0,45,14,8,6,0,55.0,1.1491666666666667,12,,30,,30,0,5,15,13,
90128778,0,Aastik Rajan15,L1,29,standard_converged,0.6,0,0,3,1,1,0,34,14,4,5,0,33.0,1.145875,15,,22,,52,16,7,12,6,0
90128778,1,Will Rice,L1,0,standard_converged,0.6,0,0,1,0,0,0,0,0,0,0,0,0.0,1.0,0,,,,,,,,,
90128778,1,Will Rice,L1,1,standard_converged,0.6,0,0,1,0,0,0,17,4,3,1,0,25.0,1.065,0,7,10,7,10,0,0,,,
90128778,1,Will Rice,L1,2,standard_converged,0.6,0,0,1,0,0,0,18,4,3,1,0,25.0,1.0934791666666668,0,7,11,7,11,0,0,,,
90128778,1,Will Rice,L1,3,standard_converged,0.6,0,0,1,0,0,0,19,4,3,1,0,28.0,1.1148125000000002,0,8,11,8,21,0,0,,,
90128778,1,Will Rice,L1,4,standard_converged,0.6,0,0,1,0,0,0,19,4,3,1,0,28.0,1.1463958333333333,0,8,11,8,32,0,0,,,
90128778,1,Will Rice,L1,5,standard_converged,0.6,0,0,1,0,0,0,19,4,3,1,0,36.0,1.1706875,0,10,7,10,9,0,0,2,0,
90128778,1,Will Rice,L1,6,standard_converged,0.6,0,0,1,0,0,0,18,6,4,2,0,38.0,1.1922083333333333,0,10,6,10,6,6,0,2,0,
90128778,1,Will Rice,L1,7,standard_converged,0.6,0,0,1,0,0,0,18,7,4,2,0,52.0,1.2045208333333335,0,10,6,17,12,0,0,2,0,0
90128778,1,Will Rice,L1,8,standard_converged,0.6,0,0,2,1,0,0,27,7,5,2,0,74.0,1.233125,0,11,10,25,22,0,18,6,0,
90128778,1,Will Rice,L1,9,standard_converged,0.6,0,0,2,1,0,0,30,11,5,6,0,100.0,1.1764166666666667,2,11,7,33,7,4,0,12,0,
90128778,1,Will Rice,L1,10,standard_converged,0.6,0,0,2,1,0,0,35,12,6,6,0,122.0,1.2310625000000002,0,11,7,41,11,0,9,17,0,
90128778,1,Will Rice,L1,11,standard_converged,0.6,0,0,3,1,1,0,33,14,6,6,0,55.0,1.2359791666666666,0,4,8,9,24,6,0,21,0,0
90128778,1,Will Rice,L1,12,standard_converged,0.6,0,0,3,1,1,0,39,14,8,6,0,75.0,1.2242083333333333,0,6,6,14,18,4,9,27,0,
90128778,1,Will Rice,L1,13,standard_converged,0.6,0,0,3,1,1,0,43,14,8,6,0,77.0,1.2266041666666667,2,6,4,12,6,0,6,33,0,
90128778,1,Will Rice,L1,14,standard_converged,0.6,0,0,3,1,1,0,51,14,8,6,0,105.0,1.2546249999999999,1,9,4,18,12,28,9,38,4,
90128778,1,Will Rice,L1,15,standard_converged,0.6,0,0,3,1,1,0,52,14,8,6,0,82.0,1.261875,1,8,4,10,14,4,9,40,0,
90128778,1,Will Rice,L1,16,standard_converged,0.6,0,0,3,1,1,0,53,14,8,6,0,98.0,1.2727291666666667,1,10,3,13,6,0,9,40,4,
90128778,1,Will Rice,L1,17,standard_converged,0.6,0,0,3,1,1,0,54,14,8,6,0,108.0,1.3005,0,10,4,14,6,20,12,40,8,
90128778,1,Will Rice,L1,18,standard_converged,0.6,0,0,3,1,1,0,54,14,8,6,0,117.0,1.3024375,0,9,5,11,11,4,9,40,16,
90128778,1,Will Rice,L1,19,standard_converged,0.6,0,0,3,1,1,0,53,14,8,6,0,127.0,1.3110416666666667,0,9,4,14,12,0,21,40,18,
90128778,1,Will Rice,L1,20,standard_converged,0.6,0,0,3,1,1,0,52,14,8,6,0,151.0,1.2985,0,9,3,20,11,20,9,40,24,
90128778,1,Will Rice,L1,21,standard_converged,0.6,0,0,3,1,1,0,50,14,8,6,0,165.0,1.3007499999999999,0,9,1,26,4,4,14,40,25,
90128778,1,Will Rice,L1,22,standard_converged,0.6,0,0,3,1,1,0,46,14,8,6,0,198.0,1.3108749999999998,0,8,,29,,0,9,38,40,
90128778,1,Will Rice,L1,23,standard_converged,0.6,0,0,3,1,1,0,45,14,8,6,0,211.0,1.2893124999999999,0,7,,28,,20,15,38,48,
90128778,1,Will Rice,L1,24,standard_converged,0.6,0,0,3,1,1,0,44,14,8,6,0,190.0,1.2795208333333334,0,6,,26,,4,9,38,40,
90128778,1,Will Rice,L1,25,standard_converged,0.6,0,0,3,1,1,0,39,14,8,6,0,175.0,1.2402708333333332,0,5,,24,,0,15,34,37,
90128778,1,Will Rice,L1,26,standard_converged,0.6,0,0,3,1,1,0,31,14,8,6,0,131.0,1.178375,2,3,,15,,20,9,28,28,
90128778,1,Will Rice,L1,27,standard_converged,0.6,0,0,3,1,1,0,54,14,8,6,0,90.0,1.1585208333333332,4,2,30,11,30,4,15,22,15,
90128778,1,Will Rice,L1,28,standard_converged,0.6,0,0,3,1,1,0,46,14,8,6,0,55.0,1.1491666666666667,11,,31,,31,0,9,15,13,
90128778,1,Will Rice,L1,29,standard_converged,0.6,0,0,3,1,1,0,35,14,7,5,0,36.0,1.145875,14,,23,,54,20,12,12,6,0
90129386,0,Bharath Varma,L1,0,standard_converged,0.6,0,0,1,0,0,0,0,0,0,0,0,0.0,1.0,0,,,,,,,,,
90129386,0,Bharath Varma,L1,1,standard_converged,0.6,0,0,1,0,0,0,17,4,3,1,0,25.0,1.065,0,7,10,7,10,0,0,,,
90129386,0,Bharath Varma,L1,2,standard_converged,0.6,0,0,1,0,0,0,18,4,3,1,0,25.0,1.0934791666666668,0,7,11,7,11,0,0,,,
90129386,0,Bharath Varma,L1,3,standard_converged,0.6,0,0,1,0,0,0,19,4,3,1,0,28.0,1.1148125000000002,0,8,11,8,21,0,0,,,
90129386,0,Bharath Varma,L1,4,standard_converged,0.6,0,0,1,0,0,0,19,4,3,1,0,28.0,1.1318124999999999,0,8,11,8,32,0,0,,,
90129386,0,Bharath Varma,L1,5,standard_converged,0.6,0,0,1,0,0,0,19,4,3,1,0,36.0,1.1456875000000002,0,10,7,10,9,0,0,2,0,
90129386,0,Bharath Varma,L1,6,standard_converged,0.6,0,0,1,0,0,0,18,6,4,2,0,38.0,1.1567916666666667,0,10,6,10,6,6,0,2,0,
90129386,0,Bharath Varma,L1,7,standard_converged,0.6,0,0,1,0,0,0,18,7,4,2,0,52.0,1.1659791666666666,0,10,6,17,12,0,0,2,0,0
90129386,0,Bharath Varma,L1,8,standard_converged,0.6,0,0,2,1,0,0,27,7,5,2,0,74.0,1.1888541666666668,0,11,10,25,22,0,18,6,0,
90129386,0,Bharath Varma,L1,9,standard_converged,0.6,0,0,2,1,0,0,30,11,5,6,0,100.0,1.0920416666666668,2,11,7,33,7,4,0,12,0,
90129386,0,Bharath Varma,L1,10,standard_converged,0.6,0,0,2,1,0,0,35,12,6,6,0,122.0,1.1171041666666666,0,11,7,41,11,0,9,17,0,
90129386,0,Bharath Varma,L1,11,standard_converged,0.6,0,0,3,1,1,0,33,14,6,6,0,55.0,1.1531666666666667,0,4,8,9,20,6,0,21,0,0
90129386,0,Bharath Varma,L1,12,standard_converged,0.6,0,0,3,1,1,0,39,14,8,6,0,75.0,1.1682708333333334,0,6,6,14,18,4,9,27,0,
90129386,0,Bharath Varma,L1,13,standard_converged,0.6,0,0,3,1,1,0,43,14,8,6,0,77.0,1.1269166666666668,3,6,4,12,6,0,6,33,0,
90129386,0,Bharath Varma,L1,14,standard_converged,0.6,0,0,3,1,1,0,50,14,8,6,0,104.0,1.1820208333333333,3,9,4,18,12,27,9,37,4,
90129386,0,Bharath Varma,L1,15,standard_converged,0.6,0,0,3,1,1,0,51,14,8,6,0,81.0,1.0674375,3,8,4,10,14,4,9,39,0,
90129386,0,Bharath Varma,L1,16,standard_converged,0.6,0,0,3,1,1,0,52,14,8,6,0,97.0,1.0435625000000002,2,10,3,13,6,0,9,39,4,
90129386,0,Bharath Varma,L1,17,standard_converged,0.6,0,0,3,1,1,0,53,14,8,6,0,107.0,1.039875,2,10,4,14,6,20,12,39,8,
90129386,0,Bharath Varma,L1,18,standard_converged,0.6,0,0,3,1,1,0,53,14,8,6,0,116.0,0.9979375,2,9,5,11,11,4,9,39,16,
90129386,0,Bharath Varma,L1,19,standard_converged,0.6,0,0,3,1,1,0,52,14,8,6,0,126.0,1.0008124999999999,2,9,4,14,12,0,21,39,18,
90129386,0,Bharath Varma,L1,20,standard_converged,0.6,0,0,3,1,1,0,51,14,8,6,0,150.0,1.0299375,2,9,3,20,11,20,9,39,24,
90129386,0,Bharath Varma,L1,21,standard_converged,0.6,0,0,3,1,1,0,49,14,8,6,0,164.0,1.1152291666666667,2,9,1,26,4,4,14,39,25,
90129386,0,Bharath Varma,L1,22,standard_converged,0.6,0,0,3,1,1,0,45,14,8,6,0,195.0,1.1778541666666666,2,8,,29,,0,9,37,39,
90129386,0,Bharath Varma,L1,23,standard_converged,0.6,0,0,3,1,1,0,44,14,8,6,0,206.0,1.0960833333333335,2,7,,28,,20,15,37,46,
90129386,0,Bharath Varma,L1,24,standard_converged,0.6,0,0,3,1,1,0,43,14,8,6,0,185.0,1.1452499999999999,2,6,,26,,4,9,37,38,
90129386,0,Bharath Varma,L1,25,standard_converged,0.6,0,0,3,1,1,0,38,14,8,6,0,170.0,1.1948541666666666,2,5,,24,,0,15,33,35,
90129386,0,Bharath Varma,L1,26,standard_converged,0.6,0,0,3,1,1,0,30,14,8,6,0,124.0,1.1022291666666666,3,3,,15,,20,9,27,25,
90129386,0,Bharath Varma,L1,27,standard_converged,0.6,0,0,3,1,1,0,53,14,8,6,0,85.0,1.1243541666666668,5,2,30,11,30,4,15,21,13,
90129386,0,Bharath Varma,L1,28,standard_converged,0.6,0,0,3,1,1,0,45,14,8,6,0,54.0,1.1319791666666665,12,,31,,31,0,9,14,13,
90129386,0,Bharath Varma,L1,29,standard_converged,0.6,0,0,3,1,1,0,34,14,8,5,0,32.0,1.1075833333333334,15,,23,,54,20,15,11,4,0
90129386,1,Spandan Mhapsekar,L1,0,standard_converged,0.6,0,0,1,0,0,0,0,0,0,0,0,0.0,1.0,0,,,,,,,,,
90129386,1,Spandan Mhapsekar,L1,1,standard_converged,0.6,0,0,1,0,0,0,17,4,3,1,0,25.0,1.065,0,7,10,7,10,0,0,,,
90129386,1,Spandan Mhapsekar,L1,2,standard_converged,0.6,0,0,1,0,0,0,18,4,3,1,0,25.0,1.0934791666666668,0,7,11,7,11,0,0,,,
90129386,1,Spandan Mhapsekar,L1,3,standard_converged,0.6,0,0,1,0,0,0,19,4,3,1,0,28.0,1.1148125000000002,0,8,11,8,21,0,0,,,
90129386,1,Spandan Mhapsekar,L1,4,standard_converged,0.6,0,0,1,0,0,0,19,4,3,1,0,28.0,1.1318124999999999,0,8,11,8,32,0,0,,,
90129386,1,Spandan Mhapsekar,L1,5,standard_converged,0.6,0,0,1,0,0,0,19,4,3,1,0,36.0,1.1456875000000002,1,10,7,10,9,0,0,2,0,
90129386,1,Spandan Mhapsekar,L1,6,standard_converged,0.6,0,0,1,0,0,0,18,5,3,2,0,37.0,1.1567916666666667,1,10,6,10,6,6,0,2,0,
90129386,1,Spandan Mhapsekar,L1,7,standard_converged,0.6,0,0,1,0,0,0,18,6,3,2,0,51.0,1.1659791666666666,1,10,6,17,12,0,0,2,0,0
90129386,1,Spandan Mhapsekar,L1,8,standard_converged,0.6,0,0,2,1,0,0,27,6,4,2,0,73.0,1.1888541666666668,1,11,10,25,22,0,18,6,0,
90129386,1,Spandan Mhapsekar,L1,9,standard_converged,0.6,0,0,2,1,0,0,30,10,4,6,0,99.0,1.0920416666666668,3,11,7,33,7,4,0,12,0,
90129386,1,Spandan Mhapsekar,L1,10,standard_converged,0.6,0,0,2,1,0,0,35,11,5,6,0,121.0,1.1171041666666666,1,11,7,41,11,0,9,17,0,
90129386,1,Spandan Mhapsekar,L1,11,standard_converged,0.6,0,0,3,1,1,0,32,13,5,6,0,54.0,1.1531666666666667,1,4,7,9,16,6,0,21,0,0
90129386,1,Spandan Mhapsekar,L1,12,standard_converged,0.6,0,0,3,1,1,0,38,13,7,6,0,74.0,1.1682708333333334,1,6,5,14,15,4,9,27,0,
90129386,1,Spandan Mhapsekar,L1,13,standard_converged,0.6,0,0,3,1,1,0,42,13,7,6,0,76.0,1.1269166666666668,3,6,3,12,3,0,0,33,0,
90129386,1,Spandan Mhapsekar,L1,14,standard_converged,0.6,0,0,3,1,1,0,50,13,7,6,0,104.0,1.1820208333333333,2,9,3,18,7,27,9,38,4,
90129386,1,Spandan Mhapsekar,L1,15,standard_converged,0.6,0,0,3,1,1,0,52,13,7,6,0,81.0,1.0674375,2,8,4,10,14,4,6,40,0,
90129386,1,Spandan Mhapsekar,L1,16,standard_converged,0.6,0,0,3,1,1,0,53,13,7,6,0,97.0,1.0435625000000002,2,10,3,13,6,0,9,40,4,
90129386,1,Spandan Mhapsekar,L1,17,standard_converged,0.6,0,0,3,1,1,0,54,13,7,6,0,107.0,1.039875,1,10,4,14,6,20,9,40,8,
90129386,1,Spandan Mhapsekar,L1,18,standard_converged,0.6,0,0,3,1,1,0,54,13,7,6,0,114.0,0.9979375,1,9,5,11,11,4,9,40,15,
90129386,1,Spandan Mhapsekar,L1,19,standard_converged,0.6,0,0,3,1,1,0,53,13,7,6,0,126.0,1.0008124999999999,1,9,4,14,12,0,18,40,18,
90129386,1,Spandan Mhapsekar,L1,20,standard_converged,0.6,0,0,3,1,1,0,52,13,7,6,0,148.0,1.0299375,1,9,3,20,11,20,9,40,23,
90129386,1,Spandan Mhapsekar,L1,21,standard_converged,0.6,0,0,3,1,1,0,50,13,7,6,0,164.0,1.1152291666666667,1,9,1,26,4,4,11,40,25,
90129386,1,Spandan Mhapsekar,L1,22,standard_converged,0.6,0,0,3,1,1,0,46,13,7,6,0,195.0,1.1778541666666666,1,8,,29,,0,9,38,39,
90129386,1,Spandan Mhapsekar,L1,23,standard_converged,0.6,0,0,3,1,1,0,45,13,7,6,0,204.0,1.0960833333333335,2,7,,28,,20,12,38,45,
90129386,1,Spandan Mhapsekar,L1,24,standard_converged,0.6,0,0,3,1,1,0,44,13,7,6,0,181.0,1.1452499999999999,2,6,,26,,4,9,38,36,
90129386,1,Spandan Mhapsekar,L1,25,standard_converged,0.6,0,0,3,1,1,0,39,13,7,6,0,164.0,1.1948541666666666,2,5,,24,,0,12,34,32,
90129386,1,Spandan Mhapsekar,L1,26,standard_converged,0.6,0,0,3,1,1,0,31,13,7,6,0,126.0,1.1022291666666666,3,3,,15,,20,9,28,26,
90129386,1,Spandan Mhapsekar,L1,27,standard_converged,0.6,0,0,3,1,1,0,54,13,7,6,0,89.0,1.1243541666666668,5,2,30,11,30,4,12,22,15,
90129386,1,Spandan Mhapsekar,L1,28,standard_converged,0.6,0,0,3,1,1,0,46,13,7,6,0,54.0,1.1319791666666665,12,,31,,31,0,9,15,13,
90129386,1,Spandan Mhapsekar,L1,29,standard_converged,0.6,0,0,3,1,1,0,35,13,7,5,0,36.0,1.1075833333333334,15,,23,,52,20,12,12,6,0
90130062,0,Chhaya Awasthi,L1,0,standard_converged,0.6,0,0,1,0,0,0,0,0,0,0,0,0.0,1.0,0,,,,,,,,,
90130062,0,Chhaya Awasthi,L1,1,standard_converged,0.6,0,0,1,0,0,0,17,4,3,1,0,25.0,1.065,0,7,10,7,10,0,0,,,
90130062,0,Chhaya Awasthi,L1,2,standard_converged,0.6,0,0,1,0,0,0,18,4,3,1,0,25.0,1.0934791666666668,0,7,11,7,11,0,0,,,
90130062,0,Chhaya Awasthi,L1,3,standard_converged,0.6,0,0,1,0,0,0,19,4,3,1,0,28.0,1.1148125000000002,0,8,11,8,21,0,0,,,
90130062,0,Chhaya Awasthi,L1,4,standard_converged,0.6,0,0,1,0,0,0,19,4,3,1,0,28.0,1.1318124999999999,0,8,11,8,32,0,0,,,
90130062,0,Chhaya Awasthi,L1,5,standard_converged,0.6,0,0,1,0,0,0,19,4,3,1,0,36.0,1.1456875000000002,0,10,7,10,9,0,0,2,0,
90130062,0,Chhaya Awasthi,L1,6,standard_converged,0.6,0,0,1,0,0,0,18,6,4,2,0,38.0,1.1567916666666667,0,10,6,10,6,6,0,2,0,
90130062,0,Chhaya Awasthi,L1,7,standard_converged,0.6,0,0,1,0,0,0,18,7,4,2,0,52.0,1.1753541666666667,0,10,6,17,12,0,0,2,0,0
90130062,0,Chhaya Awasthi,L1,8,standard_converged,0.6,0,0,2,1,0,0,27,7,5,2,0,74.0,1.2060416666666667,0,11,10,25,22,0,18,6,0,
90130062,0,Chhaya Awasthi,L1,9,standard_converged,0.6,0,0,2,1,0,0,30,11,5,6,0,100.0,1.1514166666666668,2,11,7,33,7,4,0,12,0,
90130062,0,Chhaya Awasthi,L1,10,standard_converged,0.6,0,0,2,1,0,0,35,12,6,6,0,122.0,1.1827291666666666,0,11,7,41,11,0,9,17,0,
90130062,0,Chhaya Awasthi,L1,11,standard_converged,0.6,0,0,3,1,1,0,33,14,6,6,0,55.0,1.1984791666666668,0,4,8,9,24,6,0,21,0,0
90130062,0,Chhaya Awasthi,L1,12,standard_converged,0.6,0,0,3,1,1,0,39,14,8,6,0,75.0,1.1792083333333334,0,6,6,14,18,4,9,27,0,
90130062,0,Chhaya Awasthi,L1,13,standard_converged,0.6,0,0,3,1,1,0,43,14,8,6,0,77.0,1.1524375,2,6,4,12,6,0,6,33,0,
90130062,0,Chhaya Awasthi,L1,14,standard_converged,0.6,0,0,3,1,1,0,51,14,8,6,0,105.0,1.1663958333333333,1,9,4,18,12,28,9,38,4,
90130062,0,Chhaya Awasthi,L1,15,standard_converged,0.6,0,0,3,1,1,0,52,14,8,6,0,82.0,1.0141041666666666,1,8,4,10,14,4,9,40,0,
90130062,0,Chhaya Awasthi,L1,16,standard_converged,0.6,0,0,3,1,1,0,53,14,8,6,0,98.0,0.9665833333333333,1,10,3,13,6,0,9,40,4,
90130062,0,Chhaya Awasthi,L1,17,standard_converged,0.6,0,0,3,1,1,0,54,14,8,6,0,108.0,0.9189375,0,10,4,14,6,20,12,40,8,
90130062,0,Chhaya Awasthi,L1,18,standard_converged,0.6,0,0,3,1,1,0,54,14,8,6,0,117.0,0.8698541666666667,0,9,5,11,11,4,9,40,16,
90130062,0,Chhaya Awasthi,L1,19,standard_converged,0.6,0,0,3,1,1,0,53,14,8,6,0,127.0,0.8513749999999999,0,9,4,14,12,0,21,40,18,
90130062,0,Chhaya Awasthi,L1,20,standard_converged,0.6,0,0,3,1,1,0,52,14,8,6,0,151.0,0.8074166666666667,0,9,3,20,11,20,9,40,24,
90130062,0,Chhaya Awasthi,L1,21,standard_converged,0.6,0,0,3,1,1,0,50,14,8,6,0,165.0,0.8346041666666667,1,9,1,26,4,4,14,40,25,
90130062,0,Chhaya Awasthi,L1,22,standard_converged,0.6,0,0,3,1,1,0,46,14,8,6,0,196.0,0.7719166666666667,1,8,,29,,0,9,38,39,
90130062,0,Chhaya Awasthi,L1,23,standard_converged,0.6,0,0,3,1,1,0,45,14,8,6,0,209.0,0.7818333333333334,2,7,,28,,20,15,38,47,
90130062,0,Chhaya Awasthi,L1,24,standard_converged,0.6,0,0,3,1,1,0,44,14,8,6,0,186.0,0.7969166666666667,2,6,,26,,4,9,38,38,
90130062,0,Chhaya Awasthi,L1,25,standard_converged,0.6,0,0,3,1,1,0,39,14,8,6,0,173.0,0.8775625000000001,2,5,,24,,0,15,34,36,
90130062,0,Chhaya Awasthi,L1,26,standard_converged,0.6,0,0,3,1,1,0,31,14,8,6,0,127.0,0.6813958333333333,5,3,,15,,20,9,28,26,
90130062,0,Chhaya Awasthi,L1,27,standard_converged,0.6,0,0,3,1,1,0,53,14,8,6,0,90.0,0.7733125,4,2,29,11,29,4,15,22,15,
90130062,0,Chhaya Awasthi,L1,28,standard_converged,0.6,0,0,3,1,1,0,45,14,8,6,0,55.0,0.735625,10,,30,,30,0,9,15,13,
90130062,0,Chhaya Awasthi,L1,29,standard_converged,0.6,0,0,3,1,1,0,34,14,8,5,0,37.0,0.7558125,14,,22,,52,20,15,12,6,0
90130062,1,ych~sun,L1,0,standard_converged,0.6,0,0,1,0,0,0,0,0,0,0,0,0.0,1.0,0,,,,,,,,,
90130062,1,ych~sun,L1,1,standard_converged,0.6,0,0,1,0,0,0,17,4,3,1,0,25.0,1.065,0,7,10,7,10,0,0,,,
90130062,1,ych~sun,L1,2,standard_converged,0.6,0,0,1,0,0,0,18,4,3,1,0,25.0,1.0934791666666668,0,7,11,7,11,0,0,,,
90130062,1,ych~sun,L1,3,standard_converged,0.6,0,0,1,0,0,0,19,4,3,1,0,28.0,1.1148125000000002,0,8,11,8,21,0,0,,,
90130062,1,ych~sun,L1,4,standard_converged,0.6,0,0,1,0,0,0,19,4,3,1,0,28.0,1.1318124999999999,0,8,11,8,32,0,0,,,
90130062,1,ych~sun,L1,5,standard_converged,0.6,0,0,1,0,0,0,19,4,3,1,0,36.0,1.1456875000000002,0,10,7,10,9,0,0,2,0,
90130062,1,ych~sun,L1,6,standard_converged,0.6,0,0,1,0,0,0,18,6,4,2,0,38.0,1.1567916666666667,0,10,6,10,6,6,0,2,0,
90130062,1,ych~sun,L1,7,standard_converged,0.6,0,0,1,0,0,0,18,7,4,2,0,52.0,1.1753541666666667,0,10,6,17,12,0,0,2,0,0
90130062,1,ych~sun,L1,8,standard_converged,0.6,0,0,2,1,0,0,27,7,5,2,0,74.0,1.2060416666666667,0,11,10,25,22,0,18,6,0,
90130062,1,ych~sun,L1,9,standard_converged,0.6,0,0,2,1,0,0,30,11,5,6,0,100.0,1.1514166666666668,2,11,7,33,7,4,0,12,0,
90130062,1,ych~sun,L1,10,standard_converged,0.6,0,0,2,1,0,0,35,12,6,6,0,122.0,1.1827291666666666,0,11,7,41,11,0,9,17,0,
90130062,1,ych~sun,L1,11,standard_converged,0.6,0,0,3,1,1,0,33,14,6,6,0,55.0,1.1984791666666668,1,4,8,9,24,6,0,21,0,0
90130062,1,ych~sun,L1,12,standard_converged,0.6,0,0,3,1,1,0,39,14,8,6,0,75.0,1.1792083333333334,1,6,6,14,18,4,9,27,0,
90130062,1,ych~sun,L1,13,standard_converged,0.6,0,0,3,1,1,0,43,14,8,6,0,77.0,1.1524375,3,6,4,12,6,0,6,33,0,
90130062,1,ych~sun,L1,14,standard_converged,0.6,0,0,3,1,1,0,51,14,8,6,0,105.0,1.1663958333333333,2,9,4,18,12,28,9,38,4,
90130062,1,ych~sun,L1,15,standard_converged,0.6,0,0,3,1,1,0,52,14,8,6,0,82.0,1.0141041666666666,2,8,4,10,14,4,9,40,0,
90130062,1,ych~sun,L1,16,standard_converged,0.6,0,0,3,1,1,0,53,14,8,6,0,98.0,0.9665833333333333,2,10,3,13,6,0,9,40,4,
90130062,1,ych~sun,L1,17,standard_converged,0.6,0,0,3,1,1,0,54,14,8,6,0,108.0,0.9189375,1,10,4,14,6,20,12,40,8,
90130062,1,ych~sun,L1,18,standard_converged,0.6,0,0,3,1,1,0,54,14,8,6,0,117.0,0.8698541666666667,1,9,5,11,11,4,9,40,16,
90130062,1,ych~sun,L1,19,standard_converged,0.6,0,0,3,1,1,0,53,14,8,6,0,127.0,0.8513749999999999,1,9,4,14,12,0,21,40,18,
90130062,1,ych~sun,L1,20,standard_converged,0.6,0,0,3,1,1,0,52,14,8,6,0,151.0,0.8074166666666667,1,9,3,20,11,20,9,40,24,
90130062,1,ych~sun,L1,21,standard_converged,0.6,0,0,3,1,1,0,50,14,8,6,0,165.0,0.8346041666666667,1,9,1,26,4,4,14,40,25,
90130062,1,ych~sun,L1,22,standard_converged,0.6,0,0,3,1,1,0,46,14,8,6,0,196.0,0.7719166666666667,1,8,,29,,0,9,38,39,
90130062,1,ych~sun,L1,23,standard_converged,0.6,0,0,3,1,1,0,45,14,8,6,0,209.0,0.7818333333333334,2,7,,28,,20,15,38,47,
90130062,1,ych~sun,L1,24,standard_converged,0.6,0,0,3,1,1,0,44,14,8,6,0,186.0,0.7969166666666667,2,6,,26,,4,9,38,38,
90130062,1,ych~sun,L1,25,standard_converged,0.6,0,0,3,1,1,0,39,14,8,6,0,173.0,0.8775625000000001,2,5,,24,,0,15,34,36,
90130062,1,ych~sun,L1,26,standard_converged,0.6,0,0,3,1,1,0,31,14,8,6,0,127.0,0.6813958333333333,3,3,,15,,20,9,28,26,
90130062,1,ych~sun,L1,27,standard_converged,0.6,0,0,3,1,1,0,53,14,8,6,0,90.0,0.7733125,5,2,29,11,29,4,15,22,15,
90130062,1,ych~sun,L1,28,standard_converged,0.6,0,0,3,1,1,0,45,14,8,6,0,55.0,0.735625,12,,30,,30,0,9,15,13,
90130062,1,ych~sun,L1,29,standard_converged,0.6,0,0,3,1,1,0,34,14,8,5,0,37.0,0.7558125,15,,22,,52,20,15,12,6,0
90130129,0,roma,L3,0,standard_converged,0.6,0,0,1,0,0,0,0,0,0,0,0,0.0,1.0,0,,,,,,,,,
90130129,0,roma,L3,1,standard_converged,0.6,0,0,1,0,0,0,17,4,3,1,0,25.0,1.065,0,7,10,7,10,0,0,,,
90130129,0,roma,L3,2,standard_converged,0.6,0,0,1,0,0,0,18,4,3,1,0,25.0,1.0934791666666668,0,7,11,7,11,0,0,,,
90130129,0,roma,L3,3,standard_converged,0.6,0,0,1,0,0,0,19,4,3,1,0,28.0,1.1148125000000002,0,8,11,8,21,0,0,,,
90130129,0,roma,L3,4,standard_converged,0.6,0,0,1,0,0,0,19,4,3,1,0,28.0,1.1588958333333332,0,8,11,8,32,0,0,,,
90130129,0,roma,L3,5,standard_converged,0.6,0,0,1,0,0,0,19,4,3,1,0,36.0,1.1925625,0,10,7,10,9,0,0,2,0,
90130129,0,roma,L3,6,standard_converged,0.6,0,0,1,0,0,0,18,6,4,2,0,38.0,1.2203333333333335,0,10,6,10,6,6,0,2,0,
90130129,0,roma,L3,7,standard_converged,0.6,0,0,1,0,0,0,18,7,4,2,0,52.0,1.2362916666666668,0,10,6,17,12,0,0,2,0,0
90130129,0,roma,L3,8,standard_converged,0.6,0,0,2,1,0,0,27,7,5,2,0,74.0,1.2680208333333334,0,11,10,25,22,0,18,6,0,
90130129,0,roma,L3,9,standard_converged,0.6,0,0,2,1,0,0,30,11,5,6,0,100.0,1.2529791666666668,2,11,7,33,7,4,0,12,0,
90130129,0,roma,L3,10,standard_converged,0.6,0,0,2,1,0,0,35,12,6,6,0,122.0,1.2582499999999999,0,11,7,41,11,0,9,17,0,
90130129,0,roma,L3,11,standard_converged,0.6,0,0,3,1,1,0,33,14,6,6,0,55.0,1.2698333333333334,0,4,8,9,24,6,0,21,0,0
90130129,0,roma,L3,12,standard_converged,0.6,0,0,3,1,1,0,39,14,8,6,0,75.0,1.2495208333333332,0,6,6,14,18,4,9,27,0,
90130129,0,roma,L3,13,standard_converged,0.6,0,0,3,1,1,0,43,14,8,6,0,77.0,1.2357708333333335,2,6,4,12,6,0,6,33,0,
90130129,0,roma,L3,14,standard_converged,0.6,0,0,3,1,1,0,51,14,8,6,0,105.0,1.2585833333333334,1,9,4,18,12,28,9,38,4,
90130129,0,roma,L3,15,standard_converged,0.6,0,0,3,1,1,0,52,14,8,6,0,82.0,1.1036875,1,8,4,10,14,4,9,40,0,
90130129,0,roma,L3,16,standard_converged,0.6,0,0,3,1,1,0,53,14,8,6,0,98.0,1.0759583333333333,1,10,3,13,6,0,9,40,4,
90130129,0,roma,L3,17,standard_converged,0.6,0,0,3,1,1,0,54,14,8,6,0,108.0,1.0696666666666668,0,10,4,14,6,20,12,40,8,
90130129,0,roma,L3,18,standard_converged,0.6,0,0,3,1,1,0,54,14,8,6,0,117.0,1.0344375,0,9,5,11,11,4,9,40,16,
90130129,0,roma,L3,19,standard_converged,0.6,0,0,3,1,1,0,53,14,8,6,0,127.0,1.0331458333333334,0,9,4,14,12,0,21,40,18,
90130129,0,roma,L3,20,standard_converged,0.6,0,0,3,1,1,0,52,14,8,6,0,151.0,1.0377291666666668,0,9,3,20,11,20,9,40,24,
90130129,0,roma,L3,21,standard_converged,0.6,0,0,3,1,1,0,50,14,8,6,0,165.0,1.0734791666666668,0,9,1,26,4,4,14,40,25,
90130129,0,roma,L3,22,standard_converged,0.6,0,0,3,1,1,0,46,14,8,6,0,198.0,0.9875416666666667,0,8,,29,,0,9,38,40,
90130129,0,roma,L3,23,standard_converged,0.6,0,0,3,1,1,0,45,14,8,6,0,211.0,1.0123125,0,7,,28,,20,15,38,48,
90130129,0,roma,L3,24,standard_converged,0.6,0,0,3,1,1,0,44,14,8,6,0,190.0,1.0182708333333332,1,6,,26,,4,9,38,40,
90130129,0,roma,L3,25,standard_converged,0.6,0,0,3,1,1,0,39,14,8,6,0,175.0,1.0848541666666667,1,5,,24,,0,15,34,37,
90130129,0,roma,L3,26,standard_converged,0.6,0,0,3,1,1,0,31,14,8,6,0,131.0,0.9635833333333333,2,3,,15,,20,9,28,28,
90130129,0,roma,L3,27,standard_converged,0.6,0,0,3,1,1,0,54,14,8,6,0,90.0,1.0570625,4,2,30,11,30,4,15,22,15,
90130129,0,roma,L3,28,standard_converged,0.6,0,0,3,1,1,0,46,14,8,6,0,55.0,1.0116666666666667,11,,31,,31,0,9,15,13,
90130129,0,roma,L3,29,standard_converged,0.6,0,0,3,1,1,0,35,14,8,5,0,37.0,0.9654999999999999,14,,23,,53,20,15,12,6,0
90130129,1,thwaitsusa2,L3,0,standard_converged,0.6,0,0,1,0,0,0,0,0,0,0,0,0.0,1.0,0,,,,,,,,,
90130129,1,thwaitsusa2,L3,1,standard_converged,0.6,0,0,1,0,0,0,17,4,3,1,0,25.0,1.065,0,7,10,7,10,0,0,,,
90130129,1,thwaitsusa2,L3,2,standard_converged,0.6,0,0,1,0,0,0,18,4,3,1,0,25.0,1.0934791666666668,0,7,11,7,11,0,0,,,
90130129,1,thwaitsusa2,L3,3,standard_converged,0.6,0,0,1,0,0,0,19,4,3,1,0,28.0,1.1148125000000002,0,8,11,8,21,0,0,,,
90130129,1,thwaitsusa2,L3,4,standard_converged,0.6,0,0,1,0,0,0,19,4,3,1,0,28.0,1.1588958333333332,0,8,11,8,32,0,0,,,
90130129,1,thwaitsusa2,L3,5,standard_converged,0.6,0,0,1,0,0,0,19,4,3,1,0,36.0,1.1925625,0,10,7,10,9,0,0,2,0,
90130129,1,thwaitsusa2,L3,6,standard_converged,0.6,0,0,1,0,0,0,18,6,4,2,0,38.0,1.2203333333333335,0,10,6,10,6,6,0,2,0,
90130129,1,thwaitsusa2,L3,7,standard_converged,0.6,0,0,1,0,0,0,18,7,4,2,0,52.0,1.2362916666666668,0,10,6,17,12,0,0,2,0,0
90130129,1,thwaitsusa2,L3,8,standard_converged,0.6,0,0,2,1,0,0,27,7,5,2,0,74.0,1.2680208333333334,0,11,10,25,22,0,18,6,0,
90130129,1,thwaitsusa2,L3,9,standard_converged,0.6,0,0,2,1,0,0,30,11,5,6,0,100.0,1.2529791666666668,2,11,7,33,7,4,0,12,0,
90130129,1,thwaitsusa2,L3,10,standard_converged,0.6,0,0,2,1,0,0,35,12,6,6,0,122.0,1.2582499999999999,0,11,7,41,11,0,9,17,0,
90130129,1,thwaitsusa2,L3,11,standard_converged,0.6,0,0,3,1,1,0,33,14,6,6,0,55.0,1.2698333333333334,0,4,8,9,24,6,0,21,0,0
90130129,1,thwaitsusa2,L3,12,standard_converged,0.6,0,0,3,1,1,0,39,14,8,6,0,75.0,1.2495208333333332,0,6,6,14,18,4,9,27,0,
90130129,1,thwaitsusa2,L3,13,standard_converged,0.6,0,0,3,1,1,0,43,14,8,6,0,77.0,1.2357708333333335,2,6,4,12,6,0,6,33,0,
90130129,1,thwaitsusa2,L3,14,standard_converged,0.6,0,0,3,1,1,0,51,14,8,6,0,105.0,1.2585833333333334,1,9,4,18,12,28,9,38,4,
90130129,1,thwaitsusa2,L3,15,standard_converged,0.6,0,0,3,1,1,0,52,14,8,6,0,82.0,1.1036875,1,8,4,10,14,4,9,40,0,
90130129,1,thwaitsusa2,L3,16,standard_converged,0.6,0,0,3,1,1,0,53,14,8,6,0,98.0,1.0759583333333333,1,10,3,13,6,0,9,40,4,
90130129,1,thwaitsusa2,L3,17,standard_converged,0.6,0,0,3,1,1,0,54,14,8,6,0,108.0,1.0696666666666668,0,10,4,14,6,20,12,40,8,
90130129,1,thwaitsusa2,L3,18,standard_converged,0.6,0,0,3,1,1,0,54,14,8,6,0,117.0,1.0344375,0,9,5,11,11,4,9,40,16,
90130129,1,thwaitsusa2,L3,19,standard_converged,0.6,0,0,3,1,1,0,53,14,8,6,0,127.0,1.0331458333333334,0,9,4,14,12,0,21,40,18,
90130129,1,thwaitsusa2,L3,20,standard_converged,0.6,0,0,3,1,1,0,52,14,8,6,0,151.0,1.0377291666666668,0,9,3,20,11,20,9,40,24,
90130129,1,thwaitsusa2,L3,21,standard_converged,0.6,0,0,3,1,1,0,50,14,8,6,0,165.0,1.0734791666666668,0,9,1,26,4,4,14,40,25,
90130129,1,thwaitsusa2,L3,22,standard_converged,0.6,0,0,3,1,1,0,46,14,8,6,0,196.0,0.9875416666666667,0,8,,29,,0,9,38,39,
90130129,1,thwaitsusa2,L3,23,standard_converged,0.6,0,0,3,1,1,0,45,14,8,6,0,209.0,1.0123125,0,7,,28,,20,15,38,47,
90130129,1,thwaitsusa2,L3,24,standard_converged,0.6,0,0,3,1,1,0,44,14,8,6,0,186.0,1.0182708333333332,0,6,,26,,4,9,38,38,
90130129,1,thwaitsusa2,L3,25,standard_converged,0.6,0,0,3,1,1,0,39,14,8,6,0,173.0,1.0848541666666667,0,5,,24,,0,15,34,36,
90130129,1,thwaitsusa2,L3,26,standard_converged,0.6,0,0,3,1,1,0,31,14,8,6,0,127.0,0.9635833333333333,1,3,,15,,20,9,28,26,
90130129,1,thwaitsusa2,L3,27,standard_converged,0.6,0,0,3,1,1,0,55,14,8,6,0,90.0,1.0570625,3,2,31,11,31,4,15,22,15,
90130129,1,thwaitsusa2,L3,28,standard_converged,0.6,0,0,3,1,1,0,47,14,8,6,0,55.0,1.0116666666666667,10,,32,,32,0,9,15,13,
90130129,1,thwaitsusa2,L3,29,standard_converged,0.6,0,0,3,1,1,0,36,14,8,5,0,37.0,0.9654999999999999,13,,24,,56,20,15,12,6,0
90130741,0,Ben Hamilton,L2,0,standard_converged,0.6,0,0,1,0,0,0,0,0,0,0,0,0.0,1.0,0,,,,,,,,,
90130741,0,Ben Hamilton,L2,1,standard_converged,0.6,0,0,1,0,0,0,17,4,3,1,0,25.0,1.065,0,7,10,7,10,0,0,,,
90130741,0,Ben Hamilton,L2,2,standard_converged,0.6,0,0,1,0,0,0,17,4,3,1,0,25.0,1.0934791666666668,0,7,10,7,10,0,0,,,
90130741,0,Ben Hamilton,L2,3,standard_converged,0.6,0,0,1,0,0,0,5,4,3,1,0,10.0,1.1148125000000002,12,2,3,2,3,0,0,,,
90130741,0,Ben Hamilton,L2,4,standard_converged,0.6,0,0,1,0,0,0,5,4,3,1,0,10.0,1.1405625,12,2,3,2,6,0,0,,,
90130741,0,Ben Hamilton,L2,5,standard_converged,0.6,0,0,1,0,0,0,4,4,3,1,0,10.0,1.1569375000000002,12,2,2,2,2,0,0,,,
90130741,0,Ben Hamilton,L2,6,standard_converged,0.6,0,0,1,0,0,0,4,6,4,1,0,11.0,1.1705416666666668,12,2,2,2,2,4,0,,,0
90130741,0,Ben Hamilton,L2,7,standard_converged,0.6,0,0,1,0,0,0,4,7,4,1,0,15.0,1.2066041666666667,12,2,2,4,4,0,0,,,0
90130741,0,Ben Hamilton,L2,8,standard_converged,0.6,0,0,1,0,0,0,4,7,5,1,0,20.0,1.2335416666666668,12,2,2,6,6,0,18,,,0
90130741,0,Ben Hamilton,L2,9,standard_converged,0.6,0,0,1,0,0,0,3,7,5,1,0,25.0,1.1776666666666666,12,2,,8,,4,0,1,0,0
90130741,0,Ben Hamilton,L2,10,reduced_ne_only,1.0,0,0,1,0,0,0,3,7,5,1,0,29.0,1.2364791666666668,12,2,,10,,0,7,1,0,0
90130741,0,Ben Hamilton,L2,11,reduced_ne_only,1.0,0,0,2,1,0,0,4,8,5,1,0,9.0,1.2484791666666668,12,,1,,1,0,0,3,0,0
90130741,0,Ben Hamilton,L2,12,reduced_ne_only,1.0,0,0,2,1,0,0,7,8,6,1,0,13.0,1.2744583333333335,12,1,3,1,3,3,8,3,0,0
90130741,0,Ben Hamilton,L2,13,reduced_ne_only,1.0,0,0,2,1,0,0,7,8,6,1,0,13.0,1.2879166666666666,14,1,3,1,3,3,6,3,0,0
90130741,0,Ben Hamilton,L2,14,reduced_ne_only,1.0,0,0,2,1,0,0,7,8,6,1,0,13.0,1.3109583333333334,14,1,3,1,6,3,7,3,0,0
90130741,0,Ben Hamilton,L2,15,reduced_ne_only,1.0,0,0,2,1,0,0,7,8,6,1,0,14.0,1.3344375,15,1,2,1,4,6,9,4,0,0
90130741,0,Ben Hamilton,L2,16,reduced_ne_only,1.0,0,0,2,1,0,0,8,8,6,1,0,20.0,1.3654166666666665,14,3,1,3,1,0,8,4,0,0
90130741,0,Ben Hamilton,L2,17,reduced_ne_only,1.0,0,0,2,1,0,0,8,8,6,1,0,20.0,1.3799166666666665,14,3,1,3,1,0,5,4,0,0
90130741,0,Ben Hamilton,L2,18,reduced_ne_only,1.0,0,0,2,1,0,0,9,8,6,1,0,26.0,1.3952708333333332,14,3,2,4,4,4,9,4,2,0
90130741,0,Ben Hamilton,L2,19,reduced_ne_only,1.0,0,0,2,1,0,0,9,8,6,1,0,24.0,1.4048749999999999,14,3,2,5,6,0,12,4,0,0
90130741,0,Ben Hamilton,L2,20,reduced_ne_only,1.0,0,0,2,1,0,0,8,8,6,1,0,34.0,1.4076458333333333,14,3,1,6,3,0,9,4,4,0
90130741,0,Ben Hamilton,L2,21,reduced_ne_only,1.0,0,0,2,1,0,0,8,8,6,1,0,28.0,1.4104166666666664,14,3,1,7,4,4,9,4,0,0
90130741,0,Ben Hamilton,L2,22,reduced_ne_only,1.0,0,0,2,1,0,0,7,8,6,1,0,44.0,1.4208333333333334,13,3,,10,,0,9,4,5,0
90130741,0,Ben Hamilton,L2,23,reduced_ne_only,1.0,0,0,2,1,0,0,6,8,6,1,0,29.0,1.4194791666666666,13,2,,6,,0,9,4,2,0
90130741,0,Ben Hamilton,L2,24,reduced_ne_only,1.0,0,0,2,1,0,0,6,8,6,1,0,39.0,1.4453749999999999,13,2,,6,,4,9,4,7,0
90130741,0,Ben Hamilton,L2,25,reduced_ne_only,1.0,0,0,2,1,0,0,6,8,6,1,0,29.0,1.4259375,11,2,,8,,0,9,4,0,0
90130741,0,Ben Hamilton,L2,26,reduced_ne_only,1.0,0,0,2,1,0,0,5,8,6,1,0,42.0,1.4347916666666667,11,2,,10,,0,9,3,5,0
90130741,0,Ben Hamilton,L2,27,reduced_ne_only,1.0,0,0,2,1,0,0,21,8,6,1,0,36.0,1.4507291666666666,10,2,16,11,16,4,9,3,1,0
90130741,0,Ben Hamilton,L2,28,reduced_ne_only,1.0,0,0,2,1,0,0,21,8,6,1,0,15.0,1.4651458333333334,11,,19,,19,0,9,2,3,0
90130741,0,Ben Hamilton,L2,29,reduced_ne_only,1.0,0,0,2,1,0,0,17,8,6,0,0,8.0,1.4626041666666667,11,,15,,31,,9,2,0,0
90130741,1,Tomoki Hirose,L2,0,standard_converged,0.6,0,0,1,0,0,0,0,0,0,0,0,0.0,1.0,0,,,,,,,,,
90130741,1,Tomoki Hirose,L2,1,standard_converged,0.6,0,0,1,0,0,0,17,4,3,1,0,25.0,1.065,0,7,10,7,10,0,0,,,
90130741,1,Tomoki Hirose,L2,2,standard_converged,0.6,0,0,1,0,0,0,18,4,3,1,0,25.0,1.0934791666666668,1,7,11,7,11,0,0,,,
90130741,1,Tomoki Hirose,L2,3,standard_converged,0.6,0,0,1,0,0,0,18,4,3,1,0,25.0,1.1148125000000002,0,7,11,7,21,0,0,,,
90130741,1,Tomoki Hirose,L2,4,standard_converged,0.6,0,0,1,0,0,0,18,4,3,1,0,25.0,1.1405625,0,7,11,7,32,0,0,,,
90130741,1,Tomoki Hirose,L2,5,standard_converged,0.6,0,0,1,0,0,0,18,4,3,1,0,33.0,1.1569375000000002,0,9,7,9,9,0,0,2,0,
90130741,1,Tomoki Hirose,L2,6,standard_converged,0.6,0,0,1,0,0,0,17,6,4,2,0,35.0,1.1705416666666668,0,9,6,9,6,6,0,2,0,
90130741,1,Tomoki Hirose,L2,7,standard_converged,0.6,0,0,1,0,0,0,17,7,4,2,0,49.0,1.2066041666666667,0,9,6,16,12,0,0,2,0,0
90130741,1,Tomoki Hirose,L2,8,standard_converged,0.6,0,0,2,1,0,0,26,7,5,2,0,71.0,1.2335416666666668,0,10,10,24,22,0,18,6,0,
90130741,1,Tomoki Hirose,L2,9,standard_converged,0.6,0,0,2,1,0,0,29,11,5,6,0,95.0,1.1776666666666666,2,10,7,31,7,4,0,12,0,
90130741,1,Tomoki Hirose,L2,10,standard_converged,0.6,0,0,2,1,0,0,34,12,6,6,0,115.0,1.2364791666666668,0,10,7,38,11,0,9,17,0,
90130741,1,Tomoki Hirose,L2,11,standard_converged,0.6,0,0,3,1,1,0,32,14,6,6,0,46.0,1.2484791666666668,0,3,8,5,24,6,0,21,0,0
90130741,1,Tomoki Hirose,L2,12,standard_converged,0.6,0,0,3,1,1,0,38,14,8,6,0,64.0,1.2744583333333335,0,5,6,9,18,4,9,27,0,
90130741,1,Tomoki Hirose,L2,13,standard_converged,0.6,0,0,3,1,1,0,43,14,8,6,0,77.0,1.2879166666666666,2,6,4,12,6,0,6,33,0,
90130741,1,Tomoki Hirose,L2,14,standard_converged,0.6,0,0,3,1,1,0,51,14,8,6,0,105.0,1.3109583333333334,2,9,4,18,12,28,9,38,4,
90130741,1,Tomoki Hirose,L2,15,standard_converged,0.6,0,0,3,1,1,0,52,14,8,6,0,82.0,1.3344375,2,8,4,10,14,4,9,40,0,
90130741,1,Tomoki Hirose,L2,16,standard_converged,0.6,0,0,3,1,1,0,53,14,8,6,0,98.0,1.3654166666666665,2,10,3,13,6,0,9,40,4,
90130741,1,Tomoki Hirose,L2,17,standard_converged,0.6,0,0,3,1,1,0,54,14,8,6,0,108.0,1.3799166666666665,1,10,4,14,6,20,12,40,8,
90130741,1,Tomoki Hirose,L2,18,standard_converged,0.6,0,0,3,1,1,0,54,14,8,6,0,117.0,1.3952708333333332,1,9,5,11,11,4,9,40,16,
90130741,1,Tomoki Hirose,L2,19,standard_converged,0.6,0,0,3,1,1,0,53,14,8,6,0,127.0,1.4048749999999999,1,9,4,14,12,0,21,40,18,
90130741,1,Tomoki Hirose,L2,20,standard_converged,0.6,0,0,3,1,1,0,52,14,8,6,0,151.0,1.4076458333333333,1,9,3,20,11,20,9,40,24,
90130741,1,Tomoki Hirose,L2,21,standard_converged,0.6,0,0,3,1,1,0,50,14,8,6,0,165.0,1.4104166666666664,1,9,1,26,4,4,14,40,25,
90130741,1,Tomoki Hirose,L2,22,standard_converged,0.6,0,0,3,1,1,0,46,14,8,6,0,196.0,1.4208333333333334,1,8,,29,,0,9,38,39,
90130741,1,Tomoki Hirose,L2,23,standard_converged,0.6,0,0,3,1,1,0,45,14,8,6,0,209.0,1.4194791666666666,1,7,,28,,20,15,38,47,
90130741,1,Tomoki Hirose,L2,24,standard_converged,0.6,0,0,3,1,1,0,44,14,8,6,0,186.0,1.4453749999999999,1,6,,26,,4,9,38,38,
90130741,1,Tomoki Hirose,L2,25,standard_converged,0.6,0,0,3,1,1,0,39,14,8,6,0,173.0,1.4259375,1,5,,24,,0,15,34,36,
90130741,1,Tomoki Hirose,L2,26,standard_converged,0.6,0,0,3,1,1,0,31,14,8,6,0,127.0,1.4347916666666667,2,3,,15,,20,9,28,26,
90130741,1,Tomoki Hirose,L2,27,standard_converged,0.6,0,0,3,1,1,0,54,14,8,6,0,90.0,1.4507291666666666,3,2,30,11,30,4,15,22,15,
90130741,1,Tomoki Hirose,L2,28,standard_converged,0.6,0,0,3,1,1,0,46,14,8,6,0,55.0,1.4651458333333334,10,,31,,31,0,9,15,13,
90130741,1,Tomoki Hirose,L2,29,standard_converged,0.6,0,0,3,1,1,0,35,14,8,5,0,37.0,1.4626041666666667,13,,23,,53,20,15,12,6,0
90130765,0,Mikhail_Komkin,L1,0,standard_converged,0.6,0,0,1,0,0,0,0,0,0,0,0,0.0,1.0,0,,,,,,,,,
90130765,0,Mikhail_Komkin,L1,1,standard_converged,0.6,0,0,1,0,0,0,17,4,3,1,0,25.0,1.065,0,7,10,7,10,0,0,,,
90130765,0,Mikhail_Komkin,L1,2,standard_converged,0.6,0,0,1,0,0,0,18,4,3,1,0,25.0,1.0934791666666668,0,7,11,7,11,0,0,,,
90130765,0,Mikhail_Komkin,L1,3,standard_converged,0.6,0,0,1,0,0,0,19,4,3,1,0,28.0,1.1148125000000002,0,8,11,8,21,0,0,,,
90130765,0,Mikhail_Komkin,L1,4,standard_converged,0.6,0,0,1,0,0,0,19,4,3,1,0,28.0,1.1405625,0,8,11,8,32,0,0,,,
90130765,0,Mikhail_Komkin,L1,5,standard_converged,0.6,0,0,1,0,0,0,19,4,3,1,0,36.0,1.1569375000000002,0,10,7,10,9,0,0,2,0,
90130765,0,Mikhail_Komkin,L1,6,standard_converged,0.6,0,0,1,0,0,0,18,6,4,2,0,38.0,1.1705416666666668,1,10,6,10,6,6,0,2,0,
90130765,0,Mikhail_Komkin,L1,7,standard_converged,0.6,0,0,1,0,0,0,18,7,4,2,0,52.0,1.2066041666666667,0,10,6,17,12,0,0,2,0,0
90130765,0,Mikhail_Komkin,L1,8,standard_converged,0.6,0,0,2,1,0,0,27,7,5,2,0,74.0,1.2335416666666668,0,11,10,25,22,0,18,6,0,
90130765,0,Mikhail_Komkin,L1,9,standard_converged,0.6,0,0,2,1,0,0,30,11,5,6,0,100.0,1.1776666666666666,2,11,7,33,7,4,0,12,0,
90130765,0,Mikhail_Komkin,L1,10,standard_converged,0.6,0,0,2,1,0,0,35,12,6,6,0,122.0,1.2302291666666667,0,11,7,41,11,0,9,17,0,
90130765,0,Mikhail_Komkin,L1,11,standard_converged,0.6,0,0,3,1,1,0,33,14,6,6,0,55.0,1.2319791666666666,1,4,8,9,24,6,0,21,0,0
90130765,0,Mikhail_Komkin,L1,12,standard_converged,0.6,0,0,3,1,1,0,39,14,8,6,0,75.0,1.2314583333333333,1,6,6,14,18,4,9,27,0,
90130765,0,Mikhail_Komkin,L1,13,standard_converged,0.6,0,0,3,1,1,0,43,14,8,6,0,77.0,1.2239375,3,6,4,12,6,0,6,33,0,
90130765,0,Mikhail_Komkin,L1,14,standard_converged,0.6,0,0,3,1,1,0,50,14,8,6,0,104.0,1.2396041666666666,2,9,4,18,12,28,9,37,4,
90130765,0,Mikhail_Komkin,L1,15,standard_converged,0.6,0,0,3,1,1,0,51,14,8,6,0,81.0,1.2473750000000001,2,8,4,10,14,4,9,39,0,
90130765,0,Mikhail_Komkin,L1,16,standard_converged,0.6,0,0,3,1,1,0,52,14,8,6,0,97.0,1.252,2,10,3,13,6,0,9,39,4,
90130765,0,Mikhail_Komkin,L1,17,standard_converged,0.6,0,0,3,1,1,0,53,14,8,6,0,107.0,1.2597708333333333,1,10,4,14,6,20,12,39,8,
90130765,0,Mikhail_Komkin,L1,18,standard_converged,0.6,0,0,3,1,1,0,53,14,8,6,0,116.0,1.2408333333333332,1,9,5,11,11,4,9,39,16,
90130765,0,Mikhail_Komkin,L1,19,standard_converged,0.6,0,0,3,1,1,0,52,14,8,6,0,126.0,1.239375,1,9,4,14,12,0,21,39,18,
90130765,0,Mikhail_Komkin,L1,20,standard_converged,0.6,0,0,3,1,1,0,51,14,8,6,0,150.0,1.1932291666666668,1,9,3,20,11,20,9,39,24,
90130765,0,Mikhail_Komkin,L1,21,standard_converged,0.6,0,0,3,1,1,0,49,14,8,6,0,164.0,1.1303541666666668,1,9,1,26,4,4,14,39,25,
90130765,0,Mikhail_Komkin,L1,22,standard_converged,0.6,0,0,3,1,1,0,45,14,8,6,0,195.0,1.1308125,1,8,,29,,0,9,37,39,
90130765,0,Mikhail_Komkin,L1,23,standard_converged,0.6,0,0,3,1,1,0,44,14,8,6,0,204.0,1.0625,1,7,,28,,20,15,37,45,
90130765,0,Mikhail_Komkin,L1,24,standard_converged,0.6,0,0,3,1,1,0,43,14,8,6,0,187.0,1.056125,1,6,,26,,4,9,37,39,
90130765,0,Mikhail_Komkin,L1,25,standard_converged,0.6,0,0,3,1,1,0,38,14,8,6,0,168.0,0.9148541666666667,1,5,,24,,0,15,33,34,
90130765,0,Mikhail_Komkin,L1,26,standard_converged,0.6,0,0,3,1,1,0,30,14,8,6,0,124.0,0.7872916666666667,2,3,,15,,20,9,27,25,
90130765,0,Mikhail_Komkin,L1,27,standard_converged,0.6,0,0,3,1,1,0,55,14,8,6,0,90.0,0.7536875000000001,3,2,31,11,31,4,15,22,15,
90130765,0,Mikhail_Komkin,L1,28,standard_converged,0.6,0,0,3,1,1,0,47,14,8,6,0,55.0,0.7221249999999999,10,,32,,32,0,9,15,13,
90130765,0,Mikhail_Komkin,L1,29,standard_converged,0.6,0,0,3,1,1,0,36,14,8,5,0,37.0,0.7618541666666667,13,,24,,56,20,15,12,6,0
90130765,1,GUAM,L1,0,standard_converged,0.6,0,0,1,0,0,0,0,0,0,0,0,0.0,1.0,0,,,,,,,,,
90130765,1,GUAM,L1,1,standard_converged,0.6,0,0,1,0,0,0,17,4,3,1,0,25.0,1.065,0,7,10,7,10,0,0,,,
90130765,1,GUAM,L1,2,standard_converged,0.6,0,0,1,0,0,0,17,4,3,1,0,25.0,1.0934791666666668,0,7,10,7,10,0,0,,,
90130765,1,GUAM,L1,3,standard_converged,0.6,0,0,1,0,0,0,17,4,3,1,0,25.0,1.1148125000000002,0,7,10,7,20,0,0,,,
90130765,1,GUAM,L1,4,standard_converged,0.6,0,0,1,0,0,0,17,4,3,1,0,25.0,1.1405625,0,7,10,7,30,0,0,,,
90130765,1,GUAM,L1,5,standard_converged,0.6,0,0,1,0,0,0,17,4,3,1,0,33.0,1.1569375000000002,0,9,6,9,6,0,0,2,0,
90130765,1,GUAM,L1,6,standard_converged,0.6,0,0,1,0,0,0,17,6,4,2,0,35.0,1.1705416666666668,0,9,6,9,6,5,0,2,0,
90130765,1,GUAM,L1,7,standard_converged,0.6,0,0,1,0,0,0,17,7,4,2,0,49.0,1.2066041666666667,0,9,6,16,12,0,0,2,0,0
90130765,1,GUAM,L1,8,standard_converged,0.6,0,0,2,1,0,0,21,7,5,2,0,66.0,1.2335416666666668,0,10,8,23,20,0,18,3,0,
90130765,1,GUAM,L1,9,standard_converged,0.6,0,0,2,1,0,0,24,11,5,6,0,90.0,1.1776666666666666,2,10,5,30,5,4,0,9,0,
90130765,1,GUAM,L1,10,standard_converged,0.6,0,0,2,1,0,0,29,12,6,6,0,110.0,1.2302291666666667,0,10,5,37,7,0,9,14,0,
90130765,1,GUAM,L1,11,standard_converged,0.6,0,0,3,1,1,0,27,14,6,5,0,42.0,1.2319791666666666,0,3,6,5,18,5,0,18,0,0
90130765,1,GUAM,L1,12,standard_converged,0.6,0,0,3,1,1,0,35,14,8,5,0,60.0,1.2314583333333333,0,5,6,9,18,0,8,24,0,0
90130765,1,GUAM,L1,13,standard_converged,0.6,0,0,3,1,1,0,40,14,8,5,0,73.0,1.2239375,2,6,4,12,6,0,6,30,0,0
90130765,1,GUAM,L1,14,standard_converged,0.6,0,0,3,1,1,0,48,14,8,5,0,99.0,1.2396041666666666,1,9,4,18,12,28,9,35,3,0
90130765,1,GUAM,L1,15,standard_converged,0.6,0,0,3,1,1,0,49,14,8,5,0,78.0,1.2473750000000001,1,8,4,10,14,0,9,37,0,0
90130765,1,GUAM,L1,16,standard_converged,0.6,0,0,3,1,1,0,50,14,8,5,0,92.0,1.252,1,10,3,13,6,0,9,37,3,0
90130765,1,GUAM,L1,17,standard_converged,0.6,0,0,3,1,1,0,51,14,8,5,0,92.0,1.2597708333333333,0,10,4,14,6,20,12,37,2,0
90130765,1,GUAM,L1,18,standard_converged,0.6,0,0,3,1,1,0,51,14,8,5,0,111.0,1.2408333333333332,0,9,5,11,11,0,9,37,15,0
90130765,1,GUAM,L1,19,standard_converged,0.6,0,0,3,1,1,0,50,14,8,5,0,111.0,1.239375,0,9,4,14,12,0,21,37,12,0
90130765,1,GUAM,L1,20,standard_converged,0.6,0,0,3,1,1,0,49,14,8,5,0,145.0,1.1932291666666668,0,9,3,20,11,20,9,37,23,0
90130765,1,GUAM,L1,21,standard_converged,0.6,0,0,3,1,1,0,47,14,8,5,0,149.0,1.1303541666666668,0,9,1,26,4,0,14,37,19,0
90130765,1,GUAM,L1,22,standard_converged,0.6,0,0,3,1,1,0,43,14,8,5,0,190.0,1.1308125,0,8,,29,,0,9,35,38,0
90130765,1,GUAM,L1,23,standard_converged,0.6,0,0,3,1,1,0,42,14,8,5,0,193.0,1.0625,1,7,,28,,20,15,35,41,0
90130765,1,GUAM,L1,24,standard_converged,0.6,0,0,3,1,1,0,41,14,8,5,0,180.0,1.056125,1,6,,26,,0,9,35,37,0
90130765,1,GUAM,L1,25,standard_converged,0.6,0,0,3,1,1,0,39,14,8,5,0,172.0,0.9148541666666667,2,5,,24,,0,15,34,36,0
90130765,1,GUAM,L1,26,standard_converged,0.6,0,0,3,1,1,0,31,14,8,5,0,128.0,0.7872916666666667,3,3,,15,,20,9,28,27,0
90130765,1,GUAM,L1,27,standard_converged,0.6,0,0,3,1,1,0,23,14,8,5,0,72.0,0.7536875000000001,2,,,,,0,15,23,18,0
90130765,1,GUAM,L1,28,standard_converged,0.6,0,0,3,1,1,0,19,14,8,5,0,76.0,0.7221249999999999,2,,,,,0,9,19,22,0
90130765,1,GUAM,L1,29,standard_converged,0.6,0,0,3,1,1,0,13,14,8,5,0,56.0,0.7618541666666667,3,,,,,20,15,13,15,0
90130806,0,안녕하세요이세입니다잘부탁드립니다,L3,0,standard_converged,0.6,0,0,1,0,0,0,0,0,0,0,0,0.0,1.0,0,,,,,,,,,
90130806,0,안녕하세요이세입니다잘부탁드립니다,L3,1,standard_converged,0.6,0,0,1,0,0,0,17,4,3,1,0,25.0,1.065,0,7,10,7,10,0,0,,,
90130806,0,안녕하세요이세입니다잘부탁드립니다,L3,2,standard_converged,0.6,0,0,1,0,0,0,18,4,3,1,0,25.0,1.0934791666666668,0,7,11,7,11,0,0,,,
90130806,0,안녕하세요이세입니다잘부탁드립니다,L3,3,standard_converged,0.6,0,0,1,0,0,0,19,4,3,1,0,28.0,1.1148125000000002,0,8,11,8,21,0,0,,,
90130806,0,안녕하세요이세입니다잘부탁드립니다,L3,4,standard_converged,0.6,0,0,1,0,0,0,19,4,3,1,0,28.0,1.1588958333333332,0,8,11,8,32,0,0,,,
90130806,0,안녕하세요이세입니다잘부탁드립니다,L3,5,standard_converged,0.6,0,0,1,0,0,0,19,4,3,1,0,36.0,1.1925625,0,10,7,10,9,0,0,2,0,
90130806,0,안녕하세요이세입니다잘부탁드립니다,L3,6,standard_converged,0.6,0,0,1,0,0,0,18,6,4,2,0,38.0,1.2203333333333335,0,10,6,10,6,6,0,2,0,
90130806,0,안녕하세요이세입니다잘부탁드립니다,L3,7,standard_converged,0.6,0,0,1,0,0,0,18,7,4,2,0,52.0,1.2362916666666668,0,10,6,17,12,0,0,2,0,0
90130806,0,안녕하세요이세입니다잘부탁드립니다,L3,8,standard_converged,0.6,0,0,2,1,0,0,27,7,5,2,0,74.0,1.2680208333333334,0,11,10,25,22,0,18,6,0,
90130806,0,안녕하세요이세입니다잘부탁드립니다,L3,9,standard_converged,0.6,0,0,2,1,0,0,30,11,5,6,0,100.0,1.2529791666666668,2,11,7,33,7,4,0,12,0,
90130806,0,안녕하세요이세입니다잘부탁드립니다,L3,10,standard_converged,0.6,0,0,2,1,0,0,35,12,6,6,0,122.0,1.2660624999999999,0,11,7,41,11,0,9,17,0,
90130806,0,안녕하세요이세입니다잘부탁드립니다,L3,11,standard_converged,0.6,0,0,3,1,1,0,33,14,6,6,0,55.0,1.2823333333333333,0,4,8,9,24,6,0,21,0,0
90130806,0,안녕하세요이세입니다잘부탁드립니다,L3,12,standard_converged,0.6,0,0,3,1,1,0,39,14,8,6,0,75.0,1.2667083333333333,0,6,6,14,18,4,9,27,0,
90130806,0,안녕하세요이세입니다잘부탁드립니다,L3,13,standard_converged,0.6,0,0,3,1,1,0,43,14,8,6,0,77.0,1.2770208333333335,2,6,4,12,6,0,6,33,0,
90130806,0,안녕하세요이세입니다잘부탁드립니다,L3,14,standard_converged,0.6,0,0,3,1,1,0,51,14,8,6,0,105.0,1.3095208333333332,1,9,4,18,12,28,9,38,4,
90130806,0,안녕하세요이세입니다잘부탁드립니다,L3,15,standard_converged,0.6,0,0,3,1,1,0,52,14,8,6,0,82.0,1.2783749999999998,1,8,4,10,14,4,9,40,0,
90130806,0,안녕하세요이세입니다잘부탁드립니다,L3,16,standard_converged,0.6,0,0,3,1,1,0,53,14,8,6,0,98.0,1.2865833333333334,1,10,3,13,6,0,9,40,4,
90130806,0,안녕하세요이세입니다잘부탁드립니다,L3,17,standard_converged,0.6,0,0,3,1,1,0,54,14,8,6,0,108.0,1.3243541666666667,0,10,4,14,6,20,12,40,8,
90130806,0,안녕하세요이세입니다잘부탁드립니다,L3,18,standard_converged,0.6,0,0,3,1,1,0,54,14,8,6,0,117.0,1.3216249999999998,0,9,5,11,11,4,9,40,16,
90130806,0,안녕하세요이세입니다잘부탁드립니다,L3,19,standard_converged,0.6,0,0,3,1,1,0,53,14,8,6,0,127.0,1.2931458333333332,1,9,4,14,12,0,21,40,18,
90130806,0,안녕하세요이세입니다잘부탁드립니다,L3,20,standard_converged,0.6,0,0,3,1,1,0,52,14,8,6,0,151.0,1.2986666666666669,1,9,3,20,11,20,9,40,24,
90130806,0,안녕하세요이세입니다잘부탁드립니다,L3,21,standard_converged,0.6,0,0,3,1,1,0,50,14,8,6,0,165.0,1.3011666666666666,1,9,1,26,4,4,14,40,25,
90130806,0,안녕하세요이세입니다잘부탁드립니다,L3,22,standard_converged,0.6,0,0,3,1,1,0,46,14,8,6,0,196.0,1.283375,1,8,,29,,0,9,38,39,
90130806,0,안녕하세요이세입니다잘부탁드립니다,L3,23,standard_converged,0.6,0,0,3,1,1,0,45,14,8,6,0,209.0,1.2573541666666666,1,7,,28,,20,15,38,47,
90130806,0,안녕하세요이세입니다잘부탁드립니다,L3,24,standard_converged,0.6,0,0,3,1,1,0,44,14,8,6,0,186.0,1.2457708333333333,1,6,,26,,4,9,38,38,
90130806,0,안녕하세요이세입니다잘부탁드립니다,L3,25,standard_converged,0.6,0,0,3,1,1,0,39,14,8,6,0,173.0,1.2019374999999999,2,5,,24,,0,15,34,36,
90130806,0,안녕하세요이세입니다잘부탁드립니다,L3,26,standard_converged,0.6,0,0,3,1,1,0,31,14,8,6,0,127.0,1.1548333333333334,3,3,,15,,20,9,28,26,
90130806,0,안녕하세요이세입니다잘부탁드립니다,L3,27,standard_converged,0.6,0,0,3,1,1,0,53,14,8,6,0,90.0,1.1408125,5,2,29,11,29,4,15,22,15,
90130806,0,안녕하세요이세입니다잘부탁드립니다,L3,28,standard_converged,0.6,0,0,3,1,1,0,45,14,8,6,0,55.0,1.1163541666666668,12,,30,,30,0,9,15,13,
90130806,0,안녕하세요이세입니다잘부탁드립니다,L3,29,standard_converged,0.6,0,0,3,1,1,0,34,14,8,5,0,37.0,1.1163333333333334,15,,22,,51,20,15,12,6,0
90130806,1,Mengfei Li,L3,0,standard_converged,0.6,0,0,1,0,0,0,0,0,0,0,0,0.0,1.0,0,,,,,,,,,
90130806,1,Mengfei Li,L3,1,standard_converged,0.6,0,0,1,0,0,0,17,4,3,1,0,25.0,1.065,0,7,10,7,10,0,0,,,
90130806,1,Mengfei Li,L3,2,standard_converged,0.6,0,0,1,0,0,0,18,4,3,1,0,25.0,1.0934791666666668,0,7,11,7,11,0,0,,,
90130806,1,Mengfei Li,L3,3,standard_converged,0.6,0,0,1,0,0,0,19,4,3,1,0,28.0,1.1148125000000002,0,8,11,8,21,0,0,,,
90130806,1,Mengfei Li,L3,4,standard_converged,0.6,0,0,1,0,0,0,19,4,3,1,0,28.0,1.1588958333333332,0,8,11,8,32,0,0,,,
90130806,1,Mengfei Li,L3,5,standard_converged,0.6,0,0,1,0,0,0,19,4,3,1,0,36.0,1.1925625,0,10,7,10,9,0,0,2,0,
90130806,1,Mengfei Li,L3,6,standard_converged,0.6,0,0,1,0,0,0,18,6,4,2,0,38.0,1.2203333333333335,0,10,6,10,6,6,0,2,0,
90130806,1,Mengfei Li,L3,7,standard_converged,0.6,0,0,1,0,0,0,18,7,4,2,0,52.0,1.2362916666666668,0,10,6,17,12,0,0,2,0,0
90130806,1,Mengfei Li,L3,8,standard_converged,0.6,0,0,2,1,0,0,27,7,5,2,0,74.0,1.2680208333333334,0,11,10,25,22,0,18,6,0,
90130806,1,Mengfei Li,L3,9,standard_converged,0.6,0,0,2,1,0,0,30,11,5,6,0,100.0,1.2529791666666668,2,11,7,33,7,4,0,12,0,
90130806,1,Mengfei Li,L3,10,standard_converged,0.6,0,0,2,1,0,0,35,12,6,6,0,122.0,1.2660624999999999,0,11,7,41,11,0,9,17,0,
90130806,1,Mengfei Li,L3,11,standard_converged,0.6,0,0,3,1,1,0,33,14,6,6,0,55.0,1.2823333333333333,0,4,8,9,24,6,0,21,0,0
90130806,1,Mengfei Li,L3,12,standard_converged,0.6,0,0,3,1,1,0,39,14,8,6,0,75.0,1.2667083333333333,0,6,6,14,18,4,9,27,0,
90130806,1,Mengfei Li,L3,13,standard_converged,0.6,0,0,3,1,1,0,43,14,8,6,0,77.0,1.2770208333333335,1,6,4,12,6,0,6,33,0,
90130806,1,Mengfei Li,L3,14,standard_converged,0.6,0,0,3,1,1,0,51,14,8,6,0,105.0,1.3095208333333332,1,9,4,18,12,28,9,38,4,
90130806,1,Mengfei Li,L3,15,standard_converged,0.6,0,0,3,1,1,0,52,14,8,6,0,82.0,1.2783749999999998,1,8,4,10,14,4,9,40,0,
90130806,1,Mengfei Li,L3,16,standard_converged,0.6,0,0,3,1,1,0,53,14,8,6,0,98.0,1.2865833333333334,1,10,3,13,6,0,9,40,4,
90130806,1,Mengfei Li,L3,17,standard_converged,0.6,0,0,3,1,1,0,54,14,8,6,0,108.0,1.3243541666666667,0,10,4,14,6,20,12,40,8,
90130806,1,Mengfei Li,L3,18,standard_converged,0.6,0,0,3,1,1,0,54,14,8,6,0,117.0,1.3216249999999998,0,9,5,11,11,4,9,40,16,
90130806,1,Mengfei Li,L3,19,standard_converged,0.6,0,0,3,1,1,0,53,14,8,6,0,127.0,1.2931458333333332,0,9,4,14,12,0,21,40,18,
90130806,1,Mengfei Li,L3,20,standard_converged,0.6,0,0,3,1,1,0,52,14,8,6,0,151.0,1.2986666666666669,0,9,3,20,11,20,9,40,24,
90130806,1,Mengfei Li,L3,21,standard_converged,0.6,0,0,3,1,1,0,50,14,8,6,0,165.0,1.3011666666666666,0,9,1,26,4,4,14,40,25,
90130806,1,Mengfei Li,L3,22,standard_converged,0.6,0,0,3,1,1,0,46,14,8,6,0,198.0,1.283375,0,8,,29,,0,9,38,40,
90130806,1,Mengfei Li,L3,23,standard_converged,0.6,0,0,3,1,1,0,45,14,8,6,0,207.0,1.2573541666666666,0,7,,28,,20,15,38,46,
90130806,1,Mengfei Li,L3,24,standard_converged,0.6,0,0,3,1,1,0,44,14,8,6,0,186.0,1.2457708333333333,0,6,,26,,4,9,38,38,
90130806,1,Mengfei Li,L3,25,standard_converged,0.6,0,0,3,1,1,0,39,14,8,6,0,169.0,1.2019374999999999,1,5,,24,,0,15,34,34,
90130806,1,Mengfei Li,L3,26,standard_converged,0.6,0,0,3,1,1,0,31,14,8,6,0,127.0,1.1548333333333334,2,3,,15,,20,9,28,26,
90130806,1,Mengfei Li,L3,27,standard_converged,0.6,0,0,3,1,1,0,54,14,8,6,0,90.0,1.1408125,4,2,30,11,30,4,15,22,15,
90130806,1,Mengfei Li,L3,28,standard_converged,0.6,0,0,3,1,1,0,47,14,8,6,0,55.0,1.1163541666666668,11,,32,,32,0,9,15,13,
90130806,1,Mengfei Li,L3,29,standard_converged,0.6,0,0,3,1,1,0,36,14,8,5,0,37.0,1.1163333333333334,14,,24,,55,20,15,12,6,0
90130811,0,lucaskna,L4,0,standard_converged,0.6,0,0,1,0,0,0,0,0,0,0,0,0.0,1.0,0,,,,,,,,,
90130811,0,lucaskna,L4,1,standard_converged,0.6,0,0,1,0,0,0,17,4,3,1,0,25.0,1.065,0,7,10,7,10,0,0,,,
90130811,0,lucaskna,L4,2,standard_converged,0.6,0,0,1,0,0,0,18,4,3,1,0,25.0,1.0934791666666668,0,7,11,7,11,0,0,,,
90130811,0,lucaskna,L4,3,standard_converged,0.6,0,0,1,0,0,0,19,4,3,1,0,28.0,1.1148125000000002,0,8,11,8,21,0,0,,,
90130811,0,lucaskna,L4,4,standard_converged,0.6,0,0,1,0,0,0,19,4,3,1,0,28.0,1.1405625,0,8,11,8,32,0,0,,,
90130811,0,lucaskna,L4,5,standard_converged,0.6,0,0,1,0,0,0,19,4,3,1,0,36.0,1.1569375000000002,0,10,7,10,9,0,0,2,0,
90130811,0,lucaskna,L4,6,standard_converged,0.6,0,0,1,0,0,0,18,6,4,2,0,38.0,1.1705416666666668,0,10,6,10,6,6,0,2,0,
90130811,0,lucaskna,L4,7,standard_converged,0.6,0,0,1,0,0,0,18,7,4,2,0,52.0,1.1972291666666666,0,10,6,17,12,0,0,2,0,0
90130811,0,lucaskna,L4,8,standard_converged,0.6,0,0,2,1,0,0,27,7,5,2,0,74.0,1.2163541666666666,0,11,10,25,22,0,18,6,0,
90130811,0,lucaskna,L4,9,standard_converged,0.6,0,0,2,1,0,0,30,11,5,6,0,100.0,1.1170416666666667,2,11,7,33,7,4,0,12,0,
90130811,0,lucaskna,L4,10,standard_converged,0.6,0,0,2,1,0,0,35,12,6,6,0,122.0,1.1442916666666667,0,11,7,41,11,0,9,17,0,
90130811,0,lucaskna,L4,11,standard_converged,0.6,0,0,3,1,1,0,33,14,6,6,0,55.0,1.1466041666666666,0,4,8,9,24,6,0,21,0,0
90130811,0,lucaskna,L4,12,standard_converged,0.6,0,0,3,1,1,0,39,14,8,6,0,75.0,1.1507708333333333,0,6,6,14,18,4,9,27,0,
90130811,0,lucaskna,L4,13,standard_converged,0.6,0,0,3,1,1,0,43,14,8,6,0,77.0,1.0784791666666667,3,6,4,12,6,0,6,33,0,
90130811,0,lucaskna,L4,14,standard_converged,0.6,0,0,3,1,1,0,50,14,8,6,0,102.0,1.063375,2,8,4,17,12,28,9,38,4,
90130811,0,lucaskna,L4,15,standard_converged,0.6,0,0,3,1,1,0,51,14,8,6,0,79.0,1.059,2,7,4,9,14,4,9,40,0,
90130811,0,lucaskna,L4,16,standard_converged,0.6,0,0,3,1,1,0,52,14,8,6,0,95.0,1.0117916666666666,2,9,3,12,6,0,9,40,4,
90130811,0,lucaskna,L4,17,standard_converged,0.6,0,0,3,1,1,0,53,14,8,6,0,105.0,0.9862291666666666,2,9,4,13,6,20,12,40,8,
90130811,0,lucaskna,L4,18,standard_converged,0.6,0,0,3,1,1,0,53,14,8,6,0,114.0,0.9792291666666667,2,8,5,10,11,4,9,40,16,
90130811,0,lucaskna,L4,19,standard_converged,0.6,0,0,3,1,1,0,52,14,8,6,0,124.0,0.9941875,2,8,4,13,12,0,21,40,18,
90130811,0,lucaskna,L4,20,standard_converged,0.6,0,0,3,1,1,0,51,14,8,6,0,146.0,0.9652291666666667,2,8,3,18,11,20,9,40,24,
90130811,0,lucaskna,L4,21,standard_converged,0.6,0,0,3,1,1,0,49,14,8,6,0,158.0,1.0072916666666667,2,8,1,23,4,4,14,40,25,
90130811,0,lucaskna,L4,22,standard_converged,0.6,0,0,3,1,1,0,45,14,8,6,0,187.0,0.9821249999999999,2,7,,25,,0,9,38,39,
90130811,0,lucaskna,L4,23,standard_converged,0.6,0,0,3,1,1,0,44,14,8,6,0,198.0,0.9815416666666668,2,6,,23,,20,15,38,47,
90130811,0,lucaskna,L4,24,standard_converged,0.6,0,0,3,1,1,0,43,14,8,6,0,175.0,0.9625416666666666,2,5,,21,,4,9,38,38,
90130811,0,lucaskna,L4,25,standard_converged,0.6,0,0,3,1,1,0,39,14,8,6,0,173.0,0.8607291666666665,2,5,,24,,0,15,34,36,
90130811,0,lucaskna,L4,26,standard_converged,0.6,0,0,3,1,1,0,31,14,8,6,0,127.0,0.8024375,3,3,,15,,20,9,28,26,
90130811,0,lucaskna,L4,27,standard_converged,0.6,0,0,3,1,1,0,55,14,8,6,0,90.0,0.7622708333333333,4,2,31,11,31,4,15,22,15,
90130811,0,lucaskna,L4,28,standard_converged,0.6,0,0,3,1,1,0,47,14,8,6,0,55.0,0.7011041666666666,10,,32,,32,0,9,15,13,
90130811,0,lucaskna,L4,29,standard_converged,0.6,0,0,3,1,1,0,36,14,8,5,0,37.0,0.6856875,14,,24,,56,20,15,12,6,0
90130811,1,Ibad Ur Rahman,L4,0,standard_converged,0.6,0,0,1,0,0,0,0,0,0,0,0,0.0,1.0,0,,,,,,,,,
90130811,1,Ibad Ur Rahman,L4,1,standard_converged,0.6,0,0,1,0,0,0,17,4,3,1,0,25.0,1.065,0,7,10,7,10,0,0,,,
90130811,1,Ibad Ur Rahman,L4,2,standard_converged,0.6,0,0,1,0,0,0,18,4,3,1,0,25.0,1.0934791666666668,0,7,11,7,11,0,0,,,
90130811,1,Ibad Ur Rahman,L4,3,standard_converged,0.6,0,0,1,0,0,0,19,4,3,1,0,28.0,1.1148125000000002,0,8,11,8,21,0,0,,,
90130811,1,Ibad Ur Rahman,L4,4,standard_converged,0.6,0,0,1,0,0,0,19,4,3,1,0,28.0,1.1405625,0,8,11,8,32,0,0,,,
90130811,1,Ibad Ur Rahman,L4,5,standard_converged,0.6,0,0,1,0,0,0,19,4,3,1,0,36.0,1.1569375000000002,0,10,7,10,9,0,0,2,0,
90130811,1,Ibad Ur Rahman,L4,6,standard_converged,0.6,0,0,1,0,0,0,18,6,4,2,0,38.0,1.1705416666666668,0,10,6,10,6,6,0,2,0,
90130811,1,Ibad Ur Rahman,L4,7,standard_converged,0.6,0,0,1,0,0,0,18,7,4,2,0,52.0,1.1972291666666666,0,10,6,17,12,0,0,2,0,0
90130811,1,Ibad Ur Rahman,L4,8,standard_converged,0.6,0,0,2,1,0,0,27,7,5,2,0,74.0,1.2163541666666666,0,11,10,25,22,0,18,6,0,
90130811,1,Ibad Ur Rahman,L4,9,standard_converged,0.6,0,0,2,1,0,0,30,11,5,6,0,100.0,1.1170416666666667,2,11,7,33,7,4,0,12,0,
90130811,1,Ibad Ur Rahman,L4,10,standard_converged,0.6,0,0,2,1,0,0,35,12,6,6,0,122.0,1.1442916666666667,0,11,7,41,11,0,9,17,0,
90130811,1,Ibad Ur Rahman,L4,11,standard_converged,0.6,0,0,3,1,1,0,33,14,6,6,0,55.0,1.1466041666666666,0,4,8,9,24,6,0,21,0,0
90130811,1,Ibad Ur Rahman,L4,12,standard_converged,0.6,0,0,3,1,1,0,39,14,8,6,0,75.0,1.1507708333333333,0,6,6,14,18,4,9,27,0,
90130811,1,Ibad Ur Rahman,L4,13,standard_converged,0.6,0,0,3,1,1,0,43,14,8,6,0,77.0,1.0784791666666667,2,6,4,12,6,0,6,33,0,
90130811,1,Ibad Ur Rahman,L4,14,standard_converged,0.6,0,0,3,1,1,0,51,14,8,6,0,105.0,1.063375,1,9,4,18,12,28,9,38,4,
90130811,1,Ibad Ur Rahman,L4,15,standard_converged,0.6,0,0,3,1,1,0,52,14,8,6,0,82.0,1.059,1,8,4,10,14,4,9,40,0,
90130811,1,Ibad Ur Rahman,L4,16,standard_converged,0.6,0,0,3,1,1,0,53,14,8,6,0,98.0,1.0117916666666666,1,10,3,13,6,0,9,40,4,
90130811,1,Ibad Ur Rahman,L4,17,standard_converged,0.6,0,0,3,1,1,0,54,14,8,6,0,108.0,0.9862291666666666,0,10,4,14,6,20,12,40,8,
90130811,1,Ibad Ur Rahman,L4,18,standard_converged,0.6,0,0,3,1,1,0,54,14,8,6,0,117.0,0.9792291666666667,1,9,5,11,11,4,9,40,16,
90130811,1,Ibad Ur Rahman,L4,19,standard_converged,0.6,0,0,3,1,1,0,53,14,8,6,0,127.0,0.9941875,1,9,4,14,12,0,21,40,18,
90130811,1,Ibad Ur Rahman,L4,20,standard_converged,0.6,0,0,3,1,1,0,52,14,8,6,0,151.0,0.9652291666666667,1,9,3,20,11,20,9,40,24,
90130811,1,Ibad Ur Rahman,L4,21,standard_converged,0.6,0,0,3,1,1,0,50,14,8,6,0,165.0,1.0072916666666667,1,9,1,26,4,4,14,40,25,
90130811,1,Ibad Ur Rahman,L4,22,standard_converged,0.6,0,0,3,1,1,0,46,14,8,6,0,196.0,0.9821249999999999,1,8,,29,,0,9,38,39,
90130811,1,Ibad Ur Rahman,L4,23,standard_converged,0.6,0,0,3,1,1,0,45,14,8,6,0,207.0,0.9815416666666668,1,7,,28,,20,15,38,46,
90130811,1,Ibad Ur Rahman,L4,24,standard_converged,0.6,0,0,3,1,1,0,44,14,8,6,0,188.0,0.9625416666666666,1,6,,26,,4,9,38,39,
90130811,1,Ibad Ur Rahman,L4,25,standard_converged,0.6,0,0,3,1,1,0,39,14,8,6,0,169.0,0.8607291666666665,1,5,,24,,0,15,34,34,
90130811,1,Ibad Ur Rahman,L4,26,standard_converged,0.6,0,0,3,1,1,0,31,14,8,6,0,129.0,0.8024375,2,3,,15,,20,9,28,27,
90130811,1,Ibad Ur Rahman,L4,27,standard_converged,0.6,0,0,3,1,1,0,55,14,8,6,0,90.0,0.7622708333333333,3,2,31,11,31,4,15,22,15,
90130811,1,Ibad Ur Rahman,L4,28,standard_converged,0.6,0,0,3,1,1,0,47,14,8,6,0,55.0,0.7011041666666666,10,,32,,32,0,9,15,13,
90130811,1,Ibad Ur Rahman,L4,29,standard_converged,0.6,0,0,3,1,1,0,36,14,8,5,0,37.0,0.6856875,13,,24,,56,20,15,12,6,0
90131482,0,Amitesh Chaudhary,L2,0,standard_converged,0.6,0,0,1,0,0,0,0,0,0,0,0,0.0,1.0,0,,,,,,,,,
90131482,0,Amitesh Chaudhary,L2,1,standard_converged,0.6,0,0,1,0,0,0,17,4,3,1,0,25.0,1.065,0,7,10,7,10,0,0,,,
90131482,0,Amitesh Chaudhary,L2,2,standard_converged,0.6,0,0,1,0,0,0,18,4,3,1,0,25.0,1.0934791666666668,0,7,11,7,11,0,0,,,
90131482,0,Amitesh Chaudhary,L2,3,standard_converged,0.6,0,0,1,0,0,0,19,4,3,1,0,28.0,1.1148125000000002,0,8,11,8,21,0,0,,,
90131482,0,Amitesh Chaudhary,L2,4,standard_converged,0.6,0,0,1,0,0,0,19,4,3,1,0,28.0,1.1463958333333333,0,8,11,8,32,0,0,,,
90131482,0,Amitesh Chaudhary,L2,5,standard_converged,0.6,0,0,1,0,0,0,19,4,3,1,0,36.0,1.1706875,0,10,7,10,9,0,0,2,0,
90131482,0,Amitesh Chaudhary,L2,6,standard_converged,0.6,0,0,1,0,0,0,18,6,4,2,0,38.0,1.1922083333333333,0,10,6,10,6,6,0,2,0,
90131482,0,Amitesh Chaudhary,L2,7,standard_converged,0.6,0,0,1,0,0,0,18,7,4,2,0,52.0,1.2034791666666667,0,10,6,17,12,0,0,2,0,0
90131482,0,Amitesh Chaudhary,L2,8,standard_converged,0.6,0,0,2,1,0,0,27,7,5,2,0,74.0,1.2305208333333335,0,11,10,25,22,0,18,6,0,
90131482,0,Amitesh Chaudhary,L2,9,standard_converged,0.6,0,0,2,1,0,0,30,11,5,6,0,100.0,1.1357916666666668,2,11,7,33,7,4,0,12,0,
90131482,0,Amitesh Chaudhary,L2,10,standard_converged,0.6,0,0,2,1,0,0,35,12,6,6,0,122.0,1.1566874999999999,0,11,7,41,11,0,9,17,0,
90131482,0,Amitesh Chaudhary,L2,11,standard_converged,0.6,0,0,3,1,1,0,33,14,6,6,0,55.0,1.1885833333333333,0,4,8,9,20,6,0,21,0,0
90131482,0,Amitesh Chaudhary,L2,12,standard_converged,0.6,0,0,3,1,1,0,39,14,8,6,0,75.0,1.1995208333333334,0,6,6,14,18,4,9,27,0,
90131482,0,Amitesh Chaudhary,L2,13,standard_converged,0.6,0,0,3,1,1,0,43,14,8,6,0,77.0,1.154,2,6,4,12,6,0,6,33,0,
90131482,0,Amitesh Chaudhary,L2,14,standard_converged,0.6,0,0,3,1,1,0,51,14,8,6,0,105.0,1.1856666666666666,1,9,4,18,12,27,9,38,4,
90131482,0,Amitesh Chaudhary,L2,15,standard_converged,0.6,0,0,3,1,1,0,52,14,8,6,0,82.0,1.0799375,1,8,4,10,14,4,9,40,0,
90131482,0,Amitesh Chaudhary,L2,16,standard_converged,0.6,0,0,3,1,1,0,53,14,8,6,0,98.0,1.0664791666666666,1,10,3,13,6,0,9,40,4,
90131482,0,Amitesh Chaudhary,L2,17,standard_converged,0.6,0,0,3,1,1,0,54,14,8,6,0,108.0,1.0653958333333335,0,10,4,14,6,20,12,40,8,
90131482,0,Amitesh Chaudhary,L2,18,standard_converged,0.6,0,0,3,1,1,0,54,14,8,6,0,117.0,1.0343958333333332,0,9,5,11,11,4,9,40,16,
90131482,0,Amitesh Chaudhary,L2,19,standard_converged,0.6,0,0,3,1,1,0,53,14,8,6,0,127.0,1.0435208333333332,0,9,4,14,12,0,21,40,18,
90131482,0,Amitesh Chaudhary,L2,20,standard_converged,0.6,0,0,3,1,1,0,52,14,8,6,0,151.0,1.0558750000000001,0,9,3,20,11,20,9,40,24,
90131482,0,Amitesh Chaudhary,L2,21,standard_converged,0.6,0,0,3,1,1,0,50,14,8,6,0,165.0,1.1098125,0,9,1,26,4,4,14,40,25,
90131482,0,Amitesh Chaudhary,L2,22,standard_converged,0.6,0,0,3,1,1,0,46,14,8,6,0,196.0,1.217125,0,8,,29,,0,9,38,39,
90131482,0,Amitesh Chaudhary,L2,23,standard_converged,0.6,0,0,3,1,1,0,45,14,8,6,0,209.0,1.1097291666666667,0,7,,28,,20,15,38,47,
90131482,0,Amitesh Chaudhary,L2,24,standard_converged,0.6,0,0,3,1,1,0,44,14,8,6,0,186.0,1.1807708333333333,0,6,,26,,4,9,38,38,
90131482,0,Amitesh Chaudhary,L2,25,standard_converged,0.6,0,0,3,1,1,0,39,14,8,6,0,173.0,1.2276666666666667,0,5,,24,,0,15,34,36,
90131482,0,Amitesh Chaudhary,L2,26,standard_converged,0.6,0,0,3,1,1,0,31,14,8,6,0,127.0,1.10275,1,3,,15,,20,9,28,26,
90131482,0,Amitesh Chaudhary,L2,27,standard_converged,0.6,0,0,3,1,1,0,55,14,8,6,0,90.0,1.1583125,3,2,31,11,31,4,15,22,15,
90131482,0,Amitesh Chaudhary,L2,28,standard_converged,0.6,0,0,3,1,1,0,47,14,8,6,0,55.0,1.15875,10,,32,,32,0,9,15,13,
90131482,0,Amitesh Chaudhary,L2,29,standard_converged,0.6,0,0,3,1,1,0,36,14,8,5,0,37.0,1.1475833333333332,13,,24,,56,20,15,12,6,0
90131482,1,Haramball forever!,L2,0,standard_converged,0.6,0,0,1,0,0,0,0,0,0,0,0,0.0,1.0,0,,,,,,,,,
90131482,1,Haramball forever!,L2,1,standard_converged,0.6,0,0,1,0,0,0,17,4,3,1,0,25.0,1.065,0,7,10,7,10,0,0,,,
90131482,1,Haramball forever!,L2,2,standard_converged,0.6,0,0,1,0,0,0,18,4,3,1,0,25.0,1.0934791666666668,0,7,11,7,11,0,0,,,
90131482,1,Haramball forever!,L2,3,standard_converged,0.6,0,0,1,0,0,0,19,4,3,1,0,28.0,1.1148125000000002,0,8,11,8,21,0,0,,,
90131482,1,Haramball forever!,L2,4,standard_converged,0.6,0,0,1,0,0,0,19,4,3,1,0,28.0,1.1463958333333333,0,8,11,8,32,0,0,,,
90131482,1,Haramball forever!,L2,5,standard_converged,0.6,0,0,1,0,0,0,19,4,3,1,0,36.0,1.1706875,0,10,7,10,9,0,0,2,0,
90131482,1,Haramball forever!,L2,6,standard_converged,0.6,0,0,1,0,0,0,18,6,4,2,0,38.0,1.1922083333333333,0,10,6,10,6,6,0,2,0,
90131482,1,Haramball forever!,L2,7,standard_converged,0.6,0,0,1,0,0,0,18,7,4,2,0,52.0,1.2034791666666667,0,10,6,17,12,0,0,2,0,0
90131482,1,Haramball forever!,L2,8,standard_converged,0.6,0,0,2,1,0,0,27,7,5,2,0,74.0,1.2305208333333335,0,11,10,25,22,0,18,6,0,
90131482,1,Haramball forever!,L2,9,standard_converged,0.6,0,0,2,1,0,0,30,11,5,6,0,100.0,1.1357916666666668,2,11,7,33,7,4,0,12,0,
90131482,1,Haramball forever!,L2,10,standard_converged,0.6,0,0,2,1,0,0,35,12,6,6,0,122.0,1.1566874999999999,0,11,7,41,11,0,9,17,0,
90131482,1,Haramball forever!,L2,11,standard_converged,0.6,0,0,3,1,1,0,33,14,6,6,0,55.0,1.1885833333333333,0,4,8,9,20,6,0,21,0,0
90131482,1,Haramball forever!,L2,12,standard_converged,0.6,0,0,3,1,1,0,39,14,8,6,0,75.0,1.1995208333333334,0,6,6,14,18,4,9,27,0,
90131482,1,Haramball forever!,L2,13,standard_converged,0.6,0,0,3,1,1,0,43,14,8,6,0,77.0,1.154,2,6,4,12,6,0,6,33,0,
90131482,1,Haramball forever!,L2,14,standard_converged,0.6,0,0,3,1,1,0,51,14,8,6,0,105.0,1.1856666666666666,1,9,4,18,12,27,9,38,4,
90131482,1,Haramball forever!,L2,15,standard_converged,0.6,0,0,3,1,1,0,52,14,8,6,0,82.0,1.0799375,1,8,4,10,14,4,9,40,0,
90131482,1,Haramball forever!,L2,16,standard_converged,0.6,0,0,3,1,1,0,53,14,8,6,0,98.0,1.0664791666666666,0,10,3,13,6,0,9,40,4,
90131482,1,Haramball forever!,L2,17,standard_converged,0.6,0,0,3,1,1,0,54,14,8,6,0,108.0,1.0653958333333335,0,10,4,14,6,20,12,40,8,
90131482,1,Haramball forever!,L2,18,standard_converged,0.6,0,0,3,1,1,0,54,14,8,6,0,117.0,1.0343958333333332,0,9,5,11,11,4,9,40,16,
90131482,1,Haramball forever!,L2,19,standard_converged,0.6,0,0,3,1,1,0,53,14,8,6,0,127.0,1.0435208333333332,0,9,4,14,12,0,21,40,18,
90131482,1,Haramball forever!,L2,20,standard_converged,0.6,0,0,3,1,1,0,52,14,8,6,0,151.0,1.0558750000000001,0,9,3,20,11,20,9,40,24,
90131482,1,Haramball forever!,L2,21,standard_converged,0.6,0,0,3,1,1,0,50,14,8,6,0,165.0,1.1098125,0,9,1,26,4,4,14,40,25,
90131482,1,Haramball forever!,L2,22,standard_converged,0.6,0,0,3,1,1,0,46,14,8,6,0,196.0,1.217125,0,8,,29,,0,9,38,39,
90131482,1,Haramball forever!,L2,23,standard_converged,0.6,0,0,3,1,1,0,45,14,8,6,0,209.0,1.1097291666666667,1,7,,28,,20,15,38,47,
90131482,1,Haramball forever!,L2,24,standard_converged,0.6,0,0,3,1,1,0,44,14,8,6,0,186.0,1.1807708333333333,1,6,,26,,4,9,38,38,
90131482,1,Haramball forever!,L2,25,standard_converged,0.6,0,0,3,1,1,0,39,14,8,6,0,173.0,1.2276666666666667,1,5,,24,,0,15,34,36,
90131482,1,Haramball forever!,L2,26,standard_converged,0.6,0,0,3,1,1,0,31,14,8,6,0,127.0,1.10275,2,3,,15,,20,9,28,26,
90131482,1,Haramball forever!,L2,27,standard_converged,0.6,0,0,3,1,1,0,54,14,8,6,0,90.0,1.1583125,4,2,30,11,30,4,15,22,15,
90131482,1,Haramball forever!,L2,28,standard_converged,0.6,0,0,3,1,1,0,46,14,8,6,0,55.0,1.15875,11,,31,,31,0,9,15,13,
90131482,1,Haramball forever!,L2,29,standard_converged,0.6,0,0,3,1,1,0,35,14,8,5,0,37.0,1.1475833333333332,14,,23,,53,20,15,12,6,0
90132097,0,Aleksei Ponomarev,L2,0,standard_converged,0.6,0,0,1,0,0,0,0,0,0,0,0,0.0,1.0,0,,,,,,,,,
90132097,0,Aleksei Ponomarev,L2,1,standard_converged,0.6,0,0,1,0,0,0,17,4,3,1,0,25.0,1.065,0,7,10,7,10,0,0,,,
90132097,0,Aleksei Ponomarev,L2,2,standard_converged,0.6,0,0,1,0,0,0,18,4,3,1,0,25.0,1.0934791666666668,0,7,11,7,11,0,0,,,
90132097,0,Aleksei Ponomarev,L2,3,standard_converged,0.6,0,0,1,0,0,0,19,4,3,1,0,28.0,1.1148125000000002,0,8,11,8,21,0,0,,,
90132097,0,Aleksei Ponomarev,L2,4,standard_converged,0.6,0,0,1,0,0,0,19,4,3,1,0,28.0,1.1318124999999999,0,8,11,8,32,0,0,,,
90132097,0,Aleksei Ponomarev,L2,5,standard_converged,0.6,0,0,1,0,0,0,19,4,3,1,0,36.0,1.1456875000000002,0,10,7,10,9,0,0,2,0,
90132097,0,Aleksei Ponomarev,L2,6,standard_converged,0.6,0,0,1,0,0,0,18,6,4,2,0,38.0,1.1567916666666667,0,10,6,10,6,6,0,2,0,
90132097,0,Aleksei Ponomarev,L2,7,standard_converged,0.6,0,0,1,0,0,0,18,7,4,2,0,52.0,1.1659791666666666,0,10,6,17,12,0,0,2,0,0
90132097,0,Aleksei Ponomarev,L2,8,standard_converged,0.6,0,0,2,1,0,0,27,7,5,2,0,74.0,1.1888541666666668,0,11,10,25,22,0,18,6,0,
90132097,0,Aleksei Ponomarev,L2,9,standard_converged,0.6,0,0,2,1,0,0,30,11,5,6,0,100.0,1.0920416666666668,2,11,7,33,7,4,0,12,0,
90132097,0,Aleksei Ponomarev,L2,10,standard_converged,0.6,0,0,2,1,0,0,35,12,6,6,0,122.0,1.1171041666666666,0,11,7,41,11,0,9,17,0,
90132097,0,Aleksei Ponomarev,L2,11,standard_converged,0.6,0,0,3,1,1,0,33,14,6,6,0,55.0,1.1531666666666667,0,4,8,9,20,6,0,21,0,0
90132097,0,Aleksei Ponomarev,L2,12,standard_converged,0.6,0,0,3,1,1,0,39,14,8,6,0,75.0,1.1401458333333332,0,6,6,14,18,4,9,27,0,
90132097,0,Aleksei Ponomarev,L2,13,standard_converged,0.6,0,0,3,1,1,0,43,14,8,6,0,77.0,1.1269166666666668,3,6,4,12,6,0,6,33,0,
90132097,0,Aleksei Ponomarev,L2,14,standard_converged,0.6,0,0,3,1,1,0,51,14,8,6,0,105.0,1.1554583333333335,2,9,4,18,12,27,9,38,4,
90132097,0,Aleksei Ponomarev,L2,15,standard_converged,0.6,0,0,3,1,1,0,52,14,8,6,0,82.0,1.0330625,2,8,4,10,14,4,9,40,0,
90132097,0,Aleksei Ponomarev,L2,16,standard_converged,0.6,0,0,3,1,1,0,53,14,8,6,0,98.0,1.0173125,0,10,3,13,6,0,9,40,4,
90132097,0,Aleksei Ponomarev,L2,17,standard_converged,0.6,0,0,3,1,1,0,54,14,8,6,0,108.0,1.0003958333333334,0,10,4,14,6,20,12,40,8,
90132097,0,Aleksei Ponomarev,L2,18,standard_converged,0.6,0,0,3,1,1,0,54,14,8,6,0,117.0,0.9615208333333334,0,9,5,11,11,4,9,40,16,
90132097,0,Aleksei Ponomarev,L2,19,standard_converged,0.6,0,0,3,1,1,0,53,14,8,6,0,127.0,0.9306666666666668,0,9,4,14,12,0,21,40,18,
90132097,0,Aleksei Ponomarev,L2,20,standard_converged,0.6,0,0,3,1,1,0,52,14,8,6,0,151.0,0.9922916666666666,0,9,3,20,11,20,9,40,24,
90132097,0,Aleksei Ponomarev,L2,21,standard_converged,0.6,0,0,3,1,1,0,50,14,8,6,0,165.0,1.0393124999999999,0,9,1,26,4,4,14,40,25,
90132097,0,Aleksei Ponomarev,L2,22,standard_converged,0.6,0,0,3,1,1,0,46,14,8,6,0,196.0,0.9535833333333333,0,8,,29,,0,9,38,39,
90132097,0,Aleksei Ponomarev,L2,23,standard_converged,0.6,0,0,3,1,1,0,45,14,8,6,0,209.0,1.0040416666666667,0,7,,28,,20,15,38,47,
90132097,0,Aleksei Ponomarev,L2,24,standard_converged,0.6,0,0,3,1,1,0,44,14,8,6,0,186.0,1.0317083333333334,1,6,,26,,4,9,38,38,
90132097,0,Aleksei Ponomarev,L2,25,standard_converged,0.6,0,0,3,1,1,0,39,14,8,6,0,173.0,0.9964166666666667,1,5,,24,,0,15,34,36,
90132097,0,Aleksei Ponomarev,L2,26,standard_converged,0.6,0,0,3,1,1,0,31,14,8,6,0,127.0,0.9699374999999999,2,3,,15,,20,9,28,26,
90132097,0,Aleksei Ponomarev,L2,27,standard_converged,0.6,0,0,3,1,1,0,55,14,8,6,0,90.0,0.9726874999999999,3,2,31,11,31,4,15,22,15,
90132097,0,Aleksei Ponomarev,L2,28,standard_converged,0.6,0,0,3,1,1,0,47,14,8,6,0,55.0,0.9280208333333334,10,,32,,32,0,9,15,13,
90132097,0,Aleksei Ponomarev,L2,29,standard_converged,0.6,0,0,3,1,1,0,36,14,8,5,0,37.0,0.9376875,13,,24,,56,20,15,12,6,0
90132097,1,tong00,L2,0,standard_converged,0.6,0,0,1,0,0,0,0,0,0,0,0,0.0,1.0,0,,,,,,,,,
90132097,1,tong00,L2,1,standard_converged,0.6,0,0,1,0,0,0,17,4,3,1,0,25.0,1.065,0,7,10,7,10,0,0,,,
90132097,1,tong00,L2,2,standard_converged,0.6,0,0,1,0,0,0,18,4,3,1,0,25.0,1.0934791666666668,0,7,11,7,11,0,0,,,
90132097,1,tong00,L2,3,standard_converged,0.6,0,0,1,0,0,0,19,4,3,1,0,28.0,1.1148125000000002,0,8,11,8,21,0,0,,,
90132097,1,tong00,L2,4,standard_converged,0.6,0,0,1,0,0,0,19,4,3,1,0,28.0,1.1318124999999999,0,8,11,8,32,0,0,,,
90132097,1,tong00,L2,5,standard_converged,0.6,0,0,1,0,0,0,19,4,3,1,0,36.0,1.1456875000000002,0,10,7,10,9,0,0,2,0,
90132097,1,tong00,L2,6,standard_converged,0.6,0,0,1,0,0,0,18,6,4,2,0,38.0,1.1567916666666667,0,10,6,10,6,6,0,2,0,
90132097,1,tong00,L2,7,standard_converged,0.6,0,0,1,0,0,0,18,7,4,2,0,52.0,1.1659791666666666,0,10,6,17,12,0,0,2,0,0
90132097,1,tong00,L2,8,standard_converged,0.6,0,0,2,1,0,0,27,7,5,2,0,74.0,1.1888541666666668,0,11,10,25,22,0,18,6,0,
90132097,1,tong00,L2,9,standard_converged,0.6,0,0,2,1,0,0,30,11,5,6,0,100.0,1.0920416666666668,2,11,7,33,7,4,0,12,0,
90132097,1,tong00,L2,10,standard_converged,0.6,0,0,2,1,0,0,35,12,6,6,0,122.0,1.1171041666666666,0,11,7,41,11,0,9,17,0,
90132097,1,tong00,L2,11,standard_converged,0.6,0,0,3,1,1,0,33,14,6,6,0,55.0,1.1531666666666667,0,4,8,9,24,6,0,21,0,0
90132097,1,tong00,L2,12,standard_converged,0.6,0,0,3,1,1,0,39,14,8,6,0,75.0,1.1401458333333332,0,6,6,14,18,4,9,27,0,
90132097,1,tong00,L2,13,standard_converged,0.6,0,0,3,1,1,0,43,14,8,6,0,77.0,1.1269166666666668,2,6,4,12,6,0,6,33,0,
90132097,1,tong00,L2,14,standard_converged,0.6,0,0,3,1,1,0,51,14,8,6,0,105.0,1.1554583333333335,1,9,4,18,12,28,9,38,4,
90132097,1,tong00,L2,15,standard_converged,0.6,0,0,3,1,1,0,52,14,8,6,0,82.0,1.0330625,1,8,4,10,14,4,9,40,0,
90132097,1,tong00,L2,16,standard_converged,0.6,0,0,3,1,1,0,53,14,8,6,0,98.0,1.0173125,1,10,3,13,6,0,9,40,4,
90132097,1,tong00,L2,17,standard_converged,0.6,0,0,3,1,1,0,54,14,8,6,0,108.0,1.0003958333333334,0,10,4,14,6,20,12,40,8,
90132097,1,tong00,L2,18,standard_converged,0.6,0,0,3,1,1,0,54,14,8,6,0,117.0,0.9615208333333334,0,9,5,11,11,4,9,40,16,
90132097,1,tong00,L2,19,standard_converged,0.6,0,0,3,1,1,0,53,14,8,6,0,127.0,0.9306666666666668,0,9,4,14,12,0,21,40,18,
90132097,1,tong00,L2,20,standard_converged,0.6,0,0,3,1,1,0,52,14,8,6,0,151.0,0.9922916666666666,0,9,3,20,11,20,9,40,24,
90132097,1,tong00,L2,21,standard_converged,0.6,0,0,3,1,1,0,50,14,8,6,0,163.0,1.0393124999999999,0,9,1,26,4,4,14,40,24,
90132097,1,tong00,L2,22,standard_converged,0.6,0,0,3,1,1,0,46,14,8,6,0,196.0,0.9535833333333333,0,8,,29,,0,9,38,39,
90132097,1,tong00,L2,23,standard_converged,0.6,0,0,3,1,1,0,45,14,8,6,0,207.0,1.0040416666666667,0,7,,28,,20,15,38,46,
90132097,1,tong00,L2,24,standard_converged,0.6,0,0,3,1,1,0,44,14,8,6,0,184.0,1.0317083333333334,1,6,,26,,4,9,38,37,
90132097,1,tong00,L2,25,standard_converged,0.6,0,0,3,1,1,0,39,14,8,6,0,173.0,0.9964166666666667,1,5,,24,,0,15,34,36,
90132097,1,tong00,L2,26,standard_converged,0.6,0,0,3,1,1,0,31,14,8,6,0,127.0,0.9699374999999999,2,3,,15,,20,9,28,26,
90132097,1,tong00,L2,27,standard_converged,0.6,0,0,3,1,1,0,54,14,8,6,0,90.0,0.9726874999999999,3,2,30,11,30,4,15,22,15,
90132097,1,tong00,L2,28,standard_converged,0.6,0,0,3,1,1,0,46,14,8,6,0,55.0,0.9280208333333334,10,,31,,31,0,9,15,13,
90132097,1,tong00,L2,29,standard_converged,0.6,0,0,3,1,1,0,35,14,8,5,0,37.0,0.9376875,13,,23,,54,20,15,12,6,0
90132099,0,Sayandeep Ghosh,L3,0,standard_converged,0.6,0,0,1,0,0,0,0,0,0,0,0,0.0,1.0,0,,,,,,,,,
90132099,0,Sayandeep Ghosh,L3,1,standard_converged,0.6,0,0,1,0,0,0,17,4,3,1,0,25.0,1.065,0,7,10,7,10,0,0,,,
90132099,0,Sayandeep Ghosh,L3,2,standard_converged,0.6,0,0,1,0,0,0,17,4,3,1,0,25.0,1.0934791666666668,0,7,10,7,10,0,0,,,
90132099,0,Sayandeep Ghosh,L3,3,standard_converged,0.6,0,0,1,0,0,0,5,4,3,1,0,10.0,1.1148125000000002,12,2,3,2,3,0,0,,,
90132099,0,Sayandeep Ghosh,L3,4,standard_converged,0.6,0,0,1,0,0,0,5,4,3,1,0,10.0,1.1588958333333332,12,2,3,2,6,0,0,,,
90132099,0,Sayandeep Ghosh,L3,5,standard_converged,0.6,0,0,1,0,0,0,4,4,3,1,0,10.0,1.1925625,12,2,2,2,2,0,0,,,
90132099,0,Sayandeep Ghosh,L3,6,standard_converged,0.6,0,0,1,0,0,0,4,6,4,1,0,11.0,1.2203333333333335,12,2,2,2,2,4,0,,,0
90132099,0,Sayandeep Ghosh,L3,7,standard_converged,0.6,0,0,1,0,0,0,4,7,4,1,0,15.0,1.2487916666666667,12,2,2,4,4,0,0,,,0
90132099,0,Sayandeep Ghosh,L3,8,standard_converged,0.6,0,0,1,0,0,0,4,7,5,1,0,20.0,1.2827083333333336,12,2,2,6,6,0,18,,,0
90132099,0,Sayandeep Ghosh,L3,9,standard_converged,0.6,0,0,1,0,0,0,3,7,5,1,0,25.0,1.2789166666666667,12,2,,8,,4,0,1,0,0
90132099,0,Sayandeep Ghosh,L3,10,reduced_ne_only,1.0,0,0,1,0,0,0,3,7,5,1,0,29.0,1.2960625000000001,12,2,,10,,0,7,1,0,0
90132099,0,Sayandeep Ghosh,L3,11,reduced_ne_only,1.0,0,0,2,1,0,0,4,8,5,1,0,9.0,1.3082708333333335,13,,1,,1,0,0,3,0,0
90132099,0,Sayandeep Ghosh,L3,12,reduced_ne_only,1.0,0,0,2,1,0,0,8,8,6,1,0,16.0,1.3157083333333333,13,2,3,2,3,3,8,3,0,0
90132099,0,Sayandeep Ghosh,L3,13,reduced_ne_only,1.0,0,0,2,1,0,0,8,8,6,1,0,16.0,1.3381458333333334,14,2,3,2,3,3,6,3,0,0
90132099,0,Sayandeep Ghosh,L3,14,reduced_ne_only,1.0,0,0,2,1,0,0,8,8,6,1,0,16.0,1.3604583333333333,15,2,3,2,6,3,7,3,0,0
90132099,0,Sayandeep Ghosh,L3,15,reduced_ne_only,1.0,0,0,2,1,0,0,8,8,6,1,0,17.0,1.3439375,15,2,2,2,6,6,9,4,0,0
90132099,0,Sayandeep Ghosh,L3,16,reduced_ne_only,1.0,0,0,2,1,0,0,9,8,6,1,0,23.0,1.3668958333333332,14,4,1,4,1,0,9,4,0,0
90132099,0,Sayandeep Ghosh,L3,17,reduced_ne_only,1.0,0,0,2,1,0,0,9,8,6,1,0,23.0,1.3681666666666668,14,4,1,4,1,0,6,4,0,0
90132099,0,Sayandeep Ghosh,L3,18,reduced_ne_only,1.0,0,0,2,1,0,0,10,8,6,1,0,31.0,1.3765,13,4,2,6,4,4,9,4,2,0
90132099,0,Sayandeep Ghosh,L3,19,reduced_ne_only,1.0,0,0,2,1,0,0,10,8,6,1,0,31.0,1.4080833333333334,13,4,2,8,6,0,12,4,0,0
90132099,0,Sayandeep Ghosh,L3,20,reduced_ne_only,1.0,0,0,2,1,0,0,9,8,6,1,0,43.0,1.4254375000000001,13,4,1,10,3,0,9,4,4,0
90132099,0,Sayandeep Ghosh,L3,21,reduced_ne_only,1.0,0,0,2,1,0,0,9,8,6,1,0,39.0,1.4448333333333334,15,4,1,12,4,4,9,4,0,0
90132099,0,Sayandeep Ghosh,L3,22,reduced_ne_only,1.0,0,0,2,1,0,0,7,8,6,1,0,44.0,1.4583125,13,3,,10,,0,9,4,5,0
90132099,0,Sayandeep Ghosh,L3,23,reduced_ne_only,1.0,0,0,2,1,0,0,6,8,6,1,0,29.0,1.4567083333333333,13,2,,6,,0,9,4,2,0
90132099,0,Sayandeep Ghosh,L3,24,reduced_ne_only,1.0,0,0,2,1,0,0,6,8,6,1,0,37.0,1.4722916666666668,13,2,,6,,4,9,4,6,0
90132099,0,Sayandeep Ghosh,L3,25,reduced_ne_only,1.0,0,0,2,1,0,0,6,8,6,1,0,29.0,1.4787291666666667,10,2,,8,,0,9,4,0,0
90132099,0,Sayandeep Ghosh,L3,26,reduced_ne_only,1.0,0,0,2,1,0,0,5,8,6,1,0,40.0,1.4745208333333333,10,2,,10,,0,9,3,4,0
90132099,0,Sayandeep Ghosh,L3,27,reduced_ne_only,1.0,0,0,2,1,0,0,21,8,6,1,0,36.0,1.4837916666666668,9,2,16,11,16,4,9,3,1,0
90132099,0,Sayandeep Ghosh,L3,28,reduced_ne_only,1.0,0,0,2,1,0,0,21,8,6,1,0,15.0,1.4930625000000002,10,,19,,19,0,9,2,3,0
90132099,0,Sayandeep Ghosh,L3,29,reduced_ne_only,1.0,0,0,2,1,0,0,17,8,6,0,0,8.0,1.5056041666666666,10,,15,,31,,9,2,0,0
90132099,1,Tai Tien Ta,L3,0,standard_converged,0.6,0,0,1,0,0,0,0,0,0,0,0,0.0,1.0,0,,,,,,,,,
90132099,1,Tai Tien Ta,L3,1,standard_converged,0.6,0,0,1,0,0,0,17,4,3,1,0,25.0,1.065,0,7,10,7,10,0,0,,,
90132099,1,Tai Tien Ta,L3,2,standard_converged,0.6,0,0,1,0,0,0,18,4,3,1,0,25.0,1.0934791666666668,0,7,11,7,11,0,0,,,
90132099,1,Tai Tien Ta,L3,3,standard_converged,0.6,0,0,1,0,0,0,19,4,3,1,0,28.0,1.1148125000000002,0,8,11,8,21,0,0,,,
90132099,1,Tai Tien Ta,L3,4,standard_converged,0.6,0,0,1,0,0,0,19,4,3,1,0,28.0,1.1588958333333332,0,8,11,8,32,0,0,,,
90132099,1,Tai Tien Ta,L3,5,standard_converged,0.6,0,0,1,0,0,0,19,4,3,1,0,36.0,1.1925625,0,10,7,10,9,0,0,2,0,
90132099,1,Tai Tien Ta,L3,6,standard_converged,0.6,0,0,1,0,0,0,18,6,4,2,0,38.0,1.2203333333333335,0,10,6,10,6,6,0,2,0,
90132099,1,Tai Tien Ta,L3,7,standard_converged,0.6,0,0,1,0,0,0,18,7,4,2,0,52.0,1.2487916666666667,0,10,6,17,12,0,0,2,0,0
90132099,1,Tai Tien Ta,L3,8,standard_converged,0.6,0,0,2,1,0,0,27,7,5,2,0,74.0,1.2827083333333336,0,11,10,25,22,0,18,6,0,
90132099,1,Tai Tien Ta,L3,9,standard_converged,0.6,0,0,2,1,0,0,30,11,5,6,0,100.0,1.2789166666666667,2,11,7,33,7,4,0,12,0,
90132099,1,Tai Tien Ta,L3,10,standard_converged,0.6,0,0,2,1,0,0,35,12,6,6,0,122.0,1.2960625000000001,0,11,7,41,11,0,9,17,0,
90132099,1,Tai Tien Ta,L3,11,standard_converged,0.6,0,0,3,1,1,0,33,14,6,6,0,55.0,1.3082708333333335,0,4,8,9,24,6,0,21,0,0
90132099,1,Tai Tien Ta,L3,12,standard_converged,0.6,0,0,3,1,1,0,39,14,8,6,0,75.0,1.3157083333333333,0,6,6,14,18,4,9,27,0,
90132099,1,Tai Tien Ta,L3,13,standard_converged,0.6,0,0,3,1,1,0,43,14,8,6,0,77.0,1.3381458333333334,2,6,4,12,6,0,6,33,0,
90132099,1,Tai Tien Ta,L3,14,standard_converged,0.6,0,0,3,1,1,0,51,14,8,6,0,105.0,1.3604583333333333,1,9,4,18,12,28,9,38,4,
90132099,1,Tai Tien Ta,L3,15,standard_converged,0.6,0,0,3,1,1,0,52,14,8,6,0,82.0,1.3439375,1,8,4,10,14,4,9,40,0,
90132099,1,Tai Tien Ta,L3,16,standard_converged,0.6,0,0,3,1,1,0,53,14,8,6,0,98.0,1.3668958333333332,1,10,3,13,6,0,9,40,4,
90132099,1,Tai Tien Ta,L3,17,standard_converged,0.6,0,0,3,1,1,0,54,14,8,6,0,108.0,1.3681666666666668,0,10,4,14,6,20,12,40,8,
90132099,1,Tai Tien Ta,L3,18,standard_converged,0.6,0,0,3,1,1,0,54,14,8,6,0,117.0,1.3765,0,9,5,11,11,4,9,40,16,
90132099,1,Tai Tien Ta,L3,19,standard_converged,0.6,0,0,3,1,1,0,53,14,8,6,0,127.0,1.4080833333333334,0,9,4,14,12,0,21,40,18,
90132099,1,Tai Tien Ta,L3,20,standard_converged,0.6,0,0,3,1,1,0,52,14,8,6,0,151.0,1.4254375000000001,1,9,3,20,11,20,9,40,24,
90132099,1,Tai Tien Ta,L3,21,standard_converged,0.6,0,0,3,1,1,0,50,14,8,6,0,165.0,1.4448333333333334,1,9,1,26,4,4,14,40,25,
90132099,1,Tai Tien Ta,L3,22,standard_converged,0.6,0,0,3,1,1,0,46,14,8,6,0,196.0,1.4583125,1,8,,29,,0,9,38,39,
90132099,1,Tai Tien Ta,L3,23,standard_converged,0.6,0,0,3,1,1,0,45,14,8,6,0,209.0,1.4567083333333333,1,7,,28,,20,15,38,47,
90132099,1,Tai Tien Ta,L3,24,standard_converged,0.6,0,0,3,1,1,0,44,14,8,6,0,186.0,1.4722916666666668,1,6,,26,,4,9,38,38,
90132099,1,Tai Tien Ta,L3,25,standard_converged,0.6,0,0,3,1,1,0,39,14,8,6,0,173.0,1.4787291666666667,2,5,,24,,0,15,34,36,
90132099,1,Tai Tien Ta,L3,26,standard_converged,0.6,0,0,3,1,1,0,31,14,8,6,0,127.0,1.4745208333333333,3,3,,15,,20,9,28,26,
90132099,1,Tai Tien Ta,L3,27,standard_converged,0.6,0,0,3,1,1,0,53,14,8,6,0,90.0,1.4837916666666668,5,2,29,11,29,4,15,22,15,
90132099,1,Tai Tien Ta,L3,28,standard_converged,0.6,0,0,3,1,1,0,45,14,8,6,0,55.0,1.4930625000000002,12,,30,,30,0,9,15,13,
90132099,1,Tai Tien Ta,L3,29,standard_converged,0.6,0,0,3,1,1,0,35,14,8,5,0,37.0,1.5056041666666666,15,,23,,54,20,15,12,6,0
90132830,0,Roshan Singh,L2,0,standard_converged,0.6,0,0,1,0,0,0,0,0,0,0,0,0.0,1.0,0,,,,,,,,,
90132830,0,Roshan Singh,L2,1,standard_converged,0.6,0,0,1,0,0,0,17,4,3,1,0,25.0,1.065,0,7,10,7,10,0,0,,,
90132830,0,Roshan Singh,L2,2,standard_converged,0.6,0,0,1,0,0,0,18,4,3,1,0,25.0,1.0934791666666668,0,7,11,7,11,0,0,,,
90132830,0,Roshan Singh,L2,3,standard_converged,0.6,0,0,1,0,0,0,19,4,3,1,0,28.0,1.1148125000000002,0,8,11,8,21,0,0,,,
90132830,0,Roshan Singh,L2,4,standard_converged,0.6,0,0,1,0,0,0,19,4,3,1,0,28.0,1.1443124999999998,0,8,11,8,32,0,0,,,
90132830,0,Roshan Singh,L2,5,standard_converged,0.6,0,0,1,0,0,0,19,4,3,1,0,36.0,1.1675625,0,10,7,10,9,0,0,2,0,
90132830,0,Roshan Singh,L2,6,standard_converged,0.6,0,0,1,0,0,0,18,6,4,2,0,38.0,1.1849166666666668,0,10,6,10,6,6,0,2,0,
90132830,0,Roshan Singh,L2,7,standard_converged,0.6,0,0,1,0,0,0,18,7,4,2,0,52.0,1.2050416666666666,0,10,6,17,12,0,0,2,0,0
90132830,0,Roshan Singh,L2,8,standard_converged,0.6,0,0,2,1,0,0,27,7,5,2,0,74.0,1.2372916666666667,0,11,10,25,22,0,18,6,0,
90132830,0,Roshan Singh,L2,9,standard_converged,0.6,0,0,2,1,0,0,30,11,5,6,0,100.0,1.2326666666666668,2,11,7,33,7,4,0,12,0,
90132830,0,Roshan Singh,L2,10,standard_converged,0.6,0,0,2,1,0,0,35,12,6,6,0,122.0,1.2452291666666668,0,11,7,41,11,0,9,17,0,
90132830,0,Roshan Singh,L2,11,standard_converged,0.6,0,0,3,1,1,0,33,14,6,6,0,55.0,1.2641041666666666,0,4,8,9,24,6,0,21,0,0
90132830,0,Roshan Singh,L2,12,standard_converged,0.6,0,0,3,1,1,0,39,14,8,6,0,75.0,1.2417083333333332,0,6,6,14,18,4,9,27,0,
90132830,0,Roshan Singh,L2,13,standard_converged,0.6,0,0,3,1,1,0,43,14,8,6,0,77.0,1.2503541666666669,2,6,4,12,6,0,6,33,0,
90132830,0,Roshan Singh,L2,14,standard_converged,0.6,0,0,3,1,1,0,51,14,8,6,0,105.0,1.2804583333333335,1,9,4,18,12,28,9,38,4,
90132830,0,Roshan Singh,L2,15,standard_converged,0.6,0,0,3,1,1,0,52,14,8,6,0,82.0,1.13025,1,8,4,10,14,4,9,40,0,
90132830,0,Roshan Singh,L2,16,standard_converged,0.6,0,0,3,1,1,0,53,14,8,6,0,98.0,1.1160625,1,10,3,13,6,0,9,40,4,
90132830,0,Roshan Singh,L2,17,standard_converged,0.6,0,0,3,1,1,0,54,14,8,6,0,108.0,1.1165416666666668,1,10,4,14,6,20,12,40,8,
90132830,0,Roshan Singh,L2,18,standard_converged,0.6,0,0,3,1,1,0,54,14,8,6,0,117.0,1.0885624999999999,1,9,5,11,11,4,9,40,16,
90132830,0,Roshan Singh,L2,19,standard_converged,0.6,0,0,3,1,1,0,53,14,8,6,0,127.0,1.0997708333333331,1,9,4,14,12,0,21,40,18,
90132830,0,Roshan Singh,L2,20,standard_converged,0.6,0,0,3,1,1,0,52,14,8,6,0,151.0,1.2119166666666665,1,9,3,20,11,20,9,40,24,
90132830,0,Roshan Singh,L2,21,standard_converged,0.6,0,0,3,1,1,0,50,14,8,6,0,165.0,1.2978541666666665,1,9,1,26,4,4,14,40,25,
90132830,0,Roshan Singh,L2,22,standard_converged,0.6,0,0,3,1,1,0,46,14,8,6,0,196.0,1.2853541666666666,1,8,,29,,0,9,38,39,
90132830,0,Roshan Singh,L2,23,standard_converged,0.6,0,0,3,1,1,0,45,14,8,6,0,209.0,1.2537083333333332,1,7,,28,,20,15,38,47,
90132830,0,Roshan Singh,L2,24,standard_converged,0.6,0,0,3,1,1,0,44,14,8,6,0,186.0,1.3018124999999998,1,6,,26,,4,9,38,38,
90132830,0,Roshan Singh,L2,25,standard_converged,0.6,0,0,3,1,1,0,39,14,8,6,0,173.0,1.2052291666666668,1,5,,24,,0,15,34,36,
90132830,0,Roshan Singh,L2,26,standard_converged,0.6,0,0,3,1,1,0,31,14,8,6,0,127.0,1.1682083333333333,2,3,,15,,20,9,28,26,
90132830,0,Roshan Singh,L2,27,standard_converged,0.6,0,0,3,1,1,0,54,14,8,6,0,90.0,1.1825,4,2,30,11,30,4,15,22,15,
90132830,0,Roshan Singh,L2,28,standard_converged,0.6,0,0,3,1,1,0,46,14,8,6,0,55.0,1.1646875,11,,31,,31,0,9,15,13,
90132830,0,Roshan Singh,L2,29,standard_converged,0.6,0,0,3,1,1,0,35,14,8,5,0,37.0,1.1732916666666666,14,,23,,53,20,15,12,6,0
90132830,1,cracker_1_war,L2,0,standard_converged,0.6,0,0,1,0,0,0,0,0,0,0,0,0.0,1.0,0,,,,,,,,,
90132830,1,cracker_1_war,L2,1,standard_converged,0.6,0,0,1,0,0,0,17,4,3,1,0,25.0,1.065,0,7,10,7,10,0,0,,,
90132830,1,cracker_1_war,L2,2,standard_converged,0.6,0,0,1,0,0,0,18,4,3,1,0,25.0,1.0934791666666668,0,7,11,7,11,0,0,,,
90132830,1,cracker_1_war,L2,3,standard_converged,0.6,0,0,1,0,0,0,19,4,3,1,0,28.0,1.1148125000000002,0,8,11,8,21,0,0,,,
90132830,1,cracker_1_war,L2,4,standard_converged,0.6,0,0,1,0,0,0,19,4,3,1,0,28.0,1.1443124999999998,0,8,11,8,32,0,0,,,
90132830,1,cracker_1_war,L2,5,standard_converged,0.6,0,0,1,0,0,0,19,4,3,1,0,36.0,1.1675625,0,10,7,10,9,0,0,2,0,
90132830,1,cracker_1_war,L2,6,standard_converged,0.6,0,0,1,0,0,0,18,6,4,2,0,38.0,1.1849166666666668,0,10,6,10,6,6,0,2,0,
90132830,1,cracker_1_war,L2,7,standard_converged,0.6,0,0,1,0,0,0,18,7,4,2,0,52.0,1.2050416666666666,0,10,6,17,12,0,0,2,0,0
90132830,1,cracker_1_war,L2,8,standard_converged,0.6,0,0,2,1,0,0,27,7,5,2,0,74.0,1.2372916666666667,1,11,10,25,22,0,18,6,0,
90132830,1,cracker_1_war,L2,9,standard_converged,0.6,0,0,2,1,0,0,30,11,5,6,0,100.0,1.2326666666666668,3,11,7,33,7,4,0,12,0,
90132830,1,cracker_1_war,L2,10,standard_converged,0.6,0,0,2,1,0,0,35,12,6,6,0,122.0,1.2452291666666668,1,11,7,41,11,0,9,17,0,
90132830,1,cracker_1_war,L2,11,standard_converged,0.6,0,0,3,1,1,0,32,14,6,6,0,54.0,1.2641041666666666,1,4,8,9,24,6,0,20,0,0
90132830,1,cracker_1_war,L2,12,standard_converged,0.6,0,0,3,1,1,0,38,14,8,6,0,74.0,1.2417083333333332,1,6,6,14,18,4,9,26,0,
90132830,1,cracker_1_war,L2,13,standard_converged,0.6,0,0,3,1,1,0,46,14,8,6,0,88.0,1.2503541666666669,3,10,4,16,6,0,6,32,0,
90132830,1,cracker_1_war,L2,14,standard_converged,0.6,0,0,3,1,1,0,54,14,8,6,0,116.0,1.2804583333333335,3,13,4,22,12,28,9,37,4,
90132830,1,cracker_1_war,L2,15,standard_converged,0.6,0,0,3,1,1,0,55,14,8,6,0,93.0,1.13025,3,12,4,14,14,4,9,39,0,
90132830,1,cracker_1_war,L2,16,standard_converged,0.6,0,0,3,1,1,0,56,14,8,6,0,109.0,1.1160625,2,14,3,17,6,0,9,39,4,
90132830,1,cracker_1_war,L2,17,standard_converged,0.6,0,0,3,1,1,0,57,14,8,6,0,119.0,1.1165416666666668,1,14,4,18,6,20,12,39,8,
90132830,1,cracker_1_war,L2,18,standard_converged,0.6,0,0,3,1,1,0,57,14,8,6,0,128.0,1.0885624999999999,1,13,5,15,11,4,9,39,16,
90132830,1,cracker_1_war,L2,19,standard_converged,0.6,0,0,3,1,1,0,56,14,8,6,0,146.0,1.0997708333333331,1,13,4,22,12,0,21,39,18,
90132830,1,cracker_1_war,L2,20,standard_converged,0.6,0,0,3,1,1,0,55,14,8,6,0,166.0,1.2119166666666665,1,13,3,28,11,20,9,39,22,
90132830,1,cracker_1_war,L2,21,standard_converged,0.6,0,0,3,1,1,0,53,14,8,6,0,192.0,1.2978541666666665,1,13,1,38,4,4,14,39,25,
90132830,1,cracker_1_war,L2,22,standard_converged,0.6,0,0,3,1,1,0,49,14,8,6,0,221.0,1.2853541666666666,1,12,,41,,0,9,37,38,
90132830,1,cracker_1_war,L2,23,standard_converged,0.6,0,0,3,1,1,0,48,14,8,6,0,246.0,1.2537083333333332,1,11,,44,,20,15,37,48,
90132830,1,cracker_1_war,L2,24,standard_converged,0.6,0,0,3,1,1,0,47,14,8,6,0,229.0,1.3018124999999998,1,10,,46,,4,9,37,38,
90132830,1,cracker_1_war,L2,25,standard_converged,0.6,0,0,3,1,1,0,38,14,8,6,0,174.0,1.2052291666666668,1,5,,24,,0,15,33,37,
90132830,1,cracker_1_war,L2,26,standard_converged,0.6,0,0,3,1,1,0,30,14,8,6,0,126.0,1.1682083333333333,2,3,,15,,20,9,27,26,
90132830,1,cracker_1_war,L2,27,standard_converged,0.6,0,0,3,1,1,0,51,14,8,6,0,90.0,1.1825,5,2,29,11,29,4,15,20,16,
90132830,1,cracker_1_war,L2,28,standard_converged,0.6,0,0,3,1,1,0,46,14,8,6,0,58.0,1.1646875,11,,32,,32,0,9,14,15,
90132830,1,cracker_1_war,L2,29,standard_converged,0.6,0,0,3,1,1,0,37,14,8,5,0,34.0,1.1732916666666666,14,,26,,58,20,15,11,5,0
90133493,0,Ben Hamilton,L2,0,standard_converged,0.6,0,0,1,0,0,0,0,0,0,0,0,0.0,1.0,0,,,,,,,,,
90133493,0,Ben Hamilton,L2,1,standard_converged,0.6,0,0,1,0,0,0,17,4,3,1,0,25.0,1.065,0,7,10,7,10,0,0,,,
90133493,0,Ben Hamilton,L2,2,standard_converged,0.6,0,0,1,0,0,0,18,4,3,1,0,25.0,1.0934791666666668,0,7,11,7,11,0,0,,,
90133493,0,Ben Hamilton,L2,3,standard_converged,0.6,0,0,1,0,0,0,19,4,3,1,0,28.0,1.1148125000000002,0,8,11,8,21,0,0,,,
90133493,0,Ben Hamilton,L2,4,standard_converged,0.6,0,0,1,0,0,0,19,4,3,1,0,28.0,1.1443124999999998,0,8,11,8,32,0,0,,,
90133493,0,Ben Hamilton,L2,5,standard_converged,0.6,0,0,1,0,0,0,19,4,3,1,0,36.0,1.1675625,0,10,7,10,9,0,0,2,0,
90133493,0,Ben Hamilton,L2,6,standard_converged,0.6,0,0,1,0,0,0,18,6,4,2,0,38.0,1.1849166666666668,0,10,6,10,6,6,0,2,0,
90133493,0,Ben Hamilton,L2,7,standard_converged,0.6,0,0,1,0,0,0,18,7,4,2,0,52.0,1.2017083333333334,0,10,6,17,12,0,0,2,0,0
90133493,0,Ben Hamilton,L2,8,standard_converged,0.6,0,0,2,1,0,0,27,7,5,2,0,74.0,1.2242708333333334,1,11,10,25,22,0,18,6,0,
90133493,0,Ben Hamilton,L2,9,standard_converged,0.6,0,0,2,1,0,0,30,11,5,6,0,100.0,1.1988125,2,11,7,33,7,4,0,12,0,
90133493,0,Ben Hamilton,L2,10,standard_converged,0.6,0,0,2,1,0,0,35,12,6,6,0,122.0,1.2343958333333334,0,11,7,41,11,0,9,17,0,
90133493,0,Ben Hamilton,L2,11,standard_converged,0.6,0,0,3,1,1,0,33,14,6,6,0,55.0,1.2369166666666667,0,4,8,9,24,6,0,21,0,0
90133493,0,Ben Hamilton,L2,12,standard_converged,0.6,0,0,3,1,1,0,39,14,8,6,0,75.0,1.23275,0,6,6,14,18,4,9,27,0,
90133493,0,Ben Hamilton,L2,13,standard_converged,0.6,0,0,3,1,1,0,43,14,8,6,0,77.0,1.233375,2,6,4,12,6,0,6,33,0,
90133493,0,Ben Hamilton,L2,14,standard_converged,0.6,0,0,3,1,1,0,51,14,8,6,0,105.0,1.2512916666666667,1,9,4,18,12,28,9,38,4,
90133493,0,Ben Hamilton,L2,15,standard_converged,0.6,0,0,3,1,1,0,52,14,8,6,0,82.0,1.2529583333333334,1,8,4,10,14,4,9,40,0,
90133493,0,Ben Hamilton,L2,16,standard_converged,0.6,0,0,3,1,1,0,53,14,8,6,0,98.0,1.2682499999999999,1,10,3,13,6,0,9,40,4,
90133493,0,Ben Hamilton,L2,17,standard_converged,0.6,0,0,3,1,1,0,54,14,8,6,0,108.0,1.2890416666666666,0,10,4,14,6,20,12,40,8,
90133493,0,Ben Hamilton,L2,18,standard_converged,0.6,0,0,3,1,1,0,54,14,8,6,0,117.0,1.2825625,0,9,5,11,11,4,9,40,16,
90133493,0,Ben Hamilton,L2,19,standard_converged,0.6,0,0,3,1,1,0,53,14,8,6,0,127.0,1.2871041666666667,0,9,4,14,12,0,21,40,18,
90133493,0,Ben Hamilton,L2,20,standard_converged,0.6,0,0,3,1,1,0,52,14,8,6,0,151.0,1.2779375000000002,0,9,3,20,11,20,9,40,24,
90133493,0,Ben Hamilton,L2,21,standard_converged,0.6,0,0,3,1,1,0,50,14,8,6,0,165.0,1.2623125,0,9,1,26,4,4,14,40,25,
90133493,0,Ben Hamilton,L2,22,standard_converged,0.6,0,0,3,1,1,0,46,14,8,6,0,196.0,1.262125,1,8,,29,,0,9,38,39,
90133493,0,Ben Hamilton,L2,23,standard_converged,0.6,0,0,3,1,1,0,45,14,8,6,0,209.0,1.2339166666666668,1,7,,28,,20,15,38,47,
90133493,0,Ben Hamilton,L2,24,standard_converged,0.6,0,0,3,1,1,0,44,14,8,6,0,186.0,1.2272291666666668,1,6,,26,,4,9,38,38,
90133493,0,Ben Hamilton,L2,25,standard_converged,0.6,0,0,3,1,1,0,39,14,8,6,0,173.0,1.0750625,1,5,,24,,0,15,34,36,
90133493,0,Ben Hamilton,L2,26,standard_converged,0.6,0,0,3,1,1,0,31,14,8,6,0,127.0,0.9404583333333334,4,3,,15,,20,9,28,26,
90133493,0,Ben Hamilton,L2,27,standard_converged,0.6,0,0,3,1,1,0,52,14,8,6,0,90.0,0.92425,6,2,28,11,28,4,15,22,15,
90133493,0,Ben Hamilton,L2,28,standard_converged,0.6,0,0,3,1,1,0,44,14,8,6,0,55.0,0.8745833333333334,13,,29,,29,0,9,15,13,
90133493,0,Ben Hamilton,L2,29,standard_converged,0.6,0,0,3,1,1,0,34,14,8,5,0,37.0,0.913625,16,,22,,51,20,15,12,6,0
90133493,1,Arya Mazloomi,L2,0,standard_converged,0.6,0,0,1,0,0,0,0,0,0,0,0,0.0,1.0,0,,,,,,,,,
90133493,1,Arya Mazloomi,L2,1,standard_converged,0.6,0,0,1,0,0,0,17,4,3,1,0,25.0,1.065,0,7,10,7,10,0,0,,,
90133493,1,Arya Mazloomi,L2,2,standard_converged,0.6,0,0,1,0,0,0,18,4,3,1,0,25.0,1.0934791666666668,0,7,11,7,11,0,0,,,
90133493,1,Arya Mazloomi,L2,3,standard_converged,0.6,0,0,1,0,0,0,19,4,3,1,0,28.0,1.1148125000000002,0,8,11,8,21,0,0,,,
90133493,1,Arya Mazloomi,L2,4,standard_converged,0.6,0,0,1,0,0,0,19,4,3,1,0,28.0,1.1443124999999998,0,8,11,8,32,0,0,,,
90133493,1,Arya Mazloomi,L2,5,standard_converged,0.6,0,0,1,0,0,0,19,4,3,1,0,36.0,1.1675625,0,10,7,10,9,0,0,2,0,
90133493,1,Arya Mazloomi,L2,6,standard_converged,0.6,0,0,1,0,0,0,18,6,4,2,0,38.0,1.1849166666666668,0,10,6,10,6,6,0,2,0,
90133493,1,Arya Mazloomi,L2,7,standard_converged,0.6,0,0,1,0,0,0,18,7,4,2,0,52.0,1.2017083333333334,0,10,6,17,12,0,0,2,0,0
90133493,1,Arya Mazloomi,L2,8,standard_converged,0.6,0,0,2,1,0,0,27,7,5,2,0,74.0,1.2242708333333334,0,11,10,25,22,0,18,6,0,
90133493,1,Arya Mazloomi,L2,9,standard_converged,0.6,0,0,2,1,0,0,30,11,5,6,0,100.0,1.1988125,2,11,7,33,7,4,0,12,0,
90133493,1,Arya Mazloomi,L2,10,standard_converged,0.6,0,0,2,1,0,0,35,12,6,6,0,122.0,1.2343958333333334,0,11,7,41,11,0,9,17,0,
90133493,1,Arya Mazloomi,L2,11,standard_converged,0.6,0,0,3,1,1,0,33,14,6,6,0,55.0,1.2369166666666667,0,4,8,9,24,6,0,21,0,0
90133493,1,Arya Mazloomi,L2,12,standard_converged,0.6,0,0,3,1,1,0,39,14,8,6,0,75.0,1.23275,0,6,6,14,18,4,9,27,0,
90133493,1,Arya Mazloomi,L2,13,standard_converged,0.6,0,0,3,1,1,0,43,14,8,6,0,77.0,1.233375,2,6,4,12,6,0,6,33,0,
90133493,1,Arya Mazloomi,L2,14,standard_converged,0.6,0,0,3,1,1,0,51,14,8,6,0,105.0,1.2512916666666667,1,9,4,18,12,28,9,38,4,
90133493,1,Arya Mazloomi,L2,15,standard_converged,0.6,0,0,3,1,1,0,52,14,8,6,0,82.0,1.2529583333333334,1,8,4,10,14,4,9,40,0,
90133493,1,Arya Mazloomi,L2,16,standard_converged,0.6,0,0,3,1,1,0,53,14,8,6,0,98.0,1.2682499999999999,1,10,3,13,6,0,9,40,4,
90133493,1,Arya Mazloomi,L2,17,standard_converged,0.6,0,0,3,1,1,0,54,14,8,6,0,108.0,1.2890416666666666,0,10,4,14,6,20,12,40,8,
90133493,1,Arya Mazloomi,L2,18,standard_converged,0.6,0,0,3,1,1,0,54,14,8,6,0,117.0,1.2825625,0,9,5,11,11,4,9,40,16,
90133493,1,Arya Mazloomi,L2,19,standard_converged,0.6,0,0,3,1,1,0,53,14,8,6,0,127.0,1.2871041666666667,0,9,4,14,12,0,21,40,18,
90133493,1,Arya Mazloomi,L2,20,standard_converged,0.6,0,0,3,1,1,0,52,14,8,6,0,151.0,1.2779375000000002,0,9,3,20,11,20,9,40,24,
90133493,1,Arya Mazloomi,L2,21,standard_converged,0.6,0,0,3,1,1,0,50,14,8,6,0,165.0,1.2623125,0,9,1,26,4,4,14,40,25,
90133493,1,Arya Mazloomi,L2,22,standard_converged,0.6,0,0,3,1,1,0,46,14,8,6,0,196.0,1.262125,0,8,,29,,0,9,38,39,
90133493,1,Arya Mazloomi,L2,23,standard_converged,0.6,0,0,3,1,1,0,45,14,8,6,0,209.0,1.2339166666666668,0,7,,28,,20,15,38,47,
90133493,1,Arya Mazloomi,L2,24,standard_converged,0.6,0,0,3,1,1,0,44,14,8,6,0,186.0,1.2272291666666668,0,6,,26,,4,9,38,38,
90133493,1,Arya Mazloomi,L2,25,standard_converged,0.6,0,0,3,1,1,0,39,14,8,6,0,173.0,1.0750625,0,5,,24,,0,15,34,36,
90133493,1,Arya Mazloomi,L2,26,standard_converged,0.6,0,0,3,1,1,0,31,14,8,6,0,127.0,0.9404583333333334,1,3,,15,,20,9,28,26,
90133493,1,Arya Mazloomi,L2,27,standard_converged,0.6,0,0,3,1,1,0,55,14,8,6,0,90.0,0.92425,3,2,31,11,31,4,15,22,15,
90133493,1,Arya Mazloomi,L2,28,standard_converged,0.6,0,0,3,1,1,0,47,14,8,6,0,55.0,0.8745833333333334,10,,32,,32,0,9,15,13,
90133493,1,Arya Mazloomi,L2,29,standard_converged,0.6,0,0,3,1,1,0,36,14,8,5,0,37.0,0.913625,14,,24,,56,20,15,12,6,0
90133507,0,MilanJoshi,L2,0,standard_converged,0.6,0,0,1,0,0,0,0,0,0,0,0,0.0,1.0,0,,,,,,,,,
90133507,0,MilanJoshi,L2,1,standard_converged,0.6,0,0,1,0,0,0,17,4,3,1,0,25.0,1.065,0,7,10,7,10,0,0,,,
90133507,0,MilanJoshi,L2,2,standard_converged,0.6,0,0,1,0,0,0,18,4,3,1,0,25.0,1.0934791666666668,0,7,11,7,11,0,0,,,
90133507,0,MilanJoshi,L2,3,standard_converged,0.6,0,0,1,0,0,0,19,4,3,1,0,28.0,1.1148125000000002,0,8,11,8,21,0,0,,,
90133507,0,MilanJoshi,L2,4,standard_converged,0.6,0,0,1,0,0,0,19,4,3,1,0,28.0,1.1405625,0,8,11,8,32,0,0,,,
90133507,0,MilanJoshi,L2,5,standard_converged,0.6,0,0,1,0,0,0,19,4,3,1,0,36.0,1.1569375000000002,0,10,7,10,9,0,0,2,0,
90133507,0,MilanJoshi,L2,6,standard_converged,0.6,0,0,1,0,0,0,18,6,4,2,0,38.0,1.1705416666666668,0,10,6,10,6,6,0,2,0,
90133507,0,MilanJoshi,L2,7,standard_converged,0.6,0,0,1,0,0,0,18,7,4,2,0,52.0,1.1920208333333333,0,10,6,17,12,0,0,2,0,0
90133507,0,MilanJoshi,L2,8,standard_converged,0.6,0,0,2,1,0,0,27,7,5,2,0,74.0,1.2127083333333335,0,11,10,25,22,0,18,6,0,
90133507,0,MilanJoshi,L2,9,standard_converged,0.6,0,0,2,1,0,0,30,11,5,6,0,100.0,1.14725,2,11,7,33,7,4,0,12,0,
90133507,0,MilanJoshi,L2,10,standard_converged,0.6,0,0,2,1,0,0,35,12,6,6,0,122.0,1.2031458333333334,0,11,7,41,11,0,9,17,0,
90133507,0,MilanJoshi,L2,11,standard_converged,0.6,0,0,3,1,1,0,33,14,6,6,0,55.0,1.2059791666666668,0,4,8,9,24,6,0,21,0,0
90133507,0,MilanJoshi,L2,12,standard_converged,0.6,0,0,3,1,1,0,39,14,8,6,0,75.0,1.197125,0,6,6,14,18,4,9,27,0,
90133507,0,MilanJoshi,L2,13,standard_converged,0.6,0,0,3,1,1,0,47,14,8,6,0,89.0,1.200875,2,10,4,16,6,0,6,33,0,
90133507,0,MilanJoshi,L2,14,standard_converged,0.6,0,0,3,1,1,0,55,14,8,6,0,117.0,1.2237916666666666,1,13,4,22,12,28,9,38,4,
90133507,0,MilanJoshi,L2,15,standard_converged,0.6,0,0,3,1,1,0,56,14,8,6,0,94.0,1.2355625000000001,1,12,4,14,14,4,9,40,0,
90133507,0,MilanJoshi,L2,16,standard_converged,0.6,0,0,3,1,1,0,57,14,8,6,0,110.0,1.2482499999999999,1,14,3,17,6,0,9,40,4,
90133507,0,MilanJoshi,L2,17,standard_converged,0.6,0,0,3,1,1,0,58,14,8,6,0,120.0,1.2685208333333333,0,14,4,18,6,20,12,40,8,
90133507,0,MilanJoshi,L2,18,standard_converged,0.6,0,0,3,1,1,0,58,14,8,6,0,129.0,1.2571041666666667,0,13,5,15,11,4,9,40,16,
90133507,0,MilanJoshi,L2,19,standard_converged,0.6,0,0,3,1,1,0,57,14,8,6,0,147.0,1.2701875,0,13,4,22,12,0,21,40,18,
90133507,0,MilanJoshi,L2,20,standard_converged,0.6,0,0,3,1,1,0,56,14,8,6,0,171.0,1.258375,0,13,3,28,11,20,9,40,24,
90133507,0,MilanJoshi,L2,21,standard_converged,0.6,0,0,3,1,1,0,54,14,8,6,0,193.0,1.2311666666666667,0,13,1,38,4,4,14,40,25,
90133507,0,MilanJoshi,L2,22,standard_converged,0.6,0,0,3,1,1,0,50,14,8,6,0,226.0,1.2497291666666666,0,12,,41,,0,9,38,40,
90133507,0,MilanJoshi,L2,23,standard_converged,0.6,0,0,3,1,1,0,49,14,8,6,0,247.0,1.2254791666666667,0,11,,44,,20,15,38,48,
90133507,0,MilanJoshi,L2,24,standard_converged,0.6,0,0,3,1,1,0,48,14,8,6,0,234.0,1.2307708333333334,0,10,,46,,4,9,38,40,
90133507,0,MilanJoshi,L2,25,standard_converged,0.6,0,0,3,1,1,0,39,14,8,6,0,175.0,1.1262708333333333,0,5,,24,,0,15,34,37,
90133507,0,MilanJoshi,L2,26,standard_converged,0.6,0,0,3,1,1,0,31,14,8,6,0,131.0,1.0646666666666667,1,3,,15,,20,9,28,28,
90133507,0,MilanJoshi,L2,27,standard_converged,0.6,0,0,3,1,1,0,52,14,8,6,0,91.0,1.0178125,4,2,29,11,29,4,15,21,16,
90133507,0,MilanJoshi,L2,28,standard_converged,0.6,0,0,3,1,1,0,46,14,8,6,0,58.0,0.9470833333333333,11,,32,,32,0,9,14,15,
90133507,0,MilanJoshi,L2,29,standard_converged,0.6,0,0,3,1,1,0,37,14,8,5,0,34.0,0.9484999999999999,14,,26,,58,20,15,11,5,0
90133507,1,Roshan Singh,L2,0,standard_converged,0.6,0,0,1,0,0,0,0,0,0,0,0,0.0,1.0,0,,,,,,,,,
90133507,1,Roshan Singh,L2,1,standard_converged,0.6,0,0,1,0,0,0,17,4,3,1,0,25.0,1.065,0,7,10,7,10,0,0,,,
90133507,1,Roshan Singh,L2,2,standard_converged,0.6,0,0,1,0,0,0,18,4,3,1,0,25.0,1.0934791666666668,0,7,11,7,11,0,0,,,
90133507,1,Roshan Singh,L2,3,standard_converged,0.6,0,0,1,0,0,0,19,4,3,1,0,28.0,1.1148125000000002,0,8,11,8,21,0,0,,,
90133507,1,Roshan Singh,L2,4,standard_converged,0.6,0,0,1,0,0,0,19,4,3,1,0,28.0,1.1405625,0,8,11,8,32,0,0,,,
90133507,1,Roshan Singh,L2,5,standard_converged,0.6,0,0,1,0,0,0,19,4,3,1,0,36.0,1.1569375000000002,0,10,7,10,9,0,0,2,0,
90133507,1,Roshan Singh,L2,6,standard_converged,0.6,0,0,1,0,0,0,18,6,4,2,0,38.0,1.1705416666666668,0,10,6,10,6,6,0,2,0,
90133507,1,Roshan Singh,L2,7,standard_converged,0.6,0,0,1,0,0,0,18,7,4,2,0,52.0,1.1920208333333333,0,10,6,17,12,0,0,2,0,0
90133507,1,Roshan Singh,L2,8,standard_converged,0.6,0,0,2,1,0,0,27,7,5,2,0,74.0,1.2127083333333335,0,11,10,25,22,0,18,6,0,
90133507,1,Roshan Singh,L2,9,standard_converged,0.6,0,0,2,1,0,0,30,11,5,6,0,100.0,1.14725,2,11,7,33,7,4,0,12,0,
90133507,1,Roshan Singh,L2,10,standard_converged,0.6,0,0,2,1,0,0,35,12,6,6,0,122.0,1.2031458333333334,0,11,7,41,11,0,9,17,0,
90133507,1,Roshan Singh,L2,11,standard_converged,0.6,0,0,3,1,1,0,33,14,6,6,0,55.0,1.2059791666666668,0,4,8,9,24,6,0,21,0,0
90133507,1,Roshan Singh,L2,12,standard_converged,0.6,0,0,3,1,1,0,39,14,8,6,0,75.0,1.197125,0,6,6,14,18,4,9,27,0,
90133507,1,Roshan Singh,L2,13,standard_converged,0.6,0,0,3,1,1,0,43,14,8,6,0,77.0,1.200875,2,6,4,12,6,0,6,33,0,
90133507,1,Roshan Singh,L2,14,standard_converged,0.6,0,0,3,1,1,0,51,14,8,6,0,105.0,1.2237916666666666,1,9,4,18,12,28,9,38,4,
90133507,1,Roshan Singh,L2,15,standard_converged,0.6,0,0,3,1,1,0,52,14,8,6,0,82.0,1.2355625000000001,1,8,4,10,14,4,9,40,0,
90133507,1,Roshan Singh,L2,16,standard_converged,0.6,0,0,3,1,1,0,53,14,8,6,0,98.0,1.2482499999999999,1,10,3,13,6,0,9,40,4,
90133507,1,Roshan Singh,L2,17,standard_converged,0.6,0,0,3,1,1,0,54,14,8,6,0,108.0,1.2685208333333333,0,10,4,14,6,20,12,40,8,
90133507,1,Roshan Singh,L2,18,standard_converged,0.6,0,0,3,1,1,0,54,14,8,6,0,117.0,1.2571041666666667,0,9,5,11,11,4,9,40,16,
90133507,1,Roshan Singh,L2,19,standard_converged,0.6,0,0,3,1,1,0,53,14,8,6,0,127.0,1.2701875,0,9,4,14,12,0,21,40,18,
90133507,1,Roshan Singh,L2,20,standard_converged,0.6,0,0,3,1,1,0,52,14,8,6,0,151.0,1.258375,0,9,3,20,11,20,9,40,24,
90133507,1,Roshan Singh,L2,21,standard_converged,0.6,0,0,3,1,1,0,50,14,8,6,0,165.0,1.2311666666666667,0,9,1,26,4,4,14,40,25,
90133507,1,Roshan Singh,L2,22,standard_converged,0.6,0,0,3,1,1,0,46,14,8,6,0,196.0,1.2497291666666666,0,8,,29,,0,9,38,39,
90133507,1,Roshan Singh,L2,23,standard_converged,0.6,0,0,3,1,1,0,45,14,8,6,0,209.0,1.2254791666666667,0,7,,28,,20,15,38,47,
90133507,1,Roshan Singh,L2,24,standard_converged,0.6,0,0,3,1,1,0,44,14,8,6,0,186.0,1.2307708333333334,0,6,,26,,4,9,38,38,
90133507,1,Roshan Singh,L2,25,standard_converged,0.6,0,0,3,1,1,0,39,14,8,6,0,173.0,1.1262708333333333,0,5,,24,,0,15,34,36,
90133507,1,Roshan Singh,L2,26,standard_converged,0.6,0,0,3,1,1,0,31,14,8,6,0,127.0,1.0646666666666667,1,3,,15,,20,9,28,26,
90133507,1,Roshan Singh,L2,27,standard_converged,0.6,0,0,3,1,1,0,55,14,8,6,0,86.0,1.0178125,3,2,31,10,31,4,15,22,14,
90133507,1,Roshan Singh,L2,28,standard_converged,0.6,0,0,3,1,1,0,47,14,8,6,0,55.0,0.9470833333333333,10,,32,,32,0,9,15,13,
90133507,1,Roshan Singh,L2,29,standard_converged,0.6,0,0,3,1,1,0,36,14,8,5,0,35.0,0.9484999999999999,13,,24,,56,20,15,12,5,0
90133550,0,Jesse Ferguson,L2,0,standard_converged,0.6,0,0,1,0,0,0,0,0,0,0,0,0.0,1.0,0,,,,,,,,,
90133550,0,Jesse Ferguson,L2,1,standard_converged,0.6,0,0,1,0,0,0,17,4,3,1,0,25.0,1.065,0,7,10,7,10,0,0,,,
90133550,0,Jesse Ferguson,L2,2,standard_converged,0.6,0,0,1,0,0,0,18,4,3,1,0,25.0,1.0934791666666668,0,7,11,7,11,0,0,,,
90133550,0,Jesse Ferguson,L2,3,standard_converged,0.6,0,0,1,0,0,0,19,4,3,1,0,28.0,1.1148125000000002,0,8,11,8,21,0,0,,,
90133550,0,Jesse Ferguson,L2,4,standard_converged,0.6,0,0,1,0,0,0,19,4,3,1,0,28.0,1.1405625,0,8,11,8,32,0,0,,,
90133550,0,Jesse Ferguson,L2,5,standard_converged,0.6,0,0,1,0,0,0,19,4,3,1,0,36.0,1.1569375000000002,0,10,7,10,9,0,0,2,0,
90133550,0,Jesse Ferguson,L2,6,standard_converged,0.6,0,0,1,0,0,0,18,6,4,2,0,38.0,1.1705416666666668,0,10,6,10,6,6,0,2,0,
90133550,0,Jesse Ferguson,L2,7,standard_converged,0.6,0,0,1,0,0,0,18,7,4,2,0,52.0,1.1972291666666666,0,10,6,17,12,0,0,2,0,0
90133550,0,Jesse Ferguson,L2,8,standard_converged,0.6,0,0,2,1,0,0,27,7,5,2,0,74.0,1.2163541666666666,0,11,10,25,22,0,18,6,0,
90133550,0,Jesse Ferguson,L2,9,standard_converged,0.6,0,0,2,1,0,0,30,11,5,6,0,100.0,1.1170416666666667,2,11,7,33,7,4,0,12,0,
90133550,0,Jesse Ferguson,L2,10,standard_converged,0.6,0,0,2,1,0,0,35,12,6,6,0,122.0,1.1646041666666667,0,11,7,41,11,0,9,17,0,
90133550,0,Jesse Ferguson,L2,11,standard_converged,0.6,0,0,3,1,1,0,33,14,6,6,0,55.0,1.1856666666666666,0,4,8,9,24,6,0,21,0,0
90133550,0,Jesse Ferguson,L2,12,standard_converged,0.6,0,0,3,1,1,0,39,14,8,6,0,75.0,1.2195208333333334,0,6,6,14,18,4,9,27,0,
90133550,0,Jesse Ferguson,L2,13,standard_converged,0.6,0,0,3,1,1,0,43,14,8,6,0,77.0,1.1566041666666667,2,6,4,12,6,0,6,33,0,
90133550,0,Jesse Ferguson,L2,14,standard_converged,0.6,0,0,3,1,1,0,51,14,8,6,0,105.0,1.1649375,1,9,4,18,12,28,9,38,4,
90133550,0,Jesse Ferguson,L2,15,standard_converged,0.6,0,0,3,1,1,0,52,14,8,6,0,82.0,1.1761875000000002,1,8,4,10,14,4,9,40,0,
90133550,0,Jesse Ferguson,L2,16,standard_converged,0.6,0,0,3,1,1,0,53,14,8,6,0,98.0,1.1492916666666666,0,10,3,13,6,0,9,40,4,
90133550,0,Jesse Ferguson,L2,17,standard_converged,0.6,0,0,3,1,1,0,54,14,8,6,0,108.0,1.1440416666666666,0,10,4,14,6,20,12,40,8,
90133550,0,Jesse Ferguson,L2,18,standard_converged,0.6,0,0,3,1,1,0,54,14,8,6,0,117.0,1.1114791666666666,0,9,5,11,11,4,9,40,16,
90133550,0,Jesse Ferguson,L2,19,standard_converged,0.6,0,0,3,1,1,0,53,14,8,6,0,127.0,1.0701875,0,9,4,14,12,0,21,40,18,
90133550,0,Jesse Ferguson,L2,20,standard_converged,0.6,0,0,3,1,1,0,52,14,8,6,0,151.0,1.0000416666666667,0,9,3,20,11,20,9,40,24,
90133550,0,Jesse Ferguson,L2,21,standard_converged,0.6,0,0,3,1,1,0,50,14,8,6,0,165.0,0.9909791666666667,0,9,1,26,4,4,14,40,25,
90133550,0,Jesse Ferguson,L2,22,standard_converged,0.6,0,0,3,1,1,0,46,14,8,6,0,196.0,0.9759791666666666,0,8,,29,,0,9,38,39,
90133550,0,Jesse Ferguson,L2,23,standard_converged,0.6,0,0,3,1,1,0,45,14,8,6,0,209.0,0.9850416666666667,1,7,,28,,20,15,38,47,
90133550,0,Jesse Ferguson,L2,24,standard_converged,0.6,0,0,3,1,1,0,44,14,8,6,0,186.0,0.9547291666666667,1,6,,26,,4,9,38,38,
90133550,0,Jesse Ferguson,L2,25,standard_converged,0.6,0,0,3,1,1,0,39,14,8,6,0,173.0,0.9710000000000001,1,5,,24,,0,15,34,36,
90133550,0,Jesse Ferguson,L2,26,standard_converged,0.6,0,0,3,1,1,0,31,14,8,6,0,127.0,0.8554583333333333,3,3,,15,,20,9,28,26,
90133550,0,Jesse Ferguson,L2,27,standard_converged,0.6,0,0,3,1,1,0,53,14,8,6,0,90.0,0.823625,5,2,29,11,29,4,15,22,15,
90133550,0,Jesse Ferguson,L2,28,standard_converged,0.6,0,0,3,1,1,0,45,14,8,6,0,55.0,0.7684375000000001,12,,30,,30,0,9,15,13,
90133550,0,Jesse Ferguson,L2,29,standard_converged,0.6,0,0,3,1,1,0,35,14,8,5,0,37.0,0.7758750000000001,15,,23,,54,20,15,12,6,0
90133550,1,SeshuRaju 🧘‍♂️,L2,0,standard_converged,0.6,0,0,1,0,0,0,0,0,0,0,0,0.0,1.0,0,,,,,,,,,
90133550,1,SeshuRaju 🧘‍♂️,L2,1,standard_converged,0.6,0,0,1,0,0,0,17,4,3,1,0,25.0,1.065,0,7,10,7,10,0,0,,,
90133550,1,SeshuRaju 🧘‍♂️,L2,2,standard_converged,0.6,0,0,1,0,0,0,18,4,3,1,0,25.0,1.0934791666666668,0,7,11,7,11,0,0,,,
90133550,1,SeshuRaju 🧘‍♂️,L2,3,standard_converged,0.6,0,0,1,0,0,0,19,4,3,1,0,28.0,1.1148125000000002,0,8,11,8,21,0,0,,,
90133550,1,SeshuRaju 🧘‍♂️,L2,4,standard_converged,0.6,0,0,1,0,0,0,19,4,3,1,0,28.0,1.1405625,0,8,11,8,32,0,0,,,
90133550,1,SeshuRaju 🧘‍♂️,L2,5,standard_converged,0.6,0,0,1,0,0,0,19,4,3,1,0,36.0,1.1569375000000002,0,10,7,10,9,0,0,2,0,
90133550,1,SeshuRaju 🧘‍♂️,L2,6,standard_converged,0.6,0,0,1,0,0,0,18,6,4,2,0,38.0,1.1705416666666668,0,10,6,10,6,6,0,2,0,
90133550,1,SeshuRaju 🧘‍♂️,L2,7,standard_converged,0.6,0,0,1,0,0,0,18,7,4,2,0,52.0,1.1972291666666666,0,10,6,17,12,0,0,2,0,0
90133550,1,SeshuRaju 🧘‍♂️,L2,8,standard_converged,0.6,0,0,2,1,0,0,27,7,5,2,0,74.0,1.2163541666666666,0,11,10,25,22,0,18,6,0,
90133550,1,SeshuRaju 🧘‍♂️,L2,9,standard_converged,0.6,0,0,2,1,0,0,30,11,5,6,0,100.0,1.1170416666666667,2,11,7,33,7,4,0,12,0,
90133550,1,SeshuRaju 🧘‍♂️,L2,10,standard_converged,0.6,0,0,2,1,0,0,35,12,6,6,0,122.0,1.1646041666666667,0,11,7,41,11,0,9,17,0,
90133550,1,SeshuRaju 🧘‍♂️,L2,11,standard_converged,0.6,0,0,3,1,1,0,33,14,6,6,0,55.0,1.1856666666666666,0,4,8,9,24,6,0,21,0,0
90133550,1,SeshuRaju 🧘‍♂️,L2,12,standard_converged,0.6,0,0,3,1,1,0,39,14,8,6,0,75.0,1.2195208333333334,0,6,6,14,18,4,9,27,0,
90133550,1,SeshuRaju 🧘‍♂️,L2,13,standard_converged,0.6,0,0,3,1,1,0,43,14,8,6,0,77.0,1.1566041666666667,2,6,4,12,6,0,6,33,0,
90133550,1,SeshuRaju 🧘‍♂️,L2,14,standard_converged,0.6,0,0,3,1,1,0,51,14,8,6,0,105.0,1.1649375,1,9,4,18,12,28,9,38,4,
90133550,1,SeshuRaju 🧘‍♂️,L2,15,standard_converged,0.6,0,0,3,1,1,0,52,14,8,6,0,82.0,1.1761875000000002,1,8,4,10,14,4,9,40,0,
90133550,1,SeshuRaju 🧘‍♂️,L2,16,standard_converged,0.6,0,0,3,1,1,0,53,14,8,6,0,98.0,1.1492916666666666,0,10,3,13,6,0,9,40,4,
90133550,1,SeshuRaju 🧘‍♂️,L2,17,standard_converged,0.6,0,0,3,1,1,0,54,14,8,6,0,108.0,1.1440416666666666,0,10,4,14,6,20,12,40,8,
90133550,1,SeshuRaju 🧘‍♂️,L2,18,standard_converged,0.6,0,0,3,1,1,0,54,14,8,6,0,117.0,1.1114791666666666,0,9,5,11,11,4,9,40,16,
90133550,1,SeshuRaju 🧘‍♂️,L2,19,standard_converged,0.6,0,0,3,1,1,0,53,14,8,6,0,127.0,1.0701875,0,9,4,14,12,0,21,40,18,
90133550,1,SeshuRaju 🧘‍♂️,L2,20,standard_converged,0.6,0,0,3,1,1,0,52,14,8,6,0,151.0,1.0000416666666667,0,9,3,20,11,20,9,40,24,
90133550,1,SeshuRaju 🧘‍♂️,L2,21,standard_converged,0.6,0,0,3,1,1,0,50,14,8,6,0,165.0,0.9909791666666667,0,9,1,26,4,4,14,40,25,
90133550,1,SeshuRaju 🧘‍♂️,L2,22,standard_converged,0.6,0,0,3,1,1,0,46,14,8,6,0,196.0,0.9759791666666666,0,8,,29,,0,9,38,39,
90133550,1,SeshuRaju 🧘‍♂️,L2,23,standard_converged,0.6,0,0,3,1,1,0,45,14,8,6,0,209.0,0.9850416666666667,0,7,,28,,20,15,38,47,
90133550,1,SeshuRaju 🧘‍♂️,L2,24,standard_converged,0.6,0,0,3,1,1,0,44,14,8,6,0,186.0,0.9547291666666667,0,6,,26,,4,9,38,38,
90133550,1,SeshuRaju 🧘‍♂️,L2,25,standard_converged,0.6,0,0,3,1,1,0,39,14,8,6,0,173.0,0.9710000000000001,0,5,,24,,0,15,34,36,
90133550,1,SeshuRaju 🧘‍♂️,L2,26,standard_converged,0.6,0,0,3,1,1,0,31,14,8,6,0,127.0,0.8554583333333333,1,3,,15,,20,9,28,26,
90133550,1,SeshuRaju 🧘‍♂️,L2,27,standard_converged,0.6,0,0,3,1,1,0,55,14,8,6,0,90.0,0.823625,3,2,31,11,31,4,15,22,15,
90133550,1,SeshuRaju 🧘‍♂️,L2,28,standard_converged,0.6,0,0,3,1,1,0,47,14,8,6,0,55.0,0.7684375000000001,10,,32,,32,0,9,15,13,
90133550,1,SeshuRaju 🧘‍♂️,L2,29,standard_converged,0.6,0,0,3,1,1,0,36,14,8,5,0,37.0,0.7758750000000001,13,,24,,56,20,15,12,6,0
