episode,seat,step,day,item,requested,filled,revenue,weighted_price,floor_units
90104951,0,76,3,MELON,8,0,0.0,0,0
90104951,1,76,3,MELON,8,0,0.0,0,0
90104951,0,77,3,MELON,6,0,0.0,0,0
90104951,1,77,3,MELON,6,0,0.0,0,0
90104951,0,98,4,MELON,5,0,0.0,0,0
90104951,1,98,4,MELON,5,0,0.0,0,0
90104951,0,158,6,WOOL,6,0,0.0,0,0
90104951,1,158,6,WOOL,6,0,0.0,0,0
90104951,0,195,8,MILK,10,0,0.0,0,0
90104951,1,195,8,MILK,10,0,0.0,0,0
90104951,0,198,8,MILK,15,0,0.0,0,0
90104951,1,198,8,MILK,15,0,0.0,0,0
90104951,0,229,9,WOOL,4,0,0.0,0,0
90104951,1,229,9,WOOL,4,0,0.0,0,0
90104951,0,256,10,MELON,8,0,0.0,0,0
90104951,1,256,10,MELON,8,0,0.0,0,0
90104951,0,257,10,MELON,8,0,0.0,0,0
90104951,1,257,10,MELON,8,0,0.0,0,0
90104951,0,259,10,MELON,20,0,0.0,0,0
90104951,1,259,10,MELON,20,0,0.0,0,0
90104951,0,262,10,MELON,14,0,0.0,0,0
90104951,1,262,10,MELON,14,0,0.0,0,0
90104951,0,264,11,MELON,34,18,4178.0,232.111111,0
90104951,1,264,11,MELON,34,18,4178.0,232.111111,0
90104951,0,269,11,STRAWBERRY,6,0,0.0,0,0
90104951,1,269,11,STRAWBERRY,6,0,0.0,0,0
90104951,0,280,11,WOOL,6,0,0.0,0,0
90104951,1,280,11,WOOL,6,0,0.0,0,0
90104951,0,292,12,STRAWBERRY,9,0,0.0,0,0
90104951,1,292,12,STRAWBERRY,9,0,0.0,0,0
90104951,0,292,12,MILK,11,9,1270.0,141.111111,0
90104951,1,292,12,MILK,11,9,1100.0,122.222222,0
90104951,0,294,12,MILK,15,0,0.0,0,0
90104951,1,294,12,MILK,15,0,0.0,0,0
90104951,0,295,12,MILK,25,0,0.0,0,0
90104951,1,295,12,MILK,25,0,0.0,0,0
90104951,0,301,12,MILK,11,0,0.0,0,0
90104951,1,301,12,MILK,11,0,0.0,0,0
90104951,0,302,12,MILK,8,0,0.0,0,0
90104951,1,302,12,MILK,8,0,0.0,0,0
90104951,0,306,12,MELON,15,0,0.0,0,0
90104951,1,306,12,MELON,15,0,0.0,0,0
90104951,0,308,12,MILK,2,0,0.0,0,0
90104951,1,308,12,MILK,2,0,0.0,0,0
90104951,0,309,12,WOOL,5,0,0.0,0,0
90104951,1,309,12,WOOL,5,0,0.0,0,0
90104951,0,323,13,MILK,4,4,439.0,109.75,0
90104951,1,323,13,MILK,4,4,439.0,109.75,0
90104951,0,324,13,MILK,1,0,0.0,0,0
90104951,1,324,13,MILK,1,0,0.0,0,0
90104951,0,325,13,MILK,4,0,0.0,0,0
90104951,1,325,13,MILK,4,0,0.0,0,0
90104951,0,341,14,MILK,4,2,198.0,99.0,0
90104951,1,341,14,MILK,4,2,198.0,99.0,0
90104951,0,343,14,MILK,4,0,0.0,0,0
90104951,1,343,14,MILK,4,0,0.0,0,0
90104951,0,344,14,MILK,5,0,0.0,0,0
90104951,1,344,14,MILK,5,0,0.0,0,0
90104951,0,347,14,MILK,4,0,0.0,0,0
90104951,1,347,14,MILK,4,0,0.0,0,0
90104951,0,348,14,MILK,5,0,0.0,0,0
90104951,1,348,14,MILK,5,0,0.0,0,0
90104951,0,348,14,WOOL,7,6,1192.0,198.666667,0
90104951,1,348,14,WOOL,7,5,970.0,194.0,0
90104951,0,353,14,WOOL,6,0,0.0,0,0
90104951,1,353,14,WOOL,6,0,0.0,0,0
90104951,0,354,14,WOOL,6,0,0.0,0,0
90104951,1,354,14,WOOL,6,0,0.0,0,0
90104951,0,358,14,WOOL,7,0,0.0,0,0
90104951,1,358,14,WOOL,7,0,0.0,0,0
90104951,0,359,14,MELON,12,6,1276.0,212.666667,0
90104951,1,359,14,MELON,7,6,1276.0,212.666667,0
90104951,0,359,14,STRAWBERRY,6,0,0.0,0,0
90104951,1,359,14,STRAWBERRY,6,0,0.0,0,0
90104951,0,360,15,MELON,9,6,1179.0,196.5,0
90104951,1,360,15,MELON,9,6,1179.0,196.5,0
90104951,0,362,15,MELON,9,0,0.0,0,0
90104951,1,362,15,MELON,9,0,0.0,0,0
90104951,0,364,15,WOOL,4,4,264.0,66.0,0
90104951,1,364,15,WOOL,4,4,264.0,66.0,0
90104951,0,365,15,MILK,11,9,911.0,101.222222,0
90104951,1,365,15,MILK,11,9,911.0,101.222222,0
90104951,0,366,15,WOOL,4,0,0.0,0,0
90104951,1,366,15,WOOL,4,0,0.0,0,0
90104951,0,367,15,MILK,11,0,0.0,0,0
90104951,1,367,15,MILK,11,0,0.0,0,0
90104951,0,370,15,WOOL,9,0,0.0,0,0
90104951,1,370,15,WOOL,9,0,0.0,0,0
90104951,0,371,15,MILK,15,0,0.0,0,0
90104951,1,371,15,MILK,15,0,0.0,0,0
90104951,0,375,15,WOOL,6,0,0.0,0,0
90104951,1,375,15,WOOL,6,0,0.0,0,0
90104951,0,384,16,WOOL,8,4,121.0,30.25,0
90104951,1,384,16,WOOL,8,4,121.0,30.25,0
90104951,0,385,16,MILK,11,9,911.0,101.222222,0
90104951,1,385,16,MILK,11,9,741.0,82.333333,0
90104951,0,387,16,MILK,11,0,0.0,0,0
90104951,1,387,16,MILK,11,0,0.0,0,0
90104951,0,391,16,MILK,35,0,0.0,0,0
90104951,1,391,16,MILK,35,0,0.0,0,0
90104951,0,407,16,WOOL,4,0,0.0,0,0
90104951,1,407,16,WOOL,4,0,0.0,0,0
90104951,0,408,17,MILK,18,9,735.0,81.666667,0
90104951,1,408,17,MILK,11,9,701.0,77.888889,0
90104951,0,409,17,MILK,11,0,0.0,0,0
90104951,1,409,17,MILK,11,0,0.0,0,0
90104951,0,411,17,MELON,1,0,0.0,0,0
90104951,1,411,17,MELON,1,0,0.0,0,0
90104951,0,415,17,STRAWBERRY,8,8,1976.0,247.0,0
90104951,1,415,17,STRAWBERRY,8,8,1976.0,247.0,0
90104951,0,416,17,STRAWBERRY,4,0,0.0,0,0
90104951,1,416,17,STRAWBERRY,4,0,0.0,0,0
90104951,0,417,17,STRAWBERRY,8,0,0.0,0,0
90104951,1,417,17,STRAWBERRY,8,0,0.0,0,0
90104951,0,421,17,STRAWBERRY,8,0,0.0,0,0
90104951,1,421,17,STRAWBERRY,8,0,0.0,0,0
90104951,0,423,17,MELON,5,0,0.0,0,0
90104951,1,423,17,MELON,5,0,0.0,0,0
90104951,0,423,17,WOOL,4,0,0.0,0,0
90104951,1,423,17,WOOL,4,0,0.0,0,0
90104951,0,424,17,WOOL,3,0,0.0,0,0
90104951,1,424,17,WOOL,3,0,0.0,0,0
90104951,0,435,18,STRAWBERRY,12,8,1984.0,248.0,0
90104951,1,435,18,STRAWBERRY,12,8,1984.0,248.0,0
90104951,0,436,18,MILK,12,12,996.0,83.0,0
90104951,1,436,18,MILK,4,4,380.0,95.0,0
90104951,0,437,18,STRAWBERRY,12,0,0.0,0,0
90104951,1,437,18,STRAWBERRY,12,0,0.0,0,0
90104951,0,437,18,MILK,10,0,0.0,0,0
90104951,1,437,18,MILK,10,8,516.0,64.5,0
90104951,0,438,18,MILK,4,0,0.0,0,0
90104951,1,438,18,MILK,4,0,0.0,0,0
90104951,0,439,18,MILK,6,0,0.0,0,0
90104951,1,439,18,MILK,6,0,0.0,0,0
90104951,0,440,18,MILK,5,0,0.0,0,0
90104951,1,440,18,MILK,5,0,0.0,0,0
90104951,0,441,18,STRAWBERRY,26,0,0.0,0,0
90104951,1,441,18,STRAWBERRY,26,0,0.0,0,0
90104951,0,442,18,MILK,4,0,0.0,0,0
90104951,1,442,18,MILK,4,0,0.0,0,0
90104951,0,443,18,MILK,6,0,0.0,0,0
90104951,1,443,18,MILK,6,0,0.0,0,0
90104951,0,443,18,WOOL,13,13,27.0,2.076923,11
90104951,1,443,18,WOOL,2,2,2.0,1.0,2
90104951,0,444,18,MILK,25,0,0.0,0,0
90104951,1,444,18,MILK,25,0,0.0,0,0
90104951,0,444,18,WOOL,2,0,0.0,0,0
90104951,1,444,18,WOOL,2,2,2.0,1.0,2
90104951,0,445,18,STRAWBERRY,30,0,0.0,0,0
90104951,1,445,18,STRAWBERRY,30,0,0.0,0,0
90104951,0,445,18,WOOL,2,0,0.0,0,0
90104951,1,445,18,WOOL,2,2,16.0,8.0,0
90104951,0,447,18,WOOL,2,0,0.0,0,0
90104951,1,447,18,WOOL,2,2,2.0,1.0,2
90104951,0,448,18,WOOL,2,0,0.0,0,0
90104951,1,448,18,WOOL,2,2,2.0,1.0,2
90104951,0,449,18,WOOL,2,0,0.0,0,0
90104951,1,449,18,WOOL,2,2,2.0,1.0,2
90104951,0,450,18,STRAWBERRY,2,0,0.0,0,0
90104951,1,450,18,STRAWBERRY,2,0,0.0,0,0
90104951,0,450,18,MILK,8,0,0.0,0,0
90104951,1,450,18,MILK,8,0,0.0,0,0
90104951,0,455,18,WOOL,4,4,4.0,1.0,4
90104951,1,455,18,WOOL,4,4,4.0,1.0,4
90104951,0,456,19,WOOL,1,0,0.0,0,0
90104951,1,456,19,WOOL,1,1,1.0,1.0,1
90104951,0,457,19,WOOL,4,0,0.0,0,0
90104951,1,457,19,WOOL,4,0,0.0,0,0
90104951,0,461,19,WOOL,4,0,0.0,0,0
90104951,1,461,19,WOOL,4,0,0.0,0,0
90104951,0,463,19,STRAWBERRY,14,14,3485.0,248.928571,0
90104951,1,463,19,STRAWBERRY,2,2,502.0,251.0,0
90104951,0,464,19,STRAWBERRY,2,0,0.0,0,0
90104951,1,464,19,STRAWBERRY,2,2,494.0,247.0,0
90104951,0,465,19,STRAWBERRY,17,0,0.0,0,0
90104951,1,465,19,STRAWBERRY,17,10,2459.0,245.9,0
90104951,0,466,19,STRAWBERRY,3,0,0.0,0,0
90104951,1,466,19,STRAWBERRY,3,0,0.0,0,0
90104951,0,466,19,WOOL,4,0,0.0,0,0
90104951,1,466,19,WOOL,4,0,0.0,0,0
90104951,0,467,19,STRAWBERRY,15,0,0.0,0,0
90104951,1,467,19,STRAWBERRY,15,0,0.0,0,0
90104951,0,468,19,STRAWBERRY,2,0,0.0,0,0
90104951,1,468,19,STRAWBERRY,2,0,0.0,0,0
90104951,0,469,19,STRAWBERRY,2,0,0.0,0,0
90104951,1,469,19,STRAWBERRY,2,0,0.0,0,0
90104951,0,469,19,MILK,11,9,836.0,92.888889,0
90104951,1,469,19,MILK,11,9,666.0,74.0,0
90104951,0,470,19,STRAWBERRY,3,0,0.0,0,0
90104951,1,470,19,STRAWBERRY,3,0,0.0,0,0
90104951,0,470,19,WOOL,4,0,0.0,0,0
90104951,1,470,19,WOOL,4,0,0.0,0,0
90104951,0,471,19,STRAWBERRY,15,0,0.0,0,0
90104951,1,471,19,STRAWBERRY,15,0,0.0,0,0
90104951,0,471,19,MILK,11,0,0.0,0,0
90104951,1,471,19,MILK,11,0,0.0,0,0
90104951,0,472,19,STRAWBERRY,2,0,0.0,0,0
90104951,1,472,19,STRAWBERRY,2,0,0.0,0,0
90104951,0,474,19,STRAWBERRY,14,0,0.0,0,0
90104951,1,474,19,STRAWBERRY,14,0,0.0,0,0
90104951,0,475,19,MILK,15,0,0.0,0,0
90104951,1,475,19,MILK,15,0,0.0,0,0
90104951,0,477,19,MILK,14,0,0.0,0,0
90104951,1,477,19,MILK,14,0,0.0,0,0
90104951,0,478,19,STRAWBERRY,9,0,0.0,0,0
90104951,1,478,19,STRAWBERRY,9,0,0.0,0,0
90104951,0,480,20,STRAWBERRY,18,12,2867.0,238.916667,0
90104951,1,480,20,STRAWBERRY,18,12,2909.0,242.416667,0
90104951,0,480,20,MILK,15,15,480.0,32.0,0
90104951,1,480,20,MILK,9,9,65.0,7.222222,2
90104951,1,481,20,MILK,6,6,48.0,8.0,0
90104951,0,482,20,STRAWBERRY,18,0,0.0,0,0
90104951,1,482,20,STRAWBERRY,18,0,0.0,0,0
90104951,0,483,20,MILK,19,0,0.0,0,0
90104951,1,483,20,MILK,19,0,0.0,0,0
90104951,0,485,20,MILK,19,0,0.0,0,0
90104951,1,485,20,MILK,19,0,0.0,0,0
90104951,0,486,20,STRAWBERRY,30,0,0.0,0,0
90104951,1,486,20,STRAWBERRY,30,0,0.0,0,0
90104951,0,488,20,STRAWBERRY,4,0,0.0,0,0
90104951,1,488,20,STRAWBERRY,4,0,0.0,0,0
90104951,0,489,20,MILK,19,0,0.0,0,0
90104951,1,489,20,MILK,19,0,0.0,0,0
90104951,0,492,20,STRAWBERRY,3,2,481.0,240.5,0
90104951,1,492,20,STRAWBERRY,3,2,481.0,240.5,0
90104951,0,493,20,STRAWBERRY,3,0,0.0,0,0
90104951,1,493,20,STRAWBERRY,3,0,0.0,0,0
90104951,0,494,20,MELON,1,1,212.0,212.0,0
90104951,1,494,20,MELON,1,1,210.0,210.0,0
90104951,0,494,20,STRAWBERRY,6,0,0.0,0,0
90104951,1,494,20,STRAWBERRY,6,0,0.0,0,0
90104951,0,497,20,STRAWBERRY,3,0,0.0,0,0
90104951,1,497,20,STRAWBERRY,3,0,0.0,0,0
90104951,0,498,20,STRAWBERRY,10,0,0.0,0,0
90104951,1,498,20,STRAWBERRY,10,0,0.0,0,0
90104951,0,499,20,STRAWBERRY,6,0,0.0,0,0
90104951,1,499,20,STRAWBERRY,6,0,0.0,0,0
90104951,0,501,20,STRAWBERRY,3,0,0.0,0,0
90104951,1,501,20,STRAWBERRY,3,0,0.0,0,0
90104951,0,504,21,MELON,2,0,0.0,0,0
90104951,1,504,21,MELON,2,0,0.0,0,0
90104951,0,504,21,STRAWBERRY,21,14,3288.0,234.857143,0
90104951,1,504,21,STRAWBERRY,21,14,3288.0,234.857143,0
90104951,0,505,21,STRAWBERRY,27,0,0.0,0,0
90104951,1,505,21,STRAWBERRY,27,0,0.0,0,0
90104951,0,506,21,MELON,2,0,0.0,0,0
90104951,1,506,21,MELON,2,0,0.0,0,0
90104951,0,509,21,MILK,9,9,382.0,42.444444,0
90104951,0,510,21,MELON,2,0,0.0,0,0
90104951,1,510,21,MELON,2,0,0.0,0,0
90104951,0,510,21,MILK,2,0,0.0,0,0
90104951,0,511,21,MILK,2,0,0.0,0,0
90104951,0,512,21,MILK,2,0,0.0,0,0
90104951,0,513,21,MILK,1,0,0.0,0,0
90104951,1,517,21,MILK,2,2,104.0,52.0,0
90104951,1,518,21,MILK,2,2,96.0,48.0,0
90104951,0,519,21,MILK,2,0,0.0,0,0
90104951,1,519,21,MILK,2,2,87.0,43.5,0
90104951,0,520,21,MILK,2,0,0.0,0,0
90104951,1,520,21,MILK,2,2,78.0,39.0,0
90104951,0,521,21,MILK,2,0,0.0,0,0
90104951,1,521,21,MILK,2,1,42.0,42.0,0
90104951,0,523,21,MILK,2,0,0.0,0,0
90104951,1,523,21,MILK,2,0,0.0,0,0
90104951,0,524,21,MILK,1,0,0.0,0,0
90104951,1,524,21,MILK,1,0,0.0,0,0
90104951,0,525,21,MILK,2,0,0.0,0,0
90104951,1,525,21,MILK,2,0,0.0,0,0
90104951,0,526,21,STRAWBERRY,4,0,0.0,0,0
90104951,1,526,21,STRAWBERRY,4,0,0.0,0,0
90104951,0,526,21,MILK,1,1,38.0,38.0,0
90104951,0,526,21,WOOL,24,24,657.0,27.375,14
90104951,1,526,21,WOOL,20,20,653.0,32.65,10
90104951,0,527,21,MELON,12,0,0.0,0,0
90104951,1,527,21,MELON,12,0,0.0,0,0
90104951,0,527,21,STRAWBERRY,3,0,0.0,0,0
90104951,1,527,21,STRAWBERRY,3,0,0.0,0,0
90104951,0,528,22,STRAWBERRY,21,14,3288.0,234.857143,0
90104951,1,528,22,STRAWBERRY,21,14,3288.0,234.857143,0
90104951,0,528,22,MILK,11,11,243.0,22.090909,0
90104951,1,528,22,MILK,2,2,68.0,34.0,0
90104951,1,529,22,MILK,7,7,121.0,17.285714,0
90104951,1,529,22,WOOL,4,4,58.0,14.5,0
90104951,0,531,22,STRAWBERRY,21,0,0.0,0,0
90104951,1,531,22,STRAWBERRY,21,0,0.0,0,0
90104951,1,533,22,MILK,3,3,39.0,13.0,0
90104951,0,535,22,MILK,15,0,0.0,0,0
90104951,1,535,22,MILK,15,0,0.0,0,0
90104951,0,536,22,WOOL,24,0,0.0,0,0
90104951,1,536,22,WOOL,24,0,0.0,0,0
90104951,0,537,22,MILK,24,0,0.0,0,0
90104951,1,537,22,MILK,24,0,0.0,0,0
90104951,0,538,22,WOOL,24,0,0.0,0,0
90104951,1,538,22,WOOL,24,0,0.0,0,0
90104951,0,541,22,MILK,30,0,0.0,0,0
90104951,1,541,22,MILK,30,0,0.0,0,0
90104951,0,542,22,WOOL,44,0,0.0,0,0
90104951,1,542,22,WOOL,44,0,0.0,0,0
90104951,0,543,22,STRAWBERRY,3,0,0.0,0,0
90104951,1,543,22,STRAWBERRY,3,0,0.0,0,0
90104951,0,547,22,STRAWBERRY,9,2,477.0,238.5,0
90104951,1,547,22,STRAWBERRY,9,2,477.0,238.5,0
90104951,0,548,22,STRAWBERRY,9,0,0.0,0,0
90104951,1,548,22,STRAWBERRY,9,0,0.0,0,0
90104951,0,549,22,WOOL,2,0,0.0,0,0
90104951,1,549,22,WOOL,2,0,0.0,0,0
90104951,0,550,22,WOOL,12,0,0.0,0,0
90104951,1,550,22,WOOL,12,0,0.0,0,0
90104951,0,551,22,MELON,6,6,1266.0,211.0,0
90104951,1,551,22,MELON,2,2,411.0,205.5,0
90104951,0,551,22,STRAWBERRY,3,0,0.0,0,0
90104951,1,551,22,STRAWBERRY,3,0,0.0,0,0
90104951,0,552,23,STRAWBERRY,12,12,2749.0,229.083333,0
90104951,0,552,23,MILK,9,9,306.0,34.0,0
90104951,0,552,23,WOOL,8,0,0.0,0,0
90104951,1,552,23,WOOL,8,0,0.0,0,0
90104951,1,553,23,MELON,4,4,828.0,207.0,0
90104951,1,553,23,STRAWBERRY,8,8,1828.0,228.5,0
90104951,0,553,23,MILK,4,0,0.0,0,0
90104951,1,557,23,STRAWBERRY,4,4,911.0,227.75,0
90104951,1,557,23,MILK,2,2,87.0,43.5,0
90104951,1,558,23,MILK,2,2,78.0,39.0,0
90104951,1,559,23,MILK,2,2,70.0,35.0,0
90104951,0,560,23,STRAWBERRY,20,0,0.0,0,0
90104951,1,560,23,STRAWBERRY,20,0,0.0,0,0
90104951,0,561,23,MELON,8,0,0.0,0,0
90104951,1,561,23,MELON,8,0,0.0,0,0
90104951,1,561,23,MILK,3,3,108.0,36.0,0
90104951,0,562,23,STRAWBERRY,20,0,0.0,0,0
90104951,1,562,23,STRAWBERRY,20,0,0.0,0,0
90104951,0,562,23,MILK,5,0,0.0,0,0
90104951,1,562,23,MILK,5,0,0.0,0,0
90104951,0,563,23,MELON,8,0,0.0,0,0
90104951,1,563,23,MELON,8,0,0.0,0,0
90104951,0,564,23,MILK,5,0,0.0,0,0
90104951,1,564,23,MILK,5,0,0.0,0,0
90104951,0,565,23,MILK,1,0,0.0,0,0
90104951,1,565,23,MILK,1,0,0.0,0,0
90104951,0,566,23,STRAWBERRY,21,0,0.0,0,0
90104951,1,566,23,STRAWBERRY,21,0,0.0,0,0
90104951,0,566,23,MILK,5,0,0.0,0,0
90104951,1,566,23,MILK,5,0,0.0,0,0
90104951,0,566,23,WOOL,3,0,0.0,0,0
90104951,1,566,23,WOOL,3,0,0.0,0,0
90104951,0,567,23,MELON,11,0,0.0,0,0
90104951,1,567,23,MELON,11,0,0.0,0,0
90104951,0,569,23,STRAWBERRY,6,2,461.0,230.5,0
90104951,1,569,23,STRAWBERRY,6,2,461.0,230.5,0
90104951,0,569,23,MILK,1,0,0.0,0,0
90104951,1,569,23,MILK,1,0,0.0,0,0
90104951,0,570,23,MILK,2,2,94.0,47.0,0
90104951,1,570,23,MILK,2,2,94.0,47.0,0
90104951,0,571,23,MILK,2,0,0.0,0,0
90104951,1,571,23,MILK,2,0,0.0,0,0
90104951,0,573,23,STRAWBERRY,9,0,0.0,0,0
90104951,1,573,23,STRAWBERRY,9,0,0.0,0,0
90104951,0,573,23,MILK,15,0,0.0,0,0
90104951,1,573,23,MILK,15,0,0.0,0,0
90104951,0,576,24,MELON,8,6,1213.0,202.166667,0
90104951,1,576,24,MELON,8,6,1213.0,202.166667,0
90104951,0,576,24,STRAWBERRY,44,29,6294.0,217.034483,0
90104951,1,576,24,STRAWBERRY,44,29,6294.0,217.034483,0
90104951,0,578,24,MELON,10,0,0.0,0,0
90104951,1,578,24,MELON,10,0,0.0,0,0
90104951,0,578,24,STRAWBERRY,52,0,0.0,0,0
90104951,1,578,24,STRAWBERRY,52,0,0.0,0,0
90104951,0,582,24,MELON,9,0,0.0,0,0
90104951,1,582,24,MELON,9,0,0.0,0,0
90104951,0,589,24,STRAWBERRY,3,2,429.0,214.5,0
90104951,1,589,24,STRAWBERRY,3,2,429.0,214.5,0
90104951,0,594,24,STRAWBERRY,6,0,0.0,0,0
90104951,1,594,24,STRAWBERRY,6,0,0.0,0,0
90104951,0,595,24,STRAWBERRY,6,0,0.0,0,0
90104951,1,595,24,STRAWBERRY,6,0,0.0,0,0
90104951,0,596,24,MILK,15,15,1205.0,80.333333,0
90104951,0,597,24,STRAWBERRY,6,4,847.0,211.75,0
90104951,1,597,24,STRAWBERRY,6,4,854.0,213.5,0
90104951,0,597,24,MILK,8,3,204.0,68.0,0
90104951,1,597,24,MILK,8,8,448.0,56.0,0
90104951,0,598,24,MILK,2,0,0.0,0,0
90104951,0,599,24,MELON,8,0,0.0,0,0
90104951,1,599,24,MELON,8,0,0.0,0,0
90104951,0,599,24,STRAWBERRY,6,0,0.0,0,0
90104951,1,599,24,STRAWBERRY,6,0,0.0,0,0
90104951,0,600,25,STRAWBERRY,32,21,4254.0,202.571429,0
90104951,1,600,25,STRAWBERRY,32,20,4060.0,203.0,0
90104951,0,600,25,MILK,3,3,127.0,42.333333,0
90104951,1,600,25,MILK,3,3,127.0,42.333333,0
90104951,1,601,25,MILK,5,5,223.0,44.6,0
90104951,0,601,25,WOOL,21,21,2488.0,118.47619,0
90104951,1,601,25,WOOL,5,5,274.0,54.8,0
90104951,1,602,25,MILK,2,2,74.0,37.0,0
90104951,0,602,25,WOOL,9,0,0.0,0,0
90104951,1,602,25,WOOL,5,5,121.0,24.2,0
90104951,0,603,25,WOOL,3,0,0.0,0,0
90104951,1,603,25,WOOL,5,5,9.0,1.8,4
90104951,1,604,25,WOOL,2,2,2.0,1.0,2
90104951,1,605,25,MILK,3,3,114.0,38.0,0
90104951,1,605,25,WOOL,2,2,16.0,8.0,0
90104951,0,606,25,MILK,8,0,0.0,0,0
90104951,1,606,25,MILK,8,0,0.0,0,0
90104951,0,607,25,MILK,19,0,0.0,0,0
90104951,1,607,25,MILK,19,0,0.0,0,0
90104951,0,608,25,MILK,8,0,0.0,0,0
90104951,1,608,25,MILK,8,0,0.0,0,0
90104951,0,609,25,MILK,11,0,0.0,0,0
90104951,1,609,25,MILK,11,0,0.0,0,0
90104951,1,609,25,WOOL,2,2,16.0,8.0,0
90104951,0,611,25,WOOL,9,0,0.0,0,0
90104951,1,611,25,WOOL,9,0,0.0,0,0
90104951,0,612,25,MILK,8,0,0.0,0,0
90104951,1,612,25,MILK,8,0,0.0,0,0
90104951,0,612,25,WOOL,9,0,0.0,0,0
90104951,1,612,25,WOOL,9,0,0.0,0,0
90104951,0,613,25,MILK,11,0,0.0,0,0
90104951,1,613,25,MILK,11,0,0.0,0,0
90104951,0,613,25,WOOL,9,0,0.0,0,0
90104951,1,613,25,WOOL,9,0,0.0,0,0
90104951,0,617,25,STRAWBERRY,9,0,0.0,0,0
90104951,1,617,25,STRAWBERRY,9,0,0.0,0,0
90104951,0,617,25,MILK,18,0,0.0,0,0
90104951,1,617,25,MILK,18,0,0.0,0,0
90104951,0,617,25,WOOL,9,0,0.0,0,0
90104951,1,617,25,WOOL,9,0,0.0,0,0
90104951,0,619,25,STRAWBERRY,9,0,0.0,0,0
90104951,1,619,25,STRAWBERRY,9,0,0.0,0,0
90104951,0,622,25,MELON,8,0,0.0,0,0
90104951,1,622,25,MELON,8,0,0.0,0,0
90104951,0,625,26,MELON,8,6,1066.0,177.666667,0
90104951,1,625,26,MELON,8,6,1066.0,177.666667,0
90104951,0,625,26,STRAWBERRY,20,18,3542.0,196.777778,0
90104951,1,625,26,STRAWBERRY,16,16,3016.0,188.5,0
90104951,0,625,26,MILK,15,15,1014.0,67.6,0
90104951,1,625,26,MILK,12,12,472.0,39.333333,0
90104951,0,625,26,WOOL,1,0,0.0,0,0
90104951,1,625,26,WOOL,1,0,0.0,0,0
90104951,0,627,26,WOOL,2,0,0.0,0,0
90104951,1,627,26,WOOL,2,0,0.0,0,0
90104951,1,629,26,STRAWBERRY,4,4,742.0,185.5,0
90104951,1,629,26,MILK,3,3,90.0,30.0,0
90104951,0,631,26,STRAWBERRY,30,0,0.0,0,0
90104951,1,631,26,STRAWBERRY,30,0,0.0,0,0
90104951,0,631,26,WOOL,12,0,0.0,0,0
90104951,1,631,26,WOOL,12,0,0.0,0,0
90104951,0,632,26,MILK,19,0,0.0,0,0
90104951,1,632,26,MILK,19,0,0.0,0,0
90104951,0,633,26,STRAWBERRY,30,0,0.0,0,0
90104951,1,633,26,STRAWBERRY,30,0,0.0,0,0
90104951,0,633,26,MILK,19,0,0.0,0,0
90104951,1,633,26,MILK,19,0,0.0,0,0
90104951,0,637,26,STRAWBERRY,30,0,0.0,0,0
90104951,1,637,26,STRAWBERRY,30,0,0.0,0,0
90104951,0,637,26,MILK,38,0,0.0,0,0
90104951,1,637,26,MILK,38,0,0.0,0,0
90104951,0,649,27,MELON,8,6,1024.0,170.666667,0
90104951,1,649,27,MELON,8,6,1024.0,170.666667,0
90104951,0,649,27,STRAWBERRY,24,24,4619.0,192.458333,0
90104951,0,649,27,MILK,9,9,522.0,58.0,0
90104951,1,649,27,MILK,6,6,381.0,63.5,0
90104951,0,649,27,WOOL,20,20,2737.0,136.85,0
90104951,0,650,27,STRAWBERRY,3,0,0.0,0,0
90104951,0,650,27,WOOL,1,0,0.0,0,0
90104951,0,651,27,STRAWBERRY,3,0,0.0,0,0
90104951,0,651,27,WOOL,1,0,0.0,0,0
90104951,0,652,27,STRAWBERRY,3,0,0.0,0,0
90104951,0,652,27,WOOL,1,0,0.0,0,0
90104951,0,653,27,STRAWBERRY,3,0,0.0,0,0
90104951,1,653,27,STRAWBERRY,2,2,376.0,188.0,0
90104951,1,653,27,MILK,3,3,141.0,47.0,0
90104951,0,653,27,WOOL,1,0,0.0,0,0
90104951,1,653,27,WOOL,1,1,102.0,102.0,0
90104951,0,654,27,STRAWBERRY,3,0,0.0,0,0
90104951,1,654,27,STRAWBERRY,2,2,374.0,187.0,0
90104951,0,654,27,WOOL,1,0,0.0,0,0
90104951,1,654,27,WOOL,1,1,98.0,98.0,0
90104951,0,655,27,STRAWBERRY,3,0,0.0,0,0
90104951,1,655,27,STRAWBERRY,2,2,372.0,186.0,0
90104951,0,655,27,MILK,11,0,0.0,0,0
90104951,1,655,27,MILK,11,0,0.0,0,0
90104951,0,655,27,WOOL,1,0,0.0,0,0
90104951,1,655,27,WOOL,1,1,93.0,93.0,0
90104951,0,656,27,STRAWBERRY,2,0,0.0,0,0
90104951,1,656,27,STRAWBERRY,2,2,370.0,185.0,0
90104951,0,656,27,WOOL,1,0,0.0,0,0
90104951,1,656,27,WOOL,1,1,88.0,88.0,0
90104951,0,657,27,STRAWBERRY,3,0,0.0,0,0
90104951,1,657,27,STRAWBERRY,3,3,557.0,185.666667,0
90104951,0,657,27,MILK,11,0,0.0,0,0
90104951,1,657,27,MILK,11,0,0.0,0,0
90104951,0,657,27,WOOL,1,0,0.0,0,0
90104951,1,657,27,WOOL,1,1,93.0,93.0,0
90104951,1,658,27,STRAWBERRY,3,3,552.0,184.0,0
90104951,0,658,27,WOOL,1,0,0.0,0,0
90104951,1,658,27,WOOL,1,1,88.0,88.0,0
90104951,0,659,27,STRAWBERRY,3,0,0.0,0,0
90104951,1,659,27,STRAWBERRY,3,3,547.0,182.333333,0
90104951,0,659,27,WOOL,1,0,0.0,0,0
90104951,1,659,27,WOOL,1,1,82.0,82.0,0
90104951,0,660,27,WOOL,1,0,0.0,0,0
90104951,1,660,27,WOOL,1,1,77.0,77.0,0
90104951,0,661,27,STRAWBERRY,3,0,0.0,0,0
90104951,1,661,27,STRAWBERRY,3,3,556.0,185.333333,0
90104951,0,661,27,MILK,12,0,0.0,0,0
90104951,1,661,27,MILK,12,0,0.0,0,0
90104951,0,661,27,WOOL,1,0,0.0,0,0
90104951,1,661,27,WOOL,1,1,102.0,102.0,0
90104951,0,662,27,STRAWBERRY,12,0,0.0,0,0
90104951,1,662,27,STRAWBERRY,12,3,550.0,183.333333,0
90104951,0,663,27,STRAWBERRY,14,0,0.0,0,0
90104951,1,663,27,STRAWBERRY,14,0,0.0,0,0
90104951,0,664,27,STRAWBERRY,12,0,0.0,0,0
90104951,1,664,27,STRAWBERRY,12,0,0.0,0,0
90104951,0,665,27,STRAWBERRY,6,0,0.0,0,0
90104951,1,665,27,STRAWBERRY,6,0,0.0,0,0
90104951,0,667,27,MILK,5,0,0.0,0,0
90104951,1,667,27,MILK,5,0,0.0,0,0
90104951,0,668,27,STRAWBERRY,12,0,0.0,0,0
90104951,1,668,27,STRAWBERRY,12,0,0.0,0,0
90104951,0,669,27,STRAWBERRY,6,0,0.0,0,0
90104951,1,669,27,STRAWBERRY,6,0,0.0,0,0
90104951,0,670,27,MILK,19,0,0.0,0,0
90104951,1,670,27,MILK,19,0,0.0,0,0
90104951,0,673,28,STRAWBERRY,15,15,2808.0,187.2,0
90104951,1,673,28,STRAWBERRY,7,7,1268.0,181.142857,0
90104951,0,673,28,MILK,19,9,565.0,62.777778,0
90104951,1,673,28,MILK,15,15,742.0,49.466667,0
90104951,0,674,28,STRAWBERRY,4,0,0.0,0,0
90104951,0,674,28,MILK,10,0,0.0,0,0
90104951,1,674,28,MILK,10,0,0.0,0,0
90104951,0,675,28,STRAWBERRY,4,0,0.0,0,0
90104951,0,676,28,STRAWBERRY,3,0,0.0,0,0
90104951,1,677,28,STRAWBERRY,4,4,721.0,180.25,0
90104951,1,678,28,STRAWBERRY,4,4,712.0,178.0,0
90104951,0,678,28,MILK,10,0,0.0,0,0
90104951,1,678,28,MILK,10,0,0.0,0,0
90104951,0,679,28,STRAWBERRY,4,0,0.0,0,0
90104951,1,679,28,STRAWBERRY,4,0,0.0,0,0
90104951,0,681,28,STRAWBERRY,4,0,0.0,0,0
90104951,1,681,28,STRAWBERRY,4,0,0.0,0,0
90104951,0,682,28,STRAWBERRY,18,0,0.0,0,0
90104951,1,682,28,STRAWBERRY,18,0,0.0,0,0
90104951,0,685,28,STRAWBERRY,4,0,0.0,0,0
90104951,1,685,28,STRAWBERRY,4,0,0.0,0,0
90104951,0,685,28,MILK,11,0,0.0,0,0
90104951,1,685,28,MILK,11,0,0.0,0,0
90104951,0,686,28,STRAWBERRY,34,0,0.0,0,0
90104951,1,686,28,STRAWBERRY,34,0,0.0,0,0
90104951,0,686,28,MILK,16,0,0.0,0,0
90104951,1,686,28,MILK,16,0,0.0,0,0
90104951,0,687,28,MELON,12,12,1924.0,160.333333,0
90104951,1,687,28,MELON,8,8,1336.0,167.0,0
90104951,0,687,28,WOOL,11,4,654.0,163.5,0
90104951,1,687,28,WOOL,5,5,802.0,160.4,0
90104951,0,688,28,STRAWBERRY,4,0,0.0,0,0
90104951,1,688,28,STRAWBERRY,4,0,0.0,0,0
90104951,0,689,28,STRAWBERRY,9,0,0.0,0,0
90104951,1,689,28,STRAWBERRY,9,0,0.0,0,0
90104951,1,689,28,WOOL,2,2,299.0,149.5,0
90104951,0,690,28,STRAWBERRY,21,0,0.0,0,0
90104951,1,690,28,STRAWBERRY,21,0,0.0,0,0
90104951,1,693,28,WOOL,2,2,299.0,149.5,0
90104951,0,697,29,MELON,15,0,0.0,0,0
90104951,1,697,29,MELON,15,4,588.0,147.0,0
90104951,0,697,29,STRAWBERRY,20,13,2413.0,185.615385,0
90104951,1,697,29,STRAWBERRY,20,13,2413.0,185.615385,0
90104951,0,697,29,MILK,11,9,666.0,74.0,0
90104951,1,697,29,MILK,11,9,495.0,55.0,0
90104951,0,697,29,WOOL,20,0,0.0,0,0
90104951,1,697,29,WOOL,20,6,936.0,156.0,0
90104951,0,698,29,MILK,11,0,0.0,0,0
90104951,1,698,29,MILK,11,0,0.0,0,0
90104951,0,699,29,WOOL,22,0,0.0,0,0
90104951,1,699,29,WOOL,22,0,0.0,0,0
90104951,0,702,29,MILK,14,0,0.0,0,0
90104951,1,702,29,MILK,14,0,0.0,0,0
90104951,0,703,29,MILK,4,0,0.0,0,0
90104951,1,703,29,MILK,4,0,0.0,0,0
90104951,0,703,29,WOOL,24,0,0.0,0,0
90104951,1,703,29,WOOL,24,0,0.0,0,0
90104951,0,707,29,MELON,1,0,0.0,0,0
90104951,1,707,29,MELON,1,0,0.0,0,0
90104951,0,709,29,MELON,10,0,0.0,0,0
90104951,1,709,29,MELON,10,0,0.0,0,0
90104951,0,709,29,WOOL,12,0,0.0,0,0
90104951,1,709,29,WOOL,12,0,0.0,0,0
90104951,0,710,29,MELON,4,0,0.0,0,0
90104951,1,710,29,MELON,4,0,0.0,0,0
90104951,0,710,29,MILK,11,0,0.0,0,0
90104951,1,710,29,MILK,11,0,0.0,0,0
90104951,0,711,29,MELON,1,0,0.0,0,0
90104951,1,711,29,MELON,1,0,0.0,0,0
90104951,0,712,29,MILK,15,0,0.0,0,0
90104951,1,712,29,MILK,15,0,0.0,0,0
90104951,0,712,29,WOOL,20,0,0.0,0,0
90104951,1,712,29,WOOL,20,0,0.0,0,0
90104951,0,713,29,MELON,10,0,0.0,0,0
90104951,1,713,29,MELON,10,0,0.0,0,0
90104951,0,713,29,STRAWBERRY,9,0,0.0,0,0
90104951,1,713,29,STRAWBERRY,9,0,0.0,0,0
90104951,0,713,29,MILK,4,0,0.0,0,0
90104951,1,713,29,MILK,4,0,0.0,0,0
90104951,0,714,29,MELON,4,0,0.0,0,0
90104951,1,714,29,MELON,4,0,0.0,0,0
90104951,0,715,29,MILK,4,0,0.0,0,0
90104951,1,715,29,MILK,4,0,0.0,0,0
90104951,0,715,29,WOOL,12,0,0.0,0,0
90104951,1,715,29,WOOL,12,0,0.0,0,0
90104951,0,716,29,STRAWBERRY,4,0,0.0,0,0
90104951,1,716,29,STRAWBERRY,4,0,0.0,0,0
90104951,0,716,29,MILK,4,0,0.0,0,0
90104951,1,716,29,MILK,4,0,0.0,0,0
90106933,0,76,3,MELON,6,0,0.0,0,0
90106933,0,77,3,MELON,5,0,0.0,0,0
90106933,0,98,4,MELON,4,0,0.0,0,0
90106933,1,154,6,WOOL,6,0,0.0,0,0
90106933,0,158,6,WOOL,6,0,0.0,0,0
90106933,0,195,8,MILK,8,0,0.0,0,0
90106933,1,197,8,MILK,6,0,0.0,0,0
90106933,0,198,8,MILK,12,0,0.0,0,0
90106933,1,198,8,MILK,6,0,0.0,0,0
90106933,1,199,8,MILK,6,0,0.0,0,0
90106933,0,229,9,WOOL,4,0,0.0,0,0
90106933,1,238,9,WOOL,4,0,0.0,0,0
90106933,1,254,10,MELON,6,0,0.0,0,0
90106933,0,256,10,MELON,6,0,0.0,0,0
90106933,0,257,10,MELON,6,0,0.0,0,0
90106933,0,259,10,MELON,16,0,0.0,0,0
90106933,1,259,10,MELON,6,0,0.0,0,0
90106933,1,259,10,MILK,3,0,0.0,0,0
90106933,0,262,10,MELON,11,0,0.0,0,0
90106933,1,262,10,MILK,3,0,0.0,0,0
90106933,1,263,10,MELON,12,0,0.0,0,0
90106933,0,264,11,MELON,27,12,2894.0,241.166667,0
90106933,1,265,11,MELON,18,18,4171.0,231.722222,0
90106933,1,265,11,MILK,3,3,578.0,192.666667,0
90106933,0,269,11,STRAWBERRY,4,0,0.0,0,0
90106933,1,272,11,WOOL,6,0,0.0,0,0
90106933,0,280,11,WOOL,6,0,0.0,0,0
90106933,0,292,12,STRAWBERRY,6,0,0.0,0,0
90106933,0,293,12,MILK,9,9,1782.0,198.0,0
90106933,0,294,12,MILK,12,0,0.0,0,0
90106933,0,295,12,MILK,20,0,0.0,0,0
90106933,0,301,12,MILK,9,0,0.0,0,0
90106933,0,302,12,MILK,6,0,0.0,0,0
90106933,0,306,12,MELON,12,0,0.0,0,0
90106933,1,306,12,MELON,6,0,0.0,0,0
90106933,1,306,12,MILK,3,0,0.0,0,0
90106933,1,307,12,WOOL,4,0,0.0,0,0
90106933,0,308,12,MILK,2,0,0.0,0,0
90106933,0,309,12,WOOL,5,0,0.0,0,0
90106933,1,313,13,MILK,6,6,1144.0,190.666667,0
90106933,1,319,13,MILK,6,0,0.0,0,0
90106933,0,324,13,MILK,3,3,531.0,177.0,0
90106933,0,325,13,MILK,3,1,179.0,179.0,0
90106933,1,340,14,WOOL,6,0,0.0,0,0
90106933,0,342,14,MILK,3,3,549.0,183.0,0
90106933,1,342,14,WOOL,6,0,0.0,0,0
90106933,0,343,14,MILK,3,1,179.0,179.0,0
90106933,1,343,14,WOOL,6,0,0.0,0,0
90106933,0,344,14,MILK,4,0,0.0,0,0
90106933,1,344,14,MILK,6,0,0.0,0,0
90106933,0,347,14,MILK,3,0,0.0,0,0
90106933,0,348,14,MILK,4,0,0.0,0,0
90106933,0,348,14,WOOL,7,6,1023.0,170.5,0
90106933,1,349,14,MELON,6,0,0.0,0,0
90106933,1,350,14,WOOL,6,0,0.0,0,0
90106933,0,353,14,WOOL,6,0,0.0,0,0
90106933,0,354,14,WOOL,6,0,0.0,0,0
90106933,0,358,14,WOOL,7,0,0.0,0,0
90106933,0,359,14,MELON,6,6,1295.0,215.833333,0
90106933,0,359,14,STRAWBERRY,4,0,0.0,0,0
90106933,0,360,15,MELON,7,6,1250.0,208.333333,0
90106933,1,360,15,STRAWBERRY,4,4,861.0,215.25,0
90106933,1,361,15,MILK,3,3,549.0,183.0,0
90106933,1,361,15,WOOL,4,4,276.0,69.0,0
90106933,0,362,15,MELON,7,0,0.0,0,0
90106933,0,365,15,WOOL,4,4,184.0,46.0,0
90106933,0,366,15,MILK,9,9,1554.0,172.666667,0
90106933,0,366,15,WOOL,4,0,0.0,0,0
90106933,0,367,15,MILK,9,0,0.0,0,0
90106933,0,370,15,WOOL,9,0,0.0,0,0
90106933,0,371,15,MILK,12,0,0.0,0,0
90106933,0,375,15,WOOL,6,0,0.0,0,0
90106933,1,380,15,MILK,6,0,0.0,0,0
90106933,1,380,15,WOOL,4,0,0.0,0,0
90106933,0,384,16,WOOL,8,4,35.0,8.75,1
90106933,1,385,16,MILK,3,3,537.0,179.0,0
90106933,0,386,16,MILK,9,9,1446.0,160.666667,0
90106933,0,387,16,MILK,9,0,0.0,0,0
90106933,0,391,16,MILK,28,0,0.0,0,0
90106933,1,401,16,MILK,3,0,0.0,0,0
90106933,1,406,16,STRAWBERRY,2,0,0.0,0,0
90106933,0,407,16,WOOL,4,0,0.0,0,0
90106933,0,408,17,MILK,9,9,1446.0,160.666667,0
90106933,1,409,17,STRAWBERRY,2,2,452.0,226.0,0
90106933,0,409,17,MILK,9,0,0.0,0,0
90106933,1,409,17,MILK,6,6,904.0,150.666667,0
90106933,0,411,17,MELON,1,0,0.0,0,0
90106933,0,416,17,STRAWBERRY,5,5,1128.0,225.6,0
90106933,0,417,17,STRAWBERRY,5,3,675.0,225.0,0
90106933,1,418,17,MILK,6,0,0.0,0,0
90106933,1,420,17,MELON,6,0,0.0,0,0
90106933,1,420,17,WOOL,4,0,0.0,0,0
90106933,0,421,17,STRAWBERRY,5,0,0.0,0,0
90106933,0,423,17,MELON,4,0,0.0,0,0
90106933,0,423,17,WOOL,4,0,0.0,0,0
90106933,0,424,17,WOOL,3,0,0.0,0,0
90106933,1,427,17,MILK,3,0,0.0,0,0
90106933,1,432,18,STRAWBERRY,8,8,1807.0,225.875,0
90106933,1,433,18,MILK,3,3,474.0,158.0,0
90106933,1,433,18,WOOL,16,16,30.0,1.875,14
90106933,0,436,18,STRAWBERRY,8,8,1799.0,224.875,0
90106933,0,437,18,STRAWBERRY,8,0,0.0,0,0
90106933,0,437,18,MILK,3,3,474.0,158.0,0
90106933,0,438,18,MILK,8,8,1171.0,146.375,0
90106933,0,439,18,MILK,5,1,137.0,137.0,0
90106933,0,440,18,MILK,4,0,0.0,0,0
90106933,0,441,18,STRAWBERRY,17,0,0.0,0,0
90106933,1,441,18,MILK,6,0,0.0,0,0
90106933,0,442,18,MILK,3,0,0.0,0,0
90106933,0,443,18,MILK,5,0,0.0,0,0
90106933,0,444,18,MILK,20,0,0.0,0,0
90106933,0,444,18,WOOL,2,2,2.0,1.0,2
90106933,0,445,18,STRAWBERRY,20,0,0.0,0,0
90106933,0,445,18,WOOL,2,2,16.0,8.0,0
90106933,0,448,18,WOOL,2,2,2.0,1.0,2
90106933,0,449,18,WOOL,2,2,2.0,1.0,2
90106933,0,450,18,STRAWBERRY,1,0,0.0,0,0
90106933,0,450,18,MILK,6,0,0.0,0,0
90106933,1,452,18,MILK,3,0,0.0,0,0
90106933,1,452,18,WOOL,4,0,0.0,0,0
90106933,1,455,18,STRAWBERRY,4,0,0.0,0,0
90106933,1,456,19,STRAWBERRY,12,12,2706.0,225.5,0
90106933,0,456,19,WOOL,4,4,4.0,1.0,4
90106933,0,457,19,WOOL,4,4,18.0,4.5,2
90106933,1,460,19,MILK,6,0,0.0,0,0
90106933,0,460,19,WOOL,1,1,1.0,1.0,1
90106933,0,461,19,WOOL,4,0,0.0,0,0
90106933,0,464,19,STRAWBERRY,1,1,226.0,226.0,0
90106933,0,465,19,STRAWBERRY,1,1,227.0,227.0,0
90106933,0,466,19,STRAWBERRY,10,10,2248.0,224.8,0
90106933,0,466,19,WOOL,4,0,0.0,0,0
90106933,0,467,19,STRAWBERRY,10,3,668.0,222.666667,0
90106933,1,467,19,MILK,9,0,0.0,0,0
90106933,0,468,19,STRAWBERRY,1,0,0.0,0,0
90106933,0,469,19,STRAWBERRY,1,0,0.0,0,0
90106933,0,470,19,STRAWBERRY,2,0,0.0,0,0
90106933,0,470,19,MILK,9,9,1251.0,139.0,0
90106933,0,470,19,WOOL,4,0,0.0,0,0
90106933,0,471,19,STRAWBERRY,10,0,0.0,0,0
90106933,0,471,19,MILK,9,0,0.0,0,0
90106933,0,472,19,STRAWBERRY,1,0,0.0,0,0
90106933,0,474,19,STRAWBERRY,9,0,0.0,0,0
90106933,0,475,19,MILK,12,0,0.0,0,0
90106933,0,477,19,MILK,11,0,0.0,0,0
90106933,0,478,19,STRAWBERRY,6,0,0.0,0,0
90106933,1,478,19,STRAWBERRY,6,0,0.0,0,0
90106933,1,480,20,STRAWBERRY,12,12,2634.0,219.5,0
90106933,0,481,20,STRAWBERRY,22,12,2614.0,217.833333,0
90106933,1,481,20,MILK,6,6,828.0,138.0,0
90106933,0,482,20,STRAWBERRY,12,0,0.0,0,0
90106933,0,484,20,MILK,15,15,1739.0,115.933333,0
90106933,0,485,20,MILK,15,0,0.0,0,0
90106933,0,486,20,STRAWBERRY,20,0,0.0,0,0
90106933,0,488,20,STRAWBERRY,3,0,0.0,0,0
90106933,0,489,20,MILK,15,0,0.0,0,0
90106933,0,492,20,STRAWBERRY,2,2,435.0,217.5,0
90106933,0,493,20,STRAWBERRY,2,0,0.0,0,0
90106933,0,494,20,STRAWBERRY,4,0,0.0,0,0
90106933,0,497,20,STRAWBERRY,2,0,0.0,0,0
90106933,0,498,20,STRAWBERRY,7,0,0.0,0,0
90106933,0,499,20,STRAWBERRY,4,0,0.0,0,0
90106933,1,499,20,STRAWBERRY,6,0,0.0,0,0
90106933,1,499,20,MILK,3,0,0.0,0,0
90106933,0,501,20,STRAWBERRY,2,0,0.0,0,0
90106933,1,502,20,STRAWBERRY,4,0,0.0,0,0
90106933,1,503,20,MILK,3,0,0.0,0,0
90106933,1,503,20,WOOL,4,0,0.0,0,0
90106933,0,504,21,STRAWBERRY,14,14,2976.0,212.571429,0
90106933,0,505,21,MELON,2,2,457.0,228.5,0
90106933,0,505,21,STRAWBERRY,18,0,0.0,0,0
90106933,1,505,21,STRAWBERRY,8,8,1688.0,211.0,0
90106933,1,505,21,MILK,3,3,417.0,139.0,0
90106933,1,505,21,WOOL,16,16,476.0,29.75,4
90106933,0,506,21,MELON,2,0,0.0,0,0
90106933,0,510,21,MELON,2,0,0.0,0,0
90106933,0,520,21,MILK,2,2,329.0,164.5,0
90106933,0,521,21,MILK,2,2,341.0,170.5,0
90106933,1,524,21,STRAWBERRY,6,0,0.0,0,0
90106933,0,524,21,MILK,2,2,318.0,159.0,0
90106933,1,525,21,MELON,6,0,0.0,0,0
90106933,1,525,21,STRAWBERRY,2,0,0.0,0,0
90106933,0,525,21,MILK,2,2,329.0,164.5,0
90106933,1,525,21,MILK,3,0,0.0,0,0
90106933,0,526,21,STRAWBERRY,3,0,0.0,0,0
90106933,0,527,21,MELON,10,0,0.0,0,0
90106933,0,527,21,STRAWBERRY,2,0,0.0,0,0
90106933,1,527,21,STRAWBERRY,2,0,0.0,0,0
90106933,1,527,21,MILK,6,0,0.0,0,0
90106933,0,528,22,STRAWBERRY,14,14,2932.0,209.428571,0
90106933,1,529,22,STRAWBERRY,18,18,3704.0,205.777778,0
90106933,1,529,22,MILK,5,5,748.0,149.6,0
90106933,1,529,22,WOOL,4,4,419.0,104.75,0
90106933,0,531,22,STRAWBERRY,14,0,0.0,0,0
90106933,0,536,22,MILK,15,15,2022.0,134.8,0
90106933,0,537,22,MILK,19,0,0.0,0,0
90106933,0,537,22,WOOL,24,24,1235.0,51.458333,4
90106933,0,538,22,WOOL,24,0,0.0,0,0
90106933,0,541,22,MILK,24,0,0.0,0,0
90106933,0,542,22,WOOL,44,0,0.0,0,0
90106933,0,543,22,STRAWBERRY,2,0,0.0,0,0
90106933,1,543,22,MILK,6,0,0.0,0,0
90106933,1,547,22,MELON,6,0,0.0,0,0
90106933,0,547,22,STRAWBERRY,6,2,416.0,208.0,0
90106933,0,548,22,STRAWBERRY,6,0,0.0,0,0
90106933,1,548,22,STRAWBERRY,6,0,0.0,0,0
90106933,0,549,22,WOOL,2,0,0.0,0,0
90106933,1,550,22,STRAWBERRY,5,0,0.0,0,0
90106933,0,550,22,WOOL,12,0,0.0,0,0
90106933,0,551,22,STRAWBERRY,2,0,0.0,0,0
90106933,1,551,22,STRAWBERRY,4,0,0.0,0,0
90106933,0,552,23,WOOL,8,0,0.0,0,0
90106933,1,553,23,STRAWBERRY,8,8,1592.0,199.0,0
90106933,1,553,23,MILK,3,3,456.0,152.0,0
90106933,0,561,23,STRAWBERRY,13,13,2561.0,197.0,0
90106933,0,562,23,MELON,6,6,1335.0,222.5,0
90106933,0,562,23,STRAWBERRY,13,0,0.0,0,0
90106933,0,562,23,MILK,4,4,628.0,157.0,0
90106933,0,563,23,MELON,6,0,0.0,0,0
90106933,1,564,23,MILK,6,0,0.0,0,0
90106933,0,565,23,MILK,4,4,603.0,150.75,0
90106933,0,566,23,STRAWBERRY,14,0,0.0,0,0
90106933,0,566,23,MILK,4,1,145.0,145.0,0
90106933,0,566,23,WOOL,3,0,0.0,0,0
90106933,0,567,23,MELON,9,0,0.0,0,0
90106933,1,567,23,MILK,3,0,0.0,0,0
90106933,1,567,23,WOOL,8,0,0.0,0,0
90106933,0,569,23,STRAWBERRY,4,2,394.0,197.0,0
90106933,0,569,23,MILK,1,0,0.0,0,0
90106933,1,571,23,STRAWBERRY,6,0,0.0,0,0
90106933,0,572,23,MILK,2,2,280.0,140.0,0
90106933,0,573,23,STRAWBERRY,6,0,0.0,0,0
90106933,0,573,23,MILK,12,0,0.0,0,0
90106933,1,574,23,STRAWBERRY,6,0,0.0,0,0
90106933,1,574,23,WOOL,4,0,0.0,0,0
90106933,0,576,24,MELON,6,6,1323.0,220.5,0
90106933,0,576,24,STRAWBERRY,29,29,4982.0,171.793103,0
90106933,1,576,24,STRAWBERRY,29,29,4982.0,171.793103,0
90106933,1,577,24,MELON,6,6,1309.0,218.166667,0
90106933,1,577,24,MILK,6,6,917.0,152.833333,0
90106933,1,577,24,WOOL,8,8,798.0,99.75,0
90106933,0,578,24,MELON,8,0,0.0,0,0
90106933,0,578,24,STRAWBERRY,35,0,0.0,0,0
90106933,0,582,24,MELON,7,0,0.0,0,0
90106933,1,585,24,MELON,12,0,0.0,0,0
90106933,1,585,24,MILK,3,0,0.0,0,0
90106933,1,589,24,MELON,6,0,0.0,0,0
90106933,0,589,24,STRAWBERRY,2,2,337.0,168.5,0
90106933,1,591,24,MELON,12,0,0.0,0,0
90106933,1,592,24,STRAWBERRY,6,0,0.0,0,0
90106933,0,594,24,STRAWBERRY,4,0,0.0,0,0
90106933,0,595,24,STRAWBERRY,4,0,0.0,0,0
90106933,0,598,24,STRAWBERRY,4,4,662.0,165.5,0
90106933,0,599,24,MELON,6,0,0.0,0,0
90106933,0,599,24,STRAWBERRY,4,0,0.0,0,0
90106933,1,599,24,STRAWBERRY,2,0,0.0,0,0
90106933,0,600,25,STRAWBERRY,21,20,2680.0,134.0,0
90106933,1,600,25,STRAWBERRY,18,18,2484.0,138.0,0
90106933,1,601,25,MILK,6,6,1152.0,192.0,0
90106933,1,601,25,WOOL,4,4,624.0,156.0,0
90106933,0,607,25,MILK,6,6,1128.0,188.0,0
90106933,1,608,25,MELON,6,0,0.0,0,0
90106933,0,608,25,MILK,15,15,2458.0,163.866667,0
90106933,0,609,25,MILK,9,0,0.0,0,0
90106933,0,612,25,MILK,6,0,0.0,0,0
90106933,0,612,25,WOOL,9,9,1327.0,147.444444,0
90106933,0,613,25,MILK,9,0,0.0,0,0
90106933,0,613,25,WOOL,9,9,1229.0,136.555556,0
90106933,0,616,25,WOOL,3,3,335.0,111.666667,0
90106933,0,617,25,STRAWBERRY,6,0,0.0,0,0
90106933,0,617,25,MILK,14,0,0.0,0,0
90106933,0,617,25,WOOL,9,0,0.0,0,0
90106933,1,618,25,MELON,6,0,0.0,0,0
90106933,1,618,25,STRAWBERRY,4,0,0.0,0,0
90106933,1,618,25,MILK,3,0,0.0,0,0
90106933,0,619,25,STRAWBERRY,6,0,0.0,0,0
90106933,1,620,25,STRAWBERRY,6,0,0.0,0,0
90106933,0,622,25,MELON,6,0,0.0,0,0
90106933,1,622,25,STRAWBERRY,7,0,0.0,0,0
90106933,1,622,25,MILK,3,0,0.0,0,0
90106933,1,623,25,STRAWBERRY,6,0,0.0,0,0
90106933,0,625,26,MELON,6,6,894.0,149.0,0
90106933,1,625,26,STRAWBERRY,12,12,1129.0,94.083333,0
90106933,1,625,26,MILK,9,9,1607.0,178.555556,0
90106933,0,625,26,WOOL,1,0,0.0,0,0
90106933,0,627,26,WOOL,2,0,0.0,0,0
90106933,0,631,26,WOOL,12,0,0.0,0,0
90106933,0,632,26,STRAWBERRY,20,20,1421.0,71.05,0
90106933,0,632,26,MILK,15,15,2298.0,153.2,0
90106933,1,632,26,MILK,6,0,0.0,0,0
90106933,0,633,26,STRAWBERRY,20,0,0.0,0,0
90106933,0,633,26,MILK,15,0,0.0,0,0
90106933,1,636,26,WOOL,8,0,0.0,0,0
90106933,0,637,26,STRAWBERRY,20,0,0.0,0,0
90106933,0,637,26,MILK,30,0,0.0,0,0
90106933,1,642,26,STRAWBERRY,6,0,0.0,0,0
90106933,1,642,26,WOOL,4,0,0.0,0,0
90106933,0,649,27,MELON,6,6,918.0,153.0,0
90106933,1,649,27,STRAWBERRY,9,9,769.0,85.444444,0
90106933,1,649,27,MILK,3,3,531.0,177.0,0
90106933,1,649,27,WOOL,8,8,1272.0,159.0,0
90106933,0,656,27,MILK,9,9,1500.0,166.666667,0
90106933,0,657,27,STRAWBERRY,2,2,180.0,90.0,0
90106933,0,657,27,MILK,9,0,0.0,0,0
90106933,0,657,27,WOOL,1,1,158.0,158.0,0
90106933,0,660,27,STRAWBERRY,2,2,172.0,86.0,0
90106933,0,660,27,WOOL,1,1,154.0,154.0,0
90106933,0,661,27,STRAWBERRY,2,2,196.0,98.0,0
90106933,0,661,27,MILK,10,0,0.0,0,0
90106933,0,661,27,WOOL,1,1,169.0,169.0,0
90106933,0,663,27,STRAWBERRY,8,8,706.0,88.25,0
90106933,0,664,27,STRAWBERRY,18,9,648.0,72.0,0
90106933,0,665,27,STRAWBERRY,4,0,0.0,0,0
90106933,0,667,27,MILK,4,0,0.0,0,0
90106933,0,668,27,STRAWBERRY,8,0,0.0,0,0
90106933,1,669,27,MELON,6,0,0.0,0,0
90106933,0,669,27,STRAWBERRY,4,0,0.0,0,0
90106933,0,670,27,MILK,15,0,0.0,0,0
90106933,1,671,27,STRAWBERRY,7,0,0.0,0,0
90106933,1,671,27,MILK,3,0,0.0,0,0
90106933,1,672,28,STRAWBERRY,10,10,557.0,55.7,0
90106933,1,673,28,MELON,6,6,870.0,145.0,0
90106933,0,673,28,MILK,12,12,2074.0,172.833333,0
90106933,1,673,28,MILK,12,12,2108.0,175.666667,0
90106933,1,673,28,WOOL,4,4,744.0,186.0,0
90106933,0,674,28,MILK,8,3,423.0,141.0,0
90106933,0,678,28,MILK,8,0,0.0,0,0
90106933,0,681,28,STRAWBERRY,3,3,222.0,74.0,0
90106933,0,682,28,STRAWBERRY,12,12,714.0,59.5,0
90106933,0,685,28,STRAWBERRY,3,0,0.0,0,0
90106933,0,685,28,MILK,9,0,0.0,0,0
90106933,0,686,28,STRAWBERRY,23,0,0.0,0,0
90106933,0,686,28,MILK,13,0,0.0,0,0
90106933,0,688,28,STRAWBERRY,3,0,0.0,0,0
90106933,0,689,28,STRAWBERRY,6,0,0.0,0,0
90106933,0,690,28,STRAWBERRY,14,0,0.0,0,0
90106933,1,696,29,STRAWBERRY,13,13,861.0,66.230769,0
90106933,1,696,29,MILK,9,9,1581.0,175.666667,0
90106933,0,697,29,STRAWBERRY,13,13,736.0,56.615385,0
90106933,0,698,29,MILK,9,9,1527.0,169.666667,0
90106933,0,699,29,WOOL,22,21,4092.0,194.857143,0
90106933,0,702,29,MILK,11,0,0.0,0,0
90106933,0,703,29,MILK,3,0,0.0,0,0
90106933,0,703,29,WOOL,24,0,0.0,0,0
90106933,0,707,29,MELON,1,1,154.0,154.0,0
90106933,0,709,29,MELON,8,8,1224.0,153.0,0
90106933,0,709,29,WOOL,12,0,0.0,0,0
90106933,0,710,29,MELON,3,3,426.0,142.0,0
90106933,0,710,29,MILK,9,0,0.0,0,0
90106933,0,711,29,MELON,1,0,0.0,0,0
90106933,0,712,29,MILK,12,0,0.0,0,0
90106933,0,712,29,WOOL,20,0,0.0,0,0
90106933,1,712,29,WOOL,12,0,0.0,0,0
90106933,0,713,29,MELON,8,0,0.0,0,0
90106933,0,713,29,STRAWBERRY,6,0,0.0,0,0
90106933,0,713,29,MILK,3,0,0.0,0,0
90106933,1,713,29,MILK,6,0,0.0,0,0
90106933,1,713,29,WOOL,4,0,0.0,0,0
90106933,0,714,29,MELON,3,0,0.0,0,0
90106933,1,714,29,MILK,3,0,0.0,0,0
90106933,0,715,29,MILK,3,0,0.0,0,0
90106933,0,715,29,WOOL,12,0,0.0,0,0
90106933,0,716,29,STRAWBERRY,3,0,0.0,0,0
90106933,0,716,29,MILK,3,0,0.0,0,0
90106933,1,717,29,STRAWBERRY,4,0,0.0,0,0
90106933,1,717,29,MILK,3,0,0.0,0,0
90106933,1,718,29,MILK,3,0,0.0,0,0
90106933,1,719,29,MILK,3,0,0.0,0,0
90106946,0,76,3,MELON,6,0,0.0,0,0
90106946,1,76,3,MELON,8,0,0.0,0,0
90106946,0,77,3,MELON,5,0,0.0,0,0
90106946,1,77,3,MELON,6,0,0.0,0,0
90106946,0,98,4,MELON,4,0,0.0,0,0
90106946,1,98,4,MELON,5,0,0.0,0,0
90106946,0,158,6,WOOL,6,0,0.0,0,0
90106946,1,158,6,WOOL,6,0,0.0,0,0
90106946,0,195,8,MILK,8,0,0.0,0,0
90106946,1,195,8,MILK,10,0,0.0,0,0
90106946,0,198,8,MILK,12,0,0.0,0,0
90106946,1,198,8,MILK,15,0,0.0,0,0
90106946,0,229,9,WOOL,4,0,0.0,0,0
90106946,1,229,9,WOOL,4,0,0.0,0,0
90106946,0,256,10,MELON,6,0,0.0,0,0
90106946,1,256,10,MELON,8,0,0.0,0,0
90106946,0,257,10,MELON,6,0,0.0,0,0
90106946,1,257,10,MELON,8,0,0.0,0,0
90106946,0,259,10,MELON,16,0,0.0,0,0
90106946,1,259,10,MELON,20,0,0.0,0,0
90106946,0,262,10,MELON,11,0,0.0,0,0
90106946,1,262,10,MELON,14,0,0.0,0,0
90106946,0,264,11,MELON,27,18,4178.0,232.111111,0
90106946,1,264,11,MELON,34,18,4178.0,232.111111,0
90106946,0,269,11,STRAWBERRY,4,0,0.0,0,0
90106946,1,269,11,STRAWBERRY,6,0,0.0,0,0
90106946,0,280,11,WOOL,6,0,0.0,0,0
90106946,1,280,11,WOOL,6,0,0.0,0,0
90106946,0,292,12,STRAWBERRY,6,0,0.0,0,0
90106946,1,292,12,STRAWBERRY,9,0,0.0,0,0
90106946,0,292,12,MILK,9,9,1671.0,185.666667,0
90106946,1,292,12,MILK,11,9,1473.0,163.666667,0
90106946,0,293,12,MILK,9,0,0.0,0,0
90106946,0,294,12,MILK,12,0,0.0,0,0
90106946,1,294,12,MILK,15,0,0.0,0,0
90106946,0,295,12,MILK,20,0,0.0,0,0
90106946,1,295,12,MILK,25,0,0.0,0,0
90106946,0,301,12,MILK,9,0,0.0,0,0
90106946,1,301,12,MILK,11,0,0.0,0,0
90106946,0,302,12,MILK,6,0,0.0,0,0
90106946,1,302,12,MILK,8,0,0.0,0,0
90106946,0,306,12,MELON,12,0,0.0,0,0
90106946,1,306,12,MELON,15,0,0.0,0,0
90106946,0,308,12,MILK,2,0,0.0,0,0
90106946,1,308,12,MILK,2,0,0.0,0,0
90106946,0,309,12,WOOL,5,0,0.0,0,0
90106946,1,309,12,WOOL,5,0,0.0,0,0
90106946,0,323,13,MILK,3,3,456.0,152.0,0
90106946,1,323,13,MILK,4,4,576.0,144.0,0
90106946,0,324,13,MILK,3,1,139.0,139.0,0
90106946,1,324,13,MILK,1,0,0.0,0,0
90106946,0,325,13,MILK,3,0,0.0,0,0
90106946,1,325,13,MILK,4,0,0.0,0,0
90106946,0,341,14,MILK,3,3,417.0,139.0,0
90106946,1,341,14,MILK,4,2,268.0,134.0,0
90106946,0,342,14,MILK,3,0,0.0,0,0
90106946,0,343,14,MILK,3,0,0.0,0,0
90106946,1,343,14,MILK,4,0,0.0,0,0
90106946,0,344,14,MILK,4,0,0.0,0,0
90106946,1,344,14,MILK,5,0,0.0,0,0
90106946,0,347,14,MILK,3,0,0.0,0,0
90106946,1,347,14,MILK,4,0,0.0,0,0
90106946,0,348,14,MILK,4,0,0.0,0,0
90106946,1,348,14,MILK,5,0,0.0,0,0
90106946,0,348,14,WOOL,7,6,1452.0,242.0,0
90106946,1,348,14,WOOL,7,6,1452.0,242.0,0
90106946,0,353,14,WOOL,6,0,0.0,0,0
90106946,1,353,14,WOOL,6,0,0.0,0,0
90106946,0,354,14,WOOL,6,0,0.0,0,0
90106946,1,354,14,WOOL,6,0,0.0,0,0
90106946,0,358,14,WOOL,7,0,0.0,0,0
90106946,1,358,14,WOOL,7,0,0.0,0,0
90106946,0,359,14,MELON,6,6,1275.0,212.5,0
90106946,1,359,14,MELON,7,6,1276.0,212.666667,0
90106946,0,359,14,STRAWBERRY,4,0,0.0,0,0
90106946,1,359,14,STRAWBERRY,6,0,0.0,0,0
90106946,0,360,15,MELON,7,6,1179.0,196.5,0
90106946,1,360,15,MELON,9,6,1179.0,196.5,0
90106946,0,362,15,MELON,7,0,0.0,0,0
90106946,1,362,15,MELON,9,0,0.0,0,0
90106946,0,364,15,WOOL,4,4,957.0,239.25,0
90106946,1,364,15,WOOL,4,4,957.0,239.25,0
90106946,0,365,15,MILK,9,9,1289.0,143.222222,0
90106946,1,365,15,MILK,11,9,1119.0,124.333333,0
90106946,0,365,15,WOOL,4,0,0.0,0,0
90106946,0,366,15,MILK,9,0,0.0,0,0
90106946,0,366,15,WOOL,4,0,0.0,0,0
90106946,1,366,15,WOOL,4,0,0.0,0,0
90106946,0,367,15,MILK,9,0,0.0,0,0
90106946,1,367,15,MILK,11,0,0.0,0,0
90106946,0,370,15,WOOL,9,0,0.0,0,0
90106946,1,370,15,WOOL,9,0,0.0,0,0
90106946,0,371,15,MILK,12,0,0.0,0,0
90106946,1,371,15,MILK,15,0,0.0,0,0
90106946,0,375,15,WOOL,6,0,0.0,0,0
90106946,1,375,15,WOOL,6,0,0.0,0,0
90106946,0,384,16,WOOL,8,4,958.0,239.5,0
90106946,1,384,16,WOOL,8,4,960.0,240.0,0
90106946,0,385,16,MILK,9,9,1119.0,124.333333,0
90106946,1,385,16,MILK,11,9,949.0,105.444444,0
90106946,0,386,16,MILK,9,0,0.0,0,0
90106946,0,387,16,MILK,9,0,0.0,0,0
90106946,1,387,16,MILK,11,0,0.0,0,0
90106946,0,391,16,MILK,28,0,0.0,0,0
90106946,1,391,16,MILK,35,0,0.0,0,0
90106946,0,407,16,WOOL,4,0,0.0,0,0
90106946,1,407,16,WOOL,4,0,0.0,0,0
90106946,0,408,17,MILK,9,9,835.0,92.777778,0
90106946,1,408,17,MILK,11,9,835.0,92.777778,0
90106946,0,409,17,MILK,9,0,0.0,0,0
90106946,1,409,17,MILK,11,0,0.0,0,0
90106946,0,411,17,MELON,1,0,0.0,0,0
90106946,1,411,17,MELON,1,0,0.0,0,0
90106946,0,415,17,STRAWBERRY,5,5,1052.0,210.4,0
90106946,1,415,17,STRAWBERRY,8,8,1662.0,207.75,0
90106946,0,416,17,STRAWBERRY,5,3,617.0,205.666667,0
90106946,1,416,17,STRAWBERRY,4,0,0.0,0,0
90106946,0,417,17,STRAWBERRY,5,0,0.0,0,0
90106946,1,417,17,STRAWBERRY,8,0,0.0,0,0
90106946,0,421,17,STRAWBERRY,5,0,0.0,0,0
90106946,1,421,17,STRAWBERRY,8,0,0.0,0,0
90106946,0,423,17,MELON,4,0,0.0,0,0
90106946,1,423,17,MELON,5,0,0.0,0,0
90106946,0,423,17,WOOL,4,0,0.0,0,0
90106946,1,423,17,WOOL,4,0,0.0,0,0
90106946,0,424,17,WOOL,3,0,0.0,0,0
90106946,1,424,17,WOOL,3,0,0.0,0,0
90106946,0,435,18,STRAWBERRY,8,8,1659.0,207.375,0
90106946,1,435,18,STRAWBERRY,12,8,1634.0,204.25,0
90106946,0,436,18,STRAWBERRY,8,0,0.0,0,0
90106946,0,436,18,MILK,3,3,273.0,91.0,0
90106946,1,436,18,MILK,4,4,392.0,98.0,0
90106946,0,437,18,STRAWBERRY,8,0,0.0,0,0
90106946,1,437,18,STRAWBERRY,12,0,0.0,0,0
90106946,0,437,18,MILK,9,9,735.0,81.666667,0
90106946,1,437,18,MILK,10,8,528.0,66.0,0
90106946,0,438,18,MILK,8,0,0.0,0,0
90106946,1,438,18,MILK,4,0,0.0,0,0
90106946,0,439,18,MILK,5,0,0.0,0,0
90106946,1,439,18,MILK,6,0,0.0,0,0
90106946,0,440,18,MILK,4,0,0.0,0,0
90106946,1,440,18,MILK,5,0,0.0,0,0
90106946,0,441,18,STRAWBERRY,17,0,0.0,0,0
90106946,1,441,18,STRAWBERRY,26,0,0.0,0,0
90106946,0,442,18,MILK,3,0,0.0,0,0
90106946,1,442,18,MILK,4,0,0.0,0,0
90106946,0,443,18,MILK,5,0,0.0,0,0
90106946,1,443,18,MILK,6,0,0.0,0,0
90106946,0,443,18,WOOL,2,2,482.0,241.0,0
90106946,1,443,18,WOOL,2,2,482.0,241.0,0
90106946,0,444,18,MILK,20,0,0.0,0,0
90106946,1,444,18,MILK,25,0,0.0,0,0
90106946,0,444,18,WOOL,4,4,964.0,241.0,0
90106946,1,444,18,WOOL,2,2,482.0,241.0,0
90106946,0,445,18,STRAWBERRY,20,0,0.0,0,0
90106946,1,445,18,STRAWBERRY,30,0,0.0,0,0
90106946,0,445,18,WOOL,2,2,482.0,241.0,0
90106946,1,445,18,WOOL,2,2,482.0,241.0,0
90106946,0,447,18,WOOL,2,2,481.0,240.5,0
90106946,1,447,18,WOOL,2,2,481.0,240.5,0
90106946,0,448,18,WOOL,3,3,720.0,240.0,0
90106946,1,448,18,WOOL,2,2,480.0,240.0,0
90106946,0,449,18,WOOL,2,0,0.0,0,0
90106946,1,449,18,WOOL,2,2,480.0,240.0,0
90106946,0,450,18,STRAWBERRY,1,0,0.0,0,0
90106946,1,450,18,STRAWBERRY,2,0,0.0,0,0
90106946,0,450,18,MILK,6,0,0.0,0,0
90106946,1,450,18,MILK,8,0,0.0,0,0
90106946,0,455,18,WOOL,4,4,960.0,240.0,0
90106946,1,455,18,WOOL,4,4,960.0,240.0,0
90106946,0,456,19,WOOL,4,0,0.0,0,0
90106946,1,456,19,WOOL,1,1,239.0,239.0,0
90106946,0,457,19,WOOL,4,0,0.0,0,0
90106946,1,457,19,WOOL,4,0,0.0,0,0
90106946,0,460,19,WOOL,1,0,0.0,0,0
90106946,0,461,19,WOOL,4,0,0.0,0,0
90106946,1,461,19,WOOL,4,0,0.0,0,0
90106946,0,463,19,STRAWBERRY,1,1,208.0,208.0,0
90106946,1,463,19,STRAWBERRY,2,2,416.0,208.0,0
90106946,0,464,19,STRAWBERRY,2,2,413.0,206.5,0
90106946,1,464,19,STRAWBERRY,2,2,413.0,206.5,0
90106946,0,465,19,STRAWBERRY,11,11,2240.0,203.636364,0
90106946,1,465,19,STRAWBERRY,17,10,2008.0,200.8,0
90106946,0,466,19,STRAWBERRY,10,1,197.0,197.0,0
90106946,1,466,19,STRAWBERRY,3,0,0.0,0,0
90106946,0,466,19,WOOL,4,0,0.0,0,0
90106946,1,466,19,WOOL,4,0,0.0,0,0
90106946,0,467,19,STRAWBERRY,10,0,0.0,0,0
90106946,1,467,19,STRAWBERRY,15,0,0.0,0,0
90106946,0,468,19,STRAWBERRY,1,0,0.0,0,0
90106946,1,468,19,STRAWBERRY,2,0,0.0,0,0
90106946,0,469,19,STRAWBERRY,1,0,0.0,0,0
90106946,1,469,19,STRAWBERRY,2,0,0.0,0,0
90106946,0,469,19,MILK,9,9,836.0,92.888889,0
90106946,1,469,19,MILK,11,9,666.0,74.0,0
90106946,0,470,19,STRAWBERRY,2,0,0.0,0,0
90106946,1,470,19,STRAWBERRY,3,0,0.0,0,0
90106946,0,470,19,MILK,9,0,0.0,0,0
90106946,0,470,19,WOOL,4,0,0.0,0,0
90106946,1,470,19,WOOL,4,0,0.0,0,0
90106946,0,471,19,STRAWBERRY,10,0,0.0,0,0
90106946,1,471,19,STRAWBERRY,15,0,0.0,0,0
90106946,0,471,19,MILK,9,0,0.0,0,0
90106946,1,471,19,MILK,11,0,0.0,0,0
90106946,0,472,19,STRAWBERRY,1,0,0.0,0,0
90106946,1,472,19,STRAWBERRY,2,0,0.0,0,0
90106946,0,474,19,STRAWBERRY,9,0,0.0,0,0
90106946,1,474,19,STRAWBERRY,14,0,0.0,0,0
90106946,0,475,19,MILK,12,0,0.0,0,0
90106946,1,475,19,MILK,15,0,0.0,0,0
90106946,0,477,19,MILK,11,0,0.0,0,0
90106946,1,477,19,MILK,14,0,0.0,0,0
90106946,0,478,19,STRAWBERRY,6,0,0.0,0,0
90106946,1,478,19,STRAWBERRY,9,0,0.0,0,0
90106946,0,480,20,STRAWBERRY,12,12,2274.0,189.5,0
90106946,1,480,20,STRAWBERRY,18,12,2274.0,189.5,0
90106946,1,480,20,MILK,15,15,480.0,32.0,0
90106946,0,481,20,STRAWBERRY,12,0,0.0,0,0
90106946,0,482,20,STRAWBERRY,12,0,0.0,0,0
90106946,1,482,20,STRAWBERRY,18,0,0.0,0,0
90106946,0,483,20,MILK,15,15,201.0,13.4,2
90106946,1,483,20,MILK,19,0,0.0,0,0
90106946,0,484,20,MILK,15,0,0.0,0,0
90106946,0,485,20,MILK,15,0,0.0,0,0
90106946,1,485,20,MILK,19,0,0.0,0,0
90106946,0,486,20,STRAWBERRY,20,0,0.0,0,0
90106946,1,486,20,STRAWBERRY,30,0,0.0,0,0
90106946,0,488,20,STRAWBERRY,3,0,0.0,0,0
90106946,1,488,20,STRAWBERRY,4,0,0.0,0,0
90106946,0,489,20,MILK,15,0,0.0,0,0
90106946,1,489,20,MILK,19,0,0.0,0,0
90106946,0,492,20,STRAWBERRY,2,2,375.0,187.5,0
90106946,1,492,20,STRAWBERRY,3,2,375.0,187.5,0
90106946,0,493,20,STRAWBERRY,2,0,0.0,0,0
90106946,1,493,20,STRAWBERRY,3,0,0.0,0,0
90106946,1,494,20,MELON,1,1,213.0,213.0,0
90106946,0,494,20,STRAWBERRY,4,0,0.0,0,0
90106946,1,494,20,STRAWBERRY,6,0,0.0,0,0
90106946,0,497,20,STRAWBERRY,2,0,0.0,0,0
90106946,1,497,20,STRAWBERRY,3,0,0.0,0,0
90106946,0,498,20,STRAWBERRY,7,0,0.0,0,0
90106946,1,498,20,STRAWBERRY,10,0,0.0,0,0
90106946,0,499,20,STRAWBERRY,4,0,0.0,0,0
90106946,1,499,20,STRAWBERRY,6,0,0.0,0,0
90106946,0,501,20,STRAWBERRY,2,0,0.0,0,0
90106946,1,501,20,STRAWBERRY,3,0,0.0,0,0
90106946,0,504,21,MELON,2,2,422.0,211.0,0
90106946,1,504,21,MELON,2,0,0.0,0,0
90106946,0,504,21,STRAWBERRY,14,14,2448.0,174.857143,0
90106946,1,504,21,STRAWBERRY,21,14,2448.0,174.857143,0
90106946,0,505,21,MELON,2,0,0.0,0,0
90106946,0,505,21,STRAWBERRY,18,0,0.0,0,0
90106946,1,505,21,STRAWBERRY,27,0,0.0,0,0
90106946,0,506,21,MELON,2,0,0.0,0,0
90106946,1,506,21,MELON,2,0,0.0,0,0
90106946,1,509,21,MILK,2,2,100.0,50.0,0
90106946,0,510,21,MELON,2,0,0.0,0,0
90106946,1,510,21,MELON,2,0,0.0,0,0
90106946,1,510,21,MILK,2,2,92.0,46.0,0
90106946,1,511,21,MILK,2,2,82.0,41.0,0
90106946,1,512,21,MILK,2,2,74.0,37.0,0
90106946,1,513,21,MILK,1,1,40.0,40.0,0
90106946,0,519,21,MILK,2,2,104.0,52.0,0
90106946,1,519,21,MILK,2,0,0.0,0,0
90106946,0,520,21,MILK,4,4,183.0,45.75,0
90106946,1,520,21,MILK,2,0,0.0,0,0
90106946,0,521,21,MILK,2,2,92.0,46.0,0
90106946,1,521,21,MILK,2,0,0.0,0,0
90106946,0,523,21,MILK,1,1,42.0,42.0,0
90106946,1,523,21,MILK,2,0,0.0,0,0
90106946,0,524,21,MILK,2,0,0.0,0,0
90106946,1,524,21,MILK,1,0,0.0,0,0
90106946,0,525,21,MILK,2,0,0.0,0,0
90106946,1,525,21,MILK,2,0,0.0,0,0
90106946,0,526,21,STRAWBERRY,3,0,0.0,0,0
90106946,1,526,21,STRAWBERRY,4,0,0.0,0,0
90106946,1,526,21,MILK,1,1,38.0,38.0,0
90106946,1,526,21,WOOL,24,24,5820.0,242.5,0
90106946,0,527,21,MELON,10,0,0.0,0,0
90106946,1,527,21,MELON,12,0,0.0,0,0
90106946,0,527,21,STRAWBERRY,2,0,0.0,0,0
90106946,1,527,21,STRAWBERRY,3,0,0.0,0,0
90106946,0,528,22,STRAWBERRY,14,14,2390.0,170.714286,0
90106946,1,528,22,STRAWBERRY,21,14,2390.0,170.714286,0
90106946,1,528,22,MILK,11,11,283.0,25.727273,0
90106946,0,531,22,STRAWBERRY,14,0,0.0,0,0
90106946,1,531,22,STRAWBERRY,21,0,0.0,0,0
90106946,0,535,22,MILK,12,12,271.0,22.583333,0
90106946,1,535,22,MILK,15,0,0.0,0,0
90106946,0,536,22,MILK,15,0,0.0,0,0
90106946,0,536,22,WOOL,24,24,5795.0,241.458333,0
90106946,1,536,22,WOOL,24,0,0.0,0,0
90106946,0,537,22,MILK,19,0,0.0,0,0
90106946,1,537,22,MILK,24,0,0.0,0,0
90106946,0,537,22,WOOL,24,0,0.0,0,0
90106946,0,538,22,WOOL,24,0,0.0,0,0
90106946,1,538,22,WOOL,24,0,0.0,0,0
90106946,0,541,22,MILK,24,0,0.0,0,0
90106946,1,541,22,MILK,30,0,0.0,0,0
90106946,0,542,22,WOOL,44,0,0.0,0,0
90106946,1,542,22,WOOL,44,0,0.0,0,0
90106946,0,543,22,STRAWBERRY,2,0,0.0,0,0
90106946,1,543,22,STRAWBERRY,3,0,0.0,0,0
90106946,0,547,22,STRAWBERRY,6,2,351.0,175.5,0
90106946,1,547,22,STRAWBERRY,9,2,351.0,175.5,0
90106946,0,548,22,STRAWBERRY,6,0,0.0,0,0
90106946,1,548,22,STRAWBERRY,9,0,0.0,0,0
90106946,0,549,22,WOOL,2,0,0.0,0,0
90106946,1,549,22,WOOL,2,0,0.0,0,0
90106946,0,550,22,WOOL,12,0,0.0,0,0
90106946,1,550,22,WOOL,12,0,0.0,0,0
90106946,1,551,22,MELON,6,6,1266.0,211.0,0
90106946,0,551,22,STRAWBERRY,2,0,0.0,0,0
90106946,1,551,22,STRAWBERRY,3,0,0.0,0,0
90106946,1,552,23,STRAWBERRY,12,12,1809.0,150.75,0
90106946,1,552,23,MILK,5,5,190.0,38.0,0
90106946,0,552,23,WOOL,8,0,0.0,0,0
90106946,1,552,23,WOOL,8,0,0.0,0,0
90106946,1,553,23,MILK,4,4,174.0,43.5,0
90106946,0,560,23,STRAWBERRY,13,13,1918.0,147.538462,0
90106946,1,560,23,STRAWBERRY,20,0,0.0,0,0
90106946,0,561,23,MELON,6,6,1250.0,208.333333,0
90106946,1,561,23,MELON,8,0,0.0,0,0
90106946,0,561,23,STRAWBERRY,13,0,0.0,0,0
90106946,0,562,23,MELON,6,0,0.0,0,0
90106946,0,562,23,STRAWBERRY,13,0,0.0,0,0
90106946,1,562,23,STRAWBERRY,20,0,0.0,0,0
90106946,0,562,23,MILK,4,4,192.0,48.0,0
90106946,1,562,23,MILK,5,0,0.0,0,0
90106946,0,563,23,MELON,6,0,0.0,0,0
90106946,1,563,23,MELON,8,0,0.0,0,0
90106946,0,564,23,MILK,4,4,156.0,39.0,0
90106946,1,564,23,MILK,5,0,0.0,0,0
90106946,0,565,23,MILK,4,1,49.0,49.0,0
90106946,1,565,23,MILK,1,0,0.0,0,0
90106946,0,566,23,STRAWBERRY,14,0,0.0,0,0
90106946,1,566,23,STRAWBERRY,21,0,0.0,0,0
90106946,0,566,23,MILK,4,0,0.0,0,0
90106946,1,566,23,MILK,5,0,0.0,0,0
90106946,0,566,23,WOOL,3,0,0.0,0,0
90106946,1,566,23,WOOL,3,0,0.0,0,0
90106946,0,567,23,MELON,9,0,0.0,0,0
90106946,1,567,23,MELON,11,0,0.0,0,0
90106946,0,569,23,STRAWBERRY,4,2,298.0,149.0,0
90106946,1,569,23,STRAWBERRY,6,2,298.0,149.0,0
90106946,0,569,23,MILK,1,0,0.0,0,0
90106946,1,569,23,MILK,1,0,0.0,0,0
90106946,1,570,23,MILK,2,2,96.0,48.0,0
90106946,0,571,23,MILK,2,2,87.0,43.5,0
90106946,1,571,23,MILK,2,0,0.0,0,0
90106946,0,572,23,MILK,2,0,0.0,0,0
90106946,0,573,23,STRAWBERRY,6,0,0.0,0,0
90106946,1,573,23,STRAWBERRY,9,0,0.0,0,0
90106946,0,573,23,MILK,12,0,0.0,0,0
90106946,1,573,23,MILK,15,0,0.0,0,0
90106946,0,576,24,MELON,6,6,1213.0,202.166667,0
90106946,1,576,24,MELON,8,6,1213.0,202.166667,0
90106946,0,576,24,STRAWBERRY,29,29,1920.0,66.206897,0
90106946,1,576,24,STRAWBERRY,44,29,1920.0,66.206897,0
90106946,0,578,24,MELON,8,0,0.0,0,0
90106946,1,578,24,MELON,10,0,0.0,0,0
90106946,0,578,24,STRAWBERRY,35,0,0.0,0,0
90106946,1,578,24,STRAWBERRY,52,0,0.0,0,0
90106946,0,582,24,MELON,7,0,0.0,0,0
90106946,1,582,24,MELON,9,0,0.0,0,0
90106946,0,589,24,STRAWBERRY,2,2,106.0,53.0,0
90106946,1,589,24,STRAWBERRY,3,2,106.0,53.0,0
90106946,0,594,24,STRAWBERRY,4,0,0.0,0,0
90106946,1,594,24,STRAWBERRY,6,0,0.0,0,0
90106946,0,595,24,STRAWBERRY,4,0,0.0,0,0
90106946,1,595,24,STRAWBERRY,6,0,0.0,0,0
90106946,1,596,24,MILK,8,8,701.0,87.625,0
90106946,0,597,24,STRAWBERRY,4,4,180.0,45.0,0
90106946,1,597,24,STRAWBERRY,6,4,180.0,45.0,0
90106946,1,597,24,MILK,8,8,616.0,77.0,0
90106946,0,598,24,STRAWBERRY,4,0,0.0,0,0
90106946,1,598,24,MILK,2,2,134.0,67.0,0
90106946,0,599,24,MELON,6,0,0.0,0,0
90106946,1,599,24,MELON,8,0,0.0,0,0
90106946,0,599,24,STRAWBERRY,4,0,0.0,0,0
90106946,1,599,24,STRAWBERRY,6,0,0.0,0,0
90106946,0,600,25,STRAWBERRY,21,20,193.0,9.65,11
90106946,1,600,25,STRAWBERRY,32,20,193.0,9.65,11
90106946,1,600,25,MILK,3,3,183.0,61.0,0
90106946,1,601,25,WOOL,9,9,2193.0,243.666667,0
90106946,1,602,25,WOOL,9,9,2187.0,243.0,0
90106946,1,603,25,WOOL,3,3,729.0,243.0,0
90106946,0,606,25,MILK,6,6,438.0,73.0,0
90106946,1,606,25,MILK,8,0,0.0,0,0
90106946,0,607,25,MILK,15,15,762.0,50.8,0
90106946,1,607,25,MILK,19,0,0.0,0,0
90106946,0,608,25,MILK,15,0,0.0,0,0
90106946,1,608,25,MILK,8,0,0.0,0,0
90106946,0,609,25,MILK,9,0,0.0,0,0
90106946,1,609,25,MILK,11,0,0.0,0,0
90106946,0,611,25,WOOL,9,9,2185.0,242.777778,0
90106946,1,611,25,WOOL,9,0,0.0,0,0
90106946,0,612,25,MILK,6,0,0.0,0,0
90106946,1,612,25,MILK,8,0,0.0,0,0
90106946,0,612,25,WOOL,12,12,2904.0,242.0,0
90106946,1,612,25,WOOL,9,0,0.0,0,0
90106946,0,613,25,MILK,9,0,0.0,0,0
90106946,1,613,25,MILK,11,0,0.0,0,0
90106946,0,613,25,WOOL,9,0,0.0,0,0
90106946,1,613,25,WOOL,9,0,0.0,0,0
90106946,0,616,25,WOOL,3,0,0.0,0,0
90106946,0,617,25,STRAWBERRY,6,0,0.0,0,0
90106946,1,617,25,STRAWBERRY,9,0,0.0,0,0
90106946,0,617,25,MILK,14,0,0.0,0,0
90106946,1,617,25,MILK,18,0,0.0,0,0
90106946,0,617,25,WOOL,9,0,0.0,0,0
90106946,1,617,25,WOOL,9,0,0.0,0,0
90106946,0,619,25,STRAWBERRY,6,0,0.0,0,0
90106946,1,619,25,STRAWBERRY,9,0,0.0,0,0
90106946,0,622,25,MELON,6,0,0.0,0,0
90106946,1,622,25,MELON,8,0,0.0,0,0
90106946,0,625,26,MELON,6,6,1066.0,177.666667,0
90106946,1,625,26,MELON,8,6,1066.0,177.666667,0
90106946,1,625,26,STRAWBERRY,20,20,281.0,14.05,4
90106946,1,625,26,MILK,15,15,1014.0,67.6,0
90106946,0,625,26,WOOL,1,0,0.0,0,0
90106946,1,625,26,WOOL,1,0,0.0,0,0
90106946,0,627,26,WOOL,2,0,0.0,0,0
90106946,1,627,26,WOOL,2,0,0.0,0,0
90106946,0,631,26,STRAWBERRY,20,20,40.0,2.0,16
90106946,1,631,26,STRAWBERRY,30,0,0.0,0,0
90106946,0,631,26,WOOL,12,0,0.0,0,0
90106946,1,631,26,WOOL,12,0,0.0,0,0
90106946,0,632,26,STRAWBERRY,20,0,0.0,0,0
90106946,0,632,26,MILK,15,15,637.0,42.466667,0
90106946,1,632,26,MILK,19,0,0.0,0,0
90106946,0,633,26,STRAWBERRY,20,0,0.0,0,0
90106946,1,633,26,STRAWBERRY,30,0,0.0,0,0
90106946,0,633,26,MILK,15,0,0.0,0,0
90106946,1,633,26,MILK,19,0,0.0,0,0
90106946,0,637,26,STRAWBERRY,20,0,0.0,0,0
90106946,1,637,26,STRAWBERRY,30,0,0.0,0,0
90106946,0,637,26,MILK,30,0,0.0,0,0
90106946,1,637,26,MILK,38,0,0.0,0,0
90106946,0,649,27,MELON,6,6,1024.0,170.666667,0
90106946,1,649,27,MELON,8,6,1024.0,170.666667,0
90106946,1,649,27,STRAWBERRY,3,3,159.0,53.0,0
90106946,1,649,27,MILK,9,9,590.0,65.555556,0
90106946,1,649,27,WOOL,1,1,244.0,244.0,0
90106946,1,650,27,STRAWBERRY,3,3,141.0,47.0,0
90106946,1,650,27,WOOL,1,1,244.0,244.0,0
90106946,1,651,27,STRAWBERRY,3,3,123.0,41.0,0
90106946,1,651,27,WOOL,1,1,244.0,244.0,0
90106946,1,652,27,STRAWBERRY,3,3,107.0,35.666667,0
90106946,1,652,27,WOOL,1,1,244.0,244.0,0
90106946,1,653,27,STRAWBERRY,3,3,112.0,37.333333,0
90106946,1,653,27,WOOL,1,1,244.0,244.0,0
90106946,1,654,27,STRAWBERRY,3,3,96.0,32.0,0
90106946,1,654,27,WOOL,1,1,244.0,244.0,0
90106946,1,655,27,STRAWBERRY,3,3,78.0,26.0,0
90106946,0,655,27,MILK,9,9,477.0,53.0,0
90106946,1,655,27,MILK,11,0,0.0,0,0
90106946,1,655,27,WOOL,1,1,243.0,243.0,0
90106946,1,656,27,STRAWBERRY,2,2,42.0,21.0,0
90106946,0,656,27,MILK,9,0,0.0,0,0
90106946,0,656,27,WOOL,1,1,243.0,243.0,0
90106946,1,656,27,WOOL,1,1,243.0,243.0,0
90106946,0,657,27,STRAWBERRY,2,2,50.0,25.0,0
90106946,1,657,27,STRAWBERRY,3,0,0.0,0,0
90106946,0,657,27,MILK,9,0,0.0,0,0
90106946,1,657,27,MILK,11,0,0.0,0,0
90106946,0,657,27,WOOL,1,1,243.0,243.0,0
90106946,1,657,27,WOOL,1,1,243.0,243.0,0
90106946,1,658,27,WOOL,1,1,243.0,243.0,0
90106946,1,659,27,STRAWBERRY,3,0,0.0,0,0
90106946,0,659,27,WOOL,1,1,243.0,243.0,0
90106946,1,659,27,WOOL,1,1,243.0,243.0,0
90106946,0,660,27,WOOL,2,2,486.0,243.0,0
90106946,1,660,27,WOOL,1,1,243.0,243.0,0
90106946,0,661,27,STRAWBERRY,2,2,73.0,36.5,0
90106946,1,661,27,STRAWBERRY,3,0,0.0,0,0
90106946,0,661,27,MILK,10,0,0.0,0,0
90106946,1,661,27,MILK,12,0,0.0,0,0
90106946,0,661,27,WOOL,1,1,243.0,243.0,0
90106946,1,661,27,WOOL,1,1,243.0,243.0,0
90106946,0,662,27,STRAWBERRY,8,8,216.0,27.0,0
90106946,1,662,27,STRAWBERRY,12,0,0.0,0,0
90106946,0,663,27,STRAWBERRY,11,11,97.0,8.818182,2
90106946,1,663,27,STRAWBERRY,14,0,0.0,0,0
90106946,0,664,27,STRAWBERRY,11,0,0.0,0,0
90106946,1,664,27,STRAWBERRY,12,0,0.0,0,0
90106946,0,665,27,STRAWBERRY,4,0,0.0,0,0
90106946,1,665,27,STRAWBERRY,6,0,0.0,0,0
90106946,0,667,27,MILK,4,0,0.0,0,0
90106946,1,667,27,MILK,5,0,0.0,0,0
90106946,0,668,27,STRAWBERRY,8,0,0.0,0,0
90106946,1,668,27,STRAWBERRY,12,0,0.0,0,0
90106946,0,669,27,STRAWBERRY,4,0,0.0,0,0
90106946,1,669,27,STRAWBERRY,6,0,0.0,0,0
90106946,0,670,27,MILK,15,0,0.0,0,0
90106946,1,670,27,MILK,19,0,0.0,0,0
90106946,1,673,28,STRAWBERRY,4,4,116.0,29.0,0
90106946,0,673,28,MILK,15,15,940.0,62.666667,0
90106946,1,673,28,MILK,15,15,888.0,59.2,0
90106946,1,674,28,STRAWBERRY,4,4,84.0,21.0,0
90106946,0,674,28,MILK,8,0,0.0,0,0
90106946,1,674,28,MILK,10,0,0.0,0,0
90106946,1,675,28,STRAWBERRY,4,4,53.0,13.25,0
90106946,1,676,28,STRAWBERRY,3,3,21.0,7.0,0
90106946,0,678,28,MILK,8,0,0.0,0,0
90106946,1,678,28,MILK,10,0,0.0,0,0
90106946,1,679,28,STRAWBERRY,4,0,0.0,0,0
90106946,0,680,28,MELON,12,12,1951.0,162.583333,0
90106946,0,680,28,STRAWBERRY,3,3,27.0,9.0,0
90106946,0,680,28,WOOL,18,18,4381.0,243.388889,0
90106946,0,681,28,STRAWBERRY,12,12,53.0,4.416667,6
90106946,1,681,28,STRAWBERRY,4,0,0.0,0,0
90106946,0,682,28,STRAWBERRY,12,0,0.0,0,0
90106946,1,682,28,STRAWBERRY,18,0,0.0,0,0
90106946,0,685,28,STRAWBERRY,3,0,0.0,0,0
90106946,1,685,28,STRAWBERRY,4,0,0.0,0,0
90106946,0,685,28,MILK,9,0,0.0,0,0
90106946,1,685,28,MILK,11,0,0.0,0,0
90106946,0,686,28,STRAWBERRY,23,0,0.0,0,0
90106946,1,686,28,STRAWBERRY,34,0,0.0,0,0
90106946,0,686,28,MILK,13,0,0.0,0,0
90106946,1,686,28,MILK,16,0,0.0,0,0
90106946,1,687,28,MELON,12,12,1764.0,147.0,0
90106946,1,687,28,WOOL,11,11,2673.0,243.0,0
90106946,0,688,28,STRAWBERRY,3,0,0.0,0,0
90106946,1,688,28,STRAWBERRY,4,0,0.0,0,0
90106946,0,689,28,STRAWBERRY,6,0,0.0,0,0
90106946,1,689,28,STRAWBERRY,9,0,0.0,0,0
90106946,0,690,28,STRAWBERRY,14,0,0.0,0,0
90106946,1,690,28,STRAWBERRY,21,0,0.0,0,0
90106946,1,697,29,MELON,15,0,0.0,0,0
90106946,0,697,29,STRAWBERRY,13,13,312.0,24.0,1
90106946,1,697,29,STRAWBERRY,20,13,312.0,24.0,1
90106946,0,697,29,MILK,9,9,666.0,74.0,0
90106946,1,697,29,MILK,11,9,495.0,55.0,0
90106946,1,697,29,WOOL,20,0,0.0,0,0
90106946,0,698,29,MILK,9,0,0.0,0,0
90106946,1,698,29,MILK,11,0,0.0,0,0
90106946,0,699,29,WOOL,22,0,0.0,0,0
90106946,1,699,29,WOOL,22,0,0.0,0,0
90106946,0,702,29,MILK,11,0,0.0,0,0
90106946,1,702,29,MILK,14,0,0.0,0,0
90106946,0,703,29,MILK,3,0,0.0,0,0
90106946,1,703,29,MILK,4,0,0.0,0,0
90106946,0,703,29,WOOL,24,0,0.0,0,0
90106946,1,703,29,WOOL,24,0,0.0,0,0
90106946,0,707,29,MELON,1,0,0.0,0,0
90106946,1,707,29,MELON,1,0,0.0,0,0
90106946,0,709,29,MELON,8,0,0.0,0,0
90106946,1,709,29,MELON,8,0,0.0,0,0
90106946,0,709,29,WOOL,12,0,0.0,0,0
90106946,1,709,29,WOOL,12,0,0.0,0,0
90106946,0,710,29,MELON,3,0,0.0,0,0
90106946,1,710,29,MELON,3,0,0.0,0,0
90106946,0,710,29,MILK,9,0,0.0,0,0
90106946,1,710,29,MILK,9,0,0.0,0,0
90106946,0,711,29,MELON,1,0,0.0,0,0
90106946,1,711,29,MELON,1,0,0.0,0,0
90106946,0,712,29,MILK,12,0,0.0,0,0
90106946,1,712,29,MILK,12,0,0.0,0,0
90106946,0,712,29,WOOL,20,0,0.0,0,0
90106946,1,712,29,WOOL,20,0,0.0,0,0
90106946,0,713,29,MELON,8,0,0.0,0,0
90106946,1,713,29,MELON,8,0,0.0,0,0
90106946,0,713,29,STRAWBERRY,6,0,0.0,0,0
90106946,1,713,29,STRAWBERRY,6,0,0.0,0,0
90106946,0,713,29,MILK,3,0,0.0,0,0
90106946,1,713,29,MILK,3,0,0.0,0,0
90106946,0,714,29,MELON,3,0,0.0,0,0
90106946,1,714,29,MELON,3,0,0.0,0,0
90106946,0,715,29,MILK,3,0,0.0,0,0
90106946,1,715,29,MILK,3,0,0.0,0,0
90106946,0,715,29,WOOL,12,0,0.0,0,0
90106946,1,715,29,WOOL,12,0,0.0,0,0
90106946,0,716,29,MILK,3,0,0.0,0,0
90106946,0,717,29,STRAWBERRY,3,0,0.0,0,0
90106946,1,717,29,STRAWBERRY,3,0,0.0,0,0
90106946,1,717,29,MILK,3,0,0.0,0,0
90108324,0,76,3,MELON,6,0,0.0,0,0
90108324,1,76,3,MELON,8,0,0.0,0,0
90108324,0,77,3,MELON,5,0,0.0,0,0
90108324,1,77,3,MELON,6,0,0.0,0,0
90108324,0,98,4,MELON,4,0,0.0,0,0
90108324,1,98,4,MELON,5,0,0.0,0,0
90108324,0,158,6,WOOL,6,0,0.0,0,0
90108324,1,158,6,WOOL,6,0,0.0,0,0
90108324,0,195,8,MILK,8,0,0.0,0,0
90108324,1,195,8,MILK,10,0,0.0,0,0
90108324,0,198,8,MILK,12,0,0.0,0,0
90108324,1,198,8,MILK,15,0,0.0,0,0
90108324,0,229,9,WOOL,4,0,0.0,0,0
90108324,1,229,9,WOOL,4,0,0.0,0,0
90108324,0,256,10,MELON,6,0,0.0,0,0
90108324,1,256,10,MELON,8,0,0.0,0,0
90108324,0,257,10,MELON,6,0,0.0,0,0
90108324,1,257,10,MELON,8,0,0.0,0,0
90108324,0,259,10,MELON,16,0,0.0,0,0
90108324,1,259,10,MELON,20,0,0.0,0,0
90108324,0,262,10,MELON,11,0,0.0,0,0
90108324,1,262,10,MELON,14,0,0.0,0,0
90108324,0,264,11,MELON,27,18,4178.0,232.111111,0
90108324,1,264,11,MELON,34,18,4178.0,232.111111,0
90108324,0,269,11,STRAWBERRY,4,0,0.0,0,0
90108324,1,269,11,STRAWBERRY,6,0,0.0,0,0
90108324,0,280,11,WOOL,6,0,0.0,0,0
90108324,1,280,11,WOOL,6,0,0.0,0,0
90108324,0,292,12,STRAWBERRY,6,0,0.0,0,0
90108324,1,292,12,STRAWBERRY,9,0,0.0,0,0
90108324,1,292,12,MILK,11,9,2149.0,238.777778,0
90108324,0,293,12,MILK,9,9,2117.0,235.222222,0
90108324,0,294,12,MILK,12,0,0.0,0,0
90108324,1,294,12,MILK,15,0,0.0,0,0
90108324,0,295,12,MILK,20,0,0.0,0,0
90108324,1,295,12,MILK,25,0,0.0,0,0
90108324,0,301,12,MILK,9,0,0.0,0,0
90108324,1,301,12,MILK,11,0,0.0,0,0
90108324,0,302,12,MILK,6,0,0.0,0,0
90108324,1,302,12,MILK,8,0,0.0,0,0
90108324,0,306,12,MELON,12,0,0.0,0,0
90108324,1,306,12,MELON,15,0,0.0,0,0
90108324,0,308,12,MILK,2,0,0.0,0,0
90108324,1,308,12,MILK,2,0,0.0,0,0
90108324,0,309,12,WOOL,5,0,0.0,0,0
90108324,1,309,12,WOOL,5,0,0.0,0,0
90108324,1,323,13,MILK,4,4,944.0,236.0,0
90108324,0,324,13,MILK,3,3,703.0,234.333333,0
90108324,1,324,13,MILK,1,0,0.0,0,0
90108324,0,325,13,MILK,3,1,235.0,235.0,0
90108324,1,325,13,MILK,4,0,0.0,0,0
90108324,1,341,14,MILK,4,2,473.0,236.5,0
90108324,1,343,14,MILK,4,0,0.0,0,0
90108324,1,344,14,MILK,5,0,0.0,0,0
90108324,0,346,14,MILK,3,3,709.0,236.333333,0
90108324,0,347,14,MILK,3,1,235.0,235.0,0
90108324,1,347,14,MILK,4,0,0.0,0,0
90108324,0,348,14,MILK,4,0,0.0,0,0
90108324,1,348,14,MILK,5,0,0.0,0,0
90108324,0,348,14,WOOL,7,6,1413.0,235.5,0
90108324,1,348,14,WOOL,7,6,1408.0,234.666667,0
90108324,0,353,14,WOOL,6,0,0.0,0,0
90108324,1,353,14,WOOL,6,0,0.0,0,0
90108324,0,354,14,WOOL,6,0,0.0,0,0
90108324,1,354,14,WOOL,6,0,0.0,0,0
90108324,0,358,14,WOOL,7,0,0.0,0,0
90108324,1,358,14,WOOL,7,0,0.0,0,0
90108324,0,359,14,MELON,5,5,1070.0,214.0,0
90108324,1,359,14,MELON,7,6,1276.0,212.666667,0
90108324,0,359,14,STRAWBERRY,4,0,0.0,0,0
90108324,1,359,14,STRAWBERRY,6,0,0.0,0,0
90108324,1,360,15,MELON,9,6,1210.0,201.666667,0
90108324,0,361,15,MELON,7,7,1367.0,195.285714,0
90108324,0,362,15,MELON,7,0,0.0,0,0
90108324,1,362,15,MELON,9,0,0.0,0,0
90108324,1,364,15,WOOL,4,4,914.0,228.5,0
90108324,1,365,15,MILK,11,9,2166.0,240.666667,0
90108324,1,366,15,WOOL,4,0,0.0,0,0
90108324,1,367,15,MILK,11,0,0.0,0,0
90108324,0,369,15,WOOL,4,4,914.0,228.5,0
90108324,0,370,15,MILK,9,9,2140.0,237.777778,0
90108324,0,370,15,WOOL,9,0,0.0,0,0
90108324,1,370,15,WOOL,9,0,0.0,0,0
90108324,0,371,15,MILK,12,0,0.0,0,0
90108324,1,371,15,MILK,15,0,0.0,0,0
90108324,0,375,15,WOOL,6,0,0.0,0,0
90108324,1,375,15,WOOL,6,0,0.0,0,0
90108324,0,384,16,WOOL,8,4,916.0,229.0,0
90108324,1,384,16,WOOL,8,4,916.0,229.0,0
90108324,1,385,16,MILK,11,9,2170.0,241.111111,0
90108324,1,387,16,MILK,11,0,0.0,0,0
90108324,0,390,16,MILK,9,9,2144.0,238.222222,0
90108324,0,391,16,MILK,28,0,0.0,0,0
90108324,1,391,16,MILK,35,0,0.0,0,0
90108324,0,407,16,WOOL,4,0,0.0,0,0
90108324,1,407,16,WOOL,4,0,0.0,0,0
90108324,0,408,17,MILK,9,9,2144.0,238.222222,0
90108324,1,408,17,MILK,11,9,2152.0,239.111111,0
90108324,0,409,17,MILK,9,0,0.0,0,0
90108324,1,409,17,MILK,11,0,0.0,0,0
90108324,0,411,17,MELON,1,0,0.0,0,0
90108324,1,411,17,MELON,1,0,0.0,0,0
90108324,1,415,17,STRAWBERRY,8,8,1911.0,238.875,0
90108324,1,416,17,STRAWBERRY,4,0,0.0,0,0
90108324,1,417,17,STRAWBERRY,8,0,0.0,0,0
90108324,0,420,17,STRAWBERRY,5,5,1188.0,237.6,0
90108324,0,421,17,STRAWBERRY,5,3,713.0,237.666667,0
90108324,1,421,17,STRAWBERRY,8,0,0.0,0,0
90108324,0,423,17,MELON,4,0,0.0,0,0
90108324,1,423,17,MELON,5,0,0.0,0,0
90108324,0,423,17,WOOL,4,0,0.0,0,0
90108324,1,423,17,WOOL,4,0,0.0,0,0
90108324,0,424,17,WOOL,3,0,0.0,0,0
90108324,1,424,17,WOOL,3,0,0.0,0,0
90108324,1,435,18,STRAWBERRY,12,8,1909.0,238.625,0
90108324,1,436,18,MILK,4,4,983.0,245.75,0
90108324,1,437,18,STRAWBERRY,12,0,0.0,0,0
90108324,1,437,18,MILK,10,8,1956.0,244.5,0
90108324,1,438,18,MILK,4,0,0.0,0,0
90108324,1,439,18,MILK,6,0,0.0,0,0
90108324,0,440,18,STRAWBERRY,8,8,1897.0,237.125,0
90108324,1,440,18,MILK,5,0,0.0,0,0
90108324,0,441,18,STRAWBERRY,17,0,0.0,0,0
90108324,1,441,18,STRAWBERRY,26,0,0.0,0,0
90108324,0,441,18,MILK,3,3,730.0,243.333333,0
90108324,0,442,18,MILK,8,8,1927.0,240.875,0
90108324,1,442,18,MILK,4,0,0.0,0,0
90108324,0,443,18,MILK,5,1,239.0,239.0,0
90108324,1,443,18,MILK,6,0,0.0,0,0
90108324,1,443,18,WOOL,2,2,468.0,234.0,0
90108324,0,444,18,MILK,20,0,0.0,0,0
90108324,1,444,18,MILK,25,0,0.0,0,0
90108324,1,444,18,WOOL,2,2,466.0,233.0,0
90108324,0,445,18,STRAWBERRY,20,0,0.0,0,0
90108324,1,445,18,STRAWBERRY,30,0,0.0,0,0
90108324,1,445,18,WOOL,2,2,468.0,234.0,0
90108324,1,447,18,WOOL,2,2,466.0,233.0,0
90108324,0,448,18,WOOL,2,2,466.0,233.0,0
90108324,1,448,18,WOOL,2,2,466.0,233.0,0
90108324,0,449,18,WOOL,2,2,465.0,232.5,0
90108324,1,449,18,WOOL,2,2,465.0,232.5,0
90108324,0,450,18,STRAWBERRY,1,0,0.0,0,0
90108324,1,450,18,STRAWBERRY,2,0,0.0,0,0
90108324,0,450,18,MILK,6,0,0.0,0,0
90108324,1,450,18,MILK,8,0,0.0,0,0
90108324,1,455,18,WOOL,4,4,928.0,232.0,0
90108324,1,456,19,WOOL,1,1,231.0,231.0,0
90108324,1,457,19,WOOL,4,0,0.0,0,0
90108324,0,460,19,WOOL,4,4,927.0,231.75,0
90108324,0,461,19,WOOL,4,4,925.0,231.25,0
90108324,1,461,19,WOOL,4,0,0.0,0,0
90108324,1,463,19,STRAWBERRY,2,2,482.0,241.0,0
90108324,1,464,19,STRAWBERRY,2,2,482.0,241.0,0
90108324,1,465,19,STRAWBERRY,17,10,2398.0,239.8,0
90108324,1,466,19,STRAWBERRY,3,0,0.0,0,0
90108324,1,466,19,WOOL,4,0,0.0,0,0
90108324,1,467,19,STRAWBERRY,15,0,0.0,0,0
90108324,0,468,19,STRAWBERRY,1,1,238.0,238.0,0
90108324,1,468,19,STRAWBERRY,2,0,0.0,0,0
90108324,0,469,19,STRAWBERRY,1,1,239.0,239.0,0
90108324,1,469,19,STRAWBERRY,2,0,0.0,0,0
90108324,1,469,19,MILK,11,9,2237.0,248.555556,0
90108324,0,469,19,WOOL,4,4,927.0,231.75,0
90108324,0,470,19,STRAWBERRY,10,10,2377.0,237.7,0
90108324,1,470,19,STRAWBERRY,3,0,0.0,0,0
90108324,0,470,19,WOOL,4,1,231.0,231.0,0
90108324,1,470,19,WOOL,4,0,0.0,0,0
90108324,0,471,19,STRAWBERRY,10,3,707.0,235.666667,0
90108324,1,471,19,STRAWBERRY,15,0,0.0,0,0
90108324,1,471,19,MILK,11,0,0.0,0,0
90108324,0,472,19,STRAWBERRY,1,0,0.0,0,0
90108324,1,472,19,STRAWBERRY,2,0,0.0,0,0
90108324,0,474,19,STRAWBERRY,9,0,0.0,0,0
90108324,1,474,19,STRAWBERRY,14,0,0.0,0,0
90108324,0,474,19,MILK,9,9,2214.0,246.0,0
90108324,0,475,19,MILK,12,0,0.0,0,0
90108324,1,475,19,MILK,15,0,0.0,0,0
90108324,0,477,19,MILK,11,0,0.0,0,0
90108324,1,477,19,MILK,14,0,0.0,0,0
90108324,0,478,19,STRAWBERRY,6,0,0.0,0,0
90108324,1,478,19,STRAWBERRY,9,0,0.0,0,0
90108324,1,480,20,STRAWBERRY,18,12,2778.0,231.5,0
90108324,1,480,20,MILK,15,15,3544.0,236.266667,0
90108324,1,482,20,STRAWBERRY,18,0,0.0,0,0
90108324,1,483,20,MILK,19,0,0.0,0,0
90108324,0,485,20,STRAWBERRY,12,12,2771.0,230.916667,0
90108324,1,485,20,MILK,19,0,0.0,0,0
90108324,0,486,20,STRAWBERRY,20,0,0.0,0,0
90108324,1,486,20,STRAWBERRY,30,0,0.0,0,0
90108324,0,488,20,STRAWBERRY,3,0,0.0,0,0
90108324,1,488,20,STRAWBERRY,4,0,0.0,0,0
90108324,0,488,20,MILK,15,15,3506.0,233.733333,0
90108324,0,489,20,MILK,15,0,0.0,0,0
90108324,1,489,20,MILK,19,0,0.0,0,0
90108324,1,492,20,STRAWBERRY,3,2,460.0,230.0,0
90108324,0,493,20,STRAWBERRY,2,2,462.0,231.0,0
90108324,1,493,20,STRAWBERRY,3,0,0.0,0,0
90108324,1,494,20,MELON,1,1,213.0,213.0,0
90108324,0,494,20,STRAWBERRY,4,0,0.0,0,0
90108324,1,494,20,STRAWBERRY,6,0,0.0,0,0
90108324,0,497,20,STRAWBERRY,2,0,0.0,0,0
90108324,1,497,20,STRAWBERRY,3,0,0.0,0,0
90108324,0,498,20,STRAWBERRY,7,0,0.0,0,0
90108324,1,498,20,STRAWBERRY,10,0,0.0,0,0
90108324,0,499,20,STRAWBERRY,4,0,0.0,0,0
90108324,1,499,20,STRAWBERRY,6,0,0.0,0,0
90108324,0,501,20,STRAWBERRY,2,0,0.0,0,0
90108324,1,501,20,STRAWBERRY,3,0,0.0,0,0
90108324,1,504,21,MELON,2,0,0.0,0,0
90108324,0,504,21,STRAWBERRY,14,14,3088.0,220.571429,0
90108324,1,504,21,STRAWBERRY,21,14,3157.0,225.5,0
90108324,0,505,21,STRAWBERRY,18,0,0.0,0,0
90108324,1,505,21,STRAWBERRY,27,0,0.0,0,0
90108324,1,506,21,MELON,2,0,0.0,0,0
90108324,0,509,21,MELON,2,2,431.0,215.5,0
90108324,1,509,21,MILK,2,2,484.0,242.0,0
90108324,0,510,21,MELON,2,0,0.0,0,0
90108324,1,510,21,MELON,2,0,0.0,0,0
90108324,1,510,21,MILK,2,2,483.0,241.5,0
90108324,1,511,21,MILK,2,2,481.0,240.5,0
90108324,1,512,21,MILK,2,2,479.0,239.5,0
90108324,1,513,21,MILK,1,1,240.0,240.0,0
90108324,1,519,21,MILK,2,0,0.0,0,0
90108324,1,520,21,MILK,2,0,0.0,0,0
90108324,1,521,21,MILK,2,0,0.0,0,0
90108324,1,523,21,MILK,2,0,0.0,0,0
90108324,0,524,21,MILK,2,2,488.0,244.0,0
90108324,1,524,21,MILK,1,0,0.0,0,0
90108324,0,525,21,MILK,2,2,489.0,244.5,0
90108324,1,525,21,MILK,2,0,0.0,0,0
90108324,0,526,21,STRAWBERRY,3,0,0.0,0,0
90108324,1,526,21,STRAWBERRY,4,0,0.0,0,0
90108324,1,526,21,MILK,1,1,243.0,243.0,0
90108324,1,526,21,WOOL,24,24,5672.0,236.333333,0
90108324,0,527,21,MELON,10,0,0.0,0,0
90108324,1,527,21,MELON,12,0,0.0,0,0
90108324,0,527,21,STRAWBERRY,2,0,0.0,0,0
90108324,1,527,21,STRAWBERRY,3,0,0.0,0,0
90108324,1,528,22,STRAWBERRY,21,14,3128.0,223.428571,0
90108324,1,528,22,MILK,11,11,2642.0,240.181818,0
90108324,0,530,22,STRAWBERRY,14,14,3093.0,220.928571,0
90108324,0,531,22,STRAWBERRY,14,0,0.0,0,0
90108324,1,531,22,STRAWBERRY,21,0,0.0,0,0
90108324,1,535,22,MILK,15,0,0.0,0,0
90108324,1,536,22,WOOL,24,0,0.0,0,0
90108324,1,537,22,MILK,24,0,0.0,0,0
90108324,1,538,22,WOOL,24,0,0.0,0,0
90108324,0,540,22,MILK,19,19,4544.0,239.157895,0
90108324,0,541,22,MILK,24,0,0.0,0,0
90108324,1,541,22,MILK,30,0,0.0,0,0
90108324,0,541,22,WOOL,24,24,5648.0,235.333333,0
90108324,0,542,22,WOOL,44,0,0.0,0,0
90108324,1,542,22,WOOL,44,0,0.0,0,0
90108324,0,543,22,STRAWBERRY,2,0,0.0,0,0
90108324,1,543,22,STRAWBERRY,3,0,0.0,0,0
90108324,0,547,22,STRAWBERRY,6,2,447.0,223.5,0
90108324,1,547,22,STRAWBERRY,9,2,447.0,223.5,0
90108324,0,548,22,STRAWBERRY,6,0,0.0,0,0
90108324,1,548,22,STRAWBERRY,9,0,0.0,0,0
90108324,0,549,22,WOOL,2,0,0.0,0,0
90108324,1,549,22,WOOL,2,0,0.0,0,0
90108324,0,550,22,WOOL,12,0,0.0,0,0
90108324,1,550,22,WOOL,12,0,0.0,0,0
90108324,1,551,22,MELON,6,6,1266.0,211.0,0
90108324,0,551,22,STRAWBERRY,2,0,0.0,0,0
90108324,1,551,22,STRAWBERRY,3,0,0.0,0,0
90108324,1,552,23,STRAWBERRY,12,12,2551.0,212.583333,0
90108324,1,552,23,MILK,5,5,1199.0,239.8,0
90108324,0,552,23,WOOL,8,0,0.0,0,0
90108324,1,552,23,WOOL,8,0,0.0,0,0
90108324,1,553,23,MILK,4,4,964.0,241.0,0
90108324,1,560,23,STRAWBERRY,20,0,0.0,0,0
90108324,1,561,23,MELON,8,0,0.0,0,0
90108324,1,562,23,STRAWBERRY,20,0,0.0,0,0
90108324,1,562,23,MILK,5,0,0.0,0,0
90108324,1,563,23,MELON,8,0,0.0,0,0
90108324,1,564,23,MILK,5,0,0.0,0,0
90108324,0,565,23,STRAWBERRY,14,14,3014.0,215.285714,0
90108324,1,565,23,MILK,1,0,0.0,0,0
90108324,0,566,23,MELON,6,6,1280.0,213.333333,0
90108324,0,566,23,STRAWBERRY,14,0,0.0,0,0
90108324,1,566,23,STRAWBERRY,21,0,0.0,0,0
90108324,0,566,23,MILK,4,4,980.0,245.0,0
90108324,1,566,23,MILK,5,0,0.0,0,0
90108324,0,566,23,WOOL,3,0,0.0,0,0
90108324,1,566,23,WOOL,3,0,0.0,0,0
90108324,0,567,23,MELON,9,0,0.0,0,0
90108324,1,567,23,MELON,11,0,0.0,0,0
90108324,0,569,23,STRAWBERRY,4,2,424.0,212.0,0
90108324,1,569,23,STRAWBERRY,6,2,422.0,211.0,0
90108324,1,569,23,MILK,1,0,0.0,0,0
90108324,1,570,23,MILK,2,2,489.0,244.5,0
90108324,1,571,23,MILK,2,0,0.0,0,0
90108324,0,572,23,MILK,8,8,1938.0,242.25,0
90108324,0,573,23,STRAWBERRY,6,0,0.0,0,0
90108324,1,573,23,STRAWBERRY,9,0,0.0,0,0
90108324,0,573,23,MILK,12,0,0.0,0,0
90108324,1,573,23,MILK,15,0,0.0,0,0
90108324,1,576,24,MELON,8,6,1234.0,205.666667,0
90108324,1,576,24,STRAWBERRY,44,29,5827.0,200.931034,0
90108324,0,577,24,STRAWBERRY,30,30,5728.0,190.933333,0
90108324,0,578,24,MELON,8,6,1218.0,203.0,0
90108324,1,578,24,MELON,10,0,0.0,0,0
90108324,0,578,24,STRAWBERRY,35,0,0.0,0,0
90108324,1,578,24,STRAWBERRY,52,0,0.0,0,0
90108324,0,582,24,MELON,7,0,0.0,0,0
90108324,1,582,24,MELON,9,0,0.0,0,0
90108324,0,589,24,STRAWBERRY,2,2,381.0,190.5,0
90108324,1,589,24,STRAWBERRY,3,2,381.0,190.5,0
90108324,0,594,24,STRAWBERRY,4,0,0.0,0,0
90108324,1,594,24,STRAWBERRY,6,0,0.0,0,0
90108324,0,595,24,STRAWBERRY,4,0,0.0,0,0
90108324,1,595,24,STRAWBERRY,6,0,0.0,0,0
90108324,1,596,24,MILK,8,8,2001.0,250.125,0
90108324,1,597,24,STRAWBERRY,6,4,756.0,189.0,0
90108324,1,597,24,MILK,8,8,1983.0,247.875,0
90108324,0,598,24,STRAWBERRY,4,4,748.0,187.0,0
90108324,1,598,24,MILK,2,2,492.0,246.0,0
90108324,0,599,24,MELON,6,0,0.0,0,0
90108324,1,599,24,MELON,8,0,0.0,0,0
90108324,0,599,24,STRAWBERRY,4,0,0.0,0,0
90108324,1,599,24,STRAWBERRY,6,0,0.0,0,0
90108324,0,600,25,STRAWBERRY,21,21,3636.0,173.142857,0
90108324,1,600,25,STRAWBERRY,32,20,3478.0,173.9,0
90108324,1,600,25,MILK,3,3,734.0,244.666667,0
90108324,1,601,25,WOOL,9,9,2147.0,238.555556,0
90108324,1,602,25,WOOL,9,9,2138.0,237.555556,0
90108324,1,603,25,WOOL,3,3,711.0,237.0,0
90108324,1,606,25,MILK,8,0,0.0,0,0
90108324,1,607,25,MILK,19,0,0.0,0,0
90108324,1,608,25,MILK,8,0,0.0,0,0
90108324,1,609,25,MILK,11,0,0.0,0,0
90108324,0,611,25,MILK,6,6,1490.0,248.333333,0
90108324,1,611,25,WOOL,9,0,0.0,0,0
90108324,0,612,25,MILK,15,15,3657.0,243.8,0
90108324,1,612,25,MILK,8,0,0.0,0,0
90108324,1,612,25,WOOL,9,0,0.0,0,0
90108324,0,613,25,MILK,9,0,0.0,0,0
90108324,1,613,25,MILK,11,0,0.0,0,0
90108324,1,613,25,WOOL,9,0,0.0,0,0
90108324,0,616,25,WOOL,9,9,2136.0,237.333333,0
90108324,0,617,25,STRAWBERRY,6,0,0.0,0,0
90108324,1,617,25,STRAWBERRY,9,0,0.0,0,0
90108324,0,617,25,MILK,14,0,0.0,0,0
90108324,1,617,25,MILK,18,0,0.0,0,0
90108324,0,617,25,WOOL,9,9,2129.0,236.555556,0
90108324,1,617,25,WOOL,9,0,0.0,0,0
90108324,0,619,25,STRAWBERRY,6,0,0.0,0,0
90108324,1,619,25,STRAWBERRY,9,0,0.0,0,0
90108324,0,622,25,MELON,6,0,0.0,0,0
90108324,1,622,25,MELON,8,0,0.0,0,0
90108324,0,625,26,MELON,6,6,1066.0,177.666667,0
90108324,1,625,26,MELON,8,6,1066.0,177.666667,0
90108324,1,625,26,STRAWBERRY,20,20,3260.0,163.0,0
90108324,1,625,26,MILK,15,15,3690.0,246.0,0
90108324,0,625,26,WOOL,1,1,237.0,237.0,0
90108324,1,625,26,WOOL,1,0,0.0,0,0
90108324,1,627,26,WOOL,2,0,0.0,0,0
90108324,0,630,26,WOOL,2,2,474.0,237.0,0
90108324,1,631,26,STRAWBERRY,30,0,0.0,0,0
90108324,0,631,26,WOOL,12,0,0.0,0,0
90108324,1,631,26,WOOL,12,0,0.0,0,0
90108324,1,632,26,MILK,19,0,0.0,0,0
90108324,1,633,26,STRAWBERRY,30,0,0.0,0,0
90108324,1,633,26,MILK,19,0,0.0,0,0
90108324,0,636,26,MILK,15,15,3630.0,242.0,0
90108324,0,637,26,STRAWBERRY,20,20,3191.0,159.55,0
90108324,1,637,26,STRAWBERRY,30,0,0.0,0,0
90108324,0,637,26,MILK,30,0,0.0,0,0
90108324,1,637,26,MILK,38,0,0.0,0,0
90108324,0,649,27,MELON,6,6,1024.0,170.666667,0
90108324,1,649,27,MELON,8,6,1024.0,170.666667,0
90108324,1,649,27,STRAWBERRY,3,3,491.0,163.666667,0
90108324,1,649,27,MILK,9,9,2210.0,245.555556,0
90108324,1,649,27,WOOL,1,1,239.0,239.0,0
90108324,1,650,27,STRAWBERRY,3,3,483.0,161.0,0
90108324,1,650,27,WOOL,1,1,239.0,239.0,0
90108324,1,651,27,STRAWBERRY,3,3,475.0,158.333333,0
90108324,1,651,27,WOOL,1,1,239.0,239.0,0
90108324,1,652,27,STRAWBERRY,3,3,468.0,156.0,0
90108324,1,652,27,WOOL,1,1,238.0,238.0,0
90108324,1,653,27,STRAWBERRY,3,3,471.0,157.0,0
90108324,1,653,27,WOOL,1,1,239.0,239.0,0
90108324,1,654,27,STRAWBERRY,3,3,462.0,154.0,0
90108324,1,654,27,WOOL,1,1,238.0,238.0,0
90108324,1,655,27,STRAWBERRY,3,3,450.0,150.0,0
90108324,1,655,27,MILK,11,0,0.0,0,0
90108324,1,655,27,WOOL,1,1,238.0,238.0,0
90108324,1,656,27,STRAWBERRY,2,2,295.0,147.5,0
90108324,1,656,27,WOOL,1,1,238.0,238.0,0
90108324,1,657,27,STRAWBERRY,3,0,0.0,0,0
90108324,1,657,27,MILK,11,0,0.0,0,0
90108324,1,657,27,WOOL,1,1,238.0,238.0,0
90108324,1,658,27,WOOL,1,1,238.0,238.0,0
90108324,1,659,27,STRAWBERRY,3,0,0.0,0,0
90108324,1,659,27,WOOL,1,1,238.0,238.0,0
90108324,0,660,27,MILK,9,9,2198.0,244.222222,0
90108324,1,660,27,WOOL,1,1,238.0,238.0,0
90108324,0,661,27,STRAWBERRY,2,2,316.0,158.0,0
90108324,1,661,27,STRAWBERRY,3,0,0.0,0,0
90108324,0,661,27,MILK,10,0,0.0,0,0
90108324,1,661,27,MILK,12,0,0.0,0,0
90108324,0,661,27,WOOL,1,1,238.0,238.0,0
90108324,1,661,27,WOOL,1,1,239.0,239.0,0
90108324,1,662,27,STRAWBERRY,12,0,0.0,0,0
90108324,1,663,27,STRAWBERRY,14,0,0.0,0,0
90108324,1,664,27,STRAWBERRY,12,0,0.0,0,0
90108324,1,665,27,STRAWBERRY,6,0,0.0,0,0
90108324,0,667,27,STRAWBERRY,8,8,1257.0,157.125,0
90108324,0,667,27,MILK,4,0,0.0,0,0
90108324,1,667,27,MILK,5,0,0.0,0,0
90108324,0,668,27,STRAWBERRY,12,12,1746.0,145.5,0
90108324,1,668,27,STRAWBERRY,12,0,0.0,0,0
90108324,0,669,27,STRAWBERRY,4,3,422.0,140.666667,0
90108324,1,669,27,STRAWBERRY,6,0,0.0,0,0
90108324,0,670,27,MILK,15,0,0.0,0,0
90108324,1,670,27,MILK,19,0,0.0,0,0
90108324,1,673,28,STRAWBERRY,4,4,589.0,147.25,0
90108324,0,673,28,MILK,4,4,998.0,249.5,0
90108324,1,673,28,MILK,15,15,3694.0,246.266667,0
90108324,1,674,28,STRAWBERRY,4,4,566.0,141.5,0
90108324,1,674,28,MILK,10,0,0.0,0,0
90108324,1,675,28,STRAWBERRY,4,4,532.0,133.0,0
90108324,1,676,28,STRAWBERRY,3,3,354.0,118.0,0
90108324,0,677,28,MILK,8,8,1938.0,242.25,0
90108324,0,678,28,MILK,8,3,719.0,239.666667,0
90108324,1,678,28,MILK,10,0,0.0,0,0
90108324,1,679,28,STRAWBERRY,4,0,0.0,0,0
90108324,1,681,28,STRAWBERRY,4,0,0.0,0,0
90108324,1,682,28,STRAWBERRY,18,0,0.0,0,0
90108324,0,685,28,STRAWBERRY,3,3,447.0,149.0,0
90108324,1,685,28,STRAWBERRY,4,0,0.0,0,0
90108324,0,685,28,MILK,9,0,0.0,0,0
90108324,1,685,28,MILK,11,0,0.0,0,0
90108324,0,686,28,STRAWBERRY,23,12,1628.0,135.666667,0
90108324,1,686,28,STRAWBERRY,34,0,0.0,0,0
90108324,0,686,28,MILK,13,0,0.0,0,0
90108324,1,686,28,MILK,16,0,0.0,0,0
90108324,1,687,28,MELON,12,12,2038.0,169.833333,0
90108324,1,687,28,WOOL,11,11,2637.0,239.727273,0
90108324,0,688,28,STRAWBERRY,3,0,0.0,0,0
90108324,1,688,28,STRAWBERRY,4,0,0.0,0,0
90108324,0,689,28,STRAWBERRY,6,0,0.0,0,0
90108324,1,689,28,STRAWBERRY,9,0,0.0,0,0
90108324,0,690,28,STRAWBERRY,14,0,0.0,0,0
90108324,1,690,28,STRAWBERRY,21,0,0.0,0,0
90108324,1,697,29,MELON,15,0,0.0,0,0
90108324,0,697,29,STRAWBERRY,13,13,1663.0,127.923077,0
90108324,1,697,29,STRAWBERRY,20,13,1663.0,127.923077,0
90108324,1,697,29,MILK,11,9,2226.0,247.333333,0
90108324,1,697,29,WOOL,20,0,0.0,0,0
90108324,1,698,29,MILK,11,0,0.0,0,0
90108324,1,699,29,WOOL,22,0,0.0,0,0
90108324,0,702,29,MILK,11,9,2202.0,244.666667,0
90108324,1,702,29,MILK,14,0,0.0,0,0
90108324,0,703,29,MILK,3,0,0.0,0,0
90108324,1,703,29,MILK,4,0,0.0,0,0
90108324,0,703,29,WOOL,24,23,5503.0,239.26087,0
90108324,1,703,29,WOOL,24,0,0.0,0,0
90108324,1,707,29,MELON,1,0,0.0,0,0
90108324,1,709,29,MELON,8,0,0.0,0,0
90108324,0,709,29,WOOL,12,0,0.0,0,0
90108324,1,709,29,WOOL,12,0,0.0,0,0
90108324,1,710,29,MELON,3,0,0.0,0,0
90108324,0,710,29,MILK,9,0,0.0,0,0
90108324,1,710,29,MILK,9,0,0.0,0,0
90108324,0,711,29,MELON,1,1,173.0,173.0,0
90108324,1,711,29,MELON,1,0,0.0,0,0
90108324,0,712,29,MILK,12,0,0.0,0,0
90108324,1,712,29,MILK,12,0,0.0,0,0
90108324,0,712,29,WOOL,20,0,0.0,0,0
90108324,1,712,29,WOOL,20,0,0.0,0,0
90108324,0,713,29,MELON,8,8,1316.0,164.5,0
90108324,1,713,29,MELON,8,0,0.0,0,0
90108324,0,713,29,STRAWBERRY,6,0,0.0,0,0
90108324,1,713,29,STRAWBERRY,6,0,0.0,0,0
90108324,0,713,29,MILK,3,0,0.0,0,0
90108324,1,713,29,MILK,3,0,0.0,0,0
90108324,0,714,29,MELON,3,3,462.0,154.0,0
90108324,1,714,29,MELON,3,0,0.0,0,0
90108324,0,715,29,MILK,3,0,0.0,0,0
90108324,1,715,29,MILK,3,0,0.0,0,0
90108324,0,715,29,WOOL,12,0,0.0,0,0
90108324,1,715,29,WOOL,12,0,0.0,0,0
90108324,0,716,29,STRAWBERRY,3,0,0.0,0,0
90108324,1,716,29,STRAWBERRY,3,0,0.0,0,0
90108324,1,716,29,MILK,3,0,0.0,0,0
90113773,0,76,3,MELON,6,0,0.0,0,0
90113773,1,76,3,MELON,6,0,0.0,0,0
90113773,0,77,3,MELON,5,0,0.0,0,0
90113773,1,77,3,MELON,5,0,0.0,0,0
90113773,0,98,4,MELON,4,0,0.0,0,0
90113773,1,98,4,MELON,4,0,0.0,0,0
90113773,0,158,6,WOOL,6,0,0.0,0,0
90113773,1,158,6,WOOL,6,0,0.0,0,0
90113773,0,195,8,MILK,8,0,0.0,0,0
90113773,1,195,8,MILK,8,0,0.0,0,0
90113773,0,198,8,MILK,12,0,0.0,0,0
90113773,1,198,8,MILK,12,0,0.0,0,0
90113773,0,229,9,WOOL,4,0,0.0,0,0
90113773,1,229,9,WOOL,4,0,0.0,0,0
90113773,0,256,10,MELON,6,0,0.0,0,0
90113773,1,256,10,MELON,6,0,0.0,0,0
90113773,0,257,10,MELON,6,0,0.0,0,0
90113773,1,257,10,MELON,6,0,0.0,0,0
90113773,0,259,10,MELON,16,0,0.0,0,0
90113773,1,259,10,MELON,16,0,0.0,0,0
90113773,0,262,10,MELON,11,0,0.0,0,0
90113773,1,262,10,MELON,11,0,0.0,0,0
90113773,0,264,11,MELON,27,18,4178.0,232.111111,0
90113773,1,264,11,MELON,27,18,4178.0,232.111111,0
90113773,0,269,11,STRAWBERRY,4,0,0.0,0,0
90113773,1,269,11,STRAWBERRY,4,0,0.0,0,0
90113773,0,280,11,WOOL,6,0,0.0,0,0
90113773,1,280,11,WOOL,6,0,0.0,0,0
90113773,0,292,12,STRAWBERRY,6,0,0.0,0,0
90113773,1,292,12,STRAWBERRY,6,0,0.0,0,0
90113773,0,293,12,MILK,9,9,1601.0,177.888889,0
90113773,1,293,12,MILK,9,9,1601.0,177.888889,0
90113773,0,294,12,MILK,12,0,0.0,0,0
90113773,1,294,12,MILK,12,0,0.0,0,0
90113773,0,295,12,MILK,20,0,0.0,0,0
90113773,1,295,12,MILK,20,0,0.0,0,0
90113773,0,301,12,MILK,9,0,0.0,0,0
90113773,1,301,12,MILK,9,0,0.0,0,0
90113773,0,302,12,MILK,6,0,0.0,0,0
90113773,1,302,12,MILK,6,0,0.0,0,0
90113773,0,306,12,MELON,12,0,0.0,0,0
90113773,1,306,12,MELON,12,0,0.0,0,0
90113773,0,308,12,MILK,2,0,0.0,0,0
90113773,1,308,12,MILK,2,0,0.0,0,0
90113773,0,309,12,WOOL,5,0,0.0,0,0
90113773,1,309,12,WOOL,5,0,0.0,0,0
90113773,0,324,13,MILK,3,3,449.0,149.666667,0
90113773,1,324,13,MILK,3,3,449.0,149.666667,0
90113773,0,325,13,MILK,3,1,147.0,147.0,0
90113773,1,325,13,MILK,3,1,147.0,147.0,0
90113773,0,342,14,MILK,3,3,429.0,143.0,0
90113773,1,342,14,MILK,3,3,429.0,143.0,0
90113773,0,343,14,MILK,3,1,135.0,135.0,0
90113773,1,343,14,MILK,3,1,135.0,135.0,0
90113773,0,344,14,MILK,4,0,0.0,0,0
90113773,1,344,14,MILK,4,0,0.0,0,0
90113773,0,347,14,MILK,3,0,0.0,0,0
90113773,1,347,14,MILK,3,0,0.0,0,0
90113773,0,348,14,MILK,4,0,0.0,0,0
90113773,1,348,14,MILK,4,0,0.0,0,0
90113773,0,348,14,WOOL,7,5,1138.0,227.6,0
90113773,1,348,14,WOOL,7,6,1363.0,227.166667,0
90113773,0,353,14,WOOL,6,0,0.0,0,0
90113773,1,353,14,WOOL,6,0,0.0,0,0
90113773,0,354,14,WOOL,6,0,0.0,0,0
90113773,1,354,14,WOOL,6,0,0.0,0,0
90113773,0,358,14,WOOL,7,0,0.0,0,0
90113773,1,358,14,WOOL,7,0,0.0,0,0
90113773,0,359,14,MELON,6,6,1276.0,212.666667,0
90113773,1,359,14,MELON,6,6,1276.0,212.666667,0
90113773,0,359,14,STRAWBERRY,4,0,0.0,0,0
90113773,1,359,14,STRAWBERRY,4,0,0.0,0,0
90113773,0,360,15,MELON,7,6,1179.0,196.5,0
90113773,1,360,15,MELON,7,6,1179.0,196.5,0
90113773,0,362,15,MELON,7,0,0.0,0,0
90113773,1,362,15,MELON,7,0,0.0,0,0
90113773,0,365,15,WOOL,4,4,804.0,201.0,0
90113773,1,365,15,WOOL,4,4,804.0,201.0,0
90113773,0,366,15,MILK,9,9,1213.0,134.777778,0
90113773,1,366,15,MILK,9,9,1213.0,134.777778,0
90113773,0,366,15,WOOL,4,0,0.0,0,0
90113773,1,366,15,WOOL,4,0,0.0,0,0
90113773,0,367,15,MILK,9,0,0.0,0,0
90113773,1,367,15,MILK,9,0,0.0,0,0
90113773,0,370,15,WOOL,9,0,0.0,0,0
90113773,1,370,15,WOOL,9,0,0.0,0,0
90113773,0,371,15,MILK,12,0,0.0,0,0
90113773,1,371,15,MILK,12,0,0.0,0,0
90113773,0,375,15,WOOL,6,0,0.0,0,0
90113773,1,375,15,WOOL,6,0,0.0,0,0
90113773,0,384,16,WOOL,8,4,817.0,204.25,0
90113773,1,384,16,WOOL,8,4,817.0,204.25,0
90113773,0,386,16,MILK,9,9,1044.0,116.0,0
90113773,1,386,16,MILK,9,9,1044.0,116.0,0
90113773,0,387,16,MILK,9,0,0.0,0,0
90113773,1,387,16,MILK,9,0,0.0,0,0
90113773,0,391,16,MILK,28,0,0.0,0,0
90113773,1,391,16,MILK,28,0,0.0,0,0
90113773,0,407,16,WOOL,4,0,0.0,0,0
90113773,1,407,16,WOOL,4,0,0.0,0,0
90113773,0,408,17,MILK,9,9,835.0,92.777778,0
90113773,1,408,17,MILK,9,9,835.0,92.777778,0
90113773,0,409,17,MILK,9,0,0.0,0,0
90113773,1,409,17,MILK,9,0,0.0,0,0
90113773,0,411,17,MELON,1,0,0.0,0,0
90113773,1,411,17,MELON,1,0,0.0,0,0
90113773,0,416,17,STRAWBERRY,5,5,925.0,185.0,0
90113773,1,416,17,STRAWBERRY,5,5,925.0,185.0,0
90113773,0,417,17,STRAWBERRY,5,3,543.0,181.0,0
90113773,1,417,17,STRAWBERRY,5,3,543.0,181.0,0
90113773,0,421,17,STRAWBERRY,5,0,0.0,0,0
90113773,1,421,17,STRAWBERRY,5,0,0.0,0,0
90113773,0,423,17,MELON,4,0,0.0,0,0
90113773,1,423,17,MELON,4,0,0.0,0,0
90113773,0,423,17,WOOL,4,0,0.0,0,0
90113773,1,423,17,WOOL,4,0,0.0,0,0
90113773,0,424,17,WOOL,3,0,0.0,0,0
90113773,1,424,17,WOOL,3,0,0.0,0,0
90113773,0,436,18,STRAWBERRY,8,8,1440.0,180.0,0
90113773,1,436,18,STRAWBERRY,8,8,1440.0,180.0,0
90113773,0,437,18,STRAWBERRY,8,0,0.0,0,0
90113773,1,437,18,STRAWBERRY,8,0,0.0,0,0
90113773,0,437,18,MILK,3,3,303.0,101.0,0
90113773,1,437,18,MILK,3,3,303.0,101.0,0
90113773,0,438,18,MILK,8,8,625.0,78.125,0
90113773,1,438,18,MILK,8,8,625.0,78.125,0
90113773,0,439,18,MILK,5,1,59.0,59.0,0
90113773,1,439,18,MILK,5,1,59.0,59.0,0
90113773,0,440,18,MILK,4,0,0.0,0,0
90113773,1,440,18,MILK,4,0,0.0,0,0
90113773,0,441,18,STRAWBERRY,17,0,0.0,0,0
90113773,1,441,18,STRAWBERRY,17,0,0.0,0,0
90113773,0,442,18,MILK,3,0,0.0,0,0
90113773,1,442,18,MILK,3,0,0.0,0,0
90113773,0,443,18,MILK,5,0,0.0,0,0
90113773,1,443,18,MILK,5,0,0.0,0,0
90113773,0,444,18,MILK,20,0,0.0,0,0
90113773,1,444,18,MILK,20,0,0.0,0,0
90113773,0,444,18,WOOL,2,2,455.0,227.5,0
90113773,1,444,18,WOOL,2,2,455.0,227.5,0
90113773,0,445,18,STRAWBERRY,20,0,0.0,0,0
90113773,1,445,18,STRAWBERRY,20,0,0.0,0,0
90113773,0,445,18,WOOL,2,2,455.0,227.5,0
90113773,1,445,18,WOOL,2,2,455.0,227.5,0
90113773,0,448,18,WOOL,2,2,451.0,225.5,0
90113773,1,448,18,WOOL,2,2,451.0,225.5,0
90113773,0,449,18,WOOL,2,2,449.0,224.5,0
90113773,1,449,18,WOOL,2,2,449.0,224.5,0
90113773,0,450,18,STRAWBERRY,1,0,0.0,0,0
90113773,1,450,18,STRAWBERRY,1,0,0.0,0,0
90113773,0,450,18,MILK,6,0,0.0,0,0
90113773,1,450,18,MILK,6,0,0.0,0,0
90113773,0,456,19,WOOL,4,4,890.0,222.5,0
90113773,1,456,19,WOOL,4,4,890.0,222.5,0
90113773,0,457,19,WOOL,4,4,879.0,219.75,0
90113773,1,457,19,WOOL,4,4,879.0,219.75,0
90113773,0,460,19,WOOL,1,0,0.0,0,0
90113773,1,460,19,WOOL,1,1,214.0,214.0,0
90113773,0,461,19,WOOL,4,0,0.0,0,0
90113773,1,461,19,WOOL,4,0,0.0,0,0
90113773,0,464,19,STRAWBERRY,1,1,184.0,184.0,0
90113773,1,464,19,STRAWBERRY,1,1,184.0,184.0,0
90113773,0,465,19,STRAWBERRY,1,1,184.0,184.0,0
90113773,1,465,19,STRAWBERRY,1,1,184.0,184.0,0
90113773,0,466,19,STRAWBERRY,10,10,1775.0,177.5,0
90113773,1,466,19,STRAWBERRY,10,10,1775.0,177.5,0
90113773,0,466,19,WOOL,4,0,0.0,0,0
90113773,1,466,19,WOOL,4,0,0.0,0,0
90113773,0,467,19,STRAWBERRY,10,2,339.0,169.5,0
90113773,1,467,19,STRAWBERRY,10,3,507.0,169.0,0
90113773,0,468,19,STRAWBERRY,1,0,0.0,0,0
90113773,1,468,19,STRAWBERRY,1,0,0.0,0,0
90113773,0,469,19,STRAWBERRY,1,0,0.0,0,0
90113773,1,469,19,STRAWBERRY,1,0,0.0,0,0
90113773,0,470,19,STRAWBERRY,2,0,0.0,0,0
90113773,1,470,19,STRAWBERRY,2,0,0.0,0,0
90113773,0,470,19,MILK,9,9,760.0,84.444444,0
90113773,1,470,19,MILK,9,9,760.0,84.444444,0
90113773,0,470,19,WOOL,4,0,0.0,0,0
90113773,1,470,19,WOOL,4,0,0.0,0,0
90113773,0,471,19,STRAWBERRY,10,0,0.0,0,0
90113773,1,471,19,STRAWBERRY,10,0,0.0,0,0
90113773,0,471,19,MILK,9,0,0.0,0,0
90113773,1,471,19,MILK,9,0,0.0,0,0
90113773,0,472,19,STRAWBERRY,1,0,0.0,0,0
90113773,1,472,19,STRAWBERRY,1,0,0.0,0,0
90113773,0,474,19,STRAWBERRY,9,0,0.0,0,0
90113773,1,474,19,STRAWBERRY,9,0,0.0,0,0
90113773,0,475,19,MILK,12,0,0.0,0,0
90113773,1,475,19,MILK,12,0,0.0,0,0
90113773,0,477,19,MILK,11,0,0.0,0,0
90113773,1,477,19,MILK,11,0,0.0,0,0
90113773,0,478,19,STRAWBERRY,6,0,0.0,0,0
90113773,1,478,19,STRAWBERRY,6,0,0.0,0,0
90113773,0,481,20,STRAWBERRY,12,11,1759.0,159.909091,0
90113773,1,481,20,STRAWBERRY,22,12,1907.0,158.916667,0
90113773,0,482,20,STRAWBERRY,12,0,0.0,0,0
90113773,1,482,20,STRAWBERRY,12,0,0.0,0,0
90113773,0,484,20,MILK,15,15,449.0,29.933333,1
90113773,1,484,20,MILK,15,15,449.0,29.933333,1
90113773,0,485,20,MILK,15,0,0.0,0,0
90113773,1,485,20,MILK,15,0,0.0,0,0
90113773,0,486,20,STRAWBERRY,20,0,0.0,0,0
90113773,1,486,20,STRAWBERRY,20,0,0.0,0,0
90113773,0,488,20,STRAWBERRY,3,0,0.0,0,0
90113773,1,488,20,STRAWBERRY,3,0,0.0,0,0
90113773,0,489,20,MILK,15,0,0.0,0,0
90113773,1,489,20,MILK,15,0,0.0,0,0
90113773,0,492,20,STRAWBERRY,2,2,300.0,150.0,0
90113773,1,492,20,STRAWBERRY,2,2,300.0,150.0,0
90113773,0,493,20,STRAWBERRY,2,0,0.0,0,0
90113773,1,493,20,STRAWBERRY,2,0,0.0,0,0
90113773,0,494,20,STRAWBERRY,4,0,0.0,0,0
90113773,1,494,20,STRAWBERRY,4,0,0.0,0,0
90113773,0,497,20,STRAWBERRY,2,0,0.0,0,0
90113773,1,497,20,STRAWBERRY,2,0,0.0,0,0
90113773,0,498,20,STRAWBERRY,7,0,0.0,0,0
90113773,1,498,20,STRAWBERRY,7,0,0.0,0,0
90113773,0,499,20,STRAWBERRY,4,0,0.0,0,0
90113773,1,499,20,STRAWBERRY,4,0,0.0,0,0
90113773,0,501,20,STRAWBERRY,2,0,0.0,0,0
90113773,1,501,20,STRAWBERRY,2,0,0.0,0,0
90113773,0,504,21,STRAWBERRY,14,13,1377.0,105.923077,0
90113773,1,504,21,STRAWBERRY,14,14,1455.0,103.928571,0
90113773,0,505,21,MELON,2,2,431.0,215.5,0
90113773,1,505,21,MELON,2,2,437.0,218.5,0
90113773,0,505,21,STRAWBERRY,18,0,0.0,0,0
90113773,1,505,21,STRAWBERRY,18,0,0.0,0,0
90113773,0,506,21,MELON,2,0,0.0,0,0
90113773,1,506,21,MELON,2,0,0.0,0,0
90113773,0,510,21,MELON,2,0,0.0,0,0
90113773,1,510,21,MELON,2,0,0.0,0,0
90113773,0,520,21,MILK,2,2,122.0,61.0,0
90113773,1,520,21,MILK,2,2,122.0,61.0,0
90113773,0,521,21,MILK,2,2,116.0,58.0,0
90113773,1,521,21,MILK,2,2,108.0,54.0,0
90113773,0,524,21,MILK,2,2,98.0,49.0,0
90113773,1,524,21,MILK,2,2,98.0,49.0,0
90113773,0,525,21,MILK,2,2,89.0,44.5,0
90113773,1,525,21,MILK,2,2,89.0,44.5,0
90113773,0,526,21,STRAWBERRY,3,0,0.0,0,0
90113773,1,526,21,STRAWBERRY,3,0,0.0,0,0
90113773,0,527,21,MELON,10,0,0.0,0,0
90113773,1,527,21,MELON,10,0,0.0,0,0
90113773,0,527,21,STRAWBERRY,2,0,0.0,0,0
90113773,1,527,21,STRAWBERRY,2,0,0.0,0,0
90113773,0,528,22,STRAWBERRY,14,13,1236.0,95.076923,0
90113773,1,528,22,STRAWBERRY,14,14,1304.0,93.142857,0
90113773,0,531,22,STRAWBERRY,14,0,0.0,0,0
90113773,1,531,22,STRAWBERRY,14,0,0.0,0,0
90113773,0,536,22,MILK,15,15,391.0,26.066667,2
90113773,1,536,22,MILK,15,15,391.0,26.066667,2
90113773,0,537,22,MILK,19,0,0.0,0,0
90113773,1,537,22,MILK,19,0,0.0,0,0
90113773,0,537,22,WOOL,24,20,4656.0,232.8,0
90113773,1,537,22,WOOL,24,24,5566.0,231.916667,0
90113773,0,538,22,WOOL,24,0,0.0,0,0
90113773,1,538,22,WOOL,24,0,0.0,0,0
90113773,0,541,22,MILK,24,0,0.0,0,0
90113773,1,541,22,MILK,24,0,0.0,0,0
90113773,0,542,22,WOOL,44,0,0.0,0,0
90113773,1,542,22,WOOL,44,0,0.0,0,0
90113773,0,543,22,STRAWBERRY,2,0,0.0,0,0
90113773,1,543,22,STRAWBERRY,2,0,0.0,0,0
90113773,0,547,22,STRAWBERRY,6,2,217.0,108.5,0
90113773,1,547,22,STRAWBERRY,6,2,217.0,108.5,0
90113773,0,548,22,STRAWBERRY,6,0,0.0,0,0
90113773,1,548,22,STRAWBERRY,6,0,0.0,0,0
90113773,0,549,22,WOOL,2,0,0.0,0,0
90113773,1,549,22,WOOL,2,0,0.0,0,0
90113773,0,550,22,WOOL,12,0,0.0,0,0
90113773,1,550,22,WOOL,12,0,0.0,0,0
90113773,0,551,22,STRAWBERRY,2,0,0.0,0,0
90113773,1,551,22,STRAWBERRY,2,0,0.0,0,0
90113773,0,552,23,WOOL,8,0,0.0,0,0
90113773,1,552,23,WOOL,8,0,0.0,0,0
90113773,0,561,23,STRAWBERRY,13,13,861.0,66.230769,0
90113773,1,561,23,STRAWBERRY,13,13,861.0,66.230769,0
90113773,0,562,23,MELON,6,6,1250.0,208.333333,0
90113773,1,562,23,MELON,6,6,1295.0,215.833333,0
90113773,0,562,23,STRAWBERRY,13,0,0.0,0,0
90113773,1,562,23,STRAWBERRY,13,0,0.0,0,0
90113773,0,562,23,MILK,4,4,161.0,40.25,0
90113773,1,562,23,MILK,4,4,161.0,40.25,0
90113773,0,563,23,MELON,6,0,0.0,0,0
90113773,1,563,23,MELON,6,0,0.0,0,0
90113773,0,565,23,MILK,4,4,144.0,36.0,0
90113773,1,565,23,MILK,4,4,144.0,36.0,0
90113773,0,566,23,STRAWBERRY,14,0,0.0,0,0
90113773,1,566,23,STRAWBERRY,14,0,0.0,0,0
90113773,0,566,23,MILK,4,1,26.0,26.0,0
90113773,1,566,23,MILK,4,1,26.0,26.0,0
90113773,0,566,23,WOOL,3,0,0.0,0,0
90113773,1,566,23,WOOL,3,0,0.0,0,0
90113773,0,567,23,MELON,9,0,0.0,0,0
90113773,1,567,23,MELON,9,0,0.0,0,0
90113773,0,569,23,STRAWBERRY,4,1,51.0,51.0,0
90113773,1,569,23,STRAWBERRY,4,2,96.0,48.0,0
90113773,0,569,23,MILK,1,0,0.0,0,0
90113773,1,569,23,MILK,1,0,0.0,0,0
90113773,0,572,23,MILK,2,2,39.0,19.5,0
90113773,1,572,23,MILK,2,2,39.0,19.5,0
90113773,0,573,23,STRAWBERRY,6,0,0.0,0,0
90113773,1,573,23,STRAWBERRY,6,0,0.0,0,0
90113773,0,573,23,MILK,12,0,0.0,0,0
90113773,1,573,23,MILK,12,0,0.0,0,0
90113773,0,576,24,MELON,6,6,1185.0,197.5,0
90113773,1,576,24,MELON,6,6,1234.0,205.666667,0
90113773,0,576,24,STRAWBERRY,29,28,229.0,8.178571,14
90113773,1,576,24,STRAWBERRY,29,29,29.0,1.0,29
90113773,0,578,24,MELON,8,0,0.0,0,0
90113773,1,578,24,MELON,8,0,0.0,0,0
90113773,0,578,24,STRAWBERRY,35,0,0.0,0,0
90113773,1,578,24,STRAWBERRY,35,0,0.0,0,0
90113773,0,582,24,MELON,7,0,0.0,0,0
90113773,1,582,24,MELON,7,0,0.0,0,0
90113773,0,589,24,STRAWBERRY,2,2,90.0,45.0,0
90113773,1,589,24,STRAWBERRY,2,2,90.0,45.0,0
90113773,0,594,24,STRAWBERRY,4,0,0.0,0,0
90113773,1,594,24,STRAWBERRY,4,0,0.0,0,0
90113773,0,595,24,STRAWBERRY,4,0,0.0,0,0
90113773,1,595,24,STRAWBERRY,4,0,0.0,0,0
90113773,0,598,24,STRAWBERRY,4,4,160.0,40.0,0
90113773,1,598,24,STRAWBERRY,4,4,132.0,33.0,0
90113773,0,599,24,MELON,6,0,0.0,0,0
90113773,1,599,24,MELON,6,0,0.0,0,0
90113773,0,599,24,STRAWBERRY,4,0,0.0,0,0
90113773,1,599,24,STRAWBERRY,4,0,0.0,0,0
90113773,0,600,25,STRAWBERRY,21,20,127.0,6.35,13
90113773,1,600,25,STRAWBERRY,21,20,127.0,6.35,13
90113773,0,607,25,MILK,6,6,494.0,82.333333,0
90113773,1,607,25,MILK,6,6,494.0,82.333333,0
90113773,0,608,25,MILK,15,15,574.0,38.266667,0
90113773,1,608,25,MILK,15,15,574.0,38.266667,0
90113773,0,609,25,MILK,9,0,0.0,0,0
90113773,1,609,25,MILK,9,0,0.0,0,0
90113773,0,612,25,MILK,6,0,0.0,0,0
90113773,1,612,25,MILK,6,0,0.0,0,0
90113773,0,612,25,WOOL,9,9,2125.0,236.111111,0
90113773,1,612,25,WOOL,9,9,2125.0,236.111111,0
90113773,0,613,25,MILK,9,0,0.0,0,0
90113773,1,613,25,MILK,9,0,0.0,0,0
90113773,0,613,25,WOOL,9,8,1878.0,234.75,0
90113773,1,613,25,WOOL,9,9,2111.0,234.555556,0
90113773,0,616,25,WOOL,3,0,0.0,0,0
90113773,1,616,25,WOOL,3,3,699.0,233.0,0
90113773,0,617,25,STRAWBERRY,6,0,0.0,0,0
90113773,1,617,25,STRAWBERRY,6,0,0.0,0,0
90113773,0,617,25,MILK,14,0,0.0,0,0
90113773,1,617,25,MILK,14,0,0.0,0,0
90113773,0,617,25,WOOL,9,0,0.0,0,0
90113773,1,617,25,WOOL,9,0,0.0,0,0
90113773,0,619,25,STRAWBERRY,6,0,0.0,0,0
90113773,1,619,25,STRAWBERRY,6,0,0.0,0,0
90113773,0,622,25,MELON,6,0,0.0,0,0
90113773,1,622,25,MELON,6,0,0.0,0,0
90113773,0,625,26,MELON,6,6,1066.0,177.666667,0
90113773,1,625,26,MELON,6,6,1066.0,177.666667,0
90113773,0,625,26,WOOL,1,0,0.0,0,0
90113773,1,625,26,WOOL,1,0,0.0,0,0
90113773,0,627,26,WOOL,2,0,0.0,0,0
90113773,1,627,26,WOOL,2,0,0.0,0,0
90113773,0,631,26,WOOL,12,0,0.0,0,0
90113773,1,631,26,WOOL,12,0,0.0,0,0
90113773,0,632,26,STRAWBERRY,20,18,449.0,24.944444,0
90113773,1,632,26,STRAWBERRY,20,20,32.0,1.6,17
90113773,1,632,26,MILK,15,15,668.0,44.533333,0
90113773,0,633,26,STRAWBERRY,20,0,0.0,0,0
90113773,1,633,26,STRAWBERRY,20,0,0.0,0,0
90113773,0,633,26,MILK,15,15,292.0,19.466667,0
90113773,1,633,26,MILK,15,0,0.0,0,0
90113773,0,637,26,STRAWBERRY,20,0,0.0,0,0
90113773,1,637,26,STRAWBERRY,20,0,0.0,0,0
90113773,0,637,26,MILK,30,0,0.0,0,0
90113773,1,637,26,MILK,30,0,0.0,0,0
90113773,0,649,27,MELON,6,6,1024.0,170.666667,0
90113773,1,649,27,MELON,6,6,1024.0,170.666667,0
90113773,0,656,27,MILK,9,9,307.0,34.111111,0
90113773,1,656,27,MILK,9,9,307.0,34.111111,0
90113773,0,657,27,STRAWBERRY,2,2,138.0,69.0,0
90113773,1,657,27,STRAWBERRY,2,2,130.0,65.0,0
90113773,0,657,27,MILK,9,0,0.0,0,0
90113773,1,657,27,MILK,9,0,0.0,0,0
90113773,0,657,27,WOOL,1,1,237.0,237.0,0
90113773,1,657,27,WOOL,1,1,237.0,237.0,0
90113773,0,660,27,STRAWBERRY,2,2,122.0,61.0,0
90113773,1,660,27,STRAWBERRY,2,2,116.0,58.0,0
90113773,1,660,27,WOOL,1,1,237.0,237.0,0
90113773,0,661,27,STRAWBERRY,2,2,138.0,69.0,0
90113773,1,661,27,STRAWBERRY,2,2,130.0,65.0,0
90113773,0,661,27,MILK,10,0,0.0,0,0
90113773,1,661,27,MILK,10,0,0.0,0,0
90113773,0,661,27,WOOL,1,1,238.0,238.0,0
90113773,1,661,27,WOOL,1,1,238.0,238.0,0
90113773,0,663,27,STRAWBERRY,8,8,392.0,49.0,0
90113773,1,663,27,STRAWBERRY,8,8,392.0,49.0,0
90113773,0,664,27,STRAWBERRY,9,9,147.0,16.333333,1
90113773,1,664,27,STRAWBERRY,18,9,147.0,16.333333,1
90113773,0,665,27,STRAWBERRY,4,0,0.0,0,0
90113773,1,665,27,STRAWBERRY,4,0,0.0,0,0
90113773,0,667,27,MILK,4,0,0.0,0,0
90113773,1,667,27,MILK,4,0,0.0,0,0
90113773,0,668,27,STRAWBERRY,8,0,0.0,0,0
90113773,1,668,27,STRAWBERRY,8,0,0.0,0,0
90113773,0,669,27,STRAWBERRY,4,0,0.0,0,0
90113773,1,669,27,STRAWBERRY,4,0,0.0,0,0
90113773,0,670,27,MILK,15,0,0.0,0,0
90113773,1,670,27,MILK,15,0,0.0,0,0
90113773,0,673,28,MILK,12,12,459.0,38.25,0
90113773,1,673,28,MILK,12,12,459.0,38.25,0
90113773,0,674,28,MILK,8,3,21.0,7.0,0
90113773,1,674,28,MILK,8,3,21.0,7.0,0
90113773,0,678,28,MILK,8,0,0.0,0,0
90113773,1,678,28,MILK,8,0,0.0,0,0
90113773,0,681,28,STRAWBERRY,3,3,129.0,43.0,0
90113773,1,681,28,STRAWBERRY,3,3,129.0,43.0,0
90113773,0,682,28,STRAWBERRY,12,12,185.0,15.416667,3
90113773,1,682,28,STRAWBERRY,12,12,185.0,15.416667,3
90113773,0,685,28,STRAWBERRY,3,0,0.0,0,0
90113773,1,685,28,STRAWBERRY,3,0,0.0,0,0
90113773,0,685,28,MILK,9,0,0.0,0,0
90113773,1,685,28,MILK,9,0,0.0,0,0
90113773,0,686,28,STRAWBERRY,23,0,0.0,0,0
90113773,1,686,28,STRAWBERRY,23,0,0.0,0,0
90113773,0,686,28,MILK,13,0,0.0,0,0
90113773,1,686,28,MILK,13,0,0.0,0,0
90113773,0,688,28,STRAWBERRY,3,0,0.0,0,0
90113773,1,688,28,STRAWBERRY,3,0,0.0,0,0
90113773,0,689,28,STRAWBERRY,6,0,0.0,0,0
90113773,1,689,28,STRAWBERRY,6,0,0.0,0,0
90113773,0,690,28,STRAWBERRY,14,0,0.0,0,0
90113773,1,690,28,STRAWBERRY,14,0,0.0,0,0
90113773,0,697,29,STRAWBERRY,13,13,312.0,24.0,1
90113773,1,697,29,STRAWBERRY,13,13,312.0,24.0,1
90113773,0,698,29,MILK,9,9,326.0,36.222222,0
90113773,1,698,29,MILK,9,9,326.0,36.222222,0
90113773,0,699,29,WOOL,22,18,4297.0,238.722222,0
90113773,1,699,29,WOOL,22,21,5008.0,238.47619,0
90113773,0,702,29,MILK,11,0,0.0,0,0
90113773,1,702,29,MILK,11,0,0.0,0,0
90113773,0,703,29,MILK,3,0,0.0,0,0
90113773,1,703,29,MILK,3,0,0.0,0,0
90113773,0,703,29,WOOL,24,0,0.0,0,0
90113773,1,703,29,WOOL,24,0,0.0,0,0
90113773,0,707,29,MELON,1,1,186.0,186.0,0
90113773,1,707,29,MELON,1,1,186.0,186.0,0
90113773,0,709,29,MELON,8,8,1420.0,177.5,0
90113773,1,709,29,MELON,8,8,1420.0,177.5,0
90113773,0,709,29,WOOL,12,0,0.0,0,0
90113773,1,709,29,WOOL,12,0,0.0,0,0
90113773,0,710,29,MELON,3,3,462.0,154.0,0
90113773,1,710,29,MELON,3,3,480.0,160.0,0
90113773,0,710,29,MILK,9,0,0.0,0,0
90113773,1,710,29,MILK,9,0,0.0,0,0
90113773,0,711,29,MELON,1,0,0.0,0,0
90113773,1,711,29,MELON,1,0,0.0,0,0
90113773,0,712,29,MILK,12,0,0.0,0,0
90113773,1,712,29,MILK,12,0,0.0,0,0
90113773,0,712,29,WOOL,20,0,0.0,0,0
90113773,1,712,29,WOOL,20,0,0.0,0,0
90113773,0,713,29,MELON,8,0,0.0,0,0
90113773,1,713,29,MELON,8,0,0.0,0,0
90113773,0,713,29,STRAWBERRY,6,0,0.0,0,0
90113773,1,713,29,STRAWBERRY,6,0,0.0,0,0
90113773,0,713,29,MILK,3,0,0.0,0,0
90113773,1,713,29,MILK,3,0,0.0,0,0
90113773,0,714,29,MELON,3,0,0.0,0,0
90113773,1,714,29,MELON,3,0,0.0,0,0
90113773,0,715,29,MILK,3,0,0.0,0,0
90113773,1,715,29,MILK,3,0,0.0,0,0
90113773,0,715,29,WOOL,12,0,0.0,0,0
90113773,1,715,29,WOOL,12,0,0.0,0,0
90113773,0,716,29,STRAWBERRY,3,0,0.0,0,0
90113773,0,716,29,MILK,3,0,0.0,0,0
90113773,1,717,29,STRAWBERRY,3,0,0.0,0,0
90113773,1,718,29,MILK,3,0,0.0,0,0
90113773,1,719,29,MILK,3,0,0.0,0,0
90117191,0,76,3,MELON,8,0,0.0,0,0
90117191,1,76,3,MELON,6,0,0.0,0,0
90117191,0,77,3,MELON,6,0,0.0,0,0
90117191,1,77,3,MELON,5,0,0.0,0,0
90117191,0,98,4,MELON,5,0,0.0,0,0
90117191,1,98,4,MELON,4,0,0.0,0,0
90117191,0,158,6,WOOL,6,0,0.0,0,0
90117191,1,158,6,WOOL,6,0,0.0,0,0
90117191,0,195,8,MILK,10,0,0.0,0,0
90117191,1,195,8,MILK,8,0,0.0,0,0
90117191,0,198,8,MILK,15,0,0.0,0,0
90117191,1,198,8,MILK,12,0,0.0,0,0
90117191,0,229,9,WOOL,4,0,0.0,0,0
90117191,1,229,9,WOOL,4,0,0.0,0,0
90117191,0,256,10,MELON,8,0,0.0,0,0
90117191,1,256,10,MELON,6,0,0.0,0,0
90117191,0,257,10,MELON,8,0,0.0,0,0
90117191,1,257,10,MELON,6,0,0.0,0,0
90117191,0,259,10,MELON,20,0,0.0,0,0
90117191,1,259,10,MELON,16,0,0.0,0,0
90117191,0,262,10,MELON,14,0,0.0,0,0
90117191,1,262,10,MELON,11,0,0.0,0,0
90117191,0,264,11,MELON,34,18,4178.0,232.111111,0
90117191,1,264,11,MELON,27,18,4178.0,232.111111,0
90117191,0,269,11,STRAWBERRY,8,0,0.0,0,0
90117191,1,269,11,STRAWBERRY,4,0,0.0,0,0
90117191,0,280,11,WOOL,6,0,0.0,0,0
90117191,1,280,11,WOOL,6,0,0.0,0,0
90117191,1,290,12,MILK,9,9,1270.0,141.111111,0
90117191,0,292,12,STRAWBERRY,12,0,0.0,0,0
90117191,1,292,12,STRAWBERRY,6,0,0.0,0,0
90117191,0,292,12,MILK,11,9,1100.0,122.222222,0
90117191,1,292,12,MILK,9,0,0.0,0,0
90117191,0,294,12,MILK,15,0,0.0,0,0
90117191,1,294,12,MILK,12,0,0.0,0,0
90117191,0,295,12,MILK,25,0,0.0,0,0
90117191,1,295,12,MILK,20,0,0.0,0,0
90117191,0,301,12,MILK,11,0,0.0,0,0
90117191,1,301,12,MILK,9,0,0.0,0,0
90117191,0,302,12,MILK,8,0,0.0,0,0
90117191,1,302,12,MILK,6,0,0.0,0,0
90117191,0,306,12,MELON,15,0,0.0,0,0
90117191,1,306,12,MELON,12,0,0.0,0,0
90117191,0,308,12,MILK,2,0,0.0,0,0
90117191,1,308,12,MILK,2,0,0.0,0,0
90117191,0,309,12,WOOL,5,0,0.0,0,0
90117191,1,309,12,WOOL,5,0,0.0,0,0
90117191,1,321,13,MILK,3,3,342.0,114.0,0
90117191,1,322,13,MILK,1,1,110.0,110.0,0
90117191,0,323,13,MILK,4,4,417.0,104.25,0
90117191,1,323,13,MILK,3,0,0.0,0,0
90117191,0,324,13,MILK,1,0,0.0,0,0
90117191,1,324,13,MILK,1,0,0.0,0,0
90117191,0,325,13,MILK,4,0,0.0,0,0
90117191,1,325,13,MILK,3,0,0.0,0,0
90117191,1,339,14,MILK,3,3,297.0,99.0,0
90117191,0,341,14,MILK,4,2,192.0,96.0,0
90117191,1,341,14,MILK,3,0,0.0,0,0
90117191,0,343,14,MILK,4,0,0.0,0,0
90117191,1,343,14,MILK,3,0,0.0,0,0
90117191,0,344,14,MILK,5,0,0.0,0,0
90117191,1,344,14,MILK,4,0,0.0,0,0
90117191,0,347,14,MILK,4,0,0.0,0,0
90117191,1,347,14,MILK,3,0,0.0,0,0
90117191,0,348,14,MILK,5,0,0.0,0,0
90117191,1,348,14,MILK,4,0,0.0,0,0
90117191,0,348,14,WOOL,7,6,1408.0,234.666667,0
90117191,1,348,14,WOOL,7,6,1413.0,235.5,0
90117191,0,353,14,WOOL,6,0,0.0,0,0
90117191,1,353,14,WOOL,6,0,0.0,0,0
90117191,0,354,14,WOOL,6,0,0.0,0,0
90117191,1,354,14,WOOL,6,0,0.0,0,0
90117191,0,358,14,WOOL,7,0,0.0,0,0
90117191,1,358,14,WOOL,7,0,0.0,0,0
90117191,0,359,14,MELON,7,6,1276.0,212.666667,0
90117191,1,359,14,MELON,6,6,1275.0,212.5,0
90117191,0,359,14,STRAWBERRY,8,0,0.0,0,0
90117191,1,359,14,STRAWBERRY,4,0,0.0,0,0
90117191,0,360,15,MELON,9,6,1179.0,196.5,0
90117191,1,360,15,MELON,7,6,1179.0,196.5,0
90117191,0,362,15,MELON,9,0,0.0,0,0
90117191,1,362,15,MELON,7,0,0.0,0,0
90117191,1,362,15,WOOL,4,4,914.0,228.5,0
90117191,1,363,15,MILK,9,9,949.0,105.444444,0
90117191,0,364,15,WOOL,4,4,909.0,227.25,0
90117191,1,364,15,WOOL,4,0,0.0,0,0
90117191,0,365,15,MILK,11,9,817.0,90.777778,0
90117191,1,365,15,MILK,9,0,0.0,0,0
90117191,0,366,15,WOOL,4,0,0.0,0,0
90117191,1,366,15,WOOL,4,0,0.0,0,0
90117191,0,367,15,MILK,11,0,0.0,0,0
90117191,1,367,15,MILK,9,0,0.0,0,0
90117191,0,370,15,WOOL,9,0,0.0,0,0
90117191,1,370,15,WOOL,9,0,0.0,0,0
90117191,0,371,15,MILK,15,0,0.0,0,0
90117191,1,371,15,MILK,12,0,0.0,0,0
90117191,0,375,15,WOOL,6,0,0.0,0,0
90117191,1,375,15,WOOL,6,0,0.0,0,0
90117191,1,384,16,MILK,9,9,836.0,92.888889,0
90117191,0,384,16,WOOL,8,4,918.0,229.5,0
90117191,1,384,16,WOOL,8,4,914.0,228.5,0
90117191,0,385,16,MILK,11,9,741.0,82.333333,0
90117191,1,385,16,MILK,9,0,0.0,0,0
90117191,0,387,16,MILK,11,0,0.0,0,0
90117191,1,387,16,MILK,9,0,0.0,0,0
90117191,0,391,16,MILK,35,0,0.0,0,0
90117191,1,391,16,MILK,28,0,0.0,0,0
90117191,0,407,16,WOOL,4,0,0.0,0,0
90117191,1,407,16,WOOL,4,0,0.0,0,0
90117191,0,408,17,MILK,11,9,722.0,80.222222,0
90117191,1,408,17,MILK,9,9,722.0,80.222222,0
90117191,0,409,17,MILK,11,0,0.0,0,0
90117191,1,409,17,MILK,9,0,0.0,0,0
90117191,0,411,17,MELON,1,0,0.0,0,0
90117191,1,411,17,MELON,1,0,0.0,0,0
90117191,1,413,17,STRAWBERRY,5,5,1079.0,215.8,0
90117191,1,414,17,STRAWBERRY,3,3,643.0,214.333333,0
90117191,0,415,17,STRAWBERRY,11,8,1698.0,212.25,0
90117191,1,415,17,STRAWBERRY,5,0,0.0,0,0
90117191,0,416,17,STRAWBERRY,5,0,0.0,0,0
90117191,1,416,17,STRAWBERRY,3,0,0.0,0,0
90117191,0,417,17,STRAWBERRY,11,0,0.0,0,0
90117191,1,417,17,STRAWBERRY,5,0,0.0,0,0
90117191,0,421,17,STRAWBERRY,11,0,0.0,0,0
90117191,1,421,17,STRAWBERRY,5,0,0.0,0,0
90117191,0,423,17,MELON,5,0,0.0,0,0
90117191,1,423,17,MELON,4,0,0.0,0,0
90117191,0,423,17,WOOL,4,0,0.0,0,0
90117191,1,423,17,WOOL,4,0,0.0,0,0
90117191,0,424,17,WOOL,3,0,0.0,0,0
90117191,1,424,17,WOOL,3,0,0.0,0,0
90117191,1,433,18,STRAWBERRY,8,8,1716.0,214.5,0
90117191,1,434,18,MILK,3,3,297.0,99.0,0
90117191,0,435,18,STRAWBERRY,16,8,1691.0,211.375,0
90117191,1,435,18,STRAWBERRY,8,0,0.0,0,0
90117191,1,435,18,MILK,9,9,779.0,86.555556,0
90117191,0,436,18,MILK,4,4,292.0,73.0,0
90117191,1,436,18,MILK,3,0,0.0,0,0
90117191,0,437,18,STRAWBERRY,16,0,0.0,0,0
90117191,1,437,18,STRAWBERRY,8,0,0.0,0,0
90117191,0,437,18,MILK,10,8,516.0,64.5,0
90117191,1,437,18,MILK,8,0,0.0,0,0
90117191,0,438,18,MILK,4,0,0.0,0,0
90117191,1,438,18,MILK,3,0,0.0,0,0
90117191,0,439,18,MILK,6,0,0.0,0,0
90117191,1,439,18,MILK,5,0,0.0,0,0
90117191,0,440,18,MILK,5,0,0.0,0,0
90117191,1,440,18,MILK,4,0,0.0,0,0
90117191,0,441,18,STRAWBERRY,35,0,0.0,0,0
90117191,1,441,18,STRAWBERRY,17,0,0.0,0,0
90117191,1,441,18,WOOL,2,2,468.0,234.0,0
90117191,0,442,18,MILK,4,0,0.0,0,0
90117191,1,442,18,MILK,3,0,0.0,0,0
90117191,1,442,18,WOOL,4,4,932.0,233.0,0
90117191,0,443,18,MILK,6,0,0.0,0,0
90117191,1,443,18,MILK,5,0,0.0,0,0
90117191,0,443,18,WOOL,2,2,465.0,232.5,0
90117191,1,443,18,WOOL,6,6,1391.0,231.833333,0
90117191,0,444,18,MILK,25,0,0.0,0,0
90117191,1,444,18,MILK,20,0,0.0,0,0
90117191,0,444,18,WOOL,2,2,461.0,230.5,0
90117191,1,444,18,WOOL,2,1,231.0,231.0,0
90117191,0,445,18,STRAWBERRY,41,0,0.0,0,0
90117191,1,445,18,STRAWBERRY,20,0,0.0,0,0
90117191,0,445,18,WOOL,2,2,462.0,231.0,0
90117191,1,445,18,WOOL,2,0,0.0,0,0
90117191,0,447,18,WOOL,2,2,461.0,230.5,0
90117191,1,447,18,WOOL,2,0,0.0,0,0
90117191,0,448,18,WOOL,2,2,460.0,230.0,0
90117191,1,448,18,WOOL,2,0,0.0,0,0
90117191,0,449,18,WOOL,2,2,460.0,230.0,0
90117191,1,449,18,WOOL,2,0,0.0,0,0
90117191,0,450,18,STRAWBERRY,3,0,0.0,0,0
90117191,1,450,18,STRAWBERRY,1,0,0.0,0,0
90117191,0,450,18,MILK,8,0,0.0,0,0
90117191,1,450,18,MILK,6,0,0.0,0,0
90117191,1,453,18,WOOL,4,4,919.0,229.75,0
90117191,0,455,18,WOOL,4,4,915.0,228.75,0
90117191,1,455,18,WOOL,4,0,0.0,0,0
90117191,0,456,19,WOOL,1,1,228.0,228.0,0
90117191,1,456,19,WOOL,1,0,0.0,0,0
90117191,0,457,19,WOOL,4,0,0.0,0,0
90117191,1,457,19,WOOL,4,0,0.0,0,0
90117191,1,461,19,STRAWBERRY,1,1,215.0,215.0,0
90117191,0,461,19,WOOL,4,0,0.0,0,0
90117191,1,461,19,WOOL,4,0,0.0,0,0
90117191,1,462,19,STRAWBERRY,2,2,430.0,215.0,0
90117191,0,463,19,STRAWBERRY,3,3,641.0,213.666667,0
90117191,1,463,19,STRAWBERRY,12,12,2533.0,211.083333,0
90117191,0,464,19,STRAWBERRY,3,3,624.0,208.0,0
90117191,1,464,19,STRAWBERRY,1,0,0.0,0,0
90117191,0,465,19,STRAWBERRY,23,8,1653.0,206.625,0
90117191,1,465,19,STRAWBERRY,11,0,0.0,0,0
90117191,0,466,19,STRAWBERRY,4,0,0.0,0,0
90117191,1,466,19,STRAWBERRY,2,0,0.0,0,0
90117191,0,466,19,WOOL,4,0,0.0,0,0
90117191,1,466,19,WOOL,4,0,0.0,0,0
90117191,0,467,19,STRAWBERRY,20,0,0.0,0,0
90117191,1,467,19,STRAWBERRY,10,0,0.0,0,0
90117191,1,467,19,MILK,9,9,760.0,84.444444,0
90117191,0,468,19,STRAWBERRY,3,0,0.0,0,0
90117191,1,468,19,STRAWBERRY,1,0,0.0,0,0
90117191,0,469,19,STRAWBERRY,3,0,0.0,0,0
90117191,1,469,19,STRAWBERRY,1,0,0.0,0,0
90117191,0,469,19,MILK,11,9,666.0,74.0,0
90117191,1,469,19,MILK,9,0,0.0,0,0
90117191,0,470,19,STRAWBERRY,4,0,0.0,0,0
90117191,1,470,19,STRAWBERRY,2,0,0.0,0,0
90117191,0,470,19,WOOL,4,0,0.0,0,0
90117191,1,470,19,WOOL,4,0,0.0,0,0
90117191,0,471,19,STRAWBERRY,20,0,0.0,0,0
90117191,1,471,19,STRAWBERRY,10,0,0.0,0,0
90117191,0,471,19,MILK,11,0,0.0,0,0
90117191,1,471,19,MILK,9,0,0.0,0,0
90117191,0,472,19,STRAWBERRY,3,0,0.0,0,0
90117191,1,472,19,STRAWBERRY,1,0,0.0,0,0
90117191,0,474,19,STRAWBERRY,19,0,0.0,0,0
90117191,1,474,19,STRAWBERRY,9,0,0.0,0,0
90117191,0,475,19,MILK,15,0,0.0,0,0
90117191,1,475,19,MILK,12,0,0.0,0,0
90117191,0,477,19,MILK,14,0,0.0,0,0
90117191,1,477,19,MILK,11,0,0.0,0,0
90117191,0,478,19,STRAWBERRY,12,0,0.0,0,0
90117191,1,478,19,STRAWBERRY,6,0,0.0,0,0
90117191,0,480,20,STRAWBERRY,24,12,2379.0,198.25,0
90117191,1,480,20,STRAWBERRY,12,12,2379.0,198.25,0
90117191,0,480,20,MILK,15,15,480.0,32.0,0
90117191,1,481,20,MILK,15,15,201.0,13.4,2
90117191,0,482,20,STRAWBERRY,24,0,0.0,0,0
90117191,1,482,20,STRAWBERRY,12,0,0.0,0,0
90117191,0,483,20,MILK,19,0,0.0,0,0
90117191,1,483,20,MILK,15,0,0.0,0,0
90117191,0,485,20,MILK,19,0,0.0,0,0
90117191,1,485,20,MILK,15,0,0.0,0,0
90117191,0,486,20,STRAWBERRY,41,0,0.0,0,0
90117191,1,486,20,STRAWBERRY,20,0,0.0,0,0
90117191,0,488,20,STRAWBERRY,5,0,0.0,0,0
90117191,1,488,20,STRAWBERRY,3,0,0.0,0,0
90117191,0,489,20,MILK,19,0,0.0,0,0
90117191,1,489,20,MILK,15,0,0.0,0,0
90117191,0,492,20,STRAWBERRY,4,2,393.0,196.5,0
90117191,1,492,20,STRAWBERRY,2,2,393.0,196.5,0
90117191,0,493,20,STRAWBERRY,4,0,0.0,0,0
90117191,1,493,20,STRAWBERRY,2,0,0.0,0,0
90117191,0,494,20,MELON,1,1,213.0,213.0,0
90117191,0,494,20,STRAWBERRY,8,0,0.0,0,0
90117191,1,494,20,STRAWBERRY,4,0,0.0,0,0
90117191,0,497,20,STRAWBERRY,4,0,0.0,0,0
90117191,1,497,20,STRAWBERRY,2,0,0.0,0,0
90117191,0,498,20,STRAWBERRY,14,0,0.0,0,0
90117191,1,498,20,STRAWBERRY,7,0,0.0,0,0
90117191,0,499,20,STRAWBERRY,8,0,0.0,0,0
90117191,1,499,20,STRAWBERRY,4,0,0.0,0,0
90117191,0,501,20,STRAWBERRY,4,0,0.0,0,0
90117191,1,501,20,STRAWBERRY,2,0,0.0,0,0
90117191,1,502,20,MELON,2,2,422.0,211.0,0
90117191,0,504,21,MELON,2,0,0.0,0,0
90117191,1,504,21,MELON,2,0,0.0,0,0
90117191,0,504,21,STRAWBERRY,29,14,2595.0,185.357143,0
90117191,1,504,21,STRAWBERRY,14,14,2595.0,185.357143,0
90117191,0,505,21,STRAWBERRY,37,0,0.0,0,0
90117191,1,505,21,STRAWBERRY,18,0,0.0,0,0
90117191,0,506,21,MELON,2,0,0.0,0,0
90117191,1,506,21,MELON,2,0,0.0,0,0
90117191,0,509,21,MILK,2,2,100.0,50.0,0
90117191,0,510,21,MELON,2,0,0.0,0,0
90117191,1,510,21,MELON,2,0,0.0,0,0
90117191,0,510,21,MILK,2,2,92.0,46.0,0
90117191,0,511,21,MILK,2,2,82.0,41.0,0
90117191,0,512,21,MILK,2,2,74.0,37.0,0
90117191,0,513,21,MILK,1,1,40.0,40.0,0
90117191,1,517,21,MILK,2,2,104.0,52.0,0
90117191,1,518,21,MILK,4,4,183.0,45.75,0
90117191,0,519,21,MILK,2,0,0.0,0,0
90117191,1,519,21,MILK,3,3,114.0,38.0,0
90117191,0,520,21,MILK,2,0,0.0,0,0
90117191,1,520,21,MILK,2,0,0.0,0,0
90117191,0,521,21,MILK,2,0,0.0,0,0
90117191,1,521,21,MILK,2,0,0.0,0,0
90117191,0,523,21,MILK,2,0,0.0,0,0
90117191,1,523,21,MILK,2,0,0.0,0,0
90117191,0,524,21,MILK,1,0,0.0,0,0
90117191,1,524,21,MILK,1,0,0.0,0,0
90117191,0,525,21,MILK,2,0,0.0,0,0
90117191,1,525,21,MILK,2,0,0.0,0,0
90117191,0,526,21,STRAWBERRY,5,0,0.0,0,0
90117191,1,526,21,STRAWBERRY,3,0,0.0,0,0
90117191,0,526,21,MILK,1,1,38.0,38.0,0
90117191,0,526,21,WOOL,24,24,5672.0,236.333333,0
90117191,0,527,21,MELON,12,0,0.0,0,0
90117191,1,527,21,MELON,10,0,0.0,0,0
90117191,0,527,21,STRAWBERRY,4,0,0.0,0,0
90117191,1,527,21,STRAWBERRY,2,0,0.0,0,0
90117191,0,528,22,STRAWBERRY,29,14,2549.0,182.071429,0
90117191,1,528,22,STRAWBERRY,14,14,2549.0,182.071429,0
90117191,0,528,22,MILK,11,11,283.0,25.727273,0
90117191,0,531,22,STRAWBERRY,29,0,0.0,0,0
90117191,1,531,22,STRAWBERRY,14,0,0.0,0,0
90117191,1,533,22,MILK,12,12,271.0,22.583333,0
90117191,1,534,22,WOOL,24,24,5618.0,234.083333,0
90117191,0,535,22,MILK,15,0,0.0,0,0
90117191,1,535,22,MILK,12,0,0.0,0,0
90117191,0,536,22,WOOL,24,0,0.0,0,0
90117191,1,536,22,WOOL,24,0,0.0,0,0
90117191,0,537,22,MILK,24,0,0.0,0,0
90117191,1,537,22,MILK,19,0,0.0,0,0
90117191,0,538,22,WOOL,24,0,0.0,0,0
90117191,1,538,22,WOOL,24,0,0.0,0,0
90117191,0,541,22,MILK,30,0,0.0,0,0
90117191,1,541,22,MILK,24,0,0.0,0,0
90117191,0,542,22,WOOL,44,0,0.0,0,0
90117191,1,542,22,WOOL,44,0,0.0,0,0
90117191,0,543,22,STRAWBERRY,4,0,0.0,0,0
90117191,1,543,22,STRAWBERRY,2,0,0.0,0,0
90117191,0,547,22,STRAWBERRY,12,2,373.0,186.5,0
90117191,1,547,22,STRAWBERRY,6,2,373.0,186.5,0
90117191,0,548,22,STRAWBERRY,12,0,0.0,0,0
90117191,1,548,22,STRAWBERRY,6,0,0.0,0,0
90117191,0,549,22,WOOL,2,0,0.0,0,0
90117191,1,549,22,WOOL,2,0,0.0,0,0
90117191,0,550,22,WOOL,12,0,0.0,0,0
90117191,1,550,22,WOOL,12,0,0.0,0,0
90117191,0,551,22,MELON,6,6,1266.0,211.0,0
90117191,0,551,22,STRAWBERRY,4,0,0.0,0,0
90117191,1,551,22,STRAWBERRY,2,0,0.0,0,0
90117191,0,552,23,STRAWBERRY,16,11,1834.0,166.727273,0
90117191,0,552,23,MILK,5,5,190.0,38.0,0
90117191,0,552,23,WOOL,8,0,0.0,0,0
90117191,1,552,23,WOOL,8,0,0.0,0,0
90117191,0,553,23,MILK,4,4,174.0,43.5,0
90117191,1,558,23,STRAWBERRY,13,13,2147.0,165.153846,0
90117191,1,559,23,MELON,6,6,1250.0,208.333333,0
90117191,0,560,23,STRAWBERRY,27,0,0.0,0,0
90117191,1,560,23,STRAWBERRY,13,0,0.0,0,0
90117191,1,560,23,MILK,4,4,165.0,41.25,0
90117191,0,561,23,MELON,8,0,0.0,0,0
90117191,1,561,23,MELON,6,0,0.0,0,0
90117191,1,561,23,MILK,4,4,156.0,39.0,0
90117191,0,562,23,STRAWBERRY,27,0,0.0,0,0
90117191,1,562,23,STRAWBERRY,13,0,0.0,0,0
90117191,0,562,23,MILK,5,0,0.0,0,0
90117191,1,562,23,MILK,4,1,34.0,34.0,0
90117191,0,563,23,MELON,8,0,0.0,0,0
90117191,1,563,23,MELON,6,0,0.0,0,0
90117191,0,564,23,MILK,5,0,0.0,0,0
90117191,1,564,23,MILK,4,0,0.0,0,0
90117191,0,565,23,MILK,1,0,0.0,0,0
90117191,1,565,23,MILK,1,0,0.0,0,0
90117191,0,566,23,STRAWBERRY,29,0,0.0,0,0
90117191,1,566,23,STRAWBERRY,14,0,0.0,0,0
90117191,0,566,23,MILK,5,0,0.0,0,0
90117191,1,566,23,MILK,4,0,0.0,0,0
90117191,0,566,23,WOOL,3,0,0.0,0,0
90117191,1,566,23,WOOL,3,0,0.0,0,0
90117191,0,567,23,MELON,11,0,0.0,0,0
90117191,1,567,23,MELON,9,0,0.0,0,0
90117191,0,569,23,STRAWBERRY,8,2,329.0,164.5,0
90117191,1,569,23,STRAWBERRY,4,2,333.0,166.5,0
90117191,0,569,23,MILK,1,0,0.0,0,0
90117191,1,569,23,MILK,1,0,0.0,0,0
90117191,0,570,23,MILK,2,2,96.0,48.0,0
90117191,1,570,23,MILK,2,2,87.0,43.5,0
90117191,0,571,23,MILK,2,0,0.0,0,0
90117191,1,571,23,MILK,2,0,0.0,0,0
90117191,0,573,23,STRAWBERRY,12,0,0.0,0,0
90117191,1,573,23,STRAWBERRY,6,0,0.0,0,0
90117191,0,573,23,MILK,15,0,0.0,0,0
90117191,1,573,23,MILK,12,0,0.0,0,0
90117191,0,576,24,MELON,8,6,1213.0,202.166667,0
90117191,1,576,24,MELON,6,6,1213.0,202.166667,0
90117191,0,576,24,STRAWBERRY,60,29,2981.0,102.793103,0
90117191,1,576,24,STRAWBERRY,29,29,2981.0,102.793103,0
90117191,0,578,24,MELON,10,0,0.0,0,0
90117191,1,578,24,MELON,8,0,0.0,0,0
90117191,0,578,24,STRAWBERRY,71,0,0.0,0,0
90117191,1,578,24,STRAWBERRY,35,0,0.0,0,0
90117191,0,582,24,MELON,9,0,0.0,0,0
90117191,1,582,24,MELON,7,0,0.0,0,0
90117191,0,589,24,STRAWBERRY,4,2,174.0,87.0,0
90117191,1,589,24,STRAWBERRY,2,2,174.0,87.0,0
90117191,0,594,24,STRAWBERRY,8,0,0.0,0,0
90117191,1,594,24,STRAWBERRY,4,0,0.0,0,0
90117191,0,595,24,STRAWBERRY,8,0,0.0,0,0
90117191,1,595,24,STRAWBERRY,4,0,0.0,0,0
90117191,0,596,24,MILK,8,8,701.0,87.625,0
90117191,0,597,24,STRAWBERRY,8,4,319.0,79.75,0
90117191,1,597,24,STRAWBERRY,4,4,319.0,79.75,0
90117191,0,597,24,MILK,8,8,616.0,77.0,0
90117191,0,598,24,MILK,2,2,134.0,67.0,0
90117191,0,599,24,MELON,8,0,0.0,0,0
90117191,1,599,24,MELON,6,0,0.0,0,0
90117191,0,599,24,STRAWBERRY,8,0,0.0,0,0
90117191,1,599,24,STRAWBERRY,4,0,0.0,0,0
90117191,0,600,25,STRAWBERRY,43,20,676.0,33.8,2
90117191,1,600,25,STRAWBERRY,21,20,676.0,33.8,2
90117191,0,600,25,MILK,3,3,183.0,61.0,0
90117191,0,601,25,WOOL,9,9,2147.0,238.555556,0
90117191,0,602,25,WOOL,9,9,2138.0,237.555556,0
90117191,0,603,25,WOOL,3,3,711.0,237.0,0
90117191,1,604,25,MILK,6,6,400.0,66.666667,0
90117191,1,605,25,MILK,15,15,762.0,50.8,0
90117191,0,606,25,MILK,8,0,0.0,0,0
90117191,1,606,25,MILK,6,0,0.0,0,0
90117191,0,607,25,MILK,19,0,0.0,0,0
90117191,1,607,25,MILK,15,0,0.0,0,0
90117191,0,608,25,MILK,8,0,0.0,0,0
90117191,1,608,25,MILK,6,0,0.0,0,0
90117191,0,609,25,MILK,11,0,0.0,0,0
90117191,1,609,25,MILK,9,0,0.0,0,0
90117191,1,609,25,WOOL,9,9,2130.0,236.666667,0
90117191,1,610,25,WOOL,12,12,2825.0,235.416667,0
90117191,0,611,25,WOOL,9,0,0.0,0,0
90117191,1,611,25,WOOL,9,0,0.0,0,0
90117191,0,612,25,MILK,8,0,0.0,0,0
90117191,1,612,25,MILK,6,0,0.0,0,0
90117191,0,612,25,WOOL,9,0,0.0,0,0
90117191,1,612,25,WOOL,9,0,0.0,0,0
90117191,0,613,25,MILK,11,0,0.0,0,0
90117191,1,613,25,MILK,9,0,0.0,0,0
90117191,0,613,25,WOOL,9,0,0.0,0,0
90117191,1,613,25,WOOL,9,0,0.0,0,0
90117191,0,617,25,STRAWBERRY,12,0,0.0,0,0
90117191,1,617,25,STRAWBERRY,6,0,0.0,0,0
90117191,0,617,25,MILK,18,0,0.0,0,0
90117191,1,617,25,MILK,14,0,0.0,0,0
90117191,0,617,25,WOOL,9,0,0.0,0,0
90117191,1,617,25,WOOL,9,0,0.0,0,0
90117191,0,619,25,STRAWBERRY,12,0,0.0,0,0
90117191,1,619,25,STRAWBERRY,6,0,0.0,0,0
90117191,0,622,25,MELON,8,0,0.0,0,0
90117191,1,622,25,MELON,6,0,0.0,0,0
90117191,0,625,26,MELON,8,6,1124.0,187.333333,0
90117191,1,625,26,MELON,6,6,1124.0,187.333333,0
90117191,0,625,26,STRAWBERRY,27,20,281.0,14.05,4
90117191,0,625,26,MILK,15,15,1014.0,67.6,0
90117191,0,625,26,WOOL,1,0,0.0,0,0
90117191,1,625,26,WOOL,1,0,0.0,0,0
90117191,0,627,26,WOOL,2,0,0.0,0,0
90117191,1,627,26,WOOL,2,0,0.0,0,0
90117191,1,629,26,STRAWBERRY,20,20,40.0,2.0,16
90117191,1,630,26,MILK,15,15,637.0,42.466667,0
90117191,0,631,26,STRAWBERRY,41,0,0.0,0,0
90117191,1,631,26,STRAWBERRY,20,0,0.0,0,0
90117191,0,631,26,WOOL,12,0,0.0,0,0
90117191,1,631,26,WOOL,12,0,0.0,0,0
90117191,0,632,26,MILK,19,0,0.0,0,0
90117191,1,632,26,MILK,15,0,0.0,0,0
90117191,0,633,26,STRAWBERRY,41,0,0.0,0,0
90117191,1,633,26,STRAWBERRY,20,0,0.0,0,0
90117191,0,633,26,MILK,19,0,0.0,0,0
90117191,1,633,26,MILK,15,0,0.0,0,0
90117191,0,637,26,STRAWBERRY,41,0,0.0,0,0
90117191,1,637,26,STRAWBERRY,20,0,0.0,0,0
90117191,0,637,26,MILK,38,0,0.0,0,0
90117191,1,637,26,MILK,30,0,0.0,0,0
90117191,0,649,27,MELON,8,6,1086.0,181.0,0
90117191,1,649,27,MELON,6,6,1086.0,181.0,0
90117191,0,649,27,STRAWBERRY,4,4,208.0,52.0,0
90117191,0,649,27,MILK,9,9,590.0,65.555556,0
90117191,0,649,27,WOOL,1,1,239.0,239.0,0
90117191,0,650,27,STRAWBERRY,4,4,176.0,44.0,0
90117191,0,650,27,WOOL,1,1,239.0,239.0,0
90117191,0,651,27,STRAWBERRY,4,4,146.0,36.5,0
90117191,0,651,27,WOOL,1,1,239.0,239.0,0
90117191,0,652,27,STRAWBERRY,4,4,116.0,29.0,0
90117191,0,652,27,WOOL,1,1,238.0,238.0,0
90117191,0,653,27,STRAWBERRY,4,4,116.0,29.0,0
90117191,1,653,27,MILK,9,9,477.0,53.0,0
90117191,0,653,27,WOOL,1,1,239.0,239.0,0
90117191,0,654,27,STRAWBERRY,4,3,66.0,22.0,0
90117191,0,654,27,WOOL,1,1,238.0,238.0,0
90117191,1,654,27,WOOL,1,1,238.0,238.0,0
90117191,0,655,27,STRAWBERRY,4,0,0.0,0,0
90117191,0,655,27,MILK,11,0,0.0,0,0
90117191,1,655,27,MILK,9,0,0.0,0,0
90117191,0,655,27,WOOL,1,1,238.0,238.0,0
90117191,1,655,27,WOOL,2,2,476.0,238.0,0
90117191,0,656,27,STRAWBERRY,3,0,0.0,0,0
90117191,0,656,27,WOOL,1,1,238.0,238.0,0
90117191,1,656,27,WOOL,2,2,476.0,238.0,0
90117191,0,657,27,STRAWBERRY,4,0,0.0,0,0
90117191,1,657,27,STRAWBERRY,4,4,92.0,23.0,0
90117191,0,657,27,MILK,11,0,0.0,0,0
90117191,1,657,27,MILK,9,0,0.0,0,0
90117191,0,657,27,WOOL,1,1,238.0,238.0,0
90117191,1,657,27,WOOL,1,1,238.0,238.0,0
90117191,1,658,27,STRAWBERRY,2,2,34.0,17.0,0
90117191,0,658,27,WOOL,1,1,238.0,238.0,0
90117191,0,659,27,STRAWBERRY,4,0,0.0,0,0
90117191,1,659,27,STRAWBERRY,2,2,26.0,13.0,0
90117191,0,659,27,WOOL,1,1,237.0,237.0,0
90117191,1,659,27,WOOL,2,2,474.0,237.0,0
90117191,1,660,27,STRAWBERRY,10,10,40.0,4.0,5
90117191,0,660,27,WOOL,1,1,237.0,237.0,0
90117191,1,660,27,WOOL,1,1,237.0,237.0,0
90117191,0,661,27,STRAWBERRY,4,0,0.0,0,0
90117191,1,661,27,STRAWBERRY,5,5,62.0,12.4,0
90117191,0,661,27,MILK,12,0,0.0,0,0
90117191,1,661,27,MILK,10,0,0.0,0,0
90117191,0,661,27,WOOL,1,1,238.0,238.0,0
90117191,1,661,27,WOOL,1,1,237.0,237.0,0
90117191,0,662,27,STRAWBERRY,16,0,0.0,0,0
90117191,1,662,27,STRAWBERRY,8,0,0.0,0,0
90117191,0,663,27,STRAWBERRY,19,0,0.0,0,0
90117191,1,663,27,STRAWBERRY,9,0,0.0,0,0
90117191,0,664,27,STRAWBERRY,16,0,0.0,0,0
90117191,1,664,27,STRAWBERRY,8,0,0.0,0,0
90117191,0,665,27,STRAWBERRY,8,0,0.0,0,0
90117191,1,665,27,STRAWBERRY,4,0,0.0,0,0
90117191,0,667,27,MILK,5,0,0.0,0,0
90117191,1,667,27,MILK,4,0,0.0,0,0
90117191,0,668,27,STRAWBERRY,16,0,0.0,0,0
90117191,1,668,27,STRAWBERRY,8,0,0.0,0,0
90117191,0,669,27,STRAWBERRY,8,0,0.0,0,0
90117191,1,669,27,STRAWBERRY,4,0,0.0,0,0
90117191,0,670,27,MILK,19,0,0.0,0,0
90117191,1,670,27,MILK,15,0,0.0,0,0
90117191,0,673,28,STRAWBERRY,5,5,169.0,33.8,0
90117191,0,673,28,MILK,15,15,888.0,59.2,0
90117191,1,673,28,MILK,15,15,940.0,62.666667,0
90117191,0,674,28,STRAWBERRY,5,5,120.0,24.0,0
90117191,0,674,28,MILK,10,0,0.0,0,0
90117191,1,674,28,MILK,8,0,0.0,0,0
90117191,0,675,28,STRAWBERRY,5,3,48.0,16.0,0
90117191,0,676,28,STRAWBERRY,4,0,0.0,0,0
90117191,1,677,28,STRAWBERRY,3,3,54.0,18.0,0
90117191,1,678,28,STRAWBERRY,3,3,37.0,12.333333,0
90117191,0,678,28,MILK,10,0,0.0,0,0
90117191,1,678,28,MILK,8,0,0.0,0,0
90117191,0,679,28,STRAWBERRY,5,0,0.0,0,0
90117191,1,679,28,STRAWBERRY,6,6,26.0,4.333333,2
90117191,0,681,28,STRAWBERRY,5,0,0.0,0,0
90117191,1,681,28,STRAWBERRY,3,3,21.0,7.0,0
90117191,0,682,28,STRAWBERRY,24,0,0.0,0,0
90117191,1,682,28,STRAWBERRY,12,0,0.0,0,0
90117191,0,685,28,STRAWBERRY,5,0,0.0,0,0
90117191,1,685,28,STRAWBERRY,3,0,0.0,0,0
90117191,0,685,28,MILK,11,0,0.0,0,0
90117191,1,685,28,MILK,9,0,0.0,0,0
90117191,0,686,28,STRAWBERRY,46,0,0.0,0,0
90117191,1,686,28,STRAWBERRY,23,0,0.0,0,0
90117191,0,686,28,MILK,16,0,0.0,0,0
90117191,1,686,28,MILK,13,0,0.0,0,0
90117191,0,687,28,MELON,12,12,2162.0,180.166667,0
90117191,0,687,28,WOOL,11,11,2628.0,238.909091,0
90117191,0,688,28,STRAWBERRY,5,0,0.0,0,0
90117191,1,688,28,STRAWBERRY,3,0,0.0,0,0
90117191,0,689,28,STRAWBERRY,12,0,0.0,0,0
90117191,1,689,28,STRAWBERRY,6,0,0.0,0,0
90117191,0,690,28,STRAWBERRY,29,0,0.0,0,0
90117191,1,690,28,STRAWBERRY,14,0,0.0,0,0
90117191,0,697,29,MELON,15,0,0.0,0,0
90117191,1,697,29,MELON,12,12,1995.0,166.25,0
90117191,0,697,29,STRAWBERRY,27,13,337.0,25.923077,0
90117191,1,697,29,STRAWBERRY,13,13,337.0,25.923077,0
90117191,0,697,29,MILK,11,9,666.0,74.0,0
90117191,1,697,29,MILK,9,9,495.0,55.0,0
90117191,0,697,29,WOOL,20,0,0.0,0,0
90117191,1,697,29,WOOL,20,14,3341.0,238.642857,0
90117191,0,698,29,MILK,11,0,0.0,0,0
90117191,1,698,29,MILK,9,0,0.0,0,0
90117191,0,699,29,WOOL,22,0,0.0,0,0
90117191,1,699,29,WOOL,22,0,0.0,0,0
90117191,0,702,29,MILK,14,0,0.0,0,0
90117191,1,702,29,MILK,11,0,0.0,0,0
90117191,0,703,29,MILK,4,0,0.0,0,0
90117191,1,703,29,MILK,3,0,0.0,0,0
90117191,0,703,29,WOOL,24,0,0.0,0,0
90117191,1,703,29,WOOL,24,0,0.0,0,0
90117191,0,707,29,MELON,1,0,0.0,0,0
90117191,1,707,29,MELON,1,0,0.0,0,0
90117191,0,709,29,MELON,8,0,0.0,0,0
90117191,1,709,29,MELON,8,0,0.0,0,0
90117191,0,709,29,WOOL,12,0,0.0,0,0
90117191,1,709,29,WOOL,12,0,0.0,0,0
90117191,0,710,29,MELON,3,0,0.0,0,0
90117191,1,710,29,MELON,3,0,0.0,0,0
90117191,0,710,29,MILK,9,0,0.0,0,0
90117191,1,710,29,MILK,9,0,0.0,0,0
90117191,0,711,29,MELON,1,0,0.0,0,0
90117191,1,711,29,MELON,1,0,0.0,0,0
90117191,0,712,29,MILK,12,0,0.0,0,0
90117191,1,712,29,MILK,12,0,0.0,0,0
90117191,0,712,29,WOOL,20,0,0.0,0,0
90117191,1,712,29,WOOL,20,0,0.0,0,0
90117191,0,713,29,MELON,8,0,0.0,0,0
90117191,1,713,29,MELON,8,0,0.0,0,0
90117191,0,713,29,STRAWBERRY,8,0,0.0,0,0
90117191,1,713,29,STRAWBERRY,6,0,0.0,0,0
90117191,0,713,29,MILK,3,0,0.0,0,0
90117191,1,713,29,MILK,3,0,0.0,0,0
90117191,0,714,29,MELON,3,0,0.0,0,0
90117191,1,714,29,MELON,3,0,0.0,0,0
90117191,0,715,29,MILK,3,0,0.0,0,0
90117191,1,715,29,MILK,3,0,0.0,0,0
90117191,0,715,29,WOOL,12,0,0.0,0,0
90117191,1,715,29,WOOL,12,0,0.0,0,0
90117191,1,716,29,MILK,3,0,0.0,0,0
90117191,0,717,29,STRAWBERRY,3,0,0.0,0,0
90117191,1,717,29,STRAWBERRY,3,0,0.0,0,0
90117191,0,717,29,MILK,3,0,0.0,0,0
90118542,0,76,3,MELON,8,0,0.0,0,0
90118542,1,76,3,MELON,8,0,0.0,0,0
90118542,0,77,3,MELON,6,0,0.0,0,0
90118542,1,77,3,MELON,6,0,0.0,0,0
90118542,0,98,4,MELON,5,0,0.0,0,0
90118542,1,98,4,MELON,5,0,0.0,0,0
90118542,0,158,6,WOOL,6,0,0.0,0,0
90118542,1,158,6,WOOL,6,0,0.0,0,0
90118542,0,195,8,MILK,10,0,0.0,0,0
90118542,1,195,8,MILK,10,0,0.0,0,0
90118542,0,198,8,MILK,15,0,0.0,0,0
90118542,1,198,8,MILK,15,0,0.0,0,0
90118542,0,229,9,WOOL,4,0,0.0,0,0
90118542,1,229,9,WOOL,4,0,0.0,0,0
90118542,0,256,10,MELON,8,0,0.0,0,0
90118542,1,256,10,MELON,8,0,0.0,0,0
90118542,0,257,10,MELON,8,0,0.0,0,0
90118542,1,257,10,MELON,8,0,0.0,0,0
90118542,0,259,10,MELON,20,0,0.0,0,0
90118542,1,259,10,MELON,20,0,0.0,0,0
90118542,0,262,10,MELON,14,0,0.0,0,0
90118542,1,262,10,MELON,14,0,0.0,0,0
90118542,0,264,11,MELON,34,18,4178.0,232.111111,0
90118542,1,264,11,MELON,34,18,4178.0,232.111111,0
90118542,0,269,11,STRAWBERRY,6,0,0.0,0,0
90118542,1,269,11,STRAWBERRY,6,0,0.0,0,0
90118542,0,280,11,WOOL,6,0,0.0,0,0
90118542,1,280,11,WOOL,6,0,0.0,0,0
90118542,0,292,12,STRAWBERRY,9,0,0.0,0,0
90118542,1,292,12,STRAWBERRY,9,0,0.0,0,0
90118542,0,292,12,MILK,11,9,1940.0,215.555556,0
90118542,1,292,12,MILK,11,9,1940.0,215.555556,0
90118542,0,294,12,MILK,15,0,0.0,0,0
90118542,1,294,12,MILK,15,0,0.0,0,0
90118542,0,295,12,MILK,25,0,0.0,0,0
90118542,1,295,12,MILK,25,0,0.0,0,0
90118542,0,301,12,MILK,11,0,0.0,0,0
90118542,1,301,12,MILK,11,0,0.0,0,0
90118542,0,302,12,MILK,8,0,0.0,0,0
90118542,1,302,12,MILK,8,0,0.0,0,0
90118542,0,306,12,MELON,15,0,0.0,0,0
90118542,1,306,12,MELON,15,0,0.0,0,0
90118542,0,308,12,MILK,2,0,0.0,0,0
90118542,1,308,12,MILK,2,0,0.0,0,0
90118542,0,309,12,WOOL,5,0,0.0,0,0
90118542,1,309,12,WOOL,5,0,0.0,0,0
90118542,0,323,13,MILK,4,4,830.0,207.5,0
90118542,1,323,13,MILK,4,4,830.0,207.5,0
90118542,0,324,13,MILK,1,0,0.0,0,0
90118542,1,324,13,MILK,1,0,0.0,0,0
90118542,0,325,13,MILK,4,0,0.0,0,0
90118542,1,325,13,MILK,4,0,0.0,0,0
90118542,0,341,14,MILK,4,2,407.0,203.5,0
90118542,1,341,14,MILK,4,2,407.0,203.5,0
90118542,0,343,14,MILK,4,0,0.0,0,0
90118542,1,343,14,MILK,4,0,0.0,0,0
90118542,0,344,14,MILK,5,0,0.0,0,0
90118542,1,344,14,MILK,5,0,0.0,0,0
90118542,0,347,14,MILK,4,0,0.0,0,0
90118542,1,347,14,MILK,4,0,0.0,0,0
90118542,0,348,14,MILK,5,0,0.0,0,0
90118542,1,348,14,MILK,5,0,0.0,0,0
90118542,0,348,14,WOOL,7,6,1179.0,196.5,0
90118542,1,348,14,WOOL,7,6,1179.0,196.5,0
90118542,0,353,14,WOOL,6,0,0.0,0,0
90118542,1,353,14,WOOL,6,0,0.0,0,0
90118542,0,354,14,WOOL,6,0,0.0,0,0
90118542,1,354,14,WOOL,6,0,0.0,0,0
90118542,0,358,14,WOOL,7,0,0.0,0,0
90118542,1,358,14,WOOL,7,0,0.0,0,0
90118542,0,359,14,MELON,7,6,1276.0,212.666667,0
90118542,1,359,14,MELON,7,6,1276.0,212.666667,0
90118542,0,359,14,STRAWBERRY,6,0,0.0,0,0
90118542,1,359,14,STRAWBERRY,6,0,0.0,0,0
90118542,0,360,15,MELON,9,6,1179.0,196.5,0
90118542,1,360,15,MELON,9,6,1179.0,196.5,0
90118542,0,362,15,MELON,9,0,0.0,0,0
90118542,1,362,15,MELON,9,0,0.0,0,0
90118542,0,364,15,WOOL,4,4,241.0,60.25,0
90118542,1,364,15,WOOL,4,4,241.0,60.25,0
90118542,0,365,15,MILK,11,9,1838.0,204.222222,0
90118542,1,365,15,MILK,11,9,1838.0,204.222222,0
90118542,0,366,15,WOOL,4,0,0.0,0,0
90118542,1,366,15,WOOL,4,0,0.0,0,0
90118542,0,367,15,MILK,11,0,0.0,0,0
90118542,1,367,15,MILK,11,0,0.0,0,0
90118542,0,370,15,WOOL,9,0,0.0,0,0
90118542,1,370,15,WOOL,9,0,0.0,0,0
90118542,0,371,15,MILK,15,0,0.0,0,0
90118542,1,371,15,MILK,15,0,0.0,0,0
90118542,0,375,15,WOOL,6,0,0.0,0,0
90118542,1,375,15,WOOL,6,0,0.0,0,0
90118542,0,384,16,WOOL,8,4,97.0,24.25,0
90118542,1,384,16,WOOL,8,4,97.0,24.25,0
90118542,0,385,16,MILK,11,9,1806.0,200.666667,0
90118542,1,385,16,MILK,11,9,1806.0,200.666667,0
90118542,0,387,16,MILK,11,0,0.0,0,0
90118542,1,387,16,MILK,11,0,0.0,0,0
90118542,0,391,16,MILK,35,0,0.0,0,0
90118542,1,391,16,MILK,35,0,0.0,0,0
90118542,0,407,16,WOOL,4,0,0.0,0,0
90118542,1,407,16,WOOL,4,0,0.0,0,0
90118542,0,408,17,MILK,11,9,1750.0,194.444444,0
90118542,1,408,17,MILK,11,9,1750.0,194.444444,0
90118542,0,409,17,MILK,11,0,0.0,0,0
90118542,1,409,17,MILK,11,0,0.0,0,0
90118542,0,411,17,MELON,1,0,0.0,0,0
90118542,1,411,17,MELON,1,0,0.0,0,0
90118542,0,415,17,STRAWBERRY,8,8,1712.0,214.0,0
90118542,1,415,17,STRAWBERRY,8,8,1712.0,214.0,0
90118542,0,416,17,STRAWBERRY,4,0,0.0,0,0
90118542,1,416,17,STRAWBERRY,4,0,0.0,0,0
90118542,0,417,17,STRAWBERRY,8,0,0.0,0,0
90118542,1,417,17,STRAWBERRY,8,0,0.0,0,0
90118542,0,421,17,STRAWBERRY,8,0,0.0,0,0
90118542,1,421,17,STRAWBERRY,8,0,0.0,0,0
90118542,0,423,17,MELON,5,0,0.0,0,0
90118542,1,423,17,MELON,5,0,0.0,0,0
90118542,0,423,17,WOOL,4,0,0.0,0,0
90118542,1,423,17,WOOL,4,0,0.0,0,0
90118542,0,424,17,WOOL,3,0,0.0,0,0
90118542,1,424,17,WOOL,3,0,0.0,0,0
90118542,0,435,18,STRAWBERRY,12,8,1705.0,213.125,0
90118542,1,435,18,STRAWBERRY,12,8,1705.0,213.125,0
90118542,0,436,18,MILK,4,4,807.0,201.75,0
90118542,1,436,18,MILK,4,4,807.0,201.75,0
90118542,0,437,18,STRAWBERRY,12,0,0.0,0,0
90118542,1,437,18,STRAWBERRY,12,0,0.0,0,0
90118542,0,437,18,MILK,10,8,1527.0,190.875,0
90118542,1,437,18,MILK,10,8,1527.0,190.875,0
90118542,0,438,18,MILK,4,0,0.0,0,0
90118542,1,438,18,MILK,4,0,0.0,0,0
90118542,0,439,18,MILK,6,0,0.0,0,0
90118542,1,439,18,MILK,6,0,0.0,0,0
90118542,0,440,18,MILK,5,0,0.0,0,0
90118542,1,440,18,MILK,5,0,0.0,0,0
90118542,0,441,18,STRAWBERRY,26,0,0.0,0,0
90118542,1,441,18,STRAWBERRY,26,0,0.0,0,0
90118542,0,442,18,MILK,4,0,0.0,0,0
90118542,1,442,18,MILK,4,0,0.0,0,0
90118542,0,443,18,MILK,6,0,0.0,0,0
90118542,1,443,18,MILK,6,0,0.0,0,0
90118542,0,443,18,WOOL,2,2,74.0,37.0,0
90118542,1,443,18,WOOL,2,2,74.0,37.0,0
90118542,0,444,18,MILK,25,0,0.0,0,0
90118542,1,444,18,MILK,25,0,0.0,0,0
90118542,0,444,18,WOOL,2,2,23.0,11.5,0
90118542,1,444,18,WOOL,2,2,23.0,11.5,0
90118542,0,445,18,STRAWBERRY,30,0,0.0,0,0
90118542,1,445,18,STRAWBERRY,30,0,0.0,0,0
90118542,0,445,18,WOOL,2,2,23.0,11.5,0
90118542,1,445,18,WOOL,2,2,23.0,11.5,0
90118542,0,447,18,WOOL,2,2,2.0,1.0,2
90118542,1,447,18,WOOL,2,2,2.0,1.0,2
90118542,0,448,18,WOOL,2,2,2.0,1.0,2
90118542,1,448,18,WOOL,2,2,2.0,1.0,2
90118542,0,449,18,WOOL,2,2,6.0,3.0,1
90118542,1,449,18,WOOL,2,2,6.0,3.0,1
90118542,0,450,18,STRAWBERRY,2,0,0.0,0,0
90118542,1,450,18,STRAWBERRY,2,0,0.0,0,0
90118542,0,450,18,MILK,8,0,0.0,0,0
90118542,1,450,18,MILK,8,0,0.0,0,0
90118542,0,455,18,WOOL,4,4,8.0,2.0,3
90118542,1,455,18,WOOL,4,4,8.0,2.0,3
90118542,0,456,19,WOOL,1,1,1.0,1.0,1
90118542,1,456,19,WOOL,1,1,1.0,1.0,1
90118542,0,457,19,WOOL,4,0,0.0,0,0
90118542,1,457,19,WOOL,4,0,0.0,0,0
90118542,0,461,19,WOOL,4,0,0.0,0,0
90118542,1,461,19,WOOL,4,0,0.0,0,0
90118542,0,463,19,STRAWBERRY,2,2,429.0,214.5,0
90118542,1,463,19,STRAWBERRY,2,2,429.0,214.5,0
90118542,0,464,19,STRAWBERRY,2,2,427.0,213.5,0
90118542,1,464,19,STRAWBERRY,2,2,427.0,213.5,0
90118542,0,465,19,STRAWBERRY,17,10,2092.0,209.2,0
90118542,1,465,19,STRAWBERRY,17,10,2092.0,209.2,0
90118542,0,466,19,STRAWBERRY,3,0,0.0,0,0
90118542,1,466,19,STRAWBERRY,3,0,0.0,0,0
90118542,0,466,19,WOOL,4,0,0.0,0,0
90118542,1,466,19,WOOL,4,0,0.0,0,0
90118542,0,467,19,STRAWBERRY,15,0,0.0,0,0
90118542,1,467,19,STRAWBERRY,15,0,0.0,0,0
90118542,0,468,19,STRAWBERRY,2,0,0.0,0,0
90118542,1,468,19,STRAWBERRY,2,0,0.0,0,0
90118542,0,469,19,STRAWBERRY,2,0,0.0,0,0
90118542,1,469,19,STRAWBERRY,2,0,0.0,0,0
90118542,0,469,19,MILK,11,9,1769.0,196.555556,0
90118542,1,469,19,MILK,11,9,1769.0,196.555556,0
90118542,0,470,19,STRAWBERRY,3,0,0.0,0,0
90118542,1,470,19,STRAWBERRY,3,0,0.0,0,0
90118542,0,470,19,WOOL,4,0,0.0,0,0
90118542,1,470,19,WOOL,4,0,0.0,0,0
90118542,0,471,19,STRAWBERRY,15,0,0.0,0,0
90118542,1,471,19,STRAWBERRY,15,0,0.0,0,0
90118542,0,471,19,MILK,11,0,0.0,0,0
90118542,1,471,19,MILK,11,0,0.0,0,0
90118542,0,472,19,STRAWBERRY,2,0,0.0,0,0
90118542,1,472,19,STRAWBERRY,2,0,0.0,0,0
90118542,0,474,19,STRAWBERRY,14,0,0.0,0,0
90118542,1,474,19,STRAWBERRY,14,0,0.0,0,0
90118542,0,475,19,MILK,15,0,0.0,0,0
90118542,1,475,19,MILK,15,0,0.0,0,0
90118542,0,477,19,MILK,14,0,0.0,0,0
90118542,1,477,19,MILK,14,0,0.0,0,0
90118542,0,478,19,STRAWBERRY,9,0,0.0,0,0
90118542,1,478,19,STRAWBERRY,9,0,0.0,0,0
90118542,0,480,20,STRAWBERRY,18,12,2379.0,198.25,0
90118542,1,480,20,STRAWBERRY,18,12,2379.0,198.25,0
90118542,0,480,20,MILK,15,15,1991.0,132.733333,0
90118542,1,480,20,MILK,9,9,1289.0,143.222222,0
90118542,1,481,20,MILK,6,6,702.0,117.0,0
90118542,0,482,20,STRAWBERRY,18,0,0.0,0,0
90118542,1,482,20,STRAWBERRY,18,0,0.0,0,0
90118542,0,483,20,MILK,19,0,0.0,0,0
90118542,1,483,20,MILK,19,0,0.0,0,0
90118542,0,485,20,MILK,19,0,0.0,0,0
90118542,1,485,20,MILK,19,0,0.0,0,0
90118542,0,486,20,STRAWBERRY,30,0,0.0,0,0
90118542,1,486,20,STRAWBERRY,30,0,0.0,0,0
90118542,0,488,20,STRAWBERRY,4,0,0.0,0,0
90118542,1,488,20,STRAWBERRY,4,0,0.0,0,0
90118542,0,489,20,MILK,19,0,0.0,0,0
90118542,1,489,20,MILK,19,0,0.0,0,0
90118542,0,492,20,STRAWBERRY,3,2,393.0,196.5,0
90118542,1,492,20,STRAWBERRY,3,2,393.0,196.5,0
90118542,0,493,20,STRAWBERRY,3,0,0.0,0,0
90118542,1,493,20,STRAWBERRY,3,0,0.0,0,0
90118542,0,494,20,MELON,1,1,212.0,212.0,0
90118542,1,494,20,MELON,1,1,212.0,212.0,0
90118542,0,494,20,STRAWBERRY,6,0,0.0,0,0
90118542,1,494,20,STRAWBERRY,6,0,0.0,0,0
90118542,0,497,20,STRAWBERRY,3,0,0.0,0,0
90118542,1,497,20,STRAWBERRY,3,0,0.0,0,0
90118542,0,498,20,STRAWBERRY,10,0,0.0,0,0
90118542,1,498,20,STRAWBERRY,10,0,0.0,0,0
90118542,0,499,20,STRAWBERRY,6,0,0.0,0,0
90118542,1,499,20,STRAWBERRY,6,0,0.0,0,0
90118542,0,501,20,STRAWBERRY,3,0,0.0,0,0
90118542,1,501,20,STRAWBERRY,3,0,0.0,0,0
90118542,0,504,21,MELON,2,0,0.0,0,0
90118542,1,504,21,MELON,2,0,0.0,0,0
90118542,0,504,21,STRAWBERRY,21,14,2595.0,185.357143,0
90118542,1,504,21,STRAWBERRY,21,14,2595.0,185.357143,0
90118542,0,505,21,STRAWBERRY,27,0,0.0,0,0
90118542,1,505,21,STRAWBERRY,27,0,0.0,0,0
90118542,0,506,21,MELON,2,0,0.0,0,0
90118542,1,506,21,MELON,2,0,0.0,0,0
90118542,0,509,21,MILK,2,2,310.0,155.0,0
90118542,0,510,21,MELON,2,0,0.0,0,0
90118542,1,510,21,MELON,2,0,0.0,0,0
90118542,0,510,21,MILK,2,2,302.0,151.0,0
90118542,0,511,21,MILK,2,2,292.0,146.0,0
90118542,0,512,21,MILK,2,2,284.0,142.0,0
90118542,0,513,21,MILK,1,1,143.0,143.0,0
90118542,1,517,21,MILK,2,2,306.0,153.0,0
90118542,1,518,21,MILK,2,2,297.0,148.5,0
90118542,0,519,21,MILK,2,0,0.0,0,0
90118542,1,519,21,MILK,2,2,288.0,144.0,0
90118542,0,520,21,MILK,2,0,0.0,0,0
90118542,1,520,21,MILK,2,2,280.0,140.0,0
90118542,0,521,21,MILK,2,0,0.0,0,0
90118542,1,521,21,MILK,2,1,141.0,141.0,0
90118542,0,523,21,MILK,2,0,0.0,0,0
90118542,1,523,21,MILK,2,0,0.0,0,0
90118542,0,524,21,MILK,1,0,0.0,0,0
90118542,1,524,21,MILK,1,0,0.0,0,0
90118542,0,525,21,MILK,2,0,0.0,0,0
90118542,1,525,21,MILK,2,0,0.0,0,0
90118542,0,526,21,STRAWBERRY,4,0,0.0,0,0
90118542,1,526,21,STRAWBERRY,4,0,0.0,0,0
90118542,0,526,21,MILK,1,1,135.0,135.0,0
90118542,0,526,21,WOOL,24,24,3353.0,139.708333,0
90118542,1,526,21,WOOL,16,16,3057.0,191.0625,0
90118542,0,527,21,MELON,12,0,0.0,0,0
90118542,1,527,21,MELON,12,0,0.0,0,0
90118542,0,527,21,STRAWBERRY,3,0,0.0,0,0
90118542,1,527,21,STRAWBERRY,3,0,0.0,0,0
90118542,0,528,22,STRAWBERRY,21,14,2549.0,182.071429,0
90118542,1,528,22,STRAWBERRY,21,14,2549.0,182.071429,0
90118542,0,528,22,MILK,11,11,1274.0,115.818182,0
90118542,1,528,22,MILK,4,4,506.0,126.5,0
90118542,1,529,22,MILK,6,6,652.0,108.666667,0
90118542,1,529,22,WOOL,6,6,628.0,104.666667,0
90118542,0,531,22,STRAWBERRY,21,0,0.0,0,0
90118542,1,531,22,STRAWBERRY,21,0,0.0,0,0
90118542,1,533,22,MILK,2,2,208.0,104.0,0
90118542,1,533,22,WOOL,2,2,191.0,95.5,0
90118542,0,535,22,MILK,15,0,0.0,0,0
90118542,1,535,22,MILK,15,0,0.0,0,0
90118542,0,536,22,WOOL,24,0,0.0,0,0
90118542,1,536,22,WOOL,24,0,0.0,0,0
90118542,0,537,22,MILK,24,0,0.0,0,0
90118542,1,537,22,MILK,24,0,0.0,0,0
90118542,0,538,22,WOOL,24,0,0.0,0,0
90118542,1,538,22,WOOL,24,0,0.0,0,0
90118542,0,541,22,MILK,30,0,0.0,0,0
90118542,1,541,22,MILK,30,0,0.0,0,0
90118542,0,542,22,WOOL,44,0,0.0,0,0
90118542,1,542,22,WOOL,44,0,0.0,0,0
90118542,0,543,22,STRAWBERRY,3,0,0.0,0,0
90118542,1,543,22,STRAWBERRY,3,0,0.0,0,0
90118542,0,547,22,STRAWBERRY,9,2,373.0,186.5,0
90118542,1,547,22,STRAWBERRY,9,2,373.0,186.5,0
90118542,0,548,22,STRAWBERRY,9,0,0.0,0,0
90118542,1,548,22,STRAWBERRY,9,0,0.0,0,0
90118542,0,549,22,WOOL,2,0,0.0,0,0
90118542,1,549,22,WOOL,2,0,0.0,0,0
90118542,0,550,22,WOOL,12,0,0.0,0,0
90118542,1,550,22,WOOL,12,0,0.0,0,0
90118542,0,551,22,MELON,6,6,1254.0,209.0,0
90118542,1,551,22,MELON,2,2,426.0,213.0,0
90118542,0,551,22,STRAWBERRY,3,0,0.0,0,0
90118542,1,551,22,STRAWBERRY,3,0,0.0,0,0
90118542,0,552,23,STRAWBERRY,12,12,1979.0,164.916667,0
90118542,1,552,23,STRAWBERRY,2,2,339.0,169.5,0
90118542,0,552,23,MILK,5,5,610.0,122.0,0
90118542,0,552,23,WOOL,8,0,0.0,0,0
90118542,1,552,23,WOOL,8,0,0.0,0,0
90118542,1,553,23,MELON,4,4,828.0,207.0,0
90118542,1,553,23,STRAWBERRY,7,7,1139.0,162.714286,0
90118542,0,553,23,MILK,4,4,501.0,125.25,0
90118542,1,557,23,STRAWBERRY,3,3,483.0,161.0,0
90118542,1,557,23,MILK,2,2,246.0,123.0,0
90118542,1,558,23,MILK,2,2,238.0,119.0,0
90118542,1,559,23,MILK,2,2,230.0,115.0,0
90118542,0,560,23,STRAWBERRY,20,0,0.0,0,0
90118542,1,560,23,STRAWBERRY,20,0,0.0,0,0
90118542,0,561,23,MELON,8,0,0.0,0,0
90118542,1,561,23,MELON,8,0,0.0,0,0
90118542,1,561,23,MILK,3,3,342.0,114.0,0
90118542,0,562,23,STRAWBERRY,20,0,0.0,0,0
90118542,1,562,23,STRAWBERRY,20,0,0.0,0,0
90118542,0,562,23,MILK,5,0,0.0,0,0
90118542,1,562,23,MILK,5,0,0.0,0,0
90118542,0,563,23,MELON,8,0,0.0,0,0
90118542,1,563,23,MELON,8,0,0.0,0,0
90118542,0,564,23,MILK,5,0,0.0,0,0
90118542,1,564,23,MILK,5,0,0.0,0,0
90118542,0,565,23,MILK,1,0,0.0,0,0
90118542,1,565,23,MILK,1,0,0.0,0,0
90118542,0,566,23,STRAWBERRY,21,0,0.0,0,0
90118542,1,566,23,STRAWBERRY,21,0,0.0,0,0
90118542,0,566,23,MILK,5,0,0.0,0,0
90118542,1,566,23,MILK,5,0,0.0,0,0
90118542,0,566,23,WOOL,3,0,0.0,0,0
90118542,1,566,23,WOOL,3,0,0.0,0,0
90118542,0,567,23,MELON,11,0,0.0,0,0
90118542,1,567,23,MELON,11,0,0.0,0,0
90118542,0,569,23,STRAWBERRY,6,2,332.0,166.0,0
90118542,1,569,23,STRAWBERRY,6,2,332.0,166.0,0
90118542,0,569,23,MILK,1,0,0.0,0,0
90118542,1,569,23,MILK,1,0,0.0,0,0
90118542,0,570,23,MILK,2,2,240.0,120.0,0
90118542,1,570,23,MILK,2,2,240.0,120.0,0
90118542,0,571,23,MILK,2,0,0.0,0,0
90118542,1,571,23,MILK,2,0,0.0,0,0
90118542,0,573,23,STRAWBERRY,9,0,0.0,0,0
90118542,1,573,23,STRAWBERRY,9,0,0.0,0,0
90118542,0,573,23,MILK,15,0,0.0,0,0
90118542,1,573,23,MILK,15,0,0.0,0,0
90118542,0,576,24,MELON,8,6,1213.0,202.166667,0
90118542,1,576,24,MELON,8,6,1213.0,202.166667,0
90118542,0,576,24,STRAWBERRY,44,29,2981.0,102.793103,0
90118542,1,576,24,STRAWBERRY,44,29,2981.0,102.793103,0
90118542,0,578,24,MELON,10,0,0.0,0,0
90118542,1,578,24,MELON,10,0,0.0,0,0
90118542,0,578,24,STRAWBERRY,52,0,0.0,0,0
90118542,1,578,24,STRAWBERRY,52,0,0.0,0,0
90118542,0,582,24,MELON,9,0,0.0,0,0
90118542,1,582,24,MELON,9,0,0.0,0,0
90118542,0,589,24,STRAWBERRY,3,2,174.0,87.0,0
90118542,1,589,24,STRAWBERRY,3,2,174.0,87.0,0
90118542,0,594,24,STRAWBERRY,6,0,0.0,0,0
90118542,1,594,24,STRAWBERRY,6,0,0.0,0,0
90118542,0,595,24,STRAWBERRY,6,0,0.0,0,0
90118542,1,595,24,STRAWBERRY,6,0,0.0,0,0
90118542,0,596,24,MILK,8,8,1229.0,153.625,0
90118542,1,596,24,MILK,8,8,1229.0,153.625,0
90118542,0,597,24,STRAWBERRY,6,4,319.0,79.75,0
90118542,1,597,24,STRAWBERRY,6,4,319.0,79.75,0
90118542,0,597,24,MILK,8,8,995.0,124.375,0
90118542,1,597,24,MILK,8,8,995.0,124.375,0
90118542,0,598,24,MILK,2,2,206.0,103.0,0
90118542,1,598,24,MILK,2,2,206.0,103.0,0
90118542,0,599,24,MELON,8,0,0.0,0,0
90118542,1,599,24,MELON,8,0,0.0,0,0
90118542,0,599,24,STRAWBERRY,6,0,0.0,0,0
90118542,1,599,24,STRAWBERRY,6,0,0.0,0,0
90118542,0,600,25,STRAWBERRY,32,20,676.0,33.8,2
90118542,1,600,25,STRAWBERRY,32,20,676.0,33.8,2
90118542,0,600,25,MILK,3,3,279.0,93.0,0
90118542,1,600,25,MILK,3,3,279.0,93.0,0
90118542,1,601,25,MILK,5,0,0.0,0,0
90118542,0,601,25,WOOL,9,9,1910.0,212.222222,0
90118542,1,601,25,WOOL,5,5,997.0,199.4,0
90118542,1,602,25,MILK,2,0,0.0,0,0
90118542,0,602,25,WOOL,9,9,1744.0,193.777778,0
90118542,1,602,25,WOOL,5,5,915.0,183.0,0
90118542,0,603,25,WOOL,3,3,516.0,172.0,0
90118542,1,603,25,WOOL,5,5,835.0,167.0,0
90118542,1,604,25,WOOL,2,2,305.0,152.5,0
90118542,1,605,25,MILK,3,0,0.0,0,0
90118542,1,605,25,WOOL,2,2,305.0,152.5,0
90118542,0,606,25,MILK,8,0,0.0,0,0
90118542,1,606,25,MILK,8,0,0.0,0,0
90118542,0,607,25,MILK,19,0,0.0,0,0
90118542,1,607,25,MILK,19,0,0.0,0,0
90118542,0,608,25,MILK,8,0,0.0,0,0
90118542,1,608,25,MILK,8,0,0.0,0,0
90118542,0,609,25,MILK,11,0,0.0,0,0
90118542,1,609,25,MILK,11,0,0.0,0,0
90118542,1,609,25,WOOL,2,2,305.0,152.5,0
90118542,0,611,25,WOOL,9,0,0.0,0,0
90118542,1,611,25,WOOL,9,0,0.0,0,0
90118542,0,612,25,MILK,8,0,0.0,0,0
90118542,1,612,25,MILK,8,0,0.0,0,0
90118542,0,612,25,WOOL,9,0,0.0,0,0
90118542,1,612,25,WOOL,9,0,0.0,0,0
90118542,0,613,25,MILK,11,0,0.0,0,0
90118542,1,613,25,MILK,11,0,0.0,0,0
90118542,0,613,25,WOOL,9,0,0.0,0,0
90118542,1,613,25,WOOL,9,0,0.0,0,0
90118542,0,617,25,STRAWBERRY,9,0,0.0,0,0
90118542,1,617,25,STRAWBERRY,9,0,0.0,0,0
90118542,0,617,25,MILK,18,0,0.0,0,0
90118542,1,617,25,MILK,18,0,0.0,0,0
90118542,0,617,25,WOOL,9,0,0.0,0,0
90118542,1,617,25,WOOL,9,0,0.0,0,0
90118542,0,619,25,STRAWBERRY,9,0,0.0,0,0
90118542,1,619,25,STRAWBERRY,9,0,0.0,0,0
90118542,0,622,25,MELON,8,0,0.0,0,0
90118542,1,622,25,MELON,8,0,0.0,0,0
90118542,0,625,26,MELON,8,6,1066.0,177.666667,0
90118542,1,625,26,MELON,8,6,1066.0,177.666667,0
90118542,0,625,26,STRAWBERRY,20,20,158.0,7.9,12
90118542,1,625,26,STRAWBERRY,16,16,154.0,9.625,8
90118542,0,625,26,MILK,15,15,1872.0,124.8,0
90118542,1,625,26,MILK,12,12,1569.0,130.75,0
90118542,0,625,26,WOOL,1,0,0.0,0,0
90118542,1,625,26,WOOL,1,0,0.0,0,0
90118542,0,627,26,WOOL,2,0,0.0,0,0
90118542,1,627,26,WOOL,2,0,0.0,0,0
90118542,1,629,26,STRAWBERRY,4,4,24.0,6.0,0
90118542,1,629,26,MILK,3,3,303.0,101.0,0
90118542,0,631,26,STRAWBERRY,30,0,0.0,0,0
90118542,1,631,26,STRAWBERRY,30,0,0.0,0,0
90118542,0,631,26,WOOL,12,0,0.0,0,0
90118542,1,631,26,WOOL,12,0,0.0,0,0
90118542,0,632,26,MILK,19,0,0.0,0,0
90118542,1,632,26,MILK,19,0,0.0,0,0
90118542,0,633,26,STRAWBERRY,30,0,0.0,0,0
90118542,1,633,26,STRAWBERRY,30,0,0.0,0,0
90118542,0,633,26,MILK,19,0,0.0,0,0
90118542,1,633,26,MILK,19,0,0.0,0,0
90118542,0,637,26,STRAWBERRY,30,0,0.0,0,0
90118542,1,637,26,STRAWBERRY,30,0,0.0,0,0
90118542,0,637,26,MILK,38,0,0.0,0,0
90118542,1,637,26,MILK,38,0,0.0,0,0
90118542,0,649,27,MELON,8,6,1024.0,170.666667,0
90118542,1,649,27,MELON,8,6,1024.0,170.666667,0
90118542,0,649,27,STRAWBERRY,3,3,159.0,53.0,0
90118542,0,649,27,MILK,9,9,1163.0,129.222222,0
90118542,1,649,27,MILK,6,6,809.0,134.833333,0
90118542,0,649,27,WOOL,1,1,217.0,217.0,0
90118542,0,650,27,STRAWBERRY,3,3,141.0,47.0,0
90118542,0,650,27,WOOL,1,1,215.0,215.0,0
90118542,0,651,27,STRAWBERRY,3,3,123.0,41.0,0
90118542,0,651,27,WOOL,1,1,214.0,214.0,0
90118542,0,652,27,STRAWBERRY,3,3,107.0,35.666667,0
90118542,0,652,27,WOOL,1,1,212.0,212.0,0
90118542,0,653,27,STRAWBERRY,3,3,112.0,37.333333,0
90118542,1,653,27,STRAWBERRY,2,2,66.0,33.0,0
90118542,1,653,27,MILK,3,3,354.0,118.0,0
90118542,0,653,27,WOOL,1,1,214.0,214.0,0
90118542,1,653,27,WOOL,1,1,212.0,212.0,0
90118542,0,654,27,STRAWBERRY,3,3,78.0,26.0,0
90118542,1,654,27,STRAWBERRY,2,2,56.0,28.0,0
90118542,0,654,27,WOOL,1,1,209.0,209.0,0
90118542,1,654,27,WOOL,1,1,209.0,209.0,0
90118542,0,655,27,STRAWBERRY,3,3,48.0,16.0,0
90118542,1,655,27,STRAWBERRY,2,2,36.0,18.0,0
90118542,0,655,27,MILK,11,0,0.0,0,0
90118542,1,655,27,MILK,11,0,0.0,0,0
90118542,0,655,27,WOOL,1,1,200.0,200.0,0
90118542,1,655,27,WOOL,1,1,200.0,200.0,0
90118542,0,656,27,STRAWBERRY,2,2,18.0,9.0,0
90118542,1,656,27,STRAWBERRY,2,2,18.0,9.0,0
90118542,0,656,27,WOOL,1,1,200.0,200.0,0
90118542,1,656,27,WOOL,1,1,200.0,200.0,0
90118542,0,657,27,STRAWBERRY,3,0,0.0,0,0
90118542,1,657,27,STRAWBERRY,3,3,27.0,9.0,0
90118542,0,657,27,MILK,11,0,0.0,0,0
90118542,1,657,27,MILK,11,0,0.0,0,0
90118542,0,657,27,WOOL,1,1,200.0,200.0,0
90118542,1,657,27,WOOL,1,1,200.0,200.0,0
90118542,1,658,27,STRAWBERRY,3,3,9.0,3.0,1
90118542,0,658,27,WOOL,1,1,199.0,199.0,0
90118542,1,658,27,WOOL,1,1,199.0,199.0,0
90118542,0,659,27,STRAWBERRY,3,0,0.0,0,0
90118542,1,659,27,STRAWBERRY,3,3,3.0,1.0,3
90118542,0,659,27,WOOL,1,1,198.0,198.0,0
90118542,1,659,27,WOOL,1,1,198.0,198.0,0
90118542,0,660,27,WOOL,1,1,196.0,196.0,0
90118542,1,660,27,WOOL,1,1,196.0,196.0,0
90118542,0,661,27,STRAWBERRY,3,0,0.0,0,0
90118542,1,661,27,STRAWBERRY,3,3,42.0,14.0,0
90118542,0,661,27,MILK,12,0,0.0,0,0
90118542,1,661,27,MILK,12,0,0.0,0,0
90118542,0,661,27,WOOL,1,1,199.0,199.0,0
90118542,1,661,27,WOOL,1,1,199.0,199.0,0
90118542,0,662,27,STRAWBERRY,12,0,0.0,0,0
90118542,1,662,27,STRAWBERRY,12,3,27.0,9.0,0
90118542,0,663,27,STRAWBERRY,14,0,0.0,0,0
90118542,1,663,27,STRAWBERRY,14,0,0.0,0,0
90118542,0,664,27,STRAWBERRY,12,0,0.0,0,0
90118542,1,664,27,STRAWBERRY,12,0,0.0,0,0
90118542,0,665,27,STRAWBERRY,6,0,0.0,0,0
90118542,1,665,27,STRAWBERRY,6,0,0.0,0,0
90118542,0,667,27,MILK,5,0,0.0,0,0
90118542,1,667,27,MILK,5,0,0.0,0,0
90118542,0,668,27,STRAWBERRY,12,0,0.0,0,0
90118542,1,668,27,STRAWBERRY,12,0,0.0,0,0
90118542,0,669,27,STRAWBERRY,6,0,0.0,0,0
90118542,1,669,27,STRAWBERRY,6,0,0.0,0,0
90118542,0,670,27,MILK,19,0,0.0,0,0
90118542,1,670,27,MILK,19,0,0.0,0,0
90118542,0,673,28,STRAWBERRY,4,4,120.0,30.0,0
90118542,1,673,28,STRAWBERRY,7,7,174.0,24.857143,0
90118542,0,673,28,MILK,15,15,1999.0,133.266667,0
90118542,1,673,28,MILK,15,15,1999.0,133.266667,0
90118542,0,674,28,STRAWBERRY,4,4,46.0,11.5,0
90118542,0,674,28,MILK,10,0,0.0,0,0
90118542,1,674,28,MILK,10,0,0.0,0,0
90118542,0,675,28,STRAWBERRY,4,4,16.0,4.0,1
90118542,0,676,28,STRAWBERRY,3,3,3.0,1.0,3
90118542,1,677,28,STRAWBERRY,4,4,24.0,6.0,0
90118542,1,678,28,STRAWBERRY,4,4,4.0,1.0,4
90118542,0,678,28,MILK,10,0,0.0,0,0
90118542,1,678,28,MILK,10,0,0.0,0,0
90118542,0,679,28,STRAWBERRY,4,0,0.0,0,0
90118542,1,679,28,STRAWBERRY,4,0,0.0,0,0
90118542,0,681,28,STRAWBERRY,4,0,0.0,0,0
90118542,1,681,28,STRAWBERRY,4,0,0.0,0,0
90118542,0,682,28,STRAWBERRY,18,0,0.0,0,0
90118542,1,682,28,STRAWBERRY,18,0,0.0,0,0
90118542,0,685,28,STRAWBERRY,4,0,0.0,0,0
90118542,1,685,28,STRAWBERRY,4,0,0.0,0,0
90118542,0,685,28,MILK,11,0,0.0,0,0
90118542,1,685,28,MILK,11,0,0.0,0,0
90118542,0,686,28,STRAWBERRY,34,0,0.0,0,0
90118542,1,686,28,STRAWBERRY,34,0,0.0,0,0
90118542,0,686,28,MILK,16,0,0.0,0,0
90118542,1,686,28,MILK,16,0,0.0,0,0
90118542,0,687,28,MELON,12,12,1924.0,160.333333,0
90118542,1,687,28,MELON,8,8,1336.0,167.0,0
90118542,0,687,28,WOOL,11,11,2343.0,213.0,0
90118542,1,687,28,WOOL,5,5,1102.0,220.4,0
90118542,0,688,28,STRAWBERRY,4,0,0.0,0,0
90118542,1,688,28,STRAWBERRY,4,0,0.0,0,0
90118542,0,689,28,STRAWBERRY,9,0,0.0,0,0
90118542,1,689,28,STRAWBERRY,9,0,0.0,0,0
90118542,1,689,28,WOOL,2,2,400.0,200.0,0
90118542,0,690,28,STRAWBERRY,21,0,0.0,0,0
90118542,1,690,28,STRAWBERRY,21,0,0.0,0,0
90118542,1,693,28,WOOL,2,2,400.0,200.0,0
90118542,0,697,29,MELON,15,0,0.0,0,0
90118542,1,697,29,MELON,15,4,588.0,147.0,0
90118542,0,697,29,STRAWBERRY,20,13,412.0,31.692308,0
90118542,1,697,29,STRAWBERRY,20,13,412.0,31.692308,0
90118542,0,697,29,MILK,11,9,1233.0,137.0,0
90118542,1,697,29,MILK,11,9,1233.0,137.0,0
90118542,0,697,29,WOOL,20,0,0.0,0,0
90118542,1,697,29,WOOL,20,6,1241.0,206.833333,0
90118542,0,698,29,MILK,11,0,0.0,0,0
90118542,1,698,29,MILK,11,0,0.0,0,0
90118542,0,699,29,WOOL,22,0,0.0,0,0
90118542,1,699,29,WOOL,22,0,0.0,0,0
90118542,0,702,29,MILK,14,0,0.0,0,0
90118542,1,702,29,MILK,14,0,0.0,0,0
90118542,0,703,29,MILK,4,0,0.0,0,0
90118542,1,703,29,MILK,4,0,0.0,0,0
90118542,0,703,29,WOOL,24,0,0.0,0,0
90118542,1,703,29,WOOL,24,0,0.0,0,0
90118542,0,707,29,MELON,1,0,0.0,0,0
90118542,1,707,29,MELON,1,0,0.0,0,0
90118542,0,709,29,MELON,10,0,0.0,0,0
90118542,1,709,29,MELON,10,0,0.0,0,0
90118542,0,709,29,WOOL,12,0,0.0,0,0
90118542,1,709,29,WOOL,12,0,0.0,0,0
90118542,0,710,29,MELON,4,0,0.0,0,0
90118542,1,710,29,MELON,4,0,0.0,0,0
90118542,0,710,29,MILK,11,0,0.0,0,0
90118542,1,710,29,MILK,11,0,0.0,0,0
90118542,0,711,29,MELON,1,0,0.0,0,0
90118542,1,711,29,MELON,1,0,0.0,0,0
90118542,0,712,29,MILK,15,0,0.0,0,0
90118542,1,712,29,MILK,15,0,0.0,0,0
90118542,0,712,29,WOOL,20,0,0.0,0,0
90118542,1,712,29,WOOL,20,0,0.0,0,0
90118542,0,713,29,MELON,10,0,0.0,0,0
90118542,1,713,29,MELON,10,0,0.0,0,0
90118542,0,713,29,STRAWBERRY,9,0,0.0,0,0
90118542,1,713,29,STRAWBERRY,9,0,0.0,0,0
90118542,0,713,29,MILK,4,0,0.0,0,0
90118542,1,713,29,MILK,4,0,0.0,0,0
90118542,0,714,29,MELON,4,0,0.0,0,0
90118542,1,714,29,MELON,4,0,0.0,0,0
90118542,0,715,29,MILK,4,0,0.0,0,0
90118542,1,715,29,MILK,4,0,0.0,0,0
90118542,0,715,29,WOOL,12,0,0.0,0,0
90118542,1,715,29,WOOL,12,0,0.0,0,0
90118542,0,716,29,STRAWBERRY,4,0,0.0,0,0
90118542,1,716,29,STRAWBERRY,4,0,0.0,0,0
90118542,0,716,29,MILK,4,0,0.0,0,0
90118542,1,716,29,MILK,4,0,0.0,0,0
90121273,0,76,3,MELON,6,0,0.0,0,0
90121273,1,76,3,MELON,8,0,0.0,0,0
90121273,0,77,3,MELON,5,0,0.0,0,0
90121273,1,77,3,MELON,6,0,0.0,0,0
90121273,0,98,4,MELON,4,0,0.0,0,0
90121273,1,98,4,MELON,5,0,0.0,0,0
90121273,0,158,6,WOOL,6,0,0.0,0,0
90121273,1,158,6,WOOL,6,0,0.0,0,0
90121273,0,195,8,MILK,8,0,0.0,0,0
90121273,1,195,8,MILK,10,0,0.0,0,0
90121273,0,198,8,MILK,12,0,0.0,0,0
90121273,1,198,8,MILK,15,0,0.0,0,0
90121273,0,229,9,WOOL,4,0,0.0,0,0
90121273,1,229,9,WOOL,4,0,0.0,0,0
90121273,0,256,10,MELON,6,0,0.0,0,0
90121273,1,256,10,MELON,8,0,0.0,0,0
90121273,0,257,10,MELON,6,0,0.0,0,0
90121273,1,257,10,MELON,8,0,0.0,0,0
90121273,0,259,10,MELON,16,0,0.0,0,0
90121273,1,259,10,MELON,20,0,0.0,0,0
90121273,0,262,10,MELON,11,0,0.0,0,0
90121273,1,262,10,MELON,14,0,0.0,0,0
90121273,0,264,11,MELON,27,18,4178.0,232.111111,0
90121273,1,264,11,MELON,34,18,4178.0,232.111111,0
90121273,0,269,11,STRAWBERRY,4,0,0.0,0,0
90121273,1,269,11,STRAWBERRY,6,0,0.0,0,0
90121273,0,280,11,WOOL,6,0,0.0,0,0
90121273,1,280,11,WOOL,6,0,0.0,0,0
90121273,0,292,12,STRAWBERRY,6,0,0.0,0,0
90121273,1,292,12,STRAWBERRY,9,0,0.0,0,0
90121273,0,292,12,MILK,9,9,2113.0,234.777778,0
90121273,1,292,12,MILK,11,9,2153.0,239.222222,0
90121273,0,294,12,MILK,12,0,0.0,0,0
90121273,1,294,12,MILK,15,0,0.0,0,0
90121273,0,295,12,MILK,20,0,0.0,0,0
90121273,1,295,12,MILK,25,0,0.0,0,0
90121273,0,301,12,MILK,9,0,0.0,0,0
90121273,1,301,12,MILK,11,0,0.0,0,0
90121273,0,302,12,MILK,6,0,0.0,0,0
90121273,1,302,12,MILK,8,0,0.0,0,0
90121273,0,306,12,MELON,12,0,0.0,0,0
90121273,1,306,12,MELON,15,0,0.0,0,0
90121273,0,308,12,MILK,2,0,0.0,0,0
90121273,1,308,12,MILK,2,0,0.0,0,0
90121273,0,309,12,WOOL,5,0,0.0,0,0
90121273,1,309,12,WOOL,5,0,0.0,0,0
90121273,0,323,13,MILK,3,3,716.0,238.666667,0
90121273,1,323,13,MILK,4,4,962.0,240.5,0
90121273,0,324,13,MILK,1,1,238.0,238.0,0
90121273,1,324,13,MILK,1,0,0.0,0,0
90121273,0,325,13,MILK,3,0,0.0,0,0
90121273,1,325,13,MILK,4,0,0.0,0,0
90121273,0,341,14,MILK,3,3,725.0,241.666667,0
90121273,1,341,14,MILK,4,2,485.0,242.5,0
90121273,0,343,14,MILK,3,0,0.0,0,0
90121273,1,343,14,MILK,4,0,0.0,0,0
90121273,0,344,14,MILK,4,0,0.0,0,0
90121273,1,344,14,MILK,5,0,0.0,0,0
90121273,0,347,14,MILK,3,0,0.0,0,0
90121273,1,347,14,MILK,4,0,0.0,0,0
90121273,0,348,14,MILK,4,0,0.0,0,0
90121273,1,348,14,MILK,5,0,0.0,0,0
90121273,0,348,14,WOOL,7,6,1160.0,193.333333,0
90121273,1,348,14,WOOL,7,6,1192.0,198.666667,0
90121273,0,353,14,WOOL,6,0,0.0,0,0
90121273,1,353,14,WOOL,6,0,0.0,0,0
90121273,0,354,14,WOOL,6,0,0.0,0,0
90121273,1,354,14,WOOL,6,0,0.0,0,0
90121273,0,358,14,WOOL,7,0,0.0,0,0
90121273,1,358,14,WOOL,7,0,0.0,0,0
90121273,0,359,14,MELON,6,6,1275.0,212.5,0
90121273,1,359,14,MELON,7,6,1276.0,212.666667,0
90121273,0,359,14,STRAWBERRY,4,0,0.0,0,0
90121273,1,359,14,STRAWBERRY,6,0,0.0,0,0
90121273,0,360,15,MELON,7,6,1179.0,196.5,0
90121273,1,360,15,MELON,9,6,1179.0,196.5,0
90121273,0,362,15,MELON,7,0,0.0,0,0
90121273,1,362,15,MELON,9,0,0.0,0,0
90121273,0,364,15,WOOL,4,4,286.0,71.5,0
90121273,1,364,15,WOOL,4,4,286.0,71.5,0
90121273,0,365,15,MILK,9,9,2202.0,244.666667,0
90121273,1,365,15,MILK,11,9,2237.0,248.555556,0
90121273,0,366,15,WOOL,4,0,0.0,0,0
90121273,1,366,15,WOOL,4,0,0.0,0,0
90121273,0,367,15,MILK,9,0,0.0,0,0
90121273,1,367,15,MILK,11,0,0.0,0,0
90121273,0,370,15,WOOL,9,0,0.0,0,0
90121273,1,370,15,WOOL,9,0,0.0,0,0
90121273,0,371,15,MILK,12,0,0.0,0,0
90121273,1,371,15,MILK,15,0,0.0,0,0
90121273,0,375,15,WOOL,6,0,0.0,0,0
90121273,1,375,15,WOOL,6,0,0.0,0,0
90121273,0,384,16,WOOL,8,4,370.0,92.5,0
90121273,1,384,16,WOOL,8,4,370.0,92.5,0
90121273,0,385,16,MILK,9,9,2206.0,245.111111,0
90121273,1,385,16,MILK,11,9,2241.0,249.0,0
90121273,0,387,16,MILK,9,0,0.0,0,0
90121273,1,387,16,MILK,11,0,0.0,0,0
90121273,0,391,16,MILK,28,0,0.0,0,0
90121273,1,391,16,MILK,35,0,0.0,0,0
90121273,0,407,16,WOOL,4,0,0.0,0,0
90121273,1,407,16,WOOL,4,0,0.0,0,0
90121273,0,408,17,MILK,9,9,2217.0,246.333333,0
90121273,1,408,17,MILK,11,9,2224.0,247.111111,0
90121273,0,409,17,MILK,9,0,0.0,0,0
90121273,1,409,17,MILK,11,0,0.0,0,0
90121273,0,411,17,MELON,1,0,0.0,0,0
90121273,1,411,17,MELON,1,0,0.0,0,0
90121273,0,415,17,STRAWBERRY,5,5,1185.0,237.0,0
90121273,1,415,17,STRAWBERRY,8,8,1911.0,238.875,0
90121273,0,416,17,STRAWBERRY,3,3,707.0,235.666667,0
90121273,1,416,17,STRAWBERRY,4,0,0.0,0,0
90121273,0,417,17,STRAWBERRY,5,0,0.0,0,0
90121273,1,417,17,STRAWBERRY,8,0,0.0,0,0
90121273,0,421,17,STRAWBERRY,5,0,0.0,0,0
90121273,1,421,17,STRAWBERRY,8,0,0.0,0,0
90121273,0,423,17,MELON,4,0,0.0,0,0
90121273,1,423,17,MELON,5,0,0.0,0,0
90121273,0,423,17,WOOL,4,0,0.0,0,0
90121273,1,423,17,WOOL,4,0,0.0,0,0
90121273,0,424,17,WOOL,3,0,0.0,0,0
90121273,1,424,17,WOOL,3,0,0.0,0,0
90121273,0,435,18,STRAWBERRY,8,8,1887.0,235.875,0
90121273,1,435,18,STRAWBERRY,12,8,1906.0,238.25,0
90121273,0,436,18,MILK,3,3,759.0,253.0,0
90121273,1,436,18,MILK,4,4,1011.0,252.75,0
90121273,0,437,18,STRAWBERRY,8,0,0.0,0,0
90121273,1,437,18,STRAWBERRY,12,0,0.0,0,0
90121273,0,437,18,MILK,8,8,1980.0,247.5,0
90121273,1,437,18,MILK,10,8,2007.0,250.875,0
90121273,0,438,18,MILK,3,1,246.0,246.0,0
90121273,1,438,18,MILK,4,0,0.0,0,0
90121273,0,439,18,MILK,5,0,0.0,0,0
90121273,1,439,18,MILK,6,0,0.0,0,0
90121273,0,440,18,MILK,4,0,0.0,0,0
90121273,1,440,18,MILK,5,0,0.0,0,0
90121273,0,441,18,STRAWBERRY,17,0,0.0,0,0
90121273,1,441,18,STRAWBERRY,26,0,0.0,0,0
90121273,0,442,18,MILK,3,0,0.0,0,0
90121273,1,442,18,MILK,4,0,0.0,0,0
90121273,0,443,18,MILK,5,0,0.0,0,0
90121273,1,443,18,MILK,6,0,0.0,0,0
90121273,0,443,18,WOOL,2,2,331.0,165.5,0
90121273,1,443,18,WOOL,2,2,341.0,170.5,0
90121273,0,444,18,MILK,20,0,0.0,0,0
90121273,1,444,18,MILK,25,0,0.0,0,0
90121273,0,444,18,WOOL,2,2,305.0,152.5,0
90121273,1,444,18,WOOL,2,2,319.0,159.5,0
90121273,0,445,18,STRAWBERRY,20,0,0.0,0,0
90121273,1,445,18,STRAWBERRY,30,0,0.0,0,0
90121273,0,445,18,WOOL,2,2,319.0,159.5,0
90121273,1,445,18,WOOL,2,2,305.0,152.5,0
90121273,0,447,18,WOOL,2,2,289.0,144.5,0
90121273,1,447,18,WOOL,2,2,289.0,144.5,0
90121273,0,448,18,WOOL,2,2,258.0,129.0,0
90121273,1,448,18,WOOL,2,2,258.0,129.0,0
90121273,0,449,18,WOOL,2,2,241.0,120.5,0
90121273,1,449,18,WOOL,2,2,241.0,120.5,0
90121273,0,450,18,STRAWBERRY,1,0,0.0,0,0
90121273,1,450,18,STRAWBERRY,2,0,0.0,0,0
90121273,0,450,18,MILK,6,0,0.0,0,0
90121273,1,450,18,MILK,8,0,0.0,0,0
90121273,0,455,18,WOOL,4,4,361.0,90.25,0
90121273,1,455,18,WOOL,4,4,437.0,109.25,0
90121273,0,456,19,WOOL,1,1,72.0,72.0,0
90121273,1,456,19,WOOL,1,1,77.0,77.0,0
90121273,0,457,19,WOOL,4,0,0.0,0,0
90121273,1,457,19,WOOL,4,0,0.0,0,0
90121273,0,461,19,WOOL,4,0,0.0,0,0
90121273,1,461,19,WOOL,4,0,0.0,0,0
90121273,0,463,19,STRAWBERRY,1,1,238.0,238.0,0
90121273,1,463,19,STRAWBERRY,2,2,478.0,239.0,0
90121273,0,464,19,STRAWBERRY,1,1,238.0,238.0,0
90121273,1,464,19,STRAWBERRY,2,2,476.0,238.0,0
90121273,0,465,19,STRAWBERRY,11,11,2576.0,234.181818,0
90121273,1,465,19,STRAWBERRY,17,8,1892.0,236.5,0
90121273,0,466,19,STRAWBERRY,2,2,464.0,232.0,0
90121273,1,466,19,STRAWBERRY,3,0,0.0,0,0
90121273,0,466,19,WOOL,4,0,0.0,0,0
90121273,1,466,19,WOOL,4,0,0.0,0,0
90121273,0,467,19,STRAWBERRY,10,0,0.0,0,0
90121273,1,467,19,STRAWBERRY,15,0,0.0,0,0
90121273,0,468,19,STRAWBERRY,1,0,0.0,0,0
90121273,1,468,19,STRAWBERRY,2,0,0.0,0,0
90121273,0,469,19,STRAWBERRY,1,0,0.0,0,0
90121273,1,469,19,STRAWBERRY,2,0,0.0,0,0
90121273,0,469,19,MILK,9,9,2272.0,252.444444,0
90121273,1,469,19,MILK,11,9,2304.0,256.0,0
90121273,0,470,19,STRAWBERRY,2,0,0.0,0,0
90121273,1,470,19,STRAWBERRY,3,0,0.0,0,0
90121273,0,470,19,WOOL,4,0,0.0,0,0
90121273,1,470,19,WOOL,4,0,0.0,0,0
90121273,0,471,19,STRAWBERRY,10,0,0.0,0,0
90121273,1,471,19,STRAWBERRY,15,0,0.0,0,0
90121273,0,471,19,MILK,9,0,0.0,0,0
90121273,1,471,19,MILK,11,0,0.0,0,0
90121273,0,472,19,STRAWBERRY,1,0,0.0,0,0
90121273,1,472,19,STRAWBERRY,2,0,0.0,0,0
90121273,0,474,19,STRAWBERRY,9,0,0.0,0,0
90121273,1,474,19,STRAWBERRY,14,0,0.0,0,0
90121273,0,475,19,MILK,12,0,0.0,0,0
90121273,1,475,19,MILK,15,0,0.0,0,0
90121273,0,477,19,MILK,11,0,0.0,0,0
90121273,1,477,19,MILK,14,0,0.0,0,0
90121273,0,478,19,STRAWBERRY,6,0,0.0,0,0
90121273,1,478,19,STRAWBERRY,9,0,0.0,0,0
90121273,1,480,20,STRAWBERRY,18,12,2742.0,228.5,0
90121273,0,480,20,MILK,15,15,3670.0,244.666667,0
90121273,1,480,20,MILK,15,15,3566.0,237.733333,0
90121273,1,482,20,STRAWBERRY,18,0,0.0,0,0
90121273,1,483,20,MILK,19,0,0.0,0,0
90121273,1,485,20,MILK,19,0,0.0,0,0
90121273,1,486,20,STRAWBERRY,30,0,0.0,0,0
90121273,1,488,20,STRAWBERRY,4,0,0.0,0,0
90121273,1,489,20,MILK,19,0,0.0,0,0
90121273,0,491,20,STRAWBERRY,4,4,917.0,229.25,0
90121273,0,491,20,WOOL,4,0,0.0,0,0
90121273,0,492,20,STRAWBERRY,12,10,2268.0,226.8,0
90121273,1,492,20,STRAWBERRY,3,0,0.0,0,0
90121273,1,493,20,STRAWBERRY,3,0,0.0,0,0
90121273,1,494,20,MELON,1,1,213.0,213.0,0
90121273,1,494,20,STRAWBERRY,6,0,0.0,0,0
90121273,0,497,20,STRAWBERRY,2,0,0.0,0,0
90121273,1,497,20,STRAWBERRY,3,0,0.0,0,0
90121273,0,497,20,WOOL,3,3,537.0,179.0,0
90121273,1,498,20,STRAWBERRY,10,0,0.0,0,0
90121273,0,499,20,STRAWBERRY,4,0,0.0,0,0
90121273,1,499,20,STRAWBERRY,6,0,0.0,0,0
90121273,0,501,20,STRAWBERRY,2,0,0.0,0,0
90121273,1,501,20,STRAWBERRY,3,0,0.0,0,0
90121273,0,501,20,MILK,3,3,737.0,245.666667,0
90121273,0,504,21,MELON,2,2,422.0,211.0,0
90121273,1,504,21,MELON,2,0,0.0,0,0
90121273,0,504,21,STRAWBERRY,21,14,3056.0,218.285714,0
90121273,1,504,21,STRAWBERRY,21,14,3056.0,218.285714,0
90121273,0,505,21,STRAWBERRY,27,0,0.0,0,0
90121273,1,505,21,STRAWBERRY,27,0,0.0,0,0
90121273,0,506,21,MELON,2,0,0.0,0,0
90121273,1,506,21,MELON,2,0,0.0,0,0
90121273,0,509,21,MILK,2,2,497.0,248.5,0
90121273,1,509,21,MILK,2,2,497.0,248.5,0
90121273,0,510,21,MELON,2,0,0.0,0,0
90121273,1,510,21,MELON,2,0,0.0,0,0
90121273,0,510,21,MILK,2,2,493.0,246.5,0
90121273,1,510,21,MILK,2,2,493.0,246.5,0
90121273,0,511,21,MILK,2,2,491.0,245.5,0
90121273,1,511,21,MILK,2,2,491.0,245.5,0
90121273,0,512,21,MILK,2,0,0.0,0,0
90121273,1,512,21,MILK,2,2,487.0,243.5,0
90121273,0,513,21,MILK,1,0,0.0,0,0
90121273,1,513,21,MILK,1,1,244.0,244.0,0
90121273,0,519,21,MILK,2,0,0.0,0,0
90121273,1,519,21,MILK,2,0,0.0,0,0
90121273,0,520,21,MILK,2,0,0.0,0,0
90121273,1,520,21,MILK,2,0,0.0,0,0
90121273,0,521,21,MILK,2,0,0.0,0,0
90121273,1,521,21,MILK,2,0,0.0,0,0
90121273,0,523,21,MILK,2,0,0.0,0,0
90121273,1,523,21,MILK,2,0,0.0,0,0
90121273,0,524,21,MILK,1,0,0.0,0,0
90121273,1,524,21,MILK,1,0,0.0,0,0
90121273,0,525,21,MILK,2,0,0.0,0,0
90121273,1,525,21,MILK,2,0,0.0,0,0
90121273,0,526,21,STRAWBERRY,4,0,0.0,0,0
90121273,1,526,21,STRAWBERRY,4,0,0.0,0,0
90121273,0,526,21,MILK,1,1,248.0,248.0,0
90121273,1,526,21,MILK,1,1,247.0,247.0,0
90121273,0,526,21,WOOL,24,17,2430.0,142.941176,0
90121273,1,526,21,WOOL,24,24,4585.0,191.041667,0
90121273,0,527,21,MELON,12,0,0.0,0,0
90121273,1,527,21,MELON,12,0,0.0,0,0
90121273,0,527,21,STRAWBERRY,3,0,0.0,0,0
90121273,1,527,21,STRAWBERRY,3,0,0.0,0,0
90121273,0,528,22,STRAWBERRY,21,14,3026.0,216.142857,0
90121273,1,528,22,STRAWBERRY,21,14,3026.0,216.142857,0
90121273,0,528,22,MILK,11,11,2667.0,242.454545,0
90121273,1,528,22,MILK,11,11,2667.0,242.454545,0
90121273,0,531,22,STRAWBERRY,21,0,0.0,0,0
90121273,1,531,22,STRAWBERRY,21,0,0.0,0,0
90121273,0,535,22,MILK,15,0,0.0,0,0
90121273,1,535,22,MILK,15,0,0.0,0,0
90121273,0,536,22,WOOL,24,0,0.0,0,0
90121273,1,536,22,WOOL,24,0,0.0,0,0
90121273,0,537,22,MILK,24,0,0.0,0,0
90121273,1,537,22,MILK,24,0,0.0,0,0
90121273,0,538,22,WOOL,24,0,0.0,0,0
90121273,1,538,22,WOOL,24,0,0.0,0,0
90121273,0,541,22,MILK,30,0,0.0,0,0
90121273,1,541,22,MILK,30,0,0.0,0,0
90121273,0,542,22,WOOL,44,0,0.0,0,0
90121273,1,542,22,WOOL,44,0,0.0,0,0
90121273,0,543,22,STRAWBERRY,3,0,0.0,0,0
90121273,1,543,22,STRAWBERRY,3,0,0.0,0,0
90121273,0,547,22,STRAWBERRY,9,2,437.0,218.5,0
90121273,1,547,22,STRAWBERRY,9,2,437.0,218.5,0
90121273,0,548,22,STRAWBERRY,9,0,0.0,0,0
90121273,1,548,22,STRAWBERRY,9,0,0.0,0,0
90121273,0,549,22,WOOL,2,0,0.0,0,0
90121273,1,549,22,WOOL,2,0,0.0,0,0
90121273,0,550,22,WOOL,12,0,0.0,0,0
90121273,1,550,22,WOOL,12,0,0.0,0,0
90121273,0,551,22,MELON,6,6,1218.0,203.0,0
90121273,1,551,22,MELON,6,6,1266.0,211.0,0
90121273,0,551,22,STRAWBERRY,3,0,0.0,0,0
90121273,1,551,22,STRAWBERRY,3,0,0.0,0,0
90121273,0,552,23,STRAWBERRY,12,12,2430.0,202.5,0
90121273,1,552,23,STRAWBERRY,12,12,2489.0,207.416667,0
90121273,0,552,23,MILK,5,5,1235.0,247.0,0
90121273,1,552,23,MILK,5,5,1235.0,247.0,0
90121273,0,552,23,WOOL,8,0,0.0,0,0
90121273,1,552,23,WOOL,8,0,0.0,0,0
90121273,0,553,23,MILK,4,4,984.0,246.0,0
90121273,1,553,23,MILK,4,4,984.0,246.0,0
90121273,0,560,23,STRAWBERRY,20,1,204.0,204.0,0
90121273,1,560,23,STRAWBERRY,20,0,0.0,0,0
90121273,0,561,23,MELON,8,0,0.0,0,0
90121273,1,561,23,MELON,8,0,0.0,0,0
90121273,0,562,23,STRAWBERRY,20,0,0.0,0,0
90121273,1,562,23,STRAWBERRY,20,0,0.0,0,0
90121273,0,562,23,MILK,5,0,0.0,0,0
90121273,1,562,23,MILK,5,0,0.0,0,0
90121273,0,563,23,MELON,8,0,0.0,0,0
90121273,1,563,23,MELON,8,0,0.0,0,0
90121273,0,564,23,MILK,5,0,0.0,0,0
90121273,1,564,23,MILK,5,0,0.0,0,0
90121273,0,565,23,MILK,1,0,0.0,0,0
90121273,1,565,23,MILK,1,0,0.0,0,0
90121273,0,566,23,STRAWBERRY,21,0,0.0,0,0
90121273,1,566,23,STRAWBERRY,21,0,0.0,0,0
90121273,0,566,23,MILK,5,0,0.0,0,0
90121273,1,566,23,MILK,5,0,0.0,0,0
90121273,0,566,23,WOOL,3,0,0.0,0,0
90121273,1,566,23,WOOL,3,0,0.0,0,0
90121273,0,567,23,MELON,11,0,0.0,0,0
90121273,1,567,23,MELON,11,0,0.0,0,0
90121273,0,569,23,STRAWBERRY,6,2,412.0,206.0,0
90121273,1,569,23,STRAWBERRY,6,2,414.0,207.0,0
90121273,0,569,23,MILK,1,0,0.0,0,0
90121273,1,569,23,MILK,1,0,0.0,0,0
90121273,0,570,23,MILK,2,2,499.0,249.5,0
90121273,1,570,23,MILK,2,2,499.0,249.5,0
90121273,0,571,23,MILK,2,0,0.0,0,0
90121273,1,571,23,MILK,2,0,0.0,0,0
90121273,0,573,23,STRAWBERRY,9,0,0.0,0,0
90121273,1,573,23,STRAWBERRY,9,0,0.0,0,0
90121273,0,573,23,MILK,15,0,0.0,0,0
90121273,1,573,23,MILK,15,0,0.0,0,0
90121273,0,576,24,MELON,8,6,1213.0,202.166667,0
90121273,1,576,24,MELON,8,6,1213.0,202.166667,0
90121273,0,576,24,STRAWBERRY,44,30,5631.0,187.7,0
90121273,1,576,24,STRAWBERRY,44,30,5631.0,187.7,0
90121273,0,578,24,MELON,10,0,0.0,0,0
90121273,1,578,24,MELON,10,0,0.0,0,0
90121273,0,578,24,STRAWBERRY,52,0,0.0,0,0
90121273,1,578,24,STRAWBERRY,52,0,0.0,0,0
90121273,0,582,24,MELON,9,0,0.0,0,0
90121273,1,582,24,MELON,9,0,0.0,0,0
90121273,0,589,24,STRAWBERRY,3,2,369.0,184.5,0
90121273,1,589,24,STRAWBERRY,3,0,0.0,0,0
90121273,0,594,24,STRAWBERRY,6,0,0.0,0,0
90121273,1,594,24,STRAWBERRY,6,0,0.0,0,0
90121273,0,595,24,STRAWBERRY,6,0,0.0,0,0
90121273,1,595,24,STRAWBERRY,6,0,0.0,0,0
90121273,0,596,24,MILK,8,8,2048.0,256.0,0
90121273,1,596,24,MILK,8,8,2048.0,256.0,0
90121273,0,597,24,STRAWBERRY,6,4,732.0,183.0,0
90121273,1,597,24,STRAWBERRY,6,4,724.0,181.0,0
90121273,0,597,24,MILK,8,8,1990.0,248.75,0
90121273,1,597,24,MILK,8,8,2018.0,252.25,0
90121273,0,598,24,MILK,2,2,493.0,246.5,0
90121273,1,598,24,MILK,2,2,493.0,246.5,0
90121273,0,599,24,MELON,8,0,0.0,0,0
90121273,1,599,24,MELON,8,0,0.0,0,0
90121273,0,599,24,STRAWBERRY,6,0,0.0,0,0
90121273,1,599,24,STRAWBERRY,6,0,0.0,0,0
90121273,0,600,25,STRAWBERRY,32,21,3464.0,164.952381,0
90121273,1,600,25,STRAWBERRY,32,20,3317.0,165.85,0
90121273,0,600,25,MILK,3,3,732.0,244.0,0
90121273,1,600,25,MILK,3,3,732.0,244.0,0
90121273,0,601,25,WOOL,9,9,1991.0,221.222222,0
90121273,1,601,25,WOOL,9,9,1991.0,221.222222,0
90121273,0,602,25,WOOL,9,9,1777.0,197.444444,0
90121273,1,602,25,WOOL,9,9,1777.0,197.444444,0
90121273,0,603,25,WOOL,3,3,543.0,181.0,0
90121273,1,603,25,WOOL,3,3,543.0,181.0,0
90121273,0,606,25,MILK,8,0,0.0,0,0
90121273,1,606,25,MILK,8,0,0.0,0,0
90121273,0,607,25,MILK,19,0,0.0,0,0
90121273,1,607,25,MILK,19,0,0.0,0,0
90121273,0,608,25,MILK,8,0,0.0,0,0
90121273,1,608,25,MILK,8,0,0.0,0,0
90121273,0,609,25,MILK,11,0,0.0,0,0
90121273,1,609,25,MILK,11,0,0.0,0,0
90121273,0,611,25,WOOL,9,0,0.0,0,0
90121273,1,611,25,WOOL,9,0,0.0,0,0
90121273,0,612,25,MILK,8,0,0.0,0,0
90121273,1,612,25,MILK,8,0,0.0,0,0
90121273,0,612,25,WOOL,9,0,0.0,0,0
90121273,1,612,25,WOOL,9,0,0.0,0,0
90121273,0,613,25,MILK,11,0,0.0,0,0
90121273,1,613,25,MILK,11,0,0.0,0,0
90121273,0,613,25,WOOL,9,0,0.0,0,0
90121273,1,613,25,WOOL,9,0,0.0,0,0
90121273,0,617,25,STRAWBERRY,9,0,0.0,0,0
90121273,1,617,25,STRAWBERRY,9,0,0.0,0,0
90121273,0,617,25,MILK,18,0,0.0,0,0
90121273,1,617,25,MILK,18,0,0.0,0,0
90121273,0,617,25,WOOL,9,0,0.0,0,0
90121273,1,617,25,WOOL,9,0,0.0,0,0
90121273,0,619,25,STRAWBERRY,9,0,0.0,0,0
90121273,1,619,25,STRAWBERRY,9,0,0.0,0,0
90121273,0,622,25,MELON,8,0,0.0,0,0
90121273,1,622,25,MELON,8,0,0.0,0,0
90121273,0,625,26,MELON,8,6,1091.0,181.833333,0
90121273,1,625,26,MELON,8,6,1030.0,171.666667,0
90121273,0,625,26,STRAWBERRY,20,20,2269.0,113.45,0
90121273,1,625,26,STRAWBERRY,20,20,3050.0,152.5,0
90121273,0,625,26,MILK,15,15,3709.0,247.266667,0
90121273,1,625,26,MILK,15,15,3804.0,253.6,0
90121273,0,625,26,WOOL,1,0,0.0,0,0
90121273,1,625,26,WOOL,1,0,0.0,0,0
90121273,0,627,26,WOOL,2,0,0.0,0,0
90121273,1,627,26,WOOL,2,0,0.0,0,0
90121273,0,631,26,STRAWBERRY,30,0,0.0,0,0
90121273,1,631,26,STRAWBERRY,30,0,0.0,0,0
90121273,0,631,26,WOOL,12,0,0.0,0,0
90121273,1,631,26,WOOL,12,0,0.0,0,0
90121273,0,632,26,MILK,19,0,0.0,0,0
90121273,1,632,26,MILK,19,0,0.0,0,0
90121273,0,633,26,STRAWBERRY,30,0,0.0,0,0
90121273,1,633,26,STRAWBERRY,30,0,0.0,0,0
90121273,0,633,26,MILK,19,0,0.0,0,0
90121273,1,633,26,MILK,19,0,0.0,0,0
90121273,0,637,26,STRAWBERRY,30,0,0.0,0,0
90121273,1,637,26,STRAWBERRY,30,0,0.0,0,0
90121273,0,637,26,MILK,38,0,0.0,0,0
90121273,1,637,26,MILK,38,0,0.0,0,0
90121273,0,649,27,MELON,8,6,1051.0,175.166667,0
90121273,1,649,27,MELON,8,6,987.0,164.5,0
90121273,0,649,27,STRAWBERRY,3,3,450.0,150.0,0
90121273,1,649,27,STRAWBERRY,3,3,462.0,154.0,0
90121273,0,649,27,MILK,9,9,2245.0,249.444444,0
90121273,1,649,27,MILK,9,9,2279.0,253.222222,0
90121273,0,649,27,WOOL,1,1,225.0,225.0,0
90121273,1,649,27,WOOL,1,1,225.0,225.0,0
90121273,0,650,27,STRAWBERRY,3,3,427.0,142.333333,0
90121273,1,650,27,STRAWBERRY,3,3,440.0,146.666667,0
90121273,0,650,27,WOOL,1,1,224.0,224.0,0
90121273,1,650,27,WOOL,1,1,224.0,224.0,0
90121273,0,651,27,STRAWBERRY,3,3,380.0,126.666667,0
90121273,1,651,27,STRAWBERRY,3,3,411.0,137.0,0
90121273,0,651,27,WOOL,1,1,223.0,223.0,0
90121273,1,651,27,WOOL,1,1,223.0,223.0,0
90121273,0,652,27,STRAWBERRY,3,3,330.0,110.0,0
90121273,1,652,27,STRAWBERRY,3,3,348.0,116.0,0
90121273,0,652,27,WOOL,1,1,222.0,222.0,0
90121273,1,652,27,WOOL,1,1,221.0,221.0,0
90121273,0,653,27,STRAWBERRY,3,3,320.0,106.666667,0
90121273,1,653,27,STRAWBERRY,3,3,336.0,112.0,0
90121273,0,653,27,WOOL,1,1,222.0,222.0,0
90121273,1,653,27,WOOL,1,1,221.0,221.0,0
90121273,0,654,27,STRAWBERRY,3,3,285.0,95.0,0
90121273,1,654,27,STRAWBERRY,3,3,303.0,101.0,0
90121273,0,654,27,WOOL,1,1,221.0,221.0,0
90121273,1,654,27,WOOL,1,1,220.0,220.0,0
90121273,0,655,27,STRAWBERRY,3,3,251.0,83.666667,0
90121273,1,655,27,STRAWBERRY,3,3,267.0,89.0,0
90121273,0,655,27,MILK,11,0,0.0,0,0
90121273,1,655,27,MILK,11,0,0.0,0,0
90121273,0,655,27,WOOL,1,1,219.0,219.0,0
90121273,1,655,27,WOOL,1,1,218.0,218.0,0
90121273,0,656,27,STRAWBERRY,2,2,150.0,75.0,0
90121273,1,656,27,STRAWBERRY,2,2,158.0,79.0,0
90121273,0,656,27,WOOL,1,1,217.0,217.0,0
90121273,1,656,27,WOOL,1,1,215.0,215.0,0
90121273,0,657,27,STRAWBERRY,3,2,156.0,78.0,0
90121273,1,657,27,STRAWBERRY,3,1,80.0,80.0,0
90121273,0,657,27,MILK,11,0,0.0,0,0
90121273,1,657,27,MILK,11,0,0.0,0,0
90121273,0,657,27,WOOL,1,1,217.0,217.0,0
90121273,1,657,27,WOOL,1,1,217.0,217.0,0
90121273,0,658,27,WOOL,1,1,214.0,214.0,0
90121273,1,658,27,WOOL,1,1,214.0,214.0,0
90121273,0,659,27,STRAWBERRY,3,0,0.0,0,0
90121273,1,659,27,STRAWBERRY,3,0,0.0,0,0
90121273,0,659,27,WOOL,1,1,209.0,209.0,0
90121273,1,659,27,WOOL,1,1,209.0,209.0,0
90121273,0,660,27,WOOL,1,1,200.0,200.0,0
90121273,1,660,27,WOOL,1,1,200.0,200.0,0
90121273,0,661,27,STRAWBERRY,3,0,0.0,0,0
90121273,1,661,27,STRAWBERRY,3,0,0.0,0,0
90121273,0,661,27,MILK,12,0,0.0,0,0
90121273,1,661,27,MILK,12,0,0.0,0,0
90121273,0,661,27,WOOL,1,1,214.0,214.0,0
90121273,1,661,27,WOOL,1,1,212.0,212.0,0
90121273,0,662,27,STRAWBERRY,12,0,0.0,0,0
90121273,1,662,27,STRAWBERRY,12,0,0.0,0,0
90121273,0,663,27,STRAWBERRY,14,0,0.0,0,0
90121273,1,663,27,STRAWBERRY,14,0,0.0,0,0
90121273,0,664,27,STRAWBERRY,12,0,0.0,0,0
90121273,1,664,27,STRAWBERRY,12,0,0.0,0,0
90121273,0,665,27,STRAWBERRY,6,0,0.0,0,0
90121273,1,665,27,STRAWBERRY,6,0,0.0,0,0
90121273,0,667,27,MILK,5,0,0.0,0,0
90121273,1,667,27,MILK,5,0,0.0,0,0
90121273,0,668,27,STRAWBERRY,12,0,0.0,0,0
90121273,1,668,27,STRAWBERRY,12,0,0.0,0,0
90121273,0,669,27,STRAWBERRY,6,0,0.0,0,0
90121273,1,669,27,STRAWBERRY,6,0,0.0,0,0
90121273,0,670,27,MILK,19,0,0.0,0,0
90121273,1,670,27,MILK,19,0,0.0,0,0
90121273,0,673,28,STRAWBERRY,4,4,456.0,114.0,0
90121273,1,673,28,STRAWBERRY,4,4,456.0,114.0,0
90121273,0,673,28,MILK,15,15,3767.0,251.133333,0
90121273,1,673,28,MILK,15,15,3799.0,253.266667,0
90121273,0,674,28,STRAWBERRY,4,4,396.0,99.0,0
90121273,1,674,28,STRAWBERRY,4,4,396.0,99.0,0
90121273,0,674,28,MILK,10,0,0.0,0,0
90121273,1,674,28,MILK,10,0,0.0,0,0
90121273,0,675,28,STRAWBERRY,4,4,334.0,83.5,0
90121273,1,675,28,STRAWBERRY,4,4,334.0,83.5,0
90121273,0,676,28,STRAWBERRY,3,3,210.0,70.0,0
90121273,1,676,28,STRAWBERRY,3,3,210.0,70.0,0
90121273,0,678,28,MILK,10,0,0.0,0,0
90121273,1,678,28,MILK,10,0,0.0,0,0
90121273,0,679,28,STRAWBERRY,4,0,0.0,0,0
90121273,1,679,28,STRAWBERRY,4,0,0.0,0,0
90121273,0,681,28,STRAWBERRY,4,0,0.0,0,0
90121273,1,681,28,STRAWBERRY,4,0,0.0,0,0
90121273,0,682,28,STRAWBERRY,18,0,0.0,0,0
90121273,1,682,28,STRAWBERRY,18,0,0.0,0,0
90121273,0,685,28,STRAWBERRY,4,0,0.0,0,0
90121273,1,685,28,STRAWBERRY,4,0,0.0,0,0
90121273,0,685,28,MILK,11,0,0.0,0,0
90121273,1,685,28,MILK,11,0,0.0,0,0
90121273,0,686,28,STRAWBERRY,34,0,0.0,0,0
90121273,1,686,28,STRAWBERRY,34,0,0.0,0,0
90121273,0,686,28,MILK,16,0,0.0,0,0
90121273,1,686,28,MILK,16,0,0.0,0,0
90121273,0,687,28,MELON,12,12,1912.0,159.333333,0
90121273,1,687,28,MELON,12,12,1912.0,159.333333,0
90121273,0,687,28,WOOL,11,11,2427.0,220.636364,0
90121273,1,687,28,WOOL,11,11,2427.0,220.636364,0
90121273,0,688,28,STRAWBERRY,4,0,0.0,0,0
90121273,1,688,28,STRAWBERRY,4,0,0.0,0,0
90121273,0,689,28,STRAWBERRY,9,0,0.0,0,0
90121273,1,689,28,STRAWBERRY,9,0,0.0,0,0
90121273,0,690,28,STRAWBERRY,21,0,0.0,0,0
90121273,1,690,28,STRAWBERRY,21,0,0.0,0,0
90121273,0,697,29,MELON,15,0,0.0,0,0
90121273,1,697,29,MELON,15,0,0.0,0,0
90121273,0,697,29,STRAWBERRY,20,13,1318.0,101.384615,0
90121273,1,697,29,STRAWBERRY,20,13,1318.0,101.384615,0
90121273,0,697,29,MILK,11,9,2293.0,254.777778,0
90121273,1,697,29,MILK,11,9,2260.0,251.111111,0
90121273,0,697,29,WOOL,20,0,0.0,0,0
90121273,1,697,29,WOOL,20,0,0.0,0,0
90121273,0,698,29,MILK,11,0,0.0,0,0
90121273,1,698,29,MILK,11,0,0.0,0,0
90121273,0,699,29,WOOL,22,0,0.0,0,0
90121273,1,699,29,WOOL,22,0,0.0,0,0
90121273,0,702,29,MILK,14,0,0.0,0,0
90121273,1,702,29,MILK,14,0,0.0,0,0
90121273,0,703,29,MILK,4,0,0.0,0,0
90121273,1,703,29,MILK,4,0,0.0,0,0
90121273,0,703,29,WOOL,24,0,0.0,0,0
90121273,1,703,29,WOOL,24,0,0.0,0,0
90121273,0,707,29,MELON,1,0,0.0,0,0
90121273,1,707,29,MELON,1,0,0.0,0,0
90121273,0,709,29,MELON,10,0,0.0,0,0
90121273,1,709,29,MELON,10,0,0.0,0,0
90121273,0,709,29,WOOL,12,0,0.0,0,0
90121273,1,709,29,WOOL,12,0,0.0,0,0
90121273,0,710,29,MELON,4,0,0.0,0,0
90121273,1,710,29,MELON,4,0,0.0,0,0
90121273,0,710,29,MILK,11,0,0.0,0,0
90121273,1,710,29,MILK,11,0,0.0,0,0
90121273,0,711,29,MELON,1,0,0.0,0,0
90121273,1,711,29,MELON,1,0,0.0,0,0
90121273,0,712,29,MILK,15,0,0.0,0,0
90121273,1,712,29,MILK,15,0,0.0,0,0
90121273,0,712,29,WOOL,20,0,0.0,0,0
90121273,1,712,29,WOOL,20,0,0.0,0,0
90121273,0,713,29,MELON,10,0,0.0,0,0
90121273,1,713,29,MELON,10,0,0.0,0,0
90121273,0,713,29,STRAWBERRY,9,0,0.0,0,0
90121273,1,713,29,STRAWBERRY,9,0,0.0,0,0
90121273,0,713,29,MILK,4,0,0.0,0,0
90121273,1,713,29,MILK,4,0,0.0,0,0
90121273,0,714,29,MELON,4,0,0.0,0,0
90121273,1,714,29,MELON,4,0,0.0,0,0
90121273,0,715,29,MILK,4,0,0.0,0,0
90121273,1,715,29,MILK,4,0,0.0,0,0
90121273,0,715,29,WOOL,12,0,0.0,0,0
90121273,1,715,29,WOOL,12,0,0.0,0,0
90121273,0,716,29,STRAWBERRY,4,0,0.0,0,0
90121273,1,716,29,STRAWBERRY,4,0,0.0,0,0
90121273,0,716,29,MILK,4,0,0.0,0,0
90121273,1,716,29,MILK,4,0,0.0,0,0
90122627,0,76,3,MELON,8,0,0.0,0,0
90122627,1,76,3,MELON,6,0,0.0,0,0
90122627,0,77,3,MELON,6,0,0.0,0,0
90122627,1,77,3,MELON,5,0,0.0,0,0
90122627,0,98,4,MELON,5,0,0.0,0,0
90122627,1,98,4,MELON,4,0,0.0,0,0
90122627,0,158,6,WOOL,6,0,0.0,0,0
90122627,1,158,6,WOOL,6,0,0.0,0,0
90122627,0,195,8,MILK,10,0,0.0,0,0
90122627,1,195,8,MILK,8,0,0.0,0,0
90122627,0,198,8,MILK,15,0,0.0,0,0
90122627,1,198,8,MILK,12,0,0.0,0,0
90122627,0,229,9,WOOL,4,0,0.0,0,0
90122627,1,229,9,WOOL,4,0,0.0,0,0
90122627,0,256,10,MELON,8,0,0.0,0,0
90122627,1,256,10,MELON,6,0,0.0,0,0
90122627,0,257,10,MELON,8,0,0.0,0,0
90122627,1,257,10,MELON,6,0,0.0,0,0
90122627,0,259,10,MELON,20,0,0.0,0,0
90122627,1,259,10,MELON,16,0,0.0,0,0
90122627,0,262,10,MELON,14,0,0.0,0,0
90122627,1,262,10,MELON,11,0,0.0,0,0
90122627,0,264,11,MELON,34,18,4178.0,232.111111,0
90122627,1,264,11,MELON,27,18,4178.0,232.111111,0
90122627,0,269,11,STRAWBERRY,6,0,0.0,0,0
90122627,1,269,11,STRAWBERRY,4,0,0.0,0,0
90122627,0,277,11,MILK,9,9,1581.0,175.666667,0
90122627,0,280,11,WOOL,6,0,0.0,0,0
90122627,1,280,11,WOOL,6,0,0.0,0,0
90122627,1,290,12,MILK,9,9,1473.0,163.666667,0
90122627,0,292,12,STRAWBERRY,9,0,0.0,0,0
90122627,1,292,12,STRAWBERRY,6,0,0.0,0,0
90122627,0,292,12,MILK,11,0,0.0,0,0
90122627,1,292,12,MILK,9,0,0.0,0,0
90122627,0,294,12,MILK,15,0,0.0,0,0
90122627,1,294,12,MILK,12,0,0.0,0,0
90122627,0,295,12,MILK,25,0,0.0,0,0
90122627,1,295,12,MILK,20,0,0.0,0,0
90122627,0,301,12,MILK,11,0,0.0,0,0
90122627,1,301,12,MILK,9,0,0.0,0,0
90122627,0,302,12,MILK,8,0,0.0,0,0
90122627,1,302,12,MILK,6,0,0.0,0,0
90122627,0,306,12,MELON,15,0,0.0,0,0
90122627,1,306,12,MELON,12,0,0.0,0,0
90122627,0,308,12,MILK,2,0,0.0,0,0
90122627,1,308,12,MILK,2,0,0.0,0,0
90122627,0,309,12,WOOL,5,0,0.0,0,0
90122627,1,309,12,WOOL,5,0,0.0,0,0
90122627,0,313,13,MILK,4,4,585.0,146.25,0
90122627,1,321,13,MILK,3,3,429.0,143.0,0
90122627,1,322,13,MILK,1,1,139.0,139.0,0
90122627,0,323,13,MILK,4,0,0.0,0,0
90122627,1,323,13,MILK,3,0,0.0,0,0
90122627,0,324,13,MILK,1,0,0.0,0,0
90122627,1,324,13,MILK,1,0,0.0,0,0
90122627,0,325,13,MILK,4,0,0.0,0,0
90122627,1,325,13,MILK,3,0,0.0,0,0
90122627,0,337,14,MILK,2,2,276.0,138.0,0
90122627,1,339,14,MILK,3,3,399.0,133.0,0
90122627,0,341,14,MILK,4,0,0.0,0,0
90122627,1,341,14,MILK,3,0,0.0,0,0
90122627,0,343,14,MILK,4,0,0.0,0,0
90122627,1,343,14,MILK,3,0,0.0,0,0
90122627,0,344,14,MILK,5,0,0.0,0,0
90122627,1,344,14,MILK,4,0,0.0,0,0
90122627,0,347,14,MILK,4,0,0.0,0,0
90122627,1,347,14,MILK,3,0,0.0,0,0
90122627,0,348,14,MILK,5,0,0.0,0,0
90122627,1,348,14,MILK,4,0,0.0,0,0
90122627,0,348,14,WOOL,7,6,1183.0,197.166667,0
90122627,1,348,14,WOOL,7,6,1183.0,197.166667,0
90122627,0,353,14,WOOL,6,0,0.0,0,0
90122627,1,353,14,WOOL,6,0,0.0,0,0
90122627,0,354,14,WOOL,6,0,0.0,0,0
90122627,1,354,14,WOOL,6,0,0.0,0,0
90122627,0,358,14,WOOL,7,0,0.0,0,0
90122627,1,358,14,WOOL,7,0,0.0,0,0
90122627,0,359,14,MELON,12,6,1276.0,212.666667,0
90122627,1,359,14,MELON,6,6,1275.0,212.5,0
90122627,0,359,14,STRAWBERRY,6,0,0.0,0,0
90122627,1,359,14,STRAWBERRY,4,0,0.0,0,0
90122627,0,360,15,MELON,9,6,1179.0,196.5,0
90122627,1,360,15,MELON,7,6,1179.0,196.5,0
90122627,0,362,15,MELON,9,0,0.0,0,0
90122627,1,362,15,MELON,7,0,0.0,0,0
90122627,1,362,15,WOOL,4,4,340.0,85.0,0
90122627,1,363,15,MILK,9,9,1270.0,141.111111,0
90122627,0,364,15,WOOL,4,4,254.0,63.5,0
90122627,1,364,15,WOOL,4,0,0.0,0,0
90122627,0,365,15,MILK,11,9,1119.0,124.333333,0
90122627,1,365,15,MILK,9,0,0.0,0,0
90122627,0,366,15,WOOL,4,0,0.0,0,0
90122627,1,366,15,WOOL,4,0,0.0,0,0
90122627,0,367,15,MILK,11,0,0.0,0,0
90122627,1,367,15,MILK,9,0,0.0,0,0
90122627,0,370,15,WOOL,9,0,0.0,0,0
90122627,1,370,15,WOOL,9,0,0.0,0,0
90122627,0,371,15,MILK,15,0,0.0,0,0
90122627,1,371,15,MILK,12,0,0.0,0,0
90122627,0,375,15,WOOL,6,0,0.0,0,0
90122627,1,375,15,WOOL,6,0,0.0,0,0
90122627,1,384,16,MILK,9,9,1062.0,118.0,0
90122627,0,384,16,WOOL,8,4,419.0,104.75,0
90122627,1,384,16,WOOL,8,4,340.0,85.0,0
90122627,0,385,16,MILK,11,9,949.0,105.444444,0
90122627,1,385,16,MILK,9,0,0.0,0,0
90122627,0,387,16,MILK,11,0,0.0,0,0
90122627,1,387,16,MILK,9,0,0.0,0,0
90122627,0,391,16,MILK,35,0,0.0,0,0
90122627,1,391,16,MILK,28,0,0.0,0,0
90122627,0,407,16,WOOL,4,0,0.0,0,0
90122627,1,407,16,WOOL,4,0,0.0,0,0
90122627,0,408,17,MILK,18,9,848.0,94.222222,0
90122627,1,408,17,MILK,9,9,814.0,90.444444,0
90122627,0,409,17,MILK,11,0,0.0,0,0
90122627,1,409,17,MILK,9,0,0.0,0,0
90122627,0,411,17,MELON,1,0,0.0,0,0
90122627,1,411,17,MELON,1,0,0.0,0,0
90122627,1,413,17,STRAWBERRY,5,5,1217.0,243.4,0
90122627,1,414,17,STRAWBERRY,3,3,727.0,242.333333,0
90122627,0,415,17,STRAWBERRY,8,8,1926.0,240.75,0
90122627,1,415,17,STRAWBERRY,5,0,0.0,0,0
90122627,0,416,17,STRAWBERRY,4,0,0.0,0,0
90122627,1,416,17,STRAWBERRY,3,0,0.0,0,0
90122627,0,417,17,STRAWBERRY,8,0,0.0,0,0
90122627,1,417,17,STRAWBERRY,5,0,0.0,0,0
90122627,0,421,17,STRAWBERRY,8,0,0.0,0,0
90122627,1,421,17,STRAWBERRY,5,0,0.0,0,0
90122627,0,423,17,MELON,5,0,0.0,0,0
90122627,1,423,17,MELON,4,0,0.0,0,0
90122627,0,423,17,WOOL,4,0,0.0,0,0
90122627,1,423,17,WOOL,4,0,0.0,0,0
90122627,0,424,17,WOOL,3,0,0.0,0,0
90122627,1,424,17,WOOL,3,0,0.0,0,0
90122627,0,432,18,WOOL,13,13,1666.0,128.153846,0
90122627,1,433,18,STRAWBERRY,8,8,1953.0,244.125,0
90122627,0,433,18,MILK,12,12,1076.0,89.666667,0
90122627,1,434,18,MILK,3,3,222.0,74.0,0
90122627,0,435,18,STRAWBERRY,12,8,1935.0,241.875,0
90122627,1,435,18,STRAWBERRY,8,0,0.0,0,0
90122627,1,435,18,MILK,9,9,552.0,61.333333,0
90122627,0,436,18,MILK,4,0,0.0,0,0
90122627,1,436,18,MILK,3,0,0.0,0,0
90122627,0,437,18,STRAWBERRY,12,0,0.0,0,0
90122627,1,437,18,STRAWBERRY,8,0,0.0,0,0
90122627,0,437,18,MILK,10,0,0.0,0,0
90122627,1,437,18,MILK,8,0,0.0,0,0
90122627,0,438,18,MILK,4,0,0.0,0,0
90122627,1,438,18,MILK,3,0,0.0,0,0
90122627,0,439,18,MILK,6,0,0.0,0,0
90122627,1,439,18,MILK,5,0,0.0,0,0
90122627,0,440,18,MILK,5,0,0.0,0,0
90122627,1,440,18,MILK,4,0,0.0,0,0
90122627,0,441,18,STRAWBERRY,26,0,0.0,0,0
90122627,1,441,18,STRAWBERRY,17,0,0.0,0,0
90122627,1,441,18,WOOL,2,2,262.0,131.0,0
90122627,0,442,18,MILK,4,0,0.0,0,0
90122627,1,442,18,MILK,3,0,0.0,0,0
90122627,1,442,18,WOOL,4,4,474.0,118.5,0
90122627,0,443,18,MILK,6,0,0.0,0,0
90122627,1,443,18,MILK,5,0,0.0,0,0
90122627,0,443,18,WOOL,2,0,0.0,0,0
90122627,1,443,18,WOOL,6,6,570.0,95.0,0
90122627,0,444,18,MILK,25,0,0.0,0,0
90122627,1,444,18,MILK,20,0,0.0,0,0
90122627,0,444,18,WOOL,2,0,0.0,0,0
90122627,1,444,18,WOOL,2,1,77.0,77.0,0
90122627,0,445,18,STRAWBERRY,30,0,0.0,0,0
90122627,1,445,18,STRAWBERRY,20,0,0.0,0,0
90122627,0,445,18,WOOL,2,0,0.0,0,0
90122627,1,445,18,WOOL,2,0,0.0,0,0
90122627,0,447,18,WOOL,2,0,0.0,0,0
90122627,1,447,18,WOOL,2,0,0.0,0,0
90122627,0,448,18,WOOL,2,0,0.0,0,0
90122627,1,448,18,WOOL,2,0,0.0,0,0
90122627,0,449,18,WOOL,2,0,0.0,0,0
90122627,1,449,18,WOOL,2,0,0.0,0,0
90122627,0,450,18,STRAWBERRY,2,0,0.0,0,0
90122627,1,450,18,STRAWBERRY,1,0,0.0,0,0
90122627,0,450,18,MILK,8,0,0.0,0,0
90122627,1,450,18,MILK,6,0,0.0,0,0
90122627,1,453,18,WOOL,4,4,419.0,104.75,0
90122627,0,455,18,WOOL,4,4,340.0,85.0,0
90122627,1,455,18,WOOL,4,0,0.0,0,0
90122627,0,456,19,WOOL,1,0,0.0,0,0
90122627,1,456,19,WOOL,1,0,0.0,0,0
90122627,0,457,19,WOOL,4,0,0.0,0,0
90122627,1,457,19,WOOL,4,0,0.0,0,0
90122627,1,461,19,STRAWBERRY,1,1,249.0,249.0,0
90122627,0,461,19,WOOL,4,0,0.0,0,0
90122627,1,461,19,WOOL,4,0,0.0,0,0
90122627,1,462,19,STRAWBERRY,2,2,496.0,248.0,0
90122627,0,463,19,STRAWBERRY,14,14,3398.0,242.714286,0
90122627,1,463,19,STRAWBERRY,12,12,2957.0,246.416667,0
90122627,0,464,19,STRAWBERRY,2,0,0.0,0,0
90122627,1,464,19,STRAWBERRY,1,0,0.0,0,0
90122627,0,465,19,STRAWBERRY,17,0,0.0,0,0
90122627,1,465,19,STRAWBERRY,11,0,0.0,0,0
90122627,0,466,19,STRAWBERRY,3,0,0.0,0,0
90122627,1,466,19,STRAWBERRY,2,0,0.0,0,0
90122627,0,466,19,WOOL,4,0,0.0,0,0
90122627,1,466,19,WOOL,4,0,0.0,0,0
90122627,0,467,19,STRAWBERRY,15,0,0.0,0,0
90122627,1,467,19,STRAWBERRY,10,0,0.0,0,0
90122627,1,467,19,MILK,9,9,760.0,84.444444,0
90122627,0,468,19,STRAWBERRY,2,0,0.0,0,0
90122627,1,468,19,STRAWBERRY,1,0,0.0,0,0
90122627,0,469,19,STRAWBERRY,2,0,0.0,0,0
90122627,1,469,19,STRAWBERRY,1,0,0.0,0,0
90122627,0,469,19,MILK,11,9,666.0,74.0,0
90122627,1,469,19,MILK,9,0,0.0,0,0
90122627,0,470,19,STRAWBERRY,3,0,0.0,0,0
90122627,1,470,19,STRAWBERRY,2,0,0.0,0,0
90122627,0,470,19,WOOL,4,0,0.0,0,0
90122627,1,470,19,WOOL,4,0,0.0,0,0
90122627,0,471,19,STRAWBERRY,15,0,0.0,0,0
90122627,1,471,19,STRAWBERRY,10,0,0.0,0,0
90122627,0,471,19,MILK,11,0,0.0,0,0
90122627,1,471,19,MILK,9,0,0.0,0,0
90122627,0,472,19,STRAWBERRY,2,0,0.0,0,0
90122627,1,472,19,STRAWBERRY,1,0,0.0,0,0
90122627,0,474,19,STRAWBERRY,14,0,0.0,0,0
90122627,1,474,19,STRAWBERRY,9,0,0.0,0,0
90122627,0,475,19,MILK,15,0,0.0,0,0
90122627,1,475,19,MILK,12,0,0.0,0,0
90122627,0,477,19,MILK,14,0,0.0,0,0
90122627,1,477,19,MILK,11,0,0.0,0,0
90122627,0,478,19,STRAWBERRY,9,0,0.0,0,0
90122627,1,478,19,STRAWBERRY,6,0,0.0,0,0
90122627,0,480,20,STRAWBERRY,18,12,2845.0,237.083333,0
90122627,1,480,20,STRAWBERRY,12,12,2888.0,240.666667,0
90122627,0,480,20,MILK,15,15,480.0,32.0,0
90122627,1,481,20,MILK,15,15,201.0,13.4,2
90122627,0,482,20,STRAWBERRY,18,0,0.0,0,0
90122627,1,482,20,STRAWBERRY,12,0,0.0,0,0
90122627,0,483,20,MILK,19,0,0.0,0,0
90122627,1,483,20,MILK,15,0,0.0,0,0
90122627,0,485,20,MILK,19,0,0.0,0,0
90122627,1,485,20,MILK,15,0,0.0,0,0
90122627,0,486,20,STRAWBERRY,30,0,0.0,0,0
90122627,1,486,20,STRAWBERRY,20,0,0.0,0,0
90122627,0,488,20,STRAWBERRY,4,0,0.0,0,0
90122627,1,488,20,STRAWBERRY,3,0,0.0,0,0
90122627,0,489,20,MILK,19,0,0.0,0,0
90122627,1,489,20,MILK,15,0,0.0,0,0
90122627,0,492,20,STRAWBERRY,3,2,479.0,239.5,0
90122627,1,492,20,STRAWBERRY,2,2,479.0,239.5,0
90122627,0,493,20,STRAWBERRY,3,0,0.0,0,0
90122627,1,493,20,STRAWBERRY,2,0,0.0,0,0
90122627,0,494,20,MELON,1,1,213.0,213.0,0
90122627,0,494,20,STRAWBERRY,6,0,0.0,0,0
90122627,1,494,20,STRAWBERRY,4,0,0.0,0,0
90122627,0,497,20,STRAWBERRY,3,0,0.0,0,0
90122627,1,497,20,STRAWBERRY,2,0,0.0,0,0
90122627,0,498,20,STRAWBERRY,10,0,0.0,0,0
90122627,1,498,20,STRAWBERRY,7,0,0.0,0,0
90122627,0,499,20,STRAWBERRY,6,0,0.0,0,0
90122627,1,499,20,STRAWBERRY,4,0,0.0,0,0
90122627,0,501,20,STRAWBERRY,3,0,0.0,0,0
90122627,1,501,20,STRAWBERRY,2,0,0.0,0,0
90122627,1,502,20,MELON,2,2,422.0,211.0,0
90122627,0,504,21,MELON,2,0,0.0,0,0
90122627,1,504,21,MELON,2,0,0.0,0,0
90122627,0,504,21,STRAWBERRY,21,14,3288.0,234.857143,0
90122627,1,504,21,STRAWBERRY,14,14,3288.0,234.857143,0
90122627,0,505,21,STRAWBERRY,27,0,0.0,0,0
90122627,1,505,21,STRAWBERRY,18,0,0.0,0,0
90122627,0,506,21,MELON,2,0,0.0,0,0
90122627,1,506,21,MELON,2,0,0.0,0,0
90122627,0,509,21,MILK,9,9,344.0,38.222222,0
90122627,0,510,21,MELON,2,0,0.0,0,0
90122627,1,510,21,MELON,2,0,0.0,0,0
90122627,0,510,21,MILK,2,0,0.0,0,0
90122627,0,511,21,MILK,2,0,0.0,0,0
90122627,0,512,21,MILK,2,0,0.0,0,0
90122627,0,513,21,MILK,1,0,0.0,0,0
90122627,1,517,21,MILK,2,2,87.0,43.5,0
90122627,0,517,21,WOOL,20,20,3997.0,199.85,0
90122627,1,518,21,MILK,4,4,148.0,37.0,0
90122627,0,519,21,MILK,2,0,0.0,0,0
90122627,1,519,21,MILK,3,3,90.0,30.0,0
90122627,0,520,21,MILK,2,0,0.0,0,0
90122627,1,520,21,MILK,2,0,0.0,0,0
90122627,0,521,21,MILK,2,0,0.0,0,0
90122627,1,521,21,MILK,2,0,0.0,0,0
90122627,0,523,21,MILK,2,0,0.0,0,0
90122627,1,523,21,MILK,2,0,0.0,0,0
90122627,0,524,21,MILK,1,0,0.0,0,0
90122627,1,524,21,MILK,1,0,0.0,0,0
90122627,0,525,21,MILK,2,0,0.0,0,0
90122627,1,525,21,MILK,2,0,0.0,0,0
90122627,0,526,21,STRAWBERRY,4,0,0.0,0,0
90122627,1,526,21,STRAWBERRY,3,0,0.0,0,0
90122627,0,526,21,MILK,1,1,26.0,26.0,0
90122627,0,526,21,WOOL,24,4,764.0,191.0,0
90122627,0,527,21,MELON,12,0,0.0,0,0
90122627,1,527,21,MELON,10,0,0.0,0,0
90122627,0,527,21,STRAWBERRY,3,0,0.0,0,0
90122627,1,527,21,STRAWBERRY,2,0,0.0,0,0
90122627,0,528,22,STRAWBERRY,21,14,3288.0,234.857143,0
90122627,1,528,22,STRAWBERRY,14,14,3288.0,234.857143,0
90122627,0,528,22,MILK,11,11,145.0,13.181818,0
90122627,0,531,22,STRAWBERRY,21,0,0.0,0,0
90122627,1,531,22,STRAWBERRY,14,0,0.0,0,0
90122627,1,533,22,MILK,12,12,84.0,7.0,4
90122627,1,534,22,WOOL,24,24,4256.0,177.333333,0
90122627,0,535,22,MILK,15,0,0.0,0,0
90122627,1,535,22,MILK,12,0,0.0,0,0
90122627,0,536,22,WOOL,24,0,0.0,0,0
90122627,1,536,22,WOOL,24,0,0.0,0,0
90122627,0,537,22,MILK,24,0,0.0,0,0
90122627,1,537,22,MILK,19,0,0.0,0,0
90122627,0,538,22,WOOL,24,0,0.0,0,0
90122627,1,538,22,WOOL,24,0,0.0,0,0
90122627,0,541,22,MILK,30,0,0.0,0,0
90122627,1,541,22,MILK,24,0,0.0,0,0
90122627,0,542,22,WOOL,44,0,0.0,0,0
90122627,1,542,22,WOOL,44,0,0.0,0,0
90122627,0,543,22,STRAWBERRY,3,0,0.0,0,0
90122627,1,543,22,STRAWBERRY,2,0,0.0,0,0
90122627,0,547,22,STRAWBERRY,9,2,477.0,238.5,0
90122627,1,547,22,STRAWBERRY,6,2,477.0,238.5,0
90122627,0,548,22,STRAWBERRY,9,0,0.0,0,0
90122627,1,548,22,STRAWBERRY,6,0,0.0,0,0
90122627,0,549,22,MILK,6,6,123.0,20.5,0
90122627,0,549,22,WOOL,2,0,0.0,0,0
90122627,1,549,22,WOOL,2,0,0.0,0,0
90122627,0,550,22,WOOL,12,0,0.0,0,0
90122627,1,550,22,WOOL,12,0,0.0,0,0
90122627,0,551,22,MELON,6,6,1266.0,211.0,0
90122627,0,551,22,STRAWBERRY,3,0,0.0,0,0
90122627,1,551,22,STRAWBERRY,2,0,0.0,0,0
90122627,0,552,23,STRAWBERRY,12,12,2753.0,229.416667,0
90122627,0,552,23,MILK,5,3,33.0,11.0,0
90122627,0,552,23,WOOL,8,0,0.0,0,0
90122627,1,552,23,WOOL,8,0,0.0,0,0
90122627,0,553,23,MILK,4,0,0.0,0,0
90122627,1,558,23,STRAWBERRY,13,13,2980.0,229.230769,0
90122627,1,559,23,MELON,6,6,1250.0,208.333333,0
90122627,0,560,23,STRAWBERRY,20,0,0.0,0,0
90122627,1,560,23,STRAWBERRY,13,0,0.0,0,0
90122627,1,560,23,MILK,4,4,82.0,20.5,0
90122627,0,561,23,MELON,8,0,0.0,0,0
90122627,1,561,23,MELON,6,0,0.0,0,0
90122627,1,561,23,MILK,4,4,64.0,16.0,0
90122627,0,562,23,STRAWBERRY,20,0,0.0,0,0
90122627,1,562,23,STRAWBERRY,13,0,0.0,0,0
90122627,0,562,23,MILK,5,0,0.0,0,0
90122627,1,562,23,MILK,4,1,11.0,11.0,0
90122627,0,563,23,MELON,8,0,0.0,0,0
90122627,1,563,23,MELON,6,0,0.0,0,0
90122627,0,564,23,MILK,5,0,0.0,0,0
90122627,1,564,23,MILK,4,0,0.0,0,0
90122627,0,565,23,MILK,1,0,0.0,0,0
90122627,1,565,23,MILK,1,0,0.0,0,0
90122627,0,566,23,STRAWBERRY,21,0,0.0,0,0
90122627,1,566,23,STRAWBERRY,14,0,0.0,0,0
90122627,0,566,23,MILK,5,0,0.0,0,0
90122627,1,566,23,MILK,4,0,0.0,0,0
90122627,0,566,23,WOOL,3,0,0.0,0,0
90122627,1,566,23,WOOL,3,0,0.0,0,0
90122627,0,567,23,MELON,11,0,0.0,0,0
90122627,1,567,23,MELON,9,0,0.0,0,0
90122627,0,569,23,STRAWBERRY,6,2,460.0,230.0,0
90122627,1,569,23,STRAWBERRY,4,2,461.0,230.5,0
90122627,0,569,23,MILK,1,0,0.0,0,0
90122627,1,569,23,MILK,1,0,0.0,0,0
90122627,0,570,23,MILK,2,2,39.0,19.5,0
90122627,1,570,23,MILK,2,2,39.0,19.5,0
90122627,0,571,23,MILK,2,0,0.0,0,0
90122627,1,571,23,MILK,2,0,0.0,0,0
90122627,0,573,23,STRAWBERRY,9,0,0.0,0,0
90122627,1,573,23,STRAWBERRY,6,0,0.0,0,0
90122627,0,573,23,MILK,15,0,0.0,0,0
90122627,1,573,23,MILK,12,0,0.0,0,0
90122627,0,576,24,MELON,8,6,1213.0,202.166667,0
90122627,1,576,24,MELON,6,6,1213.0,202.166667,0
90122627,0,576,24,STRAWBERRY,44,28,6088.0,217.428571,0
90122627,1,576,24,STRAWBERRY,29,29,6294.0,217.034483,0
90122627,0,578,24,MELON,10,0,0.0,0,0
90122627,1,578,24,MELON,8,0,0.0,0,0
90122627,0,578,24,STRAWBERRY,52,0,0.0,0,0
90122627,1,578,24,STRAWBERRY,35,0,0.0,0,0
90122627,0,582,24,MELON,9,0,0.0,0,0
90122627,1,582,24,MELON,7,0,0.0,0,0
90122627,0,589,24,STRAWBERRY,3,2,430.0,215.0,0
90122627,1,589,24,STRAWBERRY,2,2,430.0,215.0,0
90122627,0,589,24,MILK,12,12,572.0,47.666667,0
90122627,0,594,24,STRAWBERRY,6,0,0.0,0,0
90122627,1,594,24,STRAWBERRY,4,0,0.0,0,0
90122627,0,595,24,STRAWBERRY,6,0,0.0,0,0
90122627,1,595,24,STRAWBERRY,4,0,0.0,0,0
90122627,0,596,24,MILK,8,3,114.0,38.0,0
90122627,0,597,24,STRAWBERRY,6,4,853.0,213.25,0
90122627,1,597,24,STRAWBERRY,4,4,853.0,213.25,0
90122627,0,597,24,MILK,8,0,0.0,0,0
90122627,0,598,24,MILK,2,0,0.0,0,0
90122627,0,599,24,MELON,8,0,0.0,0,0
90122627,1,599,24,MELON,6,0,0.0,0,0
90122627,0,599,24,STRAWBERRY,6,0,0.0,0,0
90122627,1,599,24,STRAWBERRY,4,0,0.0,0,0
90122627,0,600,25,STRAWBERRY,32,21,4262.0,202.952381,0
90122627,1,600,25,STRAWBERRY,21,20,4068.0,203.4,0
90122627,0,600,25,MILK,3,3,96.0,32.0,0
90122627,0,600,25,WOOL,21,21,4461.0,212.428571,0
90122627,0,601,25,WOOL,21,0,0.0,0,0
90122627,0,602,25,WOOL,9,0,0.0,0,0
90122627,0,603,25,WOOL,3,0,0.0,0,0
90122627,1,604,25,MILK,6,6,222.0,37.0,0
90122627,1,605,25,MILK,15,15,323.0,21.533333,0
90122627,0,606,25,MILK,8,0,0.0,0,0
90122627,1,606,25,MILK,6,0,0.0,0,0
90122627,0,607,25,MILK,19,0,0.0,0,0
90122627,1,607,25,MILK,15,0,0.0,0,0
90122627,0,608,25,MILK,8,0,0.0,0,0
90122627,1,608,25,MILK,6,0,0.0,0,0
90122627,0,609,25,MILK,11,0,0.0,0,0
90122627,1,609,25,MILK,9,0,0.0,0,0
90122627,1,609,25,WOOL,9,9,1839.0,204.333333,0
90122627,1,610,25,WOOL,12,12,2315.0,192.916667,0
90122627,0,611,25,WOOL,9,0,0.0,0,0
90122627,1,611,25,WOOL,9,0,0.0,0,0
90122627,0,612,25,MILK,8,0,0.0,0,0
90122627,1,612,25,MILK,6,0,0.0,0,0
90122627,0,612,25,WOOL,9,0,0.0,0,0
90122627,1,612,25,WOOL,9,0,0.0,0,0
90122627,0,613,25,MILK,11,0,0.0,0,0
90122627,1,613,25,MILK,9,0,0.0,0,0
90122627,0,613,25,WOOL,9,0,0.0,0,0
90122627,1,613,25,WOOL,9,0,0.0,0,0
90122627,0,617,25,STRAWBERRY,9,0,0.0,0,0
90122627,1,617,25,STRAWBERRY,6,0,0.0,0,0
90122627,0,617,25,MILK,18,0,0.0,0,0
90122627,1,617,25,MILK,14,0,0.0,0,0
90122627,0,617,25,WOOL,9,0,0.0,0,0
90122627,1,617,25,WOOL,9,0,0.0,0,0
90122627,0,619,25,STRAWBERRY,9,0,0.0,0,0
90122627,1,619,25,STRAWBERRY,6,0,0.0,0,0
90122627,0,622,25,MELON,8,0,0.0,0,0
90122627,1,622,25,MELON,6,0,0.0,0,0
90122627,0,625,26,MELON,8,6,1066.0,177.666667,0
90122627,1,625,26,MELON,6,6,1066.0,177.666667,0
90122627,0,625,26,STRAWBERRY,20,18,3550.0,197.222222,0
90122627,0,625,26,MILK,15,15,575.0,38.333333,0
90122627,0,625,26,WOOL,1,0,0.0,0,0
90122627,1,625,26,WOOL,1,0,0.0,0,0
90122627,0,627,26,WOOL,2,0,0.0,0,0
90122627,1,627,26,WOOL,2,0,0.0,0,0
90122627,1,629,26,STRAWBERRY,20,20,3800.0,190.0,0
90122627,1,630,26,MILK,15,15,201.0,13.4,2
90122627,0,631,26,STRAWBERRY,30,0,0.0,0,0
90122627,1,631,26,STRAWBERRY,20,0,0.0,0,0
90122627,0,631,26,WOOL,12,0,0.0,0,0
90122627,1,631,26,WOOL,12,0,0.0,0,0
90122627,0,632,26,MILK,19,0,0.0,0,0
90122627,1,632,26,MILK,15,0,0.0,0,0
90122627,0,633,26,STRAWBERRY,30,0,0.0,0,0
90122627,1,633,26,STRAWBERRY,20,0,0.0,0,0
90122627,0,633,26,MILK,19,0,0.0,0,0
90122627,1,633,26,MILK,15,0,0.0,0,0
90122627,0,637,26,STRAWBERRY,30,0,0.0,0,0
90122627,1,637,26,STRAWBERRY,20,0,0.0,0,0
90122627,0,637,26,MILK,38,0,0.0,0,0
90122627,1,637,26,MILK,30,0,0.0,0,0
90122627,0,649,27,MELON,8,6,1051.0,175.166667,0
90122627,1,649,27,MELON,6,0,0.0,0,0
90122627,0,649,27,STRAWBERRY,24,23,4443.0,193.173913,0
90122627,0,649,27,MILK,9,9,363.0,40.333333,0
90122627,0,649,27,WOOL,20,20,4364.0,218.2,0
90122627,0,650,27,STRAWBERRY,3,0,0.0,0,0
90122627,0,650,27,WOOL,1,0,0.0,0,0
90122627,0,651,27,STRAWBERRY,3,0,0.0,0,0
90122627,0,651,27,WOOL,1,0,0.0,0,0
90122627,0,652,27,STRAWBERRY,3,0,0.0,0,0
90122627,0,652,27,WOOL,1,0,0.0,0,0
90122627,0,653,27,STRAWBERRY,3,0,0.0,0,0
90122627,1,653,27,MILK,9,9,251.0,27.888889,0
90122627,0,653,27,WOOL,1,0,0.0,0,0
90122627,0,654,27,STRAWBERRY,3,0,0.0,0,0
90122627,0,654,27,WOOL,1,0,0.0,0,0
90122627,1,654,27,WOOL,1,1,206.0,206.0,0
90122627,0,655,27,STRAWBERRY,3,0,0.0,0,0
90122627,0,655,27,MILK,11,0,0.0,0,0
90122627,1,655,27,MILK,9,0,0.0,0,0
90122627,0,655,27,WOOL,1,0,0.0,0,0
90122627,1,655,27,WOOL,2,2,400.0,200.0,0
90122627,0,656,27,STRAWBERRY,2,0,0.0,0,0
90122627,0,656,27,WOOL,1,0,0.0,0,0
90122627,1,656,27,WOOL,2,2,399.0,199.5,0
90122627,0,657,27,STRAWBERRY,3,0,0.0,0,0
90122627,1,657,27,STRAWBERRY,4,4,762.0,190.5,0
90122627,0,657,27,MILK,11,0,0.0,0,0
90122627,1,657,27,MILK,9,0,0.0,0,0
90122627,0,657,27,WOOL,1,0,0.0,0,0
90122627,1,657,27,WOOL,1,1,200.0,200.0,0
90122627,0,658,27,WOOL,1,0,0.0,0,0
90122627,1,658,27,WOOL,1,1,199.0,199.0,0
90122627,0,659,27,STRAWBERRY,3,0,0.0,0,0
90122627,1,659,27,STRAWBERRY,2,2,378.0,189.0,0
90122627,0,659,27,WOOL,1,0,0.0,0,0
90122627,1,659,27,WOOL,2,2,398.0,199.0,0
90122627,0,660,27,WOOL,1,0,0.0,0,0
90122627,1,660,27,WOOL,2,2,395.0,197.5,0
90122627,0,661,27,STRAWBERRY,3,0,0.0,0,0
90122627,1,661,27,STRAWBERRY,17,17,3200.0,188.235294,0
90122627,0,661,27,MILK,12,0,0.0,0,0
90122627,1,661,27,MILK,10,0,0.0,0,0
90122627,0,661,27,WOOL,1,0,0.0,0,0
90122627,1,661,27,WOOL,1,1,200.0,200.0,0
90122627,0,662,27,STRAWBERRY,12,0,0.0,0,0
90122627,1,662,27,STRAWBERRY,8,0,0.0,0,0
90122627,0,663,27,STRAWBERRY,14,0,0.0,0,0
90122627,1,663,27,STRAWBERRY,9,0,0.0,0,0
90122627,0,664,27,STRAWBERRY,12,0,0.0,0,0
90122627,1,664,27,STRAWBERRY,8,0,0.0,0,0
90122627,0,665,27,STRAWBERRY,6,0,0.0,0,0
90122627,1,665,27,STRAWBERRY,4,0,0.0,0,0
90122627,0,667,27,MILK,5,0,0.0,0,0
90122627,1,667,27,MILK,4,0,0.0,0,0
90122627,0,668,27,STRAWBERRY,12,0,0.0,0,0
90122627,1,668,27,STRAWBERRY,8,0,0.0,0,0
90122627,0,669,27,STRAWBERRY,6,0,0.0,0,0
90122627,1,669,27,STRAWBERRY,4,0,0.0,0,0
90122627,0,670,27,MILK,19,0,0.0,0,0
90122627,1,670,27,MILK,15,0,0.0,0,0
90122627,0,671,27,STRAWBERRY,11,11,2036.0,185.090909,0
90122627,0,673,28,MELON,11,11,1916.0,174.181818,0
90122627,0,673,28,STRAWBERRY,15,2,372.0,186.0,0
90122627,0,673,28,MILK,19,9,326.0,36.222222,0
90122627,1,673,28,MILK,15,15,384.0,25.6,0
90122627,0,673,28,WOOL,4,4,864.0,216.0,0
90122627,0,674,28,STRAWBERRY,4,0,0.0,0,0
90122627,0,674,28,MILK,10,0,0.0,0,0
90122627,1,674,28,MILK,8,0,0.0,0,0
90122627,0,675,28,STRAWBERRY,4,0,0.0,0,0
90122627,0,676,28,STRAWBERRY,3,0,0.0,0,0
90122627,1,677,28,STRAWBERRY,3,3,560.0,186.666667,0
90122627,1,678,28,STRAWBERRY,3,3,556.0,185.333333,0
90122627,0,678,28,MILK,10,0,0.0,0,0
90122627,1,678,28,MILK,8,0,0.0,0,0
90122627,0,679,28,STRAWBERRY,4,0,0.0,0,0
90122627,1,679,28,STRAWBERRY,6,6,1095.0,182.5,0
90122627,1,680,28,STRAWBERRY,3,3,540.0,180.0,0
90122627,0,681,28,STRAWBERRY,4,0,0.0,0,0
90122627,1,681,28,STRAWBERRY,3,0,0.0,0,0
90122627,0,682,28,STRAWBERRY,18,0,0.0,0,0
90122627,1,682,28,STRAWBERRY,12,0,0.0,0,0
90122627,0,685,28,STRAWBERRY,4,0,0.0,0,0
90122627,1,685,28,STRAWBERRY,3,0,0.0,0,0
90122627,0,685,28,MILK,11,0,0.0,0,0
90122627,1,685,28,MILK,9,0,0.0,0,0
90122627,0,685,28,WOOL,4,0,0.0,0,0
90122627,0,686,28,STRAWBERRY,34,0,0.0,0,0
90122627,1,686,28,STRAWBERRY,23,0,0.0,0,0
90122627,0,686,28,MILK,16,0,0.0,0,0
90122627,1,686,28,MILK,13,0,0.0,0,0
90122627,0,687,28,MELON,12,0,0.0,0,0
90122627,0,687,28,WOOL,11,0,0.0,0,0
90122627,0,688,28,STRAWBERRY,4,0,0.0,0,0
90122627,1,688,28,STRAWBERRY,3,0,0.0,0,0
90122627,0,689,28,STRAWBERRY,9,0,0.0,0,0
90122627,1,689,28,STRAWBERRY,6,0,0.0,0,0
90122627,0,690,28,STRAWBERRY,21,0,0.0,0,0
90122627,1,690,28,STRAWBERRY,14,0,0.0,0,0
90122627,1,695,28,WOOL,12,12,2657.0,221.416667,0
90122627,0,697,29,MELON,15,0,0.0,0,0
90122627,1,697,29,MELON,12,12,2017.0,168.083333,0
90122627,0,697,29,STRAWBERRY,20,13,2480.0,190.769231,0
90122627,1,697,29,STRAWBERRY,13,13,2392.0,184.0,0
90122627,0,697,29,MILK,11,9,439.0,48.777778,0
90122627,1,697,29,MILK,9,9,270.0,30.0,0
90122627,0,697,29,WOOL,20,0,0.0,0,0
90122627,1,697,29,WOOL,20,0,0.0,0,0
90122627,0,698,29,MILK,11,0,0.0,0,0
90122627,1,698,29,MILK,9,0,0.0,0,0
90122627,0,699,29,WOOL,22,0,0.0,0,0
90122627,1,699,29,WOOL,22,0,0.0,0,0
90122627,0,702,29,MILK,14,0,0.0,0,0
90122627,1,702,29,MILK,11,0,0.0,0,0
90122627,0,703,29,MILK,4,0,0.0,0,0
90122627,1,703,29,MILK,3,0,0.0,0,0
90122627,0,703,29,WOOL,24,0,0.0,0,0
90122627,1,703,29,WOOL,24,0,0.0,0,0
90122627,0,707,29,MELON,1,0,0.0,0,0
90122627,1,707,29,MELON,1,0,0.0,0,0
90122627,0,709,29,MELON,10,0,0.0,0,0
90122627,1,709,29,MELON,8,0,0.0,0,0
90122627,0,709,29,WOOL,12,0,0.0,0,0
90122627,1,709,29,WOOL,12,0,0.0,0,0
90122627,0,710,29,MELON,4,0,0.0,0,0
90122627,1,710,29,MELON,3,0,0.0,0,0
90122627,0,710,29,MILK,11,0,0.0,0,0
90122627,1,710,29,MILK,9,0,0.0,0,0
90122627,0,711,29,MELON,1,0,0.0,0,0
90122627,1,711,29,MELON,1,0,0.0,0,0
90122627,0,712,29,MILK,15,0,0.0,0,0
90122627,1,712,29,MILK,12,0,0.0,0,0
90122627,0,712,29,WOOL,20,0,0.0,0,0
90122627,1,712,29,WOOL,20,0,0.0,0,0
90122627,0,713,29,MELON,10,0,0.0,0,0
90122627,1,713,29,MELON,8,0,0.0,0,0
90122627,0,713,29,STRAWBERRY,9,0,0.0,0,0
90122627,1,713,29,STRAWBERRY,6,0,0.0,0,0
90122627,0,713,29,MILK,4,0,0.0,0,0
90122627,1,713,29,MILK,3,0,0.0,0,0
90122627,0,714,29,MELON,4,0,0.0,0,0
90122627,1,714,29,MELON,3,0,0.0,0,0
90122627,0,715,29,MILK,4,0,0.0,0,0
90122627,1,715,29,MILK,3,0,0.0,0,0
90122627,0,715,29,WOOL,12,0,0.0,0,0
90122627,1,715,29,WOOL,12,0,0.0,0,0
90122627,0,716,29,STRAWBERRY,4,0,0.0,0,0
90122627,1,716,29,STRAWBERRY,3,0,0.0,0,0
90122627,0,716,29,MILK,4,0,0.0,0,0
90122627,1,718,29,MILK,3,0,0.0,0,0
90122627,1,719,29,MILK,3,0,0.0,0,0
90123152,0,76,3,MELON,6,0,0.0,0,0
90123152,1,76,3,MELON,8,0,0.0,0,0
90123152,0,77,3,MELON,5,0,0.0,0,0
90123152,1,77,3,MELON,6,0,0.0,0,0
90123152,0,98,4,MELON,4,0,0.0,0,0
90123152,1,98,4,MELON,5,0,0.0,0,0
90123152,0,158,6,WOOL,6,0,0.0,0,0
90123152,1,158,6,WOOL,6,0,0.0,0,0
90123152,0,195,8,MILK,8,0,0.0,0,0
90123152,1,195,8,MILK,10,0,0.0,0,0
90123152,0,198,8,MILK,12,0,0.0,0,0
90123152,1,198,8,MILK,15,0,0.0,0,0
90123152,0,229,9,WOOL,4,0,0.0,0,0
90123152,1,229,9,WOOL,4,0,0.0,0,0
90123152,0,256,10,MELON,6,0,0.0,0,0
90123152,1,256,10,MELON,8,0,0.0,0,0
90123152,0,257,10,MELON,6,0,0.0,0,0
90123152,1,257,10,MELON,8,0,0.0,0,0
90123152,0,259,10,MELON,16,0,0.0,0,0
90123152,1,259,10,MELON,20,0,0.0,0,0
90123152,0,262,10,MELON,11,0,0.0,0,0
90123152,1,262,10,MELON,14,0,0.0,0,0
90123152,0,264,11,MELON,27,18,4178.0,232.111111,0
90123152,1,264,11,MELON,34,18,4178.0,232.111111,0
90123152,0,269,11,STRAWBERRY,4,0,0.0,0,0
90123152,1,269,11,STRAWBERRY,6,0,0.0,0,0
90123152,1,280,11,MILK,9,9,1922.0,213.555556,0
90123152,0,280,11,WOOL,6,0,0.0,0,0
90123152,1,280,11,WOOL,6,0,0.0,0,0
90123152,0,292,12,STRAWBERRY,6,0,0.0,0,0
90123152,1,292,12,STRAWBERRY,9,0,0.0,0,0
90123152,1,292,12,MILK,11,0,0.0,0,0
90123152,0,294,12,MILK,12,9,1941.0,215.666667,0
90123152,1,294,12,MILK,15,0,0.0,0,0
90123152,0,295,12,MILK,20,0,0.0,0,0
90123152,1,295,12,MILK,25,0,0.0,0,0
90123152,0,301,12,MILK,9,0,0.0,0,0
90123152,1,301,12,MILK,11,0,0.0,0,0
90123152,0,302,12,MILK,6,0,0.0,0,0
90123152,1,302,12,MILK,8,0,0.0,0,0
90123152,0,306,12,MELON,12,0,0.0,0,0
90123152,1,306,12,MELON,15,0,0.0,0,0
90123152,0,308,12,MILK,2,0,0.0,0,0
90123152,1,308,12,MILK,2,0,0.0,0,0
90123152,0,309,12,WOOL,5,0,0.0,0,0
90123152,1,309,12,WOOL,5,0,0.0,0,0
90123152,1,311,12,MILK,1,1,215.0,215.0,0
90123152,1,312,13,MILK,3,3,641.0,213.666667,0
90123152,1,323,13,MILK,4,0,0.0,0,0
90123152,1,324,13,MILK,1,0,0.0,0,0
90123152,0,325,13,MILK,3,3,666.0,222.0,0
90123152,1,325,13,MILK,4,0,0.0,0,0
90123152,1,329,13,MILK,2,2,440.0,220.0,0
90123152,1,341,14,MILK,4,0,0.0,0,0
90123152,1,343,14,MILK,4,0,0.0,0,0
90123152,1,344,14,MILK,5,0,0.0,0,0
90123152,0,347,14,MILK,3,3,680.0,226.666667,0
90123152,1,347,14,MILK,4,0,0.0,0,0
90123152,0,348,14,MILK,4,4,899.0,224.75,0
90123152,1,348,14,MILK,5,0,0.0,0,0
90123152,0,348,14,WOOL,7,6,1179.0,196.5,0
90123152,1,348,14,WOOL,7,6,1179.0,196.5,0
90123152,0,353,14,WOOL,6,0,0.0,0,0
90123152,1,353,14,WOOL,6,0,0.0,0,0
90123152,1,354,14,MILK,6,6,1359.0,226.5,0
90123152,0,354,14,WOOL,6,0,0.0,0,0
90123152,1,354,14,WOOL,6,0,0.0,0,0
90123152,0,358,14,WOOL,7,0,0.0,0,0
90123152,1,358,14,WOOL,7,0,0.0,0,0
90123152,0,359,14,MELON,5,5,1070.0,214.0,0
90123152,1,359,14,MELON,12,6,1276.0,212.666667,0
90123152,0,359,14,STRAWBERRY,4,0,0.0,0,0
90123152,1,359,14,STRAWBERRY,6,0,0.0,0,0
90123152,1,360,15,MELON,9,6,1210.0,201.666667,0
90123152,1,360,15,MILK,3,3,677.0,225.666667,0
90123152,1,360,15,WOOL,4,4,231.0,57.75,0
90123152,0,362,15,MELON,7,7,1367.0,195.285714,0
90123152,1,362,15,MELON,9,0,0.0,0,0
90123152,1,364,15,WOOL,4,0,0.0,0,0
90123152,1,365,15,MILK,11,0,0.0,0,0
90123152,1,366,15,WOOL,4,0,0.0,0,0
90123152,1,367,15,MILK,11,0,0.0,0,0
90123152,0,370,15,WOOL,9,4,184.0,46.0,0
90123152,1,370,15,WOOL,9,0,0.0,0,0
90123152,0,371,15,MILK,12,9,2056.0,228.444444,0
90123152,1,371,15,MILK,15,0,0.0,0,0
90123152,0,375,15,WOOL,6,0,0.0,0,0
90123152,1,375,15,WOOL,6,0,0.0,0,0
90123152,1,384,16,MILK,9,9,2066.0,229.555556,0
90123152,0,384,16,WOOL,8,4,35.0,8.75,1
90123152,1,384,16,WOOL,8,4,135.0,33.75,0
90123152,1,385,16,MILK,11,0,0.0,0,0
90123152,1,387,16,MILK,11,0,0.0,0,0
90123152,0,391,16,MILK,28,9,2061.0,229.0,0
90123152,1,391,16,MILK,35,0,0.0,0,0
90123152,1,403,16,STRAWBERRY,4,4,1002.0,250.5,0
90123152,0,407,16,WOOL,4,0,0.0,0,0
90123152,1,407,16,WOOL,4,0,0.0,0,0
90123152,1,408,17,STRAWBERRY,4,4,1001.0,250.25,0
90123152,0,408,17,MILK,5,5,1160.0,232.0,0
90123152,1,408,17,MILK,18,9,2070.0,230.0,0
90123152,0,409,17,MILK,9,4,912.0,228.0,0
90123152,1,409,17,MILK,11,0,0.0,0,0
90123152,0,411,17,MELON,1,0,0.0,0,0
90123152,1,411,17,MELON,1,0,0.0,0,0
90123152,1,415,17,STRAWBERRY,8,0,0.0,0,0
90123152,1,416,17,STRAWBERRY,4,0,0.0,0,0
90123152,1,417,17,STRAWBERRY,8,0,0.0,0,0
90123152,0,421,17,STRAWBERRY,5,5,1267.0,253.4,0
90123152,1,421,17,STRAWBERRY,8,0,0.0,0,0
90123152,0,423,17,MELON,4,0,0.0,0,0
90123152,1,423,17,MELON,5,0,0.0,0,0
90123152,0,423,17,WOOL,4,0,0.0,0,0
90123152,1,423,17,WOOL,4,0,0.0,0,0
90123152,0,424,17,WOOL,3,0,0.0,0,0
90123152,1,424,17,WOOL,3,0,0.0,0,0
90123152,1,425,17,MILK,6,6,1398.0,233.0,0
90123152,1,431,17,WOOL,2,2,2.0,1.0,2
90123152,1,432,18,STRAWBERRY,8,8,2026.0,253.25,0
90123152,1,432,18,MILK,6,6,1389.0,231.5,0
90123152,1,433,18,WOOL,6,6,20.0,3.333333,4
90123152,1,434,18,WOOL,5,5,5.0,1.0,5
90123152,1,435,18,STRAWBERRY,12,0,0.0,0,0
90123152,1,436,18,MILK,4,0,0.0,0,0
90123152,1,437,18,STRAWBERRY,12,0,0.0,0,0
90123152,1,437,18,MILK,10,0,0.0,0,0
90123152,1,438,18,MILK,4,0,0.0,0,0
90123152,1,439,18,MILK,6,0,0.0,0,0
90123152,1,440,18,MILK,5,0,0.0,0,0
90123152,0,441,18,STRAWBERRY,17,11,2790.0,253.636364,0
90123152,1,441,18,STRAWBERRY,26,0,0.0,0,0
90123152,0,442,18,MILK,3,3,704.0,234.666667,0
90123152,1,442,18,MILK,4,0,0.0,0,0
90123152,0,443,18,MILK,5,5,1164.0,232.8,0
90123152,1,443,18,MILK,6,0,0.0,0,0
90123152,1,443,18,WOOL,2,0,0.0,0,0
90123152,0,444,18,MILK,20,4,922.0,230.5,0
90123152,1,444,18,MILK,25,0,0.0,0,0
90123152,1,444,18,WOOL,2,0,0.0,0,0
90123152,0,445,18,STRAWBERRY,20,0,0.0,0,0
90123152,1,445,18,STRAWBERRY,30,0,0.0,0,0
90123152,1,445,18,WOOL,2,0,0.0,0,0
90123152,1,447,18,WOOL,2,0,0.0,0,0
90123152,1,448,18,WOOL,2,0,0.0,0,0
90123152,0,449,18,WOOL,2,2,16.0,8.0,0
90123152,1,449,18,WOOL,2,0,0.0,0,0
90123152,0,450,18,STRAWBERRY,1,0,0.0,0,0
90123152,1,450,18,STRAWBERRY,2,0,0.0,0,0
90123152,0,450,18,MILK,6,0,0.0,0,0
90123152,1,450,18,MILK,8,0,0.0,0,0
90123152,1,451,18,WOOL,4,4,4.0,1.0,4
90123152,1,455,18,STRAWBERRY,6,6,1521.0,253.5,0
90123152,1,455,18,WOOL,4,0,0.0,0,0
90123152,1,456,19,STRAWBERRY,8,8,2013.0,251.625,0
90123152,1,456,19,WOOL,1,0,0.0,0,0
90123152,1,457,19,MILK,9,9,2117.0,235.222222,0
90123152,1,457,19,WOOL,4,0,0.0,0,0
90123152,0,461,19,WOOL,4,4,18.0,4.5,2
90123152,1,461,19,WOOL,4,0,0.0,0,0
90123152,1,463,19,STRAWBERRY,2,0,0.0,0,0
90123152,1,464,19,STRAWBERRY,2,0,0.0,0,0
90123152,1,465,19,STRAWBERRY,17,0,0.0,0,0
90123152,1,466,19,STRAWBERRY,3,0,0.0,0,0
90123152,1,466,19,WOOL,4,0,0.0,0,0
90123152,1,467,19,STRAWBERRY,15,0,0.0,0,0
90123152,1,468,19,STRAWBERRY,2,0,0.0,0,0
90123152,0,469,19,STRAWBERRY,1,1,255.0,255.0,0
90123152,1,469,19,STRAWBERRY,2,0,0.0,0,0
90123152,1,469,19,MILK,11,0,0.0,0,0
90123152,1,470,19,STRAWBERRY,3,0,0.0,0,0
90123152,0,470,19,WOOL,4,4,18.0,4.5,2
90123152,1,470,19,WOOL,4,0,0.0,0,0
90123152,0,471,19,STRAWBERRY,10,10,2532.0,253.2,0
90123152,1,471,19,STRAWBERRY,15,0,0.0,0,0
90123152,1,471,19,MILK,11,0,0.0,0,0
90123152,0,472,19,STRAWBERRY,1,1,252.0,252.0,0
90123152,1,472,19,STRAWBERRY,2,0,0.0,0,0
90123152,0,474,19,STRAWBERRY,9,3,756.0,252.0,0
90123152,1,474,19,STRAWBERRY,14,0,0.0,0,0
90123152,0,475,19,MILK,12,9,2140.0,237.777778,0
90123152,1,475,19,MILK,15,0,0.0,0,0
90123152,0,477,19,MILK,11,0,0.0,0,0
90123152,1,477,19,MILK,14,0,0.0,0,0
90123152,0,478,19,STRAWBERRY,6,0,0.0,0,0
90123152,1,478,19,STRAWBERRY,9,0,0.0,0,0
90123152,1,480,20,STRAWBERRY,18,12,2970.0,247.5,0
90123152,1,480,20,MILK,15,15,3401.0,226.733333,0
90123152,1,482,20,MELON,1,1,208.0,208.0,0
90123152,1,482,20,STRAWBERRY,18,0,0.0,0,0
90123152,1,483,20,MILK,19,0,0.0,0,0
90123152,1,485,20,MILK,19,0,0.0,0,0
90123152,0,486,20,STRAWBERRY,20,12,2963.0,246.916667,0
90123152,1,486,20,STRAWBERRY,30,0,0.0,0,0
90123152,0,488,20,STRAWBERRY,3,0,0.0,0,0
90123152,1,488,20,STRAWBERRY,4,0,0.0,0,0
90123152,0,489,20,MILK,15,15,3383.0,225.533333,0
90123152,1,489,20,MILK,19,0,0.0,0,0
90123152,1,492,20,STRAWBERRY,3,2,492.0,246.0,0
90123152,1,493,20,STRAWBERRY,3,0,0.0,0,0
90123152,1,494,20,MELON,1,0,0.0,0,0
90123152,0,494,20,STRAWBERRY,4,2,494.0,247.0,0
90123152,1,494,20,STRAWBERRY,6,0,0.0,0,0
90123152,0,497,20,STRAWBERRY,2,0,0.0,0,0
90123152,1,497,20,STRAWBERRY,3,0,0.0,0,0
90123152,0,498,20,STRAWBERRY,7,0,0.0,0,0
90123152,1,498,20,STRAWBERRY,10,0,0.0,0,0
90123152,0,499,20,STRAWBERRY,4,0,0.0,0,0
90123152,1,499,20,STRAWBERRY,6,0,0.0,0,0
90123152,1,500,20,MILK,3,3,679.0,226.333333,0
90123152,0,501,20,STRAWBERRY,2,0,0.0,0,0
90123152,1,501,20,STRAWBERRY,3,0,0.0,0,0
90123152,1,502,20,MILK,3,3,679.0,226.333333,0
90123152,1,504,21,MELON,2,0,0.0,0,0
90123152,1,504,21,STRAWBERRY,21,14,3390.0,242.142857,0
90123152,1,504,21,MILK,3,3,673.0,224.333333,0
90123152,0,505,21,STRAWBERRY,18,14,3361.0,240.071429,0
90123152,1,505,21,STRAWBERRY,27,0,0.0,0,0
90123152,1,506,21,MELON,2,0,0.0,0,0
90123152,1,509,21,MILK,2,0,0.0,0,0
90123152,0,510,21,MELON,2,2,431.0,215.5,0
90123152,1,510,21,MELON,2,0,0.0,0,0
90123152,1,510,21,MILK,2,0,0.0,0,0
90123152,1,511,21,MILK,2,0,0.0,0,0
90123152,1,512,21,MILK,2,0,0.0,0,0
90123152,1,513,21,MILK,1,0,0.0,0,0
90123152,1,514,21,WOOL,20,20,1014.0,50.7,2
90123152,1,519,21,MILK,2,0,0.0,0,0
90123152,1,520,21,MILK,2,0,0.0,0,0
90123152,1,521,21,MILK,2,0,0.0,0,0
90123152,1,523,21,MILK,2,0,0.0,0,0
90123152,1,524,21,MILK,1,0,0.0,0,0
90123152,0,525,21,MILK,2,2,474.0,237.0,0
90123152,1,525,21,MILK,2,0,0.0,0,0
90123152,0,526,21,STRAWBERRY,3,0,0.0,0,0
90123152,1,526,21,STRAWBERRY,4,0,0.0,0,0
90123152,1,526,21,MILK,1,1,235.0,235.0,0
90123152,1,526,21,WOOL,24,4,208.0,52.0,0
90123152,0,527,21,MELON,10,0,0.0,0,0
90123152,1,527,21,MELON,12,0,0.0,0,0
90123152,0,527,21,STRAWBERRY,2,0,0.0,0,0
90123152,1,527,21,STRAWBERRY,3,0,0.0,0,0
90123152,1,528,22,STRAWBERRY,21,14,3365.0,240.357143,0
90123152,1,528,22,MILK,11,11,2555.0,232.272727,0
90123152,0,531,22,STRAWBERRY,14,14,3336.0,238.285714,0
90123152,1,531,22,STRAWBERRY,21,0,0.0,0,0
90123152,1,535,22,MILK,15,0,0.0,0,0
90123152,1,536,22,WOOL,24,0,0.0,0,0
90123152,1,537,22,MILK,24,0,0.0,0,0
90123152,1,538,22,WOOL,24,0,0.0,0,0
90123152,0,541,22,MILK,24,21,4919.0,234.238095,0
90123152,1,541,22,MILK,30,0,0.0,0,0
90123152,0,542,22,WOOL,44,31,1477.0,47.645161,9
90123152,1,542,22,WOOL,44,0,0.0,0,0
90123152,0,543,22,STRAWBERRY,2,0,0.0,0,0
90123152,1,543,22,STRAWBERRY,3,0,0.0,0,0
90123152,1,546,22,MELON,6,6,1266.0,211.0,0
90123152,0,547,22,STRAWBERRY,6,2,481.0,240.5,0
90123152,1,547,22,STRAWBERRY,9,2,481.0,240.5,0
90123152,1,547,22,MILK,3,3,689.0,229.666667,0
90123152,0,548,22,STRAWBERRY,6,0,0.0,0,0
90123152,1,548,22,STRAWBERRY,9,0,0.0,0,0
90123152,1,548,22,MILK,3,3,683.0,227.666667,0
90123152,0,549,22,WOOL,2,0,0.0,0,0
90123152,1,549,22,WOOL,2,0,0.0,0,0
90123152,0,550,22,WOOL,12,0,0.0,0,0
90123152,1,550,22,WOOL,12,0,0.0,0,0
90123152,1,551,22,MELON,6,0,0.0,0,0
90123152,0,551,22,STRAWBERRY,2,0,0.0,0,0
90123152,1,551,22,STRAWBERRY,3,0,0.0,0,0
90123152,1,552,23,STRAWBERRY,12,12,2775.0,231.25,0
90123152,1,552,23,MILK,5,3,683.0,227.666667,0
90123152,0,552,23,WOOL,8,0,0.0,0,0
90123152,1,552,23,WOOL,8,0,0.0,0,0
90123152,1,553,23,MILK,4,0,0.0,0,0
90123152,1,560,23,STRAWBERRY,20,0,0.0,0,0
90123152,1,561,23,MELON,8,0,0.0,0,0
90123152,1,562,23,STRAWBERRY,20,0,0.0,0,0
90123152,1,562,23,MILK,5,0,0.0,0,0
90123152,1,563,23,MELON,8,0,0.0,0,0
90123152,1,564,23,MILK,5,0,0.0,0,0
90123152,1,565,23,MILK,1,0,0.0,0,0
90123152,0,566,23,STRAWBERRY,14,14,3268.0,233.428571,0
90123152,1,566,23,STRAWBERRY,21,0,0.0,0,0
90123152,0,566,23,MILK,4,4,946.0,236.5,0
90123152,1,566,23,MILK,5,0,0.0,0,0
90123152,0,566,23,WOOL,3,0,0.0,0,0
90123152,1,566,23,WOOL,3,0,0.0,0,0
90123152,0,567,23,MELON,9,6,1280.0,213.333333,0
90123152,1,567,23,MELON,11,0,0.0,0,0
90123152,0,569,23,STRAWBERRY,4,4,922.0,230.5,0
90123152,1,569,23,STRAWBERRY,6,2,462.0,231.0,0
90123152,1,569,23,MILK,1,0,0.0,0,0
90123152,1,570,23,MILK,2,2,472.0,236.0,0
90123152,1,571,23,MILK,2,0,0.0,0,0
90123152,0,573,23,STRAWBERRY,6,0,0.0,0,0
90123152,1,573,23,STRAWBERRY,9,0,0.0,0,0
90123152,0,573,23,MILK,12,8,1880.0,235.0,0
90123152,1,573,23,MILK,15,0,0.0,0,0
90123152,1,576,24,MELON,8,6,1234.0,205.666667,0
90123152,1,576,24,STRAWBERRY,44,29,6433.0,221.827586,0
90123152,0,578,24,MELON,8,6,1218.0,203.0,0
90123152,1,578,24,MELON,10,0,0.0,0,0
90123152,0,578,24,STRAWBERRY,35,30,6421.0,214.033333,0
90123152,1,578,24,STRAWBERRY,52,0,0.0,0,0
90123152,0,582,24,MELON,7,0,0.0,0,0
90123152,1,582,24,MELON,9,0,0.0,0,0
90123152,1,584,24,MILK,8,8,1888.0,236.0,0
90123152,1,585,24,MILK,4,4,938.0,234.5,0
90123152,0,589,24,STRAWBERRY,2,2,428.0,214.0,0
90123152,1,589,24,STRAWBERRY,3,2,428.0,214.0,0
90123152,1,589,24,WOOL,9,9,1358.0,150.888889,0
90123152,1,590,24,WOOL,12,12,1306.0,108.833333,0
90123152,0,594,24,STRAWBERRY,4,0,0.0,0,0
90123152,1,594,24,STRAWBERRY,6,0,0.0,0,0
90123152,0,595,24,STRAWBERRY,4,0,0.0,0,0
90123152,1,595,24,STRAWBERRY,6,0,0.0,0,0
90123152,1,596,24,MILK,8,3,713.0,237.666667,0
90123152,1,597,24,STRAWBERRY,6,4,850.0,212.5,0
90123152,1,597,24,MILK,8,0,0.0,0,0
90123152,1,598,24,MILK,2,0,0.0,0,0
90123152,0,599,24,MELON,6,0,0.0,0,0
90123152,1,599,24,MELON,8,0,0.0,0,0
90123152,0,599,24,STRAWBERRY,4,4,844.0,211.0,0
90123152,1,599,24,STRAWBERRY,6,0,0.0,0,0
90123152,0,600,25,STRAWBERRY,21,21,4236.0,201.714286,0
90123152,1,600,25,STRAWBERRY,32,20,4043.0,202.15,0
90123152,1,600,25,MILK,3,3,709.0,236.333333,0
90123152,1,601,25,WOOL,9,0,0.0,0,0
90123152,1,602,25,WOOL,9,0,0.0,0,0
90123152,1,603,25,WOOL,3,0,0.0,0,0
90123152,1,606,25,MILK,8,0,0.0,0,0
90123152,1,607,25,MILK,19,0,0.0,0,0
90123152,1,608,25,MILK,8,0,0.0,0,0
90123152,1,609,25,MILK,11,0,0.0,0,0
90123152,1,611,25,WOOL,9,0,0.0,0,0
90123152,0,612,25,MILK,6,6,1443.0,240.5,0
90123152,1,612,25,MILK,8,0,0.0,0,0
90123152,1,612,25,WOOL,9,0,0.0,0,0
90123152,0,613,25,MILK,9,9,2162.0,240.222222,0
90123152,1,613,25,MILK,11,0,0.0,0,0
90123152,1,613,25,WOOL,9,0,0.0,0,0
90123152,0,617,25,STRAWBERRY,6,0,0.0,0,0
90123152,1,617,25,STRAWBERRY,9,0,0.0,0,0
90123152,0,617,25,MILK,14,6,1428.0,238.0,0
90123152,1,617,25,MILK,18,0,0.0,0,0
90123152,0,617,25,WOOL,9,9,1388.0,154.222222,0
90123152,1,617,25,WOOL,9,0,0.0,0,0
90123152,0,619,25,STRAWBERRY,6,0,0.0,0,0
90123152,1,619,25,STRAWBERRY,9,0,0.0,0,0
90123152,0,622,25,MELON,6,0,0.0,0,0
90123152,1,622,25,MELON,8,0,0.0,0,0
90123152,0,625,26,MELON,6,6,1091.0,181.833333,0
90123152,1,625,26,MELON,8,6,1030.0,171.666667,0
90123152,1,625,26,STRAWBERRY,20,20,3907.0,195.35,0
90123152,1,625,26,MILK,15,15,3566.0,237.733333,0
90123152,0,625,26,WOOL,1,1,164.0,164.0,0
90123152,1,625,26,WOOL,1,0,0.0,0,0
90123152,1,627,26,WOOL,2,0,0.0,0,0
90123152,1,631,26,STRAWBERRY,30,0,0.0,0,0
90123152,0,631,26,WOOL,12,11,1658.0,150.727273,0
90123152,1,631,26,WOOL,12,0,0.0,0,0
90123152,1,632,26,MILK,19,0,0.0,0,0
90123152,1,633,26,STRAWBERRY,30,0,0.0,0,0
90123152,1,633,26,MILK,19,0,0.0,0,0
90123152,0,637,26,STRAWBERRY,20,20,3869.0,193.45,0
90123152,1,637,26,STRAWBERRY,30,0,0.0,0,0
90123152,0,637,26,MILK,30,15,3551.0,236.733333,0
90123152,1,637,26,MILK,38,0,0.0,0,0
90123152,0,649,27,MELON,6,6,1051.0,175.166667,0
90123152,1,649,27,MELON,8,6,987.0,164.5,0
90123152,1,649,27,STRAWBERRY,23,23,4387.0,190.73913,0
90123152,1,649,27,MILK,9,9,2135.0,237.222222,0
90123152,1,649,27,WOOL,20,20,3147.0,157.35,0
90123152,1,650,27,STRAWBERRY,3,0,0.0,0,0
90123152,1,650,27,WOOL,1,0,0.0,0,0
90123152,1,651,27,STRAWBERRY,3,0,0.0,0,0
90123152,1,651,27,WOOL,1,0,0.0,0,0
90123152,1,652,27,STRAWBERRY,3,0,0.0,0,0
90123152,1,652,27,WOOL,1,0,0.0,0,0
90123152,1,653,27,STRAWBERRY,3,0,0.0,0,0
90123152,1,653,27,WOOL,1,0,0.0,0,0
90123152,1,654,27,STRAWBERRY,3,0,0.0,0,0
90123152,1,654,27,WOOL,1,0,0.0,0,0
90123152,1,655,27,STRAWBERRY,3,0,0.0,0,0
90123152,1,655,27,MILK,11,0,0.0,0,0
90123152,1,655,27,WOOL,1,0,0.0,0,0
90123152,1,656,27,STRAWBERRY,2,0,0.0,0,0
90123152,1,656,27,WOOL,1,0,0.0,0,0
90123152,1,657,27,STRAWBERRY,3,0,0.0,0,0
90123152,1,657,27,MILK,11,0,0.0,0,0
90123152,1,657,27,WOOL,1,0,0.0,0,0
90123152,1,658,27,WOOL,1,0,0.0,0,0
90123152,1,659,27,STRAWBERRY,3,0,0.0,0,0
90123152,1,659,27,WOOL,1,0,0.0,0,0
90123152,1,660,27,WOOL,1,0,0.0,0,0
90123152,0,661,27,STRAWBERRY,2,2,385.0,192.5,0
90123152,1,661,27,STRAWBERRY,3,0,0.0,0,0
90123152,0,661,27,MILK,10,9,2153.0,239.222222,0
90123152,1,661,27,MILK,12,0,0.0,0,0
90123152,0,661,27,WOOL,1,1,158.0,158.0,0
90123152,1,661,27,WOOL,1,0,0.0,0,0
90123152,1,662,27,STRAWBERRY,12,0,0.0,0,0
90123152,1,663,27,STRAWBERRY,14,0,0.0,0,0
90123152,1,664,27,STRAWBERRY,12,0,0.0,0,0
90123152,1,665,27,STRAWBERRY,6,0,0.0,0,0
90123152,0,667,27,MILK,4,0,0.0,0,0
90123152,1,667,27,MILK,5,0,0.0,0,0
90123152,0,668,27,STRAWBERRY,8,8,1536.0,192.0,0
90123152,1,668,27,STRAWBERRY,12,0,0.0,0,0
90123152,0,669,27,STRAWBERRY,4,4,764.0,191.0,0
90123152,1,669,27,STRAWBERRY,6,0,0.0,0,0
90123152,0,670,27,MILK,15,0,0.0,0,0
90123152,1,670,27,MILK,19,0,0.0,0,0
90123152,1,673,28,STRAWBERRY,15,15,2854.0,190.266667,0
90123152,0,673,28,MILK,4,4,966.0,241.5,0
90123152,1,673,28,MILK,30,15,3570.0,238.0,0
90123152,1,674,28,STRAWBERRY,4,0,0.0,0,0
90123152,1,674,28,MILK,10,0,0.0,0,0
90123152,1,675,28,MELON,12,12,1951.0,162.583333,0
90123152,1,675,28,STRAWBERRY,4,0,0.0,0,0
90123152,1,675,28,WOOL,4,4,711.0,177.75,0
90123152,1,676,28,STRAWBERRY,3,0,0.0,0,0
90123152,0,678,28,MILK,8,8,1868.0,233.5,0
90123152,1,678,28,MILK,10,0,0.0,0,0
90123152,1,679,28,STRAWBERRY,4,0,0.0,0,0
90123152,1,681,28,STRAWBERRY,4,0,0.0,0,0
90123152,1,682,28,STRAWBERRY,18,0,0.0,0,0
90123152,0,685,28,STRAWBERRY,3,3,581.0,193.666667,0
90123152,1,685,28,STRAWBERRY,4,0,0.0,0,0
90123152,0,685,28,MILK,9,3,707.0,235.666667,0
90123152,1,685,28,MILK,11,0,0.0,0,0
90123152,0,686,28,STRAWBERRY,23,23,4304.0,187.130435,0
90123152,1,686,28,STRAWBERRY,34,0,0.0,0,0
90123152,0,686,28,MILK,13,0,0.0,0,0
90123152,1,686,28,MILK,16,0,0.0,0,0
90123152,1,687,28,MELON,12,0,0.0,0,0
90123152,1,687,28,WOOL,11,0,0.0,0,0
90123152,0,688,28,STRAWBERRY,3,0,0.0,0,0
90123152,1,688,28,STRAWBERRY,4,0,0.0,0,0
90123152,0,689,28,STRAWBERRY,6,0,0.0,0,0
90123152,1,689,28,STRAWBERRY,9,0,0.0,0,0
90123152,0,690,28,STRAWBERRY,14,0,0.0,0,0
90123152,1,690,28,STRAWBERRY,21,0,0.0,0,0
90123152,1,697,29,MELON,15,0,0.0,0,0
90123152,0,697,29,STRAWBERRY,13,13,2375.0,182.692308,0
90123152,1,697,29,STRAWBERRY,20,13,2375.0,182.692308,0
90123152,1,697,29,MILK,11,9,2153.0,239.222222,0
90123152,1,697,29,WOOL,20,0,0.0,0,0
90123152,1,698,29,MILK,11,0,0.0,0,0
90123152,1,699,29,WOOL,22,0,0.0,0,0
90123152,0,702,29,MILK,11,5,1186.0,237.2,0
90123152,1,702,29,MILK,14,0,0.0,0,0
90123152,0,703,29,MILK,3,0,0.0,0,0
90123152,1,703,29,MILK,4,0,0.0,0,0
90123152,0,703,29,WOOL,24,23,4379.0,190.391304,0
90123152,1,703,29,WOOL,24,0,0.0,0,0
90123152,1,707,29,MELON,1,0,0.0,0,0
90123152,1,709,29,MELON,10,0,0.0,0,0
90123152,0,709,29,WOOL,12,0,0.0,0,0
90123152,1,709,29,WOOL,12,0,0.0,0,0
90123152,1,710,29,MELON,4,0,0.0,0,0
90123152,0,710,29,MILK,9,0,0.0,0,0
90123152,1,710,29,MILK,11,0,0.0,0,0
90123152,0,711,29,MELON,1,1,173.0,173.0,0
90123152,1,711,29,MELON,1,0,0.0,0,0
90123152,0,712,29,MILK,12,0,0.0,0,0
90123152,1,712,29,MILK,15,0,0.0,0,0
90123152,0,712,29,WOOL,20,0,0.0,0,0
90123152,1,712,29,WOOL,20,0,0.0,0,0
90123152,0,713,29,MELON,8,8,1316.0,164.5,0
90123152,1,713,29,MELON,10,0,0.0,0,0
90123152,0,713,29,STRAWBERRY,6,0,0.0,0,0
90123152,1,713,29,STRAWBERRY,9,0,0.0,0,0
90123152,0,713,29,MILK,3,0,0.0,0,0
90123152,1,713,29,MILK,4,0,0.0,0,0
90123152,0,714,29,MELON,3,3,462.0,154.0,0
90123152,1,714,29,MELON,4,0,0.0,0,0
90123152,0,715,29,MILK,3,0,0.0,0,0
90123152,1,715,29,MILK,4,0,0.0,0,0
90123152,0,715,29,WOOL,12,0,0.0,0,0
90123152,1,715,29,WOOL,12,0,0.0,0,0
90123152,0,716,29,STRAWBERRY,3,0,0.0,0,0
90123152,1,716,29,STRAWBERRY,4,0,0.0,0,0
90123152,1,716,29,MILK,4,0,0.0,0,0
90127343,0,49,2,WOOL,4,0,0.0,0,0
90127343,1,76,3,MELON,6,0,0.0,0,0
90127343,1,77,3,MELON,5,0,0.0,0,0
90127343,0,98,4,MELON,4,0,0.0,0,0
90127343,1,98,4,MELON,4,0,0.0,0,0
90127343,0,158,6,WOOL,6,0,0.0,0,0
90127343,1,158,6,WOOL,6,0,0.0,0,0
90127343,0,195,8,MILK,8,0,0.0,0,0
90127343,1,195,8,MILK,8,0,0.0,0,0
90127343,0,198,8,MILK,12,0,0.0,0,0
90127343,1,198,8,MILK,12,0,0.0,0,0
90127343,0,229,9,WOOL,4,0,0.0,0,0
90127343,1,229,9,WOOL,4,0,0.0,0,0
90127343,0,256,10,MELON,6,0,0.0,0,0
90127343,1,256,10,MELON,6,0,0.0,0,0
90127343,0,257,10,MELON,6,0,0.0,0,0
90127343,1,257,10,MELON,6,0,0.0,0,0
90127343,0,259,10,MELON,6,0,0.0,0,0
90127343,1,259,10,MELON,16,0,0.0,0,0
90127343,1,260,10,MILK,3,3,615.0,205.0,0
90127343,0,262,10,MELON,6,0,0.0,0,0
90127343,1,262,10,MELON,11,0,0.0,0,0
90127343,0,264,11,MELON,18,0,0.0,0,0
90127343,1,264,11,MELON,27,18,4420.0,245.555556,0
90127343,1,264,11,MILK,6,6,1218.0,203.0,0
90127343,1,269,11,STRAWBERRY,4,0,0.0,0,0
90127343,0,280,11,WOOL,6,0,0.0,0,0
90127343,1,280,11,WOOL,6,0,0.0,0,0
90127343,0,292,12,STRAWBERRY,6,0,0.0,0,0
90127343,1,292,12,STRAWBERRY,6,0,0.0,0,0
90127343,1,292,12,MILK,9,0,0.0,0,0
90127343,1,294,12,MILK,12,0,0.0,0,0
90127343,1,295,12,MILK,20,0,0.0,0,0
90127343,0,296,12,MILK,3,3,649.0,216.333333,0
90127343,0,301,12,MILK,8,4,872.0,218.0,0
90127343,1,301,12,MILK,9,0,0.0,0,0
90127343,0,302,12,MILK,3,0,0.0,0,0
90127343,1,302,12,MILK,6,0,0.0,0,0
90127343,0,306,12,MELON,6,0,0.0,0,0
90127343,1,306,12,MELON,12,0,0.0,0,0
90127343,1,308,12,MILK,2,0,0.0,0,0
90127343,1,309,12,MILK,1,1,214.0,214.0,0
90127343,0,309,12,WOOL,4,0,0.0,0,0
90127343,1,309,12,WOOL,5,0,0.0,0,0
90127343,1,312,13,MILK,3,3,639.0,213.0,0
90127343,0,319,13,MILK,20,6,1284.0,214.0,0
90127343,1,323,13,MILK,3,0,0.0,0,0
90127343,0,324,13,MILK,4,0,0.0,0,0
90127343,1,324,13,MILK,1,0,0.0,0,0
90127343,1,325,13,MILK,3,0,0.0,0,0
90127343,1,326,13,MILK,3,3,639.0,213.0,0
90127343,1,341,14,MILK,3,0,0.0,0,0
90127343,1,343,14,MILK,3,0,0.0,0,0
90127343,1,344,14,MILK,4,0,0.0,0,0
90127343,1,347,14,MILK,3,0,0.0,0,0
90127343,0,347,14,WOOL,7,0,0.0,0,0
90127343,1,348,14,MILK,4,0,0.0,0,0
90127343,1,348,14,WOOL,13,6,1388.0,231.333333,0
90127343,0,349,14,MILK,4,4,884.0,221.0,0
90127343,0,353,14,MILK,4,2,441.0,220.5,0
90127343,0,353,14,WOOL,6,0,0.0,0,0
90127343,1,353,14,WOOL,6,0,0.0,0,0
90127343,1,354,14,MILK,6,6,1300.0,216.666667,0
90127343,0,354,14,WOOL,6,0,0.0,0,0
90127343,1,354,14,WOOL,6,0,0.0,0,0
90127343,0,358,14,WOOL,3,0,0.0,0,0
90127343,1,358,14,WOOL,7,0,0.0,0,0
90127343,0,359,14,MELON,6,0,0.0,0,0
90127343,1,359,14,MELON,6,6,1470.0,245.0,0
90127343,0,359,14,STRAWBERRY,4,0,0.0,0,0
90127343,1,359,14,STRAWBERRY,4,0,0.0,0,0
90127343,1,360,15,MELON,7,6,1451.0,241.833333,0
90127343,1,360,15,STRAWBERRY,4,4,770.0,192.5,0
90127343,1,360,15,MILK,3,3,645.0,215.0,0
90127343,1,360,15,WOOL,4,4,909.0,227.25,0
90127343,0,362,15,MELON,6,0,0.0,0,0
90127343,1,362,15,MELON,7,0,0.0,0,0
90127343,1,364,15,WOOL,4,0,0.0,0,0
90127343,1,365,15,MILK,9,0,0.0,0,0
90127343,1,366,15,WOOL,4,0,0.0,0,0
90127343,1,367,15,MILK,9,0,0.0,0,0
90127343,1,370,15,WOOL,9,0,0.0,0,0
90127343,1,371,15,MILK,12,0,0.0,0,0
90127343,0,373,15,WOOL,9,0,0.0,0,0
90127343,0,375,15,WOOL,6,0,0.0,0,0
90127343,1,375,15,WOOL,6,0,0.0,0,0
90127343,1,384,16,MILK,9,9,1993.0,221.444444,0
90127343,0,384,16,WOOL,8,6,1378.0,229.666667,0
90127343,1,384,16,WOOL,12,4,920.0,230.0,0
90127343,1,385,16,MILK,9,0,0.0,0,0
90127343,0,386,16,MILK,28,15,3244.0,216.266667,0
90127343,1,387,16,MILK,9,0,0.0,0,0
90127343,1,391,16,MILK,28,0,0.0,0,0
90127343,0,396,16,STRAWBERRY,4,0,0.0,0,0
90127343,0,396,16,MILK,9,0,0.0,0,0
90127343,0,407,16,WOOL,4,0,0.0,0,0
90127343,1,407,16,WOOL,4,0,0.0,0,0
90127343,1,408,17,STRAWBERRY,4,4,820.0,205.0,0
90127343,0,408,17,MILK,9,8,1718.0,214.75,0
90127343,1,408,17,MILK,18,9,1914.0,212.666667,0
90127343,1,409,17,MILK,9,0,0.0,0,0
90127343,1,411,17,MELON,1,0,0.0,0,0
90127343,1,415,17,STRAWBERRY,5,0,0.0,0,0
90127343,1,416,17,STRAWBERRY,3,0,0.0,0,0
90127343,1,417,17,STRAWBERRY,5,0,0.0,0,0
90127343,0,421,17,STRAWBERRY,3,0,0.0,0,0
90127343,1,421,17,STRAWBERRY,5,0,0.0,0,0
90127343,0,423,17,MELON,5,0,0.0,0,0
90127343,1,423,17,MELON,4,0,0.0,0,0
90127343,0,423,17,WOOL,4,0,0.0,0,0
90127343,1,423,17,WOOL,4,0,0.0,0,0
90127343,0,424,17,WOOL,4,0,0.0,0,0
90127343,1,424,17,WOOL,3,0,0.0,0,0
90127343,1,425,17,MILK,6,6,1292.0,215.333333,0
90127343,1,425,17,WOOL,1,1,234.0,234.0,0
90127343,1,429,17,WOOL,8,8,1865.0,233.125,0
90127343,0,431,17,MILK,4,0,0.0,0,0
90127343,0,432,18,STRAWBERRY,8,0,0.0,0,0
90127343,1,432,18,STRAWBERRY,8,8,1672.0,209.0,0
90127343,1,432,18,MILK,6,6,1275.0,212.5,0
90127343,1,432,18,WOOL,4,4,928.0,232.0,0
90127343,1,435,18,STRAWBERRY,8,0,0.0,0,0
90127343,1,436,18,MILK,3,0,0.0,0,0
90127343,1,437,18,STRAWBERRY,8,0,0.0,0,0
90127343,1,437,18,MILK,8,0,0.0,0,0
90127343,1,438,18,MILK,3,0,0.0,0,0
90127343,1,439,18,MILK,5,0,0.0,0,0
90127343,1,440,18,MILK,4,0,0.0,0,0
90127343,1,441,18,STRAWBERRY,17,0,0.0,0,0
90127343,1,442,18,MILK,3,0,0.0,0,0
90127343,1,443,18,MILK,5,0,0.0,0,0
90127343,1,443,18,WOOL,2,0,0.0,0,0
90127343,1,444,18,MILK,20,0,0.0,0,0
90127343,1,444,18,WOOL,2,0,0.0,0,0
90127343,0,445,18,STRAWBERRY,20,0,0.0,0,0
90127343,1,445,18,STRAWBERRY,20,0,0.0,0,0
90127343,1,445,18,WOOL,2,0,0.0,0,0
90127343,1,447,18,WOOL,2,0,0.0,0,0
90127343,1,448,18,WOOL,2,0,0.0,0,0
90127343,1,449,18,WOOL,2,0,0.0,0,0
90127343,0,450,18,STRAWBERRY,2,0,0.0,0,0
90127343,1,450,18,STRAWBERRY,1,0,0.0,0,0
90127343,1,450,18,MILK,6,0,0.0,0,0
90127343,0,450,18,WOOL,2,0,0.0,0,0
90127343,1,451,18,STRAWBERRY,1,1,214.0,214.0,0
90127343,0,451,18,MILK,12,5,1092.0,218.4,0
90127343,1,451,18,WOOL,4,4,934.0,233.5,0
90127343,0,454,18,STRAWBERRY,6,0,0.0,0,0
90127343,1,455,18,STRAWBERRY,6,6,1280.0,213.333333,0
90127343,1,455,18,WOOL,4,0,0.0,0,0
90127343,0,456,19,STRAWBERRY,6,0,0.0,0,0
90127343,1,456,19,STRAWBERRY,8,8,1685.0,210.625,0
90127343,0,456,19,MILK,9,9,1935.0,215.0,0
90127343,1,456,19,MILK,9,9,1875.0,208.333333,0
90127343,1,456,19,WOOL,1,0,0.0,0,0
90127343,1,457,19,WOOL,4,0,0.0,0,0
90127343,1,461,19,WOOL,4,0,0.0,0,0
90127343,1,463,19,STRAWBERRY,1,0,0.0,0,0
90127343,1,464,19,STRAWBERRY,1,0,0.0,0,0
90127343,1,465,19,STRAWBERRY,11,0,0.0,0,0
90127343,1,466,19,STRAWBERRY,2,0,0.0,0,0
90127343,1,466,19,WOOL,4,0,0.0,0,0
90127343,1,467,19,STRAWBERRY,10,0,0.0,0,0
90127343,1,468,19,STRAWBERRY,1,0,0.0,0,0
90127343,0,468,19,MILK,20,0,0.0,0,0
90127343,1,469,19,STRAWBERRY,1,0,0.0,0,0
90127343,1,469,19,MILK,9,0,0.0,0,0
90127343,1,470,19,STRAWBERRY,2,0,0.0,0,0
90127343,1,470,19,WOOL,4,0,0.0,0,0
90127343,1,471,19,STRAWBERRY,10,0,0.0,0,0
90127343,1,471,19,MILK,9,0,0.0,0,0
90127343,0,472,19,STRAWBERRY,1,0,0.0,0,0
90127343,1,472,19,STRAWBERRY,1,0,0.0,0,0
90127343,0,474,19,STRAWBERRY,4,0,0.0,0,0
90127343,1,474,19,STRAWBERRY,9,0,0.0,0,0
90127343,1,475,19,MILK,12,0,0.0,0,0
90127343,0,477,19,MILK,9,0,0.0,0,0
90127343,1,477,19,MILK,11,0,0.0,0,0
90127343,1,478,19,STRAWBERRY,6,0,0.0,0,0
90127343,1,480,20,STRAWBERRY,12,12,2556.0,213.0,0
90127343,0,480,20,MILK,15,12,2438.0,203.166667,0
90127343,1,480,20,MILK,30,15,3004.0,200.266667,0
90127343,0,481,20,STRAWBERRY,9,0,0.0,0,0
90127343,0,485,20,WOOL,4,2,474.0,237.0,0
90127343,0,488,20,STRAWBERRY,3,0,0.0,0,0
90127343,0,488,20,WOOL,4,0,0.0,0,0
90127343,0,491,20,STRAWBERRY,4,0,0.0,0,0
90127343,1,491,20,STRAWBERRY,4,0,0.0,0,0
90127343,1,491,20,WOOL,4,0,0.0,0,0
90127343,0,492,20,STRAWBERRY,12,0,0.0,0,0
90127343,1,492,20,STRAWBERRY,12,0,0.0,0,0
90127343,1,496,20,WOOL,4,4,948.0,237.0,0
90127343,0,497,20,STRAWBERRY,2,0,0.0,0,0
90127343,1,497,20,STRAWBERRY,2,0,0.0,0,0
90127343,1,497,20,WOOL,3,0,0.0,0,0
90127343,1,498,20,WOOL,1,1,236.0,236.0,0
90127343,0,499,20,STRAWBERRY,4,0,0.0,0,0
90127343,1,499,20,STRAWBERRY,4,0,0.0,0,0
90127343,1,500,20,MILK,3,3,612.0,204.0,0
90127343,0,501,20,STRAWBERRY,2,0,0.0,0,0
90127343,1,501,20,STRAWBERRY,2,0,0.0,0,0
90127343,1,501,20,MILK,3,0,0.0,0,0
90127343,0,501,20,WOOL,4,0,0.0,0,0
90127343,0,502,20,MELON,8,0,0.0,0,0
90127343,1,504,21,MELON,2,2,498.0,249.0,0
90127343,1,504,21,STRAWBERRY,35,14,2998.0,214.142857,0
90127343,1,504,21,MILK,3,3,603.0,201.0,0
90127343,1,504,21,WOOL,8,8,1889.0,236.125,0
90127343,0,505,21,STRAWBERRY,14,4,855.0,213.75,0
90127343,1,505,21,STRAWBERRY,27,0,0.0,0,0
90127343,1,506,21,MELON,2,0,0.0,0,0
90127343,1,510,21,MELON,2,0,0.0,0,0
90127343,1,516,21,MILK,2,0,0.0,0,0
90127343,0,517,21,MILK,3,3,643.0,214.333333,0
90127343,1,517,21,MILK,2,0,0.0,0,0
90127343,1,518,21,MILK,2,0,0.0,0,0
90127343,1,519,21,MILK,2,0,0.0,0,0
90127343,1,520,21,MILK,2,0,0.0,0,0
90127343,0,521,21,MILK,2,2,429.0,214.5,0
90127343,1,521,21,MILK,2,0,0.0,0,0
90127343,0,522,21,MELON,6,0,0.0,0,0
90127343,0,522,21,STRAWBERRY,2,0,0.0,0,0
90127343,0,522,21,WOOL,4,0,0.0,0,0
90127343,1,523,21,MILK,2,0,0.0,0,0
90127343,1,524,21,MILK,1,0,0.0,0,0
90127343,0,525,21,MILK,3,3,645.0,215.0,0
90127343,1,525,21,MILK,2,0,0.0,0,0
90127343,1,526,21,STRAWBERRY,4,0,0.0,0,0
90127343,1,526,21,MILK,1,1,212.0,212.0,0
90127343,1,526,21,WOOL,4,4,952.0,238.0,0
90127343,0,527,21,MELON,6,0,0.0,0,0
90127343,1,527,21,MELON,12,0,0.0,0,0
90127343,0,527,21,STRAWBERRY,2,0,0.0,0,0
90127343,1,527,21,STRAWBERRY,3,0,0.0,0,0
90127343,0,528,22,STRAWBERRY,14,0,0.0,0,0
90127343,1,528,22,STRAWBERRY,35,14,3059.0,218.5,0
90127343,1,528,22,MILK,11,11,2282.0,207.454545,0
90127343,1,531,22,STRAWBERRY,21,0,0.0,0,0
90127343,1,532,22,MILK,12,0,0.0,0,0
90127343,1,533,22,WOOL,24,0,0.0,0,0
90127343,1,535,22,MILK,15,0,0.0,0,0
90127343,1,536,22,WOOL,24,0,0.0,0,0
90127343,1,537,22,MILK,24,0,0.0,0,0
90127343,1,538,22,WOOL,24,0,0.0,0,0
90127343,0,541,22,MILK,20,10,2146.0,214.6,0
90127343,1,541,22,MILK,30,0,0.0,0,0
90127343,0,542,22,STRAWBERRY,2,0,0.0,0,0
90127343,1,542,22,WOOL,44,0,0.0,0,0
90127343,1,543,22,STRAWBERRY,3,0,0.0,0,0
90127343,0,545,22,MELON,3,0,0.0,0,0
90127343,1,546,22,MELON,6,6,1499.0,249.833333,0
90127343,0,546,22,MILK,12,0,0.0,0,0
90127343,0,547,22,STRAWBERRY,6,2,451.0,225.5,0
90127343,1,547,22,STRAWBERRY,11,2,451.0,225.5,0
90127343,1,547,22,MILK,3,3,630.0,210.0,0
90127343,0,548,22,STRAWBERRY,6,0,0.0,0,0
90127343,1,548,22,STRAWBERRY,9,0,0.0,0,0
90127343,1,548,22,MILK,3,3,623.0,207.666667,0
90127343,0,549,22,WOOL,14,4,956.0,239.0,0
90127343,1,549,22,WOOL,2,0,0.0,0,0
90127343,0,550,22,WOOL,12,0,0.0,0,0
90127343,1,550,22,WOOL,12,0,0.0,0,0
90127343,0,551,22,STRAWBERRY,4,0,0.0,0,0
90127343,1,551,22,STRAWBERRY,3,0,0.0,0,0
90127343,1,552,23,STRAWBERRY,13,13,2843.0,218.692308,0
90127343,1,552,23,MILK,3,3,623.0,207.666667,0
90127343,0,552,23,WOOL,8,0,0.0,0,0
90127343,1,552,23,WOOL,8,0,0.0,0,0
90127343,1,557,23,STRAWBERRY,12,0,0.0,0,0
90127343,1,558,23,MELON,6,0,0.0,0,0
90127343,1,559,23,MILK,5,0,0.0,0,0
90127343,1,560,23,STRAWBERRY,20,0,0.0,0,0
90127343,1,560,23,MILK,4,0,0.0,0,0
90127343,1,561,23,MELON,8,0,0.0,0,0
90127343,1,562,23,STRAWBERRY,20,0,0.0,0,0
90127343,1,562,23,MILK,5,0,0.0,0,0
90127343,1,563,23,MELON,8,0,0.0,0,0
90127343,1,564,23,MILK,5,0,0.0,0,0
90127343,1,565,23,MILK,1,0,0.0,0,0
90127343,0,566,23,STRAWBERRY,14,0,0.0,0,0
90127343,1,566,23,STRAWBERRY,21,0,0.0,0,0
90127343,0,566,23,MILK,3,3,659.0,219.666667,0
90127343,1,566,23,MILK,5,0,0.0,0,0
90127343,0,566,23,WOOL,4,0,0.0,0,0
90127343,1,566,23,WOOL,3,0,0.0,0,0
90127343,1,567,23,MELON,11,0,0.0,0,0
90127343,1,567,23,WOOL,1,1,240.0,240.0,0
90127343,0,568,23,WOOL,5,0,0.0,0,0
90127343,1,569,23,STRAWBERRY,8,2,450.0,225.0,0
90127343,1,569,23,MILK,1,0,0.0,0,0
90127343,0,569,23,WOOL,4,0,0.0,0,0
90127343,1,569,23,WOOL,4,4,960.0,240.0,0
90127343,0,570,23,STRAWBERRY,2,0,0.0,0,0
90127343,1,570,23,MILK,4,2,439.0,219.5,0
90127343,1,570,23,WOOL,4,4,960.0,240.0,0
90127343,1,571,23,MILK,2,0,0.0,0,0
90127343,0,573,23,STRAWBERRY,20,0,0.0,0,0
90127343,1,573,23,STRAWBERRY,9,0,0.0,0,0
90127343,0,573,23,MILK,3,3,659.0,219.666667,0
90127343,1,573,23,MILK,15,0,0.0,0,0
90127343,0,574,23,STRAWBERRY,7,0,0.0,0,0
90127343,0,575,23,STRAWBERRY,2,0,0.0,0,0
90127343,0,575,23,WOOL,15,0,0.0,0,0
90127343,1,576,24,MELON,14,6,1500.0,250.0,0
90127343,0,576,24,STRAWBERRY,25,2,426.0,213.0,0
90127343,1,576,24,STRAWBERRY,44,30,6565.0,218.833333,0
90127343,0,576,24,MILK,5,5,1085.0,217.0,0
90127343,1,576,24,MILK,12,12,2532.0,211.0,0
90127343,1,576,24,WOOL,8,8,1916.0,239.5,0
90127343,1,578,24,MELON,10,0,0.0,0,0
90127343,1,578,24,STRAWBERRY,52,0,0.0,0,0
90127343,0,579,24,STRAWBERRY,28,0,0.0,0,0
90127343,1,582,24,MELON,9,0,0.0,0,0
90127343,0,584,24,MELON,12,3,750.0,250.0,0
90127343,0,588,24,MELON,6,0,0.0,0,0
90127343,1,589,24,STRAWBERRY,5,2,442.0,221.0,0
90127343,1,589,24,WOOL,4,4,960.0,240.0,0
90127343,1,594,24,STRAWBERRY,6,0,0.0,0,0
90127343,0,594,24,MILK,1,1,222.0,222.0,0
90127343,0,595,24,STRAWBERRY,6,0,0.0,0,0
90127343,1,595,24,STRAWBERRY,6,0,0.0,0,0
90127343,0,596,24,STRAWBERRY,7,0,0.0,0,0
90127343,1,596,24,MILK,3,3,662.0,220.666667,0
90127343,1,597,24,STRAWBERRY,10,4,879.0,219.75,0
90127343,1,597,24,MILK,3,3,662.0,220.666667,0
90127343,0,599,24,MELON,6,0,0.0,0,0
90127343,1,599,24,MELON,8,0,0.0,0,0
90127343,1,599,24,STRAWBERRY,6,0,0.0,0,0
90127343,0,600,25,STRAWBERRY,11,3,655.0,218.333333,0
90127343,1,600,25,STRAWBERRY,53,21,4502.0,214.380952,0
90127343,1,600,25,MILK,3,3,657.0,219.0,0
90127343,1,603,25,MILK,8,0,0.0,0,0
90127343,1,604,25,MILK,8,0,0.0,0,0
90127343,1,605,25,MILK,5,0,0.0,0,0
90127343,1,606,25,MILK,8,0,0.0,0,0
90127343,1,607,25,MILK,19,0,0.0,0,0
90127343,1,608,25,MILK,8,0,0.0,0,0
90127343,1,608,25,WOOL,9,0,0.0,0,0
90127343,1,609,25,MILK,11,0,0.0,0,0
90127343,1,609,25,WOOL,9,0,0.0,0,0
90127343,1,610,25,WOOL,3,0,0.0,0,0
90127343,1,611,25,WOOL,9,0,0.0,0,0
90127343,1,612,25,MILK,8,0,0.0,0,0
90127343,1,612,25,WOOL,9,0,0.0,0,0
90127343,1,613,25,MILK,11,0,0.0,0,0
90127343,1,613,25,WOOL,9,0,0.0,0,0
90127343,0,614,25,WOOL,2,2,483.0,241.5,0
90127343,0,615,25,STRAWBERRY,10,0,0.0,0,0
90127343,0,616,25,MILK,3,3,687.0,229.0,0
90127343,0,617,25,STRAWBERRY,6,0,0.0,0,0
90127343,1,617,25,STRAWBERRY,9,0,0.0,0,0
90127343,1,617,25,MILK,18,0,0.0,0,0
90127343,1,617,25,WOOL,9,0,0.0,0,0
90127343,0,618,25,MILK,3,3,687.0,229.0,0
90127343,0,619,25,STRAWBERRY,6,0,0.0,0,0
90127343,1,619,25,STRAWBERRY,9,0,0.0,0,0
90127343,0,622,25,MELON,6,0,0.0,0,0
90127343,1,622,25,MELON,8,0,0.0,0,0
90127343,0,622,25,MILK,2,2,459.0,229.5,0
90127343,0,625,26,MELON,6,0,0.0,0,0
90127343,1,625,26,MELON,14,6,1500.0,250.0,0
90127343,1,625,26,STRAWBERRY,20,20,4341.0,217.05,0
90127343,0,625,26,MILK,30,13,2977.0,229.0,0
90127343,1,625,26,MILK,15,15,3311.0,220.733333,0
90127343,1,625,26,WOOL,1,0,0.0,0,0
90127343,1,627,26,WOOL,2,0,0.0,0,0
90127343,1,628,26,STRAWBERRY,20,0,0.0,0,0
90127343,1,629,26,MILK,15,0,0.0,0,0
90127343,1,631,26,STRAWBERRY,30,0,0.0,0,0
90127343,1,631,26,WOOL,12,0,0.0,0,0
90127343,1,632,26,MILK,19,0,0.0,0,0
90127343,1,633,26,STRAWBERRY,30,0,0.0,0,0
90127343,1,633,26,MILK,19,0,0.0,0,0
90127343,1,637,26,STRAWBERRY,30,0,0.0,0,0
90127343,1,637,26,MILK,38,0,0.0,0,0
90127343,0,641,26,WOOL,1,1,243.0,243.0,0
90127343,0,644,26,STRAWBERRY,20,0,0.0,0,0
90127343,0,649,27,MELON,6,0,0.0,0,0
90127343,1,649,27,MELON,14,6,1500.0,250.0,0
90127343,0,649,27,STRAWBERRY,15,4,897.0,224.25,0
90127343,1,649,27,STRAWBERRY,25,25,5475.0,219.0,0
90127343,1,649,27,MILK,9,9,2061.0,229.0,0
90127343,0,649,27,WOOL,20,1,243.0,243.0,0
90127343,1,649,27,WOOL,20,20,4852.0,242.6,0
90127343,1,652,27,MILK,9,0,0.0,0,0
90127343,1,653,27,WOOL,1,0,0.0,0,0
90127343,1,654,27,STRAWBERRY,3,0,0.0,0,0
90127343,1,654,27,WOOL,1,0,0.0,0,0
90127343,1,655,27,STRAWBERRY,3,0,0.0,0,0
90127343,1,655,27,MILK,11,0,0.0,0,0
90127343,1,655,27,WOOL,1,0,0.0,0,0
90127343,1,656,27,STRAWBERRY,3,0,0.0,0,0
90127343,1,656,27,WOOL,1,0,0.0,0,0
90127343,1,657,27,STRAWBERRY,3,0,0.0,0,0
90127343,1,657,27,MILK,11,0,0.0,0,0
90127343,1,657,27,WOOL,1,0,0.0,0,0
90127343,1,658,27,STRAWBERRY,3,0,0.0,0,0
90127343,1,658,27,WOOL,1,0,0.0,0,0
90127343,1,659,27,STRAWBERRY,3,0,0.0,0,0
90127343,1,659,27,WOOL,1,0,0.0,0,0
90127343,1,660,27,STRAWBERRY,3,0,0.0,0,0
90127343,1,660,27,WOOL,1,0,0.0,0,0
90127343,1,661,27,STRAWBERRY,3,0,0.0,0,0
90127343,0,661,27,MILK,10,9,2081.0,231.222222,0
90127343,1,661,27,MILK,12,0,0.0,0,0
90127343,1,661,27,WOOL,1,0,0.0,0,0
90127343,1,662,27,STRAWBERRY,12,0,0.0,0,0
90127343,0,662,27,MILK,1,0,0.0,0,0
90127343,1,663,27,STRAWBERRY,14,0,0.0,0,0
90127343,1,664,27,STRAWBERRY,12,0,0.0,0,0
90127343,1,665,27,STRAWBERRY,6,0,0.0,0,0
90127343,1,667,27,MILK,5,0,0.0,0,0
90127343,1,668,27,STRAWBERRY,12,0,0.0,0,0
90127343,1,669,27,STRAWBERRY,6,0,0.0,0,0
90127343,0,670,27,MILK,15,0,0.0,0,0
90127343,1,670,27,MILK,19,0,0.0,0,0
90127343,0,673,28,MELON,2,2,516.0,258.0,0
90127343,1,673,28,MELON,12,12,2996.0,249.666667,0
90127343,1,673,28,STRAWBERRY,15,15,3349.0,223.266667,0
90127343,0,673,28,MILK,4,4,906.0,226.5,0
90127343,1,673,28,MILK,30,15,3475.0,231.666667,0
90127343,0,673,28,WOOL,1,1,243.0,243.0,0
90127343,1,673,28,WOOL,4,4,972.0,243.0,0
90127343,1,674,28,MILK,10,0,0.0,0,0
90127343,1,676,28,STRAWBERRY,4,0,0.0,0,0
90127343,1,677,28,STRAWBERRY,4,0,0.0,0,0
90127343,1,678,28,STRAWBERRY,4,0,0.0,0,0
90127343,1,678,28,MILK,10,0,0.0,0,0
90127343,1,679,28,STRAWBERRY,4,0,0.0,0,0
90127343,1,681,28,STRAWBERRY,4,0,0.0,0,0
90127343,1,682,28,STRAWBERRY,18,0,0.0,0,0
90127343,1,685,28,STRAWBERRY,4,0,0.0,0,0
90127343,0,685,28,MILK,3,2,464.0,232.0,0
90127343,1,685,28,MILK,11,0,0.0,0,0
90127343,1,686,28,STRAWBERRY,34,0,0.0,0,0
90127343,0,686,28,MILK,12,0,0.0,0,0
90127343,1,686,28,MILK,16,0,0.0,0,0
90127343,1,688,28,STRAWBERRY,4,0,0.0,0,0
90127343,0,689,28,STRAWBERRY,23,0,0.0,0,0
90127343,1,689,28,STRAWBERRY,9,0,0.0,0,0
90127343,0,690,28,STRAWBERRY,14,0,0.0,0,0
90127343,1,690,28,STRAWBERRY,21,0,0.0,0,0
90127343,1,694,28,MELON,12,0,0.0,0,0
90127343,1,694,28,WOOL,15,0,0.0,0,0
90127343,1,697,29,MELON,15,0,0.0,0,0
90127343,0,697,29,STRAWBERRY,13,3,680.0,226.666667,0
90127343,1,697,29,STRAWBERRY,33,13,2980.0,229.230769,0
90127343,0,697,29,MILK,9,9,2106.0,234.0,0
90127343,1,697,29,MILK,20,9,2106.0,234.0,0
90127343,1,697,29,WOOL,20,0,0.0,0,0
90127343,1,698,29,MILK,11,0,0.0,0,0
90127343,1,699,29,WOOL,22,0,0.0,0,0
90127343,1,702,29,MILK,14,0,0.0,0,0
90127343,0,703,29,MILK,3,0,0.0,0,0
90127343,1,703,29,MILK,4,0,0.0,0,0
90127343,0,703,29,WOOL,12,3,732.0,244.0,0
90127343,1,703,29,WOOL,24,0,0.0,0,0
90127343,1,707,29,MELON,1,0,0.0,0,0
90127343,1,709,29,MELON,10,0,0.0,0,0
90127343,0,709,29,WOOL,12,0,0.0,0,0
90127343,1,709,29,WOOL,12,0,0.0,0,0
90127343,1,710,29,MELON,4,0,0.0,0,0
90127343,0,710,29,MILK,9,0,0.0,0,0
90127343,1,710,29,MILK,11,0,0.0,0,0
90127343,1,711,29,MELON,1,0,0.0,0,0
90127343,0,711,29,MILK,3,0,0.0,0,0
90127343,0,712,29,MILK,12,0,0.0,0,0
90127343,1,712,29,MILK,15,0,0.0,0,0
90127343,0,712,29,WOOL,20,0,0.0,0,0
90127343,1,712,29,WOOL,20,0,0.0,0,0
90127343,1,713,29,MELON,10,0,0.0,0,0
90127343,0,713,29,STRAWBERRY,12,0,0.0,0,0
90127343,1,713,29,STRAWBERRY,9,0,0.0,0,0
90127343,1,713,29,MILK,4,0,0.0,0,0
90127343,0,714,29,MELON,10,2,500.0,250.0,0
90127343,1,714,29,MELON,4,0,0.0,0,0
90127343,0,714,29,MILK,3,0,0.0,0,0
90127343,1,715,29,MILK,4,0,0.0,0,0
90127343,0,715,29,WOOL,12,0,0.0,0,0
90127343,1,715,29,WOOL,12,0,0.0,0,0
90127343,0,716,29,MILK,3,0,0.0,0,0
90127343,1,716,29,MILK,3,0,0.0,0,0
90127343,1,717,29,STRAWBERRY,3,0,0.0,0,0
90128745,1,76,3,MELON,6,0,0.0,0,0
90128745,1,77,3,MELON,5,0,0.0,0,0
90128745,1,98,4,MELON,4,0,0.0,0,0
90128745,0,154,6,WOOL,6,0,0.0,0,0
90128745,1,158,6,WOOL,6,0,0.0,0,0
90128745,1,195,8,MILK,8,0,0.0,0,0
90128745,0,197,8,MILK,6,0,0.0,0,0
90128745,0,198,8,MILK,6,0,0.0,0,0
90128745,1,198,8,MILK,12,0,0.0,0,0
90128745,0,199,8,MILK,6,0,0.0,0,0
90128745,1,229,9,WOOL,4,0,0.0,0,0
90128745,0,238,9,WOOL,4,0,0.0,0,0
90128745,0,254,10,MELON,6,0,0.0,0,0
90128745,1,256,10,MELON,6,0,0.0,0,0
90128745,1,257,10,MELON,6,0,0.0,0,0
90128745,0,259,10,MELON,6,0,0.0,0,0
90128745,1,259,10,MELON,16,0,0.0,0,0
90128745,0,259,10,MILK,3,0,0.0,0,0
90128745,1,262,10,MELON,11,0,0.0,0,0
90128745,0,262,10,MILK,3,0,0.0,0,0
90128745,0,263,10,MELON,12,0,0.0,0,0
90128745,1,264,11,MELON,27,12,2894.0,241.166667,0
90128745,0,265,11,MELON,18,18,4171.0,231.722222,0
90128745,0,265,11,MILK,3,3,456.0,152.0,0
90128745,1,269,11,STRAWBERRY,4,0,0.0,0,0
90128745,0,272,11,WOOL,6,0,0.0,0,0
90128745,1,280,11,WOOL,6,0,0.0,0,0
90128745,1,292,12,STRAWBERRY,6,0,0.0,0,0
90128745,1,293,12,MILK,9,9,1500.0,166.666667,0
90128745,1,294,12,MILK,12,0,0.0,0,0
90128745,1,295,12,MILK,20,0,0.0,0,0
90128745,1,301,12,MILK,9,0,0.0,0,0
90128745,1,302,12,MILK,6,0,0.0,0,0
90128745,0,306,12,MELON,6,0,0.0,0,0
90128745,1,306,12,MELON,12,0,0.0,0,0
90128745,0,306,12,MILK,3,0,0.0,0,0
90128745,0,307,12,WOOL,4,0,0.0,0,0
90128745,1,308,12,MILK,2,0,0.0,0,0
90128745,1,309,12,WOOL,5,0,0.0,0,0
90128745,0,313,13,MILK,6,6,891.0,148.5,0
90128745,0,319,13,MILK,6,0,0.0,0,0
90128745,1,324,13,MILK,3,3,393.0,131.0,0
90128745,1,325,13,MILK,3,1,133.0,133.0,0
90128745,0,340,14,WOOL,6,0,0.0,0,0
90128745,1,342,14,MILK,3,3,411.0,137.0,0
90128745,0,342,14,WOOL,6,0,0.0,0,0
90128745,1,343,14,MILK,3,1,133.0,133.0,0
90128745,0,343,14,WOOL,6,0,0.0,0,0
90128745,0,344,14,MILK,6,0,0.0,0,0
90128745,1,344,14,MILK,4,0,0.0,0,0
90128745,1,347,14,MILK,3,0,0.0,0,0
90128745,1,348,14,MILK,4,0,0.0,0,0
90128745,1,348,14,WOOL,7,6,1446.0,241.0,0
90128745,0,349,14,MELON,6,0,0.0,0,0
90128745,0,350,14,WOOL,6,0,0.0,0,0
90128745,1,353,14,WOOL,6,0,0.0,0,0
90128745,1,354,14,WOOL,6,0,0.0,0,0
90128745,1,358,14,WOOL,7,0,0.0,0,0
90128745,1,359,14,MELON,6,6,1295.0,215.833333,0
90128745,1,359,14,STRAWBERRY,4,0,0.0,0,0
90128745,1,360,15,MELON,7,6,1250.0,208.333333,0
90128745,0,360,15,STRAWBERRY,4,4,861.0,215.25,0
90128745,0,361,15,MILK,3,3,405.0,135.0,0
90128745,0,361,15,WOOL,4,4,958.0,239.5,0
90128745,1,362,15,MELON,7,0,0.0,0,0
90128745,1,365,15,WOOL,4,4,956.0,239.0,0
90128745,1,366,15,MILK,9,9,1119.0,124.333333,0
90128745,1,366,15,WOOL,4,0,0.0,0,0
90128745,1,367,15,MILK,9,0,0.0,0,0
90128745,1,370,15,WOOL,9,0,0.0,0,0
90128745,1,371,15,MILK,12,0,0.0,0,0
90128745,1,375,15,WOOL,6,0,0.0,0,0
90128745,0,380,15,MILK,6,0,0.0,0,0
90128745,0,380,15,WOOL,4,0,0.0,0,0
90128745,1,384,16,WOOL,8,4,958.0,239.5,0
90128745,0,385,16,MILK,3,3,354.0,118.0,0
90128745,1,386,16,MILK,9,9,949.0,105.444444,0
90128745,1,387,16,MILK,9,0,0.0,0,0
90128745,1,391,16,MILK,28,0,0.0,0,0
90128745,0,401,16,MILK,3,0,0.0,0,0
90128745,0,406,16,STRAWBERRY,2,0,0.0,0,0
90128745,1,407,16,WOOL,4,0,0.0,0,0
90128745,1,408,17,MILK,9,9,855.0,95.0,0
90128745,0,409,17,STRAWBERRY,2,2,452.0,226.0,0
90128745,0,409,17,MILK,6,6,513.0,85.5,0
90128745,1,409,17,MILK,9,0,0.0,0,0
90128745,1,411,17,MELON,1,0,0.0,0,0
90128745,1,416,17,STRAWBERRY,5,5,1128.0,225.6,0
90128745,1,417,17,STRAWBERRY,5,3,675.0,225.0,0
90128745,0,418,17,MILK,6,0,0.0,0,0
90128745,0,420,17,MELON,6,0,0.0,0,0
90128745,0,420,17,WOOL,4,0,0.0,0,0
90128745,1,421,17,STRAWBERRY,5,0,0.0,0,0
90128745,1,423,17,MELON,4,0,0.0,0,0
90128745,1,423,17,WOOL,4,0,0.0,0,0
90128745,1,424,17,WOOL,3,0,0.0,0,0
90128745,0,427,17,MILK,3,0,0.0,0,0
90128745,0,432,18,STRAWBERRY,8,8,1807.0,225.875,0
90128745,0,433,18,MILK,3,3,234.0,78.0,0
90128745,0,433,18,WOOL,16,16,3850.0,240.625,0
90128745,1,436,18,STRAWBERRY,8,8,1799.0,224.875,0
90128745,1,437,18,STRAWBERRY,8,0,0.0,0,0
90128745,1,437,18,MILK,3,3,222.0,74.0,0
90128745,1,438,18,MILK,8,8,499.0,62.375,0
90128745,1,439,18,MILK,5,1,53.0,53.0,0
90128745,1,440,18,MILK,4,0,0.0,0,0
90128745,1,441,18,STRAWBERRY,17,0,0.0,0,0
90128745,0,441,18,MILK,6,0,0.0,0,0
90128745,1,442,18,MILK,3,0,0.0,0,0
90128745,1,443,18,MILK,5,0,0.0,0,0
90128745,1,444,18,MILK,20,0,0.0,0,0
90128745,1,444,18,WOOL,2,2,480.0,240.0,0
90128745,1,445,18,STRAWBERRY,20,0,0.0,0,0
90128745,1,445,18,WOOL,2,2,480.0,240.0,0
90128745,1,448,18,WOOL,2,2,480.0,240.0,0
90128745,1,449,18,WOOL,2,2,480.0,240.0,0
90128745,1,450,18,STRAWBERRY,1,0,0.0,0,0
90128745,1,450,18,MILK,6,0,0.0,0,0
90128745,0,452,18,MILK,3,0,0.0,0,0
90128745,0,452,18,WOOL,4,0,0.0,0,0
90128745,0,455,18,STRAWBERRY,4,0,0.0,0,0
90128745,0,456,19,STRAWBERRY,12,12,2706.0,225.5,0
90128745,1,456,19,WOOL,4,4,960.0,240.0,0
90128745,1,457,19,WOOL,4,4,960.0,240.0,0
90128745,0,460,19,MILK,6,0,0.0,0,0
90128745,1,460,19,WOOL,1,1,240.0,240.0,0
90128745,1,461,19,WOOL,4,0,0.0,0,0
90128745,1,464,19,STRAWBERRY,1,1,226.0,226.0,0
90128745,1,465,19,STRAWBERRY,1,1,227.0,227.0,0
90128745,1,466,19,STRAWBERRY,10,10,2248.0,224.8,0
90128745,1,466,19,WOOL,4,0,0.0,0,0
90128745,1,467,19,STRAWBERRY,10,3,668.0,222.666667,0
90128745,0,467,19,MILK,9,0,0.0,0,0
90128745,1,468,19,STRAWBERRY,1,0,0.0,0,0
90128745,1,469,19,STRAWBERRY,1,0,0.0,0,0
90128745,1,470,19,STRAWBERRY,2,0,0.0,0,0
90128745,1,470,19,MILK,9,9,194.0,21.555556,0
90128745,1,470,19,WOOL,4,0,0.0,0,0
90128745,1,471,19,STRAWBERRY,10,0,0.0,0,0
90128745,1,471,19,MILK,9,0,0.0,0,0
90128745,1,472,19,STRAWBERRY,1,0,0.0,0,0
90128745,1,474,19,STRAWBERRY,9,0,0.0,0,0
90128745,1,475,19,MILK,12,0,0.0,0,0
90128745,1,477,19,MILK,11,0,0.0,0,0
90128745,0,478,19,STRAWBERRY,6,0,0.0,0,0
90128745,1,478,19,STRAWBERRY,6,0,0.0,0,0
90128745,0,480,20,STRAWBERRY,12,12,2634.0,219.5,0
90128745,1,481,20,STRAWBERRY,12,12,2614.0,217.833333,0
90128745,0,481,20,MILK,6,6,48.0,8.0,0
90128745,1,482,20,STRAWBERRY,12,0,0.0,0,0
90128745,1,484,20,MILK,15,15,15.0,1.0,15
90128745,1,485,20,MILK,15,0,0.0,0,0
90128745,1,486,20,STRAWBERRY,20,0,0.0,0,0
90128745,1,488,20,STRAWBERRY,3,0,0.0,0,0
90128745,1,489,20,MILK,15,0,0.0,0,0
90128745,1,492,20,STRAWBERRY,2,2,435.0,217.5,0
90128745,1,493,20,STRAWBERRY,2,0,0.0,0,0
90128745,1,494,20,STRAWBERRY,4,0,0.0,0,0
90128745,1,497,20,STRAWBERRY,2,0,0.0,0,0
90128745,1,498,20,STRAWBERRY,7,0,0.0,0,0
90128745,0,499,20,STRAWBERRY,6,0,0.0,0,0
90128745,1,499,20,STRAWBERRY,4,0,0.0,0,0
90128745,0,499,20,MILK,3,0,0.0,0,0
90128745,1,501,20,STRAWBERRY,2,0,0.0,0,0
90128745,0,502,20,STRAWBERRY,4,0,0.0,0,0
90128745,0,503,20,MILK,3,0,0.0,0,0
90128745,0,503,20,WOOL,4,0,0.0,0,0
90128745,1,504,21,STRAWBERRY,14,14,2976.0,212.571429,0
90128745,1,505,21,MELON,2,2,457.0,228.5,0
90128745,0,505,21,STRAWBERRY,8,8,1691.0,211.375,0
90128745,1,505,21,STRAWBERRY,18,0,0.0,0,0
90128745,0,505,21,MILK,3,3,51.0,17.0,0
90128745,0,505,21,WOOL,16,16,3865.0,241.5625,0
90128745,1,506,21,MELON,2,0,0.0,0,0
90128745,1,510,21,MELON,2,0,0.0,0,0
90128745,1,520,21,MILK,2,2,66.0,33.0,0
90128745,1,521,21,MILK,2,2,66.0,33.0,0
90128745,0,524,21,STRAWBERRY,6,0,0.0,0,0
90128745,1,524,21,MILK,2,2,58.0,29.0,0
90128745,0,525,21,MELON,6,0,0.0,0,0
90128745,0,525,21,STRAWBERRY,2,0,0.0,0,0
90128745,0,525,21,MILK,3,0,0.0,0,0
90128745,1,525,21,MILK,2,2,58.0,29.0,0
90128745,1,526,21,STRAWBERRY,3,0,0.0,0,0
90128745,1,527,21,MELON,10,0,0.0,0,0
90128745,0,527,21,STRAWBERRY,2,0,0.0,0,0
90128745,1,527,21,STRAWBERRY,2,0,0.0,0,0
90128745,0,527,21,MILK,6,0,0.0,0,0
90128745,1,528,22,STRAWBERRY,14,14,2965.0,211.785714,0
90128745,0,529,22,STRAWBERRY,18,18,3755.0,208.611111,0
90128745,0,529,22,MILK,5,5,75.0,15.0,0
90128745,0,529,22,WOOL,4,4,968.0,242.0,0
90128745,1,531,22,STRAWBERRY,14,0,0.0,0,0
90128745,1,536,22,MILK,15,15,57.0,3.8,9
90128745,1,537,22,MILK,19,0,0.0,0,0
90128745,1,537,22,WOOL,24,24,5797.0,241.541667,0
90128745,1,538,22,WOOL,24,0,0.0,0,0
90128745,1,541,22,MILK,24,0,0.0,0,0
90128745,1,542,22,WOOL,44,0,0.0,0,0
90128745,1,543,22,STRAWBERRY,2,0,0.0,0,0
90128745,0,543,22,MILK,6,0,0.0,0,0
90128745,0,547,22,MELON,6,0,0.0,0,0
90128745,1,547,22,STRAWBERRY,6,2,425.0,212.5,0
90128745,0,548,22,STRAWBERRY,6,0,0.0,0,0
90128745,1,548,22,STRAWBERRY,6,0,0.0,0,0
90128745,1,549,22,WOOL,2,0,0.0,0,0
90128745,0,550,22,STRAWBERRY,5,0,0.0,0,0
90128745,1,550,22,WOOL,12,0,0.0,0,0
90128745,0,551,22,STRAWBERRY,4,0,0.0,0,0
90128745,1,551,22,STRAWBERRY,2,0,0.0,0,0
90128745,1,552,23,WOOL,8,0,0.0,0,0
90128745,0,553,23,STRAWBERRY,8,8,1637.0,204.625,0
90128745,0,553,23,MILK,3,3,72.0,24.0,0
90128745,1,561,23,STRAWBERRY,13,13,2646.0,203.538462,0
90128745,1,562,23,MELON,6,6,1335.0,222.5,0
90128745,1,562,23,STRAWBERRY,13,0,0.0,0,0
90128745,1,562,23,MILK,4,4,100.0,25.0,0
90128745,1,563,23,MELON,6,0,0.0,0,0
90128745,0,564,23,MILK,6,0,0.0,0,0
90128745,1,565,23,MILK,4,4,64.0,16.0,0
90128745,1,566,23,STRAWBERRY,14,0,0.0,0,0
90128745,1,566,23,MILK,4,1,11.0,11.0,0
90128745,1,566,23,WOOL,3,0,0.0,0,0
90128745,1,567,23,MELON,9,0,0.0,0,0
90128745,0,567,23,MILK,3,0,0.0,0,0
90128745,0,567,23,WOOL,8,0,0.0,0,0
90128745,1,569,23,STRAWBERRY,4,2,409.0,204.5,0
90128745,1,569,23,MILK,1,0,0.0,0,0
90128745,0,571,23,STRAWBERRY,6,0,0.0,0,0
90128745,1,572,23,MILK,2,2,8.0,4.0,0
90128745,1,573,23,STRAWBERRY,6,0,0.0,0,0
90128745,1,573,23,MILK,12,0,0.0,0,0
90128745,0,574,23,STRAWBERRY,6,0,0.0,0,0
90128745,0,574,23,WOOL,4,0,0.0,0,0
90128745,1,576,24,MELON,6,6,1323.0,220.5,0
90128745,0,576,24,STRAWBERRY,29,29,5313.0,183.206897,0
90128745,1,576,24,STRAWBERRY,29,29,5313.0,183.206897,0
90128745,0,577,24,MELON,6,6,1309.0,218.166667,0
90128745,0,577,24,MILK,6,6,84.0,14.0,0
90128745,0,577,24,WOOL,8,8,1936.0,242.0,0
90128745,1,578,24,MELON,8,0,0.0,0,0
90128745,1,578,24,STRAWBERRY,35,0,0.0,0,0
90128745,1,582,24,MELON,7,0,0.0,0,0
90128745,0,585,24,MELON,12,0,0.0,0,0
90128745,0,585,24,MILK,3,0,0.0,0,0
90128745,0,589,24,MELON,6,0,0.0,0,0
90128745,1,589,24,STRAWBERRY,2,2,361.0,180.5,0
90128745,0,591,24,MELON,12,0,0.0,0,0
90128745,0,592,24,STRAWBERRY,6,0,0.0,0,0
90128745,1,594,24,STRAWBERRY,4,0,0.0,0,0
90128745,1,595,24,STRAWBERRY,4,0,0.0,0,0
90128745,1,598,24,STRAWBERRY,4,4,712.0,178.0,0
90128745,1,599,24,MELON,6,0,0.0,0,0
90128745,0,599,24,STRAWBERRY,2,0,0.0,0,0
90128745,1,599,24,STRAWBERRY,4,0,0.0,0,0
90128745,0,600,25,STRAWBERRY,18,18,2914.0,161.888889,0
90128745,1,600,25,STRAWBERRY,21,20,3197.0,159.85,0
90128745,0,601,25,MILK,6,6,300.0,50.0,0
90128745,0,601,25,WOOL,4,4,972.0,243.0,0
90128745,1,607,25,MILK,6,6,261.0,43.5,0
90128745,0,608,25,MELON,6,0,0.0,0,0
90128745,1,608,25,MILK,15,15,323.0,21.533333,0
90128745,1,609,25,MILK,9,0,0.0,0,0
90128745,1,612,25,MILK,6,0,0.0,0,0
90128745,1,612,25,WOOL,9,9,2185.0,242.777778,0
90128745,1,613,25,MILK,9,0,0.0,0,0
90128745,1,613,25,WOOL,9,9,2182.0,242.444444,0
90128745,1,616,25,WOOL,3,3,726.0,242.0,0
90128745,1,617,25,STRAWBERRY,6,0,0.0,0,0
90128745,1,617,25,MILK,14,0,0.0,0,0
90128745,1,617,25,WOOL,9,0,0.0,0,0
90128745,0,618,25,MELON,6,0,0.0,0,0
90128745,0,618,25,STRAWBERRY,4,0,0.0,0,0
90128745,0,618,25,MILK,3,0,0.0,0,0
90128745,1,619,25,STRAWBERRY,6,0,0.0,0,0
90128745,0,620,25,STRAWBERRY,6,0,0.0,0,0
90128745,1,622,25,MELON,6,0,0.0,0,0
90128745,0,622,25,STRAWBERRY,7,0,0.0,0,0
90128745,0,622,25,MILK,3,0,0.0,0,0
90128745,0,623,25,STRAWBERRY,6,0,0.0,0,0
90128745,1,625,26,MELON,6,6,894.0,149.0,0
90128745,0,625,26,STRAWBERRY,12,12,1628.0,135.666667,0
90128745,0,625,26,MILK,9,9,288.0,32.0,0
90128745,1,625,26,WOOL,1,0,0.0,0,0
90128745,1,627,26,WOOL,2,0,0.0,0,0
90128745,1,631,26,WOOL,12,0,0.0,0,0
90128745,0,632,26,MILK,6,0,0.0,0,0
90128745,1,632,26,MILK,15,15,201.0,13.4,2
90128745,1,633,26,STRAWBERRY,20,20,2317.0,115.85,0
90128745,1,633,26,MILK,15,0,0.0,0,0
90128745,0,636,26,WOOL,8,0,0.0,0,0
90128745,1,637,26,STRAWBERRY,20,0,0.0,0,0
90128745,1,637,26,MILK,30,0,0.0,0,0
90128745,0,642,26,STRAWBERRY,6,0,0.0,0,0
90128745,0,642,26,WOOL,4,0,0.0,0,0
90128745,1,649,27,MELON,6,6,918.0,153.0,0
90128745,0,649,27,STRAWBERRY,9,9,1112.0,123.555556,0
90128745,0,649,27,MILK,3,3,141.0,47.0,0
90128745,0,649,27,WOOL,8,8,1944.0,243.0,0
90128745,1,656,27,MILK,9,9,363.0,40.333333,0
90128745,1,657,27,STRAWBERRY,2,2,267.0,133.5,0
90128745,1,657,27,MILK,9,0,0.0,0,0
90128745,1,657,27,WOOL,1,1,243.0,243.0,0
90128745,1,660,27,WOOL,1,1,243.0,243.0,0
90128745,1,661,27,STRAWBERRY,2,2,289.0,144.5,0
90128745,1,661,27,MILK,10,0,0.0,0,0
90128745,1,661,27,WOOL,1,1,243.0,243.0,0
90128745,1,663,27,STRAWBERRY,8,8,1074.0,134.25,0
90128745,1,664,27,STRAWBERRY,11,11,1193.0,108.454545,0
90128745,1,665,27,STRAWBERRY,4,0,0.0,0,0
90128745,1,667,27,MILK,4,0,0.0,0,0
90128745,1,668,27,STRAWBERRY,8,0,0.0,0,0
90128745,0,669,27,MELON,6,0,0.0,0,0
90128745,1,669,27,STRAWBERRY,4,0,0.0,0,0
90128745,1,670,27,MILK,15,0,0.0,0,0
90128745,0,671,27,STRAWBERRY,7,0,0.0,0,0
90128745,0,671,27,MILK,3,0,0.0,0,0
90128745,0,672,28,STRAWBERRY,10,10,902.0,90.2,0
90128745,0,673,28,MELON,6,6,870.0,145.0,0
90128745,0,673,28,MILK,12,12,622.0,51.833333,0
90128745,1,673,28,MILK,4,4,276.0,69.0,0
90128745,0,673,28,WOOL,4,4,973.0,243.25,0
90128745,1,674,28,MILK,8,8,248.0,31.0,0
90128745,1,678,28,MILK,8,3,78.0,26.0,0
90128745,1,681,28,STRAWBERRY,3,3,325.0,108.333333,0
90128745,1,682,28,STRAWBERRY,12,12,1129.0,94.083333,0
90128745,1,685,28,STRAWBERRY,3,0,0.0,0,0
90128745,1,685,28,MILK,9,0,0.0,0,0
90128745,1,686,28,STRAWBERRY,23,0,0.0,0,0
90128745,1,686,28,MILK,13,0,0.0,0,0
90128745,1,688,28,STRAWBERRY,3,0,0.0,0,0
90128745,1,689,28,STRAWBERRY,6,0,0.0,0,0
90128745,1,690,28,STRAWBERRY,14,0,0.0,0,0
90128745,0,696,29,STRAWBERRY,13,13,1310.0,100.769231,0
90128745,0,696,29,MILK,9,9,420.0,46.666667,0
90128745,1,697,29,STRAWBERRY,13,13,1186.0,91.230769,0
90128745,1,698,29,MILK,9,9,382.0,42.444444,0
90128745,1,699,29,WOOL,22,21,5120.0,243.809524,0
90128745,1,702,29,MILK,11,0,0.0,0,0
90128745,1,703,29,MILK,3,0,0.0,0,0
90128745,1,703,29,WOOL,24,0,0.0,0,0
90128745,1,707,29,MELON,1,1,154.0,154.0,0
90128745,1,709,29,MELON,8,8,1224.0,153.0,0
90128745,1,709,29,WOOL,12,0,0.0,0,0
90128745,1,710,29,MELON,3,3,426.0,142.0,0
90128745,1,710,29,MILK,9,0,0.0,0,0
90128745,1,711,29,MELON,1,0,0.0,0,0
90128745,1,712,29,MILK,12,0,0.0,0,0
90128745,0,712,29,WOOL,12,0,0.0,0,0
90128745,1,712,29,WOOL,20,0,0.0,0,0
90128745,1,713,29,MELON,8,0,0.0,0,0
90128745,1,713,29,STRAWBERRY,6,0,0.0,0,0
90128745,0,713,29,MILK,6,0,0.0,0,0
90128745,1,713,29,MILK,3,0,0.0,0,0
90128745,0,713,29,WOOL,4,0,0.0,0,0
90128745,1,714,29,MELON,3,0,0.0,0,0
90128745,0,714,29,MILK,3,0,0.0,0,0
90128745,1,715,29,MILK,3,0,0.0,0,0
90128745,1,715,29,WOOL,12,0,0.0,0,0
90128745,0,717,29,STRAWBERRY,4,0,0.0,0,0
90128745,1,717,29,STRAWBERRY,3,0,0.0,0,0
90128745,0,717,29,MILK,3,0,0.0,0,0
90128745,1,717,29,MILK,3,0,0.0,0,0
90128745,0,718,29,MILK,3,0,0.0,0,0
90128745,0,719,29,MILK,3,0,0.0,0,0
90128767,1,76,3,MELON,8,0,0.0,0,0
90128767,1,77,3,MELON,6,0,0.0,0,0
90128767,1,98,4,MELON,5,0,0.0,0,0
90128767,0,154,6,WOOL,6,0,0.0,0,0
90128767,1,158,6,WOOL,6,0,0.0,0,0
90128767,1,195,8,MILK,10,0,0.0,0,0
90128767,0,197,8,MILK,6,0,0.0,0,0
90128767,0,198,8,MILK,6,0,0.0,0,0
90128767,1,198,8,MILK,15,0,0.0,0,0
90128767,0,199,8,MILK,6,0,0.0,0,0
90128767,1,229,9,WOOL,4,0,0.0,0,0
90128767,0,240,10,WOOL,4,4,894.0,223.5,0
90128767,0,254,10,MELON,6,0,0.0,0,0
90128767,1,256,10,MELON,8,0,0.0,0,0
90128767,1,257,10,MELON,8,0,0.0,0,0
90128767,0,259,10,MELON,6,0,0.0,0,0
90128767,1,259,10,MELON,20,0,0.0,0,0
90128767,0,259,10,MILK,3,0,0.0,0,0
90128767,1,262,10,MELON,14,0,0.0,0,0
90128767,0,262,10,MILK,3,0,0.0,0,0
90128767,0,263,10,MELON,6,0,0.0,0,0
90128767,1,264,11,MELON,34,12,2933.0,244.416667,0
90128767,0,265,11,MELON,24,24,5615.0,233.958333,0
90128767,0,265,11,MILK,3,3,578.0,192.666667,0
90128767,1,269,11,STRAWBERRY,6,0,0.0,0,0
90128767,0,272,11,WOOL,6,0,0.0,0,0
90128767,1,280,11,WOOL,6,0,0.0,0,0
90128767,1,292,12,STRAWBERRY,9,0,0.0,0,0
90128767,1,292,12,MILK,11,9,1773.0,197.0,0
90128767,1,294,12,MILK,15,0,0.0,0,0
90128767,1,295,12,MILK,25,0,0.0,0,0
90128767,1,301,12,MILK,11,0,0.0,0,0
90128767,1,302,12,MILK,8,0,0.0,0,0
90128767,0,305,12,MELON,6,0,0.0,0,0
90128767,0,305,12,MILK,3,0,0.0,0,0
90128767,1,306,12,MELON,15,0,0.0,0,0
90128767,0,307,12,WOOL,4,0,0.0,0,0
90128767,1,308,12,MILK,2,0,0.0,0,0
90128767,1,309,12,WOOL,5,0,0.0,0,0
90128767,0,313,13,MILK,6,6,1144.0,190.666667,0
90128767,0,319,13,MILK,6,0,0.0,0,0
90128767,1,323,13,MILK,4,4,703.0,175.75,0
90128767,1,324,13,MILK,1,0,0.0,0,0
90128767,1,325,13,MILK,4,0,0.0,0,0
90128767,0,340,14,WOOL,6,0,0.0,0,0
90128767,1,341,14,MILK,4,2,360.0,180.0,0
90128767,0,342,14,WOOL,6,0,0.0,0,0
90128767,1,343,14,MILK,4,0,0.0,0,0
90128767,0,343,14,WOOL,6,0,0.0,0,0
90128767,0,344,14,MILK,6,0,0.0,0,0
90128767,1,344,14,MILK,5,0,0.0,0,0
90128767,1,347,14,MILK,4,0,0.0,0,0
90128767,1,348,14,MILK,5,0,0.0,0,0
90128767,1,348,14,WOOL,7,6,1395.0,232.5,0
90128767,0,349,14,MELON,6,0,0.0,0,0
90128767,0,350,14,WOOL,6,0,0.0,0,0
90128767,1,353,14,WOOL,6,0,0.0,0,0
90128767,1,354,14,WOOL,6,0,0.0,0,0
90128767,1,358,14,WOOL,7,0,0.0,0,0
90128767,1,359,14,MELON,7,6,1295.0,215.833333,0
90128767,1,359,14,STRAWBERRY,6,0,0.0,0,0
90128767,1,360,15,MELON,9,6,1250.0,208.333333,0
90128767,0,360,15,WOOL,4,4,909.0,227.25,0
90128767,0,361,15,STRAWBERRY,4,4,841.0,210.25,0
90128767,0,361,15,MILK,3,3,543.0,181.0,0
90128767,1,362,15,MELON,9,0,0.0,0,0
90128767,1,364,15,WOOL,4,4,909.0,227.25,0
90128767,1,365,15,MILK,11,9,1500.0,166.666667,0
90128767,1,366,15,WOOL,4,0,0.0,0,0
90128767,1,367,15,MILK,11,0,0.0,0,0
90128767,1,370,15,WOOL,9,0,0.0,0,0
90128767,1,371,15,MILK,15,0,0.0,0,0
90128767,1,375,15,WOOL,6,0,0.0,0,0
90128767,0,380,15,MILK,6,0,0.0,0,0
90128767,0,380,15,WOOL,4,0,0.0,0,0
90128767,1,384,16,WOOL,8,4,914.0,228.5,0
90128767,0,385,16,MILK,3,3,468.0,156.0,0
90128767,1,385,16,MILK,11,9,1289.0,143.222222,0
90128767,1,387,16,MILK,11,0,0.0,0,0
90128767,1,391,16,MILK,35,0,0.0,0,0
90128767,0,401,16,MILK,3,0,0.0,0,0
90128767,0,405,16,MILK,3,0,0.0,0,0
90128767,1,407,16,WOOL,4,0,0.0,0,0
90128767,1,408,17,MILK,11,9,1138.0,126.444444,0
90128767,0,409,17,STRAWBERRY,4,4,899.0,224.75,0
90128767,0,409,17,MILK,3,3,360.0,120.0,0
90128767,1,409,17,MILK,11,0,0.0,0,0
90128767,1,411,17,MELON,1,0,0.0,0,0
90128767,1,415,17,STRAWBERRY,8,8,1791.0,223.875,0
90128767,1,416,17,STRAWBERRY,4,0,0.0,0,0
90128767,1,417,17,STRAWBERRY,8,0,0.0,0,0
90128767,0,418,17,MILK,6,0,0.0,0,0
90128767,0,418,17,WOOL,8,0,0.0,0,0
90128767,0,420,17,MELON,6,0,0.0,0,0
90128767,1,421,17,STRAWBERRY,8,0,0.0,0,0
90128767,1,423,17,MELON,5,0,0.0,0,0
90128767,1,423,17,WOOL,4,0,0.0,0,0
90128767,1,424,17,WOOL,3,0,0.0,0,0
90128767,0,433,18,STRAWBERRY,8,8,1823.0,227.875,0
90128767,0,433,18,MILK,6,6,726.0,121.0,0
90128767,0,433,18,WOOL,12,12,2780.0,231.666667,0
90128767,1,435,18,STRAWBERRY,12,8,1801.0,225.125,0
90128767,1,436,18,MILK,4,4,444.0,111.0,0
90128767,1,437,18,STRAWBERRY,12,0,0.0,0,0
90128767,1,437,18,MILK,10,8,818.0,102.25,0
90128767,1,438,18,MILK,4,0,0.0,0,0
90128767,1,439,18,MILK,6,0,0.0,0,0
90128767,1,440,18,MILK,5,0,0.0,0,0
90128767,1,441,18,STRAWBERRY,26,0,0.0,0,0
90128767,1,442,18,MILK,4,0,0.0,0,0
90128767,1,443,18,MILK,6,0,0.0,0,0
90128767,1,443,18,WOOL,2,2,462.0,231.0,0
90128767,1,444,18,MILK,25,0,0.0,0,0
90128767,1,444,18,WOOL,2,2,461.0,230.5,0
90128767,1,445,18,STRAWBERRY,30,0,0.0,0,0
90128767,1,445,18,WOOL,2,2,462.0,231.0,0
90128767,0,447,18,STRAWBERRY,6,0,0.0,0,0
90128767,1,447,18,WOOL,2,2,461.0,230.5,0
90128767,1,448,18,WOOL,2,2,460.0,230.0,0
90128767,1,449,18,WOOL,2,2,460.0,230.0,0
90128767,1,450,18,STRAWBERRY,2,0,0.0,0,0
90128767,1,450,18,MILK,8,0,0.0,0,0
90128767,0,451,18,STRAWBERRY,6,0,0.0,0,0
90128767,1,455,18,WOOL,4,4,919.0,229.75,0
90128767,0,456,19,MILK,9,9,949.0,105.444444,0
90128767,1,456,19,WOOL,1,1,229.0,229.0,0
90128767,0,457,19,STRAWBERRY,4,4,911.0,227.75,0
90128767,0,457,19,WOOL,4,4,918.0,229.5,0
90128767,1,457,19,WOOL,4,0,0.0,0,0
90128767,0,460,19,MILK,6,0,0.0,0,0
90128767,1,461,19,WOOL,4,0,0.0,0,0
90128767,1,463,19,STRAWBERRY,2,2,456.0,228.0,0
90128767,1,464,19,STRAWBERRY,2,2,455.0,227.5,0
90128767,1,465,19,STRAWBERRY,17,10,2268.0,226.8,0
90128767,1,466,19,STRAWBERRY,3,0,0.0,0,0
90128767,1,466,19,WOOL,4,0,0.0,0,0
90128767,1,467,19,STRAWBERRY,15,0,0.0,0,0
90128767,0,467,19,MILK,9,0,0.0,0,0
90128767,1,468,19,STRAWBERRY,2,0,0.0,0,0
90128767,1,469,19,STRAWBERRY,2,0,0.0,0,0
90128767,1,469,19,MILK,11,9,722.0,80.222222,0
90128767,1,470,19,STRAWBERRY,3,0,0.0,0,0
90128767,1,470,19,WOOL,4,0,0.0,0,0
90128767,1,471,19,STRAWBERRY,15,0,0.0,0,0
90128767,1,471,19,MILK,11,0,0.0,0,0
90128767,1,472,19,STRAWBERRY,2,0,0.0,0,0
90128767,1,474,19,STRAWBERRY,14,0,0.0,0,0
90128767,1,475,19,MILK,15,0,0.0,0,0
90128767,1,477,19,MILK,14,0,0.0,0,0
90128767,0,478,19,STRAWBERRY,6,0,0.0,0,0
90128767,1,478,19,STRAWBERRY,9,0,0.0,0,0
90128767,0,478,19,MILK,3,0,0.0,0,0
90128767,0,479,19,STRAWBERRY,6,0,0.0,0,0
90128767,1,480,20,STRAWBERRY,18,12,2660.0,221.666667,0
90128767,1,480,20,MILK,15,15,668.0,44.533333,0
90128767,0,481,20,STRAWBERRY,6,6,1327.0,221.166667,0
90128767,0,481,20,MILK,3,3,114.0,38.0,0
90128767,1,482,20,STRAWBERRY,18,0,0.0,0,0
90128767,1,483,20,MILK,19,0,0.0,0,0
90128767,1,485,20,MILK,19,0,0.0,0,0
90128767,1,486,20,STRAWBERRY,30,0,0.0,0,0
90128767,1,488,20,STRAWBERRY,4,0,0.0,0,0
90128767,1,489,20,MILK,19,0,0.0,0,0
90128767,1,492,20,STRAWBERRY,3,2,446.0,223.0,0
90128767,1,493,20,STRAWBERRY,3,0,0.0,0,0
90128767,1,494,20,MELON,1,1,224.0,224.0,0
90128767,1,494,20,STRAWBERRY,6,0,0.0,0,0
90128767,0,494,20,WOOL,8,0,0.0,0,0
90128767,1,497,20,STRAWBERRY,3,0,0.0,0,0
90128767,1,498,20,STRAWBERRY,10,0,0.0,0,0
90128767,1,499,20,STRAWBERRY,6,0,0.0,0,0
90128767,0,499,20,MILK,3,0,0.0,0,0
90128767,0,500,20,STRAWBERRY,6,0,0.0,0,0
90128767,1,501,20,STRAWBERRY,3,0,0.0,0,0
90128767,1,504,21,MELON,2,0,0.0,0,0
90128767,1,504,21,STRAWBERRY,21,14,3088.0,220.571429,0
90128767,0,505,21,STRAWBERRY,16,16,3490.0,218.125,0
90128767,1,505,21,STRAWBERRY,27,0,0.0,0,0
90128767,0,505,21,MILK,6,6,387.0,64.5,0
90128767,0,505,21,WOOL,12,12,2810.0,234.166667,0
90128767,1,506,21,MELON,2,0,0.0,0,0
90128767,1,509,21,MILK,2,2,120.0,60.0,0
90128767,1,510,21,MELON,2,0,0.0,0,0
90128767,1,510,21,MILK,2,2,112.0,56.0,0
90128767,1,511,21,MILK,2,2,104.0,52.0,0
90128767,1,512,21,MILK,2,2,96.0,48.0,0
90128767,1,513,21,MILK,1,1,49.0,49.0,0
90128767,1,519,21,MILK,2,0,0.0,0,0
90128767,1,520,21,MILK,2,0,0.0,0,0
90128767,1,521,21,MILK,2,0,0.0,0,0
90128767,0,523,21,STRAWBERRY,12,0,0.0,0,0
90128767,1,523,21,MILK,2,0,0.0,0,0
90128767,1,524,21,MILK,1,0,0.0,0,0
90128767,0,525,21,MELON,6,0,0.0,0,0
90128767,0,525,21,MILK,2,0,0.0,0,0
90128767,1,525,21,MILK,2,0,0.0,0,0
90128767,1,526,21,STRAWBERRY,4,0,0.0,0,0
90128767,1,526,21,MILK,1,1,59.0,59.0,0
90128767,1,526,21,WOOL,24,24,5601.0,233.375,0
90128767,1,527,21,MELON,12,0,0.0,0,0
90128767,1,527,21,STRAWBERRY,3,0,0.0,0,0
90128767,1,528,22,STRAWBERRY,21,14,3029.0,216.357143,0
90128767,1,528,22,MILK,11,11,513.0,46.636364,0
90128767,0,529,22,STRAWBERRY,14,14,2998.0,214.142857,0
90128767,0,529,22,MILK,12,12,422.0,35.166667,0
90128767,0,529,22,WOOL,4,4,928.0,232.0,0
90128767,1,531,22,STRAWBERRY,21,0,0.0,0,0
90128767,1,535,22,MILK,15,0,0.0,0,0
90128767,1,536,22,WOOL,24,0,0.0,0,0
90128767,1,537,22,MILK,24,0,0.0,0,0
90128767,1,538,22,WOOL,24,0,0.0,0,0
90128767,1,541,22,MILK,30,0,0.0,0,0
90128767,1,542,22,WOOL,44,0,0.0,0,0
90128767,0,543,22,MELON,6,0,0.0,0,0
90128767,1,543,22,STRAWBERRY,3,0,0.0,0,0
90128767,0,546,22,STRAWBERRY,6,0,0.0,0,0
90128767,1,547,22,STRAWBERRY,9,2,433.0,216.5,0
90128767,1,548,22,STRAWBERRY,9,0,0.0,0,0
90128767,1,549,22,WOOL,2,0,0.0,0,0
90128767,0,550,22,STRAWBERRY,6,0,0.0,0,0
90128767,1,550,22,WOOL,12,0,0.0,0,0
90128767,1,551,22,MELON,6,6,1309.0,218.166667,0
90128767,0,551,22,STRAWBERRY,2,0,0.0,0,0
90128767,1,551,22,STRAWBERRY,3,0,0.0,0,0
90128767,0,551,22,MILK,6,0,0.0,0,0
90128767,1,552,23,STRAWBERRY,12,12,2484.0,207.0,0
90128767,1,552,23,MILK,5,5,170.0,34.0,0
90128767,1,552,23,WOOL,8,0,0.0,0,0
90128767,0,553,23,STRAWBERRY,11,11,2262.0,205.636364,0
90128767,0,553,23,MILK,3,3,90.0,30.0,0
90128767,1,553,23,MILK,4,4,148.0,37.0,0
90128767,1,560,23,STRAWBERRY,20,0,0.0,0,0
90128767,1,561,23,MELON,8,0,0.0,0,0
90128767,1,562,23,STRAWBERRY,20,0,0.0,0,0
90128767,1,562,23,MILK,5,0,0.0,0,0
90128767,1,563,23,MELON,8,0,0.0,0,0
90128767,1,564,23,MILK,5,0,0.0,0,0
90128767,1,565,23,MILK,1,0,0.0,0,0
90128767,1,566,23,STRAWBERRY,21,0,0.0,0,0
90128767,0,566,23,MILK,3,0,0.0,0,0
90128767,1,566,23,MILK,5,0,0.0,0,0
90128767,1,566,23,WOOL,3,0,0.0,0,0
90128767,1,567,23,MELON,11,0,0.0,0,0
90128767,1,569,23,STRAWBERRY,6,2,420.0,210.0,0
90128767,1,569,23,MILK,1,0,0.0,0,0
90128767,0,570,23,STRAWBERRY,6,0,0.0,0,0
90128767,1,570,23,MILK,2,2,82.0,41.0,0
90128767,0,571,23,STRAWBERRY,4,0,0.0,0,0
90128767,1,571,23,MILK,2,0,0.0,0,0
90128767,1,573,23,STRAWBERRY,9,0,0.0,0,0
90128767,1,573,23,MILK,15,0,0.0,0,0
90128767,1,576,24,MELON,8,6,1323.0,220.5,0
90128767,1,576,24,STRAWBERRY,44,27,5378.0,199.185185,0
90128767,0,576,24,WOOL,20,20,4703.0,235.15,0
90128767,0,577,24,STRAWBERRY,23,23,4399.0,191.26087,0
90128767,0,577,24,MILK,10,10,477.0,47.7,0
90128767,1,578,24,MELON,10,0,0.0,0,0
90128767,1,578,24,STRAWBERRY,52,0,0.0,0,0
90128767,0,581,24,MELON,6,0,0.0,0,0
90128767,1,582,24,MELON,9,0,0.0,0,0
90128767,0,585,24,MELON,6,0,0.0,0,0
90128767,0,587,24,MELON,6,0,0.0,0,0
90128767,1,589,24,STRAWBERRY,3,2,386.0,193.0,0
90128767,0,591,24,MELON,6,0,0.0,0,0
90128767,1,594,24,STRAWBERRY,6,0,0.0,0,0
90128767,1,595,24,STRAWBERRY,6,0,0.0,0,0
90128767,1,596,24,MILK,8,8,499.0,62.375,0
90128767,0,597,24,STRAWBERRY,4,0,0.0,0,0
90128767,1,597,24,STRAWBERRY,6,4,776.0,194.0,0
90128767,1,597,24,MILK,8,8,416.0,52.0,0
90128767,0,598,24,STRAWBERRY,4,0,0.0,0,0
90128767,1,598,24,MILK,2,2,82.0,41.0,0
90128767,1,599,24,MELON,8,0,0.0,0,0
90128767,1,599,24,STRAWBERRY,6,0,0.0,0,0
90128767,0,600,25,STRAWBERRY,20,20,3425.0,171.25,0
90128767,1,600,25,STRAWBERRY,32,20,3673.0,183.65,0
90128767,1,600,25,MILK,3,3,108.0,36.0,0
90128767,0,601,25,MELON,6,6,1130.0,188.333333,0
90128767,0,601,25,MILK,9,9,344.0,38.222222,0
90128767,0,601,25,WOOL,4,4,944.0,236.0,0
90128767,1,601,25,WOOL,9,9,2130.0,236.666667,0
90128767,1,602,25,WOOL,9,9,2115.0,235.0,0
90128767,1,603,25,WOOL,3,3,702.0,234.0,0
90128767,1,606,25,MILK,8,0,0.0,0,0
90128767,1,607,25,MILK,19,0,0.0,0,0
90128767,1,608,25,MILK,8,0,0.0,0,0
90128767,1,609,25,MILK,11,0,0.0,0,0
90128767,1,611,25,WOOL,9,0,0.0,0,0
90128767,1,612,25,MILK,8,0,0.0,0,0
90128767,1,612,25,WOOL,9,0,0.0,0,0
90128767,1,613,25,MILK,11,0,0.0,0,0
90128767,1,613,25,WOOL,9,0,0.0,0,0
90128767,1,617,25,STRAWBERRY,9,0,0.0,0,0
90128767,1,617,25,MILK,18,0,0.0,0,0
90128767,1,617,25,WOOL,9,0,0.0,0,0
90128767,0,619,25,STRAWBERRY,6,0,0.0,0,0
90128767,1,619,25,STRAWBERRY,9,0,0.0,0,0
90128767,0,619,25,MILK,3,0,0.0,0,0
90128767,1,622,25,MELON,8,0,0.0,0,0
90128767,0,622,25,STRAWBERRY,6,0,0.0,0,0
90128767,0,623,25,STRAWBERRY,8,0,0.0,0,0
90128767,0,625,26,MELON,12,12,1995.0,166.25,0
90128767,1,625,26,MELON,8,6,1091.0,181.833333,0
90128767,0,625,26,STRAWBERRY,12,12,1746.0,145.5,0
90128767,1,625,26,STRAWBERRY,20,20,3244.0,162.2,0
90128767,0,625,26,MILK,11,11,375.0,34.090909,0
90128767,1,625,26,MILK,15,15,921.0,61.4,0
90128767,1,625,26,WOOL,1,0,0.0,0,0
90128767,1,627,26,WOOL,2,0,0.0,0,0
90128767,1,631,26,STRAWBERRY,30,0,0.0,0,0
90128767,1,631,26,WOOL,12,0,0.0,0,0
90128767,1,632,26,MILK,19,0,0.0,0,0
90128767,1,633,26,STRAWBERRY,30,0,0.0,0,0
90128767,1,633,26,MILK,19,0,0.0,0,0
90128767,0,636,26,WOOL,8,0,0.0,0,0
90128767,1,637,26,STRAWBERRY,30,0,0.0,0,0
90128767,1,637,26,MILK,38,0,0.0,0,0
90128767,0,646,26,STRAWBERRY,6,0,0.0,0,0
90128767,0,646,26,WOOL,4,0,0.0,0,0
90128767,0,649,27,MELON,6,6,918.0,153.0,0
90128767,1,649,27,MELON,8,6,987.0,164.5,0
90128767,0,649,27,STRAWBERRY,13,13,2082.0,160.153846,0
90128767,1,649,27,STRAWBERRY,3,3,458.0,152.666667,0
90128767,0,649,27,MILK,9,9,439.0,48.777778,0
90128767,1,649,27,MILK,9,9,609.0,67.666667,0
90128767,0,649,27,WOOL,8,8,1896.0,237.0,0
90128767,1,649,27,WOOL,1,1,237.0,237.0,0
90128767,1,650,27,STRAWBERRY,3,3,447.0,149.0,0
90128767,1,650,27,WOOL,1,1,236.0,236.0,0
90128767,1,651,27,STRAWBERRY,3,3,436.0,145.333333,0
90128767,1,651,27,WOOL,1,1,236.0,236.0,0
90128767,1,652,27,STRAWBERRY,3,3,422.0,140.666667,0
90128767,1,652,27,WOOL,1,1,236.0,236.0,0
90128767,1,653,27,STRAWBERRY,3,3,427.0,142.333333,0
90128767,1,653,27,WOOL,1,1,236.0,236.0,0
90128767,1,654,27,STRAWBERRY,3,3,411.0,137.0,0
90128767,1,654,27,WOOL,1,1,236.0,236.0,0
90128767,1,655,27,STRAWBERRY,3,3,380.0,126.666667,0
90128767,1,655,27,MILK,11,0,0.0,0,0
90128767,1,655,27,WOOL,1,1,236.0,236.0,0
90128767,1,656,27,STRAWBERRY,2,1,118.0,118.0,0
90128767,1,656,27,WOOL,1,1,236.0,236.0,0
90128767,1,657,27,STRAWBERRY,3,0,0.0,0,0
90128767,1,657,27,MILK,11,0,0.0,0,0
90128767,1,657,27,WOOL,1,1,236.0,236.0,0
90128767,1,658,27,WOOL,1,1,236.0,236.0,0
90128767,1,659,27,STRAWBERRY,3,0,0.0,0,0
90128767,1,659,27,WOOL,1,1,236.0,236.0,0
90128767,1,660,27,WOOL,1,1,236.0,236.0,0
90128767,1,661,27,STRAWBERRY,3,0,0.0,0,0
90128767,1,661,27,MILK,12,0,0.0,0,0
90128767,1,661,27,WOOL,1,1,236.0,236.0,0
90128767,1,662,27,STRAWBERRY,12,0,0.0,0,0
90128767,1,663,27,STRAWBERRY,14,0,0.0,0,0
90128767,1,664,27,STRAWBERRY,12,0,0.0,0,0
90128767,1,665,27,STRAWBERRY,6,0,0.0,0,0
90128767,1,667,27,MILK,5,0,0.0,0,0
90128767,1,668,27,STRAWBERRY,12,0,0.0,0,0
90128767,1,669,27,STRAWBERRY,6,0,0.0,0,0
90128767,0,669,27,MILK,3,0,0.0,0,0
90128767,0,670,27,MILK,3,0,0.0,0,0
90128767,1,670,27,MILK,19,0,0.0,0,0
90128767,0,672,28,STRAWBERRY,15,15,2211.0,147.4,0
90128767,0,673,28,MELON,12,12,1812.0,151.0,0
90128767,1,673,28,STRAWBERRY,4,4,584.0,146.0,0
90128767,0,673,28,MILK,9,9,363.0,40.333333,0
90128767,1,673,28,MILK,15,15,983.0,65.533333,0
90128767,0,673,28,WOOL,4,4,948.0,237.0,0
90128767,1,674,28,STRAWBERRY,4,4,559.0,139.75,0
90128767,1,674,28,MILK,10,0,0.0,0,0
90128767,1,675,28,STRAWBERRY,4,4,515.0,128.75,0
90128767,1,676,28,STRAWBERRY,3,2,234.0,117.0,0
90128767,1,678,28,MILK,10,0,0.0,0,0
90128767,1,679,28,STRAWBERRY,4,0,0.0,0,0
90128767,1,681,28,STRAWBERRY,4,0,0.0,0,0
90128767,1,682,28,STRAWBERRY,18,0,0.0,0,0
90128767,1,685,28,STRAWBERRY,4,0,0.0,0,0
90128767,1,685,28,MILK,11,0,0.0,0,0
90128767,1,686,28,STRAWBERRY,34,0,0.0,0,0
90128767,1,686,28,MILK,16,0,0.0,0,0
90128767,1,687,28,MELON,12,12,1613.0,134.416667,0
90128767,1,687,28,WOOL,11,11,2612.0,237.454545,0
90128767,1,688,28,STRAWBERRY,4,0,0.0,0,0
90128767,1,689,28,STRAWBERRY,9,0,0.0,0,0
90128767,1,690,28,STRAWBERRY,21,0,0.0,0,0
90128767,0,696,29,STRAWBERRY,11,11,1689.0,153.545455,0
90128767,0,696,29,MILK,9,9,552.0,61.333333,0
90128767,1,697,29,MELON,15,0,0.0,0,0
90128767,1,697,29,STRAWBERRY,20,13,1935.0,148.846154,0
90128767,1,697,29,MILK,11,9,514.0,57.111111,0
90128767,1,697,29,WOOL,20,0,0.0,0,0
90128767,1,698,29,MILK,11,0,0.0,0,0
90128767,1,699,29,WOOL,22,0,0.0,0,0
90128767,1,702,29,MILK,14,0,0.0,0,0
90128767,1,703,29,MILK,4,0,0.0,0,0
90128767,1,703,29,WOOL,24,0,0.0,0,0
90128767,1,707,29,MELON,1,0,0.0,0,0
90128767,1,709,29,MELON,8,0,0.0,0,0
90128767,1,709,29,WOOL,12,0,0.0,0,0
90128767,1,710,29,MELON,3,0,0.0,0,0
90128767,1,710,29,MILK,9,0,0.0,0,0
90128767,1,711,29,MELON,1,0,0.0,0,0
90128767,1,712,29,MILK,12,0,0.0,0,0
90128767,0,712,29,WOOL,4,0,0.0,0,0
90128767,1,712,29,WOOL,20,0,0.0,0,0
90128767,1,713,29,MELON,8,0,0.0,0,0
90128767,1,713,29,STRAWBERRY,6,0,0.0,0,0
90128767,0,713,29,MILK,3,0,0.0,0,0
90128767,1,713,29,MILK,3,0,0.0,0,0
90128767,0,713,29,WOOL,12,0,0.0,0,0
90128767,1,714,29,MELON,3,0,0.0,0,0
90128767,0,715,29,STRAWBERRY,1,0,0.0,0,0
90128767,0,715,29,MILK,3,0,0.0,0,0
90128767,1,715,29,MILK,3,0,0.0,0,0
90128767,1,715,29,WOOL,12,0,0.0,0,0
90128767,1,716,29,STRAWBERRY,3,0,0.0,0,0
90128767,0,716,29,MILK,6,0,0.0,0,0
90128767,1,717,29,MILK,3,0,0.0,0,0
90128767,0,718,29,STRAWBERRY,3,0,0.0,0,0
90128767,0,718,29,MILK,3,0,0.0,0,0
90128767,0,718,29,WOOL,4,0,0.0,0,0
90128767,0,719,29,STRAWBERRY,3,0,0.0,0,0
90128767,0,719,29,MILK,3,0,0.0,0,0
90128767,0,719,29,WOOL,4,0,0.0,0,0
90128775,1,0,0,MELON,1,0,0.0,0,0
90128775,1,1,0,STRAWBERRY,2,0,0.0,0,0
90128775,1,2,0,MELON,3,0,0.0,0,0
90128775,1,6,0,STRAWBERRY,1,0,0.0,0,0
90128775,1,7,0,MILK,1,0,0.0,0,0
90128775,1,10,0,MELON,2,0,0.0,0,0
90128775,1,14,0,STRAWBERRY,2,0,0.0,0,0
90128775,1,29,1,MELON,2,0,0.0,0,0
90128775,1,35,1,WOOL,3,0,0.0,0,0
90128775,1,45,1,WOOL,3,0,0.0,0,0
90128775,1,50,2,WOOL,3,0,0.0,0,0
90128775,1,56,2,MILK,3,0,0.0,0,0
90128775,1,59,2,STRAWBERRY,3,0,0.0,0,0
90128775,1,71,2,WOOL,2,0,0.0,0,0
90128775,1,72,3,MILK,2,0,0.0,0,0
90128775,1,74,3,STRAWBERRY,1,0,0.0,0,0
90128775,0,76,3,MELON,8,0,0.0,0,0
90128775,1,76,3,MELON,6,0,0.0,0,0
90128775,0,77,3,MELON,6,0,0.0,0,0
90128775,1,77,3,MELON,5,0,0.0,0,0
90128775,1,83,3,STRAWBERRY,1,0,0.0,0,0
90128775,0,98,4,MELON,5,0,0.0,0,0
90128775,1,98,4,MELON,4,0,0.0,0,0
90128775,1,103,4,STRAWBERRY,3,0,0.0,0,0
90128775,1,121,5,MELON,2,0,0.0,0,0
90128775,1,123,5,MELON,2,0,0.0,0,0
90128775,1,126,5,WOOL,3,0,0.0,0,0
90128775,1,133,5,WOOL,1,0,0.0,0,0
90128775,1,153,6,MELON,2,0,0.0,0,0
90128775,0,158,6,WOOL,6,0,0.0,0,0
90128775,1,158,6,WOOL,6,0,0.0,0,0
90128775,1,160,6,STRAWBERRY,2,0,0.0,0,0
90128775,1,168,7,STRAWBERRY,1,0,0.0,0,0
90128775,1,173,7,MILK,2,0,0.0,0,0
90128775,1,187,7,MILK,3,0,0.0,0,0
90128775,1,191,7,MELON,2,0,0.0,0,0
90128775,0,195,8,MILK,10,0,0.0,0,0
90128775,1,195,8,MILK,8,0,0.0,0,0
90128775,0,198,8,MILK,15,0,0.0,0,0
90128775,1,198,8,MILK,12,0,0.0,0,0
90128775,1,210,8,MILK,3,0,0.0,0,0
90128775,1,211,8,MILK,3,0,0.0,0,0
90128775,1,213,8,MELON,2,0,0.0,0,0
90128775,1,224,9,WOOL,2,0,0.0,0,0
90128775,1,225,9,MELON,1,0,0.0,0,0
90128775,0,229,9,WOOL,4,0,0.0,0,0
90128775,1,229,9,WOOL,4,0,0.0,0,0
90128775,1,231,9,STRAWBERRY,2,0,0.0,0,0
90128775,1,237,9,MELON,2,0,0.0,0,0
90128775,1,247,10,MELON,3,0,0.0,0,0
90128775,0,256,10,MELON,8,0,0.0,0,0
90128775,1,256,10,MELON,6,0,0.0,0,0
90128775,0,257,10,MELON,8,0,0.0,0,0
90128775,1,257,10,MELON,6,0,0.0,0,0
90128775,0,259,10,MELON,20,0,0.0,0,0
90128775,1,259,10,MELON,16,0,0.0,0,0
90128775,0,262,10,MELON,14,0,0.0,0,0
90128775,1,262,10,MELON,11,0,0.0,0,0
90128775,1,263,10,WOOL,1,0,0.0,0,0
90128775,0,264,11,MELON,34,18,4178.0,232.111111,0
90128775,1,264,11,MELON,27,18,4178.0,232.111111,0
90128775,1,267,11,WOOL,3,0,0.0,0,0
90128775,0,269,11,STRAWBERRY,6,0,0.0,0,0
90128775,1,269,11,STRAWBERRY,4,0,0.0,0,0
90128775,1,277,11,STRAWBERRY,3,0,0.0,0,0
90128775,1,278,11,WOOL,3,0,0.0,0,0
90128775,0,280,11,WOOL,6,0,0.0,0,0
90128775,1,280,11,WOOL,6,0,0.0,0,0
90128775,1,290,12,STRAWBERRY,3,0,0.0,0,0
90128775,0,292,12,STRAWBERRY,9,0,0.0,0,0
90128775,1,292,12,STRAWBERRY,6,0,0.0,0,0
90128775,0,292,12,MILK,11,9,2149.0,238.777778,0
90128775,1,293,12,MILK,9,9,2117.0,235.222222,0
90128775,0,294,12,MILK,15,0,0.0,0,0
90128775,1,294,12,MILK,12,0,0.0,0,0
90128775,0,295,12,MILK,25,0,0.0,0,0
90128775,1,295,12,MILK,20,0,0.0,0,0
90128775,0,301,12,MILK,11,0,0.0,0,0
90128775,1,301,12,MILK,9,0,0.0,0,0
90128775,0,302,12,MILK,8,0,0.0,0,0
90128775,1,302,12,MILK,6,0,0.0,0,0
90128775,1,305,12,WOOL,2,0,0.0,0,0
90128775,0,306,12,MELON,15,0,0.0,0,0
90128775,1,306,12,MELON,12,0,0.0,0,0
90128775,0,308,12,MILK,2,0,0.0,0,0
90128775,1,308,12,MILK,2,0,0.0,0,0
90128775,0,309,12,WOOL,5,0,0.0,0,0
90128775,1,309,12,WOOL,5,0,0.0,0,0
90128775,1,318,13,WOOL,3,0,0.0,0,0
90128775,1,322,13,STRAWBERRY,2,0,0.0,0,0
90128775,0,323,13,MILK,4,4,938.0,234.5,0
90128775,1,323,13,MILK,3,3,709.0,236.333333,0
90128775,0,324,13,MILK,1,0,0.0,0,0
90128775,1,324,13,MILK,1,1,233.0,233.0,0
90128775,0,325,13,MILK,4,0,0.0,0,0
90128775,1,325,13,MILK,3,0,0.0,0,0
90128775,1,335,13,MELON,1,0,0.0,0,0
90128775,1,338,14,STRAWBERRY,1,0,0.0,0,0
90128775,1,339,14,STRAWBERRY,2,0,0.0,0,0
90128775,0,341,14,MILK,4,2,472.0,236.0,0
90128775,0,343,14,MILK,4,0,0.0,0,0
90128775,1,343,14,MILK,3,3,704.0,234.666667,0
90128775,0,344,14,MILK,5,0,0.0,0,0
90128775,1,346,14,WOOL,1,0,0.0,0,0
90128775,0,347,14,MILK,4,0,0.0,0,0
90128775,1,347,14,MILK,3,0,0.0,0,0
90128775,0,348,14,MILK,5,0,0.0,0,0
90128775,1,348,14,MILK,4,0,0.0,0,0
90128775,0,348,14,WOOL,7,6,1356.0,226.0,0
90128775,1,348,14,WOOL,7,6,1369.0,228.166667,0
90128775,1,350,14,STRAWBERRY,3,0,0.0,0,0
90128775,0,353,14,WOOL,6,0,0.0,0,0
90128775,1,353,14,WOOL,6,0,0.0,0,0
90128775,0,354,14,WOOL,6,0,0.0,0,0
90128775,1,354,14,WOOL,6,0,0.0,0,0
90128775,1,356,14,STRAWBERRY,2,0,0.0,0,0
90128775,0,358,14,WOOL,7,0,0.0,0,0
90128775,1,358,14,WOOL,7,0,0.0,0,0
90128775,0,359,14,MELON,7,6,1289.0,214.833333,0
90128775,1,359,14,MELON,6,6,1257.0,209.5,0
90128775,0,359,14,STRAWBERRY,6,0,0.0,0,0
90128775,1,359,14,STRAWBERRY,4,0,0.0,0,0
90128775,0,360,15,MELON,9,6,1179.0,196.5,0
90128775,1,360,15,MELON,6,6,1179.0,196.5,0
90128775,0,362,15,MELON,9,0,0.0,0,0
90128775,1,362,15,MELON,7,0,0.0,0,0
90128775,0,364,15,WOOL,4,4,778.0,194.5,0
90128775,1,365,15,MELON,3,0,0.0,0,0
90128775,0,365,15,MILK,11,9,2166.0,240.666667,0
90128775,1,366,15,MILK,9,9,2126.0,236.222222,0
90128775,0,366,15,WOOL,4,0,0.0,0,0
90128775,1,366,15,WOOL,4,4,769.0,192.25,0
90128775,0,367,15,MILK,11,0,0.0,0,0
90128775,0,370,15,WOOL,9,0,0.0,0,0
90128775,1,370,15,WOOL,9,0,0.0,0,0
90128775,0,371,15,MILK,15,0,0.0,0,0
90128775,1,371,15,MILK,12,0,0.0,0,0
90128775,0,375,15,WOOL,6,0,0.0,0,0
90128775,1,375,15,WOOL,6,0,0.0,0,0
90128775,1,384,16,MELON,1,0,0.0,0,0
90128775,1,384,16,MILK,9,9,2149.0,238.777778,0
90128775,0,384,16,WOOL,8,4,793.0,198.25,0
90128775,1,384,16,WOOL,8,4,778.0,194.5,0
90128775,0,385,16,MILK,11,9,2131.0,236.777778,0
90128775,0,387,16,MILK,11,0,0.0,0,0
90128775,0,391,16,MILK,35,0,0.0,0,0
90128775,1,391,16,MILK,28,0,0.0,0,0
90128775,1,395,16,MILK,1,0,0.0,0,0
90128775,1,397,16,WOOL,2,0,0.0,0,0
90128775,1,399,16,WOOL,1,0,0.0,0,0
90128775,1,403,16,WOOL,2,0,0.0,0,0
90128775,0,407,16,WOOL,4,0,0.0,0,0
90128775,1,407,16,WOOL,4,0,0.0,0,0
90128775,0,408,17,MILK,11,9,2150.0,238.888889,0
90128775,1,408,17,MILK,9,9,2145.0,238.333333,0
90128775,0,409,17,MILK,11,0,0.0,0,0
90128775,1,409,17,MILK,9,0,0.0,0,0
90128775,0,411,17,MELON,1,0,0.0,0,0
90128775,1,411,17,MELON,1,0,0.0,0,0
90128775,1,413,17,STRAWBERRY,5,5,1197.0,239.4,0
90128775,1,414,17,STRAWBERRY,3,3,714.0,238.0,0
90128775,0,415,17,STRAWBERRY,8,8,1892.0,236.5,0
90128775,0,416,17,STRAWBERRY,4,0,0.0,0,0
90128775,1,416,17,STRAWBERRY,1,0,0.0,0,0
90128775,0,417,17,STRAWBERRY,8,0,0.0,0,0
90128775,0,421,17,STRAWBERRY,8,0,0.0,0,0
90128775,1,421,17,STRAWBERRY,5,0,0.0,0,0
90128775,0,423,17,MELON,5,0,0.0,0,0
90128775,1,423,17,MELON,4,0,0.0,0,0
90128775,0,423,17,WOOL,4,0,0.0,0,0
90128775,1,423,17,WOOL,4,0,0.0,0,0
90128775,0,424,17,WOOL,3,0,0.0,0,0
90128775,1,424,17,WOOL,3,0,0.0,0,0
90128775,1,426,17,STRAWBERRY,1,0,0.0,0,0
90128775,1,433,18,STRAWBERRY,8,8,1909.0,238.625,0
90128775,1,434,18,MILK,3,3,738.0,246.0,0
90128775,0,435,18,STRAWBERRY,12,8,1889.0,236.125,0
90128775,1,435,18,MILK,8,8,1948.0,243.5,0
90128775,0,436,18,MILK,4,4,963.0,240.75,0
90128775,1,436,18,MILK,1,1,242.0,242.0,0
90128775,0,437,18,STRAWBERRY,12,0,0.0,0,0
90128775,0,437,18,MILK,10,8,1912.0,239.0,0
90128775,0,438,18,MILK,4,0,0.0,0,0
90128775,0,439,18,MILK,6,0,0.0,0,0
90128775,0,440,18,MILK,5,0,0.0,0,0
90128775,1,440,18,MILK,2,0,0.0,0,0
90128775,0,441,18,STRAWBERRY,26,0,0.0,0,0
90128775,1,441,18,STRAWBERRY,17,0,0.0,0,0
90128775,1,441,18,WOOL,2,2,446.0,223.0,0
90128775,0,442,18,MILK,4,0,0.0,0,0
90128775,1,442,18,MILK,3,0,0.0,0,0
90128775,1,442,18,WOOL,2,2,443.0,221.5,0
90128775,0,443,18,MILK,6,0,0.0,0,0
90128775,1,443,18,MILK,5,0,0.0,0,0
90128775,0,443,18,WOOL,2,2,437.0,218.5,0
90128775,1,443,18,WOOL,2,2,441.0,220.5,0
90128775,0,444,18,MILK,25,0,0.0,0,0
90128775,1,444,18,MILK,20,0,0.0,0,0
90128775,0,444,18,WOOL,2,2,426.0,213.0,0
90128775,1,444,18,WOOL,2,2,432.0,216.0,0
90128775,0,445,18,STRAWBERRY,30,0,0.0,0,0
90128775,1,445,18,STRAWBERRY,20,0,0.0,0,0
90128775,0,445,18,WOOL,2,2,431.0,215.5,0
90128775,1,445,18,WOOL,2,2,431.0,215.5,0
90128775,1,446,18,WOOL,2,2,415.0,207.5,0
90128775,0,447,18,WOOL,2,2,400.0,200.0,0
90128775,1,447,18,WOOL,1,1,200.0,200.0,0
90128775,0,448,18,WOOL,2,2,398.0,199.0,0
90128775,0,449,18,WOOL,2,2,398.0,199.0,0
90128775,1,449,18,WOOL,2,0,0.0,0,0
90128775,0,450,18,STRAWBERRY,2,0,0.0,0,0
90128775,1,450,18,STRAWBERRY,1,0,0.0,0,0
90128775,0,450,18,MILK,8,0,0.0,0,0
90128775,1,450,18,MILK,6,0,0.0,0,0
90128775,1,453,18,WOOL,4,4,795.0,198.75,0
90128775,0,455,18,WOOL,4,4,782.0,195.5,0
90128775,0,456,19,WOOL,1,1,193.0,193.0,0
90128775,0,457,19,WOOL,4,0,0.0,0,0
90128775,1,461,19,STRAWBERRY,1,1,241.0,241.0,0
90128775,0,461,19,WOOL,4,0,0.0,0,0
90128775,1,461,19,WOOL,4,0,0.0,0,0
90128775,1,462,19,STRAWBERRY,1,1,241.0,241.0,0
90128775,0,463,19,STRAWBERRY,2,2,475.0,237.5,0
90128775,1,463,19,STRAWBERRY,11,11,2633.0,239.363636,0
90128775,0,464,19,STRAWBERRY,2,2,474.0,237.0,0
90128775,0,465,19,STRAWBERRY,17,8,1889.0,236.125,0
90128775,0,466,19,STRAWBERRY,3,0,0.0,0,0
90128775,0,466,19,WOOL,4,0,0.0,0,0
90128775,0,467,19,STRAWBERRY,15,0,0.0,0,0
90128775,1,467,19,MILK,9,9,2218.0,246.444444,0
90128775,0,468,19,STRAWBERRY,2,0,0.0,0,0
90128775,0,469,19,STRAWBERRY,2,0,0.0,0,0
90128775,1,469,19,STRAWBERRY,1,0,0.0,0,0
90128775,0,469,19,MILK,11,9,2202.0,244.666667,0
90128775,0,470,19,STRAWBERRY,3,0,0.0,0,0
90128775,0,470,19,WOOL,4,0,0.0,0,0
90128775,1,470,19,WOOL,4,0,0.0,0,0
90128775,0,471,19,STRAWBERRY,15,0,0.0,0,0
90128775,1,471,19,STRAWBERRY,10,0,0.0,0,0
90128775,0,471,19,MILK,11,0,0.0,0,0
90128775,1,471,19,MILK,1,0,0.0,0,0
90128775,0,472,19,STRAWBERRY,2,0,0.0,0,0
90128775,1,472,19,STRAWBERRY,1,0,0.0,0,0
90128775,0,474,19,STRAWBERRY,14,0,0.0,0,0
90128775,1,474,19,STRAWBERRY,9,0,0.0,0,0
90128775,0,475,19,MILK,15,0,0.0,0,0
90128775,1,475,19,MILK,12,0,0.0,0,0
90128775,0,477,19,MILK,14,0,0.0,0,0
90128775,1,477,19,MILK,11,0,0.0,0,0
90128775,0,478,19,STRAWBERRY,9,0,0.0,0,0
90128775,1,478,19,STRAWBERRY,6,0,0.0,0,0
90128775,0,480,20,STRAWBERRY,18,12,2774.0,231.166667,0
90128775,1,480,20,STRAWBERRY,12,12,2774.0,231.166667,0
90128775,0,480,20,MILK,15,15,3544.0,236.266667,0
90128775,1,481,20,MILK,15,15,3483.0,232.2,0
90128775,0,482,20,STRAWBERRY,18,0,0.0,0,0
90128775,0,483,20,MILK,19,0,0.0,0,0
90128775,0,485,20,MILK,19,0,0.0,0,0
90128775,0,486,20,STRAWBERRY,30,0,0.0,0,0
90128775,1,486,20,STRAWBERRY,20,0,0.0,0,0
90128775,0,488,20,STRAWBERRY,4,0,0.0,0,0
90128775,1,488,20,STRAWBERRY,3,0,0.0,0,0
90128775,0,489,20,MILK,19,0,0.0,0,0
90128775,1,489,20,MILK,15,0,0.0,0,0
90128775,1,489,20,WOOL,1,0,0.0,0,0
90128775,0,492,20,STRAWBERRY,3,2,462.0,231.0,0
90128775,0,493,20,STRAWBERRY,3,0,0.0,0,0
90128775,0,494,20,MELON,1,1,213.0,213.0,0
90128775,0,494,20,STRAWBERRY,6,0,0.0,0,0
90128775,1,494,20,STRAWBERRY,4,0,0.0,0,0
90128775,1,496,20,STRAWBERRY,3,0,0.0,0,0
90128775,0,497,20,STRAWBERRY,3,0,0.0,0,0
90128775,1,497,20,STRAWBERRY,2,0,0.0,0,0
90128775,0,498,20,STRAWBERRY,10,0,0.0,0,0
90128775,1,498,20,STRAWBERRY,7,0,0.0,0,0
90128775,1,499,20,MELON,2,2,422.0,211.0,0
90128775,0,499,20,STRAWBERRY,6,0,0.0,0,0
90128775,1,499,20,STRAWBERRY,4,0,0.0,0,0
90128775,0,501,20,STRAWBERRY,3,0,0.0,0,0
90128775,1,501,20,STRAWBERRY,2,0,0.0,0,0
90128775,0,504,21,MELON,2,0,0.0,0,0
90128775,0,504,21,STRAWBERRY,21,12,2712.0,226.0,0
90128775,1,504,21,STRAWBERRY,14,14,3154.0,225.285714,0
90128775,0,505,21,STRAWBERRY,27,0,0.0,0,0
90128775,1,505,21,STRAWBERRY,18,0,0.0,0,0
90128775,0,506,21,MELON,2,0,0.0,0,0
90128775,1,506,21,STRAWBERRY,3,0,0.0,0,0
90128775,0,509,21,MILK,2,2,484.0,242.0,0
90128775,0,510,21,MELON,2,0,0.0,0,0
90128775,1,510,21,MELON,2,0,0.0,0,0
90128775,0,510,21,MILK,2,2,483.0,241.5,0
90128775,0,511,21,MILK,2,2,481.0,240.5,0
90128775,1,512,21,STRAWBERRY,2,0,0.0,0,0
90128775,0,512,21,MILK,2,2,479.0,239.5,0
90128775,0,513,21,MILK,1,1,240.0,240.0,0
90128775,1,514,21,MILK,2,2,479.0,239.5,0
90128775,1,515,21,MILK,2,2,477.0,238.5,0
90128775,1,516,21,STRAWBERRY,2,0,0.0,0,0
90128775,1,516,21,MILK,2,2,475.0,237.5,0
90128775,1,517,21,MILK,2,2,480.0,240.0,0
90128775,1,518,21,MILK,1,1,239.0,239.0,0
90128775,0,519,21,MILK,2,0,0.0,0,0
90128775,1,519,21,MILK,3,0,0.0,0,0
90128775,0,520,21,MILK,2,0,0.0,0,0
90128775,0,521,21,MILK,2,0,0.0,0,0
90128775,0,523,21,MILK,2,0,0.0,0,0
90128775,0,524,21,MILK,1,0,0.0,0,0
90128775,0,525,21,MILK,2,0,0.0,0,0
90128775,1,525,21,MILK,2,0,0.0,0,0
90128775,0,526,21,STRAWBERRY,4,0,0.0,0,0
90128775,1,526,21,STRAWBERRY,3,0,0.0,0,0
90128775,0,526,21,MILK,1,1,240.0,240.0,0
90128775,0,526,21,WOOL,24,24,5518.0,229.916667,0
90128775,0,527,21,MELON,12,0,0.0,0,0
90128775,1,527,21,MELON,10,0,0.0,0,0
90128775,0,527,21,STRAWBERRY,3,0,0.0,0,0
90128775,1,527,21,STRAWBERRY,2,0,0.0,0,0
90128775,1,527,21,MILK,1,1,239.0,239.0,0
90128775,1,527,21,WOOL,24,24,5189.0,216.208333,0
90128775,0,528,22,STRAWBERRY,21,14,3134.0,223.857143,0
90128775,1,528,22,STRAWBERRY,14,14,3134.0,223.857143,0
90128775,0,528,22,MILK,11,11,2573.0,233.909091,0
90128775,1,528,22,MILK,11,11,2573.0,233.909091,0
90128775,1,530,22,WOOL,2,0,0.0,0,0
90128775,0,531,22,STRAWBERRY,21,0,0.0,0,0
90128775,1,531,22,STRAWBERRY,14,0,0.0,0,0
90128775,1,532,22,MILK,3,0,0.0,0,0
90128775,1,533,22,MILK,2,0,0.0,0,0
90128775,0,535,22,MILK,15,0,0.0,0,0
90128775,0,536,22,WOOL,24,0,0.0,0,0
90128775,0,537,22,MILK,24,0,0.0,0,0
90128775,0,538,22,WOOL,24,0,0.0,0,0
90128775,1,540,22,WOOL,3,0,0.0,0,0
90128775,0,541,22,MILK,30,0,0.0,0,0
90128775,1,541,22,MILK,24,0,0.0,0,0
90128775,0,542,22,WOOL,44,0,0.0,0,0
90128775,1,542,22,WOOL,44,0,0.0,0,0
90128775,0,543,22,STRAWBERRY,3,0,0.0,0,0
90128775,1,543,22,STRAWBERRY,2,0,0.0,0,0
90128775,0,547,22,STRAWBERRY,9,2,453.0,226.5,0
90128775,1,547,22,STRAWBERRY,6,2,453.0,226.5,0
90128775,0,548,22,STRAWBERRY,9,0,0.0,0,0
90128775,1,548,22,STRAWBERRY,6,0,0.0,0,0
90128775,1,548,22,MILK,4,4,954.0,238.5,0
90128775,1,549,22,MELON,6,6,1266.0,211.0,0
90128775,1,549,22,MILK,2,2,477.0,238.5,0
90128775,0,549,22,WOOL,2,0,0.0,0,0
90128775,1,549,22,WOOL,2,0,0.0,0,0
90128775,0,550,22,WOOL,12,0,0.0,0,0
90128775,1,550,22,WOOL,12,0,0.0,0,0
90128775,0,551,22,MELON,6,6,1218.0,203.0,0
90128775,0,551,22,STRAWBERRY,3,0,0.0,0,0
90128775,1,551,22,STRAWBERRY,2,0,0.0,0,0
90128775,0,552,23,STRAWBERRY,12,10,2114.0,211.4,0
90128775,1,552,23,STRAWBERRY,14,14,3024.0,216.0,0
90128775,0,552,23,MILK,5,5,1176.0,235.2,0
90128775,1,552,23,MILK,3,3,712.0,237.333333,0
90128775,0,552,23,WOOL,8,0,0.0,0,0
90128775,1,552,23,WOOL,8,0,0.0,0,0
90128775,0,553,23,MILK,4,4,946.0,236.5,0
90128775,1,558,23,MILK,1,0,0.0,0,0
90128775,1,559,23,MILK,1,0,0.0,0,0
90128775,0,560,23,STRAWBERRY,20,0,0.0,0,0
90128775,0,561,23,MELON,8,0,0.0,0,0
90128775,0,562,23,STRAWBERRY,20,0,0.0,0,0
90128775,0,562,23,MILK,5,0,0.0,0,0
90128775,0,563,23,MELON,8,0,0.0,0,0
90128775,0,564,23,MILK,5,0,0.0,0,0
90128775,0,565,23,MILK,1,0,0.0,0,0
90128775,0,566,23,STRAWBERRY,21,0,0.0,0,0
90128775,1,566,23,STRAWBERRY,14,0,0.0,0,0
90128775,0,566,23,MILK,5,0,0.0,0,0
90128775,1,566,23,MILK,4,0,0.0,0,0
90128775,0,566,23,WOOL,3,0,0.0,0,0
90128775,1,566,23,WOOL,3,0,0.0,0,0
90128775,0,567,23,MELON,11,0,0.0,0,0
90128775,1,567,23,MELON,9,0,0.0,0,0
90128775,0,569,23,STRAWBERRY,6,2,431.0,215.5,0
90128775,1,569,23,STRAWBERRY,4,2,433.0,216.5,0
90128775,0,569,23,MILK,1,0,0.0,0,0
90128775,0,570,23,MILK,2,2,484.0,242.0,0
90128775,1,570,23,MILK,3,3,725.0,241.666667,0
90128775,0,571,23,MILK,2,0,0.0,0,0
90128775,0,573,23,STRAWBERRY,9,0,0.0,0,0
90128775,1,573,23,STRAWBERRY,6,0,0.0,0,0
90128775,0,573,23,MILK,15,0,0.0,0,0
90128775,1,573,23,MILK,12,0,0.0,0,0
90128775,0,576,24,MELON,8,6,1185.0,197.5,0
90128775,1,576,24,MELON,6,6,1234.0,205.666667,0
90128775,0,576,24,STRAWBERRY,44,30,6173.0,205.766667,0
90128775,1,576,24,STRAWBERRY,30,30,5772.0,192.4,0
90128775,0,578,24,MELON,10,0,0.0,0,0
90128775,1,578,24,MELON,8,0,0.0,0,0
90128775,0,578,24,STRAWBERRY,52,0,0.0,0,0
90128775,1,578,24,STRAWBERRY,35,0,0.0,0,0
90128775,0,582,24,MELON,9,0,0.0,0,0
90128775,1,582,24,MELON,7,0,0.0,0,0
90128775,0,589,24,STRAWBERRY,3,2,393.0,196.5,0
90128775,1,589,24,STRAWBERRY,2,0,0.0,0,0
90128775,0,594,24,STRAWBERRY,6,0,0.0,0,0
90128775,1,594,24,STRAWBERRY,4,0,0.0,0,0
90128775,1,594,24,MILK,6,6,1503.0,250.5,0
90128775,0,595,24,STRAWBERRY,6,0,0.0,0,0
90128775,1,595,24,STRAWBERRY,4,0,0.0,0,0
90128775,1,595,24,MILK,6,6,1488.0,248.0,0
90128775,0,596,24,MILK,8,8,1951.0,243.875,0
90128775,1,596,24,MILK,3,3,737.0,245.666667,0
90128775,0,597,24,STRAWBERRY,6,4,778.0,194.5,0
90128775,1,597,24,STRAWBERRY,4,4,778.0,194.5,0
90128775,0,597,24,MILK,8,8,1922.0,240.25,0
90128775,1,597,24,MILK,3,3,726.0,242.0,0
90128775,0,598,24,MILK,2,2,475.0,237.5,0
90128775,0,599,24,MELON,8,0,0.0,0,0
90128775,1,599,24,MELON,6,0,0.0,0,0
90128775,0,599,24,STRAWBERRY,6,0,0.0,0,0
90128775,1,599,24,STRAWBERRY,4,0,0.0,0,0
90128775,1,599,24,WOOL,9,9,2097.0,233.0,0
90128775,0,600,25,STRAWBERRY,32,19,3566.0,187.684211,0
90128775,1,600,25,STRAWBERRY,21,21,3700.0,176.190476,0
90128775,0,600,25,MILK,3,3,704.0,234.666667,0
90128775,1,600,25,MILK,3,3,709.0,236.333333,0
90128775,1,600,25,WOOL,9,9,2080.0,231.111111,0
90128775,1,601,25,STRAWBERRY,3,0,0.0,0,0
90128775,0,601,25,WOOL,9,9,2068.0,229.777778,0
90128775,1,601,25,WOOL,3,3,692.0,230.666667,0
90128775,0,602,25,WOOL,9,9,2042.0,226.888889,0
90128775,1,603,25,MELON,1,0,0.0,0,0
90128775,0,603,25,WOOL,3,3,673.0,224.333333,0
90128775,0,606,25,MILK,8,0,0.0,0,0
90128775,0,607,25,MILK,19,0,0.0,0,0
90128775,1,608,25,MELON,2,0,0.0,0,0
90128775,0,608,25,MILK,8,0,0.0,0,0
90128775,0,609,25,MILK,11,0,0.0,0,0
90128775,0,611,25,WOOL,9,0,0.0,0,0
90128775,0,612,25,MILK,8,0,0.0,0,0
90128775,1,612,25,MILK,6,0,0.0,0,0
90128775,0,612,25,WOOL,9,0,0.0,0,0
90128775,1,612,25,WOOL,2,0,0.0,0,0
90128775,0,613,25,MILK,11,0,0.0,0,0
90128775,1,613,25,MILK,9,0,0.0,0,0
90128775,0,613,25,WOOL,9,0,0.0,0,0
90128775,0,617,25,STRAWBERRY,9,0,0.0,0,0
90128775,1,617,25,STRAWBERRY,6,0,0.0,0,0
90128775,0,617,25,MILK,18,0,0.0,0,0
90128775,1,617,25,MILK,14,0,0.0,0,0
90128775,0,617,25,WOOL,9,0,0.0,0,0
90128775,1,617,25,WOOL,9,0,0.0,0,0
90128775,0,619,25,STRAWBERRY,9,0,0.0,0,0
90128775,1,619,25,STRAWBERRY,6,0,0.0,0,0
90128775,1,621,25,STRAWBERRY,2,0,0.0,0,0
90128775,0,622,25,MELON,8,0,0.0,0,0
90128775,1,622,25,MELON,6,0,0.0,0,0
90128775,0,625,26,MELON,8,6,1091.0,181.833333,0
90128775,1,625,26,MELON,6,6,1030.0,171.666667,0
90128775,0,625,26,STRAWBERRY,20,20,3153.0,157.65,0
90128775,1,625,26,STRAWBERRY,20,20,3466.0,173.3,0
90128775,0,625,26,MILK,15,15,3588.0,239.2,0
90128775,1,625,26,MILK,15,15,3690.0,246.0,0
90128775,0,625,26,WOOL,1,0,0.0,0,0
90128775,1,625,26,WOOL,1,0,0.0,0,0
90128775,0,627,26,WOOL,2,0,0.0,0,0
90128775,0,631,26,STRAWBERRY,30,0,0.0,0,0
90128775,0,631,26,WOOL,12,0,0.0,0,0
90128775,1,631,26,WOOL,12,0,0.0,0,0
90128775,0,632,26,MILK,19,0,0.0,0,0
90128775,0,633,26,STRAWBERRY,30,0,0.0,0,0
90128775,0,633,26,MILK,19,0,0.0,0,0
90128775,0,637,26,STRAWBERRY,30,0,0.0,0,0
90128775,1,637,26,STRAWBERRY,20,0,0.0,0,0
90128775,0,637,26,MILK,38,0,0.0,0,0
90128775,1,637,26,MILK,30,0,0.0,0,0
90128775,1,642,26,MELON,1,0,0.0,0,0
90128775,0,649,27,MELON,8,6,1051.0,175.166667,0
90128775,1,649,27,MELON,6,6,987.0,164.5,0
90128775,0,649,27,STRAWBERRY,3,3,517.0,172.333333,0
90128775,1,649,27,STRAWBERRY,2,2,348.0,174.0,0
90128775,0,649,27,MILK,9,9,2174.0,241.555556,0
90128775,1,649,27,MILK,9,9,2210.0,245.555556,0
90128775,0,649,27,WOOL,1,1,234.0,234.0,0
90128775,1,649,27,WOOL,1,1,234.0,234.0,0
90128775,0,650,27,STRAWBERRY,3,3,509.0,169.666667,0
90128775,1,650,27,STRAWBERRY,10,10,1660.0,166.0,0
90128775,0,650,27,WOOL,1,1,234.0,234.0,0
90128775,1,650,27,WOOL,1,1,234.0,234.0,0
90128775,0,651,27,STRAWBERRY,3,3,478.0,159.333333,0
90128775,1,651,27,STRAWBERRY,13,13,1986.0,152.769231,0
90128775,0,651,27,WOOL,1,1,234.0,234.0,0
90128775,1,651,27,WOOL,1,1,234.0,234.0,0
90128775,0,652,27,STRAWBERRY,3,3,427.0,142.333333,0
90128775,0,652,27,WOOL,1,1,233.0,233.0,0
90128775,1,652,27,WOOL,1,1,233.0,233.0,0
90128775,0,653,27,STRAWBERRY,3,3,431.0,143.666667,0
90128775,0,653,27,WOOL,1,1,233.0,233.0,0
90128775,1,653,27,WOOL,1,1,233.0,233.0,0
90128775,0,654,27,STRAWBERRY,3,3,417.0,139.0,0
90128775,0,654,27,WOOL,1,1,233.0,233.0,0
90128775,1,654,27,WOOL,1,1,233.0,233.0,0
90128775,0,655,27,STRAWBERRY,3,3,395.0,131.666667,0
90128775,0,655,27,MILK,11,0,0.0,0,0
90128775,0,655,27,WOOL,1,1,232.0,232.0,0
90128775,1,655,27,WOOL,1,1,233.0,233.0,0
90128775,0,656,27,STRAWBERRY,2,2,238.0,119.0,0
90128775,0,656,27,WOOL,1,1,232.0,232.0,0
90128775,1,656,27,WOOL,1,1,232.0,232.0,0
90128775,0,657,27,STRAWBERRY,3,1,132.0,132.0,0
90128775,0,657,27,MILK,11,0,0.0,0,0
90128775,1,657,27,MILK,2,0,0.0,0,0
90128775,0,657,27,WOOL,1,1,232.0,232.0,0
90128775,1,657,27,WOOL,1,1,232.0,232.0,0
90128775,0,658,27,WOOL,1,1,232.0,232.0,0
90128775,1,658,27,WOOL,1,1,232.0,232.0,0
90128775,0,659,27,STRAWBERRY,3,0,0.0,0,0
90128775,0,659,27,WOOL,1,1,231.0,231.0,0
90128775,1,659,27,WOOL,1,1,231.0,231.0,0
90128775,0,660,27,WOOL,1,1,231.0,231.0,0
90128775,1,660,27,WOOL,1,1,231.0,231.0,0
90128775,0,661,27,STRAWBERRY,3,0,0.0,0,0
90128775,1,661,27,STRAWBERRY,2,0,0.0,0,0
90128775,0,661,27,MILK,12,0,0.0,0,0
90128775,1,661,27,MILK,10,0,0.0,0,0
90128775,0,661,27,WOOL,1,1,232.0,232.0,0
90128775,1,661,27,WOOL,1,1,232.0,232.0,0
90128775,0,662,27,STRAWBERRY,12,0,0.0,0,0
90128775,0,663,27,STRAWBERRY,14,0,0.0,0,0
90128775,1,664,27,MELON,1,0,0.0,0,0
90128775,0,664,27,STRAWBERRY,12,0,0.0,0,0
90128775,0,665,27,STRAWBERRY,6,0,0.0,0,0
90128775,1,665,27,MILK,1,0,0.0,0,0
90128775,1,666,27,MELON,3,0,0.0,0,0
90128775,0,667,27,MILK,5,0,0.0,0,0
90128775,1,667,27,MILK,4,0,0.0,0,0
90128775,0,668,27,STRAWBERRY,12,0,0.0,0,0
90128775,1,668,27,STRAWBERRY,8,0,0.0,0,0
90128775,0,669,27,STRAWBERRY,6,0,0.0,0,0
90128775,1,669,27,STRAWBERRY,4,0,0.0,0,0
90128775,0,670,27,MILK,19,0,0.0,0,0
90128775,1,670,27,MILK,15,0,0.0,0,0
90128775,1,673,28,MELON,12,12,1951.0,162.583333,0
90128775,0,673,28,STRAWBERRY,4,4,578.0,144.5,0
90128775,1,673,28,STRAWBERRY,15,15,2331.0,155.4,0
90128775,0,673,28,MILK,15,15,3663.0,244.2,0
90128775,1,673,28,MILK,15,15,3671.0,244.733333,0
90128775,1,673,28,WOOL,11,11,2556.0,232.363636,0
90128775,0,674,28,STRAWBERRY,4,4,552.0,138.0,0
90128775,0,674,28,MILK,10,0,0.0,0,0
90128775,0,675,28,STRAWBERRY,4,4,498.0,124.5,0
90128775,0,676,28,STRAWBERRY,3,1,116.0,116.0,0
90128775,0,678,28,MILK,10,0,0.0,0,0
90128775,1,678,28,MILK,8,0,0.0,0,0
90128775,1,679,28,MELON,1,0,0.0,0,0
90128775,0,679,28,STRAWBERRY,4,0,0.0,0,0
90128775,0,681,28,STRAWBERRY,4,0,0.0,0,0
90128775,0,682,28,STRAWBERRY,18,0,0.0,0,0
90128775,0,685,28,STRAWBERRY,4,0,0.0,0,0
90128775,1,685,28,STRAWBERRY,3,0,0.0,0,0
90128775,0,685,28,MILK,11,0,0.0,0,0
90128775,1,685,28,MILK,9,0,0.0,0,0
90128775,0,686,28,STRAWBERRY,34,0,0.0,0,0
90128775,1,686,28,STRAWBERRY,23,0,0.0,0,0
90128775,0,686,28,MILK,16,0,0.0,0,0
90128775,1,686,28,MILK,13,0,0.0,0,0
90128775,0,687,28,MELON,12,12,1764.0,147.0,0
90128775,0,687,28,WOOL,11,11,2554.0,232.181818,0
90128775,0,688,28,STRAWBERRY,4,0,0.0,0,0
90128775,1,688,28,STRAWBERRY,3,0,0.0,0,0
90128775,0,689,28,STRAWBERRY,9,0,0.0,0,0
90128775,1,689,28,STRAWBERRY,6,0,0.0,0,0
90128775,0,690,28,STRAWBERRY,21,0,0.0,0,0
90128775,1,690,28,STRAWBERRY,14,0,0.0,0,0
90128775,0,697,29,MELON,15,0,0.0,0,0
90128775,0,697,29,STRAWBERRY,20,13,2082.0,160.153846,0
90128775,1,697,29,STRAWBERRY,13,13,1900.0,146.153846,0
90128775,0,697,29,MILK,11,9,2190.0,243.333333,0
90128775,1,697,29,MILK,9,9,2226.0,247.333333,0
90128775,0,697,29,WOOL,20,0,0.0,0,0
90128775,0,698,29,MILK,11,0,0.0,0,0
90128775,1,698,29,MILK,3,0,0.0,0,0
90128775,0,699,29,WOOL,22,0,0.0,0,0
90128775,0,702,29,MILK,14,0,0.0,0,0
90128775,1,702,29,MILK,11,0,0.0,0,0
90128775,0,703,29,MILK,4,0,0.0,0,0
90128775,1,703,29,MILK,3,0,0.0,0,0
90128775,0,703,29,WOOL,24,0,0.0,0,0
90128775,1,703,29,WOOL,24,0,0.0,0,0
90128775,1,705,29,WOOL,2,0,0.0,0,0
90128775,1,706,29,MILK,1,0,0.0,0,0
90128775,0,707,29,MELON,1,0,0.0,0,0
90128775,0,709,29,MELON,8,0,0.0,0,0
90128775,0,709,29,WOOL,12,0,0.0,0,0
90128775,1,709,29,WOOL,12,0,0.0,0,0
90128775,0,710,29,MELON,3,0,0.0,0,0
90128775,0,710,29,MILK,9,0,0.0,0,0
90128775,1,710,29,MILK,9,0,0.0,0,0
90128775,0,711,29,MELON,1,0,0.0,0,0
90128775,1,711,29,MELON,1,0,0.0,0,0
90128775,0,712,29,MILK,12,0,0.0,0,0
90128775,1,712,29,MILK,12,0,0.0,0,0
90128775,0,712,29,WOOL,20,0,0.0,0,0
90128775,1,712,29,WOOL,20,0,0.0,0,0
90128775,0,713,29,MELON,8,0,0.0,0,0
90128775,1,713,29,MELON,8,0,0.0,0,0
90128775,0,713,29,STRAWBERRY,6,0,0.0,0,0
90128775,1,713,29,STRAWBERRY,6,0,0.0,0,0
90128775,0,713,29,MILK,3,0,0.0,0,0
90128775,1,713,29,MILK,3,0,0.0,0,0
90128775,0,714,29,MELON,3,0,0.0,0,0
90128775,1,714,29,MELON,3,0,0.0,0,0
90128775,0,715,29,MILK,3,0,0.0,0,0
90128775,1,715,29,MILK,3,0,0.0,0,0
90128775,0,715,29,WOOL,12,0,0.0,0,0
90128775,1,715,29,WOOL,12,0,0.0,0,0
90128775,1,716,29,STRAWBERRY,3,0,0.0,0,0
90128775,0,716,29,MILK,3,0,0.0,0,0
90128775,1,716,29,MILK,3,0,0.0,0,0
90128775,0,717,29,STRAWBERRY,2,0,0.0,0,0
90128778,0,76,3,MELON,6,0,0.0,0,0
90128778,1,76,3,MELON,6,0,0.0,0,0
90128778,0,77,3,MELON,5,0,0.0,0,0
90128778,1,77,3,MELON,5,0,0.0,0,0
90128778,0,98,4,MELON,4,0,0.0,0,0
90128778,1,98,4,MELON,4,0,0.0,0,0
90128778,0,158,6,WOOL,6,0,0.0,0,0
90128778,1,158,6,WOOL,6,0,0.0,0,0
90128778,0,195,8,MILK,8,0,0.0,0,0
90128778,1,195,8,MILK,8,0,0.0,0,0
90128778,0,198,8,MILK,12,0,0.0,0,0
90128778,1,198,8,MILK,12,0,0.0,0,0
90128778,0,229,9,WOOL,4,0,0.0,0,0
90128778,1,229,9,WOOL,4,0,0.0,0,0
90128778,0,256,10,MELON,6,0,0.0,0,0
90128778,1,256,10,MELON,6,0,0.0,0,0
90128778,0,257,10,MELON,6,0,0.0,0,0
90128778,1,257,10,MELON,6,0,0.0,0,0
90128778,0,259,10,MELON,16,0,0.0,0,0
90128778,1,259,10,MELON,16,0,0.0,0,0
90128778,0,262,10,MELON,11,0,0.0,0,0
90128778,1,262,10,MELON,11,0,0.0,0,0
90128778,0,264,11,MELON,27,18,4178.0,232.111111,0
90128778,1,264,11,MELON,27,18,4178.0,232.111111,0
90128778,0,269,11,STRAWBERRY,4,0,0.0,0,0
90128778,1,269,11,STRAWBERRY,4,0,0.0,0,0
90128778,0,280,11,WOOL,6,0,0.0,0,0
90128778,1,280,11,WOOL,6,0,0.0,0,0
90128778,0,285,11,MILK,9,9,1823.0,202.555556,0
90128778,0,292,12,STRAWBERRY,6,0,0.0,0,0
90128778,1,292,12,STRAWBERRY,6,0,0.0,0,0
90128778,0,294,12,MILK,12,0,0.0,0,0
90128778,1,294,12,MILK,12,9,1799.0,199.888889,0
90128778,0,295,12,MILK,20,0,0.0,0,0
90128778,1,295,12,MILK,20,0,0.0,0,0
90128778,0,301,12,MILK,9,0,0.0,0,0
90128778,1,301,12,MILK,9,0,0.0,0,0
90128778,0,302,12,MILK,6,0,0.0,0,0
90128778,1,302,12,MILK,6,0,0.0,0,0
90128778,0,306,12,MELON,12,0,0.0,0,0
90128778,1,306,12,MELON,12,0,0.0,0,0
90128778,0,308,12,MILK,2,0,0.0,0,0
90128778,1,308,12,MILK,2,0,0.0,0,0
90128778,0,309,12,WOOL,5,0,0.0,0,0
90128778,1,309,12,WOOL,5,0,0.0,0,0
90128778,0,316,13,MILK,3,3,594.0,198.0,0
90128778,0,317,13,MILK,1,1,198.0,198.0,0
90128778,0,325,13,MILK,3,0,0.0,0,0
90128778,1,325,13,MILK,3,3,606.0,202.0,0
90128778,0,326,13,MILK,3,3,588.0,196.0,0
90128778,0,347,14,MILK,3,0,0.0,0,0
90128778,1,347,14,MILK,3,3,612.0,204.0,0
90128778,0,348,14,MILK,4,0,0.0,0,0
90128778,1,348,14,MILK,4,4,806.0,201.5,0
90128778,0,348,14,WOOL,7,6,1411.0,235.166667,0
90128778,1,348,14,WOOL,7,6,1411.0,235.166667,0
90128778,0,353,14,WOOL,6,0,0.0,0,0
90128778,1,353,14,WOOL,6,0,0.0,0,0
90128778,0,354,14,WOOL,6,0,0.0,0,0
90128778,1,354,14,WOOL,6,0,0.0,0,0
90128778,0,358,14,WOOL,7,0,0.0,0,0
90128778,1,358,14,WOOL,7,0,0.0,0,0
90128778,0,359,14,MELON,6,6,1276.0,212.666667,0
90128778,1,359,14,MELON,5,5,1070.0,214.0,0
90128778,0,359,14,STRAWBERRY,4,0,0.0,0,0
90128778,1,359,14,STRAWBERRY,4,0,0.0,0,0
90128778,0,360,15,MELON,6,6,1210.0,201.666667,0
90128778,0,361,15,WOOL,4,4,914.0,228.5,0
90128778,0,362,15,MELON,7,0,0.0,0,0
90128778,1,362,15,MELON,7,7,1367.0,195.285714,0
90128778,0,362,15,MILK,9,9,1860.0,206.666667,0
90128778,0,370,15,WOOL,9,0,0.0,0,0
90128778,1,370,15,WOOL,9,4,914.0,228.5,0
90128778,0,371,15,MILK,12,0,0.0,0,0
90128778,1,371,15,MILK,12,9,1839.0,204.333333,0
90128778,0,375,15,WOOL,6,0,0.0,0,0
90128778,1,375,15,WOOL,6,0,0.0,0,0
90128778,0,384,16,MILK,9,9,1853.0,205.888889,0
90128778,0,384,16,WOOL,8,4,916.0,229.0,0
90128778,1,384,16,WOOL,8,4,916.0,229.0,0
90128778,0,391,16,MILK,28,0,0.0,0,0
90128778,1,391,16,MILK,28,9,1846.0,205.111111,0
90128778,0,407,16,WOOL,4,0,0.0,0,0
90128778,1,407,16,WOOL,4,0,0.0,0,0
90128778,0,408,17,MILK,9,9,1858.0,206.444444,0
90128778,1,408,17,MILK,5,5,1046.0,209.2,0
90128778,0,409,17,MILK,9,0,0.0,0,0
90128778,1,409,17,MILK,9,4,815.0,203.75,0
90128778,0,411,17,MELON,1,0,0.0,0,0
90128778,1,411,17,MELON,1,0,0.0,0,0
90128778,0,412,17,STRAWBERRY,5,5,1158.0,231.6,0
90128778,0,413,17,STRAWBERRY,3,3,694.0,231.333333,0
90128778,0,421,17,STRAWBERRY,5,0,0.0,0,0
90128778,1,421,17,STRAWBERRY,5,5,1163.0,232.6,0
90128778,0,423,17,MELON,4,0,0.0,0,0
90128778,1,423,17,MELON,4,0,0.0,0,0
90128778,0,423,17,WOOL,4,0,0.0,0,0
90128778,1,423,17,WOOL,4,0,0.0,0,0
90128778,0,424,17,MELON,2,2,383.0,191.5,0
90128778,0,424,17,WOOL,3,0,0.0,0,0
90128778,1,424,17,WOOL,3,0,0.0,0,0
90128778,0,432,18,STRAWBERRY,8,8,1860.0,232.5,0
90128778,0,433,18,MILK,3,3,653.0,217.666667,0
90128778,0,434,18,MILK,8,8,1711.0,213.875,0
90128778,0,435,18,MILK,1,1,211.0,211.0,0
90128778,0,440,18,WOOL,2,2,466.0,233.0,0
90128778,0,441,18,STRAWBERRY,17,0,0.0,0,0
90128778,1,441,18,STRAWBERRY,17,11,2573.0,233.909091,0
90128778,0,441,18,WOOL,2,2,466.0,233.0,0
90128778,0,442,18,MILK,3,0,0.0,0,0
90128778,1,442,18,MILK,3,3,641.0,213.666667,0
90128778,0,442,18,WOOL,2,2,466.0,233.0,0
90128778,0,443,18,MILK,5,0,0.0,0,0
90128778,1,443,18,MILK,5,5,1053.0,210.6,0
90128778,0,443,18,WOOL,2,2,465.0,232.5,0
90128778,0,444,18,MILK,20,0,0.0,0,0
90128778,1,444,18,MILK,20,4,829.0,207.25,0
90128778,0,444,18,WOOL,2,2,464.0,232.0,0
90128778,0,445,18,STRAWBERRY,20,0,0.0,0,0
90128778,1,445,18,STRAWBERRY,20,0,0.0,0,0
90128778,0,445,18,WOOL,2,2,465.0,232.5,0
90128778,0,446,18,WOOL,1,1,232.0,232.0,0
90128778,0,449,18,WOOL,2,0,0.0,0,0
90128778,1,449,18,WOOL,2,2,464.0,232.0,0
90128778,0,450,18,STRAWBERRY,1,0,0.0,0,0
90128778,1,450,18,STRAWBERRY,1,0,0.0,0,0
90128778,0,450,18,MILK,6,0,0.0,0,0
90128778,1,450,18,MILK,6,0,0.0,0,0
90128778,0,452,18,WOOL,4,4,927.0,231.75,0
90128778,0,460,19,STRAWBERRY,1,1,238.0,238.0,0
90128778,0,461,19,STRAWBERRY,1,1,238.0,238.0,0
90128778,0,461,19,WOOL,4,0,0.0,0,0
90128778,1,461,19,WOOL,4,4,930.0,232.5,0
90128778,0,462,19,STRAWBERRY,11,11,2603.0,236.636364,0
90128778,0,463,19,STRAWBERRY,2,2,470.0,235.0,0
90128778,0,466,19,MILK,9,9,1965.0,218.333333,0
90128778,0,469,19,STRAWBERRY,1,0,0.0,0,0
90128778,1,469,19,STRAWBERRY,1,1,237.0,237.0,0
90128778,0,470,19,WOOL,4,0,0.0,0,0
90128778,1,470,19,WOOL,4,4,932.0,233.0,0
90128778,0,471,19,STRAWBERRY,10,0,0.0,0,0
90128778,1,471,19,STRAWBERRY,10,10,2356.0,235.6,0
90128778,0,472,19,STRAWBERRY,1,0,0.0,0,0
90128778,1,472,19,STRAWBERRY,1,1,234.0,234.0,0
90128778,0,474,19,STRAWBERRY,9,0,0.0,0,0
90128778,1,474,19,STRAWBERRY,9,3,704.0,234.666667,0
90128778,0,475,19,MILK,12,0,0.0,0,0
90128778,1,475,19,MILK,12,9,1959.0,217.666667,0
90128778,0,477,19,MILK,11,0,0.0,0,0
90128778,1,477,19,MILK,11,0,0.0,0,0
90128778,0,478,19,STRAWBERRY,6,0,0.0,0,0
90128778,1,478,19,STRAWBERRY,6,0,0.0,0,0
90128778,0,480,20,MILK,15,15,3024.0,201.6,0
90128778,0,481,20,STRAWBERRY,12,12,2786.0,232.166667,0
90128778,0,486,20,STRAWBERRY,20,0,0.0,0,0
90128778,1,486,20,STRAWBERRY,20,12,2756.0,229.666667,0
90128778,0,488,20,STRAWBERRY,3,0,0.0,0,0
90128778,1,488,20,STRAWBERRY,3,0,0.0,0,0
90128778,0,489,20,MILK,15,0,0.0,0,0
90128778,1,489,20,MILK,15,15,2996.0,199.733333,0
90128778,0,492,20,STRAWBERRY,2,2,458.0,229.0,0
90128778,0,494,20,STRAWBERRY,4,0,0.0,0,0
90128778,1,494,20,STRAWBERRY,4,2,461.0,230.5,0
90128778,0,497,20,STRAWBERRY,2,0,0.0,0,0
90128778,1,497,20,STRAWBERRY,2,0,0.0,0,0
90128778,0,498,20,STRAWBERRY,7,0,0.0,0,0
90128778,1,498,20,STRAWBERRY,7,0,0.0,0,0
90128778,0,499,20,STRAWBERRY,4,0,0.0,0,0
90128778,1,499,20,STRAWBERRY,4,0,0.0,0,0
90128778,0,501,20,STRAWBERRY,2,0,0.0,0,0
90128778,1,501,20,STRAWBERRY,2,0,0.0,0,0
90128778,0,504,21,STRAWBERRY,14,14,3157.0,225.5,0
90128778,0,505,21,STRAWBERRY,18,0,0.0,0,0
90128778,1,505,21,STRAWBERRY,18,14,3128.0,223.428571,0
90128778,0,510,21,MELON,2,0,0.0,0,0
90128778,1,510,21,MELON,2,2,431.0,215.5,0
90128778,0,516,21,MILK,2,2,428.0,214.0,0
90128778,0,517,21,MILK,2,2,435.0,217.5,0
90128778,0,518,21,MILK,2,2,432.0,216.0,0
90128778,0,519,21,MILK,2,2,429.0,214.5,0
90128778,0,520,21,MILK,1,1,214.0,214.0,0
90128778,0,525,21,MILK,2,0,0.0,0,0
90128778,1,525,21,MILK,2,2,433.0,216.5,0
90128778,0,526,21,STRAWBERRY,3,0,0.0,0,0
90128778,1,526,21,STRAWBERRY,3,0,0.0,0,0
90128778,0,527,21,MELON,10,0,0.0,0,0
90128778,1,527,21,MELON,10,0,0.0,0,0
90128778,0,527,21,STRAWBERRY,2,0,0.0,0,0
90128778,1,527,21,STRAWBERRY,2,0,0.0,0,0
90128778,0,528,22,STRAWBERRY,14,14,3157.0,225.5,0
90128778,0,531,22,STRAWBERRY,14,0,0.0,0,0
90128778,1,531,22,STRAWBERRY,14,14,3128.0,223.428571,0
90128778,0,532,22,MILK,12,12,2583.0,215.25,0
90128778,0,533,22,WOOL,24,24,5713.0,238.041667,0
90128778,0,541,22,MILK,24,0,0.0,0,0
90128778,1,541,22,MILK,24,21,4467.0,212.714286,0
90128778,0,542,22,WOOL,44,0,0.0,0,0
90128778,1,542,22,WOOL,44,31,7308.0,235.741935,0
90128778,0,543,22,STRAWBERRY,2,0,0.0,0,0
90128778,1,543,22,STRAWBERRY,2,0,0.0,0,0
90128778,0,547,22,STRAWBERRY,6,2,455.0,227.5,0
90128778,1,547,22,STRAWBERRY,6,2,455.0,227.5,0
90128778,0,548,22,STRAWBERRY,6,0,0.0,0,0
90128778,1,548,22,STRAWBERRY,6,0,0.0,0,0
90128778,0,549,22,WOOL,2,0,0.0,0,0
90128778,1,549,22,WOOL,2,0,0.0,0,0
90128778,0,550,22,WOOL,12,0,0.0,0,0
90128778,1,550,22,WOOL,12,0,0.0,0,0
90128778,0,551,22,STRAWBERRY,2,0,0.0,0,0
90128778,1,551,22,STRAWBERRY,2,0,0.0,0,0
90128778,0,552,23,WOOL,8,0,0.0,0,0
90128778,1,552,23,WOOL,8,0,0.0,0,0
90128778,0,557,23,STRAWBERRY,14,14,3098.0,221.285714,0
90128778,0,558,23,MELON,6,6,1295.0,215.833333,0
90128778,0,559,23,MILK,4,4,861.0,215.25,0
90128778,0,560,23,MILK,4,4,850.0,212.5,0
90128778,0,561,23,MILK,1,1,213.0,213.0,0
90128778,0,566,23,STRAWBERRY,14,0,0.0,0,0
90128778,1,566,23,STRAWBERRY,14,14,3088.0,220.571429,0
90128778,0,566,23,MILK,4,0,0.0,0,0
90128778,1,566,23,MILK,4,4,864.0,216.0,0
90128778,0,566,23,WOOL,3,0,0.0,0,0
90128778,1,566,23,WOOL,3,0,0.0,0,0
90128778,0,567,23,MELON,9,0,0.0,0,0
90128778,1,567,23,MELON,9,6,1280.0,213.333333,0
90128778,0,569,23,STRAWBERRY,4,2,437.0,218.5,0
90128778,1,569,23,STRAWBERRY,4,4,871.0,217.75,0
90128778,0,570,23,MILK,3,3,647.0,215.666667,0
90128778,0,573,23,STRAWBERRY,6,0,0.0,0,0
90128778,1,573,23,STRAWBERRY,6,0,0.0,0,0
90128778,0,573,23,MILK,12,0,0.0,0,0
90128778,1,573,23,MILK,12,8,1711.0,213.875,0
90128778,0,576,24,STRAWBERRY,30,30,6234.0,207.8,0
90128778,0,577,24,MELON,6,6,1266.0,211.0,0
90128778,0,578,24,MELON,8,0,0.0,0,0
90128778,1,578,24,MELON,8,6,1218.0,203.0,0
90128778,0,578,24,STRAWBERRY,35,0,0.0,0,0
90128778,1,578,24,STRAWBERRY,35,30,5955.0,198.5,0
90128778,0,582,24,MELON,7,0,0.0,0,0
90128778,1,582,24,MELON,7,0,0.0,0,0
90128778,0,589,24,STRAWBERRY,2,2,397.0,198.5,0
90128778,1,589,24,STRAWBERRY,2,2,397.0,198.5,0
90128778,0,594,24,STRAWBERRY,4,0,0.0,0,0
90128778,1,594,24,STRAWBERRY,4,0,0.0,0,0
90128778,0,595,24,STRAWBERRY,4,0,0.0,0,0
90128778,1,595,24,STRAWBERRY,4,0,0.0,0,0
90128778,0,597,24,STRAWBERRY,4,4,786.0,196.5,0
90128778,0,599,24,MELON,6,0,0.0,0,0
90128778,1,599,24,MELON,6,0,0.0,0,0
90128778,0,599,24,STRAWBERRY,4,0,0.0,0,0
90128778,1,599,24,STRAWBERRY,4,4,778.0,194.5,0
90128778,0,600,25,STRAWBERRY,21,21,3830.0,182.380952,0
90128778,1,600,25,STRAWBERRY,21,21,3830.0,182.380952,0
90128778,0,603,25,MILK,6,6,1379.0,229.833333,0
90128778,0,604,25,MILK,15,15,3357.0,223.8,0
90128778,0,608,25,WOOL,9,9,2149.0,238.777778,0
90128778,0,609,25,WOOL,9,9,2142.0,238.0,0
90128778,0,610,25,WOOL,3,3,711.0,237.0,0
90128778,0,612,25,MILK,6,0,0.0,0,0
90128778,1,612,25,MILK,6,6,1327.0,221.166667,0
90128778,0,613,25,MILK,9,0,0.0,0,0
90128778,1,613,25,MILK,9,9,1987.0,220.777778,0
90128778,0,617,25,STRAWBERRY,6,0,0.0,0,0
90128778,1,617,25,STRAWBERRY,6,0,0.0,0,0
90128778,0,617,25,MILK,14,0,0.0,0,0
90128778,1,617,25,MILK,14,6,1308.0,218.0,0
90128778,0,617,25,WOOL,9,0,0.0,0,0
90128778,1,617,25,WOOL,9,9,2138.0,237.555556,0
90128778,0,619,25,STRAWBERRY,6,0,0.0,0,0
90128778,1,619,25,STRAWBERRY,6,0,0.0,0,0
90128778,0,622,25,MELON,6,0,0.0,0,0
90128778,1,622,25,MELON,6,0,0.0,0,0
90128778,0,625,26,MELON,6,6,1066.0,177.666667,0
90128778,1,625,26,MELON,6,6,1066.0,177.666667,0
90128778,0,625,26,WOOL,1,0,0.0,0,0
90128778,1,625,26,WOOL,1,1,238.0,238.0,0
90128778,0,628,26,STRAWBERRY,20,20,3466.0,173.3,0
90128778,0,629,26,MILK,15,15,3293.0,219.533333,0
90128778,0,631,26,WOOL,12,0,0.0,0,0
90128778,1,631,26,WOOL,12,11,2612.0,237.454545,0
90128778,0,637,26,STRAWBERRY,20,0,0.0,0,0
90128778,1,637,26,STRAWBERRY,20,20,3411.0,170.55,0
90128778,0,637,26,MILK,30,0,0.0,0,0
90128778,1,637,26,MILK,30,15,3244.0,216.266667,0
90128778,0,649,27,MELON,6,6,1024.0,170.666667,0
90128778,1,649,27,MELON,6,6,1024.0,170.666667,0
90128778,0,652,27,MILK,9,9,1953.0,217.0,0
90128778,0,653,27,WOOL,1,1,239.0,239.0,0
90128778,0,654,27,WOOL,1,1,239.0,239.0,0
90128778,0,655,27,WOOL,1,1,239.0,239.0,0
90128778,0,656,27,WOOL,1,1,239.0,239.0,0
90128778,0,657,27,WOOL,1,1,239.0,239.0,0
90128778,0,658,27,WOOL,1,1,239.0,239.0,0
90128778,0,659,27,STRAWBERRY,10,10,1766.0,176.6,0
90128778,0,660,27,STRAWBERRY,14,14,2359.0,168.5,0
90128778,0,661,27,STRAWBERRY,2,1,169.0,169.0,0
90128778,1,661,27,STRAWBERRY,2,2,337.0,168.5,0
90128778,0,661,27,MILK,10,0,0.0,0,0
90128778,1,661,27,MILK,10,9,1976.0,219.555556,0
90128778,0,661,27,WOOL,1,1,239.0,239.0,0
90128778,1,661,27,WOOL,1,1,239.0,239.0,0
90128778,0,667,27,MILK,4,0,0.0,0,0
90128778,1,667,27,MILK,4,0,0.0,0,0
90128778,0,668,27,STRAWBERRY,8,0,0.0,0,0
90128778,1,668,27,STRAWBERRY,8,8,1337.0,167.125,0
90128778,0,669,27,STRAWBERRY,4,0,0.0,0,0
90128778,1,669,27,STRAWBERRY,4,4,662.0,165.5,0
90128778,0,670,27,MILK,15,0,0.0,0,0
90128778,1,670,27,MILK,15,0,0.0,0,0
90128778,0,673,28,MILK,12,12,2629.0,219.083333,0
90128778,1,673,28,MILK,4,4,890.0,222.5,0
90128778,0,674,28,MILK,3,3,641.0,213.666667,0
90128778,0,676,28,STRAWBERRY,3,3,507.0,169.0,0
90128778,0,677,28,STRAWBERRY,12,12,1996.0,166.333333,0
90128778,0,678,28,MILK,8,0,0.0,0,0
90128778,1,678,28,MILK,8,8,1694.0,211.75,0
90128778,0,685,28,STRAWBERRY,3,0,0.0,0,0
90128778,1,685,28,STRAWBERRY,3,3,509.0,169.666667,0
90128778,0,685,28,MILK,9,0,0.0,0,0
90128778,1,685,28,MILK,9,3,645.0,215.0,0
90128778,0,686,28,STRAWBERRY,23,0,0.0,0,0
90128778,1,686,28,STRAWBERRY,23,23,3656.0,158.956522,0
90128778,0,686,28,MILK,13,0,0.0,0,0
90128778,1,686,28,MILK,13,0,0.0,0,0
90128778,0,688,28,STRAWBERRY,3,0,0.0,0,0
90128778,1,688,28,STRAWBERRY,3,0,0.0,0,0
90128778,0,689,28,STRAWBERRY,6,0,0.0,0,0
90128778,1,689,28,STRAWBERRY,6,0,0.0,0,0
90128778,0,690,28,STRAWBERRY,14,0,0.0,0,0
90128778,1,690,28,STRAWBERRY,14,0,0.0,0,0
90128778,0,697,29,STRAWBERRY,13,13,1952.0,150.153846,0
90128778,1,697,29,STRAWBERRY,13,13,1952.0,150.153846,0
90128778,0,702,29,MILK,11,9,1974.0,219.333333,0
90128778,1,702,29,MILK,11,5,1107.0,221.4,0
90128778,0,703,29,MILK,3,0,0.0,0,0
90128778,1,703,29,MILK,3,0,0.0,0,0
90128778,0,703,29,WOOL,24,17,4083.0,240.176471,0
90128778,1,703,29,WOOL,24,23,5514.0,239.73913,0
90128778,0,709,29,WOOL,12,0,0.0,0,0
90128778,1,709,29,WOOL,12,0,0.0,0,0
90128778,0,710,29,MILK,9,0,0.0,0,0
90128778,1,710,29,MILK,9,0,0.0,0,0
90128778,0,711,29,MELON,1,1,192.0,192.0,0
90128778,1,711,29,MELON,1,1,192.0,192.0,0
90128778,0,712,29,MILK,12,0,0.0,0,0
90128778,1,712,29,MILK,12,0,0.0,0,0
90128778,0,712,29,WOOL,20,0,0.0,0,0
90128778,1,712,29,WOOL,20,0,0.0,0,0
90128778,0,713,29,MELON,8,8,1420.0,177.5,0
90128778,1,713,29,MELON,8,8,1420.0,177.5,0
90128778,0,713,29,STRAWBERRY,6,0,0.0,0,0
90128778,1,713,29,STRAWBERRY,6,0,0.0,0,0
90128778,0,713,29,MILK,3,0,0.0,0,0
90128778,1,713,29,MILK,3,0,0.0,0,0
90128778,0,714,29,MELON,3,3,474.0,158.0,0
90128778,1,714,29,MELON,3,3,474.0,158.0,0
90128778,0,715,29,MILK,3,0,0.0,0,0
90128778,1,715,29,MILK,3,0,0.0,0,0
90128778,0,715,29,WOOL,12,0,0.0,0,0
90128778,1,715,29,WOOL,12,0,0.0,0,0
90128778,0,716,29,STRAWBERRY,3,0,0.0,0,0
90128778,1,716,29,STRAWBERRY,3,0,0.0,0,0
90129386,0,76,3,MELON,6,0,0.0,0,0
90129386,1,76,3,MELON,6,0,0.0,0,0
90129386,0,77,3,MELON,5,0,0.0,0,0
90129386,1,77,3,MELON,5,0,0.0,0,0
90129386,0,98,4,MELON,4,0,0.0,0,0
90129386,1,98,4,MELON,4,0,0.0,0,0
90129386,0,158,6,WOOL,6,0,0.0,0,0
90129386,1,158,6,WOOL,6,0,0.0,0,0
90129386,0,195,8,MILK,8,0,0.0,0,0
90129386,1,195,8,MILK,8,0,0.0,0,0
90129386,0,198,8,MILK,12,0,0.0,0,0
90129386,1,198,8,MILK,12,0,0.0,0,0
90129386,0,229,9,WOOL,4,0,0.0,0,0
90129386,1,229,9,WOOL,4,0,0.0,0,0
90129386,0,256,10,MELON,6,0,0.0,0,0
90129386,1,256,10,MELON,6,0,0.0,0,0
90129386,0,257,10,MELON,6,0,0.0,0,0
90129386,1,257,10,MELON,6,0,0.0,0,0
90129386,0,259,10,MELON,16,0,0.0,0,0
90129386,1,259,10,MELON,16,0,0.0,0,0
90129386,0,262,10,MELON,11,0,0.0,0,0
90129386,1,262,10,MELON,11,0,0.0,0,0
90129386,0,264,11,MELON,27,18,4178.0,232.111111,0
90129386,1,264,11,MELON,27,18,4178.0,232.111111,0
90129386,0,269,11,STRAWBERRY,4,0,0.0,0,0
90129386,1,269,11,STRAWBERRY,4,0,0.0,0,0
90129386,0,280,11,WOOL,6,0,0.0,0,0
90129386,1,280,11,WOOL,6,0,0.0,0,0
90129386,1,290,12,MILK,9,9,1685.0,187.222222,0
90129386,0,292,12,STRAWBERRY,6,0,0.0,0,0
90129386,1,292,12,STRAWBERRY,6,0,0.0,0,0
90129386,1,292,12,MILK,9,0,0.0,0,0
90129386,0,293,12,MILK,9,9,1554.0,172.666667,0
90129386,0,294,12,MILK,12,0,0.0,0,0
90129386,1,294,12,MILK,12,0,0.0,0,0
90129386,0,295,12,MILK,20,0,0.0,0,0
90129386,1,295,12,MILK,20,0,0.0,0,0
90129386,0,301,12,MILK,9,0,0.0,0,0
90129386,1,301,12,MILK,9,0,0.0,0,0
90129386,0,302,12,MILK,6,0,0.0,0,0
90129386,1,302,12,MILK,6,0,0.0,0,0
90129386,0,306,12,MELON,12,0,0.0,0,0
90129386,1,306,12,MELON,12,0,0.0,0,0
90129386,0,308,12,MILK,2,0,0.0,0,0
90129386,1,308,12,MILK,2,0,0.0,0,0
90129386,0,309,12,WOOL,5,0,0.0,0,0
90129386,1,309,12,WOOL,5,0,0.0,0,0
90129386,1,321,13,MILK,3,3,537.0,179.0,0
90129386,1,322,13,MILK,1,1,175.0,175.0,0
90129386,1,323,13,MILK,3,0,0.0,0,0
90129386,0,324,13,MILK,3,3,501.0,167.0,0
90129386,1,324,13,MILK,1,0,0.0,0,0
90129386,0,325,13,MILK,3,1,175.0,175.0,0
90129386,1,325,13,MILK,3,0,0.0,0,0
90129386,1,339,14,MILK,3,3,543.0,181.0,0
90129386,1,341,14,MILK,3,0,0.0,0,0
90129386,0,342,14,MILK,3,0,0.0,0,0
90129386,0,343,14,MILK,3,0,0.0,0,0
90129386,1,343,14,MILK,3,0,0.0,0,0
90129386,0,344,14,MILK,4,0,0.0,0,0
90129386,1,344,14,MILK,4,0,0.0,0,0
90129386,0,347,14,MILK,3,0,0.0,0,0
90129386,1,347,14,MILK,3,0,0.0,0,0
90129386,0,348,14,MILK,4,0,0.0,0,0
90129386,1,348,14,MILK,4,0,0.0,0,0
90129386,0,348,14,WOOL,7,5,987.0,197.4,0
90129386,1,348,14,WOOL,7,5,987.0,197.4,0
90129386,0,353,14,WOOL,6,0,0.0,0,0
90129386,1,353,14,WOOL,6,0,0.0,0,0
90129386,0,354,14,WOOL,6,0,0.0,0,0
90129386,1,354,14,WOOL,6,0,0.0,0,0
90129386,0,358,14,WOOL,7,0,0.0,0,0
90129386,1,358,14,WOOL,7,0,0.0,0,0
90129386,0,359,14,MELON,6,6,1276.0,212.666667,0
90129386,1,359,14,MELON,6,6,1276.0,212.666667,0
90129386,0,359,14,STRAWBERRY,4,0,0.0,0,0
90129386,1,359,14,STRAWBERRY,4,0,0.0,0,0
90129386,0,360,15,MELON,7,6,1179.0,196.5,0
90129386,1,360,15,MELON,7,6,1179.0,196.5,0
90129386,0,362,15,MELON,7,0,0.0,0,0
90129386,1,362,15,MELON,7,0,0.0,0,0
90129386,1,362,15,WOOL,4,4,319.0,79.75,0
90129386,1,363,15,MILK,9,9,1753.0,194.777778,0
90129386,1,364,15,WOOL,4,0,0.0,0,0
90129386,1,365,15,MILK,9,0,0.0,0,0
90129386,0,365,15,WOOL,4,4,231.0,57.75,0
90129386,0,366,15,MILK,9,9,1671.0,185.666667,0
90129386,0,366,15,WOOL,4,0,0.0,0,0
90129386,1,366,15,WOOL,4,0,0.0,0,0
90129386,0,367,15,MILK,9,0,0.0,0,0
90129386,1,367,15,MILK,9,0,0.0,0,0
90129386,0,370,15,WOOL,9,0,0.0,0,0
90129386,1,370,15,WOOL,9,0,0.0,0,0
90129386,0,371,15,MILK,12,0,0.0,0,0
90129386,1,371,15,MILK,12,0,0.0,0,0
90129386,0,375,15,WOOL,6,0,0.0,0,0
90129386,1,375,15,WOOL,6,0,0.0,0,0
90129386,1,384,16,MILK,9,9,1685.0,187.222222,0
90129386,0,384,16,WOOL,8,4,184.0,46.0,0
90129386,1,384,16,WOOL,8,4,84.0,21.0,0
90129386,1,385,16,MILK,9,0,0.0,0,0
90129386,0,386,16,MILK,9,6,1091.0,181.833333,0
90129386,0,387,16,MILK,9,0,0.0,0,0
90129386,1,387,16,MILK,9,0,0.0,0,0
90129386,0,391,16,MILK,28,0,0.0,0,0
90129386,1,391,16,MILK,28,0,0.0,0,0
90129386,0,407,16,WOOL,4,0,0.0,0,0
90129386,1,407,16,WOOL,4,0,0.0,0,0
90129386,0,408,17,MILK,9,9,1624.0,180.444444,0
90129386,1,408,17,MILK,9,9,1624.0,180.444444,0
90129386,0,409,17,MILK,9,0,0.0,0,0
90129386,1,409,17,MILK,9,0,0.0,0,0
90129386,0,411,17,MELON,1,0,0.0,0,0
90129386,1,411,17,MELON,1,0,0.0,0,0
90129386,1,413,17,STRAWBERRY,5,5,1212.0,242.4,0
90129386,1,414,17,STRAWBERRY,3,3,723.0,241.0,0
90129386,1,415,17,STRAWBERRY,5,0,0.0,0,0
90129386,0,416,17,STRAWBERRY,5,5,1200.0,240.0,0
90129386,1,416,17,STRAWBERRY,3,0,0.0,0,0
90129386,0,417,17,STRAWBERRY,5,3,720.0,240.0,0
90129386,1,417,17,STRAWBERRY,5,0,0.0,0,0
90129386,0,421,17,STRAWBERRY,5,0,0.0,0,0
90129386,1,421,17,STRAWBERRY,5,0,0.0,0,0
90129386,0,423,17,MELON,4,0,0.0,0,0
90129386,1,423,17,MELON,4,0,0.0,0,0
90129386,0,423,17,WOOL,4,0,0.0,0,0
90129386,1,423,17,WOOL,4,0,0.0,0,0
90129386,0,424,17,WOOL,3,0,0.0,0,0
90129386,1,424,17,WOOL,3,0,0.0,0,0
90129386,1,433,18,STRAWBERRY,8,8,1953.0,244.125,0
90129386,1,434,18,MILK,3,3,585.0,195.0,0
90129386,1,435,18,STRAWBERRY,8,0,0.0,0,0
90129386,1,435,18,MILK,9,9,1685.0,187.222222,0
90129386,0,436,18,STRAWBERRY,8,8,1935.0,241.875,0
90129386,1,436,18,MILK,3,0,0.0,0,0
90129386,0,437,18,STRAWBERRY,8,0,0.0,0,0
90129386,1,437,18,STRAWBERRY,8,0,0.0,0,0
90129386,0,437,18,MILK,3,3,543.0,181.0,0
90129386,1,437,18,MILK,8,0,0.0,0,0
90129386,0,438,18,MILK,8,6,1011.0,168.5,0
90129386,1,438,18,MILK,3,0,0.0,0,0
90129386,0,439,18,MILK,5,0,0.0,0,0
90129386,1,439,18,MILK,5,0,0.0,0,0
90129386,0,440,18,MILK,4,0,0.0,0,0
90129386,1,440,18,MILK,4,0,0.0,0,0
90129386,0,441,18,STRAWBERRY,17,0,0.0,0,0
90129386,1,441,18,STRAWBERRY,17,0,0.0,0,0
90129386,1,441,18,WOOL,2,2,80.0,40.0,0
90129386,0,442,18,MILK,3,0,0.0,0,0
90129386,1,442,18,MILK,3,0,0.0,0,0
90129386,1,442,18,WOOL,4,4,84.0,21.0,0
90129386,0,443,18,MILK,5,0,0.0,0,0
90129386,1,443,18,MILK,5,0,0.0,0,0
90129386,1,443,18,WOOL,6,6,10.0,1.666667,5
90129386,0,444,18,MILK,20,0,0.0,0,0
90129386,1,444,18,MILK,20,0,0.0,0,0
90129386,0,444,18,WOOL,2,2,2.0,1.0,2
90129386,1,444,18,WOOL,2,1,1.0,1.0,1
90129386,0,445,18,STRAWBERRY,20,0,0.0,0,0
90129386,1,445,18,STRAWBERRY,20,0,0.0,0,0
90129386,0,445,18,WOOL,2,2,42.0,21.0,0
90129386,1,445,18,WOOL,2,0,0.0,0,0
90129386,1,447,18,WOOL,2,0,0.0,0,0
90129386,0,448,18,WOOL,2,2,16.0,8.0,0
90129386,1,448,18,WOOL,2,0,0.0,0,0
90129386,0,449,18,WOOL,2,2,16.0,8.0,0
90129386,1,449,18,WOOL,2,0,0.0,0,0
90129386,0,450,18,STRAWBERRY,1,0,0.0,0,0
90129386,1,450,18,STRAWBERRY,1,0,0.0,0,0
90129386,0,450,18,MILK,6,0,0.0,0,0
90129386,1,450,18,MILK,6,0,0.0,0,0
90129386,1,453,18,WOOL,4,4,18.0,4.5,2
90129386,1,455,18,WOOL,4,0,0.0,0,0
90129386,0,456,19,WOOL,4,4,4.0,1.0,4
90129386,1,456,19,WOOL,1,0,0.0,0,0
90129386,0,457,19,WOOL,4,4,58.0,14.5,0
90129386,1,457,19,WOOL,4,0,0.0,0,0
90129386,0,460,19,WOOL,1,1,1.0,1.0,1
90129386,1,461,19,STRAWBERRY,1,1,249.0,249.0,0
90129386,0,461,19,WOOL,4,0,0.0,0,0
90129386,1,461,19,WOOL,4,0,0.0,0,0
90129386,1,462,19,STRAWBERRY,2,2,497.0,248.5,0
90129386,1,463,19,STRAWBERRY,12,12,2960.0,246.666667,0
90129386,0,464,19,STRAWBERRY,1,1,245.0,245.0,0
90129386,1,464,19,STRAWBERRY,1,0,0.0,0,0
90129386,0,465,19,STRAWBERRY,1,1,246.0,246.0,0
90129386,1,465,19,STRAWBERRY,11,0,0.0,0,0
90129386,0,466,19,STRAWBERRY,10,10,2441.0,244.1,0
90129386,1,466,19,STRAWBERRY,2,0,0.0,0,0
90129386,0,466,19,WOOL,4,0,0.0,0,0
90129386,1,466,19,WOOL,4,0,0.0,0,0
90129386,0,467,19,STRAWBERRY,10,2,485.0,242.5,0
90129386,1,467,19,STRAWBERRY,10,0,0.0,0,0
90129386,1,467,19,MILK,9,9,1710.0,190.0,0
90129386,0,468,19,STRAWBERRY,1,0,0.0,0,0
90129386,1,468,19,STRAWBERRY,1,0,0.0,0,0
90129386,0,469,19,STRAWBERRY,1,0,0.0,0,0
90129386,1,469,19,STRAWBERRY,1,0,0.0,0,0
90129386,1,469,19,MILK,9,0,0.0,0,0
90129386,0,470,19,STRAWBERRY,2,0,0.0,0,0
90129386,1,470,19,STRAWBERRY,2,0,0.0,0,0
90129386,0,470,19,MILK,9,9,1642.0,182.444444,0
90129386,0,470,19,WOOL,4,0,0.0,0,0
90129386,1,470,19,WOOL,4,0,0.0,0,0
90129386,0,471,19,STRAWBERRY,10,0,0.0,0,0
90129386,1,471,19,STRAWBERRY,10,0,0.0,0,0
90129386,0,471,19,MILK,9,0,0.0,0,0
90129386,1,471,19,MILK,9,0,0.0,0,0
90129386,0,472,19,STRAWBERRY,1,0,0.0,0,0
90129386,1,472,19,STRAWBERRY,1,0,0.0,0,0
90129386,0,474,19,STRAWBERRY,9,0,0.0,0,0
90129386,1,474,19,STRAWBERRY,9,0,0.0,0,0
90129386,0,475,19,MILK,12,0,0.0,0,0
90129386,1,475,19,MILK,12,0,0.0,0,0
90129386,0,477,19,MILK,11,0,0.0,0,0
90129386,1,477,19,MILK,11,0,0.0,0,0
90129386,0,478,19,STRAWBERRY,6,0,0.0,0,0
90129386,1,478,19,STRAWBERRY,6,0,0.0,0,0
90129386,1,480,20,STRAWBERRY,12,12,2892.0,241.0,0
90129386,0,481,20,STRAWBERRY,12,12,2877.0,239.75,0
90129386,1,481,20,MILK,15,15,2181.0,145.4,0
90129386,0,482,20,STRAWBERRY,12,0,0.0,0,0
90129386,1,482,20,STRAWBERRY,12,0,0.0,0,0
90129386,1,483,20,MILK,15,0,0.0,0,0
90129386,0,484,20,MILK,15,12,1404.0,117.0,0
90129386,0,485,20,MILK,15,0,0.0,0,0
90129386,1,485,20,MILK,15,0,0.0,0,0
90129386,0,486,20,STRAWBERRY,20,0,0.0,0,0
90129386,1,486,20,STRAWBERRY,20,0,0.0,0,0
90129386,0,488,20,STRAWBERRY,3,0,0.0,0,0
90129386,1,488,20,STRAWBERRY,3,0,0.0,0,0
90129386,0,489,20,MILK,15,0,0.0,0,0
90129386,1,489,20,MILK,15,0,0.0,0,0
90129386,0,492,20,STRAWBERRY,2,2,480.0,240.0,0
90129386,1,492,20,STRAWBERRY,2,2,480.0,240.0,0
90129386,0,493,20,STRAWBERRY,2,0,0.0,0,0
90129386,1,493,20,STRAWBERRY,2,0,0.0,0,0
90129386,0,494,20,STRAWBERRY,4,0,0.0,0,0
90129386,1,494,20,STRAWBERRY,4,0,0.0,0,0
90129386,0,497,20,STRAWBERRY,2,0,0.0,0,0
90129386,1,497,20,STRAWBERRY,2,0,0.0,0,0
90129386,0,498,20,STRAWBERRY,7,0,0.0,0,0
90129386,1,498,20,STRAWBERRY,7,0,0.0,0,0
90129386,0,499,20,STRAWBERRY,4,0,0.0,0,0
90129386,1,499,20,STRAWBERRY,4,0,0.0,0,0
90129386,0,501,20,STRAWBERRY,2,0,0.0,0,0
90129386,1,501,20,STRAWBERRY,2,0,0.0,0,0
90129386,1,502,20,MELON,2,2,427.0,213.5,0
90129386,1,504,21,MELON,2,0,0.0,0,0
90129386,0,504,21,STRAWBERRY,14,13,3060.0,235.384615,0
90129386,1,504,21,STRAWBERRY,14,14,3291.0,235.071429,0
90129386,0,505,21,MELON,2,2,431.0,215.5,0
90129386,0,505,21,STRAWBERRY,18,0,0.0,0,0
90129386,1,505,21,STRAWBERRY,18,0,0.0,0,0
90129386,0,506,21,MELON,2,0,0.0,0,0
90129386,1,506,21,MELON,2,0,0.0,0,0
90129386,0,510,21,MELON,2,0,0.0,0,0
90129386,1,510,21,MELON,2,0,0.0,0,0
90129386,1,517,21,MILK,2,2,364.0,182.0,0
90129386,1,518,21,MILK,4,4,703.0,175.75,0
90129386,1,519,21,MILK,3,3,487.0,162.333333,0
90129386,0,520,21,MILK,2,2,310.0,155.0,0
90129386,1,520,21,MILK,2,0,0.0,0,0
90129386,0,521,21,MILK,2,2,314.0,157.0,0
90129386,1,521,21,MILK,2,0,0.0,0,0
90129386,1,523,21,MILK,2,0,0.0,0,0
90129386,0,524,21,MILK,2,2,306.0,153.0,0
90129386,1,524,21,MILK,1,0,0.0,0,0
90129386,0,525,21,MILK,2,2,310.0,155.0,0
90129386,1,525,21,MILK,2,0,0.0,0,0
90129386,0,526,21,STRAWBERRY,3,0,0.0,0,0
90129386,1,526,21,STRAWBERRY,3,0,0.0,0,0
90129386,0,527,21,MELON,10,0,0.0,0,0
90129386,1,527,21,MELON,10,0,0.0,0,0
90129386,0,527,21,STRAWBERRY,2,0,0.0,0,0
90129386,1,527,21,STRAWBERRY,2,0,0.0,0,0
90129386,0,528,22,STRAWBERRY,14,14,3296.0,235.428571,0
90129386,1,528,22,STRAWBERRY,14,14,3296.0,235.428571,0
90129386,0,531,22,STRAWBERRY,14,0,0.0,0,0
90129386,1,531,22,STRAWBERRY,14,0,0.0,0,0
90129386,1,533,22,MILK,12,12,1915.0,159.583333,0
90129386,1,534,22,WOOL,24,24,4585.0,191.041667,0
90129386,1,535,22,MILK,12,0,0.0,0,0
90129386,0,536,22,MILK,15,12,1580.0,131.666667,0
90129386,1,536,22,WOOL,24,0,0.0,0,0
90129386,0,537,22,MILK,19,0,0.0,0,0
90129386,1,537,22,MILK,19,0,0.0,0,0
90129386,0,537,22,WOOL,24,24,3264.0,136.0,0
90129386,0,538,22,WOOL,24,0,0.0,0,0
90129386,1,538,22,WOOL,24,0,0.0,0,0
90129386,0,541,22,MILK,24,0,0.0,0,0
90129386,1,541,22,MILK,24,0,0.0,0,0
90129386,0,542,22,WOOL,44,0,0.0,0,0
90129386,1,542,22,WOOL,44,0,0.0,0,0
90129386,0,543,22,STRAWBERRY,2,0,0.0,0,0
90129386,1,543,22,STRAWBERRY,2,0,0.0,0,0
90129386,0,547,22,STRAWBERRY,6,2,478.0,239.0,0
90129386,1,547,22,STRAWBERRY,6,2,478.0,239.0,0
90129386,0,548,22,STRAWBERRY,6,0,0.0,0,0
90129386,1,548,22,STRAWBERRY,6,0,0.0,0,0
90129386,0,549,22,WOOL,2,0,0.0,0,0
90129386,1,549,22,WOOL,2,0,0.0,0,0
90129386,0,550,22,WOOL,12,0,0.0,0,0
90129386,1,550,22,WOOL,12,0,0.0,0,0
90129386,0,551,22,STRAWBERRY,2,0,0.0,0,0
90129386,1,551,22,STRAWBERRY,2,0,0.0,0,0
90129386,0,552,23,WOOL,8,0,0.0,0,0
90129386,1,552,23,WOOL,8,0,0.0,0,0
90129386,1,558,23,STRAWBERRY,13,13,3041.0,233.923077,0
90129386,1,559,23,MELON,6,6,1295.0,215.833333,0
90129386,1,560,23,STRAWBERRY,13,0,0.0,0,0
90129386,1,560,23,MILK,4,4,712.0,178.0,0
90129386,1,561,23,MELON,6,0,0.0,0,0
90129386,0,561,23,STRAWBERRY,13,13,3004.0,231.076923,0
90129386,1,561,23,MILK,4,4,703.0,175.75,0
90129386,0,562,23,MELON,6,6,1250.0,208.333333,0
90129386,0,562,23,STRAWBERRY,13,0,0.0,0,0
90129386,1,562,23,STRAWBERRY,13,0,0.0,0,0
90129386,0,562,23,MILK,4,4,628.0,157.0,0
90129386,1,562,23,MILK,4,1,169.0,169.0,0
90129386,0,563,23,MELON,6,0,0.0,0,0
90129386,1,563,23,MELON,6,0,0.0,0,0
90129386,1,564,23,MILK,4,0,0.0,0,0
90129386,0,565,23,MILK,4,4,676.0,169.0,0
90129386,1,565,23,MILK,1,0,0.0,0,0
90129386,0,566,23,STRAWBERRY,14,0,0.0,0,0
90129386,1,566,23,STRAWBERRY,14,0,0.0,0,0
90129386,0,566,23,MILK,4,1,158.0,158.0,0
90129386,1,566,23,MILK,4,0,0.0,0,0
90129386,0,566,23,WOOL,3,0,0.0,0,0
90129386,1,566,23,WOOL,3,0,0.0,0,0
90129386,0,567,23,MELON,9,0,0.0,0,0
90129386,1,567,23,MELON,9,0,0.0,0,0
90129386,0,569,23,STRAWBERRY,4,2,462.0,231.0,0
90129386,1,569,23,STRAWBERRY,4,2,462.0,231.0,0
90129386,0,569,23,MILK,1,0,0.0,0,0
90129386,1,569,23,MILK,1,0,0.0,0,0
90129386,1,570,23,MILK,2,2,314.0,157.0,0
90129386,1,571,23,MILK,2,0,0.0,0,0
90129386,0,572,23,MILK,2,2,306.0,153.0,0
90129386,0,573,23,STRAWBERRY,6,0,0.0,0,0
90129386,1,573,23,STRAWBERRY,6,0,0.0,0,0
90129386,0,573,23,MILK,12,0,0.0,0,0
90129386,1,573,23,MILK,12,0,0.0,0,0
90129386,0,576,24,MELON,6,6,1213.0,202.166667,0
90129386,1,576,24,MELON,6,6,1213.0,202.166667,0
90129386,0,576,24,STRAWBERRY,29,29,6316.0,217.793103,0
90129386,1,576,24,STRAWBERRY,29,28,6109.0,218.178571,0
90129386,0,578,24,MELON,8,0,0.0,0,0
90129386,1,578,24,MELON,8,0,0.0,0,0
90129386,0,578,24,STRAWBERRY,35,0,0.0,0,0
90129386,1,578,24,STRAWBERRY,35,0,0.0,0,0
90129386,0,582,24,MELON,7,0,0.0,0,0
90129386,1,582,24,MELON,7,0,0.0,0,0
90129386,0,589,24,STRAWBERRY,2,2,431.0,215.5,0
90129386,1,589,24,STRAWBERRY,2,2,431.0,215.5,0
90129386,0,594,24,STRAWBERRY,4,0,0.0,0,0
90129386,1,594,24,STRAWBERRY,4,0,0.0,0,0
90129386,0,595,24,STRAWBERRY,4,0,0.0,0,0
90129386,1,595,24,STRAWBERRY,4,0,0.0,0,0
90129386,1,597,24,STRAWBERRY,4,4,859.0,214.75,0
90129386,0,598,24,STRAWBERRY,4,4,854.0,213.5,0
90129386,0,599,24,MELON,6,0,0.0,0,0
90129386,1,599,24,MELON,6,0,0.0,0,0
90129386,0,599,24,STRAWBERRY,4,0,0.0,0,0
90129386,1,599,24,STRAWBERRY,4,0,0.0,0,0
90129386,0,600,25,STRAWBERRY,21,20,4093.0,204.65,0
90129386,1,600,25,STRAWBERRY,21,20,4093.0,204.65,0
90129386,1,604,25,MILK,6,6,1238.0,206.333333,0
90129386,1,605,25,MILK,15,15,2996.0,199.733333,0
90129386,1,606,25,MILK,6,0,0.0,0,0
90129386,0,607,25,MILK,6,6,1128.0,188.0,0
90129386,1,607,25,MILK,15,0,0.0,0,0
90129386,0,608,25,MILK,15,12,2016.0,168.0,0
90129386,1,608,25,MILK,6,0,0.0,0,0
90129386,0,609,25,MILK,9,0,0.0,0,0
90129386,1,609,25,MILK,9,0,0.0,0,0
90129386,1,609,25,WOOL,9,9,1930.0,214.444444,0
90129386,1,610,25,WOOL,12,12,2370.0,197.5,0
90129386,1,611,25,WOOL,9,0,0.0,0,0
90129386,0,612,25,MILK,6,0,0.0,0,0
90129386,1,612,25,MILK,6,0,0.0,0,0
90129386,0,612,25,WOOL,9,9,1663.0,184.777778,0
90129386,1,612,25,WOOL,9,0,0.0,0,0
90129386,0,613,25,MILK,9,0,0.0,0,0
90129386,1,613,25,MILK,9,0,0.0,0,0
90129386,0,613,25,WOOL,9,9,1607.0,178.555556,0
90129386,1,613,25,WOOL,9,0,0.0,0,0
90129386,0,616,25,WOOL,3,3,492.0,164.0,0
90129386,0,617,25,STRAWBERRY,6,0,0.0,0,0
90129386,1,617,25,STRAWBERRY,6,0,0.0,0,0
90129386,0,617,25,MILK,14,0,0.0,0,0
90129386,1,617,25,MILK,14,0,0.0,0,0
90129386,0,617,25,WOOL,9,0,0.0,0,0
90129386,1,617,25,WOOL,9,0,0.0,0,0
90129386,0,619,25,STRAWBERRY,6,0,0.0,0,0
90129386,1,619,25,STRAWBERRY,6,0,0.0,0,0
90129386,0,622,25,MELON,6,0,0.0,0,0
90129386,1,622,25,MELON,6,0,0.0,0,0
90129386,0,625,26,MELON,6,6,1066.0,177.666667,0
90129386,1,625,26,MELON,6,6,1066.0,177.666667,0
90129386,0,625,26,WOOL,1,0,0.0,0,0
90129386,1,625,26,WOOL,1,0,0.0,0,0
90129386,0,627,26,WOOL,2,0,0.0,0,0
90129386,1,627,26,WOOL,2,0,0.0,0,0
90129386,1,629,26,STRAWBERRY,20,20,4023.0,201.15,0
90129386,1,630,26,MILK,15,15,2883.0,192.2,0
90129386,1,631,26,STRAWBERRY,20,0,0.0,0,0
90129386,0,631,26,WOOL,12,0,0.0,0,0
90129386,1,631,26,WOOL,12,0,0.0,0,0
90129386,0,632,26,STRAWBERRY,20,18,3465.0,192.5,0
90129386,1,632,26,MILK,15,0,0.0,0,0
90129386,0,633,26,STRAWBERRY,20,0,0.0,0,0
90129386,1,633,26,STRAWBERRY,20,0,0.0,0,0
90129386,0,633,26,MILK,15,12,2081.0,173.416667,0
90129386,1,633,26,MILK,15,0,0.0,0,0
90129386,0,637,26,STRAWBERRY,20,0,0.0,0,0
90129386,1,637,26,STRAWBERRY,20,0,0.0,0,0
90129386,0,637,26,MILK,30,0,0.0,0,0
90129386,1,637,26,MILK,30,0,0.0,0,0
90129386,0,649,27,MELON,6,6,1024.0,170.666667,0
90129386,1,649,27,MELON,6,6,1024.0,170.666667,0
90129386,1,653,27,MILK,9,9,1753.0,194.777778,0
90129386,1,654,27,WOOL,1,1,215.0,215.0,0
90129386,1,655,27,MILK,9,0,0.0,0,0
90129386,1,655,27,WOOL,2,2,426.0,213.0,0
90129386,0,656,27,MILK,9,9,1642.0,182.444444,0
90129386,1,656,27,WOOL,2,2,415.0,207.5,0
90129386,0,657,27,STRAWBERRY,2,2,408.0,204.0,0
90129386,1,657,27,STRAWBERRY,4,4,813.0,203.25,0
90129386,0,657,27,MILK,9,0,0.0,0,0
90129386,1,657,27,MILK,9,0,0.0,0,0
90129386,0,657,27,WOOL,1,1,209.0,209.0,0
90129386,1,657,27,WOOL,1,1,206.0,206.0,0
90129386,1,658,27,WOOL,1,1,200.0,200.0,0
90129386,1,659,27,STRAWBERRY,2,2,403.0,201.5,0
90129386,1,659,27,WOOL,2,2,400.0,200.0,0
90129386,0,660,27,WOOL,1,1,199.0,199.0,0
90129386,1,660,27,WOOL,2,2,398.0,199.0,0
90129386,0,661,27,STRAWBERRY,2,2,395.0,197.5,0
90129386,1,661,27,STRAWBERRY,17,16,3218.0,201.125,0
90129386,0,661,27,MILK,10,0,0.0,0,0
90129386,1,661,27,MILK,10,0,0.0,0,0
90129386,0,661,27,WOOL,1,1,200.0,200.0,0
90129386,1,661,27,WOOL,1,1,200.0,200.0,0
90129386,1,662,27,STRAWBERRY,8,0,0.0,0,0
90129386,0,663,27,STRAWBERRY,8,8,1560.0,195.0,0
90129386,1,663,27,STRAWBERRY,9,0,0.0,0,0
90129386,0,664,27,STRAWBERRY,11,11,2093.0,190.272727,0
90129386,1,664,27,STRAWBERRY,8,0,0.0,0,0
90129386,0,665,27,STRAWBERRY,4,0,0.0,0,0
90129386,1,665,27,STRAWBERRY,4,0,0.0,0,0
90129386,0,667,27,MILK,4,0,0.0,0,0
90129386,1,667,27,MILK,4,0,0.0,0,0
90129386,0,668,27,STRAWBERRY,8,0,0.0,0,0
90129386,1,668,27,STRAWBERRY,8,0,0.0,0,0
90129386,0,669,27,STRAWBERRY,4,0,0.0,0,0
90129386,1,669,27,STRAWBERRY,4,0,0.0,0,0
90129386,0,670,27,MILK,15,0,0.0,0,0
90129386,1,670,27,MILK,15,0,0.0,0,0
90129386,0,673,28,MILK,12,12,2174.0,181.166667,0
90129386,1,673,28,MILK,15,15,2892.0,192.8,0
90129386,0,674,28,MILK,8,0,0.0,0,0
90129386,1,674,28,MILK,8,0,0.0,0,0
90129386,1,677,28,STRAWBERRY,3,3,590.0,196.666667,0
90129386,1,678,28,STRAWBERRY,3,3,586.0,195.333333,0
90129386,0,678,28,MILK,8,0,0.0,0,0
90129386,1,678,28,MILK,8,0,0.0,0,0
90129386,1,679,28,STRAWBERRY,6,6,1158.0,193.0,0
90129386,0,680,28,MELON,12,12,1951.0,162.583333,0
90129386,0,680,28,STRAWBERRY,15,15,2808.0,187.2,0
90129386,1,680,28,STRAWBERRY,3,1,191.0,191.0,0
90129386,0,680,28,WOOL,21,21,4328.0,206.095238,0
90129386,0,681,28,STRAWBERRY,3,0,0.0,0,0
90129386,1,681,28,STRAWBERRY,3,0,0.0,0,0
90129386,0,682,28,STRAWBERRY,12,0,0.0,0,0
90129386,1,682,28,STRAWBERRY,12,0,0.0,0,0
90129386,0,685,28,STRAWBERRY,3,0,0.0,0,0
90129386,1,685,28,STRAWBERRY,3,0,0.0,0,0
90129386,0,685,28,MILK,9,0,0.0,0,0
90129386,1,685,28,MILK,9,0,0.0,0,0
90129386,0,686,28,STRAWBERRY,23,0,0.0,0,0
90129386,1,686,28,STRAWBERRY,23,0,0.0,0,0
90129386,0,686,28,MILK,13,0,0.0,0,0
90129386,1,686,28,MILK,13,0,0.0,0,0
90129386,0,688,28,STRAWBERRY,3,0,0.0,0,0
90129386,1,688,28,STRAWBERRY,3,0,0.0,0,0
90129386,0,689,28,STRAWBERRY,6,0,0.0,0,0
90129386,1,689,28,STRAWBERRY,6,0,0.0,0,0
90129386,0,690,28,STRAWBERRY,14,0,0.0,0,0
90129386,1,690,28,STRAWBERRY,14,0,0.0,0,0
90129386,1,695,28,WOOL,12,12,2383.0,198.583333,0
90129386,1,697,29,MELON,12,12,1859.0,154.916667,0
90129386,0,697,29,STRAWBERRY,13,13,2525.0,194.230769,0
90129386,1,697,29,STRAWBERRY,13,13,2441.0,187.769231,0
90129386,0,697,29,MILK,9,9,1698.0,188.666667,0
90129386,1,697,29,MILK,9,9,1791.0,199.0,0
90129386,1,697,29,WOOL,20,0,0.0,0,0
90129386,0,698,29,MILK,9,0,0.0,0,0
90129386,1,698,29,MILK,9,0,0.0,0,0
90129386,0,699,29,WOOL,22,0,0.0,0,0
90129386,1,699,29,WOOL,22,0,0.0,0,0
90129386,0,702,29,MILK,11,0,0.0,0,0
90129386,1,702,29,MILK,11,0,0.0,0,0
90129386,0,703,29,MILK,3,0,0.0,0,0
90129386,1,703,29,MILK,3,0,0.0,0,0
90129386,0,703,29,WOOL,24,0,0.0,0,0
90129386,1,703,29,WOOL,24,0,0.0,0,0
90129386,0,707,29,MELON,1,0,0.0,0,0
90129386,1,707,29,MELON,1,0,0.0,0,0
90129386,0,709,29,MELON,8,0,0.0,0,0
90129386,1,709,29,MELON,8,0,0.0,0,0
90129386,0,709,29,WOOL,12,0,0.0,0,0
90129386,1,709,29,WOOL,12,0,0.0,0,0
90129386,0,710,29,MELON,3,0,0.0,0,0
90129386,1,710,29,MELON,3,0,0.0,0,0
90129386,0,710,29,MILK,9,0,0.0,0,0
90129386,1,710,29,MILK,9,0,0.0,0,0
90129386,0,711,29,MELON,1,0,0.0,0,0
90129386,1,711,29,MELON,1,0,0.0,0,0
90129386,0,712,29,MILK,12,0,0.0,0,0
90129386,1,712,29,MILK,12,0,0.0,0,0
90129386,0,712,29,WOOL,20,0,0.0,0,0
90129386,1,712,29,WOOL,20,0,0.0,0,0
90129386,0,713,29,MELON,8,0,0.0,0,0
90129386,1,713,29,MELON,8,0,0.0,0,0
90129386,0,713,29,STRAWBERRY,6,0,0.0,0,0
90129386,1,713,29,STRAWBERRY,6,0,0.0,0,0
90129386,0,713,29,MILK,3,0,0.0,0,0
90129386,1,713,29,MILK,3,0,0.0,0,0
90129386,0,714,29,MELON,3,0,0.0,0,0
90129386,1,714,29,MELON,3,0,0.0,0,0
90129386,0,715,29,MILK,3,0,0.0,0,0
90129386,1,715,29,MILK,3,0,0.0,0,0
90129386,0,715,29,WOOL,12,0,0.0,0,0
90129386,1,715,29,WOOL,12,0,0.0,0,0
90129386,1,716,29,STRAWBERRY,3,0,0.0,0,0
90129386,0,716,29,MILK,3,0,0.0,0,0
90129386,1,716,29,MILK,3,0,0.0,0,0
90129386,0,717,29,STRAWBERRY,3,0,0.0,0,0
90130062,0,76,3,MELON,6,0,0.0,0,0
90130062,1,76,3,MELON,8,0,0.0,0,0
90130062,0,77,3,MELON,5,0,0.0,0,0
90130062,1,77,3,MELON,6,0,0.0,0,0
90130062,0,98,4,MELON,4,0,0.0,0,0
90130062,1,98,4,MELON,5,0,0.0,0,0
90130062,0,158,6,WOOL,6,0,0.0,0,0
90130062,1,158,6,WOOL,6,0,0.0,0,0
90130062,0,195,8,MILK,8,0,0.0,0,0
90130062,1,195,8,MILK,10,0,0.0,0,0
90130062,0,198,8,MILK,12,0,0.0,0,0
90130062,1,198,8,MILK,15,0,0.0,0,0
90130062,0,229,9,WOOL,4,0,0.0,0,0
90130062,1,229,9,WOOL,4,0,0.0,0,0
90130062,0,256,10,MELON,6,0,0.0,0,0
90130062,1,256,10,MELON,8,0,0.0,0,0
90130062,0,257,10,MELON,6,0,0.0,0,0
90130062,1,257,10,MELON,8,0,0.0,0,0
90130062,0,259,10,MELON,16,0,0.0,0,0
90130062,1,259,10,MELON,20,0,0.0,0,0
90130062,0,262,10,MELON,11,0,0.0,0,0
90130062,1,262,10,MELON,14,0,0.0,0,0
90130062,0,264,11,MELON,27,18,4178.0,232.111111,0
90130062,1,264,11,MELON,34,18,4178.0,232.111111,0
90130062,0,269,11,STRAWBERRY,4,0,0.0,0,0
90130062,1,269,11,STRAWBERRY,6,0,0.0,0,0
90130062,0,280,11,WOOL,6,0,0.0,0,0
90130062,1,280,11,WOOL,6,0,0.0,0,0
90130062,0,292,12,STRAWBERRY,6,0,0.0,0,0
90130062,1,292,12,STRAWBERRY,9,0,0.0,0,0
90130062,1,292,12,MILK,11,9,1846.0,205.111111,0
90130062,0,293,12,MILK,9,9,1782.0,198.0,0
90130062,0,294,12,MILK,12,0,0.0,0,0
90130062,1,294,12,MILK,15,0,0.0,0,0
90130062,0,295,12,MILK,20,0,0.0,0,0
90130062,1,295,12,MILK,25,0,0.0,0,0
90130062,0,301,12,MILK,9,0,0.0,0,0
90130062,1,301,12,MILK,11,0,0.0,0,0
90130062,0,302,12,MILK,6,0,0.0,0,0
90130062,1,302,12,MILK,8,0,0.0,0,0
90130062,0,306,12,MELON,12,0,0.0,0,0
90130062,1,306,12,MELON,15,0,0.0,0,0
90130062,0,308,12,MILK,2,0,0.0,0,0
90130062,1,308,12,MILK,2,0,0.0,0,0
90130062,0,309,12,WOOL,5,0,0.0,0,0
90130062,1,309,12,WOOL,5,0,0.0,0,0
90130062,1,323,13,MILK,4,4,768.0,192.0,0
90130062,0,324,13,MILK,3,3,562.0,187.333333,0
90130062,1,324,13,MILK,1,0,0.0,0,0
90130062,0,325,13,MILK,3,1,189.0,189.0,0
90130062,1,325,13,MILK,4,0,0.0,0,0
90130062,1,341,14,MILK,4,2,373.0,186.5,0
90130062,0,342,14,MILK,3,3,549.0,183.0,0
90130062,0,343,14,MILK,3,1,179.0,179.0,0
90130062,1,343,14,MILK,4,0,0.0,0,0
90130062,0,344,14,MILK,4,0,0.0,0,0
90130062,1,344,14,MILK,5,0,0.0,0,0
90130062,0,347,14,MILK,3,0,0.0,0,0
90130062,1,347,14,MILK,4,0,0.0,0,0
90130062,0,348,14,MILK,4,0,0.0,0,0
90130062,1,348,14,MILK,5,0,0.0,0,0
90130062,0,348,14,WOOL,7,6,1192.0,198.666667,0
90130062,1,348,14,WOOL,7,6,1160.0,193.333333,0
90130062,0,353,14,WOOL,6,0,0.0,0,0
90130062,1,353,14,WOOL,6,0,0.0,0,0
90130062,0,354,14,WOOL,6,0,0.0,0,0
90130062,1,354,14,WOOL,6,0,0.0,0,0
90130062,0,358,14,WOOL,7,0,0.0,0,0
90130062,1,358,14,WOOL,7,0,0.0,0,0
90130062,0,359,14,MELON,6,6,1275.0,212.5,0
90130062,1,359,14,MELON,7,6,1276.0,212.666667,0
90130062,0,359,14,STRAWBERRY,4,0,0.0,0,0
90130062,1,359,14,STRAWBERRY,6,0,0.0,0,0
90130062,0,360,15,MELON,7,6,1179.0,196.5,0
90130062,1,360,15,MELON,9,6,1179.0,196.5,0
90130062,0,362,15,MELON,7,0,0.0,0,0
90130062,1,362,15,MELON,9,0,0.0,0,0
90130062,1,364,15,WOOL,4,4,276.0,69.0,0
90130062,1,365,15,MILK,11,9,1685.0,187.222222,0
90130062,0,365,15,WOOL,4,4,184.0,46.0,0
90130062,0,366,15,MILK,9,9,1500.0,166.666667,0
90130062,0,366,15,WOOL,4,0,0.0,0,0
90130062,1,366,15,WOOL,4,0,0.0,0,0
90130062,0,367,15,MILK,9,0,0.0,0,0
90130062,1,367,15,MILK,11,0,0.0,0,0
90130062,0,370,15,WOOL,9,0,0.0,0,0
90130062,1,370,15,WOOL,9,0,0.0,0,0
90130062,0,371,15,MILK,12,0,0.0,0,0
90130062,1,371,15,MILK,15,0,0.0,0,0
90130062,0,375,15,WOOL,6,0,0.0,0,0
90130062,1,375,15,WOOL,6,0,0.0,0,0
90130062,0,384,16,WOOL,8,4,97.0,24.25,0
90130062,1,384,16,WOOL,8,4,97.0,24.25,0
90130062,1,385,16,MILK,11,9,1500.0,166.666667,0
90130062,0,386,16,MILK,9,9,1289.0,143.222222,0
90130062,0,387,16,MILK,9,0,0.0,0,0
90130062,1,387,16,MILK,11,0,0.0,0,0
90130062,0,391,16,MILK,28,0,0.0,0,0
90130062,1,391,16,MILK,35,0,0.0,0,0
90130062,0,407,16,WOOL,4,0,0.0,0,0
90130062,1,407,16,WOOL,4,0,0.0,0,0
90130062,0,408,17,MILK,9,9,1175.0,130.555556,0
90130062,1,408,17,MILK,11,9,1175.0,130.555556,0
90130062,0,409,17,MILK,9,0,0.0,0,0
90130062,1,409,17,MILK,11,0,0.0,0,0
90130062,0,411,17,MELON,1,0,0.0,0,0
90130062,1,411,17,MELON,1,0,0.0,0,0
90130062,1,415,17,STRAWBERRY,8,8,1812.0,226.5,0
90130062,0,416,17,STRAWBERRY,5,5,1122.0,224.4,0
90130062,1,416,17,STRAWBERRY,4,0,0.0,0,0
90130062,0,417,17,STRAWBERRY,5,3,672.0,224.0,0
90130062,1,417,17,STRAWBERRY,8,0,0.0,0,0
90130062,0,421,17,STRAWBERRY,5,0,0.0,0,0
90130062,1,421,17,STRAWBERRY,8,0,0.0,0,0
90130062,0,423,17,MELON,4,0,0.0,0,0
90130062,1,423,17,MELON,5,0,0.0,0,0
90130062,0,423,17,WOOL,4,0,0.0,0,0
90130062,1,423,17,WOOL,4,0,0.0,0,0
90130062,0,424,17,WOOL,3,0,0.0,0,0
90130062,1,424,17,WOOL,3,0,0.0,0,0
90130062,1,435,18,STRAWBERRY,12,8,1820.0,227.5,0
90130062,0,436,18,STRAWBERRY,8,8,1799.0,224.875,0
90130062,1,436,18,MILK,4,4,544.0,136.0,0
90130062,0,437,18,STRAWBERRY,8,0,0.0,0,0
90130062,1,437,18,STRAWBERRY,12,0,0.0,0,0
90130062,0,437,18,MILK,3,3,392.0,130.666667,0
90130062,1,437,18,MILK,10,8,982.0,122.75,0
90130062,0,438,18,MILK,8,8,835.0,104.375,0
90130062,1,438,18,MILK,4,0,0.0,0,0
90130062,0,439,18,MILK,5,1,95.0,95.0,0
90130062,1,439,18,MILK,6,0,0.0,0,0
90130062,0,440,18,MILK,4,0,0.0,0,0
90130062,1,440,18,MILK,5,0,0.0,0,0
90130062,0,441,18,STRAWBERRY,17,0,0.0,0,0
90130062,1,441,18,STRAWBERRY,26,0,0.0,0,0
90130062,0,442,18,MILK,3,0,0.0,0,0
90130062,1,442,18,MILK,4,0,0.0,0,0
90130062,0,443,18,MILK,5,0,0.0,0,0
90130062,1,443,18,MILK,6,0,0.0,0,0
90130062,1,443,18,WOOL,2,2,16.0,8.0,0
90130062,0,444,18,MILK,20,0,0.0,0,0
90130062,1,444,18,MILK,25,0,0.0,0,0
90130062,0,444,18,WOOL,2,2,2.0,1.0,2
90130062,1,444,18,WOOL,2,2,2.0,1.0,2
90130062,0,445,18,STRAWBERRY,20,0,0.0,0,0
90130062,1,445,18,STRAWBERRY,30,0,0.0,0,0
90130062,0,445,18,WOOL,2,2,2.0,1.0,2
90130062,1,445,18,WOOL,2,2,16.0,8.0,0
90130062,1,447,18,WOOL,2,2,2.0,1.0,2
90130062,0,448,18,WOOL,2,2,2.0,1.0,2
90130062,1,448,18,WOOL,2,2,2.0,1.0,2
90130062,0,449,18,WOOL,2,2,2.0,1.0,2
90130062,1,449,18,WOOL,2,2,2.0,1.0,2
90130062,0,450,18,STRAWBERRY,1,0,0.0,0,0
90130062,1,450,18,STRAWBERRY,2,0,0.0,0,0
90130062,0,450,18,MILK,6,0,0.0,0,0
90130062,1,450,18,MILK,8,0,0.0,0,0
90130062,1,455,18,WOOL,4,4,4.0,1.0,4
90130062,0,456,19,WOOL,4,4,4.0,1.0,4
90130062,1,456,19,WOOL,1,1,1.0,1.0,1
90130062,0,457,19,WOOL,4,4,18.0,4.5,2
90130062,1,457,19,WOOL,4,0,0.0,0,0
90130062,0,460,19,WOOL,1,1,1.0,1.0,1
90130062,0,461,19,WOOL,4,0,0.0,0,0
90130062,1,461,19,WOOL,4,0,0.0,0,0
90130062,1,463,19,STRAWBERRY,2,2,460.0,230.0,0
90130062,0,464,19,STRAWBERRY,1,1,230.0,230.0,0
90130062,1,464,19,STRAWBERRY,2,2,459.0,229.5,0
90130062,0,465,19,STRAWBERRY,1,1,230.0,230.0,0
90130062,1,465,19,STRAWBERRY,17,10,2282.0,228.2,0
90130062,0,466,19,STRAWBERRY,10,10,2248.0,224.8,0
90130062,1,466,19,STRAWBERRY,3,0,0.0,0,0
90130062,0,466,19,WOOL,4,0,0.0,0,0
90130062,1,466,19,WOOL,4,0,0.0,0,0
90130062,0,467,19,STRAWBERRY,10,3,668.0,222.666667,0
90130062,1,467,19,STRAWBERRY,15,0,0.0,0,0
90130062,0,468,19,STRAWBERRY,1,0,0.0,0,0
90130062,1,468,19,STRAWBERRY,2,0,0.0,0,0
90130062,0,469,19,STRAWBERRY,1,0,0.0,0,0
90130062,1,469,19,STRAWBERRY,2,0,0.0,0,0
90130062,1,469,19,MILK,11,9,1176.0,130.666667,0
90130062,0,470,19,STRAWBERRY,2,0,0.0,0,0
90130062,1,470,19,STRAWBERRY,3,0,0.0,0,0
90130062,0,470,19,MILK,9,9,1006.0,111.777778,0
90130062,0,470,19,WOOL,4,0,0.0,0,0
90130062,1,470,19,WOOL,4,0,0.0,0,0
90130062,0,471,19,STRAWBERRY,10,0,0.0,0,0
90130062,1,471,19,STRAWBERRY,15,0,0.0,0,0
90130062,0,471,19,MILK,9,0,0.0,0,0
90130062,1,471,19,MILK,11,0,0.0,0,0
90130062,0,472,19,STRAWBERRY,1,0,0.0,0,0
90130062,1,472,19,STRAWBERRY,2,0,0.0,0,0
90130062,0,474,19,STRAWBERRY,9,0,0.0,0,0
90130062,1,474,19,STRAWBERRY,14,0,0.0,0,0
90130062,0,475,19,MILK,12,0,0.0,0,0
90130062,1,475,19,MILK,15,0,0.0,0,0
90130062,0,477,19,MILK,11,0,0.0,0,0
90130062,1,477,19,MILK,14,0,0.0,0,0
90130062,0,478,19,STRAWBERRY,6,0,0.0,0,0
90130062,1,478,19,STRAWBERRY,9,0,0.0,0,0
90130062,1,480,20,STRAWBERRY,18,12,2634.0,219.5,0
90130062,1,480,20,MILK,15,15,1045.0,69.666667,0
90130062,0,481,20,STRAWBERRY,12,12,2614.0,217.833333,0
90130062,0,482,20,STRAWBERRY,12,0,0.0,0,0
90130062,1,482,20,STRAWBERRY,18,0,0.0,0,0
90130062,1,483,20,MILK,19,0,0.0,0,0
90130062,0,484,20,MILK,15,15,762.0,50.8,0
90130062,0,485,20,MILK,15,0,0.0,0,0
90130062,1,485,20,MILK,19,0,0.0,0,0
90130062,0,486,20,STRAWBERRY,20,0,0.0,0,0
90130062,1,486,20,STRAWBERRY,30,0,0.0,0,0
90130062,0,488,20,STRAWBERRY,3,0,0.0,0,0
90130062,1,488,20,STRAWBERRY,4,0,0.0,0,0
90130062,0,489,20,MILK,15,0,0.0,0,0
90130062,1,489,20,MILK,19,0,0.0,0,0
90130062,0,492,20,STRAWBERRY,2,2,435.0,217.5,0
90130062,1,492,20,STRAWBERRY,3,2,435.0,217.5,0
90130062,0,493,20,STRAWBERRY,2,0,0.0,0,0
90130062,1,493,20,STRAWBERRY,3,0,0.0,0,0
90130062,1,494,20,MELON,1,1,213.0,213.0,0
90130062,0,494,20,STRAWBERRY,4,0,0.0,0,0
90130062,1,494,20,STRAWBERRY,6,0,0.0,0,0
90130062,0,497,20,STRAWBERRY,2,0,0.0,0,0
90130062,1,497,20,STRAWBERRY,3,0,0.0,0,0
90130062,0,498,20,STRAWBERRY,7,0,0.0,0,0
90130062,1,498,20,STRAWBERRY,10,0,0.0,0,0
90130062,0,499,20,STRAWBERRY,4,0,0.0,0,0
90130062,1,499,20,STRAWBERRY,6,0,0.0,0,0
90130062,0,501,20,STRAWBERRY,2,0,0.0,0,0
90130062,1,501,20,STRAWBERRY,3,0,0.0,0,0
90130062,1,504,21,MELON,2,0,0.0,0,0
90130062,0,504,21,STRAWBERRY,14,14,2940.0,210.0,0
90130062,1,504,21,STRAWBERRY,21,14,2940.0,210.0,0
90130062,0,505,21,MELON,2,2,431.0,215.5,0
90130062,0,505,21,STRAWBERRY,18,0,0.0,0,0
90130062,1,505,21,STRAWBERRY,27,0,0.0,0,0
90130062,0,506,21,MELON,2,0,0.0,0,0
90130062,1,506,21,MELON,2,0,0.0,0,0
90130062,1,509,21,MILK,2,2,166.0,83.0,0
90130062,0,510,21,MELON,2,0,0.0,0,0
90130062,1,510,21,MELON,2,0,0.0,0,0
90130062,1,510,21,MILK,2,2,158.0,79.0,0
90130062,1,511,21,MILK,2,2,150.0,75.0,0
90130062,1,512,21,MILK,2,2,142.0,71.0,0
90130062,1,513,21,MILK,1,1,74.0,74.0,0
90130062,1,519,21,MILK,2,0,0.0,0,0
90130062,0,520,21,MILK,2,2,171.0,85.5,0
90130062,1,520,21,MILK,2,0,0.0,0,0
90130062,0,521,21,MILK,2,2,176.0,88.0,0
90130062,1,521,21,MILK,2,0,0.0,0,0
90130062,1,523,21,MILK,2,0,0.0,0,0
90130062,0,524,21,MILK,2,2,166.0,83.0,0
90130062,1,524,21,MILK,1,0,0.0,0,0
90130062,0,525,21,MILK,2,2,171.0,85.5,0
90130062,1,525,21,MILK,2,0,0.0,0,0
90130062,0,526,21,STRAWBERRY,3,0,0.0,0,0
90130062,1,526,21,STRAWBERRY,4,0,0.0,0,0
90130062,1,526,21,MILK,1,1,78.0,78.0,0
90130062,1,526,21,WOOL,24,24,1018.0,42.416667,6
90130062,0,527,21,MELON,10,0,0.0,0,0
90130062,1,527,21,MELON,12,0,0.0,0,0
90130062,0,527,21,STRAWBERRY,2,0,0.0,0,0
90130062,1,527,21,STRAWBERRY,3,0,0.0,0,0
90130062,0,528,22,STRAWBERRY,14,14,2940.0,210.0,0
90130062,1,528,22,STRAWBERRY,21,14,2940.0,210.0,0
90130062,1,528,22,MILK,11,11,721.0,65.545455,0
90130062,0,531,22,STRAWBERRY,14,0,0.0,0,0
90130062,1,531,22,STRAWBERRY,21,0,0.0,0,0
90130062,1,535,22,MILK,15,0,0.0,0,0
90130062,0,536,22,MILK,15,15,890.0,59.333333,0
90130062,1,536,22,WOOL,24,0,0.0,0,0
90130062,0,537,22,MILK,19,0,0.0,0,0
90130062,1,537,22,MILK,24,0,0.0,0,0
90130062,0,537,22,WOOL,24,24,78.0,3.25,20
90130062,0,538,22,WOOL,24,0,0.0,0,0
90130062,1,538,22,WOOL,24,0,0.0,0,0
90130062,0,541,22,MILK,24,0,0.0,0,0
90130062,1,541,22,MILK,30,0,0.0,0,0
90130062,0,542,22,WOOL,44,0,0.0,0,0
90130062,1,542,22,WOOL,44,0,0.0,0,0
90130062,0,543,22,STRAWBERRY,2,0,0.0,0,0
90130062,1,543,22,STRAWBERRY,3,0,0.0,0,0
90130062,0,547,22,STRAWBERRY,6,2,429.0,214.5,0
90130062,1,547,22,STRAWBERRY,9,2,429.0,214.5,0
90130062,0,548,22,STRAWBERRY,6,0,0.0,0,0
90130062,1,548,22,STRAWBERRY,9,0,0.0,0,0
90130062,0,549,22,WOOL,2,0,0.0,0,0
90130062,1,549,22,WOOL,2,0,0.0,0,0
90130062,0,550,22,WOOL,12,0,0.0,0,0
90130062,1,550,22,WOOL,12,0,0.0,0,0
90130062,1,551,22,MELON,6,6,1266.0,211.0,0
90130062,0,551,22,STRAWBERRY,2,0,0.0,0,0
90130062,1,551,22,STRAWBERRY,3,0,0.0,0,0
90130062,1,552,23,STRAWBERRY,12,12,2435.0,202.916667,0
90130062,1,552,23,MILK,5,5,360.0,72.0,0
90130062,0,552,23,WOOL,8,0,0.0,0,0
90130062,1,552,23,WOOL,8,0,0.0,0,0
90130062,1,553,23,MILK,4,4,308.0,77.0,0
90130062,1,560,23,STRAWBERRY,20,0,0.0,0,0
90130062,1,561,23,MELON,8,0,0.0,0,0
90130062,0,561,23,STRAWBERRY,13,13,2657.0,204.384615,0
90130062,0,562,23,MELON,6,6,1250.0,208.333333,0
90130062,0,562,23,STRAWBERRY,13,0,0.0,0,0
90130062,1,562,23,STRAWBERRY,20,0,0.0,0,0
90130062,0,562,23,MILK,4,4,324.0,81.0,0
90130062,1,562,23,MILK,5,0,0.0,0,0
90130062,0,563,23,MELON,6,0,0.0,0,0
90130062,1,563,23,MELON,8,0,0.0,0,0
90130062,1,564,23,MILK,5,0,0.0,0,0
90130062,0,565,23,MILK,4,4,351.0,87.75,0
90130062,1,565,23,MILK,1,0,0.0,0,0
90130062,0,566,23,STRAWBERRY,14,0,0.0,0,0
90130062,1,566,23,STRAWBERRY,21,0,0.0,0,0
90130062,0,566,23,MILK,4,1,82.0,82.0,0
90130062,1,566,23,MILK,5,0,0.0,0,0
90130062,0,566,23,WOOL,3,0,0.0,0,0
90130062,1,566,23,WOOL,3,0,0.0,0,0
90130062,0,567,23,MELON,9,0,0.0,0,0
90130062,1,567,23,MELON,11,0,0.0,0,0
90130062,0,569,23,STRAWBERRY,4,2,409.0,204.5,0
90130062,1,569,23,STRAWBERRY,6,2,408.0,204.0,0
90130062,0,569,23,MILK,1,0,0.0,0,0
90130062,1,569,23,MILK,1,0,0.0,0,0
90130062,1,570,23,MILK,2,2,162.0,81.0,0
90130062,1,571,23,MILK,2,0,0.0,0,0
90130062,0,572,23,MILK,2,2,154.0,77.0,0
90130062,0,573,23,STRAWBERRY,6,0,0.0,0,0
90130062,1,573,23,STRAWBERRY,9,0,0.0,0,0
90130062,0,573,23,MILK,12,0,0.0,0,0
90130062,1,573,23,MILK,15,0,0.0,0,0
90130062,0,576,24,MELON,6,6,1213.0,202.166667,0
90130062,1,576,24,MELON,8,6,1213.0,202.166667,0
90130062,0,576,24,STRAWBERRY,29,29,5378.0,185.448276,0
90130062,1,576,24,STRAWBERRY,44,29,5378.0,185.448276,0
90130062,0,578,24,MELON,8,0,0.0,0,0
90130062,1,578,24,MELON,10,0,0.0,0,0
90130062,0,578,24,STRAWBERRY,35,0,0.0,0,0
90130062,1,578,24,STRAWBERRY,52,0,0.0,0,0
90130062,0,582,24,MELON,7,0,0.0,0,0
90130062,1,582,24,MELON,9,0,0.0,0,0
90130062,0,589,24,STRAWBERRY,2,2,365.0,182.5,0
90130062,1,589,24,STRAWBERRY,3,2,365.0,182.5,0
90130062,0,594,24,STRAWBERRY,4,0,0.0,0,0
90130062,1,594,24,STRAWBERRY,6,0,0.0,0,0
90130062,0,595,24,STRAWBERRY,4,0,0.0,0,0
90130062,1,595,24,STRAWBERRY,6,0,0.0,0,0
90130062,1,596,24,MILK,8,8,969.0,121.125,0
90130062,1,597,24,STRAWBERRY,6,4,724.0,181.0,0
90130062,1,597,24,MILK,8,8,886.0,110.75,0
90130062,0,598,24,STRAWBERRY,4,4,714.0,178.5,0
90130062,1,598,24,MILK,2,2,200.0,100.0,0
90130062,0,599,24,MELON,6,0,0.0,0,0
90130062,1,599,24,MELON,8,0,0.0,0,0
90130062,0,599,24,STRAWBERRY,4,0,0.0,0,0
90130062,1,599,24,STRAWBERRY,6,0,0.0,0,0
90130062,0,600,25,STRAWBERRY,21,20,3251.0,162.55,0
90130062,1,600,25,STRAWBERRY,32,20,3251.0,162.55,0
90130062,1,600,25,MILK,3,3,285.0,95.0,0
90130062,1,601,25,WOOL,9,9,1295.0,143.888889,0
90130062,1,602,25,WOOL,9,9,962.0,106.888889,0
90130062,1,603,25,WOOL,3,3,231.0,77.0,0
90130062,1,606,25,MILK,8,0,0.0,0,0
90130062,0,607,25,MILK,6,6,639.0,106.5,0
90130062,1,607,25,MILK,19,0,0.0,0,0
90130062,0,608,25,MILK,15,15,1267.0,84.466667,0
90130062,1,608,25,MILK,8,0,0.0,0,0
90130062,0,609,25,MILK,9,0,0.0,0,0
90130062,1,609,25,MILK,11,0,0.0,0,0
90130062,1,611,25,WOOL,9,0,0.0,0,0
90130062,0,612,25,MILK,6,0,0.0,0,0
90130062,1,612,25,MILK,8,0,0.0,0,0
90130062,0,612,25,WOOL,9,9,593.0,65.888889,0
90130062,1,612,25,WOOL,9,0,0.0,0,0
90130062,0,613,25,MILK,9,0,0.0,0,0
90130062,1,613,25,MILK,11,0,0.0,0,0
90130062,0,613,25,WOOL,9,9,438.0,48.666667,0
90130062,1,613,25,WOOL,9,0,0.0,0,0
90130062,0,616,25,WOOL,3,3,34.0,11.333333,0
90130062,0,617,25,STRAWBERRY,6,0,0.0,0,0
90130062,1,617,25,STRAWBERRY,9,0,0.0,0,0
90130062,0,617,25,MILK,14,0,0.0,0,0
90130062,1,617,25,MILK,18,0,0.0,0,0
90130062,0,617,25,WOOL,9,0,0.0,0,0
90130062,1,617,25,WOOL,9,0,0.0,0,0
90130062,0,619,25,STRAWBERRY,6,0,0.0,0,0
90130062,1,619,25,STRAWBERRY,9,0,0.0,0,0
90130062,0,622,25,MELON,6,0,0.0,0,0
90130062,1,622,25,MELON,8,0,0.0,0,0
90130062,0,625,26,MELON,6,6,1066.0,177.666667,0
90130062,1,625,26,MELON,8,6,1066.0,177.666667,0
90130062,1,625,26,STRAWBERRY,20,20,2978.0,148.9,0
90130062,1,625,26,MILK,15,15,1520.0,101.333333,0
90130062,0,625,26,WOOL,1,0,0.0,0,0
90130062,1,625,26,WOOL,1,0,0.0,0,0
90130062,0,627,26,WOOL,2,0,0.0,0,0
90130062,1,627,26,WOOL,2,0,0.0,0,0
90130062,1,631,26,STRAWBERRY,30,0,0.0,0,0
90130062,0,631,26,WOOL,12,0,0.0,0,0
90130062,1,631,26,WOOL,12,0,0.0,0,0
90130062,0,632,26,MILK,15,15,1141.0,76.066667,0
90130062,1,632,26,MILK,19,0,0.0,0,0
90130062,0,633,26,STRAWBERRY,20,20,2503.0,125.15,0
90130062,1,633,26,STRAWBERRY,30,0,0.0,0,0
90130062,0,633,26,MILK,15,0,0.0,0,0
90130062,1,633,26,MILK,19,0,0.0,0,0
90130062,0,637,26,STRAWBERRY,20,0,0.0,0,0
90130062,1,637,26,STRAWBERRY,30,0,0.0,0,0
90130062,0,637,26,MILK,30,0,0.0,0,0
90130062,1,637,26,MILK,38,0,0.0,0,0
90130062,0,649,27,MELON,6,6,1024.0,170.666667,0
90130062,1,649,27,MELON,8,6,1024.0,170.666667,0
90130062,1,649,27,STRAWBERRY,3,3,450.0,150.0,0
90130062,1,649,27,MILK,9,9,892.0,99.111111,0
90130062,1,649,27,WOOL,1,1,151.0,151.0,0
90130062,1,650,27,STRAWBERRY,3,3,440.0,146.666667,0
90130062,1,650,27,WOOL,1,1,148.0,148.0,0
90130062,1,651,27,STRAWBERRY,3,3,427.0,142.333333,0
90130062,1,651,27,WOOL,1,1,144.0,144.0,0
90130062,1,652,27,STRAWBERRY,3,3,411.0,137.0,0
90130062,1,652,27,WOOL,1,1,141.0,141.0,0
90130062,1,653,27,STRAWBERRY,3,3,417.0,139.0,0
90130062,1,653,27,WOOL,1,1,144.0,144.0,0
90130062,1,654,27,STRAWBERRY,3,3,395.0,131.666667,0
90130062,1,654,27,WOOL,1,1,141.0,141.0,0
90130062,1,655,27,STRAWBERRY,3,3,354.0,118.0,0
90130062,1,655,27,MILK,11,0,0.0,0,0
90130062,1,655,27,WOOL,1,1,137.0,137.0,0
90130062,1,656,27,STRAWBERRY,2,2,226.0,113.0,0
90130062,0,656,27,MILK,9,9,779.0,86.555556,0
90130062,1,656,27,WOOL,1,1,133.0,133.0,0
90130062,0,657,27,STRAWBERRY,2,2,234.0,117.0,0
90130062,1,657,27,STRAWBERRY,3,0,0.0,0,0
90130062,0,657,27,MILK,9,0,0.0,0,0
90130062,1,657,27,MILK,11,0,0.0,0,0
90130062,0,657,27,WOOL,1,1,137.0,137.0,0
90130062,1,657,27,WOOL,1,1,133.0,133.0,0
90130062,1,658,27,WOOL,1,1,129.0,129.0,0
90130062,1,659,27,STRAWBERRY,3,0,0.0,0,0
90130062,1,659,27,WOOL,1,1,125.0,125.0,0
90130062,0,660,27,WOOL,1,1,121.0,121.0,0
90130062,1,660,27,WOOL,1,1,121.0,121.0,0
90130062,0,661,27,STRAWBERRY,2,2,276.0,138.0,0
90130062,1,661,27,STRAWBERRY,3,0,0.0,0,0
90130062,0,661,27,MILK,10,0,0.0,0,0
90130062,1,661,27,MILK,12,0,0.0,0,0
90130062,0,661,27,WOOL,1,1,137.0,137.0,0
90130062,1,661,27,WOOL,1,1,137.0,137.0,0
90130062,1,662,27,STRAWBERRY,12,0,0.0,0,0
90130062,0,663,27,STRAWBERRY,8,8,975.0,121.875,0
90130062,1,663,27,STRAWBERRY,14,0,0.0,0,0
90130062,0,664,27,STRAWBERRY,11,11,1109.0,100.818182,0
90130062,1,664,27,STRAWBERRY,12,0,0.0,0,0
90130062,0,665,27,STRAWBERRY,4,0,0.0,0,0
90130062,1,665,27,STRAWBERRY,6,0,0.0,0,0
90130062,0,667,27,MILK,4,0,0.0,0,0
90130062,1,667,27,MILK,5,0,0.0,0,0
90130062,0,668,27,STRAWBERRY,8,0,0.0,0,0
90130062,1,668,27,STRAWBERRY,12,0,0.0,0,0
90130062,0,669,27,STRAWBERRY,4,0,0.0,0,0
90130062,1,669,27,STRAWBERRY,6,0,0.0,0,0
90130062,0,670,27,MILK,15,0,0.0,0,0
90130062,1,670,27,MILK,19,0,0.0,0,0
90130062,1,673,28,STRAWBERRY,4,4,468.0,117.0,0
90130062,0,673,28,MILK,4,4,472.0,118.0,0
90130062,1,673,28,MILK,15,15,1540.0,102.666667,0
90130062,1,674,28,STRAWBERRY,4,4,437.0,109.25,0
90130062,0,674,28,MILK,8,8,616.0,77.0,0
90130062,1,674,28,MILK,10,0,0.0,0,0
90130062,1,675,28,STRAWBERRY,4,4,408.0,102.0,0
90130062,1,676,28,STRAWBERRY,3,3,285.0,95.0,0
90130062,0,678,28,MILK,8,3,216.0,72.0,0
90130062,1,678,28,MILK,10,0,0.0,0,0
90130062,1,679,28,STRAWBERRY,4,0,0.0,0,0
90130062,0,681,28,STRAWBERRY,3,3,315.0,105.0,0
90130062,1,681,28,STRAWBERRY,4,0,0.0,0,0
90130062,0,682,28,STRAWBERRY,12,12,1083.0,90.25,0
90130062,1,682,28,STRAWBERRY,18,0,0.0,0,0
90130062,0,685,28,STRAWBERRY,3,0,0.0,0,0
90130062,1,685,28,STRAWBERRY,4,0,0.0,0,0
90130062,0,685,28,MILK,9,0,0.0,0,0
90130062,1,685,28,MILK,11,0,0.0,0,0
90130062,0,686,28,STRAWBERRY,23,0,0.0,0,0
90130062,1,686,28,STRAWBERRY,34,0,0.0,0,0
90130062,0,686,28,MILK,13,0,0.0,0,0
90130062,1,686,28,MILK,16,0,0.0,0,0
90130062,1,687,28,MELON,12,12,2038.0,169.833333,0
90130062,1,687,28,WOOL,11,11,1938.0,176.181818,0
90130062,0,688,28,STRAWBERRY,3,0,0.0,0,0
90130062,1,688,28,STRAWBERRY,4,0,0.0,0,0
90130062,0,689,28,STRAWBERRY,6,0,0.0,0,0
90130062,1,689,28,STRAWBERRY,9,0,0.0,0,0
90130062,0,690,28,STRAWBERRY,14,0,0.0,0,0
90130062,1,690,28,STRAWBERRY,21,0,0.0,0,0
90130062,1,697,29,MELON,15,0,0.0,0,0
90130062,0,697,29,STRAWBERRY,13,13,1318.0,101.384615,0
90130062,1,697,29,STRAWBERRY,20,13,1318.0,101.384615,0
90130062,1,697,29,MILK,11,9,968.0,107.555556,0
90130062,1,697,29,WOOL,20,0,0.0,0,0
90130062,0,698,29,MILK,9,9,798.0,88.666667,0
90130062,1,698,29,MILK,11,0,0.0,0,0
90130062,0,699,29,WOOL,22,21,3332.0,158.666667,0
90130062,1,699,29,WOOL,22,0,0.0,0,0
90130062,0,702,29,MILK,11,0,0.0,0,0
90130062,1,702,29,MILK,14,0,0.0,0,0
90130062,0,703,29,MILK,3,0,0.0,0,0
90130062,1,703,29,MILK,4,0,0.0,0,0
90130062,0,703,29,WOOL,24,0,0.0,0,0
90130062,1,703,29,WOOL,24,0,0.0,0,0
90130062,0,707,29,MELON,1,1,165.0,165.0,0
90130062,1,707,29,MELON,1,0,0.0,0,0
90130062,0,709,29,MELON,8,8,1316.0,164.5,0
90130062,1,709,29,MELON,8,0,0.0,0,0
90130062,0,709,29,WOOL,12,0,0.0,0,0
90130062,1,709,29,WOOL,12,0,0.0,0,0
90130062,0,710,29,MELON,3,3,462.0,154.0,0
90130062,1,710,29,MELON,3,0,0.0,0,0
90130062,0,710,29,MILK,9,0,0.0,0,0
90130062,1,710,29,MILK,9,0,0.0,0,0
90130062,0,711,29,MELON,1,0,0.0,0,0
90130062,1,711,29,MELON,1,0,0.0,0,0
90130062,0,712,29,MILK,12,0,0.0,0,0
90130062,1,712,29,MILK,12,0,0.0,0,0
90130062,0,712,29,WOOL,20,0,0.0,0,0
90130062,1,712,29,WOOL,20,0,0.0,0,0
90130062,0,713,29,MELON,8,0,0.0,0,0
90130062,1,713,29,MELON,8,0,0.0,0,0
90130062,0,713,29,STRAWBERRY,6,0,0.0,0,0
90130062,1,713,29,STRAWBERRY,6,0,0.0,0,0
90130062,0,713,29,MILK,3,0,0.0,0,0
90130062,1,713,29,MILK,3,0,0.0,0,0
90130062,0,714,29,MELON,3,0,0.0,0,0
90130062,1,714,29,MELON,3,0,0.0,0,0
90130062,0,715,29,MILK,3,0,0.0,0,0
90130062,1,715,29,MILK,3,0,0.0,0,0
90130062,0,715,29,WOOL,12,0,0.0,0,0
90130062,1,715,29,WOOL,12,0,0.0,0,0
90130062,1,716,29,MILK,3,0,0.0,0,0
90130062,0,717,29,STRAWBERRY,3,0,0.0,0,0
90130062,1,717,29,STRAWBERRY,3,0,0.0,0,0
90130062,0,717,29,MILK,3,0,0.0,0,0
90130129,1,0,0,MELON,1,0,0.0,0,0
90130129,1,1,0,STRAWBERRY,2,0,0.0,0,0
90130129,1,2,0,MELON,3,0,0.0,0,0
90130129,1,6,0,STRAWBERRY,1,0,0.0,0,0
90130129,1,7,0,MILK,1,0,0.0,0,0
90130129,1,10,0,MELON,2,0,0.0,0,0
90130129,1,14,0,STRAWBERRY,2,0,0.0,0,0
90130129,1,29,1,MELON,2,0,0.0,0,0
90130129,1,35,1,WOOL,3,0,0.0,0,0
90130129,1,45,1,WOOL,3,0,0.0,0,0
90130129,1,50,2,WOOL,3,0,0.0,0,0
90130129,1,56,2,MILK,3,0,0.0,0,0
90130129,1,59,2,STRAWBERRY,3,0,0.0,0,0
90130129,1,71,2,WOOL,2,0,0.0,0,0
90130129,1,72,3,MILK,2,0,0.0,0,0
90130129,1,74,3,STRAWBERRY,1,0,0.0,0,0
90130129,0,76,3,MELON,8,0,0.0,0,0
90130129,1,76,3,MELON,6,0,0.0,0,0
90130129,0,77,3,MELON,6,0,0.0,0,0
90130129,1,77,3,MELON,5,0,0.0,0,0
90130129,1,83,3,STRAWBERRY,1,0,0.0,0,0
90130129,0,98,4,MELON,5,0,0.0,0,0
90130129,1,98,4,MELON,4,0,0.0,0,0
90130129,1,103,4,STRAWBERRY,3,0,0.0,0,0
90130129,1,121,5,MELON,2,0,0.0,0,0
90130129,1,123,5,MELON,2,0,0.0,0,0
90130129,1,126,5,WOOL,3,0,0.0,0,0
90130129,1,133,5,WOOL,1,0,0.0,0,0
90130129,1,147,6,STRAWBERRY,1,0,0.0,0,0
90130129,1,149,6,WOOL,2,0,0.0,0,0
90130129,1,151,6,MELON,1,0,0.0,0,0
90130129,1,153,6,MELON,1,0,0.0,0,0
90130129,0,158,6,WOOL,6,0,0.0,0,0
90130129,1,158,6,WOOL,6,0,0.0,0,0
90130129,1,162,6,STRAWBERRY,2,0,0.0,0,0
90130129,1,192,8,WOOL,1,0,0.0,0,0
90130129,0,195,8,MILK,10,0,0.0,0,0
90130129,1,195,8,MILK,8,0,0.0,0,0
90130129,0,198,8,MILK,15,0,0.0,0,0
90130129,1,198,8,MILK,12,0,0.0,0,0
90130129,1,210,8,MELON,2,0,0.0,0,0
90130129,1,214,8,WOOL,2,0,0.0,0,0
90130129,1,216,9,STRAWBERRY,1,0,0.0,0,0
90130129,0,229,9,WOOL,4,0,0.0,0,0
90130129,1,229,9,WOOL,4,0,0.0,0,0
90130129,1,234,9,STRAWBERRY,1,0,0.0,0,0
90130129,1,235,9,MILK,3,0,0.0,0,0
90130129,0,256,10,MELON,8,0,0.0,0,0
90130129,1,256,10,MELON,6,0,0.0,0,0
90130129,0,257,10,MELON,8,0,0.0,0,0
90130129,1,257,10,MELON,6,0,0.0,0,0
90130129,0,259,10,MELON,20,0,0.0,0,0
90130129,1,259,10,MELON,16,0,0.0,0,0
90130129,0,262,10,MELON,14,0,0.0,0,0
90130129,1,262,10,MELON,11,0,0.0,0,0
90130129,0,264,11,MELON,34,18,4178.0,232.111111,0
90130129,1,264,11,MELON,27,18,4178.0,232.111111,0
90130129,0,269,11,STRAWBERRY,6,0,0.0,0,0
90130129,1,269,11,STRAWBERRY,4,0,0.0,0,0
90130129,0,280,11,WOOL,6,0,0.0,0,0
90130129,1,280,11,WOOL,6,0,0.0,0,0
90130129,1,282,11,STRAWBERRY,3,0,0.0,0,0
90130129,0,292,12,STRAWBERRY,9,0,0.0,0,0
90130129,1,292,12,STRAWBERRY,6,0,0.0,0,0
90130129,0,292,12,MILK,11,9,1970.0,218.888889,0
90130129,1,293,12,MILK,9,9,1928.0,214.222222,0
90130129,0,294,12,MILK,15,0,0.0,0,0
90130129,1,294,12,MILK,12,0,0.0,0,0
90130129,0,295,12,MILK,25,0,0.0,0,0
90130129,1,295,12,MILK,20,0,0.0,0,0
90130129,0,301,12,MILK,11,0,0.0,0,0
90130129,1,301,12,MILK,9,0,0.0,0,0
90130129,0,302,12,MILK,8,0,0.0,0,0
90130129,1,302,12,MILK,6,0,0.0,0,0
90130129,0,306,12,MELON,15,0,0.0,0,0
90130129,1,306,12,MELON,12,0,0.0,0,0
90130129,0,308,12,MILK,2,0,0.0,0,0
90130129,1,308,12,MILK,2,0,0.0,0,0
90130129,0,309,12,WOOL,5,0,0.0,0,0
90130129,1,309,12,WOOL,5,0,0.0,0,0
90130129,1,313,13,WOOL,1,0,0.0,0,0
90130129,1,314,13,MELON,3,0,0.0,0,0
90130129,1,316,13,MELON,1,0,0.0,0,0
90130129,1,322,13,STRAWBERRY,2,0,0.0,0,0
90130129,0,323,13,MILK,4,4,861.0,215.25,0
90130129,0,324,13,MILK,1,0,0.0,0,0
90130129,1,324,13,MILK,3,3,639.0,213.0,0
90130129,0,325,13,MILK,4,0,0.0,0,0
90130129,1,325,13,MILK,3,1,214.0,214.0,0
90130129,1,328,13,WOOL,1,0,0.0,0,0
90130129,1,333,13,MELON,3,0,0.0,0,0
90130129,0,341,14,MILK,4,2,432.0,216.0,0
90130129,0,343,14,MILK,4,0,0.0,0,0
90130129,1,343,14,MILK,3,3,643.0,214.333333,0
90130129,1,344,14,MELON,3,0,0.0,0,0
90130129,0,344,14,MILK,5,0,0.0,0,0
90130129,1,344,14,MILK,1,1,213.0,213.0,0
90130129,1,346,14,MELON,2,0,0.0,0,0
90130129,0,347,14,MILK,4,0,0.0,0,0
90130129,1,347,14,MILK,3,0,0.0,0,0
90130129,0,348,14,MILK,5,0,0.0,0,0
90130129,1,348,14,MILK,4,0,0.0,0,0
90130129,0,348,14,WOOL,7,6,1160.0,193.333333,0
90130129,1,348,14,WOOL,7,6,1192.0,198.666667,0
90130129,0,353,14,WOOL,6,0,0.0,0,0
90130129,1,353,14,WOOL,6,0,0.0,0,0
90130129,0,354,14,WOOL,6,0,0.0,0,0
90130129,1,354,14,WOOL,6,0,0.0,0,0
90130129,0,358,14,WOOL,7,0,0.0,0,0
90130129,1,358,14,WOOL,7,0,0.0,0,0
90130129,0,359,14,MELON,7,6,1289.0,214.833333,0
90130129,1,359,14,MELON,6,6,1257.0,209.5,0
90130129,0,359,14,STRAWBERRY,6,0,0.0,0,0
90130129,1,359,14,STRAWBERRY,4,0,0.0,0,0
90130129,0,360,15,MELON,9,6,1179.0,196.5,0
90130129,1,360,15,MELON,6,6,1179.0,196.5,0
90130129,0,362,15,MELON,9,0,0.0,0,0
90130129,1,362,15,MELON,7,0,0.0,0,0
90130129,0,364,15,WOOL,4,4,276.0,69.0,0
90130129,0,365,15,MILK,11,9,1982.0,220.222222,0
90130129,1,366,15,MILK,9,9,1928.0,214.222222,0
90130129,0,366,15,WOOL,4,0,0.0,0,0
90130129,1,366,15,WOOL,4,4,184.0,46.0,0
90130129,0,367,15,MILK,11,0,0.0,0,0
90130129,0,370,15,WOOL,9,0,0.0,0,0
90130129,1,370,15,WOOL,9,0,0.0,0,0
90130129,0,371,15,MILK,15,0,0.0,0,0
90130129,1,371,15,MILK,12,0,0.0,0,0
90130129,1,375,15,MELON,3,0,0.0,0,0
90130129,0,375,15,WOOL,6,0,0.0,0,0
90130129,1,375,15,WOOL,6,0,0.0,0,0
90130129,1,384,16,MILK,9,9,1935.0,215.0,0
90130129,0,384,16,WOOL,8,4,135.0,33.75,0
90130129,1,384,16,WOOL,8,4,35.0,8.75,1
90130129,0,385,16,MILK,11,9,1902.0,211.333333,0
90130129,0,387,16,MILK,11,0,0.0,0,0
90130129,0,391,16,MILK,35,0,0.0,0,0
90130129,1,391,16,MILK,28,0,0.0,0,0
90130129,1,392,16,MELON,2,0,0.0,0,0
90130129,1,405,16,MILK,2,0,0.0,0,0
90130129,0,407,16,WOOL,4,0,0.0,0,0
90130129,1,407,16,WOOL,4,0,0.0,0,0
90130129,0,408,17,MILK,11,9,1898.0,210.888889,0
90130129,1,408,17,MILK,9,9,1890.0,210.0,0
90130129,0,409,17,MILK,11,0,0.0,0,0
90130129,1,409,17,MILK,9,0,0.0,0,0
90130129,0,411,17,MELON,1,0,0.0,0,0
90130129,1,411,17,MELON,1,0,0.0,0,0
90130129,1,411,17,WOOL,3,0,0.0,0,0
90130129,1,413,17,STRAWBERRY,5,5,1217.0,243.4,0
90130129,1,414,17,STRAWBERRY,3,3,727.0,242.333333,0
90130129,1,414,17,MILK,1,0,0.0,0,0
90130129,0,415,17,STRAWBERRY,8,8,1926.0,240.75,0
90130129,0,416,17,STRAWBERRY,4,0,0.0,0,0
90130129,0,417,17,STRAWBERRY,8,0,0.0,0,0
90130129,1,417,17,MILK,3,0,0.0,0,0
90130129,1,419,17,MELON,1,0,0.0,0,0
90130129,1,420,17,MILK,1,0,0.0,0,0
90130129,0,421,17,STRAWBERRY,8,0,0.0,0,0
90130129,1,421,17,STRAWBERRY,5,0,0.0,0,0
90130129,0,423,17,MELON,5,0,0.0,0,0
90130129,1,423,17,MELON,4,0,0.0,0,0
90130129,0,423,17,WOOL,4,0,0.0,0,0
90130129,1,423,17,WOOL,4,0,0.0,0,0
90130129,0,424,17,WOOL,3,0,0.0,0,0
90130129,1,424,17,WOOL,3,0,0.0,0,0
90130129,1,433,18,STRAWBERRY,8,8,1951.0,243.875,0
90130129,1,434,18,MILK,3,3,651.0,217.0,0
90130129,0,435,18,STRAWBERRY,12,8,1933.0,241.625,0
90130129,1,435,18,MILK,8,8,1706.0,213.25,0
90130129,0,436,18,MILK,4,4,833.0,208.25,0
90130129,1,436,18,MILK,1,1,210.0,210.0,0
90130129,0,437,18,STRAWBERRY,12,0,0.0,0,0
90130129,0,437,18,MILK,10,8,1638.0,204.75,0
90130129,0,438,18,MILK,4,0,0.0,0,0
90130129,0,439,18,MILK,6,0,0.0,0,0
90130129,0,440,18,MILK,5,0,0.0,0,0
90130129,0,441,18,STRAWBERRY,26,0,0.0,0,0
90130129,1,441,18,STRAWBERRY,17,0,0.0,0,0
90130129,1,441,18,WOOL,2,2,16.0,8.0,0
90130129,1,442,18,STRAWBERRY,2,0,0.0,0,0
90130129,0,442,18,MILK,4,0,0.0,0,0
90130129,1,442,18,MILK,3,0,0.0,0,0
90130129,1,442,18,WOOL,2,2,2.0,1.0,2
90130129,0,443,18,MILK,6,0,0.0,0,0
90130129,1,443,18,MILK,5,0,0.0,0,0
90130129,0,443,18,WOOL,2,2,2.0,1.0,2
90130129,1,443,18,WOOL,2,2,2.0,1.0,2
90130129,0,444,18,MILK,25,0,0.0,0,0
90130129,1,444,18,MILK,20,0,0.0,0,0
90130129,0,444,18,WOOL,2,2,2.0,1.0,2
90130129,1,444,18,WOOL,2,2,2.0,1.0,2
90130129,0,445,18,STRAWBERRY,30,0,0.0,0,0
90130129,1,445,18,STRAWBERRY,20,0,0.0,0,0
90130129,0,445,18,WOOL,2,2,12.0,6.0,1
90130129,1,445,18,WOOL,2,2,12.0,6.0,1
90130129,1,446,18,WOOL,2,2,2.0,1.0,2
90130129,0,447,18,WOOL,2,2,2.0,1.0,2
90130129,1,447,18,WOOL,1,1,1.0,1.0,1
90130129,1,448,18,STRAWBERRY,3,0,0.0,0,0
90130129,0,448,18,WOOL,2,2,2.0,1.0,2
90130129,0,449,18,WOOL,2,2,2.0,1.0,2
90130129,1,449,18,WOOL,2,0,0.0,0,0
90130129,0,450,18,STRAWBERRY,2,0,0.0,0,0
90130129,1,450,18,STRAWBERRY,1,0,0.0,0,0
90130129,0,450,18,MILK,8,0,0.0,0,0
90130129,1,450,18,MILK,6,0,0.0,0,0
90130129,1,453,18,WOOL,4,4,4.0,1.0,4
90130129,0,455,18,WOOL,4,4,4.0,1.0,4
90130129,0,456,19,WOOL,1,1,1.0,1.0,1
90130129,0,457,19,WOOL,4,0,0.0,0,0
90130129,1,461,19,STRAWBERRY,1,1,247.0,247.0,0
90130129,0,461,19,WOOL,4,0,0.0,0,0
90130129,1,461,19,WOOL,4,0,0.0,0,0
90130129,1,462,19,STRAWBERRY,1,1,246.0,246.0,0
90130129,0,463,19,STRAWBERRY,2,2,486.0,243.0,0
90130129,1,463,19,STRAWBERRY,11,11,2690.0,244.545455,0
90130129,0,464,19,STRAWBERRY,2,2,483.0,241.5,0
90130129,1,464,19,STRAWBERRY,2,2,484.0,242.0,0
90130129,1,464,19,WOOL,2,0,0.0,0,0
90130129,0,465,19,STRAWBERRY,17,10,2407.0,240.7,0
90130129,1,465,19,WOOL,3,0,0.0,0,0
90130129,0,466,19,STRAWBERRY,3,0,0.0,0,0
90130129,0,466,19,WOOL,4,0,0.0,0,0
90130129,0,467,19,STRAWBERRY,15,0,0.0,0,0
90130129,1,467,19,MILK,9,9,1909.0,212.111111,0
90130129,0,468,19,STRAWBERRY,2,0,0.0,0,0
90130129,0,469,19,STRAWBERRY,2,0,0.0,0,0
90130129,1,469,19,STRAWBERRY,1,0,0.0,0,0
90130129,0,469,19,MILK,11,9,1875.0,208.333333,0
90130129,0,470,19,STRAWBERRY,3,0,0.0,0,0
90130129,0,470,19,WOOL,4,0,0.0,0,0
90130129,1,470,19,WOOL,4,0,0.0,0,0
90130129,0,471,19,STRAWBERRY,15,0,0.0,0,0
90130129,1,471,19,STRAWBERRY,10,0,0.0,0,0
90130129,0,471,19,MILK,11,0,0.0,0,0
90130129,0,472,19,STRAWBERRY,2,0,0.0,0,0
90130129,1,472,19,STRAWBERRY,1,0,0.0,0,0
90130129,0,474,19,STRAWBERRY,14,0,0.0,0,0
90130129,1,474,19,STRAWBERRY,9,0,0.0,0,0
90130129,0,475,19,MILK,15,0,0.0,0,0
90130129,1,475,19,MILK,12,0,0.0,0,0
90130129,0,477,19,MILK,14,0,0.0,0,0
90130129,1,477,19,MILK,11,0,0.0,0,0
90130129,0,478,19,STRAWBERRY,9,0,0.0,0,0
90130129,1,478,19,STRAWBERRY,6,0,0.0,0,0
90130129,0,480,20,STRAWBERRY,18,12,2826.0,235.5,0
90130129,1,480,20,STRAWBERRY,12,12,2826.0,235.5,0
90130129,0,480,20,MILK,8,8,1545.0,193.125,0
90130129,0,481,20,MILK,7,7,1308.0,186.857143,0
90130129,1,481,20,MILK,15,15,2579.0,171.933333,0
90130129,0,482,20,STRAWBERRY,18,0,0.0,0,0
90130129,0,483,20,MILK,19,0,0.0,0,0
90130129,0,485,20,MILK,19,0,0.0,0,0
90130129,0,486,20,STRAWBERRY,30,0,0.0,0,0
90130129,1,486,20,STRAWBERRY,20,0,0.0,0,0
90130129,1,486,20,MILK,3,0,0.0,0,0
90130129,0,488,20,STRAWBERRY,4,0,0.0,0,0
90130129,1,488,20,STRAWBERRY,3,0,0.0,0,0
90130129,0,489,20,MILK,19,0,0.0,0,0
90130129,1,489,20,MILK,15,0,0.0,0,0
90130129,1,490,20,MILK,3,0,0.0,0,0
90130129,0,492,20,STRAWBERRY,3,2,470.0,235.0,0
90130129,1,492,20,STRAWBERRY,2,2,470.0,235.0,0
90130129,1,492,20,MILK,2,0,0.0,0,0
90130129,0,493,20,STRAWBERRY,3,0,0.0,0,0
90130129,0,494,20,MELON,1,1,213.0,213.0,0
90130129,0,494,20,STRAWBERRY,6,0,0.0,0,0
90130129,1,494,20,STRAWBERRY,4,0,0.0,0,0
90130129,0,497,20,STRAWBERRY,3,0,0.0,0,0
90130129,1,497,20,STRAWBERRY,2,0,0.0,0,0
90130129,0,498,20,STRAWBERRY,10,0,0.0,0,0
90130129,1,498,20,STRAWBERRY,7,0,0.0,0,0
90130129,0,499,20,STRAWBERRY,6,0,0.0,0,0
90130129,1,499,20,STRAWBERRY,4,0,0.0,0,0
90130129,0,501,20,STRAWBERRY,3,0,0.0,0,0
90130129,1,501,20,STRAWBERRY,2,0,0.0,0,0
90130129,1,502,20,MELON,2,2,422.0,211.0,0
90130129,1,502,20,STRAWBERRY,3,0,0.0,0,0
90130129,0,504,21,MELON,2,0,0.0,0,0
90130129,0,504,21,STRAWBERRY,21,14,3209.0,229.214286,0
90130129,1,504,21,STRAWBERRY,14,14,3209.0,229.214286,0
90130129,0,505,21,STRAWBERRY,27,0,0.0,0,0
90130129,1,505,21,STRAWBERRY,18,0,0.0,0,0
90130129,0,506,21,MELON,2,0,0.0,0,0
90130129,0,510,21,MELON,2,0,0.0,0,0
90130129,1,510,21,MELON,2,0,0.0,0,0
90130129,1,514,21,STRAWBERRY,3,0,0.0,0,0
90130129,1,517,21,STRAWBERRY,2,0,0.0,0,0
90130129,0,517,21,MILK,2,2,410.0,205.0,0
90130129,1,517,21,MILK,2,2,410.0,205.0,0
90130129,0,518,21,MILK,2,2,404.0,202.0,0
90130129,1,518,21,MILK,2,2,404.0,202.0,0
90130129,0,519,21,MILK,2,2,396.0,198.0,0
90130129,1,519,21,MILK,2,2,396.0,198.0,0
90130129,0,520,21,MILK,2,2,388.0,194.0,0
90130129,1,520,21,MILK,2,2,388.0,194.0,0
90130129,0,521,21,MILK,2,1,194.0,194.0,0
90130129,1,521,21,MILK,1,1,194.0,194.0,0
90130129,0,523,21,MILK,2,0,0.0,0,0
90130129,1,524,21,MELON,1,0,0.0,0,0
90130129,0,524,21,MILK,1,0,0.0,0,0
90130129,0,525,21,MILK,2,0,0.0,0,0
90130129,1,525,21,MILK,2,0,0.0,0,0
90130129,0,526,21,STRAWBERRY,4,0,0.0,0,0
90130129,1,526,21,STRAWBERRY,3,0,0.0,0,0
90130129,0,526,21,WOOL,20,20,1231.0,61.55,0
90130129,0,527,21,MELON,12,0,0.0,0,0
90130129,1,527,21,MELON,10,0,0.0,0,0
90130129,0,527,21,STRAWBERRY,3,0,0.0,0,0
90130129,1,527,21,STRAWBERRY,2,0,0.0,0,0
90130129,0,528,22,STRAWBERRY,21,14,3209.0,229.214286,0
90130129,1,528,22,STRAWBERRY,14,14,3209.0,229.214286,0
90130129,0,528,22,MILK,2,2,379.0,189.5,0
90130129,0,529,22,MILK,7,7,1348.0,192.571429,0
90130129,0,529,22,WOOL,4,4,58.0,14.5,0
90130129,0,531,22,STRAWBERRY,21,0,0.0,0,0
90130129,1,531,22,STRAWBERRY,14,0,0.0,0,0
90130129,0,533,22,MILK,3,3,566.0,188.666667,0
90130129,1,533,22,MILK,12,12,2120.0,176.666667,0
90130129,1,534,22,WOOL,24,24,24.0,1.0,24
90130129,0,535,22,MILK,15,0,0.0,0,0
90130129,0,536,22,WOOL,24,0,0.0,0,0
90130129,0,537,22,MILK,24,0,0.0,0,0
90130129,0,538,22,WOOL,24,0,0.0,0,0
90130129,1,539,22,MELON,1,0,0.0,0,0
90130129,0,541,22,MILK,30,0,0.0,0,0
90130129,1,541,22,MILK,24,0,0.0,0,0
90130129,0,542,22,WOOL,44,0,0.0,0,0
90130129,1,542,22,WOOL,44,0,0.0,0,0
90130129,1,543,22,MELON,2,0,0.0,0,0
90130129,0,543,22,STRAWBERRY,3,0,0.0,0,0
90130129,1,543,22,STRAWBERRY,2,0,0.0,0,0
90130129,1,544,22,STRAWBERRY,2,0,0.0,0,0
90130129,0,547,22,STRAWBERRY,9,2,466.0,233.0,0
90130129,1,547,22,STRAWBERRY,6,2,466.0,233.0,0
90130129,0,548,22,STRAWBERRY,9,0,0.0,0,0
90130129,1,548,22,STRAWBERRY,6,0,0.0,0,0
90130129,1,549,22,STRAWBERRY,3,0,0.0,0,0
90130129,0,549,22,WOOL,2,0,0.0,0,0
90130129,1,549,22,WOOL,2,0,0.0,0,0
90130129,0,550,22,WOOL,12,0,0.0,0,0
90130129,1,550,22,WOOL,12,0,0.0,0,0
90130129,0,551,22,MELON,2,2,427.0,213.5,0
90130129,0,551,22,STRAWBERRY,3,0,0.0,0,0
90130129,1,551,22,STRAWBERRY,2,0,0.0,0,0
90130129,0,552,23,WOOL,8,0,0.0,0,0
90130129,1,552,23,WOOL,8,0,0.0,0,0
90130129,0,553,23,MELON,4,4,858.0,214.5,0
90130129,0,553,23,STRAWBERRY,8,8,1815.0,226.875,0
90130129,1,555,23,STRAWBERRY,14,14,3123.0,223.071429,0
90130129,1,555,23,MILK,4,4,794.0,198.5,0
90130129,1,556,23,MELON,6,6,1250.0,208.333333,0
90130129,1,556,23,MILK,4,4,778.0,194.5,0
90130129,1,556,23,WOOL,1,0,0.0,0,0
90130129,0,557,23,STRAWBERRY,4,4,885.0,221.25,0
90130129,0,557,23,MILK,2,2,387.0,193.5,0
90130129,1,557,23,MILK,1,1,195.0,195.0,0
90130129,0,558,23,MILK,2,2,381.0,190.5,0
90130129,0,559,23,MILK,2,2,376.0,188.0,0
90130129,1,559,23,MILK,1,0,0.0,0,0
90130129,0,560,23,STRAWBERRY,20,0,0.0,0,0
90130129,0,561,23,MELON,8,0,0.0,0,0
90130129,1,561,23,MELON,3,0,0.0,0,0
90130129,0,561,23,MILK,3,3,566.0,188.666667,0
90130129,0,562,23,STRAWBERRY,20,0,0.0,0,0
90130129,0,562,23,MILK,5,0,0.0,0,0
90130129,0,563,23,MELON,8,0,0.0,0,0
90130129,0,564,23,MILK,5,0,0.0,0,0
90130129,0,565,23,MILK,1,0,0.0,0,0
90130129,0,566,23,STRAWBERRY,21,0,0.0,0,0
90130129,1,566,23,STRAWBERRY,14,0,0.0,0,0
90130129,0,566,23,MILK,5,0,0.0,0,0
90130129,1,566,23,MILK,4,0,0.0,0,0
90130129,0,566,23,WOOL,3,0,0.0,0,0
90130129,1,566,23,WOOL,3,0,0.0,0,0
90130129,0,567,23,MELON,11,0,0.0,0,0
90130129,1,567,23,MELON,9,0,0.0,0,0
90130129,0,569,23,STRAWBERRY,6,2,448.0,224.0,0
90130129,1,569,23,STRAWBERRY,4,2,449.0,224.5,0
90130129,0,569,23,MILK,1,0,0.0,0,0
90130129,0,570,23,MILK,2,2,392.0,196.0,0
90130129,1,570,23,MILK,3,3,585.0,195.0,0
90130129,0,571,23,MILK,2,0,0.0,0,0
90130129,0,573,23,STRAWBERRY,9,0,0.0,0,0
90130129,1,573,23,STRAWBERRY,6,0,0.0,0,0
90130129,0,573,23,MILK,15,0,0.0,0,0
90130129,1,573,23,MILK,12,0,0.0,0,0
90130129,0,576,24,MELON,8,6,1185.0,197.5,0
90130129,1,576,24,MELON,6,6,1234.0,205.666667,0
90130129,0,576,24,STRAWBERRY,44,29,6245.0,215.344828,0
90130129,1,576,24,STRAWBERRY,30,30,6110.0,203.666667,0
90130129,0,578,24,MELON,10,0,0.0,0,0
90130129,1,578,24,MELON,8,0,0.0,0,0
90130129,0,578,24,STRAWBERRY,52,0,0.0,0,0
90130129,1,578,24,STRAWBERRY,35,0,0.0,0,0
90130129,0,582,24,MELON,9,0,0.0,0,0
90130129,1,582,24,MELON,7,0,0.0,0,0
90130129,1,583,24,STRAWBERRY,2,0,0.0,0,0
90130129,0,589,24,STRAWBERRY,3,2,413.0,206.5,0
90130129,1,589,24,STRAWBERRY,2,2,413.0,206.5,0
90130129,1,590,24,MELON,2,0,0.0,0,0
90130129,0,594,24,STRAWBERRY,6,0,0.0,0,0
90130129,1,594,24,STRAWBERRY,4,0,0.0,0,0
90130129,0,595,24,STRAWBERRY,6,0,0.0,0,0
90130129,1,595,24,STRAWBERRY,4,0,0.0,0,0
90130129,0,597,24,STRAWBERRY,6,4,819.0,204.75,0
90130129,1,597,24,STRAWBERRY,4,4,819.0,204.75,0
90130129,0,597,24,MILK,8,8,1711.0,213.875,0
90130129,1,598,24,MILK,15,15,3076.0,205.066667,0
90130129,0,599,24,MELON,8,0,0.0,0,0
90130129,1,599,24,MELON,6,0,0.0,0,0
90130129,0,599,24,STRAWBERRY,6,0,0.0,0,0
90130129,1,599,24,STRAWBERRY,4,0,0.0,0,0
90130129,1,599,24,MILK,3,3,591.0,197.0,0
90130129,0,600,25,STRAWBERRY,32,20,3971.0,198.55,0
90130129,1,600,25,STRAWBERRY,21,21,3963.0,188.714286,0
90130129,0,600,25,MILK,3,3,570.0,190.0,0
90130129,1,600,25,MILK,3,3,582.0,194.0,0
90130129,0,601,25,MILK,5,5,969.0,193.8,0
90130129,0,601,25,WOOL,5,5,755.0,151.0,0
90130129,0,602,25,MILK,2,2,379.0,189.5,0
90130129,0,602,25,WOOL,5,5,463.0,92.6,0
90130129,1,602,25,WOOL,9,9,1121.0,124.555556,0
90130129,0,603,25,WOOL,5,5,272.0,54.4,0
90130129,1,603,25,WOOL,9,9,307.0,34.111111,1
90130129,0,604,25,WOOL,2,2,2.0,1.0,2
90130129,1,604,25,WOOL,3,3,3.0,1.0,3
90130129,0,605,25,MILK,3,3,570.0,190.0,0
90130129,0,605,25,WOOL,2,2,16.0,8.0,0
90130129,0,606,25,MILK,8,0,0.0,0,0
90130129,1,606,25,MILK,3,0,0.0,0,0
90130129,0,607,25,MILK,19,0,0.0,0,0
90130129,1,607,25,MILK,3,0,0.0,0,0
90130129,0,608,25,MILK,8,0,0.0,0,0
90130129,0,609,25,MILK,11,0,0.0,0,0
90130129,0,609,25,WOOL,2,2,16.0,8.0,0
90130129,0,611,25,WOOL,9,0,0.0,0,0
90130129,0,612,25,MILK,8,0,0.0,0,0
90130129,1,612,25,MILK,6,0,0.0,0,0
90130129,0,612,25,WOOL,9,0,0.0,0,0
90130129,0,613,25,MILK,11,0,0.0,0,0
90130129,1,613,25,MILK,9,0,0.0,0,0
90130129,0,613,25,WOOL,9,0,0.0,0,0
90130129,1,616,25,STRAWBERRY,1,0,0.0,0,0
90130129,0,617,25,STRAWBERRY,9,0,0.0,0,0
90130129,1,617,25,STRAWBERRY,6,0,0.0,0,0
90130129,0,617,25,MILK,18,0,0.0,0,0
90130129,1,617,25,MILK,14,0,0.0,0,0
90130129,0,617,25,WOOL,9,0,0.0,0,0
90130129,1,617,25,WOOL,9,0,0.0,0,0
90130129,0,619,25,STRAWBERRY,9,0,0.0,0,0
90130129,1,619,25,STRAWBERRY,6,0,0.0,0,0
90130129,0,622,25,MELON,8,0,0.0,0,0
90130129,1,622,25,MELON,6,0,0.0,0,0
90130129,0,625,26,MELON,8,6,1091.0,181.833333,0
90130129,1,625,26,MELON,6,6,1030.0,171.666667,0
90130129,0,625,26,STRAWBERRY,16,16,2815.0,175.9375,0
90130129,1,625,26,STRAWBERRY,20,20,3727.0,186.35,0
90130129,0,625,26,MILK,12,12,2286.0,190.5,0
90130129,1,625,26,MILK,15,15,3063.0,204.2,0
90130129,0,625,26,WOOL,1,0,0.0,0,0
90130129,1,625,26,WOOL,1,0,0.0,0,0
90130129,1,627,26,MILK,3,0,0.0,0,0
90130129,0,627,26,WOOL,2,0,0.0,0,0
90130129,0,629,26,STRAWBERRY,4,4,688.0,172.0,0
90130129,0,629,26,MILK,3,3,554.0,184.666667,0
90130129,1,630,26,MILK,3,0,0.0,0,0
90130129,0,631,26,STRAWBERRY,30,0,0.0,0,0
90130129,0,631,26,WOOL,12,0,0.0,0,0
90130129,1,631,26,WOOL,12,0,0.0,0,0
90130129,0,632,26,MILK,19,0,0.0,0,0
90130129,0,633,26,STRAWBERRY,30,0,0.0,0,0
90130129,0,633,26,MILK,19,0,0.0,0,0
90130129,1,636,26,WOOL,3,0,0.0,0,0
90130129,0,637,26,STRAWBERRY,30,0,0.0,0,0
90130129,1,637,26,STRAWBERRY,20,0,0.0,0,0
90130129,0,637,26,MILK,38,0,0.0,0,0
90130129,1,637,26,MILK,30,0,0.0,0,0
90130129,1,639,26,MELON,1,0,0.0,0,0
90130129,0,649,27,MELON,8,6,1051.0,175.166667,0
90130129,1,649,27,MELON,6,6,987.0,164.5,0
90130129,0,649,27,STRAWBERRY,3,3,557.0,185.666667,0
90130129,1,649,27,STRAWBERRY,2,2,374.0,187.0,0
90130129,0,649,27,MILK,9,9,1753.0,194.777778,0
90130129,1,649,27,MILK,9,9,1831.0,203.444444,0
90130129,0,649,27,WOOL,1,1,167.0,167.0,0
90130129,1,649,27,WOOL,1,1,169.0,169.0,0
90130129,0,650,27,STRAWBERRY,3,3,550.0,183.333333,0
90130129,1,650,27,STRAWBERRY,2,2,368.0,184.0,0
90130129,0,650,27,WOOL,1,1,164.0,164.0,0
90130129,1,650,27,WOOL,1,1,164.0,164.0,0
90130129,0,651,27,STRAWBERRY,3,3,542.0,180.666667,0
90130129,1,651,27,STRAWBERRY,2,2,363.0,181.5,0
90130129,0,651,27,WOOL,1,1,158.0,158.0,0
90130129,1,651,27,WOOL,1,1,158.0,158.0,0
90130129,0,652,27,STRAWBERRY,3,3,533.0,177.666667,0
90130129,1,652,27,STRAWBERRY,2,2,357.0,178.5,0
90130129,0,652,27,WOOL,1,1,151.0,151.0,0
90130129,1,652,27,WOOL,1,1,151.0,151.0,0
90130129,0,653,27,STRAWBERRY,3,3,531.0,177.0,0
90130129,1,653,27,STRAWBERRY,10,10,1737.0,173.7,0
90130129,0,653,27,WOOL,1,1,151.0,151.0,0
90130129,1,653,27,WOOL,1,1,151.0,151.0,0
90130129,0,654,27,STRAWBERRY,3,3,505.0,168.333333,0
90130129,1,654,27,STRAWBERRY,7,7,1161.0,165.857143,0
90130129,0,654,27,WOOL,1,1,144.0,144.0,0
90130129,1,654,27,WOOL,1,1,144.0,144.0,0
90130129,0,655,27,STRAWBERRY,3,3,483.0,161.0,0
90130129,0,655,27,MILK,11,0,0.0,0,0
90130129,0,655,27,WOOL,1,1,133.0,133.0,0
90130129,1,655,27,WOOL,1,1,137.0,137.0,0
90130129,0,656,27,STRAWBERRY,2,2,317.0,158.5,0
90130129,0,656,27,WOOL,1,1,129.0,129.0,0
90130129,1,656,27,WOOL,1,1,129.0,129.0,0
90130129,0,657,27,STRAWBERRY,3,0,0.0,0,0
90130129,0,657,27,MILK,11,0,0.0,0,0
90130129,0,657,27,WOOL,1,1,125.0,125.0,0
90130129,1,657,27,WOOL,1,1,129.0,129.0,0
90130129,0,658,27,WOOL,1,1,121.0,121.0,0
90130129,1,658,27,WOOL,1,1,121.0,121.0,0
90130129,0,659,27,STRAWBERRY,3,0,0.0,0,0
90130129,0,659,27,WOOL,1,1,107.0,107.0,0
90130129,1,659,27,WOOL,1,1,112.0,112.0,0
90130129,0,660,27,WOOL,1,1,102.0,102.0,0
90130129,1,660,27,WOOL,1,1,102.0,102.0,0
90130129,0,661,27,STRAWBERRY,3,0,0.0,0,0
90130129,1,661,27,STRAWBERRY,2,0,0.0,0,0
90130129,0,661,27,MILK,12,0,0.0,0,0
90130129,1,661,27,MILK,10,0,0.0,0,0
90130129,0,661,27,WOOL,1,1,121.0,121.0,0
90130129,1,661,27,WOOL,1,1,116.0,116.0,0
90130129,0,662,27,STRAWBERRY,12,0,0.0,0,0
90130129,0,663,27,STRAWBERRY,14,0,0.0,0,0
90130129,0,664,27,STRAWBERRY,12,0,0.0,0,0
90130129,1,664,27,STRAWBERRY,2,0,0.0,0,0
90130129,0,665,27,STRAWBERRY,6,0,0.0,0,0
90130129,0,667,27,MILK,5,0,0.0,0,0
90130129,1,667,27,MILK,4,0,0.0,0,0
90130129,0,668,27,STRAWBERRY,12,0,0.0,0,0
90130129,1,668,27,STRAWBERRY,8,0,0.0,0,0
90130129,0,669,27,STRAWBERRY,6,0,0.0,0,0
90130129,1,669,27,STRAWBERRY,4,0,0.0,0,0
90130129,0,670,27,MILK,19,0,0.0,0,0
90130129,1,670,27,MILK,15,0,0.0,0,0
90130129,1,671,27,STRAWBERRY,3,0,0.0,0,0
90130129,1,673,28,MELON,12,12,1951.0,162.583333,0
90130129,0,673,28,STRAWBERRY,4,4,669.0,167.25,0
90130129,1,673,28,STRAWBERRY,15,15,2605.0,173.666667,0
90130129,0,673,28,MILK,15,15,3002.0,200.133333,0
90130129,1,673,28,MILK,15,15,3014.0,200.933333,0
90130129,1,673,28,WOOL,11,11,1457.0,132.454545,0
90130129,0,674,28,STRAWBERRY,4,4,656.0,164.0,0
90130129,0,674,28,MILK,10,0,0.0,0,0
90130129,0,675,28,STRAWBERRY,4,4,642.0,160.5,0
90130129,0,676,28,STRAWBERRY,3,3,473.0,157.666667,0
90130129,0,678,28,MILK,10,0,0.0,0,0
90130129,1,678,28,MILK,8,0,0.0,0,0
90130129,0,679,28,STRAWBERRY,4,0,0.0,0,0
90130129,0,681,28,STRAWBERRY,4,0,0.0,0,0
90130129,0,682,28,STRAWBERRY,18,0,0.0,0,0
90130129,0,685,28,STRAWBERRY,4,0,0.0,0,0
90130129,1,685,28,STRAWBERRY,3,0,0.0,0,0
90130129,0,685,28,MILK,11,0,0.0,0,0
90130129,1,685,28,MILK,9,0,0.0,0,0
90130129,0,686,28,STRAWBERRY,34,0,0.0,0,0
90130129,1,686,28,STRAWBERRY,23,0,0.0,0,0
90130129,0,686,28,MILK,16,0,0.0,0,0
90130129,1,686,28,MILK,13,0,0.0,0,0
90130129,0,687,28,MELON,12,12,1764.0,147.0,0
90130129,0,687,28,WOOL,11,11,1413.0,128.454545,0
90130129,1,688,28,MELON,2,0,0.0,0,0
90130129,0,688,28,STRAWBERRY,4,0,0.0,0,0
90130129,1,688,28,STRAWBERRY,3,0,0.0,0,0
90130129,0,689,28,STRAWBERRY,9,0,0.0,0,0
90130129,1,689,28,STRAWBERRY,6,0,0.0,0,0
90130129,0,690,28,STRAWBERRY,21,0,0.0,0,0
90130129,1,690,28,STRAWBERRY,14,0,0.0,0,0
90130129,1,691,28,MELON,2,0,0.0,0,0
90130129,0,697,29,MELON,15,0,0.0,0,0
90130129,0,697,29,STRAWBERRY,20,13,2283.0,175.615385,0
90130129,1,697,29,STRAWBERRY,13,13,2167.0,166.692308,0
90130129,0,697,29,MILK,11,9,1791.0,199.0,0
90130129,1,697,29,MILK,9,9,1860.0,206.666667,0
90130129,0,697,29,WOOL,20,0,0.0,0,0
90130129,0,698,29,MILK,11,0,0.0,0,0
90130129,0,699,29,WOOL,22,0,0.0,0,0
90130129,0,702,29,MILK,14,0,0.0,0,0
90130129,1,702,29,MILK,11,0,0.0,0,0
90130129,1,703,29,MELON,1,0,0.0,0,0
90130129,0,703,29,MILK,4,0,0.0,0,0
90130129,1,703,29,MILK,3,0,0.0,0,0
90130129,0,703,29,WOOL,24,0,0.0,0,0
90130129,1,703,29,WOOL,24,0,0.0,0,0
90130129,0,707,29,MELON,1,0,0.0,0,0
90130129,0,709,29,MELON,10,0,0.0,0,0
90130129,0,709,29,WOOL,12,0,0.0,0,0
90130129,1,709,29,WOOL,12,0,0.0,0,0
90130129,0,710,29,MELON,4,0,0.0,0,0
90130129,0,710,29,MILK,11,0,0.0,0,0
90130129,1,710,29,MILK,9,0,0.0,0,0
90130129,0,711,29,MELON,1,0,0.0,0,0
90130129,1,711,29,MELON,1,0,0.0,0,0
90130129,0,712,29,MILK,15,0,0.0,0,0
90130129,1,712,29,MILK,12,0,0.0,0,0
90130129,0,712,29,WOOL,20,0,0.0,0,0
90130129,1,712,29,WOOL,20,0,0.0,0,0
90130129,0,713,29,MELON,10,0,0.0,0,0
90130129,1,713,29,MELON,8,0,0.0,0,0
90130129,0,713,29,STRAWBERRY,9,0,0.0,0,0
90130129,1,713,29,STRAWBERRY,6,0,0.0,0,0
90130129,0,713,29,MILK,4,0,0.0,0,0
90130129,1,713,29,MILK,3,0,0.0,0,0
90130129,0,714,29,MELON,4,0,0.0,0,0
90130129,1,714,29,MELON,3,0,0.0,0,0
90130129,0,715,29,MILK,4,0,0.0,0,0
90130129,1,715,29,MILK,3,0,0.0,0,0
90130129,0,715,29,WOOL,12,0,0.0,0,0
90130129,1,715,29,WOOL,12,0,0.0,0,0
90130129,0,716,29,STRAWBERRY,4,0,0.0,0,0
90130129,1,716,29,STRAWBERRY,3,0,0.0,0,0
90130129,0,716,29,MILK,4,0,0.0,0,0
90130129,1,716,29,MILK,3,0,0.0,0,0
90130129,1,717,29,MILK,1,0,0.0,0,0
90130741,1,49,2,WOOL,4,0,0.0,0,0
90130741,0,76,3,MELON,8,0,0.0,0,0
90130741,0,77,3,MELON,6,0,0.0,0,0
90130741,0,98,4,MELON,5,0,0.0,0,0
90130741,1,98,4,MELON,4,0,0.0,0,0
90130741,0,158,6,WOOL,6,0,0.0,0,0
90130741,1,158,6,WOOL,6,0,0.0,0,0
90130741,0,195,8,MILK,10,0,0.0,0,0
90130741,1,195,8,MILK,8,0,0.0,0,0
90130741,0,198,8,MILK,15,0,0.0,0,0
90130741,1,198,8,MILK,12,0,0.0,0,0
90130741,0,229,9,WOOL,4,0,0.0,0,0
90130741,1,229,9,WOOL,4,0,0.0,0,0
90130741,0,256,10,MELON,8,0,0.0,0,0
90130741,1,256,10,MELON,6,0,0.0,0,0
90130741,0,257,10,MELON,8,0,0.0,0,0
90130741,1,257,10,MELON,6,0,0.0,0,0
90130741,0,259,10,MELON,20,0,0.0,0,0
90130741,1,259,10,MELON,6,0,0.0,0,0
90130741,0,262,10,MELON,14,0,0.0,0,0
90130741,1,262,10,MELON,6,0,0.0,0,0
90130741,0,264,11,MELON,34,18,4420.0,245.555556,0
90130741,1,264,11,MELON,18,0,0.0,0,0
90130741,0,269,11,STRAWBERRY,6,0,0.0,0,0
90130741,0,280,11,WOOL,6,0,0.0,0,0
90130741,1,280,11,WOOL,6,0,0.0,0,0
90130741,0,292,12,STRAWBERRY,9,0,0.0,0,0
90130741,1,292,12,STRAWBERRY,6,0,0.0,0,0
90130741,0,292,12,MILK,11,9,1853.0,205.888889,0
90130741,0,294,12,MILK,15,0,0.0,0,0
90130741,0,295,12,MILK,25,0,0.0,0,0
90130741,1,296,12,MILK,3,3,608.0,202.666667,0
90130741,0,301,12,MILK,11,0,0.0,0,0
90130741,1,301,12,MILK,8,4,818.0,204.5,0
90130741,0,302,12,MILK,8,0,0.0,0,0
90130741,1,302,12,MILK,3,0,0.0,0,0
90130741,0,306,12,MELON,15,0,0.0,0,0
90130741,1,306,12,MELON,6,0,0.0,0,0
90130741,0,308,12,MILK,2,0,0.0,0,0
90130741,0,309,12,WOOL,5,0,0.0,0,0
90130741,1,309,12,WOOL,4,0,0.0,0,0
90130741,1,319,13,MILK,20,6,1218.0,203.0,0
90130741,0,323,13,MILK,4,4,802.0,200.5,0
90130741,0,324,13,MILK,1,0,0.0,0,0
90130741,1,324,13,MILK,4,0,0.0,0,0
90130741,0,325,13,MILK,4,0,0.0,0,0
90130741,0,341,14,MILK,4,2,413.0,206.5,0
90130741,0,343,14,MILK,4,0,0.0,0,0
90130741,0,344,14,MILK,5,0,0.0,0,0
90130741,0,347,14,MILK,4,0,0.0,0,0
90130741,1,347,14,WOOL,7,0,0.0,0,0
90130741,0,348,14,MILK,5,0,0.0,0,0
90130741,0,348,14,WOOL,7,6,1458.0,243.0,0
90130741,1,349,14,MILK,4,4,835.0,208.75,0
90130741,1,353,14,MILK,4,2,416.0,208.0,0
90130741,0,353,14,WOOL,6,0,0.0,0,0
90130741,1,353,14,WOOL,6,0,0.0,0,0
90130741,0,354,14,WOOL,6,0,0.0,0,0
90130741,1,354,14,WOOL,6,0,0.0,0,0
90130741,0,358,14,WOOL,7,0,0.0,0,0
90130741,1,358,14,WOOL,3,0,0.0,0,0
90130741,0,359,14,MELON,12,6,1483.0,247.166667,0
90130741,1,359,14,MELON,6,0,0.0,0,0
90130741,0,359,14,STRAWBERRY,6,0,0.0,0,0
90130741,1,359,14,STRAWBERRY,4,0,0.0,0,0
90130741,0,360,15,MELON,9,6,1470.0,245.0,0
90130741,0,362,15,MELON,9,0,0.0,0,0
90130741,1,362,15,MELON,6,0,0.0,0,0
90130741,0,364,15,WOOL,4,4,968.0,242.0,0
90130741,0,365,15,MILK,11,9,1889.0,209.888889,0
90130741,0,366,15,WOOL,4,0,0.0,0,0
90130741,0,367,15,MILK,11,0,0.0,0,0
90130741,0,370,15,WOOL,9,0,0.0,0,0
90130741,0,371,15,MILK,15,0,0.0,0,0
90130741,1,373,15,WOOL,9,0,0.0,0,0
90130741,0,375,15,WOOL,6,0,0.0,0,0
90130741,1,375,15,WOOL,6,0,0.0,0,0
90130741,0,384,16,WOOL,8,4,970.0,242.5,0
90130741,1,384,16,WOOL,8,6,1454.0,242.333333,0
90130741,0,385,16,MILK,11,9,1953.0,217.0,0
90130741,1,386,16,MILK,28,14,2921.0,208.642857,0
90130741,0,387,16,MILK,11,0,0.0,0,0
90130741,0,391,16,MILK,35,0,0.0,0,0
90130741,1,396,16,STRAWBERRY,4,0,0.0,0,0
90130741,1,396,16,MILK,9,0,0.0,0,0
90130741,0,407,16,WOOL,4,0,0.0,0,0
90130741,1,407,16,WOOL,4,0,0.0,0,0
90130741,0,408,17,MILK,18,9,1887.0,209.666667,0
90130741,1,408,17,MILK,9,8,1684.0,210.5,0
90130741,0,409,17,MILK,11,0,0.0,0,0
90130741,0,411,17,MELON,1,0,0.0,0,0
90130741,0,415,17,STRAWBERRY,8,8,1902.0,237.75,0
90130741,0,416,17,STRAWBERRY,4,0,0.0,0,0
90130741,0,417,17,STRAWBERRY,8,0,0.0,0,0
90130741,0,421,17,STRAWBERRY,8,0,0.0,0,0
90130741,1,421,17,STRAWBERRY,3,0,0.0,0,0
90130741,0,423,17,MELON,5,0,0.0,0,0
90130741,1,423,17,MELON,5,0,0.0,0,0
90130741,0,423,17,WOOL,4,0,0.0,0,0
90130741,1,423,17,WOOL,4,0,0.0,0,0
90130741,0,424,17,WOOL,3,0,0.0,0,0
90130741,1,424,17,WOOL,4,0,0.0,0,0
90130741,1,431,17,MILK,4,0,0.0,0,0
90130741,1,432,18,STRAWBERRY,8,0,0.0,0,0
90130741,0,435,18,STRAWBERRY,12,8,1928.0,241.0,0
90130741,0,436,18,MILK,12,12,2623.0,218.583333,0
90130741,0,437,18,STRAWBERRY,12,0,0.0,0,0
90130741,0,437,18,MILK,10,0,0.0,0,0
90130741,0,438,18,MILK,4,0,0.0,0,0
90130741,0,439,18,MILK,6,0,0.0,0,0
90130741,0,440,18,MILK,5,0,0.0,0,0
90130741,0,441,18,STRAWBERRY,26,0,0.0,0,0
90130741,0,442,18,MILK,4,0,0.0,0,0
90130741,0,443,18,MILK,6,0,0.0,0,0
90130741,0,443,18,WOOL,13,13,3168.0,243.692308,0
90130741,0,444,18,MILK,25,0,0.0,0,0
90130741,0,444,18,WOOL,2,0,0.0,0,0
90130741,0,445,18,STRAWBERRY,30,0,0.0,0,0
90130741,1,445,18,STRAWBERRY,20,0,0.0,0,0
90130741,0,445,18,WOOL,2,0,0.0,0,0
90130741,0,447,18,WOOL,2,0,0.0,0,0
90130741,0,448,18,WOOL,2,0,0.0,0,0
90130741,0,449,18,WOOL,2,0,0.0,0,0
90130741,0,450,18,STRAWBERRY,2,0,0.0,0,0
90130741,1,450,18,STRAWBERRY,2,0,0.0,0,0
90130741,0,450,18,MILK,8,0,0.0,0,0
90130741,1,450,18,WOOL,2,0,0.0,0,0
90130741,1,451,18,MILK,12,5,1110.0,222.0,0
90130741,1,454,18,STRAWBERRY,6,0,0.0,0,0
90130741,0,455,18,WOOL,4,4,974.0,243.5,0
90130741,1,456,19,STRAWBERRY,6,0,0.0,0,0
90130741,1,456,19,MILK,9,9,1976.0,219.555556,0
90130741,0,456,19,WOOL,1,0,0.0,0,0
90130741,0,457,19,WOOL,4,0,0.0,0,0
90130741,0,461,19,WOOL,4,0,0.0,0,0
90130741,0,463,19,STRAWBERRY,14,14,3414.0,243.857143,0
90130741,0,464,19,STRAWBERRY,2,0,0.0,0,0
90130741,0,465,19,STRAWBERRY,17,0,0.0,0,0
90130741,0,466,19,STRAWBERRY,3,0,0.0,0,0
90130741,0,466,19,WOOL,4,0,0.0,0,0
90130741,0,467,19,STRAWBERRY,15,0,0.0,0,0
90130741,0,468,19,STRAWBERRY,2,0,0.0,0,0
90130741,1,468,19,MILK,20,0,0.0,0,0
90130741,0,469,19,STRAWBERRY,2,0,0.0,0,0
90130741,0,469,19,MILK,11,9,2014.0,223.777778,0
90130741,0,470,19,STRAWBERRY,3,0,0.0,0,0
90130741,0,470,19,WOOL,4,0,0.0,0,0
90130741,0,471,19,STRAWBERRY,15,0,0.0,0,0
90130741,0,471,19,MILK,11,0,0.0,0,0
90130741,0,472,19,STRAWBERRY,2,0,0.0,0,0
90130741,1,472,19,STRAWBERRY,1,0,0.0,0,0
90130741,0,474,19,STRAWBERRY,14,0,0.0,0,0
90130741,1,474,19,STRAWBERRY,4,0,0.0,0,0
90130741,0,475,19,MILK,15,0,0.0,0,0
90130741,0,477,19,MILK,14,0,0.0,0,0
90130741,1,477,19,MILK,9,0,0.0,0,0
90130741,0,478,19,STRAWBERRY,9,0,0.0,0,0
90130741,0,480,20,STRAWBERRY,18,12,2909.0,242.416667,0
90130741,0,480,20,MILK,15,15,3112.0,207.466667,0
90130741,1,480,20,MILK,15,12,2608.0,217.333333,0
90130741,1,481,20,STRAWBERRY,9,0,0.0,0,0
90130741,0,482,20,STRAWBERRY,18,0,0.0,0,0
90130741,0,483,20,MILK,19,0,0.0,0,0
90130741,0,485,20,MILK,19,0,0.0,0,0
90130741,1,485,20,WOOL,4,2,490.0,245.0,0
90130741,0,486,20,STRAWBERRY,30,0,0.0,0,0
90130741,0,488,20,STRAWBERRY,4,0,0.0,0,0
90130741,1,488,20,STRAWBERRY,3,0,0.0,0,0
90130741,1,488,20,WOOL,4,0,0.0,0,0
90130741,0,489,20,MILK,19,0,0.0,0,0
90130741,1,491,20,STRAWBERRY,4,0,0.0,0,0
90130741,0,492,20,STRAWBERRY,3,2,488.0,244.0,0
90130741,1,492,20,STRAWBERRY,12,0,0.0,0,0
90130741,0,493,20,STRAWBERRY,3,0,0.0,0,0
90130741,0,494,20,MELON,1,1,250.0,250.0,0
90130741,0,494,20,STRAWBERRY,6,0,0.0,0,0
90130741,0,497,20,STRAWBERRY,3,0,0.0,0,0
90130741,1,497,20,STRAWBERRY,2,0,0.0,0,0
90130741,0,498,20,STRAWBERRY,10,0,0.0,0,0
90130741,0,499,20,STRAWBERRY,6,0,0.0,0,0
90130741,1,499,20,STRAWBERRY,4,0,0.0,0,0
90130741,0,501,20,STRAWBERRY,3,0,0.0,0,0
90130741,1,501,20,STRAWBERRY,2,0,0.0,0,0
90130741,1,501,20,WOOL,4,0,0.0,0,0
90130741,1,502,20,MELON,8,0,0.0,0,0
90130741,0,504,21,MELON,2,0,0.0,0,0
90130741,0,504,21,STRAWBERRY,21,14,3406.0,243.285714,0
90130741,0,505,21,STRAWBERRY,27,0,0.0,0,0
90130741,1,505,21,STRAWBERRY,14,4,971.0,242.75,0
90130741,0,506,21,MELON,2,0,0.0,0,0
90130741,0,509,21,MILK,9,9,2014.0,223.777778,0
90130741,0,510,21,MELON,2,0,0.0,0,0
90130741,0,510,21,MILK,2,0,0.0,0,0
90130741,0,511,21,MILK,2,0,0.0,0,0
90130741,0,512,21,MILK,2,0,0.0,0,0
90130741,0,513,21,MILK,1,0,0.0,0,0
90130741,1,517,21,MILK,3,3,679.0,226.333333,0
90130741,0,519,21,MILK,2,0,0.0,0,0
90130741,0,520,21,MILK,2,0,0.0,0,0
90130741,0,521,21,MILK,2,0,0.0,0,0
90130741,1,521,21,MILK,2,2,453.0,226.5,0
90130741,1,522,21,MELON,6,0,0.0,0,0
90130741,1,522,21,STRAWBERRY,2,0,0.0,0,0
90130741,1,522,21,WOOL,4,0,0.0,0,0
90130741,0,523,21,MILK,2,0,0.0,0,0
90130741,0,524,21,MILK,1,0,0.0,0,0
90130741,0,525,21,MILK,2,0,0.0,0,0
90130741,1,525,21,MILK,3,3,680.0,226.666667,0
90130741,0,526,21,STRAWBERRY,4,0,0.0,0,0
90130741,0,526,21,MILK,1,1,224.0,224.0,0
90130741,0,526,21,WOOL,24,24,5890.0,245.416667,0
90130741,0,527,21,MELON,12,0,0.0,0,0
90130741,1,527,21,MELON,6,0,0.0,0,0
90130741,0,527,21,STRAWBERRY,3,0,0.0,0,0
90130741,1,527,21,STRAWBERRY,2,0,0.0,0,0
90130741,0,528,22,STRAWBERRY,21,14,3430.0,245.0,0
90130741,1,528,22,STRAWBERRY,14,0,0.0,0,0
90130741,0,528,22,MILK,11,11,2429.0,220.818182,0
90130741,0,531,22,STRAWBERRY,21,0,0.0,0,0
90130741,0,535,22,MILK,15,0,0.0,0,0
90130741,0,536,22,WOOL,24,0,0.0,0,0
90130741,0,537,22,MILK,24,0,0.0,0,0
90130741,0,538,22,WOOL,24,0,0.0,0,0
90130741,0,541,22,MILK,30,0,0.0,0,0
90130741,1,541,22,MILK,20,10,2264.0,226.4,0
90130741,1,542,22,STRAWBERRY,2,0,0.0,0,0
90130741,0,542,22,WOOL,44,0,0.0,0,0
90130741,0,543,22,STRAWBERRY,3,0,0.0,0,0
90130741,1,545,22,MELON,3,0,0.0,0,0
90130741,1,546,22,MILK,12,0,0.0,0,0
90130741,0,547,22,STRAWBERRY,9,2,498.0,249.0,0
90130741,1,547,22,STRAWBERRY,6,2,498.0,249.0,0
90130741,0,548,22,STRAWBERRY,9,0,0.0,0,0
90130741,1,548,22,STRAWBERRY,6,0,0.0,0,0
90130741,0,549,22,WOOL,2,0,0.0,0,0
90130741,1,549,22,WOOL,14,4,984.0,246.0,0
90130741,0,550,22,WOOL,12,0,0.0,0,0
90130741,1,550,22,WOOL,12,0,0.0,0,0
90130741,0,551,22,MELON,6,6,1528.0,254.666667,0
90130741,0,551,22,STRAWBERRY,3,0,0.0,0,0
90130741,1,551,22,STRAWBERRY,4,0,0.0,0,0
90130741,0,552,23,STRAWBERRY,12,12,2923.0,243.583333,0
90130741,0,552,23,MILK,9,9,2003.0,222.555556,0
90130741,0,552,23,WOOL,8,0,0.0,0,0
90130741,1,552,23,WOOL,8,0,0.0,0,0
90130741,0,553,23,MILK,4,0,0.0,0,0
90130741,0,560,23,STRAWBERRY,20,0,0.0,0,0
90130741,0,561,23,MELON,8,0,0.0,0,0
90130741,0,562,23,STRAWBERRY,20,0,0.0,0,0
90130741,0,562,23,MILK,5,0,0.0,0,0
90130741,0,563,23,MELON,8,0,0.0,0,0
90130741,0,564,23,MILK,5,0,0.0,0,0
90130741,0,565,23,MILK,1,0,0.0,0,0
90130741,0,566,23,STRAWBERRY,21,0,0.0,0,0
90130741,1,566,23,STRAWBERRY,14,0,0.0,0,0
90130741,0,566,23,MILK,5,0,0.0,0,0
90130741,1,566,23,MILK,3,3,692.0,230.666667,0
90130741,0,566,23,WOOL,3,0,0.0,0,0
90130741,1,566,23,WOOL,4,0,0.0,0,0
90130741,0,567,23,MELON,11,0,0.0,0,0
90130741,1,568,23,WOOL,5,0,0.0,0,0
90130741,0,569,23,STRAWBERRY,6,2,495.0,247.5,0
90130741,0,569,23,MILK,1,0,0.0,0,0
90130741,1,569,23,WOOL,4,0,0.0,0,0
90130741,1,570,23,STRAWBERRY,2,0,0.0,0,0
90130741,0,570,23,MILK,2,2,461.0,230.5,0
90130741,0,571,23,MILK,2,0,0.0,0,0
90130741,0,573,23,STRAWBERRY,9,0,0.0,0,0
90130741,1,573,23,STRAWBERRY,20,0,0.0,0,0
90130741,0,573,23,MILK,15,0,0.0,0,0
90130741,1,573,23,MILK,3,3,692.0,230.666667,0
90130741,1,574,23,STRAWBERRY,7,0,0.0,0,0
90130741,1,575,23,STRAWBERRY,2,0,0.0,0,0
90130741,1,575,23,WOOL,15,0,0.0,0,0
90130741,0,576,24,MELON,8,6,1558.0,259.666667,0
90130741,0,576,24,STRAWBERRY,44,29,7025.0,242.241379,0
90130741,1,576,24,STRAWBERRY,25,2,476.0,238.0,0
90130741,1,576,24,MILK,5,5,1142.0,228.4,0
90130741,0,578,24,MELON,10,0,0.0,0,0
90130741,0,578,24,STRAWBERRY,52,0,0.0,0,0
90130741,1,579,24,STRAWBERRY,28,0,0.0,0,0
90130741,0,582,24,MELON,9,0,0.0,0,0
90130741,1,584,24,MELON,12,3,778.0,259.333333,0
90130741,1,588,24,MELON,6,0,0.0,0,0
90130741,0,589,24,STRAWBERRY,3,2,488.0,244.0,0
90130741,0,594,24,STRAWBERRY,6,0,0.0,0,0
90130741,1,594,24,MILK,1,1,239.0,239.0,0
90130741,0,595,24,STRAWBERRY,6,0,0.0,0,0
90130741,1,595,24,STRAWBERRY,6,0,0.0,0,0
90130741,1,596,24,STRAWBERRY,7,0,0.0,0,0
90130741,0,596,24,MILK,15,15,3521.0,234.733333,0
90130741,0,597,24,STRAWBERRY,6,4,974.0,243.5,0
90130741,0,597,24,MILK,8,3,695.0,231.666667,0
90130741,0,598,24,MILK,2,0,0.0,0,0
90130741,0,599,24,MELON,8,0,0.0,0,0
90130741,1,599,24,MELON,6,0,0.0,0,0
90130741,0,599,24,STRAWBERRY,6,0,0.0,0,0
90130741,0,600,25,STRAWBERRY,32,20,4786.0,239.3,0
90130741,1,600,25,STRAWBERRY,11,3,727.0,242.333333,0
90130741,0,600,25,MILK,3,3,691.0,230.333333,0
90130741,0,601,25,WOOL,21,21,5186.0,246.952381,0
90130741,0,602,25,WOOL,9,0,0.0,0,0
90130741,0,603,25,WOOL,3,0,0.0,0,0
90130741,0,606,25,MILK,8,0,0.0,0,0
90130741,0,607,25,MILK,19,0,0.0,0,0
90130741,0,608,25,MILK,8,0,0.0,0,0
90130741,0,609,25,MILK,11,0,0.0,0,0
90130741,0,611,25,WOOL,9,0,0.0,0,0
90130741,0,612,25,MILK,8,0,0.0,0,0
90130741,0,612,25,WOOL,9,0,0.0,0,0
90130741,0,613,25,MILK,11,0,0.0,0,0
90130741,0,613,25,WOOL,9,0,0.0,0,0
90130741,1,614,25,WOOL,2,2,494.0,247.0,0
90130741,1,615,25,STRAWBERRY,10,0,0.0,0,0
90130741,1,616,25,MILK,3,3,716.0,238.666667,0
90130741,0,617,25,STRAWBERRY,9,0,0.0,0,0
90130741,1,617,25,STRAWBERRY,6,0,0.0,0,0
90130741,0,617,25,MILK,18,0,0.0,0,0
90130741,0,617,25,WOOL,9,0,0.0,0,0
90130741,1,618,25,MILK,3,3,716.0,238.666667,0
90130741,0,619,25,STRAWBERRY,9,0,0.0,0,0
90130741,1,619,25,STRAWBERRY,6,0,0.0,0,0
90130741,0,622,25,MELON,8,0,0.0,0,0
90130741,1,622,25,MELON,6,0,0.0,0,0
90130741,1,622,25,MILK,2,2,478.0,239.0,0
90130741,0,625,26,MELON,8,6,1542.0,257.0,0
90130741,1,625,26,MELON,6,0,0.0,0,0
90130741,0,625,26,STRAWBERRY,20,20,4831.0,241.55,0
90130741,0,625,26,MILK,15,15,3574.0,238.266667,0
90130741,1,625,26,MILK,30,13,3005.0,231.153846,0
90130741,0,625,26,WOOL,1,0,0.0,0,0
90130741,0,627,26,WOOL,2,0,0.0,0,0
90130741,0,631,26,STRAWBERRY,30,0,0.0,0,0
90130741,0,631,26,WOOL,12,0,0.0,0,0
90130741,0,632,26,MILK,19,0,0.0,0,0
90130741,0,633,26,STRAWBERRY,30,0,0.0,0,0
90130741,0,633,26,MILK,19,0,0.0,0,0
90130741,0,637,26,STRAWBERRY,30,0,0.0,0,0
90130741,0,637,26,MILK,38,0,0.0,0,0
90130741,1,641,26,WOOL,1,1,248.0,248.0,0
90130741,1,644,26,STRAWBERRY,20,0,0.0,0,0
90130741,0,649,27,MELON,8,6,1575.0,262.5,0
90130741,1,649,27,MELON,6,0,0.0,0,0
90130741,0,649,27,STRAWBERRY,23,23,5625.0,244.565217,0
90130741,1,649,27,STRAWBERRY,15,4,963.0,240.75,0
90130741,0,649,27,MILK,9,9,2149.0,238.777778,0
90130741,0,649,27,WOOL,20,20,4947.0,247.35,0
90130741,1,649,27,WOOL,20,1,248.0,248.0,0
90130741,0,650,27,STRAWBERRY,3,0,0.0,0,0
90130741,0,650,27,WOOL,1,0,0.0,0,0
90130741,0,651,27,STRAWBERRY,3,0,0.0,0,0
90130741,0,651,27,WOOL,1,0,0.0,0,0
90130741,0,652,27,STRAWBERRY,3,0,0.0,0,0
90130741,0,652,27,WOOL,1,0,0.0,0,0
90130741,0,653,27,STRAWBERRY,3,0,0.0,0,0
90130741,0,653,27,WOOL,1,0,0.0,0,0
90130741,0,654,27,STRAWBERRY,3,0,0.0,0,0
90130741,0,654,27,WOOL,1,0,0.0,0,0
90130741,0,655,27,STRAWBERRY,3,0,0.0,0,0
90130741,0,655,27,MILK,11,0,0.0,0,0
90130741,0,655,27,WOOL,1,0,0.0,0,0
90130741,0,656,27,STRAWBERRY,2,0,0.0,0,0
90130741,0,656,27,WOOL,1,0,0.0,0,0
90130741,0,657,27,STRAWBERRY,3,0,0.0,0,0
90130741,0,657,27,MILK,11,0,0.0,0,0
90130741,0,657,27,WOOL,1,0,0.0,0,0
90130741,0,658,27,WOOL,1,0,0.0,0,0
90130741,0,659,27,STRAWBERRY,3,0,0.0,0,0
90130741,0,659,27,WOOL,1,0,0.0,0,0
90130741,0,660,27,WOOL,1,0,0.0,0,0
90130741,0,661,27,STRAWBERRY,3,0,0.0,0,0
90130741,0,661,27,MILK,12,0,0.0,0,0
90130741,1,661,27,MILK,10,9,2166.0,240.666667,0
90130741,0,661,27,WOOL,1,0,0.0,0,0
90130741,0,662,27,STRAWBERRY,12,0,0.0,0,0
90130741,1,662,27,MILK,1,0,0.0,0,0
90130741,0,663,27,STRAWBERRY,14,0,0.0,0,0
90130741,0,664,27,STRAWBERRY,12,0,0.0,0,0
90130741,0,665,27,STRAWBERRY,6,0,0.0,0,0
90130741,0,667,27,MILK,5,0,0.0,0,0
90130741,0,668,27,STRAWBERRY,12,0,0.0,0,0
90130741,0,669,27,STRAWBERRY,6,0,0.0,0,0
90130741,0,670,27,MILK,19,0,0.0,0,0
90130741,1,670,27,MILK,15,0,0.0,0,0
90130741,1,673,28,MELON,2,2,537.0,268.5,0
90130741,0,673,28,STRAWBERRY,15,15,3706.0,247.066667,0
90130741,0,673,28,MILK,30,15,3616.0,241.066667,0
90130741,1,673,28,MILK,4,4,946.0,236.5,0
90130741,1,673,28,WOOL,1,1,248.0,248.0,0
90130741,0,674,28,STRAWBERRY,4,0,0.0,0,0
90130741,0,674,28,MILK,10,0,0.0,0,0
90130741,0,675,28,STRAWBERRY,4,0,0.0,0,0
90130741,0,676,28,STRAWBERRY,3,0,0.0,0,0
90130741,0,678,28,MILK,10,0,0.0,0,0
90130741,0,679,28,STRAWBERRY,4,0,0.0,0,0
90130741,0,681,28,STRAWBERRY,4,0,0.0,0,0
90130741,0,682,28,STRAWBERRY,18,0,0.0,0,0
90130741,0,685,28,STRAWBERRY,4,0,0.0,0,0
90130741,0,685,28,MILK,11,0,0.0,0,0
90130741,1,685,28,MILK,3,2,483.0,241.5,0
90130741,0,686,28,STRAWBERRY,34,0,0.0,0,0
90130741,0,686,28,MILK,16,0,0.0,0,0
90130741,1,686,28,MILK,12,0,0.0,0,0
90130741,0,687,28,MELON,12,12,3153.0,262.75,0
90130741,0,687,28,WOOL,11,4,992.0,248.0,0
90130741,0,688,28,STRAWBERRY,4,0,0.0,0,0
90130741,0,689,28,STRAWBERRY,9,0,0.0,0,0
90130741,1,689,28,STRAWBERRY,23,0,0.0,0,0
90130741,0,690,28,STRAWBERRY,21,0,0.0,0,0
90130741,1,690,28,STRAWBERRY,14,0,0.0,0,0
90130741,0,697,29,MELON,15,0,0.0,0,0
90130741,0,697,29,STRAWBERRY,20,13,3276.0,252.0,0
90130741,1,697,29,STRAWBERRY,13,3,750.0,250.0,0
90130741,0,697,29,MILK,11,9,2166.0,240.666667,0
90130741,1,697,29,MILK,9,9,2202.0,244.666667,0
90130741,0,697,29,WOOL,20,0,0.0,0,0
90130741,0,698,29,MILK,11,0,0.0,0,0
90130741,0,699,29,WOOL,22,0,0.0,0,0
90130741,0,702,29,MILK,14,0,0.0,0,0
90130741,0,703,29,MILK,4,0,0.0,0,0
90130741,1,703,29,MILK,3,0,0.0,0,0
90130741,0,703,29,WOOL,24,0,0.0,0,0
90130741,1,703,29,WOOL,12,3,744.0,248.0,0
90130741,0,707,29,MELON,1,0,0.0,0,0
90130741,0,709,29,MELON,10,0,0.0,0,0
90130741,0,709,29,WOOL,12,0,0.0,0,0
90130741,1,709,29,WOOL,12,0,0.0,0,0
90130741,0,710,29,MELON,4,0,0.0,0,0
90130741,0,710,29,MILK,11,0,0.0,0,0
90130741,1,710,29,MILK,9,0,0.0,0,0
90130741,0,711,29,MELON,1,0,0.0,0,0
90130741,1,711,29,MILK,3,0,0.0,0,0
90130741,0,712,29,MILK,15,0,0.0,0,0
90130741,1,712,29,MILK,12,0,0.0,0,0
90130741,0,712,29,WOOL,20,0,0.0,0,0
90130741,1,712,29,WOOL,20,0,0.0,0,0
90130741,0,713,29,MELON,10,0,0.0,0,0
90130741,0,713,29,STRAWBERRY,9,0,0.0,0,0
90130741,1,713,29,STRAWBERRY,12,0,0.0,0,0
90130741,0,713,29,MILK,4,0,0.0,0,0
90130741,0,714,29,MELON,4,0,0.0,0,0
90130741,1,714,29,MELON,10,4,1059.0,264.75,0
90130741,1,714,29,MILK,3,0,0.0,0,0
90130741,0,715,29,MILK,4,0,0.0,0,0
90130741,0,715,29,WOOL,12,0,0.0,0,0
90130741,1,715,29,WOOL,12,0,0.0,0,0
90130741,0,716,29,STRAWBERRY,4,0,0.0,0,0
90130741,0,716,29,MILK,4,0,0.0,0,0
90130741,1,716,29,MILK,3,0,0.0,0,0
90130765,0,49,2,WOOL,4,0,0.0,0,0
90130765,1,76,3,MELON,6,0,0.0,0,0
90130765,1,77,3,MELON,5,0,0.0,0,0
90130765,0,98,4,MELON,4,0,0.0,0,0
90130765,1,98,4,MELON,4,0,0.0,0,0
90130765,0,158,6,WOOL,6,0,0.0,0,0
90130765,1,158,6,WOOL,6,0,0.0,0,0
90130765,0,195,8,MILK,8,0,0.0,0,0
90130765,1,195,8,MILK,8,0,0.0,0,0
90130765,0,198,8,MILK,12,0,0.0,0,0
90130765,1,198,8,MILK,12,0,0.0,0,0
90130765,0,229,9,WOOL,4,0,0.0,0,0
90130765,1,229,9,WOOL,4,0,0.0,0,0
90130765,0,256,10,MELON,6,0,0.0,0,0
90130765,1,256,10,MELON,6,0,0.0,0,0
90130765,0,257,10,MELON,6,0,0.0,0,0
90130765,1,257,10,MELON,6,0,0.0,0,0
90130765,0,259,10,MELON,6,0,0.0,0,0
90130765,1,259,10,MELON,16,0,0.0,0,0
90130765,0,262,10,MELON,6,0,0.0,0,0
90130765,1,262,10,MELON,11,0,0.0,0,0
90130765,0,264,11,MELON,18,18,4195.0,233.055556,0
90130765,1,264,11,MELON,27,18,4195.0,233.055556,0
90130765,1,269,11,STRAWBERRY,4,0,0.0,0,0
90130765,0,280,11,WOOL,6,0,0.0,0,0
90130765,1,280,11,WOOL,6,0,0.0,0,0
90130765,0,292,12,STRAWBERRY,6,0,0.0,0,0
90130765,1,292,12,STRAWBERRY,6,0,0.0,0,0
90130765,1,292,12,MILK,9,9,1853.0,205.888889,0
90130765,1,294,12,MILK,12,0,0.0,0,0
90130765,1,295,12,MILK,20,0,0.0,0,0
90130765,1,301,12,MILK,9,0,0.0,0,0
90130765,0,302,12,MILK,3,3,623.0,207.666667,0
90130765,1,302,12,MILK,6,0,0.0,0,0
90130765,0,303,12,MILK,8,8,1603.0,200.375,0
90130765,0,306,12,MELON,6,0,0.0,0,0
90130765,1,306,12,MELON,12,0,0.0,0,0
90130765,0,308,12,MILK,3,0,0.0,0,0
90130765,1,308,12,MILK,2,0,0.0,0,0
90130765,0,309,12,WOOL,4,0,0.0,0,0
90130765,1,309,12,WOOL,5,0,0.0,0,0
90130765,1,322,13,MILK,1,1,203.0,203.0,0
90130765,1,323,13,MILK,3,3,603.0,201.0,0
90130765,0,324,13,MILK,4,3,594.0,198.0,0
90130765,1,324,13,MILK,1,0,0.0,0,0
90130765,0,325,13,MILK,6,0,0.0,0,0
90130765,1,325,13,MILK,3,0,0.0,0,0
90130765,1,340,14,MILK,1,1,199.0,199.0,0
90130765,1,341,14,MILK,3,2,399.0,199.5,0
90130765,1,343,14,MILK,3,0,0.0,0,0
90130765,1,344,14,MILK,4,0,0.0,0,0
90130765,1,347,14,MILK,3,0,0.0,0,0
90130765,0,347,14,WOOL,7,0,0.0,0,0
90130765,1,348,14,MILK,4,0,0.0,0,0
90130765,1,348,14,WOOL,7,6,1452.0,242.0,0
90130765,0,353,14,MILK,6,0,0.0,0,0
90130765,0,353,14,WOOL,6,0,0.0,0,0
90130765,1,353,14,WOOL,6,0,0.0,0,0
90130765,0,354,14,WOOL,6,0,0.0,0,0
90130765,1,354,14,WOOL,6,0,0.0,0,0
90130765,0,358,14,WOOL,7,0,0.0,0,0
90130765,1,358,14,WOOL,7,0,0.0,0,0
90130765,0,359,14,MELON,6,6,1325.0,220.833333,0
90130765,1,359,14,MELON,6,6,1324.0,220.666667,0
90130765,1,359,14,STRAWBERRY,4,0,0.0,0,0
90130765,1,360,15,MELON,7,6,1258.0,209.666667,0
90130765,1,362,15,MELON,7,0,0.0,0,0
90130765,0,363,15,MELON,6,6,1226.0,204.333333,0
90130765,1,363,15,WOOL,1,1,240.0,240.0,0
90130765,1,364,15,MILK,1,1,205.0,205.0,0
90130765,1,364,15,WOOL,4,3,720.0,240.0,0
90130765,1,365,15,MILK,9,8,1624.0,203.0,0
90130765,1,366,15,WOOL,4,0,0.0,0,0
90130765,1,367,15,MILK,9,0,0.0,0,0
90130765,1,370,15,WOOL,9,0,0.0,0,0
90130765,1,371,15,MILK,12,0,0.0,0,0
90130765,0,372,15,STRAWBERRY,4,3,610.0,203.333333,0
90130765,0,375,15,WOOL,6,4,960.0,240.0,0
90130765,1,375,15,WOOL,6,0,0.0,0,0
90130765,1,384,16,MILK,1,1,208.0,208.0,0
90130765,0,384,16,WOOL,8,0,0.0,0,0
90130765,1,384,16,WOOL,8,4,960.0,240.0,0
90130765,1,385,16,MILK,9,8,1657.0,207.125,0
90130765,0,387,16,MILK,6,6,1208.0,201.333333,0
90130765,1,387,16,MILK,9,0,0.0,0,0
90130765,1,391,16,MILK,28,0,0.0,0,0
90130765,0,396,16,MILK,9,6,1197.0,199.5,0
90130765,0,407,16,WOOL,4,0,0.0,0,0
90130765,1,407,16,WOOL,4,0,0.0,0,0
90130765,0,408,17,STRAWBERRY,4,3,624.0,208.0,0
90130765,0,408,17,MILK,9,9,1772.0,196.888889,0
90130765,1,408,17,MILK,9,9,1740.0,193.333333,0
90130765,1,409,17,MILK,9,0,0.0,0,0
90130765,1,411,17,MELON,1,0,0.0,0,0
90130765,1,414,17,STRAWBERRY,1,1,209.0,209.0,0
90130765,1,415,17,STRAWBERRY,6,6,1244.0,207.333333,0
90130765,1,416,17,STRAWBERRY,3,1,206.0,206.0,0
90130765,1,417,17,STRAWBERRY,5,0,0.0,0,0
90130765,1,421,17,STRAWBERRY,5,0,0.0,0,0
90130765,0,423,17,MELON,6,0,0.0,0,0
90130765,1,423,17,MELON,4,0,0.0,0,0
90130765,0,423,17,WOOL,4,0,0.0,0,0
90130765,1,423,17,WOOL,4,0,0.0,0,0
90130765,0,424,17,MILK,6,0,0.0,0,0
90130765,0,424,17,WOOL,4,0,0.0,0,0
90130765,1,424,17,WOOL,3,0,0.0,0,0
90130765,0,428,17,WOOL,8,0,0.0,0,0
90130765,0,430,17,WOOL,4,0,0.0,0,0
90130765,0,432,18,STRAWBERRY,8,2,416.0,208.0,0
90130765,0,432,18,MILK,6,6,1159.0,193.166667,0
90130765,1,434,18,STRAWBERRY,1,1,209.0,209.0,0
90130765,1,435,18,STRAWBERRY,8,7,1450.0,207.142857,0
90130765,1,435,18,MILK,1,1,194.0,194.0,0
90130765,1,436,18,MILK,4,4,763.0,190.75,0
90130765,1,437,18,STRAWBERRY,8,0,0.0,0,0
90130765,1,437,18,MILK,8,7,1301.0,185.857143,0
90130765,1,438,18,MILK,3,0,0.0,0,0
90130765,1,439,18,MILK,5,0,0.0,0,0
90130765,1,440,18,MILK,4,0,0.0,0,0
90130765,1,441,18,STRAWBERRY,17,0,0.0,0,0
90130765,1,442,18,MILK,3,0,0.0,0,0
90130765,1,442,18,WOOL,1,1,241.0,241.0,0
90130765,1,443,18,MILK,5,0,0.0,0,0
90130765,1,443,18,WOOL,3,3,723.0,241.0,0
90130765,1,444,18,MILK,20,0,0.0,0,0
90130765,1,444,18,WOOL,3,3,723.0,241.0,0
90130765,1,445,18,STRAWBERRY,20,0,0.0,0,0
90130765,1,445,18,WOOL,2,2,482.0,241.0,0
90130765,1,446,18,WOOL,1,1,241.0,241.0,0
90130765,0,447,18,WOOL,4,4,964.0,241.0,0
90130765,1,447,18,WOOL,3,3,722.0,240.666667,0
90130765,1,448,18,WOOL,2,0,0.0,0,0
90130765,1,449,18,WOOL,2,0,0.0,0,0
90130765,0,450,18,STRAWBERRY,2,0,0.0,0,0
90130765,1,450,18,STRAWBERRY,1,0,0.0,0,0
90130765,1,450,18,MILK,6,0,0.0,0,0
90130765,0,450,18,WOOL,4,0,0.0,0,0
90130765,0,454,18,STRAWBERRY,6,0,0.0,0,0
90130765,1,454,18,WOOL,1,1,241.0,241.0,0
90130765,1,455,18,WOOL,4,3,722.0,240.666667,0
90130765,0,456,19,STRAWBERRY,8,7,1439.0,205.571429,0
90130765,0,456,19,MILK,9,9,1698.0,188.666667,0
90130765,1,456,19,WOOL,1,0,0.0,0,0
90130765,1,457,19,WOOL,4,0,0.0,0,0
90130765,1,461,19,WOOL,4,0,0.0,0,0
90130765,1,462,19,STRAWBERRY,1,1,206.0,206.0,0
90130765,1,463,19,STRAWBERRY,2,2,412.0,206.0,0
90130765,1,464,19,STRAWBERRY,2,2,410.0,205.0,0
90130765,1,465,19,STRAWBERRY,11,10,2033.0,203.3,0
90130765,1,466,19,STRAWBERRY,2,0,0.0,0,0
90130765,1,466,19,WOOL,4,0,0.0,0,0
90130765,1,467,19,STRAWBERRY,10,0,0.0,0,0
90130765,1,468,19,STRAWBERRY,1,0,0.0,0,0
90130765,1,468,19,MILK,1,1,193.0,193.0,0
90130765,1,469,19,STRAWBERRY,1,0,0.0,0,0
90130765,1,469,19,MILK,9,8,1535.0,191.875,0
90130765,1,470,19,STRAWBERRY,2,0,0.0,0,0
90130765,1,470,19,WOOL,4,0,0.0,0,0
90130765,1,471,19,STRAWBERRY,10,0,0.0,0,0
90130765,1,471,19,MILK,9,0,0.0,0,0
90130765,1,472,19,STRAWBERRY,1,0,0.0,0,0
90130765,0,474,19,STRAWBERRY,6,0,0.0,0,0
90130765,1,474,19,STRAWBERRY,9,0,0.0,0,0
90130765,1,475,19,MILK,12,0,0.0,0,0
90130765,0,477,19,MILK,6,0,0.0,0,0
90130765,1,477,19,MILK,11,0,0.0,0,0
90130765,1,478,19,STRAWBERRY,6,0,0.0,0,0
90130765,1,480,20,STRAWBERRY,12,12,2372.0,197.666667,0
90130765,0,480,20,MILK,15,15,2219.0,147.933333,0
90130765,1,482,20,STRAWBERRY,12,0,0.0,0,0
90130765,1,482,20,MILK,1,1,143.0,143.0,0
90130765,1,483,20,MILK,15,14,1785.0,127.5,0
90130765,1,485,20,MILK,15,0,0.0,0,0
90130765,1,486,20,STRAWBERRY,20,0,0.0,0,0
90130765,1,488,20,STRAWBERRY,3,0,0.0,0,0
90130765,1,489,20,MILK,15,0,0.0,0,0
90130765,0,491,20,STRAWBERRY,4,4,794.0,198.5,0
90130765,0,491,20,WOOL,4,0,0.0,0,0
90130765,0,492,20,STRAWBERRY,12,6,1174.0,195.666667,0
90130765,1,492,20,STRAWBERRY,2,2,394.0,197.0,0
90130765,1,493,20,STRAWBERRY,2,0,0.0,0,0
90130765,1,494,20,STRAWBERRY,4,0,0.0,0,0
90130765,0,497,20,STRAWBERRY,2,0,0.0,0,0
90130765,1,497,20,STRAWBERRY,2,0,0.0,0,0
90130765,0,497,20,WOOL,3,3,726.0,242.0,0
90130765,1,498,20,STRAWBERRY,7,0,0.0,0,0
90130765,0,499,20,STRAWBERRY,4,0,0.0,0,0
90130765,1,499,20,STRAWBERRY,4,0,0.0,0,0
90130765,0,501,20,STRAWBERRY,2,0,0.0,0,0
90130765,1,501,20,STRAWBERRY,2,0,0.0,0,0
90130765,0,501,20,MILK,3,3,417.0,139.0,0
90130765,1,503,20,MELON,1,1,220.0,220.0,0
90130765,1,504,21,MELON,2,1,219.0,219.0,0
90130765,1,504,21,STRAWBERRY,14,14,2632.0,188.0,0
90130765,0,504,21,WOOL,8,8,1936.0,242.0,0
90130765,1,505,21,STRAWBERRY,18,0,0.0,0,0
90130765,1,506,21,MELON,2,0,0.0,0,0
90130765,0,507,21,STRAWBERRY,14,12,2218.0,184.833333,0
90130765,1,510,21,MELON,2,0,0.0,0,0
90130765,1,518,21,MILK,1,1,177.0,177.0,0
90130765,1,519,21,MILK,3,3,516.0,172.0,0
90130765,1,520,21,MILK,3,3,474.0,158.0,0
90130765,1,521,21,MILK,2,2,314.0,157.0,0
90130765,0,522,21,MILK,3,3,456.0,152.0,0
90130765,1,523,21,MILK,2,0,0.0,0,0
90130765,1,524,21,MILK,1,0,0.0,0,0
90130765,0,525,21,MILK,3,3,449.0,149.666667,0
90130765,1,525,21,MILK,2,0,0.0,0,0
90130765,0,525,21,WOOL,4,4,972.0,243.0,0
90130765,1,526,21,STRAWBERRY,3,0,0.0,0,0
90130765,0,527,21,MELON,6,0,0.0,0,0
90130765,1,527,21,MELON,10,0,0.0,0,0
90130765,0,527,21,STRAWBERRY,2,0,0.0,0,0
90130765,1,527,21,STRAWBERRY,2,0,0.0,0,0
90130765,0,528,22,STRAWBERRY,14,10,1844.0,184.4,0
90130765,1,528,22,STRAWBERRY,14,14,2553.0,182.357143,0
90130765,1,531,22,STRAWBERRY,14,0,0.0,0,0
90130765,1,534,22,MILK,1,1,158.0,158.0,0
90130765,1,535,22,MILK,12,11,1599.0,145.363636,0
90130765,1,535,22,WOOL,1,1,243.0,243.0,0
90130765,1,536,22,WOOL,24,23,5580.0,242.608696,0
90130765,1,537,22,MILK,19,0,0.0,0,0
90130765,1,538,22,WOOL,24,0,0.0,0,0
90130765,1,541,22,MILK,24,0,0.0,0,0
90130765,0,542,22,STRAWBERRY,2,0,0.0,0,0
90130765,1,542,22,WOOL,44,0,0.0,0,0
90130765,1,543,22,STRAWBERRY,2,0,0.0,0,0
90130765,0,546,22,MELON,6,6,1316.0,219.333333,0
90130765,0,546,22,STRAWBERRY,2,0,0.0,0,0
90130765,0,546,22,MILK,14,14,1962.0,140.142857,0
90130765,0,547,22,STRAWBERRY,6,0,0.0,0,0
90130765,1,547,22,STRAWBERRY,6,2,375.0,187.5,0
90130765,0,547,22,MILK,3,3,366.0,122.0,0
90130765,0,548,22,STRAWBERRY,6,0,0.0,0,0
90130765,1,548,22,STRAWBERRY,6,0,0.0,0,0
90130765,1,549,22,WOOL,2,0,0.0,0,0
90130765,0,550,22,MILK,3,3,360.0,120.0,0
90130765,1,550,22,WOOL,12,0,0.0,0,0
90130765,0,551,22,STRAWBERRY,4,0,0.0,0,0
90130765,1,551,22,STRAWBERRY,2,0,0.0,0,0
90130765,0,552,23,STRAWBERRY,14,12,2048.0,170.666667,0
90130765,1,552,23,WOOL,8,0,0.0,0,0
90130765,1,559,23,STRAWBERRY,1,1,173.0,173.0,0
90130765,1,560,23,MELON,1,1,220.0,220.0,0
90130765,1,560,23,STRAWBERRY,13,12,2022.0,168.5,0
90130765,1,561,23,MELON,6,5,1082.0,216.4,0
90130765,1,561,23,MILK,1,1,137.0,137.0,0
90130765,1,562,23,STRAWBERRY,13,0,0.0,0,0
90130765,1,562,23,MILK,4,4,528.0,132.0,0
90130765,1,563,23,MELON,6,0,0.0,0,0
90130765,1,563,23,MILK,1,1,126.0,126.0,0
90130765,1,564,23,MILK,4,3,366.0,122.0,0
90130765,1,565,23,MILK,1,0,0.0,0,0
90130765,1,566,23,STRAWBERRY,14,0,0.0,0,0
90130765,1,566,23,MILK,4,0,0.0,0,0
90130765,0,566,23,WOOL,4,1,244.0,244.0,0
90130765,1,566,23,WOOL,3,0,0.0,0,0
90130765,1,567,23,MELON,9,0,0.0,0,0
90130765,0,568,23,STRAWBERRY,2,2,339.0,169.5,0
90130765,0,568,23,WOOL,4,1,243.0,243.0,0
90130765,1,569,23,STRAWBERRY,4,2,340.0,170.0,0
90130765,0,569,23,MILK,3,3,399.0,133.0,0
90130765,1,569,23,MILK,1,0,0.0,0,0
90130765,0,569,23,WOOL,4,1,243.0,243.0,0
90130765,1,570,23,MILK,1,1,126.0,126.0,0
90130765,1,571,23,MILK,2,1,124.0,124.0,0
90130765,0,573,23,STRAWBERRY,6,2,341.0,170.5,0
90130765,1,573,23,STRAWBERRY,6,0,0.0,0,0
90130765,1,573,23,MILK,12,0,0.0,0,0
90130765,0,574,23,STRAWBERRY,3,0,0.0,0,0
90130765,0,575,23,STRAWBERRY,2,0,0.0,0,0
90130765,0,575,23,WOOL,11,1,243.0,243.0,0
90130765,1,576,24,MELON,6,6,1288.0,214.666667,0
90130765,1,576,24,STRAWBERRY,29,27,3959.0,146.62963,0
90130765,0,576,24,MILK,12,12,1378.0,114.833333,0
90130765,0,576,24,WOOL,4,4,971.0,242.75,0
90130765,1,578,24,MELON,8,0,0.0,0,0
90130765,1,578,24,STRAWBERRY,35,0,0.0,0,0
90130765,0,579,24,STRAWBERRY,28,27,2928.0,108.444444,0
90130765,1,582,24,MELON,7,0,0.0,0,0
90130765,0,588,24,MELON,6,3,642.0,214.0,0
90130765,0,588,24,STRAWBERRY,2,0,0.0,0,0
90130765,0,588,24,WOOL,4,0,0.0,0,0
90130765,1,589,24,STRAWBERRY,2,2,212.0,106.0,0
90130765,1,594,24,STRAWBERRY,4,0,0.0,0,0
90130765,0,595,24,STRAWBERRY,4,0,0.0,0,0
90130765,1,595,24,STRAWBERRY,4,0,0.0,0,0
90130765,0,595,24,MILK,3,3,442.0,147.333333,0
90130765,0,596,24,STRAWBERRY,4,0,0.0,0,0
90130765,0,596,24,MILK,3,3,423.0,141.0,0
90130765,1,597,24,STRAWBERRY,4,4,376.0,94.0,0
90130765,0,599,24,MELON,6,0,0.0,0,0
90130765,1,599,24,MELON,6,0,0.0,0,0
90130765,1,599,24,STRAWBERRY,4,0,0.0,0,0
90130765,0,600,25,STRAWBERRY,21,20,1056.0,52.8,0
90130765,1,600,25,STRAWBERRY,21,21,1068.0,50.857143,0
90130765,0,600,25,MILK,1,1,143.0,143.0,0
90130765,0,602,25,STRAWBERRY,3,0,0.0,0,0
90130765,1,605,25,MILK,1,1,169.0,169.0,0
90130765,1,606,25,MILK,7,7,1077.0,153.857143,0
90130765,1,607,25,MILK,15,13,1725.0,132.692308,0
90130765,1,608,25,MILK,6,0,0.0,0,0
90130765,1,609,25,MILK,9,0,0.0,0,0
90130765,1,610,25,WOOL,1,1,244.0,244.0,0
90130765,1,611,25,WOOL,10,10,2440.0,244.0,0
90130765,1,612,25,MILK,6,0,0.0,0,0
90130765,1,612,25,WOOL,10,10,2430.0,243.0,0
90130765,1,613,25,MILK,9,0,0.0,0,0
90130765,1,613,25,WOOL,9,0,0.0,0,0
90130765,0,617,25,STRAWBERRY,6,0,0.0,0,0
90130765,1,617,25,STRAWBERRY,6,0,0.0,0,0
90130765,1,617,25,MILK,14,0,0.0,0,0
90130765,1,617,25,WOOL,9,0,0.0,0,0
90130765,0,619,25,STRAWBERRY,6,0,0.0,0,0
90130765,1,619,25,STRAWBERRY,6,0,0.0,0,0
90130765,0,622,25,MELON,6,0,0.0,0,0
90130765,1,622,25,MELON,6,0,0.0,0,0
90130765,0,623,25,MILK,1,1,152.0,152.0,0
90130765,0,624,26,MELON,6,6,1149.0,191.5,0
90130765,0,624,26,STRAWBERRY,20,19,193.0,10.157895,6
90130765,1,625,26,MELON,6,6,1130.0,188.333333,0
90130765,1,625,26,WOOL,1,0,0.0,0,0
90130765,1,627,26,WOOL,2,0,0.0,0,0
90130765,0,630,26,MILK,15,15,2378.0,158.533333,0
90130765,1,631,26,STRAWBERRY,20,20,169.0,8.45,8
90130765,1,631,26,WOOL,12,0,0.0,0,0
90130765,1,632,26,MILK,15,15,1866.0,124.4,0
90130765,1,633,26,STRAWBERRY,20,0,0.0,0,0
90130765,1,633,26,MILK,15,0,0.0,0,0
90130765,0,635,26,WOOL,8,0,0.0,0,0
90130765,1,637,26,STRAWBERRY,20,0,0.0,0,0
90130765,1,637,26,MILK,30,0,0.0,0,0
90130765,0,637,26,WOOL,4,0,0.0,0,0
90130765,0,638,26,STRAWBERRY,2,0,0.0,0,0
90130765,0,638,26,WOOL,4,0,0.0,0,0
90130765,0,643,26,WOOL,4,0,0.0,0,0
90130765,0,644,26,STRAWBERRY,2,2,54.0,27.0,0
90130765,0,647,26,STRAWBERRY,4,0,0.0,0,0
90130765,0,647,26,MILK,3,3,417.0,139.0,0
90130765,0,648,27,STRAWBERRY,18,17,166.0,9.764706,5
90130765,0,648,27,MILK,1,1,135.0,135.0,0
90130765,1,649,27,MELON,6,6,1149.0,191.5,0
90130765,0,651,27,MELON,17,17,2930.0,172.352941,0
90130765,1,655,27,MILK,9,9,1308.0,145.333333,0
90130765,1,656,27,WOOL,1,1,244.0,244.0,0
90130765,1,657,27,STRAWBERRY,2,2,62.0,31.0,0
90130765,1,657,27,MILK,9,0,0.0,0,0
90130765,1,657,27,WOOL,1,1,244.0,244.0,0
90130765,1,659,27,STRAWBERRY,2,2,54.0,27.0,0
90130765,1,660,27,WOOL,1,1,244.0,244.0,0
90130765,1,661,27,STRAWBERRY,2,2,76.0,38.0,0
90130765,1,661,27,MILK,10,0,0.0,0,0
90130765,1,661,27,WOOL,1,1,244.0,244.0,0
90130765,1,662,27,STRAWBERRY,8,8,232.0,29.0,0
90130765,0,662,27,MILK,3,3,462.0,154.0,0
90130765,0,662,27,WOOL,4,0,0.0,0,0
90130765,1,663,27,STRAWBERRY,9,9,112.0,12.444444,0
90130765,1,664,27,STRAWBERRY,8,1,3.0,3.0,0
90130765,1,665,27,STRAWBERRY,4,0,0.0,0,0
90130765,0,666,27,MILK,3,3,462.0,154.0,0
90130765,1,667,27,MILK,4,0,0.0,0,0
90130765,1,668,27,STRAWBERRY,8,0,0.0,0,0
90130765,1,669,27,STRAWBERRY,4,0,0.0,0,0
90130765,1,670,27,MILK,15,0,0.0,0,0
90130765,0,671,27,STRAWBERRY,4,0,0.0,0,0
90130765,0,671,27,MILK,3,3,462.0,154.0,0
90130765,0,672,28,STRAWBERRY,8,8,28.0,3.5,4
90130765,0,672,28,MILK,4,4,585.0,146.25,0
90130765,1,673,28,MILK,12,12,1732.0,144.333333,0
90130765,1,674,28,MILK,8,3,386.0,128.666667,0
90130765,1,678,28,MILK,8,0,0.0,0,0
90130765,1,679,28,STRAWBERRY,3,3,66.0,22.0,0
90130765,1,681,28,STRAWBERRY,3,3,72.0,24.0,0
90130765,1,682,28,STRAWBERRY,12,9,112.0,12.444444,0
90130765,1,685,28,STRAWBERRY,3,0,0.0,0,0
90130765,1,685,28,MILK,9,0,0.0,0,0
90130765,1,686,28,STRAWBERRY,23,0,0.0,0,0
90130765,0,686,28,MILK,6,6,878.0,146.333333,0
90130765,1,686,28,MILK,13,0,0.0,0,0
90130765,1,688,28,STRAWBERRY,3,0,0.0,0,0
90130765,0,689,28,STRAWBERRY,4,0,0.0,0,0
90130765,1,689,28,STRAWBERRY,6,0,0.0,0,0
90130765,0,689,28,MILK,4,4,568.0,142.0,0
90130765,1,690,28,STRAWBERRY,14,0,0.0,0,0
90130765,0,696,29,STRAWBERRY,13,13,187.0,14.384615,0
90130765,1,697,29,MELON,12,12,2100.0,175.0,0
90130765,1,697,29,STRAWBERRY,13,13,82.0,6.307692,5
90130765,1,697,29,MILK,9,9,1346.0,149.555556,0
90130765,1,697,29,WOOL,20,20,4900.0,245.0,0
90130765,0,698,29,MILK,8,8,1054.0,131.75,0
90130765,1,698,29,MILK,9,0,0.0,0,0
90130765,1,699,29,WOOL,22,0,0.0,0,0
90130765,1,702,29,MILK,11,0,0.0,0,0
90130765,1,703,29,MILK,3,0,0.0,0,0
90130765,1,703,29,WOOL,24,0,0.0,0,0
90130765,0,704,29,WOOL,16,0,0.0,0,0
90130765,0,705,29,MILK,8,5,654.0,130.8,0
90130765,1,707,29,MELON,1,0,0.0,0,0
90130765,1,709,29,MELON,8,0,0.0,0,0
90130765,1,709,29,WOOL,12,0,0.0,0,0
90130765,1,710,29,MELON,3,0,0.0,0,0
90130765,0,710,29,STRAWBERRY,6,0,0.0,0,0
90130765,0,710,29,MILK,3,3,393.0,131.0,0
90130765,1,710,29,MILK,9,0,0.0,0,0
90130765,1,711,29,MELON,1,0,0.0,0,0
90130765,0,711,29,MILK,3,0,0.0,0,0
90130765,0,711,29,WOOL,4,0,0.0,0,0
90130765,1,712,29,MILK,12,0,0.0,0,0
90130765,1,712,29,WOOL,20,0,0.0,0,0
90130765,1,713,29,MELON,8,0,0.0,0,0
90130765,0,713,29,STRAWBERRY,9,0,0.0,0,0
90130765,1,713,29,STRAWBERRY,6,0,0.0,0,0
90130765,0,713,29,MILK,3,0,0.0,0,0
90130765,1,713,29,MILK,3,0,0.0,0,0
90130765,1,714,29,MELON,3,0,0.0,0,0
90130765,1,715,29,MILK,3,0,0.0,0,0
90130765,1,715,29,WOOL,12,0,0.0,0,0
90130765,1,716,29,MILK,3,0,0.0,0,0
90130765,1,717,29,STRAWBERRY,3,0,0.0,0,0
90130806,0,76,3,MELON,8,0,0.0,0,0
90130806,1,76,3,MELON,6,0,0.0,0,0
90130806,0,77,3,MELON,6,0,0.0,0,0
90130806,1,77,3,MELON,5,0,0.0,0,0
90130806,0,98,4,MELON,5,0,0.0,0,0
90130806,1,98,4,MELON,4,0,0.0,0,0
90130806,0,158,6,WOOL,6,0,0.0,0,0
90130806,1,158,6,WOOL,6,0,0.0,0,0
90130806,0,195,8,MILK,10,0,0.0,0,0
90130806,1,195,8,MILK,8,0,0.0,0,0
90130806,0,198,8,MILK,15,0,0.0,0,0
90130806,1,198,8,MILK,12,0,0.0,0,0
90130806,0,229,9,WOOL,4,0,0.0,0,0
90130806,1,229,9,WOOL,4,0,0.0,0,0
90130806,0,256,10,MELON,8,0,0.0,0,0
90130806,1,256,10,MELON,6,0,0.0,0,0
90130806,0,257,10,MELON,8,0,0.0,0,0
90130806,1,257,10,MELON,6,0,0.0,0,0
90130806,0,259,10,MELON,20,0,0.0,0,0
90130806,1,259,10,MELON,16,0,0.0,0,0
90130806,0,262,10,MELON,14,0,0.0,0,0
90130806,1,262,10,MELON,11,0,0.0,0,0
90130806,0,264,11,MELON,34,18,4178.0,232.111111,0
90130806,1,264,11,MELON,27,18,4178.0,232.111111,0
90130806,0,269,11,STRAWBERRY,6,0,0.0,0,0
90130806,1,269,11,STRAWBERRY,4,0,0.0,0,0
90130806,0,280,11,WOOL,6,0,0.0,0,0
90130806,1,280,11,WOOL,6,0,0.0,0,0
90130806,0,292,12,STRAWBERRY,9,0,0.0,0,0
90130806,1,292,12,STRAWBERRY,6,0,0.0,0,0
90130806,0,292,12,MILK,11,9,2046.0,227.333333,0
90130806,1,292,12,MILK,9,9,2046.0,227.333333,0
90130806,0,294,12,MILK,15,0,0.0,0,0
90130806,1,294,12,MILK,12,0,0.0,0,0
90130806,0,295,12,MILK,25,0,0.0,0,0
90130806,1,295,12,MILK,20,0,0.0,0,0
90130806,0,301,12,MILK,11,0,0.0,0,0
90130806,1,301,12,MILK,9,0,0.0,0,0
90130806,0,302,12,MILK,8,0,0.0,0,0
90130806,1,302,12,MILK,6,0,0.0,0,0
90130806,0,306,12,MELON,15,0,0.0,0,0
90130806,1,306,12,MELON,12,0,0.0,0,0
90130806,0,308,12,MILK,2,0,0.0,0,0
90130806,1,308,12,MILK,2,0,0.0,0,0
90130806,0,309,12,WOOL,5,0,0.0,0,0
90130806,1,309,12,WOOL,5,0,0.0,0,0
90130806,0,323,13,MILK,4,4,902.0,225.5,0
90130806,1,323,13,MILK,3,3,678.0,226.0,0
90130806,0,324,13,MILK,1,0,0.0,0,0
90130806,1,324,13,MILK,1,1,223.0,223.0,0
90130806,0,325,13,MILK,4,0,0.0,0,0
90130806,1,325,13,MILK,3,0,0.0,0,0
90130806,0,341,14,MILK,4,2,453.0,226.5,0
90130806,1,341,14,MILK,3,3,677.0,225.666667,0
90130806,0,343,14,MILK,4,0,0.0,0,0
90130806,1,343,14,MILK,3,0,0.0,0,0
90130806,0,344,14,MILK,5,0,0.0,0,0
90130806,1,344,14,MILK,4,0,0.0,0,0
90130806,0,347,14,MILK,4,0,0.0,0,0
90130806,1,347,14,MILK,3,0,0.0,0,0
90130806,0,348,14,MILK,5,0,0.0,0,0
90130806,1,348,14,MILK,4,0,0.0,0,0
90130806,0,348,14,WOOL,7,6,1363.0,227.166667,0
90130806,1,348,14,WOOL,7,6,1363.0,227.166667,0
90130806,0,353,14,WOOL,6,0,0.0,0,0
90130806,1,353,14,WOOL,6,0,0.0,0,0
90130806,0,354,14,WOOL,6,0,0.0,0,0
90130806,1,354,14,WOOL,6,0,0.0,0,0
90130806,0,358,14,WOOL,7,0,0.0,0,0
90130806,1,358,14,WOOL,7,0,0.0,0,0
90130806,0,359,14,MELON,7,6,1276.0,212.666667,0
90130806,1,359,14,MELON,6,6,1275.0,212.5,0
90130806,0,359,14,STRAWBERRY,6,0,0.0,0,0
90130806,1,359,14,STRAWBERRY,4,0,0.0,0,0
90130806,0,360,15,MELON,9,6,1179.0,196.5,0
90130806,1,360,15,MELON,7,6,1179.0,196.5,0
90130806,0,362,15,MELON,9,0,0.0,0,0
90130806,1,362,15,MELON,7,0,0.0,0,0
90130806,0,364,15,WOOL,4,4,771.0,192.75,0
90130806,1,364,15,WOOL,4,4,771.0,192.75,0
90130806,0,365,15,MILK,11,9,2056.0,228.444444,0
90130806,1,365,15,MILK,9,9,2056.0,228.444444,0
90130806,0,366,15,WOOL,4,0,0.0,0,0
90130806,1,366,15,WOOL,4,0,0.0,0,0
90130806,0,367,15,MILK,11,0,0.0,0,0
90130806,1,367,15,MILK,9,0,0.0,0,0
90130806,0,370,15,WOOL,9,0,0.0,0,0
90130806,1,370,15,WOOL,9,0,0.0,0,0
90130806,0,371,15,MILK,15,0,0.0,0,0
90130806,1,371,15,MILK,12,0,0.0,0,0
90130806,0,375,15,WOOL,6,0,0.0,0,0
90130806,1,375,15,WOOL,6,0,0.0,0,0
90130806,0,384,16,WOOL,8,4,787.0,196.75,0
90130806,1,384,16,WOOL,8,4,787.0,196.75,0
90130806,0,385,16,MILK,11,9,2035.0,226.111111,0
90130806,1,385,16,MILK,9,9,2035.0,226.111111,0
90130806,0,387,16,MILK,11,0,0.0,0,0
90130806,1,387,16,MILK,9,0,0.0,0,0
90130806,0,391,16,MILK,35,0,0.0,0,0
90130806,1,391,16,MILK,28,0,0.0,0,0
90130806,0,407,16,WOOL,4,0,0.0,0,0
90130806,1,407,16,WOOL,4,0,0.0,0,0
90130806,0,408,17,MILK,11,9,2006.0,222.888889,0
90130806,1,408,17,MILK,9,9,2000.0,222.222222,0
90130806,0,409,17,MILK,11,0,0.0,0,0
90130806,1,409,17,MILK,9,0,0.0,0,0
90130806,0,411,17,MELON,1,0,0.0,0,0
90130806,1,411,17,MELON,1,0,0.0,0,0
90130806,0,415,17,STRAWBERRY,8,8,1937.0,242.125,0
90130806,1,415,17,STRAWBERRY,5,5,1214.0,242.8,0
90130806,0,416,17,STRAWBERRY,4,0,0.0,0,0
90130806,1,416,17,STRAWBERRY,3,3,720.0,240.0,0
90130806,0,417,17,STRAWBERRY,8,0,0.0,0,0
90130806,1,417,17,STRAWBERRY,5,0,0.0,0,0
90130806,0,421,17,STRAWBERRY,8,0,0.0,0,0
90130806,1,421,17,STRAWBERRY,5,0,0.0,0,0
90130806,0,423,17,MELON,5,0,0.0,0,0
90130806,1,423,17,MELON,4,0,0.0,0,0
90130806,0,423,17,WOOL,4,0,0.0,0,0
90130806,1,423,17,WOOL,4,0,0.0,0,0
90130806,0,424,17,WOOL,3,0,0.0,0,0
90130806,1,424,17,WOOL,3,0,0.0,0,0
90130806,0,435,18,STRAWBERRY,12,8,1943.0,242.875,0
90130806,1,435,18,STRAWBERRY,8,8,1943.0,242.875,0
90130806,0,436,18,MILK,4,4,906.0,226.5,0
90130806,1,436,18,MILK,3,3,681.0,227.0,0
90130806,0,437,18,STRAWBERRY,12,0,0.0,0,0
90130806,1,437,18,STRAWBERRY,8,0,0.0,0,0
90130806,0,437,18,MILK,10,8,1771.0,221.375,0
90130806,1,437,18,MILK,8,8,1771.0,221.375,0
90130806,0,438,18,MILK,4,0,0.0,0,0
90130806,1,438,18,MILK,3,1,216.0,216.0,0
90130806,0,439,18,MILK,6,0,0.0,0,0
90130806,1,439,18,MILK,5,0,0.0,0,0
90130806,0,440,18,MILK,5,0,0.0,0,0
90130806,1,440,18,MILK,4,0,0.0,0,0
90130806,0,441,18,STRAWBERRY,26,0,0.0,0,0
90130806,1,441,18,STRAWBERRY,17,0,0.0,0,0
90130806,0,442,18,MILK,4,0,0.0,0,0
90130806,1,442,18,MILK,3,0,0.0,0,0
90130806,0,443,18,MILK,6,0,0.0,0,0
90130806,1,443,18,MILK,5,0,0.0,0,0
90130806,0,443,18,WOOL,2,2,445.0,222.5,0
90130806,1,443,18,WOOL,2,2,445.0,222.5,0
90130806,0,444,18,MILK,25,0,0.0,0,0
90130806,1,444,18,MILK,20,0,0.0,0,0
90130806,0,444,18,WOOL,2,2,440.0,220.0,0
90130806,1,444,18,WOOL,2,2,440.0,220.0,0
90130806,0,445,18,STRAWBERRY,30,0,0.0,0,0
90130806,1,445,18,STRAWBERRY,20,0,0.0,0,0
90130806,0,445,18,WOOL,2,2,440.0,220.0,0
90130806,1,445,18,WOOL,2,2,440.0,220.0,0
90130806,0,447,18,WOOL,2,2,431.0,215.5,0
90130806,1,447,18,WOOL,2,2,431.0,215.5,0
90130806,0,448,18,WOOL,2,2,409.0,204.5,0
90130806,1,448,18,WOOL,2,2,409.0,204.5,0
90130806,0,449,18,WOOL,2,2,400.0,200.0,0
90130806,1,449,18,WOOL,2,2,400.0,200.0,0
90130806,0,450,18,STRAWBERRY,2,0,0.0,0,0
90130806,1,450,18,STRAWBERRY,1,0,0.0,0,0
90130806,0,450,18,MILK,8,0,0.0,0,0
90130806,1,450,18,MILK,6,0,0.0,0,0
90130806,0,455,18,WOOL,4,4,793.0,198.25,0
90130806,1,455,18,WOOL,4,4,793.0,198.25,0
90130806,0,456,19,WOOL,1,1,194.0,194.0,0
90130806,1,456,19,WOOL,1,1,194.0,194.0,0
90130806,0,457,19,WOOL,4,0,0.0,0,0
90130806,1,457,19,WOOL,4,0,0.0,0,0
90130806,0,461,19,WOOL,4,0,0.0,0,0
90130806,1,461,19,WOOL,4,0,0.0,0,0
90130806,0,463,19,STRAWBERRY,2,2,493.0,246.5,0
90130806,1,463,19,STRAWBERRY,1,1,247.0,247.0,0
90130806,0,464,19,STRAWBERRY,2,2,491.0,245.5,0
90130806,1,464,19,STRAWBERRY,1,1,246.0,246.0,0
90130806,0,465,19,STRAWBERRY,17,10,2434.0,243.4,0
90130806,1,465,19,STRAWBERRY,11,11,2669.0,242.636364,0
90130806,0,466,19,STRAWBERRY,3,0,0.0,0,0
90130806,1,466,19,STRAWBERRY,2,2,479.0,239.5,0
90130806,0,466,19,WOOL,4,0,0.0,0,0
90130806,1,466,19,WOOL,4,0,0.0,0,0
90130806,0,467,19,STRAWBERRY,15,0,0.0,0,0
90130806,1,467,19,STRAWBERRY,10,0,0.0,0,0
90130806,0,468,19,STRAWBERRY,2,0,0.0,0,0
90130806,1,468,19,STRAWBERRY,1,0,0.0,0,0
90130806,0,469,19,STRAWBERRY,2,0,0.0,0,0
90130806,1,469,19,STRAWBERRY,1,0,0.0,0,0
90130806,0,469,19,MILK,11,9,2013.0,223.666667,0
90130806,1,469,19,MILK,9,9,2013.0,223.666667,0
90130806,0,470,19,STRAWBERRY,3,0,0.0,0,0
90130806,1,470,19,STRAWBERRY,2,0,0.0,0,0
90130806,0,470,19,WOOL,4,0,0.0,0,0
90130806,1,470,19,WOOL,4,0,0.0,0,0
90130806,0,471,19,STRAWBERRY,15,0,0.0,0,0
90130806,1,471,19,STRAWBERRY,10,0,0.0,0,0
90130806,0,471,19,MILK,11,0,0.0,0,0
90130806,1,471,19,MILK,9,0,0.0,0,0
90130806,0,472,19,STRAWBERRY,2,0,0.0,0,0
90130806,1,472,19,STRAWBERRY,1,0,0.0,0,0
90130806,0,474,19,STRAWBERRY,14,0,0.0,0,0
90130806,1,474,19,STRAWBERRY,9,0,0.0,0,0
90130806,0,475,19,MILK,15,0,0.0,0,0
90130806,1,475,19,MILK,12,0,0.0,0,0
90130806,0,477,19,MILK,14,0,0.0,0,0
90130806,1,477,19,MILK,11,0,0.0,0,0
90130806,0,478,19,STRAWBERRY,9,0,0.0,0,0
90130806,1,478,19,STRAWBERRY,6,0,0.0,0,0
90130806,0,480,20,STRAWBERRY,18,12,2845.0,237.083333,0
90130806,1,480,20,STRAWBERRY,12,12,2802.0,233.5,0
90130806,0,480,20,MILK,15,15,3100.0,206.666667,0
90130806,0,482,20,STRAWBERRY,18,0,0.0,0,0
90130806,1,482,20,STRAWBERRY,12,0,0.0,0,0
90130806,0,483,20,MILK,19,0,0.0,0,0
90130806,1,483,20,MILK,15,15,2981.0,198.733333,0
90130806,0,485,20,MILK,19,0,0.0,0,0
90130806,1,485,20,MILK,15,0,0.0,0,0
90130806,0,486,20,STRAWBERRY,30,0,0.0,0,0
90130806,1,486,20,STRAWBERRY,20,0,0.0,0,0
90130806,0,488,20,STRAWBERRY,4,0,0.0,0,0
90130806,1,488,20,STRAWBERRY,3,0,0.0,0,0
90130806,0,489,20,MILK,19,0,0.0,0,0
90130806,1,489,20,MILK,15,0,0.0,0,0
90130806,0,492,20,STRAWBERRY,3,2,470.0,235.0,0
90130806,1,492,20,STRAWBERRY,2,2,470.0,235.0,0
90130806,0,493,20,STRAWBERRY,3,0,0.0,0,0
90130806,1,493,20,STRAWBERRY,2,0,0.0,0,0
90130806,0,494,20,MELON,1,1,213.0,213.0,0
90130806,0,494,20,STRAWBERRY,6,0,0.0,0,0
90130806,1,494,20,STRAWBERRY,4,0,0.0,0,0
90130806,0,497,20,STRAWBERRY,3,0,0.0,0,0
90130806,1,497,20,STRAWBERRY,2,0,0.0,0,0
90130806,0,498,20,STRAWBERRY,10,0,0.0,0,0
90130806,1,498,20,STRAWBERRY,7,0,0.0,0,0
90130806,0,499,20,STRAWBERRY,6,0,0.0,0,0
90130806,1,499,20,STRAWBERRY,4,0,0.0,0,0
90130806,0,501,20,STRAWBERRY,3,0,0.0,0,0
90130806,1,501,20,STRAWBERRY,2,0,0.0,0,0
90130806,0,504,21,MELON,2,0,0.0,0,0
90130806,1,504,21,MELON,2,2,422.0,211.0,0
90130806,0,504,21,STRAWBERRY,21,14,3209.0,229.214286,0
90130806,1,504,21,STRAWBERRY,14,14,3209.0,229.214286,0
90130806,0,505,21,STRAWBERRY,27,0,0.0,0,0
90130806,1,505,21,STRAWBERRY,18,0,0.0,0,0
90130806,0,506,21,MELON,2,0,0.0,0,0
90130806,1,506,21,MELON,2,0,0.0,0,0
90130806,0,509,21,MILK,2,2,421.0,210.5,0
90130806,0,510,21,MELON,2,0,0.0,0,0
90130806,1,510,21,MELON,2,0,0.0,0,0
90130806,0,510,21,MILK,2,2,417.0,208.5,0
90130806,0,511,21,MILK,2,2,415.0,207.5,0
90130806,0,512,21,MILK,2,2,411.0,205.5,0
90130806,0,513,21,MILK,1,1,206.0,206.0,0
90130806,0,519,21,MILK,2,0,0.0,0,0
90130806,1,519,21,MILK,2,2,419.0,209.5,0
90130806,0,520,21,MILK,2,0,0.0,0,0
90130806,1,520,21,MILK,2,2,416.0,208.0,0
90130806,0,521,21,MILK,2,0,0.0,0,0
90130806,1,521,21,MILK,2,2,416.0,208.0,0
90130806,0,523,21,MILK,2,0,0.0,0,0
90130806,1,523,21,MILK,2,2,413.0,206.5,0
90130806,0,524,21,MILK,1,0,0.0,0,0
90130806,1,524,21,MILK,1,1,205.0,205.0,0
90130806,0,525,21,MILK,2,0,0.0,0,0
90130806,1,525,21,MILK,2,0,0.0,0,0
90130806,0,526,21,STRAWBERRY,4,0,0.0,0,0
90130806,1,526,21,STRAWBERRY,3,0,0.0,0,0
90130806,0,526,21,MILK,1,1,203.0,203.0,0
90130806,0,526,21,WOOL,24,24,5518.0,229.916667,0
90130806,0,527,21,MELON,12,0,0.0,0,0
90130806,1,527,21,MELON,10,0,0.0,0,0
90130806,0,527,21,STRAWBERRY,3,0,0.0,0,0
90130806,1,527,21,STRAWBERRY,2,0,0.0,0,0
90130806,0,528,22,STRAWBERRY,21,14,3182.0,227.285714,0
90130806,1,528,22,STRAWBERRY,14,14,3182.0,227.285714,0
90130806,0,528,22,MILK,11,11,2166.0,196.909091,0
90130806,0,531,22,STRAWBERRY,21,0,0.0,0,0
90130806,1,531,22,STRAWBERRY,14,0,0.0,0,0
90130806,0,535,22,MILK,15,0,0.0,0,0
90130806,1,535,22,MILK,12,12,2315.0,192.916667,0
90130806,0,536,22,WOOL,24,0,0.0,0,0
90130806,1,536,22,WOOL,24,24,5372.0,223.833333,0
90130806,0,537,22,MILK,24,0,0.0,0,0
90130806,1,537,22,MILK,19,0,0.0,0,0
90130806,0,538,22,WOOL,24,0,0.0,0,0
90130806,1,538,22,WOOL,24,0,0.0,0,0
90130806,0,541,22,MILK,30,0,0.0,0,0
90130806,1,541,22,MILK,24,0,0.0,0,0
90130806,0,542,22,WOOL,44,0,0.0,0,0
90130806,1,542,22,WOOL,44,0,0.0,0,0
90130806,0,543,22,STRAWBERRY,3,0,0.0,0,0
90130806,1,543,22,STRAWBERRY,2,0,0.0,0,0
90130806,0,547,22,STRAWBERRY,9,2,459.0,229.5,0
90130806,1,547,22,STRAWBERRY,6,2,459.0,229.5,0
90130806,0,548,22,STRAWBERRY,9,0,0.0,0,0
90130806,1,548,22,STRAWBERRY,6,0,0.0,0,0
90130806,0,549,22,WOOL,2,0,0.0,0,0
90130806,1,549,22,WOOL,2,0,0.0,0,0
90130806,0,550,22,WOOL,12,0,0.0,0,0
90130806,1,550,22,WOOL,12,0,0.0,0,0
90130806,0,551,22,MELON,6,6,1266.0,211.0,0
90130806,0,551,22,STRAWBERRY,3,0,0.0,0,0
90130806,1,551,22,STRAWBERRY,2,0,0.0,0,0
90130806,0,552,23,STRAWBERRY,12,12,2630.0,219.166667,0
90130806,0,552,23,MILK,5,5,985.0,197.0,0
90130806,0,552,23,WOOL,8,0,0.0,0,0
90130806,1,552,23,WOOL,8,0,0.0,0,0
90130806,0,553,23,MILK,4,4,794.0,198.5,0
90130806,0,560,23,STRAWBERRY,20,1,220.0,220.0,0
90130806,1,560,23,STRAWBERRY,13,13,2834.0,218.0,0
90130806,0,561,23,MELON,8,0,0.0,0,0
90130806,1,561,23,MELON,6,6,1250.0,208.333333,0
90130806,0,562,23,STRAWBERRY,20,0,0.0,0,0
90130806,1,562,23,STRAWBERRY,13,0,0.0,0,0
90130806,0,562,23,MILK,5,0,0.0,0,0
90130806,1,562,23,MILK,4,4,794.0,198.5,0
90130806,0,563,23,MELON,8,0,0.0,0,0
90130806,1,563,23,MELON,6,0,0.0,0,0
90130806,0,564,23,MILK,5,0,0.0,0,0
90130806,1,564,23,MILK,4,4,778.0,194.5,0
90130806,0,565,23,MILK,1,0,0.0,0,0
90130806,1,565,23,MILK,1,1,198.0,198.0,0
90130806,0,566,23,STRAWBERRY,21,0,0.0,0,0
90130806,1,566,23,STRAWBERRY,14,0,0.0,0,0
90130806,0,566,23,MILK,5,0,0.0,0,0
90130806,1,566,23,MILK,4,0,0.0,0,0
90130806,0,566,23,WOOL,3,0,0.0,0,0
90130806,1,566,23,WOOL,3,0,0.0,0,0
90130806,0,567,23,MELON,11,0,0.0,0,0
90130806,1,567,23,MELON,9,0,0.0,0,0
90130806,0,569,23,STRAWBERRY,6,2,437.0,218.5,0
90130806,1,569,23,STRAWBERRY,4,2,437.0,218.5,0
90130806,0,569,23,MILK,1,0,0.0,0,0
90130806,1,569,23,MILK,1,0,0.0,0,0
90130806,0,570,23,MILK,2,2,393.0,196.5,0
90130806,0,571,23,MILK,2,0,0.0,0,0
90130806,1,571,23,MILK,2,2,389.0,194.5,0
90130806,0,573,23,STRAWBERRY,9,0,0.0,0,0
90130806,1,573,23,STRAWBERRY,6,0,0.0,0,0
90130806,0,573,23,MILK,15,0,0.0,0,0
90130806,1,573,23,MILK,12,0,0.0,0,0
90130806,0,576,24,MELON,8,6,1213.0,202.166667,0
90130806,1,576,24,MELON,6,6,1213.0,202.166667,0
90130806,0,576,24,STRAWBERRY,44,29,5871.0,202.448276,0
90130806,1,576,24,STRAWBERRY,29,29,5871.0,202.448276,0
90130806,0,578,24,MELON,10,0,0.0,0,0
90130806,1,578,24,MELON,8,0,0.0,0,0
90130806,0,578,24,STRAWBERRY,52,0,0.0,0,0
90130806,1,578,24,STRAWBERRY,35,0,0.0,0,0
90130806,0,582,24,MELON,9,0,0.0,0,0
90130806,1,582,24,MELON,7,0,0.0,0,0
90130806,0,589,24,STRAWBERRY,3,2,399.0,199.5,0
90130806,1,589,24,STRAWBERRY,2,2,399.0,199.5,0
90130806,0,594,24,STRAWBERRY,6,0,0.0,0,0
90130806,1,594,24,STRAWBERRY,4,0,0.0,0,0
90130806,0,595,24,STRAWBERRY,6,0,0.0,0,0
90130806,1,595,24,STRAWBERRY,4,0,0.0,0,0
90130806,0,596,24,MILK,8,8,1694.0,211.75,0
90130806,0,597,24,STRAWBERRY,6,4,792.0,198.0,0
90130806,1,597,24,STRAWBERRY,4,4,786.0,196.5,0
90130806,0,597,24,MILK,8,8,1664.0,208.0,0
90130806,0,598,24,MILK,2,2,407.0,203.5,0
90130806,0,599,24,MELON,8,0,0.0,0,0
90130806,1,599,24,MELON,6,0,0.0,0,0
90130806,0,599,24,STRAWBERRY,6,0,0.0,0,0
90130806,1,599,24,STRAWBERRY,4,0,0.0,0,0
90130806,0,600,25,STRAWBERRY,32,20,3704.0,185.2,0
90130806,1,600,25,STRAWBERRY,21,20,3704.0,185.2,0
90130806,0,600,25,MILK,3,3,606.0,202.0,0
90130806,0,601,25,WOOL,9,9,2107.0,234.111111,0
90130806,0,602,25,WOOL,9,9,2092.0,232.444444,0
90130806,0,603,25,WOOL,3,3,693.0,231.0,0
90130806,0,606,25,MILK,8,0,0.0,0,0
90130806,1,606,25,MILK,6,6,1238.0,206.333333,0
90130806,0,607,25,MILK,19,0,0.0,0,0
90130806,1,607,25,MILK,15,15,2951.0,196.733333,0
90130806,0,608,25,MILK,8,0,0.0,0,0
90130806,1,608,25,MILK,6,0,0.0,0,0
90130806,0,609,25,MILK,11,0,0.0,0,0
90130806,1,609,25,MILK,9,0,0.0,0,0
90130806,0,611,25,WOOL,9,0,0.0,0,0
90130806,1,611,25,WOOL,9,9,2076.0,230.666667,0
90130806,0,612,25,MILK,8,0,0.0,0,0
90130806,1,612,25,MILK,6,0,0.0,0,0
90130806,0,612,25,WOOL,9,0,0.0,0,0
90130806,1,612,25,WOOL,9,9,2054.0,228.222222,0
90130806,0,613,25,MILK,11,0,0.0,0,0
90130806,1,613,25,MILK,9,0,0.0,0,0
90130806,0,613,25,WOOL,9,0,0.0,0,0
90130806,1,613,25,WOOL,9,3,685.0,228.333333,0
90130806,0,617,25,STRAWBERRY,9,0,0.0,0,0
90130806,1,617,25,STRAWBERRY,6,0,0.0,0,0
90130806,0,617,25,MILK,18,0,0.0,0,0
90130806,1,617,25,MILK,14,0,0.0,0,0
90130806,0,617,25,WOOL,9,0,0.0,0,0
90130806,1,617,25,WOOL,9,0,0.0,0,0
90130806,0,619,25,STRAWBERRY,9,0,0.0,0,0
90130806,1,619,25,STRAWBERRY,6,0,0.0,0,0
90130806,0,622,25,MELON,8,0,0.0,0,0
90130806,1,622,25,MELON,6,0,0.0,0,0
90130806,0,625,26,MELON,8,6,1066.0,177.666667,0
90130806,1,625,26,MELON,6,6,1066.0,177.666667,0
90130806,0,625,26,STRAWBERRY,20,18,3200.0,177.777778,0
90130806,0,625,26,MILK,15,15,3063.0,204.2,0
90130806,0,625,26,WOOL,1,0,0.0,0,0
90130806,1,625,26,WOOL,1,0,0.0,0,0
90130806,0,627,26,WOOL,2,0,0.0,0,0
90130806,1,627,26,WOOL,2,0,0.0,0,0
90130806,0,631,26,STRAWBERRY,30,0,0.0,0,0
90130806,1,631,26,STRAWBERRY,20,20,3353.0,167.65,0
90130806,0,631,26,WOOL,12,0,0.0,0,0
90130806,1,631,26,WOOL,12,0,0.0,0,0
90130806,0,632,26,MILK,19,0,0.0,0,0
90130806,1,632,26,MILK,15,15,2883.0,192.2,0
90130806,0,633,26,STRAWBERRY,30,0,0.0,0,0
90130806,1,633,26,STRAWBERRY,20,0,0.0,0,0
90130806,0,633,26,MILK,19,0,0.0,0,0
90130806,1,633,26,MILK,15,0,0.0,0,0
90130806,0,637,26,STRAWBERRY,30,0,0.0,0,0
90130806,1,637,26,STRAWBERRY,20,0,0.0,0,0
90130806,0,637,26,MILK,38,0,0.0,0,0
90130806,1,637,26,MILK,30,0,0.0,0,0
90130806,0,649,27,MELON,8,6,1051.0,175.166667,0
90130806,1,649,27,MELON,6,6,987.0,164.5,0
90130806,0,649,27,STRAWBERRY,3,3,536.0,178.666667,0
90130806,0,649,27,MILK,9,9,1831.0,203.444444,0
90130806,0,649,27,WOOL,1,1,234.0,234.0,0
90130806,0,650,27,STRAWBERRY,3,3,531.0,177.0,0
90130806,0,650,27,WOOL,1,1,234.0,234.0,0
90130806,0,651,27,STRAWBERRY,3,3,525.0,175.0,0
90130806,0,651,27,WOOL,1,1,234.0,234.0,0
90130806,0,652,27,STRAWBERRY,3,3,519.0,173.0,0
90130806,0,652,27,WOOL,1,1,234.0,234.0,0
90130806,0,653,27,STRAWBERRY,3,3,521.0,173.666667,0
90130806,0,653,27,WOOL,1,1,234.0,234.0,0
90130806,0,654,27,STRAWBERRY,3,3,515.0,171.666667,0
90130806,0,654,27,WOOL,1,1,234.0,234.0,0
90130806,0,655,27,STRAWBERRY,3,3,509.0,169.666667,0
90130806,0,655,27,MILK,11,0,0.0,0,0
90130806,1,655,27,MILK,9,9,1782.0,198.0,0
90130806,0,655,27,WOOL,1,1,234.0,234.0,0
90130806,0,656,27,STRAWBERRY,2,2,336.0,168.0,0
90130806,0,656,27,WOOL,1,1,234.0,234.0,0
90130806,1,656,27,WOOL,1,1,234.0,234.0,0
90130806,0,657,27,STRAWBERRY,3,0,0.0,0,0
90130806,1,657,27,STRAWBERRY,2,2,339.0,169.5,0
90130806,0,657,27,MILK,11,0,0.0,0,0
90130806,1,657,27,MILK,9,0,0.0,0,0
90130806,0,657,27,WOOL,1,1,234.0,234.0,0
90130806,1,657,27,WOOL,1,1,234.0,234.0,0
90130806,0,658,27,WOOL,1,1,233.0,233.0,0
90130806,0,659,27,STRAWBERRY,3,0,0.0,0,0
90130806,1,659,27,STRAWBERRY,2,2,336.0,168.0,0
90130806,0,659,27,WOOL,1,1,233.0,233.0,0
90130806,0,660,27,WOOL,1,1,233.0,233.0,0
90130806,1,660,27,WOOL,1,1,233.0,233.0,0
90130806,0,661,27,STRAWBERRY,3,0,0.0,0,0
90130806,1,661,27,STRAWBERRY,2,2,344.0,172.0,0
90130806,0,661,27,MILK,12,0,0.0,0,0
90130806,1,661,27,MILK,10,0,0.0,0,0
90130806,0,661,27,WOOL,1,1,234.0,234.0,0
90130806,1,661,27,WOOL,1,1,234.0,234.0,0
90130806,0,662,27,STRAWBERRY,12,0,0.0,0,0
90130806,1,662,27,STRAWBERRY,8,8,1349.0,168.625,0
90130806,0,663,27,STRAWBERRY,14,0,0.0,0,0
90130806,1,663,27,STRAWBERRY,9,9,1456.0,161.777778,0
90130806,0,664,27,STRAWBERRY,12,0,0.0,0,0
90130806,1,664,27,STRAWBERRY,8,0,0.0,0,0
90130806,0,665,27,STRAWBERRY,6,0,0.0,0,0
90130806,1,665,27,STRAWBERRY,4,0,0.0,0,0
90130806,0,667,27,MILK,5,0,0.0,0,0
90130806,1,667,27,MILK,4,0,0.0,0,0
90130806,0,668,27,STRAWBERRY,12,0,0.0,0,0
90130806,1,668,27,STRAWBERRY,8,0,0.0,0,0
90130806,0,669,27,STRAWBERRY,6,0,0.0,0,0
90130806,1,669,27,STRAWBERRY,4,0,0.0,0,0
90130806,0,670,27,MILK,19,0,0.0,0,0
90130806,1,670,27,MILK,15,0,0.0,0,0
90130806,0,673,28,STRAWBERRY,4,4,675.0,168.75,0
90130806,0,673,28,MILK,15,9,1841.0,204.555556,0
90130806,1,673,28,MILK,12,12,2352.0,196.0,0
90130806,0,674,28,STRAWBERRY,4,4,662.0,165.5,0
90130806,0,674,28,MILK,10,0,0.0,0,0
90130806,1,674,28,MILK,8,3,558.0,186.0,0
90130806,0,675,28,STRAWBERRY,4,4,650.0,162.5,0
90130806,0,676,28,STRAWBERRY,3,2,319.0,159.5,0
90130806,0,678,28,MILK,10,0,0.0,0,0
90130806,1,678,28,MILK,8,0,0.0,0,0
90130806,0,679,28,STRAWBERRY,4,0,0.0,0,0
90130806,1,679,28,STRAWBERRY,3,3,483.0,161.0,0
90130806,0,681,28,STRAWBERRY,4,0,0.0,0,0
90130806,1,681,28,STRAWBERRY,3,3,486.0,162.0,0
90130806,0,682,28,STRAWBERRY,18,0,0.0,0,0
90130806,1,682,28,STRAWBERRY,12,9,1410.0,156.666667,0
90130806,0,685,28,STRAWBERRY,4,0,0.0,0,0
90130806,1,685,28,STRAWBERRY,3,0,0.0,0,0
90130806,0,685,28,MILK,11,0,0.0,0,0
90130806,1,685,28,MILK,9,0,0.0,0,0
90130806,0,686,28,STRAWBERRY,34,0,0.0,0,0
90130806,1,686,28,STRAWBERRY,23,0,0.0,0,0
90130806,0,686,28,MILK,16,0,0.0,0,0
90130806,1,686,28,MILK,13,0,0.0,0,0
90130806,0,687,28,MELON,12,12,2038.0,169.833333,0
90130806,0,687,28,WOOL,11,11,2591.0,235.545455,0
90130806,0,688,28,STRAWBERRY,4,0,0.0,0,0
90130806,1,688,28,STRAWBERRY,3,0,0.0,0,0
90130806,0,689,28,STRAWBERRY,9,0,0.0,0,0
90130806,1,689,28,STRAWBERRY,6,0,0.0,0,0
90130806,0,690,28,STRAWBERRY,21,0,0.0,0,0
90130806,1,690,28,STRAWBERRY,14,0,0.0,0,0
90130806,0,697,29,MELON,15,0,0.0,0,0
90130806,1,697,29,MELON,12,12,1859.0,154.916667,0
90130806,0,697,29,STRAWBERRY,20,13,2111.0,162.384615,0
90130806,1,697,29,STRAWBERRY,13,13,2111.0,162.384615,0
90130806,0,697,29,MILK,11,9,1860.0,206.666667,0
90130806,1,697,29,MILK,9,9,1791.0,199.0,0
90130806,0,697,29,WOOL,20,0,0.0,0,0
90130806,1,697,29,WOOL,20,20,4695.0,234.75,0
90130806,0,698,29,MILK,11,0,0.0,0,0
90130806,1,698,29,MILK,9,0,0.0,0,0
90130806,0,699,29,WOOL,22,0,0.0,0,0
90130806,1,699,29,WOOL,22,0,0.0,0,0
90130806,0,702,29,MILK,14,0,0.0,0,0
90130806,1,702,29,MILK,11,0,0.0,0,0
90130806,0,703,29,MILK,4,0,0.0,0,0
90130806,1,703,29,MILK,3,0,0.0,0,0
90130806,0,703,29,WOOL,24,0,0.0,0,0
90130806,1,703,29,WOOL,24,0,0.0,0,0
90130806,0,707,29,MELON,1,0,0.0,0,0
90130806,1,707,29,MELON,1,0,0.0,0,0
90130806,0,709,29,MELON,10,0,0.0,0,0
90130806,1,709,29,MELON,8,0,0.0,0,0
90130806,0,709,29,WOOL,12,0,0.0,0,0
90130806,1,709,29,WOOL,12,0,0.0,0,0
90130806,0,710,29,MELON,4,0,0.0,0,0
90130806,1,710,29,MELON,3,0,0.0,0,0
90130806,0,710,29,MILK,11,0,0.0,0,0
90130806,1,710,29,MILK,9,0,0.0,0,0
90130806,0,711,29,MELON,1,0,0.0,0,0
90130806,1,711,29,MELON,1,0,0.0,0,0
90130806,0,712,29,MILK,15,0,0.0,0,0
90130806,1,712,29,MILK,12,0,0.0,0,0
90130806,0,712,29,WOOL,20,0,0.0,0,0
90130806,1,712,29,WOOL,20,0,0.0,0,0
90130806,0,713,29,MELON,10,0,0.0,0,0
90130806,1,713,29,MELON,8,0,0.0,0,0
90130806,0,713,29,STRAWBERRY,9,0,0.0,0,0
90130806,1,713,29,STRAWBERRY,6,0,0.0,0,0
90130806,0,713,29,MILK,4,0,0.0,0,0
90130806,1,713,29,MILK,3,0,0.0,0,0
90130806,0,714,29,MELON,4,0,0.0,0,0
90130806,1,714,29,MELON,3,0,0.0,0,0
90130806,0,715,29,MILK,4,0,0.0,0,0
90130806,1,715,29,MILK,3,0,0.0,0,0
90130806,0,715,29,WOOL,12,0,0.0,0,0
90130806,1,715,29,WOOL,12,0,0.0,0,0
90130806,0,716,29,STRAWBERRY,4,0,0.0,0,0
90130806,1,716,29,STRAWBERRY,3,0,0.0,0,0
90130806,0,716,29,MILK,4,0,0.0,0,0
90130806,1,716,29,MILK,3,0,0.0,0,0
90130811,0,76,3,MELON,8,0,0.0,0,0
90130811,1,76,3,MELON,6,0,0.0,0,0
90130811,0,77,3,MELON,6,0,0.0,0,0
90130811,1,77,3,MELON,5,0,0.0,0,0
90130811,0,98,4,MELON,5,0,0.0,0,0
90130811,1,98,4,MELON,4,0,0.0,0,0
90130811,0,158,6,WOOL,6,0,0.0,0,0
90130811,1,158,6,WOOL,6,0,0.0,0,0
90130811,0,195,8,MILK,10,0,0.0,0,0
90130811,1,195,8,MILK,8,0,0.0,0,0
90130811,0,198,8,MILK,15,0,0.0,0,0
90130811,1,198,8,MILK,12,0,0.0,0,0
90130811,0,229,9,WOOL,4,0,0.0,0,0
90130811,1,229,9,WOOL,4,0,0.0,0,0
90130811,0,256,10,MELON,8,0,0.0,0,0
90130811,1,256,10,MELON,6,0,0.0,0,0
90130811,0,257,10,MELON,8,0,0.0,0,0
90130811,1,257,10,MELON,6,0,0.0,0,0
90130811,0,259,10,MELON,20,0,0.0,0,0
90130811,1,259,10,MELON,16,0,0.0,0,0
90130811,0,262,10,MELON,14,0,0.0,0,0
90130811,1,262,10,MELON,11,0,0.0,0,0
90130811,0,264,11,MELON,34,18,4178.0,232.111111,0
90130811,1,264,11,MELON,27,18,4178.0,232.111111,0
90130811,0,269,11,STRAWBERRY,6,0,0.0,0,0
90130811,1,269,11,STRAWBERRY,4,0,0.0,0,0
90130811,0,280,11,WOOL,6,0,0.0,0,0
90130811,1,280,11,WOOL,6,0,0.0,0,0
90130811,1,290,12,MILK,9,9,1251.0,139.0,0
90130811,0,292,12,STRAWBERRY,9,0,0.0,0,0
90130811,1,292,12,STRAWBERRY,6,0,0.0,0,0
90130811,0,292,12,MILK,11,9,1081.0,120.111111,0
90130811,1,292,12,MILK,9,0,0.0,0,0
90130811,0,294,12,MILK,15,0,0.0,0,0
90130811,1,294,12,MILK,12,0,0.0,0,0
90130811,0,295,12,MILK,25,0,0.0,0,0
90130811,1,295,12,MILK,20,0,0.0,0,0
90130811,0,301,12,MILK,11,0,0.0,0,0
90130811,1,301,12,MILK,9,0,0.0,0,0
90130811,0,302,12,MILK,8,0,0.0,0,0
90130811,1,302,12,MILK,6,0,0.0,0,0
90130811,0,306,12,MELON,15,0,0.0,0,0
90130811,1,306,12,MELON,12,0,0.0,0,0
90130811,0,308,12,MILK,2,0,0.0,0,0
90130811,1,308,12,MILK,2,0,0.0,0,0
90130811,0,309,12,WOOL,5,0,0.0,0,0
90130811,1,309,12,WOOL,5,0,0.0,0,0
90130811,1,321,13,MILK,3,3,285.0,95.0,0
90130811,1,322,13,MILK,1,1,91.0,91.0,0
90130811,0,323,13,MILK,4,4,342.0,85.5,0
90130811,1,323,13,MILK,3,0,0.0,0,0
90130811,0,324,13,MILK,1,0,0.0,0,0
90130811,1,324,13,MILK,1,0,0.0,0,0
90130811,0,325,13,MILK,4,0,0.0,0,0
90130811,1,325,13,MILK,3,0,0.0,0,0
90130811,1,339,14,MILK,3,3,216.0,72.0,0
90130811,0,341,14,MILK,4,2,134.0,67.0,0
90130811,1,341,14,MILK,3,0,0.0,0,0
90130811,0,343,14,MILK,4,0,0.0,0,0
90130811,1,343,14,MILK,3,0,0.0,0,0
90130811,0,344,14,MILK,5,0,0.0,0,0
90130811,1,344,14,MILK,4,0,0.0,0,0
90130811,0,347,14,MILK,4,0,0.0,0,0
90130811,1,347,14,MILK,3,0,0.0,0,0
90130811,0,348,14,MILK,5,0,0.0,0,0
90130811,1,348,14,MILK,4,0,0.0,0,0
90130811,0,348,14,WOOL,7,6,1452.0,242.0,0
90130811,1,348,14,WOOL,7,6,1452.0,242.0,0
90130811,0,353,14,WOOL,6,0,0.0,0,0
90130811,1,353,14,WOOL,6,0,0.0,0,0
90130811,0,354,14,WOOL,6,0,0.0,0,0
90130811,1,354,14,WOOL,6,0,0.0,0,0
90130811,0,358,14,WOOL,7,0,0.0,0,0
90130811,1,358,14,WOOL,7,0,0.0,0,0
90130811,0,359,14,MELON,12,6,1276.0,212.666667,0
90130811,1,359,14,MELON,6,6,1275.0,212.5,0
90130811,0,359,14,STRAWBERRY,6,0,0.0,0,0
90130811,1,359,14,STRAWBERRY,4,0,0.0,0,0
90130811,0,360,15,MELON,9,6,1179.0,196.5,0
90130811,1,360,15,MELON,7,6,1179.0,196.5,0
90130811,0,361,15,WOOL,4,4,958.0,239.5,0
90130811,0,362,15,MELON,9,0,0.0,0,0
90130811,1,362,15,MELON,7,0,0.0,0,0
90130811,1,362,15,WOOL,4,4,956.0,239.0,0
90130811,1,363,15,MILK,9,9,571.0,63.444444,0
90130811,0,364,15,WOOL,4,0,0.0,0,0
90130811,1,364,15,WOOL,4,0,0.0,0,0
90130811,0,365,15,MILK,11,9,401.0,44.555556,0
90130811,1,365,15,MILK,9,0,0.0,0,0
90130811,0,366,15,WOOL,4,0,0.0,0,0
90130811,1,366,15,WOOL,4,0,0.0,0,0
90130811,0,367,15,MILK,11,0,0.0,0,0
90130811,1,367,15,MILK,9,0,0.0,0,0
90130811,0,370,15,WOOL,9,0,0.0,0,0
90130811,1,370,15,WOOL,9,0,0.0,0,0
90130811,0,371,15,MILK,15,0,0.0,0,0
90130811,1,371,15,MILK,12,0,0.0,0,0
90130811,0,375,15,WOOL,6,0,0.0,0,0
90130811,1,375,15,WOOL,6,0,0.0,0,0
90130811,1,384,16,MILK,9,9,270.0,30.0,0
90130811,0,384,16,WOOL,8,4,959.0,239.75,0
90130811,1,384,16,WOOL,8,4,959.0,239.75,0
90130811,0,385,16,MILK,11,9,137.0,15.222222,0
90130811,1,385,16,MILK,9,0,0.0,0,0
90130811,0,387,16,MILK,11,0,0.0,0,0
90130811,1,387,16,MILK,9,0,0.0,0,0
90130811,0,391,16,MILK,35,0,0.0,0,0
90130811,1,391,16,MILK,28,0,0.0,0,0
90130811,0,407,16,WOOL,4,0,0.0,0,0
90130811,1,407,16,WOOL,4,0,0.0,0,0
90130811,0,408,17,MILK,18,9,21.0,2.333333,7
90130811,1,408,17,MILK,9,9,21.0,2.333333,7
90130811,0,409,17,MILK,11,0,0.0,0,0
90130811,1,409,17,MILK,9,0,0.0,0,0
90130811,0,411,17,MELON,1,0,0.0,0,0
90130811,1,411,17,MELON,1,0,0.0,0,0
90130811,1,413,17,STRAWBERRY,5,5,1142.0,228.4,0
90130811,1,414,17,STRAWBERRY,3,3,681.0,227.0,0
90130811,0,415,17,STRAWBERRY,8,8,1801.0,225.125,0
90130811,1,415,17,STRAWBERRY,5,0,0.0,0,0
90130811,0,416,17,STRAWBERRY,4,0,0.0,0,0
90130811,1,416,17,STRAWBERRY,3,0,0.0,0,0
90130811,0,417,17,STRAWBERRY,8,0,0.0,0,0
90130811,1,417,17,STRAWBERRY,5,0,0.0,0,0
90130811,0,421,17,STRAWBERRY,8,0,0.0,0,0
90130811,1,421,17,STRAWBERRY,5,0,0.0,0,0
90130811,0,423,17,MELON,5,0,0.0,0,0
90130811,1,423,17,MELON,4,0,0.0,0,0
90130811,0,423,17,WOOL,4,0,0.0,0,0
90130811,1,423,17,WOOL,4,0,0.0,0,0
90130811,0,424,17,WOOL,3,0,0.0,0,0
90130811,1,424,17,WOOL,3,0,0.0,0,0
90130811,0,432,18,WOOL,13,13,3123.0,240.230769,0
90130811,1,433,18,STRAWBERRY,8,8,1820.0,227.5,0
90130811,1,434,18,MILK,3,3,39.0,13.0,0
90130811,0,435,18,STRAWBERRY,12,8,1799.0,224.875,0
90130811,1,435,18,STRAWBERRY,8,0,0.0,0,0
90130811,1,435,18,MILK,9,9,29.0,3.222222,5
90130811,0,436,18,MILK,12,12,12.0,1.0,12
90130811,1,436,18,MILK,3,0,0.0,0,0
90130811,0,437,18,STRAWBERRY,12,0,0.0,0,0
90130811,1,437,18,STRAWBERRY,8,0,0.0,0,0
90130811,0,437,18,MILK,10,0,0.0,0,0
90130811,1,437,18,MILK,8,0,0.0,0,0
90130811,0,438,18,MILK,4,0,0.0,0,0
90130811,1,438,18,MILK,3,0,0.0,0,0
90130811,0,439,18,MILK,6,0,0.0,0,0
90130811,1,439,18,MILK,5,0,0.0,0,0
90130811,0,440,18,MILK,5,0,0.0,0,0
90130811,1,440,18,MILK,4,0,0.0,0,0
90130811,0,441,18,STRAWBERRY,26,0,0.0,0,0
90130811,1,441,18,STRAWBERRY,17,0,0.0,0,0
90130811,1,441,18,WOOL,2,2,480.0,240.0,0
90130811,0,442,18,MILK,4,0,0.0,0,0
90130811,1,442,18,MILK,3,0,0.0,0,0
90130811,1,442,18,WOOL,4,4,960.0,240.0,0
90130811,0,443,18,MILK,6,0,0.0,0,0
90130811,1,443,18,MILK,5,0,0.0,0,0
90130811,0,443,18,WOOL,2,0,0.0,0,0
90130811,1,443,18,WOOL,6,6,1439.0,239.833333,0
90130811,0,444,18,MILK,25,0,0.0,0,0
90130811,1,444,18,MILK,20,0,0.0,0,0
90130811,0,444,18,WOOL,2,0,0.0,0,0
90130811,1,444,18,WOOL,2,1,239.0,239.0,0
90130811,0,445,18,STRAWBERRY,30,0,0.0,0,0
90130811,1,445,18,STRAWBERRY,20,0,0.0,0,0
90130811,0,445,18,WOOL,2,0,0.0,0,0
90130811,1,445,18,WOOL,2,0,0.0,0,0
90130811,0,447,18,WOOL,2,0,0.0,0,0
90130811,1,447,18,WOOL,2,0,0.0,0,0
90130811,0,448,18,WOOL,2,0,0.0,0,0
90130811,1,448,18,WOOL,2,0,0.0,0,0
90130811,0,449,18,WOOL,2,0,0.0,0,0
90130811,1,449,18,WOOL,2,0,0.0,0,0
90130811,0,450,18,STRAWBERRY,2,0,0.0,0,0
90130811,1,450,18,STRAWBERRY,1,0,0.0,0,0
90130811,0,450,18,MILK,8,0,0.0,0,0
90130811,1,450,18,MILK,6,0,0.0,0,0
90130811,1,453,18,WOOL,4,4,960.0,240.0,0
90130811,0,455,18,WOOL,4,4,958.0,239.5,0
90130811,1,455,18,WOOL,4,0,0.0,0,0
90130811,0,456,19,WOOL,1,0,0.0,0,0
90130811,1,456,19,WOOL,1,0,0.0,0,0
90130811,0,457,19,WOOL,4,0,0.0,0,0
90130811,1,457,19,WOOL,4,0,0.0,0,0
90130811,1,461,19,STRAWBERRY,1,1,230.0,230.0,0
90130811,0,461,19,WOOL,4,0,0.0,0,0
90130811,1,461,19,WOOL,4,0,0.0,0,0
90130811,1,462,19,STRAWBERRY,2,2,460.0,230.0,0
90130811,0,463,19,STRAWBERRY,14,14,3180.0,227.142857,0
90130811,1,463,19,STRAWBERRY,12,12,2682.0,223.5,0
90130811,0,464,19,STRAWBERRY,2,0,0.0,0,0
90130811,1,464,19,STRAWBERRY,1,0,0.0,0,0
90130811,0,465,19,STRAWBERRY,17,0,0.0,0,0
90130811,1,465,19,STRAWBERRY,11,0,0.0,0,0
90130811,0,466,19,STRAWBERRY,3,0,0.0,0,0
90130811,1,466,19,STRAWBERRY,2,0,0.0,0,0
90130811,0,466,19,WOOL,4,0,0.0,0,0
90130811,1,466,19,WOOL,4,0,0.0,0,0
90130811,0,467,19,STRAWBERRY,15,0,0.0,0,0
90130811,1,467,19,STRAWBERRY,10,0,0.0,0,0
90130811,1,467,19,MILK,9,9,156.0,17.333333,0
90130811,0,468,19,STRAWBERRY,2,0,0.0,0,0
90130811,1,468,19,STRAWBERRY,1,0,0.0,0,0
90130811,0,469,19,STRAWBERRY,2,0,0.0,0,0
90130811,1,469,19,STRAWBERRY,1,0,0.0,0,0
90130811,0,469,19,MILK,11,9,51.0,5.666667,3
90130811,1,469,19,MILK,9,0,0.0,0,0
90130811,0,470,19,STRAWBERRY,3,0,0.0,0,0
90130811,1,470,19,STRAWBERRY,2,0,0.0,0,0
90130811,0,470,19,WOOL,4,0,0.0,0,0
90130811,1,470,19,WOOL,4,0,0.0,0,0
90130811,0,471,19,STRAWBERRY,15,0,0.0,0,0
90130811,1,471,19,STRAWBERRY,10,0,0.0,0,0
90130811,0,471,19,MILK,11,0,0.0,0,0
90130811,1,471,19,MILK,9,0,0.0,0,0
90130811,0,472,19,STRAWBERRY,2,0,0.0,0,0
90130811,1,472,19,STRAWBERRY,1,0,0.0,0,0
90130811,0,474,19,STRAWBERRY,14,0,0.0,0,0
90130811,1,474,19,STRAWBERRY,9,0,0.0,0,0
90130811,0,475,19,MILK,15,0,0.0,0,0
90130811,1,475,19,MILK,12,0,0.0,0,0
90130811,0,477,19,MILK,14,0,0.0,0,0
90130811,1,477,19,MILK,11,0,0.0,0,0
90130811,0,478,19,STRAWBERRY,9,0,0.0,0,0
90130811,1,478,19,STRAWBERRY,6,0,0.0,0,0
90130811,0,480,20,STRAWBERRY,18,12,2611.0,217.583333,0
90130811,1,480,20,STRAWBERRY,18,12,2611.0,217.583333,0
90130811,0,480,20,MILK,15,15,15.0,1.0,15
90130811,1,480,20,MILK,15,15,15.0,1.0,15
90130811,0,482,20,STRAWBERRY,18,0,0.0,0,0
90130811,1,482,20,STRAWBERRY,18,0,0.0,0,0
90130811,0,483,20,MILK,19,0,0.0,0,0
90130811,1,483,20,MILK,19,0,0.0,0,0
90130811,0,485,20,MILK,19,0,0.0,0,0
90130811,1,485,20,MILK,19,0,0.0,0,0
90130811,0,486,20,STRAWBERRY,30,0,0.0,0,0
90130811,1,486,20,STRAWBERRY,30,0,0.0,0,0
90130811,0,488,20,STRAWBERRY,4,0,0.0,0,0
90130811,1,488,20,STRAWBERRY,4,0,0.0,0,0
90130811,0,489,20,MILK,19,0,0.0,0,0
90130811,1,489,20,MILK,19,0,0.0,0,0
90130811,0,492,20,STRAWBERRY,3,2,435.0,217.5,0
90130811,1,492,20,STRAWBERRY,3,2,435.0,217.5,0
90130811,0,493,20,STRAWBERRY,3,0,0.0,0,0
90130811,1,493,20,STRAWBERRY,3,0,0.0,0,0
90130811,0,494,20,MELON,1,1,213.0,213.0,0
90130811,1,494,20,MELON,1,1,212.0,212.0,0
90130811,0,494,20,STRAWBERRY,6,0,0.0,0,0
90130811,1,494,20,STRAWBERRY,6,0,0.0,0,0
90130811,0,497,20,STRAWBERRY,3,0,0.0,0,0
90130811,1,497,20,STRAWBERRY,3,0,0.0,0,0
90130811,0,498,20,STRAWBERRY,10,0,0.0,0,0
90130811,1,498,20,STRAWBERRY,10,0,0.0,0,0
90130811,0,499,20,STRAWBERRY,6,0,0.0,0,0
90130811,1,499,20,STRAWBERRY,6,0,0.0,0,0
90130811,0,501,20,STRAWBERRY,3,0,0.0,0,0
90130811,1,501,20,STRAWBERRY,3,0,0.0,0,0
90130811,0,504,21,MELON,2,0,0.0,0,0
90130811,1,504,21,MELON,2,1,210.0,210.0,0
90130811,0,504,21,STRAWBERRY,21,14,2940.0,210.0,0
90130811,1,504,21,STRAWBERRY,21,14,2940.0,210.0,0
90130811,0,505,21,STRAWBERRY,27,0,0.0,0,0
90130811,1,505,21,STRAWBERRY,27,0,0.0,0,0
90130811,0,505,21,WOOL,20,20,4833.0,241.65,0
90130811,0,506,21,MELON,2,0,0.0,0,0
90130811,1,506,21,MELON,2,0,0.0,0,0
90130811,0,509,21,MILK,9,9,313.0,34.777778,0
90130811,1,509,21,MILK,2,2,89.0,44.5,0
90130811,0,510,21,MELON,2,0,0.0,0,0
90130811,1,510,21,MELON,2,0,0.0,0,0
90130811,0,510,21,MILK,2,0,0.0,0,0
90130811,1,510,21,MILK,2,2,46.0,23.0,0
90130811,0,511,21,MILK,2,0,0.0,0,0
90130811,1,511,21,MILK,2,2,36.0,18.0,0
90130811,0,512,21,MILK,2,0,0.0,0,0
90130811,1,512,21,MILK,2,2,28.0,14.0,0
90130811,0,513,21,MILK,1,0,0.0,0,0
90130811,1,513,21,MILK,1,1,15.0,15.0,0
90130811,0,519,21,MILK,2,0,0.0,0,0
90130811,1,519,21,MILK,2,0,0.0,0,0
90130811,0,520,21,MILK,2,0,0.0,0,0
90130811,1,520,21,MILK,2,0,0.0,0,0
90130811,0,521,21,MILK,2,0,0.0,0,0
90130811,1,521,21,MILK,2,0,0.0,0,0
90130811,0,523,21,MILK,2,0,0.0,0,0
90130811,1,523,21,MILK,2,0,0.0,0,0
90130811,0,524,21,MILK,1,0,0.0,0,0
90130811,1,524,21,MILK,1,0,0.0,0,0
90130811,0,525,21,MILK,2,0,0.0,0,0
90130811,1,525,21,MILK,2,0,0.0,0,0
90130811,0,526,21,STRAWBERRY,4,0,0.0,0,0
90130811,1,526,21,STRAWBERRY,4,0,0.0,0,0
90130811,0,526,21,MILK,1,1,26.0,26.0,0
90130811,1,526,21,MILK,1,1,24.0,24.0,0
90130811,0,526,21,WOOL,24,4,968.0,242.0,0
90130811,1,526,21,WOOL,24,24,5780.0,240.833333,0
90130811,0,527,21,MELON,12,0,0.0,0,0
90130811,1,527,21,MELON,12,0,0.0,0,0
90130811,0,527,21,STRAWBERRY,3,0,0.0,0,0
90130811,1,527,21,STRAWBERRY,3,0,0.0,0,0
90130811,0,528,22,STRAWBERRY,21,14,2906.0,207.571429,0
90130811,1,528,22,STRAWBERRY,21,14,2906.0,207.571429,0
90130811,0,528,22,MILK,11,11,72.0,6.545455,6
90130811,1,528,22,MILK,11,11,72.0,6.545455,6
90130811,0,531,22,STRAWBERRY,21,0,0.0,0,0
90130811,1,531,22,STRAWBERRY,21,0,0.0,0,0
90130811,0,535,22,MILK,15,0,0.0,0,0
90130811,1,535,22,MILK,15,0,0.0,0,0
90130811,0,536,22,WOOL,24,0,0.0,0,0
90130811,1,536,22,WOOL,24,0,0.0,0,0
90130811,0,537,22,MILK,24,0,0.0,0,0
90130811,1,537,22,MILK,24,0,0.0,0,0
90130811,0,538,22,WOOL,24,0,0.0,0,0
90130811,1,538,22,WOOL,24,0,0.0,0,0
90130811,0,541,22,MILK,30,0,0.0,0,0
90130811,1,541,22,MILK,30,0,0.0,0,0
90130811,0,542,22,WOOL,44,0,0.0,0,0
90130811,1,542,22,WOOL,44,0,0.0,0,0
90130811,0,543,22,STRAWBERRY,3,0,0.0,0,0
90130811,1,543,22,STRAWBERRY,3,0,0.0,0,0
90130811,0,547,22,STRAWBERRY,9,2,421.0,210.5,0
90130811,1,547,22,STRAWBERRY,9,2,421.0,210.5,0
90130811,0,548,22,STRAWBERRY,9,0,0.0,0,0
90130811,1,548,22,STRAWBERRY,9,0,0.0,0,0
90130811,0,549,22,WOOL,2,0,0.0,0,0
90130811,1,549,22,WOOL,2,0,0.0,0,0
90130811,0,550,22,WOOL,12,0,0.0,0,0
90130811,1,550,22,WOOL,12,0,0.0,0,0
90130811,0,551,22,MELON,6,6,1266.0,211.0,0
90130811,1,551,22,MELON,6,6,1218.0,203.0,0
90130811,0,551,22,STRAWBERRY,3,0,0.0,0,0
90130811,1,551,22,STRAWBERRY,3,0,0.0,0,0
90130811,0,552,23,STRAWBERRY,12,12,2367.0,197.25,0
90130811,1,552,23,STRAWBERRY,12,12,2298.0,191.5,0
90130811,0,552,23,MILK,9,9,306.0,34.0,0
90130811,1,552,23,MILK,5,5,97.0,19.4,0
90130811,0,552,23,WOOL,8,0,0.0,0,0
90130811,1,552,23,WOOL,8,0,0.0,0,0
90130811,0,553,23,MILK,4,0,0.0,0,0
90130811,1,553,23,MILK,4,4,91.0,22.75,0
90130811,0,560,23,STRAWBERRY,20,0,0.0,0,0
90130811,1,560,23,STRAWBERRY,20,0,0.0,0,0
90130811,0,561,23,MELON,8,0,0.0,0,0
90130811,1,561,23,MELON,8,0,0.0,0,0
90130811,0,562,23,STRAWBERRY,20,0,0.0,0,0
90130811,1,562,23,STRAWBERRY,20,0,0.0,0,0
90130811,0,562,23,MILK,5,0,0.0,0,0
90130811,1,562,23,MILK,5,0,0.0,0,0
90130811,0,563,23,MELON,8,0,0.0,0,0
90130811,1,563,23,MELON,8,0,0.0,0,0
90130811,0,564,23,MILK,5,0,0.0,0,0
90130811,1,564,23,MILK,5,0,0.0,0,0
90130811,0,565,23,MILK,1,0,0.0,0,0
90130811,1,565,23,MILK,1,0,0.0,0,0
90130811,0,566,23,STRAWBERRY,21,0,0.0,0,0
90130811,1,566,23,STRAWBERRY,21,0,0.0,0,0
90130811,0,566,23,MILK,5,0,0.0,0,0
90130811,1,566,23,MILK,5,0,0.0,0,0
90130811,0,566,23,WOOL,3,0,0.0,0,0
90130811,1,566,23,WOOL,3,0,0.0,0,0
90130811,0,567,23,MELON,11,0,0.0,0,0
90130811,1,567,23,MELON,11,0,0.0,0,0
90130811,0,569,23,STRAWBERRY,6,2,394.0,197.0,0
90130811,1,569,23,STRAWBERRY,6,2,394.0,197.0,0
90130811,0,569,23,MILK,1,0,0.0,0,0
90130811,1,569,23,MILK,1,0,0.0,0,0
90130811,0,570,23,MILK,2,2,72.0,36.0,0
90130811,1,570,23,MILK,2,2,72.0,36.0,0
90130811,0,571,23,MILK,2,0,0.0,0,0
90130811,1,571,23,MILK,2,0,0.0,0,0
90130811,0,573,23,STRAWBERRY,9,0,0.0,0,0
90130811,1,573,23,STRAWBERRY,9,0,0.0,0,0
90130811,0,573,23,MILK,15,0,0.0,0,0
90130811,1,573,23,MILK,15,0,0.0,0,0
90130811,0,576,24,MELON,8,6,1213.0,202.166667,0
90130811,1,576,24,MELON,8,6,1213.0,202.166667,0
90130811,0,576,24,STRAWBERRY,44,29,5063.0,174.586207,0
90130811,1,576,24,STRAWBERRY,44,29,5063.0,174.586207,0
90130811,0,578,24,MELON,10,0,0.0,0,0
90130811,1,578,24,MELON,10,0,0.0,0,0
90130811,0,578,24,STRAWBERRY,52,0,0.0,0,0
90130811,1,578,24,STRAWBERRY,52,0,0.0,0,0
90130811,0,582,24,MELON,9,0,0.0,0,0
90130811,1,582,24,MELON,9,0,0.0,0,0
90130811,0,589,24,STRAWBERRY,3,2,342.0,171.0,0
90130811,1,589,24,STRAWBERRY,3,2,342.0,171.0,0
90130811,0,594,24,STRAWBERRY,6,0,0.0,0,0
90130811,1,594,24,STRAWBERRY,6,0,0.0,0,0
90130811,0,595,24,STRAWBERRY,6,0,0.0,0,0
90130811,1,595,24,STRAWBERRY,6,0,0.0,0,0
90130811,0,596,24,MILK,15,15,838.0,55.866667,0
90130811,1,596,24,MILK,8,8,541.0,67.625,0
90130811,0,597,24,STRAWBERRY,6,4,670.0,167.5,0
90130811,1,597,24,STRAWBERRY,6,4,670.0,167.5,0
90130811,0,597,24,MILK,8,3,108.0,36.0,0
90130811,1,597,24,MILK,8,8,227.0,28.375,0
90130811,0,598,24,MILK,2,0,0.0,0,0
90130811,1,598,24,MILK,2,2,32.0,16.0,0
90130811,0,599,24,MELON,8,0,0.0,0,0
90130811,1,599,24,MELON,8,0,0.0,0,0
90130811,0,599,24,STRAWBERRY,6,0,0.0,0,0
90130811,1,599,24,STRAWBERRY,6,0,0.0,0,0
90130811,0,600,25,STRAWBERRY,32,21,2842.0,135.333333,0
90130811,1,600,25,STRAWBERRY,32,20,2747.0,137.35,0
90130811,0,600,25,MILK,3,3,27.0,9.0,0
90130811,1,600,25,MILK,3,3,27.0,9.0,0
90130811,0,601,25,WOOL,21,21,5100.0,242.857143,0
90130811,1,601,25,WOOL,9,9,2190.0,243.333333,0
90130811,0,602,25,WOOL,9,0,0.0,0,0
90130811,1,602,25,WOOL,9,9,2178.0,242.0,0
90130811,0,603,25,WOOL,3,0,0.0,0,0
90130811,1,603,25,WOOL,3,3,723.0,241.0,0
90130811,0,606,25,MILK,8,0,0.0,0,0
90130811,1,606,25,MILK,8,0,0.0,0,0
90130811,0,607,25,MILK,19,0,0.0,0,0
90130811,1,607,25,MILK,19,0,0.0,0,0
90130811,0,608,25,MILK,8,0,0.0,0,0
90130811,1,608,25,MILK,8,0,0.0,0,0
90130811,0,609,25,MILK,11,0,0.0,0,0
90130811,1,609,25,MILK,11,0,0.0,0,0
90130811,0,611,25,WOOL,9,0,0.0,0,0
90130811,1,611,25,WOOL,9,0,0.0,0,0
90130811,0,612,25,MILK,8,0,0.0,0,0
90130811,1,612,25,MILK,8,0,0.0,0,0
90130811,0,612,25,WOOL,9,0,0.0,0,0
90130811,1,612,25,WOOL,9,0,0.0,0,0
90130811,0,613,25,MILK,11,0,0.0,0,0
90130811,1,613,25,MILK,11,0,0.0,0,0
90130811,0,613,25,WOOL,9,0,0.0,0,0
90130811,1,613,25,WOOL,9,0,0.0,0,0
90130811,0,617,25,STRAWBERRY,9,0,0.0,0,0
90130811,1,617,25,STRAWBERRY,9,0,0.0,0,0
90130811,0,617,25,MILK,18,0,0.0,0,0
90130811,1,617,25,MILK,18,0,0.0,0,0
90130811,0,617,25,WOOL,9,0,0.0,0,0
90130811,1,617,25,WOOL,9,0,0.0,0,0
90130811,0,619,25,STRAWBERRY,9,0,0.0,0,0
90130811,1,619,25,STRAWBERRY,9,0,0.0,0,0
90130811,0,622,25,MELON,8,0,0.0,0,0
90130811,1,622,25,MELON,8,0,0.0,0,0
90130811,0,625,26,MELON,8,6,1124.0,187.333333,0
90130811,1,625,26,MELON,8,6,1124.0,187.333333,0
90130811,0,625,26,STRAWBERRY,20,18,1949.0,108.277778,0
90130811,1,625,26,STRAWBERRY,20,20,1421.0,71.05,0
90130811,0,625,26,MILK,15,15,826.0,55.066667,0
90130811,1,625,26,MILK,15,15,354.0,23.6,0
90130811,0,625,26,WOOL,1,0,0.0,0,0
90130811,1,625,26,WOOL,1,0,0.0,0,0
90130811,0,627,26,WOOL,2,0,0.0,0,0
90130811,1,627,26,WOOL,2,0,0.0,0,0
90130811,0,631,26,STRAWBERRY,30,0,0.0,0,0
90130811,1,631,26,STRAWBERRY,30,0,0.0,0,0
90130811,0,631,26,WOOL,12,0,0.0,0,0
90130811,1,631,26,WOOL,12,0,0.0,0,0
90130811,0,632,26,MILK,19,0,0.0,0,0
90130811,1,632,26,MILK,19,0,0.0,0,0
90130811,0,633,26,STRAWBERRY,30,0,0.0,0,0
90130811,1,633,26,STRAWBERRY,30,0,0.0,0,0
90130811,0,633,26,MILK,19,0,0.0,0,0
90130811,1,633,26,MILK,19,0,0.0,0,0
90130811,0,637,26,STRAWBERRY,30,0,0.0,0,0
90130811,1,637,26,STRAWBERRY,30,0,0.0,0,0
90130811,0,637,26,MILK,38,0,0.0,0,0
90130811,1,637,26,MILK,38,0,0.0,0,0
90130811,0,649,27,MELON,8,6,1086.0,181.0,0
90130811,1,649,27,MELON,8,6,1086.0,181.0,0
90130811,0,649,27,STRAWBERRY,24,24,2166.0,90.25,0
90130811,1,649,27,STRAWBERRY,3,3,192.0,64.0,0
90130811,0,649,27,MILK,9,9,401.0,44.555556,0
90130811,1,649,27,MILK,9,9,401.0,44.555556,0
90130811,0,649,27,WOOL,20,20,4863.0,243.15,0
90130811,1,649,27,WOOL,1,1,244.0,244.0,0
90130811,0,650,27,STRAWBERRY,3,0,0.0,0,0
90130811,1,650,27,STRAWBERRY,3,3,176.0,58.666667,0
90130811,0,650,27,WOOL,1,0,0.0,0,0
90130811,1,650,27,WOOL,1,1,243.0,243.0,0
90130811,0,651,27,STRAWBERRY,3,0,0.0,0,0
90130811,1,651,27,STRAWBERRY,3,3,159.0,53.0,0
90130811,0,651,27,WOOL,1,0,0.0,0,0
90130811,1,651,27,WOOL,1,1,242.0,242.0,0
90130811,0,652,27,STRAWBERRY,3,0,0.0,0,0
90130811,1,652,27,STRAWBERRY,3,3,141.0,47.0,0
90130811,0,652,27,WOOL,1,0,0.0,0,0
90130811,1,652,27,WOOL,1,1,242.0,242.0,0
90130811,0,653,27,STRAWBERRY,3,0,0.0,0,0
90130811,1,653,27,STRAWBERRY,3,3,147.0,49.0,0
90130811,0,653,27,WOOL,1,0,0.0,0,0
90130811,1,653,27,WOOL,1,1,242.0,242.0,0
90130811,0,654,27,STRAWBERRY,3,0,0.0,0,0
90130811,1,654,27,STRAWBERRY,3,3,129.0,43.0,0
90130811,0,654,27,WOOL,1,0,0.0,0,0
90130811,1,654,27,WOOL,1,1,242.0,242.0,0
90130811,0,655,27,STRAWBERRY,3,0,0.0,0,0
90130811,1,655,27,STRAWBERRY,3,3,112.0,37.333333,0
90130811,0,655,27,MILK,11,0,0.0,0,0
90130811,1,655,27,MILK,11,0,0.0,0,0
90130811,0,655,27,WOOL,1,0,0.0,0,0
90130811,1,655,27,WOOL,1,1,242.0,242.0,0
90130811,0,656,27,STRAWBERRY,2,0,0.0,0,0
90130811,1,656,27,STRAWBERRY,2,2,66.0,33.0,0
90130811,0,656,27,WOOL,1,0,0.0,0,0
90130811,1,656,27,WOOL,1,1,242.0,242.0,0
90130811,0,657,27,STRAWBERRY,3,0,0.0,0,0
90130811,1,657,27,STRAWBERRY,3,0,0.0,0,0
90130811,0,657,27,MILK,11,0,0.0,0,0
90130811,1,657,27,MILK,11,0,0.0,0,0
90130811,0,657,27,WOOL,1,0,0.0,0,0
90130811,1,657,27,WOOL,1,1,242.0,242.0,0
90130811,0,658,27,WOOL,1,0,0.0,0,0
90130811,1,658,27,WOOL,1,1,242.0,242.0,0
90130811,0,659,27,STRAWBERRY,3,0,0.0,0,0
90130811,1,659,27,STRAWBERRY,3,0,0.0,0,0
90130811,0,659,27,WOOL,1,0,0.0,0,0
90130811,1,659,27,WOOL,1,1,242.0,242.0,0
90130811,0,660,27,WOOL,1,0,0.0,0,0
90130811,1,660,27,WOOL,1,1,242.0,242.0,0
90130811,0,661,27,STRAWBERRY,3,0,0.0,0,0
90130811,1,661,27,STRAWBERRY,3,0,0.0,0,0
90130811,0,661,27,MILK,12,0,0.0,0,0
90130811,1,661,27,MILK,12,0,0.0,0,0
90130811,0,661,27,WOOL,1,0,0.0,0,0
90130811,1,661,27,WOOL,1,1,242.0,242.0,0
90130811,0,662,27,STRAWBERRY,12,0,0.0,0,0
90130811,1,662,27,STRAWBERRY,12,0,0.0,0,0
90130811,0,663,27,STRAWBERRY,14,0,0.0,0,0
90130811,1,663,27,STRAWBERRY,14,0,0.0,0,0
90130811,0,664,27,STRAWBERRY,12,0,0.0,0,0
90130811,1,664,27,STRAWBERRY,12,0,0.0,0,0
90130811,0,665,27,STRAWBERRY,6,0,0.0,0,0
90130811,1,665,27,STRAWBERRY,6,0,0.0,0,0
90130811,0,667,27,MILK,5,0,0.0,0,0
90130811,1,667,27,MILK,5,0,0.0,0,0
90130811,0,668,27,STRAWBERRY,12,0,0.0,0,0
90130811,1,668,27,STRAWBERRY,12,0,0.0,0,0
90130811,0,669,27,STRAWBERRY,6,0,0.0,0,0
90130811,1,669,27,STRAWBERRY,6,0,0.0,0,0
90130811,0,670,27,MILK,19,0,0.0,0,0
90130811,1,670,27,MILK,19,0,0.0,0,0
90130811,0,673,28,STRAWBERRY,15,15,1052.0,70.133333,0
90130811,1,673,28,STRAWBERRY,4,4,208.0,52.0,0
90130811,0,673,28,MILK,19,9,451.0,50.111111,0
90130811,1,673,28,MILK,15,15,554.0,36.933333,0
90130811,0,674,28,STRAWBERRY,4,0,0.0,0,0
90130811,1,674,28,STRAWBERRY,4,4,176.0,44.0,0
90130811,0,674,28,MILK,10,0,0.0,0,0
90130811,1,674,28,MILK,10,0,0.0,0,0
90130811,0,675,28,STRAWBERRY,4,0,0.0,0,0
90130811,1,675,28,STRAWBERRY,4,4,146.0,36.5,0
90130811,0,676,28,STRAWBERRY,3,0,0.0,0,0
90130811,1,676,28,STRAWBERRY,3,3,90.0,30.0,0
90130811,0,678,28,MILK,10,0,0.0,0,0
90130811,1,678,28,MILK,10,0,0.0,0,0
90130811,0,679,28,STRAWBERRY,4,0,0.0,0,0
90130811,1,679,28,STRAWBERRY,4,0,0.0,0,0
90130811,0,681,28,STRAWBERRY,4,0,0.0,0,0
90130811,1,681,28,STRAWBERRY,4,0,0.0,0,0
90130811,0,682,28,STRAWBERRY,18,0,0.0,0,0
90130811,1,682,28,STRAWBERRY,18,0,0.0,0,0
90130811,0,685,28,STRAWBERRY,4,0,0.0,0,0
90130811,1,685,28,STRAWBERRY,4,0,0.0,0,0
90130811,0,685,28,MILK,11,0,0.0,0,0
90130811,1,685,28,MILK,11,0,0.0,0,0
90130811,0,685,28,WOOL,4,4,973.0,243.25,0
90130811,0,686,28,STRAWBERRY,34,0,0.0,0,0
90130811,1,686,28,STRAWBERRY,34,0,0.0,0,0
90130811,0,686,28,MILK,16,0,0.0,0,0
90130811,1,686,28,MILK,16,0,0.0,0,0
90130811,0,687,28,MELON,12,12,2044.0,170.333333,0
90130811,1,687,28,MELON,12,12,2044.0,170.333333,0
90130811,0,687,28,WOOL,11,0,0.0,0,0
90130811,1,687,28,WOOL,11,11,2673.0,243.0,0
90130811,0,688,28,STRAWBERRY,4,0,0.0,0,0
90130811,1,688,28,STRAWBERRY,4,0,0.0,0,0
90130811,0,689,28,STRAWBERRY,9,0,0.0,0,0
90130811,1,689,28,STRAWBERRY,9,0,0.0,0,0
90130811,0,690,28,STRAWBERRY,21,0,0.0,0,0
90130811,1,690,28,STRAWBERRY,21,0,0.0,0,0
90130811,0,697,29,MELON,15,0,0.0,0,0
90130811,1,697,29,MELON,15,0,0.0,0,0
90130811,0,697,29,STRAWBERRY,20,13,836.0,64.307692,0
90130811,1,697,29,STRAWBERRY,20,13,836.0,64.307692,0
90130811,0,697,29,MILK,11,9,552.0,61.333333,0
90130811,1,697,29,MILK,11,9,382.0,42.444444,0
90130811,0,697,29,WOOL,20,0,0.0,0,0
90130811,1,697,29,WOOL,20,0,0.0,0,0
90130811,0,698,29,MILK,11,0,0.0,0,0
90130811,1,698,29,MILK,11,0,0.0,0,0
90130811,0,699,29,WOOL,22,0,0.0,0,0
90130811,1,699,29,WOOL,22,0,0.0,0,0
90130811,0,702,29,MILK,14,0,0.0,0,0
90130811,1,702,29,MILK,14,0,0.0,0,0
90130811,0,703,29,MILK,4,0,0.0,0,0
90130811,1,703,29,MILK,4,0,0.0,0,0
90130811,0,703,29,WOOL,24,0,0.0,0,0
90130811,1,703,29,WOOL,24,0,0.0,0,0
90130811,0,707,29,MELON,1,0,0.0,0,0
90130811,1,707,29,MELON,1,0,0.0,0,0
90130811,0,709,29,MELON,10,0,0.0,0,0
90130811,1,709,29,MELON,10,0,0.0,0,0
90130811,0,709,29,WOOL,12,0,0.0,0,0
90130811,1,709,29,WOOL,12,0,0.0,0,0
90130811,0,710,29,MELON,4,0,0.0,0,0
90130811,1,710,29,MELON,4,0,0.0,0,0
90130811,0,710,29,MILK,11,0,0.0,0,0
90130811,1,710,29,MILK,11,0,0.0,0,0
90130811,0,711,29,MELON,1,0,0.0,0,0
90130811,1,711,29,MELON,1,0,0.0,0,0
90130811,0,712,29,MILK,15,0,0.0,0,0
90130811,1,712,29,MILK,15,0,0.0,0,0
90130811,0,712,29,WOOL,20,0,0.0,0,0
90130811,1,712,29,WOOL,20,0,0.0,0,0
90130811,0,713,29,MELON,10,0,0.0,0,0
90130811,1,713,29,MELON,10,0,0.0,0,0
90130811,0,713,29,STRAWBERRY,9,0,0.0,0,0
90130811,1,713,29,STRAWBERRY,9,0,0.0,0,0
90130811,0,713,29,MILK,4,0,0.0,0,0
90130811,1,713,29,MILK,4,0,0.0,0,0
90130811,0,714,29,MELON,4,0,0.0,0,0
90130811,1,714,29,MELON,4,0,0.0,0,0
90130811,0,715,29,MILK,4,0,0.0,0,0
90130811,1,715,29,MILK,4,0,0.0,0,0
90130811,0,715,29,WOOL,12,0,0.0,0,0
90130811,1,715,29,WOOL,12,0,0.0,0,0
90130811,0,716,29,STRAWBERRY,4,0,0.0,0,0
90130811,0,716,29,MILK,4,0,0.0,0,0
90130811,1,717,29,STRAWBERRY,3,0,0.0,0,0
90130811,1,717,29,MILK,3,0,0.0,0,0
90131482,0,76,3,MELON,6,0,0.0,0,0
90131482,1,76,3,MELON,6,0,0.0,0,0
90131482,0,77,3,MELON,5,0,0.0,0,0
90131482,1,77,3,MELON,5,0,0.0,0,0
90131482,0,98,4,MELON,4,0,0.0,0,0
90131482,1,98,4,MELON,4,0,0.0,0,0
90131482,0,158,6,WOOL,6,0,0.0,0,0
90131482,1,158,6,WOOL,6,0,0.0,0,0
90131482,0,195,8,MILK,8,0,0.0,0,0
90131482,1,195,8,MILK,8,0,0.0,0,0
90131482,0,198,8,MILK,12,0,0.0,0,0
90131482,1,198,8,MILK,12,0,0.0,0,0
90131482,0,229,9,WOOL,4,0,0.0,0,0
90131482,1,229,9,WOOL,4,0,0.0,0,0
90131482,0,256,10,MELON,6,0,0.0,0,0
90131482,1,256,10,MELON,6,0,0.0,0,0
90131482,0,257,10,MELON,6,0,0.0,0,0
90131482,1,257,10,MELON,6,0,0.0,0,0
90131482,0,259,10,MELON,16,0,0.0,0,0
90131482,1,259,10,MELON,16,0,0.0,0,0
90131482,0,262,10,MELON,11,0,0.0,0,0
90131482,1,262,10,MELON,11,0,0.0,0,0
90131482,0,264,11,MELON,27,18,4178.0,232.111111,0
90131482,1,264,11,MELON,27,18,4178.0,232.111111,0
90131482,0,269,11,STRAWBERRY,4,0,0.0,0,0
90131482,1,269,11,STRAWBERRY,4,0,0.0,0,0
90131482,0,280,11,WOOL,6,0,0.0,0,0
90131482,1,280,11,WOOL,6,0,0.0,0,0
90131482,1,290,12,MILK,9,9,1685.0,187.222222,0
90131482,0,292,12,STRAWBERRY,6,0,0.0,0,0
90131482,1,292,12,STRAWBERRY,6,0,0.0,0,0
90131482,0,292,12,MILK,9,9,1500.0,166.666667,0
90131482,1,292,12,MILK,9,0,0.0,0,0
90131482,0,294,12,MILK,12,0,0.0,0,0
90131482,1,294,12,MILK,12,0,0.0,0,0
90131482,0,295,12,MILK,20,0,0.0,0,0
90131482,1,295,12,MILK,20,0,0.0,0,0
90131482,0,301,12,MILK,9,0,0.0,0,0
90131482,1,301,12,MILK,9,0,0.0,0,0
90131482,0,302,12,MILK,6,0,0.0,0,0
90131482,1,302,12,MILK,6,0,0.0,0,0
90131482,0,306,12,MELON,12,0,0.0,0,0
90131482,1,306,12,MELON,12,0,0.0,0,0
90131482,0,308,12,MILK,2,0,0.0,0,0
90131482,1,308,12,MILK,2,0,0.0,0,0
90131482,0,309,12,WOOL,5,0,0.0,0,0
90131482,1,309,12,WOOL,5,0,0.0,0,0
90131482,1,321,13,MILK,3,3,537.0,179.0,0
90131482,1,322,13,MILK,1,1,175.0,175.0,0
90131482,0,323,13,MILK,3,3,501.0,167.0,0
90131482,1,323,13,MILK,3,0,0.0,0,0
90131482,0,324,13,MILK,1,1,158.0,158.0,0
90131482,1,324,13,MILK,1,0,0.0,0,0
90131482,0,325,13,MILK,3,0,0.0,0,0
90131482,1,325,13,MILK,3,0,0.0,0,0
90131482,1,339,14,MILK,3,3,524.0,174.666667,0
90131482,0,341,14,MILK,3,3,516.0,172.0,0
90131482,1,341,14,MILK,3,0,0.0,0,0
90131482,0,343,14,MILK,3,0,0.0,0,0
90131482,1,343,14,MILK,3,0,0.0,0,0
90131482,0,344,14,MILK,4,0,0.0,0,0
90131482,1,344,14,MILK,4,0,0.0,0,0
90131482,0,347,14,MILK,3,0,0.0,0,0
90131482,1,347,14,MILK,3,0,0.0,0,0
90131482,0,348,14,MILK,4,0,0.0,0,0
90131482,1,348,14,MILK,4,0,0.0,0,0
90131482,0,348,14,WOOL,7,5,975.0,195.0,0
90131482,1,348,14,WOOL,7,5,995.0,199.0,0
90131482,0,353,14,WOOL,6,0,0.0,0,0
90131482,1,353,14,WOOL,6,0,0.0,0,0
90131482,0,354,14,WOOL,6,0,0.0,0,0
90131482,1,354,14,WOOL,6,0,0.0,0,0
90131482,0,358,14,WOOL,7,0,0.0,0,0
90131482,1,358,14,WOOL,7,0,0.0,0,0
90131482,0,359,14,MELON,6,6,1276.0,212.666667,0
90131482,1,359,14,MELON,6,6,1276.0,212.666667,0
90131482,0,359,14,STRAWBERRY,4,0,0.0,0,0
90131482,1,359,14,STRAWBERRY,4,0,0.0,0,0
90131482,0,360,15,MELON,7,6,1149.0,191.5,0
90131482,1,360,15,MELON,7,6,1202.0,200.333333,0
90131482,0,362,15,MELON,7,0,0.0,0,0
90131482,1,362,15,MELON,7,0,0.0,0,0
90131482,1,362,15,WOOL,4,4,319.0,79.75,0
90131482,1,363,15,MILK,9,9,1698.0,188.666667,0
90131482,0,364,15,WOOL,4,4,231.0,57.75,0
90131482,1,364,15,WOOL,4,0,0.0,0,0
90131482,0,365,15,MILK,9,9,1607.0,178.555556,0
90131482,1,365,15,MILK,9,0,0.0,0,0
90131482,0,366,15,WOOL,4,0,0.0,0,0
90131482,1,366,15,WOOL,4,0,0.0,0,0
90131482,0,367,15,MILK,9,0,0.0,0,0
90131482,1,367,15,MILK,9,0,0.0,0,0
90131482,0,370,15,WOOL,9,0,0.0,0,0
90131482,1,370,15,WOOL,9,0,0.0,0,0
90131482,0,371,15,MILK,12,0,0.0,0,0
90131482,1,371,15,MILK,12,0,0.0,0,0
90131482,0,375,15,WOOL,6,0,0.0,0,0
90131482,1,375,15,WOOL,6,0,0.0,0,0
90131482,1,384,16,MILK,9,9,1685.0,187.222222,0
90131482,0,384,16,WOOL,8,4,184.0,46.0,0
90131482,1,384,16,WOOL,8,4,84.0,21.0,0
90131482,0,385,16,MILK,9,9,1625.0,180.555556,0
90131482,1,385,16,MILK,9,0,0.0,0,0
90131482,0,387,16,MILK,9,0,0.0,0,0
90131482,1,387,16,MILK,9,0,0.0,0,0
90131482,0,391,16,MILK,28,0,0.0,0,0
90131482,1,391,16,MILK,28,0,0.0,0,0
90131482,0,407,16,WOOL,4,0,0.0,0,0
90131482,1,407,16,WOOL,4,0,0.0,0,0
90131482,0,408,17,MILK,9,9,1677.0,186.333333,0
90131482,1,408,17,MILK,9,9,1677.0,186.333333,0
90131482,0,409,17,MILK,9,0,0.0,0,0
90131482,1,409,17,MILK,9,0,0.0,0,0
90131482,0,411,17,MELON,1,0,0.0,0,0
90131482,1,411,17,MELON,1,0,0.0,0,0
90131482,1,413,17,STRAWBERRY,5,5,1262.0,252.4,0
90131482,1,414,17,STRAWBERRY,3,3,753.0,251.0,0
90131482,0,415,17,STRAWBERRY,5,5,1251.0,250.2,0
90131482,1,415,17,STRAWBERRY,5,0,0.0,0,0
90131482,0,416,17,STRAWBERRY,3,3,747.0,249.0,0
90131482,1,416,17,STRAWBERRY,3,0,0.0,0,0
90131482,0,417,17,STRAWBERRY,5,0,0.0,0,0
90131482,1,417,17,STRAWBERRY,5,0,0.0,0,0
90131482,0,421,17,STRAWBERRY,5,0,0.0,0,0
90131482,1,421,17,STRAWBERRY,5,0,0.0,0,0
90131482,0,423,17,MELON,4,0,0.0,0,0
90131482,1,423,17,MELON,4,0,0.0,0,0
90131482,0,423,17,WOOL,4,0,0.0,0,0
90131482,1,423,17,WOOL,4,0,0.0,0,0
90131482,0,424,17,WOOL,3,0,0.0,0,0
90131482,1,424,17,WOOL,3,0,0.0,0,0
90131482,1,433,18,STRAWBERRY,8,8,2032.0,254.0,0
90131482,1,434,18,MILK,3,3,612.0,204.0,0
90131482,0,435,18,STRAWBERRY,8,8,2015.0,251.875,0
90131482,1,435,18,STRAWBERRY,8,0,0.0,0,0
90131482,1,435,18,MILK,9,9,1791.0,199.0,0
90131482,0,436,18,MILK,3,3,578.0,192.666667,0
90131482,1,436,18,MILK,3,0,0.0,0,0
90131482,0,437,18,STRAWBERRY,8,0,0.0,0,0
90131482,1,437,18,STRAWBERRY,8,0,0.0,0,0
90131482,0,437,18,MILK,8,8,1515.0,189.375,0
90131482,1,437,18,MILK,8,0,0.0,0,0
90131482,0,438,18,MILK,3,1,183.0,183.0,0
90131482,1,438,18,MILK,3,0,0.0,0,0
90131482,0,439,18,MILK,5,0,0.0,0,0
90131482,1,439,18,MILK,5,0,0.0,0,0
90131482,0,440,18,MILK,4,0,0.0,0,0
90131482,1,440,18,MILK,4,0,0.0,0,0
90131482,0,441,18,STRAWBERRY,17,0,0.0,0,0
90131482,1,441,18,STRAWBERRY,17,0,0.0,0,0
90131482,1,441,18,WOOL,2,2,16.0,8.0,0
90131482,0,442,18,MILK,3,0,0.0,0,0
90131482,1,442,18,MILK,3,0,0.0,0,0
90131482,1,442,18,WOOL,4,4,4.0,1.0,4
90131482,0,443,18,MILK,5,0,0.0,0,0
90131482,1,443,18,MILK,5,0,0.0,0,0
90131482,0,443,18,WOOL,2,2,2.0,1.0,2
90131482,1,443,18,WOOL,6,6,6.0,1.0,6
90131482,0,444,18,MILK,20,0,0.0,0,0
90131482,1,444,18,MILK,20,0,0.0,0,0
90131482,0,444,18,WOOL,2,2,2.0,1.0,2
90131482,1,444,18,WOOL,2,1,1.0,1.0,1
90131482,0,445,18,STRAWBERRY,20,0,0.0,0,0
90131482,1,445,18,STRAWBERRY,20,0,0.0,0,0
90131482,0,445,18,WOOL,2,2,16.0,8.0,0
90131482,1,445,18,WOOL,2,0,0.0,0,0
90131482,0,447,18,WOOL,2,2,2.0,1.0,2
90131482,1,447,18,WOOL,2,0,0.0,0,0
90131482,0,448,18,WOOL,2,2,2.0,1.0,2
90131482,1,448,18,WOOL,2,0,0.0,0,0
90131482,0,449,18,WOOL,2,2,2.0,1.0,2
90131482,1,449,18,WOOL,2,0,0.0,0,0
90131482,0,450,18,STRAWBERRY,1,0,0.0,0,0
90131482,1,450,18,STRAWBERRY,1,0,0.0,0,0
90131482,0,450,18,MILK,6,0,0.0,0,0
90131482,1,450,18,MILK,6,0,0.0,0,0
90131482,1,453,18,WOOL,4,4,4.0,1.0,4
90131482,0,455,18,WOOL,4,4,4.0,1.0,4
90131482,1,455,18,WOOL,4,0,0.0,0,0
90131482,0,456,19,WOOL,1,1,1.0,1.0,1
90131482,1,456,19,WOOL,1,0,0.0,0,0
90131482,0,457,19,WOOL,4,0,0.0,0,0
90131482,1,457,19,WOOL,4,0,0.0,0,0
90131482,1,461,19,STRAWBERRY,1,1,259.0,259.0,0
90131482,0,461,19,WOOL,4,0,0.0,0,0
90131482,1,461,19,WOOL,4,0,0.0,0,0
90131482,1,462,19,STRAWBERRY,2,2,516.0,258.0,0
90131482,0,463,19,STRAWBERRY,1,1,258.0,258.0,0
90131482,1,463,19,STRAWBERRY,12,12,3073.0,256.083333,0
90131482,0,464,19,STRAWBERRY,1,1,254.0,254.0,0
90131482,1,464,19,STRAWBERRY,1,0,0.0,0,0
90131482,0,465,19,STRAWBERRY,11,11,2793.0,253.909091,0
90131482,1,465,19,STRAWBERRY,11,0,0.0,0,0
90131482,0,466,19,STRAWBERRY,2,2,504.0,252.0,0
90131482,1,466,19,STRAWBERRY,2,0,0.0,0,0
90131482,0,466,19,WOOL,4,0,0.0,0,0
90131482,1,466,19,WOOL,4,0,0.0,0,0
90131482,0,467,19,STRAWBERRY,10,0,0.0,0,0
90131482,1,467,19,STRAWBERRY,10,0,0.0,0,0
90131482,1,467,19,MILK,9,9,1846.0,205.111111,0
90131482,0,468,19,STRAWBERRY,1,0,0.0,0,0
90131482,1,468,19,STRAWBERRY,1,0,0.0,0,0
90131482,0,469,19,STRAWBERRY,1,0,0.0,0,0
90131482,1,469,19,STRAWBERRY,1,0,0.0,0,0
90131482,0,469,19,MILK,9,9,1815.0,201.666667,0
90131482,1,469,19,MILK,9,0,0.0,0,0
90131482,0,470,19,STRAWBERRY,2,0,0.0,0,0
90131482,1,470,19,STRAWBERRY,2,0,0.0,0,0
90131482,0,470,19,WOOL,4,0,0.0,0,0
90131482,1,470,19,WOOL,4,0,0.0,0,0
90131482,0,471,19,STRAWBERRY,10,0,0.0,0,0
90131482,1,471,19,STRAWBERRY,10,0,0.0,0,0
90131482,0,471,19,MILK,9,0,0.0,0,0
90131482,1,471,19,MILK,9,0,0.0,0,0
90131482,0,472,19,STRAWBERRY,1,0,0.0,0,0
90131482,1,472,19,STRAWBERRY,1,0,0.0,0,0
90131482,0,474,19,STRAWBERRY,9,0,0.0,0,0
90131482,1,474,19,STRAWBERRY,9,0,0.0,0,0
90131482,0,475,19,MILK,12,0,0.0,0,0
90131482,1,475,19,MILK,12,0,0.0,0,0
90131482,0,477,19,MILK,11,0,0.0,0,0
90131482,1,477,19,MILK,11,0,0.0,0,0
90131482,0,478,19,STRAWBERRY,6,0,0.0,0,0
90131482,1,478,19,STRAWBERRY,6,0,0.0,0,0
90131482,0,480,20,STRAWBERRY,12,12,2991.0,249.25,0
90131482,1,480,20,STRAWBERRY,12,12,2991.0,249.25,0
90131482,1,481,20,MILK,15,15,2844.0,189.6,0
90131482,0,482,20,STRAWBERRY,12,0,0.0,0,0
90131482,1,482,20,STRAWBERRY,12,0,0.0,0,0
90131482,0,483,20,MILK,15,15,2338.0,155.866667,0
90131482,1,483,20,MILK,15,0,0.0,0,0
90131482,0,485,20,MILK,15,0,0.0,0,0
90131482,1,485,20,MILK,15,0,0.0,0,0
90131482,0,486,20,STRAWBERRY,20,0,0.0,0,0
90131482,1,486,20,STRAWBERRY,20,0,0.0,0,0
90131482,0,488,20,STRAWBERRY,3,0,0.0,0,0
90131482,1,488,20,STRAWBERRY,3,0,0.0,0,0
90131482,0,489,20,MILK,15,0,0.0,0,0
90131482,1,489,20,MILK,15,0,0.0,0,0
90131482,0,492,20,STRAWBERRY,2,2,500.0,250.0,0
90131482,1,492,20,STRAWBERRY,2,2,500.0,250.0,0
90131482,0,493,20,STRAWBERRY,2,0,0.0,0,0
90131482,1,493,20,STRAWBERRY,2,0,0.0,0,0
90131482,0,494,20,STRAWBERRY,4,0,0.0,0,0
90131482,1,494,20,STRAWBERRY,4,0,0.0,0,0
90131482,0,497,20,STRAWBERRY,2,0,0.0,0,0
90131482,1,497,20,STRAWBERRY,2,0,0.0,0,0
90131482,0,498,20,STRAWBERRY,7,0,0.0,0,0
90131482,1,498,20,STRAWBERRY,7,0,0.0,0,0
90131482,0,499,20,STRAWBERRY,4,0,0.0,0,0
90131482,1,499,20,STRAWBERRY,4,0,0.0,0,0
90131482,0,501,20,STRAWBERRY,2,0,0.0,0,0
90131482,1,501,20,STRAWBERRY,2,0,0.0,0,0
90131482,1,502,20,MELON,2,2,427.0,213.5,0
90131482,0,504,21,MELON,2,2,422.0,211.0,0
90131482,1,504,21,MELON,2,0,0.0,0,0
90131482,0,504,21,STRAWBERRY,14,14,3435.0,245.357143,0
90131482,1,504,21,STRAWBERRY,14,14,3435.0,245.357143,0
90131482,0,505,21,STRAWBERRY,18,0,0.0,0,0
90131482,1,505,21,STRAWBERRY,18,0,0.0,0,0
90131482,0,506,21,MELON,2,0,0.0,0,0
90131482,1,506,21,MELON,2,0,0.0,0,0
90131482,0,510,21,MELON,2,0,0.0,0,0
90131482,1,510,21,MELON,2,0,0.0,0,0
90131482,1,517,21,MILK,2,2,411.0,205.5,0
90131482,1,518,21,MILK,4,4,812.0,203.0,0
90131482,0,519,21,MILK,2,2,400.0,200.0,0
90131482,1,519,21,MILK,3,3,597.0,199.0,0
90131482,0,520,21,MILK,2,2,391.0,195.5,0
90131482,1,520,21,MILK,2,0,0.0,0,0
90131482,0,521,21,MILK,2,2,393.0,196.5,0
90131482,1,521,21,MILK,2,0,0.0,0,0
90131482,0,523,21,MILK,2,2,389.0,194.5,0
90131482,1,523,21,MILK,2,0,0.0,0,0
90131482,0,524,21,MILK,1,1,193.0,193.0,0
90131482,1,524,21,MILK,1,0,0.0,0,0
90131482,0,525,21,MILK,2,0,0.0,0,0
90131482,1,525,21,MILK,2,0,0.0,0,0
90131482,0,526,21,STRAWBERRY,3,0,0.0,0,0
90131482,1,526,21,STRAWBERRY,3,0,0.0,0,0
90131482,0,527,21,MELON,10,0,0.0,0,0
90131482,1,527,21,MELON,10,0,0.0,0,0
90131482,0,527,21,STRAWBERRY,2,0,0.0,0,0
90131482,1,527,21,STRAWBERRY,2,0,0.0,0,0
90131482,0,528,22,STRAWBERRY,14,14,3435.0,245.357143,0
90131482,1,528,22,STRAWBERRY,14,14,3435.0,245.357143,0
90131482,0,531,22,STRAWBERRY,14,0,0.0,0,0
90131482,1,531,22,STRAWBERRY,14,0,0.0,0,0
90131482,1,533,22,MILK,12,12,2343.0,195.25,0
90131482,1,534,22,WOOL,24,24,3439.0,143.291667,0
90131482,0,535,22,MILK,12,12,2112.0,176.0,0
90131482,1,535,22,MILK,12,0,0.0,0,0
90131482,0,536,22,WOOL,24,24,820.0,34.166667,8
90131482,1,536,22,WOOL,24,0,0.0,0,0
90131482,0,537,22,MILK,19,0,0.0,0,0
90131482,1,537,22,MILK,19,0,0.0,0,0
90131482,0,538,22,WOOL,24,0,0.0,0,0
90131482,1,538,22,WOOL,24,0,0.0,0,0
90131482,0,541,22,MILK,24,0,0.0,0,0
90131482,1,541,22,MILK,24,0,0.0,0,0
90131482,0,542,22,WOOL,44,0,0.0,0,0
90131482,1,542,22,WOOL,44,0,0.0,0,0
90131482,0,543,22,STRAWBERRY,2,0,0.0,0,0
90131482,1,543,22,STRAWBERRY,2,0,0.0,0,0
90131482,0,547,22,STRAWBERRY,6,2,497.0,248.5,0
90131482,1,547,22,STRAWBERRY,6,2,497.0,248.5,0
90131482,0,548,22,STRAWBERRY,6,0,0.0,0,0
90131482,1,548,22,STRAWBERRY,6,0,0.0,0,0
90131482,0,549,22,WOOL,2,0,0.0,0,0
90131482,1,549,22,WOOL,2,0,0.0,0,0
90131482,0,550,22,WOOL,12,0,0.0,0,0
90131482,1,550,22,WOOL,12,0,0.0,0,0
90131482,0,551,22,STRAWBERRY,2,0,0.0,0,0
90131482,1,551,22,STRAWBERRY,2,0,0.0,0,0
90131482,0,552,23,WOOL,8,0,0.0,0,0
90131482,1,552,23,WOOL,8,0,0.0,0,0
90131482,1,558,23,STRAWBERRY,13,13,3172.0,244.0,0
90131482,1,559,23,MELON,6,6,1295.0,215.833333,0
90131482,0,560,23,STRAWBERRY,13,13,3123.0,240.230769,0
90131482,1,560,23,STRAWBERRY,13,0,0.0,0,0
90131482,1,560,23,MILK,4,4,806.0,201.5,0
90131482,0,561,23,MELON,6,6,1250.0,208.333333,0
90131482,1,561,23,MELON,6,0,0.0,0,0
90131482,1,561,23,MILK,4,4,802.0,200.5,0
90131482,0,562,23,STRAWBERRY,13,0,0.0,0,0
90131482,1,562,23,STRAWBERRY,13,0,0.0,0,0
90131482,0,562,23,MILK,4,4,783.0,195.75,0
90131482,1,562,23,MILK,4,1,198.0,198.0,0
90131482,0,563,23,MELON,6,0,0.0,0,0
90131482,1,563,23,MELON,6,0,0.0,0,0
90131482,0,564,23,MILK,4,4,763.0,190.75,0
90131482,1,564,23,MILK,4,0,0.0,0,0
90131482,0,565,23,MILK,1,1,196.0,196.0,0
90131482,1,565,23,MILK,1,0,0.0,0,0
90131482,0,566,23,STRAWBERRY,14,0,0.0,0,0
90131482,1,566,23,STRAWBERRY,14,0,0.0,0,0
90131482,0,566,23,MILK,4,0,0.0,0,0
90131482,1,566,23,MILK,4,0,0.0,0,0
90131482,0,566,23,WOOL,3,0,0.0,0,0
90131482,1,566,23,WOOL,3,0,0.0,0,0
90131482,0,567,23,MELON,9,0,0.0,0,0
90131482,1,567,23,MELON,9,0,0.0,0,0
90131482,0,569,23,STRAWBERRY,4,2,482.0,241.0,0
90131482,1,569,23,STRAWBERRY,4,2,483.0,241.5,0
90131482,0,569,23,MILK,1,0,0.0,0,0
90131482,1,569,23,MILK,1,0,0.0,0,0
90131482,1,570,23,MILK,2,2,391.0,195.5,0
90131482,0,571,23,MILK,2,2,387.0,193.5,0
90131482,1,571,23,MILK,2,0,0.0,0,0
90131482,0,573,23,STRAWBERRY,6,0,0.0,0,0
90131482,1,573,23,STRAWBERRY,6,0,0.0,0,0
90131482,0,573,23,MILK,12,0,0.0,0,0
90131482,1,573,23,MILK,12,0,0.0,0,0
90131482,0,576,24,MELON,6,6,1213.0,202.166667,0
90131482,1,576,24,MELON,6,6,1213.0,202.166667,0
90131482,0,576,24,STRAWBERRY,29,29,6653.0,229.413793,0
90131482,1,576,24,STRAWBERRY,29,29,6653.0,229.413793,0
90131482,0,578,24,MELON,8,0,0.0,0,0
90131482,1,578,24,MELON,8,0,0.0,0,0
90131482,0,578,24,STRAWBERRY,35,0,0.0,0,0
90131482,1,578,24,STRAWBERRY,35,0,0.0,0,0
90131482,0,582,24,MELON,7,0,0.0,0,0
90131482,1,582,24,MELON,7,0,0.0,0,0
90131482,0,589,24,STRAWBERRY,2,2,455.0,227.5,0
90131482,1,589,24,STRAWBERRY,2,2,455.0,227.5,0
90131482,0,594,24,STRAWBERRY,4,0,0.0,0,0
90131482,1,594,24,STRAWBERRY,4,0,0.0,0,0
90131482,0,595,24,STRAWBERRY,4,0,0.0,0,0
90131482,1,595,24,STRAWBERRY,4,0,0.0,0,0
90131482,0,597,24,STRAWBERRY,4,4,904.0,226.0,0
90131482,1,597,24,STRAWBERRY,4,4,904.0,226.0,0
90131482,0,599,24,MELON,6,0,0.0,0,0
90131482,1,599,24,MELON,6,0,0.0,0,0
90131482,0,599,24,STRAWBERRY,4,0,0.0,0,0
90131482,1,599,24,STRAWBERRY,4,0,0.0,0,0
90131482,0,600,25,STRAWBERRY,21,20,4350.0,217.5,0
90131482,1,600,25,STRAWBERRY,21,20,4350.0,217.5,0
90131482,1,604,25,MILK,6,6,1316.0,219.333333,0
90131482,1,605,25,MILK,15,15,3213.0,214.2,0
90131482,0,606,25,MILK,6,6,1238.0,206.333333,0
90131482,1,606,25,MILK,6,0,0.0,0,0
90131482,0,607,25,MILK,15,15,2951.0,196.733333,0
90131482,1,607,25,MILK,15,0,0.0,0,0
90131482,0,608,25,MILK,6,0,0.0,0,0
90131482,1,608,25,MILK,6,0,0.0,0,0
90131482,0,609,25,MILK,9,0,0.0,0,0
90131482,1,609,25,MILK,9,0,0.0,0,0
90131482,1,609,25,WOOL,9,9,1770.0,196.666667,0
90131482,1,610,25,WOOL,12,12,2178.0,181.5,0
90131482,0,611,25,WOOL,9,9,1388.0,154.222222,0
90131482,1,611,25,WOOL,9,0,0.0,0,0
90131482,0,612,25,MILK,6,0,0.0,0,0
90131482,1,612,25,MILK,6,0,0.0,0,0
90131482,0,612,25,WOOL,9,9,1082.0,120.222222,0
90131482,1,612,25,WOOL,9,0,0.0,0,0
90131482,0,613,25,MILK,9,0,0.0,0,0
90131482,1,613,25,MILK,9,0,0.0,0,0
90131482,0,613,25,WOOL,9,3,362.0,120.666667,0
90131482,1,613,25,WOOL,9,0,0.0,0,0
90131482,0,617,25,STRAWBERRY,6,0,0.0,0,0
90131482,1,617,25,STRAWBERRY,6,0,0.0,0,0
90131482,0,617,25,MILK,14,0,0.0,0,0
90131482,1,617,25,MILK,14,0,0.0,0,0
90131482,0,617,25,WOOL,9,0,0.0,0,0
90131482,1,617,25,WOOL,9,0,0.0,0,0
90131482,0,619,25,STRAWBERRY,6,0,0.0,0,0
90131482,1,619,25,STRAWBERRY,6,0,0.0,0,0
90131482,0,622,25,MELON,6,0,0.0,0,0
90131482,1,622,25,MELON,6,0,0.0,0,0
90131482,0,625,26,MELON,6,6,1066.0,177.666667,0
90131482,1,625,26,MELON,6,6,1066.0,177.666667,0
90131482,0,625,26,WOOL,1,0,0.0,0,0
90131482,1,625,26,WOOL,1,0,0.0,0,0
90131482,0,627,26,WOOL,2,0,0.0,0,0
90131482,1,627,26,WOOL,2,0,0.0,0,0
90131482,1,629,26,STRAWBERRY,20,20,4274.0,213.7,0
90131482,1,630,26,MILK,15,15,3100.0,206.666667,0
90131482,0,631,26,STRAWBERRY,20,20,4116.0,205.8,0
90131482,1,631,26,STRAWBERRY,20,0,0.0,0,0
90131482,0,631,26,WOOL,12,0,0.0,0,0
90131482,1,631,26,WOOL,12,0,0.0,0,0
90131482,0,632,26,MILK,15,15,2883.0,192.2,0
90131482,1,632,26,MILK,15,0,0.0,0,0
90131482,0,633,26,STRAWBERRY,20,0,0.0,0,0
90131482,1,633,26,STRAWBERRY,20,0,0.0,0,0
90131482,0,633,26,MILK,15,0,0.0,0,0
90131482,1,633,26,MILK,15,0,0.0,0,0
90131482,0,637,26,STRAWBERRY,20,0,0.0,0,0
90131482,1,637,26,STRAWBERRY,20,0,0.0,0,0
90131482,0,637,26,MILK,30,0,0.0,0,0
90131482,1,637,26,MILK,30,0,0.0,0,0
90131482,0,649,27,MELON,6,6,1024.0,170.666667,0
90131482,1,649,27,MELON,6,6,1024.0,170.666667,0
90131482,1,653,27,MILK,9,9,1853.0,205.888889,0
90131482,1,654,27,WOOL,1,1,197.0,197.0,0
90131482,0,655,27,MILK,9,9,1782.0,198.0,0
90131482,1,655,27,MILK,9,0,0.0,0,0
90131482,1,655,27,WOOL,2,2,391.0,195.5,0
90131482,0,656,27,WOOL,1,1,194.0,194.0,0
90131482,1,656,27,WOOL,2,2,386.0,193.0,0
90131482,0,657,27,STRAWBERRY,2,2,431.0,215.5,0
90131482,1,657,27,STRAWBERRY,4,4,859.0,214.75,0
90131482,0,657,27,MILK,9,0,0.0,0,0
90131482,1,657,27,MILK,9,0,0.0,0,0
90131482,0,657,27,WOOL,1,1,193.0,193.0,0
90131482,1,657,27,WOOL,1,1,193.0,193.0,0
90131482,1,658,27,STRAWBERRY,2,2,427.0,213.5,0
90131482,0,659,27,STRAWBERRY,2,2,425.0,212.5,0
90131482,1,659,27,STRAWBERRY,2,2,425.0,212.5,0
90131482,1,659,27,WOOL,2,2,379.0,189.5,0
90131482,1,660,27,STRAWBERRY,10,10,2094.0,209.4,0
90131482,0,660,27,WOOL,1,1,187.0,187.0,0
90131482,1,660,27,WOOL,1,1,187.0,187.0,0
90131482,0,661,27,STRAWBERRY,2,2,420.0,210.0,0
90131482,1,661,27,STRAWBERRY,5,5,1045.0,209.0,0
90131482,0,661,27,MILK,10,0,0.0,0,0
90131482,1,661,27,MILK,10,0,0.0,0,0
90131482,0,661,27,WOOL,1,1,193.0,193.0,0
90131482,1,661,27,WOOL,1,1,193.0,193.0,0
90131482,0,662,27,STRAWBERRY,8,8,1650.0,206.25,0
90131482,1,662,27,STRAWBERRY,8,0,0.0,0,0
90131482,0,663,27,STRAWBERRY,9,9,1824.0,202.666667,0
90131482,1,663,27,STRAWBERRY,9,0,0.0,0,0
90131482,0,664,27,STRAWBERRY,8,0,0.0,0,0
90131482,1,664,27,STRAWBERRY,8,0,0.0,0,0
90131482,0,665,27,STRAWBERRY,4,0,0.0,0,0
90131482,1,665,27,STRAWBERRY,4,0,0.0,0,0
90131482,0,667,27,MILK,4,0,0.0,0,0
90131482,1,667,27,MILK,4,0,0.0,0,0
90131482,0,668,27,STRAWBERRY,8,0,0.0,0,0
90131482,1,668,27,STRAWBERRY,8,0,0.0,0,0
90131482,0,669,27,STRAWBERRY,4,0,0.0,0,0
90131482,1,669,27,STRAWBERRY,4,0,0.0,0,0
90131482,0,670,27,MILK,15,0,0.0,0,0
90131482,1,670,27,MILK,15,0,0.0,0,0
90131482,0,673,28,MILK,12,12,2447.0,203.916667,0
90131482,1,673,28,MILK,15,15,3017.0,201.133333,0
90131482,0,674,28,MILK,8,3,558.0,186.0,0
90131482,1,674,28,MILK,8,0,0.0,0,0
90131482,1,677,28,STRAWBERRY,3,3,625.0,208.333333,0
90131482,1,678,28,STRAWBERRY,3,3,622.0,207.333333,0
90131482,0,678,28,MILK,8,0,0.0,0,0
90131482,1,678,28,MILK,8,0,0.0,0,0
90131482,0,679,28,STRAWBERRY,3,3,617.0,205.666667,0
90131482,1,679,28,STRAWBERRY,6,6,1228.0,204.666667,0
90131482,0,680,28,MELON,12,12,1951.0,162.583333,0
90131482,0,680,28,STRAWBERRY,12,12,2404.0,200.333333,0
90131482,0,680,28,WOOL,20,20,3833.0,191.65,0
90131482,0,681,28,STRAWBERRY,3,0,0.0,0,0
90131482,1,681,28,STRAWBERRY,3,3,596.0,198.666667,0
90131482,0,682,28,STRAWBERRY,12,0,0.0,0,0
90131482,1,682,28,STRAWBERRY,12,0,0.0,0,0
90131482,0,685,28,STRAWBERRY,3,0,0.0,0,0
90131482,1,685,28,STRAWBERRY,3,0,0.0,0,0
90131482,0,685,28,MILK,9,0,0.0,0,0
90131482,1,685,28,MILK,9,0,0.0,0,0
90131482,0,686,28,STRAWBERRY,23,0,0.0,0,0
90131482,1,686,28,STRAWBERRY,23,0,0.0,0,0
90131482,0,686,28,MILK,13,0,0.0,0,0
90131482,1,686,28,MILK,13,0,0.0,0,0
90131482,0,688,28,STRAWBERRY,3,0,0.0,0,0
90131482,1,688,28,STRAWBERRY,3,0,0.0,0,0
90131482,0,689,28,STRAWBERRY,6,0,0.0,0,0
90131482,1,689,28,STRAWBERRY,6,0,0.0,0,0
90131482,0,690,28,STRAWBERRY,14,0,0.0,0,0
90131482,1,690,28,STRAWBERRY,14,0,0.0,0,0
90131482,0,697,29,MELON,12,0,0.0,0,0
90131482,1,697,29,MELON,12,12,1859.0,154.916667,0
90131482,0,697,29,STRAWBERRY,13,13,2640.0,203.076923,0
90131482,1,697,29,STRAWBERRY,13,13,2640.0,203.076923,0
90131482,0,697,29,MILK,9,9,1860.0,206.666667,0
90131482,1,697,29,MILK,9,9,1791.0,199.0,0
90131482,0,697,29,WOOL,20,0,0.0,0,0
90131482,1,697,29,WOOL,20,14,2713.0,193.785714,0
90131482,0,698,29,MILK,9,0,0.0,0,0
90131482,1,698,29,MILK,9,0,0.0,0,0
90131482,0,699,29,WOOL,22,0,0.0,0,0
90131482,1,699,29,WOOL,22,0,0.0,0,0
90131482,0,702,29,MILK,11,0,0.0,0,0
90131482,1,702,29,MILK,11,0,0.0,0,0
90131482,0,703,29,MILK,3,0,0.0,0,0
90131482,1,703,29,MILK,3,0,0.0,0,0
90131482,0,703,29,WOOL,24,0,0.0,0,0
90131482,1,703,29,WOOL,24,0,0.0,0,0
90131482,0,707,29,MELON,1,0,0.0,0,0
90131482,1,707,29,MELON,1,0,0.0,0,0
90131482,0,709,29,MELON,8,0,0.0,0,0
90131482,1,709,29,MELON,8,0,0.0,0,0
90131482,0,709,29,WOOL,12,0,0.0,0,0
90131482,1,709,29,WOOL,12,0,0.0,0,0
90131482,0,710,29,MELON,3,0,0.0,0,0
90131482,1,710,29,MELON,3,0,0.0,0,0
90131482,0,710,29,MILK,9,0,0.0,0,0
90131482,1,710,29,MILK,9,0,0.0,0,0
90131482,0,711,29,MELON,1,0,0.0,0,0
90131482,1,711,29,MELON,1,0,0.0,0,0
90131482,0,712,29,MILK,12,0,0.0,0,0
90131482,1,712,29,MILK,12,0,0.0,0,0
90131482,0,712,29,WOOL,20,0,0.0,0,0
90131482,1,712,29,WOOL,20,0,0.0,0,0
90131482,0,713,29,MELON,8,0,0.0,0,0
90131482,1,713,29,MELON,8,0,0.0,0,0
90131482,0,713,29,STRAWBERRY,6,0,0.0,0,0
90131482,1,713,29,STRAWBERRY,6,0,0.0,0,0
90131482,0,713,29,MILK,3,0,0.0,0,0
90131482,1,713,29,MILK,3,0,0.0,0,0
90131482,0,714,29,MELON,3,0,0.0,0,0
90131482,1,714,29,MELON,3,0,0.0,0,0
90131482,0,715,29,MILK,3,0,0.0,0,0
90131482,1,715,29,MILK,3,0,0.0,0,0
90131482,0,715,29,WOOL,12,0,0.0,0,0
90131482,1,715,29,WOOL,12,0,0.0,0,0
90131482,0,716,29,STRAWBERRY,3,0,0.0,0,0
90131482,1,716,29,STRAWBERRY,3,0,0.0,0,0
90131482,0,716,29,MILK,3,0,0.0,0,0
90131482,1,716,29,MILK,3,0,0.0,0,0
90132097,0,76,3,MELON,6,0,0.0,0,0
90132097,1,76,3,MELON,8,0,0.0,0,0
90132097,0,77,3,MELON,5,0,0.0,0,0
90132097,1,77,3,MELON,6,0,0.0,0,0
90132097,0,98,4,MELON,4,0,0.0,0,0
90132097,1,98,4,MELON,5,0,0.0,0,0
90132097,0,158,6,WOOL,6,0,0.0,0,0
90132097,1,158,6,WOOL,6,0,0.0,0,0
90132097,0,195,8,MILK,8,0,0.0,0,0
90132097,1,195,8,MILK,10,0,0.0,0,0
90132097,0,198,8,MILK,12,0,0.0,0,0
90132097,1,198,8,MILK,15,0,0.0,0,0
90132097,0,229,9,WOOL,4,0,0.0,0,0
90132097,1,229,9,WOOL,4,0,0.0,0,0
90132097,0,256,10,MELON,6,0,0.0,0,0
90132097,1,256,10,MELON,8,0,0.0,0,0
90132097,0,257,10,MELON,6,0,0.0,0,0
90132097,1,257,10,MELON,8,0,0.0,0,0
90132097,0,259,10,MELON,16,0,0.0,0,0
90132097,1,259,10,MELON,20,0,0.0,0,0
90132097,0,262,10,MELON,11,0,0.0,0,0
90132097,1,262,10,MELON,14,0,0.0,0,0
90132097,0,264,11,MELON,27,18,4178.0,232.111111,0
90132097,1,264,11,MELON,34,18,4178.0,232.111111,0
90132097,0,269,11,STRAWBERRY,4,0,0.0,0,0
90132097,1,269,11,STRAWBERRY,6,0,0.0,0,0
90132097,0,274,11,MILK,2,2,356.0,178.0,0
90132097,0,278,11,MILK,2,2,360.0,180.0,0
90132097,0,279,11,MILK,5,5,853.0,170.6,0
90132097,0,280,11,WOOL,6,0,0.0,0,0
90132097,1,280,11,WOOL,6,0,0.0,0,0
90132097,0,292,12,STRAWBERRY,6,0,0.0,0,0
90132097,1,292,12,STRAWBERRY,9,0,0.0,0,0
90132097,0,292,12,MILK,9,0,0.0,0,0
90132097,1,292,12,MILK,11,9,1500.0,166.666667,0
90132097,0,294,12,MILK,12,0,0.0,0,0
90132097,1,294,12,MILK,15,0,0.0,0,0
90132097,0,295,12,MILK,20,0,0.0,0,0
90132097,1,295,12,MILK,25,0,0.0,0,0
90132097,0,301,12,MILK,9,0,0.0,0,0
90132097,1,301,12,MILK,11,0,0.0,0,0
90132097,0,302,12,MILK,6,0,0.0,0,0
90132097,1,302,12,MILK,8,0,0.0,0,0
90132097,0,306,12,MELON,12,0,0.0,0,0
90132097,1,306,12,MELON,15,0,0.0,0,0
90132097,0,308,12,MILK,2,0,0.0,0,0
90132097,1,308,12,MILK,2,0,0.0,0,0
90132097,0,309,12,WOOL,5,0,0.0,0,0
90132097,1,309,12,WOOL,5,0,0.0,0,0
90132097,0,318,13,MILK,3,3,524.0,174.666667,0
90132097,0,319,13,MILK,1,1,169.0,169.0,0
90132097,0,323,13,MILK,3,0,0.0,0,0
90132097,1,323,13,MILK,4,4,659.0,164.75,0
90132097,0,324,13,MILK,1,0,0.0,0,0
90132097,1,324,13,MILK,1,0,0.0,0,0
90132097,0,325,13,MILK,3,0,0.0,0,0
90132097,1,325,13,MILK,4,0,0.0,0,0
90132097,0,338,14,MILK,3,3,516.0,172.0,0
90132097,1,341,14,MILK,4,2,341.0,170.5,0
90132097,1,343,14,MILK,4,0,0.0,0,0
90132097,1,344,14,MILK,5,0,0.0,0,0
90132097,0,345,14,MILK,3,0,0.0,0,0
90132097,0,347,14,MILK,3,0,0.0,0,0
90132097,1,347,14,MILK,4,0,0.0,0,0
90132097,0,348,14,MILK,4,0,0.0,0,0
90132097,1,348,14,MILK,5,0,0.0,0,0
90132097,0,348,14,WOOL,17,6,1192.0,198.666667,0
90132097,1,348,14,WOOL,7,5,970.0,194.0,0
90132097,0,353,14,WOOL,6,0,0.0,0,0
90132097,1,353,14,WOOL,6,0,0.0,0,0
90132097,0,354,14,MILK,6,6,1080.0,180.0,0
90132097,0,354,14,WOOL,6,0,0.0,0,0
90132097,1,354,14,WOOL,6,0,0.0,0,0
90132097,0,358,14,WOOL,7,0,0.0,0,0
90132097,1,358,14,WOOL,7,0,0.0,0,0
90132097,0,359,14,MELON,11,6,1275.0,212.5,0
90132097,1,359,14,MELON,7,6,1276.0,212.666667,0
90132097,0,359,14,STRAWBERRY,4,0,0.0,0,0
90132097,1,359,14,STRAWBERRY,6,0,0.0,0,0
90132097,0,360,15,MELON,13,6,1179.0,196.5,0
90132097,1,360,15,MELON,9,6,1179.0,196.5,0
90132097,0,362,15,MELON,7,0,0.0,0,0
90132097,1,362,15,MELON,9,0,0.0,0,0
90132097,0,363,15,WOOL,4,4,297.0,74.25,0
90132097,0,364,15,STRAWBERRY,2,2,448.0,224.0,0
90132097,0,364,15,MILK,3,3,549.0,183.0,0
90132097,1,364,15,WOOL,4,4,208.0,52.0,0
90132097,1,365,15,MILK,11,9,1554.0,172.666667,0
90132097,1,366,15,WOOL,4,0,0.0,0,0
90132097,1,367,15,MILK,11,0,0.0,0,0
90132097,0,368,15,WOOL,4,0,0.0,0,0
90132097,0,369,15,MILK,9,0,0.0,0,0
90132097,0,370,15,WOOL,9,0,0.0,0,0
90132097,1,370,15,WOOL,9,0,0.0,0,0
90132097,0,371,15,STRAWBERRY,2,2,450.0,225.0,0
90132097,0,371,15,MILK,12,0,0.0,0,0
90132097,1,371,15,MILK,15,0,0.0,0,0
90132097,0,375,15,WOOL,6,0,0.0,0,0
90132097,1,375,15,WOOL,6,0,0.0,0,0
90132097,0,384,16,MILK,9,9,1581.0,175.666667,0
90132097,0,384,16,WOOL,8,4,121.0,30.25,0
90132097,1,384,16,WOOL,8,4,121.0,30.25,0
90132097,1,385,16,MILK,11,9,1446.0,160.666667,0
90132097,1,387,16,MILK,11,0,0.0,0,0
90132097,0,389,16,MILK,9,0,0.0,0,0
90132097,0,391,16,MILK,28,0,0.0,0,0
90132097,1,391,16,MILK,35,0,0.0,0,0
90132097,0,407,16,WOOL,4,0,0.0,0,0
90132097,1,407,16,WOOL,4,0,0.0,0,0
90132097,0,408,17,MILK,18,9,1395.0,155.0,0
90132097,1,408,17,MILK,11,9,1449.0,161.0,0
90132097,0,409,17,MILK,9,0,0.0,0,0
90132097,1,409,17,MILK,11,0,0.0,0,0
90132097,0,411,17,MELON,1,0,0.0,0,0
90132097,1,411,17,MELON,1,0,0.0,0,0
90132097,0,412,17,STRAWBERRY,4,4,945.0,236.25,0
90132097,1,415,17,STRAWBERRY,8,8,1882.0,235.25,0
90132097,1,416,17,STRAWBERRY,4,0,0.0,0,0
90132097,1,417,17,STRAWBERRY,8,0,0.0,0,0
90132097,0,419,17,STRAWBERRY,6,0,0.0,0,0
90132097,0,420,17,STRAWBERRY,2,0,0.0,0,0
90132097,0,421,17,STRAWBERRY,5,0,0.0,0,0
90132097,1,421,17,STRAWBERRY,8,0,0.0,0,0
90132097,0,423,17,MELON,4,0,0.0,0,0
90132097,1,423,17,MELON,5,0,0.0,0,0
90132097,0,423,17,WOOL,4,0,0.0,0,0
90132097,1,423,17,WOOL,4,0,0.0,0,0
90132097,0,424,17,WOOL,3,0,0.0,0,0
90132097,1,424,17,WOOL,3,0,0.0,0,0
90132097,0,428,17,MILK,1,1,172.0,172.0,0
90132097,0,434,18,STRAWBERRY,8,8,1909.0,238.625,0
90132097,0,434,18,WOOL,8,8,62.0,7.75,4
90132097,1,435,18,STRAWBERRY,12,8,1889.0,236.125,0
90132097,0,435,18,MILK,4,4,720.0,180.0,0
90132097,0,436,18,MILK,7,7,1096.0,156.571429,0
90132097,1,436,18,MILK,4,4,656.0,164.0,0
90132097,1,437,18,STRAWBERRY,12,0,0.0,0,0
90132097,1,437,18,MILK,10,8,1120.0,140.0,0
90132097,1,438,18,MILK,4,0,0.0,0,0
90132097,0,438,18,WOOL,2,2,16.0,8.0,0
90132097,0,439,18,STRAWBERRY,8,0,0.0,0,0
90132097,1,439,18,MILK,6,0,0.0,0,0
90132097,0,440,18,MILK,4,0,0.0,0,0
90132097,1,440,18,MILK,5,0,0.0,0,0
90132097,0,440,18,WOOL,3,3,3.0,1.0,3
90132097,0,441,18,STRAWBERRY,17,0,0.0,0,0
90132097,1,441,18,STRAWBERRY,26,0,0.0,0,0
90132097,0,441,18,MILK,8,0,0.0,0,0
90132097,0,442,18,MELON,2,2,386.0,193.0,0
90132097,0,442,18,MILK,3,0,0.0,0,0
90132097,1,442,18,MILK,4,0,0.0,0,0
90132097,0,443,18,MILK,5,0,0.0,0,0
90132097,1,443,18,MILK,6,0,0.0,0,0
90132097,1,443,18,WOOL,2,2,16.0,8.0,0
90132097,0,444,18,MILK,20,0,0.0,0,0
90132097,1,444,18,MILK,25,0,0.0,0,0
90132097,1,444,18,WOOL,2,2,2.0,1.0,2
90132097,0,445,18,STRAWBERRY,20,0,0.0,0,0
90132097,1,445,18,STRAWBERRY,30,0,0.0,0,0
90132097,1,445,18,WOOL,2,2,42.0,21.0,0
90132097,0,447,18,WOOL,3,0,0.0,0,0
90132097,1,447,18,WOOL,2,2,16.0,8.0,0
90132097,0,448,18,WOOL,3,0,0.0,0,0
90132097,1,448,18,WOOL,2,2,2.0,1.0,2
90132097,0,449,18,WOOL,2,0,0.0,0,0
90132097,1,449,18,WOOL,2,2,16.0,8.0,0
90132097,0,450,18,STRAWBERRY,1,0,0.0,0,0
90132097,1,450,18,STRAWBERRY,2,0,0.0,0,0
90132097,0,450,18,MILK,6,0,0.0,0,0
90132097,1,450,18,MILK,8,0,0.0,0,0
90132097,0,454,18,WOOL,4,4,18.0,4.5,2
90132097,1,455,18,WOOL,4,4,4.0,1.0,4
90132097,1,456,19,WOOL,1,1,1.0,1.0,1
90132097,1,457,19,WOOL,4,0,0.0,0,0
90132097,0,459,19,WOOL,5,0,0.0,0,0
90132097,0,460,19,WOOL,4,0,0.0,0,0
90132097,0,461,19,WOOL,4,0,0.0,0,0
90132097,1,461,19,WOOL,4,0,0.0,0,0
90132097,0,462,19,STRAWBERRY,9,9,2162.0,240.222222,0
90132097,0,463,19,STRAWBERRY,2,2,477.0,238.5,0
90132097,1,463,19,STRAWBERRY,2,2,477.0,238.5,0
90132097,0,464,19,STRAWBERRY,2,2,474.0,237.0,0
90132097,1,464,19,STRAWBERRY,2,2,475.0,237.5,0
90132097,0,464,19,MILK,1,1,172.0,172.0,0
90132097,0,465,19,STRAWBERRY,2,2,473.0,236.5,0
90132097,1,465,19,STRAWBERRY,17,10,2354.0,235.4,0
90132097,1,466,19,STRAWBERRY,3,0,0.0,0,0
90132097,0,466,19,MILK,4,4,676.0,169.0,0
90132097,1,466,19,WOOL,4,0,0.0,0,0
90132097,0,467,19,STRAWBERRY,2,0,0.0,0,0
90132097,1,467,19,STRAWBERRY,15,0,0.0,0,0
90132097,0,467,19,MILK,1,1,158.0,158.0,0
90132097,0,468,19,STRAWBERRY,2,0,0.0,0,0
90132097,1,468,19,STRAWBERRY,2,0,0.0,0,0
90132097,0,468,19,MILK,6,3,462.0,154.0,0
90132097,0,469,19,STRAWBERRY,11,0,0.0,0,0
90132097,1,469,19,STRAWBERRY,2,0,0.0,0,0
90132097,1,469,19,MILK,11,9,1346.0,149.555556,0
90132097,1,470,19,STRAWBERRY,3,0,0.0,0,0
90132097,0,470,19,WOOL,4,0,0.0,0,0
90132097,1,470,19,WOOL,4,0,0.0,0,0
90132097,0,471,19,STRAWBERRY,10,0,0.0,0,0
90132097,1,471,19,STRAWBERRY,15,0,0.0,0,0
90132097,1,471,19,MILK,11,0,0.0,0,0
90132097,0,472,19,STRAWBERRY,1,0,0.0,0,0
90132097,1,472,19,STRAWBERRY,2,0,0.0,0,0
90132097,0,473,19,MILK,9,0,0.0,0,0
90132097,0,474,19,STRAWBERRY,9,0,0.0,0,0
90132097,1,474,19,STRAWBERRY,14,0,0.0,0,0
90132097,0,475,19,MILK,12,0,0.0,0,0
90132097,1,475,19,MILK,15,0,0.0,0,0
90132097,0,477,19,MILK,11,0,0.0,0,0
90132097,1,477,19,MILK,14,0,0.0,0,0
90132097,0,478,19,STRAWBERRY,6,0,0.0,0,0
90132097,1,478,19,STRAWBERRY,9,0,0.0,0,0
90132097,0,480,20,STRAWBERRY,12,12,2734.0,227.833333,0
90132097,1,480,20,STRAWBERRY,18,12,2778.0,231.5,0
90132097,1,480,20,MILK,15,15,1613.0,107.533333,0
90132097,1,482,20,STRAWBERRY,18,0,0.0,0,0
90132097,0,482,20,MILK,15,15,1329.0,88.6,0
90132097,1,483,20,MILK,19,0,0.0,0,0
90132097,0,484,20,STRAWBERRY,12,0,0.0,0,0
90132097,1,485,20,MILK,19,0,0.0,0,0
90132097,0,486,20,STRAWBERRY,20,0,0.0,0,0
90132097,1,486,20,STRAWBERRY,30,0,0.0,0,0
90132097,0,487,20,MILK,15,0,0.0,0,0
90132097,0,488,20,STRAWBERRY,3,0,0.0,0,0
90132097,1,488,20,STRAWBERRY,4,0,0.0,0,0
90132097,0,489,20,MILK,15,0,0.0,0,0
90132097,1,489,20,MILK,19,0,0.0,0,0
90132097,0,492,20,STRAWBERRY,6,2,459.0,229.5,0
90132097,1,492,20,STRAWBERRY,3,2,459.0,229.5,0
90132097,0,492,20,WOOL,4,4,524.0,131.0,0
90132097,1,493,20,STRAWBERRY,3,0,0.0,0,0
90132097,1,494,20,MELON,1,1,210.0,210.0,0
90132097,0,494,20,STRAWBERRY,4,0,0.0,0,0
90132097,1,494,20,STRAWBERRY,6,0,0.0,0,0
90132097,0,497,20,STRAWBERRY,2,0,0.0,0,0
90132097,1,497,20,STRAWBERRY,3,0,0.0,0,0
90132097,0,498,20,STRAWBERRY,7,0,0.0,0,0
90132097,1,498,20,STRAWBERRY,10,0,0.0,0,0
90132097,0,499,20,STRAWBERRY,4,0,0.0,0,0
90132097,1,499,20,STRAWBERRY,6,0,0.0,0,0
90132097,0,501,20,STRAWBERRY,2,0,0.0,0,0
90132097,1,501,20,STRAWBERRY,3,0,0.0,0,0
90132097,1,504,21,MELON,2,0,0.0,0,0
90132097,0,504,21,STRAWBERRY,28,14,3125.0,223.214286,0
90132097,1,504,21,STRAWBERRY,21,14,3125.0,223.214286,0
90132097,0,505,21,STRAWBERRY,18,0,0.0,0,0
90132097,1,505,21,STRAWBERRY,27,0,0.0,0,0
90132097,1,506,21,MELON,2,0,0.0,0,0
90132097,0,508,21,MELON,2,0,0.0,0,0
90132097,1,509,21,MILK,2,2,242.0,121.0,0
90132097,0,510,21,MELON,2,0,0.0,0,0
90132097,1,510,21,MELON,2,0,0.0,0,0
90132097,1,510,21,MILK,2,2,234.0,117.0,0
90132097,1,511,21,MILK,2,2,226.0,113.0,0
90132097,0,511,21,WOOL,3,3,530.0,176.666667,0
90132097,1,512,21,MILK,2,2,218.0,109.0,0
90132097,1,513,21,MILK,1,1,112.0,112.0,0
90132097,0,514,21,WOOL,2,2,351.0,175.5,0
90132097,0,515,21,WOOL,8,8,1296.0,162.0,0
90132097,0,516,21,MILK,2,2,218.0,109.0,0
90132097,0,518,21,MILK,3,3,354.0,118.0,0
90132097,0,519,21,MILK,3,3,336.0,112.0,0
90132097,1,519,21,MILK,2,0,0.0,0,0
90132097,0,520,21,MILK,1,1,108.0,108.0,0
90132097,1,520,21,MILK,2,0,0.0,0,0
90132097,1,521,21,MILK,2,0,0.0,0,0
90132097,0,523,21,MILK,3,0,0.0,0,0
90132097,1,523,21,MILK,2,0,0.0,0,0
90132097,0,524,21,MILK,3,0,0.0,0,0
90132097,1,524,21,MILK,1,0,0.0,0,0
90132097,0,525,21,MILK,2,0,0.0,0,0
90132097,1,525,21,MILK,2,0,0.0,0,0
90132097,0,526,21,STRAWBERRY,3,0,0.0,0,0
90132097,1,526,21,STRAWBERRY,4,0,0.0,0,0
90132097,1,526,21,MILK,1,1,110.0,110.0,0
90132097,1,526,21,WOOL,24,24,3353.0,139.708333,0
90132097,0,527,21,MELON,10,0,0.0,0,0
90132097,1,527,21,MELON,12,0,0.0,0,0
90132097,0,527,21,STRAWBERRY,2,0,0.0,0,0
90132097,1,527,21,STRAWBERRY,3,0,0.0,0,0
90132097,0,528,22,STRAWBERRY,13,13,2843.0,218.692308,0
90132097,1,528,22,STRAWBERRY,21,14,3128.0,223.428571,0
90132097,1,528,22,MILK,11,11,1068.0,97.090909,0
90132097,0,529,22,STRAWBERRY,14,0,0.0,0,0
90132097,0,531,22,STRAWBERRY,14,0,0.0,0,0
90132097,1,531,22,STRAWBERRY,21,0,0.0,0,0
90132097,0,534,22,MILK,12,12,1126.0,93.833333,0
90132097,1,535,22,MILK,15,0,0.0,0,0
90132097,0,535,22,WOOL,7,7,781.0,111.571429,0
90132097,1,536,22,WOOL,24,0,0.0,0,0
90132097,1,537,22,MILK,24,0,0.0,0,0
90132097,1,538,22,WOOL,24,0,0.0,0,0
90132097,0,539,22,MILK,15,0,0.0,0,0
90132097,0,540,22,WOOL,24,0,0.0,0,0
90132097,0,541,22,MILK,24,0,0.0,0,0
90132097,1,541,22,MILK,30,0,0.0,0,0
90132097,0,542,22,WOOL,44,0,0.0,0,0
90132097,1,542,22,WOOL,44,0,0.0,0,0
90132097,0,543,22,STRAWBERRY,2,0,0.0,0,0
90132097,1,543,22,STRAWBERRY,3,0,0.0,0,0
90132097,0,546,22,MELON,6,6,1266.0,211.0,0
90132097,0,547,22,STRAWBERRY,8,2,448.0,224.0,0
90132097,1,547,22,STRAWBERRY,9,2,448.0,224.0,0
90132097,0,548,22,STRAWBERRY,6,0,0.0,0,0
90132097,1,548,22,STRAWBERRY,9,0,0.0,0,0
90132097,0,549,22,WOOL,2,0,0.0,0,0
90132097,1,549,22,WOOL,2,0,0.0,0,0
90132097,0,550,22,WOOL,12,0,0.0,0,0
90132097,1,550,22,WOOL,12,0,0.0,0,0
90132097,1,551,22,MELON,6,6,1218.0,203.0,0
90132097,0,551,22,STRAWBERRY,2,0,0.0,0,0
90132097,1,551,22,STRAWBERRY,3,0,0.0,0,0
90132097,1,552,23,STRAWBERRY,12,12,2556.0,213.0,0
90132097,1,552,23,MILK,5,5,549.0,109.8,0
90132097,0,552,23,WOOL,8,0,0.0,0,0
90132097,1,552,23,WOOL,8,0,0.0,0,0
90132097,1,553,23,MILK,4,4,460.0,115.0,0
90132097,0,554,23,STRAWBERRY,2,2,426.0,213.0,0
90132097,0,555,23,STRAWBERRY,7,7,1478.0,211.142857,0
90132097,0,556,23,STRAWBERRY,3,3,628.0,209.333333,0
90132097,0,556,23,MILK,9,9,911.0,101.222222,0
90132097,0,557,23,STRAWBERRY,1,1,210.0,210.0,0
90132097,1,560,23,STRAWBERRY,20,0,0.0,0,0
90132097,1,561,23,MELON,8,0,0.0,0,0
90132097,1,562,23,STRAWBERRY,20,0,0.0,0,0
90132097,1,562,23,MILK,5,0,0.0,0,0
90132097,1,563,23,MELON,8,0,0.0,0,0
90132097,0,564,23,STRAWBERRY,14,0,0.0,0,0
90132097,1,564,23,MILK,5,0,0.0,0,0
90132097,0,565,23,MELON,6,0,0.0,0,0
90132097,1,565,23,MILK,1,0,0.0,0,0
90132097,0,566,23,STRAWBERRY,14,0,0.0,0,0
90132097,1,566,23,STRAWBERRY,21,0,0.0,0,0
90132097,0,566,23,MILK,4,0,0.0,0,0
90132097,1,566,23,MILK,5,0,0.0,0,0
90132097,0,566,23,WOOL,3,0,0.0,0,0
90132097,1,566,23,WOOL,3,0,0.0,0,0
90132097,0,567,23,MELON,9,0,0.0,0,0
90132097,1,567,23,MELON,11,0,0.0,0,0
90132097,0,569,23,STRAWBERRY,6,2,425.0,212.5,0
90132097,1,569,23,STRAWBERRY,6,2,424.0,212.0,0
90132097,1,569,23,MILK,1,0,0.0,0,0
90132097,0,570,23,MILK,3,3,348.0,116.0,0
90132097,1,570,23,MILK,2,2,242.0,121.0,0
90132097,0,571,23,MILK,8,0,0.0,0,0
90132097,1,571,23,MILK,2,0,0.0,0,0
90132097,0,573,23,STRAWBERRY,6,0,0.0,0,0
90132097,1,573,23,STRAWBERRY,9,0,0.0,0,0
90132097,0,573,23,MILK,12,0,0.0,0,0
90132097,1,573,23,MILK,15,0,0.0,0,0
90132097,0,574,23,WOOL,8,8,1402.0,175.25,0
90132097,0,576,24,MELON,6,6,1185.0,197.5,0
90132097,1,576,24,MELON,8,6,1234.0,205.666667,0
90132097,0,576,24,STRAWBERRY,59,29,5663.0,195.275862,0
90132097,1,576,24,STRAWBERRY,44,29,5663.0,195.275862,0
90132097,0,577,24,MELON,6,0,0.0,0,0
90132097,0,578,24,MELON,8,0,0.0,0,0
90132097,1,578,24,MELON,10,0,0.0,0,0
90132097,0,578,24,STRAWBERRY,35,0,0.0,0,0
90132097,1,578,24,STRAWBERRY,52,0,0.0,0,0
90132097,0,582,24,MELON,7,0,0.0,0,0
90132097,1,582,24,MELON,9,0,0.0,0,0
90132097,0,588,24,MILK,7,7,973.0,139.0,0
90132097,0,589,24,STRAWBERRY,4,2,385.0,192.5,0
90132097,1,589,24,STRAWBERRY,3,2,385.0,192.5,0
90132097,0,589,24,WOOL,1,1,195.0,195.0,0
90132097,0,590,24,WOOL,4,4,769.0,192.25,0
90132097,0,591,24,WOOL,3,3,561.0,187.0,0
90132097,0,592,24,MILK,2,2,288.0,144.0,0
90132097,0,594,24,STRAWBERRY,4,0,0.0,0,0
90132097,1,594,24,STRAWBERRY,6,0,0.0,0,0
90132097,0,595,24,STRAWBERRY,4,0,0.0,0,0
90132097,1,595,24,STRAWBERRY,6,0,0.0,0,0
90132097,1,596,24,MILK,8,8,1120.0,140.0,0
90132097,0,597,24,STRAWBERRY,8,4,762.0,190.5,0
90132097,1,597,24,STRAWBERRY,6,4,762.0,190.5,0
90132097,1,597,24,MILK,8,8,1037.0,129.625,0
90132097,1,598,24,MILK,2,2,238.0,119.0,0
90132097,0,599,24,MELON,6,0,0.0,0,0
90132097,1,599,24,MELON,8,0,0.0,0,0
90132097,0,599,24,STRAWBERRY,4,0,0.0,0,0
90132097,1,599,24,STRAWBERRY,6,0,0.0,0,0
90132097,0,600,25,STRAWBERRY,21,20,3531.0,176.55,0
90132097,1,600,25,STRAWBERRY,32,20,3531.0,176.55,0
90132097,1,600,25,MILK,3,3,342.0,114.0,0
90132097,1,601,25,WOOL,9,9,1733.0,192.555556,0
90132097,1,602,25,WOOL,9,9,1587.0,176.333333,0
90132097,1,603,25,WOOL,3,3,483.0,161.0,0
90132097,0,605,25,MILK,7,7,870.0,124.285714,0
90132097,0,606,25,MILK,5,5,560.0,112.0,0
90132097,1,606,25,MILK,8,0,0.0,0,0
90132097,1,607,25,MILK,19,0,0.0,0,0
90132097,1,608,25,MILK,8,0,0.0,0,0
90132097,1,609,25,MILK,11,0,0.0,0,0
90132097,0,610,25,MILK,7,0,0.0,0,0
90132097,0,610,25,WOOL,5,5,804.0,160.8,0
90132097,0,611,25,MILK,14,0,0.0,0,0
90132097,1,611,25,WOOL,9,0,0.0,0,0
90132097,0,612,25,MILK,6,0,0.0,0,0
90132097,1,612,25,MILK,8,0,0.0,0,0
90132097,1,612,25,WOOL,9,0,0.0,0,0
90132097,0,613,25,MILK,9,0,0.0,0,0
90132097,1,613,25,MILK,11,0,0.0,0,0
90132097,1,613,25,WOOL,9,0,0.0,0,0
90132097,0,615,25,WOOL,10,0,0.0,0,0
90132097,0,616,25,WOOL,10,0,0.0,0,0
90132097,0,617,25,STRAWBERRY,6,0,0.0,0,0
90132097,1,617,25,STRAWBERRY,9,0,0.0,0,0
90132097,0,617,25,MILK,14,0,0.0,0,0
90132097,1,617,25,MILK,18,0,0.0,0,0
90132097,0,617,25,WOOL,9,0,0.0,0,0
90132097,1,617,25,WOOL,9,0,0.0,0,0
90132097,0,619,25,STRAWBERRY,6,0,0.0,0,0
90132097,1,619,25,STRAWBERRY,9,0,0.0,0,0
90132097,0,622,25,MELON,6,0,0.0,0,0
90132097,1,622,25,MELON,8,0,0.0,0,0
90132097,0,625,26,MELON,6,6,1066.0,177.666667,0
90132097,1,625,26,MELON,8,6,1066.0,177.666667,0
90132097,1,625,26,STRAWBERRY,20,20,3338.0,166.9,0
90132097,1,625,26,MILK,15,15,2086.0,139.066667,0
90132097,0,625,26,WOOL,1,0,0.0,0,0
90132097,1,625,26,WOOL,1,0,0.0,0,0
90132097,1,627,26,WOOL,2,0,0.0,0,0
90132097,0,628,26,STRAWBERRY,3,3,473.0,157.666667,0
90132097,0,629,26,STRAWBERRY,2,2,317.0,158.5,0
90132097,0,630,26,STRAWBERRY,22,15,2250.0,150.0,0
90132097,1,631,26,STRAWBERRY,30,0,0.0,0,0
90132097,0,631,26,MILK,15,15,1707.0,113.8,0
90132097,0,631,26,WOOL,12,0,0.0,0,0
90132097,1,631,26,WOOL,12,0,0.0,0,0
90132097,1,632,26,MILK,19,0,0.0,0,0
90132097,1,633,26,STRAWBERRY,30,0,0.0,0,0
90132097,1,633,26,MILK,19,0,0.0,0,0
90132097,0,635,26,STRAWBERRY,20,0,0.0,0,0
90132097,0,636,26,MILK,15,0,0.0,0,0
90132097,0,637,26,STRAWBERRY,20,0,0.0,0,0
90132097,1,637,26,STRAWBERRY,30,0,0.0,0,0
90132097,0,637,26,MILK,30,0,0.0,0,0
90132097,1,637,26,MILK,38,0,0.0,0,0
90132097,0,649,27,MELON,6,6,1024.0,170.666667,0
90132097,1,649,27,MELON,8,6,1024.0,170.666667,0
90132097,1,649,27,STRAWBERRY,3,3,503.0,167.666667,0
90132097,1,649,27,MILK,9,9,1233.0,137.0,0
90132097,1,649,27,WOOL,1,1,218.0,218.0,0
90132097,1,650,27,STRAWBERRY,3,3,495.0,165.0,0
90132097,1,650,27,WOOL,1,1,217.0,217.0,0
90132097,1,651,27,STRAWBERRY,3,3,489.0,163.0,0
90132097,1,651,27,WOOL,1,1,215.0,215.0,0
90132097,1,652,27,STRAWBERRY,3,3,480.0,160.0,0
90132097,1,652,27,WOOL,1,1,214.0,214.0,0
90132097,1,653,27,STRAWBERRY,3,3,483.0,161.0,0
90132097,1,653,27,WOOL,1,1,215.0,215.0,0
90132097,1,654,27,STRAWBERRY,3,3,475.0,158.333333,0
90132097,0,654,27,WOOL,2,2,423.0,211.5,0
90132097,1,654,27,WOOL,1,1,214.0,214.0,0
90132097,1,655,27,STRAWBERRY,3,3,468.0,156.0,0
90132097,1,655,27,MILK,11,0,0.0,0,0
90132097,0,655,27,WOOL,2,2,406.0,203.0,0
90132097,1,655,27,WOOL,1,1,206.0,206.0,0
90132097,0,656,27,STRAWBERRY,2,2,301.0,150.5,0
90132097,1,656,27,STRAWBERRY,2,2,307.0,153.5,0
90132097,0,656,27,MILK,9,9,1119.0,124.333333,0
90132097,0,656,27,WOOL,2,2,399.0,199.5,0
90132097,1,656,27,WOOL,1,1,200.0,200.0,0
90132097,0,657,27,STRAWBERRY,2,2,307.0,153.5,0
90132097,1,657,27,STRAWBERRY,3,0,0.0,0,0
90132097,1,657,27,MILK,11,0,0.0,0,0
90132097,0,657,27,WOOL,2,2,398.0,199.0,0
90132097,1,657,27,WOOL,1,1,199.0,199.0,0
90132097,0,658,27,STRAWBERRY,2,2,301.0,150.5,0
90132097,0,658,27,WOOL,2,2,393.0,196.5,0
90132097,1,658,27,WOOL,1,1,198.0,198.0,0
90132097,0,659,27,STRAWBERRY,2,2,297.0,148.5,0
90132097,1,659,27,STRAWBERRY,3,0,0.0,0,0
90132097,0,659,27,WOOL,4,4,771.0,192.75,0
90132097,1,659,27,WOOL,1,1,193.0,193.0,0
90132097,0,660,27,STRAWBERRY,2,2,292.0,146.0,0
90132097,0,660,27,WOOL,2,2,374.0,187.0,0
90132097,1,660,27,WOOL,1,1,189.0,189.0,0
90132097,0,661,27,STRAWBERRY,11,11,1624.0,147.636364,0
90132097,1,661,27,STRAWBERRY,3,0,0.0,0,0
90132097,0,661,27,MILK,10,0,0.0,0,0
90132097,1,661,27,MILK,12,0,0.0,0,0
90132097,0,661,27,WOOL,1,1,192.0,192.0,0
90132097,1,661,27,WOOL,1,1,193.0,193.0,0
90132097,0,662,27,STRAWBERRY,2,2,276.0,138.0,0
90132097,1,662,27,STRAWBERRY,12,0,0.0,0,0
90132097,1,663,27,STRAWBERRY,14,0,0.0,0,0
90132097,1,664,27,STRAWBERRY,12,0,0.0,0,0
90132097,1,665,27,STRAWBERRY,6,0,0.0,0,0
90132097,0,666,27,STRAWBERRY,9,0,0.0,0,0
90132097,0,667,27,STRAWBERRY,13,0,0.0,0,0
90132097,0,667,27,MILK,4,0,0.0,0,0
90132097,1,667,27,MILK,5,0,0.0,0,0
90132097,0,668,27,STRAWBERRY,8,0,0.0,0,0
90132097,1,668,27,STRAWBERRY,12,0,0.0,0,0
90132097,0,669,27,STRAWBERRY,4,0,0.0,0,0
90132097,1,669,27,STRAWBERRY,6,0,0.0,0,0
90132097,0,670,27,MILK,15,0,0.0,0,0
90132097,1,670,27,MILK,19,0,0.0,0,0
90132097,1,673,28,STRAWBERRY,4,4,622.0,155.5,0
90132097,0,673,28,MILK,13,9,1100.0,122.222222,0
90132097,1,673,28,MILK,15,15,1918.0,127.866667,0
90132097,1,674,28,STRAWBERRY,4,4,603.0,150.75,0
90132097,1,674,28,MILK,10,0,0.0,0,0
90132097,1,675,28,STRAWBERRY,4,4,584.0,146.0,0
90132097,1,676,28,STRAWBERRY,3,3,422.0,140.666667,0
90132097,0,676,28,MILK,9,0,0.0,0,0
90132097,0,677,28,MILK,2,0,0.0,0,0
90132097,0,678,28,MILK,8,0,0.0,0,0
90132097,1,678,28,MILK,10,0,0.0,0,0
90132097,1,679,28,STRAWBERRY,4,0,0.0,0,0
90132097,0,680,28,STRAWBERRY,3,3,427.0,142.333333,0
90132097,0,681,28,STRAWBERRY,3,3,431.0,143.666667,0
90132097,1,681,28,STRAWBERRY,4,0,0.0,0,0
90132097,0,682,28,STRAWBERRY,3,3,417.0,139.0,0
90132097,1,682,28,STRAWBERRY,18,0,0.0,0,0
90132097,0,683,28,STRAWBERRY,3,3,395.0,131.666667,0
90132097,0,684,28,STRAWBERRY,3,3,354.0,118.0,0
90132097,0,685,28,STRAWBERRY,3,0,0.0,0,0
90132097,1,685,28,STRAWBERRY,4,0,0.0,0,0
90132097,0,685,28,MILK,9,0,0.0,0,0
90132097,1,685,28,MILK,11,0,0.0,0,0
90132097,0,686,28,STRAWBERRY,23,0,0.0,0,0
90132097,1,686,28,STRAWBERRY,34,0,0.0,0,0
90132097,0,686,28,MILK,13,0,0.0,0,0
90132097,1,686,28,MILK,16,0,0.0,0,0
90132097,1,687,28,MELON,12,12,2038.0,169.833333,0
90132097,1,687,28,WOOL,11,11,2290.0,208.181818,0
90132097,0,688,28,STRAWBERRY,3,0,0.0,0,0
90132097,1,688,28,STRAWBERRY,4,0,0.0,0,0
90132097,0,689,28,STRAWBERRY,6,0,0.0,0,0
90132097,1,689,28,STRAWBERRY,9,0,0.0,0,0
90132097,0,690,28,STRAWBERRY,14,0,0.0,0,0
90132097,1,690,28,STRAWBERRY,21,0,0.0,0,0
90132097,1,697,29,MELON,15,0,0.0,0,0
90132097,0,697,29,STRAWBERRY,13,13,1842.0,141.692308,0
90132097,1,697,29,STRAWBERRY,20,13,1842.0,141.692308,0
90132097,0,697,29,MILK,9,9,1138.0,126.444444,0
90132097,1,697,29,MILK,11,9,1308.0,145.333333,0
90132097,1,697,29,WOOL,20,0,0.0,0,0
90132097,1,698,29,MILK,11,0,0.0,0,0
90132097,0,698,29,WOOL,7,7,1473.0,210.428571,0
90132097,1,699,29,WOOL,22,0,0.0,0,0
90132097,0,702,29,MILK,11,0,0.0,0,0
90132097,1,702,29,MILK,14,0,0.0,0,0
90132097,0,703,29,MILK,3,0,0.0,0,0
90132097,1,703,29,MILK,4,0,0.0,0,0
90132097,0,703,29,WOOL,24,0,0.0,0,0
90132097,1,703,29,WOOL,24,0,0.0,0,0
90132097,1,707,29,MELON,1,0,0.0,0,0
90132097,0,708,29,MELON,5,5,809.0,161.8,0
90132097,0,709,29,MELON,5,5,800.0,160.0,0
90132097,1,709,29,MELON,8,0,0.0,0,0
90132097,0,709,29,WOOL,12,0,0.0,0,0
90132097,1,709,29,WOOL,12,0,0.0,0,0
90132097,0,710,29,MELON,2,2,306.0,153.0,0
90132097,1,710,29,MELON,3,0,0.0,0,0
90132097,0,710,29,MILK,9,0,0.0,0,0
90132097,1,710,29,MILK,9,0,0.0,0,0
90132097,0,711,29,MELON,1,0,0.0,0,0
90132097,1,711,29,MELON,1,0,0.0,0,0
90132097,0,712,29,MILK,12,0,0.0,0,0
90132097,1,712,29,MILK,12,0,0.0,0,0
90132097,0,712,29,WOOL,20,0,0.0,0,0
90132097,1,712,29,WOOL,20,0,0.0,0,0
90132097,0,713,29,MELON,8,0,0.0,0,0
90132097,1,713,29,MELON,8,0,0.0,0,0
90132097,0,713,29,STRAWBERRY,6,0,0.0,0,0
90132097,1,713,29,STRAWBERRY,6,0,0.0,0,0
90132097,0,713,29,MILK,3,0,0.0,0,0
90132097,1,713,29,MILK,3,0,0.0,0,0
90132097,0,714,29,MELON,3,0,0.0,0,0
90132097,1,714,29,MELON,3,0,0.0,0,0
90132097,0,715,29,MILK,3,0,0.0,0,0
90132097,1,715,29,MILK,3,0,0.0,0,0
90132097,0,715,29,WOOL,12,0,0.0,0,0
90132097,1,715,29,WOOL,12,0,0.0,0,0
90132097,0,716,29,STRAWBERRY,3,0,0.0,0,0
90132097,1,716,29,STRAWBERRY,3,0,0.0,0,0
90132097,0,716,29,MILK,3,0,0.0,0,0
90132097,1,716,29,MILK,3,0,0.0,0,0
90132099,1,49,2,WOOL,4,0,0.0,0,0
90132099,0,76,3,MELON,6,0,0.0,0,0
90132099,0,77,3,MELON,5,0,0.0,0,0
90132099,0,98,4,MELON,4,0,0.0,0,0
90132099,1,98,4,MELON,4,0,0.0,0,0
90132099,0,158,6,WOOL,6,0,0.0,0,0
90132099,1,158,6,WOOL,6,0,0.0,0,0
90132099,0,195,8,MILK,8,0,0.0,0,0
90132099,1,195,8,MILK,8,0,0.0,0,0
90132099,0,198,8,MILK,12,0,0.0,0,0
90132099,1,198,8,MILK,12,0,0.0,0,0
90132099,0,229,9,WOOL,4,0,0.0,0,0
90132099,1,229,9,WOOL,4,0,0.0,0,0
90132099,0,256,10,MELON,6,0,0.0,0,0
90132099,1,256,10,MELON,6,0,0.0,0,0
90132099,0,257,10,MELON,6,0,0.0,0,0
90132099,1,257,10,MELON,6,0,0.0,0,0
90132099,0,259,10,MELON,16,0,0.0,0,0
90132099,1,259,10,MELON,6,0,0.0,0,0
90132099,0,262,10,MELON,11,0,0.0,0,0
90132099,1,262,10,MELON,6,0,0.0,0,0
90132099,0,264,11,MELON,27,18,4420.0,245.555556,0
90132099,1,264,11,MELON,18,0,0.0,0,0
90132099,0,269,11,STRAWBERRY,4,0,0.0,0,0
90132099,0,280,11,WOOL,6,0,0.0,0,0
90132099,1,280,11,WOOL,6,0,0.0,0,0
90132099,0,285,11,MILK,999,9,2131.0,236.777778,0
90132099,0,292,12,STRAWBERRY,6,0,0.0,0,0
90132099,1,292,12,STRAWBERRY,6,0,0.0,0,0
90132099,0,294,12,MILK,12,0,0.0,0,0
90132099,0,295,12,MILK,20,0,0.0,0,0
90132099,1,296,12,MILK,3,3,713.0,237.666667,0
90132099,0,301,12,MILK,9,0,0.0,0,0
90132099,1,301,12,MILK,8,4,960.0,240.0,0
90132099,1,302,12,MILK,3,0,0.0,0,0
90132099,0,306,12,MELON,12,0,0.0,0,0
90132099,1,306,12,MELON,6,0,0.0,0,0
90132099,0,309,12,WOOL,5,0,0.0,0,0
90132099,1,309,12,WOOL,4,0,0.0,0,0
90132099,0,317,13,MILK,999,9,2182.0,242.444444,0
90132099,1,319,13,MILK,20,6,1434.0,239.0,0
90132099,1,324,13,MILK,4,0,0.0,0,0
90132099,0,325,13,MILK,3,0,0.0,0,0
90132099,0,337,14,MILK,999,3,733.0,244.333333,0
90132099,0,347,14,MILK,3,0,0.0,0,0
90132099,0,347,14,WOOL,999,0,0.0,0,0
90132099,1,347,14,WOOL,7,0,0.0,0,0
90132099,0,348,14,MILK,4,0,0.0,0,0
90132099,0,348,14,WOOL,7,0,0.0,0,0
90132099,1,349,14,MILK,4,4,990.0,247.5,0
90132099,1,353,14,MILK,4,2,495.0,247.5,0
90132099,0,353,14,WOOL,6,0,0.0,0,0
90132099,1,353,14,WOOL,6,0,0.0,0,0
90132099,0,354,14,WOOL,6,0,0.0,0,0
90132099,1,354,14,WOOL,6,0,0.0,0,0
90132099,0,358,14,MELON,999,0,0.0,0,0
90132099,0,358,14,WOOL,7,0,0.0,0,0
90132099,1,358,14,WOOL,3,0,0.0,0,0
90132099,0,359,14,MELON,5,0,0.0,0,0
90132099,1,359,14,MELON,6,0,0.0,0,0
90132099,0,359,14,STRAWBERRY,4,0,0.0,0,0
90132099,1,359,14,STRAWBERRY,4,0,0.0,0,0
90132099,0,360,15,WOOL,999,4,758.0,189.5,0
90132099,0,361,15,MILK,999,9,2229.0,247.666667,0
90132099,0,362,15,MELON,7,6,1458.0,243.0,0
90132099,1,362,15,MELON,6,0,0.0,0,0
90132099,0,370,15,WOOL,9,0,0.0,0,0
90132099,0,371,15,MILK,12,0,0.0,0,0
90132099,1,373,15,WOOL,9,0,0.0,0,0
90132099,0,375,15,WOOL,6,0,0.0,0,0
90132099,1,375,15,WOOL,6,0,0.0,0,0
90132099,0,384,16,MILK,999,9,2260.0,251.111111,0
90132099,0,384,16,WOOL,8,4,747.0,186.75,0
90132099,1,384,16,WOOL,8,6,1098.0,183.0,0
90132099,1,386,16,MILK,28,14,3477.0,248.357143,0
90132099,0,391,16,MILK,28,0,0.0,0,0
90132099,1,396,16,STRAWBERRY,4,0,0.0,0,0
90132099,1,396,16,MILK,9,0,0.0,0,0
90132099,0,407,16,WOOL,4,0,0.0,0,0
90132099,1,407,16,WOOL,4,0,0.0,0,0
90132099,1,408,17,MILK,9,9,2256.0,250.666667,0
90132099,0,413,17,STRAWBERRY,999,8,1944.0,243.0,0
90132099,0,421,17,STRAWBERRY,5,0,0.0,0,0
90132099,1,421,17,STRAWBERRY,3,0,0.0,0,0
90132099,0,423,17,MELON,4,0,0.0,0,0
90132099,1,423,17,MELON,5,0,0.0,0,0
90132099,0,423,17,WOOL,4,0,0.0,0,0
90132099,1,423,17,WOOL,4,0,0.0,0,0
90132099,1,424,17,WOOL,4,0,0.0,0,0
90132099,0,425,17,MILK,999,15,3804.0,253.6,0
90132099,0,426,17,STRAWBERRY,999,0,0.0,0,0
90132099,1,431,17,MILK,4,0,0.0,0,0
90132099,1,432,18,STRAWBERRY,8,0,0.0,0,0
90132099,0,433,18,MILK,1002,6,1516.0,252.666667,0
90132099,0,442,18,MILK,3,0,0.0,0,0
90132099,0,443,18,MILK,5,0,0.0,0,0
90132099,0,444,18,MILK,20,0,0.0,0,0
90132099,0,445,18,STRAWBERRY,20,8,1993.0,249.125,0
90132099,1,445,18,STRAWBERRY,20,0,0.0,0,0
90132099,0,449,18,WOOL,2,2,398.0,199.0,0
90132099,0,450,18,STRAWBERRY,1000,0,0.0,0,0
90132099,1,450,18,STRAWBERRY,2,0,0.0,0,0
90132099,0,450,18,MILK,6,0,0.0,0,0
90132099,1,450,18,WOOL,2,0,0.0,0,0
90132099,1,451,18,MILK,12,6,1535.0,255.833333,0
90132099,0,454,18,STRAWBERRY,999,0,0.0,0,0
90132099,1,454,18,STRAWBERRY,6,0,0.0,0,0
90132099,1,456,19,STRAWBERRY,6,0,0.0,0,0
90132099,1,456,19,MILK,9,9,2286.0,254.0,0
90132099,0,457,19,STRAWBERRY,999,8,1978.0,247.25,0
90132099,0,461,19,WOOL,4,4,799.0,199.75,0
90132099,0,465,19,MILK,999,9,2293.0,254.777778,0
90132099,1,468,19,MILK,20,0,0.0,0,0
90132099,0,469,19,STRAWBERRY,1,0,0.0,0,0
90132099,0,470,19,WOOL,4,4,815.0,203.75,0
90132099,0,471,19,STRAWBERRY,10,0,0.0,0,0
90132099,0,472,19,STRAWBERRY,1,0,0.0,0,0
90132099,1,472,19,STRAWBERRY,1,0,0.0,0,0
90132099,0,474,19,STRAWBERRY,9,0,0.0,0,0
90132099,1,474,19,STRAWBERRY,4,0,0.0,0,0
90132099,0,475,19,MILK,12,0,0.0,0,0
90132099,0,477,19,MILK,11,0,0.0,0,0
90132099,1,477,19,MILK,9,0,0.0,0,0
90132099,0,478,19,STRAWBERRY,6,0,0.0,0,0
90132099,0,480,20,STRAWBERRY,999,12,2970.0,247.5,0
90132099,1,480,20,MILK,15,12,3031.0,252.583333,0
90132099,1,481,20,STRAWBERRY,9,0,0.0,0,0
90132099,0,481,20,MILK,1005,15,3748.0,249.866667,0
90132099,0,482,20,MILK,3,0,0.0,0,0
90132099,1,485,20,WOOL,4,2,441.0,220.5,0
90132099,0,486,20,STRAWBERRY,20,0,0.0,0,0
90132099,0,488,20,STRAWBERRY,3,0,0.0,0,0
90132099,1,488,20,STRAWBERRY,3,0,0.0,0,0
90132099,1,488,20,WOOL,4,0,0.0,0,0
90132099,1,491,20,STRAWBERRY,4,0,0.0,0,0
90132099,1,492,20,STRAWBERRY,12,0,0.0,0,0
90132099,0,493,20,WOOL,3,3,671.0,223.666667,0
90132099,0,494,20,STRAWBERRY,4,2,502.0,251.0,0
90132099,0,497,20,STRAWBERRY,2,0,0.0,0,0
90132099,1,497,20,STRAWBERRY,2,0,0.0,0,0
90132099,0,498,20,STRAWBERRY,7,0,0.0,0,0
90132099,0,499,20,STRAWBERRY,4,0,0.0,0,0
90132099,1,499,20,STRAWBERRY,4,0,0.0,0,0
90132099,0,499,20,MILK,999,0,0.0,0,0
90132099,0,501,20,STRAWBERRY,2,0,0.0,0,0
90132099,1,501,20,STRAWBERRY,2,0,0.0,0,0
90132099,0,501,20,MILK,999,0,0.0,0,0
90132099,1,501,20,WOOL,4,0,0.0,0,0
90132099,1,502,20,MELON,8,0,0.0,0,0
90132099,0,505,21,STRAWBERRY,18,14,3490.0,249.285714,0
90132099,1,505,21,STRAWBERRY,14,4,1004.0,251.0,0
90132099,0,505,21,MILK,999,3,763.0,254.333333,0
90132099,0,509,21,WOOL,3,3,683.0,227.666667,0
90132099,0,510,21,MELON,2,2,500.0,250.0,0
90132099,0,513,21,WOOL,3,3,682.0,227.333333,0
90132099,1,517,21,MILK,3,3,775.0,258.333333,0
90132099,0,517,21,WOOL,3,3,685.0,228.333333,0
90132099,0,518,21,WOOL,3,3,682.0,227.333333,0
90132099,0,519,21,WOOL,3,3,679.0,226.333333,0
90132099,1,521,21,MILK,2,2,517.0,258.5,0
90132099,1,522,21,MELON,6,0,0.0,0,0
90132099,1,522,21,STRAWBERRY,2,0,0.0,0,0
90132099,1,522,21,WOOL,4,0,0.0,0,0
90132099,0,525,21,MILK,1001,0,0.0,0,0
90132099,1,525,21,MILK,3,3,776.0,258.666667,0
90132099,0,526,21,STRAWBERRY,3,0,0.0,0,0
90132099,0,527,21,MELON,10,0,0.0,0,0
90132099,1,527,21,MELON,6,0,0.0,0,0
90132099,0,527,21,STRAWBERRY,2,0,0.0,0,0
90132099,1,527,21,STRAWBERRY,2,0,0.0,0,0
90132099,1,528,22,STRAWBERRY,14,0,0.0,0,0
90132099,0,528,22,MILK,3,3,769.0,256.333333,0
90132099,0,529,22,MILK,3,3,774.0,258.0,0
90132099,0,529,22,WOOL,3,3,686.0,228.666667,0
90132099,0,530,22,MILK,3,3,770.0,256.666667,0
90132099,0,530,22,WOOL,3,3,683.0,227.666667,0
90132099,0,531,22,MILK,999,2,512.0,256.0,0
90132099,0,532,22,WOOL,3,3,680.0,226.666667,0
90132099,0,533,22,WOOL,3,3,679.0,226.333333,0
90132099,0,541,22,MILK,24,0,0.0,0,0
90132099,1,541,22,MILK,20,10,2585.0,258.5,0
90132099,1,542,22,STRAWBERRY,2,0,0.0,0,0
90132099,0,542,22,WOOL,44,4,911.0,227.75,0
90132099,1,545,22,MELON,3,0,0.0,0,0
90132099,0,546,22,STRAWBERRY,999,14,3585.0,256.071429,0
90132099,1,546,22,MILK,12,0,0.0,0,0
90132099,0,547,22,STRAWBERRY,6,0,0.0,0,0
90132099,1,547,22,STRAWBERRY,6,2,507.0,253.5,0
90132099,0,548,22,STRAWBERRY,6,0,0.0,0,0
90132099,1,548,22,STRAWBERRY,6,0,0.0,0,0
90132099,0,549,22,WOOL,2,0,0.0,0,0
90132099,1,549,22,WOOL,14,4,911.0,227.75,0
90132099,0,550,22,WOOL,12,0,0.0,0,0
90132099,1,550,22,WOOL,12,0,0.0,0,0
90132099,0,551,22,STRAWBERRY,1001,0,0.0,0,0
90132099,1,551,22,STRAWBERRY,4,0,0.0,0,0
90132099,0,552,23,WOOL,8,0,0.0,0,0
90132099,1,552,23,WOOL,8,0,0.0,0,0
90132099,0,553,23,MELON,999,6,1497.0,249.5,0
90132099,0,557,23,STRAWBERRY,999,11,2763.0,251.181818,0
90132099,0,561,23,MILK,6,6,1569.0,261.5,0
90132099,0,565,23,STRAWBERRY,999,0,0.0,0,0
90132099,0,565,23,MILK,999,3,787.0,262.333333,0
90132099,0,566,23,STRAWBERRY,14,0,0.0,0,0
90132099,1,566,23,STRAWBERRY,14,0,0.0,0,0
90132099,0,566,23,MILK,4,0,0.0,0,0
90132099,1,566,23,MILK,3,3,784.0,261.333333,0
90132099,0,566,23,WOOL,3,0,0.0,0,0
90132099,1,566,23,WOOL,4,0,0.0,0,0
90132099,0,567,23,MELON,9,0,0.0,0,0
90132099,1,568,23,WOOL,5,0,0.0,0,0
90132099,0,569,23,STRAWBERRY,4,2,505.0,252.5,0
90132099,1,569,23,WOOL,4,0,0.0,0,0
90132099,1,570,23,STRAWBERRY,2,0,0.0,0,0
90132099,1,573,23,STRAWBERRY,20,0,0.0,0,0
90132099,1,573,23,MILK,3,3,787.0,262.333333,0
90132099,0,574,23,STRAWBERRY,999,6,1513.0,252.166667,0
90132099,1,574,23,STRAWBERRY,7,0,0.0,0,0
90132099,0,575,23,STRAWBERRY,999,0,0.0,0,0
90132099,1,575,23,STRAWBERRY,2,0,0.0,0,0
90132099,1,575,23,WOOL,15,0,0.0,0,0
90132099,0,576,24,STRAWBERRY,999,27,6657.0,246.555556,0
90132099,1,576,24,STRAWBERRY,25,2,501.0,250.5,0
90132099,1,576,24,MILK,5,5,1305.0,261.0,0
90132099,0,578,24,MELON,8,6,1499.0,249.833333,0
90132099,0,578,24,STRAWBERRY,35,0,0.0,0,0
90132099,1,579,24,STRAWBERRY,28,0,0.0,0,0
90132099,0,582,24,MELON,7,0,0.0,0,0
90132099,1,584,24,MELON,12,3,747.0,249.0,0
90132099,1,588,24,MELON,6,0,0.0,0,0
90132099,0,594,24,STRAWBERRY,4,2,500.0,250.0,0
90132099,1,594,24,MILK,1,1,268.0,268.0,0
90132099,0,595,24,STRAWBERRY,4,0,0.0,0,0
90132099,1,595,24,STRAWBERRY,6,0,0.0,0,0
90132099,1,596,24,STRAWBERRY,7,0,0.0,0,0
90132099,0,597,24,STRAWBERRY,999,4,994.0,248.5,0
90132099,0,599,24,MELON,6,0,0.0,0,0
90132099,1,599,24,MELON,6,0,0.0,0,0
90132099,0,599,24,STRAWBERRY,4,0,0.0,0,0
90132099,0,600,25,STRAWBERRY,21,20,4895.0,244.75,0
90132099,1,600,25,STRAWBERRY,11,2,495.0,247.5,0
90132099,0,601,25,WOOL,999,21,4925.0,234.52381,0
90132099,0,605,25,MILK,999,24,6441.0,268.375,0
90132099,0,612,25,MILK,6,0,0.0,0,0
90132099,0,613,25,MILK,9,0,0.0,0,0
90132099,1,614,25,WOOL,2,2,468.0,234.0,0
90132099,1,615,25,STRAWBERRY,10,0,0.0,0,0
90132099,1,616,25,MILK,3,3,802.0,267.333333,0
90132099,0,617,25,STRAWBERRY,6,0,0.0,0,0
90132099,1,617,25,STRAWBERRY,6,0,0.0,0,0
90132099,0,617,25,MILK,14,0,0.0,0,0
90132099,0,617,25,WOOL,9,0,0.0,0,0
90132099,1,618,25,MILK,3,3,802.0,267.333333,0
90132099,0,619,25,STRAWBERRY,6,0,0.0,0,0
90132099,1,619,25,STRAWBERRY,6,0,0.0,0,0
90132099,0,622,25,MELON,6,0,0.0,0,0
90132099,1,622,25,MELON,6,0,0.0,0,0
90132099,1,622,25,MILK,2,2,535.0,267.5,0
90132099,0,625,26,MELON,6,6,1493.0,248.833333,0
90132099,1,625,26,MELON,6,0,0.0,0,0
90132099,0,625,26,STRAWBERRY,999,20,4939.0,246.95,0
90132099,1,625,26,MILK,30,13,3473.0,267.153846,0
90132099,0,625,26,WOOL,1,0,0.0,0,0
90132099,0,629,26,MILK,999,15,3948.0,263.2,0
90132099,0,631,26,WOOL,12,0,0.0,0,0
90132099,0,637,26,STRAWBERRY,20,0,0.0,0,0
90132099,0,637,26,MILK,30,0,0.0,0,0
90132099,1,641,26,WOOL,1,1,237.0,237.0,0
90132099,1,644,26,STRAWBERRY,20,0,0.0,0,0
90132099,0,649,27,MELON,6,6,1496.0,249.333333,0
90132099,1,649,27,MELON,6,0,0.0,0,0
90132099,0,649,27,STRAWBERRY,3,3,757.0,252.333333,0
90132099,1,649,27,STRAWBERRY,15,3,757.0,252.333333,0
90132099,1,649,27,WOOL,20,1,238.0,238.0,0
90132099,0,657,27,STRAWBERRY,999,20,5015.0,250.75,0
90132099,0,661,27,STRAWBERRY,2,0,0.0,0,0
90132099,0,661,27,MILK,10,9,2433.0,270.333333,0
90132099,1,661,27,MILK,10,9,2433.0,270.333333,0
90132099,0,661,27,WOOL,1,1,239.0,239.0,0
90132099,1,662,27,MILK,1,0,0.0,0,0
90132099,0,668,27,STRAWBERRY,8,0,0.0,0,0
90132099,0,669,27,STRAWBERRY,4,0,0.0,0,0
90132099,0,670,27,MILK,15,0,0.0,0,0
90132099,1,670,27,MILK,15,0,0.0,0,0
90132099,1,673,28,MELON,2,1,250.0,250.0,0
90132099,0,673,28,MILK,1003,15,4016.0,267.733333,0
90132099,1,673,28,MILK,4,4,1081.0,270.25,0
90132099,0,673,28,WOOL,3,3,718.0,239.333333,0
90132099,1,673,28,WOOL,1,1,240.0,240.0,0
90132099,0,677,28,STRAWBERRY,999,15,3804.0,253.6,0
90132099,0,678,28,MILK,8,0,0.0,0,0
90132099,0,685,28,MELON,999,12,2995.0,249.583333,0
90132099,0,685,28,STRAWBERRY,3,0,0.0,0,0
90132099,0,685,28,MILK,9,0,0.0,0,0
90132099,1,685,28,MILK,3,2,538.0,269.0,0
90132099,0,686,28,STRAWBERRY,23,0,0.0,0,0
90132099,0,686,28,MILK,13,0,0.0,0,0
90132099,1,686,28,MILK,12,0,0.0,0,0
90132099,0,686,28,WOOL,3,3,720.0,240.0,0
90132099,0,688,28,STRAWBERRY,3,0,0.0,0,0
90132099,0,689,28,STRAWBERRY,6,0,0.0,0,0
90132099,1,689,28,STRAWBERRY,23,0,0.0,0,0
90132099,0,689,28,WOOL,3,3,720.0,240.0,0
90132099,0,690,28,STRAWBERRY,14,0,0.0,0,0
90132099,1,690,28,STRAWBERRY,14,0,0.0,0,0
90132099,0,690,28,WOOL,3,3,720.0,240.0,0
90132099,0,693,28,WOOL,3,3,719.0,239.666667,0
90132099,0,694,28,WOOL,3,3,717.0,239.0,0
90132099,0,695,28,WOOL,3,3,717.0,239.0,0
90132099,0,697,29,STRAWBERRY,13,13,3335.0,256.538462,0
90132099,1,697,29,STRAWBERRY,13,3,775.0,258.333333,0
90132099,0,697,29,MILK,3,3,809.0,269.666667,0
90132099,1,697,29,MILK,9,9,2445.0,271.666667,0
90132099,0,697,29,WOOL,3,2,478.0,239.0,0
90132099,0,701,29,WOOL,999,0,0.0,0,0
90132099,1,703,29,MILK,3,0,0.0,0,0
90132099,1,703,29,WOOL,12,3,717.0,239.0,0
90132099,0,709,29,MELON,999,0,0.0,0,0
90132099,0,709,29,MILK,999,6,1635.0,272.5,0
90132099,0,709,29,WOOL,12,0,0.0,0,0
90132099,1,709,29,WOOL,12,0,0.0,0,0
90132099,0,710,29,MILK,9,0,0.0,0,0
90132099,1,710,29,MILK,9,0,0.0,0,0
90132099,0,711,29,MELON,1,0,0.0,0,0
90132099,1,711,29,MILK,3,0,0.0,0,0
90132099,0,712,29,MILK,12,0,0.0,0,0
90132099,1,712,29,MILK,12,0,0.0,0,0
90132099,0,712,29,WOOL,20,0,0.0,0,0
90132099,1,712,29,WOOL,20,0,0.0,0,0
90132099,0,713,29,MELON,8,0,0.0,0,0
90132099,0,713,29,STRAWBERRY,6,0,0.0,0,0
90132099,1,713,29,STRAWBERRY,12,0,0.0,0,0
90132099,0,713,29,MILK,3,0,0.0,0,0
90132099,0,714,29,MELON,3,0,0.0,0,0
90132099,1,714,29,MELON,10,0,0.0,0,0
90132099,1,714,29,MILK,3,0,0.0,0,0
90132099,0,715,29,MILK,6,0,0.0,0,0
90132099,0,715,29,WOOL,8,0,0.0,0,0
90132099,1,715,29,WOOL,12,0,0.0,0,0
90132099,1,716,29,MILK,3,0,0.0,0,0
90132099,0,716,29,WOOL,4,4,953.0,238.25,0
90132099,0,717,29,STRAWBERRY,3,0,0.0,0,0
90132099,0,718,29,MILK,3,3,797.0,265.666667,0
90132099,0,719,29,MILK,3,0,0.0,0,0
90132830,1,76,3,MELON,6,0,0.0,0,0
90132830,1,77,3,MELON,5,0,0.0,0,0
90132830,1,98,4,MELON,4,0,0.0,0,0
90132830,0,158,6,WOOL,6,0,0.0,0,0
90132830,1,158,6,WOOL,6,0,0.0,0,0
90132830,0,195,8,MILK,10,0,0.0,0,0
90132830,1,195,8,MILK,8,0,0.0,0,0
90132830,0,198,8,MILK,15,0,0.0,0,0
90132830,1,198,8,MILK,12,0,0.0,0,0
90132830,0,229,9,WOOL,4,0,0.0,0,0
90132830,1,229,9,WOOL,4,0,0.0,0,0
90132830,0,256,10,MELON,6,0,0.0,0,0
90132830,1,256,10,MELON,6,0,0.0,0,0
90132830,0,257,10,MELON,6,0,0.0,0,0
90132830,1,257,10,MELON,6,0,0.0,0,0
90132830,0,259,10,MELON,16,0,0.0,0,0
90132830,1,259,10,MELON,16,0,0.0,0,0
90132830,0,262,10,MELON,11,0,0.0,0,0
90132830,1,262,10,MELON,11,0,0.0,0,0
90132830,0,264,11,MELON,18,18,4178.0,232.111111,0
90132830,1,264,11,MELON,27,18,4178.0,232.111111,0
90132830,0,269,11,STRAWBERRY,4,0,0.0,0,0
90132830,1,269,11,STRAWBERRY,4,0,0.0,0,0
90132830,0,269,11,MILK,11,9,2086.0,231.777778,0
90132830,0,280,11,WOOL,6,0,0.0,0,0
90132830,1,280,11,WOOL,6,0,0.0,0,0
90132830,1,290,12,MILK,9,9,2113.0,234.777778,0
90132830,1,292,12,STRAWBERRY,6,0,0.0,0,0
90132830,1,292,12,MILK,9,0,0.0,0,0
90132830,0,294,12,MILK,11,0,0.0,0,0
90132830,1,294,12,MILK,12,0,0.0,0,0
90132830,1,295,12,MILK,20,0,0.0,0,0
90132830,1,301,12,MILK,9,0,0.0,0,0
90132830,0,302,12,MILK,8,0,0.0,0,0
90132830,1,302,12,MILK,6,0,0.0,0,0
90132830,0,306,12,MELON,12,0,0.0,0,0
90132830,1,306,12,MELON,12,0,0.0,0,0
90132830,0,308,12,MILK,2,0,0.0,0,0
90132830,1,308,12,MILK,2,0,0.0,0,0
90132830,0,309,12,MILK,1,1,236.0,236.0,0
90132830,0,309,12,WOOL,5,0,0.0,0,0
90132830,1,309,12,WOOL,5,0,0.0,0,0
90132830,0,312,13,MILK,4,3,704.0,234.666667,0
90132830,1,321,13,MILK,3,3,716.0,238.666667,0
90132830,1,322,13,MILK,1,1,238.0,238.0,0
90132830,1,323,13,MILK,3,0,0.0,0,0
90132830,1,324,13,MILK,1,0,0.0,0,0
90132830,0,325,13,MILK,4,0,0.0,0,0
90132830,1,325,13,MILK,3,0,0.0,0,0
90132830,0,326,13,MILK,4,2,472.0,236.0,0
90132830,1,339,14,MILK,3,3,721.0,240.333333,0
90132830,1,341,14,MILK,3,0,0.0,0,0
90132830,1,343,14,MILK,3,0,0.0,0,0
90132830,1,344,14,MILK,4,0,0.0,0,0
90132830,0,347,14,MILK,4,0,0.0,0,0
90132830,1,347,14,MILK,3,0,0.0,0,0
90132830,0,348,14,MILK,5,0,0.0,0,0
90132830,1,348,14,MILK,4,0,0.0,0,0
90132830,0,348,14,WOOL,6,6,1179.0,196.5,0
90132830,1,348,14,WOOL,7,6,1179.0,196.5,0
90132830,0,353,14,WOOL,6,0,0.0,0,0
90132830,1,353,14,WOOL,6,0,0.0,0,0
90132830,0,354,14,MILK,8,6,1467.0,244.5,0
90132830,0,354,14,WOOL,6,0,0.0,0,0
90132830,1,354,14,WOOL,6,0,0.0,0,0
90132830,0,358,14,WOOL,7,0,0.0,0,0
90132830,1,358,14,WOOL,7,0,0.0,0,0
90132830,0,359,14,MELON,6,6,1276.0,212.666667,0
90132830,1,359,14,MELON,6,6,1275.0,212.5,0
90132830,1,359,14,STRAWBERRY,4,0,0.0,0,0
90132830,0,360,15,MELON,6,6,1149.0,191.5,0
90132830,1,360,15,MELON,7,6,1202.0,200.333333,0
90132830,0,361,15,WOOL,4,4,276.0,69.0,0
90132830,0,362,15,MELON,7,0,0.0,0,0
90132830,1,362,15,MELON,7,0,0.0,0,0
90132830,0,362,15,MILK,4,3,738.0,246.0,0
90132830,1,362,15,WOOL,4,4,184.0,46.0,0
90132830,1,363,15,MILK,9,9,2190.0,243.333333,0
90132830,1,364,15,WOOL,4,0,0.0,0,0
90132830,1,365,15,MILK,9,0,0.0,0,0
90132830,1,366,15,WOOL,4,0,0.0,0,0
90132830,1,367,15,MILK,9,0,0.0,0,0
90132830,0,370,15,WOOL,4,0,0.0,0,0
90132830,1,370,15,WOOL,9,0,0.0,0,0
90132830,0,371,15,MILK,11,0,0.0,0,0
90132830,1,371,15,MILK,12,0,0.0,0,0
90132830,1,375,15,WOOL,6,0,0.0,0,0
90132830,0,384,16,MILK,11,9,2222.0,246.888889,0
90132830,1,384,16,MILK,9,9,2186.0,242.888889,0
90132830,0,384,16,WOOL,4,4,135.0,33.75,0
90132830,1,384,16,WOOL,8,4,35.0,8.75,1
90132830,1,385,16,MILK,9,0,0.0,0,0
90132830,1,387,16,MILK,9,0,0.0,0,0
90132830,0,391,16,MILK,11,0,0.0,0,0
90132830,1,391,16,MILK,28,0,0.0,0,0
90132830,0,396,16,STRAWBERRY,4,4,941.0,235.25,0
90132830,1,407,16,WOOL,4,0,0.0,0,0
90132830,0,408,17,MILK,11,9,2219.0,246.555556,0
90132830,1,408,17,MILK,9,9,2223.0,247.0,0
90132830,0,409,17,STRAWBERRY,4,4,961.0,240.25,0
90132830,0,409,17,MILK,5,0,0.0,0,0
90132830,1,409,17,MILK,9,0,0.0,0,0
90132830,1,411,17,MELON,1,0,0.0,0,0
90132830,1,413,17,STRAWBERRY,5,5,1200.0,240.0,0
90132830,1,414,17,STRAWBERRY,3,3,716.0,238.666667,0
90132830,1,415,17,STRAWBERRY,5,0,0.0,0,0
90132830,1,416,17,STRAWBERRY,3,0,0.0,0,0
90132830,1,417,17,STRAWBERRY,5,0,0.0,0,0
90132830,0,421,17,STRAWBERRY,5,0,0.0,0,0
90132830,1,421,17,STRAWBERRY,5,0,0.0,0,0
90132830,0,423,17,MELON,4,0,0.0,0,0
90132830,1,423,17,MELON,4,0,0.0,0,0
90132830,0,423,17,WOOL,4,0,0.0,0,0
90132830,1,423,17,WOOL,4,0,0.0,0,0
90132830,0,424,17,WOOL,3,0,0.0,0,0
90132830,1,424,17,WOOL,3,0,0.0,0,0
90132830,0,425,17,MILK,8,6,1498.0,249.666667,0
90132830,0,426,17,WOOL,1,1,1.0,1.0,1
90132830,0,429,17,WOOL,2,2,2.0,1.0,2
90132830,0,430,17,WOOL,2,2,2.0,1.0,2
90132830,0,431,17,WOOL,2,2,2.0,1.0,2
90132830,0,432,18,STRAWBERRY,7,7,1698.0,242.571429,0
90132830,1,433,18,STRAWBERRY,8,8,1937.0,242.125,0
90132830,0,433,18,MILK,8,6,1503.0,250.5,0
90132830,1,434,18,MILK,3,3,746.0,248.666667,0
90132830,0,434,18,WOOL,2,2,42.0,21.0,0
90132830,1,435,18,STRAWBERRY,8,0,0.0,0,0
90132830,1,435,18,MILK,9,9,2214.0,246.0,0
90132830,0,435,18,WOOL,2,2,16.0,8.0,0
90132830,1,436,18,MILK,3,0,0.0,0,0
90132830,0,436,18,WOOL,2,2,2.0,1.0,2
90132830,1,437,18,STRAWBERRY,8,0,0.0,0,0
90132830,1,437,18,MILK,8,0,0.0,0,0
90132830,1,438,18,MILK,3,0,0.0,0,0
90132830,1,439,18,MILK,5,0,0.0,0,0
90132830,1,440,18,MILK,4,0,0.0,0,0
90132830,0,441,18,STRAWBERRY,10,1,243.0,243.0,0
90132830,1,441,18,STRAWBERRY,17,0,0.0,0,0
90132830,1,441,18,WOOL,2,2,42.0,21.0,0
90132830,0,442,18,MILK,4,0,0.0,0,0
90132830,1,442,18,MILK,3,0,0.0,0,0
90132830,1,442,18,WOOL,4,4,18.0,4.5,2
90132830,0,443,18,MILK,6,0,0.0,0,0
90132830,1,443,18,MILK,5,0,0.0,0,0
90132830,1,443,18,WOOL,6,6,6.0,1.0,6
90132830,0,444,18,MILK,5,0,0.0,0,0
90132830,1,444,18,MILK,20,0,0.0,0,0
90132830,1,444,18,WOOL,2,1,1.0,1.0,1
90132830,1,445,18,STRAWBERRY,20,0,0.0,0,0
90132830,1,445,18,WOOL,2,0,0.0,0,0
90132830,1,447,18,WOOL,2,0,0.0,0,0
90132830,1,448,18,WOOL,2,0,0.0,0,0
90132830,0,449,18,WOOL,2,0,0.0,0,0
90132830,1,449,18,WOOL,2,0,0.0,0,0
90132830,0,450,18,STRAWBERRY,1,0,0.0,0,0
90132830,1,450,18,STRAWBERRY,1,0,0.0,0,0
90132830,0,450,18,MILK,8,0,0.0,0,0
90132830,1,450,18,MILK,6,0,0.0,0,0
90132830,0,451,18,WOOL,4,4,110.0,27.5,0
90132830,0,452,18,STRAWBERRY,1,1,245.0,245.0,0
90132830,1,453,18,WOOL,4,4,58.0,14.5,0
90132830,0,455,18,STRAWBERRY,6,6,1472.0,245.333333,0
90132830,1,455,18,WOOL,4,0,0.0,0,0
90132830,0,456,19,STRAWBERRY,7,7,1704.0,243.428571,0
90132830,1,456,19,WOOL,1,0,0.0,0,0
90132830,0,457,19,MILK,11,9,2264.0,251.555556,0
90132830,1,457,19,WOOL,4,0,0.0,0,0
90132830,1,461,19,STRAWBERRY,1,1,245.0,245.0,0
90132830,0,461,19,WOOL,4,0,0.0,0,0
90132830,1,461,19,WOOL,4,0,0.0,0,0
90132830,1,462,19,STRAWBERRY,2,2,490.0,245.0,0
90132830,1,463,19,STRAWBERRY,12,12,2912.0,242.666667,0
90132830,1,464,19,STRAWBERRY,1,0,0.0,0,0
90132830,1,465,19,STRAWBERRY,11,0,0.0,0,0
90132830,1,466,19,STRAWBERRY,2,0,0.0,0,0
90132830,1,466,19,WOOL,4,0,0.0,0,0
90132830,1,467,19,STRAWBERRY,10,0,0.0,0,0
90132830,1,467,19,MILK,9,9,2253.0,250.333333,0
90132830,1,468,19,STRAWBERRY,1,0,0.0,0,0
90132830,0,469,19,STRAWBERRY,1,1,244.0,244.0,0
90132830,1,469,19,STRAWBERRY,1,0,0.0,0,0
90132830,1,469,19,MILK,9,0,0.0,0,0
90132830,1,470,19,STRAWBERRY,2,0,0.0,0,0
90132830,0,470,19,WOOL,4,0,0.0,0,0
90132830,1,470,19,WOOL,4,0,0.0,0,0
90132830,0,471,19,STRAWBERRY,9,0,0.0,0,0
90132830,1,471,19,STRAWBERRY,10,0,0.0,0,0
90132830,1,471,19,MILK,9,0,0.0,0,0
90132830,0,472,19,STRAWBERRY,1,0,0.0,0,0
90132830,1,472,19,STRAWBERRY,1,0,0.0,0,0
90132830,0,474,19,STRAWBERRY,8,0,0.0,0,0
90132830,1,474,19,STRAWBERRY,9,0,0.0,0,0
90132830,0,475,19,MILK,11,0,0.0,0,0
90132830,1,475,19,MILK,12,0,0.0,0,0
90132830,0,477,19,MILK,14,0,0.0,0,0
90132830,1,477,19,MILK,11,0,0.0,0,0
90132830,1,478,19,STRAWBERRY,6,0,0.0,0,0
90132830,1,480,20,STRAWBERRY,12,12,2888.0,240.666667,0
90132830,0,480,20,MILK,19,15,3670.0,244.666667,0
90132830,0,481,20,STRAWBERRY,11,11,2636.0,239.636364,0
90132830,1,481,20,MILK,15,15,3616.0,241.066667,0
90132830,1,482,20,STRAWBERRY,12,0,0.0,0,0
90132830,1,483,20,MILK,15,0,0.0,0,0
90132830,0,485,20,MELON,2,2,417.0,208.5,0
90132830,1,485,20,MILK,15,0,0.0,0,0
90132830,0,486,20,STRAWBERRY,11,1,239.0,239.0,0
90132830,1,486,20,STRAWBERRY,20,0,0.0,0,0
90132830,1,488,20,STRAWBERRY,3,0,0.0,0,0
90132830,0,489,20,MILK,19,0,0.0,0,0
90132830,1,489,20,MILK,15,0,0.0,0,0
90132830,0,492,20,STRAWBERRY,2,2,479.0,239.5,0
90132830,1,492,20,STRAWBERRY,2,2,479.0,239.5,0
90132830,1,493,20,STRAWBERRY,2,0,0.0,0,0
90132830,0,494,20,STRAWBERRY,2,0,0.0,0,0
90132830,1,494,20,STRAWBERRY,4,0,0.0,0,0
90132830,0,497,20,STRAWBERRY,2,0,0.0,0,0
90132830,1,497,20,STRAWBERRY,2,0,0.0,0,0
90132830,1,498,20,STRAWBERRY,7,0,0.0,0,0
90132830,0,499,20,STRAWBERRY,4,0,0.0,0,0
90132830,1,499,20,STRAWBERRY,4,0,0.0,0,0
90132830,0,500,20,MILK,2,2,489.0,244.5,0
90132830,0,501,20,STRAWBERRY,2,0,0.0,0,0
90132830,1,501,20,STRAWBERRY,2,0,0.0,0,0
90132830,0,501,20,MILK,1,1,245.0,245.0,0
90132830,1,502,20,MELON,2,2,422.0,211.0,0
90132830,0,502,20,MILK,2,2,489.0,244.5,0
90132830,0,503,20,MILK,1,1,244.0,244.0,0
90132830,1,504,21,MELON,2,0,0.0,0,0
90132830,0,504,21,STRAWBERRY,13,13,3033.0,233.307692,0
90132830,1,504,21,STRAWBERRY,14,14,3323.0,237.357143,0
90132830,0,505,21,STRAWBERRY,13,1,234.0,234.0,0
90132830,1,505,21,STRAWBERRY,18,0,0.0,0,0
90132830,0,505,21,MILK,2,2,492.0,246.0,0
90132830,1,506,21,MELON,2,0,0.0,0,0
90132830,0,506,21,MILK,1,1,246.0,246.0,0
90132830,0,510,21,MELON,2,0,0.0,0,0
90132830,1,510,21,MELON,2,0,0.0,0,0
90132830,1,517,21,MILK,2,2,501.0,250.5,0
90132830,0,517,21,WOOL,20,20,3645.0,182.25,0
90132830,1,518,21,MILK,4,4,997.0,249.25,0
90132830,1,519,21,MILK,3,3,743.0,247.666667,0
90132830,1,520,21,MILK,2,0,0.0,0,0
90132830,1,521,21,MILK,2,0,0.0,0,0
90132830,1,523,21,MILK,2,0,0.0,0,0
90132830,1,524,21,MILK,1,0,0.0,0,0
90132830,0,525,21,MILK,2,0,0.0,0,0
90132830,1,525,21,MILK,2,0,0.0,0,0
90132830,1,526,21,STRAWBERRY,3,0,0.0,0,0
90132830,0,526,21,MILK,1,1,248.0,248.0,0
90132830,0,527,21,MELON,10,0,0.0,0,0
90132830,1,527,21,MELON,10,0,0.0,0,0
90132830,0,527,21,STRAWBERRY,2,0,0.0,0,0
90132830,1,527,21,STRAWBERRY,2,0,0.0,0,0
90132830,0,527,21,WOOL,4,4,661.0,165.25,0
90132830,0,528,22,STRAWBERRY,13,13,3033.0,233.307692,0
90132830,1,528,22,STRAWBERRY,14,14,3323.0,237.357143,0
90132830,0,529,22,MILK,14,11,2729.0,248.090909,0
90132830,0,531,22,STRAWBERRY,13,1,234.0,234.0,0
90132830,1,531,22,STRAWBERRY,14,0,0.0,0,0
90132830,1,533,22,MILK,12,12,2933.0,244.416667,0
90132830,1,534,22,WOOL,24,24,3439.0,143.291667,0
90132830,1,535,22,MILK,12,0,0.0,0,0
90132830,1,536,22,WOOL,24,0,0.0,0,0
90132830,1,537,22,MILK,19,0,0.0,0,0
90132830,1,538,22,WOOL,24,0,0.0,0,0
90132830,0,541,22,MILK,26,0,0.0,0,0
90132830,1,541,22,MILK,24,0,0.0,0,0
90132830,0,542,22,WOOL,31,0,0.0,0,0
90132830,1,542,22,WOOL,44,0,0.0,0,0
90132830,1,543,22,STRAWBERRY,2,0,0.0,0,0
90132830,0,546,22,MELON,6,6,1266.0,211.0,0
90132830,0,547,22,STRAWBERRY,6,2,478.0,239.0,0
90132830,1,547,22,STRAWBERRY,6,2,478.0,239.0,0
90132830,0,547,22,MILK,4,3,740.0,246.666667,0
90132830,0,548,22,STRAWBERRY,6,0,0.0,0,0
90132830,1,548,22,STRAWBERRY,6,0,0.0,0,0
90132830,0,548,22,MILK,4,2,491.0,245.5,0
90132830,1,549,22,WOOL,2,0,0.0,0,0
90132830,1,550,22,WOOL,12,0,0.0,0,0
90132830,0,551,22,STRAWBERRY,2,0,0.0,0,0
90132830,1,551,22,STRAWBERRY,2,0,0.0,0,0
90132830,0,552,23,STRAWBERRY,13,12,2764.0,230.333333,0
90132830,1,552,23,WOOL,8,0,0.0,0,0
90132830,0,553,23,MILK,4,3,746.0,248.666667,0
90132830,1,558,23,STRAWBERRY,13,13,2992.0,230.153846,0
90132830,1,559,23,MELON,6,6,1250.0,208.333333,0
90132830,1,560,23,STRAWBERRY,13,0,0.0,0,0
90132830,1,560,23,MILK,4,4,994.0,248.5,0
90132830,1,561,23,MELON,6,0,0.0,0,0
90132830,1,561,23,MILK,4,4,992.0,248.0,0
90132830,1,562,23,STRAWBERRY,13,0,0.0,0,0
90132830,1,562,23,MILK,4,1,247.0,247.0,0
90132830,1,563,23,MELON,6,0,0.0,0,0
90132830,1,564,23,MILK,4,0,0.0,0,0
90132830,1,565,23,MILK,1,0,0.0,0,0
90132830,0,566,23,STRAWBERRY,13,0,0.0,0,0
90132830,1,566,23,STRAWBERRY,14,0,0.0,0,0
90132830,0,566,23,MILK,5,0,0.0,0,0
90132830,1,566,23,MILK,4,0,0.0,0,0
90132830,0,566,23,WOOL,3,0,0.0,0,0
90132830,1,566,23,WOOL,3,0,0.0,0,0
90132830,0,567,23,MELON,6,0,0.0,0,0
90132830,1,567,23,MELON,9,0,0.0,0,0
90132830,0,569,23,STRAWBERRY,4,2,463.0,231.5,0
90132830,1,569,23,STRAWBERRY,4,2,463.0,231.5,0
90132830,1,569,23,MILK,1,0,0.0,0,0
90132830,0,570,23,MILK,4,3,748.0,249.333333,0
90132830,1,570,23,MILK,2,2,499.0,249.5,0
90132830,1,571,23,MILK,2,0,0.0,0,0
90132830,0,573,23,STRAWBERRY,6,0,0.0,0,0
90132830,1,573,23,STRAWBERRY,6,0,0.0,0,0
90132830,0,573,23,MILK,15,0,0.0,0,0
90132830,1,573,23,MILK,12,0,0.0,0,0
90132830,1,576,24,MELON,6,6,1234.0,205.666667,0
90132830,0,576,24,STRAWBERRY,28,28,5962.0,212.928571,0
90132830,1,576,24,STRAWBERRY,29,29,6473.0,223.206897,0
90132830,0,577,24,MELON,6,6,1218.0,203.0,0
90132830,0,578,24,MELON,6,0,0.0,0,0
90132830,1,578,24,MELON,8,0,0.0,0,0
90132830,0,578,24,STRAWBERRY,28,2,420.0,210.0,0
90132830,1,578,24,STRAWBERRY,35,0,0.0,0,0
90132830,1,582,24,MELON,7,0,0.0,0,0
90132830,0,587,24,MILK,8,8,2027.0,253.375,0
90132830,0,588,24,MILK,8,4,1004.0,251.0,0
90132830,0,589,24,STRAWBERRY,2,2,431.0,215.5,0
90132830,1,589,24,STRAWBERRY,2,2,431.0,215.5,0
90132830,0,592,24,WOOL,9,9,1783.0,198.111111,0
90132830,0,593,24,WOOL,9,9,1721.0,191.222222,0
90132830,1,594,24,STRAWBERRY,4,0,0.0,0,0
90132830,0,594,24,WOOL,3,3,543.0,181.0,0
90132830,0,595,24,MELON,24,0,0.0,0,0
90132830,0,595,24,STRAWBERRY,4,0,0.0,0,0
90132830,1,595,24,STRAWBERRY,4,0,0.0,0,0
90132830,0,596,24,MILK,4,3,761.0,253.666667,0
90132830,0,597,24,STRAWBERRY,4,4,850.0,212.5,0
90132830,1,597,24,STRAWBERRY,4,4,857.0,214.25,0
90132830,0,598,24,MILK,4,2,507.0,253.5,0
90132830,0,599,24,MELON,6,0,0.0,0,0
90132830,1,599,24,MELON,6,0,0.0,0,0
90132830,0,599,24,STRAWBERRY,4,0,0.0,0,0
90132830,1,599,24,STRAWBERRY,4,0,0.0,0,0
90132830,0,600,25,STRAWBERRY,19,19,3881.0,204.263158,0
90132830,1,600,25,STRAWBERRY,21,20,4077.0,203.85,0
90132830,0,600,25,MILK,4,3,757.0,252.333333,0
90132830,1,604,25,MILK,6,6,1520.0,253.333333,0
90132830,1,605,25,MILK,15,15,3754.0,250.266667,0
90132830,1,606,25,MILK,6,0,0.0,0,0
90132830,1,607,25,MILK,15,0,0.0,0,0
90132830,1,608,25,MILK,6,0,0.0,0,0
90132830,1,609,25,MILK,9,0,0.0,0,0
90132830,1,609,25,WOOL,9,9,1721.0,191.222222,0
90132830,1,610,25,WOOL,12,12,2039.0,169.916667,0
90132830,1,611,25,WOOL,9,0,0.0,0,0
90132830,0,612,25,MILK,8,0,0.0,0,0
90132830,1,612,25,MILK,6,0,0.0,0,0
90132830,1,612,25,WOOL,9,0,0.0,0,0
90132830,0,613,25,MILK,11,0,0.0,0,0
90132830,1,613,25,MILK,9,0,0.0,0,0
90132830,1,613,25,WOOL,9,0,0.0,0,0
90132830,0,617,25,STRAWBERRY,6,0,0.0,0,0
90132830,1,617,25,STRAWBERRY,6,0,0.0,0,0
90132830,0,617,25,MILK,18,0,0.0,0,0
90132830,1,617,25,MILK,14,0,0.0,0,0
90132830,0,617,25,WOOL,9,0,0.0,0,0
90132830,1,617,25,WOOL,9,0,0.0,0,0
90132830,0,619,25,STRAWBERRY,6,0,0.0,0,0
90132830,1,619,25,STRAWBERRY,6,0,0.0,0,0
90132830,0,622,25,MELON,6,0,0.0,0,0
90132830,1,622,25,MELON,6,0,0.0,0,0
90132830,0,625,26,MELON,6,6,787.0,131.166667,0
90132830,1,625,26,MELON,6,6,787.0,131.166667,0
90132830,0,625,26,STRAWBERRY,18,18,3574.0,198.555556,0
90132830,0,625,26,WOOL,1,0,0.0,0,0
90132830,1,625,26,WOOL,1,0,0.0,0,0
90132830,0,626,26,MILK,19,15,3804.0,253.6,0
90132830,1,627,26,WOOL,2,0,0.0,0,0
90132830,1,629,26,STRAWBERRY,20,20,3830.0,191.5,0
90132830,1,630,26,MILK,15,15,3729.0,248.6,0
90132830,1,631,26,STRAWBERRY,20,0,0.0,0,0
90132830,0,631,26,WOOL,11,0,0.0,0,0
90132830,1,631,26,WOOL,12,0,0.0,0,0
90132830,1,632,26,MILK,15,0,0.0,0,0
90132830,1,633,26,STRAWBERRY,20,0,0.0,0,0
90132830,1,633,26,MILK,15,0,0.0,0,0
90132830,0,637,26,STRAWBERRY,18,2,384.0,192.0,0
90132830,1,637,26,STRAWBERRY,20,0,0.0,0,0
90132830,0,637,26,MILK,19,0,0.0,0,0
90132830,1,637,26,MILK,30,0,0.0,0,0
90132830,0,649,27,MELON,6,6,733.0,122.166667,0
90132830,1,649,27,MELON,6,6,733.0,122.166667,0
90132830,0,649,27,STRAWBERRY,13,13,2549.0,196.076923,0
90132830,0,650,27,MILK,11,9,2279.0,253.222222,0
90132830,0,651,27,STRAWBERRY,8,8,1528.0,191.0,0
90132830,0,652,27,WOOL,1,1,218.0,218.0,0
90132830,1,653,27,MILK,9,9,2256.0,250.666667,0
90132830,0,653,27,WOOL,1,1,219.0,219.0,0
90132830,0,654,27,WOOL,1,1,218.0,218.0,0
90132830,1,654,27,WOOL,1,1,218.0,218.0,0
90132830,1,655,27,MILK,9,0,0.0,0,0
90132830,0,655,27,WOOL,1,1,215.0,215.0,0
90132830,1,655,27,WOOL,2,2,426.0,213.0,0
90132830,0,656,27,WOOL,1,1,209.0,209.0,0
90132830,1,656,27,WOOL,2,2,409.0,204.5,0
90132830,1,657,27,STRAWBERRY,4,4,768.0,192.0,0
90132830,1,657,27,MILK,9,0,0.0,0,0
90132830,0,657,27,WOOL,1,1,206.0,206.0,0
90132830,1,657,27,WOOL,1,1,200.0,200.0,0
90132830,1,658,27,STRAWBERRY,2,2,381.0,190.5,0
90132830,0,658,27,WOOL,1,1,200.0,200.0,0
90132830,1,659,27,STRAWBERRY,2,2,379.0,189.5,0
90132830,0,659,27,WOOL,1,1,200.0,200.0,0
90132830,1,659,27,WOOL,2,2,398.0,199.0,0
90132830,1,660,27,STRAWBERRY,10,10,1865.0,186.5,0
90132830,0,660,27,WOOL,1,1,199.0,199.0,0
90132830,1,660,27,WOOL,1,1,199.0,199.0,0
90132830,0,661,27,STRAWBERRY,2,0,0.0,0,0
90132830,1,661,27,STRAWBERRY,5,5,934.0,186.8,0
90132830,0,661,27,MILK,11,0,0.0,0,0
90132830,1,661,27,MILK,10,0,0.0,0,0
90132830,0,661,27,WOOL,1,1,200.0,200.0,0
90132830,1,661,27,WOOL,1,1,200.0,200.0,0
90132830,1,662,27,STRAWBERRY,8,0,0.0,0,0
90132830,1,663,27,STRAWBERRY,9,0,0.0,0,0
90132830,1,664,27,STRAWBERRY,8,0,0.0,0,0
90132830,1,665,27,STRAWBERRY,4,0,0.0,0,0
90132830,1,667,27,MILK,4,0,0.0,0,0
90132830,0,668,27,STRAWBERRY,7,0,0.0,0,0
90132830,1,668,27,STRAWBERRY,8,0,0.0,0,0
90132830,0,669,27,STRAWBERRY,4,0,0.0,0,0
90132830,1,669,27,STRAWBERRY,4,0,0.0,0,0
90132830,1,670,27,MILK,15,0,0.0,0,0
90132830,0,673,28,MILK,19,15,3774.0,251.6,0
90132830,1,673,28,MILK,15,15,3791.0,252.733333,0
90132830,1,674,28,MILK,8,0,0.0,0,0
90132830,0,674,28,WOOL,14,14,2886.0,206.142857,0
90132830,0,675,28,STRAWBERRY,13,13,2473.0,190.230769,0
90132830,0,676,28,MELON,12,12,1342.0,111.833333,0
90132830,1,677,28,STRAWBERRY,3,3,565.0,188.333333,0
90132830,1,678,28,STRAWBERRY,3,3,560.0,186.666667,0
90132830,0,678,28,MILK,10,0,0.0,0,0
90132830,1,678,28,MILK,8,0,0.0,0,0
90132830,1,679,28,STRAWBERRY,6,6,1106.0,184.333333,0
90132830,1,681,28,STRAWBERRY,3,3,552.0,184.0,0
90132830,1,682,28,STRAWBERRY,12,0,0.0,0,0
90132830,0,685,28,STRAWBERRY,3,1,187.0,187.0,0
90132830,1,685,28,STRAWBERRY,3,0,0.0,0,0
90132830,0,685,28,MILK,4,0,0.0,0,0
90132830,1,685,28,MILK,9,0,0.0,0,0
90132830,0,686,28,STRAWBERRY,18,0,0.0,0,0
90132830,1,686,28,STRAWBERRY,23,0,0.0,0,0
90132830,1,686,28,MILK,13,0,0.0,0,0
90132830,1,688,28,STRAWBERRY,3,0,0.0,0,0
90132830,1,689,28,STRAWBERRY,6,0,0.0,0,0
90132830,1,690,28,STRAWBERRY,14,0,0.0,0,0
90132830,0,697,29,MELON,12,0,0.0,0,0
90132830,1,697,29,MELON,12,12,1227.0,102.25,0
90132830,0,697,29,STRAWBERRY,14,14,2587.0,184.785714,0
90132830,1,697,29,STRAWBERRY,13,13,2493.0,191.769231,0
90132830,0,697,29,MILK,11,9,2293.0,254.777778,0
90132830,1,697,29,MILK,9,9,2260.0,251.111111,0
90132830,0,697,29,WOOL,23,0,0.0,0,0
90132830,1,697,29,WOOL,20,14,3017.0,215.5,0
90132830,1,698,29,MILK,9,0,0.0,0,0
90132830,1,699,29,WOOL,22,0,0.0,0,0
90132830,1,702,29,MILK,11,0,0.0,0,0
90132830,1,703,29,MILK,3,0,0.0,0,0
90132830,1,703,29,WOOL,24,0,0.0,0,0
90132830,1,707,29,MELON,1,0,0.0,0,0
90132830,1,709,29,MELON,8,0,0.0,0,0
90132830,1,709,29,WOOL,12,0,0.0,0,0
90132830,1,710,29,MELON,3,0,0.0,0,0
90132830,1,710,29,MILK,9,0,0.0,0,0
90132830,1,711,29,MELON,1,0,0.0,0,0
90132830,1,712,29,MILK,12,0,0.0,0,0
90132830,1,712,29,WOOL,20,0,0.0,0,0
90132830,0,713,29,MELON,8,0,0.0,0,0
90132830,1,713,29,MELON,8,0,0.0,0,0
90132830,0,713,29,STRAWBERRY,6,1,191.0,191.0,0
90132830,1,713,29,STRAWBERRY,6,0,0.0,0,0
90132830,0,713,29,MILK,4,0,0.0,0,0
90132830,1,713,29,MILK,3,0,0.0,0,0
90132830,0,714,29,MELON,3,0,0.0,0,0
90132830,1,714,29,MELON,3,0,0.0,0,0
90132830,0,714,29,WOOL,8,0,0.0,0,0
90132830,0,715,29,MILK,4,0,0.0,0,0
90132830,1,715,29,MILK,3,0,0.0,0,0
90132830,0,715,29,WOOL,12,0,0.0,0,0
90132830,1,715,29,WOOL,12,0,0.0,0,0
90132830,0,716,29,STRAWBERRY,3,0,0.0,0,0
90132830,1,716,29,STRAWBERRY,3,0,0.0,0,0
90132830,0,716,29,MILK,11,0,0.0,0,0
90132830,1,716,29,MILK,3,0,0.0,0,0
90132830,0,717,29,STRAWBERRY,2,0,0.0,0,0
90132830,0,718,29,WOOL,4,0,0.0,0,0
90132830,0,719,29,WOOL,4,0,0.0,0,0
90133493,0,76,3,MELON,8,0,0.0,0,0
90133493,1,76,3,MELON,6,0,0.0,0,0
90133493,0,77,3,MELON,6,0,0.0,0,0
90133493,1,77,3,MELON,5,0,0.0,0,0
90133493,0,98,4,MELON,5,0,0.0,0,0
90133493,1,98,4,MELON,4,0,0.0,0,0
90133493,0,158,6,WOOL,6,0,0.0,0,0
90133493,1,158,6,WOOL,6,0,0.0,0,0
90133493,0,195,8,MILK,10,0,0.0,0,0
90133493,1,195,8,MILK,8,0,0.0,0,0
90133493,0,198,8,MILK,15,0,0.0,0,0
90133493,1,198,8,MILK,12,0,0.0,0,0
90133493,0,229,9,WOOL,4,0,0.0,0,0
90133493,1,229,9,WOOL,4,0,0.0,0,0
90133493,0,256,10,MELON,8,0,0.0,0,0
90133493,1,256,10,MELON,6,0,0.0,0,0
90133493,0,257,10,MELON,8,0,0.0,0,0
90133493,1,257,10,MELON,6,0,0.0,0,0
90133493,0,259,10,MELON,20,0,0.0,0,0
90133493,1,259,10,MELON,16,0,0.0,0,0
90133493,0,262,10,MELON,14,0,0.0,0,0
90133493,1,262,10,MELON,11,0,0.0,0,0
90133493,0,264,11,MELON,34,18,4178.0,232.111111,0
90133493,1,264,11,MELON,27,18,4178.0,232.111111,0
90133493,0,269,11,STRAWBERRY,6,0,0.0,0,0
90133493,1,269,11,STRAWBERRY,4,0,0.0,0,0
90133493,0,280,11,MILK,9,9,2025.0,225.0,0
90133493,0,280,11,WOOL,6,0,0.0,0,0
90133493,1,280,11,WOOL,6,0,0.0,0,0
90133493,0,292,12,STRAWBERRY,9,0,0.0,0,0
90133493,1,292,12,STRAWBERRY,6,0,0.0,0,0
90133493,0,292,12,MILK,11,0,0.0,0,0
90133493,1,292,12,MILK,9,9,2020.0,224.444444,0
90133493,1,293,12,MILK,9,0,0.0,0,0
90133493,0,294,12,MILK,15,0,0.0,0,0
90133493,1,294,12,MILK,12,0,0.0,0,0
90133493,0,295,12,MILK,25,0,0.0,0,0
90133493,1,295,12,MILK,20,0,0.0,0,0
90133493,0,301,12,MILK,11,0,0.0,0,0
90133493,1,301,12,MILK,9,0,0.0,0,0
90133493,0,302,12,MILK,8,0,0.0,0,0
90133493,1,302,12,MILK,6,0,0.0,0,0
90133493,0,306,12,MELON,15,0,0.0,0,0
90133493,1,306,12,MELON,12,0,0.0,0,0
90133493,0,308,12,MILK,2,0,0.0,0,0
90133493,1,308,12,MILK,2,0,0.0,0,0
90133493,0,309,12,WOOL,5,0,0.0,0,0
90133493,1,309,12,WOOL,5,0,0.0,0,0
90133493,0,311,12,MILK,1,1,223.0,223.0,0
90133493,0,312,13,MILK,3,3,664.0,221.333333,0
90133493,0,323,13,MILK,4,0,0.0,0,0
90133493,1,323,13,MILK,3,3,673.0,224.333333,0
90133493,0,324,13,MILK,1,0,0.0,0,0
90133493,1,324,13,MILK,3,1,223.0,223.0,0
90133493,0,325,13,MILK,4,0,0.0,0,0
90133493,1,325,13,MILK,3,0,0.0,0,0
90133493,0,329,13,MILK,2,2,443.0,221.5,0
90133493,0,341,14,MILK,4,0,0.0,0,0
90133493,1,341,14,MILK,3,3,675.0,225.0,0
90133493,1,342,14,MILK,3,0,0.0,0,0
90133493,0,343,14,MILK,4,0,0.0,0,0
90133493,1,343,14,MILK,3,0,0.0,0,0
90133493,0,344,14,MILK,5,0,0.0,0,0
90133493,1,344,14,MILK,4,0,0.0,0,0
90133493,0,347,14,MILK,4,0,0.0,0,0
90133493,1,347,14,MILK,3,0,0.0,0,0
90133493,0,348,14,MILK,5,0,0.0,0,0
90133493,1,348,14,MILK,4,0,0.0,0,0
90133493,0,348,14,WOOL,7,6,1435.0,239.166667,0
90133493,1,348,14,WOOL,7,6,1435.0,239.166667,0
90133493,0,353,14,WOOL,6,0,0.0,0,0
90133493,1,353,14,WOOL,6,0,0.0,0,0
90133493,0,354,14,MILK,6,6,1362.0,227.0,0
90133493,0,354,14,WOOL,6,0,0.0,0,0
90133493,1,354,14,WOOL,6,0,0.0,0,0
90133493,0,358,14,WOOL,7,0,0.0,0,0
90133493,1,358,14,WOOL,7,0,0.0,0,0
90133493,0,359,14,MELON,12,6,1276.0,212.666667,0
90133493,1,359,14,MELON,6,6,1275.0,212.5,0
90133493,0,359,14,STRAWBERRY,6,0,0.0,0,0
90133493,1,359,14,STRAWBERRY,4,0,0.0,0,0
90133493,0,360,15,MELON,9,6,1179.0,196.5,0
90133493,1,360,15,MELON,7,6,1179.0,196.5,0
90133493,0,360,15,MILK,3,3,677.0,225.666667,0
90133493,0,360,15,WOOL,4,4,940.0,235.0,0
90133493,0,362,15,MELON,9,0,0.0,0,0
90133493,1,362,15,MELON,7,0,0.0,0,0
90133493,0,364,15,WOOL,4,0,0.0,0,0
90133493,1,364,15,WOOL,4,4,940.0,235.0,0
90133493,0,365,15,MILK,11,0,0.0,0,0
90133493,1,365,15,MILK,9,9,2040.0,226.666667,0
90133493,1,365,15,WOOL,4,0,0.0,0,0
90133493,1,366,15,MILK,9,0,0.0,0,0
90133493,0,366,15,WOOL,4,0,0.0,0,0
90133493,1,366,15,WOOL,4,0,0.0,0,0
90133493,0,367,15,MILK,11,0,0.0,0,0
90133493,1,367,15,MILK,9,0,0.0,0,0
90133493,0,370,15,WOOL,9,0,0.0,0,0
90133493,1,370,15,WOOL,9,0,0.0,0,0
90133493,0,371,15,MILK,15,0,0.0,0,0
90133493,1,371,15,MILK,12,0,0.0,0,0
90133493,0,375,15,WOOL,6,0,0.0,0,0
90133493,1,375,15,WOOL,6,0,0.0,0,0
90133493,0,384,16,MILK,9,9,2066.0,229.555556,0
90133493,0,384,16,WOOL,8,4,944.0,236.0,0
90133493,1,384,16,WOOL,8,4,944.0,236.0,0
90133493,0,385,16,MILK,11,0,0.0,0,0
90133493,1,385,16,MILK,9,9,2046.0,227.333333,0
90133493,1,386,16,MILK,9,0,0.0,0,0
90133493,0,387,16,MILK,11,0,0.0,0,0
90133493,1,387,16,MILK,9,0,0.0,0,0
90133493,0,391,16,MILK,35,0,0.0,0,0
90133493,1,391,16,MILK,28,0,0.0,0,0
90133493,0,403,16,STRAWBERRY,4,4,823.0,205.75,0
90133493,0,407,16,WOOL,4,0,0.0,0,0
90133493,1,407,16,WOOL,4,0,0.0,0,0
90133493,0,408,17,STRAWBERRY,4,4,820.0,205.0,0
90133493,0,408,17,MILK,18,9,2070.0,230.0,0
90133493,1,408,17,MILK,9,9,2061.0,229.0,0
90133493,0,409,17,MILK,11,0,0.0,0,0
90133493,1,409,17,MILK,9,0,0.0,0,0
90133493,0,411,17,MELON,1,0,0.0,0,0
90133493,1,411,17,MELON,1,0,0.0,0,0
90133493,0,415,17,STRAWBERRY,8,0,0.0,0,0
90133493,1,415,17,STRAWBERRY,5,5,1028.0,205.6,0
90133493,0,416,17,STRAWBERRY,4,0,0.0,0,0
90133493,1,416,17,STRAWBERRY,5,3,612.0,204.0,0
90133493,0,417,17,STRAWBERRY,8,0,0.0,0,0
90133493,1,417,17,STRAWBERRY,5,0,0.0,0,0
90133493,0,421,17,STRAWBERRY,8,0,0.0,0,0
90133493,1,421,17,STRAWBERRY,5,0,0.0,0,0
90133493,0,423,17,MELON,5,0,0.0,0,0
90133493,1,423,17,MELON,4,0,0.0,0,0
90133493,0,423,17,WOOL,4,0,0.0,0,0
90133493,1,423,17,WOOL,4,0,0.0,0,0
90133493,0,424,17,WOOL,3,0,0.0,0,0
90133493,1,424,17,WOOL,3,0,0.0,0,0
90133493,0,425,17,MILK,6,6,1398.0,233.0,0
90133493,0,431,17,WOOL,2,2,474.0,237.0,0
90133493,0,432,18,STRAWBERRY,8,8,1646.0,205.75,0
90133493,0,432,18,MILK,6,6,1389.0,231.5,0
90133493,0,433,18,WOOL,6,6,1424.0,237.333333,0
90133493,0,434,18,WOOL,5,5,1185.0,237.0,0
90133493,0,435,18,STRAWBERRY,12,0,0.0,0,0
90133493,1,435,18,STRAWBERRY,8,8,1637.0,204.625,0
90133493,1,436,18,STRAWBERRY,8,0,0.0,0,0
90133493,0,436,18,MILK,4,0,0.0,0,0
90133493,1,436,18,MILK,3,3,695.0,231.666667,0
90133493,0,437,18,STRAWBERRY,12,0,0.0,0,0
90133493,1,437,18,STRAWBERRY,8,0,0.0,0,0
90133493,0,437,18,MILK,10,0,0.0,0,0
90133493,1,437,18,MILK,9,9,2071.0,230.111111,0
90133493,0,438,18,MILK,4,0,0.0,0,0
90133493,1,438,18,MILK,8,0,0.0,0,0
90133493,0,439,18,MILK,6,0,0.0,0,0
90133493,1,439,18,MILK,5,0,0.0,0,0
90133493,0,440,18,MILK,5,0,0.0,0,0
90133493,1,440,18,MILK,4,0,0.0,0,0
90133493,0,441,18,STRAWBERRY,26,0,0.0,0,0
90133493,1,441,18,STRAWBERRY,17,0,0.0,0,0
90133493,0,442,18,MILK,4,0,0.0,0,0
90133493,1,442,18,MILK,3,0,0.0,0,0
90133493,0,443,18,MILK,6,0,0.0,0,0
90133493,1,443,18,MILK,5,0,0.0,0,0
90133493,0,443,18,WOOL,2,0,0.0,0,0
90133493,1,443,18,WOOL,2,2,474.0,237.0,0
90133493,0,444,18,MILK,25,0,0.0,0,0
90133493,1,444,18,MILK,20,0,0.0,0,0
90133493,0,444,18,WOOL,2,0,0.0,0,0
90133493,1,444,18,WOOL,4,4,946.0,236.5,0
90133493,0,445,18,STRAWBERRY,30,0,0.0,0,0
90133493,1,445,18,STRAWBERRY,20,0,0.0,0,0
90133493,0,445,18,WOOL,2,0,0.0,0,0
90133493,1,445,18,WOOL,2,2,474.0,237.0,0
90133493,0,447,18,WOOL,2,0,0.0,0,0
90133493,1,447,18,WOOL,2,2,472.0,236.0,0
90133493,0,448,18,WOOL,2,0,0.0,0,0
90133493,1,448,18,WOOL,3,3,708.0,236.0,0
90133493,0,449,18,WOOL,2,0,0.0,0,0
90133493,1,449,18,WOOL,2,0,0.0,0,0
90133493,0,450,18,STRAWBERRY,2,0,0.0,0,0
90133493,1,450,18,STRAWBERRY,1,0,0.0,0,0
90133493,0,450,18,MILK,8,0,0.0,0,0
90133493,1,450,18,MILK,6,0,0.0,0,0
90133493,0,451,18,WOOL,4,4,944.0,236.0,0
90133493,0,455,18,STRAWBERRY,6,6,1244.0,207.333333,0
90133493,0,455,18,WOOL,4,0,0.0,0,0
90133493,1,455,18,WOOL,4,4,943.0,235.75,0
90133493,0,456,19,STRAWBERRY,8,8,1637.0,204.625,0
90133493,0,456,19,WOOL,1,0,0.0,0,0
90133493,1,456,19,WOOL,4,0,0.0,0,0
90133493,0,457,19,MILK,9,9,2117.0,235.222222,0
90133493,0,457,19,WOOL,4,0,0.0,0,0
90133493,1,457,19,WOOL,4,0,0.0,0,0
90133493,1,460,19,WOOL,1,0,0.0,0,0
90133493,0,461,19,WOOL,4,0,0.0,0,0
90133493,1,461,19,WOOL,4,0,0.0,0,0
90133493,0,463,19,STRAWBERRY,2,0,0.0,0,0
90133493,1,463,19,STRAWBERRY,1,1,206.0,206.0,0
90133493,0,464,19,STRAWBERRY,2,0,0.0,0,0
90133493,1,464,19,STRAWBERRY,2,2,411.0,205.5,0
90133493,0,465,19,STRAWBERRY,17,0,0.0,0,0
90133493,1,465,19,STRAWBERRY,11,11,2244.0,204.0,0
90133493,0,466,19,STRAWBERRY,3,0,0.0,0,0
90133493,1,466,19,STRAWBERRY,10,1,201.0,201.0,0
90133493,0,466,19,WOOL,4,0,0.0,0,0
90133493,1,466,19,WOOL,4,0,0.0,0,0
90133493,0,467,19,STRAWBERRY,15,0,0.0,0,0
90133493,1,467,19,STRAWBERRY,10,0,0.0,0,0
90133493,0,468,19,STRAWBERRY,2,0,0.0,0,0
90133493,1,468,19,STRAWBERRY,1,0,0.0,0,0
90133493,0,469,19,STRAWBERRY,2,0,0.0,0,0
90133493,1,469,19,STRAWBERRY,1,0,0.0,0,0
90133493,0,469,19,MILK,11,0,0.0,0,0
90133493,1,469,19,MILK,9,9,2126.0,236.222222,0
90133493,0,470,19,STRAWBERRY,3,0,0.0,0,0
90133493,1,470,19,STRAWBERRY,2,0,0.0,0,0
90133493,1,470,19,MILK,9,0,0.0,0,0
90133493,0,470,19,WOOL,4,0,0.0,0,0
90133493,1,470,19,WOOL,4,0,0.0,0,0
90133493,0,471,19,STRAWBERRY,15,0,0.0,0,0
90133493,1,471,19,STRAWBERRY,10,0,0.0,0,0
90133493,0,471,19,MILK,11,0,0.0,0,0
90133493,1,471,19,MILK,9,0,0.0,0,0
90133493,0,472,19,STRAWBERRY,2,0,0.0,0,0
90133493,1,472,19,STRAWBERRY,1,0,0.0,0,0
90133493,0,474,19,STRAWBERRY,14,0,0.0,0,0
90133493,1,474,19,STRAWBERRY,9,0,0.0,0,0
90133493,0,475,19,MILK,15,0,0.0,0,0
90133493,1,475,19,MILK,12,0,0.0,0,0
90133493,0,477,19,MILK,14,0,0.0,0,0
90133493,1,477,19,MILK,11,0,0.0,0,0
90133493,0,478,19,STRAWBERRY,9,0,0.0,0,0
90133493,1,478,19,STRAWBERRY,6,0,0.0,0,0
90133493,0,480,20,STRAWBERRY,18,12,2378.0,198.166667,0
90133493,1,480,20,STRAWBERRY,12,12,2310.0,192.5,0
90133493,0,480,20,MILK,15,15,3401.0,226.733333,0
90133493,1,481,20,STRAWBERRY,12,0,0.0,0,0
90133493,0,482,20,MELON,1,1,208.0,208.0,0
90133493,0,482,20,STRAWBERRY,18,0,0.0,0,0
90133493,1,482,20,STRAWBERRY,12,0,0.0,0,0
90133493,0,483,20,MILK,19,0,0.0,0,0
90133493,1,483,20,MILK,15,15,3330.0,222.0,0
90133493,1,484,20,MILK,15,0,0.0,0,0
90133493,0,485,20,MILK,19,0,0.0,0,0
90133493,1,485,20,MILK,15,0,0.0,0,0
90133493,0,486,20,STRAWBERRY,30,0,0.0,0,0
90133493,1,486,20,STRAWBERRY,20,0,0.0,0,0
90133493,0,488,20,STRAWBERRY,4,0,0.0,0,0
90133493,1,488,20,STRAWBERRY,3,0,0.0,0,0
90133493,0,489,20,MILK,19,0,0.0,0,0
90133493,1,489,20,MILK,15,0,0.0,0,0
90133493,0,492,20,STRAWBERRY,3,2,391.0,195.5,0
90133493,1,492,20,STRAWBERRY,2,2,391.0,195.5,0
90133493,0,493,20,STRAWBERRY,3,0,0.0,0,0
90133493,1,493,20,STRAWBERRY,2,0,0.0,0,0
90133493,0,494,20,MELON,1,0,0.0,0,0
90133493,0,494,20,STRAWBERRY,6,0,0.0,0,0
90133493,1,494,20,STRAWBERRY,4,0,0.0,0,0
90133493,0,497,20,STRAWBERRY,3,0,0.0,0,0
90133493,1,497,20,STRAWBERRY,2,0,0.0,0,0
90133493,0,498,20,STRAWBERRY,10,0,0.0,0,0
90133493,1,498,20,STRAWBERRY,7,0,0.0,0,0
90133493,0,499,20,STRAWBERRY,6,0,0.0,0,0
90133493,1,499,20,STRAWBERRY,4,0,0.0,0,0
90133493,0,500,20,MILK,3,3,679.0,226.333333,0
90133493,0,501,20,STRAWBERRY,3,0,0.0,0,0
90133493,1,501,20,STRAWBERRY,2,0,0.0,0,0
90133493,0,502,20,MILK,3,3,679.0,226.333333,0
90133493,0,504,21,MELON,2,0,0.0,0,0
90133493,1,504,21,MELON,2,2,422.0,211.0,0
90133493,0,504,21,STRAWBERRY,21,14,2595.0,185.357143,0
90133493,1,504,21,STRAWBERRY,14,14,2595.0,185.357143,0
90133493,0,504,21,MILK,3,3,673.0,224.333333,0
90133493,1,505,21,MELON,2,0,0.0,0,0
90133493,0,505,21,STRAWBERRY,27,0,0.0,0,0
90133493,1,505,21,STRAWBERRY,18,0,0.0,0,0
90133493,0,506,21,MELON,2,0,0.0,0,0
90133493,1,506,21,MELON,2,0,0.0,0,0
90133493,0,509,21,MILK,2,0,0.0,0,0
90133493,0,510,21,MELON,2,0,0.0,0,0
90133493,1,510,21,MELON,2,0,0.0,0,0
90133493,0,510,21,MILK,2,0,0.0,0,0
90133493,0,511,21,MILK,2,0,0.0,0,0
90133493,0,512,21,MILK,2,0,0.0,0,0
90133493,0,513,21,MILK,1,0,0.0,0,0
90133493,0,514,21,WOOL,20,20,4787.0,239.35,0
90133493,0,519,21,MILK,2,0,0.0,0,0
90133493,1,519,21,MILK,2,2,468.0,234.0,0
90133493,0,520,21,MILK,2,0,0.0,0,0
90133493,1,520,21,MILK,4,4,930.0,232.5,0
90133493,0,521,21,MILK,2,0,0.0,0,0
90133493,1,521,21,MILK,2,2,465.0,232.5,0
90133493,0,523,21,MILK,2,0,0.0,0,0
90133493,1,523,21,MILK,1,1,232.0,232.0,0
90133493,0,524,21,MILK,1,0,0.0,0,0
90133493,1,524,21,MILK,2,0,0.0,0,0
90133493,0,525,21,MILK,2,0,0.0,0,0
90133493,1,525,21,MILK,2,0,0.0,0,0
90133493,0,526,21,STRAWBERRY,4,0,0.0,0,0
90133493,1,526,21,STRAWBERRY,3,0,0.0,0,0
90133493,0,526,21,MILK,1,1,231.0,231.0,0
90133493,0,526,21,WOOL,24,4,956.0,239.0,0
90133493,0,527,21,MELON,12,0,0.0,0,0
90133493,1,527,21,MELON,10,0,0.0,0,0
90133493,0,527,21,STRAWBERRY,3,0,0.0,0,0
90133493,1,527,21,STRAWBERRY,2,0,0.0,0,0
90133493,0,528,22,STRAWBERRY,21,14,2595.0,185.357143,0
90133493,1,528,22,STRAWBERRY,14,14,2595.0,185.357143,0
90133493,0,528,22,MILK,11,11,2500.0,227.272727,0
90133493,0,531,22,STRAWBERRY,21,0,0.0,0,0
90133493,1,531,22,STRAWBERRY,14,0,0.0,0,0
90133493,0,535,22,MILK,15,0,0.0,0,0
90133493,1,535,22,MILK,12,12,2717.0,226.416667,0
90133493,1,536,22,MILK,15,0,0.0,0,0
90133493,0,536,22,WOOL,24,0,0.0,0,0
90133493,1,536,22,WOOL,24,24,5725.0,238.541667,0
90133493,0,537,22,MILK,24,0,0.0,0,0
90133493,1,537,22,MILK,19,0,0.0,0,0
90133493,1,537,22,WOOL,24,0,0.0,0,0
90133493,0,538,22,WOOL,24,0,0.0,0,0
90133493,1,538,22,WOOL,24,0,0.0,0,0
90133493,0,541,22,MILK,30,0,0.0,0,0
90133493,1,541,22,MILK,24,0,0.0,0,0
90133493,0,542,22,WOOL,44,0,0.0,0,0
90133493,1,542,22,WOOL,44,0,0.0,0,0
90133493,0,543,22,STRAWBERRY,3,0,0.0,0,0
90133493,1,543,22,STRAWBERRY,2,0,0.0,0,0
90133493,0,546,22,MELON,6,6,1266.0,211.0,0
90133493,0,547,22,STRAWBERRY,9,2,383.0,191.5,0
90133493,1,547,22,STRAWBERRY,6,2,383.0,191.5,0
90133493,0,547,22,MILK,3,3,689.0,229.666667,0
90133493,0,548,22,STRAWBERRY,9,0,0.0,0,0
90133493,1,548,22,STRAWBERRY,6,0,0.0,0,0
90133493,0,548,22,MILK,3,3,683.0,227.666667,0
90133493,0,549,22,WOOL,2,0,0.0,0,0
90133493,1,549,22,WOOL,2,0,0.0,0,0
90133493,0,550,22,WOOL,12,0,0.0,0,0
90133493,1,550,22,WOOL,12,0,0.0,0,0
90133493,0,551,22,MELON,6,0,0.0,0,0
90133493,0,551,22,STRAWBERRY,3,0,0.0,0,0
90133493,1,551,22,STRAWBERRY,2,0,0.0,0,0
90133493,0,552,23,STRAWBERRY,12,12,2104.0,175.333333,0
90133493,0,552,23,MILK,5,3,683.0,227.666667,0
90133493,0,552,23,WOOL,8,0,0.0,0,0
90133493,1,552,23,WOOL,8,0,0.0,0,0
90133493,0,553,23,MILK,4,0,0.0,0,0
90133493,0,560,23,STRAWBERRY,20,0,0.0,0,0
90133493,1,560,23,STRAWBERRY,13,13,2275.0,175.0,0
90133493,0,561,23,MELON,8,0,0.0,0,0
90133493,1,561,23,MELON,6,6,1250.0,208.333333,0
90133493,1,561,23,STRAWBERRY,13,0,0.0,0,0
90133493,1,562,23,MELON,6,0,0.0,0,0
90133493,0,562,23,STRAWBERRY,20,0,0.0,0,0
90133493,1,562,23,STRAWBERRY,13,0,0.0,0,0
90133493,0,562,23,MILK,5,0,0.0,0,0
90133493,1,562,23,MILK,4,4,932.0,233.0,0
90133493,0,563,23,MELON,8,0,0.0,0,0
90133493,1,563,23,MELON,6,0,0.0,0,0
90133493,0,564,23,MILK,5,0,0.0,0,0
90133493,1,564,23,MILK,4,4,924.0,231.0,0
90133493,0,565,23,MILK,1,0,0.0,0,0
90133493,1,565,23,MILK,4,1,233.0,233.0,0
90133493,0,566,23,STRAWBERRY,21,0,0.0,0,0
90133493,1,566,23,STRAWBERRY,14,0,0.0,0,0
90133493,0,566,23,MILK,5,0,0.0,0,0
90133493,1,566,23,MILK,4,0,0.0,0,0
90133493,0,566,23,WOOL,3,0,0.0,0,0
90133493,1,566,23,WOOL,3,0,0.0,0,0
90133493,0,567,23,MELON,11,0,0.0,0,0
90133493,1,567,23,MELON,9,0,0.0,0,0
90133493,0,569,23,STRAWBERRY,6,2,355.0,177.5,0
90133493,1,569,23,STRAWBERRY,4,2,355.0,177.5,0
90133493,0,569,23,MILK,1,0,0.0,0,0
90133493,1,569,23,MILK,1,0,0.0,0,0
90133493,0,570,23,MILK,2,2,466.0,233.0,0
90133493,0,571,23,MILK,2,0,0.0,0,0
90133493,1,571,23,MILK,2,2,464.0,232.0,0
90133493,1,572,23,MILK,2,0,0.0,0,0
90133493,0,573,23,STRAWBERRY,9,0,0.0,0,0
90133493,1,573,23,STRAWBERRY,6,0,0.0,0,0
90133493,0,573,23,MILK,15,0,0.0,0,0
90133493,1,573,23,MILK,12,0,0.0,0,0
90133493,0,576,24,MELON,8,6,1213.0,202.166667,0
90133493,1,576,24,MELON,6,6,1213.0,202.166667,0
90133493,0,576,24,STRAWBERRY,44,29,3897.0,134.37931,0
90133493,1,576,24,STRAWBERRY,29,29,3897.0,134.37931,0
90133493,0,578,24,MELON,10,0,0.0,0,0
90133493,1,578,24,MELON,8,0,0.0,0,0
90133493,0,578,24,STRAWBERRY,52,0,0.0,0,0
90133493,1,578,24,STRAWBERRY,35,0,0.0,0,0
90133493,0,582,24,MELON,9,0,0.0,0,0
90133493,1,582,24,MELON,7,0,0.0,0,0
90133493,0,584,24,MILK,8,8,1888.0,236.0,0
90133493,0,585,24,MILK,4,4,938.0,234.5,0
90133493,0,589,24,STRAWBERRY,3,2,252.0,126.0,0
90133493,1,589,24,STRAWBERRY,2,2,252.0,126.0,0
90133493,0,589,24,WOOL,9,9,2167.0,240.777778,0
90133493,0,590,24,WOOL,12,12,2879.0,239.916667,0
90133493,0,594,24,STRAWBERRY,6,0,0.0,0,0
90133493,1,594,24,STRAWBERRY,4,0,0.0,0,0
90133493,0,595,24,STRAWBERRY,6,0,0.0,0,0
90133493,1,595,24,STRAWBERRY,4,0,0.0,0,0
90133493,0,596,24,MILK,8,3,713.0,237.666667,0
90133493,0,597,24,STRAWBERRY,6,4,456.0,114.0,0
90133493,1,597,24,STRAWBERRY,4,4,456.0,114.0,0
90133493,0,597,24,MILK,8,0,0.0,0,0
90133493,1,598,24,STRAWBERRY,4,0,0.0,0,0
90133493,0,598,24,MILK,2,0,0.0,0,0
90133493,0,599,24,MELON,8,0,0.0,0,0
90133493,1,599,24,MELON,6,0,0.0,0,0
90133493,0,599,24,STRAWBERRY,6,0,0.0,0,0
90133493,1,599,24,STRAWBERRY,4,0,0.0,0,0
90133493,0,600,25,STRAWBERRY,32,20,1364.0,68.2,0
90133493,1,600,25,STRAWBERRY,21,20,1364.0,68.2,0
90133493,0,600,25,MILK,3,3,709.0,236.333333,0
90133493,0,601,25,WOOL,9,0,0.0,0,0
90133493,0,602,25,WOOL,9,0,0.0,0,0
90133493,0,603,25,WOOL,3,0,0.0,0,0
90133493,0,606,25,MILK,8,0,0.0,0,0
90133493,1,606,25,MILK,6,6,1434.0,239.0,0
90133493,0,607,25,MILK,19,0,0.0,0,0
90133493,1,607,25,MILK,15,15,3506.0,233.733333,0
90133493,0,608,25,MILK,8,0,0.0,0,0
90133493,1,608,25,MILK,15,0,0.0,0,0
90133493,0,609,25,MILK,11,0,0.0,0,0
90133493,1,609,25,MILK,9,0,0.0,0,0
90133493,0,611,25,WOOL,9,0,0.0,0,0
90133493,1,611,25,WOOL,9,9,2160.0,240.0,0
90133493,0,612,25,MILK,8,0,0.0,0,0
90133493,1,612,25,MILK,6,0,0.0,0,0
90133493,0,612,25,WOOL,9,0,0.0,0,0
90133493,1,612,25,WOOL,12,12,2872.0,239.333333,0
90133493,0,613,25,MILK,11,0,0.0,0,0
90133493,1,613,25,MILK,9,0,0.0,0,0
90133493,0,613,25,WOOL,9,0,0.0,0,0
90133493,1,613,25,WOOL,9,0,0.0,0,0
90133493,1,616,25,WOOL,3,0,0.0,0,0
90133493,0,617,25,STRAWBERRY,9,0,0.0,0,0
90133493,1,617,25,STRAWBERRY,6,0,0.0,0,0
90133493,0,617,25,MILK,18,0,0.0,0,0
90133493,1,617,25,MILK,14,0,0.0,0,0
90133493,0,617,25,WOOL,9,0,0.0,0,0
90133493,1,617,25,WOOL,9,0,0.0,0,0
90133493,0,619,25,STRAWBERRY,9,0,0.0,0,0
90133493,1,619,25,STRAWBERRY,6,0,0.0,0,0
90133493,0,622,25,MELON,8,0,0.0,0,0
90133493,1,622,25,MELON,6,0,0.0,0,0
90133493,0,625,26,MELON,8,6,1030.0,171.666667,0
90133493,1,625,26,MELON,6,6,1091.0,181.833333,0
90133493,0,625,26,STRAWBERRY,20,20,808.0,40.4,0
90133493,0,625,26,MILK,15,15,3566.0,237.733333,0
90133493,0,625,26,WOOL,1,0,0.0,0,0
90133493,1,625,26,WOOL,1,0,0.0,0,0
90133493,0,627,26,WOOL,2,0,0.0,0,0
90133493,1,627,26,WOOL,2,0,0.0,0,0
90133493,0,631,26,STRAWBERRY,30,0,0.0,0,0
90133493,1,631,26,STRAWBERRY,20,20,221.0,11.05,6
90133493,0,631,26,WOOL,12,0,0.0,0,0
90133493,1,631,26,WOOL,12,0,0.0,0,0
90133493,1,632,26,STRAWBERRY,20,0,0.0,0,0
90133493,0,632,26,MILK,19,0,0.0,0,0
90133493,1,632,26,MILK,15,15,3475.0,231.666667,0
90133493,0,633,26,STRAWBERRY,30,0,0.0,0,0
90133493,1,633,26,STRAWBERRY,20,0,0.0,0,0
90133493,0,633,26,MILK,19,0,0.0,0,0
90133493,1,633,26,MILK,15,0,0.0,0,0
90133493,0,637,26,STRAWBERRY,30,0,0.0,0,0
90133493,1,637,26,STRAWBERRY,20,0,0.0,0,0
90133493,0,637,26,MILK,38,0,0.0,0,0
90133493,1,637,26,MILK,30,0,0.0,0,0
90133493,0,649,27,MELON,8,6,987.0,164.5,0
90133493,1,649,27,MELON,6,6,1051.0,175.166667,0
90133493,0,649,27,STRAWBERRY,23,23,772.0,33.565217,0
90133493,0,649,27,MILK,9,9,2135.0,237.222222,0
90133493,0,649,27,WOOL,20,20,4816.0,240.8,0
90133493,0,650,27,STRAWBERRY,3,0,0.0,0,0
90133493,0,650,27,WOOL,1,0,0.0,0,0
90133493,0,651,27,STRAWBERRY,3,0,0.0,0,0
90133493,0,651,27,WOOL,1,0,0.0,0,0
90133493,0,652,27,STRAWBERRY,3,0,0.0,0,0
90133493,0,652,27,WOOL,1,0,0.0,0,0
90133493,0,653,27,STRAWBERRY,3,0,0.0,0,0
90133493,0,653,27,WOOL,1,0,0.0,0,0
90133493,0,654,27,STRAWBERRY,3,0,0.0,0,0
90133493,0,654,27,WOOL,1,0,0.0,0,0
90133493,0,655,27,STRAWBERRY,3,0,0.0,0,0
90133493,0,655,27,MILK,11,0,0.0,0,0
90133493,1,655,27,MILK,9,9,2108.0,234.222222,0
90133493,0,655,27,WOOL,1,0,0.0,0,0
90133493,0,656,27,STRAWBERRY,2,0,0.0,0,0
90133493,1,656,27,MILK,9,0,0.0,0,0
90133493,0,656,27,WOOL,1,0,0.0,0,0
90133493,1,656,27,WOOL,1,1,240.0,240.0,0
90133493,0,657,27,STRAWBERRY,3,0,0.0,0,0
90133493,1,657,27,STRAWBERRY,2,2,50.0,25.0,0
90133493,0,657,27,MILK,11,0,0.0,0,0
90133493,1,657,27,MILK,9,0,0.0,0,0
90133493,0,657,27,WOOL,1,0,0.0,0,0
90133493,1,657,27,WOOL,1,1,240.0,240.0,0
90133493,0,658,27,WOOL,1,0,0.0,0,0
90133493,0,659,27,STRAWBERRY,3,0,0.0,0,0
90133493,0,659,27,WOOL,1,0,0.0,0,0
90133493,1,659,27,WOOL,1,1,240.0,240.0,0
90133493,0,660,27,WOOL,1,0,0.0,0,0
90133493,1,660,27,WOOL,2,2,480.0,240.0,0
90133493,0,661,27,STRAWBERRY,3,0,0.0,0,0
90133493,1,661,27,STRAWBERRY,2,2,73.0,36.5,0
90133493,0,661,27,MILK,12,0,0.0,0,0
90133493,1,661,27,MILK,10,0,0.0,0,0
90133493,0,661,27,WOOL,1,0,0.0,0,0
90133493,1,661,27,WOOL,1,1,240.0,240.0,0
90133493,0,662,27,STRAWBERRY,12,0,0.0,0,0
90133493,1,662,27,STRAWBERRY,8,8,216.0,27.0,0
90133493,0,663,27,STRAWBERRY,14,0,0.0,0,0
90133493,1,663,27,STRAWBERRY,11,11,97.0,8.818182,2
90133493,0,664,27,STRAWBERRY,12,0,0.0,0,0
90133493,1,664,27,STRAWBERRY,11,0,0.0,0,0
90133493,0,665,27,STRAWBERRY,6,0,0.0,0,0
90133493,1,665,27,STRAWBERRY,4,0,0.0,0,0
90133493,0,667,27,MILK,5,0,0.0,0,0
90133493,1,667,27,MILK,4,0,0.0,0,0
90133493,0,668,27,STRAWBERRY,12,0,0.0,0,0
90133493,1,668,27,STRAWBERRY,8,0,0.0,0,0
90133493,0,669,27,STRAWBERRY,6,0,0.0,0,0
90133493,1,669,27,STRAWBERRY,4,0,0.0,0,0
90133493,0,670,27,MILK,19,0,0.0,0,0
90133493,1,670,27,MILK,15,0,0.0,0,0
90133493,0,673,28,STRAWBERRY,15,15,274.0,18.266667,0
90133493,0,673,28,MILK,30,15,3570.0,238.0,0
90133493,1,673,28,MILK,12,12,2822.0,235.166667,0
90133493,0,674,28,STRAWBERRY,4,0,0.0,0,0
90133493,0,674,28,MILK,10,0,0.0,0,0
90133493,1,674,28,MILK,8,3,687.0,229.0,0
90133493,0,675,28,STRAWBERRY,4,0,0.0,0,0
90133493,0,676,28,STRAWBERRY,3,0,0.0,0,0
90133493,0,678,28,MILK,10,0,0.0,0,0
90133493,1,678,28,MILK,8,0,0.0,0,0
90133493,0,679,28,STRAWBERRY,4,0,0.0,0,0
90133493,1,680,28,STRAWBERRY,15,15,45.0,3.0,10
90133493,0,681,28,STRAWBERRY,4,0,0.0,0,0
90133493,1,681,28,STRAWBERRY,3,0,0.0,0,0
90133493,0,682,28,STRAWBERRY,18,0,0.0,0,0
90133493,1,682,28,STRAWBERRY,12,0,0.0,0,0
90133493,0,685,28,STRAWBERRY,4,0,0.0,0,0
90133493,1,685,28,STRAWBERRY,3,0,0.0,0,0
90133493,0,685,28,MILK,11,0,0.0,0,0
90133493,1,685,28,MILK,9,0,0.0,0,0
90133493,0,686,28,STRAWBERRY,34,0,0.0,0,0
90133493,1,686,28,STRAWBERRY,23,0,0.0,0,0
90133493,0,686,28,MILK,16,0,0.0,0,0
90133493,1,686,28,MILK,13,0,0.0,0,0
90133493,0,687,28,MELON,12,12,2038.0,169.833333,0
90133493,0,687,28,WOOL,11,4,968.0,242.0,0
90133493,0,688,28,STRAWBERRY,4,0,0.0,0,0
90133493,1,688,28,STRAWBERRY,3,0,0.0,0,0
90133493,0,689,28,STRAWBERRY,9,0,0.0,0,0
90133493,1,689,28,STRAWBERRY,6,0,0.0,0,0
90133493,0,690,28,STRAWBERRY,21,0,0.0,0,0
90133493,1,690,28,STRAWBERRY,14,0,0.0,0,0
90133493,0,697,29,MELON,15,0,0.0,0,0
90133493,1,697,29,MELON,12,12,1859.0,154.916667,0
90133493,0,697,29,STRAWBERRY,20,13,412.0,31.692308,0
90133493,1,697,29,STRAWBERRY,13,13,412.0,31.692308,0
90133493,0,697,29,MILK,11,9,2153.0,239.222222,0
90133493,1,697,29,MILK,9,9,2113.0,234.777778,0
90133493,0,697,29,WOOL,20,0,0.0,0,0
90133493,1,697,29,WOOL,18,18,4349.0,241.611111,0
90133493,0,698,29,MILK,11,0,0.0,0,0
90133493,1,698,29,MILK,9,0,0.0,0,0
90133493,0,699,29,WOOL,22,0,0.0,0,0
90133493,1,699,29,WOOL,22,0,0.0,0,0
90133493,0,702,29,MILK,14,0,0.0,0,0
90133493,1,702,29,MILK,11,0,0.0,0,0
90133493,0,703,29,MILK,4,0,0.0,0,0
90133493,1,703,29,MILK,3,0,0.0,0,0
90133493,0,703,29,WOOL,24,0,0.0,0,0
90133493,1,703,29,WOOL,24,0,0.0,0,0
90133493,0,707,29,MELON,1,0,0.0,0,0
90133493,1,707,29,MELON,1,0,0.0,0,0
90133493,0,709,29,MELON,10,0,0.0,0,0
90133493,1,709,29,MELON,8,0,0.0,0,0
90133493,0,709,29,WOOL,12,0,0.0,0,0
90133493,1,709,29,WOOL,12,0,0.0,0,0
90133493,0,710,29,MELON,4,0,0.0,0,0
90133493,1,710,29,MELON,3,0,0.0,0,0
90133493,0,710,29,MILK,11,0,0.0,0,0
90133493,1,710,29,MILK,9,0,0.0,0,0
90133493,0,711,29,MELON,1,0,0.0,0,0
90133493,1,711,29,MELON,1,0,0.0,0,0
90133493,0,712,29,MILK,15,0,0.0,0,0
90133493,1,712,29,MILK,12,0,0.0,0,0
90133493,0,712,29,WOOL,20,0,0.0,0,0
90133493,1,712,29,WOOL,20,0,0.0,0,0
90133493,0,713,29,MELON,10,0,0.0,0,0
90133493,1,713,29,MELON,8,0,0.0,0,0
90133493,0,713,29,STRAWBERRY,9,0,0.0,0,0
90133493,1,713,29,STRAWBERRY,6,0,0.0,0,0
90133493,0,713,29,MILK,4,0,0.0,0,0
90133493,1,713,29,MILK,3,0,0.0,0,0
90133493,0,714,29,MELON,4,0,0.0,0,0
90133493,1,714,29,MELON,3,0,0.0,0,0
90133493,0,715,29,MILK,4,0,0.0,0,0
90133493,1,715,29,MILK,3,0,0.0,0,0
90133493,0,715,29,WOOL,12,0,0.0,0,0
90133493,1,715,29,WOOL,12,0,0.0,0,0
90133493,0,716,29,STRAWBERRY,4,0,0.0,0,0
90133493,0,716,29,MILK,4,0,0.0,0,0
90133493,1,716,29,MILK,3,0,0.0,0,0
90133493,1,717,29,STRAWBERRY,3,0,0.0,0,0
90133507,0,76,3,MELON,6,0,0.0,0,0
90133507,0,77,3,MELON,5,0,0.0,0,0
90133507,0,98,4,MELON,4,0,0.0,0,0
90133507,0,158,6,WOOL,6,0,0.0,0,0
90133507,1,158,6,WOOL,6,0,0.0,0,0
90133507,0,195,8,MILK,8,0,0.0,0,0
90133507,1,195,8,MILK,10,0,0.0,0,0
90133507,0,198,8,MILK,12,0,0.0,0,0
90133507,1,198,8,MILK,15,0,0.0,0,0
90133507,0,229,9,WOOL,4,0,0.0,0,0
90133507,1,229,9,WOOL,4,0,0.0,0,0
90133507,0,256,10,MELON,6,0,0.0,0,0
90133507,1,256,10,MELON,6,0,0.0,0,0
90133507,0,257,10,MELON,6,0,0.0,0,0
90133507,1,257,10,MELON,6,0,0.0,0,0
90133507,0,259,10,MELON,16,0,0.0,0,0
90133507,1,259,10,MELON,16,0,0.0,0,0
90133507,0,262,10,MELON,11,0,0.0,0,0
90133507,1,262,10,MELON,11,0,0.0,0,0
90133507,0,264,11,MELON,27,18,4178.0,232.111111,0
90133507,1,264,11,MELON,18,18,4178.0,232.111111,0
90133507,0,269,11,STRAWBERRY,4,0,0.0,0,0
90133507,1,269,11,STRAWBERRY,4,0,0.0,0,0
90133507,1,269,11,MILK,11,9,1773.0,197.0,0
90133507,0,280,11,WOOL,6,0,0.0,0,0
90133507,1,280,11,WOOL,6,0,0.0,0,0
90133507,0,292,12,STRAWBERRY,6,0,0.0,0,0
90133507,0,292,12,MILK,9,9,1782.0,198.0,0
90133507,0,294,12,MILK,12,0,0.0,0,0
90133507,1,294,12,MILK,11,0,0.0,0,0
90133507,0,295,12,MILK,20,0,0.0,0,0
90133507,0,301,12,MILK,9,0,0.0,0,0
90133507,0,302,12,MILK,6,0,0.0,0,0
90133507,1,302,12,MILK,8,0,0.0,0,0
90133507,0,306,12,MELON,12,0,0.0,0,0
90133507,1,306,12,MELON,12,0,0.0,0,0
90133507,0,308,12,MILK,2,0,0.0,0,0
90133507,1,308,12,MILK,2,0,0.0,0,0
90133507,1,309,12,MILK,1,1,195.0,195.0,0
90133507,0,309,12,WOOL,5,0,0.0,0,0
90133507,1,309,12,WOOL,5,0,0.0,0,0
90133507,1,312,13,MILK,4,3,578.0,192.666667,0
90133507,0,323,13,MILK,3,3,594.0,198.0,0
90133507,0,324,13,MILK,1,1,196.0,196.0,0
90133507,0,325,13,MILK,3,0,0.0,0,0
90133507,1,325,13,MILK,4,0,0.0,0,0
90133507,1,326,13,MILK,4,2,381.0,190.5,0
90133507,0,341,14,MILK,3,3,597.0,199.0,0
90133507,0,343,14,MILK,3,0,0.0,0,0
90133507,0,344,14,MILK,4,0,0.0,0,0
90133507,0,347,14,MILK,3,0,0.0,0,0
90133507,1,347,14,MILK,4,0,0.0,0,0
90133507,0,348,14,MILK,4,0,0.0,0,0
90133507,1,348,14,MILK,5,0,0.0,0,0
90133507,0,348,14,WOOL,7,6,1452.0,242.0,0
90133507,1,348,14,WOOL,6,6,1452.0,242.0,0
90133507,0,353,14,WOOL,6,0,0.0,0,0
90133507,1,353,14,WOOL,6,0,0.0,0,0
90133507,1,354,14,MILK,8,6,1213.0,202.166667,0
90133507,0,354,14,WOOL,6,0,0.0,0,0
90133507,1,354,14,WOOL,6,0,0.0,0,0
90133507,0,358,14,WOOL,7,0,0.0,0,0
90133507,1,358,14,WOOL,7,0,0.0,0,0
90133507,0,359,14,MELON,6,6,1275.0,212.5,0
90133507,1,359,14,MELON,6,6,1276.0,212.666667,0
90133507,0,359,14,STRAWBERRY,4,0,0.0,0,0
90133507,0,360,15,MELON,7,6,1202.0,200.333333,0
90133507,1,360,15,MELON,6,6,1149.0,191.5,0
90133507,1,361,15,WOOL,4,4,958.0,239.5,0
90133507,0,362,15,MELON,7,0,0.0,0,0
90133507,1,362,15,MELON,7,0,0.0,0,0
90133507,1,362,15,MILK,4,3,610.0,203.333333,0
90133507,0,364,15,WOOL,4,4,956.0,239.0,0
90133507,0,365,15,MILK,9,9,1799.0,199.888889,0
90133507,0,366,15,WOOL,4,0,0.0,0,0
90133507,0,367,15,MILK,9,0,0.0,0,0
90133507,0,370,15,WOOL,9,0,0.0,0,0
90133507,1,370,15,WOOL,4,0,0.0,0,0
90133507,0,371,15,MILK,12,0,0.0,0,0
90133507,1,371,15,MILK,11,0,0.0,0,0
90133507,0,375,15,WOOL,6,0,0.0,0,0
90133507,1,384,16,MILK,11,9,1807.0,200.777778,0
90133507,0,384,16,WOOL,8,4,960.0,240.0,0
90133507,1,384,16,WOOL,4,4,958.0,239.5,0
90133507,0,385,16,MILK,9,9,1763.0,195.888889,0
90133507,0,387,16,MILK,9,0,0.0,0,0
90133507,0,391,16,MILK,28,0,0.0,0,0
90133507,1,391,16,MILK,11,0,0.0,0,0
90133507,1,396,16,STRAWBERRY,4,4,857.0,214.25,0
90133507,0,407,16,WOOL,4,0,0.0,0,0
90133507,0,408,17,MILK,9,9,1732.0,192.444444,0
90133507,1,408,17,MILK,11,9,1757.0,195.222222,0
90133507,1,409,17,STRAWBERRY,4,4,874.0,218.5,0
90133507,0,409,17,MILK,9,0,0.0,0,0
90133507,1,409,17,MILK,5,0,0.0,0,0
90133507,0,411,17,MELON,1,0,0.0,0,0
90133507,0,415,17,STRAWBERRY,5,5,1090.0,218.0,0
90133507,0,416,17,STRAWBERRY,3,3,650.0,216.666667,0
90133507,0,417,17,STRAWBERRY,5,0,0.0,0,0
90133507,0,421,17,STRAWBERRY,5,0,0.0,0,0
90133507,1,421,17,STRAWBERRY,5,0,0.0,0,0
90133507,0,423,17,MELON,4,0,0.0,0,0
90133507,1,423,17,MELON,4,0,0.0,0,0
90133507,0,423,17,WOOL,4,0,0.0,0,0
90133507,1,423,17,WOOL,4,0,0.0,0,0
90133507,0,424,17,WOOL,3,0,0.0,0,0
90133507,1,424,17,WOOL,3,0,0.0,0,0
90133507,1,425,17,MILK,8,6,1179.0,196.5,0
90133507,1,426,17,WOOL,1,1,241.0,241.0,0
90133507,1,429,17,WOOL,2,2,482.0,241.0,0
90133507,1,430,17,WOOL,2,2,480.0,240.0,0
90133507,1,431,17,WOOL,2,2,480.0,240.0,0
90133507,1,432,18,STRAWBERRY,7,7,1538.0,219.714286,0
90133507,1,433,18,MILK,8,6,1185.0,197.5,0
90133507,1,434,18,WOOL,2,2,480.0,240.0,0
90133507,0,435,18,STRAWBERRY,8,8,1753.0,219.125,0
90133507,1,435,18,WOOL,2,2,480.0,240.0,0
90133507,0,436,18,MILK,3,3,578.0,192.666667,0
90133507,1,436,18,WOOL,2,2,480.0,240.0,0
90133507,0,437,18,STRAWBERRY,8,0,0.0,0,0
90133507,0,437,18,MILK,8,8,1515.0,189.375,0
90133507,0,438,18,MILK,3,1,183.0,183.0,0
90133507,0,439,18,MILK,5,0,0.0,0,0
90133507,0,440,18,MILK,4,0,0.0,0,0
90133507,0,441,18,STRAWBERRY,17,0,0.0,0,0
90133507,1,441,18,STRAWBERRY,10,1,220.0,220.0,0
90133507,0,442,18,MILK,3,0,0.0,0,0
90133507,1,442,18,MILK,4,0,0.0,0,0
90133507,0,443,18,MILK,5,0,0.0,0,0
90133507,1,443,18,MILK,6,0,0.0,0,0
90133507,0,443,18,WOOL,2,2,480.0,240.0,0
90133507,0,444,18,MILK,20,0,0.0,0,0
90133507,1,444,18,MILK,5,0,0.0,0,0
90133507,0,444,18,WOOL,2,2,480.0,240.0,0
90133507,0,445,18,STRAWBERRY,20,0,0.0,0,0
90133507,0,445,18,WOOL,2,2,480.0,240.0,0
90133507,0,447,18,WOOL,2,2,480.0,240.0,0
90133507,0,448,18,WOOL,2,2,480.0,240.0,0
90133507,0,449,18,WOOL,2,2,480.0,240.0,0
90133507,1,449,18,WOOL,2,0,0.0,0,0
90133507,0,450,18,STRAWBERRY,1,0,0.0,0,0
90133507,1,450,18,STRAWBERRY,1,0,0.0,0,0
90133507,0,450,18,MILK,6,0,0.0,0,0
90133507,1,450,18,MILK,8,0,0.0,0,0
90133507,1,451,18,WOOL,4,4,960.0,240.0,0
90133507,1,452,18,STRAWBERRY,1,1,223.0,223.0,0
90133507,1,455,18,STRAWBERRY,6,6,1339.0,223.166667,0
90133507,0,455,18,WOOL,4,4,959.0,239.75,0
90133507,1,456,19,STRAWBERRY,7,7,1545.0,220.714286,0
90133507,0,456,19,WOOL,1,1,239.0,239.0,0
90133507,1,457,19,MILK,11,9,1799.0,199.888889,0
90133507,0,457,19,WOOL,4,0,0.0,0,0
90133507,0,461,19,WOOL,4,0,0.0,0,0
90133507,1,461,19,WOOL,4,0,0.0,0,0
90133507,0,463,19,STRAWBERRY,1,1,223.0,223.0,0
90133507,0,464,19,STRAWBERRY,1,1,223.0,223.0,0
90133507,0,465,19,STRAWBERRY,11,11,2440.0,221.818182,0
90133507,0,466,19,STRAWBERRY,2,2,439.0,219.5,0
90133507,0,466,19,WOOL,4,0,0.0,0,0
90133507,0,467,19,STRAWBERRY,10,0,0.0,0,0
90133507,0,468,19,STRAWBERRY,1,0,0.0,0,0
90133507,0,469,19,STRAWBERRY,1,0,0.0,0,0
90133507,1,469,19,STRAWBERRY,1,1,221.0,221.0,0
90133507,0,469,19,MILK,9,9,1815.0,201.666667,0
90133507,0,470,19,STRAWBERRY,2,0,0.0,0,0
90133507,0,470,19,WOOL,4,0,0.0,0,0
90133507,1,470,19,WOOL,4,0,0.0,0,0
90133507,0,471,19,STRAWBERRY,10,0,0.0,0,0
90133507,1,471,19,STRAWBERRY,9,0,0.0,0,0
90133507,0,471,19,MILK,9,0,0.0,0,0
90133507,0,472,19,STRAWBERRY,1,0,0.0,0,0
90133507,1,472,19,STRAWBERRY,1,0,0.0,0,0
90133507,0,474,19,STRAWBERRY,9,0,0.0,0,0
90133507,1,474,19,STRAWBERRY,8,0,0.0,0,0
90133507,0,475,19,MILK,12,0,0.0,0,0
90133507,1,475,19,MILK,11,0,0.0,0,0
90133507,0,477,19,MILK,11,0,0.0,0,0
90133507,1,477,19,MILK,14,0,0.0,0,0
90133507,0,478,19,STRAWBERRY,6,0,0.0,0,0
90133507,0,480,20,STRAWBERRY,12,12,2609.0,217.416667,0
90133507,1,480,20,MILK,19,15,2647.0,176.466667,0
90133507,1,481,20,STRAWBERRY,11,11,2378.0,216.181818,0
90133507,0,482,20,STRAWBERRY,12,0,0.0,0,0
90133507,0,483,20,MILK,15,15,2338.0,155.866667,0
90133507,1,485,20,MELON,2,2,417.0,208.5,0
90133507,0,485,20,MILK,15,0,0.0,0,0
90133507,0,486,20,STRAWBERRY,20,0,0.0,0,0
90133507,1,486,20,STRAWBERRY,11,1,215.0,215.0,0
90133507,0,488,20,STRAWBERRY,3,0,0.0,0,0
90133507,0,489,20,MILK,15,0,0.0,0,0
90133507,1,489,20,MILK,19,0,0.0,0,0
90133507,0,492,20,STRAWBERRY,2,2,433.0,216.5,0
90133507,1,492,20,STRAWBERRY,2,2,433.0,216.5,0
90133507,0,493,20,STRAWBERRY,2,0,0.0,0,0
90133507,0,494,20,STRAWBERRY,4,0,0.0,0,0
90133507,1,494,20,STRAWBERRY,2,0,0.0,0,0
90133507,0,497,20,STRAWBERRY,2,0,0.0,0,0
90133507,1,497,20,STRAWBERRY,2,0,0.0,0,0
90133507,0,498,20,STRAWBERRY,7,0,0.0,0,0
90133507,0,499,20,STRAWBERRY,4,0,0.0,0,0
90133507,1,499,20,STRAWBERRY,4,0,0.0,0,0
90133507,1,500,20,MILK,2,2,356.0,178.0,0
90133507,0,501,20,STRAWBERRY,2,0,0.0,0,0
90133507,1,501,20,STRAWBERRY,2,0,0.0,0,0
90133507,1,501,20,MILK,1,1,181.0,181.0,0
90133507,1,502,20,MILK,2,2,356.0,178.0,0
90133507,1,503,20,MILK,1,1,175.0,175.0,0
90133507,0,504,21,MELON,2,2,422.0,211.0,0
90133507,0,504,21,STRAWBERRY,14,14,2976.0,212.571429,0
90133507,1,504,21,STRAWBERRY,13,13,2694.0,207.230769,0
90133507,0,505,21,STRAWBERRY,18,0,0.0,0,0
90133507,1,505,21,STRAWBERRY,13,1,208.0,208.0,0
90133507,1,505,21,MILK,2,2,371.0,185.5,0
90133507,0,506,21,MELON,2,0,0.0,0,0
90133507,1,506,21,MILK,1,1,183.0,183.0,0
90133507,0,510,21,MELON,2,0,0.0,0,0
90133507,1,510,21,MELON,2,0,0.0,0,0
90133507,1,517,21,WOOL,20,20,4848.0,242.4,0
90133507,0,519,21,MILK,2,2,395.0,197.5,0
90133507,0,520,21,MILK,2,2,391.0,195.5,0
90133507,0,521,21,MILK,2,2,393.0,196.5,0
90133507,0,523,21,MILK,2,2,389.0,194.5,0
90133507,0,524,21,MILK,1,1,193.0,193.0,0
90133507,0,525,21,MILK,2,0,0.0,0,0
90133507,1,525,21,MILK,2,0,0.0,0,0
90133507,0,526,21,STRAWBERRY,3,0,0.0,0,0
90133507,1,526,21,MILK,1,1,190.0,190.0,0
90133507,0,527,21,MELON,10,0,0.0,0,0
90133507,1,527,21,MELON,10,0,0.0,0,0
90133507,0,527,21,STRAWBERRY,2,0,0.0,0,0
90133507,1,527,21,STRAWBERRY,2,0,0.0,0,0
90133507,1,527,21,WOOL,4,4,968.0,242.0,0
90133507,0,528,22,STRAWBERRY,14,14,2976.0,212.571429,0
90133507,1,528,22,STRAWBERRY,13,13,2694.0,207.230769,0
90133507,1,529,22,MILK,14,11,2103.0,191.181818,0
90133507,0,531,22,STRAWBERRY,14,0,0.0,0,0
90133507,1,531,22,STRAWBERRY,13,1,208.0,208.0,0
90133507,0,535,22,MILK,12,12,2112.0,176.0,0
90133507,0,536,22,WOOL,24,24,5795.0,241.458333,0
90133507,0,537,22,MILK,19,0,0.0,0,0
90133507,0,538,22,WOOL,24,0,0.0,0,0
90133507,0,541,22,MILK,24,0,0.0,0,0
90133507,1,541,22,MILK,26,0,0.0,0,0
90133507,0,542,22,WOOL,44,0,0.0,0,0
90133507,1,542,22,WOOL,31,0,0.0,0,0
90133507,0,543,22,STRAWBERRY,2,0,0.0,0,0
90133507,1,546,22,MELON,6,6,1266.0,211.0,0
90133507,0,547,22,STRAWBERRY,6,2,429.0,214.5,0
90133507,1,547,22,STRAWBERRY,6,2,429.0,214.5,0
90133507,1,547,22,MILK,4,3,562.0,187.333333,0
90133507,0,548,22,STRAWBERRY,6,0,0.0,0,0
90133507,1,548,22,STRAWBERRY,6,0,0.0,0,0
90133507,1,548,22,MILK,4,2,364.0,182.0,0
90133507,0,549,22,WOOL,2,0,0.0,0,0
90133507,0,550,22,WOOL,12,0,0.0,0,0
90133507,0,551,22,STRAWBERRY,2,0,0.0,0,0
90133507,1,551,22,STRAWBERRY,2,0,0.0,0,0
90133507,1,552,23,STRAWBERRY,13,13,2641.0,203.153846,0
90133507,0,552,23,WOOL,8,0,0.0,0,0
90133507,1,553,23,MILK,4,3,578.0,192.666667,0
90133507,0,560,23,STRAWBERRY,13,13,2635.0,202.692308,0
90133507,0,561,23,MELON,6,6,1250.0,208.333333,0
90133507,0,562,23,STRAWBERRY,13,0,0.0,0,0
90133507,0,562,23,MILK,4,4,782.0,195.5,0
90133507,0,563,23,MELON,6,0,0.0,0,0
90133507,0,564,23,MILK,4,4,763.0,190.75,0
90133507,0,565,23,MILK,1,1,196.0,196.0,0
90133507,0,566,23,STRAWBERRY,14,0,0.0,0,0
90133507,1,566,23,STRAWBERRY,13,1,205.0,205.0,0
90133507,0,566,23,MILK,4,0,0.0,0,0
90133507,1,566,23,MILK,5,0,0.0,0,0
90133507,0,566,23,WOOL,3,0,0.0,0,0
90133507,1,566,23,WOOL,3,0,0.0,0,0
90133507,0,567,23,MELON,9,0,0.0,0,0
90133507,1,567,23,MELON,6,0,0.0,0,0
90133507,0,569,23,STRAWBERRY,4,2,407.0,203.5,0
90133507,1,569,23,STRAWBERRY,4,2,408.0,204.0,0
90133507,0,569,23,MILK,1,0,0.0,0,0
90133507,1,570,23,MILK,4,3,588.0,196.0,0
90133507,0,571,23,MILK,2,2,387.0,193.5,0
90133507,0,573,23,STRAWBERRY,6,0,0.0,0,0
90133507,1,573,23,STRAWBERRY,6,0,0.0,0,0
90133507,0,573,23,MILK,12,0,0.0,0,0
90133507,1,573,23,MILK,15,0,0.0,0,0
90133507,0,576,24,MELON,6,6,1234.0,205.666667,0
90133507,0,576,24,STRAWBERRY,29,29,5587.0,192.655172,0
90133507,1,576,24,STRAWBERRY,28,28,4957.0,177.035714,0
90133507,1,577,24,MELON,6,6,1218.0,203.0,0
90133507,0,578,24,MELON,8,0,0.0,0,0
90133507,1,578,24,MELON,6,0,0.0,0,0
90133507,0,578,24,STRAWBERRY,35,0,0.0,0,0
90133507,1,578,24,STRAWBERRY,28,2,345.0,172.5,0
90133507,0,582,24,MELON,7,0,0.0,0,0
90133507,1,587,24,MILK,8,8,1631.0,203.875,0
90133507,1,588,24,MILK,8,4,794.0,198.5,0
90133507,0,589,24,STRAWBERRY,2,2,363.0,181.5,0
90133507,1,589,24,STRAWBERRY,2,2,363.0,181.5,0
90133507,1,592,24,WOOL,9,9,2187.0,243.0,0
90133507,1,593,24,WOOL,9,9,2185.0,242.777778,0
90133507,0,594,24,STRAWBERRY,4,0,0.0,0,0
90133507,1,594,24,WOOL,3,3,726.0,242.0,0
90133507,1,595,24,MELON,24,0,0.0,0,0
90133507,0,595,24,STRAWBERRY,4,0,0.0,0,0
90133507,1,595,24,STRAWBERRY,4,0,0.0,0,0
90133507,1,596,24,MILK,4,3,612.0,204.0,0
90133507,0,597,24,STRAWBERRY,4,4,716.0,179.0,0
90133507,1,597,24,STRAWBERRY,4,4,707.0,176.75,0
90133507,1,598,24,MILK,4,2,407.0,203.5,0
90133507,0,599,24,MELON,6,0,0.0,0,0
90133507,1,599,24,MELON,6,0,0.0,0,0
90133507,0,599,24,STRAWBERRY,4,0,0.0,0,0
90133507,1,599,24,STRAWBERRY,4,0,0.0,0,0
90133507,0,600,25,STRAWBERRY,21,20,3195.0,159.75,0
90133507,1,600,25,STRAWBERRY,19,19,3056.0,160.842105,0
90133507,1,600,25,MILK,4,3,606.0,202.0,0
90133507,0,606,25,MILK,6,6,1238.0,206.333333,0
90133507,0,607,25,MILK,15,15,2951.0,196.733333,0
90133507,0,608,25,MILK,6,0,0.0,0,0
90133507,0,609,25,MILK,9,0,0.0,0,0
90133507,0,611,25,WOOL,9,9,2185.0,242.777778,0
90133507,0,612,25,MILK,6,0,0.0,0,0
90133507,1,612,25,MILK,8,0,0.0,0,0
90133507,0,612,25,WOOL,9,9,2178.0,242.0,0
90133507,0,613,25,MILK,9,0,0.0,0,0
90133507,1,613,25,MILK,11,0,0.0,0,0
90133507,0,613,25,WOOL,9,3,726.0,242.0,0
90133507,0,617,25,STRAWBERRY,6,0,0.0,0,0
90133507,1,617,25,STRAWBERRY,6,2,335.0,167.5,0
90133507,0,617,25,MILK,14,0,0.0,0,0
90133507,1,617,25,MILK,18,0,0.0,0,0
90133507,0,617,25,WOOL,9,0,0.0,0,0
90133507,1,617,25,WOOL,9,0,0.0,0,0
90133507,0,619,25,STRAWBERRY,6,0,0.0,0,0
90133507,1,619,25,STRAWBERRY,6,2,315.0,157.5,0
90133507,0,622,25,MELON,6,0,0.0,0,0
90133507,1,622,25,MELON,6,0,0.0,0,0
90133507,0,625,26,MELON,6,6,787.0,131.166667,0
90133507,1,625,26,MELON,6,6,787.0,131.166667,0
90133507,1,625,26,STRAWBERRY,18,18,2661.0,147.833333,0
90133507,0,625,26,WOOL,1,0,0.0,0,0
90133507,1,625,26,WOOL,1,0,0.0,0,0
90133507,1,626,26,MILK,19,15,3063.0,204.2,0
90133507,0,627,26,WOOL,2,0,0.0,0,0
90133507,0,631,26,STRAWBERRY,20,20,2317.0,115.85,0
90133507,0,631,26,WOOL,12,0,0.0,0,0
90133507,1,631,26,WOOL,11,0,0.0,0,0
90133507,0,632,26,MILK,15,15,2883.0,192.2,0
90133507,0,633,26,STRAWBERRY,20,0,0.0,0,0
90133507,0,633,26,MILK,15,0,0.0,0,0
90133507,0,637,26,STRAWBERRY,20,0,0.0,0,0
90133507,1,637,26,STRAWBERRY,18,4,452.0,113.0,0
90133507,0,637,26,MILK,30,0,0.0,0,0
90133507,1,637,26,MILK,19,0,0.0,0,0
90133507,0,649,27,MELON,6,6,733.0,122.166667,0
90133507,1,649,27,MELON,6,6,733.0,122.166667,0
90133507,1,649,27,STRAWBERRY,13,13,1744.0,134.153846,0
90133507,1,650,27,MILK,11,9,1831.0,203.444444,0
90133507,1,651,27,STRAWBERRY,8,8,860.0,107.5,0
90133507,1,652,27,WOOL,1,1,244.0,244.0,0
90133507,1,653,27,WOOL,1,1,244.0,244.0,0
90133507,1,654,27,WOOL,1,1,244.0,244.0,0
90133507,0,655,27,MILK,9,9,1782.0,198.0,0
90133507,1,655,27,WOOL,1,1,244.0,244.0,0
90133507,0,656,27,WOOL,1,1,244.0,244.0,0
90133507,1,656,27,WOOL,1,1,244.0,244.0,0
90133507,0,657,27,STRAWBERRY,2,2,226.0,113.0,0
90133507,0,657,27,MILK,9,0,0.0,0,0
90133507,0,657,27,WOOL,1,1,244.0,244.0,0
90133507,1,657,27,WOOL,1,1,244.0,244.0,0
90133507,1,658,27,WOOL,1,1,243.0,243.0,0
90133507,0,659,27,STRAWBERRY,2,2,218.0,109.0,0
90133507,1,659,27,WOOL,1,1,243.0,243.0,0
90133507,0,660,27,WOOL,1,1,243.0,243.0,0
90133507,1,660,27,WOOL,1,1,243.0,243.0,0
90133507,0,661,27,STRAWBERRY,2,2,234.0,117.0,0
90133507,1,661,27,STRAWBERRY,2,2,248.0,124.0,0
90133507,0,661,27,MILK,10,0,0.0,0,0
90133507,1,661,27,MILK,11,0,0.0,0,0
90133507,0,661,27,WOOL,1,1,244.0,244.0,0
90133507,1,661,27,WOOL,1,1,244.0,244.0,0
90133507,0,662,27,STRAWBERRY,8,8,860.0,107.5,0
90133507,0,663,27,STRAWBERRY,9,9,820.0,91.111111,0
90133507,0,664,27,STRAWBERRY,8,0,0.0,0,0
90133507,0,665,27,STRAWBERRY,4,0,0.0,0,0
90133507,0,667,27,MILK,4,0,0.0,0,0
90133507,0,668,27,STRAWBERRY,8,0,0.0,0,0
90133507,1,668,27,STRAWBERRY,7,0,0.0,0,0
90133507,0,669,27,STRAWBERRY,4,0,0.0,0,0
90133507,1,669,27,STRAWBERRY,4,0,0.0,0,0
90133507,0,670,27,MILK,15,0,0.0,0,0
90133507,0,673,28,MILK,12,12,2467.0,205.583333,0
90133507,1,673,28,MILK,19,15,2991.0,199.4,0
90133507,0,674,28,MILK,8,3,558.0,186.0,0
90133507,1,674,28,WOOL,14,14,3412.0,243.714286,0
90133507,1,675,28,STRAWBERRY,13,13,1310.0,100.769231,0
90133507,1,676,28,MELON,12,12,1342.0,111.833333,0
90133507,0,678,28,MILK,8,0,0.0,0,0
90133507,1,678,28,MILK,10,0,0.0,0,0
90133507,0,679,28,STRAWBERRY,3,3,279.0,93.0,0
90133507,0,681,28,STRAWBERRY,3,3,285.0,95.0,0
90133507,0,682,28,STRAWBERRY,12,8,676.0,84.5,0
90133507,0,685,28,STRAWBERRY,3,0,0.0,0,0
90133507,1,685,28,STRAWBERRY,3,1,91.0,91.0,0
90133507,0,685,28,MILK,9,0,0.0,0,0
90133507,1,685,28,MILK,4,0,0.0,0,0
90133507,0,686,28,STRAWBERRY,23,0,0.0,0,0
90133507,1,686,28,STRAWBERRY,18,0,0.0,0,0
90133507,0,686,28,MILK,13,0,0.0,0,0
90133507,0,688,28,STRAWBERRY,3,0,0.0,0,0
90133507,0,689,28,STRAWBERRY,6,0,0.0,0,0
90133507,0,690,28,STRAWBERRY,14,0,0.0,0,0
90133507,0,697,29,MELON,11,11,1138.0,103.454545,0
90133507,1,697,29,MELON,12,0,0.0,0,0
90133507,0,697,29,STRAWBERRY,13,13,1111.0,85.461538,0
90133507,1,697,29,STRAWBERRY,14,14,1455.0,103.928571,0
90133507,0,697,29,MILK,9,9,1791.0,199.0,0
90133507,1,697,29,MILK,11,9,1860.0,206.666667,0
90133507,0,697,29,WOOL,20,20,4876.0,243.8,0
90133507,1,697,29,WOOL,23,0,0.0,0,0
90133507,0,698,29,MILK,9,0,0.0,0,0
90133507,0,699,29,WOOL,22,0,0.0,0,0
90133507,0,702,29,MILK,11,0,0.0,0,0
90133507,0,703,29,MILK,3,0,0.0,0,0
90133507,0,703,29,WOOL,24,0,0.0,0,0
90133507,0,707,29,MELON,1,0,0.0,0,0
90133507,0,709,29,MELON,8,0,0.0,0,0
90133507,0,709,29,WOOL,12,0,0.0,0,0
90133507,0,710,29,MELON,3,0,0.0,0,0
90133507,0,710,29,MILK,9,0,0.0,0,0
90133507,0,711,29,MELON,1,0,0.0,0,0
90133507,0,712,29,MILK,12,0,0.0,0,0
90133507,0,712,29,WOOL,20,0,0.0,0,0
90133507,0,713,29,MELON,8,0,0.0,0,0
90133507,1,713,29,MELON,8,0,0.0,0,0
90133507,0,713,29,STRAWBERRY,6,0,0.0,0,0
90133507,1,713,29,STRAWBERRY,6,1,107.0,107.0,0
90133507,0,713,29,MILK,3,0,0.0,0,0
90133507,1,713,29,MILK,4,0,0.0,0,0
90133507,0,714,29,MELON,3,0,0.0,0,0
90133507,1,714,29,MELON,3,0,0.0,0,0
90133507,1,714,29,WOOL,8,0,0.0,0,0
90133507,0,715,29,MILK,3,0,0.0,0,0
90133507,1,715,29,MILK,4,0,0.0,0,0
90133507,0,715,29,WOOL,12,0,0.0,0,0
90133507,1,715,29,WOOL,12,0,0.0,0,0
90133507,1,716,29,STRAWBERRY,3,0,0.0,0,0
90133507,1,716,29,MILK,11,0,0.0,0,0
90133507,0,717,29,STRAWBERRY,3,3,303.0,101.0,0
90133507,1,717,29,STRAWBERRY,2,0,0.0,0,0
90133507,0,717,29,MILK,3,3,543.0,181.0,0
90133507,1,718,29,WOOL,4,0,0.0,0,0
90133507,1,719,29,WOOL,4,0,0.0,0,0
90133550,0,76,3,MELON,6,0,0.0,0,0
90133550,1,76,3,MELON,6,0,0.0,0,0
90133550,0,77,3,MELON,5,0,0.0,0,0
90133550,1,77,3,MELON,5,0,0.0,0,0
90133550,0,98,4,MELON,4,0,0.0,0,0
90133550,1,98,4,MELON,4,0,0.0,0,0
90133550,0,158,6,WOOL,6,0,0.0,0,0
90133550,1,158,6,WOOL,6,0,0.0,0,0
90133550,0,195,8,MILK,8,0,0.0,0,0
90133550,1,195,8,MILK,8,0,0.0,0,0
90133550,0,198,8,MILK,12,0,0.0,0,0
90133550,1,198,8,MILK,12,0,0.0,0,0
90133550,0,229,9,WOOL,4,0,0.0,0,0
90133550,1,229,9,WOOL,4,0,0.0,0,0
90133550,0,256,10,MELON,6,0,0.0,0,0
90133550,1,256,10,MELON,6,0,0.0,0,0
90133550,0,257,10,MELON,6,0,0.0,0,0
90133550,1,257,10,MELON,6,0,0.0,0,0
90133550,0,259,10,MELON,16,0,0.0,0,0
90133550,1,259,10,MELON,16,0,0.0,0,0
90133550,0,262,10,MELON,11,0,0.0,0,0
90133550,1,262,10,MELON,11,0,0.0,0,0
90133550,0,264,11,MELON,27,18,4178.0,232.111111,0
90133550,1,264,11,MELON,27,18,4178.0,232.111111,0
90133550,0,269,11,STRAWBERRY,4,0,0.0,0,0
90133550,1,269,11,STRAWBERRY,4,0,0.0,0,0
90133550,0,280,11,WOOL,6,0,0.0,0,0
90133550,1,280,11,WOOL,6,0,0.0,0,0
90133550,0,292,12,STRAWBERRY,6,0,0.0,0,0
90133550,1,292,12,STRAWBERRY,6,0,0.0,0,0
90133550,0,292,12,MILK,9,9,1584.0,176.0,0
90133550,1,292,12,MILK,9,9,1584.0,176.0,0
90133550,0,294,12,MILK,12,0,0.0,0,0
90133550,1,294,12,MILK,12,0,0.0,0,0
90133550,0,295,12,MILK,20,0,0.0,0,0
90133550,1,295,12,MILK,20,0,0.0,0,0
90133550,0,301,12,MILK,9,0,0.0,0,0
90133550,1,301,12,MILK,9,0,0.0,0,0
90133550,0,302,12,MILK,6,0,0.0,0,0
90133550,1,302,12,MILK,6,0,0.0,0,0
90133550,0,306,12,MELON,12,0,0.0,0,0
90133550,1,306,12,MELON,12,0,0.0,0,0
90133550,0,308,12,MILK,2,0,0.0,0,0
90133550,1,308,12,MILK,2,0,0.0,0,0
90133550,0,309,12,WOOL,5,0,0.0,0,0
90133550,1,309,12,WOOL,5,0,0.0,0,0
90133550,0,323,13,MILK,3,3,449.0,149.666667,0
90133550,1,323,13,MILK,3,3,449.0,149.666667,0
90133550,0,324,13,MILK,1,1,141.0,141.0,0
90133550,1,324,13,MILK,1,1,141.0,141.0,0
90133550,0,325,13,MILK,3,0,0.0,0,0
90133550,1,325,13,MILK,3,0,0.0,0,0
90133550,0,341,14,MILK,3,3,417.0,139.0,0
90133550,1,341,14,MILK,3,3,417.0,139.0,0
90133550,0,343,14,MILK,3,0,0.0,0,0
90133550,1,343,14,MILK,3,0,0.0,0,0
90133550,0,344,14,MILK,4,0,0.0,0,0
90133550,1,344,14,MILK,4,0,0.0,0,0
90133550,0,347,14,MILK,3,0,0.0,0,0
90133550,1,347,14,MILK,3,0,0.0,0,0
90133550,0,348,14,MILK,4,0,0.0,0,0
90133550,1,348,14,MILK,4,0,0.0,0,0
90133550,0,348,14,WOOL,7,6,1452.0,242.0,0
90133550,1,348,14,WOOL,7,6,1452.0,242.0,0
90133550,0,353,14,WOOL,6,0,0.0,0,0
90133550,1,353,14,WOOL,6,0,0.0,0,0
90133550,0,354,14,WOOL,6,0,0.0,0,0
90133550,1,354,14,WOOL,6,0,0.0,0,0
90133550,0,358,14,WOOL,7,0,0.0,0,0
90133550,1,358,14,WOOL,7,0,0.0,0,0
90133550,0,359,14,MELON,6,6,1276.0,212.666667,0
90133550,1,359,14,MELON,6,6,1276.0,212.666667,0
90133550,0,359,14,STRAWBERRY,4,0,0.0,0,0
90133550,1,359,14,STRAWBERRY,4,0,0.0,0,0
90133550,0,360,15,MELON,7,6,1179.0,196.5,0
90133550,1,360,15,MELON,7,6,1179.0,196.5,0
90133550,0,362,15,MELON,7,0,0.0,0,0
90133550,1,362,15,MELON,7,0,0.0,0,0
90133550,0,364,15,WOOL,4,4,957.0,239.25,0
90133550,1,364,15,WOOL,4,4,957.0,239.25,0
90133550,0,365,15,MILK,9,9,1213.0,134.777778,0
90133550,1,365,15,MILK,9,9,1213.0,134.777778,0
90133550,0,366,15,WOOL,4,0,0.0,0,0
90133550,1,366,15,WOOL,4,0,0.0,0,0
90133550,0,367,15,MILK,9,0,0.0,0,0
90133550,1,367,15,MILK,9,0,0.0,0,0
90133550,0,370,15,WOOL,9,0,0.0,0,0
90133550,1,370,15,WOOL,9,0,0.0,0,0
90133550,0,371,15,MILK,12,0,0.0,0,0
90133550,1,371,15,MILK,12,0,0.0,0,0
90133550,0,375,15,WOOL,6,0,0.0,0,0
90133550,1,375,15,WOOL,6,0,0.0,0,0
90133550,0,384,16,WOOL,8,4,959.0,239.75,0
90133550,1,384,16,WOOL,8,4,959.0,239.75,0
90133550,0,385,16,MILK,9,9,1044.0,116.0,0
90133550,1,385,16,MILK,9,9,1044.0,116.0,0
90133550,0,387,16,MILK,9,0,0.0,0,0
90133550,1,387,16,MILK,9,0,0.0,0,0
90133550,0,391,16,MILK,28,0,0.0,0,0
90133550,1,391,16,MILK,28,0,0.0,0,0
90133550,0,407,16,WOOL,4,0,0.0,0,0
90133550,1,407,16,WOOL,4,0,0.0,0,0
90133550,0,408,17,MILK,9,9,835.0,92.777778,0
90133550,1,408,17,MILK,9,9,835.0,92.777778,0
90133550,0,409,17,MILK,9,0,0.0,0,0
90133550,1,409,17,MILK,9,0,0.0,0,0
90133550,0,411,17,MELON,1,0,0.0,0,0
90133550,1,411,17,MELON,1,0,0.0,0,0
90133550,0,415,17,STRAWBERRY,5,5,1138.0,227.6,0
90133550,1,415,17,STRAWBERRY,5,5,1138.0,227.6,0
90133550,0,416,17,STRAWBERRY,3,3,675.0,225.0,0
90133550,1,416,17,STRAWBERRY,3,3,675.0,225.0,0
90133550,0,417,17,STRAWBERRY,5,0,0.0,0,0
90133550,1,417,17,STRAWBERRY,5,0,0.0,0,0
90133550,0,421,17,STRAWBERRY,5,0,0.0,0,0
90133550,1,421,17,STRAWBERRY,5,0,0.0,0,0
90133550,0,423,17,MELON,4,0,0.0,0,0
90133550,1,423,17,MELON,4,0,0.0,0,0
90133550,0,423,17,WOOL,4,0,0.0,0,0
90133550,1,423,17,WOOL,4,0,0.0,0,0
90133550,0,424,17,WOOL,3,0,0.0,0,0
90133550,1,424,17,WOOL,3,0,0.0,0,0
90133550,0,435,18,STRAWBERRY,8,8,1811.0,226.375,0
90133550,1,435,18,STRAWBERRY,8,8,1811.0,226.375,0
90133550,0,436,18,MILK,3,3,285.0,95.0,0
90133550,1,436,18,MILK,3,3,285.0,95.0,0
90133550,0,437,18,STRAWBERRY,8,0,0.0,0,0
90133550,1,437,18,STRAWBERRY,8,0,0.0,0,0
90133550,0,437,18,MILK,8,8,591.0,73.875,0
90133550,1,437,18,MILK,8,8,591.0,73.875,0
90133550,0,438,18,MILK,3,1,55.0,55.0,0
90133550,1,438,18,MILK,3,1,55.0,55.0,0
90133550,0,439,18,MILK,5,0,0.0,0,0
90133550,1,439,18,MILK,5,0,0.0,0,0
90133550,0,440,18,MILK,4,0,0.0,0,0
90133550,1,440,18,MILK,4,0,0.0,0,0
90133550,0,441,18,STRAWBERRY,17,0,0.0,0,0
90133550,1,441,18,STRAWBERRY,17,0,0.0,0,0
90133550,0,442,18,MILK,3,0,0.0,0,0
90133550,1,442,18,MILK,3,0,0.0,0,0
90133550,0,443,18,MILK,5,0,0.0,0,0
90133550,1,443,18,MILK,5,0,0.0,0,0
90133550,0,443,18,WOOL,2,2,482.0,241.0,0
90133550,1,443,18,WOOL,2,2,482.0,241.0,0
90133550,0,444,18,MILK,20,0,0.0,0,0
90133550,1,444,18,MILK,20,0,0.0,0,0
90133550,0,444,18,WOOL,2,2,482.0,241.0,0
90133550,1,444,18,WOOL,2,2,482.0,241.0,0
90133550,0,445,18,STRAWBERRY,20,0,0.0,0,0
90133550,1,445,18,STRAWBERRY,20,0,0.0,0,0
90133550,0,445,18,WOOL,2,2,482.0,241.0,0
90133550,1,445,18,WOOL,2,2,482.0,241.0,0
90133550,0,447,18,WOOL,2,2,482.0,241.0,0
90133550,1,447,18,WOOL,2,2,482.0,241.0,0
90133550,0,448,18,WOOL,2,2,480.0,240.0,0
90133550,1,448,18,WOOL,2,2,480.0,240.0,0
90133550,0,449,18,WOOL,2,2,480.0,240.0,0
90133550,1,449,18,WOOL,2,2,480.0,240.0,0
90133550,0,450,18,STRAWBERRY,1,0,0.0,0,0
90133550,1,450,18,STRAWBERRY,1,0,0.0,0,0
90133550,0,450,18,MILK,6,0,0.0,0,0
90133550,1,450,18,MILK,6,0,0.0,0,0
90133550,0,455,18,WOOL,4,4,960.0,240.0,0
90133550,1,455,18,WOOL,4,4,960.0,240.0,0
90133550,0,456,19,WOOL,1,1,239.0,239.0,0
90133550,1,456,19,WOOL,1,1,239.0,239.0,0
90133550,0,457,19,WOOL,4,0,0.0,0,0
90133550,1,457,19,WOOL,4,0,0.0,0,0
90133550,0,461,19,WOOL,4,0,0.0,0,0
90133550,1,461,19,WOOL,4,0,0.0,0,0
90133550,0,463,19,STRAWBERRY,1,1,231.0,231.0,0
90133550,1,463,19,STRAWBERRY,1,1,231.0,231.0,0
90133550,0,464,19,STRAWBERRY,1,1,230.0,230.0,0
90133550,1,464,19,STRAWBERRY,1,1,230.0,230.0,0
90133550,0,465,19,STRAWBERRY,11,11,2500.0,227.272727,0
90133550,1,465,19,STRAWBERRY,11,11,2500.0,227.272727,0
90133550,0,466,19,STRAWBERRY,2,2,446.0,223.0,0
90133550,1,466,19,STRAWBERRY,2,2,446.0,223.0,0
90133550,0,466,19,WOOL,4,0,0.0,0,0
90133550,1,466,19,WOOL,4,0,0.0,0,0
90133550,0,467,19,STRAWBERRY,10,0,0.0,0,0
90133550,1,467,19,STRAWBERRY,10,0,0.0,0,0
90133550,0,468,19,STRAWBERRY,1,0,0.0,0,0
90133550,1,468,19,STRAWBERRY,1,0,0.0,0,0
90133550,0,469,19,STRAWBERRY,1,0,0.0,0,0
90133550,1,469,19,STRAWBERRY,1,0,0.0,0,0
90133550,0,469,19,MILK,9,9,571.0,63.444444,0
90133550,1,469,19,MILK,9,9,571.0,63.444444,0
90133550,0,470,19,STRAWBERRY,2,0,0.0,0,0
90133550,1,470,19,STRAWBERRY,2,0,0.0,0,0
90133550,0,470,19,WOOL,4,0,0.0,0,0
90133550,1,470,19,WOOL,4,0,0.0,0,0
90133550,0,471,19,STRAWBERRY,10,0,0.0,0,0
90133550,1,471,19,STRAWBERRY,10,0,0.0,0,0
90133550,0,471,19,MILK,9,0,0.0,0,0
90133550,1,471,19,MILK,9,0,0.0,0,0
90133550,0,472,19,STRAWBERRY,1,0,0.0,0,0
90133550,1,472,19,STRAWBERRY,1,0,0.0,0,0
90133550,0,474,19,STRAWBERRY,9,0,0.0,0,0
90133550,1,474,19,STRAWBERRY,9,0,0.0,0,0
90133550,0,475,19,MILK,12,0,0.0,0,0
90133550,1,475,19,MILK,12,0,0.0,0,0
90133550,0,477,19,MILK,11,0,0.0,0,0
90133550,1,477,19,MILK,11,0,0.0,0,0
90133550,0,478,19,STRAWBERRY,6,0,0.0,0,0
90133550,1,478,19,STRAWBERRY,6,0,0.0,0,0
90133550,0,480,20,STRAWBERRY,12,12,2611.0,217.583333,0
90133550,1,480,20,STRAWBERRY,12,12,2611.0,217.583333,0
90133550,0,482,20,STRAWBERRY,12,0,0.0,0,0
90133550,1,482,20,STRAWBERRY,12,0,0.0,0,0
90133550,0,483,20,MILK,15,15,146.0,9.733333,7
90133550,1,483,20,MILK,15,15,146.0,9.733333,7
90133550,0,485,20,MILK,15,0,0.0,0,0
90133550,1,485,20,MILK,15,0,0.0,0,0
90133550,0,486,20,STRAWBERRY,20,0,0.0,0,0
90133550,1,486,20,STRAWBERRY,20,0,0.0,0,0
90133550,0,488,20,STRAWBERRY,3,0,0.0,0,0
90133550,1,488,20,STRAWBERRY,3,0,0.0,0,0
90133550,0,489,20,MILK,15,0,0.0,0,0
90133550,1,489,20,MILK,15,0,0.0,0,0
90133550,0,492,20,STRAWBERRY,2,2,435.0,217.5,0
90133550,1,492,20,STRAWBERRY,2,2,435.0,217.5,0
90133550,0,493,20,STRAWBERRY,2,0,0.0,0,0
90133550,1,493,20,STRAWBERRY,2,0,0.0,0,0
90133550,0,494,20,STRAWBERRY,4,0,0.0,0,0
90133550,1,494,20,STRAWBERRY,4,0,0.0,0,0
90133550,0,497,20,STRAWBERRY,2,0,0.0,0,0
90133550,1,497,20,STRAWBERRY,2,0,0.0,0,0
90133550,0,498,20,STRAWBERRY,7,0,0.0,0,0
90133550,1,498,20,STRAWBERRY,7,0,0.0,0,0
90133550,0,499,20,STRAWBERRY,4,0,0.0,0,0
90133550,1,499,20,STRAWBERRY,4,0,0.0,0,0
90133550,0,501,20,STRAWBERRY,2,0,0.0,0,0
90133550,1,501,20,STRAWBERRY,2,0,0.0,0,0
90133550,0,504,21,MELON,2,2,426.0,213.0,0
90133550,1,504,21,MELON,2,2,426.0,213.0,0
90133550,0,504,21,STRAWBERRY,14,14,2940.0,210.0,0
90133550,1,504,21,STRAWBERRY,14,14,2940.0,210.0,0
90133550,0,505,21,STRAWBERRY,18,0,0.0,0,0
90133550,1,505,21,STRAWBERRY,18,0,0.0,0,0
90133550,0,506,21,MELON,2,0,0.0,0,0
90133550,1,506,21,MELON,2,0,0.0,0,0
90133550,0,510,21,MELON,2,0,0.0,0,0
90133550,1,510,21,MELON,2,0,0.0,0,0
90133550,0,519,21,MILK,2,2,98.0,49.0,0
90133550,1,519,21,MILK,2,2,98.0,49.0,0
90133550,0,520,21,MILK,2,2,80.0,40.0,0
90133550,1,520,21,MILK,2,2,80.0,40.0,0
90133550,0,521,21,MILK,2,2,72.0,36.0,0
90133550,1,521,21,MILK,2,2,72.0,36.0,0
90133550,0,523,21,MILK,2,2,56.0,28.0,0
90133550,1,523,21,MILK,2,2,56.0,28.0,0
90133550,0,524,21,MILK,1,1,22.0,22.0,0
90133550,1,524,21,MILK,1,1,22.0,22.0,0
90133550,0,525,21,MILK,2,0,0.0,0,0
90133550,1,525,21,MILK,2,0,0.0,0,0
90133550,0,526,21,STRAWBERRY,3,0,0.0,0,0
90133550,1,526,21,STRAWBERRY,3,0,0.0,0,0
90133550,0,527,21,MELON,10,0,0.0,0,0
90133550,1,527,21,MELON,10,0,0.0,0,0
90133550,0,527,21,STRAWBERRY,2,0,0.0,0,0
90133550,1,527,21,STRAWBERRY,2,0,0.0,0,0
90133550,0,528,22,STRAWBERRY,14,14,2940.0,210.0,0
90133550,1,528,22,STRAWBERRY,14,14,2940.0,210.0,0
90133550,0,531,22,STRAWBERRY,14,0,0.0,0,0
90133550,1,531,22,STRAWBERRY,14,0,0.0,0,0
90133550,0,535,22,MILK,12,12,127.0,10.583333,5
90133550,1,535,22,MILK,12,12,127.0,10.583333,5
90133550,0,536,22,WOOL,24,24,5813.0,242.208333,0
90133550,1,536,22,WOOL,24,24,5813.0,242.208333,0
90133550,0,537,22,MILK,19,0,0.0,0,0
90133550,1,537,22,MILK,19,0,0.0,0,0
90133550,0,538,22,WOOL,24,0,0.0,0,0
90133550,1,538,22,WOOL,24,0,0.0,0,0
90133550,0,541,22,MILK,24,0,0.0,0,0
90133550,1,541,22,MILK,24,0,0.0,0,0
90133550,0,542,22,WOOL,44,0,0.0,0,0
90133550,1,542,22,WOOL,44,0,0.0,0,0
90133550,0,543,22,STRAWBERRY,2,0,0.0,0,0
90133550,1,543,22,STRAWBERRY,2,0,0.0,0,0
90133550,0,547,22,STRAWBERRY,6,2,429.0,214.5,0
90133550,1,547,22,STRAWBERRY,6,2,429.0,214.5,0
90133550,0,548,22,STRAWBERRY,6,0,0.0,0,0
90133550,1,548,22,STRAWBERRY,6,0,0.0,0,0
90133550,0,549,22,WOOL,2,0,0.0,0,0
90133550,1,549,22,WOOL,2,0,0.0,0,0
90133550,0,550,22,WOOL,12,0,0.0,0,0
90133550,1,550,22,WOOL,12,0,0.0,0,0
90133550,0,551,22,STRAWBERRY,2,0,0.0,0,0
90133550,1,551,22,STRAWBERRY,2,0,0.0,0,0
90133550,0,552,23,WOOL,8,0,0.0,0,0
90133550,1,552,23,WOOL,8,0,0.0,0,0
90133550,0,560,23,STRAWBERRY,13,13,2672.0,205.538462,0
90133550,1,560,23,STRAWBERRY,13,13,2672.0,205.538462,0
90133550,0,561,23,MELON,6,6,1276.0,212.666667,0
90133550,1,561,23,MELON,6,6,1276.0,212.666667,0
90133550,0,562,23,STRAWBERRY,13,0,0.0,0,0
90133550,1,562,23,STRAWBERRY,13,0,0.0,0,0
90133550,0,562,23,MILK,4,4,161.0,40.25,0
90133550,1,562,23,MILK,4,4,161.0,40.25,0
90133550,0,563,23,MELON,6,0,0.0,0,0
90133550,1,563,23,MELON,6,0,0.0,0,0
90133550,0,564,23,MILK,4,4,95.0,23.75,0
90133550,1,564,23,MILK,4,4,95.0,23.75,0
90133550,0,565,23,MILK,1,1,26.0,26.0,0
90133550,1,565,23,MILK,1,1,26.0,26.0,0
90133550,0,566,23,STRAWBERRY,14,0,0.0,0,0
90133550,1,566,23,STRAWBERRY,14,0,0.0,0,0
90133550,0,566,23,MILK,4,0,0.0,0,0
90133550,1,566,23,MILK,4,0,0.0,0,0
90133550,0,566,23,WOOL,3,0,0.0,0,0
90133550,1,566,23,WOOL,3,0,0.0,0,0
90133550,0,567,23,MELON,9,0,0.0,0,0
90133550,1,567,23,MELON,9,0,0.0,0,0
90133550,0,569,23,STRAWBERRY,4,2,409.0,204.5,0
90133550,1,569,23,STRAWBERRY,4,2,409.0,204.5,0
90133550,0,569,23,MILK,1,0,0.0,0,0
90133550,1,569,23,MILK,1,0,0.0,0,0
90133550,0,571,23,MILK,2,2,39.0,19.5,0
90133550,1,571,23,MILK,2,2,39.0,19.5,0
90133550,0,573,23,STRAWBERRY,6,0,0.0,0,0
90133550,1,573,23,STRAWBERRY,6,0,0.0,0,0
90133550,0,573,23,MILK,12,0,0.0,0,0
90133550,1,573,23,MILK,12,0,0.0,0,0
90133550,0,576,24,MELON,6,6,1213.0,202.166667,0
90133550,1,576,24,MELON,6,6,1213.0,202.166667,0
90133550,0,576,24,STRAWBERRY,29,29,5378.0,185.448276,0
90133550,1,576,24,STRAWBERRY,29,29,5378.0,185.448276,0
90133550,0,578,24,MELON,8,0,0.0,0,0
90133550,1,578,24,MELON,8,0,0.0,0,0
90133550,0,578,24,STRAWBERRY,35,0,0.0,0,0
90133550,1,578,24,STRAWBERRY,35,0,0.0,0,0
90133550,0,582,24,MELON,7,0,0.0,0,0
90133550,1,582,24,MELON,7,0,0.0,0,0
90133550,0,589,24,STRAWBERRY,2,2,365.0,182.5,0
90133550,1,589,24,STRAWBERRY,2,2,365.0,182.5,0
90133550,0,594,24,STRAWBERRY,4,0,0.0,0,0
90133550,1,594,24,STRAWBERRY,4,0,0.0,0,0
90133550,0,595,24,STRAWBERRY,4,0,0.0,0,0
90133550,1,595,24,STRAWBERRY,4,0,0.0,0,0
90133550,0,597,24,STRAWBERRY,4,4,720.0,180.0,0
90133550,1,597,24,STRAWBERRY,4,4,720.0,180.0,0
90133550,0,599,24,MELON,6,0,0.0,0,0
90133550,1,599,24,MELON,6,0,0.0,0,0
90133550,0,599,24,STRAWBERRY,4,0,0.0,0,0
90133550,1,599,24,STRAWBERRY,4,0,0.0,0,0
90133550,0,600,25,STRAWBERRY,21,20,3251.0,162.55,0
90133550,1,600,25,STRAWBERRY,21,20,3251.0,162.55,0
90133550,0,606,25,MILK,6,6,494.0,82.333333,0
90133550,1,606,25,MILK,6,6,494.0,82.333333,0
90133550,0,607,25,MILK,15,15,574.0,38.266667,0
90133550,1,607,25,MILK,15,15,574.0,38.266667,0
90133550,0,608,25,MILK,6,0,0.0,0,0
90133550,1,608,25,MILK,6,0,0.0,0,0
90133550,0,609,25,MILK,9,0,0.0,0,0
90133550,1,609,25,MILK,9,0,0.0,0,0
90133550,0,611,25,WOOL,9,9,2192.0,243.555556,0
90133550,1,611,25,WOOL,9,9,2192.0,243.555556,0
90133550,0,612,25,MILK,6,0,0.0,0,0
90133550,1,612,25,MILK,6,0,0.0,0,0
90133550,0,612,25,WOOL,9,9,2183.0,242.555556,0
90133550,1,612,25,WOOL,9,9,2183.0,242.555556,0
90133550,0,613,25,MILK,9,0,0.0,0,0
90133550,1,613,25,MILK,9,0,0.0,0,0
90133550,0,613,25,WOOL,9,3,726.0,242.0,0
90133550,1,613,25,WOOL,9,3,726.0,242.0,0
90133550,0,617,25,STRAWBERRY,6,0,0.0,0,0
90133550,1,617,25,STRAWBERRY,6,0,0.0,0,0
90133550,0,617,25,MILK,14,0,0.0,0,0
90133550,1,617,25,MILK,14,0,0.0,0,0
90133550,0,617,25,WOOL,9,0,0.0,0,0
90133550,1,617,25,WOOL,9,0,0.0,0,0
90133550,0,619,25,STRAWBERRY,6,0,0.0,0,0
90133550,1,619,25,STRAWBERRY,6,0,0.0,0,0
90133550,0,622,25,MELON,6,0,0.0,0,0
90133550,1,622,25,MELON,6,0,0.0,0,0
90133550,0,625,26,MELON,6,6,1066.0,177.666667,0
90133550,1,625,26,MELON,6,6,1066.0,177.666667,0
90133550,0,625,26,WOOL,1,0,0.0,0,0
90133550,1,625,26,WOOL,1,0,0.0,0,0
90133550,0,627,26,WOOL,2,0,0.0,0,0
90133550,1,627,26,WOOL,2,0,0.0,0,0
90133550,0,631,26,STRAWBERRY,20,20,2711.0,135.55,0
90133550,1,631,26,STRAWBERRY,20,20,2711.0,135.55,0
90133550,0,631,26,WOOL,12,0,0.0,0,0
90133550,1,631,26,WOOL,12,0,0.0,0,0
90133550,0,632,26,MILK,15,15,449.0,29.933333,1
90133550,1,632,26,MILK,15,15,449.0,29.933333,1
90133550,0,633,26,STRAWBERRY,20,0,0.0,0,0
90133550,1,633,26,STRAWBERRY,20,0,0.0,0,0
90133550,0,633,26,MILK,15,0,0.0,0,0
90133550,1,633,26,MILK,15,0,0.0,0,0
90133550,0,637,26,STRAWBERRY,20,0,0.0,0,0
90133550,1,637,26,STRAWBERRY,20,0,0.0,0,0
90133550,0,637,26,MILK,30,0,0.0,0,0
90133550,1,637,26,MILK,30,0,0.0,0,0
90133550,0,649,27,MELON,6,6,1024.0,170.666667,0
90133550,1,649,27,MELON,6,6,1024.0,170.666667,0
90133550,0,655,27,MILK,9,9,345.0,38.333333,0
90133550,1,655,27,MILK,9,9,345.0,38.333333,0
90133550,0,656,27,WOOL,1,1,244.0,244.0,0
90133550,1,656,27,WOOL,1,1,244.0,244.0,0
90133550,0,657,27,STRAWBERRY,2,2,317.0,158.5,0
90133550,1,657,27,STRAWBERRY,2,2,317.0,158.5,0
90133550,0,657,27,MILK,9,0,0.0,0,0
90133550,1,657,27,MILK,9,0,0.0,0,0
90133550,0,657,27,WOOL,1,1,244.0,244.0,0
90133550,1,657,27,WOOL,1,1,244.0,244.0,0
90133550,0,659,27,STRAWBERRY,2,2,310.0,155.0,0
90133550,1,659,27,STRAWBERRY,2,2,310.0,155.0,0
90133550,0,660,27,WOOL,1,1,244.0,244.0,0
90133550,1,660,27,WOOL,1,1,244.0,244.0,0
90133550,0,661,27,STRAWBERRY,2,2,317.0,158.5,0
90133550,1,661,27,STRAWBERRY,2,2,317.0,158.5,0
90133550,0,661,27,MILK,10,0,0.0,0,0
90133550,1,661,27,MILK,10,0,0.0,0,0
90133550,0,661,27,WOOL,1,1,244.0,244.0,0
90133550,1,661,27,WOOL,1,1,244.0,244.0,0
90133550,0,662,27,STRAWBERRY,8,8,1179.0,147.375,0
90133550,1,662,27,STRAWBERRY,8,8,1179.0,147.375,0
90133550,0,663,27,STRAWBERRY,9,9,984.0,109.333333,0
90133550,1,663,27,STRAWBERRY,9,9,984.0,109.333333,0
90133550,0,664,27,STRAWBERRY,8,0,0.0,0,0
90133550,1,664,27,STRAWBERRY,8,0,0.0,0,0
90133550,0,665,27,STRAWBERRY,4,0,0.0,0,0
90133550,1,665,27,STRAWBERRY,4,0,0.0,0,0
90133550,0,667,27,MILK,4,0,0.0,0,0
90133550,1,667,27,MILK,4,0,0.0,0,0
90133550,0,668,27,STRAWBERRY,8,0,0.0,0,0
90133550,1,668,27,STRAWBERRY,8,0,0.0,0,0
90133550,0,669,27,STRAWBERRY,4,0,0.0,0,0
90133550,1,669,27,STRAWBERRY,4,0,0.0,0,0
90133550,0,670,27,MILK,15,0,0.0,0,0
90133550,1,670,27,MILK,15,0,0.0,0,0
90133550,0,673,28,MILK,12,12,510.0,42.5,0
90133550,1,673,28,MILK,12,12,510.0,42.5,0
90133550,0,674,28,MILK,8,3,33.0,11.0,0
90133550,1,674,28,MILK,8,3,33.0,11.0,0
90133550,0,678,28,MILK,8,0,0.0,0,0
90133550,1,678,28,MILK,8,0,0.0,0,0
90133550,0,679,28,STRAWBERRY,3,3,389.0,129.666667,0
90133550,1,679,28,STRAWBERRY,3,3,389.0,129.666667,0
90133550,0,681,28,STRAWBERRY,3,3,368.0,122.666667,0
90133550,1,681,28,STRAWBERRY,3,3,368.0,122.666667,0
90133550,0,682,28,STRAWBERRY,12,9,872.0,96.888889,0
90133550,1,682,28,STRAWBERRY,12,9,872.0,96.888889,0
90133550,0,685,28,STRAWBERRY,3,0,0.0,0,0
90133550,1,685,28,STRAWBERRY,3,0,0.0,0,0
90133550,0,685,28,MILK,9,0,0.0,0,0
90133550,1,685,28,MILK,9,0,0.0,0,0
90133550,0,686,28,STRAWBERRY,23,0,0.0,0,0
90133550,1,686,28,STRAWBERRY,23,0,0.0,0,0
90133550,0,686,28,MILK,13,0,0.0,0,0
90133550,1,686,28,MILK,13,0,0.0,0,0
90133550,0,688,28,STRAWBERRY,3,0,0.0,0,0
90133550,1,688,28,STRAWBERRY,3,0,0.0,0,0
90133550,0,689,28,STRAWBERRY,6,0,0.0,0,0
90133550,1,689,28,STRAWBERRY,6,0,0.0,0,0
90133550,0,690,28,STRAWBERRY,14,0,0.0,0,0
90133550,1,690,28,STRAWBERRY,14,0,0.0,0,0
90133550,0,697,29,MELON,12,12,2001.0,166.75,0
90133550,1,697,29,MELON,12,12,2001.0,166.75,0
90133550,0,697,29,STRAWBERRY,13,13,1318.0,101.384615,0
90133550,1,697,29,STRAWBERRY,13,13,1318.0,101.384615,0
90133550,0,697,29,MILK,9,9,364.0,40.444444,0
90133550,1,697,29,MILK,9,9,364.0,40.444444,0
90133550,0,697,29,WOOL,20,20,4886.0,244.3,0
90133550,1,697,29,WOOL,20,20,4886.0,244.3,0
90133550,0,698,29,MILK,9,0,0.0,0,0
90133550,1,698,29,MILK,9,0,0.0,0,0
90133550,0,699,29,WOOL,22,0,0.0,0,0
90133550,1,699,29,WOOL,22,0,0.0,0,0
90133550,0,702,29,MILK,11,0,0.0,0,0
90133550,1,702,29,MILK,11,0,0.0,0,0
90133550,0,703,29,MILK,3,0,0.0,0,0
90133550,1,703,29,MILK,3,0,0.0,0,0
90133550,0,703,29,WOOL,24,0,0.0,0,0
90133550,1,703,29,WOOL,24,0,0.0,0,0
90133550,0,707,29,MELON,1,0,0.0,0,0
90133550,1,707,29,MELON,1,0,0.0,0,0
90133550,0,709,29,MELON,8,0,0.0,0,0
90133550,1,709,29,MELON,8,0,0.0,0,0
90133550,0,709,29,WOOL,12,0,0.0,0,0
90133550,1,709,29,WOOL,12,0,0.0,0,0
90133550,0,710,29,MELON,3,0,0.0,0,0
90133550,1,710,29,MELON,3,0,0.0,0,0
90133550,0,710,29,MILK,9,0,0.0,0,0
90133550,1,710,29,MILK,9,0,0.0,0,0
90133550,0,711,29,MELON,1,0,0.0,0,0
90133550,1,711,29,MELON,1,0,0.0,0,0
90133550,0,712,29,MILK,12,0,0.0,0,0
90133550,1,712,29,MILK,12,0,0.0,0,0
90133550,0,712,29,WOOL,20,0,0.0,0,0
90133550,1,712,29,WOOL,20,0,0.0,0,0
90133550,0,713,29,MELON,8,0,0.0,0,0
90133550,1,713,29,MELON,8,0,0.0,0,0
90133550,0,713,29,STRAWBERRY,6,0,0.0,0,0
90133550,1,713,29,STRAWBERRY,6,0,0.0,0,0
90133550,0,713,29,MILK,3,0,0.0,0,0
90133550,1,713,29,MILK,3,0,0.0,0,0
90133550,0,714,29,MELON,3,0,0.0,0,0
90133550,1,714,29,MELON,3,0,0.0,0,0
90133550,0,715,29,MILK,3,0,0.0,0,0
90133550,1,715,29,MILK,3,0,0.0,0,0
90133550,0,715,29,WOOL,12,0,0.0,0,0
90133550,1,715,29,WOOL,12,0,0.0,0,0
90133550,0,716,29,STRAWBERRY,3,0,0.0,0,0
90133550,1,716,29,STRAWBERRY,3,0,0.0,0,0
90133550,0,716,29,MILK,3,0,0.0,0,0
90133550,1,716,29,MILK,3,0,0.0,0,0
